股票代號,股票名稱,日期,收盤價,漲跌(元),漲跌幅(%),成交量（股）,成交金額（元）,MACD狀態,出量,站上60日均,5日均價,10日均價,20日均價,60日均價,5日均斜率(%),10日均斜率(%),20日均斜率(%)
00411A,主動統一前沿科技,2026-09-01,9.69,0.08,0.83,12116851000,0,,是,,9.72,9.65,,,1.4399,-1.1672,
006201,元大富櫃50,2026-09-01,45.53,1.21,2.73,255050000,0,紅增,否,,43.3,43.1,42.15,,0.9371,4.3027,-2.2982
00679B,元大美債20年,2026-09-01,25.59,-0.27,-1.04,20826466000,0,綠增,否,,25.9,26.2,26.5,,-2.2492,-1.5778,-0.9735
00687B,國泰20年美債,2026-09-01,26.92,-0.29,-1.07,15585676000,0,綠增,否,,27.19,27.38,27.62,,-1.3783,-1.1445,-0.7634
00687C,國泰20年美債+櫃U,2026-09-01,9.06,-0.1,-1.09,26000000,0,綠增,否,,9.1,9.11,9.15,,-0.1536,-0.2956,-0.6302
00694B,富邦美債1-3,2026-09-01,41.58,-0.05,-0.12,82339000,0,綠增,否,,41.87,42.11,42.26,,-1.0959,-0.6254,-0.2349
00695B,富邦美債7-10,2026-09-01,34.48,-0.2,-0.58,138105000,0,綠增,否,,34.83,35.08,35.27,,-1.4153,-0.7723,-0.547
00696B,富邦美債20年,2026-09-01,27.87,-0.29,-1.03,1873215000,0,綠增,是,,28.15,28.35,28.65,,-1.4151,-1.1817,-1.0449
00697B,元大美債7-10,2026-09-01,35.04,-0.17,-0.48,713850000,0,綠增,否,,35.4,35.64,35.79,,-1.3654,-0.738,-0.305
00719B,元大美債1-3,2026-09-01,30.95,-0.04,-0.13,2265575000,0,綠增,否,,31.16,31.32,31.41,,-0.9724,-0.4704,-0.189
00720B,元大投資級公司債,2026-09-01,31.73,-0.23,-0.72,3195337000,0,綠縮,否,,31.87,32.11,32.46,,-1.4775,-0.9622,-1.267
00722B,群益投資級電信債,2026-09-01,34.06,-0.29,-0.84,3085194000,0,綠縮,否,,34.24,34.46,34.84,,-1.2574,-1.0425,-1.391
00723B,群益投資級科技債,2026-09-01,29.18,-0.27,-0.92,150000000,0,綠縮,否,,29.34,29.61,29.84,,-1.8403,-0.7907,-1.4155
00724B,群益投資級金融債,2026-09-01,32.6,-0.21,-0.64,3632037000,0,綠增,否,,32.86,33.13,33.39,,-1.6344,-0.9506,-1.058
00725B,國泰投資級公司債,2026-09-01,33.8,-0.21,-0.62,3219262000,0,綠縮,是,,33.96,34.23,34.52,,-1.5651,-0.9032,-1.2008
00726B,國泰新興投等債,2026-09-01,32.1,-0.08,-0.25,224280000,0,綠增,否,,32.31,32.46,32.85,,-0.8895,-1.1963,-0.8137
00727B,國泰優選非投等債,2026-09-01,39.12,-0.04,-0.1,138632000,0,綠增,否,,39.33,39.54,39.68,,-1.0467,-0.4307,-0.519
00734B,台新JPM新興債,2026-09-01,15.37,-0.08,-0.52,1000000,0,綠縮,否,,15.45,15.56,15.75,,-1.4923,-1.3126,-0.9685
00740B,富邦全球投等債,2026-09-01,37.16,-0.25,-0.67,1427604000,0,綠增,是,,37.34,37.71,38.02,,-1.9485,-1.047,-1.0668
00741B,富邦全球非投等債,2026-09-01,37.07,-0.04,-0.11,120166000,0,綠增,否,,37.25,37.56,37.71,,-1.6374,-0.8998,-0.2737
00746B,富邦A級公司債,2026-09-01,34.24,-0.23,-0.67,812028000,0,綠增,是,,34.5,34.78,35.06,,-1.5973,-0.9512,-1.0499
00749B,凱基新興債10+,2026-09-01,30.66,-0.21,-0.68,103000000,0,綠增,否,,30.82,31.05,31.35,,-1.4515,-0.9759,-1.0933
00750B,凱基科技債10+,2026-09-01,31.56,-0.19,-0.6,100000000,0,綠縮,否,,31.66,31.95,32.26,,-1.7808,-0.9949,-1.3804
00751B,元大AAA至A公司債,2026-09-01,30.23,-0.27,-0.89,4362687000,0,綠增,否,,30.41,30.66,30.93,,-1.6175,-1.068,-1.0223
00754B,群益AAA-AA公司債,2026-09-01,31.2,-0.27,-0.86,156072000,0,綠縮,否,,31.37,31.93,32.39,,-3.4408,-1.9498,-1.637
00755B,群益投資級公用債,2026-09-01,31.34,-0.34,-1.07,111491000,0,綠增,否,,31.6,32.09,32.49,,-2.9901,-1.8116,-1.2223
00756B,群益投等新興公債,2026-09-01,30.21,-0.25,-0.82,208724000,0,綠增,否,,30.43,30.93,31.29,,-3.1632,-1.7255,-1.2357
00758B,復華能源債,2026-09-01,49.82,-0.28,-0.56,100020000,0,綠縮,否,,50.05,50.69,51.2,,-2.5015,-1.4906,-0.969
00759B,復華製藥債,2026-09-01,52.35,-0.5,-0.95,102433000,0,綠增,否,,52.75,53.42,54.05,,-2.4774,-1.5753,-1.1612
00760B,復華新興企業債,2026-09-01,52.05,-0.3,-0.57,108945000,0,綠增,否,,52.44,53.08,53.58,,-2.3646,-1.3384,-0.9383
00761B,國泰A級公司債,2026-09-01,32.82,-0.28,-0.85,351541000,0,綠增,是,,33.05,33.57,33.96,,-3.0507,-1.7243,-1.2505
00764B,群益25年美債,2026-09-01,26.81,-0.29,-1.07,3533870000,0,綠增,否,,27.08,27.28,27.54,,-1.4845,-1.2203,-0.7906
00768B,復華20年美債,2026-09-01,47.76,-0.42,-0.87,2852602000,0,綠增,是,,48.14,48.89,49.56,,-3.0296,-1.9984,-1.2109
00772B,中信高評級公司債,2026-09-01,32.27,-0.26,-0.8,1863039000,0,綠增,否,,32.5,32.83,33.13,,-2.014,-1.2066,-1.0512
00773B,中信優先金融債,2026-09-01,34.62,-0.22,-0.63,1868265000,0,綠增,是,,34.91,35.28,35.55,,-2.0649,-1.1766,-0.9389
00777B,凱基AAA至A公司債,2026-09-01,31.08,-0.1,-0.32,100213000,0,綠縮,否,,31.25,31.55,31.89,,-1.8466,-1.2675,-1.2494
00778B,凱基金融債20+,2026-09-01,33.06,-0.31,-0.93,100415000,0,綠增,否,,33.3,33.68,33.98,,-2.2081,-1.3098,-1.132
00779B,凱基美債25+,2026-09-01,27.13,-0.27,-0.99,301470000,0,綠增,否,,27.38,27.59,27.85,,-1.4611,-1.1928,-0.8261
00780B,國泰A級金融債,2026-09-01,36.23,-0.15,-0.41,121049000,0,綠增,否,,36.53,37.06,37.34,,-2.8044,-1.4546,-0.7614
00781B,國泰A級科技債,2026-09-01,26.98,-0.22,-0.81,164221000,0,綠增,否,,27.17,27.39,27.64,,-1.5651,-1.0478,-1.0931
00782B,國泰A級公用債,2026-09-01,29.22,-0.25,-0.85,199710000,0,綠增,否,,29.43,29.66,29.99,,-1.5259,-1.1697,-1.2691
00785B,富邦金融投等債,2026-09-01,33.77,-0.23,-0.68,53129000,0,綠增,否,,34.06,34.37,34.63,,-1.7765,-1.0025,-1.0571
00786B,元大10年IG銀行債,2026-09-01,31.53,-0.27,-0.85,74358000,0,綠增,是,,31.9,32.31,32.58,,-2.518,-1.3735,-0.9712
00787B,元大10年IG醫療債,2026-09-01,31.62,-0.17,-0.53,4901000,0,綠增,否,,31.78,32.02,32.27,,-1.5307,-0.9618,-0.8358
00788B,元大10年IG電能債,2026-09-01,28.95,-0.21,-0.72,8086000,0,綠增,否,,29.13,29.38,29.71,,-1.6673,-1.1506,-1.1742
00789B,復華公司債A3,2026-09-01,45.87,-0.35,-0.76,112031000,0,綠縮,否,,46.07,46.45,47.04,,-1.6228,-1.1344,-1.4487
00791B,復華信用債1-5,2026-09-01,56.6,-0.05,-0.09,105000000,0,綠增,否,,56.93,57.15,57.42,,-0.7842,-0.5395,-0.2735
00792B,群益A級公司債,2026-09-01,30.6,-0.23,-0.75,172338000,0,綠增,否,,30.8,31.04,31.3,,-1.5534,-1.0045,-0.882
00793B,群益AAA-A醫療債,2026-09-01,29.53,-0.29,-0.97,90607000,0,綠增,否,,29.81,30.07,30.36,,-1.6948,-1.2155,-0.9993
00795B,中信美國公債20年,2026-09-01,25.7,-0.26,-1.0,5282310000,0,綠增,否,,25.95,26.31,26.64,,-2.7074,-1.8286,-1.1026
00799B,國泰A級醫療債,2026-09-01,28.36,-0.23,-0.8,223328000,0,綠增,否,,28.53,28.97,29.31,,-2.9654,-1.76,-1.2433
00834B,第一金金融債10+,2026-09-01,33.02,-0.18,-0.54,109089000,0,綠增,否,,33.24,33.44,33.78,,-1.1595,-0.9538,-0.9936
00836B,永豐10年A公司債,2026-09-01,27.72,-0.25,-0.89,17090000,0,綠增,否,,27.91,28.13,28.4,,-1.5172,-1.177,-1.0506
00840B,凱基IG精選15+,2026-09-01,28.58,-0.19,-0.66,100000000,0,綠縮,否,,28.76,29.07,29.39,,-2.0903,-1.3541,-1.2898
00841B,凱基AAA-AA公司債,2026-09-01,27.26,-0.15,-0.55,100036000,0,綠縮,否,,27.4,27.82,28.21,,-2.9191,-1.8386,-1.5274
00842B,台新美元銀行債,2026-09-01,29.18,-0.17,-0.58,180472000,0,綠增,否,,29.36,29.61,29.9,,-1.6744,-1.0889,-1.5656
00844B,台新15年IG金融債,2026-09-01,30.25,-0.33,-1.08,120000000,0,綠增,否,,30.49,30.97,31.33,,-3.0648,-1.8351,-1.2732
00845B,富邦新興投等債,2026-09-01,32.4,-0.12,-0.37,104000000,0,綠增,否,,32.65,33.05,33.36,,-2.3801,-1.467,-0.7747
00846B,富邦歐洲銀行債,2026-09-01,34.97,-0.13,-0.37,101286000,0,綠增,否,,35.29,35.79,36.08,,-2.777,-1.4971,-0.7742
00847B,中信美國市政債,2026-09-01,24.42,-0.24,-0.97,203250000,0,綠增,否,,24.66,25.0,25.34,,-2.6216,-1.7646,-1.1201
00848B,中信新興亞洲債,2026-09-01,33.23,-0.18,-0.54,205001000,0,綠增,否,,33.49,33.66,33.97,,-1.0226,-0.8979,-0.8392
00849B,中信EM主權債0-5,2026-09-01,37.13,-0.03,-0.08,205109000,0,綠增,否,,37.34,37.56,37.72,,-1.1384,-0.677,-0.3026
00853B,統一美債10年Aa-A,2026-09-01,26.6,-0.21,-0.78,1034960000,0,綠增,否,,26.76,26.98,27.22,,-1.5957,-1.0525,-0.9822
00856B,永豐1-3年美公債,2026-09-01,37.26,0.0,0.0,2024000,0,綠增,否,,37.76,37.95,38.0,,-1.0014,-0.5633,0.0197
00857B,永豐20年美公債,2026-09-01,22.35,-0.23,-1.02,894770000,0,綠增,否,,22.57,22.74,22.96,,-1.4927,-1.2206,-0.7823
00858,永豐美國500大,2026-09-01,35.7,-0.06,-0.17,262233000,0,綠增,否,,35.81,36.09,36.25,,-1.5072,-0.246,-0.5746
00859B,群益0-1年美債,2026-09-01,40.92,-0.03,-0.07,3241468000,0,綠增,否,,41.11,41.33,41.43,,-1.0591,-0.6252,-0.0193
00860B,群益1-5Y投資級債,2026-09-01,37.72,-0.02,-0.05,106117000,0,綠增,否,,37.98,38.41,38.61,,-2.1889,-1.1606,-0.324
00862B,中信投資級公司債,2026-09-01,30.54,-0.3,-0.97,262800000,0,綠縮,否,,30.69,30.92,31.17,,-1.5275,-0.9703,-0.9422
00863B,中信全球電信債,2026-09-01,30.65,-0.21,-0.68,257101000,0,綠增,否,,30.82,31.08,31.36,,-1.7033,-1.0946,-1.01
00864B,中信美國公債0-1,2026-09-01,45.83,0.0,0.0,856262000,0,綠增,否,,46.04,46.57,46.84,,-2.2503,-1.2447,-0.3001
00867B,台新A-BBB電信債,2026-09-01,29.23,-0.24,-0.81,1086000,0,綠縮,否,,29.39,29.86,30.38,,-3.1378,-2.2647,-1.8054
00870B,元大15年EM主權債,2026-09-01,27.23,-0.29,-1.05,6000000,0,綠增,否,,27.46,27.66,28.02,,-1.4145,-1.0235,-1.3641
00877,復華中國5G,2026-09-01,37.25,-0.12,-0.32,2174273000,0,紅增,否,,37.12,37.02,37.84,,0.5145,0.6552,-3.9944
00884B,中信低碳新興債,2026-09-01,28.52,-0.25,-0.87,200519000,0,綠增,否,,28.73,28.93,29.21,,-1.4072,-0.9178,-1.1554
00886,永豐美國科技,2026-09-01,47.2,-0.13,-0.27,6151000,0,紅增,否,,46.94,46.47,45.95,,2.0433,2.2665,0.9767
00887,永豐中國科技50大,2026-09-01,16.13,-0.05,-0.31,3641127000,0,綠縮,否,,16.24,16.6,16.97,,-4.314,-2.1282,-4.2444
00888,永豐台灣ESG,2026-09-01,34.08,0.51,1.52,10165845000,0,紅增,是,,32.72,32.55,33.17,,1.0376,0.5064,-3.2112
00890B,凱基ESG BBB債15+,2026-09-01,31.04,-0.17,-0.54,101192000,0,綠縮,否,,31.16,31.46,31.74,,-1.9388,-1.0473,-1.1877
00928,中信上櫃ESG 30,2026-09-01,33.72,0.58,1.75,839521000,0,紅增,否,,32.1,31.74,30.91,,2.2882,5.7547,-4.0858
00931B,統一美債20年,2026-09-01,12.94,-0.14,-1.07,1742172000,0,綠增,否,,13.07,13.16,13.3,,-1.4482,-1.1936,-1.0379
00933B,國泰10Y+金融債,2026-09-01,15.5,-0.09,-0.58,13494047000,0,綠增,是,,15.63,15.79,15.9,,-2.018,-1.0834,-0.8882
00937B,群益ESG投等債20+,2026-09-01,14.25,-0.11,-0.77,50614827000,0,綠縮,否,,14.31,14.47,14.59,,-2.0796,-1.121,-1.1616
00942B,台新美A公司債20+,2026-09-01,13.68,-0.11,-0.8,744376000,0,綠增,否,,13.76,13.9,14.04,,-2.0219,-1.257,-1.1653
00948B,中信優息投資級債,2026-09-01,9.1,-0.06,-0.66,2798350000,0,綠縮,否,,9.14,9.23,9.31,,-1.9103,-1.1355,-1.1096
00950B,凱基A級公司債,2026-09-01,13.58,-0.11,-0.8,2657923000,0,綠增,否,,13.69,13.81,13.94,,-1.709,-1.2445,-0.8712
00955,中信日本商社,2026-09-01,15.93,0.37,2.38,8748745000,0,紅增,是,,15.53,15.52,15.08,,0.1418,2.0579,2.0604
00957B,兆豐US優選投等債,2026-09-01,12.9,-0.1,-0.77,76877000,0,綠縮,否,,12.96,13.1,13.23,,-2.0846,-1.2288,-1.2059
00958B,永豐ESG銀行債15+,2026-09-01,8.97,-0.05,-0.55,744535000,0,綠增,否,,9.07,9.15,9.23,,-1.7335,-1.1452,-0.9019
00959B,大華投等美債15Y+,2026-09-01,9.09,-0.04,-0.44,1680059000,0,綠增,否,,9.14,9.2,9.28,,-1.4455,-1.0749,-0.8651
00966B,統一ESG投等債15+,2026-09-01,13.36,,,401583000,0,綠增,否,,13.49,13.59,13.73,,-1.5908,-1.2135,-1.0306
00967B,元大優息美債,2026-09-01,8.85,-0.06,-0.67,823300000,0,綠增,是,,8.94,9.01,9.09,,-1.5856,-1.0542,-0.6886
00968B,元大優息投等債,2026-09-01,8.94,-0.06,-0.67,1795047000,0,綠增,是,,8.99,9.07,9.15,,-1.8345,-1.0037,-0.9852
00969B,元大零息超長美債,2026-09-01,7.9,-0.14,-1.74,1057746000,0,綠增,是,,7.98,8.04,8.18,,-1.6765,-1.8426,-1.3515
00970B,台新BBB投等債20+,2026-09-01,9.01,-0.06,-0.66,900154000,0,綠縮,否,,9.04,9.14,9.23,,-2.1847,-1.1885,-1.1836
009806,台新標普500,2026-09-01,13.55,-0.01,-0.07,14918000,0,綠增,否,,13.6,13.71,13.57,,-1.6778,0.7717,0.3549
009807,台新標普科技精選,2026-09-01,16.8,0.07,0.42,25669000,0,綠縮,否,,16.68,16.88,16.65,,-2.3188,1.1687,0.1022
00980B,台新特選IG債10+,2026-09-01,9.13,-0.07,-0.76,637503000,0,綠增,是,,9.18,9.27,9.35,,-1.9444,-1.0885,-1.1005
00980D,主動聯博投等入息,2026-09-01,20.04,-0.04,-0.2,455281000,0,綠增,否,,20.13,20.29,20.38,,-1.5555,-0.7389,-0.5539
00980T,平衡凱基美國TOP,2026-09-01,11.73,-0.04,-0.34,336752000,0,綠增,否,,11.72,11.85,11.74,,-2.0718,0.7142,0.6604
009814,富邦標普500,2026-09-01,11.33,-0.03,-0.26,650108000,0,綠增,否,,11.37,11.45,11.32,,-1.3706,0.9523,0.4302
009815,大華美國MAG7+,2026-09-01,11.42,-0.04,-0.35,1435490000,0,紅縮,否,,11.38,11.5,11.35,,-2.1504,1.3751,0.3715
00981B,第一金優選非投債,2026-09-01,9.14,-0.01,-0.11,9331784000,0,綠增,否,,9.17,9.25,9.28,,-1.6731,-0.5486,-0.3866
00981D,主動中信非投等債,2026-09-01,10.28,0.01,0.1,2434856000,0,綠增,否,,10.33,10.41,10.45,,-1.5628,-0.6583,-0.3625
009822,華南永昌未來金融,2026-09-01,9.55,-0.03,-0.31,85104000,0,紅轉綠,否,,9.65,9.65,9.67,,0.0622,-0.5974,-0.3964
009823,群益S&P500,2026-09-01,10.4,-0.04,-0.38,3258248000,0,綠增,否,,10.45,10.52,10.42,,-1.4342,0.8048,0.3177
009825,聯邦美國金融創新,2026-09-01,10.02,-0.03,-0.3,283720000,0,紅縮,否,,10.1,10.09,9.95,,0.1388,1.0009,0.7693
00982B,FT投資級債20+,2026-09-01,9.44,-0.02,-0.21,166810000,0,綠縮,是,,9.47,9.55,9.66,,-1.6812,-1.1995,-1.1767
00983B,大華優利美公債20,2026-09-01,15.03,-0.16,-1.05,56934000,0,綠增,否,,15.19,15.31,15.48,,-1.5686,-1.4042,-0.8805
00984B,大華優利美A債15,2026-09-01,15.74,-0.15,-0.94,1129417000,0,綠增,否,,15.83,15.96,16.1,,-1.5176,-1.14,-0.9078
00985D,主動貝萊德優投等,2026-09-01,9.78,-0.07,-0.71,1418255000,0,綠縮,否,,9.83,9.94,10.03,,-2.1705,-1.2818,-1.065
00986B,FT金融債10+,2026-09-01,9.56,,,504378000,0,綠增,否,,9.7,9.74,9.82,,-0.7776,-0.9059,-0.7877
00986D,主動復華金融債息,2026-09-01,14.31,-0.07,-0.49,237289000,0,綠增,否,,14.43,14.56,14.68,,-1.7964,-1.0665,-0.7406
00987B,野村10+澳洲公債,2026-09-01,15.8,-0.08,-0.5,449592000,0,綠增,否,,15.97,16.09,16.07,,-1.5174,-0.2789,0.081
00987D,主動統一美債量化,2026-09-01,9.92,-0.11,-1.1,3946794000,0,,是,,10.03,10.03,,,-0.0472,0.2062,
00988B,玉山嚴選非投債,2026-09-01,19.48,-0.03,-0.15,1424421000,0,綠增,否,,19.59,19.78,19.87,,-1.9127,-0.7874,-0.4733
00989B,台新美國非投等債,2026-09-01,10.02,0.0,0.0,4638676000,0,綠增,否,,10.07,10.17,10.21,,-1.9657,-0.7511,-0.4439
00990B,國泰收益非投等債,2026-09-01,9.93,-0.02,-0.2,806772000,0,綠增,否,,9.98,10.03,10.05,,-1.0708,-0.5058,-0.1689
00998A,主動復華金融股息,2026-09-01,17.83,-0.01,-0.06,4229939000,0,綠增,是,,17.82,17.91,17.61,,-1.022,1.2149,1.0444
020025,統一亞洲半導體N,2026-09-01,37.82,0.61,1.64,45000000,0,紅增,否,,37.73,37.4,37.06,,1.7586,3.0301,-2.4068
020033,統一恒生科期N,2026-09-01,3.64,0.01,0.28,32000000,0,綠增,否,,3.69,3.77,3.77,,-4.0583,-1.4652,0.7761
020041,兆豐半導體氣候N,2026-09-01,20.72,1.35,6.97,10000000,0,紅增,否,,18.39,18.27,17.56,,1.3668,5.5405,-0.9338
1240,茂生農經,2026-09-01,58.0,0.9,1.58,49984000,0,紅增,是,,57.22,56.44,55.75,,2.8027,2.5064,-0.3486
1259,安心,2026-09-01,63.8,0.4,0.63,5238000,0,紅縮,否,,64.5,62.22,60.67,,7.6076,3.8558,3.1978
1264,德麥,2026-09-01,253.0,1.5,0.6,23195000,0,綠增,否,,254.2,255.85,257.38,,-1.2816,-0.5442,-1.6151
1268,漢來美食,2026-09-01,182.5,1.0,0.55,32833000,0,紅縮,是,,180.9,179.35,174.9,,1.7435,2.8973,1.6713
1294,漢田生技,2026-09-01,53.9,0.2,0.37,11447000,0,紅縮,否,,55.06,56.19,56.24,,-3.9428,-0.8295,-3.6078
1295,生合,2026-09-01,45.5,-0.15,-0.33,22151000,0,綠增,否,,45.8,46.19,47.28,,-1.6745,-1.9841,-1.6282
1336,台翰,2026-09-01,17.0,0.2,1.19,335829000,0,紅增,否,,16.85,16.29,15.93,,7.0521,4.4886,3.7948
1565,精華,2026-09-01,99.6,1.2,1.22,124621000,0,紅增,是,,95.68,94.9,94.19,,1.6575,1.6713,-0.4492
1569,濱川,2026-09-01,46.35,0.55,1.2,435248000,0,紅增,否,,45.0,43.38,43.01,,7.7844,5.4839,-1.5901
1570,力肯,2026-09-01,33.1,-0.1,-0.3,37611000,0,紅增,否,,33.26,33.57,35.14,,-1.83,-3.1309,-5.2121
1580,新麥,2026-09-01,104.5,-1.5,-1.42,222166000,0,綠增,是,,106.4,108.7,111.33,,-4.1441,-2.8597,-3.8437
1584,精剛,2026-09-01,18.25,0.25,1.39,373008000,0,綠轉紅,否,,18.02,17.89,18.52,,1.5211,-1.4329,-1.8808
1586,和勤,2026-09-01,18.05,-0.05,-0.28,86549000,0,紅縮,否,,18.12,18.32,18.22,,-2.1598,0.164,-1.5665
1591,駿吉-KY,2026-09-01,36.65,-0.1,-0.27,121118000,0,紅增,否,,36.13,36.38,37.06,,-1.3919,-2.6097,-4.0707
1593,祺驊,2026-09-01,31.65,0.05,0.16,3059000,0,紅縮,否,,31.85,31.37,30.73,,3.1078,3.0213,1.269
1595,川寶,2026-09-01,66.4,2.4,3.75,363077000,0,紅增,是,,63.32,62.24,59.27,,3.5317,10.0424,-4.2104
1599,宏佳騰,2026-09-01,22.95,0.05,0.22,13934000,0,綠增,否,,23.04,23.38,23.3,,-2.9077,-0.974,-0.7032
1742,台蠟,2026-09-01,17.9,0.0,0.0,111033000,0,紅縮,否,,17.73,17.77,16.97,,-0.3933,4.2853,3.7122
1777,生泰,2026-09-01,74.2,-0.3,-0.4,33003000,0,紅縮,否,,74.16,73.94,73.44,,0.5969,1.1768,0.0409
1780,立弘,2026-09-01,24.6,0.1,0.41,192049000,0,紅縮,是,,24.93,24.18,23.59,,6.402,3.5768,0.2124
1781,合世,2026-09-01,10.4,-0.1,-0.95,27089000,0,綠增,是,,10.8,11.04,11.37,,-4.1704,-3.329,-2.4448
1784,訊聯,2026-09-01,60.5,-2.0,-3.2,156040000,0,紅縮,是,,61.32,60.66,60.51,,2.2,2.2417,-3.3466
1785,光洋科,2026-09-01,103.0,0.0,0.0,2842168000,0,紅增,否,,102.3,105.19,106.28,,-5.3479,-0.1708,-9.3982
1788,杏昌,2026-09-01,129.0,0.0,0.0,29964000,0,紅縮,否,,129.9,130.0,129.9,,-0.1537,0.0,0.0192
1796,金穎生技,2026-09-01,29.9,0.2,0.67,3096000,0,綠縮,否,,29.49,30.1,30.9,,-3.9726,-2.1456,-3.294
1799,易威,2026-09-01,30.5,0.35,1.16,168540000,0,綠縮,是,,30.1,30.68,31.87,,-3.7108,-4.6168,-2.4491
1813,寶利徠,2026-09-01,11.5,-0.1,-0.86,12659000,0,綠縮,否,,11.5,11.51,11.66,,-0.1736,-0.8613,-1.0185
1815,富喬,2026-09-01,129.0,2.5,1.98,69204401000,0,紅增,否,,112.9,98.53,87.97,,34.1492,26.7919,4.4777
2035,唐榮,2026-09-01,26.6,-0.4,-1.48,7017000,0,綠增,否,,26.73,27.04,27.4,,-2.2669,-1.6727,-1.0652
2061,風青,2026-09-01,55.0,3.4,6.59,4492726000,0,綠縮,是,,51.29,53.98,54.98,,-9.5095,-1.595,-10.4965
2063,世鎧,2026-09-01,24.05,0.05,0.21,18140000,0,紅縮,否,,24.2,24.13,24.07,,0.5401,0.6464,0.1144
2064,晉椿,2026-09-01,12.4,0.15,1.22,298000000,0,紅增,是,,12.43,12.23,12.67,,3.2392,-1.6874,-2.3699
2065,世豐,2026-09-01,36.55,0.05,0.14,25664000,0,紅縮,否,,36.32,35.21,33.54,,6.5103,6.9888,2.8287
2066,世德,2026-09-01,54.2,0.3,0.56,53076000,0,綠縮,否,,54.84,57.9,60.25,,-10.0394,-5.2683,-5.0059
2067,嘉鋼,2026-09-01,4.92,-0.34,-6.46,22258000,0,綠增,否,,5.19,5.79,6.15,,-18.6149,-9.7036,-5.5073
2070,精湛,2026-09-01,68.1,-1.4,-2.01,319937000,0,紅縮,否,,67.26,61.88,56.85,,19.0442,16.6447,2.3681
2221,大甲,2026-09-01,77.7,1.7,2.24,1552932000,0,紅增,否,,64.04,55.98,52.71,,33.6673,17.2251,7.9069
2230,泰茂,2026-09-01,22.1,-0.4,-1.78,130606000,0,紅縮,是,,23.29,24.14,23.08,,-6.84,3.1177,-1.3886
2235,謚源,2026-09-01,28.3,0.55,1.98,8307000,0,紅增,否,,27.28,27.29,27.73,,-0.0366,-0.4379,-2.4274
2596,綠意,2026-09-01,35.2,0.45,1.29,94789000,0,紅增,否,,34.29,32.9,31.98,,8.8571,5.5172,2.2627
2640,大車隊,2026-09-01,156.5,-0.5,-0.32,57006000,0,紅縮,是,,156.3,152.1,150.72,,5.6795,3.6104,-0.3142
2641,正德,2026-09-01,17.9,0.0,0.0,1483126000,0,紅縮,否,,18.59,17.93,17.49,,7.6433,4.8845,0.8795
2643,捷迅,2026-09-01,63.2,1.2,1.94,7857000,0,紅增,否,,62.58,62.15,60.59,,1.3934,3.4971,0.4144
2718,全心投控,2026-09-01,41.8,0.1,0.24,24373000,0,紅縮,否,,48.18,46.7,46.23,,6.5458,3.9626,-1.4599
2719,燦星旅,2026-09-01,20.3,-0.05,-0.25,3506000,0,綠縮,否,,20.65,21.05,21.92,,-3.6847,-4.3192,-3.9969
2724,藝舍-KY,2026-09-01,10.9,0.1,0.93,5000000,0,紅增,否,,10.8,10.7,11.13,,1.8868,-4.8889,-2.5186
2726,雅茗-KY,2026-09-01,8.21,-0.01,-0.12,31977000,0,綠增,否,,8.4,8.57,8.75,,-3.8233,-3.1861,-1.8017
2729,瓦城,2026-09-01,155.0,-0.5,-0.32,12335000,0,綠增,否,,158.7,159.55,159.07,,-1.0599,-0.4989,0.0157
2732,六角,2026-09-01,65.2,0.9,1.4,26165000,0,紅增,否,,64.52,64.08,64.12,,1.3828,0.6598,-0.3651
2734,易飛網,2026-09-01,15.0,0.0,0.0,10600000,0,紅增,否,,14.99,14.9,14.94,,1.2154,0.6077,-0.3833
2736,富野,2026-09-01,11.75,-0.25,-2.08,105568000,0,紅縮,否,,11.89,11.69,11.72,,3.4813,0.6024,-0.0639
2740,華軒,2026-09-01,30.85,-0.1,-0.32,1111000,0,綠縮,否,,30.62,31.3,32.59,,-4.2227,-4.6175,-1.5406
2743,山富,2026-09-01,59.0,0.2,0.34,62422000,0,紅增,否,,58.74,57.8,58.88,,3.3064,-0.6873,-3.0146
2745,五福,2026-09-01,88.3,-0.7,-0.79,67352000,0,綠縮,否,,88.7,88.42,92.97,,0.6354,-2.3523,-4.5921
2751,王座,2026-09-01,51.6,-0.3,-0.58,8030000,0,紅縮,否,,53.52,52.81,52.38,,2.7255,1.9006,0.364
2752,豆府,2026-09-01,177.0,-2.0,-1.12,11084000,0,紅縮,是,,179.0,177.35,176.82,,1.8782,0.853,0.1558
2754,亞洲藏壽司,2026-09-01,69.5,0.9,1.31,11540000,0,綠增,否,,69.4,70.21,69.33,,-2.281,0.804,0.1011
2755,揚秦,2026-09-01,102.0,0.0,0.0,24868000,0,紅增,否,,102.0,102.75,106.6,,-1.4493,-0.8683,-7.9845
2756,聯發國際,2026-09-01,62.3,0.0,0.0,12727000,0,紅縮,否,,62.26,59.48,59.2,,9.806,3.7321,1.2486
2916,滿心,2026-09-01,40.0,0.0,0.0,24685000,0,紅縮,否,,40.16,40.4,40.01,,-1.1568,0.8614,-0.4169
2924,宏太-KY,2026-09-01,17.55,-0.15,-0.85,7278000,0,綠縮,否,,16.92,17.12,17.64,,-2.3095,-3.0028,-0.829
2926,誠品生活,2026-09-01,30.6,0.25,0.82,5458000,0,紅增,否,,30.24,30.31,30.88,,-0.4936,-1.5107,-2.0458
2937,集雅社,2026-09-01,44.45,-0.35,-0.78,4313000,0,紅轉綠,否,,47.48,46.74,47.0,,3.2174,0.6785,-0.1063
2941,米斯特,2026-09-01,31.8,1.95,6.53,2006000,0,綠縮,否,,30.66,30.99,32.7,,-2.1385,-4.3807,-0.2897
2947,振宇五金,2026-09-01,61.5,0.3,0.49,12214000,0,紅增,否,,61.86,62.2,63.78,,-1.0873,-1.1914,-3.9313
2948,寶陞,2026-09-01,38.3,0.0,0.0,9335000,0,紅縮,是,,38.26,38.01,37.84,,1.3242,1.3465,0.5714
2949,欣新網,2026-09-01,61.1,0.0,0.0,1100000,0,綠縮,否,,61.14,61.25,66.92,,-0.3585,-6.2452,-2.6901
3066,李洲,2026-09-01,25.55,0.0,0.0,1285568000,0,紅增,是,,23.96,23.11,22.74,,7.637,6.204,-4.182
3071,協禧,2026-09-01,24.7,0.25,1.02,205112000,0,紅增,否,,24.53,25.02,25.58,,-3.8793,-1.7086,-5.8699
3073,天方能源,2026-09-01,22.15,0.3,1.37,40376000,0,紅縮,否,,22.38,22.31,21.97,,0.5843,1.8485,0.0
3078,僑威,2026-09-01,48.45,,,914266000,0,紅轉綠,是,,52.61,53.05,52.67,,-1.6268,0.8077,-2.0866
3081,聯亞,2026-09-01,3425.0,-105.0,-2.97,2633171000,0,紅增,否,,2970.0,2644.0,2141.5,,28.1277,33.0649,12.9334
3083,網龍,2026-09-01,23.25,0.05,0.22,30151000,0,綠縮,否,,23.27,24.06,24.72,,-6.3581,-3.4898,-4.1772
3086,華義*,2026-09-01,32.7,2.45,8.1,885438000,0,紅增,是,,27.77,27.44,28.31,,2.4345,-0.6337,-3.6009
3088,艾訊,2026-09-01,125.5,2.5,2.03,972462000,0,綠縮,否,,124.7,128.85,133.03,,-6.2406,-6.0175,-3.3775
3093,港建*,2026-09-01,48.2,0.5,1.05,258202000,0,紅增,否,,46.24,46.46,46.86,,-0.9426,0.3889,-8.4672
3095,及成,2026-09-01,35.8,-0.2,-0.56,4349000,0,綠縮,否,,35.99,36.93,37.61,,-4.9894,-2.5462,-1.2667
3105,穩懋,2026-09-01,492.0,44.5,9.94,56845208000,0,紅增,是,,395.6,381.2,359.3,,7.8517,10.2371,-1.1418
3114,好德,2026-09-01,34.15,1.05,3.17,274298000,0,紅增,否,,33.49,33.88,33.3,,-2.2475,3.7519,-6.8802
3115,富榮綱,2026-09-01,8.61,-0.29,-3.26,10724000,0,紅縮,否,,8.98,8.97,8.86,,0.4023,2.2349,0.7847
3118,進階,2026-09-01,31.9,0.5,1.59,45154000,0,綠轉紅,是,,31.58,31.68,31.76,,-0.6293,-0.4087,-0.2199
3122,笙泉,2026-09-01,26.15,0.25,0.97,71220000,0,紅增,是,,25.65,25.52,25.67,,1.024,1.8966,-4.7049
3128,昇銳,2026-09-01,20.1,-0.25,-1.23,179186000,0,紅縮,是,,22.0,21.96,21.89,,0.3192,1.2445,-2.7978
3131,弘塑,2026-09-01,2480.0,70.0,2.9,655767000,0,綠縮,是,,2341.0,2398.0,2617.75,,-4.6436,-6.3098,-9.0743
3141,晶宏,2026-09-01,90.5,8.2,9.96,10432486000,0,紅增,是,,75.4,74.4,69.43,,2.7248,9.0429,-0.5586
3147,大綜,2026-09-01,219.0,1.0,0.46,347610000,0,綠縮,否,,218.6,228.0,225.12,,-7.9191,-0.4584,-1.5955
3152,璟德,2026-09-01,242.5,1.0,0.41,121519000,0,紅縮,否,,249.0,237.35,234.47,,10.3234,5.7474,-3.1595
3158,嘉實,2026-09-01,83.5,0.0,0.0,7673000,0,紅增,否,,83.2,83.0,82.83,,0.4831,0.6061,-0.0724
3162,精確,2026-09-01,71.9,-0.8,-1.1,754840000,0,紅增,否,,64.62,64.15,65.84,,1.4761,1.6318,-6.762
3163,波若威,2026-09-01,761.0,20.0,2.7,954368000,0,紅縮,否,,755.4,716.9,689.8,,11.3502,8.4897,-0.4474
3169,亞信,2026-09-01,110.5,10.0,9.95,268186000,0,紅增,是,,102.02,101.61,101.19,,0.8103,0.8736,-1.1189
3171,炎洲流通,2026-09-01,62.9,-0.1,-0.16,20164000,0,紅縮,否,,63.22,64.06,64.28,,-2.5886,-1.2639,-1.9301
3176,基亞,2026-09-01,35.15,-2.35,-6.27,1131766000,0,紅縮,否,,36.5,34.85,34.17,,9.9398,5.6381,-0.3717
3178,公準,2026-09-01,62.0,1.4,2.31,74712000,0,紅增,是,,60.12,58.83,61.31,,4.4838,-0.7089,-2.1933
3188,鑫龍騰,2026-09-01,24.65,-0.05,-0.2,123546000,0,紅增,否,,24.21,23.71,23.58,,4.3085,2.1763,0.2871
3191,雲嘉南,2026-09-01,17.6,-0.35,-1.95,20127000,0,紅轉綠,否,,17.93,18.16,18.12,,-2.4483,0.1103,-1.0781
3205,佰研,2026-09-01,47.05,0.05,0.11,39302000,0,紅轉綠,是,,48.04,48.37,48.93,,-1.3552,-1.0535,-2.1105
3206,志豐,2026-09-01,34.15,-0.15,-0.44,16123000,0,紅縮,否,,34.31,34.08,34.23,,1.3889,1.9142,-3.1139
3207,耀勝,2026-09-01,38.6,-0.2,-0.52,115495000,0,紅增,否,,40.15,41.0,44.66,,-4.0621,-4.44,-11.2078
3211,順達,2026-09-01,406.0,19.5,5.05,9808724000,0,綠轉紅,否,,353.7,355.8,365.27,,-1.1735,0.2112,-4.3344
3213,茂訊,2026-09-01,128.5,2.0,1.58,152585000,0,綠增,否,,128.3,130.7,127.62,,-3.6063,1.161,-0.9507
3217,優群,2026-09-01,138.0,1.5,1.1,604446000,0,綠轉紅,否,,136.9,140.55,144.8,,-5.0624,-3.3689,-6.2935
3218,大學光,2026-09-01,143.0,-0.5,-0.35,348491000,0,綠轉紅,否,,137.4,138.1,137.3,,-1.0086,0.5461,-0.7589
3219,倚強科,2026-09-01,89.2,-1.8,-1.98,1414349000,0,紅增,是,,76.44,72.19,68.39,,12.511,12.1137,-0.1533
3221,台嘉碩,2026-09-01,51.3,3.45,7.21,4129885000,0,紅增,否,,49.04,48.17,47.62,,3.6786,4.581,-5.1106
3224,三顧,2026-09-01,34.25,-0.45,-1.3,48145000,0,紅縮,否,,34.62,35.2,35.27,,-3.215,-0.5229,-2.2247
3226,龍鋒,2026-09-01,53.9,1.0,1.89,20001000,0,紅增,否,,52.9,52.0,49.0,,3.5225,6.3721,2.1206
3227,原相,2026-09-01,196.5,4.5,2.34,511468000,0,紅增,否,,195.7,199.2,195.55,,-3.4534,0.4032,-4.2478
3228,金麗科,2026-09-01,180.0,8.5,4.96,863361000,0,紅增,是,,148.8,146.95,151.8,,2.55,-0.2715,-4.917
3230,錦明,2026-09-01,44.7,-0.35,-0.78,483522000,0,綠縮,否,,42.73,41.72,42.75,,4.9877,4.8247,-4.8679
3232,昱捷,2026-09-01,19.75,0.1,0.51,14004000,0,紅增,否,,19.81,19.71,20.2,,1.0199,-0.8801,-2.604
3234,光環,2026-09-01,200.0,15.0,8.11,3640072000,0,紅增,否,,170.1,144.87,123.46,,42.1765,31.8558,9.5378
3236,千如,2026-09-01,44.9,0.0,0.0,3288388000,0,紅增,否,,43.99,43.53,44.54,,2.1598,2.9447,-10.5033
3252,海灣,2026-09-01,15.5,-0.3,-1.9,30337000,0,綠增,否,,15.9,15.99,16.47,,-1.0579,-2.4115,-2.7601
3259,鑫創,2026-09-01,13.75,-0.25,-1.79,25601000,0,綠縮,否,,11.38,12.9,14.08,,-21.0132,-12.747,-7.6234
3260,威剛,2026-09-01,412.0,-1.5,-0.36,4084544000,0,紅縮,否,,418.5,410.95,395.88,,3.7432,4.5541,0.7123
3264,欣銓,2026-09-01,237.5,9.5,4.17,8350367000,0,紅增,是,,213.5,211.1,207.35,,2.3,4.7123,-3.1979
3265,台星科,2026-09-01,182.5,4.5,2.53,3191273000,0,紅增,否,,171.7,167.05,161.65,,5.7266,6.2659,-1.1617
3268,海德威,2026-09-01,17.75,-0.3,-1.66,107177000,0,綠縮,是,,17.82,19.15,19.45,,-13.0307,-5.4541,-4.773
3272,東碩,2026-09-01,14.25,-0.2,-1.38,158648000,0,紅增,是,,14.01,13.96,14.33,,0.6466,-0.8872,-3.0605
3276,宇環,2026-09-01,14.5,0.15,1.05,130098000,0,綠縮,否,,14.36,14.66,15.67,,-3.9465,-6.9228,-3.0781
3284,太普高,2026-09-01,20.65,0.15,0.73,82375000,0,綠縮,否,,20.62,20.88,21.96,,-2.5059,-2.0403,-9.1605
3285,微端,2026-09-01,43.15,0.35,0.82,92224000,0,綠轉紅,是,,38.19,37.86,38.18,,1.7586,0.0132,-2.7817
3287,廣寰科,2026-09-01,37.7,-0.4,-1.05,154384000,0,紅縮,否,,38.08,35.26,32.04,,17.4221,15.9323,4.998
3288,點晶,2026-09-01,21.1,0.2,0.96,23174000,0,綠縮,否,,21.35,22.09,23.26,,-6.4827,-5.5983,2.478
3289,宜特,2026-09-01,143.0,5.0,3.62,669711000,0,綠轉紅,否,,136.7,138.65,142.35,,-2.7738,-1.7712,-5.3681
3290,東浦,2026-09-01,49.6,0.15,0.3,518470000,0,綠縮,否,,49.93,51.84,56.19,,-7.0897,-6.4688,-7.6617
3293,鈊象,2026-09-01,711.0,-19.0,-2.6,3980170000,0,綠增,否,,726.6,750.9,732.9,,-6.2693,0.12,-1.4986
3294,英濟,2026-09-01,30.6,0.15,0.49,195428000,0,紅增,否,,30.42,30.57,30.95,,-0.9443,1.5111,-5.9262
3297,杭特,2026-09-01,27.8,0.15,0.54,43502000,0,紅增,是,,27.23,27.3,28.2,,-0.5115,-1.2122,-3.118
3303,岱稜,2026-09-01,51.8,0.1,0.19,153843000,0,綠增,否,,52.76,53.53,53.5,,-2.8361,1.3058,-2.2295
3306,鼎天,2026-09-01,44.85,0.55,1.24,33192000,0,紅增,否,,44.71,44.4,44.4,,1.4062,1.0124,-2.7863
3310,佳穎,2026-09-01,68.8,0.2,0.29,28186000,0,紅增,是,,68.42,68.34,67.83,,0.2344,1.1845,0.0369
3313,斐成,2026-09-01,10.9,0.0,0.0,82757000,0,綠轉紅,否,,10.51,10.42,10.91,,1.8411,-2.3441,-2.8915
3317,尼克森,2026-09-01,63.2,0.2,0.32,660372000,0,綠縮,否,,64.8,66.47,72.1,,-4.9017,-4.6752,-10.6173
3322,建舜電,2026-09-01,11.25,-0.25,-2.17,290669000,0,紅增,否,,11.18,11.24,11.68,,-0.9743,-2.3892,-5.2728
3323,加百裕,2026-09-01,29.4,-0.1,-0.34,232588000,0,紅縮,否,,29.63,30.09,30.11,,-3.0115,1.5696,-4.4726
3324,雙鴻,2026-09-01,1375.0,125.0,10.0,9282828000,0,紅增,是,,1083.4,1035.4,963.0,,9.7225,10.3132,2.9506
3325,旭品,2026-09-01,11.35,-0.2,-1.73,64832000,0,綠縮,否,,11.28,11.54,11.96,,-4.4877,-3.7917,-3.5484
3332,幸康,2026-09-01,61.8,0.1,0.16,13160000,0,綠增,是,,62.56,62.58,64.27,,-0.0639,-2.4017,-0.8638
3339,泰谷,2026-09-01,47.4,0.65,1.39,6667188000,0,紅增,是,,40.22,38.98,36.7,,6.5713,9.3868,0.3075
3349,寶德,2026-09-01,22.9,-0.05,-0.22,167094000,0,綠增,否,,23.76,23.24,23.23,,4.5315,1.2633,0.7592
3354,律勝,2026-09-01,23.7,0.05,0.21,344144000,0,紅增,是,,21.06,20.86,21.44,,1.9855,0.2403,-5.9965
3357,臺慶科,2026-09-01,215.5,0.0,0.0,1529678000,0,紅增,否,,211.9,214.05,214.12,,-1.9889,2.7851,-7.2148
3360,尚立,2026-09-01,15.35,-0.1,-0.65,388484000,0,綠縮,否,,15.47,15.93,17.24,,-5.6707,-3.8612,-6.4052
3362,先進光,2026-09-01,200.0,-2.0,-0.99,974895000,0,紅增,否,,192.8,183.95,171.93,,10.1085,9.7881,2.9183
3363,上詮,2026-09-01,786.0,39.0,5.22,7870740000,0,紅增,是,,637.2,612.25,574.4,,8.4965,9.4085,2.2064
3372,典範,2026-09-01,14.95,0.0,0.0,318305000,0,紅增,否,,14.98,15.4,16.0,,-5.3097,-2.9004,-7.53
3373,熱映,2026-09-01,16.45,-0.05,-0.3,23520000,0,紅縮,否,,16.61,16.53,16.59,,0.9726,-0.7803,-0.1054
3374,精材,2026-09-01,421.5,-1.0,-0.24,22315773000,0,綠轉紅,否,,329.0,322.7,339.8,,3.9823,-2.1973,0.4582
3379,彬台,2026-09-01,29.15,0.35,1.22,46765000,0,紅增,否,,29.08,28.68,29.37,,2.8652,1.0573,-4.658
3388,崇越電,2026-09-01,91.7,0.2,0.22,933901000,0,紅縮,否,,91.32,83.42,78.62,,20.9216,13.2193,2.9258
3390,旭軟,2026-09-01,22.4,0.1,0.45,76851000,0,綠轉紅,否,,21.72,22.18,23.05,,-4.0636,-2.9746,-5.7368
3402,漢科,2026-09-01,123.0,2.0,1.65,175811000,0,綠縮,否,,121.0,124.05,130.97,,-4.7994,-3.1994,-4.9011
3430,奇鈦科,2026-09-01,113.0,0.0,0.0,202088000,0,紅縮,否,,115.3,113.68,116.0,,2.8913,4.0168,-3.7346
3434,哲固,2026-09-01,29.7,-0.15,-0.5,52963000,0,紅轉綠,否,,30.23,30.36,29.91,,-0.8202,1.1159,0.1926
3438,類比科,2026-09-01,66.7,2.7,4.22,405281000,0,紅增,是,,59.0,58.87,57.27,,0.4426,4.975,-4.9938
3441,聯一光,2026-09-01,133.0,-3.0,-2.21,3261860000,0,紅增,否,,112.76,98.37,83.47,,34.2701,26.4233,13.365
3444,利機,2026-09-01,81.7,-1.9,-2.27,372723000,0,紅縮,否,,83.12,77.7,76.03,,14.9972,9.375,-0.8541
3455,由田,2026-09-01,265.0,,,3322901000,0,紅增,是,,243.2,222.2,207.4,,20.8748,17.009,-0.1925
3465,進泰電子,2026-09-01,29.3,0.1,0.34,5277000,0,綠縮,否,,29.39,29.61,30.13,,-1.475,-1.5134,-4.2881
3466,德晉,2026-09-01,25.0,0.1,0.4,119448000,0,綠縮,否,,24.56,24.89,27.0,,-2.617,-6.3758,-7.8269
3467,台灣精材,2026-09-01,49.1,-0.25,-0.51,19022000,0,紅增,否,,46.67,46.21,48.34,,2.0109,-2.2114,-6.3943
3479,安勤,2026-09-01,125.5,-1.0,-0.79,776355000,0,綠增,否,,128.4,132.55,138.12,,-6.0717,-5.9929,-2.2989
3483,力致,2026-09-01,75.4,1.3,1.75,347903000,0,紅增,是,,72.06,73.05,75.4,,-2.6742,-2.3004,-5.6852
3484,崧騰,2026-09-01,49.6,0.1,0.2,213021000,0,紅縮,否,,50.02,50.36,49.07,,-1.3412,3.4299,-1.1582
3485,敘豐,2026-09-01,225.0,8.0,3.69,145285000,0,紅縮,否,,229.6,218.15,224.0,,11.0789,3.193,-7.2944
3489,森寶,2026-09-01,22.7,-0.25,-1.09,113736000,0,紅縮,否,,22.56,23.89,21.66,,-10.5472,6.9622,-1.902
3490,單井,2026-09-01,46.15,0.65,1.43,4764685000,0,紅縮,否,,50.7,41.45,34.54,,57.4534,40.4371,14.733
3491,昇達科,2026-09-01,1480.0,100.0,7.25,1970026000,0,紅增,否,,1321.0,1278.9,1237.6,,6.8079,7.2723,1.289
3492,長盛,2026-09-01,19.25,0.05,0.26,25250000,0,綠增,否,,19.93,20.87,21.53,,-8.6199,-4.6161,-3.2573
3498,陽程,2026-09-01,203.5,-4.5,-2.16,4855186000,0,紅縮,是,,192.8,158.1,133.63,,56.2399,39.4057,14.9703
3499,環天科,2026-09-01,12.65,0.15,1.2,80562000,0,綠縮,是,,12.61,12.79,13.23,,-2.7006,-2.2554,-3.8874
3508,位速,2026-09-01,22.2,1.3,6.22,351981000,0,紅縮,否,,23.08,20.21,18.14,,33.1027,22.3736,7.4815
3511,矽瑪,2026-09-01,19.65,-0.1,-0.51,169134000,0,綠轉紅,是,,19.53,19.79,20.12,,-2.5449,-0.3023,-7.8218
3512,皇龍,2026-09-01,19.7,0.15,0.77,26815000,0,紅增,否,,19.6,19.66,19.57,,-0.5581,0.3062,-1.5096
3516,亞帝歐,2026-09-01,25.9,-0.25,-0.96,284161000,0,紅增,是,,25.85,25.81,25.54,,0.2715,1.0965,-1.5515
3520,華盈,2026-09-01,17.3,-0.15,-0.86,167424000,0,紅轉綠,否,,17.91,18.1,17.42,,-2.0776,1.8284,0.592
3521,台鋼建設,2026-09-01,12.1,0.0,0.0,9827000,0,紅縮,否,,12.2,12.22,12.25,,-0.4082,-0.0817,-1.3492
3522,御嵿,2026-09-01,11.6,-0.15,-1.28,21194000,0,綠縮,否,,11.6,11.74,12.16,,-2.3569,-2.9752,-4.0623
3523,迎輝,2026-09-01,15.15,-0.3,-1.94,13200000,0,綠縮,否,,15.0,15.31,15.41,,-3.9078,-3.8631,-1.376
3526,凡甲,2026-09-01,285.0,1.0,0.35,180199000,0,綠轉紅,否,,281.4,288.1,294.8,,-4.5455,-3.0945,-3.3205
3527,聚積,2026-09-01,51.4,0.7,1.38,77408000,0,綠轉紅,否,,50.94,51.42,53.46,,-1.8497,-2.3825,-5.6813
3529,力旺,2026-09-01,2640.0,240.0,10.0,637078000,0,綠轉紅,否,,2280.0,2465.5,2428.25,,-13.9947,-2.1821,-4.7185
3531,先益,2026-09-01,21.45,-0.05,-0.23,1000000,0,紅縮,否,,21.66,21.7,22.07,,-0.368,-1.0036,-1.0867
3537,堡達,2026-09-01,55.3,0.2,0.36,378351000,0,紅增,否,,54.9,53.94,54.82,,3.624,2.4988,-6.8086
3540,曜越,2026-09-01,24.4,-1.1,-4.31,2291704000,0,紅增,否,,23.92,22.2,21.67,,16.7969,7.9242,-0.8919
3541,西柏,2026-09-01,21.65,0.05,0.23,25078000,0,紅縮,否,,21.85,21.6,21.56,,2.3899,1.3374,-0.3696
3546,宇峻,2026-09-01,71.3,0.2,0.28,125951000,0,綠增,否,,71.7,73.16,72.83,,-3.9132,-0.9611,-1.9455
3548,兆利,2026-09-01,85.5,-2.2,-2.51,554022000,0,紅增,是,,78.3,76.87,75.64,,3.7911,4.2729,-2.0588
3551,世禾,2026-09-01,181.0,2.5,1.4,500317000,0,紅增,是,,175.9,176.1,181.9,,-0.2269,0.1422,-3.6802
3552,同致,2026-09-01,43.05,-0.25,-0.58,92745000,0,紅縮,否,,44.99,44.97,45.3,,0.089,-0.8598,-1.5538
3555,博士旺,2026-09-01,205.0,3.0,1.49,372207000,0,紅增,是,,171.0,164.55,155.05,,8.1594,7.9016,-2.1921
3556,禾瑞亞,2026-09-01,62.5,0.9,1.46,237042000,0,紅增,否,,62.68,62.72,62.48,,-0.1275,2.786,-4.1935
3558,神準,2026-09-01,123.0,0.5,0.41,48398000,0,紅轉綠,否,,125.6,126.45,127.58,,-1.3354,0.4768,-1.8654
3564,其陽,2026-09-01,44.7,0.7,1.59,69853000,0,綠增,否,,45.29,45.65,46.36,,-1.5435,-0.2077,-3.6273
3567,逸昌,2026-09-01,25.75,0.5,1.98,43392000,0,綠縮,否,,25.31,25.66,26.38,,-2.6913,-2.4149,-4.8422
3570,大塚,2026-09-01,163.0,-1.5,-0.91,9701000,0,紅增,否,,163.0,163.6,163.68,,-0.7308,-0.183,-0.1373
3577,泓格,2026-09-01,115.0,-2.0,-1.71,507800000,0,綠縮,是,,114.2,121.85,129.55,,-11.8147,-8.9653,-2.722
3580,友威科,2026-09-01,83.2,2.7,3.35,386885000,0,紅增,是,,78.74,79.02,79.82,,-0.7062,2.0666,-5.1117
3581,博磊,2026-09-01,113.5,6.5,6.07,697783000,0,紅增,是,,105.7,109.04,111.03,,-5.9441,-0.7374,-6.2487
3587,閎康,2026-09-01,253.5,6.5,2.63,424120000,0,紅增,否,,247.9,247.7,252.2,,0.1616,0.1617,-4.6052
3594,磐儀,2026-09-01,50.5,2.25,4.66,2631674000,0,綠增,是,,50.88,52.85,51.95,,-7.1872,-1.4544,-1.2169
3597,映興,2026-09-01,26.35,-0.05,-0.19,23177000,0,紅縮,否,,26.63,26.62,26.47,,0.0376,0.7569,-0.5729
3609,三一東林,2026-09-01,18.05,0.5,2.85,209707000,0,綠增,否,,20.69,22.77,24.48,,-16.7739,-8.1283,-7.1483
3611,鼎翰,2026-09-01,183.0,-1.0,-0.54,59382000,0,紅轉綠,是,,186.0,186.85,187.28,,-0.9057,0.5922,-1.9887
3615,安可,2026-09-01,37.55,0.15,0.4,339203000,0,紅增,否,,36.69,36.37,37.6,,1.7753,0.8457,-8.0015
3623,富晶通,2026-09-01,23.3,0.85,3.79,64896000,0,紅增,是,,22.02,21.46,21.43,,5.3589,3.0492,-2.436
3624,光頡,2026-09-01,90.2,1.9,2.15,4888622000,0,紅增,否,,87.58,83.34,86.7,,10.7206,5.9497,-13.949
3625,西勝,2026-09-01,12.8,-0.05,-0.39,449383000,0,綠縮,否,,11.89,14.19,15.64,,-27.8957,-14.7492,-8.3907
3628,盈正,2026-09-01,68.5,0.7,1.03,43596000,0,紅增,否,,67.5,66.91,67.34,,1.7793,1.042,-2.9613
3629,地心引力,2026-09-01,20.0,0.1,0.5,2000000,0,紅增,否,,15.31,14.34,14.34,,14.4245,6.0237,-0.4511
3630,新鉅科,2026-09-01,26.05,-0.45,-1.7,275241000,0,紅增,否,,25.55,25.81,25.81,,-2.0322,-0.2126,-2.8964
3631,晟楠,2026-09-01,40.95,0.05,0.12,392175000,0,紅增,是,,39.85,36.86,34.66,,17.6557,11.091,4.8483
3632,研勤,2026-09-01,7.32,-0.2,-2.66,14719000,0,綠縮,否,,7.22,7.51,7.79,,-7.4615,-4.1608,-2.9905
3646,艾恩特,2026-09-01,23.65,0.1,0.42,8051000,0,紅增,否,,23.64,23.46,23.32,,1.5028,1.0987,0.1396
3663,鑫科,2026-09-01,62.5,0.8,1.3,403430000,0,綠轉紅,否,,61.36,62.27,64.92,,-2.8807,-1.5494,-7.0774
3664,安瑞-KY,2026-09-01,7.59,0.69,10.0,72678000,0,綠轉紅,是,,5.94,6.08,6.29,,-4.4108,-0.4098,-5.6277
3666,光耀,2026-09-01,25.0,-0.3,-1.19,36088000,0,紅縮,是,,25.13,25.13,25.04,,-0.0,0.1994,0.2402
3672,康聯訊,2026-09-01,12.5,-0.4,-3.1,21828000,0,綠縮,是,,12.38,12.52,12.74,,-2.2117,-1.7268,-2.4694
3675,德微,2026-09-01,278.5,6.0,2.2,641740000,0,紅增,否,,268.1,264.8,264.88,,2.5239,6.6237,-12.5103
3680,家登,2026-09-01,542.0,49.0,9.94,3072795000,0,紅增,是,,481.3,461.5,460.82,,8.9654,4.946,-2.0043
3684,榮昌,2026-09-01,53.2,-0.8,-1.48,4441000,0,紅縮,否,,53.64,52.72,51.51,,3.5521,3.6877,0.429
3685,元創精密,2026-09-01,37.7,-0.35,-0.92,967396000,0,綠縮,是,,36.64,36.74,37.06,,-0.5429,-0.4336,4.6819
3687,歐買尬,2026-09-01,63.8,0.4,0.63,54636000,0,綠縮,否,,63.12,64.5,68.04,,-4.1894,-4.5576,-4.8857
3689,湧德,2026-09-01,118.0,-0.5,-0.42,1723788000,0,紅增,是,,108.9,108.75,108.27,,0.2762,1.9404,-3.283
3691,碩禾,2026-09-01,106.5,9.3,9.57,1035547000,0,綠轉紅,是,,100.86,106.73,111.22,,-10.4263,-3.7775,-9.7273
3693,營邦,2026-09-01,624.0,20.0,3.31,1918565000,0,紅增,是,,548.2,522.7,496.2,,10.2574,7.7066,1.9519
3707,漢磊,2026-09-01,63.2,0.7,1.12,2685863000,0,紅增,否,,62.28,61.77,63.43,,1.665,2.8386,-7.6511
3709,鑫聯大投控,2026-09-01,66.6,0.0,0.0,307781000,0,綠增,否,,67.56,70.89,72.0,,-8.9733,-2.3015,-2.6766
3710,連展投控,2026-09-01,5.08,0.0,0.0,246003000,0,紅縮,否,,5.2,5.14,5.34,,2.0024,-1.6628,-3.0085
3713,新晶投控,2026-09-01,14.75,0.0,0.0,26318000,0,紅縮,否,,14.77,14.75,14.58,,0.3397,1.3054,0.1374
4102,永日,2026-09-01,19.25,-0.2,-1.03,8231000,0,綠縮,否,,19.16,19.11,19.56,,0.4719,-1.24,-1.0747
4105,東洋,2026-09-01,77.9,0.1,0.13,292286000,0,紅縮,否,,78.2,77.26,77.24,,2.4633,1.2715,0.2596
4107,邦特,2026-09-01,114.0,0.0,0.0,36325000,0,綠縮,否,,114.1,114.1,115.47,,0.0,-0.653,-0.5811
4109,加捷生醫,2026-09-01,11.2,0.0,0.0,84126000,0,綠縮,否,,11.24,11.22,11.4,,0.3571,-0.708,-1.7873
4111,濟生,2026-09-01,28.75,-0.05,-0.17,31392000,0,綠增,否,,29.58,29.74,29.88,,-1.1033,-0.6513,-0.6485
4113,聯上,2026-09-01,15.0,0.0,0.0,47665000,0,紅增,否,,14.86,14.8,14.74,,0.7458,0.8515,-0.1524
4114,健喬,2026-09-01,29.8,0.0,0.0,420397000,0,紅縮,否,,30.35,29.88,30.06,,3.1962,1.6845,-1.9251
4116,明基醫,2026-09-01,40.1,0.05,0.12,14201000,0,紅增,否,,39.42,39.44,38.91,,-0.1014,1.4012,0.934
4120,友華,2026-09-01,47.4,0.0,0.0,4075000,0,綠增,否,,47.55,48.12,47.24,,-2.3413,1.2307,0.3718
4121,優盛,2026-09-01,13.05,-0.05,-0.38,44819000,0,紅縮,是,,13.12,13.07,13.14,,0.8455,-0.2291,-0.7177
4123,晟德,2026-09-01,31.05,-0.2,-0.64,1682509000,0,綠增,否,,32.24,34.69,36.27,,-13.1933,-7.7762,-4.578
4126,太醫,2026-09-01,77.8,-0.1,-0.13,34389000,0,紅增,否,,77.64,77.13,77.14,,1.3312,0.8631,-1.0835
4127,天良,2026-09-01,71.0,-0.3,-0.42,303800000,0,紅轉綠,否,,83.88,83.97,80.06,,-0.2141,5.9157,3.0307
4128,中天,2026-09-01,15.0,-0.05,-0.33,806200000,0,紅縮,否,,15.21,14.84,14.98,,5.114,2.0282,-3.3075
4129,聯合,2026-09-01,81.8,0.1,0.12,254142000,0,紅轉綠,否,,86.64,85.75,87.44,,2.0976,-0.163,-1.9786
4131,浩泰,2026-09-01,30.6,0.0,0.0,6317000,0,綠增,否,,31.58,32.22,33.09,,-3.8953,-4.5616,-1.0391
4138,曜亞,2026-09-01,51.8,-0.5,-0.96,38437000,0,紅增,否,,51.32,51.21,51.04,,0.4305,0.4512,0.0098
4139,馬光-KY,2026-09-01,42.95,1.05,2.51,90881000,0,綠縮,是,,38.16,37.68,37.41,,2.5806,-1.3613,9.8583
4147,中裕,2026-09-01,62.4,0.0,0.0,711001000,0,紅縮,否,,63.34,62.45,61.0,,2.8915,4.694,-2.5637
4153,鈺緯,2026-09-01,32.1,-0.35,-1.08,20963000,0,紅縮,是,,33.02,32.79,32.0,,1.4128,2.7256,1.6762
4154,樂威科-KY,2026-09-01,12.5,0.0,0.0,8400000,0,紅增,否,,12.24,12.02,12.01,,3.7288,0.5437,0.565
4157,太景*-KY,2026-09-01,8.94,-0.04,-0.45,675287000,0,紅縮,否,,9.02,8.84,8.64,,4.084,4.5014,-0.2886
4160,訊聯基因,2026-09-01,39.6,-0.05,-0.13,12425000,0,綠增,否,,39.69,39.86,39.89,,-0.8246,0.2263,-1.2073
4161,聿新科,2026-09-01,22.85,-0.05,-0.22,25257000,0,紅縮,否,,22.96,22.88,22.67,,0.7459,1.7119,-0.2968
4162,智擎,2026-09-01,58.4,-0.6,-1.02,205230000,0,綠縮,否,,59.18,61.07,63.24,,-6.0038,-4.7121,-1.6026
4163,鐿鈦,2026-09-01,138.0,-2.0,-1.43,44972000,0,紅縮,否,,140.3,137.85,130.9,,3.6189,6.6538,2.0464
4166,友霖,2026-09-01,24.7,-0.05,-0.2,123179000,0,綠縮,否,,24.25,24.39,25.15,,-1.1415,-2.1268,-2.254
4167,松瑞藥,2026-09-01,19.5,-0.25,-1.27,937220000,0,紅縮,否,,20.36,19.32,19.64,,11.3786,3.2879,-0.6701
4168,醣聯,2026-09-01,22.45,-0.1,-0.44,88311000,0,紅增,否,,22.59,22.66,22.96,,-0.6596,-0.4174,-3.2343
4171,瑞基,2026-09-01,17.0,-0.15,-0.87,49668000,0,綠增,否,,17.19,17.16,17.69,,0.4089,-3.2431,0.1983
4173,久裕,2026-09-01,17.4,0.1,0.58,38114000,0,綠縮,否,,17.45,17.48,17.65,,-0.3995,-0.9909,-0.9259
4174,浩鼎,2026-09-01,25.05,-0.35,-1.38,469090000,0,紅轉綠,是,,26.25,26.14,26.84,,0.8452,-0.9661,-3.0341
4175,杏一,2026-09-01,51.7,0.6,1.17,17387000,0,紅增,否,,51.22,50.64,50.39,,2.3172,1.098,-0.3756
4183,福永生技,2026-09-01,14.0,0.0,0.0,1000000,0,綠增,否,,14.25,14.47,14.23,,-3.0612,0.8008,0.7612
4188,安克,2026-09-01,14.55,-0.3,-2.02,320775000,0,紅增,否,,12.19,11.01,10.47,,23.9829,11.9345,3.4089
4192,杏國,2026-09-01,19.0,-0.05,-0.26,5055000,0,紅縮,否,,19.69,19.35,19.43,,3.6316,1.0711,-1.0947
4198,欣大健康,2026-09-01,43.95,-0.05,-0.11,3481000,0,綠轉紅,否,,41.98,41.63,41.52,,1.6957,0.1443,-0.1563
4205,中華食,2026-09-01,69.6,-0.1,-0.14,15088000,0,紅增,否,,69.42,69.48,70.22,,-0.1726,-0.5724,-1.3419
4207,環泰,2026-09-01,20.5,-0.3,-1.44,66102000,0,紅縮,否,,20.69,20.49,20.14,,1.9714,2.3988,1.0157
4303,信立,2026-09-01,37.55,-0.6,-1.57,1277577000,0,紅縮,否,,49.03,46.96,44.93,,9.2225,7.892,1.7436
4304,勝昱,2026-09-01,22.8,-2.5,-9.88,189192000,0,紅縮,是,,24.74,20.39,19.3,,54.2394,21.1527,7.9894
4401,東隆興,2026-09-01,13.9,-0.05,-0.36,57861000,0,綠增,是,,14.08,14.04,14.35,,0.6433,-1.5778,-1.4421
4402,郡都開發,2026-09-01,14.85,-0.1,-0.67,6230000,0,綠縮,否,,14.85,15.4,15.78,,-6.9549,-3.7488,-2.952
4406,新昕纖,2026-09-01,10.05,-0.05,-0.5,46000000,0,紅縮,是,,10.06,10.1,10.0,,-0.789,0.3577,0.3715
4413,飛寶企業,2026-09-01,19.95,0.05,0.25,69262000,0,紅縮,否,,19.62,17.8,16.09,,22.7785,17.998,8.2759
4416,三圓,2026-09-01,12.45,-0.25,-1.97,1135257000,0,紅縮,否,,13.81,12.13,11.27,,32.0268,16.0134,6.4996
4417,金洲,2026-09-01,47.15,0.25,0.53,65607000,0,紅縮,否,,47.06,46.15,44.76,,4.023,4.4472,-0.6438
4419,皇家美食,2026-09-01,45.75,0.05,0.11,3000000,0,紅縮,否,,46.27,46.21,46.01,,0.2383,1.149,-0.2818
4420,光明,2026-09-01,37.7,0.8,2.17,82840000,0,紅增,是,,36.98,36.36,35.74,,3.4695,3.1343,-0.1746
4430,耀億,2026-09-01,17.8,-0.05,-0.28,21975000,0,紅縮,否,,18.13,17.9,17.38,,2.6033,3.558,1.3852
4432,銘旺實,2026-09-01,15.8,0.05,0.32,11299000,0,綠縮,否,,15.74,15.96,15.95,,-2.7194,0.0313,-1.0698
4433,興采,2026-09-01,18.95,0.0,0.0,38351000,0,綠增,否,,19.08,19.36,19.55,,-2.8513,-1.1741,-2.6391
4442,竣邦-KY,2026-09-01,50.7,0.0,0.0,25048000,0,綠增,否,,51.08,53.87,53.72,,-9.8482,-6.9763,0.4347
4502,健信,2026-09-01,15.65,-0.05,-0.32,28203000,0,紅轉綠,否,,15.69,15.7,15.7,,-0.1273,-0.0318,-0.1272
4503,金雨,2026-09-01,24.8,-0.1,-0.4,127671000,0,綠縮,否,,24.38,26.72,31.35,,-16.1046,-16.0936,-13.5759
4506,崇友,2026-09-01,122.0,0.5,0.41,53021000,0,綠增,否,,122.7,122.7,122.2,,0.0,0.8631,0.0409
4510,高鋒,2026-09-01,44.55,-0.2,-0.45,738891000,0,紅縮,否,,43.98,42.52,40.46,,7.1115,9.1236,0.4718
4513,福裕,2026-09-01,16.1,-0.05,-0.31,228662000,0,綠縮,否,,16.43,16.89,18.59,,-5.3571,-8.7004,-0.7605
4523,永彰,2026-09-01,24.1,0.3,1.26,48201000,0,紅縮,否,,24.18,24.73,24.49,,-4.3134,-0.0606,-2.1083
4527,方土霖,2026-09-01,40.75,-0.8,-1.93,71183000,0,紅縮,是,,40.92,40.58,39.87,,1.6899,2.3455,0.9175
4528,江興鍛,2026-09-01,15.05,0.0,0.0,8855000,0,綠縮,否,,15.07,15.14,15.27,,-0.9204,-0.7539,-0.6507
4529,淳紳,2026-09-01,3.99,0.16,4.18,60205000,0,綠縮,否,,3.36,3.72,4.02,,-17.8571,-10.7836,-6.686
4530,天意能創,2026-09-01,28.6,-0.4,-1.38,10071000,0,紅增,否,,27.18,26.21,25.85,,7.6862,4.5056,0.1162
4533,協易機,2026-09-01,26.45,0.15,0.57,977102000,0,紅增,否,,25.9,25.87,25.92,,0.2322,1.8504,-3.9555
4534,慶騰,2026-09-01,30.0,0.5,1.69,396273000,0,綠縮,否,,29.72,31.64,34.2,,-11.4686,-8.5537,-2.9791
4535,至興,2026-09-01,28.05,0.1,0.36,17004000,0,紅轉綠,是,,28.61,28.68,28.18,,-0.4523,1.8469,0.643
4538,大詠城,2026-09-01,17.7,-0.05,-0.28,16016000,0,紅增,否,,17.49,17.47,17.69,,0.2292,0.0286,-1.6678
4541,晟田,2026-09-01,66.5,-0.1,-0.15,1100445000,0,綠增,否,,67.3,67.21,68.07,,0.2682,1.1894,2.4148
4542,科嶠,2026-09-01,306.0,13.0,4.44,2088821000,0,綠縮,是,,264.9,270.45,291.5,,-4.0217,-4.9051,-11.2768
4543,萬在,2026-09-01,30.45,0.45,1.5,80217000,0,紅縮,否,,31.76,31.59,31.59,,1.05,1.9522,-3.0533
4549,桓達,2026-09-01,102.0,-1.0,-0.97,161478000,0,紅縮,是,,101.8,97.18,95.42,,9.9827,5.1618,0.1837
4550,長佳,2026-09-01,24.0,0.0,0.0,8060000,0,綠增,否,,24.32,24.38,24.57,,-0.4503,-0.3067,-1.0171
4554,橙的,2026-09-01,29.85,0.0,0.0,33820000,0,綠增,否,,31.16,31.15,31.0,,0.0964,1.1037,-0.3696
4556,旭然,2026-09-01,70.6,0.8,1.15,202470000,0,綠縮,否,,73.24,80.01,98.45,,-15.6027,-20.5777,-3.6691
4558,寶緯,2026-09-01,17.5,0.1,0.57,42270000,0,紅縮,否,,17.29,17.3,17.2,,-0.1732,2.0342,-1.5737
4561,健椿,2026-09-01,43.65,0.15,0.34,161627000,0,紅縮,否,,44.76,42.93,39.61,,8.9051,12.692,1.7731
4563,百德,2026-09-01,44.75,4.05,9.95,242321000,0,紅增,是,,40.67,39.98,39.78,,3.5387,2.6316,-1.1
4568,科際精密,2026-09-01,40.1,0.2,0.5,8201000,0,紅增,否,,39.63,39.55,39.81,,0.3799,0.1266,-1.2096
4577,達航科技,2026-09-01,87.4,1.4,1.63,605289000,0,紅增,是,,77.94,76.28,73.72,,4.4492,6.1066,-3.0445
4580,捷流閥業,2026-09-01,87.0,7.9,9.99,594487000,0,綠轉紅,是,,80.42,80.43,80.7,,-0.0249,-0.2109,-0.4994
4584,君帆,2026-09-01,39.15,-0.25,-0.63,6374000,0,紅縮,是,,39.26,39.06,39.5,,1.0293,-0.9258,-0.3972
4609,唐鋒,2026-09-01,4.25,-0.2,-4.49,7000000,0,綠增,否,,4.51,4.78,4.92,,-10.6223,-5.0477,-3.1763
4702,中美實,2026-09-01,9.68,0.04,0.41,88333000,0,紅增,否,,9.65,9.62,9.57,,0.542,1.0292,-0.8341
4706,大恭,2026-09-01,32.4,0.3,0.93,1000000,0,紅轉綠,否,,32.9,32.56,32.58,,2.1105,-0.3062,0.5787
4707,磐亞,2026-09-01,32.25,-1.15,-3.44,3689085000,0,綠增,否,,33.73,31.91,33.06,,12.0598,5.539,-1.3134
4711,永純,2026-09-01,16.8,-0.1,-0.59,33687000,0,紅增,否,,16.73,16.48,16.35,,3.0807,2.1382,-1.0741
4714,永捷,2026-09-01,10.9,-0.25,-2.24,1070519000,0,紅增,是,,10.72,10.56,10.69,,2.9779,0.8784,-3.3246
4716,大立,2026-09-01,17.55,-1.75,-9.07,4997507000,0,綠縮,是,,17.11,17.15,17.81,,-0.4075,-1.0675,-7.9824
4721,美琪瑪,2026-09-01,73.7,-0.7,-0.94,316557000,0,紅增,否,,73.34,72.88,72.65,,1.2704,2.0728,-5.4283
4726,永昕,2026-09-01,24.25,0.2,0.83,108031000,0,紅縮,否,,24.55,24.58,24.59,,-0.2438,-0.1827,-1.4722
4728,雙美,2026-09-01,405.0,3.0,0.75,2167000,0,紅增,否,,394.8,388.7,383.73,,3.1887,2.3029,1.1133
4729,熒茂,2026-09-01,18.95,0.1,0.53,52250000,0,紅增,否,,18.93,19.31,19.15,,-3.9086,1.0992,-4.1187
4735,豪展,2026-09-01,37.8,-0.2,-0.53,70520000,0,紅縮,否,,38.45,36.38,33.52,,12.0991,12.0437,5.9088
4741,泓瀚,2026-09-01,42.85,-0.3,-0.7,126005000,0,紅增,是,,41.59,42.71,44.12,,-5.1107,-2.0974,-7.1305
4743,合一,2026-09-01,46.45,-0.05,-0.11,504275000,0,紅縮,否,,47.86,46.56,46.74,,5.7446,3.0887,-4.0146
4744,皇將,2026-09-01,27.0,-0.05,-0.18,25055000,0,綠增,否,,27.8,28.22,29.34,,-2.933,-3.3893,-0.0341
4745,合富-KY,2026-09-01,11.85,-0.05,-0.42,19528000,0,紅增,否,,11.88,11.87,12.5,,0.2532,-1.861,-4.3611
4747,強生*,2026-09-01,26.05,-1.3,-4.75,102115000,0,紅轉綠,否,,48.25,48.72,48.87,,-1.911,-0.5816,-0.3822
4749,新應材,2026-09-01,799.0,30.0,3.9,640651000,0,紅增,是,,765.4,772.5,779.0,,-1.8214,1.1655,-4.0522
4754,國碳科,2026-09-01,38.6,0.05,0.13,45847000,0,紅增,是,,38.3,37.76,37.26,,2.9293,2.2201,0.9552
4760,勤凱,2026-09-01,268.0,,,468862000,0,紅增,否,,257.0,250.75,247.65,,5.1125,5.9358,-6.3882
4767,誠泰科技,2026-09-01,28.6,-0.65,-2.22,9377000,0,紅增,否,,27.69,27.23,27.17,,3.4367,1.3586,0.2953
4768,晶呈科技,2026-09-01,307.5,-3.0,-0.97,253213000,0,紅縮,否,,316.1,309.75,307.07,,4.1859,2.8899,-2.809
4772,台特化,2026-09-01,261.5,3.5,1.36,445413000,0,紅縮,否,,258.3,250.9,245.45,,6.078,6.2685,-1.6528
4806,桂田文創,2026-09-01,9.0,-0.17,-1.85,16055000,0,綠增,否,,9.21,9.6,9.81,,-7.8478,-3.7602,-2.1928
4903,聯光通,2026-09-01,37.6,1.2,3.3,1222301000,0,紅增,是,,35.79,37.03,36.48,,-6.4803,0.027,-2.7524
4905,台聯電,2026-09-01,89.4,-0.9,-1.0,60900000,0,紅縮,否,,89.98,80.56,73.56,,26.483,17.5887,8.1214
4907,富宇,2026-09-01,47.8,0.6,1.27,61861000,0,紅縮,否,,47.54,46.24,43.46,,5.7855,7.4474,3.5068
4908,前鼎,2026-09-01,229.5,20.5,9.81,2057908000,0,紅增,是,,169.2,161.6,150.57,,9.8701,11.8726,0.0831
4909,新復興,2026-09-01,39.15,0.55,1.42,392610000,0,紅增,是,,38.27,38.28,38.22,,-0.0522,1.9305,-3.4115
4911,德英,2026-09-01,29.5,0.5,1.72,39729000,0,綠縮,否,,29.08,28.89,31.24,,1.3594,-6.1871,-2.9658
4923,力士,2026-09-01,54.2,-1.1,-1.99,277026000,0,紅增,否,,52.22,49.93,48.37,,9.5908,10.5246,-5.5089
4924,欣厚-KY,2026-09-01,9.99,-0.01,-0.1,19018000,0,紅增,否,,9.8,9.89,9.97,,-1.863,0.3551,-8.3019
4931,新盛力,2026-09-01,260.5,1.5,0.58,5290358000,0,紅縮,否,,262.1,245.5,223.57,,14.5042,16.5994,0.8685
4933,友輝,2026-09-01,55.1,0.1,0.18,48501000,0,紅增,否,,54.14,54.76,55.75,,-2.2391,-0.7432,-5.0256
4939,亞電,2026-09-01,87.1,-2.1,-2.35,4934613000,0,紅增,否,,70.64,64.69,63.1,,20.2588,9.0158,4.6091
4946,辣椒,2026-09-01,91.8,-1.1,-1.18,22111000,0,紅縮,否,,92.68,85.35,84.77,,18.7901,10.2001,-2.7309
4950,金耘國際,2026-09-01,16.3,0.3,1.88,2051000,0,綠轉紅,否,,15.87,15.83,15.98,,0.5066,-0.8456,-0.6991
4951,精拓科,2026-09-01,79.2,0.8,1.02,133139000,0,紅增,否,,77.3,78.46,79.03,,-2.9138,-0.8718,-4.7547
4953,緯致,2026-09-01,122.5,0.0,0.0,154653000,0,紅縮,否,,122.6,124.25,123.28,,-2.6211,0.2016,-0.8446
4966,譜瑞-KY,2026-09-01,580.0,2.0,0.35,667523000,0,紅增,否,,565.2,576.7,584.7,,-3.9102,-1.7379,-3.5944
4971,IET-KY,2026-09-01,660.0,60.0,10.0,5517884000,0,紅增,是,,582.4,520.35,453.77,,27.0783,24.0257,7.8042
4972,湯石照明,2026-09-01,16.75,-0.05,-0.3,15827000,0,綠轉紅,否,,16.64,16.61,16.66,,0.4225,0.1206,-0.5669
4973,廣穎,2026-09-01,153.0,-1.0,-0.65,701024000,0,紅縮,否,,155.3,153.35,146.72,,2.576,7.4256,-1.4276
4974,亞泰,2026-09-01,69.1,0.1,0.14,81837000,0,紅縮,否,,68.94,68.97,68.3,,-0.087,1.4862,-0.5822
4979,華星光,2026-09-01,600.0,-9.0,-1.48,2791344000,0,紅縮,否,,579.0,537.6,459.3,,16.6868,21.4915,8.2234
4991,環宇-KY,2026-09-01,544.0,5.0,0.93,9314882000,0,紅增,是,,485.0,470.25,429.35,,6.4764,11.2096,-0.4002
4995,晶達,2026-09-01,50.3,0.3,0.6,19380000,0,紅增,否,,49.05,49.22,47.91,,-0.6683,1.5475,1.9581
5009,榮剛,2026-09-01,34.15,1.0,3.02,3660871000,0,紅縮,否,,34.3,33.59,33.5,,4.3505,2.0355,0.5629
5011,久陽,2026-09-01,18.3,0.3,1.67,202320000,0,綠縮,是,,17.74,17.81,18.73,,-0.8385,-3.2057,-7.4938
5013,強新,2026-09-01,28.55,-1.0,-3.38,7347000,0,紅增,否,,27.8,26.92,26.26,,6.7588,5.8592,0.7386
5014,建錩,2026-09-01,10.1,-0.05,-0.49,198095000,0,綠縮,否,,10.14,10.35,10.72,,-3.8863,-4.3016,-1.8094
5015,華祺,2026-09-01,22.1,-0.05,-0.23,31234000,0,紅增,是,,21.7,21.68,21.51,,0.1384,1.1191,-0.4858
5016,松和,2026-09-01,24.5,-0.2,-0.81,10000000,0,紅縮,否,,24.63,24.43,24.23,,1.6089,1.264,0.3729
5201,凱衛,2026-09-01,26.0,-0.4,-1.52,23031000,0,紅縮,否,,26.46,26.29,26.62,,1.2629,-0.7736,-0.5046
5202,力新,2026-09-01,12.0,0.05,0.42,76648000,0,綠轉紅,否,,11.95,12.09,12.43,,-2.2895,-1.2658,-5.6188
5205,中茂,2026-09-01,20.55,0.15,0.74,1223000,0,綠縮,否,,20.61,21.21,21.7,,-5.5454,-3.5463,-3.3196
5206,坤悅,2026-09-01,23.35,0.15,0.65,209065000,0,紅增,否,,22.83,22.3,21.51,,4.8209,6.088,-0.2087
5209,新鼎,2026-09-01,155.5,-1.5,-0.96,97232000,0,紅縮,是,,159.9,160.15,156.8,,-0.3117,2.2669,-0.2386
5210,寶碩,2026-09-01,28.6,-0.2,-0.69,135269000,0,綠縮,否,,28.71,28.59,29.04,,0.843,-0.3138,-1.4258
5211,蒙恬,2026-09-01,19.15,0.05,0.26,18007000,0,綠增,否,,19.34,19.54,19.51,,-2.0759,1.1123,-3.7964
5212,凌網,2026-09-01,46.6,-0.1,-0.21,10090000,0,綠增,是,,46.69,46.76,47.12,,-0.299,-0.6797,-0.3489
5213,亞昕,2026-09-01,21.0,-0.1,-0.47,285700000,0,紅縮,是,,21.34,21.25,21.6,,0.8507,-1.1398,-1.1552
5220,萬達光電,2026-09-01,20.0,0.1,0.5,5157000,0,綠縮,否,,19.89,20.09,20.39,,-1.9714,-1.5679,-0.9715
5223,安力-KY,2026-09-01,23.5,0.2,0.86,18101000,0,紅增,是,,23.47,23.41,23.33,,0.4709,1.6056,-1.8923
5227,立凱-KY,2026-09-01,31.45,1.1,3.62,205921000,0,綠縮,否,,31.06,32.74,34.09,,-9.788,-10.2262,-2.1811
5228,鈺鎧,2026-09-01,41.55,0.5,1.22,184764000,0,紅增,否,,41.13,40.98,41.74,,0.7348,2.1054,-10.0097
5230,雷笛克光學,2026-09-01,17.9,0.0,0.0,32241000,0,綠縮,否,,17.62,17.74,18.02,,-1.3438,-0.421,-4.008
5245,智晶,2026-09-01,23.2,0.1,0.43,38000000,0,紅增,是,,23.31,23.3,23.57,,0.0859,0.1504,-3.0742
5251,天鉞電,2026-09-01,26.3,0.3,1.15,28621000,0,綠轉紅,否,,25.26,25.42,26.22,,-1.251,-2.1932,-4.8449
5263,智崴,2026-09-01,99.6,0.2,0.2,159453000,0,綠轉紅,否,,91.08,91.51,93.63,,-0.9354,-2.2016,-2.3823
5272,笙科,2026-09-01,17.1,-0.25,-1.44,129906000,0,紅增,是,,17.02,17.39,17.98,,-4.1667,-2.7405,-4.9947
5274,信驊,2026-09-01,17120.0,1055.0,6.57,506459000,0,紅增,是,,15747.0,16088.0,14981.25,,-4.1512,4.4404,0.8957
5276,達輝-KY,2026-09-01,18.3,-0.35,-1.88,4000000,0,綠增,否,,19.12,19.16,19.13,,-0.4167,0.8156,0.1178
5278,尚凡*,2026-09-01,24.45,0.05,0.2,46329000,0,紅增,否,,24.39,24.43,24.25,,-0.2862,1.2855,-0.2161
5287,數字,2026-09-01,136.5,0.5,0.37,68755000,0,紅轉綠,否,,151.1,150.1,148.7,,1.3414,1.5562,-0.0504
5289,宜鼎,2026-09-01,1450.0,0.0,0.0,1543182000,0,紅縮,否,,1516.0,1480.0,1397.25,,4.9861,8.3455,-1.4633
5291,邑昇,2026-09-01,72.4,2.9,4.17,2687697000,0,紅增,是,,60.24,56.54,53.94,,14.0045,9.3511,1.2957
5299,杰力,2026-09-01,98.1,1.0,1.03,116973000,0,紅增,否,,98.44,100.67,98.64,,-4.3343,1.6766,-7.2543
5301,寶得利,2026-09-01,5.75,0.08,1.41,7931000,0,綠轉紅,否,,5.48,5.48,5.8,,-0.0365,-4.6649,-3.1166
5302,太欣,2026-09-01,10.35,0.1,0.98,249330000,0,綠縮,否,,10.32,10.52,10.71,,-3.7313,-0.2465,-7.7301
5309,系統電,2026-09-01,53.5,-0.4,-0.74,971021000,0,紅增,否,,52.58,53.12,53.1,,-2.0309,2.0163,-5.4237
5310,天剛,2026-09-01,24.3,-0.3,-1.22,1557000,0,綠增,否,,24.96,25.05,24.88,,-0.7555,1.2119,0.2317
5312,寶島科,2026-09-01,91.6,-0.5,-0.54,41648000,0,紅縮,否,,91.78,90.59,91.06,,2.6622,-1.081,0.6966
5314,世紀*,2026-09-01,35.3,-0.7,-1.94,5352178000,0,綠縮,是,,29.0,39.47,48.81,,-41.9303,-23.9133,-16.2053
5315,光聯,2026-09-01,19.15,0.05,0.26,104718000,0,紅增,否,,19.2,19.2,19.24,,0.0521,0.3398,-2.3963
5321,美而快,2026-09-01,78.2,-8.5,-9.8,1842228000,0,紅縮,是,,76.5,66.54,60.77,,35.2068,19.2473,7.2816
5324,士開,2026-09-01,12.3,0.0,0.0,194481000,0,紅縮,否,,12.28,12.25,12.13,,0.5733,1.1983,0.3932
5328,華容,2026-09-01,62.3,0.2,0.32,5154965000,0,綠縮,否,,62.18,63.75,63.02,,-4.8071,-0.9786,-5.2473
5340,建榮,2026-09-01,84.3,1.2,1.44,2571239000,0,紅增,否,,78.82,76.05,72.93,,7.56,9.3458,-2.3237
5344,立衛,2026-09-01,13.6,0.0,0.0,24001000,0,綠縮,否,,13.49,13.81,14.35,,-4.5294,-3.1217,-5.0132
5345,馥鴻,2026-09-01,21.9,-0.5,-2.23,3857000,0,綠縮,否,,21.77,22.39,22.12,,-5.389,-4.0291,-4.808
5347,世界,2026-09-01,153.5,2.0,1.32,9584951000,0,綠轉紅,否,,152.0,154.6,157.55,,-3.3079,-0.4828,-4.4717
5348,正能量智能,2026-09-01,16.8,0.1,0.6,1010000,0,綠縮,否,,16.57,16.59,16.64,,-0.1807,-0.1505,1.0167
5351,鈺創,2026-09-01,119.5,1.5,1.27,16305281000,0,紅縮,否,,118.8,113.22,99.54,,10.3679,20.7809,7.5527
5353,台林,2026-09-01,28.1,0.1,0.36,45096000,0,紅增,是,,28.04,28.14,27.94,,-0.673,0.7159,-2.1878
5355,佳總,2026-09-01,5.86,0.02,0.34,78006000,0,紅縮,是,,5.9,5.81,5.84,,3.0769,2.4519,-1.1006
5356,協益,2026-09-01,26.1,-0.15,-0.57,58918000,0,紅增,否,,25.94,25.5,25.12,,3.4703,2.9257,-1.0438
5364,力麗店,2026-09-01,8.46,0.0,0.0,61188000,0,綠增,是,,8.52,8.65,8.64,,-2.9385,-0.4144,-0.9291
5381,光譜,2026-09-01,26.5,-0.1,-0.38,1050656000,0,紅增,是,,24.84,24.4,24.12,,3.6728,3.8298,-3.8281
5386,青雲,2026-09-01,277.5,-2.5,-0.89,1782083000,0,紅增,是,,244.4,254.35,266.5,,-7.5293,1.093,-13.3051
5392,能率,2026-09-01,44.7,-1.1,-2.4,1693205000,0,紅縮,否,,45.4,44.95,43.12,,1.9996,7.3809,-1.5805
5398,慕康生醫,2026-09-01,14.2,-0.15,-1.05,112414000,0,紅增,否,,14.19,14.13,14.5,,0.8529,-2.3159,-3.0582
5403,中菲,2026-09-01,94.3,1.2,1.29,100981000,0,綠縮,是,,92.94,92.63,93.55,,0.6716,-0.6436,-0.378
5410,國眾,2026-09-01,35.65,-0.2,-0.56,254638000,0,紅縮,否,,36.21,35.75,36.13,,2.5779,0.4495,-5.4006
5425,台半,2026-09-01,95.2,0.4,0.42,13402345000,0,紅增,否,,89.54,86.08,87.36,,8.3757,5.3611,-11.5118
5426,振發,2026-09-01,30.5,-0.1,-0.33,2320232000,0,紅增,是,,28.18,27.62,26.92,,4.139,4.999,-2.517
5432,新門,2026-09-01,151.5,-5.5,-3.5,217489000,0,紅增,否,,148.4,132.45,126.02,,27.382,15.5457,0.1391
5438,東友,2026-09-01,16.85,-0.05,-0.3,18690000,0,綠轉紅,否,,16.8,16.98,17.32,,-2.0979,-0.7308,-3.4415
5439,高技,2026-09-01,275.0,7.5,2.8,5310341000,0,紅增,是,,247.8,239.8,243.53,,6.9025,5.3603,-8.4837
5443,均豪,2026-09-01,111.5,-1.5,-1.33,6176492000,0,紅增,是,,104.9,102.92,99.55,,3.9231,6.7524,-1.8969
5450,南良,2026-09-01,14.7,0.05,0.34,53882000,0,綠增,否,,14.99,14.87,15.37,,1.6961,-0.933,-0.4213
5452,佶優,2026-09-01,27.85,-0.2,-0.71,387096000,0,紅增,否,,27.16,26.84,26.68,,2.4133,3.4695,-4.9693
5455,昇益,2026-09-01,30.4,0.0,0.0,1000000,0,紅增,否,,29.53,28.91,28.23,,4.3832,3.4532,2.3382
5457,宣德,2026-09-01,27.9,-0.1,-0.36,402550000,0,綠轉紅,是,,27.29,27.64,28.65,,-2.5357,-3.085,-5.5473
5460,同協,2026-09-01,15.9,0.05,0.32,18213000,0,綠增,否,,16.19,16.15,16.23,,0.4966,0.5291,-2.6841
5464,霖宏,2026-09-01,69.0,-1.8,-2.54,322328000,0,綠縮,否,,69.22,67.87,72.8,,4.0589,-2.9597,-9.4421
5465,富驊,2026-09-01,24.7,0.35,1.44,94448000,0,紅增,否,,24.27,23.47,22.84,,7.0578,5.6493,-0.8251
5468,凱鈺,2026-09-01,25.2,0.7,2.86,237047000,0,綠增,否,,26.61,27.24,25.83,,-4.4867,4.8306,-4.59
5474,聰泰,2026-09-01,151.5,1.0,0.66,56397000,0,紅縮,否,,153.5,152.5,148.95,,1.3201,3.5302,-1.8936
5475,德宏,2026-09-01,200.5,-4.0,-1.96,6420091000,0,紅增,否,,176.7,156.3,150.93,,30.0221,17.7845,-5.8631
5478,智冠,2026-09-01,98.4,0.1,0.1,68208000,0,紅轉綠,否,,98.76,99.25,99.09,,-0.9826,-0.0302,-0.91
5481,新華,2026-09-01,20.8,0.0,0.0,258391000,0,紅增,否,,20.81,20.29,20.62,,5.2073,-0.2948,-0.109
5483,中美晶,2026-09-01,183.5,5.5,3.09,16192278000,0,綠縮,否,,182.1,178.8,198.57,,3.7607,-3.1682,-2.8617
5487,通泰,2026-09-01,29.5,0.75,2.61,34150000,0,紅縮,否,,29.87,29.42,28.76,,3.1067,3.0112,1.0452
5488,松普,2026-09-01,12.05,0.2,1.69,646862000,0,綠縮,是,,12.25,12.7,13.76,,-6.8441,-4.7976,-4.0599
5489,彩富,2026-09-01,41.55,0.4,0.97,60415000,0,綠縮,否,,41.49,41.74,43.59,,-1.2143,-2.2022,-11.4058
5490,同亨,2026-09-01,27.9,0.3,1.09,404251000,0,綠增,否,,29.04,30.33,30.81,,-8.1884,-5.6307,-0.653
5493,三聯,2026-09-01,86.8,0.5,0.58,114236000,0,紅增,是,,79.94,79.24,79.35,,1.7825,1.7071,-3.2966
5498,凱崴,2026-09-01,56.4,0.2,0.36,3875710000,0,紅增,是,,52.14,50.79,49.3,,5.4612,7.9605,-4.2351
5508,永信建,2026-09-01,52.9,0.0,0.0,181731000,0,紅縮,否,,53.2,52.89,52.89,,1.1792,2.0648,-2.1373
5511,德昌,2026-09-01,71.0,0.1,0.14,82258000,0,紅縮,否,,72.22,71.42,71.29,,2.2656,-0.9431,-1.5059
5512,力麒,2026-09-01,7.73,0.0,0.0,525883000,0,綠增,否,,7.78,7.77,7.81,,0.3351,-0.2311,-0.8697
5514,三豐,2026-09-01,14.8,0.05,0.34,33039000,0,紅增,是,,14.62,14.26,13.88,,5.2556,3.9752,1.4615
5516,雙喜,2026-09-01,11.75,-0.25,-2.08,22082000,0,紅縮,否,,11.87,12.03,11.3,,-2.6251,5.7118,3.386
5520,力泰,2026-09-01,82.8,-0.3,-0.36,8000000,0,紅縮,是,,83.02,82.71,82.57,,0.7524,0.3762,0.0363
5529,鉅陞,2026-09-01,22.7,0.45,2.02,185611000,0,紅增,是,,21.71,21.48,21.46,,2.1647,0.7505,0.1167
5530,龍巖,2026-09-01,50.2,-0.3,-0.59,303795000,0,紅縮,否,,50.36,49.67,48.86,,2.8175,2.571,0.5868
5536,聖暉*,2026-09-01,883.0,19.0,2.2,705671000,0,綠縮,否,,870.8,918.7,1021.35,,-9.911,-9.9137,-10.4393
5543,桓鼎-KY,2026-09-01,29.95,-0.05,-0.17,22000000,0,綠轉紅,否,,25.38,25.84,27.16,,-3.4981,-5.2091,-2.8347
5547,久舜,2026-09-01,19.85,0.2,1.02,24000000,0,紅增,否,,19.89,19.93,19.94,,-0.4006,-0.0502,-1.9302
5548,安倉,2026-09-01,20.45,-0.15,-0.73,20133000,0,紅增,否,,20.6,20.49,21.24,,1.0795,-0.2677,-3.5641
5603,陸海,2026-09-01,14.05,-0.05,-0.35,49587000,0,紅縮,否,,14.78,14.46,14.4,,4.5262,1.9027,0.1391
5604,中連,2026-09-01,30.85,0.0,0.0,19032000,0,紅增,是,,30.71,30.56,30.48,,0.9865,0.8414,-0.1147
5609,中菲行,2026-09-01,77.8,-0.2,-0.26,123631000,0,紅縮,否,,78.78,78.6,78.59,,0.4591,-0.0254,0.0127
5701,劍湖山,2026-09-01,4.45,0.06,1.37,87990000,0,綠縮,否,,4.22,4.26,4.43,,-2.1346,-3.9207,-4.0282
5703,亞都,2026-09-01,13.95,0.2,1.45,31775000,0,紅縮,是,,14.88,14.54,14.23,,4.7887,3.672,1.8058
5704,老爺知,2026-09-01,23.55,0.1,0.43,34245000,0,紅增,否,,23.37,22.54,22.05,,7.6462,4.2071,2.1188
5864,致和證,2026-09-01,36.6,0.85,2.38,2605339000,0,紅增,否,,34.47,33.12,32.87,,8.4986,4.8765,-5.9106
5878,台名,2026-09-01,38.5,0.05,0.13,6500000,0,紅縮,否,,38.54,38.45,38.56,,0.4431,-0.0909,-0.3102
5902,德記,2026-09-01,34.7,-0.05,-0.14,4113000,0,紅縮,否,,34.75,34.63,34.36,,0.6955,0.9768,0.8437
5903,全家,2026-09-01,185.5,0.5,0.27,25700000,0,綠縮,是,,185.5,185.65,187.22,,-0.1615,-0.9074,-0.4122
5904,寶雅*,2026-09-01,73.5,-1.5,-2.0,7870257000,0,綠縮,否,,74.94,198.64,430.32,,-76.7513,-58.0636,-26.1551
5905,南仁湖,2026-09-01,7.79,-0.01,-0.13,270118000,0,綠縮,否,,7.91,8.01,8.3,,-2.4914,-3.0512,-2.1348
6015,宏遠證,2026-09-01,16.6,0.4,2.47,2381110000,0,紅增,是,,15.92,15.87,16.02,,0.6958,0.7621,-2.674
6016,康和證,2026-09-01,21.55,0.35,1.65,3207305000,0,綠轉紅,否,,19.83,19.9,21.73,,-0.7508,-6.1749,-8.4553
6020,大展證,2026-09-01,20.95,0.25,1.21,18100000,0,綠轉紅,否,,20.62,20.82,21.14,,-1.9496,-1.4434,-2.3551
6021,美好證,2026-09-01,39.1,0.45,1.16,82506000,0,紅增,否,,38.3,36.84,36.47,,8.2227,5.2714,-0.5658
6023,元大期,2026-09-01,85.6,-1.5,-1.72,592719000,0,綠縮,否,,83.1,84.76,87.59,,-3.8417,-2.215,-5.7307
6026,福邦證,2026-09-01,15.15,0.15,1.0,892172000,0,紅增,否,,14.8,14.54,14.38,,3.5689,2.8279,-1.8929
6028,公勝保經,2026-09-01,96.2,0.7,0.73,5248000,0,紅縮,否,,96.72,91.56,85.47,,11.9444,10.3531,5.4795
6101,寬魚國際,2026-09-01,37.7,-0.7,-1.82,476861000,0,紅縮,是,,38.46,36.95,37.29,,8.4908,1.7063,-2.1839
6103,合邦,2026-09-01,44.6,0.1,0.22,28657000,0,紅增,是,,33.63,31.12,30.94,,17.5463,4.9048,1.5424
6104,創惟,2026-09-01,98.0,0.8,0.82,382187000,0,紅增,否,,96.1,94.61,93.55,,3.2002,3.1846,-1.8621
6109,亞元,2026-09-01,10.9,0.0,0.0,100985000,0,綠縮,否,,10.83,11.04,11.42,,-3.6477,-3.3713,-5.5016
6111,光聚晶電,2026-09-01,38.15,0.15,0.39,198854000,0,綠轉紅,是,,36.64,37.1,38.52,,-2.4494,-3.4483,-3.7416
6113,亞矽,2026-09-01,23.1,0.3,1.32,56374000,0,紅縮,否,,23.06,23.26,23.09,,-1.6631,2.6258,-3.2778
6114,久威,2026-09-01,25.25,-0.15,-0.59,10186000,0,綠縮,否,,25.32,26.0,26.88,,-5.0975,-3.5071,-5.0596
6118,建達,2026-09-01,15.2,-0.1,-0.65,71446000,0,綠縮,否,,15.35,15.46,15.8,,-1.3496,-1.6545,-2.485
6121,新普,2026-09-01,408.5,4.5,1.11,372543000,0,紅增,否,,396.1,394.4,382.7,,0.8658,3.7622,-2.7508
6122,擎邦,2026-09-01,48.05,0.05,0.1,93738000,0,綠縮,否,,48.25,47.88,49.19,,1.5576,-1.5119,-1.6446
6123,上奇,2026-09-01,43.55,0.05,0.11,32868000,0,紅縮,否,,43.24,43.12,42.63,,0.5581,0.9009,0.6969
6124,業強,2026-09-01,27.05,0.15,0.56,15861000,0,紅增,否,,27.0,26.58,26.73,,3.211,0.8155,-2.4272
6125,廣運,2026-09-01,50.8,0.3,0.59,638633000,0,紅縮,否,,53.14,51.16,50.65,,8.0521,5.4411,-2.6897
6126,信音,2026-09-01,30.15,0.2,0.67,369625000,0,紅增,否,,29.58,30.11,30.48,,-3.491,-1.0514,-4.5782
6127,九豪,2026-09-01,50.4,2.0,4.13,3963194000,0,綠轉紅,是,,48.8,49.31,52.75,,-2.0474,-2.1044,-13.0829
6129,普誠,2026-09-01,13.1,0.0,0.0,553233000,0,綠縮,否,,13.5,13.93,14.6,,-5.9889,-3.331,-9.29
6130,上亞科技,2026-09-01,26.8,0.0,0.0,69435000,0,紅縮,否,,27.31,26.59,26.13,,5.5663,5.078,2.682
6134,萬旭,2026-09-01,28.95,0.3,1.05,109454000,0,紅增,否,,28.16,27.74,27.09,,3.0747,4.9962,-3.9021
6138,茂達,2026-09-01,293.5,1.5,0.51,525603000,0,綠縮,否,,284.9,285.5,298.02,,-0.4194,-3.4494,-8.8818
6140,訊達,2026-09-01,16.95,-0.05,-0.29,26710000,0,紅縮,否,,17.06,16.93,17.17,,1.6081,0.6542,-4.7038
6143,振曜,2026-09-01,88.5,-0.1,-0.11,323026000,0,綠縮,否,,89.42,89.91,92.45,,-1.0841,-1.0238,-3.8482
6144,得利影,2026-09-01,13.65,0.1,0.74,5023000,0,綠轉紅,否,,13.41,13.51,13.65,,-1.4695,-1.2066,-1.6393
6146,耕興,2026-09-01,194.0,1.5,0.78,167711000,0,紅縮,否,,193.4,193.2,191.28,,0.2073,1.1518,-0.9579
6147,頎邦,2026-09-01,183.5,8.0,4.56,23238950000,0,紅增,否,,165.9,158.6,163.0,,9.6497,4.0341,-6.2005
6148,驊宏資,2026-09-01,28.0,0.0,0.0,34570000,0,紅增,否,,27.56,27.96,28.36,,-2.8551,-0.2319,-4.6639
6150,撼訊,2026-09-01,60.9,0.4,0.66,91362000,0,紅縮,否,,60.7,59.99,58.48,,2.3954,4.7311,-0.5188
6151,晉倫,2026-09-01,35.9,0.2,0.56,133454000,0,紅縮,否,,35.95,35.71,35.75,,1.3247,1.9409,-2.3623
6154,順發,2026-09-01,14.1,0.05,0.36,36014000,0,紅增,否,,13.92,13.83,13.73,,1.2364,1.207,0.0911
6156,松上,2026-09-01,21.3,0.0,0.0,445344000,0,綠縮,否,,20.98,21.24,22.46,,-2.4186,-2.6358,-8.186
6158,禾昌,2026-09-01,16.85,0.25,1.51,50868000,0,綠縮,否,,16.59,16.77,17.36,,-2.1816,-3.0627,-3.3547
6160,欣技,2026-09-01,15.05,0.05,0.33,47331000,0,紅縮,否,,15.4,14.8,14.91,,8.3744,2.3859,-1.7787
6161,捷波,2026-09-01,50.0,0.45,0.91,51290000,0,紅縮,否,,50.46,51.34,50.55,,-3.3704,1.4324,-2.1866
6163,華電網,2026-09-01,41.95,-0.05,-0.12,442475000,0,紅縮,否,,42.04,41.76,41.49,,1.35,1.8909,-3.1571
6167,久正,2026-09-01,10.45,-0.05,-0.48,508680000,0,紅縮,是,,10.58,10.54,10.65,,0.858,0.429,-3.4655
6169,昱泉,2026-09-01,12.35,-0.05,-0.4,13232000,0,綠縮,是,,12.43,12.78,13.39,,-5.3313,-4.9107,-3.9971
6170,統振,2026-09-01,48.0,-0.15,-0.31,159030000,0,紅增,否,,47.76,47.25,47.08,,2.1823,1.102,-1.4032
6171,大城地產,2026-09-01,26.45,0.0,0.0,35954000,0,紅增,否,,24.22,24.02,23.62,,1.722,2.3221,0.4678
6173,信昌電,2026-09-01,261.5,15.5,6.3,22089519000,0,紅增,否,,220.2,199.35,190.68,,23.3613,17.4028,-8.7461
6174,安碁,2026-09-01,44.75,-0.5,-1.1,737715000,0,紅增,否,,44.74,43.56,45.76,,5.5438,2.53,-7.3223
6175,立敦,2026-09-01,73.7,0.2,0.27,1015824000,0,綠縮,否,,73.5,74.69,81.15,,-3.1365,-3.5013,-9.8584
6179,亞通,2026-09-01,30.2,-0.3,-0.98,3897676000,0,紅增,是,,27.64,27.24,26.18,,2.9806,6.3855,0.4027
6180,橘子,2026-09-01,40.8,-0.4,-0.97,495911000,0,綠縮,是,,41.32,41.46,42.47,,-0.6731,-1.4265,-3.5045
6182,合晶,2026-09-01,116.0,10.5,9.95,72836683000,0,綠縮,否,,109.9,105.0,118.94,,9.7902,0.1144,-8.9211
6185,幃翔,2026-09-01,12.9,-0.05,-0.39,219871000,0,綠縮,否,,12.88,13.32,13.65,,-6.3953,-3.8267,-2.7951
6186,新潤,2026-09-01,31.35,-0.65,-2.03,913630000,0,綠縮,否,,32.84,35.22,38.79,,-12.6596,-11.7072,-6.2643
6187,萬潤,2026-09-01,1375.0,30.0,2.23,3193859000,0,紅增,否,,1262.0,1182.9,1077.95,,14.3323,15.1129,6.3696
6188,廣明,2026-09-01,67.9,0.7,1.04,370094000,0,紅增,否,,67.92,69.1,69.6,,-3.358,0.0,-3.9072
6190,萬泰科,2026-09-01,71.6,1.0,1.42,2972694000,0,紅增,是,,66.96,66.91,68.12,,0.1496,0.4052,-5.9376
6194,育富,2026-09-01,29.75,-0.05,-0.17,23278000,0,紅增,否,,29.52,29.62,29.86,,-0.7064,-0.4536,-2.1784
6195,詩肯,2026-09-01,27.95,-0.35,-1.24,11467000,0,紅縮,否,,27.89,27.91,27.33,,-0.1074,1.7502,1.8826
6198,瑞築,2026-09-01,19.4,-0.05,-0.26,6000000,0,紅縮,否,,19.5,19.45,19.74,,0.4637,-0.4095,-1.5093
6199,天品,2026-09-01,93.1,0.3,0.32,717394000,0,綠縮,否,,93.66,96.71,98.25,,-6.1147,-2.6769,-2.7566
6203,海韻電,2026-09-01,60.3,0.5,0.84,55003000,0,綠縮,否,,60.12,60.85,63.1,,-2.3709,-4.2486,-2.8708
6204,艾華,2026-09-01,90.0,6.0,7.14,390439000,0,紅增,是,,85.52,81.72,78.18,,9.7536,11.32,-7.3971
6207,雷科,2026-09-01,107.5,2.0,1.9,2906079000,0,綠縮,否,,102.9,103.97,111.73,,-2.0373,-2.3022,-7.9499
6208,日揚,2026-09-01,81.6,-0.1,-0.12,184786000,0,紅增,否,,81.72,81.83,82.66,,-0.2685,-0.1708,-2.8731
6217,中探針,2026-09-01,189.5,17.0,9.86,6265862000,0,紅增,是,,159.0,154.1,162.57,,6.5684,5.8743,-12.7231
6218,豪勉,2026-09-01,41.6,1.1,2.72,1336887000,0,紅增,否,,39.31,36.95,35.41,,13.6784,10.5476,2.5038
6219,富旺,2026-09-01,12.1,0.0,0.0,29980000,0,綠縮,否,,12.24,12.3,12.67,,-0.9709,-3.6428,-1.1898
6220,岳豐,2026-09-01,25.85,-0.1,-0.39,226031000,0,紅增,是,,25.76,25.74,27.61,,0.1166,-2.1847,-6.7714
6221,晉泰,2026-09-01,21.55,-0.1,-0.46,123152000,0,紅縮,否,,22.6,22.05,21.71,,5.0674,3.0848,0.2656
6222,立軒,2026-09-01,20.0,0.1,0.5,19000000,0,綠增,是,,20.13,20.21,20.46,,-0.8374,-1.2216,-0.8962
6223,旺矽,2026-09-01,5410.0,280.0,5.46,1649021000,0,綠增,是,,5538.0,5848.0,5781.25,,-10.0682,0.2486,-5.1438
6227,茂綸,2026-09-01,113.5,2.5,2.25,427838000,0,紅縮,是,,117.3,119.8,114.95,,-4.0883,2.7444,-0.9905
6229,研通,2026-09-01,23.95,0.0,0.0,34410000,0,紅增,否,,23.5,23.54,23.65,,-0.297,1.0954,-3.4106
6231,系微,2026-09-01,222.5,5.5,2.53,145636000,0,紅增,否,,214.8,217.1,222.85,,-2.0966,-0.2756,-6.1487
6233,旺玖,2026-09-01,21.3,-0.15,-0.7,98782000,0,紅增,否,,21.21,21.22,21.62,,-0.0942,0.5687,-4.1888
6234,高僑,2026-09-01,35.8,0.0,0.0,267033000,0,紅增,否,,35.23,35.57,35.88,,-1.8936,1.8031,-7.0341
6236,中湛,2026-09-01,19.05,0.0,0.0,2000000,0,綠轉紅,是,是,15.8,15.7,16.37,17.46,1.2821,-3.8285,-1.8727
6237,驊訊,2026-09-01,35.15,0.5,1.44,126333000,0,紅增,否,,34.03,34.1,34.61,,-0.4097,0.9772,-6.5226
6240,松崗,2026-09-01,25.8,0.5,1.98,341315000,0,紅增,是,,22.61,20.95,19.6,,17.211,11.9722,5.7879
6241,鑫永洋,2026-09-01,17.25,0.2,1.17,90271000,0,綠縮,否,,15.43,15.78,16.15,,-4.3397,-3.3976,0.8112
6242,立康,2026-09-01,33.6,-0.5,-1.47,3161000,0,綠增,否,,33.92,34.17,34.99,,-1.4813,-2.3711,-1.4852
6244,茂迪,2026-09-01,23.9,-0.15,-0.62,1389573000,0,紅縮,否,,24.5,24.27,24.53,,1.9135,1.825,-2.4262
6245,立端,2026-09-01,78.8,,,609886000,0,紅轉綠,否,,81.08,82.32,80.96,,-2.9679,0.4883,0.1237
6246,臺龍,2026-09-01,12.35,0.15,1.23,32906000,0,紅增,是,,12.35,12.52,12.94,,-2.6025,-1.1453,-5.8032
6248,沛波,2026-09-01,17.15,0.1,0.59,31536000,0,紅轉綠,否,,17.81,17.79,17.72,,0.2815,0.7363,-0.575
6259,百徽,2026-09-01,30.6,0.2,0.66,428892000,0,綠縮,否,,29.81,30.38,31.74,,-3.6834,-2.8306,-7.1455
6261,久元,2026-09-01,81.9,3.9,5.0,675395000,0,紅增,是,,79.02,78.26,80.66,,1.9613,-0.3946,-4.0963
6263,普萊德,2026-09-01,165.5,1.5,0.91,114130000,0,紅增,是,,163.2,160.2,155.85,,3.8168,4.8086,-0.6059
6264,富裔,2026-09-01,6.05,-0.03,-0.49,17152000,0,紅增,否,,6.03,6.04,6.03,,-0.2974,0.116,-0.4536
6265,方土昶,2026-09-01,56.7,-0.7,-1.22,3033084000,0,紅縮,否,,58.86,56.31,51.53,,9.4866,14.7544,3.7343
6266,泰詠,2026-09-01,24.75,-0.1,-0.4,122842000,0,紅縮,否,,25.06,24.89,24.95,,1.3344,1.0144,-0.3594
6270,倍微,2026-09-01,29.65,0.0,0.0,229069000,0,綠轉紅,否,,29.59,29.74,30.23,,-1.0368,0.3712,-5.51
6274,台燿,2026-09-01,1450.0,15.0,1.05,4920102000,0,紅縮,否,,1492.0,1477.5,1355.25,,1.9822,11.2157,-2.3419
6275,元山,2026-09-01,46.05,-0.25,-0.54,195173000,0,紅增,否,,44.65,44.06,44.11,,2.7145,2.5128,-2.4116
6276,安鈦克,2026-09-01,20.2,0.1,0.5,27667000,0,紅增,否,,20.01,19.99,20.27,,0.2003,0.3514,-2.7814
6279,胡連,2026-09-01,126.5,1.0,0.8,670569000,0,紅縮,是,,127.2,125.9,120.97,,2.0867,5.3556,0.9808
6284,佳邦,2026-09-01,80.1,2.5,3.22,2504601000,0,紅增,是,,76.98,76.73,78.34,,0.6538,1.0137,-7.4219
6290,良維,2026-09-01,259.5,6.0,2.37,5401763000,0,紅增,否,,230.7,222.6,229.85,,7.5524,1.2048,-7.6908
6291,沛亨,2026-09-01,424.0,19.0,4.69,795338000,0,紅增,是,,388.1,381.55,374.75,,3.4933,5.6194,-6.1952
6292,迅德,2026-09-01,61.8,-0.4,-0.64,130366000,0,紅縮,否,,61.48,61.1,55.87,,1.2516,10.7988,0.6213
6294,智基,2026-09-01,28.9,0.15,0.52,15459000,0,紅縮,否,,28.81,28.06,27.62,,5.4539,3.2371,0.6469
6411,晶焱,2026-09-01,80.6,0.8,1.0,173314000,0,紅增,否,,78.58,77.79,79.14,,2.0519,1.0654,-6.082
6417,韋僑,2026-09-01,106.5,0.5,0.47,48417000,0,綠縮,否,,108.4,110.35,113.88,,-3.4728,-2.9464,-5.3211
6418,詠昇,2026-09-01,35.6,1.25,3.64,281117000,0,紅增,是,,33.41,32.58,31.37,,5.2283,6.0374,-0.1512
6419,京晨科,2026-09-01,154.0,-0.5,-0.32,120347000,0,紅縮,否,,158.0,151.55,142.57,,8.8904,10.1381,2.1677
6423,億而得,2026-09-01,82.8,1.7,2.1,43150000,0,紅增,否,,80.04,78.95,74.22,,2.7999,7.62,-1.5454
6425,易發,2026-09-01,67.4,-0.4,-0.59,2322063000,0,紅增,是,,60.06,57.97,58.38,,7.4803,3.9448,-4.4286
6432,今展科,2026-09-01,62.8,0.2,0.32,392740000,0,綠增,否,,64.44,68.73,69.75,,-11.7502,-4.9509,-4.255
6435,大中,2026-09-01,248.5,4.5,1.84,488541000,0,綠縮,否,,253.8,253.05,266.32,,0.5945,-0.9977,-11.696
6441,廣錠,2026-09-01,21.35,0.1,0.47,51051000,0,紅縮,否,,21.5,21.45,21.13,,0.4673,2.8777,-1.5148
6461,益得,2026-09-01,16.65,0.1,0.6,130133000,0,紅增,否,,15.93,15.89,15.77,,0.4414,0.2207,0.0952
6462,神盾,2026-09-01,101.0,1.1,1.1,385479000,0,紅增,否,,99.56,99.34,98.92,,0.4439,1.5643,-3.6384
6465,威潤,2026-09-01,47.5,-0.95,-1.96,267010000,0,綠縮,是,,46.07,46.72,49.54,,-2.7444,-3.4312,-6.5236
6469,大樹,2026-09-01,67.6,-0.6,-0.88,544796000,0,綠縮,否,,69.02,70.55,74.28,,-4.2453,-6.1586,-2.5259
6470,宇智,2026-09-01,41.6,0.1,0.24,49675000,0,綠縮,是,,41.75,42.08,44.37,,-1.533,-4.8723,-3.7736
6474,華豫寧,2026-09-01,36.8,0.3,0.82,48342000,0,紅縮,否,,38.65,38.48,37.78,,0.8612,2.1771,0.646
6482,弘煜科,2026-09-01,24.85,0.0,0.0,15302000,0,綠增,否,,27.28,27.45,27.62,,-1.231,-1.0276,-0.4146
6485,點序,2026-09-01,62.0,-0.3,-0.48,143230000,0,紅增,否,,60.28,61.62,62.65,,-4.2567,0.0,-6.9301
6486,互動,2026-09-01,76.6,-1.2,-1.54,106630000,0,綠轉紅,是,,74.44,74.39,76.02,,0.1345,-1.2085,-2.7318
6488,環球晶,2026-09-01,994.0,82.0,8.99,13645310000,0,綠縮,否,,983.6,944.2,1058.95,,8.7091,-1.193,-6.2295
6492,生華科,2026-09-01,34.35,-0.15,-0.43,152348000,0,綠縮,否,,35.4,36.94,39.44,,-7.9802,-6.6473,-5.2385
6494,九齊,2026-09-01,55.0,1.2,2.23,87680000,0,紅增,否,,54.36,53.62,52.46,,2.7794,6.325,-5.4173
6496,科懋,2026-09-01,24.35,0.05,0.21,5564000,0,綠縮,否,,24.3,24.27,24.54,,0.2889,-0.5125,-0.3047
6498,久禾光,2026-09-01,73.6,-0.8,-1.08,161277000,0,紅增,是,,74.88,74.67,76.94,,0.5641,-0.6255,-5.1353
6499,益安,2026-09-01,74.3,-3.2,-4.13,678228000,0,紅增,是,,66.86,64.05,63.59,,9.177,4.9312,-1.7989
6506,雙邦,2026-09-01,18.0,0.1,0.56,54043000,0,紅增,否,,17.64,17.3,17.47,,4.0094,1.7647,-1.619
6508,惠光,2026-09-01,25.95,0.05,0.19,11748000,0,綠增,否,,26.11,26.09,26.09,,0.115,-0.6094,1.1635
6509,聚和,2026-09-01,46.0,0.05,0.11,610863000,0,綠縮,否,,45.79,46.14,46.64,,-1.4845,0.6106,-4.3726
6510,精測,2026-09-01,3125.0,280.0,9.84,898482000,0,紅增,是,,2773.0,2777.5,2689.0,,-0.3235,4.3781,-1.7717
6512,啟發電,2026-09-01,20.6,0.0,0.0,6664000,0,紅增,否,,20.43,20.21,20.17,,2.2011,0.8735,0.5986
6516,勤崴國際,2026-09-01,58.3,0.4,0.69,31013000,0,綠增,否,,58.02,59.06,58.11,,-3.4609,1.0609,0.0947
6517,保勝光學,2026-09-01,69.1,-1.7,-2.4,602163000,0,綠轉紅,否,,66.16,64.6,67.03,,4.9492,0.3417,-0.3197
6523,達爾膚,2026-09-01,89.6,-0.1,-0.11,10211000,0,紅縮,否,,89.8,90.14,90.02,,-0.7515,-0.0111,-0.7826
6527,明達醫,2026-09-01,74.5,0.0,0.0,17079000,0,紅縮,否,,75.08,74.01,71.59,,2.9339,5.098,0.7956
6530,創威,2026-09-01,96.4,8.3,9.42,5744138000,0,紅增,是,,85.22,82.93,76.7,,5.6796,10.958,0.2156
6532,瑞耘,2026-09-01,98.6,3.3,3.46,1994814000,0,紅增,是,,90.24,84.55,76.59,,14.4306,16.5885,1.9296
6535,順藥,2026-09-01,74.8,0.0,0.0,657565000,0,綠增,是,,78.36,83.35,86.72,,-11.2973,-5.9574,-6.2081
6538,倉和,2026-09-01,226.0,20.5,9.98,846472000,0,紅增,否,,203.0,180.05,159.6,,29.2171,23.8734,12.8513
6542,隆中,2026-09-01,44.15,0.0,0.0,18371000,0,綠縮,是,,44.36,45.53,46.04,,-5.0107,-3.3744,-0.6796
6546,正基,2026-09-01,63.0,0.1,0.16,133674000,0,紅縮,否,,62.62,61.97,60.76,,2.12,4.4673,-2.7687
6547,高端疫苗,2026-09-01,61.3,-2.6,-4.07,7959754000,0,紅增,是,,56.34,53.36,49.95,,11.8301,10.0887,4.8431
6548,長科*,2026-09-01,72.8,1.4,1.96,1719110000,0,紅增,否,,70.72,71.66,70.84,,-2.5895,3.4055,-5.7787
6556,勝品,2026-09-01,61.0,0.5,0.83,3097000,0,綠縮,否,,59.94,61.28,63.2,,-4.2798,-3.572,-4.5314
6560,欣普羅,2026-09-01,31.0,0.0,0.0,27007000,0,綠轉紅,是,,31.36,31.64,32.76,,-1.7852,-2.4807,-5.3798
6561,是方,2026-09-01,322.5,1.5,0.47,45074000,0,紅增,否,,322.6,324.55,324.23,,-1.1945,-0.6125,-0.9244
6568,宏觀,2026-09-01,132.5,3.5,2.71,48802000,0,紅增,否,,127.4,131.9,136.15,,-6.5982,-2.8719,-5.3363
6569,醫揚,2026-09-01,92.0,0.5,0.55,32143000,0,綠縮,否,,92.64,94.1,97.03,,-3.0557,-4.009,-3.4719
6570,維田,2026-09-01,51.7,1.3,2.58,87126000,0,紅縮,否,,52.96,54.22,51.72,,-4.5422,2.6019,-0.2219
6574,霈方,2026-09-01,119.5,-2.0,-1.65,50207000,0,綠增,否,,119.6,125.5,125.9,,-8.9802,-1.2977,-0.5529
6576,逸達,2026-09-01,81.0,-0.2,-0.25,90735000,0,綠縮,否,,79.92,79.73,80.36,,0.4777,-0.7346,-1.0528
6577,勁豐,2026-09-01,80.0,-0.7,-0.87,46099000,0,綠增,否,,80.56,80.08,80.09,,1.206,-1.8868,1.0407
6578,達邦蛋白,2026-09-01,17.9,-0.15,-0.83,23097000,0,紅縮,否,,18.11,18.07,17.16,,0.4994,5.891,2.4328
6584,南俊國際,2026-09-01,667.0,38.0,6.04,1467151000,0,紅增,是,,604.2,560.35,554.35,,16.9797,10.5445,-3.6081
6588,東典光電,2026-09-01,109.0,-1.5,-1.36,1599141000,0,紅縮,否,,106.1,99.43,88.09,,14.3812,15.0943,7.2111
6590,普鴻,2026-09-01,64.3,0.3,0.47,14472000,0,綠縮,是,,64.58,64.88,65.55,,-0.9205,-0.8103,-1.1388
6593,台灣銘板,2026-09-01,31.75,-1.1,-3.35,119335000,0,紅轉綠,是,,32.21,32.31,32.83,,-0.6171,-1.0262,-1.2335
6596,寬宏藝術,2026-09-01,96.3,0.0,0.0,53242000,0,紅縮,否,,95.62,92.97,90.31,,5.868,4.7904,0.6968
6603,富強鑫,2026-09-01,25.55,0.15,0.59,767180000,0,紅轉綠,否,,26.46,26.77,25.68,,-2.3256,3.4583,0.6172
6609,瀧澤科,2026-09-01,40.1,0.5,1.26,143981000,0,紅增,是,,39.51,38.99,39.21,,2.6767,2.6049,-0.6021
6612,奈米醫材,2026-09-01,71.5,0.0,0.0,14586000,0,紅縮,否,,73.2,72.91,71.79,,0.7987,2.1148,-0.6229
6613,朋億*,2026-09-01,274.0,-4.5,-1.62,664533000,0,綠縮,是,,255.6,265.3,291.2,,-7.0545,-6.8959,-6.6592
6615,慧智,2026-09-01,34.6,0.15,0.44,6824000,0,綠轉紅,否,,34.25,34.24,34.23,,0.0584,0.6023,-1.8779
6616,特昇-KY,2026-09-01,8.2,0.06,0.74,14000000,0,綠增,否,,8.4,8.58,8.8,,-4.198,-3.0392,-1.6428
6617,共信-KY,2026-09-01,122.0,1.5,1.24,979189000,0,紅增,否,,112.1,102.47,98.74,,20.7454,14.8381,1.8463
6620,漢達,2026-09-01,86.8,-6.1,-6.57,4752630000,0,綠縮,是,,77.6,80.07,83.51,,-5.985,-6.0762,-7.4579
6624,萬年清,2026-09-01,41.3,0.0,0.0,1008000,0,紅縮,否,,41.95,41.27,41.25,,3.3251,1.0528,-0.3864
6629,泰金-KY,2026-09-01,109.0,0.5,0.46,49021000,0,紅縮,是,,110.5,109.2,107.05,,2.4096,2.8249,0.5164
6637,醫影,2026-09-01,55.8,-0.3,-0.53,39241000,0,紅轉綠,否,,61.06,61.46,62.23,,-1.2932,-1.3008,-1.3708
6640,均華,2026-09-01,1120.0,-20.0,-1.75,1346253000,0,紅增,是,,1013.4,989.0,947.8,,5.0591,7.2668,-1.1215
6642,富致,2026-09-01,82.3,1.7,2.11,265206000,0,紅增,否,,78.44,79.67,77.17,,-3.0408,3.5079,-1.2793
6643,M31,2026-09-01,422.0,10.5,2.55,590441000,0,紅增,是,,413.5,421.15,415.68,,-3.5681,1.2867,-3.4325
6649,台生材,2026-09-01,35.4,0.5,1.43,12004000,0,綠縮,否,,35.27,35.67,36.84,,-2.245,-2.7929,-2.3462
6651,全宇昕,2026-09-01,155.5,7.0,4.71,509680000,0,紅增,是,,143.9,137.05,129.55,,10.5223,10.2574,-3.0858
6654,天正國際,2026-09-01,210.0,16.0,8.25,200491000,0,綠轉紅,是,,173.7,171.9,172.72,,2.1164,2.0784,-3.1403
6661,威健生技,2026-09-01,17.15,0.05,0.29,2000000,0,綠縮,否,,17.03,17.1,17.53,,-0.7576,-2.2864,-1.2535
6664,群翊,2026-09-01,365.0,17.5,5.04,552017000,0,紅增,否,,352.0,351.4,353.93,,0.3421,1.502,-2.0073
6667,信紘科,2026-09-01,217.5,0.0,0.0,190508000,0,綠縮,是,,219.4,224.05,231.47,,-4.0665,-2.6293,-4.3294
6679,鈺太,2026-09-01,208.5,8.0,3.99,415005000,0,紅增,是,,200.2,207.05,214.55,,-6.4049,-3.6304,-6.1974
6680,鑫創電子,2026-09-01,52.9,0.9,1.73,1002000,0,綠縮,否,,52.12,53.36,53.41,,-4.5421,-3.5605,1.3905
6683,雍智科技,2026-09-01,1330.0,120.0,9.92,199673000,0,紅增,否,,1152.0,1175.2,1182.3,,-3.8718,2.9432,-10.7395
6684,安格,2026-09-01,46.7,0.15,0.32,54961000,0,綠縮,否,,46.31,47.46,48.29,,-4.7315,-1.5455,-5.3189
6690,安碁資訊,2026-09-01,164.0,-0.5,-0.3,30570000,0,紅縮,否,,163.9,163.75,162.85,,0.1834,0.8002,-0.3061
6692,進能服,2026-09-01,23.15,-1.15,-4.73,16185000,0,紅縮,否,,23.93,23.71,23.51,,1.8731,2.0663,-1.374
6693,廣閎科,2026-09-01,183.5,7.0,3.97,1430174000,0,綠縮,是,,168.5,171.9,178.07,,-3.8791,-0.492,-10.5151
6697,東捷資訊,2026-09-01,40.5,0.1,0.25,64000000,0,紅縮,是,,40.88,40.68,40.53,,0.9881,0.8553,-0.1109
6703,軒郁,2026-09-01,103.0,0.0,0.0,48019000,0,綠縮,是,,103.4,104.3,105.83,,-1.711,-0.9497,-3.2015
6708,天擎,2026-09-01,37.55,-0.05,-0.13,8000000,0,紅縮,否,,38.2,38.3,38.28,,-0.5467,0.7629,-1.0724
6712,長聖,2026-09-01,157.5,0.5,0.32,164506000,0,紅增,否,,155.8,152.8,151.75,,4.0053,3.0344,-2.3173
6716,應廣,2026-09-01,126.0,2.0,1.61,277972000,0,紅縮,否,,128.4,114.05,98.34,,28.7864,27.6155,7.894
6720,久昌,2026-09-01,132.0,-0.5,-0.38,25063000,0,紅縮,否,,135.2,136.1,136.55,,-1.3139,-0.1101,-1.621
6721,信實,2026-09-01,51.7,-0.3,-0.58,14519000,0,紅縮,否,,51.98,51.92,52.42,,0.2314,-0.441,-1.429
6725,矽科宏晟,2026-09-01,229.0,7.0,3.15,65537000,0,綠縮,否,,226.1,235.95,263.82,,-8.0146,-10.1314,-8.1869
6727,亞泰金屬,2026-09-01,576.0,52.0,9.92,2095419000,0,紅增,是,,478.9,432.25,394.75,,24.1961,19.1264,-0.7979
6728,上洋,2026-09-01,109.0,0.0,0.0,5987000,0,紅增,否,,108.8,107.35,108.08,,2.7384,0.0466,-0.2078
6732,昇佳電子,2026-09-01,151.5,0.0,0.0,125452000,0,綠縮,否,,150.7,153.45,168.65,,-3.5211,-5.2485,-6.3186
6733,博晟生醫,2026-09-01,27.7,0.9,3.36,337504000,0,綠轉紅,是,,26.03,26.15,25.58,,-0.9136,1.1605,0.294
6735,美達科技,2026-09-01,66.5,2.7,4.23,266705000,0,紅增,是,,63.62,64.03,65.64,,-1.2725,-0.3269,-7.1247
6739,竹陞科技,2026-09-01,1150.0,-30.0,-2.54,182740000,0,紅增,是,,1005.4,998.3,1035.15,,1.4326,-0.2299,-3.8903
6741,91APP*-KY,2026-09-01,60.0,-0.8,-1.32,192962000,0,紅增,否,,56.78,56.16,56.16,,2.2326,1.1527,-1.5429
6751,智聯服務,2026-09-01,41.8,-0.95,-2.22,18004000,0,紅增,是,,41.31,41.23,40.83,,0.3888,1.1779,-1.365
6761,穩得,2026-09-01,188.0,-1.0,-0.53,585421000,0,紅縮,否,,184.7,174.35,163.55,,12.622,12.9576,-1.0138
6763,綠界科技*,2026-09-01,41.35,-0.2,-0.48,229655000,0,紅縮,是,,41.79,42.07,42.13,,-1.3223,0.0238,-2.5954
6767,台微醫,2026-09-01,25.5,0.0,0.0,4031000,0,綠轉紅,否,,24.85,24.77,25.38,,0.6888,-0.5821,0.2964
6785,昱展新藥,2026-09-01,92.2,-2.5,-2.64,92741000,0,綠增,否,,97.18,97.96,103.13,,-1.5799,-3.7532,-5.4805
6788,華景電,2026-09-01,379.5,18.5,5.12,761596000,0,紅增,是,,356.9,354.8,350.52,,1.1908,3.9098,-4.3914
6791,虎門科技,2026-09-01,101.0,1.0,1.0,6406000,0,紅增,否,,100.8,101.25,101.91,,-0.885,-0.5207,-2.5343
6803,崑鼎,2026-09-01,270.0,-0.5,-0.18,34244000,0,紅增,否,,269.9,269.95,270.27,,-0.037,-0.2218,-0.8165
6804,明係,2026-09-01,18.45,0.0,0.0,86617000,0,綠增,否,,18.4,18.68,17.83,,-3.0047,1.7424,3.4528
6811,宏碁資訊,2026-09-01,226.5,3.0,1.34,41280000,0,綠縮,否,,225.8,229.0,229.55,,-2.7562,-1.2505,0.3497
6821,聯寶,2026-09-01,42.75,1.2,2.89,136141000,0,紅增,否,,41.83,41.79,42.61,,0.1916,0.7473,-7.2944
6823,濾能,2026-09-01,61.3,-0.9,-1.45,84511000,0,紅縮,否,,62.48,63.36,63.2,,-2.7397,0.3325,-2.3182
6829,千附精密,2026-09-01,251.0,6.0,2.45,1330833000,0,紅增,否,,221.5,212.2,208.88,,9.1671,8.9882,0.3965
6840,東研信超,2026-09-01,92.5,-1.5,-1.6,476149000,0,紅增,否,,84.84,76.86,68.44,,23.1707,19.9625,7.6778
6841,長佳智能,2026-09-01,54.3,0.9,1.69,143245000,0,綠縮,否,,53.68,54.12,56.23,,-1.6129,-2.2399,-4.9286
6843,進典,2026-09-01,39.0,-0.05,-0.13,13000000,0,紅增,否,,39.1,39.09,39.39,,0.0768,-0.7869,-0.9741
6844,諾貝兒,2026-09-01,60.2,-0.1,-0.17,29042000,0,紅增,是,,60.14,60.55,61.04,,-1.3451,-0.9326,-0.8608
6846,綠茵,2026-09-01,58.4,0.7,1.21,9004000,0,綠縮,否,,57.62,58.64,60.72,,-3.4194,-3.7584,-2.7624
6859,伯特光,2026-09-01,109.5,-1.5,-1.35,33511000,0,紅縮,否,,110.0,105.9,103.41,,8.055,5.3836,-2.8879
6865,偉康科技,2026-09-01,25.9,-0.8,-3.0,1598000,0,紅增,否,,25.7,25.6,25.71,,0.7843,0.9862,-2.5767
6870,騰雲,2026-09-01,277.0,25.0,9.92,245186000,0,綠轉紅,是,,264.4,259.85,267.5,,3.5644,3.0946,-2.9038
6872,浩宇生醫,2026-09-01,14.0,-0.15,-1.06,33110000,0,紅轉綠,是,,15.14,15.32,15.62,,-2.3856,-1.7628,-2.5129
6874,倍力,2026-09-01,83.6,0.7,0.84,75864000,0,紅增,是,,80.06,78.99,79.13,,2.7464,1.5296,-0.6716
6875,國邑*,2026-09-01,32.95,-0.05,-0.15,39182000,0,綠縮,否,,32.37,32.65,33.76,,-1.7006,-2.9141,-3.8519
6877,鏵友益,2026-09-01,115.0,1.5,1.32,63721000,0,紅縮,是,,115.3,119.35,121.2,,-6.564,-0.9132,-3.3493
6881,潤德,2026-09-01,216.0,0.0,0.0,7513000,0,紅增,否,,212.0,206.1,207.07,,5.8941,2.2321,-2.0806
6884,海柏特,2026-09-01,30.0,-0.2,-0.66,7000000,0,綠增,否,,30.62,30.78,31.73,,-1.0343,-2.7027,-1.4292
6894,衛司特,2026-09-01,355.5,1.5,0.42,37221000,0,紅增,是,,333.3,336.45,330.55,,-1.8551,2.3422,-1.8484
6895,宏碩系統,2026-09-01,167.5,4.0,2.45,191192000,0,紅增,是,,140.7,129.05,125.4,,19.8467,9.041,-0.2982
6899,創為精密,2026-09-01,50.1,0.1,0.2,6150000,0,紅增,否,,50.02,50.36,50.74,,-1.3218,-0.553,-3.5084
6903,巨漢,2026-09-01,318.0,5.0,1.6,277399000,0,綠轉紅,否,,309.4,311.6,330.55,,-1.4022,-3.0341,-5.6582
6907,雅特力-KY,2026-09-01,184.5,0.5,0.27,1594093000,0,綠縮,否,,186.4,181.05,193.28,,6.0899,-0.4673,0.8742
6910,德鴻,2026-09-01,25.2,0.6,2.44,43182000,0,紅增,是,,24.68,24.63,24.77,,0.366,0.5305,-2.3939
6913,鴻呈,2026-09-01,162.5,-3.5,-2.11,999996000,0,紅增,是,,144.4,141.3,131.78,,4.4863,8.9017,3.944
6922,宸曜,2026-09-01,205.5,-1.5,-0.72,131968000,0,紅縮,否,,202.4,198.55,187.95,,3.9548,5.5836,3.2409
6925,意藍,2026-09-01,50.9,1.3,2.62,54506000,0,綠轉紅,是,,50.64,51.8,53.16,,-4.3807,-2.595,-4.1126
6929,佑全,2026-09-01,23.9,1.55,6.94,1191000,0,紅增,否,,23.69,23.32,22.97,,3.2244,2.5957,0.1744
6945,圓祥生技,2026-09-01,96.5,-1.8,-1.83,327248000,0,紅縮,是,,100.2,100.16,99.0,,0.0799,3.5567,-2.2465
6953,家碩,2026-09-01,250.0,16.0,6.84,113928000,0,紅增,是,,231.9,224.45,220.28,,6.8664,4.6143,-0.0794
6961,旅天下,2026-09-01,50.5,-0.3,-0.59,16685000,0,紅縮,否,,51.14,51.37,52.08,,-0.8915,-1.1355,-1.317
6967,汎瑋材料,2026-09-01,72.6,-0.4,-0.55,49108000,0,紅增,否,,73.06,71.22,72.59,,5.3041,0.8496,0.7215
6968,萬達寵物,2026-09-01,41.65,-0.3,-0.72,28263000,0,綠增,否,,42.54,43.14,43.31,,-2.7212,-1.2025,-0.4196
6971,惠民實業,2026-09-01,26.15,0.1,0.38,16187000,0,紅增,否,,26.07,25.83,26.37,,1.8359,-0.9584,-1.2453
6982,大井泵浦,2026-09-01,47.55,-0.05,-0.11,14366000,0,紅增,否,,47.75,48.23,48.88,,-1.991,-0.9345,-2.5859
6983,華洋精機,2026-09-01,355.5,7.5,2.16,57652000,0,綠轉紅,否,,307.0,304.65,314.77,,1.5547,-0.7331,-3.6649
6986,和迅,2026-09-01,42.9,0.0,0.0,53425000,0,紅增,否,否,42.82,43.39,44.07,52.86,-2.5711,-1.6548,-3.1001
6996,力領科技,2026-09-01,182.0,4.5,2.54,76936000,0,紅增,否,,179.6,178.1,175.62,,1.6988,2.1216,-2.6469
6997,博弘,2026-09-01,68.0,0.0,0.0,1000000,0,綠縮,否,,68.26,69.63,71.22,,-3.8592,-3.5462,-1.4391
700019,宏捷科統一5C購01,2026-09-01,0.22,0.09,69.23,8000000,0,綠轉紅,否,,0.15,0.15,0.26,,-7.5949,-31.5315,-27.9391
700022,華星光統一5C購01,2026-09-01,3.51,0.09,2.63,134000000,0,紅縮,否,,3.39,3.06,2.58,,24.1581,26.8434,7.6522
700023,新應材統一5B購02,2026-09-01,0.06,0.01,20.0,18000000,0,紅縮,是,,0.11,0.12,0.13,,-18.1818,-7.6923,-19.4611
700024,新應材統一64購02,2026-09-01,0.24,0.01,4.35,4000000,0,紅增,否,,0.24,0.24,0.26,,-4.065,-6.5891,-10.339
700025,雙鴻統一5B購01,2026-09-01,0.9,0.25,38.46,628000000,0,紅增,是,,0.4,0.31,0.26,,90.566,48.7923,-0.1931
700028,雙鴻中信59購01,2026-09-01,0.98,0.38,63.33,785000000,0,,是,,0.82,0.82,,,-0.7299,-9.0,
700043,新應材永豐59購01,2026-09-01,0.04,0.03,300.0,4000000,0,綠轉紅,否,,0.04,0.1,0.2,,-72.0,-45.7627,-42.9825
700047,宏捷科凱基59購01,2026-09-01,0.07,0.02,40.0,28000000,0,紅增,否,,0.13,0.19,0.49,,-50.3937,-54.8694,-42.2313
700079,華義永豐5A購01,2026-09-01,5.1,1.0,24.39,6000000,0,,,,,,,,,,
700113,雙鴻元大5A購01,2026-09-01,2.08,0.67,47.52,199000000,0,紅增,是,,0.82,0.6,0.55,,115.873,51.5228,-12.6997
700173,雙鴻元大5A購02,2026-09-01,3.45,1.27,58.26,144000000,0,綠轉紅,是,,1.22,0.95,1.5,,79.4118,-12.9239,-19.9894
700190,昇達科統一65購01,2026-09-01,4.44,0.52,13.27,53000000,0,紅增,是,,3.88,3.83,3.89,,2.5397,2.49,-4.7281
700192,朋程統一6A購01,2026-09-01,0.42,0.02,5.0,357000000,0,紅增,否,,0.4,0.4,0.47,,1.005,-5.8824,-16.5049
700194,長聖統一61購01,2026-09-01,0.2,0.0,0.0,20000000,0,綠縮,否,,0.21,0.21,0.27,,-7.2072,-23.5714,-4.8301
700195,家登統一5A購01,2026-09-01,1.23,0.44,55.7,89000000,0,綠縮,是,,0.63,0.75,1.04,,-26.9585,-30.0093,-13.5699
700197,晶宏統一5A購01,2026-09-01,1.1,0.3,37.5,26000000,0,,否,,0.68,0.76,0.79,,-19.0931,-10.4019,-9.7994
700199,華景電統一61購01,2026-09-01,0.99,0.04,4.21,8000000,0,,否,,0.96,1.16,1.4,,-30.1749,-21.7596,
700201,萬潤統一6A購01,2026-09-01,3.78,0.11,3.0,35000000,0,紅增,否,,3.38,2.99,2.8,,29.8462,17.4067,2.8461
700204,雙鴻統一5A購01,2026-09-01,1.18,0.46,63.89,299000000,0,紅增,是,,0.42,0.31,0.29,,103.8835,65.6085,-8.7302
700205,雙鴻統一61購01,2026-09-01,0.8,0.16,25.0,1474000000,0,紅增,是,,0.51,0.47,0.43,,16.5138,16.5432,1.4252
700206,雙鴻統一61購02,2026-09-01,0.7,0.12,20.69,1407000000,0,紅增,是,,0.43,0.39,0.36,,18.3333,12.931,-1.3624
700207,雙鴻統一6A購01,2026-09-01,1.08,0.23,27.06,1262000000,0,紅增,是,,0.61,0.58,0.5,,13.3333,19.0083,2.6504
700208,騰雲統一6A購01,2026-09-01,1.02,0.2,24.39,116000000,0,綠轉紅,是,,0.89,0.88,0.86,,1.5982,-0.1131,3.0704
700258,大綜統一6A購01,2026-09-01,0.55,0.02,3.77,238000000,0,綠縮,否,,0.56,0.61,0.64,,-16.2162,-5.5556,-17.2391
700261,宜鼎統一6A購01,2026-09-01,5.05,-0.25,-4.72,20000000,0,紅縮,否,,5.32,5.21,4.8,,4.5187,11.1942,-2.441
700263,旺矽統一6A購01,2026-09-01,3.51,0.41,13.23,72000000,0,綠增,是,,3.9,3.67,4.02,,13.4537,-3.6794,-3.7379
700267,建榮統一6A購01,2026-09-01,1.09,0.05,4.81,50000000,0,,否,,0.96,0.91,1.03,,12.4122,3.5388,
700272,聖暉*統一59購01,2026-09-01,0.11,0.02,22.22,499000000,0,綠縮,是,,0.2,0.51,1.15,,-75.7946,-61.747,-21.2671
700275,雙鴻統一6A購02,2026-09-01,1.11,0.18,19.35,605000000,0,紅增,是,,0.87,0.72,0.71,,53.169,18.0624,4.6632
700300,雙鴻中信5A購01,2026-09-01,2.14,0.87,68.5,6000000,0,,否,,1.15,,,,,,
700345,立碁統一6A購01,2026-09-01,0.67,0.11,19.64,136000000,0,,否,,0.53,0.48,0.44,,20.4545,19.4581,-1.8038
700346,良維統一6A購01,2026-09-01,1.31,0.05,3.97,3000000,0,,是,,1.33,1.53,1.75,,-23.4753,-11.7884,
700350,茂達統一61購01,2026-09-01,0.6,0.05,9.09,2000000,0,綠縮,否,,0.68,0.76,1.03,,-18.6603,-20.2944,-10.6429
700354,聖暉*統一6A購01,2026-09-01,0.46,0.02,4.55,44000000,0,綠縮,否,,0.45,0.52,0.71,,-24.1611,-26.4045,-21.6455
700415,建榮統一6A購02,2026-09-01,0.8,-0.01,-1.23,7000000,0,紅增,否,,0.73,0.63,0.71,,37.5,6.2712,-12.0519
700416,高技統一5A購01,2026-09-01,0.04,0.01,33.33,52000000,0,紅增,否,,0.04,0.04,0.15,,4.7619,-62.931,-32.8194
700417,聰泰統一6A購02,2026-09-01,0.35,0.0,0.0,88000000,0,紅縮,否,,0.37,0.35,0.36,,7.6471,2.6163,-8.794
700542,雙鴻凱基59購03,2026-09-01,4.38,1.46,50.0,20000000,0,,,,,,,,,,
700673,信昌電統一6A購01,2026-09-01,5.7,0.6,11.76,81000000,0,綠轉紅,是,,4.54,3.86,5.02,,43.1904,-10.4897,-1.3462
700675,高技統一5A購02,2026-09-01,0.07,-0.08,-53.33,10000000,0,綠縮,否,,0.06,0.12,0.28,,-65.5556,-61.2179,-32.533
700676,高技統一6A購01,2026-09-01,0.2,0.02,11.11,19000000,0,紅增,否,,0.17,0.17,0.19,,6.25,-5.1724,-23.1557
700677,高技統一6A購02,2026-09-01,0.33,-0.06,-15.38,226000000,0,,是,,0.28,0.44,0.53,,-51.8644,-23.0634,
700681,鈊象統一6A購01,2026-09-01,0.32,0.0,0.0,22000000,0,綠增,否,,0.35,0.36,0.39,,-4.3956,-6.8063,-5.2503
700683,雍智統一6A購01,2026-09-01,3.65,0.35,10.61,1000000,0,綠縮,否,,3.49,4.57,5.28,,-38.4099,-25.2167,-7.5901
700684,雍智統一6A購02,2026-09-01,4.24,0.6,16.48,6000000,0,紅增,否,,3.65,3.41,3.89,,14.582,1.6979,-14.9317
700688,營邦統一6A購01,2026-09-01,2.54,0.23,9.96,101000000,0,紅增,否,,2.14,2.06,1.99,,7.7621,8.3596,-4.7276
700708,信立統一6A購01,2026-09-01,0.35,0.05,16.67,20000000,0,,否,,0.29,,,,,,
700711,華星光統一6A購01,2026-09-01,3.74,0.32,9.36,4000000,0,紅縮,否,,3.88,3.84,3.56,,1.8917,8.5617,2.3854
700712,聖暉*統一6A購02,2026-09-01,0.39,0.02,5.41,405000000,0,綠縮,是,,0.38,0.42,0.51,,-17.8261,-17.5197,-16.6667
700737,鴻呈國票59購01,2026-09-01,0.04,-0.04,-50.0,30000000,0,紅縮,否,,0.07,0.06,0.09,,54.5455,-12.5,-30.5556
700756,威剛統一5C購03,2026-09-01,2.96,0.43,17.0,11000000,0,紅增,否,,2.73,2.63,2.43,,7.7409,11.6299,1.6095
700757,竑騰統一5C購01,2026-09-01,4.1,-0.1,-2.38,1000000,0,紅增,否,,4.01,3.9,4.09,,5.9197,-5.0682,-0.5589
700827,信立永豐5A購01,2026-09-01,0.03,-0.04,-57.14,41000000,0,,是,,0.05,0.06,,,-22.8571,-6.0606,
700830,中美晶元大5A購01,2026-09-01,1.33,-0.18,-11.92,108000000,0,綠縮,是,,1.13,2.34,2.78,,-68.2584,-38.9482,-3.8667
700898,力旺統一5A購01,2026-09-01,0.11,0.05,83.33,465000000,0,紅增,是,,0.06,0.14,0.14,,-71.2963,-22.7778,-55.296
700899,力旺統一6A購01,2026-09-01,0.63,0.23,57.5,651000000,0,綠轉紅,是,,0.41,0.51,0.5,,-31.3333,-7.156,-16.5414
700900,台半統一5C購03,2026-09-01,0.6,0.03,5.26,14000000,0,紅增,否,,0.45,0.42,0.49,,15.9794,7.4359,-29.6875
700904,波若威統一6A購01,2026-09-01,4.63,0.33,7.67,141000000,0,紅增,否,,4.25,4.0,3.49,,13.7507,18.2652,-0.4133
700920,波若威永豐5A購01,2026-09-01,27.4,1.1,4.18,5000000,0,,是,,27.32,24.45,23.99,,26.5987,13.4045,-8.2935
700938,中美晶兆豐5A購01,2026-09-01,2.81,0.36,14.69,39000000,0,綠增,是,,2.9,4.22,3.75,,-47.4484,-12.6968,2.0805
701037,威剛永豐5C購01,2026-09-01,5.7,-0.05,-0.87,2000000,0,,是,,5.13,5.63,,,-16.5147,,
701097,營邦元大5A購01,2026-09-01,1.75,0.39,28.68,26000000,0,紅增,否,,1.01,0.91,0.93,,24.9383,18.7744,3.8997
701131,元債20元大61購01,2026-09-01,0.05,0.0,0.0,2000000,0,,否,,0.21,,,,,,
701153,雙鴻群益5A購01,2026-09-01,0.99,0.39,65.0,52000000,0,,,,,,,,,,
701200,雙鴻元大5A購03,2026-09-01,0.4,0.2,100.0,20000000,0,,是,,0.46,,,,,,
701227,雙鴻元大5A購04,2026-09-01,0.43,0.23,115.0,110000000,0,,是,,0.4,,,,,,
701273,撼訊凱基5B購01,2026-09-01,0.22,-0.01,-4.35,11000000,0,,否,,0.4,0.77,,,-64.6643,,
701279,雙鴻國票5B購01,2026-09-01,0.8,0.34,73.91,4185000000,0,紅增,是,,0.26,0.22,0.17,,55.9524,49.3056,-3.6313
701294,新應材元大5B購01,2026-09-01,0.4,0.0,0.0,13000000,0,,否,,0.5,0.62,,,-33.7766,-17.328,
701311,雙鴻群益5B購01,2026-09-01,0.62,0.23,58.97,250000000,0,,是,,0.23,0.19,0.33,,63.3803,-32.9749,
701400,台燿元大5B購02,2026-09-01,8.4,0.3,3.7,4000000,0,,是,,7.32,7.74,9.09,,-10.2941,-14.6637,
701412,宏捷科國票59購01,2026-09-01,10.6,0.0,0.0,1000000,0,紅縮,否,,9.96,8.91,6.97,,26.879,25.1581,50.1022
701431,台燿統一5B購02,2026-09-01,9.4,0.4,4.44,1000000,0,,是,,9.65,9.13,10.24,,11.949,-10.4412,
701434,良維統一6B購01,2026-09-01,0.77,0.03,4.05,387000000,0,紅增,是,,0.61,0.58,0.69,,10.0719,-5.8065,-15.1534
701438,威剛統一6B購01,2026-09-01,2.21,-0.02,-0.9,71000000,0,紅縮,否,,2.24,2.21,2.11,,3.2228,6.0038,-1.5198
701442,雙鴻統一6B購01,2026-09-01,0.53,0.09,20.45,3563000000,0,紅增,是,,0.42,0.4,0.36,,7.732,11.0193,8.006
701460,神盾凱基5B購01,2026-09-01,0.17,0.01,6.25,2000000,0,綠縮,否,,0.19,0.24,0.37,,-31.2057,-34.2541,-22.1757
701472,雙鴻統一61購03,2026-09-01,0.45,0.1,28.57,102000000,0,綠轉紅,是,,0.26,0.19,0.23,,111.4754,8.5714,-6.7485
701474,穩懋統一6B購01,2026-09-01,4.82,0.66,15.87,1000000,0,,是,,3.58,3.15,4.07,,31.2775,-15.1629,
701500,雙鴻中信5B購01,2026-09-01,0.24,-0.02,-7.69,189000000,0,綠增,是,,0.27,0.28,0.3,,-2.1583,-9.5395,-2.9173
701524,雙鴻群益5A購02,2026-09-01,0.56,0.45,409.09,125000000,0,,是,,0.21,0.21,,,-2.7778,-38.4393,
701592,竹陞統一6B購01,2026-09-01,1.17,0.01,0.86,128000000,0,綠轉紅,是,,0.96,0.87,1.01,,23.3933,-11.4169,-6.0028
701593,竹陞統一6B購02,2026-09-01,1.07,0.02,1.9,121000000,0,綠轉紅,否,,0.85,0.79,0.95,,16.0763,-15.5485,-8.0019
701595,雙鴻統一59購03,2026-09-01,0.25,0.19,316.67,623000000,0,綠轉紅,是,,0.09,0.06,0.1,,115.0,1.6129,-26.4368
701614,信立元大5B購01,2026-09-01,0.08,0.04,100.0,1000000,0,,否,,0.1,0.09,,,13.9535,,
701623,元太統一5B購01,2026-09-01,0.1,0.0,0.0,42000000,0,綠增,否,,0.15,0.23,0.29,,-52.5316,-31.2684,-30.3981
701625,竹陞統一6B購03,2026-09-01,0.94,-0.03,-3.09,173000000,0,紅增,是,,0.91,0.86,0.95,,11.5479,-3.9063,-4.6231
701653,威剛元大59購02,2026-09-01,2.58,-0.16,-5.84,15000000,0,,是,,3.29,3.03,3.29,,18.958,2.2297,
701655,雙鴻元大59購01,2026-09-01,0.45,0.26,136.84,22000000,0,,是,,0.33,,,,,,
701667,雙鴻群益5B購02,2026-09-01,0.75,0.39,108.33,1143000000,0,,是,,0.28,0.26,,,17.5,-30.9524,
701692,台燿統一6B購01,2026-09-01,3.72,0.05,1.36,1000000,0,綠增,是,,4.1,5.43,5.13,,-39.4682,-11.6566,-1.8918
701694,系統電統一6B購01,2026-09-01,0.37,0.0,0.0,1000000,0,綠縮,否,,0.37,0.36,0.47,,1.105,-20.0,-12.5704
701697,宜鼎統一5C購04,2026-09-01,4.37,0.41,10.35,1000000,0,紅增,否,,3.87,3.33,3.96,,38.5111,16.9944,-9.5287
701698,宜鼎統一6B購01,2026-09-01,2.65,0.02,0.76,1000000,0,紅縮,否,,2.84,2.62,2.89,,18.6299,3.4796,-6.9471
701707,威剛凱基59購02,2026-09-01,3.2,-0.1,-3.03,84000000,0,,是,,3.65,3.73,,,-4.2497,-12.3355,
701804,巨有統一6B購01,2026-09-01,0.44,0.04,10.0,117000000,0,紅增,否,,0.41,0.4,0.41,,4.6154,4.1775,-14.5416
701806,濱川統一6B購01,2026-09-01,0.29,0.01,3.57,104000000,0,紅增,是,,0.27,0.27,0.3,,0.0,-6.25,-7.1429
701853,巨有統一6B購02,2026-09-01,0.59,0.04,7.27,163000000,0,紅增,是,,0.55,0.53,0.55,,11.245,3.5433,-15.1724
701878,神盾元大59購01,2026-09-01,0.01,0.0,0.0,57000000,0,,是,,0.05,0.14,,,-77.7778,-47.4265,
701908,信立凱基5B購01,2026-09-01,0.07,-0.01,-12.5,85000000,0,,否,,0.13,0.14,,,-9.7222,6.2016,
702161,精測中信5A購01,2026-09-01,3.26,1.4,75.27,54000000,0,紅增,是,,2.43,1.97,2.52,,61.1406,2.1796,-18.1641
702222,立碁元大5A購01,2026-09-01,0.21,-0.07,-25.0,14000000,0,紅增,是,,0.11,0.08,0.09,,120.0,14.2857,-23.9837
702281,精測元大5C購01,2026-09-01,1.6,0.36,29.03,8000000,0,,是,,1.76,1.46,1.65,,52.4221,20.2803,-18.471
702300,順達元大5B購01,2026-09-01,1.8,0.39,27.66,2000000,0,綠縮,否,,1.97,2.26,2.25,,-22.7808,-5.4088,-4.9461
702322,家登富邦59購01,2026-09-01,2.07,1.27,158.75,7000000,0,,否,,2.52,,,,,,
702550,高技元大59購02,2026-09-01,0.05,0.02,66.67,3000000,0,,是,,0.5,0.74,,,-48.1405,-42.5332,
702560,昇達科中信5C購01,2026-09-01,4.89,0.89,22.25,57000000,0,紅增,是,,3.88,4.14,3.91,,-11.8074,3.5482,-5.9362
702561,雙鴻中信59購02,2026-09-01,0.89,0.58,187.1,10000000,0,,,,,,,,,,
702577,順達凱基59購01,2026-09-01,3.95,0.75,23.44,1000000,0,,是,,3.16,,,,,,
702592,富喬國票5C購01,2026-09-01,3.75,0.24,6.84,171000000,0,紅增,否,,2.64,1.95,1.52,,111.36,93.8247,6.7298
702593,富喬國票62購01,2026-09-01,3.47,0.12,3.58,847000000,0,紅增,是,,2.56,1.79,1.52,,149.7076,82.5025,3.1197
702605,系統電元大5C購01,2026-09-01,0.14,0.0,0.0,5000000,0,綠縮,是,,0.11,0.21,0.34,,-62.9139,-44.3548,-28.115
702607,旺矽元大59購02,2026-09-01,4.09,0.01,0.25,1000000,0,,否,,4.9,4.94,,,-1.4871,-18.8732,
702611,高技元大5C購01,2026-09-01,0.19,0.01,5.56,1000000,0,綠轉紅,否,,0.16,0.18,0.35,,-14.7368,-36.4621,-26.0171
702627,富喬富邦5C購01,2026-09-01,1.71,0.07,4.27,20000000,0,紅增,否,,1.16,0.89,1.17,,84.984,14.653,-14.7918
702639,IET中信5C購01,2026-09-01,8.7,0.9,11.54,10000000,0,紅增,否,,6.94,6.0,4.96,,37.1541,35.3485,18.8917
702641,富喬中信5C購01,2026-09-01,0.77,0.02,2.67,139000000,0,紅增,是,,0.58,0.47,0.47,,62.2222,44.7853,2.9348
702642,穩懋中信5C購01,2026-09-01,5.45,0.91,20.04,2000000,0,,,,,,,,,,
702645,旺矽永豐59購01,2026-09-01,15.0,2.5,20.0,1000000,0,,否,,18.6,20.86,,,-19.5502,-17.582,
702649,富喬永豐59購01,2026-09-01,1.7,0.2,13.33,10000000,0,紅增,否,,0.87,0.52,0.59,,431.7073,101.5564,-22.551
702670,家登元大59購01,2026-09-01,2.71,1.15,73.72,14000000,0,,否,,4.28,4.12,,,8.249,,
702717,台燿元大59購02,2026-09-01,14.6,-1.6,-9.88,1000000,0,,否,,16.36,,,,,,
702724,家登元大59購02,2026-09-01,1.0,0.5,100.0,4000000,0,,是,,0.63,0.99,,,-52.7571,-38.0176,
702752,台特化統一6C購01,2026-09-01,0.23,0.0,0.0,20000000,0,紅縮,否,,0.23,0.24,0.26,,-3.3333,-1.2552,-10.19
702753,精測統一66購01,2026-09-01,1.0,0.17,20.48,64000000,0,紅增,否,,0.93,0.87,1.06,,15.1365,-1.4773,-7.6923
702776,新應材永豐5C購01,2026-09-01,1.31,0.01,0.77,1000000,0,綠增,否,,1.69,1.8,2.12,,-11.6352,-14.51,-10.1397
702777,精測永豐59購01,2026-09-01,0.47,0.18,62.07,212000000,0,,是,,0.53,0.7,1.37,,-39.2202,-52.052,
702808,高技元大5A購01,2026-09-01,0.02,0.0,0.0,3000000,0,綠縮,否,,0.02,0.08,0.2,,-88.0,-65.7143,-32.4503
702829,勤凱統一6C購01,2026-09-01,1.0,0.11,12.36,149000000,0,,否,,0.93,0.91,1.16,,3.118,-4.8017,-18.8202
702830,擎亞統一6C購01,2026-09-01,1.56,0.09,6.12,20000000,0,,否,,1.66,2.15,2.1,,-37.0061,-10.5505,
702833,高技元富5C購02,2026-09-01,0.4,-0.11,-21.57,15000000,0,綠縮,否,,0.33,0.47,1.07,,-45.5446,-58.363,-26.8916
702837,雙鴻中信59購03,2026-09-01,1.07,0.37,52.86,3000000,0,紅增,否,,0.53,0.46,0.42,,37.8238,28.9326,-2.7618
702850,創惟國票59購01,2026-09-01,0.01,-0.01,-50.0,50000000,0,綠縮,否,,0.03,0.04,0.12,,-44.0,-56.1798,-36.631
702884,家登元大5C購01,2026-09-01,1.96,0.58,42.03,21000000,0,,否,,1.8,1.92,,,-11.58,,
702885,高技元大5A購02,2026-09-01,0.47,-0.02,-4.08,96000000,0,,是,,0.3,0.7,,,-72.5275,-51.6331,
702886,高技元大5B購01,2026-09-01,0.32,-0.01,-3.03,503000000,0,綠縮,是,,0.28,0.39,0.75,,-45.4902,-54.0257,-23.065
702888,穩懋元大59購05,2026-09-01,5.65,1.01,21.77,4000000,0,,否,,5.41,,,,,,
702919,高技元大5B購02,2026-09-01,0.16,0.0,0.0,60000000,0,綠縮,是,,0.13,0.16,0.47,,-31.9149,-67.7551,-35.5828
702943,力旺元富59購02,2026-09-01,3.41,1.61,89.44,9000000,0,,是,,1.81,3.14,,,-59.5792,-28.5421,
702990,華景電元富5C購01,2026-09-01,2.3,0.45,24.32,85000000,0,綠縮,是,,2.01,1.88,2.77,,14.7597,-19.9574,-16.2506
703002,新應材永豐5C購03,2026-09-01,0.77,0.09,13.24,23000000,0,,是,,0.68,,,,,,
703004,鑫科永豐5C購01,2026-09-01,1.39,0.11,8.59,10000000,0,,是,,1.47,,,,,,
703030,金益鼎凱基5A購01,2026-09-01,0.67,0.02,3.08,10000000,0,紅增,否,,0.67,0.65,0.72,,8.7097,-1.5221,-13.3854
703045,雙鴻中信5C購02,2026-09-01,1.73,0.38,28.15,617000000,0,,是,,0.95,0.87,0.85,,19.9495,20.9722,
703049,順達永豐5C購01,2026-09-01,4.11,0.74,21.96,8000000,0,紅縮,是,,5.62,5.53,5.9,,3.5741,-10.148,-9.4053
703093,順達中信5B購01,2026-09-01,1.19,0.13,12.26,207000000,0,,否,,0.77,0.92,,,-29.0741,,
703102,穩懋永豐5C購01,2026-09-01,13.8,2.1,17.95,1000000,0,,否,,8.01,,,,,,
703112,雙鴻凱基59購04,2026-09-01,1.96,0.77,64.71,120000000,0,,,,,,,,,,
703113,雙鴻凱基5A購01,2026-09-01,1.25,0.52,71.23,11000000,0,,是,,0.39,0.58,,,-48.9583,-31.1164,
703125,台特化元大5A購02,2026-09-01,0.04,-0.06,-60.0,21000000,0,綠增,否,,0.07,0.09,0.14,,-38.1818,-39.8649,-24.3697
703132,聖暉*元大5C購01,2026-09-01,1.33,0.08,6.4,147000000,0,,是,,1.31,1.61,2.18,,-30.6962,-33.9778,-4.1584
703136,博智統一5C購01,2026-09-01,1.42,0.06,4.41,20000000,0,,否,,1.15,0.97,,,46.0759,0.7254,
703137,璟德統一5C購01,2026-09-01,0.18,0.0,0.0,100000000,0,紅增,否,,0.18,0.17,0.22,,18.4211,-13.089,-33.1832
703260,雙鴻中信5C購03,2026-09-01,0.73,0.3,69.77,13000000,0,,,,,,,,,,
703266,雙鴻永豐59購01,2026-09-01,1.09,0.67,159.52,4000000,0,,否,,1.21,,,,,,
703295,信驊群益5B購02,2026-09-01,8.0,1.5,23.08,5000000,0,,是,,7.42,6.2,6.52,,49.1757,21.3433,
703308,家登元大5B購01,2026-09-01,6.05,1.24,25.78,3000000,0,,是,,,,,,,,
703340,信驊富邦5A購01,2026-09-01,8.1,0.75,10.2,1000000,0,,,,,,,,,,
703353,富喬凱基5A購02,2026-09-01,1.53,0.15,10.87,21000000,0,綠轉紅,是,,0.83,0.82,0.97,,1.9753,-22.6843,-15.1264
703354,富喬凱基5B購01,2026-09-01,1.62,0.04,2.53,54000000,0,,是,,0.98,,,,,,
703368,威剛國票59購02,2026-09-01,2.51,-0.21,-7.72,118000000,0,紅縮,否,,3.29,3.47,3.35,,-9.6544,2.7235,-12.2382
703371,富喬國票5B購01,2026-09-01,1.41,0.12,9.3,1225000000,0,紅增,否,,0.88,0.56,0.6,,261.9835,85.7143,-10.6083
703372,富喬國票61購01,2026-09-01,2.85,0.1,3.64,9000000,0,,是,,1.28,1.43,1.92,,-19.3426,-26.793,
703386,富喬富邦5A購01,2026-09-01,0.61,0.02,3.39,371000000,0,綠轉紅,是,,0.3,0.24,0.37,,69.6629,-31.4286,-6.2104
703389,富喬統一65購01,2026-09-01,0.57,-0.01,-1.72,609000000,0,紅增,是,,0.46,0.36,0.3,,72.3881,59.3886,6.2278
703390,撼訊統一65購01,2026-09-01,0.32,-0.01,-3.03,24000000,0,,否,,0.32,0.34,0.4,,-10.0559,-14.787,
703396,信驊元富5A購02,2026-09-01,6.8,1.6,30.77,8000000,0,,是,,5.64,5.1,6.03,,23.8472,-8.7704,
703400,信驊中信61購01,2026-09-01,8.85,1.3,17.22,34000000,0,,是,,7.66,7.96,,,-7.3761,,
703401,富喬中信61購01,2026-09-01,0.58,0.04,7.41,2036000000,0,紅增,是,,0.45,0.36,0.37,,67.9104,9.4512,1.3736
703402,新應材中信59購01,2026-09-01,0.03,-0.01,-25.0,39000000,0,,否,,0.08,0.26,,,-82.5893,-54.021,
703418,富喬元大5B購01,2026-09-01,0.72,0.01,1.41,31000000,0,紅增,否,,0.48,0.33,0.38,,169.6629,34.2857,-7.1515
703419,富喬元大5C購01,2026-09-01,0.94,-0.04,-4.08,55000000,0,紅增,否,,0.59,0.4,0.5,,164.8649,21.6216,-7.0159
703420,富喬元大61購02,2026-09-01,0.98,0.02,2.08,188000000,0,紅增,是,,0.74,0.54,0.51,,117.7515,64.7239,0.2976
703438,欣銓國票59購01,2026-09-01,4.84,0.65,15.51,3000000,0,,否,,4.4,,,,,,
703439,倚強國票59購01,2026-09-01,0.03,-0.03,-50.0,50000000,0,綠縮,否,,0.06,0.17,0.27,,-79.1367,-47.6636,-28.8742
703463,台特化統一62購01,2026-09-01,0.16,0.0,0.0,250000000,0,紅縮,是,,0.18,0.16,0.22,,26.7606,-17.4359,-12.8713
703464,台特化統一63購01,2026-09-01,0.1,0.01,11.11,10000000,0,,是,,0.1,0.1,0.14,,-3.7736,-25.7143,-28.0702
703465,台特化統一71購01,2026-09-01,0.33,0.01,3.12,10000000,0,紅增,否,,0.34,0.3,0.34,,32.8125,2.7586,-6.0858
703468,宏捷科統一71購01,2026-09-01,0.51,0.03,6.25,690000000,0,紅增,是,,0.47,0.48,0.54,,-2.0747,-7.1984,-11.249
703471,欣銓統一61購01,2026-09-01,2.23,0.28,14.36,2000000,0,,否,,2.17,2.18,,,-0.5495,,
703472,欣銓統一65購01,2026-09-01,1.39,0.07,5.3,2000000,0,,是,,1.18,1.29,1.36,,-16.2393,-7.7253,
703473,欣銓統一6C購01,2026-09-01,1.44,0.18,14.29,2000000,0,綠轉紅,否,,1.2,1.13,1.29,,13.2576,-6.4784,-5.1565
703474,金益鼎統一65購01,2026-09-01,0.38,-0.01,-2.56,35000000,0,紅縮,否,,0.41,0.39,0.43,,9.6774,-4.878,-8.6631
703475,茂迪統一65購01,2026-09-01,0.37,-0.03,-7.5,1000000,0,綠增,否,,0.42,0.41,0.49,,6.0,-12.7119,-12.1537
703476,神盾統一61購01,2026-09-01,0.18,-0.01,-5.26,80000000,0,綠增,是,,0.22,0.3,0.38,,-40.4255,-26.6504,-10.5575
703477,雙鴻統一61購04,2026-09-01,0.64,0.16,33.33,1576000000,0,紅增,是,,0.31,0.28,0.25,,27.8689,22.467,0.4098
703478,穩得統一65購01,2026-09-01,0.62,0.0,0.0,152000000,0,綠轉紅,否,,0.6,0.59,0.67,,1.7065,-6.7823,-9.3117
703479,穩懋統一5B購02,2026-09-01,4.99,0.89,21.71,1000000,0,,否,,3.22,3.89,,,-29.174,-23.9288,
703480,穩懋統一5C購01,2026-09-01,4.71,0.8,20.46,1000000,0,,否,,4.64,5.24,,,-20.6164,,
703483,穩懋統一6C購01,2026-09-01,2.99,0.48,19.12,23000000,0,紅增,是,,2.05,1.87,1.86,,20.2115,13.1643,-4.7741
703527,台星科元大59購01,2026-09-01,0.41,0.09,28.13,12000000,0,,是,,0.73,1.02,,,-44.4613,-15.9147,
703581,臺慶科凱基5C購01,2026-09-01,2.41,0.08,3.43,127000000,0,紅增,是,,2.35,2.62,2.91,,-18.3206,-2.459,-29.9506
703604,欣銓國票61購01,2026-09-01,3.67,0.42,12.92,14000000,0,,是,,2.94,3.24,3.38,,-17.1364,-6.728,
703618,長科*統一64購01,2026-09-01,1.13,0.03,2.73,6000000,0,綠縮,否,,1.17,1.3,1.29,,-18.8889,2.1944,-15.4424
703619,家登統一6C購01,2026-09-01,0.93,0.19,25.68,67000000,0,紅增,否,,0.72,0.67,0.7,,14.3312,6.3191,-6.1238
703632,穩懋凱基5C購01,2026-09-01,13.0,2.2,20.37,7000000,0,,否,,7.9,7.92,10.11,,-0.6289,-14.6013,
703651,家登元大5C購02,2026-09-01,2.1,0.82,64.06,13000000,0,,是,,1.27,1.75,2.13,,-42.9343,-30.0881,
703652,湧德元大61購01,2026-09-01,0.58,0.01,1.75,1725000000,0,,是,,0.48,0.48,0.48,,-1.2448,8.371,
703660,聖暉*元大5C購02,2026-09-01,1.12,0.05,4.67,233000000,0,,是,,1.12,1.4,1.78,,-34.1204,-29.8202,
703661,雍智元大61購01,2026-09-01,10.1,0.6,6.32,2000000,0,,否,,9.73,,,,,,
703664,家登凱基59購03,2026-09-01,0.15,0.02,15.38,2000000,0,,否,,0.51,1.35,2.06,,-76.4004,-46.7142,-24.4041
703665,家登凱基5C購01,2026-09-01,1.8,0.81,81.82,15000000,0,,是,,2.13,2.28,,,-12.3355,,
703682,家登元大5C購03,2026-09-01,1.47,0.34,30.09,33000000,0,,是,,1.09,1.22,1.71,,-19.2024,-28.2111,
703690,家登國票59購01,2026-09-01,0.15,0.1,200.0,643000000,0,綠縮,是,,0.19,0.29,0.84,,-51.8135,-53.9452,-34.4345
703729,聖暉*元大5A購03,2026-09-01,0.6,0.08,15.38,371000000,0,,是,,0.67,0.96,1.62,,-46.4,-48.3593,-14.6765
703740,精材群益5A購01,2026-09-01,8.05,1.65,25.78,2000000,0,,是,,6.27,6.52,,,-7.1893,19.7318,
703759,崴寶永豐59購01,2026-09-01,0.69,0.03,4.55,2000000,0,,否,,0.68,0.6,0.86,,29.5019,-10.3293,-21.2883
703771,系統電凱基5C購01,2026-09-01,0.18,-0.01,-5.26,10000000,0,紅增,否,,0.2,0.24,0.55,,-28.777,-38.1818,-38.376
703780,精材兆豐59購01,2026-09-01,8.95,0.3,3.47,12000000,0,綠轉紅,否,,5.55,5.9,5.06,,-11.2,2.7517,22.8377
703785,世界國票61購01,2026-09-01,2.22,0.14,6.73,105000000,0,綠縮,是,,2.45,2.81,3.69,,-22.796,-21.0881,-13.0419
703813,聖暉*元大5A購04,2026-09-01,0.57,0.08,16.33,307000000,0,綠縮,否,,0.63,0.92,1.96,,-47.2546,-58.574,-14.5752
703842,世界凱基61購01,2026-09-01,3.74,0.22,6.25,64000000,0,,是,,5.4,7.3,6.51,,-41.3681,-1.0699,
703851,穩懋凱基59購02,2026-09-01,12.4,1.7,15.89,2000000,0,紅增,否,,5.38,4.87,6.6,,23.5186,-4.4196,-29.34
703860,世界統一61購01,2026-09-01,0.8,0.09,12.68,50000000,0,綠增,是,,1.02,1.28,1.45,,-33.8961,-26.9977,-1.0936
703861,世界統一71購01,2026-09-01,0.77,0.05,6.94,5000000,0,綠縮,否,,0.78,0.78,0.93,,-0.2558,-8.655,-7.8529
703862,巨漢統一61購01,2026-09-01,0.67,0.06,9.84,84000000,0,綠縮,是,,0.63,0.82,1.09,,-37.747,-29.6487,-15.6589
703863,弘塑統一61購01,2026-09-01,1.0,0.14,16.28,100000000,0,綠縮,否,,0.88,1.18,1.88,,-41.0498,-44.1871,-13.0716
703865,光頡統一71購01,2026-09-01,1.23,0.02,1.65,30000000,0,,否,,1.19,1.26,1.64,,-10.423,-31.5703,-3.5367
703869,捷創統一71購01,2026-09-01,0.3,-0.03,-9.09,414000000,0,,是,,0.31,0.3,0.34,,6.2069,-2.2876,
703873,崴寶統一71購01,2026-09-01,1.09,-0.03,-2.68,78000000,0,紅縮,否,,1.09,1.03,0.98,,13.278,12.7193,0.5638
703878,精材統一71購01,2026-09-01,2.32,-0.02,-0.85,73000000,0,綠縮,是,,1.66,1.59,1.8,,10.1987,-11.637,2.9387
703879,臺慶科統一71購01,2026-09-01,0.97,0.01,1.04,200000000,0,紅增,是,,0.99,0.97,1.11,,5.0847,-2.2222,-17.1312
703880,穩懋統一61購02,2026-09-01,3.55,0.65,22.41,2000000,0,紅增,否,,2.57,2.02,2.38,,74.7283,9.4748,-17.6399
703881,穩懋統一61購03,2026-09-01,3.07,0.57,22.8,129000000,0,,是,,1.98,2.24,2.94,,-21.258,-27.604,
703882,穩懋統一71購01,2026-09-01,2.4,0.4,20.0,55000000,0,紅增,是,,1.85,1.71,1.98,,18.8703,-2.7382,-8.6565
703895,穩懋國票5A購02,2026-09-01,11.0,2.8,34.15,2000000,0,,否,,6.88,6.28,,,21.3757,-29.8771,
703914,聖暉*凱基61購01,2026-09-01,1.53,0.1,6.99,1000000,0,,否,,2.02,3.73,,,-62.9589,-19.5474,
703923,創惟國票61購01,2026-09-01,0.31,0.0,0.0,101000000,0,綠縮,否,,0.33,0.33,0.46,,1.2121,-23.5023,-15.971
703942,聖暉*元大5B購02,2026-09-01,2.04,0.21,11.48,101000000,0,綠縮,否,,2.05,2.57,3.62,,-33.6788,-30.2363,-10.3772
703954,世界永豐5A購01,2026-09-01,1.08,0.12,12.5,26000000,0,綠縮,否,,1.29,1.88,3.48,,-47.731,-40.4249,-14.1287
703960,雙鴻永豐5A購01,2026-09-01,3.1,1.1,55.0,184000000,0,,是,,1.38,1.85,,,-40.7216,,
703962,中美晶統一61購01,2026-09-01,1.34,0.1,8.06,31000000,0,綠縮,否,,1.45,1.35,1.86,,15.655,-27.6139,1.5271
703963,中探針統一71購01,2026-09-01,3.9,0.36,10.17,17000000,0,綠縮,是,,3.57,3.4,4.77,,10.794,-23.1917,-16.1103
703964,世禾統一65購01,2026-09-01,0.27,0.0,0.0,25000000,0,綠縮,否,,0.29,0.3,0.37,,-11.1801,-19.7889,-7.9701
703966,台半統一71購01,2026-09-01,1.41,0.06,4.44,25000000,0,,是,,1.28,1.23,1.39,,7.9258,-7.4324,
703967,台半統一71購02,2026-09-01,1.0,0.0,0.0,41000000,0,紅增,否,,0.92,0.88,0.89,,11.0577,8.3951,-18.1985
703968,台星科統一71購01,2026-09-01,0.95,0.06,6.74,214000000,0,紅增,是,,0.89,0.78,0.79,,35.5623,8.5434,-2.4164
703969,弘塑統一61購02,2026-09-01,1.15,0.11,10.58,469000000,0,,是,,1.0,1.1,,,-16.7774,,
703970,弘塑統一61購03,2026-09-01,1.33,0.15,12.71,40000000,0,,否,,1.18,1.29,,,-16.4773,,
703971,光頡統一61購02,2026-09-01,1.01,0.15,17.44,15000000,0,綠縮,是,,0.91,0.81,1.96,,28.3286,-50.461,-11.7727
703973,均華統一5C購03,2026-09-01,1.4,0.0,0.0,1000000,0,,是,,1.03,1.14,,,-16.9082,,
703974,長科*統一64購02,2026-09-01,0.97,0.01,1.04,10000000,0,綠縮,是,,0.98,1.3,1.49,,-40.0491,-23.2764,-7.472
703975,佶優統一71購01,2026-09-01,0.46,0.01,2.22,5000000,0,紅增,是,,0.44,0.41,0.48,,14.5078,-3.271,-11.1007
703980,順達統一61購01,2026-09-01,0.9,0.11,13.92,10000000,0,綠轉紅,否,,0.69,0.57,0.77,,54.0179,-8.0775,-8.0214
703983,精材統一61購01,2026-09-01,4.25,0.27,6.78,361000000,0,綠轉紅,是,,2.93,3.22,2.72,,-16.5431,7.0216,14.9377
703984,廣明統一61購01,2026-09-01,0.02,0.0,0.0,10000000,0,綠增,是,,0.04,0.04,0.07,,-24.0,-30.1587,-30.5419
703985,穩懋統一63購01,2026-09-01,3.2,0.57,21.67,81000000,0,,是,,2.24,2.47,,,-16.7162,,
703991,元債20凱基71購01,2026-09-01,0.71,-0.06,-7.79,21000000,0,,否,,0.78,0.87,0.98,,-20.1646,-14.3976,
704011,元太統一61購01,2026-09-01,0.18,0.01,5.88,10000000,0,綠縮,否,,0.22,0.32,0.44,,-46.6346,-28.7946,-24.6327
704012,世禾統一71購01,2026-09-01,0.36,0.02,5.88,526000000,0,綠縮,是,,0.35,0.37,0.42,,-11.7347,-14.5833,-10.6496
704013,台半統一61購01,2026-09-01,1.12,-0.08,-6.67,1000000,0,,否,,1.05,1.48,,,-44.958,-9.0573,
704017,巨漢統一71購01,2026-09-01,0.86,0.03,3.61,58000000,0,,是,,0.93,1.07,1.17,,-23.3553,-14.8295,-8.2713
704018,光頡統一61購03,2026-09-01,1.12,0.08,7.69,28000000,0,,否,,1.03,1.57,1.8,,-51.4205,-29.7358,
704019,均華統一61購01,2026-09-01,0.99,-0.02,-1.98,165000000,0,,是,,0.74,0.72,0.91,,7.2046,-15.1122,
704020,宏捷科統一61購02,2026-09-01,0.5,0.16,47.06,10000000,0,,是,,0.35,0.45,0.74,,-35.5311,-43.4509,
704025,創惟統一61購01,2026-09-01,0.26,0.0,0.0,10000000,0,綠縮,是,,0.28,0.32,0.39,,-24.8649,-20.5882,-10.3448
704026,精材統一61購02,2026-09-01,3.3,0.13,4.1,21000000,0,綠縮,否,,1.98,2.19,2.28,,-17.1548,-10.1932,6.1932
704028,穩懋統一65購01,2026-09-01,2.68,0.41,18.06,24000000,0,,否,,1.51,1.75,,,-24.0964,,
704029,穩懋統一71購02,2026-09-01,2.53,0.36,16.59,6000000,0,紅增,否,,1.79,1.59,1.62,,29.8551,9.7578,-7.885
704038,湧德元大5A購01,2026-09-01,0.19,0.02,11.76,340000000,0,,是,,0.2,0.4,0.47,,-66.2252,-21.2476,
704041,聖暉*元大5C購03,2026-09-01,0.97,0.03,3.19,373000000,0,綠縮,是,,0.97,1.25,1.88,,-36.6013,-33.3689,-11.6776
704051,信驊群益61購01,2026-09-01,7.5,1.4,22.95,2000000,0,紅增,否,,6.12,6.3,5.87,,-5.4972,4.2198,-5.3256
704060,世界永豐59購02,2026-09-01,0.49,0.03,6.52,11000000,0,綠縮,否,,0.61,0.86,1.41,,-44.9821,-36.3503,-31.7476
704074,世紀*兆豐59購01,2026-09-01,1.79,0.03,1.7,103000000,0,紅增,否,,1.33,0.75,0.4,,702.4096,634.3137,428.1046
704082,群翊富邦5A購01,2026-09-01,0.48,0.1,26.32,19000000,0,,否,,0.47,0.48,,,-3.3058,-37.7778,
704085,世界統一61購02,2026-09-01,0.49,0.0,0.0,5000000,0,綠縮,否,,0.52,0.53,0.81,,-3.3708,-26.3675,-21.6803
704086,世界統一64購01,2026-09-01,0.6,0.01,1.69,12000000,0,綠增,否,,0.73,0.87,0.93,,-27.6342,-12.7767,-14.5738
704087,世紀*統一71購01,2026-09-01,0.93,-0.15,-13.89,491000000,0,紅增,是,,0.82,0.51,0.38,,322.6804,132.5688,65.3595
704088,世紀*統一71購02,2026-09-01,1.29,0.19,17.27,16000000,0,,否,,0.78,,,,,,
704090,台半統一71購03,2026-09-01,1.24,0.05,4.2,12000000,0,紅增,否,,1.19,1.1,1.27,,17.8218,3.8716,-1.0101
704091,巨漢統一71購02,2026-09-01,0.71,0.03,4.41,364000000,0,綠縮,否,,0.72,0.73,0.88,,-4.0107,-13.9671,-11.0268
704094,佳邦統一71購01,2026-09-01,0.32,0.02,6.67,5000000,0,紅增,否,,0.31,0.29,0.34,,14.0741,-4.9342,-13.2391
704096,金山電統一71購01,2026-09-01,1.06,0.05,4.95,222000000,0,綠縮,否,,0.95,1.03,1.28,,-14.4144,-15.1565,-21.7683
704100,信昌電統一71購01,2026-09-01,2.43,-0.07,-2.8,20000000,0,紅增,否,,2.14,1.76,1.91,,56.7251,20.9366,-12.6568
704101,家登統一61購02,2026-09-01,0.6,0.25,71.43,41000000,0,綠轉紅,否,,0.42,0.45,0.55,,-12.5,-17.8832,-10.1958
704109,穩懋統一61購05,2026-09-01,2.82,0.62,28.18,108000000,0,紅增,是,,1.61,1.5,1.43,,16.3295,28.7188,-18.5743
704111,家登永豐59購01,2026-09-01,0.64,0.23,56.1,9000000,0,綠縮,否,,0.42,0.65,1.09,,-51.3825,-46.0702,-23.0035
704115,金益鼎國票61購01,2026-09-01,0.4,-0.01,-2.44,2000000,0,紅縮,否,,0.44,0.47,0.56,,-9.3878,-11.553,-16.6914
704125,合晶群益59購02,2026-09-01,23.0,3.1,15.58,5000000,0,,是,,32.1,28.62,,,27.685,,
704170,世界元大5A購01,2026-09-01,1.36,0.16,13.33,47000000,0,,是,,1.39,1.52,1.95,,-16.2031,-28.1664,-7.1718
704191,家登元富5C購01,2026-09-01,2.0,0.59,41.84,10000000,0,,是,,1.46,1.7,,,-25.2308,-20.0,
704203,中美晶統一71購01,2026-09-01,1.05,0.05,5.0,783000000,0,綠縮,是,,1.07,1.05,1.32,,3.6965,-11.5709,-6.0348
704205,世紀*統一61購01,2026-09-01,1.22,-0.22,-15.28,697000000,0,紅縮,否,,1.12,0.6,0.34,,1338.4615,837.5,260.3175
704206,世紀*統一71購03,2026-09-01,0.98,-0.03,-2.97,608000000,0,紅增,否,,0.85,0.53,0.37,,304.7619,178.9474,66.1435
704207,合晶統一71購01,2026-09-01,3.55,0.27,8.23,136000000,0,綠縮,否,,3.45,3.27,3.83,,11.0896,-1.0876,-6.8726
704212,旺矽統一61購02,2026-09-01,2.7,0.45,20.0,35000000,0,綠縮,是,,2.96,2.79,3.14,,13.41,-5.3365,-5.2663
704214,旺矽統一71購01,2026-09-01,3.08,0.22,7.69,10000000,0,綠增,否,,3.56,3.47,3.74,,5.8195,-0.6307,-4.5327
704215,松瑞藥統一61購01,2026-09-01,0.41,-0.01,-2.38,5000000,0,紅縮,是,,0.46,0.44,0.44,,11.1111,2.5822,1.9653
704218,信昌電統一71購02,2026-09-01,2.88,0.33,12.94,117000000,0,紅增,是,,2.36,2.14,2.18,,22.7651,12.1402,-14.6708
704219,家登統一61購03,2026-09-01,0.8,0.27,50.94,2000000,0,,是,,0.6,0.69,,,-22.1649,-11.4249,
704220,家登統一71購01,2026-09-01,0.88,0.19,27.54,100000000,0,紅增,是,,0.69,0.62,0.67,,23.2143,0.6441,-6.837
704221,高鋒統一61購01,2026-09-01,0.29,0.01,3.57,60000000,0,紅縮,否,,0.31,0.25,0.26,,62.766,15.4206,-6.5487
704223,湧德統一61購02,2026-09-01,0.27,0.01,3.85,10000000,0,,是,,0.24,0.42,,,-59.5318,,
704225,廣運統一71購01,2026-09-01,0.35,0.0,0.0,10000000,0,,是,,0.38,0.42,,,-19.3133,-22.037,
704236,世界元大59購01,2026-09-01,0.19,-0.03,-13.64,14000000,0,,是,,0.5,1.32,1.5,,-76.794,-36.9275,-14.7327
704237,世界元大5A購02,2026-09-01,0.77,0.08,11.59,5000000,0,綠縮,是,,0.87,1.2,1.82,,-43.0065,-33.4626,-23.7676
704244,富喬元大5A購01,2026-09-01,1.27,0.02,1.6,30000000,0,紅增,否,,0.89,0.61,0.74,,168.4848,19.685,-5.7582
704256,富喬永豐5B購01,2026-09-01,1.29,0.1,8.4,20000000,0,紅增,否,,0.89,0.6,0.7,,192.1569,6.5719,3.6082
704257,富喬永豐5C購01,2026-09-01,1.43,0.06,4.38,842000000,0,紅增,否,,0.96,0.63,0.64,,215.7895,68.984,-3.985
704258,富喬永豐64購01,2026-09-01,2.05,0.09,4.59,258000000,0,紅增,是,,1.48,1.05,0.9,,141.8301,76.3912,1.0067
704260,聖暉*永豐61購01,2026-09-01,1.52,0.15,10.95,22000000,0,綠縮,是,,1.46,1.93,3.11,,-39.0833,-44.8601,-11.1857
704262,宜鼎兆豐61購01,2026-09-01,9.3,0.0,0.0,20000000,0,紅縮,否,,10.1,9.07,9.25,,25.7783,14.0969,-5.1308
704274,合晶富邦59購01,2026-09-01,7.75,0.85,12.32,3000000,0,,是,,6.57,9.4,8.09,,-46.2357,-8.5645,
704277,鈊象富邦5A購01,2026-09-01,0.1,-0.02,-16.67,753000000,0,綠增,否,,0.18,0.32,0.35,,-60.9649,-22.4939,-24.2325
704280,世界統一71購02,2026-09-01,0.59,0.05,9.26,5000000,0,綠縮,否,,0.58,0.59,0.64,,-4.3046,-4.3689,-11.1883
704281,台星科統一61購02,2026-09-01,0.54,0.03,5.88,236000000,0,,是,,0.42,0.55,0.64,,-37.9412,-22.1751,
704282,宜鼎統一71購01,2026-09-01,2.53,0.0,0.0,18000000,0,紅縮,是,,2.68,2.46,2.53,,18.8277,8.4507,-3.9985
704287,富喬統一61購01,2026-09-01,0.42,-0.08,-16.0,661000000,0,紅增,是,,0.3,0.22,0.17,,104.1096,98.2143,3.6697
704288,富喬統一61購02,2026-09-01,0.76,0.07,10.14,532000000,0,紅增,是,,0.53,0.34,0.32,,255.4054,91.4773,0.4777
704290,富喬統一61購04,2026-09-01,0.56,0.01,1.82,1091000000,0,紅增,是,,0.33,0.23,0.29,,142.6471,21.9895,-6.6561
704291,富喬統一64購01,2026-09-01,0.72,0.05,7.46,1371000000,0,,是,,0.45,0.41,0.44,,24.8619,11.2022,
704292,富喬統一65購02,2026-09-01,0.69,0.04,6.15,2463000000,0,綠轉紅,是,,0.37,0.43,0.44,,-24.1803,-2.0548,-0.1136
704293,富喬統一6C購01,2026-09-01,0.62,0.02,3.33,30000000,0,紅增,否,,0.5,0.4,0.4,,76.2238,24.2138,-0.8663
704294,富喬統一71購01,2026-09-01,0.72,0.0,0.0,256000000,0,紅增,是,,0.58,0.48,0.39,,56.1497,50.6289,7.3569
704295,富喬統一71購02,2026-09-01,0.62,0.01,1.64,120000000,0,紅增,否,,0.5,0.39,0.35,,80.0,41.5162,2.0115
704296,湧德統一71購01,2026-09-01,0.47,0.02,4.44,163000000,0,,是,,0.41,0.43,,,-8.0,-16.1165,
704298,聖暉*統一67購01,2026-09-01,0.62,0.03,5.08,39000000,0,綠縮,是,,0.63,0.78,1.13,,-32.1814,-32.021,-12.7132
704308,鈊象兆豐59購01,2026-09-01,0.11,-0.06,-35.29,10000000,0,綠增,否,,0.38,0.38,0.49,,0.5263,-18.4154,-9.0993
704315,系統電元大5B購03,2026-09-01,0.05,-0.11,-68.75,73000000,0,,是,,0.09,0.21,0.43,,-73.6527,-50.7009,
704320,鈊象元大5A購01,2026-09-01,0.25,-0.1,-28.57,16000000,0,綠增,是,,0.6,0.77,1.02,,-36.6525,-28.2791,-18.3559
704322,聖暉*元大61購01,2026-09-01,2.93,0.04,1.38,91000000,0,綠縮,否,,2.92,3.47,4.47,,-27.4627,-21.6448,-7.5204
704325,精測元大5B購01,2026-09-01,0.7,0.26,59.09,272000000,0,紅增,是,,0.62,0.53,0.67,,36.8889,-4.4803,-24.2338
704346,精測富邦59購01,2026-09-01,0.87,0.12,16.0,171000000,0,,是,,0.7,0.65,,,16.2791,-2.2523,
704348,合晶統一61購01,2026-09-01,4.98,0.49,10.91,3000000,0,綠縮,是,,4.25,4.74,6.36,,-18.537,-34.3404,-2.4628
704351,精測統一61購01,2026-09-01,0.53,0.22,70.97,410000000,0,紅增,是,,0.45,0.43,0.42,,8.2524,8.6076,-7.3951
704352,精測統一61購02,2026-09-01,0.55,0.12,27.91,22000000,0,綠轉紅,否,,0.43,0.44,0.53,,-3.125,-2.8634,-19.4785
704353,精測統一71購01,2026-09-01,1.25,0.23,22.55,1239000000,0,紅增,否,,1.0,1.02,0.99,,-3.4682,5.0463,-5.4171
704362,雷科永豐59購02,2026-09-01,5.65,-0.05,-0.88,1000000,0,綠縮,否,,5.38,4.96,7.93,,18.5544,-32.7502,-18.0418
704365,精測永豐5A購01,2026-09-01,0.75,0.38,102.7,45000000,0,綠縮,否,,0.41,0.46,0.94,,-20.5426,-41.4665,-34.8741
704373,精測國票5A購01,2026-09-01,0.38,0.17,80.95,1389000000,0,紅增,是,,0.43,0.35,0.6,,57.2464,-1.3889,-33.5548
704374,精測國票5A購02,2026-09-01,0.48,0.2,71.43,102000000,0,紅增,否,,0.36,0.33,0.46,,18.4211,-3.4884,-28.9945
704380,宜鼎凱基5B購01,2026-09-01,8.7,0.1,1.16,135000000,0,,是,,9.16,7.78,,,43.0356,,
704394,系統電元大61購01,2026-09-01,0.16,-0.01,-5.88,30000000,0,綠縮,否,,0.19,0.25,0.37,,-38.961,-34.3915,-19.6332
704396,順達元大5A購05,2026-09-01,3.36,0.26,8.39,171000000,0,,是,,2.37,2.42,3.12,,-3.9644,-18.0311,-9.6424
704400,宜鼎富邦61購01,2026-09-01,2.64,-0.1,-3.65,1000000,0,,是,,2.34,2.35,3.44,,-1.3502,-31.2098,-14.3871
704401,信昌電富邦5C購01,2026-09-01,8.2,0.25,3.14,8000000,0,綠轉紅,是,,5.17,4.36,7.07,,45.1124,-32.8252,-8.4272
704403,高鋒統一61購02,2026-09-01,0.24,-0.05,-17.24,72000000,0,,是,,0.25,0.25,0.33,,1.6,-19.7452,-19.8286
704404,精測統一5C購01,2026-09-01,0.5,0.2,66.67,550000000,0,綠縮,是,,0.37,0.35,0.76,,11.3095,-52.6035,-18.3585
704406,亞電永豐59購01,2026-09-01,5.55,-1.05,-15.91,25000000,0,紅增,否,,2.82,2.07,2.26,,111.4114,-4.8624,4.385
704409,精測永豐5A購02,2026-09-01,0.29,0.09,45.0,20000000,0,紅增,否,,0.36,0.3,0.53,,45.9016,-17.8082,-36.1934
704418,精測群益59購03,2026-09-01,0.14,0.11,366.67,1000000,0,綠縮,否,,0.26,0.39,0.95,,-50.9579,-60.1842,-24.8509
704419,力旺元大5A購01,2026-09-01,2.59,0.73,39.25,2000000,0,,是,,1.7,2.2,2.25,,-36.9822,-0.0907,
704424,湧德元大61購02,2026-09-01,0.25,-0.01,-3.85,10000000,0,,是,,0.4,0.52,,,-38.6997,,
704427,精材元大61購02,2026-09-01,8.25,0.85,11.49,2000000,0,,是,,7.4,5.84,,,73.221,,
704481,中探針元大61購01,2026-09-01,5.0,0.71,16.55,14000000,0,綠縮,是,,3.27,3.95,6.05,,-29.3305,-40.1364,-20.3553
704491,湧德元大5B購01,2026-09-01,0.28,0.0,0.0,175000000,0,綠縮,否,,0.25,0.28,0.4,,-18.8312,-32.4455,-15.9236
704492,鈊象元大5B購01,2026-09-01,0.49,-0.1,-16.95,1000000,0,紅轉綠,否,,0.91,0.95,1.08,,-7.9107,-16.2688,-8.2093
704507,亞電永豐5B購01,2026-09-01,3.47,-0.23,-6.22,140000000,0,紅增,否,,2.02,1.88,1.86,,15.8257,9.1014,7.8932
704511,萬泰科永豐59購01,2026-09-01,1.83,0.27,17.31,2000000,0,,否,,5.01,5.37,,,-12.5087,,
704533,大中統一71購01,2026-09-01,1.49,0.06,4.2,60000000,0,,是,,1.56,1.59,,,-3.936,-15.6614,
704536,尼克森統一5B購01,2026-09-01,0.64,0.02,3.23,14000000,0,綠縮,否,,0.76,1.22,1.75,,-54.9346,-40.4878,-8.8571
704537,巨漢統一5C購01,2026-09-01,0.59,0.01,1.72,10000000,0,,是,,0.62,0.67,,,-14.6409,,
704538,合晶統一61購02,2026-09-01,4.62,0.62,15.5,21000000,0,綠縮,否,,4.12,3.92,5.6,,10.8661,-24.1633,-5.9352
704540,宏捷科統一61購03,2026-09-01,0.28,0.03,12.0,17000000,0,,否,,0.32,0.41,0.65,,-36.1111,-40.2315,
704542,宜鼎統一5B購01,2026-09-01,3.2,0.1,3.23,1000000,0,綠縮,是,,2.54,2.64,3.55,,-7.4398,-15.2216,-14.1075
704543,宜鼎統一66購01,2026-09-01,1.75,-0.06,-3.31,10000000,0,紅增,否,,1.81,1.56,1.85,,38.5911,-0.2561,-13.3975
704546,長科*統一71購01,2026-09-01,0.7,-0.01,-1.41,210000000,0,紅增,是,,0.73,0.71,0.75,,6.4327,1.8759,-10.4762
704548,昱展統一61購01,2026-09-01,0.01,0.0,0.0,10000000,0,,否,,0.03,0.04,,,-38.4615,,
704549,茂迪統一5B購01,2026-09-01,0.35,-0.01,-2.78,120000000,0,綠增,是,,0.43,0.45,0.58,,-8.547,-17.037,-23.1691
704550,能率亞統一61購02,2026-09-01,0.6,-0.04,-6.25,64000000,0,綠縮,否,,0.58,0.6,0.65,,-5.2288,-7.4534,-8.0851
704551,能率亞統一71購01,2026-09-01,0.67,-0.01,-1.47,120000000,0,綠轉紅,是,,0.65,0.63,0.67,,7.5908,-1.4107,-3.3886
704553,雍智統一71購01,2026-09-01,4.19,0.48,12.94,22000000,0,紅增,是,,3.71,3.48,4.31,,13.6113,-13.3333,-5.1792
704556,力旺凱基5A購01,2026-09-01,12.9,-1.6,-11.03,2000000,0,,,,,,,,,,
704560,系統電凱基5B購01,2026-09-01,0.1,-0.01,-9.09,20000000,0,綠縮,否,,0.13,0.29,0.58,,-72.6087,-52.7419,-34.5138
704578,元太元大61購02,2026-09-01,0.54,0.03,5.88,2000000,0,,是,,1.01,1.27,,,-34.6304,-10.4006,
704590,能率亞統一63購01,2026-09-01,0.66,-0.01,-1.49,70000000,0,綠轉紅,否,,0.61,0.64,0.65,,-8.3832,-1.3867,-6.5327
704591,能率亞統一71購02,2026-09-01,0.9,-0.04,-4.26,21000000,0,綠縮,否,,0.87,0.89,0.91,,-4.814,-2.3001,-4.3022
704609,力旺群益59購01,2026-09-01,5.5,1.21,28.21,1000000,0,,否,,4.2,,,,,,
704618,宜鼎群益59購01,2026-09-01,4.3,0.04,0.94,10000000,0,,否,,4.82,4.61,,,9.6906,-33.2803,
704619,旺矽群益59購01,2026-09-01,4.0,0.14,3.63,1000000,0,,否,,,,,,,,
704629,智通*統一61購01,2026-09-01,0.4,0.01,2.56,56000000,0,,是,,0.37,0.33,0.44,,23.3333,-23.8636,-3.7961
704638,廣運永豐61購01,2026-09-01,0.16,0.03,23.08,3000000,0,紅縮,否,,0.18,0.18,0.19,,-2.1505,14.2857,-9.9034
704668,穩得元大5B購01,2026-09-01,0.99,0.05,5.32,5000000,0,,否,,0.92,0.8,,,35.5882,-1.7178,
704679,中美晶永豐59購01,2026-09-01,2.28,0.27,13.43,1000000,0,,否,,2.71,2.21,,,59.2723,,
704685,穩懋永豐5A購02,2026-09-01,7.7,1.9,32.76,1000000,0,紅增,否,,4.3,4.13,4.03,,8.4173,19.9594,-21.0315
704712,精材元大61購04,2026-09-01,4.08,0.13,3.29,15000000,0,綠縮,是,,2.17,2.19,2.55,,-1.4519,-21.2666,3.7007
704725,家登永豐5B購01,2026-09-01,2.78,0.66,31.13,19000000,0,綠轉紅,否,,1.94,1.62,2.78,,49.3088,-31.287,-21.1588
704733,鑫聯永豐5A購01,2026-09-01,0.4,-0.04,-9.09,40000000,0,綠增,否,,0.85,1.33,1.82,,-53.2453,-30.1571,-19.7572
704766,精材元大61購05,2026-09-01,4.99,-0.16,-3.11,1000000,0,,是,,4.27,3.93,3.24,,19.0635,23.5072,
704775,博智群益62購01,2026-09-01,3.02,0.07,2.37,4000000,0,綠轉紅,否,,2.18,2.12,2.64,,5.1158,-11.7525,-14.5472
704778,榮剛群益5A購01,2026-09-01,0.04,0.0,0.0,10000000,0,,是,,0.2,0.4,,,-67.1053,,
704784,沛亨凱基59購01,2026-09-01,3.49,0.92,35.8,113000000,0,,是,,2.74,,,,,,
704786,信驊凱基5A購02,2026-09-01,11.0,2.9,35.8,20000000,0,,否,,7.42,8.19,,,-17.2321,,
704793,擎亞永豐5A購02,2026-09-01,2.86,0.46,19.17,1000000,0,綠縮,否,,2.85,3.71,6.99,,-37.3848,-42.4445,-20.0812
704795,世紀*群益59購01,2026-09-01,1.13,-0.85,-42.93,40000000,0,,是,,2.2,1.11,,,9918.182,,
704804,弘塑元大59購03,2026-09-01,0.59,0.17,40.48,220000000,0,,是,,1.42,2.83,4.04,,-66.4303,-44.5426,-19.0409
704829,信驊國票59購04,2026-09-01,6.75,1.6,31.07,1000000,0,,是,,5.24,4.56,,,34.843,8.5137,
704831,信驊國票5C購01,2026-09-01,5.45,0.61,12.6,18000000,0,,是,,4.63,4.45,4.41,,8.6854,14.6505,
704837,磐儀國票59購01,2026-09-01,0.01,0.0,0.0,555000000,0,綠增,否,,0.16,0.33,0.42,,-68.254,-31.2629,-18.8931
704842,台星科富邦5B購01,2026-09-01,0.64,0.16,33.33,14000000,0,紅增,否,,0.5,0.46,0.58,,21.8447,-1.5086,-18.5237
704844,宜特富邦5A購01,2026-09-01,0.17,0.03,21.43,9000000,0,,是,,0.22,0.38,,,-58.9552,-51.0363,
704847,智通*富邦5B購01,2026-09-01,0.13,-0.01,-7.14,301000000,0,,否,,0.16,0.3,0.32,,-61.8605,-22.6563,-6.4611
704851,擎亞富邦59購01,2026-09-01,1.06,-0.24,-18.46,20000000,0,綠增,是,,2.01,2.93,3.21,,-47.9793,-24.3424,-3.1429
704852,雙鴻富邦5A購01,2026-09-01,2.42,0.97,66.9,463000000,0,紅增,否,,1.02,0.79,0.77,,84.1727,31.6667,-5.182
704880,榮剛富邦5A購01,2026-09-01,0.12,0.02,20.0,107000000,0,綠增,否,,0.18,0.19,0.29,,-7.1429,-30.7692,-22.2955
704881,譜瑞兆豐62購01,2026-09-01,1.62,0.11,7.28,30000000,0,綠轉紅,否,,1.6,1.74,2.11,,-14.59,-20.8996,-13.9207
704885,雙鴻國票59購02,2026-09-01,1.23,0.74,151.02,100000000,0,,是,,0.46,1.05,,,-72.0535,,
704895,世界統一62購01,2026-09-01,0.46,0.04,9.52,15000000,0,綠縮,否,,0.53,0.56,0.72,,-10.1351,-19.0202,-21.8986
704896,台星科統一62購01,2026-09-01,0.78,0.11,16.42,349000000,0,紅增,否,,0.67,0.62,0.69,,14.433,3.3113,-6.7347
704897,台燿統一62購01,2026-09-01,4.51,0.24,5.62,26000000,0,,是,,5.12,4.72,4.74,,18.5271,11.5894,-3.8629
704900,茂達統一62購01,2026-09-01,0.65,0.02,3.17,292000000,0,綠縮,否,,0.61,0.63,0.77,,-8.4592,-15.1272,-20.9985
704903,智通*統一68購01,2026-09-01,0.51,-0.01,-1.92,5000000,0,綠縮,否,,0.48,0.46,0.53,,12.093,-7.3171,-6.2333
704904,新復興統一72購01,2026-09-01,0.24,-0.01,-4.0,3000000,0,,否,,0.24,0.25,0.3,,-9.0909,-14.2857,
704905,穩懋統一72購01,2026-09-01,2.57,0.25,10.78,7000000,0,,否,,2.0,1.74,,,34.4086,,
704906,穩懋統一72購02,2026-09-01,2.1,0.25,13.51,100000000,0,,否,,1.53,1.47,1.51,,8.1921,9.0237,
704915,穩懋凱基5B購02,2026-09-01,8.15,1.25,18.12,1000000,0,,是,,5.26,4.19,,,68.7179,19.3622,
704929,勤凱元大5A購02,2026-09-01,2.85,0.35,14.0,2000000,0,,否,,2.64,,,,,,
704935,雙鴻國泰59購01,2026-09-01,1.1,0.89,423.81,2000000,0,綠轉紅,否,,0.36,0.27,0.52,,90.4255,-40.9091,-30.1811
704940,印能國票59購01,2026-09-01,7.0,0.0,0.0,6000000,0,,,,,,,,,,
704946,閎康統一72購01,2026-09-01,0.67,0.04,6.35,122000000,0,綠縮,是,,0.65,0.69,0.82,,-10.6849,-14.268,-7.4745
704947,順達統一65購01,2026-09-01,0.97,0.15,18.29,1000000,0,綠轉紅,否,,0.71,0.76,0.85,,-13.2353,-4.5113,-8.6606
704948,雙鴻統一5C購01,2026-09-01,1.25,0.37,42.05,287000000,0,綠轉紅,是,,0.51,0.43,0.51,,50.2924,0.0,-5.7674
704949,雙鴻統一65購01,2026-09-01,0.93,0.21,29.17,359000000,0,綠轉紅,是,,0.51,0.41,0.45,,67.7632,9.7035,-11.2871
704950,耀勝統一5C購03,2026-09-01,0.02,0.0,0.0,10000000,0,綠縮,否,,0.04,0.08,0.21,,-66.6667,-62.3762,-33.1169
704954,系微兆豐62購01,2026-09-01,2.02,0.08,4.12,200000000,0,,是,,2.08,2.32,,,-19.0328,-30.8289,
704957,雙鴻永豐5A購02,2026-09-01,1.14,0.25,28.09,6000000,0,,否,,0.61,0.79,,,-37.7049,,
704958,中探針群益5C購01,2026-09-01,10.0,1.7,20.48,1000000,0,,否,,7.09,6.29,10.88,,29.1439,-40.5763,-24.2028
704983,雙鴻元富5A購02,2026-09-01,1.08,0.28,35.0,1249000000,0,紅增,是,,0.5,0.42,0.46,,53.0488,16.9014,-14.4712
704984,雙鴻元富5A購03,2026-09-01,2.08,0.68,48.57,562000000,0,,是,,0.94,1.35,,,-46.9989,,
704997,雙鴻元大5B購01,2026-09-01,1.26,0.41,48.24,337000000,0,,是,,0.73,,,,,,
704998,雙鴻元大61購02,2026-09-01,0.91,0.3,49.18,315000000,0,,是,,0.42,0.55,,,-36.3363,,
705000,世紀*國泰59購01,2026-09-01,5.9,0.25,4.42,29000000,0,紅增,是,,3.51,1.77,0.94,,14525.0004,2704.7619,958.427
705002,世界富邦5C購02,2026-09-01,0.66,0.03,4.76,1315000000,0,綠縮,是,,0.68,0.77,0.9,,-21.709,-11.1623,-19.0519
705003,世界統一72購01,2026-09-01,0.72,0.01,1.41,135000000,0,綠縮,否,,0.74,0.76,0.82,,-5.3985,-6.0794,-10.4891
705007,智通*統一62購01,2026-09-01,0.53,-0.02,-3.64,314000000,0,綠轉紅,否,,0.51,0.47,0.57,,17.8899,-4.0404,-5.6385
705008,湧德統一61購03,2026-09-01,0.33,-0.01,-2.94,1000000,0,綠縮,否,,0.26,0.32,0.42,,-32.9897,-30.7692,-13.4969
705009,穩懋統一72購03,2026-09-01,2.65,0.29,12.29,1000000,0,,否,,1.93,1.83,1.76,,11.0472,14.625,-9.4883
705010,穩懋統一72購04,2026-09-01,2.28,0.31,15.74,260000000,0,紅增,是,,1.64,1.56,1.45,,9.6515,13.9942,-3.7172
705023,雙鴻凱基5C購01,2026-09-01,2.28,0.62,37.35,300000000,0,紅增,否,,1.07,0.89,0.83,,50.4225,29.0276,-6.1399
705029,金山電群益5A購01,2026-09-01,4.85,0.53,12.27,20000000,0,,是,,10.42,,,,,,
705048,系微國票59購01,2026-09-01,0.01,-0.01,-50.0,6000000,0,紅增,否,,0.09,0.15,0.57,,-61.2613,-62.3472,-48.3929
705052,精測國票59購05,2026-09-01,0.01,0.0,0.0,10000000,0,紅增,否,,0.01,0.02,0.05,,-58.8235,-41.4634,-50.4762
705063,穩懋元大61購02,2026-09-01,2.46,0.27,12.33,1000000,0,,是,,1.8,1.41,,,78.0632,15.9934,
705072,新應材凱基5A購01,2026-09-01,0.41,0.11,36.67,164000000,0,綠縮,是,,0.67,0.75,1.3,,-20.1439,-34.7826,-26.2249
705081,閎康群益5A購01,2026-09-01,0.61,0.15,32.61,5000000,0,,否,,0.9,1.35,2.31,,-50.6064,-45.626,-24.0257
705084,精測群益62購03,2026-09-01,0.78,0.25,47.17,2721000000,0,紅增,是,,0.53,0.57,0.58,,-13.4868,-0.5263,-16.9865
705088,新應材富邦59購01,2026-09-01,0.06,-0.01,-14.29,70000000,0,,否,,0.3,0.43,0.66,,-46.8085,-38.1089,-25.7703
705090,精測富邦5A購01,2026-09-01,0.06,0.04,200.0,712000000,0,紅增,是,,0.03,0.05,0.07,,-48.3871,-25.3968,-35.7843
705091,正淩統一62購01,2026-09-01,0.41,-0.02,-4.65,272000000,0,,是,,0.38,0.51,,,-40.4389,-25.9098,
705092,正淩統一65購01,2026-09-01,0.41,-0.01,-2.38,551000000,0,,是,,0.36,0.39,0.48,,-13.7441,-16.383,
705094,宜特統一62購01,2026-09-01,0.46,0.03,6.98,262000000,0,綠縮,否,,0.44,0.47,0.6,,-10.8871,-15.7989,-15.1899
705095,新復興統一62購01,2026-09-01,0.08,0.01,14.29,10000000,0,綠轉紅,否,,0.09,0.09,0.15,,-15.6863,-22.314,-29.078
705096,精測統一62購01,2026-09-01,0.27,0.12,80.0,1253000000,0,綠轉紅,是,,0.13,0.15,0.19,,-28.0899,-21.134,-21.25
705097,精測統一64購02,2026-09-01,0.54,0.18,50.0,4000000,0,綠轉紅,否,,0.5,0.42,0.59,,47.3373,-22.0149,-13.0081
705098,精測統一72購01,2026-09-01,0.85,0.25,41.67,100000000,0,,是,,0.9,1.04,,,-24.1963,-15.2529,
705099,雙鴻統一62購03,2026-09-01,0.73,0.26,55.32,1067000000,0,,是,,0.38,0.46,,,-29.6296,,
705103,弘塑元富5A購02,2026-09-01,2.44,0.43,21.39,119000000,0,,是,,,,,,,,
705111,系統電永豐61購01,2026-09-01,0.5,-0.03,-5.66,20000000,0,紅增,否,,0.59,0.57,0.88,,6.9343,-19.0,-20.6975
705114,新應材永豐61購01,2026-09-01,1.16,0.08,7.41,60000000,0,,是,,1.42,2.51,3.53,,-60.478,-33.1914,
705128,良維統一72購01,2026-09-01,1.3,0.09,7.44,166000000,0,,是,,1.06,1.07,1.34,,-1.6698,-11.5066,
705130,長科*統一72購01,2026-09-01,1.12,-0.02,-1.75,106000000,0,綠縮,否,,1.18,1.12,1.32,,11.9545,-4.9362,-7.6167
705131,茂迪統一61購01,2026-09-01,0.18,0.0,0.0,50000000,0,,是,,0.23,0.3,0.41,,-35.7143,-31.422,
705132,茂迪統一72購02,2026-09-01,0.44,-0.01,-2.22,1000000,0,綠縮,否,,0.45,0.48,0.53,,-11.3725,-9.9251,-7.0681
705138,良維中信5C購01,2026-09-01,1.8,0.06,3.45,144000000,0,,否,,1.29,1.8,,,-44.3772,,
705149,德勝國票59購01,2026-09-01,0.01,0.0,0.0,10000000,0,綠縮,是,,0.06,0.18,0.4,,-80.6667,-55.5831,-24.6679
705161,雙鴻元大61購03,2026-09-01,1.4,0.4,40.0,5000000,0,,是,,0.64,0.63,,,5.5738,-23.6297,
705169,正淩凱基5B購01,2026-09-01,0.31,-0.02,-6.06,4000000,0,,是,,0.53,0.91,,,-58.7963,,
705171,系統電凱基61購01,2026-09-01,0.4,-0.01,-2.44,135000000,0,,是,,0.44,0.62,1.26,,-45.297,-44.543,
705179,雙鴻凱基5C購02,2026-09-01,1.55,0.47,43.52,46000000,0,紅增,是,,0.77,0.63,0.71,,61.25,16.1111,-14.4673
705183,雙鴻國泰59購03,2026-09-01,0.3,0.15,100.0,20000000,0,,是,,0.16,0.28,,,-61.9512,-49.7336,
705188,元太統一62購01,2026-09-01,0.29,0.01,3.57,87000000,0,綠縮,否,,0.31,0.41,0.51,,-40.1544,-28.125,-18.7697
705190,弘塑統一72購01,2026-09-01,1.32,0.08,6.45,98000000,0,,是,,1.21,1.26,,,-7.622,,
705192,沛亨統一72購01,2026-09-01,1.77,0.2,12.74,1000000,0,,是,,1.5,1.42,1.49,,12.0715,5.1737,-16.6246
705193,宜鼎統一72購01,2026-09-01,1.57,-0.01,-0.63,20000000,0,紅縮,否,,1.71,1.69,1.57,,1.5458,8.4453,-2.7812
705194,崴寶統一64購01,2026-09-01,0.69,0.0,0.0,2000000,0,,是,,0.65,0.66,,,-2.0958,-5.0287,
705195,崴寶統一72購01,2026-09-01,1.0,0.05,5.26,15000000,0,紅增,是,,0.94,0.89,0.93,,10.1176,-0.6674,-4.2564
705196,雙鴻統一72購01,2026-09-01,1.09,0.17,18.48,854000000,0,紅增,是,,0.77,0.71,0.67,,19.5652,16.092,0.6015
705212,雙鴻元大5C購01,2026-09-01,1.04,0.23,28.4,423000000,0,,是,,0.54,0.74,,,-43.2489,,
705213,雙鴻元大61購04,2026-09-01,0.91,0.27,42.19,42000000,0,,是,,0.55,,,,,,
705215,崴寶永豐5B購01,2026-09-01,0.96,-0.07,-6.8,11000000,0,,是,,0.93,1.08,,,-24.1883,-12.3786,
705216,雙鴻永豐61購01,2026-09-01,1.42,0.49,52.69,1243000000,0,,是,,1.45,1.22,,,45.7831,14.6067,
705221,雙鴻元富5A購04,2026-09-01,3.68,1.4,61.4,26000000,0,,是,,1.81,2.33,,,-36.669,,
705222,雙鴻元富5A購05,2026-09-01,2.5,1.0,66.67,353000000,0,綠轉紅,是,,1.01,0.77,1.08,,90.9091,-12.2286,-20.7721
705223,雙鴻元富5A購06,2026-09-01,1.38,0.55,66.27,419000000,0,,否,,0.49,0.45,0.61,,17.7033,-12.6679,-28.0379
705235,力旺凱基5B購01,2026-09-01,5.05,1.65,48.53,33000000,0,,否,,2.94,5.37,,,-62.3077,,
705238,穩懋凱基61購01,2026-09-01,3.24,0.7,27.56,10000000,0,紅增,否,,3.08,2.7,3.04,,31.9897,9.6473,-4.7836
705254,雙鴻富邦5A購02,2026-09-01,0.89,0.31,53.45,1077000000,0,紅增,是,,0.33,0.25,0.25,,92.9412,46.4706,-24.4411
705255,雙鴻富邦5A購03,2026-09-01,1.14,0.42,58.33,836000000,0,紅增,是,,0.53,0.4,0.44,,97.0149,12.7479,-15.9351
705257,力旺統一65購01,2026-09-01,1.02,0.24,30.77,335000000,0,綠轉紅,否,,0.74,0.89,0.89,,-29.0631,-5.8947,-16.7835
705258,力旺統一72購01,2026-09-01,1.18,0.24,25.53,103000000,0,綠轉紅,否,,0.88,1.02,1.02,,-23.7931,-5.7196,-9.6085
705260,凡甲統一72購02,2026-09-01,0.73,0.01,1.39,63000000,0,綠增,是,,0.77,0.79,0.85,,-5.665,-7.8271,-4.5506
705261,元太統一62購02,2026-09-01,0.31,0.02,6.9,79000000,0,,否,,0.33,0.41,0.5,,-30.7054,-21.9885,-17.2185
705263,弘塑統一72購02,2026-09-01,1.17,-0.1,-7.87,122000000,0,,是,,1.24,1.61,,,-37.5758,,
705264,正淩統一72購02,2026-09-01,0.47,-0.01,-2.08,45000000,0,綠轉紅,否,,0.44,0.47,0.55,,-11.245,-17.8322,-7.6728
705265,沛亨統一72購02,2026-09-01,1.28,0.1,8.47,286000000,0,,是,,1.13,1.1,,,5.7944,-18.5048,
705267,閎康統一72購02,2026-09-01,0.89,0.03,3.49,105000000,0,紅增,否,,0.86,0.88,0.96,,-5.2863,-2.8571,-8.7226
705268,雙鴻統一62購04,2026-09-01,0.83,0.36,76.6,795000000,0,紅增,是,,0.38,0.31,0.3,,61.0169,32.1888,0.0
705269,穩懋統一65購02,2026-09-01,1.93,-0.29,-13.06,110000000,0,紅增,是,,1.28,1.22,1.07,,11.6522,21.8218,-3.8323
705272,世紀*國票59購02,2026-09-01,2.72,1.33,95.68,292000000,0,,是,,1.48,0.76,0.41,,3272.7273,1428.0,
705273,穩懋國票59購02,2026-09-01,6.8,0.9,15.25,7000000,0,紅增,否,,2.96,2.6,3.0,,31.7291,16.1233,-30.6358
705276,力旺群益5A購01,2026-09-01,2.35,1.11,89.52,177000000,0,綠轉紅,否,,1.32,1.81,2.05,,-42.9437,-18.3251,-24.4227
705279,良維群益5C購01,2026-09-01,1.77,0.17,10.62,79000000,0,,否,,1.24,1.56,2.49,,-33.6887,-35.617,
705284,力旺元大5A購03,2026-09-01,1.96,0.58,42.03,113000000,0,綠轉紅,是,,1.29,1.85,1.96,,-46.473,-10.5416,-23.5788
705289,鈊象元大5C購02,2026-09-01,1.16,-0.03,-2.52,25000000,0,綠增,否,,1.7,1.77,1.84,,-7.7258,-3.0187,-2.2534
705291,世紀*凱基59購01,2026-09-01,3.15,-0.79,-20.05,52000000,0,紅增,否,,1.91,0.97,0.52,,8581.8182,2000.0,700.0
705300,鈊象凱基61購01,2026-09-01,1.66,-0.28,-14.43,25000000,0,綠增,否,,2.11,2.61,2.65,,-32.3492,-4.7063,-9.8079
705302,雙鴻凱基59購07,2026-09-01,0.91,0.31,51.67,120000000,0,,否,,0.98,,,,,,
705307,富喬富邦5B購01,2026-09-01,0.78,0.07,9.86,358000000,0,紅增,是,,0.47,0.3,0.25,,256.0606,128.0303,0.0
705308,亞泰統一64購01,2026-09-01,2.72,0.07,2.64,5000000,0,,是,,2.62,2.29,,,33.81,,
705309,亞泰統一72購01,2026-09-01,2.73,0.18,7.06,2000000,0,紅增,否,,2.11,1.9,1.88,,24.5573,20.8386,1.8684
705310,博智統一72購02,2026-09-01,1.12,-0.02,-1.75,54000000,0,紅增,否,,0.94,0.9,0.88,,8.5847,6.6429,-9.3525
705311,富喬統一62購01,2026-09-01,0.61,0.01,1.67,204000000,0,紅增,否,,0.42,0.31,0.29,,112.1212,61.7801,-3.7705
705312,富喬統一62購02,2026-09-01,0.63,0.02,3.28,778000000,0,紅增,否,,0.45,0.32,0.35,,150.0,25.498,0.7205
705314,精材統一72購01,2026-09-01,1.94,0.01,0.52,137000000,0,綠轉紅,否,,1.36,1.29,1.46,,10.5863,-9.6436,1.7014
705315,鑫科統一72購02,2026-09-01,0.48,-0.01,-2.04,51000000,0,,是,,0.6,0.67,,,-17.7112,-12.7771,
705316,沛亨國票59購02,2026-09-01,2.17,0.56,34.78,2000000,0,,是,,2.01,,,,,,
705321,富強鑫國票59購01,2026-09-01,0.05,0.01,25.0,389000000,0,綠增,否,,0.12,0.19,0.22,,-54.9618,-20.5021,-19.7026
705323,富喬國票59購02,2026-09-01,1.56,0.12,8.33,130000000,0,綠轉紅,否,,0.89,0.83,0.93,,16.4491,-14.3595,-7.7113
705324,富喬國票5A購01,2026-09-01,1.68,0.06,3.7,331000000,0,紅增,否,,1.08,0.74,0.84,,168.3168,47.0356,-7.2057
705330,富喬元大59購01,2026-09-01,0.7,0.05,7.69,71000000,0,綠轉紅,是,,0.31,0.29,0.49,,12.2302,-43.4866,-19.5102
705331,富喬元大5B購02,2026-09-01,0.64,0.03,4.92,318000000,0,紅增,是,,0.41,0.28,0.36,,182.1918,13.4146,-6.1438
705333,鈊象元大5C購03,2026-09-01,1.05,-0.01,-0.94,10000000,0,紅轉綠,否,,1.78,1.74,1.72,,4.5721,11.7157,-4.1493
705337,穩懋元大61購04,2026-09-01,2.6,0.52,25.0,10000000,0,,否,,1.81,1.64,,,22.5237,19.7955,
705340,富喬群益59購01,2026-09-01,0.67,0.02,3.08,40000000,0,綠轉紅,是,,0.35,0.28,0.46,,66.0377,-40.5063,-23.1152
705341,富喬群益5A購01,2026-09-01,0.78,-0.13,-14.29,130000000,0,綠轉紅,是,,0.45,0.47,0.56,,-7.7551,-22.7869,-15.5805
705346,富喬永豐5A購02,2026-09-01,0.72,-0.01,-1.37,243000000,0,紅增,是,,0.42,0.26,0.36,,307.6923,6.0241,-1.1127
705347,富喬永豐61購01,2026-09-01,1.04,0.04,4.0,293000000,0,紅增,否,,0.76,0.48,0.49,,256.6038,71.0247,-1.8943
705348,富喬永豐65購01,2026-09-01,1.22,0.03,2.52,512000000,0,紅增,否,,0.94,0.68,0.59,,118.6047,61.9385,5.694
705349,雙鴻永豐5B購01,2026-09-01,1.2,0.4,50.0,41000000,0,紅增,否,,0.56,0.43,0.52,,82.3529,16.129,-9.9826
705365,雙鴻元大5B購02,2026-09-01,1.48,0.36,32.14,607000000,0,綠轉紅,是,,0.8,0.64,0.79,,65.5602,-3.6145,-7.1892
705366,雙鴻元大5C購02,2026-09-01,1.18,0.35,42.17,290000000,0,,是,,0.76,0.76,,,0.2632,-12.8293,
705370,穩懋元大61購05,2026-09-01,1.72,0.44,34.38,96000000,0,綠縮,是,,1.75,1.89,2.31,,-14.3137,-21.8002,-5.5646
705372,力致統一64購01,2026-09-01,0.32,0.03,10.34,25000000,0,綠縮,否,,0.29,0.31,0.4,,-7.5472,-19.2612,-14.7402
705375,台燿統一62購02,2026-09-01,4.6,0.3,6.98,1000000,0,,是,,5.24,5.88,,,-19.5084,-1.1109,
705378,宏捷科統一61購04,2026-09-01,0.38,0.07,22.58,88000000,0,紅增,是,,0.3,0.33,0.37,,-17.2222,-8.3565,-22.082
705379,沛亨統一68購01,2026-09-01,1.15,0.15,15.0,106000000,0,,是,,0.98,1.29,,,-38.7298,-30.4138,
705381,系微統一64購01,2026-09-01,0.57,0.03,5.56,7000000,0,,是,,0.57,0.82,,,-46.7167,-27.5709,
705382,亞泰統一72購02,2026-09-01,3.45,0.23,7.14,33000000,0,紅增,是,,2.39,2.28,2.41,,10.221,-4.3569,-6.8147
705383,宜特統一65購01,2026-09-01,0.5,0.03,6.38,5000000,0,綠縮,是,,0.51,0.69,0.8,,-41.3793,-24.0088,-14.6001
705385,前鼎統一72購01,2026-09-01,1.92,0.23,13.61,99000000,0,,是,,1.3,1.11,1.33,,41.7031,1.2809,
705386,茂達統一72購01,2026-09-01,0.87,0.05,6.1,32000000,0,綠縮,否,,0.88,0.84,0.96,,8.1281,-7.2448,-13.1318
705387,原相統一64購01,2026-09-01,0.41,0.03,7.89,394000000,0,綠轉紅,是,,0.41,0.45,0.44,,-14.1667,-3.4632,-12.1903
705389,富強鑫統一72購01,2026-09-01,0.59,0.02,3.51,20000000,0,紅轉綠,否,,0.63,0.64,0.62,,-1.25,3.4146,3.411
705390,新漢統一64購02,2026-09-01,0.32,-0.02,-5.88,121000000,0,綠增,是,,0.34,0.34,0.37,,-0.5814,-12.0513,-1.7128
705393,鈺太統一64購01,2026-09-01,0.5,0.06,13.64,187000000,0,,是,,0.47,0.5,,,-12.7341,,
705394,精材統一5C購02,2026-09-01,4.0,0.2,5.26,2000000,0,,否,,2.76,2.37,1.83,,39.4551,47.5746,
705397,穩得統一72購01,2026-09-01,0.99,0.01,1.02,47000000,0,,否,,0.97,0.93,1.07,,9.7285,-8.67,
705398,穩懋統一61購06,2026-09-01,2.19,0.53,31.93,1000000,0,綠轉紅,是,,1.34,1.26,1.91,,14.4804,-32.4208,-13.9959
705399,穩懋統一62購01,2026-09-01,1.65,0.38,29.92,148000000,0,紅增,否,,1.0,0.9,0.83,,24.812,19.6,-4.3804
705400,穩懋統一62購02,2026-09-01,2.32,0.62,36.47,68000000,0,紅增,是,,1.53,1.41,1.68,,20.2194,6.6009,-14.8721
705401,穩懋統一62購03,2026-09-01,1.58,0.28,21.54,481000000,0,紅增,是,,1.18,1.02,0.99,,37.7622,7.3684,0.0505
705402,耀勝統一64購01,2026-09-01,0.13,0.0,0.0,2000000,0,綠縮,否,,0.17,0.31,0.45,,-61.7117,-40.3883,-19.787
705403,耀勝統一72購01,2026-09-01,0.21,0.0,0.0,1000000,0,,否,,0.41,0.51,,,-32.7815,-17.2131,
705405,正基國票59購01,2026-09-01,0.04,-0.02,-33.33,230000000,0,紅縮,是,,0.11,0.11,0.26,,3.7037,-47.619,-30.7076
705410,沛亨永豐5B購01,2026-09-01,1.51,0.28,22.76,78000000,0,,否,,1.41,2.25,,,-54.1207,,
705411,良維永豐59購01,2026-09-01,2.01,0.48,31.37,67000000,0,,否,,1.08,1.44,3.92,,-39.6437,-56.5611,-41.3333
705437,弘塑凱基5C購01,2026-09-01,5.3,0.45,9.28,62000000,0,,否,,5.1,5.22,,,-4.5284,,
705438,沛亨凱基5A購01,2026-09-01,1.66,0.15,9.93,1000000,0,,否,,1.33,1.34,3.12,,-2.5,-36.4411,
705439,信驊凱基5A購03,2026-09-01,9.3,2.9,45.31,94000000,0,,否,,5.91,5.6,,,11.7158,,
705444,良維國票62購01,2026-09-01,2.53,0.32,14.48,7000000,0,紅增,否,,1.79,1.69,2.2,,13.2911,-1.9779,-18.3101
705446,信驊國票62購01,2026-09-01,6.15,1.21,24.49,62000000,0,紅增,是,,4.83,5.38,4.7,,-18.3446,4.1045,0.6956
705451,穩懋國票5A購03,2026-09-01,2.82,0.82,41.0,91000000,0,紅增,是,,1.24,1.21,1.34,,4.3919,11.8299,-17.4074
705452,世界國泰5A購01,2026-09-01,1.39,0.09,6.92,49000000,0,,是,,1.71,2.56,,,-49.912,,
705453,宏捷科國泰5A購01,2026-09-01,0.37,0.13,54.17,3000000,0,,是,,0.89,1.34,,,-50.6682,,
705455,世界群益5B購02,2026-09-01,0.85,0.11,14.86,5000000,0,綠縮,否,,0.88,1.15,1.83,,-37.7119,-35.4857,-11.378
705458,良維群益5B購01,2026-09-01,0.8,0.01,1.27,197000000,0,,是,,0.58,1.1,2.22,,-63.6816,-46.8477,
705460,信驊群益5B購04,2026-09-01,9.0,2.75,44.0,5000000,0,,是,,7.44,6.73,,,23.3908,-3.7455,
705475,雙鴻元大5C購03,2026-09-01,1.9,0.36,23.38,315000000,0,紅增,否,,1.12,1.01,0.95,,23.8938,20.19,-2.2234
705476,雙鴻元大61購05,2026-09-01,1.58,0.42,36.21,1310000000,0,,是,,0.86,0.74,,,37.5,-20.4936,
705478,台特化統一73購01,2026-09-01,0.55,0.03,5.77,10000000,0,紅增,是,,0.55,0.52,0.59,,13.1687,-8.9631,-7.7586
705479,良維統一61購01,2026-09-01,1.1,0.16,17.02,1000000,0,,是,,0.91,1.49,,,-56.3462,,
705480,良維統一63購01,2026-09-01,0.79,0.04,5.33,670000000,0,紅增,是,,0.58,0.55,0.63,,13.2296,-3.5211,-22.9589
705481,亞泰統一62購01,2026-09-01,4.89,0.59,13.72,6000000,0,紅增,否,,2.89,2.44,2.82,,44.99,-12.3027,4.2561
705483,新應材統一62購02,2026-09-01,0.26,0.06,30.0,1000000,0,紅增,否,,0.24,0.23,0.3,,11.9266,-14.7601,-16.4095
705485,萬潤統一73購01,2026-09-01,4.53,0.12,2.72,14000000,0,紅增,否,,3.97,3.54,3.24,,27.9819,18.1423,8.4115
705486,德微統一63購01,2026-09-01,1.5,0.1,7.14,474000000,0,,,,,,,,,,
705487,穩懋統一66購01,2026-09-01,1.4,0.32,29.63,954000000,0,紅增,是,,0.97,0.93,0.78,,9.2135,26.8392,-1.2033
705488,穩懋統一73購01,2026-09-01,1.81,0.31,20.67,37000000,0,紅增,否,,1.27,1.21,1.16,,10.4348,9.8004,-3.7236
705489,穩懋統一73購02,2026-09-01,1.79,0.31,20.95,732000000,0,紅增,是,,1.22,1.18,1.09,,7.5571,13.5577,-4.1174
705492,世界永豐5B購02,2026-09-01,2.91,0.31,11.92,3000000,0,綠增,否,,4.67,5.71,8.06,,-30.7441,-24.7132,-11.0823
705497,宜鼎永豐5A購02,2026-09-01,2.93,-0.08,-2.66,47000000,0,,是,,3.58,3.1,4.47,,36.329,-4.9908,-16.766
705504,雙鴻永豐5C購01,2026-09-01,1.9,0.56,41.79,47000000,0,,否,,0.98,0.89,1.01,,20.197,-6.4854,-11.6674
705505,穩懋永豐5A購03,2026-09-01,1.76,0.46,35.38,826000000,0,紅增,是,,0.82,0.81,0.76,,4.3147,16.1616,-18.7433
705519,均華兆豐63購01,2026-09-01,3.04,-0.18,-5.59,13000000,0,紅增,否,,2.52,2.27,2.54,,24.4071,4.3658,-4.7342
705520,宜鼎兆豐63購01,2026-09-01,4.43,0.03,0.68,29000000,0,紅縮,否,,4.84,4.52,4.24,,15.3553,19.9469,-4.8351
705522,雙鴻兆豐5B購01,2026-09-01,0.85,0.62,269.57,79000000,0,,是,,0.27,0.25,,,17.2414,,
705525,良維凱基5B購02,2026-09-01,1.04,0.18,20.93,10000000,0,綠縮,否,,0.65,0.84,1.81,,-36.9439,-53.9092,-24.9689
705534,雙鴻凱基5B購01,2026-09-01,0.9,0.37,69.81,36000000,0,,是,,0.45,0.64,,,-46.0241,,
705548,雙鴻元大61購06,2026-09-01,0.67,0.19,39.58,780000000,0,綠轉紅,是,,0.3,0.26,0.35,,32.7434,-20.0608,-20.0
705551,穩懋元大5A購03,2026-09-01,1.46,-0.03,-2.01,147000000,0,紅增,是,,1.11,1.12,1.09,,-1.4184,19.7861,-9.8063
705552,穩懋元大5B購04,2026-09-01,1.98,0.39,24.53,8000000,0,紅增,是,,1.89,1.65,1.81,,33.3805,3.6432,-0.6305
705553,穩懋元大5C購04,2026-09-01,1.35,0.0,0.0,41000000,0,綠縮,否,,0.98,1.28,1.52,,-37.2449,-20.6961,-12.3735
705555,中探針永豐5C購01,2026-09-01,3.13,0.68,27.76,126000000,0,紅縮,是,,3.43,3.52,4.13,,-5.1991,-4.0588,-14.0612
705557,茂迪永豐5C購01,2026-09-01,0.07,-0.01,-12.5,20000000,0,,是,,0.1,0.14,0.32,,-46.2366,-60.2778,
705560,萬潤永豐5C購01,2026-09-01,3.95,0.38,10.64,11000000,0,紅增,否,,3.42,2.91,2.57,,42.893,25.9757,9.0197
705564,雙鴻永豐5A購03,2026-09-01,0.27,0.07,35.0,1512000000,0,綠轉紅,是,,0.11,0.1,0.16,,21.7391,-28.169,-25.814
705565,穩懋永豐5C購02,2026-09-01,1.73,0.5,40.65,4630000000,0,紅增,是,,0.93,0.92,0.83,,4.0089,18.3463,-11.0693
705570,世界凱基5C購01,2026-09-01,0.94,0.12,14.63,6000000,0,綠縮,否,,0.94,1.16,1.7,,-31.7852,-28.2353,-27.4334
705581,良維永豐5B購01,2026-09-01,1.22,0.06,5.17,180000000,0,,是,,0.76,1.71,2.63,,-71.4929,-43.0897,
705585,博磊永豐5A購01,2026-09-01,1.85,0.5,37.04,47000000,0,,是,,1.59,1.98,,,-33.0236,-48.3812,
705587,精材永豐5B購01,2026-09-01,3.78,-0.02,-0.53,5000000,0,,否,,3.15,2.71,1.93,,39.3805,59.4929,
705588,精星永豐59購01,2026-09-01,0.14,0.08,133.33,1000000,0,,是,,0.06,0.09,0.13,,-54.8387,-40.3974,
705592,均華元大59購01,2026-09-01,1.84,0.84,84.0,7000000,0,,是,,1.24,1.96,,,-53.4431,,
705599,雙鴻元大61購07,2026-09-01,0.71,0.16,29.09,52000000,0,,是,,0.51,0.55,,,-14.3813,,
705611,雙鴻國票5C購01,2026-09-01,0.66,0.18,37.5,280000000,0,,是,,0.39,0.44,,,-19.4215,,
705621,旺矽群益5B購01,2026-09-01,4.26,1.24,41.06,101000000,0,,是,,5.48,6.23,,,-21.6023,-17.6354,
705625,環球晶群益59購03,2026-09-01,11.0,1.7,18.28,5000000,0,,是,,,,,,,,
705626,環球晶群益59購04,2026-09-01,11.6,2.45,26.78,2000000,0,,是,,11.78,15.59,,,-39.2784,,
705633,順達永豐5B購01,2026-09-01,3.19,0.47,17.28,18000000,0,綠縮,否,,2.75,3.19,3.78,,-24.5604,-23.9943,-11.3639
705644,原相群益5C購01,2026-09-01,0.34,-0.03,-8.11,31000000,0,綠增,否,,0.5,0.69,0.9,,-42.069,-32.7789,-16.1546
705649,印能凱基59購01,2026-09-01,2.0,0.27,15.61,14000000,0,紅轉綠,否,,4.54,4.78,4.39,,-9.4535,10.3998,-4.9214
705652,宜鼎凱基5A購03,2026-09-01,5.05,0.13,2.64,5000000,0,紅縮,否,,5.83,5.47,4.86,,13.8672,24.8575,-10.3245
705653,前鼎凱基5A購01,2026-09-01,16.6,3.6,27.69,1000000,0,,是,,6.97,5.38,,,83.8965,,
705661,茂迪元大59購04,2026-09-01,0.07,-0.02,-22.22,2000000,0,綠縮,是,,0.07,0.08,0.11,,-30.6122,-23.8532,-25.7732
705671,鈊象富邦5B購01,2026-09-01,0.41,-0.03,-6.82,225000000,0,綠增,否,,0.52,0.76,0.76,,-47.5806,-11.1633,-15.16
705672,聖暉*富邦5B購01,2026-09-01,0.72,0.09,14.29,233000000,0,,否,,0.72,1.02,1.6,,-45.5099,-45.8378,
705675,雙鴻富邦5C購01,2026-09-01,1.0,0.3,42.86,881000000,0,紅增,是,,0.5,0.39,0.39,,77.1429,35.1916,-7.2706
705676,雙鴻富邦5C購02,2026-09-01,0.63,0.18,40.0,473000000,0,,是,,0.33,0.34,,,-7.3446,-27.2921,
705677,譜瑞富邦5C購01,2026-09-01,2.95,0.0,0.0,1000000,0,紅轉綠,否,,2.97,2.96,2.99,,0.8136,0.8169,-1.8564
705678,九豪國票59購01,2026-09-01,1.13,0.22,24.18,1000000,0,,否,,6.23,6.8,,,-15.6369,-3.9802,
705684,茂迪國票5A購01,2026-09-01,0.01,-0.01,-50.0,20000000,0,,否,,0.05,0.14,0.29,,-75.4545,-51.0714,
705685,茂迪國票5A購02,2026-09-01,0.01,-0.01,-50.0,40000000,0,,否,,0.05,0.18,,,-83.6478,,
705693,雙鴻台新59購01,2026-09-01,0.59,0.42,247.06,84000000,0,,是,,0.34,0.63,,,-63.3621,-46.2256,
705698,鉅橡凱基5A購02,2026-09-01,0.21,0.02,10.53,3000000,0,,否,,0.6,,,,,,
705699,聚和凱基5A購01,2026-09-01,0.35,-0.03,-7.89,200000000,0,綠縮,否,,0.47,0.5,0.81,,-8.4942,-27.5912,-28.1734
705702,宏捷科國票62購01,2026-09-01,0.35,0.08,29.63,10000000,0,綠縮,否,,0.3,0.32,0.64,,-14.8571,-43.9446,-26.6134
705711,台特化元大5C購01,2026-09-01,0.3,0.03,11.11,133000000,0,紅縮,是,,0.41,0.38,0.4,,16.5714,18.4375,-13.8678
705720,旺矽元大59購05,2026-09-01,5.0,-1.0,-16.67,6000000,0,,是,,,,,,,,
705726,雙鴻元大61購08,2026-09-01,1.9,0.48,33.8,236000000,0,紅增,是,,1.11,0.91,0.92,,55.0279,21.2483,-0.7027
705733,宜特群益5B購01,2026-09-01,0.16,0.02,14.29,150000000,0,綠增,是,,0.29,0.58,0.71,,-67.426,-29.4545,-18.2397
705754,精材凱基61購01,2026-09-01,12.4,-0.1,-0.8,1000000,0,紅增,否,,11.41,10.84,8.8,,11.2086,22.0845,25.9103
705755,雙鴻凱基5C購03,2026-09-01,2.53,0.78,44.57,1571000000,0,紅增,是,,1.12,0.88,0.82,,74.9216,29.351,-5.5268
705758,世界元大5C購01,2026-09-01,1.85,0.13,7.56,19000000,0,綠縮,否,,1.86,2.03,2.27,,-15.1322,-1.9816,-3.8315
705770,新應材元大61購01,2026-09-01,0.41,0.1,32.26,15000000,0,,是,,0.93,1.15,1.3,,-32.4128,-12.1189,
705771,環球晶元大59購02,2026-09-01,11.7,2.0,20.62,1000000,0,,否,,15.59,17.0,,,-15.3637,,
705773,雙鴻元大59購07,2026-09-01,1.88,0.61,48.03,542000000,0,,是,,0.74,0.85,,,-22.9814,-23.6607,
705774,雙鴻元大61購09,2026-09-01,1.68,0.36,27.27,403000000,0,紅增,是,,0.91,0.75,0.82,,55.9727,9.0116,-4.8611
705783,良維中信61購01,2026-09-01,1.03,0.08,8.42,783000000,0,紅增,是,,0.8,0.7,1.0,,29.6417,-9.7311,-23.0027
705784,環球晶中信59購01,2026-09-01,6.5,1.0,18.18,5000000,0,綠縮,是,,5.79,8.29,9.04,,-46.3021,-24.1701,-3.1511
705785,新應材永豐63購01,2026-09-01,0.92,0.0,0.0,13000000,0,紅增,否,,0.85,0.87,0.88,,-3.3937,0.0,-10.7669
705791,宏捷科元富5C購01,2026-09-01,0.75,0.14,22.95,250000000,0,,是,,0.7,1.27,,,-61.8478,,
705798,雙鴻元富59購03,2026-09-01,0.97,0.61,169.44,10000000,0,,是,,0.37,0.47,0.82,,-34.3972,-38.3091,
705799,雙鴻元富59購04,2026-09-01,0.41,0.19,86.36,425000000,0,,是,,0.61,0.73,,,-28.103,-24.6407,
705801,印能統一62購01,2026-09-01,2.02,0.03,1.51,10000000,0,紅縮,是,,2.54,2.43,2.54,,9.2943,7.7537,-1.1295
705804,環球晶統一63購01,2026-09-01,3.06,0.43,16.35,4000000,0,綠增,是,,3.3,3.7,4.22,,-19.6689,-11.4723,-4.822
705805,環球晶統一63購02,2026-09-01,3.09,0.54,21.18,8000000,0,綠縮,否,,2.98,2.82,3.68,,12.0962,-5.332,-11.9042
705806,環球晶統一73購01,2026-09-01,2.73,0.44,19.21,20000000,0,綠縮,是,,2.74,2.61,3.14,,10.6538,-3.2975,-9.1685
705807,環球晶統一73購02,2026-09-01,2.2,0.32,17.02,156000000,0,綠縮,否,,2.22,2.17,2.69,,5.303,-13.5911,-6.1498
705816,寶雅國票5A購01,2026-09-01,2.51,-0.18,-6.69,7000000,0,紅轉綠,是,,2.98,3.28,2.68,,-16.8433,26.9424,8.664
705819,台星科永豐5C購01,2026-09-01,1.35,0.18,15.38,27000000,0,紅增,否,,1.19,1.14,1.16,,7.6225,3.5294,-12.5566
705820,宜特永豐5C購01,2026-09-01,0.41,0.05,13.89,217000000,0,綠縮,否,,0.4,0.49,0.73,,-30.4498,-23.7947,-22.6216
705825,順達永豐59購02,2026-09-01,0.32,0.1,45.45,10000000,0,綠增,否,,1.24,1.73,2.44,,-44.1336,-37.1085,-18.2336
705826,順達永豐61購01,2026-09-01,4.15,0.65,18.57,204000000,0,綠縮,否,,2.8,3.46,4.55,,-31.8911,-23.3089,-10.6441
705827,良維兆豐5B購01,2026-09-01,0.72,0.12,20.0,3000000,0,,否,,1.16,1.4,,,-28.8862,-31.7383,
705831,弘塑元富59購02,2026-09-01,1.0,0.1,11.11,54000000,0,,是,,,,,,,,
705838,信驊元富59購06,2026-09-01,3.93,0.68,20.92,3000000,0,,是,,3.38,3.11,3.62,,18.6798,-0.0962,-7.8686
705839,新應材元富59購01,2026-09-01,0.03,-0.03,-50.0,10000000,0,,否,,1.51,3.0,,,-66.2956,,
705841,元太元大5B購01,2026-09-01,0.68,0.06,9.68,331000000,0,,是,,1.24,1.39,1.68,,-19.1406,-23.9737,-21.0317
705844,台特化元大59購03,2026-09-01,0.93,0.81,675.0,29000000,0,紅增,否,,0.52,0.31,0.3,,372.7273,71.1957,-0.6656
705847,新應材元大61購02,2026-09-01,0.39,0.07,21.88,511000000,0,紅增,是,,0.43,0.43,0.68,,0.939,-30.1794,-23.5096
705851,雙鴻元大59購08,2026-09-01,1.23,0.51,70.83,110000000,0,綠轉紅,是,,0.59,0.47,0.62,,65.1685,-1.2552,-18.3267
705852,雙鴻元大59購09,2026-09-01,1.64,0.62,60.78,65000000,0,,是,,0.64,0.47,,,112.5828,-32.3782,
705853,雙鴻元大61購10,2026-09-01,1.66,0.39,30.71,2411000000,0,紅增,是,,0.9,0.83,0.73,,18.4697,19.6532,0.6228
705854,台特化統一63購03,2026-09-01,0.25,0.01,4.17,30000000,0,,否,,0.24,0.24,0.32,,2.5424,-22.1498,
705855,弘塑統一73購01,2026-09-01,1.1,0.0,0.0,14000000,0,綠縮,是,,0.94,1.23,1.58,,-37.6486,-28.5465,-10.794
705857,沛亨統一73購01,2026-09-01,1.05,0.1,10.53,158000000,0,,是,,0.89,0.85,1.05,,12.0301,2.6699,-18.7524
705858,良維統一73購01,2026-09-01,0.5,0.03,6.38,241000000,0,紅增,否,,0.41,0.38,0.45,,11.5385,-5.1724,-14.5009
705859,旺矽統一73購01,2026-09-01,3.18,0.27,9.28,69000000,0,綠增,是,,3.41,3.4,3.66,,0.5303,-1.9873,-4.8673
705860,順達統一73購01,2026-09-01,0.65,0.05,8.33,579000000,0,綠轉紅,是,,0.52,0.54,0.57,,-5.0725,-1.8248,-11.1801
705861,新應材統一73購01,2026-09-01,0.31,0.01,3.33,134000000,0,紅增,是,,0.3,0.3,0.31,,-5.7325,0.3289,-7.8287
705862,萬泰科統一62購01,2026-09-01,1.63,0.13,8.67,1000000,0,,否,,1.82,2.15,,,-26.2945,,
705863,德微統一73購01,2026-09-01,1.53,0.08,5.52,66000000,0,,否,,1.45,1.42,1.79,,5.0578,-11.5337,-10.4788
705865,穩得統一73購01,2026-09-01,0.7,-0.01,-1.41,14000000,0,綠轉紅,否,,0.69,0.64,0.72,,14.6667,-5.5718,-6.5161
705870,信驊凱基5B購01,2026-09-01,6.75,1.45,27.36,27000000,0,,是,,5.26,4.61,,,33.1984,,
705871,信驊凱基61購02,2026-09-01,5.85,1.19,25.54,236000000,0,紅增,是,,5.17,4.57,4.03,,30.1108,19.8846,2.648
705872,信驊凱基61購03,2026-09-01,7.7,1.05,15.79,26000000,0,,是,,6.68,5.64,,,45.1543,,
705874,鈊象凱基61購02,2026-09-01,1.47,-0.17,-10.37,107000000,0,綠增,是,,1.71,2.05,1.96,,-28.6789,-5.358,-6.85
705876,榮剛凱基5A購01,2026-09-01,0.37,0.09,32.14,10000000,0,綠增,否,,0.45,0.52,0.7,,-25.3333,-24.058,-19.839
705879,良維富邦5B購01,2026-09-01,0.69,0.14,25.45,305000000,0,綠轉紅,否,,0.4,0.36,0.64,,29.6774,-23.6052,-29.8565
705880,新應材富邦63購02,2026-09-01,0.23,0.03,15.0,1000000,0,綠縮,否,,0.21,0.26,0.38,,-30.9211,-34.4388,-21.1558
705881,雙鴻國泰5A購01,2026-09-01,2.78,0.64,29.91,30000000,0,,是,,2.0,,,,,,
705891,雙鴻群益59購05,2026-09-01,3.22,2.61,427.87,65000000,0,綠轉紅,否,,1.28,1.0,1.35,,75.2747,-3.8388,-20.7008
705894,元太凱基5B購02,2026-09-01,0.87,0.08,10.13,180000000,0,綠縮,是,,1.02,1.47,2.03,,-46.8196,-32.1165,-15.4038
705896,台特化凱基5C購01,2026-09-01,0.19,0.02,11.76,40000000,0,紅增,是,,0.21,0.22,0.36,,-5.4054,-36.0947,-23.3122
705899,旺矽凱基5B購01,2026-09-01,7.2,2.15,42.57,11000000,0,綠增,是,,10.08,10.93,11.68,,-14.4312,-9.3698,1.9642
705903,精材凱基61購02,2026-09-01,9.3,0.15,1.64,50000000,0,,否,,6.38,,,,,,
705905,雙鴻凱基59購10,2026-09-01,1.49,0.49,49.0,20000000,0,,是,,0.63,0.44,0.71,,144.186,-9.2025,
705911,均華群益59購01,2026-09-01,0.68,0.42,161.54,5000000,0,紅增,否,,0.37,0.43,0.88,,-25.6098,-52.9089,-29.2271
705917,雙鴻群益63購01,2026-09-01,1.03,0.17,19.77,815000000,0,紅增,是,,0.65,0.61,0.54,,16.4286,16.763,1.779
705923,弘塑永豐5B購02,2026-09-01,0.87,0.11,14.47,35000000,0,,否,,1.62,,,,,,
705925,新應材永豐5A購01,2026-09-01,0.02,0.0,0.0,100000000,0,,是,,0.07,0.15,0.25,,-69.2308,-44.1606,-31.7241
705926,新應材永豐5C購04,2026-09-01,0.11,0.02,22.22,110000000,0,綠縮,是,,0.1,0.14,0.22,,-47.2527,-38.2222,-25.1712
705927,新應材永豐63購02,2026-09-01,0.21,0.01,5.0,5000000,0,紅縮,否,,0.28,0.26,0.32,,15.5738,-8.3624,-11.6667
705928,雙鴻永豐63購01,2026-09-01,1.54,0.36,30.51,813000000,0,紅增,否,,0.85,0.73,0.64,,40.264,24.2321,2.3923
705931,台半國票5A購01,2026-09-01,4.25,-0.19,-4.28,8000000,0,綠縮,否,,3.58,3.37,6.49,,13.2362,-25.4098,-19.9581
705933,宜鼎國票5C購01,2026-09-01,6.3,0.55,9.57,65000000,0,,是,,6.56,9.06,,,-43.2526,-21.2516,
705934,松瑞藥國票5A購01,2026-09-01,0.19,-0.01,-5.0,300000000,0,紅轉綠,否,,0.32,0.3,0.38,,16.6667,-14.5714,-8.5816
705935,胡連國票5A購01,2026-09-01,0.34,0.02,6.25,1000000,0,紅縮,否,,0.41,0.41,0.42,,-2.4038,4.5802,-7.3064
705936,順達國票5A購01,2026-09-01,1.87,0.45,31.69,1000000,0,,是,,1.73,2.67,3.41,,-51.9668,-29.7951,
705940,新應材國票5C購01,2026-09-01,0.16,0.02,14.29,129000000,0,紅增,否,,0.21,0.22,0.34,,-1.8349,-28.7129,-22.3729
705941,群翊國票5A購01,2026-09-01,2.37,0.6,33.9,20000000,0,綠轉紅,是,,2.3,2.1,2.66,,21.3909,-13.2893,-12.9011
705942,聖暉*國票5A購02,2026-09-01,2.84,0.32,12.7,5000000,0,,是,,2.8,,,,,,
705943,德微國票5A購01,2026-09-01,3.03,0.2,7.07,10000000,0,,是,,5.36,8.29,,,-52.1925,,
705944,新應材富邦5C購02,2026-09-01,0.12,0.01,9.09,50000000,0,紅增,否,,0.14,0.18,0.27,,-39.823,-35.1254,-26.3587
705945,均豪統一73購01,2026-09-01,0.58,0.04,7.41,258000000,0,紅增,是,,0.52,0.46,0.51,,29.5,2.9148,-0.5842
705946,宏捷科統一63購01,2026-09-01,0.34,0.04,13.33,14000000,0,紅增,否,,0.28,0.3,0.35,,-12.963,-7.3394,-24.1493
705947,系微統一73購01,2026-09-01,0.59,0.02,3.51,2000000,0,紅增,否,,0.58,0.58,0.65,,-1.0239,-4.1118,-11.6359
705948,良維統一63購02,2026-09-01,0.82,0.06,7.89,257000000,0,,是,,0.61,0.66,0.96,,-13.3144,-31.139,-15.8891
705949,良維統一73購02,2026-09-01,0.8,0.03,3.9,133000000,0,紅增,是,,0.66,0.62,0.73,,13.7931,-3.876,-13.4764
705953,鉅橡統一73購01,2026-09-01,0.45,-0.01,-2.17,7000000,0,,否,,0.42,0.57,,,-40.7821,-24.1012,
705954,鈺太統一66購01,2026-09-01,0.25,0.02,8.7,1000000,0,,否,,0.4,0.52,0.64,,-37.5,-18.3673,
705969,新應材元大61購03,2026-09-01,0.12,-0.08,-40.0,5000000,0,紅縮,否,,0.21,0.21,0.3,,0.9709,-23.8971,-16.2953
705972,雙鴻凱基59購13,2026-09-01,3.3,0.78,30.95,12000000,0,,否,,1.7,1.31,1.69,,83.9479,1.0031,
705986,世紀*國票5A購01,2026-09-01,9.8,0.0,0.0,870000000,0,紅增,否,,6.25,3.27,1.73,,1982.0,1553.0303,512.0354
705989,雙鴻國票5A購02,2026-09-01,5.6,2.07,58.64,455000000,0,,是,,2.2,1.69,1.75,,86.9048,45.9343,-22.3702
705991,弘塑國泰5A購01,2026-09-01,2.63,0.43,19.55,2000000,0,,是,,,,,,,,
705992,均華國泰5A購01,2026-09-01,4.7,0.15,3.3,56000000,0,紅增,是,,3.88,3.15,3.76,,60.4959,7.3935,-8.6381
705997,旺矽群益5B購02,2026-09-01,9.35,1.5,19.11,1000000,0,,否,,12.81,,,,,,
706001,雙鴻群益5B購03,2026-09-01,5.65,1.23,27.83,10000000,0,,否,,3.32,2.95,3.48,,28.1298,-5.6869,
706006,穩得永豐5B購01,2026-09-01,1.03,-0.01,-0.96,40000000,0,紅增,是,,0.99,0.85,0.98,,40.9091,14.4399,-16.9628
706008,均華凱基59購01,2026-09-01,0.77,0.48,165.52,4000000,0,紅增,否,,0.45,0.53,0.96,,-27.7419,-47.8006,-23.7207
706010,旺矽凱基5C購01,2026-09-01,4.63,0.6,14.89,1000000,0,,否,,6.78,,,,,,
706012,雙鴻台新59購02,2026-09-01,2.98,0.73,32.44,1234000000,0,,,,,,,,,,
706016,雙鴻國票5A購03,2026-09-01,1.6,0.91,131.88,30000000,0,,是,,0.75,0.97,1.31,,-37.5626,-24.1621,
706018,弘塑永豐63購01,2026-09-01,2.17,0.17,8.5,14000000,0,,是,,4.33,4.8,,,-17.7921,,
706019,均華永豐5B購01,2026-09-01,8.7,2.2,33.85,52000000,0,紅增,是,,3.88,3.8,5.34,,4.4648,-12.5805,-23.6488
706020,旺矽永豐61購01,2026-09-01,3.48,0.61,21.25,43000000,0,,是,,3.81,4.79,,,-33.8771,,
706027,大中統一73購01,2026-09-01,1.12,-0.01,-0.88,53000000,0,,是,,1.14,1.38,1.45,,-29.2954,-17.1068,
706028,台特化統一66購01,2026-09-01,0.27,0.0,0.0,10000000,0,,否,,0.27,0.27,0.32,,0.7407,-10.2649,-15.2632
706030,均華統一62購01,2026-09-01,0.78,-0.06,-7.14,4512000000,0,,是,,0.64,0.52,0.59,,58.9109,6.953,-16.584
706031,均華統一63購03,2026-09-01,0.71,-0.02,-2.74,493000000,0,紅增,是,,0.54,0.54,0.54,,-1.8248,4.2226,-11.3748
706032,均華統一73購01,2026-09-01,0.61,-0.02,-3.17,969000000,0,紅增,是,,0.56,0.53,0.59,,11.5079,-8.4192,-1.9818
706033,均豪統一63購01,2026-09-01,0.71,0.07,10.94,12000000,0,紅增,是,,0.62,0.58,0.67,,17.7358,-18.9607,-3.7884
706034,宜鼎統一62購01,2026-09-01,1.46,0.08,5.8,101000000,0,紅增,否,,1.48,1.31,1.44,,28.3478,5.8871,-10.3019
706036,新普統一63購01,2026-09-01,0.67,0.02,3.08,8000000,0,紅增,否,,0.63,0.65,0.63,,-4.8193,3.8462,-10.2362
706040,鑫聯統一62購02,2026-09-01,0.26,0.0,0.0,30000000,0,綠增,否,,0.36,0.37,0.59,,-5.7895,-21.4894,-9.7487
706052,均華國泰5A購02,2026-09-01,1.63,0.02,1.24,18000000,0,,是,,1.09,1.2,1.6,,-16.6667,-24.5437,
706054,台特化元大5B購01,2026-09-01,0.48,0.03,6.67,302000000,0,紅增,否,,0.48,0.45,0.58,,13.6792,-5.625,-17.5053
706055,台特化元大63購01,2026-09-01,0.52,0.03,6.12,542000000,0,紅增,是,,0.5,0.48,0.49,,9.607,11.6279,-12.2103
706060,弘塑元大63購02,2026-09-01,3.33,0.21,6.73,84000000,0,,是,,3.05,3.23,3.82,,-10.6682,-9.2697,
706064,宜鼎元大59購08,2026-09-01,1.99,-0.09,-4.33,1000000,0,紅縮,是,,2.68,2.47,2.35,,18.512,18.6628,-20.1224
706069,雙鴻元大59購11,2026-09-01,0.88,0.34,62.96,610000000,0,綠轉紅,否,,0.45,0.37,0.47,,51.0067,-3.1088,-18.2684
706071,雙鴻元大63購01,2026-09-01,1.59,0.39,32.5,1785000000,0,,是,,1.23,1.1,,,27.4793,2.8011,
706072,弘塑凱基5A購01,2026-09-01,1.13,0.28,32.94,43000000,0,綠增,是,,2.15,3.1,4.83,,-46.9921,-40.2695,-15.5293
706073,宜鼎凱基5A購04,2026-09-01,1.64,0.0,0.0,19000000,0,紅縮,否,,2.07,2.0,1.89,,7.5726,17.4985,-16.8791
706074,鈊象凱基5C購01,2026-09-01,1.21,-0.04,-3.2,81000000,0,綠增,是,,2.19,2.16,2.34,,2.7256,-6.9858,-6.1773
706076,雙鴻凱基59購14,2026-09-01,1.35,0.54,66.67,28000000,0,,是,,0.74,0.84,,,-21.9409,-29.3724,
706081,雙鴻中信63購01,2026-09-01,0.59,0.08,15.69,194000000,0,紅增,是,,0.38,0.33,0.33,,37.4101,18.2796,-2.9412
706083,印能元富59購03,2026-09-01,4.68,0.2,4.46,10000000,0,,是,,5.3,7.3,,,-43.0108,-17.8853,
706085,旺矽永豐59購03,2026-09-01,2.87,0.75,35.38,2000000,0,,是,,3.7,4.77,,,-36.5753,-6.7969,
706086,旺矽永豐5A購02,2026-09-01,3.53,0.36,11.36,3000000,0,,否,,4.35,4.17,,,8.9769,2.0323,
706087,旺矽永豐61購02,2026-09-01,2.81,0.68,31.92,12000000,0,綠增,是,,4.65,4.43,4.74,,10.5463,-0.0902,-1.2909
706090,萬泰科永豐5C購01,2026-09-01,2.27,0.12,5.58,15000000,0,,否,,,,,,,,
706091,雙鴻永豐59購04,2026-09-01,0.86,0.35,68.63,64000000,0,,是,,0.33,0.47,0.64,,-46.2783,-26.9231,
706094,均豪國泰5A購01,2026-09-01,1.47,0.27,22.5,41000000,0,綠縮,是,,1.05,1.11,1.56,,-10.8844,-36.8182,-5.8115
706097,弘塑富邦5C購01,2026-09-01,1.01,0.1,10.99,310000000,0,,是,,1.0,0.98,,,5.9072,,
706101,茂迪富邦63購01,2026-09-01,0.17,0.0,0.0,30000000,0,,是,,0.25,0.33,,,-36.1809,-22.5653,
706103,台特化元大63購02,2026-09-01,0.5,0.02,4.17,456000000,0,紅增,否,,0.49,0.46,0.59,,17.1429,-13.308,-11.1362
706105,宏捷科元大5C購01,2026-09-01,0.27,0.02,8.0,15000000,0,,是,,0.98,1.12,,,-21.3141,,
706108,宜鼎元大59購09,2026-09-01,0.56,0.0,0.0,114000000,0,紅縮,是,,0.86,0.86,0.89,,0.0,9.1139,-19.8553
706115,雙鴻元大63購02,2026-09-01,1.16,0.27,30.34,604000000,0,,是,,0.56,0.49,0.63,,32.3809,-8.2707,
706119,宏捷科國票5A購01,2026-09-01,0.12,0.03,33.33,195000000,0,綠轉紅,是,,0.13,0.15,0.41,,-28.4091,-54.3807,-36.9515
706120,良維國票5A購01,2026-09-01,1.01,0.06,6.32,134000000,0,綠縮,是,,0.68,0.94,2.28,,-43.2387,-60.5462,-25.7608
706121,宜鼎國票5A購03,2026-09-01,1.32,-0.03,-2.22,2000000,0,紅縮,否,,1.62,1.61,1.43,,1.2516,18.3223,-11.7192
706126,大綜統一63購01,2026-09-01,0.75,0.02,2.74,1000000,0,綠增,否,,1.05,1.05,0.99,,-0.5682,7.3394,-5.664
706127,大綜統一66購01,2026-09-01,0.72,0.02,2.86,26000000,0,綠縮,否,,0.72,0.8,0.8,,-16.8203,-2.454,-18.8229
706128,台特化統一62購02,2026-09-01,0.2,0.01,5.26,2000000,0,,是,,0.31,0.33,,,-11.9318,-16.8342,
706133,均豪統一66購01,2026-09-01,0.75,0.04,5.63,45000000,0,綠縮,是,,0.57,0.65,0.7,,-21.2707,-16.731,-2.0266
706134,宜鼎統一63購02,2026-09-01,1.22,0.01,0.83,362000000,0,紅縮,否,,1.33,1.28,1.16,,7.4434,16.1232,-6.3994
706135,宜鼎統一63購03,2026-09-01,0.66,0.02,3.12,11000000,0,紅縮,否,,0.7,0.68,0.64,,4.4776,11.2013,-7.874
706136,宜鼎統一66購02,2026-09-01,0.94,0.0,0.0,75000000,0,紅縮,否,,1.02,0.99,0.9,,6.4583,14.5665,-5.8024
706137,宜鼎統一73購01,2026-09-01,0.74,0.0,0.0,772000000,0,紅縮,否,,0.8,0.78,0.74,,4.1775,9.9859,-10.7914
706142,雙鴻統一63購01,2026-09-01,0.94,0.25,36.23,334000000,0,,是,,0.42,0.43,,,-0.9346,-15.8103,
706149,宜鼎群益59購06,2026-09-01,1.32,-0.06,-4.35,160000000,0,紅縮,是,,1.91,1.79,2.54,,13.8425,-12.5,-29.0724
706150,旺矽群益63購01,2026-09-01,3.54,0.49,16.07,1698000000,0,綠增,是,,3.73,4.07,4.64,,-15.4649,-10.236,-9.3423
706153,德微群益63購01,2026-09-01,2.48,0.2,8.77,173000000,0,綠縮,是,,2.29,2.35,3.55,,-5.4545,-27.902,-8.56
706154,雙鴻群益63購02,2026-09-01,0.65,0.12,22.64,3000000,0,紅增,否,,0.37,0.34,0.3,,17.1975,21.3523,-0.3333
706160,宜鼎凱基5C購02,2026-09-01,2.2,0.01,0.46,70000000,0,綠縮,是,,2.21,1.98,2.8,,25.3121,-17.0151,-15.2914
706161,旺矽凱基63購01,2026-09-01,2.95,1.02,52.85,19000000,0,綠縮,是,,3.27,3.2,3.87,,4.1428,-18.5195,-7.1137
706163,東捷凱基63購01,2026-09-01,5.1,0.34,7.14,10000000,0,,是,,,,,,,,
706168,雙鴻凱基63購01,2026-09-01,1.15,0.3,35.29,32000000,0,紅增,是,,0.65,0.54,0.54,,53.5211,23.0068,-6.5404
706170,良維群益5C購02,2026-09-01,1.89,0.17,9.88,93000000,0,,是,,1.26,1.36,2.3,,-14.1689,-39.4854,
706171,旺矽群益59購08,2026-09-01,1.95,0.72,58.54,165000000,0,綠增,是,,3.2,3.43,4.38,,-12.5342,-19.1836,-13.9167
706176,宜鼎國泰61購01,2026-09-01,3.06,-0.09,-2.86,300000000,0,,是,,3.43,3.19,,,16.1814,-1.7841,
706177,旺矽國泰5A購02,2026-09-01,2.98,0.72,31.86,156000000,0,,,,,,,,,,
706178,弘塑富邦63購01,2026-09-01,0.87,0.08,10.13,544000000,0,,是,,0.74,1.46,,,-66.1482,-32.9514,
706179,均華富邦5B購01,2026-09-01,0.89,-0.07,-7.29,399000000,0,紅增,否,,0.66,0.66,0.64,,-0.6024,9.9668,-17.3829
706180,均華統一63購04,2026-09-01,0.7,0.17,32.08,32000000,0,綠轉紅,是,,0.42,0.44,0.54,,-8.7336,-21.5054,-12.9525
706181,良維統一63購03,2026-09-01,0.65,0.05,8.33,200000000,0,,是,,0.47,0.73,,,-52.7163,-38.1234,
706182,旺矽統一63購05,2026-09-01,1.63,0.14,9.4,1000000,0,綠縮,否,,1.84,1.65,1.91,,27.1724,1.9183,-7.3159
706184,台特化元大63購03,2026-09-01,0.38,0.03,8.57,501000000,0,紅增,否,,0.37,0.34,0.4,,16.4557,5.5556,-14.7436
706185,均華元大5C購01,2026-09-01,0.68,0.09,15.25,40000000,0,紅增,是,,0.57,0.46,0.58,,66.8605,4.5558,-6.7742
706186,宏捷科元大5C購02,2026-09-01,0.5,0.08,19.05,1065000000,0,,是,,0.41,0.47,0.76,,-20.7692,-21.2838,
706190,宜鼎元大59購12,2026-09-01,0.84,-0.06,-6.67,35000000,0,綠縮,否,,1.08,1.11,1.72,,-5.2724,-25.4374,-22.5181
706191,宜鼎元大59購13,2026-09-01,1.46,0.05,3.55,1000000,0,,否,,1.28,1.66,,,-37.182,-30.2598,
706193,旺矽元大59購13,2026-09-01,2.17,0.64,41.83,2000000,0,,否,,4.73,5.42,5.05,,-22.4189,1.3089,
706194,旺矽元大59購14,2026-09-01,1.53,0.26,20.47,1000000,0,綠增,是,,2.49,4.09,4.58,,-56.2895,-23.3939,-7.8773
706195,陽程元大59購01,2026-09-01,10.8,-1.0,-8.47,310000000,0,紅增,是,,9.7,6.54,4.85,,187.4926,121.3681,41.9067
706198,精測元大5C購02,2026-09-01,0.15,0.05,50.0,53000000,0,綠增,是,,0.2,0.18,0.26,,25.641,-23.8095,-15.1067
706200,雙鴻元大59購16,2026-09-01,0.32,0.19,146.15,10000000,0,,否,,0.39,0.49,,,-34.7973,-14.5105,
706201,雙鴻元大59購17,2026-09-01,1.01,0.31,44.29,86000000,0,,是,,0.4,0.39,0.53,,8.0645,-17.8344,
706203,鑫聯元大63購01,2026-09-01,0.51,0.0,0.0,1000000,0,紅轉綠,否,,0.66,0.64,0.69,,8.1433,-8.4527,-3.0705
706205,均華國票59購01,2026-09-01,0.74,-0.11,-12.94,211000000,0,綠縮,是,,0.66,0.72,1.13,,-16.7089,-39.8171,-21.6805
706206,均華國票5B購01,2026-09-01,1.12,-0.02,-1.75,1248000000,0,紅增,是,,0.78,0.8,0.91,,-3.7037,-2.5735,-18.7722
706207,宜鼎國票65購01,2026-09-01,2.1,-0.03,-1.41,472000000,0,紅縮,是,,2.34,2.28,2.07,,5.5856,14.6158,-6.1608
706208,旺矽國票5C購01,2026-09-01,3.82,0.76,24.84,2307000000,0,綠增,是,,4.11,4.94,5.7,,-28.8042,-13.4116,-9.6759
706209,旺矽國票67購01,2026-09-01,3.68,0.57,18.33,734000000,0,綠縮,否,,3.78,3.98,4.62,,-9.4873,-15.1153,-7.4905
706210,德微國票65購01,2026-09-01,3.49,0.14,4.18,47000000,0,,是,,2.9,3.41,4.38,,-25.907,-29.4325,
706213,精測中信5B購01,2026-09-01,0.04,0.01,33.33,65000000,0,綠增,是,,0.1,0.11,0.2,,-20.0,-46.2687,-17.7083
706214,宜鼎永豐5B購01,2026-09-01,1.06,-0.02,-1.85,524000000,0,紅縮,是,,1.29,1.25,1.15,,6.25,15.2574,-10.1761
706215,旺矽永豐5C購01,2026-09-01,2.35,0.46,24.34,153000000,0,綠增,是,,2.77,3.62,3.82,,-38.1038,-14.8235,-2.8022
706219,精測永豐61購01,2026-09-01,0.16,0.04,33.33,10000000,0,綠縮,是,,0.17,0.22,0.31,,-36.3636,-28.9474,-16.9147
706223,弘塑元富5C購01,2026-09-01,1.78,0.26,17.11,849000000,0,綠縮,是,,1.68,2.17,3.59,,-36.6038,-34.2345,-19.4772
706224,均華元富59購01,2026-09-01,1.18,0.58,96.67,20000000,0,,是,,2.07,1.86,2.05,,25.0302,5.9795,
706225,宏捷科元富5C購02,2026-09-01,0.52,0.06,13.04,314000000,0,綠縮,是,,0.52,0.63,0.98,,-30.8311,-23.9759,-29.9644
706227,旺矽元富59購05,2026-09-01,1.71,0.55,47.41,11000000,0,綠增,是,,2.74,2.64,3.28,,7.2941,-5.9096,-9.7218
706228,旺矽元富59購06,2026-09-01,0.84,0.22,35.48,30000000,0,綠增,是,,1.84,2.8,3.02,,-51.0898,-20.9204,-4.2893
706229,聖暉*元富59購02,2026-09-01,1.25,0.24,23.76,84000000,0,,是,,3.03,5.73,,,-64.0569,-23.9044,
706231,精測元富59購07,2026-09-01,0.02,0.0,0.0,20000000,0,,否,,0.21,0.44,0.52,,-68.2635,-33.0289,
706236,雙鴻元富59購06,2026-09-01,1.92,0.71,58.68,10000000,0,,否,,1.47,,,,,,
706239,中美晶兆豐63購01,2026-09-01,5.2,0.5,10.64,2000000,0,紅轉綠,是,,6.81,6.52,5.46,,9.1346,16.5387,15.5092
706240,元太兆豐63購01,2026-09-01,1.59,0.12,8.16,760000000,0,綠縮,否,,1.66,1.96,2.28,,-26.9197,-14.8132,-9.3148
706246,台燿凱基61購01,2026-09-01,15.7,0.4,2.61,22000000,0,,,,,,,,,,
706249,宏捷科凱基5C購01,2026-09-01,0.28,0.05,21.74,600000000,0,,是,,0.29,0.38,0.82,,-38.0342,-47.7241,-37.2308
706252,信驊凱基5B購02,2026-09-01,8.35,3.05,57.55,95000000,0,紅增,是,,6.03,6.55,5.57,,-14.7865,5.9861,-3.113
706253,信驊凱基5C購01,2026-09-01,5.9,1.6,37.21,163000000,0,紅增,是,,4.66,4.44,4.11,,10.7838,5.5926,-2.4347
706257,台燿中信59購04,2026-09-01,7.0,-0.5,-6.67,5000000,0,,否,,9.37,8.97,,,9.3349,,
706258,信驊中信59購01,2026-09-01,3.38,0.97,40.25,1000000,0,紅增,否,,2.73,2.67,2.3,,4.3611,10.2352,-2.2949
706259,M31永豐5B購01,2026-09-01,0.35,0.04,12.9,10000000,0,紅縮,否,,0.4,0.44,0.61,,-17.3554,-28.5945,-16.9377
706260,M31永豐5C購01,2026-09-01,0.33,-0.02,-5.71,100000000,0,紅增,否,,0.32,0.39,0.42,,-28.6344,-9.7448,-22.0037
706261,大中永豐5B購01,2026-09-01,1.34,0.14,11.67,65000000,0,綠縮,是,,1.42,1.47,2.22,,-7.2084,-17.3131,-5.7876
706265,良維永豐5B購02,2026-09-01,1.93,0.0,0.0,31000000,0,,是,,1.46,1.57,,,-12.9032,,
706274,良維群益5C購03,2026-09-01,1.66,0.06,3.75,77000000,0,,是,,1.19,1.23,2.01,,-5.538,-26.0974,
706275,信驊群益5B購05,2026-09-01,4.78,0.98,25.79,235000000,0,紅增,是,,3.7,4.09,3.63,,-17.5579,4.0936,-1.6938
706276,聖暉*群益61購01,2026-09-01,1.86,0.16,9.41,105000000,0,,是,,,,,,,,
706281,德微國泰5A購01,2026-09-01,2.26,0.34,17.71,13000000,0,,是,,3.42,4.21,,,-31.7619,-23.241,
706282,M31統一63購03,2026-09-01,0.32,0.02,6.67,33000000,0,紅增,是,,0.3,0.33,0.36,,-16.0221,-11.2,-14.2186
706283,M31富邦5B購01,2026-09-01,0.15,0.0,0.0,488000000,0,紅增,是,,0.16,0.19,0.24,,-28.8288,-22.1311,-29.9559
706285,信驊富邦5C購01,2026-09-01,4.93,1.23,33.24,89000000,0,紅增,是,,3.9,4.33,3.7,,-18.1513,6.1305,0.6395
706287,雙鴻富邦5C購03,2026-09-01,0.94,0.27,40.3,1851000000,0,紅增,是,,0.49,0.38,0.35,,80.7407,29.7945,-1.9691
706289,天品國票59購01,2026-09-01,0.25,0.0,0.0,2000000,0,綠增,否,,0.7,0.9,1.16,,-35.649,-26.3115,-11.7265
706293,沛亨國票5A購02,2026-09-01,0.71,0.19,36.54,379000000,0,,是,,0.49,1.13,2.33,,-72.3042,-56.1404,
706294,信驊國票5B購03,2026-09-01,4.96,1.43,40.51,40000000,0,紅增,否,,4.47,3.94,3.5,,30.9315,19.3822,-1.4374
706305,亞泰元大59購01,2026-09-01,5.5,0.76,16.03,1000000,0,,是,,2.62,3.21,3.2,,-31.3746,-9.5667,-6.5011
706308,信驊元大59購03,2026-09-01,3.66,1.06,40.77,97000000,0,紅增,否,,3.0,3.0,2.66,,0.0667,6.9113,-5.8345
706312,雙鴻元大59購19,2026-09-01,0.36,0.12,50.0,50000000,0,,是,,0.27,0.43,,,-54.6075,,
706313,雙鴻元大5C購04,2026-09-01,0.98,0.26,36.11,215000000,0,綠轉紅,否,,0.59,0.52,0.6,,29.8246,-1.6886,-9.3111
706317,弘塑兆豐5B購01,2026-09-01,0.86,0.15,21.13,16000000,0,,,,,,,,,,
706319,印能凱基5B購01,2026-09-01,3.19,-0.09,-2.74,12000000,0,綠增,否,,3.64,4.64,4.44,,-35.5878,-9.4755,-7.0135
706322,亞泰凱基5A購01,2026-09-01,6.4,0.75,13.27,5000000,0,紅增,否,,3.78,2.62,3.33,,156.8707,-12.8282,-0.6702
706324,聖暉*凱基5B購02,2026-09-01,2.24,0.16,7.69,287000000,0,,是,,2.21,3.46,,,-52.9337,-32.665,
706326,雙鴻凱基59購15,2026-09-01,2.02,0.71,54.2,4000000,0,,是,,0.8,0.79,1.02,,3.3505,-12.0401,
706327,穩得凱基5C購01,2026-09-01,1.07,0.06,5.94,16000000,0,,是,,0.98,0.8,,,56.9132,6.6756,
706328,弘塑國票65購01,2026-09-01,1.93,0.3,18.4,19000000,0,綠縮,是,,1.66,1.82,2.37,,-15.9229,-20.6731,-22.0026
706329,正德國票59購01,2026-09-01,0.08,-0.51,-86.44,32000000,0,紅縮,否,,0.21,0.2,0.3,,10.7527,-19.0083,-26.335
706330,亞泰國票59購02,2026-09-01,5.0,0.87,21.07,1000000,0,,否,,3.49,3.84,,,-17.079,,
706331,亞泰國票5A購01,2026-09-01,4.49,1.09,32.06,465000000,0,紅增,是,,2.65,2.28,1.81,,38.4535,51.5272,-11.5178
706332,華宏國票5A購01,2026-09-01,0.15,0.0,0.0,1000000,0,,否,,0.43,0.67,,,-53.3917,-41.8403,
706335,前鼎元大59購03,2026-09-01,4.54,0.86,23.37,5000000,0,,否,,,,,,,,
706337,雙鴻元大59購20,2026-09-01,0.64,0.3,88.24,1022000000,0,紅增,是,,0.24,0.21,0.24,,34.0909,10.1604,-17.2414
706339,雙鴻元大5C購05,2026-09-01,1.1,0.26,30.95,131000000,0,紅增,否,,0.6,0.5,0.47,,54.359,20.9756,-2.7055
706340,穩得元大63購01,2026-09-01,0.87,0.01,1.16,594000000,0,,是,,0.85,0.74,0.86,,35.9873,-5.6051,-6.9429
706341,鑫聯元大63購02,2026-09-01,0.38,0.0,0.0,4000000,0,紅轉綠,否,,0.54,0.51,0.57,,11.6667,-5.5762,-5.197
706342,雙鴻國泰61購01,2026-09-01,2.15,0.62,40.52,432000000,0,紅增,否,,1.09,0.99,0.86,,24.6014,27.2258,1.2956
706344,德微富邦5C購01,2026-09-01,0.76,0.1,15.15,316000000,0,,是,,0.69,1.38,1.5,,-66.9875,-16.7971,
706345,世界統一63購01,2026-09-01,1.11,0.07,6.73,65000000,0,綠縮,是,,1.1,1.18,1.52,,-12.2611,-25.1429,-3.3121
706348,亞泰統一62購02,2026-09-01,2.51,0.45,21.84,181000000,0,紅增,否,,1.73,1.41,1.18,,56.8058,47.2425,-11.421
706349,博智統一63購01,2026-09-01,1.87,0.01,0.54,269000000,0,,是,,1.48,1.31,1.5,,28.9703,1.9425,
706350,鈺太統一63購01,2026-09-01,0.29,0.04,16.0,50000000,0,,是,,0.44,0.54,0.68,,-32.3077,-23.0226,
706351,弘塑永豐5C購03,2026-09-01,0.97,0.12,14.12,983000000,0,綠轉紅,是,,0.84,1.01,1.6,,-28.4983,-31.5395,-31.6126
706354,雙鴻永豐61購02,2026-09-01,1.82,0.42,30.0,2956000000,0,紅增,是,,0.99,0.92,0.8,,16.5094,18.4516,0.8783
706355,雙鴻永豐64購01,2026-09-01,1.84,0.51,38.35,592000000,0,紅增,否,,1.06,0.96,0.9,,23.8876,22.7214,-0.4978
706357,印能元富59購04,2026-09-01,3.17,-0.03,-0.94,10000000,0,,是,,3.89,4.45,4.71,,-22.2533,-7.5436,
706370,弘塑凱基59購06,2026-09-01,0.1,0.0,0.0,5000000,0,綠增,是,,1.21,2.53,3.15,,-68.6916,-36.7434,-9.384
706371,良維凱基61購01,2026-09-01,1.25,0.13,11.61,165000000,0,綠轉紅,否,,0.87,0.97,1.54,,-18.5047,-26.8274,-22.7387
706375,譜瑞凱基59購04,2026-09-01,0.73,0.0,0.0,10000000,0,紅增,否,,0.81,1.17,1.87,,-47.5325,-30.7375,-27.225
706379,東捷永豐5A購01,2026-09-01,2.13,0.39,22.41,2000000,0,,是,,3.76,5.7,,,-50.7592,,
706383,均豪元富59購01,2026-09-01,0.68,0.17,33.33,1000000,0,綠轉紅,否,,0.59,0.57,0.82,,3.9007,-8.7302,-19.4907
706388,雙鴻元富59購08,2026-09-01,0.63,0.25,65.79,961000000,0,,是,,0.27,0.27,0.57,,-2.1898,-43.659,
706390,湧德群益5B購01,2026-09-01,0.51,-0.03,-5.56,147000000,0,,是,,0.39,0.42,0.77,,-13.2743,-35.1767,
706392,雙鴻群益5B購04,2026-09-01,0.73,0.19,35.19,203000000,0,紅增,是,,0.38,0.33,0.32,,39.1304,18.705,-3.6309
706393,雙鴻群益5B購05,2026-09-01,1.06,0.26,32.5,290000000,0,紅增,否,,0.62,0.53,0.59,,43.9815,-0.3781,-6.6508
706399,華義國票5A購02,2026-09-01,0.36,0.15,71.43,2398000000,0,,是,,0.41,0.61,1.02,,-50.0,-44.485,
706400,陽程國票59購02,2026-09-01,11.4,-0.7,-5.79,5000000,0,,是,,9.67,6.19,5.08,,257.883,96.0697,
706410,雙鴻元大59購22,2026-09-01,0.68,0.18,36.0,760000000,0,,是,,0.38,0.57,,,-49.7368,,
706411,中美晶凱基5A購01,2026-09-01,2.52,0.35,16.13,9000000,0,綠縮,否,,2.7,2.93,4.33,,-14.8265,-42.0304,-1.5019
706412,弘塑凱基5B購01,2026-09-01,0.56,0.1,21.74,145000000,0,,是,,2.62,3.48,,,-39.4555,-24.0393,
706414,湧德凱基5A購01,2026-09-01,0.15,0.01,7.14,639000000,0,綠縮,是,,0.13,0.32,0.43,,-73.2,-36.7265,-38.8612
706415,閎康凱基5B購01,2026-09-01,4.28,0.26,6.47,10000000,0,,否,,5.22,6.35,,,-30.2139,,
706417,雙鴻凱基59購16,2026-09-01,0.78,0.28,56.0,5000000,0,,否,,0.74,0.94,,,-35.9375,,
706419,弘塑富邦61購01,2026-09-01,0.71,0.06,9.23,3265000000,0,綠縮,是,,0.66,0.7,1.23,,-12.2995,-34.6977,-25.0076
706420,宏捷科富邦5B購01,2026-09-01,0.29,0.02,7.41,405000000,0,紅增,是,,0.27,0.3,0.41,,-16.0494,-18.5792,-23.5183
706421,宏捷科富邦5C購01,2026-09-01,0.23,0.05,27.78,3194000000,0,紅增,是,,0.18,0.21,0.28,,-24.7863,-22.3485,-40.3987
706425,雙鴻富邦5C購04,2026-09-01,1.15,0.27,30.68,1551000000,0,紅增,是,,0.65,0.54,0.57,,54.0284,10.5155,-11.7601
706432,茂迪元大63購05,2026-09-01,0.18,0.0,0.0,61000000,0,綠增,是,,0.24,0.26,0.4,,-15.6028,-28.3747,-14.4527
706437,雙鴻元大59購23,2026-09-01,0.82,0.28,51.85,130000000,0,,是,,0.41,0.35,0.5,,44.7552,-25.3731,
706438,雙鴻元大59購24,2026-09-01,1.05,0.25,31.25,33000000,0,紅增,否,,0.49,0.45,0.42,,20.6897,14.8718,-9.1202
706441,弘塑群益5A購03,2026-09-01,1.07,0.12,12.63,211000000,0,,是,,1.1,1.5,2.45,,-42.6178,-45.7792,
706442,印能群益5B購01,2026-09-01,2.18,0.06,2.83,12000000,0,綠增,否,,2.72,3.22,3.12,,-26.4976,-8.8977,-7.162
706446,湧德群益5C購01,2026-09-01,0.57,0.05,9.62,256000000,0,綠縮,是,,0.49,0.63,0.76,,-36.9509,-25.3254,-17.8822
706452,中美晶永豐5C購01,2026-09-01,0.88,0.09,11.39,28000000,0,綠增,否,,1.0,1.66,1.45,,-56.9456,-12.5527,1.0468
706453,弘塑永豐63購02,2026-09-01,0.75,0.06,8.7,109000000,0,綠縮,否,,0.72,0.75,1.29,,-7.6923,-32.7354,-21.5854
706456,博智永豐5C購01,2026-09-01,3.01,0.04,1.35,3000000,0,紅增,否,,2.37,2.03,2.63,,39.7406,-8.0507,-10.9533
706457,華宏永豐5A購01,2026-09-01,0.04,0.0,0.0,10000000,0,綠縮,否,,0.05,0.09,0.18,,-59.0164,-54.7368,-33.2117
706458,華義永豐59購01,2026-09-01,0.17,0.04,30.77,1000000,0,,否,,,,,,,,
706460,雙鴻永豐5B購02,2026-09-01,1.2,0.36,42.86,23000000,0,,是,,0.57,0.61,,,-11.4907,-22.8717,
706462,中美晶元富59購03,2026-09-01,2.0,0.21,11.73,25000000,0,,否,,3.83,3.55,2.96,,17.1254,33.71,
706463,台特化元富59購02,2026-09-01,0.04,-0.06,-60.0,25000000,0,,否,,0.8,,,,,,
706468,華宏元富5B購01,2026-09-01,0.17,0.02,13.33,301000000,0,,是,,0.14,0.27,0.59,,-65.1741,-56.9157,-36.0238
706471,力致凱基59購01,2026-09-01,0.15,0.02,15.38,50000000,0,,是,,0.8,1.36,,,-58.61,,
706472,中美晶凱基61購01,2026-09-01,5.05,0.27,5.65,133000000,0,綠增,是,,5.03,4.8,4.8,,9.8339,-7.0834,12.3392
706474,沛亨凱基5B購01,2026-09-01,0.98,0.36,58.06,59000000,0,綠增,是,,3.5,3.98,3.84,,-21.6495,-8.9057,-3.2404
706476,良維凱基5C購01,2026-09-01,1.58,0.14,9.72,62000000,0,綠轉紅,否,,1.03,1.08,1.91,,-9.0265,-33.7224,-23.2071
706479,博智凱基61購01,2026-09-01,2.38,0.12,5.31,40000000,0,紅增,否,,1.69,1.54,1.5,,22.6087,14.5414,-14.8537
706484,臺慶科凱基5A購01,2026-09-01,2.42,-0.23,-8.68,50000000,0,綠轉紅,是,,2.41,2.5,3.16,,-7.3846,-3.7293,-26.5418
706485,雙鴻凱基5C購04,2026-09-01,1.2,0.3,33.33,90000000,0,,是,,0.91,1.0,1.07,,-16.8807,-11.9153,
706489,均豪國票5A購01,2026-09-01,0.53,0.14,35.9,938000000,0,,是,,0.73,0.87,,,-27.6342,-30.3614,
706490,頎邦國票5A購02,2026-09-01,12.0,0.1,0.84,1000000,0,,是,,7.28,12.98,,,-61.0278,,
706492,廣明兆豐63購01,2026-09-01,0.35,0.0,0.0,15000000,0,綠縮,否,,0.36,0.37,0.48,,-6.7708,-26.0956,-15.3846
706496,宜特群益63購01,2026-09-01,0.73,0.05,7.35,546000000,0,綠縮,是,,0.75,0.79,0.98,,-8.7591,-15.5747,-16.9643
706497,博智群益69購01,2026-09-01,0.83,0.0,0.0,120000000,0,,是,,0.64,0.75,0.87,,-25.641,-15.1927,
706498,閎康群益63購02,2026-09-01,1.68,0.03,1.82,12000000,0,綠轉紅,否,,1.61,1.72,2.13,,-11.6101,-12.1104,-13.1074
706503,世界富邦61購01,2026-09-01,0.82,0.03,3.8,1142000000,0,綠縮,是,,0.81,0.89,1.0,,-15.5925,-7.7963,-16.1869
706507,中美晶元大5C購02,2026-09-01,2.41,0.17,7.59,26000000,0,,是,,2.43,2.2,1.81,,24.0571,30.1362,
706513,博智元大63購01,2026-09-01,1.55,0.08,5.44,385000000,0,,是,,1.62,1.77,1.82,,-15.8879,-5.8917,
706519,環球晶元大59購05,2026-09-01,9.45,0.6,6.78,3000000,0,,是,,14.91,,,,,,
706520,環球晶元大59購06,2026-09-01,4.87,-0.33,-6.35,3000000,0,,是,,6.18,8.22,6.99,,-39.6683,2.3033,
706521,雙鴻元大59購25,2026-09-01,0.45,0.17,60.71,62000000,0,,是,,0.38,0.42,,,-14.6667,-24.5931,
706524,雙鴻中信63購02,2026-09-01,0.52,0.1,23.81,117000000,0,紅增,是,,0.28,0.24,0.26,,33.6538,7.0485,-11.4286
706526,均豪永豐59購02,2026-09-01,0.51,0.09,21.43,207000000,0,,是,,0.36,0.57,0.75,,-53.3679,-24.3316,
706534,前鼎國票61購02,2026-09-01,5.25,1.19,29.31,2000000,0,,是,,3.02,2.69,,,27.6182,0.7477,
706535,閎康國票5A購03,2026-09-01,0.41,0.03,7.89,30000000,0,紅增,否,,0.54,0.59,0.99,,-15.674,-25.0955,-24.2797
706536,順達國票5A購02,2026-09-01,1.11,0.29,35.37,181000000,0,綠轉紅,是,,0.66,0.78,1.08,,-28.0702,-18.9245,-26.7186
706538,鈺太國票5A購01,2026-09-01,0.06,0.0,0.0,11000000,0,,是,,0.24,0.58,1.02,,-73.6383,-44.6036,
706544,博智凱基59購07,2026-09-01,0.45,0.04,9.76,83000000,0,紅增,是,,0.26,0.27,0.4,,-5.036,-16.6154,-37.069
706545,閎康凱基61購01,2026-09-01,1.33,0.14,11.76,18000000,0,,是,,1.12,1.28,1.91,,-22.8965,-28.7854,-23.0769
706549,穩得凱基63購01,2026-09-01,1.16,0.06,5.45,2000000,0,,是,,1.1,1.14,1.4,,-7.0946,-15.595,
706557,聖暉*永豐5B購01,2026-09-01,0.73,0.11,17.74,82000000,0,,否,,1.45,1.73,,,-28.1746,,
706564,良維富邦5C購01,2026-09-01,0.53,0.07,15.22,542000000,0,紅增,否,,0.36,0.32,0.46,,26.9504,-16.0105,-30.8503
706566,順達富邦5C購01,2026-09-01,1.21,0.18,17.48,531000000,0,綠縮,是,,0.89,1.05,1.36,,-25.5426,-26.9741,-11.2565
706567,精測富邦5B購01,2026-09-01,0.35,0.21,150.0,2176000000,0,紅增,否,,0.18,0.17,0.17,,24.3243,7.0968,-23.2816
706569,中美晶群益5B購01,2026-09-01,2.74,0.38,16.1,16000000,0,綠增,否,,4.0,5.7,4.81,,-46.0729,-6.2931,3.9849
706572,良維群益61購01,2026-09-01,1.39,0.09,6.92,309000000,0,綠轉紅,是,,1.05,1.0,1.5,,8.7318,-17.1617,-20.8224
706573,博智群益63購01,2026-09-01,3.96,0.05,1.28,10000000,0,紅增,否,,3.17,2.97,2.94,,14.2033,9.6715,-9.8589
706576,順達群益5C購01,2026-09-01,2.25,0.38,20.32,75000000,0,綠縮,是,,1.76,2.05,2.73,,-24.8718,-31.7909,-13.6292
706579,精測群益63購01,2026-09-01,0.65,0.13,25.0,1139000000,0,紅增,是,,0.49,0.52,0.57,,-11.9134,-3.1599,-17.3945
706580,雙鴻群益59購11,2026-09-01,1.18,0.29,32.58,10000000,0,,是,,0.56,0.72,0.95,,-36.4465,-23.2906,-16.1348
706588,博智元大63購02,2026-09-01,1.13,0.09,8.65,212000000,0,,是,,0.91,1.05,1.21,,-22.8426,-18.9001,
706590,萬泰科元大5C購02,2026-09-01,1.32,0.11,9.09,108000000,0,,是,,1.21,1.09,,,24.4856,-11.874,
706593,精測元大59購03,2026-09-01,0.06,0.01,20.0,83000000,0,,是,,0.16,0.39,,,-73.955,-42.4376,
706594,精測元大5C購03,2026-09-01,0.2,0.06,42.86,725000000,0,紅縮,是,,0.23,0.24,0.28,,-8.0,-4.3825,-17.3134
706595,雙鴻台新59購04,2026-09-01,2.0,0.78,63.93,19000000,0,,是,,0.87,1.09,1.48,,-34.4932,-25.171,
706596,中美晶凱基5B購01,2026-09-01,3.18,0.51,19.1,65000000,0,,是,,4.87,4.29,,,31.3208,40.0457,
706600,永信建凱基59購01,2026-09-01,0.63,-0.05,-7.35,6000000,0,綠增,是,,0.88,0.98,1.24,,-18.2156,-25.4573,-16.1258
706607,閎康凱基5A購02,2026-09-01,0.3,0.05,20.0,25000000,0,綠增,否,,0.68,0.77,1.26,,-20.5607,-36.2656,-24.552
706611,元太國票5A購03,2026-09-01,0.62,0.1,19.23,19000000,0,,是,,0.75,1.16,1.73,,-51.9796,-29.3723,
706612,弘塑國票5C購01,2026-09-01,0.47,0.09,23.68,34000000,0,綠縮,否,,0.43,0.47,0.82,,-16.9884,-38.6805,-31.7579
706613,弘塑國票63購01,2026-09-01,1.03,0.12,13.19,140000000,0,綠縮,是,,1.13,1.25,1.72,,-18.5239,-25.4015,-23.372
706617,美琪瑪國票5A購01,2026-09-01,0.27,0.0,0.0,100000000,0,綠縮,是,,0.28,0.51,0.95,,-61.9946,-51.377,-27.4592
706622,鈊象國票5A購02,2026-09-01,0.29,-0.05,-14.71,570000000,0,綠增,是,,0.59,0.64,0.69,,-13.7427,-2.5994,-7.2241
706623,萬泰科國票5A購03,2026-09-01,1.42,0.01,0.71,602000000,0,,是,,2.45,3.16,3.53,,-36.7579,-17.2684,
706625,譜瑞國票5A購01,2026-09-01,0.84,-0.01,-1.18,1150000000,0,紅增,是,,0.87,1.14,1.49,,-37.9801,-24.7688,-43.5615
706630,台燿元大59購11,2026-09-01,6.5,0.1,1.56,10000000,0,,是,,8.52,,,,,,
706647,弘塑群益5B購02,2026-09-01,0.44,0.07,18.92,115000000,0,綠縮,是,,0.54,0.81,1.39,,-49.8148,-37.6154,-30.2635
706650,雙鴻群益59購12,2026-09-01,0.86,0.31,56.36,1000000,0,,否,,0.57,0.73,0.94,,-35.4402,-22.6935,
706653,弘塑國泰5A購03,2026-09-01,0.64,0.05,8.47,50000000,0,,是,,0.79,1.67,,,-69.0738,,
706654,弘塑國泰5A購04,2026-09-01,0.48,0.04,9.09,2000000,0,,是,,1.24,1.94,2.24,,-53.0349,-20.6148,
706659,弘塑富邦61購02,2026-09-01,0.57,0.07,14.0,212000000,0,綠縮,否,,0.47,0.55,0.87,,-25.0,-33.4537,-32.661
706660,均豪富邦61購01,2026-09-01,0.62,0.08,14.81,655000000,0,紅增,是,,0.46,0.4,0.45,,33.526,5.2083,-15.5285
706662,沛亨富邦61購01,2026-09-01,0.6,0.09,17.65,235000000,0,綠轉紅,否,,0.49,0.47,0.83,,10.3604,-24.7987,-22.7273
706663,華電網富邦5C購01,2026-09-01,0.07,0.0,0.0,25000000,0,,是,,0.07,0.08,0.16,,-30.6122,-44.2953,-28.4065
706664,系微永豐5C購02,2026-09-01,0.28,0.02,7.69,60000000,0,綠縮,否,,0.29,0.32,0.47,,-20.0,-21.5496,-26.8634
706669,聚和永豐59購01,2026-09-01,0.27,-0.07,-20.59,46000000,0,綠增,是,,0.42,0.51,0.65,,-30.5921,-31.6976,-8.2211
706672,友輝元富59購03,2026-09-01,0.06,-0.04,-40.0,2000000,0,,否,,0.34,0.64,1.05,,-64.0592,-36.7748,
706673,弘塑元富5C購02,2026-09-01,0.88,0.1,12.82,206000000,0,綠縮,是,,0.76,0.88,1.62,,-24.2,-41.9802,-32.6463
706674,華義元富5A購01,2026-09-01,1.19,0.33,38.37,50000000,0,,否,,1.27,2.37,,,-63.5213,,
706677,順達兆豐5B購02,2026-09-01,1.25,0.21,20.19,9000000,0,綠轉紅,否,,0.74,0.82,1.03,,-17.7778,-8.3799,-16.9299
706678,雙鴻兆豐5B購03,2026-09-01,1.5,0.45,42.86,292000000,0,,是,,0.66,0.66,0.8,,1.2232,-6.1341,
706687,台特化凱基63購01,2026-09-01,0.56,0.04,7.69,4000000,0,綠縮,是,,0.52,0.63,0.77,,-29.7297,-21.8362,-19.3701
706693,家登凱基5C購02,2026-09-01,4.2,1.2,40.0,12000000,0,,否,,3.4,3.93,4.15,,-23.8692,-10.6339,
706694,雙鴻凱基59購17,2026-09-01,1.41,0.39,38.24,3000000,0,,否,,0.6,0.49,0.74,,61.4973,-11.7329,
706695,立碁永豐5A購01,2026-09-01,1.25,0.54,76.06,115000000,0,,是,,1.1,0.86,,,80.6557,53.6804,
706696,立碁永豐5B購01,2026-09-01,1.32,0.42,46.67,238000000,0,紅增,是,,0.84,0.73,0.61,,33.9744,46.5863,2.2651
706698,穩得永豐61購01,2026-09-01,0.84,0.02,2.44,84000000,0,紅增,否,,0.83,0.74,1.01,,27.7778,-19.6078,-13.7725
706699,立碁元富59購01,2026-09-01,2.29,0.49,27.22,89000000,0,,否,,1.22,1.09,1.0,,26.4033,36.809,-21.224
706700,立碁元富59購02,2026-09-01,1.15,0.6,109.09,55000000,0,,否,,0.64,0.62,0.66,,6.9767,4.8822,
706701,立碁元富59購03,2026-09-01,0.61,0.29,90.62,260000000,0,,是,,0.37,0.34,,,15.7233,,
706704,聖暉*中信59購01,2026-09-01,0.59,0.04,7.27,149000000,0,綠增,否,,0.87,1.15,1.89,,-38.9356,-41.654,-14.955
706705,立碁國票5A購01,2026-09-01,1.13,0.42,59.15,67000000,0,,否,,0.69,0.59,,,40.8163,16.8317,
706710,良維統一62購02,2026-09-01,0.78,0.07,9.86,715000000,0,紅增,是,,0.55,0.52,0.65,,13.6929,-5.5046,-21.4113
706711,宜特統一62購02,2026-09-01,0.49,0.04,8.89,133000000,0,綠轉紅,否,,0.44,0.46,0.55,,-9.0535,-12.1212,-19.5748
706713,前鼎統一63購01,2026-09-01,2.89,0.49,20.42,1000000,0,,否,,1.56,1.41,,,24.0064,24.47,
706714,閎康統一63購01,2026-09-01,0.34,0.03,9.68,65000000,0,紅縮,否,,0.37,0.4,0.44,,-12.7358,-3.1707,-15.4876
706717,世紀*元大59購01,2026-09-01,8.85,-0.05,-0.56,30000000,0,紅增,否,,6.08,3.26,2.03,,1281.8182,498.1651,180.7054
706727,宜特元大5C購01,2026-09-01,1.07,0.09,9.18,13000000,0,綠縮,是,,1.17,1.29,1.72,,-18.0028,-25.6749,-9.758
706732,閎康元大5A購01,2026-09-01,0.8,0.09,12.68,235000000,0,綠縮,否,,0.88,1.04,1.4,,-26.087,-22.0974,-13.4752
706733,閎康元大63購03,2026-09-01,0.62,0.07,12.73,92000000,0,,是,,1.01,1.1,,,-14.8398,,
706735,雙鴻元大59購26,2026-09-01,1.18,0.39,49.37,44000000,0,紅增,否,,0.56,0.47,0.49,,51.3514,23.6702,-7.3102
706738,世紀*凱基59購03,2026-09-01,7.45,1.15,18.25,9000000,0,紅增,否,,5.1,2.68,1.56,,1875.1938,673.6994,318.4739
706740,立碁凱基59購01,2026-09-01,0.45,0.34,309.09,5000000,0,,否,,0.23,0.3,,,-35.0,,
706743,前鼎凱基61購01,2026-09-01,5.45,0.81,17.46,60000000,0,,否,,2.77,2.46,2.76,,28.9842,20.7965,
706744,順達凱基59購03,2026-09-01,0.44,-0.09,-16.98,30000000,0,綠縮,否,,0.63,0.83,1.4,,-39.8077,-44.1689,-19.5185
706749,雙鴻凱基61購01,2026-09-01,1.74,0.33,23.4,292000000,0,紅增,否,,0.95,0.84,0.81,,32.8691,22.5806,-4.6948
706751,聖暉*兆豐5B購02,2026-09-01,0.72,0.05,7.46,53000000,0,,是,,0.72,0.97,1.51,,-41.5987,-41.9952,-14.8367
706754,世紀*國票5A購02,2026-09-01,6.8,-1.0,-12.82,677000000,0,紅增,否,,4.53,2.34,1.34,,2801.2821,1179.235,327.186
706759,捷創國票5A購01,2026-09-01,0.18,-0.02,-10.0,5000000,0,,否,,0.21,0.38,,,-61.6788,,
706760,順達國票5B購01,2026-09-01,1.2,0.21,21.21,8000000,0,綠轉紅,否,,0.75,0.85,1.18,,-21.4737,-20.5993,-19.3174
706761,聖暉*國票5A購04,2026-09-01,0.67,0.06,9.84,65000000,0,綠縮,否,,0.73,1.23,2.7,,-58.209,-50.8164,-34.2096
706768,良維元大59購20,2026-09-01,0.5,0.0,0.0,20000000,0,,是,,0.34,0.63,1.57,,-62.7451,-62.2528,-35.6646
706781,雙鴻元大59購27,2026-09-01,1.02,0.2,24.39,20000000,0,紅增,否,,0.56,0.48,0.5,,38.6139,17.2749,-7.4931
706784,聖暉*國泰5A購01,2026-09-01,1.02,0.16,18.6,25000000,0,,否,,0.98,,,,,,
706786,世界群益59購03,2026-09-01,2.49,0.02,0.81,10000000,0,綠增,否,,3.33,5.33,6.85,,-54.6124,-38.7631,-9.9823
706790,順達群益5B購02,2026-09-01,1.56,0.26,20.0,392000000,0,綠縮,是,,1.37,1.42,1.76,,-7.1816,-20.0112,-11.3568
706793,元太富邦5B購02,2026-09-01,0.73,0.1,15.87,87000000,0,,是,,0.77,,,,,,
706796,鈊象富邦5B購02,2026-09-01,0.82,-0.06,-6.82,662000000,0,綠增,是,,1.1,1.24,1.27,,-20.2605,-1.2719,-8.3664
706798,雙鴻富邦5B購01,2026-09-01,1.53,0.34,28.57,37000000,0,紅增,否,,0.95,0.84,0.79,,30.5785,14.3443,-1.5038
706799,立碁統一63購01,2026-09-01,0.74,0.12,19.35,162000000,0,,是,,0.52,0.46,,,28.5714,-10.7692,
706800,立碁統一66購01,2026-09-01,0.7,0.11,18.64,92000000,0,,,,,,,,,,
706801,順達統一63購02,2026-09-01,0.84,0.1,13.51,289000000,0,綠縮,是,,0.65,0.67,0.81,,-7.7143,-17.1182,-8.1772
706802,順達統一66購01,2026-09-01,0.75,0.16,27.12,5000000,0,綠縮,否,,0.58,0.62,0.71,,-12.462,-13.3427,-7.767
706803,聖暉*統一65購01,2026-09-01,0.72,0.08,12.5,63000000,0,綠縮,否,,0.69,0.86,1.26,,-33.2689,-32.498,-15.5518
706804,雙鴻統一66購01,2026-09-01,0.73,0.17,30.36,673000000,0,紅增,是,,0.42,0.38,0.37,,23.0769,17.0807,-1.4805
706805,順達中信59購01,2026-09-01,0.23,0.03,15.0,2000000,0,綠縮,否,,0.18,0.26,0.44,,-45.509,-49.2126,-23.5857
706808,聖暉*永豐5B購02,2026-09-01,0.62,0.06,10.71,48000000,0,綠縮,否,,0.65,0.86,1.8,,-38.9925,-50.3452,-23.0638
706814,聖暉*元富59購03,2026-09-01,1.79,0.23,14.74,55000000,0,,是,,2.5,,,,,,
706816,聖暉*台新59購01,2026-09-01,1.38,0.21,17.95,55000000,0,,是,,2.98,,,,,,
706819,台特化凱基59購06,2026-09-01,0.27,0.01,3.85,10000000,0,,是,,0.29,0.5,0.8,,-59.8315,-43.2955,-30.2517
706825,前鼎凱基5B購01,2026-09-01,7.4,1.55,26.5,1000000,0,,否,,3.82,2.96,2.81,,82.7916,40.6562,-5.28
706826,順達凱基5B購02,2026-09-01,0.8,0.0,0.0,42000000,0,,是,,1.18,1.35,,,-22.3684,-21.6483,
706829,元債20元大5B購02,2026-09-01,0.39,-0.11,-22.0,50000000,0,,是,,0.68,,,,,,
706839,宜特元大59購04,2026-09-01,0.56,-0.02,-3.45,36000000,0,,是,,1.17,,,,,,
706842,鈊象元大59購02,2026-09-01,0.27,-0.06,-18.18,100000000,0,綠增,否,,0.52,0.85,0.91,,-56.229,-20.4842,-21.5543
706843,鈊象元大5C購04,2026-09-01,0.43,-0.04,-8.51,625000000,0,紅轉綠,是,,0.71,0.71,0.7,,-0.5618,6.9277,-4.4837
706844,鈊象元大63購04,2026-09-01,0.3,0.01,3.45,127000000,0,紅轉綠,是,,0.44,0.45,0.44,,-8.0169,5.5684,-7.458
706845,萬泰科元大63購01,2026-09-01,1.07,0.05,4.9,179000000,0,,是,,1.08,1.29,1.52,,-28.0,-18.612,
706846,雙鴻元大59購28,2026-09-01,1.15,0.27,30.68,6000000,0,紅增,否,,0.6,0.53,0.55,,32.5991,18.3857,-5.2905
706847,雙鴻元大59購29,2026-09-01,1.29,0.37,40.22,26000000,0,紅增,否,,0.66,0.55,0.56,,51.6129,25.5172,-5.8277
706852,鈊象永豐5B購01,2026-09-01,0.31,0.01,3.33,235000000,0,綠增,否,,0.42,0.53,0.52,,-33.5423,-6.3492,-13.1424
706853,東捷國泰5A購02,2026-09-01,2.96,0.34,12.98,138000000,0,,是,,2.94,4.07,,,-43.6685,,
706855,宜特元富59購01,2026-09-01,0.58,0.1,20.83,10000000,0,,否,,1.44,,,,,,
706856,宜特元富5C購01,2026-09-01,0.91,0.09,10.98,21000000,0,綠縮,否,,0.87,1.09,1.68,,-34.1945,-34.5138,-20.8853
706861,德微元富59購04,2026-09-01,3.04,0.31,11.36,10000000,0,,,,,,,,,,
706863,中美晶群益62購01,2026-09-01,2.6,0.16,6.56,5000000,0,綠增,否,,3.44,4.15,3.52,,-29.3174,0.8258,8.7595
706865,東捷群益62購01,2026-09-01,4.65,0.52,12.59,33000000,0,,是,,4.09,4.33,,,-10.6206,,
706866,東捷群益63購02,2026-09-01,3.35,0.36,12.04,128000000,0,,是,,3.08,3.1,4.82,,-1.6613,-23.1873,
706869,鈊象群益59購02,2026-09-01,0.16,0.0,0.0,10000000,0,,否,,0.61,0.94,1.19,,-52.2763,-31.9103,
706870,鈊象群益59購03,2026-09-01,0.02,-0.02,-50.0,1000000,0,,是,,0.2,0.29,0.39,,-49.7436,-28.0098,
706871,鈊象群益5B購01,2026-09-01,0.14,0.0,0.0,110000000,0,綠增,否,,0.22,0.33,0.34,,-50.6849,-16.7939,-21.2644
706872,聖暉*群益5C購01,2026-09-01,1.23,0.08,6.96,10000000,0,綠縮,否,,1.29,1.65,2.41,,-35.5932,-39.9709,-10.1991
706874,雙鴻群益59購14,2026-09-01,2.64,1.62,158.82,10000000,0,,否,,1.16,1.07,1.81,,18.6475,-28.6765,
706876,久元國票5A購02,2026-09-01,0.39,0.08,25.81,2000000,0,紅增,否,,0.36,0.38,0.62,,-10.5,-29.0262,-29.0471
706881,世紀*元大59購02,2026-09-01,6.65,-0.2,-2.92,23000000,0,紅增,否,,4.67,2.52,1.51,,1177.0492,444.2765,242.3383
706886,良維元大59購23,2026-09-01,1.14,0.18,18.75,50000000,0,,否,,1.73,,,,,,
706889,順達元大59購07,2026-09-01,1.66,0.05,3.11,20000000,0,綠縮,是,,1.17,1.57,2.1,,-40.6504,-33.4465,-16.8185
706890,順達元大59購08,2026-09-01,0.2,0.0,0.0,15000000,0,,是,,0.3,0.65,1.05,,-69.5565,-48.7322,
706892,鈊象元大63購05,2026-09-01,1.1,-0.06,-5.17,422000000,0,綠增,是,,1.36,1.47,1.41,,-14.8241,1.3058,-4.2416
706897,凡甲凱基59購02,2026-09-01,1.06,0.02,1.92,5000000,0,,否,,1.63,2.17,,,-40.1766,,
706900,鈊象凱基5B購01,2026-09-01,0.49,-0.09,-15.52,337000000,0,綠增,是,,0.93,1.14,1.29,,-31.3609,-9.2357,-16.6613
706907,雙鴻國票5B購02,2026-09-01,1.7,0.4,30.77,18000000,0,紅增,否,,0.92,0.76,0.73,,49.1857,33.2753,-0.4765
706910,元太元富63購01,2026-09-01,2.33,0.15,6.88,48000000,0,,是,,3.09,,,,,,
706912,神盾元富59購01,2026-09-01,0.05,-0.02,-28.57,1000000,0,,否,,0.76,0.97,,,-34.9829,,
706916,元太永豐5B購01,2026-09-01,1.08,0.07,6.93,150000000,0,,否,,1.32,1.81,,,-42.5217,-30.2388,
706919,雙鴻永豐5C購02,2026-09-01,1.65,0.37,28.91,566000000,0,紅增,否,,0.98,0.79,0.74,,60.5263,21.659,2.2176
706922,宜特永豐5C購02,2026-09-01,0.63,0.06,10.53,19000000,0,綠縮,否,,0.6,0.74,1.22,,-31.4351,-43.1207,-17.0955
706924,勤凱永豐61購01,2026-09-01,0.78,0.16,25.81,300000000,0,紅增,是,,0.75,0.67,0.95,,24.7492,-6.014,-32.0029
706925,匯鑽科永豐61購01,2026-09-01,0.39,0.02,5.41,5000000,0,綠縮,否,,0.32,0.35,0.51,,-16.8421,-28.5421,-10.642
706930,良維凱基5A購03,2026-09-01,1.34,0.24,21.82,46000000,0,,是,,1.24,2.62,3.4,,-68.9155,-36.7189,
706934,千附國票5B購01,2026-09-01,1.37,0.04,3.01,1000000,0,綠增,否,,1.56,2.08,1.93,,-39.6445,-13.5417,5.034
706940,華電網國泰5B購01,2026-09-01,0.1,-0.01,-9.09,20000000,0,綠縮,否,,0.13,0.18,0.39,,-44.5378,-47.8873,-30.7692
706948,印能元大64購01,2026-09-01,2.23,0.02,0.9,114000000,0,綠增,是,,2.35,2.68,2.52,,-21.771,-6.3003,2.0222
706949,良維元大61購01,2026-09-01,2.91,0.3,11.49,32000000,0,,是,,2.23,2.07,,,16.3009,-2.4965,
706953,鈊象元大64購02,2026-09-01,0.62,0.04,6.9,361000000,0,紅縮,是,,0.9,0.85,0.87,,13.2832,6.9095,-0.4558
706955,匯鑽科元大5A購02,2026-09-01,0.13,-0.01,-7.14,30000000,0,,否,,0.42,,,,,,
706958,世紀*群益5A購01,2026-09-01,3.16,0.26,8.97,46000000,0,,是,,2.17,1.12,,,3523.3333,1198.8372,
706963,匯鑽科群益5C購01,2026-09-01,0.35,0.01,2.94,209000000,0,,是,,0.3,0.42,,,-44.0299,-36.5706,
706966,千附精凱基5B購01,2026-09-01,5.9,-0.3,-4.84,16000000,0,紅增,否,,4.59,4.03,4.47,,32.5058,-6.8471,3.9083
706967,世紀*凱基5A購01,2026-09-01,6.8,-0.1,-1.45,108000000,0,紅增,否,,4.19,2.18,1.25,,2554.4304,1102.2099,349.639
706968,印能凱基64購01,2026-09-01,1.82,-0.48,-20.87,15000000,0,綠增,是,,2.03,2.42,2.43,,-27.5837,-12.0364,-6.3945
706970,鈊象凱基64購01,2026-09-01,1.0,0.0,0.0,15000000,0,綠增,否,,1.09,1.32,1.51,,-29.9871,-10.0136,-12.159
706971,雙鴻凱基5A購05,2026-09-01,2.78,0.94,51.09,286000000,0,紅增,是,,1.14,0.85,0.86,,106.5217,43.1472,-9.2593
706973,宏碩國票5C購01,2026-09-01,0.24,0.01,4.35,1621000000,0,綠轉紅,是,,0.14,0.12,0.24,,23.6364,-32.4176,-33.4274
706978,印能國泰5B購01,2026-09-01,2.5,-0.02,-0.79,5000000,0,,否,,3.08,3.57,3.48,,-24.1617,-2.2746,-7.0323
706979,穩得國泰5B購01,2026-09-01,1.66,0.1,6.41,21000000,0,紅增,否,,1.5,1.18,1.5,,77.1226,-2.3275,-17.2242
706981,神盾統一64購02,2026-09-01,0.42,0.01,2.44,78000000,0,紅增,否,,0.42,0.42,0.52,,2.4155,-9.3074,-14.2263
706982,印能永豐64購01,2026-09-01,2.42,0.08,3.42,92000000,0,綠縮,否,,2.43,2.96,3.07,,-30.4696,-13.5261,-4.5129
706985,原相永豐5B購02,2026-09-01,1.01,0.11,12.22,11000000,0,綠增,否,,1.37,1.31,1.83,,9.6154,-27.0089,-9.9484
706986,神盾永豐5C購02,2026-09-01,0.39,0.01,2.63,10000000,0,紅增,否,,0.43,0.44,0.56,,-4.8889,-10.041,-20.2684
706988,撼訊永豐5C購01,2026-09-01,1.67,-0.18,-9.73,9000000,0,,否,,2.07,2.37,,,-22.2222,-20.5902,
706989,元太元大5A購01,2026-09-01,0.68,0.06,9.68,86000000,0,,否,,1.03,1.49,,,-46.9681,,
706991,世紀*元大5A購01,2026-09-01,2.68,0.37,16.02,497000000,0,紅增,是,,1.94,1.02,0.59,,1598.2456,664.9254,266.6667
706994,宏捷科元大5A購01,2026-09-01,0.3,-0.02,-6.25,100000000,0,,是,,0.28,0.34,,,-32.6829,-56.25,
706995,匯鑽科元大5A購03,2026-09-01,0.13,-0.01,-7.14,7000000,0,,否,,0.57,0.52,,,20.6751,-13.1229,
706998,印能群益5A購02,2026-09-01,0.95,0.08,9.2,176000000,0,綠增,是,,1.34,1.79,2.31,,-40.2679,-29.428,-12.286
706999,均豪群益62購01,2026-09-01,0.61,-0.04,-6.15,344000000,0,,是,,0.61,0.66,,,-13.3903,-28.4934,
707003,群翊群益5B購01,2026-09-01,1.78,0.31,21.09,22000000,0,,是,,1.67,,,,,,
707004,雙鴻群益5A購05,2026-09-01,8.3,2.3,38.33,134000000,0,綠轉紅,否,,3.33,2.74,3.28,,55.4622,5.1095,-13.131
707006,台嘉碩元大5A購01,2026-09-01,0.84,0.14,20.0,22000000,0,綠縮,否,,0.77,0.8,1.25,,-7.6739,-24.2682,-17.4128
707007,印能元大5A購02,2026-09-01,0.81,0.09,12.5,90000000,0,,是,,2.42,2.57,,,-10.5535,,
707011,印能元大5B購01,2026-09-01,1.54,-0.02,-1.28,12000000,0,綠增,否,,1.78,2.34,2.4,,-38.3126,-16.5894,-8.2409
707012,印能元大5C購02,2026-09-01,1.09,0.07,6.86,67000000,0,綠縮,是,,1.17,1.53,1.77,,-38.0952,-24.9264,-10.6222
707014,印能元大64購02,2026-09-01,1.0,-0.16,-13.79,10000000,0,綠縮,否,,0.97,0.98,1.13,,-2.8112,-14.4599,-5.0926
707016,宏捷科元大5A購02,2026-09-01,0.33,0.08,32.0,195000000,0,,是,,0.38,0.74,,,-65.6934,-51.0638,
707017,宏捷科元大5C購03,2026-09-01,0.61,0.12,24.49,333000000,0,,是,,0.48,0.61,1.1,,-33.6986,-43.218,
707020,信立元大5A購01,2026-09-01,0.22,0.0,0.0,7000000,0,紅縮,是,,0.27,0.2,0.23,,107.5758,7.9787,-0.8547
707025,雙鴻元大61購11,2026-09-01,2.83,0.92,48.17,127000000,0,,是,,1.59,,,,,,
707038,衛司特凱基5A購01,2026-09-01,0.83,-0.05,-5.68,30000000,0,綠縮,否,,0.9,1.14,1.56,,-35.2092,-28.4013,-12.3596
707040,千如國票5B購01,2026-09-01,1.28,-0.18,-12.33,5000000,0,綠縮,否,,1.21,1.26,2.96,,-8.6233,-51.1394,-23.8671
707041,台嘉碩國票5A購01,2026-09-01,0.92,0.23,33.33,127000000,0,紅增,否,,0.94,0.93,1.3,,2.1739,-13.4884,-29.6765
707042,印能國票5B購01,2026-09-01,0.72,0.06,9.09,70000000,0,綠縮,否,,0.73,1.05,1.14,,-46.5015,-22.7439,-9.0072
707043,沛亨國票5B購01,2026-09-01,0.57,0.11,23.91,28000000,0,綠縮,是,,0.51,0.91,1.57,,-60.8232,-49.4463,-28.1587
707045,茂綸國票5B購01,2026-09-01,0.63,0.06,10.53,235000000,0,綠增,是,,0.69,0.79,0.84,,-20.7763,-0.507,-8.7996
707046,博盛國票5B購01,2026-09-01,1.15,0.09,8.49,3000000,0,綠轉紅,否,,0.98,0.89,1.37,,23.0,-8.5128,-25.4486
707048,雙鴻中信64購01,2026-09-01,1.1,0.2,22.22,336000000,0,紅增,是,,0.69,0.63,0.56,,22.1831,18.1648,1.8936
707050,印能永豐5A購02,2026-09-01,0.43,-0.12,-21.82,5000000,0,綠增,否,,0.79,1.11,1.19,,-44.5378,-22.3776,-15.0268
707051,印能永豐61購01,2026-09-01,1.3,-0.29,-18.24,34000000,0,綠增,否,,1.41,2.18,2.16,,-52.0027,-18.2602,-7.2088
707054,安葆永豐5B購01,2026-09-01,0.62,0.11,21.57,2000000,0,,是,,0.48,0.53,,,-15.9722,-14.5161,
707055,宏碩永豐61購01,2026-09-01,0.27,0.0,0.0,56000000,0,綠縮,是,,0.17,0.15,0.28,,18.5714,-41.1538,-26.1719
707056,宜特永豐5B購01,2026-09-01,0.82,0.09,12.33,8000000,0,,是,,0.85,1.18,1.6,,-43.8992,-32.7429,
707061,鈺太永豐5C購01,2026-09-01,0.22,0.03,15.79,500000000,0,,是,,0.54,,,,,,
707063,台嘉碩國泰5B購01,2026-09-01,3.02,0.56,22.76,15000000,0,紅增,否,,2.76,2.73,2.84,,2.2255,4.0458,-20.0872
707066,元太富邦5C購01,2026-09-01,1.0,0.11,12.36,57000000,0,,是,,1.44,1.72,,,-28.4148,,
707067,雙鴻富邦5C購05,2026-09-01,2.21,0.36,19.46,85000000,0,紅增,是,,1.27,1.09,1.01,,39.1685,20.6402,-6.6421
707068,雙鴻富邦5C購06,2026-09-01,1.92,0.2,11.63,8000000,0,紅增,是,,1.21,1.03,1.01,,41.8224,22.9216,-3.9924
707070,台燿統一74購01,2026-09-01,2.76,0.11,4.15,20000000,0,紅縮,否,,2.98,2.78,2.94,,16.1994,3.197,-3.2593
707071,立碁統一67購01,2026-09-01,0.87,0.15,20.83,31000000,0,,否,,0.67,0.61,,,21.5328,,
707072,立碁統一74購01,2026-09-01,0.84,0.08,10.53,369000000,0,,是,,0.72,0.67,0.61,,17.6471,12.3103,
707073,印能統一63購02,2026-09-01,0.88,0.16,22.22,28000000,0,綠縮,否,,0.76,0.94,0.95,,-31.1712,-13.7201,-2.4177
707074,印能統一74購01,2026-09-01,1.52,0.08,5.56,35000000,0,綠增,是,,1.53,1.76,1.75,,-22.3684,-8.2113,-5.3528
707075,沛亨統一74購01,2026-09-01,0.65,0.06,10.17,152000000,0,紅增,是,,0.6,0.57,0.69,,10.2941,-4.9834,-18.1276
707077,東捷統一63購01,2026-09-01,1.57,0.16,11.35,10000000,0,,是,,2.13,2.72,,,-35.6927,-23.7293,
707078,能率統一67購01,2026-09-01,0.84,-0.03,-3.45,30000000,0,紅增,否,,0.84,0.75,0.83,,25.4491,3.4341,-2.8739
707079,華電網統一64購01,2026-09-01,0.15,0.0,0.0,10000000,0,綠縮,否,,0.16,0.17,0.21,,-11.3636,-13.5417,-15.8954
707080,華電網統一74購01,2026-09-01,0.36,0.0,0.0,100000000,0,綠轉紅,是,,0.35,0.34,0.39,,8.589,-6.5934,-8.8993
707082,順達統一63購03,2026-09-01,0.75,0.11,17.19,123000000,0,紅增,是,,0.56,0.57,0.64,,-6.0811,-2.5467,-15.5263
707083,頎邦統一63購01,2026-09-01,3.68,0.0,0.0,5000000,0,綠縮,是,,2.87,3.02,4.51,,-9.8742,-31.7453,-17.9079
707087,廣閎科統一74購01,2026-09-01,1.08,0.05,4.85,86000000,0,綠縮,是,,1.04,0.98,1.19,,14.4737,-6.6794,0.1265
707088,德微統一67購01,2026-09-01,1.33,0.09,7.26,81000000,0,,是,,1.28,1.71,,,-40.056,-21.1689,
707089,雙鴻統一62購05,2026-09-01,1.33,0.33,33.0,908000000,0,,是,,0.74,0.62,0.75,,47.6,-16.9128,-6.2694
707090,雙鴻統一66購02,2026-09-01,1.06,0.16,17.78,1751000000,0,紅增,是,,0.68,0.61,0.57,,24.5421,22.1116,1.5138
707093,友輝群益5A購01,2026-09-01,0.25,-0.1,-28.57,2000000,0,,否,,,,,,,,
707098,倚強群益5A購01,2026-09-01,1.46,-0.28,-16.09,1000000,0,紅增,否,,0.8,0.69,0.9,,36.5188,-21.8715,-10.3844
707102,寶雅群益5A購01,2026-09-01,4.53,-0.4,-8.11,1000000,0,,是,,5.42,4.26,3.3,,74.9354,42.8188,
707113,元太凱基5A購01,2026-09-01,1.41,0.14,11.02,2000000,0,,否,,2.6,,,,,,
707117,頎邦凱基64購01,2026-09-01,5.1,0.41,8.74,36000000,0,,是,,3.5,4.52,,,-36.787,-31.4481,
707118,廣閎科凱基5A購01,2026-09-01,3.67,0.9,32.49,19000000,0,,否,,3.56,,,,,,
707119,雙鴻凱基5C購05,2026-09-01,3.01,0.71,30.87,458000000,0,紅增,否,,1.37,1.2,1.01,,33.9181,31.0044,3.0738
707128,元太國泰5B購01,2026-09-01,1.36,0.11,8.8,94000000,0,,否,,1.55,2.08,,,-40.3226,-31.8807,
707129,宜特富邦5C購01,2026-09-01,0.59,0.04,7.27,434000000,0,,是,,0.52,0.58,0.73,,-17.0886,-14.497,
707133,正淩統一63購01,2026-09-01,0.44,-0.03,-6.38,144000000,0,紅增,否,,0.39,0.39,0.47,,-0.5155,-9.3677,-17.8947
707134,同致統一64購01,2026-09-01,0.24,0.01,4.35,2000000,0,,否,,0.29,0.31,0.39,,-12.1212,-18.8482,
707136,協易機統一66購01,2026-09-01,0.37,0.01,2.78,11000000,0,綠縮,否,,0.38,0.37,0.45,,4.3956,-14.4828,-10.338
707140,萬泰科統一74購01,2026-09-01,0.87,0.06,7.41,37000000,0,綠縮,是,,0.82,0.85,0.95,,-6.1785,-12.3188,-5.4645
707141,群翊統一63購01,2026-09-01,0.6,0.13,27.66,320000000,0,紅增,否,,0.52,0.54,0.57,,-6.4748,-3.0631,-10.4513
707142,群翊統一74購01,2026-09-01,0.48,0.04,9.09,10000000,0,紅增,否,,0.47,0.46,0.49,,2.193,-6.4909,-2.7532
707143,頎邦統一64購02,2026-09-01,2.64,0.11,4.35,9000000,0,,是,,3.06,3.45,,,-20.2604,-21.4253,
707144,頎邦統一67購01,2026-09-01,1.66,0.12,7.79,6000000,0,紅增,否,,1.4,1.24,1.66,,29.3358,-17.8453,-16.958
707146,均豪永豐5A購01,2026-09-01,2.17,0.36,19.89,46000000,0,,否,,1.56,,,,,,
707147,宏捷科永豐5C購01,2026-09-01,0.69,0.15,27.78,249000000,0,,是,,0.56,0.59,,,-7.541,-41.592,
707150,茂訊永豐5B購01,2026-09-01,2.6,0.01,0.39,25000000,0,綠增,是,,2.98,2.93,3.01,,3.4722,-5.0858,-3.7534
707152,湧德永豐5B購01,2026-09-01,0.42,-0.01,-2.33,70000000,0,,是,,0.37,0.49,,,-40.4531,-44.3567,
707159,九豪元大5A購01,2026-09-01,0.94,-0.02,-2.08,13000000,0,,是,,1.16,1.79,2.64,,-51.9901,-45.0262,
707164,翔名元大5A購01,2026-09-01,1.17,0.0,0.0,10000000,0,綠增,是,,1.79,3.09,3.58,,-59.1241,-27.5458,-6.827
707167,雙鴻元大61購12,2026-09-01,3.0,0.6,25.0,220000000,0,,是,,2.24,2.2,,,3.6145,4.8687,
707169,台燿凱基61購02,2026-09-01,5.8,0.2,3.57,14000000,0,,否,,4.9,5.29,6.45,,-13.5755,-19.5404,
707171,捷創凱基5A購01,2026-09-01,0.27,-0.06,-18.18,10000000,0,,,,,,,,,,
707174,華景電凱基5A購02,2026-09-01,0.34,0.13,61.9,100000000,0,綠縮,是,,0.41,0.53,1.13,,-37.1517,-51.3414,-27.9055
707175,鈊象凱基64購02,2026-09-01,1.11,-0.03,-2.63,11000000,0,綠增,否,,1.22,1.35,1.41,,-17.232,-6.263,-3.5495
707176,群翊凱基5C購01,2026-09-01,0.64,0.15,30.61,212000000,0,紅增,是,,0.66,0.67,0.89,,-3.8012,-18.469,-14.9038
707178,世界群益5C購01,2026-09-01,1.08,0.12,12.5,5000000,0,,否,,1.18,1.27,1.57,,-13.5294,-19.2357,
707184,陽程群益5A購01,2026-09-01,10.4,-0.6,-5.45,55000000,0,,否,,7.34,5.09,4.6,,157.6545,55.9877,
707188,安葆國票5B購01,2026-09-01,0.25,0.04,19.05,5000000,0,紅增,否,,0.23,0.14,0.16,,404.3478,124.1936,-6.9971
707189,華景電國票5B購01,2026-09-01,0.43,0.13,43.33,70000000,0,綠縮,否,,0.42,0.45,0.79,,-11.7647,-29.7806,-26.5278
707193,雙鴻國泰67購01,2026-09-01,4.36,0.86,24.57,933000000,0,紅增,是,,2.53,2.27,2.02,,25.1485,18.9331,2.1234
707194,久元統一64購01,2026-09-01,0.53,0.03,6.0,366000000,0,紅增,是,,0.49,0.49,0.62,,2.0833,-19.4352,-13.7282
707196,華景電統一64購01,2026-09-01,0.56,0.08,16.67,300000000,0,綠縮,是,,0.5,0.5,0.65,,-2.7451,-18.3442,-13.8158
707199,華景電統一68購01,2026-09-01,0.49,0.07,16.67,1000000,0,綠縮,是,,0.41,0.48,0.62,,-25.2708,-25.9939,-12.7196
707200,華景電統一74購01,2026-09-01,0.6,0.05,9.09,16000000,0,綠縮,否,,0.55,0.56,0.66,,-3.169,-13.1988,-8.4722
707203,群翊統一64購01,2026-09-01,0.53,0.05,10.42,100000000,0,,否,,0.52,0.61,0.64,,-26.7606,-12.3932,-13.1402
707204,群翊統一74購02,2026-09-01,0.62,0.01,1.64,5000000,0,綠轉紅,否,,0.63,0.63,0.68,,-0.0,-6.8249,-2.6466
707205,頎邦統一64購03,2026-09-01,2.38,0.3,14.42,11000000,0,紅增,否,,2.03,2.06,2.58,,-3.5238,-13.5735,-20.1577
707213,良維元大5B購01,2026-09-01,1.96,0.28,16.67,33000000,0,,是,,1.32,1.25,,,11.7148,,
707214,東捷元大5A購01,2026-09-01,3.53,0.4,12.78,1000000,0,,否,,5.84,,,,,,
707217,華景電元大5A購02,2026-09-01,0.31,0.0,0.0,138000000,0,綠縮,否,,0.37,0.5,0.95,,-40.8946,-41.2043,-27.1082
707218,順達元大5A購07,2026-09-01,1.6,0.26,19.4,190000000,0,綠轉紅,否,,1.57,1.38,1.81,,31.4381,-10.8822,-10.9936
707220,群翊元大5A購01,2026-09-01,0.12,0.01,9.09,100000000,0,紅縮,是,,0.2,0.26,0.46,,-34.8387,-37.561,-22.2128
707221,雙鴻元大64購02,2026-09-01,3.03,0.43,16.54,198000000,0,紅增,否,,1.92,1.78,1.57,,17.1742,18.0013,3.247
707222,世界永豐61購01,2026-09-01,1.64,0.2,13.89,56000000,0,綠縮,否,,1.76,1.86,2.39,,-10.0,-19.845,-4.0538
707227,華景電永豐5C購01,2026-09-01,1.04,0.22,26.83,95000000,0,綠轉紅,是,,0.9,0.84,1.08,,14.5038,-6.3333,-18.7029
707228,華景電永豐61購01,2026-09-01,0.69,0.04,6.15,7000000,0,,是,,0.89,1.46,,,-56.3851,-28.8218,
707231,順達兆豐5C購01,2026-09-01,0.69,0.12,21.05,18000000,0,綠轉紅,是,,0.48,0.46,0.73,,11.5207,-27.1429,-13.0719
707232,安葆凱基5A購01,2026-09-01,0.34,0.08,30.77,2000000,0,,是,,0.23,0.25,0.43,,-15.5556,-33.4225,
707237,頎邦凱基5B購01,2026-09-01,4.2,0.37,9.66,5000000,0,紅增,否,,3.28,2.62,4.6,,67.62,-32.4394,-26.8246
707238,廣閎科凱基5A購02,2026-09-01,1.31,0.19,16.96,38000000,0,綠縮,是,,1.25,2.12,3.13,,-58.2609,-41.7537,-4.4607
707239,雙鴻凱基5A購06,2026-09-01,0.84,0.53,170.97,224000000,0,,是,,0.28,0.21,0.3,,86.6667,10.8247,-30.5814
707245,順達元大64購02,2026-09-01,0.86,0.09,11.69,2000000,0,,否,,0.99,1.14,1.22,,-22.5,-10.1266,
707246,鈊象元大61購01,2026-09-01,1.02,-0.08,-7.27,78000000,0,紅縮,否,,1.52,1.41,1.38,,16.4363,12.6299,1.0989
707247,新盛力元大5A購01,2026-09-01,3.72,0.1,2.76,5000000,0,紅縮,否,,4.08,3.28,3.63,,65.0485,4.3312,-1.01
707248,萬泰科元大5A購01,2026-09-01,0.35,0.05,16.67,601000000,0,綠縮,是,,0.34,0.4,0.77,,-26.087,-45.9459,-22.3631
707251,順達國票5B購02,2026-09-01,0.64,0.13,25.49,221000000,0,綠轉紅,否,,0.39,0.47,0.72,,-29.304,-28.0864,-23.0319
707253,新盛力國票5B購01,2026-09-01,4.3,0.05,1.18,3000000,0,紅增,否,,4.4,3.33,3.7,,94.6065,13.0641,-2.6427
707255,宏捷科國泰5B購01,2026-09-01,0.37,0.07,23.33,25000000,0,紅增,否,,0.36,0.4,0.58,,-17.0507,-21.6963,-24.4329
707258,東捷永豐64購01,2026-09-01,2.66,0.26,10.83,201000000,0,,是,,2.7,3.2,,,-26.8939,-27.2127,
707263,萬泰科永豐64購01,2026-09-01,0.85,0.04,4.94,111000000,0,綠縮,是,,0.78,0.94,1.18,,-29.9639,-26.1176,-11.3867
707265,宏捷科統一74購01,2026-09-01,0.4,0.03,8.11,32000000,0,綠縮,是,,0.37,0.39,0.5,,-12.381,-25.3788,-13.6364
707266,東捷統一64購02,2026-09-01,1.19,0.13,12.26,180000000,0,綠縮,是,,1.06,1.15,1.75,,-14.9758,-37.0411,-19.4298
707268,華景電統一63購01,2026-09-01,0.48,0.12,33.33,929000000,0,紅增,是,,0.39,0.39,0.42,,-2.5126,3.9683,-20.6078
707269,勤凱統一74購01,2026-09-01,0.75,0.03,4.17,22000000,0,綠縮,是,,0.68,0.7,0.94,,-4.2254,-21.5576,-18.007
707272,新盛力統一74購01,2026-09-01,1.29,-0.11,-7.86,1000000,0,紅縮,否,,1.34,1.14,1.23,,42.0719,2.5067,0.7368
707273,新盛力統一74購02,2026-09-01,1.25,0.01,0.81,238000000,0,紅增,否,,1.15,1.0,1.06,,33.8785,9.7588,-0.8427
707274,群翊統一64購02,2026-09-01,0.43,0.07,19.44,1000000,0,綠轉紅,否,,0.42,0.42,0.51,,-1.4151,-17.2888,-8.7688
707276,頎邦統一74購01,2026-09-01,1.27,0.12,10.43,4000000,0,紅增,否,,1.1,0.98,1.15,,28.271,-4.1217,-11.068
707277,廣閎科統一74購02,2026-09-01,0.84,0.08,10.53,18000000,0,,是,,0.75,0.81,0.99,,-13.9908,-24.9074,-0.7049
707278,德微統一64購01,2026-09-01,0.93,0.08,9.41,416000000,0,,是,,0.83,0.84,1.24,,-1.1848,-26.6608,-18.5051
707281,台星科凱基5A購01,2026-09-01,0.36,0.04,12.5,189000000,0,綠縮,是,,0.34,0.57,0.8,,-56.5657,-41.5036,-15.939
707283,均豪凱基5B購01,2026-09-01,0.19,-0.02,-9.52,305000000,0,,是,,0.29,0.48,0.56,,-56.5476,-16.0279,
707285,旺矽凱基5A購04,2026-09-01,0.62,-0.37,-37.37,42000000,0,綠增,否,,1.71,1.51,2.22,,30.7339,-8.8768,-14.3326
707290,均豪兆豐5C購01,2026-09-01,0.54,0.13,31.71,20000000,0,綠轉紅,否,,0.29,0.29,0.44,,3.5461,-20.4986,-12.0482
707291,雙鴻兆豐5C購01,2026-09-01,1.8,0.3,20.0,1000000,0,綠轉紅,否,,0.9,0.73,0.88,,56.0976,-2.9062,-5.7878
707297,台燿元大5A購08,2026-09-01,3.16,0.33,11.66,2000000,0,,是,,4.09,3.32,4.41,,60.4706,-20.9286,
707298,台燿元大5A購09,2026-09-01,2.06,0.16,8.42,13000000,0,紅縮,否,,2.59,2.11,2.33,,58.6291,26.5269,-9.6856
707299,台燿元大61購06,2026-09-01,2.49,0.0,0.0,51000000,0,紅縮,否,,2.8,2.71,2.14,,7.2686,29.8658,-1.3398
707302,信驊元大5B購01,2026-09-01,3.34,0.93,38.59,120000000,0,綠轉紅,是,,2.88,3.03,3.08,,-9.194,0.3644,-12.1847
707305,頎邦元大63購06,2026-09-01,2.67,0.19,7.66,10000000,0,,是,,2.94,,,,,,
707306,台燿永豐5C購03,2026-09-01,4.33,0.46,11.89,123000000,0,紅縮,是,,4.56,3.76,4.43,,53.6076,14.4901,-10.5704
707307,台燿永豐64購02,2026-09-01,3.76,0.28,8.05,1025000000,0,綠縮,是,,3.86,3.66,4.54,,11.4253,-14.7312,-6.3538
707308,台燿永豐67購01,2026-09-01,4.29,0.26,6.45,317000000,0,綠縮,是,,3.95,4.44,4.97,,-19.8297,-18.4022,-7.0353
707310,安葆永豐5C購01,2026-09-01,0.31,0.06,24.0,11000000,0,,是,,0.27,0.19,0.27,,163.4615,-5.5,
707311,均豪永豐5C購01,2026-09-01,0.48,0.0,0.0,71000000,0,紅增,是,,0.41,0.42,0.55,,-2.3697,-10.515,-12.5997
707312,良維永豐5C購01,2026-09-01,1.94,0.05,2.65,173000000,0,,是,,1.49,1.53,2.3,,-5.203,-7.9184,-30.9148
707313,旺矽永豐5A購03,2026-09-01,0.74,0.25,51.02,341000000,0,綠增,是,,1.01,1.45,1.79,,-46.723,-19.9779,-26.8971
707314,旺矽永豐61購03,2026-09-01,1.56,0.38,32.2,53000000,0,綠增,是,,1.93,2.12,2.6,,-16.1599,-21.8323,-12.2404
707315,旺矽永豐64購02,2026-09-01,2.51,0.43,20.67,318000000,0,綠增,是,,2.81,3.11,3.53,,-17.5367,-18.8152,-6.6429
707316,長科*永豐5A購01,2026-09-01,1.77,-0.15,-7.81,108000000,0,綠縮,是,,2.18,2.02,3.16,,16.4706,-21.3064,-19.782
707317,信驊永豐5A購03,2026-09-01,1.96,0.7,55.56,170000000,0,紅增,是,,1.46,1.88,1.61,,-36.014,-1.367,-6.4946
707320,翔名永豐5B購02,2026-09-01,0.44,0.02,4.76,10000000,0,綠縮,否,,0.51,0.58,0.88,,-20.1863,-29.3902,-20.7581
707323,均豪國泰61購01,2026-09-01,1.33,0.18,15.65,25000000,0,紅增,否,,0.96,0.83,1.04,,36.4672,-3.6005,-13.1086
707326,台燿富邦64購01,2026-09-01,1.76,0.14,8.64,10000000,0,紅增,是,,1.67,1.57,1.82,,14.8148,-3.9853,-15.4007
707327,旺矽富邦5C購01,2026-09-01,0.86,0.17,24.64,2243000000,0,綠增,是,,1.09,1.18,1.55,,-14.7105,-26.1385,-12.1882
707328,旺矽富邦64購01,2026-09-01,1.1,0.17,18.28,2500000000,0,綠增,是,,1.36,1.47,1.59,,-14.2857,-3.7983,-10.3797
707329,群翊富邦62購01,2026-09-01,0.56,0.11,24.44,454000000,0,紅增,是,,0.53,0.52,0.61,,3.1008,-4.3796,-10.6105
707330,台燿國票5B購05,2026-09-01,4.55,0.25,5.81,19000000,0,紅縮,否,,5.2,5.38,4.74,,-6.2342,15.5847,-10.3001
707331,台燿統一63購01,2026-09-01,2.35,0.18,8.29,1000000,0,紅縮,否,,2.66,2.03,2.2,,88.6364,28.3639,-3.9781
707332,台燿統一64購03,2026-09-01,1.45,0.15,11.54,1000000,0,紅縮,否,,1.6,1.45,1.41,,24.186,19.0123,-4.7087
707333,台燿統一64購04,2026-09-01,2.15,0.09,4.37,26000000,0,紅縮,否,,2.27,2.26,2.13,,1.0686,16.3918,-7.5065
707334,台燿統一66購02,2026-09-01,1.68,-0.37,-18.05,754000000,0,紅縮,是,,1.87,1.89,1.63,,-1.8888,18.5185,-4.4066
707335,台燿統一74購02,2026-09-01,1.53,0.11,7.75,231000000,0,紅縮,是,,1.59,1.6,1.45,,-1.3631,14.9928,-5.9968
707336,台燿統一74購03,2026-09-01,1.07,0.02,1.9,103000000,0,綠增,否,,1.12,1.15,1.19,,-4.1026,-6.0656,-3.3712
707337,巨漢統一63購02,2026-09-01,0.3,0.02,7.14,292000000,0,綠縮,否,,0.31,0.3,0.46,,5.4054,-29.1375,-18.9929
707338,巨漢統一74購01,2026-09-01,0.39,0.01,2.63,10000000,0,,否,,0.43,0.49,0.52,,-22.4638,-11.5523,
707339,均豪統一64購01,2026-09-01,0.53,0.08,17.78,184000000,0,綠轉紅,是,,0.4,0.4,0.47,,-0.0,-9.0909,-4.1456
707340,旺矽統一63購06,2026-09-01,1.21,0.26,27.37,66000000,0,綠增,否,,1.25,1.4,1.57,,-19.171,-9.4682,-12.4232
707341,旺矽統一64購01,2026-09-01,1.11,0.12,12.12,49000000,0,綠增,否,,1.18,1.43,1.53,,-29.4749,-10.6316,-13.2824
707342,東捷統一74購01,2026-09-01,0.65,0.06,10.17,25000000,0,綠縮,否,,0.6,0.63,0.74,,-10.7463,-9.5578,-15.0513
707343,前鼎統一64購01,2026-09-01,2.09,0.24,12.97,93000000,0,紅增,否,,1.14,1.02,0.92,,24.2888,25.1526,-2.2424
707345,華景電統一74購02,2026-09-01,0.66,0.05,8.2,211000000,0,,是,,0.63,0.74,0.79,,-26.4637,-13.7369,
707346,順達統一64購01,2026-09-01,0.67,0.07,11.67,75000000,0,綠縮,否,,0.51,0.57,0.69,,-19.9367,-19.9719,-13.1827
707347,勤凱統一74購02,2026-09-01,0.82,0.04,5.13,94000000,0,綠縮,否,,0.77,0.79,1.01,,-4.6798,-20.6206,-16.02
707348,新盛力統一63購01,2026-09-01,2.42,-0.11,-4.35,5000000,0,紅增,否,,2.56,1.97,2.18,,83.6207,4.8327,0.392
707350,新盛力統一74購03,2026-09-01,1.92,0.05,2.67,2000000,0,紅增,否,,1.96,1.57,1.63,,65.8784,19.2424,0.092
707352,頎邦統一74購02,2026-09-01,1.34,0.1,8.06,162000000,0,紅增,否,,1.18,1.08,1.25,,20.4499,-1.5525,-9.8082
707353,頎邦統一74購03,2026-09-01,1.33,0.05,3.91,81000000,0,紅增,否,,1.15,1.09,1.16,,11.8217,3.6019,-10.5182
707356,廣閎科統一74購03,2026-09-01,1.2,0.07,6.19,362000000,0,,是,,1.09,1.16,1.14,,-10.9299,-4.5305,
707357,勤凱台新5A購01,2026-09-01,0.87,0.2,29.85,120000000,0,綠轉紅,是,,0.89,0.74,1.97,,52.0408,-53.4255,-31.9661
707359,元太凱基5A購02,2026-09-01,1.21,-0.13,-9.7,3000000,0,綠增,否,,1.73,2.65,3.51,,-51.5406,-31.4537,-16.0727
707360,宏捷科凱基5A購01,2026-09-01,0.36,0.1,38.46,1000000,0,綠縮,是,,0.32,0.4,0.81,,-34.1564,-46.2667,-31.6344
707361,宜特凱基61購01,2026-09-01,0.67,0.05,8.06,37000000,0,綠縮,否,,0.64,0.73,1.12,,-21.2714,-25.1025,-20.2428
707362,信紘科凱基5A購01,2026-09-01,0.14,-0.02,-12.5,30000000,0,綠增,否,,0.35,0.57,1.03,,-56.5,-47.484,-21.3875
707364,頎邦凱基63購01,2026-09-01,3.54,0.42,13.46,26000000,0,紅增,否,,2.9,2.64,3.28,,21.8487,-3.6145,-17.8839
707366,衛司特凱基5B購01,2026-09-01,0.23,-0.07,-23.33,10000000,0,,是,,0.42,0.67,,,-53.5242,,
707369,鈊象中信5C購02,2026-09-01,0.13,-0.02,-13.33,30000000,0,綠增,是,,0.28,0.28,0.35,,-4.7945,-11.7647,-13.5635
707370,立碁永豐5C購01,2026-09-01,1.05,0.28,36.36,969000000,0,,是,,0.73,0.66,,,25.7732,-1.6467,
707371,前鼎永豐61購02,2026-09-01,1.56,0.29,22.83,100000000,0,紅增,是,,0.86,0.76,0.7,,31.4024,21.44,-3.5714
707373,聖暉*永豐5C購01,2026-09-01,1.38,0.14,11.29,37000000,0,,是,,1.35,1.79,,,-39.7676,-21.6346,
707374,頎邦永豐61購01,2026-09-01,1.88,0.15,8.67,292000000,0,紅增,否,,1.53,1.44,1.62,,14.8204,2.6466,-17.0894
707379,前鼎國票5B購02,2026-09-01,3.15,0.71,29.1,3000000,0,,否,,1.39,1.74,,,-33.6842,-34.0668,
707380,群翊國票5B購02,2026-09-01,0.43,0.05,13.16,10000000,0,,否,,0.87,1.03,,,-26.5546,-25.4335,
707381,頎邦國票5B購04,2026-09-01,2.49,0.31,14.22,1000000,0,紅增,否,,1.92,1.62,2.52,,46.4939,-25.5525,-27.1887
707382,廣閎科國票5B購03,2026-09-01,1.08,0.13,13.68,903000000,0,綠縮,是,,1.09,1.87,2.45,,-58.9259,-36.4349,-2.2147
707383,衛司特國票5B購02,2026-09-01,0.16,-0.01,-5.88,10000000,0,,是,,0.15,0.21,0.34,,-47.482,-43.1635,-27.263
707394,廣閎科群益5B購01,2026-09-01,2.11,0.27,14.67,823000000,0,綠縮,是,,1.65,1.95,3.04,,-26.5597,-22.3464,-23.0108
707397,天品元大61購01,2026-09-01,0.17,0.0,0.0,10000000,0,綠增,是,,0.31,0.34,0.4,,-17.0213,-15.4791,-5.9172
707398,東捷元大5A購02,2026-09-01,0.61,0.1,19.61,10000000,0,綠縮,是,,0.51,1.11,1.97,,-70.6156,-54.0429,-27.0621
707399,勤凱元大5A購03,2026-09-01,0.63,0.13,26.0,45000000,0,綠縮,是,,0.67,0.74,1.85,,-16.4589,-55.8753,-33.2852
707407,巨漢統一74購02,2026-09-01,0.56,0.02,3.7,13000000,0,,否,,0.73,0.81,,,-18.018,-9.922,
707408,安葆統一74購01,2026-09-01,0.64,0.01,1.59,23000000,0,,是,,0.63,0.54,0.59,,42.3423,3.263,
707409,均豪統一63購02,2026-09-01,0.51,-0.02,-3.77,670000000,0,綠轉紅,是,,0.44,0.43,0.52,,1.8692,-6.087,-5.3114
707410,均豪統一74購01,2026-09-01,0.51,0.03,6.25,202000000,0,綠縮,是,,0.44,0.47,0.5,,-13.834,-12.1269,-7.0159
707413,東捷統一74購02,2026-09-01,0.85,0.06,7.59,12000000,0,綠縮,是,,0.85,0.82,1.01,,7.888,-11.4843,-11.7931
707414,前鼎統一74購01,2026-09-01,1.13,0.1,9.71,153000000,0,紅增,是,,0.76,0.71,0.67,,12.5,16.0976,-2.0588
707416,順達統一64購02,2026-09-01,0.62,0.08,14.81,31000000,0,,是,,0.53,0.55,0.72,,-5.6537,-21.4286,
707417,萬泰科統一74購02,2026-09-01,0.79,0.04,5.33,9000000,0,綠縮,否,,0.76,0.87,0.92,,-21.2371,-10.7106,-6.4155
707418,群翊統一74購03,2026-09-01,0.64,0.06,10.34,109000000,0,,是,,0.58,0.62,0.69,,-13.7725,-9.9855,
707422,頎邦富邦61購02,2026-09-01,1.75,0.11,6.71,31000000,0,紅增,否,,1.42,1.33,1.5,,15.4221,3.1882,-17.1452
707423,廣閎科富邦5B購01,2026-09-01,0.93,0.15,19.23,435000000,0,綠縮,是,,0.75,0.92,1.66,,-31.9343,-50.0271,-13.5368
707426,千附精永豐5B購01,2026-09-01,2.93,0.29,10.98,14000000,0,紅增,否,,2.21,1.72,2.0,,80.3922,11.6461,-2.8627
707428,兆利永豐5A購01,2026-09-01,0.05,-0.02,-28.57,30000000,0,綠縮,是,,0.08,0.09,0.21,,-25.9259,-45.0292,-43.0894
707429,沛亨永豐61購01,2026-09-01,0.53,0.08,17.78,10000000,0,綠轉紅,否,,0.36,0.43,0.88,,-30.7393,-44.3734,-24.8397
707431,朋億*永豐5B購01,2026-09-01,0.87,-0.09,-9.38,30000000,0,,是,,1.21,2.3,,,-64.5085,-5.5008,
707434,陽程永豐5B購01,2026-09-01,5.2,-0.6,-10.34,54000000,0,紅縮,是,,4.98,3.39,2.57,,175.9424,95.3341,43.3436
707435,萬泰科永豐5C購02,2026-09-01,0.89,0.06,7.23,68000000,0,綠縮,是,,0.93,1.41,1.61,,-50.5845,-25.2128,-13.1359
707437,穩得永豐5C購01,2026-09-01,0.36,0.03,9.09,176000000,0,紅增,是,,0.35,0.27,0.45,,87.0968,-16.5625,-21.7277
707439,台星科群益61購01,2026-09-01,0.98,0.02,2.08,35000000,0,綠縮,否,,0.94,1.07,1.32,,-21.3689,-25.2793,-12.9917
707442,湧德群益61購02,2026-09-01,0.32,0.0,0.0,28000000,0,綠縮,否,,0.33,0.45,0.49,,-43.5986,-18.264,-11.3901
707449,立碁國泰5B購01,2026-09-01,2.05,0.05,2.5,67000000,0,紅增,是,,1.37,1.16,1.02,,43.7895,39.6864,-1.4023
707452,穩得國泰5B購02,2026-09-01,0.43,0.01,2.38,20000000,0,綠縮,否,,0.36,0.49,0.7,,-42.492,-29.7721,-22.1111
707453,千附統一64購01,2026-09-01,0.71,0.01,1.43,30000000,0,綠縮,否,,0.77,0.84,1.06,,-16.7028,-23.9424,2.0683
707454,千附精統一74購01,2026-09-01,1.14,0.03,2.7,1699000000,0,紅增,是,,0.97,0.91,0.91,,12.3256,11.2058,-0.2203
707455,台星科統一74購01,2026-09-01,0.84,0.02,2.44,7000000,0,,是,,0.77,0.76,0.81,,2.381,-7.1602,-0.4308
707458,正淩統一74購01,2026-09-01,0.44,-0.01,-2.22,208000000,0,,否,,0.41,0.46,,,-20.0,-16.8478,
707461,金山電統一74購01,2026-09-01,1.42,0.1,7.58,172000000,0,,否,,1.39,1.63,,,-25.2146,,
707463,美琪瑪統一63購01,2026-09-01,0.52,0.0,0.0,6000000,0,綠縮,是,,0.51,0.67,0.84,,-38.1643,-27.0947,-10.6878
707465,湧德統一64購01,2026-09-01,0.34,0.01,3.03,65000000,0,綠轉紅,否,,0.29,0.29,0.34,,0.7042,-18.1034,-8.5447
707466,湧德統一64購02,2026-09-01,0.31,-0.01,-3.12,490000000,0,綠縮,是,,0.27,0.3,0.34,,-15.0,-18.6813,-7.5168
707467,陽程統一66購01,2026-09-01,2.65,-0.31,-10.47,1000000,0,紅增,否,,2.41,1.75,1.3,,121.6912,91.048,32.9237
707470,順達統一74購01,2026-09-01,0.66,0.06,10.0,450000000,0,紅增,是,,0.62,0.55,0.64,,30.1255,-4.5139,-3.994
707471,新應材統一67購01,2026-09-01,0.38,0.03,8.57,10000000,0,紅增,否,,0.36,0.36,0.42,,-0.5587,-10.0756,-9.9042
707472,聖暉*統一63購01,2026-09-01,0.75,0.09,13.64,3444000000,0,,是,,1.85,1.91,,,-6.1038,13.5876,
707474,蜜望實統一74購01,2026-09-01,1.0,0.02,2.04,103000000,0,紅增,否,,0.98,0.95,1.01,,7.4236,-0.9385,-13.7356
707476,台星科凱基5A購02,2026-09-01,0.78,0.06,8.33,221000000,0,,是,,0.85,1.18,1.44,,-43.9314,-21.8626,
707478,立碁凱基5A購01,2026-09-01,1.41,0.48,51.61,77000000,0,,否,,0.91,,,,,,
707482,順達凱基5C購01,2026-09-01,1.79,0.22,14.01,22000000,0,綠縮,否,,1.2,1.34,1.84,,-19.2463,-21.691,-15.3545
707484,萬泰科凱基5A購01,2026-09-01,0.19,0.04,26.67,30000000,0,綠縮,否,,0.21,0.32,0.59,,-50.463,-48.32,-22.7716
707485,群翊凱基61購01,2026-09-01,0.41,0.08,24.24,2000000,0,紅增,否,,0.37,0.4,0.6,,-14.8148,-27.6673,-17.8645
707495,沛亨元大5A購02,2026-09-01,0.78,0.16,25.81,588000000,0,,是,,0.66,0.88,,,-40.3255,,
707496,沛亨元大5A購03,2026-09-01,0.58,0.11,23.4,483000000,0,,是,,0.49,0.5,1.24,,-3.937,-41.8903,
707504,新應材元大5A購04,2026-09-01,0.45,0.09,25.0,683000000,0,紅增,是,,0.44,0.53,0.68,,-30.0319,-16.3522,-26.5836
707505,新應材元大5A購05,2026-09-01,0.43,0.05,13.16,106000000,0,,是,,0.74,1.08,,,-47.8138,-34.1672,
707506,新應材元大5C購01,2026-09-01,0.53,0.08,17.78,53000000,0,,是,,0.6,0.75,1.01,,-32.8889,-30.5633,-23.702
707507,新應材元大61購04,2026-09-01,0.37,0.05,15.62,40000000,0,,否,,0.55,0.77,1.13,,-44.8898,-33.7329,
707512,東捷國票5A購02,2026-09-01,0.89,0.2,28.99,140000000,0,綠轉紅,是,,0.77,0.85,1.72,,-17.0259,-40.7537,-41.1001
707514,萬泰科國票5B購01,2026-09-01,0.8,0.03,3.9,1585000000,0,綠縮,是,,0.79,0.91,1.61,,-23.3918,-40.2375,-21.2521
707515,榮田國票5A購01,2026-09-01,0.31,0.1,47.62,226000000,0,紅增,否,,0.33,0.36,0.54,,-18.5,-36.4273,-31.4286
707517,宏捷科富邦5C購02,2026-09-01,0.24,0.04,20.0,1000000,0,紅增,否,,0.21,0.24,0.33,,-18.3206,-18.2131,-24.5714
707519,家登富邦5C購01,2026-09-01,1.64,0.38,30.16,26000000,0,,是,,1.13,1.38,,,-31.1355,,
707521,新應材富邦61購02,2026-09-01,0.2,0.05,33.33,20000000,0,,否,,0.22,0.29,0.49,,-38.8889,-39.9586,-27.4003
707522,萬泰科富邦5B購01,2026-09-01,0.46,0.05,12.2,126000000,0,綠縮,是,,0.42,0.43,0.71,,-1.8605,-36.036,-17.3099
707523,雙鴻富邦5C購07,2026-09-01,1.78,0.37,26.24,16000000,0,紅增,否,,0.98,0.85,0.74,,35.9331,22.3988,2.8512
707524,雙鴻富邦5C購08,2026-09-01,1.47,0.35,31.25,613000000,0,紅增,是,,0.8,0.69,0.66,,40.0697,27.8293,-4.552
707525,譜瑞富邦5C購02,2026-09-01,0.76,0.01,1.33,199000000,0,,是,,1.39,,,,,,
707526,千附精凱基5A購01,2026-09-01,2.98,-0.3,-9.15,16000000,0,綠轉紅,否,,2.51,2.17,2.7,,37.9121,-15.231,-4.9446
707527,元太凱基61購01,2026-09-01,0.77,0.07,10.0,97000000,0,綠縮,否,,0.84,1.21,1.6,,-46.242,-31.4983,-21.7625
707528,均豪凱基5A購01,2026-09-01,0.18,-0.01,-5.26,655000000,0,綠縮,是,,0.29,0.49,0.61,,-58.8571,-35.7607,-27.0077
707533,華景電凱基5A購03,2026-09-01,0.24,0.08,50.0,88000000,0,綠縮,是,,0.25,0.29,0.94,,-22.6994,-65.3477,-31.8545
707534,陽程凱基63購01,2026-09-01,6.35,0.15,2.42,39000000,0,,是,,4.53,3.07,2.77,,181.7164,61.0178,
707538,弘塑國票5B購01,2026-09-01,0.08,0.0,0.0,678000000,0,綠縮,否,,0.08,0.11,0.31,,-44.5946,-58.7814,-43.5023
707541,前鼎國票5B購03,2026-09-01,1.91,0.31,19.38,265000000,0,紅增,是,,0.74,0.65,0.68,,29.4737,29.7619,-25.4367
707542,陽程國票5A購01,2026-09-01,7.1,-1.3,-15.48,4000000,0,紅縮,否,,6.88,4.49,3.11,,227.3073,160.0463,56.1043
707543,新應材國票5A購04,2026-09-01,0.33,0.03,10.0,10000000,0,,否,,,,,,,,
707544,弘塑永豐5B購03,2026-09-01,0.11,0.0,0.0,33000000,0,綠縮,否,,0.12,0.12,0.23,,7.0175,-40.7035,-36.7832
707546,弘塑永豐61購02,2026-09-01,0.3,0.02,7.14,81000000,0,綠縮,否,,0.32,0.57,0.93,,-61.1247,-42.7996,-20.1029
707547,弘塑永豐64購01,2026-09-01,0.26,0.02,8.33,23000000,0,綠縮,否,,0.25,0.28,0.42,,-14.7651,-32.5183,-28.0746
707548,新應材永豐5B購02,2026-09-01,0.23,0.07,43.75,20000000,0,綠縮,否,,0.26,0.39,0.61,,-48.0315,-42.042,-27.4087
707550,新應材永豐64購01,2026-09-01,0.39,0.07,21.88,8000000,0,綠增,否,,0.45,0.57,0.68,,-33.8192,-18.3381,-18.5363
707552,台星科台新5A購01,2026-09-01,0.69,0.05,7.81,550000000,0,紅增,否,,0.61,0.62,0.75,,-2.5641,-7.3684,-27.2241
707554,弘塑台新5A購02,2026-09-01,0.09,0.04,80.0,1000000,0,綠縮,否,,0.1,0.23,0.54,,-72.3164,-51.0823,-35.9384
707556,前鼎台新5A購01,2026-09-01,2.99,0.98,48.76,4000000,0,紅增,否,,1.15,1.06,0.88,,20.2505,34.3949,-9.0627
707559,新應材台新5A購02,2026-09-01,0.29,-0.01,-3.33,380000000,0,紅增,是,,0.37,0.39,0.74,,-8.867,-35.2254,-28.1144
707560,群翊台新5A購01,2026-09-01,0.38,0.04,11.76,1000000,0,,否,,0.66,0.93,1.31,,-45.515,-24.3902,
707564,弘塑群益5A購04,2026-09-01,0.04,-0.03,-42.86,6000000,0,綠縮,否,,0.12,0.34,0.84,,-77.3723,-61.3349,-22.7564
707565,弘塑群益5C購01,2026-09-01,0.18,0.02,12.5,100000000,0,綠縮,否,,0.19,0.28,0.81,,-48.1283,-56.4417,-32.0993
707566,萬泰科群益5A購02,2026-09-01,0.46,0.03,6.98,1303000000,0,綠縮,是,,0.57,1.04,1.43,,-62.1838,-38.5027,-18.2026
707568,弘塑國泰61購01,2026-09-01,0.46,0.08,21.05,82000000,0,綠縮,否,,0.44,0.46,0.79,,-7.5,-38.4,-31.003
707569,弘塑國泰61購02,2026-09-01,0.35,0.05,16.67,7000000,0,綠縮,否,,0.34,0.38,0.65,,-18.2692,-38.6364,-32.6289
707572,弘塑富邦5C購02,2026-09-01,0.21,0.05,31.25,58000000,0,綠縮,否,,0.18,0.23,0.42,,-37.1429,-43.2836,-36.3841
707573,弘塑富邦64購01,2026-09-01,0.21,0.01,5.0,54000000,0,綠轉紅,否,,0.18,0.22,0.31,,-29.2308,-25.2525,-27.7843
707574,前鼎富邦5C購01,2026-09-01,1.85,0.45,32.14,41000000,0,,否,,0.84,0.75,0.68,,27.2727,30.4348,-14.7059
707576,中美晶統一64購01,2026-09-01,1.49,0.18,13.74,1000000,0,綠縮,否,,1.44,1.57,1.87,,-15.5738,-24.9643,3.4292
707577,元太統一64購01,2026-09-01,0.67,0.04,6.35,444000000,0,綠縮,否,,0.7,0.87,0.98,,-32.5626,-20.2752,-13.7221
707578,元太統一74購01,2026-09-01,1.0,0.04,4.17,39000000,0,綠縮,否,,1.02,1.13,1.24,,-18.1965,-14.1445,-8.3272
707579,弘塑統一62購02,2026-09-01,0.17,0.01,6.25,534000000,0,綠轉紅,否,,0.14,0.17,0.29,,-27.2727,-36.6667,-33.4096
707580,弘塑統一64購01,2026-09-01,0.24,0.04,20.0,115000000,0,綠轉紅,否,,0.21,0.24,0.34,,-22.963,-25.5452,-27.0968
707581,弘塑統一64購02,2026-09-01,0.18,0.01,5.88,4000000,0,綠增,否,,0.27,0.33,0.53,,-32.8283,-42.5347,-11.6513
707584,兆利統一74購01,2026-09-01,0.37,-0.01,-2.63,2000000,0,,否,,0.33,0.36,,,-12.5654,-13.9423,
707589,前鼎統一63購02,2026-09-01,1.69,0.35,26.12,18000000,0,紅增,否,,0.95,0.69,0.77,,121.4953,31.8008,-12.3366
707592,陽程統一64購03,2026-09-01,2.85,-0.27,-8.65,140000000,0,紅增,是,,2.46,1.72,1.44,,153.8144,73.3333,26.0262
707596,臺慶科統一64購01,2026-09-01,1.09,0.04,3.81,41000000,0,紅增,否,,1.1,1.06,1.31,,9.0909,-3.2022,-20.3472
707598,蜜望實統一64購01,2026-09-01,1.79,0.23,14.74,10000000,0,綠縮,是,,1.61,2.1,2.71,,-37.4903,-24.3419,-11.1567
707599,蜜望實統一74購02,2026-09-01,1.18,0.01,0.85,5000000,0,綠轉紅,否,,1.14,1.06,1.24,,15.587,-3.2698,-13.3754
707600,環球晶統一63購03,2026-09-01,2.55,0.38,17.51,1000000,0,綠縮,否,,2.75,2.56,3.57,,15.8249,-17.2903,-6.1053
707601,弘塑元大5A購02,2026-09-01,0.05,-0.08,-61.54,12000000,0,綠縮,否,,0.15,0.45,0.92,,-80.5263,-60.453,-21.632
707602,弘塑元大61購01,2026-09-01,0.3,0.02,7.14,1000000,0,綠縮,否,,0.32,0.39,0.74,,-31.0044,-42.7515,-21.4134
707603,立碁元大5C購01,2026-09-01,0.49,0.25,104.17,291000000,0,,是,,0.28,0.25,0.28,,32.7103,-0.4,-17.6211
707605,宜特元大5C購02,2026-09-01,0.16,0.01,6.67,23000000,0,綠縮,否,,0.2,0.32,0.48,,-53.6697,-37.451,-20.462
707606,前鼎元大5A購03,2026-09-01,1.97,0.46,30.46,25000000,0,,否,,0.88,0.97,,,-16.8242,-36.9551,
707607,前鼎元大5B購01,2026-09-01,3.27,0.83,34.02,1000000,0,,否,,1.69,1.58,,,13.7652,,
707609,前鼎元大61購01,2026-09-01,2.07,0.49,31.01,61000000,0,紅增,否,,1.09,0.85,1.0,,77.451,13.3511,-16.7362
707611,勤凱元大5A購05,2026-09-01,0.43,0.09,26.47,98000000,0,綠轉紅,是,,0.41,0.39,0.68,,6.8421,-28.9331,-31.0783
707613,雙鴻元大5A購07,2026-09-01,1.32,0.28,26.92,135000000,0,紅增,否,,0.69,0.63,0.61,,20.2091,15.9633,-6.3174
707614,雙鴻元大61購13,2026-09-01,1.35,0.23,20.54,2114000000,0,紅增,是,,0.79,0.74,0.66,,13.913,18.4591,-1.7844
707616,鑫聯元大5A購02,2026-09-01,0.12,-0.01,-7.69,50000000,0,,是,,0.49,0.63,0.86,,-35.8442,-23.2078,
707617,九豪永豐5C購01,2026-09-01,0.61,0.08,15.09,3000000,0,綠縮,否,,0.79,1.11,2.3,,-45.035,-48.3691,-25.2112
707624,蜜望實永豐5C購01,2026-09-01,2.19,0.08,3.79,2000000,0,綠縮,否,,2.02,1.96,2.66,,6.7511,-7.3724,-19.1858
707628,宏捷科凱基5B購01,2026-09-01,0.65,0.18,38.3,236000000,0,紅增,是,,0.63,0.66,0.95,,-6.213,-18.125,-25.0
707629,長科*凱基5A購01,2026-09-01,3.33,0.19,6.05,2000000,0,綠縮,否,,3.45,3.65,5.96,,-10.4826,-37.8065,-14.1448
707636,九豪台新5A購01,2026-09-01,0.99,-0.16,-13.91,10000000,0,,否,,1.03,3.43,,,-82.2642,-30.3006,
707637,九豪台新5A購02,2026-09-01,0.47,0.11,30.56,60000000,0,,是,,0.58,1.63,3.21,,-78.481,-59.9706,
707644,博磊台新5A購01,2026-09-01,1.03,0.24,30.38,25000000,0,,否,,1.08,1.19,,,-16.3833,-28.1307,
707645,博磊台新5A購02,2026-09-01,0.96,0.23,31.51,27000000,0,,否,,1.39,1.81,,,-37.7358,,
707646,博磊台新5A購03,2026-09-01,0.62,0.18,40.91,2000000,0,紅增,否,,0.66,0.76,1.29,,-21.934,-29.5051,-32.5301
707650,聖暉*兆豐5C購01,2026-09-01,0.71,0.07,10.94,41000000,0,綠縮,否,,0.7,1.03,1.67,,-48.4536,-48.1351,-13.2154
707651,九豪元大5A購02,2026-09-01,0.35,0.07,25.0,32000000,0,綠縮,是,,0.5,1.42,3.17,,-78.7543,-64.3949,-22.1363
707652,九豪元大5A購03,2026-09-01,0.38,-0.02,-5.0,318000000,0,綠縮,是,,0.77,1.98,3.06,,-75.9422,-50.4018,-18.1915
707653,力致元大5A購01,2026-09-01,0.09,-0.04,-30.77,10000000,0,,否,,0.28,0.56,0.9,,-66.9856,-41.841,-26.0995
707654,安葆元大5A購01,2026-09-01,0.11,0.01,10.0,10000000,0,,否,,0.1,0.16,0.24,,-53.6364,-33.195,
707656,宜特元大5A購03,2026-09-01,0.39,0.03,8.33,92000000,0,,是,,0.5,0.78,1.08,,-53.1073,-34.7826,-20.1556
707657,宜特元大5B購01,2026-09-01,0.44,0.03,7.32,496000000,0,綠縮,是,,0.51,0.56,0.86,,-16.6124,-33.5301,-14.938
707658,宜特元大5C購03,2026-09-01,0.41,0.04,10.81,1183000000,0,綠縮,是,,0.44,0.62,0.86,,-46.3054,-32.831,-16.6102
707659,宜特元大61購01,2026-09-01,0.4,0.03,8.11,425000000,0,綠縮,否,,0.42,0.47,0.69,,-17.1875,-34.6369,-17.2558
707660,宜特元大63購02,2026-09-01,0.31,0.02,6.9,80000000,0,綠縮,否,,0.33,0.35,0.49,,-11.828,-25.8475,-15.952
707671,元太群益5A購02,2026-09-01,0.56,0.07,14.29,10000000,0,,否,,1.52,,,,,,
707676,加高國票5B購01,2026-09-01,0.59,0.03,5.36,3000000,0,紅增,否,,0.63,0.64,0.71,,-4.5732,-1.3846,-31.8508
707677,艾訊國票5B購01,2026-09-01,0.92,0.04,4.55,8000000,0,綠增,否,,1.02,1.16,1.4,,-22.4427,-25.353,-10.72
707680,博磊國票5B購01,2026-09-01,0.51,0.13,34.21,951000000,0,紅增,是,,0.45,0.47,0.95,,-8.502,-25.3943,-39.0731
707681,漢達國票5B購01,2026-09-01,0.87,-0.39,-30.95,844000000,0,綠縮,是,,0.5,0.58,0.76,,-25.3012,-30.2885,-26.1397
707683,九豪富邦5C購01,2026-09-01,0.46,0.06,15.0,274000000,0,綠縮,否,,0.43,0.47,0.71,,-15.0794,-15.4265,-41.7044
707684,宜特富邦61購01,2026-09-01,0.13,0.0,0.0,4000000,0,,否,,0.2,0.28,0.34,,-45.3039,-25.9259,
707686,九豪統一64購02,2026-09-01,0.53,0.03,6.0,80000000,0,綠縮,是,,0.51,0.56,0.93,,-15.4605,-30.137,-22.2362
707687,九豪統一74購01,2026-09-01,0.63,0.04,6.78,161000000,0,綠縮,是,,0.61,0.6,0.74,,2.349,-8.7746,-21.8403
707689,千附精統一74購02,2026-09-01,1.62,0.04,2.53,572000000,0,紅增,是,,1.34,1.27,1.27,,11.6861,10.8392,-1.4723
707690,台星科統一74購02,2026-09-01,0.5,0.03,6.38,21000000,0,紅增,否,,0.47,0.44,0.48,,15.7635,-1.1287,-6.2016
707701,萬泰科統一74購03,2026-09-01,0.82,0.03,3.8,18000000,0,綠縮,否,,0.75,0.75,0.87,,-2.0997,-10.7692,-6.7669
707702,臺慶科統一66購01,2026-09-01,0.94,0.02,2.17,2000000,0,,否,,0.89,1.13,1.52,,-34.7953,-32.858,
707703,優群統一66購01,2026-09-01,0.37,0.01,2.78,297000000,0,綠縮,是,,0.41,0.44,0.54,,-12.6582,-15.4286,-9.2373
707705,環球晶統一74購01,2026-09-01,2.1,0.32,17.98,61000000,0,綠縮,否,,2.02,1.94,2.37,,9.0517,-5.412,-9.5002
707710,千附精國票5B購02,2026-09-01,1.16,0.05,4.5,78000000,0,紅增,否,,0.85,0.75,0.83,,29.5732,9.1304,-3.4243
707711,千附精國票5B購03,2026-09-01,1.65,0.03,1.85,207000000,0,紅增,是,,1.27,0.94,1.18,,106.1889,11.2426,-4.0535
707713,立碁國票5B購01,2026-09-01,1.08,0.22,25.58,183000000,0,,是,,0.92,,,,,,
707714,邑昇國票5B購01,2026-09-01,0.27,0.03,12.5,237000000,0,紅增,是,,0.14,0.12,0.13,,44.0,5.1724,-19.6375
707715,欣銓國票5B購02,2026-09-01,1.25,0.13,11.61,1000000,0,綠轉紅,否,,1.08,0.96,1.21,,27.7251,-2.238,-9.3128
707719,能率亞國票5B購01,2026-09-01,1.65,-0.1,-5.71,12000000,0,綠縮,否,,1.49,1.6,1.64,,-12.9673,-1.1728,-9.8428
707721,群聯國票5B購01,2026-09-01,1.62,-0.13,-7.43,1083000000,0,紅縮,否,,1.58,1.6,1.44,,-2.4691,18.7825,-13.169
707722,蜜望實國票5B購01,2026-09-01,1.73,0.15,9.49,76000000,0,綠縮,否,,1.57,1.57,2.52,,0.0,-36.77,-22.9606
707724,千附精元大5A購02,2026-09-01,2.19,0.1,4.78,125000000,0,綠轉紅,是,,1.71,1.4,1.87,,56.3071,-21.676,-4.8588
707725,千附精元大5A購03,2026-09-01,2.65,0.11,4.33,100000000,0,綠轉紅,是,,2.06,1.63,2.02,,69.637,-9.5238,-4.3787
707727,千附精元大5A購05,2026-09-01,2.72,0.11,4.21,112000000,0,綠轉紅,是,,2.13,1.78,2.11,,47.6389,-11.3376,-2.4492
707730,欣銓元大63購03,2026-09-01,2.45,0.22,9.87,30000000,0,,是,,2.08,1.98,1.94,,10.7561,1.3313,
707733,群翊元大5A購07,2026-09-01,0.33,0.08,32.0,168000000,0,紅縮,是,,0.45,0.44,0.62,,2.7397,-21.2766,-14.952
707734,群聯元大5A購01,2026-09-01,1.17,-0.11,-8.59,187000000,0,紅增,是,,1.14,1.36,1.43,,-27.5032,-4.357,-15.5595
707735,群聯元大5A購02,2026-09-01,0.79,-0.07,-8.14,730000000,0,紅縮,是,,0.83,0.87,0.83,,-9.628,11.1111,-15.6932
707736,鈺太元大61購01,2026-09-01,0.17,0.02,13.33,320000000,0,綠增,否,,0.3,0.35,0.6,,-24.3781,-38.1786,-17.6997
707740,千附精凱基5A購02,2026-09-01,2.26,0.17,8.13,82000000,0,綠縮,否,,1.39,1.48,2.0,,-12.0558,-29.5768,-9.1261
707741,方土昶凱基5A購01,2026-09-01,2.28,-0.17,-6.94,20000000,0,紅縮,否,,2.92,2.56,2.12,,33.5466,44.8413,8.8129
707743,欣銓凱基5A購02,2026-09-01,2.44,0.32,15.09,88000000,0,綠縮,是,,1.84,2.6,2.76,,-45.4006,-18.8726,-8.2057
707746,萬泰科凱基5A購02,2026-09-01,0.79,-0.02,-2.47,100000000,0,綠增,否,,1.72,2.57,2.91,,-49.6786,-25.1891,-16.9351
707747,群聯凱基5A購01,2026-09-01,1.49,-0.22,-12.87,193000000,0,綠縮,否,,1.52,2.19,2.47,,-47.1777,-3.6467,-26.6022
707748,群聯凱基5A購02,2026-09-01,1.85,-0.18,-8.87,18000000,0,紅增,否,,1.84,1.62,2.11,,30.3546,2.2026,-23.5688
707749,蜜望實凱基5A購02,2026-09-01,1.67,0.16,10.6,37000000,0,綠縮,是,,1.52,1.7,4.15,,-18.8699,-57.3651,-27.873
707750,千附精永豐5C購01,2026-09-01,1.05,0.03,2.94,629000000,0,紅增,是,,0.8,0.73,0.78,,19.7605,16.5079,-5.1282
707752,世禾永豐5B購01,2026-09-01,0.16,0.0,0.0,150000000,0,綠縮,否,,0.16,0.26,0.49,,-57.2973,-50.3759,-23.4926
707753,立碁永豐61購01,2026-09-01,0.47,0.1,27.03,499000000,0,,是,,0.33,0.3,0.3,,22.5564,12.1212,-14.7776
707754,欣銓永豐5A購01,2026-09-01,1.53,0.21,15.91,71000000,0,綠縮,否,,1.02,1.3,1.58,,-35.8942,-14.2763,-10.9547
707755,欣銓永豐5C購01,2026-09-01,1.71,0.21,14.0,147000000,0,綠轉紅,否,,1.45,1.23,1.52,,42.6036,-3.605,-7.0926
707757,群聯永豐61購01,2026-09-01,0.9,-0.05,-5.26,598000000,0,紅縮,否,,0.89,0.93,0.83,,-8.4711,15.4421,-9.5652
707758,群聯永豐64購01,2026-09-01,1.1,-0.05,-4.35,1147000000,0,紅縮,否,,1.08,1.05,0.97,,4.466,15.082,-7.3438
707759,蜜望實永豐61購01,2026-09-01,1.16,0.06,5.45,347000000,0,紅增,否,,1.09,1.13,1.2,,-7.1795,-1.9983,-20.227
707762,群翊國泰5C購01,2026-09-01,0.72,0.13,22.03,328000000,0,,是,,0.68,0.74,0.96,,-14.3939,-23.5172,-22.8916
707763,群聯群益5B購01,2026-09-01,2.08,-0.14,-6.31,67000000,0,紅增,否,,1.98,1.99,1.84,,-1.4955,15.7558,-13.2627
707764,群聯群益61購01,2026-09-01,1.88,-0.12,-6.0,302000000,0,紅縮,否,,1.88,1.86,1.72,,1.9565,15.0464,-11.4821
707765,群聯群益64購01,2026-09-01,2.23,-0.1,-4.29,635000000,0,紅增,否,,2.16,2.13,2.04,,2.8571,15.4472,-10.2863
707767,精材兆豐5C購01,2026-09-01,7.0,-0.3,-4.11,3000000,0,,是,,4.63,4.96,4.38,,-12.684,-1.1554,14.7672
707768,力旺永豐5A購01,2026-09-01,0.1,0.0,0.0,1000000,0,紅縮,否,,0.12,0.1,0.1,,40.4762,8.6022,-3.3654
707771,台半永豐5C購01,2026-09-01,2.02,-0.09,-4.27,10000000,0,綠縮,是,,1.79,1.66,2.68,,16.2549,-39.1066,-7.2444
707775,亞通永豐5A購01,2026-09-01,0.6,-0.06,-9.09,12000000,0,綠轉紅,否,,0.42,0.39,0.46,,18.75,5.7692,-10.439
707776,旺矽永豐5B購02,2026-09-01,0.7,0.18,34.62,33000000,0,綠增,是,,1.76,1.88,2.22,,-11.7352,-24.131,-4.8304
707777,信昌電永豐5C購01,2026-09-01,10.0,1.3,14.94,3000000,0,紅增,否,,7.37,5.23,7.75,,138.3571,5.485,-12.6978
707778,信驊永豐5B購04,2026-09-01,2.23,0.6,36.81,249000000,0,紅增,是,,1.78,2.13,1.82,,-28.6174,2.2542,-3.98
707780,精測永豐61購02,2026-09-01,0.4,0.22,122.22,543000000,0,紅增,是,,0.2,0.21,0.2,,-4.6729,8.8542,-15.3846
707781,臺慶科永豐5B購01,2026-09-01,1.09,0.07,6.86,26000000,0,,是,,1.07,1.13,1.33,,-10.5351,-1.1344,
707782,聰泰永豐5A購01,2026-09-01,0.17,-0.01,-5.56,12000000,0,紅縮,否,,0.24,0.27,0.32,,-24.359,-11.3269,-30.819
707784,力旺凱基5A購04,2026-09-01,0.08,0.03,60.0,20000000,0,紅增,否,,0.07,0.07,0.14,,2.9412,-33.6538,-43.254
707785,力旺凱基5B購02,2026-09-01,0.19,0.0,0.0,20000000,0,紅增,否,,0.16,0.15,0.27,,17.6471,-35.3712,-29.6689
707786,力旺凱基5C購01,2026-09-01,0.47,-0.51,-52.04,246000000,0,綠轉紅,是,,0.25,0.31,0.31,,-31.8681,0.9901,-20.2335
707787,力旺凱基61購01,2026-09-01,0.29,0.03,11.54,57000000,0,綠縮,否,,0.2,0.31,0.36,,-52.8302,-28.6041,-14.4366
707788,立碁凱基5B購01,2026-09-01,0.47,0.13,38.24,638000000,0,,否,,0.25,0.24,,,15.5963,,
707791,旺矽凱基5B購02,2026-09-01,0.71,0.1,16.39,77000000,0,綠增,是,,1.28,1.24,1.68,,5.4545,-20.828,-12.3563
707793,信昌電凱基5A購02,2026-09-01,11.5,1.65,16.75,6000000,0,,是,,6.75,10.23,,,-50.7153,-8.1634,
707795,信驊凱基5A購04,2026-09-01,3.37,1.24,58.22,221000000,0,紅增,是,,2.29,2.71,2.24,,-27.0873,5.6053,-1.3233
707796,信驊凱基5B購03,2026-09-01,3.5,1.29,58.37,248000000,0,紅增,是,,2.23,2.62,2.2,,-26.3402,5.3815,-2.069
707797,信驊凱基5C購02,2026-09-01,2.8,0.61,27.85,44000000,0,紅增,否,,2.44,2.46,2.22,,-1.2924,7.9895,-3.6836
707798,信驊凱基61購04,2026-09-01,2.7,0.5,22.73,643000000,0,紅增,是,,2.14,2.48,2.27,,-23.8636,4.3771,-4.5168
707799,家登凱基5A購01,2026-09-01,1.97,0.92,87.62,453000000,0,紅增,是,,1.15,0.97,1.33,,47.6923,-13.1295,-22.3684
707803,精測凱基5A購02,2026-09-01,0.15,-0.02,-11.76,2000000,0,紅增,否,,0.15,0.17,0.26,,-20.8333,-13.1313,-41.4444
707806,世界台新5A購01,2026-09-01,1.9,0.22,13.1,31000000,0,綠縮,是,,2.15,2.34,3.85,,-14.6709,-40.0769,-7.5324
707808,宏捷科台新5A購02,2026-09-01,0.16,0.0,0.0,1727000000,0,,是,,0.35,0.54,0.98,,-52.8455,-47.1276,
707809,宏捷科台新61購01,2026-09-01,0.48,0.07,17.07,190000000,0,,是,,0.39,0.46,0.67,,-25.4753,-25.3659,
707811,旺矽台新5A購02,2026-09-01,0.45,0.1,28.57,31000000,0,綠增,否,,0.9,1.31,1.72,,-47.5581,-31.7898,-12.6241
707812,信驊台新5A購01,2026-09-01,3.89,1.22,45.69,98000000,0,紅縮,是,,4.01,3.29,2.91,,56.0748,42.3377,2.4437
707813,信驊台新5A購02,2026-09-01,2.23,0.58,35.15,46000000,0,紅增,否,,1.99,2.02,1.77,,-3.0244,6.7689,-5.5615
707815,璟德台新5A購01,2026-09-01,0.4,-0.02,-4.76,10000000,0,綠縮,是,,0.54,0.53,2.03,,7.5099,-74.0356,-23.0302
707816,力旺元大5A購04,2026-09-01,0.04,-0.02,-33.33,253000000,0,綠增,是,,0.34,0.55,0.64,,-55.4974,-20.4611,-16.1842
707818,力旺元大5B購01,2026-09-01,0.35,0.24,218.18,184000000,0,綠轉紅,是,,0.14,0.16,0.23,,-23.6559,-27.7533,-19.1304
707820,旺矽元大5A購04,2026-09-01,0.69,0.23,50.0,54000000,0,綠增,否,,0.75,0.91,1.07,,-30.0373,-15.4132,-18.7571
707822,旺矽元大61購02,2026-09-01,1.15,0.15,15.0,283000000,0,紅增,是,,1.14,1.19,1.18,,-7.4554,3.0356,-7.8999
707823,長科*元大5A購01,2026-09-01,0.97,0.09,10.23,1000000,0,綠縮,否,,1.29,1.42,2.43,,-16.6667,-43.5336,-19.4799
707828,信驊元大5A購02,2026-09-01,1.87,0.7,59.83,265000000,0,紅增,是,,1.47,1.76,1.54,,-27.9412,-1.5152,-6.1931
707829,信驊元大63購01,2026-09-01,4.32,0.29,7.2,49000000,0,綠轉紅,否,,3.84,4.04,4.0,,-9.6045,-2.3896,-1.9384
707833,群翊元大61購01,2026-09-01,0.39,0.08,25.81,1137000000,0,綠縮,是,,0.35,0.44,0.55,,-32.3077,-22.695,-13.7715
707834,精測元大5B購02,2026-09-01,0.55,0.15,37.5,1630000000,0,,是,,0.57,0.59,0.82,,-7.5163,-32.8392,
707838,立碁國泰5B購02,2026-09-01,1.19,0.44,58.67,131000000,0,,是,,0.69,0.59,,,38.3065,-24.3278,
707839,旺矽國泰5B購01,2026-09-01,0.85,0.05,6.25,556000000,0,紅轉綠,否,,1.36,1.24,1.41,,20.4263,-1.0367,-10.5013
707840,旺矽國泰5B購02,2026-09-01,0.7,0.2,40.0,11000000,0,綠增,否,,1.12,1.09,1.34,,5.482,-11.9838,-8.7356
707843,旺矽統一64購02,2026-09-01,1.08,0.23,27.06,97000000,0,綠縮,否,,1.05,1.26,1.29,,-28.5519,-5.6391,-15.5059
707844,群聯統一64購01,2026-09-01,1.08,-0.05,-4.42,348000000,0,紅縮,否,,1.06,1.04,0.96,,4.3393,17.0621,-8.2736
707845,精測統一64購03,2026-09-01,0.34,0.07,25.93,254000000,0,紅增,是,,0.25,0.27,0.26,,-10.6383,3.0888,-12.3333
707846,力旺富邦5C購01,2026-09-01,0.16,0.01,6.67,808000000,0,紅增,否,,0.11,0.15,0.16,,-41.6667,-15.0838,-23.4597
707847,良維富邦62購01,2026-09-01,0.75,0.02,2.74,2194000000,0,紅增,是,,0.53,0.49,0.57,,16.1572,-4.9904,-26.4041
707848,旺矽富邦64購02,2026-09-01,0.89,0.21,30.88,2429000000,0,紅轉綠,是,,1.23,1.32,1.31,,-13.0496,3.535,-9.6386
707849,欣銓富邦5A購01,2026-09-01,0.97,0.15,18.29,2000000,0,綠轉紅,否,,0.79,0.77,0.9,,4.2216,-2.396,-6.3608
707850,欣銓富邦64購01,2026-09-01,0.96,0.09,10.34,445000000,0,綠轉紅,否,,0.81,0.76,0.88,,14.6893,-3.6755,-4.9296
707851,信紘科富邦62購01,2026-09-01,0.21,-0.01,-4.55,14000000,0,,是,,0.27,0.35,0.55,,-37.037,-40.6408,
707852,信驊富邦61購01,2026-09-01,2.86,0.76,36.19,1395000000,0,紅增,是,,2.25,2.6,2.39,,-23.661,-5.9653,-2.9651
707854,順達富邦62購01,2026-09-01,0.81,0.1,14.08,735000000,0,綠縮,是,,0.7,0.71,0.89,,-3.3149,-22.1858,-9.7314
707857,群翊富邦5B購01,2026-09-01,0.11,0.04,57.14,1530000000,0,紅增,是,,0.11,0.12,0.19,,-19.403,-29.6512,-20.2929
707858,群聯富邦5C購01,2026-09-01,1.09,-0.05,-4.39,27000000,0,紅增,否,,1.01,1.0,0.91,,1.6162,16.8618,-9.4246
707859,群聯富邦61購01,2026-09-01,1.26,-0.07,-5.26,1732000000,0,紅縮,是,,1.28,1.18,1.16,,18.0812,14.7573,-9.8717
707860,精測富邦61購01,2026-09-01,0.3,0.15,100.0,3743000000,0,綠轉紅,是,,0.2,0.19,0.25,,17.6471,-12.7358,-26.27
707864,良維凱基5B購03,2026-09-01,0.36,0.09,33.33,59000000,0,綠縮,是,,0.38,0.66,1.06,,-60.0,-41.9214,-33.0806
707865,家登凱基5A購02,2026-09-01,0.97,0.24,32.88,60000000,0,綠轉紅,是,,0.66,0.72,1.08,,-15.8163,-28.016,-21.4987
707872,M31元大5A購02,2026-09-01,0.31,0.02,6.9,94000000,0,紅縮,是,,0.45,0.5,0.73,,-18.315,-19.8708,-23.735
707873,M31元大61購01,2026-09-01,0.21,0.01,5.0,99000000,0,綠增,是,,0.28,0.32,0.48,,-25.0,-41.5608,-25.7692
707874,M31元大63購01,2026-09-01,0.23,-0.05,-17.86,179000000,0,綠增,是,,0.31,0.36,0.47,,-25.9615,-22.3176,-10.9943
707876,千附元大5A購01,2026-09-01,0.41,0.1,32.26,1000000,0,綠增,否,,0.51,0.86,0.95,,-57.7303,-32.5273,1.3333
707877,加高元大5A購01,2026-09-01,0.22,0.01,4.76,100000000,0,綠縮,是,,0.37,0.52,1.1,,-45.5357,-58.6783,-24.932
707878,台嘉碩元大5A購02,2026-09-01,0.34,0.08,30.77,2000000,0,綠轉紅,否,,0.34,0.37,0.57,,-14.0704,-20.6009,-30.148
707881,立碁元大63購01,2026-09-01,1.29,0.26,25.24,448000000,0,紅增,是,,0.91,0.78,0.6,,42.0561,44.6927,23.3539
707884,家登元大61購01,2026-09-01,2.24,0.56,33.33,14000000,0,,是,,1.86,2.03,,,-15.942,-14.9435,
707894,M31富邦5C購01,2026-09-01,0.19,0.02,11.76,10000000,0,綠縮,否,,0.23,0.25,0.39,,-16.6667,-31.25,-29.6464
707895,元太富邦61購01,2026-09-01,0.79,0.05,6.76,29000000,0,綠縮,否,,0.83,1.01,1.2,,-30.303,-22.4615,-14.9042
707896,台星科富邦61購01,2026-09-01,0.52,0.05,10.64,25000000,0,紅增,否,,0.44,0.4,0.43,,22.7778,1.7767,-14.5854
707897,均豪富邦62購01,2026-09-01,0.3,-0.01,-3.23,547000000,0,綠轉紅,是,,0.27,0.25,0.33,,26.8519,-12.5,-5.9155
707898,宏捷科富邦5C購03,2026-09-01,0.26,0.06,30.0,100000000,0,紅增,是,,0.22,0.26,0.37,,-22.2222,-13.8047,-29.981
707899,宏捷科富邦61購02,2026-09-01,0.1,0.0,0.0,2185000000,0,紅增,是,,0.09,0.11,0.21,,-26.9841,-27.3333,-38.1159
707900,華景電富邦61購01,2026-09-01,0.18,0.04,28.57,120000000,0,紅增,是,,0.16,0.15,0.21,,15.493,-9.4675,-23.6697
707901,鈊象富邦61購01,2026-09-01,0.34,-0.03,-8.11,391000000,0,綠增,是,,0.61,0.64,0.67,,-7.5301,3.0645,-10.8957
707902,萬泰科富邦62購01,2026-09-01,0.74,0.05,7.25,371000000,0,綠縮,是,,0.68,0.75,0.95,,-17.4334,-16.8688,-12.3383
707903,欣銓群益5A購02,2026-09-01,0.68,0.19,38.78,517000000,0,綠轉紅,是,,0.45,0.48,0.73,,-14.5594,-25.1932,-25.4489
707904,新盛力群益5A購01,2026-09-01,2.97,0.04,1.37,30000000,0,綠縮,否,,3.2,2.65,3.03,,52.0457,-7.7325,-1.1903
707906,久元元大5A購03,2026-09-01,0.82,0.14,20.59,50000000,0,,是,,1.13,,,,,,
707912,均華元大5A購01,2026-09-01,0.08,-0.07,-46.67,97000000,0,紅縮,否,,0.11,0.12,0.15,,-23.9437,-16.1074,-15.5738
707913,均華元大5A購02,2026-09-01,0.04,-0.01,-20.0,83000000,0,紅增,是,,0.04,0.07,0.11,,-62.963,-41.7323,-29.375
707914,均豪元大5A購04,2026-09-01,0.57,0.04,7.55,34000000,0,綠轉紅,否,,0.45,0.43,0.52,,9.3137,-7.3753,-11.3967
707915,沛亨元大5A購05,2026-09-01,0.12,-0.03,-20.0,135000000,0,綠縮,是,,0.17,0.33,0.65,,-65.0407,-52.3673,-23.5882
707916,邑昇元大5A購01,2026-09-01,0.56,0.05,9.8,282000000,0,,是,,0.33,0.42,0.64,,-36.5759,-33.8583,
707918,家登元大5A購03,2026-09-01,0.53,0.24,82.76,1000000,0,,否,,0.5,0.78,1.13,,-52.0992,-34.9286,
707919,家登元大5A購04,2026-09-01,1.1,0.43,64.18,15000000,0,,是,,0.62,0.86,,,-44.0433,-34.3964,
707921,華景電元大63購01,2026-09-01,0.2,0.02,11.11,250000000,0,,是,,0.25,0.22,0.33,,32.9787,-23.9583,-12.633
707923,德微元大5A購01,2026-09-01,1.94,0.14,7.78,97000000,0,,是,,4.0,4.0,,,-0.1998,,
707928,欣銓凱基63購01,2026-09-01,1.22,0.12,10.91,185000000,0,綠增,否,,1.44,1.44,1.42,,0.5587,-3.4946,-2.5659
707930,鈺太凱基61購01,2026-09-01,0.18,0.03,20.0,120000000,0,,是,,0.44,0.97,,,-70.1613,,
707931,環球晶凱基5A購01,2026-09-01,5.55,1.11,25.0,26000000,0,,是,,5.76,5.49,6.57,,10.4294,-7.7647,
707933,均華富邦61購01,2026-09-01,0.25,-0.02,-7.41,6957000000,0,紅增,是,,0.19,0.21,0.19,,-11.0092,7.8534,-15.3846
707935,欣銓富邦5B購01,2026-09-01,0.49,0.07,16.67,485000000,0,紅增,是,,0.35,0.37,0.39,,-9.3264,0.2725,-21.2245
707936,中美晶兆豐64購01,2026-09-01,2.68,0.18,7.2,124000000,0,綠縮,是,,2.66,2.48,3.49,,15.9269,-21.4873,-6.1954
707938,世界群益5A購03,2026-09-01,0.74,0.11,17.46,215000000,0,綠縮,是,,0.86,1.11,1.82,,-36.1481,-37.9001,-34.9393
707940,良維群益5A購01,2026-09-01,0.22,0.05,29.41,75000000,0,紅增,否,,0.18,0.23,0.57,,-37.5887,-34.9432,-38.478
707944,富喬群益5A購04,2026-09-01,0.51,0.07,15.91,1000000,0,紅增,否,,0.29,0.19,0.31,,180.3922,-11.8182,-16.5986
707946,德微群益5A購01,2026-09-01,2.23,0.16,7.73,117000000,0,,是,,2.04,,,,,,
707947,雙鴻群益5B購06,2026-09-01,0.85,0.32,60.38,597000000,0,綠轉紅,是,,0.48,0.42,0.53,,30.7692,-11.7647,-10.5351
707948,久元凱基5A購02,2026-09-01,0.45,0.07,18.42,10000000,0,,是,,0.53,0.77,,,-47.4409,-37.2977,
707949,千附凱基5A購01,2026-09-01,0.11,0.01,10.0,5000000,0,綠縮,否,,0.12,0.42,0.74,,-83.1956,-56.0622,-7.419
707950,世界凱基5A購02,2026-09-01,0.61,0.09,17.31,5000000,0,,是,,1.55,2.17,1.82,,-44.4444,-1.8987,
707952,艾訊凱基5B購01,2026-09-01,1.13,0.03,2.73,10000000,0,,是,,1.42,1.77,1.85,,-32.9234,-13.2613,-7.6385
707953,均豪凱基5A購02,2026-09-01,0.11,0.03,37.5,519000000,0,,否,,0.15,0.24,0.34,,-53.7037,-41.4815,-36.3123
707955,家登凱基5A購04,2026-09-01,0.42,0.21,100.0,8000000,0,,否,,0.8,0.91,1.05,,-21.6374,-10.7317,
707956,勤凱凱基5A購02,2026-09-01,0.54,0.05,10.2,50000000,0,,是,,0.52,1.26,,,-74.0,-51.2949,
707957,新盛力凱基5B購01,2026-09-01,3.01,0.06,2.03,71000000,0,紅增,否,,2.24,1.83,2.34,,58.1921,-2.1413,-11.2815
707959,雙鴻凱基5A購07,2026-09-01,0.65,0.24,58.54,506000000,0,,是,,0.29,0.27,0.53,,15.3226,-45.2869,
707960,雙鴻凱基61購02,2026-09-01,1.02,0.27,36.0,433000000,0,,是,,0.48,0.45,0.53,,14.1509,-6.9672,-17.7708
707962,長科*富邦62購01,2026-09-01,1.01,0.05,5.21,262000000,0,綠縮,是,,1.02,0.97,1.62,,8.7794,-36.0656,-13.9207
707963,家登富邦61購01,2026-09-01,0.86,0.35,68.63,395000000,0,紅增,是,,0.51,0.44,0.55,,38.9189,-8.866,-16.8061
707964,富喬富邦61購01,2026-09-01,0.48,0.03,6.67,1734000000,0,紅增,是,,0.34,0.25,0.19,,128.0,93.7008,5.4795
707965,聖暉*富邦5C購01,2026-09-01,0.6,0.04,7.14,22000000,0,綠縮,否,,0.59,0.8,1.48,,-41.9802,-42.7547,-23.2281
707968,優群富邦61購01,2026-09-01,0.24,0.02,9.09,45000000,0,綠縮,是,,0.27,0.43,0.61,,-54.2088,-39.7775,-18.3155
707970,雙鴻富邦5C購09,2026-09-01,0.8,0.17,26.98,1558000000,0,綠轉紅,是,,0.45,0.4,0.44,,31.9767,-1.9656,-7.7882
707971,巨有元大5A購01,2026-09-01,0.32,-0.01,-3.03,139000000,0,紅增,是,,0.36,0.35,0.6,,5.9172,-9.6104,-37.0215
707972,富喬元大5C購02,2026-09-01,0.48,0.03,6.67,167000000,0,紅增,否,,0.32,0.23,0.21,,130.0,61.5385,-7.0175
707975,雙鴻兆豐5C購02,2026-09-01,1.0,0.31,44.93,255000000,0,,是,,0.49,0.5,0.56,,-0.8032,-4.4316,-6.7669
707977,富喬國票5A購02,2026-09-01,0.47,0.04,9.3,205000000,0,,否,,0.29,0.29,0.38,,0.0,-26.3959,-18.9968
707978,富喬國票5B購02,2026-09-01,0.58,0.05,9.43,23000000,0,紅增,是,,0.34,0.25,0.35,,111.25,-10.1083,-10.1523
707979,華義國票5B購01,2026-09-01,0.09,0.01,12.5,570000000,0,,是,,0.1,0.21,,,-69.5122,-43.3862,
707980,華義國票5B購02,2026-09-01,0.08,0.03,60.0,35000000,0,綠縮,是,,0.05,0.09,0.18,,-55.7377,-47.619,-30.0766
707981,新盛力國票5A購02,2026-09-01,2.09,0.06,2.96,72000000,0,紅縮,是,,2.25,1.96,1.59,,34.9701,43.9472,-6.6471
707982,雙鴻凱基5A購08,2026-09-01,0.48,0.2,71.43,658000000,0,,是,,0.21,0.23,,,-14.5161,-37.3297,
707984,聖暉*凱基5C購01,2026-09-01,0.8,0.1,14.29,40000000,0,綠縮,否,,0.85,1.07,1.73,,-33.5413,-36.4503,-27.1983
707985,德微凱基5A購02,2026-09-01,0.7,0.01,1.45,35000000,0,,是,,2.1,3.19,3.46,,-50.7029,-10.7563,
707986,環球晶凱基5A購02,2026-09-01,4.52,0.61,15.6,1000000,0,,否,,10.55,9.71,7.72,,18.9853,27.2203,
707987,雙鴻凱基5C購06,2026-09-01,1.6,0.53,49.53,598000000,0,,是,,0.87,0.85,0.94,,4.8309,-8.6207,-10.8747
707989,系統電國泰5B購01,2026-09-01,0.51,-0.03,-5.56,10000000,0,綠增,否,,0.67,0.76,1.09,,-20.5674,-34.0573,-19.7064
707991,群聯國泰5B購01,2026-09-01,1.75,-0.18,-9.33,19000000,0,紅增,是,,1.73,1.58,1.68,,20.7521,15.2727,-13.3109
707993,立碁元大5A購04,2026-09-01,0.72,0.42,140.0,252000000,0,,是,,0.29,0.3,,,-4.6358,-20.2703,
707994,系微元大5C購01,2026-09-01,0.11,0.0,0.0,140000000,0,綠縮,是,,0.15,0.36,0.49,,-74.1259,-43.9252,-25.2082
707995,德微元大5A購02,2026-09-01,0.45,-0.04,-8.16,3000000,0,,是,,0.77,1.95,,,-75.3355,-22.0535,
707996,立碁永豐5B購02,2026-09-01,0.6,0.1,20.0,199000000,0,,是,,0.37,0.38,,,-6.5657,,
707997,新盛力永豐61購01,2026-09-01,2.04,0.05,2.51,26000000,0,紅增,否,,2.07,1.52,1.54,,111.2245,34.243,-4.441
707998,群聯永豐5C購01,2026-09-01,1.01,-0.06,-5.61,1599000000,0,紅縮,否,,1.0,1.01,0.92,,-1.3807,16.0138,-9.4274
707999,聖暉*永豐5C購02,2026-09-01,0.24,0.02,9.09,1000000,0,綠增,否,,0.41,0.59,0.97,,-46.6146,-45.463,-11.3501
708000,德微永豐5B購01,2026-09-01,0.9,0.09,11.11,10000000,0,,否,,1.84,1.82,,,2.5584,,
708001,雙鴻永豐5C購04,2026-09-01,1.17,0.17,17.0,422000000,0,紅增,是,,0.63,0.58,0.6,,16.3569,7.9777,-8.0
708002,雙鴻永豐61購03,2026-09-01,1.08,0.23,27.06,166000000,0,綠轉紅,是,,0.56,0.51,0.54,,25.8929,1.4028,-5.231
708003,立碁國票5B購02,2026-09-01,0.72,0.05,7.46,20000000,0,,否,,0.59,0.57,,,8.0292,0.885,
708008,群聯國票5B購03,2026-09-01,1.08,-0.11,-9.24,448000000,0,紅縮,否,,1.09,1.12,1.01,,-4.8866,17.6842,-14.328
708012,捷創台新5A購01,2026-09-01,0.57,-0.12,-17.39,4000000,0,,是,,0.55,0.67,,,-31.0606,-31.8737,
708015,群聯台新5A購01,2026-09-01,4.94,-0.05,-1.0,44000000,0,紅縮,是,,5.63,5.52,6.39,,4.1836,-6.8727,-12.8081
708016,群聯台新5A購02,2026-09-01,2.94,-0.19,-6.07,11000000,0,紅增,否,,2.97,2.66,2.9,,26.3381,14.3839,-20.1131
708017,群聯台新5A購03,2026-09-01,1.7,-0.22,-11.46,19000000,0,紅縮,否,,1.78,1.83,1.98,,-5.8263,0.3834,-19.5931
708020,東捷凱基5A購03,2026-09-01,0.92,0.23,33.33,10000000,0,綠縮,否,,0.88,1.19,2.17,,-41.3015,-43.923,-27.0805
708021,群聯凱基5B購01,2026-09-01,1.27,-0.13,-9.29,30000000,0,綠縮,是,,1.27,1.61,2.08,,-34.9435,-28.4951,-14.6146
708022,精材凱基5C購01,2026-09-01,6.45,0.35,5.74,2000000,0,,否,,4.09,4.99,4.17,,-30.6649,4.3478,11.1467
708023,譜瑞凱基5A購01,2026-09-01,0.14,0.05,55.56,87000000,0,紅縮,否,,0.23,0.21,0.33,,26.3736,-35.0158,-27.7356
708024,三聯國票5A購01,2026-09-01,0.21,0.0,0.0,100000000,0,綠縮,否,,0.16,0.21,0.38,,-39.6947,-46.9697,-23.1768
708025,大綜國票5A購01,2026-09-01,0.68,0.07,11.48,34000000,0,綠增,是,,0.78,0.9,1.04,,-23.6791,-14.7588,-16.6333
708026,太景*國票5B購01,2026-09-01,0.17,0.0,0.0,10000000,0,綠縮,否,,0.19,0.2,0.29,,-7.8431,-44.1595,-10.51
708027,良維國票5B購02,2026-09-01,0.26,0.02,8.33,630000000,0,綠縮,是,,0.18,0.24,0.47,,-36.8056,-47.7778,-25.1799
708028,朋程國票5A購01,2026-09-01,0.57,0.06,11.76,2000000,0,綠縮,否,,0.52,0.53,1.05,,-1.1321,-43.3942,-26.3213
708032,環球晶國票5A購02,2026-09-01,3.32,0.79,31.23,14000000,0,,是,,3.49,4.57,5.17,,-38.2166,-27.7268,
708033,譜瑞國票5B購01,2026-09-01,0.23,0.01,4.55,110000000,0,紅增,否,,0.23,0.29,0.37,,-35.0575,-24.2744,-26.5686
708035,良維永豐5C購02,2026-09-01,0.49,-0.05,-9.26,122000000,0,,否,,0.67,0.84,1.11,,-33.2673,-17.7734,
708037,雙鴻永豐5B購03,2026-09-01,0.62,0.22,55.0,54000000,0,,否,,0.48,0.49,,,-4.7431,-10.8303,
708038,雙鴻永豐63購02,2026-09-01,0.98,0.18,22.5,116000000,0,紅增,否,,0.58,0.5,0.52,,41.0628,9.1904,-4.6746
708040,良維元大5A購04,2026-09-01,0.17,0.02,13.33,1000000,0,綠轉紅,否,,0.17,0.21,0.41,,-33.3333,-35.3846,-30.6856
708041,良維元大63購01,2026-09-01,0.43,0.05,13.16,420000000,0,紅增,是,,0.31,0.31,0.41,,0.6536,-15.8904,-25.365
708043,良維富邦61購01,2026-09-01,0.24,0.03,14.29,398000000,0,紅縮,是,,0.29,0.28,0.43,,10.6061,-31.6953,-16.5039
708044,新盛力富邦61購02,2026-09-01,1.49,-0.1,-6.29,22000000,0,紅縮,否,,1.54,1.34,1.09,,34.6154,43.9914,-1.8419
708048,臺慶科群益5A購01,2026-09-01,1.23,-0.27,-18.0,80000000,0,,是,,1.27,2.12,,,-57.3925,,
708049,雙鴻群益5A購07,2026-09-01,0.75,0.41,120.59,79000000,0,,是,,0.32,0.4,0.63,,-33.8912,-28.853,
708054,環球晶台新5A購04,2026-09-01,4.09,1.04,34.1,237000000,0,綠縮,是,,4.2,3.98,5.86,,11.5364,-29.2874,-4.8836
708055,群聯元大5A購03,2026-09-01,0.83,-0.1,-10.75,1114000000,0,紅縮,是,,1.56,1.47,1.25,,13.1693,29.5515,-7.8373
708057,環球晶元大5A購03,2026-09-01,3.15,-0.15,-4.55,13000000,0,綠縮,否,,3.05,4.76,6.03,,-52.8721,-30.3305,-17.5964
708058,環球晶元大5A購04,2026-09-01,2.21,0.59,36.42,7000000,0,綠增,否,,3.23,4.45,3.95,,-43.1089,-5.1566,7.7857
708061,欣銓凱基5A購03,2026-09-01,0.86,0.13,17.81,233000000,0,綠轉紅,是,,0.55,0.6,0.79,,-15.8537,-15.8774,-13.9295
708064,群聯兆豐64購01,2026-09-01,1.93,-0.05,-2.53,55000000,0,紅縮,否,,1.91,1.99,1.78,,-8.1888,14.0974,-6.52
708065,中美晶群益5C購01,2026-09-01,1.46,0.16,12.31,318000000,0,綠縮,否,,1.53,2.2,2.73,,-46.4759,-35.3512,-1.4433
708066,群聯群益5B購02,2026-09-01,0.75,-0.08,-9.64,213000000,0,紅縮,否,,0.75,0.76,0.73,,-4.1026,12.6844,-15.9328
708067,群聯群益5C購01,2026-09-01,1.24,-0.09,-6.77,195000000,0,紅縮,否,,1.23,1.25,1.19,,-3.3123,12.5451,-14.0007
708069,精材群益5A購06,2026-09-01,5.85,0.0,0.0,2000000,0,綠縮,否,,3.05,3.92,3.85,,-36.3371,-17.3061,3.0769
708070,雙鴻群益5B購07,2026-09-01,0.7,0.22,45.83,3357000000,0,紅增,是,,0.29,0.24,0.22,,62.2222,31.8436,-8.6777
708071,凡甲國票5B購01,2026-09-01,0.35,0.01,2.94,2000000,0,綠增,否,,0.5,0.8,0.94,,-53.7615,-24.2395,-27.0584
708074,欣銓國票5C購01,2026-09-01,1.3,0.17,15.04,117000000,0,綠轉紅,是,,1.11,1.15,1.26,,-6.25,-14.911,-2.3616
708076,群聯國票5B購05,2026-09-01,1.37,-0.19,-12.18,140000000,0,紅縮,否,,1.42,1.37,1.37,,8.2317,11.9672,-15.3894
708077,精材國票5B購01,2026-09-01,3.94,0.04,1.03,24000000,0,綠縮,否,,2.03,1.84,2.48,,23.601,-26.2144,1.5124
708079,鴻呈國泰5C購01,2026-09-01,1.79,-0.18,-9.14,247000000,0,紅增,否,,1.25,1.21,1.09,,6.4846,17.5899,4.9783
708083,家登富邦5C購02,2026-09-01,1.04,0.28,36.84,185000000,0,紅增,否,,0.74,0.69,0.76,,17.7778,2.6946,-14.9748
708084,群聯富邦5C購02,2026-09-01,1.05,-0.06,-5.41,159000000,0,紅縮,否,,1.03,1.02,0.95,,0.9843,14.0782,-16.652
708085,群聯富邦61購02,2026-09-01,0.92,-0.06,-6.12,335000000,0,紅縮,否,,0.9,0.89,0.84,,2.2676,14.359,-9.6704
708086,譜瑞富邦5C購03,2026-09-01,0.32,0.02,6.67,541000000,0,紅增,是,,0.31,0.4,0.56,,-35.0,-24.4275,-26.087
708087,譜瑞富邦61購01,2026-09-01,0.25,0.0,0.0,696000000,0,紅增,是,,0.25,0.32,0.48,,-36.5979,-36.0887,-21.0788
708088,群聯永豐5C購02,2026-09-01,0.64,-0.05,-7.25,144000000,0,紅縮,否,,0.65,0.67,0.63,,-5.5233,9.4926,-12.1254
708089,群聯永豐64購02,2026-09-01,1.04,-0.05,-4.59,183000000,0,紅縮,否,,1.04,1.01,0.94,,5.2846,13.4831,-7.6773
708090,精材永豐5B購02,2026-09-01,4.3,0.6,16.22,22000000,0,綠縮,是,,3.89,4.23,3.72,,-14.9299,7.5025,14.9761
708091,中美晶凱基61購02,2026-09-01,1.9,0.29,18.01,162000000,0,綠增,是,,2.43,2.29,2.92,,13.1407,-31.6089,3.2035
708093,群聯凱基61購01,2026-09-01,0.59,-0.06,-9.23,777000000,0,紅縮,否,,0.6,0.59,0.61,,3.8062,7.4818,-23.2177
708094,精材凱基5B購02,2026-09-01,4.67,0.7,17.63,45000000,0,綠縮,是,,2.43,2.93,2.76,,-29.1788,-10.7154,6.7157
708096,譜瑞凱基5B購01,2026-09-01,0.15,-0.02,-11.76,50000000,0,紅縮,否,,0.2,0.25,0.41,,-35.7143,-32.7128,-31.9307
708098,台星科國票5C購01,2026-09-01,0.65,0.07,12.07,30000000,0,,是,,0.67,0.91,,,-42.1144,,
708099,正淩國票5C購01,2026-09-01,0.13,0.0,0.0,20000000,0,,是,,0.4,0.46,,,-24.4275,,
708101,佳邦國票5C購01,2026-09-01,0.4,0.04,11.11,50000000,0,綠轉紅,否,,0.39,0.4,0.69,,-6.6986,-27.4686,-26.0383
708102,金山電國票5C購01,2026-09-01,4.21,0.25,6.31,10000000,0,,是,,4.39,7.44,,,-58.1888,,
708106,新潤國票5C購01,2026-09-01,0.16,-0.04,-20.0,30000000,0,綠增,否,,0.42,0.5,0.55,,-26.1324,-14.8464,-7.8614
708108,精華國票5C購01,2026-09-01,0.21,-0.01,-4.55,30000000,0,綠縮,否,,0.23,0.25,0.3,,-16.1765,-18.3007,-10.089
708109,磐儀國票5C購01,2026-09-01,0.29,0.05,20.83,361000000,0,綠增,否,,0.32,0.41,0.43,,-37.5494,-16.9697,-14.7088
708114,家登台新62購01,2026-09-01,1.3,0.35,36.84,101000000,0,綠縮,是,,0.73,0.92,1.26,,-33.7545,-31.0112,-12.7726
708115,勤凱台新5B購01,2026-09-01,1.37,0.26,23.42,27000000,0,,是,,1.01,1.14,2.86,,-20.9119,-46.676,
708116,群聯台新5B購01,2026-09-01,0.95,-0.1,-9.52,610000000,0,紅增,是,,1.09,0.96,1.23,,31.8841,-7.1567,-20.6919
708117,群聯台新5B購02,2026-09-01,0.51,-0.09,-15.0,145000000,0,紅縮,否,,0.57,0.63,0.61,,-18.3908,6.9374,-23.5037
708118,世界群益5B購05,2026-09-01,1.47,0.21,16.67,17000000,0,綠縮,否,,1.72,1.86,2.67,,-14.5418,-24.5849,-28.2275
708119,欣銓群益5B購01,2026-09-01,2.78,0.42,17.8,159000000,0,綠轉紅,否,,1.89,1.93,2.49,,-3.8657,-16.645,-20.1249
708121,家登群益61購01,2026-09-01,0.8,0.19,31.15,5000000,0,綠轉紅,否,,0.54,0.56,0.71,,-6.8966,-14.1104,-13.7219
708122,世界永豐65購01,2026-09-01,0.67,0.06,9.84,51000000,0,綠縮,否,,0.66,0.7,0.86,,-9.0411,-13.3085,-20.9559
708124,高鋒永豐5C購01,2026-09-01,0.28,0.01,3.7,1000000,0,紅縮,是,,0.45,0.41,0.48,,23.0769,-7.9365,-15.4657
708125,群聯永豐65購01,2026-09-01,0.95,-0.06,-5.94,174000000,0,紅縮,否,,0.96,0.9,0.94,,14.7619,5.4971,-9.6495
708128,東捷國泰61購01,2026-09-01,2.28,0.28,14.0,136000000,0,,是,,2.23,2.14,,,9.0909,-26.8218,
708129,欣銓國泰5C購01,2026-09-01,1.73,0.23,15.33,195000000,0,紅增,是,,1.27,1.31,1.34,,-6.7747,3.7975,-16.2348
708131,中美晶富邦61購01,2026-09-01,1.53,0.19,14.18,526000000,0,綠縮,是,,1.55,1.81,2.35,,-25.4335,-30.388,-4.0106
708133,中美晶元大5B購02,2026-09-01,2.4,0.14,6.19,16000000,0,,是,,2.42,2.44,2.21,,-1.0612,5.0884,
708135,世界元大5B購02,2026-09-01,0.93,0.1,12.05,85000000,0,綠縮,是,,0.98,1.12,1.69,,-21.7806,-31.1848,-8.0816
708136,世界元大5B購03,2026-09-01,1.05,-0.04,-3.67,13000000,0,綠縮,否,,1.07,1.21,1.47,,-21.0914,-14.6376,-18.6859
708137,均豪元大5B購01,2026-09-01,0.48,0.11,29.73,100000000,0,,否,,0.55,0.66,,,-29.3059,,
708138,群聯元大5B購01,2026-09-01,1.26,-0.07,-5.26,6000000,0,綠縮,是,,1.32,1.49,2.04,,-20.5529,-27.5243,-20.3592
708139,群聯元大5B購02,2026-09-01,1.09,-0.09,-7.63,939000000,0,綠增,是,,1.79,1.8,2.08,,-1.1025,-15.2256,-12.191
708140,群聯元大64購01,2026-09-01,1.13,0.03,2.73,11000000,0,紅增,否,,1.1,1.03,1.09,,13.9004,6.7288,-9.2045
708144,雙鴻元大61購14,2026-09-01,0.86,0.22,34.38,1103000000,0,,是,,0.67,0.71,,,-9.6774,,
708146,世界凱基5B購01,2026-09-01,0.38,0.05,15.15,142000000,0,綠縮,是,,0.53,0.55,0.99,,-7.6655,-41.5873,-33.8801
708148,欣銓凱基61購01,2026-09-01,1.15,0.12,11.65,141000000,0,綠縮,是,,0.91,0.97,1.18,,-12.3791,-13.0045,-10.0076
708149,原相凱基5B購02,2026-09-01,0.49,0.04,8.89,76000000,0,綠增,是,,0.6,0.69,0.91,,-22.6804,-16.3017,-15.5093
708150,家登凱基5B購01,2026-09-01,0.59,0.27,84.38,3000000,0,綠縮,否,,0.54,0.66,0.84,,-30.8673,-28.4017,-10.5682
708152,群聯凱基63購01,2026-09-01,0.73,-0.05,-6.41,604000000,0,紅縮,否,,0.74,0.88,0.83,,-28.3495,6.8924,-13.7842
708154,安葆台新5B購01,2026-09-01,0.2,-0.02,-9.09,40000000,0,,否,,0.18,0.24,,,-36.8056,-43.7799,
708157,鉅橡台新5B購01,2026-09-01,0.17,0.01,6.25,8000000,0,綠轉紅,是,,0.17,0.22,0.54,,-34.6154,-47.4328,-37.8238
708158,華景電國泰5C購01,2026-09-01,0.7,0.16,29.63,348000000,0,紅增,是,,0.66,0.6,0.78,,22.7612,-5.3883,-23.6596
708159,世界富邦5B購01,2026-09-01,0.35,0.03,9.38,307000000,0,綠縮,否,,0.37,0.44,0.56,,-26.7717,-18.2156,-24.1356
708160,系微富邦63購01,2026-09-01,0.2,0.0,0.0,77000000,0,綠縮,是,,0.24,0.26,0.47,,-12.2302,-48.419,-23.1023
708162,原相富邦5B購01,2026-09-01,0.25,0.03,13.64,50000000,0,紅轉綠,否,,0.32,0.34,0.42,,-12.7072,-9.1153,-26.0226
708164,群聯富邦62購01,2026-09-01,0.72,-0.05,-6.49,1386000000,0,紅縮,否,,0.72,0.72,0.67,,-0.2786,14.3541,-11.6755
708165,群聯富邦62購02,2026-09-01,0.55,-0.04,-6.78,1391000000,0,紅縮,是,,0.55,0.58,0.53,,-9.2409,13.556,-13.104
708167,東捷永豐64購02,2026-09-01,1.04,0.12,13.04,28000000,0,紅增,否,,0.94,0.94,1.19,,-1.0526,-11.5996,-19.5527
708168,東捷永豐67購01,2026-09-01,1.21,0.1,9.01,2000000,0,綠縮,否,,1.13,1.14,1.4,,-2.7634,-11.5414,-15.3216
708171,家登中信5B購01,2026-09-01,0.45,0.2,80.0,7000000,0,綠縮,否,,0.26,0.35,0.51,,-42.4107,-30.099,-19.12
708172,譜瑞中信5B購01,2026-09-01,0.26,0.01,4.0,6000000,0,紅增,否,,0.29,0.32,0.44,,-20.9945,-21.5496,-19.2982
708173,欣銓兆豐61購01,2026-09-01,1.11,0.17,18.09,158000000,0,紅增,是,,0.88,0.75,0.94,,43.7908,-6.1635,-7.8018
708176,東捷國票5C購01,2026-09-01,0.95,0.2,26.67,51000000,0,紅增,否,,0.81,0.91,1.19,,-20.3557,-14.8876,-27.5411
708179,群聯國票66購01,2026-09-01,0.86,-0.05,-5.49,993000000,0,紅縮,否,,0.86,0.84,0.81,,5.1095,10.1961,-8.1782
708180,東捷群益5B購02,2026-09-01,0.43,0.12,38.71,13000000,0,綠縮,是,,0.7,0.84,1.27,,-29.5547,-27.9726,-25.4118
708181,東捷群益5B購03,2026-09-01,0.58,0.06,11.54,209000000,0,紅增,否,,0.5,0.61,1.03,,-29.8883,-31.3416,-34.4268
708182,華景電群益5B購01,2026-09-01,0.2,0.04,25.0,100000000,0,綠縮,是,,0.24,0.38,0.76,,-53.2819,-52.4406,-26.0574
708183,群聯群益61購03,2026-09-01,0.55,-0.05,-8.33,11000000,0,紅縮,否,,0.55,0.53,0.55,,5.7915,5.754,-13.4118
708187,東捷元大5B購02,2026-09-01,2.03,0.27,15.34,65000000,0,,是,,2.57,3.2,,,-32.5472,-25.8357,
708188,東捷元大5B購03,2026-09-01,1.25,0.14,12.61,190000000,0,,是,,1.35,2.07,,,-51.9971,-46.4792,
708189,東捷元大5B購04,2026-09-01,0.42,0.09,27.27,90000000,0,綠增,是,,1.4,1.79,1.91,,-36.1391,-19.5056,-13.66
708190,家登元大5B購02,2026-09-01,0.98,0.33,50.77,3000000,0,綠縮,否,,0.86,1.15,1.44,,-40.884,-25.6774,-13.1666
708192,萬泰科元大5B購01,2026-09-01,0.25,0.0,0.0,3179000000,0,,是,,0.39,0.73,1.03,,-63.7546,-34.142,
708193,群翊元大5B購01,2026-09-01,0.38,0.1,35.71,450000000,0,綠縮,是,,0.41,0.51,0.68,,-33.871,-28.0726,-14.9876
708194,群聯元大5B購03,2026-09-01,0.5,-0.05,-9.09,475000000,0,紅縮,是,,0.57,0.57,0.65,,-1.7241,-3.0354,-20.2226
708198,精材元大61購06,2026-09-01,6.8,0.1,1.49,18000000,0,綠轉紅,否,,4.44,4.32,4.43,,5.5635,-6.6911,6.8911
708207,順達凱基63購01,2026-09-01,1.2,0.13,12.15,117000000,0,綠縮,是,,0.97,1.04,1.4,,-12.1377,-30.5425,-12.3866
708209,群聯凱基64購01,2026-09-01,0.69,-0.05,-6.76,1344000000,0,紅縮,是,,0.75,0.69,0.75,,18.9873,11.254,-16.4162
708210,環球晶凱基5B購03,2026-09-01,3.89,1.18,43.54,83000000,0,綠縮,是,,4.02,3.68,4.98,,20.1435,-32.7674,2.4059
708211,穩得凱基5B購01,2026-09-01,0.32,0.0,0.0,100000000,0,紅增,否,,0.32,0.26,0.46,,70.5263,-33.0729,-19.8246
708213,台特化台新5B購01,2026-09-01,0.6,0.07,13.21,2000000,0,紅增,否,,0.6,0.52,0.68,,40.4651,0.7797,-15.7373
708218,湧德台新5B購01,2026-09-01,0.45,0.0,0.0,249000000,0,綠縮,否,,0.4,0.46,0.75,,-22.5681,-42.4242,-20.107
708220,鈊象台新5B購01,2026-09-01,1.18,0.04,3.51,58000000,0,綠增,否,,1.84,1.9,1.95,,-6.6057,4.1028,-5.1901
708222,萬泰科台新5B購02,2026-09-01,0.9,0.12,15.38,172000000,0,綠縮,是,,0.76,1.54,1.96,,-67.2399,-34.7973,-15.9227
708228,凡甲富邦61購01,2026-09-01,0.28,0.0,0.0,10000000,0,綠增,否,,0.36,0.4,0.51,,-20.8889,-17.2485,-13.9749
708231,捷創富邦62購01,2026-09-01,0.7,-0.06,-7.89,100000000,0,綠轉紅,否,,0.55,0.57,0.64,,-6.8027,-12.0743,-6.7055
708232,世界永豐5C購01,2026-09-01,0.75,0.06,8.7,55000000,0,綠縮,否,,0.75,0.85,1.05,,-19.6162,-10.5708,-25.0893
708233,家登永豐61購01,2026-09-01,0.53,0.18,51.43,164000000,0,綠縮,是,,0.3,0.38,0.56,,-37.2881,-30.9353,-19.1273
708234,家碩永豐5B購01,2026-09-01,0.09,0.02,28.57,50000000,0,,是,,0.08,0.11,0.2,,-38.806,-41.9355,-33.9806
708235,群聯永豐65購02,2026-09-01,0.67,-0.03,-4.29,472000000,0,紅縮,否,,0.66,0.65,0.6,,2.8213,13.7083,-6.9876
708238,艾訊國票63購01,2026-09-01,0.87,0.05,6.1,200000000,0,綠增,否,,1.01,1.19,1.25,,-25.8772,-6.2943,-6.6891
708240,晶宏國票5C購01,2026-09-01,2.7,0.68,33.66,909000000,0,紅增,是,,1.64,1.54,1.37,,13.9276,22.488,-7.1308
708242,聰泰國票5C購01,2026-09-01,0.33,0.0,0.0,10000000,0,紅縮,否,,0.43,0.39,0.52,,19.6629,-15.5508,-18.3801
708243,寶雅國票5C購01,2026-09-01,1.85,-0.06,-3.14,6000000,0,紅縮,否,,2.08,2.01,1.74,,7.5491,28.2428,11.7117
708246,世界群益5B購06,2026-09-01,1.26,0.18,16.67,80000000,0,綠縮,否,,1.39,1.99,3.17,,-46.249,-34.3027,-18.73
708248,家登群益5B購02,2026-09-01,0.46,0.15,48.39,1000000,0,綠縮,否,,0.46,0.56,0.84,,-31.1178,-37.5419,-15.4577
708249,陽程群益5B購01,2026-09-01,7.7,-0.8,-9.41,54000000,0,紅縮,否,,7.27,4.78,3.32,,217.7448,153.7971,55.6467
708250,群聯群益5B購03,2026-09-01,0.39,-0.04,-9.3,1073000000,0,紅縮,否,,0.41,0.44,0.44,,-11.9149,6.25,-22.4382
708254,均豪元大65購01,2026-09-01,0.4,-0.01,-2.44,316000000,0,,是,,0.53,0.49,0.52,,16.3717,9.396,
708255,家登元大5B購03,2026-09-01,1.21,0.37,44.05,533000000,0,,是,,1.49,1.58,1.57,,-11.018,-1.1897,
708256,群聯元大5B購04,2026-09-01,0.82,-0.08,-8.89,311000000,0,紅縮,是,,1.02,0.89,1.01,,34.1207,6.9544,-14.5746
708257,群聯元大5B購05,2026-09-01,0.46,-0.04,-8.0,276000000,0,紅縮,否,,0.51,0.49,0.54,,4.5455,7.8431,-24.1501
708260,精材元大5B購09,2026-09-01,7.9,0.9,12.86,5000000,0,紅增,否,,6.03,5.64,4.62,,14.6936,16.9397,20.8263
708266,威剛元大5B購04,2026-09-01,0.33,-0.02,-5.71,19000000,0,紅縮,否,,0.41,0.44,0.48,,-11.6379,0.2294,-12.3636
708267,威剛元大5B購05,2026-09-01,0.38,-0.02,-5.0,11000000,0,紅縮,否,,0.45,0.48,0.51,,-11.0672,-0.4167,-11.0236
708268,威剛元大64購01,2026-09-01,0.6,0.0,0.0,602000000,0,紅縮,否,,0.63,0.63,0.61,,0.3165,4.1118,-3.0135
708269,陽程元大61購03,2026-09-01,3.4,-0.3,-8.11,30000000,0,紅增,是,,2.68,1.81,1.55,,184.1102,74.6628,25.3339
708273,安葆國泰5C購02,2026-09-01,0.6,0.08,15.38,214000000,0,,否,,0.53,0.48,0.53,,23.8318,-5.5227,
708274,勤凱國泰5C購01,2026-09-01,0.87,0.21,31.82,12000000,0,,否,,0.77,0.79,,,-5.3922,-9.8751,
708276,久元凱基64購01,2026-09-01,0.57,0.03,5.56,3000000,0,,否,,0.53,0.8,1.22,,-49.9062,-33.4443,
708279,威剛凱基5B購03,2026-09-01,0.2,-0.02,-9.09,457000000,0,紅縮,否,,0.27,0.3,0.33,,-18.5629,-11.1437,-16.182
708280,群聯凱基64購02,2026-09-01,0.63,-0.03,-4.55,1189000000,0,紅縮,否,,0.62,0.61,0.6,,0.6536,17.8503,-14.2248
708282,寶雅凱基5B購01,2026-09-01,1.39,-0.12,-7.95,10000000,0,紅轉綠,否,,2.09,1.84,1.61,,30.375,23.6913,15.066
708286,群聯兆豐65購01,2026-09-01,1.41,-0.05,-3.42,2000000,0,紅縮,否,,1.4,1.43,1.41,,-4.6322,3.3886,-8.1433
708288,久元國票5C購02,2026-09-01,0.17,0.03,21.43,50000000,0,,是,,0.25,0.42,0.59,,-58.8629,-32.1543,
708290,世界國票5C購02,2026-09-01,0.45,0.03,7.14,3000000,0,綠縮,否,,0.56,0.55,0.84,,1.8248,-25.8713,-29.3944
708292,威剛國票5C購01,2026-09-01,0.56,-0.03,-5.08,242000000,0,紅縮,是,,0.65,0.69,0.71,,-10.7438,-2.9661,-10.7277
708302,欣銓永豐61購01,2026-09-01,0.96,0.08,9.09,282000000,0,綠轉紅,否,,0.78,0.73,0.83,,13.1195,-2.0107,-15.2008
708303,威剛永豐5B購01,2026-09-01,0.25,-0.01,-3.85,2000000,0,紅轉綠,否,,0.37,0.35,0.43,,12.2699,-15.4034,-15.8915
708305,威剛永豐61購01,2026-09-01,0.64,-0.02,-3.03,61000000,0,紅縮,否,,0.73,0.74,0.81,,-2.9178,-4.3758,-8.131
708306,威剛永豐65購01,2026-09-01,1.31,-0.01,-0.76,132000000,0,紅縮,否,,1.4,1.39,1.4,,0.5755,4.2633,-2.9056
708307,威剛永豐68購01,2026-09-01,1.35,-0.01,-0.74,20000000,0,紅縮,否,,1.45,1.41,1.42,,5.2402,3.6765,-2.4022
708308,鉅橡永豐61購01,2026-09-01,0.11,-0.01,-8.33,60000000,0,綠縮,否,,0.11,0.15,0.28,,-40.4255,-46.2366,-28.2248
708309,廣穎永豐65購01,2026-09-01,1.52,0.02,1.33,5000000,0,紅增,否,,1.57,1.43,1.58,,21.1747,0.6329,-12.3754
708312,正淩群益63購01,2026-09-01,0.68,-0.01,-1.45,7000000,0,紅增,否,,0.66,0.64,0.87,,5.4487,-15.8793,-17.0324
708314,宏捷科群益5B購01,2026-09-01,0.11,0.03,37.5,1179000000,0,綠縮,是,,0.24,0.45,0.75,,-62.7692,-44.9383,-22.9979
708315,岳豐群益65購01,2026-09-01,0.36,-0.01,-2.7,50000000,0,,是,,0.41,0.69,0.93,,-57.1429,-31.0,-12.8866
708322,寶雅群益61購01,2026-09-01,1.24,-0.14,-10.14,1000000,0,紅轉綠,否,,1.33,1.42,1.17,,-11.9363,24.7142,5.6332
708325,大中凱基5B購01,2026-09-01,0.94,0.05,5.62,4000000,0,綠增,否,,1.3,3.72,3.77,,-78.7206,-30.412,-7.4124
708326,方土昶凱基5C購01,2026-09-01,1.44,-0.12,-7.69,12000000,0,紅縮,否,,1.75,1.59,1.47,,22.1757,23.5842,0.5464
708329,艾訊凱基5B購02,2026-09-01,0.45,0.06,15.38,30000000,0,綠縮,是,,0.52,0.65,0.94,,-34.1772,-36.0976,-18.4749
708330,良維凱基5B購05,2026-09-01,0.29,0.06,26.09,53000000,0,綠轉紅,否,,0.18,0.23,0.51,,-34.7518,-46.1894,-28.5112
708331,威剛凱基5B購04,2026-09-01,0.16,-0.01,-5.88,388000000,0,紅縮,否,,0.22,0.25,0.27,,-21.7391,-10.8696,-20.354
708335,群聯凱基61購02,2026-09-01,0.53,-0.06,-10.17,3179000000,0,紅增,是,,0.51,0.55,0.52,,-12.6712,11.1789,-18.3043
708337,環球晶凱基5C購02,2026-09-01,2.02,0.52,34.67,708000000,0,綠縮,是,,2.13,2.08,3.3,,4.9261,-43.6467,-5.9578
708341,安葆台新5B購02,2026-09-01,0.95,0.05,5.56,199000000,0,,是,,0.86,0.7,0.74,,59.6296,14.5425,
708342,艾訊台新5B購01,2026-09-01,1.38,0.08,6.15,84000000,0,綠縮,否,,1.46,1.72,2.12,,-26.4379,-20.6642,-12.469
708343,艾訊台新5B購02,2026-09-01,1.09,-0.02,-1.8,11000000,0,綠增,否,,1.26,1.64,2.02,,-37.6855,-29.2672,-16.8412
708344,良維台新5B購01,2026-09-01,0.97,0.13,15.48,953000000,0,紅增,是,,0.61,0.57,1.02,,14.3396,-28.4635,-31.7269
708347,湧德台新5B購02,2026-09-01,0.62,0.04,6.9,2109000000,0,綠轉紅,是,,0.56,0.58,0.79,,-6.0606,-23.6074,-16.2091
708349,順達台新5B購01,2026-09-01,1.91,0.26,15.76,1000000,0,綠轉紅,否,,1.3,1.31,1.87,,-1.2121,-18.0,-14.387
708350,順達台新5B購02,2026-09-01,2.15,0.36,20.11,1000000,0,綠轉紅,否,,1.84,1.6,2.14,,35.3461,-12.6776,-11.6059
708351,鈊象台新5B購02,2026-09-01,0.92,0.05,5.75,83000000,0,綠增,否,,1.49,1.71,2.13,,-22.5104,-19.0251,-13.0141
708353,群聯台新5B購03,2026-09-01,0.56,-0.05,-8.2,1144000000,0,紅縮,是,,0.58,0.6,0.59,,-6.129,7.8995,-18.9726
708358,台星科兆豐61購01,2026-09-01,0.62,0.07,12.73,2000000,0,,否,,0.53,0.63,0.67,,-26.1111,-15.4054,-11.7063
708359,均豪兆豐61購01,2026-09-01,0.39,0.09,30.0,271000000,0,綠轉紅,是,,0.23,0.25,0.35,,-18.1159,-30.663,-10.728
708361,精材群益5B購01,2026-09-01,7.9,2.05,35.04,1000000,0,,否,,4.7,4.23,3.26,,25.3867,40.7728,
708362,環球晶群益5B購02,2026-09-01,2.09,0.27,14.84,20000000,0,,,,,,,,,,
708363,環球晶群益5B購03,2026-09-01,2.29,0.73,46.79,68000000,0,,是,,5.13,4.44,,,36.7271,,
708365,凡甲元大5B購03,2026-09-01,0.48,-0.01,-2.04,8000000,0,綠縮,否,,0.55,0.69,1.0,,-33.8164,-30.715,-18.0743
708366,凡甲元大65購01,2026-09-01,0.65,-0.01,-1.52,178000000,0,綠縮,是,,0.65,0.75,0.93,,-25.2315,-19.3376,-12.5059
708370,台星科元大5B購02,2026-09-01,0.94,0.08,9.3,30000000,0,綠轉紅,否,,0.81,0.75,0.9,,20.059,-3.7419,-11.2531
708372,沛亨元大5B購01,2026-09-01,0.67,0.11,19.64,317000000,0,綠縮,是,,0.6,0.63,1.18,,-9.0361,-34.9744,-19.6038
708373,欣銓元大5B購01,2026-09-01,1.13,0.17,17.71,87000000,0,綠轉紅,否,,0.95,0.91,1.04,,8.2192,1.1086,-6.8873
708374,欣銓元大64購01,2026-09-01,0.85,0.09,11.84,90000000,0,,是,,0.86,0.9,0.92,,-9.322,-5.4622,
708377,威剛元大5B購07,2026-09-01,0.45,-0.02,-4.26,72000000,0,紅縮,否,,0.53,0.55,0.55,,-7.0175,-1.2567,-8.9491
708378,原相元大5B購01,2026-09-01,0.36,0.01,2.86,82000000,0,綠增,否,,0.52,0.59,0.77,,-20.2454,-9.9846,-21.3706
708379,家登元大5B購04,2026-09-01,0.31,0.1,47.62,199000000,0,,是,,0.6,,,,,,
708380,家登元大64購01,2026-09-01,0.55,0.12,27.91,258000000,0,,是,,0.44,0.63,0.71,,-47.343,-18.8703,
708381,陽程元大61購04,2026-09-01,3.8,0.0,0.0,1000000,0,,否,,2.01,1.63,1.56,,60.7029,25.8288,
708382,群聯元大5B購07,2026-09-01,0.68,-0.05,-6.85,280000000,0,紅縮,是,,0.81,0.73,1.01,,26.7913,-14.7541,-21.0732
708383,群聯元大61購05,2026-09-01,0.9,-0.05,-5.26,193000000,0,綠縮,是,,0.88,1.09,1.43,,-32.6154,-25.936,-11.8628
708387,均豪國泰62購01,2026-09-01,1.03,-0.01,-0.96,238000000,0,紅增,是,,0.86,0.84,1.0,,5.6235,1.816,-9.5109
708388,良維國泰5C購01,2026-09-01,0.7,0.13,22.81,43000000,0,綠縮,否,,0.52,0.74,1.3,,-45.5115,-47.5549,-21.545
708389,家登國泰5C購01,2026-09-01,0.62,0.2,47.62,1000000,0,綠縮,是,,0.43,0.62,0.72,,-46.6667,-21.7884,-11.6451
708391,力領台新5B購01,2026-09-01,0.64,0.05,8.47,82000000,0,紅增,是,,0.72,0.74,0.94,,-6.7708,-9.9515,-19.0905
708396,群聯台新5B購05,2026-09-01,0.81,-0.09,-10.0,420000000,0,紅增,否,,0.82,0.84,0.93,,-5.9908,2.3086,-20.3672
708406,欣銓凱基5B購01,2026-09-01,0.37,0.04,12.12,10000000,0,綠轉紅,否,,0.33,0.3,0.46,,21.1679,-14.4068,-18.8163
708407,信立凱基5B購02,2026-09-01,0.8,-0.1,-11.11,186000000,0,,否,,0.83,,,,,,
708408,威剛凱基5C購01,2026-09-01,0.18,-0.01,-5.26,215000000,0,綠增,否,,0.22,0.26,0.32,,-24.4898,-18.0952,-11.7729
708409,智通*凱基5B購01,2026-09-01,1.23,0.07,6.03,8000000,0,綠增,否,,1.59,1.76,1.59,,-17.9089,1.6176,4.419
708410,群聯凱基64購03,2026-09-01,0.49,-0.03,-5.77,21000000,0,紅縮,否,,0.48,0.49,0.47,,-1.6327,11.2128,-15.3986
708412,環球晶兆豐61購02,2026-09-01,1.94,0.35,22.01,3000000,0,綠縮,否,,1.93,1.79,2.74,,16.5659,-26.6885,-4.6649
708413,FH中5G元大5B購01,2026-09-01,1.25,-0.11,-8.09,15000000,0,綠縮,否,,1.42,1.67,2.83,,-26.1458,-38.7972,-28.665
708414,FH中5G元大5C購01,2026-09-01,1.98,-0.23,-10.41,4000000,0,綠縮,否,,2.24,2.24,3.71,,0.2681,-19.3305,-26.1285
708415,世界元大64購03,2026-09-01,0.57,0.06,11.76,158000000,0,,是,,0.7,1.01,0.96,,-47.1125,-16.3757,-4.7334
708416,世界元大65購01,2026-09-01,0.48,0.02,4.35,23000000,0,綠增,否,,0.55,0.66,0.86,,-28.534,-23.6597,-8.2843
708418,順達元大64購04,2026-09-01,2.52,0.21,9.09,521000000,0,綠轉紅,是,,1.98,2.06,2.21,,-7.2097,-1.1996,-5.9813
708419,新盛力元大64購01,2026-09-01,3.22,0.06,1.9,20000000,0,,是,,2.42,2.88,3.04,,-27.4745,-16.686,
708420,萬泰科元大5B購02,2026-09-01,0.85,0.11,14.86,18000000,0,綠縮,否,,0.78,0.88,1.33,,-19.9588,-24.111,-19.1898
708422,鈺太元大65購01,2026-09-01,0.27,0.03,12.5,6000000,0,紅增,否,,0.26,0.31,0.37,,-28.7293,-17.1123,-25.8483
708424,環球晶元大5B購05,2026-09-01,1.35,0.13,10.66,19000000,0,,是,,3.53,3.06,,,36.7157,35.6414,
708426,台半國票5C購01,2026-09-01,2.35,0.11,4.91,2000000,0,綠縮,是,,1.95,2.97,3.51,,-51.0799,-35.9611,-4.7483
708427,朋億*國票5C購01,2026-09-01,0.83,-0.1,-10.75,55000000,0,綠縮,否,,1.01,1.39,1.98,,-42.9219,-32.0764,-18.0671
708433,家登富邦61購02,2026-09-01,0.69,0.32,86.49,109000000,0,紅增,否,,0.4,0.32,0.41,,63.4146,-4.4248,-15.9672
708434,家登富邦62購01,2026-09-01,0.75,0.39,108.33,33000000,0,紅增,否,,0.42,0.35,0.46,,51.7986,-9.7938,-8.5968
708435,鈊象富邦61購02,2026-09-01,0.64,-0.05,-7.25,996000000,0,綠增,是,,0.75,0.79,0.9,,-9.6386,-12.6106,-9.0955
708440,立碁群益5C購01,2026-09-01,2.01,0.67,50.0,3000000,0,,否,,1.4,1.06,,,96.9101,,
708442,艾訊群益5B購02,2026-09-01,0.44,0.01,2.33,1000000,0,綠縮,否,,0.49,0.65,0.86,,-38.5,-35.0101,-18.0258
708443,家登群益61購02,2026-09-01,0.53,0.19,55.88,2000000,0,綠縮,否,,0.45,0.57,0.68,,-33.7243,-23.3784,-8.2884
708445,群聯群益5B購04,2026-09-01,0.27,-0.03,-10.0,1087000000,0,紅縮,否,,0.29,0.32,0.32,,-14.0351,6.0,-23.4803
708446,環球晶群益5C購02,2026-09-01,3.0,1.1,57.89,245000000,0,,是,,2.72,4.61,,,-58.236,-13.6466,
708448,世界凱基65購01,2026-09-01,0.34,0.02,6.25,101000000,0,綠縮,否,,0.39,0.46,0.58,,-25.8555,-18.9381,-20.9699
708449,台半凱基5C購01,2026-09-01,2.57,0.03,1.18,25000000,0,綠轉紅,是,,2.28,1.97,2.58,,37.8935,-5.5742,-8.5633
708450,合晶凱基5B購02,2026-09-01,5.45,1.43,35.57,109000000,0,綠縮,是,,4.85,5.92,8.56,,-30.7143,-35.0685,-6.0872
708451,合晶凱基61購01,2026-09-01,4.8,1.05,28.0,76000000,0,綠縮,是,,4.4,3.99,6.33,,22.8619,-26.2213,-9.4796
708452,欣銓凱基64購01,2026-09-01,0.52,0.05,10.64,116000000,0,綠縮,否,,0.45,0.47,0.56,,-4.6218,-19.6891,-9.1203
708453,金山電凱基5B購02,2026-09-01,1.03,0.14,15.73,13000000,0,綠縮,是,,0.95,2.72,4.51,,-78.8324,-51.5675,-13.6072
708454,威剛凱基5B購06,2026-09-01,0.23,-0.02,-8.0,150000000,0,紅縮,否,,0.29,0.31,0.33,,-13.8554,-3.7383,-13.0146
708455,胡連凱基5B購01,2026-09-01,0.47,0.03,6.82,3000000,0,紅縮,否,,0.56,0.51,0.58,,20.6897,-8.2437,-6.6935
708457,新盛力凱基5B購02,2026-09-01,2.33,-0.36,-13.38,1000000,0,紅縮,否,,2.65,1.92,2.32,,119.7674,-7.0946,-5.1224
708460,營邦凱基5B購01,2026-09-01,0.29,0.07,31.82,480000000,0,紅增,是,,0.19,0.22,0.26,,-26.1905,-17.3585,-6.2044
708462,營邦凱基5B購03,2026-09-01,0.44,0.08,22.22,2886000000,0,紅增,是,,0.28,0.25,0.28,,31.7757,-15.9322,-10.8491
708463,環球晶凱基5B購04,2026-09-01,0.93,0.31,50.0,1350000000,0,綠縮,是,,1.0,1.04,2.06,,-8.4559,-35.2393,-17.8115
708464,環球晶凱基5B購05,2026-09-01,1.13,0.32,39.51,948000000,0,綠縮,是,,1.22,1.28,2.27,,-7.8313,-48.4444,-7.343
708468,華景電台新5B購02,2026-09-01,0.43,0.13,43.33,126000000,0,,是,,0.71,1.06,1.28,,-49.2877,-27.3352,-13.4778
708469,華景電台新5B購03,2026-09-01,0.23,0.05,27.78,15000000,0,綠縮,是,,0.26,0.31,0.63,,-28.022,-45.5652,-23.6858
708470,環球晶台新5B購01,2026-09-01,4.07,1.08,36.12,951000000,0,,是,,4.26,4.05,4.87,,10.8221,-25.2536,-0.2354
708471,環球晶台新5B購02,2026-09-01,2.12,0.66,45.21,57000000,0,綠縮,否,,2.27,2.29,5.08,,-2.4117,-43.302,-18.2038
708472,環球晶台新62購01,2026-09-01,1.23,0.25,25.51,331000000,0,綠縮,是,,1.26,1.2,1.6,,10.5448,-8.828,-9.3759
708473,環球晶台新62購02,2026-09-01,0.98,-0.01,-1.01,2210000000,0,綠增,是,,1.27,1.21,1.64,,10.6272,-5.7677,-13.3404
708478,久元元大5B購06,2026-09-01,0.05,-0.05,-50.0,1000000,0,,否,,0.13,0.18,,,-48.3607,-44.7761,
708479,世禾元大5B購01,2026-09-01,0.3,0.03,11.11,450000000,0,,是,,0.5,0.5,0.51,,1.626,0.202,
708484,合晶元大5B購05,2026-09-01,3.9,0.3,8.33,6000000,0,綠縮,否,,4.08,3.65,6.18,,26.7702,-27.9171,-10.5933
708486,合晶元大65購01,2026-09-01,3.9,0.6,18.18,34000000,0,綠縮,是,,3.87,3.63,4.27,,14.2267,2.5431,-12.8506
708490,群聯元大5B購08,2026-09-01,0.24,-0.04,-14.29,2000000,0,綠縮,否,,0.3,0.42,0.6,,-44.6494,-35.3303,-19.9331
708491,群聯元大5B購09,2026-09-01,0.2,-0.01,-4.76,675000000,0,紅縮,是,,0.26,0.33,0.32,,-33.6735,-1.8072,-22.561
708492,營邦元大5B購01,2026-09-01,0.58,0.07,13.73,2599000000,0,紅增,是,,0.44,0.48,0.51,,-16.3498,-3.7849,-14.8954
708493,營邦元大5B購02,2026-09-01,0.44,0.08,22.22,759000000,0,,是,,0.3,0.33,0.42,,-15.0838,-20.4327,-22.0779
708494,環球晶元大5B購06,2026-09-01,3.08,0.86,38.74,2000000,0,綠增,否,,3.35,4.02,3.58,,-28.7963,-2.2346,12.5039
708495,環球晶元大5B購07,2026-09-01,2.33,0.49,26.63,282000000,0,綠縮,是,,2.4,2.33,3.25,,6.2832,-13.3779,-11.4881
708496,環球晶元大5B購08,2026-09-01,1.94,0.41,26.8,2000000,0,綠縮,否,,2.05,2.41,3.49,,-25.5797,-39.2785,-5.4116
708498,環球晶元大61購02,2026-09-01,2.19,0.04,1.86,33000000,0,綠轉紅,是,,1.92,1.57,2.09,,56.4437,-10.1714,-0.3822
708499,環球晶元大64購01,2026-09-01,1.98,0.18,10.0,17000000,0,綠縮,否,,2.02,2.0,2.3,,1.6129,-8.6341,-4.486
708500,譜瑞元大61購02,2026-09-01,0.63,0.03,5.0,33000000,0,紅增,否,,0.62,0.72,1.01,,-22.963,-29.0099,-20.8122
708501,威剛兆豐65購01,2026-09-01,1.48,0.0,0.0,28000000,0,紅縮,否,,1.57,1.55,1.49,,1.6883,5.1456,-2.6728
708502,金山電國泰61購01,2026-09-01,2.54,0.22,9.48,160000000,0,,是,,2.17,3.74,,,-59.2857,,
708503,群聯國泰62購01,2026-09-01,0.8,-0.02,-2.44,410000000,0,紅縮,否,,0.82,0.74,0.82,,22.8916,7.8717,-14.9223
708504,群聯國泰63購01,2026-09-01,1.15,-0.05,-4.17,110000000,0,紅增,否,,1.11,1.08,1.07,,5.8935,9.2836,-10.1723
708505,群聯國泰63購02,2026-09-01,0.87,-0.08,-8.42,1000000,0,紅縮,否,,0.88,0.85,0.8,,6.7797,15.2497,-11.7582
708507,環球晶國泰61購01,2026-09-01,3.32,0.6,22.06,197000000,0,,是,,3.37,3.51,,,-7.511,9.0034,
708508,環球晶國泰61購02,2026-09-01,3.83,0.71,22.76,455000000,0,,是,,3.88,,,,,,
708512,合晶國票5B購01,2026-09-01,4.85,0.89,22.47,5000000,0,綠增,否,,5.75,7.96,6.87,,-43.5363,-6.6901,10.9918
708513,合晶國票5C購01,2026-09-01,4.14,0.24,6.15,9000000,0,綠縮,否,,3.81,3.82,5.23,,-0.5219,-10.5756,-17.4294
708514,金山電國票5C購02,2026-09-01,1.01,0.05,5.21,465000000,0,綠轉紅,是,,0.89,1.09,1.41,,-30.8411,-17.3516,-36.0544
708515,環球晶國票5B購01,2026-09-01,1.78,0.4,28.99,239000000,0,綠縮,否,,1.85,2.09,2.78,,-20.4292,-33.3546,-0.269
708516,環球晶國票5C購01,2026-09-01,1.76,0.39,28.47,2195000000,0,綠縮,否,,1.85,1.83,2.69,,1.652,-13.9568,-17.3646
708517,世界富邦5B購02,2026-09-01,0.1,0.01,11.11,138000000,0,綠縮,否,,0.11,0.15,0.21,,-38.8889,-28.5714,-30.9211
708519,營邦富邦61購01,2026-09-01,0.43,0.04,10.26,1030000000,0,紅增,否,,0.3,0.28,0.27,,17.8295,9.7656,-6.6087
708520,環球晶富邦5B購02,2026-09-01,0.81,0.2,32.79,1927000000,0,綠縮,否,,0.86,0.84,1.39,,3.3735,-31.9355,-12.6531
708521,環球晶富邦61購01,2026-09-01,0.87,0.19,27.94,3429000000,0,綠增,是,,1.1,1.13,1.48,,-5.0086,-10.751,-12.1706
708522,中美晶群益5C購02,2026-09-01,1.4,0.18,14.75,185000000,0,綠縮,否,,1.44,1.69,2.71,,-25.5429,-39.0314,-7.2126
708523,世界群益5B購08,2026-09-01,0.13,0.02,18.18,30000000,0,綠縮,否,,0.15,0.2,0.37,,-40.9449,-40.5882,-34.9644
708524,朋程群益5B購01,2026-09-01,0.58,0.05,9.43,9000000,0,綠縮,否,,0.64,1.06,1.57,,-56.7385,-39.9435,-10.976
708525,金山電群益5B購01,2026-09-01,1.87,-0.23,-10.95,10000000,0,綠縮,是,,1.98,4.1,5.75,,-68.0515,-40.752,-10.8198
708526,新盛力群益5B購02,2026-09-01,3.24,-0.03,-0.92,4000000,0,,是,,2.49,2.21,,,28.9555,-18.9308,
708527,精材群益5B購02,2026-09-01,12.9,0.1,0.78,5000000,0,綠縮,否,,8.1,9.74,8.36,,-28.8225,1.3528,11.7313
708529,德微群益5B購01,2026-09-01,1.28,0.12,10.34,167000000,0,,是,,1.22,1.54,3.98,,-35.1121,-57.9592,
708530,營邦群益5B購01,2026-09-01,0.56,0.08,16.67,256000000,0,紅增,否,,0.34,0.3,0.32,,30.303,3.7543,-12.6374
708531,營邦群益5B購02,2026-09-01,0.47,0.12,34.29,72000000,0,紅增,否,,0.29,0.24,0.28,,58.0645,-0.8264,-13.8298
708532,環球晶群益5B購04,2026-09-01,1.44,0.35,32.11,288000000,0,,否,,1.54,1.5,,,5.4795,-17.4917,
708533,譜瑞群益5C購02,2026-09-01,0.48,0.02,4.35,3000000,0,紅縮,否,,0.62,0.68,0.92,,-18.0851,-25.8134,-17.5658
708536,立碁凱基5C購01,2026-09-01,1.16,0.25,27.47,28000000,0,,否,,0.86,0.71,,,51.773,,
708538,倚強凱基5B購01,2026-09-01,1.8,-0.15,-7.69,1000000,0,,是,,1.07,1.02,,,9.6311,-27.5496,
708540,精材凱基5B購04,2026-09-01,5.65,0.45,8.65,14000000,0,綠縮,否,,3.27,3.78,3.52,,-24.0112,-6.8932,7.1646
708541,臺慶科凱基5B購01,2026-09-01,0.64,0.04,6.67,3000000,0,綠縮,否,,0.73,0.85,2.24,,-25.2567,-57.7877,-26.1807
708542,譜瑞凱基61購01,2026-09-01,0.32,0.01,3.23,150000000,0,紅增,否,,0.31,0.35,0.42,,-23.8806,-14.6988,-22.2326
708543,群聯永豐65購03,2026-09-01,0.47,-0.01,-2.08,300000000,0,紅縮,否,,0.46,0.46,0.43,,0.4367,12.5,-7.841
708544,精材永豐63購01,2026-09-01,4.27,0.12,2.89,56000000,0,綠轉紅,是,,2.76,2.86,2.55,,-6.8919,-0.035,12.3351
708545,世界兆豐61購01,2026-09-01,0.35,0.04,12.9,847000000,0,綠增,是,,0.5,0.7,0.76,,-44.5676,-27.4327,-6.8796
708547,群聯群益67購01,2026-09-01,0.59,-0.02,-3.28,13000000,0,紅縮,否,,0.58,0.56,0.53,,4.3478,13.9394,-6.2444
708549,廣穎群益61購01,2026-09-01,1.97,-0.03,-1.5,13000000,0,綠縮,是,,2.16,1.86,2.49,,38.946,-6.3948,-7.9867
708550,世界元大63購03,2026-09-01,1.14,0.07,6.54,32000000,0,綠縮,否,,1.12,1.16,1.34,,-5.8626,-6.2298,-1.107
708551,新盛力元大61購02,2026-09-01,4.22,0.07,1.69,101000000,0,紅縮,是,,4.29,3.42,3.34,,68.7648,27.4627,5.3304
708552,群聯元大5C購01,2026-09-01,0.64,-0.03,-4.48,54000000,0,紅增,否,,0.66,0.61,0.73,,17.5627,-0.9788,-18.1818
708553,譜瑞元大5B購01,2026-09-01,0.37,0.02,5.71,496000000,0,紅縮,否,,0.54,0.59,0.86,,-14.2405,-26.2563,-21.2756
708554,譜瑞元大5B購02,2026-09-01,0.44,0.02,4.76,496000000,0,紅增,否,,0.47,0.61,0.89,,-37.3656,-33.223,-20.7159
708555,中美晶國泰61購01,2026-09-01,2.68,0.23,9.39,284000000,0,綠縮,是,,2.71,3.37,3.86,,-32.721,-26.2801,-1.9929
708556,台半國泰5C購01,2026-09-01,3.06,0.29,10.47,7000000,0,,是,,2.44,3.24,,,-39.7132,,
708557,欣銓國泰5C購02,2026-09-01,1.31,0.15,12.93,853000000,0,綠縮,是,,1.19,1.18,1.43,,1.3605,-17.5487,-8.3815
708558,立碁富邦5B購01,2026-09-01,0.7,0.38,118.75,3340000000,0,,是,,0.35,0.32,,,17.4497,,
708559,欣銓富邦5B購02,2026-09-01,0.32,0.03,10.34,65000000,0,綠轉紅,否,,0.27,0.26,0.33,,12.3967,-11.3793,-18.0368
708561,順達富邦5C購02,2026-09-01,0.81,0.14,20.9,270000000,0,綠轉紅,否,,0.53,0.57,0.76,,-13.3987,-13.8763,-17.5668
708562,群聯富邦62購04,2026-09-01,0.36,-0.02,-5.26,755000000,0,紅縮,是,,0.36,0.36,0.34,,-1.6484,11.0769,-11.7268
708568,宸曜國票5B購01,2026-09-01,0.72,0.01,1.41,12000000,0,紅縮,否,,0.7,0.73,0.66,,-7.8947,4.2857,0.2266
708570,新漢國票5B購01,2026-09-01,0.35,0.01,2.94,3000000,0,紅增,否,,0.35,0.42,0.44,,-29.9595,-6.4588,-22.1728
708573,家登凱基5B購05,2026-09-01,0.16,0.08,100.0,599000000,0,綠縮,否,,0.16,0.2,0.32,,-34.4538,-43.8746,-20.1733
708574,創惟凱基5B購01,2026-09-01,0.39,0.01,2.63,110000000,0,紅增,是,,0.38,0.38,0.52,,0.0,-14.7982,-18.6967
708575,華宏凱基5B購01,2026-09-01,0.09,-0.03,-25.0,10000000,0,,否,,0.13,0.27,,,-68.4729,,
708578,閎康凱基5B購04,2026-09-01,0.17,0.02,13.33,10000000,0,綠縮,否,,0.17,0.21,0.36,,-29.5082,-39.8844,-25.4359
708579,群聯凱基5B購04,2026-09-01,0.25,-0.01,-3.85,190000000,0,綠轉紅,否,,0.25,0.29,0.44,,-26.1905,-27.7228,-22.9682
708580,群聯凱基5C購01,2026-09-01,0.19,-0.03,-13.64,301000000,0,紅縮,否,,0.21,0.19,0.24,,24.7059,-3.0457,-23.36
708581,群聯凱基61購03,2026-09-01,0.32,-0.03,-8.57,491000000,0,紅縮,是,,0.34,0.36,0.41,,-6.0109,-2.7397,-18.6457
708582,榮剛凱基5B購01,2026-09-01,0.31,0.07,29.17,10000000,0,,否,,0.36,0.5,,,-42.5868,-31.0773,
708583,精材凱基5B購05,2026-09-01,3.69,0.07,1.93,178000000,0,綠縮,是,,1.71,2.6,2.22,,-51.0614,-8.3333,4.6846
708584,廣穎凱基5B購02,2026-09-01,1.49,-0.02,-1.32,10000000,0,綠增,否,,1.72,1.68,1.97,,5.0184,-6.1099,-17.5262
708588,群聯富邦62購05,2026-09-01,0.26,0.0,0.0,26000000,0,紅增,否,,0.24,0.23,0.24,,6.25,10.5263,-9.7889
708589,宏捷科兆豐65購01,2026-09-01,0.57,0.12,26.67,775000000,0,紅增,是,,0.44,0.46,0.5,,-7.9832,-5.383,-18.6371
708590,群聯兆豐65購02,2026-09-01,0.72,-0.02,-2.7,391000000,0,紅縮,否,,0.7,0.67,0.63,,7.3846,16.4076,-9.9209
708591,精材兆豐61購01,2026-09-01,2.81,0.01,0.36,59000000,0,綠縮,是,,1.87,1.87,1.86,,-0.1071,-8.0296,9.4045
708592,元太元大5B購02,2026-09-01,0.52,0.05,10.64,217000000,0,綠縮,否,,0.59,0.82,1.06,,-43.4866,-30.4681,-19.4964
708593,世禾元大5B購02,2026-09-01,0.22,0.02,10.0,26000000,0,綠增,否,,0.32,0.37,0.5,,-25.8216,-28.7908,-12.7641
708594,欣銓元大5B購02,2026-09-01,1.18,0.1,9.26,620000000,0,綠縮,是,,0.91,0.96,1.14,,-9.703,-12.9529,-15.975
708595,順達元大5B購03,2026-09-01,0.8,0.21,35.59,16000000,0,,是,,1.26,1.61,1.92,,-35.3122,-17.0619,
708596,新盛力元大61購03,2026-09-01,2.46,-0.04,-1.6,40000000,0,,否,,2.17,2.52,2.74,,-24.2488,-16.0547,
708598,群聯元大5B購11,2026-09-01,0.19,-0.02,-9.52,34000000,0,紅縮,否,,0.25,0.28,0.28,,-23.125,-0.3521,-23.6016
708601,群聯元大5B購14,2026-09-01,0.33,-0.04,-10.81,696000000,0,紅縮,是,,0.41,0.4,0.48,,1.5,-3.125,-23.741
708602,群聯元大5C購02,2026-09-01,0.29,-0.02,-6.45,946000000,0,,是,,0.32,0.4,0.61,,-32.5,-34.7403,-24.8919
708603,群聯元大61購06,2026-09-01,0.52,-0.03,-5.45,549000000,0,紅增,是,,0.56,0.56,0.66,,1.8182,-1.7699,-20.5742
708604,群聯元大63購03,2026-09-01,0.3,-0.01,-3.23,445000000,0,紅縮,否,,0.31,0.34,0.32,,-14.7541,3.6697,-10.7093
708605,精材元大61購07,2026-09-01,5.45,-0.05,-0.91,320000000,0,綠縮,是,,3.5,3.53,3.89,,-1.631,-7.8631,1.6333
708606,譜瑞元大5B購03,2026-09-01,0.13,0.0,0.0,110000000,0,紅縮,否,,0.2,0.24,0.38,,-31.9444,-27.5449,-22.5773
708607,中美晶永豐65購01,2026-09-01,0.88,0.12,15.79,134000000,0,綠縮,否,,0.88,0.96,1.44,,-15.1923,-37.1073,-5.9954
708610,新盛力永豐63購01,2026-09-01,1.45,0.01,0.69,277000000,0,紅縮,是,,1.47,1.24,1.13,,46.9062,28.8542,-2.8682
708611,群聯永豐5C購03,2026-09-01,0.19,-0.02,-9.52,442000000,0,紅縮,否,,0.2,0.2,0.21,,-1.9802,1.5228,-17.5439
708612,群聯永豐5C購04,2026-09-01,0.23,-0.01,-4.17,2000000,0,紅縮,否,,0.24,0.23,0.25,,8.0357,6.8807,-16.388
708613,精材永豐64購01,2026-09-01,2.69,0.1,3.86,11000000,0,綠縮,否,,1.67,2.0,1.89,,-28.5347,-9.2105,5.1069
708615,元太群益5B購03,2026-09-01,0.21,-0.03,-12.5,2000000,0,綠縮,否,,0.28,0.53,0.79,,-64.4501,-43.8559,-27.2309
708616,方土昶群益5B購02,2026-09-01,0.95,-0.03,-3.06,200000000,0,紅縮,否,,1.19,1.17,1.06,,4.9209,26.7391,-11.3389
708617,台半群益5B購01,2026-09-01,1.05,0.07,7.14,27000000,0,,否,,0.8,2.51,2.9,,-80.9207,-39.8321,-15.755
708618,家登群益5B購03,2026-09-01,0.14,0.04,40.0,502000000,0,綠縮,是,,0.11,0.15,0.25,,-47.0,-35.443,-22.2901
708620,陽程群益5B購02,2026-09-01,4.91,-0.79,-13.86,45000000,0,紅縮,否,,4.51,2.96,2.0,,222.4286,164.0179,49.1248
708622,新盛力群益5B購03,2026-09-01,1.32,0.02,1.54,9000000,0,紅縮,否,,1.5,1.29,1.43,,38.4473,4.7078,-11.1353
708624,群聯群益61購04,2026-09-01,0.27,-0.02,-6.9,440000000,0,紅縮,是,,0.27,0.28,0.29,,-2.8369,7.7519,-15.6433
708626,精材群益5B購04,2026-09-01,10.1,0.0,0.0,2000000,0,綠轉紅,否,,7.14,7.47,6.25,,-8.5128,10.8012,17.8474
708627,廣穎群益5B購02,2026-09-01,1.85,-0.06,-3.14,356000000,0,紅縮,是,,2.04,2.09,2.1,,-4.3112,8.2988,-15.5359
708629,元太凱基5B購04,2026-09-01,0.11,0.01,10.0,20000000,0,綠增,否,,0.18,0.36,0.54,,-67.033,-41.357,-29.7456
708630,元太凱基5B購05,2026-09-01,0.18,0.01,5.88,79000000,0,綠縮,否,,0.22,0.37,0.56,,-57.6336,-42.2601,-26.5226
708633,新盛力凱基61購01,2026-09-01,1.3,0.02,1.56,211000000,0,紅增,是,,1.38,1.04,1.26,,94.0845,-1.9718,-10.1822
708634,譜瑞凱基5B購03,2026-09-01,0.24,0.01,4.35,15000000,0,紅縮,否,,0.3,0.34,0.45,,-20.8556,-28.7234,-17.3042
708636,中美晶元大63購02,2026-09-01,2.02,0.24,13.48,95000000,0,綠縮,是,,2.08,1.96,2.73,,12.9348,-19.8117,-6.6154
708638,威剛元大5B購08,2026-09-01,0.63,-0.02,-3.08,74000000,0,紅縮,否,,0.72,0.76,0.78,,-9.7257,-1.1658,-8.9254
708639,閎康元大5B購01,2026-09-01,0.04,-0.06,-60.0,20000000,0,綠增,否,,0.1,0.15,0.21,,-47.4747,-34.3478,-21.8631
708640,順達元大5B購04,2026-09-01,1.19,0.18,17.82,804000000,0,綠縮,是,,1.12,1.46,1.8,,-37.8889,-28.3399,-16.4425
708642,優群元大5B購01,2026-09-01,0.17,0.01,6.25,58000000,0,綠增,否,,0.28,0.37,0.62,,-38.961,-40.48,-18.1577
708645,譜瑞元大5B購06,2026-09-01,0.35,0.0,0.0,496000000,0,紅縮,否,,0.42,0.5,0.65,,-29.4915,-21.5289,-17.7707
708646,譜瑞元大5B購07,2026-09-01,0.12,0.0,0.0,61000000,0,紅縮,否,,0.17,0.22,0.33,,-40.7143,-37.535,-24.6871
708648,沛亨永豐5C購01,2026-09-01,0.2,0.04,25.0,290000000,0,紅增,否,,0.15,0.17,0.28,,-16.3043,-20.6573,-41.7864
708649,金益鼎永豐5C購01,2026-09-01,0.43,-0.02,-4.44,5000000,0,紅縮,否,,0.48,0.51,0.61,,-11.1111,-11.9171,-15.8293
708650,廣穎永豐61購01,2026-09-01,0.78,-0.02,-2.5,500000000,0,紅縮,否,,0.83,0.84,0.81,,-2.3474,9.2088,-8.6343
708652,元太富邦62購01,2026-09-01,0.11,0.01,10.0,1000000,0,綠增,否,,0.21,0.29,0.37,,-43.7158,-19.6629,-20.623
708653,元太富邦62購02,2026-09-01,0.39,0.02,5.41,37000000,0,綠縮,否,,0.41,0.53,0.66,,-35.7143,-27.6334,-16.6561
708655,新盛力富邦62購01,2026-09-01,1.2,0.05,4.35,405000000,0,紅縮,否,,1.26,1.12,0.94,,27.6423,36.253,-3.6942
708658,廣穎群益61購02,2026-09-01,1.17,-0.03,-2.5,297000000,0,紅縮,是,,1.24,1.26,1.23,,-3.5714,10.6737,-9.5674
708660,臺慶科群益5B購02,2026-09-01,0.42,0.01,2.44,25000000,0,綠縮,否,,0.48,0.5,1.07,,-9.4697,-30.2358,-34.5872
708669,博盛元大5B購01,2026-09-01,0.8,0.02,2.56,67000000,0,綠轉紅,是,,0.72,0.73,0.98,,-1.9074,-0.411,-31.4415
708670,陽程元大63購02,2026-09-01,2.39,-0.2,-7.72,64000000,0,紅增,是,,2.18,1.4,1.17,,256.2092,95.2448,32.6531
708671,新盛力元大5B購03,2026-09-01,2.01,0.05,2.55,265000000,0,紅縮,是,,2.12,1.89,1.6,,27.5904,34.7361,8.3107
708674,威剛永豐67購01,2026-09-01,0.88,0.0,0.0,18000000,0,紅縮,否,,0.92,0.92,0.9,,-1.7167,3.7037,-1.6986
708678,臺慶科永豐5C購01,2026-09-01,0.46,0.01,2.22,33000000,0,紅增,否,,0.5,0.5,0.7,,1.2048,-11.0124,-33.0641
708679,凡甲凱基5C購01,2026-09-01,0.1,0.0,0.0,30000000,0,,否,,0.17,0.25,0.36,,-47.9042,-27.0115,-31.2139
708682,威剛凱基5B購07,2026-09-01,0.41,-0.01,-2.38,553000000,0,紅縮,是,,0.47,0.49,0.5,,-8.1712,-1.5968,-9.5716
708684,陽程凱基5B購01,2026-09-01,2.66,-0.07,-2.56,402000000,0,紅增,是,,2.19,1.38,0.89,,283.5664,215.0342,68.5904
708685,新盛力凱基5B購03,2026-09-01,1.1,0.01,0.92,543000000,0,紅縮,否,,1.24,0.98,0.87,,70.3297,43.8596,-8.3069
708686,新盛力凱基61購02,2026-09-01,1.39,0.01,0.72,105000000,0,紅增,是,,1.43,1.12,1.17,,73.4793,27.4376,-6.7621
708698,順達台新5B購03,2026-09-01,1.26,0.2,18.87,1000000,0,綠縮,否,,0.92,1.08,1.56,,-26.6026,-37.6369,-14.2191
708702,元太國泰5C購02,2026-09-01,0.29,0.01,3.57,150000000,0,綠增,是,,0.41,0.59,0.74,,-46.7363,-23.8651,-19.1803
708704,台半富邦62購01,2026-09-01,0.71,-0.01,-1.39,937000000,0,紅增,否,,0.63,0.59,0.65,,13.4058,7.0909,-32.8165
708705,華景電富邦5B購01,2026-09-01,0.21,0.04,23.53,1000000,0,綠縮,否,,0.19,0.24,0.39,,-33.5616,-37.8517,-20.5761
708706,新盛力富邦61購04,2026-09-01,1.05,-0.05,-4.55,223000000,0,紅縮,否,,1.08,0.97,0.8,,27.5294,37.9458,-3.9592
708707,德微富邦63購01,2026-09-01,0.85,0.13,18.06,408000000,0,,是,,1.6,,,,,,
708708,雙鴻富邦61購01,2026-09-01,1.28,0.3,30.61,703000000,0,紅增,是,,0.7,0.6,0.53,,37.9447,27.0042,1.3436
708712,光頡國票5B購02,2026-09-01,2.83,0.22,8.43,132000000,0,綠縮,是,,2.81,2.7,4.38,,8.417,-13.1875,-31.82
708713,朋程國票5B購01,2026-09-01,0.4,0.03,8.11,2000000,0,綠縮,否,,0.4,0.46,0.98,,-22.7799,-52.6316,-25.8138
708715,新盛力國票5B購02,2026-09-01,1.26,0.02,1.61,902000000,0,紅縮,否,,1.41,1.24,1.01,,29.7048,41.6382,-7.7099
708718,台半台新5B購02,2026-09-01,3.17,0.06,1.93,2000000,0,綠轉紅,否,,2.79,2.48,3.35,,28.0331,2.3093,-11.3447
708719,台半台新5B購03,2026-09-01,1.78,0.03,1.71,50000000,0,,是,,1.51,3.05,3.24,,-67.0588,-31.4382,-15.0899
708721,陽程凱基61購01,2026-09-01,2.08,-0.21,-9.17,460000000,0,紅增,是,,1.85,1.23,0.87,,208.6667,143.7376,48.1164
708722,陽程凱基63購02,2026-09-01,1.8,-0.36,-16.67,154000000,0,紅增,是,,1.59,1.06,0.75,,201.5209,149.0566,48.4608
708724,臺慶科凱基5B購02,2026-09-01,0.19,0.0,0.0,115000000,0,綠縮,否,,0.29,0.29,1.04,,0.6993,-68.6339,-33.3654
708728,威剛元大5B購09,2026-09-01,0.54,-0.01,-1.82,82000000,0,紅轉綠,否,,0.64,0.65,0.74,,-2.1472,-8.6402,-12.0475
708729,博盛元大5B購02,2026-09-01,0.47,0.02,4.44,192000000,0,,是,,0.53,0.88,0.98,,-56.8404,-30.7329,
708731,陽程元大5B購01,2026-09-01,1.93,-0.22,-10.23,67000000,0,紅增,否,,1.74,1.2,0.84,,159.1045,123.6059,41.4082
708732,陽程元大5B購02,2026-09-01,1.76,0.0,0.0,16000000,0,紅增,否,,1.2,0.79,0.67,,205.6122,68.0761,25.7062
708733,陽程元大65購02,2026-09-01,1.17,-0.06,-4.88,20000000,0,紅增,否,,0.62,0.5,0.49,,65.9574,16.2791,3.5979
708734,勤凱元大5B購01,2026-09-01,0.69,0.11,18.97,549000000,0,綠縮,是,,0.72,0.66,1.44,,22.7891,-49.1064,-31.1916
708735,勤凱元大5B購02,2026-09-01,0.64,0.2,45.45,254000000,0,綠轉紅,是,,0.61,0.56,1.09,,20.9486,-32.8932,-31.2539
708737,群翊元大5B購02,2026-09-01,0.47,0.12,34.29,684000000,0,紅增,是,,0.5,0.53,0.7,,-9.3525,-26.1838,-17.3578
708738,德微元大5B購01,2026-09-01,2.27,0.24,11.82,16000000,0,,是,,2.43,,,,,,
708739,德微元大5B購02,2026-09-01,1.13,0.1,9.71,359000000,0,,是,,1.08,2.46,2.22,,-71.831,-20.5626,
708740,擎亞元大5B購03,2026-09-01,0.71,0.0,0.0,448000000,0,,是,,1.43,1.8,1.84,,-34.3434,-18.371,-3.6815
708741,擎亞元大5B購04,2026-09-01,0.51,-0.02,-3.77,991000000,0,綠增,是,,0.8,1.23,1.62,,-51.2136,-35.4397,-6.2626
708742,尼克森永豐5C購01,2026-09-01,0.22,-0.02,-8.33,10000000,0,綠縮,否,,0.33,0.54,0.94,,-55.2279,-50.8197,-18.2453
708743,光頡永豐61購01,2026-09-01,1.16,0.03,2.65,70000000,0,,是,,0.83,2.37,2.56,,-78.7212,-28.5197,
708745,陽程永豐5B購02,2026-09-01,1.09,-0.16,-12.8,44000000,0,紅增,否,,1.0,0.58,0.45,,523.75,173.1132,51.4238
708746,精材永豐61購02,2026-09-01,3.11,0.1,3.32,20000000,0,,是,,2.2,2.16,1.75,,3.5849,18.1818,
708748,擎亞永豐5C購01,2026-09-01,0.86,0.02,2.38,2000000,0,綠縮,否,,0.83,1.1,1.8,,-39.6802,-33.0704,-17.5086
708749,擎亞永豐61購01,2026-09-01,1.01,0.06,6.32,404000000,0,綠縮,是,,0.93,1.13,1.49,,-30.0752,-32.2948,-10.7808
708750,雙鴻永豐65購01,2026-09-01,1.76,0.28,18.92,386000000,0,紅增,否,,1.1,1.0,0.91,,21.4128,20.1198,1.0532
708751,精材富邦5B購02,2026-09-01,2.99,0.06,2.05,11000000,0,綠轉紅,否,,2.23,2.32,1.91,,-7.7051,15.129,23.0695
708754,凡甲群益5B購02,2026-09-01,0.08,0.01,14.29,40000000,0,,是,,0.18,0.24,0.41,,-42.2078,-34.8525,-32.6429
708755,中美晶群益5B購03,2026-09-01,2.2,0.34,18.28,90000000,0,綠縮,否,,2.29,2.32,3.65,,-1.9658,-25.9271,-13.1914
708757,威剛群益61購02,2026-09-01,1.16,0.18,18.37,1000000,0,紅轉綠,否,,1.38,1.45,1.28,,-9.1984,8.1967,0.4693
708758,陽程群益5B購03,2026-09-01,1.57,-0.28,-15.14,3000000,0,紅增,否,,1.3,0.8,0.65,,336.9127,108.8773,38.4205
708760,精材群益5B購06,2026-09-01,4.47,-0.25,-5.3,10000000,0,綠縮,否,,2.3,2.85,2.76,,-32.6686,-11.2597,3.201
708761,擎亞群益5B購02,2026-09-01,0.54,0.05,10.2,1363000000,0,綠縮,是,,0.56,0.92,1.56,,-56.677,-48.2623,-19.4782
708762,大中國票5B購01,2026-09-01,0.54,0.02,3.85,21000000,0,綠縮,否,,0.73,0.84,1.68,,-22.8814,-32.4171,-23.1821
708769,家碩國票5C購01,2026-09-01,0.37,0.06,19.35,30000000,0,,是,,0.33,0.42,0.54,,-35.6589,-22.2018,
708770,博盛國票5B購02,2026-09-01,0.33,0.02,6.45,186000000,0,綠縮,是,,0.31,0.31,0.58,,-1.2739,-38.4615,-21.6924
708771,博盛國票5C購01,2026-09-01,0.47,0.02,4.44,22000000,0,綠縮,是,,0.4,0.47,0.89,,-27.8986,-48.9796,-12.31
708772,博盛國票5C購02,2026-09-01,0.48,0.03,6.67,10000000,0,綠縮,否,,0.45,0.44,0.75,,3.7209,-30.0319,-17.5178
708773,陽程國票5B購01,2026-09-01,1.78,-0.45,-20.18,138000000,0,紅增,是,,1.58,1.05,0.75,,209.375,148.9311,48.2143
708777,精材國票5C購02,2026-09-01,2.85,0.23,8.78,761000000,0,綠轉紅,是,,1.7,1.52,1.85,,26.1128,-13.4091,3.6715
708779,廣閎科國票5C購01,2026-09-01,0.93,0.08,9.41,1219000000,0,綠縮,是,,1.09,1.09,1.68,,0.1838,-18.2432,-16.7039
708780,擎亞國票5B購01,2026-09-01,0.88,0.06,7.32,90000000,0,綠縮,是,,1.16,1.77,2.63,,-50.9688,-38.5551,-17.1024
708781,FH中5G凱基5B購01,2026-09-01,0.52,-0.01,-1.89,20000000,0,綠縮,否,,0.7,1.02,1.82,,-48.4444,-39.9648,-26.8992
708784,光頡凱基5B購02,2026-09-01,1.2,0.32,36.36,3000000,0,綠縮,否,,1.05,0.91,2.49,,35.0515,-25.4293,-32.5922
708786,沛亨凱基5B購02,2026-09-01,0.29,0.07,31.82,205000000,0,綠轉紅,是,,0.19,0.23,0.66,,-24.8062,-46.3183,-31.8111
708788,聖暉*凱基5B購04,2026-09-01,0.08,0.0,0.0,15000000,0,綠縮,是,,0.27,0.54,1.07,,-66.5025,-56.0422,-14.4342
708789,精材凱基5B購06,2026-09-01,2.1,0.04,1.94,528000000,0,綠縮,否,,0.97,0.92,1.38,,10.2506,-33.7401,-3.7578
708791,精材凱基5C購02,2026-09-01,2.48,0.18,7.83,116000000,0,綠轉紅,否,,1.27,1.25,1.48,,3.4091,-24.7899,3.9423
708793,德微凱基5B購01,2026-09-01,1.25,0.11,9.65,275000000,0,綠縮,是,,1.17,1.2,1.75,,-4.5528,-6.3133,-14.5783
708794,世界中信5B購02,2026-09-01,0.15,0.03,25.0,157000000,0,綠縮,否,,0.16,0.22,0.29,,-43.4783,-25.0,-27.1684
708798,精材永豐65購01,2026-09-01,1.82,0.0,0.0,39000000,0,綠縮,是,,1.16,1.33,1.2,,-22.5936,1.6858,11.2093
708799,台半元大5B購01,2026-09-01,2.57,-0.04,-1.53,15000000,0,,是,,2.43,2.35,2.39,,6.6784,3.5667,-8.3956
708800,光頡元大5B購01,2026-09-01,1.31,-0.23,-14.94,110000000,0,,是,,1.51,1.68,2.7,,-18.8375,-49.0,-7.4803
708801,光頡元大5B購03,2026-09-01,1.85,-0.04,-2.12,30000000,0,,否,,1.81,2.4,,,-39.398,-21.0457,
708802,聖暉*元大5B購03,2026-09-01,0.45,0.01,2.27,339000000,0,,是,,0.51,0.8,1.02,,-53.4926,-36.0866,-6.2902
708804,雷科元大5B購01,2026-09-01,2.27,0.22,10.73,18000000,0,綠縮,是,,2.21,2.62,5.02,,-26.8034,-45.9409,-12.5621
708805,精材元大5B購13,2026-09-01,3.85,0.06,1.58,110000000,0,綠轉紅,否,,2.29,2.34,2.38,,-4.1073,-9.9075,6.4906
708806,精材元大5B購14,2026-09-01,4.35,0.34,8.48,61000000,0,綠轉紅,否,,2.68,2.54,2.56,,11.5544,-12.3924,13.5548
708807,精材元大5B購15,2026-09-01,3.71,0.11,3.06,195000000,0,綠縮,是,,2.12,2.56,2.55,,-29.7477,-14.5333,3.6216
708808,精材元大5B購16,2026-09-01,4.08,0.22,5.7,128000000,0,綠轉紅,是,,2.36,2.43,2.51,,-5.8353,-12.0565,14.4031
708809,精材元大5B購17,2026-09-01,4.1,0.17,4.33,98000000,0,綠轉紅,是,,2.46,2.33,2.51,,11.9199,-16.223,6.531
708812,世界台新5B購04,2026-09-01,0.7,0.08,12.9,40000000,0,綠縮,否,,0.74,0.85,1.25,,-23.125,-21.3889,-33.6175
708815,欣銓台新5B購04,2026-09-01,0.96,0.14,17.07,10000000,0,綠縮,否,,0.63,0.76,1.07,,-30.0668,-33.4206,-14.775
708816,倚強台新5B購01,2026-09-01,0.81,-0.14,-14.74,406000000,0,,是,,0.49,0.55,,,-20.0,-19.854,
708818,榮剛台新5B購01,2026-09-01,0.57,0.07,14.0,325000000,0,綠增,是,,0.69,0.73,0.9,,-10.6218,-18.9579,-14.974
708821,精材台新5C購01,2026-09-01,4.12,0.22,5.64,10000000,0,綠轉紅,否,,3.43,3.44,2.7,,-0.1744,24.3488,26.8121
708822,臺慶科台新5B購03,2026-09-01,0.89,-0.02,-2.2,52000000,0,綠縮,是,,0.89,1.73,2.86,,-65.3995,-50.5416,-17.6724
708823,臺慶科台新5B購04,2026-09-01,0.64,-0.04,-5.88,33000000,0,綠縮,是,,0.54,0.7,1.95,,-36.5967,-59.2442,-25.6767
708825,光頡國票5B購03,2026-09-01,1.22,0.08,7.02,10000000,0,綠縮,是,,1.09,1.2,2.54,,-17.3516,-9.2284,-18.775
708826,翔名國票5C購02,2026-09-01,0.42,0.0,0.0,5000000,0,綠增,否,,0.5,0.66,0.94,,-39.6135,-34.3874,-15.5716
708827,聖暉*兆豐61購01,2026-09-01,0.33,0.04,13.79,1000000,0,綠縮,否,,0.32,0.4,0.71,,-34.1564,-43.3193,-30.1775
708831,茂綸群益5C購01,2026-09-01,0.32,0.0,0.0,40000000,0,紅縮,否,,0.39,0.39,0.45,,-2.5126,0.0,-13.346
708833,精材群益5B購07,2026-09-01,4.1,0.22,5.67,62000000,0,綠縮,否,,1.82,2.68,2.68,,-48.7585,-23.2312,1.1518
708836,精材國泰5C購01,2026-09-01,4.37,0.17,4.05,353000000,0,綠縮,是,,2.42,2.83,2.67,,-24.9536,-7.9753,6.3881
708839,萬泰科富邦63購01,2026-09-01,0.37,0.02,5.71,2000000,0,綠縮,否,,0.33,0.34,0.45,,-8.427,-14.5363,-15.1887
708840,中美晶元大5B購04,2026-09-01,2.1,0.15,7.69,57000000,0,綠縮,否,,2.08,2.08,2.5,,-0.0,-19.9539,1.4184
708841,台半元大5B購02,2026-09-01,1.29,0.0,0.0,1000000,0,綠縮,否,,1.13,1.13,2.72,,-0.1767,-45.911,-21.3119
708842,光頡元大5B購04,2026-09-01,1.21,0.07,6.14,10000000,0,,否,,1.08,2.24,2.91,,-68.2913,-42.5167,
708843,威剛元大5B購10,2026-09-01,1.57,-0.04,-2.48,317000000,0,紅縮,否,,1.73,1.74,1.69,,-0.9153,3.4483,-4.802
708844,威剛元大5B購11,2026-09-01,0.77,-0.03,-3.75,17000000,0,紅縮,否,,0.86,0.87,0.85,,-1.8265,2.1176,-4.9916
708845,翔名元大5B購01,2026-09-01,0.24,0.0,0.0,8000000,0,綠縮,否,,0.32,0.37,0.66,,-24.0566,-35.5786,-25.6194
708846,順達元大5B購05,2026-09-01,1.7,0.35,25.93,9000000,0,綠縮,是,,1.29,2.02,2.31,,-53.0612,-20.7859,-13.9552
708847,新盛力元大5B購04,2026-09-01,2.45,-0.46,-15.81,81000000,0,紅增,是,,2.52,1.89,2.09,,100.6359,28.8147,-0.8782
708848,群翊元大5B購03,2026-09-01,0.52,0.12,30.0,350000000,0,,是,,0.53,0.69,0.85,,-37.3522,-26.7306,-23.7387
708849,擎亞元大5B購05,2026-09-01,0.42,0.03,7.69,193000000,0,綠增,是,,0.78,1.01,1.52,,-38.118,-40.2941,-9.3079
708850,擎亞元大5B購06,2026-09-01,0.66,-0.01,-1.49,217000000,0,綠縮,否,,0.67,0.86,1.32,,-36.5019,-38.307,-13.0964
708853,立碁凱基5C購02,2026-09-01,1.42,0.27,23.48,111000000,0,,是,,1.03,0.93,0.85,,24.9395,29.0278,
708855,光頡凱基5B購04,2026-09-01,0.75,0.04,5.63,11000000,0,,是,,2.43,2.69,2.26,,-17.6032,11.5066,
708856,茂綸凱基5C購01,2026-09-01,0.5,0.03,6.38,10000000,0,,否,,0.63,0.72,0.94,,-21.8905,-22.1739,-16.6888
708858,德微凱基5B購02,2026-09-01,0.52,0.03,6.12,30000000,0,綠縮,是,,0.5,0.98,1.65,,-65.4321,-57.4219,-19.6594
708859,立敦台新5B購01,2026-09-01,1.4,0.02,1.45,10000000,0,,否,,2.9,3.32,,,-22.8145,,
708860,立敦台新5B購02,2026-09-01,0.63,0.0,0.0,1000000,0,綠縮,是,,0.79,1.79,2.74,,-71.6332,-46.1862,-16.9093
708861,沛亨台新5B購01,2026-09-01,0.7,0.19,37.25,223000000,0,,是,,0.64,0.62,1.8,,3.9216,-60.1278,
708864,捷創台新5B購01,2026-09-01,0.54,-0.11,-16.92,60000000,0,,否,,0.5,0.6,,,-28.6932,,
708867,新盛力台新5C購01,2026-09-01,3.6,-0.38,-9.55,1000000,0,綠縮,是,,3.04,3.31,3.76,,-15.5259,-10.7672,-3.7412
708869,中美晶中信5B購01,2026-09-01,1.02,0.13,14.61,16000000,0,綠縮,否,,0.99,1.01,1.62,,-4.6332,-22.3331,-12.0577
708870,光頡中信5B購01,2026-09-01,0.43,-0.05,-10.42,92000000,0,紅增,否,,0.42,0.5,0.61,,-28.9116,-5.8052,-43.4582
708873,光頡永豐64購01,2026-09-01,1.49,0.08,5.67,3000000,0,綠縮,否,,1.45,1.12,2.15,,82.1608,-34.0575,-21.5028
708874,雅特力永豐5B購01,2026-09-01,2.01,0.25,14.2,10000000,0,綠縮,否,,1.92,2.11,2.3,,-16.5943,-20.1589,6.7797
708875,千如國票5C購01,2026-09-01,0.56,0.0,0.0,332000000,0,紅增,否,,0.54,0.55,0.67,,-3.9427,-2.4955,-36.5057
708876,台半國票5C購02,2026-09-01,1.51,0.05,3.42,2000000,0,綠縮,是,,1.34,1.44,1.76,,-12.8739,-29.9757,-8.771
708877,台星科國票5C購02,2026-09-01,0.58,0.04,7.41,6000000,0,,否,,0.53,,,,,,
708880,亞通國票5B購01,2026-09-01,0.96,-0.04,-4.0,1432000000,0,紅增,是,,0.74,0.68,0.7,,17.4603,13.4106,-1.8868
708882,能率國票5C購01,2026-09-01,0.62,-0.04,-6.06,170000000,0,綠縮,是,,0.63,0.67,0.72,,-10.7649,2.7692,-11.0767
708884,智通*國票5B購02,2026-09-01,0.4,0.0,0.0,879000000,0,綠縮,是,,0.41,0.42,0.63,,-4.6296,-36.8263,-10.5783
708886,雅特力國票5C購01,2026-09-01,2.15,0.36,20.11,4000000,0,綠縮,否,,1.97,1.87,2.34,,11.325,-11.2696,1.1027
708887,萬泰科國票5C購01,2026-09-01,0.41,0.02,5.13,60000000,0,綠增,否,,0.53,0.62,0.83,,-24.5763,-29.9097,-11.1881
708888,雷科國票5B購02,2026-09-01,1.08,0.08,8.0,32000000,0,綠縮,否,,0.98,1.09,1.63,,-18.408,-21.2797,-30.5656
708889,德微國票5C購01,2026-09-01,0.94,0.08,9.3,339000000,0,綠轉紅,否,,0.9,0.87,1.5,,7.619,-12.8,-29.8431
708890,擎亞國票5B購02,2026-09-01,0.86,0.07,8.86,50000000,0,綠縮,否,,0.78,1.05,1.71,,-40.4255,-31.9066,-21.92
708892,世界群益62購02,2026-09-01,0.45,0.04,9.76,39000000,0,綠縮,否,,0.46,0.48,0.64,,-7.6,-18.887,-22.7273
708893,立碁群益5B購01,2026-09-01,2.11,0.56,36.13,161000000,0,,是,,1.6,1.35,,,47.4265,4.6656,
708894,光頡群益5B購02,2026-09-01,0.83,0.03,3.75,447000000,0,綠縮,是,,1.25,1.3,2.84,,-7.9529,-31.2236,-32.5984
708895,均豪群益5B購02,2026-09-01,0.92,0.21,29.58,50000000,0,綠轉紅,否,,0.66,0.77,1.1,,-24.0826,-27.7097,-13.631
708896,擎亞群益5C購01,2026-09-01,0.43,0.04,10.26,2017000000,0,綠縮,是,,0.39,0.51,1.01,,-39.8754,-48.1332,-21.8726
708897,雷科國泰61購01,2026-09-01,2.91,0.25,9.4,100000000,0,綠縮,是,,2.59,2.75,4.26,,-10.4282,-25.0205,-13.7802
708898,寶雅富邦61購01,2026-09-01,2.14,-0.02,-0.93,10000000,0,紅縮,否,,2.33,2.25,2.06,,6.6972,18.8918,6.1872
708902,大中統一63購01,2026-09-01,0.73,0.04,5.8,40000000,0,綠縮,否,,0.83,0.81,1.28,,5.0633,-29.7485,-12.9504
708903,大中統一65購01,2026-09-01,0.65,0.03,4.84,183000000,0,綠縮,否,,0.69,0.7,0.82,,-4.4444,-6.755,-27.1836
708904,世界統一64購02,2026-09-01,0.52,0.03,6.12,10000000,0,綠縮,否,,0.52,0.58,0.63,,-20.6154,-7.1656,-16.8218
708905,世界統一65購01,2026-09-01,0.44,0.02,4.76,100000000,0,綠縮,否,,0.48,0.52,0.63,,-11.6788,-14.5695,-18.1283
708907,尼克森統一63購01,2026-09-01,0.28,0.01,3.7,8000000,0,綠增,否,,0.39,0.58,0.87,,-49.0909,-42.1315,-15.4594
708912,光頡統一63購01,2026-09-01,0.99,-0.06,-5.71,20000000,0,綠縮,是,,0.92,0.96,1.97,,-7.2435,-48.0477,-10.4186
708913,光頡統一65購01,2026-09-01,0.88,0.17,23.94,62000000,0,紅增,否,,0.73,0.65,0.79,,26.0417,10.5263,-29.1179
708914,光頡統一65購02,2026-09-01,0.47,0.01,2.17,20000000,0,綠縮,否,,0.47,0.47,0.67,,-0.4274,-13.6784,-22.3502
708915,安葆統一75購01,2026-09-01,0.6,0.01,1.69,1000000,0,,是,,0.59,0.76,0.72,,-36.4807,-11.4983,-1.6338
708916,艾訊統一65購01,2026-09-01,0.3,0.01,3.45,640000000,0,綠縮,否,,0.3,0.34,0.38,,-19.7861,-17.199,-10.4513
708917,邑錡統一65購01,2026-09-01,0.53,0.0,0.0,368000000,0,綠縮,否,,0.51,0.52,0.58,,-4.4776,-2.7829,-10.155
708918,亞通統一65購01,2026-09-01,0.69,-0.03,-4.17,267000000,0,,是,,0.63,0.58,0.61,,20.0758,0.0,4.0309
708919,欣銓統一63購01,2026-09-01,0.69,0.09,15.0,11000000,0,綠轉紅,否,,0.53,0.5,0.63,,14.7186,-20.1288,-5.9791
708920,欣銓統一65購02,2026-09-01,0.6,0.06,11.11,87000000,0,紅增,否,,0.51,0.51,0.51,,-0.3937,4.321,-8.9928
708921,欣銓統一67購01,2026-09-01,1.16,0.09,8.41,223000000,0,紅增,是,,0.97,0.85,0.98,,30.8108,-0.5821,-6.6127
708922,欣銓統一69購01,2026-09-01,0.86,0.09,11.69,51000000,0,綠縮,是,,0.8,0.81,0.84,,-2.1951,-5.8072,-1.5196
708923,威剛統一64購02,2026-09-01,0.5,0.0,0.0,4000000,0,紅縮,否,,0.53,0.54,0.54,,-3.9855,8.4168,-5.2585
708925,威剛統一65購02,2026-09-01,0.67,-0.02,-2.9,86000000,0,紅縮,否,,0.71,0.71,0.69,,0.2833,3.5139,-1.7131
708926,威剛統一65購03,2026-09-01,0.52,-0.01,-1.89,38000000,0,紅縮,否,,0.55,0.55,0.54,,0.3663,6.2136,-4.9738
708927,威剛統一69購01,2026-09-01,0.47,-0.01,-2.08,40000000,0,紅縮,否,,0.49,0.48,0.47,,1.2448,3.8544,-1.2672
708930,翔名統一63購01,2026-09-01,0.37,0.04,12.12,300000000,0,綠縮,否,,0.39,0.4,0.56,,-6.2201,-20.4322,-17.6211
708931,翔名統一65購01,2026-09-01,0.43,0.03,7.5,104000000,0,綠縮,否,,0.46,0.52,0.63,,-18.662,-21.0123,-9.6429
708934,順達統一65購02,2026-09-01,0.67,0.06,9.84,101000000,0,綠轉紅,是,,0.54,0.5,0.63,,18.5022,-15.9322,-10.0427
708935,新盛力統一69購01,2026-09-01,0.83,0.01,1.22,630000000,0,紅縮,是,,0.84,0.78,0.69,,17.6966,23.2114,-1.7192
708936,聖暉*統一63購02,2026-09-01,0.34,0.03,9.68,619000000,0,綠縮,是,,0.32,0.41,0.64,,-36.6534,-31.2081,-24.7052
708937,臺慶科統一63購01,2026-09-01,0.68,0.03,4.62,64000000,0,紅增,否,,0.66,0.69,0.74,,-6.2147,0.0,-22.961
708938,臺慶科統一65購01,2026-09-01,0.47,-0.04,-7.84,45000000,0,紅增,否,,0.48,0.5,0.53,,-8.8123,-1.1881,-20.4478
708939,擎亞統一67購01,2026-09-01,0.52,0.02,4.0,813000000,0,綠縮,否,,0.49,0.55,0.64,,-18.6047,-11.2195,-15.5308
708941,世界凱基63購01,2026-09-01,0.62,0.04,6.9,10000000,0,綠縮,否,,0.61,0.67,0.84,,-15.1934,-16.4794,-19.0799
708942,台半凱基61購01,2026-09-01,1.0,-0.04,-3.85,157000000,0,綠縮,是,,0.95,1.48,2.13,,-52.8302,-41.8367,-8.195
708943,台星科凱基5C購01,2026-09-01,0.73,0.07,10.61,157000000,0,紅增,是,,0.62,0.59,0.68,,10.3943,3.7102,-13.7667
708945,威剛凱基5B購08,2026-09-01,0.6,-0.02,-3.23,103000000,0,紅縮,否,,0.68,0.68,0.67,,0.2933,2.2455,-6.5881
708946,德微凱基5C購01,2026-09-01,0.54,0.01,1.89,30000000,0,綠縮,否,,0.51,0.52,1.34,,-2.682,-61.71,-18.9785
708947,擎亞凱基5B購04,2026-09-01,0.45,0.04,9.76,100000000,0,綠縮,是,,0.4,0.69,1.06,,-59.596,-35.7077,-35.0092
708948,順達台新61購01,2026-09-01,2.56,0.35,15.84,119000000,0,,是,,2.18,2.66,3.03,,-30.9206,-14.8385,
708949,鈊象台新5B購04,2026-09-01,1.17,-0.21,-15.22,79000000,0,綠增,是,,1.38,1.68,1.69,,-30.3337,-6.726,-9.1667
708953,均豪元大5B購03,2026-09-01,0.41,0.02,5.13,150000000,0,紅增,否,,0.37,0.42,0.42,,-20.9402,-8.7146,-11.9418
708954,威剛元大5B購12,2026-09-01,0.96,-0.01,-1.03,160000000,0,紅縮,否,,1.08,1.1,1.1,,-4.6099,0.8234,-6.3613
708955,威剛元大5B購13,2026-09-01,0.76,-0.02,-2.56,211000000,0,紅縮,否,,0.84,0.85,0.94,,-1.1737,-3.2,-8.7379
708956,順達元大5B購06,2026-09-01,2.23,0.29,14.95,220000000,0,綠縮,是,,2.09,2.29,2.75,,-16.0901,-23.5963,-10.581
708959,雷科元大5B購03,2026-09-01,1.51,0.09,6.34,26000000,0,,是,,1.45,2.7,3.51,,-63.2032,-40.2744,-12.9076
708960,雷科元大5B購04,2026-09-01,2.69,0.26,10.7,76000000,0,,是,,2.45,2.65,3.21,,-13.9845,-16.9438,
708961,擎亞元大5B購07,2026-09-01,0.77,0.03,4.05,567000000,0,綠縮,是,,0.74,0.97,1.33,,-37.8559,-37.2651,-9.464
708963,台半永豐5C購02,2026-09-01,0.82,0.0,0.0,200000000,0,綠縮,否,,0.72,0.69,1.32,,7.8313,-56.5491,-14.6184
708967,均豪群益5B購03,2026-09-01,0.57,0.17,42.5,53000000,0,綠縮,否,,0.44,0.57,0.76,,-36.7521,-34.589,-8.1459
708970,欣銓群益5B購03,2026-09-01,0.96,0.1,11.63,30000000,0,綠縮,否,,0.77,0.84,1.06,,-16.7028,-14.9899,-11.2177
708971,鈊象群益5B購03,2026-09-01,0.43,0.0,0.0,108000000,0,綠增,否,,0.67,1.03,1.14,,-52.2857,-16.0032,-18.4907
708973,德微群益5B購03,2026-09-01,0.63,0.11,21.15,10000000,0,綠縮,否,,0.68,1.55,2.11,,-71.7589,-47.1229,-21.2076
708974,雙鴻群益5B購08,2026-09-01,3.31,0.79,31.35,270000000,0,,否,,1.63,1.39,1.67,,41.5945,20.0689,-13.594
708977,台半統一63購01,2026-09-01,1.03,0.01,0.98,20000000,0,綠縮,否,,0.89,0.78,1.21,,31.3609,-13.7817,-7.8977
708979,台半統一69購01,2026-09-01,0.55,-0.01,-1.79,10000000,0,綠縮,否,,0.49,0.48,0.65,,3.8136,-17.637,-12.3242
708980,台星科統一65購01,2026-09-01,0.63,0.03,5.0,108000000,0,紅增,否,,0.58,0.51,0.56,,33.1797,7.2034,-5.9222
708982,沛亨統一69購01,2026-09-01,0.44,0.02,4.76,312000000,0,紅增,否,,0.39,0.38,0.48,,9.4444,-9.1566,-19.7674
708987,威剛統一65購04,2026-09-01,0.68,-0.02,-2.86,51000000,0,綠縮,否,,0.7,0.69,0.78,,1.7493,-7.4866,-8.6217
708988,茂達統一65購01,2026-09-01,0.66,0.02,3.12,141000000,0,綠縮,否,,0.67,0.64,0.76,,9.4463,-11.1878,-20.3461
708989,茂綸統一65購01,2026-09-01,0.48,0.01,2.13,167000000,0,紅縮,是,,0.5,0.49,0.52,,5.0,0.2037,-5.4645
708992,德微統一63購02,2026-09-01,0.45,0.06,15.38,60000000,0,綠轉紅,是,,0.43,0.39,0.69,,23.1214,-13.2584,-26.9758
708994,擎亞統一63購01,2026-09-01,0.6,0.04,7.14,35000000,0,綠縮,否,,0.55,0.66,0.99,,-27.8215,-36.3107,-9.0909
708995,擎亞統一65購01,2026-09-01,0.44,0.0,0.0,150000000,0,綠縮,否,,0.44,0.51,0.75,,-25.3425,-24.8895,-15.9347
708996,擎亞統一66購01,2026-09-01,0.62,0.04,6.9,73000000,0,綠縮,否,,0.59,0.7,0.92,,-27.8325,-26.7296,-7.3775
708997,鑫科統一69購01,2026-09-01,0.32,0.01,3.23,6000000,0,綠縮,否,,0.3,0.35,0.41,,-23.7374,-20.6818,-10.0546
708998,台半國票5C購03,2026-09-01,0.86,0.06,7.5,1000000,0,綠縮,否,,0.72,1.45,1.61,,-66.9716,-34.7982,-10.8587
708999,安葆國票5C購02,2026-09-01,0.79,0.12,17.91,6000000,0,,是,,0.66,0.61,,,19.1336,-10.9971,
709001,泓格國票5B購01,2026-09-01,0.38,-0.04,-9.52,123000000,0,綠縮,是,,0.47,0.6,0.85,,-35.7923,-43.9888,-12.0538
709002,泓格國票5C購01,2026-09-01,0.46,-0.04,-8.0,10000000,0,綠縮,否,,0.54,0.68,0.93,,-34.4743,-38.3424,-12.0076
709003,雷科國票5B購04,2026-09-01,1.62,0.22,15.71,409000000,0,綠縮,是,,1.42,1.53,2.33,,-12.9584,-19.1332,-24.341
709004,漢達國票5C購01,2026-09-01,0.59,-0.26,-30.59,784000000,0,綠縮,是,,0.44,0.59,0.68,,-40.3226,-18.6301,-24.6425
709005,德微國票5C購02,2026-09-01,0.69,0.08,13.11,23000000,0,綠轉紅,否,,0.64,0.67,1.06,,-7.4928,-7.6072,-32.5559
709006,大中台新5B購01,2026-09-01,1.27,0.09,7.63,28000000,0,綠縮,否,,1.41,1.5,2.11,,-10.8723,-11.7925,-22.4103
709009,佳邦台新5B購01,2026-09-01,0.65,0.08,14.04,73000000,0,綠縮,否,,0.61,0.7,1.22,,-21.9388,-34.275,-22.3881
709010,博大台新5B購01,2026-09-01,0.73,0.06,8.96,265000000,0,綠縮,是,,0.79,0.89,1.17,,-21.0843,-39.5112,-5.0304
709012,安葆凱基5C購02,2026-09-01,1.0,0.17,20.48,399000000,0,,是,,0.9,0.59,0.75,,221.4286,8.0586,
709014,朋程凱基5B購02,2026-09-01,0.33,0.02,6.45,2000000,0,綠縮,否,,0.36,0.41,0.99,,-22.3176,-59.1313,-24.4673
709019,臺慶科凱基63購01,2026-09-01,0.59,0.08,15.69,165000000,0,綠縮,否,,0.63,0.63,1.05,,1.9293,-30.6077,-20.5583
709020,德微凱基5B購03,2026-09-01,0.25,0.04,19.05,200000000,0,綠縮,是,,0.3,0.3,0.88,,4.1379,-62.4365,-28.922
709021,擎亞凱基5B購05,2026-09-01,0.69,0.07,11.29,1000000,0,綠增,是,,1.1,1.62,1.95,,-48.4536,-27.9733,-5.2568
709022,雙鴻凱基61購03,2026-09-01,2.1,0.5,31.25,492000000,0,紅增,否,,1.09,0.97,0.83,,26.5734,27.7267,1.5375
709023,中美晶群益5B購04,2026-09-01,3.17,0.35,12.41,55000000,0,綠縮,否,,3.25,3.04,4.41,,14.7808,-33.8344,-1.465
709024,世界群益61購01,2026-09-01,0.5,0.07,16.28,5000000,0,綠縮,否,,0.52,0.51,0.68,,3.2,-18.328,-22.4872
709025,台半群益5B購02,2026-09-01,1.32,0.12,10.0,10000000,0,,否,,1.55,1.96,,,-34.6251,-22.3497,
709027,均豪群益5B購04,2026-09-01,0.63,-0.07,-10.0,260000000,0,綠縮,是,,0.66,0.68,0.98,,-4.3353,-33.8221,-9.0445
709028,威剛群益5B購03,2026-09-01,0.96,-0.03,-3.03,40000000,0,紅縮,否,,1.11,1.16,1.19,,-8.0992,-2.1079,-10.8189
709029,茂達群益5B購01,2026-09-01,0.93,0.13,16.25,5000000,0,綠縮,否,,1.02,1.41,2.22,,-42.6652,-46.9411,-11.602
709030,智通*群益5B購01,2026-09-01,0.66,0.02,3.12,25000000,0,綠縮,否,,0.65,0.64,0.95,,3.481,-33.2988,-10.4294
709032,新盛力群益61購01,2026-09-01,3.07,0.06,1.99,13000000,0,紅縮,否,,3.21,2.35,2.33,,113.1649,39.1022,0.8216
709033,擎亞群益65購01,2026-09-01,0.68,0.05,7.94,139000000,0,綠縮,是,,0.69,0.78,1.13,,-20.6019,-24.3902,-12.1942
709034,台半元大5B購04,2026-09-01,2.53,0.1,4.12,87000000,0,,是,,2.25,2.14,2.39,,10.3042,5.1005,
709036,金益鼎元大5B購01,2026-09-01,0.17,0.0,0.0,200000000,0,紅縮,否,,0.19,0.21,0.24,,-16.3793,-8.1897,-16.8696
709037,威剛元大5B購14,2026-09-01,4.72,-0.18,-3.67,107000000,0,紅縮,否,,5.23,5.38,5.25,,-5.6318,1.7385,-5.7571
709039,順達元大5B購07,2026-09-01,10.5,1.15,12.3,183000000,0,綠縮,是,,7.63,8.17,10.04,,-12.3995,-12.433,-9.9372
709040,雷科元大5B購05,2026-09-01,2.0,0.18,9.89,10000000,0,,是,,3.32,4.26,,,-36.1645,-11.132,
709041,德微元大5B購03,2026-09-01,0.65,0.1,18.18,70000000,0,,是,,0.81,1.65,1.85,,-67.5241,-34.159,
709042,擎亞元大5B購08,2026-09-01,0.9,-0.05,-5.26,3000000,0,,是,,1.13,1.24,1.35,,-16.2482,-15.661,-3.5013
709043,寶雅元大5B購01,2026-09-01,2.22,-0.28,-11.2,48000000,0,紅縮,是,,2.68,2.64,2.25,,2.6074,30.2119,12.4875
709044,威剛國泰5C購01,2026-09-01,1.51,-0.03,-1.95,59000000,0,紅縮,否,,1.67,1.68,1.67,,-1.1834,2.3766,-3.9712
709045,威剛國泰5C購02,2026-09-01,1.27,-0.04,-3.05,46000000,0,紅縮,否,,1.48,1.47,1.55,,2.0633,-1.0774,-6.1459
709046,威剛國泰5C購03,2026-09-01,1.23,0.0,0.0,1000000,0,紅縮,否,,1.35,1.44,1.45,,-11.2861,-0.622,-7.5897
709047,擎亞國泰62購01,2026-09-01,1.75,0.11,6.71,42000000,0,綠縮,否,,1.9,2.6,3.35,,-42.4077,-21.5125,-14.1941
709048,久元富邦61購04,2026-09-01,0.18,0.02,12.5,5000000,0,,否,,0.32,0.41,,,-38.2812,-36.2096,
709049,台半富邦62購02,2026-09-01,0.79,0.02,2.6,1697000000,0,紅增,是,,0.71,0.67,0.85,,15.534,9.7199,-18.0154
709052,擎亞富邦5C購01,2026-09-01,0.62,0.06,10.71,273000000,0,綠縮,是,,0.54,1.01,1.45,,-63.0435,-41.835,-9.2332
709068,擎亞統一63購02,2026-09-01,0.52,0.04,8.33,241000000,0,綠縮,是,,0.47,0.57,0.82,,-29.8507,-30.8252,-13.6388
709069,擎亞統一65購02,2026-09-01,0.52,0.02,4.0,213000000,0,綠縮,是,,0.49,0.59,0.84,,-28.655,-29.4826,-11.2937
709072,佳邦永豐63購01,2026-09-01,0.73,0.06,8.96,159000000,0,紅增,是,,0.73,0.69,0.95,,10.6383,-14.1264,-21.1097
709073,威剛永豐5B購02,2026-09-01,0.56,0.0,0.0,30000000,0,紅縮,否,,0.64,0.65,0.66,,-3.9157,4.16,-6.8166
709074,威剛永豐61購02,2026-09-01,0.82,-0.02,-2.38,100000000,0,紅縮,否,,0.9,0.9,0.94,,-0.6623,-0.441,-6.3925
709077,擎亞永豐64購01,2026-09-01,0.86,0.07,8.86,70000000,0,綠縮,是,,0.78,0.94,1.33,,-29.1667,-33.3569,-8.4192
709079,台半國票61購01,2026-09-01,0.72,-0.02,-2.7,92000000,0,綠轉紅,否,,0.66,0.58,0.96,,29.1339,-10.7362,-26.7278
709082,博大國票5C購01,2026-09-01,0.42,0.02,5.0,2000000,0,綠縮,是,,0.47,0.47,0.62,,-2.5,-17.4216,-2.6646
709083,晶宏國票5C購02,2026-09-01,1.59,0.5,45.87,788000000,0,紅增,是,,0.9,0.89,0.82,,0.9009,20.0538,-10.0275
709089,世紀*元大5B購01,2026-09-01,8.3,-1.65,-16.58,19000000,0,紅增,否,,6.37,3.51,2.06,,885.4489,545.6722,186.6899
709090,台特化元大5B購02,2026-09-01,0.56,0.04,7.69,276000000,0,紅增,否,,0.58,0.52,0.75,,24.6753,-9.2657,-19.4847
709091,博智元大5B購02,2026-09-01,0.47,0.03,6.82,66000000,0,綠縮,否,,0.37,0.38,0.62,,-5.0761,-35.0254,-23.482
709092,智通*元大5B購01,2026-09-01,0.74,-0.06,-7.5,90000000,0,綠縮,是,,0.72,0.7,1.07,,5.9172,-30.8151,-9.6268
709093,鈊象元大5B購02,2026-09-01,0.98,0.01,1.03,112000000,0,綠增,否,,1.23,1.53,1.51,,-33.0786,-8.3333,-10.3346
709094,群聯元大5B購15,2026-09-01,3.18,-0.37,-10.42,18000000,0,紅縮,否,,3.26,3.42,3.28,,-8.6786,9.695,-16.2951
709095,群聯元大5B購16,2026-09-01,0.55,-0.05,-8.33,92000000,0,綠轉紅,否,,0.6,0.69,0.88,,-23.1959,-17.8443,-23.914
709096,廣穎元大5B購01,2026-09-01,1.57,0.0,0.0,3000000,0,,是,,1.75,1.56,2.1,,26.3386,-26.95,
709097,雙鴻元大5B購03,2026-09-01,13.9,3.4,32.38,341000000,0,紅增,是,,7.29,5.86,5.5,,64.2632,25.032,-7.2574
709098,尼克森國票5B購02,2026-09-01,0.31,0.0,0.0,15000000,0,綠縮,否,,0.48,0.68,1.35,,-44.9541,-42.9536,-21.978
709099,朋程國票5B購02,2026-09-01,0.71,0.02,2.9,1000000,0,綠縮,否,,0.73,0.79,1.29,,-13.7441,-30.8707,-23.7785
709100,晶宏國票5C購03,2026-09-01,1.15,0.35,43.75,57000000,0,紅增,否,,0.73,0.61,0.71,,47.9675,8.3481,-5.6554
709101,華容國票5C購02,2026-09-01,3.05,-0.05,-1.61,5000000,0,綠增,否,,3.35,3.51,3.96,,-9.1255,-2.7401,0.5967
709103,雷科國票5C購01,2026-09-01,1.07,0.05,4.9,398000000,0,綠縮,是,,0.99,1.08,1.44,,-14.7766,-14.8499,-23.8877
709104,臺慶科國票5C購03,2026-09-01,0.29,0.02,7.41,20000000,0,紅增,否,,0.34,0.32,0.51,,12.5,-17.3913,-34.9367
709105,廣穎國票5C購02,2026-09-01,1.46,-0.1,-6.41,16000000,0,紅縮,否,,1.62,1.53,1.64,,12.2222,5.9639,-10.1811
709107,擎亞國票5C購01,2026-09-01,0.63,0.05,8.62,443000000,0,綠縮,否,,0.59,0.78,1.1,,-40.2041,-29.3959,-28.6597
709109,中美晶凱基63購01,2026-09-01,1.39,0.19,15.83,20000000,0,綠增,是,,1.52,2.2,2.08,,-47.4341,-16.5402,-0.9544
709113,博智凱基5B購02,2026-09-01,0.41,0.03,7.89,252000000,0,綠轉紅,是,,0.26,0.23,0.42,,26.2136,-35.989,-26.178
709115,群聯凱基5B購05,2026-09-01,0.38,-0.03,-7.32,664000000,0,紅縮,是,,0.4,0.4,0.47,,-1.4778,-0.9828,-19.7074
709117,群聯凱基5B購07,2026-09-01,0.46,-0.03,-6.12,356000000,0,紅增,否,,0.46,0.48,0.64,,-5.3061,-13.8989,-24.3483
709118,雙鴻凱基5B購02,2026-09-01,1.6,0.37,30.08,103000000,0,,是,,0.89,1.06,1.28,,-26.9608,-17.3302,
709122,博盛台新5B購01,2026-09-01,0.53,0.06,12.77,4000000,0,綠增,是,,0.68,0.59,1.08,,31.5175,-49.5335,-6.4502
709123,博智台新5B購01,2026-09-01,0.75,0.04,5.63,80000000,0,,是,,0.5,0.75,1.08,,-50.6931,-40.3009,
709126,順達台新5B購04,2026-09-01,2.55,0.45,21.43,42000000,0,綠轉紅,是,,1.61,1.69,2.46,,-9.3468,-23.6355,-19.2692
709127,群聯台新5B購09,2026-09-01,0.86,-0.08,-8.51,31000000,0,紅縮,否,,0.89,0.97,1.01,,-15.7795,6.0175,-22.6977
709129,群聯台新5B購11,2026-09-01,0.54,-0.04,-6.9,100000000,0,,是,,0.66,0.86,1.06,,-37.8788,-27.6416,
709130,雷科台新5B購01,2026-09-01,1.97,0.19,10.67,52000000,0,,是,,1.85,1.86,2.59,,-1.1752,-22.748,
709131,雷科台新5B購02,2026-09-01,1.35,-0.01,-0.74,245000000,0,綠縮,否,,1.25,1.38,1.94,,-17.5926,-18.547,-26.0629
709132,廣穎台新5B購01,2026-09-01,2.0,-0.06,-2.91,6000000,0,,否,,2.15,1.81,2.3,,45.5285,3.1891,
709136,博智富邦61購02,2026-09-01,0.4,0.0,0.0,60000000,0,紅增,否,,0.28,0.24,0.28,,45.3608,3.4783,-19.6862
709137,群聯富邦61購03,2026-09-01,0.49,-0.03,-5.77,120000000,0,紅增,否,,0.47,0.46,0.52,,5.3571,-0.0,-13.2662
709139,安勤永豐5C購01,2026-09-01,0.6,0.0,0.0,10000000,0,綠增,否,,0.68,0.8,0.97,,-24.6696,-23.2401,-10.8083
709143,群聯永豐63購01,2026-09-01,0.94,-0.04,-4.08,40000000,0,綠轉紅,否,,0.93,0.93,1.15,,-1.4894,-14.4821,-11.1583
709147,中美晶統一66購01,2026-09-01,0.77,0.05,6.94,43000000,0,綠縮,否,,0.76,0.75,0.93,,1.6043,-8.8271,-6.4614
709149,沛亨統一63購01,2026-09-01,0.3,0.04,15.38,200000000,0,綠縮,是,,0.25,0.29,0.56,,-23.494,-46.7273,-25.6444
709150,沛亨統一64購01,2026-09-01,0.34,0.06,21.43,4000000,0,綠縮,否,,0.28,0.32,0.57,,-23.7569,-40.5959,-20.319
709151,沛亨統一65購02,2026-09-01,0.34,0.05,17.24,2000000,0,紅增,否,,0.27,0.28,0.28,,-8.1081,4.797,-22.6594
709152,佳邦統一63購01,2026-09-01,0.46,0.05,12.2,140000000,0,綠轉紅,是,,0.45,0.44,0.61,,5.6604,-16.6348,-15.9589
709156,茂達統一65購03,2026-09-01,0.48,-0.01,-2.04,15000000,0,綠縮,否,,0.49,0.49,0.6,,2.9167,-12.0939,-19.1176
709157,茂達統一69購01,2026-09-01,0.63,0.01,1.61,24000000,0,,否,,0.68,0.78,0.88,,-21.0162,-18.5068,
709158,茂綸統一65購02,2026-09-01,0.53,0.01,1.92,1309000000,0,紅縮,是,,0.56,0.59,0.57,,-8.7379,1.3722,-3.6596
709159,茂綸統一65購03,2026-09-01,0.47,0.0,0.0,203000000,0,紅縮,是,,0.54,0.52,0.54,,7.1146,0.5758,-3.3808
709160,神準統一66購01,2026-09-01,0.55,0.02,3.77,1000000,0,綠縮,否,,0.56,0.57,0.61,,-2.0906,-5.6478,-5.1698
709162,博智統一65購01,2026-09-01,0.54,0.03,5.88,83000000,0,綠縮,否,,0.43,0.56,0.64,,-37.5,-23.9456,-11.0412
709166,群聯統一63購01,2026-09-01,0.39,-0.02,-4.88,50000000,0,紅縮,否,,0.38,0.37,0.35,,4.3716,14.3731,-9.6401
709170,群聯統一69購01,2026-09-01,1.02,-0.04,-3.77,30000000,0,紅增,否,,1.03,0.92,0.98,,27.2277,5.6387,-5.5877
709171,群聯統一69購02,2026-09-01,0.62,0.0,0.0,266000000,0,紅縮,否,,0.6,0.59,0.57,,3.7801,12.3106,-7.6361
709172,群聯統一6B購01,2026-09-01,1.09,-0.04,-3.54,163000000,0,紅增,是,,1.07,1.0,1.15,,13.8593,-7.1296,-6.8044
709173,群聯統一75購01,2026-09-01,1.16,-0.04,-3.33,432000000,0,紅縮,否,,1.15,1.13,1.07,,3.6166,10.0684,-4.2152
709174,聖暉*統一65購03,2026-09-01,0.47,0.03,6.82,5000000,0,綠縮,否,,0.61,0.69,0.92,,-20.9845,-24.0659,-16.9065
709178,臺慶科統一69購01,2026-09-01,0.58,0.0,0.0,2000000,0,,否,,0.62,0.73,0.89,,-26.7139,-24.2769,
709180,廣穎統一69購01,2026-09-01,0.85,-0.02,-2.3,14000000,0,紅縮,否,,0.88,0.88,0.83,,1.1494,8.5608,-2.979
709181,擎亞統一65購03,2026-09-01,0.58,0.02,3.57,154000000,0,綠縮,是,,0.61,0.72,0.89,,-24.9389,-25.1046,-5.3838
709182,擎亞統一65購04,2026-09-01,0.56,0.04,7.69,1213000000,0,綠縮,是,,0.51,0.62,0.88,,-30.6233,-21.3836,-19.2184
709186,倚強群益5B購01,2026-09-01,0.74,-0.11,-12.94,4102000000,0,,是,,0.48,,,,,,
709191,新盛力群益61購02,2026-09-01,2.59,0.02,0.78,36000000,0,綠增,否,,2.78,2.5,2.65,,24.708,-2.7983,-3.5506
709192,群聯群益5B購07,2026-09-01,1.12,-0.11,-8.94,124000000,0,紅縮,否,,1.15,1.15,1.12,,0.349,13.4387,-19.5754
709195,擎亞群益62購01,2026-09-01,0.55,0.02,3.77,170000000,0,綠縮,是,,0.62,0.9,1.25,,-46.6667,-38.3929,-8.7194
709196,寶雅群益5B購01,2026-09-01,2.86,-0.12,-4.03,8000000,0,紅轉綠,否,,3.34,3.42,3.13,,-4.732,8.3175,8.6383
709200,富喬永豐61購02,2026-09-01,1.06,0.05,4.95,119000000,0,紅增,否,,0.79,0.6,0.68,,93.5961,3.4722,4.2178
709201,富喬永豐66購01,2026-09-01,1.27,0.02,1.6,51000000,0,紅增,否,,1.01,0.79,0.79,,77.7385,24.7619,2.7832
709202,富喬永豐68購01,2026-09-01,1.23,0.05,4.24,44000000,0,紅增,是,,0.96,0.81,0.84,,42.6866,5.4475,4.7915
709203,順達永豐64購01,2026-09-01,1.11,0.13,13.27,128000000,0,綠縮,是,,0.8,0.89,1.18,,-18.2927,-29.0476,-11.7801
709204,順達永豐67購01,2026-09-01,1.14,0.03,2.7,10000000,0,綠縮,否,,0.89,1.02,1.23,,-22.3386,-21.1464,-9.945
709205,鈊象永豐63購01,2026-09-01,0.93,-0.01,-1.06,5000000,0,綠增,否,,1.07,1.22,1.17,,-22.6087,-2.3923,-5.3781
709206,新盛力永豐5C購02,2026-09-01,1.0,0.01,1.01,27000000,0,紅增,否,,1.02,0.83,0.85,,55.8282,25.9819,-5.081
709207,擎亞永豐63購01,2026-09-01,0.51,0.0,0.0,1227000000,0,綠縮,是,,0.51,0.64,0.97,,-34.026,-26.8041,-18.6192
709208,沛亨凱基5B購03,2026-09-01,0.18,0.06,50.0,150000000,0,紅增,否,,0.13,0.14,0.22,,-8.4507,-21.3873,-46.5538
709210,富喬凱基5B購02,2026-09-01,1.06,0.11,11.58,16000000,0,,是,,0.68,0.66,0.76,,7.5949,-11.9463,
709211,富喬凱基61購02,2026-09-01,1.32,0.07,5.6,73000000,0,紅增,是,,0.93,0.82,0.87,,30.8989,0.612,-3.7181
709212,富喬凱基61購03,2026-09-01,1.13,0.07,6.6,165000000,0,綠轉紅,是,,0.8,0.71,0.82,,30.719,-10.8586,-4.2254
709214,勤凱凱基5B購03,2026-09-01,0.23,0.04,21.05,99000000,0,綠轉紅,否,,0.19,0.25,0.54,,-38.961,-53.1191,-35.3578
709215,勤凱凱基5B購04,2026-09-01,0.4,0.04,11.11,15000000,0,綠縮,否,,0.36,0.55,0.85,,-49.8623,-39.5117,-27.381
709217,臺慶科凱基5B購03,2026-09-01,0.12,0.0,0.0,210000000,0,紅增,是,,0.13,0.17,0.23,,-36.5385,-17.0732,-46.3529
709218,擎亞凱基61購01,2026-09-01,0.53,0.0,0.0,28000000,0,綠縮,否,,0.51,0.7,1.19,,-43.7778,-31.2133,-22.9126
709221,台星科台新5B購02,2026-09-01,0.76,0.06,8.57,47000000,0,綠轉紅,否,,0.69,0.66,0.95,,10.6109,-13.245,-14.195
709222,立碁台新62購01,2026-09-01,1.41,0.26,22.61,242000000,0,,否,,1.0,,,,,,
709224,佳邦台新5B購02,2026-09-01,0.55,0.0,0.0,126000000,0,綠縮,是,,0.77,1.04,1.58,,-41.7933,-41.0532,-19.4303
709225,佳邦台新5B購03,2026-09-01,0.27,0.01,3.85,20000000,0,,是,,0.25,0.29,0.8,,-21.7391,-51.5203,-40.0374
709226,順達台新5B購05,2026-09-01,2.9,0.38,15.08,34000000,0,綠轉紅,否,,1.97,2.11,2.72,,-11.9536,-11.8729,-13.5006
709227,勤凱台新5B購02,2026-09-01,0.42,0.08,23.53,24000000,0,綠縮,否,,0.38,0.46,0.94,,-30.6273,-51.2221,-31.0168
709229,擎亞台新5B購01,2026-09-01,1.05,0.09,9.37,182000000,0,,是,,0.97,1.64,,,-58.0952,-31.4799,
709230,擎亞台新5B購02,2026-09-01,0.99,0.1,11.24,330000000,0,,是,,0.9,1.28,1.78,,-45.9233,-39.728,
709231,雙鴻台新5B購01,2026-09-01,3.08,0.59,23.69,40000000,0,,是,,1.8,1.6,1.66,,29.7842,13.7464,-4.0728
709232,雙鴻台新5B購02,2026-09-01,2.44,0.45,22.61,10000000,0,綠轉紅,是,,1.34,1.13,1.36,,46.1707,-3.3505,-10.0562
709233,雙鴻台新5B購03,2026-09-01,1.67,0.58,53.21,97000000,0,,否,,0.96,0.96,,,-0.6211,,
709235,良維國泰5C購02,2026-09-01,1.03,0.07,7.29,10000000,0,綠縮,否,,0.89,1.2,1.83,,-41.7105,-39.6387,-17.093
709236,富喬國泰5C購01,2026-09-01,2.12,0.07,3.41,28000000,0,紅增,否,,1.59,1.18,1.28,,105.1546,21.1873,3.9072
709237,順達國泰5C購01,2026-09-01,1.0,0.14,16.28,16000000,0,綠轉紅,否,,0.68,0.77,0.89,,-19.3396,-10.0939,-18.2573
709238,群聯國泰5C購01,2026-09-01,0.68,-0.04,-5.56,21000000,0,紅縮,否,,0.69,0.68,0.65,,4.5455,12.5,-14.389
709240,威剛富邦5B購02,2026-09-01,0.52,-0.01,-1.89,94000000,0,紅轉綠,是,,0.62,0.61,0.7,,3.6789,-9.9112,-9.0318
709241,富喬富邦5B購02,2026-09-01,0.71,0.03,4.41,1666000000,0,紅增,否,,0.47,0.34,0.34,,132.3529,74.7423,-3.5461
709243,均豪元大5B購04,2026-09-01,3.96,0.33,9.09,35000000,0,綠縮,是,,3.55,3.66,4.36,,-5.7825,-22.2057,-4.8227
709244,欣銓元大5B購03,2026-09-01,1.1,0.13,13.4,204000000,0,綠縮,是,,0.91,0.87,1.13,,8.1146,-15.0925,-8.1814
709245,威剛元大5B購15,2026-09-01,1.77,-0.04,-2.21,143000000,0,紅縮,否,,2.03,2.14,2.15,,-9.8754,-0.7892,-8.5088
709247,博智元大5B購03,2026-09-01,0.58,0.07,13.73,155000000,0,綠轉紅,否,,0.41,0.41,0.65,,0.9901,-30.2405,-26.173
709248,富喬元大5B購03,2026-09-01,2.2,0.16,7.84,179000000,0,紅增,否,,1.59,1.14,1.17,,131.686,34.2353,5.4054
709249,富喬元大5B購04,2026-09-01,0.92,0.05,5.75,155000000,0,紅增,否,,0.64,0.44,0.41,,160.9756,74.1176,-1.0753
709250,富喬元大5B購05,2026-09-01,0.97,0.06,6.59,24000000,0,,是,,0.71,0.68,0.68,,10.559,-3.5562,
709251,勤凱元大5B購04,2026-09-01,0.43,0.07,19.44,405000000,0,綠縮,是,,0.43,0.43,0.96,,-0.4673,-46.8905,-28.7099
709252,新盛力元大5B購06,2026-09-01,2.0,-0.11,-5.21,20000000,0,綠縮,是,,1.66,1.64,2.08,,1.9656,-20.1166,-9.0373
709253,新盛力元大5B購07,2026-09-01,2.21,0.11,5.24,245000000,0,紅增,是,,1.9,1.64,1.99,,37.3372,-7.2923,-8.0268
709254,群聯元大5B購17,2026-09-01,3.16,-0.14,-4.24,46000000,0,紅縮,否,,3.27,3.32,3.78,,-2.6175,-2.095,-17.7188
709255,群聯元大5B購18,2026-09-01,0.58,-0.03,-4.92,370000000,0,紅增,否,,0.58,0.59,0.72,,-2.0202,-7.837,-19.4769
709256,臺慶科元大5B購01,2026-09-01,0.27,0.01,3.85,501000000,0,綠縮,是,,0.43,0.94,1.39,,-70.3448,-41.36,-17.1096
709257,擎亞元大5B購09,2026-09-01,0.32,0.02,6.67,897000000,0,綠縮,是,,0.6,0.66,1.17,,-18.1319,-42.8325,-17.1671
709258,中美晶群益5B購05,2026-09-01,6.55,0.8,13.91,12000000,0,綠增,否,,7.54,10.99,10.13,,-47.7839,-14.3748,0.7459
709259,均豪群益5B購05,2026-09-01,1.29,0.19,17.27,32000000,0,綠轉紅,否,,0.87,0.94,1.33,,-13.4653,-22.0844,-11.4847
709260,富喬群益5B購02,2026-09-01,1.3,0.04,3.17,52000000,0,紅增,否,,0.88,0.6,0.71,,186.3636,8.3789,4.3129
709261,勤凱群益5B購03,2026-09-01,0.19,0.04,26.67,1000000,0,,否,,0.45,0.65,1.15,,-46.4623,-42.5419,
709262,新盛力群益63購01,2026-09-01,1.61,0.03,1.9,102000000,0,紅縮,是,,1.71,1.47,1.49,,38.2496,24.8938,2.1635
709265,擎亞群益5B購03,2026-09-01,0.59,0.0,0.0,102000000,0,,是,,1.09,1.64,1.51,,-50.2732,-9.0708,
709266,雙鴻群益5B購09,2026-09-01,2.28,0.55,31.79,69000000,0,紅增,是,,1.17,0.98,0.97,,46.9849,29.6834,-12.7084
709267,方土昶永豐5C購01,2026-09-01,0.61,-0.03,-4.69,127000000,0,紅縮,否,,0.73,0.69,0.6,,12.3077,27.7778,2.8109
709268,茂達永豐63購01,2026-09-01,0.62,0.03,5.08,155000000,0,綠縮,是,,0.64,0.73,0.96,,-21.7073,-20.8874,-10.6117
709271,中美晶凱基5B購05,2026-09-01,0.81,0.1,14.08,436000000,0,綠縮,是,,0.83,0.85,1.48,,-5.2752,-39.5299,-9.3941
709273,立碁凱基5B購02,2026-09-01,0.5,0.16,47.06,16000000,0,,否,,0.44,0.35,,,65.4135,,
709275,沛亨凱基5C購01,2026-09-01,0.29,0.06,26.09,92000000,0,紅增,是,,0.23,0.22,0.44,,6.6038,-22.3404,-28.2072
709280,精材凱基5B購09,2026-09-01,1.83,-0.01,-0.54,56000000,0,綠縮,否,,0.87,1.15,1.25,,-39.2707,-23.9549,-0.2393
709281,大中台新5B購02,2026-09-01,0.75,0.04,5.63,25000000,0,綠縮,否,,0.85,1.91,2.53,,-71.1486,-40.9598,-6.383
709282,立碁台新5B購01,2026-09-01,1.34,0.38,39.58,17000000,0,,否,,1.0,0.9,,,26.5152,,
709283,立碁台新5B購02,2026-09-01,1.25,0.35,38.89,62000000,0,,否,,0.88,0.72,,,56.9395,,
709286,佳邦台新5B購04,2026-09-01,0.1,0.0,0.0,20000000,0,綠增,是,,0.28,0.58,0.76,,-68.7783,-36.7503,-22.8383
709287,南俊台新5B購01,2026-09-01,0.9,0.15,20.0,391000000,0,紅增,是,,0.74,0.54,0.74,,116.2791,13.5699,-23.5234
709288,南俊台新5B購02,2026-09-01,0.88,0.17,23.94,799000000,0,紅增,是,,0.61,0.5,0.6,,59.375,24.1895,-27.2506
709289,順達台新5B購06,2026-09-01,1.09,0.2,22.47,6000000,0,綠縮,否,,0.7,0.92,1.35,,-37.766,-37.7974,-15.2542
709290,勤凱台新5B購04,2026-09-01,0.2,0.02,11.11,120000000,0,,是,,0.26,0.57,1.1,,-71.3647,-48.5689,-34.87
709291,臺慶科台新5B購06,2026-09-01,0.63,0.04,6.78,330000000,0,紅增,是,,0.63,0.7,0.83,,-19.9488,-8.094,-32.4501
709292,臺慶科台新5B購07,2026-09-01,0.6,0.02,3.45,151000000,0,紅增,否,,0.77,0.77,1.07,,-0.7732,-10.5324,-33.0315
709293,群聯兆豐65購03,2026-09-01,0.58,-0.03,-4.92,663000000,0,紅縮,是,,0.56,0.56,0.52,,2.1739,12.5,-7.46
709294,中美晶元大5B購06,2026-09-01,0.74,0.09,13.85,20000000,0,綠縮,是,,0.71,1.16,1.41,,-55.3191,-36.0266,-2.016
709295,方土昶元大5B購01,2026-09-01,1.1,-0.02,-1.79,13000000,0,紅縮,是,,1.28,1.0,1.35,,74.3169,-5.7277,-9.4599
709296,世界元大5B購04,2026-09-01,0.88,0.07,8.64,40000000,0,綠縮,否,,0.94,1.0,1.16,,-12.6866,-11.0717,-17.7328
709297,台半元大5B購05,2026-09-01,1.11,0.05,4.72,64000000,0,綠轉紅,是,,1.04,0.98,1.34,,11.6129,-15.8974,0.6006
709298,倚強元大5B購01,2026-09-01,0.73,-0.11,-13.1,64000000,0,,否,,0.44,0.56,,,-36.9942,-27.4131,
709300,群聯元大61購07,2026-09-01,0.58,-0.04,-6.45,112000000,0,紅增,否,,0.57,0.55,0.55,,5.948,7.7821,-8.5265
709301,聖暉*元大5B購05,2026-09-01,0.59,0.04,7.27,499000000,0,綠縮,否,,0.61,1.01,1.78,,-56.7376,-44.4444,-24.0469
709302,臺慶科元大5B購02,2026-09-01,0.31,0.05,19.23,82000000,0,綠縮,是,,0.34,0.38,0.62,,-21.3953,-21.4724,-32.1625
709307,中美晶群益5B購06,2026-09-01,1.88,0.26,16.05,362000000,0,綠縮,是,,1.94,1.92,3.63,,2.2105,-38.7045,-12.0878
709308,世界群益5C購02,2026-09-01,0.46,0.06,15.0,100000000,0,綠縮,是,,0.54,0.58,0.78,,-14.0127,-22.5464,-26.2636
709309,南俊群益5B購01,2026-09-01,0.68,0.28,70.0,123000000,0,紅增,否,,0.41,0.35,0.42,,39.1892,17.2185,-29.6296
709311,富喬群益5B購03,2026-09-01,1.52,0.05,3.4,146000000,0,紅增,否,,1.02,0.8,0.97,,76.7361,-0.2503,-0.0516
709312,群聯群益5B購09,2026-09-01,0.36,-0.06,-14.29,859000000,0,紅縮,否,,0.39,0.42,0.41,,-12.0536,10.7895,-25.4743
709314,雙鴻群益5B購10,2026-09-01,1.6,0.65,68.42,165000000,0,,是,,0.74,0.66,0.81,,27.7778,-11.5903,
709315,沛亨永豐65購01,2026-09-01,0.35,0.02,6.06,33000000,0,,是,,0.32,0.45,,,-44.5205,-37.5516,
709317,順達永豐64購02,2026-09-01,0.61,0.07,12.96,1000000,0,綠縮,是,,0.4,0.48,0.68,,-30.7692,-33.6077,-15.7276
709319,群聯永豐5C購07,2026-09-01,0.35,-0.02,-5.41,120000000,0,綠轉紅,是,,0.37,0.35,0.49,,12.1951,-21.267,-11.9674
709325,佳邦元大5B購01,2026-09-01,0.04,-0.01,-20.0,10000000,0,,是,,0.07,0.22,0.33,,-80.3279,-44.9749,
709327,茂達元大5B購01,2026-09-01,0.53,-0.09,-14.52,2000000,0,綠增,否,,1.06,1.9,1.87,,-61.1722,-25.0396,-4.172
709328,富喬元大61購03,2026-09-01,1.41,0.09,6.82,546000000,0,紅增,否,,1.07,0.78,0.72,,118.8525,54.3651,2.9412
709329,群聯元大61購08,2026-09-01,0.62,-0.03,-4.62,158000000,0,,否,,0.62,0.63,0.84,,-2.5078,-21.8362,-17.6184
709332,順達富邦61購01,2026-09-01,0.36,0.04,12.5,716000000,0,綠轉紅,是,,0.24,0.28,0.37,,-22.9299,-17.5074,-17.2297
709333,大中群益5B購01,2026-09-01,0.44,0.02,4.76,38000000,0,綠縮,是,,0.55,1.12,1.61,,-67.4584,-36.9135,-15.2493
709334,大中群益5B購02,2026-09-01,0.46,0.02,4.55,109000000,0,綠縮,是,,0.62,0.6,1.05,,7.2414,-27.4155,-33.099
709335,均豪群益5B購06,2026-09-01,0.57,0.09,18.75,48000000,0,,否,,0.65,0.78,0.82,,-29.4118,-18.6916,
709336,宏捷科群益5B購02,2026-09-01,0.08,0.02,33.33,5000000,0,,否,,0.12,0.32,0.57,,-77.4809,-53.6797,
709337,良維群益5B購04,2026-09-01,0.33,0.06,22.22,20000000,0,,否,,0.36,0.7,1.06,,-65.1341,-43.4992,-29.5098
709340,朋程群益5B購03,2026-09-01,0.17,0.01,6.25,490000000,0,,是,,0.65,0.88,0.85,,-41.1232,-5.5974,
709342,順達群益5B購04,2026-09-01,0.4,0.09,29.03,80000000,0,綠縮,是,,0.33,0.47,0.69,,-47.5884,-41.769,-21.9015
709345,精材群益5B購10,2026-09-01,5.4,-0.1,-1.82,34000000,0,綠縮,否,,2.93,2.91,3.72,,1.1748,-23.8556,-1.4684
709346,台半凱基5B購03,2026-09-01,0.29,-0.02,-6.45,1657000000,0,綠縮,是,,0.25,0.32,0.92,,-34.5361,-67.1779,-22.8715
709347,沛亨凱基5B購04,2026-09-01,0.19,0.04,26.67,86000000,0,綠縮,是,,0.15,0.2,0.49,,-43.8462,-57.5314,-23.4884
709353,大中台新5B購03,2026-09-01,0.47,0.05,11.9,104000000,0,綠縮,否,,0.55,0.57,1.59,,-8.9701,-57.1535,-22.5476
709355,台半台新5B購05,2026-09-01,0.56,-0.01,-1.75,230000000,0,綠縮,是,,0.5,0.45,1.16,,28.0612,-39.4309,-26.1092
709357,博盛台新5B購02,2026-09-01,0.5,0.03,6.38,198000000,0,綠轉紅,是,,0.43,0.43,0.73,,1.8957,-9.5541,-35.3019
709364,宏捷科凱基5B購02,2026-09-01,0.14,0.01,7.69,1000000,0,紅增,否,,0.12,0.11,0.16,,9.434,-12.5984,-28.7912
709365,長科*凱基5B購01,2026-09-01,0.71,0.0,0.0,40000000,0,綠轉紅,否,,0.71,0.8,1.12,,-20.3579,-13.563,-27.249
709366,富喬凱基62購01,2026-09-01,1.03,0.06,6.19,135000000,0,紅增,是,,0.74,0.53,0.61,,131.25,13.7339,1.0779
709368,萊德光凱基5B購02,2026-09-01,0.12,0.01,9.09,241000000,0,紅增,是,,0.11,0.14,0.2,,-37.2093,-29.6482,-16.8399
709371,群翊凱基62購01,2026-09-01,0.31,0.05,19.23,91000000,0,,是,,0.34,0.46,,,-42.069,,
709374,廣穎凱基5B購03,2026-09-01,0.61,0.03,5.17,45000000,0,紅縮,否,,0.67,0.67,0.78,,1.506,-1.7621,-18.961
709375,雙鴻凱基5B購03,2026-09-01,1.45,0.32,28.32,49000000,0,紅增,是,,0.76,0.67,0.75,,30.4795,-0.2963,-5.1233
709382,廣穎台新5B購02,2026-09-01,1.14,-0.1,-8.06,80000000,0,紅縮,否,,1.27,1.34,1.32,,-9.5306,11.5833,-11.8553
709385,佳邦元大5B購02,2026-09-01,0.11,-0.01,-8.33,2000000,0,,否,,0.27,0.42,0.57,,-52.9412,-29.9835,
709387,順達元大5B購08,2026-09-01,0.56,0.08,16.67,2000000,0,,否,,0.76,0.96,1.06,,-33.91,-18.5059,
709388,順達元大62購01,2026-09-01,1.0,0.13,14.94,450000000,0,綠轉紅,是,,0.73,0.78,0.86,,-10.7317,-6.6185,-4.8199
709390,群聯元大63購04,2026-09-01,0.46,-0.02,-4.17,40000000,0,紅縮,否,,0.46,0.46,0.42,,0.0,13.3663,-8.0435
709392,佳邦富邦5B購01,2026-09-01,0.08,0.01,14.29,70000000,0,綠縮,否,,0.08,0.11,0.23,,-39.7059,-44.3878,-26.0656
709393,精材富邦5B購03,2026-09-01,2.42,0.09,3.86,37000000,0,綠縮,是,,1.35,1.68,1.58,,-32.7706,-12.5649,5.8116
709398,威聯通國泰5C購01,2026-09-01,0.58,-0.01,-1.69,10000000,0,紅縮,否,,0.72,0.73,0.72,,-1.0929,4.7482,-10.2676
709399,勤凱國泰5C購02,2026-09-01,0.38,0.06,18.75,50000000,0,綠縮,否,,0.3,0.48,0.77,,-54.878,-43.8017,-27.1826
709404,勤凱永豐5C購04,2026-09-01,0.17,0.02,13.33,1000000,0,,是,,0.19,0.35,0.57,,-63.8462,-44.3396,
709408,中美晶元大5C購03,2026-09-01,1.52,0.11,7.8,15000000,0,綠縮,否,,1.64,1.63,2.37,,1.3564,-24.9885,-5.7166
709409,世界元大5C購02,2026-09-01,1.09,0.07,6.86,117000000,0,綠縮,否,,1.12,1.23,1.5,,-15.512,-14.9306,-20.1385
709411,良維元大5C購02,2026-09-01,0.24,0.04,20.0,25000000,0,綠縮,是,,0.17,0.26,0.55,,-50.5747,-53.4884,-25.5247
709412,佳邦元大5C購02,2026-09-01,0.03,0.0,0.0,100000000,0,,否,,0.2,0.32,,,-53.211,-26.4368,
709413,富喬元大5C購03,2026-09-01,1.12,0.05,4.67,97000000,0,,是,,0.82,0.6,0.61,,119.2513,39.486,3.056
709414,順達元大5C購02,2026-09-01,1.05,0.01,0.96,97000000,0,綠縮,是,,1.06,1.11,1.3,,-8.6505,-19.5636,-10.0311
709416,群聯元大5C購03,2026-09-01,2.27,-0.17,-6.97,111000000,0,紅縮,否,,2.33,2.38,2.39,,-4.1152,4.7535,-18.2733
709418,中美晶永豐64購01,2026-09-01,0.87,0.07,8.75,49000000,0,綠縮,否,,0.88,0.88,1.14,,-1.573,-12.2266,-7.6144
709419,長科*永豐61購02,2026-09-01,1.0,0.0,0.0,70000000,0,綠縮,否,,0.99,1.1,1.6,,-17.7446,-21.8905,-19.7838
709422,臺慶科永豐66購01,2026-09-01,0.39,0.0,0.0,50000000,0,紅增,否,,0.43,0.4,0.52,,19.4444,-5.9524,-21.9805
709424,台半凱基5C購02,2026-09-01,0.17,0.0,0.0,2336000000,0,綠縮,是,,0.14,0.18,0.64,,-30.7692,-70.3704,-27.3871
709429,威剛凱基64購01,2026-09-01,0.66,-0.02,-2.94,110000000,0,紅縮,是,,0.73,0.72,0.76,,3.9773,-3.1039,-4.0379
709434,群聯凱基66購01,2026-09-01,0.46,0.0,0.0,20000000,0,紅增,否,,0.44,0.44,0.43,,-1.3514,6.7797,-9.3291
709435,廣穎凱基5C購01,2026-09-01,0.42,0.0,0.0,2000000,0,綠縮,否,,0.52,0.5,0.68,,7.438,-18.9015,-22.0046
709438,湧德台新61購01,2026-09-01,1.04,0.02,1.96,236000000,0,綠轉紅,是,,0.89,0.9,1.14,,-3.0635,-17.9581,-11.6071
709443,台半群益5C購01,2026-09-01,0.36,-0.11,-23.4,521000000,0,綠縮,是,,0.33,0.35,0.89,,-12.1693,-31.4672,-28.0065
709444,台特化群益5C購02,2026-09-01,1.03,-0.01,-0.96,46000000,0,,是,,0.96,1.16,1.81,,-29.927,-36.6848,
709445,立敦群益5C購01,2026-09-01,0.08,0.0,0.0,5000000,0,綠縮,否,,0.08,0.1,0.24,,-23.6364,-46.9945,-38.91
709446,勤凱群益5C購01,2026-09-01,0.09,0.02,28.57,1000000,0,紅增,否,,0.09,0.1,0.2,,-8.0,-42.8571,-32.0946
709448,雙鴻群益5C購01,2026-09-01,3.13,0.67,27.24,91000000,0,紅增,否,,1.73,1.47,1.33,,42.4092,22.1114,-1.5867
709450,雙鴻國泰61購02,2026-09-01,2.5,0.64,34.41,526000000,0,紅增,否,,1.25,1.09,0.91,,33.4755,32.2464,5.1784
709452,台半富邦64購01,2026-09-01,0.35,0.01,2.94,830000000,0,紅增,否,,0.31,0.3,0.34,,7.5862,4.878,-33.5968
709453,台半富邦66購01,2026-09-01,0.4,0.0,0.0,437000000,0,綠轉紅,否,,0.36,0.32,0.44,,28.9855,-3.6585,-25.2775
709455,宏捷科富邦66購02,2026-09-01,0.24,0.02,9.09,100000000,0,綠轉紅,否,,0.25,0.24,0.33,,5.0847,-18.7919,-19.7353
709456,長科*富邦63購01,2026-09-01,0.91,0.07,8.33,36000000,0,紅增,否,,0.87,0.95,0.95,,-15.2344,2.7144,-18.8913
709458,富喬富邦66購01,2026-09-01,0.98,0.03,3.16,203000000,0,紅增,否,,0.77,0.62,0.66,,59.5833,6.8611,3.1832
709459,智通*富邦64購01,2026-09-01,1.23,-0.01,-0.81,10000000,0,綠縮,否,,1.23,1.13,1.27,,20.7843,-3.7607,-3.868
709460,智通*富邦66購01,2026-09-01,0.7,0.03,4.48,39000000,0,綠轉紅,是,,0.66,0.62,0.7,,12.628,-0.638,-6.3418
709462,鈊象富邦66購01,2026-09-01,0.8,-0.05,-5.88,1077000000,0,綠增,是,,0.89,1.0,0.97,,-20.7143,-3.6468,-6.2199
709464,雙鴻富邦64購01,2026-09-01,1.63,0.19,13.19,539000000,0,紅增,是,,1.17,1.08,1.08,,19.7959,8.7879,-2.2112
709465,台半國票61購02,2026-09-01,0.27,0.01,3.85,10000000,0,綠縮,否,,0.23,0.22,0.48,,9.3458,-25.0836,-20.6612
709466,台半國票61購03,2026-09-01,0.26,0.0,0.0,30000000,0,綠縮,否,,0.24,0.21,0.39,,23.9583,-13.6546,-30.6878
709467,佳邦國票61購01,2026-09-01,0.1,0.01,11.11,10000000,0,,否,,0.16,0.27,0.36,,-59.6939,-34.0528,
709469,萊德光國票61購01,2026-09-01,0.12,0.01,9.09,232000000,0,紅增,是,,0.13,0.13,0.19,,1.5152,-23.5632,-15.3675
709471,中美晶群益62購02,2026-09-01,0.69,0.07,11.29,413000000,0,綠縮,是,,0.7,0.88,1.21,,-33.9015,-39.8078,-2.7287
709472,台星科群益62購01,2026-09-01,0.46,0.01,2.22,5000000,0,,否,,0.47,0.59,,,-33.3333,-14.4928,
709473,威剛群益62購01,2026-09-01,0.56,-0.11,-16.42,5000000,0,紅縮,否,,0.77,0.69,0.75,,25.0,2.6667,-1.4512
709474,茂綸群益62購01,2026-09-01,0.92,0.05,5.75,60000000,0,紅縮,是,,1.05,1.12,1.14,,-11.2795,1.5399,-10.9455
709478,鈊象國泰61購01,2026-09-01,1.0,0.01,1.01,160000000,0,綠增,是,,1.34,1.56,1.6,,-24.8315,-1.7643,-6.8795
709482,達航永豐61購01,2026-09-01,0.31,0.01,3.33,24000000,0,綠縮,是,,0.26,0.26,0.38,,-1.5038,-25.2125,-23.4518
709483,達航永豐64購01,2026-09-01,0.51,0.06,13.33,18000000,0,,是,,0.43,0.49,0.65,,-22.0217,-26.7459,
709486,順達富邦61購02,2026-09-01,0.52,0.06,13.04,526000000,0,綠轉紅,否,,0.35,0.39,0.54,,-16.9014,-22.0,-15.7242
709487,漢科富邦66購01,2026-09-01,0.49,0.0,0.0,668000000,0,綠縮,是,,0.5,0.51,0.62,,-6.4151,-17.6565,-11.0556
709491,中美晶凱基5C購02,2026-09-01,0.5,0.08,19.05,625000000,0,綠縮,是,,0.55,0.81,1.25,,-49.2565,-48.8651,-5.783
709495,能率亞凱基5C購01,2026-09-01,0.46,-0.06,-11.54,101000000,0,,否,,0.47,0.55,0.66,,-25.3968,-16.5402,-15.1456
709496,富喬凱基5C購01,2026-09-01,0.84,0.02,2.44,587000000,0,,是,,0.55,0.59,,,-13.5647,-1.8272,
709497,華容凱基5C購02,2026-09-01,2.03,-0.09,-4.25,6000000,0,綠縮,否,,2.16,2.33,2.9,,-13.3814,-17.7032,-0.9904
709498,群聯凱基5C購02,2026-09-01,0.15,-0.03,-16.67,35000000,0,紅縮,否,,0.16,0.18,0.2,,-13.6842,1.1429,-25.4647
709500,中美晶台新63購01,2026-09-01,1.32,0.1,8.2,20000000,0,綠增,是,,2.1,2.64,2.17,,-34.0466,3.0078,12.4385
709501,立敦台新5C購01,2026-09-01,0.2,0.0,0.0,70000000,0,綠縮,是,,0.31,0.46,0.97,,-48.1728,-50.4875,-29.2201
709502,宏觀台新5C購01,2026-09-01,0.19,0.01,5.56,6000000,0,,否,,0.62,,,,,,
709503,南俊台新5C購01,2026-09-01,0.68,0.15,28.3,481000000,0,紅增,是,,0.51,0.42,0.45,,56.1728,30.094,-26.7311
709506,精材台新5C購03,2026-09-01,5.0,-0.05,-0.99,7000000,0,綠縮,否,,3.0,3.3,3.08,,-16.2765,-6.0701,9.7791
709510,朋程元大5C購01,2026-09-01,0.15,0.01,7.14,110000000,0,綠縮,是,,0.2,0.34,0.66,,-58.4362,-50.6456,-16.0985
709511,長科*元大5C購01,2026-09-01,0.96,-0.01,-1.03,20000000,0,綠縮,否,,1.07,1.07,1.51,,0.0,-16.063,-17.2707
709512,富喬元大61購04,2026-09-01,1.04,0.08,8.33,502000000,0,綠轉紅,是,,0.51,0.57,0.64,,-19.2429,-16.4723,-2.2831
709515,順達元大64購05,2026-09-01,1.37,0.12,9.6,468000000,0,綠轉紅,是,,1.1,1.05,1.24,,9.761,-9.8459,-7.8585
709517,臺慶科元大5C購01,2026-09-01,0.12,0.0,0.0,10000000,0,綠縮,是,,0.24,0.24,0.6,,1.6667,-54.2533,-21.8586
709520,世紀*凱基5C購01,2026-09-01,6.0,0.0,0.0,26000000,0,紅增,是,,4.08,2.31,1.53,,660.4478,296.9019,122.1175
709521,台半凱基61購02,2026-09-01,0.34,0.01,3.03,32000000,0,綠縮,否,,0.31,0.29,0.62,,12.5,-37.7155,-24.0122
709526,長科*凱基5C購01,2026-09-01,0.24,0.01,4.35,41000000,0,紅增,否,,0.25,0.32,0.39,,-35.2041,-10.0279,-38.8976
709527,宸曜凱基5C購01,2026-09-01,0.52,0.02,4.0,17000000,0,,是,,0.5,0.52,0.5,,-6.7164,4.2254,
709528,順達凱基64購02,2026-09-01,0.67,0.08,13.56,45000000,0,綠縮,否,,0.56,0.53,0.67,,9.0196,-12.3355,-8.0634
709529,群聯凱基5C購03,2026-09-01,0.15,-0.02,-11.76,100000000,0,紅縮,否,,0.16,0.17,0.21,,-9.8901,-6.9892,-27.7003
709530,大綜台新5C購01,2026-09-01,1.34,0.08,6.35,80000000,0,紅增,是,,1.34,1.57,1.6,,-24.9162,-6.3359,-27.6346
709532,萊德光台新5C購01,2026-09-01,0.13,-0.01,-7.14,230000000,0,紅增,否,,0.11,0.14,0.23,,-32.1429,-31.8841,-17.6685
709535,安葆永豐63購01,2026-09-01,1.36,0.14,11.48,14000000,0,,否,,1.24,0.95,,,88.1818,43.6556,
709537,雙鴻永豐64購02,2026-09-01,1.23,0.24,24.24,861000000,0,,是,,0.79,0.71,0.74,,27.2436,7.9148,
709539,中美晶元大5C購04,2026-09-01,0.8,0.09,12.68,127000000,0,綠縮,是,,0.88,1.23,1.46,,-44.2893,-32.135,-1.3814
709541,世界元大64購05,2026-09-01,0.73,0.06,8.96,30000000,0,,是,,0.87,1.04,1.06,,-28.4298,-11.8845,
709542,台半元大5C購03,2026-09-01,0.77,0.02,2.67,2000000,0,,是,,0.7,0.65,1.0,,15.1815,-21.351,
709544,台半元大66購02,2026-09-01,1.2,0.03,2.56,12000000,0,,是,,1.11,1.41,,,-34.7011,-7.541,
709545,良維元大5C購03,2026-09-01,0.1,0.01,11.11,1987000000,0,綠縮,是,,0.13,0.17,0.3,,-34.9515,-46.2025,-21.8016
709546,欣銓元大5C購01,2026-09-01,0.62,0.08,14.81,148000000,0,綠轉紅,否,,0.58,0.53,0.62,,17.0732,-3.4358,-6.9121
709547,長科*元大5C購02,2026-09-01,1.03,0.05,5.1,1000000,0,,否,,1.03,1.1,1.6,,-11.6438,-20.8063,-17.6729
709550,富喬元大61購05,2026-09-01,0.88,0.03,3.53,421000000,0,紅增,是,,0.64,0.48,0.53,,103.7975,9.0909,7.9836
709551,順達元大5C購04,2026-09-01,0.49,0.06,13.95,496000000,0,,否,,0.57,0.71,0.77,,-33.0211,-13.0488,
709552,順達元大64購06,2026-09-01,1.2,0.12,11.11,428000000,0,紅增,是,,1.02,0.94,1.02,,19.3473,3.8631,-4.9814
709555,方土昶群益5C購01,2026-09-01,0.47,-0.03,-6.0,50000000,0,紅縮,否,,0.6,0.56,0.49,,14.4487,33.6493,1.3556
709557,台半群益5C購02,2026-09-01,0.62,0.01,1.64,372000000,0,,是,,0.45,0.76,1.08,,-58.0224,-35.7806,
709558,台半群益61購01,2026-09-01,0.75,0.01,1.35,164000000,0,,否,,0.8,1.15,1.21,,-47.2848,-26.2316,
709561,南俊群益5C購01,2026-09-01,0.62,0.1,19.23,309000000,0,紅增,否,,0.49,0.41,0.47,,46.7066,17.0455,-24.4
709562,富喬群益5C購02,2026-09-01,2.29,0.16,7.51,189000000,0,紅增,否,,1.48,0.9,0.92,,347.2727,85.8025,-5.2523
709563,群聯群益5C購03,2026-09-01,0.32,-0.03,-8.57,100000000,0,,否,,0.39,0.4,,,-6.3107,-44.7368,
709566,雙鴻群益5C購02,2026-09-01,1.27,0.34,36.56,1115000000,0,,是,,0.64,0.71,0.9,,-18.3206,-21.0177,
709567,方土昶凱基5C購02,2026-09-01,0.29,-0.04,-12.12,10000000,0,紅縮,否,,0.38,0.35,0.37,,18.75,4.4776,-12.926
709568,威剛凱基61購01,2026-09-01,0.25,-0.01,-3.85,2042000000,0,,否,,0.29,0.31,0.34,,-7.5472,-4.0752,
709570,聰泰凱基5C購01,2026-09-01,0.31,0.01,3.33,10000000,0,,否,,0.36,0.37,0.47,,-3.7433,-12.619,
709571,雙鴻凱基5C購07,2026-09-01,0.85,0.3,54.55,12000000,0,,否,,0.41,0.46,,,-19.2913,-21.4041,
709572,雙鴻凱基5C購08,2026-09-01,0.74,0.26,54.17,7000000,0,,否,,0.52,0.62,,,-28.6501,-13.3705,
709573,能率台新5C購01,2026-09-01,0.87,-0.06,-6.45,540000000,0,綠縮,是,,0.89,0.93,1.03,,-8.0579,-3.0271,-7.1975
709574,良維富邦61購02,2026-09-01,0.17,0.03,21.43,10000000,0,,否,,0.12,0.16,0.32,,-35.4167,-53.6657,-24.9711
709576,雙鴻富邦62購01,2026-09-01,0.82,0.17,26.15,1471000000,0,紅增,是,,0.5,0.45,0.45,,28.7179,15.2455,-3.1284
709579,中美晶元大5C購05,2026-09-01,1.81,0.09,5.23,60000000,0,綠縮,否,,1.85,1.79,2.35,,7.1842,-18.505,-4.2848
709580,世界元大5C購04,2026-09-01,0.9,0.01,1.12,22000000,0,綠縮,否,,0.98,0.97,1.21,,0.4115,-16.1068,-14.7224
709581,世界元大64購06,2026-09-01,0.63,0.04,6.78,50000000,0,綠增,否,,0.69,0.66,0.75,,8.5173,-5.5714,-14.3103
709583,台半元大66購03,2026-09-01,1.37,0.05,3.79,10000000,0,,否,,1.27,1.19,1.43,,14.2342,-7.6146,
709586,富喬元大64購01,2026-09-01,1.05,0.04,3.96,698000000,0,紅增,是,,0.79,0.62,0.65,,76.4444,11.0714,8.6595
709587,順達元大5C購05,2026-09-01,1.57,0.18,12.95,121000000,0,綠縮,是,,1.15,1.25,1.55,,-15.0442,-11.5032,-9.2236
709588,群聯元大61購11,2026-09-01,0.29,-0.02,-6.45,100000000,0,紅增,否,,0.3,0.28,0.32,,9.6296,4.0441,-14.4772
709589,群聯元大64購04,2026-09-01,0.39,-0.01,-2.5,556000000,0,紅增,否,,0.38,0.38,0.39,,1.0526,6.4067,-11.2486
709591,威剛群益5C購03,2026-09-01,0.55,-0.03,-5.17,230000000,0,紅轉綠,否,,0.72,0.79,0.85,,-17.0901,2.0619,-13.3198
709592,群聯群益5C購04,2026-09-01,1.13,-0.01,-0.88,400000000,0,紅增,否,,1.15,1.14,1.23,,1.9538,4.7926,-19.227
709593,桓達永豐61購01,2026-09-01,0.35,-0.02,-5.41,100000000,0,,是,,0.35,0.38,,,-14.7783,-16.6297,
709595,富喬國票5C購03,2026-09-01,1.41,0.08,6.02,258000000,0,,否,,0.99,0.71,0.8,,126.0274,21.4286,
709597,精確國票61購01,2026-09-01,0.36,-0.01,-2.7,105000000,0,,是,,0.29,0.44,0.61,,-48.9583,-34.3891,
709600,中美晶元大5C購06,2026-09-01,1.54,0.14,10.0,83000000,0,綠增,是,,1.66,2.68,2.57,,-54.8807,-19.5188,-0.8476
709601,世界元大5C購05,2026-09-01,0.9,-0.02,-2.17,22000000,0,綠縮,否,,0.96,0.96,1.15,,0.0,-9.2279,-17.7603
709603,世界元大66購02,2026-09-01,0.63,-0.02,-3.08,167000000,0,綠增,是,,0.67,0.66,0.72,,5.0,-4.5124,-11.3231
709605,威剛元大5C購02,2026-09-01,1.1,-0.03,-2.65,340000000,0,紅縮,否,,1.22,1.24,1.27,,-3.6392,0.6488,-6.1921
709606,威剛元大61購02,2026-09-01,0.97,0.0,0.0,151000000,0,,是,,1.07,1.05,1.15,,3.2882,-1.3146,-6.5607
709609,群聯元大61購12,2026-09-01,0.37,-0.02,-5.13,483000000,0,紅增,否,,0.38,0.35,0.39,,17.5,5.136,-13.1461
709611,磐亞元大5C購01,2026-09-01,3.43,-0.2,-5.51,8000000,0,,否,,3.88,3.98,3.99,,-4.5231,-13.7153,
709614,磐亞永豐61購01,2026-09-01,2.25,-0.1,-4.26,12000000,0,綠增,否,,2.35,2.11,2.67,,25.5889,-15.72,0.1501
709615,方土昶凱基5C購03,2026-09-01,0.46,0.0,0.0,1000000,0,,否,,0.5,0.51,,,-1.5625,-21.4838,
709617,磐亞凱基5C購01,2026-09-01,2.49,-0.09,-3.49,2000000,0,綠縮,否,,2.43,2.59,2.88,,-11.7006,-20.4971,9.0153
709618,雙鴻凱基61購04,2026-09-01,0.69,0.14,25.45,9000000,0,,否,,0.46,,,,,,
709622,順達台新5C購02,2026-09-01,0.8,0.13,19.4,6000000,0,綠縮,否,,0.5,0.7,1.01,,-43.9732,-41.5063,-20.6573
709623,精材台新62購01,2026-09-01,4.21,0.0,0.0,149000000,0,綠縮,是,,2.44,2.53,2.98,,-6.2883,-17.9071,2.5146
709624,雙鴻台新5C購01,2026-09-01,1.36,0.66,94.29,20000000,0,,否,,0.96,1.02,,,-10.2804,,
709625,力致群益5C購01,2026-09-01,0.14,0.01,7.69,10000000,0,,,,,,,,,,
709628,雙鴻群益62購01,2026-09-01,0.7,0.21,42.86,69000000,0,,是,,0.38,0.41,0.46,,-13.7615,-12.5,
709629,方土昶永豐63購01,2026-09-01,0.51,-0.01,-1.92,17000000,0,紅縮,否,,0.58,0.52,0.53,,26.4069,12.2318,-8.8412
709631,宜特永豐5C購03,2026-09-01,0.55,0.04,7.84,66000000,0,,否,,0.94,1.25,,,-40.0,,
709632,家登永豐5C購01,2026-09-01,0.56,0.13,30.23,36000000,0,,否,,0.69,0.85,,,-31.9527,,
709635,雙鴻群益5C購03,2026-09-01,2.7,0.77,39.9,687000000,0,紅增,否,,1.29,1.14,0.95,,31.0345,31.0702,3.7602
709636,大綜國票5C購01,2026-09-01,0.4,0.04,11.11,10000000,0,紅增,否,,0.41,0.51,0.56,,-33.657,-11.8353,-13.3748
709638,光聚晶國票61購01,2026-09-01,0.3,-0.02,-6.25,35000000,0,綠縮,是,,0.3,0.33,0.42,,-18.232,-19.3627,-16.551
709642,鈊象國票61購01,2026-09-01,0.44,-0.02,-4.35,15000000,0,,否,,0.52,0.62,0.78,,-29.5082,-25.2695,
709644,大綜凱基5C購01,2026-09-01,0.17,0.01,6.25,100000000,0,紅增,否,,0.2,0.24,0.31,,-30.0,-22.7273,-33.7676
709647,朋億*凱基5C購01,2026-09-01,0.47,-0.07,-12.96,232000000,0,綠縮,是,,0.46,0.54,0.97,,-24.7557,-42.5827,-23.8543
709648,威剛凱基5C購03,2026-09-01,0.33,-0.01,-2.94,1579000000,0,紅縮,是,,0.37,0.38,0.37,,-2.6178,2.168,-7.0807
709649,茂訊凱基5C購01,2026-09-01,0.62,0.02,3.33,12000000,0,綠增,否,,0.74,0.76,0.8,,-4.6272,-0.2625,-3.218
709650,富喬凱基5C購02,2026-09-01,1.03,0.03,3.0,3000000,0,,否,,0.75,0.55,0.59,,108.9385,26.8349,0.1708
709652,雅特力凱基5C購02,2026-09-01,0.72,0.04,5.88,1118000000,0,綠縮,否,,0.76,0.8,1.19,,-9.0476,-28.9007,-2.9484
709654,精確凱基5C購01,2026-09-01,0.29,-0.03,-9.38,63000000,0,綠縮,否,,0.25,0.26,0.44,,-9.5588,-34.9246,-21.2444
709655,大綜台新5C購03,2026-09-01,0.41,0.02,5.13,13000000,0,,否,,0.47,0.54,0.65,,-22.1854,-21.9477,
709657,方土昶台新5C購01,2026-09-01,0.65,-0.02,-2.99,305000000,0,,是,,0.8,0.76,0.83,,10.5556,10.0145,-13.2915
709659,富喬台新5C購02,2026-09-01,2.09,0.04,1.95,833000000,0,,否,,1.54,1.17,1.39,,92.5,0.5155,-0.6805
709664,大綜元大5C購01,2026-09-01,0.22,-0.02,-8.33,5000000,0,,否,,0.34,0.38,0.64,,-18.1818,-22.6069,-29.1132
709666,台半元大5C購06,2026-09-01,0.43,-0.02,-4.44,118000000,0,,是,,0.39,0.57,0.98,,-48.6772,-48.7455,-7.8014
709669,家登元大5C購04,2026-09-01,0.76,0.37,94.87,7000000,0,綠縮,否,,0.49,0.51,0.66,,-6.8182,-15.1414,-13.0236
709670,群聯元大5C購06,2026-09-01,0.45,-0.03,-6.25,405000000,0,紅增,是,,0.49,0.47,0.62,,10.7623,-7.8431,-19.2982
709672,群聯元大5C購08,2026-09-01,0.36,-0.03,-7.69,634000000,0,紅縮,否,,0.39,0.37,0.39,,9.6591,8.2111,-14.9891
709673,群聯元大66購05,2026-09-01,0.62,-0.02,-3.12,103000000,0,紅增,否,,0.61,0.53,0.58,,34.2105,7.014,-9.0625
709676,家登富邦63購01,2026-09-01,0.54,0.03,5.88,10000000,0,,否,,0.45,0.45,0.57,,-2.6201,-20.5624,
709677,正德群益5C購01,2026-09-01,0.56,-0.03,-5.08,32000000,0,,是,,0.76,0.75,,,3.2432,,
709679,家登群益5C購01,2026-09-01,1.1,0.21,23.6,140000000,0,,是,,0.82,1.05,,,-36.2364,-20.8866,
709680,富喬群益5C購03,2026-09-01,2.19,0.07,3.3,290000000,0,,否,,1.44,1.35,,,14.7854,-3.7063,
709684,立端永豐64購01,2026-09-01,0.51,0.0,0.0,3000000,0,,是,,0.58,0.59,0.6,,-5.2459,0.1686,-3.629
709685,威剛永豐6C購01,2026-09-01,0.98,-0.01,-1.01,68000000,0,,否,,1.02,1.01,1.0,,3.2323,3.8184,-1.7708
709686,建榮永豐61購01,2026-09-01,0.47,-0.06,-11.32,20000000,0,,是,,0.43,0.39,0.63,,24.0,-26.5918,-21.3258
709688,雅特力永豐61購01,2026-09-01,1.15,0.01,0.88,255000000,0,綠縮,否,,1.21,1.17,1.45,,6.3269,-21.1551,6.6104
709690,綠界*永豐61購01,2026-09-01,0.46,-0.02,-4.17,10000000,0,,是,,0.59,0.73,0.88,,-32.0276,-20.2407,
709691,聰泰永豐61購01,2026-09-01,0.52,0.0,0.0,50000000,0,,是,,0.59,0.63,0.81,,-11.6766,-18.2055,
709698,邑昇國票61購01,2026-09-01,0.65,0.07,12.07,150000000,0,,否,,0.41,0.38,,,21.0526,,
709700,建榮國票5C購01,2026-09-01,0.24,-0.01,-4.0,103000000,0,,是,,0.2,0.2,0.36,,7.4468,-33.8983,
709701,博士旺國票5C購01,2026-09-01,0.35,0.0,0.0,16000000,0,綠轉紅,否,,0.22,0.28,0.29,,-37.2093,4.8689,-21.0526
709705,雅特力國票61購01,2026-09-01,0.8,0.02,2.56,550000000,0,綠縮,是,,0.86,0.85,1.11,,1.4184,-14.8,-3.9062
709706,雅特力國票61購02,2026-09-01,0.75,0.05,7.14,127000000,0,綠縮,否,,0.75,0.74,0.93,,3.5714,-15.891,1.5917
709711,騰雲國票61購01,2026-09-01,0.7,0.13,22.81,9000000,0,,否,,0.69,0.68,,,4.2296,4.1602,
709712,威剛國泰61購01,2026-09-01,0.83,0.01,1.22,140000000,0,,否,,0.91,0.92,1.18,,-3.4115,-9.1626,
709715,兆利台新5C購01,2026-09-01,0.59,-0.06,-9.23,10000000,0,,是,,0.82,,,,,,
709717,雅特力台新5C購01,2026-09-01,1.05,-0.02,-1.87,692000000,0,綠增,是,,1.28,1.29,1.77,,-0.7728,-36.3142,6.9028
709718,雅特力台新5C購02,2026-09-01,0.82,0.0,0.0,224000000,0,綠縮,是,,0.96,1.14,1.63,,-27.0517,-39.6926,1.308
709719,鈊象台新5C購02,2026-09-01,0.53,0.01,1.92,26000000,0,綠增,是,,0.96,1.22,1.5,,-35.8389,-19.2206,-14.2613
709720,雙鴻台新5C購02,2026-09-01,2.7,0.83,44.39,156000000,0,,是,,1.61,1.33,1.36,,54.8944,16.5935,-4.7486
709721,雙鴻台新5C購03,2026-09-01,1.59,0.43,37.07,14000000,0,,是,,0.97,1.02,,,-9.8881,,
709723,中美晶元大5C購08,2026-09-01,1.83,0.13,7.65,17000000,0,,否,,2.47,2.22,,,25.1777,,
709724,中美晶元大5C購09,2026-09-01,1.27,0.14,12.39,388000000,0,綠縮,否,,1.3,1.29,1.6,,1.0903,-12.5339,-2.4628
709729,威剛元大61購04,2026-09-01,1.17,-0.02,-1.68,184000000,0,紅轉綠,是,,1.26,1.28,1.32,,-3.0769,-0.0,-6.6714
709730,富喬元大64購02,2026-09-01,1.61,0.08,5.23,104000000,0,紅增,是,,1.02,0.77,0.86,,92.4528,17.9604,-3.0028
709731,順達元大5C購06,2026-09-01,1.67,0.21,14.38,409000000,0,綠轉紅,是,,1.23,1.31,1.49,,-11.3833,-5.6236,-11.6196
709732,鈊象元大5C購05,2026-09-01,1.15,-0.1,-8.0,50000000,0,綠增,否,,1.39,1.68,1.66,,-29.7872,-6.8736,-9.0014
709735,群聯元大5C購11,2026-09-01,0.41,-0.03,-6.82,455000000,0,紅增,是,,0.43,0.38,0.47,,35.0,-5.2897,-17.0026
709736,群聯元大66購06,2026-09-01,0.69,-0.02,-2.82,87000000,0,紅縮,否,,0.69,0.67,0.62,,6.8323,13.073,-5.7315
709738,精材元大64購01,2026-09-01,5.35,0.05,0.94,22000000,0,綠轉紅,否,,3.55,3.43,3.5,,7.1817,-7.1158,5.3249
709739,精材元大66購04,2026-09-01,4.47,0.21,4.93,106000000,0,綠縮,是,,2.97,3.2,3.38,,-13.4189,-13.4037,2.7314
709740,順達凱基5C購03,2026-09-01,0.32,0.04,14.29,763000000,0,綠轉紅,是,,0.22,0.26,0.34,,-27.3333,-18.8088,-23.7514
709741,群聯凱基5C購05,2026-09-01,0.34,-0.01,-2.86,6000000,0,,否,,0.33,0.34,0.49,,-6.2147,-25.2723,
709742,聖暉*凱基5C購02,2026-09-01,0.12,0.02,20.0,1000000,0,綠縮,否,,0.14,0.24,0.51,,-56.7073,-53.6489,-33.5496
709744,臺慶科凱基5C購02,2026-09-01,0.11,0.0,0.0,1000000,0,,否,,0.13,0.24,0.53,,-62.2857,-55.6985,
709745,宜鼎元大5C購05,2026-09-01,0.56,0.02,3.7,499000000,0,紅縮,否,,0.65,0.64,0.65,,0.3106,5.2202,-13.8298
709746,宜鼎元大61購04,2026-09-01,0.46,0.0,0.0,579000000,0,紅縮,否,,0.52,0.52,0.5,,-1.5152,7.8189,-11.4082
709747,廣閎科元大5C購01,2026-09-01,0.98,0.11,12.64,353000000,0,綠縮,是,,0.81,0.91,1.2,,-20.2756,-10.4902,-15.069
709748,宜鼎群益5C購01,2026-09-01,0.37,-0.01,-2.63,961000000,0,紅縮,是,,0.45,0.46,0.42,,-3.0043,11.4078,-15.8416
709749,宜鼎群益5C購02,2026-09-01,0.29,0.02,7.41,10000000,0,紅縮,否,,0.34,0.35,0.41,,-4.9724,0.5698,-17.378
709750,宜鼎群益5C購03,2026-09-01,0.31,0.0,0.0,120000000,0,紅縮,否,,0.38,0.37,0.41,,8.4746,2.7855,-21.449
709753,宜鼎國票61購01,2026-09-01,0.58,0.01,1.75,3000000,0,紅縮,否,,0.68,0.66,0.66,,5.625,8.2237,-14.658
709755,凱崴國票61購01,2026-09-01,0.56,0.0,0.0,148000000,0,紅增,否,,0.45,0.43,0.48,,12.9353,6.4677,-20.6811
709758,萊德光國票61購02,2026-09-01,0.32,0.01,3.23,166000000,0,,否,,0.28,0.34,0.44,,-30.198,-25.2723,-26.4339
709759,萊德光國票61購03,2026-09-01,0.26,0.02,8.33,130000000,0,紅增,否,,0.23,0.26,0.31,,-20.4225,-11.4583,-11.0473
709761,宜鼎國泰61購02,2026-09-01,0.77,-0.29,-27.36,9000000,0,紅縮,否,,0.97,0.95,0.89,,3.1983,4.8405,-7.8401
709762,宜鼎國泰61購03,2026-09-01,0.78,-0.02,-2.5,41000000,0,紅縮,否,,0.91,0.85,0.83,,15.443,12.1212,-13.1387
709763,宜鼎國泰61購04,2026-09-01,0.83,-0.05,-5.68,11000000,0,紅縮,否,,0.95,0.88,0.92,,18.9526,10.3015,-13.9163
709765,台半富邦63購01,2026-09-01,0.53,0.02,3.92,160000000,0,,是,,0.55,0.74,,,-41.7021,-23.8485,
709766,宜特富邦62購01,2026-09-01,0.34,0.01,3.03,240000000,0,,是,,0.35,0.38,0.52,,-14.0777,-27.7358,
709768,朋程富邦62購01,2026-09-01,0.42,0.01,2.44,192000000,0,綠縮,是,,0.42,0.43,0.57,,-7.5556,-15.7588,-15.5325
709769,朋程富邦63購01,2026-09-01,0.4,0.01,2.56,160000000,0,,是,,0.4,0.4,0.57,,-1.4706,-24.1573,-15.9676
709770,家登富邦62購02,2026-09-01,0.66,0.1,17.86,2000000,0,,否,,0.61,0.66,,,-14.6479,-10.8401,
709771,家登富邦62購03,2026-09-01,0.63,0.11,21.15,20000000,0,,否,,0.59,0.65,0.71,,-16.1932,-10.1389,
709772,鈊象富邦62購01,2026-09-01,0.54,-0.01,-1.82,127000000,0,紅轉綠,是,,0.65,0.66,0.68,,-0.3049,0.9245,-4.0702
709774,雙鴻富邦63購01,2026-09-01,0.92,0.16,21.05,395000000,0,,是,,0.65,0.58,0.62,,25.5814,3.5587,-2.918
709776,威剛凱基5C購04,2026-09-01,0.59,-0.03,-4.84,126000000,0,紅縮,否,,0.66,0.67,0.67,,-3.4985,2.2762,-6.0098
709777,家登凱基5C購03,2026-09-01,0.72,0.21,41.18,165000000,0,,是,,0.47,0.52,0.71,,-18.4028,-28.7466,
709779,富喬凱基5C購03,2026-09-01,1.28,0.06,4.92,7000000,0,紅增,否,,0.93,0.66,0.59,,137.7551,79.4038,2.3622
709780,勤凱凱基5C購03,2026-09-01,0.14,0.01,7.69,10000000,0,,否,,0.21,0.33,,,-52.6786,-32.7902,
709781,群聯凱基61購05,2026-09-01,0.42,-0.03,-6.67,796000000,0,紅縮,是,,0.43,0.43,0.41,,-1.3889,10.567,-10.1996
709782,廣閎科凱基61購01,2026-09-01,0.62,0.15,31.91,341000000,0,綠縮,是,,0.49,0.66,1.11,,-40.146,-41.6519,-17.2375
709783,宜鼎台新5C購01,2026-09-01,0.59,-0.01,-1.67,1141000000,0,紅縮,否,,0.71,0.71,0.66,,1.4245,12.7592,-16.0714
709784,宜鼎台新5C購02,2026-09-01,0.67,0.01,1.52,200000000,0,紅縮,否,,0.8,0.79,0.74,,4.6875,12.4464,-15.6214
709785,宜鼎台新5C購03,2026-09-01,0.52,-0.01,-1.89,57000000,0,紅縮,否,,0.63,0.63,0.6,,0.3165,10.6643,-17.2509
709786,宜鼎中信5C購02,2026-09-01,0.17,0.0,0.0,1521000000,0,紅縮,是,,0.21,0.21,0.23,,-1.9048,10.0529,-18.5921
709788,宜鼎永豐65購01,2026-09-01,0.43,0.01,2.38,165000000,0,紅縮,否,,0.46,0.44,0.43,,7.4766,9.0909,-6.7538
709789,宇峻國泰61購01,2026-09-01,1.16,0.0,0.0,50000000,0,,否,,1.49,1.64,1.91,,-15.973,-15.5831,
709790,華景電國泰61購01,2026-09-01,0.51,0.06,13.33,48000000,0,,否,,0.45,0.78,,,-58.9837,-37.9888,
709791,群聯國泰61購02,2026-09-01,1.15,-0.08,-6.5,21000000,0,紅縮,否,,1.16,1.12,1.13,,7.1956,9.1351,-12.36
709792,漢達國泰61購01,2026-09-01,2.31,-0.83,-26.43,85000000,0,綠縮,否,,1.93,2.43,2.8,,-34.4005,-13.1476,-14.3207
709794,宜鼎凱基5C購03,2026-09-01,0.17,0.0,0.0,10000000,0,,是,,0.22,0.22,0.35,,-2.6786,-31.1526,-28.8363
709797,威聯通凱基61購01,2026-09-01,0.24,-0.02,-7.69,8000000,0,,否,,0.33,,,,,,
709798,凱崴凱基61購01,2026-09-01,0.41,-0.01,-2.38,83000000,0,,是,,0.3,0.4,0.65,,-40.4,-36.8671,
709800,順達凱基61購01,2026-09-01,0.4,0.04,11.11,10000000,0,,是,,0.29,0.31,0.46,,-12.2699,-37.4233,-19.2308
709801,璟德凱基5C購01,2026-09-01,0.16,0.0,0.0,60000000,0,紅縮,否,,0.22,0.19,0.2,,31.7073,11.7647,-23.2955
709802,立敦台新5C購02,2026-09-01,0.24,-0.01,-4.0,20000000,0,綠縮,否,,0.3,0.51,0.99,,-58.1717,-48.7487,-26.8877
709803,宏捷科台新5C購01,2026-09-01,0.54,0.05,10.2,146000000,0,綠縮,是,,0.48,0.53,0.78,,-16.3194,-21.6296,-24.686
709804,宜鼎台新5C購04,2026-09-01,0.66,0.0,0.0,300000000,0,紅縮,否,,0.83,0.83,0.79,,-1.6667,10.1852,-19.4825
709805,宜鼎台新61購01,2026-09-01,0.89,-0.04,-4.3,10000000,0,紅縮,否,,1.12,1.1,1.02,,3.525,12.7441,-15.8371
709807,家登台新5C購01,2026-09-01,1.18,0.14,13.46,13000000,0,綠轉紅,是,,0.85,0.75,1.06,,30.5556,-17.4586,-17.337
709808,順達台新61購02,2026-09-01,1.86,0.2,12.05,10000000,0,,否,,1.41,1.57,2.13,,-18.9158,-30.8675,-14.5975
709809,新漢台新5C購01,2026-09-01,1.15,0.03,2.68,4000000,0,綠縮,否,,1.1,1.21,1.21,,-16.8437,3.5163,-11.0332
709811,富喬中信5C購03,2026-09-01,1.24,0.06,5.08,100000000,0,,否,,0.96,0.63,,,220.6667,49.8812,
709812,創惟永豐5C購01,2026-09-01,0.41,-0.02,-4.65,14000000,0,,否,,0.58,0.66,,,-21.5259,,
709813,華容永豐61購01,2026-09-01,2.02,-0.01,-0.49,5000000,0,綠縮,是,,1.98,2.3,2.9,,-24.4665,-21.1571,-2.4752
709816,宜鼎元大5C購06,2026-09-01,0.3,-0.02,-6.25,1264000000,0,紅縮,是,,0.36,0.36,0.38,,0.0,1.4085,-15.6216
709817,宜鼎元大5C購07,2026-09-01,0.48,0.0,0.0,471000000,0,紅縮,是,,0.56,0.56,0.54,,1.444,6.6922,-11.7406
709818,宜鼎元大5C購08,2026-09-01,0.43,0.01,2.38,191000000,0,紅縮,否,,0.49,0.48,0.49,,3.7975,5.6893,-13.6805
709819,威剛元大5C購03,2026-09-01,1.35,-0.04,-2.88,171000000,0,紅縮,否,,1.47,1.49,1.55,,-3.4256,-1.2574,-4.2593
709822,群聯元大5C購14,2026-09-01,0.89,-0.04,-4.3,208000000,0,紅縮,否,,0.89,0.9,0.87,,-4.1126,8.3832,-10.7345
709824,廣閎科元大5C購02,2026-09-01,1.64,0.3,22.39,40000000,0,,是,,1.7,2.33,,,-42.4222,-26.876,
709825,雙鴻元大61購15,2026-09-01,0.96,0.25,35.21,735000000,0,紅增,是,,0.6,0.52,0.54,,32.8889,14.1612,-4.2743
709829,邑錡國票5C購01,2026-09-01,0.74,-0.02,-2.63,365000000,0,綠縮,是,,0.73,0.78,1.07,,-12.9187,-15.2763,-15.5363
709830,佳邦國票61購03,2026-09-01,0.33,-0.02,-5.71,6000000,0,,否,,0.82,0.88,,,-12.2318,-12.3246,
709833,杰力國票61購01,2026-09-01,0.5,0.0,0.0,20000000,0,綠增,否,,0.64,0.61,0.77,,10.3806,-1.1382,-12.1074
709839,能率亞國票61購01,2026-09-01,0.78,-0.05,-6.02,26000000,0,,是,,0.74,0.76,0.96,,-6.5823,-19.9161,-11.5989
709840,凱崴國票61購02,2026-09-01,0.37,-0.02,-5.13,2000000,0,,否,,0.34,0.3,0.46,,30.5344,-26.699,-23.9541
709841,湧德國票5C購01,2026-09-01,0.45,0.01,2.27,8000000,0,,否,,0.39,0.42,,,-10.4545,-30.9603,
709843,華容國票61購02,2026-09-01,1.84,0.02,1.1,81000000,0,綠縮,否,,1.84,2.03,2.13,,-17.6682,-9.038,-16.8361
709847,廣閎科國票61購02,2026-09-01,0.7,0.06,9.38,2000000,0,,否,,0.59,0.63,1.15,,-13.3136,-41.7359,
709848,騰雲國票61購02,2026-09-01,0.56,0.07,14.29,10000000,0,,是,,0.54,0.55,,,-2.5271,,
709852,群聯群益5C購07,2026-09-01,2.75,-0.19,-6.46,28000000,0,紅增,否,,2.78,2.56,2.8,,18.6325,3.8993,-13.8632
709853,兆利富邦62購01,2026-09-01,0.26,-0.01,-3.7,3000000,0,,是,,0.2,0.2,0.24,,8.5106,-8.8372,
709855,湧德富邦62購01,2026-09-01,0.48,0.05,11.63,382000000,0,紅增,是,,0.39,0.39,0.4,,-1.0101,3.4121,-10.9111
709858,廣閎科富邦5C購01,2026-09-01,0.51,0.05,10.87,410000000,0,,是,,0.43,0.86,,,-66.9767,-31.5243,
709859,方土昶國票61購02,2026-09-01,0.82,-0.01,-1.2,5000000,0,,否,,0.92,0.85,,,19.4301,-5.5741,
709860,台嘉碩國票5C購01,2026-09-01,0.51,0.11,27.5,1000000,0,綠縮,是,,0.49,0.53,0.8,,-12.8114,-23.3236,-18.7405
709861,台嘉碩國票5C購02,2026-09-01,0.43,0.08,22.86,82000000,0,紅縮,否,,0.5,0.47,0.51,,13.6986,6.1224,-22.1028
709863,兆利國票61購01,2026-09-01,0.59,-0.12,-16.9,5000000,0,,否,,0.6,,,,,,
709867,順達國票61購02,2026-09-01,0.79,0.08,11.27,32000000,0,,否,,0.65,0.66,0.91,,-1.5152,-19.6319,
709868,緯軟國票61購01,2026-09-01,0.54,-0.03,-5.26,28000000,0,,否,,0.69,0.71,0.8,,-6.7935,-12.7607,
709870,廣閎科群益5C購01,2026-09-01,1.11,0.16,16.84,500000000,0,,是,,0.91,1.06,1.97,,-24.9175,-46.95,-16.3157
709871,順達中信5C購01,2026-09-01,0.37,0.06,19.35,74000000,0,,否,,0.32,0.44,0.52,,-41.2409,-23.5501,
709873,世紀*永豐5C購01,2026-09-01,10.1,1.75,20.96,224000000,0,紅增,是,,6.65,3.82,2.46,,570.5645,313.1892,107.2152
709874,博智永豐5C購03,2026-09-01,0.92,0.01,1.1,1000000,0,,否,,0.64,0.68,1.06,,-11.1421,-32.5373,
709875,中美晶元大5C購10,2026-09-01,2.16,0.14,6.93,80000000,0,綠縮,是,,2.23,2.24,2.72,,-0.7124,-12.9183,-3.4139
709877,良維元大5C購04,2026-09-01,0.41,0.02,5.13,496000000,0,,是,,0.47,0.76,,,-54.5279,-28.1637,
709878,博智元大5C購03,2026-09-01,0.84,0.02,2.44,116000000,0,紅增,是,,0.61,0.56,0.81,,20.5534,-15.5825,-20.5116
709879,華容元大5C購01,2026-09-01,2.88,-0.16,-5.26,20000000,0,綠縮,是,,2.98,3.21,3.29,,-13.279,-4.9511,-10.6028
709880,順達元大5C購07,2026-09-01,0.66,0.06,10.0,119000000,0,綠縮,是,,0.67,0.7,0.9,,-9.4851,-21.9756,-11.0396
709885,泓格凱基5C購01,2026-09-01,0.35,-0.05,-12.5,48000000,0,,是,,0.46,0.52,0.67,,-22.0339,-33.9623,-10.1604
709889,湧德凱基61購01,2026-09-01,0.55,0.02,3.77,52000000,0,,是,,0.44,0.47,0.61,,-12.0,-25.3968,
709890,華容凱基61購01,2026-09-01,1.1,-0.01,-0.9,120000000,0,綠縮,否,,1.12,1.28,1.36,,-21.3986,-13.8327,-18.7313
709893,廣閎科凱基5C購01,2026-09-01,0.66,0.1,17.86,96000000,0,,是,,0.51,0.57,0.83,,-20.3125,-17.3851,
709894,雙鴻凱基5C購09,2026-09-01,1.14,0.4,54.05,271000000,0,,否,,0.56,0.59,,,-9.3548,,
709895,騰雲凱基61購01,2026-09-01,0.38,0.06,18.75,10000000,0,,否,,0.41,0.43,,,-5.9091,,
709896,中美晶統一66購02,2026-09-01,0.88,0.06,7.32,478000000,0,綠縮,否,,0.88,0.86,1.12,,5.2632,-11.1801,-6.9439
709899,立敦統一64購03,2026-09-01,0.24,0.01,4.35,10000000,0,,否,,0.5,0.62,,,-32.4324,-20.3085,
709900,佳邦統一64購01,2026-09-01,0.34,0.02,6.25,40000000,0,,是,,0.32,0.4,0.52,,-32.2034,-28.1307,
709901,佳邦統一66購01,2026-09-01,0.37,0.01,2.78,20000000,0,,否,,0.44,0.52,,,-28.4314,-11.4671,
709902,宜鼎統一64購01,2026-09-01,0.37,0.02,5.71,20000000,0,紅縮,否,,0.41,0.37,0.38,,21.4286,9.0909,-10.4019
709905,宜鼎統一64購04,2026-09-01,0.26,0.0,0.0,13000000,0,紅縮,是,,0.29,0.29,0.3,,3.5211,9.0566,-11.2245
709906,宜鼎統一66購03,2026-09-01,0.44,0.01,2.33,199000000,0,紅縮,否,,0.48,0.47,0.43,,5.2402,16.0494,-9.4837
709907,宜鼎統一66購04,2026-09-01,0.51,-0.01,-1.92,3000000,0,紅縮,否,,0.56,0.53,0.52,,8.5938,8.5366,-5.1282
709908,威剛統一6A購01,2026-09-01,0.78,0.0,0.0,10000000,0,,否,,0.77,,,,,,
709909,建榮統一66購01,2026-09-01,0.39,0.0,0.0,20000000,0,紅增,否,,0.36,0.3,0.37,,42.4,-1.6234,-14.4175
709911,家登統一66購01,2026-09-01,0.58,0.09,18.37,30000000,0,,否,,0.56,,,,,,
709914,富喬統一64購02,2026-09-01,0.96,0.04,4.35,342000000,0,,是,,0.76,0.72,,,9.8551,,
709915,富喬統一64購03,2026-09-01,0.94,0.04,4.44,183000000,0,,否,,0.73,0.64,,,36.9403,0.9539,
709916,富喬統一66購01,2026-09-01,1.26,0.04,3.28,449000000,0,,是,,0.98,0.81,,,52.9595,5.7292,
709918,精材統一66購01,2026-09-01,1.88,0.0,0.0,808000000,0,綠轉紅,是,,1.17,1.16,1.33,,2.2727,-8.8258,-1.5926
709919,精材統一6C購01,2026-09-01,1.41,0.03,2.17,569000000,0,綠縮,是,,1.08,1.15,1.15,,-11.9476,-6.5094,3.3243
709920,臺慶科統一64購02,2026-09-01,0.25,0.0,0.0,10000000,0,,是,,0.28,0.28,0.52,,-5.4795,-43.2,
709922,臺慶科統一66購03,2026-09-01,0.24,-0.01,-4.0,50000000,0,,是,,0.26,0.35,0.52,,-41.5179,-35.219,
709924,廣閎科統一66購01,2026-09-01,0.6,0.05,9.09,108000000,0,,否,,0.54,0.64,,,-26.5027,,
709925,廣運統一66購01,2026-09-01,0.33,0.0,0.0,187000000,0,,是,,0.39,0.39,,,2.0942,-22.0202,
709928,雙鴻統一64購01,2026-09-01,0.78,0.18,30.0,226000000,0,,是,,0.5,0.51,,,-3.0769,-8.079,
709929,雙鴻統一65購02,2026-09-01,1.06,0.18,20.45,935000000,0,,是,,0.7,0.61,0.63,,36.5759,8.5714,
709931,金益鼎國泰61購01,2026-09-01,0.82,-0.03,-3.53,24000000,0,紅縮,是,,0.88,0.9,0.91,,-4.3668,1.3575,-8.8722
709932,立敦台新5C購03,2026-09-01,0.13,0.01,8.33,499000000,0,綠縮,是,,0.14,0.19,0.49,,-40.678,-53.9216,-34.5382
709933,威剛台新5C購01,2026-09-01,1.18,-0.02,-1.67,63000000,0,紅縮,否,,1.26,1.25,1.19,,1.6181,5.5038,-3.557
709934,威剛台新5C購02,2026-09-01,1.92,-0.03,-1.54,23000000,0,紅縮,是,,2.05,2.04,1.99,,0.2938,6.1786,-3.8955
709935,威剛台新5C購03,2026-09-01,3.52,-0.09,-2.49,11000000,0,紅縮,否,,3.92,4.02,4.02,,-4.8544,0.2744,-7.1643
709936,威剛台新61購01,2026-09-01,1.33,-0.04,-2.92,18000000,0,紅縮,否,,1.45,1.43,1.39,,3.8571,6.2547,-3.0609
709937,威剛台新62購01,2026-09-01,2.26,-0.06,-2.59,416000000,0,紅縮,否,,2.51,2.51,2.47,,-0.0797,5.3361,-3.6842
709939,威剛台新66購01,2026-09-01,1.24,-0.02,-1.59,21000000,0,紅縮,是,,1.31,1.29,1.25,,3.8035,10.0086,-1.105
709941,凱崴台新5C購01,2026-09-01,0.42,0.01,2.44,276000000,0,紅增,是,,0.34,0.34,0.38,,-0.5848,4.9231,-24.5264
709942,華容台新5C購03,2026-09-01,2.46,-0.01,-0.4,171000000,0,綠增,是,,2.89,3.0,3.45,,-7.1291,0.3006,-4.6849
709943,威剛富邦5C購01,2026-09-01,0.72,-0.01,-1.37,84000000,0,,是,,0.78,0.79,0.78,,-1.7677,3.2895,-5.9531
709945,胡連永豐61購01,2026-09-01,0.58,0.0,0.0,137000000,0,紅縮,否,,0.62,0.61,0.61,,3.3113,6.7826,-3.0111
709946,艾訊國票61購01,2026-09-01,0.39,0.0,0.0,2000000,0,,否,,0.52,0.62,0.69,,-29.5082,-12.4825,
709947,良維國票61購01,2026-09-01,0.47,0.06,14.63,8000000,0,,否,,0.33,0.56,,,-58.1633,,
709948,朋億*國票61購01,2026-09-01,0.62,-0.05,-7.46,10000000,0,,否,,0.58,0.79,1.09,,-41.3655,-32.6513,
709953,台半群益62購02,2026-09-01,1.05,0.02,1.94,59000000,0,,否,,0.92,1.24,,,-40.6692,-32.8269,
709954,中美晶凱基5C購03,2026-09-01,1.2,0.1,9.09,1000000,0,綠縮,是,,1.24,1.13,1.63,,21.5264,-30.8068,-1.5361
709957,朋程凱基5C購01,2026-09-01,0.47,0.01,2.17,36000000,0,,否,,0.49,0.59,0.88,,-29.7688,-36.1171,
709958,博智凱基5C購04,2026-09-01,0.65,-0.03,-4.41,63000000,0,,否,,0.5,0.45,,,25.3731,-27.8662,
709961,緯軟凱基5C購01,2026-09-01,0.43,-0.01,-2.27,30000000,0,,是,,0.47,0.51,,,-14.5455,-14.2857,
709966,家登統一6A購01,2026-09-01,0.58,0.06,11.54,6000000,0,,否,,0.56,,,,,,
709967,富喬統一66購02,2026-09-01,1.11,0.01,0.91,6000000,0,,否,,0.9,0.82,,,19.7861,1.7327,
709969,順達統一6A購01,2026-09-01,0.61,0.04,7.02,1000000,0,,否,,0.67,,,,,,
709971,群聯國泰61購03,2026-09-01,1.55,-0.09,-5.49,42000000,0,紅縮,否,,1.54,1.49,1.41,,5.9229,14.1221,-10.2679
709973,世界富邦61購02,2026-09-01,0.42,0.02,5.0,20000000,0,綠縮,是,,0.46,0.5,0.59,,-14.2322,-10.4693,-19.5339
709974,立碁富邦5C購01,2026-09-01,1.44,0.29,25.22,776000000,0,,是,,1.01,0.9,,,28.3163,29.1486,
709976,世界元大5C購06,2026-09-01,0.89,0.07,8.54,115000000,0,,否,,1.04,1.02,1.44,,3.5857,-29.7595,
709977,宜鼎元大5C購09,2026-09-01,0.62,0.02,3.33,334000000,0,紅縮,否,,0.69,0.68,0.65,,3.2738,8.5851,-10.283
709978,順達元大5C購08,2026-09-01,1.21,0.19,18.63,732000000,0,,是,,1.21,1.42,1.55,,-26.0123,-15.2421,
709980,雙鴻元大5C購06,2026-09-01,1.11,0.21,23.33,1192000000,0,紅增,是,,0.67,0.61,0.59,,21.8978,18.5185,-2.9557
709981,家登永豐5C購02,2026-09-01,1.07,0.28,35.44,1000000,0,,是,,0.8,0.77,0.92,,8.4011,-7.0133,-8.3832
709983,宜鼎元大5C購10,2026-09-01,0.56,0.01,1.82,171000000,0,紅縮,否,,0.64,0.63,0.6,,3.2258,9.1854,-10.8712
709984,千附國票61購01,2026-09-01,1.03,0.06,6.19,1000000,0,綠縮,否,,1.01,1.17,1.56,,-24.1327,-30.6365,-1.9737
709985,世禾國票61購01,2026-09-01,0.6,0.05,9.09,25000000,0,,是,,0.61,0.73,0.92,,-29.4664,-25.9819,
709987,伯特光國票61購01,2026-09-01,0.32,0.0,0.0,50000000,0,,是,,0.34,0.32,0.41,,11.1111,-7.9772,
709989,昇佳電國票61購01,2026-09-01,0.5,0.0,0.0,22000000,0,綠縮,否,,0.55,0.63,0.92,,-22.1591,-32.1777,-7.8724
709994,新普國票61購01,2026-09-01,0.61,-0.02,-3.17,101000000,0,紅增,是,,0.66,0.6,0.73,,22.0588,-0.4942,-9.2327
709995,聖暉*國票61購02,2026-09-01,0.27,0.01,3.85,15000000,0,,否,,0.4,0.8,,,-66.7774,,
709996,精材國票61購01,2026-09-01,3.14,0.12,3.97,19000000,0,,否,,1.76,1.73,,,3.5294,-3.0812,
709998,中美晶群益5C購03,2026-09-01,1.0,0.15,17.65,5000000,0,,是,,1.07,0.97,1.6,,21.968,-34.6801,-7.6635
709999,順達群益5C購02,2026-09-01,1.23,0.11,9.82,1591000000,0,綠縮,是,,0.99,1.07,1.4,,-14.4097,-20.5204,-11.0617
710000,精材群益5C購02,2026-09-01,6.2,0.15,2.48,20000000,0,綠轉紅,否,,3.18,3.14,3.89,,2.3181,-15.127,-3.016
710002,宜鼎國泰61購05,2026-09-01,0.93,-0.01,-1.06,128000000,0,紅縮,是,,1.06,1.05,1.06,,2.7079,11.7271,-10.8485
710003,宜鼎國泰61購06,2026-09-01,0.83,-0.02,-2.35,48000000,0,,是,,0.96,0.94,1.16,,5.4825,-11.2689,
710006,中美晶凱基5C購04,2026-09-01,0.73,0.07,10.61,218000000,0,,是,,0.74,0.75,0.97,,-1.3263,-27.0691,-4.5005
710007,台半凱基61購03,2026-09-01,0.44,-0.01,-2.22,85000000,0,綠轉紅,是,,0.4,0.35,0.52,,37.415,-7.9156,-27.7008
710009,順達凱基5C購04,2026-09-01,0.55,0.07,14.58,1000000,0,,否,,0.49,0.55,,,-19.544,-19.9422,
710012,雙鴻凱基5C購10,2026-09-01,1.06,0.19,21.84,112000000,0,,是,,0.65,0.6,0.58,,18.1818,19.0476,
710014,中美晶統一64購02,2026-09-01,0.9,0.07,8.43,45000000,0,綠縮,是,,0.93,0.92,1.24,,1.5351,-14.2724,-7.6152
710015,朋億*統一63購01,2026-09-01,0.32,-0.01,-3.03,20000000,0,,否,,0.29,0.45,,,-51.9737,-33.6283,
710016,朋億*統一68購01,2026-09-01,0.5,-0.03,-5.66,11000000,0,,否,,0.5,0.64,,,-36.4796,,
710018,建榮統一63購01,2026-09-01,0.42,-0.01,-2.33,55000000,0,,否,,0.36,0.31,0.38,,37.8788,12.1429,-20.1903
710019,凱崴統一63購01,2026-09-01,0.33,0.01,3.12,10000000,0,紅增,否,,0.28,0.25,0.31,,30.2752,0.4,-13.4535
710020,凱崴統一65購01,2026-09-01,0.38,0.0,0.0,220000000,0,,是,,0.32,,,,,,
710021,博智統一62購03,2026-09-01,0.48,0.01,2.13,20000000,0,,否,,0.39,0.51,,,-36.6559,,
710022,富喬統一63購01,2026-09-01,1.41,0.09,6.82,1199000000,0,紅增,是,,1.06,0.75,0.75,,134.6667,42.344,1.0135
710023,富喬統一65購03,2026-09-01,1.24,0.02,1.64,1366000000,0,,是,,0.98,0.75,0.84,,90.3101,6.5434,
710024,富喬統一6C購02,2026-09-01,0.83,0.02,2.47,1000000,0,,否,,0.72,0.61,,,44.7581,3.4072,
710025,聖暉*統一6A購03,2026-09-01,0.38,0.0,0.0,484000000,0,,是,,0.53,0.6,,,-21.5339,-16.5517,
710027,雙鴻統一63購02,2026-09-01,1.17,0.25,27.17,984000000,0,,是,,0.71,0.6,0.58,,46.5021,24.5322,0.7785
710028,穩得統一68購01,2026-09-01,0.59,0.01,1.72,212000000,0,,是,,0.53,,,,,,
710029,佳邦富邦5C購01,2026-09-01,0.23,0.0,0.0,10000000,0,,否,,0.57,0.6,,,-11.5625,,
710030,宜鼎富邦63購02,2026-09-01,0.36,0.0,0.0,196000000,0,紅縮,是,,0.39,0.38,0.37,,6.5574,10.5263,-8.625
710031,富喬富邦63購01,2026-09-01,0.98,0.05,5.38,614000000,0,,否,,0.76,0.66,,,34.629,1.6845,
710032,群聯富邦62購07,2026-09-01,0.8,-0.01,-1.23,29000000,0,,否,,0.77,0.74,0.86,,7.2626,-9.1799,
710033,群聯富邦62購08,2026-09-01,0.7,-0.04,-5.41,31000000,0,,是,,0.7,0.69,0.85,,3.8348,-12.7525,
710035,台半台新5C購01,2026-09-01,0.71,-0.01,-1.39,100000000,0,,是,,0.73,1.19,,,-55.7971,,
710037,廣閎科台新5C購02,2026-09-01,1.49,0.16,12.03,453000000,0,,是,,1.24,1.51,,,-30.5369,,
710038,良維永豐5C購04,2026-09-01,0.43,-0.09,-17.31,10000000,0,,否,,0.46,0.58,,,-34.9432,-40.835,
710040,華景電永豐63購01,2026-09-01,0.54,0.07,14.89,3000000,0,,否,,0.53,,,,,,
710045,力致國票61購01,2026-09-01,0.44,0.02,4.76,984000000,0,,,,,,,,,,
710047,中美晶國票61購02,2026-09-01,0.99,0.12,13.79,10000000,0,,是,,1.0,1.01,1.41,,-1.5748,-21.7998,
710048,加高國票61購03,2026-09-01,0.19,0.0,0.0,20000000,0,,否,,0.21,0.22,0.33,,-6.1947,-17.9775,-18.3521
710053,博士旺國票5C購02,2026-09-01,0.82,0.18,28.13,400000000,0,,是,,0.54,0.73,,,-41.4847,-24.6888,
710059,營邦國票5C購01,2026-09-01,1.5,0.19,14.5,14000000,0,,否,,1.2,,,,,,
710060,營邦國票5C購02,2026-09-01,1.54,0.15,10.79,101000000,0,紅增,否,,1.15,0.99,0.99,,36.6667,10.1996,-0.8991
710061,鴻呈國票61購01,2026-09-01,0.8,-0.07,-8.05,203000000,0,,是,,0.63,0.65,,,-3.9394,,
710062,中美晶凱基61購04,2026-09-01,0.56,0.07,14.29,1000000,0,綠縮,否,,0.57,0.73,0.98,,-36.2613,-37.4355,-3.7801
710065,精材凱基5C購04,2026-09-01,2.38,0.0,0.0,106000000,0,,是,,1.29,1.52,1.55,,-26.0023,-16.9945,
710067,廣閎科凱基5C購02,2026-09-01,0.4,0.06,17.65,21000000,0,綠縮,否,,0.36,0.41,0.68,,-19.1111,-26.4014,-27.4237
710068,營邦凱基5C購01,2026-09-01,1.03,0.12,13.19,7000000,0,紅增,否,,0.71,0.65,0.6,,18.7919,13.3913,-2.9743
710069,營邦凱基5C購02,2026-09-01,1.03,0.16,18.39,224000000,0,,否,,0.72,0.61,0.62,,39.8438,10.4317,-4.8202
710070,營邦凱基5C購03,2026-09-01,0.85,0.1,13.33,488000000,0,,否,,0.58,0.51,,,30.6306,-0.1949,
710071,中美晶群益5C購04,2026-09-01,0.86,0.1,13.16,255000000,0,綠縮,否,,0.89,0.91,1.5,,-4.3103,-24.7098,-13.5291
710072,兆利群益5C購01,2026-09-01,1.22,-0.13,-9.63,37000000,0,,,,,,,,,,
710073,營邦群益5C購01,2026-09-01,1.51,0.16,11.85,40000000,0,,是,,1.09,0.98,0.94,,26.9142,16.152,
710074,營邦群益5C購02,2026-09-01,1.5,0.2,15.38,661000000,0,,是,,0.96,0.86,0.92,,25.0653,3.4814,-4.3274
710075,世界元大5C購07,2026-09-01,0.85,0.09,11.84,44000000,0,,是,,0.85,0.96,1.44,,-21.3358,-28.9299,
710076,世界元大63購04,2026-09-01,0.6,0.02,3.45,80000000,0,綠增,否,,0.64,0.66,0.72,,-5.6047,-4.7688,-13.6553
710079,廣閎科元大5C購03,2026-09-01,0.52,0.08,18.18,55000000,0,綠轉紅,否,,0.43,0.49,0.66,,-22.6619,-16.4407,-23.8979
710080,營邦元大5C購01,2026-09-01,1.72,0.18,11.69,766000000,0,紅增,是,,1.23,1.15,1.11,,16.6352,6.7039,-1.1561
710081,凱崴國泰61購01,2026-09-01,0.6,-0.01,-1.64,105000000,0,,是,,0.55,0.75,,,-42.3158,-26.5686,
710082,廣閎科國泰61購01,2026-09-01,0.94,0.05,5.62,20000000,0,,否,,0.96,,,,,,
710083,營邦國泰61購01,2026-09-01,2.45,0.3,13.95,130000000,0,,否,,1.71,1.52,1.54,,28.3784,10.2174,
710084,營邦富邦62購01,2026-09-01,0.72,0.06,9.09,491000000,0,,是,,0.54,0.49,0.55,,21.7195,1.8711,-9.4262
710085,營邦富邦63購01,2026-09-01,0.51,0.01,2.0,347000000,0,,是,,0.4,0.48,0.6,,-28.8256,-21.7886,
710086,中美晶統一66購03,2026-09-01,0.59,0.04,7.27,576000000,0,綠縮,否,,0.59,0.59,0.79,,0.3378,-12.4077,-8.6306
710089,朋億*統一66購01,2026-09-01,0.42,-0.05,-10.64,20000000,0,,否,,0.4,0.59,,,-49.8734,,
710091,威剛統一65購05,2026-09-01,0.59,0.0,0.0,76000000,0,,否,,0.62,0.62,,,0.3215,2.8053,
710093,華景電統一64購03,2026-09-01,0.4,0.07,21.21,10000000,0,,否,,0.56,,,,,,
710096,博智國泰61購01,2026-09-01,1.29,0.06,4.88,125000000,0,,否,,0.92,0.88,,,8.5308,-19.4876,
710097,營邦統一66購01,2026-09-01,0.94,0.09,10.59,1458000000,0,紅增,是,,0.7,0.65,0.62,,16.9435,9.9327,0.0806
710098,營邦統一66購02,2026-09-01,0.94,0.06,6.82,124000000,0,,是,,0.78,0.77,,,2.6178,0.6502,
710099,營邦統一66購03,2026-09-01,0.71,0.06,9.23,1000000,0,,否,,0.56,,,,,,
710100,營邦統一6C購01,2026-09-01,0.8,0.04,5.26,150000000,0,,否,,0.65,0.63,,,7.9208,2.6059,
710101,中美晶台新5C購02,2026-09-01,0.93,0.11,13.41,64000000,0,,是,,0.82,1.46,1.73,,-61.2322,-35.93,
710102,中美晶台新5C購03,2026-09-01,4.23,0.39,10.16,116000000,0,綠縮,是,,4.43,4.45,7.19,,-0.94,-22.5531,-12.8326
710105,勤凱台新5C購01,2026-09-01,0.22,0.05,29.41,15000000,0,,否,,,,,,,,
710109,廣閎科台新5C購03,2026-09-01,1.02,0.12,13.33,418000000,0,,否,,1.22,1.51,,,-32.1111,-38.5523,
710111,騰雲台新5C購01,2026-09-01,1.41,0.33,30.56,3000000,0,,否,,1.4,1.33,,,10.4265,,
710112,中美晶凱基61購05,2026-09-01,0.54,0.05,10.2,1000000,0,,否,,0.58,0.72,0.94,,-31.5294,-35.3791,
710114,宜鼎凱基5C購07,2026-09-01,0.24,-0.01,-4.0,70000000,0,,是,,0.31,0.3,0.4,,9.7902,-19.1375,
710118,宜鼎元大5C購12,2026-09-01,0.32,-0.01,-3.03,5000000,0,,否,,0.38,0.38,0.4,,3.2432,2.1739,-15.8395
710119,朋億*元大5C購01,2026-09-01,0.44,-0.03,-6.38,100000000,0,,是,,0.41,0.46,,,-18.9723,-27.874,
710121,威剛元大5C購04,2026-09-01,1.04,-0.03,-2.8,404000000,0,,是,,1.15,1.31,1.44,,-22.2973,-10.1162,
710124,中美晶國票61購03,2026-09-01,0.85,0.09,11.84,43000000,0,,是,,0.84,0.96,1.38,,-22.366,-36.4418,
710126,朋億*國票61購04,2026-09-01,0.34,-0.02,-5.56,1000000,0,,,,,,,,,,
710134,世界永豐66購01,2026-09-01,0.7,0.02,2.94,1000000,0,,否,,0.73,0.78,0.92,,-12.2596,-12.8348,
710135,亞通永豐64購01,2026-09-01,1.03,-0.08,-7.21,1009000000,0,,是,,0.86,0.8,,,15.8602,-4.1766,
710138,中美晶富邦5C購01,2026-09-01,0.74,0.08,12.12,159000000,0,綠縮,是,,0.75,0.73,1.2,,5.3371,-28.8911,-10.5597
710139,順達富邦62購02,2026-09-01,0.48,0.06,14.29,25000000,0,,是,,0.38,0.43,0.53,,-18.2979,-18.5115,
710140,聖暉*富邦5C購03,2026-09-01,0.17,0.02,13.33,20000000,0,,否,,0.28,0.38,0.64,,-41.0788,-38.4244,-25.1019
710141,中美晶中信5C購01,2026-09-01,0.4,0.06,17.65,103000000,0,綠縮,是,,0.41,0.42,0.65,,-6.3927,-20.5993,-12.0783
710143,富喬凱基5C購05,2026-09-01,1.22,0.09,7.96,189000000,0,,是,,0.87,0.85,,,6.068,,
710145,廣閎科凱基5C購03,2026-09-01,0.34,0.05,17.24,20000000,0,,否,,0.34,0.31,0.5,,16.6667,-21.0127,-32.5941
710146,中美晶台新5C購04,2026-09-01,0.76,0.07,10.14,194000000,0,綠縮,是,,0.8,0.82,1.39,,-3.3654,-25.365,-14.0644
710148,均豪台新5C購01,2026-09-01,1.77,0.08,4.73,6000000,0,,否,,1.53,1.83,,,-27.9812,,
710149,均豪台新5C購02,2026-09-01,1.44,0.19,15.2,4000000,0,,否,,1.12,1.24,,,-17.5516,,
710150,均豪台新5C購03,2026-09-01,1.04,0.1,10.64,16000000,0,,否,,0.84,0.89,,,-11.4165,,
710151,宜鼎台新5C購06,2026-09-01,1.01,-0.04,-3.81,195000000,0,,是,,1.16,1.06,1.11,,19.1753,9.2497,-13.1373
710152,凱崴台新5C購02,2026-09-01,0.67,0.02,3.08,155000000,0,,是,,0.53,0.66,,,-31.7949,-32.4408,
710153,廣閎科台新5C購04,2026-09-01,0.87,0.09,11.54,134000000,0,,是,,0.91,0.96,,,-9.901,-33.8843,
710155,宜鼎元大5C購13,2026-09-01,0.63,0.01,1.61,189000000,0,紅縮,是,,0.71,0.7,0.7,,3.1792,7.657,-12.5312
710156,威剛元大5C購05,2026-09-01,1.42,-0.02,-1.39,369000000,0,紅縮,是,,1.52,1.55,1.55,,-4.4081,0.7787,-5.5132
710158,台半國泰61購01,2026-09-01,0.92,0.05,5.75,100000000,0,,是,,0.82,0.84,,,-4.2056,-50.4435,
710159,博智國泰61購02,2026-09-01,1.01,0.01,1.0,56000000,0,,否,,1.39,,,,,,
710160,順達國泰61購01,2026-09-01,1.05,0.11,11.7,24000000,0,,否,,0.9,1.17,,,-37.6731,-17.6966,
710161,台半富邦62購04,2026-09-01,0.46,0.01,2.22,85000000,0,,是,,0.4,0.38,,,12.3596,-32.5,
710165,鈊象富邦62購02,2026-09-01,0.65,-0.02,-2.99,41000000,0,,是,,0.73,0.76,0.79,,-6.1381,-0.6553,
710166,營邦富邦62購02,2026-09-01,1.03,0.03,3.0,9000000,0,紅增,是,,0.81,0.76,0.73,,14.0056,9.7701,1.5288
710167,兆利永豐64購01,2026-09-01,0.59,-0.02,-3.28,3000000,0,,否,,0.44,0.48,,,-14.9425,-17.7172,
710168,宜鼎永豐63購01,2026-09-01,0.58,-0.01,-1.69,80000000,0,,否,,0.67,0.64,0.61,,9.901,11.5789,-7.6284
710170,雙鴻永豐66購01,2026-09-01,1.4,0.18,14.75,169000000,0,,否,,0.98,0.94,,,9.375,,
710176,尼克森凱基5C購01,2026-09-01,0.1,0.0,0.0,998000000,0,,是,,0.15,0.2,0.49,,-41.0853,-56.383,
710181,廣閎科凱基5C購04,2026-09-01,0.27,0.05,22.73,60000000,0,,否,,0.26,0.33,0.59,,-32.8205,-34.0081,
710182,大中台新5C購01,2026-09-01,0.51,-0.04,-7.27,162000000,0,紅增,是,,0.59,0.66,0.87,,-18.232,-16.1783,-39.6936
710187,廣閎科台新61購01,2026-09-01,0.72,0.13,22.03,200000000,0,,是,,0.68,0.73,,,-11.6279,-40.0986,
710188,中美晶元大5C購11,2026-09-01,0.8,0.08,11.11,114000000,0,,是,,1.03,1.29,1.71,,-33.3765,-35.0806,
710190,宜鼎元大5C購14,2026-09-01,0.47,-0.01,-2.08,870000000,0,紅縮,是,,0.54,0.54,0.53,,1.8797,6.5476,-11.6667
710191,威剛元大5C購06,2026-09-01,1.04,-0.01,-0.95,459000000,0,,是,,1.13,1.29,1.4,,-21.6366,-6.1999,-10.1929
710192,群聯中信64購01,2026-09-01,0.29,-0.01,-3.33,455000000,0,,否,,0.28,0.28,0.28,,-2.1127,15.6379,
710193,雙鴻中信66購01,2026-09-01,0.7,0.12,20.69,104000000,0,,是,,0.53,0.46,,,32.5,0.6494,
710194,雙鴻中信66購02,2026-09-01,0.89,0.08,9.88,223000000,0,,是,,0.65,0.62,,,8.6957,,
710199,家登永豐64購01,2026-09-01,1.23,0.26,26.8,40000000,0,,是,,0.94,0.84,,,27.9891,-10.2674,
710200,富喬永豐5C購02,2026-09-01,1.65,0.05,3.13,600000000,0,,是,,1.24,0.97,,,74.0845,13.2712,
710202,鴻呈永豐61購01,2026-09-01,1.2,-0.13,-9.77,732000000,0,,是,,0.86,0.84,0.73,,4.1162,18.8999,
710203,世禾國票61購02,2026-09-01,0.49,0.04,8.89,40000000,0,,否,,0.78,,,,,,
710204,世紀*國票61購01,2026-09-01,5.4,0.35,6.93,541000000,0,紅增,是,,3.95,2.37,1.57,,395.7286,237.7493,80.9332
710209,崧騰國票61購01,2026-09-01,0.44,0.0,0.0,2000000,0,,是,,0.47,0.49,0.57,,-7.451,-12.7886,
710211,博盛國票61購01,2026-09-01,0.36,0.01,2.86,19000000,0,,是,,0.32,0.49,,,-52.9762,-38.937,
710213,萬泰科國票61購01,2026-09-01,0.59,0.06,11.32,6000000,0,,否,,0.97,,,,,,
710216,廣閎科國票61購05,2026-09-01,0.4,0.05,14.29,421000000,0,,是,,0.45,0.66,,,-48.9703,,
710218,能率亞國泰61購01,2026-09-01,1.43,-0.03,-2.05,100000000,0,,否,,1.34,1.41,1.6,,-9.5687,-9.8852,
710219,能率國泰61購01,2026-09-01,2.0,-0.1,-4.76,144000000,0,,是,,1.98,1.86,2.06,,13.3867,3.0956,-5.2547
710220,廣閎科國泰61購02,2026-09-01,0.73,0.07,10.61,522000000,0,,是,,0.72,0.65,0.97,,22.6027,-12.6344,
710222,立碁富邦5C購02,2026-09-01,1.97,0.43,27.92,174000000,0,,否,,1.52,1.24,,,56.6116,52.9557,
710228,家登群益63購01,2026-09-01,1.23,0.26,26.8,1000000,0,,否,,0.77,1.04,,,-41.374,-26.7794,
710229,凱崴群益5C購01,2026-09-01,0.64,0.02,3.23,39000000,0,,是,,1.01,,,,,,
710231,富喬群益5C購04,2026-09-01,3.37,0.12,3.69,14000000,0,紅增,是,,2.34,1.52,1.36,,232.3864,92.9024,2.9024
710235,雙鴻群益62購02,2026-09-01,4.67,1.43,44.14,38000000,0,,是,,3.01,2.57,2.47,,41.9416,18.7876,-2.2907
710237,富喬中信66購01,2026-09-01,0.77,0.04,5.48,105000000,0,,是,,0.61,0.54,,,30.6383,1.3084,
710244,達航永豐63購01,2026-09-01,0.74,-0.13,-14.94,7000000,0,,否,,0.6,0.59,,,3.4722,,
710246,台半元大5C購09,2026-09-01,0.39,-0.03,-7.14,228000000,0,,否,,0.54,,,,,,
710250,朋程元大5C購02,2026-09-01,0.4,0.02,5.26,179000000,0,,否,,0.42,0.49,,,-25.0,-39.5808,
710251,欣銓元大5C購02,2026-09-01,1.19,0.13,12.26,241000000,0,,是,,1.02,0.97,1.09,,12.0879,-3.9801,-9.0605
710252,欣銓元大5C購03,2026-09-01,0.88,0.1,12.82,145000000,0,,否,,0.73,0.7,0.83,,9.9099,-3.719,
710253,家登元大5C購05,2026-09-01,1.14,0.17,17.53,356000000,0,,是,,0.95,0.88,0.99,,16.5025,-5.5854,-7.3763
710254,家登元大66購01,2026-09-01,1.36,0.42,44.68,496000000,0,,是,,0.84,0.91,1.04,,-13.3745,-12.9559,
710257,台半國票61購05,2026-09-01,0.2,0.0,0.0,50000000,0,紅增,是,,0.18,0.17,0.22,,2.3256,-4.3956,-34.0237
710258,青雲國票5C購01,2026-09-01,0.5,-0.01,-1.96,82000000,0,紅增,是,,0.41,0.47,0.5,,-20.4633,-11.597,-16.0401
710259,大中台新61購01,2026-09-01,0.6,0.05,9.09,450000000,0,,是,,0.67,0.72,1.09,,-12.0104,-16.0839,-31.9063
710262,漢達台新5C購01,2026-09-01,1.09,-0.23,-17.42,10000000,0,,否,,1.17,1.39,,,-27.8465,,
710263,臺慶科台新5C購03,2026-09-01,0.18,0.0,0.0,400000000,0,紅增,否,,0.19,0.23,0.28,,-29.8507,-13.308,-40.4211
710265,台半凱基5C購05,2026-09-01,0.2,0.01,5.26,854000000,0,,是,,0.18,0.17,0.35,,26.0274,-26.3393,-26.8116
710266,朋程凱基5C購03,2026-09-01,0.09,0.01,12.5,10000000,0,,否,,0.1,0.12,,,-21.5385,-40.5128,
710267,富喬凱基63購01,2026-09-01,0.75,0.02,2.74,172000000,0,,是,,0.56,0.42,,,100.0,-4.328,
710269,漢達凱基5C購01,2026-09-01,0.5,-0.37,-42.53,540000000,0,,是,,0.55,0.65,0.8,,-28.1579,-11.3976,
710270,精材凱基63購01,2026-09-01,1.13,-0.03,-2.59,1169000000,0,,是,,0.68,0.87,,,-35.4717,-10.7472,
710271,世界國泰61購01,2026-09-01,0.66,0.03,4.76,5000000,0,,是,,0.72,0.73,0.95,,-2.4324,-14.2019,
710272,穩得國泰61購01,2026-09-01,1.59,0.14,9.66,25000000,0,,否,,1.49,1.22,1.22,,56.5126,24.5918,-7.6457
710276,FH中5G群益5C購01,2026-09-01,0.17,0.01,6.25,150000000,0,,否,,0.19,0.19,0.37,,-6.0,-37.4194,
710283,宏捷科群益5C購03,2026-09-01,0.3,0.08,36.36,5000000,0,,否,,0.44,0.59,,,-42.0213,,
710286,榮剛群益61購01,2026-09-01,0.64,0.03,4.92,13000000,0,,否,,0.73,0.79,,,-14.3192,-12.5,
710287,精材群益61購01,2026-09-01,2.35,0.06,2.62,322000000,0,,是,,1.3,1.6,1.66,,-31.4678,-17.9012,
710288,世界元大5C購08,2026-09-01,0.28,0.02,7.69,85000000,0,,是,,0.36,0.37,0.49,,-6.7708,-22.869,-22.9002
710289,朋程元大5C購03,2026-09-01,0.22,0.0,0.0,51000000,0,,否,,0.25,0.31,,,-30.0,-40.2344,
710290,博盛元大5C購01,2026-09-01,0.56,0.02,3.7,50000000,0,,否,,0.52,0.53,,,-2.963,,
710294,天品國票5C購01,2026-09-01,0.36,-0.02,-5.26,600000000,0,,是,,0.47,0.52,0.62,,-17.3145,-16.0714,
710296,立碁國票61購01,2026-09-01,1.93,0.26,15.57,11000000,0,,否,,1.54,,,,,,
710297,亞通國票5C購01,2026-09-01,1.09,-0.14,-11.38,160000000,0,,否,,0.85,0.96,,,-20.6704,,
710301,晶宏國票61購01,2026-09-01,1.02,0.23,29.11,75000000,0,,是,,0.78,0.67,,,40.4332,-6.7227,
710302,漢達國票63購01,2026-09-01,1.08,0.25,30.12,1000000,0,,否,,0.66,0.68,0.75,,-3.7791,-1.7467,
710304,大中凱基5C購01,2026-09-01,0.08,0.02,33.33,16000000,0,,否,,0.09,0.15,0.26,,-60.3604,-35.1464,-36.4078
710309,欣銓凱基5C購01,2026-09-01,0.58,0.06,11.54,1000000,0,,否,,0.56,0.5,,,29.3578,-10.0719,
710312,茂達凱基5C購02,2026-09-01,0.21,-0.01,-4.55,38000000,0,,否,,0.24,0.3,,,-31.8182,-53.5322,
710313,家登凱基5C購04,2026-09-01,0.45,0.17,60.71,20000000,0,,,,,,,,,,
710314,家登凱基5C購05,2026-09-01,0.3,0.09,42.86,41000000,0,,,,,,,,,,
710319,朋程國泰61購01,2026-09-01,0.79,0.01,1.28,4000000,0,,否,,0.83,0.79,1.16,,8.399,-16.7715,
710320,原相國泰61購01,2026-09-01,0.9,0.06,7.14,11000000,0,,否,,1.07,1.08,1.22,,-1.2915,2.2792,
710321,博盛國泰61購01,2026-09-01,0.65,0.03,4.84,20000000,0,,否,,0.59,0.59,,,2.4138,-32.9909,
710326,順達永豐5C購03,2026-09-01,0.99,0.15,17.86,70000000,0,,否,,0.98,1.22,,,-32.967,-14.9055,
710330,鴻呈永豐5C購01,2026-09-01,1.36,-0.1,-6.85,119000000,0,,否,,0.98,0.95,,,7.0022,19.2938,
710334,精材台新61購01,2026-09-01,3.35,-0.1,-2.9,386000000,0,,是,,2.25,2.55,,,-20.8011,-9.8303,
710335,精材台新61購02,2026-09-01,3.08,-0.01,-0.32,300000000,0,,是,,1.78,1.81,2.2,,-3.7838,-26.399,
710336,亞通凱基5C購01,2026-09-01,0.84,-0.08,-8.7,164000000,0,,是,,0.69,0.66,,,9.8101,-8.2988,
710339,宜鼎元大5C購15,2026-09-01,0.77,0.0,0.0,1489000000,0,紅縮,是,,0.87,0.85,0.81,,3.3333,10.7652,-11.2823
710340,富喬元大65購01,2026-09-01,1.63,0.1,6.54,16000000,0,,否,,1.31,0.95,0.91,,118.3333,43.609,
710342,精材元大5C購05,2026-09-01,3.04,0.01,0.33,275000000,0,,是,,1.83,1.74,2.15,,11.8293,-21.1172,2.6021
710343,臺慶科元大5C購06,2026-09-01,0.29,0.01,3.57,119000000,0,,否,,0.31,0.3,0.39,,6.1644,-7.6687,
710344,宜特永豐64購01,2026-09-01,0.5,0.01,2.04,24000000,0,,否,,0.61,,,,,,
710350,漢達永豐5C購01,2026-09-01,0.45,-0.27,-37.5,580000000,0,,是,,0.65,0.66,,,-2.9674,,
710351,雙鴻永豐63購03,2026-09-01,1.43,0.38,36.19,540000000,0,,是,,0.93,0.79,,,41.5902,8.2192,
710354,精材中信64購01,2026-09-01,1.03,0.05,5.1,21000000,0,綠轉紅,否,,0.62,0.6,0.74,,5.1195,-16.2953,-1.2752
710364,智擎國票61購01,2026-09-01,0.53,0.0,0.0,8000000,0,,是,,0.56,0.61,0.69,,-13.4969,-14.6067,-6.0627
710366,漢達國票65購01,2026-09-01,0.59,-0.17,-22.37,617000000,0,,是,,0.47,0.55,0.68,,-25.4717,-13.8199,
710367,精材國票61購02,2026-09-01,2.12,0.07,3.41,7000000,0,,否,,1.42,,,,,,
710368,鈊象群益5C購01,2026-09-01,1.28,0.04,3.23,10000000,0,,否,,1.62,1.98,1.95,,-30.5913,-5.5423,-10.878
710369,富喬國泰61購01,2026-09-01,1.59,0.06,3.92,1695000000,0,,是,,1.2,0.91,0.86,,91.6667,42.6332,
710370,漢達國泰61購02,2026-09-01,1.65,0.0,0.0,2000000,0,,否,,1.3,1.4,,,-12.6005,-23.1868,
710373,群聯凱基5C購10,2026-09-01,0.57,-0.03,-5.0,26000000,0,,是,,0.56,0.55,0.6,,6.015,9.3812,
710375,精材凱基5C購05,2026-09-01,2.02,0.03,1.51,277000000,0,,是,,0.97,0.93,1.37,,8.9888,-32.5109,
710376,世界台新5C購03,2026-09-01,0.25,0.03,13.64,10000000,0,,否,,0.37,0.52,,,-44.7761,,
710377,巨有台新5C購01,2026-09-01,0.91,0.11,13.75,32000000,0,,否,,0.84,0.75,,,25.0746,-13.6312,
710382,青雲台新5C購01,2026-09-01,0.43,-0.02,-4.44,405000000,0,,是,,0.36,0.41,0.44,,-24.8945,-13.1799,
710383,能率亞台新5C購01,2026-09-01,0.52,-0.04,-7.14,202000000,0,,是,,0.59,0.7,,,-27.3399,,
710385,宜鼎元大5C購16,2026-09-01,0.67,0.0,0.0,1028000000,0,紅縮,是,,0.76,0.75,0.7,,2.1622,11.3095,-12.0625
710386,富喬元大65購02,2026-09-01,1.55,0.06,4.03,32000000,0,,否,,1.22,0.96,,,77.6163,19.8243,
710387,精材元大5C購06,2026-09-01,3.4,0.18,5.59,64000000,0,,否,,2.2,2.09,2.23,,11.9919,-13.1918,
710388,精材元大5C購07,2026-09-01,2.33,0.02,0.87,557000000,0,,是,,1.55,1.78,,,-23.1913,-8.7935,
710389,精材元大61購08,2026-09-01,2.71,0.01,0.37,153000000,0,,否,,2.36,,,,,,
710390,精材元大61購09,2026-09-01,2.77,0.05,1.84,341000000,0,,否,,1.95,1.75,1.81,,26.132,-8.0484,
710391,精材元大63購04,2026-09-01,2.39,-0.01,-0.42,245000000,0,,是,,1.57,1.57,1.69,,0.7682,-8.7842,5.0668
710394,久元永豐5C購04,2026-09-01,0.28,0.05,21.74,100000000,0,,,,,,,,,,
710395,世禾永豐5C購01,2026-09-01,0.78,0.05,6.85,119000000,0,,否,,0.76,0.78,1.13,,-4.9751,-28.1393,
710399,均豪永豐5C購03,2026-09-01,1.97,0.33,20.12,7000000,0,,否,,1.35,1.3,,,8.32,-10.3306,
710400,均豪永豐5C購04,2026-09-01,2.02,0.24,13.48,41000000,0,,否,,1.59,1.39,,,35.5442,5.9679,
710406,湧德永豐5C購01,2026-09-01,0.98,0.05,5.38,2000000,0,,否,,0.75,0.75,0.79,,-2.0997,1.6173,-13.1651
710407,湧德永豐5C購02,2026-09-01,0.91,0.12,15.19,59000000,0,,是,,0.7,0.68,0.79,,7.0552,-1.8895,
710410,精材永豐5C購03,2026-09-01,2.56,0.31,13.78,127000000,0,,是,,2.08,1.85,,,28.2367,,
710411,精材永豐5C購04,2026-09-01,2.65,-0.06,-2.21,10000000,0,,否,,1.68,2.05,,,-30.3483,-7.4627,
710412,精材永豐63購02,2026-09-01,3.87,0.12,3.2,96000000,0,,否,,2.38,2.88,,,-29.342,,
710413,優群永豐5C購02,2026-09-01,0.2,0.0,0.0,100000000,0,,否,,0.42,,,,,,
710414,雙鴻永豐5C購05,2026-09-01,1.76,0.53,43.09,125000000,0,,是,,1.13,0.9,,,66.8639,,
710418,宇峻國票61購01,2026-09-01,0.47,0.0,0.0,50000000,0,,否,,0.55,0.6,,,-14.8148,,
710419,安勤國票61購02,2026-09-01,0.45,-0.01,-2.17,100000000,0,,否,,0.75,0.79,,,-10.5012,,
710420,青雲國票5C購02,2026-09-01,0.33,-0.02,-5.71,812000000,0,,是,,0.32,0.31,0.34,,7.3826,-6.3636,
710422,精材國票61購03,2026-09-01,2.0,0.05,2.56,288000000,0,,是,,1.18,1.34,1.45,,-21.2283,-18.5027,
710424,巨有群益5C購01,2026-09-01,0.79,0.04,5.33,100000000,0,,是,,0.74,0.71,,,10.7143,-32.5071,
710426,智通*群益63購01,2026-09-01,2.05,0.01,0.49,118000000,0,,否,,2.03,1.93,2.29,,10.3486,-4.2638,
710429,精材國泰61購01,2026-09-01,4.08,0.25,6.53,182000000,0,,是,,2.31,2.35,2.66,,-2.6913,-21.3543,
710430,威剛富邦5C購02,2026-09-01,0.35,-0.01,-2.78,53000000,0,,否,,0.4,0.43,,,-13.7339,-11.609,
710431,精材富邦5C購01,2026-09-01,1.41,0.04,2.92,716000000,0,,是,,0.71,0.7,0.92,,2.0173,-18.2984,-4.1361
710434,宜鼎凱基5C購09,2026-09-01,0.68,-0.01,-1.45,803000000,0,,是,,0.78,0.75,0.73,,8.6351,9.3431,-12.4105
710435,能率凱基62購01,2026-09-01,0.54,-0.06,-10.0,20000000,0,,是,,0.55,0.53,,,4.9808,,
710436,富喬凱基63購02,2026-09-01,1.48,-0.01,-0.67,234000000,0,,是,,1.21,0.91,,,100.33,15.0442,
710437,智通*凱基5C購01,2026-09-01,0.52,0.0,0.0,36000000,0,,否,,0.49,0.72,,,-48.6258,,
710439,群聯凱基5C購12,2026-09-01,0.66,-0.05,-7.04,204000000,0,,否,,0.72,0.7,0.93,,4.6512,-4.4776,
710443,宜鼎元大5C購17,2026-09-01,1.12,-0.02,-1.75,826000000,0,,是,,1.25,1.22,1.14,,4.3478,11.8024,-8.2093
710444,能率亞元大5C購01,2026-09-01,1.05,-0.07,-6.25,73000000,0,,是,,1.1,1.14,,,-6.9374,-9.588,
710445,富喬元大5C購04,2026-09-01,1.27,0.06,4.96,2000000,0,,否,,0.96,0.75,,,77.8598,10.8984,
710446,智通*元大5C購01,2026-09-01,0.99,0.0,0.0,1537000000,0,,否,,0.98,0.87,1.12,,30.3191,-15.8406,
710447,智通*元大5C購02,2026-09-01,0.8,0.0,0.0,3041000000,0,,是,,0.78,0.69,0.91,,29.8013,-16.8862,
710448,智通*元大63購01,2026-09-01,0.79,0.0,0.0,378000000,0,,是,,0.76,0.72,0.81,,11.7302,0.1387,
710449,五福國票64購01,2026-09-01,0.38,-0.01,-2.56,10000000,0,,否,,0.4,,,,,,
710454,竹陞國票64購01,2026-09-01,0.85,-0.04,-4.49,79000000,0,,是,,0.72,0.87,,,-28.8538,,
710456,富強鑫國票62購01,2026-09-01,0.88,0.0,0.0,32000000,0,,是,,1.01,1.08,,,-12.4567,-0.5505,
710458,智通*國票61購01,2026-09-01,0.7,0.0,0.0,120000000,0,,否,,0.68,0.62,0.81,,19.8582,-19.0601,
710460,久元永豐5C購05,2026-09-01,0.63,0.05,8.62,10000000,0,,否,,,,,,,,
710465,營邦永豐5C購01,2026-09-01,1.77,0.15,9.26,42000000,0,,是,,1.27,1.25,,,2.9126,,
710466,營邦永豐5C購02,2026-09-01,1.39,0.1,7.75,209000000,0,,是,,1.02,1.0,,,6.0041,2.0513,
710473,達航富邦62購01,2026-09-01,0.41,0.02,5.13,85000000,0,,是,,0.32,,,,,,
710474,營邦富邦63購02,2026-09-01,1.03,-0.02,-1.9,67000000,0,,是,,0.83,0.78,0.76,,13.3152,6.9482,
710475,營邦富邦63購03,2026-09-01,0.96,0.06,6.67,1461000000,0,,是,,0.73,0.67,,,19.281,7.0175,
710477,世界元大61購01,2026-09-01,0.55,0.04,7.84,395000000,0,,是,,0.56,0.62,0.78,,-17.8363,-19.509,
710478,世界元大66購04,2026-09-01,0.72,0.06,9.09,1000000,0,,否,,0.7,0.73,0.76,,-8.3551,-2.1333,
710479,世界元大67購01,2026-09-01,0.66,0.04,6.45,127000000,0,,否,,0.68,0.66,,,7.2327,-4.4928,
710480,巨有元大61購01,2026-09-01,0.35,0.05,16.67,220000000,0,,是,,0.32,0.32,0.42,,4.5161,-7.0381,
710481,宜鼎元大61購05,2026-09-01,1.01,-0.03,-2.88,314000000,0,,是,,1.13,1.12,1.05,,2.1622,10.5419,-8.9844
710482,富喬元大61購06,2026-09-01,1.47,0.09,6.52,233000000,0,,否,,1.05,0.75,,,129.386,39.3321,
710483,富喬元大62購01,2026-09-01,1.34,0.04,3.08,229000000,0,,是,,1.01,0.81,,,65.0327,,
710484,富喬元大62購02,2026-09-01,1.44,0.06,4.35,207000000,0,,是,,1.05,0.8,,,87.1429,10.4396,
710485,臺慶科元大61購01,2026-09-01,0.57,-0.01,-1.72,61000000,0,,是,,0.58,0.64,0.71,,-18.4136,-4.4709,-26.9291
710486,千附精台新61購01,2026-09-01,1.54,0.07,4.76,113000000,0,,是,,1.25,1.04,,,47.981,-1.4164,
710487,元太台新61購01,2026-09-01,0.5,0.0,0.0,23000000,0,,否,,0.64,0.97,,,-51.4504,-30.7966,
710488,竹陞台新61購01,2026-09-01,1.25,-0.06,-4.58,30000000,0,,否,,0.97,1.01,1.21,,-8.8512,-14.849,
710489,譜瑞台新61購01,2026-09-01,1.32,0.01,0.76,34000000,0,,否,,1.36,1.56,,,-22.6651,-19.0748,
710490,譜瑞台新61購02,2026-09-01,1.26,0.0,0.0,13000000,0,,否,,1.3,1.55,,,-28.0177,-22.4663,
710491,千附精凱基61購01,2026-09-01,1.47,-0.01,-0.68,501000000,0,,是,,1.09,0.87,1.04,,69.3498,13.8743,
710492,千附精凱基61購02,2026-09-01,1.21,0.06,5.22,565000000,0,,是,,0.87,0.87,1.1,,0.6961,2.6097,
710499,世紀*凱基61購01,2026-09-01,9.35,0.7,8.09,100000000,0,,否,,4.53,2.65,,,494.7507,146.4618,
710500,竹陞凱基61購01,2026-09-01,1.05,-0.11,-9.48,2071000000,0,,是,,0.74,0.79,0.98,,-12.5295,-14.7312,-15.7895
710501,原相凱基61購01,2026-09-01,0.4,0.03,8.11,130000000,0,,是,,0.45,0.59,0.75,,-37.9781,-22.0762,
710502,譜瑞凱基61購02,2026-09-01,0.89,0.05,5.95,8000000,0,,否,,0.83,0.91,1.01,,-15.9919,-10.2665,-15.0148
710503,譜瑞凱基61購03,2026-09-01,0.84,0.02,2.44,3000000,0,,否,,0.83,0.9,1.12,,-13.5135,-16.1682,
710505,譜瑞凱基61購05,2026-09-01,0.82,0.03,3.8,25000000,0,,否,,0.88,0.99,,,-19.7441,-26.4179,
710506,千附精群益61購01,2026-09-01,1.48,0.09,6.47,538000000,0,,是,,1.03,0.96,1.04,,13.7472,16.707,
710508,91APP*國票62購01,2026-09-01,0.52,-0.02,-3.7,41000000,0,,是,,0.5,,,,,,
710509,千附精國票62購01,2026-09-01,1.03,-0.02,-1.9,9000000,0,,否,,0.85,0.71,0.92,,47.9021,7.0997,
710510,世紀*國票62購01,2026-09-01,4.19,0.07,1.7,17000000,0,,是,,3.8,2.19,1.48,,543.7288,259.6721,
710511,竹陞國票62購01,2026-09-01,0.75,-0.04,-5.06,209000000,0,,是,,0.62,0.79,,,-35.1464,-10.9605,
710516,建榮國票61購01,2026-09-01,0.43,0.0,0.0,121000000,0,,是,,0.39,0.36,,,23.125,,
710520,博士旺國票61購01,2026-09-01,0.98,0.08,8.89,1000000,0,,否,,0.62,0.57,,,20.5426,,
710521,精星國票62購01,2026-09-01,0.34,-0.01,-2.86,200000000,0,,是,,0.42,,,,,,
710526,大江永豐61購01,2026-09-01,0.82,-0.11,-11.83,751000000,0,,是,,0.94,0.93,,,2.8446,9.1873,
710527,元太永豐61購02,2026-09-01,0.38,0.01,2.7,11000000,0,,否,,0.58,0.76,,,-38.5928,,
710529,邑錡永豐64購01,2026-09-01,0.96,0.01,1.05,20000000,0,,否,,0.95,0.93,1.19,,5.5556,-12.9821,
710530,威剛永豐61購04,2026-09-01,0.72,-0.02,-2.7,52000000,0,,否,,0.82,0.78,,,9.9196,,
710531,威剛永豐61購05,2026-09-01,0.81,-0.01,-1.22,42000000,0,,否,,0.87,0.88,,,-1.1364,3.9192,
710533,勤凱永豐65購01,2026-09-01,0.48,0.06,14.29,54000000,0,,否,,0.37,,,,,,
710534,新普永豐61購01,2026-09-01,1.43,-0.01,-0.69,184000000,0,,是,,1.38,1.45,1.55,,-8.9592,1.9691,
710535,譜瑞永豐61購01,2026-09-01,0.57,0.02,3.64,6000000,0,,否,,0.56,0.64,,,-21.2291,-20.0999,
710542,久元國泰62購01,2026-09-01,0.95,0.11,13.1,230000000,0,,是,,,,,,,,
710545,巨有國泰62購01,2026-09-01,0.68,0.09,15.25,15000000,0,,否,,0.66,0.63,0.9,,12.9252,-6.9837,
710546,竹陞國泰62購01,2026-09-01,2.06,-0.1,-4.63,407000000,0,,是,,1.5,1.52,1.86,,-2.8497,-18.8267,
710547,青雲國泰62購01,2026-09-01,0.7,0.0,0.0,122000000,0,,是,,0.52,0.59,0.68,,-20.4893,-14.0556,
710548,青雲國泰62購02,2026-09-01,0.59,0.01,1.72,247000000,0,,是,,0.47,0.51,0.6,,-15.2174,-15.8416,
710549,智通*國泰62購01,2026-09-01,1.34,0.01,0.75,90000000,0,,否,,1.22,1.14,1.5,,15.3409,-23.5373,
710551,安勤富邦62購01,2026-09-01,0.43,-0.01,-2.27,97000000,0,,是,,0.48,0.54,0.65,,-21.9672,-20.4978,
710552,譜瑞富邦63購01,2026-09-01,0.51,-0.01,-1.92,100000000,0,,否,,0.53,0.56,0.65,,-8.2474,-9.1205,
710556,竹陞永豐61購01,2026-09-01,1.57,0.02,1.29,45000000,0,,是,,1.31,1.32,,,-1.5083,,
710557,竹陞永豐64購01,2026-09-01,1.56,0.09,6.12,1000000,0,,否,,1.14,1.25,1.52,,-15.6573,-21.0127,
710558,竹陞永豐65購01,2026-09-01,1.1,-0.01,-0.9,120000000,0,,否,,0.85,0.81,1.0,,9.3023,-12.8095,
710559,均豪永豐64購01,2026-09-01,0.95,-0.04,-4.04,138000000,0,,是,,0.86,0.85,,,1.9048,,
710560,宏捷科永豐61購01,2026-09-01,0.71,0.09,14.52,129000000,0,,是,,0.58,0.55,,,11.6279,-8.8481,
710562,宜鼎永豐64購02,2026-09-01,0.79,-0.02,-2.47,76000000,0,,否,,0.88,0.81,0.81,,20.5479,9.375,
710563,威剛永豐61購06,2026-09-01,0.7,-0.01,-1.41,70000000,0,,否,,0.77,0.77,,,-2.046,,
710566,家登永豐61購02,2026-09-01,1.44,0.39,37.14,70000000,0,,否,,1.25,1.24,,,2.9557,,
710567,富喬永豐61購03,2026-09-01,0.78,0.04,5.41,148000000,0,,否,,0.57,,,,,,
710568,富喬永豐66購02,2026-09-01,1.16,0.05,4.5,349000000,0,,是,,1.0,,,,,,
710569,群翊永豐61購01,2026-09-01,1.04,0.16,18.18,10000000,0,,否,,0.97,0.98,,,-1.8145,,
710573,雙鴻永豐61購05,2026-09-01,1.92,0.41,27.15,146000000,0,,否,,1.14,0.97,,,40.2469,,
710574,雙鴻永豐66購02,2026-09-01,1.86,0.29,18.47,136000000,0,,否,,1.21,,,,,,
710575,雙鴻永豐67購01,2026-09-01,2.25,0.32,16.58,310000000,0,,是,,1.44,1.3,1.19,,25.784,17.3913,
710579,世界元大64購08,2026-09-01,0.34,0.01,3.03,373000000,0,,否,,0.39,0.46,,,-28.2528,-22.7425,
710581,均豪元大61購01,2026-09-01,0.54,0.09,20.0,499000000,0,,是,,0.41,0.43,,,-7.2072,,
710582,宏捷科元大67購01,2026-09-01,0.9,0.08,9.76,1167000000,0,,是,,0.75,0.78,0.85,,-8.0685,-4.733,
710583,佳邦元大61購01,2026-09-01,0.21,0.02,10.53,1000000,0,,否,,0.26,0.4,,,-50.9363,,
710584,欣銓元大61購01,2026-09-01,1.22,0.11,9.91,124000000,0,,否,,1.11,1.09,,,5.0943,-2.6858,
710586,富喬元大64購03,2026-09-01,0.9,0.04,4.65,2315000000,0,,是,,0.69,0.56,,,62.1495,,
710587,富喬元大65購03,2026-09-01,1.03,0.04,4.04,803000000,0,,是,,0.81,0.64,,,71.9149,15.7609,
710589,臺慶科元大61購02,2026-09-01,0.49,0.0,0.0,55000000,0,,否,,0.47,0.52,0.57,,-19.0972,-3.1599,
710590,中美晶群益64購01,2026-09-01,0.7,0.06,9.38,1698000000,0,,是,,0.7,0.7,1.0,,1.7391,-15.0183,
710591,竹陞群益61購01,2026-09-01,0.74,0.0,0.0,81000000,0,,是,,0.52,0.7,,,-41.0835,-17.0789,
710592,均豪群益61購01,2026-09-01,1.4,-0.01,-0.71,59000000,0,,否,,1.17,1.04,,,30.735,-7.3345,
710593,佳邦群益61購01,2026-09-01,0.73,0.06,8.96,177000000,0,,是,,0.73,0.81,,,-18.1614,-31.5612,
710594,宜特群益61購01,2026-09-01,1.33,0.06,4.72,99000000,0,,否,,1.45,1.55,,,-12.1981,-16.0367,
710595,青雲群益62購01,2026-09-01,2.15,-0.03,-1.38,196000000,0,,是,,1.93,1.89,2.07,,4.4324,-6.8932,
710597,中美晶國泰63購01,2026-09-01,1.41,0.13,10.16,59000000,0,,否,,1.4,1.51,,,-13.4734,-36.356,
710598,家登國泰62購01,2026-09-01,1.16,0.23,24.73,254000000,0,,是,,0.86,0.86,,,0.939,-12.7421,
710603,耕興富邦63購01,2026-09-01,0.61,0.02,3.39,45000000,0,,否,,0.63,0.64,,,-5.1515,-5.8565,
710604,湧德富邦63購01,2026-09-01,0.74,0.02,2.78,539000000,0,,是,,0.61,0.61,0.63,,-0.0,0.6579,
710606,巨有凱基61購01,2026-09-01,0.2,0.03,17.65,302000000,0,,是,,0.19,0.19,,,2.1505,-29.8507,
710607,宜鼎凱基61購01,2026-09-01,0.37,-0.01,-2.63,456000000,0,,否,,0.45,0.45,0.54,,-0.8811,10.2439,
710608,富喬凱基61購04,2026-09-01,1.08,0.05,4.85,303000000,0,,是,,0.69,,,,,,
710609,臺慶科凱基61購02,2026-09-01,0.15,0.0,0.0,15000000,0,,否,,0.19,0.19,,,-1.0638,-16.1435,
710610,雙鴻凱基64購01,2026-09-01,2.49,0.56,29.02,42000000,0,,否,,1.46,1.39,,,9.6386,17.4684,
710611,中美晶台新61購02,2026-09-01,1.49,0.14,10.37,1000000,0,,否,,1.52,,,,,,
710612,宜特台新61購02,2026-09-01,0.62,0.07,12.73,48000000,0,,是,,0.93,,,,,,
710613,宜鼎台新61購03,2026-09-01,0.84,-0.05,-5.62,171000000,0,,是,,0.98,0.96,0.91,,4.034,12.7934,
710617,鈊象台新61購01,2026-09-01,0.73,0.01,1.39,43000000,0,,是,,1.15,,,,,,
710623,竹陞元大61購01,2026-09-01,0.92,0.08,9.52,132000000,0,,否,,0.6,0.78,,,-37.4741,,
710624,宜鼎元大61購06,2026-09-01,0.91,0.03,3.41,111000000,0,,是,,1.0,0.97,0.94,,7.957,9.513,
710626,品安元大61購01,2026-09-01,0.29,0.01,3.57,50000000,0,,是,,0.34,0.41,,,-28.1513,-26.8336,
710630,富喬元大61購08,2026-09-01,1.13,0.05,4.63,5000000,0,,否,,0.78,,,,,,
710631,富喬元大64購04,2026-09-01,0.88,0.05,6.02,1341000000,0,,是,,0.67,0.57,,,44.3966,,
710632,碩禾元大61購03,2026-09-01,0.22,0.06,37.5,380000000,0,,否,,0.33,0.4,,,-28.0172,-40.5365,
710633,臺慶科元大64購01,2026-09-01,0.74,-0.01,-1.33,2000000,0,,否,,0.79,0.7,,,28.2468,-6.3915,
710636,川寶國票65購01,2026-09-01,0.46,0.02,4.55,37000000,0,,否,,0.43,0.4,,,18.232,,
710637,中美晶國票61購04,2026-09-01,0.47,0.07,17.5,10000000,0,,否,,0.52,0.71,,,-40.991,-31.3897,
710641,金雨國票65購01,2026-09-01,0.19,0.0,0.0,60000000,0,,是,,0.2,0.25,,,-35.0993,-45.7516,
710643,威潤國票65購01,2026-09-01,0.39,-0.01,-2.5,1597000000,0,,是,,0.38,0.43,,,-19.4093,-22.8829,
710647,崇越電國票65購01,2026-09-01,0.72,-0.01,-1.37,70000000,0,,否,,0.73,0.62,,,42.8016,,
710649,瑞耘國票65購01,2026-09-01,0.84,0.06,7.69,770000000,0,,是,,0.7,0.67,,,8.7227,,
710650,精拓科國票65購01,2026-09-01,0.48,-0.01,-2.04,10000000,0,,否,,0.53,0.55,,,-8.6505,,
710655,世紀*群益62購01,2026-09-01,6.85,0.55,8.73,3000000,0,,,,,,,,,,
710664,晶宏群益61購01,2026-09-01,1.22,0.34,38.64,771000000,0,,是,,0.89,,,,,,
710667,川寶凱基61購01,2026-09-01,0.46,0.05,12.2,45000000,0,,否,,0.44,0.45,0.48,,-2.2026,8.7167,
710669,日揚凱基61購01,2026-09-01,0.48,0.01,2.13,11000000,0,,否,,0.57,0.64,,,-18.8034,,
710673,台嘉碩凱基61購01,2026-09-01,0.3,0.06,25.0,80000000,0,,否,,0.3,0.37,,,-32.1267,,
710674,台嘉碩凱基61購02,2026-09-01,0.31,0.05,19.23,10000000,0,,否,,0.41,,,,,,
710675,全宇昕凱基61購01,2026-09-01,0.8,0.12,17.65,85000000,0,,是,,0.65,0.55,,,41.3043,-13.2813,
710676,邑錡凱基61購01,2026-09-01,0.46,-0.04,-8.0,100000000,0,,是,,0.63,0.6,0.91,,9.375,-20.1324,
710677,奇鈦科凱基61購01,2026-09-01,0.38,0.03,8.57,104000000,0,,是,,0.42,0.45,,,-9.8291,-26.3245,
710683,崇越電凱基61購01,2026-09-01,0.91,0.0,0.0,446000000,0,,是,,0.95,0.82,,,39.5894,,
710685,晶宏凱基61購01,2026-09-01,1.24,0.33,36.26,584000000,0,,是,,0.8,0.68,,,43.5252,,
710687,陽程凱基61購02,2026-09-01,3.27,-0.42,-11.38,94000000,0,,否,,2.45,1.47,,,408.2988,140.7225,
710688,碩禾凱基61購01,2026-09-01,0.26,0.08,44.44,14000000,0,,是,,0.23,0.32,0.45,,-45.2381,-25.6293,
710691,中美晶台新61購03,2026-09-01,0.74,0.04,5.71,584000000,0,,是,,0.71,0.97,,,-42.3015,-32.5243,
710693,世界台新61購01,2026-09-01,0.3,0.03,11.11,20000000,0,,否,,0.34,0.34,,,-0.5848,-19.9531,
710698,全宇昕台新61購01,2026-09-01,0.85,0.12,16.44,672000000,0,,是,,0.7,0.64,0.59,,20.7612,20.3774,
710700,欣銓台新61購02,2026-09-01,0.94,0.21,28.77,35000000,0,,否,,0.82,,,,,,
710702,家登台新61購01,2026-09-01,0.85,0.25,41.67,20000000,0,,否,,0.74,,,,,,
710705,九暘永豐61購01,2026-09-01,0.33,0.14,73.68,5000000,0,,否,,0.28,0.34,,,-29.2929,-37.6384,
710707,川寶永豐61購01,2026-09-01,0.36,0.01,2.86,60000000,0,,是,,0.39,0.33,,,44.8529,-24.6606,
710712,全宇昕永豐61購01,2026-09-01,0.4,0.04,11.11,68000000,0,,否,,0.34,0.39,,,-21.1009,,
710714,良維永豐61購01,2026-09-01,0.71,-0.04,-5.33,80000000,0,,否,,0.63,,,,,,
710716,奇鈦科永豐61購02,2026-09-01,0.37,0.02,5.71,92000000,0,,否,,0.41,0.41,0.55,,1.4851,-18.6,
710719,欣銓永豐64購02,2026-09-01,0.99,0.08,8.79,2000000,0,,否,,0.88,0.81,,,17.6471,3.5623,
710720,信音永豐61購01,2026-09-01,0.38,0.01,2.7,28000000,0,,否,,,,,,,,
710723,崇越電永豐61購01,2026-09-01,0.88,-0.02,-2.22,702000000,0,,是,,0.91,0.74,,,59.6491,21.7105,
710724,崇越電永豐61購02,2026-09-01,0.94,0.02,2.17,51000000,0,,否,,0.94,,,,,,
710727,晶宏永豐61購01,2026-09-01,1.42,0.42,42.0,13000000,0,,否,,0.98,,,,,,
710728,華洋永豐61購01,2026-09-01,0.47,0.06,14.63,170000000,0,,是,,0.38,0.45,,,-25.969,,
710731,碩禾永豐61購01,2026-09-01,0.22,0.05,29.41,5000000,0,,否,,0.33,0.43,,,-38.9513,-42.743,
710736,立碁富邦61購01,2026-09-01,1.92,0.37,23.87,54000000,0,,否,,1.47,1.28,,,34.4322,40.8141,
710737,均豪富邦61購02,2026-09-01,0.37,0.01,2.78,250000000,0,,否,,0.34,0.35,,,-6.1111,,
710740,竹陞國票65購01,2026-09-01,0.94,0.0,0.0,10000000,0,,否,,0.76,0.88,,,-24.8509,,
710741,松上國票61購01,2026-09-01,0.19,0.0,0.0,1000000,0,,否,,0.24,0.26,,,-14.7887,-31.6883,
710743,青雲國票61購01,2026-09-01,1.24,-0.04,-3.12,781000000,0,,是,,0.97,1.09,1.19,,-20.0,-13.3652,
710744,盈正國票65購01,2026-09-01,0.41,0.0,0.0,2000000,0,,是,,0.42,0.42,,,3.9216,-9.1703,
710746,家登國票61購01,2026-09-01,0.99,0.19,23.75,30000000,0,,,,,,,,,,
710748,翔名國票65購01,2026-09-01,0.57,0.0,0.0,75000000,0,,否,,0.63,0.84,,,-39.7338,,
710749,華洋國票65購01,2026-09-01,0.55,0.04,7.84,150000000,0,,是,,0.45,0.48,,,-13.5135,,
710750,勤凱國票61購01,2026-09-01,0.54,0.1,22.73,117000000,0,,是,,0.52,,,,,,
710751,頎邦國票65購01,2026-09-01,0.7,0.08,12.9,16000000,0,,否,,0.57,0.63,,,-19.0883,-22.2766,
710753,擎邦國票61購01,2026-09-01,0.47,0.0,0.0,100000000,0,,是,,0.49,0.51,,,-6.1303,-10.1243,
710754,耀穎國票65購01,2026-09-01,0.3,0.02,7.14,1511000000,0,,是,,0.29,0.31,0.35,,-13.8554,-9.1176,
710761,華景電元大64購01,2026-09-01,0.74,0.05,7.25,278000000,0,,否,,0.81,,,,,,
710766,竹陞凱基61購02,2026-09-01,0.49,-0.06,-10.91,239000000,0,,否,,0.34,0.55,,,-55.0,,
710767,宜特凱基61購03,2026-09-01,0.16,0.01,6.67,100000000,0,,,,,,,,,,
710768,欣銓凱基61購02,2026-09-01,1.09,0.15,15.96,142000000,0,,是,,0.93,0.92,,,3.5556,,
710770,富喬凱基61購05,2026-09-01,1.35,0.08,6.3,131000000,0,,是,,0.93,0.74,,,66.9065,,
710772,璟德凱基64購01,2026-09-01,0.52,0.02,4.0,2000000,0,,否,,0.6,0.58,,,6.81,,
710773,中美晶永豐61購01,2026-09-01,0.76,0.05,7.04,52000000,0,,否,,0.77,0.77,,,-0.2597,-19.0526,
710778,宜鼎永豐66購01,2026-09-01,1.1,-0.02,-1.79,146000000,0,,否,,1.21,1.17,1.09,,5.6042,11.597,
710782,高僑永豐61購01,2026-09-01,0.28,0.0,0.0,50000000,0,,是,,,,,,,,
710783,閎康永豐61購02,2026-09-01,0.54,0.08,17.39,2000000,0,,否,,0.7,,,,,,
710784,新漢永豐61購01,2026-09-01,0.87,0.01,1.16,1000000,0,,否,,0.92,,,,,,
710786,頎邦永豐64購01,2026-09-01,0.84,0.05,6.33,71000000,0,,是,,0.72,0.73,,,-0.8219,-16.1476,
710787,璟德永豐61購02,2026-09-01,0.46,0.0,0.0,5000000,0,,否,,0.52,0.46,,,29.5,-10.3516,
710788,寶雅永豐61購01,2026-09-01,0.84,-0.01,-1.18,642000000,0,,是,,0.95,1.11,,,-24.5642,15.795,
710790,巨有台新61購01,2026-09-01,0.24,0.04,20.0,5000000,0,,否,,0.31,,,,,,
710791,立碁台新61購01,2026-09-01,2.22,0.45,25.42,49000000,0,,否,,1.7,1.46,,,38.9525,42.439,
710792,竹陞台新61購02,2026-09-01,1.1,0.12,12.24,200000000,0,,否,,1.14,,,,,,
710793,宜鼎台新61購04,2026-09-01,0.52,-0.01,-1.89,8000000,0,,否,,0.59,0.54,0.56,,20.7317,10.3659,
710794,晟田台新61購01,2026-09-01,1.18,-0.02,-1.67,27000000,0,,否,,1.32,1.25,1.38,,12.6065,-6.4468,
710795,新漢台新61購01,2026-09-01,0.65,0.02,3.17,4000000,0,,否,,0.71,0.73,,,-3.7838,,
710796,新漢台新64購01,2026-09-01,0.87,0.02,2.35,3000000,0,,否,,0.96,,,,,,
710797,群聯台新61購02,2026-09-01,1.96,-0.08,-3.92,30000000,0,,否,,1.94,1.78,1.81,,20.5955,9.8209,
710798,中美晶富邦61購02,2026-09-01,0.47,0.07,17.5,1000000,0,,否,,0.46,0.49,0.81,,-11.583,-32.5035,
710799,欣銓富邦61購01,2026-09-01,0.42,0.06,16.67,253000000,0,,是,,0.3,0.35,,,-21.2435,-13.9651,
710800,陽程富邦61購01,2026-09-01,2.38,-0.39,-14.08,52000000,0,,否,,2.15,1.44,1.05,,196.6851,131.2399,
710801,頎邦富邦63購01,2026-09-01,0.48,0.03,6.67,53000000,0,,否,,0.4,0.37,0.46,,17.4419,-8.5575,
710802,頎邦富邦64購01,2026-09-01,0.51,0.04,8.51,1000000,0,,否,,0.43,0.39,,,18.232,-15.9574,
710805,中美晶群益61購01,2026-09-01,2.15,0.34,18.78,103000000,0,,是,,2.17,2.23,3.58,,-5.3229,-24.1414,
710806,世界群益61購02,2026-09-01,0.81,0.03,3.85,65000000,0,,是,,0.89,1.01,1.21,,-21.3781,-14.9706,
710808,均豪群益61購02,2026-09-01,1.72,0.0,0.0,63000000,0,,是,,1.47,1.5,,,-3.6745,-3.1715,
710809,良維群益61購03,2026-09-01,1.41,0.05,3.68,68000000,0,,否,,1.03,1.21,,,-25.5411,,
710811,威剛群益61購04,2026-09-01,0.92,-0.02,-2.13,80000000,0,,是,,0.99,0.99,,,1.0183,7.2826,
710815,鈊象群益64購01,2026-09-01,0.23,-0.02,-8.0,54000000,0,,否,,0.28,,,,,,
710816,群聯群益67購02,2026-09-01,1.86,-0.08,-4.12,131000000,0,,是,,1.81,1.72,1.68,,11.7139,10.4891,
710817,頎邦群益61購01,2026-09-01,0.58,0.08,16.0,180000000,0,,是,,0.46,0.43,0.54,,13.3663,-2.4887,
710819,雙鴻群益61購01,2026-09-01,4.14,1.21,41.3,71000000,0,,否,,2.34,2.06,,,30.7263,18.2703,
710822,良維凱基61購02,2026-09-01,1.38,0.21,17.95,46000000,0,,否,,0.94,0.95,,,-0.6316,,
710824,家登凱基61購01,2026-09-01,1.14,0.28,32.56,127000000,0,,是,,0.8,0.88,,,-17.0124,,
710826,頎邦凱基61購01,2026-09-01,0.28,0.04,16.67,1504000000,0,,是,,0.18,,,,,,
710827,精材凱基61購06,2026-09-01,2.6,-0.03,-1.14,182000000,0,,否,,1.64,,,,,,
710829,朋程台新61購01,2026-09-01,0.46,0.02,4.55,39000000,0,,否,,0.47,,,,,,
710833,博大台新61購01,2026-09-01,0.67,0.01,1.52,1000000,0,,否,,0.71,0.78,,,-15.8392,-24.148,
710837,頎邦台新61購01,2026-09-01,0.7,0.09,14.75,1340000000,0,,是,,0.54,0.5,0.61,,17.5439,-4.7985,
710838,頎邦台新61購02,2026-09-01,0.61,0.1,19.61,1729000000,0,,是,,0.46,0.42,0.65,,16.3265,-18.4615,
710842,中美晶永豐65購02,2026-09-01,1.06,0.13,13.98,36000000,0,,否,,1.05,1.11,,,-9.4664,-26.1015,
710843,世紀*永豐61購01,2026-09-01,4.06,0.88,27.67,8000000,0,,否,,3.02,,,,,,
710847,榮剛永豐61購01,2026-09-01,0.86,0.07,8.86,21000000,0,,否,,0.94,0.89,,,10.1176,-4.594,
710848,榮剛永豐61購02,2026-09-01,0.68,0.1,17.24,30000000,0,,否,,0.75,0.72,,,9.3294,-2.0464,
710850,大中國票61購01,2026-09-01,0.29,-0.01,-3.33,30000000,0,,否,,0.49,,,,,,
710852,友威科國票65購01,2026-09-01,0.43,0.03,7.5,10000000,0,,否,,0.4,0.41,0.43,,-5.7143,-0.7299,
710853,全宇昕國票65購01,2026-09-01,0.49,0.03,6.52,32000000,0,,否,,0.4,,,,,,
710854,竹陞國票66購01,2026-09-01,0.67,0.01,1.52,6000000,0,,否,,0.62,,,,,,
710855,邑錡國票61購01,2026-09-01,0.36,-0.01,-2.7,41000000,0,,是,,0.35,0.39,,,-17.8404,-27.0677,
710856,邑錡國票63購01,2026-09-01,0.55,-0.02,-3.51,19000000,0,,是,,0.59,0.63,,,-12.1302,-25.3819,
710858,易發國票65購01,2026-09-01,0.5,-0.01,-1.96,1486000000,0,,是,,0.41,,,,,,
710864,振曜國票65購01,2026-09-01,0.38,0.0,0.0,4000000,0,,否,,0.4,,,,,,
710868,博大國票65購01,2026-09-01,0.55,0.02,3.77,73000000,0,,否,,0.56,,,,,,
710870,晶宏國票65購01,2026-09-01,1.06,0.14,15.22,30000000,0,,,,,,,,,,
710873,碩禾國票65購01,2026-09-01,0.26,0.05,23.81,10000000,0,,否,,0.32,,,,,,
710875,鐿鈦國票65購01,2026-09-01,0.66,-0.01,-1.49,70000000,0,,是,,0.7,0.69,,,1.7493,4.8485,
710876,竹陞國泰63購01,2026-09-01,1.04,0.0,0.0,108000000,0,,是,,0.69,0.95,,,-42.4293,,
710877,青雲國泰62購03,2026-09-01,1.44,-0.04,-2.7,114000000,0,,是,,1.2,1.37,,,-22.8093,-7.4074,
710878,茂達國泰62購01,2026-09-01,0.56,0.0,0.0,107000000,0,,是,,0.55,0.58,,,-10.7843,-14.3491,
710879,精材國泰62購01,2026-09-01,3.38,0.02,0.6,288000000,0,,是,,2.04,2.44,,,-28.2593,,
710881,宜鼎富邦61購02,2026-09-01,0.38,0.0,0.0,533000000,0,,是,,0.45,0.45,0.41,,0.4464,16.0207,
710885,威剛群益61購05,2026-09-01,0.8,-0.02,-2.44,201000000,0,,是,,0.89,,,,,,
710886,建榮群益62購01,2026-09-01,0.57,-0.05,-8.06,59000000,0,,否,,,,,,,,
710887,群聯群益67購03,2026-09-01,2.81,-0.11,-3.77,34000000,0,,否,,2.78,2.69,2.65,,6.5184,8.6325,
710888,精材群益64購01,2026-09-01,1.45,0.0,0.0,12000000,0,,否,,0.84,0.84,,,0.4773,-4.7619,
710892,雙鴻群益61購02,2026-09-01,5.95,1.79,43.03,321000000,0,,是,,3.2,2.78,,,36.4566,20.6432,
710893,中美晶元大64購01,2026-09-01,1.35,0.09,7.14,73000000,0,,否,,1.35,1.34,,,0.4478,-13.7997,
710894,中美晶元大66購04,2026-09-01,1.2,0.06,5.26,60000000,0,,否,,1.2,1.19,,,0.6723,-16.5618,
710895,台嘉碩元大61購02,2026-09-01,0.59,0.07,13.46,5000000,0,,否,,0.66,0.79,,,-28.4783,,
710896,均豪元大61購02,2026-09-01,0.59,-0.04,-6.35,417000000,0,,是,,0.5,0.51,,,-4.2471,,
710898,宜特元大67購02,2026-09-01,0.54,0.04,8.0,84000000,0,,否,,0.49,0.69,,,-44.0909,-25.9978,
710899,欣銓元大61購02,2026-09-01,1.01,0.11,12.22,104000000,0,,是,,0.78,0.82,,,-8.216,-8.613,
710900,家登元大61購02,2026-09-01,1.45,0.28,23.93,2000000,0,,否,,1.14,1.1,,,8.9524,-4.2757,
710902,臺慶科元大64購02,2026-09-01,0.59,0.02,3.51,313000000,0,,是,,0.74,0.81,,,-16.2528,-0.6105,
710906,利機國票61購01,2026-09-01,0.67,-0.02,-2.9,20000000,0,,否,,0.72,,,,,,
710908,倉和國票65購01,2026-09-01,2.12,0.41,23.98,60000000,0,,否,,1.67,1.36,1.16,,60.1533,39.7119,
710910,創泓國票61購01,2026-09-01,1.32,-0.06,-4.35,155000000,0,,否,,1.61,1.45,1.71,,25.429,4.9383,
710912,新普國票65購01,2026-09-01,0.61,0.01,1.67,12000000,0,,否,,0.63,,,,,,
710914,類比科國票61購01,2026-09-01,0.59,0.14,31.11,5000000,0,,否,,0.48,,,,,,
710915,寶雅國票61購03,2026-09-01,0.89,-0.04,-4.3,516000000,0,,是,,1.01,,,,,,
710916,驊訊國票61購01,2026-09-01,0.3,0.02,7.14,10000000,0,,,,,,,,,,
710921,宜鼎凱基61購02,2026-09-01,0.67,-0.02,-2.9,492000000,0,,是,,0.8,0.73,,,19.4611,9.2399,
710923,威剛凱基61購03,2026-09-01,1.15,-0.04,-3.36,264000000,0,,是,,1.3,,,,,,
710924,茂達凱基61購03,2026-09-01,0.25,-0.01,-3.85,40000000,0,,否,,0.39,,,,,,
710925,博大凱基61購01,2026-09-01,0.42,0.03,7.69,10000000,0,,否,,0.49,0.58,,,-26.3473,,
710926,群聯凱基61購07,2026-09-01,1.32,-0.09,-6.38,155000000,0,,否,,1.27,1.26,,,0.9554,12.8801,
710927,雙鴻凱基61購05,2026-09-01,3.98,1.15,40.64,55000000,0,,是,,2.31,1.96,,,43.1762,,
710932,家登群益61購04,2026-09-01,1.71,0.21,14.0,26000000,0,,是,,1.31,1.37,,,-8.1232,,
710933,新普群益61購01,2026-09-01,0.57,-0.02,-3.39,61000000,0,,是,,0.64,,,,,,
710935,精材群益64購02,2026-09-01,1.61,0.04,2.55,31000000,0,,否,,1.0,1.19,,,-27.0349,,
710936,中美晶國泰64購01,2026-09-01,1.26,0.14,12.5,45000000,0,,是,,1.31,1.45,,,-17.1934,-30.9456,
710939,茂達富邦63購02,2026-09-01,0.4,0.0,0.0,50000000,0,,是,,0.42,0.44,,,-9.0909,,
710944,艾訊永豐61購01,2026-09-01,0.32,0.02,6.67,18000000,0,,否,,0.34,0.41,,,-27.7311,-30.6261,
710946,長聖永豐61購01,2026-09-01,0.58,-0.04,-6.45,20000000,0,,否,,0.6,0.58,,,4.9296,-2.349,
710947,威剛永豐61購08,2026-09-01,0.62,-0.07,-10.14,4000000,0,,否,,0.74,0.71,,,8.1871,,
710948,威剛永豐64購03,2026-09-01,0.89,-0.01,-1.11,22000000,0,,否,,0.96,0.95,,,2.7897,,
710949,茂達永豐65購01,2026-09-01,0.39,0.0,0.0,20000000,0,,是,,0.43,0.52,,,-30.1639,,
710950,倉和永豐61購01,2026-09-01,3.4,0.63,22.74,6000000,0,,否,,2.73,2.2,1.77,,64.3803,54.5007,
710952,宸曜永豐61購01,2026-09-01,0.78,-0.02,-2.5,25000000,0,,否,,0.79,0.73,,,17.1598,,
710953,宸曜永豐67購01,2026-09-01,1.4,-0.03,-2.1,25000000,0,,否,,1.41,1.35,,,9.6124,,
710954,耕興永豐61購01,2026-09-01,0.55,0.01,1.85,68000000,0,,否,,0.58,0.63,,,-16.5217,,
710955,博大永豐61購01,2026-09-01,0.32,0.0,0.0,23000000,0,,,,,,,,,,
710959,磐儀永豐61購01,2026-09-01,0.64,0.1,18.52,1000000,0,,否,,0.82,0.83,,,-1.6787,,
710961,中美晶元大64購02,2026-09-01,1.25,0.09,7.76,226000000,0,,是,,1.29,1.27,,,3.5256,-12.7148,
710962,中美晶元大66購05,2026-09-01,1.12,0.06,5.66,42000000,0,,否,,1.12,1.1,1.29,,3.69,-7.3826,
710963,世紀*元大61購01,2026-09-01,7.15,0.6,9.16,44000000,0,,否,,5.31,3.07,,,540.0,238.2159,
710964,宜鼎元大61購07,2026-09-01,0.78,-0.02,-2.5,102000000,0,,否,,0.87,0.85,,,6.326,10.1299,
710965,晟田元大61購02,2026-09-01,1.39,0.02,1.46,10000000,0,,否,,1.72,1.63,,,10.567,-28.2704,
710967,晶焱元大61購01,2026-09-01,0.46,0.02,4.55,3000000,0,,否,,0.61,,,,,,
710969,群聯元大64購07,2026-09-01,1.23,-0.05,-3.91,370000000,0,,是,,1.21,1.22,,,-0.9804,1.8395,
710971,譜瑞元大61購03,2026-09-01,0.67,0.02,3.08,31000000,0,,否,,0.68,0.73,,,-14.6465,-15.4378,
710972,譜瑞元大65購03,2026-09-01,0.79,0.04,5.33,64000000,0,,否,,0.75,0.82,,,-15.991,-11.4843,
710973,久元台新61購01,2026-09-01,0.79,0.06,8.22,10000000,0,,,,,,,,,,
710979,宸曜台新61購01,2026-09-01,1.64,-0.08,-4.65,26000000,0,,否,,1.65,1.66,,,-0.7203,3.6205,
710980,博大台新61購02,2026-09-01,0.51,0.03,6.25,221000000,0,,是,,0.56,0.57,,,-2.7586,,
710982,精材台新61購03,2026-09-01,1.81,0.05,2.84,1516000000,0,,是,,0.95,0.92,,,8.4091,-22.9412,
710984,均豪凱基61購01,2026-09-01,1.38,0.15,12.2,2000000,0,,否,,1.19,,,,,,
710985,家登凱基61購02,2026-09-01,1.67,0.29,21.01,130000000,0,,是,,1.22,1.05,,,37.9233,-6.8081,
710987,華景電凱基64購01,2026-09-01,0.74,0.14,23.33,75000000,0,,是,,0.62,,,,,,
710988,新普凱基61購01,2026-09-01,0.65,0.0,0.0,19000000,0,,否,,0.72,,,,,,
710989,頎邦凱基61購02,2026-09-01,0.72,0.08,12.5,8000000,0,,否,,0.49,0.56,,,-20.3883,,
710990,精材凱基61購07,2026-09-01,5.15,0.05,0.98,15000000,0,,否,,3.29,3.58,,,-15.1265,,
710991,營邦凱基61購01,2026-09-01,1.28,0.16,14.29,772000000,0,,是,,0.84,0.81,,,7.9692,9.7693,
710992,譜瑞凱基61購06,2026-09-01,0.92,0.06,6.98,6000000,0,,否,,0.99,,,,,,
710993,寶雅凱基61購01,2026-09-01,1.4,-0.06,-4.11,69000000,0,,否,,1.66,1.99,,,-28.2627,18.4854,
710994,欣銓台新61購03,2026-09-01,0.9,0.15,20.0,243000000,0,,是,,0.72,0.76,,,-8.3756,,
710995,群聯台新61購04,2026-09-01,0.8,-0.07,-8.05,45000000,0,,否,,0.96,,,,,,
710996,大江國票65購01,2026-09-01,0.75,-0.04,-5.06,132000000,0,,否,,0.79,0.78,,,2.611,1.3055,
710997,大學光國票61購01,2026-09-01,0.74,-0.01,-1.33,434000000,0,,是,,0.67,0.72,,,-12.8272,-9.1487,
711002,廣積國票66購01,2026-09-01,0.79,0.0,0.0,15000000,0,,否,,0.96,0.95,,,0.8439,,
711005,宜鼎國泰62購02,2026-09-01,1.19,0.03,2.59,21000000,0,,否,,1.31,1.26,,,8.9701,12.3214,
711009,巨有元大61購02,2026-09-01,0.72,0.12,20.0,41000000,0,,否,,0.61,0.62,,,-1.6026,0.487,
711012,宜鼎元大61購08,2026-09-01,0.69,0.02,2.99,444000000,0,,否,,0.76,0.73,,,8.6207,9.8336,
711013,宜鼎元大61購09,2026-09-01,1.1,0.03,2.8,341000000,0,,否,,1.2,1.16,,,6.4057,12.9503,
711014,昇佳電元大61購01,2026-09-01,0.33,0.01,3.12,169000000,0,,否,,0.34,0.42,,,-32.8,-49.3947,
711015,朋程元大61購01,2026-09-01,0.55,0.03,5.77,158000000,0,,是,,0.53,0.56,,,-9.215,-16.3174,
711016,青雲元大61購01,2026-09-01,1.49,-0.01,-0.67,148000000,0,,是,,1.17,1.37,,,-24.7754,-10.3743,
711022,群聯元大64購08,2026-09-01,0.75,-0.02,-2.6,39000000,0,,否,,0.73,0.7,,,7.9646,8.9645,
711023,譜瑞元大61購04,2026-09-01,1.29,0.05,4.03,39000000,0,,否,,1.21,1.32,,,-14.507,-13.7525,
711024,中美晶統一65購01,2026-09-01,0.41,0.05,13.89,4000000,0,,否,,0.39,0.4,0.52,,-1.5075,-13.7555,
711025,均豪統一65購01,2026-09-01,0.61,0.06,10.91,162000000,0,,否,,0.49,,,,,,
711028,群聯統一67購01,2026-09-01,0.6,-0.02,-3.23,2000000,0,,,,,,,,,,
711029,精材統一67購01,2026-09-01,1.16,0.03,2.65,453000000,0,,是,,0.73,0.73,0.82,,0.8264,-7.2519,
711030,營邦統一67購01,2026-09-01,0.98,0.09,10.11,188000000,0,,是,,0.74,0.72,,,6.6474,,
711036,宜鼎永豐63購02,2026-09-01,0.75,-0.01,-1.32,110000000,0,,否,,0.86,0.78,,,22.6361,10.8417,
711044,群聯中信61購01,2026-09-01,0.43,-0.02,-4.44,11000000,0,,否,,0.43,0.41,,,9.6939,,
711046,台特化凱基61購01,2026-09-01,1.34,0.07,5.51,69000000,0,,是,,1.33,,,,,,
711047,巨有凱基61購02,2026-09-01,0.66,0.11,20.0,120000000,0,,否,,0.59,0.57,,,5.7348,-5.124,
711049,宜鼎凱基61購03,2026-09-01,1.02,-0.02,-1.92,119000000,0,,否,,1.17,1.13,,,8.3026,12.3383,
711050,茂達凱基61購04,2026-09-01,0.67,0.0,0.0,4000000,0,,否,,0.78,,,,,,
711053,順達凱基61購02,2026-09-01,0.93,0.12,14.81,10000000,0,,否,,0.8,0.79,,,3.3505,,
711054,鈊象凱基61購03,2026-09-01,1.08,-0.11,-9.24,275000000,0,,否,,1.51,1.54,,,-4.0764,,
711055,群聯凱基64購04,2026-09-01,2.13,-0.11,-4.91,103000000,0,,否,,2.06,2.0,,,6.7288,10.1489,
711056,精材凱基61購08,2026-09-01,2.98,0.03,1.02,441000000,0,,是,,1.67,2.02,,,-29.6796,,
711059,富喬台新61購01,2026-09-01,2.22,0.14,6.73,22000000,0,,否,,1.58,1.17,,,106.0052,,
711061,家登群益61購05,2026-09-01,0.98,0.22,28.95,8000000,0,,是,,0.73,,,,,,
711062,順達群益61購01,2026-09-01,0.84,0.01,1.2,71000000,0,,,,,,,,,,
711063,群聯群益61購06,2026-09-01,3.94,-0.19,-4.6,34000000,0,,否,,3.88,3.82,,,2.8102,10.2305,
711064,精材群益61購02,2026-09-01,4.98,-0.02,-0.4,171000000,0,,否,,2.63,2.58,,,3.9494,-16.1688,
711067,加百裕國票61購01,2026-09-01,0.42,-0.01,-2.33,1000000,0,,,,,,,,,,
711071,宜鼎國票65購02,2026-09-01,1.12,-0.02,-1.75,755000000,0,,是,,1.26,1.21,,,8.7931,,
711073,智崴國票65購01,2026-09-01,0.56,-0.01,-1.75,267000000,0,,是,,0.51,0.55,,,-12.3711,,
711077,中美晶元大61購03,2026-09-01,0.86,0.07,8.86,58000000,0,,否,,0.89,0.88,,,1.139,-17.4766,
711079,宜鼎元大61購10,2026-09-01,0.97,0.0,0.0,445000000,0,,是,,1.09,1.05,,,7.4803,10.4822,
711081,群聯元大61購14,2026-09-01,1.1,-0.04,-3.51,244000000,0,,否,,1.08,1.04,,,8.4,9.2243,
711083,世界國泰62購01,2026-09-01,0.72,0.05,7.46,36000000,0,,否,,0.8,0.87,,,-14.9573,-20.9132,
711084,博大國泰62購01,2026-09-01,0.67,0.01,1.52,15000000,0,,否,,0.69,0.73,0.78,,-10.4167,-2.5435,
711085,陽程國泰62購01,2026-09-01,6.3,0.3,5.0,20000000,0,,否,,4.3,2.79,,,236.0937,100.7914,
711086,群聯國泰62購03,2026-09-01,1.45,-0.12,-7.64,38000000,0,,否,,1.47,1.48,,,-0.5405,,
711087,精材國泰62購02,2026-09-01,3.63,0.1,2.83,171000000,0,,是,,1.91,1.95,,,-3.629,-25.3354,
711088,中美晶富邦61購03,2026-09-01,0.46,0.07,17.95,1000000,0,,否,,0.48,0.45,,,14.2857,-30.8756,
711089,立碁富邦64購01,2026-09-01,1.55,0.41,35.96,435000000,0,,否,,1.09,0.97,,,27.3364,,
711091,陽程富邦61購02,2026-09-01,1.78,-0.03,-1.66,10000000,0,,否,,1.46,0.94,,,252.657,111.036,
711092,精材富邦61購01,2026-09-01,1.42,0.02,1.43,718000000,0,,是,,0.76,0.82,,,-13.1818,-24.7941,
711093,精材中信61購02,2026-09-01,0.85,-0.01,-1.16,381000000,0,,是,,0.51,0.49,,,8.0508,-23.2813,
711094,千附永豐61購01,2026-09-01,1.63,0.04,2.52,1652000000,0,,是,,2.29,2.44,,,-11.3091,,
711095,千附永豐61購02,2026-09-01,0.81,0.05,6.58,2629000000,0,,是,,0.93,1.29,,,-43.6364,,
711096,立端永豐61購01,2026-09-01,0.69,0.03,4.55,40000000,0,,否,,0.76,0.74,,,5.8333,-3.7662,
711097,松瑞藥永豐61購01,2026-09-01,0.86,-0.04,-4.44,100000000,0,,否,,1.05,0.94,,,25.537,6.9005,
711098,磐儀永豐61購02,2026-09-01,0.65,0.1,18.18,148000000,0,,否,,0.67,0.75,,,-19.4712,-11.019,
711099,千附精統一67購01,2026-09-01,0.72,-0.01,-1.37,63000000,0,,否,,0.58,0.58,,,-1.7065,,
711104,台嘉碩統一67購01,2026-09-01,0.53,0.06,12.77,10000000,0,,否,,0.5,,,,,,
711105,台嘉碩統一6C購01,2026-09-01,0.51,0.04,8.51,1000000,0,,否,,0.5,,,,,,
711107,巨有統一6C購01,2026-09-01,0.52,0.03,6.12,10000000,0,,否,,0.49,,,,,,
711110,青雲統一69購01,2026-09-01,0.86,0.03,3.61,18000000,0,,否,,0.83,0.8,,,7.8125,,
711111,青雲統一6C購01,2026-09-01,0.67,0.02,3.08,208000000,0,,是,,0.64,0.59,,,19.3309,,
711115,智通*統一67購01,2026-09-01,0.52,-0.01,-1.89,10000000,0,,否,,0.51,0.49,,,11.7904,-11.6576,
711119,頎邦統一67購02,2026-09-01,0.53,0.04,8.16,10000000,0,,否,,0.45,0.41,,,19.6809,-7.3991,
711121,頎邦統一6C購01,2026-09-01,0.59,0.05,9.26,62000000,0,,否,,0.52,0.48,,,18.894,-2.2634,
711122,精材統一65購02,2026-09-01,1.09,0.0,0.0,1050000000,0,,是,,0.61,0.62,0.74,,-2.2293,-12.6582,
711123,精材統一67購02,2026-09-01,0.84,0.02,2.44,56000000,0,,否,,0.56,0.58,,,-6.9767,-14.6843,
711124,中美晶凱基64購01,2026-09-01,0.8,0.05,6.67,30000000,0,,否,,0.84,,,,,,
711126,陽程凱基61購03,2026-09-01,2.55,-0.12,-4.49,173000000,0,,是,,2.2,,,,,,
711127,順達凱基61購03,2026-09-01,0.87,0.13,17.57,1000000,0,,否,,0.61,0.71,,,-24.3176,,
711128,群聯凱基61購08,2026-09-01,1.42,-0.15,-9.55,28000000,0,,否,,1.39,1.38,,,1.6058,4.9392,
711129,群聯凱基61購09,2026-09-01,1.23,-0.09,-6.82,50000000,0,,否,,1.24,1.23,,,0.1621,9.1954,
711130,頎邦凱基61購03,2026-09-01,0.32,0.04,14.29,305000000,0,,是,,0.25,0.24,,,8.8496,,
711131,精材凱基61購09,2026-09-01,1.45,0.06,4.32,600000000,0,,是,,0.68,0.72,,,-9.0667,,
711132,臺慶科凱基61購03,2026-09-01,0.46,0.03,6.98,23000000,0,,否,,0.48,0.44,,,22.2222,,
711133,宜鼎台新62購01,2026-09-01,0.9,-0.03,-3.23,37000000,0,,否,,0.98,0.94,,,9.1518,11.415,
711135,茂達台新61購02,2026-09-01,0.72,0.02,2.86,62000000,0,,否,,0.71,0.69,,,5.6716,-16.8878,
711137,群聯台新67購04,2026-09-01,1.47,-0.05,-3.29,24000000,0,,否,,1.5,1.3,,,36.0507,9.7725,
711138,頎邦台新61購04,2026-09-01,0.96,0.11,12.94,1097000000,0,,否,,0.73,0.66,,,21.0,-3.4934,
711139,頎邦台新61購05,2026-09-01,0.96,0.13,15.66,1123000000,0,,是,,0.71,0.65,,,21.1604,-2.8486,
711140,精材台新61購04,2026-09-01,1.67,0.06,3.73,257000000,0,,是,,1.0,,,,,,
711141,精材台新61購05,2026-09-01,1.78,0.06,3.49,125000000,0,,是,,0.98,0.99,,,-1.992,,
711142,精材台新62購02,2026-09-01,1.67,0.04,2.45,138000000,0,,是,,0.97,1.17,,,-28.6969,,
711144,天良國票61購01,2026-09-01,0.93,-0.1,-9.71,150000000,0,,是,,1.57,1.57,,,-1.0114,6.6396,
711149,陽程國票61購02,2026-09-01,3.37,-0.28,-7.67,3000000,0,,否,,3.15,2.14,,,177.425,,
711150,順達國票65購01,2026-09-01,1.05,0.09,9.37,10000000,0,,否,,0.84,0.91,,,-13.4021,,
711151,精材國票61購04,2026-09-01,1.85,0.01,0.54,100000000,0,,否,,1.56,,,,,,
711152,精材國票65購01,2026-09-01,1.89,-0.02,-1.05,183000000,0,,是,,1.45,,,,,,
711153,營邦國票61購01,2026-09-01,2.06,0.17,8.99,493000000,0,,是,,1.56,1.33,,,40.3604,,
711156,台特化群益61購02,2026-09-01,1.48,0.11,8.03,4000000,0,,否,,1.43,1.37,,,9.6478,8.9101,
711157,青雲群益61購01,2026-09-01,0.88,0.0,0.0,377000000,0,,是,,0.68,0.77,,,-21.709,-11.6705,
711158,青雲群益61購02,2026-09-01,1.28,-0.05,-3.76,960000000,0,,是,,1.32,1.21,,,20.4007,,
711159,威剛群益61購06,2026-09-01,1.8,-0.05,-2.7,109000000,0,,否,,1.99,1.99,,,-0.7,7.3236,
711160,鈊象群益61購02,2026-09-01,1.07,-0.05,-4.46,5000000,0,,否,,1.2,1.42,,,-27.0631,-3.9757,
711162,群聯群益61購07,2026-09-01,2.3,-0.14,-5.74,628000000,0,,是,,2.27,2.23,,,4.1247,13.1031,
711163,精材群益63購03,2026-09-01,2.8,0.03,1.08,1070000000,0,,是,,1.56,1.6,,,-4.4064,,
711167,宜鼎元大63購02,2026-09-01,1.15,0.02,1.77,219000000,0,,否,,1.27,1.21,,,8.9501,9.9638,
711171,順達元大61購01,2026-09-01,1.06,0.13,13.98,94000000,0,,否,,0.86,0.83,,,9.0909,,
711172,群聯元大61購15,2026-09-01,0.98,-0.06,-5.77,367000000,0,,否,,0.97,0.95,,,4.7312,7.4492,
711174,精材元大61購10,2026-09-01,1.08,0.01,0.93,4526000000,0,,是,,0.63,0.64,,,-2.1739,-19.3671,
711175,精材元大61購11,2026-09-01,2.18,0.03,1.4,199000000,0,,是,,1.36,1.34,,,2.5641,-11.236,
711176,精材元大63購05,2026-09-01,1.48,0.05,3.5,633000000,0,,是,,0.95,1.0,,,-9.6591,-6.0748,
711177,營邦元大61購01,2026-09-01,1.35,0.12,9.76,862000000,0,,是,,1.03,1.05,,,-4.8148,,
711180,千附精統一67購02,2026-09-01,0.7,0.04,6.06,14000000,0,,,,,,,,,,
711181,千附精統一67購03,2026-09-01,0.7,0.02,2.94,110000000,0,,否,,0.56,0.55,,,2.2059,,
711185,中美晶統一65購02,2026-09-01,0.48,0.03,6.67,2000000,0,,否,,0.46,0.64,,,-44.0389,,
711192,亞通統一67購01,2026-09-01,0.66,-0.03,-4.35,100000000,0,,,,,,,,,,
711193,宜鼎統一67購01,2026-09-01,0.73,-0.01,-1.35,10000000,0,,否,,0.81,0.77,,,11.2637,,
711196,青雲統一69購02,2026-09-01,0.77,0.02,2.67,85000000,0,,是,,0.71,0.68,,,10.5263,,
711201,順達統一67購01,2026-09-01,0.53,0.04,8.16,104000000,0,,,,,,,,,,
711207,頎邦統一67購04,2026-09-01,0.5,0.05,11.11,80000000,0,,否,,0.41,0.44,,,-11.6883,,
711209,碩禾統一67購01,2026-09-01,0.33,0.04,13.79,5000000,0,,否,,0.37,,,,,,
711210,精材統一65購03,2026-09-01,0.81,0.02,2.53,106000000,0,,否,,0.54,,,,,,
711211,精材統一6C購02,2026-09-01,0.97,0.07,7.78,270000000,0,,是,,0.72,0.68,,,13.5647,-9.9734,
711214,宜鼎永豐67購01,2026-09-01,0.97,-0.03,-3.0,41000000,0,,否,,1.06,1.01,,,9.9585,10.4803,
711217,頎邦永豐65購01,2026-09-01,0.63,0.04,6.78,95000000,0,,否,,0.52,0.47,,,22.7488,-14.3898,
711218,精材永豐61購03,2026-09-01,1.01,0.06,6.32,92000000,0,,是,,0.61,0.73,,,-28.1324,,
711219,精材永豐61購04,2026-09-01,1.54,0.03,1.99,65000000,0,,否,,0.84,1.19,,,-45.3247,,
711220,精材永豐64購02,2026-09-01,1.24,-0.03,-2.36,23000000,0,,否,,1.23,,,,,,
711221,營邦永豐64購01,2026-09-01,1.38,0.26,23.21,224000000,0,,否,,0.97,0.92,,,11.6972,,
711222,廣積國泰62購01,2026-09-01,1.97,-0.04,-1.99,69000000,0,,是,,2.13,2.38,,,-19.257,-10.2747,
711223,營邦國泰62購01,2026-09-01,3.24,0.44,15.71,195000000,0,,否,,2.3,1.99,,,38.1295,,
711225,元太富邦63購01,2026-09-01,0.41,0.03,7.89,149000000,0,,否,,0.44,0.56,,,-35.0148,-22.3464,
711226,元太富邦63購02,2026-09-01,0.38,0.02,5.56,151000000,0,,否,,0.43,0.57,,,-39.6648,,
711228,宜特富邦63購01,2026-09-01,0.43,0.03,7.5,335000000,0,,是,,0.4,0.43,,,-10.6667,-15.3082,
711229,智通*富邦64購02,2026-09-01,0.51,0.02,4.08,20000000,0,,否,,0.48,0.42,,,31.694,-9.4017,
711230,順達富邦63購01,2026-09-01,0.4,0.03,8.11,10000000,0,,否,,0.35,0.33,,,14.2857,-15.8163,
711231,鈊象富邦63購02,2026-09-01,0.54,-0.02,-3.57,883000000,0,,是,,0.61,0.7,,,-22.8426,-4.3836,
711233,宜鼎台新63購01,2026-09-01,1.11,-0.02,-1.77,25000000,0,,否,,1.27,1.22,,,8.547,14.554,
711234,宜鼎台新64購01,2026-09-01,1.61,0.03,1.9,12000000,0,,否,,1.81,1.7,,,14.1236,12.749,
711237,順達群益61購02,2026-09-01,0.91,0.06,7.06,60000000,0,,否,,0.88,0.74,,,48.6486,,
711238,璟德群益61購01,2026-09-01,0.88,-0.03,-3.3,14000000,0,,否,,0.98,,,,,,
711239,千附凱基61購01,2026-09-01,0.45,-0.01,-2.17,10000000,0,,否,,0.72,1.02,,,-45.9215,,
711241,宜鼎凱基64購01,2026-09-01,0.77,-0.04,-4.94,676000000,0,,是,,0.88,0.86,,,5.4893,12.2555,
711242,青雲凱基61購01,2026-09-01,1.41,-0.02,-1.4,13000000,0,,否,,1.1,1.18,,,-13.8365,-8.2881,
711243,威剛凱基61購04,2026-09-01,1.33,-0.04,-2.92,74000000,0,,否,,1.48,,,,,,
711247,營邦凱基61購02,2026-09-01,1.83,0.14,8.28,132000000,0,,否,,1.33,1.28,,,8.4553,,
711251,中美晶國票65購02,2026-09-01,0.71,0.05,7.58,100000000,0,,是,,0.73,0.73,,,1.9499,-27.7168,
711252,巨有國票61購01,2026-09-01,1.03,0.12,13.19,89000000,0,,否,,0.94,0.88,,,15.4412,2.9274,
711254,博智國票61購01,2026-09-01,1.52,0.03,2.01,10000000,0,,否,,1.12,,,,,,
711255,晶呈國票65購01,2026-09-01,0.65,0.02,3.17,150000000,0,,是,,0.69,0.7,,,-4.1783,,
711256,千附元大61購01,2026-09-01,0.8,0.01,1.27,19000000,0,,否,,1.04,,,,,,
711260,立敦元大61購02,2026-09-01,0.25,0.0,0.0,58000000,0,,否,,0.35,,,,,,
711261,宜鼎元大63購03,2026-09-01,1.06,0.02,1.92,55000000,0,,否,,1.15,1.14,,,1.5929,12.2167,
711262,朋程元大61購02,2026-09-01,0.59,0.03,5.36,560000000,0,,是,,0.59,,,,,,
711263,家登元大61購04,2026-09-01,0.84,0.2,31.25,118000000,0,,否,,0.8,0.84,,,-8.4668,,
711264,家登元大61購05,2026-09-01,1.15,0.19,19.79,897000000,0,,是,,0.95,1.0,,,-8.6372,-4.8664,
711265,凱崴元大61購01,2026-09-01,1.48,-0.18,-10.84,82000000,0,,是,,1.3,,,,,,
711266,群聯元大61購16,2026-09-01,1.26,-0.07,-5.26,40000000,0,,否,,1.28,1.22,,,9.9485,3.204,
711267,臺慶科元大61購04,2026-09-01,0.91,0.02,2.25,192000000,0,,是,,0.91,0.97,,,-11.8677,-2.4218,
711268,營邦元大61購02,2026-09-01,1.9,0.12,6.74,223000000,0,,否,,1.46,1.36,,,16.96,7.4485,
711269,中美晶國泰62購01,2026-09-01,0.92,0.07,8.24,431000000,0,,是,,0.99,,,,,,
711270,世界富邦61購03,2026-09-01,0.34,0.03,9.68,241000000,0,,是,,0.37,0.39,,,-9.8522,-19.7505,
711271,博智富邦63購01,2026-09-01,0.69,0.04,6.15,367000000,0,,是,,0.47,0.46,,,2.6432,,
711272,富喬富邦61購02,2026-09-01,1.21,0.07,6.14,243000000,0,,否,,0.88,,,,,,
711273,千附精永豐64購01,2026-09-01,1.7,0.04,2.41,71000000,0,,否,,1.28,,,,,,
711274,大中永豐61購01,2026-09-01,0.79,0.05,6.76,33000000,0,,否,,0.93,,,,,,
711275,世界永豐61購02,2026-09-01,0.56,0.07,14.29,3000000,0,,否,,0.56,0.6,,,-13.9319,,
711277,璟德永豐67購01,2026-09-01,0.89,0.02,2.3,132000000,0,,否,,0.94,,,,,,
711279,千附統一6C購01,2026-09-01,0.42,0.0,0.0,21000000,0,,是,,0.47,0.55,,,-24.359,,
711282,青雲統一67購01,2026-09-01,1.13,-0.07,-5.83,202000000,0,,是,,1.0,1.02,,,-4.9524,-1.9157,
711283,倉和統一6C購01,2026-09-01,1.14,0.1,9.62,20000000,0,,否,,0.97,0.79,,,61.1296,,
711287,M31台新61購01,2026-09-01,1.29,0.05,4.03,76000000,0,,是,,1.42,1.42,,,0.7072,,
711289,M31台新64購01,2026-09-01,0.92,0.02,2.22,44000000,0,,是,,1.02,,,,,,
711290,千附精台新61購02,2026-09-01,1.14,0.09,8.57,55000000,0,,是,,0.81,0.75,,,17.7326,,
711292,頎邦台新61購06,2026-09-01,1.05,0.13,14.13,2454000000,0,,是,,0.8,0.75,,,13.9601,-4.8162,
711295,M31凱基61購03,2026-09-01,1.07,-0.02,-1.83,209000000,0,,是,,1.12,1.17,,,-8.5106,,
711296,千附精凱基61購03,2026-09-01,0.98,0.01,1.03,473000000,0,,是,,0.7,0.62,,,31.4607,4.7458,
711298,中美晶凱基61購08,2026-09-01,0.6,0.04,7.14,7000000,0,,否,,0.79,1.03,,,-38.1476,,
711299,朋程凱基61購02,2026-09-01,0.66,0.03,4.76,10000000,0,,否,,,,,,,,
711300,博智凱基63購01,2026-09-01,2.83,0.07,2.54,45000000,0,,否,,2.13,1.92,,,24.2707,,
711301,晶呈凱基61購01,2026-09-01,0.93,0.0,0.0,5000000,0,,否,,1.03,1.03,,,-0.5792,,
711303,群聯凱基65購01,2026-09-01,2.02,-0.13,-6.05,53000000,0,,否,,2.01,1.93,,,8.2974,,
711304,臺慶科凱基64購01,2026-09-01,0.8,-0.1,-11.11,27000000,0,,否,,0.91,,,,,,
711305,營邦凱基61購03,2026-09-01,2.83,0.27,10.55,6000000,0,,否,,2.04,1.87,,,19.3208,12.3575,
711306,千附精元大61購01,2026-09-01,1.06,0.03,2.91,313000000,0,,是,,0.78,0.85,,,-14.8797,-6.8282,
711308,宏捷科元大66購01,2026-09-01,1.25,0.1,8.7,1393000000,0,,是,,1.13,1.14,,,-2.5907,-3.9496,
711309,宜鼎元大63購04,2026-09-01,1.15,-0.04,-3.36,250000000,0,,否,,1.27,1.22,,,8.8889,9.4002,
711310,原相元大61購03,2026-09-01,1.44,0.07,5.11,10000000,0,,否,,1.67,1.66,,,0.9674,,
711311,順達元大63購01,2026-09-01,1.62,0.12,8.0,7000000,0,,否,,1.51,1.42,,,14.3505,,
711312,群聯元大61購17,2026-09-01,1.78,-0.08,-4.3,189000000,0,,否,,1.77,1.73,,,5.5952,11.4194,
711313,臺慶科元大61購05,2026-09-01,1.07,-0.04,-3.6,13000000,0,,否,,1.11,1.18,,,-10.0162,2.3499,
711314,世界國泰62購02,2026-09-01,0.96,0.12,14.29,71000000,0,,是,,0.93,1.0,,,-11.9093,-8.8828,
711317,久禾光國票61購01,2026-09-01,0.38,-0.01,-2.56,4000000,0,,否,,,,,,,,
711318,千附精國票65購01,2026-09-01,1.29,0.0,0.0,3000000,0,,,,,,,,,,
711320,茂達國票61購02,2026-09-01,0.96,0.1,11.63,41000000,0,,否,,1.0,1.15,,,-22.4806,,
711324,寬魚國票61購01,2026-09-01,0.5,0.0,0.0,6000000,0,,,,,,,,,,
711326,千附精群益61購02,2026-09-01,1.31,0.06,4.8,393000000,0,,是,,1.02,,,,,,
711328,博智群益61購02,2026-09-01,4.38,0.2,4.78,15000000,0,,否,,3.3,3.04,,,18.5612,10.3123,
711330,群聯群益63購01,2026-09-01,1.48,-0.07,-4.52,10000000,0,,否,,1.44,1.4,,,6.1765,14.73,
711331,M31富邦63購01,2026-09-01,0.78,0.05,6.85,28000000,0,,否,,0.84,0.78,,,15.7895,,
711332,九暘統一65購01,2026-09-01,0.54,0.2,58.82,1000000,0,,否,,0.4,0.4,,,-0.495,-5.1765,
711337,家登永豐61購04,2026-09-01,2.55,0.64,33.51,51000000,0,,否,,1.84,1.78,,,7.2261,,
711340,千附精台新61購03,2026-09-01,0.97,0.04,4.3,62000000,0,,是,,0.69,0.63,,,19.0972,,
711341,良維台新61購01,2026-09-01,1.04,0.14,15.56,54000000,0,,否,,0.73,,,,,,
711342,創泓台新61購01,2026-09-01,0.49,-0.02,-3.92,10000000,0,,否,,0.59,,,,,,
711344,宜鼎凱基61購04,2026-09-01,1.25,0.0,0.0,119000000,0,,否,,1.37,1.33,,,7.5117,15.3043,
711345,原相凱基61購03,2026-09-01,1.49,0.11,7.97,7000000,0,,否,,1.6,1.74,,,-14.3316,,
711347,群聯凱基63購02,2026-09-01,1.69,-0.12,-6.63,226000000,0,,是,,1.63,1.56,,,9.9596,10.3253,
711349,雙鴻凱基63購02,2026-09-01,4.47,1.24,38.39,34000000,0,,否,,2.64,2.31,,,33.7728,,
711351,中美晶元大61購05,2026-09-01,0.57,0.06,11.76,677000000,0,,是,,0.59,0.6,,,-2.9508,-20.9211,
711352,創泓元大61購01,2026-09-01,1.07,0.01,0.94,50000000,0,,否,,1.22,,,,,,
711354,智通*元大61購05,2026-09-01,0.43,0.0,0.0,491000000,0,,否,,0.47,0.48,,,-1.6667,,
711356,世界群益61購04,2026-09-01,1.19,0.07,6.25,28000000,0,,否,,1.32,,,,,,
711358,巨有群益61購01,2026-09-01,1.38,0.17,14.05,17000000,0,,否,,1.23,1.16,,,14.684,,
711359,均豪群益66購01,2026-09-01,1.06,-0.04,-3.64,481000000,0,,是,,0.94,,,,,,
711361,群聯群益61購08,2026-09-01,4.24,-0.21,-4.72,68000000,0,,否,,4.16,4.05,,,5.9572,11.7712,
711362,元太永豐61購05,2026-09-01,0.7,0.08,12.9,433000000,0,,否,,0.78,1.04,,,-40.2757,,
711364,良維永豐61購02,2026-09-01,1.62,0.08,5.19,118000000,0,,否,,1.2,1.26,,,-9.3939,,
711365,威剛永豐67購02,2026-09-01,1.22,-0.02,-1.61,34000000,0,,否,,1.27,1.26,,,2.0867,,
711367,凱崴永豐61購01,2026-09-01,0.87,0.04,4.82,154000000,0,,是,,0.69,0.65,,,12.7451,20.7792,
711368,博智永豐61購02,2026-09-01,1.85,0.1,5.71,13000000,0,,否,,,,,,,,
711370,閎康永豐61購03,2026-09-01,1.57,0.14,9.79,108000000,0,,是,,1.51,,,,,,
711376,中美晶國票64購01,2026-09-01,0.71,0.05,7.58,1000000,0,,,,,,,,,,
711378,敘豐國票61購01,2026-09-01,0.81,0.07,9.46,68000000,0,,否,,0.89,0.89,,,-1.9912,,
711381,智擎國票65購01,2026-09-01,0.53,-0.01,-1.85,2000000,0,,否,,0.56,0.61,,,-17.2619,,
711384,千附精國泰62購01,2026-09-01,1.54,0.01,0.65,530000000,0,,否,,1.05,,,,,,
711386,宜鼎國泰62購03,2026-09-01,1.96,-0.14,-6.67,19000000,0,,否,,2.26,2.1,,,17.0631,,
711387,青雲國泰62購04,2026-09-01,2.14,-0.04,-1.83,190000000,0,,是,,1.66,1.89,,,-21.8456,,
711392,宜鼎富邦61購03,2026-09-01,0.62,0.01,1.64,523000000,0,,否,,0.68,0.66,,,7.2327,12.6496,
711393,群聯富邦63購02,2026-09-01,0.53,-0.03,-5.36,711000000,0,,是,,0.52,0.49,,,12.5541,9.8434,
711394,M31統一67購01,2026-09-01,0.67,0.01,1.52,219000000,0,,是,,0.7,0.71,,,-1.9499,,
711395,M31統一67購02,2026-09-01,0.74,0.0,0.0,1000000,0,,否,,0.74,0.76,,,-6.8182,,
711396,M31統一6C購01,2026-09-01,0.67,0.02,3.08,9000000,0,,是,,0.67,0.69,,,-4.8433,,
711398,千附精統一67購04,2026-09-01,0.66,0.0,0.0,2000000,0,,否,,,,,,,,
711402,中美晶統一66購04,2026-09-01,0.27,0.02,8.0,9000000,0,,否,,0.26,0.26,,,3.9683,-22.1212,
711406,閎康統一67購01,2026-09-01,0.61,0.03,5.17,154000000,0,,是,,,,,,,,
711414,青雲國票61購02,2026-09-01,1.92,-0.09,-4.48,245000000,0,,是,,1.63,1.72,,,-10.6593,,
711417,博士旺國票61購02,2026-09-01,1.23,0.03,2.5,21000000,0,,否,,0.82,,,,,,
711418,華景電國票65購01,2026-09-01,1.18,0.12,11.32,1000000,0,,,,,,,,,,
711419,碩禾國票64購01,2026-09-01,0.44,0.12,37.5,35000000,0,,否,,0.47,0.48,,,-2.4896,,
711422,晟田台新61購02,2026-09-01,0.76,-0.01,-1.3,893000000,0,,是,,0.84,0.83,,,0.4808,,
711425,千附凱基61購02,2026-09-01,0.27,-0.01,-3.57,200000000,0,,是,,,,,,,,
711430,均豪凱基66購01,2026-09-01,1.37,-0.04,-2.84,73000000,0,,是,,1.28,,,,,,
711433,中美晶元大61購06,2026-09-01,1.13,0.07,6.6,90000000,0,,否,,1.13,1.14,,,-1.3986,-14.2642,
711435,中美晶元大61購08,2026-09-01,0.28,0.03,12.0,40000000,0,,否,,0.31,0.35,,,-21.2121,,
711436,中美晶元大63購03,2026-09-01,0.57,0.03,5.56,601000000,0,,是,,0.61,0.62,,,-1.9231,,
711438,世界元大63購05,2026-09-01,0.9,0.04,4.65,171000000,0,,否,,0.92,0.98,,,-10.6589,,
711439,家登元大63購01,2026-09-01,1.78,0.3,20.27,26000000,0,,否,,1.43,1.25,,,33.5196,,
711440,智通*元大61購06,2026-09-01,0.62,0.01,1.64,783000000,0,,是,,0.58,0.55,,,11.0687,-9.7879,
711442,翔名元大61購03,2026-09-01,0.55,0.01,1.85,300000000,0,,否,,0.61,0.68,,,-18.7831,,
711448,千附永豐64購01,2026-09-01,0.49,0.03,6.52,2000000,0,,否,,0.48,0.69,,,-46.1024,,
711449,中美晶永豐61購04,2026-09-01,0.7,0.1,16.67,7000000,0,,否,,0.71,0.73,,,-4.5455,,
711451,世禾永豐61購01,2026-09-01,0.48,0.03,6.67,66000000,0,,,,,,,,,,
711452,巨漢永豐61購02,2026-09-01,0.42,-0.04,-8.7,26000000,0,,否,,0.48,,,,,,
711453,均豪永豐64購02,2026-09-01,2.3,0.23,11.11,36000000,0,,否,,1.78,,,,,,
711454,宏捷科永豐64購01,2026-09-01,0.97,0.13,15.48,182000000,0,,是,,0.78,0.84,,,-12.7517,-7.2062,
711455,創惟永豐61購01,2026-09-01,1.05,0.03,2.94,10000000,0,,否,,1.04,1.14,,,-14.845,,
711457,湧德永豐61購01,2026-09-01,0.87,0.02,2.35,1888000000,0,,是,,0.66,0.68,,,-5.1724,,
711461,中美晶國泰63購02,2026-09-01,0.68,0.06,9.68,80000000,0,,是,,0.69,0.79,,,-22.5225,,
711462,世禾國泰62購01,2026-09-01,0.6,0.01,1.69,20000000,0,,否,,0.6,,,,,,
711464,廣穎國泰62購01,2026-09-01,1.26,-0.02,-1.56,60000000,0,,否,,1.32,1.33,,,-1.497,,
711465,千附統一67購02,2026-09-01,0.35,0.01,2.94,80000000,0,,是,,,,,,,,
711467,千附精統一67購05,2026-09-01,0.66,-0.07,-9.59,85000000,0,,是,,0.48,,,,,,
711477,雙鴻統一6C購01,2026-09-01,0.9,0.06,7.14,302000000,0,,否,,0.7,,,,,,
711479,中美晶富邦61購04,2026-09-01,0.14,0.0,0.0,177000000,0,,否,,0.15,0.16,,,-11.6279,-35.2,
711480,台特化富邦61購01,2026-09-01,0.46,0.01,2.22,158000000,0,,否,,0.45,0.39,,,30.4094,,
711481,宜鼎富邦61購04,2026-09-01,0.58,-0.01,-1.69,739000000,0,,是,,0.68,0.64,,,11.5512,14.2602,
711482,宜鼎群益61購04,2026-09-01,1.92,-0.05,-2.54,38000000,0,,否,,2.11,2.04,,,6.6869,11.6585,
711484,世界台新61購02,2026-09-01,0.57,0.06,11.76,37000000,0,,否,,0.65,0.68,,,-9.2179,,
711485,台嘉碩台新61購03,2026-09-01,1.32,0.14,11.86,120000000,0,,否,,1.21,1.21,,,-0.6568,,
711486,巨漢台新61購03,2026-09-01,1.71,0.12,7.55,35000000,0,,是,,1.76,,,,,,
711487,良維台新61購02,2026-09-01,1.28,0.09,7.56,167000000,0,,否,,0.92,,,,,,
711488,亞電台新61購01,2026-09-01,1.95,-0.07,-3.47,51000000,0,,否,,1.27,1.02,,,62.3077,,
711489,長科*台新61購01,2026-09-01,1.04,-0.01,-0.95,69000000,0,,否,,1.07,,,,,,
711490,千附精群益61購03,2026-09-01,1.8,0.08,4.65,230000000,0,,是,,1.33,1.22,,,19.6043,,
711491,亞電群益61購01,2026-09-01,2.53,-0.16,-5.95,14000000,0,,否,,1.58,1.3,,,55.098,,
711492,亞電群益61購02,2026-09-01,2.17,-0.11,-4.82,453000000,0,,否,,1.4,1.14,,,58.6364,,
711493,亞電群益61購03,2026-09-01,3.31,-0.19,-5.43,983000000,0,,否,,2.19,1.78,,,61.7994,,
711495,世界凱基61購02,2026-09-01,0.91,0.1,12.35,100000000,0,,是,,0.99,,,,,,
711496,巨漢凱基61購01,2026-09-01,0.6,0.02,3.45,10000000,0,,,,,,,,,,
711497,系統電凱基61購02,2026-09-01,1.03,0.02,1.98,12000000,0,,否,,1.19,,,,,,
711501,威剛凱基61購05,2026-09-01,1.78,-0.06,-3.26,396000000,0,,是,,1.98,1.96,,,1.6427,,
711502,家登凱基63購01,2026-09-01,2.15,0.47,27.98,61000000,0,,是,,1.7,,,,,,
711503,富喬凱基61購06,2026-09-01,4.68,0.11,2.41,17000000,0,,是,,3.62,2.74,,,96.3164,76.3378,
711504,智通*凱基61購04,2026-09-01,0.67,0.01,1.52,60000000,0,,否,,0.67,,,,,,
711505,順達凱基61購05,2026-09-01,1.76,0.27,18.12,117000000,0,,是,,1.51,,,,,,
711506,群聯凱基61購11,2026-09-01,2.92,-0.1,-3.31,2000000,0,,否,,2.85,2.79,,,4.5421,13.7734,
711507,頎邦凱基61購04,2026-09-01,1.52,0.24,18.75,10000000,0,,否,,1.3,1.12,,,37.7919,,
711508,雙鴻凱基63購03,2026-09-01,6.0,0.95,18.81,79000000,0,,是,,3.81,3.36,,,31.2457,,
711509,千附精元大61購02,2026-09-01,1.58,0.03,1.94,339000000,0,,是,,1.25,1.17,,,16.5428,,
711511,亞電元大61購01,2026-09-01,2.77,-0.14,-4.81,100000000,0,,否,,1.89,1.62,,,39.0855,16.0344,
711512,群聯元大61購18,2026-09-01,1.4,-0.06,-4.11,195000000,0,,否,,1.36,1.33,,,4.9231,,
711513,千附精統一65購01,2026-09-01,0.75,0.03,4.17,214000000,0,,否,,0.58,0.52,,,26.7544,,
711515,亞電統一69購01,2026-09-01,1.07,-0.02,-1.83,132000000,0,,否,,0.81,0.71,,,31.2704,11.9874,
711516,宜鼎統一64購05,2026-09-01,0.82,0.02,2.5,694000000,0,,否,,0.88,0.85,,,6.3107,,
711518,方土昶永豐61購01,2026-09-01,1.6,-0.03,-1.84,16000000,0,,否,,1.84,,,,,,
711519,亞電永豐64購01,2026-09-01,2.65,-0.21,-7.34,8000000,0,,否,,1.84,,,,,,
711520,昇佳電永豐63購01,2026-09-01,0.58,0.0,0.0,7000000,0,,,,,,,,,,
711523,雙鴻永豐64購03,2026-09-01,5.3,0.75,16.48,339000000,0,,是,,3.4,3.2,,,12.9741,,
711524,世界國泰62購04,2026-09-01,0.98,0.06,6.52,111000000,0,,是,,1.03,1.05,,,-3.7313,,
711525,良維國泰62購01,2026-09-01,2.17,0.26,13.61,27000000,0,,否,,1.55,1.45,,,14.3491,,
711526,亞電國泰62購01,2026-09-01,3.74,-0.15,-3.86,22000000,0,,否,,2.39,2.0,,,48.0149,,
711529,千附精富邦61購01,2026-09-01,0.81,0.02,2.53,793000000,0,,是,,0.62,0.58,,,16.5414,,
711530,立碁富邦61購02,2026-09-01,1.84,0.41,28.67,172000000,0,,否,,1.36,1.21,,,26.257,,
711531,宜特富邦63購02,2026-09-01,0.51,0.02,4.08,559000000,0,,是,,0.48,0.51,,,-10.0746,,
711532,宜鼎富邦61購05,2026-09-01,0.92,-0.01,-1.08,533000000,0,,否,,1.02,0.97,,,9.0129,,
711533,朋程富邦63購04,2026-09-01,0.52,0.03,6.12,45000000,0,,否,,0.5,0.49,,,5.4852,,
711534,欣銓富邦61購02,2026-09-01,0.64,0.07,12.28,118000000,0,,否,,0.57,,,,,,
711536,富喬富邦61購03,2026-09-01,1.58,0.07,4.64,188000000,0,,否,,1.18,,,,,,
711538,陽程富邦61購03,2026-09-01,1.79,-0.33,-15.57,33000000,0,,否,,1.65,1.15,,,156.2112,,
711539,群聯富邦63購03,2026-09-01,1.2,-0.03,-2.44,84000000,0,,否,,1.15,1.02,,,30.543,,
711540,營邦富邦62購03,2026-09-01,1.29,0.02,1.57,24000000,0,,否,,1.02,0.94,,,19.6721,,
711542,譜瑞富邦63購02,2026-09-01,0.59,0.01,1.72,5000000,0,,否,,0.58,0.59,,,-3.9735,,
711543,M31國票65購01,2026-09-01,1.74,0.1,6.1,8000000,0,,,,,,,,,,
711546,亞電國票61購01,2026-09-01,5.15,-0.45,-8.04,15000000,0,,否,,3.48,3.29,,,12.1212,,
711549,巨漢群益61購02,2026-09-01,0.97,0.03,3.19,261000000,0,,是,,,,,,,,
711550,群聯群益61購09,2026-09-01,4.73,-0.2,-4.06,88000000,0,,否,,4.66,4.54,,,5.1942,,
711551,千附精國票64購01,2026-09-01,1.94,0.06,3.19,28000000,0,,否,,1.5,,,,,,
711552,立碁國票65購01,2026-09-01,4.84,0.61,14.42,24000000,0,,否,,3.89,,,,,,
711553,亞電國票63購01,2026-09-01,2.96,-0.1,-3.27,32000000,0,,否,,1.97,1.69,,,40.1138,,
711554,亞電國票64購01,2026-09-01,2.75,-0.13,-4.51,316000000,0,,是,,1.77,1.51,,,41.7335,,
711555,宜鼎國票66購01,2026-09-01,1.35,0.01,0.75,39000000,0,,是,,1.4,,,,,,
711556,朋程國票61購01,2026-09-01,1.36,0.05,3.82,7000000,0,,否,,1.38,1.29,,,13.3443,,
711558,頎邦國票66購01,2026-09-01,1.41,0.11,8.46,221000000,0,,是,,1.19,1.07,,,23.2848,,
711561,磐儀國票65購01,2026-09-01,0.85,0.1,13.33,15000000,0,,是,,0.86,,,,,,
711563,亞電台新61購03,2026-09-01,2.27,-0.13,-5.42,150000000,0,,否,,1.5,1.24,,,54.0041,,
711564,青雲台新61購01,2026-09-01,0.93,-0.01,-1.06,183000000,0,,是,,0.73,0.82,,,-21.2581,,
711566,千附精凱基61購04,2026-09-01,2.07,0.12,6.15,141000000,0,,否,,1.59,1.48,,,16.2281,,
711567,世界凱基61購03,2026-09-01,1.44,0.1,7.46,20000000,0,,否,,1.46,1.51,,,-6.2821,,
711568,亞電凱基61購01,2026-09-01,3.26,-0.1,-2.98,28000000,0,,否,,2.09,1.76,,,45.6825,,
711569,泓格凱基61購01,2026-09-01,0.67,0.0,0.0,10000000,0,,否,,0.85,,,,,,
711570,陽程凱基63購03,2026-09-01,4.33,-0.21,-4.63,3000000,0,,否,,3.86,,,,,,
711571,群聯凱基66購02,2026-09-01,2.87,-0.15,-4.97,91000000,0,,否,,2.79,2.73,,,4.7226,,
711573,群聯永豐67購03,2026-09-01,1.59,-0.03,-1.85,75000000,0,,否,,1.56,1.52,,,5.6988,,
711575,元太元大66購04,2026-09-01,1.12,0.06,5.66,470000000,0,,否,,1.17,1.34,,,-22.5764,,
711576,均豪元大61購03,2026-09-01,3.97,0.11,2.85,6000000,0,,否,,3.36,,,,,,
711577,青雲元大61購02,2026-09-01,2.21,-0.04,-1.78,305000000,0,,是,,1.77,1.97,,,-17.9463,,
711579,博智元大61購01,2026-09-01,3.56,0.19,5.64,18000000,0,,否,,2.91,,,,,,
711580,群聯元大61購19,2026-09-01,1.95,-0.08,-3.94,222000000,0,,否,,1.93,1.89,,,4.8913,,
711581,群聯元大63購05,2026-09-01,1.9,-0.09,-4.52,210000000,0,,否,,1.88,1.78,,,12.0381,,
711582,聖暉*元大61購03,2026-09-01,0.38,0.03,8.57,495000000,0,,否,,0.41,0.52,,,-35.1266,,
711583,營邦元大61購03,2026-09-01,2.98,0.27,9.96,210000000,0,,是,,2.26,2.06,,,22.2703,,
711585,雙鴻元大63購03,2026-09-01,2.82,0.33,13.25,17000000,0,,否,,1.88,1.78,,,11.8765,,
711586,千附精國泰62購02,2026-09-01,2.45,0.02,0.82,90000000,0,,否,,2.03,1.72,,,45.0785,,
711587,元太國泰62購01,2026-09-01,0.76,0.07,10.14,62000000,0,,否,,0.81,0.99,,,-30.8874,,
711588,泓格國泰62購01,2026-09-01,0.62,-0.01,-1.59,22000000,0,,否,,0.62,0.92,,,-49.5908,,
711589,能率亞國泰62購01,2026-09-01,2.02,-0.06,-2.88,15000000,0,,否,,1.9,,,,,,
711590,晟田國泰62購01,2026-09-01,1.15,-0.04,-3.36,6000000,0,,否,,1.3,1.23,,,12.6079,,
711591,群聯國泰62購06,2026-09-01,2.54,-0.1,-3.79,75000000,0,,否,,2.45,2.38,,,6.4292,,
711592,雙鴻國泰62購01,2026-09-01,9.6,1.8,23.08,3000000,0,,否,,5.76,,,,,,
711593,禾瑞亞統一67購01,2026-09-01,0.64,0.03,4.92,5000000,0,,否,,0.65,,,,,,
711595,群聯統一66購02,2026-09-01,0.72,-0.03,-4.0,28000000,0,,否,,0.69,,,,,,
711596,M31富邦63購02,2026-09-01,0.96,0.05,5.49,409000000,0,,是,,0.94,0.95,,,-2.6915,,
711597,久元富邦62購02,2026-09-01,0.65,0.07,12.07,2000000,0,,否,,0.59,,,,,,
711599,宏捷科富邦63購01,2026-09-01,0.77,0.07,10.0,1969000000,0,,是,,0.67,0.7,,,-9.5109,,
711600,威剛富邦61購01,2026-09-01,0.76,-0.02,-2.56,51000000,0,,否,,0.84,0.86,,,-2.765,,
711601,茂達富邦63購03,2026-09-01,0.65,0.04,6.56,666000000,0,,是,,0.66,0.66,,,-0.3012,,
711602,頎邦富邦62購01,2026-09-01,0.75,0.08,11.94,882000000,0,,否,,0.61,0.57,,,15.6489,,
711603,頎邦富邦63購02,2026-09-01,0.72,0.08,12.5,2400000000,0,,是,,0.58,0.54,,,16.8,,
711605,世禾凱基61購01,2026-09-01,0.48,0.02,4.35,10000000,0,,否,,0.5,,,,,,
711606,由田凱基61購01,2026-09-01,3.41,0.3,9.65,82000000,0,,是,,2.58,2.0,,,80.6452,,
711607,宜鼎凱基65購01,2026-09-01,2.21,-0.01,-0.45,23000000,0,,否,,2.37,2.29,,,7.337,,
711609,青雲凱基61購02,2026-09-01,1.32,-0.06,-4.35,202000000,0,,否,,1.17,,,,,,
711610,家登凱基61購03,2026-09-01,2.11,0.49,30.25,24000000,0,,否,,,,,,,,
711611,博智凱基63購02,2026-09-01,3.33,0.3,9.9,16000000,0,,否,,2.57,2.24,,,34.4503,,
711612,雙鴻凱基61購08,2026-09-01,4.85,1.11,29.68,69000000,0,,是,,2.73,,,,,,
711613,世界台新61購03,2026-09-01,1.12,0.08,7.69,171000000,0,,是,,1.28,1.41,,,-16.9271,,
711614,台嘉碩台新61購04,2026-09-01,1.65,0.27,19.57,73000000,0,,否,,1.49,1.5,,,-0.9321,,
711615,巨漢台新61購04,2026-09-01,1.03,0.06,6.19,73000000,0,,是,,,,,,,,
711617,M31元大61購02,2026-09-01,1.74,0.02,1.16,23000000,0,,否,,1.91,,,,,,
711618,千附精元大61購03,2026-09-01,0.88,0.04,4.76,1178000000,0,,否,,0.7,0.66,,,14.3791,,
711619,元太元大66購05,2026-09-01,1.03,0.06,6.19,196000000,0,,否,,1.1,1.29,,,-26.245,,
711621,世界元大61購02,2026-09-01,1.34,0.11,8.94,16000000,0,,否,,1.33,1.43,,,-12.5,,
711622,世界元大63購06,2026-09-01,0.87,0.08,10.13,1000000,0,,否,,0.91,0.96,,,-10.0394,,
711624,欣銓元大67購02,2026-09-01,1.88,0.12,6.82,99000000,0,,否,,1.59,1.58,,,1.0152,,
711625,原相元大61購04,2026-09-01,1.39,0.08,6.11,11000000,0,,否,,1.49,,,,,,
711626,家登元大61購06,2026-09-01,1.63,0.34,26.36,386000000,0,,否,,1.28,1.33,,,-6.9869,,
711627,家登元大65購01,2026-09-01,1.6,0.21,15.11,35000000,0,,否,,1.34,1.26,,,13.6054,,
711629,臺慶科元大61購06,2026-09-01,1.39,0.02,1.46,122000000,0,,否,,1.48,1.43,,,7.5362,,
711630,世界群益61購05,2026-09-01,3.85,0.19,5.19,119000000,0,,是,,4.09,4.24,,,-6.873,,
711631,由田群益61購01,2026-09-01,3.59,0.22,6.53,1665000000,0,,是,,3.03,,,,,,
711632,泓格群益61購01,2026-09-01,0.56,-0.04,-6.67,49000000,0,,否,,0.7,0.83,,,-25.9494,,
711634,頎邦群益61購03,2026-09-01,2.13,0.25,13.3,40000000,0,,否,,1.75,1.64,,,14.6405,,
711636,由田國票61購01,2026-09-01,3.29,0.32,10.77,73000000,0,,否,,2.7,2.28,,,44.8498,,
711639,威剛國票64購01,2026-09-01,1.79,-0.03,-1.65,144000000,0,,是,,1.94,1.92,,,2.0021,,
711641,茂綸國票65購01,2026-09-01,0.81,0.02,2.53,44000000,0,,否,,0.89,,,,,,
711644,鈊象國票63購01,2026-09-01,1.12,-0.01,-0.88,640000000,0,,是,,1.46,1.59,,,-15.331,,
711645,精確國票65購01,2026-09-01,0.67,-0.02,-2.9,48000000,0,,否,,,,,,,,
711647,家登富邦63購02,2026-09-01,1.08,0.25,30.12,233000000,0,,是,,0.81,0.72,,,27.4448,,
711650,威剛國泰62購02,2026-09-01,2.45,-0.05,-2.0,23000000,0,,否,,2.61,2.58,,,2.1127,,
711652,順達國泰62購01,2026-09-01,1.56,0.16,11.43,50000000,0,,否,,1.22,1.19,,,5.7093,,
711653,勤凱國泰62購01,2026-09-01,1.38,0.13,10.4,161000000,0,,否,,1.22,1.18,,,7.5571,,
711654,由田統一67購01,2026-09-01,0.98,-0.02,-2.0,391000000,0,,是,,0.87,0.77,,,30.1493,,
711655,由田統一6C購01,2026-09-01,0.97,0.04,4.3,83000000,0,,否,,0.71,,,,,,
711656,立碁統一67購02,2026-09-01,1.1,0.14,14.58,274000000,0,,是,,0.92,0.86,,,13.0864,,
711657,立碁統一69購01,2026-09-01,1.14,0.13,12.87,91000000,0,,否,,0.96,,,,,,
711659,群聯中信61購03,2026-09-01,0.68,-0.01,-1.45,26000000,0,,否,,0.68,,,,,,
711662,世紀*永豐61購02,2026-09-01,7.6,0.45,6.29,38000000,0,,否,,5.8,3.57,,,331.055,,
711663,巨有永豐64購01,2026-09-01,0.99,0.07,7.61,34000000,0,,否,,0.92,,,,,,
711666,艾訊永豐61購02,2026-09-01,0.58,0.03,5.45,103000000,0,,否,,0.67,,,,,,
711668,朋程永豐61購01,2026-09-01,1.16,0.05,4.5,13000000,0,,否,,1.14,,,,,,
711670,原相永豐61購04,2026-09-01,1.87,0.04,2.19,118000000,0,,是,,,,,,,,
711671,家登永豐61購05,2026-09-01,3.38,0.88,35.2,171000000,0,,是,,2.91,,,,,,
711672,振曜永豐64購01,2026-09-01,0.63,0.0,0.0,2000000,0,,否,,0.68,0.69,,,-3.1519,,
711673,博士旺永豐67購01,2026-09-01,1.09,0.09,9.0,9000000,0,,否,,,,,,,,
711674,博智永豐61購03,2026-09-01,3.27,0.15,4.81,12000000,0,,否,,,,,,,,
711675,順達永豐61購03,2026-09-01,1.39,0.2,16.81,39000000,0,,否,,,,,,,,
711676,順達永豐67購02,2026-09-01,2.37,0.21,9.72,57000000,0,,是,,1.81,,,,,,
711680,高技台新61購01,2026-09-01,1.78,0.14,8.54,807000000,0,,否,,1.34,1.3,,,7.3482,,
711681,高技台新61購02,2026-09-01,1.83,0.15,8.93,36000000,0,,否,,1.37,,,,,,
711683,群聯台新61購05,2026-09-01,1.07,-0.05,-4.46,1000000,0,,否,,1.07,,,,,,
711686,雙鴻台新61購02,2026-09-01,1.97,0.58,41.73,2000000,0,,否,,1.16,,,,,,
711689,宜鼎凱基65購02,2026-09-01,1.47,0.02,1.38,4000000,0,,否,,1.62,,,,,,
711691,鈊象凱基61購04,2026-09-01,1.05,-0.09,-7.89,214000000,0,,是,,1.32,,,,,,
711693,世界元大61購03,2026-09-01,1.12,0.08,7.69,6000000,0,,否,,1.1,1.16,,,-11.039,,
711694,世界元大61購04,2026-09-01,0.58,0.05,9.43,751000000,0,,是,,0.72,,,,,,
711696,欣銓元大67購03,2026-09-01,1.32,-0.25,-15.92,347000000,0,,否,,1.45,,,,,,
711697,泓格元大61購01,2026-09-01,0.46,-0.05,-9.8,253000000,0,,否,,0.55,0.7,,,-34.6793,,
711698,家登元大61購07,2026-09-01,1.13,0.17,17.71,1145000000,0,,是,,1.0,0.92,,,20.0957,,
711699,家登元大61購08,2026-09-01,1.33,0.24,22.02,86000000,0,,否,,1.08,0.97,,,26.3403,,
711700,家登元大65購02,2026-09-01,0.97,0.18,22.78,43000000,0,,否,,0.76,0.76,,,1.8667,,
711701,高技元大61購01,2026-09-01,1.69,0.08,4.97,16000000,0,,否,,1.34,,,,,,
711702,博智元大61購02,2026-09-01,2.31,0.06,2.67,1000000,0,,否,,1.79,,,,,,
711703,群聯元大64購09,2026-09-01,2.11,-0.1,-4.52,62000000,0,,否,,2.12,2.04,,,7.8252,,
711706,巨漢國票61購03,2026-09-01,0.79,0.05,6.76,35000000,0,,,,,,,,,,
711707,宏捷科國票64購01,2026-09-01,0.78,0.06,8.33,24000000,0,,否,,0.73,,,,,,
711709,高技國票65購01,2026-09-01,1.37,-0.02,-1.44,70000000,0,,否,,1.12,,,,,,
711710,世界群益61購06,2026-09-01,4.15,0.22,5.6,49000000,0,,否,,4.37,,,,,,
711711,欣銓群益61購02,2026-09-01,1.28,0.06,4.92,153000000,0,,是,,1.25,1.09,,,34.5494,,
711712,威剛群益63購01,2026-09-01,3.35,-0.07,-2.05,54000000,0,,否,,3.55,,,,,,
711713,高技群益61購01,2026-09-01,1.36,0.11,8.8,655000000,0,,否,,1.05,1.01,,,8.2305,,
711714,鈊象群益61購03,2026-09-01,1.01,-0.11,-9.82,135000000,0,,否,,1.21,1.5,,,-32.3991,,
711715,群聯群益65購02,2026-09-01,2.26,-0.14,-5.83,15000000,0,,否,,2.21,2.02,,,20.3482,,
711716,頎邦群益61購04,2026-09-01,1.09,0.12,12.37,39000000,0,,是,,0.87,0.81,,,16.0428,,
711718,營邦群益61購01,2026-09-01,2.09,0.31,17.42,592000000,0,,是,,1.53,1.31,,,40.7749,,
711719,雙鴻群益61購04,2026-09-01,3.44,0.94,37.6,46000000,0,,否,,2.08,,,,,,
711720,宜鼎中信61購04,2026-09-01,0.81,0.01,1.25,60000000,0,,否,,0.88,,,,,,
711721,威剛中信61購02,2026-09-01,0.61,-0.01,-1.61,809000000,0,,是,,0.65,0.67,,,-4.4118,,
711723,元太永豐61購06,2026-09-01,0.84,0.1,13.51,25000000,0,,否,,1.04,,,,,,
711725,由田永豐61購01,2026-09-01,1.92,0.02,1.05,361000000,0,,是,,1.61,1.36,,,44.5242,,
711727,原相永豐61購05,2026-09-01,1.04,0.07,7.22,58000000,0,,否,,,,,,,,
711728,順達永豐61購04,2026-09-01,0.93,0.08,9.41,54000000,0,,是,,0.7,,,,,,
711729,順達永豐61購05,2026-09-01,1.06,0.11,11.58,24000000,0,,,,,,,,,,
711730,群翊永豐61購02,2026-09-01,1.36,0.17,14.29,43000000,0,,是,,1.25,,,,,,
711732,精華永豐61購01,2026-09-01,0.6,0.0,0.0,3000000,0,,否,,0.6,,,,,,
711733,臺慶科永豐61購01,2026-09-01,1.28,-0.1,-7.25,2000000,0,,否,,1.22,1.27,,,-7.0122,,
711735,原相國泰62購01,2026-09-01,1.31,0.09,7.38,8000000,0,,否,,1.39,,,,,,
711736,雙鴻國泰62購02,2026-09-01,5.55,1.37,32.78,33000000,0,,否,,3.21,,,,,,
711737,由田統一65購01,2026-09-01,1.21,0.06,5.22,1939000000,0,,是,,1.05,,,,,,
711738,宏捷科統一65購01,2026-09-01,0.61,0.07,12.96,816000000,0,,否,,0.53,0.56,,,-11.1111,,
711740,茂訊統一65購01,2026-09-01,0.56,0.01,1.82,57000000,0,,否,,0.64,,,,,,
711741,高技統一67購01,2026-09-01,0.74,0.05,7.25,803000000,0,,是,,0.63,,,,,,
711742,高技統一69購01,2026-09-01,0.7,-0.01,-1.41,502000000,0,,是,,0.65,0.61,,,12.5,,
711743,高技統一6C購01,2026-09-01,0.71,-0.02,-2.74,49000000,0,,否,,0.66,,,,,,
711744,博智統一65購02,2026-09-01,0.95,0.02,2.15,424000000,0,,否,,0.74,,,,,,
711745,聖暉*統一65購04,2026-09-01,0.31,0.01,3.33,5000000,0,,否,,0.34,,,,,,
711747,敘豐台新61購01,2026-09-01,0.86,0.04,4.88,11000000,0,,否,,0.95,,,,,,
711748,博士旺台新61購02,2026-09-01,2.02,0.53,35.57,4000000,0,,,,,,,,,,
711749,群聯台新61購08,2026-09-01,7.55,-0.4,-5.03,75000000,0,,否,,7.38,7.16,,,6.3707,,
711750,群聯台新63購01,2026-09-01,6.45,-0.6,-8.51,30000000,0,,是,,6.47,5.94,,,19.6376,,
711751,群聯台新64購01,2026-09-01,6.75,-0.35,-4.93,45000000,0,,是,,6.53,6.35,,,5.7319,,
711752,雙鴻台新61購03,2026-09-01,14.6,2.9,24.79,16000000,0,,否,,8.11,,,,,,
711753,雙鴻台新63購01,2026-09-01,12.1,1.9,18.63,19000000,0,,否,,7.46,,,,,,
711756,威剛凱基61購07,2026-09-01,2.47,-0.04,-1.59,15000000,0,,否,,2.65,2.68,,,-1.8491,,
711757,家登凱基61購04,2026-09-01,1.35,0.38,39.18,81000000,0,,否,,0.99,,,,,,
711758,高技凱基61購01,2026-09-01,1.7,0.19,12.58,52000000,0,,否,,1.36,1.2,,,29.771,,
711759,博智凱基61購02,2026-09-01,2.22,0.03,1.37,59000000,0,,否,,1.63,1.47,,,25.3456,,
711762,雙鴻凱基61購09,2026-09-01,3.66,0.76,26.21,175000000,0,,否,,2.09,,,,,,
711764,天正國票68購01,2026-09-01,0.77,0.09,13.24,429000000,0,,,,,,,,,,
711765,好德國票61購01,2026-09-01,0.55,0.04,7.84,5000000,0,,否,,0.54,0.59,,,-14.7799,,
711767,振發國票65購01,2026-09-01,0.86,-0.02,-2.27,34000000,0,,是,,0.75,,,,,,
711768,富喬國票61購02,2026-09-01,5.5,-0.1,-1.79,3000000,0,,否,,3.67,,,,,,
711769,富喬國票63購01,2026-09-01,5.65,-0.4,-6.61,44000000,0,,否,,4.4,3.36,,,89.08,,
711770,達航國票65購01,2026-09-01,0.79,0.02,2.6,70000000,0,,是,,0.68,,,,,,
711777,博士旺群益61購01,2026-09-01,2.48,0.43,20.98,357000000,0,,是,,1.65,,,,,,
711778,臺慶科群益61購02,2026-09-01,1.05,-0.08,-7.08,41000000,0,,否,,1.03,,,,,,
711779,蜜望實群益61購01,2026-09-01,1.26,0.09,7.69,70000000,0,,否,,1.19,,,,,,
711782,元太元大65購04,2026-09-01,0.83,-0.04,-4.6,260000000,0,,否,,0.92,,,,,,
711783,立碁元大61購01,2026-09-01,2.27,0.5,28.25,31000000,0,,否,,1.72,1.54,,,26.5487,,
711784,艾訊元大61購02,2026-09-01,0.57,0.02,3.64,55000000,0,,否,,0.7,0.74,,,-10.4859,,
711787,群聯元大64購10,2026-09-01,2.27,-0.09,-3.81,88000000,0,,否,,2.29,2.21,,,7.1228,,
711788,頎邦元大64購01,2026-09-01,0.63,-0.03,-4.55,35000000,0,,,,,,,,,,
711789,蜜望實元大61購01,2026-09-01,1.48,0.08,5.71,50000000,0,,否,,1.48,,,,,,
711790,磐儀元大61購01,2026-09-01,0.72,0.11,18.03,15000000,0,,否,,0.91,,,,,,
711791,營邦元大61購04,2026-09-01,1.14,0.11,10.68,179000000,0,,否,,0.85,0.77,,,24.1279,,
711792,大學光永豐61購01,2026-09-01,0.76,0.01,1.33,116000000,0,,否,,0.82,,,,,,
711793,立碁永豐61購02,2026-09-01,2.35,0.35,17.5,7000000,0,,否,,1.84,,,,,,
711794,全宇昕永豐61購02,2026-09-01,1.26,0.18,16.67,122000000,0,,是,,1.06,,,,,,
711795,伯特光永豐61購01,2026-09-01,0.79,0.0,0.0,108000000,0,,否,,0.8,,,,,,
711797,宜鼎永豐61購04,2026-09-01,1.29,-0.03,-2.27,57000000,0,,否,,1.4,,,,,,
711798,泓格永豐64購01,2026-09-01,0.47,-0.01,-2.08,10000000,0,,否,,,,,,,,
711800,高技永豐61購01,2026-09-01,1.19,0.08,7.21,143000000,0,,否,,0.92,0.88,,,10.5769,,
711801,高技永豐61購02,2026-09-01,1.23,0.02,1.65,157000000,0,,否,,0.95,,,,,,
711802,高技永豐63購01,2026-09-01,1.25,0.1,8.7,136000000,0,,否,,1.01,,,,,,
711803,高技永豐67購01,2026-09-01,1.77,0.06,3.51,104000000,0,,否,,1.51,,,,,,
711805,凱崴永豐61購02,2026-09-01,1.84,0.08,4.55,97000000,0,,是,,1.54,,,,,,
711806,富喬永豐61購04,2026-09-01,4.01,0.11,2.82,5000000,0,,否,,3.15,,,,,,
711810,僑威永豐61購01,2026-09-01,0.59,0.0,0.0,10000000,0,,否,,0.65,,,,,,
711812,蜜望實永豐61購03,2026-09-01,0.88,-0.01,-1.12,158000000,0,,是,,0.87,0.84,,,7.9404,,
711818,安勤富邦63購01,2026-09-01,0.3,-0.01,-3.23,37000000,0,,否,,0.34,,,,,,
711819,宜鼎富邦67購01,2026-09-01,0.91,0.02,2.25,66000000,0,,否,,0.98,0.93,,,10.1351,,
711821,蜜望實富邦63購01,2026-09-01,0.62,0.03,5.08,1072000000,0,,是,,0.56,0.58,,,-7.5658,,
711822,艾訊統一6C購01,2026-09-01,0.45,0.01,2.27,10000000,0,,,,,,,,,,
711823,泓格統一6B購01,2026-09-01,0.43,-0.01,-2.27,20000000,0,,否,,,,,,,,
711826,蜜望實統一65購01,2026-09-01,0.5,0.01,2.04,96000000,0,,是,,,,,,,,
711829,泓格群益61購02,2026-09-01,0.9,-0.07,-7.22,49000000,0,,,,,,,,,,
711833,天品國票63購01,2026-09-01,0.62,0.0,0.0,37000000,0,,否,,0.74,,,,,,
711834,方土昶國票65購01,2026-09-01,1.05,-0.01,-0.94,104000000,0,,否,,1.14,,,,,,
711836,倚強國票61購01,2026-09-01,2.2,-0.17,-7.17,160000000,0,,是,,1.63,,,,,,
711838,雙鴻國票66購01,2026-09-01,1.88,0.4,27.03,7000000,0,,否,,1.18,,,,,,
711839,穩得國票61購01,2026-09-01,1.78,-0.04,-2.2,169000000,0,,是,,1.75,,,,,,
711846,東洋永豐61購01,2026-09-01,0.73,0.0,0.0,1000000,0,,否,,0.78,,,,,,
711849,頎邦永豐63購01,2026-09-01,1.39,0.08,6.11,70000000,0,,否,,1.2,1.05,,,33.4812,,
711851,雙鴻永豐61購06,2026-09-01,2.76,0.75,37.31,7000000,0,,否,,1.81,,,,,,
711852,中美晶元大63購04,2026-09-01,0.83,0.03,3.75,254000000,0,,否,,0.95,,,,,,
711853,中美晶元大67購01,2026-09-01,0.5,0.02,4.17,504000000,0,,是,,0.5,0.49,,,5.0209,,
711855,艾訊元大61購03,2026-09-01,0.67,0.03,4.69,677000000,0,,是,,0.71,0.79,,,-18.7643,,
711856,欣銓元大65購01,2026-09-01,1.59,0.11,7.43,279000000,0,,是,,1.33,1.33,,,-0.4491,,
711857,泓格元大67購01,2026-09-01,0.81,0.01,1.25,254000000,0,,否,,0.88,,,,,,
711858,晟田元大61購04,2026-09-01,1.22,-0.1,-7.58,5000000,0,,否,,1.45,,,,,,
711859,順達元大63購02,2026-09-01,1.66,0.13,8.5,823000000,0,,是,,1.38,1.29,,,15.3589,,
711860,群聯元大64購11,2026-09-01,1.59,-0.03,-1.85,55000000,0,,否,,1.56,1.5,,,8.484,,
711861,廣積元大61購01,2026-09-01,0.59,0.0,0.0,150000000,0,,否,,0.82,,,,,,
711862,雙鴻元大61購17,2026-09-01,3.77,0.84,28.67,193000000,0,,否,,2.4,2.12,,,30.0434,,
711863,雙鴻元大61購18,2026-09-01,2.16,0.42,24.14,563000000,0,,否,,1.28,1.17,,,20.7939,,
711864,雙鴻元大63購04,2026-09-01,1.22,0.27,28.42,257000000,0,,否,,0.77,,,,,,
711865,中美晶台新65購01,2026-09-01,0.82,0.06,7.89,15000000,0,,否,,,,,,,,
711867,群聯台新61購09,2026-09-01,2.46,-0.09,-3.53,12000000,0,,否,,2.55,,,,,,
711868,頎邦台新61購07,2026-09-01,2.26,0.31,15.9,131000000,0,,否,,1.78,1.62,,,21.3896,,
711869,蜜望實台新61購01,2026-09-01,1.64,0.08,5.13,158000000,0,,是,,1.52,1.55,,,-4.1719,,
711870,廣積台新61購01,2026-09-01,1.1,0.01,0.92,50000000,0,,否,,1.43,,,,,,
711871,中美晶凱基61購11,2026-09-01,0.85,0.05,6.25,18000000,0,,否,,0.94,,,,,,
711873,元太凱基66購01,2026-09-01,1.15,0.04,3.6,156000000,0,,否,,1.23,,,,,,
711874,立碁凱基61購01,2026-09-01,1.8,0.46,34.33,565000000,0,,是,,,,,,,,
711875,宜鼎凱基61購06,2026-09-01,1.54,0.04,2.67,256000000,0,,否,,1.72,1.64,,,10.1412,,
711876,宜鼎凱基63購01,2026-09-01,1.57,-0.04,-2.48,46000000,0,,否,,1.75,,,,,,
711877,富喬凱基61購07,2026-09-01,6.05,-0.35,-5.47,21000000,0,,否,,4.74,,,,,,
711878,頎邦凱基61購06,2026-09-01,2.13,0.22,11.52,398000000,0,,否,,1.73,,,,,,
711880,營邦凱基61購04,2026-09-01,2.6,0.42,19.27,188000000,0,,否,,1.69,1.58,,,14.7897,,
711883,立碁國泰63購01,2026-09-01,3.53,0.59,20.07,127000000,0,,否,,2.66,,,,,,
711885,富喬國泰63購01,2026-09-01,4.78,0.43,9.89,6000000,0,,否,,3.43,,,,,,
711887,智通*國泰63購01,2026-09-01,1.25,0.01,0.81,48000000,0,,否,,1.21,,,,,,
711889,中美晶富邦63購02,2026-09-01,0.77,0.05,6.94,5000000,0,,否,,0.79,,,,,,
711890,中美晶富邦67購01,2026-09-01,0.64,0.04,6.67,10000000,0,,否,,0.63,,,,,,
711891,中美晶富邦77購01,2026-09-01,0.86,0.03,3.61,5000000,0,,否,,0.85,,,,,,
711892,世界富邦61購04,2026-09-01,0.45,0.03,7.14,96000000,0,,否,,0.46,0.52,,,-20.8333,,
711893,世界富邦67購01,2026-09-01,0.65,0.02,3.17,9000000,0,,否,,0.68,,,,,,
711894,高技富邦63購01,2026-09-01,0.93,0.06,6.9,2883000000,0,,是,,0.72,0.68,,,12.4224,,
711896,高技統一67購02,2026-09-01,0.83,0.01,1.22,91000000,0,,否,,0.71,,,,,,
711897,蜜望實統一67購01,2026-09-01,0.65,0.03,4.84,72000000,0,,否,,0.61,,,,,,
711899,中美晶群益61購03,2026-09-01,1.28,0.08,6.67,28000000,0,,否,,1.42,,,,,,
711900,元太群益61購01,2026-09-01,1.53,-0.02,-1.29,20000000,0,,否,,1.72,,,,,,
711901,高技群益61購02,2026-09-01,2.22,0.17,8.29,1481000000,0,,是,,1.73,,,,,,
711904,雙鴻群益61購05,2026-09-01,2.81,0.84,42.64,166000000,0,,否,,1.64,,,,,,
711906,中美晶凱基61購12,2026-09-01,1.3,0.13,11.11,110000000,0,,否,,1.32,,,,,,
711907,立碁凱基61購02,2026-09-01,1.68,0.26,18.31,3000000,0,,否,,1.36,,,,,,
711909,欣銓凱基65購01,2026-09-01,1.55,0.12,8.39,128000000,0,,否,,1.36,,,,,,
711910,泓格凱基61購02,2026-09-01,0.9,0.02,2.27,12000000,0,,,,,,,,,,
711911,威剛凱基63購01,2026-09-01,1.41,-0.05,-3.42,106000000,0,,是,,1.64,,,,,,
711912,振發凱基61購01,2026-09-01,2.26,-0.05,-2.16,15000000,0,,否,,1.89,,,,,,
711914,順達凱基63購02,2026-09-01,1.88,0.19,11.24,80000000,0,,是,,1.39,1.47,,,-10.0906,,
711916,M31台新67購01,2026-09-01,1.82,0.0,0.0,23000000,0,,否,,1.77,,,,,,
711917,世界台新61購04,2026-09-01,1.31,0.08,6.5,62000000,0,,否,,1.31,,,,,,
711921,中美晶元大61購10,2026-09-01,1.01,0.07,7.45,151000000,0,,否,,1.01,1.0,,,1.2024,,
711922,中美晶元大67購02,2026-09-01,0.56,0.04,7.69,208000000,0,,是,,0.56,,,,,,
711923,立碁元大61購02,2026-09-01,1.8,0.38,26.76,11000000,0,,否,,1.28,1.2,,,13.879,,
711924,宜鼎元大61購11,2026-09-01,1.44,0.04,2.86,856000000,0,,是,,1.58,1.52,,,8.0933,,
711926,威剛元大61購07,2026-09-01,2.0,-0.02,-0.99,79000000,0,,否,,2.11,2.1,,,1.2464,,
711927,鈊象元大61購02,2026-09-01,1.12,-0.05,-4.27,258000000,0,,否,,1.26,1.65,,,-38.2958,,
711928,群聯元大61購21,2026-09-01,1.57,-0.08,-4.85,92000000,0,,否,,1.56,1.51,,,7.5758,,
711929,群聯元大63購06,2026-09-01,1.45,-0.07,-4.61,159000000,0,,否,,1.46,,,,,,
711930,中美晶永豐64購04,2026-09-01,1.41,0.11,8.46,15000000,0,,否,,1.38,,,,,,
711931,世界永豐64購01,2026-09-01,1.37,0.05,3.79,4000000,0,,否,,1.41,,,,,,
711932,宜鼎永豐61購05,2026-09-01,1.5,-0.01,-0.66,150000000,0,,否,,1.7,,,,,,
711937,立碁國票64購01,2026-09-01,1.63,0.32,24.43,61000000,0,,否,,1.29,,,,,,
711940,陽程國票61購03,2026-09-01,4.25,-0.58,-12.01,196000000,0,,是,,2.34,,,,,,
711941,頎邦國票63購01,2026-09-01,1.65,0.13,8.55,20000000,0,,,,,,,,,,
711944,晟田國泰63購01,2026-09-01,1.11,-0.01,-0.89,35000000,0,,否,,1.17,1.2,,,-4.4118,,
711945,立碁富邦61購03,2026-09-01,0.98,0.2,25.64,482000000,0,,否,,0.77,,,,,,
711946,威剛富邦64購02,2026-09-01,0.72,-0.02,-2.7,269000000,0,,是,,0.78,,,,,,
711947,頎邦統一6A購01,2026-09-01,0.95,0.06,6.74,62000000,0,,否,,0.83,,,,,,
711949,正德國票62購01,2026-09-01,1.22,-0.08,-6.15,8000000,0,,否,,1.42,1.3,,,21.0884,,
711950,威剛國票62購03,2026-09-01,1.58,-0.02,-1.25,142000000,0,,否,,1.72,,,,,,
711951,美達國票62購01,2026-09-01,1.19,0.14,13.33,75000000,0,,,,,,,,,,
711952,森鉅國票67購01,2026-09-01,0.86,-0.02,-2.27,10000000,0,,,,,,,,,,
711953,群聯國票62購02,2026-09-01,1.48,-0.06,-3.9,30000000,0,,是,,1.56,,,,,,
711959,宜鼎國泰63購01,2026-09-01,2.88,0.08,2.86,123000000,0,,否,,3.13,,,,,,
711963,群聯富邦63購06,2026-09-01,1.57,-0.01,-0.63,30000000,0,,否,,1.5,,,,,,
711966,雙鴻富邦63購04,2026-09-01,2.06,0.49,31.21,164000000,0,,否,,1.33,,,,,,
711967,M31台新62購02,2026-09-01,1.67,0.16,10.6,10000000,0,,否,,,,,,,,
711969,元太凱基65購01,2026-09-01,1.28,0.07,5.79,51000000,0,,否,,1.32,,,,,,
711971,威剛凱基63購02,2026-09-01,2.46,-0.03,-1.2,28000000,0,,否,,2.61,,,,,,
711972,高技凱基62購01,2026-09-01,3.0,0.05,1.69,35000000,0,,否,,2.41,2.31,,,8.8608,,
711973,富喬凱基62購02,2026-09-01,8.15,0.25,3.16,7000000,0,,是,,4.69,,,,,,
711975,頎邦凱基63購02,2026-09-01,3.2,0.16,5.26,1000000,0,,否,,2.76,,,,,,
711976,廣積凱基62購01,2026-09-01,0.9,0.02,2.27,4000000,0,,,,,,,,,,
711977,磐儀凱基62購01,2026-09-01,1.4,0.3,27.27,10000000,0,,否,,1.47,,,,,,
711978,雙鴻凱基62購01,2026-09-01,6.35,1.15,22.12,36000000,0,,否,,3.58,,,,,,
711979,M31元大62購01,2026-09-01,1.3,-0.06,-4.41,16000000,0,,否,,1.5,,,,,,
711980,M31元大65購01,2026-09-01,0.99,0.02,2.06,291000000,0,,否,,1.07,,,,,,
711981,巨漢元大62購01,2026-09-01,1.43,0.09,6.72,14000000,0,,否,,1.42,,,,,,
711982,良維元大62購01,2026-09-01,1.99,0.18,9.94,42000000,0,,否,,1.54,1.47,,,9.3883,,
711983,威剛元大62購03,2026-09-01,2.25,-0.04,-1.75,184000000,0,,否,,2.38,2.39,,,-0.7519,,
711984,博智元大62購01,2026-09-01,3.81,0.18,4.96,17000000,0,,否,,3.03,,,,,,
711986,鈊象元大62購05,2026-09-01,0.93,-0.07,-7.0,587000000,0,,是,,1.1,,,,,,
711987,鈊象元大62購06,2026-09-01,1.59,-0.04,-2.45,51000000,0,,否,,1.74,,,,,,
711988,群聯元大62購04,2026-09-01,2.26,-0.09,-3.83,68000000,0,,否,,2.21,,,,,,
711994,新應材群益62購01,2026-09-01,1.69,0.19,12.67,7000000,0,,否,,1.82,,,,,,
711995,中美晶台新62購01,2026-09-01,1.16,0.09,8.41,1069000000,0,,否,,1.14,,,,,,
711999,倉和台新68購01,2026-09-01,4.06,0.71,21.19,1000000,0,,否,,,,,,,,
712000,臺慶科台新62購01,2026-09-01,2.1,-0.18,-7.89,30000000,0,,否,,2.13,,,,,,
712002,中美晶凱基63購04,2026-09-01,1.98,0.15,8.2,142000000,0,,否,,1.97,,,,,,
712003,巨漢凱基63購01,2026-09-01,1.68,0.11,7.01,11000000,0,,否,,,,,,,,
712004,良維凱基63購01,2026-09-01,2.6,0.17,7.0,20000000,0,,否,,1.94,,,,,,
712005,博智凱基63購03,2026-09-01,3.5,0.17,5.11,4000000,0,,否,,2.71,,,,,,
712008,群聯凱基63購04,2026-09-01,3.5,-0.1,-2.78,40000000,0,,否,,3.5,,,,,,
712011,世紀*國票66購01,2026-09-01,6.85,-0.15,-2.14,256000000,0,,否,,5.31,,,,,,
712012,光焱國票66購01,2026-09-01,0.84,0.08,10.53,5000000,0,,,,,,,,,,
712013,光焱國票68購01,2026-09-01,1.36,0.2,17.24,183000000,0,,否,,1.12,,,,,,
712014,沛亨國票66購01,2026-09-01,1.87,0.2,11.98,4000000,0,,否,,,,,,,,
712016,順達國票65購02,2026-09-01,1.96,0.16,8.89,138000000,0,,否,,1.69,,,,,,
712017,臺慶科國票64購01,2026-09-01,1.49,0.03,2.05,10000000,0,,否,,,,,,,,
712019,中美晶元大64購03,2026-09-01,0.71,0.05,7.58,23000000,0,,否,,0.71,,,,,,
712020,均華元大64購01,2026-09-01,2.75,-0.09,-3.17,321000000,0,,是,,2.38,,,,,,
712021,均豪元大64購03,2026-09-01,1.6,0.11,7.38,13000000,0,,否,,1.36,,,,,,
712024,良維元大64購01,2026-09-01,1.41,0.12,9.3,556000000,0,,否,,1.12,,,,,,
712025,宜鼎元大64購01,2026-09-01,1.59,0.04,2.58,396000000,0,,是,,1.69,,,,,,
712027,鈊象元大63購06,2026-09-01,1.32,-0.07,-5.04,106000000,0,,是,,1.43,,,,,,
712028,鈊象元大63購07,2026-09-01,0.98,-0.04,-3.92,588000000,0,,是,,1.08,,,,,,
712029,鈊象元大64購03,2026-09-01,0.71,0.02,2.9,293000000,0,,是,,0.77,,,,,,
712030,新應材元大63購01,2026-09-01,2.37,0.18,8.22,52000000,0,,否,,2.21,,,,,,
712031,新應材元大63購02,2026-09-01,2.21,0.19,9.41,144000000,0,,是,,2.06,,,,,,
712033,新應材元大64購01,2026-09-01,2.29,0.14,6.51,24000000,0,,否,,2.13,,,,,,
712034,群聯元大63購07,2026-09-01,2.26,-0.13,-5.44,39000000,0,,否,,2.26,,,,,,
712035,群聯元大63購08,2026-09-01,2.68,-0.12,-4.29,20000000,0,,否,,2.65,,,,,,
712036,群聯元大64購12,2026-09-01,1.6,-0.04,-2.44,286000000,0,,是,,1.6,,,,,,
712037,威剛國泰63購01,2026-09-01,1.99,-0.02,-1.0,15000000,0,,否,,2.19,,,,,,
712038,聖暉*國泰63購01,2026-09-01,0.98,0.06,6.52,194000000,0,,否,,0.97,,,,,,
712039,M31富邦65購01,2026-09-01,0.8,0.05,6.67,26000000,0,,否,,0.85,,,,,,
712043,宏捷科國票69購01,2026-09-01,1.1,0.05,4.76,82000000,0,,是,,,,,,,,
712044,高技國票65購02,2026-09-01,2.03,0.11,5.73,236000000,0,,否,,1.65,,,,,,
712045,博磊國票66購01,2026-09-01,1.09,0.12,12.37,26000000,0,,否,,0.96,,,,,,
712046,竑騰群益62購01,2026-09-01,3.03,-0.07,-2.26,15000000,0,,否,,,,,,,,
712047,順達群益62購01,2026-09-01,2.97,0.05,1.71,20000000,0,,否,,2.24,,,,,,
712048,新應材群益62購02,2026-09-01,1.56,0.09,6.12,67000000,0,,否,,1.69,,,,,,
712051,營邦群益62購02,2026-09-01,4.01,0.34,9.26,113000000,0,,否,,2.98,,,,,,
712053,宜鼎元大63購05,2026-09-01,1.79,0.02,1.13,94000000,0,,否,,1.91,,,,,,
712054,宜鼎元大64購02,2026-09-01,1.52,0.04,2.7,488000000,0,,否,,1.64,,,,,,
712055,威剛元大63購01,2026-09-01,1.87,-0.01,-0.53,110000000,0,,否,,1.99,,,,,,
712056,威剛元大64購02,2026-09-01,1.61,-0.02,-1.23,105000000,0,,否,,1.69,,,,,,
712057,倉和元大63購01,2026-09-01,3.77,0.77,25.67,8000000,0,,否,,3.04,,,,,,
712058,高技元大63購01,2026-09-01,3.09,0.12,4.04,68000000,0,,否,,2.53,,,,,,
712062,群聯元大63購09,2026-09-01,2.17,-0.08,-3.56,32000000,0,,否,,2.15,,,,,,
712063,蜜望實元大63購01,2026-09-01,0.93,0.03,3.33,529000000,0,,否,,0.89,,,,,,
712064,廣穎元大63購01,2026-09-01,0.94,-0.03,-3.09,266000000,0,,否,,0.98,,,,,,
712065,雙鴻元大63購05,2026-09-01,5.1,1.09,27.18,22000000,0,,否,,3.39,,,,,,
712066,雙鴻元大63購06,2026-09-01,2.43,0.6,32.79,273000000,0,,否,,1.48,,,,,,
712067,雙鴻元大64購03,2026-09-01,1.8,0.25,16.13,576000000,0,,否,,1.14,,,,,,
712068,均華國泰63購01,2026-09-01,4.82,0.07,1.47,18000000,0,,否,,3.88,,,,,,
712072,鈊象國泰63購01,2026-09-01,1.4,-0.01,-0.71,43000000,0,,是,,1.83,,,,,,
712073,新應材國泰63購01,2026-09-01,2.89,0.29,11.15,8000000,0,,否,,2.74,,,,,,
712074,營邦國泰63購01,2026-09-01,4.17,0.64,18.13,110000000,0,,否,,3.1,,,,,,
712075,新應材中信62購01,2026-09-01,1.18,0.16,15.69,112000000,0,,否,,1.07,,,,,,
712076,竑騰永豐63購01,2026-09-01,2.21,0.08,3.76,143000000,0,,否,,2.46,,,,,,
712077,博磊永豐63購01,2026-09-01,1.55,0.11,7.64,42000000,0,,是,,1.43,,,,,,
712079,新應材永豐68購01,2026-09-01,0.87,0.06,7.41,101000000,0,,是,,0.85,,,,,,
712080,新應材永豐68購02,2026-09-01,0.95,0.05,5.56,170000000,0,,是,,0.95,,,,,,
712082,群聯永豐64購11,2026-09-01,2.32,-0.14,-5.69,130000000,0,,是,,2.41,,,,,,
712083,均華凱基64購01,2026-09-01,3.44,0.11,3.3,349000000,0,,是,,2.72,,,,,,
712084,沛亨凱基63購01,2026-09-01,2.7,0.37,15.88,175000000,0,,否,,2.21,,,,,,
712085,宜鼎凱基68購01,2026-09-01,2.8,-0.02,-0.71,288000000,0,,是,,3.05,,,,,,
712086,新應材凱基63購01,2026-09-01,1.84,0.06,3.37,72000000,0,,否,,1.72,,,,,,
712087,新應材凱基63購02,2026-09-01,2.68,0.25,10.29,69000000,0,,是,,2.72,,,,,,
712088,新應材凱基63購03,2026-09-01,2.9,0.32,12.4,31000000,0,,否,,2.7,,,,,,
712089,新應材凱基64購01,2026-09-01,2.64,0.27,11.39,19000000,0,,否,,2.46,,,,,,
712090,群聯凱基63購05,2026-09-01,4.23,-0.19,-4.3,235000000,0,,是,,4.31,,,,,,
712093,譜瑞凱基63購01,2026-09-01,1.81,0.0,0.0,235000000,0,,是,,1.76,,,,,,
712094,世界台新65購01,2026-09-01,2.14,0.17,8.63,65000000,0,,否,,2.07,,,,,,
712096,均華台新62購01,2026-09-01,3.09,0.3,10.75,2000000,0,,否,,2.26,,,,,,
712098,宜鼎台新62購03,2026-09-01,2.23,-0.02,-0.89,10000000,0,,否,,2.43,,,,,,
712099,竑騰台新62購01,2026-09-01,2.49,0.0,0.0,3000000,0,,否,,2.82,,,,,,
712101,國眾台新65購01,2026-09-01,1.4,-0.01,-0.71,13000000,0,,否,,,,,,,,
712102,博磊台新62購01,2026-09-01,1.71,0.21,14.0,511000000,0,,是,,1.64,,,,,,
712103,群聯台新68購01,2026-09-01,3.66,-0.14,-3.68,6000000,0,,否,,3.6,,,,,,
712104,聚和台新62購01,2026-09-01,1.49,0.0,0.0,8000000,0,,否,,1.52,,,,,,
712105,營邦台新62購01,2026-09-01,2.2,-0.06,-2.65,9000000,0,,否,,1.72,,,,,,
712106,營邦台新62購02,2026-09-01,2.54,0.08,3.25,9000000,0,,否,,1.93,,,,,,
712107,營邦台新65購01,2026-09-01,2.77,0.13,4.92,38000000,0,,否,,2.2,,,,,,
712108,均華富邦63購01,2026-09-01,1.73,0.07,4.22,119000000,0,,否,,1.37,,,,,,
712109,宜鼎富邦62購01,2026-09-01,1.23,-0.02,-1.6,305000000,0,,否,,1.37,,,,,,
712110,家登富邦64購01,2026-09-01,1.49,0.25,20.16,30000000,0,,是,,1.14,,,,,,
712112,順達富邦63購02,2026-09-01,1.41,0.04,2.92,96000000,0,,否,,1.05,,,,,,
712113,新應材富邦63購03,2026-09-01,1.1,0.05,4.76,79000000,0,,否,,1.07,,,,,,
712114,新應材富邦64購01,2026-09-01,0.97,0.02,2.11,8000000,0,,否,,1.0,,,,,,
712116,新應材統一71購01,2026-09-01,0.89,0.02,2.3,257000000,0,,是,,0.87,,,,,,
712117,新應材統一71購02,2026-09-01,0.88,0.02,2.33,17000000,0,,否,,0.87,,,,,,
712118,群聯統一6A購01,2026-09-01,1.14,-0.02,-1.72,30000000,0,,否,,1.12,,,,,,
712120,系統電國票67購01,2026-09-01,0.92,-0.02,-2.13,30000000,0,,是,,0.98,,,,,,
712122,松上國票65購01,2026-09-01,0.78,-0.02,-2.5,200000000,0,,是,,,,,,,,
712124,能率國票65購01,2026-09-01,1.48,-0.06,-3.9,17000000,0,,是,,1.52,,,,,,
712125,華景電國票65購02,2026-09-01,1.46,0.16,12.31,14000000,0,,,,,,,,,,
712126,順達國票67購01,2026-09-01,2.2,0.15,7.32,244000000,0,,是,,2.01,,,,,,
712130,新應材台新62購01,2026-09-01,1.61,0.08,5.23,4000000,0,,否,,1.79,,,,,,
712131,新應材台新62購02,2026-09-01,2.98,0.31,11.61,65000000,0,,是,,2.8,,,,,,
712133,中美晶元大64購04,2026-09-01,1.6,0.09,5.96,215000000,0,,否,,1.61,,,,,,
712134,台特化元大64購01,2026-09-01,1.55,0.12,8.39,98000000,0,,是,,1.6,,,,,,
712136,廣積元大63購04,2026-09-01,2.41,0.01,0.42,50000000,0,,否,,2.82,,,,,,
712137,營邦元大64購01,2026-09-01,2.39,0.15,6.7,17000000,0,,否,,1.92,,,,,,
712138,中美晶中信62購01,2026-09-01,0.8,0.03,3.9,1000000,0,,否,,0.84,,,,,,
712139,富喬中信64購01,2026-09-01,2.59,0.04,1.57,30000000,0,,否,,2.11,,,,,,
712142,宜鼎永豐63購05,2026-09-01,1.97,-0.05,-2.48,72000000,0,,是,,2.21,,,,,,
712143,宜鼎永豐64購03,2026-09-01,2.1,0.05,2.44,124000000,0,,是,,2.3,,,,,,
712144,宜鼎永豐65購02,2026-09-01,1.51,-0.08,-5.03,143000000,0,,是,,1.68,,,,,,
712146,耕興永豐63購01,2026-09-01,1.04,0.02,1.96,5000000,0,,否,,1.08,,,,,,
712148,頎邦永豐63購02,2026-09-01,2.31,0.17,7.94,134000000,0,,是,,1.98,,,,,,
712149,雙鴻永豐63購04,2026-09-01,3.04,0.44,16.92,19000000,0,,否,,1.87,,,,,,
712150,雙鴻永豐64購04,2026-09-01,3.19,0.57,21.76,232000000,0,,是,,2.16,,,,,,
712152,世界群益62購03,2026-09-01,1.92,0.12,6.67,138000000,0,,是,,2.01,,,,,,
712153,均華群益68購01,2026-09-01,4.28,1.08,33.75,58000000,0,,否,,3.18,,,,,,
712155,家登群益62購01,2026-09-01,3.68,0.75,25.6,45000000,0,,是,,,,,,,,
712156,博智群益63購02,2026-09-01,2.21,0.1,4.74,4000000,0,,否,,,,,,,,
712157,群聯群益64購02,2026-09-01,4.43,-0.06,-1.34,33000000,0,,否,,4.99,,,,,,
712158,頎邦群益62購01,2026-09-01,2.31,0.16,7.44,10000000,0,,否,,1.91,,,,,,
712159,雙鴻群益64購01,2026-09-01,5.7,0.93,19.5,126000000,0,,是,,3.46,,,,,,
712161,宏捷科凱基67購01,2026-09-01,1.56,0.18,13.04,225000000,0,,是,,1.38,,,,,,
712163,宜鼎凱基63購02,2026-09-01,2.44,0.01,0.41,110000000,0,,否,,2.71,,,,,,
712164,威剛凱基64購02,2026-09-01,1.57,-0.04,-2.48,233000000,0,,是,,1.78,,,,,,
712165,倉和凱基63購01,2026-09-01,3.0,0.62,26.05,15000000,0,,否,,2.35,,,,,,
712168,蜜望實凱基63購01,2026-09-01,1.5,0.07,4.9,9000000,0,,否,,1.43,,,,,,
712169,營邦凱基63購01,2026-09-01,3.77,0.3,8.65,1169000000,0,,是,,2.78,,,,,,
712171,巨漢富邦63購02,2026-09-01,0.73,-0.01,-1.35,1155000000,0,,是,,0.75,,,,,,
712174,中美晶國泰63購03,2026-09-01,2.03,0.16,8.56,58000000,0,,是,,2.08,,,,,,
712175,巨漢國泰63購01,2026-09-01,2.49,0.14,5.96,84000000,0,,,,,,,,,,
712177,雙鴻國泰63購02,2026-09-01,4.3,0.62,16.85,61000000,0,,是,,2.61,,,,,,
712181,弘塑元大63購03,2026-09-01,1.1,0.09,8.91,397000000,0,,是,,0.98,,,,,,
712182,弘塑元大64購02,2026-09-01,1.21,0.09,8.04,413000000,0,,是,,1.1,,,,,,
712183,艾訊元大63購01,2026-09-01,1.19,0.06,5.31,25000000,0,,,,,,,,,,
712184,威剛元大63購04,2026-09-01,1.68,-0.01,-0.59,52000000,0,,否,,1.75,,,,,,
712185,威剛元大64購03,2026-09-01,1.12,-0.01,-0.88,40000000,0,,否,,1.17,,,,,,
712186,博智元大64購01,2026-09-01,1.05,0.04,3.96,263000000,0,,否,,0.85,,,,,,
712187,萬潤元大63購01,2026-09-01,1.44,0.07,5.11,577000000,0,,否,,1.3,,,,,,
712190,均華台新62購03,2026-09-01,3.29,0.62,23.22,12000000,0,,否,,2.39,,,,,,
712192,威剛台新65購01,2026-09-01,1.04,-0.01,-0.95,39000000,0,,否,,1.11,,,,,,
712195,家登台新65購01,2026-09-01,1.65,0.15,10.0,4000000,0,,,,,,,,,,
712196,萬潤台新62購01,2026-09-01,1.65,0.01,0.61,1000000,0,,否,,1.38,,,,,,
712197,萬潤台新62購02,2026-09-01,2.39,0.09,3.91,547000000,0,,否,,2.04,,,,,,
712198,萬潤台新62購03,2026-09-01,3.08,0.16,5.48,827000000,0,,是,,2.6,,,,,,
712199,萬潤台新65購01,2026-09-01,2.45,0.17,7.46,230000000,0,,是,,2.09,,,,,,
712200,萬潤台新68購01,2026-09-01,2.7,0.25,10.2,242000000,0,,是,,2.31,,,,,,
712202,世界凱基63購04,2026-09-01,0.9,0.06,7.14,103000000,0,,否,,0.93,,,,,,
712203,台特化凱基63購02,2026-09-01,2.3,0.13,5.99,12000000,0,,否,,2.27,,,,,,
712205,高技凱基63購01,2026-09-01,2.05,0.09,4.59,174000000,0,,是,,1.68,,,,,,
712206,博智凱基63購04,2026-09-01,2.49,0.06,2.47,36000000,0,,是,,2.0,,,,,,
712210,廣穎凱基63購01,2026-09-01,1.04,0.04,4.0,20000000,0,,否,,1.11,,,,,,
712211,富喬中信64購02,2026-09-01,2.13,0.11,5.45,22000000,0,,否,,1.7,,,,,,
712213,天正永豐65購01,2026-09-01,0.89,0.11,14.1,20000000,0,,,,,,,,,,
712214,朋億*永豐63購01,2026-09-01,1.1,-0.08,-6.78,685000000,0,,是,,,,,,,,
712215,金山電永豐65購01,2026-09-01,0.75,0.06,8.7,95000000,0,,是,,,,,,,,
712218,萬潤永豐65購01,2026-09-01,1.41,0.05,3.68,1412000000,0,,是,,1.22,,,,,,
712220,萬潤永豐68購01,2026-09-01,1.91,0.05,2.69,57000000,0,,否,,1.73,,,,,,
712221,德昌永豐65購01,2026-09-01,0.66,-0.01,-1.49,280000000,0,,是,,0.69,,,,,,
712222,營邦永豐63購01,2026-09-01,1.84,0.16,9.52,94000000,0,,是,,,,,,,,
712225,朋億*國票66購01,2026-09-01,0.87,-0.06,-6.45,2000000,0,,,,,,,,,,
712226,金山電國票65購01,2026-09-01,0.71,0.07,10.94,40000000,0,,否,,0.7,,,,,,
712228,家登國票63購01,2026-09-01,3.45,0.68,24.55,11000000,0,,否,,,,,,,,
712229,高技國票66購01,2026-09-01,1.41,0.06,4.44,121000000,0,,,,,,,,,,
712230,凱崴國票65購01,2026-09-01,1.24,0.03,2.48,180000000,0,,否,,1.05,,,,,,
712231,博磊國票68購01,2026-09-01,0.76,0.1,15.15,144000000,0,,是,,0.67,,,,,,
712234,萬潤國票66購01,2026-09-01,1.12,0.04,3.7,824000000,0,,否,,0.99,,,,,,
712235,萬潤國票68購01,2026-09-01,1.22,0.07,6.09,517000000,0,,是,,1.06,,,,,,
712236,中美晶富邦62購02,2026-09-01,0.91,0.09,10.98,192000000,0,,否,,0.91,,,,,,
712237,弘塑富邦63購02,2026-09-01,0.78,0.05,6.85,1387000000,0,,是,,0.78,,,,,,
712238,威剛富邦62購02,2026-09-01,0.61,-0.01,-1.61,48000000,0,,否,,0.65,,,,,,
712241,弘塑群益62購01,2026-09-01,1.0,0.11,12.36,40000000,0,,否,,,,,,,,
712242,弘塑群益62購02,2026-09-01,1.1,-0.01,-0.9,167000000,0,,是,,,,,,,,
712243,宏捷科群益64購01,2026-09-01,1.62,0.28,20.9,1471000000,0,,是,,1.33,,,,,,
712245,宜鼎群益62購01,2026-09-01,1.34,-0.03,-2.19,226000000,0,,否,,1.48,,,,,,
712246,金山電群益62購01,2026-09-01,1.47,0.11,8.09,245000000,0,,是,,1.41,,,,,,
712247,前鼎群益68購01,2026-09-01,4.94,1.02,26.02,46000000,0,,否,,2.92,,,,,,
712248,威剛群益62購03,2026-09-01,1.43,-0.06,-4.03,78000000,0,,否,,1.59,,,,,,
712249,原相群益62購01,2026-09-01,1.82,0.09,5.2,107000000,0,,否,,1.96,,,,,,
712251,新應材群益66購01,2026-09-01,1.76,0.11,6.67,59000000,0,,是,,1.69,,,,,,
712252,萬潤群益68購01,2026-09-01,2.19,0.08,3.79,843000000,0,,否,,1.91,,,,,,
712253,群聯群益68購01,2026-09-01,3.76,-0.2,-5.05,178000000,0,,是,,3.79,,,,,,
712254,頎邦群益62購02,2026-09-01,2.74,0.27,10.93,176000000,0,,否,,2.32,,,,,,
712255,雙鴻群益62購03,2026-09-01,2.72,0.83,43.92,395000000,0,,否,,1.55,,,,,,
712258,沛亨統一68購02,2026-09-01,0.95,0.07,7.95,92000000,0,,是,,0.83,,,,,,
712259,金山電統一67購01,2026-09-01,0.5,0.03,6.38,202000000,0,,是,,0.5,,,,,,
712260,金山電統一6B購01,2026-09-01,0.65,0.02,3.17,21000000,0,,,,,,,,,,
712261,金山電統一6C購01,2026-09-01,0.65,0.01,1.56,20000000,0,,否,,0.66,,,,,,
712265,萬潤統一65購01,2026-09-01,1.33,0.11,9.02,295000000,0,,否,,1.09,,,,,,
712266,萬潤統一6A購03,2026-09-01,1.15,0.08,7.48,719000000,0,,否,,0.98,,,,,,
712267,萬潤統一6B購01,2026-09-01,0.83,0.04,5.06,294000000,0,,否,,0.75,,,,,,
712268,萬潤統一6C購01,2026-09-01,0.79,0.03,3.95,507000000,0,,否,,0.71,,,,,,
712269,弘塑國泰63購01,2026-09-01,1.16,0.12,11.54,82000000,0,,否,,1.12,,,,,,
712270,弘塑國泰63購02,2026-09-01,1.05,0.11,11.7,110000000,0,,是,,0.92,,,,,,
712271,泓格國泰63購02,2026-09-01,1.08,0.0,0.0,35000000,0,,是,,1.21,,,,,,
712273,金山電國泰64購01,2026-09-01,1.97,0.16,8.84,132000000,0,,是,,1.74,,,,,,
712274,萬潤國泰63購01,2026-09-01,1.95,0.12,6.56,2302000000,0,,是,,1.67,,,,,,
712275,弘塑台新62購01,2026-09-01,1.28,0.14,12.28,194000000,0,,是,,,,,,,,
712276,弘塑台新62購02,2026-09-01,1.11,0.14,14.43,88000000,0,,,,,,,,,,
712277,弘塑台新62購03,2026-09-01,1.01,0.06,6.32,27000000,0,,,,,,,,,,
712279,弘塑台新68購02,2026-09-01,1.14,0.09,8.57,12000000,0,,否,,1.07,,,,,,
712280,沛亨台新62購01,2026-09-01,1.83,0.37,25.34,212000000,0,,是,,1.57,,,,,,
712281,沛亨台新62購02,2026-09-01,1.39,0.23,19.83,182000000,0,,,,,,,,,,
712284,竑騰台新62購02,2026-09-01,1.91,0.12,6.7,332000000,0,,是,,2.08,,,,,,
712288,群聯台新62購02,2026-09-01,2.05,-0.09,-4.21,14000000,0,,否,,2.09,,,,,,
712289,雙鴻台新62購01,2026-09-01,3.1,1.09,54.23,12000000,0,,否,,1.72,,,,,,
712290,雙鴻台新68購01,2026-09-01,2.53,0.62,32.46,25000000,0,,否,,1.65,,,,,,
712291,雙鴻台新68購02,2026-09-01,2.35,0.46,24.34,45000000,0,,是,,1.54,,,,,,
712294,世界元大63購08,2026-09-01,1.34,0.08,6.35,72000000,0,,否,,1.34,,,,,,
712295,世界元大63購09,2026-09-01,0.92,0.05,5.75,616000000,0,,是,,1.04,,,,,,
712296,世界元大64購09,2026-09-01,0.5,0.02,4.17,512000000,0,,否,,0.54,,,,,,
712297,弘塑元大64購03,2026-09-01,0.72,0.05,7.46,1194000000,0,,是,,0.64,,,,,,
712298,良維元大64購02,2026-09-01,1.12,0.08,7.69,314000000,0,,是,,0.88,,,,,,
712299,宜鼎元大64購03,2026-09-01,1.34,0.01,0.75,75000000,0,,否,,1.45,,,,,,
712300,陽程元大64購02,2026-09-01,3.19,-0.02,-0.62,10000000,0,,否,,2.11,,,,,,
712301,鈊象元大63購08,2026-09-01,0.89,0.03,3.49,101000000,0,,是,,1.06,,,,,,
712303,中美晶凱基63購06,2026-09-01,1.02,-0.53,-34.19,44000000,0,,,,,,,,,,
712304,弘塑凱基63購01,2026-09-01,1.16,0.13,12.62,142000000,0,,是,,1.02,,,,,,
712306,金山電凱基63購01,2026-09-01,1.21,0.14,13.08,40000000,0,,否,,1.25,,,,,,
712307,金山電凱基63購02,2026-09-01,1.23,0.1,8.85,30000000,0,,否,,1.08,,,,,,
712308,威剛凱基63購04,2026-09-01,1.6,-0.05,-3.03,84000000,0,,是,,,,,,,,
712310,頎邦凱基64購03,2026-09-01,1.34,0.17,14.53,192000000,0,,是,,,,,,,,
712311,雙鴻凱基63購08,2026-09-01,2.09,0.57,37.5,37000000,0,,否,,,,,,,,
712313,新應材國泰64購01,2026-09-01,1.71,0.1,6.21,121000000,0,,是,,1.6,,,,,,
712314,弘塑統一67購01,2026-09-01,0.59,0.02,3.51,10000000,0,,否,,0.57,,,,,,
712315,由田統一68購01,2026-09-01,1.09,-0.03,-2.68,286000000,0,,是,,0.96,,,,,,
712316,金山電統一66購01,2026-09-01,0.45,0.01,2.27,171000000,0,,,,,,,,,,
712317,金山電統一68購01,2026-09-01,0.69,0.06,9.52,170000000,0,,否,,0.64,,,,,,
712319,倉和統一68購01,2026-09-01,1.09,0.15,15.96,23000000,0,,否,,0.92,,,,,,
712320,富喬中信64購03,2026-09-01,1.37,0.07,5.38,318000000,0,,否,,1.07,,,,,,
712321,元太永豐63購01,2026-09-01,1.19,0.03,2.59,18000000,0,,,,,,,,,,
712322,巨漢永豐63購01,2026-09-01,0.89,0.03,3.49,20000000,0,,否,,,,,,,,
712324,建榮永豐64購01,2026-09-01,1.37,0.02,1.48,51000000,0,,否,,1.21,,,,,,
712325,胡連永豐63購01,2026-09-01,1.01,0.0,0.0,116000000,0,,否,,1.05,,,,,,
712326,茂綸永豐64購01,2026-09-01,0.73,0.04,5.8,468000000,0,,是,,0.8,,,,,,
712327,茂綸永豐65購01,2026-09-01,0.96,0.05,5.49,13000000,0,,否,,1.03,,,,,,
712328,竑騰永豐64購01,2026-09-01,1.5,-0.11,-6.83,108000000,0,,是,,1.81,,,,,,
712329,富喬永豐64購02,2026-09-01,2.62,0.11,4.38,7000000,0,,否,,2.0,,,,,,
712330,富喬永豐67購01,2026-09-01,1.99,0.0,0.0,9000000,0,,否,,1.6,,,,,,
712332,元太國票66購01,2026-09-01,0.65,0.01,1.56,115000000,0,,是,,,,,,,,
712334,弘塑國票66購01,2026-09-01,1.2,0.07,6.19,8000000,0,,,,,,,,,,
712335,全宇昕國票65購02,2026-09-01,0.98,0.07,7.69,15000000,0,,否,,,,,,,,
712336,均華國票63購01,2026-09-01,1.49,-0.08,-5.1,366000000,0,,是,,1.18,,,,,,
712337,長佳智國票65購01,2026-09-01,0.6,0.01,1.69,4000000,0,,,,,,,,,,
712339,博智國票63購01,2026-09-01,3.09,0.19,6.55,20000000,0,,,,,,,,,,
712341,新應材國票63購01,2026-09-01,1.75,0.08,4.79,418000000,0,,是,,1.72,,,,,,
712342,新應材國票64購01,2026-09-01,1.85,0.03,1.65,32000000,0,,,,,,,,,,
712345,世界群益67購01,2026-09-01,0.86,0.05,6.17,97000000,0,,是,,,,,,,,
712346,台特化群益67購01,2026-09-01,1.43,0.0,0.0,14000000,0,,否,,1.38,,,,,,
712348,宏捷科群益62購01,2026-09-01,1.22,0.24,24.49,1452000000,0,,是,,0.98,,,,,,
712349,沛亨群益62購01,2026-09-01,1.85,0.23,14.2,175000000,0,,是,,1.59,,,,,,
712350,茂達群益62購01,2026-09-01,1.27,0.03,2.42,7000000,0,,否,,1.18,,,,,,
712352,新應材台新62購04,2026-09-01,2.22,0.2,9.9,11000000,0,,,,,,,,,,
712353,世界凱基63購05,2026-09-01,0.9,0.02,2.27,73000000,0,,否,,,,,,,,
712354,台特化凱基67購01,2026-09-01,2.07,0.09,4.55,158000000,0,,是,,2.03,,,,,,
712356,前鼎凱基67購01,2026-09-01,2.29,0.51,28.65,70000000,0,,否,,1.27,,,,,,
712357,新應材凱基64購02,2026-09-01,1.53,0.06,4.08,21000000,0,,否,,,,,,,,
712358,青雲元大63購01,2026-09-01,0.77,-0.02,-2.53,213000000,0,,是,,0.62,,,,,,
712362,達航永豐63購02,2026-09-01,1.47,0.17,13.08,50000000,0,,是,,1.21,,,,,,
712365,前鼎國票68購01,2026-09-01,1.9,0.32,20.25,1000000,0,,否,,1.1,,,,,,
712366,竑騰國票63購01,2026-09-01,1.84,0.08,4.55,449000000,0,,是,,2.02,,,,,,
712370,欣銓群益63購01,2026-09-01,2.21,0.16,7.8,106000000,0,,是,,1.88,,,,,,
712371,金山電群益63購01,2026-09-01,1.16,0.02,1.75,99000000,0,,否,,1.02,,,,,,
712372,青雲群益63購01,2026-09-01,1.05,-0.02,-1.87,604000000,0,,,,,,,,,,
712373,威剛群益64購01,2026-09-01,0.7,-0.01,-1.41,156000000,0,,,,,,,,,,
712374,家登群益63購04,2026-09-01,2.38,0.45,23.32,273000000,0,,,,,,,,,,
712376,雙鴻群益64購02,2026-09-01,1.68,0.24,16.67,1106000000,0,,否,,1.02,,,,,,
712377,群聯國泰67購01,2026-09-01,2.18,-0.08,-3.54,23000000,0,,否,,2.16,,,,,,
712379,富喬富邦62購01,2026-09-01,2.0,0.06,3.09,98000000,0,,否,,1.53,,,,,,
712380,新應材富邦64購02,2026-09-01,0.7,0.06,9.38,232000000,0,,否,,0.68,,,,,,
712381,沛亨統一65購03,2026-09-01,0.95,0.12,14.46,4843000000,0,,是,,0.76,,,,,,
712383,前鼎統一66購01,2026-09-01,1.43,0.27,23.28,297000000,0,,是,,0.77,,,,,,
712384,前鼎統一68購01,2026-09-01,0.98,0.17,20.99,24000000,0,,否,,,,,,,,
712385,富喬統一65購04,2026-09-01,1.75,0.01,0.57,1000000,0,,否,,1.41,,,,,,
712386,頎邦統一66購02,2026-09-01,1.0,0.12,13.64,1574000000,0,,是,,0.86,,,,,,
712388,博磊國票65購01,2026-09-01,0.64,0.11,20.75,78000000,0,,,,,,,,,,
712390,青雲台新63購01,2026-09-01,1.8,-0.01,-0.55,42000000,0,,是,,1.51,,,,,,
712393,新應材台新64購01,2026-09-01,2.07,0.08,4.02,38000000,0,,,,,,,,,,
712394,群聯台新65購01,2026-09-01,1.32,-0.05,-3.65,12000000,0,,,,,,,,,,
712395,雙鴻台新65購01,2026-09-01,2.11,0.4,23.39,52000000,0,,,,,,,,,,
712396,雙鴻台新65購02,2026-09-01,1.75,0.39,28.68,28000000,0,,,,,,,,,,
712397,M31凱基63購01,2026-09-01,0.9,0.07,8.43,11000000,0,,,,,,,,,,
712398,中美晶凱基64購02,2026-09-01,1.72,0.11,6.83,45000000,0,,,,,,,,,,
712400,宜鼎凱基63購04,2026-09-01,0.59,-0.04,-6.35,150000000,0,,是,,0.72,,,,,,
712401,青雲凱基63購01,2026-09-01,1.36,0.0,0.0,202000000,0,,否,,,,,,,,
712403,富喬凱基65購01,2026-09-01,2.67,0.12,4.71,1822000000,0,,是,,2.0,,,,,,
712406,群聯凱基63購08,2026-09-01,1.38,-0.06,-4.17,112000000,0,,是,,1.74,,,,,,
712407,群聯凱基63購09,2026-09-01,1.48,-0.13,-8.07,56000000,0,,否,,1.53,,,,,,
712409,雙鴻凱基63購09,2026-09-01,2.08,0.45,27.61,108000000,0,,否,,1.16,,,,,,
712410,方土昶群益63購01,2026-09-01,1.43,-0.06,-4.03,53000000,0,,否,,1.59,,,,,,
712411,世界群益66購02,2026-09-01,0.69,0.04,6.15,12000000,0,,否,,0.69,,,,,,
712412,世紀*群益63購01,2026-09-01,10.7,1.45,15.68,1000000,0,,否,,,,,,,,
712413,世紀*群益63購02,2026-09-01,8.75,1.45,19.86,11000000,0,,是,,,,,,,,
712415,弘塑群益63購01,2026-09-01,0.88,0.12,15.79,68000000,0,,否,,,,,,,,
712416,艾訊群益63購01,2026-09-01,0.65,0.04,6.56,166000000,0,,是,,,,,,,,
712417,艾訊群益63購02,2026-09-01,0.5,0.0,0.0,30000000,0,,,,,,,,,,
712418,倚強群益69購01,2026-09-01,1.34,-0.1,-6.94,3000000,0,,,,,,,,,,
712419,群聯群益64購04,2026-09-01,0.81,-0.05,-5.81,37000000,0,,否,,0.78,,,,,,
712420,廣穎群益62購01,2026-09-01,1.43,0.01,0.7,28000000,0,,否,,1.61,,,,,,
712421,雙鴻群益65購01,2026-09-01,1.27,0.37,41.11,159000000,0,,,,,,,,,,
712422,閎康元大63購04,2026-09-01,0.61,0.05,8.93,5000000,0,,否,,0.58,,,,,,
712423,新應材元大63購04,2026-09-01,0.43,0.02,4.88,496000000,0,,,,,,,,,,
712424,新應材元大64購02,2026-09-01,1.04,0.04,4.0,629000000,0,,是,,1.0,,,,,,
712425,營邦元大64購02,2026-09-01,1.7,0.13,8.28,783000000,0,,是,,1.3,,,,,,
712426,宜鼎中信62購01,2026-09-01,0.71,-0.03,-4.05,111000000,0,,否,,0.85,,,,,,
712427,威剛中信63購01,2026-09-01,0.66,-0.02,-2.94,6000000,0,,否,,0.71,,,,,,
712429,雙鴻中信63購03,2026-09-01,1.0,0.2,25.0,519000000,0,,是,,0.59,,,,,,
712431,沛亨永豐64購01,2026-09-01,1.64,0.07,4.46,6000000,0,,,,,,,,,,
712432,威剛永豐68購02,2026-09-01,0.99,-0.02,-1.98,23000000,0,,否,,1.03,,,,,,
712433,茂訊永豐63購01,2026-09-01,0.75,0.01,1.35,13000000,0,,是,,,,,,,,
712436,群聯永豐68購01,2026-09-01,0.77,-0.03,-3.75,123000000,0,,否,,0.75,,,,,,
712437,雙鴻永豐64購05,2026-09-01,1.72,0.48,38.71,177000000,0,,是,,,,,,,,
712438,群聯國泰63購03,2026-09-01,1.83,-0.07,-3.68,15000000,0,,否,,,,,,,,
712440,聖暉*國泰63購02,2026-09-01,0.69,0.08,13.11,49000000,0,,否,,0.69,,,,,,
712443,宏捷科富邦64購01,2026-09-01,0.74,0.09,13.85,3169000000,0,,是,,0.63,,,,,,
712444,宏捷科富邦65購01,2026-09-01,0.76,0.05,7.04,486000000,0,,是,,0.64,,,,,,
712446,頎邦富邦64購03,2026-09-01,0.81,0.1,14.08,503000000,0,,是,,0.65,,,,,,
712447,頎邦富邦65購01,2026-09-01,0.63,0.07,12.5,168000000,0,,否,,0.52,,,,,,
712448,譜瑞富邦64購02,2026-09-01,0.7,0.04,6.06,10000000,0,,否,,,,,,,,
712451,雙鴻統一64購02,2026-09-01,0.91,0.22,31.88,509000000,0,,是,,,,,,,,
712452,台特化台新65購01,2026-09-01,2.27,0.14,6.57,63000000,0,,否,,2.19,,,,,,
712453,宜鼎台新64購02,2026-09-01,1.58,0.0,0.0,37000000,0,,否,,1.73,,,,,,
712454,富喬台新65購01,2026-09-01,4.28,0.21,5.16,37000000,0,,否,,3.2,,,,,,
712455,順達台新64購01,2026-09-01,2.09,0.15,7.73,3000000,0,,否,,1.9,,,,,,
712456,新應材台新64購02,2026-09-01,1.23,0.09,7.89,10000000,0,,,,,,,,,,
712457,頎邦台新68購01,2026-09-01,2.82,0.2,7.63,100000000,0,,否,,2.4,,,,,,
712458,營邦台新65購02,2026-09-01,2.07,0.17,8.95,161000000,0,,,,,,,,,,
712459,鴻呈台新62購01,2026-09-01,1.2,-0.1,-7.69,53000000,0,,是,,0.9,,,,,,
712460,雙鴻台新62購02,2026-09-01,5.2,1.44,38.3,53000000,0,,,,,,,,,,
712463,弘塑凱基63購02,2026-09-01,1.04,0.12,13.04,156000000,0,,是,,,,,,,,
712464,弘塑凱基63購03,2026-09-01,1.42,0.09,6.77,83000000,0,,是,,1.46,,,,,,
712465,艾訊凱基63購01,2026-09-01,0.57,0.02,3.64,9000000,0,,,,,,,,,,
712466,倚強凱基63購01,2026-09-01,1.94,-0.28,-12.61,99000000,0,,是,,,,,,,,
712467,富喬凱基63購03,2026-09-01,2.09,0.07,3.47,110000000,0,,是,,1.56,,,,,,
712469,順達凱基63購04,2026-09-01,1.75,0.15,9.37,207000000,0,,是,,1.28,,,,,,
712470,新應材凱基63購06,2026-09-01,0.66,0.08,13.79,30000000,0,,,,,,,,,,
712472,順達中信62購01,2026-09-01,0.73,0.11,17.74,61000000,0,,,,,,,,,,
712473,群聯中信62購02,2026-09-01,0.62,-0.05,-7.46,27000000,0,,否,,0.93,,,,,,
712474,均華永豐63購02,2026-09-01,1.78,0.36,25.35,9000000,0,,否,,1.3,,,,,,
712476,宜鼎永豐66購02,2026-09-01,0.94,0.01,1.08,2000000,0,,否,,1.01,,,,,,
712477,順達永豐63購02,2026-09-01,2.21,0.22,11.06,18000000,0,,否,,,,,,,,
712479,群聯永豐65購07,2026-09-01,1.35,-0.05,-3.57,437000000,0,,是,,1.33,,,,,,
712480,群聯永豐65購08,2026-09-01,1.26,-0.05,-3.82,51000000,0,,否,,1.26,,,,,,
712481,群聯永豐68購02,2026-09-01,1.74,-0.07,-3.87,136000000,0,,否,,1.7,,,,,,
712482,廣閎科永豐63購01,2026-09-01,0.96,0.11,12.94,636000000,0,,,,,,,,,,
712483,廣閎科永豐63購02,2026-09-01,0.79,0.1,14.49,21000000,0,,否,,,,,,,,
712484,廣閎科永豐65購01,2026-09-01,0.87,0.07,8.75,20000000,0,,否,,0.8,,,,,,
712487,巨漢元大64購01,2026-09-01,1.22,0.07,6.09,41000000,0,,,,,,,,,,
712488,宜鼎元大63購06,2026-09-01,1.06,-0.01,-0.93,318000000,0,,否,,1.28,,,,,,
712489,宜鼎元大64購04,2026-09-01,0.74,-0.02,-2.63,786000000,0,,是,,0.81,,,,,,
712490,富喬元大63購03,2026-09-01,2.14,0.13,6.47,71000000,0,,否,,1.67,,,,,,
712491,富喬元大63購04,2026-09-01,2.01,0.07,3.61,126000000,0,,是,,,,,,,,
712492,富喬元大63購05,2026-09-01,2.98,0.25,9.16,50000000,0,,否,,,,,,,,
712493,富喬元大63購06,2026-09-01,3.03,0.1,3.41,18000000,0,,否,,2.46,,,,,,
712494,富喬元大64購06,2026-09-01,1.61,0.07,4.55,265000000,0,,否,,,,,,,,
712495,群聯元大63購10,2026-09-01,1.99,-0.07,-3.4,230000000,0,,否,,1.96,,,,,,
712496,群聯元大63購13,2026-09-01,0.95,-0.06,-5.94,213000000,0,,否,,,,,,,,
712499,廣穎元大63購03,2026-09-01,0.49,0.0,0.0,20000000,0,,否,,0.51,,,,,,
712500,營邦元大63購01,2026-09-01,1.26,0.1,8.62,293000000,0,,是,,0.95,,,,,,
712501,營邦元大63購03,2026-09-01,0.86,0.07,8.86,481000000,0,,否,,0.72,,,,,,
712502,營邦元大64購04,2026-09-01,0.88,0.08,10.0,268000000,0,,否,,0.69,,,,,,
712503,雙鴻元大64購04,2026-09-01,1.47,0.32,27.83,606000000,0,,否,,0.93,,,,,,
712504,千如國票66購01,2026-09-01,1.04,0.0,0.0,5000000,0,,是,,,,,,,,
712505,富喬國票64購01,2026-09-01,3.56,0.07,2.01,1000000,0,,否,,2.8,,,,,,
712506,富喬國票66購01,2026-09-01,4.62,0.17,3.82,701000000,0,,是,,3.67,,,,,,
712507,鴻呈國票66購01,2026-09-01,0.81,-0.04,-4.71,115000000,0,,是,,0.68,,,,,,
712510,宜鼎國泰63購02,2026-09-01,2.02,0.02,1.0,14000000,0,,否,,,,,,,,
712512,新應材國泰63購02,2026-09-01,1.35,0.14,11.57,44000000,0,,,,,,,,,,
712513,千附精富邦62購01,2026-09-01,0.95,0.02,2.15,725000000,0,,是,,0.77,,,,,,
712514,中美晶富邦65購01,2026-09-01,0.63,0.04,6.78,31000000,0,,否,,0.65,,,,,,
712515,順達富邦63購03,2026-09-01,1.09,0.09,9.0,348000000,0,,,,,,,,,,
712516,廣閎科富邦62購01,2026-09-01,0.47,0.05,11.9,418000000,0,,是,,0.48,,,,,,
712517,營邦富邦65購01,2026-09-01,1.15,0.11,10.58,255000000,0,,否,,0.84,,,,,,
712518,中美晶群益63購02,2026-09-01,2.51,0.3,13.57,76000000,0,,否,,2.51,,,,,,
712520,威剛群益63購02,2026-09-01,1.48,-0.09,-5.73,82000000,0,,否,,1.6,,,,,,
712521,順達群益63購01,2026-09-01,2.31,0.28,13.79,75000000,0,,是,,1.75,,,,,,
712522,群聯群益63購03,2026-09-01,3.85,-0.28,-6.78,42000000,0,,否,,3.88,,,,,,
712523,廣閎科群益63購01,2026-09-01,1.04,0.03,2.97,152000000,0,,是,,,,,,,,
712524,磐儀群益63購01,2026-09-01,0.94,0.04,4.44,10000000,0,,,,,,,,,,
712525,雙鴻群益63購04,2026-09-01,2.34,0.44,23.16,518000000,0,,,,,,,,,,
712526,譜瑞群益62購01,2026-09-01,1.29,0.02,1.57,1000000,0,,,,,,,,,,
712527,弘塑統一66購01,2026-09-01,0.6,0.03,5.26,15000000,0,,否,,0.56,,,,,,
712528,均華統一69購01,2026-09-01,0.83,0.0,0.0,1703000000,0,,是,,0.68,,,,,,
712529,高技統一66購01,2026-09-01,0.85,0.01,1.19,755000000,0,,是,,0.69,,,,,,
712530,陽程統一66購03,2026-09-01,1.77,-0.06,-3.28,83000000,0,,是,,,,,,,,
712531,順達統一6B購01,2026-09-01,0.89,0.03,3.49,12000000,0,,,,,,,,,,
712532,世界群益62購04,2026-09-01,1.44,0.1,7.46,338000000,0,,是,,1.48,,,,,,
712533,台半群益63購01,2026-09-01,1.32,0.04,3.12,5000000,0,,否,,1.16,,,,,,
712534,台特化群益62購02,2026-09-01,4.02,0.42,11.67,10000000,0,,否,,3.87,,,,,,
712535,東捷群益64購01,2026-09-01,0.95,0.06,6.74,325000000,0,,,,,,,,,,
712536,鉅橡群益63購01,2026-09-01,1.21,0.02,1.68,356000000,0,,,,,,,,,,
712538,廣閎科群益64購01,2026-09-01,1.43,0.09,6.72,219000000,0,,,,,,,,,,
712539,穩懋群益63購02,2026-09-01,2.8,0.7,33.33,2779000000,0,,是,,1.67,,,,,,
712540,穩懋群益64購01,2026-09-01,3.59,0.61,20.47,175000000,0,,否,,2.35,,,,,,
712542,方土昶元大63購02,2026-09-01,0.72,-0.02,-2.7,20000000,0,,否,,0.79,,,,,,
712543,均華元大64購02,2026-09-01,2.14,0.09,4.39,283000000,0,,是,,,,,,,,
712544,朋億*元大63購01,2026-09-01,0.99,-0.08,-7.48,64000000,0,,,,,,,,,,
712545,東捷元大63購01,2026-09-01,1.02,0.09,9.68,1000000,0,,,,,,,,,,
712546,青雲元大63購02,2026-09-01,0.53,-0.01,-1.85,359000000,0,,是,,,,,,,,
712547,高技元大63購02,2026-09-01,0.69,0.07,11.29,786000000,0,,是,,0.53,,,,,,
712548,順達元大63購03,2026-09-01,1.45,0.14,10.69,121000000,0,,否,,1.17,,,,,,
712549,順達元大63購04,2026-09-01,1.79,0.21,13.29,595000000,0,,是,,1.37,,,,,,
712550,順達元大64購07,2026-09-01,1.46,0.07,5.04,224000000,0,,是,,1.15,,,,,,
712552,廣閎科元大64購01,2026-09-01,0.66,0.06,10.0,287000000,0,,否,,0.55,,,,,,
712554,廣穎元大63購04,2026-09-01,0.67,-0.04,-5.63,554000000,0,,是,,0.7,,,,,,
712555,雙鴻元大63購08,2026-09-01,1.46,0.23,18.7,4179000000,0,,是,,0.9,,,,,,
712556,雙鴻元大63購09,2026-09-01,1.29,0.31,31.63,2459000000,0,,,,,,,,,,
712557,雙鴻元大63購10,2026-09-01,1.18,0.28,31.11,521000000,0,,否,,,,,,,,
712558,雙鴻元大64購05,2026-09-01,1.42,0.33,30.28,790000000,0,,否,,0.86,,,,,,
712559,寶雅元大63購01,2026-09-01,0.94,0.01,1.08,6000000,0,,否,,1.03,,,,,,
712560,東捷統一66購02,2026-09-01,0.63,0.06,10.53,457000000,0,,,,,,,,,,
712561,東捷統一6B購01,2026-09-01,0.61,0.04,7.02,20000000,0,,,,,,,,,,
712562,穩懋統一66購02,2026-09-01,0.95,0.11,13.1,499000000,0,,是,,0.66,,,,,,
712563,穩懋統一67購01,2026-09-01,0.96,0.22,29.73,1648000000,0,,,,,,,,,,
712564,穩懋統一68購01,2026-09-01,0.88,0.06,7.32,21000000,0,,,,,,,,,,
712565,穩懋統一6C購02,2026-09-01,0.88,0.09,11.39,50000000,0,,否,,,,,,,,
712566,穩懋統一6C購03,2026-09-01,1.09,0.03,2.83,30000000,0,,,,,,,,,,
712567,東捷富邦63購01,2026-09-01,0.72,0.1,16.13,73000000,0,,是,,0.6,,,,,,
712568,東捷國泰63購01,2026-09-01,1.6,0.2,14.29,44000000,0,,,,,,,,,,
712569,博盛國泰63購01,2026-09-01,1.61,0.02,1.26,21000000,0,,,,,,,,,,
712570,營邦國泰63購02,2026-09-01,2.49,0.15,6.41,21000000,0,,,,,,,,,,
712571,鴻呈國泰63購01,2026-09-01,1.55,-0.1,-6.06,159000000,0,,,,,,,,,,
712572,穩懋國泰63購01,2026-09-01,3.0,0.71,31.0,257000000,0,,是,,1.83,,,,,,
712573,穩懋國泰63購03,2026-09-01,3.0,0.56,22.95,374000000,0,,是,,1.93,,,,,,
712574,穩懋國泰63購04,2026-09-01,3.35,0.71,26.89,376000000,0,,是,,2.12,,,,,,
712575,穩懋國泰63購05,2026-09-01,3.42,0.46,15.54,254000000,0,,是,,2.2,,,,,,
712576,台半凱基63購01,2026-09-01,1.68,0.04,2.44,41000000,0,,是,,1.61,,,,,,
712577,宜鼎凱基64購02,2026-09-01,1.15,0.03,2.68,110000000,0,,否,,1.24,,,,,,
712579,宸曜凱基63購01,2026-09-01,1.16,-0.03,-2.52,21000000,0,,否,,1.12,,,,,,
712581,群聯凱基64購06,2026-09-01,1.44,-0.1,-6.49,100000000,0,,是,,1.46,,,,,,
712582,漢達凱基63購01,2026-09-01,1.0,-0.36,-26.47,68000000,0,,,,,,,,,,
712583,營邦凱基63購02,2026-09-01,2.94,0.29,10.94,153000000,0,,是,,2.15,,,,,,
712584,鴻呈凱基66購01,2026-09-01,1.27,-0.06,-4.51,47000000,0,,是,,0.98,,,,,,
712585,雙鴻凱基64購02,2026-09-01,2.27,0.46,25.41,76000000,0,,,,,,,,,,
712586,穩懋凱基63購01,2026-09-01,2.27,0.61,36.75,126000000,0,,是,,,,,,,,
712587,穩懋凱基63購02,2026-09-01,2.15,0.32,17.49,306000000,0,,是,,1.33,,,,,,
712588,穩懋凱基63購03,2026-09-01,2.85,0.34,13.55,436000000,0,,,,,,,,,,
712589,穩懋凱基63購04,2026-09-01,2.14,0.4,22.99,147000000,0,,是,,1.38,,,,,,
712590,穩懋凱基63購05,2026-09-01,2.94,0.59,25.11,334000000,0,,是,,2.05,,,,,,
712591,均華台新63購01,2026-09-01,2.2,0.29,15.18,49000000,0,,是,,,,,,,,
712593,東捷台新62購01,2026-09-01,1.26,0.2,18.87,11000000,0,,是,,,,,,,,
712594,順達台新64購02,2026-09-01,1.71,0.14,8.92,4000000,0,,,,,,,,,,
712595,鈊象台新64購01,2026-09-01,0.68,0.01,1.49,20000000,0,,,,,,,,,,
712596,穩懋台新62購01,2026-09-01,2.17,0.41,23.3,103000000,0,,否,,1.36,,,,,,
712597,穩懋台新63購01,2026-09-01,2.9,0.74,34.26,364000000,0,,是,,,,,,,,
712598,穩懋台新65購01,2026-09-01,1.45,0.2,16.0,203000000,0,,是,,0.95,,,,,,
712599,穩懋台新65購02,2026-09-01,1.77,0.16,9.94,218000000,0,,是,,1.19,,,,,,
712600,穩懋台新68購01,2026-09-01,2.08,0.3,16.85,252000000,0,,,,,,,,,,
712601,弘塑中信64購01,2026-09-01,1.01,0.1,10.99,307000000,0,,否,,0.87,,,,,,
712602,穩懋中信68購01,2026-09-01,0.87,0.13,17.57,340000000,0,,否,,0.62,,,,,,
712603,台半永豐64購02,2026-09-01,1.22,0.0,0.0,701000000,0,,是,,,,,,,,
712604,台半永豐65購01,2026-09-01,1.43,0.07,5.15,2000000,0,,否,,1.27,,,,,,
712605,台星科永豐64購01,2026-09-01,1.33,0.02,1.53,3000000,0,,否,,1.19,,,,,,
712606,由田永豐64購01,2026-09-01,1.66,0.1,6.41,312000000,0,,是,,1.39,,,,,,
712607,系統電永豐63購01,2026-09-01,0.53,-0.02,-3.64,130000000,0,,,,,,,,,,
712608,東捷永豐63購01,2026-09-01,1.09,0.15,15.96,134000000,0,,,,,,,,,,
712609,東捷永豐63購02,2026-09-01,0.96,0.08,9.09,7000000,0,,,,,,,,,,
712610,東捷永豐63購03,2026-09-01,0.93,0.06,6.9,41000000,0,,,,,,,,,,
712611,東捷永豐65購01,2026-09-01,1.11,0.06,5.71,46000000,0,,,,,,,,,,
712612,東捷永豐65購02,2026-09-01,1.42,0.07,5.19,28000000,0,,,,,,,,,,
712613,東捷永豐68購01,2026-09-01,1.62,0.14,9.46,73000000,0,,,,,,,,,,
712614,欣銓永豐66購01,2026-09-01,1.6,0.13,8.84,33000000,0,,否,,1.34,,,,,,
712615,欣銓永豐68購01,2026-09-01,1.3,0.15,13.04,81000000,0,,,,,,,,,,
712618,博盛永豐63購02,2026-09-01,1.09,0.05,4.81,210000000,0,,,,,,,,,,
712619,博盛永豐65購01,2026-09-01,1.48,0.06,4.23,36000000,0,,是,,1.32,,,,,,
712621,穩得永豐63購01,2026-09-01,0.97,0.05,5.43,62000000,0,,,,,,,,,,
712622,穩懋永豐64購01,2026-09-01,2.59,0.46,21.6,200000000,0,,是,,1.75,,,,,,
712623,穩懋永豐64購02,2026-09-01,3.34,0.7,26.52,196000000,0,,,,,,,,,,
712624,穩懋永豐66購01,2026-09-01,3.7,0.41,12.46,162000000,0,,是,,2.56,,,,,,
712625,穩懋永豐68購01,2026-09-01,4.07,0.64,18.66,139000000,0,,是,,,,,,,,
712626,均華國票63購02,2026-09-01,2.46,0.47,23.62,38000000,0,,否,,1.76,,,,,,
712627,東捷國票63購01,2026-09-01,1.27,0.22,20.95,118000000,0,,,,,,,,,,
712628,東捷國票64購01,2026-09-01,1.26,0.11,9.57,31000000,0,,,,,,,,,,
712629,元太群益63購01,2026-09-01,1.23,-0.02,-1.6,29000000,0,,否,,,,,,,,
712631,世界群益63購01,2026-09-01,1.89,0.12,6.78,150000000,0,,是,,1.91,,,,,,
712632,巨有群益63購01,2026-09-01,1.13,0.05,4.63,11000000,0,,否,,,,,,,,
712633,威剛群益62購04,2026-09-01,2.36,-0.04,-1.67,88000000,0,,否,,2.56,,,,,,
712634,胡連群益63購01,2026-09-01,1.07,0.04,3.88,149000000,0,,,,,,,,,,
712636,順達群益63購02,2026-09-01,1.54,0.07,4.76,10000000,0,,,,,,,,,,
712637,群聯群益62購01,2026-09-01,4.64,-0.16,-3.33,16000000,0,,否,,,,,,,,
712638,漢達群益63購01,2026-09-01,1.12,-0.13,-10.4,4000000,0,,,,,,,,,,
712639,鴻呈群益63購01,2026-09-01,1.67,-0.11,-6.18,462000000,0,,是,,1.27,,,,,,
712640,雙鴻群益62購04,2026-09-01,1.79,0.33,22.6,40000000,0,,,,,,,,,,
712641,穩懋群益64購03,2026-09-01,3.4,0.66,24.09,9000000,0,,否,,2.1,,,,,,
712642,雙鴻中信64購02,2026-09-01,1.4,0.17,13.82,762000000,0,,,,,,,,,,
712643,新應材永豐64購02,2026-09-01,1.42,0.06,4.41,25000000,0,,,,,,,,,,
712644,新應材永豐65購01,2026-09-01,1.7,0.17,11.11,25000000,0,,,,,,,,,,
712647,台半國泰63購01,2026-09-01,2.17,0.0,0.0,50000000,0,,,,,,,,,,
712648,胡連國泰63購01,2026-09-01,0.95,0.02,2.15,75000000,0,,,,,,,,,,
712649,千附精元大63購01,2026-09-01,0.92,0.05,5.75,1246000000,0,,是,,0.71,,,,,,
712650,元太元大63購06,2026-09-01,1.02,0.05,5.15,393000000,0,,是,,,,,,,,
712651,元太元大64購02,2026-09-01,1.0,-0.05,-4.76,265000000,0,,是,,1.11,,,,,,
712653,陽程元大63購03,2026-09-01,2.9,-0.23,-7.35,83000000,0,,,,,,,,,,
712654,陽程元大64購03,2026-09-01,1.42,-0.22,-13.41,118000000,0,,,,,,,,,,
712656,鈊象元大64購04,2026-09-01,0.64,-0.04,-5.88,964000000,0,,是,,0.76,,,,,,
712657,群聯元大64購13,2026-09-01,0.62,-0.02,-3.12,544000000,0,,是,,0.62,,,,,,
712658,良維富邦63購01,2026-09-01,1.03,0.09,9.57,604000000,0,,否,,0.76,,,,,,
712659,穩懋富邦63購01,2026-09-01,1.43,0.28,24.35,780000000,0,,是,,0.9,,,,,,
712660,穩懋富邦64購01,2026-09-01,1.26,0.23,22.33,2291000000,0,,,,,,,,,,
712662,東捷統一68購01,2026-09-01,0.57,0.06,11.76,76000000,0,,,,,,,,,,
712663,新普統一68購01,2026-09-01,0.58,0.01,1.75,1000000,0,,,,,,,,,,
712664,穩懋統一68購02,2026-09-01,1.04,0.11,11.83,288000000,0,,,,,,,,,,
712665,千如凱基66購01,2026-09-01,0.78,0.0,0.0,2000000,0,,,,,,,,,,
712666,中美晶凱基68購01,2026-09-01,1.71,0.14,8.92,25000000,0,,否,,,,,,,,
712667,世界凱基63購06,2026-09-01,0.96,0.06,6.67,165000000,0,,是,,1.0,,,,,,
712668,弘塑凱基63購04,2026-09-01,1.11,0.11,11.0,500000000,0,,否,,,,,,,,
712669,均華凱基64購02,2026-09-01,1.84,-0.09,-4.66,174000000,0,,否,,,,,,,,
712670,宜鼎凱基66購01,2026-09-01,1.55,-0.01,-0.64,108000000,0,,否,,,,,,,,
712671,東捷凱基63購02,2026-09-01,0.74,0.1,15.62,20000000,0,,,,,,,,,,
712672,金益鼎凱基63購01,2026-09-01,0.72,0.0,0.0,5000000,0,,否,,0.78,,,,,,
712674,頎邦凱基63購03,2026-09-01,1.9,0.26,15.85,55000000,0,,否,,,,,,,,
712675,雙鴻凱基63購10,2026-09-01,1.74,0.38,27.94,507000000,0,,,,,,,,,,
712678,長科*台新65購01,2026-09-01,1.87,-0.01,-0.53,10000000,0,,否,,1.84,,,,,,
712681,順達台新62購01,2026-09-01,1.42,0.13,10.08,5000000,0,,,,,,,,,,
712682,中美晶元大64購06,2026-09-01,0.58,0.03,5.45,138000000,0,,,,,,,,,,
712683,元太元大63購07,2026-09-01,1.23,0.05,4.24,297000000,0,,,,,,,,,,
712684,元太元大63購08,2026-09-01,0.97,-0.06,-5.83,203000000,0,,否,,,,,,,,
712685,元太元大64購03,2026-09-01,0.95,-0.05,-5.0,245000000,0,,否,,,,,,,,
712686,均華元大64購03,2026-09-01,1.25,0.25,25.0,119000000,0,,,,,,,,,,
712687,宜鼎元大64購05,2026-09-01,0.84,-0.01,-1.18,472000000,0,,是,,0.97,,,,,,
712688,威剛元大64購05,2026-09-01,0.58,-0.01,-1.69,127000000,0,,否,,0.63,,,,,,
712689,順達元大64購09,2026-09-01,1.34,0.09,7.2,221000000,0,,,,,,,,,,
712690,鈊象元大63購09,2026-09-01,0.9,-0.04,-4.26,481000000,0,,是,,,,,,,,
712691,鈊象元大64購05,2026-09-01,0.91,-0.06,-6.19,832000000,0,,是,,1.03,,,,,,
712692,群聯元大64購14,2026-09-01,0.94,-0.04,-4.08,343000000,0,,否,,1.02,,,,,,
712693,蜜望實元大63購02,2026-09-01,0.51,0.0,0.0,452000000,0,,否,,0.5,,,,,,
712694,寶雅元大63購02,2026-09-01,0.84,-0.02,-2.33,6000000,0,,否,,0.91,,,,,,
712696,沛亨台新65購01,2026-09-01,1.24,0.12,10.71,109000000,0,,,,,,,,,,
712697,威聯通台新62購01,2026-09-01,0.9,-0.01,-1.1,13000000,0,,否,,1.05,,,,,,
712698,胡連台新62購01,2026-09-01,1.05,0.03,2.94,110000000,0,,,,,,,,,,
712699,倉和台新62購01,2026-09-01,3.1,0.71,29.71,1000000,0,,否,,2.41,,,,,,
712700,蜜望實台新62購01,2026-09-01,1.33,0.11,9.02,38000000,0,,否,,,,,,,,
712703,朋億*凱基63購01,2026-09-01,0.82,-0.07,-7.87,108000000,0,,,,,,,,,,
712704,泓格凱基63購01,2026-09-01,1.02,0.02,2.0,22000000,0,,,,,,,,,,
712705,威剛凱基63購07,2026-09-01,1.35,-0.04,-2.88,459000000,0,,否,,1.47,,,,,,
712706,建榮凱基63購01,2026-09-01,1.03,0.03,3.0,320000000,0,,,,,,,,,,
712707,順達凱基66購01,2026-09-01,1.62,0.15,10.2,7000000,0,,否,,,,,,,,
712712,穩懋凱基63購08,2026-09-01,1.82,0.51,38.93,368000000,0,,是,,1.15,,,,,,
712713,中美晶群益62購04,2026-09-01,2.47,0.12,5.11,70000000,0,,否,,,,,,,,
712714,弘塑群益63購02,2026-09-01,0.79,0.11,16.18,139000000,0,,,,,,,,,,
712716,宜鼎群益63購02,2026-09-01,1.45,-0.01,-0.68,70000000,0,,否,,1.6,,,,,,
712717,威剛群益62購05,2026-09-01,0.72,-0.03,-4.0,113000000,0,,否,,0.82,,,,,,
712719,群聯群益62購02,2026-09-01,2.92,-0.19,-6.11,23000000,0,,否,,2.84,,,,,,
712721,元太永豐63購02,2026-09-01,0.92,0.07,8.24,139000000,0,,否,,,,,,,,
712724,茂迪永豐64購01,2026-09-01,0.74,0.0,0.0,6000000,0,,,,,,,,,,
712726,榮剛永豐63購01,2026-09-01,1.0,0.13,14.94,1607000000,0,,是,,1.03,,,,,,
712727,雙鴻永豐65購02,2026-09-01,1.55,0.24,18.32,176000000,0,,,,,,,,,,
712728,雙鴻永豐6B購01,2026-09-01,1.71,0.2,13.25,61000000,0,,,,,,,,,,
712729,雙鴻永豐6C購01,2026-09-01,1.66,0.21,14.48,213000000,0,,,,,,,,,,
712730,穩懋永豐65購01,2026-09-01,1.89,0.29,18.12,62000000,0,,,,,,,,,,
712731,三聯國票63購01,2026-09-01,0.81,0.0,0.0,10000000,0,,,,,,,,,,
712732,蜜望實國票63購01,2026-09-01,1.67,0.04,2.45,25000000,0,,,,,,,,,,
712734,均華國泰63購02,2026-09-01,1.22,-0.05,-3.94,236000000,0,,否,,0.97,,,,,,
712735,順達國泰63購03,2026-09-01,1.51,0.16,11.85,22000000,0,,,,,,,,,,
712736,順達富邦64購01,2026-09-01,0.82,0.08,10.81,202000000,0,,,,,,,,,,
712738,倉和統一6B購01,2026-09-01,1.04,0.11,11.83,1000000,0,,否,,0.91,,,,,,
712739,堡達統一6A購01,2026-09-01,0.58,0.0,0.0,3000000,0,,,,,,,,,,
712740,新普統一66購01,2026-09-01,0.59,0.01,1.72,153000000,0,,否,,0.56,,,,,,
712742,晶焱國票63購01,2026-09-01,0.93,0.04,4.49,30000000,0,,,,,,,,,,
712743,鈺太國票63購01,2026-09-01,1.35,0.13,10.66,180000000,0,,,,,,,,,,
712744,鈺太國票64購01,2026-09-01,1.44,0.15,11.63,255000000,0,,,,,,,,,,
712745,中美晶群益62購05,2026-09-01,2.3,0.21,10.05,86000000,0,,,,,,,,,,
712746,台特化群益62購03,2026-09-01,2.9,0.18,6.62,128000000,0,,是,,,,,,,,
712747,弘塑群益63購03,2026-09-01,0.46,-0.04,-8.0,53000000,0,,,,,,,,,,
712748,均華群益64購01,2026-09-01,2.09,0.07,3.47,138000000,0,,是,,,,,,,,
712750,鈊象群益62購01,2026-09-01,1.96,-0.1,-4.85,34000000,0,,是,,2.33,,,,,,
712752,營邦群益63購01,2026-09-01,1.91,0.19,11.05,605000000,0,,,,,,,,,,
712753,穩懋群益68購01,2026-09-01,3.48,0.67,23.84,462000000,0,,,,,,,,,,
712755,弘塑凱基63購05,2026-09-01,0.65,0.05,8.33,135000000,0,,,,,,,,,,
712756,均華凱基68購01,2026-09-01,3.48,0.35,11.18,239000000,0,,,,,,,,,,
712758,宜鼎凱基63購05,2026-09-01,1.31,-0.08,-5.76,25000000,0,,否,,,,,,,,
712760,頎邦凱基66購01,2026-09-01,1.54,0.13,9.22,254000000,0,,,,,,,,,,
712762,弘塑台新63購01,2026-09-01,0.92,0.1,12.2,387000000,0,,,,,,,,,,
712763,東捷台新62購02,2026-09-01,1.17,0.09,8.33,495000000,0,,,,,,,,,,
712764,倉和台新62購02,2026-09-01,2.41,0.81,50.62,168000000,0,,否,,1.66,,,,,,
712765,家碩台新62購01,2026-09-01,1.86,0.29,18.47,5000000,0,,,,,,,,,,
712766,家碩台新62購02,2026-09-01,1.17,0.19,19.39,140000000,0,,,,,,,,,,
712767,順達台新64購03,2026-09-01,1.92,0.18,10.34,10000000,0,,,,,,,,,,
712769,營邦台新63購01,2026-09-01,1.33,0.04,3.1,44000000,0,,,,,,,,,,
712770,營邦台新65購03,2026-09-01,1.32,0.12,10.0,19000000,0,,,,,,,,,,
712771,營邦台新66購01,2026-09-01,1.53,0.03,2.0,24000000,0,,,,,,,,,,
712772,元太元大64購04,2026-09-01,0.93,0.05,5.68,516000000,0,,是,,1.02,,,,,,
712773,弘塑元大63購04,2026-09-01,0.57,0.05,9.62,857000000,0,,,,,,,,,,
712774,弘塑元大63購05,2026-09-01,0.83,0.07,9.21,974000000,0,,,,,,,,,,
712775,弘塑元大64購04,2026-09-01,0.51,0.07,15.91,596000000,0,,,,,,,,,,
712776,均華元大64購04,2026-09-01,1.09,0.16,17.2,185000000,0,,,,,,,,,,
712777,威剛元大64購06,2026-09-01,1.04,-0.02,-1.89,283000000,0,,是,,1.19,,,,,,
712778,順達元大63購05,2026-09-01,1.21,0.06,5.22,306000000,0,,,,,,,,,,
712780,順達元大63購07,2026-09-01,1.06,0.11,11.58,159000000,0,,,,,,,,,,
712781,順達元大64購10,2026-09-01,1.06,0.1,10.42,389000000,0,,,,,,,,,,
712782,順達元大64購11,2026-09-01,0.56,0.05,9.8,53000000,0,,,,,,,,,,
712784,群聯元大63購15,2026-09-01,1.26,-0.05,-3.82,18000000,0,,否,,1.26,,,,,,
712785,群聯元大63購16,2026-09-01,0.92,-0.04,-4.17,322000000,0,,否,,0.98,,,,,,
712787,寶雅元大63購03,2026-09-01,1.11,-0.02,-1.77,5000000,0,,否,,1.21,,,,,,
712788,台星科統一6B購01,2026-09-01,0.77,0.01,1.32,55000000,0,,,,,,,,,,
712789,沛亨統一6B購01,2026-09-01,0.66,0.04,6.45,216000000,0,,,,,,,,,,
712791,倉和統一68購02,2026-09-01,1.11,0.17,18.09,5000000,0,,否,,0.93,,,,,,
712792,陽程統一6C購02,2026-09-01,0.9,-0.06,-6.25,40000000,0,,否,,0.94,,,,,,
712793,新普統一66購02,2026-09-01,0.57,0.0,0.0,182000000,0,,,,,,,,,,
712794,穩懋統一68購03,2026-09-01,1.3,0.11,9.24,163000000,0,,是,,,,,,,,
712797,安葆永豐63購02,2026-09-01,1.85,0.15,8.82,7000000,0,,否,,1.69,,,,,,
712798,宏捷科永豐63購01,2026-09-01,1.31,0.17,14.91,398000000,0,,是,,1.13,,,,,,
712799,倚強永豐64購01,2026-09-01,1.24,-0.11,-8.15,121000000,0,,,,,,,,,,
712800,倚強永豐64購02,2026-09-01,1.29,-0.06,-4.44,2000000,0,,,,,,,,,,
712801,倉和永豐63購02,2026-09-01,1.62,0.28,20.9,1000000,0,,否,,,,,,,,
712803,湧德永豐63購01,2026-09-01,1.83,0.08,4.57,100000000,0,,,,,,,,,,
712807,鴻呈永豐63購01,2026-09-01,1.0,-0.06,-5.66,98000000,0,,是,,0.77,,,,,,
712808,鴻呈永豐64購01,2026-09-01,0.83,-0.08,-8.79,145000000,0,,,,,,,,,,
712809,弘塑富邦64購02,2026-09-01,0.82,0.1,13.89,415000000,0,,否,,,,,,,,
712810,頎邦富邦65購02,2026-09-01,0.69,0.07,11.29,1109000000,0,,是,,,,,,,,
712811,雙鴻富邦65購01,2026-09-01,1.58,0.29,22.48,216000000,0,,否,,,,,,,,
712813,均華台新62購04,2026-09-01,1.15,0.08,7.48,60000000,0,,,,,,,,,,
712814,竑騰台新62購03,2026-09-01,1.97,0.05,2.6,1111000000,0,,是,,2.16,,,,,,
712816,博盛台新62購01,2026-09-01,1.3,0.06,4.84,43000000,0,,,,,,,,,,
712817,普萊德台新62購01,2026-09-01,0.83,0.0,0.0,156000000,0,,,,,,,,,,
712818,晶呈台新62購01,2026-09-01,1.84,-0.04,-2.13,277000000,0,,否,,2.01,,,,,,
712822,均華群益64購02,2026-09-01,2.57,0.45,21.23,174000000,0,,,,,,,,,,
712823,群聯群益62購04,2026-09-01,1.52,-0.14,-8.43,31000000,0,,,,,,,,,,
712827,倉和元大62購02,2026-09-01,0.91,0.23,33.82,26000000,0,,否,,0.69,,,,,,
712828,陽程元大62購01,2026-09-01,1.02,-0.01,-0.97,413000000,0,,,,,,,,,,
712829,陽程元大62購02,2026-09-01,0.96,-0.17,-15.04,1042000000,0,,,,,,,,,,
712830,陽程元大62購03,2026-09-01,0.88,-0.14,-13.73,200000000,0,,,,,,,,,,
712831,陽程元大63購04,2026-09-01,1.02,-0.13,-11.3,176000000,0,,,,,,,,,,
712832,陽程元大65購03,2026-09-01,0.86,-0.18,-17.31,99000000,0,,是,,,,,,,,
712833,群聯元大65購01,2026-09-01,1.22,-0.04,-3.17,268000000,0,,否,,,,,,,,
712834,廣閎科元大62購01,2026-09-01,0.61,0.06,10.91,537000000,0,,否,,0.51,,,,,,
712835,營邦元大62購02,2026-09-01,1.34,0.06,4.69,364000000,0,,是,,1.03,,,,,,
712836,中美晶凱基66購02,2026-09-01,1.23,0.13,11.82,61000000,0,,否,,,,,,,,
712837,方土昶凱基63購02,2026-09-01,0.73,0.01,1.39,10000000,0,,,,,,,,,,
712838,台特化凱基65購01,2026-09-01,1.79,0.13,7.83,17000000,0,,否,,,,,,,,
712840,威剛凱基64購04,2026-09-01,1.83,-0.06,-3.17,55000000,0,,否,,,,,,,,
712841,茂迪凱基63購01,2026-09-01,0.93,-0.01,-1.06,50000000,0,,,,,,,,,,
712842,博智凱基63購05,2026-09-01,3.4,0.15,4.62,451000000,0,,是,,2.63,,,,,,
712843,順達凱基63購07,2026-09-01,2.13,0.25,13.3,98000000,0,,,,,,,,,,
712845,群聯凱基68購01,2026-09-01,3.01,-0.18,-5.64,264000000,0,,是,,2.98,,,,,,
712847,千附精永豐63購01,2026-09-01,1.66,-0.04,-2.35,80000000,0,,,,,,,,,,
712848,晶呈永豐64購02,2026-09-01,0.86,0.0,0.0,60000000,0,,否,,0.91,,,,,,
712850,群聯永豐63購06,2026-09-01,1.26,-0.08,-5.97,440000000,0,,,,,,,,,,
712851,群聯永豐65購09,2026-09-01,1.57,-0.09,-5.42,51000000,0,,否,,,,,,,,
712852,頎邦國泰63購04,2026-09-01,1.71,0.17,11.04,179000000,0,,,,,,,,,,
712853,聖暉*富邦62購01,2026-09-01,0.51,0.0,0.0,481000000,0,,,,,,,,,,
712854,大中國票63購01,2026-09-01,1.28,0.05,4.07,8000000,0,,,,,,,,,,
712855,華義*國票68購01,2026-09-01,1.16,0.15,14.85,21000000,0,,否,,,,,,,,
712856,越峰國票68購01,2026-09-01,0.62,0.01,1.64,50000000,0,,,,,,,,,,
712858,陽程國票65購01,2026-09-01,2.0,-0.04,-1.96,2000000,0,,否,,,,,,,,
712859,陽程國票68購01,2026-09-01,2.05,-0.23,-10.09,25000000,0,,否,,,,,,,,
712863,巨漢台新65購01,2026-09-01,2.35,0.15,6.82,27000000,0,,,,,,,,,,
712864,欣銓台新65購01,2026-09-01,2.29,0.22,10.63,49000000,0,,,,,,,,,,
712865,萬泰科台新65購01,2026-09-01,3.18,0.24,8.16,79000000,0,,,,,,,,,,
712866,臺慶科台新65購01,2026-09-01,1.68,-0.02,-1.18,40000000,0,,,,,,,,,,
712869,均華凱基63購01,2026-09-01,1.78,0.01,0.56,112000000,0,,否,,,,,,,,
712870,群聯凱基64購07,2026-09-01,2.19,-0.04,-1.79,44000000,0,,是,,2.17,,,,,,
712871,頎邦凱基63購04,2026-09-01,1.64,0.2,13.89,261000000,0,,,,,,,,,,
712872,廣閎科凱基63購02,2026-09-01,1.41,0.14,11.02,57000000,0,,,,,,,,,,
712873,雙鴻凱基67購01,2026-09-01,2.5,0.71,39.66,128000000,0,,,,,,,,,,
712874,中美晶群益62購06,2026-09-01,1.59,0.15,10.42,53000000,0,,,,,,,,,,
712876,世紀*群益63購03,2026-09-01,8.0,1.0,14.29,1000000,0,,,,,,,,,,
712877,由田群益63購01,2026-09-01,1.18,0.06,5.36,503000000,0,,,,,,,,,,
712878,威剛群益62購06,2026-09-01,0.73,-0.01,-1.35,108000000,0,,,,,,,,,,
712879,晶呈群益64購01,2026-09-01,0.88,0.0,0.0,23000000,0,,,,,,,,,,
712882,新應材群益62購03,2026-09-01,3.18,0.33,11.58,36000000,0,,,,,,,,,,
712884,雙鴻群益62購05,2026-09-01,1.79,0.47,35.61,427000000,0,,,,,,,,,,
712886,中美晶永豐63購01,2026-09-01,1.68,0.14,9.09,64000000,0,,,,,,,,,,
712888,由田永豐63購01,2026-09-01,1.37,0.06,4.58,539000000,0,,,,,,,,,,
712889,群聯永豐63購07,2026-09-01,1.39,-0.08,-5.44,69000000,0,,,,,,,,,,
712890,廣運永豐63購01,2026-09-01,1.74,0.04,2.35,35000000,0,,否,,1.99,,,,,,
712891,穩懋永豐63購01,2026-09-01,3.34,0.63,23.25,9000000,0,,,,,,,,,,
712893,世紀*國票67購01,2026-09-01,2.53,0.06,2.43,60000000,0,,,,,,,,,,
712895,由田國票65購01,2026-09-01,1.3,-0.02,-1.52,22000000,0,,,,,,,,,,
712897,邑錡國票64購01,2026-09-01,1.1,0.0,0.0,325000000,0,,,,,,,,,,
712898,崇越電國票68購01,2026-09-01,0.62,-0.01,-1.59,29000000,0,,,,,,,,,,
712903,中美晶元大62購01,2026-09-01,1.31,0.14,11.97,97000000,0,,是,,,,,,,,
712905,均華元大68購01,2026-09-01,1.12,0.0,0.0,1124000000,0,,,,,,,,,,
712906,宜鼎元大65購02,2026-09-01,1.16,-0.02,-1.69,332000000,0,,是,,,,,,,,
712907,建榮元大62購01,2026-09-01,1.34,0.04,3.08,113000000,0,,是,,1.21,,,,,,
712909,寶雅元大62購01,2026-09-01,1.22,-0.04,-3.17,372000000,0,,,,,,,,,,
712910,由田統一68購02,2026-09-01,0.61,0.04,7.02,101000000,0,,,,,,,,,,
712911,均華統一6A購01,2026-09-01,0.77,-0.02,-2.53,322000000,0,,是,,,,,,,,
712913,晶呈統一68購01,2026-09-01,0.59,0.01,1.72,36000000,0,,,,,,,,,,
712914,晶呈統一6C購01,2026-09-01,0.82,0.01,1.23,5000000,0,,否,,,,,,,,
712916,穩懋富邦65購01,2026-09-01,1.23,0.22,21.78,1449000000,0,,,,,,,,,,
712918,寶雅富邦65購01,2026-09-01,0.62,-0.01,-1.59,7000000,0,,否,,0.67,,,,,,
712920,均華元大68購02,2026-09-01,1.32,-0.01,-0.75,173000000,0,,,,,,,,,,
712921,宜鼎元大65購03,2026-09-01,1.22,-0.01,-0.81,240000000,0,,,,,,,,,,
712922,倉和元大62購03,2026-09-01,1.83,0.23,14.37,3000000,0,,否,,,,,,,,
712923,群聯元大68購03,2026-09-01,0.84,-0.02,-2.33,25000000,0,,否,,,,,,,,
712924,臺慶科元大62購01,2026-09-01,1.16,-0.33,-22.15,5000000,0,,,,,,,,,,
712926,世紀*國票69購01,2026-09-01,1.89,-0.28,-12.9,189000000,0,,,,,,,,,,
712931,晟德國票65購01,2026-09-01,0.76,-0.01,-1.3,16000000,0,,,,,,,,,,
712934,群聯中信62購03,2026-09-01,1.09,-0.06,-5.22,193000000,0,,,,,,,,,,
712935,雙鴻中信62購01,2026-09-01,1.43,0.25,21.19,436000000,0,,,,,,,,,,
712936,桓達永豐63購01,2026-09-01,0.69,-0.02,-2.82,26000000,0,,,,,,,,,,
712938,雙鴻永豐63購05,2026-09-01,1.94,0.34,21.25,18000000,0,,,,,,,,,,
712939,穩懋永豐63購02,2026-09-01,1.67,0.23,15.97,185000000,0,,,,,,,,,,
712940,天良台新62購01,2026-09-01,0.72,-0.05,-6.49,201000000,0,,,,,,,,,,
712942,崴寶台新62購01,2026-09-01,1.22,-0.01,-0.81,15000000,0,,,,,,,,,,
712943,新門台新62購01,2026-09-01,0.78,-0.06,-7.14,20000000,0,,,,,,,,,,
712944,瑞耘台新62購01,2026-09-01,0.93,0.07,8.14,669000000,0,,,,,,,,,,
712947,台半凱基64購01,2026-09-01,0.8,0.01,1.27,147000000,0,,,,,,,,,,
712948,弘塑凱基68購01,2026-09-01,1.77,0.2,12.74,90000000,0,,,,,,,,,,
712949,均華凱基68購02,2026-09-01,1.71,0.14,8.92,533000000,0,,,,,,,,,,
712950,宜鼎凱基63購06,2026-09-01,1.41,-0.06,-4.08,101000000,0,,,,,,,,,,
712951,威剛凱基68購01,2026-09-01,1.81,-0.02,-1.09,25000000,0,,,,,,,,,,
712953,博盛凱基66購01,2026-09-01,1.13,0.07,6.6,3000000,0,,,,,,,,,,
712955,新應材凱基63購07,2026-09-01,2.32,0.28,13.73,764000000,0,,,,,,,,,,
712958,均華群益62購01,2026-09-01,1.32,-0.01,-0.75,1079000000,0,,,,,,,,,,
712959,群聯群益62購06,2026-09-01,1.27,-0.19,-13.01,42000000,0,,,,,,,,,,
712960,雙鴻群益62購06,2026-09-01,1.87,0.44,30.77,781000000,0,,,,,,,,,,
712962,倉和國泰63購02,2026-09-01,3.0,0.61,25.52,2000000,0,,,,,,,,,,
712963,台特化富邦62購01,2026-09-01,0.72,0.06,9.09,18000000,0,,,,,,,,,,
712964,新應材富邦64購03,2026-09-01,0.75,0.07,10.29,223000000,0,,,,,,,,,,
712968,安葆凱基63購01,2026-09-01,1.3,0.02,1.56,85000000,0,,,,,,,,,,
712970,耕興凱基65購01,2026-09-01,0.84,0.0,0.0,1000000,0,,,,,,,,,,
712971,崇越電凱基68購01,2026-09-01,1.14,-0.01,-0.87,2000000,0,,,,,,,,,,
712972,群聯凱基63購11,2026-09-01,2.18,-0.12,-5.22,5000000,0,,,,,,,,,,
712973,群聯凱基63購12,2026-09-01,2.85,-0.16,-5.32,29000000,0,,,,,,,,,,
712974,群聯凱基64購08,2026-09-01,2.49,-0.1,-3.86,6000000,0,,,,,,,,,,
712975,臺慶科凱基63購04,2026-09-01,1.46,0.1,7.35,10000000,0,,,,,,,,,,
712976,營邦凱基63購03,2026-09-01,4.21,0.62,17.27,297000000,0,,,,,,,,,,
712977,雙鴻凱基63購11,2026-09-01,4.58,1.31,40.06,70000000,0,,,,,,,,,,
712978,穩懋凱基65購01,2026-09-01,3.43,0.46,15.49,261000000,0,,,,,,,,,,
712982,世紀*國票65購01,2026-09-01,1.54,0.07,4.76,170000000,0,,,,,,,,,,
712983,世紀*國票6B購01,2026-09-01,1.62,0.06,3.85,113000000,0,,,,,,,,,,
712986,宸曜國票63購01,2026-09-01,1.35,-0.07,-4.93,24000000,0,,,,,,,,,,
712987,博智國票64購01,2026-09-01,2.82,0.22,8.46,23000000,0,,,,,,,,,,
712988,新應材國票63購02,2026-09-01,1.77,0.09,5.36,29000000,0,,,,,,,,,,
712989,群翊國票65購01,2026-09-01,1.04,0.15,16.85,20000000,0,,,,,,,,,,
712992,世紀*元大68購01,2026-09-01,1.56,0.35,28.93,10000000,0,,,,,,,,,,
712993,威剛元大65購12,2026-09-01,2.06,-0.05,-2.37,166000000,0,,,,,,,,,,
712994,崇越電元大62購02,2026-09-01,0.59,-0.02,-3.28,230000000,0,,,,,,,,,,
712995,順達元大68購01,2026-09-01,1.46,0.14,10.61,535000000,0,,,,,,,,,,
712996,群聯元大68購04,2026-09-01,2.35,-0.09,-3.69,125000000,0,,,,,,,,,,
712997,中美晶群益62購07,2026-09-01,2.15,0.18,9.14,45000000,0,,,,,,,,,,
712998,弘塑群益62購03,2026-09-01,2.95,0.25,9.26,1092000000,0,,,,,,,,,,
712999,弘塑群益68購01,2026-09-01,2.06,0.21,11.35,101000000,0,,,,,,,,,,
713000,良維群益64購01,2026-09-01,2.59,0.11,4.44,190000000,0,,,,,,,,,,
713001,宜特群益62購03,2026-09-01,1.07,0.05,4.9,127000000,0,,,,,,,,,,
713002,宜鼎群益62購02,2026-09-01,2.27,0.02,0.89,110000000,0,,,,,,,,,,
713003,威剛群益62購07,2026-09-01,4.06,0.0,0.0,13000000,0,,,,,,,,,,
713004,茂綸群益63購01,2026-09-01,0.67,0.01,1.52,402000000,0,,,,,,,,,,
713005,倚強群益64購01,2026-09-01,5.35,-0.45,-7.76,33000000,0,,,,,,,,,,
713006,原相群益62購03,2026-09-01,2.78,0.13,4.91,4000000,0,,,,,,,,,,
713007,能率群益62購01,2026-09-01,1.63,-0.19,-10.44,76000000,0,,,,,,,,,,
713008,高技群益62購01,2026-09-01,2.87,0.27,10.38,152000000,0,,,,,,,,,,
713009,崇越電群益64購01,2026-09-01,0.95,0.01,1.06,440000000,0,,,,,,,,,,
713010,博智群益62購03,2026-09-01,5.6,0.25,4.67,7000000,0,,,,,,,,,,
713011,閎康群益62購01,2026-09-01,1.86,0.32,20.78,3000000,0,,,,,,,,,,
713012,順達群益62購02,2026-09-01,1.61,0.08,5.23,20000000,0,,,,,,,,,,
713014,新應材群益62購04,2026-09-01,2.95,0.28,10.49,206000000,0,,,,,,,,,,
713015,群聯群益62購07,2026-09-01,1.67,-0.11,-6.18,5000000,0,,,,,,,,,,
713017,漢達群益62購01,2026-09-01,2.39,-0.5,-17.3,46000000,0,,,,,,,,,,
713018,臺慶科群益65購01,2026-09-01,1.7,-0.01,-0.58,29000000,0,,,,,,,,,,
713019,雙鴻群益62購07,2026-09-01,2.81,0.52,22.71,71000000,0,,,,,,,,,,
713020,穩懋群益63購03,2026-09-01,1.4,0.42,42.86,567000000,0,,,,,,,,,,
713021,穩懋群益64購04,2026-09-01,1.75,0.36,25.9,81000000,0,,,,,,,,,,
713023,良維中信62購01,2026-09-01,1.05,0.13,14.13,746000000,0,,,,,,,,,,
713024,宏觀永豐63購01,2026-09-01,1.27,0.05,4.1,58000000,0,,,,,,,,,,
713025,宜鼎永豐62購01,2026-09-01,0.73,-0.03,-3.95,177000000,0,,,,,,,,,,
713026,宜鼎永豐63購06,2026-09-01,1.39,0.01,0.72,92000000,0,,,,,,,,,,
713027,朋程永豐63購01,2026-09-01,1.45,0.05,3.57,32000000,0,,,,,,,,,,
713029,新應材永豐64購03,2026-09-01,0.96,0.07,7.87,26000000,0,,,,,,,,,,
713031,宜鼎台新62購05,2026-09-01,3.21,-0.01,-0.31,57000000,0,,,,,,,,,,
713032,元太群益62購02,2026-09-01,1.13,-0.05,-4.24,143000000,0,,,,,,,,,,
713033,群聯群益62購08,2026-09-01,1.65,-0.11,-6.25,10000000,0,,,,,,,,,,
713035,雙鴻群益62購08,2026-09-01,6.2,1.4,29.17,401000000,0,,,,,,,,,,
713037,台星科元大62購03,2026-09-01,0.75,0.08,11.94,229000000,0,,,,,,,,,,
713038,安葆元大62購01,2026-09-01,1.18,0.07,6.31,157000000,0,,,,,,,,,,
713039,安葆元大62購02,2026-09-01,0.69,0.06,9.52,964000000,0,,,,,,,,,,
713040,竑騰元大62購01,2026-09-01,1.25,0.01,0.81,112000000,0,,,,,,,,,,
713041,雙鴻元大62購02,2026-09-01,1.61,0.32,24.81,297000000,0,,,,,,,,,,
713042,雙鴻元大62購03,2026-09-01,2.14,0.59,38.06,176000000,0,,,,,,,,,,
713043,雙鴻元大62購04,2026-09-01,1.54,0.37,31.62,324000000,0,,,,,,,,,,
713044,中美晶凱基63購07,2026-09-01,2.73,0.24,9.64,22000000,0,,,,,,,,,,
713045,弘塑凱基63購06,2026-09-01,2.25,0.34,17.8,169000000,0,,,,,,,,,,
713046,宜特凱基63購02,2026-09-01,1.25,0.1,8.7,20000000,0,,,,,,,,,,
713047,宜鼎凱基63購07,2026-09-01,1.99,-0.01,-0.5,16000000,0,,,,,,,,,,
713048,威剛凱基65購02,2026-09-01,3.37,-0.05,-1.46,13000000,0,,,,,,,,,,
713051,順達凱基63購08,2026-09-01,2.0,0.24,13.64,63000000,0,,,,,,,,,,
713053,新應材凱基63購08,2026-09-01,2.52,0.49,24.14,30000000,0,,,,,,,,,,
713058,元太國票65購01,2026-09-01,0.87,0.03,3.57,34000000,0,,,,,,,,,,
713059,安葆國票63購01,2026-09-01,0.72,0.08,12.5,75000000,0,,,,,,,,,,
713060,信立國票63購01,2026-09-01,2.23,-0.02,-0.89,2000000,0,,,,,,,,,,
713065,世界永豐64購02,2026-09-01,2.01,0.07,3.61,31000000,0,,,,,,,,,,
713066,安葆永豐64購01,2026-09-01,1.22,0.05,4.27,49000000,0,,,,,,,,,,
713067,威剛永豐63購01,2026-09-01,2.01,-0.03,-1.47,37000000,0,,,,,,,,,,
713068,威剛永豐63購02,2026-09-01,1.62,-0.03,-1.82,88000000,0,,,,,,,,,,
713069,穩懋永豐63購03,2026-09-01,3.98,0.87,27.97,14000000,0,,,,,,,,,,
713070,元太富邦64購02,2026-09-01,0.68,0.05,7.94,310000000,0,,,,,,,,,,
713071,宜特富邦64購01,2026-09-01,0.91,0.07,8.33,295000000,0,,,,,,,,,,
713072,威剛富邦68購01,2026-09-01,0.73,-0.01,-1.35,174000000,0,,,,,,,,,,
713073,高技富邦64購01,2026-09-01,1.15,0.08,7.48,251000000,0,,,,,,,,,,
713074,博智富邦63購03,2026-09-01,1.21,0.08,7.08,18000000,0,,,,,,,,,,
713076,雙鴻富邦64購02,2026-09-01,1.48,0.36,32.14,11000000,0,,,,,,,,,,
713078,建榮統一6B購01,2026-09-01,0.58,0.0,0.0,30000000,0,,,,,,,,,,
713079,巨有台新62購01,2026-09-01,2.12,0.28,15.22,37000000,0,,,,,,,,,,
713080,巨有台新62購02,2026-09-01,1.35,0.24,21.62,2000000,0,,,,,,,,,,
713081,竑騰台新62購04,2026-09-01,1.47,-0.08,-5.16,14000000,0,,,,,,,,,,
713082,高技台新62購01,2026-09-01,2.62,0.16,6.5,7000000,0,,,,,,,,,,
713083,群翊台新62購01,2026-09-01,2.21,0.34,18.18,10000000,0,,,,,,,,,,
713084,群翊台新62購02,2026-09-01,1.54,0.16,11.59,52000000,0,,,,,,,,,,
713085,榮剛台新65購01,2026-09-01,1.55,0.18,13.14,10000000,0,,,,,,,,,,
713086,穩懋台新62購02,2026-09-01,6.6,1.35,25.71,688000000,0,,,,,,,,,,
713087,穩懋台新62購03,2026-09-01,4.76,1.29,37.18,282000000,0,,,,,,,,,,
713088,大江凱基65購01,2026-09-01,0.91,0.0,0.0,1000000,0,,,,,,,,,,
713090,台星科凱基63購01,2026-09-01,1.62,0.25,18.25,51000000,0,,,,,,,,,,
713092,威剛凱基63購08,2026-09-01,1.81,-0.06,-3.21,23000000,0,,,,,,,,,,
713093,威剛凱基63購09,2026-09-01,2.09,-0.06,-2.79,38000000,0,,,,,,,,,,
713094,威剛凱基63購10,2026-09-01,1.9,-0.04,-2.06,30000000,0,,,,,,,,,,
713095,威剛凱基63購11,2026-09-01,2.17,-0.04,-1.81,42000000,0,,,,,,,,,,
713096,竑騰凱基63購01,2026-09-01,1.1,0.01,0.92,173000000,0,,,,,,,,,,
713098,群聯凱基63購16,2026-09-01,2.66,-0.16,-5.67,176000000,0,,,,,,,,,,
713099,聖暉*凱基63購01,2026-09-01,1.3,0.15,13.04,10000000,0,,,,,,,,,,
713101,雙鴻凱基68購01,2026-09-01,4.71,0.63,15.44,110000000,0,,,,,,,,,,
713102,高技國泰63購01,2026-09-01,2.12,0.13,6.53,331000000,0,,,,,,,,,,
713103,群翊國泰63購01,2026-09-01,2.19,0.38,20.99,29000000,0,,,,,,,,,,
713104,大綜國票63購01,2026-09-01,1.75,0.07,4.17,700000000,0,,,,,,,,,,
713106,宏捷科國票66購01,2026-09-01,1.01,0.08,8.6,86000000,0,,,,,,,,,,
713108,群翊國票66購01,2026-09-01,0.85,0.1,13.33,25000000,0,,,,,,,,,,
713109,聖暉*富邦62購02,2026-09-01,0.74,0.01,1.37,361000000,0,,,,,,,,,,
713110,台半中信62購01,2026-09-01,0.86,0.02,2.38,46000000,0,,,,,,,,,,
713111,宜鼎中信62購02,2026-09-01,0.73,0.02,2.82,18000000,0,,,,,,,,,,
713112,威剛中信62購01,2026-09-01,0.99,-0.04,-3.88,4000000,0,,,,,,,,,,
713115,威剛永豐63購03,2026-09-01,1.13,-0.01,-0.88,44000000,0,,,,,,,,,,
713116,竑騰永豐63購02,2026-09-01,0.73,0.05,7.35,340000000,0,,,,,,,,,,
713117,頎邦永豐64購02,2026-09-01,1.68,0.09,5.66,22000000,0,,,,,,,,,,
713118,榮剛永豐63購02,2026-09-01,1.09,0.1,10.1,2000000,0,,,,,,,,,,
713120,中美晶群益62購08,2026-09-01,1.58,0.06,3.95,161000000,0,,,,,,,,,,
713122,台半群益62購04,2026-09-01,3.14,0.07,2.28,5000000,0,,,,,,,,,,
713124,宜鼎群益64購01,2026-09-01,1.12,0.0,0.0,10000000,0,,,,,,,,,,
713125,欣銓群益62購01,2026-09-01,3.77,0.6,18.93,29000000,0,,,,,,,,,,
713126,青雲群益64購01,2026-09-01,1.73,-0.14,-7.49,282000000,0,,,,,,,,,,
713127,威剛群益62購08,2026-09-01,1.82,-0.05,-2.67,88000000,0,,,,,,,,,,
713129,順達群益62購03,2026-09-01,4.1,0.45,12.33,102000000,0,,,,,,,,,,
713131,新應材群益62購05,2026-09-01,0.58,0.02,3.57,529000000,0,,,,,,,,,,
713132,群翊群益62購01,2026-09-01,1.79,0.19,11.88,346000000,0,,,,,,,,,,
713133,群聯群益62購09,2026-09-01,1.47,-0.11,-6.96,5000000,0,,,,,,,,,,
713134,鉅橡群益62購01,2026-09-01,3.2,0.14,4.58,355000000,0,,,,,,,,,,
713135,頎邦群益63購01,2026-09-01,3.13,0.35,12.59,79000000,0,,,,,,,,,,
713136,臺慶科群益62購01,2026-09-01,3.45,0.05,1.47,23000000,0,,,,,,,,,,
713137,廣閎科群益62購01,2026-09-01,2.86,0.08,2.88,7000000,0,,,,,,,,,,
713138,大綜元大62購01,2026-09-01,1.29,0.01,0.78,5000000,0,,,,,,,,,,
713139,中美晶元大62購02,2026-09-01,1.23,-0.01,-0.81,752000000,0,,,,,,,,,,
713140,弘塑元大62購02,2026-09-01,1.24,0.11,9.73,444000000,0,,,,,,,,,,
713141,均華元大62購01,2026-09-01,1.02,0.09,9.68,36000000,0,,,,,,,,,,
713142,沛亨元大62購01,2026-09-01,1.12,0.12,12.0,539000000,0,,,,,,,,,,
713143,宜鼎元大62購03,2026-09-01,0.86,0.02,2.38,98000000,0,,,,,,,,,,
713144,威剛元大65購13,2026-09-01,1.69,-0.05,-2.87,329000000,0,,,,,,,,,,
713145,高技元大62購01,2026-09-01,0.89,0.09,11.25,409000000,0,,,,,,,,,,
713146,群聯元大62購05,2026-09-01,1.47,-0.08,-5.16,293000000,0,,,,,,,,,,
713147,群聯元大62購06,2026-09-01,1.32,-0.08,-5.71,440000000,0,,,,,,,,,,
713148,中美晶凱基62購01,2026-09-01,2.35,0.23,10.85,120000000,0,,,,,,,,,,
713149,台半凱基66購01,2026-09-01,2.03,0.01,0.5,30000000,0,,,,,,,,,,
713150,弘塑凱基65購01,2026-09-01,3.36,0.23,7.35,54000000,0,,,,,,,,,,
713151,均華凱基62購01,2026-09-01,2.2,0.0,0.0,45000000,0,,,,,,,,,,
713153,宜鼎凱基64購03,2026-09-01,1.22,-0.06,-4.69,56000000,0,,,,,,,,,,
713154,威剛凱基62購01,2026-09-01,1.63,0.01,0.62,90000000,0,,,,,,,,,,
713155,高技凱基65購01,2026-09-01,2.6,0.12,4.84,147000000,0,,,,,,,,,,
713157,新應材凱基62購01,2026-09-01,2.04,0.11,5.7,49000000,0,,,,,,,,,,
713159,頎邦凱基68購01,2026-09-01,3.75,0.38,11.28,24000000,0,,,,,,,,,,
713160,廣閎科凱基62購01,2026-09-01,2.93,0.25,9.33,156000000,0,,,,,,,,,,
713161,磐亞凱基62購01,2026-09-01,1.59,-0.14,-8.09,363000000,0,,,,,,,,,,
713164,磐亞凱基62購04,2026-09-01,1.65,-0.02,-1.2,10000000,0,,,,,,,,,,
713167,環球晶凱基62購02,2026-09-01,1.33,0.31,30.39,120000000,0,,,,,,,,,,
713169,環球晶凱基62購04,2026-09-01,1.3,0.16,14.04,6000000,0,,,,,,,,,,
713171,環球晶凱基64購01,2026-09-01,0.97,0.22,29.33,140000000,0,,,,,,,,,,
713173,環球晶凱基64購03,2026-09-01,1.09,0.08,7.92,10000000,0,,,,,,,,,,
713174,環球晶凱基64購04,2026-09-01,0.99,0.07,7.61,7000000,0,,,,,,,,,,
713175,雙鴻凱基68購02,2026-09-01,2.59,0.36,16.14,10000000,0,,,,,,,,,,
713176,宏碩台新62購01,2026-09-01,2.1,0.37,21.39,2000000,0,,,,,,,,,,
713177,順達台新62購02,2026-09-01,2.15,0.21,10.82,6000000,0,,,,,,,,,,
713178,環球晶台新62購03,2026-09-01,1.25,0.18,16.82,54000000,0,,,,,,,,,,
713179,環球晶台新62購04,2026-09-01,1.08,0.19,21.35,338000000,0,,,,,,,,,,
713180,環球晶台新62購05,2026-09-01,0.87,0.1,12.99,44000000,0,,,,,,,,,,
713181,環球晶台新62購06,2026-09-01,0.87,0.23,35.94,247000000,0,,,,,,,,,,
713182,環球晶台新68購01,2026-09-01,2.49,0.3,13.7,16000000,0,,,,,,,,,,
713183,環球晶台新68購02,2026-09-01,2.06,0.24,13.19,24000000,0,,,,,,,,,,
713184,元太群益62購04,2026-09-01,1.1,-0.03,-2.65,29000000,0,,,,,,,,,,
713185,宜鼎群益62購03,2026-09-01,2.11,0.01,0.48,10000000,0,,,,,,,,,,
713186,環球晶群益62購02,2026-09-01,1.14,0.27,31.03,10000000,0,,,,,,,,,,
713189,環球晶群益63購01,2026-09-01,1.39,0.25,21.93,17000000,0,,,,,,,,,,
713190,環球晶統一66購01,2026-09-01,0.84,0.16,23.53,256000000,0,,,,,,,,,,
713192,環球晶統一6A購02,2026-09-01,0.66,0.12,22.22,10000000,0,,,,,,,,,,
713193,環球晶統一6C購01,2026-09-01,0.51,0.04,8.51,2000000,0,,,,,,,,,,
713194,環球晶統一78購01,2026-09-01,0.61,0.08,15.09,412000000,0,,,,,,,,,,
713198,環球晶國泰64購01,2026-09-01,1.58,0.19,13.67,41000000,0,,,,,,,,,,
713199,環球晶國泰67購01,2026-09-01,1.61,0.16,11.03,78000000,0,,,,,,,,,,
713200,良維富邦64購01,2026-09-01,1.0,0.05,5.26,1466000000,0,,,,,,,,,,
713201,群翊富邦65購01,2026-09-01,0.68,0.08,13.33,135000000,0,,,,,,,,,,
713202,環球晶富邦62購01,2026-09-01,0.69,0.08,13.11,128000000,0,,,,,,,,,,
713203,環球晶富邦62購02,2026-09-01,0.72,0.09,14.29,43000000,0,,,,,,,,,,
713204,環球晶富邦65購01,2026-09-01,0.57,0.1,21.28,1000000,0,,,,,,,,,,
713205,環球晶中信62購01,2026-09-01,0.46,0.14,43.75,1169000000,0,,,,,,,,,,
713206,環球晶中信62購02,2026-09-01,0.67,0.05,8.06,55000000,0,,,,,,,,,,
713208,環球晶永豐63購01,2026-09-01,1.2,0.23,23.71,101000000,0,,,,,,,,,,
713209,環球晶永豐63購02,2026-09-01,0.99,0.19,23.75,151000000,0,,,,,,,,,,
713210,環球晶永豐63購03,2026-09-01,1.27,0.14,12.39,47000000,0,,,,,,,,,,
713212,環球晶永豐63購05,2026-09-01,1.04,0.06,6.12,39000000,0,,,,,,,,,,
713213,環球晶永豐63購06,2026-09-01,1.15,0.07,6.48,51000000,0,,,,,,,,,,
713216,環球晶永豐65購03,2026-09-01,1.58,0.27,20.61,24000000,0,,,,,,,,,,
713217,環球晶永豐68購01,2026-09-01,2.95,0.36,13.9,17000000,0,,,,,,,,,,
713218,環球晶永豐68購02,2026-09-01,2.61,0.33,14.47,60000000,0,,,,,,,,,,
713220,雙鴻永豐63購06,2026-09-01,1.76,0.33,23.08,145000000,0,,,,,,,,,,
713221,雙鴻永豐64購06,2026-09-01,2.16,0.38,21.35,337000000,0,,,,,,,,,,
713222,中美晶國票63購02,2026-09-01,1.09,0.09,9.0,28000000,0,,,,,,,,,,
713223,均華國票65購01,2026-09-01,2.91,0.43,17.34,12000000,0,,,,,,,,,,
713228,磐亞國票66購01,2026-09-01,0.97,-0.03,-3.0,4000000,0,,,,,,,,,,
713229,環球晶國票64購01,2026-09-01,1.06,0.16,17.78,5000000,0,,,,,,,,,,
713231,中美晶元大62購03,2026-09-01,0.57,0.06,11.76,326000000,0,,,,,,,,,,
713232,均華元大62購02,2026-09-01,1.33,0.17,14.66,40000000,0,,,,,,,,,,
713233,均華元大66購01,2026-09-01,1.36,0.02,1.49,528000000,0,,,,,,,,,,
713234,均華元大67購01,2026-09-01,1.1,0.0,0.0,435000000,0,,,,,,,,,,
713235,威剛元大65購14,2026-09-01,1.36,0.0,0.0,274000000,0,,,,,,,,,,
713236,群聯元大62購07,2026-09-01,1.63,-0.07,-4.12,305000000,0,,,,,,,,,,
713237,群聯元大62購08,2026-09-01,1.64,-0.12,-6.82,57000000,0,,,,,,,,,,
713238,磐亞元大62購01,2026-09-01,0.77,-0.02,-2.53,80000000,0,,,,,,,,,,
713239,營邦元大65購01,2026-09-01,1.49,0.17,12.88,211000000,0,,,,,,,,,,
713240,環球晶元大62購01,2026-09-01,1.0,0.17,20.48,319000000,0,,,,,,,,,,
713241,環球晶元大62購02,2026-09-01,0.95,0.15,18.75,518000000,0,,,,,,,,,,
713242,環球晶元大62購03,2026-09-01,0.57,0.1,21.28,84000000,0,,,,,,,,,,
713243,環球晶元大65購03,2026-09-01,1.12,0.15,15.46,139000000,0,,,,,,,,,,
713244,環球晶元大68購09,2026-09-01,1.33,0.17,14.66,477000000,0,,,,,,,,,,
713245,元太凱基63購04,2026-09-01,2.28,-0.14,-5.79,12000000,0,,,,,,,,,,
713246,威剛凱基65購03,2026-09-01,2.27,-0.05,-2.16,16000000,0,,,,,,,,,,
713247,群聯凱基63購17,2026-09-01,2.19,-0.14,-6.01,6000000,0,,,,,,,,,,
713248,營邦凱基63購04,2026-09-01,2.12,0.22,11.58,281000000,0,,,,,,,,,,
713249,雙鴻凱基64購03,2026-09-01,3.08,0.69,28.87,188000000,0,,,,,,,,,,
713250,聖暉*台新63購01,2026-09-01,2.33,0.16,7.37,998000000,0,,,,,,,,,,
713251,璟德台新65購01,2026-09-01,1.46,0.01,0.69,53000000,0,,,,,,,,,,
713252,優群台新65購01,2026-09-01,1.93,0.11,6.04,45000000,0,,,,,,,,,,
713253,雙鴻台新63購02,2026-09-01,6.85,1.85,37.0,3000000,0,,,,,,,,,,
713255,中美晶群益63購04,2026-09-01,4.04,0.57,16.43,17000000,0,,,,,,,,,,
713256,弘塑群益63購04,2026-09-01,4.47,0.4,9.83,318000000,0,,,,,,,,,,
713257,宜鼎群益63購03,2026-09-01,1.08,0.0,0.0,10000000,0,,,,,,,,,,
713259,順達群益63購03,2026-09-01,4.15,0.42,11.26,97000000,0,,,,,,,,,,
713260,鈊象群益63購02,2026-09-01,1.97,0.03,1.55,5000000,0,,,,,,,,,,
713261,新應材群益64購01,2026-09-01,0.92,0.01,1.1,5000000,0,,,,,,,,,,
713262,群聯群益63購04,2026-09-01,1.56,-0.1,-6.02,5000000,0,,,,,,,,,,
713263,雙鴻群益63購05,2026-09-01,2.27,0.57,33.53,50000000,0,,,,,,,,,,
713264,宜鼎中信68購01,2026-09-01,0.71,0.02,2.9,5000000,0,,,,,,,,,,
713266,穩懋中信63購01,2026-09-01,1.35,0.32,31.07,611000000,0,,,,,,,,,,
713267,穩懋中信68購02,2026-09-01,1.09,0.16,17.2,584000000,0,,,,,,,,,,
713269,雙鴻永豐65購03,2026-09-01,5.25,0.95,22.09,7000000,0,,,,,,,,,,
713270,雙鴻永豐65購04,2026-09-01,2.16,0.3,16.13,300000000,0,,,,,,,,,,
713271,譜瑞永豐63購01,2026-09-01,2.07,0.14,7.25,33000000,0,,,,,,,,,,
713272,中美晶元大63購05,2026-09-01,1.42,0.12,9.23,67000000,0,,,,,,,,,,
713273,中美晶元大63購06,2026-09-01,0.79,0.06,8.22,75000000,0,,,,,,,,,,
713275,宜鼎元大65購04,2026-09-01,1.63,0.01,0.62,170000000,0,,,,,,,,,,
713276,宜鼎元大66購01,2026-09-01,1.36,0.03,2.26,6000000,0,,,,,,,,,,
713277,威剛元大63購05,2026-09-01,1.62,-0.02,-1.22,91000000,0,,,,,,,,,,
713279,高技元大63購03,2026-09-01,2.27,0.18,8.61,187000000,0,,,,,,,,,,
713280,高技元大63購04,2026-09-01,2.0,0.03,1.52,37000000,0,,,,,,,,,,
713281,順達元大65購01,2026-09-01,2.18,0.18,9.0,281000000,0,,,,,,,,,,
713282,鈊象元大63購10,2026-09-01,1.72,-0.09,-4.97,6000000,0,,,,,,,,,,
713284,群聯元大63購18,2026-09-01,1.35,-0.05,-3.57,15000000,0,,,,,,,,,,
713285,營邦元大65購02,2026-09-01,2.17,0.18,9.05,20000000,0,,,,,,,,,,
713286,營邦元大66購01,2026-09-01,1.85,0.11,6.32,34000000,0,,,,,,,,,,
713288,正德國票63購01,2026-09-01,1.14,-0.07,-5.79,8000000,0,,,,,,,,,,
713291,群翊國票68購01,2026-09-01,0.86,0.08,10.26,10000000,0,,,,,,,,,,
713295,營邦國票63購01,2026-09-01,2.39,0.12,5.29,26000000,0,,,,,,,,,,
713296,營邦國票64購01,2026-09-01,2.59,0.27,11.64,253000000,0,,,,,,,,,,
713297,環球晶國票63購01,2026-09-01,2.09,0.41,24.4,455000000,0,,,,,,,,,,
713299,廣閎科富邦63購01,2026-09-01,0.88,0.08,10.0,103000000,0,,,,,,,,,,
713300,穩懋富邦63購02,2026-09-01,1.83,0.36,24.49,405000000,0,,,,,,,,,,
713301,天良國泰63購01,2026-09-01,0.89,-0.05,-5.32,100000000,0,,,,,,,,,,
713302,晶呈國泰63購01,2026-09-01,1.6,0.01,0.63,200000000,0,,,,,,,,,,
713304,磐亞國泰63購01,2026-09-01,0.95,-0.07,-6.86,4000000,0,,,,,,,,,,
713305,穩懋國泰64購02,2026-09-01,2.96,0.49,19.84,421000000,0,,,,,,,,,,
713306,穩懋國泰65購01,2026-09-01,1.66,0.27,19.42,378000000,0,,,,,,,,,,
713307,環球晶統一67購01,2026-09-01,0.67,0.11,19.64,46000000,0,,,,,,,,,,
713308,千附精凱基65購01,2026-09-01,1.95,0.09,4.84,15000000,0,,,,,,,,,,
713309,中美晶凱基63購08,2026-09-01,2.61,0.16,6.53,11000000,0,,,,,,,,,,
713311,弘塑凱基63購07,2026-09-01,1.8,-0.13,-6.74,67000000,0,,,,,,,,,,
713312,良維凱基63購02,2026-09-01,3.62,0.26,7.74,14000000,0,,,,,,,,,,
713313,高技凱基63購02,2026-09-01,2.87,0.24,9.13,9000000,0,,,,,,,,,,
713316,新應材凱基65購01,2026-09-01,2.91,0.23,8.58,62000000,0,,,,,,,,,,
713320,精材凱基63購03,2026-09-01,4.0,-0.42,-9.5,108000000,0,,,,,,,,,,
713321,精材凱基63購04,2026-09-01,4.18,-0.35,-7.73,25000000,0,,,,,,,,,,
713323,精材凱基63購06,2026-09-01,4.6,0.09,2.0,3000000,0,,,,,,,,,,
713324,環球晶凱基63購01,2026-09-01,2.12,0.28,15.22,122000000,0,,,,,,,,,,
713326,華宏台新63購01,2026-09-01,0.8,0.0,0.0,25000000,0,,,,,,,,,,
713327,華景電台新63購01,2026-09-01,1.84,0.26,16.46,55000000,0,,,,,,,,,,
713328,華景電台新63購02,2026-09-01,1.81,0.33,22.3,36000000,0,,,,,,,,,,
713330,頎邦台新65購01,2026-09-01,1.98,0.2,11.24,31000000,0,,,,,,,,,,
713332,精材台新63購02,2026-09-01,2.6,-0.03,-1.14,10000000,0,,,,,,,,,,
713333,雙鴻台新65購03,2026-09-01,11.7,1.9,19.39,4000000,0,,,,,,,,,,
713335,千附精元大63購02,2026-09-01,1.42,0.04,2.9,53000000,0,,,,,,,,,,
713336,元太元大63購09,2026-09-01,1.05,-0.07,-6.25,28000000,0,,,,,,,,,,
713337,元太元大65購05,2026-09-01,1.29,-0.06,-4.44,23000000,0,,,,,,,,,,
713339,高技元大63購05,2026-09-01,1.98,-0.01,-0.5,32000000,0,,,,,,,,,,
713340,鈊象元大63購11,2026-09-01,1.95,0.06,3.17,15000000,0,,,,,,,,,,
713342,精材元大65購01,2026-09-01,1.42,0.02,1.43,35000000,0,,,,,,,,,,
713343,環球晶元大63購01,2026-09-01,1.66,0.31,22.96,264000000,0,,,,,,,,,,
713344,環球晶元大63購02,2026-09-01,1.47,0.16,12.21,79000000,0,,,,,,,,,,
713345,環球晶元大63購03,2026-09-01,1.13,-0.05,-4.24,185000000,0,,,,,,,,,,
713346,環球晶元大65購04,2026-09-01,0.99,-0.07,-6.6,14000000,0,,,,,,,,,,
713347,環球晶元大68購10,2026-09-01,0.8,0.12,17.65,63000000,0,,,,,,,,,,
713348,雙鴻元大63購11,2026-09-01,1.55,0.19,13.97,46000000,0,,,,,,,,,,
713349,雙鴻元大63購12,2026-09-01,1.62,0.34,26.56,66000000,0,,,,,,,,,,
713350,雙鴻元大63購13,2026-09-01,1.44,0.18,14.29,54000000,0,,,,,,,,,,
713351,雙鴻元大65購01,2026-09-01,1.42,0.44,44.9,10000000,0,,,,,,,,,,
713355,精材中信68購01,2026-09-01,1.1,0.04,3.77,200000000,0,,,,,,,,,,
713358,弘塑永豐63購03,2026-09-01,1.4,0.11,8.53,18000000,0,,,,,,,,,,
713361,均華永豐63購03,2026-09-01,1.03,0.0,0.0,26000000,0,,,,,,,,,,
713362,原相永豐63購01,2026-09-01,1.27,0.08,6.72,4000000,0,,,,,,,,,,
713366,博智永豐63購02,2026-09-01,1.67,0.04,2.45,59000000,0,,,,,,,,,,
713368,閎康永豐63購01,2026-09-01,1.2,0.05,4.35,29000000,0,,,,,,,,,,
713376,穩懋永豐63購04,2026-09-01,3.51,0.67,23.59,529000000,0,,,,,,,,,,
713377,中美晶群益63購05,2026-09-01,3.29,0.24,7.87,7000000,0,,,,,,,,,,
713378,世界群益63購02,2026-09-01,0.91,-0.17,-15.74,8000000,0,,,,,,,,,,
713379,台半群益63購02,2026-09-01,1.18,-0.01,-0.84,123000000,0,,,,,,,,,,
713380,弘塑群益63購05,2026-09-01,1.17,0.04,3.54,100000000,0,,,,,,,,,,
713381,均華群益66購01,2026-09-01,4.87,0.39,8.71,10000000,0,,,,,,,,,,
713384,博盛群益63購01,2026-09-01,1.25,0.09,7.76,150000000,0,,,,,,,,,,
713385,鈊象群益63購03,2026-09-01,1.97,0.04,2.07,115000000,0,,,,,,,,,,
713387,群聯群益63購05,2026-09-01,2.53,-0.15,-5.6,6000000,0,,,,,,,,,,
713388,群聯群益63購06,2026-09-01,1.05,-0.13,-11.02,20000000,0,,,,,,,,,,
713389,精材群益63購04,2026-09-01,3.42,0.22,6.88,16000000,0,,,,,,,,,,
713391,雙鴻群益66購01,2026-09-01,1.0,0.12,13.64,147000000,0,,,,,,,,,,
713392,穩懋群益65購01,2026-09-01,1.64,0.31,23.31,323000000,0,,,,,,,,,,
713405,鉅橡國票65購01,2026-09-01,1.02,0.04,4.08,300000000,0,,,,,,,,,,
713407,環球晶國票63購02,2026-09-01,1.82,0.33,22.15,10000000,0,,,,,,,,,,
713409,頎邦國泰63購05,2026-09-01,1.44,0.14,10.77,106000000,0,,,,,,,,,,
713412,均華統一67購01,2026-09-01,0.88,0.16,22.22,200000000,0,,,,,,,,,,
713413,東捷統一68購02,2026-09-01,0.73,0.07,10.61,6000000,0,,,,,,,,,,
713415,精材統一67購03,2026-09-01,1.12,0.1,9.8,202000000,0,,,,,,,,,,
713416,精材統一6C購03,2026-09-01,1.05,0.1,10.53,217000000,0,,,,,,,,,,
713417,雙鴻統一65購03,2026-09-01,1.11,0.15,15.62,1000000,0,,,,,,,,,,
713418,穩懋統一65購03,2026-09-01,1.05,0.18,20.69,257000000,0,,,,,,,,,,
713419,弘塑富邦63購03,2026-09-01,0.94,0.08,9.3,504000000,0,,,,,,,,,,
713420,群聯富邦65購01,2026-09-01,1.06,-0.03,-2.75,11000000,0,,,,,,,,,,
713421,群聯富邦65購02,2026-09-01,0.98,-0.01,-1.01,12000000,0,,,,,,,,,,
713422,精材富邦65購01,2026-09-01,1.41,0.18,14.63,11000000,0,,,,,,,,,,
713424,廣閎科富邦63購02,2026-09-01,0.8,0.08,11.11,120000000,0,,,,,,,,,,
713441,均華台新63購02,2026-09-01,1.58,0.25,18.8,1000000,0,,,,,,,,,,
713447,群聯台新63購02,2026-09-01,1.91,-0.18,-8.61,1000000,0,,,,,,,,,,
713451,頎邦台新63購01,2026-09-01,1.5,-0.25,-14.29,61000000,0,,,,,,,,,,
713453,穩懋台新63購02,2026-09-01,2.62,0.14,5.65,33000000,0,,,,,,,,,,
713454,穩懋台新65購03,2026-09-01,2.35,0.27,12.98,6000000,0,,,,,,,,,,
713457,群聯中信68購01,2026-09-01,0.48,-0.12,-20.0,60000000,0,,,,,,,,,,
713469,環球晶永豐63購08,2026-09-01,1.31,0.07,5.65,10000000,0,,,,,,,,,,
713481,環球晶群益63購02,2026-09-01,1.65,-0.31,-15.82,130000000,0,,,,,,,,,,
713482,穩懋群益63購04,2026-09-01,2.2,0.55,33.33,1533000000,0,,,,,,,,,,
713485,高技國泰63購02,2026-09-01,1.66,0.14,9.21,130000000,0,,,,,,,,,,
713499,弘塑元大66購01,2026-09-01,1.45,0.0,0.0,5000000,0,,,,,,,,,,
713500,弘塑元大68購02,2026-09-01,1.34,0.0,0.0,5000000,0,,,,,,,,,,
713501,弘塑元大68購03,2026-09-01,1.53,0.0,0.0,24000000,0,,,,,,,,,,
713502,均華元大63購01,2026-09-01,1.11,0.03,2.78,218000000,0,,,,,,,,,,
713509,新應材元大68購01,2026-09-01,1.67,0.04,2.45,10000000,0,,,,,,,,,,
713512,蜜望實元大63購03,2026-09-01,0.73,-0.03,-3.95,1035000000,0,,,,,,,,,,
713513,環球晶元大63購04,2026-09-01,0.98,0.02,2.08,160000000,0,,,,,,,,,,
713514,環球晶元大63購05,2026-09-01,0.95,0.06,6.74,242000000,0,,,,,,,,,,
713515,環球晶元大65購05,2026-09-01,1.12,0.07,6.67,57000000,0,,,,,,,,,,
713516,環球晶元大68購11,2026-09-01,0.84,0.05,6.33,263000000,0,,,,,,,,,,
713518,雙鴻元大63購15,2026-09-01,1.9,0.71,59.66,90000000,0,,,,,,,,,,
713519,雙鴻元大63購16,2026-09-01,1.67,0.72,75.79,12000000,0,,,,,,,,,,
713520,雙鴻元大63購17,2026-09-01,1.48,0.57,62.64,105000000,0,,,,,,,,,,
724019,湧德統一59購01,2026-09-01,0.07,-0.01,-12.5,1000000,0,,否,,0.25,,,,,,
724242,前鼎統一59購01,2026-09-01,0.92,0.22,31.43,5000000,0,,否,,0.43,0.43,0.68,,0.0,-30.3226,
724481,正基統一59購02,2026-09-01,0.56,-0.04,-6.67,1000000,0,,否,,0.64,0.73,0.78,,-21.8978,-12.5448,-0.5769
724668,昇達科統一59購01,2026-09-01,8.0,-0.55,-6.43,1000000,0,,否,,,,,,,,
72523U,新應材群益5B售01,2026-09-01,0.22,-0.06,-21.43,20000000,0,,否,,0.28,0.39,0.36,,-41.8033,-7.2115,
725744,新復興統一5A購01,2026-09-01,0.04,0.0,0.0,2000000,0,紅縮,是,,0.07,0.08,0.09,,-25.0,-15.3846,-39.2739
72610U,富喬國票5C售02,2026-09-01,0.12,0.0,0.0,300000000,0,綠增,否,,0.24,0.5,0.73,,-67.4667,-49.13,-10.4878
72622U,精測群益62售02,2026-09-01,0.13,-0.1,-43.48,644000000,0,,是,,0.23,0.29,,,-35.7542,-18.1058,
72629U,櫃200群益5B售02,2026-09-01,0.05,-0.01,-16.67,126000000,0,綠增,是,,0.08,0.13,0.16,,-54.3478,-30.9278,-9.2437
726925,金麗科統一5B購02,2026-09-01,0.11,0.0,0.0,20000000,0,綠縮,否,,0.09,0.12,0.17,,-44.1558,-35.1351,-22.7679
726926,金麗科統一5B購03,2026-09-01,0.15,0.03,25.0,12000000,0,綠縮,否,,0.11,0.14,0.22,,-30.4878,-39.8268,-16.9776
726927,金麗科統一5B購04,2026-09-01,0.25,0.05,25.0,357000000,0,綠轉紅,是,,0.12,0.12,0.18,,12.963,-19.5804,-26.9231
72692U,信驊群益61售02,2026-09-01,0.05,0.0,0.0,296000000,0,綠縮,否,,0.05,0.06,0.08,,-16.6667,-25.6757,-11.6959
72724U,信驊國票5B售01,2026-09-01,0.02,0.0,0.0,60000000,0,綠增,否,,0.04,0.05,0.06,,-16.0,-31.3433,-12.5
72733U,中探針群益62售01,2026-09-01,0.11,-0.08,-42.11,63000000,0,綠增,是,,0.23,0.35,0.28,,-51.073,-13.0326,13.5729
72748U,精測群益5A售02,2026-09-01,0.81,-0.43,-34.68,6000000,0,綠增,否,,1.21,1.26,1.45,,-7.7626,-14.6622,-3.311
72749U,精測群益62售04,2026-09-01,0.8,-0.17,-17.53,12000000,0,綠增,否,,1.03,1.06,1.19,,-6.1931,-12.3558,-2.9075
72772U,穩懋群益63售01,2026-09-01,0.2,-0.02,-9.09,869000000,0,綠增,是,,0.33,0.41,0.46,,-34.8,-19.6498,-4.2708
72781U,系統電國票5A售01,2026-09-01,0.51,-0.03,-5.56,10000000,0,紅轉綠,否,,1.14,1.12,0.91,,3.4545,25.8718,14.3394
72790U,閎康群益63售01,2026-09-01,0.74,-0.09,-10.84,300000000,0,,是,,0.91,0.89,0.88,,4.3678,3.1323,
72791U,榮剛群益63售01,2026-09-01,1.28,-0.13,-9.22,20000000,0,,,,,,,,,,
728003,金麗科統一5C購01,2026-09-01,0.1,0.04,66.67,27000000,0,,否,,0.09,0.12,0.16,,-40.5405,-32.9545,
72812U,茂迪國票5A售03,2026-09-01,0.53,-0.07,-11.67,20000000,0,,否,,0.89,0.93,1.02,,-8.2816,-12.0608,-2.3912
72814U,精測群益5B售02,2026-09-01,0.4,-0.25,-38.46,73000000,0,綠增,否,,0.7,0.75,0.88,,-12.6866,-17.4342,-4.253
72829U,宏捷科群益5C售01,2026-09-01,0.54,-0.1,-15.62,42000000,0,綠增,否,,0.72,0.75,0.8,,-7.9487,-11.9859,2.3582
72830U,元太凱基5B售03,2026-09-01,0.36,-0.07,-16.28,9000000,0,紅縮,否,,0.38,0.35,0.36,,24.6753,3.5928,1.264
72840U,世界群益5B售04,2026-09-01,0.05,-0.01,-16.67,10000000,0,,否,,0.12,0.1,0.18,,46.3415,-27.3381,
72843U,精材群益63售01,2026-09-01,0.1,0.0,0.0,352000000,0,紅縮,是,,0.24,0.26,0.27,,-19.1781,1.9305,-23.0435
728520,金麗科統一5C購02,2026-09-01,0.14,0.04,40.0,27000000,0,綠縮,否,,0.1,0.12,0.2,,-34.6667,-29.9435,-25.5238
72852U,旺矽元大5A售03,2026-09-01,0.4,-0.17,-29.82,54000000,0,綠增,否,,0.47,0.64,0.65,,-42.2222,-15.5878,-2.7489
72853U,信驊元大5A售01,2026-09-01,0.24,-0.12,-33.33,466000000,0,綠增,是,,0.52,0.61,0.94,,-27.5281,-32.2296,-17.5699
72854U,信驊永豐61售01,2026-09-01,0.14,-0.04,-22.22,105000000,0,綠縮,否,,0.16,0.17,0.24,,-13.0435,-24.2291,-15.0442
72855U,信驊富邦5C售02,2026-09-01,0.53,-0.1,-15.87,1579000000,0,綠增,否,,0.73,0.77,1.05,,-9.6296,-23.6634,-14.3382
72857U,雙鴻元大5A售06,2026-09-01,0.22,-0.1,-31.25,3000000,0,綠增,否,,0.64,0.85,1.02,,-39.7363,-23.4712,-9.0058
72859U,弘塑國票5B售02,2026-09-01,0.42,-0.11,-20.75,9000000,0,綠增,否,,0.58,0.6,0.58,,-6.4103,-3.8217,8.9118
72860U,弘塑元大5A售03,2026-09-01,1.14,-0.2,-14.93,20000000,0,紅轉綠,否,,1.44,1.53,1.32,,-10.67,9.3907,11.431
72864U,群聯凱基5A售03,2026-09-01,0.17,0.0,0.0,28000000,0,綠增,否,,0.27,0.48,0.55,,-62.1083,-29.4461,-7.4664
72866U,旺矽凱基5A售06,2026-09-01,0.49,-0.2,-28.99,677000000,0,綠縮,否,,0.52,0.52,0.69,,-1.9011,-31.2665,0.3631
72867U,旺矽富邦61售01,2026-09-01,0.69,-0.13,-15.85,228000000,0,綠縮,否,,0.7,0.72,0.71,,-6.6845,-2.6918,2.2939
72868U,富喬群益5C售01,2026-09-01,0.47,-0.03,-6.0,15000000,0,綠增,否,,0.84,1.28,1.33,,-50.8751,-21.6912,-5.4668
72869U,立碁國票5B售03,2026-09-01,0.34,-0.14,-29.17,241000000,0,綠增,是,,0.59,0.74,1.02,,-33.1081,-24.6951,-16.5444
72870U,群聯國票5B售06,2026-09-01,0.2,0.0,0.0,149000000,0,綠增,是,,0.27,0.42,0.5,,-52.2968,-31.25,-10.7335
72876U,合晶台新5B售05,2026-09-01,0.16,-0.02,-11.11,19000000,0,綠增,否,,0.32,0.45,0.47,,-45.1724,-27.1104,9.6584
72880U,良維國票5C售02,2026-09-01,0.49,-0.12,-19.67,1000000,0,,否,,0.88,0.94,0.83,,-11.7764,4.6615,
72882U,環球晶台新5B售03,2026-09-01,0.32,-0.17,-34.69,585000000,0,綠增,否,,0.39,0.53,0.52,,-42.1829,-22.3512,-1.7857
72883U,環球晶國票5B售02,2026-09-01,0.49,-0.15,-23.44,277000000,0,綠增,否,,0.57,0.68,0.68,,-26.7857,-17.296,-2.9244
72886U,群聯群益5B售06,2026-09-01,0.96,0.01,1.05,7000000,0,綠增,否,,1.06,1.35,1.42,,-35.9564,-17.2266,-2.5103
72889U,新盛力群益5B售04,2026-09-01,0.25,-0.01,-3.85,336000000,0,綠縮,是,,0.29,0.46,0.64,,-53.3546,-38.6364,-12.1834
728920,元債20元富61購01,2026-09-01,0.92,-0.15,-14.02,34000000,0,,是,,1.26,1.52,,,-29.3393,-12.212,
72892U,台特化台新5B售04,2026-09-01,2.67,-0.23,-7.93,20000000,0,,是,,3.27,3.3,,,-1.804,,
72893U,威剛中信64售01,2026-09-01,0.69,0.01,1.47,3000000,0,綠縮,否,,0.69,0.72,0.74,,-8.971,-3.7234,-2.0639
72895U,台特化群益5B售01,2026-09-01,0.62,-0.08,-11.43,10000000,0,,否,,0.81,,,,,,
72896U,精材凱基5B售08,2026-09-01,0.44,-0.02,-4.35,154000000,0,紅縮,是,,0.84,0.7,0.66,,50.3571,34.5489,-3.8714
72897U,精材群益5B售08,2026-09-01,0.04,-0.02,-33.33,299000000,0,,否,,0.41,0.36,,,34.8684,-33.7662,
72898U,雷科國票5B售03,2026-09-01,0.47,-0.03,-6.0,50000000,0,綠增,否,,0.61,0.66,0.66,,-12.8205,-12.4,4.7581
72901U,德微國票5C售05,2026-09-01,0.9,-0.02,-2.17,2000000,0,綠增,否,,0.99,1.15,1.03,,-24.1167,-5.3719,5.6266
72902U,擎亞國票5B售03,2026-09-01,0.66,-0.02,-2.94,9000000,0,紅縮,否,,0.74,0.75,0.67,,-1.5915,7.3171,11.0191
72904U,欣銓台新5B售05,2026-09-01,0.9,-0.15,-14.29,2000000,0,綠增,否,,1.36,1.87,1.77,,-42.35,-9.9034,-3.0651
72907U,群聯富邦61售05,2026-09-01,0.67,0.01,1.52,11000000,0,綠增,否,,0.7,0.74,0.8,,-9.8191,-11.1111,-2.0923
72908U,威剛群益65售01,2026-09-01,1.93,0.0,0.0,20000000,0,綠縮,否,,1.95,2.08,2.24,,-11.343,-9.883,-4.9013
72909U,威剛凱基65售01,2026-09-01,0.59,-0.01,-1.67,1000000,0,綠縮,否,,0.6,0.64,0.73,,-11.6959,-14.2477,-6.6964
72910U,精材台新5B售06,2026-09-01,0.19,-0.02,-9.52,440000000,0,紅縮,是,,0.55,0.6,0.54,,-13.75,0.3367,-7.1856
72911U,威剛元大5B售16,2026-09-01,0.72,-0.03,-4.0,50000000,0,,是,,0.82,0.93,1.06,,-20.6166,-16.9492,
72916U,中美晶凱基5B售06,2026-09-01,0.68,-0.08,-10.53,223000000,0,綠增,是,,0.79,0.93,0.85,,-26.9017,-2.3037,-6.3877
729170,M31統一59購01,2026-09-01,0.01,-0.09,-90.0,40000000,0,,是,,0.1,0.17,,,-60.4839,-52.861,
729172,M31統一61購02,2026-09-01,0.16,0.0,0.0,30000000,0,,否,,0.2,,,,,,
729186,華星光統一61購01,2026-09-01,2.9,-0.05,-1.69,10000000,0,紅增,否,,2.71,2.6,2.44,,8.755,6.1249,5.1598
729187,華星光統一61購02,2026-09-01,3.0,0.1,3.45,10000000,0,紅縮,否,,2.8,2.48,1.91,,29.1513,41.6192,15.8118
72919U,順達台新5C售01,2026-09-01,0.74,-0.11,-12.94,1479000000,0,紅轉綠,是,,1.09,1.23,1.14,,-20.1754,-2.6128,-0.262
72921U,富喬台新5C售03,2026-09-01,0.47,-0.04,-7.84,361000000,0,綠增,否,,0.71,1.12,1.33,,-54.2746,-30.2109,-7.8893
72922U,威剛凱基5C售05,2026-09-01,0.42,0.0,0.0,5000000,0,,否,,0.44,0.49,0.62,,-19.1176,-21.28,
72923U,宜鼎台新5C售05,2026-09-01,2.43,-0.04,-1.62,20000000,0,綠縮,否,,2.52,2.78,3.13,,-17.1053,-15.7065,-3.1086
72925U,台半凱基5C售03,2026-09-01,0.7,-0.02,-2.78,16000000,0,綠增,否,,0.83,0.92,0.97,,-16.8,-14.1518,6.3284
72928U,富喬凱基5C售04,2026-09-01,0.24,-0.01,-4.0,392000000,0,,否,,0.42,0.69,1.0,,-56.639,-42.8453,
72934U,精材群益66售01,2026-09-01,1.14,0.0,0.0,48000000,0,,是,,1.69,1.74,1.72,,-5.481,5.843,
72936U,宜鼎凱基5C售10,2026-09-01,1.62,0.0,0.0,69000000,0,,否,,1.64,1.77,2.04,,-13.3966,-16.5172,-3.9925
72938U,世界國票62售01,2026-09-01,1.28,-0.06,-4.48,5000000,0,,否,,1.31,1.41,,,-13.2275,-1.3966,
72941U,雙鴻永豐61售04,2026-09-01,0.52,-0.14,-21.21,215000000,0,,是,,0.97,1.2,,,-31.882,-16.0,
72942U,家登群益61售03,2026-09-01,0.88,-0.23,-20.72,210000000,0,,是,,1.19,1.38,1.4,,-24.3312,-9.2166,
72945U,頎邦台新61售03,2026-09-01,1.84,-0.15,-7.54,10000000,0,,否,,2.29,2.65,,,-23.9015,1.8483,
72946U,世界群益61售03,2026-09-01,1.2,-0.11,-8.4,5000000,0,,否,,1.35,1.47,,,-15.4523,-10.8075,
72948U,精材群益63售02,2026-09-01,1.25,-0.03,-2.34,63000000,0,,否,,2.03,2.18,,,-12.7897,3.9066,
72950U,精材凱基63售02,2026-09-01,1.15,-0.03,-2.54,43000000,0,,是,,1.86,,,,,,
72952U,精材國票61售05,2026-09-01,0.99,-0.02,-1.98,213000000,0,,是,,1.53,1.59,,,-7.2551,-4.0337,
72953U,精材國票65售02,2026-09-01,1.14,-0.04,-3.39,162000000,0,,是,,1.59,,,,,,
72954U,群聯中信61售02,2026-09-01,0.95,0.03,3.26,41000000,0,,是,,1.0,1.1,,,-17.4129,-12.619,
72955U,宜鼎國票61售03,2026-09-01,1.04,-0.04,-3.7,3000000,0,,否,,1.14,1.38,,,-30.1353,,
72958U,群聯群益63售02,2026-09-01,1.0,-0.24,-19.35,68000000,0,,否,,1.28,,,,,,
72960U,良維凱基61售03,2026-09-01,1.03,-0.15,-12.71,10000000,0,,否,,1.8,,,,,,
72962U,宜鼎群益67售01,2026-09-01,0.98,-0.01,-1.01,15000000,0,,是,,1.15,,,,,,
72963U,中美晶國票61售06,2026-09-01,1.78,-0.08,-4.3,1000000,0,,否,,1.87,1.94,,,-6.3936,-0.9202,
72964U,中美晶國票64售02,2026-09-01,1.95,-0.16,-7.58,20000000,0,,否,,2.17,,,,,,
72965U,青雲國票61售03,2026-09-01,1.63,0.01,0.62,4000000,0,,否,,1.89,2.09,,,-17.6983,,
72966U,雙鴻凱基61售07,2026-09-01,0.27,-0.14,-34.15,445000000,0,,是,,0.79,1.11,,,-45.2646,,
72967U,順達國票61售03,2026-09-01,1.15,-0.12,-9.45,16000000,0,,否,,1.47,,,,,,
72972U,雙鴻群益61售03,2026-09-01,0.33,-0.12,-26.67,12000000,0,,否,,0.78,,,,,,
72976U,順達凱基61售06,2026-09-01,1.1,-0.13,-10.57,302000000,0,,是,,1.46,1.55,,,-10.989,,
72977U,雙鴻國泰63售01,2026-09-01,0.61,-0.17,-21.79,142000000,0,,是,,1.16,1.3,,,-19.8061,,
729808,騰雲統一5A購01,2026-09-01,0.48,0.05,11.63,1000000,0,,否,,0.44,0.44,0.5,,0.4545,-9.4456,
72980U,頎邦凱基61售05,2026-09-01,1.86,-0.12,-6.06,15000000,0,,是,,2.22,,,,,,
72985U,中美晶國票63售01,2026-09-01,1.14,-0.06,-5.0,22000000,0,,否,,1.18,1.22,,,-6.7823,,
72988U,頎邦國票64售02,2026-09-01,0.61,-0.04,-6.15,17000000,0,,否,,0.7,0.78,,,-19.2575,,
72991U,群聯元大61售20,2026-09-01,1.16,-0.01,-0.85,80000000,0,,是,,1.33,,,,,,
72993U,中美晶凱基63售03,2026-09-01,1.25,-0.02,-1.57,10000000,0,,否,,1.31,,,,,,
72994U,元太凱基61售07,2026-09-01,1.34,-0.07,-4.96,20000000,0,,,,,,,,,,
72996U,立碁國票64售02,2026-09-01,0.74,-0.14,-15.91,166000000,0,,是,,0.92,,,,,,
72997U,良維國票61售02,2026-09-01,0.72,-0.05,-6.49,5000000,0,,否,,,,,,,,
73000U,宜鼎國票63售01,2026-09-01,0.86,-0.01,-1.15,30000000,0,,,,,,,,,,
73001U,欣銓國票63售01,2026-09-01,0.87,-0.09,-9.38,2000000,0,,,,,,,,,,
73006U,雙鴻國票63售01,2026-09-01,0.61,-0.1,-14.08,10000000,0,,,,,,,,,,
73013U,威剛元大63售02,2026-09-01,1.12,0.0,0.0,80000000,0,,,,,,,,,,
73015U,新應材凱基63售04,2026-09-01,0.9,-0.06,-6.25,3000000,0,,,,,,,,,,
73017U,順達國票66售01,2026-09-01,1.0,-0.04,-3.85,50000000,0,,否,,1.17,,,,,,
73019U,雙鴻國票66售02,2026-09-01,0.65,-0.13,-16.67,180000000,0,,是,,,,,,,,
73020U,雙鴻元大63售07,2026-09-01,0.65,-0.16,-19.75,133000000,0,,是,,1.24,,,,,,
73023U,雙鴻凱基63售07,2026-09-01,0.53,-0.14,-20.9,120000000,0,,否,,,,,,,,
73027U,萬潤國票66售02,2026-09-01,0.83,-0.03,-3.49,60000000,0,,否,,0.93,,,,,,
73033U,富喬台新62售01,2026-09-01,0.91,-0.07,-7.14,57000000,0,,,,,,,,,,
73036U,富喬國票63售02,2026-09-01,0.99,-0.07,-6.6,376000000,0,,是,,,,,,,,
73037U,富喬國票65售01,2026-09-01,1.24,-0.03,-2.36,22000000,0,,否,,1.6,,,,,,
730402,M31統一62購02,2026-09-01,0.07,0.01,16.67,10000000,0,,否,,0.07,0.07,,,-15.3846,-45.4545,
73040U,穩懋群益64售02,2026-09-01,1.45,-0.24,-14.2,206000000,0,,是,,2.16,,,,,,
73041U,穩懋國泰64售01,2026-09-01,1.15,-0.18,-13.53,42000000,0,,,,,,,,,,
73042U,穩懋凱基63售06,2026-09-01,1.05,-0.19,-15.32,114000000,0,,是,,1.45,,,,,,
73043U,穩懋凱基63售07,2026-09-01,0.53,-0.17,-24.29,163000000,0,,是,,0.87,,,,,,
73046U,中美晶中信62售02,2026-09-01,0.67,-0.05,-6.94,80000000,0,,,,,,,,,,
73048U,東捷群益62售02,2026-09-01,3.03,-0.31,-9.28,63000000,0,,,,,,,,,,
730493,昇達科統一5C購01,2026-09-01,3.62,0.16,4.62,14000000,0,,是,,4.62,4.83,,,-8.0748,-8.0777,
73051U,陽程國票66售01,2026-09-01,0.6,0.01,1.69,213000000,0,,是,,0.64,,,,,,
73052U,世紀*國票6A售01,2026-09-01,0.74,-0.06,-7.5,1318000000,0,,是,,,,,,,,
73054U,弘塑群益64售01,2026-09-01,0.9,-0.09,-9.09,25000000,0,,,,,,,,,,
73055U,世紀*國票68售01,2026-09-01,0.99,-0.02,-1.98,197000000,0,,,,,,,,,,
73057U,宜鼎元大62售02,2026-09-01,1.97,-0.05,-2.48,30000000,0,,,,,,,,,,
73061U,環球晶凱基62售06,2026-09-01,1.52,-0.2,-11.63,13000000,0,,,,,,,,,,
73062U,環球晶群益64售01,2026-09-01,0.71,-0.08,-10.13,10000000,0,,,,,,,,,,
73065U,環球晶台新63售01,2026-09-01,1.33,-0.19,-12.5,183000000,0,,,,,,,,,,
73066U,千附精國票63售01,2026-09-01,0.78,0.03,4.0,499000000,0,,,,,,,,,,
73067U,晶宏國票63售01,2026-09-01,0.76,-0.12,-13.64,32000000,0,,,,,,,,,,
731248,萬潤元富59購01,2026-09-01,11.4,-0.4,-3.39,11000000,0,,,,,,,,,,
731265,順達統一5B購01,2026-09-01,2.19,0.12,5.8,6000000,0,,否,,1.94,,,,,,
731584,群聯統一5B購01,2026-09-01,6.0,-0.35,-5.51,2000000,0,紅增,否,,5.79,5.9,6.05,,-3.8206,1.0265,-2.4587
731670,信紘科統一59購01,2026-09-01,0.02,-0.02,-50.0,90000000,0,,是,,0.41,0.46,,,-18.254,,
731730,順達統一59購03,2026-09-01,1.38,0.16,13.11,20000000,0,,否,,1.23,1.31,1.53,,-12.5535,-16.6772,
731945,千附精統一59購02,2026-09-01,0.87,0.02,2.35,1000000,0,,否,,0.67,0.75,0.79,,-18.7952,-5.4088,
732049,系統電統一59購01,2026-09-01,0.03,-0.02,-40.0,2000000,0,,否,,0.16,0.34,,,-67.7165,,
732269,M31統一63購01,2026-09-01,0.24,0.08,50.0,1000000,0,,否,,0.18,0.19,0.25,,-6.1224,-17.7489,
732272,千附統一5B購01,2026-09-01,0.19,-0.08,-29.63,332000000,0,,是,,0.44,0.5,0.37,,-21.5827,19.8068,13.7346
732332,M31統一63購02,2026-09-01,0.2,0.0,0.0,20000000,0,紅增,否,,0.2,0.2,0.23,,8.5106,-7.9812,-8.4337
732545,晟德統一5A購01,2026-09-01,0.22,0.02,10.0,1000000,0,綠縮,否,,0.22,0.28,0.34,,-33.7278,-24.2588,-11.7117
733460,先進光統一5B購01,2026-09-01,0.95,-0.09,-8.65,70000000,0,綠增,否,,0.96,0.98,0.95,,-4.5726,0.924,1.555
733461,先進光統一65購01,2026-09-01,0.7,0.0,0.0,2250000000,0,紅增,是,,0.64,0.59,0.51,,21.1321,19.8364,2.1847
733471,營邦統一5B購01,2026-09-01,2.07,0.2,10.7,18000000,0,紅增,否,,1.48,1.32,1.28,,27.0224,10.9336,1.9522
733653,創惟統一5B購01,2026-09-01,0.01,0.0,0.0,10000000,0,,否,,0.01,0.01,,,0.0,,
733656,創惟統一65購03,2026-09-01,0.07,0.0,0.0,100000000,0,,否,,0.07,,,,,,
733695,高端統一5B購01,2026-09-01,0.6,-0.1,-14.29,77000000,0,紅增,否,,0.56,0.52,0.49,,13.4694,9.8739,3.2597
733696,高端統一65購01,2026-09-01,0.71,-0.04,-5.33,684000000,0,紅增,否,,0.64,0.61,0.57,,11.8467,10.7468,4.0219
733958,新應材統一5C購01,2026-09-01,0.26,0.05,23.81,5000000,0,紅增,否,,0.3,0.29,0.38,,0.6803,-11.4114,-17.6856
733983,富喬統一5C購01,2026-09-01,3.92,0.05,1.29,2000000,0,,否,,3.18,2.25,2.3,,141.3374,40.7268,
734209,華星光統一66購01,2026-09-01,3.57,0.0,0.0,87000000,0,紅縮,否,,3.38,3.08,2.55,,21.1621,32.7163,8.6919
734287,鈦昇統一59購01,2026-09-01,2.12,0.16,8.16,159000000,0,綠轉紅,是,,1.77,1.91,2.36,,-12.9539,-13.6384,-17.3228
734710,雙鴻統一62購01,2026-09-01,0.97,0.25,34.72,73000000,0,,否,,0.57,0.63,,,-16.5698,-8.815,
734783,均華統一5C購01,2026-09-01,1.52,0.32,26.67,24000000,0,,是,,,,,,,,
734873,前鼎統一5C購01,2026-09-01,2.89,0.44,17.96,10000000,0,,否,,1.87,2.19,,,-25.7347,-22.9364,
734994,新應材統一62購01,2026-09-01,0.28,-0.05,-15.15,42000000,0,綠增,否,,0.32,0.37,0.4,,-22.1154,-4.1451,-15.5154
735028,新應材元富63購01,2026-09-01,1.01,0.06,6.32,63000000,0,,否,,0.92,0.97,,,-9.4118,-1.0183,
735304,華景電統一5A購01,2026-09-01,0.68,0.16,30.77,1000000,0,綠縮,否,,0.58,0.68,0.98,,-24.6114,-34.3356,-15.5298
735306,順達統一5C購01,2026-09-01,0.85,0.19,28.79,23000000,0,,是,,0.76,0.93,1.0,,-30.6569,-12.782,
735650,台特化統一59購01,2026-09-01,0.34,-0.05,-12.82,1000000,0,,否,,0.45,,,,,,
735658,彩富統一5B購01,2026-09-01,0.26,-0.02,-7.14,440000000,0,綠縮,是,,0.35,0.62,0.92,,-61.6408,-42.4885,-1.3448
735659,彩富統一61購01,2026-09-01,0.18,-0.02,-10.0,36000000,0,,是,,0.22,0.4,0.57,,-61.1888,-41.2722,
735849,均華統一63購01,2026-09-01,0.93,0.16,20.78,37000000,0,,是,,0.7,0.62,,,27.8388,8.9317,
735855,南俊統一61購01,2026-09-01,4.45,0.45,11.25,2000000,0,紅增,否,,3.77,3.05,3.74,,62.2203,-1.7097,-3.3885
735925,雙鴻統一59購01,2026-09-01,2.74,0.59,27.44,3000000,0,,,,,,,,,,
736081,均華統一63購02,2026-09-01,0.7,0.06,9.38,77000000,0,,否,,0.57,0.54,,,10.9804,-12.3779,
736084,昇達科統一59購03,2026-09-01,10.2,0.4,4.08,3000000,0,,是,,9.51,,,,,,
736154,立碁統一61購01,2026-09-01,0.95,0.08,9.2,1000000,0,紅增,否,,0.72,0.64,0.56,,28.8256,18.1985,8.1553
736156,均華統一5C購02,2026-09-01,0.94,0.3,46.88,268000000,0,,否,,0.57,0.63,,,-17.6301,,
736160,金居統一62購01,2026-09-01,13.5,1.2,9.76,35000000,0,紅增,是,,10.72,9.87,9.91,,18.847,9.1211,-5.7523
736243,宜特統一61購01,2026-09-01,0.3,0.04,15.38,5000000,0,綠縮,否,,0.3,0.33,0.48,,-17.4863,-32.7968,-15.2
736244,金居統一61購01,2026-09-01,10.4,0.2,1.96,2000000,0,,否,,8.27,7.49,10.05,,23.3224,-13.8617,
736249,家登統一61購01,2026-09-01,0.71,0.14,24.56,37000000,0,綠縮,是,,0.53,0.57,0.65,,-12.459,-17.1014,-9.9093
736346,立碁統一59購01,2026-09-01,1.33,0.34,34.34,4000000,0,,否,,0.78,,,,,,
736349,安國統一63購01,2026-09-01,0.41,-0.01,-2.38,16000000,0,綠轉紅,否,,0.39,0.38,0.47,,6.5934,-17.9039,-18.1581
736354,安國統一67購03,2026-09-01,0.28,0.01,3.7,1000000,0,紅增,否,,0.27,0.25,0.26,,22.3214,5.5085,-12.6904
736427,M31統一61購03,2026-09-01,0.12,0.02,20.0,233000000,0,紅增,是,,0.11,0.11,0.12,,10.0,-12.5,-17.7258
736428,立碁統一59購02,2026-09-01,0.53,0.23,76.67,56000000,0,,否,,0.24,0.24,,,-3.2258,23.2323,
736430,宏捷科統一59購01,2026-09-01,0.67,0.09,15.52,1000000,0,,否,,1.12,,,,,,
736431,宏捷科統一61購01,2026-09-01,0.6,0.12,25.0,14000000,0,,否,,0.48,0.49,0.68,,-7.0313,-12.7208,
736433,波若威統一59購04,2026-09-01,7.9,-0.25,-3.07,9000000,0,,是,,7.6,,,,,,
736443,雙鴻統一62購02,2026-09-01,1.14,0.22,23.91,218000000,0,,是,,0.7,0.77,,,-17.8824,,
736474,中美晶統一5A購01,2026-09-01,0.77,0.05,6.94,5000000,0,綠增,否,,0.86,1.28,1.14,,-49.6487,-10.5226,3.0372
736475,立碁統一59購03,2026-09-01,1.61,0.3,22.9,2000000,0,,否,,,,,,,,
736479,漢磊統一61購01,2026-09-01,0.98,0.04,4.26,3000000,0,紅增,否,,0.91,0.82,0.98,,23.5772,-1.5513,-17.2501
736480,廣運統一61購01,2026-09-01,0.15,0.01,7.14,5000000,0,,否,,0.16,0.16,0.19,,3.8462,-17.6166,-16.6307
736604,元債20凱基67購01,2026-09-01,2.03,-0.17,-7.73,3000000,0,,否,,2.25,2.45,,,-15.2108,,
736736,力旺統一61購01,2026-09-01,1.04,0.24,30.0,67000000,0,紅增,是,,0.75,0.74,0.7,,3.8674,10.9774,-13.7952
736934,金居統一5B購01,2026-09-01,9.1,-0.3,-3.19,18000000,0,紅增,否,,7.4,6.61,6.26,,27.1041,20.2875,-7.3932
736938,晶呈統一5B購01,2026-09-01,3.19,0.03,0.95,1000000,0,,否,,3.41,3.15,3.79,,17.6796,-7.6472,-18.5412
737088,富喬統一5A購02,2026-09-01,4.07,0.07,1.75,9000000,0,,否,,2.86,2.87,,,-1.0388,,
737198,智通*國票5B購01,2026-09-01,2.12,-0.02,-0.93,120000000,0,綠縮,是,,2.09,2.33,2.96,,-18.8665,-26.5197,-6.4236
737321,立碁統一5C購01,2026-09-01,0.74,0.09,13.85,96000000,0,,是,,0.53,0.49,0.44,,19.8198,23.2323,
737933,譜瑞統一5B購01,2026-09-01,0.01,0.0,0.0,10000000,0,紅增,否,,0.02,0.02,0.04,,-20.0,-35.7143,-44.5161
738138,亞信統一64購01,2026-09-01,0.43,0.13,43.33,56000000,0,,是,,0.39,0.42,,,-14.0969,,
738145,順達統一5C購02,2026-09-01,0.49,0.05,11.36,59000000,0,紅增,否,,0.4,0.39,0.47,,4.6875,-0.7576,-16.2996
738152,精測統一5B購01,2026-09-01,2.9,0.56,23.93,10000000,0,,是,,2.12,2.61,,,-31.5006,,
738191,聖暉*統一5A購02,2026-09-01,0.21,-0.08,-27.59,1000000,0,,否,,0.84,0.88,,,-8.6957,3.4078,
738281,M31統一5B購01,2026-09-01,0.13,0.02,18.18,10000000,0,紅增,否,,0.14,0.15,0.22,,-19.7674,-26.1905,-19.8198
738286,信紘科統一64購01,2026-09-01,0.19,-0.01,-5.0,22000000,0,綠增,是,,0.24,0.3,0.36,,-32.9609,-21.3158,-12.4694
738288,新應材統一64購01,2026-09-01,0.44,-0.02,-4.35,222000000,0,紅增,是,,0.41,0.38,0.43,,16.0,-3.3248,-5.5188
738291,環球晶統一64購01,2026-09-01,3.07,0.52,20.39,21000000,0,綠縮,否,,2.97,3.21,3.96,,-13.705,-26.7078,-3.4113
738588,譜瑞元大59購02,2026-09-01,0.03,-0.02,-40.0,2000000,0,綠縮,否,,0.06,0.17,0.42,,-78.9855,-67.0611,-36.4679
738658,順達統一59購05,2026-09-01,0.05,0.03,150.0,70000000,0,,是,,0.55,0.59,,,-14.6417,,
738726,宏捷科國票5B購01,2026-09-01,0.3,0.1,50.0,1000000,0,紅增,否,,0.29,0.27,0.45,,16.6667,-20.6395,-31.4264
738742,安勤統一59購01,2026-09-01,0.05,-0.02,-28.57,29000000,0,綠增,否,,0.17,0.24,0.38,,-48.125,-44.0092,-17.4102
738749,前鼎統一59購02,2026-09-01,3.78,0.71,23.13,3000000,0,,否,,1.74,1.9,,,-15.3846,,
738758,萬泰科統一5C購01,2026-09-01,0.58,0.05,9.43,8000000,0,,否,,0.63,0.7,,,-19.2802,-25.2922,
738944,順達統一5C購04,2026-09-01,0.16,0.03,23.08,1000000,0,綠縮,否,,0.15,0.18,0.24,,-28.8462,-33.3333,-15.035
738947,精測統一65購01,2026-09-01,1.5,0.27,21.95,12000000,0,,是,,1.3,1.22,1.35,,13.0662,-0.2447,-8.556
739372,力旺統一5C購01,2026-09-01,0.37,0.07,23.33,173000000,0,綠轉紅,是,,0.26,0.36,0.37,,-43.9655,-13.6038,-19.5699
739385,萬泰科統一64購01,2026-09-01,0.93,0.01,1.09,363000000,0,綠縮,是,,0.87,0.87,1.02,,0.6961,-6.4865,-9.583
739387,精材統一5C購01,2026-09-01,2.82,0.09,3.3,51000000,0,綠縮,是,,1.88,1.85,1.98,,2.4017,-11.5458,5.3344
739425,泰茂國票5A購01,2026-09-01,0.02,-0.01,-33.33,2000000,0,紅縮,否,,0.03,0.03,0.03,,-30.0,-8.1081,-6.6667
739442,中美晶統一5C購01,2026-09-01,0.78,0.09,13.04,6000000,0,綠縮,否,,0.73,0.66,0.83,,22.4832,-10.7672,-1.365
739444,合晶統一59購02,2026-09-01,8.55,1.15,15.54,10000000,0,,否,,10.22,10.64,,,-7.5949,18.0255,
739457,營邦統一59購01,2026-09-01,2.88,0.09,3.23,1000000,0,,否,,2.3,2.55,,,-17.9414,,
739460,環球晶統一64購02,2026-09-01,2.07,0.24,13.11,459000000,0,綠增,是,,2.24,2.19,2.67,,4.3762,-7.0309,-7.4567
739649,新漢統一64購01,2026-09-01,0.19,0.0,0.0,16000000,0,,否,,0.2,0.19,0.19,,9.8901,-0.5208,
739742,威剛凱基59購01,2026-09-01,21.3,-1.0,-4.48,38000000,0,,,,,,,,,,
739750,環球晶凱基59購01,2026-09-01,8.7,1.4,19.18,20000000,0,,否,,8.96,,,,,,
739825,雙鴻元富59購01,2026-09-01,1.49,0.71,91.03,85000000,0,,否,,0.8,,,,,,
7402,邑錡,2026-09-01,109.5,0.0,0.0,354789000,0,綠縮,否,是,107.1,106.6,110.94,106.13,0.9425,1.0139,-5.4945
7547,碩網,2026-09-01,51.6,0.9,1.78,10000000,0,紅縮,否,,52.34,51.96,51.91,,1.4734,2.4751,-2.5438
7556,意德士,2026-09-01,253.0,4.5,1.81,28935000,0,紅增,否,,249.1,237.6,227.97,,10.1725,8.4684,-3.2672
7584,樂意,2026-09-01,25.5,-0.5,-1.92,2019000,0,紅轉綠,否,,25.98,25.86,26.46,,0.9324,-0.4619,-3.5974
7642,昶瑞機電,2026-09-01,77.1,-0.2,-0.26,20204000,0,綠增,否,,78.44,78.46,79.41,,-0.051,-0.5451,0.3539
7703,銳澤,2026-09-01,182.5,3.5,1.96,33114000,0,紅增,否,,179.3,177.6,179.75,,1.9329,1.5728,-2.4291
7704,明遠精密,2026-09-01,62.1,-0.5,-0.8,21142000,0,紅縮,否,,62.5,62.38,57.89,,0.3855,8.657,0.3032
7708,全家餐飲,2026-09-01,92.0,0.0,0.0,12732000,0,綠縮,是,,92.18,92.16,92.9,,0.0434,-0.6147,-0.5247
7709,榮田,2026-09-01,72.5,2.1,2.98,226770000,0,紅增,是,,70.6,71.02,70.54,,-1.1758,-0.0563,-3.4754
7712,博盛半導體,2026-09-01,155.0,2.5,1.64,197512000,0,紅增,否,,147.0,144.2,143.45,,3.9604,4.5685,-8.0743
7713,威力德生醫,2026-09-01,73.8,0.3,0.41,6114000,0,紅增,否,,72.74,71.35,70.95,,3.9737,1.5948,0.8027
7714,創泓科技,2026-09-01,167.5,-1.5,-0.89,236460000,0,紅轉綠,否,,174.4,164.1,170.6,,13.394,4.8562,3.0038
7715,裕山,2026-09-01,29.5,-0.1,-0.34,17050000,0,綠增,否,,30.81,31.97,32.48,,-7.0027,-0.3584,-2.5795
7716,昱臺國際,2026-09-01,23.85,-0.35,-1.45,1050000,0,綠縮,否,,23.92,24.04,24.52,,-1.0343,-1.5155,-1.1389
7717,萊德光電-KY,2026-09-01,429.5,2.5,0.59,193902000,0,紅增,是,,401.5,410.6,423.02,,-4.3364,-0.3761,-1.7421
7718,友鋮,2026-09-01,47.0,-0.15,-0.32,31235000,0,紅縮,否,,47.28,47.48,47.26,,-0.8389,0.4018,0.2492
7723,築間,2026-09-01,19.1,-0.1,-0.52,22471000,0,紅增,否,,19.17,19.57,19.9,,-3.9579,-1.4854,-4.4188
7728,光焱科技,2026-09-01,653.0,21.0,3.32,52102000,0,紅增,是,,594.4,593.5,605.2,,0.3037,0.7811,-2.332
7734,印能科技,2026-09-01,2880.0,55.0,1.95,195578000,0,綠縮,否,,2844.0,3092.5,3078.75,,-14.8758,-5.5437,-0.6214
7738,東聯互動,2026-09-01,170.0,1.0,0.59,38002000,0,紅增,是,,168.0,168.1,167.57,,-0.1189,0.2983,-0.3716
7743,金利食安,2026-09-01,21.2,0.2,0.95,6159000,0,綠轉紅,否,,20.7,20.56,20.56,,1.3712,0.0487,0.7965
7744,崴寶,2026-09-01,500.0,-3.0,-0.6,56722000,0,紅縮,否,,497.2,472.6,446.12,,10.9821,11.2262,2.0181
7747,昕奇雲端,2026-09-01,113.0,-0.5,-0.44,4132000,0,紅縮,否,,114.1,114.9,116.12,,-1.3829,-0.3469,-3.4304
7751,竑騰,2026-09-01,1660.0,45.0,2.79,865490000,0,紅縮,否,,1688.0,1522.5,1338.0,,24.392,21.1699,5.7081
7753,星亞,2026-09-01,36.55,0.25,0.69,6251000,0,綠增,否,,37.37,37.47,38.64,,-0.5323,-2.2437,-3.484
7757,金色三麥,2026-09-01,90.5,2.1,2.38,11257000,0,紅增,否,,89.5,89.94,90.43,,-0.9737,-0.2772,-1.2827
7767,仁大資訊,2026-09-01,44.55,-0.05,-0.11,28423000,0,綠增,否,,44.85,46.02,46.05,,-4.9788,-1.698,2.6872
7770,君曜,2026-09-01,36.0,-0.2,-0.55,5019000,0,綠增,否,,37.1,38.52,39.83,,-7.1107,-4.2981,-3.3076
7772,耀穎,2026-09-01,91.0,2.5,2.82,69426000,0,紅增,否,,87.7,89.11,92.67,,-3.1153,-2.2702,-9.5417
7777,能率亞洲,2026-09-01,39.9,-0.7,-1.72,1720769000,0,綠縮,否,,38.89,39.36,38.97,,-2.3845,1.4039,-1.6841
7792,安葆,2026-09-01,314.0,13.0,4.32,539154000,0,紅增,否,,300.8,259.6,234.85,,37.7289,23.5896,6.2549
7794,宏碁智新,2026-09-01,28.45,-0.35,-1.22,28175000,0,紅縮,是,,28.56,28.73,28.89,,-1.1423,0.0348,-1.4078
7805,威聯通,2026-09-01,510.0,2.0,0.39,40631000,0,綠增,否,,582.6,620.8,614.4,,-11.5933,-1.5541,-2.8156
7810,捷創科技,2026-09-01,220.5,-5.5,-2.43,138687000,0,紅增,是,,210.7,201.45,197.25,,9.6254,5.8592,0.8307
7811,民盛,2026-09-01,72.7,0.2,0.28,2015000,0,紅增,否,,72.54,71.8,71.7,,2.0827,0.5461,-2.3892
7814,海昌生技,2026-09-01,29.3,-0.65,-2.17,67180000,0,紅增,是,否,30.0,30.21,31.76,36.89,-1.3807,-2.2488,-5.4762
7819,精誠金融,2026-09-01,34.7,0.1,0.29,69191000,0,紅縮,否,,34.99,35.1,35.69,,-0.6248,-0.7493,-2.6725
7820,立盈,2026-09-01,119.0,-3.0,-2.46,4362000,0,紅縮,否,,120.6,116.6,112.42,,7.1048,7.6241,0.2676
7828,創新服務,2026-09-01,1810.0,45.0,2.55,218096000,0,綠轉紅,是,,1628.0,1636.5,1702.0,,-1.0334,0.6148,-5.7847
7839,達人網,2026-09-01,44.2,-0.3,-0.67,10000000,0,紅縮,否,,44.96,45.29,45.02,,-1.4467,-0.8103,0.1669
7842,天能綠電,2026-09-01,100.0,0.4,0.4,25257000,0,紅縮,否,,102.5,93.56,91.96,,21.1298,9.0316,1.5403
8024,佑華,2026-09-01,13.2,0.05,0.38,36682000,0,綠縮,否,,13.19,13.63,14.58,,-6.321,-5.5421,-4.3763
8027,鈦昇,2026-09-01,185.0,5.5,3.06,3083262000,0,綠轉紅,是,,172.2,176.25,188.4,,-4.4925,-3.2391,-7.2949
8032,光菱,2026-09-01,36.6,0.0,0.0,33872000,0,紅增,否,,35.97,36.29,36.33,,-1.7482,0.9037,-4.1994
8034,榮群,2026-09-01,19.85,0.1,0.51,45024000,0,紅增,否,,18.73,18.84,19.12,,-1.1088,-1.1027,-3.6892
8038,長園科,2026-09-01,32.0,0.5,1.59,166322000,0,綠縮,否,,30.95,31.44,33.77,,-3.0388,-5.1448,-7.6702
8040,九暘,2026-09-01,75.4,6.8,9.91,256514000,0,紅增,否,,70.98,71.89,73.36,,-2.5,0.4612,-8.0587
8042,金山電,2026-09-01,107.5,2.5,2.38,4431100000,0,綠轉紅,否,,101.2,105.42,113.87,,-7.6979,-4.1985,-14.9716
8043,蜜望實,2026-09-01,147.0,4.5,3.16,4823013000,0,紅增,是,,138.6,138.3,138.88,,0.4348,1.8035,-7.6936
8044,網家,2026-09-01,24.25,0.1,0.41,625205000,0,綠增,是,,25.17,25.92,26.23,,-5.6243,-1.6878,-2.1273
8048,德勝,2026-09-01,52.8,1.0,1.93,128866000,0,紅增,是,,52.0,52.16,53.45,,-0.6116,0.3077,-4.0312
8049,晶采,2026-09-01,24.65,0.1,0.41,119730000,0,綠縮,否,,24.48,25.41,25.64,,-7.0262,-2.2509,-2.2963
8050,廣積,2026-09-01,56.5,0.4,0.71,692596000,0,綠增,否,,57.06,59.0,59.19,,-6.3669,-2.3341,-0.1266
8054,安國,2026-09-01,83.7,0.8,0.97,574137000,0,綠轉紅,否,,81.06,82.06,86.12,,-2.4079,-3.9223,-6.4469
8059,凱碩,2026-09-01,13.55,0.1,0.74,164103000,0,綠縮,否,,13.49,14.15,14.89,,-8.9129,-5.4144,-4.3527
8064,東捷,2026-09-01,105.0,5.0,5.0,3753492000,0,紅增,是,,99.06,100.02,104.8,,-1.9014,-0.6062,-8.0376
8066,來思達,2026-09-01,14.45,-0.15,-1.03,26155000,0,紅縮,是,,14.68,14.78,14.84,,-1.3441,-1.0378,-0.6528
8067,志旭,2026-09-01,12.25,0.25,2.08,3001000,0,綠增,否,,12.46,12.86,13.02,,-6.0332,-2.1681,-1.5684
8068,全達,2026-09-01,16.9,0.0,0.0,59379000,0,綠縮,否,,16.98,17.43,17.88,,-5.0336,-2.216,-2.4147
8069,元太,2026-09-01,158.0,1.5,0.96,8329076000,0,綠縮,否,,159.7,169.1,178.07,,-10.5322,-7.6461,-5.5806
8071,能率網通,2026-09-01,23.95,-0.1,-0.42,506643000,0,綠轉紅,否,,23.78,23.67,23.83,,0.9338,3.3173,-7.7957
8074,鉅橡,2026-09-01,56.3,0.4,0.72,417646000,0,紅增,否,,54.66,54.75,54.89,,-0.3282,2.3556,-4.8783
8076,伍豐,2026-09-01,23.3,0.1,0.43,732160000,0,紅增,是,,23.25,23.27,23.31,,-0.1717,0.1506,-2.7436
8077,洛碁,2026-09-01,44.2,-0.2,-0.45,1242000,0,綠縮,否,,43.21,43.62,45.65,,-1.8401,-3.592,-3.8036
8080,泰霖,2026-09-01,29.0,0.0,0.0,81692000,0,紅增,是,,28.11,28.11,27.82,,0.0,0.1068,0.3516
8083,瑞穎,2026-09-01,158.5,0.0,0.0,77034000,0,紅縮,否,,159.2,159.35,157.95,,-0.1881,0.7269,-0.5039
8084,巨虹,2026-09-01,45.4,-0.6,-1.3,256596000,0,紅縮,否,,47.4,47.67,45.74,,-1.1264,5.2899,-0.8509
8085,福華,2026-09-01,16.1,0.25,1.58,973183000,0,紅增,否,,13.47,12.37,11.81,,19.5209,9.8579,3.0105
8086,宏捷科,2026-09-01,123.0,,,10028073000,0,紅增,是,,115.1,116.05,117.38,,-1.6239,0.1726,-5.0556
8087,麗升能源,2026-09-01,26.4,-0.6,-2.22,6238000,0,綠縮,否,,26.56,27.51,27.74,,-6.676,-2.4122,-4.377
8088,品安,2026-09-01,44.35,-0.9,-1.99,912179000,0,紅縮,否,,45.56,46.52,46.59,,-4.0438,0.7581,-6.2299
8089,康全電訊,2026-09-01,17.4,-0.3,-1.69,188894000,0,綠增,是,,17.97,18.11,18.55,,-1.5342,-3.1033,-3.3603
8091,翔名,2026-09-01,221.0,3.5,1.61,246162000,0,綠縮,否,,218.1,223.2,234.53,,-4.4678,-2.4902,-6.4239
8092,建暐,2026-09-01,13.05,0.05,0.38,23063000,0,紅增,否,,12.96,13.06,13.32,,-1.5198,-1.8783,-1.9323
8093,保銳,2026-09-01,28.0,-0.05,-0.18,75605000,0,紅增,否,,26.02,24.1,22.01,,17.3129,14.7073,7.0655
8096,擎亞,2026-09-01,111.5,2.5,2.29,2407004000,0,綠縮,否,,107.7,114.55,124.12,,-11.285,-7.955,-9.8911
8097,常珵,2026-09-01,49.0,-0.2,-0.41,125935000,0,綠縮,否,,49.35,50.33,51.51,,-3.8012,-2.3763,-3.8318
8099,大世科,2026-09-01,61.5,0.0,0.0,127796000,0,紅增,是,,59.24,58.29,57.86,,3.3136,1.6391,0.1644
8102,傑霖科技,2026-09-01,66.5,-0.7,-1.04,3010000,0,綠增,否,,68.98,69.2,71.22,,-0.6338,-3.352,0.5152
8107,大億金茂,2026-09-01,12.5,-0.05,-0.4,39850000,0,紅增,否,,12.33,12.07,11.92,,4.403,2.9424,-0.8113
8109,博大,2026-09-01,132.0,3.0,2.33,205975000,0,綠轉紅,否,,129.8,129.2,128.72,,0.9331,2.2961,-3.793
8111,立碁,2026-09-01,75.4,6.8,9.91,34425277000,0,紅增,是,,65.82,62.14,57.36,,12.5898,7.0641,6.6763
8121,越峰,2026-09-01,27.9,0.0,0.0,380028000,0,綠縮,否,,27.44,28.41,31.12,,-6.6031,-5.489,-12.5422
8147,正淩,2026-09-01,129.0,-2.0,-1.53,249454000,0,紅增,是,,122.4,122.65,124.85,,-0.4068,0.9465,-5.7736
8155,博智,2026-09-01,369.5,4.5,1.23,739127000,0,紅增,否,,330.5,316.7,308.02,,9.1119,6.921,-2.5083
8171,天宇,2026-09-01,20.1,-0.2,-0.99,118424000,0,紅增,是,,19.7,19.74,19.99,,-0.4548,-0.704,-1.4545
8176,智捷,2026-09-01,9.89,0.01,0.1,30053000,0,綠轉紅,否,,9.89,9.91,9.93,,-0.3826,-0.0303,-1.4776
8182,加高,2026-09-01,40.55,0.4,1.0,511574000,0,紅增,否,,40.34,39.99,40.11,,1.7659,3.0936,-7.6232
8183,精星,2026-09-01,29.2,0.25,0.86,142773000,0,綠縮,否,,29.16,29.51,30.02,,-2.3443,-0.7233,-3.8828
8227,巨有科技,2026-09-01,164.0,7.5,4.79,1348416000,0,紅增,是,,156.4,152.75,150.8,,4.896,4.5875,-6.379
8234,新漢,2026-09-01,68.3,0.2,0.29,371181000,0,紅增,否,,66.96,67.6,65.12,,-1.8757,4.1602,-1.5794
8240,華宏,2026-09-01,48.9,1.4,2.95,1027079000,0,紅增,是,,43.35,42.67,42.35,,3.2389,4.2384,-4.0496
8255,朋程,2026-09-01,150.0,2.5,1.69,371806000,0,紅增,否,,146.0,145.1,146.95,,1.2483,1.8961,-6.5946
8272,全景軟體,2026-09-01,65.0,2.5,4.0,8698000,0,綠轉紅,否,,62.88,63.82,65.21,,-2.903,-2.7727,-1.9177
8277,商丞,2026-09-01,8.03,-0.01,-0.12,107522000,0,紅增,是,,8.03,8.06,8.06,,-0.6924,0.7878,-2.2206
8279,生展,2026-09-01,79.6,-0.4,-0.5,187696000,0,綠增,是,,83.36,85.95,86.85,,-5.8505,-2.5068,-1.3909
8284,三竹,2026-09-01,66.3,-0.5,-0.75,33442000,0,紅縮,否,,66.94,65.04,63.61,,6.0184,4.0807,1.3543
8289,泰藝,2026-09-01,47.1,1.6,3.52,452333000,0,紅增,否,,46.35,45.41,45.2,,4.251,5.7283,-7.6098
8291,尚茂,2026-09-01,33.0,-1.05,-3.08,23201000,0,紅縮,否,,33.24,35.97,35.66,,-14.0863,-9.2595,-1.2464
8299,群聯,2026-09-01,2125.0,-40.0,-1.85,4175253000,0,紅縮,否,,2083.0,2023.0,1921.5,,6.1131,9.4401,-1.5877
8349,恒耀,2026-09-01,39.1,0.0,0.0,139321000,0,紅轉綠,是,,39.25,39.43,39.57,,-0.9089,-0.7426,-0.2521
8349A,恒耀甲特,2026-09-01,45.55,0.0,0.0,3000000,0,紅縮,否,,45.55,45.36,45.24,,0.8636,0.532,-0.4784
8354,冠好,2026-09-01,17.3,0.1,0.58,55676000,0,紅縮,否,,17.47,17.12,16.51,,4.112,6.1029,0.4106
8358,金居,2026-09-01,526.0,-14.0,-2.59,31423337000,0,紅增,否,,444.3,406.2,395.32,,20.7009,12.8804,-5.8414
8383,千附,2026-09-01,66.8,0.8,1.21,1405141000,0,綠縮,否,,65.4,68.12,75.11,,-7.6793,-8.8696,0.2737
8390,金益鼎,2026-09-01,98.7,-0.5,-0.5,238412000,0,紅縮,否,,99.04,98.21,96.4,,1.7047,3.597,-1.3206
8401,白紗科,2026-09-01,22.75,0.0,0.0,32136000,0,紅縮,是,,23.05,22.98,22.91,,0.6111,0.5689,0.0874
8403,盛弘,2026-09-01,19.1,0.0,0.0,22382000,0,紅縮,否,,19.44,19.27,19.25,,1.8334,0.6794,0.1561
8409,商之器,2026-09-01,18.3,0.3,1.67,16130000,0,綠縮,是,,18.08,18.15,18.52,,-0.7684,-1.8123,-1.3715
8410,森田,2026-09-01,30.5,0.05,0.16,12128000,0,紅縮,否,,32.13,31.75,31.69,,2.4227,1.4539,-0.518
8415,大國鋼,2026-09-01,37.15,0.4,1.09,557948000,0,紅轉綠,否,,38.06,37.89,37.48,,0.8746,0.1453,2.3411
8416,實威,2026-09-01,169.5,0.5,0.3,4449000,0,紅增,否,,168.6,168.5,168.7,,0.1188,-0.1186,-0.2365
8421,旭源,2026-09-01,13.1,-0.55,-4.03,420257000,0,綠增,是,,13.56,13.89,14.66,,-4.6414,-5.2524,-0.5427
8423,保綠-KY,2026-09-01,17.95,0.1,0.56,25988000,0,紅增,否,,17.86,17.83,17.75,,0.3371,0.564,0.1693
8424,惠普,2026-09-01,69.0,0.2,0.29,7054000,0,紅縮,否,,69.1,68.93,68.78,,0.4945,0.364,0.0509
8426,紅木-KY,2026-09-01,21.05,0.0,0.0,1073000,0,紅增,否,,20.92,21.11,20.65,,-1.784,1.247,0.7071
8431,匯鑽科,2026-09-01,54.4,0.8,1.49,616863000,0,紅增,是,,47.42,48.03,47.59,,-2.5082,0.1146,-1.9923
8432,東生華,2026-09-01,50.5,0.1,0.2,16300000,0,紅增,否,,50.4,50.42,50.2,,-0.0991,0.5985,-0.2087
8433,弘帆,2026-09-01,55.4,-0.1,-0.18,9000000,0,紅縮,否,,55.72,55.01,54.44,,2.6151,2.1731,1.4065
8435,鉅邁,2026-09-01,53.6,0.1,0.19,38208000,0,紅增,是,,53.52,53.34,53.0,,0.6772,0.9463,0.2744
8436,大江,2026-09-01,115.5,,,2336463000,0,紅縮,是,,122.9,121.2,117.92,,2.8452,3.5455,2.0775
8437,大地-KY,2026-09-01,9.21,-0.08,-0.86,12147000,0,紅增,否,,9.12,9.07,9.42,,1.0638,-2.7653,-2.4399
8440,綠電,2026-09-01,20.2,-0.15,-0.74,38408000,0,紅縮,否,,20.44,20.04,19.98,,4.0733,2.7429,-1.2111
8444,綠河-KY,2026-09-01,4.89,0.21,4.49,22050000,0,綠增,是,,5.04,5.19,5.27,,-5.5847,-2.3715,-5.104
8446,華研,2026-09-01,85.0,-0.2,-0.23,33394000,0,綠縮,否,,85.0,85.16,85.64,,-0.3751,-0.5024,-0.759
8450,霹靂,2026-09-01,14.5,-0.05,-0.34,32620000,0,綠增,否,,14.6,14.79,14.89,,-2.5367,-1.0702,-1.2929
8455,大拓-KY,2026-09-01,23.0,0.3,1.32,4062000,0,紅縮,否,,23.89,24.36,24.76,,-3.747,-2.619,-3.1959
8472,夠麻吉,2026-09-01,66.7,1.7,2.62,29571000,0,綠縮,是,,67.46,68.38,71.12,,-2.6551,-1.3133,-4.5878
8477,創業家,2026-09-01,15.3,-0.05,-0.33,22031000,0,紅縮,否,,15.56,15.71,15.65,,-1.8916,0.1913,-0.7293
8489,三貝德,2026-09-01,22.25,-0.15,-0.67,33148000,0,紅縮,否,,22.77,22.77,22.74,,0.0,0.5298,1.0104
8905,裕國,2026-09-01,34.6,0.0,0.0,2674000,0,紅縮,否,,34.85,33.66,31.79,,7.2968,7.0429,4.3924
8906,花王,2026-09-01,28.65,0.45,1.6,14928000,0,紅增,否,,27.99,27.77,26.95,,1.5602,4.2018,-0.6818
8908,欣雄,2026-09-01,40.85,0.3,0.74,76837000,0,紅增,是,,40.15,40.05,39.61,,0.5258,1.009,0.3674
8916,光隆,2026-09-01,40.9,-0.1,-0.24,42216000,0,綠縮,否,,40.57,41.23,41.83,,-3.1742,-1.9032,-1.9516
8921,沈氏,2026-09-01,16.45,-0.6,-3.52,17778000,0,綠增,是,,17.07,17.18,17.41,,-1.2724,-1.3777,-1.3737
8923,時報,2026-09-01,18.75,-0.7,-3.6,8002000,0,綠縮,否,,18.62,18.76,19.12,,-1.4293,-1.6518,-1.1886
8924,大田,2026-09-01,50.5,0.2,0.4,41341000,0,綠縮,否,,50.54,51.3,53.66,,-2.9197,-5.0879,-3.5413
8927,北基,2026-09-01,19.4,-0.25,-1.27,214638000,0,紅轉綠,是,,20.04,20.0,20.06,,0.4008,0.553,-2.3838
8928,鉅明,2026-09-01,24.6,0.3,1.23,9070000,0,紅增,否,,23.82,23.46,23.17,,3.0723,2.6241,1.478
8929,富堡,2026-09-01,13.15,-0.1,-0.75,9718000,0,綠縮,否,,13.22,13.25,13.55,,-0.5267,-1.0082,-1.8998
8930,青鋼,2026-09-01,30.05,-0.6,-1.96,25600000,0,綠縮,否,,29.81,29.93,30.49,,-0.7987,-1.4488,0.2301
8931,大汽電,2026-09-01,41.4,0.05,0.12,43357000,0,綠縮,是,,40.93,40.89,41.48,,0.1713,-1.2556,-1.02
8932,智通*,2026-09-01,93.7,-2.3,-2.4,2147109000,0,紅轉綠,否,,105.84,103.48,107.44,,4.6677,0.838,-2.1537
8933,愛地雅,2026-09-01,4.7,0.02,0.43,90387000,0,紅增,否,,4.55,4.49,4.48,,2.9412,0.9908,-0.1782
8935,邦泰,2026-09-01,18.05,-0.05,-0.28,87630000,0,紅增,否,,18.03,17.86,18.43,,1.922,-0.1398,-6.4094
8936,國統,2026-09-01,50.8,0.1,0.2,598706000,0,綠縮,否,,51.08,51.47,51.92,,-1.504,-0.6179,-2.6163
8937,合騏*,2026-09-01,29.5,-0.45,-1.5,213942000,0,紅增,是,,26.94,25.42,24.91,,12.7197,6.1156,0.1709
8938,明安,2026-09-01,50.8,0.2,0.4,50233000,0,綠增,否,,51.94,52.53,54.09,,-2.2214,-3.8264,-1.1695
8942,森鉅,2026-09-01,42.15,0.0,0.0,103252000,0,紅縮,否,,42.31,40.77,39.5,,7.8786,6.6588,1.146
9949,琉園,2026-09-01,24.05,-0.15,-0.62,33961000,0,綠轉紅,否,,23.67,23.72,23.85,,-0.4626,0.5936,-4.7909
9950,萬國通,2026-09-01,10.3,-0.05,-0.48,59300000,0,紅增,是,,10.29,10.34,10.34,,-0.9625,-0.2893,-0.5768
9951,皇田,2026-09-01,54.6,0.6,1.11,141996000,0,紅增,是,,54.12,53.56,53.13,,2.1132,1.4586,0.2358
9960,邁達康,2026-09-01,31.0,0.75,2.48,7419000,0,綠縮,是,,31.02,31.23,32.12,,-1.3045,-2.7107,-1.8485
9962,有益,2026-09-01,10.4,0.0,0.0,39312000,0,紅增,否,,10.26,10.15,9.98,,2.0896,2.2453,1.1498
