股票代號,股票名稱,日期,收盤價,漲跌(元),漲跌幅(%),成交量（股）,成交金額（元）,MACD狀態,出量,站上60日均,5日均價,10日均價,20日均價,60日均價,5日均斜率(%),10日均斜率(%),20日均斜率(%)
006201,元大富櫃50,2026-07-20,39.8,-1.5,-3.63,645515000,0,綠增,是,否,43.69,45.58,46.72,46.1,-7.9516,-3.8177,-1.498
00679B,元大美債20年,2026-07-20,26.99,0.04,0.15,27024372000,0,綠縮,否,是,26.84,26.92,26.99,26.74,-0.5557,-0.8618,0.3327
00687B,國泰20年美債,2026-07-20,28.07,0.04,0.14,20608434000,0,綠縮,否,是,27.91,28.0,28.1,27.88,-0.6549,-0.8919,0.0837
00687C,國泰20年美債+櫃U,2026-07-20,9.23,-0.01,-0.11,25000000,0,綠縮,否,否,9.23,9.29,9.38,9.32,-1.4737,-1.536,-0.1703
00694B,富邦美債1-3,2026-07-20,42.44,0.07,0.17,131384000,0,紅縮,否,是,42.39,42.3,42.05,41.69,0.4264,0.5156,0.4743
00695B,富邦美債7-10,2026-07-20,35.6,0.01,0.03,756870000,0,紅轉綠,是,是,35.57,35.58,35.46,35.2,-0.0506,0.0169,0.4461
00696B,富邦美債20年,2026-07-20,29.11,0.04,0.14,1161404000,0,綠縮,否,是,29.12,29.27,29.38,29.02,-1.0265,-1.1116,0.2046
00697B,元大美債7-10,2026-07-20,36.09,0.05,0.14,305194000,0,紅增,否,是,35.9,35.86,35.78,35.65,0.201,0.162,0.2985
00719B,元大美債1-3,2026-07-20,31.75,0.07,0.22,4909401000,0,紅增,否,是,31.57,31.46,31.26,31.02,0.7017,0.6784,0.5388
00720B,元大投資級公司債,2026-07-20,33.36,0.03,0.09,7137268000,0,綠縮,否,是,33.23,33.41,33.51,33.13,-1.0837,-0.8312,0.1076
00722B,群益投資級電信債,2026-07-20,35.48,0.03,0.08,1256226000,0,綠增,否,否,35.63,35.95,36.21,35.99,-1.7264,-1.4151,-0.2314
00723B,群益投資級科技債,2026-07-20,30.31,-0.03,-0.1,106360000,0,綠增,否,否,30.49,30.8,31.02,30.81,-2.0184,-1.4684,-0.2877
00724B,群益投資級金融債,2026-07-20,33.77,0.08,0.24,5740925000,0,綠增,否,否,33.87,34.1,34.16,33.8,-1.3227,-0.852,0.1524
00725B,國泰投資級公司債,2026-07-20,35.0,0.05,0.14,13638860000,0,綠增,是,否,35.15,35.42,35.55,35.17,-1.5132,-1.0007,-0.007
00726B,國泰新興投等債,2026-07-20,33.49,0.06,0.18,440554000,0,綠轉紅,是,是,33.37,33.37,33.26,32.98,0.0,0.084,0.4667
00727B,國泰優選非投等債,2026-07-20,39.79,0.08,0.2,139312000,0,綠增,否,是,40.09,40.08,39.91,39.52,0.02,0.2601,0.3886
00734B,台新JPM新興債,2026-07-20,15.95,0.11,0.69,236000000,0,綠增,是,是,15.97,16.02,15.97,15.81,-0.6595,-0.0998,0.3583
00740B,富邦全球投等債,2026-07-20,38.65,0.04,0.1,2127228000,0,綠縮,否,否,38.6,38.81,38.93,38.68,-1.0865,-0.7797,-0.0321
00741B,富邦全球非投等債,2026-07-20,37.85,0.06,0.16,129266000,0,紅縮,否,是,37.77,37.69,37.48,37.34,0.4308,0.5818,0.4072
00746B,富邦A級公司債,2026-07-20,35.52,0.03,0.08,653557000,0,綠增,否,否,35.59,35.81,35.89,35.58,-1.2157,-0.8308,0.106
00749B,凱基新興債10+,2026-07-20,31.76,0.01,0.03,114024000,0,綠增,否,是,31.92,32.07,32.1,31.76,-0.9495,-0.5766,0.2217
00750B,凱基科技債10+,2026-07-20,32.85,0.0,0.0,100000000,0,綠增,否,否,32.93,33.23,33.39,33.12,-1.7541,-1.1895,-0.1316
00751B,元大AAA至A公司債,2026-07-20,31.49,0.05,0.16,8847620000,0,綠縮,否,否,31.36,31.56,31.79,31.7,-1.2532,-1.0193,-0.3293
00754B,群益AAA-AA公司債,2026-07-20,33.25,0.01,0.03,109000000,0,綠縮,否,否,33.06,33.35,33.57,33.54,-1.6889,-1.3022,-0.2185
00755B,群益投資級公用債,2026-07-20,33.19,0.09,0.27,136342000,0,綠縮,否,是,32.97,33.12,33.16,32.88,-0.8956,-0.6717,0.2904
00756B,群益投等新興公債,2026-07-20,31.88,0.09,0.28,20134958000,0,綠縮,是,是,31.8,31.92,31.92,31.61,-0.7614,-0.4025,0.3726
00758B,復華能源債,2026-07-20,52.25,0.2,0.38,123000000,0,綠縮,否,是,51.86,51.98,52.07,51.7,-0.4415,-0.5834,0.2021
00759B,復華製藥債,2026-07-20,55.25,0.2,0.36,100000000,0,綠縮,否,是,54.93,55.15,55.25,54.72,-0.7767,-0.7469,0.2495
00760B,復華新興企業債,2026-07-20,54.45,0.05,0.09,108180000,0,綠縮,否,是,54.32,54.4,54.32,53.93,-0.2754,-0.2018,0.4159
00761B,國泰A級公司債,2026-07-20,34.65,0.04,0.12,152994000,0,綠縮,否,是,34.47,34.65,34.76,34.57,-1.0337,-0.8698,0.0821
00764B,群益25年美債,2026-07-20,28.01,0.04,0.14,8716478000,0,綠縮,否,是,27.85,27.93,28.02,27.84,-0.5427,-0.8168,0.0571
00768B,復華20年美債,2026-07-20,50.6,0.1,0.2,1458098000,0,綠縮,是,是,50.31,50.49,50.62,50.3,-0.7301,-0.9125,0.321
00772B,中信高評級公司債,2026-07-20,33.68,0.05,0.15,3130532000,0,綠縮,否,否,33.6,33.78,33.89,33.72,-1.0484,-0.8366,-0.0148
00773B,中信優先金融債,2026-07-20,36.06,0.08,0.22,664555000,0,綠縮,否,是,35.94,36.12,36.17,35.9,-0.9863,-0.6765,0.1218
00777B,凱基AAA至A公司債,2026-07-20,32.52,0.05,0.15,100000000,0,綠縮,否,否,32.44,32.69,32.84,32.66,-1.4759,-1.0953,-0.1156
00778B,凱基金融債20+,2026-07-20,34.48,0.05,0.15,100000000,0,綠縮,否,否,34.38,34.65,34.81,34.52,-1.5691,-1.1666,-0.0517
00779B,凱基美債25+,2026-07-20,28.32,-0.04,-0.14,531070000,0,綠縮,否,是,28.18,28.27,28.38,28.2,-0.6276,-0.873,0.03
00780B,國泰A級金融債,2026-07-20,37.87,0.13,0.34,321333000,0,綠轉紅,否,是,37.59,37.63,37.52,37.32,-0.2071,-0.0452,0.4444
00781B,國泰A級科技債,2026-07-20,28.19,0.09,0.32,110000000,0,綠縮,否,否,28.07,28.26,28.45,28.57,-1.3008,-1.0193,-0.5871
00782B,國泰A級公用債,2026-07-20,30.44,0.04,0.13,131225000,0,綠增,否,否,30.62,30.82,30.87,30.52,-1.2512,-0.8494,0.1817
00785B,富邦金融投等債,2026-07-20,35.08,0.06,0.17,51239000,0,綠增,否,是,35.12,35.35,35.39,35.02,-1.2594,-0.772,0.1684
00786B,元大10年IG銀行債,2026-07-20,33.0,-0.03,-0.09,6180000,0,綠縮,否,是,32.89,33.05,33.06,32.78,-0.9456,-0.5955,0.276
00787B,元大10年IG醫療債,2026-07-20,32.83,0.08,0.24,1000000,0,綠縮,否,是,32.63,32.78,32.88,32.65,-0.8748,-0.6186,-0.0274
00788B,元大10年IG電能債,2026-07-20,30.49,0.0,0.0,1000000,0,綠縮,否,是,30.33,30.46,30.46,30.06,-0.811,-0.5713,0.3211
00789B,復華公司債A3,2026-07-20,48.51,0.02,0.04,140025000,0,綠縮,否,是,48.28,48.61,48.84,48.43,-1.3526,-1.1047,-0.042
00791B,復華信用債1-5,2026-07-20,58.25,0.3,0.52,100152000,0,紅增,否,是,57.85,57.66,57.3,56.74,0.6437,0.5756,0.566
00792B,群益A級公司債,2026-07-20,31.82,-0.03,-0.09,104198000,0,綠縮,否,是,31.67,31.82,31.95,31.82,-0.9073,-0.8229,-0.1953
00793B,群益AAA-A醫療債,2026-07-20,30.85,-0.04,-0.13,3176000,0,綠縮,否,是,30.76,30.9,30.99,30.83,-0.9021,-0.8058,-0.1321
00795B,中信美國公債20年,2026-07-20,27.16,0.03,0.11,3969456000,0,綠縮,否,是,27.01,27.1,27.17,26.94,-0.6547,-0.8815,0.3139
00799B,國泰A級醫療債,2026-07-20,29.89,0.09,0.3,180924000,0,綠縮,否,是,29.75,29.9,29.96,29.75,-1.0116,-0.7765,0.1973
00834B,第一金金融債10+,2026-07-20,34.56,-0.11,-0.32,100015000,0,綠縮,否,是,34.45,34.52,34.56,34.21,-0.4393,-0.4498,0.2364
00836B,永豐10年A公司債,2026-07-20,28.84,0.0,0.0,2095000,0,綠縮,否,否,28.75,28.93,29.09,28.93,-1.2707,-0.9483,-0.2401
00840B,凱基IG精選15+,2026-07-20,29.95,-0.04,-0.13,100000000,0,綠縮,否,否,29.91,30.13,30.26,30.07,-1.4499,-1.1063,-0.0941
00841B,凱基AAA-AA公司債,2026-07-20,28.88,-0.04,-0.14,100000000,0,綠縮,否,否,28.78,29.0,29.16,29.07,-1.5397,-1.2429,-0.1182
00842B,台新美元銀行債,2026-07-20,30.19,0.07,0.23,698287000,0,綠增,是,否,30.58,30.89,30.9,30.58,-1.9935,-0.8537,0.1621
00844B,台新15年IG金融債,2026-07-20,31.9,0.08,0.25,82000000,0,綠縮,否,是,31.71,31.91,31.94,31.7,-1.2272,-0.7033,0.1819
00845B,富邦新興投等債,2026-07-20,33.82,-0.01,-0.03,109010000,0,紅增,否,是,33.71,33.69,33.55,33.36,0.1366,0.1754,0.4732
00846B,富邦歐洲銀行債,2026-07-20,36.52,0.11,0.3,104459000,0,綠轉紅,否,是,36.33,36.37,36.23,36.0,-0.1758,0.0633,0.4743
00847B,中信美國市政債,2026-07-20,25.94,0.05,0.19,101000000,0,綠縮,否,是,25.78,25.81,25.79,25.64,-0.2477,-0.3821,0.4088
00848B,中信新興亞洲債,2026-07-20,34.33,-0.09,-0.26,100003000,0,綠增,否,是,34.46,34.55,34.52,34.3,-0.5139,-0.326,0.2716
00849B,中信EM主權債0-5,2026-07-20,37.95,0.1,0.26,111838000,0,紅縮,否,是,37.92,37.83,37.63,37.29,0.4929,0.4914,0.4377
00853B,統一美債10年Aa-A,2026-07-20,27.74,0.03,0.11,1012249000,0,綠縮,否,否,27.6,27.74,27.86,27.76,-1.0329,-0.8542,-0.2095
00856B,永豐1-3年美公債,2026-07-20,38.31,0.26,0.68,2855000,0,紅增,否,是,38.01,37.88,37.76,37.6,0.6675,0.5041,0.3789
00857B,永豐20年美公債,2026-07-20,23.33,0.04,0.17,1584992000,0,綠縮,否,是,23.2,23.27,23.41,23.22,-0.5656,-0.9619,0.0449
00858,永豐美國500大,2026-07-20,36.77,0.08,0.22,338370000,0,紅縮,否,是,36.83,36.71,36.34,35.43,0.6779,1.3025,0.9738
00859B,群益0-1年美債,2026-07-20,41.59,0.09,0.22,3138959000,0,紅增,是,是,41.38,41.23,41.0,40.95,0.745,0.7084,0.1637
00860B,群益1-5Y投資級債,2026-07-20,38.86,0.05,0.13,178059000,0,紅增,否,是,38.69,38.56,38.31,38.08,0.6766,0.6001,0.534
00862B,中信投資級公司債,2026-07-20,31.72,0.03,0.09,120024000,0,綠縮,否,否,31.58,31.75,31.91,31.78,-1.0963,-0.9051,-0.2704
00863B,中信全球電信債,2026-07-20,31.97,0.0,0.0,156007000,0,綠縮,否,否,31.81,31.97,32.18,32.14,-1.0392,-1.0338,-0.3391
00864B,中信美國公債0-1,2026-07-20,47.22,0.13,0.28,813243000,0,紅增,否,是,46.93,46.73,46.4,46.16,0.8337,0.7199,0.5722
00870B,元大15年EM主權債,2026-07-20,28.7,0.03,0.1,1000000,0,綠增,否,是,28.73,28.87,28.76,28.49,-0.9652,-0.1522,0.3454
00877,復華中國5G,2026-07-20,37.5,-1.11,-2.87,6266314000,0,綠增,否,否,41.64,42.96,44.97,40.73,-5.9533,-7.3819,-0.7043
00884B,中信低碳新興債,2026-07-20,29.59,-0.12,-0.4,101902000,0,綠增,否,否,29.8,29.96,30.02,29.75,-1.102,-0.7486,0.1618
00887,永豐中國科技50大,2026-07-20,16.72,-0.06,-0.36,9460692000,0,綠增,否,否,18.06,18.81,18.9,16.9,-7.7458,-4.8789,1.2916
00888,永豐台灣ESG,2026-07-20,33.19,-1.24,-3.6,28287572000,0,綠增,否,是,35.66,36.51,36.63,32.4,-4.5352,-2.6481,1.6073
00890B,凱基ESG BBB債15+,2026-07-20,32.33,0.05,0.15,120087000,0,綠縮,否,否,32.28,32.5,32.62,32.37,-1.3325,-0.9689,-0.0827
00928,中信上櫃ESG 30,2026-07-20,28.19,-0.77,-2.66,3274144000,0,綠增,否,否,32.92,35.22,36.61,35.5,-12.2595,-6.2596,-2.3891
00931B,統一美債20年,2026-07-20,13.51,0.0,0.0,3870848000,0,綠縮,是,是,13.52,13.59,13.64,13.47,-0.9814,-1.0703,0.2242
00933B,國泰10Y+金融債,2026-07-20,16.09,0.03,0.19,11309424000,0,綠縮,否,是,16.06,16.14,16.16,16.03,-0.9867,-0.622,0.1239
00937B,群益ESG投等債20+,2026-07-20,14.83,0.02,0.14,44840473000,0,綠縮,否,否,14.82,14.92,14.97,14.86,-1.3049,-0.8637,-0.0667
00942B,台新美A公司債20+,2026-07-20,14.29,0.02,0.14,1787322000,0,綠縮,否,否,14.25,14.35,14.42,14.34,-1.4118,-1.1301,-0.1558
00948B,中信優息投資級債,2026-07-20,9.47,0.01,0.11,4421829000,0,綠縮,否,否,9.46,9.51,9.55,9.48,-1.191,-0.8957,-0.0523
00950B,凱基A級公司債,2026-07-20,14.17,0.02,0.14,2097567000,0,綠縮,否,是,14.1,14.15,14.19,14.09,-0.7601,-0.7225,0.1624
00955,中信日本商社,2026-07-20,14.3,0.2,1.42,3699560000,0,紅縮,否,否,14.28,14.25,14.18,14.97,0.3796,1.4304,-0.0845
00957B,兆豐US優選投等債,2026-07-20,13.46,-0.01,-0.07,536286000,0,綠縮,否,否,13.45,13.54,13.6,13.49,-1.3058,-0.9508,-0.0551
00958B,永豐ESG銀行債15+,2026-07-20,9.38,0.01,0.11,289344000,0,綠縮,否,是,9.34,9.38,9.39,9.3,-0.7648,-0.5725,0.2134
00959B,大華投等美債15Y+,2026-07-20,9.42,0.01,0.11,1179303000,0,綠縮,否,是,9.39,9.44,9.47,9.39,-0.8653,-0.8095,0.1058
00966B,統一ESG投等債15+,2026-07-20,13.98,0.01,0.07,312463000,0,綠縮,否,是,13.93,14.01,14.08,13.97,-1.1352,-1.059,-0.0355
00967B,元大優息美債,2026-07-20,9.25,0.01,0.11,534330000,0,綠縮,是,是,9.19,9.2,9.21,9.13,-0.1956,-0.5085,0.3269
00968B,元大優息投等債,2026-07-20,9.32,0.01,0.11,1346427000,0,綠縮,否,是,9.28,9.32,9.35,9.29,-0.9398,-0.682,0.0107
00969B,元大零息超長美債,2026-07-20,8.38,0.02,0.24,458422000,0,綠縮,否,是,8.33,8.4,8.49,8.33,-1.5828,-2.121,0.1593
00970B,台新BBB投等債20+,2026-07-20,9.38,0.01,0.11,489639000,0,綠縮,否,否,9.37,9.43,9.46,9.39,-1.3477,-0.8825,-0.0897
009806,台新標普500,2026-07-20,13.48,0.02,0.15,17734000,0,紅縮,否,是,13.49,13.43,13.28,12.98,0.8676,1.535,0.8891
009807,台新標普科技精選,2026-07-20,16.37,0.17,1.05,24157000,0,綠增,否,是,16.59,16.65,16.71,15.79,-0.7895,-0.484,0.3753
00980B,台新特選IG債10+,2026-07-20,9.5,0.0,0.0,294562000,0,綠縮,否,是,9.48,9.54,9.56,9.49,-1.27,-0.759,-0.0261
00980D,主動聯博投等入息,2026-07-20,20.52,0.01,0.05,269016000,0,綠增,否,是,20.52,20.55,20.52,20.42,-0.3013,-0.0778,0.1684
00980T,平衡凱基美國TOP,2026-07-20,11.75,0.07,0.6,266115000,0,紅增,否,是,11.65,11.51,11.4,11.41,2.4446,2.075,0.4759
009814,富邦標普500,2026-07-20,11.2,0.01,0.09,1196431000,0,紅縮,否,是,11.23,11.19,11.09,10.86,0.6812,1.2573,0.7907
009815,大華美國MAG7+,2026-07-20,11.25,0.03,0.27,3552003000,0,紅縮,否,是,11.31,11.26,11.18,11.05,0.8742,1.5056,0.368
00981B,第一金優選非投債,2026-07-20,9.38,0.02,0.21,17721358000,0,紅增,否,是,9.34,9.32,9.27,9.22,0.4947,0.6805,0.5206
00981D,主動中信非投等債,2026-07-20,10.49,0.02,0.19,5743469000,0,紅縮,否,是,10.5,10.48,10.43,10.36,0.325,0.5276,0.3996
009822,華南永昌未來金融,2026-07-20,9.48,-0.05,-0.52,489014000,0,綠增,否,,9.61,9.72,9.78,,-2.1575,-0.9174,0.4933
009823,群益S&P500,2026-07-20,10.32,0.0,0.0,5585561000,0,,是,,10.37,10.34,10.24,,0.5627,0.6524,0.897
009825,聯邦美國金融創新,2026-07-20,9.74,0.11,1.14,2733450000,0,,是,,9.88,9.94,,,-1.16,,
00982B,FT投資級債20+,2026-07-20,9.79,0.0,0.0,31725000,0,綠增,是,否,9.82,9.88,9.91,9.85,-1.1878,-0.7637,-0.0958
00983B,大華優利美公債20,2026-07-20,15.75,0.02,0.13,33546000,0,綠縮,否,是,15.67,15.72,15.79,15.66,-0.6466,-1.0695,0.1935
00984B,大華優利美A債15,2026-07-20,16.35,0.02,0.12,680866000,0,綠縮,否,否,16.29,16.38,16.47,16.37,-1.093,-1.111,-0.0516
00985D,主動貝萊德優投等,2026-07-20,10.2,0.01,0.1,501533000,0,綠縮,否,是,10.19,10.23,10.25,10.16,-0.8565,-0.6507,0.0195
00986B,FT金融債10+,2026-07-20,9.92,0.04,0.4,2035000,0,綠縮,否,是,9.88,9.95,9.94,9.91,-1.3376,-0.3305,0.0403
00986D,主動復華金融債息,2026-07-20,14.9,0.06,0.4,1173770000,0,綠縮,否,是,14.83,14.86,14.85,14.8,-0.336,-0.1814,0.1247
00987B,野村10+澳洲公債,2026-07-20,16.09,0.01,0.06,357492000,0,紅增,否,是,16.0,15.95,15.94,15.92,0.5784,0.327,0.261
00988B,玉山嚴選非投債,2026-07-20,19.96,0.0,0.0,2499498000,0,紅縮,否,是,20.02,19.98,19.91,19.85,0.4112,0.4222,0.2367
00989B,台新美國非投等債,2026-07-20,10.25,0.03,0.29,718621000,0,紅縮,否,是,10.25,10.24,10.18,10.06,0.0977,0.5103,0.5482
00990B,國泰收益非投等債,2026-07-20,10.05,0.02,0.2,3872714000,0,,是,,10.02,10.01,,,0.1574,0.0672,
00998A,主動復華金融股息,2026-07-20,17.13,-0.11,-0.64,1760738000,0,紅縮,否,是,17.22,17.1,16.98,16.25,1.366,1.4897,1.4247
020025,統一亞洲半導體N,2026-07-20,36.45,0.45,1.25,45000000,0,綠增,是,,38.38,40.32,42.41,,-9.1546,-7.9372,-0.2364
020033,統一恒生科期N,2026-07-20,3.79,0.14,3.84,75000000,0,紅增,是,,3.74,3.67,3.64,,3.433,3.3474,-0.5324
020041,兆豐半導體氣候N,2026-07-20,16.2,-0.56,-3.34,19000000,0,綠增,是,,17.66,18.37,18.86,,-7.4132,-3.4485,-0.6192
1240,茂生農經,2026-07-20,55.0,0.3,0.55,33912000,0,綠增,否,否,56.14,57.09,57.55,58.12,-3.2736,-1.416,-0.6302
1259,安心,2026-07-20,59.9,0.4,0.67,25098000,0,紅增,否,是,58.68,57.96,57.89,58.08,2.5157,1.311,0.3119
1264,德麥,2026-07-20,257.5,-0.5,-0.19,18961000,0,綠增,否,否,263.3,267.1,268.4,270.92,-2.8055,-0.9824,-0.5465
1268,漢來美食,2026-07-20,173.0,3.5,2.06,122892000,0,綠縮,是,是,168.1,169.0,169.03,164.18,-1.0594,-0.2361,-0.1034
1294,漢田生技,2026-07-20,55.7,-1.0,-1.76,29886000,0,綠縮,否,否,57.08,62.26,70.72,76.22,-15.3618,-14.9221,-7.185
1295,生合,2026-07-20,48.25,-0.25,-0.52,40191000,0,紅縮,否,否,49.31,48.96,48.9,51.96,1.44,1.377,0.1126
1336,台翰,2026-07-20,15.15,0.55,3.77,196641000,0,綠增,否,是,15.23,14.88,15.05,14.15,4.8176,0.0336,2.1374
1565,精華,2026-07-20,93.0,-0.4,-0.43,104202000,0,綠增,否,否,95.02,96.07,95.33,97.77,-2.1623,-0.2492,0.0367
1569,濱川,2026-07-20,42.8,-0.85,-1.95,447089000,0,紅轉綠,否,否,45.72,46.58,47.02,51.9,-3.6053,-0.3743,-1.9087
1570,力肯,2026-07-20,37.05,-1.3,-3.39,148133000,0,綠增,否,否,38.62,39.78,40.51,41.15,-5.6899,-1.6318,-3.2191
1580,新麥,2026-07-20,114.0,-1.0,-0.87,94348000,0,綠增,否,否,117.4,120.55,121.85,122.97,-5.093,-1.952,-1.6347
1584,精剛,2026-07-20,19.4,0.15,0.78,1115142000,0,紅縮,否,否,19.66,19.5,19.39,19.85,1.6021,1.9336,-0.0129
1586,和勤,2026-07-20,18.1,0.1,0.56,3502272000,0,綠縮,是,否,18.39,18.88,19.76,21.33,-5.1084,-3.8931,-3.7154
1593,祺驊,2026-07-20,30.0,0.1,0.33,13105000,0,綠縮,否,否,30.13,30.23,30.5,31.37,-0.6922,-0.1816,-1.2864
1595,川寶,2026-07-20,56.4,-3.1,-5.21,1190866000,0,綠增,是,否,63.56,69.37,73.98,76.99,-15.4562,-10.8469,-3.584
1599,宏佳騰,2026-07-20,22.65,-0.35,-1.52,166559000,0,綠增,是,否,22.98,23.38,23.38,23.99,-3.3235,-0.8694,-0.6901
1742,台蠟,2026-07-20,16.3,0.1,0.62,63746000,0,紅增,是,是,15.85,15.59,15.47,15.51,3.392,2.2966,0.6507
1777,生泰,2026-07-20,72.5,0.8,1.12,77085000,0,紅縮,否,是,73.92,73.58,72.67,71.75,0.9285,1.7704,0.7068
1780,立弘,2026-07-20,22.65,0.35,1.57,134720000,0,綠縮,否,否,23.19,23.96,25.57,29.62,-6.2652,-5.2767,-6.4147
1781,合世,2026-07-20,11.85,0.0,0.0,10078000,0,綠增,否,是,11.86,11.9,11.88,11.33,-0.67,0.3373,-0.231
1784,訊聯,2026-07-20,60.3,-0.5,-0.82,389699000,0,綠增,否,否,63.82,66.55,66.69,70.4,-7.8811,-2.4623,-1.1854
1785,光洋科,2026-07-20,104.5,-3.0,-2.79,14552206000,0,綠增,否,否,119.2,132.7,138.2,146.87,-18.4679,-8.1661,-2.8812
1788,杏昌,2026-07-20,130.0,0.5,0.39,32780000,0,紅增,否,否,129.7,129.75,130.62,133.72,-0.077,-0.1923,-0.9479
1796,金穎生技,2026-07-20,31.4,-0.4,-1.26,23151000,0,紅轉綠,否,否,32.59,33.14,33.32,36.04,-3.2938,-0.4356,-2.1581
1799,易威,2026-07-20,32.35,0.1,0.31,96501000,0,紅縮,否,否,33.28,33.14,32.01,34.94,0.8791,3.7576,0.8031
1813,寶利徠,2026-07-20,11.95,0.0,0.0,51083000,0,紅縮,是,否,11.95,11.96,11.94,12.21,-0.2504,-0.2501,0.2098
1815,富喬,2026-07-20,77.3,-4.2,-5.15,18511941000,0,綠增,否,否,86.7,93.16,96.77,103.91,-12.9693,-8.1534,-2.3117
2035,唐榮,2026-07-20,27.25,0.1,0.37,23108000,0,綠增,是,否,27.44,27.61,27.74,28.0,-1.2239,-0.5045,-0.4844
2061,風青,2026-07-20,51.1,-5.6,-9.88,2026004000,0,綠增,否,是,63.62,69.49,61.76,37.24,-15.5786,0.5062,12.3017
2063,世鎧,2026-07-20,24.0,-0.15,-0.62,12000000,0,紅縮,否,否,24.11,24.09,24.31,25.21,0.1662,-0.331,-1.0784
2064,晉椿,2026-07-20,12.95,0.0,0.0,7000000,0,綠縮,否,否,13.13,13.38,13.67,13.06,-3.5977,-2.1222,-2.8439
2065,世豐,2026-07-20,31.8,0.2,0.63,38797000,0,綠縮,否,否,32.06,32.37,33.11,32.56,-1.8672,-1.6859,-1.4877
2066,世德,2026-07-20,62.0,-0.6,-0.96,61308000,0,綠增,否,是,64.56,66.03,66.16,57.0,-4.3556,-3.5213,1.722
2067,嘉鋼,2026-07-20,6.47,-0.26,-3.86,22115000,0,紅縮,否,否,6.6,6.62,6.57,6.77,-0.6022,0.2422,1.0459
2070,精湛,2026-07-20,52.8,-0.8,-1.49,168293000,0,綠增,否,否,55.68,58.96,61.75,62.55,-10.5398,-6.0698,-2.7942
2073,雄順,2026-07-20,27.2,0.7,2.64,4108000,0,紅增,否,是,27.15,26.76,26.39,26.3,2.997,1.8462,1.1305
2221,大甲,2026-07-20,50.4,-2.2,-4.18,948879000,0,紅縮,否,是,50.67,49.72,48.2,42.76,3.8958,3.2928,3.7284
2230,泰茂,2026-07-20,22.25,0.3,1.37,163946000,0,綠縮,否,否,22.5,23.66,24.91,27.75,-9.3838,-6.1843,-4.5324
2235,謚源,2026-07-20,27.8,0.0,0.0,19001000,0,綠增,否,否,28.37,29.22,29.71,30.62,-5.6535,-3.0524,-1.5572
2596,綠意,2026-07-20,30.8,0.0,0.0,26121000,0,綠增,否,是,31.26,31.36,30.91,29.83,-0.6357,1.4723,1.0213
2640,大車隊,2026-07-20,145.5,,,297704000,0,紅縮,是,否,155.5,156.6,155.35,163.94,-1.3951,0.9346,-0.4964
2641,正德,2026-07-20,16.85,0.05,0.3,1254689000,0,綠增,否,否,17.34,17.63,17.98,17.98,-3.2906,-1.4254,-2.2557
2643,捷迅,2026-07-20,58.5,-0.5,-0.85,70687000,0,綠增,否,否,60.18,60.9,63.11,65.66,-2.3369,-3.2412,-2.2609
2718,全心投控,2026-07-20,46.0,-0.65,-1.39,83287000,0,綠增,是,否,47.51,49.49,49.56,46.86,-7.7117,-2.6551,0.0101
2719,燦星旅,2026-07-20,22.55,-1.3,-5.45,173063000,0,綠增,否,否,23.21,23.77,24.3,25.81,-4.6426,-2.7408,-1.7682
2724,藝舍-KY,2026-07-20,11.7,1.05,9.86,20008000,0,綠轉紅,否,否,11.19,11.54,11.92,13.91,-5.8081,-3.5938,-3.3644
2726,雅茗-KY,2026-07-20,8.66,-0.35,-3.88,59529000,0,綠增,是,否,8.95,9.05,9.41,9.8,-2.2931,-3.5376,-2.3253
2729,瓦城,2026-07-20,157.0,2.0,1.29,18281000,0,綠縮,否,否,156.8,157.9,159.9,162.57,-1.3836,-1.5893,-0.2028
2732,六角,2026-07-20,64.9,-0.4,-0.61,61813000,0,紅轉綠,是,否,64.78,65.08,64.95,65.34,-0.9177,-0.0307,-0.3758
2734,易飛網,2026-07-20,15.05,-0.05,-0.33,124029000,0,紅縮,否,否,15.22,15.19,15.29,15.68,0.3958,-0.5239,-0.049
2736,富野,2026-07-20,11.75,0.0,0.0,91691000,0,紅縮,否,否,11.76,11.84,11.88,12.32,-1.425,-0.4203,-0.6484
2740,華軒,2026-07-20,34.15,-0.05,-0.15,1652000,0,紅縮,否,否,34.18,33.04,31.09,34.98,7.1809,5.3244,5.1323
2743,山富,2026-07-20,59.1,-0.2,-0.34,116772000,0,綠增,否,否,61.2,63.67,65.43,68.03,-7.469,-4.1403,-2.3943
2745,五福,2026-07-20,101.0,-1.0,-0.98,226630000,0,綠增,否,否,103.0,104.85,105.65,103.72,-3.4677,-1.7338,-0.3537
2751,王座,2026-07-20,51.0,-1.0,-1.92,36004000,0,紅轉綠,是,否,52.36,52.56,52.41,53.44,-0.7582,0.0571,-0.0858
2752,豆府,2026-07-20,175.0,0.0,0.0,11098000,0,紅轉綠,否,否,176.6,177.25,177.97,180.11,-0.7307,-0.2532,-0.1122
2754,亞洲藏壽司,2026-07-20,68.8,0.7,1.03,30561000,0,紅增,是,否,68.64,68.76,68.39,68.92,-0.3484,0.1456,0.2859
2755,揚秦,2026-07-20,103.0,-2.0,-1.9,79146000,0,綠增,否,否,124.0,131.45,135.9,134.89,-10.7271,-6.4413,-1.9657
2756,聯發國際,2026-07-20,59.6,-0.1,-0.17,9210000,0,紅縮,否,否,59.84,59.61,59.95,62.53,0.7747,0.0671,0.0751
2916,滿心,2026-07-20,39.45,-0.1,-0.25,81248000,0,綠增,否,否,39.95,40.45,41.07,43.95,-2.4182,-1.8206,-1.6583
2924,宏太-KY,2026-07-20,18.25,0.55,3.11,1000000,0,紅縮,否,否,18.16,18.15,17.77,18.46,0.0551,2.1953,3.4202
2926,誠品生活,2026-07-20,31.7,0.4,1.28,14029000,0,綠縮,否,否,31.93,32.52,33.5,35.33,-3.5639,-2.8529,-2.0396
2937,集雅社,2026-07-20,47.55,0.05,0.11,3000000,0,綠縮,否,是,47.68,47.68,48.2,46.58,0.0,-1.6907,-0.1761
2947,振宇五金,2026-07-20,65.8,-1.7,-2.52,8233000,0,綠增,否,否,68.04,71.12,74.52,76.69,-8.3019,-6.8256,-2.7345
2948,寶陞,2026-07-20,37.0,-0.5,-1.33,1109000,0,紅縮,否,否,37.88,37.68,37.56,38.01,1.0672,0.7891,0.0999
2949,欣新網,2026-07-20,67.5,-0.4,-0.59,1001000,0,綠增,否,是,73.14,73.03,70.19,62.87,0.3017,3.2518,3.001
3064,泰偉,2026-07-20,18.0,0.1,0.56,24111000,0,紅轉綠,是,,18.92,19.37,18.98,,-4.5409,0.8329,-0.2234
3066,李洲,2026-07-20,22.25,0.05,0.23,570332000,0,綠增,否,是,24.42,25.86,24.05,21.31,-10.5495,1.3521,3.9779
3067,全域,2026-07-20,18.0,0.0,0.0,28000000,0,綠增,是,否,18.2,18.5,18.75,18.38,-3.243,-1.9083,-1.4196
3071,協禧,2026-07-20,25.9,0.15,0.58,187198000,0,綠增,否,否,27.51,29.44,31.05,31.13,-12.3047,-7.2025,-3.9372
3073,天方能源,2026-07-20,21.45,-0.3,-1.38,81876000,0,紅轉綠,否,否,21.8,22.08,21.69,22.08,-2.5045,-0.1808,0.6613
3078,僑威,2026-07-20,51.5,-0.4,-0.77,1087815000,0,綠增,否,否,53.44,55.18,54.56,55.73,-6.1138,0.565,-1.016
3081,聯亞,2026-07-20,1435.0,-45.0,-3.04,2570288000,0,綠增,否,否,1720.0,1852.0,2022.25,2461.33,-13.3065,-9.2824,-7.8597
3083,網龍,2026-07-20,25.25,-0.25,-0.98,125447000,0,綠增,否,否,25.97,26.89,27.76,27.51,-6.6499,-3.6194,-2.4339
3085,新零售,2026-07-20,11.9,0.0,0.0,1025000,0,綠縮,否,否,11.98,11.95,12.24,12.31,0.5034,-1.9286,-1.4093
3086,華義*,2026-07-20,29.95,-0.7,-2.28,263165000,0,綠增,否,否,30.64,31.43,33.07,36.05,-4.9038,-3.6924,-4.6153
3088,艾訊,2026-07-20,126.0,-3.0,-2.33,716594000,0,綠增,否,否,134.3,138.15,139.3,128.77,-5.4225,-2.1254,-0.6065
3093,港建*,2026-07-20,45.6,-1.7,-3.59,1122026000,0,綠增,否,否,50.6,58.95,63.0,60.44,-24.8143,-14.3418,-4.6249
3095,及成,2026-07-20,37.7,0.7,1.89,12108000,0,紅縮,否,否,38.47,38.2,38.53,41.06,1.3969,-0.1698,-1.3315
3105,穩懋,2026-07-20,313.5,-19.0,-5.71,19712763000,0,綠增,否,否,363.3,388.9,435.25,486.94,-12.3522,-9.9664,-6.1911
3114,好德,2026-07-20,32.7,-0.65,-1.95,653837000,0,綠增,否,否,35.86,40.12,43.91,34.22,-19.1978,-15.6611,-3.5903
3115,富榮綱,2026-07-20,8.03,-0.71,-8.12,5377000,0,紅轉綠,否,否,8.75,8.72,8.97,9.25,0.6211,-1.0664,1.2075
3118,進階,2026-07-20,31.75,0.0,0.0,32667000,0,紅縮,是,否,31.86,31.86,31.66,32.89,0.0,0.2044,-1.0549
3122,笙泉,2026-07-20,25.65,-0.4,-1.54,89432000,0,綠增,否,否,27.78,29.29,30.17,32.03,-9.8052,-5.5161,-1.1468
3128,昇銳,2026-07-20,21.55,0.5,2.38,268918000,0,綠增,否,否,22.57,23.54,23.88,23.88,-7.8776,-3.5648,-1.6172
3131,弘塑,2026-07-20,2885.0,-45.0,-1.54,287172000,0,綠增,否,否,3074.0,3268.5,3342.0,3164.25,-11.233,-6.293,-0.1718
3141,晶宏,2026-07-20,62.3,-0.9,-1.42,594341000,0,綠增,否,否,67.84,72.7,73.19,65.58,-12.5322,-4.3799,-1.5867
3147,大綜,2026-07-20,208.0,-9.0,-4.15,476148000,0,綠縮,是,否,224.5,230.0,274.1,221.64,-4.6709,-14.514,-6.7528
3152,璟德,2026-07-20,225.0,-6.5,-2.81,214316000,0,綠增,否,是,249.3,266.2,241.32,196.43,-11.9392,2.9588,6.8992
3158,嘉實,2026-07-20,82.7,-0.2,-0.24,6464000,0,紅縮,否,否,83.04,83.17,83.53,86.22,-0.3121,-0.5025,-0.346
3162,精確,2026-07-20,67.5,-3.1,-4.39,1557987000,0,綠增,否,否,75.36,79.4,80.91,81.83,-9.6836,-3.2061,-2.6765
3163,波若威,2026-07-20,622.0,-30.0,-4.6,3682060000,0,綠增,否,否,698.6,733.6,780.25,978.48,-9.1075,-5.2564,-7.091
3169,亞信,2026-07-20,99.5,0.7,0.71,198971000,0,綠增,否,否,101.16,103.88,106.29,109.13,-5.1032,-3.3674,-1.5149
3171,炎洲流通,2026-07-20,64.4,0.8,1.26,32205000,0,綠縮,否,否,64.16,66.53,68.53,68.92,-6.8795,-3.6774,-3.3634
3176,基亞,2026-07-20,33.8,0.25,0.75,320546000,0,紅轉綠,否,是,35.11,35.64,34.44,33.59,-2.9306,2.8423,1.8558
3178,公準,2026-07-20,67.6,-3.1,-4.38,237935000,0,紅增,否,否,66.54,66.1,65.51,68.15,1.3402,1.2251,0.7846
3188,鑫龍騰,2026-07-20,23.55,0.05,0.21,197892000,0,綠增,否,否,23.69,23.89,23.98,24.39,-1.6196,-0.0837,-0.6937
3191,雲嘉南,2026-07-20,17.95,-0.25,-1.37,36004000,0,綠增,否,是,18.41,18.55,18.96,17.31,-1.4981,-2.6758,-1.9144
3205,佰研,2026-07-20,49.8,0.65,1.32,53302000,0,綠增,否,否,50.37,51.33,52.04,54.48,-3.6534,-1.9205,-1.9271
3206,志豐,2026-07-20,34.6,-0.2,-0.57,36295000,0,綠增,否,否,36.3,37.54,37.67,37.43,-6.3709,-1.3924,-1.1416
3207,耀勝,2026-07-20,48.0,-3.8,-7.34,604375000,0,綠增,是,否,55.68,59.34,63.06,63.41,-11.619,-8.0,-4.2518
3211,順達,2026-07-20,354.0,-31.5,-8.17,6216458000,0,綠增,否,否,412.1,411.4,415.48,399.93,0.3409,0.7222,0.2292
3213,茂訊,2026-07-20,120.5,2.0,1.69,278475000,0,綠增,否,是,125.3,128.3,128.65,120.12,-4.5697,1.1431,-1.7376
3217,優群,2026-07-20,144.0,-3.5,-2.37,574051000,0,綠增,否,否,156.1,166.15,170.82,177.25,-11.4075,-6.7882,-2.9266
3218,大學光,2026-07-20,135.5,1.5,1.12,232154000,0,綠增,否,是,137.5,139.25,136.95,133.6,-2.4823,1.1624,0.8468
3219,倚強科,2026-07-20,63.6,-1.5,-2.3,261790000,0,綠增,否,否,70.88,73.21,72.95,74.8,-6.1689,-0.4217,-1.5387
3221,台嘉碩,2026-07-20,46.05,-2.9,-5.92,2890675000,0,綠增,否,否,51.48,56.11,57.44,52.37,-15.2453,-4.753,-3.381
3224,三顧,2026-07-20,34.85,0.0,0.0,38092000,0,綠增,否,否,36.09,36.96,37.35,40.77,-4.5995,-2.0408,-0.8625
3227,原相,2026-07-20,182.5,4.5,2.53,2035764000,0,綠增,否,否,195.4,213.8,218.62,218.36,-15.8484,-7.0637,-2.3123
3228,金麗科,2026-07-20,158.0,-1.5,-0.94,209304000,0,綠增,否,否,166.2,173.8,177.47,190.59,-8.3793,-4.0574,-0.2809
3230,錦明,2026-07-20,43.0,-2.45,-5.39,551720000,0,紅轉綠,否,是,49.69,50.11,42.47,36.75,-1.6818,10.5072,13.3903
3232,昱捷,2026-07-20,20.8,0.0,0.0,55214000,0,綠增,否,否,21.38,21.74,22.21,22.03,-3.3017,-2.3574,-2.4058
3234,光環,2026-07-20,96.3,-4.2,-4.18,1343890000,0,綠增,否,否,109.46,117.78,122.72,113.66,-13.1959,-7.9484,-1.9261
3236,千如,2026-07-20,44.45,-3.9,-8.07,4469285000,0,綠增,否,否,52.56,59.95,63.09,49.07,-21.9483,-10.1065,-0.8175
3252,海灣,2026-07-20,17.05,0.0,0.0,15000000,0,綠增,否,否,17.31,17.53,17.59,18.32,-2.4789,-0.5954,-0.7898
3259,鑫創,2026-07-20,15.05,0.15,1.01,41116000,0,綠增,否,否,15.45,15.77,16.14,16.73,-3.9776,-2.2319,-2.2411
3260,威剛,2026-07-20,348.5,-18.0,-4.91,8795993000,0,綠增,否,否,387.2,396.1,404.43,415.38,-4.3951,-2.3663,-1.1488
3264,欣銓,2026-07-20,197.5,-16.5,-7.71,6547940000,0,綠增,否,否,217.7,229.0,226.62,219.28,-9.4049,-1.0799,0.1326
3265,台星科,2026-07-20,150.5,-6.0,-3.83,1161015000,0,綠增,否,否,162.8,171.9,175.6,177.35,-10.0552,-4.7382,-1.5281
3268,海德威,2026-07-20,19.05,-0.25,-1.3,76137000,0,綠增,否,是,19.74,20.86,21.04,18.98,-10.1911,-3.2468,0.0951
3272,東碩,2026-07-20,15.0,-0.1,-0.66,61131000,0,綠增,否,否,15.27,15.54,15.93,17.11,-3.3544,-1.9874,-2.2396
3276,宇環,2026-07-20,16.95,,,986242000,0,綠轉紅,是,是,16.38,16.41,16.07,15.17,-0.3043,0.7369,3.2103
3284,太普高,2026-07-20,23.95,0.15,0.63,373542000,0,綠增,否,是,25.47,27.54,26.19,20.11,-13.9527,-5.0845,5.9472
3285,微端,2026-07-20,38.6,1.2,3.21,93948000,0,綠縮,否,是,39.06,41.84,43.8,34.27,-12.4608,-7.1151,3.4786
3287,廣寰科,2026-07-20,28.95,0.45,1.58,98876000,0,綠縮,否,否,29.53,30.88,32.11,31.75,-8.3489,-4.6185,-3.8113
3288,點晶,2026-07-20,29.3,2.65,9.94,602477000,0,紅增,是,是,23.31,21.39,21.74,18.35,19.6612,4.0107,-0.1608
3289,宜特,2026-07-20,141.5,-6.0,-4.07,1200636000,0,綠增,否,否,153.6,162.5,164.72,173.28,-10.3851,-3.2738,-2.1096
3290,東浦,2026-07-20,61.0,-1.6,-2.56,1003273000,0,綠增,否,是,65.42,67.07,66.69,54.77,-4.8021,-1.6713,4.0774
3293,鈊象,2026-07-20,706.0,20.0,2.92,1383783000,0,綠縮,否,否,710.2,748.2,756.8,754.82,-9.6668,-3.5079,-2.4491
3294,英濟,2026-07-20,30.95,-0.85,-2.67,991818000,0,綠增,否,否,34.38,36.13,37.12,35.86,-9.2397,-4.2407,-1.9025
3297,杭特,2026-07-20,29.15,-3.2,-9.89,1481588000,0,紅轉綠,是,否,30.43,30.65,30.9,31.77,-1.4253,-1.1131,-1.0567
3303,岱稜,2026-07-20,51.7,-2.1,-3.9,1255107000,0,綠增,否,否,56.96,57.18,58.18,52.32,-0.7666,-0.8669,2.2226
3306,鼎天,2026-07-20,43.7,0.5,1.16,204705000,0,綠增,否,否,45.64,47.74,47.7,47.26,-8.427,-1.8402,-0.8059
3310,佳穎,2026-07-20,67.8,0.3,0.44,7001000,0,紅縮,否,否,68.16,67.92,66.73,69.18,0.7092,2.3971,-0.4847
3313,斐成,2026-07-20,11.85,-0.15,-1.25,99571000,0,紅縮,否,是,11.83,11.78,11.65,11.74,0.8525,2.2126,0.4959
3317,尼克森,2026-07-20,77.8,-6.5,-7.71,2561279000,0,綠增,否,是,87.88,92.66,89.55,75.55,-9.8112,-1.1205,3.1086
3322,建舜電,2026-07-20,11.95,-0.2,-1.65,593551000,0,綠增,否,否,12.72,13.3,13.96,13.73,-8.4233,-5.0999,-3.5412
3323,加百裕,2026-07-20,29.8,-1.15,-3.72,909279000,0,綠增,否,否,32.47,33.7,34.1,35.04,-7.0693,-1.9206,-2.3902
3324,雙鴻,2026-07-20,858.0,-55.0,-6.02,2399275000,0,綠增,否,否,890.2,940.6,985.05,1045.22,-10.1715,-5.6096,-4.2386
3325,旭品,2026-07-20,12.35,0.05,0.41,110378000,0,綠增,否,否,12.64,12.84,12.68,12.74,-3.1418,0.43,-0.6072
3332,幸康,2026-07-20,65.0,0.5,0.78,3663000,0,紅轉綠,否,是,65.72,65.55,64.97,64.54,0.52,0.7686,0.0385
3339,泰谷,2026-07-20,34.55,-1.65,-4.56,1171291000,0,綠縮,否,否,35.93,38.35,41.83,49.38,-11.8499,-9.5317,-5.2918
3349,寶德,2026-07-20,22.0,-0.9,-3.93,139050000,0,紅縮,否,是,23.41,22.84,20.52,21.5,5.0718,13.0941,7.0013
3354,律勝,2026-07-20,21.7,-0.2,-0.91,307534000,0,綠增,否,否,23.89,25.26,26.42,29.33,-10.2891,-5.7111,-3.9713
3357,臺慶科,2026-07-20,207.5,-10.5,-4.82,2709314000,0,綠增,否,否,239.3,261.95,286.95,244.25,-15.9171,-11.6079,-4.3819
3360,尚立,2026-07-20,18.85,-0.7,-3.58,2984282000,0,綠增,否,是,20.56,20.49,19.28,15.96,0.6856,0.7375,8.5445
3362,先進光,2026-07-20,148.5,-7.5,-4.81,2530424000,0,綠增,否,是,165.5,170.25,180.22,138.61,-5.4286,-7.1448,1.3354
3363,上詮,2026-07-20,503.0,-1.0,-0.2,3324517000,0,綠增,否,否,558.2,565.8,612.0,762.3,-2.6509,-4.1179,-9.2728
3372,典範,2026-07-20,16.5,-0.45,-2.65,771288000,0,綠增,否,否,17.8,19.0,19.89,19.94,-11.9248,-8.4096,-2.7618
3373,熱映,2026-07-20,16.5,0.25,1.54,164160000,0,綠縮,是,否,16.43,16.55,16.62,16.79,-1.4988,-0.3911,-0.464
3374,精材,2026-07-20,345.5,-13.0,-3.63,15011371000,0,紅縮,否,是,365.6,338.95,303.48,253.03,17.0669,12.4772,12.2008
3379,彬台,2026-07-20,30.0,-1.0,-3.23,158015000,0,綠增,否,否,32.15,33.36,33.93,36.89,-7.0003,-1.433,-3.8132
3388,崇越電,2026-07-20,73.3,-1.7,-2.27,887843000,0,綠增,是,否,77.48,80.14,84.15,97.94,-6.4251,-4.3447,-4.6297
3390,旭軟,2026-07-20,23.7,-0.4,-1.66,345898000,0,綠增,否,否,25.26,26.35,27.39,27.13,-7.9446,-4.7877,-1.5545
3402,漢科,2026-07-20,140.0,-5.5,-3.78,1218146000,0,紅轉綠,否,否,146.4,147.75,145.57,140.55,-1.8109,0.7844,1.9076
3430,奇鈦科,2026-07-20,122.0,-8.0,-6.15,622244000,0,綠增,否,否,130.6,132.85,136.32,140.3,-3.3309,-5.6798,-0.9446
3434,哲固,2026-07-20,28.9,0.3,1.05,157301000,0,綠增,否,否,29.45,29.67,29.69,29.88,-1.4391,-0.0337,-1.8997
3438,類比科,2026-07-20,54.1,-0.1,-0.18,128531000,0,綠增,否,否,60.28,65.77,68.3,64.64,-15.4084,-7.756,-2.8793
3441,聯一光,2026-07-20,63.7,-4.3,-6.32,5635490000,0,綠增,否,是,66.26,70.79,76.15,55.11,-12.0287,-10.5396,1.3914
3444,利機,2026-07-20,75.1,-2.9,-3.72,160297000,0,綠增,否,否,80.32,83.45,87.44,92.28,-7.2303,-5.9188,-4.5261
3455,由田,2026-07-20,190.5,-9.5,-4.75,1467397000,0,綠增,否,否,216.6,230.05,233.6,241.94,-11.0472,-4.3252,0.5488
3465,進泰電子,2026-07-20,30.0,-0.85,-2.76,72950000,0,綠增,否,否,31.81,33.31,34.24,31.64,-8.6182,-7.3693,0.0219
3466,德晉,2026-07-20,29.55,-0.05,-0.17,344936000,0,綠增,否,否,31.04,32.34,31.85,35.28,-7.7563,1.0623,-1.2557
3467,台灣精材,2026-07-20,49.6,-2.0,-3.88,44293000,0,綠增,否,否,53.56,57.02,60.71,63.77,-11.4418,-7.7943,-4.6711
3479,安勤,2026-07-20,135.0,-2.5,-1.82,1398774000,0,綠增,否,是,141.6,140.85,138.38,118.52,1.0707,0.5712,2.557
3483,力致,2026-07-20,76.0,-1.2,-1.55,348552000,0,綠增,否,否,81.44,86.29,88.42,91.91,-10.643,-4.2711,-3.5401
3484,崧騰,2026-07-20,46.7,-0.3,-0.64,313423000,0,綠增,否,是,49.92,50.95,50.58,46.52,-3.9631,-1.4507,2.5028
3485,敘豐,2026-07-20,224.0,-14.5,-6.08,279730000,0,綠增,否,否,255.7,279.4,290.23,304.35,-15.6384,-4.5276,-5.1785
3489,森寶,2026-07-20,19.15,-0.15,-0.78,129930000,0,綠增,否,否,20.44,22.27,22.5,22.32,-15.1867,-4.7273,-1.9503
3490,單井,2026-07-20,26.75,-0.75,-2.73,594759000,0,綠增,否,否,29.22,31.3,31.71,33.13,-12.4626,-3.0059,-3.617
3491,昇達科,2026-07-20,1220.0,-135.0,-9.96,2672240000,0,紅增,否,否,1262.0,1266.5,1370.75,1648.0,-0.7081,-3.0245,-9.4916
3492,長盛,2026-07-20,21.95,-0.2,-0.9,36106000,0,紅轉綠,否,否,22.62,22.64,22.6,22.77,-0.1765,0.5552,0.2106
3498,陽程,2026-07-20,109.5,-7.5,-6.41,1802909000,0,綠增,否,否,119.1,120.4,119.8,117.41,-2.1364,1.0491,-1.3586
3499,環天科,2026-07-20,13.6,-0.6,-4.23,126860000,0,紅轉綠,是,否,14.35,14.5,14.56,15.08,-2.0478,-0.9901,-0.767
3508,位速,2026-07-20,15.8,-0.4,-2.47,198188000,0,紅轉綠,否,否,17.03,17.46,18.04,20.52,-4.8603,-3.6945,-2.6056
3511,矽瑪,2026-07-20,20.0,-0.45,-2.2,445405000,0,綠增,否,否,22.19,24.16,24.16,22.51,-15.0785,-3.3213,-2.1363
3512,皇龍,2026-07-20,19.3,-0.1,-0.52,71979000,0,綠增,否,否,19.76,20.24,20.38,20.69,-4.6332,-1.1477,-1.1641
3516,亞帝歐,2026-07-20,25.1,0.45,1.83,268175000,0,綠增,是,是,25.37,26.58,26.96,23.7,-8.7082,-4.5773,1.3817
3520,華盈,2026-07-20,16.4,0.6,3.8,823672000,0,綠縮,是,是,16.28,16.93,16.63,15.72,-7.3421,1.5602,-2.5487
3521,台鋼建設,2026-07-20,12.1,-0.1,-0.82,61716000,0,紅轉綠,否,否,12.56,12.68,12.5,13.04,-1.9516,1.8876,-0.02
3522,御嵿,2026-07-20,13.1,0.2,1.55,114917000,0,綠縮,否,是,12.66,13.32,13.14,12.61,-9.4421,-4.9251,2.236
3523,迎輝,2026-07-20,14.15,-0.8,-5.35,12182000,0,綠增,否,否,15.08,15.63,16.61,14.59,-6.7985,-9.8616,-4.1817
3526,凡甲,2026-07-20,298.0,2.0,0.68,395791000,0,綠增,否,否,303.9,314.25,314.15,333.88,-6.3771,-0.6481,-3.3831
3527,聚積,2026-07-20,54.0,-0.5,-0.92,165856000,0,綠增,否,否,58.34,61.22,63.66,60.72,-8.986,-5.6703,-0.2429
3529,力旺,2026-07-20,2300.0,-50.0,-2.13,910973000,0,綠增,否,否,2440.0,2635.0,2867.75,3470.33,-13.7809,-10.1602,-5.8828
3531,先益,2026-07-20,22.45,-0.2,-0.88,2300000,0,綠增,否,否,22.74,22.74,22.94,22.89,-0.0,-0.2194,-0.6603
3537,堡達,2026-07-20,55.1,-1.9,-3.33,747646000,0,綠增,否,否,61.52,67.15,72.96,62.74,-15.4713,-10.8589,-5.9309
3540,曜越,2026-07-20,21.1,-0.25,-1.17,356977000,0,綠增,否,否,22.1,23.54,24.43,26.21,-11.5292,-5.0615,-4.0452
3541,西柏,2026-07-20,21.8,0.2,0.93,22025000,0,紅縮,否,否,21.86,21.99,21.88,22.62,-1.1754,0.2507,-0.4096
3546,宇峻,2026-07-20,71.4,-0.5,-0.7,163909000,0,綠縮,否,否,72.1,75.62,79.6,76.8,-8.8956,-6.7801,-3.1218
3548,兆利,2026-07-20,73.9,-1.4,-1.86,450748000,0,綠增,否,否,78.28,81.57,84.55,95.08,-7.7539,-3.843,-4.9308
3551,世禾,2026-07-20,185.0,-7.5,-3.9,1050226000,0,紅轉綠,否,否,202.4,202.8,201.12,203.29,-0.3937,1.0463,1.6039
3552,同致,2026-07-20,45.05,0.4,0.9,122356000,0,綠增,否,否,45.89,46.88,48.17,52.42,-4.1562,-2.8894,-2.0985
3555,博士旺,2026-07-20,134.0,-8.0,-5.63,94698000,0,綠增,否,否,152.0,169.7,182.15,211.88,-18.8901,-10.0212,-6.8048
3556,禾瑞亞,2026-07-20,61.0,-2.8,-4.39,801458000,0,綠增,否,否,67.58,70.45,71.19,61.92,-7.8287,-1.8939,-0.884
3558,神準,2026-07-20,126.5,-2.5,-1.94,158037000,0,綠增,否,是,135.8,134.3,134.72,125.59,2.259,0.788,0.4848
3564,其陽,2026-07-20,45.5,-0.6,-1.3,210940000,0,紅轉綠,否,是,50.0,50.11,47.9,45.39,-0.4579,6.5596,0.7042
3567,逸昌,2026-07-20,27.2,0.55,2.06,96644000,0,綠增,否,否,28.11,29.39,29.06,28.55,-8.3469,-2.4236,0.6494
3570,大塚,2026-07-20,162.0,1.0,0.62,35156000,0,綠縮,否,否,164.1,165.2,171.28,171.24,-1.3229,-3.1653,-3.0153
3577,泓格,2026-07-20,143.0,13.0,10.0,2121766000,0,綠轉紅,是,是,130.0,129.8,124.9,116.02,0.3086,4.3408,-0.4384
3580,友威科,2026-07-20,81.2,-3.9,-4.58,661483000,0,綠增,否,否,88.6,92.3,94.31,95.26,-7.7083,-2.7192,-2.8883
3581,博磊,2026-07-20,110.5,-5.0,-4.33,651042000,0,綠增,否,否,122.4,129.8,140.45,176.45,-10.7872,-8.8163,-4.6504
3587,閎康,2026-07-20,245.5,-5.5,-2.19,775203000,0,綠增,否,否,266.3,281.45,287.75,317.97,-10.2158,-4.2361,-2.2339
3594,磐儀,2026-07-20,46.0,-1.65,-3.46,638190000,0,綠增,否,否,50.19,52.25,49.99,50.62,-7.5691,1.6143,2.3808
3597,映興,2026-07-20,26.2,0.2,0.77,46218000,0,綠增,否,否,26.51,26.82,26.65,26.55,-2.2493,1.2651,-0.7449
3609,三一東林,2026-07-20,27.6,0.15,0.55,57080000,0,紅縮,否,是,27.8,27.86,27.21,26.43,-0.4298,3.3958,-0.0367
3611,鼎翰,2026-07-20,183.0,,,54644000,0,綠增,否,否,194.6,198.0,196.55,191.79,-3.3764,-0.3774,0.4472
3615,安可,2026-07-20,38.7,-2.5,-6.07,1576373000,0,綠增,否,否,43.44,46.91,49.92,43.78,-13.7753,-8.9657,-5.2214
3623,富晶通,2026-07-20,21.05,-0.35,-1.64,46650000,0,綠增,否,否,22.34,23.36,23.43,23.36,-8.3675,-3.2912,-1.2644
3624,光頡,2026-07-20,89.5,-8.2,-8.39,5149429000,0,綠增,否,否,112.54,129.22,137.38,97.57,-22.865,-12.2743,0.5931
3625,西勝,2026-07-20,18.35,1.65,9.88,1182598000,0,綠轉紅,是,是,17.01,17.18,16.55,15.98,-1.9031,2.415,2.6357
3628,盈正,2026-07-20,66.5,0.3,0.45,205015000,0,綠增,否,否,70.64,73.02,72.14,69.45,-6.313,0.3435,-0.3729
3630,新鉅科,2026-07-20,25.05,-0.6,-2.34,728991000,0,綠增,否,否,26.58,27.71,29.68,28.39,-7.8363,-7.1692,-2.5692
3631,晟楠,2026-07-20,32.35,0.05,0.15,35016000,0,綠縮,否,否,32.5,33.09,33.58,35.58,-3.5036,-2.0426,-0.6068
3632,研勤,2026-07-20,8.25,-0.05,-0.6,5847000,0,紅縮,否,否,8.25,8.22,8.14,8.34,0.9293,2.1129,0.0799
3646,艾恩特,2026-07-20,23.1,0.0,0.0,45015000,0,綠增,是,否,23.31,23.38,23.4,23.44,-0.5546,-0.1068,-0.4892
3663,鑫科,2026-07-20,67.8,-2.2,-3.14,905019000,0,綠增,否,否,73.64,77.31,76.63,75.94,-9.064,-2.0897,0.6237
3664,安瑞-KY,2026-07-20,6.2,0.18,2.99,25050000,0,綠增,否,否,6.76,7.15,7.04,7.44,-10.2734,-2.9599,-2.2156
3666,光耀,2026-07-20,24.4,-0.1,-0.41,91476000,0,紅縮,否,否,24.9,24.88,25.18,26.22,0.1206,-0.46,-1.1872
3672,康聯訊,2026-07-20,12.6,-0.25,-1.95,38157000,0,紅轉綠,否,是,13.13,13.28,12.61,11.84,-2.2338,4.5669,3.0433
3675,德微,2026-07-20,264.5,-21.0,-7.36,1686444000,0,綠增,否,否,320.4,369.65,364.9,305.28,-23.514,-7.7489,-0.4841
3680,家登,2026-07-20,437.5,-27.0,-5.81,2617168000,0,綠增,否,否,485.5,508.45,508.95,520.92,-8.6376,-1.891,-0.8571
3684,榮昌,2026-07-20,50.4,-0.1,-0.2,40382000,0,綠縮,是,否,50.58,51.92,54.57,57.62,-5.0319,-3.2607,-3.816
3685,元創精密,2026-07-20,37.65,-0.4,-1.05,3302724000,0,紅縮,是,是,36.66,33.14,31.66,30.47,23.726,11.9953,6.6363
3687,歐買尬,2026-07-20,71.3,1.3,1.86,100418000,0,綠增,否,否,74.16,75.71,76.11,71.48,-4.0124,-0.63,-1.3672
3689,湧德,2026-07-20,106.0,0.0,0.0,1627411000,0,綠增,否,否,113.4,118.45,117.97,125.43,-8.1781,-1.3328,-2.1766
3691,碩禾,2026-07-20,115.5,-2.0,-1.7,925534000,0,綠增,否,否,127.1,138.35,146.85,142.32,-15.0401,-8.3168,-5.6537
3693,營邦,2026-07-20,451.5,9.5,2.15,714754000,0,綠增,否,否,474.8,489.6,493.85,566.2,-5.8684,-1.6769,-2.795
3707,漢磊,2026-07-20,64.8,-3.9,-5.68,9092906000,0,綠增,否,否,74.12,79.09,81.76,75.46,-11.8249,-7.3996,0.1409
3709,鑫聯大投控,2026-07-20,72.7,-1.3,-1.76,3779896000,0,紅縮,是,否,76.6,75.45,75.15,79.69,3.0956,1.1123,-0.358
3710,連展投控,2026-07-20,5.63,-0.01,-0.18,178715000,0,綠增,否,否,5.71,5.78,5.99,6.39,-2.3272,-2.5148,-1.4153
3713,新晶投控,2026-07-20,14.15,0.0,0.0,21501000,0,綠增,否,否,14.42,14.58,14.88,14.95,-2.171,-0.7488,-2.8725
4102,永日,2026-07-20,20.35,-0.1,-0.49,65326000,0,紅縮,否,是,20.39,20.06,19.52,18.42,3.2928,3.4545,3.239
4105,東洋,2026-07-20,78.1,0.3,0.39,737857000,0,紅縮,否,是,77.84,77.65,76.0,74.73,0.4906,1.9564,1.0638
4107,邦特,2026-07-20,118.5,1.5,1.28,43255000,0,紅增,否,是,117.8,117.0,116.58,116.8,1.3769,0.9056,0.3443
4109,加捷生醫,2026-07-20,11.45,-0.3,-2.55,246617000,0,紅轉綠,否,否,11.87,11.95,11.87,11.76,-1.2479,1.8329,-0.8975
4111,濟生,2026-07-20,30.05,0.1,0.33,59093000,0,綠增,否,是,30.11,30.18,30.06,29.89,-0.4628,0.3825,0.1249
4113,聯上,2026-07-20,14.7,0.0,0.0,171102000,0,綠縮,否,否,14.82,14.87,15.53,15.25,-0.6702,-2.2996,-1.3187
4114,健喬,2026-07-20,29.3,-0.3,-1.01,1273497000,0,紅轉綠,否,否,31.84,32.08,31.45,31.04,-1.4547,1.455,1.1417
4116,明基醫,2026-07-20,38.2,0.0,0.0,47227000,0,紅縮,否,否,38.23,38.02,37.89,38.45,1.1376,0.5156,0.4441
4120,友華,2026-07-20,44.0,,,161986000,0,紅縮,是,否,46.95,46.69,46.11,46.18,1.1417,1.799,0.5397
4121,優盛,2026-07-20,13.3,0.15,1.14,54013000,0,紅增,否,否,13.26,13.38,13.41,14.07,-1.8505,-0.2236,-0.9599
4123,晟德,2026-07-20,37.5,0.5,1.35,1914518000,0,綠增,否,否,37.78,38.41,37.95,38.45,-3.2027,0.0912,-0.1184
4126,太醫,2026-07-20,77.0,-0.3,-0.39,50289000,0,綠增,否,否,78.86,79.85,80.03,79.76,-2.4493,-0.7458,-0.2431
4127,天良,2026-07-20,76.0,-6.3,-7.65,353974000,0,紅縮,否,是,77.48,75.5,71.25,57.27,5.3863,8.2592,4.1591
4128,中天,2026-07-20,15.45,0.0,0.0,1220040000,0,綠增,否,否,15.97,16.48,15.87,15.52,-6.0035,0.9804,1.6659
4129,聯合,2026-07-20,91.0,-0.1,-0.11,120769000,0,紅縮,否,否,91.58,92.71,91.53,94.18,-2.4084,0.5968,0.4224
4130,健亞,2026-07-20,26.8,0.0,0.0,73526000,0,紅縮,否,否,27.17,27.3,26.39,27.41,-0.984,3.6046,1.1112
4131,浩泰,2026-07-20,33.95,1.75,5.43,16000000,0,綠縮,否,否,32.96,33.03,34.2,34.71,-0.423,-1.1818,-0.848
4138,曜亞,2026-07-20,50.9,0.1,0.2,20141000,0,紅縮,否,否,50.84,51.06,51.09,53.51,-0.858,-0.0196,-0.3705
4139,馬光-KY,2026-07-20,37.5,-0.5,-1.32,216928000,0,紅增,否,是,32.09,28.38,26.34,24.59,30.0243,16.1178,9.0683
4147,中裕,2026-07-20,58.9,-1.0,-1.67,1556214000,0,綠增,否,是,63.56,66.1,63.07,54.99,-7.4009,0.3797,3.0303
4153,鈺緯,2026-07-20,31.0,0.0,0.0,3124000,0,紅縮,否,是,31.11,30.92,30.42,30.89,1.2366,1.9285,-0.5232
4154,樂威科-KY,2026-07-20,12.25,0.4,3.38,1000000,0,綠縮,否,否,11.91,11.94,12.5,13.21,-0.5013,-3.3981,-2.5536
4157,太景*-KY,2026-07-20,8.52,0.09,1.07,859162000,0,紅縮,否,否,8.71,8.86,8.72,9.26,-3.3511,1.5704,-0.32
4160,訊聯基因,2026-07-20,40.2,0.3,0.75,9479000,0,紅縮,否,否,40.57,40.94,40.38,41.64,-1.7913,1.3116,0.1426
4161,聿新科,2026-07-20,22.45,-0.3,-1.32,30039000,0,綠增,否,否,22.83,23.05,23.01,23.22,-1.8487,-0.2813,-0.076
4162,智擎,2026-07-20,64.3,0.6,0.94,439119000,0,紅縮,否,是,64.9,63.92,60.93,57.66,3.1141,4.8384,3.4729
4163,鐿鈦,2026-07-20,122.5,0.0,0.0,79414000,0,綠增,否,是,125.3,127.25,123.67,113.86,-3.0186,0.1574,2.1053
4166,友霖,2026-07-20,26.65,-0.2,-0.74,144979000,0,紅縮,否,是,26.69,26.43,25.86,25.45,1.9481,2.6203,2.1735
4167,松瑞藥,2026-07-20,20.5,-0.15,-0.73,811956000,0,紅縮,否,是,20.8,20.78,20.25,19.67,0.1927,2.9988,0.7338
4168,醣聯,2026-07-20,23.35,-0.1,-0.43,170007000,0,綠增,否,否,24.05,24.85,25.18,24.81,-6.2378,-2.4534,-1.7657
4171,瑞基,2026-07-20,19.6,1.2,6.52,3436872000,0,紅增,是,是,17.82,17.39,17.28,18.14,5.0088,2.7163,0.2465
4173,久裕,2026-07-20,17.7,0.0,0.0,64900000,0,紅轉綠,否,否,17.89,17.98,18.04,18.44,-0.9961,-0.1943,-0.5513
4174,浩鼎,2026-07-20,28.25,0.55,1.99,320873000,0,紅縮,否,否,28.8,29.11,28.71,31.01,-2.1407,0.172,0.2881
4175,杏一,2026-07-20,50.0,-0.2,-0.4,28221000,0,綠縮,否,否,50.28,51.36,52.23,53.41,-4.119,-2.3574,-1.3783
4188,安克,2026-07-20,9.85,-0.05,-0.51,19141000,0,綠增,否,否,10.15,10.48,10.49,11.18,-6.1055,-1.7807,-1.1773
4192,杏國,2026-07-20,19.5,0.5,2.63,4514000,0,綠增,否,否,19.73,20.14,20.36,20.28,-3.9903,-1.54,-1.3325
4198,欣大健康,2026-07-20,40.15,2.1,5.52,2120000,0,紅縮,否,是,42.0,41.5,39.86,38.93,2.439,4.5077,3.0043
4205,中華食,2026-07-20,70.5,-0.7,-0.98,81533000,0,綠增,是,否,72.26,72.72,72.92,73.61,-1.2572,-0.4654,-0.1301
4207,環泰,2026-07-20,19.75,0.15,0.77,191039000,0,綠增,否,是,19.82,19.81,19.64,18.94,0.0505,1.2261,0.3449
4303,信立,2026-07-20,42.0,-0.3,-0.71,365299000,0,綠增,否,否,44.0,44.97,45.76,48.91,-4.2229,-2.1753,-1.4113
4304,勝昱,2026-07-20,17.7,-1.0,-5.35,54010000,0,紅轉綠,是,否,19.08,19.09,21.0,25.99,-0.157,-5.7735,-6.5004
4401,東隆興,2026-07-20,14.65,-0.1,-0.68,57127000,0,紅縮,否,是,14.79,14.76,14.39,14.29,0.4073,3.0366,1.6246
4402,郡都開發,2026-07-20,16.45,0.15,0.92,19017000,0,綠縮,否,是,16.26,16.52,16.6,14.68,-3.0411,-2.1333,0.7893
4406,新昕纖,2026-07-20,9.74,0.03,0.31,93000000,0,綠增,是,否,9.8,9.86,9.87,9.95,-1.1098,-0.2328,-0.167
4413,飛寶企業,2026-07-20,14.4,0.05,0.35,1000000,0,紅增,否,否,14.69,14.63,15.33,17.11,0.7545,-2.6281,-2.6353
4416,三圓,2026-07-20,10.3,0.05,0.49,265106000,0,綠增,否,否,10.55,10.79,10.87,11.85,-4.265,-5.1868,-0.8212
4417,金洲,2026-07-20,43.4,-0.2,-0.46,67354000,0,綠增,否,否,44.52,46.38,46.72,46.43,-7.7114,-3.1227,-0.7753
4419,皇家美食,2026-07-20,45.75,-1.15,-2.45,4096000,0,綠增,否,否,46.26,46.55,47.14,46.29,-1.2383,-3.3932,0.3566
4420,光明,2026-07-20,35.45,-0.15,-0.42,18690000,0,紅轉綠,否,否,35.86,36.53,36.68,39.32,-3.6022,-0.0684,-1.6424
4430,耀億,2026-07-20,16.95,0.15,0.89,9312000,0,綠縮,否,否,16.84,17.05,17.3,17.25,-2.4334,-1.6724,-0.9307
4432,銘旺實,2026-07-20,15.95,-0.2,-1.24,42200000,0,紅縮,否,是,16.24,16.25,16.1,15.87,-0.123,2.137,-0.3095
4433,興采,2026-07-20,19.65,0.0,0.0,17465000,0,綠增,否,否,20.05,20.73,20.67,20.56,-6.3084,-1.7074,-0.5534
4442,竣邦-KY,2026-07-20,47.0,-1.0,-2.08,75077000,0,綠增,是,否,48.66,49.45,51.28,52.83,-3.1256,-2.3502,-1.6021
4502,健信,2026-07-20,15.75,0.05,0.32,24000000,0,綠縮,否,否,15.71,15.74,15.75,15.82,-0.3805,-0.1902,-0.2532
4503,金雨,2026-07-20,35.95,-0.05,-0.14,220274000,0,綠增,否,否,38.64,41.26,39.66,41.35,-11.9216,0.5116,0.4432
4506,崇友,2026-07-20,123.0,1.0,0.82,81314000,0,紅縮,否,是,122.4,122.25,120.58,119.08,0.2457,1.1585,1.0476
4510,高鋒,2026-07-20,38.1,-0.9,-2.31,563232000,0,綠增,否,否,40.64,41.8,42.85,46.2,-5.3783,-2.0965,-3.2131
4513,福裕,2026-07-20,19.5,-1.55,-7.36,2497077000,0,紅縮,否,是,20.02,18.45,17.45,15.9,18.6019,11.413,6.8258
4523,永彰,2026-07-20,23.45,-0.8,-3.3,147750000,0,綠增,否,否,24.6,25.63,27.66,29.05,-7.7615,-9.3369,-3.8993
4527,方土霖,2026-07-20,39.1,0.0,0.0,2240000,0,紅增,否,否,39.27,39.42,39.84,41.97,-0.7582,-0.4671,-1.2213
4528,江興鍛,2026-07-20,15.25,-0.15,-0.97,22099000,0,紅轉綠,否,否,15.46,15.47,15.6,15.78,-0.1937,-0.1291,-0.6842
4529,淳紳,2026-07-20,4.3,0.14,3.37,16002000,0,綠增,否,否,4.47,4.41,4.54,4.77,2.8046,0.5242,-3.1666
4530,宏易,2026-07-20,26.95,0.95,3.65,15517000,0,紅增,是,是,26.06,26.56,25.91,26.31,-3.6955,1.4515,0.8663
4533,協易機,2026-07-20,25.85,-0.15,-0.58,969929000,0,綠增,否,否,27.54,28.78,29.04,30.68,-8.2612,-1.1676,-2.2716
4534,慶騰,2026-07-20,37.55,-4.15,-9.95,1458007000,0,紅縮,否,是,37.27,35.34,33.73,28.42,11.5868,10.4737,3.8248
4535,至興,2026-07-20,28.0,0.5,1.82,5000000,0,紅縮,否,是,28.11,27.8,27.56,27.56,2.2554,1.275,0.8878
4538,大詠城,2026-07-20,18.2,-0.3,-1.62,14825000,0,綠增,否,否,18.48,18.6,18.7,18.49,-1.2821,-1.0638,0.2144
4541,晟田,2026-07-20,68.9,-3.7,-5.1,28666634000,0,紅縮,否,是,69.2,64.61,56.86,49.89,15.2949,18.6158,10.8809
4542,科嶠,2026-07-20,295.0,-32.5,-9.92,133920000,0,綠增,否,是,340.5,389.65,387.43,281.31,-22.402,-7.633,1.633
4543,萬在,2026-07-20,31.25,-0.7,-2.19,213151000,0,綠增,否,否,33.4,34.63,35.49,37.89,-6.86,-3.0379,-3.8146
4549,桓達,2026-07-20,91.5,-2.0,-2.14,154131000,0,綠增,否,否,96.1,98.5,101.3,104.08,-4.7572,-2.3786,-3.5697
4550,長佳,2026-07-20,25.25,0.85,3.48,11069000,0,紅增,否,是,25.22,25.16,24.95,24.79,0.4781,1.6155,0.0
4554,橙的,2026-07-20,31.2,0.65,2.13,50230000,0,綠增,否,是,31.18,31.44,31.07,30.65,-1.6404,-0.1746,0.7294
4556,旭然,2026-07-20,114.5,6.5,6.02,181489000,0,紅縮,否,是,114.2,98.45,85.2,54.97,38.0895,27.0815,22.6931
4558,寶緯,2026-07-20,17.15,0.05,0.29,36000000,0,綠增,否,否,17.7,18.04,18.26,19.1,-3.6997,-1.4746,-1.6828
4561,健椿,2026-07-20,36.4,0.4,1.11,180908000,0,綠增,否,否,38.15,39.98,40.5,43.11,-8.7321,-1.8175,-3.4275
4563,百德,2026-07-20,39.5,-0.3,-0.75,137723000,0,紅轉綠,否,否,40.92,41.75,41.75,45.33,-3.8985,0.204,-2.6692
4568,科際精密,2026-07-20,40.0,0.15,0.38,16411000,0,綠增,否,否,40.62,41.1,41.11,41.09,-2.3088,-0.9639,-0.1882
4577,達航科技,2026-07-20,69.0,-1.0,-1.43,398364000,0,綠增,否,否,76.1,82.11,87.77,119.73,-13.6405,-11.3379,-4.39
4580,捷流閥業,2026-07-20,80.7,-0.2,-0.25,56132000,0,綠增,否,否,81.26,81.78,81.77,81.51,-1.2637,-0.2196,-0.0367
4584,君帆,2026-07-20,39.5,-0.1,-0.25,2047000,0,紅縮,否,否,39.89,39.89,40.29,41.49,0.0,-0.5981,-1.3951
4609,唐鋒,2026-07-20,4.91,0.04,0.82,5040000,0,綠增,否,否,5.12,5.12,5.19,5.13,0.1955,1.9112,-2.0381
4702,中美實,2026-07-20,9.46,-0.1,-1.05,87638000,0,綠增,否,否,9.67,9.85,9.96,9.87,-3.4538,-1.7857,-1.0388
4706,大恭,2026-07-20,32.0,0.0,0.0,5010000,0,綠增,否,是,32.09,32.12,32.09,31.9,-0.2177,-0.2174,0.3204
4707,磐亞,2026-07-20,36.45,-4.05,-10.0,1067413000,0,紅縮,否,是,38.71,36.29,30.17,20.73,14.3237,19.7327,18.6762
4711,永純,2026-07-20,16.15,-0.05,-0.31,72918000,0,綠增,否,否,16.56,16.98,17.03,16.73,-4.8823,-1.1926,-1.6178
4714,永捷,2026-07-20,10.85,-0.1,-0.91,1014040000,0,綠增,否,否,11.25,11.77,12.27,13.65,-8.4622,-4.1531,-4.347
4716,大立,2026-07-20,18.15,-0.65,-3.46,1143351000,0,綠增,否,是,20.41,21.82,21.23,17.31,-12.1773,-6.651,4.6844
4721,美琪瑪,2026-07-20,71.2,-0.7,-0.97,578304000,0,綠增,否,否,76.5,83.88,89.31,89.59,-16.1736,-8.1874,-3.9213
4726,永昕,2026-07-20,24.35,-0.15,-0.61,250432000,0,紅縮,是,否,24.81,25.39,25.13,27.3,-4.4667,-0.2554,-1.47
4728,雙美,2026-07-20,377.0,0.5,0.13,11804000,0,紅縮,是,否,379.6,379.35,378.3,383.93,0.1319,0.5967,-0.0066
4729,熒茂,2026-07-20,18.7,-0.45,-2.35,220817000,0,綠增,否,否,19.86,21.1,21.78,21.92,-11.0614,-5.191,-3.1139
4735,豪展,2026-07-20,30.8,0.25,0.82,4062000,0,綠縮,否,否,30.68,30.85,30.95,30.84,-1.1279,0.0162,-0.952
4741,泓瀚,2026-07-20,45.55,-0.35,-0.76,362829000,0,綠縮,否,否,48.87,52.44,58.68,60.0,-12.7321,-7.928,-9.6636
4743,合一,2026-07-20,47.8,-0.8,-1.65,1804312000,0,綠增,否,否,50.06,52.63,50.84,51.4,-9.3116,0.1046,0.3652
4744,皇將,2026-07-20,33.0,0.75,2.33,217905000,0,紅增,是,是,30.32,28.71,27.62,31.55,11.8406,9.0374,-4.9884
4745,合富-KY,2026-07-20,13.75,-0.6,-4.18,369833000,0,紅縮,是,否,13.98,14.13,14.25,16.67,-2.1008,-0.3175,-3.5195
4747,強生,2026-07-20,49.4,1.4,2.92,12110000,0,紅增,否,否,49.27,49.01,50.27,53.48,1.0667,-0.5479,-2.6861
4749,新應材,2026-07-20,811.0,14.0,1.76,927894000,0,綠增,否,否,833.4,869.2,893.4,983.62,-7.9116,-3.2825,-3.3483
4754,國碳科,2026-07-20,36.95,0.25,0.68,73244000,0,綠縮,是,否,36.81,36.85,37.34,37.63,-0.2169,-0.0542,-1.1842
4760,勤凱,2026-07-20,234.0,-16.0,-6.4,1059996000,0,綠增,否,否,274.9,301.25,330.07,319.68,-16.0867,-8.9604,-7.9096
4767,誠泰科技,2026-07-20,27.1,-0.1,-0.37,6000000,0,綠增,否,是,27.27,27.28,27.25,26.96,-0.0733,0.2388,0.2022
4768,晶呈科技,2026-07-20,291.0,-7.0,-2.35,639037000,0,綠增,否,否,324.1,338.0,356.68,434.9,-7.9,-6.0197,-5.1964
4772,台特化,2026-07-20,236.0,-9.5,-3.87,1062566000,0,綠增,是,否,257.0,266.4,269.8,292.78,-6.8165,-2.1847,-2.1223
4806,桂田文創,2026-07-20,10.1,0.0,0.0,1116000,0,綠縮,否,否,10.07,10.1,10.18,10.23,-0.553,-0.3946,-0.0491
4903,聯光通,2026-07-20,33.7,-1.15,-3.3,912622000,0,綠增,否,否,37.07,38.53,39.16,43.58,-7.325,-4.106,-2.3135
4905,台聯電,2026-07-20,66.6,-2.0,-2.92,8210000,0,紅增,否,否,67.22,67.55,69.4,77.56,-0.9723,-2.2431,-4.5261
4907,富宇,2026-07-20,40.1,0.25,0.63,51583000,0,綠增,否,是,40.34,40.94,40.85,39.12,-2.8888,-1.0753,1.1515
4908,前鼎,2026-07-20,135.0,-3.0,-2.17,1613410000,0,綠增,否,否,149.4,159.95,177.53,206.36,-12.3754,-11.9461,-7.7433
4909,新復興,2026-07-20,37.8,-0.55,-1.43,551815000,0,綠增,否,否,40.29,42.19,44.91,51.58,-8.6187,-5.7944,-4.4618
4911,德英,2026-07-20,34.8,-0.05,-0.14,46765000,0,紅增,否,是,33.87,33.3,32.3,33.06,3.5147,4.0957,1.9088
4923,力士,2026-07-20,45.4,-3.5,-7.16,673522000,0,綠增,否,是,54.36,58.42,56.93,44.97,-12.9962,-3.3741,4.5019
4924,欣厚-KY,2026-07-20,10.15,0.17,1.7,23000000,0,綠增,否,否,10.85,12.22,12.52,11.62,-20.1913,-10.0626,-2.5195
4931,新盛力,2026-07-20,202.5,3.5,1.76,3754439000,0,綠增,否,否,220.3,235.45,241.72,208.43,-12.091,-4.8495,-3.4548
4933,友輝,2026-07-20,56.7,-0.3,-0.53,101824000,0,綠增,否,否,59.44,63.1,65.28,68.33,-10.9646,-5.2695,-3.5102
4939,亞電,2026-07-20,66.2,6.0,9.97,29117773000,0,綠縮,是,是,59.82,60.02,61.8,50.65,-0.6642,-1.2829,-0.9695
4946,辣椒,2026-07-20,86.1,-4.1,-4.55,41266000,0,綠增,否,否,94.6,98.9,102.58,106.23,-8.3333,-4.9038,-2.9794
4950,金耘國際,2026-07-20,16.0,0.15,0.95,93080000,0,紅轉綠,是,否,16.12,16.22,16.16,16.54,-1.2255,0.3713,0.031
4951,精拓科,2026-07-20,76.7,-1.9,-2.42,366541000,0,綠增,否,否,82.46,88.4,93.55,105.47,-12.5927,-7.8591,-5.6052
4953,緯軟,2026-07-20,121.5,0.0,0.0,338312000,0,綠增,否,否,123.3,124.55,127.15,125.04,-1.9873,-0.7174,-3.1423
4966,譜瑞-KY,2026-07-20,567.0,-18.0,-3.08,2039171000,0,綠增,否,否,614.2,630.1,643.4,676.1,-4.9226,-1.8077,-2.5594
4971,IET-KY,2026-07-20,367.0,-8.0,-2.13,893903000,0,綠增,否,否,397.1,429.2,476.23,647.58,-13.9172,-10.695,-9.152
4972,湯石照明,2026-07-20,16.8,0.0,0.0,6291000,0,綠增,否,是,16.86,16.93,16.88,16.68,-0.7652,-0.0885,0.2375
4973,廣穎,2026-07-20,135.5,-5.5,-3.9,1871211000,0,綠增,否,是,151.4,156.95,171.5,135.15,-6.8308,-7.6493,-3.7868
4974,亞泰,2026-07-20,66.6,0.2,0.3,131243000,0,綠增,否,否,68.74,69.55,70.72,73.05,-2.3024,-0.7138,-2.3341
4979,華星光,2026-07-20,340.0,-16.0,-4.49,6523786000,0,綠增,否,否,388.3,415.65,463.18,560.06,-12.3476,-9.7394,-7.2908
4991,環宇-KY,2026-07-20,348.0,-12.0,-3.33,4668319000,0,綠增,否,否,402.5,455.35,499.0,621.78,-20.7989,-11.7282,-8.4446
4995,晶達,2026-07-20,45.4,0.2,0.44,33515000,0,紅縮,否,是,45.73,45.41,45.31,44.78,1.3969,0.8438,0.2766
5009,榮剛,2026-07-20,32.8,-0.7,-2.09,3006332000,0,紅縮,否,否,33.75,33.53,34.11,34.65,1.3209,0.4494,-1.3877
5011,久陽,2026-07-20,19.55,0.25,1.3,555524000,0,綠增,否,是,20.97,22.57,22.52,18.15,-13.2036,-8.3469,3.5164
5013,強新,2026-07-20,25.1,-0.85,-3.28,48050000,0,綠增,是,否,25.94,26.51,26.96,28.03,-4.2451,-2.5542,-1.8033
5014,建錩,2026-07-20,11.0,0.0,0.0,290073000,0,綠增,否,是,11.07,10.99,10.99,10.57,1.4665,0.7333,-0.1363
5015,華祺,2026-07-20,21.65,0.3,1.41,6207000,0,綠縮,否,否,21.47,21.86,22.66,23.24,-3.5056,-3.658,-2.6418
5016,松和,2026-07-20,24.0,0.05,0.21,9000000,0,綠縮,否,否,24.02,24.15,24.58,25.63,-1.0301,-1.8496,-1.2158
5201,凱衛,2026-07-20,27.0,0.75,2.86,58777000,0,紅增,否,否,27.03,26.96,27.27,29.5,0.5206,0.13,-1.986
5202,力新,2026-07-20,12.9,-0.1,-0.77,151320000,0,綠增,否,否,13.55,14.23,14.56,13.69,-9.1214,-3.7538,-3.9888
5205,中茂,2026-07-20,21.9,0.2,0.92,1000000,0,綠增,否,否,22.27,23.09,23.7,23.56,-6.8591,-2.9424,-0.7951
5206,坤悅,2026-07-20,20.3,-0.1,-0.49,81326000,0,綠增,否,否,21.67,22.34,22.75,23.14,-5.8236,-2.658,-1.8025
5209,新鼎,2026-07-20,152.5,-0.5,-0.33,41168000,0,綠縮,否,否,155.1,159.5,166.03,166.73,-5.3691,-4.8897,-2.5961
5210,寶碩,2026-07-20,29.15,-1.4,-4.58,1077785000,0,綠增,是,是,30.19,30.21,30.16,27.58,-0.1653,0.0331,-0.1077
5211,蒙恬,2026-07-20,19.25,-0.8,-3.99,69109000,0,綠增,否,否,20.62,21.5,20.73,20.26,-7.8642,-0.3938,2.0433
5212,凌網,2026-07-20,47.7,0.0,0.0,19778000,0,紅縮,是,是,47.62,47.63,47.17,47.16,-0.063,1.3511,0.5756
5213,亞昕,2026-07-20,22.0,-0.2,-0.9,234488000,0,紅縮,否,否,22.12,22.26,22.48,24.78,-1.25,-0.4027,-2.2188
5220,萬達光電,2026-07-20,20.85,0.2,0.97,31029000,0,綠轉紅,否,否,20.78,20.77,20.95,21.34,0.0963,-0.4792,-1.1443
5223,安力-KY,2026-07-20,23.25,-0.55,-2.31,217248000,0,綠增,是,否,24.06,24.66,25.02,25.16,-4.7506,-2.104,-1.5442
5227,立凱-KY,2026-07-20,32.2,1.0,3.21,514682000,0,綠縮,否,是,31.28,33.11,34.83,27.09,-10.4495,-6.4831,3.5762
5228,鈺鎧,2026-07-20,41.6,-1.95,-4.48,845344000,0,綠增,否,否,47.97,55.35,61.78,52.42,-23.5172,-12.8151,-8.7677
5230,雷笛克光學,2026-07-20,18.15,0.0,0.0,287310000,0,綠增,否,否,19.28,19.98,20.48,18.4,-6.7698,-6.373,1.8528
5245,智晶,2026-07-20,23.3,-0.9,-3.72,43100000,0,綠增,否,否,24.85,25.7,26.21,25.93,-6.3677,-4.3195,-1.6975
5251,天鉞電,2026-07-20,26.45,-0.95,-3.47,264526000,0,綠增,否,否,27.97,29.47,30.23,29.37,-9.7159,-5.7705,-2.1285
5263,智崴,2026-07-20,93.9,1.1,1.19,119371000,0,綠增,否,否,97.54,98.68,99.58,100.97,-2.2841,-0.6644,-1.6931
5272,笙科,2026-07-20,18.45,-0.15,-0.81,152958000,0,綠增,否,否,19.55,20.2,20.75,22.44,-6.235,-3.9239,-1.6123
5274,信驊,2026-07-20,12915.0,-35.0,-0.27,492179000,0,綠縮,否,否,13283.0,14597.0,16069.5,16629.0,-16.5169,-10.3406,-6.1087
5276,達輝-KY,2026-07-20,19.2,0.6,3.23,8977000,0,紅縮,否,是,19.38,19.21,18.77,18.84,1.8392,2.838,0.5761
5278,尚凡*,2026-07-20,24.6,0.3,1.23,143877000,0,綠縮,否,是,24.29,24.49,24.46,23.84,-1.6599,-0.0,0.5446
5287,數字,2026-07-20,147.0,-1.0,-0.68,90696000,0,紅轉綠,是,否,148.7,150.15,148.95,151.11,-1.9129,0.2336,0.2524
5289,宜鼎,2026-07-20,1215.0,-60.0,-4.71,2590337000,0,綠增,否,否,1387.0,1497.5,1646.0,1583.83,-13.7438,-9.1323,-6.0636
5291,邑昇,2026-07-20,49.3,-1.5,-2.95,591279000,0,綠增,否,否,52.76,55.27,58.45,65.23,-8.6881,-4.7233,-5.543
5299,杰力,2026-07-20,91.9,-4.5,-4.67,528415000,0,綠增,否,否,102.96,116.73,116.82,104.79,-21.1034,-8.0142,0.12
5301,寶得利,2026-07-20,6.1,0.01,0.16,4132000,0,紅縮,否,否,6.2,6.18,6.44,7.32,0.7143,-1.8107,-2.3808
5302,太欣,2026-07-20,10.8,-0.2,-1.82,951795000,0,綠增,否,否,11.9,12.81,12.66,11.49,-13.202,-3.7941,2.1787
5309,系統電,2026-07-20,53.3,0.0,0.0,2531420000,0,綠增,否,否,57.48,61.16,63.78,65.25,-11.351,-5.1047,-5.1457
5310,天剛,2026-07-20,24.9,-0.15,-0.6,14000000,0,紅縮,是,是,24.79,24.78,24.38,24.37,0.0807,2.5238,-0.3576
5312,寶島科,2026-07-20,89.1,0.3,0.34,20502000,0,綠縮,否,否,89.06,89.1,91.33,94.53,-0.0897,-0.7685,-1.7483
5314,世紀*,2026-07-20,57.7,-1.5,-2.53,6124898000,0,紅轉綠,否,否,63.54,65.25,62.24,67.01,-5.1075,2.5621,1.6329
5315,光聯,2026-07-20,19.2,0.0,0.0,272236000,0,綠縮,否,否,19.69,20.64,21.84,22.17,-8.8426,-7.6286,-2.9013
5321,美而快,2026-07-20,53.8,-0.2,-0.37,546807000,0,綠增,否,是,56.72,57.91,53.66,39.37,-4.0271,-3.0633,8.3434
5324,士開,2026-07-20,12.0,0.0,0.0,502628000,0,綠縮,否,是,12.02,12.07,12.11,11.71,-0.9068,-0.5764,-0.1237
5328,華容,2026-07-20,54.9,-5.4,-8.96,11644298000,0,綠增,否,是,63.18,70.43,63.83,42.12,-18.6663,-0.9702,9.0086
5340,建榮,2026-07-20,69.4,-1.6,-2.25,1512437000,0,綠增,否,否,76.04,81.75,86.73,100.83,-13.0574,-9.2876,-3.8894
5344,立衛,2026-07-20,14.85,-0.45,-2.94,103247000,0,綠增,否,否,15.67,16.0,15.98,16.09,-4.0416,-0.8981,-0.1873
5345,馥鴻,2026-07-20,19.0,-0.55,-2.81,18000000,0,綠增,否,否,20.7,24.0,27.21,24.23,-24.1758,-14.6059,-7.4889
5347,世界,2026-07-20,152.5,-16.5,-9.76,36278278000,0,綠增,否,否,171.0,179.4,185.03,166.63,-8.9457,-9.0264,1.704
5348,正能量智能,2026-07-20,17.0,0.55,3.34,3145000,0,綠轉紅,否,是,16.76,16.39,16.62,16.28,4.6192,-1.6206,2.308
5351,鈺創,2026-07-20,82.8,-5.2,-5.91,20218975000,0,紅轉綠,否,是,93.74,90.66,90.77,82.36,7.0336,2.4523,2.2762
5353,台林,2026-07-20,27.1,-0.2,-0.73,62146000,0,綠增,否,否,28.23,29.61,30.78,28.62,-8.9355,-5.9244,-3.8278
5355,佳總,2026-07-20,6.16,-0.02,-0.32,15001000,0,綠縮,否,否,6.14,6.13,6.36,6.55,0.2612,-0.9687,-2.2731
5356,協益,2026-07-20,24.65,-0.2,-0.8,104764000,0,綠增,否,否,25.2,26.26,26.99,26.9,-7.7599,-4.0731,-2.1928
5364,力麗店,2026-07-20,8.61,-0.05,-0.58,38152000,0,紅縮,否,否,8.7,8.75,8.71,9.32,-1.1144,0.5288,0.1035
5371,中光電,2026-07-20,83.8,2.3,2.82,38200369000,0,紅轉綠,否,是,89.54,91.2,82.47,75.82,-3.5753,6.8792,6.2069
5381,光譜,2026-07-20,24.15,0.4,1.68,924732000,0,綠增,否,否,25.27,27.16,27.73,26.5,-13.012,-5.3164,-6.1749
5386,青雲,2026-07-20,235.0,,,2099972000,0,綠增,否,否,341.0,379.85,443.12,450.2,-18.5574,-18.303,-8.6293
5392,能率,2026-07-20,41.7,-0.9,-2.11,1846648000,0,綠增,否,否,44.19,45.99,45.3,42.91,-7.533,-1.3725,0.3489
5398,慕康生醫,2026-07-20,15.5,1.4,9.93,69495000,0,綠縮,否,否,14.85,15.57,16.49,18.26,-8.8398,-6.2331,-4.2108
5403,中菲,2026-07-20,94.9,0.9,0.96,99825000,0,紅增,是,是,94.56,94.31,93.91,91.75,0.5316,1.0825,0.503
5410,國眾,2026-07-20,36.05,-0.45,-1.23,496092000,0,綠增,否,否,38.65,41.46,43.25,38.74,-12.6948,-6.2733,-1.2106
5425,台半,2026-07-20,86.0,-6.5,-7.03,12484494000,0,綠增,否,否,104.7,118.95,116.69,92.06,-21.3964,-6.4858,2.6252
5426,振發,2026-07-20,25.55,-0.7,-2.67,796528000,0,綠增,否,是,27.64,29.74,32.26,24.43,-13.2182,-8.3076,-3.8169
5432,新門,2026-07-20,120.5,-2.5,-2.03,64382000,0,綠增,否,否,130.2,140.9,146.78,141.97,-14.1161,-9.9968,-0.4578
5438,東友,2026-07-20,17.8,-0.4,-2.2,122582000,0,綠增,否,否,18.55,18.83,18.89,19.06,-2.9304,-0.7903,-0.8659
5439,高技,2026-07-20,248.0,-14.0,-5.34,3236683000,0,綠增,是,否,284.9,310.6,315.5,362.4,-15.284,-4.2688,-5.3689
5443,均豪,2026-07-20,94.3,-3.4,-3.48,4018234000,0,綠增,否,否,102.3,109.15,107.63,116.25,-11.8103,-2.0813,-0.8064
5450,南良,2026-07-20,18.75,1.7,9.97,4622429000,0,紅增,是,是,15.84,15.54,15.22,13.9,3.8689,3.152,2.8905
5452,佶優,2026-07-20,25.9,-1.1,-4.07,1605256000,0,綠增,否,否,28.69,31.14,32.25,32.88,-14.6131,-6.5136,-3.0002
5455,昇益,2026-07-20,27.0,-0.1,-0.37,3600000,0,綠增,否,是,27.34,27.29,27.21,25.62,0.404,0.4048,1.9198
5457,宣德,2026-07-20,29.35,-0.3,-1.01,430990000,0,綠增,否,否,30.85,32.48,34.27,33.98,-9.5838,-5.7039,0.1169
5460,同協,2026-07-20,16.65,-0.15,-0.89,153477000,0,綠增,否,是,16.62,17.35,16.42,15.5,-8.0243,3.5522,2.9306
5464,霖宏,2026-07-20,77.5,-0.6,-0.77,872113000,0,綠增,否,是,85.2,93.14,89.42,65.89,-15.7103,-6.3731,5.1193
5465,富驊,2026-07-20,21.9,0.0,0.0,57478000,0,綠增,否,否,23.15,24.08,24.82,25.36,-7.474,-3.6793,-3.0747
5468,凱鈺,2026-07-20,22.85,-0.75,-3.18,300987000,0,綠增,否,是,25.46,28.75,28.83,21.56,-20.5368,-9.3203,6.8675
5474,聰泰,2026-07-20,141.0,-3.5,-2.42,144286000,0,綠增,否,否,150.9,158.2,165.22,163.47,-8.8218,-4.9279,-3.2499
5475,德宏,2026-07-20,147.0,-11.0,-6.96,3659687000,0,綠增,否,否,170.8,196.3,221.9,285.63,-22.9937,-17.1205,-8.7582
5478,智冠,2026-07-20,98.4,-0.1,-0.1,72124000,0,綠增,否,否,99.44,101.07,102.58,100.33,-3.1743,-2.1114,-1.1943
5481,新華,2026-07-20,20.85,-0.05,-0.24,67792000,0,綠增,否,是,20.95,21.02,21.18,20.56,-0.6167,-0.2137,2.0595
5483,中美晶,2026-07-20,227.5,-8.0,-3.4,36304025000,0,紅縮,否,是,240.9,221.95,197.35,162.57,18.67,18.6264,13.4848
5487,通泰,2026-07-20,27.65,-1.0,-3.49,85001000,0,紅轉綠,否,否,28.18,28.38,28.21,28.16,-1.3996,0.1765,0.32
5488,松普,2026-07-20,14.6,-1.45,-9.03,3043390000,0,紅縮,否,是,16.49,15.19,13.99,12.02,18.6331,13.1422,7.639
5489,彩富,2026-07-20,46.5,0.25,0.54,199493000,0,綠增,否,是,50.73,57.33,54.74,44.99,-20.6352,-8.558,5.3353
5490,同亨,2026-07-20,29.0,0.6,2.11,622961000,0,紅轉綠,否,是,29.56,29.6,29.22,28.44,-0.2362,1.5266,0.8282
5493,三聯,2026-07-20,78.8,-0.7,-0.88,93015000,0,綠增,否,否,83.24,87.23,89.41,89.96,-8.7481,-4.6145,-3.4607
5498,凱崴,2026-07-20,47.1,-1.95,-3.98,2544034000,0,綠增,否,否,53.39,57.06,60.67,66.39,-12.1008,-6.1122,-3.4339
5508,永信建,2026-07-20,53.3,-1.4,-2.56,730413000,0,綠增,否,是,55.62,56.35,56.0,51.87,-2.5578,1.4401,0.4034
5511,德昌,2026-07-20,69.1,1.2,1.77,249185000,0,綠縮,否,否,67.08,73.44,75.13,72.71,-15.9398,-6.7784,-2.308
5512,力麒,2026-07-20,7.81,-0.04,-0.51,757906000,0,綠增,否,是,7.87,7.97,7.97,7.53,-2.4294,-0.7348,-0.0878
5514,三豐,2026-07-20,13.4,-0.05,-0.37,266066000,0,綠縮,是,否,13.46,13.59,13.82,14.74,-1.895,-2.195,-0.7365
5516,雙喜,2026-07-20,10.55,0.0,0.0,9170000,0,紅增,否,否,10.54,10.41,10.66,10.96,2.4295,-1.9303,-0.6524
5520,力泰,2026-07-20,82.3,0.0,0.0,2064000,0,綠縮,否,是,82.3,82.59,82.5,81.61,-0.6998,-0.1451,0.1761
5523,豐謙,2026-07-20,30.4,0.0,0.0,47748000,0,綠縮,是,是,30.38,30.38,30.4,30.4,0.0329,-0.0329,-0.0411
5529,鉅陞,2026-07-20,21.35,0.05,0.23,11594000,0,綠增,否,否,21.45,21.55,21.73,21.99,-0.9695,0.1394,-1.7078
5530,龍巖,2026-07-20,48.4,0.05,0.1,408091000,0,綠縮,否,是,48.39,48.66,48.71,47.4,-1.0834,0.5892,-0.8044
5536,聖暉*,2026-07-20,1140.0,0.0,0.0,1038178000,0,綠增,否,是,1180.0,1276.0,1264.5,1053.35,-13.9942,-4.1322,1.8116
5547,久舜,2026-07-20,19.95,0.05,0.25,5480000,0,綠縮,否,否,20.06,21.02,21.68,21.65,-8.6937,-5.8679,-2.0782
5548,安倉,2026-07-20,24.05,0.15,0.63,136859000,0,紅增,是,是,23.85,23.79,23.75,23.64,0.5481,0.0842,0.5186
5601,台聯櫃,2026-07-20,31.0,0.0,0.0,9000000,0,綠增,否,否,31.35,31.96,32.01,34.07,-3.7753,-1.4187,-0.7442
5603,陸海,2026-07-20,14.35,0.0,0.0,66686000,0,綠增,否,否,14.48,14.59,14.79,15.53,-1.4966,-1.2521,-1.3669
5604,中連,2026-07-20,30.4,-0.25,-0.82,22681000,0,紅縮,否,否,30.67,30.77,30.88,31.72,-0.6157,-0.4852,-0.2343
5609,中菲行,2026-07-20,77.6,0.3,0.39,194356000,0,紅縮,否,否,78.36,78.3,78.36,79.47,0.1534,1.1759,-1.3905
5701,劍湖山,2026-07-20,4.78,0.08,1.7,202718000,0,綠縮,否,是,4.66,4.81,5.01,4.21,-5.9677,-3.8753,-4.059
5703,亞都,2026-07-20,13.9,0.0,0.0,3000000,0,紅縮,否,否,14.0,13.88,14.02,14.06,1.7442,-0.2874,0.6463
5704,老爺知,2026-07-20,21.45,-0.05,-0.23,6568000,0,紅縮,否,否,21.57,21.53,21.44,21.46,0.3723,0.5135,0.4098
5864,致和證,2026-07-20,31.9,-1.3,-3.92,5486032000,0,綠增,否,否,35.24,39.64,43.81,37.27,-19.9637,-12.6982,-6.3091
5878,台名,2026-07-20,38.7,-0.1,-0.26,6103000,0,紅增,否,否,38.71,38.91,39.02,40.12,-1.0481,-0.3202,-0.3512
5902,德記,2026-07-20,34.15,0.25,0.74,42060000,0,紅增,否,否,33.98,33.79,34.27,36.25,1.1009,0.1482,-1.2534
5903,全家,2026-07-20,188.5,0.5,0.27,22358000,0,紅縮,否,否,188.7,188.6,188.6,188.87,0.1061,0.1062,-0.0133
5904,寶雅,2026-07-20,611.0,-4.0,-0.65,421634000,0,綠增,否,是,655.8,683.9,663.35,594.43,-7.8933,0.1758,2.0853
5905,南仁湖,2026-07-20,8.68,-0.17,-1.92,374800000,0,紅縮,否,是,8.72,8.65,8.52,8.27,1.6321,2.83,1.7374
6015,宏遠證,2026-07-20,16.0,-0.5,-3.03,1802236000,0,綠增,否,否,16.9,17.27,17.74,16.61,-4.2493,-2.5388,-3.6403
6016,康和證,2026-07-20,23.9,-0.1,-0.42,5010966000,0,綠增,否,否,25.09,26.64,27.63,24.73,-10.9652,-5.4658,-4.6086
6020,大展證,2026-07-20,21.75,0.0,0.0,43331000,0,綠縮,否,是,21.82,22.26,22.47,21.64,-3.8767,-1.6133,-1.0677
6021,美好證,2026-07-20,36.35,-1.1,-2.94,183119000,0,綠增,否,是,37.91,38.68,39.81,35.88,-3.9037,-3.2274,-1.4176
6023,元大期,2026-07-20,85.5,-2.3,-2.62,1278619000,0,綠增,否,否,98.16,100.53,100.14,99.53,-4.6064,-0.7699,-0.2689
6026,福邦證,2026-07-20,14.0,-0.1,-0.71,2212359000,0,綠增,否,否,14.69,15.35,16.08,16.0,-8.2448,-5.4803,-4.1996
6028,公勝保經,2026-07-20,78.7,0.0,0.0,13289000,0,紅縮,否,否,79.22,79.06,79.09,79.53,0.4056,0.2282,0.0759
6101,寬魚國際,2026-07-20,36.2,-2.05,-5.36,941665000,0,綠增,是,否,39.0,40.77,42.41,40.52,-8.3216,-8.7205,-0.6966
6103,合邦,2026-07-20,30.2,0.0,0.0,2000000,0,綠縮,否,否,29.82,30.77,33.59,37.63,-5.9899,-7.1515,-5.0389
6104,創惟,2026-07-20,89.5,-0.5,-0.56,1275835000,0,綠增,否,否,96.58,99.63,100.72,99.48,-5.9408,-2.5051,-0.9928
6109,亞元,2026-07-20,11.6,-0.15,-1.28,128126000,0,綠增,否,否,12.31,12.89,12.53,11.87,-8.6117,-2.2003,2.1186
6111,光聚晶電,2026-07-20,40.8,0.8,2.0,377682000,0,綠縮,是,否,40.66,41.77,42.91,45.22,-5.1772,-3.142,-1.965
6113,亞矽,2026-07-20,22.75,-0.25,-1.09,125743000,0,綠增,否,否,24.89,25.42,26.61,25.34,-4.0848,-4.4002,-0.8383
6114,久威,2026-07-20,27.75,-0.5,-1.77,36771000,0,綠增,否,否,28.6,29.81,29.84,30.28,-7.8014,-2.0053,-0.8309
6118,建達,2026-07-20,16.1,0.0,0.0,521576000,0,綠增,是,否,16.54,16.73,16.93,17.45,-2.2459,-1.0937,-0.8925
6121,新普,2026-07-20,362.5,-8.0,-2.16,1371579000,0,綠增,否,否,384.5,410.65,413.7,390.52,-11.9734,-3.9303,-1.6054
6122,擎邦,2026-07-20,50.9,0.3,0.59,341160000,0,紅縮,否,是,51.52,51.25,49.23,48.71,1.0592,4.1561,2.0257
6123,上奇,2026-07-20,41.3,-0.5,-1.2,55208000,0,綠增,否,否,41.86,41.91,42.48,43.61,-0.2383,-0.0239,-2.4851
6124,業強,2026-07-20,26.15,-0.35,-1.32,38514000,0,綠增,否,否,27.2,28.43,29.33,30.14,-8.294,-4.8846,-3.9545
6125,廣運,2026-07-20,49.9,-0.6,-1.19,1702659000,0,綠增,否,否,53.98,56.39,58.19,59.42,-8.1973,-4.2452,-3.3067
6126,信音,2026-07-20,30.05,-0.6,-1.96,698202000,0,綠增,否,否,32.26,33.86,36.28,35.2,-8.9986,-6.594,-5.2989
6127,九豪,2026-07-20,55.1,-5.0,-8.32,4452376000,0,綠增,否,否,65.16,75.07,79.57,63.42,-23.3231,-13.5437,-3.9706
6129,普誠,2026-07-20,15.15,-0.2,-1.3,689641000,0,綠增,否,否,16.82,18.08,17.64,16.71,-13.03,-4.2119,1.8623
6130,上亞科技,2026-07-20,25.0,0.1,0.4,221223000,0,紅縮,否,是,26.42,25.25,24.64,24.04,9.6721,5.6695,3.1397
6134,萬旭,2026-07-20,26.2,-0.05,-0.19,639299000,0,綠增,否,否,28.08,30.68,32.91,32.66,-15.5996,-9.3796,-4.7612
6138,茂達,2026-07-20,289.5,-15.5,-5.08,1495273000,0,綠增,否,否,327.4,364.7,355.52,308.05,-18.5572,-4.0516,1.6948
6140,訊達,2026-07-20,17.6,-0.2,-1.12,89847000,0,綠增,否,否,18.4,19.42,20.1,20.24,-9.9804,-3.9327,-5.3901
6143,振曜,2026-07-20,95.4,-3.4,-3.44,714521000,0,紅縮,否,是,100.32,101.16,95.84,94.86,-1.6471,4.7422,2.3441
6144,得利影,2026-07-20,14.0,0.4,2.94,3034000,0,綠縮,否,否,13.9,14.16,14.39,14.82,-3.6061,-2.7473,-1.1165
6146,耕興,2026-07-20,189.0,3.5,1.89,335954000,0,紅轉綠,否,否,192.3,195.05,194.07,211.11,-2.7806,0.1026,-2.5483
6147,頎邦,2026-07-20,164.0,-14.5,-8.12,31773043000,0,綠增,否,否,190.0,199.7,216.35,205.03,-9.2646,-8.5832,-5.7196
6148,驊宏資,2026-07-20,28.6,-0.65,-2.22,252158000,0,綠增,否,否,30.4,31.55,32.06,31.63,-7.0336,-1.4062,-4.1558
6150,撼訊,2026-07-20,55.6,-1.4,-2.46,235074000,0,綠增,否,否,59.3,60.55,61.83,63.27,-4.0453,-2.2283,-1.9272
6151,晉倫,2026-07-20,35.6,-0.45,-1.25,265411000,0,綠增,否,否,37.52,38.48,39.53,40.03,-4.844,-2.4715,-2.7971
6154,順發,2026-07-20,13.6,0.05,0.37,60990000,0,綠增,是,是,13.7,13.78,13.84,13.49,-1.083,-0.2534,-0.3241
6156,松上,2026-07-20,23.55,-0.8,-3.29,2127259000,0,綠增,否,是,25.78,27.86,26.24,21.82,-13.8657,-0.429,6.71
6158,禾昌,2026-07-20,17.75,-0.05,-0.28,18759000,0,紅縮,否,否,18.43,18.52,17.96,18.29,-1.0204,3.3761,0.7008
6160,欣技,2026-07-20,14.75,-0.25,-1.67,150668000,0,綠增,是,否,15.55,15.98,16.26,16.32,-5.2984,-2.6492,-2.1225
6161,捷波,2026-07-20,47.1,-0.9,-1.88,165368000,0,綠增,否,否,51.34,52.99,52.61,49.92,-6.0395,0.0755,-0.7452
6163,華電網,2026-07-20,39.35,-0.95,-2.36,2280503000,0,綠增,是,否,42.98,45.47,47.77,53.98,-10.365,-6.1029,-4.1577
6167,久正,2026-07-20,10.6,-0.15,-1.4,491112000,0,綠增,否,否,11.27,11.72,11.82,12.12,-7.3952,-3.0203,-0.8393
6169,昱泉,2026-07-20,14.1,0.1,0.71,28915000,0,綠增,否,否,14.29,14.5,14.78,15.3,-2.7891,-2.0277,-0.8722
6170,統振,2026-07-20,47.0,0.45,0.97,259324000,0,綠縮,否,否,47.0,49.23,50.75,51.15,-8.6492,-5.0718,-2.6006
6171,大城地產,2026-07-20,23.3,0.05,0.22,33000000,0,綠縮,是,否,23.34,23.56,23.83,24.25,-1.8503,-1.4226,-0.553
6173,信昌電,2026-07-20,175.0,-19.0,-9.79,311339000,0,綠增,否,否,222.9,264.75,279.07,194.81,-27.2994,-11.5584,-0.5169
6174,安碁,2026-07-20,48.7,-5.2,-9.65,532428000,0,綠增,否,是,55.0,56.77,54.16,44.19,-6.0471,4.4046,3.75
6175,立敦,2026-07-20,89.1,-9.9,-10.0,3703568000,0,綠增,否,是,99.72,104.71,106.24,87.57,-9.0975,-5.2398,-0.2535
6179,亞通,2026-07-20,24.2,-0.6,-2.42,1672763000,0,綠增,否,否,26.5,26.7,26.14,24.84,-1.4504,0.831,3.004
6180,橘子,2026-07-20,43.6,0.1,0.23,1031002000,0,綠增,是,是,45.14,46.48,47.5,42.94,-5.6241,-4.3026,0.3168
6182,合晶,2026-07-20,135.0,-14.5,-9.7,97340572000,0,紅轉綠,否,是,164.6,156.8,134.31,85.7,10.4698,17.1023,18.06
6185,幃翔,2026-07-20,13.95,0.15,1.09,216733000,0,綠增,否,否,14.12,14.26,14.26,14.12,-1.8763,-0.7312,-0.14
6186,新潤,2026-07-20,42.35,0.05,0.12,662589000,0,綠增,否,是,42.63,42.87,42.08,40.8,-1.1134,1.3715,1.087
6187,萬潤,2026-07-20,935.0,-40.0,-4.1,1877485000,0,綠增,否,否,1005.0,1005.9,1057.85,1123.12,-0.1788,-2.9241,-1.8555
6188,廣明,2026-07-20,70.6,0.8,1.15,1188518000,0,綠增,否,否,73.68,76.36,77.22,81.97,-6.7814,-1.5472,-2.1975
6190,萬泰科,2026-07-20,69.2,0.8,1.17,2756758000,0,綠增,否,否,74.7,79.63,80.2,77.51,-11.6604,-4.3598,-1.5045
6194,育富,2026-07-20,30.15,0.15,0.5,42064000,0,綠增,否,否,30.75,31.54,31.9,32.65,-4.8577,-2.05,-1.5433
6195,詩肯,2026-07-20,26.65,0.15,0.57,28576000,0,紅增,否,是,26.34,26.09,26.33,25.64,1.9744,1.1242,-0.2652
6198,瑞築,2026-07-20,19.55,-0.35,-1.76,56100000,0,綠增,是,否,20.16,20.46,20.6,21.29,-2.8434,-1.088,-0.4832
6199,天品,2026-07-20,95.9,-4.1,-4.1,168386000,0,紅轉綠,否,否,101.58,102.74,99.95,98.49,-2.2329,0.5973,1.7614
6203,海韻電,2026-07-20,64.8,0.6,0.93,121652000,0,綠增,否,否,65.5,66.47,66.72,68.26,-2.8766,-0.791,-1.2873
6204,艾華,2026-07-20,75.3,-0.7,-0.92,209546000,0,綠增,否,否,85.0,99.9,107.12,90.65,-25.9582,-14.87,-5.1362
6207,雷科,2026-07-20,117.5,-13.0,-9.96,4996499000,0,綠增,否,是,135.1,140.0,143.7,104.3,-6.7633,-4.0767,0.6479
6208,日揚,2026-07-20,84.7,1.7,2.05,683579000,0,綠縮,否,否,86.16,89.07,92.53,88.39,-6.3275,-6.8013,1.4082
6210,慶生,2026-07-20,18.3,-0.4,-2.14,11160000,0,綠增,否,否,19.12,19.37,19.93,20.53,-2.4987,-2.7129,-2.4241
6212,理銘,2026-07-20,28.3,-0.4,-1.39,2000000,0,紅縮,否,是,28.67,28.58,28.46,28.25,0.6318,0.2807,0.8414
6217,中探針,2026-07-20,177.0,-19.5,-9.92,1129762000,0,綠增,否,否,216.4,236.4,244.12,264.51,-15.6006,-8.0156,-2.2718
6218,豪勉,2026-07-20,34.85,-1.15,-3.19,541471000,0,紅轉綠,否,否,36.06,35.79,36.17,37.24,1.5203,-3.0738,1.787
6219,富旺,2026-07-20,12.85,0.1,0.78,126170000,0,綠縮,否,是,12.79,12.81,12.91,12.8,-0.3118,-0.9281,-0.4052
6220,岳豐,2026-07-20,29.1,-2.5,-7.91,835606000,0,綠增,否,否,33.0,33.46,35.05,32.73,-2.7123,-5.2125,-0.4686
6221,晉泰,2026-07-20,21.15,-0.1,-0.47,65406000,0,綠增,否,否,21.63,22.01,22.62,24.05,-3.3512,-2.3302,-2.6571
6222,立軒,2026-07-20,20.35,-0.05,-0.25,9008000,0,紅轉綠,否,否,20.77,20.82,20.75,21.06,-0.4792,-0.048,0.4599
6223,旺矽,2026-07-20,5455.0,-145.0,-2.59,993866000,0,綠增,否,否,6161.0,6438.0,6441.25,5785.08,-8.2502,-2.1729,1.4011
6227,茂綸,2026-07-20,104.5,-1.5,-1.42,382554000,0,綠增,否,否,111.9,116.8,119.58,113.82,-8.0526,-3.0705,-3.3347
6228,全譜,2026-07-20,18.75,0.35,1.9,5330000,0,綠縮,否,否,18.75,19.34,19.78,21.64,-5.8735,-2.1013,-2.7651
6229,研通,2026-07-20,23.3,-0.9,-3.72,112578000,0,綠增,否,否,25.04,26.01,26.45,26.7,-7.1561,-3.7387,-1.1306
6231,系微,2026-07-20,230.0,-0.5,-0.22,348027000,0,綠增,否,否,246.4,261.75,273.68,291.38,-11.079,-8.045,-3.7965
6233,旺玖,2026-07-20,21.9,-1.05,-4.58,523868000,0,綠增,否,否,23.52,24.29,24.59,25.7,-6.1453,-4.03,-0.3545
6234,高僑,2026-07-20,35.75,-1.0,-2.72,795747000,0,綠增,否,否,39.72,43.28,44.17,46.78,-15.2007,-7.3035,-3.0346
6237,驊訊,2026-07-20,34.75,-1.05,-2.93,487344000,0,綠增,否,否,38.23,41.12,43.5,44.41,-13.1334,-8.6324,-4.2162
6240,松崗,2026-07-20,18.05,-0.5,-2.7,43404000,0,紅縮,是,否,18.33,18.29,18.18,18.28,0.3834,0.9379,0.2205
6241,鑫永洋,2026-07-20,16.0,-0.8,-4.76,806950000,0,紅縮,否,是,17.01,16.07,15.28,11.93,12.4256,6.6003,10.7006
6244,茂迪,2026-07-20,25.0,-0.95,-3.66,3730417000,0,綠增,否,否,26.19,26.54,27.52,28.42,-2.6032,-1.5396,-2.5584
6245,立端,2026-07-20,76.5,0.6,0.79,886422000,0,綠增,否,否,79.18,79.84,80.2,82.68,-1.6398,-0.2499,-1.842
6246,臺龍,2026-07-20,13.45,-0.4,-2.89,32256000,0,綠增,否,否,14.48,14.99,15.34,15.72,-6.6409,-4.9144,-1.7136
6248,沛波,2026-07-20,17.65,-0.05,-0.28,71888000,0,綠增,否,否,17.83,18.01,18.12,18.75,-1.9791,-1.0711,-0.9157
6259,百徽,2026-07-20,32.65,-0.55,-1.66,1226071000,0,綠增,否,是,35.69,37.73,36.44,28.15,-10.2364,-2.9332,6.1076
6261,久元,2026-07-20,83.5,-0.4,-0.48,1088907000,0,綠增,否,否,87.54,90.38,92.89,102.04,-6.0931,-3.3059,-3.1538
6263,普萊德,2026-07-20,150.0,-2.0,-1.32,215132000,0,綠增,否,否,157.1,161.2,161.32,160.3,-4.9607,-1.6173,-0.3859
6264,富裔,2026-07-20,6.04,0.01,0.17,2264000,0,綠增,否,否,6.06,6.09,6.08,6.11,-0.9156,-0.3274,-0.0821
6265,方土昶,2026-07-20,45.4,-2.6,-5.42,3073433000,0,綠增,否,否,50.3,50.63,53.29,48.77,-1.2951,-3.3779,-2.6046
6266,泰詠,2026-07-20,25.0,-0.35,-1.38,120255000,0,紅縮,否,否,25.5,25.43,25.39,26.86,0.5917,0.8128,-1.7128
6270,倍微,2026-07-20,30.3,-0.6,-1.94,734157000,0,綠增,否,否,33.48,35.19,36.56,31.01,-9.2437,-8.8353,-1.6608
6274,台燿,2026-07-20,1125.0,-45.0,-3.85,9186125000,0,綠增,是,否,1339.0,1492.5,1567.75,1397.23,-18.6513,-9.4357,-3.2104
6275,元山,2026-07-20,44.3,-0.9,-1.99,588335000,0,綠增,是,否,46.5,47.84,48.4,49.82,-5.4686,-3.3044,-0.8603
6276,安鈦克,2026-07-20,20.45,-0.4,-1.92,23757000,0,紅縮,否,否,21.48,21.88,22.79,27.15,-3.6339,-1.6846,-4.6748
6279,胡連,2026-07-20,114.0,-1.5,-1.3,606939000,0,綠增,否,否,118.6,119.95,119.42,116.45,-2.2259,0.2926,-0.4584
6284,佳邦,2026-07-20,78.0,-3.1,-3.82,2063203000,0,綠增,否,否,87.84,95.57,98.19,94.24,-14.9661,-5.4137,-3.5084
6290,良維,2026-07-20,239.5,7.0,3.01,3402754000,0,綠增,否,否,259.1,284.15,294.4,293.09,-16.2031,-7.4279,-4.5009
6291,沛亨,2026-07-20,355.0,-18.5,-4.95,1034006000,0,綠增,否,否,409.2,455.3,512.4,506.72,-18.3885,-16.6117,-6.2397
6292,迅德,2026-07-20,50.0,-0.2,-0.4,115300000,0,綠增,否,否,53.22,57.52,60.17,55.84,-13.9114,-5.5191,-2.0589
6294,智基,2026-07-20,26.95,-0.15,-0.55,65441000,0,紅縮,是,否,27.41,27.68,27.75,30.19,-1.8969,0.2717,-0.7244
6411,晶焱,2026-07-20,79.2,-3.0,-3.65,875043000,0,綠增,否,否,87.24,93.21,96.64,90.46,-12.0387,-6.3122,-1.4833
6417,韋僑,2026-07-20,115.5,0.0,0.0,58842000,0,綠增,否,否,123.2,128.1,129.55,129.57,-7.3684,-2.7704,-2.337
6418,詠昇,2026-07-20,29.2,0.1,0.34,68196000,0,綠增,否,否,31.27,32.2,31.83,31.64,-5.6142,0.9088,-0.7638
6419,京晨科,2026-07-20,128.0,-7.5,-5.54,190132000,0,綠增,否,否,139.3,142.55,143.4,144.97,-4.4582,-1.8926,0.8616
6423,億而得,2026-07-20,66.8,-0.2,-0.3,113732000,0,綠增,否,否,73.74,78.72,80.18,95.32,-11.8996,-4.5008,-3.2285
6425,易發,2026-07-20,58.2,-2.2,-3.64,495086000,0,綠增,否,否,64.18,67.5,71.65,81.73,-9.3759,-6.6648,-4.6129
6432,今展科,2026-07-20,66.0,-0.1,-0.15,1560523000,0,綠增,否,是,71.12,74.03,74.72,59.54,-7.5643,-2.886,0.1743
6435,大中,2026-07-20,267.0,-23.0,-7.93,1045026000,0,綠增,否,是,318.1,354.7,337.88,265.48,-18.7069,-4.0833,3.9535
6441,廣錠,2026-07-20,21.3,0.5,2.4,43214000,0,綠增,否,否,21.73,22.21,22.32,24.2,-4.2731,-0.8038,-1.9765
6461,益得,2026-07-20,15.2,-0.25,-1.62,108064000,0,紅縮,否,否,15.57,15.61,15.43,16.44,-0.5747,1.528,-0.4838
6462,神盾,2026-07-20,96.9,-2.3,-2.32,804500000,0,綠增,否,否,102.62,109.16,112.73,121.87,-11.3051,-6.8998,-1.8245
6465,威潤,2026-07-20,53.2,-0.3,-0.56,174239000,0,綠增,否,否,57.3,58.5,62.12,53.35,-4.0201,-6.1146,1.8863
6469,大樹,2026-07-20,77.3,-0.5,-0.64,268041000,0,紅縮,否,是,77.66,76.97,75.85,75.33,1.8091,2.2585,0.7237
6470,宇智,2026-07-20,46.7,-0.6,-1.27,60627000,0,綠增,是,否,47.57,48.16,48.74,48.17,-2.4005,-1.8347,-0.8493
6474,華豫寧,2026-07-20,36.3,-0.35,-0.95,40162000,0,綠增,否,否,37.44,37.4,37.5,37.79,0.2141,0.3892,-0.2195
6482,弘煜科,2026-07-20,27.5,0.0,0.0,20497000,0,綠縮,否,否,27.47,27.55,28.18,29.2,-0.5791,-1.1305,-1.9147
6485,點序,2026-07-20,62.5,-3.0,-4.58,513637000,0,綠增,否,否,69.84,74.83,80.61,89.28,-12.5031,-8.6771,-7.5993
6486,互動,2026-07-20,76.0,-1.0,-1.3,127860000,0,綠增,否,否,80.3,81.57,81.58,83.1,-3.0662,-0.5971,-0.5243
6488,環球晶,2026-07-20,1265.0,25.0,2.02,12123911000,0,紅縮,否,是,1370.0,1293.0,1145.5,864.55,12.6645,17.6952,14.5328
6492,生華科,2026-07-20,43.0,-0.25,-0.58,102432000,0,紅縮,否,否,43.57,43.67,43.53,46.79,-0.4797,1.1112,-0.1892
6494,九齊,2026-07-20,49.85,-1.55,-3.02,309023000,0,綠增,否,否,57.45,61.88,63.55,57.9,-13.3745,-5.778,1.5379
6496,科懋,2026-07-20,25.2,0.45,1.82,2395000,0,紅增,否,是,25.08,24.84,24.87,24.65,1.9512,0.0,1.0258
6498,久禾光,2026-07-20,79.5,-2.0,-2.45,160749000,0,綠增,否,否,84.9,88.28,94.19,97.19,-7.3751,-6.135,-3.6222
6499,益安,2026-07-20,63.0,-1.6,-2.48,425971000,0,綠增,否,否,66.84,69.01,70.79,79.74,-6.0972,-2.9941,-3.503
6506,雙邦,2026-07-20,18.05,0.0,0.0,111737000,0,綠增,否,否,18.31,18.48,18.53,18.48,-1.7704,-0.3237,-1.1865
6508,惠光,2026-07-20,25.95,0.35,1.37,82988000,0,紅增,否,是,25.52,25.15,24.57,24.53,2.9863,2.5275,2.0247
6509,聚和,2026-07-20,47.0,-1.15,-2.39,2557876000,0,綠增,否,否,49.89,52.05,49.91,47.37,-7.986,1.5707,0.4124
6510,精測,2026-07-20,2565.0,-20.0,-0.77,374121000,0,綠增,否,否,2703.0,2878.0,3148.25,3437.25,-11.4641,-9.154,-5.023
6512,啟發電,2026-07-20,19.85,-0.15,-0.75,3346000,0,紅縮,否,是,20.17,20.06,19.89,19.51,1.1028,1.1599,1.2597
6516,勤崴國際,2026-07-20,57.0,0.1,0.18,20000000,0,紅縮,否,否,57.54,57.62,57.22,58.2,-0.2773,0.6463,-0.1222
6517,保勝光學,2026-07-20,76.3,2.4,3.25,8279983000,0,綠轉紅,是,是,71.46,69.84,71.13,63.94,4.7493,0.2296,1.6432
6523,達爾膚,2026-07-20,89.3,-0.3,-0.33,21973000,0,綠縮,否,否,89.96,91.3,94.55,98.13,-2.8929,-3.8846,-2.1575
6527,明達醫,2026-07-20,70.4,0.0,0.0,32349000,0,綠增,是,否,71.08,71.96,72.06,70.68,-2.4163,-1.1946,-0.187
6530,創威,2026-07-20,68.3,-0.7,-1.01,400874000,0,綠增,否,否,74.74,79.75,86.16,103.29,-11.8216,-7.7928,-7.3943
6532,瑞耘,2026-07-20,67.7,-2.0,-2.87,338547000,0,綠增,否,否,72.78,79.97,84.64,93.53,-16.4984,-9.3105,-5.1015
6535,順藥,2026-07-20,87.2,-3.0,-3.33,281386000,0,紅轉綠,否,否,93.98,97.55,99.77,118.36,-7.0609,-2.7321,-3.9058
6538,倉和,2026-07-20,141.5,4.5,3.28,1849355000,0,紅縮,否,是,144.4,137.95,127.49,105.14,9.8099,6.5662,7.9875
6542,隆中,2026-07-20,47.5,3.0,6.74,19000000,0,綠轉紅,是,否,44.94,45.45,46.33,47.93,-2.2406,-2.718,-0.9144
6546,正基,2026-07-20,58.6,-1.6,-2.66,412092000,0,綠增,否,否,63.24,66.54,69.41,71.12,-9.4502,-4.8613,-3.9773
6547,高端疫苗,2026-07-20,47.0,0.85,1.84,2349873000,0,紅增,否,否,46.68,46.68,46.19,47.28,-0.0214,0.9187,-0.415
6548,長科*,2026-07-20,66.6,-6.9,-9.39,8590583000,0,綠增,否,否,76.84,82.42,85.65,68.46,-12.6818,-5.6224,-2.2985
6556,勝品,2026-07-20,65.5,0.0,0.0,17505000,0,綠增,否,否,66.8,69.46,70.91,70.4,-7.3766,-3.5947,-1.8003
6560,欣普羅,2026-07-20,32.4,-0.6,-1.82,105054000,0,綠增,否,否,34.77,36.79,37.49,38.15,-10.4097,-5.412,-2.3188
6561,是方,2026-07-20,316.0,-2.0,-0.63,64947000,0,綠增,否,否,322.3,329.35,333.7,347.07,-4.1914,-2.0083,-2.0761
6568,宏觀,2026-07-20,136.0,-4.0,-2.86,269143000,0,紅轉綠,是,否,148.1,153.4,162.15,205.27,-6.6793,-5.629,-4.8974
6569,醫揚,2026-07-20,98.8,0.8,0.82,76893000,0,綠縮,否,否,100.62,103.36,107.25,103.42,-5.1649,-3.8064,-3.1558
6570,維田,2026-07-20,47.05,0.4,0.86,132680000,0,綠增,否,否,48.88,50.93,51.91,49.08,-7.7388,-1.6321,-3.995
6574,霈方,2026-07-20,127.5,-3.0,-2.3,119467000,0,紅縮,否,是,130.6,124.75,118.12,113.47,9.8402,8.0087,2.5391
6576,逸達,2026-07-20,79.7,-0.2,-0.25,78784000,0,綠增,否,是,81.06,81.92,80.59,79.64,-2.0778,0.775,0.8005
6577,勁豐,2026-07-20,75.5,1.3,1.75,26621000,0,紅縮,否,否,77.28,76.8,76.29,78.61,1.2579,2.6875,-1.0313
6578,達邦蛋白,2026-07-20,16.1,-0.25,-1.53,49067000,0,紅轉綠,否,否,16.44,16.46,16.44,16.44,-0.1821,0.55,-0.9637
6584,南俊國際,2026-07-20,540.0,-39.0,-6.74,394118000,0,綠增,否,否,623.8,659.0,659.15,675.45,-10.1412,-5.5197,0.1443
6588,東典光電,2026-07-20,69.6,-2.0,-2.79,396301000,0,綠增,否,否,75.28,79.45,89.89,117.53,-9.9737,-10.0736,-7.1524
6590,普鴻,2026-07-20,66.9,0.7,1.06,6020000,0,紅縮,否,否,67.18,67.16,67.02,67.77,0.0596,0.3287,0.4572
6593,台灣銘板,2026-07-20,33.95,0.95,2.88,49453000,0,紅增,否,否,33.89,33.78,34.05,35.2,0.6235,0.2225,-0.6202
6596,寬宏藝術,2026-07-20,87.3,1.3,1.51,169168000,0,綠增,否,否,88.9,91.1,92.26,96.62,-4.716,-2.0746,-1.6051
6597,立誠,2026-07-20,61.0,-2.0,-3.17,12005000,0,綠增,是,否,65.26,65.46,66.97,68.15,-0.6092,-2.4877,-2.3903
6603,富強鑫,2026-07-20,24.1,0.45,1.9,713658000,0,紅轉綠,否,是,24.7,25.21,24.12,24.04,-3.9658,3.0031,2.3769
6609,瀧澤科,2026-07-20,38.2,-0.95,-2.43,406580000,0,紅轉綠,否,否,41.53,41.02,40.91,41.76,2.5432,1.8121,-1.3684
6612,奈米醫材,2026-07-20,70.1,-0.1,-0.14,19036000,0,綠增,否,否,71.94,73.17,72.8,71.02,-3.3065,0.1232,-0.1646
6613,朋億*,2026-07-20,319.5,-9.0,-2.74,326700000,0,綠增,否,是,339.1,343.45,348.68,282.49,-2.5014,-2.4151,5.7953
6615,慧智,2026-07-20,34.0,-0.6,-1.73,5470000,0,綠增,否,是,35.1,35.93,35.81,33.98,-4.5158,-2.1114,1.2583
6616,特昇-KY,2026-07-20,9.12,0.09,1.0,33064000,0,紅增,否,否,9.04,9.03,9.17,9.57,0.333,-0.2873,-1.6881
6617,共信-KY,2026-07-20,100.0,-5.5,-5.21,269533000,0,紅縮,否,是,105.8,102.03,84.57,72.83,7.6735,24.2148,12.5582
6620,漢達,2026-07-20,85.8,-0.7,-0.81,379341000,0,綠增,否,是,88.9,96.96,90.89,79.23,-15.3495,-2.8165,5.5078
6624,萬年清,2026-07-20,41.5,-2.85,-6.43,2000000,0,紅縮,否,否,41.72,42.43,42.25,46.71,-3.2916,1.3375,-0.9784
6629,泰金-KY,2026-07-20,105.0,0.0,0.0,24042000,0,綠縮,否,否,105.9,107.15,109.83,116.16,-2.3063,-2.0119,-2.1386
6637,醫影,2026-07-20,62.0,-0.7,-1.12,56761000,0,紅縮,否,否,63.8,63.82,63.54,66.95,-0.0627,0.5356,-0.2433
6640,均華,2026-07-20,910.0,-27.0,-2.88,221603000,0,綠增,否,否,947.2,1014.8,1038.65,1272.8,-12.4908,-3.7374,-3.4128
6642,富致,2026-07-20,73.9,-2.4,-3.15,371904000,0,綠增,否,否,78.02,80.21,81.88,74.96,-5.3155,-1.8958,-1.6812
6643,M31,2026-07-20,430.5,39.0,9.96,1375445000,0,綠縮,是,否,422.1,450.75,465.98,540.02,-11.9524,-5.6614,-3.749
6649,台生材,2026-07-20,37.75,-1.55,-3.94,58108000,0,紅縮,否,否,38.96,38.81,38.36,38.97,0.7499,1.4639,-0.0782
6651,全宇昕,2026-07-20,115.5,-5.0,-4.15,239504000,0,綠增,否,否,132.6,146.2,146.03,129.16,-17.0213,-5.7382,0.0
6654,天正國際,2026-07-20,176.5,-5.5,-3.02,50956000,0,綠增,否,是,181.6,188.55,191.85,138.37,-7.11,-1.9756,1.7502
6662,樂斯科,2026-07-20,29.75,0.0,0.0,1000000,0,綠轉紅,否,是,29.71,29.65,29.8,29.62,0.4055,0.1013,0.1428
6664,群翊,2026-07-20,359.0,-3.5,-0.97,691376000,0,紅轉綠,否,否,374.6,380.2,379.0,412.39,-2.9031,-0.6922,-0.5576
6667,信紘科,2026-07-20,238.5,-3.5,-1.45,297697000,0,綠增,否,否,249.1,256.35,264.4,266.11,-5.5008,-3.2642,-1.8378
6679,鈺太,2026-07-20,218.0,-1.0,-0.46,321426000,0,綠增,否,否,232.9,246.55,259.7,285.85,-10.4919,-7.2772,-3.4034
6680,鑫創電子,2026-07-20,55.8,-0.8,-1.41,20021000,0,紅增,否,是,53.24,51.59,51.59,53.94,6.5866,3.5317,-1.0359
6683,雍智科技,2026-07-20,1105.0,-110.0,-9.05,1768302000,0,綠增,是,否,1405.0,1572.5,1623.5,1788.17,-19.2529,-9.8596,-1.1869
6684,安格,2026-07-20,49.35,0.0,0.0,120972000,0,綠增,否,否,50.96,55.12,55.5,49.96,-14.0351,-8.2557,0.9963
6690,安碁資訊,2026-07-20,162.5,3.0,1.88,84311000,0,綠縮,否,否,162.9,163.85,167.78,169.87,-1.1529,-0.7271,-1.886
6692,進能服,2026-07-20,22.5,-0.25,-1.1,15783000,0,綠增,否,否,23.87,24.61,25.33,28.09,-5.8383,-4.3343,-1.5927
6693,廣閎科,2026-07-20,179.5,-11.5,-6.02,1692163000,0,綠增,否,是,208.5,229.9,220.97,173.22,-17.0314,-4.7047,5.4647
6697,東捷資訊,2026-07-20,40.45,0.3,0.75,37100000,0,綠縮,是,否,40.61,40.86,41.27,41.72,-1.1922,-1.1254,-0.7695
6703,軒郁,2026-07-20,104.0,0.0,0.0,74705000,0,綠增,否,否,111.7,114.2,111.95,112.17,-4.2845,0.7944,0.3586
6708,天擎,2026-07-20,37.05,-0.15,-0.4,6000000,0,綠增,否,否,38.51,39.07,39.48,40.42,-2.8261,-2.2395,-0.7104
6712,長聖,2026-07-20,149.5,-0.5,-0.33,440762000,0,綠增,否,是,160.1,163.25,154.25,139.39,-3.7861,2.6407,3.8371
6716,應廣,2026-07-20,80.3,-3.1,-3.72,225330000,0,綠增,否,否,90.12,93.8,95.16,93.04,-7.5503,-2.5859,-0.3038
6720,久昌,2026-07-20,138.0,-0.5,-0.36,20323000,0,紅縮,否,否,139.0,141.4,141.5,152.35,-3.338,0.1062,-1.8894
6721,信實,2026-07-20,52.3,-0.4,-0.76,13770000,0,綠增,否,否,53.42,54.22,55.56,57.47,-2.908,-1.8287,-2.5947
6725,矽科宏晟,2026-07-20,294.5,-5.5,-1.83,156045000,0,綠增,否,否,305.0,316.4,320.5,327.14,-6.9555,-4.1357,1.7137
6727,亞泰金屬,2026-07-20,331.0,-36.5,-9.93,873825000,0,綠增,否,否,411.3,441.85,430.85,464.05,-12.934,-1.0525,-1.4299
6728,上洋,2026-07-20,108.5,0.5,0.46,15641000,0,紅縮,否,否,109.0,109.35,109.28,112.31,-0.6381,0.4593,-0.251
6730,常廣,2026-07-20,34.0,-1.0,-2.86,49474000,0,綠增,是,否,36.22,36.88,37.3,37.39,-3.5162,-1.9801,0.3025
6732,昇佳電子,2026-07-20,195.5,2.0,1.03,683037000,0,紅縮,否,是,198.4,194.45,178.07,168.4,4.147,9.0884,6.155
6733,博晟生醫,2026-07-20,24.1,0.0,0.0,86843000,0,紅縮,否,否,25.09,25.19,24.87,27.01,-0.7516,2.2533,-0.9461
6735,美達科技,2026-07-20,66.8,-1.7,-2.48,190447000,0,綠增,否,否,73.14,79.19,84.93,102.51,-14.1952,-9.6108,-5.9364
6739,竹陞科技,2026-07-20,1160.0,40.0,3.57,382286000,0,紅增,否,否,1105.0,1143.0,1124.3,1288.27,-6.4352,2.0445,-1.5542
6741,91APP*-KY,2026-07-20,56.3,-0.4,-0.71,224153000,0,綠增,否,否,57.66,59.03,60.38,62.59,-4.5364,-3.2136,-2.036
6751,智聯服務,2026-07-20,40.0,-0.05,-0.12,6001000,0,綠縮,否,否,40.96,42.38,44.77,48.0,-6.5054,-5.2426,-4.0919
6752,叡揚,2026-07-20,99.6,1.8,1.84,13740000,0,綠縮,否,否,98.92,99.81,99.76,101.74,-1.7676,0.2008,-0.464
6761,穩得,2026-07-20,153.0,0.0,0.0,304430000,0,綠增,否,否,165.8,178.8,186.82,198.21,-13.5558,-6.3139,-5.417
6762,達亞,2026-07-20,166.5,12.0,7.77,5009000,0,綠縮,否,,167.1,168.3,169.82,,-1.4159,-0.9417,-2.8183
6763,綠界科技*,2026-07-20,42.25,0.45,1.08,279114000,0,綠增,否,否,43.27,44.85,46.04,46.52,-6.8059,-3.8791,-2.9511
6767,台微醫,2026-07-20,25.45,0.0,0.0,4000000,0,紅縮,否,否,26.05,25.9,25.42,26.51,1.165,2.737,0.2761
6785,昱展新藥,2026-07-20,110.0,1.0,0.92,74148000,0,綠增,否,否,113.1,117.2,117.38,130.26,-6.7601,-1.7191,-0.8029
6788,華景電,2026-07-20,344.5,-4.5,-1.29,542065000,0,綠增,否,否,372.2,400.75,416.5,429.3,-13.3007,-6.6612,-3.588
6791,虎門科技,2026-07-20,99.5,-2.0,-1.97,67590000,0,紅轉綠,否,否,104.3,107.45,105.22,114.48,-5.6962,0.892,-0.2134
6803,崑鼎,2026-07-20,268.0,-2.0,-0.74,94731000,0,綠縮,否,否,270.6,276.1,281.93,286.02,-3.9062,-3.0548,-1.4679
6804,明係,2026-07-20,16.1,-0.3,-1.83,84983000,0,綠縮,否,是,16.01,16.03,16.17,15.93,-0.2492,-0.8964,-0.339
6811,宏碁資訊,2026-07-20,230.5,-9.0,-3.76,1021949000,0,紅增,是,是,226.7,223.05,221.6,214.08,3.3273,3.7442,-0.4492
6821,聯寶,2026-07-20,43.5,-0.45,-1.02,487336000,0,綠增,否,否,47.24,52.49,58.1,59.38,-18.185,-12.5604,-7.543
6823,濾能,2026-07-20,61.2,-1.7,-2.7,90336000,0,紅轉綠,否,否,65.02,66.97,67.39,76.52,-5.6587,-2.7871,-1.1514
6829,千附精密,2026-07-20,194.5,-14.0,-6.71,1929377000,0,紅轉綠,否,否,227.7,222.45,216.68,218.82,4.8343,2.1584,3.5484
6840,東研信超,2026-07-20,60.2,-0.7,-1.15,97789000,0,綠增,否,否,62.0,63.37,64.03,65.95,-4.2323,-0.7207,-1.7568
6841,長佳智能,2026-07-20,58.2,-0.6,-1.02,251797000,0,綠增,否,否,61.8,63.17,61.73,60.03,-4.2454,1.3477,0.0973
6843,進典,2026-07-20,39.4,-0.25,-0.63,9000000,0,綠縮,否,否,39.46,40.01,40.35,42.99,-2.688,-2.3792,-0.8294
6844,諾貝兒,2026-07-20,61.5,-0.1,-0.16,34194000,0,綠縮,否,否,62.08,62.41,63.95,64.15,-1.052,-2.3318,-0.9525
6846,綠茵,2026-07-20,63.8,0.9,1.43,26000000,0,綠縮,否,否,64.04,64.05,65.05,67.85,-0.0312,-0.79,-1.648
6855,數泓科,2026-07-20,114.0,0.0,0.0,28143000,0,綠增,是,是,117.6,119.15,120.38,113.61,-2.5684,-1.0382,-2.2136
6856,鑫傳,2026-07-20,45.7,3.55,8.42,26315000,0,綠轉紅,否,否,43.4,43.66,44.79,48.73,-1.2065,-1.8323,-2.7045
6859,伯特光,2026-07-20,98.1,0.1,0.1,71984000,0,綠增,否,否,107.02,114.61,121.48,121.95,-12.4223,-7.7957,-4.0442
6865,偉康科技,2026-07-20,25.2,-0.2,-0.79,6045000,0,綠增,否,否,26.11,27.11,27.01,30.52,-7.0819,-2.6226,-1.4772
6870,騰雲,2026-07-20,319.5,-0.5,-0.16,121525000,0,紅增,否,是,306.5,301.5,286.45,240.89,3.3727,8.3753,1.0138
6872,浩宇生醫,2026-07-20,16.0,0.0,0.0,35000000,0,綠增,否,否,16.25,16.51,16.74,17.58,-3.043,-2.2795,-0.7705
6874,倍力,2026-07-20,78.6,-2.1,-2.6,33469000,0,綠增,否,否,81.78,81.82,83.11,84.23,-0.0977,-1.4929,-0.4849
6875,國邑*,2026-07-20,35.3,0.3,0.86,46316000,0,綠增,否,否,35.72,36.84,36.77,36.67,-5.8762,-2.54,0.9334
6877,鏵友益,2026-07-20,121.0,,,107187000,0,紅縮,否,否,129.9,131.15,129.55,150.89,-1.8882,1.3524,-2.0416
6881,潤德,2026-07-20,198.5,-0.5,-0.25,11139000,0,綠增,否,否,208.1,218.0,233.03,254.51,-8.688,-5.4845,-6.0856
6884,海柏特,2026-07-20,32.1,-0.65,-1.98,2500000,0,綠增,否,否,32.78,32.75,33.31,33.87,0.1834,-0.2437,-0.9073
6894,衛司特,2026-07-20,320.0,1.5,0.47,31049000,0,綠增,否,否,338.0,348.55,356.55,355.02,-5.8758,-3.7686,-1.219
6895,宏碩系統,2026-07-20,121.0,-3.5,-2.81,96776000,0,綠增,否,否,127.7,135.8,145.7,157.2,-11.2578,-7.2404,-6.5277
6899,創為精密,2026-07-20,51.1,0.3,0.59,45183000,0,綠增,否,否,52.38,55.13,57.38,58.13,-9.5024,-4.7183,-3.9665
6903,巨漢,2026-07-20,344.0,-18.5,-5.1,814084000,0,綠增,否,否,376.9,381.35,384.0,393.75,-2.3069,-0.5477,-0.402
6907,雅特力-KY,2026-07-20,212.5,-23.5,-9.96,352296000,0,紅縮,否,是,217.5,193.3,168.4,140.72,28.6221,21.8789,11.8008
6910,德鴻,2026-07-20,25.15,0.55,2.24,28192000,0,綠增,否,否,25.73,26.45,27.18,28.15,-5.3,-3.3084,-3.0241
6913,鴻呈,2026-07-20,119.5,0.0,0.0,201970000,0,紅縮,否,否,123.3,122.9,122.92,130.32,0.6531,1.4026,-1.2651
6922,宸曜,2026-07-20,166.0,1.5,0.91,97817000,0,綠增,否,否,172.3,175.35,177.95,180.95,-3.4193,-0.5952,-2.7596
6925,意藍,2026-07-20,54.2,0.1,0.18,45340000,0,綠增,否,否,56.2,58.13,60.25,63.91,-6.4269,-3.5827,-6.6331
6945,圓祥生技,2026-07-20,97.5,-1.5,-1.52,314106000,0,紅縮,否,否,105.4,105.87,102.78,139.76,-0.884,3.2777,0.6858
6953,家碩,2026-07-20,210.5,-7.0,-3.22,51961000,0,綠增,否,否,222.0,228.95,230.38,246.39,-5.8923,-1.7171,-0.4214
6961,旅天下,2026-07-20,52.9,0.1,0.19,17909000,0,綠縮,否,否,53.36,53.67,54.31,57.38,-1.1486,-0.9779,-3.1648
6967,汎瑋材料,2026-07-20,75.5,-2.2,-2.83,243944000,0,紅縮,是,是,74.62,72.98,72.17,73.28,4.5977,2.4137,1.6191
6968,萬達寵物,2026-07-20,43.9,1.1,2.57,106100000,0,紅增,是,是,43.06,43.11,43.12,43.54,-0.2317,0.6068,0.151
6971,惠民實業,2026-07-20,27.8,1.05,3.93,37213000,0,綠縮,否,否,27.21,27.34,27.46,27.89,-0.9825,-1.495,0.2647
6982,大井泵浦,2026-07-20,49.85,-0.05,-0.1,57205000,0,綠縮,否,否,50.93,52.11,54.37,54.93,-4.4107,-3.5628,-3.7403
6983,華洋精機,2026-07-20,324.0,-9.0,-2.7,55860000,0,紅轉綠,否,否,342.2,349.4,352.15,396.38,-4.0381,-2.5519,-0.8377
6986,和迅,2026-07-20,44.6,-0.65,-1.44,75020000,0,綠縮,否,否,45.69,47.11,50.24,57.86,-5.8326,-4.112,-7.2684
6996,力領科技,2026-07-20,167.0,-4.0,-2.34,115405000,0,綠增,否,否,178.3,188.25,191.5,188.18,-10.0404,-4.4901,-2.1836
700019,宏捷科統一5C購01,2026-07-20,0.15,-0.08,-34.78,3000000,0,,否,,0.29,0.37,0.46,,-36.7257,-26.3473,
700020,佳邦統一5C購01,2026-07-20,0.24,-0.15,-38.46,29000000,0,,是,,0.47,0.56,0.69,,-26.8519,-13.4259,
700022,華星光統一5C購01,2026-07-20,1.8,-0.01,-0.55,56000000,0,綠增,是,,2.29,2.46,2.9,,-12.7093,-11.8869,-10.1117
700023,新應材統一5B購02,2026-07-20,0.14,-0.01,-6.67,10000000,0,綠增,是,,0.17,0.2,0.26,,-28.5714,-20.6226,-15.9869
700024,新應材統一64購02,2026-07-20,0.29,0.02,7.41,313000000,0,綠縮,是,,0.31,0.33,0.36,,-14.5251,-7.2626,-8.9629
700025,雙鴻統一5B購01,2026-07-20,0.13,-0.06,-31.58,93000000,0,,是,,0.19,0.29,0.41,,-49.2147,-33.1787,-17.002
700047,宏捷科凱基59購01,2026-07-20,0.21,-0.05,-19.23,106000000,0,,是,,0.49,0.72,1.06,,-48.2105,-40.5606,-27.5154
700065,系統電統一5A購01,2026-07-20,0.02,0.0,0.0,10000000,0,綠增,是,,0.07,0.1,0.15,,-53.5211,-34.1772,-34.0471
700103,中光電元大5A購01,2026-07-20,0.22,0.09,69.23,3000000,0,,是,,0.17,0.19,0.14,,-21.2963,15.5689,
700113,雙鴻元大5A購01,2026-07-20,0.32,-0.06,-15.79,12000000,0,,是,,0.38,0.6,0.95,,-53.4314,-38.6037,
700155,中光電元大5A購02,2026-07-20,0.27,0.1,58.82,3000000,0,紅增,是,,0.24,0.24,0.17,,4.3478,28.4153,28.3019
700185,中光電統一59購04,2026-07-20,0.02,0.0,0.0,80000000,0,,否,,0.05,0.08,,,-62.2951,,
700186,中光電統一6A購01,2026-07-20,0.2,0.0,0.0,211000000,0,綠增,是,,0.31,0.32,0.26,,-4.3478,12.9032,15.1448
700187,中美晶統一58購02,2026-07-20,3.37,0.1,3.06,9000000,0,,否,,3.27,2.47,1.9,,96.7548,57.8645,
700188,中美晶統一5A購02,2026-07-20,3.15,-0.3,-8.7,10000000,0,紅縮,否,,3.16,2.61,1.91,,54.0409,60.5538,47.2383
700190,昇達科統一65購01,2026-07-20,4.01,-0.39,-8.86,52000000,0,綠增,否,,4.35,4.51,4.79,,-7.0543,-5.1093,-5.8974
700191,朋程統一5A購01,2026-07-20,0.19,-0.05,-20.83,82000000,0,綠增,是,,0.38,0.55,0.62,,-47.3684,-28.1617,-9.1108
700196,振曜統一5A購01,2026-07-20,0.01,-0.01,-50.0,110000000,0,,是,,0.03,0.03,,,-21.0526,-24.4444,
700199,華景電統一61購01,2026-07-20,0.86,-0.02,-2.27,25000000,0,,否,,1.23,1.41,,,-23.2791,-13.5863,
700201,萬潤統一6A購01,2026-07-20,2.25,-0.23,-9.27,1000000,0,綠增,否,,2.59,2.83,2.9,,-15.6556,-8.8681,-1.9628
700204,雙鴻統一5A購01,2026-07-20,0.12,-0.03,-20.0,105000000,0,,否,,0.19,0.28,0.46,,-49.1803,-42.0168,-19.913
700207,雙鴻統一6A購01,2026-07-20,0.4,-0.06,-13.04,135000000,0,綠增,否,,0.43,0.5,0.57,,-22.5,-14.1623,-10.3093
700208,騰雲統一6A購01,2026-07-20,0.97,-0.08,-7.62,365000000,0,紅增,是,,0.91,0.86,0.85,,12.6551,9.5908,-1.2259
700228,系微元大59購02,2026-07-20,0.59,0.06,11.32,1000000,0,,否,,0.67,0.72,0.62,,-11.8421,16.6395,
700258,大綜統一6A購01,2026-07-20,0.42,-0.17,-28.81,10000000,0,,否,,0.62,0.77,0.99,,-31.7982,-29.8262,-0.1516
700261,宜鼎統一6A購01,2026-07-20,3.83,-0.48,-11.14,1000000,0,綠增,是,,4.81,5.28,5.95,,-16.5278,-12.3715,-7.7627
700263,旺矽統一6A購01,2026-07-20,3.1,-0.56,-15.3,10000000,0,綠增,是,,4.18,4.37,4.43,,-8.5013,-3.7869,1.5951
700264,長聖統一6A購01,2026-07-20,0.29,0.0,0.0,1000000,0,,是,,0.34,0.35,0.33,,-9.1892,1.1461,
700272,聖暉*統一59購01,2026-07-20,1.09,0.01,0.93,1000000,0,綠增,是,,1.64,1.71,1.52,,-7.8829,3.2063,15.0379
700273,優群統一6A購01,2026-07-20,0.32,-0.02,-5.88,21000000,0,,是,,0.43,0.45,,,-8.8235,,
700275,雙鴻統一6A購02,2026-07-20,0.49,-0.09,-15.52,22000000,0,,是,,0.58,0.65,0.71,,-18.7675,-13.0376,-9.4965
700343,中光電統一6A購02,2026-07-20,0.26,0.01,4.0,11000000,0,,否,,0.34,0.31,,,25.5474,,
700346,良維統一6A購01,2026-07-20,1.2,0.05,4.35,6000000,0,,是,,1.53,1.64,1.83,,-12.2706,-7.6706,
700350,茂達統一61購01,2026-07-20,0.6,-0.21,-25.93,11000000,0,,否,,1.07,1.3,,,-30.4178,-3.849,
700352,新鉅科統一5A購01,2026-07-20,0.03,-0.02,-40.0,228000000,0,綠增,是,,0.07,0.1,0.17,,-48.5294,-49.2611,-13.4518
700354,聖暉*統一6A購01,2026-07-20,0.85,-0.02,-2.3,450000000,0,綠增,是,,0.92,1.07,1.06,,-24.5902,-7.9174,1.7208
700357,聰泰統一6A購01,2026-07-20,0.28,-0.02,-6.67,17000000,0,綠增,是,,0.32,0.36,0.4,,-19.403,-13.5714,-10.8287
700414,長聖統一6A購02,2026-07-20,0.56,0.0,0.0,1000000,0,,否,,0.64,0.62,,,8.0537,9.7345,
700415,建榮統一6A購02,2026-07-20,0.63,-0.05,-7.35,194000000,0,,否,,0.77,0.93,1.01,,-29.2279,-15.0046,-11.2182
700416,高技統一5A購01,2026-07-20,0.05,-0.02,-28.57,75000000,0,綠增,否,,0.23,0.28,0.35,,-29.9401,-17.2012,-21.802
700417,聰泰統一6A購02,2026-07-20,0.34,-0.01,-2.86,729000000,0,綠增,是,,0.4,0.45,0.51,,-21.3439,-14.5558,-8.0983
700594,原相元大5A購01,2026-07-20,0.42,0.11,35.48,115000000,0,綠增,是,,0.57,0.82,0.87,,-45.7467,-20.0,-8.1665
700638,原相元大5A購02,2026-07-20,0.1,-0.1,-50.0,60000000,0,綠增,否,,0.34,0.49,0.51,,-46.5839,-18.2119,-13.8983
700670,中光電統一6A購03,2026-07-20,0.24,0.0,0.0,121000000,0,紅轉綠,是,,0.29,0.3,0.24,,-9.434,14.3396,13.6471
700676,高技統一6A購01,2026-07-20,0.19,-0.02,-9.52,66000000,0,綠增,否,,0.26,0.33,0.37,,-34.8259,-18.2266,-15.0171
700677,高技統一6A購02,2026-07-20,0.34,0.0,0.0,5000000,0,,否,,0.48,0.52,0.61,,-15.5477,-12.5628,
700681,鈊象統一6A購01,2026-07-20,0.42,0.1,31.25,4000000,0,,否,,0.4,0.42,0.43,,-7.3733,-4.1284,-4.6256
700682,萬潤統一6A購02,2026-07-20,2.68,-0.39,-12.7,99000000,0,紅轉綠,是,,3.11,3.06,3.25,,3.4597,-7.9193,-1.4541
700684,雍智統一6A購02,2026-07-20,3.23,-0.6,-15.67,13000000,0,綠增,否,,4.56,5.43,5.51,,-27.4722,-13.2534,-6.6062
700685,臺慶科統一5A購01,2026-07-20,0.8,-0.12,-13.04,1000000,0,,否,,1.19,1.54,1.67,,-37.4078,-18.3598,
700686,臺慶科統一6A購01,2026-07-20,0.9,-0.14,-13.46,2000000,0,,否,,1.28,1.55,,,-29.7149,-8.1065,
700688,營邦統一6A購01,2026-07-20,2.0,0.01,0.5,12000000,0,綠增,是,,2.08,2.28,2.31,,-16.0613,-3.1861,-5.3172
700706,中光電統一5A購01,2026-07-20,0.14,0.02,16.67,51000000,0,,否,,0.23,0.22,,,12.5,,
700709,神盾統一5C購02,2026-07-20,0.18,0.0,0.0,1000000,0,,是,,0.22,0.25,0.26,,-17.6471,-12.6761,-6.9217
700711,華星光統一6A購01,2026-07-20,2.9,-0.31,-9.66,22000000,0,綠增,否,,3.29,3.42,3.65,,-7.1066,-5.9665,-6.8336
700712,聖暉*統一6A購02,2026-07-20,0.6,-0.01,-1.64,873000000,0,綠增,是,,0.64,0.71,0.71,,-18.8775,-6.0847,1.5805
700737,鴻呈國票59購01,2026-07-20,0.04,-0.01,-20.0,299000000,0,,是,,0.07,0.1,0.16,,-50.0,-36.129,
700756,威剛統一5C購03,2026-07-20,1.78,-0.32,-15.24,2000000,0,綠增,是,,2.28,2.43,2.55,,-11.3442,-8.0303,-7.4565
700757,竑騰統一5C購01,2026-07-20,4.5,0.12,2.74,15000000,0,,是,,4.41,4.25,4.39,,7.7224,2.5579,
700810,山富統一5C購01,2026-07-20,0.08,-0.05,-38.46,50000000,0,,是,,0.15,,,,,,
700828,威剛永豐64購01,2026-07-20,6.15,-1.45,-19.08,2000000,0,,,,,,,,,,
700830,中美晶元大5A購01,2026-07-20,4.2,0.05,1.2,10000000,0,紅縮,是,,4.44,3.48,2.48,,75.772,73.0253,45.4013
700843,世界統一5C購01,2026-07-20,0.66,-0.14,-17.5,11000000,0,綠增,否,,0.86,1.01,1.0,,-25.8232,-12.8361,3.3453
700844,立敦統一5C購01,2026-07-20,1.2,-0.3,-20.0,1000000,0,,否,,1.76,1.81,1.71,,-5.2632,-0.0551,
700857,良維元大5A購01,2026-07-20,1.4,-0.16,-10.26,10000000,0,,,,,,,,,,
700898,力旺統一5A購01,2026-07-20,0.13,-0.01,-7.14,1090000000,0,,是,,0.22,0.53,0.63,,-73.3813,-32.0463,
700899,力旺統一6A購01,2026-07-20,0.46,-0.03,-6.12,674000000,0,綠縮,是,,0.53,0.69,0.87,,-38.2629,-28.8223,-14.7073
700900,台半統一5C購03,2026-07-20,0.42,-0.2,-32.26,372000000,0,綠增,是,,0.92,1.08,1.0,,-25.1623,-8.2624,4.9738
700901,尼克森統一5C購01,2026-07-20,0.7,-0.14,-16.67,14000000,0,綠增,是,,0.97,1.13,1.05,,-25.1163,-7.2368,3.2401
700904,波若威統一6A購01,2026-07-20,2.76,-0.04,-1.43,160000000,0,綠增,是,,3.21,3.83,4.55,,-27.8077,-18.8955,-12.3894
700920,波若威永豐5A購01,2026-07-20,17.5,0.0,0.0,1000000,0,,是,,21.94,25.22,,,-23.0175,-22.8746,
701024,晶焱國票58購01,2026-07-20,0.01,-0.04,-80.0,295000000,0,綠增,是,,0.16,0.2,0.28,,-35.5372,-38.0062,-23.7449
701097,營邦元大5A購01,2026-07-20,0.57,-0.08,-12.31,41000000,0,綠增,是,,0.79,0.96,1.11,,-30.6338,-7.6775,-19.4364
701150,雙鴻國票59購01,2026-07-20,0.03,-0.01,-25.0,215000000,0,,否,,0.05,0.17,0.39,,-83.6735,-61.1364,-30.7965
701193,威剛元大58購02,2026-07-20,2.55,-0.6,-19.05,27000000,0,,否,,3.89,4.26,4.95,,-15.9827,-11.3608,-11.2496
701279,雙鴻國票5B購01,2026-07-20,0.11,-0.02,-15.38,1051000000,0,綠縮,否,,0.15,0.24,0.35,,-54.2169,-34.0599,-21.0646
701365,力致國票59購01,2026-07-20,0.05,0.01,25.0,1000000,0,,否,,0.04,0.05,0.1,,-8.3333,-46.5116,-17.4797
701379,威剛元大5B購02,2026-07-20,2.69,-0.58,-17.74,5000000,0,,,,,,,,,,
701388,中光電凱基5A購01,2026-07-20,0.2,0.08,66.67,9000000,0,,否,,0.29,0.35,0.24,,-29.902,24.8201,
701400,台燿元大5B購02,2026-07-20,5.4,-0.75,-12.2,10000000,0,,是,,8.87,9.4,,,-10.5847,-10.1816,
701412,宏捷科國票59購01,2026-07-20,5.4,0.82,17.9,1000000,0,,否,,3.71,2.18,1.57,,472.2222,152.3754,56.2562
701422,中光電兆豐5B購01,2026-07-20,0.3,0.05,20.0,36000000,0,紅轉綠,否,,0.69,0.7,0.48,,-1.4205,35.4651,37.4277
701432,正基統一5C購01,2026-07-20,0.21,-0.02,-8.7,10000000,0,,否,,0.38,0.42,,,-16.2281,-19.8853,
701437,威剛統一5B購01,2026-07-20,1.96,-0.14,-6.67,6000000,0,,是,,2.42,2.58,2.77,,-11.6788,-5.2168,
701438,威剛統一6B購01,2026-07-20,1.79,-0.19,-9.6,106000000,0,綠增,是,,2.11,2.24,2.42,,-10.7264,-8.4933,-4.3341
701440,華星光統一5B購04,2026-07-20,1.69,-0.14,-7.65,24000000,0,,是,,2.22,2.81,,,-34.5519,-38.4784,
701442,雙鴻統一6B購01,2026-07-20,0.23,-0.03,-11.54,282000000,0,綠增,是,,0.3,0.31,0.35,,-4.4872,-11.5942,-7.3138
701446,晶焱元富58購01,2026-07-20,0.01,-0.05,-83.33,90000000,0,,是,,0.24,0.42,0.57,,-61.3115,-37.3333,
701472,雙鴻統一61購03,2026-07-20,0.16,0.06,60.0,8000000,0,,是,,0.2,0.26,0.33,,-36.7089,-15.9609,
701474,穩懋統一6B購01,2026-07-20,2.55,-0.22,-7.94,3000000,0,,是,,4.23,4.65,,,-16.6009,-14.9881,
701475,台燿元大58購02,2026-07-20,5.95,-0.65,-9.85,1000000,0,,是,,9.55,10.45,10.67,,-15.9331,-5.9379,
701500,雙鴻中信5B購01,2026-07-20,0.3,0.17,130.77,1000000,0,,是,,0.32,0.32,0.34,,-1.8634,3.5714,
701525,台燿元大58購03,2026-07-20,10.0,-1.9,-15.97,10000000,0,,是,,18.18,19.28,,,-10.7949,,
701565,台燿元大58購04,2026-07-20,10.2,-1.3,-11.3,11000000,0,,是,,15.0,17.21,18.51,,-22.76,-13.7776,
701592,竹陞統一6B購01,2026-07-20,1.19,-0.06,-4.8,109000000,0,,是,,1.14,1.19,1.2,,-7.9417,2.7754,
701593,竹陞統一6B購02,2026-07-20,1.12,-0.1,-8.2,245000000,0,紅增,是,,1.08,1.14,1.12,,-10.4825,3.2638,-5.1446
701595,雙鴻統一59購03,2026-07-20,0.03,-0.02,-40.0,5000000,0,綠縮,否,,0.05,0.09,0.15,,-60.9375,-44.375,-34.1573
701615,威剛元大5B購03,2026-07-20,2.9,-0.3,-9.38,1000000,0,,否,,3.43,3.78,,,-16.699,,
701623,元太統一5B購01,2026-07-20,0.25,-0.07,-21.88,96000000,0,綠增,是,,0.36,0.51,0.54,,-46.0606,-23.0303,-12.3987
701624,竹陞統一5C購03,2026-07-20,1.16,-0.14,-10.77,3000000,0,,否,,1.39,,,,,,
701625,竹陞統一6B購03,2026-07-20,0.99,0.06,6.45,14000000,0,綠縮,否,,0.95,1.05,1.08,,-17.6776,-5.8192,-4.4894
701631,威剛元富58購01,2026-07-20,1.8,-0.81,-31.03,4000000,0,,否,,3.48,4.24,,,-30.3285,-19.1176,
701636,中光電凱基58購02,2026-07-20,0.1,-0.02,-16.67,722000000,0,,是,,0.22,0.25,0.16,,-18.9781,51.2195,
701699,訊聯統一6B購01,2026-07-20,0.18,-0.01,-5.26,100000000,0,,是,,0.23,0.24,,,-3.3058,,
701784,建榮永豐58購01,2026-07-20,0.11,-0.14,-56.0,14000000,0,綠增,是,,0.54,1.01,1.41,,-63.8327,-42.1113,-29.3307
701804,巨有統一6B購01,2026-07-20,0.38,-0.03,-7.32,197000000,0,綠增,是,,0.48,0.59,0.73,,-32.2034,-24.7148,-11.7329
701806,濱川統一6B購01,2026-07-20,0.25,-0.02,-7.41,20000000,0,,否,,0.29,0.3,0.33,,-2.0,-9.1743,
701836,巨有永豐58購01,2026-07-20,0.04,-0.03,-42.86,7000000,0,,否,,0.26,0.63,0.93,,-73.4406,-38.9913,
701853,巨有統一6B購02,2026-07-20,0.5,-0.03,-5.66,57000000,0,綠增,否,,0.64,0.8,0.83,,-32.2105,-14.5766,-6.359
701908,信立凱基5B購01,2026-07-20,0.14,0.0,0.0,10000000,0,,否,,0.12,,,,,,
701917,信驊富邦57購01,2026-07-20,5.7,0.1,1.79,3000000,0,,是,,7.64,,,,,,
701971,臺慶科凱基59購01,2026-07-20,2.99,-0.5,-14.33,64000000,0,,是,,7.26,8.11,,,-19.1081,,
702016,華星光元大58購04,2026-07-20,1.72,-0.77,-30.92,3000000,0,,是,,3.94,5.89,,,-49.8089,,
702157,華星光元大58購05,2026-07-20,0.62,-0.25,-28.74,43000000,0,,是,,2.14,2.7,4.39,,-34.3137,-39.0579,-26.4334
702185,精測元富59購05,2026-07-20,3.7,-0.37,-9.09,35000000,0,,是,,5.55,,,,,,
702222,立碁元大5A購01,2026-07-20,0.01,-0.01,-50.0,150000000,0,,是,,0.05,0.08,,,-53.5714,-43.4483,
702241,力旺國票58購01,2026-07-20,0.39,-0.22,-36.07,181000000,0,,否,,0.97,2.08,,,-69.6685,,
702281,精測元大5C購01,2026-07-20,1.02,-0.21,-17.07,64000000,0,,是,,1.35,2.36,,,-59.7981,,
702306,竑騰國票59購01,2026-07-20,4.75,-1.8,-27.48,10000000,0,,是,,9.5,11.79,,,-32.5284,,
702308,華電網國票59購01,2026-07-20,0.07,-0.06,-46.15,1000000,0,,否,,0.48,0.73,,,-51.0246,-35.2627,
702321,元太富邦59購01,2026-07-20,0.03,-0.1,-76.92,100000000,0,,是,,0.23,,,,,,
702373,光焱永豐5C購01,2026-07-20,0.88,-0.08,-8.33,10000000,0,,是,,0.97,1.1,,,-20.4248,,
702386,訊聯凱基5C購01,2026-07-20,0.14,0.07,100.0,39000000,0,,是,,0.1,0.13,,,-32.8947,-18.5897,
702424,竹陞中信59購01,2026-07-20,1.4,-0.37,-20.9,1000000,0,,是,,,,,,,,
702428,天品國票58購01,2026-07-20,0.04,-0.05,-55.56,20000000,0,,否,,0.22,,,,,,
702441,高技元富5C購01,2026-07-20,0.24,-0.09,-27.27,25000000,0,,是,,0.61,0.78,1.02,,-36.0,-23.1755,
702449,高技富邦58購01,2026-07-20,0.29,-0.01,-3.33,1000000,0,紅增,是,,0.28,0.28,0.3,,-0.0,2.5641,-19.9187
702467,順達凱基5B購01,2026-07-20,3.68,-1.29,-25.96,74000000,0,,是,,6.27,6.33,6.55,,-2.0312,-1.6304,-6.2902
702496,昇達科元大58購01,2026-07-20,5.25,-1.55,-22.79,2000000,0,,是,,5.34,5.6,8.29,,-8.8396,-20.4403,
702553,穩懋元大5A購01,2026-07-20,1.86,-0.82,-30.6,7000000,0,,,,,,,,,,
702560,昇達科中信5C購01,2026-07-20,3.5,-0.85,-19.54,49000000,0,綠縮,是,,3.74,4.3,5.25,,-23.2854,-18.9947,-16.2748
702576,富喬凱基5A購01,2026-07-20,1.0,-0.58,-36.71,5000000,0,,否,,1.92,2.79,,,-47.593,,
702590,富喬國票58購01,2026-07-20,0.12,-0.12,-50.0,15000000,0,綠增,否,,0.66,1.18,1.31,,-60.782,-28.7015,-24.0012
702592,富喬國票5C購01,2026-07-20,0.99,-0.2,-16.81,113000000,0,綠增,是,,1.64,2.06,2.17,,-33.9243,-16.8616,-8.2009
702593,富喬國票62購01,2026-07-20,1.01,-0.23,-18.55,2000000,0,綠增,否,,1.55,1.97,2.07,,-34.651,-16.7302,-10.4054
702607,旺矽元大59購02,2026-07-20,4.21,-0.7,-14.26,5000000,0,,是,,6.63,6.28,,,11.6874,,
702611,高技元大5C購01,2026-07-20,0.2,0.05,33.33,91000000,0,綠增,是,,0.36,0.52,0.64,,-45.3453,-21.6134,-18.4076
702641,富喬中信5C購01,2026-07-20,0.13,-0.16,-55.17,9000000,0,,是,,0.34,0.5,0.54,,-47.2393,-16.1616,
702649,富喬永豐59購01,2026-07-20,0.24,-0.08,-25.0,17000000,0,綠增,是,,0.55,0.91,1.2,,-56.3291,-37.7656,-21.9812
702724,家登元大59購02,2026-07-20,0.45,-0.39,-46.43,98000000,0,,是,,1.04,1.49,,,-45.9067,,
702746,精測凱基58購02,2026-07-20,0.72,-0.78,-52.0,13000000,0,,否,,2.91,3.81,5.05,,-38.0851,-35.5085,
702777,精測永豐59購01,2026-07-20,0.42,-0.14,-25.0,100000000,0,,是,,1.08,1.65,,,-51.3098,-20.4447,
702802,台特化元大59購01,2026-07-20,0.06,-0.03,-33.33,232000000,0,紅轉綠,是,,0.09,0.1,0.13,,-21.0526,-12.069,-16.5079
702808,高技元大5A購01,2026-07-20,0.15,0.02,15.38,10000000,0,綠縮,否,,0.21,0.26,0.33,,-32.9032,-16.9872,-28.5714
702829,勤凱統一6C購01,2026-07-20,0.8,-0.17,-17.53,2000000,0,,否,,1.19,1.51,,,-34.5055,,
702837,雙鴻中信59購03,2026-07-20,0.27,-0.1,-27.03,82000000,0,綠增,否,,0.33,0.41,0.53,,-33.3333,-23.5075,-16.0415
702850,創惟國票59購01,2026-07-20,0.09,0.0,0.0,35000000,0,,否,,0.17,0.23,0.29,,-43.5374,-28.3489,-15.8501
702885,高技元大5A購02,2026-07-20,0.52,-0.43,-45.26,147000000,0,,是,,1.33,1.62,,,-30.6569,,
702895,茂迪永豐58購01,2026-07-20,0.35,-0.3,-46.15,20000000,0,,否,,1.24,1.65,,,-39.8838,,
702919,高技元大5B購02,2026-07-20,0.23,0.0,0.0,10000000,0,,是,,0.55,0.64,0.91,,-24.3836,-26.4908,
702949,順達永豐58購01,2026-07-20,1.2,-1.37,-53.31,45000000,0,,是,,3.9,4.75,5.49,,-30.3571,-13.0673,
702977,新復興國泰57購01,2026-07-20,0.57,0.08,16.33,1000000,0,,是,,0.49,0.49,0.64,,2.9167,-29.9281,
703013,高技國票57購03,2026-07-20,0.01,-0.03,-75.0,220000000,0,,是,,0.21,0.39,,,-62.1908,-50.2551,
703030,金益鼎凱基5A購01,2026-07-20,0.62,-0.05,-7.46,45000000,0,,是,,0.75,0.87,1.12,,-24.2424,-21.1957,
703036,元太群益5B購01,2026-07-20,0.61,-0.04,-6.15,33000000,0,,否,,0.77,0.93,,,-28.7823,-18.1658,
703045,雙鴻中信5C購02,2026-07-20,0.55,-0.09,-14.06,164000000,0,,否,,0.76,0.88,,,-23.6948,,
703047,順達永豐58購02,2026-07-20,0.54,-0.5,-48.08,50000000,0,,否,,1.78,1.84,2.53,,-6.7156,-21.9161,
703048,順達永豐5A購01,2026-07-20,0.8,-0.41,-33.88,32000000,0,,否,,1.7,1.75,1.82,,-5.4384,-1.6826,-12.6984
703049,順達永豐5C購01,2026-07-20,3.59,-1.21,-25.21,48000000,0,,否,,6.31,6.31,6.64,,-0.0317,3.257,
703075,台特化元大5A購01,2026-07-20,0.13,-0.04,-23.53,415000000,0,綠增,是,,0.15,0.18,0.22,,-26.4706,-26.8595,-18.2657
703113,雙鴻凱基5A購01,2026-07-20,0.15,-0.04,-21.05,5000000,0,,是,,0.28,0.73,,,-76.2309,,
703137,璟德統一5C購01,2026-07-20,0.15,-0.01,-6.25,113000000,0,綠縮,否,,0.21,0.25,0.4,,-29.4521,-41.8224,-14.7402
703186,光頡凱基58購01,2026-07-20,6.65,-1.85,-21.76,40000000,0,,是,,17.49,19.0,,,-14.7661,9.6653,
703197,M31富邦58購02,2026-07-20,0.85,0.33,63.46,60000000,0,,是,,0.89,,,,,,
703267,騰雲永豐58購01,2026-07-20,0.7,-0.26,-27.08,23000000,0,,是,,0.83,0.79,0.87,,9.2348,-0.5019,
703271,湧德統一5C購02,2026-07-20,0.18,-0.01,-5.26,18000000,0,,是,,0.26,0.28,0.33,,-12.5828,-5.0336,
703295,信驊群益5B購02,2026-07-20,3.7,-0.76,-17.04,20000000,0,,是,,4.77,6.31,,,-39.2357,,
703320,鈊象中信61購01,2026-07-20,0.25,0.0,0.0,8000000,0,綠增,否,,0.39,0.4,0.42,,-7.2115,-6.5268,-3.6005
703324,金益鼎永豐5A購01,2026-07-20,0.38,-0.03,-7.32,4000000,0,,是,,0.5,0.61,,,-30.7263,,
703326,健喬永豐59購01,2026-07-20,0.49,-0.09,-15.52,20000000,0,,是,,0.67,0.62,,,17.2535,1.3136,
703327,順達永豐59購01,2026-07-20,0.69,-0.6,-46.51,20000000,0,,是,,1.47,1.54,,,-8.4577,-11.188,
703343,台星科凱基59購01,2026-07-20,1.69,-0.57,-25.22,10000000,0,,是,,3.38,3.79,,,-19.6386,,
703366,威剛國票58購01,2026-07-20,1.15,-0.99,-46.26,16000000,0,,否,,3.87,4.27,,,-17.0523,,
703368,威剛國票59購02,2026-07-20,2.31,-0.44,-16.0,1059000000,0,綠增,是,,3.86,4.46,4.94,,-23.704,-15.0458,-15.3774
703371,富喬國票5B購01,2026-07-20,0.29,-0.1,-25.64,4000000,0,綠增,是,,0.54,0.81,0.91,,-50.0,-24.7919,-20.0706
703372,富喬國票61購01,2026-07-20,0.66,-0.24,-26.67,5000000,0,,是,,1.58,1.95,,,-31.8691,-19.2053,
703389,富喬統一65購01,2026-07-20,0.23,-0.03,-11.54,598000000,0,綠增,是,,0.3,0.36,0.39,,-25.9804,-16.8618,-5.4612
703390,撼訊統一65購01,2026-07-20,0.3,-0.02,-6.25,7000000,0,,否,,0.37,0.41,,,-18.0617,-17.4,
703396,信驊元富5A購02,2026-07-20,3.18,0.0,0.0,5000000,0,,是,,5.16,6.06,,,-26.0258,,
703401,富喬中信61購01,2026-07-20,0.09,-0.11,-55.0,80000000,0,,是,,0.27,0.33,0.36,,-30.9278,-13.4565,
703407,富喬永豐5A購01,2026-07-20,0.08,-0.05,-38.46,2000000,0,,是,,0.29,0.34,,,-28.8557,,
703418,富喬元大5B購01,2026-07-20,0.24,0.06,33.33,218000000,0,綠增,是,,0.31,0.44,0.48,,-44.484,-24.6552,-14.1197
703419,富喬元大5C購01,2026-07-20,0.32,-0.07,-17.95,3000000,0,綠增,否,,0.44,0.59,0.66,,-39.5095,-19.9728,-11.5385
703420,富喬元大61購02,2026-07-20,0.24,-0.1,-29.41,7000000,0,,是,,0.5,0.64,0.67,,-35.0515,-10.4895,-13.6481
703431,健喬凱基59購01,2026-07-20,0.54,-0.02,-3.57,9000000,0,,是,,0.63,0.64,,,-2.1807,3.0844,
703432,湧德凱基59購01,2026-07-20,0.11,-0.04,-26.67,10000000,0,,是,,0.42,0.85,,,-66.875,,
703441,晟田國票59購01,2026-07-20,4.52,-1.18,-20.7,79000000,0,紅縮,否,,4.74,3.78,2.47,,67.8951,92.2686,60.4025
703450,生合永豐59購01,2026-07-20,0.03,-0.01,-25.0,50000000,0,,是,,,,,,,,
703466,台燿統一5C購03,2026-07-20,4.02,-0.31,-7.16,20000000,0,,是,,6.4,7.38,7.38,,-23.3054,-3.6945,
703468,宏捷科統一71購01,2026-07-20,0.52,-0.05,-8.77,548000000,0,綠增,是,,0.61,0.67,0.76,,-16.9399,-11.3757,-10.2881
703473,欣銓統一6C購01,2026-07-20,1.15,-0.15,-11.54,250000000,0,綠增,是,,1.35,1.45,1.43,,-12.5485,-4.1032,-1.6124
703475,茂迪統一65購01,2026-07-20,0.49,-0.01,-2.0,102000000,0,綠增,是,,0.53,0.56,0.65,,-10.1351,-10.5096,-7.0362
703477,雙鴻統一61購04,2026-07-20,0.19,-0.07,-26.92,10000000,0,綠增,否,,0.21,0.26,0.31,,-30.5195,-19.9387,-13.4535
703478,穩得統一65購01,2026-07-20,0.45,-0.01,-2.17,142000000,0,,否,,0.68,0.72,0.78,,-10.705,-7.1703,
703483,穩懋統一6C購01,2026-07-20,1.42,-0.11,-7.19,1000000,0,綠增,否,,1.88,2.14,2.56,,-21.6194,-15.0973,-11.9663
703522,矽科富邦59購01,2026-07-20,0.22,-0.08,-26.67,378000000,0,綠增,否,,0.37,0.51,0.55,,-43.1193,-26.8188,-12.2088
703528,系統電元大5A購01,2026-07-20,0.06,-0.05,-45.45,60000000,0,綠增,否,,0.16,0.28,0.42,,-61.3861,-35.1852,-29.602
703534,欣銓元大59購01,2026-07-20,2.1,-0.66,-23.91,41000000,0,,否,,2.98,3.32,,,-18.7773,,
703548,聖暉*元大59購02,2026-07-20,3.24,-0.07,-2.11,21000000,0,,否,,3.76,4.61,4.12,,-31.1859,-3.2921,5.2047
703581,臺慶科凱基5C購01,2026-07-20,2.85,-0.52,-15.43,113000000,0,綠增,是,,4.63,6.35,7.95,,-42.6022,-28.9597,-10.6655
703589,佶優元富5A購01,2026-07-20,0.62,0.0,0.0,1000000,0,,否,,0.59,0.71,0.79,,-27.7372,-17.77,-15.7838
703599,世禾國票59購01,2026-07-20,0.18,-0.05,-21.74,211000000,0,紅轉綠,否,,0.33,0.35,0.39,,-9.7297,-4.3478,-1.2723
703602,亞電國票58購01,2026-07-20,4.45,1.69,61.23,50000000,0,,是,,2.78,3.1,3.34,,-18.7829,-18.1338,
703605,矽科國票58購01,2026-07-20,0.02,-0.03,-60.0,700000000,0,,是,,0.07,0.18,0.28,,-77.7027,-51.4745,
703606,青雲國票58購01,2026-07-20,53.5,-7.0,-11.57,1000000,0,,否,,71.0,81.0,,,-21.978,,
703609,創泓國票58購01,2026-07-20,0.2,-0.01,-4.76,10000000,0,,否,,0.19,0.11,,,370.0,153.3333,
703617,金益鼎統一6C購01,2026-07-20,0.54,-0.03,-5.26,134000000,0,,否,,0.59,0.61,0.68,,-7.2327,-6.6971,-5.9722
703618,長科*統一64購01,2026-07-20,1.15,-0.36,-23.84,17000000,0,綠增,否,,1.62,1.84,1.96,,-21.6085,-8.5899,-3.6444
703619,家登統一6C購01,2026-07-20,0.65,-0.08,-10.96,97000000,0,綠增,否,,0.82,0.87,0.92,,-11.4719,-6.2433,-2.6525
703621,世禾凱基59購01,2026-07-20,0.08,-0.02,-20.0,54000000,0,綠增,否,,0.16,0.19,0.22,,-27.027,-26.7176,-18.7732
703622,台星科凱基59購02,2026-07-20,0.93,-0.51,-35.42,49000000,0,,否,,2.46,2.93,,,-27.4013,-15.9782,
703630,聖暉*凱基59購01,2026-07-20,3.5,-0.77,-18.03,1000000,0,,否,,4.94,6.03,5.1,,-30.7714,1.6512,
703639,台特化國票5A購01,2026-07-20,0.03,0.0,0.0,102000000,0,,否,,0.05,0.1,,,-66.2162,,
703641,宜鼎國票58購01,2026-07-20,17.0,-2.3,-11.92,3000000,0,,是,,34.1,40.88,,,-28.4515,-10.4098,
703642,匯鑽科國票59購01,2026-07-20,0.02,0.0,0.0,15000000,0,,否,,0.05,0.08,,,-56.1404,-37.8788,
703643,新應材國票5A購01,2026-07-20,0.2,-0.01,-4.76,100000000,0,,是,,0.46,0.58,,,-34.6591,-43.8766,
703664,家登凱基59購03,2026-07-20,0.46,-0.5,-52.08,10000000,0,,否,,1.59,2.22,2.55,,-44.1486,-21.4134,
703690,家登國票59購01,2026-07-20,0.5,0.13,35.14,2000000,0,綠增,否,,0.99,1.48,1.71,,-49.4405,-26.2948,-18.8657
703720,精材國泰58購01,2026-07-20,13.2,-2.4,-15.38,13000000,0,,是,,13.74,11.36,,,53.1773,66.7646,
703725,宜鼎元大5B購01,2026-07-20,4.06,-1.04,-20.39,119000000,0,,是,,7.45,,,,,,
703745,加百裕永豐5A購01,2026-07-20,0.16,-0.09,-36.0,150000000,0,,是,,0.29,0.37,0.53,,-34.6667,-25.1509,
703754,原相永豐59購01,2026-07-20,0.61,0.07,12.96,105000000,0,綠增,否,,1.03,1.73,1.93,,-57.743,-27.6194,-16.1087
703771,系統電凱基5C購01,2026-07-20,0.3,-0.15,-33.33,100000000,0,,否,,0.66,0.94,1.53,,-45.6486,-35.4839,
703776,精材凱基58購01,2026-07-20,13.9,-2.4,-14.72,114000000,0,,是,,8.27,,,,,,
703785,世界國票61購01,2026-07-20,2.69,-0.87,-24.44,118000000,0,,是,,3.67,3.95,4.3,,-12.9384,-19.4818,
703792,點序國票58購01,2026-07-20,0.01,0.0,0.0,10000000,0,,否,,0.08,0.38,,,-87.7612,,
703802,穩懋群益59購01,2026-07-20,3.18,-0.92,-22.44,1000000,0,,,,,,,,,,
703837,系統電元大5B購02,2026-07-20,0.11,-0.01,-8.33,14000000,0,綠增,否,,0.2,0.27,0.35,,-40.6977,-25.9459,-24.0642
703851,穩懋凱基59購02,2026-07-20,2.62,-1.45,-35.63,14000000,0,,否,,5.83,8.33,12.8,,-46.2362,-38.6755,
703858,廣運富邦59購01,2026-07-20,0.01,-0.02,-66.67,40000000,0,,否,,0.07,0.19,,,-78.481,-52.4752,
703861,世界統一71購01,2026-07-20,0.76,-0.15,-16.48,41000000,0,綠增,是,,0.89,1.03,1.03,,-23.3276,-11.512,0.6382
703862,巨漢統一61購01,2026-07-20,0.97,-0.21,-17.8,90000000,0,,是,,1.24,1.3,1.37,,-8.7977,-6.5233,
703863,弘塑統一61購01,2026-07-20,1.58,-0.04,-2.47,10000000,0,,是,,2.1,2.49,2.32,,-27.5242,-0.9531,
703870,富強鑫統一61購01,2026-07-20,0.16,-0.04,-20.0,220000000,0,,是,,0.23,0.21,,,14.1414,,
703873,崴寶統一71購01,2026-07-20,0.89,-0.03,-3.26,15000000,0,綠增,是,,0.97,1.02,1.09,,-8.6304,-5.1163,-4.5912
703874,鉅橡統一61購01,2026-07-20,0.4,-0.1,-20.0,96000000,0,,是,,0.7,0.94,,,-41.4141,,
703878,精材統一71購01,2026-07-20,1.78,-0.13,-6.81,82000000,0,紅縮,是,,1.96,1.81,1.54,,18.2367,20.1463,18.854
703879,臺慶科統一71購01,2026-07-20,0.94,-0.14,-12.96,73000000,0,,是,,1.29,1.62,1.68,,-33.9836,-14.7601,
703880,穩懋統一61購02,2026-07-20,1.43,-0.49,-25.52,11000000,0,,是,,2.22,2.73,,,-31.4198,-30.4027,
703881,穩懋統一61購03,2026-07-20,1.4,-0.17,-10.83,23000000,0,,是,,2.24,2.91,,,-37.1781,-17.1274,
703906,鉅橡永豐5A購01,2026-07-20,0.31,-0.12,-27.91,30000000,0,,否,,1.41,1.54,,,-15.3846,,
703914,聖暉*凱基61購01,2026-07-20,4.08,-0.65,-13.74,10000000,0,,否,,5.08,4.72,,,16.4986,,
703923,創惟國票61購01,2026-07-20,0.32,-0.03,-8.57,115000000,0,綠增,否,,0.48,0.56,0.62,,-24.6875,-12.6168,-8.7912
703954,世界永豐5A購01,2026-07-20,2.01,-1.03,-33.88,5000000,0,綠增,否,,3.11,4.15,4.17,,-40.2692,-20.6534,-1.9532
703962,中美晶統一61購01,2026-07-20,2.52,-0.3,-10.64,5000000,0,紅縮,是,,2.56,2.09,1.64,,58.4672,42.1482,31.16
703963,中探針統一71購01,2026-07-20,4.62,-0.58,-11.15,23000000,0,,是,,5.62,6.15,6.57,,-15.8084,-11.6092,
703964,世禾統一65購01,2026-07-20,0.35,-0.03,-7.89,300000000,0,,是,,0.42,0.42,0.43,,0.0,-0.939,
703966,台半統一71購01,2026-07-20,1.17,-0.16,-12.03,40000000,0,,是,,1.57,1.64,,,-7.1934,,
703967,台半統一71購02,2026-07-20,0.82,-0.12,-12.77,28000000,0,綠增,是,,1.18,1.43,1.39,,-29.6429,-7.8558,1.8328
703968,台星科統一71購01,2026-07-20,0.71,-0.05,-6.58,40000000,0,綠增,是,,0.8,0.88,0.92,,-15.7563,-8.0713,-2.6022
703975,佶優統一71購01,2026-07-20,0.43,-0.05,-10.42,21000000,0,綠增,是,,0.51,0.59,0.64,,-23.7389,-11.4754,-5.6255
703980,順達統一61購01,2026-07-20,0.61,-0.31,-33.7,16000000,0,,否,,1.06,1.03,1.05,,4.5455,0.388,-4.5888
703983,精材統一61購01,2026-07-20,2.9,-0.11,-3.65,1000000,0,紅縮,否,,3.1,2.66,2.09,,39.5495,29.4547,27.0188
703991,元債20凱基71購01,2026-07-20,1.09,0.0,0.0,121000000,0,,是,,1.09,1.09,,,0.3683,,
703992,台星科凱基58購01,2026-07-20,0.55,-0.14,-20.29,24000000,0,,否,,1.55,2.23,,,-46.6253,,
703998,信驊凱基5A購01,2026-07-20,8.0,-0.25,-3.03,2000000,0,,否,,10.88,,,,,,
704003,精材國泰58購02,2026-07-20,12.2,-2.0,-14.08,169000000,0,,,,,,,,,,
704011,元太統一61購01,2026-07-20,0.38,-0.07,-15.56,29000000,0,綠增,否,,0.5,0.6,0.69,,-27.8736,-19.2722,-10.7422
704012,世禾統一71購01,2026-07-20,0.42,-0.02,-4.55,2000000,0,,否,,0.47,0.47,,,0.8547,-7.2978,
704013,台半統一61購01,2026-07-20,0.89,-0.25,-21.93,1000000,0,,否,,1.66,1.55,,,14.5028,5.9345,
704014,台星科統一61購01,2026-07-20,0.47,-0.03,-6.0,13000000,0,,否,,0.64,0.69,,,-11.8132,,
704015,台燿統一71購01,2026-07-20,1.85,-0.24,-11.48,25000000,0,,是,,2.54,3.02,,,-27.46,-13.0585,
704016,巨漢統一61購02,2026-07-20,0.83,-0.15,-15.31,2000000,0,,是,,1.11,1.15,,,-6.0811,,
704017,巨漢統一71購01,2026-07-20,1.0,-0.23,-18.7,10000000,0,,否,,1.18,1.23,1.24,,-6.4771,-2.5457,
704021,矽科統一61購01,2026-07-20,0.44,-0.04,-8.33,604000000,0,綠增,是,,0.49,0.56,0.56,,-22.3642,-13.125,-4.418
704024,佶優統一61購01,2026-07-20,0.42,-0.07,-14.29,210000000,0,,是,,0.79,0.84,0.88,,-11.2613,-1.8735,
704025,創惟統一61購01,2026-07-20,0.3,0.02,7.14,5000000,0,,否,,0.37,0.41,0.44,,-17.0404,-10.5263,-4.3956
704026,精材統一61購02,2026-07-20,2.1,-0.19,-8.3,5000000,0,紅縮,否,,2.47,2.27,1.75,,18.4438,27.8246,28.7974
704029,穩懋統一71購02,2026-07-20,1.26,-0.1,-7.35,245000000,0,,是,,1.63,1.88,2.4,,-23.5019,-25.4646,
704051,信驊群益61購01,2026-07-20,4.29,0.03,0.7,22000000,0,,是,,5.26,6.35,,,-29.3011,-15.4461,
704060,世界永豐59購02,2026-07-20,1.48,-0.69,-31.8,61000000,0,綠增,否,,2.29,2.76,2.85,,-29.0402,-21.3166,3.6747
704062,巨漢永豐59購01,2026-07-20,1.12,-0.44,-28.21,10000000,0,,否,,1.94,,,,,,
704063,金益鼎永豐59購01,2026-07-20,0.14,-0.04,-22.22,20000000,0,,否,,0.29,0.46,0.76,,-55.5901,-36.6485,
704067,世界凱基59購01,2026-07-20,1.79,-1.07,-37.41,2000000,0,綠增,是,,3.43,4.89,4.45,,-46.0157,-14.9147,-1.6256
704069,巨漢凱基58購01,2026-07-20,0.46,-0.31,-40.26,79000000,0,,是,,1.16,1.49,1.96,,-35.9736,-23.5777,
704074,世紀*兆豐59購01,2026-07-20,0.01,0.0,0.0,4000000,0,,是,,0.04,0.06,0.05,,-52.5,15.6863,
704080,世禾富邦5C購01,2026-07-20,0.2,-0.04,-16.67,5000000,0,,否,,0.28,0.29,0.3,,-7.1895,-1.9934,-13.2756
704081,家登富邦59購02,2026-07-20,0.77,-0.21,-21.43,116000000,0,綠增,否,,1.29,1.49,1.61,,-23.3967,-12.3231,-8.9729
704085,世界統一61購02,2026-07-20,0.6,-0.25,-29.41,20000000,0,,否,,1.0,1.3,1.09,,-37.5,-0.1536,2.1576
704087,世紀*統一71購01,2026-07-20,0.18,-0.05,-21.74,195000000,0,,是,,0.25,0.26,0.23,,-7.5188,8.0169,
704090,台半統一71購03,2026-07-20,1.01,-0.21,-17.21,11000000,0,,否,,1.55,1.51,,,6.2927,7.2546,
704091,巨漢統一71購02,2026-07-20,0.93,-0.06,-6.06,783000000,0,綠增,是,,1.05,1.09,1.11,,-6.4171,-2.9491,-2.679
704093,系統電統一71購01,2026-07-20,0.31,-0.01,-3.12,74000000,0,綠增,是,,0.38,0.43,0.47,,-18.9873,-11.3636,-12.3262
704094,佳邦統一71購01,2026-07-20,0.32,-0.05,-13.51,100000000,0,綠增,是,,0.4,0.46,0.48,,-21.875,-8.2495,-6.8798
704095,矽科統一71購01,2026-07-20,0.7,-0.06,-7.89,40000000,0,,否,,0.83,0.85,,,-6.3492,-6.6667,
704096,金山電統一71購01,2026-07-20,1.36,-0.25,-15.53,3000000,0,,是,,1.75,2.07,,,-26.2405,-6.853,
704100,信昌電統一71購01,2026-07-20,1.79,-0.24,-11.82,6000000,0,,是,,2.37,2.82,2.78,,-27.7608,-11.0866,
704102,能率亞統一61購01,2026-07-20,1.38,-0.09,-6.12,1000000,0,綠縮,否,,1.27,1.34,1.39,,-10.7193,-9.1401,-2.733
704106,精材統一64購01,2026-07-20,2.35,-0.33,-12.31,3000000,0,,是,,2.32,2.05,1.69,,30.8126,27.4143,
704108,璟德統一71購01,2026-07-20,0.34,-0.02,-5.56,91000000,0,綠縮,是,,0.4,0.46,0.65,,-22.179,-29.6923,-12.2572
704109,穩懋統一61購05,2026-07-20,0.83,-0.19,-18.63,3000000,0,,否,,1.55,2.08,2.5,,-40.6274,-26.7065,-16.0604
704115,金益鼎國票61購01,2026-07-20,0.46,-0.07,-13.21,15000000,0,綠增,否,,0.57,0.66,0.82,,-24.1287,-20.0,-18.0814
704120,璟德國票58購02,2026-07-20,0.01,0.0,0.0,1000000,0,綠縮,否,,0.03,0.05,0.35,,-69.0476,-81.3559,-26.5675
704127,佳邦群益5A購01,2026-07-20,0.07,-0.01,-12.5,1000000,0,,否,,0.26,0.37,0.82,,-44.4915,-44.812,
704134,鑫科群益5A購01,2026-07-20,0.69,-0.18,-20.69,1000000,0,,否,,0.99,1.13,1.23,,-22.082,-8.664,-12.7977
704146,穩懋元大5B購03,2026-07-20,1.08,-0.16,-12.9,3000000,0,,否,,1.56,,,,,,
704166,鑫科國票58購02,2026-07-20,0.12,-0.11,-47.83,50000000,0,綠增,是,,0.44,0.63,0.74,,-46.7153,-28.0,-23.7087
704181,亞電群益58購02,2026-07-20,1.81,-0.12,-6.22,105000000,0,,是,,1.85,2.36,,,-35.8582,3.6419,
704196,泓格永豐59購01,2026-07-20,9.75,1.65,20.37,31000000,0,,是,,8.23,,,,,,
704203,中美晶統一71購01,2026-07-20,1.74,0.0,0.0,67000000,0,紅縮,是,,1.85,1.62,1.35,,34.3977,34.0249,23.5321
704204,元太統一61購02,2026-07-20,0.67,-0.03,-4.29,231000000,0,,是,,0.76,0.84,0.9,,-16.8122,-13.147,-9.5691
704205,世紀*統一61購01,2026-07-20,0.08,-0.02,-20.0,1090000000,0,紅轉綠,是,,0.12,0.13,0.12,,-10.1449,3.9683,2.6432
704206,世紀*統一71購03,2026-07-20,0.2,-0.01,-4.76,345000000,0,,是,,0.25,0.26,,,-3.0769,5.3498,
704207,合晶統一71購01,2026-07-20,4.68,-0.57,-10.86,181000000,0,紅縮,是,,5.42,4.86,3.91,,26.0708,29.8743,25.6661
704211,宜鼎統一63購01,2026-07-20,1.71,-0.24,-12.31,27000000,0,綠增,是,,2.27,2.68,3.31,,-26.9504,-20.826,-11.6264
704212,旺矽統一61購02,2026-07-20,2.61,-0.25,-8.74,211000000,0,綠增,是,,3.27,3.49,3.53,,-11.7996,-5.2103,2.3944
704214,旺矽統一71購01,2026-07-20,3.28,-0.07,-2.09,12000000,0,,是,,3.86,4.06,4.02,,-9.1294,-5.5206,0.6756
704218,信昌電統一71購02,2026-07-20,1.77,-0.28,-13.66,50000000,0,綠增,是,,2.55,3.21,3.29,,-33.9545,-10.5909,0.1977
704220,家登統一71購01,2026-07-20,0.6,-0.04,-6.25,503000000,0,綠增,是,,0.73,0.8,0.82,,-16.6287,-6.8287,-4.0445
704221,高鋒統一61購01,2026-07-20,0.24,-0.02,-7.69,10000000,0,綠增,是,,0.29,0.33,0.37,,-22.8723,-9.7561,-17.5281
704237,世界元大5A購02,2026-07-20,1.45,-0.45,-23.68,33000000,0,,是,,2.08,2.43,2.43,,-25.341,-17.8596,
704244,富喬元大5A購01,2026-07-20,0.38,0.0,0.0,10000000,0,綠增,是,,0.59,0.81,0.9,,-42.3301,-22.3709,-15.1917
704257,富喬永豐5C購01,2026-07-20,0.33,-0.07,-17.5,60000000,0,綠增,否,,0.53,0.72,0.85,,-41.1504,-26.5849,-15.998
704258,富喬永豐64購01,2026-07-20,0.59,-0.1,-14.49,221000000,0,綠增,是,,0.83,1.12,1.21,,-40.4286,-20.7801,-10.6667
704260,聖暉*永豐61購01,2026-07-20,2.99,-0.19,-5.97,1000000,0,,是,,4.25,4.17,3.6,,4.0627,13.073,
704261,世界兆豐59購02,2026-07-20,0.86,-0.61,-41.5,10000000,0,,是,,1.75,1.99,,,-21.3453,,
704262,宜鼎兆豐61購01,2026-07-20,6.45,-1.35,-17.31,5000000,0,綠增,是,,8.57,10.04,12.01,,-25.4783,-20.5463,-10.4881
704277,鈊象富邦5A購01,2026-07-20,0.34,0.04,13.33,1513000000,0,,是,,0.39,0.5,0.6,,-37.7419,-17.6759,-11.8907
704280,世界統一71購02,2026-07-20,0.6,-0.11,-15.49,709000000,0,綠增,是,,0.74,0.82,0.87,,-17.5556,-15.7084,1.9343
704282,宜鼎統一71購01,2026-07-20,2.0,-0.2,-9.09,45000000,0,綠增,否,,2.44,2.75,3.13,,-20.1571,-14.259,-9.1516
704287,富喬統一61購01,2026-07-20,0.11,-0.04,-26.67,21000000,0,綠增,否,,0.18,0.24,0.28,,-38.3562,-26.0188,-10.8626
704288,富喬統一61購02,2026-07-20,0.16,-0.05,-23.81,1116000000,0,綠增,是,,0.26,0.37,0.42,,-46.281,-25.7485,-14.6341
704290,富喬統一61購04,2026-07-20,0.19,-0.04,-17.39,1000000,0,綠增,否,,0.31,0.38,0.38,,-31.7181,-10.3286,-12.6292
704292,富喬統一65購02,2026-07-20,0.63,0.07,12.5,1000000,0,,是,,0.49,0.47,0.46,,8.9686,4.0179,-2.1482
704294,富喬統一71購01,2026-07-20,0.31,-0.04,-11.43,604000000,0,綠增,是,,0.39,0.44,0.48,,-21.2245,-14.4531,-4.7
704295,富喬統一71購02,2026-07-20,0.27,-0.03,-10.0,5000000,0,綠增,否,,0.34,0.4,0.42,,-27.5862,-13.7931,-6.264
704308,鈊象兆豐59購01,2026-07-20,0.32,0.06,23.08,10000000,0,綠縮,是,,0.36,0.52,0.56,,-46.3127,-18.8474,-16.5185
704321,勤凱元大61購02,2026-07-20,1.05,-0.17,-13.93,10000000,0,,是,,1.77,,,,,,
704339,精測群益59購02,2026-07-20,0.43,-0.07,-14.0,10000000,0,綠縮,否,,0.64,0.95,1.57,,-48.9699,-45.8523,-16.0395
704341,力旺富邦59購01,2026-07-20,2.07,-0.14,-6.33,24000000,0,,,,,,,,,,
704346,精測富邦59購01,2026-07-20,0.63,-0.01,-1.56,276000000,0,,是,,0.81,,,,,,
704347,世界統一5C購02,2026-07-20,0.48,-0.22,-31.43,7000000,0,,是,,0.87,1.16,0.98,,-40.4664,-2.5963,1.3506
704351,精測統一61購01,2026-07-20,0.43,0.06,16.22,101000000,0,綠縮,是,,0.44,0.51,0.66,,-23.7931,-21.6258,-11.4842
704352,精測統一61購02,2026-07-20,0.3,-0.1,-25.0,287000000,0,,是,,0.56,0.7,0.78,,-32.7751,-19.0035,
704353,精測統一71購01,2026-07-20,0.95,0.01,1.06,172000000,0,綠縮,否,,1.03,1.16,1.37,,-20.0,-15.9305,-9.343
704361,華容永豐5C購01,2026-07-20,3.38,-0.74,-17.96,10000000,0,綠增,否,,5.25,5.96,4.64,,-21.3365,9.0144,24.0669
704365,精測永豐5A購01,2026-07-20,0.42,-0.12,-22.22,45000000,0,綠增,否,,0.69,1.03,1.7,,-49.8542,-46.1579,-15.5031
704370,世界國票5B購01,2026-07-20,0.94,-0.32,-25.4,286000000,0,綠增,否,,1.37,1.62,1.81,,-26.3948,-24.639,2.6659
704372,長科*國票58購02,2026-07-20,0.76,-0.39,-33.91,80000000,0,綠增,是,,1.97,3.12,3.91,,-53.8858,-31.632,-8.9344
704373,精測國票5A購01,2026-07-20,0.3,-0.05,-14.29,5000000,0,,否,,0.69,1.1,1.29,,-54.4371,-27.5544,
704374,精測國票5A購02,2026-07-20,0.31,-0.05,-13.89,18000000,0,,否,,0.65,0.84,1.07,,-36.8421,-30.7692,-9.818
704377,精測兆豐59購01,2026-07-20,0.22,-0.08,-26.67,7000000,0,,否,,0.71,1.08,,,-51.0989,,
704378,力旺台新57購01,2026-07-20,3.15,-0.41,-11.52,297000000,0,,,,,,,,,,
704381,鈊象凱基5A購01,2026-07-20,1.29,0.09,7.5,47000000,0,,是,,1.65,2.04,2.11,,-31.6529,-6.9863,-3.9216
704387,家登國泰58購02,2026-07-20,0.73,-0.95,-56.55,63000000,0,綠增,否,,1.87,2.57,2.91,,-42.8484,-22.0673,-14.1067
704397,精測元大57購03,2026-07-20,0.01,0.0,0.0,10000000,0,,否,,0.02,0.1,0.36,,-85.7143,-76.2963,
704400,宜鼎富邦61購01,2026-07-20,1.64,-0.41,-20.0,50000000,0,,是,,3.44,4.19,,,-30.2674,-12.5104,
704401,信昌電富邦5C購01,2026-07-20,4.2,-0.95,-18.45,3000000,0,,是,,9.43,9.78,8.56,,-7.002,9.2686,
704406,亞電永豐59購01,2026-07-20,2.61,0.62,31.16,17000000,0,綠縮,是,,1.9,2.13,2.55,,-19.6112,-19.8648,0.3944
704407,長科*永豐58購01,2026-07-20,0.49,-1.63,-76.89,16000000,0,,是,,3.39,4.44,3.75,,-38.2963,-9.0872,
704409,精測永豐5A購02,2026-07-20,0.27,-0.1,-27.03,44000000,0,,否,,0.49,0.76,1.11,,-52.6316,-41.3953,
704418,精測群益59購03,2026-07-20,0.15,-0.06,-28.57,547000000,0,,是,,0.61,1.14,1.3,,-63.8425,-29.0423,
704419,力旺元大5A購01,2026-07-20,1.51,-0.25,-14.2,34000000,0,,是,,1.95,,,,,,
704423,家登元大57購02,2026-07-20,0.01,-0.49,-98.0,1000000,0,,是,,0.64,0.69,,,-14.0541,-27.8069,
704426,精材元大5B購01,2026-07-20,5.75,-0.55,-8.73,13000000,0,,是,,4.92,,,,,,
704435,長科*凱基57購02,2026-07-20,0.06,-0.49,-89.09,485000000,0,,是,,1.66,4.03,,,-74.015,-24.5082,
704440,久元國票58購01,2026-07-20,0.22,-0.1,-31.25,40000000,0,,是,,0.42,0.73,0.96,,-59.5785,-35.6453,-26.3077
704443,能率亞國票58購02,2026-07-20,0.44,-0.33,-42.86,69000000,0,綠增,是,,0.61,0.78,0.92,,-35.5789,-23.3562,-4.4583
704463,長科*凱基58購01,2026-07-20,0.48,-1.51,-75.88,30000000,0,,是,,1.98,3.28,,,-56.9874,3.4646,
704465,能率亞凱基58購01,2026-07-20,0.36,-0.34,-48.57,24000000,0,綠增,是,,0.52,0.67,0.79,,-36.5854,-24.8036,-18.342
704474,亞電國票57購01,2026-07-20,0.7,0.33,89.19,73000000,0,,是,,0.58,0.84,0.91,,-47.1869,-30.6996,
704475,亞電國票58購02,2026-07-20,1.16,0.49,73.13,684000000,0,綠縮,是,,0.74,0.83,1.21,,-19.6507,-30.1775,-13.5424
704481,中探針元大61購01,2026-07-20,4.67,-0.83,-15.09,8000000,0,,是,,7.1,7.58,8.26,,-11.7516,-8.8207,
704491,湧德元大5B購01,2026-07-20,0.23,-0.07,-23.33,80000000,0,綠增,是,,0.38,0.47,0.5,,-32.0144,-9.8456,-10.772
704507,亞電永豐5B購01,2026-07-20,2.08,0.03,1.46,267000000,0,綠轉紅,否,,1.71,1.62,1.79,,12.1728,-0.674,-4.1389
704515,亞電元富57購01,2026-07-20,1.8,0.62,52.54,58000000,0,,是,,1.51,1.63,,,-14.4154,5.6202,
704516,亞電元富57購02,2026-07-20,1.81,0.79,77.45,50000000,0,,是,,1.94,2.2,,,-20.9283,9.7853,
704517,亞電元富57購03,2026-07-20,0.33,0.18,120.0,27000000,0,,是,,0.36,0.58,0.9,,-55.7214,-43.0255,0.8451
704525,亞電群益58購03,2026-07-20,2.2,-0.1,-4.35,52000000,0,,是,,2.18,1.81,,,50.0,-2.7852,
704534,台半統一5C購04,2026-07-20,0.98,-0.22,-18.33,6000000,0,綠增,是,,1.69,2.29,2.12,,-41.5746,-14.3071,2.2689
704540,宏捷科統一61購03,2026-07-20,0.26,-0.06,-18.75,5000000,0,,否,,0.62,0.73,,,-25.0,,
704543,宜鼎統一66購01,2026-07-20,1.2,-0.11,-8.4,10000000,0,綠增,是,,1.65,1.97,2.42,,-28.0594,-25.577,-11.0193
704544,宜鼎統一71購02,2026-07-20,1.21,-0.14,-10.37,6000000,0,,否,,1.63,1.85,2.07,,-21.3873,-15.3425,-6.6036
704546,長科*統一71購01,2026-07-20,0.67,-0.06,-8.22,30000000,0,綠增,否,,0.83,0.95,1.06,,-23.3333,-10.6742,-6.0835
704549,茂迪統一5B購01,2026-07-20,0.56,-0.03,-5.08,2000000,0,,是,,0.63,0.8,0.92,,-33.8205,-19.4332,
704550,能率亞統一61購02,2026-07-20,0.63,-0.17,-21.25,33000000,0,,是,,0.69,0.74,0.77,,-11.9593,-9.2138,-1.1524
704551,能率亞統一71購01,2026-07-20,0.63,-0.09,-12.5,120000000,0,綠增,是,,0.67,0.71,0.72,,-10.9043,-5.0734,-1.296
704552,順達統一63購01,2026-07-20,0.94,-0.21,-18.26,10000000,0,綠增,是,,1.32,1.33,1.36,,-0.7496,-4.7994,-2.6081
704553,雍智統一71購01,2026-07-20,3.58,-0.48,-11.82,4000000,0,,是,,4.78,5.14,5.23,,-13.1273,1.281,
704567,萬泰科永豐5B購01,2026-07-20,3.44,-2.26,-39.65,50000000,0,,是,,6.92,7.22,,,-8.0053,-10.7664,
704581,原相元大57購01,2026-07-20,0.01,-0.1,-90.91,30000000,0,,是,,0.68,0.86,0.9,,-34.7992,-4.0,
704588,長科*富邦58購01,2026-07-20,0.58,-0.23,-28.4,1000000,0,,是,,1.95,2.16,2.2,,-17.7365,-11.0103,
704590,能率亞統一63購01,2026-07-20,0.65,-0.14,-17.72,598000000,0,綠增,是,,0.71,0.75,0.78,,-11.2782,-7.6074,0.1276
704591,能率亞統一71購02,2026-07-20,0.92,-0.1,-9.8,181000000,0,綠增,否,,0.95,0.99,1.02,,-7.9304,-4.5192,-0.7303
704617,宜鼎群益58購02,2026-07-20,4.65,-0.18,-3.73,20000000,0,,是,,7.78,,,,,,
704628,中光電統一61購01,2026-07-20,0.29,0.01,3.57,1000000,0,,否,,0.34,0.35,,,-2.8409,,
704637,智通*永豐59購01,2026-07-20,0.74,-0.11,-12.94,190000000,0,紅轉綠,是,,0.88,0.87,0.79,,1.8518,5.314,9.2541
704638,廣運永豐61購01,2026-07-20,0.08,-0.04,-33.33,10000000,0,,否,,0.2,0.24,,,-29.2857,-25.0784,
704648,竹陞凱基57購04,2026-07-20,3.28,0.64,24.24,10000000,0,,是,,4.42,4.3,,,5.6938,,
704654,宜鼎國泰58購03,2026-07-20,6.8,-1.25,-15.53,8000000,0,,否,,12.62,14.86,16.8,,-26.1988,-17.2606,
704665,鈊象元大5C購01,2026-07-20,0.7,0.05,7.69,609000000,0,綠增,是,,0.79,0.95,1.03,,-29.4434,-12.1996,-10.1836
704678,中光電永豐59購01,2026-07-20,0.67,0.03,4.69,1105000000,0,,是,,1.08,1.28,0.95,,-26.8657,15.3707,
704687,M31凱基5A購01,2026-07-20,0.42,0.1,31.25,40000000,0,,是,,0.61,0.87,1.16,,-45.922,-29.407,
704702,竹陞元大5A購01,2026-07-20,2.3,0.4,21.05,1000000,0,,是,,2.16,2.33,,,-13.8069,-5.8135,
704711,精材元大59購01,2026-07-20,3.1,-1.1,-26.19,5000000,0,,是,,3.93,3.11,2.42,,71.0183,58.3927,
704712,精材元大61購04,2026-07-20,2.83,0.01,0.35,1000000,0,紅縮,是,,3.07,2.58,2.01,,46.1905,31.9551,30.7542
704722,巨漢永豐58購02,2026-07-20,1.0,-0.52,-34.21,1000000,0,,否,,2.11,,,,,,
704733,鑫聯永豐5A購01,2026-07-20,1.71,-0.32,-15.76,93000000,0,紅轉綠,是,,2.44,2.41,2.57,,2.6029,-4.6998,-14.6151
704738,竹陞凱基58購01,2026-07-20,0.31,-0.28,-47.46,3000000,0,,是,,0.3,0.6,0.85,,-67.1806,-36.1905,
704743,竹陞國票59購01,2026-07-20,1.41,0.25,21.55,62000000,0,,否,,1.14,1.46,1.57,,-36.3942,-12.6196,
704746,長科*國票59購01,2026-07-20,0.37,-0.1,-21.28,553000000,0,綠增,否,,0.81,1.29,1.72,,-54.0113,-27.088,-16.1779
704751,穩懋兆豐5A購01,2026-07-20,0.88,-0.22,-20.0,93000000,0,,是,,1.7,2.56,,,-50.2636,,
704752,中美晶元大58購02,2026-07-20,4.67,-1.08,-18.78,100000000,0,,是,,3.68,2.94,,,66.4855,52.1987,
704758,竹陞元大58購02,2026-07-20,0.22,0.06,37.5,1000000,0,,否,,0.57,0.47,,,55.7377,-20.8122,
704760,宜鼎元大5A購03,2026-07-20,3.07,-0.58,-15.89,10000000,0,,,,,,,,,,
704770,宜特永豐59購02,2026-07-20,0.12,-0.03,-20.0,38000000,0,綠增,是,,0.25,0.39,0.42,,-50.7752,-19.4561,-19.0385
704771,東浦永豐5A購01,2026-07-20,1.36,-0.02,-1.45,25000000,0,,是,,1.77,1.87,1.87,,-10.1626,-11.5949,15.8971
704781,點序群益62購01,2026-07-20,0.16,-0.06,-27.27,245000000,0,,是,,0.33,0.4,0.54,,-29.4872,-18.4049,
704786,信驊凱基5A購02,2026-07-20,4.95,0.18,3.77,11000000,0,,是,,,,,,,,
704787,信驊凱基61購01,2026-07-20,6.9,-0.85,-10.97,3000000,0,,否,,9.02,,,,,,
704791,擎亞凱基58購04,2026-07-20,5.65,0.0,0.0,6000000,0,綠增,是,,8.93,9.62,8.78,,-13.3851,0.3652,11.6443
704793,擎亞永豐5A購02,2026-07-20,3.8,-2.2,-36.67,12000000,0,,是,,11.3,11.04,9.38,,4.9211,18.5922,
704795,世紀*群益59購01,2026-07-20,0.01,0.0,0.0,7000000,0,,是,,0.02,,,,,,
704797,信驊群益58購01,2026-07-20,2.8,-0.27,-8.79,8000000,0,,是,,5.15,,,,,,
704800,世界元大58購07,2026-07-20,0.72,-0.58,-44.62,70000000,0,,是,,1.65,2.11,1.74,,-35.8755,5.3973,
704807,宜鼎元大5A購04,2026-07-20,3.45,-0.61,-15.02,10000000,0,,,,,,,,,,
704808,信驊元大58購01,2026-07-20,1.42,-1.23,-46.42,18000000,0,,是,,4.28,4.22,4.86,,2.9313,-17.0171,
704815,擎亞元大58購03,2026-07-20,1.62,-0.12,-6.9,109000000,0,綠增,否,,2.65,3.04,2.92,,-22.947,-3.2463,9.514
704828,亞電國票58購03,2026-07-20,4.99,1.17,30.63,2000000,0,,否,,4.72,4.05,,,39.1972,,
704831,信驊國票5C購01,2026-07-20,2.98,-0.65,-17.91,50000000,0,,是,,3.49,4.38,,,-33.7505,,
704838,擎亞國票58購03,2026-07-20,3.3,-0.75,-18.52,1000000,0,綠增,是,,5.86,6.29,5.57,,-12.7976,-0.317,8.6375
704839,擎亞國票5A購01,2026-07-20,3.12,-0.06,-1.89,24000000,0,紅轉綠,是,,5.36,5.42,4.79,,-2.0453,2.8853,7.8628
704842,台星科富邦5B購01,2026-07-20,0.41,-0.07,-14.58,551000000,0,,否,,0.63,0.85,,,-41.0882,-21.5741,
704845,信驊富邦5B購01,2026-07-20,3.39,-0.52,-13.3,23000000,0,,是,,3.99,4.64,,,-24.5083,,
704846,智通*富邦5A購01,2026-07-20,0.56,-0.03,-5.08,2379000000,0,紅縮,否,,0.63,0.62,0.56,,5.3333,9.2199,7.6329
704847,智通*富邦5B購01,2026-07-20,0.31,-0.06,-16.22,500000000,0,,是,,0.4,0.38,0.34,,6.4516,5.7851,
704848,順達富邦5A購01,2026-07-20,0.38,-0.72,-65.45,10000000,0,,否,,1.35,1.35,1.47,,0.4451,-9.5111,
704852,雙鴻富邦5A購01,2026-07-20,0.49,-0.14,-22.22,939000000,0,,是,,0.71,0.96,1.28,,-41.2252,-26.0601,-16.7909
704861,精材凱基58購02,2026-07-20,11.4,-2.4,-17.39,1000000,0,,是,,9.69,7.94,,,56.5934,,
704866,中光電元大58購05,2026-07-20,0.1,-0.31,-75.61,1000000,0,,否,,0.46,0.47,,,-4.6025,49.2013,
704880,榮剛富邦5A購01,2026-07-20,0.34,-0.12,-26.09,12000000,0,,否,,0.45,0.44,0.55,,3.6866,-17.5373,-9.6985
704882,朋億*國票59購01,2026-07-20,2.02,-0.37,-15.48,30000000,0,綠增,否,,2.65,3.03,2.79,,-22.3005,-10.5201,18.1221
704883,能率國票59購01,2026-07-20,0.17,-0.09,-34.62,1224000000,0,綠增,是,,0.34,0.55,0.61,,-54.3767,-24.2759,-13.0682
704895,世界統一62購01,2026-07-20,0.63,-0.19,-23.17,164000000,0,綠增,是,,0.84,0.95,1.0,,-21.2406,-18.4391,4.6646
704896,台星科統一62購01,2026-07-20,0.51,-0.15,-22.73,1485000000,0,綠增,是,,0.67,0.77,0.81,,-24.1458,-13.3558,-5.9406
704897,台燿統一62購01,2026-07-20,2.77,-0.28,-9.18,12000000,0,,是,,4.86,5.13,,,-9.7959,,
704900,茂達統一62購01,2026-07-20,0.71,-0.06,-7.79,87000000,0,,否,,0.97,1.2,1.12,,-31.7862,-8.8415,-0.0445
704903,智通*統一68購01,2026-07-20,0.62,0.02,3.33,1052000000,0,,否,,0.64,0.63,0.59,,2.8939,6.229,6.1427
704904,新復興統一72購01,2026-07-20,0.32,0.06,23.08,1000000,0,,否,,0.31,0.34,,,-14.6739,,
704911,宜鼎凱基5A購02,2026-07-20,4.2,-0.67,-13.76,10000000,0,,否,,7.72,,,,,,
704915,穩懋凱基5B購02,2026-07-20,3.08,-0.43,-12.25,15000000,0,,是,,,,,,,,
704921,印能元大58購02,2026-07-20,5.9,-1.5,-20.27,18000000,0,,是,,,,,,,,
704925,系統電元大62購01,2026-07-20,0.26,-0.1,-27.78,5000000,0,綠增,否,,0.38,0.44,0.53,,-22.0408,-19.2593,-16.9826
704927,智通*元大58購02,2026-07-20,0.17,-0.45,-72.58,51000000,0,,否,,0.54,0.54,0.43,,1.4981,29.0168,
704937,茂迪富邦61購01,2026-07-20,0.4,-0.02,-4.76,99000000,0,綠增,否,,0.47,0.53,0.63,,-20.339,-12.3967,-12.6653
704944,印能統一65購01,2026-07-20,1.45,0.04,2.84,17000000,0,,是,,1.47,1.7,,,-23.9669,-11.938,
704947,順達統一65購01,2026-07-20,0.7,-0.16,-18.6,27000000,0,,是,,1.0,1.01,1.03,,-1.9569,-5.0657,-4.4568
704950,耀勝統一5C購03,2026-07-20,0.09,-0.07,-43.75,125000000,0,綠增,是,,0.19,0.27,0.35,,-42.9412,-28.9894,-17.1053
704980,茂迪元富58購01,2026-07-20,0.34,-0.09,-20.93,7000000,0,,否,,0.6,0.89,1.43,,-49.0694,-44.9383,
704995,鉅橡元大59購01,2026-07-20,0.09,-0.02,-18.18,100000000,0,,是,,0.19,0.31,0.46,,-56.5421,-41.966,-22.1477
705000,世紀*國泰59購01,2026-07-20,0.03,0.0,0.0,400000000,0,,是,,0.08,0.11,,,-47.9452,-5.1282,
705001,良維國泰59購01,2026-07-20,3.22,0.28,9.52,23000000,0,,是,,,,,,,,
705003,世界統一72購01,2026-07-20,0.79,-0.09,-10.23,607000000,0,綠增,是,,0.95,1.03,1.1,,-15.6863,-14.616,0.6401
705005,茂迪統一72購01,2026-07-20,0.48,-0.01,-2.04,60000000,0,綠增,否,,0.52,0.53,0.58,,-6.8592,-4.8043,-4.3372
705006,茂達統一61購02,2026-07-20,0.62,-0.18,-22.5,3000000,0,綠增,否,,1.22,1.54,1.38,,-34.1227,-8.1097,1.1001
705007,智通*統一62購01,2026-07-20,0.72,-0.03,-4.0,117000000,0,紅縮,否,,0.76,0.72,0.65,,9.8837,9.5599,9.9578
705008,湧德統一61購03,2026-07-20,0.31,-0.05,-13.89,50000000,0,,是,,0.41,0.47,0.52,,-25.0922,-9.542,-17.2691
705009,穩懋統一72購03,2026-07-20,1.41,-0.18,-11.32,5000000,0,,否,,2.06,2.49,,,-29.5003,,
705010,穩懋統一72購04,2026-07-20,1.17,-0.13,-10.0,280000000,0,,是,,1.52,1.7,2.07,,-19.0832,-17.9797,-12.1848
705014,宏捷科永豐5A購01,2026-07-20,0.43,-0.36,-45.57,60000000,0,,是,,0.94,1.62,2.44,,-58.9364,-39.4914,
705023,雙鴻凱基5C購01,2026-07-20,0.54,-0.19,-26.03,925000000,0,,是,,0.86,1.07,1.28,,-33.3333,-18.3206,-12.5512
705024,台燿群益58購05,2026-07-20,12.9,-3.2,-19.88,10000000,0,,是,,24.26,27.86,29.62,,-22.8862,-12.3072,
705031,訊聯群益5A購02,2026-07-20,1.88,0.58,44.62,1000000,0,,否,,1.23,1.72,,,-44.6348,,
705042,博大國票59購01,2026-07-20,0.43,-0.06,-12.24,45000000,0,綠增,否,,0.64,0.85,0.66,,-38.5496,13.557,5.6452
705046,世界國票59購02,2026-07-20,1.45,-0.91,-38.56,10000000,0,,否,,4.28,4.27,3.53,,0.7529,25.1026,
705048,系微國票59購01,2026-07-20,0.44,-0.08,-15.38,251000000,0,綠增,是,,0.85,1.3,1.74,,-51.6571,-40.0739,-22.3834
705051,精材國票59購02,2026-07-20,10.9,-2.3,-17.42,5000000,0,,否,,12.25,10.07,7.63,,55.4569,35.83,31.9274
705052,精測國票59購05,2026-07-20,0.04,-0.03,-42.86,176000000,0,綠縮,否,,0.07,0.14,0.31,,-66.9811,-50.5263,-27.3988
705053,精測國票59購06,2026-07-20,0.03,-0.02,-40.0,998000000,0,綠縮,是,,0.08,0.17,0.37,,-68.9394,-56.75,-25.2535
705063,穩懋元大61購02,2026-07-20,1.09,-0.11,-9.17,17000000,0,,是,,1.57,,,,,,
705072,新應材凱基5A購01,2026-07-20,1.23,0.05,4.24,9000000,0,綠增,否,,1.47,1.85,2.24,,-34.6702,-22.0916,-13.6092
705080,茂迪群益58購01,2026-07-20,0.01,-0.05,-83.33,58000000,0,,是,,0.1,0.31,,,-80.4598,-40.9091,
705082,新應材群益58購03,2026-07-20,0.06,-0.12,-66.67,10000000,0,,否,,0.7,,,,,,
705084,精測群益62購03,2026-07-20,0.58,0.0,0.0,807000000,0,綠縮,是,,0.72,0.91,1.27,,-35.0814,-28.3582,-15.8956
705088,新應材富邦59購01,2026-07-20,0.49,-0.05,-9.26,23000000,0,,否,,0.63,0.79,,,-33.7526,-18.8332,
705089,新應材富邦63購01,2026-07-20,0.39,0.01,2.63,93000000,0,,是,,0.44,0.55,,,-32.3171,-22.8612,
705090,精測富邦5A購01,2026-07-20,0.07,0.02,40.0,41000000,0,綠縮,否,,0.09,0.13,0.2,,-43.3735,-38.0952,-17.9226
705091,正淩統一62購01,2026-07-20,0.48,-0.03,-5.88,1000000,0,,是,,0.68,0.72,,,-12.2078,,
705092,正淩統一65購01,2026-07-20,0.46,-0.02,-4.17,26000000,0,,否,,0.54,,,,,,
705095,新復興統一62購01,2026-07-20,0.1,-0.01,-9.09,40000000,0,,否,,0.14,0.21,,,-48.5294,-31.7881,
705100,鑫科統一62購01,2026-07-20,0.56,-0.09,-13.85,17000000,0,,否,,0.72,0.81,0.81,,-20.354,-8.9686,-11.4646
705111,系統電永豐61購01,2026-07-20,0.7,-0.03,-4.11,21000000,0,綠增,否,,0.97,1.25,1.53,,-36.6362,-19.473,-17.4371
705114,新應材永豐61購01,2026-07-20,1.9,-0.04,-2.06,21000000,0,,是,,3.6,3.76,,,-8.1205,-17.3377,
705117,系統電凱基5A購02,2026-07-20,0.08,-0.05,-38.46,20000000,0,,否,,0.27,0.47,0.92,,-59.403,-40.9034,
705128,良維統一72購01,2026-07-20,1.13,0.03,2.73,40000000,0,,是,,1.54,1.77,,,-23.5586,,
705131,茂迪統一61購01,2026-07-20,0.28,-0.03,-9.68,30000000,0,,否,,0.35,0.39,0.48,,-17.0616,-23.8659,
705132,茂迪統一72購02,2026-07-20,0.52,-0.01,-1.89,907000000,0,綠增,是,,0.56,0.58,0.64,,-8.5246,-4.5752,-5.8217
705135,穩懋統一72購05,2026-07-20,1.14,-0.16,-12.31,82000000,0,,是,,1.85,,,,,,
705142,新應材永豐5B購01,2026-07-20,0.95,-0.19,-16.67,10000000,0,紅轉綠,否,,1.67,1.94,2.36,,-24.6612,-20.5485,-19.3449
705143,正淩國票5B購01,2026-07-20,0.5,-0.11,-18.03,22000000,0,,是,,1.05,,,,,,
705144,岳豐國票59購01,2026-07-20,0.17,-0.14,-45.16,421000000,0,綠增,是,,0.41,0.47,0.6,,-22.4335,-31.4244,-6.3913
705146,前鼎國票59購01,2026-07-20,4.23,-0.16,-3.64,10000000,0,,是,,9.93,,,,,,
705149,德勝國票59購01,2026-07-20,0.14,-0.05,-26.32,80000000,0,,是,,0.3,0.4,0.53,,-40.7115,-34.4715,-14.0994
705150,加百裕元大58購02,2026-07-20,0.79,0.65,464.29,1000000,0,,否,,0.35,0.33,0.43,,13.7255,-2.9674,
705170,均華凱基58購04,2026-07-20,1.97,-1.18,-37.46,2000000,0,,是,,3.54,3.63,,,-5.1502,-13.1516,
705171,系統電凱基61購01,2026-07-20,0.52,-0.08,-13.33,100000000,0,,是,,0.81,1.13,,,-44.1217,-40.8399,
705173,宜鼎凱基59購04,2026-07-20,4.92,-0.88,-15.17,27000000,0,,是,,9.58,11.43,,,-27.8313,-27.2774,
705188,元太統一62購01,2026-07-20,0.51,-0.02,-3.77,333000000,0,綠增,是,,0.61,0.7,0.77,,-23.6181,-16.329,-13.4463
705190,弘塑統一72購01,2026-07-20,1.55,-0.15,-8.82,2000000,0,,,,,,,,,,
705192,沛亨統一72購01,2026-07-20,1.3,-0.18,-12.16,3000000,0,,是,,1.74,2.21,,,-35.3903,,
705193,宜鼎統一72購01,2026-07-20,1.27,-0.1,-7.3,354000000,0,綠增,是,,1.53,1.72,2.02,,-19.4328,-15.7766,-8.6219
705196,雙鴻統一72購01,2026-07-20,0.56,-0.04,-6.67,15000000,0,綠縮,是,,0.59,0.66,0.74,,-20.1087,-13.3508,-12.1879
705199,凡甲國票59購01,2026-07-20,0.64,0.04,6.67,4000000,0,,是,,1.07,1.15,1.99,,-12.7036,-41.0861,
705203,匯鑽科國票59購02,2026-07-20,0.11,0.01,10.0,200000000,0,,是,,0.24,0.35,0.42,,-48.0687,-14.6988,
705206,九豪元大58購01,2026-07-20,2.14,-0.92,-30.07,149000000,0,,是,,5.5,6.28,,,-22.153,4.1819,
705210,雙鴻元大58購17,2026-07-20,0.22,-0.02,-8.33,16000000,0,,是,,0.24,0.32,0.51,,-41.4634,-35.6436,-22.1205
705223,雙鴻元富5A購06,2026-07-20,0.28,-0.11,-28.21,8000000,0,,否,,0.5,0.67,,,-40.2844,-41.4422,
705224,穩懋元富5A購02,2026-07-20,4.74,-0.96,-16.84,82000000,0,,,,,,,,,,
705225,穩懋元富5A購03,2026-07-20,3.93,-0.01,-0.25,41000000,0,,,,,,,,,,
705233,力旺凱基58購02,2026-07-20,1.25,-0.19,-13.19,40000000,0,,否,,3.21,4.51,,,-44.6053,,
705236,凡甲凱基59購01,2026-07-20,0.59,-0.03,-4.84,50000000,0,綠增,是,,0.74,1.04,1.2,,-44.1441,-18.652,-30.4903
705241,力旺永豐59購01,2026-07-20,1.46,-0.46,-23.96,1000000,0,,是,,2.48,4.24,,,-58.5977,,
705245,力旺元富58購02,2026-07-20,0.94,-0.41,-30.37,5000000,0,,是,,2.81,,,,,,
705252,神盾國泰59購01,2026-07-20,0.29,-0.05,-14.71,35000000,0,,是,,0.43,0.73,0.87,,-57.8125,-29.1139,-23.7784
705254,雙鴻富邦5A購02,2026-07-20,0.14,-0.04,-22.22,190000000,0,,是,,0.17,0.26,,,-50.8671,-48.503,
705257,力旺統一65購01,2026-07-20,0.82,-0.04,-4.65,251000000,0,,是,,0.99,1.29,,,-37.0886,-24.2496,
705258,力旺統一72購01,2026-07-20,0.94,-0.03,-3.09,159000000,0,綠縮,是,,1.06,1.21,1.44,,-22.694,-20.8497,-12.4621
705261,元太統一62購02,2026-07-20,0.51,-0.06,-10.53,132000000,0,,是,,0.62,0.69,,,-17.3333,,
705262,元太統一72購01,2026-07-20,0.46,-0.06,-11.54,11000000,0,綠增,是,,0.53,0.56,0.58,,-12.2924,-8.871,-8.4507
705264,正淩統一72購02,2026-07-20,0.48,-0.06,-11.11,350000000,0,,是,,0.57,0.61,0.63,,-13.1498,-1.6103,
705266,博智統一72購01,2026-07-20,1.14,-0.11,-8.8,20000000,0,,是,,1.42,1.66,,,-25.4737,,
705269,穩懋統一65購02,2026-07-20,0.78,-0.03,-3.7,120000000,0,綠增,是,,1.09,1.27,1.71,,-25.2401,-28.5073,-13.9939
705273,穩懋國票59購02,2026-07-20,1.5,-0.47,-23.86,10000000,0,,是,,3.76,5.62,,,-49.7592,-32.4432,
705276,力旺群益5A購01,2026-07-20,1.82,-0.12,-6.19,45000000,0,,是,,2.42,3.19,,,-38.8693,-32.7292,
705288,鈊象元大58購07,2026-07-20,0.63,-0.03,-4.55,1000000,0,,是,,0.93,1.17,1.3,,-33.4286,-15.446,
705296,富喬凱基58購02,2026-07-20,0.01,-0.08,-88.89,10000000,0,,是,,0.45,0.49,,,-12.6923,-6.5259,
705300,鈊象凱基61購01,2026-07-20,2.32,0.17,7.91,4000000,0,綠增,否,,2.5,2.96,3.17,,-26.9321,-11.55,-9.6535
705303,台星科富邦5A購01,2026-07-20,0.86,-0.06,-6.52,88000000,0,,是,,1.11,,,,,,
705304,台燿富邦5C購02,2026-07-20,3.44,-0.46,-11.79,53000000,0,,是,,6.6,6.95,,,-9.7401,-5.4521,
705306,良維富邦59購02,2026-07-20,1.01,0.05,5.21,416000000,0,,,,,,,,,,
705307,富喬富邦5B購01,2026-07-20,0.13,-0.07,-35.0,170000000,0,綠增,是,,0.25,0.36,0.45,,-45.9574,-30.6513,-11.4314
705309,亞泰統一72購01,2026-07-20,1.31,-0.22,-14.38,20000000,0,,是,,1.78,1.95,1.99,,-16.1017,-4.9172,-11.0738
705310,博智統一72購02,2026-07-20,0.8,-0.07,-8.05,70000000,0,,是,,0.99,1.15,1.25,,-24.3492,-15.4753,-7.4349
705311,富喬統一62購01,2026-07-20,0.14,-0.06,-30.0,70000000,0,綠增,是,,0.3,0.39,0.4,,-36.1345,-17.8947,-9.0293
705313,精材統一65購01,2026-07-20,2.49,-0.24,-8.79,141000000,0,紅縮,是,,2.78,2.42,1.97,,35.214,25.9375,23.2769
705314,精材統一72購01,2026-07-20,1.48,-0.09,-5.73,42000000,0,紅縮,是,,1.64,1.45,1.24,,30.0,19.5545,17.2251
705321,富強鑫國票59購01,2026-07-20,0.2,0.01,5.26,30000000,0,,否,,0.27,0.3,,,-18.7879,-22.9381,
705323,富喬國票59購02,2026-07-20,1.16,0.01,0.87,1000000,0,,是,,0.96,1.06,1.05,,-17.5258,-8.3693,-10.1499
705324,富喬國票5A購01,2026-07-20,0.31,-0.19,-38.0,3000000,0,綠增,否,,0.61,0.94,1.08,,-52.4257,-28.125,-14.8221
705325,聚和國票59購01,2026-07-20,0.66,-0.11,-14.29,98000000,0,綠增,否,,0.96,1.22,1.1,,-35.4054,-1.2165,-5.2745
705326,寶雅國票59購01,2026-07-20,1.68,-0.02,-1.18,31000000,0,綠增,是,,1.87,2.39,2.2,,-35.4238,-4.7847,3.8172
705328,富喬元大58購02,2026-07-20,0.14,0.04,40.0,2000000,0,綠縮,是,,0.21,0.39,0.51,,-63.1944,-39.8473,-20.2044
705331,富喬元大5B購02,2026-07-20,0.15,-0.15,-50.0,213000000,0,綠增,是,,0.29,0.41,0.44,,-43.2432,-21.6216,-14.1732
705333,鈊象元大5C購03,2026-07-20,1.39,0.04,2.96,1000000,0,綠縮,是,,1.49,1.78,1.91,,-27.6163,-12.5369,-9.6217
705341,富喬群益5A購01,2026-07-20,0.14,-0.16,-53.33,150000000,0,,是,,0.59,0.65,0.72,,-17.3184,-1.059,
705344,富喬永豐58購04,2026-07-20,0.04,-0.02,-33.33,200000000,0,綠增,是,,0.13,0.23,0.25,,-58.8957,-28.125,-23.1928
705345,富喬永豐58購05,2026-07-20,0.01,-0.02,-66.67,16000000,0,,否,,0.1,0.28,0.46,,-76.8889,-39.9132,
705347,富喬永豐61購01,2026-07-20,0.31,-0.07,-18.42,81000000,0,綠增,是,,0.46,0.61,0.65,,-39.4256,-18.8654,-9.4708
705348,富喬永豐65購01,2026-07-20,0.41,-0.09,-18.0,158000000,0,綠增,否,,0.59,0.7,0.78,,-27.3399,-18.203,-6.5269
705358,良維兆豐5A購01,2026-07-20,1.1,-0.26,-19.12,398000000,0,,是,,1.81,,,,,,
705362,世紀*元大58購04,2026-07-20,0.01,-0.05,-83.33,200000000,0,,否,,0.04,0.06,,,-35.2941,,
705369,穩懋元大58購10,2026-07-20,0.36,-0.08,-18.18,1000000,0,,是,,0.88,1.46,,,-56.8204,-32.013,
705372,力致統一64購01,2026-07-20,0.35,-0.01,-2.78,10000000,0,綠增,否,,0.44,0.5,0.54,,-20.8633,-11.7021,-12.2449
705374,元太統一72購02,2026-07-20,0.56,-0.04,-6.67,5000000,0,,是,,0.69,0.74,,,-13.3166,-9.8301,
705376,正基統一64購01,2026-07-20,0.3,-0.04,-11.76,10000000,0,,否,,0.39,0.46,0.53,,-27.4436,-13.7218,
705378,宏捷科統一61購04,2026-07-20,0.35,-0.1,-22.22,424000000,0,綠增,是,,0.52,0.63,0.78,,-30.1887,-23.7288,-14.7219
705380,系統電統一5C購02,2026-07-20,0.24,-0.05,-17.24,20000000,0,綠增,否,,0.34,0.44,0.53,,-35.8209,-18.2156,-16.2011
705383,宜特統一65購01,2026-07-20,0.57,-0.16,-21.92,12000000,0,,是,,0.87,0.91,0.93,,-8.0338,0.7769,
705385,前鼎統一72購01,2026-07-20,0.88,-0.09,-9.28,30000000,0,,是,,1.27,1.55,,,-30.2964,,
705386,茂達統一72購01,2026-07-20,0.84,-0.1,-10.64,19000000,0,,否,,1.05,1.26,1.22,,-28.4354,-7.9562,-2.0825
705387,原相統一64購01,2026-07-20,0.41,0.03,7.89,312000000,0,綠增,否,,0.47,0.57,0.61,,-30.6548,-15.3274,-7.3933
705388,能率統一72購01,2026-07-20,0.47,-0.07,-12.96,75000000,0,,是,,0.55,0.58,0.57,,-10.1639,-1.5306,
705389,富強鑫統一72購01,2026-07-20,0.55,0.0,0.0,1000000,0,,否,,0.61,0.6,,,3.0303,5.7895,
705392,萬潤統一62購01,2026-07-20,2.89,-0.14,-4.62,293000000,0,綠增,是,,3.18,3.16,3.58,,1.1443,-13.053,-6.178
705393,鈺太統一64購01,2026-07-20,0.57,-0.06,-9.52,21000000,0,,,,,,,,,,
705397,穩得統一72購01,2026-07-20,0.74,-0.01,-1.33,108000000,0,,是,,1.02,1.12,,,-15.5116,,
705398,穩懋統一61購06,2026-07-20,0.73,-0.26,-26.26,24000000,0,,是,,1.38,2.07,2.33,,-50.1085,-20.1464,
705399,穩懋統一62購01,2026-07-20,0.58,-0.02,-3.33,127000000,0,綠增,是,,0.82,0.98,1.33,,-28.3972,-23.8794,-14.6114
705400,穩懋統一62購02,2026-07-20,0.9,-0.46,-33.82,71000000,0,,是,,1.51,2.13,2.42,,-45.2899,-21.5938,
705401,穩懋統一62購03,2026-07-20,0.69,-0.01,-1.43,4000000,0,綠增,是,,0.88,1.03,1.36,,-25.2542,-21.6565,-12.4071
705404,鑫科統一72購03,2026-07-20,0.53,-0.05,-8.62,100000000,0,,否,,0.69,0.68,0.7,,0.8798,-4.0616,
705405,正基國票59購01,2026-07-20,0.14,-0.06,-30.0,10000000,0,綠增,否,,0.39,0.43,0.55,,-19.2469,-21.7391,-23.8292
705411,良維永豐59購01,2026-07-20,2.38,0.05,2.15,22000000,0,,否,,4.83,6.39,,,-39.195,-36.3029,
705417,茂迪元富58購04,2026-07-20,0.33,-0.1,-23.26,120000000,0,,否,,0.69,1.06,1.27,,-51.4006,-22.724,
705427,新應材群益58購05,2026-07-20,0.19,-0.12,-38.71,50000000,0,,是,,1.33,,,,,,
705431,世界台新59購01,2026-07-20,1.26,-0.76,-37.62,10000000,0,綠增,否,,2.22,2.74,3.07,,-31.8182,-27.7763,-0.0977
705434,世界凱基59購02,2026-07-20,1.21,0.0,0.0,10000000,0,綠增,否,,1.71,2.22,2.69,,-37.2434,-34.3584,-0.315
705435,世界凱基59購03,2026-07-20,1.09,-0.86,-44.1,10000000,0,,否,,2.05,2.82,2.94,,-43.1667,-26.5035,-3.8217
705439,信驊凱基5A購03,2026-07-20,4.17,-0.75,-15.24,116000000,0,,是,,5.72,,,,,,
705444,良維國票62購01,2026-07-20,1.66,-0.04,-2.35,3000000,0,,是,,2.7,3.24,3.94,,-28.6772,-15.8524,
705445,東浦國票5A購01,2026-07-20,0.87,-0.26,-23.01,33000000,0,綠增,否,,1.73,1.99,2.01,,-23.5607,-13.6915,11.5
705446,信驊國票62購01,2026-07-20,3.4,0.18,5.59,19000000,0,,是,,3.58,4.37,5.19,,-30.7395,-16.4692,
705447,博智國票5A購01,2026-07-20,2.68,-0.84,-23.86,1000000,0,,否,,4.53,6.03,,,-39.9469,,
705451,穩懋國票5A購03,2026-07-20,0.72,-0.16,-18.18,39000000,0,綠增,是,,1.38,1.84,2.84,,-39.8084,-31.5084,-18.0259
705455,世界群益5B購02,2026-07-20,1.24,-0.57,-31.49,6000000,0,,是,,1.93,2.45,2.11,,-34.7297,0.7414,-1.2856
705458,良維群益5B購01,2026-07-20,0.8,-0.44,-35.48,997000000,0,,是,,1.97,2.37,,,-28.685,-30.8746,
705460,信驊群益5B購04,2026-07-20,4.44,-0.66,-12.94,24000000,0,,是,,5.17,,,,,,
705461,湧德群益61購01,2026-07-20,0.37,-0.08,-17.78,200000000,0,,是,,0.54,0.64,0.79,,-28.4574,-14.0,
705469,創惟元大59購01,2026-07-20,0.14,0.07,100.0,201000000,0,綠縮,否,,0.15,0.2,0.27,,-44.697,-27.305,-19.403
705475,雙鴻元大5C購03,2026-07-20,0.69,-0.09,-11.54,231000000,0,,是,,0.78,1.0,1.14,,-34.9917,-21.2816,
705480,良維統一63購01,2026-07-20,0.68,-0.07,-9.33,32000000,0,,是,,0.9,1.12,1.21,,-33.1845,-16.0928,-12.5541
705483,新應材統一62購02,2026-07-20,0.33,0.03,10.0,589000000,0,綠縮,是,,0.36,0.42,0.47,,-25.523,-13.125,-12.5577
705485,萬潤統一73購01,2026-07-20,2.72,-0.12,-4.23,11000000,0,綠增,否,,2.98,2.98,3.22,,0.6069,-5.0431,-2.7052
705487,穩懋統一66購01,2026-07-20,0.5,-0.1,-16.67,114000000,0,綠增,是,,0.74,0.88,1.18,,-28.1553,-23.4429,-15.4259
705488,穩懋統一73購01,2026-07-20,0.95,-0.07,-6.86,104000000,0,,是,,1.18,1.32,1.63,,-18.6207,-18.4243,
705489,穩懋統一73購02,2026-07-20,0.9,-0.09,-9.09,140000000,0,綠增,否,,1.15,1.29,1.57,,-19.8601,-16.7959,-10.0602
705491,世界永豐5A購02,2026-07-20,0.53,-0.27,-33.75,10000000,0,,否,,1.28,1.09,,,40.2198,13.9729,
705492,世界永豐5B購02,2026-07-20,4.88,-2.12,-30.29,14000000,0,綠增,是,,7.44,8.85,9.1,,-27.5949,-17.0679,0.3475
705496,光頡永豐5A購01,2026-07-20,1.52,-0.63,-29.3,249000000,0,,否,,5.14,5.84,4.7,,-21.4177,13.8489,
705505,穩懋永豐5A購03,2026-07-20,0.55,-0.14,-20.29,212000000,0,綠增,是,,0.97,1.27,1.94,,-37.5641,-31.4394,-18.0262
705506,台星科元富59購01,2026-07-20,2.09,-0.28,-11.81,23000000,0,,是,,3.54,4.51,4.9,,-35.3756,-20.3037,
705507,宏捷科元富59購02,2026-07-20,0.27,-0.27,-50.0,510000000,0,,是,,2.02,,,,,,
705515,穩懋元富59購02,2026-07-20,0.97,-0.03,-3.0,81000000,0,,是,,2.22,2.46,,,-17.5816,,
705516,穩懋元富59購03,2026-07-20,0.21,-0.1,-32.26,324000000,0,綠增,是,,0.68,1.01,1.9,,-48.5714,-42.1929,-21.8115
705519,均華兆豐63購01,2026-07-20,1.97,-0.15,-7.08,81000000,0,,是,,2.23,2.7,2.9,,-29.8235,-12.1991,
705520,宜鼎兆豐63購01,2026-07-20,3.08,-0.28,-8.33,15000000,0,綠增,是,,4.03,4.89,6.01,,-29.7213,-21.3677,-12.6308
705523,中探針凱基59購03,2026-07-20,8.5,-2.0,-19.05,1000000,0,,是,,13.66,14.97,,,-16.0934,-10.5735,
705524,宏捷科凱基59購02,2026-07-20,0.45,-0.26,-36.62,151000000,0,,是,,1.2,1.61,2.33,,-40.2584,-32.5073,
705525,良維凱基5B購02,2026-07-20,0.94,-0.03,-3.09,128000000,0,,是,,2.15,2.56,2.79,,-27.6882,-15.2397,-17.1416
705527,萬潤凱基5B購01,2026-07-20,12.0,-0.9,-6.98,12000000,0,,是,,12.72,13.35,,,-9.0129,,
705536,穩懋凱基59購10,2026-07-20,0.51,-0.19,-27.14,380000000,0,,是,,1.54,1.86,,,-29.4602,-43.7877,
705537,穩懋凱基59購11,2026-07-20,0.42,-0.13,-23.64,50000000,0,,是,,1.32,1.93,2.99,,-48.3516,-44.0162,
705539,中探針元大5A購02,2026-07-20,4.45,-0.95,-17.59,3000000,0,,是,,,,,,,,
705550,穩懋元大59購07,2026-07-20,0.35,-0.02,-5.41,20000000,0,綠縮,是,,0.7,0.99,1.84,,-44.9139,-51.2063,-23.5489
705551,穩懋元大5A購03,2026-07-20,0.6,0.04,7.14,21000000,0,綠增,是,,1.13,1.41,1.89,,-33.8425,-26.3925,-17.1429
705555,中探針永豐5C購01,2026-07-20,4.37,-0.78,-15.15,9000000,0,紅轉綠,是,,5.74,5.94,5.88,,-6.2969,-4.0097,-1.1191
705560,萬潤永豐5C購01,2026-07-20,1.83,-0.23,-11.17,50000000,0,綠增,是,,2.22,2.32,2.87,,-8.2576,-17.3959,-5.8929
705564,雙鴻永豐5A購03,2026-07-20,0.07,-0.03,-30.0,70000000,0,綠縮,否,,0.09,0.15,0.22,,-57.7982,-35.6846,-31.6998
705565,穩懋永豐5C購02,2026-07-20,0.61,-0.08,-11.59,378000000,0,綠增,是,,0.94,1.15,1.66,,-31.4327,-29.5232,-14.9116
705568,沛亨國泰5A購01,2026-07-20,1.92,-0.54,-21.95,2000000,0,,,,,,,,,,
705569,宜鼎國泰5A購01,2026-07-20,4.57,-1.08,-19.12,20000000,0,,是,,8.92,12.22,,,-42.5,,
705570,世界凱基5C購01,2026-07-20,1.2,-0.3,-20.0,222000000,0,綠增,否,,1.85,2.25,2.54,,-29.9546,-27.013,-0.432
705571,弘塑凱基59購03,2026-07-20,4.92,-0.88,-15.17,10000000,0,,,,,,,,,,
705574,矽科凱基59購01,2026-07-20,0.63,-0.45,-41.67,10000000,0,,否,,1.21,1.35,,,-18.9262,-25.1387,
705576,聖暉*凱基59購02,2026-07-20,4.85,-0.02,-0.41,79000000,0,,是,,5.63,5.02,,,27.6065,,
705588,精星永豐59購01,2026-07-20,0.04,-0.02,-33.33,55000000,0,,是,,0.09,0.12,0.16,,-39.7436,-26.4706,
705589,鏵友益永豐5C購01,2026-07-20,0.83,-0.25,-23.15,11000000,0,,是,,1.07,1.11,,,-7.4523,-24.2672,
705600,凡甲國泰5A購01,2026-07-20,1.08,0.0,0.0,29000000,0,,是,,1.18,1.52,2.13,,-36.6273,-23.95,
705603,元太國票5A購01,2026-07-20,0.29,-0.1,-25.64,122000000,0,,是,,0.91,0.98,,,-13.852,-15.2118,
705604,良維國票67購01,2026-07-20,1.87,-0.04,-2.09,5000000,0,綠增,否,,2.43,3.03,3.3,,-33.3516,-16.1923,-16.186
705605,亞信國票5A購01,2026-07-20,0.19,-0.03,-13.64,3000000,0,,是,,0.33,0.43,0.55,,-37.218,-17.6806,
705610,精材國票5C購01,2026-07-20,5.9,-1.1,-15.71,100000000,0,紅縮,是,,7.24,5.97,4.5,,54.0426,37.8435,30.8039
705617,良維群益5B購02,2026-07-20,0.77,-0.68,-46.9,70000000,0,綠增,是,,1.75,2.29,2.58,,-37.7573,-20.1537,-17.0425
705631,大綜永豐5A購01,2026-07-20,0.62,-0.06,-8.82,10000000,0,,是,,0.89,1.64,1.86,,-62.6991,-38.5135,
705633,順達永豐5B購01,2026-07-20,2.82,-1.07,-27.51,150000000,0,,是,,4.33,4.34,4.34,,-0.414,2.9663,
705636,大宇資群益59購02,2026-07-20,0.09,-0.05,-35.71,10000000,0,,否,,0.43,,,,,,
705649,印能凱基59購01,2026-07-20,3.34,-0.35,-9.49,113000000,0,,是,,3.64,3.99,4.74,,-16.2833,-18.4565,
705650,印能凱基59購02,2026-07-20,3.46,-0.47,-11.96,47000000,0,,是,,3.82,4.02,4.6,,-9.1255,-20.6638,
705652,宜鼎凱基5A購03,2026-07-20,3.33,-0.48,-12.6,19000000,0,,否,,5.44,7.37,,,-41.5897,-32.0369,
705653,前鼎凱基5A購01,2026-07-20,2.53,-0.91,-26.45,15000000,0,,是,,6.95,,,,,,
705664,閎康元大59購02,2026-07-20,0.54,-0.31,-36.47,4000000,0,,是,,1.25,1.61,,,-36.0204,-25.6707,
705671,鈊象富邦5B購01,2026-07-20,0.66,0.05,8.2,107000000,0,,是,,0.75,0.89,1.02,,-27.0428,-20.1258,
705675,雙鴻富邦5C購01,2026-07-20,0.24,-0.08,-25.0,172000000,0,,是,,0.33,0.43,0.61,,-38.806,-28.8303,
705677,譜瑞富邦5C購01,2026-07-20,2.95,-0.25,-7.81,1000000,0,紅縮,是,,3.15,3.18,2.94,,-1.5625,3.5889,9.8039
705682,宜鼎國票5A購02,2026-07-20,3.27,-1.25,-27.65,50000000,0,,是,,5.98,7.93,10.52,,-39.4939,-29.7697,-13.5975
705685,茂迪國票5A購02,2026-07-20,0.08,-0.01,-11.11,40000000,0,,否,,0.25,,,,,,
705686,晟德國票5A購01,2026-07-20,0.11,0.0,0.0,504000000,0,,是,,0.17,0.21,,,-33.5937,,
705690,僑威國票5A購01,2026-07-20,0.1,-0.01,-9.09,170000000,0,綠增,是,,0.15,0.2,0.24,,-39.6825,-19.5219,-21.9313
705691,聚和國票5A購01,2026-07-20,0.71,-0.14,-16.47,10000000,0,,否,,1.13,1.32,1.27,,-25.0331,-0.1512,-8.8394
705692,臺慶科國票5A購02,2026-07-20,0.62,-0.14,-18.42,46000000,0,綠增,否,,1.33,2.08,3.33,,-52.8622,-42.3109,-13.2449
705693,雙鴻台新59購01,2026-07-20,0.18,-0.13,-41.94,1000000,0,,否,,0.93,1.18,,,-35.1049,,
705695,前鼎凱基59購02,2026-07-20,1.12,-0.13,-10.4,21000000,0,,否,,1.97,4.99,,,-75.4496,,
705696,國金10凱基59購01,2026-07-20,0.89,0.02,2.3,1000000,0,,否,,,,,,,,
705699,聚和凱基5A購01,2026-07-20,0.84,-0.11,-11.58,400000000,0,,是,,1.22,1.53,1.52,,-33.2969,-2.9243,
705702,宏捷科國票62購01,2026-07-20,0.28,-0.09,-24.32,261000000,0,,是,,0.67,0.87,1.11,,-36.8421,-22.0826,
705705,新復興國票5B購01,2026-07-20,0.04,-0.01,-20.0,30000000,0,,否,,0.11,,,,,,
705711,台特化元大5C購01,2026-07-20,0.3,-0.14,-31.82,596000000,0,綠增,是,,0.48,0.57,0.62,,-28.2282,-10.4851,-10.8649
705724,新復興元大59購05,2026-07-20,0.13,0.03,30.0,1000000,0,,否,,0.16,0.15,0.14,,13.0435,11.3636,
705728,台特化群益62購01,2026-07-20,0.26,-0.17,-39.53,2000000,0,,否,,0.45,0.48,,,-12.1094,-25.7716,
705733,宜特群益5B購01,2026-07-20,0.27,-0.22,-44.9,200000000,0,,否,,0.74,0.76,0.82,,-3.6269,-10.9283,
705747,宏捷科凱基59購03,2026-07-20,0.08,-0.06,-42.86,20000000,0,綠縮,否,,0.24,0.42,0.77,,-59.4684,-42.449,-23.4913
705755,雙鴻凱基5C購03,2026-07-20,0.54,-0.15,-21.74,1158000000,0,,是,,0.66,0.91,,,-43.5678,-40.7407,
705759,台特化元大5C購02,2026-07-20,0.18,-0.08,-30.77,453000000,0,綠增,是,,0.31,0.4,0.45,,-34.0336,-16.4905,-13.6581
705763,良維元大59購02,2026-07-20,0.37,-0.06,-13.95,50000000,0,,是,,1.5,1.83,2.59,,-30.8688,-24.6293,
705764,良維元大59購03,2026-07-20,0.87,0.05,6.1,50000000,0,,是,,2.5,2.72,,,-15.0713,-27.3406,
705783,良維中信61購01,2026-07-20,0.81,-0.23,-22.12,50000000,0,,是,,1.63,1.81,,,-17.9074,-26.6018,
705784,環球晶中信59購01,2026-07-20,12.6,0.0,0.0,35000000,0,,是,,13.52,11.19,9.04,,52.5959,39.6132,
705785,新應材永豐63購01,2026-07-20,0.71,0.04,5.97,158000000,0,綠增,否,,0.92,1.1,1.12,,-27.856,-10.5691,-8.1114
705793,聚和元富59購01,2026-07-20,0.86,-0.31,-26.5,1000000,0,綠增,否,,1.55,1.78,1.64,,-23.1913,6.5075,-3.4361
705800,大綜統一73購01,2026-07-20,0.61,-0.11,-15.28,5000000,0,,是,,0.69,0.78,1.01,,-21.4123,-28.4672,
705801,印能統一62購01,2026-07-20,1.9,-0.25,-11.63,41000000,0,,是,,2.11,2.37,2.56,,-19.5884,-12.2033,-10.135
705802,旺矽統一63購03,2026-07-20,2.07,-0.37,-15.16,20000000,0,,是,,2.85,3.0,2.8,,-9.6447,1.0101,
705804,環球晶統一63購01,2026-07-20,4.72,0.07,1.51,36000000,0,,是,,5.34,4.85,3.98,,22.7586,26.4023,
705805,環球晶統一63購02,2026-07-20,5.4,-0.7,-11.48,52000000,0,紅縮,是,,5.93,5.29,4.13,,27.6916,33.7465,25.3265
705806,環球晶統一73購01,2026-07-20,4.16,0.12,2.97,18000000,0,,是,,4.6,4.14,3.3,,24.5528,25.5455,16.2467
705807,環球晶統一73購02,2026-07-20,3.54,0.05,1.43,1000000,0,,是,,3.51,3.15,2.62,,25.3038,20.1677,13.4199
705809,元太國票5A購02,2026-07-20,1.04,-0.2,-16.13,3000000,0,,否,,1.5,1.92,,,-35.9829,-37.2876,
705811,長佳智國票5A購01,2026-07-20,0.33,-0.01,-2.94,1000000,0,綠增,否,,0.44,0.51,0.5,,-23.0769,-2.5048,-6.903
705814,精星國票5A購01,2026-07-20,0.12,-0.05,-29.41,40000000,0,綠增,否,,0.26,0.33,0.36,,-32.3077,-14.3979,-7.6524
705816,寶雅國票5A購01,2026-07-20,1.36,-0.17,-11.11,2000000,0,綠增,否,,1.98,2.27,2.05,,-23.1726,1.2016,8.7314
705818,凡甲永豐5B購01,2026-07-20,0.75,0.04,5.63,31000000,0,,否,,0.81,0.98,1.44,,-29.3913,-32.716,
705819,台星科永豐5C購01,2026-07-20,1.0,-0.19,-15.97,106000000,0,綠增,否,,1.24,1.55,1.67,,-32.9374,-17.5373,-8.3242
705820,宜特永豐5C購01,2026-07-20,0.59,-0.08,-11.94,54000000,0,,否,,0.98,1.11,1.18,,-20.934,-5.2811,-4.881
705823,前鼎永豐5C購01,2026-07-20,1.67,-0.1,-5.65,30000000,0,,是,,2.17,,,,,,
705824,能率永豐5C購01,2026-07-20,0.48,-0.1,-17.24,10000000,0,綠增,否,,0.61,0.7,0.7,,-21.0797,-6.9519,-8.021
705825,順達永豐59購02,2026-07-20,1.39,-0.46,-24.86,15000000,0,紅轉綠,否,,2.77,2.9,3.05,,-8.1457,-7.1772,-9.4977
705826,順達永豐61購01,2026-07-20,3.73,-0.68,-15.42,20000000,0,綠增,否,,5.48,5.74,5.66,,-8.8519,4.5314,-0.4487
705829,天品元富59購01,2026-07-20,0.79,0.09,12.86,2000000,0,,否,,0.82,0.88,0.85,,-12.58,0.4571,0.4737
705837,信驊元富59購05,2026-07-20,2.22,-1.15,-34.12,20000000,0,,否,,3.62,,,,,,
705838,信驊元富59購06,2026-07-20,2.11,0.1,4.98,20000000,0,,是,,2.55,3.5,,,-42.7416,-24.9946,
705841,元太元大5B購01,2026-07-20,1.27,-0.14,-9.93,15000000,0,,是,,1.55,1.85,,,-28.2004,-10.1407,
705845,信驊元大5C購01,2026-07-20,6.0,-0.1,-1.64,1000000,0,,否,,7.97,10.17,,,-35.5178,,
705847,新應材元大61購02,2026-07-20,0.65,-0.04,-5.8,10000000,0,,是,,0.73,0.88,1.17,,-28.0392,-22.5949,
705851,雙鴻元大59購08,2026-07-20,0.29,-0.07,-19.44,496000000,0,,是,,0.41,0.61,0.82,,-50.3667,-36.0502,
705852,雙鴻元大59購09,2026-07-20,0.24,-0.07,-22.58,219000000,0,,是,,0.59,0.81,,,-43.3269,,
705853,雙鴻元大61購10,2026-07-20,0.54,-0.09,-14.29,652000000,0,綠增,是,,0.63,0.75,0.89,,-28.8636,-17.3436,-11.9403
705856,印能統一73購01,2026-07-20,1.85,0.02,1.09,146000000,0,,是,,1.77,1.89,2.01,,-12.3762,-3.2176,
705858,良維統一73購01,2026-07-20,0.45,0.01,2.27,2000000,0,綠增,否,,0.55,0.63,0.67,,-22.191,-10.9705,-8.5499
705859,旺矽統一73購01,2026-07-20,3.15,-0.02,-0.63,2000000,0,綠增,否,,3.8,4.06,4.12,,-11.822,-4.3591,0.8323
705860,順達統一73購01,2026-07-20,0.56,-0.07,-11.11,166000000,0,綠增,否,,0.72,0.75,0.76,,-8.6735,0.9421,-0.2625
705861,新應材統一73購01,2026-07-20,0.33,0.0,0.0,150000000,0,紅縮,是,,0.35,0.38,0.4,,-14.2157,-6.4198,-8.9773
705863,德微統一73購01,2026-07-20,1.44,-0.17,-10.56,17000000,0,,否,,1.82,2.15,,,-26.4516,-9.7694,
705866,良維凱基59購03,2026-07-20,0.14,-0.17,-54.84,428000000,0,綠增,是,,0.49,1.03,1.44,,-69.0051,-38.4293,-25.4527
705871,信驊凱基61購02,2026-07-20,2.95,0.17,6.12,120000000,0,,否,,3.09,3.61,4.41,,-25.1332,-18.9814,
705872,信驊凱基61購03,2026-07-20,4.42,0.11,2.55,26000000,0,,是,,4.6,,,,,,
705874,鈊象凱基61購02,2026-07-20,1.74,0.07,4.19,84000000,0,綠縮,否,,1.82,2.05,2.16,,-20.1401,-10.188,-6.563
705876,榮剛凱基5A購01,2026-07-20,0.73,-0.21,-22.34,3000000,0,,否,,0.79,0.8,1.03,,-2.457,-18.4584,
705879,良維富邦5B購01,2026-07-20,0.49,-0.06,-10.91,20000000,0,,否,,0.8,1.17,1.53,,-48.5123,-23.1123,
705880,新應材富邦63購02,2026-07-20,0.36,0.08,28.57,10000000,0,,否,,0.41,0.43,0.55,,-8.8889,-18.8679,
705891,雙鴻群益59購05,2026-07-20,0.59,-0.22,-27.16,39000000,0,綠縮,否,,0.76,1.16,1.81,,-51.5345,-35.9978,-23.5294
705897,巨漢凱基59購01,2026-07-20,0.61,-0.26,-29.89,1000000,0,,是,,1.12,1.43,1.63,,-35.8209,-18.2857,-15.183
705900,新普凱基59購01,2026-07-20,1.43,-0.23,-13.86,5000000,0,綠增,否,,2.05,2.88,2.98,,-44.7978,-14.9985,-8.3756
705901,新應材凱基5A購02,2026-07-20,0.17,-0.02,-10.53,10000000,0,,是,,0.36,0.56,,,-53.1414,-42.0455,
705911,均華群益59購01,2026-07-20,0.38,-0.17,-30.91,20000000,0,綠增,是,,0.6,1.07,1.34,,-61.1399,-29.0536,-27.2455
705917,雙鴻群益63購01,2026-07-20,0.45,-0.04,-8.16,145000000,0,綠縮,否,,0.48,0.55,0.63,,-21.1726,-15.6682,-12.6741
705920,新應材元富59購02,2026-07-20,0.09,-0.05,-35.71,3000000,0,,否,,0.52,1.52,,,-79.6209,,
705926,新應材永豐5C購04,2026-07-20,0.18,0.0,0.0,1000000,0,綠增,否,,0.22,0.27,0.33,,-33.9394,-17.7177,-15.0773
705927,新應材永豐63購02,2026-07-20,0.31,0.01,3.33,807000000,0,綠增,是,,0.35,0.4,0.46,,-25.1082,-12.743,-11.7534
705928,雙鴻永豐63購01,2026-07-20,0.49,-0.08,-14.04,126000000,0,綠縮,是,,0.55,0.67,0.8,,-30.8861,-18.7348,-13.1522
705931,台半國票5A購01,2026-07-20,3.88,-0.9,-18.83,39000000,0,,是,,7.83,10.65,9.05,,-41.8128,-3.6561,-2.9964
705932,弘塑國票5A購01,2026-07-20,4.01,-1.34,-25.05,10000000,0,,是,,8.07,,,,,,
705934,松瑞藥國票5A購01,2026-07-20,0.4,-0.02,-4.76,411000000,0,綠增,否,,0.45,0.49,0.5,,-14.4487,-2.008,-8.6364
705935,胡連國票5A購01,2026-07-20,0.35,-0.03,-7.89,132000000,0,綠增,是,,0.46,0.51,0.54,,-17.6259,-7.3126,-8.9151
705939,新應材國票5B購01,2026-07-20,0.33,0.03,10.0,121000000,0,綠縮,是,,0.38,0.49,0.63,,-36.4238,-24.0,-22.7523
705940,新應材國票5C購01,2026-07-20,0.36,0.01,2.86,43000000,0,綠增,是,,0.42,0.53,0.64,,-34.375,-17.3167,-16.3816
705941,群翊國票5A購01,2026-07-20,2.75,0.02,0.73,55000000,0,,是,,3.21,3.52,3.57,,-16.3361,-7.5407,
705944,新應材富邦5C購02,2026-07-20,0.22,0.02,10.0,830000000,0,,是,,0.25,0.32,0.41,,-34.8718,-22.5962,-26.5957
705945,均豪統一73購01,2026-07-20,0.4,-0.05,-11.11,15000000,0,綠增,是,,0.49,0.56,0.54,,-22.1519,-3.2702,-8.1356
705946,宏捷科統一63購01,2026-07-20,0.35,-0.04,-10.26,10000000,0,綠增,否,,0.49,0.61,0.72,,-32.6027,-22.1656,-12.0563
705947,系微統一73購01,2026-07-20,0.63,-0.02,-3.08,35000000,0,綠增,是,,0.74,0.82,0.89,,-17.8808,-13.6126,-7.7483
705948,良維統一63購02,2026-07-20,0.6,-0.08,-11.76,224000000,0,,是,,0.91,1.13,,,-32.3442,-13.01,
705950,宜特統一73購01,2026-07-20,0.55,-0.04,-6.78,104000000,0,,是,,0.67,0.71,0.75,,-11.6095,-8.1081,
705952,前鼎統一73購01,2026-07-20,0.85,-0.05,-5.56,2000000,0,,否,,1.74,,,,,,
705960,宜鼎元大59購04,2026-07-20,3.2,-0.6,-15.79,10000000,0,,否,,6.49,,,,,,
705969,新應材元大61購03,2026-07-20,0.33,0.01,3.12,15000000,0,綠縮,是,,0.36,0.41,0.48,,-21.5859,-18.1818,-19.0917
705972,雙鴻凱基59購13,2026-07-20,0.8,-0.14,-14.89,30000000,0,,否,,1.14,1.48,,,-37.3904,-32.6827,
705975,台特化元大59購06,2026-07-20,0.31,-0.08,-20.51,176000000,0,,是,,0.62,0.72,0.87,,-24.7573,-18.6937,-19.4509
705984,博智元大5C購02,2026-07-20,3.3,-0.38,-10.33,7000000,0,,,,,,,,,,
705985,鈊象元大59購01,2026-07-20,0.22,-0.01,-4.35,10000000,0,綠增,是,,0.4,0.57,0.65,,-46.2366,-18.6344,-19.9381
705986,世紀*國票5A購01,2026-07-20,0.13,-0.06,-31.58,490000000,0,,是,,0.32,0.39,0.42,,-32.6271,-6.1758,
705989,雙鴻國票5A購02,2026-07-20,0.88,-0.25,-22.12,20000000,0,,是,,1.14,1.81,,,-54.3041,-45.9403,
705992,均華國泰5A購01,2026-07-20,2.73,-1.53,-35.92,81000000,0,,是,,3.71,4.55,,,-31.0946,-16.2157,
705994,蜜望實統一63購01,2026-07-20,1.59,-0.25,-13.59,10000000,0,綠增,否,,2.11,2.6,2.87,,-31.5415,-19.7717,0.0872
706003,世界中信59購01,2026-07-20,1.59,-0.75,-32.05,23000000,0,綠增,否,,2.46,2.92,3.08,,-27.1758,-22.655,3.6975
706005,蜜望實永豐5B購01,2026-07-20,3.35,-0.7,-17.28,1000000,0,,否,,8.23,8.09,,,3.522,29.8555,
706006,穩得永豐5B購01,2026-07-20,0.65,-0.03,-4.41,20000000,0,,是,,0.89,1.18,,,-38.6831,-30.2905,
706008,均華凱基59購01,2026-07-20,0.34,-0.18,-34.62,146000000,0,綠增,是,,0.55,0.94,1.19,,-59.009,-27.5463,-26.5331
706015,緯軟國票5B購01,2026-07-20,0.46,0.02,4.55,99000000,0,綠增,是,,0.5,0.56,0.61,,-17.1053,-3.8062,-15.625
706017,宜鼎中信61購01,2026-07-20,1.05,-0.07,-6.25,76000000,0,,是,,1.51,2.06,2.49,,-41.8462,-26.2554,
706019,均華永豐5B購01,2026-07-20,3.62,-2.93,-44.73,19000000,0,,是,,4.98,6.88,,,-43.303,-28.6411,
706021,鈊象永豐5A購01,2026-07-20,0.77,0.1,14.93,34000000,0,,是,,0.97,1.26,1.51,,-37.2093,-19.4373,
706025,前鼎元富59購01,2026-07-20,2.81,-0.05,-1.75,10000000,0,,是,,,,,,,,
706030,均華統一62購01,2026-07-20,0.52,-0.04,-7.14,554000000,0,,否,,0.59,0.74,,,-33.3333,,
706031,均華統一63購03,2026-07-20,0.43,-0.05,-10.42,499000000,0,綠增,是,,0.52,0.65,0.73,,-33.1633,-15.5039,-19.3263
706032,均華統一73購01,2026-07-20,0.47,-0.07,-12.96,5000000,0,,否,,0.6,0.62,0.64,,-6.8323,-0.7974,
706033,均豪統一63購01,2026-07-20,0.47,-0.03,-6.0,1000000,0,,否,,0.79,0.76,0.77,,9.1413,8.477,
706034,宜鼎統一62購01,2026-07-20,0.93,-0.22,-19.13,69000000,0,綠增,否,,1.44,1.65,2.04,,-22.6638,-20.9291,-10.8586
706036,新普統一63購01,2026-07-20,0.59,-0.03,-4.84,64000000,0,綠增,否,,0.67,0.79,0.81,,-27.0742,-10.1022,-4.9621
706037,新普統一73購01,2026-07-20,0.57,-0.04,-6.56,36000000,0,綠增,否,,0.64,0.72,0.72,,-19.8492,-6.6406,-2.9451
706040,鑫聯統一62購02,2026-07-20,0.4,-0.05,-11.11,188000000,0,綠增,否,,0.7,0.85,0.7,,-30.1397,8.6845,-2.7586
706041,加百裕群益59購02,2026-07-20,0.23,-0.09,-28.12,10000000,0,,否,,0.45,0.68,,,-49.7788,-41.2121,
706048,原相富邦59購01,2026-07-20,0.65,0.04,6.56,174000000,0,綠增,是,,0.9,1.31,1.4,,-47.9769,-22.8739,-6.457
706052,均華國泰5A購02,2026-07-20,0.89,-0.65,-42.21,40000000,0,,是,,1.31,1.59,,,-30.0535,-20.9453,
706053,鈊象國泰5A購01,2026-07-20,1.02,0.09,9.68,2000000,0,,否,,1.57,1.56,1.68,,1.1568,-9.8502,
706054,台特化元大5B購01,2026-07-20,0.51,-0.09,-15.0,176000000,0,綠增,否,,0.73,0.85,0.93,,-24.6407,-11.3188,-10.4077
706055,台特化元大63購01,2026-07-20,0.46,-0.07,-13.21,1650000000,0,綠增,是,,0.61,0.69,0.74,,-21.6495,-8.9474,-7.4214
706058,巨漢元大59購02,2026-07-20,1.0,-0.32,-24.24,31000000,0,綠增,否,,1.61,1.77,1.92,,-16.546,-9.4898,-6.2393
706064,宜鼎元大59購08,2026-07-20,1.52,-0.34,-18.28,40000000,0,,是,,2.57,3.81,,,-49.1277,-36.6572,
706066,智通*元大59購02,2026-07-20,2.16,-0.17,-7.3,52000000,0,紅縮,否,,2.38,2.27,1.98,,10.2968,12.618,12.838
706069,雙鴻元大59購11,2026-07-20,0.22,-0.08,-26.67,495000000,0,綠增,是,,0.33,0.48,0.66,,-48.5804,-33.2406,-21.5348
706070,雙鴻元大59購12,2026-07-20,0.35,-0.08,-18.6,100000000,0,,是,,0.5,0.66,0.84,,-40.241,-26.087,-12.6885
706072,弘塑凱基5A購01,2026-07-20,3.6,-0.07,-1.91,7000000,0,,是,,4.39,5.75,5.91,,-38.1408,-15.1256,
706073,宜鼎凱基5A購04,2026-07-20,1.16,-0.27,-18.88,485000000,0,綠增,是,,2.08,2.85,3.99,,-42.2715,-31.6447,-19.15
706074,鈊象凱基5C購01,2026-07-20,1.9,0.19,11.11,5000000,0,,否,,2.31,2.44,2.6,,-10.6894,-6.4677,
706078,元太中信59購01,2026-07-20,0.49,-0.14,-22.22,20000000,0,綠增,否,,0.73,0.96,1.06,,-37.9661,-20.4659,-17.1674
706081,雙鴻中信63購01,2026-07-20,0.22,-0.05,-18.52,35000000,0,綠增,是,,0.26,0.32,0.36,,-30.6452,-19.0231,-16.3218
706087,旺矽永豐61購02,2026-07-20,3.71,-0.05,-1.33,10000000,0,,是,,4.66,5.05,4.76,,-14.27,-2.3211,
706088,旺矽永豐64購01,2026-07-20,4.13,-0.17,-3.95,1000000,0,,是,,5.83,5.76,5.28,,2.2105,10.1491,
706091,雙鴻永豐59購04,2026-07-20,0.15,-0.08,-34.78,40000000,0,,否,,0.52,0.59,,,-21.3415,-26.9327,
706094,均豪國泰5A購01,2026-07-20,0.72,-0.45,-38.46,102000000,0,,是,,1.18,1.76,1.66,,-49.8294,-12.6984,-17.7563
706098,宜鼎富邦5C購03,2026-07-20,0.81,-0.19,-19.0,9000000,0,綠增,是,,1.28,1.63,2.12,,-35.7143,-26.3087,-14.8497
706103,台特化元大63購02,2026-07-20,0.47,-0.1,-17.54,186000000,0,,是,,0.63,0.73,0.77,,-22.7384,-9.7136,-13.2353
706108,宜鼎元大59購09,2026-07-20,0.59,-0.06,-9.23,35000000,0,綠增,否,,0.97,1.3,1.87,,-40.9756,-28.2334,-19.94
706110,茂迪元大59購07,2026-07-20,0.14,-0.06,-30.0,110000000,0,,是,,0.26,0.35,0.49,,-41.0959,-35.1955,
706114,雙鴻元大59購14,2026-07-20,0.24,-0.08,-25.0,576000000,0,綠增,是,,0.3,0.42,0.53,,-42.8571,-27.0506,-19.1896
706115,雙鴻元大63購02,2026-07-20,0.36,-0.05,-12.2,386000000,0,,是,,0.45,0.59,,,-38.4196,-31.4451,
706118,台星科國票61購01,2026-07-20,1.28,-0.13,-9.22,609000000,0,,是,,1.65,2.03,2.17,,-31.0259,-14.3702,
706119,宏捷科國票5A購01,2026-07-20,0.17,-0.07,-29.17,438000000,0,,是,,0.34,0.51,0.78,,-49.8525,-42.1591,
706121,宜鼎國票5A購03,2026-07-20,0.99,-0.2,-16.81,417000000,0,綠增,是,,1.56,2.04,2.82,,-38.0349,-29.5658,-17.6067
706126,大綜統一63購01,2026-07-20,0.62,-0.05,-7.46,52000000,0,綠增,否,,0.86,0.94,1.44,,-15.7895,-31.0219,-14.0686
706130,正基統一62購01,2026-07-20,0.22,-0.03,-12.0,10000000,0,,否,,0.39,,,,,,
706134,宜鼎統一63購02,2026-07-20,0.9,-0.05,-5.26,194000000,0,綠增,是,,1.19,1.43,1.79,,-28.8115,-20.2015,-12.7042
706135,宜鼎統一63購03,2026-07-20,0.54,-0.09,-14.29,742000000,0,綠增,是,,0.71,0.82,0.94,,-23.1602,-16.5475,-10.6888
706136,宜鼎統一66購02,2026-07-20,0.68,-0.11,-13.92,334000000,0,綠增,是,,0.92,1.09,1.32,,-26.9414,-17.21,-12.0799
706137,宜鼎統一73購01,2026-07-20,0.63,-0.08,-11.27,1031000000,0,綠增,是,,0.83,0.99,1.09,,-28.0763,-13.3624,-9.4488
706142,雙鴻統一63購01,2026-07-20,0.22,-0.12,-35.29,100000000,0,,是,,0.35,0.44,,,-32.8244,,
706145,元太群益59購03,2026-07-20,0.94,-0.1,-9.62,852000000,0,,是,,1.33,1.7,1.94,,-35.6589,-21.7351,
706148,宜鼎群益59購05,2026-07-20,1.01,-0.44,-30.34,10000000,0,綠增,是,,1.98,2.68,3.84,,-41.4446,-37.0031,-17.4451
706149,宜鼎群益59購06,2026-07-20,1.65,-0.21,-11.29,632000000,0,,是,,2.91,3.73,4.84,,-36.2719,-29.6324,
706153,德微群益63購01,2026-07-20,2.53,-0.36,-12.46,121000000,0,,是,,4.75,4.87,4.63,,-4.7295,13.5664,
706154,雙鴻群益63購02,2026-07-20,0.23,-0.04,-14.81,242000000,0,綠增,是,,0.27,0.33,0.38,,-31.9797,-18.0693,-15.3504
706164,聖暉*凱基59購04,2026-07-20,5.0,-0.95,-15.97,21000000,0,,是,,4.98,,,,,,
706170,良維群益5C購02,2026-07-20,1.51,-0.53,-25.98,25000000,0,,是,,3.04,3.23,,,-11.1111,,
706179,均華富邦5B購01,2026-07-20,0.64,-0.04,-5.88,231000000,0,綠增,是,,0.71,0.96,1.05,,-40.7654,-13.0,-12.1276
706180,均華統一63購04,2026-07-20,0.42,-0.05,-10.64,6000000,0,,否,,0.57,0.58,0.68,,-2.7119,-7.9114,
706182,旺矽統一63購05,2026-07-20,1.56,-0.04,-2.5,20000000,0,,是,,2.13,2.34,2.24,,-16.6275,-3.8651,2.6532
706184,台特化元大63購03,2026-07-20,0.36,-0.05,-12.2,713000000,0,紅轉綠,是,,0.53,0.59,0.64,,-16.875,-10.8067,-13.2514
706185,均華元大5C購01,2026-07-20,0.33,-0.1,-23.26,10000000,0,,是,,0.53,0.7,0.73,,-37.907,-12.9838,
706191,宜鼎元大59購13,2026-07-20,0.92,-0.24,-20.69,1000000,0,,否,,1.64,2.27,,,-43.7414,-15.7582,
706192,旺矽元大59購12,2026-07-20,2.75,-0.9,-24.66,313000000,0,,是,,4.23,4.91,5.05,,-24.3466,-16.0363,
706194,旺矽元大59購14,2026-07-20,2.09,-0.76,-26.67,10000000,0,綠增,是,,4.0,4.7,4.82,,-25.7238,-9.6942,0.5739
706195,陽程元大59購01,2026-07-20,2.13,-1.13,-34.66,40000000,0,,是,,3.21,3.42,,,-11.2707,-18.8213,
706197,精測元大59購02,2026-07-20,0.06,-0.03,-33.33,3000000,0,,是,,0.16,0.46,0.65,,-79.3103,-47.8809,
706198,精測元大5C購02,2026-07-20,0.16,-0.01,-5.88,180000000,0,,是,,0.27,0.3,0.34,,-20.3593,-15.9664,-7.9301
706207,宜鼎國票65購01,2026-07-20,1.6,-0.18,-10.11,506000000,0,綠增,是,,2.12,2.53,3.16,,-27.9402,-22.3143,-12.6227
706210,德微國票65購01,2026-07-20,3.06,-0.54,-15.0,21000000,0,,是,,6.0,5.17,,,38.0405,-1.8585,
706214,宜鼎永豐5B購01,2026-07-20,0.88,-0.13,-12.87,584000000,0,綠增,是,,1.25,1.55,2.0,,-32.2126,-22.1439,-14.6721
706223,弘塑元富5C購01,2026-07-20,3.44,-0.08,-2.27,12000000,0,綠增,是,,3.93,5.01,4.89,,-35.4023,-10.8344,-2.8699
706225,宏捷科元富5C購02,2026-07-20,0.63,-0.15,-19.23,179000000,0,,是,,1.08,1.51,,,-44.7639,-24.2105,
706227,旺矽元富59購05,2026-07-20,2.14,-0.35,-14.06,9000000,0,,是,,3.63,4.13,3.76,,-21.6228,-0.3376,
706235,雙鴻元富59購05,2026-07-20,0.58,-0.21,-26.58,194000000,0,,是,,0.89,1.24,1.64,,-44.4305,-29.8137,-22.0665
706238,鑫科元富59購01,2026-07-20,0.46,-0.26,-36.11,100000000,0,綠增,是,,0.9,1.17,1.21,,-37.7254,-18.41,-19.6607
706240,元太兆豐63購01,2026-07-20,2.16,-0.03,-1.37,278000000,0,,是,,2.54,2.67,2.58,,-9.3438,2.2571,
706242,M31凱基59購01,2026-07-20,0.17,0.08,88.89,10000000,0,,是,,0.34,0.53,,,-53.2967,,
706243,M31凱基59購02,2026-07-20,0.28,0.12,75.0,123000000,0,,是,,0.38,0.6,,,-53.8647,-30.2191,
706245,M31凱基5B購01,2026-07-20,0.43,0.15,53.57,130000000,0,綠縮,是,,0.48,0.66,0.81,,-44.0,-26.0045,-29.0478
706247,巨漢凱基59購02,2026-07-20,1.01,-0.21,-17.21,72000000,0,綠增,是,,1.47,1.55,1.7,,-9.8039,-9.2928,-6.8257
706249,宏捷科凱基5C購01,2026-07-20,0.4,-0.06,-13.04,22000000,0,,否,,0.74,1.07,,,-47.1347,-31.0278,
706250,信驊凱基59購05,2026-07-20,3.16,-0.33,-9.46,246000000,0,,是,,3.64,4.94,6.83,,-41.6907,-30.376,
706251,信驊凱基59購06,2026-07-20,2.71,-1.02,-27.35,10000000,0,,是,,3.85,,,,,,
706252,信驊凱基5B購02,2026-07-20,3.68,0.1,2.79,230000000,0,,是,,3.89,5.32,7.09,,-42.2598,-27.6523,
706253,信驊凱基5C購01,2026-07-20,3.06,-0.22,-6.71,45000000,0,,是,,3.23,4.0,,,-32.4686,-21.9493,
706258,信驊中信59購01,2026-07-20,1.44,0.04,2.86,217000000,0,綠縮,是,,1.62,2.28,3.15,,-44.9049,-26.8035,-19.8727
706259,M31永豐5B購01,2026-07-20,0.52,0.15,40.54,310000000,0,,是,,0.6,0.71,0.81,,-27.1394,-19.0149,-22.9787
706260,M31永豐5C購01,2026-07-20,0.51,0.12,30.77,976000000,0,綠縮,是,,0.51,0.67,0.78,,-38.9423,-22.2738,-19.3347
706267,M31元富59購01,2026-07-20,0.64,0.22,52.38,393000000,0,,是,,0.63,0.93,,,-48.2815,-28.6923,
706275,信驊群益5B購05,2026-07-20,2.74,0.09,3.4,100000000,0,綠縮,是,,2.9,3.62,4.42,,-33.0876,-21.2609,-14.3286
706282,M31統一63購03,2026-07-20,0.45,0.11,32.35,2000000,0,綠縮,否,,0.41,0.48,0.53,,-25.641,-14.5422,-9.9659
706283,M31富邦5B購01,2026-07-20,0.3,0.08,36.36,80000000,0,,是,,0.31,0.44,,,-45.583,-44.0461,
706284,台特化富邦5C購01,2026-07-20,0.09,-0.04,-30.77,2194000000,0,,是,,0.18,0.2,0.25,,-14.2857,-17.3729,
706285,信驊富邦5C購01,2026-07-20,2.62,0.04,1.55,122000000,0,,是,,2.74,3.45,,,-34.3255,-23.3962,
706287,雙鴻富邦5C購03,2026-07-20,0.26,-0.06,-18.75,554000000,0,,是,,0.3,0.39,0.56,,-37.3444,-27.4074,
706288,M31國票5A購01,2026-07-20,0.5,0.28,127.27,1000000,0,,否,,0.54,1.1,,,-67.1913,-48.3522,
706289,天品國票59購01,2026-07-20,0.93,-0.19,-16.96,603000000,0,綠增,是,,1.24,1.37,1.3,,-16.5101,-2.2873,1.0066
706294,信驊國票5B購03,2026-07-20,2.52,0.09,3.7,68000000,0,,是,,2.62,3.37,4.32,,-36.4078,-28.0529,
706298,鑫科國票5A購01,2026-07-20,0.46,-0.13,-22.03,400000000,0,,是,,1.03,1.38,,,-40.3712,,
706299,M31元大59購02,2026-07-20,0.45,0.1,28.57,56000000,0,,是,,1.05,1.22,,,-24.1329,,
706300,M31元大59購03,2026-07-20,0.58,0.07,13.73,4000000,0,,是,,1.07,1.25,,,-24.8596,-31.4458,
706301,巨漢元大59購03,2026-07-20,0.44,-0.26,-37.14,2000000,0,綠增,是,,0.77,0.88,0.97,,-21.3415,-12.3629,-9.9074
706303,良維元大59購11,2026-07-20,0.58,-0.03,-4.92,100000000,0,,是,,1.86,2.05,,,-17.4377,,
706308,信驊元大59購03,2026-07-20,1.75,0.05,2.94,9000000,0,綠縮,是,,1.91,2.67,3.54,,-44.3473,-27.4382,-15.6056
706310,湧德元大59購02,2026-07-20,0.33,0.0,0.0,136000000,0,,是,,0.7,0.76,,,-12.6551,-31.4882,
706313,雙鴻元大5C購04,2026-07-20,0.4,-0.1,-20.0,428000000,0,,是,,0.54,0.64,0.72,,-26.6846,-17.6697,-12.4314
706319,印能凱基5B購01,2026-07-20,3.9,-0.47,-10.76,24000000,0,,是,,4.03,4.23,,,-8.8979,-7.2962,
706327,穩得凱基5C購01,2026-07-20,0.6,-0.07,-10.45,10000000,0,,否,,1.04,,,,,,
706328,弘塑國票65購01,2026-07-20,2.92,-0.17,-5.5,9000000,0,綠增,否,,3.41,3.95,4.08,,-23.8626,-12.0098,-1.8977
706329,正德國票59購01,2026-07-20,0.27,-0.03,-10.0,60000000,0,,否,,0.4,0.5,0.65,,-31.8644,-26.0805,-15.7827
706331,亞泰國票5A購01,2026-07-20,1.05,-0.44,-29.53,193000000,0,紅轉綠,是,,2.18,2.73,2.69,,-33.699,-4.3798,-10.9308
706339,雙鴻元大5C購05,2026-07-20,0.33,-0.07,-17.5,526000000,0,,是,,0.41,0.52,0.61,,-36.3636,-20.3053,-15.4483
706341,鑫聯元大63購02,2026-07-20,0.53,-0.07,-11.67,17000000,0,,否,,0.65,0.65,0.67,,0.0,0.0,-10.7784
706342,雙鴻國泰61購01,2026-07-20,0.59,-0.16,-21.33,229000000,0,,是,,0.71,0.88,1.03,,-32.3136,-19.0959,-18.9242
706346,台特化統一63購04,2026-07-20,0.18,-0.05,-21.74,54000000,0,,是,,0.3,0.32,,,-12.8655,-16.4491,
706348,亞泰統一62購02,2026-07-20,0.77,-0.32,-29.36,19000000,0,綠增,否,,1.33,1.83,1.92,,-43.0163,-22.1419,-6.1873
706349,博智統一63購01,2026-07-20,1.13,-0.26,-18.71,2000000,0,,否,,1.81,,,,,,
706351,弘塑永豐5C購03,2026-07-20,2.1,-0.15,-6.67,912000000,0,綠增,是,,2.64,3.22,3.5,,-30.6155,-18.087,-2.6055
706354,雙鴻永豐61購02,2026-07-20,0.62,-0.07,-10.14,622000000,0,綠縮,是,,0.68,0.82,0.97,,-29.375,-17.5227,-14.0062
706355,雙鴻永豐64購01,2026-07-20,0.61,-0.09,-12.86,6000000,0,綠增,是,,0.72,0.86,0.99,,-27.6,-18.3712,-14.7957
706357,印能元富59購04,2026-07-20,4.46,-0.84,-15.85,35000000,0,,是,,4.47,4.94,,,-17.5102,-13.2877,
706370,弘塑凱基59購06,2026-07-20,1.02,-0.54,-34.62,20000000,0,,是,,2.22,3.38,3.37,,-51.2313,-19.7009,-11.8979
706371,良維凱基61購01,2026-07-20,1.04,-0.02,-1.89,115000000,0,,否,,1.82,2.25,2.67,,-32.0628,-15.8427,
706375,譜瑞凱基59購04,2026-07-20,1.99,-0.2,-9.13,2000000,0,,否,,2.91,3.29,3.9,,-20.5674,-15.645,
706383,均豪元富59購01,2026-07-20,0.47,-0.15,-24.19,62000000,0,綠增,否,,0.82,1.22,1.19,,-49.5695,-15.7133,-11.7364
706385,華宏元富59購02,2026-07-20,0.18,0.07,63.64,1000000,0,,否,,0.26,0.52,,,-66.4962,-51.8894,
706390,湧德群益5B購01,2026-07-20,0.41,-0.17,-29.31,198000000,0,,是,,0.73,0.89,,,-30.1527,-34.5588,
706395,大學光國票59購01,2026-07-20,0.34,-0.02,-5.56,65000000,0,,是,,0.42,0.5,0.54,,-28.1787,-11.032,
706396,東捷國票59購01,2026-07-20,3.91,-1.14,-22.57,30000000,0,,否,,,,,,,,
706399,華義國票5A購02,2026-07-20,0.46,-0.08,-14.81,6000000,0,,否,,0.6,0.89,,,-48.7179,-33.6084,
706400,陽程國票59購02,2026-07-20,2.55,-0.95,-27.14,10000000,0,,是,,3.43,3.67,,,-12.5574,,
706402,聚和國票5A購02,2026-07-20,0.4,-0.1,-20.0,140000000,0,,是,,0.58,0.72,,,-32.3185,-7.013,
706407,良維元大59購15,2026-07-20,1.46,0.08,5.8,84000000,0,,是,,5.07,,,,,,
706410,雙鴻元大59購22,2026-07-20,0.17,-0.02,-10.53,5000000,0,,否,,0.34,0.57,,,-57.7114,,
706419,弘塑富邦61購01,2026-07-20,1.36,-0.07,-4.9,89000000,0,,是,,1.59,2.01,1.98,,-34.5933,-11.5165,
706420,宏捷科富邦5B購01,2026-07-20,0.3,-0.11,-26.83,238000000,0,,是,,0.47,0.58,0.79,,-32.7586,-26.9762,
706421,宏捷科富邦5C購01,2026-07-20,0.23,-0.11,-32.35,315000000,0,,是,,0.43,0.69,,,-54.334,-30.404,
706423,智通*富邦5B購02,2026-07-20,1.05,-0.12,-10.26,2000000,0,紅縮,否,,1.22,1.1,0.99,,24.2363,17.0032,10.4528
706425,雙鴻富邦5C購04,2026-07-20,0.33,-0.09,-21.43,80000000,0,,是,,0.4,0.52,0.67,,-37.931,-22.6048,
706426,弘塑元大59購06,2026-07-20,0.97,-0.28,-22.4,30000000,0,綠增,是,,1.44,1.96,2.25,,-41.9147,-26.0722,-8.3622
706428,印能元大59購07,2026-07-20,1.71,-0.41,-19.34,10000000,0,,是,,1.83,2.26,,,-32.0208,-23.1475,
706432,茂迪元大63購05,2026-07-20,0.27,-0.08,-22.86,105000000,0,,是,,0.44,0.55,,,-31.2693,-5.7093,
706437,雙鴻元大59購23,2026-07-20,0.13,-0.05,-27.78,35000000,0,,是,,0.29,0.47,,,-56.135,-27.3994,
706438,雙鴻元大59購24,2026-07-20,0.3,-0.08,-21.05,495000000,0,綠增,是,,0.37,0.48,0.61,,-37.6271,-24.0887,-17.6232
706439,穩得元大5A購01,2026-07-20,0.12,-0.23,-65.71,1000000,0,,否,,0.4,0.64,,,-54.195,-32.881,
706442,印能群益5B購01,2026-07-20,2.51,-0.78,-23.71,20000000,0,,是,,2.72,2.95,3.36,,-14.4472,-17.0225,
706446,湧德群益5C購01,2026-07-20,0.41,-0.05,-10.87,162000000,0,,是,,0.77,0.84,0.93,,-15.5022,-4.9494,-14.7005
706450,環球晶中信59購02,2026-07-20,5.3,-0.75,-12.4,1000000,0,紅縮,否,,7.1,6.53,5.36,,19.1275,26.2568,31.0214
706454,合晶永豐59購01,2026-07-20,33.1,-5.7,-14.69,9000000,0,,是,,44.92,41.36,,,18.836,49.53,
706455,系微永豐5C購01,2026-07-20,0.32,-0.07,-17.95,160000000,0,,是,,0.45,0.62,0.72,,-42.4936,-22.3338,-15.4699
706465,弘塑元富59購04,2026-07-20,0.96,-0.48,-33.33,20000000,0,綠增,是,,1.88,2.66,2.85,,-45.4756,-23.9726,-10.4062
706471,力致凱基59購01,2026-07-20,0.45,-0.08,-15.09,25000000,0,,是,,1.08,1.55,,,-46.3366,,
706476,良維凱基5C購01,2026-07-20,1.42,0.08,5.97,50000000,0,,是,,2.84,3.04,3.36,,-12.3533,-7.6315,
706477,宜特凱基59購03,2026-07-20,0.28,-0.17,-37.78,15000000,0,,是,,0.86,1.06,1.24,,-31.4696,-18.1536,
706479,博智凱基61購01,2026-07-20,1.22,-0.2,-14.08,429000000,0,綠增,是,,1.86,2.35,2.87,,-34.4147,-21.6288,-8.6825
706480,湧德凱基5B購01,2026-07-20,0.42,-0.06,-12.5,158000000,0,,是,,0.75,0.9,1.03,,-27.9693,-11.8744,
706482,萬泰科凱基59購02,2026-07-20,1.06,-0.19,-15.2,38000000,0,,是,,2.83,3.01,3.28,,-11.2296,-3.2476,
706486,九豪國票59購02,2026-07-20,1.18,-0.53,-30.99,50000000,0,綠增,是,,2.82,4.59,4.94,,-55.6325,-24.3029,-7.565
706492,廣明兆豐63購01,2026-07-20,0.41,0.0,0.0,10000000,0,綠增,是,,0.51,0.57,0.62,,-17.4194,-9.7289,-12.8671
706498,閎康群益63購02,2026-07-20,1.75,-0.08,-4.37,8000000,0,,否,,2.52,2.74,,,-14.3245,-12.3959,
706507,中美晶元大5C購02,2026-07-20,3.33,-1.0,-23.09,38000000,0,,是,,2.44,2.06,,,44.9465,42.8571,
706508,中美晶元大63購01,2026-07-20,2.86,0.01,0.35,12000000,0,,是,,2.99,2.5,1.95,,48.4127,45.4123,26.8293
706510,宜特元大59購01,2026-07-20,0.78,-0.02,-2.5,187000000,0,,是,,1.12,1.15,1.3,,-5.0676,-11.8411,-7.6623
706512,博智元大59購03,2026-07-20,0.4,-0.18,-31.03,26000000,0,,是,,0.95,1.35,,,-46.311,-27.5161,
706514,湧德元大59購03,2026-07-20,0.12,-0.02,-14.29,120000000,0,,是,,0.26,0.33,0.47,,-35.8209,-20.6731,-24.577
706515,湧德元大59購04,2026-07-20,0.14,-0.08,-36.36,60000000,0,,是,,0.33,0.45,0.55,,-42.6056,-18.5792,-27.2304
706516,湧德元大59購05,2026-07-20,0.31,-0.01,-3.12,80000000,0,,是,,0.51,0.59,0.87,,-26.0234,-27.2616,
706522,台燿中信59購05,2026-07-20,3.45,-0.17,-4.7,2000000,0,,,,,,,,,,
706523,博智中信59購01,2026-07-20,0.29,-0.14,-32.56,1600000000,0,綠增,是,,0.6,0.82,1.03,,-42.5287,-26.1456,-9.4589
706531,均豪國票59購02,2026-07-20,0.31,-0.15,-32.61,460000000,0,,是,,1.09,,,,,,
706534,前鼎國票61購02,2026-07-20,2.13,-0.09,-4.05,18000000,0,,是,,2.98,,,,,,
706535,閎康國票5A購03,2026-07-20,0.74,-0.11,-12.94,86000000,0,綠增,是,,1.12,1.49,1.72,,-39.1116,-22.2513,-19.8739
706536,順達國票5A購02,2026-07-20,1.13,-0.37,-24.67,614000000,0,紅轉綠,否,,2.04,2.05,2.12,,-1.8322,3.5264,-1.1197
706543,均豪凱基59購02,2026-07-20,0.5,-0.33,-39.76,10000000,0,,否,,0.98,1.2,,,-31.7039,-3.5228,
706544,博智凱基59購07,2026-07-20,0.24,-0.12,-33.33,70000000,0,綠增,否,,0.55,0.85,1.21,,-51.4886,-33.0174,-17.6671
706545,閎康凱基61購01,2026-07-20,1.37,-0.23,-14.37,184000000,0,,是,,1.94,2.4,,,-32.355,-20.06,
706547,精測凱基59購03,2026-07-20,0.06,-0.02,-25.0,244000000,0,綠縮,是,,0.12,0.21,0.45,,-60.9272,-50.4717,-26.4443
706551,聚和中信59購01,2026-07-20,0.31,-0.05,-13.89,200000000,0,紅轉綠,是,,0.51,0.59,0.53,,-24.2515,3.7102,-5.8563
706559,博智元富59購01,2026-07-20,0.43,-0.2,-31.75,1000000,0,,否,,1.07,1.65,1.85,,-52.2361,-15.9715,
706562,鑫聯國泰5A購02,2026-07-20,1.33,0.0,0.0,2000000,0,,否,,1.5,,,,,,
706563,台燿富邦73購01,2026-07-20,2.09,0.0,0.0,10000000,0,,是,,3.13,,,,,,
706564,良維富邦5C購01,2026-07-20,0.51,0.05,10.87,40000000,0,綠增,否,,0.72,0.95,1.05,,-39.0492,-19.3191,-16.3738
706565,博智富邦61購01,2026-07-20,0.67,-0.19,-22.09,734000000,0,綠增,是,,0.98,1.2,1.38,,-30.5085,-18.5889,-9.2014
706566,順達富邦5C購01,2026-07-20,1.02,-0.38,-27.14,30000000,0,,否,,1.66,1.67,1.65,,-0.3593,2.5846,-6.0183
706567,精測富邦5B購01,2026-07-20,0.16,0.01,6.67,344000000,0,綠縮,是,,0.2,0.3,0.46,,-49.7462,-39.4683,-17.8891
706569,中美晶群益5B購01,2026-07-20,6.8,-0.25,-3.55,28000000,0,紅縮,否,,7.37,5.98,4.47,,60.4965,62.483,44.8516
706570,永信建群益59購01,2026-07-20,0.44,-0.04,-8.33,1000000,0,,否,,0.66,,,,,,
706571,宏觀群益59購04,2026-07-20,0.05,-0.01,-16.67,85000000,0,紅縮,是,,0.09,0.12,0.2,,-41.5584,-36.7876,-29.0036
706572,良維群益61購01,2026-07-20,1.04,-0.11,-9.57,40000000,0,,是,,1.96,2.25,,,-22.573,-12.8682,
706573,博智群益63購01,2026-07-20,2.64,-0.31,-10.51,357000000,0,綠增,是,,3.45,4.04,4.59,,-25.346,-15.8399,-6.3583
706576,順達群益5C購01,2026-07-20,1.95,-0.47,-19.42,44000000,0,綠增,是,,3.1,3.35,3.42,,-13.8487,-1.7611,-5.8783
706579,精測群益63購01,2026-07-20,0.45,-0.06,-11.76,811000000,0,綠縮,是,,0.57,0.72,0.97,,-34.4111,-26.6121,-15.3444
706580,雙鴻群益59購11,2026-07-20,0.32,-0.07,-17.95,11000000,0,,否,,0.68,0.81,1.05,,-26.7666,-17.449,
706585,宏捷科元大59購02,2026-07-20,0.35,-0.09,-20.45,6000000,0,綠增,是,,0.54,0.73,0.96,,-41.4847,-29.9228,-17.9302
706590,萬泰科元大5C購02,2026-07-20,0.98,-0.15,-13.27,49000000,0,,是,,1.34,1.66,,,-32.4242,,
706594,精測元大5C購03,2026-07-20,0.22,0.02,10.0,120000000,0,綠增,是,,0.28,0.33,0.44,,-27.6042,-28.8172,-12.9703
706595,雙鴻台新59購04,2026-07-20,0.45,-0.26,-36.62,28000000,0,,是,,1.0,1.28,,,-35.8876,-24.144,
706597,元太凱基59購02,2026-07-20,2.19,-0.14,-6.01,1200000000,0,,是,,2.86,3.64,3.9,,-35.2355,-14.8408,
706600,永信建凱基59購01,2026-07-20,1.14,-0.05,-4.2,11000000,0,,否,,1.46,1.47,1.61,,-0.9511,-9.7351,2.609
706607,閎康凱基5A購02,2026-07-20,0.78,0.01,1.3,2000000,0,綠增,是,,1.06,1.47,1.82,,-43.2836,-27.7996,-18.4187
706611,元太國票5A購03,2026-07-20,1.33,0.0,0.0,476000000,0,,是,,2.31,,,,,,
706612,弘塑國票5C購01,2026-07-20,1.03,0.01,0.98,21000000,0,綠增,否,,1.2,1.46,1.59,,-31.0265,-17.9731,-2.3963
706613,弘塑國票63購01,2026-07-20,1.84,-0.03,-1.6,520000000,0,綠增,是,,2.11,2.5,2.7,,-26.8191,-16.1409,-2.0675
706618,神盾國票5A購01,2026-07-20,0.32,-0.04,-11.11,6000000,0,綠增,否,,0.46,0.61,0.73,,-39.6867,-26.0241,-10.3301
706619,常珵國票59購01,2026-07-20,0.22,0.0,0.0,499000000,0,,是,,0.31,0.4,0.49,,-38.0567,-25.2336,
706621,華電網國票59購02,2026-07-20,0.06,-0.01,-14.29,50000000,0,,否,,0.12,0.2,,,-56.2044,-50.1266,
706623,萬泰科國票5A購03,2026-07-20,1.69,-0.31,-15.5,28000000,0,,否,,2.92,3.43,3.76,,-25.8883,-10.8859,
706625,譜瑞國票5A購01,2026-07-20,1.65,-0.13,-7.3,15000000,0,綠增,否,,2.85,4.2,4.6,,-48.6837,-24.9105,-10.7985
706636,弘塑元大59購13,2026-07-20,0.74,-0.14,-15.91,9000000,0,,是,,1.12,1.63,1.66,,-47.7654,-18.7376,-12.0297
706638,弘塑元大59購15,2026-07-20,0.64,-0.12,-15.79,46000000,0,,否,,1.15,1.58,1.57,,-42.9283,-15.1694,-11.1488
706647,弘塑群益5B購02,2026-07-20,1.32,-0.07,-5.04,48000000,0,綠增,否,,1.66,2.16,2.4,,-37.9775,-21.5736,-3.3595
706652,華電網中信59購01,2026-07-20,0.02,0.0,0.0,4000000,0,,否,,0.04,0.07,0.12,,-58.0,-44.5313,-31.085
706655,系微國泰5A購01,2026-07-20,0.3,-0.06,-16.67,2000000,0,,否,,0.57,0.94,1.06,,-55.9816,-16.4591,-19.2895
706656,佶優國泰5A購01,2026-07-20,0.24,-0.06,-20.0,74000000,0,綠增,否,,0.52,0.74,0.85,,-46.0251,-23.3333,-14.9448
706659,弘塑富邦61購02,2026-07-20,1.13,-0.07,-5.83,47000000,0,綠增,是,,1.34,1.75,1.74,,-38.0908,-13.856,-3.0042
706660,均豪富邦61購01,2026-07-20,0.35,-0.09,-20.45,154000000,0,綠增,否,,0.49,0.63,0.62,,-37.018,-12.0666,-8.0981
706663,華電網富邦5C購01,2026-07-20,0.08,-0.02,-20.0,70000000,0,,是,,0.17,0.21,,,-29.7521,-24.2647,
706664,系微永豐5C購02,2026-07-20,0.43,0.0,0.0,525000000,0,,是,,0.57,0.7,0.81,,-32.2967,-21.9376,-15.7513
706665,長佳智永豐59購01,2026-07-20,0.19,-0.02,-9.52,342000000,0,,是,,0.27,0.32,0.33,,-27.4194,-7.4928,
706669,聚和永豐59購01,2026-07-20,0.47,-0.09,-16.07,5000000,0,綠增,否,,0.66,0.77,0.72,,-25.2847,0.2614,-5.7819
706673,弘塑元富5C購02,2026-07-20,1.88,-0.12,-6.0,17000000,0,綠增,否,,2.32,2.89,3.11,,-32.7546,-19.6776,-4.3932
706676,台特化兆豐5B購02,2026-07-20,0.19,-0.14,-42.42,178000000,0,,是,,0.35,0.44,0.52,,-31.6602,-17.1103,
706677,順達兆豐5B購02,2026-07-20,0.87,-0.35,-28.69,60000000,0,紅轉綠,是,,1.57,1.57,1.58,,-0.2538,-0.694,-3.4714
706680,茂迪群益59購03,2026-07-20,0.33,-0.02,-5.71,100000000,0,,否,,0.4,0.66,0.81,,-55.9913,-25.395,
706696,立碁永豐5B購01,2026-07-20,0.22,-0.12,-35.29,10000000,0,,是,,0.45,0.56,0.85,,-34.4118,-31.9226,
706699,立碁元富59購01,2026-07-20,0.26,-0.19,-42.22,3000000,0,,否,,0.78,1.21,,,-52.7339,,
706704,聖暉*中信59購01,2026-07-20,1.69,-0.8,-32.13,20000000,0,,否,,2.51,2.63,2.29,,-8.1812,6.3588,
706708,閎康國票61購01,2026-07-20,1.19,-0.08,-6.3,28000000,0,綠增,否,,1.55,1.89,2.08,,-30.0,-17.2005,-10.6684
706710,良維統一62購02,2026-07-20,0.66,-0.12,-15.38,162000000,0,,是,,1.08,1.17,1.26,,-14.3987,-4.8662,-10.9072
706711,宜特統一62購02,2026-07-20,0.56,-0.04,-6.67,214000000,0,綠增,是,,0.7,0.84,0.89,,-28.6885,-11.7212,-6.5651
706712,信紘科統一63購02,2026-07-20,0.43,-0.07,-14.0,42000000,0,綠增,否,,0.6,0.64,0.68,,-11.1765,-9.5775,-3.7615
706713,前鼎統一63購01,2026-07-20,0.95,-0.03,-3.06,10000000,0,,否,,2.45,,,,,,
706714,閎康統一63購01,2026-07-20,0.35,-0.08,-18.6,42000000,0,綠增,否,,0.49,0.59,0.64,,-29.5652,-12.8889,-8.649
706715,萬泰科統一62購02,2026-07-20,0.99,0.02,2.06,1000000,0,,否,,1.36,1.48,,,-15.1061,,
706717,世紀*元大59購01,2026-07-20,0.43,-0.05,-10.42,236000000,0,綠增,否,,0.73,0.85,0.8,,-24.6888,-4.5198,-4.8926
706724,良維元大59購18,2026-07-20,0.76,-0.1,-11.63,39000000,0,,是,,1.56,1.91,2.38,,-30.8576,-16.4629,
706727,宜特元大5C購01,2026-07-20,1.27,-0.17,-11.81,208000000,0,,是,,1.65,1.92,,,-24.4749,-10.3545,
706732,閎康元大5A購01,2026-07-20,1.11,-0.1,-8.26,51000000,0,,否,,1.47,1.77,1.72,,-28.3771,-7.4423,-10.782
706735,雙鴻元大59購26,2026-07-20,0.32,-0.08,-20.0,891000000,0,綠增,是,,0.38,0.52,0.63,,-42.6426,-24.1679,-17.0492
706736,譜瑞元大59購03,2026-07-20,6.95,0.0,0.0,1000000,0,紅縮,否,,6.95,6.9,5.99,,1.4599,9.2637,11.785
706740,立碁凱基59購01,2026-07-20,0.15,0.01,7.14,10000000,0,,,,,,,,,,
706742,宜特凱基59購05,2026-07-20,0.75,-0.23,-23.47,85000000,0,綠增,否,,1.3,1.74,1.83,,-40.4762,-14.9829,-12.509
706744,順達凱基59購03,2026-07-20,0.85,-0.92,-51.98,100000000,0,,是,,1.94,1.98,2.15,,-3.0907,-1.1017,-11.2051
706745,聖暉*凱基5A購01,2026-07-20,3.82,-0.51,-11.78,280000000,0,,是,,4.93,5.4,4.64,,-15.802,4.1892,
706746,頎邦凱基59購03,2026-07-20,16.0,-2.6,-13.98,1000000,0,,否,,23.72,27.78,,,-25.5025,-19.8268,
706748,聚和凱基5A購02,2026-07-20,0.8,-0.18,-18.37,535000000,0,,是,,1.1,1.4,1.36,,-35.0649,-1.5504,
706754,世紀*國票5A購02,2026-07-20,0.2,-0.07,-25.93,500000000,0,,否,,0.38,0.43,0.42,,-21.0744,5.0971,
706756,矽科國票5A購02,2026-07-20,0.48,-0.05,-9.43,3000000,0,,否,,0.81,0.9,,,-18.9135,,
706757,常珵國票59購02,2026-07-20,0.45,-0.02,-4.26,564000000,0,,是,,0.58,0.73,0.9,,-34.0136,-25.0768,-14.6457
706760,順達國票5B購01,2026-07-20,1.15,-0.27,-19.01,566000000,0,紅轉綠,否,,1.85,1.86,1.89,,-1.7039,1.86,-4.7535
706761,聖暉*國票5A購04,2026-07-20,3.52,-0.32,-8.33,81000000,0,,否,,5.37,5.76,5.07,,-12.8613,5.686,
706765,巨漢元大59購04,2026-07-20,1.39,-0.28,-16.77,2000000,0,,否,,1.86,2.13,2.25,,-22.8405,-9.5036,-7.705
706767,宏捷科元大59購03,2026-07-20,0.49,-0.08,-14.04,178000000,0,,是,,1.0,,,,,,
706768,良維元大59購20,2026-07-20,0.64,-0.1,-13.51,130000000,0,,是,,1.85,2.11,,,-21.374,-28.489,
706771,矽科元大59購02,2026-07-20,0.63,-0.17,-21.25,100000000,0,,是,,0.92,1.03,,,-20.6239,-3.4515,
706775,順達元大59購04,2026-07-20,1.7,-0.94,-35.61,6000000,0,,否,,2.98,2.95,3.07,,1.7088,-2.1552,
706776,順達元大59購05,2026-07-20,1.6,-0.85,-34.69,28000000,0,紅轉綠,否,,2.81,2.83,3.02,,-0.9859,-5.9567,-3.6387
706780,臺慶科元大59購04,2026-07-20,1.05,-0.4,-27.59,1000000,0,,是,,1.94,2.74,,,-45.4648,-18.3388,
706781,雙鴻元大59購27,2026-07-20,0.3,-0.1,-25.0,329000000,0,,是,,0.42,0.52,0.64,,-32.3625,-22.6866,
706788,宜特群益59購02,2026-07-20,1.2,-0.57,-32.2,151000000,0,綠增,否,,1.86,2.48,2.76,,-39.6764,-16.176,-12.5099
706789,前鼎群益5B購01,2026-07-20,1.08,-0.05,-4.42,17000000,0,,否,,1.59,2.1,,,-39.1437,-46.7072,
706790,順達群益5B購02,2026-07-20,1.36,-0.47,-25.68,517000000,0,紅轉綠,是,,2.08,2.1,2.21,,-2.1617,-4.3617,-4.4473
706796,鈊象富邦5B購02,2026-07-20,1.1,0.08,7.84,182000000,0,,否,,1.37,1.48,,,-13.5101,,
706798,雙鴻富邦5B購01,2026-07-20,0.64,-0.08,-11.11,50000000,0,,否,,0.66,0.82,,,-31.9672,-23.436,
706801,順達統一63購02,2026-07-20,0.67,-0.12,-15.19,15000000,0,,否,,0.92,0.94,0.96,,-4.1494,-0.5269,
706802,順達統一66購01,2026-07-20,0.57,-0.08,-12.31,10000000,0,,是,,0.77,0.81,0.81,,-9.8824,-3.0012,
706803,聖暉*統一65購01,2026-07-20,1.27,-0.03,-2.31,31000000,0,,是,,1.64,1.7,1.55,,-6.5984,2.8433,
706805,順達中信59購01,2026-07-20,0.26,-0.11,-29.73,38000000,0,綠增,否,,0.54,0.58,0.62,,-14.1026,-7.0513,-6.571
706812,前鼎元富59購02,2026-07-20,2.4,-0.03,-1.23,23000000,0,,,,,,,,,,
706813,勤凱元富59購02,2026-07-20,2.04,-0.76,-27.14,48000000,0,,,,,,,,,,
706821,巨漢凱基59購03,2026-07-20,1.9,-0.4,-17.39,2000000,0,,否,,2.49,2.73,,,-16.443,-5.0347,
706823,東捷凱基59購02,2026-07-20,3.46,-1.0,-22.42,52000000,0,,是,,6.35,8.17,9.18,,-36.4164,-16.1949,
706825,前鼎凱基5B購01,2026-07-20,1.69,-0.4,-19.14,33000000,0,,否,,2.84,3.49,,,-31.3678,,
706826,順達凱基5B購02,2026-07-20,0.74,-0.39,-34.51,163000000,0,,是,,1.44,1.41,,,4.0404,-16.9701,
706833,台燿元大59購18,2026-07-20,4.85,-1.15,-19.17,40000000,0,,是,,10.72,,,,,,
706835,台燿元大59購20,2026-07-20,3.1,-0.3,-8.82,1000000,0,,否,,6.88,,,,,,
706838,良維元大59購22,2026-07-20,0.5,-0.03,-5.66,100000000,0,,否,,1.37,1.53,,,-18.5493,,
706840,東捷元大59購02,2026-07-20,1.9,-1.05,-35.59,3000000,0,,否,,4.28,4.92,,,-23.204,-22.901,
706842,鈊象元大59購02,2026-07-20,0.91,0.14,18.18,651000000,0,,是,,0.99,1.25,1.37,,-35.3018,-14.7997,-14.0219
706843,鈊象元大5C購04,2026-07-20,0.6,0.06,11.11,659000000,0,綠縮,是,,0.64,0.75,0.79,,-25.1748,-8.2007,-14.0907
706844,鈊象元大63購04,2026-07-20,0.38,0.03,8.57,112000000,0,綠縮,否,,0.4,0.48,0.51,,-28.3688,-10.3704,-10.8466
706845,萬泰科元大63購01,2026-07-20,0.92,-0.15,-14.02,21000000,0,,是,,1.23,1.41,,,-22.4747,-17.0012,
706848,台燿中信59購07,2026-07-20,1.65,-0.57,-25.68,79000000,0,,是,,4.62,4.65,,,-1.1548,,
706850,東捷永豐5C購01,2026-07-20,2.71,-0.46,-14.51,22000000,0,,是,,4.43,4.99,,,-20.2591,,
706851,前鼎永豐5B購02,2026-07-20,0.96,-0.05,-4.95,20000000,0,,是,,1.25,,,,,,
706852,鈊象永豐5B購01,2026-07-20,0.48,0.06,14.29,1053000000,0,綠縮,是,,0.5,0.62,0.66,,-31.5217,-12.7989,-11.1111
706853,東捷國泰5A購02,2026-07-20,4.01,-0.76,-15.93,53000000,0,,,,,,,,,,
706858,聖暉*元富59購04,2026-07-20,4.52,-1.53,-25.29,13000000,0,,是,,9.68,9.53,7.88,,3.2409,17.1727,
706859,漢科元富5A購01,2026-07-20,1.33,-0.33,-19.88,75000000,0,紅轉綠,是,,1.63,1.77,1.76,,-15.3125,-4.933,-4.564
706860,廣運元富5C購01,2026-07-20,0.7,-0.17,-19.54,25000000,0,,否,,1.07,1.35,1.71,,-33.7037,-20.6714,
706863,中美晶群益62購01,2026-07-20,4.69,-0.19,-3.89,1000000,0,紅縮,否,,4.86,4.12,3.24,,44.3323,42.5061,30.7149
706868,順達群益5A購02,2026-07-20,0.69,-0.29,-29.59,467000000,0,,是,,1.39,1.48,,,-11.9441,-12.114,
706871,鈊象群益5B購01,2026-07-20,0.33,0.03,10.0,603000000,0,綠縮,是,,0.37,0.48,0.52,,-37.2014,-15.2753,-13.7988
706875,鑫科群益5B購01,2026-07-20,0.61,-0.19,-23.75,10000000,0,綠增,否,,1.01,1.1,1.15,,-16.0,-15.5318,-13.9264
706876,久元國票5A購02,2026-07-20,0.66,-0.19,-22.35,5000000,0,綠增,否,,0.94,1.14,1.37,,-30.1493,-18.7723,-16.8539
706877,美琪瑪國票5A購02,2026-07-20,0.51,-0.03,-5.56,4000000,0,,否,,1.17,1.46,,,-33.105,-18.4607,
706879,鈊象國票5A購03,2026-07-20,0.62,0.06,10.71,10000000,0,,是,,0.72,0.86,0.96,,-28.6282,-11.499,-10.4895
706889,順達元大59購07,2026-07-20,1.69,-0.54,-24.22,201000000,0,,是,,2.58,2.49,,,7.3211,-7.9764,
706890,順達元大59購08,2026-07-20,0.45,-0.15,-25.0,3000000,0,,否,,1.03,1.31,,,-34.9686,,
706891,順達元大59購09,2026-07-20,0.2,-0.22,-52.38,8000000,0,,否,,0.61,0.72,0.74,,-26.506,-5.6356,
706892,鈊象元大63購05,2026-07-20,1.29,0.11,9.32,737000000,0,綠縮,是,,1.33,1.46,1.47,,-17.125,-4.6284,-5.4002
706900,鈊象凱基5B購01,2026-07-20,0.98,0.06,6.52,61000000,0,,否,,1.57,1.7,,,-13.831,-10.9244,
706902,雙鴻凱基59購18,2026-07-20,0.77,-0.31,-28.7,20000000,0,,否,,1.44,1.95,,,-41.6396,-20.4971,
706904,信音國票59購01,2026-07-20,0.28,-0.08,-22.22,11000000,0,綠增,否,,0.56,0.73,1.2,,-37.2768,-41.4928,-21.1903
706907,雙鴻國票5B購02,2026-07-20,0.45,-0.14,-23.73,10000000,0,綠增,否,,0.54,0.73,0.87,,-41.2527,-22.2222,-19.7497
706913,神盾元富59購02,2026-07-20,0.11,-0.06,-35.29,1000000,0,,否,,0.23,0.55,,,-73.2558,-40.2412,
706914,鈊象中信63購01,2026-07-20,0.21,0.02,10.53,20000000,0,綠增,否,,0.24,0.28,0.31,,-24.2236,-11.2853,-8.096
706915,中光電永豐5B購01,2026-07-20,1.74,0.24,16.0,4000000,0,紅轉綠,否,,2.09,2.26,1.71,,-13.7675,18.1485,20.0141
706917,宜特永豐59購03,2026-07-20,0.5,-0.02,-3.85,58000000,0,,否,,0.7,0.8,,,-22.1477,-18.7117,
706919,雙鴻永豐5C購02,2026-07-20,0.58,-0.12,-17.14,153000000,0,綠增,否,,0.65,0.76,0.89,,-24.4186,-16.2042,-11.6708
706920,久元永豐5A購01,2026-07-20,1.64,-0.42,-20.39,63000000,0,,是,,2.43,3.15,4.56,,-37.4549,-22.936,
706923,信音永豐5C購01,2026-07-20,0.63,-0.06,-8.7,21000000,0,綠增,否,,0.98,1.22,1.82,,-32.6923,-35.6237,-16.8375
706924,勤凱永豐61購01,2026-07-20,0.65,-0.14,-17.72,4000000,0,,否,,0.98,1.36,,,-43.4983,-37.6433,
706925,匯鑽科永豐61購01,2026-07-20,0.33,0.02,6.45,20000000,0,,否,,0.46,0.55,0.6,,-28.6604,-17.2932,
706926,精星永豐5B購01,2026-07-20,0.35,-0.06,-14.63,295000000,0,,否,,0.61,0.64,,,-9.5522,-6.7251,
706934,千附國票5B購01,2026-07-20,2.88,-0.48,-14.29,1000000,0,紅縮,否,,2.97,2.13,1.68,,128.8136,66.9797,37.342
706935,千附精國票5B購01,2026-07-20,2.55,-0.74,-22.49,1000000,0,,否,,4.18,4.03,,,7.8947,21.5018,
706939,久元國泰5B購01,2026-07-20,1.24,-0.14,-10.14,154000000,0,,是,,1.91,2.16,,,-20.7125,-22.5206,
706940,華電網國泰5B購01,2026-07-20,0.21,-0.03,-12.5,5000000,0,,否,,0.47,0.59,0.76,,-33.1445,-22.8047,
706949,良維元大61購01,2026-07-20,2.27,-0.22,-8.84,60000000,0,,,,,,,,,,
706951,順達元大5A購06,2026-07-20,1.29,-0.53,-29.12,37000000,0,,否,,2.31,2.39,2.5,,-6.3312,-5.0159,-3.3262
706953,鈊象元大64購02,2026-07-20,0.76,0.04,5.56,416000000,0,綠縮,是,,0.79,0.9,0.91,,-20.4409,-6.5693,-7.5834
706957,雙鴻元大5A購05,2026-07-20,0.89,-0.33,-27.05,330000000,0,,是,,1.1,1.34,1.62,,-30.3413,-19.7848,
706958,世紀*群益5A購01,2026-07-20,0.07,-0.01,-12.5,50000000,0,,否,,0.14,,,,,,
706962,亞電群益5C購01,2026-07-20,9.8,1.15,13.29,10000000,0,,是,,9.11,9.21,,,-2.2532,19.0261,
706965,千附凱基5B購01,2026-07-20,3.3,-0.57,-14.73,30000000,0,,否,,3.24,2.44,1.94,,97.2019,58.0207,
706967,世紀*凱基5A購01,2026-07-20,0.15,-0.02,-11.76,4000000,0,,否,,0.3,0.37,0.35,,-31.1927,5.4441,
706968,印能凱基64購01,2026-07-20,1.85,-0.6,-24.49,45000000,0,綠增,否,,2.14,2.36,2.69,,-17.0031,-18.2449,-6.9257
706970,鈊象凱基64購01,2026-07-20,1.16,-0.03,-2.52,60000000,0,,否,,1.52,1.75,1.87,,-23.2016,-11.2411,0.1339
706972,印能國票5A購03,2026-07-20,1.5,-0.46,-23.47,10000000,0,,否,,1.88,2.27,2.66,,-29.2481,-23.5354,-14.5981
706973,宏碩國票5C購01,2026-07-20,0.12,-0.02,-14.29,408000000,0,,是,,0.22,0.31,,,-45.5,-40.9178,
706977,耀勝國票61購01,2026-07-20,0.18,-0.07,-28.0,18000000,0,綠增,是,,0.34,0.45,0.58,,-39.0681,-25.7851,-16.5217
706978,印能國泰5B購01,2026-07-20,3.29,-0.26,-7.32,10000000,0,,否,,3.24,3.4,,,-8.9326,-11.5475,
706979,穩得國泰5B購01,2026-07-20,0.88,-0.27,-23.48,45000000,0,,否,,1.36,1.7,2.23,,-33.8537,-27.9306,
706981,神盾統一64購02,2026-07-20,0.44,-0.04,-8.33,50000000,0,,否,,0.6,0.67,,,-18.2065,-8.1044,
706982,印能永豐64購01,2026-07-20,2.79,-0.55,-16.47,7000000,0,,否,,2.9,3.13,,,-13.5795,-13.7028,
706985,原相永豐5B購02,2026-07-20,1.12,0.17,17.89,3000000,0,綠增,否,,1.53,2.01,2.08,,-38.6838,-16.8046,-9.0452
706986,神盾永豐5C購02,2026-07-20,0.44,-0.07,-13.73,46000000,0,,否,,0.61,0.81,0.85,,-39.3214,-15.795,
706987,創泓永豐5C購01,2026-07-20,1.68,0.07,4.35,29000000,0,紅縮,否,,1.99,1.53,1.18,,85.9813,54.2339,29.3018
706990,天品元大5A購01,2026-07-20,0.16,-0.02,-11.11,9000000,0,,否,,0.22,0.25,,,-18.2482,-3.1128,
706991,世紀*元大5A購01,2026-07-20,0.16,0.01,6.67,10000000,0,紅縮,否,,0.17,0.18,0.16,,-15.3061,3.4286,-2.1084
706997,加百裕群益5A購01,2026-07-20,0.42,-0.11,-20.75,14000000,0,,是,,0.82,1.07,,,-37.8582,-28.5239,
706999,均豪群益62購01,2026-07-20,0.41,-0.16,-28.07,50000000,0,,否,,0.66,0.73,,,-17.5439,-27.2,
707000,高僑群益5B購01,2026-07-20,1.3,-0.03,-2.26,8000000,0,,否,,2.1,2.3,2.36,,-15.84,-3.7625,
707001,常珵群益5A購01,2026-07-20,0.41,0.0,0.0,37000000,0,,否,,0.53,0.7,,,-39.0805,-26.7016,
707004,雙鴻群益5A購05,2026-07-20,1.5,-0.53,-26.11,30000000,0,,否,,2.54,3.54,4.39,,-44.1901,-22.6737,
707014,印能元大64購02,2026-07-20,1.22,-0.18,-12.86,1000000,0,紅縮,否,,1.28,1.23,1.24,,9.3697,-1.68,2.1919
707015,均豪元大5A購01,2026-07-20,0.16,-0.16,-50.0,520000000,0,,是,,0.64,0.58,,,22.3077,-24.2464,
707022,美琪瑪元大5A購01,2026-07-20,0.58,-0.15,-20.55,100000000,0,,是,,1.44,1.74,,,-29.4695,-9.205,
707027,台燿凱基5B購04,2026-07-20,6.45,-1.05,-14.0,1000000,0,,否,,12.71,,,,,,
707030,系微凱基5A購02,2026-07-20,0.67,-0.04,-5.63,80000000,0,,是,,1.02,1.38,1.75,,-41.3517,-28.8284,-17.1037
707035,陽程凱基5A購01,2026-07-20,3.53,-1.37,-27.96,20000000,0,,否,,4.6,4.46,,,6.5248,-4.2686,
707036,陽程凱基5A購02,2026-07-20,3.53,-1.44,-28.97,39000000,0,,是,,4.91,4.87,,,1.7406,,
707038,衛司特凱基5A購01,2026-07-20,0.8,-0.14,-14.89,1000000,0,綠增,否,,1.39,1.59,1.78,,-23.1707,-19.363,-16.2156
707040,千如國票5B購01,2026-07-20,1.5,-0.52,-25.74,50000000,0,綠增,是,,2.86,3.97,4.46,,-43.6886,-21.0526,-1.2074
707041,台嘉碩國票5A購01,2026-07-20,1.19,-0.32,-21.19,47000000,0,綠增,否,,1.81,2.46,2.68,,-41.8858,-13.7207,-11.4418
707042,印能國票5B購01,2026-07-20,0.98,-0.07,-6.67,284000000,0,綠縮,否,,1.05,1.15,1.39,,-15.4341,-20.6086,-8.3085
707044,威聯通國票5B購01,2026-07-20,0.19,-0.01,-5.0,6000000,0,綠縮,否,,0.23,0.28,0.36,,-33.5294,-23.0978,-20.8105
707046,博盛國票5B購01,2026-07-20,0.88,-0.22,-20.0,157000000,0,綠增,否,,1.53,2.24,2.31,,-48.0704,-23.4391,3.141
707047,衛司特國票5B購01,2026-07-20,0.34,-0.05,-12.82,150000000,0,,是,,0.8,0.83,,,-7.3903,-18.9504,
707050,印能永豐5A購02,2026-07-20,0.85,-0.22,-20.56,70000000,0,綠增,否,,1.06,1.24,1.57,,-25.9104,-30.5587,-14.1337
707051,印能永豐61購01,2026-07-20,1.84,-0.13,-6.6,154000000,0,綠縮,否,,1.9,1.99,2.38,,-8.8207,-23.5722,-7.1847
707055,宏碩永豐61購01,2026-07-20,0.15,-0.04,-21.05,291000000,0,,否,,0.32,0.35,,,-17.0103,-20.7589,
707057,威聯通永豐5A購01,2026-07-20,0.25,-0.05,-16.67,100000000,0,綠增,否,,0.34,0.45,0.58,,-38.0435,-24.6206,-24.8208
707058,晟德永豐5B購01,2026-07-20,0.79,-0.02,-2.47,40000000,0,綠增,否,,0.87,0.97,1.01,,-18.7617,-6.7568,-8.269
707060,智通*永豐5C購01,2026-07-20,2.85,0.68,31.34,6000000,0,紅增,否,,2.48,2.16,1.87,,34.9293,23.442,13.7207
707063,台嘉碩國泰5B購01,2026-07-20,2.71,-0.62,-18.62,8000000,0,,是,,3.82,4.72,,,-31.8959,-13.0667,
707066,元太富邦5C購01,2026-07-20,1.62,-0.08,-4.71,15000000,0,,否,,2.17,,,,,,
707067,雙鴻富邦5C購05,2026-07-20,0.72,-0.17,-19.1,31000000,0,,是,,0.85,1.15,,,-41.3462,-24.2126,
707068,雙鴻富邦5C購06,2026-07-20,0.72,-0.09,-11.11,377000000,0,,是,,0.82,1.08,,,-38.6905,-23.5543,
707070,台燿統一74購01,2026-07-20,2.09,-0.05,-2.34,7000000,0,,否,,2.81,3.1,3.2,,-17.0501,-8.39,
707073,印能統一63購02,2026-07-20,0.85,0.03,3.66,82000000,0,綠縮,否,,0.83,0.85,0.98,,-6.5611,-18.1034,-6.9129
707076,系統電統一67購01,2026-07-20,0.47,-0.01,-2.08,613000000,0,綠增,是,,0.57,0.67,0.75,,-25.7812,-13.0039,-11.4773
707078,能率統一67購01,2026-07-20,0.7,-0.08,-10.26,150000000,0,綠增,是,,0.82,0.91,0.9,,-17.6,-4.7022,-1.2028
707079,華電網統一64購01,2026-07-20,0.16,-0.01,-5.88,61000000,0,綠增,否,,0.21,0.25,0.29,,-29.7297,-17.377,-14.6018
707080,華電網統一74購01,2026-07-20,0.33,-0.01,-2.94,10000000,0,,否,,0.42,0.45,0.5,,-10.5485,-9.8394,
707082,順達統一63購03,2026-07-20,0.62,-0.18,-22.5,217000000,0,綠增,否,,0.93,0.98,1.04,,-9.9222,-9.2851,-0.334
707085,頎邦統一66購01,2026-07-20,2.25,-0.42,-15.73,1000000,0,,否,,3.71,,,,,,
707087,廣閎科統一74購01,2026-07-20,1.02,-0.17,-14.29,20000000,0,,是,,1.52,1.37,,,25.5776,24.8402,
707088,德微統一67購01,2026-07-20,1.47,-0.34,-18.78,2000000,0,,否,,2.14,2.17,,,-2.8131,,
707090,雙鴻統一66購02,2026-07-20,0.4,-0.06,-13.04,25000000,0,綠增,否,,0.46,0.53,0.59,,-23.1544,-15.1369,-11.6729
707091,久元群益5A購01,2026-07-20,0.7,-0.21,-23.08,8000000,0,,否,,1.6,,,,,,
707092,千附群益5A購01,2026-07-20,6.0,-1.3,-17.81,1000000,0,,否,,5.07,3.85,,,92.2669,,
707107,矽科群益5A購02,2026-07-20,0.66,-0.2,-23.26,83000000,0,,否,,1.12,1.31,,,-25.2336,-1.1329,
707119,雙鴻凱基5C購05,2026-07-20,0.7,-0.23,-24.73,18000000,0,綠縮,否,,0.84,1.09,1.41,,-37.5371,-26.8048,-22.4993
707123,耕興國票5B購01,2026-07-20,0.44,0.05,12.82,50000000,0,綠增,否,,0.47,0.53,0.56,,-20.678,-7.5175,-11.5873
707125,群翊國票5B購01,2026-07-20,0.46,-0.06,-11.54,3000000,0,紅轉綠,否,,0.57,0.69,0.73,,-30.3922,-12.956,-15.5504
707132,聚和富邦5A購01,2026-07-20,0.31,-0.06,-16.22,48000000,0,,否,,0.43,0.54,0.52,,-34.1463,-0.7299,-7.7748
707133,正淩統一63購01,2026-07-20,0.5,-0.09,-15.25,3000000,0,紅轉綠,否,,0.63,0.71,0.7,,-20.403,-2.4624,-8.5231
707134,同致統一64購01,2026-07-20,0.3,-0.01,-3.23,10000000,0,,否,,0.35,0.4,,,-21.4286,,
707137,翔名統一74購01,2026-07-20,1.02,-0.21,-17.07,1000000,0,,否,,1.2,1.21,1.17,,-1.4778,-0.0826,-0.6777
707140,萬泰科統一74購01,2026-07-20,0.82,-0.01,-1.2,54000000,0,,是,,0.91,1.0,1.02,,-16.6362,-6.6108,
707141,群翊統一63購01,2026-07-20,0.54,-0.05,-8.47,104000000,0,紅縮,是,,0.61,0.67,0.69,,-16.3488,-6.5187,-6.8548
707142,群翊統一74購01,2026-07-20,0.44,-0.04,-8.33,20000000,0,,是,,0.5,0.52,0.53,,-7.0632,-1.1429,
707150,茂訊永豐5B購01,2026-07-20,2.58,-0.18,-6.52,8000000,0,綠增,否,,3.29,3.1,3.3,,13.6646,-2.4575,1.7601
707151,茂綸永豐5A購01,2026-07-20,0.74,-0.08,-9.76,105000000,0,綠增,否,,1.07,1.42,1.86,,-39.5716,-21.7702,-16.3375
707153,陽程永豐5C購01,2026-07-20,4.97,-1.13,-18.52,5000000,0,,否,,6.0,6.14,,,-4.3949,-11.1786,
707158,雙鴻永豐5C購03,2026-07-20,0.76,-0.18,-19.15,71000000,0,,是,,0.92,1.18,1.56,,-36.9146,-23.5636,
707159,九豪元大5A購01,2026-07-20,1.46,-0.42,-22.34,2000000,0,,否,,3.0,3.43,,,-22.2567,,
707161,台燿元大61購04,2026-07-20,2.82,-0.6,-17.54,12000000,0,,是,,5.04,5.96,,,-26.8795,,
707164,翔名元大5A購01,2026-07-20,3.0,-0.68,-18.48,2000000,0,,否,,4.19,4.21,3.85,,-1.0854,1.7379,4.6183
707172,翔名凱基5A購01,2026-07-20,2.43,-1.22,-33.42,32000000,0,綠增,否,,3.88,4.15,4.01,,-12.0979,-3.0168,6.2699
707173,華景電凱基5A購01,2026-07-20,0.33,-0.05,-13.16,6000000,0,綠增,否,,0.62,1.06,1.43,,-58.8313,-34.7452,-20.5263
707174,華景電凱基5A購02,2026-07-20,0.5,-0.04,-7.41,30000000,0,,否,,0.8,1.19,1.63,,-49.6839,-33.0518,
707176,群翊凱基5C購01,2026-07-20,0.8,-0.07,-8.05,113000000,0,紅縮,是,,0.96,1.1,1.19,,-22.1683,-12.5696,-13.6792
707178,世界群益5C購01,2026-07-20,1.19,-0.41,-25.63,410000000,0,,是,,1.64,1.84,,,-19.4499,,
707181,台燿群益5B購02,2026-07-20,4.49,-0.66,-12.82,4000000,0,,否,,7.38,9.61,,,-37.7384,,
707184,陽程群益5A購01,2026-07-20,2.23,-0.73,-24.66,6000000,0,,否,,3.45,3.61,,,-8.5942,-21.9723,
707187,台燿國票5B購03,2026-07-20,4.0,-0.61,-13.23,10000000,0,,是,,8.77,,,,,,
707188,安葆國票5B購01,2026-07-20,0.06,0.0,0.0,40000000,0,,否,,0.11,0.22,0.3,,-65.4545,-32.7273,
707192,鈺太國泰5B購01,2026-07-20,0.7,-0.03,-4.11,26000000,0,,否,,1.68,,,,,,
707193,雙鴻國泰67購01,2026-07-20,1.53,-0.21,-12.07,21000000,0,綠縮,否,,1.67,1.95,2.27,,-25.6913,-15.3746,-15.1532
707194,久元統一64購01,2026-07-20,0.71,0.01,1.43,4000000,0,,否,,0.76,0.82,0.89,,-13.4703,-9.5238,-12.6352
707199,華景電統一68購01,2026-07-20,0.41,-0.04,-8.89,1000000,0,,否,,0.62,0.69,0.72,,-18.5185,-8.2888,
707200,華景電統一74購01,2026-07-20,0.5,-0.05,-9.09,10000000,0,,否,,0.65,0.72,0.76,,-18.0203,-9.6977,-3.6053
707205,頎邦統一64購03,2026-07-20,1.9,-0.48,-20.17,1000000,0,,否,,2.67,3.1,4.01,,-24.2493,-24.0078,
707209,台燿元大64購04,2026-07-20,2.18,-0.14,-6.03,178000000,0,,是,,3.26,3.91,,,-28.6591,,
707210,宏觀元大64購01,2026-07-20,0.15,-0.02,-11.76,55000000,0,,否,,0.23,0.33,,,-44.0191,-39.2924,
707215,信紘科元大5A購01,2026-07-20,0.62,-0.34,-35.42,11000000,0,綠增,否,,0.85,1.01,1.13,,-27.1012,-19.4245,-7.661
707217,華景電元大5A購02,2026-07-20,0.69,-0.08,-10.39,11000000,0,綠增,否,,0.94,1.3,1.48,,-43.289,-25.9852,-5.8543
707218,順達元大5A購07,2026-07-20,1.54,-0.33,-17.65,301000000,0,,是,,2.37,2.27,2.44,,9.1996,-8.4909,-3.4558
707221,雙鴻元大64購02,2026-07-20,1.22,-0.28,-18.67,139000000,0,,否,,1.38,1.59,1.78,,-23.5294,-14.2395,-9.3567
707224,台燿永豐5A購03,2026-07-20,3.02,-0.76,-20.11,11000000,0,,是,,6.24,,,,,,
707226,矽科永豐5B購02,2026-07-20,1.76,-0.56,-24.14,26000000,0,,是,,2.8,2.84,,,-3.3195,-6.1076,
707227,華景電永豐5C購01,2026-07-20,0.77,-0.18,-18.95,12000000,0,綠增,否,,1.18,1.51,1.71,,-36.4324,-19.2636,-11.2643
707229,順達永豐5B購02,2026-07-20,0.64,-0.35,-35.35,30000000,0,,是,,1.21,1.21,,,-0.1653,-6.4965,
707230,頎邦永豐5C購01,2026-07-20,3.27,-0.56,-14.62,10000000,0,,否,,4.67,5.8,,,-32.4855,-14.387,
707232,安葆凱基5A購01,2026-07-20,0.07,-0.02,-22.22,10000000,0,,是,,0.22,0.34,,,-52.8384,-38.6157,
707233,陽程凱基5A購03,2026-07-20,3.76,-1.23,-24.65,37000000,0,,是,,4.57,4.74,,,-7.1545,,
707234,順達凱基5A購03,2026-07-20,0.35,-0.58,-62.37,20000000,0,,否,,0.88,0.89,1.06,,-0.4505,-9.2213,
707235,新盛力凱基5A購01,2026-07-20,2.52,0.0,0.0,20000000,0,,否,,4.13,4.8,5.15,,-24.4786,-16.0336,
707239,雙鴻凱基5A購06,2026-07-20,0.1,-0.07,-41.18,170000000,0,,是,,0.15,0.24,,,-56.213,-55.8984,
707246,鈊象元大61購01,2026-07-20,1.2,0.11,10.09,1149000000,0,綠縮,是,,1.25,1.39,1.41,,-18.75,-5.0477,-6.0454
707247,新盛力元大5A購01,2026-07-20,1.86,-0.15,-7.46,2000000,0,,否,,3.12,3.49,3.77,,-19.2328,-9.5226,
707248,萬泰科元大5A購01,2026-07-20,0.57,-0.02,-3.39,220000000,0,,是,,0.86,1.07,1.23,,-32.7613,-14.9206,
707250,台燿國票5B購04,2026-07-20,3.99,-0.75,-15.82,70000000,0,,是,,9.9,,,,,,
707251,順達國票5B購02,2026-07-20,0.72,-0.21,-22.58,386000000,0,紅轉綠,是,,1.21,1.23,1.28,,-3.1949,2.6667,-1.9106
707255,宏捷科國泰5B購01,2026-07-20,0.37,-0.17,-31.48,26000000,0,,否,,0.65,0.82,1.06,,-33.8086,-26.1538,-15.6832
707256,宏捷科國泰5B購02,2026-07-20,0.3,-0.12,-28.57,40000000,0,綠增,是,,0.54,0.66,0.89,,-32.0707,-24.9436,-13.5462
707263,萬泰科永豐64購01,2026-07-20,0.89,-0.17,-16.04,10000000,0,,否,,1.11,1.27,1.33,,-23.1623,-9.9576,
707264,台燿統一64購02,2026-07-20,1.44,-0.11,-7.1,82000000,0,,是,,2.13,2.67,2.86,,-33.7484,-17.3886,
707265,宏捷科統一74購01,2026-07-20,0.38,-0.02,-5.0,15000000,0,,否,,0.56,0.59,,,-9.3548,-6.0413,
707268,華景電統一63購01,2026-07-20,0.42,-0.02,-4.55,60000000,0,綠增,否,,0.53,0.68,0.76,,-35.7664,-19.1617,-10.7584
707272,新盛力統一74購01,2026-07-20,0.95,-0.1,-9.52,20000000,0,,否,,1.29,1.32,1.34,,-4.1667,-0.7541,2.569
707273,新盛力統一74購02,2026-07-20,0.91,0.01,1.11,361000000,0,綠增,是,,1.04,1.14,1.19,,-16.5862,-7.3984,-5.2904
707276,頎邦統一74購01,2026-07-20,1.11,-0.12,-9.76,104000000,0,綠增,是,,1.37,1.5,1.7,,-16.299,-13.4527,-12.3129
707278,德微統一64購01,2026-07-20,0.89,-0.16,-15.24,210000000,0,,是,,1.66,1.73,,,-7.7605,,
707279,久元凱基61購01,2026-07-20,0.66,-0.03,-4.35,11000000,0,,否,,0.81,0.98,1.19,,-29.9827,-20.8232,
707282,台燿凱基5A購02,2026-07-20,2.76,-0.56,-16.87,2000000,0,,否,,8.26,10.07,,,-30.396,-16.7755,
707284,宏觀凱基64購01,2026-07-20,0.44,-0.08,-15.38,10000000,0,,否,,0.54,0.83,,,-52.2124,,
707287,廣閎科凱基5A購03,2026-07-20,1.76,-1.14,-39.31,16000000,0,綠增,是,,3.87,5.17,4.6,,-40.1236,-15.9844,12.857
707289,台燿兆豐5C購01,2026-07-20,1.82,-0.19,-9.45,160000000,0,,是,,4.07,4.49,4.3,,-17.0135,3.2459,
707290,均豪兆豐5C購01,2026-07-20,0.26,-0.08,-23.53,311000000,0,綠增,否,,0.4,0.55,0.53,,-42.1965,-11.5073,-5.0667
707291,雙鴻兆豐5C購01,2026-07-20,0.48,-0.15,-23.81,32000000,0,,否,,0.57,0.76,0.93,,-38.9362,-26.002,-17.2506
707293,台星科元大5A購02,2026-07-20,0.61,-0.24,-28.24,10000000,0,綠增,否,,1.05,1.28,1.31,,-30.3191,-13.4915,-7.4947
707298,台燿元大5A購09,2026-07-20,1.05,-0.36,-25.53,7000000,0,綠增,否,,2.08,2.91,3.3,,-44.3316,-24.3503,-10.5206
707299,台燿元大61購06,2026-07-20,1.05,-0.29,-21.64,198000000,0,綠增,否,,1.83,2.39,2.76,,-38.2015,-20.8402,-11.236
707300,旺矽元大5A購02,2026-07-20,5.0,0.0,0.0,1000000,0,紅縮,否,,4.96,4.94,4.8,,0.4459,2.0008,6.6681
707301,旺矽元大61購01,2026-07-20,1.63,-0.72,-30.64,3000000,0,綠增,否,,3.0,3.22,3.26,,-13.1594,-7.5975,3.2483
707303,華景電元大5A購03,2026-07-20,0.32,-0.05,-13.51,7000000,0,,是,,0.43,0.69,0.86,,-54.9683,-31.1936,
707304,陽程元大63購01,2026-07-20,1.37,-0.2,-12.74,236000000,0,,是,,1.64,1.68,,,-5.5427,,
707306,台燿永豐5C購03,2026-07-20,2.63,-0.18,-6.41,114000000,0,綠增,是,,4.27,5.4,6.63,,-34.6401,-21.1825,-11.8046
707307,台燿永豐64購02,2026-07-20,2.37,0.05,2.16,30000000,0,,否,,3.47,4.3,4.85,,-32.4103,-20.6464,-8.2174
707308,台燿永豐67購01,2026-07-20,2.65,-0.18,-6.36,10000000,0,,是,,4.3,5.0,5.18,,-24.6321,-11.1486,-7.2056
707309,巨漢永豐5C購01,2026-07-20,0.89,-0.17,-16.04,20000000,0,綠增,否,,1.23,1.35,1.39,,-16.5536,-6.2413,-6.4266
707310,安葆永豐5C購01,2026-07-20,0.08,-0.02,-20.0,100000000,0,,否,,0.18,0.27,,,-50.0,,
707311,均豪永豐5C購01,2026-07-20,0.37,-0.08,-17.78,25000000,0,,否,,0.67,0.72,,,-12.0104,-14.9941,
707312,良維永豐5C購01,2026-07-20,1.33,-0.18,-11.92,11000000,0,,否,,2.68,3.77,,,-44.8829,,
707313,旺矽永豐5A購03,2026-07-20,1.46,0.06,4.29,123000000,0,綠增,否,,2.52,3.08,3.21,,-30.8411,-11.3256,0.2343
707314,旺矽永豐61購03,2026-07-20,1.71,-0.44,-20.47,78000000,0,綠增,是,,2.75,2.91,3.07,,-10.2932,-7.5556,1.9781
707315,旺矽永豐64購02,2026-07-20,2.37,-0.36,-13.19,5000000,0,綠增,否,,3.53,3.84,3.8,,-15.1034,-2.5849,2.8158
707316,長科*永豐5A購01,2026-07-20,2.28,-1.24,-35.23,5000000,0,,否,,3.27,4.31,4.56,,-38.6662,-19.0449,
707317,信驊永豐5A購03,2026-07-20,1.11,0.13,13.27,112000000,0,綠縮,否,,1.19,1.68,2.39,,-45.1524,-28.6383,-16.626
707318,前鼎永豐61購01,2026-07-20,1.03,-0.09,-8.04,10000000,0,,否,,1.33,2.07,,,-52.5979,,
707320,翔名永豐5B購02,2026-07-20,0.87,-0.39,-30.95,32000000,0,紅轉綠,否,,1.27,1.33,1.28,,-8.9209,-2.0649,4.7347
707321,鉅橡永豐5B購01,2026-07-20,0.4,-0.12,-23.08,55000000,0,,是,,0.75,1.08,,,-47.0255,-29.1803,
707323,均豪國泰61購01,2026-07-20,0.75,-0.34,-31.19,82000000,0,綠增,是,,1.11,1.38,1.34,,-32.6034,-10.6494,-8.7594
707325,台燿富邦5A購02,2026-07-20,1.39,-0.14,-9.15,71000000,0,,是,,2.86,,,,,,
707326,台燿富邦64購01,2026-07-20,1.09,-0.14,-11.38,31000000,0,綠增,是,,1.59,1.97,2.26,,-32.1947,-25.0,-6.759
707328,旺矽富邦64購01,2026-07-20,1.22,-0.38,-23.75,2000000,0,綠增,否,,1.81,1.98,1.98,,-15.3271,-4.1242,2.648
707329,群翊富邦62購01,2026-07-20,0.61,-0.02,-3.17,17000000,0,紅轉綠,否,,0.71,0.79,0.8,,-19.4064,-7.1596,-10.0671
707330,台燿國票5B購05,2026-07-20,2.76,0.21,8.24,86000000,0,綠增,是,,4.44,5.91,6.68,,-39.8103,-20.1756,-8.1403
707331,台燿統一63購01,2026-07-20,1.31,0.0,0.0,259000000,0,綠增,是,,1.99,2.62,2.79,,-38.7592,-18.2498,-7.4258
707332,台燿統一64購03,2026-07-20,0.9,-0.15,-14.29,13000000,0,綠增,是,,1.41,1.66,1.76,,-25.9686,-13.8414,-5.895
707333,台燿統一64購04,2026-07-20,1.35,-0.36,-21.05,86000000,0,綠增,是,,2.35,2.66,2.76,,-20.5405,-13.7942,-4.4606
707334,台燿統一66購02,2026-07-20,1.15,-0.01,-0.86,555000000,0,綠增,是,,1.57,1.9,2.09,,-29.5964,-15.7054,-5.6846
707335,台燿統一74購02,2026-07-20,1.11,-0.04,-3.48,823000000,0,,是,,1.54,1.76,1.84,,-22.379,-12.8586,-5.4012
707336,台燿統一74購03,2026-07-20,1.19,0.08,7.21,51000000,0,綠縮,否,,1.18,1.25,1.3,,-10.6383,-6.3158,-2.8048
707337,巨漢統一63購02,2026-07-20,0.49,-0.09,-15.52,1148000000,0,,是,,0.63,0.67,0.71,,-11.0482,-6.3202,-6.6007
707339,均豪統一64購01,2026-07-20,0.34,-0.09,-20.93,142000000,0,綠增,否,,0.44,0.52,0.5,,-26.0135,-7.5404,-6.385
707340,旺矽統一63購06,2026-07-20,1.3,-0.11,-7.8,2992000000,0,綠增,是,,1.8,1.99,2.01,,-17.8408,-6.1734,1.1812
707341,旺矽統一64購01,2026-07-20,1.38,0.02,1.47,13000000,0,綠增,否,,1.74,1.93,1.97,,-17.7358,-6.7117,1.8605
707342,東捷統一74購01,2026-07-20,0.71,-0.09,-11.25,23000000,0,綠增,否,,0.89,0.99,1.07,,-18.4307,-9.2981,-6.5997
707343,前鼎統一64購01,2026-07-20,0.69,-0.03,-4.17,404000000,0,,是,,0.89,1.05,1.37,,-27.2131,-26.6017,
707347,勤凱統一74購02,2026-07-20,0.76,-0.04,-5.0,2000000,0,綠增,否,,0.98,1.1,1.27,,-20.4878,-13.4118,-13.2629
707348,新盛力統一63購01,2026-07-20,1.3,-0.18,-12.16,10000000,0,,否,,1.86,2.13,2.28,,-22.3893,-10.5595,
707350,新盛力統一74購03,2026-07-20,1.35,0.0,0.0,321000000,0,,是,,1.6,1.75,1.87,,-15.8613,-10.6524,
707352,頎邦統一74購02,2026-07-20,1.19,-0.18,-13.14,782000000,0,綠增,是,,1.49,1.61,1.8,,-14.1542,-10.9211,-8.9272
707353,頎邦統一74購03,2026-07-20,1.18,-0.15,-11.28,26000000,0,綠增,否,,1.48,1.61,1.88,,-14.1204,-15.4737,-10.969
707354,廣閎科統一64購02,2026-07-20,1.06,-0.2,-15.87,440000000,0,,是,,1.97,1.99,1.63,,-1.4,10.5175,21.3914
707355,廣閎科統一67購01,2026-07-20,0.79,-0.17,-17.71,20000000,0,,否,,1.18,1.03,,,35.2403,,
707356,廣閎科統一74購03,2026-07-20,1.17,-0.14,-10.69,2000000,0,,否,,1.14,1.06,,,15.4158,,
707359,元太凱基5A購02,2026-07-20,2.86,-0.29,-9.21,7000000,0,,否,,3.79,4.25,,,-19.6012,-5.8876,
707360,宏捷科凱基5A購01,2026-07-20,0.43,-0.17,-28.33,4000000,0,,否,,0.76,1.04,,,-42.7273,-33.0754,
707368,鴻呈凱基5A購01,2026-07-20,0.38,0.0,0.0,50000000,0,,否,,0.48,0.55,0.73,,-24.3671,-23.5537,-22.4868
707369,鈊象中信5C購02,2026-07-20,0.25,0.03,13.64,46000000,0,,否,,0.35,0.42,,,-25.9414,-14.7541,
707371,前鼎永豐61購02,2026-07-20,0.53,-0.04,-7.02,47000000,0,綠增,是,,0.7,0.83,1.09,,-27.9503,-26.0676,-19.076
707372,群翊永豐5B購01,2026-07-20,0.51,-0.04,-7.27,10000000,0,,否,,0.65,0.71,,,-16.4948,-24.2553,
707374,頎邦永豐61購01,2026-07-20,1.75,-0.3,-14.63,28000000,0,綠增,否,,2.37,2.63,3.11,,-17.5817,-16.9041,-10.518
707376,譜瑞永豐5C購01,2026-07-20,1.11,-0.2,-15.27,19000000,0,,否,,1.53,1.61,1.8,,-9.8109,-9.6067,
707378,泓格國票5A購01,2026-07-20,5.2,0.7,15.56,20000000,0,,否,,3.99,3.85,3.75,,7.6591,10.3152,
707380,群翊國票5B購02,2026-07-20,0.62,-0.15,-19.48,6000000,0,,否,,1.04,1.13,,,-14.4737,-23.0559,
707381,頎邦國票5B購04,2026-07-20,2.22,-0.58,-20.71,1000000,0,,否,,3.31,3.73,5.06,,-20.0386,-23.6896,
707382,廣閎科國票5B購03,2026-07-20,1.39,-0.28,-16.77,40000000,0,綠增,否,,2.64,2.93,2.51,,-17.9901,-3.3597,17.4045
707383,衛司特國票5B購02,2026-07-20,0.19,-0.03,-13.64,2000000,0,,否,,0.37,0.41,,,-17.4107,-22.9755,
707384,中美晶群益5A購01,2026-07-20,15.0,-1.2,-7.41,3000000,0,,否,,9.25,6.91,,,102.23,31.9084,
707388,湧德群益5B購02,2026-07-20,0.2,0.0,0.0,10000000,0,,否,,0.41,0.48,,,-25.6318,-40.5172,
707393,頎邦群益5B購02,2026-07-20,2.68,-1.33,-33.17,1000000,0,,否,,4.53,6.22,7.92,,-42.6802,-20.89,
707397,天品元大61購01,2026-07-20,0.32,-0.06,-15.79,10000000,0,,否,,0.4,0.43,0.42,,-13.4199,-3.7946,
707400,群翊元大5A購02,2026-07-20,0.98,-0.98,-50.0,2000000,0,,否,,1.83,2.33,,,-35.1983,,
707404,衛司特元大5A購01,2026-07-20,0.24,-0.03,-11.11,1000000,0,,否,,0.55,0.61,,,-18.3976,-18.9404,
707406,久元統一64購02,2026-07-20,0.45,-0.05,-10.0,20000000,0,,否,,0.62,0.75,,,-28.6041,-30.6481,
707408,安葆統一74購01,2026-07-20,0.41,0.01,2.5,438000000,0,,否,,0.48,0.56,,,-22.6837,,
707409,均豪統一63購02,2026-07-20,0.35,-0.07,-16.67,103000000,0,綠增,否,,0.46,0.57,0.56,,-31.25,-8.4006,-7.315
707410,均豪統一74購01,2026-07-20,0.39,-0.05,-11.36,94000000,0,,否,,0.47,0.53,0.52,,-19.5876,-1.8692,
707413,東捷統一74購02,2026-07-20,0.92,-0.07,-7.07,22000000,0,,否,,1.13,1.24,1.35,,-16.568,-10.0798,
707414,前鼎統一74購01,2026-07-20,0.56,-0.02,-3.45,39000000,0,綠增,否,,0.64,0.71,0.84,,-17.4807,-17.4419,-13.0073
707416,順達統一64購02,2026-07-20,0.53,-0.1,-15.87,12000000,0,,否,,0.83,0.89,,,-11.6525,,
707417,萬泰科統一74購02,2026-07-20,0.76,-0.01,-1.3,29000000,0,,是,,0.85,0.92,0.94,,-14.5161,-6.5041,-6.1938
707422,頎邦富邦61購02,2026-07-20,1.57,-0.38,-19.49,129000000,0,綠增,是,,2.22,2.49,2.98,,-19.7254,-22.0313,-12.3567
707425,譜瑞兆豐64購01,2026-07-20,1.05,-0.17,-13.93,128000000,0,紅縮,是,,1.58,1.64,1.85,,-6.933,-12.186,-18.986
707426,千附精永豐5B購01,2026-07-20,1.82,-0.26,-12.5,1000000,0,,否,,2.62,2.51,2.37,,8.9925,4.3659,0.7452
707427,大車隊永豐5B購01,2026-07-20,0.29,-0.08,-21.62,15000000,0,,否,,0.36,,,,,,
707429,沛亨永豐61購01,2026-07-20,0.44,-0.05,-10.2,100000000,0,,否,,0.68,0.97,1.28,,-45.9459,-33.9918,-23.2586
707430,宜特永豐61購01,2026-07-20,0.36,-0.05,-12.2,100000000,0,,否,,0.54,0.59,,,-16.1994,-7.6682,
707435,萬泰科永豐5C購02,2026-07-20,0.93,-0.45,-32.61,12000000,0,,否,,1.69,1.78,1.8,,-9.636,-3.159,-7.8381
707439,台星科群益61購01,2026-07-20,0.79,-0.16,-16.84,20000000,0,,否,,1.34,1.49,1.57,,-18.932,-2.356,
707442,湧德群益61購02,2026-07-20,0.3,0.0,0.0,100000000,0,紅轉綠,否,,0.52,0.54,0.54,,-7.1942,-1.107,-14.7709
707449,立碁國泰5B購01,2026-07-20,0.38,-0.17,-30.91,103000000,0,,是,,0.71,0.88,1.35,,-32.8273,-28.8943,
707450,陽程國泰5B購01,2026-07-20,1.93,-0.58,-23.11,21000000,0,,否,,2.89,,,,,,
707453,千附統一64購01,2026-07-20,1.22,-0.22,-15.28,10000000,0,紅縮,否,,1.25,0.97,0.82,,83.871,41.1079,23.2558
707454,千附精統一74購01,2026-07-20,0.88,-0.04,-4.35,2000000,0,,否,,1.04,1.01,1.01,,5.7143,2.6477,
707459,立敦統一74購01,2026-07-20,1.15,-0.19,-14.18,10000000,0,,否,,1.39,1.52,1.48,,-15.3471,-3.3779,
707460,兆利統一64購02,2026-07-20,0.23,0.02,9.52,8000000,0,,否,,0.31,0.33,0.4,,-10.7955,-13.7306,-10.6095
707465,湧德統一64購01,2026-07-20,0.26,-0.02,-7.14,6000000,0,,否,,0.33,0.38,0.42,,-21.327,-8.2725,
707466,湧德統一64購02,2026-07-20,0.24,-0.05,-17.24,10000000,0,綠增,否,,0.32,0.36,0.37,,-21.5686,-7.3791,-13.9723
707467,陽程統一66購01,2026-07-20,0.87,-0.11,-11.22,385000000,0,紅縮,否,,1.02,1.06,1.08,,-7.5949,-0.6536,-5.2285
707468,陽程統一74購02,2026-07-20,0.73,-0.12,-14.12,21000000,0,,否,,0.84,0.91,,,-13.347,,
707469,陽程統一74購03,2026-07-20,0.89,-0.17,-16.04,113000000,0,,否,,1.03,1.05,,,-3.1895,-2.1455,
707470,順達統一74購01,2026-07-20,0.6,-0.07,-10.45,12000000,0,紅轉綠,否,,0.75,0.75,0.77,,1.897,-2.3591,-2.2194
707471,新應材統一67購01,2026-07-20,0.42,0.01,2.44,96000000,0,綠增,是,,0.45,0.5,0.54,,-17.8182,-9.8921,-9.5318
707474,蜜望實統一74購01,2026-07-20,0.94,-0.07,-6.93,75000000,0,綠增,否,,1.13,1.38,1.54,,-30.5043,-15.2,-6.372
707475,天品凱基61購01,2026-07-20,0.56,0.02,3.7,20000000,0,,否,,0.66,0.69,,,-7.0028,,
707479,宜特凱基5A購01,2026-07-20,0.25,-0.1,-28.57,402000000,0,,是,,0.47,0.84,,,-61.0927,-26.7888,
707482,順達凱基5C購01,2026-07-20,1.62,-0.43,-20.98,175000000,0,,否,,2.46,2.47,2.64,,-1.2058,-7.7239,
707484,萬泰科凱基5A購01,2026-07-20,0.36,-0.06,-14.29,240000000,0,綠增,是,,0.54,0.75,0.82,,-42.9769,-19.4624,-10.5664
707487,巨漢元大5A購01,2026-07-20,0.67,-0.25,-27.17,55000000,0,綠增,否,,0.98,1.07,1.17,,-16.4384,-9.9916,-10.0614
707488,巨漢元大5A購02,2026-07-20,0.83,-0.14,-14.43,217000000,0,,否,,1.13,1.23,1.36,,-15.4655,-11.1994,-9.9736
707489,巨漢元大5A購03,2026-07-20,0.48,-0.28,-36.84,6000000,0,綠增,否,,0.75,0.82,0.9,,-17.2949,-9.5499,-8.2699
707497,沛亨元大5A購04,2026-07-20,0.19,-0.04,-17.39,60000000,0,,是,,0.47,0.85,1.09,,-62.5402,-27.9697,
707503,華景電元大5A購04,2026-07-20,0.77,-0.17,-18.09,42000000,0,,是,,1.72,2.17,2.37,,-34.0735,-19.3824,
707504,新應材元大5A購04,2026-07-20,0.93,-0.01,-1.06,170000000,0,,是,,1.07,1.26,,,-26.584,-16.0107,
707506,新應材元大5C購01,2026-07-20,0.84,0.02,2.44,1000000,0,,否,,0.99,1.14,,,-22.9814,-15.7428,
707508,群翊元大5A購06,2026-07-20,0.13,-0.01,-7.14,71000000,0,綠增,否,,0.18,0.22,0.27,,-29.9213,-22.3022,-16.8693
707509,巨漢國票5A購01,2026-07-20,0.44,-0.09,-16.98,864000000,0,綠增,是,,0.64,0.72,0.77,,-19.1436,-10.25,-8.4665
707510,巨漢國票5B購01,2026-07-20,0.47,-0.07,-12.96,81000000,0,,否,,0.65,0.72,0.84,,-18.3879,-15.2761,
707512,東捷國票5A購02,2026-07-20,1.8,-0.52,-22.41,70000000,0,,是,,2.98,3.88,,,-37.4843,-29.5785,
707513,矽科國票5B購03,2026-07-20,0.33,-0.12,-26.67,150000000,0,,是,,0.52,0.7,,,-40.9091,-7.2848,
707514,萬泰科國票5B購01,2026-07-20,1.25,-0.01,-0.79,81000000,0,,是,,2.01,2.31,2.45,,-23.4935,-10.0661,
707515,榮田國票5A購01,2026-07-20,0.5,0.05,11.11,7000000,0,綠縮,否,,0.61,0.93,1.66,,-51.8283,-36.2517,-30.0654
707516,久元富邦61購01,2026-07-20,1.08,0.02,1.89,100000000,0,,是,,1.35,1.49,1.63,,-16.5228,-9.2129,-16.7434
707517,宏捷科富邦5C購02,2026-07-20,0.24,-0.06,-20.0,135000000,0,,是,,0.38,0.49,0.67,,-37.3333,-27.4889,
707518,宏捷科富邦61購01,2026-07-20,0.25,-0.05,-16.67,40000000,0,,否,,0.35,0.44,0.56,,-32.0463,-27.1357,-20.3952
707522,萬泰科富邦5B購01,2026-07-20,0.51,-0.05,-8.93,256000000,0,綠增,是,,0.71,0.9,0.94,,-33.7662,-14.1762,-6.7621
707523,雙鴻富邦5C購07,2026-07-20,0.52,-0.11,-17.46,22000000,0,,否,,0.6,0.75,0.95,,-33.1096,-21.1416,
707524,雙鴻富邦5C購08,2026-07-20,0.42,-0.05,-10.64,227000000,0,,是,,0.5,0.63,0.85,,-33.6842,-25.2071,
707526,千附精凱基5A購01,2026-07-20,2.12,-0.37,-14.86,26000000,0,,否,,3.32,3.32,3.01,,0.423,5.6369,-2.6482
707527,元太凱基61購01,2026-07-20,1.61,-0.17,-9.55,30000000,0,綠增,否,,2.12,2.45,2.57,,-24.086,-11.9167,-9.7967
707528,均豪凱基5A購01,2026-07-20,0.29,-0.06,-17.14,139000000,0,,是,,0.48,0.71,0.73,,-48.4009,-12.1137,-25.2803
707530,宜特凱基5A購02,2026-07-20,0.1,-0.05,-33.33,70000000,0,綠增,否,,0.2,0.49,0.49,,-74.0458,-21.5531,-20.1462
707531,前鼎凱基5B購02,2026-07-20,0.85,-0.07,-7.61,60000000,0,綠增,否,,1.37,1.83,2.54,,-39.7897,-33.0403,-22.9894
707534,陽程凱基63購01,2026-07-20,1.5,-0.5,-25.0,79000000,0,,是,,2.07,2.29,,,-17.8713,,
707535,新應材凱基61購02,2026-07-20,0.54,0.03,5.88,440000000,0,,是,,0.63,0.76,1.02,,-30.0668,-23.5471,
707537,新應材兆豐5C購01,2026-07-20,0.48,0.1,26.32,1000000,0,,否,,0.52,0.61,0.74,,-25.2149,-21.2903,-19.8262
707538,弘塑國票5B購01,2026-07-20,0.41,0.01,2.5,6000000,0,綠增,否,,0.51,0.69,0.79,,-42.1053,-24.5077,-7.525
707539,宜特國票5B購02,2026-07-20,0.16,-0.06,-27.27,12000000,0,,否,,0.27,0.41,0.44,,-50.5495,-19.685,-17.6909
707542,陽程國票5A購01,2026-07-20,1.56,-0.42,-21.21,121000000,0,,否,,2.12,2.26,2.5,,-11.8136,-7.824,-17.275
707544,弘塑永豐5B購03,2026-07-20,0.24,-0.04,-14.29,1000000,0,綠增,否,,0.33,0.44,0.5,,-39.0511,-23.5702,-6.8455
707545,弘塑永豐5C購04,2026-07-20,0.26,-0.03,-10.34,25000000,0,綠增,否,,0.34,0.44,0.5,,-36.4312,-22.9422,-4.3935
707547,弘塑永豐64購01,2026-07-20,0.51,-0.01,-1.92,3000000,0,綠增,否,,0.58,0.69,0.75,,-27.9302,-17.7592,-3.0559
707548,新應材永豐5B購02,2026-07-20,0.55,0.04,7.84,9000000,0,綠增,否,,0.64,0.75,0.9,,-25.641,-19.4833,-19.1011
707549,新應材永豐5B購03,2026-07-20,0.37,0.02,5.71,10000000,0,紅縮,否,,0.42,0.45,0.53,,-13.9344,-15.6134,-17.9862
707550,新應材永豐64購01,2026-07-20,0.39,-0.05,-11.36,2000000,0,綠增,否,,0.52,0.62,0.73,,-25.9887,-17.757,-18.1411
707552,台星科台新5A購01,2026-07-20,0.7,-0.06,-7.89,2000000,0,,否,,0.96,1.3,1.49,,-41.1477,-25.2728,
707554,弘塑台新5A購02,2026-07-20,0.35,-0.07,-16.67,41000000,0,綠增,否,,0.57,0.86,1.03,,-50.0876,-30.2363,-9.5842
707556,前鼎台新5A購01,2026-07-20,0.57,-0.09,-13.64,147000000,0,,是,,0.93,1.25,,,-40.4092,-38.8535,
707557,威聯通台新5A購01,2026-07-20,0.56,-0.05,-8.2,15000000,0,綠增,否,,0.75,0.89,1.14,,-28.4069,-22.7312,-22.6004
707559,新應材台新5A購02,2026-07-20,0.85,0.08,10.39,31000000,0,紅縮,否,,1.27,1.42,1.64,,-18.2285,-13.7637,-16.6201
707561,群翊台新5A購02,2026-07-20,0.26,-0.09,-25.71,10000000,0,,否,,0.62,0.64,,,-6.6465,-27.1071,
707563,千附精群益5A購01,2026-07-20,2.02,-0.6,-22.9,114000000,0,,是,,3.55,3.31,,,15.5397,,
707565,弘塑群益5C購01,2026-07-20,0.66,-0.17,-20.48,187000000,0,綠增,是,,0.93,1.33,1.43,,-46.2428,-22.8986,-6.3217
707566,萬泰科群益5A購02,2026-07-20,0.67,-0.5,-42.74,20000000,0,綠增,否,,1.31,1.59,1.7,,-29.753,-13.624,-9.5781
707568,弘塑國泰61購01,2026-07-20,0.94,-0.08,-7.84,100000000,0,綠增,否,,1.12,1.39,1.51,,-31.9175,-18.4815,-2.859
707569,弘塑國泰61購02,2026-07-20,0.73,-0.08,-9.88,175000000,0,綠增,是,,0.91,1.17,1.28,,-36.4525,-19.6294,-2.3691
707572,弘塑富邦5C購02,2026-07-20,0.54,-0.06,-10.0,30000000,0,綠增,否,,0.72,0.93,1.05,,-37.5218,-22.8666,-4.0751
707573,弘塑富邦64購01,2026-07-20,0.39,-0.04,-9.3,330000000,0,綠增,否,,0.49,0.6,0.66,,-31.8436,-19.1946,-3.3552
707574,前鼎富邦5C購01,2026-07-20,0.45,-0.05,-10.0,93000000,0,,否,,0.65,0.85,,,-38.7097,,
707576,中美晶統一64購01,2026-07-20,2.31,-0.18,-7.23,5000000,0,,否,,2.49,2.17,1.66,,35.3261,42.7159,
707577,元太統一64購01,2026-07-20,0.96,-0.01,-1.03,742000000,0,,是,,1.11,1.21,,,-14.7465,-13.0497,
707578,元太統一74購01,2026-07-20,1.25,-0.02,-1.57,12000000,0,,否,,1.33,1.41,,,-9.9865,,
707579,弘塑統一62購02,2026-07-20,0.37,-0.02,-5.13,271000000,0,綠增,否,,0.48,0.6,0.64,,-34.0659,-19.5739,-3.4639
707580,弘塑統一64購01,2026-07-20,0.45,-0.02,-4.26,138000000,0,綠增,否,,0.54,0.65,0.71,,-28.496,-17.7215,-2.3336
707582,弘塑統一64購03,2026-07-20,0.56,0.01,1.82,52000000,0,綠增,否,,0.64,0.75,0.82,,-26.1574,-16.7406,-2.2116
707583,立敦統一64購01,2026-07-20,1.49,-0.36,-19.46,1000000,0,,否,,2.03,2.19,2.11,,-13.4583,-2.1885,
707584,兆利統一74購01,2026-07-20,0.3,-0.03,-9.09,1000000,0,,否,,0.36,0.37,,,-6.2827,,
707590,美琪瑪統一74購01,2026-07-20,0.48,-0.04,-7.69,250000000,0,,是,,0.58,0.66,0.72,,-22.1622,-15.4242,
707592,陽程統一64購03,2026-07-20,1.03,-0.27,-20.77,129000000,0,,否,,1.3,1.28,1.31,,3.0063,3.9708,
707596,臺慶科統一64購01,2026-07-20,1.1,-0.19,-14.73,185000000,0,,是,,1.64,2.01,2.18,,-30.7498,-18.664,
707597,蜜望實統一63購02,2026-07-20,1.7,-0.43,-20.19,40000000,0,,否,,2.6,3.26,,,-33.6901,2.5456,
707598,蜜望實統一64購01,2026-07-20,1.35,-0.23,-14.56,25000000,0,綠增,否,,1.91,2.45,2.91,,-36.4243,-24.4841,-3.5891
707599,蜜望實統一74購02,2026-07-20,1.13,-0.07,-5.83,91000000,0,綠增,是,,1.44,1.69,1.86,,-25.3623,-16.1531,-0.455
707600,環球晶統一63購03,2026-07-20,4.94,0.46,10.27,15000000,0,紅縮,否,,5.43,4.75,3.83,,33.1535,33.6895,26.9818
707609,前鼎元大61購01,2026-07-20,0.45,-0.13,-22.41,1000000,0,,否,,0.78,1.05,1.51,,-41.4781,-32.0181,
707611,勤凱元大5A購05,2026-07-20,0.38,-0.11,-22.45,107000000,0,,是,,0.73,0.96,1.39,,-39.399,-31.9179,
707613,雙鴻元大5A購07,2026-07-20,0.42,-0.12,-22.22,159000000,0,綠增,否,,0.53,0.68,0.82,,-36.6906,-23.4831,-16.2218
707614,雙鴻元大61購13,2026-07-20,0.46,-0.09,-16.36,496000000,0,綠增,是,,0.54,0.66,0.79,,-29.7158,-18.0348,-13.5388
707617,九豪永豐5C購01,2026-07-20,2.89,0.0,0.0,2000000,0,綠縮,否,,2.86,3.5,3.5,,-30.7022,-12.818,-2.5605
707619,立敦永豐5A購01,2026-07-20,1.81,-0.73,-28.74,32000000,0,綠增,否,,2.7,3.15,3.38,,-24.9166,-15.9637,-2.6376
707624,蜜望實永豐5C購01,2026-07-20,2.1,-0.16,-7.08,30000000,0,,是,,3.78,4.23,,,-19.1798,5.3509,
707628,宏捷科凱基5B購01,2026-07-20,0.67,-0.27,-28.72,49000000,0,,否,,1.15,1.44,1.86,,-32.9453,-26.5233,-17.7081
707631,群翊凱基5A購01,2026-07-20,0.12,-0.04,-25.0,130000000,0,,是,,0.19,0.26,0.32,,-44.0476,-24.9284,-31.4678
707633,蜜望實凱基5A購01,2026-07-20,2.51,-0.57,-18.51,44000000,0,,是,,6.47,6.83,,,-9.9917,25.3811,
707634,環球晶凱基5B購01,2026-07-20,16.8,0.2,1.2,1000000,0,,否,,17.78,13.72,,,84.058,,
707635,穩得凱基5A購01,2026-07-20,0.08,-0.04,-33.33,160000000,0,,是,,0.23,0.37,0.68,,-54.6875,-44.9704,
707639,中美晶台新5A購01,2026-07-20,7.65,-0.2,-2.55,10000000,0,,否,,4.67,4.03,,,38.2022,,
707644,博磊台新5A購01,2026-07-20,1.46,-0.22,-13.1,21000000,0,,否,,2.01,,,,,,
707645,博磊台新5A購02,2026-07-20,1.59,-0.17,-9.66,110000000,0,,是,,2.23,,,,,,
707646,博磊台新5A購03,2026-07-20,1.15,-0.24,-17.27,2000000,0,,否,,1.95,2.44,,,-33.4697,-34.6966,
707652,九豪元大5A購03,2026-07-20,1.02,-0.44,-30.14,5000000,0,綠增,否,,2.39,3.61,3.62,,-50.559,-16.1283,-6.6323
707655,系統電元大5A購02,2026-07-20,0.8,-0.16,-16.67,25000000,0,綠增,否,,1.19,1.55,1.87,,-37.8661,-21.4792,-21.3535
707659,宜特元大61購01,2026-07-20,0.6,-0.01,-1.64,1000000,0,綠增,否,,0.84,0.87,0.93,,-7.3009,-9.9276,-6.5524
707660,宜特元大63購02,2026-07-20,0.37,-0.07,-15.91,15000000,0,綠增,否,,0.57,0.63,0.64,,-16.8605,-9.2219,-7.6204
707661,朋億*元大5A購01,2026-07-20,2.02,-0.36,-15.13,16000000,0,綠增,否,,2.89,3.1,2.96,,-12.7492,-6.797,18.5371
707665,意德士元大5A購01,2026-07-20,0.28,-0.04,-12.5,70000000,0,,否,,0.52,0.69,0.82,,-40.8257,-21.4043,
707666,新盛力元大5A購02,2026-07-20,3.0,0.93,44.93,3000000,0,,否,,3.9,4.01,4.25,,-5.5286,-3.7908,3.7996
707667,鉅橡元大5A購01,2026-07-20,0.18,-0.14,-43.75,2000000,0,,否,,0.89,,,,,,
707670,九豪群益5A購03,2026-07-20,1.01,-0.47,-31.76,11000000,0,綠增,否,,1.8,2.91,3.49,,-55.3456,-32.7088,-10.7984
707672,美琪瑪群益5A購02,2026-07-20,0.73,-0.1,-12.05,8000000,0,,否,,1.21,1.77,2.42,,-48.1577,-34.9008,-13.79
707674,優群群益5A購01,2026-07-20,0.45,-0.05,-10.0,20000000,0,綠增,否,,0.64,0.82,0.98,,-35.9281,-25.4083,-14.7405
707676,加高國票5B購01,2026-07-20,0.75,-0.06,-7.41,103000000,0,綠增,否,,1.12,1.57,1.69,,-44.1907,-13.7912,-8.9411
707677,艾訊國票5B購01,2026-07-20,1.13,-0.2,-15.04,60000000,0,綠增,否,,1.45,1.57,1.67,,-14.1163,-8.309,-3.8051
707681,漢達國票5B購01,2026-07-20,0.86,-0.03,-3.37,1322000000,0,綠增,是,,0.98,1.28,1.13,,-37.9571,-8.5409,11.0457
707683,九豪富邦5C購01,2026-07-20,0.73,-0.21,-22.34,22000000,0,,是,,1.73,2.01,1.91,,-24.7602,-1.8075,3.5307
707685,九豪統一64購01,2026-07-20,0.72,-0.21,-22.58,3000000,0,綠增,否,,1.05,1.41,1.59,,-40.565,-24.3837,-7.8107
707686,九豪統一64購02,2026-07-20,0.61,-0.2,-24.69,71000000,0,綠增,否,,1.0,1.29,1.35,,-36.8354,-18.2107,-4.3308
707687,九豪統一74購01,2026-07-20,0.75,-0.09,-10.71,19000000,0,綠增,否,,0.94,1.15,1.27,,-31.1307,-20.4703,-5.4586
707688,千附統一74購01,2026-07-20,1.48,-0.21,-12.43,12000000,0,,否,,1.5,1.26,1.1,,47.5442,28.3096,
707689,千附精統一74購02,2026-07-20,1.17,-0.13,-10.0,129000000,0,紅轉綠,否,,1.49,1.45,1.4,,5.5085,2.7542,0.7181
707690,台星科統一74購02,2026-07-20,0.43,-0.04,-8.51,25000000,0,,否,,0.48,0.53,0.55,,-17.2414,-10.017,-7.3764
707693,宏觀統一74購01,2026-07-20,0.3,-0.03,-9.09,30000000,0,,是,,0.38,0.48,,,-33.564,,
707695,宜特統一64購02,2026-07-20,0.31,-0.06,-16.22,94000000,0,,否,,0.49,0.52,,,-10.8303,,
707696,宜特統一65購02,2026-07-20,0.23,-0.08,-25.81,30000000,0,,否,,0.32,0.39,0.41,,-29.0749,-12.2172,-9.6597
707699,意德士統一65購01,2026-07-20,0.38,-0.03,-7.32,10000000,0,,否,,0.55,,,,,,
707701,萬泰科統一74購03,2026-07-20,0.72,-0.08,-10.0,46000000,0,綠增,否,,0.86,0.96,0.97,,-18.5958,-7.2745,-3.5323
707703,優群統一66購01,2026-07-20,0.46,-0.07,-13.21,118000000,0,,否,,0.58,0.63,0.66,,-15.0442,-4.2748,
707704,環球晶統一64購03,2026-07-20,4.13,0.04,0.98,3000000,0,,否,,4.63,3.9,3.25,,46.397,31.29,
707705,環球晶統一74購01,2026-07-20,3.2,0.2,6.67,63000000,0,紅縮,否,,3.47,3.17,2.7,,21.3138,26.6293,20.8445
707709,美琪瑪台新5A購01,2026-07-20,0.45,-0.01,-2.17,12000000,0,,否,,1.02,1.19,1.36,,-24.4838,-21.8134,
707710,千附精國票5B購02,2026-07-20,0.72,-0.09,-11.11,20000000,0,紅轉綠,否,,1.1,1.03,0.97,,13.4298,7.3805,7.0796
707711,千附精國票5B購03,2026-07-20,0.99,-0.18,-15.38,223000000,0,紅轉綠,否,,1.69,1.57,1.47,,16.7358,7.476,8.2596
707712,方土昶國票5B購01,2026-07-20,0.76,-0.21,-21.65,10000000,0,綠增,否,,1.15,1.25,1.59,,-15.3392,-22.4768,-11.4461
707714,邑昇國票5B購01,2026-07-20,0.08,-0.04,-33.33,11000000,0,綠增,否,,0.14,0.19,0.26,,-42.3729,-27.0588,-23.5808
707715,欣銓國票5B購02,2026-07-20,0.95,-0.28,-22.76,16000000,0,綠增,否,,1.43,1.64,1.59,,-22.7519,-3.9906,-1.5494
707718,家登國票5A購01,2026-07-20,1.34,-0.28,-17.28,34000000,0,,否,,1.94,2.36,2.5,,-29.9207,-11.2491,
707719,能率亞國票5B購01,2026-07-20,1.65,-0.45,-21.43,84000000,0,綠增,是,,1.81,2.01,2.1,,-17.8766,-13.2671,-2.3976
707721,群聯國票5B購01,2026-07-20,1.1,-0.11,-9.09,337000000,0,綠增,否,,1.74,2.12,2.67,,-30.8367,-26.1565,-10.2517
707726,千附精元大5A購04,2026-07-20,0.83,-0.1,-10.75,1000000,0,,否,,1.33,1.31,1.29,,2.9366,15.7848,
707729,欣銓元大5A購02,2026-07-20,1.35,-0.4,-22.86,24000000,0,,是,,2.01,2.05,,,-4.0991,,
707731,美琪瑪元大5A購03,2026-07-20,0.2,-0.14,-41.18,15000000,0,綠增,否,,0.45,0.64,0.8,,-45.5635,-25.1163,-10.9202
707733,群翊元大5A購07,2026-07-20,0.47,-0.12,-20.34,163000000,0,,否,,0.64,0.76,0.87,,-26.0369,-13.9111,-21.5343
707734,群聯元大5A購01,2026-07-20,1.4,0.0,0.0,247000000,0,綠增,是,,1.83,2.04,2.34,,-19.2035,-19.7565,-8.6762
707735,群聯元大5A購02,2026-07-20,0.7,-0.05,-6.67,690000000,0,綠增,是,,1.05,1.26,1.56,,-29.0366,-24.4604,-10.5519
707736,鈺太元大61購01,2026-07-20,0.33,-0.07,-17.5,229000000,0,,否,,0.45,0.64,0.74,,-44.7433,-26.9275,-21.7437
707738,蜜望實元大5A購04,2026-07-20,1.35,-0.45,-25.0,10000000,0,,否,,3.37,3.68,3.04,,-15.7079,5.8317,
707739,蜜望實元大5A購05,2026-07-20,1.67,-0.53,-24.09,20000000,0,,是,,2.89,3.61,3.3,,-33.3179,-10.005,
707741,方土昶凱基5A購01,2026-07-20,1.35,-0.4,-22.86,30000000,0,綠增,否,,2.02,2.13,2.74,,-9.6601,-20.951,-12.0161
707742,欣銓凱基5A購01,2026-07-20,1.36,-0.56,-29.17,10000000,0,綠增,否,,2.18,2.88,2.9,,-39.0599,-10.3212,-5.6748
707743,欣銓凱基5A購02,2026-07-20,1.67,-0.55,-24.77,10000000,0,綠增,否,,2.94,2.9,2.88,,3.0091,-2.0263,-2.4382
707747,群聯凱基5A購01,2026-07-20,1.2,-1.15,-48.94,119000000,0,,是,,2.59,3.68,4.27,,-45.664,-26.4964,-21.3405
707748,群聯凱基5A購02,2026-07-20,1.2,-0.35,-22.58,40000000,0,綠增,是,,2.06,2.87,3.46,,-44.2214,-29.6841,-18.5041
707750,千附精永豐5C購01,2026-07-20,0.71,-0.11,-13.41,445000000,0,紅轉綠,否,,1.09,1.03,0.98,,12.6033,5.6468,2.7924
707751,方土昶永豐5A購01,2026-07-20,1.25,-0.25,-16.67,35000000,0,,否,,1.85,2.4,2.61,,-37.4831,-14.7017,
707752,世禾永豐5B購01,2026-07-20,0.47,-0.06,-11.32,32000000,0,,否,,0.67,0.68,0.73,,-4.8433,-5.9066,-15.1832
707754,欣銓永豐5A購01,2026-07-20,1.08,-0.44,-28.95,50000000,0,,否,,1.81,1.92,1.87,,-11.2967,-2.4873,-3.2541
707755,欣銓永豐5C購01,2026-07-20,1.3,-0.25,-16.13,91000000,0,綠增,否,,1.67,1.95,1.93,,-24.8425,-4.0434,-2.5291
707757,群聯永豐61購01,2026-07-20,0.67,-0.04,-5.63,446000000,0,綠增,否,,0.94,1.1,1.31,,-24.8,-20.4215,-9.0498
707758,群聯永豐64購01,2026-07-20,0.82,0.01,1.23,435000000,0,綠增,否,,1.09,1.24,1.45,,-22.3176,-18.6107,-7.8264
707759,蜜望實永豐61購01,2026-07-20,1.14,-0.19,-14.29,135000000,0,綠增,否,,1.54,2.02,2.43,,-38.5965,-20.9066,-8.9306
707763,群聯群益5B購01,2026-07-20,1.38,-0.65,-32.02,67000000,0,綠增,是,,2.19,2.82,3.59,,-36.6377,-24.0022,-17.6295
707764,群聯群益61購01,2026-07-20,1.47,0.11,8.09,465000000,0,綠增,否,,2.03,2.43,2.98,,-28.6117,-23.5461,-9.2155
707765,群聯群益64購01,2026-07-20,1.62,-0.54,-25.0,441000000,0,綠增,是,,2.62,2.86,3.13,,-15.5039,-15.7771,-8.809
707767,精材兆豐5C購01,2026-07-20,4.83,-0.37,-7.12,1000000,0,,否,,5.58,4.81,,,37.6111,55.7929,
707768,力旺永豐5A購01,2026-07-20,0.11,0.03,37.5,17000000,0,綠縮,否,,0.1,0.11,0.19,,-18.0328,-36.2069,-23.0143
707769,力旺永豐5B購01,2026-07-20,0.11,-0.03,-21.43,3000000,0,綠縮,否,,0.17,0.27,0.42,,-53.5912,-42.0131,-26.98
707770,力旺永豐5C購01,2026-07-20,0.11,-0.02,-15.38,295000000,0,綠縮,否,,0.16,0.24,0.38,,-50.3067,-37.4359,-25.5214
707771,台半永豐5C購01,2026-07-20,1.66,-0.92,-35.66,10000000,0,,是,,3.47,3.64,,,-8.967,16.0931,
707773,立端永豐5A購01,2026-07-20,0.17,-0.18,-51.43,90000000,0,,否,,0.32,0.36,0.48,,-17.9487,-21.6336,-24.0316
707775,亞通永豐5A購01,2026-07-20,0.36,-0.02,-5.26,404000000,0,綠增,否,,0.58,0.63,0.62,,-14.7929,-4.2813,2.9142
707776,旺矽永豐5B購02,2026-07-20,1.49,-0.39,-20.74,23000000,0,綠增,否,,2.15,2.58,2.33,,-28.5335,1.0559,6.7231
707778,信驊永豐5B購04,2026-07-20,1.09,-0.16,-12.8,47000000,0,綠縮,否,,1.33,1.84,2.49,,-43.6333,-26.0538,-15.8028
707780,精測永豐61購02,2026-07-20,0.18,-0.01,-5.26,372000000,0,綠縮,是,,0.22,0.29,0.4,,-41.6216,-31.8605,-15.7456
707781,臺慶科永豐5B購01,2026-07-20,1.21,-0.45,-27.11,42000000,0,,是,,2.25,,,,,,
707782,聰泰永豐5A購01,2026-07-20,0.29,-0.09,-23.68,430000000,0,綠增,是,,0.5,0.66,0.85,,-38.9706,-26.4278,-22.9025
707784,力旺凱基5A購04,2026-07-20,0.04,-0.04,-50.0,372000000,0,綠縮,是,,0.09,0.17,0.32,,-66.1417,-49.5549,-32.3749
707785,力旺凱基5B購02,2026-07-20,0.07,-0.09,-56.25,3000000,0,綠增,否,,0.16,0.25,0.4,,-55.4286,-39.6181,-21.9748
707786,力旺凱基5C購01,2026-07-20,0.16,0.01,6.67,185000000,0,綠縮,否,,0.22,0.33,0.51,,-48.8372,-36.7704,-22.546
707787,力旺凱基61購01,2026-07-20,0.34,0.0,0.0,267000000,0,綠縮,是,,0.37,0.4,0.52,,-14.7465,-21.6374,-18.8041
707789,宏捷科凱基5A購02,2026-07-20,0.1,-0.08,-44.44,29000000,0,綠增,是,,0.25,0.44,0.72,,-59.8101,-46.9461,-30.0485
707790,旺矽凱基5A購05,2026-07-20,1.26,-0.18,-12.5,10000000,0,綠增,否,,2.1,2.46,2.5,,-25.1778,-11.9312,2.3527
707791,旺矽凱基5B購02,2026-07-20,1.09,-0.21,-16.15,10000000,0,綠增,否,,1.78,2.06,2.09,,-23.4536,-7.9713,1.4067
707792,旺矽凱基5C購02,2026-07-20,1.32,0.0,0.0,1000000,0,綠增,否,,1.84,2.08,2.08,,-20.3976,-4.897,1.8355
707795,信驊凱基5A購04,2026-07-20,1.4,0.06,4.48,396000000,0,綠縮,是,,1.49,2.11,2.96,,-45.6538,-32.0797,-16.882
707796,信驊凱基5B購03,2026-07-20,1.43,0.06,4.38,91000000,0,綠縮,否,,1.57,2.14,2.87,,-41.833,-25.4355,-15.7162
707797,信驊凱基5C購02,2026-07-20,1.44,-0.56,-28.0,38000000,0,綠增,否,,1.7,2.26,2.89,,-40.0707,-25.657,-14.2391
707798,信驊凱基61購04,2026-07-20,1.8,-0.2,-10.0,2000000,0,綠增,否,,2.17,2.45,2.93,,-20.8912,-13.2956,-10.1762
707799,家登凱基5A購01,2026-07-20,1.05,-0.34,-24.46,71000000,0,綠增,否,,1.75,2.17,2.38,,-32.7427,-16.7242,-7.0552
707800,華景電凱基5A購04,2026-07-20,0.32,-0.04,-11.11,20000000,0,,否,,0.86,1.13,1.27,,-38.8571,-21.9917,
707803,精測凱基5A購02,2026-07-20,0.12,-0.06,-33.33,5000000,0,綠增,否,,0.26,0.45,0.8,,-58.9905,-47.8413,-17.9619
707809,宏捷科台新61購01,2026-07-20,0.43,-0.16,-27.12,233000000,0,,是,,0.7,0.88,,,-33.8346,,
707812,信驊台新5A購01,2026-07-20,1.92,-0.13,-6.34,22000000,0,,否,,2.02,2.72,3.48,,-40.8905,-25.4665,-19.4116
707813,信驊台新5A購02,2026-07-20,1.09,-0.04,-3.54,182000000,0,綠縮,否,,1.29,1.85,2.54,,-46.173,-27.4048,-16.3319
707817,力旺元大5A購05,2026-07-20,0.1,-0.05,-33.33,90000000,0,,是,,0.23,0.33,0.45,,-45.7547,-27.9736,
707820,旺矽元大5A購04,2026-07-20,1.2,0.3,33.33,107000000,0,綠增,否,,1.36,1.55,1.57,,-21.684,-6.4731,1.6883
707821,旺矽元大5B購02,2026-07-20,1.13,-0.3,-20.98,520000000,0,綠增,是,,1.97,2.3,2.38,,-24.5989,-10.7656,1.6005
707822,旺矽元大61購02,2026-07-20,1.16,0.0,0.0,96000000,0,綠增,否,,1.34,1.43,1.41,,-12.4509,-2.2541,2.9851
707828,信驊元大5A購02,2026-07-20,1.06,-0.07,-6.19,110000000,0,綠縮,是,,1.21,1.69,2.38,,-44.6281,-32.4281,-15.1677
707829,信驊元大63購01,2026-07-20,4.25,0.25,6.25,26000000,0,綠轉紅,否,,3.91,4.01,4.29,,-5.051,-4.4513,-2.3219
707833,群翊元大61購01,2026-07-20,0.48,-0.03,-5.88,29000000,0,紅縮,否,,0.58,0.63,0.66,,-15.2493,-7.3529,-10.3659
707837,中光電國泰5B購01,2026-07-20,2.9,1.41,94.63,22000000,0,紅縮,否,,2.72,2.59,1.81,,10.6678,42.3775,26.1838
707839,旺矽國泰5B購01,2026-07-20,1.1,-0.13,-10.57,489000000,0,綠增,是,,1.62,1.84,1.87,,-21.4147,-7.06,1.1364
707840,旺矽國泰5B購02,2026-07-20,1.1,-0.35,-24.14,47000000,0,綠增,否,,1.5,1.63,1.63,,-15.0965,-4.7368,3.7013
707843,旺矽統一64購02,2026-07-20,1.15,-0.15,-11.54,300000000,0,綠增,否,,1.59,1.77,1.8,,-18.9796,-6.3852,1.6949
707844,群聯統一64購01,2026-07-20,0.82,-0.08,-8.89,94000000,0,綠增,否,,1.11,1.27,1.49,,-21.6596,-19.2357,-7.4636
707845,精測統一64購03,2026-07-20,0.24,-0.02,-7.69,115000000,0,綠縮,否,,0.3,0.37,0.48,,-31.7972,-25.0513,-13.8023
707846,力旺富邦5C購01,2026-07-20,0.15,-0.01,-6.25,927000000,0,綠縮,否,,0.2,0.27,0.38,,-42.0118,-32.2335,-18.7905
707847,良維富邦62購01,2026-07-20,0.54,-0.05,-8.47,362000000,0,綠增,是,,0.82,1.1,1.23,,-40.7514,-20.8902,-17.4891
707848,旺矽富邦64購02,2026-07-20,1.32,-0.02,-1.49,147000000,0,綠增,否,,1.61,1.68,1.65,,-7.7803,-0.0,4.8074
707849,欣銓富邦5A購01,2026-07-20,0.66,-0.21,-24.14,3000000,0,綠增,否,,0.91,1.06,1.07,,-24.6281,-5.8563,-2.5023
707850,欣銓富邦64購01,2026-07-20,0.72,-0.13,-15.29,11000000,0,綠增,否,,0.92,1.01,0.99,,-16.0291,-2.9779,-1.1477
707851,信紘科富邦62購01,2026-07-20,0.42,-0.06,-12.5,1000000,0,,否,,0.68,0.69,,,-2.849,,
707852,信驊富邦61購01,2026-07-20,1.62,0.06,3.85,667000000,0,綠縮,是,,1.75,2.28,2.97,,-37.3571,-22.8659,-13.748
707853,華電網富邦62購01,2026-07-20,0.1,-0.02,-16.67,20000000,0,,否,,0.2,0.25,,,-30.6122,-25.2252,
707854,順達富邦62購01,2026-07-20,0.67,-0.17,-20.24,394000000,0,,是,,1.01,1.03,1.07,,-3.7951,-0.6724,-4.6284
707856,新盛力富邦61購01,2026-07-20,1.47,-0.07,-4.55,165000000,0,,是,,2.39,2.45,,,-4.7049,,
707858,群聯富邦5C購01,2026-07-20,0.77,-0.04,-4.94,147000000,0,綠增,否,,1.04,1.23,1.47,,-26.2712,-21.3555,-8.6673
707859,群聯富邦61購01,2026-07-20,0.89,-0.07,-7.29,1760000000,0,綠增,否,,1.3,1.54,1.88,,-27.4049,-23.1191,-9.6596
707860,精測富邦61購01,2026-07-20,0.15,-0.04,-21.05,20000000,0,,否,,0.25,0.32,0.46,,-35.2041,-32.2851,-12.823
707861,M31凱基5A購02,2026-07-20,0.23,0.09,64.29,10000000,0,,否,,0.33,0.51,,,-53.0259,-36.9592,
707865,家登凱基5A購02,2026-07-20,0.54,-0.22,-28.95,316000000,0,,是,,1.22,1.44,,,-25.9394,-17.7549,
707867,新盛力凱基5A購03,2026-07-20,2.53,-0.32,-11.23,72000000,0,,是,,4.8,5.41,,,-20.3519,2.5199,
707871,M31元大5A購01,2026-07-20,0.26,-0.1,-27.78,2000000,0,,否,,0.76,1.03,,,-41.7819,-37.2716,
707872,M31元大5A購02,2026-07-20,0.6,0.11,22.45,94000000,0,,否,,0.77,1.03,1.2,,-40.4355,-23.8872,-23.5369
707873,M31元大61購01,2026-07-20,0.35,0.05,16.67,10000000,0,,否,,0.47,0.58,0.71,,-32.853,-16.7862,
707874,M31元大63購01,2026-07-20,0.54,0.2,58.82,9000000,0,,否,,0.46,0.55,0.57,,-26.8987,-8.5284,-14.4461
707876,千附元大5A購01,2026-07-20,0.96,-0.62,-39.24,124000000,0,紅縮,否,,1.28,0.87,0.66,,178.6957,88.9371,46.2472
707877,加高元大5A購01,2026-07-20,0.51,-0.28,-35.44,5000000,0,綠增,否,,0.92,1.37,1.58,,-49.2291,-18.2198,-7.2935
707878,台嘉碩元大5A購02,2026-07-20,0.55,-0.05,-8.33,60000000,0,綠增,否,,0.78,1.05,1.17,,-41.0606,-14.5765,-12.2372
707883,欣銓元大5A購03,2026-07-20,1.11,-0.67,-37.64,2000000,0,,否,,2.1,2.1,1.98,,0.7663,6.1803,
707887,鏵友益元大5A購01,2026-07-20,0.13,-0.04,-23.53,16000000,0,,否,,0.24,0.26,0.35,,-15.7143,-11.9454,
707894,M31富邦5C購01,2026-07-20,0.28,0.07,33.33,21000000,0,,否,,0.28,0.37,0.55,,-40.0,-29.6367,
707895,元太富邦61購01,2026-07-20,1.2,-0.02,-1.64,333000000,0,綠增,是,,1.38,1.53,1.61,,-18.0308,-10.2924,-6.3298
707896,台星科富邦61購01,2026-07-20,0.3,-0.11,-26.83,237000000,0,,否,,0.48,0.61,0.66,,-34.6049,-12.6619,
707897,均豪富邦62購01,2026-07-20,0.17,-0.08,-32.0,179000000,0,綠增,否,,0.28,0.37,0.37,,-37.1681,-13.4118,-4.3758
707898,宏捷科富邦5C購03,2026-07-20,0.22,-0.09,-29.03,121000000,0,,否,,0.35,0.53,,,-50.7003,-33.6239,
707899,宏捷科富邦61購02,2026-07-20,0.13,-0.01,-7.14,541000000,0,,否,,0.21,0.35,0.48,,-56.6802,-37.5661,-22.3833
707900,華景電富邦61購01,2026-07-20,0.19,-0.02,-9.52,10000000,0,綠增,否,,0.26,0.33,0.39,,-37.8641,-20.4762,-12.3583
707901,鈊象富邦61購01,2026-07-20,0.5,0.02,4.17,148000000,0,,否,,0.75,0.81,,,-14.6119,-6.5593,
707902,萬泰科富邦62購01,2026-07-20,0.67,-0.12,-15.19,188000000,0,綠增,是,,0.99,1.14,1.17,,-23.8829,-9.0692,-8.7671
707903,欣銓群益5A購02,2026-07-20,0.61,-0.33,-35.11,572000000,0,綠增,否,,0.95,1.23,1.26,,-36.9048,-8.7343,-5.618
707906,久元元大5A購03,2026-07-20,0.66,-0.65,-49.62,24000000,0,,是,,1.62,,,,,,
707916,邑昇元大5A購01,2026-07-20,0.24,-0.05,-17.24,206000000,0,,是,,0.33,0.46,0.7,,-43.5374,-37.8378,
707917,信紘科元大5A購02,2026-07-20,0.52,-0.3,-36.59,150000000,0,綠增,否,,0.75,0.91,1.02,,-29.8311,-19.1622,-8.3259
707918,家登元大5A購03,2026-07-20,0.44,-0.33,-42.86,160000000,0,,是,,0.77,1.06,,,-42.5373,-24.5351,
707922,新盛力元大5A購03,2026-07-20,1.9,-0.17,-8.21,2000000,0,,否,,2.87,3.36,3.68,,-25.5971,-15.3478,
707924,久元凱基5A購01,2026-07-20,0.26,-0.06,-18.75,2000000,0,,否,,0.48,0.63,0.87,,-39.3401,-27.6571,
707925,合晶凱基5A購01,2026-07-20,34.5,-6.2,-15.23,1000000,0,,否,,31.62,23.74,,,99.3695,,
707932,世禾富邦5C購02,2026-07-20,0.26,-0.04,-13.33,5000000,0,,否,,0.36,0.39,0.42,,-11.7073,-0.7712,
707933,均華富邦61購01,2026-07-20,0.18,-0.01,-5.26,947000000,0,綠增,是,,0.21,0.3,0.33,,-43.9153,-14.9856,-12.9506
707934,沛亨富邦5B購01,2026-07-20,0.21,-0.03,-12.5,70000000,0,,否,,0.47,0.69,0.81,,-48.9035,-19.1315,
707935,欣銓富邦5B購01,2026-07-20,0.39,-0.01,-2.5,279000000,0,綠增,否,,0.51,0.64,0.65,,-32.5459,-8.4648,-4.068
707936,中美晶兆豐64購01,2026-07-20,4.52,-0.33,-6.8,5000000,0,紅縮,否,,5.13,4.44,3.5,,36.5282,42.1895,29.2858
707937,順達兆豐5C購02,2026-07-20,0.39,-0.13,-25.0,62000000,0,,否,,0.67,0.67,0.72,,0.5988,-2.8986,
707938,世界群益5A購03,2026-07-20,1.56,-0.72,-31.58,23000000,0,綠增,否,,2.49,3.01,3.4,,-29.5249,-29.049,0.7402
707940,良維群益5A購01,2026-07-20,0.26,-0.1,-27.78,5000000,0,綠增,否,,0.59,1.04,1.33,,-60.6952,-34.3415,-25.1833
707941,原相群益5A購01,2026-07-20,0.38,0.03,8.57,30000000,0,綠增,否,,0.59,0.99,1.1,,-56.9565,-28.8392,-19.9344
707944,富喬群益5A購04,2026-07-20,0.1,-0.04,-28.57,50000000,0,,否,,0.23,0.35,0.43,,-50.8621,-31.0757,-24.277
707948,久元凱基5A購02,2026-07-20,0.65,-0.11,-14.47,30000000,0,,否,,0.92,1.16,,,-34.4286,,
707949,千附凱基5A購01,2026-07-20,0.89,-0.33,-27.05,276000000,0,紅縮,否,,1.14,0.77,0.55,,178.9216,109.4851,49.6599
707950,世界凱基5A購02,2026-07-20,1.03,-0.39,-27.46,58000000,0,,是,,2.02,2.33,1.88,,-22.9833,14.7509,
707954,沛亨凱基5A購02,2026-07-20,0.09,-0.03,-25.0,12000000,0,綠縮,否,,0.22,0.39,0.65,,-61.5658,-48.4768,-21.2158
707957,新盛力凱基5B購01,2026-07-20,1.58,0.03,1.94,51000000,0,,否,,2.32,2.86,3.11,,-31.7245,-16.2811,
707963,家登富邦61購01,2026-07-20,0.5,0.0,0.0,832000000,0,,否,,0.7,0.83,0.88,,-26.3598,-11.983,-10.8696
707964,富喬富邦61購01,2026-07-20,0.13,-0.03,-18.75,1076000000,0,綠增,是,,0.2,0.26,0.31,,-36.875,-24.5665,-9.2125
707965,聖暉*富邦5C購01,2026-07-20,1.57,-0.17,-9.77,27000000,0,綠增,否,,2.22,2.34,2.0,,-9.454,4.9372,15.3713
707966,鉅橡富邦5B購01,2026-07-20,0.11,-0.04,-26.67,80000000,0,,是,,0.34,0.42,,,-33.2016,,
707971,巨有元大5A購01,2026-07-20,0.35,-0.08,-18.6,57000000,0,綠增,否,,0.83,1.25,1.33,,-50.2987,-21.3927,-18.4889
707972,富喬元大5C購02,2026-07-20,0.17,0.01,6.25,24000000,0,綠增,否,,0.21,0.28,0.34,,-36.6864,-26.7905,-9.1768
707974,環球晶元大5A購01,2026-07-20,5.0,-1.0,-16.67,4000000,0,紅縮,否,,6.21,5.38,4.28,,36.4236,41.5308,30.2768
707981,新盛力國票5A購02,2026-07-20,0.99,-0.19,-16.1,1000000,0,綠增,否,,1.63,2.13,2.37,,-38.0989,-19.9925,-11.4494
707982,雙鴻凱基5A購08,2026-07-20,0.15,-0.01,-6.25,20000000,0,,否,,0.31,0.41,,,-37.9447,,
707984,聖暉*凱基5C購01,2026-07-20,1.99,-0.46,-18.78,15000000,0,綠增,否,,2.45,2.96,2.6,,-29.2725,-4.7665,9.7386
707989,系統電國泰5B購01,2026-07-20,0.73,0.0,0.0,39000000,0,綠增,是,,0.96,1.21,1.4,,-34.2936,-18.5435,-16.4485
707990,新盛力國泰5B購02,2026-07-20,1.83,0.02,1.1,135000000,0,,是,,,,,,,,
707991,群聯國泰5B購01,2026-07-20,1.31,-0.17,-11.49,7000000,0,綠增,否,,1.89,2.2,2.61,,-24.1186,-20.7009,-10.7516
707992,群聯國泰5B購02,2026-07-20,1.09,-0.08,-6.84,6000000,0,綠增,否,,1.6,1.92,2.26,,-28.9146,-23.1108,-11.0323
707997,新盛力永豐61購01,2026-07-20,1.21,0.03,2.54,106000000,0,,否,,1.59,1.95,2.12,,-31.3742,-14.8407,
707998,群聯永豐5C購01,2026-07-20,0.75,-0.06,-7.41,407000000,0,綠增,否,,1.05,1.22,1.46,,-24.9284,-21.1104,-10.3956
708006,良維國票5B購01,2026-07-20,0.25,0.0,0.0,200000000,0,,是,,0.71,0.75,,,-8.9514,-22.0251,
708007,凌陽創國票5B購01,2026-07-20,0.31,-0.06,-16.22,50000000,0,,是,,0.54,0.66,0.7,,-30.5913,-5.5874,
708008,群聯國票5B購03,2026-07-20,0.78,-0.08,-9.3,644000000,0,綠增,是,,1.25,1.52,1.92,,-29.5838,-26.6699,-10.4467
708009,聖暉*國票5B購01,2026-07-20,1.17,-0.53,-31.18,18000000,0,綠增,否,,1.58,1.97,1.96,,-33.1641,-11.8856,2.0083
708015,群聯台新5A購01,2026-07-20,6.5,-0.25,-3.7,27000000,0,,是,,8.15,8.86,,,-14.838,-4.4229,
708017,群聯台新5A購03,2026-07-20,1.8,0.25,16.13,106000000,0,綠增,否,,2.47,3.09,4.02,,-33.2073,-28.3627,-11.8795
708018,穩得台新5A購01,2026-07-20,0.19,-0.03,-13.64,1000000,0,,否,,0.61,0.87,1.14,,-46.3972,-27.3483,
708025,大綜國票5A購01,2026-07-20,0.85,-0.31,-26.72,19000000,0,綠縮,否,,1.18,1.34,2.45,,-21.1718,-40.7326,-18.4075
708026,太景*國票5B購01,2026-07-20,0.21,-0.01,-4.55,998000000,0,,是,,0.48,0.37,0.34,,80.303,32.1429,
708031,群聯國票5B購04,2026-07-20,0.92,-0.08,-8.0,23000000,0,,否,,1.4,1.88,,,-40.9475,-26.7057,
708032,環球晶國票5A購02,2026-07-20,6.85,-0.9,-11.61,5000000,0,,否,,8.06,6.63,,,54.9404,,
708033,譜瑞國票5B購01,2026-07-20,0.4,-0.06,-13.04,310000000,0,紅縮,否,,0.58,0.67,0.79,,-22.1333,-11.7725,-15.8177
708034,久元永豐5C購01,2026-07-20,0.3,-0.17,-36.17,150000000,0,,是,,0.5,0.57,0.77,,-23.6196,-20.0278,
708040,良維元大5A購04,2026-07-20,0.24,0.01,4.35,277000000,0,綠增,是,,0.4,0.62,0.77,,-52.619,-28.9323,-18.6807
708041,良維元大63購01,2026-07-20,0.39,0.01,2.63,297000000,0,綠增,否,,0.52,0.68,0.77,,-39.5785,-19.6009,-18.5283
708042,新盛力元大5A購04,2026-07-20,0.79,-0.17,-17.71,86000000,0,綠增,是,,1.41,1.89,2.08,,-40.2542,-16.7403,-11.878
708043,良維富邦61購01,2026-07-20,0.23,-0.03,-11.54,1045000000,0,綠增,是,,0.39,0.5,0.56,,-37.3377,-19.84,-18.5266
708044,新盛力富邦61購02,2026-07-20,0.83,0.02,2.47,373000000,0,綠增,否,,1.11,1.33,1.45,,-28.6264,-14.914,-8.1884
708046,系統電群益5B購01,2026-07-20,0.51,-0.16,-23.88,25000000,0,綠增,否,,0.99,1.31,1.71,,-38.9914,-25.1144,-22.2678
708047,良維群益5B購03,2026-07-20,0.31,-0.18,-36.73,59000000,0,,否,,0.77,0.91,,,-27.1863,-31.2925,
708048,臺慶科群益5A購01,2026-07-20,1.6,-0.46,-22.33,1000000,0,,否,,4.2,,,,,,
708054,環球晶台新5A購04,2026-07-20,9.5,0.6,6.74,3000000,0,,否,,9.83,8.35,,,43.0859,49.9641,
708055,群聯元大5A購03,2026-07-20,0.75,0.21,38.89,26000000,0,綠增,否,,1.15,1.57,1.97,,-42.2535,-30.8947,-21.2889
708058,環球晶元大5A購04,2026-07-20,4.99,0.25,5.27,19000000,0,,否,,5.75,5.15,3.94,,26.1194,37.6537,25.8229
708061,欣銓凱基5A購03,2026-07-20,0.62,-0.1,-13.89,197000000,0,綠增,否,,0.88,1.09,1.07,,-32.2531,-5.3136,-3.0317
708062,順達凱基5A購04,2026-07-20,0.47,-0.15,-24.19,9000000,0,,否,,0.88,0.88,,,-0.905,-15.628,
708063,群聯凱基5B購02,2026-07-20,0.44,-0.1,-18.52,162000000,0,綠增,否,,0.71,1.18,1.47,,-56.5854,-29.7491,-17.184
708064,群聯兆豐64購01,2026-07-20,1.4,-0.1,-6.67,680000000,0,綠增,否,,1.9,2.17,2.52,,-21.6461,-18.1955,-7.2587
708065,中美晶群益5C購01,2026-07-20,3.63,-0.12,-3.2,18000000,0,紅縮,否,,3.94,3.26,2.46,,52.3589,52.4766,38.8607
708066,群聯群益5B購02,2026-07-20,0.61,-0.03,-4.69,389000000,0,綠增,否,,0.92,1.12,1.41,,-31.0241,-25.4485,-11.0691
708067,群聯群益5C購01,2026-07-20,0.99,-0.1,-9.17,1278000000,0,綠增,是,,1.47,1.75,2.18,,-27.8269,-25.5211,-9.8571
708069,精材群益5A購06,2026-07-20,4.3,-0.7,-14.0,386000000,0,紅縮,是,,4.89,3.96,3.05,,61.1734,39.8517,32.0138
708070,雙鴻群益5B購07,2026-07-20,0.14,-0.04,-22.22,66000000,0,,否,,0.23,0.31,0.45,,-37.766,-29.5612,
708071,凡甲國票5B購01,2026-07-20,0.74,0.03,4.23,1000000,0,,否,,1.05,1.01,1.24,,6.3008,-4.3355,
708072,久元國票5B購01,2026-07-20,0.47,-0.16,-25.4,4000000,0,紅轉綠,否,,0.66,0.78,0.94,,-27.7533,-17.8571,-14.4881
708073,中美晶國票5B購01,2026-07-20,3.36,-0.02,-0.59,104000000,0,紅縮,否,,3.59,2.91,2.17,,61.0961,56.6577,41.3759
708074,欣銓國票5C購01,2026-07-20,0.85,-0.17,-16.67,2000000,0,,否,,1.09,1.31,1.27,,-28.1209,-5.3546,
708076,群聯國票5B購05,2026-07-20,1.01,-0.11,-9.82,230000000,0,綠增,否,,1.64,2.03,2.57,,-32.314,-27.0406,-10.9478
708077,精材國票5B購01,2026-07-20,2.6,-0.19,-6.81,101000000,0,紅縮,否,,3.0,2.5,1.95,,49.4516,33.7968,36.1509
708079,鴻呈國泰5C購01,2026-07-20,0.73,-0.12,-14.12,100000000,0,,否,,0.92,0.97,1.09,,-9.2702,-9.7948,
708081,久元富邦61購02,2026-07-20,0.82,0.01,1.23,10000000,0,,否,,1.08,1.19,,,-17.0769,-20.8389,
708083,家登富邦5C購02,2026-07-20,0.68,-0.14,-17.07,480000000,0,綠增,否,,0.95,1.11,1.17,,-25.2351,-8.2305,-7.0518
708084,群聯富邦5C購02,2026-07-20,0.78,-0.05,-6.02,329000000,0,,是,,1.1,1.45,,,-39.3805,,
708085,群聯富邦61購02,2026-07-20,0.73,-0.02,-2.67,873000000,0,綠增,是,,0.98,1.13,1.37,,-23.7129,-22.9721,-8.1317
708086,譜瑞富邦5C購03,2026-07-20,0.45,-0.15,-25.0,10000000,0,,否,,0.66,0.81,,,-32.5103,-33.6052,
708088,群聯永豐5C購02,2026-07-20,0.5,-0.05,-9.09,60000000,0,綠增,否,,0.73,0.87,1.06,,-27.4704,-22.0536,-9.3213
708089,群聯永豐64購02,2026-07-20,0.77,-0.07,-8.33,414000000,0,綠增,否,,1.06,1.21,1.41,,-22.694,-18.6702,-7.8176
708090,精材永豐5B購02,2026-07-20,2.37,-0.39,-14.13,12000000,0,紅縮,否,,2.9,2.35,1.79,,60.9323,38.2941,29.2973
708092,矽科凱基5B購01,2026-07-20,0.3,-0.05,-14.29,101000000,0,,是,,0.37,0.51,,,-42.4149,,
708093,群聯凱基61購01,2026-07-20,0.48,-0.02,-4.0,109000000,0,綠增,是,,0.74,1.04,1.22,,-44.7605,-26.4017,-20.5471
708096,譜瑞凱基5B購01,2026-07-20,0.41,-0.02,-4.65,93000000,0,,是,,0.6,0.75,1.34,,-31.8284,-29.9153,
708101,佳邦國票5C購01,2026-07-20,0.48,-0.15,-23.81,2000000,0,綠增,否,,0.89,1.16,1.29,,-38.042,-14.7903,-11.0729
708103,原相國票5B購01,2026-07-20,0.47,0.03,6.82,38000000,0,,否,,0.78,1.09,1.12,,-43.9199,-17.9082,
708104,原相國票5C購01,2026-07-20,0.42,0.02,5.0,100000000,0,綠增,否,,0.6,0.91,1.02,,-50.1656,-24.0772,-12.714
708105,家登國票5B購01,2026-07-20,0.48,-0.14,-22.58,140000000,0,,是,,0.86,0.99,1.13,,-24.2478,-14.2487,
708106,新潤國票5C購01,2026-07-20,0.5,-0.04,-7.41,10000000,0,綠增,否,,0.57,0.59,0.59,,-4.0134,-0.846,-0.337
708107,群聯國票61購01,2026-07-20,0.61,-0.02,-3.17,148000000,0,綠增,否,,0.88,1.07,1.33,,-30.3175,-28.3992,-13.0321
708108,精華國票5C購01,2026-07-20,0.28,0.0,0.0,10000000,0,,否,,0.31,0.34,0.35,,-14.3646,-8.1967,-6.008
708109,磐儀國票5C購01,2026-07-20,0.32,-0.06,-15.79,294000000,0,,否,,0.45,0.55,0.53,,-30.2469,-0.9009,
708114,家登台新62購01,2026-07-20,0.93,-0.12,-11.43,31000000,0,,是,,1.18,1.42,1.47,,-28.7952,-11.5744,-10.0306
708115,勤凱台新5B購01,2026-07-20,1.07,-0.31,-22.46,20000000,0,,否,,1.99,3.24,,,-55.6793,,
708117,群聯台新5B購02,2026-07-20,0.52,0.02,4.0,666000000,0,綠增,否,,0.85,1.11,1.48,,-37.5918,-30.4403,-13.8192
708118,世界群益5B購05,2026-07-20,2.41,-0.59,-19.67,208000000,0,綠增,否,,3.52,4.17,4.57,,-27.205,-23.8643,0.5612
708119,欣銓群益5B購01,2026-07-20,2.32,-0.51,-18.02,10000000,0,綠增,否,,3.15,3.79,3.79,,-28.7393,-6.2113,-2.8813
708120,家登群益5B購01,2026-07-20,0.51,-0.22,-30.14,50000000,0,綠增,否,,0.88,1.11,1.15,,-34.1282,-10.5305,-8.2836
708121,家登群益61購01,2026-07-20,0.52,-0.19,-26.76,17000000,0,綠增,否,,0.77,0.93,0.97,,-28.7293,-9.0909,-6.5771
708122,世界永豐65購01,2026-07-20,0.64,-0.35,-35.35,83000000,0,綠增,是,,1.0,1.22,1.2,,-30.982,-13.5785,1.3989
708125,群聯永豐65購01,2026-07-20,0.75,-0.05,-6.25,14000000,0,綠增,否,,1.01,1.15,1.35,,-22.4961,-18.7015,-7.5524
708126,群聯中信62購01,2026-07-20,0.47,-0.03,-6.0,154000000,0,綠增,否,,0.67,0.8,0.98,,-27.6458,-23.3429,-11.005
708129,欣銓國泰5C購01,2026-07-20,1.3,-0.3,-18.75,47000000,0,綠增,否,,1.71,2.0,1.99,,-25.7391,-5.6941,-1.2661
708130,群聯國泰61購01,2026-07-20,1.39,-0.16,-10.32,10000000,0,綠增,否,,1.96,2.33,2.78,,-27.5684,-23.8328,-11.3217
708131,中美晶富邦61購01,2026-07-20,3.09,-0.21,-6.36,29000000,0,,否,,3.19,2.74,2.06,,38.6087,39.2893,
708132,環球晶富邦5C購02,2026-07-20,2.76,0.0,0.0,30000000,0,,是,,3.23,2.82,2.27,,34.4426,24.9113,20.3768
708134,中美晶元大5B購03,2026-07-20,3.16,-0.39,-10.99,200000000,0,,是,,3.32,2.67,2.04,,63.771,49.2737,
708136,世界元大5B購03,2026-07-20,1.33,-0.46,-25.7,72000000,0,綠增,否,,1.95,2.19,2.21,,-19.1894,-17.9121,3.5689
708140,群聯元大64購01,2026-07-20,0.86,0.09,11.69,74000000,0,綠增,是,,1.08,1.23,1.48,,-22.5899,-20.2973,-10.3281
708142,精材元大5B購04,2026-07-20,4.75,-0.95,-16.67,11000000,0,,否,,4.55,4.08,3.21,,25.9978,26.3794,
708145,大學光凱基5B購01,2026-07-20,0.47,0.01,2.17,22000000,0,,否,,0.55,0.65,0.7,,-25.9358,-10.6996,-12.2423
708148,欣銓凱基61購01,2026-07-20,0.91,-0.23,-20.18,8000000,0,,否,,1.2,1.39,1.38,,-24.1117,-7.7844,-5.1819
708149,原相凱基5B購02,2026-07-20,0.44,-0.12,-21.43,26000000,0,,否,,0.87,1.14,1.22,,-38.2646,-15.0224,
708150,家登凱基5B購01,2026-07-20,0.36,-0.22,-37.93,98000000,0,綠增,否,,0.64,0.81,0.89,,-35.8871,-18.5185,-11.7153
708152,群聯凱基63購01,2026-07-20,0.54,-0.04,-6.9,407000000,0,綠增,否,,0.78,0.93,1.16,,-27.0019,-27.0801,-11.5237
708158,華景電國泰5C購01,2026-07-20,0.67,-0.06,-8.22,177000000,0,綠增,是,,0.91,1.23,1.45,,-41.5167,-22.3062,-12.8267
708159,世界富邦5B購01,2026-07-20,0.55,-0.25,-31.25,471000000,0,綠增,否,,0.85,1.05,1.11,,-31.1793,-24.2754,0.5888
708160,系微富邦63購01,2026-07-20,0.31,0.0,0.0,147000000,0,,否,,0.59,0.65,0.72,,-16.7139,-10.1389,
708162,原相富邦5B購01,2026-07-20,0.32,0.04,14.29,61000000,0,綠增,否,,0.44,0.65,0.72,,-49.0654,-24.5327,-11.4233
708163,萬泰科富邦5B購02,2026-07-20,0.37,-0.02,-5.13,1000000,0,綠增,否,,0.59,0.7,0.72,,-27.5184,-11.5869,-6.3554
708164,群聯富邦62購01,2026-07-20,0.56,-0.04,-6.67,1272000000,0,綠增,否,,0.8,0.94,1.14,,-26.5193,-22.1488,-9.3725
708165,群聯富邦62購02,2026-07-20,0.44,0.01,2.33,2100000000,0,綠增,否,,0.63,0.76,0.94,,-28.8288,-24.1517,-10.4038
708166,凡甲永豐5C購01,2026-07-20,0.4,-0.01,-2.44,9000000,0,,否,,0.61,0.62,,,-2.8481,-30.7008,
708167,東捷永豐64購02,2026-07-20,1.24,-0.19,-13.29,1829000000,0,綠增,是,,1.67,1.88,2.14,,-20.2483,-18.6338,-11.3759
708168,東捷永豐67購01,2026-07-20,1.34,-0.16,-10.67,334000000,0,綠增,是,,1.7,1.88,2.05,,-17.2179,-10.9479,-6.9968
708170,璟德永豐61購01,2026-07-20,0.29,-0.02,-6.45,100000000,0,綠縮,是,,0.41,0.53,0.92,,-37.5385,-46.5046,-16.163
708171,家登中信5B購01,2026-07-20,0.29,-0.17,-36.96,20000000,0,綠增,否,,0.47,0.62,0.66,,-37.467,-12.3755,-12.6
708172,譜瑞中信5B購01,2026-07-20,0.42,-0.06,-12.5,29000000,0,紅縮,否,,0.57,0.64,0.73,,-21.3296,-10.4167,-12.5676
708176,東捷國票5C購01,2026-07-20,1.44,-0.23,-13.77,148000000,0,綠增,否,,2.06,2.4,2.77,,-25.0182,-16.4984,-10.6222
708177,華景電國票5C購01,2026-07-20,0.33,-0.04,-10.81,400000000,0,,否,,0.74,0.85,0.97,,-23.125,-16.437,
708179,群聯國票66購01,2026-07-20,0.68,0.18,36.0,232000000,0,綠增,否,,0.86,1.01,1.21,,-25.3033,-21.4341,-8.5574
708180,東捷群益5B購02,2026-07-20,0.66,-0.35,-34.65,10000000,0,綠增,否,,1.12,1.41,1.81,,-33.8443,-24.9734,-15.0775
708181,東捷群益5B購03,2026-07-20,1.15,-0.28,-19.58,591000000,0,綠增,否,,1.84,2.25,2.71,,-30.8559,-21.1962,-12.4596
708182,華景電群益5B購01,2026-07-20,0.37,0.01,2.78,10000000,0,,否,,0.6,0.88,1.06,,-47.561,-26.8395,-16.2002
708183,群聯群益61購03,2026-07-20,0.44,-0.04,-8.33,100000000,0,綠增,否,,0.65,0.77,0.95,,-26.7416,-22.9,-9.8906
708184,久元元大64購01,2026-07-20,0.56,-0.08,-12.5,300000000,0,,是,,0.68,0.79,1.05,,-25.1101,-20.1207,
708191,順達元大64購03,2026-07-20,1.23,-0.41,-25.0,3000000,0,,否,,1.82,1.8,,,1.4525,-5.5031,
708192,萬泰科元大5B購01,2026-07-20,0.46,-0.16,-25.81,2000000,0,,否,,0.87,0.98,,,-19.0741,-23.1314,
708193,群翊元大5B購01,2026-07-20,0.54,-0.09,-14.29,240000000,0,紅轉綠,是,,0.7,0.8,0.84,,-22.2717,-9.5238,-11.8697
708194,群聯元大5B購03,2026-07-20,0.46,-0.02,-4.17,269000000,0,綠增,是,,0.82,1.02,1.27,,-32.6797,-24.3163,-10.5597
708198,精材元大61購06,2026-07-20,4.43,-0.37,-7.71,6000000,0,,否,,4.86,4.24,3.43,,34.106,24.3988,
708201,凡甲凱基5B購01,2026-07-20,0.31,-0.05,-13.89,30000000,0,,否,,0.56,0.58,0.76,,-8.5526,-14.6628,-23.2759
708205,家登凱基5B購02,2026-07-20,0.32,-0.26,-44.83,20000000,0,,否,,0.8,0.86,,,-13.1004,-19.5489,
708206,華景電凱基5B購01,2026-07-20,0.23,-0.11,-32.35,15000000,0,綠增,否,,0.41,0.6,0.73,,-46.7866,-26.0546,-16.2286
708207,順達凱基63購01,2026-07-20,1.06,-0.42,-28.38,165000000,0,,是,,1.7,1.71,1.72,,-0.6993,0.411,
708208,萬泰科凱基5C購01,2026-07-20,0.63,-0.03,-4.55,15000000,0,綠增,否,,1.08,1.24,1.3,,-22.6037,-11.4918,-6.4052
708209,群聯凱基64購01,2026-07-20,0.54,-0.02,-3.57,49000000,0,,是,,0.86,1.1,1.29,,-36.3095,-15.5146,
708211,穩得凱基5B購01,2026-07-20,0.2,-0.07,-25.93,7000000,0,,否,,0.39,0.54,0.7,,-44.2529,-27.2483,
708213,台特化台新5B購01,2026-07-20,0.61,-0.07,-10.29,21000000,0,,否,,0.88,1.02,1.17,,-23.9655,-15.7591,-16.9986
708214,台特化台新5B購02,2026-07-20,0.32,-0.12,-27.27,16000000,0,,否,,0.61,0.76,1.09,,-33.0396,-24.0481,
708217,欣銓台新5B購02,2026-07-20,1.24,-0.48,-27.91,226000000,0,,否,,1.87,2.33,2.37,,-32.8797,-9.8183,-6.2896
708218,湧德台新5B購01,2026-07-20,0.48,-0.01,-2.04,10000000,0,,否,,0.96,0.97,1.16,,-3.4343,-3.8538,
708220,鈊象台新5B購01,2026-07-20,1.57,-0.01,-0.63,50000000,0,,否,,1.93,2.16,2.17,,-18.6712,-8.0989,
708225,璟德中信5B購01,2026-07-20,0.12,-0.01,-7.69,170000000,0,綠縮,是,,0.2,0.29,0.59,,-46.2366,-56.0,-19.1156
708228,凡甲富邦61購01,2026-07-20,0.44,-0.06,-12.0,50000000,0,,否,,0.55,0.63,0.76,,-22.9692,-11.7318,-14.8002
708229,中光電富邦62購01,2026-07-20,2.2,0.14,6.8,30000000,0,紅轉綠,否,,2.66,2.8,2.26,,-9.1405,11.92,15.593
708231,捷創富邦62購01,2026-07-20,0.53,-0.01,-1.85,55000000,0,綠增,否,,0.59,0.65,0.69,,-16.4773,-9.2697,-14.8883
708233,家登永豐61購01,2026-07-20,0.36,-0.11,-23.4,218000000,0,綠增,否,,0.54,0.68,0.73,,-33.9066,-12.7742,-9.2097
708234,家碩永豐5B購01,2026-07-20,0.13,-0.07,-35.0,30000000,0,,否,,0.24,0.3,,,-34.2541,-30.5556,
708235,群聯永豐65購02,2026-07-20,0.51,-0.02,-3.77,659000000,0,綠增,否,,0.65,0.75,0.87,,-22.8774,-17.4725,-7.4371
708237,環球晶兆豐61購01,2026-07-20,4.96,-0.49,-8.99,1000000,0,紅縮,否,,6.17,5.64,4.38,,20.6411,30.3765,24.5666
708238,艾訊國票63購01,2026-07-20,1.0,-0.08,-7.41,26000000,0,綠增,否,,1.2,1.31,1.36,,-15.3521,-6.5574,-3.6564
708240,晶宏國票5C購01,2026-07-20,0.99,-0.18,-15.38,195000000,0,綠增,是,,1.35,1.7,1.8,,-34.3052,-15.4685,-8.1268
708241,翔名國票5C購01,2026-07-20,1.3,-0.43,-24.86,755000000,0,紅轉綠,否,,1.89,1.97,1.88,,-8.1792,-0.0507,6.7272
708243,寶雅國票5C購01,2026-07-20,1.01,-0.11,-9.82,169000000,0,綠增,否,,1.39,1.52,1.4,,-15.6364,2.9093,5.9977
708246,世界群益5B購06,2026-07-20,2.17,-0.69,-24.13,14000000,0,綠增,否,,3.09,3.67,4.0,,-27.2041,-22.2529,3.3501
708247,艾訊群益5B購01,2026-07-20,1.07,-0.25,-18.94,12000000,0,,是,,1.51,1.69,,,-19.0578,-10.7237,
708248,家登群益5B購02,2026-07-20,0.36,-0.27,-42.86,305000000,0,,否,,0.66,0.89,1.0,,-41.3121,-20.8665,-18.7398
708249,陽程群益5B購01,2026-07-20,1.73,-0.36,-17.22,309000000,0,紅縮,是,,2.25,2.38,2.45,,-10.7143,-1.2013,-8.0135
708250,群聯群益5B購03,2026-07-20,0.35,-0.04,-10.26,2193000000,0,綠增,否,,0.61,0.78,1.03,,-36.2105,-29.337,-13.1445
708252,凡甲元大5B購01,2026-07-20,0.38,0.01,2.7,152000000,0,綠縮,否,,0.44,0.56,0.62,,-36.7052,-11.5806,-22.8518
708256,群聯元大5B購04,2026-07-20,0.77,0.05,6.94,1000000,0,綠增,否,,1.11,1.32,1.62,,-27.1298,-23.7131,-12.0531
708257,群聯元大5B購05,2026-07-20,0.5,0.05,11.11,19000000,0,綠增,否,,0.64,0.87,1.01,,-41.4234,-25.4717,-19.4155
708258,群聯元大64購03,2026-07-20,0.63,-0.11,-14.86,133000000,0,綠增,是,,0.94,1.12,1.27,,-27.2446,-19.8276,-9.8862
708259,精材元大5B購08,2026-07-20,3.55,-0.67,-15.88,4000000,0,,否,,4.23,3.41,2.66,,63.3205,40.7346,
708260,精材元大5B購09,2026-07-20,5.8,-0.85,-12.78,5000000,0,,否,,5.45,4.94,3.96,,23.0248,27.3196,
708262,璟德元大5B購01,2026-07-20,0.16,-0.12,-42.86,35000000,0,,否,,0.39,0.8,1.09,,-68.0395,-44.2589,
708266,威剛元大5B購04,2026-07-20,0.42,0.0,0.0,1000000,0,綠增,否,,0.55,0.61,0.71,,-15.8055,-15.9501,-13.6861
708267,威剛元大5B購05,2026-07-20,0.38,-0.08,-17.39,72000000,0,綠增,否,,0.57,0.63,0.71,,-17.7326,-11.5656,-9.7592
708268,威剛元大64購01,2026-07-20,0.51,-0.04,-7.27,44000000,0,綠增,否,,0.63,0.67,0.73,,-11.0169,-6.9541,-6.21
708269,陽程元大61購03,2026-07-20,1.14,-0.13,-10.24,783000000,0,,是,,1.34,1.4,1.43,,-7.5862,-0.9233,
708270,群聯元大5B購06,2026-07-20,0.3,-0.02,-6.25,56000000,0,,否,,0.47,0.74,0.87,,-52.988,-19.4323,
708274,勤凱國泰5C購01,2026-07-20,0.69,-0.18,-20.69,21000000,0,,否,,2.03,,,,,,
708279,威剛凱基5B購03,2026-07-20,0.21,-0.08,-27.59,30000000,0,綠增,否,,0.39,0.46,0.56,,-26.0377,-17.5313,-11.9874
708280,群聯凱基64購02,2026-07-20,0.46,-0.07,-13.21,45000000,0,綠增,否,,0.68,0.81,1.0,,-28.27,-26.5343,-12.7178
708285,系微兆豐65購01,2026-07-20,0.7,-0.08,-10.26,70000000,0,綠增,是,,0.84,0.98,1.09,,-24.7756,-19.0713,-11.7077
708286,群聯兆豐65購01,2026-07-20,1.12,-0.06,-5.08,39000000,0,綠增,否,,1.47,1.68,1.96,,-22.8421,-17.7821,-7.6397
708289,方土昶國票5C購01,2026-07-20,0.95,-0.03,-3.06,12000000,0,綠增,否,,1.17,1.19,1.42,,-3.2949,-10.8955,-9.2126
708290,世界國票5C購02,2026-07-20,0.69,-0.31,-31.0,24000000,0,綠增,否,,1.11,1.43,1.38,,-36.3844,-14.9822,0.8032
708292,威剛國票5C購01,2026-07-20,0.53,-0.1,-15.87,125000000,0,綠增,否,,0.78,0.89,1.01,,-21.0101,-16.0985,-13.6168
708294,港建*國票5B購01,2026-07-20,0.4,-0.06,-13.04,56000000,0,綠增,否,,0.58,0.94,1.14,,-54.7287,-31.7553,-12.6631
708299,台星科永豐61購01,2026-07-20,0.39,-0.05,-11.36,25000000,0,綠增,否,,0.53,0.66,0.73,,-33.5013,-16.0102,-8.7202
708302,欣銓永豐61購01,2026-07-20,0.46,-0.47,-50.54,137000000,0,綠增,否,,0.91,1.14,1.16,,-33.8686,-9.7542,-3.7267
708303,威剛永豐5B購01,2026-07-20,0.28,-0.06,-17.65,310000000,0,綠增,是,,0.43,0.49,0.58,,-21.6606,-18.2119,-15.1426
708304,威剛永豐5C購02,2026-07-20,0.43,-0.06,-12.24,35000000,0,,否,,0.64,0.68,0.75,,-10.8939,-13.5377,-9.9517
708305,威剛永豐61購01,2026-07-20,0.56,-0.11,-16.42,3000000,0,綠增,否,,0.8,0.88,0.99,,-17.3554,-11.0664,-6.075
708308,鉅橡永豐61購01,2026-07-20,0.16,-0.04,-20.0,30000000,0,,否,,0.25,0.33,0.43,,-40.0966,-28.8172,
708312,正淩群益63購01,2026-07-20,0.9,-0.03,-3.23,30000000,0,綠增,否,,1.09,1.27,1.29,,-24.343,-5.506,-10.7032
708317,威剛群益5C購01,2026-07-20,0.62,-0.17,-21.52,20000000,0,,否,,0.95,1.04,1.16,,-16.9877,-9.5238,
708322,寶雅群益61購01,2026-07-20,0.69,-0.03,-4.17,41000000,0,,否,,0.88,1.03,0.91,,-25.6367,-3.0217,
708323,凡甲凱基5B購02,2026-07-20,0.19,0.02,11.76,3000000,0,,否,,0.32,0.37,,,-24.5283,-43.1193,
708324,久元凱基5C購01,2026-07-20,0.17,-0.03,-15.0,100000000,0,,是,,0.29,0.39,,,-42.8,-34.3907,
708325,大中凱基5B購01,2026-07-20,1.65,-0.77,-31.82,23000000,0,,否,,5.51,4.99,4.02,,23.5426,23.2995,19.6604
708326,方土昶凱基5C購01,2026-07-20,1.0,-0.21,-17.36,10000000,0,綠增,否,,1.4,1.48,1.84,,-10.3979,-16.1272,-10.7446
708329,艾訊凱基5B購02,2026-07-20,0.75,-0.11,-12.79,145000000,0,,否,,1.08,1.2,,,-18.8537,-14.0301,
708331,威剛凱基5B購04,2026-07-20,0.21,-0.05,-19.23,134000000,0,綠增,否,,0.37,0.43,0.52,,-24.2798,-16.7641,-12.3404
708332,家登凱基5B購03,2026-07-20,0.17,-0.14,-45.16,1000000,0,,否,,0.44,0.5,,,-21.0714,-10.5357,
708334,港建*凱基5B購01,2026-07-20,0.15,-0.02,-11.76,13000000,0,綠增,否,,0.24,0.65,0.74,,-77.2128,-34.8,-14.7786
708335,群聯凱基61購02,2026-07-20,0.4,-0.06,-13.04,650000000,0,綠增,是,,0.66,0.83,1.07,,-33.996,-27.5174,-12.2441
708343,艾訊台新5B購02,2026-07-20,1.81,-0.33,-15.42,60000000,0,,否,,2.31,2.61,2.84,,-20.7962,-11.8799,
708347,湧德台新5B購02,2026-07-20,0.5,-0.21,-29.58,162000000,0,綠增,是,,0.91,1.01,1.11,,-17.509,-11.3158,-18.5145
708350,順達台新5B購02,2026-07-20,1.79,-0.66,-26.94,69000000,0,,是,,2.79,2.79,2.92,,0.6484,-6.825,-3.0705
708351,鈊象台新5B購02,2026-07-20,1.88,0.01,0.53,45000000,0,,否,,2.3,2.54,2.64,,-17.3976,-8.4355,-0.5833
708352,萬泰科台新5B購03,2026-07-20,0.96,-0.04,-4.0,600000000,0,綠增,是,,1.45,1.9,2.02,,-38.3106,-17.2128,-10.6575
708353,群聯台新5B購03,2026-07-20,0.49,-0.04,-7.55,107000000,0,綠增,否,,0.79,0.97,1.26,,-32.358,-28.3824,-11.4085
708357,璟德台新5B購01,2026-07-20,0.2,-0.12,-37.5,45000000,0,,是,,0.59,1.14,1.59,,-64.8104,-43.9863,
708359,均豪兆豐61購01,2026-07-20,0.22,-0.04,-15.38,100000000,0,綠增,否,,0.31,0.4,0.4,,-38.0,-11.1842,-4.3269
708360,欣銓群益5B購02,2026-07-20,0.42,-0.17,-28.81,5000000,0,綠增,否,,0.68,0.8,0.83,,-24.5033,-10.8744,-5.02
708361,精材群益5B購01,2026-07-20,4.4,-1.1,-20.0,5000000,0,,否,,3.92,3.26,,,50.8853,37.8596,
708362,環球晶群益5B購02,2026-07-20,5.45,1.8,49.32,2000000,0,,,,,,,,,,
708363,環球晶群益5B購03,2026-07-20,5.05,-1.8,-26.28,10000000,0,,否,,6.03,,,,,,
708364,凡甲元大5B購02,2026-07-20,0.96,0.05,5.49,3000000,0,,否,,1.24,1.29,1.8,,-7.0359,-19.7884,
708367,久元元大5B購01,2026-07-20,0.28,0.02,7.69,220000000,0,,否,,0.33,0.39,0.53,,-28.6957,-28.7523,-26.2865
708368,久元元大61購02,2026-07-20,0.23,-0.04,-14.81,85000000,0,,是,,0.36,0.46,,,-35.3571,-33.8594,
708370,台星科元大5B購02,2026-07-20,0.7,-0.21,-23.08,318000000,0,綠增,是,,0.9,1.16,1.13,,-36.8495,-11.9879,-4.7158
708371,台星科元大65購01,2026-07-20,0.72,-0.17,-19.1,90000000,0,,是,,1.22,1.19,1.26,,5.5459,-0.8361,
708376,威剛元大5B購06,2026-07-20,0.29,-0.04,-12.12,23000000,0,,否,,0.46,0.5,0.58,,-15.2416,-16.8896,-14.8472
708377,威剛元大5B購07,2026-07-20,0.45,-0.06,-11.76,983000000,0,綠增,否,,0.63,0.68,0.78,,-15.8602,-10.4575,-7.929
708378,原相元大5B購01,2026-07-20,0.47,0.02,4.44,705000000,0,綠增,否,,0.82,1.11,1.18,,-41.3448,-19.4041,-8.95
708383,群聯元大61購05,2026-07-20,0.69,-0.14,-16.87,21000000,0,綠增,否,,1.02,1.29,1.52,,-34.1902,-24.4731,-14.9874
708384,凡甲國泰5C購01,2026-07-20,0.99,0.01,1.02,3000000,0,,否,,1.16,1.32,1.69,,-21.9381,-12.7884,
708387,均豪國泰62購01,2026-07-20,0.61,-0.35,-36.46,27000000,0,,否,,1.11,1.29,1.33,,-24.9661,-3.6594,
708388,良維國泰5C購01,2026-07-20,0.55,-0.07,-11.29,1000000,0,綠增,否,,0.96,1.41,1.66,,-48.6052,-24.1398,-16.3131
708391,力領台新5B購01,2026-07-20,0.77,-0.13,-14.44,5000000,0,,否,,1.07,1.36,1.51,,-35.3155,-17.6578,-11.3257
708393,合晶台新5B購04,2026-07-20,19.6,-4.0,-16.95,10000000,0,,否,,26.46,23.13,16.93,,33.6364,36.8639,32.1491
708397,群聯台新5B購06,2026-07-20,0.35,-0.04,-10.26,100000000,0,綠增,是,,0.66,0.84,1.02,,-35.1085,-28.3019,-17.3193
708400,久元凱基5B購02,2026-07-20,0.11,-0.05,-31.25,16000000,0,,否,,0.27,0.36,,,-38.4615,-25.7796,
708402,世禾凱基5B購01,2026-07-20,0.45,-0.19,-29.69,204000000,0,,是,,0.75,0.8,0.81,,-12.1495,-7.6923,-17.7992
708403,世界凱基5C購03,2026-07-20,0.66,-0.2,-23.26,7000000,0,綠增,否,,0.92,1.2,1.29,,-37.6359,-25.9144,-2.6445
708406,欣銓凱基5B購01,2026-07-20,0.36,-0.13,-26.53,100000000,0,綠增,否,,0.56,0.72,0.74,,-36.3636,-11.9804,-6.9052
708408,威剛凱基5C購01,2026-07-20,0.27,-0.03,-10.0,38000000,0,紅轉綠,否,,0.42,0.41,0.44,,7.6531,0.7426,-5.3261
708409,智通*凱基5B購01,2026-07-20,1.44,-0.92,-38.98,26000000,0,紅縮,否,,1.95,1.83,1.59,,13.9344,17.1905,11.7916
708410,群聯凱基64購03,2026-07-20,0.41,0.0,0.0,76000000,0,綠增,否,,0.57,0.73,0.86,,-36.1174,-24.7668,-15.9533
708414,FH中5G元大5C購01,2026-07-20,3.36,-0.85,-20.19,60000000,0,,是,,5.84,7.02,6.85,,-28.6691,-7.0728,
708418,順達元大64購04,2026-07-20,1.94,-0.42,-17.8,192000000,0,,是,,2.68,2.61,2.57,,5.5031,1.7517,
708420,萬泰科元大5B購02,2026-07-20,1.13,-0.15,-11.72,6000000,0,綠增,否,,1.52,1.88,1.9,,-32.7418,-12.1212,-5.7903
708421,鈺太元大5B購02,2026-07-20,0.23,0.01,4.55,45000000,0,,否,,0.41,0.53,0.66,,-36.0248,-28.4553,-22.9155
708422,鈺太元大65購01,2026-07-20,0.37,-0.05,-11.9,1035000000,0,,是,,0.48,0.63,0.7,,-38.1443,-15.7047,-17.7686
708425,世界國票5C購03,2026-07-20,0.45,-0.19,-29.69,112000000,0,綠增,是,,0.68,0.8,0.87,,-25.9259,-23.3205,-0.7973
708426,台半國票5C購01,2026-07-20,1.51,-0.64,-29.77,2000000,0,,否,,2.99,4.21,3.58,,-44.7398,-6.0322,-4.4557
708427,朋億*國票5C購01,2026-07-20,1.88,-0.22,-10.48,11000000,0,綠增,否,,2.3,2.42,2.52,,-9.2344,-7.1813,12.2472
708428,群聯國票61購02,2026-07-20,0.36,-0.04,-10.0,115000000,0,綠增,是,,0.54,0.65,0.81,,-28.1167,-24.6512,-10.4362
708430,久元富邦61購03,2026-07-20,0.17,-0.03,-15.0,599000000,0,,是,,0.22,0.28,0.37,,-34.7059,-26.4398,-25.8893
708431,久元富邦62購01,2026-07-20,0.19,-0.03,-13.64,10000000,0,,否,,0.37,0.43,,,-26.506,-35.1351,
708433,家登富邦61購02,2026-07-20,0.35,-0.06,-14.63,542000000,0,,否,,0.52,0.61,0.64,,-26.2857,-10.5882,-10.2582
708434,家登富邦62購01,2026-07-20,0.36,-0.05,-12.2,340000000,0,,是,,0.5,0.57,0.62,,-22.5309,-11.8098,
708435,鈊象富邦61購02,2026-07-20,0.68,-0.11,-13.92,105000000,0,,是,,0.82,0.97,1.02,,-26.4758,-11.3346,
708436,新盛力富邦61購03,2026-07-20,1.06,-0.06,-5.36,244000000,0,,是,,1.3,1.43,,,-17.0295,,
708437,群聯富邦62購03,2026-07-20,0.39,-0.04,-9.3,563000000,0,綠增,是,,0.57,0.68,0.84,,-27.7354,-25.4405,-9.8291
708439,世界群益5B購07,2026-07-20,0.66,-0.29,-30.53,20000000,0,綠增,否,,1.07,1.46,1.49,,-41.7391,-23.5294,-2.8924
708442,艾訊群益5B購02,2026-07-20,0.73,-0.1,-12.05,45000000,0,綠增,否,,0.96,1.1,1.2,,-23.2372,-12.3211,-7.8071
708444,新盛力群益5B購01,2026-07-20,0.95,-0.54,-36.24,740000000,0,,是,,2.1,2.23,2.24,,-10.7143,-6.7839,
708445,群聯群益5B購04,2026-07-20,0.27,-0.02,-6.9,304000000,0,綠增,是,,0.45,0.58,0.79,,-36.3636,-31.9953,-13.8738
708448,世界凱基65購01,2026-07-20,0.47,-0.09,-16.07,311000000,0,綠增,是,,0.62,0.75,0.78,,-29.0909,-18.1719,0.9728
708449,台半凱基5C購01,2026-07-20,2.36,-0.38,-13.87,30000000,0,,是,,3.26,3.71,,,-21.6073,10.789,
708450,合晶凱基5B購02,2026-07-20,8.8,-1.8,-16.98,10000000,0,紅縮,否,,12.44,11.34,8.68,,21.6031,35.2625,35.3858
708451,合晶凱基61購01,2026-07-20,7.7,-1.45,-15.85,1000000,0,紅縮,否,,9.89,9.21,7.06,,16.0798,32.4079,33.5542
708454,威剛凱基5B購06,2026-07-20,0.26,-0.03,-10.34,7000000,0,綠增,否,,0.38,0.43,0.5,,-20.7469,-13.4269,-10.1877
708457,新盛力凱基5B購02,2026-07-20,1.07,-0.94,-46.77,20000000,0,綠增,否,,2.29,2.47,2.74,,-13.2576,-10.8499,-4.3743
708458,群聯凱基5B購03,2026-07-20,0.22,-0.03,-12.0,5000000,0,綠增,否,,0.41,0.54,0.73,,-39.4659,-31.1705,-14.7436
708460,營邦凱基5B購01,2026-07-20,0.13,0.0,0.0,566000000,0,綠增,否,,0.19,0.25,0.3,,-42.236,-19.8738,-23.3463
708461,營邦凱基5B購02,2026-07-20,0.19,0.0,0.0,5000000,0,,否,,0.36,0.4,,,-16.5899,-31.3793,
708462,營邦凱基5B購03,2026-07-20,0.19,0.01,5.56,50000000,0,綠增,否,,0.26,0.34,0.38,,-37.619,-15.3846,-16.9584
708463,環球晶凱基5B購04,2026-07-20,3.3,0.46,16.2,98000000,0,紅縮,否,,4.02,3.4,2.79,,44.5324,41.566,31.3943
708464,環球晶凱基5B購05,2026-07-20,3.27,0.31,10.47,18000000,0,紅縮,否,,3.71,3.11,2.41,,48.6789,39.784,26.8087
708469,華景電台新5B購03,2026-07-20,0.34,-0.05,-12.82,3000000,0,綠增,否,,0.52,0.79,0.92,,-51.4981,-26.0951,-14.5176
708471,環球晶台新5B購02,2026-07-20,7.35,-0.8,-9.82,17000000,0,紅縮,否,,9.97,8.38,6.37,,46.8336,39.2027,35.4023
708473,環球晶台新62購02,2026-07-20,2.23,0.06,2.76,132000000,0,紅縮,否,,2.78,2.47,1.98,,28.2288,35.2652,25.2212
708478,久元元大5B購06,2026-07-20,0.14,0.0,0.0,9000000,0,,否,,0.18,0.25,,,-42.8571,,
708484,合晶元大5B購05,2026-07-20,8.7,-1.5,-14.71,22000000,0,紅縮,否,,10.32,9.0,6.71,,34.375,36.4463,37.9743
708486,合晶元大65購01,2026-07-20,4.66,-0.94,-16.79,103000000,0,紅轉綠,是,,6.63,6.3,5.03,,11.0888,24.3046,30.4607
708489,金山電元大5B購04,2026-07-20,1.7,-0.74,-30.33,10000000,0,,否,,4.1,4.04,,,3.3753,19.0153,
708490,群聯元大5B購08,2026-07-20,0.4,0.0,0.0,10000000,0,,否,,0.54,0.65,0.75,,-28.6842,-16.1082,-16.8521
708491,群聯元大5B購09,2026-07-20,0.28,-0.02,-6.67,53000000,0,綠增,否,,0.4,0.52,0.64,,-38.6997,-25.465,-12.2085
708494,環球晶元大5B購06,2026-07-20,4.01,-0.23,-5.42,41000000,0,紅縮,否,,4.86,4.38,3.43,,24.8074,32.3556,24.3783
708495,環球晶元大5B購07,2026-07-20,5.1,-0.1,-1.92,52000000,0,,否,,5.25,4.56,,,35.3791,40.0859,
708496,環球晶元大5B購08,2026-07-20,4.45,0.1,2.3,49000000,0,紅縮,否,,5.21,4.73,3.76,,22.3579,35.9173,23.2043
708497,環球晶元大5B購09,2026-07-20,2.0,-0.19,-8.68,66000000,0,紅轉綠,是,,2.63,2.53,2.05,,9.0232,7.9521,23.0677
708498,環球晶元大61購02,2026-07-20,2.5,0.28,12.61,78000000,0,紅縮,否,,2.87,2.65,2.06,,18.595,38.5542,28.0609
708499,環球晶元大64購01,2026-07-20,2.6,0.22,9.24,99000000,0,紅縮,否,,2.8,2.63,2.05,,14.5425,31.1688,32.1809
708501,威剛兆豐65購01,2026-07-20,1.22,-0.18,-12.86,154000000,0,綠增,否,,1.53,1.62,1.73,,-10.5018,-6.1272,-4.4801
708503,群聯國泰62購01,2026-07-20,0.62,-0.05,-7.46,330000000,0,綠增,否,,0.9,1.07,1.32,,-27.3312,-23.3405,-9.6542
708504,群聯國泰63購01,2026-07-20,0.86,-0.04,-4.44,29000000,0,綠增,否,,1.18,1.39,1.65,,-26.2829,-20.9117,-8.9005
708505,群聯國泰63購02,2026-07-20,0.66,-0.04,-5.71,23000000,0,綠增,否,,0.96,1.14,1.38,,-28.0781,-22.6351,-12.7606
708513,合晶國票5C購01,2026-07-20,6.55,-1.45,-18.12,54000000,0,紅縮,否,,9.43,8.51,6.54,,24.0789,35.0087,35.6002
708514,金山電國票5C購02,2026-07-20,1.57,-0.21,-11.8,397000000,0,綠增,是,,2.6,3.41,3.91,,-38.6578,-19.576,-1.099
708515,環球晶國票5B購01,2026-07-20,3.25,-0.04,-1.22,5000000,0,紅縮,否,,3.95,3.47,2.77,,32.0401,42.3471,32.5275
708516,環球晶國票5C購01,2026-07-20,4.06,0.1,2.53,380000000,0,紅縮,是,,4.95,4.35,3.4,,32.1772,38.6552,34.168
708517,世界富邦5B購02,2026-07-20,0.18,-0.09,-33.33,923000000,0,綠增,是,,0.32,0.4,0.48,,-33.3333,-31.4721,0.0
708519,營邦富邦61購01,2026-07-20,0.24,0.02,9.09,148000000,0,綠增,否,,0.28,0.33,0.35,,-24.5989,-9.1413,-13.3416
708520,環球晶富邦5B購02,2026-07-20,1.9,0.03,1.6,8000000,0,紅縮,否,,2.26,2.01,1.61,,28.5227,37.8341,30.0928
708521,環球晶富邦61購01,2026-07-20,2.06,0.16,8.42,369000000,0,紅縮,否,,2.33,2.08,1.71,,27.2131,28.8104,29.296
708522,中美晶群益5C購02,2026-07-20,3.72,-0.36,-8.82,82000000,0,紅縮,否,,4.35,3.52,2.64,,61.71,61.542,43.3993
708523,世界群益5B購08,2026-07-20,0.42,-0.13,-23.64,905000000,0,綠增,否,,0.63,0.78,0.96,,-32.4786,-32.646,-4.2564
708529,德微群益5B購01,2026-07-20,1.82,-0.53,-22.55,56000000,0,,是,,4.28,5.43,,,-34.9529,,
708530,營邦群益5B購01,2026-07-20,0.23,-0.05,-17.86,5000000,0,綠增,否,,0.34,0.43,0.48,,-35.2273,-13.0,-19.3576
708531,營邦群益5B購02,2026-07-20,0.23,0.0,0.0,166000000,0,綠增,否,,0.31,0.4,0.44,,-35.0,-12.1951,-17.346
708535,世禾凱基5B購02,2026-07-20,0.27,-0.09,-25.0,464000000,0,,是,,0.43,0.49,0.67,,-20.5128,-18.3333,
708541,臺慶科凱基5B購01,2026-07-20,0.86,-0.28,-24.56,12000000,0,,否,,3.06,3.63,3.61,,-27.3979,-10.49,
708542,譜瑞凱基61購01,2026-07-20,0.44,-0.06,-12.0,439000000,0,紅縮,是,,0.61,0.69,0.82,,-19.8433,-16.0584,-17.5764
708543,群聯永豐65購03,2026-07-20,0.37,-0.02,-5.13,1146000000,0,綠增,否,,0.48,0.55,0.64,,-21.4984,-18.3308,-7.5417
708544,精材永豐63購01,2026-07-20,2.3,-0.4,-14.81,12000000,0,,否,,2.78,2.32,1.9,,48.9818,28.7694,22.98
708546,譜瑞兆豐65購01,2026-07-20,0.83,0.0,0.0,30000000,0,紅縮,否,,1.01,1.08,1.2,,-12.4783,-11.3841,-14.2908
708547,群聯群益67購01,2026-07-20,0.45,-0.03,-6.25,1790000000,0,綠增,否,,0.58,0.65,0.78,,-20.1102,-21.2304,-7.1598
708549,廣穎群益61購01,2026-07-20,1.69,-0.23,-11.98,90000000,0,,是,,2.76,3.33,,,-29.4057,-0.8043,
708552,群聯元大5C購01,2026-07-20,0.7,-0.29,-29.29,10000000,0,綠增,否,,0.89,0.99,1.12,,-17.8309,-17.9636,-13.3411
708555,中美晶國泰61購01,2026-07-20,5.4,-1.1,-16.92,10000000,0,,否,,5.39,4.66,3.72,,37.5,37.9259,26.0413
708559,欣銓富邦5B購02,2026-07-20,0.28,-0.1,-26.32,116000000,0,綠增,否,,0.41,0.5,0.51,,-31.6498,-7.2356,-4.1667
708560,威剛富邦5B購01,2026-07-20,0.25,-0.05,-16.67,95000000,0,綠增,是,,0.41,0.44,0.48,,-11.2554,-14.0039,-12.2727
708561,順達富邦5C購02,2026-07-20,0.66,-0.25,-27.47,279000000,0,,是,,1.08,1.07,1.13,,1.8904,-8.3262,-4.511
708562,群聯富邦62購04,2026-07-20,0.29,-0.02,-6.45,51000000,0,綠增,否,,0.41,0.48,0.55,,-26.1818,-19.3929,-7.5063
708563,中美晶國票5C購01,2026-07-20,2.22,-0.22,-9.02,120000000,0,紅縮,否,,2.57,2.1,1.59,,57.7914,58.2078,38.5017
708565,尼克森國票5B購01,2026-07-20,1.71,-0.72,-29.63,8000000,0,綠增,否,,2.52,3.03,2.8,,-28.9667,-4.5984,5.7678
708566,立敦國票5B購01,2026-07-20,1.52,-1.44,-48.65,1000000,0,綠增,否,,2.97,3.61,3.74,,-30.1131,-13.4454,-2.2463
708568,宸曜國票5B購01,2026-07-20,0.44,-0.06,-12.0,90000000,0,綠增,否,,0.58,0.62,0.7,,-13.1737,-7.6923,-13.0299
708570,新漢國票5B購01,2026-07-20,0.32,-0.09,-21.95,3000000,0,綠增,否,,0.59,0.71,0.72,,-29.3556,-10.7366,-8.6294
708571,群聯國票5C購01,2026-07-20,0.27,-0.03,-10.0,207000000,0,綠增,否,,0.43,0.54,0.68,,-34.6505,-28.3267,-14.3306
708572,世界凱基5B購03,2026-07-20,0.6,-0.06,-9.09,7000000,0,綠增,否,,0.88,1.11,1.12,,-34.3328,-20.9585,0.8977
708573,家登凱基5B購05,2026-07-20,0.13,-0.06,-31.58,110000000,0,,否,,0.26,0.39,0.42,,-50.3876,-17.1674,
708574,創惟凱基5B購01,2026-07-20,0.4,-0.05,-11.11,358000000,0,綠增,是,,0.61,0.75,0.84,,-31.377,-16.443,-9.7679
708578,閎康凱基5B購04,2026-07-20,0.25,-0.04,-13.79,20000000,0,,否,,0.51,0.57,0.63,,-19.6203,-9.0909,
708580,群聯凱基5C購01,2026-07-20,0.19,-0.01,-5.0,10000000,0,綠增,否,,0.31,0.39,0.52,,-32.9004,-29.9456,-13.5
708581,群聯凱基61購03,2026-07-20,0.29,-0.01,-3.33,20000000,0,綠增,否,,0.44,0.54,0.68,,-30.6962,-25.9003,-12.0257
708584,廣穎凱基5B購02,2026-07-20,1.34,-0.22,-14.1,20000000,0,綠增,否,,2.03,2.37,3.14,,-25.2391,-24.5792,-7.4319
708585,譜瑞凱基5B購02,2026-07-20,0.14,-0.09,-39.13,25000000,0,紅縮,否,,0.28,0.34,0.43,,-29.9492,-18.6893,-21.3309
708588,群聯富邦62購05,2026-07-20,0.25,-0.02,-7.41,220000000,0,綠增,否,,0.3,0.32,0.39,,-14.2857,-18.75,-9.1647
708589,宏捷科兆豐65購01,2026-07-20,0.49,-0.04,-7.55,1306000000,0,綠增,是,,0.64,0.78,0.98,,-30.1969,-21.5369,-11.4635
708590,群聯兆豐65購02,2026-07-20,0.5,-0.05,-9.09,78000000,0,綠增,否,,0.73,0.86,1.03,,-26.5182,-20.941,-9.553
708591,精材兆豐61購01,2026-07-20,1.81,-0.21,-10.4,12000000,0,紅縮,否,,2.19,1.84,1.43,,46.5241,35.3891,34.967
708592,元太元大5B購02,2026-07-20,1.08,-0.02,-1.82,276000000,0,,是,,1.29,1.47,1.59,,-21.5758,-12.9509,-9.456
708593,世禾元大5B購02,2026-07-20,0.45,-0.04,-8.16,25000000,0,紅轉綠,否,,0.59,0.6,0.6,,-3.9088,0.8375,1.598
708594,欣銓元大5B購02,2026-07-20,1.15,-0.09,-7.26,20000000,0,綠增,否,,1.36,1.58,1.52,,-24.2762,-3.368,-0.262
708595,順達元大5B購03,2026-07-20,0.88,-1.1,-55.56,5000000,0,,否,,1.8,1.83,,,-3.4372,-10.2941,
708596,新盛力元大61購03,2026-07-20,1.36,-0.7,-33.98,20000000,0,,否,,2.61,2.75,,,-9.6127,-7.8956,
708597,群聯元大5B購10,2026-07-20,0.48,-0.06,-11.11,5000000,0,,否,,0.75,0.97,1.2,,-36.8687,-29.476,-17.8364
708598,群聯元大5B購11,2026-07-20,0.24,0.02,9.09,5000000,0,綠增,否,,0.35,0.48,0.63,,-44.0129,-31.0443,-13.5246
708599,群聯元大5B購12,2026-07-20,0.26,-0.03,-10.34,877000000,0,綠增,否,,0.43,0.58,0.76,,-40.0,-30.2663,-12.8679
708601,群聯元大5B購14,2026-07-20,0.3,-0.04,-11.76,499000000,0,綠增,是,,0.5,0.64,0.81,,-36.5729,-30.7692,-19.5717
708603,群聯元大61購06,2026-07-20,0.54,0.05,10.2,548000000,0,,是,,0.75,0.98,1.06,,-38.5878,-15.0389,-13.7303
708604,群聯元大63購03,2026-07-20,0.3,0.08,36.36,190000000,0,綠縮,否,,0.34,0.41,0.51,,-30.7377,-25.0454,-11.3891
708605,精材元大61購07,2026-07-20,3.94,-0.29,-6.86,60000000,0,,否,,4.34,3.7,2.9,,42.1363,29.4221,32.1396
708606,譜瑞元大5B購03,2026-07-20,0.31,-0.07,-18.42,865000000,0,紅縮,是,,0.49,0.56,0.68,,-21.0863,-17.6471,-20.339
708607,中美晶永豐65購01,2026-07-20,1.7,-0.17,-9.09,4000000,0,紅縮,否,,1.89,1.62,1.23,,40.4762,41.0122,27.6827
708608,台半永豐63購01,2026-07-20,0.95,-0.29,-23.39,16000000,0,,否,,1.74,2.39,2.08,,-42.6974,-4.8926,-4.0203
708609,茂達永豐61購01,2026-07-20,0.64,-0.29,-31.18,12000000,0,綠增,否,,1.57,1.71,1.5,,-14.9351,0.1757,5.7706
708610,新盛力永豐63購01,2026-07-20,0.92,0.03,3.37,181000000,0,綠增,否,,1.15,1.38,1.48,,-28.6426,-12.7457,-8.618
708611,群聯永豐5C購03,2026-07-20,0.17,-0.02,-10.53,51000000,0,綠增,否,,0.25,0.32,0.39,,-32.8042,-28.1818,-13.4361
708612,群聯永豐5C購04,2026-07-20,0.2,-0.02,-9.09,42000000,0,綠增,否,,0.29,0.35,0.44,,-29.7561,-24.622,-10.7362
708613,精材永豐64購01,2026-07-20,1.84,-0.08,-4.17,329000000,0,紅縮,是,,2.07,1.79,1.43,,38.4513,27.6626,24.1021
708614,德微永豐63購01,2026-07-20,0.85,-0.32,-27.35,10000000,0,,否,,2.18,2.04,,,14.7213,-2.4367,
708615,元太群益5B購03,2026-07-20,0.74,-0.06,-7.5,675000000,0,綠增,是,,1.0,1.23,1.41,,-31.7373,-20.8494,-13.9854
708618,家登群益5B購03,2026-07-20,0.14,-0.04,-22.22,104000000,0,綠增,否,,0.24,0.34,0.36,,-42.723,-15.6171,-10.3448
708620,陽程群益5B購02,2026-07-20,0.98,-0.36,-26.87,66000000,0,紅轉綠,否,,1.43,1.63,1.67,,-22.3069,-4.1104,-9.0934
708621,順達群益5B購03,2026-07-20,0.58,-0.25,-30.12,797000000,0,,是,,1.22,1.23,1.32,,-2.7157,-3.1373,
708624,群聯群益61購04,2026-07-20,0.24,-0.01,-4.0,662000000,0,綠增,是,,0.33,0.4,0.47,,-28.7554,-22.824,-15.2727
708626,精材群益5B購04,2026-07-20,6.6,-1.1,-14.29,2000000,0,紅縮,否,,7.23,6.04,4.7,,48.888,31.1984,30.4812
708628,譜瑞群益5B購02,2026-07-20,0.33,-0.06,-15.38,990000000,0,,是,,0.51,0.57,0.69,,-18.4127,-17.5793,-27.644
708629,元太凱基5B購04,2026-07-20,0.48,-0.03,-5.88,270000000,0,綠增,否,,0.66,0.83,0.97,,-34.4622,-21.6038,-16.019
708630,元太凱基5B購05,2026-07-20,0.62,0.01,1.64,23000000,0,綠增,否,,0.76,0.91,1.02,,-28.5444,-18.0668,-10.3373
708632,順達凱基5B購03,2026-07-20,0.58,-0.29,-33.33,205000000,0,,是,,1.17,1.14,1.18,,5.7971,-12.4133,-4.5601
708633,新盛力凱基61購01,2026-07-20,0.74,0.24,48.0,27000000,0,,否,,0.96,1.28,1.56,,-39.7997,-23.1231,-5.8469
708635,譜瑞凱基5B購04,2026-07-20,0.2,-0.1,-33.33,27000000,0,紅縮,否,,0.33,0.4,0.49,,-28.4483,-18.2752,-21.2097
708636,中美晶元大63購02,2026-07-20,3.73,0.0,0.0,10000000,0,紅縮,否,,3.96,3.41,2.48,,38.9201,45.164,38.528
708638,威剛元大5B購08,2026-07-20,0.63,-0.06,-8.7,290000000,0,綠增,是,,0.89,0.96,1.06,,-13.5397,-11.3971,-9.0831
708640,順達元大5B購04,2026-07-20,1.27,-0.43,-25.29,375000000,0,,是,,2.07,2.11,2.15,,-3.7279,-1.7266,
708643,譜瑞元大5B購04,2026-07-20,0.46,-0.08,-14.81,256000000,0,紅縮,是,,0.63,0.73,0.86,,-22.6829,-16.1476,-17.4687
708644,譜瑞元大5B購05,2026-07-20,0.3,-0.03,-9.09,221000000,0,紅縮,否,,0.43,0.49,0.59,,-23.0216,-17.1717,-19.5238
708645,譜瑞元大5B購06,2026-07-20,0.51,-0.15,-22.73,502000000,0,,是,,0.77,0.82,0.96,,-12.3288,-13.2911,-25.3199
708646,譜瑞元大5B購07,2026-07-20,0.26,-0.05,-16.13,5000000,0,紅縮,否,,0.39,0.42,0.51,,-14.4105,-16.5029,-23.1058
708649,金益鼎永豐5C購01,2026-07-20,0.58,-0.11,-15.94,103000000,0,綠增,是,,0.7,0.81,1.03,,-23.1441,-20.666,-20.6019
708650,廣穎永豐61購01,2026-07-20,0.73,-0.05,-6.41,562000000,0,綠增,否,,0.94,1.03,1.29,,-16.0142,-17.4781,-11.2942
708651,中美晶富邦5B購01,2026-07-20,1.99,-0.14,-6.57,17000000,0,紅縮,否,,2.3,1.89,1.4,,55.3306,61.0213,44.8347
708652,元太富邦62購01,2026-07-20,0.28,0.0,0.0,453000000,0,,否,,0.35,0.45,0.51,,-38.2143,-21.2174,-19.2126
708653,元太富邦62購02,2026-07-20,0.66,-0.01,-1.49,408000000,0,,是,,0.77,0.86,0.96,,-18.7368,-12.8543,
708655,新盛力富邦62購01,2026-07-20,0.76,0.02,2.7,1870000000,0,綠增,是,,0.97,1.17,1.26,,-29.1362,-12.4531,-9.0942
708659,元太群益5B購05,2026-07-20,0.47,-0.13,-21.67,100000000,0,,否,,0.79,0.86,0.95,,-15.812,-6.1002,
708660,臺慶科群益5B購02,2026-07-20,0.65,-0.2,-23.53,50000000,0,綠增,否,,1.44,1.97,2.24,,-42.504,-25.696,-8.2788
708661,元太元大5B購03,2026-07-20,0.32,-0.06,-15.79,1324000000,0,綠增,是,,0.42,0.5,0.58,,-28.4247,-20.4762,-15.1648
708662,元太元大5B購04,2026-07-20,0.38,-0.03,-7.32,520000000,0,綠增,是,,0.48,0.57,0.65,,-28.9552,-18.4922,-11.5068
708663,元太元大5B購05,2026-07-20,0.55,-0.05,-8.33,63000000,0,,否,,0.69,0.9,0.94,,-37.7939,-10.835,
708664,元太元大5B購06,2026-07-20,0.34,-0.11,-24.44,477000000,0,,否,,0.52,0.64,0.73,,-32.6371,-11.0957,
708665,元太元大5B購07,2026-07-20,0.63,-0.01,-1.56,50000000,0,,否,,0.78,0.98,1.08,,-34.57,-13.5683,
708666,元太元大5B購08,2026-07-20,0.22,-0.02,-8.33,3000000,0,綠增,否,,0.29,0.37,0.42,,-33.9367,-21.2446,-15.4691
708667,元太元大5B購09,2026-07-20,0.27,-0.08,-22.86,80000000,0,綠增,否,,0.37,0.44,0.5,,-27.451,-18.6691,-15.4492
708668,元太元大5B購10,2026-07-20,0.69,-0.01,-1.43,155000000,0,,否,,0.99,1.1,1.27,,-18.3168,-6.1381,
708669,博盛元大5B購01,2026-07-20,0.83,-0.19,-18.63,60000000,0,,是,,1.29,1.86,1.69,,-47.0057,-14.174,
708670,陽程元大63購02,2026-07-20,0.81,-0.11,-11.96,1423000000,0,,是,,0.99,1.02,1.08,,-7.3308,-3.1191,
708671,新盛力元大5B購03,2026-07-20,0.68,-0.19,-21.84,55000000,0,綠增,是,,1.46,1.55,1.77,,-10.0737,-13.4863,-4.9383
708672,元太永豐5C購01,2026-07-20,0.51,-0.13,-20.31,127000000,0,,是,,0.68,0.82,0.9,,-28.3613,-12.2449,
708674,威剛永豐67購01,2026-07-20,0.73,-0.09,-10.98,55000000,0,綠增,是,,0.89,0.93,0.99,,-8.998,-5.4656,-3.5225
708678,臺慶科永豐5C購01,2026-07-20,0.52,-0.16,-23.53,84000000,0,綠增,否,,0.87,1.31,1.61,,-50.6257,-29.7861,-10.5702
708682,威剛凱基5B購07,2026-07-20,0.38,-0.06,-13.64,420000000,0,綠增,是,,0.56,0.62,0.71,,-16.568,-12.1813,-8.0363
708684,陽程凱基5B購01,2026-07-20,0.41,-0.09,-18.0,595000000,0,紅縮,否,,0.58,0.65,0.71,,-21.0383,-7.355,-13.6502
708685,新盛力凱基5B購03,2026-07-20,0.68,0.09,15.25,151000000,0,綠增,否,,0.86,1.21,1.37,,-44.7876,-17.5666,-14.6546
708686,新盛力凱基61購02,2026-07-20,0.82,-0.07,-7.87,176000000,0,,否,,1.12,1.36,,,-30.597,-18.2473,
708688,凡甲台新5B購01,2026-07-20,0.73,0.04,5.8,3000000,0,,否,,1.01,1.25,,,-32.0805,,
708692,元太台新5B購01,2026-07-20,0.65,-0.02,-2.99,124000000,0,,否,,0.91,1.08,1.46,,-27.2436,-20.2073,
708699,臺慶科台新5B購02,2026-07-20,2.22,-0.28,-11.2,31000000,0,,否,,3.43,4.93,5.57,,-46.6874,-25.4312,-6.9913
708701,元太國泰5C購01,2026-07-20,0.8,-0.1,-11.11,1399000000,0,,是,,0.98,1.15,1.21,,-25.1142,-12.0214,-10.0594
708703,元太國泰5C購03,2026-07-20,0.49,0.0,0.0,85000000,0,,是,,0.67,0.82,0.85,,-30.9129,-8.6323,
708704,台半富邦62購01,2026-07-20,0.63,-0.14,-18.18,112000000,0,綠增,是,,1.11,1.44,1.39,,-37.655,-17.0984,-2.4579
708705,華景電富邦5B購01,2026-07-20,0.24,-0.02,-7.69,130000000,0,,否,,0.33,0.43,0.5,,-38.0228,-21.547,-13.0963
708706,新盛力富邦61購04,2026-07-20,0.64,0.03,4.92,1351000000,0,綠增,是,,0.82,1.0,1.09,,-29.6928,-12.6095,-9.6761
708708,雙鴻富邦61購01,2026-07-20,0.36,-0.13,-26.53,1000000,0,,否,,0.44,0.54,0.68,,-30.5994,-23.5043,
708709,元太國票5C購01,2026-07-20,0.38,-0.02,-5.0,20000000,0,綠增,否,,0.48,0.59,0.64,,-32.2946,-15.7895,-14.4289
708712,光頡國票5B購02,2026-07-20,3.6,-0.92,-20.35,61000000,0,,是,,7.08,9.44,7.68,,-39.9661,5.3795,
708714,閎康國票5C購01,2026-07-20,0.16,-0.03,-15.79,5000000,0,,否,,0.23,0.3,,,-37.0968,-23.6776,
708715,新盛力國票5B購02,2026-07-20,0.8,0.35,77.78,138000000,0,綠增,否,,1.06,1.37,1.57,,-37.5148,-18.1764,-13.0844
708716,中美晶台新5B購04,2026-07-20,18.1,0.1,0.56,20000000,0,紅縮,否,,19.92,14.86,10.89,,103.4729,68.424,48.6387
708718,台半台新5B購02,2026-07-20,2.76,-0.6,-17.86,5000000,0,,否,,5.77,5.14,,,28.2541,13.3966,
708720,光頡凱基5B購01,2026-07-20,1.94,-0.52,-21.14,1000000,0,,否,,4.53,4.3,,,11.0294,13.4089,
708721,陽程凱基61購01,2026-07-20,0.49,-0.13,-20.97,322000000,0,紅縮,否,,0.67,0.69,0.71,,-7.2423,-3.2168,-9.0504
708722,陽程凱基63購02,2026-07-20,0.42,-0.1,-19.23,562000000,0,紅縮,是,,0.56,0.58,0.62,,-8.8525,-6.1192,-12.1555
708723,勤凱凱基5B購01,2026-07-20,0.23,-0.05,-17.86,30000000,0,綠增,否,,0.46,0.69,1.06,,-49.6732,-30.6533,-25.5109
708724,臺慶科凱基5B購02,2026-07-20,0.35,-0.39,-52.7,14000000,0,綠增,否,,1.24,1.61,1.89,,-37.5126,-26.7882,-6.7952
708726,擎亞凱基5B購03,2026-07-20,2.7,0.67,33.0,2000000,0,綠增,否,,3.46,3.47,3.13,,-0.7463,2.4498,8.3175
708728,威剛元大5B購09,2026-07-20,0.47,-0.14,-22.95,2000000,0,綠增,否,,0.76,0.84,0.94,,-16.849,-14.5046,-10.922
708729,博盛元大5B購02,2026-07-20,0.57,-0.15,-20.83,70000000,0,,是,,0.92,1.23,,,-40.1299,3.3585,
708730,閎康元大5B購02,2026-07-20,0.26,-0.05,-16.13,1154000000,0,綠增,是,,0.41,0.53,0.63,,-36.6154,-23.8164,-20.0506
708731,陽程元大5B購01,2026-07-20,0.5,-0.05,-9.09,1849000000,0,紅縮,是,,0.63,0.68,0.71,,-14.4809,-3.8244,-9.2367
708732,陽程元大5B購02,2026-07-20,0.34,-0.1,-22.73,1118000000,0,,否,,0.47,0.52,0.58,,-16.6078,-7.4866,-19.3166
708733,陽程元大65購02,2026-07-20,0.37,-0.06,-13.95,2350000000,0,,是,,0.45,0.47,0.52,,-6.5844,-0.8439,
708736,勤凱元大5B購03,2026-07-20,0.45,-0.14,-23.73,20000000,0,,是,,1.09,1.43,2.04,,-38.4181,-30.2779,
708737,群翊元大5B購02,2026-07-20,0.44,-0.1,-18.52,163000000,0,,是,,0.66,0.78,0.95,,-25.7271,-11.2756,
708742,尼克森永豐5C購01,2026-07-20,0.72,-0.16,-18.18,147000000,0,綠增,是,,1.03,1.26,1.18,,-30.4172,-5.5472,4.1795
708744,翔名永豐5C購01,2026-07-20,0.8,-0.24,-23.08,3000000,0,,否,,1.13,1.15,,,-3.259,,
708745,陽程永豐5B購02,2026-07-20,0.19,-0.11,-36.67,128000000,0,,否,,0.3,0.34,0.4,,-19.5767,-10.2632,
708747,臺慶科永豐65購01,2026-07-20,0.68,-0.11,-13.92,6000000,0,,否,,1.06,1.28,1.42,,-29.8805,-18.5633,-6.6536
708748,擎亞永豐5C購01,2026-07-20,1.54,-0.08,-4.94,16000000,0,,否,,2.69,2.78,2.45,,-6.1324,13.2275,
708750,雙鴻永豐65購01,2026-07-20,0.62,-0.2,-24.39,214000000,0,綠增,是,,0.76,0.91,1.04,,-28.0303,-16.5441,-14.7737
708751,精材富邦5B購02,2026-07-20,2.06,-0.51,-19.84,2000000,0,紅縮,否,,2.41,2.02,1.55,,49.1965,34.0426,31.6391
708752,博盛國泰5C購01,2026-07-20,0.62,-0.08,-11.43,43000000,0,,否,,0.89,1.17,1.1,,-39.0411,-13.5394,
708755,中美晶群益5B購03,2026-07-20,6.3,-0.1,-1.56,139000000,0,紅縮,否,,5.97,5.09,4.06,,41.9876,40.0,28.4561
708757,威剛群益61購02,2026-07-20,0.85,-0.1,-10.53,70000000,0,綠增,是,,1.15,1.26,1.39,,-15.6662,-13.1125,-11.0153
708758,陽程群益5B購03,2026-07-20,0.29,-0.13,-30.95,327000000,0,,否,,0.43,0.47,0.57,,-16.9884,-12.0594,-23.6327
708759,聖暉*群益5B購02,2026-07-20,0.87,-0.22,-20.18,20000000,0,綠增,否,,1.35,1.79,1.71,,-39.4429,-12.4449,3.2278
708760,精材群益5B購06,2026-07-20,3.23,-0.33,-9.27,20000000,0,,否,,3.26,2.79,2.23,,40.4823,26.9091,19.2297
708761,擎亞群益5B購02,2026-07-20,1.17,-0.12,-9.3,14000000,0,綠增,否,,1.83,2.03,1.94,,-18.0269,-6.6268,4.8557
708762,大中國票5B購01,2026-07-20,1.18,-0.23,-16.31,41000000,0,綠增,否,,2.08,2.81,2.52,,-41.4318,-13.4195,4.9896
708763,世界國票5C購04,2026-07-20,0.48,-0.2,-29.41,20000000,0,,否,,0.96,1.06,0.92,,-16.753,10.6361,
708764,立端國票5C購01,2026-07-20,0.35,-0.03,-7.89,590000000,0,綠增,是,,0.44,0.47,0.54,,-12.3016,-12.0818,-14.7799
708765,均豪國票5B購01,2026-07-20,0.28,-0.09,-24.32,9000000,0,,否,,0.39,0.51,0.61,,-40.0621,-10.7452,
708768,原相國票5B購02,2026-07-20,0.23,0.02,9.52,5000000,0,,否,,0.43,0.61,0.66,,-44.2159,-20.3679,-15.8232
708770,博盛國票5B購02,2026-07-20,0.3,-0.08,-21.05,100000000,0,綠增,否,,0.52,0.73,0.77,,-45.5882,-24.3048,-0.8969
708771,博盛國票5C購01,2026-07-20,0.45,-0.07,-13.46,15000000,0,綠增,否,,0.71,1.04,1.04,,-47.7239,-23.2988,-4.4179
708772,博盛國票5C購02,2026-07-20,0.43,-0.08,-15.69,76000000,0,,否,,0.68,0.96,0.95,,-45.4254,-22.276,-5.3731
708774,新鉅科國票5C購01,2026-07-20,0.56,-0.05,-8.2,166000000,0,,否,,0.79,0.89,1.1,,-20.8417,-26.4198,
708775,聖暉*國票5C購01,2026-07-20,0.94,-0.16,-14.55,6000000,0,,否,,1.37,1.52,1.38,,-17.8443,2.0805,
708776,榮剛國票5C購01,2026-07-20,0.5,-0.02,-3.85,20000000,0,,否,,0.54,0.62,0.69,,-22.2857,-11.6477,
708777,精材國票5C購02,2026-07-20,1.81,-0.19,-9.5,152000000,0,,否,,2.18,1.81,,,51.4604,57.0808,
708779,廣閎科國票5C購01,2026-07-20,1.22,-0.22,-15.28,15000000,0,綠增,否,,1.84,2.39,2.14,,-37.415,-12.1969,9.887
708780,擎亞國票5B購01,2026-07-20,2.04,0.03,1.49,62000000,0,綠增,是,,2.93,3.36,3.22,,-22.7608,-5.5322,5.2082
708781,FH中5G凱基5B購01,2026-07-20,0.98,-0.17,-14.78,20000000,0,綠增,否,,1.71,2.05,2.61,,-28.1643,-30.3195,-5.6119
708782,世界凱基64購01,2026-07-20,0.7,-0.19,-21.35,88000000,0,,是,,0.94,1.15,1.07,,-30.2807,-5.9738,
708787,群翊凱基5B購01,2026-07-20,0.48,-0.11,-18.64,22000000,0,,否,,0.57,0.67,0.72,,-26.615,-10.5333,
708788,聖暉*凱基5B購04,2026-07-20,0.73,-0.18,-19.78,107000000,0,,是,,1.17,1.44,1.24,,-31.6219,-3.0893,
708789,精材凱基5B購06,2026-07-20,1.5,-0.19,-11.24,406000000,0,,是,,1.78,1.48,1.16,,50.1689,31.8789,26.3359
708790,精材凱基5B購07,2026-07-20,1.58,-0.27,-14.59,12000000,0,紅縮,否,,1.81,1.51,1.18,,49.6689,34.2832,28.1981
708791,精材凱基5C購02,2026-07-20,1.66,-0.19,-10.27,6000000,0,,否,,1.53,1.36,,,28.9076,40.2678,
708792,精材凱基61購04,2026-07-20,1.44,-0.25,-14.79,3000000,0,紅縮,否,,1.65,1.39,1.12,,45.5026,25.9729,25.1114
708793,德微凱基5B購01,2026-07-20,1.36,-0.38,-21.84,2000000,0,,否,,3.03,2.67,,,31.7391,4.88,
708794,世界中信5B購02,2026-07-20,0.27,-0.16,-37.21,901000000,0,綠增,否,,0.45,0.55,0.64,,-31.7073,-28.7742,1.3557
708795,正淩永豐61購01,2026-07-20,0.31,0.0,0.0,8000000,0,,否,,0.45,0.5,,,-19.1336,,
708797,神準永豐5C購01,2026-07-20,0.59,-0.06,-9.23,237000000,0,綠增,否,,0.77,0.77,0.81,,0.5236,-2.046,-4.7281
708798,精材永豐65購01,2026-07-20,1.31,-0.12,-8.39,5000000,0,紅縮,否,,1.44,1.26,1.03,,33.3952,21.4286,22.4732
708803,聖暉*元大5B購04,2026-07-20,1.15,-0.24,-17.27,183000000,0,,是,,1.48,1.83,1.64,,-32.6027,-9.6154,13.0825
708805,精材元大5B購13,2026-07-20,2.26,-0.6,-20.98,8000000,0,,否,,2.75,2.32,1.86,,46.1211,31.8907,
708807,精材元大5B購15,2026-07-20,2.83,-0.2,-6.6,270000000,0,,是,,2.62,2.33,1.84,,27.5828,30.3013,
708808,精材元大5B購16,2026-07-20,2.83,-0.29,-9.29,548000000,0,,是,,1.79,1.41,,,72.447,26.25,
708810,精材元大63購03,2026-07-20,1.47,-0.05,-3.29,10000000,0,紅縮,否,,1.51,1.27,1.03,,45.3668,31.1662,21.0217
708812,世界台新5B購04,2026-07-20,1.17,-0.61,-34.27,486000000,0,綠增,否,,1.87,2.37,2.67,,-34.731,-29.0003,1.1961
708813,光頡台新5B購01,2026-07-20,2.83,-0.68,-19.37,18000000,0,,否,,3.77,3.77,,,-0.053,,
708814,欣銓台新5B購03,2026-07-20,0.75,-0.28,-27.18,171000000,0,綠增,是,,1.09,1.33,1.32,,-31.0038,-6.272,-3.4998
708815,欣銓台新5B購04,2026-07-20,0.68,-0.24,-26.09,103000000,0,綠增,是,,0.99,1.3,1.31,,-38.0774,-9.9931,-7.0343
708818,榮剛台新5B購01,2026-07-20,0.89,-0.12,-11.88,8000000,0,,否,,1.07,1.09,1.3,,-3.6166,-14.8903,
708820,精材台新5B購05,2026-07-20,2.96,-0.27,-8.36,15000000,0,,否,,3.05,2.58,1.98,,44.3602,34.1311,
708823,臺慶科台新5B購04,2026-07-20,0.92,-0.27,-22.69,60000000,0,,是,,2.58,3.2,3.15,,-32.302,-9.3023,
708824,伍豐國票5C購01,2026-07-20,0.41,-0.01,-2.38,48000000,0,綠增,否,,0.56,0.61,0.69,,-14.5455,-8.7928,-14.1968
708826,翔名國票5C購02,2026-07-20,0.8,-0.29,-26.61,7000000,0,紅轉綠,否,,1.14,1.19,1.13,,-7.9417,-1.0025,4.7222
708827,聖暉*兆豐61購01,2026-07-20,0.79,-0.18,-18.56,1000000,0,綠增,否,,1.0,1.27,1.28,,-35.0717,-11.8467,1.7957
708828,立敦群益5B購01,2026-07-20,1.04,-0.36,-25.71,25000000,0,綠增,否,,1.48,1.75,1.91,,-26.9497,-16.9588,-3.99
708832,翔名群益5B購01,2026-07-20,0.63,-0.24,-27.59,327000000,0,,否,,0.94,1.02,1.0,,-14.2336,-5.3903,-0.0498
708833,精材群益5B購07,2026-07-20,2.52,-0.44,-14.86,223000000,0,紅縮,否,,3.47,2.76,2.07,,69.036,46.5782,46.0071
708834,千如國泰5C購01,2026-07-20,2.42,-0.7,-22.44,16000000,0,,是,,5.44,6.27,5.61,,-23.3239,5.0059,
708835,聖暉*國泰5C購01,2026-07-20,1.39,-0.15,-9.74,207000000,0,,是,,1.58,1.72,1.56,,-15.9018,0.5245,
708836,精材國泰5C購01,2026-07-20,2.88,-0.75,-20.66,96000000,0,,否,,3.11,2.63,2.09,,44.1968,29.1749,22.2027
708837,精材國泰5C購02,2026-07-20,2.95,-0.2,-6.35,2000000,0,紅縮,否,,2.73,2.47,2.02,,23.9347,18.8071,19.5136
708838,臺慶科國泰5C購01,2026-07-20,1.14,-0.45,-28.3,82000000,0,綠增,是,,2.41,3.16,3.71,,-38.166,-24.7499,-7.3027
708839,萬泰科富邦63購01,2026-07-20,0.35,-0.06,-14.63,275000000,0,綠增,是,,0.49,0.58,0.61,,-28.2353,-12.4438,-6.3272
708843,威剛元大5B購10,2026-07-20,1.39,-0.15,-9.74,580000000,0,綠增,否,,1.8,1.93,2.11,,-12.3421,-8.3096,-6.2264
708844,威剛元大5B購11,2026-07-20,0.64,-0.12,-15.79,87000000,0,綠增,否,,0.89,0.96,1.05,,-13.6187,-8.9354,-5.8108
708845,翔名元大5B購01,2026-07-20,0.69,-0.27,-28.13,213000000,0,綠增,否,,1.06,1.15,1.11,,-13.4959,-3.3698,3.5764
708847,新盛力元大5B購04,2026-07-20,1.34,-0.18,-11.84,2117000000,0,綠增,是,,1.98,2.39,2.61,,-29.2857,-13.8739,-5.4245
708849,擎亞元大5B購05,2026-07-20,0.95,0.06,6.74,22000000,0,綠增,是,,1.46,1.76,1.67,,-29.0856,-10.5852,0.0897
708856,茂綸凱基5C購01,2026-07-20,0.42,-0.11,-20.75,10000000,0,,否,,0.9,0.99,,,-17.1587,-17.1405,
708857,翔名凱基5B購01,2026-07-20,0.5,-0.28,-35.9,188000000,0,紅轉綠,否,,0.83,0.89,0.87,,-12.5786,-4.9947,-1.6901
708858,德微凱基5B購02,2026-07-20,0.65,-0.29,-30.85,12000000,0,,否,,1.81,2.41,2.15,,-39.9867,9.3339,
708865,新盛力台新5B購02,2026-07-20,1.26,0.05,4.13,131000000,0,,是,,1.89,,,,,,
708866,新盛力台新5B購03,2026-07-20,1.55,-0.15,-8.82,2000000,0,,否,,2.26,2.44,2.7,,-13.5218,-14.2305,-0.369
708868,新盛力台新62購02,2026-07-20,1.61,-0.04,-2.42,10000000,0,綠增,否,,2.15,2.75,3.08,,-35.7399,-16.9532,-5.9075
708869,中美晶中信5B購01,2026-07-20,2.5,-0.29,-10.39,188000000,0,紅縮,否,,2.83,2.33,1.79,,54.814,54.3406,36.3983
708870,光頡中信5B購01,2026-07-20,0.65,-0.18,-21.69,681000000,0,綠增,否,,1.29,1.83,2.19,,-45.8368,-25.7895,-0.7708
708871,威剛中信65購01,2026-07-20,0.41,-0.03,-6.82,2000000,0,綠增,否,,0.49,0.52,0.55,,-10.219,-9.8787,-7.4664
708874,雅特力永豐5B購01,2026-07-20,2.81,-0.94,-25.07,2000000,0,紅縮,否,,2.98,2.35,1.8,,72.7378,53.1596,26.6737
708875,千如國票5C購01,2026-07-20,0.73,-0.22,-23.16,51000000,0,綠增,否,,1.23,1.76,2.09,,-46.2347,-24.6352,-4.1083
708876,台半國票5C購02,2026-07-20,1.0,-0.31,-23.66,1000000,0,,否,,2.14,2.17,2.06,,-3.1732,16.2206,
708878,光頡國票5C購01,2026-07-20,1.36,-0.4,-22.73,10000000,0,,是,,3.4,4.61,3.83,,-41.3912,2.4011,
708880,亞通國票5B購01,2026-07-20,0.52,-0.07,-11.86,220000000,0,綠增,是,,0.75,0.79,0.77,,-8.9588,-3.8977,4.6385
708883,晶焱國票5B購01,2026-07-20,0.41,-0.18,-30.51,117000000,0,綠增,是,,0.65,0.82,0.96,,-34.8089,-20.0584,-5.8071
708884,智通*國票5B購02,2026-07-20,0.62,-0.2,-24.39,33000000,0,,否,,0.89,0.81,0.73,,20.9239,15.6472,8.7183
708886,雅特力國票5C購01,2026-07-20,3.0,-0.62,-17.13,8000000,0,紅縮,否,,3.18,2.52,1.88,,70.6009,58.2183,29.4239
708888,雷科國票5B購02,2026-07-20,1.66,-0.97,-36.88,188000000,0,綠增,是,,2.74,3.29,3.53,,-28.7942,-15.9908,-3.363
708889,德微國票5C購01,2026-07-20,1.16,-0.26,-18.31,52000000,0,綠增,否,,2.02,2.95,3.0,,-47.936,-19.1495,-3.4183
708890,擎亞國票5B購02,2026-07-20,1.66,0.04,2.47,33000000,0,,是,,2.3,2.61,2.34,,-21.3552,-3.2617,3.6955
708892,世界群益62購02,2026-07-20,0.57,-0.23,-28.75,208000000,0,,否,,0.83,0.96,1.03,,-23.7132,-23.3413,
708894,光頡群益5B購02,2026-07-20,1.23,-0.67,-35.26,280000000,0,,是,,4.44,5.32,4.97,,-28.4516,-14.8439,6.4696
708895,均豪群益5B購02,2026-07-20,0.69,-0.27,-28.13,31000000,0,綠增,否,,0.99,1.29,1.32,,-37.6574,-15.2531,-11.988
708897,雷科國泰61購01,2026-07-20,4.4,-1.3,-22.81,20000000,0,,是,,6.73,6.13,,,21.6998,6.9062,
708898,寶雅富邦61購01,2026-07-20,1.44,-0.1,-6.49,556000000,0,綠增,是,,1.75,1.94,1.84,,-17.6692,-1.222,5.0228
708902,大中統一63購01,2026-07-20,0.96,-0.16,-14.29,38000000,0,,是,,1.52,1.75,1.52,,-23.6657,-2.1241,6.9972
708903,大中統一65購01,2026-07-20,0.81,-0.16,-16.49,20000000,0,綠增,否,,1.22,1.56,1.44,,-35.6917,-8.9526,5.8391
708904,世界統一64購02,2026-07-20,0.6,-0.16,-21.05,160000000,0,綠增,否,,0.76,0.93,0.89,,-30.5455,-11.9093,3.1995
708905,世界統一65購01,2026-07-20,0.5,-0.14,-21.88,198000000,0,綠增,否,,0.66,0.73,0.81,,-18.5185,-20.4545,1.2563
708906,世界統一65購02,2026-07-20,0.46,-0.11,-19.3,42000000,0,,否,,0.58,0.65,0.69,,-19.6133,-17.4463,-0.1443
708909,立敦統一65購01,2026-07-20,0.95,-0.18,-15.93,22000000,0,綠增,否,,1.16,1.27,1.32,,-15.6749,-10.6263,-1.1945
708911,立敦統一66購01,2026-07-20,0.54,-0.12,-18.18,10000000,0,綠增,否,,0.64,0.7,0.72,,-14.1711,-8.0688,-1.51
708913,光頡統一65購01,2026-07-20,0.74,-0.15,-16.85,572000000,0,綠增,是,,1.25,1.63,1.86,,-38.3168,-21.4904,-0.1072
708914,光頡統一65購02,2026-07-20,0.55,-0.05,-8.33,798000000,0,,是,,0.84,1.0,,,-27.5563,-16.6667,
708916,艾訊統一65購01,2026-07-20,0.35,-0.03,-7.89,228000000,0,,否,,0.41,0.44,0.46,,-13.617,-6.2099,-4.1797
708917,邑錡統一65購01,2026-07-20,0.63,-0.03,-4.55,464000000,0,紅轉綠,否,,0.75,0.76,0.65,,-3.1088,13.6024,6.1576
708918,亞通統一65購01,2026-07-20,0.51,-0.02,-3.77,7000000,0,,否,,0.59,0.62,,,-7.1875,2.4917,
708919,欣銓統一63購01,2026-07-20,0.46,-0.12,-20.69,235000000,0,,是,,0.72,0.72,0.72,,-1.6484,-1.6349,-2.5763
708920,欣銓統一65購02,2026-07-20,0.49,-0.07,-12.5,118000000,0,綠增,是,,0.57,0.64,0.64,,-19.1549,-5.4492,-2.5797
708921,欣銓統一67購01,2026-07-20,0.86,-0.13,-13.13,400000000,0,綠增,否,,1.04,1.18,1.16,,-21.6012,-5.7462,-1.5222
708922,欣銓統一69購01,2026-07-20,0.7,-0.08,-10.26,111000000,0,,是,,0.88,0.87,0.86,,3.7559,1.0477,-0.5784
708923,威剛統一64購02,2026-07-20,0.39,-0.05,-11.36,173000000,0,綠增,否,,0.53,0.58,0.65,,-17.2956,-15.1825,-11.6327
708925,威剛統一65購02,2026-07-20,0.58,-0.04,-6.45,110000000,0,綠增,否,,0.68,0.72,0.76,,-10.0529,-8.0666,-5.7285
708926,威剛統一65購03,2026-07-20,0.42,-0.03,-6.67,40000000,0,綠增,否,,0.53,0.57,0.62,,-13.355,-11.5741,-8.4071
708927,威剛統一69購01,2026-07-20,0.39,-0.04,-9.3,173000000,0,綠增,是,,0.47,0.49,0.51,,-7.874,-4.8733,-3.3898
708928,茂達統一64購01,2026-07-20,0.62,-0.17,-21.52,95000000,0,綠增,否,,1.11,1.33,1.19,,-28.5161,-3.974,2.0627
708930,翔名統一63購01,2026-07-20,0.57,-0.17,-22.97,992000000,0,綠增,否,,0.78,0.83,0.8,,-11.4155,-2.5943,4.5782
708931,翔名統一65購01,2026-07-20,0.59,-0.12,-16.9,1000000,0,,否,,0.7,0.74,0.72,,-9.0439,-1.9894,
708933,閎康統一65購02,2026-07-20,0.43,-0.03,-6.52,28000000,0,,否,,0.54,,,,,,
708934,順達統一65購02,2026-07-20,0.57,-0.13,-18.57,52000000,0,,否,,0.78,0.78,0.82,,1.2953,-3.598,
708935,新盛力統一69購01,2026-07-20,0.61,0.02,3.39,116000000,0,綠增,否,,0.7,0.78,0.82,,-19.1686,-7.8824,-6.0172
708936,聖暉*統一63購02,2026-07-20,0.74,-0.28,-27.45,3000000,0,綠增,否,,0.92,1.05,1.01,,-21.9595,-5.2158,6.9112
708937,臺慶科統一63購01,2026-07-20,0.7,-0.12,-14.63,185000000,0,綠增,是,,1.04,1.35,1.53,,-37.9641,-22.6857,-6.2654
708938,臺慶科統一65購01,2026-07-20,0.53,-0.06,-10.17,33000000,0,綠增,否,,0.74,0.9,1.11,,-30.3774,-23.1624,-8.7849
708939,擎亞統一67購01,2026-07-20,0.72,0.0,0.0,1000000,0,綠增,否,,0.86,0.91,0.88,,-10.9959,-3.6998,2.7294
708941,世界凱基63購01,2026-07-20,0.85,-0.19,-18.27,123000000,0,,否,,1.07,1.18,1.26,,-16.6667,-19.2176,
708943,台星科凱基5C購01,2026-07-20,0.43,-0.11,-20.37,2000000,0,,否,,0.76,0.94,,,-32.1429,-14.5455,
708945,威剛凱基5B購08,2026-07-20,0.52,-0.08,-13.33,329000000,0,綠增,是,,0.73,0.8,0.89,,-15.2425,-9.6045,-7.3552
708947,擎亞凱基5B購04,2026-07-20,1.27,0.06,4.96,133000000,0,綠增,否,,1.93,2.25,2.24,,-24.8056,-6.4369,6.1065
708950,優群台新5B購02,2026-07-20,0.55,-0.14,-20.29,20000000,0,,是,,0.88,1.09,1.46,,-31.8885,-20.2643,
708954,威剛元大5B購12,2026-07-20,0.8,-0.18,-18.37,22000000,0,綠增,否,,1.15,1.26,1.39,,-16.1337,-12.3354,-8.7356
708955,威剛元大5B購13,2026-07-20,0.72,-0.19,-20.88,3000000,0,綠增,否,,1.01,1.1,1.21,,-14.6465,-10.7056,-10.6021
708956,順達元大5B購06,2026-07-20,2.18,-0.41,-15.83,41000000,0,,否,,3.16,3.11,3.22,,3.1373,-1.863,
708958,雷科元大5B購02,2026-07-20,2.49,-0.73,-22.67,8000000,0,綠增,否,,3.68,4.16,4.37,,-20.6986,-19.3248,-0.8394
708967,均豪群益5B購03,2026-07-20,0.34,-0.24,-41.38,31000000,0,綠增,否,,0.61,0.84,0.8,,-42.8305,-10.3082,-12.9137
708970,欣銓群益5B購03,2026-07-20,0.79,-0.34,-30.09,20000000,0,綠增,否,,1.16,1.34,1.33,,-23.1481,-6.5688,-4.9607
708971,鈊象群益5B購03,2026-07-20,0.92,0.03,3.37,53000000,0,,否,,1.13,1.45,1.59,,-35.7548,-13.2494,-10.3293
708973,德微群益5B購03,2026-07-20,0.85,-0.25,-22.73,236000000,0,,否,,1.77,2.8,2.58,,-53.5845,-3.9148,
708974,雙鴻群益5B購08,2026-07-20,0.97,-0.09,-8.49,18000000,0,,否,,1.17,1.94,,,-57.0272,-28.0637,
708977,台半統一63購01,2026-07-20,0.8,-0.21,-20.79,20000000,0,,否,,1.93,1.83,,,11.0727,26.1199,
708978,台半統一65購01,2026-07-20,0.49,-0.07,-12.5,50000000,0,綠增,否,,0.73,0.89,0.89,,-30.9298,-11.255,2.8177
708979,台半統一69購01,2026-07-20,0.51,-0.07,-12.07,7000000,0,綠增,否,,0.7,0.83,0.79,,-27.5,-8.9109,0.254
708980,台星科統一65購01,2026-07-20,0.45,-0.04,-8.16,154000000,0,綠增,否,,0.58,0.65,0.69,,-20.8219,-11.9785,-6.3525
708987,威剛統一65購04,2026-07-20,0.57,-0.08,-12.31,50000000,0,,否,,0.73,0.8,0.88,,-15.6322,-9.1733,
708988,茂達統一65購01,2026-07-20,0.66,-0.14,-17.5,675000000,0,綠增,是,,0.92,1.18,1.12,,-36.6022,-9.0,1.9554
708989,茂綸統一65購01,2026-07-20,0.41,-0.05,-10.87,46000000,0,,否,,0.5,0.55,0.59,,-14.9153,-10.0494,-7.8295
708991,聖暉*統一65購02,2026-07-20,0.83,-0.12,-12.63,399000000,0,綠增,否,,0.99,1.2,1.2,,-29.5455,-10.3139,1.7834
708992,德微統一63購02,2026-07-20,0.46,-0.04,-8.0,178000000,0,綠增,是,,0.75,1.24,1.24,,-56.5469,-22.1384,-3.7999
708993,德微統一75購01,2026-07-20,0.6,-0.09,-13.04,82000000,0,,是,,0.84,,,,,,
708995,擎亞統一65購01,2026-07-20,0.59,-0.13,-18.06,403000000,0,,否,,0.88,1.02,0.94,,-24.6575,-4.1199,1.7925
708997,鑫科統一69購01,2026-07-20,0.36,-0.03,-7.69,175000000,0,綠增,是,,0.42,0.46,0.46,,-14.5749,-4.9793,-5.4359
708998,台半國票5C購03,2026-07-20,0.74,-0.27,-26.73,2000000,0,,否,,1.84,2.15,1.76,,-25.5267,12.7816,
709001,泓格國票5B購01,2026-07-20,1.35,0.46,51.69,103000000,0,紅增,是,,0.92,0.93,0.85,,-1.4989,10.7527,-5.7382
709002,泓格國票5C購01,2026-07-20,1.26,0.26,26.0,34000000,0,,否,,0.98,1.01,1.04,,-6.334,2.8542,-16.2763
709004,漢達國票5C購01,2026-07-20,0.76,-0.01,-1.3,20000000,0,綠增,否,,0.84,1.09,0.95,,-37.6119,-7.2464,10.1852
709005,德微國票5C購02,2026-07-20,0.89,-0.18,-16.82,23000000,0,綠增,否,,1.76,2.3,2.23,,-37.5796,-16.302,-4.1425
709006,大中台新5B購01,2026-07-20,1.82,-0.54,-22.88,380000000,0,,是,,4.05,3.74,2.95,,18.2243,37.1009,
709008,立敦台新5B購03,2026-07-20,2.63,-1.18,-30.97,12000000,0,,否,,4.11,4.72,4.65,,-23.0135,-7.3027,
709009,佳邦台新5B購01,2026-07-20,0.83,-0.18,-17.82,180000000,0,綠增,是,,1.34,1.75,1.94,,-37.7323,-16.3392,-11.7553
709011,立敦凱基5B購01,2026-07-20,0.93,-0.52,-35.86,62000000,0,綠增,是,,1.46,1.81,2.0,,-32.5946,-19.9558,-4.0699
709013,佳邦凱基5C購01,2026-07-20,0.92,-0.1,-9.8,10000000,0,,否,,1.41,1.68,1.81,,-27.3196,-13.4814,
709015,威剛凱基5C購02,2026-07-20,0.49,-0.11,-18.33,10000000,0,,否,,0.79,0.85,0.99,,-12.5828,-12.7441,
709017,鈊象凱基5B購02,2026-07-20,0.98,0.06,6.52,61000000,0,,否,,1.32,1.35,1.44,,-4.2213,-5.7463,
709019,臺慶科凱基63購01,2026-07-20,0.55,-0.13,-19.12,21000000,0,,否,,0.93,1.31,1.52,,-45.0472,-25.7627,-8.2403
709020,德微凱基5B購03,2026-07-20,0.43,0.13,43.33,152000000,0,綠增,是,,0.8,1.29,1.34,,-55.157,-22.5884,-9.4965
709022,雙鴻凱基61購03,2026-07-20,0.57,-0.11,-16.18,42000000,0,綠增,否,,0.69,0.86,1.04,,-33.0116,-22.9055,-18.0926
709023,中美晶群益5B購04,2026-07-20,6.95,-0.55,-7.33,19000000,0,紅縮,是,,6.56,5.66,4.52,,37.5419,37.6854,27.2433
709024,世界群益61購01,2026-07-20,0.64,-0.22,-25.58,72000000,0,綠增,否,,0.9,1.04,1.14,,-24.1554,-22.6597,1.7442
709028,威剛群益5B購03,2026-07-20,0.93,-0.34,-26.77,93000000,0,綠增,否,,1.39,1.54,1.75,,-17.1225,-12.564,-8.3879
709029,茂達群益5B購01,2026-07-20,1.16,-0.27,-18.88,50000000,0,綠增,否,,1.79,2.65,2.51,,-49.1168,-12.8087,1.066
709030,智通*群益5B購01,2026-07-20,1.03,-0.17,-14.17,459000000,0,紅縮,否,,1.32,1.24,1.11,,15.331,11.9565,10.8337
709032,新盛力群益61購01,2026-07-20,1.57,-0.2,-11.3,810000000,0,綠增,是,,2.29,2.79,3.08,,-30.3159,-13.9556,-7.4586
709033,擎亞群益65購01,2026-07-20,1.04,-0.09,-7.96,107000000,0,,是,,1.48,1.54,1.36,,-8.1988,12.0464,
709035,正淩元大5B購02,2026-07-20,0.38,0.0,0.0,350000000,0,,是,,0.56,0.56,0.64,,-2.4561,-0.53,
709036,金益鼎元大5B購01,2026-07-20,0.24,-0.05,-17.24,630000000,0,綠增,否,,0.3,0.34,0.44,,-23.1959,-20.0466,-20.7361
709037,威剛元大5B購14,2026-07-20,4.11,-0.58,-12.37,11000000,0,綠增,否,,5.51,6.07,6.8,,-17.0181,-11.9565,-10.6509
709038,原相元大5B購02,2026-07-20,0.26,0.0,0.0,350000000,0,綠增,否,,0.4,0.61,0.71,,-52.0581,-27.4347,-10.9787
709039,順達元大5B購07,2026-07-20,9.05,-1.25,-12.14,2000000,0,,否,,12.73,12.64,12.81,,1.5152,1.4045,
709043,寶雅元大5B購01,2026-07-20,1.25,-0.06,-4.58,530000000,0,綠增,是,,1.74,1.92,1.73,,-17.2053,3.9459,8.5813
709045,威剛國泰5C購02,2026-07-20,1.06,-0.38,-26.39,6000000,0,綠增,否,,1.52,1.63,1.78,,-13.173,-10.286,-9.313
709047,擎亞國泰62購01,2026-07-20,2.76,-0.1,-3.5,199000000,0,綠增,是,,4.29,4.37,4.14,,-3.8117,1.4375,8.5658
709051,新盛力富邦61購05,2026-07-20,1.37,0.03,2.24,42000000,0,,否,,1.64,1.92,,,-25.2277,12.2879,
709055,正淩統一69購01,2026-07-20,0.44,-0.05,-10.2,196000000,0,,是,,0.54,0.55,,,-3.9007,,
709058,朋程統一63購01,2026-07-20,0.47,-0.09,-16.07,15000000,0,綠增,否,,0.71,0.92,0.99,,-36.3636,-21.3368,-4.6792
709059,欣銓統一5B購01,2026-07-20,0.51,-0.17,-25.0,7000000,0,,否,,0.84,0.86,,,-4.119,10.4516,
709060,欣銓統一65購04,2026-07-20,0.5,-0.13,-20.63,10000000,0,,否,,0.62,0.69,0.68,,-19.1601,-5.6164,
709061,茂達統一65購02,2026-07-20,0.59,-0.05,-7.81,30000000,0,,是,,0.9,0.92,,,-4.6709,4.5455,
709065,德微統一5B購01,2026-07-20,0.36,-0.1,-21.74,1653000000,0,綠增,是,,0.66,0.98,1.0,,-48.7616,-19.8523,-3.668
709066,德微統一65購01,2026-07-20,0.93,0.21,29.17,1000000,0,綠縮,否,,0.88,1.06,0.99,,-29.5345,-7.1678,4.0633
709070,鑫科統一64購01,2026-07-20,0.34,-0.03,-8.11,810000000,0,綠增,是,,0.44,0.51,0.53,,-23.1834,-13.3898,-8.2681
709071,立敦永豐61購01,2026-07-20,1.21,-0.52,-30.06,13000000,0,綠增,否,,1.69,1.94,1.93,,-22.8806,-10.2126,1.7636
709072,佳邦永豐63購01,2026-07-20,0.87,-0.11,-11.22,3000000,0,綠增,否,,1.18,1.46,1.59,,-31.8707,-13.3849,-9.9659
709073,威剛永豐5B購02,2026-07-20,0.51,-0.07,-12.07,223000000,0,綠增,是,,0.7,0.77,0.83,,-16.7464,-11.1369,-10.2316
709074,威剛永豐61購02,2026-07-20,0.63,-0.14,-18.18,12000000,0,,否,,0.95,1.01,1.1,,-10.8614,-8.7624,-6.6837
709075,原相永豐5C購01,2026-07-20,0.54,0.03,5.88,5000000,0,綠增,否,,0.7,0.93,0.98,,-40.2397,-18.3012,-8.3372
709079,台半國票61購01,2026-07-20,0.69,-0.16,-18.82,40000000,0,綠增,是,,1.23,1.78,1.71,,-47.2151,-19.0649,2.741
709080,佳邦國票5C購02,2026-07-20,0.49,-0.08,-14.04,3000000,0,綠增,否,,0.76,0.99,1.16,,-38.5366,-21.6877,-17.5532
709081,茂達國票5C購01,2026-07-20,0.66,-0.15,-18.52,16000000,0,綠增,否,,1.03,1.52,1.46,,-48.5572,-13.2269,1.5257
709082,博大國票5C購01,2026-07-20,0.53,-0.05,-8.62,28000000,0,,否,,0.67,0.77,0.65,,-23.0415,9.4017,
709085,雷科國票5B購05,2026-07-20,3.28,-0.71,-17.79,2000000,0,,否,,4.63,5.0,,,-13.9457,4.5122,
709086,德微國票5C購03,2026-07-20,0.63,0.2,46.51,723000000,0,綠增,是,,1.03,1.61,1.68,,-53.1876,-21.937,-6.0207
709089,世紀*元大5B購01,2026-07-20,0.63,0.04,6.78,38000000,0,綠增,否,,0.84,0.94,0.87,,-18.0934,0.3219,-2.7886
709090,台特化元大5B購02,2026-07-20,0.65,-0.11,-14.47,304000000,0,,是,,1.13,1.21,1.36,,-12.1495,-9.1867,
709091,博智元大5B購02,2026-07-20,0.27,-0.1,-27.03,360000000,0,綠增,是,,0.48,0.65,0.83,,-40.4938,-26.4237,-12.289
709092,智通*元大5B購01,2026-07-20,1.24,-0.16,-11.43,32000000,0,紅縮,否,,1.5,1.4,1.24,,16.0742,13.2901,11.1061
709093,鈊象元大5B購02,2026-07-20,1.41,0.07,5.22,602000000,0,綠增,是,,1.56,1.75,1.78,,-19.9383,-6.3602,-8.1179
709094,群聯元大5B購15,2026-07-20,2.9,-0.12,-3.97,277000000,0,綠增,是,,4.22,5.05,6.5,,-28.4211,-26.6086,-10.8236
709095,群聯元大5B購16,2026-07-20,0.66,0.01,1.54,474000000,0,綠增,是,,0.89,1.08,1.39,,-29.717,-27.3154,-17.5824
709096,廣穎元大5B購01,2026-07-20,1.48,-0.15,-9.2,2000000,0,,否,,2.66,2.59,,,4.8145,,
709097,雙鴻元大5B購03,2026-07-20,4.39,-0.48,-9.86,271000000,0,,否,,4.77,6.18,8.02,,-37.0449,-26.0359,
709098,尼克森國票5B購02,2026-07-20,1.24,-0.25,-16.78,28000000,0,綠增,否,,1.73,2.09,1.99,,-29.3974,-6.9716,1.2497
709099,朋程國票5B購02,2026-07-20,0.9,-0.22,-19.64,120000000,0,綠增,否,,1.43,1.79,1.89,,-33.3644,-20.1786,-7.2812
709101,華容國票5C購02,2026-07-20,2.53,-0.7,-21.67,51000000,0,綠增,否,,3.84,4.53,3.38,,-26.342,12.4938,23.2902
709102,群聯國票61購03,2026-07-20,0.43,-0.03,-6.52,10000000,0,綠增,否,,0.64,0.78,0.92,,-30.5677,-23.1683,-12.5417
709103,雷科國票5C購01,2026-07-20,1.6,-0.63,-28.25,190000000,0,綠增,否,,2.41,2.69,2.89,,-18.9516,-10.0501,-0.9242
709104,臺慶科國票5C購03,2026-07-20,0.39,-0.08,-17.02,244000000,0,綠增,是,,0.64,0.89,1.23,,-43.9791,-32.6807,-12.6327
709105,廣穎國票5C購02,2026-07-20,1.29,-0.16,-11.03,20000000,0,綠增,否,,1.75,1.96,2.47,,-19.9817,-20.6144,-5.3438
709107,擎亞國票5C購01,2026-07-20,1.28,0.02,1.59,32000000,0,綠增,否,,1.77,2.01,1.98,,-21.3652,-4.7732,6.008
709109,中美晶凱基63購01,2026-07-20,3.0,-0.8,-21.05,10000000,0,,否,,2.92,2.36,1.91,,61.105,38.9183,24.6974
709112,博智凱基5B購01,2026-07-20,0.11,-0.07,-38.89,50000000,0,綠增,是,,0.24,0.36,0.48,,-49.3671,-30.2734,-17.3061
709113,博智凱基5B購02,2026-07-20,0.21,-0.07,-25.0,5000000,0,,否,,0.37,0.51,0.65,,-42.4615,-30.2452,-16.1708
709121,原相台新5B購01,2026-07-20,0.65,0.0,0.0,20000000,0,,否,,1.42,1.52,,,-12.2373,,
709126,順達台新5B購04,2026-07-20,2.27,-0.76,-25.08,249000000,0,綠增,否,,3.81,3.89,4.0,,-3.8364,1.9412,-1.0875
709127,群聯台新5B購09,2026-07-20,0.8,-0.06,-6.98,235000000,0,綠增,是,,1.5,1.84,2.16,,-31.7518,-24.2088,-15.6579
709129,群聯台新5B購11,2026-07-20,0.49,-0.06,-10.91,18000000,0,,否,,0.81,0.99,1.17,,-30.7033,-17.3367,
709131,雷科台新5B購02,2026-07-20,2.1,-0.97,-31.6,145000000,0,綠增,否,,3.46,3.84,4.28,,-17.9621,-11.9642,-1.2465
709132,廣穎台新5B購01,2026-07-20,1.67,-0.14,-7.73,24000000,0,,是,,2.59,2.91,,,-19.665,,
709133,聯合台新5B購01,2026-07-20,0.92,-0.03,-3.16,10000000,0,,否,,1.07,,,,,,
709136,博智富邦61購02,2026-07-20,0.23,-0.03,-11.54,110000000,0,綠增,是,,0.34,0.44,0.53,,-37.037,-23.8754,-11.4286
709137,群聯富邦61購03,2026-07-20,0.38,-0.05,-11.63,380000000,0,綠增,是,,0.54,0.64,0.7,,-26.158,-17.6774,-12.6935
709138,群聯富邦61購04,2026-07-20,0.35,-0.04,-10.26,98000000,0,,是,,0.6,0.71,0.75,,-25.679,-7.8329,
709139,安勤永豐5C購01,2026-07-20,0.93,-0.1,-9.71,47000000,0,紅轉綠,否,,1.1,1.12,1.08,,-2.4735,0.9025,3.8961
709142,群聯永豐5C購05,2026-07-20,0.33,-0.03,-8.33,10000000,0,,否,,0.49,0.61,0.67,,-32.7869,-17.8523,-15.8125
709146,漢科永豐5C購01,2026-07-20,0.56,-0.09,-13.85,20000000,0,紅轉綠,否,,0.65,0.7,0.7,,-13.6,-3.5862,-3.1944
709147,中美晶統一66購01,2026-07-20,1.16,-0.07,-5.69,1032000000,0,紅縮,否,,1.28,1.15,0.98,,26.43,26.8508,18.1269
709148,正淩統一65購03,2026-07-20,0.34,0.01,3.03,108000000,0,,否,,0.44,0.45,0.46,,-2.2222,-1.1111,
709149,沛亨統一63購01,2026-07-20,0.24,-0.02,-7.69,100000000,0,,是,,0.5,0.7,0.86,,-44.5916,-18.5185,
709150,沛亨統一64購01,2026-07-20,0.25,-0.05,-16.67,62000000,0,綠增,否,,0.5,0.65,0.77,,-37.4372,-25.8028,-16.4509
709151,沛亨統一65購02,2026-07-20,0.26,-0.03,-10.34,282000000,0,綠增,是,,0.38,0.52,0.7,,-41.5385,-36.0248,-17.9592
709152,佳邦統一63購01,2026-07-20,0.5,-0.06,-10.71,12000000,0,綠增,否,,0.7,0.84,0.89,,-27.9835,-10.6838,-8.6578
709153,佳邦統一65購01,2026-07-20,0.34,-0.05,-12.82,465000000,0,綠增,否,,0.51,0.6,0.64,,-26.1628,-10.6129,-8.4112
709154,朋程統一65購01,2026-07-20,0.51,-0.04,-7.27,272000000,0,綠增,是,,0.66,0.79,0.83,,-28.3843,-16.7373,-2.9394
709155,欣銓統一63購02,2026-07-20,0.41,-0.08,-16.33,301000000,0,,是,,0.52,0.59,0.61,,-22.9851,-10.5581,
709157,茂達統一69購01,2026-07-20,0.61,-0.07,-10.29,632000000,0,,是,,0.87,0.95,,,-16.4093,-4.326,
709158,茂綸統一65購02,2026-07-20,0.49,-0.05,-9.26,106000000,0,,是,,0.56,0.6,0.65,,-13.6223,-8.3714,
709160,神準統一66購01,2026-07-20,0.59,-0.03,-4.84,50000000,0,,否,,0.67,0.68,0.7,,-2.6316,-3.4335,
709161,博智統一63購02,2026-07-20,0.22,-0.06,-21.43,20000000,0,,否,,0.35,0.43,0.5,,-32.1569,-24.1135,-13.5889
709162,博智統一65購01,2026-07-20,0.32,-0.05,-13.51,20000000,0,,否,,0.54,0.63,0.66,,-25.1381,-13.2877,-9.6311
709164,萬泰科統一75購01,2026-07-20,0.51,-0.05,-8.93,10000000,0,,否,,0.57,0.61,,,-13.1098,-4.5171,
709166,群聯統一63購01,2026-07-20,0.31,0.01,3.33,44000000,0,綠增,否,,0.41,0.47,0.57,,-24.0741,-21.0963,-10.3367
709167,群聯統一63購02,2026-07-20,0.25,-0.02,-7.41,15000000,0,綠增,否,,0.35,0.41,0.52,,-28.5124,-25.2252,-9.7113
709168,群聯統一65購01,2026-07-20,0.25,-0.02,-7.41,46000000,0,綠增,否,,0.35,0.42,0.52,,-27.7551,-25.7042,-15.8192
709170,群聯統一69購01,2026-07-20,0.84,-0.02,-2.33,3000000,0,綠增,否,,1.0,1.1,1.22,,-16.1074,-13.1537,-5.5405
709171,群聯統一69購02,2026-07-20,0.45,-0.07,-13.46,780000000,0,綠增,否,,0.61,0.7,0.8,,-22.4747,-17.4883,-6.6472
709173,群聯統一75購01,2026-07-20,0.96,-0.03,-3.03,262000000,0,綠增,否,,1.14,1.24,1.37,,-15.156,-12.3326,-4.8365
709174,聖暉*統一65購03,2026-07-20,0.91,-0.11,-10.78,855000000,0,綠增,是,,1.05,1.23,1.24,,-26.338,-10.1966,1.4274
709176,臺慶科統一65購02,2026-07-20,0.38,-0.09,-19.15,12000000,0,綠增,否,,0.54,0.68,0.77,,-32.8395,-19.9764,-7.5359
709180,廣穎統一69購01,2026-07-20,0.75,-0.07,-8.54,9000000,0,綠增,否,,0.88,0.93,1.04,,-10.041,-11.0365,-4.046
709182,擎亞統一65購04,2026-07-20,0.9,0.02,2.27,182000000,0,綠增,否,,1.19,1.3,1.28,,-16.338,-3.2641,6.5471
709188,博智群益5B購02,2026-07-20,0.38,-0.15,-28.3,30000000,0,綠增,否,,0.73,0.99,1.31,,-42.1975,-28.2923,-11.1862
709191,新盛力群益61購02,2026-07-20,1.52,0.03,2.01,235000000,0,綠增,否,,2.01,2.58,2.79,,-36.0051,-14.6358,-10.5474
709192,群聯群益5B購07,2026-07-20,1.0,-0.03,-2.91,65000000,0,綠增,否,,1.53,1.93,2.51,,-34.0517,-28.4653,-12.3276
709193,臺慶科群益5B購03,2026-07-20,0.34,-0.12,-26.09,123000000,0,,是,,0.81,1.2,1.41,,-49.3719,-28.7582,-10.2711
709195,擎亞群益62購01,2026-07-20,1.0,-0.36,-26.47,8000000,0,,否,,1.64,1.62,1.39,,2.3691,20.4006,
709199,威聯通永豐61購01,2026-07-20,0.28,-0.05,-15.15,10000000,0,,否,,0.38,0.47,0.66,,-31.295,-25.4372,
709203,順達永豐64購01,2026-07-20,0.95,-0.21,-18.1,53000000,0,綠增,否,,1.41,1.42,1.45,,-1.5406,1.2143,-0.1031
709204,順達永豐67購01,2026-07-20,0.93,-0.22,-19.13,144000000,0,,否,,1.36,1.36,1.4,,0.7407,-6.2284,-3.8501
709205,鈊象永豐63購01,2026-07-20,1.07,0.08,8.08,193000000,0,綠縮,是,,1.1,1.22,1.23,,-17.2414,-5.3571,-5.5598
709206,新盛力永豐5C購02,2026-07-20,0.64,0.02,3.23,328000000,0,綠增,否,,0.86,1.08,1.18,,-34.4564,-14.3423,-11.0023
709208,沛亨凱基5B購03,2026-07-20,0.18,-0.05,-21.74,502000000,0,綠縮,否,,0.34,0.56,0.9,,-55.8442,-47.0925,-19.1978
709209,佳邦凱基5B購01,2026-07-20,0.19,-0.1,-34.48,10000000,0,,否,,0.43,0.64,,,-49.5327,-36.2376,
709213,勤凱凱基5B購02,2026-07-20,0.23,-0.11,-32.35,22000000,0,綠增,否,,0.45,0.66,1.03,,-47.6852,-34.5924,-26.2482
709214,勤凱凱基5B購03,2026-07-20,0.23,-0.06,-20.69,120000000,0,綠增,否,,0.45,0.66,0.94,,-49.4331,-30.0316,-24.448
709216,群聯凱基61購04,2026-07-20,0.35,-0.07,-16.67,114000000,0,綠增,否,,0.54,0.67,0.82,,-32.75,-26.5642,-13.7624
709217,臺慶科凱基5B購03,2026-07-20,0.24,-0.07,-22.58,26000000,0,綠增,否,,0.48,0.74,1.1,,-52.1825,-37.2367,-15.1714
709218,擎亞凱基61購01,2026-07-20,1.1,-0.14,-11.29,100000000,0,綠增,否,,1.85,1.95,1.87,,-9.4819,-2.696,5.6056
709219,中光電台新5B購02,2026-07-20,2.6,0.36,16.07,22000000,0,紅縮,否,,3.73,3.67,2.71,,3.208,29.4118,25.399
709220,台星科台新5B購01,2026-07-20,0.64,-0.07,-9.86,25000000,0,,是,,0.94,1.22,,,-36.9973,-16.9966,
709221,台星科台新5B購02,2026-07-20,0.66,-0.07,-9.59,25000000,0,,否,,0.89,1.24,,,-44.0101,-14.6897,
709224,佳邦台新5B購02,2026-07-20,0.87,-0.14,-13.86,31000000,0,,否,,1.52,1.88,2.01,,-32.3818,-13.9652,-12.1563
709227,勤凱台新5B購02,2026-07-20,0.42,-0.09,-17.65,2000000,0,,否,,0.97,1.18,1.63,,-30.0287,-30.6565,-18.5878
709231,雙鴻台新5B購01,2026-07-20,0.93,-0.34,-26.77,56000000,0,,否,,1.59,1.81,,,-21.5764,,
709232,雙鴻台新5B購02,2026-07-20,0.85,-0.07,-7.61,5000000,0,,否,,1.0,1.25,1.58,,-33.1099,-23.6665,
709235,良維國泰5C購02,2026-07-20,0.97,-0.03,-3.0,16000000,0,綠增,否,,1.52,1.99,2.21,,-38.3617,-18.9508,-17.2071
709237,順達國泰5C購01,2026-07-20,0.86,-0.23,-21.1,102000000,0,紅轉綠,否,,1.31,1.35,1.41,,-6.2947,-0.7331,-2.5155
709238,群聯國泰5C購01,2026-07-20,0.57,-0.01,-1.72,50000000,0,綠增,否,,0.82,0.99,1.23,,-28.8194,-24.6177,-10.5416
709241,富喬富邦5B購02,2026-07-20,0.18,-0.04,-18.18,20000000,0,,否,,0.34,0.45,0.47,,-39.5018,-14.0952,-15.4405
709245,威剛元大5B購15,2026-07-20,1.78,-0.54,-23.28,8000000,0,綠增,否,,2.46,2.63,2.92,,-12.4733,-9.2446,-6.4661
709246,原相元大5B購03,2026-07-20,0.57,0.02,3.64,917000000,0,綠增,否,,0.78,1.08,1.19,,-43.2314,-22.013,-8.2308
709248,富喬元大5B購03,2026-07-20,0.57,-0.26,-31.33,372000000,0,綠增,是,,1.01,1.2,1.24,,-26.9841,-12.4818,-14.3496
709249,富喬元大5B購04,2026-07-20,0.24,-0.06,-20.0,350000000,0,綠增,是,,0.38,0.51,0.55,,-39.9371,-18.4295,-7.2218
709252,新盛力元大5B購06,2026-07-20,0.83,-0.29,-25.89,23000000,0,綠增,否,,1.63,2.06,2.29,,-34.5659,-18.4304,-12.2582
709253,新盛力元大5B購07,2026-07-20,1.4,0.06,4.48,151000000,0,綠增,否,,1.82,2.24,2.39,,-31.5038,-12.4267,-7.3874
709254,群聯元大5B購17,2026-07-20,2.77,-0.57,-17.07,44000000,0,,否,,4.18,5.03,6.26,,-28.9116,-25.26,-17.43
709255,群聯元大5B購18,2026-07-20,0.53,0.0,0.0,495000000,0,,是,,0.81,0.97,1.16,,-27.3214,-22.3917,
709257,擎亞元大5B購09,2026-07-20,0.89,-0.11,-11.0,5000000,0,綠增,否,,1.37,1.59,1.48,,-24.6696,-7.7101,3.2821
709258,中美晶群益5B購05,2026-07-20,13.2,-0.5,-3.65,6000000,0,紅縮,否,,14.5,12.09,9.39,,49.7934,50.3731,36.6116
709259,均豪群益5B購05,2026-07-20,0.73,-0.43,-37.07,61000000,0,綠增,否,,1.21,1.55,1.55,,-36.3924,-11.875,-5.6146
709260,富喬群益5B購02,2026-07-20,0.27,-0.18,-40.0,40000000,0,,否,,0.79,0.83,0.86,,-9.611,1.5873,
709261,勤凱群益5B購03,2026-07-20,0.21,-0.13,-38.24,2000000,0,,否,,0.6,0.76,1.24,,-34.9345,-36.8948,
709262,新盛力群益63購01,2026-07-20,0.83,-0.28,-25.23,864000000,0,綠增,是,,1.3,1.58,1.72,,-30.5882,-13.1579,-8.3888
709264,群聯群益5B購08,2026-07-20,1.49,-0.13,-8.02,443000000,0,綠增,否,,2.2,2.69,3.37,,-30.7741,-25.0557,-10.8212
709266,雙鴻群益5B購09,2026-07-20,0.52,-0.14,-21.21,10000000,0,,否,,0.66,0.87,,,-39.4834,-35.9823,
709267,方土昶永豐5C購01,2026-07-20,0.44,-0.07,-13.73,70000000,0,綠增,否,,0.6,0.63,0.79,,-9.0361,-14.6703,-11.4302
709268,茂達永豐63購01,2026-07-20,0.68,-0.06,-8.11,32000000,0,,否,,0.91,1.14,1.09,,-34.4428,-9.422,
709272,台半凱基5B購02,2026-07-20,0.54,-0.29,-34.94,40000000,0,,否,,1.74,1.89,1.57,,-14.6771,9.9245,
709279,萬泰科凱基5B購02,2026-07-20,0.25,-0.04,-13.79,10000000,0,,否,,0.47,0.59,0.61,,-32.7635,-13.1657,-14.663
709280,精材凱基5B購09,2026-07-20,1.3,-0.18,-12.16,72000000,0,紅縮,否,,1.55,1.29,1.0,,51.1719,34.8008,35.9566
709281,大中台新5B購02,2026-07-20,1.17,-0.5,-29.94,2000000,0,紅轉綠,否,,2.96,3.23,2.7,,-15.4286,2.4421,13.5982
709284,艾訊台新5B購03,2026-07-20,0.86,-0.14,-14.0,15000000,0,,否,,1.13,1.31,1.4,,-24.2627,-10.3283,
709287,南俊台新5B購01,2026-07-20,0.69,-0.09,-11.54,120000000,0,綠增,是,,1.11,1.36,1.4,,-30.375,-17.3065,-2.1974
709288,南俊台新5B購02,2026-07-20,0.54,-0.16,-22.86,88000000,0,綠增,是,,0.98,1.24,1.32,,-35.1459,-21.1795,-4.5504
709289,順達台新5B購06,2026-07-20,1.09,-0.27,-19.85,480000000,0,紅轉綠,否,,1.81,1.79,1.84,,3.303,4.0816,-0.5145
709291,臺慶科台新5B購06,2026-07-20,0.87,-0.14,-13.86,29000000,0,綠增,否,,1.38,1.88,2.48,,-41.6878,-29.7378,-11.0036
709292,臺慶科台新5B購07,2026-07-20,0.79,-0.3,-27.52,74000000,0,綠增,否,,1.49,2.06,2.77,,-43.0206,-29.9762,-12.1928
709293,群聯兆豐65購03,2026-07-20,0.42,-0.04,-8.7,1053000000,0,綠增,是,,0.58,0.66,0.76,,-21.9512,-17.1501,-7.0509
709294,中美晶元大5B購06,2026-07-20,1.63,-0.38,-18.91,4000000,0,紅縮,否,,2.02,1.66,1.25,,53.8931,55.4206,40.1124
709295,方土昶元大5B購01,2026-07-20,0.77,-0.23,-23.0,40000000,0,,是,,1.12,1.46,1.7,,-37.6392,-21.1892,
709296,世界元大5B購04,2026-07-20,1.06,-0.32,-23.19,669000000,0,,是,,1.44,1.69,,,-25.7497,-9.1644,
709299,華容元大5B購01,2026-07-20,3.8,-1.35,-26.21,1000000,0,,否,,6.95,5.85,3.96,,46.4391,64.5007,
709300,群聯元大61購07,2026-07-20,0.47,-0.02,-4.08,455000000,0,綠增,是,,0.61,0.69,0.8,,-21.134,-18.4489,-9.2551
709301,聖暉*元大5B購05,2026-07-20,2.0,-0.21,-9.5,48000000,0,綠增,否,,2.23,2.7,2.51,,-29.7348,-9.4054,6.9134
709304,鑫科元大5B購02,2026-07-20,0.71,-0.1,-12.35,5000000,0,,否,,1.19,1.17,,,2.4138,-3.2152,
709305,鑫科元大5B購03,2026-07-20,0.49,-0.09,-15.52,6000000,0,,否,,0.69,0.77,,,-20.2326,-16.1605,
709306,久元群益65購01,2026-07-20,0.31,-0.06,-16.22,10000000,0,,否,,0.4,0.43,0.55,,-14.6552,-13.4809,
709307,中美晶群益5B購06,2026-07-20,5.4,-0.45,-7.69,166000000,0,紅縮,否,,6.29,5.11,3.88,,59.8577,59.0669,41.6286
709308,世界群益5C購02,2026-07-20,0.67,-0.24,-26.37,115000000,0,綠增,否,,0.96,1.12,1.29,,-25.3106,-25.4967,0.5471
709309,南俊群益5B購01,2026-07-20,0.4,-0.16,-28.57,45000000,0,綠增,否,,0.77,0.95,1.03,,-31.794,-21.7355,-6.051
709310,茂達群益5B購02,2026-07-20,0.52,-0.34,-39.53,50000000,0,,否,,1.21,1.54,1.34,,-35.439,-4.5934,-0.2601
709312,群聯群益5B購09,2026-07-20,0.33,-0.04,-10.81,895000000,0,綠增,否,,0.6,0.8,1.1,,-39.5582,-32.3455,-14.5124
709313,精材群益5B購09,2026-07-20,2.73,-0.26,-8.7,95000000,0,紅縮,是,,3.2,2.65,2.06,,52.381,34.3813,30.8082
709318,群聯永豐5C購06,2026-07-20,0.32,-0.03,-8.57,31000000,0,綠增,否,,0.48,0.59,0.74,,-30.5476,-25.4753,-10.5868
709319,群聯永豐5C購07,2026-07-20,0.28,-0.05,-15.15,100000000,0,,否,,0.42,0.53,0.6,,-34.6749,-19.94,
709321,沛亨元大5B購03,2026-07-20,0.29,-0.08,-21.62,5000000,0,,否,,0.48,0.71,,,-48.2906,-28.5714,
709326,朋程元大5B購01,2026-07-20,0.35,0.0,0.0,44000000,0,綠增,否,,0.48,0.63,0.68,,-38.8325,-22.7494,-3.0021
709328,富喬元大61購03,2026-07-20,0.46,-0.12,-20.69,10000000,0,綠增,否,,0.66,0.8,0.84,,-29.4872,-13.8229,-5.1675
709331,朋程富邦61購01,2026-07-20,0.31,-0.04,-11.43,198000000,0,,是,,0.46,0.6,0.66,,-38.0054,-20.8169,
709332,順達富邦61購01,2026-07-20,0.35,-0.15,-30.0,244000000,0,紅轉綠,是,,0.55,0.55,0.57,,1.0949,3.3771,-3.7068
709333,大中群益5B購01,2026-07-20,1.99,0.51,34.46,19000000,0,綠增,否,,1.94,2.11,1.76,,-15.3846,3.7328,13.9429
709334,大中群益5B購02,2026-07-20,1.0,-0.15,-13.04,10000000,0,,否,,1.6,2.16,1.96,,-41.3363,-10.3691,
709342,順達群益5B購04,2026-07-20,0.46,-0.16,-25.81,21000000,0,,否,,0.83,0.86,0.94,,-6.7114,-1.5945,
709344,漢科群益5B購01,2026-07-20,0.74,-0.15,-16.85,68000000,0,,否,,0.89,0.99,1.01,,-17.6796,-6.5156,
709345,精材群益5B購10,2026-07-20,4.06,-0.52,-11.35,8000000,0,,否,,4.74,4.04,3.19,,41.2045,28.5351,
709349,順達凱基5B購04,2026-07-20,0.23,-0.11,-32.35,339000000,0,,否,,0.48,0.48,,,-1.2397,-15.4657,
709350,群聯凱基5B購09,2026-07-20,0.31,0.0,0.0,164000000,0,綠增,否,,0.5,0.63,0.85,,-34.6354,-32.5186,-20.151
709351,聖暉*凱基5B購05,2026-07-20,1.21,-0.14,-10.37,32000000,0,,否,,1.62,1.9,1.72,,-25.8005,-3.252,
709355,台半台新5B購05,2026-07-20,0.61,-0.19,-23.75,507000000,0,,是,,1.56,2.05,1.95,,-38.2609,-17.166,0.0257
709364,宏捷科凱基5B購02,2026-07-20,0.09,-0.01,-10.0,237000000,0,綠縮,是,,0.15,0.21,0.34,,-46.7626,-35.061,-22.4138
709365,長科*凱基5B購01,2026-07-20,0.89,-0.12,-11.88,20000000,0,,否,,1.42,1.87,2.22,,-38.7208,-25.9524,
709366,富喬凱基62購01,2026-07-20,0.31,-0.06,-16.22,1000000,0,,否,,0.51,0.63,0.69,,-32.626,-15.9787,
709367,萊德光凱基5B購01,2026-07-20,0.24,0.08,50.0,62000000,0,紅增,否,,0.23,0.24,0.33,,-10.1563,-9.6654,-28.5403
709368,萊德光凱基5B購02,2026-07-20,0.22,-0.02,-8.33,100000000,0,紅縮,否,,0.29,0.27,0.38,,12.4031,-7.7441,-26.8151
709369,順達凱基5B購05,2026-07-20,0.22,-0.08,-26.67,189000000,0,,否,,0.43,0.45,,,-8.9362,-9.6579,
709370,勤凱凱基5B購05,2026-07-20,0.09,-0.05,-35.71,125000000,0,,否,,0.23,0.32,0.59,,-44.335,-46.8013,
709372,聖暉*凱基5B購06,2026-07-20,0.73,-0.05,-6.41,84000000,0,,是,,0.97,1.26,1.21,,-36.8353,-13.4801,
709373,漢科凱基5B購01,2026-07-20,0.44,-0.07,-13.73,963000000,0,,是,,0.57,0.6,,,-9.5238,,
709374,廣穎凱基5B購03,2026-07-20,0.66,-0.05,-7.04,19000000,0,,否,,0.89,1.02,1.39,,-23.3161,-25.8696,-10.2448
709382,廣穎台新5B購02,2026-07-20,1.06,-0.3,-22.06,43000000,0,,是,,1.59,1.79,,,-19.596,,
709386,長科*元大5B購01,2026-07-20,1.41,-0.41,-22.53,10000000,0,,否,,3.13,3.48,,,-18.0439,-3.3343,
709389,群聯元大5B購19,2026-07-20,0.43,-0.04,-8.51,455000000,0,,是,,0.7,0.91,,,-37.6344,-20.6655,
709390,群聯元大63購04,2026-07-20,0.37,0.0,0.0,628000000,0,綠增,是,,0.48,0.54,0.66,,-21.9672,-21.1901,-10.1488
709391,聖暉*元大5B購06,2026-07-20,0.91,-0.11,-10.78,6000000,0,,否,,1.1,1.37,1.23,,-32.4357,-10.1116,
709392,佳邦富邦5B購01,2026-07-20,0.16,-0.01,-5.88,100000000,0,,否,,0.26,0.34,0.39,,-40.1869,-17.3913,-15.8798
709393,精材富邦5B購03,2026-07-20,1.56,-0.11,-6.59,8000000,0,紅縮,否,,1.87,1.54,1.19,,54.876,38.0483,37.3918
709394,台半群益62購01,2026-07-20,0.42,-0.18,-30.0,1000000,0,,否,,1.12,1.2,,,-12.3631,,
709395,聖暉*群益5B購03,2026-07-20,1.09,-0.11,-9.17,471000000,0,,是,,1.52,1.94,1.89,,-35.533,-10.989,1.6407
709398,威聯通國泰5C購01,2026-07-20,0.6,-0.08,-11.76,10000000,0,,否,,0.77,0.91,1.15,,-26.945,-21.9178,
709403,萊德光永豐5C購01,2026-07-20,0.25,-0.02,-7.41,101000000,0,,否,,0.34,0.32,0.51,,12.7517,-25.7611,-23.6882
709405,群聯永豐5B購01,2026-07-20,0.22,-0.02,-8.33,60000000,0,,否,,0.36,0.43,0.49,,-26.9076,-20.9174,-13.7631
709407,久元元大5C購01,2026-07-20,0.3,-0.06,-16.67,45000000,0,,是,,0.41,0.5,0.53,,-29.4521,-11.2299,
709408,中美晶元大5C購03,2026-07-20,3.34,0.02,0.6,121000000,0,,否,,3.5,2.86,2.08,,57.7477,58.0663,43.6722
709409,世界元大5C購02,2026-07-20,1.36,-0.4,-22.73,33000000,0,,否,,1.86,2.13,2.1,,-22.9685,-16.7966,5.5318
709411,良維元大5C購02,2026-07-20,0.25,-0.07,-21.88,20000000,0,,否,,0.45,0.67,0.83,,-49.3243,-25.9956,
709413,富喬元大5C購03,2026-07-20,0.34,-0.06,-15.0,3000000,0,,否,,0.54,0.68,,,-33.4975,-13.8853,
709414,順達元大5C購02,2026-07-20,0.86,-0.34,-28.33,128000000,0,,否,,1.44,1.44,1.48,,-0.1387,-2.7009,
709416,群聯元大5C購03,2026-07-20,2.11,-0.14,-6.22,166000000,0,,是,,3.11,3.83,4.95,,-31.6645,-28.0458,-11.512
709418,中美晶永豐64購01,2026-07-20,1.44,-0.17,-10.56,31000000,0,,否,,1.67,1.45,,,37.0492,33.3948,
709422,臺慶科永豐66購01,2026-07-20,0.42,-0.05,-10.64,70000000,0,,是,,0.55,0.73,0.86,,-39.738,-25.1784,
709423,廣穎永豐61購02,2026-07-20,0.49,-0.06,-10.91,4000000,0,,否,,0.65,0.73,,,-18.25,,
709424,台半凱基5C購02,2026-07-20,0.4,0.06,17.65,10000000,0,,否,,0.84,1.06,0.92,,-35.0932,-12.3762,
709425,巨漢凱基5C購01,2026-07-20,0.38,-0.09,-19.15,186000000,0,,是,,0.49,0.56,,,-21.4058,,
709433,勤凱凱基62購01,2026-07-20,0.17,-0.04,-19.05,2000000,0,,否,,0.27,0.36,0.48,,-40.2655,-23.8397,-20.5298
709434,群聯凱基66購01,2026-07-20,0.35,-0.02,-5.41,1472000000,0,綠增,是,,0.47,0.54,0.64,,-24.3507,-20.324,-8.9689
709435,廣穎凱基5C購01,2026-07-20,0.45,-0.07,-13.46,353000000,0,,是,,0.68,0.79,1.09,,-23.1461,-24.9762,-12.88
709436,巨漢台新5C購01,2026-07-20,0.68,-0.38,-35.85,382000000,0,,否,,0.98,1.04,1.13,,-10.0548,-7.5623,
709437,巨漢台新5C購02,2026-07-20,0.67,-0.15,-18.29,100000000,0,,否,,0.97,1.11,,,-22.6837,-14.0867,
709438,湧德台新61購01,2026-07-20,0.83,-0.24,-22.43,47000000,0,,是,,1.28,1.38,1.51,,-13.1615,-6.8966,
709443,台半群益5C購01,2026-07-20,0.48,-0.26,-35.14,15000000,0,綠增,否,,1.14,1.72,1.7,,-50.1742,-16.8279,3.5965
709444,台特化群益5C購02,2026-07-20,1.06,-0.26,-19.7,10000000,0,,否,,1.81,2.14,,,-26.8174,-19.5799,
709445,立敦群益5C購01,2026-07-20,0.29,-0.11,-27.5,130000000,0,,否,,0.46,0.56,0.64,,-28.8344,-21.7391,-6.6038
709446,勤凱群益5C購01,2026-07-20,0.11,-0.02,-15.38,20000000,0,,否,,0.2,0.28,0.4,,-45.6044,-29.75,-25.5319
709447,廣穎群益5C購01,2026-07-20,0.6,-0.08,-11.76,48000000,0,,否,,0.87,1.01,1.39,,-24.4328,-27.7818,
709448,雙鴻群益5C購01,2026-07-20,0.97,-0.18,-15.65,43000000,0,,否,,1.2,1.51,1.76,,-33.6645,-21.2644,
709449,聖暉*國泰61購01,2026-07-20,1.21,-0.06,-4.72,20000000,0,,是,,1.57,1.69,1.61,,-12.9712,-2.9344,
709450,雙鴻國泰61購02,2026-07-20,0.65,-0.18,-21.69,748000000,0,綠增,是,,0.77,0.95,1.15,,-32.5704,-20.5514,-13.2281
709452,台半富邦64購01,2026-07-20,0.35,-0.05,-12.5,140000000,0,,否,,0.59,0.78,0.77,,-39.4628,-12.4014,
709453,台半富邦66購01,2026-07-20,0.34,-0.09,-20.93,273000000,0,,是,,0.59,0.79,0.77,,-40.4427,-13.0482,1.5789
709455,宏捷科富邦66購02,2026-07-20,0.26,-0.04,-13.33,73000000,0,,否,,0.36,0.43,0.51,,-26.5306,-20.2627,
709456,長科*富邦63購01,2026-07-20,0.9,-0.11,-10.89,33000000,0,,否,,1.22,1.49,,,-30.6378,-15.8461,
709459,智通*富邦64購01,2026-07-20,1.45,-0.02,-1.36,451000000,0,,是,,1.5,1.47,1.37,,4.3175,6.5359,
709460,智通*富邦66購01,2026-07-20,0.82,-0.05,-5.75,77000000,0,,否,,0.89,0.85,,,9.3137,,
709461,閎康富邦66購01,2026-07-20,0.4,-0.01,-2.44,96000000,0,,是,,0.49,0.57,,,-25.8359,-14.9852,
709462,鈊象富邦66購01,2026-07-20,0.92,0.06,6.98,253000000,0,,是,,0.94,1.07,,,-21.797,-11.6337,
709463,群聯富邦64購01,2026-07-20,0.4,-0.03,-6.98,322000000,0,,否,,0.53,0.63,0.71,,-28.1421,-18.6287,
709464,雙鴻富邦64購01,2026-07-20,0.9,-0.02,-2.17,11000000,0,,否,,1.04,1.13,,,-14.7541,-7.9055,
709465,台半國票61購02,2026-07-20,0.27,-0.05,-15.62,373000000,0,綠增,是,,0.5,0.78,0.75,,-53.0957,-14.9837,3.6831
709466,台半國票61購03,2026-07-20,0.28,-0.09,-24.32,1741000000,0,,是,,0.56,0.8,,,-45.8574,-15.7895,
709467,佳邦國票61購01,2026-07-20,0.16,-0.02,-11.11,200000000,0,,是,,0.33,0.36,0.42,,-15.2284,-14.7541,
709468,佳邦國票61購02,2026-07-20,0.13,-0.03,-18.75,226000000,0,,否,,0.21,0.28,0.31,,-36.6864,-15.8537,-11.9215
709469,萊德光國票61購01,2026-07-20,0.2,-0.02,-9.09,165000000,0,,是,,0.27,0.26,0.39,,5.5556,-17.7778,-21.144
709470,順達國票61購01,2026-07-20,0.41,-0.21,-33.87,51000000,0,,否,,0.6,0.7,,,-25.25,-6.3003,
709471,中美晶群益62購02,2026-07-20,1.52,-0.19,-11.11,601000000,0,,是,,1.82,1.52,1.16,,51.2438,53.4954,36.7335
709474,茂綸群益62購01,2026-07-20,0.81,-0.26,-24.3,62000000,0,,否,,1.28,1.44,,,-20.7196,-15.05,
709475,振曜群益5C購01,2026-07-20,0.72,-0.13,-15.29,23000000,0,,否,,0.92,0.99,,,-12.5475,8.3516,
709476,創惟群益5C購01,2026-07-20,0.55,-0.11,-16.67,7000000,0,,否,,0.92,1.09,1.27,,-26.9841,-20.205,
709477,群聯群益5C購02,2026-07-20,0.46,0.19,70.37,13000000,0,,否,,0.69,0.91,1.23,,-38.8988,-30.9216,-15.3634
709478,鈊象國泰61購01,2026-07-20,1.37,0.03,2.24,217000000,0,,否,,1.59,1.77,1.89,,-18.4156,-8.4069,
709481,欣銓永豐64購01,2026-07-20,0.61,-0.16,-20.78,1000000,0,,否,,0.81,0.95,0.95,,-25.8242,-6.856,
709482,達航永豐61購01,2026-07-20,0.22,-0.02,-8.33,11000000,0,,否,,0.32,0.4,0.52,,-35.7724,-31.9865,
709486,順達富邦61購02,2026-07-20,0.48,-0.14,-22.58,342000000,0,,是,,0.74,0.75,0.8,,-2.3684,-0.7926,-5.0656
709487,漢科富邦66購01,2026-07-20,0.68,-0.05,-6.85,1151000000,0,,是,,0.74,0.77,,,-6.0606,-1.4121,
709489,璟德富邦66購01,2026-07-20,0.22,-0.03,-12.0,6000000,0,,否,,0.28,0.38,,,-41.4226,-36.6221,
709491,中美晶凱基5C購02,2026-07-20,1.8,-0.19,-9.55,95000000,0,,否,,2.08,1.69,1.21,,59.7542,62.1285,
709492,立敦凱基5C購01,2026-07-20,0.32,-0.18,-36.0,1000000,0,,否,,0.54,0.7,0.79,,-35.8491,-23.9344,
709493,良維凱基64購01,2026-07-20,0.2,0.01,5.26,60000000,0,,否,,0.28,0.38,0.44,,-42.7984,-22.5152,-14.4231
709495,能率亞凱基5C購01,2026-07-20,0.58,-0.24,-29.27,23000000,0,,否,,0.74,0.82,,,-17.0022,,
709497,華容凱基5C購02,2026-07-20,1.7,-0.47,-21.66,16000000,0,,是,,3.54,3.53,2.52,,0.5114,29.2674,
709499,廣穎凱基61購01,2026-07-20,0.35,-0.05,-12.5,2000000,0,,否,,0.52,0.59,0.81,,-21.0366,-23.6671,
709500,中美晶台新63購01,2026-07-20,2.99,0.07,2.4,30000000,0,,否,,3.11,2.44,1.85,,76.5306,49.357,
709501,立敦台新5C購01,2026-07-20,0.78,-0.43,-35.54,191000000,0,,否,,1.24,1.48,1.63,,-27.1663,-18.3628,-4.3248
709503,南俊台新5C購01,2026-07-20,0.43,-0.13,-23.21,53000000,0,,否,,0.79,1.01,1.07,,-35.2365,-20.7843,-4.7661
709504,聖暉*台新5C購01,2026-07-20,1.55,-0.16,-9.36,25000000,0,,是,,2.03,2.46,2.42,,-30.1379,-11.3391,
709505,精材台新5C購02,2026-07-20,3.39,-0.84,-19.86,16000000,0,,否,,3.57,3.07,2.4,,38.7422,30.2414,
709506,精材台新5C購03,2026-07-20,3.32,-0.14,-4.05,45000000,0,,否,,3.74,3.15,2.41,,46.4789,35.7759,
709510,朋程元大5C購01,2026-07-20,0.27,-0.17,-38.64,40000000,0,,否,,0.78,0.8,0.83,,-3.9216,-14.3469,
709511,長科*元大5C購01,2026-07-20,1.13,-0.2,-15.04,81000000,0,,否,,1.66,2.05,,,-31.7734,-18.04,
709512,富喬元大61購04,2026-07-20,0.3,-0.1,-25.0,48000000,0,,否,,0.49,0.63,0.63,,-37.0466,-14.654,-7.3475
709514,順達元大5C購03,2026-07-20,0.54,-0.15,-21.74,958000000,0,,否,,0.82,0.82,,,2.2333,-1.8072,
709515,順達元大64購05,2026-07-20,1.09,-0.22,-16.79,242000000,0,,是,,1.5,1.46,,,4.7619,-1.0825,
709516,群聯元大61購09,2026-07-20,0.42,-0.09,-17.65,496000000,0,,否,,0.69,0.89,,,-36.3469,-16.2417,
709518,中美晶富邦62購01,2026-07-20,1.49,-0.05,-3.25,20000000,0,,否,,1.7,1.43,1.09,,45.6261,49.4781,
709519,世界凱基5C購04,2026-07-20,0.35,-0.16,-31.37,324000000,0,,否,,0.59,0.81,,,-42.3002,-12.635,
709520,世紀*凱基5C購01,2026-07-20,0.48,-0.05,-9.43,10000000,0,,否,,0.7,0.8,,,-22.3451,2.8169,
709525,宜特凱基61購02,2026-07-20,0.41,-0.06,-12.77,42000000,0,,否,,0.56,0.67,,,-29.1878,-15.1324,
709526,長科*凱基5C購01,2026-07-20,0.37,-0.23,-38.33,691000000,0,,是,,0.68,0.97,1.16,,-45.28,-22.3917,-10.4795
709528,順達凱基64購02,2026-07-20,0.6,-0.1,-14.29,30000000,0,,否,,0.84,0.83,0.85,,2.451,-1.432,
709529,群聯凱基5C購03,2026-07-20,0.16,-0.01,-5.88,24000000,0,,否,,0.25,0.35,0.48,,-45.8515,-34.5083,
709530,大綜台新5C購01,2026-07-20,1.19,-0.12,-9.16,20000000,0,,否,,1.76,3.0,,,-58.6044,-24.0759,
709532,萊德光台新5C購01,2026-07-20,0.28,-0.01,-3.45,1169000000,0,,是,,0.38,0.34,0.48,,22.0779,-6.044,-25.4277
709534,台半永豐61購02,2026-07-20,0.39,-0.17,-30.36,8000000,0,,否,,0.76,0.9,,,-26.2548,2.3891,
709537,雙鴻永豐64購02,2026-07-20,0.54,-0.05,-8.47,64000000,0,,否,,0.59,0.7,,,-26.6169,-18.6698,
709539,中美晶元大5C購04,2026-07-20,2.08,-0.2,-8.77,53000000,0,,否,,2.3,1.92,1.47,,48.5123,52.7027,
709540,世界元大5C購03,2026-07-20,1.12,-0.29,-20.57,17000000,0,,否,,1.51,1.73,,,-21.7975,-17.147,
709544,台半元大66購02,2026-07-20,0.9,-0.28,-23.73,1000000,0,,否,,1.76,1.51,,,39.6197,,
709545,良維元大5C購03,2026-07-20,0.11,-0.02,-15.38,15000000,0,,否,,0.21,0.32,0.38,,-51.6432,-26.3403,
709546,欣銓元大5C購01,2026-07-20,0.51,-0.09,-15.0,10000000,0,,否,,0.65,0.76,0.74,,-25.2874,-3.4307,
709547,長科*元大5C購02,2026-07-20,1.24,-0.23,-15.65,104000000,0,,否,,1.77,2.17,,,-31.4729,-17.2755,
709548,長科*元大5C購03,2026-07-20,1.33,-0.12,-8.28,424000000,0,,是,,1.84,2.22,,,-29.4389,-19.9495,
709549,長科*元大66購01,2026-07-20,0.97,-0.06,-5.83,650000000,0,,是,,1.23,1.43,,,-25.122,-11.3173,
709550,富喬元大61購05,2026-07-20,0.23,-0.06,-20.69,4000000,0,,否,,0.42,0.51,0.52,,-28.8591,-10.683,
709551,順達元大5C購04,2026-07-20,0.48,-0.16,-25.0,616000000,0,,否,,0.78,0.8,,,-4.89,-3.5067,
709552,順達元大64購06,2026-07-20,0.89,-0.28,-23.93,89000000,0,,否,,1.25,1.24,1.24,,0.6462,-1.8182,
709553,群聯元大61購10,2026-07-20,0.41,-0.03,-6.82,50000000,0,,否,,0.64,0.76,0.9,,-26.3761,-23.7664,
709555,方土昶群益5C購01,2026-07-20,0.37,-0.09,-19.57,482000000,0,,否,,0.54,0.56,0.7,,-3.8869,-14.3519,-11.3996
709556,世界群益5C購03,2026-07-20,0.7,-0.31,-30.69,339000000,0,,是,,1.12,1.36,1.57,,-29.434,-28.7066,
709559,系微群益5C購01,2026-07-20,0.34,-0.05,-12.82,30000000,0,,是,,0.65,0.89,,,-43.058,,
709560,長科*群益61購01,2026-07-20,0.61,-0.19,-23.75,451000000,0,,是,,0.96,1.23,1.45,,-36.4721,-18.6139,-9.6022
709561,南俊群益5C購01,2026-07-20,0.47,-0.13,-21.67,23000000,0,,否,,0.8,0.97,1.02,,-30.0699,-17.9054,-3.9418
709563,群聯群益5C購03,2026-07-20,0.3,-0.25,-45.45,5000000,0,,否,,0.94,,,,,,
709564,臺慶科群益5C購01,2026-07-20,0.31,-0.08,-20.51,10000000,0,,否,,0.55,0.78,1.08,,-45.7426,-32.0837,-14.5072
709567,方土昶凱基5C購02,2026-07-20,0.26,-0.04,-13.33,30000000,0,,否,,0.37,0.41,0.53,,-18.4211,-23.6162,
709570,聰泰凱基5C購01,2026-07-20,0.32,-0.05,-13.51,30000000,0,,否,,0.54,0.62,,,-22.5714,,
709574,良維富邦61購02,2026-07-20,0.18,0.0,0.0,151000000,0,,是,,0.31,0.4,,,-37.247,-20.2381,
709575,群聯富邦63購01,2026-07-20,0.25,-0.02,-7.41,490000000,0,,是,,0.42,0.51,,,-29.5302,-10.7206,
709576,雙鴻富邦62購01,2026-07-20,0.33,-0.05,-13.16,1054000000,0,,是,,0.41,0.46,0.52,,-21.5385,-15.4827,
709579,中美晶元大5C購05,2026-07-20,3.19,-0.14,-4.2,151000000,0,,是,,3.33,2.84,,,40.8129,41.0714,
709580,世界元大5C購04,2026-07-20,1.05,-0.32,-23.36,645000000,0,,是,,1.4,1.61,1.42,,-23.136,-1.9453,
709581,世界元大64購06,2026-07-20,0.64,-0.15,-18.99,511000000,0,,是,,0.79,0.93,0.87,,-25.5159,-11.597,
709584,宏觀元大5C購03,2026-07-20,0.35,-0.14,-28.57,672000000,0,,是,,0.54,0.67,,,-32.8321,-22.5319,
709585,威剛元大5C購01,2026-07-20,0.27,-0.05,-15.62,2000000,0,,否,,0.42,0.49,,,-25.3571,,
709587,順達元大5C購05,2026-07-20,1.21,-0.44,-26.67,202000000,0,,是,,1.98,1.96,,,1.7508,-0.7096,
709588,群聯元大61購11,2026-07-20,0.25,-0.01,-3.85,30000000,0,,否,,0.34,0.42,0.5,,-30.4878,-25.4025,
709591,威剛群益5C購03,2026-07-20,0.5,-0.27,-35.06,32000000,0,,否,,0.94,1.04,,,-17.6573,-17.6796,
709596,群聯國票61購04,2026-07-20,0.38,-0.04,-9.52,863000000,0,,是,,0.58,0.77,,,-39.2034,-20.4357,
709598,磐亞國票61購01,2026-07-20,2.46,-0.29,-10.55,281000000,0,,否,,2.66,2.44,1.8,,19.802,34.0285,
709601,世界元大5C購05,2026-07-20,1.02,-0.29,-22.14,11000000,0,,否,,1.37,1.57,,,-21.9318,-10.4059,
709602,世界元大64購07,2026-07-20,1.02,-0.23,-18.4,395000000,0,,是,,1.28,1.41,1.34,,-16.2092,-11.4052,
709603,世界元大66購02,2026-07-20,0.63,-0.14,-18.18,31000000,0,,否,,0.79,0.9,,,-21.5139,,
709605,威剛元大5C購02,2026-07-20,1.1,0.0,0.0,40000000,0,,否,,1.46,1.52,,,-8.3123,-8.9168,
709607,群聯元大5C購04,2026-07-20,0.5,-0.08,-13.79,706000000,0,,是,,0.72,0.86,1.06,,-27.9441,-23.1729,
709608,群聯元大5C購05,2026-07-20,0.4,-0.11,-21.57,494000000,0,,是,,0.65,0.77,0.95,,-27.9018,-24.1142,
709609,群聯元大61購12,2026-07-20,0.3,-0.03,-9.09,11000000,0,,否,,0.43,0.5,0.58,,-24.3816,-19.9678,
709610,群聯元大64購05,2026-07-20,0.38,0.0,0.0,496000000,0,,是,,0.61,0.68,,,-19.1489,,
709611,磐亞元大5C購01,2026-07-20,4.94,-1.51,-23.41,2000000,0,,否,,5.47,4.26,,,79.5276,,
709612,系統電富邦61購02,2026-07-20,0.13,-0.02,-13.33,11000000,0,,否,,0.3,,,,,,
709615,方土昶凱基5C購03,2026-07-20,0.32,-0.07,-17.95,20000000,0,,否,,0.51,0.65,,,-34.5269,,
709617,磐亞凱基5C購01,2026-07-20,3.8,0.0,0.0,11000000,0,,否,,3.76,3.36,2.34,,27.1313,45.8931,
709619,大綜台新5C購02,2026-07-20,0.98,-0.4,-28.99,20000000,0,,否,,,,,,,,
709623,精材台新62購01,2026-07-20,2.86,-0.29,-9.21,43000000,0,,否,,3.49,2.95,2.32,,44.9336,33.0176,
709626,威剛群益5C購04,2026-07-20,0.54,-0.16,-22.86,24000000,0,,,,,,,,,,
709629,方土昶永豐63購01,2026-07-20,0.36,-0.11,-23.4,210000000,0,,是,,0.49,0.58,,,-27.2997,-19.6133,
709634,群聯永豐5C購08,2026-07-20,0.58,-0.08,-12.12,114000000,0,,否,,0.88,1.09,,,-31.8952,-23.5459,
709635,雙鴻群益5C購03,2026-07-20,0.66,-0.17,-20.48,18000000,0,,否,,0.8,1.02,1.26,,-36.32,-22.5587,
709636,大綜國票5C購01,2026-07-20,0.51,-0.04,-7.27,157000000,0,,是,,0.65,0.72,1.27,,-17.602,-38.1488,
709640,家登國票5C購01,2026-07-20,0.61,-0.18,-22.78,20000000,0,,否,,1.02,,,,,,
709645,伍豐凱基5C購01,2026-07-20,0.17,-0.01,-5.56,3000000,0,,否,,0.24,,,,,,
709648,威剛凱基5C購03,2026-07-20,0.3,-0.08,-21.05,168000000,0,,否,,0.42,0.45,0.5,,-13.3333,-10.2204,
709649,茂訊凱基5C購01,2026-07-20,0.63,-0.06,-8.7,20000000,0,,否,,0.79,0.87,,,-17.2269,-1.9166,
709650,富喬凱基5C購02,2026-07-20,0.32,-0.05,-13.51,130000000,0,,是,,0.51,0.62,,,-29.2011,-15.6463,
709652,雅特力凱基5C購02,2026-07-20,1.41,-0.63,-30.88,48000000,0,,否,,1.72,1.31,,,89.4273,74.0397,
709653,群聯凱基5C購04,2026-07-20,0.2,-0.01,-4.76,460000000,0,,是,,0.29,0.35,,,-28.3582,-24.8366,
709654,精確凱基5C購01,2026-07-20,0.36,-0.05,-12.2,60000000,0,,否,,0.52,0.63,0.7,,-28.2192,-13.7552,
709655,大綜台新5C購03,2026-07-20,0.76,-0.01,-1.3,10000000,0,,否,,0.75,0.82,,,-16.1074,,
709657,方土昶台新5C購01,2026-07-20,0.51,-0.16,-23.88,50000000,0,,否,,0.7,0.96,,,-42.3895,-23.6926,
709664,大綜元大5C購01,2026-07-20,0.38,-0.12,-24.0,11000000,0,,否,,0.42,0.52,,,-33.121,-47.1774,
709665,中美晶元大5C購07,2026-07-20,3.05,-0.08,-2.56,10000000,0,,否,,3.35,2.83,2.2,,45.6125,46.5526,
709668,威剛元大61購03,2026-07-20,0.4,-0.11,-21.57,30000000,0,,否,,0.58,0.64,0.69,,-15.6069,-10.5189,
709669,家登元大5C購04,2026-07-20,0.42,-0.11,-20.75,1000000,0,,否,,0.61,0.78,0.83,,-35.2442,-13.0045,
709672,群聯元大5C購08,2026-07-20,0.33,0.02,6.45,1000000,0,,否,,0.44,0.54,,,-29.9685,-22.5575,
709673,群聯元大66購05,2026-07-20,0.48,-0.04,-7.69,11000000,0,,否,,0.61,0.71,0.8,,-24.5658,-18.7356,
709674,聖暉*元大5C購05,2026-07-20,0.87,-0.01,-1.14,463000000,0,,是,,1.07,1.3,1.2,,-29.249,-6.8296,
709675,聖暉*元大5C購06,2026-07-20,0.7,-0.11,-13.58,25000000,0,,否,,0.85,1.07,1.04,,-34.6154,-10.2671,
709679,家登群益5C購01,2026-07-20,0.72,-0.19,-20.88,15000000,0,,否,,1.08,1.26,,,-25.6906,-11.2518,
709682,群聯群益5C購06,2026-07-20,1.55,-0.15,-8.82,45000000,0,,否,,2.1,2.6,3.06,,-31.8653,-24.2486,
709683,聖暉*群益5C購02,2026-07-20,1.01,-0.15,-12.93,29000000,0,,否,,1.22,1.68,1.72,,-43.1373,-15.8738,
709684,立端永豐64購01,2026-07-20,0.51,0.0,0.0,185000000,0,,是,,0.59,0.6,,,-5.4662,,
709685,威剛永豐6C購01,2026-07-20,0.82,-0.05,-5.75,2000000,0,,否,,1.0,1.02,,,-4.9618,,
709686,建榮永豐61購01,2026-07-20,0.38,-0.03,-7.32,12000000,0,,否,,0.53,0.74,,,-44.0252,-28.0464,
709692,立敦國票5C購01,2026-07-20,0.91,-0.54,-37.24,5000000,0,,否,,1.31,1.49,,,-21.3685,-15.1653,
709693,立敦國票5C購02,2026-07-20,0.94,-0.32,-25.4,93000000,0,,否,,1.3,1.5,1.61,,-23.1405,-15.415,
709695,光焱國票61購01,2026-07-20,0.36,-0.08,-18.18,20000000,0,,否,,0.45,0.51,,,-20.5674,,
709696,安勤國票61購01,2026-07-20,0.77,-0.04,-4.94,10000000,0,,否,,0.89,0.89,0.87,,-1.3363,-0.6682,
709698,邑昇國票61購01,2026-07-20,0.3,-0.02,-6.25,519000000,0,,,,,,,,,,
709701,博士旺國票5C購01,2026-07-20,0.15,-0.03,-16.67,932000000,0,,否,,0.25,0.38,0.5,,-50.0,-28.8136,
709705,雅特力國票61購01,2026-07-20,1.36,-0.25,-15.53,14000000,0,,否,,1.52,1.23,,,62.7409,49.6341,
709708,聚和國票61購01,2026-07-20,0.71,-0.1,-12.35,5000000,0,,否,,0.9,1.07,,,-26.6667,-2.2915,
709709,臺慶科國票61購02,2026-07-20,0.6,0.14,30.43,1000000,0,,否,,0.88,1.07,1.22,,-30.538,-20.9594,
709710,廣閎科國票61購01,2026-07-20,1.16,-0.16,-12.12,1114000000,0,,是,,2.36,2.33,,,2.4348,21.25,
709711,騰雲國票61購01,2026-07-20,0.72,-0.03,-4.0,35000000,0,,否,,0.66,0.65,,,4.088,,
709713,湧德國泰61購01,2026-07-20,0.3,-0.13,-30.23,21000000,0,,否,,0.54,0.58,,,-11.7264,,
709714,光焱台新5C購01,2026-07-20,0.66,-0.07,-9.59,449000000,0,,是,,0.78,,,,,,
709717,雅特力台新5C購01,2026-07-20,3.53,0.93,35.77,73000000,0,,否,,2.64,1.96,1.38,,108.0315,81.4471,
709718,雅特力台新5C購02,2026-07-20,2.25,-0.94,-29.47,5000000,0,,否,,2.33,1.75,1.19,,99.8285,89.1775,
709719,鈊象台新5C購02,2026-07-20,1.33,0.03,2.31,23000000,0,,是,,1.54,1.78,,,-24.1617,-10.492,
709724,中美晶元大5C購09,2026-07-20,2.1,-0.2,-8.7,5000000,0,,否,,2.37,2.03,1.6,,41.1415,44.239,
709730,富喬元大64購02,2026-07-20,0.62,-0.13,-17.33,27000000,0,,否,,0.85,1.0,,,-25.784,-9.1735,
709731,順達元大5C購06,2026-07-20,1.39,-0.21,-13.12,1188000000,0,,是,,1.94,1.98,1.99,,-3.3797,2.9136,
709732,鈊象元大5C購05,2026-07-20,1.54,0.17,12.41,674000000,0,,是,,1.72,1.9,,,-17.0685,-5.3393,
709736,群聯元大66購06,2026-07-20,0.55,-0.01,-1.79,672000000,0,,是,,0.69,0.77,,,-19.1038,-18.836,
709739,精材元大66購04,2026-07-20,3.3,-0.44,-11.76,22000000,0,,否,,3.76,3.3,2.71,,32.0675,22.4944,
709740,順達凱基5C購03,2026-07-20,0.36,-0.11,-23.4,20000000,0,,否,,0.6,0.61,,,-0.9868,-3.6624,
709742,聖暉*凱基5C購02,2026-07-20,0.59,-0.11,-15.71,6000000,0,,否,,0.72,0.97,,,-41.3115,-14.6384,
709745,宜鼎元大5C購05,2026-07-20,0.53,-0.04,-7.02,2655000000,0,,是,,0.72,0.89,1.17,,-32.2034,-22.7903,
709746,宜鼎元大61購04,2026-07-20,0.39,-0.06,-13.33,799000000,0,,否,,0.55,0.67,0.86,,-30.9824,-21.1516,
709747,廣閎科元大5C購01,2026-07-20,0.73,-0.33,-31.13,19000000,0,,是,,1.64,1.67,,,-3.5294,10.3038,
709748,宜鼎群益5C購01,2026-07-20,0.3,-0.06,-16.67,982000000,0,,是,,0.49,0.64,0.89,,-38.0711,-26.6667,
709749,宜鼎群益5C購02,2026-07-20,0.25,-0.05,-16.67,50000000,0,,否,,0.4,0.53,0.76,,-40.8955,-27.2851,
709750,宜鼎群益5C購03,2026-07-20,0.27,-0.09,-25.0,10000000,0,,否,,0.47,0.63,,,-40.1515,-28.3937,
709752,加高國票61購01,2026-07-20,0.48,-0.15,-23.81,37000000,0,,否,,0.74,0.97,1.05,,-38.6667,-13.879,
709753,宜鼎國票61購01,2026-07-20,0.47,-0.11,-18.97,50000000,0,,否,,0.73,0.93,1.26,,-35.3464,-24.8175,
709755,凱崴國票61購01,2026-07-20,0.45,-0.05,-10.0,62000000,0,,否,,0.65,0.8,1.0,,-31.5126,-21.2181,
709757,華容國票61購01,2026-07-20,2.28,-0.36,-13.64,2000000,0,,否,,3.87,3.44,,,28.2493,47.0312,
709758,萊德光國票61購02,2026-07-20,0.42,-0.06,-12.5,41000000,0,,否,,0.57,0.59,,,-6.2295,,
709759,萊德光國票61購03,2026-07-20,0.38,0.01,2.7,60000000,0,,否,,0.44,0.41,,,13.4021,-13.75,
709761,宜鼎國泰61購02,2026-07-20,0.53,-0.21,-28.38,1000000,0,,否,,0.85,1.07,1.42,,-33.9009,-23.4665,
709762,宜鼎國泰61購03,2026-07-20,0.58,-0.12,-17.14,120000000,0,,否,,0.9,1.16,1.58,,-36.2994,-28.8957,
709763,宜鼎國泰61購04,2026-07-20,0.64,-0.11,-14.67,31000000,0,,是,,0.97,1.25,1.65,,-37.0274,-27.7039,
709767,宜鼎富邦5C購04,2026-07-20,0.24,-0.04,-14.29,150000000,0,,否,,0.36,0.46,0.63,,-34.4203,-25.082,
709768,朋程富邦62購01,2026-07-20,0.48,-0.08,-14.29,237000000,0,,是,,0.64,0.74,,,-24.6445,-15.0402,
709772,鈊象富邦62購01,2026-07-20,0.64,0.04,6.67,18000000,0,,否,,0.66,0.73,,,-17.5879,-7.398,
709776,威剛凱基5C購04,2026-07-20,0.6,-0.29,-32.58,246000000,0,,否,,0.76,0.82,0.84,,-14.2857,-3.9859,
709777,家登凱基5C購03,2026-07-20,0.43,-0.11,-20.37,3000000,0,,否,,0.67,0.8,,,-27.115,-12.3212,
709779,富喬凱基5C購03,2026-07-20,0.38,-0.07,-15.56,81000000,0,,是,,0.59,0.73,,,-30.7692,-16.5517,
709781,群聯凱基61購05,2026-07-20,0.34,-0.02,-5.56,1075000000,0,,是,,0.47,0.54,0.66,,-24.5161,-21.1594,
709782,廣閎科凱基61購01,2026-07-20,0.77,-0.2,-20.62,2406000000,0,,是,,1.67,1.67,,,0.7229,15.8554,
709783,宜鼎台新5C購01,2026-07-20,0.49,-0.09,-15.52,909000000,0,,是,,0.76,1.0,1.35,,-38.2496,-25.0751,
709784,宜鼎台新5C購02,2026-07-20,0.57,-0.08,-12.31,997000000,0,,是,,0.87,1.12,1.54,,-37.064,-25.1169,
709785,宜鼎台新5C購03,2026-07-20,0.51,-0.02,-3.77,117000000,0,,否,,0.72,0.93,1.32,,-36.7133,-27.0313,
709786,宜鼎中信5C購02,2026-07-20,0.16,-0.02,-11.11,160000000,0,,是,,0.24,0.32,0.46,,-37.1134,-33.1924,
709787,宜鼎永豐64購01,2026-07-20,0.37,-0.07,-15.91,305000000,0,,是,,0.52,0.64,,,-31.4136,-25.29,
709788,宜鼎永豐65購01,2026-07-20,0.34,-0.04,-10.53,92000000,0,,否,,0.44,0.51,0.62,,-25.0,-17.3139,
709791,群聯國泰61購02,2026-07-20,0.95,-0.06,-5.94,20000000,0,,否,,1.32,1.56,,,-26.859,-24.0506,
709792,漢達國泰61購01,2026-07-20,2.67,-0.05,-1.84,503000000,0,,是,,2.92,3.6,3.15,,-31.8712,-5.7546,
709793,世界凱基5C購05,2026-07-20,0.67,-0.16,-19.28,35000000,0,,否,,0.88,1.05,,,-27.541,-24.7496,
709796,宜鼎凱基5C購05,2026-07-20,0.26,-0.05,-16.13,576000000,0,,否,,0.4,0.5,,,-34.5395,-25.4815,
709799,華景電凱基5C購02,2026-07-20,0.18,-0.04,-18.18,10000000,0,,否,,0.35,0.43,,,-33.7165,-19.1806,
709801,璟德凱基5C購01,2026-07-20,0.21,-0.02,-8.7,170000000,0,,否,,0.3,0.39,,,-38.2716,-47.7394,
709802,立敦台新5C購02,2026-07-20,0.77,-0.33,-30.0,100000000,0,,否,,1.14,1.37,,,-28.9111,-19.3034,
709803,宏捷科台新5C購01,2026-07-20,0.6,-0.03,-4.76,40000000,0,,否,,0.87,1.09,,,-34.0909,-25.0513,
709804,宜鼎台新5C購04,2026-07-20,0.59,-0.12,-16.9,769000000,0,,否,,0.97,1.3,1.87,,-40.6863,-28.0973,
709805,宜鼎台新61購01,2026-07-20,0.76,-0.15,-16.48,100000000,0,,否,,1.2,1.55,,,-37.0526,-25.4335,
709806,東浦台新5C購01,2026-07-20,1.96,-0.15,-7.11,76000000,0,,否,,2.45,2.6,2.63,,-10.8443,-7.079,
709807,家登台新5C購01,2026-07-20,0.77,-0.21,-21.43,191000000,0,,否,,1.22,1.45,,,-27.4021,-13.5986,
709808,順達台新61購02,2026-07-20,1.76,-0.3,-14.56,102000000,0,,否,,2.59,2.62,,,-2.0408,-3.0,
709809,新漢台新5C購01,2026-07-20,0.93,-0.1,-9.71,819000000,0,,是,,1.39,1.54,,,-17.7096,-5.2761,
709813,華容永豐61購01,2026-07-20,2.56,-0.84,-24.71,6000000,0,,否,,3.22,3.49,,,-14.4149,15.6064,
709816,宜鼎元大5C購06,2026-07-20,0.29,-0.04,-12.12,954000000,0,,是,,0.42,0.52,0.69,,-32.6861,-23.7463,
709817,宜鼎元大5C購07,2026-07-20,0.43,-0.06,-12.24,163000000,0,,否,,0.6,0.73,0.94,,-30.9469,-21.2056,
709818,宜鼎元大5C購08,2026-07-20,0.37,-0.06,-13.95,670000000,0,,是,,0.55,0.68,0.87,,-31.4214,-20.8431,
709820,群聯元大5C購12,2026-07-20,0.51,-0.04,-7.27,497000000,0,,是,,0.91,1.05,,,-22.9342,,
709821,群聯元大5C購13,2026-07-20,0.65,-0.1,-13.33,107000000,0,,否,,0.94,1.09,,,-24.5161,-23.0552,
709822,群聯元大5C購14,2026-07-20,0.73,-0.11,-13.1,89000000,0,,否,,1.02,1.17,,,-22.07,-19.1563,
709823,群聯元大61購13,2026-07-20,0.57,-0.11,-16.18,150000000,0,,否,,0.81,0.96,,,-26.93,-22.6945,
709825,雙鴻元大61購15,2026-07-20,0.36,-0.08,-18.18,628000000,0,,是,,0.42,0.53,,,-33.2278,-18.9231,
709829,邑錡國票5C購01,2026-07-20,1.09,-0.17,-13.49,122000000,0,,否,,1.58,1.6,,,-2.9557,23.1717,
709833,杰力國票61購01,2026-07-20,0.55,-0.07,-11.29,1286000000,0,,是,,0.73,0.98,,,-40.7468,-15.6492,
709835,長聖國票61購01,2026-07-20,0.73,0.01,1.39,1000000,0,,否,,0.85,0.93,0.86,,-14.257,0.3254,
709837,韋僑國票61購01,2026-07-20,0.38,-0.02,-5.0,2000000,0,,否,,0.52,,,,,,
709839,能率亞國票61購01,2026-07-20,0.85,-0.25,-22.73,10000000,0,,否,,1.06,1.1,,,-7.6655,-8.0766,
709840,凱崴國票61購02,2026-07-20,0.31,-0.05,-13.89,17000000,0,,否,,0.56,0.63,,,-18.314,-22.5527,
709841,湧德國票5C購01,2026-07-20,0.38,-0.03,-7.32,3000000,0,,否,,0.58,0.67,,,-22.9551,,
709842,湧德國票5C購02,2026-07-20,0.37,-0.04,-9.76,36000000,0,,否,,0.6,0.68,,,-21.7277,-4.8883,
709843,華容國票61購02,2026-07-20,1.7,-0.39,-18.66,883000000,0,,是,,2.37,3.01,,,-35.3905,3.5739,
709848,騰雲國票61購02,2026-07-20,0.64,-0.07,-9.86,1000000,0,,否,,0.55,,,,,,
709850,宜鼎群益5C購04,2026-07-20,0.27,-0.05,-15.62,46000000,0,,否,,0.39,0.52,,,-39.3846,-31.0436,
709852,群聯群益5C購07,2026-07-20,2.22,-0.29,-11.55,32000000,0,,否,,3.17,3.73,,,-26.3378,-22.0063,
709853,兆利富邦62購01,2026-07-20,0.19,-0.03,-13.64,2000000,0,,否,,0.26,0.3,,,-20.122,,
709854,智通*富邦62購01,2026-07-20,0.91,-0.01,-1.09,241000000,0,,否,,0.95,0.9,,,13.0952,9.2796,
709855,湧德富邦62購01,2026-07-20,0.38,-0.04,-9.52,277000000,0,,是,,0.46,0.52,,,-20.6186,,
709856,閎康富邦62購02,2026-07-20,0.4,-0.07,-14.89,159000000,0,,是,,0.57,0.63,,,-18.4438,,
709857,聖暉*富邦5C購02,2026-07-20,0.93,-0.06,-6.06,624000000,0,,是,,1.08,1.32,,,-31.465,-11.8588,
709858,廣閎科富邦5C購01,2026-07-20,0.68,-0.15,-18.07,70000000,0,,是,,1.29,1.25,,,6.0855,,
709860,台嘉碩國票5C購01,2026-07-20,0.58,-0.18,-23.68,5000000,0,,否,,0.81,1.07,,,-39.4619,-16.2899,
709861,台嘉碩國票5C購02,2026-07-20,0.47,-0.08,-14.55,52000000,0,,否,,0.65,0.86,,,-39.4786,-12.1305,
709867,順達國票61購02,2026-07-20,0.79,-0.23,-22.55,30000000,0,,否,,1.18,1.28,,,-14.6377,,
709870,廣閎科群益5C購01,2026-07-20,1.28,-0.95,-42.6,200000000,0,,是,,3.18,3.04,,,9.5664,,
709871,順達中信5C購01,2026-07-20,0.37,-0.2,-35.09,455000000,0,,是,,0.57,0.59,,,-4.3333,-6.5287,
709872,聖暉*中信5C購01,2026-07-20,0.58,-0.06,-9.38,480000000,0,,是,,0.68,0.88,,,-37.9121,-13.3203,
709873,世紀*永豐5C購01,2026-07-20,0.99,-0.06,-5.71,126000000,0,,否,,1.32,1.44,,,-15.9236,0.417,
709876,宏觀元大5C購04,2026-07-20,0.59,-0.25,-29.76,17000000,0,,,,,,,,,,
709879,華容元大5C購01,2026-07-20,2.3,-0.82,-26.28,3000000,0,,否,,3.45,3.99,,,-24.0969,8.8901,
709880,順達元大5C購07,2026-07-20,0.67,-0.18,-21.18,1086000000,0,,是,,1.06,1.09,,,-5.3381,-2.2341,
709881,精材元大5C購04,2026-07-20,3.27,-0.07,-2.1,40000000,0,,是,,3.47,3.04,,,33.3333,25.072,
709885,泓格凱基5C購01,2026-07-20,0.93,0.22,30.99,98000000,0,,否,,0.7,0.73,,,-6.383,,
709890,華容凱基61購01,2026-07-20,1.0,-0.25,-20.0,25000000,0,,否,,1.44,1.99,,,-42.9589,-6.6322,
709892,臺慶科凱基61購01,2026-07-20,0.3,-0.05,-14.29,23000000,0,,否,,0.48,0.62,,,-38.342,-26.2411,
709893,廣閎科凱基5C購01,2026-07-20,0.78,-0.27,-25.71,1634000000,0,,是,,1.42,,,,,,
709896,中美晶統一66購02,2026-07-20,1.46,-0.1,-6.41,364000000,0,,否,,1.64,1.42,,,36.1526,38.9268,
709897,立敦統一63購02,2026-07-20,0.44,-0.12,-21.43,15000000,0,,否,,0.57,0.66,,,-23.3871,-15.5527,
709901,佳邦統一66購01,2026-07-20,0.39,-0.03,-7.14,10000000,0,,否,,0.52,0.56,,,-12.3746,-6.3439,
709902,宜鼎統一64購01,2026-07-20,0.3,-0.04,-11.76,20000000,0,,否,,0.39,0.48,,,-30.9859,-16.955,
709903,宜鼎統一64購02,2026-07-20,0.27,-0.04,-12.9,4003000000,0,,是,,0.5,,,,,,
709906,宜鼎統一66購03,2026-07-20,0.34,-0.04,-10.53,735000000,0,,否,,0.47,0.57,,,-30.5638,-21.1326,
709907,宜鼎統一66購04,2026-07-20,0.43,-0.04,-8.51,175000000,0,,否,,0.53,0.6,,,-20.3593,-15.3738,
709908,威剛統一6A購01,2026-07-20,0.65,-0.09,-12.16,30000000,0,,,,,,,,,,
709909,建榮統一66購01,2026-07-20,0.26,-0.06,-18.75,20000000,0,,否,,0.37,0.44,,,-28.5156,-21.4669,
709912,凱崴統一66購01,2026-07-20,0.39,-0.01,-2.5,92000000,0,,是,,0.48,0.57,,,-26.2997,,
709918,精材統一66購01,2026-07-20,1.37,-0.09,-6.16,759000000,0,,否,,1.59,1.37,,,36.8966,28.4112,
709919,精材統一6C購01,2026-07-20,1.13,-0.05,-4.24,42000000,0,,否,,1.22,1.12,,,19.8039,15.3292,
709921,臺慶科統一66購02,2026-07-20,0.24,-0.04,-14.29,104000000,0,,是,,0.39,0.53,,,-42.9412,,
709924,廣閎科統一66購01,2026-07-20,0.62,-0.07,-10.14,107000000,0,,,,,,,,,,
709927,優群統一66購02,2026-07-20,0.42,-0.03,-6.67,21000000,0,,否,,0.56,0.62,,,-17.7515,,
709928,雙鴻統一64購01,2026-07-20,0.35,0.01,2.94,108000000,0,,否,,0.47,0.53,,,-19.1126,,
709929,雙鴻統一65購02,2026-07-20,0.42,-0.08,-16.0,30000000,0,,否,,0.52,0.6,,,-24.269,,
709931,金益鼎國泰61購01,2026-07-20,0.91,-0.04,-4.21,153000000,0,,是,,1.03,1.15,,,-18.5827,,
709933,威剛台新5C購01,2026-07-20,0.93,-0.12,-11.43,713000000,0,,是,,1.24,1.33,,,-12.7119,-10.4659,
709934,威剛台新5C購02,2026-07-20,1.55,-0.21,-11.93,253000000,0,,是,,2.04,2.21,,,-13.7553,-9.7342,
709935,威剛台新5C購03,2026-07-20,2.97,-1.32,-30.77,21000000,0,,否,,4.45,4.79,,,-13.2164,-10.6157,
709936,威剛台新61購01,2026-07-20,1.09,-0.13,-10.66,1000000,0,,否,,1.43,1.53,,,-12.0245,-9.3491,
709937,威剛台新62購01,2026-07-20,1.89,-0.2,-9.57,8000000,0,,否,,2.62,2.75,,,-9.2926,-7.0632,
709939,威剛台新66購01,2026-07-20,0.99,-0.16,-13.91,14000000,0,,否,,1.24,1.31,,,-10.4348,-7.234,
709940,茂迪台新5C購01,2026-07-20,0.6,-0.07,-10.45,90000000,0,,否,,0.79,0.9,,,-21.8935,,
709941,凱崴台新5C購01,2026-07-20,0.33,-0.08,-19.51,65000000,0,,否,,0.52,0.68,,,-37.0192,-21.2544,
709942,華容台新5C購03,2026-07-20,2.14,-0.67,-23.84,1000000,0,,否,,3.11,4.02,,,-37.085,-1.5896,
709943,威剛富邦5C購01,2026-07-20,0.56,-0.12,-17.65,102000000,0,,否,,0.83,0.9,,,-14.959,,
709945,胡連永豐61購01,2026-07-20,0.51,-0.07,-12.07,60000000,0,,否,,0.63,0.67,,,-12.3249,-6.2937,
709946,艾訊國票61購01,2026-07-20,0.53,-0.06,-10.17,5000000,0,,否,,0.69,0.76,,,-14.951,,
709948,朋億*國票61購01,2026-07-20,1.16,-0.09,-7.2,19000000,0,,否,,1.37,1.42,,,-7.327,,
709952,寶雅國票61購01,2026-07-20,1.24,-0.03,-2.36,40000000,0,,是,,1.51,1.64,,,-14.4154,,
709953,台半群益62購02,2026-07-20,0.96,-0.29,-23.2,2000000,0,,否,,1.87,1.95,,,-8.2434,,
709954,中美晶凱基5C購03,2026-07-20,2.46,-0.12,-4.65,2000000,0,,否,,2.33,1.92,,,53.3597,,
709962,世界統一6A購01,2026-07-20,0.51,-0.08,-13.56,7000000,0,,否,,0.61,0.68,,,-19.7368,,
709966,家登統一6A購01,2026-07-20,0.48,-0.06,-11.11,91000000,0,,否,,0.57,,,,,,
709971,群聯國泰61購03,2026-07-20,1.16,-0.08,-6.45,22000000,0,,否,,1.64,1.93,,,-25.9025,-21.4896,
709973,世界富邦61購02,2026-07-20,0.54,-0.16,-22.86,870000000,0,,是,,0.73,0.83,,,-21.8415,-20.5349,
709974,立碁富邦5C購01,2026-07-20,0.38,-0.12,-24.0,319000000,0,,是,,0.57,,,,,,
709975,良維富邦61購03,2026-07-20,0.35,-0.03,-7.89,160000000,0,,否,,0.8,0.85,,,-11.0865,,
709977,宜鼎元大5C購09,2026-07-20,0.52,-0.08,-13.33,830000000,0,,否,,0.71,0.86,,,-29.9803,-19.5896,
709978,順達元大5C購08,2026-07-20,1.17,-0.22,-15.83,370000000,0,,是,,1.76,1.72,,,4.7733,1.2987,
709980,雙鴻元大5C購06,2026-07-20,0.39,-0.13,-25.0,126000000,0,,否,,0.5,0.62,,,-33.1551,-19.171,
709981,家登永豐5C購02,2026-07-20,0.66,-0.13,-16.46,76000000,0,,否,,0.92,1.07,,,-24.7947,-9.3458,
709982,漢達永豐61購01,2026-07-20,1.34,-0.17,-11.26,23000000,0,,否,,1.73,1.67,,,6.7901,,
709983,宜鼎元大5C購10,2026-07-20,0.46,-0.11,-19.3,204000000,0,,否,,0.66,0.81,,,-30.4622,-20.2569,
709984,千附國票61購01,2026-07-20,1.99,-0.55,-21.65,26000000,0,,否,,2.09,1.59,,,91.5596,46.4516,
709985,世禾國票61購01,2026-07-20,0.95,-0.02,-2.06,8000000,0,,否,,1.08,1.09,,,-1.0989,,
709988,岱稜國票61購01,2026-07-20,0.45,-0.03,-6.25,67000000,0,,否,,0.57,0.57,,,1.0638,,
709989,昇佳電國票61購01,2026-07-20,1.12,0.02,1.82,378000000,0,,否,,1.17,1.17,,,0.1706,14.8874,
709998,中美晶群益5C購03,2026-07-20,2.27,-0.34,-13.03,30000000,0,,否,,2.49,2.09,,,47.3934,,
709999,順達群益5C購02,2026-07-20,1.19,-0.52,-30.41,413000000,0,,是,,1.82,1.79,,,4.4674,0.0561,
710000,精材群益5C購02,2026-07-20,4.18,-0.67,-13.81,11000000,0,,否,,4.97,4.11,,,52.8905,36.0688,
710002,宜鼎國泰61購05,2026-07-20,0.71,-0.11,-13.41,570000000,0,,是,,1.03,1.28,,,-33.0729,-21.7816,
710007,台半凱基61購03,2026-07-20,0.43,-0.09,-17.31,46000000,0,,否,,0.75,1.0,,,-40.729,-11.6872,
710008,宜鼎凱基5C購06,2026-07-20,0.35,-0.06,-14.63,163000000,0,,否,,0.51,0.64,,,-33.3333,-23.445,
710009,順達凱基5C購04,2026-07-20,0.53,-0.12,-18.46,15000000,0,,否,,0.74,0.73,,,4.7887,,
710012,雙鴻凱基5C購10,2026-07-20,0.38,-0.08,-17.39,100000000,0,,是,,0.46,0.57,,,-32.2485,,
710013,大中統一6A購01,2026-07-20,0.67,-0.13,-16.25,26000000,0,,否,,0.91,1.03,,,-21.8966,-5.1423,
710014,中美晶統一64購02,2026-07-20,1.65,-0.12,-6.78,692000000,0,,否,,1.88,1.61,,,40.5689,41.7108,
710019,凱崴統一63購01,2026-07-20,0.24,-0.04,-14.29,10000000,0,,否,,0.35,0.42,,,-29.3878,-18.1996,
710021,博智統一62購03,2026-07-20,0.32,-0.06,-15.79,96000000,0,,是,,0.52,0.59,,,-21.4502,,
710025,聖暉*統一6A購03,2026-07-20,0.56,-0.09,-13.85,21000000,0,,否,,0.63,0.71,,,-19.3384,,
710026,精材統一63購01,2026-07-20,1.6,-0.1,-5.88,42000000,0,,是,,1.76,1.53,,,35.0769,,
710028,穩得統一68購01,2026-07-20,0.46,-0.03,-6.12,61000000,0,,,,,,,,,,
710030,宜鼎富邦63購02,2026-07-20,0.31,-0.01,-3.12,55000000,0,,否,,0.39,0.46,,,-26.5152,-17.7738,
710032,群聯富邦62購07,2026-07-20,0.65,0.0,0.0,90000000,0,,否,,0.79,0.87,,,-18.0873,-15.622,
710033,群聯富邦62購08,2026-07-20,0.58,-0.02,-3.33,37000000,0,,否,,0.8,0.91,,,-20.5941,,
710034,中美晶台新5C購01,2026-07-20,3.47,-0.09,-2.53,20000000,0,,否,,3.73,3.11,,,50.5645,47.601,
710036,台半台新5C購02,2026-07-20,0.61,-0.21,-25.61,10000000,0,,否,,1.12,1.57,,,-44.5104,,
710037,廣閎科台新5C購02,2026-07-20,1.81,-0.42,-18.83,1308000000,0,,,,,,,,,,
710038,良維永豐5C購04,2026-07-20,0.46,-0.05,-9.8,168000000,0,,否,,0.85,,,,,,
710042,群聯永豐5C購11,2026-07-20,0.65,-0.07,-9.72,104000000,0,,是,,0.93,1.17,,,-34.6479,,
710044,臺慶科永豐5C購02,2026-07-20,0.38,-0.18,-32.14,314000000,0,,是,,0.89,,,,,,
710046,千附國票61購02,2026-07-20,1.64,-0.32,-16.33,22000000,0,,否,,1.72,,,,,,
710048,加高國票61購03,2026-07-20,0.25,-0.06,-19.35,300000000,0,,是,,0.36,0.47,,,-36.4912,-12.2411,
710049,宏碁資國票61購01,2026-07-20,0.61,-0.06,-8.96,1987000000,0,,是,,0.61,0.57,,,14.2322,,
710053,博士旺國票5C購02,2026-07-20,0.37,-0.05,-11.9,5000000,0,,否,,0.62,0.79,,,-34.1772,,
710060,營邦國票5C購02,2026-07-20,0.79,-0.01,-1.25,24000000,0,,否,,0.94,1.07,,,-21.4405,-7.7056,
710062,中美晶凱基61購04,2026-07-20,1.25,-0.09,-6.72,244000000,0,,否,,1.43,1.21,,,43.75,44.964,
710066,臺慶科凱基5C購05,2026-07-20,0.16,-0.03,-15.79,140000000,0,,否,,0.28,0.46,,,-55.5205,,
710067,廣閎科凱基5C購02,2026-07-20,0.58,-0.15,-20.55,1115000000,0,,是,,0.92,1.21,,,-38.6881,-12.9335,
710068,營邦凱基5C購01,2026-07-20,0.5,0.01,2.04,1000000,0,,否,,0.6,0.68,,,-22.3958,-6.8306,
710069,營邦凱基5C購02,2026-07-20,0.48,0.02,4.35,300000000,0,,否,,0.59,0.72,,,-30.8962,,
710071,中美晶群益5C購04,2026-07-20,2.24,-0.25,-10.04,712000000,0,,是,,2.71,2.24,,,52.8814,,
710073,營邦群益5C購01,2026-07-20,0.71,0.04,5.97,121000000,0,,否,,0.84,,,,,,
710076,世界元大63購04,2026-07-20,0.63,-0.11,-14.86,338000000,0,,否,,0.82,0.94,,,-22.8302,-11.7481,
710077,宜鼎元大5C購11,2026-07-20,0.31,-0.1,-24.39,550000000,0,,是,,0.48,0.58,,,-30.0,-22.2073,
710079,廣閎科元大5C購03,2026-07-20,0.66,-0.13,-16.46,74000000,0,,否,,1.01,1.13,,,-19.1388,,
710080,營邦元大5C購01,2026-07-20,0.87,-0.02,-2.25,78000000,0,,否,,1.06,1.17,,,-17.2628,-7.9875,
710083,營邦國泰61購01,2026-07-20,1.23,-0.14,-10.22,21000000,0,,否,,1.5,1.62,,,-14.0069,,
710084,營邦富邦62購01,2026-07-20,0.49,-0.04,-7.55,198000000,0,,是,,0.63,0.68,,,-14.9457,,
710086,中美晶統一66購03,2026-07-20,1.07,-0.08,-6.96,1003000000,0,,否,,1.22,1.05,,,39.6789,,
710094,群聯統一66購01,2026-07-20,0.38,-0.06,-13.64,61000000,0,,否,,0.52,,,,,,
710095,聖暉*統一66購01,2026-07-20,0.53,-0.06,-10.17,364000000,0,,否,,0.61,0.73,,,-28.7059,-9.34,
710097,營邦統一66購01,2026-07-20,0.53,-0.02,-3.64,115000000,0,,否,,0.59,0.65,,,-15.6695,-5.5474,
710101,中美晶台新5C購02,2026-07-20,2.51,0.0,0.0,24000000,0,,否,,2.63,2.16,,,56.1758,51.7945,
710102,中美晶台新5C購03,2026-07-20,10.9,-1.1,-9.17,54000000,0,,否,,12.83,10.58,,,54.0216,,
710106,聖暉*台新5C購02,2026-07-20,1.24,-0.11,-8.15,39000000,0,,否,,1.59,1.95,,,-31.0494,-8.8868,
710107,聖暉*台新5C購03,2026-07-20,1.16,-0.23,-16.55,13000000,0,,否,,2.13,2.27,,,-11.5544,,
710108,聖暉*台新5C購04,2026-07-20,1.28,-0.52,-28.89,21000000,0,,否,,2.0,2.22,,,-18.449,,
710109,廣閎科台新5C購03,2026-07-20,1.34,-0.32,-19.28,1198000000,0,,是,,2.84,2.98,,,-8.9274,,
710112,中美晶凱基61購05,2026-07-20,1.17,-0.09,-7.14,176000000,0,,否,,1.37,1.16,,,42.5,,
710113,世界凱基5C購06,2026-07-20,0.41,-0.25,-37.88,440000000,0,,否,,0.79,,,,,,
710114,宜鼎凱基5C購07,2026-07-20,0.21,-0.05,-19.23,10000000,0,,否,,0.33,0.41,,,-34.0,-27.8261,
710115,朋億*凱基61購01,2026-07-20,0.49,-0.07,-12.5,30000000,0,,否,,0.58,,,,,,
710116,威剛凱基5C購07,2026-07-20,0.29,-0.08,-21.62,5000000,0,,否,,0.45,,,,,,
710118,宜鼎元大5C購12,2026-07-20,0.31,-0.03,-8.82,126000000,0,,否,,0.43,0.54,,,-35.1515,,
710120,東浦元大5C購01,2026-07-20,0.52,-0.09,-14.75,27000000,0,,否,,0.73,0.8,,,-16.3218,-7.7367,
710123,臺慶科台新5C購01,2026-07-20,0.37,-0.06,-13.95,44000000,0,,是,,0.6,0.92,,,-51.5298,,
710124,中美晶國票61購03,2026-07-20,1.86,-0.09,-4.62,12000000,0,,否,,1.99,,,,,,
710128,宣德國票61購01,2026-07-20,0.36,-0.01,-2.7,5000000,0,,是,,0.41,,,,,,
710132,中美晶永豐5C購02,2026-07-20,2.08,-0.2,-8.77,2000000,0,,否,,2.31,1.97,,,40.9035,39.7309,
710133,中美晶永豐5C購03,2026-07-20,2.09,-0.08,-3.69,20000000,0,,否,,2.09,1.77,,,44.0771,,
710134,世界永豐66購01,2026-07-20,0.79,-0.17,-17.71,17000000,0,,否,,1.0,1.08,,,-13.4483,,
710135,亞通永豐64購01,2026-07-20,0.69,-0.05,-6.76,1000000,0,,否,,0.85,0.87,,,-4.0724,,
710138,中美晶富邦5C購01,2026-07-20,1.83,-0.08,-4.19,216000000,0,,否,,1.99,1.65,,,51.0638,,
710139,順達富邦62購02,2026-07-20,0.45,-0.08,-15.09,50000000,0,,否,,0.66,0.66,,,0.304,,
710140,聖暉*富邦5C購03,2026-07-20,0.67,-0.03,-4.29,934000000,0,,否,,0.76,1.0,,,-38.4863,,
710141,中美晶中信5C購01,2026-07-20,0.94,-0.09,-8.74,782000000,0,,否,,1.12,0.93,,,50.134,46.0094,
710145,廣閎科凱基5C購03,2026-07-20,0.47,-0.09,-16.07,177000000,0,,是,,0.74,1.04,,,-44.2105,,
710146,中美晶台新5C購04,2026-07-20,2.32,0.02,0.87,919000000,0,,否,,2.54,2.1,,,52.3409,,
710151,宜鼎台新5C購06,2026-07-20,0.79,-0.23,-22.55,333000000,0,,是,,1.19,1.46,,,-31.2572,,
710152,凱崴台新5C購02,2026-07-20,0.54,-0.09,-14.29,62000000,0,,否,,0.78,0.97,,,-32.8744,,
710153,廣閎科台新5C購04,2026-07-20,1.15,-0.29,-20.14,699000000,0,,,,,,,,,,
710155,宜鼎元大5C購13,2026-07-20,0.53,-0.14,-20.9,496000000,0,,是,,0.79,0.95,,,-29.5699,-21.857,
710160,順達國泰61購01,2026-07-20,1.02,-0.14,-12.07,1000000,0,,否,,1.54,1.46,,,11.611,,
710163,朋程富邦62購02,2026-07-20,0.53,-0.1,-15.87,198000000,0,,是,,0.71,0.82,,,-23.9829,,
710164,朋程富邦63購02,2026-07-20,0.45,-0.05,-10.0,165000000,0,,否,,0.69,0.77,,,-19.1038,,
710165,鈊象富邦62購02,2026-07-20,0.73,0.01,1.39,16000000,0,,否,,0.8,0.84,,,-7.7982,,
710167,兆利永豐64購01,2026-07-20,0.44,-0.03,-6.38,13000000,0,,否,,0.52,0.59,,,-19.9387,,
710168,宜鼎永豐63購01,2026-07-20,0.48,-0.04,-7.69,134000000,0,,否,,0.64,0.75,,,-26.2673,,
710173,宏捷科群益5C購02,2026-07-20,0.34,-0.04,-10.53,78000000,0,,否,,,,,,,,
710174,臺慶科群益5C購02,2026-07-20,0.83,-0.22,-20.95,46000000,0,,是,,1.65,2.15,,,-37.7074,,
710175,台半凱基5C購04,2026-07-20,0.29,-0.08,-21.62,20000000,0,,否,,0.55,0.8,,,-47.2169,,
710176,尼克森凱基5C購01,2026-07-20,0.37,-0.11,-22.92,59000000,0,,否,,0.58,0.75,,,-36.5427,,
710178,朋程凱基5C購02,2026-07-20,0.25,-0.04,-13.79,238000000,0,,否,,0.37,0.5,,,-40.2556,,
710179,茂達凱基5C購01,2026-07-20,0.39,-0.1,-20.41,1000000,0,,否,,0.63,0.87,,,-43.2675,,
710181,廣閎科凱基5C購04,2026-07-20,0.4,-0.07,-14.89,782000000,0,,是,,0.6,0.85,,,-45.8333,,
710182,大中台新5C購01,2026-07-20,0.9,-0.22,-19.64,242000000,0,,否,,1.57,2.21,,,-44.5384,,
710184,宜鼎台新61購02,2026-07-20,0.65,-0.15,-18.75,46000000,0,,否,,0.94,1.19,,,-34.4972,,
710188,中美晶元大5C購11,2026-07-20,2.01,-0.07,-3.37,105000000,0,,是,,2.42,1.92,,,70.6629,,
710189,台半元大5C購08,2026-07-20,0.37,-0.13,-26.0,4000000,0,,否,,0.96,,,,,,
710190,宜鼎元大5C購14,2026-07-20,0.41,-0.06,-12.77,70000000,0,,否,,0.57,0.7,,,-30.6569,,
710192,群聯中信64購01,2026-07-20,0.19,-0.05,-20.83,110000000,0,,否,,0.43,,,,,,
710193,雙鴻中信66購01,2026-07-20,0.38,-0.05,-11.63,50000000,0,,否,,0.43,0.47,,,-16.6023,,
710194,雙鴻中信66購02,2026-07-20,0.55,-0.07,-11.29,225000000,0,,否,,0.56,,,,,,
710197,尼克森永豐64購01,2026-07-20,0.62,-0.1,-13.89,15000000,0,,否,,0.87,0.92,,,-9.9379,,
710198,信紘科永豐64購01,2026-07-20,0.5,-0.08,-13.79,3000000,0,,否,,0.62,0.72,,,-23.2099,,
710202,鴻呈永豐61購01,2026-07-20,0.53,-0.1,-15.87,120000000,0,,否,,0.65,,,,,,
710204,世紀*國票61購01,2026-07-20,0.76,-0.05,-6.17,623000000,0,,是,,0.98,1.06,,,-13.8354,,
710206,矽科國票61購01,2026-07-20,0.54,-0.04,-6.9,499000000,0,,是,,0.68,,,,,,
710208,茂達國票61購01,2026-07-20,0.5,-0.14,-21.88,18000000,0,,否,,0.79,1.11,,,-44.5531,,
710211,博盛國票61購01,2026-07-20,0.34,-0.11,-24.44,19000000,0,,否,,0.57,0.75,,,-39.3162,,
710218,能率亞國泰61購01,2026-07-20,1.68,-0.2,-10.64,50000000,0,,是,,1.72,1.84,,,-12.6144,,
710219,能率國泰61購01,2026-07-20,1.7,-0.26,-13.27,136000000,0,,否,,2.15,2.38,,,-17.2175,,
710220,廣閎科國泰61購02,2026-07-20,0.83,-0.15,-15.31,3027000000,0,,是,,1.48,,,,,,
710221,凡甲富邦63購01,2026-07-20,0.52,-0.02,-3.7,40000000,0,,否,,0.67,,,,,,
710222,立碁富邦5C購02,2026-07-20,0.4,-0.13,-24.53,248000000,0,,否,,0.67,,,,,,
710223,智通*富邦62購02,2026-07-20,0.96,-0.1,-9.43,99000000,0,,否,,1.05,1.02,,,6.4646,,
710230,博智群益5C購01,2026-07-20,0.71,-0.13,-15.48,219000000,0,,否,,1.16,1.47,,,-34.1629,,
710231,富喬群益5C購04,2026-07-20,0.86,-0.18,-17.31,75000000,0,,是,,1.35,1.68,,,-33.498,,
710235,雙鴻群益62購02,2026-07-20,1.89,-0.25,-11.68,601000000,0,,是,,2.33,2.79,,,-28.0864,,
710236,威剛中信66購01,2026-07-20,0.38,-0.09,-19.15,40000000,0,,是,,,,,,,,
710238,大中永豐5C購01,2026-07-20,0.34,-0.07,-17.07,27000000,0,,否,,0.59,,,,,,
710239,中光電永豐61購01,2026-07-20,1.83,-0.08,-4.19,66000000,0,,否,,2.16,2.21,,,-4.8458,,
710241,台半永豐61購03,2026-07-20,0.33,-0.07,-17.5,99000000,0,,是,,0.6,,,,,,
710248,宏捷科元大5C購04,2026-07-20,0.37,-0.09,-19.57,897000000,0,,是,,0.56,,,,,,
710250,朋程元大5C購02,2026-07-20,0.57,-0.05,-8.06,176000000,0,,否,,0.94,,,,,,
710251,欣銓元大5C購02,2026-07-20,0.81,-0.27,-25.0,82000000,0,,否,,1.11,1.34,,,-29.1188,,
710253,家登元大5C購05,2026-07-20,0.63,-0.25,-28.41,20000000,0,,否,,0.98,1.15,,,-25.5673,,
710254,家登元大66購01,2026-07-20,0.83,-0.09,-9.78,100000000,0,,否,,1.01,1.13,,,-19.586,,
710256,台半國票61購04,2026-07-20,0.24,-0.06,-20.0,40000000,0,,否,,0.43,0.61,,,-45.5919,,
710257,台半國票61購05,2026-07-20,0.19,-0.06,-24.0,44000000,0,,否,,0.35,0.49,,,-44.6541,,
710258,青雲國票5C購01,2026-07-20,0.5,-0.09,-15.25,171000000,0,,否,,0.55,0.67,,,-31.407,,
710263,臺慶科台新5C購03,2026-07-20,0.28,-0.08,-22.22,69000000,0,,否,,0.53,0.78,,,-49.031,,
710264,世界凱基5C購07,2026-07-20,0.31,-0.08,-20.51,3000000,0,,否,,0.44,0.59,,,-40.9704,,
710265,台半凱基5C購05,2026-07-20,0.23,-0.07,-23.33,205000000,0,,否,,0.44,0.65,,,-48.0094,,
710268,群聯凱基5C購09,2026-07-20,0.26,-0.06,-18.75,60000000,0,,否,,0.45,0.56,,,-31.7221,,
710269,漢達凱基5C購01,2026-07-20,0.71,-0.04,-5.33,48000000,0,,否,,0.79,1.0,,,-33.8333,,
710271,世界國泰61購01,2026-07-20,0.85,-0.26,-23.42,161000000,0,,否,,1.19,1.51,,,-34.4334,,
710272,穩得國泰61購01,2026-07-20,0.86,-0.29,-25.22,20000000,0,,否,,1.24,1.57,,,-34.979,,
710273,中光電富邦62購02,2026-07-20,0.99,0.04,4.21,331000000,0,,否,,1.19,1.25,,,-10.2874,,
710274,台半富邦63購03,2026-07-20,0.28,-0.05,-15.15,15000000,0,,否,,0.52,,,,,,
710276,FH中5G群益5C購01,2026-07-20,0.43,0.03,7.5,821000000,0,,是,,0.6,0.73,,,-30.3738,,
710277,大中群益5C購01,2026-07-20,0.44,-0.08,-15.38,1566000000,0,,是,,0.72,1.01,,,-45.0077,,
710278,中光電群益5C購01,2026-07-20,2.06,0.02,0.98,151000000,0,,是,,2.92,2.98,,,-3.6915,,
710279,中光電群益5C購02,2026-07-20,1.26,0.12,10.53,306000000,0,,否,,1.57,1.7,,,-14.3169,,
710280,世界群益5C購04,2026-07-20,0.78,-0.02,-2.5,127000000,0,,是,,1.13,1.39,,,-31.3869,,
710282,尼克森群益61購01,2026-07-20,0.75,-0.2,-21.05,19000000,0,,否,,1.03,1.19,,,-24.1888,,
710283,宏捷科群益5C購03,2026-07-20,0.42,-0.1,-19.23,31000000,0,,否,,0.75,,,,,,
710284,朋程群益5C購01,2026-07-20,0.4,-0.04,-9.09,499000000,0,,否,,0.81,,,,,,
710286,榮剛群益61購01,2026-07-20,0.81,-0.07,-7.95,40000000,0,,否,,0.96,,,,,,
710287,精材群益61購01,2026-07-20,1.68,-0.11,-6.15,394000000,0,,是,,1.95,1.64,,,46.1078,,
710288,世界元大5C購08,2026-07-20,0.41,-0.23,-35.94,323000000,0,,否,,0.59,0.67,,,-20.0,,
710289,朋程元大5C購03,2026-07-20,0.31,-0.05,-13.89,673000000,0,,是,,0.46,0.57,,,-32.5513,,
710291,世界台新5C購01,2026-07-20,0.63,-0.25,-28.41,3351000000,0,,是,,0.96,1.28,,,-40.3487,,
710294,天品國票5C購01,2026-07-20,0.56,-0.1,-15.15,41000000,0,,否,,0.7,,,,,,
710299,杰力國票61購02,2026-07-20,0.34,-0.04,-10.53,8000000,0,,否,,0.44,0.58,,,-38.9972,,
710302,漢達國票63購01,2026-07-20,0.63,-0.02,-3.08,1000000,0,,否,,0.69,0.82,,,-28.8382,,
710303,寶雅國票61購02,2026-07-20,0.92,-0.1,-9.8,1000000,0,,否,,1.22,1.33,,,-15.1811,,
710304,大中凱基5C購01,2026-07-20,0.2,-0.3,-60.0,393000000,0,,是,,0.4,0.55,,,-42.4069,,
710305,中光電凱基5C購01,2026-07-20,0.66,-0.05,-7.04,50000000,0,,是,,0.9,0.99,,,-17.2794,,
710306,中光電凱基5C購02,2026-07-20,0.77,0.02,2.67,5000000,0,,否,,0.91,0.97,,,-11.8677,,
710309,欣銓凱基5C購01,2026-07-20,0.44,-0.11,-20.0,2000000,0,,否,,0.6,0.72,,,-27.7108,,
710310,青雲凱基5C購01,2026-07-20,0.36,-0.03,-7.69,68000000,0,,否,,0.37,0.46,,,-33.6918,,
710312,茂達凱基5C購02,2026-07-20,0.25,-0.09,-26.47,4000000,0,,否,,0.52,0.7,,,-40.5034,,
710316,聖暉*群益5C購03,2026-07-20,0.75,-0.06,-7.41,30000000,0,,否,,0.85,,,,,,
710318,宜鼎國泰62購01,2026-07-20,0.55,-0.17,-23.61,39000000,0,,否,,0.95,,,,,,
710319,朋程國泰61購01,2026-07-20,0.98,-0.21,-17.65,379000000,0,,是,,1.53,1.64,,,-12.4429,,
710320,原相國泰61購01,2026-07-20,0.91,0.07,8.33,3000000,0,,否,,1.19,1.5,,,-33.7778,,
710321,博盛國泰61購01,2026-07-20,0.62,-0.03,-4.62,22000000,0,,否,,0.88,,,,,,
710322,世界富邦5C購04,2026-07-20,0.41,-0.11,-21.15,100000000,0,,否,,0.55,0.64,,,-24.0331,,
710325,順達永豐5C購02,2026-07-20,0.53,-0.1,-15.87,21000000,0,,否,,0.84,,,,,,
710326,順達永豐5C購03,2026-07-20,0.85,-0.38,-30.89,14000000,0,,否,,1.46,1.43,,,3.8516,,
710327,順達永豐5C購04,2026-07-20,0.59,-0.16,-21.33,10000000,0,,否,,0.94,,,,,,
710328,群聯永豐64購06,2026-07-20,0.36,-0.03,-7.69,29000000,0,,否,,0.53,,,,,,
710331,中光電台新5C購01,2026-07-20,1.05,-0.07,-6.25,110000000,0,,否,,1.39,1.49,,,-12.5471,,
710332,中光電台新5C購02,2026-07-20,1.04,0.05,5.05,1426000000,0,,是,,1.42,1.63,,,-23.1602,,
710334,精材台新61購01,2026-07-20,2.42,-0.62,-20.39,34000000,0,,否,,2.81,,,,,,
710336,亞通凱基5C購01,2026-07-20,0.54,-0.09,-14.29,5000000,0,,否,,0.71,,,,,,
710338,聖暉*凱基5C購03,2026-07-20,0.32,-0.1,-23.81,100000000,0,,是,,0.69,,,,,,
710339,宜鼎元大5C購15,2026-07-20,0.66,-0.08,-10.81,3715000000,0,,是,,0.91,1.1,,,-28.972,,
710341,漢達元大5C購01,2026-07-20,0.55,-0.05,-8.33,3000000,0,,否,,0.68,,,,,,
710342,精材元大5C購05,2026-07-20,1.87,-0.52,-21.76,25000000,0,,否,,2.37,2.03,,,40.2844,,
710343,臺慶科元大5C購06,2026-07-20,0.29,-0.06,-17.14,555000000,0,,是,,0.44,0.57,,,-37.8531,,
710344,宜特永豐64購01,2026-07-20,0.61,-0.04,-6.15,8000000,0,,,,,,,,,,
710350,漢達永豐5C購01,2026-07-20,0.61,-0.07,-10.29,10000000,0,,,,,,,,,,
710351,雙鴻永豐63購03,2026-07-20,0.53,-0.12,-18.46,300000000,0,,是,,0.74,,,,,,
710352,寶雅永豐5C購01,2026-07-20,0.82,-0.08,-8.89,2000000,0,,否,,1.02,1.22,,,-28.27,,
710354,精材中信64購01,2026-07-20,0.75,-0.05,-6.25,9000000,0,,否,,0.89,0.77,,,36.0856,,
710362,神準國票61購01,2026-07-20,0.58,-0.06,-9.38,999000000,0,,是,,,,,,,,
710364,智擎國票61購01,2026-07-20,0.74,0.0,0.0,16000000,0,,否,,0.77,0.76,,,3.7736,,
710368,鈊象群益5C購01,2026-07-20,1.65,-0.02,-1.2,61000000,0,,否,,1.87,2.2,,,-26.2411,,
710369,富喬國泰61購01,2026-07-20,0.52,-0.13,-20.0,7000000,0,,否,,0.75,0.91,,,-29.3233,,
710370,漢達國泰61購02,2026-07-20,1.37,-0.02,-1.44,10000000,0,,否,,1.7,1.85,,,-15.0,,
710373,群聯凱基5C購10,2026-07-20,0.39,-0.06,-13.33,130000000,0,,是,,0.83,,,,,,
710374,群聯凱基61購06,2026-07-20,0.53,-0.03,-5.36,72000000,0,,否,,0.74,0.89,,,-29.5238,,
710375,精材凱基5C購05,2026-07-20,1.41,-0.15,-9.62,215000000,0,,是,,1.79,,,,,,
710380,東浦台新5C購05,2026-07-20,0.48,-0.11,-18.64,90000000,0,,否,,0.61,,,,,,
710382,青雲台新5C購01,2026-07-20,0.4,-0.05,-11.11,295000000,0,,是,,0.43,0.54,,,-33.9506,,
710384,中光電元大5C購01,2026-07-20,3.04,0.15,5.19,18000000,0,,否,,4.07,4.22,,,-6.6483,,
710385,宜鼎元大5C購16,2026-07-20,0.54,-0.1,-15.62,163000000,0,,否,,0.79,0.98,,,-31.7241,,
710390,精材元大61購09,2026-07-20,1.94,-0.03,-1.52,9000000,0,,否,,1.7,,,,,,
710391,精材元大63購04,2026-07-20,1.5,-0.15,-9.09,1000000,0,,否,,1.75,1.5,,,40.0641,,
710392,世界中信63購01,2026-07-20,0.24,-0.07,-22.58,30000000,0,,否,,0.32,,,,,,
710395,世禾永豐5C購01,2026-07-20,1.12,-0.17,-13.18,70000000,0,,否,,1.49,,,,,,
710396,世界永豐5C購03,2026-07-20,0.03,-0.14,-82.35,22000000,0,,否,,0.3,,,,,,
710399,均豪永豐5C購03,2026-07-20,1.2,-0.32,-21.05,10000000,0,,否,,1.56,,,,,,
710400,均豪永豐5C購04,2026-07-20,1.12,-0.19,-14.5,10000000,0,,否,,1.44,,,,,,
710403,晶焱永豐5C購01,2026-07-20,0.43,-0.04,-8.51,6000000,0,,否,,0.76,,,,,,
710405,智通*永豐63購01,2026-07-20,0.87,-0.04,-4.4,182000000,0,,是,,0.94,,,,,,
710406,湧德永豐5C購01,2026-07-20,0.71,-0.03,-4.05,98000000,0,,否,,1.01,,,,,,
710408,聖暉*永豐5C購03,2026-07-20,0.69,-0.09,-11.54,31000000,0,,否,,1.02,,,,,,
710409,聖暉*永豐5C購04,2026-07-20,0.56,-0.18,-24.32,28000000,0,,否,,0.74,,,,,,
710411,精材永豐5C購04,2026-07-20,2.04,-0.02,-0.97,29000000,0,,否,,2.17,,,,,,
710412,精材永豐63購02,2026-07-20,2.77,-0.21,-7.05,7000000,0,,,,,,,,,,
710414,雙鴻永豐5C購05,2026-07-20,0.44,-0.18,-29.03,191000000,0,,,,,,,,,,
710417,巨有國票5C購02,2026-07-20,0.42,-0.06,-12.5,24000000,0,,否,,0.82,,,,,,
710420,青雲國票5C購02,2026-07-20,0.32,-0.03,-8.57,78000000,0,,否,,0.33,0.4,,,-29.1845,,
710422,精材國票61購03,2026-07-20,1.48,-0.11,-6.92,11000000,0,,否,,1.72,1.48,,,37.7207,,
710423,鑫科國票5C購01,2026-07-20,0.54,-0.09,-14.29,14000000,0,,否,,0.74,0.85,,,-22.1757,,
710424,巨有群益5C購01,2026-07-20,0.71,-0.09,-11.25,28000000,0,,是,,1.43,,,,,,
710425,智通*群益5C購01,2026-07-20,0.89,0.05,5.95,965000000,0,,否,,0.91,,,,,,
710426,智通*群益63購01,2026-07-20,2.9,-0.27,-8.52,388000000,0,,是,,3.17,,,,,,
710428,杰力國泰61購01,2026-07-20,0.62,-0.01,-1.59,1000000,0,,否,,0.75,1.01,,,-40.4423,,
710430,威剛富邦5C購02,2026-07-20,0.36,-0.15,-29.41,162000000,0,,是,,0.59,,,,,,
710431,精材富邦5C購01,2026-07-20,0.99,-0.11,-10.0,259000000,0,,是,,1.21,1.01,,,52.5126,,
710432,安勤凱基62購01,2026-07-20,0.55,-0.16,-22.54,90000000,0,,否,,0.75,,,,,,
710434,宜鼎凱基5C購09,2026-07-20,0.53,-0.07,-11.67,604000000,0,,否,,0.79,0.99,,,-34.2809,,
710435,能率凱基62購01,2026-07-20,0.5,-0.08,-13.79,10000000,0,,是,,0.69,,,,,,
710437,智通*凱基5C購01,2026-07-20,0.83,-0.06,-6.74,159000000,0,,否,,0.95,,,,,,
710438,群聯凱基5C購11,2026-07-20,0.72,-0.01,-1.37,5000000,0,,否,,1.0,,,,,,
710439,群聯凱基5C購12,2026-07-20,0.56,-0.02,-3.45,80000000,0,,否,,1.23,,,,,,
710441,中美晶元大5C購12,2026-07-20,3.45,0.35,11.29,88000000,0,,,,,,,,,,
710442,世界元大66購03,2026-07-20,0.67,-0.15,-18.29,135000000,0,,否,,0.85,,,,,,
710443,宜鼎元大5C購17,2026-07-20,0.93,-0.12,-11.43,659000000,0,,否,,1.23,1.45,,,-26.9368,,
710444,能率亞元大5C購01,2026-07-20,1.23,-0.36,-22.64,76000000,0,,否,,1.46,,,,,,
710445,富喬元大5C購04,2026-07-20,0.42,-0.06,-12.5,40000000,0,,否,,0.57,0.72,,,-33.2558,,
710446,智通*元大5C購01,2026-07-20,1.32,-0.09,-6.38,609000000,0,,是,,1.4,,,,,,
710447,智通*元大5C購02,2026-07-20,1.05,-0.17,-13.93,970000000,0,,是,,1.16,1.1,,,10.8987,,
710448,智通*元大63購01,2026-07-20,0.96,-0.06,-5.88,1069000000,0,,是,,1.04,,,,,,
710453,宜鼎國票62購01,2026-07-20,0.52,-0.02,-3.7,15000000,0,,是,,,,,,,,
710454,竹陞國票64購01,2026-07-20,0.89,-0.07,-7.29,6000000,0,,,,,,,,,,
710456,富強鑫國票62購01,2026-07-20,0.97,0.04,4.3,21000000,0,,是,,1.12,,,,,,
710457,千附國票64購01,2026-07-20,1.34,-0.23,-14.65,193000000,0,,,,,,,,,,
710458,智通*國票61購01,2026-07-20,0.91,-0.1,-9.9,124000000,0,,否,,0.99,,,,,,
710459,智通*國票61購02,2026-07-20,0.97,-0.11,-10.19,38000000,0,,否,,1.07,,,,,,
710460,久元永豐5C購05,2026-07-20,0.78,-0.1,-11.36,20000000,0,,,,,,,,,,
710462,久元永豐66購01,2026-07-20,1.96,-0.67,-25.48,19000000,0,,,,,,,,,,
710468,聖暉*台新5C購06,2026-07-20,0.55,-0.16,-22.54,61000000,0,,否,,0.9,,,,,,
710469,聖暉*台新5C購07,2026-07-20,0.62,-0.17,-21.52,176000000,0,,是,,0.92,,,,,,
710470,能率國泰63購01,2026-07-20,1.45,-0.23,-13.69,11000000,0,,否,,1.89,,,,,,
710471,久元富邦63購01,2026-07-20,0.42,-0.03,-6.67,70000000,0,,否,,0.48,,,,,,
710474,營邦富邦63購02,2026-07-20,0.63,-0.02,-3.08,24000000,0,,否,,0.76,,,,,,
710475,營邦富邦63購03,2026-07-20,0.5,-0.01,-1.96,4000000,0,,否,,0.65,,,,,,
710477,世界元大61購01,2026-07-20,0.68,-0.17,-20.0,1087000000,0,,否,,0.91,,,,,,
710478,世界元大66購04,2026-07-20,0.7,-0.13,-15.66,100000000,0,,否,,0.91,,,,,,
710479,世界元大67購01,2026-07-20,0.63,-0.14,-18.18,813000000,0,,是,,0.79,,,,,,
710480,巨有元大61購01,2026-07-20,0.34,-0.04,-10.53,499000000,0,,否,,0.49,,,,,,
710481,宜鼎元大61購05,2026-07-20,0.84,-0.09,-9.68,598000000,0,,否,,1.13,,,,,,
710482,富喬元大61購06,2026-07-20,0.5,-0.09,-15.25,4156000000,0,,是,,0.7,,,,,,
710484,富喬元大62購02,2026-07-20,0.49,-0.14,-22.22,238000000,0,,否,,0.73,,,,,,
710485,臺慶科元大61購01,2026-07-20,0.68,-0.18,-20.93,427000000,0,,是,,1.05,,,,,,
710486,千附精台新61購01,2026-07-20,0.99,-0.17,-14.66,220000000,0,,否,,1.44,,,,,,
710488,竹陞台新61購01,2026-07-20,1.39,-0.01,-0.71,185000000,0,,否,,1.26,,,,,,
710491,千附精凱基61購01,2026-07-20,0.99,-0.22,-18.18,25000000,0,,否,,1.55,,,,,,
710493,中光電凱基61購01,2026-07-20,2.14,0.08,3.88,17000000,0,,否,,2.71,,,,,,
710499,世紀*凱基61購01,2026-07-20,0.76,-0.06,-7.32,69000000,0,,否,,1.13,,,,,,
710500,竹陞凱基61購01,2026-07-20,1.34,0.07,5.51,515000000,0,,否,,1.22,,,,,,
710502,譜瑞凱基61購02,2026-07-20,1.02,-0.08,-7.27,399000000,0,,是,,1.27,,,,,,
710505,譜瑞凱基61購05,2026-07-20,1.05,-0.24,-18.6,214000000,0,,是,,1.59,,,,,,
710506,千附精群益61購01,2026-07-20,0.92,-0.2,-17.86,500000000,0,,否,,1.57,,,,,,
710508,91APP*國票62購01,2026-07-20,0.55,-0.03,-5.17,34000000,0,,,,,,,,,,
710509,千附精國票62購01,2026-07-20,0.76,-0.47,-38.21,516000000,0,,是,,1.48,,,,,,
710510,世紀*國票62購01,2026-07-20,0.62,-0.05,-7.46,21000000,0,,否,,0.79,,,,,,
710511,竹陞國票62購01,2026-07-20,0.88,-0.13,-12.87,7000000,0,,否,,0.84,,,,,,
710513,長佳智國票62購01,2026-07-20,0.65,-0.08,-10.96,101000000,0,,是,,0.78,,,,,,
710514,長聖國票62購01,2026-07-20,0.68,-0.01,-1.45,1000000,0,,否,,0.85,,,,,,
710515,威剛國票62購02,2026-07-20,0.64,-0.07,-9.86,15000000,0,,,,,,,,,,
710516,建榮國票61購01,2026-07-20,0.33,-0.03,-8.33,5000000,0,,否,,0.49,,,,,,
710517,昱展國票62購01,2026-07-20,0.58,-0.04,-6.45,5000000,0,,否,,0.65,,,,,,
710519,訊聯國票62購01,2026-07-20,0.58,-0.01,-1.69,10000000,0,,否,,,,,,,,
710520,博士旺國票61購01,2026-07-20,0.44,-0.05,-10.2,221000000,0,,否,,0.67,,,,,,
710524,元太中信61購01,2026-07-20,0.37,-0.04,-9.76,32000000,0,,否,,,,,,,,
710526,大江永豐61購01,2026-07-20,0.79,0.0,0.0,8000000,0,,,,,,,,,,
710529,邑錡永豐64購01,2026-07-20,1.37,0.08,6.2,80000000,0,,是,,1.63,,,,,,
710532,鈊象永豐65購01,2026-07-20,0.9,-0.04,-4.26,10000000,0,,否,,1.13,,,,,,
710533,勤凱永豐65購01,2026-07-20,0.39,-0.07,-15.22,70000000,0,,是,,,,,,,,
710536,譜瑞永豐61購02,2026-07-20,0.51,-0.11,-17.74,70000000,0,,否,,,,,,,,
710537,譜瑞永豐61購03,2026-07-20,0.41,-0.08,-16.33,15000000,0,,,,,,,,,,
710539,譜瑞永豐64購01,2026-07-20,1.09,-0.14,-11.38,41000000,0,,是,,1.38,,,,,,
710541,譜瑞永豐67購01,2026-07-20,1.44,-0.17,-10.56,30000000,0,,否,,1.73,,,,,,
710544,中光電國泰62購01,2026-07-20,2.13,0.14,7.04,20000000,0,,否,,2.43,,,,,,
710545,巨有國泰62購01,2026-07-20,0.58,-0.07,-10.77,20000000,0,,否,,0.91,,,,,,
710546,竹陞國泰62購01,2026-07-20,2.35,-0.01,-0.42,142000000,0,,是,,2.19,,,,,,
710548,青雲國泰62購02,2026-07-20,0.6,-0.12,-16.67,6000000,0,,否,,0.6,,,,,,
710549,智通*國泰62購01,2026-07-20,1.71,-0.18,-9.52,135000000,0,,否,,1.88,,,,,,
710551,安勤富邦62購01,2026-07-20,0.65,-0.03,-4.41,19000000,0,,否,,0.74,,,,,,
710552,譜瑞富邦63購01,2026-07-20,0.56,-0.05,-8.2,1064000000,0,,是,,0.69,,,,,,
710553,譜瑞富邦64購01,2026-07-20,0.66,-0.06,-8.33,659000000,0,,是,,0.82,,,,,,
710554,宜鼎中信61購02,2026-07-20,0.34,-0.05,-12.82,10000000,0,,否,,0.46,,,,,,
710555,中光電永豐61購02,2026-07-20,1.01,-0.1,-9.01,29000000,0,,否,,1.3,,,,,,
710556,竹陞永豐61購01,2026-07-20,1.76,-0.06,-3.3,19000000,0,,否,,,,,,,,
710557,竹陞永豐64購01,2026-07-20,1.73,-0.28,-13.93,63000000,0,,否,,1.66,,,,,,
710558,竹陞永豐65購01,2026-07-20,1.17,-0.07,-5.65,98000000,0,,否,,1.19,,,,,,
710559,均豪永豐64購01,2026-07-20,0.76,-0.18,-19.15,8000000,0,,否,,,,,,,,
710560,宏捷科永豐61購01,2026-07-20,0.57,-0.16,-21.92,229000000,0,,是,,0.87,,,,,,
710561,宜鼎永豐61購03,2026-07-20,0.67,-0.05,-6.94,179000000,0,,是,,0.92,,,,,,
710562,宜鼎永豐64購02,2026-07-20,0.69,-0.01,-1.43,84000000,0,,否,,0.84,,,,,,
710573,雙鴻永豐61購05,2026-07-20,0.59,-0.15,-20.27,570000000,0,,,,,,,,,,
710575,雙鴻永豐67購01,2026-07-20,0.95,-0.12,-11.21,129000000,0,,否,,1.04,,,,,,
710577,中光電元大61購02,2026-07-20,1.49,0.15,11.19,19000000,0,,否,,1.69,,,,,,
710579,世界元大64購08,2026-07-20,0.51,-0.14,-21.54,488000000,0,,是,,0.69,,,,,,
710580,世界元大66購05,2026-07-20,0.32,0.0,0.0,127000000,0,,否,,0.39,,,,,,
710581,均豪元大61購01,2026-07-20,0.38,-0.1,-20.83,536000000,0,,否,,0.55,,,,,,
710582,宏捷科元大67購01,2026-07-20,0.85,-0.12,-12.37,589000000,0,,是,,1.06,,,,,,
710584,欣銓元大61購01,2026-07-20,0.93,-0.19,-16.96,531000000,0,,是,,1.17,,,,,,
710585,原相元大61購01,2026-07-20,0.9,0.09,11.11,302000000,0,,是,,1.24,,,,,,
710586,富喬元大64購03,2026-07-20,0.3,-0.07,-18.92,499000000,0,,否,,0.53,,,,,,
710588,群聯元大64購06,2026-07-20,0.94,-0.08,-7.84,286000000,0,,是,,1.23,,,,,,
710589,臺慶科元大61購02,2026-07-20,0.57,-0.07,-10.94,620000000,0,,是,,0.86,,,,,,
710590,中美晶群益64購01,2026-07-20,1.42,-0.15,-9.55,330000000,0,,否,,1.64,,,,,,
710591,竹陞群益61購01,2026-07-20,0.88,0.04,4.76,207000000,0,,否,,0.81,,,,,,
710592,均豪群益61購01,2026-07-20,0.97,-0.2,-17.09,132000000,0,,否,,1.34,,,,,,
710593,佳邦群益61購01,2026-07-20,0.9,-0.18,-16.67,17000000,0,,否,,1.48,,,,,,
710594,宜特群益61購01,2026-07-20,1.74,-0.49,-21.97,60000000,0,,是,,,,,,,,
710595,青雲群益62購01,2026-07-20,1.98,-0.21,-9.59,1928000000,0,,是,,2.12,,,,,,
710597,中美晶國泰63購01,2026-07-20,2.76,-0.12,-4.17,146000000,0,,是,,2.92,,,,,,
710599,凡甲富邦63購02,2026-07-20,0.68,0.02,3.03,3000000,0,,否,,0.71,,,,,,
710600,中光電富邦63購01,2026-07-20,0.74,0.02,2.78,461000000,0,,否,,0.9,,,,,,
710602,茂達富邦63購01,2026-07-20,0.58,-0.03,-4.92,4000000,0,,否,,0.84,,,,,,
710603,耕興富邦63購01,2026-07-20,0.7,0.04,6.06,146000000,0,,否,,0.79,,,,,,
710604,湧德富邦63購01,2026-07-20,0.59,-0.02,-3.28,144000000,0,,否,,0.7,,,,,,
710609,臺慶科凱基61購02,2026-07-20,0.24,-0.04,-14.29,8000000,0,,否,,,,,,,,
710610,雙鴻凱基64購01,2026-07-20,1.02,-0.18,-15.0,630000000,0,,,,,,,,,,
710613,宜鼎台新61購03,2026-07-20,0.62,-0.12,-16.22,1201000000,0,,是,,0.94,,,,,,
710614,原相台新61購01,2026-07-20,1.02,0.05,5.15,80000000,0,,否,,,,,,,,
710616,原相台新61購03,2026-07-20,0.59,-0.1,-14.49,8000000,0,,否,,1.05,,,,,,
710620,中光電元大61購04,2026-07-20,0.97,0.01,1.04,3000000,0,,否,,1.26,,,,,,
710622,安可元大61購01,2026-07-20,0.71,-0.14,-16.47,67000000,0,,否,,0.97,,,,,,
710623,竹陞元大61購01,2026-07-20,0.99,-0.02,-1.98,229000000,0,,否,,0.89,,,,,,
710624,宜鼎元大61購06,2026-07-20,0.74,-0.11,-12.94,1626000000,0,,否,,1.01,,,,,,
710625,松上元大61購01,2026-07-20,0.66,-0.13,-16.46,449000000,0,,否,,0.91,,,,,,
710626,品安元大61購01,2026-07-20,0.4,-0.12,-23.08,288000000,0,,是,,0.64,,,,,,
710628,晟田元大61購01,2026-07-20,3.32,-0.5,-13.09,153000000,0,,否,,3.48,,,,,,
710631,富喬元大64購04,2026-07-20,0.31,-0.06,-16.22,496000000,0,,否,,,,,,,,
710632,碩禾元大61購03,2026-07-20,0.52,-0.01,-1.89,744000000,0,,是,,0.73,,,,,,
710633,臺慶科元大64購01,2026-07-20,0.66,-0.11,-14.29,235000000,0,,否,,0.98,,,,,,
710634,臺慶科元大67購01,2026-07-20,0.52,-0.1,-16.13,429000000,0,,是,,0.72,,,,,,
710636,川寶國票65購01,2026-07-20,0.39,-0.09,-18.75,11000000,0,,否,,,,,,,,
710637,中美晶國票61購04,2026-07-20,1.13,-0.01,-0.88,25000000,0,,否,,1.21,,,,,,
710639,日揚國票65購01,2026-07-20,0.61,0.04,7.02,40000000,0,,否,,,,,,,,
710645,泰藝國票61購01,2026-07-20,0.52,-0.12,-18.75,5000000,0,,,,,,,,,,
710646,晟田國票61購01,2026-07-20,2.05,-0.17,-7.66,497000000,0,,是,,2.05,,,,,,
710650,精拓科國票65購01,2026-07-20,0.53,-0.05,-8.62,57000000,0,,,,,,,,,,
710651,廣積國票65購01,2026-07-20,0.9,-0.11,-10.89,10000000,0,,否,,1.02,,,,,,
710654,中美晶群益63購01,2026-07-20,1.72,-0.1,-5.49,808000000,0,,是,,,,,,,,
710658,巨漢群益61購01,2026-07-20,1.03,-0.37,-26.43,15000000,0,,否,,,,,,,,
710659,宜鼎群益61購01,2026-07-20,0.76,-0.12,-13.64,507000000,0,,是,,1.09,,,,,,
710665,陽程群益61購01,2026-07-20,0.8,-0.1,-11.11,431000000,0,,是,,0.93,,,,,,
710666,九暘凱基61購01,2026-07-20,0.38,-0.1,-20.83,44000000,0,,否,,0.57,,,,,,
710667,川寶凱基61購01,2026-07-20,0.38,-0.13,-25.49,71000000,0,,否,,0.65,,,,,,
710668,中美晶凱基61購06,2026-07-20,2.5,-0.04,-1.57,42000000,0,,是,,2.77,,,,,,
710669,日揚凱基61購01,2026-07-20,0.77,0.09,13.24,72000000,0,,否,,0.78,,,,,,
710670,世界凱基66購01,2026-07-20,0.64,-0.13,-16.88,150000000,0,,是,,1.03,,,,,,
710674,台嘉碩凱基61購02,2026-07-20,0.3,-0.12,-28.57,2000000,0,,否,,,,,,,,
710676,邑錡凱基61購01,2026-07-20,0.98,-0.01,-1.01,36000000,0,,否,,1.35,,,,,,
710677,奇鈦科凱基61購01,2026-07-20,0.7,-0.03,-4.11,110000000,0,,是,,,,,,,,
710679,杰力凱基61購01,2026-07-20,0.51,-0.08,-13.56,330000000,0,,是,,0.8,,,,,,
710682,高僑凱基61購01,2026-07-20,0.45,-0.05,-10.0,50000000,0,,否,,0.69,,,,,,
710685,晶宏凱基61購01,2026-07-20,0.46,-0.08,-14.81,30000000,0,,,,,,,,,,
710687,陽程凱基61購02,2026-07-20,0.66,-0.17,-20.48,903000000,0,,是,,0.89,,,,,,
710688,碩禾凱基61購01,2026-07-20,0.6,-0.02,-3.23,373000000,0,,是,,0.82,,,,,,
710689,中光電台新61購01,2026-07-20,1.17,0.09,8.33,178000000,0,,是,,1.49,,,,,,
710690,中光電台新61購02,2026-07-20,1.06,-0.13,-10.92,3000000,0,,否,,1.44,,,,,,
710691,中美晶台新61購03,2026-07-20,1.53,-0.18,-10.53,70000000,0,,否,,1.65,,,,,,
710692,中美晶台新63購02,2026-07-20,1.73,0.05,2.98,23000000,0,,否,,1.75,,,,,,
710693,世界台新61購01,2026-07-20,0.43,-0.19,-30.65,11000000,0,,否,,,,,,,,
710696,巨漢台新61購01,2026-07-20,1.0,-0.07,-6.54,516000000,0,,否,,,,,,,,
710698,全宇昕台新61購01,2026-07-20,0.47,-0.04,-7.84,40000000,0,,否,,0.74,,,,,,
710705,九暘永豐61購01,2026-07-20,0.33,-0.04,-10.81,249000000,0,,是,,0.48,,,,,,
710707,川寶永豐61購01,2026-07-20,0.36,-0.07,-16.28,268000000,0,,是,,0.53,,,,,,
710710,巨漢永豐61購01,2026-07-20,0.88,-0.18,-16.98,230000000,0,,是,,1.15,,,,,,
710712,全宇昕永豐61購01,2026-07-20,0.24,-0.07,-22.58,200000000,0,,是,,0.44,,,,,,
710715,奇鈦科永豐61購01,2026-07-20,0.56,-0.08,-12.5,1000000,0,,否,,0.69,,,,,,
710716,奇鈦科永豐61購02,2026-07-20,0.56,-0.11,-16.42,80000000,0,,否,,0.7,,,,,,
710718,杰力永豐61購01,2026-07-20,0.43,-0.08,-15.69,50000000,0,,否,,0.56,,,,,,
710728,華洋永豐61購01,2026-07-20,0.56,-0.04,-6.67,88000000,0,,是,,,,,,,,
710729,越峰永豐61購01,2026-07-20,0.33,-0.09,-21.43,127000000,0,,是,,0.58,,,,,,
710731,碩禾永豐61購01,2026-07-20,0.5,-0.07,-12.28,50000000,0,,否,,0.68,,,,,,
710733,寬魚永豐61購01,2026-07-20,0.5,0.0,0.0,5000000,0,,否,,,,,,,,
710736,立碁富邦61購01,2026-07-20,0.45,-0.15,-25.0,176000000,0,,,,,,,,,,
710737,均豪富邦61購02,2026-07-20,0.29,-0.03,-9.38,40000000,0,,否,,,,,,,,
710739,中美晶國票65購01,2026-07-20,1.77,-0.1,-5.35,200000000,0,,是,,1.9,,,,,,
710740,竹陞國票65購01,2026-07-20,1.05,-0.16,-13.22,12000000,0,,否,,,,,,,,
710743,青雲國票61購01,2026-07-20,1.27,0.01,0.79,1680000000,0,,是,,1.2,,,,,,
710751,頎邦國票65購01,2026-07-20,0.67,0.07,11.67,5000000,0,,否,,0.86,,,,,,
710752,璟德國票61購01,2026-07-20,0.62,-0.06,-8.82,5000000,0,,,,,,,,,,
710753,擎邦國票61購01,2026-07-20,0.59,0.02,3.51,10000000,0,,否,,0.62,,,,,,
710754,耀穎國票65購01,2026-07-20,0.41,-0.03,-6.82,90000000,0,,否,,0.48,,,,,,
710758,佳邦元大61購02,2026-07-20,0.4,-0.13,-24.53,920000000,0,,是,,0.62,,,,,,
710762,聖暉*元大61購02,2026-07-20,0.53,-0.06,-10.17,761000000,0,,是,,0.61,,,,,,
710763,頎邦元大61購01,2026-07-20,0.77,-0.04,-4.94,865000000,0,,是,,1.06,,,,,,
710764,璟德元大61購02,2026-07-20,0.37,-0.03,-7.5,10000000,0,,,,,,,,,,
710766,竹陞凱基61購02,2026-07-20,0.77,0.05,6.94,23000000,0,,否,,,,,,,,
710769,茂達凱基61購02,2026-07-20,0.57,-0.08,-12.31,19000000,0,,否,,0.82,,,,,,
710771,聖暉*凱基61購02,2026-07-20,0.53,-0.03,-5.36,4000000,0,,否,,0.61,,,,,,
710774,中美晶永豐61購02,2026-07-20,1.2,-0.11,-8.4,76000000,0,,否,,1.37,,,,,,
710777,竹陞永豐63購01,2026-07-20,1.05,0.04,3.96,84000000,0,,是,,,,,,,,
710778,宜鼎永豐66購01,2026-07-20,0.88,-0.09,-9.28,226000000,0,,是,,1.14,,,,,,
710779,昇佳電永豐61購01,2026-07-20,1.14,0.02,1.79,77000000,0,,是,,1.19,,,,,,
710781,能率亞永豐61購01,2026-07-20,0.86,-0.23,-21.1,44000000,0,,,,,,,,,,
710785,頎邦永豐61購02,2026-07-20,0.52,-0.15,-22.39,100000000,0,,否,,0.84,,,,,,
710786,頎邦永豐64購01,2026-07-20,0.82,-0.17,-17.17,96000000,0,,否,,1.1,,,,,,
710787,璟德永豐61購02,2026-07-20,0.44,-0.1,-18.52,16000000,0,,否,,0.62,,,,,,
710788,寶雅永豐61購01,2026-07-20,0.58,-0.06,-9.38,81000000,0,,,,,,,,,,
710791,立碁台新61購01,2026-07-20,0.64,-0.18,-21.95,36000000,0,,否,,0.9,,,,,,
710792,竹陞台新61購02,2026-07-20,1.26,-0.21,-14.29,703000000,0,,,,,,,,,,
710793,宜鼎台新61購04,2026-07-20,0.41,-0.05,-10.87,30000000,0,,否,,0.59,,,,,,
710794,晟田台新61購01,2026-07-20,1.49,-0.2,-11.83,377000000,0,,否,,1.52,,,,,,
710797,群聯台新61購02,2026-07-20,1.58,-0.11,-6.51,25000000,0,,否,,2.04,,,,,,
710798,中美晶富邦61購02,2026-07-20,1.12,-0.11,-8.94,774000000,0,,否,,1.34,,,,,,
710799,欣銓富邦61購01,2026-07-20,0.34,-0.1,-22.73,92000000,0,,否,,0.5,,,,,,
710800,陽程富邦61購01,2026-07-20,0.63,-0.13,-17.11,20000000,0,,否,,0.82,,,,,,
710801,頎邦富邦63購01,2026-07-20,0.47,-0.09,-16.07,508000000,0,,否,,0.63,,,,,,
710802,頎邦富邦64購01,2026-07-20,0.48,-0.07,-12.73,189000000,0,,否,,0.63,,,,,,
710805,中美晶群益61購01,2026-07-20,5.6,-0.6,-9.68,38000000,0,,否,,6.21,,,,,,
710806,世界群益61購02,2026-07-20,1.21,-0.35,-22.44,295000000,0,,否,,1.67,,,,,,
710808,均豪群益61購02,2026-07-20,1.29,-0.27,-17.31,66000000,0,,否,,1.75,,,,,,
710809,良維群益61購03,2026-07-20,1.28,-0.04,-3.03,365000000,0,,,,,,,,,,
710810,杰力群益61購01,2026-07-20,0.6,-0.07,-10.45,4000000,0,,否,,0.84,,,,,,
710811,威剛群益61購04,2026-07-20,0.72,-0.19,-20.88,25000000,0,,是,,1.01,,,,,,
710813,能率群益61購01,2026-07-20,0.92,-0.25,-21.37,3000000,0,,,,,,,,,,
710814,翔名群益61購01,2026-07-20,0.84,-0.28,-25.0,170000000,0,,否,,,,,,,,
710816,群聯群益67購02,2026-07-20,1.32,-0.13,-8.97,108000000,0,,否,,1.81,,,,,,
710817,頎邦群益61購01,2026-07-20,0.61,-0.14,-18.67,75000000,0,,否,,0.92,,,,,,
710819,雙鴻群益61購01,2026-07-20,1.41,-0.32,-18.5,128000000,0,,,,,,,,,,
710820,中光電凱基61購03,2026-07-20,1.01,0.17,20.24,10000000,0,,否,,,,,,,,
710821,世紀*凱基61購02,2026-07-20,0.37,-0.11,-22.92,10000000,0,,,,,,,,,,
710822,良維凱基61購02,2026-07-20,1.28,0.11,9.4,115000000,0,,,,,,,,,,
710823,昇佳電凱基61購01,2026-07-20,1.31,0.02,1.55,59000000,0,,是,,,,,,,,
710824,家登凱基61購01,2026-07-20,0.75,-0.21,-21.88,98000000,0,,否,,,,,,,,
710826,頎邦凱基61購01,2026-07-20,0.55,-0.13,-19.12,11000000,0,,,,,,,,,,
710827,精材凱基61購06,2026-07-20,1.81,-0.19,-9.5,152000000,0,,,,,,,,,,
710828,竹陞台新61購03,2026-07-20,1.0,0.02,2.04,1067000000,0,,否,,,,,,,,
710830,朋程台新62購01,2026-07-20,0.67,-0.03,-4.29,13000000,0,,,,,,,,,,
710837,頎邦台新61購01,2026-07-20,0.64,0.03,4.92,368000000,0,,否,,1.02,,,,,,
710838,頎邦台新61購02,2026-07-20,0.67,-0.27,-28.72,74000000,0,,否,,1.12,,,,,,
710842,中美晶永豐65購02,2026-07-20,1.96,-0.06,-2.97,6000000,0,,否,,,,,,,,
710851,中菲行國票65購01,2026-07-20,0.61,0.01,1.67,5000000,0,,,,,,,,,,
710852,友威科國票65購01,2026-07-20,0.47,-0.04,-7.84,18000000,0,,否,,0.55,,,,,,
710853,全宇昕國票65購01,2026-07-20,0.36,0.0,0.0,16000000,0,,,,,,,,,,
710855,邑錡國票61購01,2026-07-20,0.56,-0.05,-8.2,40000000,0,,否,,0.78,,,,,,
710856,邑錡國票63購01,2026-07-20,0.78,-0.02,-2.5,25000000,0,,否,,1.03,,,,,,
710859,昇佳電國票65購01,2026-07-20,0.66,0.06,10.0,90000000,0,,是,,0.68,,,,,,
710866,健喬國票65購01,2026-07-20,0.69,-0.02,-2.82,1000000,0,,否,,,,,,,,
710875,鐿鈦國票65購01,2026-07-20,0.6,-0.02,-3.23,21000000,0,,否,,0.67,,,,,,
710876,竹陞國泰63購01,2026-07-20,1.15,0.07,6.48,443000000,0,,是,,,,,,,,
710877,青雲國泰62購03,2026-07-20,1.53,0.0,0.0,198000000,0,,是,,1.33,,,,,,
710880,大中富邦61購01,2026-07-20,0.26,-0.06,-18.75,3000000,0,,否,,0.43,,,,,,
710881,宜鼎富邦61購02,2026-07-20,0.28,-0.06,-17.65,294000000,0,,是,,,,,,,,
710883,宜鼎群益61購02,2026-07-20,0.59,-0.13,-18.06,20000000,0,,,,,,,,,,
710887,群聯群益67購03,2026-07-20,2.4,0.05,2.13,48000000,0,,是,,,,,,,,
710888,精材群益64購01,2026-07-20,1.03,-0.15,-12.71,31000000,0,,,,,,,,,,
710889,精剛群益61購01,2026-07-20,1.05,0.08,8.25,18000000,0,,否,,,,,,,,
710892,雙鴻群益61購02,2026-07-20,1.88,-0.33,-14.93,833000000,0,,是,,,,,,,,
710894,中美晶元大66購04,2026-07-20,1.59,-0.16,-9.14,26000000,0,,否,,1.73,,,,,,
710896,均豪元大61購02,2026-07-20,0.45,-0.09,-16.67,714000000,0,,,,,,,,,,
710898,宜特元大67購02,2026-07-20,0.96,-0.16,-14.29,245000000,0,,,,,,,,,,
710900,家登元大61購02,2026-07-20,0.89,-0.32,-26.45,702000000,0,,是,,1.26,,,,,,
710902,臺慶科元大64購02,2026-07-20,0.79,-0.34,-30.09,340000000,0,,,,,,,,,,
710903,鑫科元大61購01,2026-07-20,0.75,-0.16,-17.58,197000000,0,,是,,,,,,,,
710908,倉和國票65購01,2026-07-20,0.95,0.01,1.06,272000000,0,,否,,1.04,,,,,,
710909,晟田國票61購02,2026-07-20,1.5,-0.19,-11.24,955000000,0,,是,,1.6,,,,,,
710910,創泓國票61購01,2026-07-20,2.09,-0.02,-0.95,84000000,0,,否,,,,,,,,
710917,大中凱基61購02,2026-07-20,0.26,-0.08,-23.53,404000000,0,,,,,,,,,,
710918,中美晶凱基66購01,2026-07-20,1.88,-0.07,-3.59,20000000,0,,否,,,,,,,,
710921,宜鼎凱基61購02,2026-07-20,0.66,-0.1,-13.16,45000000,0,,,,,,,,,,
710925,博大凱基61購01,2026-07-20,0.6,-0.02,-3.23,10000000,0,,,,,,,,,,
710927,雙鴻凱基61購05,2026-07-20,1.3,-0.17,-11.56,34000000,0,,,,,,,,,,
710930,欣銓群益61購01,2026-07-20,0.44,-0.13,-22.81,5000000,0,,,,,,,,,,
710932,家登群益61購04,2026-07-20,1.11,-0.35,-23.97,17000000,0,,否,,,,,,,,
710936,中美晶國泰64購01,2026-07-20,2.39,-0.18,-7.0,367000000,0,,是,,2.64,,,,,,
710937,中光電富邦64購01,2026-07-20,0.45,0.01,2.27,375000000,0,,是,,,,,,,,
710938,威剛富邦64購01,2026-07-20,0.37,-0.05,-11.9,254000000,0,,,,,,,,,,
710942,群聯中信67購01,2026-07-20,0.38,-0.05,-11.63,414000000,0,,,,,,,,,,
710943,中光電永豐61購03,2026-07-20,0.39,-0.04,-9.3,542000000,0,,是,,0.55,,,,,,
710946,長聖永豐61購01,2026-07-20,0.65,-0.01,-1.52,50000000,0,,否,,0.81,,,,,,
710950,倉和永豐61購01,2026-07-20,1.43,0.17,13.49,24000000,0,,否,,1.52,,,,,,
710951,倉和永豐64購01,2026-07-20,1.85,0.04,2.21,158000000,0,,否,,,,,,,,
710956,智通*永豐64購01,2026-07-20,0.86,-0.23,-21.1,108000000,0,,,,,,,,,,
710958,精剛永豐61購01,2026-07-20,0.72,0.03,4.35,154000000,0,,否,,,,,,,,
710959,磐儀永豐61購01,2026-07-20,0.62,-0.26,-29.55,10000000,0,,,,,,,,,,
710960,中光電元大61購05,2026-07-20,0.5,0.03,6.38,3175000000,0,,否,,0.71,,,,,,
710962,中美晶元大66購05,2026-07-20,1.66,-0.12,-6.74,170000000,0,,是,,1.63,,,,,,
710964,宜鼎元大61購07,2026-07-20,0.62,-0.17,-21.52,64000000,0,,是,,,,,,,,
710965,晟田元大61購02,2026-07-20,2.06,-0.37,-15.23,708000000,0,,否,,2.12,,,,,,
710966,創惟元大61購01,2026-07-20,0.9,-0.19,-17.43,10000000,0,,否,,,,,,,,
710968,翔名元大61購01,2026-07-20,0.79,-0.28,-26.17,262000000,0,,是,,1.1,,,,,,
710969,群聯元大64購07,2026-07-20,0.96,-0.05,-4.95,637000000,0,,,,,,,,,,
710970,頎邦元大61購02,2026-07-20,0.66,-0.14,-17.5,589000000,0,,否,,0.93,,,,,,
710975,大中台新61購03,2026-07-20,0.38,-0.04,-9.52,15000000,0,,,,,,,,,,
710977,中光電台新61購04,2026-07-20,0.74,-0.08,-9.76,107000000,0,,是,,,,,,,,
710980,博大台新61購02,2026-07-20,0.68,-0.01,-1.45,31000000,0,,,,,,,,,,
710982,精材台新61購03,2026-07-20,1.26,-0.25,-16.56,50000000,0,,否,,,,,,,,
710985,家登凱基61購02,2026-07-20,1.1,-0.22,-16.67,419000000,0,,,,,,,,,,
710986,振曜凱基61購01,2026-07-20,0.72,-0.14,-16.28,8000000,0,,,,,,,,,,
710989,頎邦凱基61購02,2026-07-20,0.73,-0.1,-12.05,45000000,0,,否,,,,,,,,
710990,精材凱基61購07,2026-07-20,3.13,-0.37,-10.57,12000000,0,,,,,,,,,,
710991,營邦凱基61購01,2026-07-20,0.56,-0.01,-1.75,37000000,0,,,,,,,,,,
710996,大江國票65購01,2026-07-20,0.77,0.0,0.0,10000000,0,,否,,,,,,,,
710997,大學光國票61購01,2026-07-20,0.77,0.01,1.32,48000000,0,,,,,,,,,,
711002,廣積國票66購01,2026-07-20,0.8,-0.12,-13.04,11000000,0,,,,,,,,,,
711003,陽程群益61購02,2026-07-20,0.61,-0.14,-18.67,46000000,0,,是,,,,,,,,
711005,宜鼎國泰62購02,2026-07-20,0.88,-0.12,-12.0,20000000,0,,,,,,,,,,
711006,大中元大61購02,2026-07-20,0.8,-0.03,-3.61,10000000,0,,,,,,,,,,
711009,巨有元大61購02,2026-07-20,0.64,-0.16,-20.0,300000000,0,,,,,,,,,,
711012,宜鼎元大61購08,2026-07-20,0.53,-0.07,-11.67,1000000,0,,否,,,,,,,,
711013,宜鼎元大61購09,2026-07-20,0.85,-0.11,-11.46,1219000000,0,,,,,,,,,,
711014,昇佳電元大61購01,2026-07-20,1.21,0.05,4.31,1968000000,0,,是,,,,,,,,
711016,青雲元大61購01,2026-07-20,1.32,-0.15,-10.2,2042000000,0,,是,,,,,,,,
711020,家登元大61購03,2026-07-20,0.96,-0.19,-16.52,162000000,0,,否,,,,,,,,
711021,智通*元大61購01,2026-07-20,0.69,-0.03,-4.17,1176000000,0,,,,,,,,,,
711022,群聯元大64購08,2026-07-20,0.58,-0.02,-3.33,175000000,0,,,,,,,,,,
711023,譜瑞元大61購04,2026-07-20,1.4,-0.2,-12.5,2000000,0,,,,,,,,,,
711024,中美晶統一65購01,2026-07-20,0.72,-0.03,-4.0,356000000,0,,是,,,,,,,,
711029,精材統一67購01,2026-07-20,0.88,-0.01,-1.12,1000000,0,,否,,,,,,,,
711032,中光電永豐61購05,2026-07-20,0.72,0.05,7.46,105000000,0,,否,,,,,,,,
711036,宜鼎永豐63購02,2026-07-20,0.62,-0.05,-7.46,8000000,0,,,,,,,,,,
711041,群聯永豐67購01,2026-07-20,0.48,-0.08,-14.29,228000000,0,,,,,,,,,,
711042,廣積永豐61購01,2026-07-20,0.77,-0.12,-13.48,5000000,0,,,,,,,,,,
711043,宜鼎中信61購03,2026-07-20,0.4,0.0,0.0,62000000,0,,,,,,,,,,
711044,群聯中信61購01,2026-07-20,0.33,-0.02,-5.71,20000000,0,,否,,,,,,,,
711047,巨有凱基61購02,2026-07-20,0.58,-0.06,-9.38,469000000,0,,,,,,,,,,
711048,宜特凱基61購04,2026-07-20,0.84,-0.29,-25.66,12000000,0,,,,,,,,,,
711049,宜鼎凱基61購03,2026-07-20,0.82,-0.11,-11.83,245000000,0,,是,,,,,,,,
711052,智通*凱基61購01,2026-07-20,0.8,-0.28,-25.93,8000000,0,,否,,,,,,,,
711054,鈊象凱基61購03,2026-07-20,1.32,0.07,5.6,40000000,0,,,,,,,,,,
711055,群聯凱基64購04,2026-07-20,1.58,-0.08,-4.82,56000000,0,,是,,,,,,,,
711056,精材凱基61購08,2026-07-20,1.83,-0.37,-16.82,75000000,0,,,,,,,,,,
711057,廣積凱基65購01,2026-07-20,0.91,-0.1,-9.9,1000000,0,,,,,,,,,,
711060,艾訊群益61購01,2026-07-20,0.66,-0.39,-37.14,28000000,0,,,,,,,,,,
711063,群聯群益61購06,2026-07-20,3.12,-1.06,-25.36,10000000,0,,,,,,,,,,
711065,大樹國票65購01,2026-07-20,0.79,-0.04,-4.82,504000000,0,,,,,,,,,,
711066,公準國票65購01,2026-07-20,0.62,-0.06,-8.82,10000000,0,,,,,,,,,,
711073,智崴國票65購01,2026-07-20,0.58,0.01,1.75,256000000,0,,是,,,,,,,,
711075,廣明國票65購01,2026-07-20,0.63,0.01,1.61,16000000,0,,,,,,,,,,
711077,中美晶元大61購03,2026-07-20,1.42,-0.11,-7.19,15000000,0,,否,,,,,,,,
711078,台嘉碩元大61購03,2026-07-20,0.89,-0.3,-25.21,100000000,0,,是,,,,,,,,
711079,宜鼎元大61購10,2026-07-20,0.8,-0.07,-8.05,2820000000,0,,是,,,,,,,,
711080,智通*元大61購02,2026-07-20,0.88,-0.03,-3.3,792000000,0,,是,,,,,,,,
711081,群聯元大61購14,2026-07-20,0.85,-0.05,-5.56,2754000000,0,,是,,,,,,,,
711082,臺慶科元大61購03,2026-07-20,0.34,-0.04,-10.53,1340000000,0,,否,,,,,,,,
711083,世界國泰62購01,2026-07-20,0.95,-0.33,-25.78,50000000,0,,否,,,,,,,,
711084,博大國泰62購01,2026-07-20,0.82,-0.07,-7.87,96000000,0,,否,,,,,,,,
711085,陽程國泰62購01,2026-07-20,1.37,-0.39,-22.16,34000000,0,,,,,,,,,,
711086,群聯國泰62購03,2026-07-20,1.14,-0.16,-12.31,79000000,0,,,,,,,,,,
711087,精材國泰62購02,2026-07-20,2.56,-0.39,-13.22,16000000,0,,是,,,,,,,,
711088,中美晶富邦61購03,2026-07-20,0.97,-0.1,-9.35,1691000000,0,,是,,,,,,,,
711090,翔名富邦61購01,2026-07-20,0.5,-0.22,-30.56,566000000,0,,,,,,,,,,
711091,陽程富邦61購02,2026-07-20,0.48,-0.13,-21.31,197000000,0,,,,,,,,,,
711093,精材中信61購02,2026-07-20,0.67,-0.06,-8.22,71000000,0,,,,,,,,,,
711094,千附永豐61購01,2026-07-20,2.34,-0.5,-17.61,8000000,0,,否,,,,,,,,
711095,千附永豐61購02,2026-07-20,1.78,-0.5,-21.93,100000000,0,,是,,,,,,,,
711099,千附精統一67購01,2026-07-20,0.48,-0.07,-12.73,246000000,0,,否,,,,,,,,
711106,尼克森統一65購01,2026-07-20,0.37,-0.06,-13.95,2000000,0,,,,,,,,,,
711110,青雲統一69購01,2026-07-20,0.68,-0.03,-4.23,1996000000,0,,,,,,,,,,
711115,智通*統一67購01,2026-07-20,0.66,-0.02,-2.94,132000000,0,,,,,,,,,,
711116,陽程統一6C購01,2026-07-20,0.58,-0.05,-7.94,97000000,0,,,,,,,,,,
711118,頎邦統一65購01,2026-07-20,0.4,-0.09,-18.37,630000000,0,,是,,,,,,,,
711119,頎邦統一67購02,2026-07-20,0.48,-0.07,-12.73,17000000,0,,,,,,,,,,
711122,精材統一65購02,2026-07-20,0.78,-0.13,-14.29,454000000,0,,是,,,,,,,,
711123,精材統一67購02,2026-07-20,0.65,-0.05,-7.14,319000000,0,,是,,,,,,,,
711124,中美晶凱基64購01,2026-07-20,1.54,0.0,0.0,43000000,0,,,,,,,,,,
711125,家登凱基67購01,2026-07-20,0.77,-0.23,-23.0,25000000,0,,,,,,,,,,
711127,順達凱基61購03,2026-07-20,0.71,-0.08,-10.13,20000000,0,,,,,,,,,,
711128,群聯凱基61購08,2026-07-20,1.07,-0.17,-13.71,164000000,0,,,,,,,,,,
711129,群聯凱基61購09,2026-07-20,0.96,-0.24,-20.0,276000000,0,,,,,,,,,,
711132,臺慶科凱基61購03,2026-07-20,0.46,-0.1,-17.86,102000000,0,,,,,,,,,,
711133,宜鼎台新62購01,2026-07-20,0.74,-0.09,-10.84,48000000,0,,,,,,,,,,
711134,茂達台新61購01,2026-07-20,0.6,-0.05,-7.69,8000000,0,,,,,,,,,,
711135,茂達台新61購02,2026-07-20,0.75,-0.21,-21.88,40000000,0,,,,,,,,,,
711136,群聯台新67購03,2026-07-20,1.34,-0.04,-2.9,34000000,0,,,,,,,,,,
711137,群聯台新67購04,2026-07-20,1.14,-0.03,-2.56,45000000,0,,,,,,,,,,
711139,頎邦台新61購05,2026-07-20,0.8,-0.36,-31.03,103000000,0,,,,,,,,,,
711140,精材台新61購04,2026-07-20,1.19,-0.14,-10.53,1000000,0,,,,,,,,,,
711141,精材台新61購05,2026-07-20,1.3,-0.09,-6.47,6000000,0,,,,,,,,,,
711142,精材台新62購02,2026-07-20,1.21,-0.14,-10.37,1000000,0,,,,,,,,,,
711143,力麒國票65購01,2026-07-20,0.63,-0.02,-3.08,500000000,0,,,,,,,,,,
711144,天良國票61購01,2026-07-20,1.43,-0.35,-19.66,93000000,0,,,,,,,,,,
711148,陽程國票61購01,2026-07-20,0.77,-0.25,-24.51,43000000,0,,,,,,,,,,
711149,陽程國票61購02,2026-07-20,0.81,-0.32,-28.32,3000000,0,,,,,,,,,,
711151,精材國票61購04,2026-07-20,1.57,-0.09,-5.42,10000000,0,,,,,,,,,,
711152,精材國票65購01,2026-07-20,1.48,-0.22,-12.94,4000000,0,,,,,,,,,,
711155,千附群益61購02,2026-07-20,1.95,-0.49,-20.08,10000000,0,,,,,,,,,,
711157,青雲群益61購01,2026-07-20,0.99,0.14,16.47,592000000,0,,,,,,,,,,
711158,青雲群益61購02,2026-07-20,1.19,-0.13,-9.85,141000000,0,,,,,,,,,,
711160,鈊象群益61購02,2026-07-20,1.31,0.12,10.08,248000000,0,,,,,,,,,,
711162,群聯群益61購07,2026-07-20,1.89,-0.28,-12.9,45000000,0,,,,,,,,,,
711164,中光電元大61購06,2026-07-20,0.59,0.02,3.51,3066000000,0,,,,,,,,,,
711165,中光電元大61購07,2026-07-20,0.64,0.01,1.59,1742000000,0,,,,,,,,,,
711166,中美晶元大61購04,2026-07-20,0.89,0.0,0.0,463000000,0,,,,,,,,,,
711167,宜鼎元大63購02,2026-07-20,0.87,-0.14,-13.86,242000000,0,,,,,,,,,,
711169,智通*元大61購03,2026-07-20,0.94,-0.08,-7.84,1015000000,0,,,,,,,,,,
711170,翔名元大61購02,2026-07-20,0.73,-0.21,-22.34,817000000,0,,,,,,,,,,
711171,順達元大61購01,2026-07-20,0.68,-0.24,-26.09,499000000,0,,,,,,,,,,
711172,群聯元大61購15,2026-07-20,0.78,-0.04,-4.88,2871000000,0,,,,,,,,,,
711173,頎邦元大61購03,2026-07-20,0.77,-0.13,-14.44,2186000000,0,,,,,,,,,,
711174,精材元大61購10,2026-07-20,0.76,-0.03,-3.8,639000000,0,,,,,,,,,,
711175,精材元大61購11,2026-07-20,1.4,-0.1,-6.67,246000000,0,,,,,,,,,,
711176,精材元大63購05,2026-07-20,1.07,0.03,2.88,164000000,0,,,,,,,,,,
711177,營邦元大61購01,2026-07-20,0.83,0.03,3.75,18000000,0,,,,,,,,,,
711184,中光電統一6C購01,2026-07-20,0.52,-0.01,-1.89,5000000,0,,,,,,,,,,
711185,中美晶統一65購02,2026-07-20,0.89,-0.04,-4.3,25000000,0,,,,,,,,,,
711186,中美晶統一67購01,2026-07-20,0.8,-0.03,-3.61,48000000,0,,,,,,,,,,
711187,中美晶統一6C購01,2026-07-20,0.82,-0.03,-3.53,13000000,0,,,,,,,,,,
711196,青雲統一69購02,2026-07-20,0.65,0.02,3.17,1996000000,0,,,,,,,,,,
711211,精材統一6C購02,2026-07-20,0.78,-0.08,-9.3,30000000,0,,,,,,,,,,
711212,大樹永豐61購01,2026-07-20,0.77,-0.03,-3.75,117000000,0,,,,,,,,,,
711214,宜鼎永豐67購01,2026-07-20,0.84,-0.01,-1.18,38000000,0,,,,,,,,,,
711215,智通*永豐65購01,2026-07-20,0.82,-0.05,-5.75,56000000,0,,,,,,,,,,
711217,頎邦永豐65購01,2026-07-20,0.62,-0.13,-17.33,30000000,0,,,,,,,,,,
711218,精材永豐61購03,2026-07-20,0.73,-0.07,-8.75,1000000,0,,,,,,,,,,
711222,廣積國泰62購01,2026-07-20,2.05,-0.25,-10.87,22000000,0,,,,,,,,,,
711229,智通*富邦64購02,2026-07-20,0.65,-0.08,-10.96,94000000,0,,,,,,,,,,
711230,順達富邦63購01,2026-07-20,0.38,-0.16,-29.63,160000000,0,,,,,,,,,,
711231,鈊象富邦63購02,2026-07-20,0.64,-0.01,-1.54,291000000,0,,,,,,,,,,
711232,中美晶台新61購04,2026-07-20,1.16,0.01,0.87,353000000,0,,,,,,,,,,
711233,宜鼎台新63購01,2026-07-20,0.88,-0.09,-9.28,18000000,0,,,,,,,,,,
711235,千附群益61購03,2026-07-20,1.79,-0.35,-16.36,5000000,0,,,,,,,,,,
711239,千附凱基61購01,2026-07-20,1.24,-0.27,-17.88,70000000,0,,,,,,,,,,
711240,中美晶凱基61購07,2026-07-20,1.17,-0.12,-9.3,37000000,0,,,,,,,,,,
711242,青雲凱基61購01,2026-07-20,1.22,-0.19,-13.48,590000000,0,,,,,,,,,,
711244,智通*凱基61購02,2026-07-20,1.22,-0.2,-14.08,50000000,0,,,,,,,,,,
711245,順達凱基61購04,2026-07-20,0.38,-0.12,-24.0,3000000,0,,,,,,,,,,
711248,雙鴻凱基61購06,2026-07-20,1.61,-0.14,-8.0,20000000,0,,,,,,,,,,
711250,千附國票61購03,2026-07-20,1.18,-0.19,-13.87,166000000,0,,,,,,,,,,
711251,中美晶國票65購02,2026-07-20,1.28,-0.13,-9.22,130000000,0,,,,,,,,,,
711252,巨有國票61購01,2026-07-20,0.87,-0.07,-7.45,42000000,0,,,,,,,,,,
711255,晶呈國票65購01,2026-07-20,0.62,-0.17,-21.52,100000000,0,,,,,,,,,,
711256,千附元大61購01,2026-07-20,1.51,-0.35,-18.82,5000000,0,,,,,,,,,,
711257,中光電元大61購08,2026-07-20,0.49,-0.02,-3.92,529000000,0,,,,,,,,,,
711259,中光電元大63購01,2026-07-20,0.47,0.0,0.0,740000000,0,,,,,,,,,,
711264,家登元大61購05,2026-07-20,1.01,-0.11,-9.82,599000000,0,,,,,,,,,,
711266,群聯元大61購16,2026-07-20,1.04,-0.1,-8.77,1772000000,0,,,,,,,,,,
711267,臺慶科元大61購04,2026-07-20,1.09,-0.11,-9.17,388000000,0,,,,,,,,,,
711268,營邦元大61購02,2026-07-20,1.13,0.09,8.65,17000000,0,,,,,,,,,,
711269,中美晶國泰62購01,2026-07-20,2.26,0.07,3.2,25000000,0,,,,,,,,,,
711270,世界富邦61購03,2026-07-20,0.52,-0.02,-3.7,20000000,0,,,,,,,,,,
711279,千附統一6C購01,2026-07-20,0.6,-0.05,-7.69,21000000,0,,,,,,,,,,
711282,青雲統一67購01,2026-07-20,0.93,-0.06,-6.06,11000000,0,,,,,,,,,,
711287,M31台新61購01,2026-07-20,1.59,0.28,21.37,34000000,0,,,,,,,,,,
711288,M31台新62購01,2026-07-20,1.24,0.14,12.73,11000000,0,,,,,,,,,,
711289,M31台新64購01,2026-07-20,0.98,0.12,13.95,15000000,0,,,,,,,,,,
711291,富喬台新61購02,2026-07-20,1.11,-0.03,-2.63,7000000,0,,,,,,,,,,
711292,頎邦台新61購06,2026-07-20,0.92,-0.26,-22.03,405000000,0,,,,,,,,,,
711293,M31凱基61購01,2026-07-20,1.49,0.3,25.21,10000000,0,,,,,,,,,,
711298,中美晶凱基61購08,2026-07-20,1.58,-0.15,-8.67,107000000,0,,,,,,,,,,
711303,群聯凱基65購01,2026-07-20,1.58,-0.09,-5.39,499000000,0,,,,,,,,,,
711306,千附精元大61購01,2026-07-20,1.05,-0.1,-8.7,70000000,0,,,,,,,,,,
711307,中光電元大61購10,2026-07-20,1.23,0.02,1.65,23000000,0,,,,,,,,,,
711310,原相元大61購03,2026-07-20,1.44,0.11,8.27,2765000000,0,,,,,,,,,,
711313,臺慶科元大61購05,2026-07-20,1.1,-0.18,-14.06,22000000,0,,,,,,,,,,
711314,世界國泰62購02,2026-07-20,1.12,-0.33,-22.76,5000000,0,,,,,,,,,,
711325,M31群益61購01,2026-07-20,1.17,0.07,6.36,8000000,0,,,,,,,,,,
711330,群聯群益63購01,2026-07-20,1.14,-0.06,-5.0,366000000,0,,,,,,,,,,
711331,M31富邦63購01,2026-07-20,0.86,0.1,13.16,302000000,0,,,,,,,,,,
711332,九暘統一65購01,2026-07-20,0.46,-0.05,-9.8,100000000,0,,,,,,,,,,
711333,中美晶統一67購02,2026-07-20,0.51,-0.06,-10.53,118000000,0,,,,,,,,,,
711336,原相永豐61購03,2026-07-20,1.57,0.0,0.0,3000000,0,,,,,,,,,,
711343,中美晶凱基61購09,2026-07-20,0.93,-0.36,-27.91,52000000,0,,,,,,,,,,
711344,宜鼎凱基61購04,2026-07-20,1.04,-0.25,-19.38,6000000,0,,,,,,,,,,
711350,中光電元大61購11,2026-07-20,1.26,-0.07,-5.26,292000000,0,,,,,,,,,,
711351,中美晶元大61購05,2026-07-20,1.34,-0.15,-10.07,661000000,0,,,,,,,,,,
711353,智通*元大61購04,2026-07-20,0.64,-0.1,-13.51,729000000,0,,,,,,,,,,
711354,智通*元大61購05,2026-07-20,0.8,-0.13,-13.98,1011000000,0,,,,,,,,,,
711355,中美晶群益61購02,2026-07-20,2.83,0.1,3.66,27000000,0,,,,,,,,,,
711358,巨有群益61購01,2026-07-20,1.19,-0.2,-14.39,1000000,0,,,,,,,,,,
711360,智通*群益61購01,2026-07-20,0.67,-0.29,-30.21,315000000,0,,,,,,,,,,
711366,敘豐永豐64購01,2026-07-20,0.87,-0.04,-4.4,3000000,0,,,,,,,,,,
711367,凱崴永豐61購01,2026-07-20,0.56,-0.31,-35.63,50000000,0,,,,,,,,,,
711369,華電網永豐61購01,2026-07-20,0.73,-0.26,-26.26,16000000,0,,,,,,,,,,
711373,群聯永豐67購02,2026-07-20,0.97,-0.26,-21.14,22000000,0,,,,,,,,,,
711378,敘豐國票61購01,2026-07-20,0.95,-0.41,-30.15,20000000,0,,,,,,,,,,
711379,創泓國票61購02,2026-07-20,1.31,-0.16,-10.88,5000000,0,,,,,,,,,,
711388,倉和國泰62購01,2026-07-20,1.35,-0.11,-7.53,73000000,0,,,,,,,,,,
711404,杰力統一67購01,2026-07-20,0.55,-0.02,-3.51,10000000,0,,,,,,,,,,
722354,系統電統一57購01,2026-07-20,0.05,0.01,25.0,10000000,0,,否,,0.24,0.35,,,-45.9821,-45.9248,
722429,雷科統一57購01,2026-07-20,0.74,-0.31,-29.52,1000000,0,,否,,1.16,1.44,1.25,,-32.948,2.3371,
722726,精材統一58購01,2026-07-20,0.13,-0.04,-23.53,330000000,0,紅縮,否,,0.23,0.16,0.12,,123.5294,63.3663,54.1401
722884,雙鴻統一58購02,2026-07-20,0.2,-0.15,-42.86,9000000,0,,,,,,,,,,
723287,巨有統一58購01,2026-07-20,0.02,-0.09,-81.82,831000000,0,,是,,0.27,0.31,,,-21.6374,,
723422,先進光元富58購01,2026-07-20,0.54,0.07,14.89,11000000,0,,否,,0.49,0.49,0.53,,-1.2146,-16.3543,11.9748
72348U,良維群益59售01,2026-07-20,0.06,0.0,0.0,10000000,0,,是,,0.06,,,,,,
723681,雷科元富58購01,2026-07-20,1.51,-0.3,-16.57,12000000,0,綠增,否,,2.18,2.39,2.59,,-16.372,-20.127,0.622
724017,家登統一59購01,2026-07-20,0.11,-0.01,-8.33,10000000,0,,否,,0.14,0.16,,,-23.5955,,
72414U,振曜群益5A售01,2026-07-20,2.73,0.35,14.71,67000000,0,,是,,2.32,,,,,,
724478,千附精統一59購01,2026-07-20,0.37,-0.17,-31.48,43000000,0,,否,,0.63,0.61,,,5.3512,4.7782,
72479U,擎亞群益5B售01,2026-07-20,0.01,0.0,0.0,90000000,0,,,,,,,,,,
72485U,信驊群益5B售01,2026-07-20,0.02,0.0,0.0,173000000,0,紅增,否,,0.02,0.02,0.02,,-0.0,-14.2857,-9.0909
724979,鈊象統一5A購01,2026-07-20,0.06,-0.04,-40.0,351000000,0,,是,,0.1,0.12,,,-20.0,-15.8273,
72523U,新應材群益5B售01,2026-07-20,0.41,0.01,2.5,129000000,0,,是,,0.34,0.33,,,11.6883,,
72572U,精測群益62售01,2026-07-20,0.2,0.01,5.26,20000000,0,,否,,0.16,,,,,,
72577U,力旺國票58售02,2026-07-20,0.02,-0.09,-81.82,23000000,0,,否,,0.08,0.07,,,57.6923,,
72587U,華電網國票5A售01,2026-07-20,0.8,0.07,9.59,15000000,0,,否,,0.67,0.59,0.59,,29.7297,7.7899,
72597U,昇達科群益58售02,2026-07-20,0.01,0.0,0.0,207000000,0,,是,,0.02,0.02,,,-27.2727,,
72600U,昇達科國票59售01,2026-07-20,0.03,0.0,0.0,11000000,0,,否,,0.03,0.03,0.03,,60.0,23.8095,
72602U,宏捷科凱基58售01,2026-07-20,0.32,0.09,39.13,4000000,0,,否,,0.2,0.19,0.2,,16.2791,18.4713,10.4225
72609U,富喬國票58售02,2026-07-20,0.48,0.13,37.14,1000000,0,,否,,0.27,0.36,,,-40.0901,,
72610U,富喬國票5C售02,2026-07-20,0.96,0.07,7.87,7000000,0,紅增,否,,0.8,0.71,0.69,,28.7097,15.2846,-0.2157
72614U,富喬中信5C售02,2026-07-20,0.25,0.03,13.64,5000000,0,,否,,0.18,0.15,,,58.6207,8.6957,
72629U,櫃200群益5B售02,2026-07-20,0.24,0.03,14.29,77000000,0,紅增,是,,0.18,0.16,0.17,,17.3333,5.1613,-6.2331
72638U,譜瑞群益5C售01,2026-07-20,0.76,0.16,26.67,27000000,0,,否,,0.68,0.69,,,-1.4493,5.8733,
72650U,雙鴻群益59售01,2026-07-20,0.56,0.05,9.8,37000000,0,,是,,0.52,0.48,,,14.6018,,
72651U,穩懋群益58售01,2026-07-20,0.39,0.21,116.67,3000000,0,,否,,0.42,0.33,,,76.2712,,
72665U,信驊永豐59售01,2026-07-20,0.01,-0.02,-66.67,23000000,0,,是,,0.03,0.03,0.03,,0.0,13.0435,
72667U,富喬凱基59售01,2026-07-20,1.11,0.14,14.43,14000000,0,,否,,0.75,0.72,,,9.621,-18.016,
72688U,信驊凱基58售03,2026-07-20,0.09,0.04,80.0,5000000,0,,否,,0.07,,,,,,
72690U,信驊群益59售02,2026-07-20,0.01,-0.06,-85.71,91000000,0,,是,,,,,,,,
72691U,信驊群益5B售03,2026-07-20,0.03,-0.02,-40.0,100000000,0,,否,,0.05,0.04,0.04,,38.8889,13.1579,
726925,金麗科統一5B購02,2026-07-20,0.13,-0.03,-18.75,25000000,0,綠增,否,,0.17,0.19,0.23,,-24.5455,-16.8103,-5.625
726926,金麗科統一5B購03,2026-07-20,0.12,-0.01,-7.69,60000000,0,,否,,0.16,0.23,0.27,,-44.9664,-24.5098,-18.0428
726927,金麗科統一5B購04,2026-07-20,0.2,0.0,0.0,28000000,0,綠增,否,,0.28,0.33,0.35,,-25.1337,-15.9383,-8.9974
72692U,信驊群益61售02,2026-07-20,0.1,-0.01,-9.09,235000000,0,紅縮,否,,0.1,0.1,0.09,,13.3333,4.3478,2.2346
72693U,穩懋群益59售02,2026-07-20,0.38,0.14,58.33,1000000,0,,否,,0.2,0.18,,,28.2051,37.9845,
72697U,穩懋凱基59售04,2026-07-20,0.17,0.04,30.77,1298000000,0,,是,,0.1,0.08,,,73.3333,28.125,
72700U,博智凱基59售03,2026-07-20,0.02,0.0,0.0,20000000,0,,,,,,,,,,
72704U,點序群益61售01,2026-07-20,2.71,0.17,6.69,20000000,0,,是,,1.99,1.63,,,56.2009,,
72707U,精測國票58售02,2026-07-20,0.28,0.03,12.0,5000000,0,,否,,0.21,0.18,0.15,,51.4286,39.6825,0.33
727095,高鋒統一5A購01,2026-07-20,0.21,0.1,90.91,1000000,0,,否,,0.16,0.17,,,-17.7083,,
72720U,信驊元大58售03,2026-07-20,0.01,-0.01,-50.0,10000000,0,綠增,否,,0.02,0.04,0.04,,-62.963,-21.2766,-20.7207
72724U,信驊國票5B售01,2026-07-20,0.08,-0.01,-11.11,6515000000,0,紅縮,是,,0.08,0.07,0.07,,35.4839,5.7971,-1.3986
72730U,穩懋國票59售01,2026-07-20,0.05,0.02,66.67,113000000,0,,否,,0.05,0.04,,,27.7778,-56.383,
72733U,中探針群益62售01,2026-07-20,0.17,0.03,21.43,557000000,0,綠轉紅,否,,0.11,0.1,0.14,,21.7391,-13.5593,-11.7264
72735U,世界群益5A售01,2026-07-20,0.72,0.2,38.46,47000000,0,紅增,是,,0.54,0.52,0.64,,10.5691,1.9685,-17.7346
72737U,雙鴻群益5A售04,2026-07-20,2.74,0.21,8.3,116000000,0,,否,,2.69,2.39,2.24,,28.122,11.927,
72740U,精測國票59售01,2026-07-20,1.09,-0.01,-0.91,6000000,0,,否,,1.0,0.9,0.83,,27.0886,22.2071,
72741U,精測國票59售02,2026-07-20,1.48,0.04,2.78,16000000,0,,否,,1.35,1.25,1.06,,17.0139,29.3996,4.1076
72748U,精測群益5A售02,2026-07-20,1.82,0.18,10.98,1000000,0,紅增,否,,1.61,1.5,1.39,,15.6835,13.3031,4.1526
72749U,精測群益62售04,2026-07-20,1.34,0.01,0.75,303000000,0,紅增,否,,1.27,1.21,1.12,,11.5789,10.3385,3.4706
72757U,力旺凱基58售03,2026-07-20,0.12,-0.02,-14.29,10000000,0,,否,,0.09,,,,,,
72760U,力旺元富58售03,2026-07-20,0.27,0.09,50.0,98000000,0,,否,,0.2,0.17,,,44.1176,39.4958,
72763U,譜瑞國票59售02,2026-07-20,0.27,0.06,28.57,52000000,0,,否,,0.18,,,,,,
72769U,穩懋元富58售03,2026-07-20,0.37,0.06,19.35,1000000,0,,否,,0.22,0.19,,,36.5854,21.25,
72770U,信驊凱基59售02,2026-07-20,0.07,0.01,16.67,655000000,0,,否,,0.06,0.05,0.06,,29.1667,-1.7857,-9.8592
72771U,信驊國票59售05,2026-07-20,0.06,-0.01,-14.29,867000000,0,紅縮,是,,0.07,0.06,0.06,,32.0,0.0,-6.4516
72772U,穩懋群益63售01,2026-07-20,0.6,0.04,7.14,497000000,0,紅增,否,,0.48,0.45,0.4,,18.6275,11.7794,5.7516
72774U,信驊永豐5A售01,2026-07-20,0.14,0.03,27.27,15000000,0,,否,,0.13,0.14,,,-12.3288,-12.1795,
72778U,穩懋凱基59售12,2026-07-20,0.45,0.09,25.0,979000000,0,紅增,否,,0.27,0.22,0.18,,48.8889,30.9942,15.1613
72779U,穩懋元大59售08,2026-07-20,1.15,0.27,30.68,30000000,0,,否,,0.72,0.55,0.54,,95.1351,12.3457,
72780U,旺矽凱基59售02,2026-07-20,0.02,0.01,100.0,1000000,0,,否,,0.01,0.01,,,0.0,-66.6667,
72781U,系統電國票5A售01,2026-07-20,1.3,0.12,10.17,5000000,0,,否,,0.96,0.83,0.75,,39.0173,17.305,
72782U,環球晶群益62售01,2026-07-20,0.6,0.22,57.89,93000000,0,,是,,0.25,0.15,,,477.2727,13.7405,
72785U,旺矽富邦5A售02,2026-07-20,0.06,0.01,20.0,1000000,0,,否,,0.03,0.03,,,36.3636,-31.5789,
72787U,神盾群益59售01,2026-07-20,0.25,0.03,13.64,40000000,0,,是,,0.21,0.29,,,-44.3243,,
72788U,能率群益59售02,2026-07-20,0.21,0.03,16.67,126000000,0,,是,,0.18,0.27,,,-48.2955,,
72792U,台特化凱基59售04,2026-07-20,1.77,0.01,0.57,12000000,0,,,,,,,,,,
72793U,宜特凱基59售01,2026-07-20,0.27,0.04,17.39,570000000,0,,是,,0.28,0.31,,,-20.6897,,
72794U,雙鴻凱基5A售02,2026-07-20,1.86,0.09,5.08,168000000,0,,是,,1.83,1.72,1.61,,13.5236,7.6298,
72797U,台特化國票5A售02,2026-07-20,1.36,0.24,21.43,34000000,0,紅增,否,,1.06,1.01,1.01,,9.3168,3.2686,4.8579
72799U,雙鴻國票5A售01,2026-07-20,0.61,0.09,17.31,7000000,0,,否,,0.58,0.51,0.49,,28.0,13.245,
72802U,雙鴻元大59售10,2026-07-20,0.89,0.04,4.71,5000000,0,,否,,0.84,,,,,,
72804U,旺矽群益59售07,2026-07-20,0.03,0.02,200.0,30000000,0,,否,,0.05,0.07,0.12,,-34.1463,-45.6,
72806U,雙鴻凱基59售12,2026-07-20,1.08,0.17,18.68,25000000,0,,否,,0.99,,,,,,
72807U,新應材國泰5A售01,2026-07-20,2.09,-0.02,-0.95,17000000,0,,是,,1.88,,,,,,
72808U,新應材國票5A售03,2026-07-20,1.64,-0.06,-3.53,18000000,0,,否,,1.56,1.49,1.46,,9.3969,5.3634,5.4814
72813U,宜鼎群益5B售03,2026-07-20,0.57,0.04,7.55,44000000,0,紅增,否,,0.47,0.43,0.39,,21.875,11.2272,4.4118
72814U,精測群益5B售02,2026-07-20,1.04,0.0,0.0,170000000,0,紅增,否,,0.97,0.9,0.81,,17.1498,14.0863,6.0367
72815U,精測元富59售09,2026-07-20,2.03,0.09,4.64,20000000,0,紅增,否,,1.85,1.66,1.44,,24.3935,24.5325,8.3805
72816U,精測元富59售10,2026-07-20,2.42,0.21,9.5,16000000,0,紅增,否,,2.14,1.95,1.71,,21.9818,23.9034,7.8748
72817U,雙鴻台新59售03,2026-07-20,1.2,0.18,17.65,25000000,0,,否,,1.15,,,,,,
72818U,信驊永豐5C售01,2026-07-20,0.22,-0.01,-4.35,839000000,0,,是,,0.23,0.22,0.23,,7.4074,2.7523,-0.6452
72821U,信驊元大59售04,2026-07-20,0.51,0.04,8.51,184000000,0,紅增,否,,0.47,0.44,0.43,,17.4129,1.8648,-2.069
72822U,信驊元大59售05,2026-07-20,0.34,0.07,25.93,11000000,0,紅增,否,,0.28,0.25,0.24,,35.2381,4.2194,-2.0161
72823U,弘塑凱基59售05,2026-07-20,0.05,0.02,66.67,65000000,0,,否,,0.04,0.04,,,-24.0,-42.8571,
72824U,亞泰國票59售03,2026-07-20,0.43,0.13,43.33,20000000,0,,是,,0.23,0.26,0.32,,-19.0141,-20.1863,1.7657
72829U,宏捷科群益5C售01,2026-07-20,0.98,0.13,15.29,49000000,0,,否,,0.79,0.72,0.66,,22.9814,17.8982,
72830U,元太凱基5B售03,2026-07-20,0.47,-0.01,-2.08,555000000,0,,是,,0.41,0.38,0.43,,20.3488,-12.8736,
72831U,台燿凱基59售05,2026-07-20,0.02,0.0,0.0,309000000,0,,是,,0.02,,,,,,
72835U,東捷群益59售03,2026-07-20,0.15,0.06,66.67,17000000,0,,否,,0.1,0.11,,,-10.3448,-18.5185,
72836U,東捷群益5B售01,2026-07-20,0.71,0.1,16.39,213000000,0,紅增,否,,0.56,0.53,0.53,,12.5,4.5635,-0.7547
72839U,台燿元大59售25,2026-07-20,0.52,-0.17,-24.64,109000000,0,,是,,0.41,0.34,,,46.7626,12.8289,
72840U,世界群益5B售04,2026-07-20,0.16,0.08,100.0,10000000,0,,否,,0.1,0.09,,,23.8095,-53.2338,
72842U,鈊象群益63售01,2026-07-20,1.48,0.15,11.28,2000000,0,,,,,,,,,,
72843U,精材群益63售01,2026-07-20,0.27,0.01,3.85,25000000,0,,否,,0.27,0.39,,,-45.3815,-41.4894,
72845U,雙鴻凱基5A售04,2026-07-20,0.88,0.13,17.33,105000000,0,,否,,0.87,0.81,,,16.5333,,
72847U,印能國票5A售04,2026-07-20,0.4,-0.01,-2.44,49000000,0,,是,,0.49,0.47,0.52,,5.6522,-8.5106,
72849U,印能凱基5A售04,2026-07-20,0.12,0.01,9.09,220000000,0,,否,,0.14,0.15,0.18,,-5.2632,1.3699,
72850U,印能國票5A售05,2026-07-20,0.56,0.02,3.7,175000000,0,綠增,是,,0.62,0.63,0.63,,-3.4375,1.6155,-3.5823
728516,系微統一5C購01,2026-07-20,0.04,0.0,0.0,10000000,0,,否,,0.07,0.08,,,-26.5306,-19.0476,
72851U,矽科國票5B售02,2026-07-20,0.29,0.02,7.41,110000000,0,,,,,,,,,,
728520,金麗科統一5C購02,2026-07-20,0.11,-0.02,-15.38,30000000,0,,否,,0.15,0.18,0.26,,-26.4706,-33.7079,-14.6341
72852U,旺矽元大5A售03,2026-07-20,0.86,0.04,4.88,361000000,0,,是,,0.67,0.61,0.62,,20.0717,12.8676,
72853U,信驊元大5A售01,2026-07-20,1.51,-0.02,-1.31,428000000,0,紅增,否,,1.49,1.38,1.34,,16.8239,3.1414,1.6749
72854U,信驊永豐61售01,2026-07-20,0.35,-0.02,-5.41,159000000,0,紅縮,否,,0.36,0.34,0.33,,13.125,1.791,-1.3373
72855U,信驊富邦5C售02,2026-07-20,1.49,-0.01,-0.67,135000000,0,紅增,否,,1.48,1.45,1.47,,4.661,-2.621,-2.351
72856U,頎邦凱基5A售03,2026-07-20,0.19,0.0,0.0,915000000,0,紅增,是,,0.14,0.13,0.13,,24.5614,6.6667,1.1952
72857U,雙鴻元大5A售06,2026-07-20,1.26,0.04,3.28,75000000,0,紅縮,是,,1.25,1.17,1.06,,13.894,11.2167,12.5465
72858U,巨漢國票5A售02,2026-07-20,0.97,0.12,14.12,80000000,0,,是,,0.86,0.97,,,-21.3235,,
72859U,弘塑國票5B售02,2026-07-20,0.53,0.03,6.0,114000000,0,紅增,否,,0.47,0.42,0.44,,23.2804,10.1828,-9.751
72860U,弘塑元大5A售03,2026-07-20,1.34,0.15,12.61,11000000,0,,是,,1.09,1.03,1.12,,12.1901,-5.3456,
72862U,群聯國票5B售02,2026-07-20,0.49,0.07,16.67,4000000,0,紅增,否,,0.34,0.3,0.28,,33.8583,23.2365,3.2967
72863U,蜜望實國票5A售03,2026-07-20,0.28,0.06,27.27,68000000,0,紅增,否,,0.2,0.16,0.15,,58.0645,21.2121,1.3423
72864U,群聯凱基5A售03,2026-07-20,0.85,0.11,14.86,70000000,0,,是,,0.63,0.55,0.53,,31.3808,5.9387,
72865U,信驊永豐5B售03,2026-07-20,0.5,0.05,11.11,10000000,0,紅增,否,,0.46,0.41,0.4,,26.9231,8.1152,1.1307
72866U,旺矽凱基5A售06,2026-07-20,0.88,0.04,4.76,358000000,0,紅增,否,,0.66,0.6,0.68,,22.1402,-3.8339,-15.4421
72867U,旺矽富邦61售01,2026-07-20,0.86,0.01,1.18,1065000000,0,紅增,是,,0.71,0.66,0.69,,17.1053,1.227,-8.6469
72868U,富喬群益5C售01,2026-07-20,1.77,0.21,13.46,28000000,0,紅增,否,,1.46,1.32,1.29,,23.2715,11.9188,0.9357
72869U,立碁國票5B售03,2026-07-20,1.68,0.12,7.69,42000000,0,,否,,1.53,1.47,,,9.1038,12.3853,
72870U,群聯國票5B售06,2026-07-20,0.74,0.01,1.37,4000000,0,,否,,0.59,0.55,0.54,,17.5299,-0.9074,
72871U,群聯群益61售02,2026-07-20,1.1,0.07,6.8,56000000,0,,否,,0.97,0.9,0.88,,17.7184,10.3321,3.8123
72872U,聖暉*台新5B售01,2026-07-20,0.61,-0.01,-1.61,69000000,0,紅增,否,,0.58,0.53,0.61,,23.3051,-0.0,-13.9633
72874U,威剛群益5C售02,2026-07-20,1.08,0.07,6.93,1607000000,0,綠轉紅,是,,0.96,0.95,0.99,,1.4831,-2.261,-2.7982
72875U,威剛凱基5B售05,2026-07-20,0.91,0.11,13.75,174000000,0,紅增,否,,0.72,0.72,0.76,,-2.1858,-3.7234,-5.6592
728768,均豪統一59購02,2026-07-20,0.11,-0.01,-8.33,80000000,0,,是,,0.18,0.18,,,9.5238,,
72876U,合晶台新5B售05,2026-07-20,0.54,0.18,50.0,67000000,0,,否,,0.31,0.23,0.23,,102.5974,21.9895,10.5392
72877U,群聯台新5B售07,2026-07-20,1.64,0.12,7.89,1000000,0,,否,,1.39,1.39,,,0.578,,
72878U,群聯台新5B售08,2026-07-20,2.32,0.03,1.31,70000000,0,紅增,否,,2.03,1.91,1.79,,13.5347,11.3769,4.3921
72879U,世界凱基5B售02,2026-07-20,0.69,0.21,43.75,40000000,0,紅增,否,,0.52,0.47,0.55,,19.4444,13.9423,-17.3492
72882U,環球晶台新5B售03,2026-07-20,0.32,0.01,3.23,685000000,0,,否,,0.31,0.39,0.62,,-33.4746,-36.9181,
72883U,環球晶國票5B售02,2026-07-20,0.5,-0.1,-16.67,36000000,0,,否,,0.51,0.61,0.84,,-26.7806,-25.0308,-9.806
72885U,中美晶群益5B售02,2026-07-20,0.32,0.03,10.34,867000000,0,,否,,0.3,0.47,0.91,,-52.648,-51.882,
72886U,群聯群益5B售06,2026-07-20,1.7,-0.14,-7.61,10000000,0,紅增,否,,1.51,1.39,1.29,,18.7697,14.7229,2.2539
72887U,精材群益5B售05,2026-07-20,0.15,0.02,15.38,563000000,0,,否,,0.14,0.24,0.61,,-56.8862,-62.1835,
72888U,德微群益5B售02,2026-07-20,0.99,0.34,52.31,95000000,0,,是,,0.75,0.83,,,-17.9039,,
72889U,新盛力群益5B售04,2026-07-20,0.89,-0.03,-3.26,70000000,0,紅增,否,,0.78,0.71,0.72,,20.0617,5.0074,-2.5589
72890U,廣穎群益5B售03,2026-07-20,0.51,0.03,6.25,5000000,0,,否,,0.43,0.42,0.39,,5.8537,10.7612,-6.6826
72892U,台特化台新5B售04,2026-07-20,3.71,0.03,0.82,10000000,0,,否,,3.24,3.38,,,-7.7405,,
72893U,威剛中信64售01,2026-07-20,0.77,0.0,0.0,6000000,0,紅增,否,,0.75,0.75,0.75,,0.2674,-0.3989,-0.7921
72894U,世界群益62售01,2026-07-20,1.04,0.17,19.54,58000000,0,,否,,0.85,0.77,0.94,,24.1279,-9.6131,
72896U,精材凱基5B售08,2026-07-20,0.55,0.03,5.77,108000000,0,,否,,0.51,0.67,0.96,,-39.3795,-28.175,
72898U,雷科國票5B售03,2026-07-20,0.66,0.16,32.0,1293000000,0,紅增,否,,0.51,0.51,0.54,,0.7937,2.0161,-9.8568
72899U,立敦台新5B售04,2026-07-20,1.73,0.42,32.06,20000000,0,,否,,1.34,1.26,1.46,,14.1397,-8.114,
72900U,德微國票5C售04,2026-07-20,1.09,0.19,21.11,20000000,0,,否,,0.78,0.64,0.74,,54.9407,10.8247,-2.5524
72901U,德微國票5C售05,2026-07-20,1.16,0.15,14.85,76000000,0,,是,,0.91,0.8,0.86,,30.659,4.2746,1.7668
72902U,擎亞國票5B售03,2026-07-20,0.7,0.0,0.0,81000000,0,,否,,0.54,0.51,0.61,,14.2857,-5.0279,-11.9565
72903U,群聯凱基5B售08,2026-07-20,1.57,0.05,3.29,76000000,0,,否,,1.36,1.28,1.23,,12.9568,11.0919,5.6151
72904U,欣銓台新5B售05,2026-07-20,2.04,0.3,17.24,46000000,0,,是,,1.71,1.58,1.77,,18.3956,-3.5431,
72905U,臺慶科台新5B售05,2026-07-20,1.85,0.22,13.5,32000000,0,紅增,否,,1.44,1.22,1.06,,42.1782,29.5551,6.5631
72909U,威剛凱基65售01,2026-07-20,0.85,-0.01,-1.16,4000000,0,,否,,0.8,0.81,,,-3.1553,-2.9904,
72910U,精材台新5B售06,2026-07-20,0.47,0.03,6.82,294000000,0,,是,,0.43,0.57,0.87,,-40.2778,-28.7485,-19.0454
72911U,威剛元大5B售16,2026-07-20,1.3,0.08,6.56,149000000,0,,是,,1.2,1.18,,,3.9931,,
72912U,良維群益61售02,2026-07-20,2.08,-0.01,-0.48,43000000,0,,否,,1.83,1.6,1.43,,33.4795,15.8926,
72914U,威剛群益5B售05,2026-07-20,1.59,0.14,9.66,26000000,0,,否,,1.36,1.36,,,-0.8772,,
72916U,中美晶凱基5B售06,2026-07-20,0.71,0.04,5.97,1568000000,0,,是,,0.7,0.86,1.13,,-31.1765,-28.0702,-12.8759
72917U,威剛凱基5B售09,2026-07-20,1.27,0.07,5.83,13000000,0,,否,,1.12,1.1,1.1,,3.5185,0.641,-1.9179
729186,華星光統一61購01,2026-07-20,1.99,-0.03,-1.49,6000000,0,綠增,否,,2.16,2.2,2.51,,-3.479,-7.5147,-11.4326
729187,華星光統一61購02,2026-07-20,1.08,-0.08,-6.9,11000000,0,綠增,否,,1.43,1.62,2.06,,-20.5327,-18.9067,-22.0875
72918U,威剛永豐61售03,2026-07-20,1.05,0.13,14.13,6000000,0,,否,,1.01,,,,,,
72919U,順達台新5C售01,2026-07-20,1.2,0.13,12.15,83000000,0,,否,,0.95,1.03,1.07,,-13.9493,-4.1083,
72920U,佳邦群益5C售01,2026-07-20,2.58,0.23,9.79,20000000,0,,,,,,,,,,
72921U,富喬台新5C售03,2026-07-20,1.62,0.12,8.0,145000000,0,,是,,1.39,1.28,1.25,,19.9656,11.0339,
72922U,威剛凱基5C售05,2026-07-20,0.87,0.11,14.47,27000000,0,,是,,0.8,,,,,,
72923U,宜鼎台新5C售05,2026-07-20,4.0,0.32,8.7,73000000,0,,否,,3.41,3.17,,,16.8378,12.2608,
72924U,台半群益5C售03,2026-07-20,1.2,0.13,12.15,96000000,0,,否,,1.0,,,,,,
72925U,台半凱基5C售03,2026-07-20,1.04,0.07,7.22,74000000,0,,否,,0.85,0.73,,,36.7742,6.2229,
72926U,臺慶科凱基5C售03,2026-07-20,1.65,0.16,10.74,42000000,0,,,,,,,,,,
72927U,聖暉*台新5C售05,2026-07-20,1.93,0.15,8.43,5000000,0,,否,,1.77,1.61,,,22.4066,,
72928U,富喬凱基5C售04,2026-07-20,1.25,0.08,6.84,55000000,0,,是,,1.07,,,,,,
72931U,群聯群益5C售10,2026-07-20,3.56,0.07,2.01,33000000,0,,否,,3.22,,,,,,
72932U,威剛國泰61售02,2026-07-20,2.19,0.07,3.3,187000000,0,,是,,2.02,,,,,,
72934U,精材群益66售01,2026-07-20,1.66,0.07,4.4,27000000,0,,否,,1.6,1.85,,,-24.0987,,
72936U,宜鼎凱基5C售10,2026-07-20,2.47,0.06,2.49,179000000,0,,否,,2.23,2.11,,,12.0724,,
72937U,元太國票62售01,2026-07-20,1.58,0.07,4.64,30000000,0,,,,,,,,,,
72938U,世界國票62售01,2026-07-20,1.46,0.16,12.31,122000000,0,,是,,1.31,,,,,,
72939U,威剛國票62售01,2026-07-20,1.39,0.1,7.75,4000000,0,,,,,,,,,,
72941U,雙鴻永豐61售04,2026-07-20,1.47,0.03,2.08,3078000000,0,,是,,1.46,,,,,,
72942U,家登群益61售03,2026-07-20,1.62,0.16,10.96,129000000,0,,否,,1.39,,,,,,
72943U,頎邦國票61售01,2026-07-20,1.77,0.18,11.32,23000000,0,,否,,1.47,,,,,,
72944U,中光電台新61售03,2026-07-20,1.64,-0.11,-6.29,186000000,0,,是,,1.54,,,,,,
72945U,頎邦台新61售03,2026-07-20,2.52,-0.21,-7.69,409000000,0,,是,,2.09,,,,,,
72946U,世界群益61售03,2026-07-20,1.73,0.59,51.75,49000000,0,,,,,,,,,,
72947U,台星科群益61售02,2026-07-20,0.77,0.03,4.05,12000000,0,,,,,,,,,,
72948U,精材群益63售02,2026-07-20,2.04,0.09,4.62,1000000,0,,否,,,,,,,,
72949U,威剛元大61售06,2026-07-20,2.42,0.16,7.08,2000000,0,,否,,,,,,,,
72951U,中光電台新61售05,2026-07-20,2.03,-0.01,-0.49,20000000,0,,,,,,,,,,
72952U,精材國票61售05,2026-07-20,1.61,0.03,1.9,38000000,0,,,,,,,,,,
729536,聖暉*統一58購01,2026-07-20,2.5,-0.1,-3.85,6000000,0,,否,,3.33,2.86,,,39.0977,,
72953U,精材國票65售02,2026-07-20,1.71,0.04,2.4,70000000,0,,,,,,,,,,
72954U,群聯中信61售02,2026-07-20,1.36,0.08,6.25,3000000,0,,,,,,,,,,
72955U,宜鼎國票61售03,2026-07-20,1.81,0.08,4.62,4000000,0,,,,,,,,,,
72957U,良維群益63售01,2026-07-20,1.52,0.07,4.83,14000000,0,,,,,,,,,,
72962U,宜鼎群益67售01,2026-07-20,1.38,-0.28,-16.87,1000000,0,,,,,,,,,,
729714,騰雲統一58購01,2026-07-20,0.12,-0.09,-42.86,424000000,0,,是,,0.24,0.17,0.21,,112.5,1.1561,
730401,M31統一62購01,2026-07-20,0.12,-0.01,-7.69,10000000,0,,,,,,,,,,
730402,M31統一62購02,2026-07-20,0.09,0.01,12.5,2000000,0,,否,,0.14,,,,,,
730635,鈦昇統一58購01,2026-07-20,1.28,0.01,0.79,98000000,0,綠增,否,,1.37,1.48,1.55,,-14.2857,-3.9533,-7.5157
731063,元債20元大59購01,2026-07-20,0.05,0.0,0.0,1000000,0,,,,,,,,,,
731162,兆利統一59購01,2026-07-20,0.2,0.07,53.85,1000000,0,,否,,0.14,,,,,,
731584,群聯統一5B購01,2026-07-20,5.1,0.0,0.0,2000000,0,綠增,否,,5.9,6.26,6.37,,-10.7413,-5.8691,-7.1455
731874,茂訊統一59購01,2026-07-20,0.78,-0.02,-2.5,2000000,0,,否,,0.9,1.03,,,-21.9344,-6.9495,
731945,千附精統一59購02,2026-07-20,0.66,-0.08,-10.81,7000000,0,,否,,0.83,0.8,,,9.2105,-3.0488,
732051,高鋒統一59購01,2026-07-20,0.02,0.0,0.0,4000000,0,,否,,0.03,0.08,,,-76.1194,-34.6457,
732054,博智統一59購01,2026-07-20,1.05,-0.31,-22.79,15000000,0,,,,,,,,,,
732269,M31統一63購01,2026-07-20,0.19,0.01,5.56,20000000,0,,否,,0.25,0.28,,,-22.1519,,
732272,千附統一5B購01,2026-07-20,0.41,-0.24,-36.92,2000000,0,,否,,0.48,0.35,,,128.3019,56.0538,
732332,M31統一63購02,2026-07-20,0.21,0.02,10.53,6000000,0,綠縮,否,,0.22,0.25,0.27,,-21.7391,-11.5108,-12.9721
732653,光焱統一5A購01,2026-07-20,1.23,-0.02,-1.6,10000000,0,,否,,1.32,1.46,,,-17.1895,,
733460,先進光統一5B購01,2026-07-20,0.8,0.01,1.27,88000000,0,綠增,否,,0.9,0.9,1.06,,0.0,-14.1491,-0.6112
733461,先進光統一65購01,2026-07-20,0.37,-0.04,-9.76,610000000,0,綠增,否,,0.48,0.55,0.65,,-21.2418,-18.2362,-4.9192
733471,營邦統一5B購01,2026-07-20,1.05,0.1,10.53,5000000,0,,否,,1.14,1.3,1.4,,-21.1034,-6.6235,
733563,弘塑統一5B購01,2026-07-20,1.65,-0.05,-2.94,1000000,0,,否,,1.89,2.06,,,-15.2603,,
733653,創惟統一5B購01,2026-07-20,0.01,-0.01,-50.0,15000000,0,,否,,,,,,,,
733656,創惟統一65購03,2026-07-20,0.08,-0.01,-11.11,100000000,0,,,,,,,,,,
733695,高端統一5B購01,2026-07-20,0.43,0.01,2.38,2000000,0,綠增,否,,0.46,0.46,0.49,,-0.8584,-1.9027,-2.8571
733696,高端統一65購01,2026-07-20,0.54,0.0,0.0,301000000,0,綠增,否,,0.54,0.55,0.55,,-0.7299,-0.7273,-2.0426
733760,高端統一65購02,2026-07-20,0.33,-0.07,-17.5,1000000,0,,否,,0.36,0.37,,,-1.087,,
733800,華星光統一5B購03,2026-07-20,1.28,-0.05,-3.76,10000000,0,,是,,2.68,,,,,,
733958,新應材統一5C購01,2026-07-20,0.33,-0.03,-8.33,120000000,0,,是,,0.42,0.49,0.6,,-26.6667,-21.0863,-18.5489
733983,富喬統一5C購01,2026-07-20,1.71,-0.14,-7.57,27000000,0,,否,,2.25,2.54,,,-20.6215,,
734209,華星光統一66購01,2026-07-20,2.0,-0.25,-11.11,39000000,0,綠增,是,,2.34,2.45,2.7,,-8.6651,-10.4167,-9.7329
734287,鈦昇統一59購01,2026-07-20,2.84,-0.46,-13.94,64000000,0,綠增,否,,3.45,3.6,3.65,,-7.9957,0.5864,-5.0695
734785,萬潤統一5C購01,2026-07-20,2.43,-0.19,-7.25,150000000,0,,是,,2.75,2.84,,,-6.5306,-11.0416,
734994,新應材統一62購01,2026-07-20,0.48,-0.07,-12.73,43000000,0,綠增,否,,0.49,0.55,0.56,,-19.8052,-3.3101,-3.8396
735029,新應材元富64購01,2026-07-20,2.42,-0.13,-5.1,10000000,0,,否,,3.22,,,,,,
735271,波若威統一62購01,2026-07-20,4.64,-0.71,-13.27,16000000,0,,是,,5.66,6.13,6.81,,-14.2727,-11.045,
735512,華星光統一61購03,2026-07-20,1.18,-0.12,-9.23,8000000,0,,否,,1.73,1.99,2.48,,-23.0427,-23.2046,
735650,台特化統一59購01,2026-07-20,0.48,-0.01,-2.04,10000000,0,,,,,,,,,,
735658,彩富統一5B購01,2026-07-20,0.4,-0.07,-14.89,20000000,0,,否,,0.75,1.0,0.93,,-39.6135,-20.3837,
735660,彩富統一63購01,2026-07-20,0.29,0.0,0.0,3000000,0,,否,,0.46,0.73,,,-54.5817,-24.3523,
735665,意德士統一61購01,2026-07-20,0.61,-0.01,-1.61,10000000,0,,否,,0.78,0.87,,,-18.239,,
735849,均華統一63購01,2026-07-20,0.55,-0.08,-12.7,5000000,0,,否,,0.64,,,,,,
735855,南俊統一61購01,2026-07-20,3.01,-0.62,-17.08,37000000,0,,是,,3.88,4.42,4.33,,-22.0121,-4.5121,-5.0219
736081,均華統一63購02,2026-07-20,0.46,-0.06,-11.54,49000000,0,,否,,0.62,,,,,,
736154,立碁統一61購01,2026-07-20,0.33,-0.07,-17.5,200000000,0,,否,,0.42,0.49,0.61,,-25.1799,-19.5364,
736160,金居統一62購01,2026-07-20,8.5,-0.6,-6.59,8000000,0,綠增,是,,9.78,10.68,12.27,,-15.544,-16.6927,-7.7444
736242,宜特統一59購01,2026-07-20,0.3,-0.07,-18.92,8000000,0,,否,,0.54,0.57,,,-7.483,-5.0336,
736243,宜特統一61購01,2026-07-20,0.38,-0.06,-13.64,26000000,0,,否,,0.56,0.57,,,-4.7619,-7.8652,
736244,金居統一61購01,2026-07-20,9.9,-0.9,-8.33,1000000,0,,否,,13.72,13.85,,,-1.8598,,
736249,家登統一61購01,2026-07-20,0.45,-0.13,-22.41,3000000,0,,否,,0.61,0.69,0.74,,-19.8433,-7.1332,
736349,安國統一63購01,2026-07-20,0.5,-0.02,-3.85,17000000,0,綠增,否,,0.58,0.69,0.77,,-28.0397,-23.6784,-3.6501
736350,安國統一65購01,2026-07-20,0.29,0.1,52.63,11000000,0,,否,,0.23,0.32,0.38,,-43.9024,-29.2035,-7.598
736351,安國統一66購01,2026-07-20,0.17,-0.02,-10.53,400000000,0,,是,,0.26,0.32,0.33,,-34.0206,-16.3636,-3.5036
736354,安國統一67購03,2026-07-20,0.22,-0.01,-4.35,10000000,0,綠增,否,,0.25,0.31,0.36,,-33.8624,-25.7683,-4.9531
736427,M31統一61購03,2026-07-20,0.18,0.09,100.0,65000000,0,綠縮,是,,0.14,0.18,0.21,,-36.1111,-24.6809,-17.6817
736428,立碁統一59購02,2026-07-20,0.06,-0.04,-40.0,264000000,0,,是,,0.27,,,,,,
736431,宏捷科統一61購01,2026-07-20,0.51,-0.12,-19.05,30000000,0,,是,,0.88,1.1,,,-33.7349,,
736436,晶呈統一59購01,2026-07-20,1.93,-0.41,-17.52,1000000,0,綠增,否,,2.59,3.11,3.49,,-28.8229,-15.0423,-15.0396
736474,中美晶統一5A購01,2026-07-20,1.45,-0.31,-17.61,20000000,0,紅縮,否,,1.51,1.29,0.98,,42.0263,40.37,26.6494
736476,系微統一5B購01,2026-07-20,0.21,-0.01,-4.55,200000000,0,,是,,0.33,0.44,0.49,,-38.5185,-15.0097,
736478,新盛力統一67購01,2026-07-20,2.16,-0.27,-11.11,4000000,0,綠增,否,,3.06,3.28,3.41,,-12.2133,-9.154,-4.5321
736479,漢磊統一61購01,2026-07-20,0.93,-0.22,-19.13,279000000,0,綠增,否,,1.34,1.53,1.65,,-22.7746,-14.4531,-2.46
736480,廣運統一61購01,2026-07-20,0.16,-0.01,-5.88,330000000,0,,是,,0.2,0.22,,,-14.6552,-16.6667,
736587,漢磊統一58購01,2026-07-20,1.31,-0.25,-16.03,31000000,0,綠增,是,,1.92,2.33,2.51,,-30.0219,-18.8916,-8.3897
736736,力旺統一61購01,2026-07-20,0.52,-0.08,-13.33,12000000,0,,否,,0.65,0.89,1.08,,-43.058,-21.7353,
736737,千附精統一57購01,2026-07-20,1.57,-0.3,-16.04,135000000,0,,是,,2.36,2.29,2.03,,6.7812,14.5792,6.4938
736934,金居統一5B購01,2026-07-20,5.7,-0.5,-8.06,33000000,0,綠增,是,,7.29,8.47,9.88,,-24.456,-17.6471,-7.074
736938,晶呈統一5B購01,2026-07-20,2.7,-0.25,-8.47,40000000,0,,否,,4.25,4.69,,,-17.2642,-23.3949,
737165,環球晶統一58購01,2026-07-20,7.65,0.2,2.68,2000000,0,,否,,7.88,6.34,,,63.8935,35.9914,
737197,智通*國票59購01,2026-07-20,4.39,-0.6,-12.02,14000000,0,,否,,4.33,3.95,3.22,,21.1409,27.1383,17.5182
737198,智通*國票5B購01,2026-07-20,3.6,-0.07,-1.91,30000000,0,紅縮,否,,3.69,3.46,3.02,,14.5782,14.8025,12.3976
737328,美琪瑪統一58購02,2026-07-20,0.04,0.0,0.0,40000000,0,綠增,否,,0.12,0.23,0.32,,-62.4242,-35.6941,-15.9686
737404,環球晶元大58購02,2026-07-20,40.5,-3.2,-7.32,1000000,0,,否,,43.68,38.33,,,32.4439,,
737487,環球晶元大58購03,2026-07-20,41.0,-1.0,-2.38,5000000,0,,否,,43.9,36.3,,,52.9617,27.4131,
737795,鈦昇國票58購01,2026-07-20,10.8,-1.7,-13.6,18000000,0,,是,,12.86,13.26,,,-5.8565,,
737927,中光電統一58購01,2026-07-20,0.01,0.0,0.0,10000000,0,,否,,0.06,0.08,0.05,,-37.5,44.4444,
737930,晶呈統一5C購01,2026-07-20,1.3,-0.27,-17.2,45000000,0,,否,,1.8,2.3,2.69,,-36.0399,-15.5539,
737933,譜瑞統一5B購01,2026-07-20,0.03,0.0,0.0,10000000,0,綠縮,否,,0.05,0.09,0.12,,-66.1765,-39.3333,-30.6407
738130,大綜統一58購01,2026-07-20,0.16,-0.04,-20.0,100000000,0,綠縮,是,,0.3,0.5,1.04,,-57.9545,-56.5217,-8.3774
738131,中光電統一5B購01,2026-07-20,0.13,0.08,160.0,4000000,0,,否,,0.11,0.16,,,-47.619,-4.1916,
738137,亞信統一5B購01,2026-07-20,0.25,-0.02,-7.41,3000000,0,,否,,0.31,0.33,0.36,,-14.0449,-12.2016,
738139,信紘科統一58購01,2026-07-20,0.04,-0.04,-50.0,25000000,0,,否,,0.11,0.18,0.22,,-54.0323,-23.6287,
738143,順達統一58購02,2026-07-20,0.07,0.0,0.0,10000000,0,紅縮,否,,0.16,0.14,0.17,,27.4194,-11.875,-13.8614
738144,順達統一5B購02,2026-07-20,0.25,0.01,4.17,5000000,0,,否,,0.34,0.35,0.37,,-8.1522,0.5698,
738151,漢科統一5C購01,2026-07-20,0.24,-0.09,-27.27,32000000,0,,否,,0.3,0.32,0.32,,-11.3095,-2.1605,
738157,譜瑞統一64購01,2026-07-20,0.24,-0.09,-27.27,11000000,0,,否,,0.38,0.47,0.56,,-33.0986,-18.8356,
738185,昇達科統一58購01,2026-07-20,5.55,-0.9,-13.95,1000000,0,,,,,,,,,,
738189,能率統一58購02,2026-07-20,0.05,-0.04,-44.44,32000000,0,,否,,0.1,0.15,0.17,,-51.0,-22.3958,-17.0616
738194,環球晶統一58購02,2026-07-20,7.3,-0.45,-5.81,4000000,0,,否,,8.02,6.53,,,59.0008,34.514,
738281,M31統一5B購01,2026-07-20,0.2,0.05,33.33,1000000,0,,否,,0.25,0.29,0.34,,-25.3012,-15.942,
738288,新應材統一64購01,2026-07-20,0.49,0.07,16.67,1000000,0,,否,,0.44,0.47,0.49,,-13.7255,-6.3116,-9.8982
738503,勤凱元大59購01,2026-07-20,0.45,-0.15,-25.0,2000000,0,,否,,1.04,1.72,,,-56.8579,-36.8073,
738651,世禾統一59購01,2026-07-20,0.22,-0.15,-40.54,103000000,0,,是,,0.38,0.37,0.38,,3.8674,-8.8889,-15.8416
738659,漢科統一58購03,2026-07-20,0.03,-0.02,-40.0,1000000,0,,否,,0.08,0.13,0.14,,-56.1798,-18.4713,
738726,宏捷科國票5B購01,2026-07-20,0.31,-0.07,-18.42,19000000,0,綠增,否,,0.55,0.77,1.14,,-44.6247,-32.5704,-16.6483
738737,M31統一62購04,2026-07-20,0.16,0.03,23.08,100000000,0,,否,,0.23,0.3,,,-37.3626,,
738742,安勤統一59購01,2026-07-20,0.37,-0.03,-7.5,198000000,0,紅轉綠,否,,0.47,0.48,0.46,,-1.2552,-1.2474,4.5198
738746,朋程統一5C購01,2026-07-20,0.18,-0.05,-21.74,20000000,0,,否,,0.27,0.36,0.41,,-37.8995,-24.307,-13.0712
738751,茂訊統一59購02,2026-07-20,0.31,0.01,3.33,100000000,0,綠增,否,,0.51,0.54,0.51,,-8.2143,13.2911,-1.7291
738753,神準統一59購01,2026-07-20,0.01,-0.01,-50.0,10000000,0,綠增,否,,0.03,0.03,0.04,,-12.5,-16.6667,-29.6875
738757,順達統一5C購03,2026-07-20,0.31,-0.09,-22.5,12000000,0,紅轉綠,否,,0.49,0.48,0.51,,3.4043,-3.8229,-3.6225
738758,萬泰科統一5C購01,2026-07-20,0.61,-0.01,-1.61,35000000,0,,是,,0.78,0.94,,,-29.529,,
738759,群翊統一59購01,2026-07-20,0.31,-0.08,-20.51,46000000,0,,否,,0.44,0.54,,,-31.3665,,
738762,寬宏統一65購01,2026-07-20,0.17,0.01,6.25,1000000,0,,否,,0.17,0.18,,,-2.2472,,
738853,國債20群益58購01,2026-07-20,0.08,0.0,0.0,10000000,0,,否,,0.1,0.18,,,-62.1212,,
738870,群聯凱基59購02,2026-07-20,36.9,-2.9,-7.29,1000000,0,,否,,46.2,,,,,,
738931,M31統一5C購03,2026-07-20,0.19,0.04,26.67,20000000,0,,否,,0.25,0.29,,,-25.4545,-29.4118,
738933,世禾統一5C購01,2026-07-20,0.3,-0.02,-6.25,10000000,0,,否,,0.35,0.35,0.38,,0.0,0.5682,
738934,台半統一5C購01,2026-07-20,1.19,-0.15,-11.19,10000000,0,,否,,2.45,2.05,,,48.4848,,
738941,昇達科統一59購04,2026-07-20,5.75,-0.15,-2.54,1000000,0,,否,,6.4,7.59,,,-27.1071,,
739057,智通*元大59購01,2026-07-20,0.14,0.04,40.0,11000000,0,紅增,否,,0.13,0.12,0.1,,23.0769,8.4112,11.2299
739372,力旺統一5C購01,2026-07-20,0.33,0.04,13.79,453000000,0,綠縮,是,,0.4,0.51,0.66,,-36.2179,-28.0282,-18.4634
739384,鈊象統一5C購01,2026-07-20,0.12,0.0,0.0,16000000,0,,否,,0.17,0.19,,,-23.6364,,
739385,萬泰科統一64購01,2026-07-20,0.87,-0.07,-7.45,133000000,0,,是,,1.15,1.23,,,-12.3664,-4.9497,
739387,精材統一5C購01,2026-07-20,1.88,-0.44,-18.97,1000000,0,紅縮,否,,2.18,1.92,1.52,,31.6043,26.1498,22.276
739446,宜鼎統一5C購03,2026-07-20,3.17,-0.21,-6.21,10000000,0,,是,,4.02,4.54,,,-20.5615,,
739452,茂達統一59購01,2026-07-20,0.36,-0.07,-16.28,243000000,0,綠增,是,,0.64,1.04,1.0,,-55.6787,-16.4395,0.2501
739454,能率統一5B購01,2026-07-20,0.1,-0.12,-54.55,20000000,0,,否,,,,,,,,
739458,環球晶統一59購01,2026-07-20,7.9,0.75,10.49,13000000,0,,否,,8.22,6.71,5.12,,58.0161,43.8277,23.4968
739459,環球晶統一59購02,2026-07-20,6.75,0.15,2.27,1000000,0,,否,,7.3,6.27,,,39.3662,,
739460,環球晶統一64購02,2026-07-20,3.4,0.22,6.92,18000000,0,紅縮,否,,3.8,3.36,2.8,,29.6448,31.4822,26.2587
739519,系微統一5C購02,2026-07-20,0.15,0.03,25.0,7000000,0,綠增,否,,0.2,0.24,0.29,,-31.9444,-24.6106,-16.932
739648,創惟統一5C購02,2026-07-20,0.15,-0.01,-6.25,50000000,0,,否,,0.23,,,,,,
739649,新漢統一64購01,2026-07-20,0.17,0.02,13.33,1024000000,0,,是,,0.19,0.19,,,-6.0,-3.4826,
739704,環球晶國票57購01,2026-07-20,14.0,-2.5,-15.15,35000000,0,,是,,17.46,13.87,,,69.8444,61.1854,
739709,環球晶富邦59購01,2026-07-20,9.1,-0.15,-1.62,15000000,0,,否,,10.52,8.96,6.81,,42.2006,45.1555,29.7161
739751,環球晶凱基59購02,2026-07-20,9.95,-0.45,-4.33,10000000,0,,否,,10.19,8.06,,,71.7802,,
739856,系微元大59購01,2026-07-20,0.06,-0.01,-14.29,20000000,0,,否,,0.19,0.34,,,-62.0408,-33.9844,
739986,廣明國票5B購01,2026-07-20,0.02,0.0,0.0,4000000,0,,否,,0.04,,,,,,
7402,邑錡,2026-07-20,113.5,-3.5,-2.99,3513910000,0,紅轉綠,否,是,127.7,129.8,116.84,109.93,-3.1842,7.3526,8.4509
7547,碩網,2026-07-20,53.2,-0.5,-0.93,9041000,0,紅轉綠,否,否,54.74,56.35,57.23,64.57,-5.5556,-2.1532,-2.2545
7556,意德士,2026-07-20,211.0,-7.5,-3.43,57223000,0,綠增,否,否,232.2,258.7,268.7,276.93,-18.5835,-8.0505,-4.0614
7584,樂意,2026-07-20,26.2,-2.15,-7.58,3003000,0,紅轉綠,否,否,28.12,29.17,28.25,29.32,-6.949,-1.1689,3.0743
7642,昶瑞機電,2026-07-20,82.0,-1.0,-1.2,77972000,0,紅縮,否,是,80.32,78.65,74.67,71.3,4.3388,7.6218,1.7995
7703,銳澤,2026-07-20,182.5,-3.5,-1.88,152176000,0,綠增,否,否,193.2,194.95,200.15,208.03,-1.7794,-2.525,-0.0874
7704,明遠精密,2026-07-20,52.0,-1.0,-1.89,41422000,0,綠增,否,否,55.46,58.97,60.14,61.92,-11.2356,-6.0688,-2.1079
7708,全家餐飲,2026-07-20,94.0,0.4,0.43,6090000,0,綠縮,否,是,93.82,94.04,93.85,92.67,-0.4668,0.1491,0.3368
7709,榮田,2026-07-20,65.7,-0.1,-0.15,125848000,0,綠縮,否,否,70.12,76.34,88.67,89.25,-15.0678,-11.2738,-11.1206
7712,博盛半導體,2026-07-20,139.0,-5.5,-3.81,407279000,0,綠增,否,否,160.0,179.95,180.43,154.32,-19.96,-9.5501,2.3688
7713,威力德生醫,2026-07-20,70.6,0.0,0.0,10133000,0,綠縮,否,是,70.62,70.55,70.83,69.17,0.1986,-0.5077,-0.2816
7714,創泓科技,2026-07-20,183.0,1.5,0.83,366064000,0,紅縮,否,是,189.3,169.25,150.53,135.89,26.8767,19.1901,9.7921
7715,裕山,2026-07-20,32.1,-3.5,-9.83,456448000,0,紅轉綠,是,是,34.98,34.88,33.87,30.27,0.575,-0.043,5.6543
7716,昱臺國際,2026-07-20,24.7,0.8,3.35,1000000,0,綠縮,否,否,24.68,25.0,25.18,25.24,-2.5276,-1.6135,-1.0218
7717,萊德光電-KY,2026-07-20,435.0,-3.0,-0.68,146702000,0,紅縮,否,否,465.1,448.6,478.73,626.69,7.6371,1.0133,-6.6904
7718,友鋮,2026-07-20,47.9,0.9,1.91,6103000,0,紅增,否,否,47.14,47.01,47.13,48.02,0.5761,0.0852,-0.7057
7723,築間,2026-07-20,20.5,0.05,0.24,38781000,0,綠增,否,否,21.14,21.96,22.59,25.78,-7.24,-3.7467,-1.8364
7728,光焱科技,2026-07-20,629.0,-13.0,-2.02,31869000,0,綠增,否,否,652.6,652.4,673.4,722.05,0.0613,-1.7618,-2.7792
7734,印能科技,2026-07-20,2835.0,-15.0,-0.53,302512000,0,綠縮,否,否,2867.0,2919.0,3040.5,3278.67,-3.5005,-4.7168,-2.1403
7738,東聯互動,2026-07-20,165.0,-3.0,-1.79,14737000,0,紅轉綠,否,否,167.0,168.6,168.9,172.64,-1.8801,-0.1776,-0.2363
7743,金利食安,2026-07-20,20.8,0.8,4.0,15000000,0,紅增,是,是,20.42,20.34,19.9,19.81,0.7897,1.0683,1.8812
7744,崴寶,2026-07-20,418.0,-10.0,-2.34,63064000,0,綠增,否,否,443.6,451.75,459.2,497.75,-3.5442,-0.4298,-1.4962
7747,昕奇雲端,2026-07-20,114.5,1.5,1.33,1003000,0,綠增,否,否,116.9,123.75,125.38,128.09,-10.49,-3.8835,-2.2227
7751,竑騰,2026-07-20,1100.0,-30.0,-2.65,124468000,0,綠增,否,否,1174.0,1302.0,1355.0,1721.83,-17.9021,-7.4956,-4.5775
7753,星亞,2026-07-20,39.7,-0.5,-1.24,37690000,0,綠增,是,否,41.06,41.98,42.22,42.43,-4.2667,-2.1562,-0.5828
7757,金色三麥,2026-07-20,90.7,-1.0,-1.09,21290000,0,綠增,否,否,92.52,93.51,96.08,102.72,-2.0952,-1.8062,-3.2916
7767,仁大資訊,2026-07-20,46.0,1.7,3.84,23320000,0,紅增,否,是,44.53,42.2,42.11,43.22,11.66,3.8126,1.4147
7770,君曜,2026-07-20,40.7,-0.7,-1.69,35042000,0,紅轉綠,否,否,41.72,42.14,42.19,44.71,-1.9506,-0.6133,-0.5422
7772,耀穎,2026-07-20,98.0,-1.6,-1.61,120461000,0,綠增,否,否,105.72,116.81,127.73,167.25,-17.3417,-10.6957,-9.3792
7777,能率亞洲,2026-07-20,37.9,-3.9,-9.33,3831377000,0,綠增,否,是,39.56,40.55,41.13,35.34,-4.7436,-2.828,0.8212
7782,光速火箭,2026-07-20,25.6,-0.25,-0.97,4100000,0,綠增,否,否,26.1,26.52,26.42,26.98,-3.118,-2.5716,0.6764
7792,安葆,2026-07-20,205.5,-3.0,-1.44,173194000,0,綠增,否,否,223.1,235.9,249.75,289.5,-10.2935,-7.7615,-3.9608
7794,宏碁智新,2026-07-20,29.0,0.0,0.0,15010000,0,紅轉綠,否,否,29.61,29.91,30.49,32.43,-1.9861,-1.4498,-2.759
7805,威聯通,2026-07-20,599.0,-2.0,-0.33,55876000,0,綠增,否,否,618.8,638.6,657.75,703.78,-6.0146,-3.3596,-3.929
7810,捷創科技,2026-07-20,194.5,-0.5,-0.26,56910000,0,紅縮,否,否,199.1,201.65,202.5,220.06,-2.4976,-0.2967,-1.0747
7811,民盛,2026-07-20,71.0,-0.3,-0.42,9940000,0,綠增,否,否,73.32,76.13,77.59,80.46,-7.1193,-3.2779,-2.0391
7814,海昌生技,2026-07-20,37.8,0.75,2.02,794059000,0,綠轉紅,是,否,35.94,36.55,37.4,39.99,-3.2831,-2.1026,-0.5054
7819,精誠金融,2026-07-20,36.0,-0.3,-0.83,14462000,0,紅縮,否,否,37.81,38.19,40.37,54.56,-1.9704,-3.0834,-5.7663
7820,立盈,2026-07-20,109.5,-1.0,-0.9,21200000,0,紅縮,否,否,114.3,116.45,116.17,136.28,-3.6256,0.6048,-1.0645
7828,創新服務,2026-07-20,1780.0,-165.0,-8.48,449077000,0,綠增,否,是,1976.0,2010.5,2035.25,1582.67,-3.3741,-2.9447,4.7209
7839,達人網,2026-07-20,42.6,0.4,0.95,43003000,0,紅增,是,否,43.9,44.31,46.11,56.29,-1.8336,-1.4019,-7.3076
7842,天能綠電,2026-07-20,93.0,0.3,0.32,12515000,0,紅縮,否,否,94.72,95.68,97.77,118.5,-1.9868,-1.5942,-3.0204
8024,佑華,2026-07-20,15.1,-1.05,-6.5,226671000,0,紅轉綠,否,是,16.35,15.96,15.02,13.37,5.0096,1.4622,7.2679
8027,鈦昇,2026-07-20,194.0,-21.5,-9.98,969419000,0,綠增,否,否,226.0,228.2,229.3,222.47,-1.9097,1.6255,-2.8699
8032,光菱,2026-07-20,36.05,-0.25,-0.69,83535000,0,綠增,否,否,38.35,40.44,42.82,41.93,-9.8071,-7.1847,-3.0234
8034,榮群,2026-07-20,19.4,0.25,1.31,196567000,0,綠縮,否,否,19.97,20.89,21.92,23.51,-8.4365,-5.6885,-3.9014
8038,長園科,2026-07-20,37.4,-0.1,-0.27,139314000,0,綠增,否,否,39.21,40.19,40.23,41.63,-4.7607,-0.4459,-0.9663
8040,九暘,2026-07-20,73.4,-2.0,-2.65,1488657000,0,綠增,否,否,82.64,90.53,97.02,90.66,-16.0333,-13.2522,-3.6496
8042,金山電,2026-07-20,117.5,-12.0,-9.27,5141082000,0,綠增,否,否,145.7,165.95,175.45,127.65,-21.7508,-10.0054,0.3288
8043,蜜望實,2026-07-20,135.5,-5.5,-3.9,5780201000,0,綠增,否,否,151.5,172.2,185.45,139.31,-21.4619,-10.3359,-4.1354
8044,網家,2026-07-20,26.9,0.4,1.51,531874000,0,綠縮,否,是,26.94,27.23,28.27,26.82,-2.1431,-3.8821,-3.2012
8047,星雲,2026-07-20,41.7,-1.3,-3.02,9129000,0,綠增,否,否,42.72,44.52,46.97,49.62,-7.7919,-6.1842,-4.4257
8048,德勝,2026-07-20,55.1,-1.1,-1.96,200408000,0,綠增,否,否,58.52,59.91,62.33,62.84,-4.5351,-3.7281,-1.4858
8049,晶采,2026-07-20,25.7,-0.1,-0.39,97788000,0,綠增,否,否,26.18,26.58,27.06,26.37,-2.9652,-2.4945,-0.2763
8050,廣積,2026-07-20,55.6,-1.6,-2.8,1454932000,0,紅縮,否,是,58.42,57.29,55.98,51.47,4.0242,4.9075,0.6926
8054,安國,2026-07-20,88.7,-1.3,-1.44,1766719000,0,綠增,否,否,93.4,101.05,106.77,106.19,-14.0754,-12.5108,-1.7485
8059,凱碩,2026-07-20,15.5,-0.35,-2.21,267742000,0,紅縮,否,否,16.14,16.21,16.67,18.84,-0.9208,-1.4885,-3.8217
8064,東捷,2026-07-20,108.0,-8.0,-6.9,5391300000,0,綠增,否,否,124.1,130.9,137.8,124.87,-9.8765,-6.6334,-4.1058
8066,來思達,2026-07-20,14.75,0.0,0.0,4748000,0,紅增,否,否,14.8,14.94,15.11,16.3,-1.7916,-1.3866,-1.3227
8067,志旭,2026-07-20,13.45,0.2,1.51,1008000,0,綠轉紅,否,是,13.2,13.25,13.17,13.18,-0.7519,-1.23,-0.3595
8068,全達,2026-07-20,18.65,0.4,2.19,265001000,0,紅縮,否,否,18.78,18.8,18.89,20.79,-0.2655,0.0798,-0.4611
8069,元太,2026-07-20,175.5,,,6326398000,0,綠增,否,否,187.9,195.2,198.05,191.26,-7.2099,-3.795,-1.3941
8071,能率網通,2026-07-20,24.4,-0.6,-2.4,1373842000,0,綠增,否,是,26.93,29.46,29.04,22.19,-15.8438,-4.0384,4.4229
8074,鉅橡,2026-07-20,53.7,-2.0,-3.59,1033799000,0,綠增,否,否,58.96,62.83,67.37,73.66,-11.6042,-7.6437,-4.3312
8076,伍豐,2026-07-20,23.0,0.2,0.88,1001239000,0,綠增,否,否,24.11,24.82,25.11,24.44,-5.5991,-1.1547,-3.0686
8080,泰霖,2026-07-20,26.8,0.0,0.0,36327000,0,綠增,否,否,27.15,27.45,27.76,28.11,-2.1269,-1.6308,-0.8572
8083,瑞穎,2026-07-20,156.0,2.5,1.63,86359000,0,綠縮,否,否,156.2,160.6,166.2,170.38,-5.3333,-4.4616,-2.2928
8084,巨虹,2026-07-20,45.9,0.9,2.0,315388000,0,綠縮,否,否,45.65,47.38,47.77,46.07,-7.0265,-3.5427,-1.1484
8085,福華,2026-07-20,11.1,0.0,0.0,366056000,0,綠增,否,否,11.37,11.71,12.02,12.53,-5.5648,-2.2547,-4.2803
8086,宏捷科,2026-07-20,115.0,-3.5,-2.95,2697055000,0,綠增,否,否,126.0,133.8,143.78,149.57,-11.0169,-7.7559,-3.8937
8087,麗升能源,2026-07-20,26.9,0.65,2.48,10397000,0,綠增,否,否,28.76,30.28,31.8,33.38,-9.5882,-6.3109,-5.6874
8088,品安,2026-07-20,45.15,-2.1,-4.44,844600000,0,綠增,否,否,50.32,54.53,59.58,56.88,-14.3344,-11.7352,-3.5688
8089,康全電訊,2026-07-20,18.35,0.0,0.0,233087000,0,綠增,否,否,19.13,19.82,20.18,20.6,-6.6829,-2.1964,-2.442
8091,翔名,2026-07-20,241.5,-26.5,-9.89,1798198000,0,綠增,否,是,272.6,275.6,268.18,235.72,-2.1536,1.0634,3.343
8092,建暐,2026-07-20,13.6,-0.1,-0.73,42219000,0,紅增,否,否,13.7,13.8,14.02,15.79,-1.4388,-0.4688,-2.876
8093,保銳,2026-07-20,20.25,0.3,1.5,12600000,0,紅縮,否,是,20.0,20.1,19.63,19.21,-1.0391,1.5661,2.1066
8096,擎亞,2026-07-20,128.0,0.0,0.0,2073000000,0,綠增,否,是,145.2,152.3,150.07,120.73,-8.9084,-1.5832,3.9301
8097,常珵,2026-07-20,52.3,-0.7,-1.32,108189000,0,綠增,否,否,54.62,56.24,57.7,55.76,-5.5997,-3.9125,-1.5612
8099,大世科,2026-07-20,56.2,-0.3,-0.53,152924000,0,綠增,否,否,57.9,58.18,58.72,61.74,-0.9579,-0.3426,-2.2474
8102,傑霖科技,2026-07-20,72.1,-2.4,-3.22,19616000,0,紅縮,否,是,72.68,70.1,70.22,69.3,7.6422,2.2313,-0.8332
8107,大億金茂,2026-07-20,11.65,-0.15,-1.27,25459000,0,綠增,否,否,12.05,12.37,12.28,12.32,-4.9685,-0.9612,-0.5467
8109,博大,2026-07-20,128.5,-2.0,-1.53,411692000,0,紅轉綠,否,是,136.8,140.85,130.7,122.87,-5.5901,6.1017,3.3406
8111,立碁,2026-07-20,44.25,-4.7,-9.6,3280057000,0,綠增,是,否,48.21,50.03,52.17,62.03,-7.0382,-4.5134,-4.6729
8121,越峰,2026-07-20,33.8,-1.75,-4.92,2004043000,0,綠增,否,否,38.69,42.75,45.8,38.1,-17.3467,-10.0095,-1.6217
8147,正淩,2026-07-20,128.5,-2.0,-1.53,315290000,0,綠增,否,否,137.6,145.25,144.6,159.45,-10.0065,-1.4586,-2.2808
8155,博智,2026-07-20,282.0,-20.0,-6.62,1994347000,0,綠增,是,否,319.4,343.3,363.7,388.1,-13.0174,-7.8637,-2.6759
8171,天宇,2026-07-20,20.8,0.7,3.48,234995000,0,綠轉紅,是,否,20.43,20.72,21.03,22.66,-2.7606,-1.5209,-3.8193
8176,智捷,2026-07-20,9.88,-0.07,-0.7,106185000,0,綠增,否,否,10.08,10.35,10.2,10.28,-5.1224,0.3783,-0.3272
8182,加高,2026-07-20,39.7,-2.7,-6.37,1355771000,0,綠增,否,否,44.86,49.43,50.19,43.94,-16.9259,-4.3907,-2.116
8183,精星,2026-07-20,30.0,-0.1,-0.33,437136000,0,綠增,否,否,31.98,33.08,32.96,33.05,-6.4091,-1.6357,0.4113
8227,巨有科技,2026-07-20,142.5,-5.5,-3.72,731091000,0,綠增,否,否,161.6,180.85,184.82,187.55,-19.2404,-8.384,-3.2203
8234,新漢,2026-07-20,58.7,-2.1,-3.45,849140000,0,綠增,否,否,65.72,68.14,67.03,67.57,-6.8594,-1.2034,0.1195
8240,華宏,2026-07-20,42.3,-0.45,-1.05,376799000,0,綠增,否,否,45.43,48.22,51.73,60.69,-10.9216,-7.7225,-5.2084
8255,朋程,2026-07-20,146.0,-4.5,-2.99,1222710000,0,綠增,否,否,162.7,175.6,179.85,161.68,-13.687,-5.8445,-0.4015
8272,全景軟體,2026-07-20,65.5,0.9,1.39,16045000,0,綠增,是,否,66.68,67.33,68.62,70.57,-1.9123,-1.6362,-1.6058
8277,商丞,2026-07-20,7.9,-0.25,-3.07,223896000,0,綠縮,否,否,8.21,8.62,9.47,8.41,-9.0768,-10.8354,-5.9338
8279,生展,2026-07-20,87.6,0.0,0.0,7010000,0,綠縮,否,否,87.62,87.96,90.91,96.36,-0.7701,-1.7865,-2.5147
8284,三竹,2026-07-20,62.9,0.3,0.48,19304000,0,綠縮,否,否,62.22,63.42,64.24,63.77,-3.714,-2.8046,-0.3645
8289,泰藝,2026-07-20,44.7,-2.6,-5.5,1570251000,0,綠增,否,否,51.62,56.6,59.96,58.18,-16.1741,-6.0737,-6.7061
8291,尚茂,2026-07-20,33.05,3.0,9.98,14344000,0,綠縮,否,否,29.1,33.14,38.52,48.14,-21.7321,-18.9136,-15.9007
8299,群聯,2026-07-20,1735.0,-50.0,-2.8,4795731000,0,綠增,否,否,1979.0,2098.0,2241.75,2253.0,-10.7352,-8.8817,-3.279
8342,益張,2026-07-20,91.5,0.0,0.0,3032000,0,紅增,否,是,91.0,90.46,89.82,90.13,1.2011,0.6901,0.38
8349,恒耀,2026-07-20,39.0,-0.35,-0.89,51787000,0,紅轉綠,否,否,39.51,39.63,40.14,42.03,-0.5788,-0.5646,-1.6298
8354,冠好,2026-07-20,16.0,-0.2,-1.23,177495000,0,綠增,否,否,16.45,16.82,16.57,16.57,-4.2491,0.6585,-0.2257
8358,金居,2026-07-20,371.0,-27.5,-6.9,7688718000,0,綠增,否,否,445.0,499.1,557.75,498.81,-19.5589,-13.4859,-5.6021
8383,千附,2026-07-20,80.2,-8.8,-9.89,3452347000,0,紅縮,否,是,82.58,72.79,66.93,62.8,31.0794,16.6693,10.037
8390,金益鼎,2026-07-20,92.7,-1.5,-1.59,415683000,0,綠增,否,否,98.38,101.44,106.32,105.76,-5.8565,-4.572,-5.0502
8401,白紗科,2026-07-20,22.85,0.1,0.44,19096000,0,紅縮,否,否,22.88,22.94,22.92,23.49,-0.5217,0.0436,0.0764
8403,盛弘,2026-07-20,19.1,-0.2,-1.04,84792000,0,紅縮,否,否,19.31,19.29,19.31,20.19,0.2076,0.3381,-0.3227
8409,商之器,2026-07-20,19.0,0.1,0.53,18002000,0,紅縮,是,否,19.02,19.06,19.09,19.44,-0.471,-0.2877,-0.1177
8410,森田,2026-07-20,31.4,-0.35,-1.1,42300000,0,綠增,否,否,32.23,32.56,32.83,34.82,-2.0365,-0.9279,-1.5816
8415,大國鋼,2026-07-20,36.15,0.35,0.98,573918000,0,紅增,否,是,35.82,35.28,35.23,34.8,3.1088,1.1468,0.5782
8416,實威,2026-07-20,166.0,-0.5,-0.3,7835000,0,綠增,否,否,168.8,169.5,171.8,173.82,-0.8226,-0.5865,-1.7865
8421,旭源,2026-07-20,14.25,-1.05,-6.86,519247000,0,紅縮,否,是,15.44,14.55,13.82,13.59,13.0307,9.0705,4.9155
8423,保綠-KY,2026-07-20,17.55,-0.05,-0.28,13499000,0,綠增,否,否,17.63,17.67,17.71,17.84,-0.3955,-0.1977,-0.2394
8424,惠普,2026-07-20,68.5,0.1,0.15,19714000,0,紅增,是,否,68.68,68.82,68.95,72.01,-0.406,-0.203,-1.2743
8426,紅木-KY,2026-07-20,20.3,0.15,0.74,148526000,0,紅增,是,否,19.93,20.15,20.31,21.96,-2.16,-1.0071,-1.9314
8431,匯鑽科,2026-07-20,46.3,1.5,3.35,446472000,0,綠縮,否,否,47.12,49.54,51.44,57.2,-9.3149,-5.674,-1.5739
8432,東生華,2026-07-20,50.1,0.0,0.0,39018000,0,綠縮,否,否,50.26,50.63,50.66,50.81,-1.451,-0.3346,-1.2284
8433,弘帆,2026-07-20,53.8,0.1,0.19,8703000,0,紅縮,否,否,54.02,53.32,53.15,53.85,2.6606,1.3881,0.6057
8435,鉅邁,2026-07-20,52.5,-0.1,-0.19,16120000,0,紅縮,否,否,52.9,52.81,53.21,55.12,0.3414,0.0758,-1.7813
8436,大江,2026-07-20,114.0,-1.0,-0.87,689874000,0,紅增,否,否,114.6,113.75,115.6,118.64,1.5058,-0.785,-1.0697
8437,大地-KY,2026-07-20,9.9,0.06,0.61,62918000,0,紅增,否,否,9.91,9.98,10.12,11.23,-1.5504,-0.9622,-1.8763
8440,綠電,2026-07-20,20.2,-0.2,-0.98,110113000,0,綠增,否,否,20.7,21.08,21.49,22.05,-3.5415,-1.9307,-2.1739
8446,華研,2026-07-20,85.7,0.1,0.12,104914000,0,綠增,否,否,86.28,87.19,87.54,86.51,-2.0658,-0.819,-0.4888
8450,霹靂,2026-07-20,15.0,0.0,0.0,30847000,0,綠增,否,否,15.12,15.2,15.39,15.94,-1.0471,-0.491,-1.0924
8455,大拓-KY,2026-07-20,24.8,0.45,1.85,5087000,0,綠縮,否,否,25.36,26.33,27.93,29.66,-7.1402,-4.2189,-4.521
8472,夠麻吉,2026-07-20,78.6,0.1,0.13,3396000,0,綠增,否,是,80.38,80.82,82.79,77.52,-1.0829,-1.5711,-2.783
8477,創業家,2026-07-20,15.2,0.2,1.33,32000000,0,綠增,否,否,15.69,15.86,16.36,16.12,-2.0599,-3.2642,-3.9196
8489,三貝德,2026-07-20,22.85,-0.05,-0.22,33552000,0,紅增,否,否,22.65,22.25,22.18,24.13,3.7088,1.7612,-0.3369
8905,裕國,2026-07-20,29.95,0.95,3.28,10474000,0,紅增,否,否,29.49,29.48,29.61,33.23,0.0679,-0.1524,-0.1265
8906,花王,2026-07-20,25.95,-0.25,-0.95,31688000,0,綠增,否,否,27.0,28.01,28.5,26.45,-6.9286,-3.6138,2.1778
8908,欣雄,2026-07-20,38.85,-0.4,-1.02,180792000,0,綠縮,是,否,39.04,39.55,40.74,40.53,-2.5218,-3.4546,-1.6357
8916,光隆,2026-07-20,42.4,-0.45,-1.05,164921000,0,紅轉綠,是,否,43.05,43.43,43.67,45.6,-1.7348,-0.138,-1.1095
8917,欣泰,2026-07-20,52.3,-0.4,-0.76,13051000,0,紅轉綠,是,否,52.88,53.03,52.71,52.66,-0.5641,0.2079,0.4095
8921,沈氏,2026-07-20,17.65,0.55,3.22,1000000,0,綠縮,否,否,17.59,17.77,17.91,18.08,-1.9509,-1.0031,-0.9812
8924,大田,2026-07-20,55.7,0.0,0.0,48143000,0,紅縮,否,否,56.2,57.46,56.73,61.82,-4.2916,0.1394,-0.3163
8927,北基,2026-07-20,20.3,0.4,2.01,166809000,0,綠增,否,否,20.89,21.36,21.01,20.8,-4.306,-0.0702,0.6707
8928,鉅明,2026-07-20,22.9,-0.45,-1.93,60025000,0,紅縮,否,是,23.15,22.57,21.78,21.65,5.2273,5.2448,2.6877
8929,富堡,2026-07-20,13.9,-0.05,-0.36,20986000,0,紅縮,否,否,14.33,14.21,14.04,14.47,1.6312,2.4874,-0.5667
8930,青鋼,2026-07-20,31.45,-0.25,-0.79,99743000,0,紅縮,否,是,31.39,30.1,28.81,28.97,8.9552,7.1365,3.1046
8931,大汽電,2026-07-20,41.25,-0.25,-0.6,66252000,0,綠增,否,否,42.18,42.41,42.18,42.14,-1.0788,0.4857,-0.3013
8932,智通*,2026-07-20,116.5,-0.5,-0.43,6599807000,0,紅縮,否,是,118.7,115.95,110.45,101.11,4.8587,4.8847,4.3803
8933,愛地雅,2026-07-20,4.49,0.04,0.9,123854000,0,紅增,否,否,4.47,4.52,4.58,5.13,-2.1891,-1.1811,-1.0157
8935,邦泰,2026-07-20,18.8,-0.4,-2.08,360171000,0,綠增,否,否,20.62,21.87,21.6,20.43,-10.8131,0.1144,-2.2951
8936,國統,2026-07-20,51.9,-0.1,-0.19,1321301000,0,綠增,否,否,53.66,55.59,57.12,53.48,-6.7107,-5.5876,-1.7035
8937,合騏*,2026-07-20,25.0,-0.25,-0.99,81144000,0,綠縮,否,否,24.96,26.05,27.07,30.3,-8.0663,-5.8537,1.1583
8938,明安,2026-07-20,55.6,0.5,0.91,163324000,0,紅增,是,是,54.76,54.63,53.92,55.58,0.4771,1.298,0.8888
8941,關中,2026-07-20,43.3,-0.3,-0.69,23266000,0,紅縮,否,否,43.33,43.32,43.16,43.92,0.0462,0.3823,-0.1157
8942,森鉅,2026-07-20,38.5,-0.4,-1.03,194731000,0,綠增,否,否,39.47,40.12,40.85,41.83,-3.1886,-2.4675,-0.6385
9949,琉園,2026-07-20,23.8,0.2,0.85,81163000,0,綠增,否,否,25.69,26.87,26.04,26.22,-8.4135,-0.3523,2.0876
9950,萬國通,2026-07-20,10.1,0.0,0.0,67700000,0,綠增,否,否,10.39,10.44,10.54,10.89,-0.9533,-0.3341,-0.8471
9951,皇田,2026-07-20,52.3,0.0,0.0,53256000,0,綠增,否,否,52.96,53.26,53.31,53.43,-1.1202,-0.4672,0.0751
9960,邁達康,2026-07-20,33.0,-0.2,-0.6,13155000,0,綠增,否,是,33.19,33.34,32.85,31.82,-0.8958,0.8622,1.1938
9962,有益,2026-07-20,9.75,-0.03,-0.31,123445000,0,紅縮,是,是,9.82,9.79,9.76,9.75,0.6971,0.7722,-0.0205
