股票代號,股票名稱,日期,收盤價,漲跌(元),漲跌幅(%),成交量（股）,成交金額（元）,MACD狀態,出量,站上60日均,5日均價,10日均價,20日均價,60日均價,5日均斜率(%),10日均斜率(%),20日均斜率(%)
006201,元大富櫃50,2026-08-05,42.42,1.22,2.96,667697000,0,綠縮,否,否,38.52,40.2,43.48,45.82,-8.009,-8.4802,-5.4382
00679B,元大美債20年,2026-08-05,26.67,0.22,0.83,47313881000,0,綠縮,是,否,26.71,26.78,26.9,26.7,-0.5585,-0.2012,-0.3538
00687B,國泰20年美債,2026-08-05,27.76,0.22,0.8,28754471000,0,綠縮,否,否,27.79,27.86,27.98,27.84,-0.5155,-0.1899,-0.3543
00687C,國泰20年美債+櫃U,2026-08-05,9.18,0.13,1.44,25000000,0,綠縮,否,否,9.14,9.17,9.26,9.29,-0.6736,-0.6283,-0.8933
00694B,富邦美債1-3,2026-08-05,42.34,-0.15,-0.35,213482000,0,綠增,否,是,42.44,42.41,42.32,41.8,0.1085,0.0897,0.3866
00695B,富邦美債7-10,2026-08-05,35.41,0.05,0.14,150255000,0,綠縮,否,是,35.41,35.45,35.53,35.2,-0.2423,-0.2616,0.0507
00696B,富邦美債20年,2026-08-05,28.74,0.25,0.88,4081359000,0,綠縮,是,否,28.78,28.87,29.15,28.96,-0.6215,-0.7392,-0.6492
00697B,元大美債7-10,2026-08-05,35.99,0.08,0.22,310826000,0,綠增,否,是,35.96,35.98,35.91,35.66,-0.1111,0.1921,0.2261
00719B,元大美債1-3,2026-08-05,31.48,-0.12,-0.38,5828365000,0,綠增,否,是,31.49,31.52,31.44,31.07,-0.1522,0.0476,0.3655
00720B,元大投資級公司債,2026-08-05,32.61,0.26,0.8,7352733000,0,綠縮,否,否,32.45,32.69,33.11,33.01,-1.4698,-1.2745,-0.855
00722B,群益投資級電信債,2026-08-05,35.02,0.33,0.95,2277800000,0,綠縮,否,否,34.84,35.08,35.64,35.82,-1.3254,-1.4913,-1.129
00723B,群益投資級科技債,2026-08-05,30.19,0.27,0.9,110366000,0,綠縮,否,否,29.85,29.99,30.51,30.66,-0.8832,-1.4947,-1.123
00724B,群益投資級金融債,2026-08-05,33.63,0.21,0.63,5449041000,0,綠縮,是,否,33.49,33.57,33.92,33.75,-0.4932,-0.8769,-0.5526
00725B,國泰投資級公司債,2026-08-05,34.77,0.28,0.81,2461348000,0,綠縮,否,否,34.56,34.7,35.16,35.08,-0.7923,-1.196,-0.7789
00726B,國泰新興投等債,2026-08-05,32.62,0.07,0.22,295783000,0,綠增,否,否,32.82,33.11,33.24,32.92,-1.7897,-0.8177,-0.2551
00727B,國泰優選非投等債,2026-08-05,39.89,0.01,0.03,103083000,0,綠縮,否,是,39.74,39.73,39.93,39.54,0.0352,-0.6626,0.0025
00734B,台新JPM新興債,2026-08-05,15.72,0.07,0.45,220002000,0,綠縮,是,否,15.72,15.82,15.94,15.79,-1.2687,-1.0507,-0.2503
00740B,富邦全球投等債,2026-08-05,38.37,0.28,0.74,1313461000,0,綠縮,否,否,38.13,38.28,38.62,38.59,-0.7806,-0.7672,-0.5498
00741B,富邦全球非投等債,2026-08-05,37.95,-0.03,-0.08,149440000,0,紅轉綠,否,是,37.93,37.9,37.76,37.39,0.1426,0.2566,0.4723
00746B,富邦A級公司債,2026-08-05,35.33,0.22,0.63,222896000,0,綠縮,否,否,35.16,35.27,35.63,35.5,-0.6499,-0.8712,-0.5527
00749B,凱基新興債10+,2026-08-05,31.35,0.1,0.32,101000000,0,綠縮,否,否,31.34,31.51,31.86,31.69,-1.0482,-1.1979,-0.6255
00750B,凱基科技債10+,2026-08-05,32.53,0.27,0.84,150000000,0,綠縮,否,否,32.27,32.46,32.95,32.99,-1.1941,-1.3612,-0.9545
00751B,元大AAA至A公司債,2026-08-05,31.17,0.25,0.81,4293526000,0,綠縮,否,否,31.03,31.18,31.44,31.59,-0.9829,-0.6405,-0.7043
00754B,群益AAA-AA公司債,2026-08-05,32.95,0.33,1.01,160034000,0,綠縮,否,否,32.6,32.83,33.17,33.35,-1.3496,-0.8248,-0.8682
00755B,群益投資級公用債,2026-08-05,32.86,0.23,0.7,107408000,0,綠縮,否,是,32.75,32.87,33.04,32.84,-0.7516,-0.3577,-0.3318
00756B,群益投等新興公債,2026-08-05,31.51,0.17,0.54,246725000,0,綠縮,否,否,31.43,31.59,31.79,31.55,-0.989,-0.6822,-0.4104
00758B,復華能源債,2026-08-05,51.6,0.25,0.49,102000000,0,綠縮,否,否,51.5,51.69,51.89,51.65,-0.7325,-0.299,-0.3074
00759B,復華製藥債,2026-08-05,54.5,0.2,0.37,101001000,0,綠縮,否,否,54.38,54.61,54.96,54.64,-0.8569,-0.5463,-0.4483
00760B,復華新興企業債,2026-08-05,53.75,0.25,0.47,100978000,0,綠縮,否,否,53.72,53.98,54.21,53.88,-0.977,-0.5893,-0.2759
00761B,國泰A級公司債,2026-08-05,34.42,0.26,0.76,742851000,0,綠縮,是,否,34.21,34.35,34.56,34.48,-0.8002,-0.4319,-0.4652
00764B,群益25年美債,2026-08-05,27.67,0.24,0.87,13352181000,0,綠縮,是,否,27.71,27.79,27.91,27.79,-0.5884,-0.2083,-0.3411
00768B,復華20年美債,2026-08-05,49.98,0.39,0.79,1856341000,0,綠縮,是,否,50.05,50.2,50.45,50.17,-0.6156,-0.2385,-0.3802
00772B,中信高評級公司債,2026-08-05,33.4,0.22,0.66,2259607000,0,綠縮,否,否,33.27,33.4,33.66,33.63,-0.7695,-0.6189,-0.5084
00773B,中信優先金融債,2026-08-05,35.91,0.22,0.62,577661000,0,綠縮,否,是,35.76,35.84,36.04,35.87,-0.4565,-0.3725,-0.3071
00777B,凱基AAA至A公司債,2026-08-05,32.06,0.2,0.63,122506000,0,綠縮,否,否,31.98,32.17,32.51,32.55,-1.1314,-0.9241,-0.7481
00778B,凱基金融債20+,2026-08-05,34.31,0.35,1.03,114000000,0,綠縮,否,否,34.24,34.3,34.56,34.48,-0.3725,-0.418,-0.5238
00779B,凱基美債25+,2026-08-05,27.96,0.17,0.61,387005000,0,綠縮,否,否,28.01,28.1,28.24,28.15,-0.6455,-0.2626,-0.3863
00780B,國泰A級金融債,2026-08-05,37.71,0.04,0.11,116301000,0,綠縮,否,是,37.65,37.68,37.66,37.33,-0.1856,0.1382,0.1663
00781B,國泰A級科技債,2026-08-05,27.92,0.28,1.01,180755000,0,綠縮,否,否,27.69,27.87,28.12,28.42,-1.2481,-0.8327,-0.7237
00782B,國泰A級公用債,2026-08-05,30.15,0.17,0.57,122000000,0,綠縮,否,否,30.09,30.2,30.6,30.44,-0.7521,-1.2039,-0.6574
00785B,富邦金融投等債,2026-08-05,34.88,0.26,0.75,105468000,0,綠縮,否,否,34.77,34.84,35.17,34.98,-0.4353,-0.7887,-0.4725
00786B,元大10年IG銀行債,2026-08-05,32.95,0.19,0.58,117002000,0,綠縮,否,是,32.78,32.88,33.0,32.78,-0.5581,-0.273,-0.2252
00787B,元大10年IG醫療債,2026-08-05,32.51,0.21,0.65,17188000,0,綠縮,否,否,32.41,32.51,32.68,32.6,-0.6133,-0.3922,-0.3765
00788B,元大10年IG電能債,2026-08-05,29.84,0.14,0.47,15095000,0,綠縮,否,否,29.79,29.97,30.25,30.0,-1.1809,-0.9355,-0.5491
00789B,復華公司債A3,2026-08-05,47.2,0.3,0.64,176021000,0,綠縮,是,否,47.03,47.44,48.13,48.2,-1.6807,-1.4092,-1.0455
00791B,復華信用債1-5,2026-08-05,57.5,-0.05,-0.09,121999000,0,綠增,否,是,57.52,57.64,57.58,56.84,-0.4155,-0.1299,0.2568
00792B,群益A級公司債,2026-08-05,31.59,0.28,0.89,152700000,0,綠縮,否,否,31.43,31.55,31.74,31.76,-0.7452,-0.4072,-0.4251
00793B,群益AAA-A醫療債,2026-08-05,30.59,0.19,0.62,36162000,0,綠縮,是,否,30.54,30.62,30.86,30.78,-0.5277,-0.6328,-0.2715
00795B,中信美國公債20年,2026-08-05,26.86,0.25,0.94,6601549000,0,綠縮,否,否,26.9,26.97,27.08,26.89,-0.5252,-0.174,-0.3514
00799B,國泰A級醫療債,2026-08-05,29.62,0.16,0.54,389794000,0,綠縮,否,否,29.56,29.65,29.83,29.69,-0.6119,-0.4098,-0.3708
00834B,第一金金融債10+,2026-08-05,33.81,0.18,0.54,100000000,0,綠縮,否,否,33.81,34.03,34.3,34.15,-1.2846,-0.9777,-0.5696
00836B,永豐10年A公司債,2026-08-05,28.55,0.24,0.85,73000000,0,綠縮,是,否,28.45,28.57,28.8,28.85,-0.878,-0.733,-0.6879
00840B,凱基IG精選15+,2026-08-05,29.67,0.23,0.78,100034000,0,綠縮,否,否,29.51,29.68,29.97,29.98,-1.0925,-0.8619,-0.727
00841B,凱基AAA-AA公司債,2026-08-05,28.52,0.29,1.03,116000000,0,綠縮,否,否,28.38,28.57,28.85,28.94,-1.2731,-0.8401,-0.813
00842B,台新美元銀行債,2026-08-05,29.98,0.06,0.2,155379000,0,綠縮,否,否,29.99,30.06,30.59,30.47,-0.4713,-1.7199,-0.7512
00844B,台新15年IG金融債,2026-08-05,31.64,0.25,0.8,235001000,0,綠縮,是,否,31.59,31.67,31.88,31.67,-0.4914,-0.4683,-0.1925
00845B,富邦新興投等債,2026-08-05,33.44,0.01,0.03,101170000,0,綠增,否,是,33.56,33.66,33.66,33.37,-0.6042,-0.172,0.11
00846B,富邦歐洲銀行債,2026-08-05,36.4,0.03,0.08,101000000,0,綠增,否,是,36.39,36.42,36.39,36.02,-0.1427,0.0824,0.2272
00847B,中信美國市政債,2026-08-05,25.52,0.16,0.63,212000000,0,綠縮,否,否,25.5,25.64,25.74,25.58,-1.0708,-0.4311,-0.2886
00848B,中信新興亞洲債,2026-08-05,33.98,0.12,0.35,210001000,0,綠縮,否,否,33.97,34.15,34.41,34.24,-1.0718,-0.9542,-0.3115
00849B,中信EM主權債0-5,2026-08-05,37.76,-0.13,-0.34,213482000,0,綠增,否,是,37.9,37.87,37.82,37.38,0.1586,0.0079,0.3196
00853B,統一美債10年Aa-A,2026-08-05,27.45,0.2,0.73,1005341000,0,綠縮,否,否,27.32,27.44,27.64,27.69,-0.8852,-0.5617,-0.5273
00856B,永豐1-3年美公債,2026-08-05,38.11,-0.04,-0.1,34060000,0,紅縮,否,是,38.17,38.17,37.97,37.68,-0.0105,0.384,0.3674
00857B,永豐20年美公債,2026-08-05,23.07,0.21,0.92,1097541000,0,綠縮,否,否,23.1,23.16,23.26,23.18,-0.5168,-0.181,-0.5069
00858,永豐美國500大,2026-08-05,36.67,0.58,1.61,680195000,0,綠縮,否,是,35.64,36.23,36.41,35.78,-3.2097,-1.5995,-0.1946
00859B,群益0-1年美債,2026-08-05,41.54,-0.21,-0.5,2900343000,0,紅縮,否,是,41.66,41.61,41.35,41.05,0.2792,0.5097,0.623
00860B,群益1-5Y投資級債,2026-08-05,38.91,-0.09,-0.23,211051000,0,紅縮,是,是,38.94,38.89,38.68,38.18,0.2574,0.4883,0.5917
00862B,中信投資級公司債,2026-08-05,31.46,0.28,0.9,240406000,0,綠縮,否,否,31.28,31.41,31.64,31.71,-0.8433,-0.5604,-0.5391
00863B,中信全球電信債,2026-08-05,31.63,0.29,0.93,286030000,0,綠縮,否,否,31.46,31.64,31.87,32.04,-1.0877,-0.5907,-0.647
00864B,中信美國公債0-1,2026-08-05,47.1,-0.25,-0.53,1706950000,0,紅縮,否,是,47.24,47.19,46.88,46.29,0.2206,0.5411,0.6267
00867B,台新A-BBB電信債,2026-08-05,30.68,0.31,1.02,27281000,0,綠縮,否,否,30.63,30.73,31.13,31.16,-0.6875,-1.2341,-0.4382
00870B,元大15年EM主權債,2026-08-05,27.85,0.12,0.43,1000000,0,綠縮,否,否,27.9,28.16,28.56,28.38,-1.8713,-1.806,-0.6523
00877,復華中國5G,2026-08-05,37.12,1.19,3.31,7574834000,0,綠縮,否,否,35.31,37.0,40.98,41.09,-8.7554,-9.8875,-7.3496
00884B,中信低碳新興債,2026-08-05,29.27,0.18,0.62,200355000,0,綠縮,否,否,29.18,29.36,29.73,29.65,-1.2253,-1.3406,-0.766
00886,永豐美國科技,2026-08-05,46.68,1.26,2.77,64366000,0,綠縮,是,是,45.02,45.23,45.26,43.21,-0.9068,-1.0264,0.2292
00887,永豐中國科技50大,2026-08-05,17.04,0.7,4.28,13023385000,0,綠縮,否,否,16.65,16.94,18.25,17.3,-3.4455,-6.3198,-3.5099
00888,永豐台灣ESG,2026-08-05,32.09,0.71,2.26,10218194000,0,綠縮,否,否,30.95,32.77,35.0,33.23,-10.5245,-8.1799,-4.4859
00890B,凱基ESG BBB債15+,2026-08-05,32.07,0.23,0.72,103000000,0,綠縮,否,否,31.8,31.96,32.31,32.29,-0.9961,-0.9636,-0.6962
00928,中信上櫃ESG 30,2026-08-05,31.27,1.25,4.16,818748000,0,綠縮,否,否,27.87,28.89,32.9,35.27,-6.8396,-12.4515,-7.5409
00931B,統一美債20年,2026-08-05,13.35,0.12,0.91,2146314000,0,綠縮,否,否,13.37,13.41,13.53,13.44,-0.5801,-0.7036,-0.6095
00933B,國泰10Y+金融債,2026-08-05,16.05,0.09,0.56,9292998000,0,綠縮,否,是,15.98,16.01,16.1,16.02,-0.3491,-0.3733,-0.2787
00937B,群益ESG投等債20+,2026-08-05,14.73,0.11,0.75,35571505000,0,綠縮,否,否,14.63,14.7,14.84,14.83,-0.8806,-0.8701,-0.606
00942B,台新美A公司債20+,2026-08-05,14.16,0.11,0.78,1511264000,0,綠縮,否,否,14.1,14.16,14.29,14.3,-0.8299,-0.6943,-0.6812
00948B,中信優息投資級債,2026-08-05,9.39,0.06,0.64,7286049000,0,綠縮,否,否,9.34,9.38,9.47,9.46,-0.9124,-0.8035,-0.6088
00950B,凱基A級公司債,2026-08-05,14.03,0.09,0.65,7688351000,0,綠縮,是,否,14.01,14.06,14.13,14.07,-0.7227,-0.319,-0.3561
00955,中信日本商社,2026-08-05,15.3,-0.08,-0.52,3665279000,0,紅增,否,是,15.06,14.82,14.5,14.93,3.194,2.3688,1.7967
00957B,兆豐US優選投等債,2026-08-05,13.35,0.11,0.83,165418000,0,綠縮,否,否,13.27,13.34,13.47,13.46,-0.9848,-0.8769,-0.66
00958B,永豐ESG銀行債15+,2026-08-05,9.29,0.06,0.65,746492000,0,綠縮,否,否,9.26,9.3,9.35,9.3,-0.92,-0.4706,-0.3834
00959B,大華投等美債15Y+,2026-08-05,9.34,0.07,0.76,967685000,0,綠縮,否,否,9.32,9.35,9.41,9.38,-0.7669,-0.4895,-0.4654
00966B,統一ESG投等債15+,2026-08-05,13.81,0.1,0.73,1701297000,0,綠縮,是,否,13.78,13.85,13.96,13.94,-0.9485,-0.6385,-0.644
00967B,元大優息美債,2026-08-05,9.13,0.08,0.88,181792000,0,綠縮,否,是,9.13,9.16,9.18,9.12,-0.6748,-0.1962,-0.2498
00968B,元大優息投等債,2026-08-05,9.24,0.07,0.76,1529768000,0,綠縮,否,否,9.17,9.21,9.28,9.27,-0.9507,-0.6471,-0.5307
00969B,元大零息超長美債,2026-08-05,8.2,0.13,1.61,642942000,0,綠縮,否,否,8.23,8.29,8.38,8.31,-1.2236,-0.6356,-1.0978
00970B,台新BBB投等債20+,2026-08-05,9.33,0.08,0.86,4790937000,0,綠縮,是,否,9.26,9.3,9.39,9.37,-0.8141,-0.8002,-0.5773
009806,台新標普500,2026-08-05,13.93,0.22,1.6,90409000,0,綠轉紅,否,是,13.48,13.47,13.42,13.13,0.104,0.0445,0.7506
009807,台新標普科技精選,2026-08-05,17.26,0.63,3.79,164507000,0,綠縮,否,是,16.33,16.41,16.57,16.16,-0.934,-0.9894,-0.7248
00980B,台新特選IG債10+,2026-08-05,9.43,0.07,0.75,270250000,0,綠縮,否,否,9.38,9.42,9.5,9.47,-0.8039,-0.7589,-0.508
00980D,主動聯博投等入息,2026-08-05,20.49,0.06,0.29,603904000,0,綠縮,否,是,20.44,20.46,20.51,20.41,-0.2441,-0.2729,-0.0341
00980T,平衡凱基美國TOP,2026-08-05,12.12,0.17,1.42,4150443000,0,綠轉紅,是,是,11.62,11.67,11.54,11.5,-0.9043,0.4217,0.7816
009814,富邦標普500,2026-08-05,11.63,0.2,1.75,490044000,0,綠轉紅,否,是,11.23,11.22,11.19,10.98,0.2141,0.0089,0.6069
009815,大華美國MAG7+,2026-08-05,11.79,0.28,2.43,5332023000,0,綠轉紅,否,是,11.12,11.21,11.21,11.18,-1.5401,-0.7173,0.1116
00981B,第一金優選非投債,2026-08-05,9.34,0.0,0.0,12729033000,0,綠縮,否,是,9.28,9.3,9.3,9.21,-0.5146,-0.268,0.1993
00981D,主動中信非投等債,2026-08-05,10.5,-0.01,-0.1,2763121000,0,綠縮,否,是,10.48,10.48,10.47,10.37,0.0955,-0.1049,0.3065
009822,華南永昌未來金融,2026-08-05,9.86,0.01,0.1,620678000,0,綠轉紅,否,,9.75,9.73,9.76,,0.2881,0.0514,-0.1126
009823,群益S&P500,2026-08-05,10.7,0.17,1.61,8031588000,0,綠轉紅,是,,10.34,10.34,10.34,,0.0968,-0.087,0.5057
009825,聯邦美國金融創新,2026-08-05,9.99,0.11,1.11,6611194000,0,,是,,9.84,9.79,9.86,,1.0263,0.0715,-0.3991
00982B,FT投資級債20+,2026-08-05,9.67,0.01,0.1,61102000,0,綠縮,否,否,9.67,9.72,9.83,9.83,-1.1045,-1.1688,-0.5866
00983B,大華優利美公債20,2026-08-05,15.54,0.14,0.91,776060000,0,綠縮,是,否,15.58,15.63,15.71,15.63,-0.6376,-0.2552,-0.4781
00984B,大華優利美A債15,2026-08-05,16.19,0.11,0.68,549559000,0,綠縮,否,否,16.16,16.23,16.34,16.33,-0.7857,-0.46,-0.6022
00985D,主動貝萊德優投等,2026-08-05,10.12,0.05,0.5,251767000,0,綠縮,否,否,10.07,10.11,10.19,10.15,-0.8271,-0.6678,-0.4495
00986B,FT金融債10+,2026-08-05,9.79,0.04,0.41,1000000,0,綠縮,否,否,9.79,9.83,9.91,9.89,-0.8507,-0.9869,-0.3119
00986D,主動復華金融債息,2026-08-05,14.74,0.03,0.2,1045876000,0,綠縮,否,否,14.74,14.78,14.82,14.78,-0.5265,-0.3305,-0.128
00987B,野村10+澳洲公債,2026-08-05,16.27,0.04,0.25,1191503000,0,紅增,否,是,16.13,16.1,16.01,15.95,0.2861,0.5746,0.3165
00988B,玉山嚴選非投債,2026-08-05,20.02,0.04,0.2,4035901000,0,綠縮,否,是,19.9,19.94,19.95,19.85,-0.3405,-0.3349,0.0978
00989B,台新美國非投等債,2026-08-05,10.27,-0.01,-0.1,3967539000,0,綠縮,否,是,10.24,10.24,10.23,10.09,-0.0195,-0.1268,0.2842
00990B,國泰收益非投等債,2026-08-05,10.11,0.0,0.0,2288286000,0,紅增,是,,10.08,10.06,10.04,,0.3984,0.1693,0.1791
00998A,主動復華金融股息,2026-08-05,18.11,0.06,0.33,2426602000,0,紅增,否,是,17.57,17.42,17.2,16.46,1.7018,0.9678,1.0901
020025,統一亞洲半導體N,2026-08-05,37.61,2.08,5.85,42000000,0,綠縮,否,,34.77,36.3,39.17,,-8.0795,-6.742,-6.4803
020033,統一恒生科期N,2026-08-05,3.94,0.08,2.07,198000000,0,紅增,是,,3.83,3.79,3.68,,2.1867,2.3212,1.0421
020041,兆豐半導體氣候N,2026-08-05,18.01,0.5,2.86,44000000,0,綠縮,是,,15.92,16.61,17.65,,-7.9121,-6.9431,-5.2233
1240,茂生農經,2026-08-05,55.1,-0.1,-0.18,13096000,0,綠縮,否,否,54.46,54.77,56.19,57.49,-1.1256,-2.5618,-1.5936
1259,安心,2026-08-05,58.7,-0.4,-0.68,24986000,0,紅縮,否,是,59.52,59.39,58.27,58.11,0.4387,1.5735,0.4741
1264,德麥,2026-08-05,256.0,1.0,0.39,36631000,0,綠縮,是,否,256.1,257.0,263.18,268.34,-0.6979,-2.3742,-1.2847
1268,漢來美食,2026-08-05,169.5,-2.5,-1.45,43190000,0,綠增,否,是,169.9,171.4,169.95,166.08,-1.7351,0.6459,0.1031
1294,漢田生技,2026-08-05,56.7,0.5,0.89,7513000,0,綠轉紅,否,否,55.92,56.1,61.45,72.86,-0.6397,-1.9745,-8.6992
1295,生合,2026-08-05,46.4,-0.2,-0.43,44329000,0,綠增,否,否,46.69,47.6,48.19,50.34,-3.7518,-2.9265,-1.1132
1336,台翰,2026-08-05,15.2,0.0,0.0,109196000,0,綠縮,否,是,15.04,15.38,15.13,14.33,-4.2648,-0.065,-0.6567
1565,精華,2026-08-05,93.2,0.6,0.65,290298000,0,綠縮,是,否,92.2,92.84,94.86,95.99,-1.3693,-2.3662,-0.5087
1569,濱川,2026-08-05,42.65,1.05,2.52,340357000,0,綠縮,否,否,39.75,41.41,44.21,49.96,-7.7084,-8.4356,-4.1206
1570,力肯,2026-08-05,34.0,0.35,1.04,41128000,0,綠縮,否,否,34.17,35.73,37.98,40.99,-8.3914,-7.1698,-4.2475
1580,新麥,2026-08-05,112.0,0.5,0.45,74609000,0,綠縮,否,否,112.1,113.1,117.58,121.35,-1.7528,-3.949,-2.2652
1584,精剛,2026-08-05,17.4,0.1,0.58,454576000,0,綠縮,否,否,17.58,18.6,19.0,19.5,-10.3976,-5.3676,-2.1375
1586,和勤,2026-08-05,18.15,0.05,0.28,253001000,0,紅增,否,否,18.21,18.12,18.66,20.72,0.9424,-1.6816,-3.0767
1591,駿吉-KY,2026-08-05,36.2,-0.2,-0.55,132991000,0,紅縮,否,,38.68,36.8,39.47,,10.7992,-3.8793,-2.3867
1593,祺驊,2026-08-05,30.15,0.05,0.17,21618000,0,綠轉紅,否,否,29.89,30.02,30.19,30.96,-0.8952,-0.5301,-0.2478
1595,川寶,2026-08-05,62.5,2.0,3.31,1435558000,0,綠縮,是,否,51.92,54.45,64.16,76.82,-8.8803,-13.4065,-9.9754
1599,宏佳騰,2026-08-05,23.65,-0.1,-0.42,15699000,0,紅縮,否,否,23.92,23.39,23.45,23.76,4.6369,1.2993,0.6545
1742,台蠟,2026-08-05,18.1,-0.25,-1.36,267070000,0,紅增,是,是,17.02,16.62,16.01,15.61,4.8675,4.9227,2.8599
1777,生泰,2026-08-05,72.3,0.2,0.28,34115000,0,綠縮,否,是,72.16,72.36,72.89,71.92,-0.5513,-1.9246,0.1787
1780,立弘,2026-08-05,23.4,-0.15,-0.64,55081000,0,紅增,否,否,23.57,23.09,23.82,28.57,4.1998,-1.219,-3.0226
1781,合世,2026-08-05,11.55,-0.05,-0.43,7131000,0,綠縮,否,是,11.49,11.65,11.77,11.35,-2.7919,-1.8939,-0.7796
1784,訊聯,2026-08-05,58.7,0.6,1.03,65037000,0,綠縮,否,否,57.54,59.04,63.53,67.67,-4.9554,-8.1518,-3.5156
1785,光洋科,2026-08-05,111.5,0.5,0.45,7049014000,0,綠縮,否,否,100.54,104.37,122.18,140.84,-7.0795,-13.6725,-8.2523
1788,杏昌,2026-08-05,130.5,0.5,0.38,20625000,0,紅增,否,否,129.8,129.9,129.88,132.88,-0.1538,0.0385,-0.1346
1796,金穎生技,2026-08-05,30.7,-0.85,-2.69,12073000,0,綠縮,否,否,30.28,30.94,32.09,34.82,-4.1772,-6.4409,-2.5063
1799,易威,2026-08-05,31.65,-0.4,-1.25,264164000,0,紅轉綠,否,否,32.83,32.65,32.78,33.74,1.1087,-1.3744,1.5489
1813,寶利徠,2026-08-05,11.45,-0.05,-0.43,10925000,0,綠增,否,否,11.59,11.75,11.86,12.01,-2.605,-1.5094,-0.6908
1815,富喬,2026-08-05,83.9,3.8,4.74,35593829000,0,綠縮,是,否,69.42,74.45,86.47,98.3,-12.6573,-13.9505,-8.4009
2061,風青,2026-08-05,55.2,1.2,2.22,1147846000,0,綠縮,否,是,53.88,53.48,62.32,42.22,1.5072,-16.2674,-2.1011
2063,世鎧,2026-08-05,23.7,0.0,0.0,30783000,0,紅縮,否,否,23.76,23.93,24.02,24.83,-1.3699,-0.7673,-0.6616
2065,世豐,2026-08-05,31.4,-0.35,-1.1,39930000,0,綠縮,否,否,31.5,31.7,32.16,32.75,-1.2849,-1.4148,-1.6742
2066,世德,2026-08-05,61.5,0.6,0.99,25556000,0,綠縮,否,是,59.8,61.41,64.18,58.88,-5.1095,-5.1876,-3.4887
2067,嘉鋼,2026-08-05,6.44,0.23,3.7,7701000,0,綠縮,否,否,6.39,6.48,6.56,6.69,-2.8893,-1.803,-0.5534
2070,精湛,2026-08-05,53.0,4.8,9.96,58238000,0,綠縮,否,否,48.28,50.63,55.67,62.74,-8.8713,-9.6377,-7.2089
2073,雄順,2026-08-05,26.15,-1.8,-6.44,6211000,0,紅轉綠,否,否,27.24,27.24,27.03,26.41,0.0367,0.5353,1.5402
2221,大甲,2026-08-05,44.75,0.25,0.56,214895000,0,綠縮,否,是,44.7,47.96,48.41,44.3,-12.7294,-5.0391,-1.8652
2230,泰茂,2026-08-05,24.6,0.35,1.44,121911000,0,紅增,否,否,22.37,22.23,23.28,26.71,1.2675,-2.1997,-3.8315
2235,謚源,2026-08-05,27.95,0.0,0.0,1000000,0,綠縮,否,否,27.07,27.4,28.66,30.01,-2.3801,-4.8281,-2.7731
2596,綠意,2026-08-05,30.95,0.3,0.98,45528000,0,綠縮,否,是,30.44,30.82,31.0,29.76,-2.4359,-1.894,0.0565
2640,大車隊,2026-08-05,145.0,-1.0,-0.68,11694000,0,綠縮,否,否,145.9,147.35,152.2,159.38,-1.9489,-3.6928,-0.9598
2641,正德,2026-08-05,17.25,0.2,1.17,994214000,0,綠縮,否,否,16.82,16.95,17.38,17.87,-1.4646,-2.7826,-2.029
2643,捷迅,2026-08-05,62.7,0.3,0.48,40018000,0,紅增,否,否,59.54,58.95,60.27,64.44,2.0219,-1.5038,-2.5941
2718,全心投控,2026-08-05,44.8,0.7,1.59,10723000,0,綠縮,否,否,43.57,44.95,47.66,46.55,-5.9776,-5.7942,-3.2774
2719,燦星旅,2026-08-05,21.6,0.0,0.0,15096000,0,綠縮,否,否,21.76,22.59,23.28,24.92,-7.088,-3.8109,-3.4329
2724,藝舍-KY,2026-08-05,10.6,0.0,0.0,1001000,0,紅轉綠,否,否,11.01,11.24,11.54,13.17,-4.0105,-2.8102,-2.7175
2726,雅茗-KY,2026-08-05,8.63,0.0,0.0,44656000,0,綠增,是,否,8.79,8.85,9.02,9.65,-1.4359,-0.8292,-2.5872
2729,瓦城,2026-08-05,160.0,-2.0,-1.23,7128000,0,紅縮,否,否,161.0,159.3,159.07,161.04,2.1574,1.1429,-0.2352
2732,六角,2026-08-05,63.1,0.1,0.16,22251000,0,綠增,否,否,63.34,64.02,64.54,64.91,-2.102,-1.2494,-0.524
2734,易飛網,2026-08-05,14.65,0.0,0.0,27086000,0,綠縮,否,否,14.54,14.84,15.04,15.37,-3.963,-2.2398,-1.587
2736,富野,2026-08-05,11.5,-0.15,-1.29,86409000,0,綠增,否,否,11.63,11.72,11.79,12.09,-1.5241,-0.7621,-0.5902
2740,華軒,2026-08-05,33.0,-0.5,-1.49,8214000,0,紅縮,是,否,33.43,33.71,33.15,34.28,-1.6765,-0.3105,3.4558
2743,山富,2026-08-05,56.5,-0.3,-0.53,92529000,0,綠增,否,否,58.06,59.23,62.13,66.35,-3.8742,-4.5909,-3.8459
2745,五福,2026-08-05,86.6,0.0,0.0,181226000,0,綠縮,否,否,88.26,94.35,100.05,102.22,-12.1266,-8.014,-4.5643
2751,王座,2026-08-05,51.9,0.2,0.39,2152000,0,綠縮,否,否,51.09,51.41,52.08,52.71,-1.2563,-1.6734,-0.4634
2752,豆府,2026-08-05,175.0,1.0,0.57,13449000,0,綠縮,否,否,173.5,175.1,176.35,178.04,-1.811,-1.1851,-0.7038
2754,亞洲藏壽司,2026-08-05,71.7,0.3,0.42,26591000,0,綠轉紅,否,是,68.78,68.77,68.78,68.94,0.0291,0.0291,0.2697
2755,揚秦,2026-08-05,103.0,0.0,0.0,25555000,0,綠縮,否,否,102.8,103.6,121.17,130.44,-1.5326,-14.5215,-7.5353
2756,聯發國際,2026-08-05,56.5,-0.1,-0.18,17429000,0,綠增,否,否,56.94,58.22,58.91,61.0,-4.3025,-2.1348,-1.1245
2916,滿心,2026-08-05,40.5,0.4,1.0,68960000,0,紅增,否,否,39.74,39.62,40.21,43.07,0.5821,-0.9003,-1.1857
2924,宏太-KY,2026-08-05,16.3,0.45,2.84,7060000,0,紅轉綠,是,否,17.77,17.96,17.87,18.3,-2.1476,-1.0465,0.5629
2926,誠品生活,2026-08-05,30.6,-0.15,-0.49,16063000,0,綠縮,否,否,30.65,31.15,32.06,34.58,-3.1596,-2.641,-2.7527
2937,集雅社,2026-08-05,45.3,-0.2,-0.44,2361000,0,綠增,否,否,46.0,46.8,47.45,46.74,-3.3613,-1.7735,-1.4485
2941,米斯特,2026-08-05,31.7,0.0,0.0,1020000,0,綠縮,否,,31.27,31.98,32.88,,-4.3146,-6.4511,0.6582
2947,振宇五金,2026-08-05,64.0,2.0,3.23,9116000,0,綠縮,否,否,62.54,64.17,68.88,74.79,-4.9544,-4.9896,-5.359
2948,寶陞,2026-08-05,38.0,-0.2,-0.52,7740000,0,紅增,是,是,37.77,37.67,37.61,37.8,0.5323,-0.0796,0.1998
2949,欣新網,2026-08-05,59.9,0.4,0.67,3000000,0,綠縮,否,否,61.36,65.33,68.77,63.26,-11.4574,-10.0014,-1.9952
3066,李洲,2026-08-05,21.85,-0.4,-1.8,1018039000,0,綠縮,是,是,20.57,21.5,23.88,21.41,-8.3333,-13.6519,-2.081
3067,全域,2026-08-05,18.1,-0.45,-2.43,1080000,0,綠縮,否,否,18.01,18.11,18.48,18.3,-1.044,-2.1616,-1.4133
3071,協禧,2026-08-05,26.1,-0.05,-0.19,190965000,0,綠縮,否,否,25.25,25.66,28.13,30.38,-3.1082,-7.4328,-6.3031
3073,天方能源,2026-08-05,22.0,0.2,0.92,14186000,0,綠縮,否,是,21.54,21.61,21.88,21.51,-0.6916,-1.166,-0.1369
3078,僑威,2026-08-05,52.8,-0.1,-0.19,713701000,0,綠縮,否,否,51.62,52.08,53.71,55.08,-1.751,-4.2999,-1.032
3081,聯亞,2026-08-05,2160.0,195.0,9.92,374935000,0,紅增,否,否,1715.0,1650.0,1808.0,2322.42,8.2019,-6.3032,-6.4303
3083,網龍,2026-08-05,25.3,0.0,0.0,75225000,0,綠縮,否,否,24.93,25.2,26.29,27.25,-2.0817,-3.4674,-3.4435
3085,新零售,2026-08-05,12.05,0.0,0.0,4774000,0,紅增,否,,12.09,12.07,12.13,,0.4153,0.7516,-1.1815
3086,華義*,2026-08-05,27.45,-0.6,-2.14,188522000,0,綠縮,否,否,27.17,28.55,30.21,34.83,-9.2518,-6.6067,-5.6154
3088,艾訊,2026-08-05,132.5,9.0,7.29,3231082000,0,綠縮,否,否,131.0,135.0,137.88,133.9,-5.7554,-3.4335,-1.7984
3093,港建*,2026-08-05,46.5,0.65,1.42,461784000,0,綠縮,否,否,44.2,45.84,54.83,57.33,-6.9082,-11.4032,-9.7746
3095,及成,2026-08-05,38.0,0.7,1.88,26482000,0,紅增,是,否,37.73,37.87,38.1,41.06,-0.7366,-1.1485,-0.8264
3105,穩懋,2026-08-05,376.0,34.0,9.94,2862561000,0,綠縮,否,否,314.2,328.0,368.05,457.64,-8.0749,-11.4112,-10.873
3114,好德,2026-08-05,33.55,2.25,7.19,782611000,0,綠縮,是,否,30.67,31.8,37.47,34.88,-6.8348,-12.2049,-11.7834
3118,進階,2026-08-05,31.7,-0.05,-0.16,30625000,0,紅縮,是,否,31.73,31.78,31.81,32.66,-0.3142,-0.3606,0.1102
3122,笙泉,2026-08-05,25.6,0.4,1.59,93909000,0,綠縮,否,否,24.16,25.07,27.66,31.62,-7.0412,-9.7047,-6.1567
3128,昇銳,2026-08-05,21.9,0.15,0.69,146984000,0,綠縮,否,否,21.25,21.56,22.83,23.47,-2.8349,-5.7486,-3.3749
3131,弘塑,2026-08-05,2345.0,-195.0,-7.68,1345957000,0,綠縮,是,否,2398.0,2684.0,3045.0,3083.0,-19.2593,-12.5733,-7.8878
3141,晶宏,2026-08-05,74.4,2.6,3.62,884496000,0,綠縮,否,是,65.1,64.49,69.86,68.01,1.9098,-5.5645,-3.2008
3147,大綜,2026-08-05,271.5,24.5,9.92,2534292000,0,綠轉紅,是,是,226.0,225.05,232.85,229.27,0.8478,-0.8153,-9.7218
3152,璟德,2026-08-05,232.0,-10.0,-4.13,322620000,0,綠縮,是,是,219.8,225.4,249.6,204.45,-4.8485,-9.4961,0.7976
3158,嘉實,2026-08-05,82.6,-0.4,-0.48,11060000,0,綠轉紅,否,否,82.14,82.33,82.91,85.27,-0.4605,-0.6156,-0.492
3162,精確,2026-08-05,65.4,2.3,3.65,734945000,0,綠縮,否,否,60.54,64.28,72.84,80.66,-10.9968,-13.8915,-7.1278
3163,波若威,2026-08-05,722.0,65.0,9.89,3796009000,0,綠轉紅,否,否,598.2,642.0,699.7,903.92,-12.7734,-10.4228,-7.7156
3169,亞信,2026-08-05,103.0,2.0,1.98,136103000,0,綠縮,否,否,98.56,100.56,102.85,108.96,-3.9002,-2.8218,-2.7744
3171,炎洲流通,2026-08-05,65.5,0.2,0.31,9258000,0,綠轉紅,否,否,64.94,64.87,66.21,68.6,0.216,-1.0374,-1.9911
3176,基亞,2026-08-05,33.5,1.85,5.85,1225459000,0,綠縮,是,否,32.16,32.96,34.27,33.85,-4.7675,-6.5883,-0.6955
3178,公準,2026-08-05,57.6,0.6,1.05,56365000,0,綠縮,否,否,57.1,62.13,63.7,66.68,-14.9792,-5.6492,-3.1549
3188,鑫龍騰,2026-08-05,23.1,0.0,0.0,165094000,0,綠縮,否,否,22.94,23.28,23.62,24.0,-2.8789,-1.7929,-1.016
3191,雲嘉南,2026-08-05,18.8,0.05,0.27,122288000,0,綠縮,是,是,17.77,18.0,18.37,17.86,-2.4698,-2.3338,-2.3654
3205,佰研,2026-08-05,47.95,0.5,1.05,16006000,0,綠縮,否,否,48.18,48.97,50.42,52.99,-3.1752,-3.2596,-2.0973
3206,志豐,2026-08-05,32.95,-0.2,-0.6,56646000,0,綠縮,否,否,32.38,33.57,35.8,36.94,-6.8737,-7.5705,-3.679
3207,耀勝,2026-08-05,41.45,0.1,0.24,163389000,0,綠縮,否,否,41.15,44.76,53.61,60.33,-14.9266,-17.864,-10.6909
3211,順達,2026-08-05,324.5,-0.5,-0.15,7596197000,0,綠縮,否,否,318.4,349.7,383.85,395.98,-16.4304,-13.4941,-6.2752
3213,茂訊,2026-08-05,134.5,5.5,4.26,670160000,0,綠縮,是,是,125.1,124.85,126.45,122.75,0.4013,-2.4228,-0.6482
3217,優群,2026-08-05,143.5,2.5,1.77,693812000,0,綠縮,否,否,142.9,146.0,159.35,174.09,-4.1583,-7.6826,-5.2334
3218,大學光,2026-08-05,140.0,4.0,2.94,365703000,0,綠縮,否,是,135.4,136.05,137.88,134.47,-0.951,-1.9813,0.3457
3219,倚強科,2026-08-05,65.0,2.7,4.33,197087000,0,綠縮,否,否,59.64,62.22,68.45,74.05,-7.963,-11.317,-4.4125
3221,台嘉碩,2026-08-05,47.65,0.65,1.38,3156153000,0,綠縮,否,否,44.76,45.74,52.0,52.19,-4.2157,-10.4356,-5.7542
3224,三顧,2026-08-05,35.1,0.4,1.15,28687000,0,綠縮,否,否,34.84,34.98,36.23,39.59,-0.8255,-3.3964,-2.1541
3226,龍鋒,2026-08-05,51.4,0.3,0.59,79881000,0,綠轉紅,是,,48.21,47.08,47.51,,4.9412,0.8354,0.2638
3227,原相,2026-08-05,209.5,4.0,1.95,1605176000,0,綠縮,否,否,193.7,192.55,208.72,217.22,1.2017,-5.311,-3.4016
3228,金麗科,2026-08-05,145.5,0.5,0.34,259909000,0,綠縮,否,否,141.8,151.25,164.43,188.39,-11.761,-9.6745,-6.1903
3230,錦明,2026-08-05,41.0,0.8,1.99,897831000,0,綠縮,否,是,37.59,40.74,45.52,36.74,-14.3736,-15.4843,1.8629
3232,昱捷,2026-08-05,19.6,-0.15,-0.76,45372000,0,綠縮,否,否,19.6,20.21,21.18,21.74,-5.9049,-5.1162,-3.2439
3234,光環,2026-08-05,115.0,2.0,1.77,2106521000,0,綠縮,否,是,99.04,100.67,111.81,111.98,-3.1867,-9.632,-7.3078
3236,千如,2026-08-05,42.7,-0.3,-0.7,3245743000,0,綠縮,否,否,39.43,42.79,53.31,50.22,-14.5427,-18.891,-11.2355
3252,海灣,2026-08-05,15.9,0.0,0.0,37002000,0,綠增,否,否,16.2,16.66,17.16,17.87,-5.4291,-3.8095,-1.9148
3259,鑫創,2026-08-05,14.55,-0.25,-1.69,45739000,0,綠增,否,否,14.93,15.05,15.54,16.4,-1.6469,-2.871,-2.357
3260,威剛,2026-08-05,396.0,-2.5,-0.63,13936761000,0,紅增,否,否,390.0,379.15,392.52,415.52,5.8919,-2.0411,-1.4932
3264,欣銓,2026-08-05,202.0,8.5,4.39,5493682000,0,綠縮,否,否,183.3,197.3,214.45,219.55,-13.2513,-10.1957,-4.7312
3265,台星科,2026-08-05,155.5,0.0,0.0,1067508000,0,綠縮,否,否,146.1,152.85,164.72,174.86,-8.4586,-7.1949,-5.2079
3268,海德威,2026-08-05,20.95,-0.55,-2.56,124964000,0,綠轉紅,否,是,20.45,20.07,20.61,19.37,3.8071,-0.4216,-1.8102
3272,東碩,2026-08-05,14.05,0.25,1.81,41884000,0,綠縮,否,否,13.83,14.42,15.04,16.6,-7.8614,-5.8747,-3.9904
3276,宇環,2026-08-05,15.05,0.0,0.0,239165000,0,綠增,否,否,15.56,16.44,16.41,15.41,-10.1617,-2.1137,-0.3339
3284,太普高,2026-08-05,20.8,0.05,0.24,208369000,0,綠縮,否,是,20.56,22.03,25.3,20.57,-12.5106,-13.6078,-5.1359
3285,微端,2026-08-05,37.85,0.75,2.02,19752000,0,綠縮,否,是,37.47,38.06,40.84,35.59,-3.0781,-3.1302,-5.0845
3287,廣寰科,2026-08-05,29.7,-0.2,-0.67,136433000,0,綠縮,否,否,28.32,28.67,30.1,31.68,-2.4121,-3.7597,-4.0029
3288,點晶,2026-08-05,23.9,-1.55,-6.09,103520000,0,紅縮,否,是,24.16,25.18,22.51,19.52,-7.8214,10.1947,1.8435
3289,宜特,2026-08-05,144.5,,,1256909000,0,綠縮,否,否,139.7,142.8,154.88,166.75,-4.2495,-6.8189,-4.3095
3290,東浦,2026-08-05,53.2,0.0,0.0,527625000,0,綠縮,否,否,53.38,57.51,62.69,55.74,-13.4004,-10.9201,-5.6083
3293,鈊象,2026-08-05,777.0,3.0,0.39,1310072000,0,紅增,否,是,749.2,728.7,746.75,750.43,5.7893,0.9559,-0.4798
3294,英濟,2026-08-05,30.6,0.3,0.99,378891000,0,綠縮,否,否,28.76,30.15,33.64,35.48,-8.7853,-12.3819,-7.0649
3297,杭特,2026-08-05,26.8,0.55,2.1,76635000,0,綠縮,否,否,26.47,28.34,29.5,30.75,-12.351,-6.3151,-3.9873
3303,岱稜,2026-08-05,54.9,-0.7,-1.26,788506000,0,綠縮,否,是,52.42,52.45,55.31,53.06,-0.1143,-5.4444,-2.8709
3306,鼎天,2026-08-05,43.35,0.05,0.12,132527000,0,綠縮,否,否,43.25,43.82,46.21,46.71,-2.5681,-5.1515,-2.3972
3310,佳穎,2026-08-05,67.0,-0.2,-0.3,1000000,0,綠縮,否,否,66.48,67.06,67.24,68.74,-1.715,-1.4982,0.5007
3313,斐成,2026-08-05,10.3,0.0,0.0,46856000,0,綠縮,否,否,10.42,11.11,11.38,11.5,-11.7697,-5.8848,-2.3815
3317,尼克森,2026-08-05,69.7,1.7,2.5,891528000,0,綠縮,否,否,66.2,73.01,83.48,77.92,-17.0634,-16.3017,-6.7675
3322,建舜電,2026-08-05,11.4,0.15,1.33,321428000,0,綠縮,否,否,11.2,11.75,12.73,13.41,-8.9431,-8.239,-6.1567
3323,加百裕,2026-08-05,29.35,0.4,1.38,283309000,0,綠縮,否,否,27.88,29.17,31.71,34.35,-8.4701,-10.0524,-5.1656
3324,雙鴻,2026-08-05,965.0,21.0,2.22,2637990000,0,綠轉紅,否,否,897.0,901.3,932.65,1022.3,-0.9496,-0.9887,-3.3423
3325,旭品,2026-08-05,12.05,0.0,0.0,151371000,0,綠縮,否,否,11.86,12.2,12.56,12.56,-5.3472,-4.0897,-1.1994
3339,泰谷,2026-08-05,39.8,2.4,6.42,4855850000,0,綠轉紅,是,否,33.98,34.65,37.24,45.4,-3.7939,-4.4928,-7.5749
3349,寶德,2026-08-05,22.1,-0.8,-3.49,318088000,0,綠增,是,是,22.55,22.8,22.39,20.85,-2.1692,-2.8133,5.1667
3354,律勝,2026-08-05,21.1,0.95,4.71,151470000,0,綠縮,否,否,20.05,21.17,23.71,28.31,-10.0493,-11.4226,-7.5273
3357,臺慶科,2026-08-05,210.0,4.0,1.94,1896864000,0,綠縮,否,否,194.5,205.0,242.65,247.7,-9.7448,-13.974,-11.3607
3360,尚立,2026-08-05,16.3,-0.2,-1.21,960799000,0,綠縮,否,否,15.79,17.32,19.15,16.33,-16.2334,-12.1035,-3.2458
3362,先進光,2026-08-05,174.5,-5.0,-2.79,2366860000,0,綠縮,否,是,165.4,160.25,168.6,145.12,6.6409,-1.5663,-4.8667
3363,上詮,2026-08-05,600.0,37.0,6.57,3257876000,0,綠轉紅,否,否,517.0,527.0,553.3,713.07,-3.7244,-7.4789,-5.9573
3372,典範,2026-08-05,15.8,0.3,1.94,619497000,0,綠縮,否,否,15.26,16.1,17.92,19.44,-9.9705,-10.5278,-7.9008
3373,熱映,2026-08-05,16.5,0.25,1.54,148382000,0,綠縮,否,否,16.5,16.62,16.6,16.76,-1.4337,-0.1802,-0.2403
3374,精材,2026-08-05,313.0,3.5,1.13,20106850000,0,綠縮,否,是,297.3,339.15,332.23,272.61,-21.9685,-7.044,1.2418
3379,彬台,2026-08-05,26.75,0.65,2.49,162555000,0,綠縮,否,否,26.36,28.68,31.18,35.76,-14.9403,-11.2504,-6.1479
3388,崇越電,2026-08-05,73.2,0.0,0.0,568950000,0,綠轉紅,否,否,71.24,72.59,77.16,93.46,-3.6516,-5.617,-5.2208
3390,旭軟,2026-08-05,23.6,0.8,3.51,178690000,0,綠縮,否,否,22.53,23.32,25.18,26.81,-6.5533,-7.7714,-5.6139
3402,漢科,2026-08-05,130.0,-0.5,-0.38,477280000,0,綠縮,否,否,123.0,132.75,140.53,140.21,-13.6842,-8.4167,-3.3029
3430,奇鈦科,2026-08-05,114.0,6.0,5.56,693351000,0,綠縮,是,否,101.48,112.14,124.25,141.81,-17.3616,-11.9435,-8.2216
3434,哲固,2026-08-05,30.25,0.25,0.83,115310000,0,紅增,否,是,29.64,29.5,29.65,29.69,0.9537,-0.3547,-0.0253
3438,類比科,2026-08-05,60.9,3.9,6.84,602693000,0,綠縮,是,否,53.24,54.53,61.62,65.5,-4.622,-11.2901,-7.6508
3441,聯一光,2026-08-05,85.4,-4.2,-4.69,22510715000,0,紅增,否,是,78.98,72.3,72.77,60.47,20.3596,8.2173,-2.6293
3444,利機,2026-08-05,68.6,1.0,1.48,111428000,0,綠縮,否,否,66.04,71.18,78.66,89.67,-13.4696,-10.8355,-7.7031
3455,由田,2026-08-05,186.0,3.5,1.92,943200000,0,綠縮,否,否,167.8,182.5,209.53,238.45,-14.9087,-15.2346,-8.4444
3465,進泰電子,2026-08-05,29.7,-0.8,-2.62,90014000,0,綠縮,是,否,30.04,30.3,32.33,31.17,-1.6694,-5.0165,-5.3918
3466,德晉,2026-08-05,24.85,0.35,1.43,285512000,0,綠增,否,否,26.17,27.8,30.1,33.43,-11.0771,-10.4237,-4.4751
3467,台灣精材,2026-08-05,46.7,1.75,3.89,118489000,0,綠縮,否,否,46.06,48.85,54.06,62.22,-10.8056,-9.9207,-8.0534
3479,安勤,2026-08-05,140.0,6.5,4.87,2049438000,0,綠縮,否,是,138.7,141.8,141.72,125.29,-4.2788,-0.9431,0.1944
3483,力致,2026-08-05,73.5,-0.4,-0.54,297123000,0,綠縮,否,否,73.8,75.74,82.26,89.65,-4.9949,-7.9597,-4.8965
3484,崧騰,2026-08-05,52.8,1.6,3.13,1592499000,0,綠縮,是,是,47.92,47.55,49.67,46.78,1.59,-3.9786,-1.9735
3485,敘豐,2026-08-05,208.5,2.0,0.97,224996000,0,綠縮,是,否,198.9,216.95,253.07,289.18,-15.3617,-15.3531,-8.6702
3489,森寶,2026-08-05,25.9,0.25,0.97,1251269000,0,綠轉紅,是,是,21.41,20.28,21.62,21.97,11.8016,-2.5,-1.4136
3490,單井,2026-08-05,28.55,0.15,0.53,1845889000,0,綠縮,是,否,27.07,27.24,29.62,32.82,-1.2764,-7.5814,-4.2047
3491,昇達科,2026-08-05,1285.0,115.0,9.83,1149679000,0,綠轉紅,否,否,1078.4,1175.2,1219.1,1573.78,-15.2201,-6.6561,-7.2046
3492,長盛,2026-08-05,22.1,0.15,0.68,43024000,0,綠縮,否,否,21.87,22.01,22.36,22.56,-1.3087,-2.2858,-0.7767
3498,陽程,2026-08-05,113.0,9.5,9.18,1469724000,0,綠縮,否,否,98.82,105.21,113.13,120.07,-11.4516,-10.0385,-4.1474
3499,環天科,2026-08-05,13.0,0.2,1.56,77812000,0,綠縮,否,否,12.86,13.33,13.99,14.61,-6.8791,-6.4539,-3.0833
3508,位速,2026-08-05,17.0,0.4,2.41,69536000,0,綠轉紅,否,否,15.86,15.91,16.89,19.25,-0.6888,-5.633,-4.1016
3511,矽瑪,2026-08-05,20.05,0.8,4.16,382618000,0,綠縮,否,否,19.21,19.84,22.34,22.39,-6.1553,-12.6376,-5.2888
3512,皇龍,2026-08-05,19.75,-0.05,-0.25,26428000,0,綠縮,否,否,19.56,19.5,19.96,20.39,0.6691,-2.0106,-1.0657
3516,亞帝歐,2026-08-05,27.05,0.05,0.19,142962000,0,綠縮,是,是,25.03,25.37,26.4,24.39,-2.6449,-2.4793,-2.1586
3520,華盈,2026-08-05,18.25,0.2,1.11,467157000,0,紅增,否,是,17.71,17.18,16.99,16.1,6.4303,3.3083,2.103
3521,台鋼建設,2026-08-05,12.15,-0.1,-0.82,54911000,0,綠增,否,否,12.22,12.23,12.45,12.77,-0.1634,-1.8853,-0.0
3522,御嵿,2026-08-05,12.05,-0.05,-0.41,22305000,0,綠縮,否,否,11.95,12.5,13.01,12.53,-8.3589,-3.6623,-2.7113
3523,迎輝,2026-08-05,15.65,0.5,3.3,21927000,0,綠增,否,是,16.18,15.63,15.94,14.97,7.2944,2.3911,-3.1744
3526,凡甲,2026-08-05,307.0,2.0,0.66,413048000,0,綠轉紅,否,否,297.5,300.9,308.65,337.6,-2.2346,-1.955,-1.2162
3527,聚積,2026-08-05,52.5,0.8,1.55,59560000,0,綠縮,否,否,51.25,53.8,58.55,60.02,-9.0667,-8.8669,-6.585
3529,力旺,2026-08-05,2630.0,55.0,2.14,1216747000,0,紅增,否,否,2390.0,2407.0,2579.75,3262.83,-1.4026,-4.0654,-6.7588
3531,先益,2026-08-05,21.7,-0.55,-2.47,4040000,0,綠增,否,否,21.89,22.32,22.56,22.94,-3.8225,-1.8681,-1.4846
3537,堡達,2026-08-05,51.5,-0.8,-1.53,731105000,0,綠縮,否,否,49.47,53.04,62.16,63.68,-12.5972,-13.6519,-11.1592
3540,曜越,2026-08-05,20.3,0.1,0.5,105894000,0,綠縮,否,否,20.04,20.7,22.49,25.25,-6.1798,-7.486,-5.1255
3541,西柏,2026-08-05,20.7,-0.1,-0.48,32682000,0,綠縮,否,否,20.81,21.29,21.65,22.26,-4.4097,-2.8519,-1.0852
3546,宇峻,2026-08-05,75.8,1.3,1.74,190697000,0,綠轉紅,否,否,74.0,73.21,75.57,77.17,2.1817,0.7431,-3.1526
3548,兆利,2026-08-05,76.3,1.4,1.87,146814000,0,綠縮,否,否,71.2,73.19,78.32,90.33,-5.294,-7.0367,-4.7955
3551,世禾,2026-08-05,177.5,2.5,1.43,462041000,0,綠縮,否,否,169.2,179.4,192.15,199.59,-10.7595,-9.7131,-3.961
3552,同致,2026-08-05,45.35,-0.35,-0.77,144241000,0,紅增,否,否,45.33,45.42,46.45,50.65,-0.3955,-1.7521,-2.4312
3555,博士旺,2026-08-05,161.5,14.5,9.86,90295000,0,綠轉紅,否,否,146.2,145.4,163.0,199.31,1.1065,-7.5358,-6.6036
3556,禾瑞亞,2026-08-05,62.6,0.9,1.46,247210000,0,綠縮,否,否,58.34,60.62,66.16,62.95,-7.2496,-10.1527,-5.3437
3558,神準,2026-08-05,128.0,2.0,1.59,78962000,0,綠縮,否,是,121.4,125.5,130.62,127.11,-6.3272,-6.2383,-2.2451
3564,其陽,2026-08-05,46.7,2.4,5.42,213811000,0,綠縮,否,是,43.45,45.51,47.56,45.8,-8.6417,-9.5867,-1.0609
3567,逸昌,2026-08-05,26.15,0.2,0.77,28365000,0,綠縮,否,否,25.86,26.61,28.29,28.5,-5.517,-6.3512,-2.6748
3570,大塚,2026-08-05,164.0,1.0,0.61,12704000,0,綠轉紅,否,否,163.1,163.25,165.45,171.19,-0.1836,-0.4573,-2.1006
3577,泓格,2026-08-05,138.0,6.5,4.94,1942578000,0,綠縮,否,是,126.8,137.6,131.82,123.63,-14.5553,1.1393,1.2092
3580,友威科,2026-08-05,78.9,3.4,4.5,286814000,0,綠縮,否,否,72.94,77.52,85.87,94.53,-11.1571,-11.4158,-6.663
3581,博磊,2026-08-05,111.5,0.0,0.0,538949000,0,綠縮,否,否,101.3,108.7,121.85,172.82,-12.7476,-11.3015,-10.7816
3587,閎康,2026-08-05,276.5,25.0,9.94,1174211000,0,綠縮,是,否,243.1,249.6,269.43,306.1,-5.0761,-8.0324,-5.0234
3594,磐儀,2026-08-05,56.1,2.7,5.06,2734477000,0,綠轉紅,否,是,51.56,51.08,51.87,50.89,1.8771,-0.7576,1.7208
3597,映興,2026-08-05,26.25,-0.25,-0.94,26513000,0,綠縮,否,否,25.89,26.23,26.51,26.71,-2.5226,-2.182,-0.1789
3609,三一東林,2026-08-05,26.0,-0.2,-0.76,138115000,0,綠縮,否,否,24.19,25.62,26.61,26.47,-10.6061,-7.4074,-2.0703
3611,鼎翰,2026-08-05,186.5,2.0,1.08,17501000,0,綠縮,否,否,183.9,185.05,192.57,191.15,-1.2352,-4.0943,-1.3574
3615,安可,2026-08-05,35.7,0.3,0.85,557164000,0,綠縮,否,否,33.8,36.88,43.09,44.17,-15.4154,-14.925,-10.8594
3623,富晶通,2026-08-05,20.1,0.35,1.77,12501000,0,綠縮,否,否,20.03,20.79,22.3,23.0,-7.0534,-7.456,-4.0344
3624,光頡,2026-08-05,74.8,6.8,10.0,1254173000,0,綠縮,否,否,68.18,80.65,110.15,100.56,-26.7826,-27.6422,-16.4454
3625,西勝,2026-08-05,16.9,-0.4,-2.31,288979000,0,綠縮,否,是,16.17,17.12,16.97,15.92,-10.5147,-3.1674,-0.0736
3628,盈正,2026-08-05,64.4,0.1,0.16,51169000,0,綠縮,否,否,64.04,66.03,69.86,68.84,-5.8512,-6.6582,-2.675
3629,地心引力,2026-08-05,14.0,0.3,2.19,7001000,0,綠縮,否,,13.26,13.77,14.69,,-7.0778,-7.3999,-5.1042
3630,新鉅科,2026-08-05,26.45,-0.1,-0.38,722072000,0,綠縮,否,否,26.12,25.74,27.16,27.88,2.9968,-2.8496,-5.7681
3631,晟楠,2026-08-05,31.65,-0.05,-0.16,31120000,0,綠增,否,否,31.94,32.27,32.83,35.43,-2.0546,-1.36,-1.5518
3632,研勤,2026-08-05,7.83,-0.66,-7.77,48467000,0,綠增,是,否,7.9,8.01,8.07,8.21,-2.492,-2.5444,-0.4381
3646,艾恩特,2026-08-05,23.4,-0.1,-0.43,25011000,0,綠轉紅,否,否,23.15,23.15,23.3,23.42,0.0,-0.729,-0.1713
3663,鑫科,2026-08-05,64.4,1.5,2.38,528205000,0,綠縮,否,否,59.54,64.57,71.56,74.78,-14.454,-12.755,-6.5857
3664,安瑞-KY,2026-08-05,7.0,0.21,3.09,14004000,0,綠縮,否,否,6.07,6.13,6.76,7.25,-2.0665,-10.1173,-2.9788
3666,光耀,2026-08-05,25.1,0.05,0.2,34216000,0,紅增,否,否,25.06,24.93,24.96,26.25,1.0891,-0.2601,-0.2995
3672,康聯訊,2026-08-05,12.8,-0.05,-0.39,17073000,0,綠縮,否,是,12.72,12.91,12.99,12.02,-2.9008,-3.5487,1.1291
3675,德微,2026-08-05,267.5,15.0,5.94,1271245000,0,綠縮,是,否,224.7,247.75,317.3,308.93,-17.0236,-23.7927,-11.282
3680,家登,2026-08-05,447.5,17.5,4.07,979172000,0,綠縮,否,否,412.2,441.85,479.9,518.44,-12.5769,-9.6791,-5.2471
3684,榮昌,2026-08-05,50.0,0.5,1.01,16584000,0,綠縮,否,否,48.99,50.06,51.17,56.54,-4.2041,-2.3503,-3.7568
3685,元創精密,2026-08-05,34.65,-1.35,-3.75,308160000,0,綠增,否,是,36.11,36.8,34.08,30.91,-3.6553,3.6041,4.5005
3687,歐買尬,2026-08-05,66.1,0.3,0.46,30659000,0,綠縮,否,否,66.28,69.52,72.99,71.56,-8.906,-6.9718,-3.3947
3689,湧德,2026-08-05,107.5,4.0,3.86,850220000,0,綠縮,否,否,103.06,105.78,113.24,121.68,-5.0138,-7.535,-3.0894
3691,碩禾,2026-08-05,114.5,0.5,0.44,374994000,0,綠縮,否,否,105.74,111.52,128.33,141.28,-9.8551,-13.1126,-8.8853
3693,營邦,2026-08-05,501.0,2.5,0.5,675853000,0,綠轉紅,否,否,458.6,468.05,482.9,540.52,-3.9581,-5.0609,-2.0189
3707,漢磊,2026-08-05,62.4,2.6,4.35,6555488000,0,綠縮,否,否,55.59,60.81,71.57,75.72,-15.8237,-16.726,-10.1638
3709,鑫聯大投控,2026-08-05,78.6,3.9,5.22,1413880000,0,綠轉紅,是,否,71.14,72.42,74.05,79.38,-3.4735,-3.7352,-1.2732
3710,連展投控,2026-08-05,5.05,0.05,1.0,270187000,0,綠縮,否,否,5.14,5.4,5.62,6.13,-9.2194,-5.6923,-4.3308
3713,新晶投控,2026-08-05,14.55,-0.25,-1.69,13501000,0,紅增,否,否,14.39,14.39,14.54,14.74,0.0,-0.8953,-0.9027
4102,永日,2026-08-05,19.1,0.05,0.26,11258000,0,綠增,否,是,19.23,19.77,19.79,18.5,-5.3176,-2.5868,0.3041
4105,東洋,2026-08-05,76.6,0.1,0.13,523652000,0,綠縮,否,是,75.82,76.73,76.95,75.12,-2.3442,-1.1975,0.5554
4107,邦特,2026-08-05,113.0,-1.0,-0.88,45622000,0,綠增,否,否,113.4,115.85,116.17,116.29,-4.142,-1.7388,-0.5777
4109,加捷生醫,2026-08-05,11.15,-0.15,-1.33,319536000,0,綠縮,是,否,11.28,11.41,11.65,11.64,-2.253,-3.346,-1.0198
4111,濟生,2026-08-05,30.15,0.1,0.33,31777000,0,綠縮,否,是,29.95,29.99,30.08,29.98,-0.2332,-0.5308,0.0166
4113,聯上,2026-08-05,14.8,0.4,2.78,313319000,0,綠縮,是,否,14.51,14.63,14.81,15.1,-1.6938,-1.3814,-2.6938
4114,健喬,2026-08-05,28.95,-0.1,-0.34,955541000,0,綠縮,否,否,29.16,29.33,30.89,30.73,-1.186,-6.6508,-1.2865
4116,明基醫,2026-08-05,39.95,0.55,1.4,76300000,0,紅增,否,是,38.55,38.55,38.27,38.19,0.0259,0.3907,0.5518
4120,友華,2026-08-05,48.8,1.6,3.39,285761000,0,紅增,是,是,47.23,46.45,46.54,46.09,3.4385,-0.4928,1.1409
4121,優盛,2026-08-05,13.0,0.1,0.78,81119000,0,綠縮,否,否,12.97,13.16,13.29,13.8,-2.7736,-1.5713,-0.7656
4123,晟德,2026-08-05,39.15,0.2,0.51,3354739000,0,綠轉紅,是,是,38.14,37.99,38.28,38.17,0.7928,-0.6668,0.5582
4126,太醫,2026-08-05,76.0,0.4,0.53,9882000,0,綠縮,否,否,75.92,76.47,78.46,79.24,-1.4282,-2.8706,-1.3268
4127,天良,2026-08-05,84.9,7.7,9.97,465457000,0,綠縮,是,是,76.28,76.51,74.93,62.36,-0.5994,0.0654,3.6233
4128,中天,2026-08-05,14.55,-0.1,-0.68,864737000,0,綠縮,否,否,14.2,14.79,15.7,15.25,-7.6122,-8.4237,-1.4752
4129,聯合,2026-08-05,83.3,0.0,0.0,64293000,0,綠縮,否,否,84.36,87.45,90.12,91.82,-6.8257,-4.4471,-1.5781
4131,浩泰,2026-08-05,33.7,-0.4,-1.17,9156000,0,紅縮,是,否,34.14,34.13,33.61,34.56,0.0293,1.8955,-0.687
4138,曜亞,2026-08-05,51.2,0.0,0.0,37459000,0,紅增,否,否,50.9,50.93,51.0,51.89,-0.1177,-0.1177,-0.0686
4139,馬光-KY,2026-08-05,40.5,1.5,3.85,14203000,0,紅縮,否,是,38.02,39.0,32.36,26.53,-4.8787,16.6816,11.9734
4147,中裕,2026-08-05,59.1,1.5,2.6,577621000,0,綠縮,否,是,57.08,58.01,62.55,55.83,-3.1558,-8.9468,-1.2627
4153,鈺緯,2026-08-05,32.0,0.0,0.0,33981000,0,紅增,是,是,31.54,31.31,31.01,30.79,1.4801,0.6267,1.2818
4154,樂威科-KY,2026-08-05,11.75,0.15,1.29,7001000,0,綠縮,否,否,11.72,11.98,12.06,12.99,-4.3265,-0.2912,-2.5056
4157,太景*-KY,2026-08-05,8.61,0.28,3.36,981384000,0,綠縮,否,否,8.19,8.36,8.61,8.98,-3.9643,-4.3603,-0.8575
4160,訊聯基因,2026-08-05,39.7,0.5,1.28,20923000,0,綠縮,否,否,39.46,39.78,40.33,41.02,-1.596,-2.7859,-0.1547
4161,聿新科,2026-08-05,22.55,0.25,1.12,11075000,0,綠縮,否,否,22.19,22.37,22.75,23.0,-1.5965,-1.929,-0.8715
4162,智擎,2026-08-05,63.7,0.7,1.11,446723000,0,綠縮,否,是,63.2,64.72,63.95,58.65,-4.5894,-1.2059,2.2793
4163,鐿鈦,2026-08-05,122.5,0.5,0.41,43320000,0,綠縮,否,是,122.7,123.35,125.38,116.0,-1.0484,-3.0648,0.0998
4166,友霖,2026-08-05,25.05,0.0,0.0,81420000,0,綠縮,否,否,25.0,25.62,25.92,25.38,-4.7619,-3.5203,0.0676
4167,松瑞藥,2026-08-05,18.2,0.25,1.39,902449000,0,綠縮,否,否,17.88,19.28,20.01,19.58,-13.5397,-7.4856,-1.828
4168,醣聯,2026-08-05,22.85,0.15,0.66,140826000,0,綠縮,否,否,22.45,22.95,24.11,24.7,-4.2235,-5.2251,-2.8309
4171,瑞基,2026-08-05,16.75,0.05,0.3,237166000,0,綠增,否,否,17.44,18.23,17.6,17.91,-8.2588,1.1376,0.4854
4173,久裕,2026-08-05,17.6,-0.15,-0.85,124513000,0,綠增,是,否,17.65,17.76,17.89,18.21,-1.1758,-1.1414,-0.5142
4174,浩鼎,2026-08-05,26.25,0.1,0.38,291867000,0,綠縮,否,否,25.87,26.9,28.18,29.75,-7.3756,-6.2064,-1.8635
4175,杏一,2026-08-05,50.0,0.0,0.0,4637000,0,綠縮,否,否,49.84,50.08,50.98,52.7,-0.9539,-0.8709,-1.5258
4183,福永生技,2026-08-05,14.75,0.3,2.08,2045000,0,紅增,否,,14.67,14.38,14.17,,4.1903,1.5901,1.6864
4188,安克,2026-08-05,10.0,0.11,1.11,37151000,0,綠縮,否,否,9.74,9.83,10.23,10.87,-1.9932,-3.786,-1.7377
4192,杏國,2026-08-05,19.2,-0.4,-2.04,10520000,0,綠縮,是,否,19.22,19.36,19.85,20.19,-1.3853,-3.3458,-1.7817
4198,欣大健康,2026-08-05,41.3,1.2,2.99,1290000,0,綠增,否,是,41.3,40.9,41.11,39.19,1.9753,-2.1063,1.8078
4205,中華食,2026-08-05,69.0,0.0,0.0,18888000,0,綠縮,否,否,69.5,70.13,71.61,72.7,-1.7807,-2.5566,-1.2889
4207,環泰,2026-08-05,19.85,-0.1,-0.5,48651000,0,綠縮,否,是,19.66,19.75,19.74,19.22,-0.9073,-0.7039,0.2921
4303,信立,2026-08-05,43.95,0.05,0.11,445230000,0,綠縮,否,否,41.67,42.42,44.06,47.31,-3.497,-4.2325,-2.7641
4304,勝昱,2026-08-05,15.9,-0.85,-5.07,43707000,0,紅縮,是,否,16.92,17.48,18.51,24.46,-6.2604,-6.7467,-7.394
4305,世坤,2026-08-05,42.6,0.95,2.28,6000000,0,綠縮,否,否,41.64,41.95,42.97,43.67,-1.4438,-2.612,-1.4563
4401,東隆興,2026-08-05,13.9,0.0,0.0,28100000,0,綠增,否,否,14.07,14.47,14.54,14.22,-5.38,-2.8859,0.1205
4402,郡都開發,2026-08-05,16.9,0.8,4.97,89458000,0,綠縮,是,是,16.11,16.16,16.48,14.71,-0.6169,0.1549,-0.6932
4406,新昕纖,2026-08-05,9.9,0.08,0.81,8031000,0,紅縮,否,否,10.06,9.94,9.91,9.95,2.4018,0.8622,0.3951
4413,飛寶企業,2026-08-05,14.45,0.25,1.76,14151000,0,紅增,是,否,14.16,14.24,14.51,16.6,-1.1173,-2.2649,-3.089
4416,三圓,2026-08-05,10.3,0.05,0.49,98224000,0,綠縮,否,否,10.3,10.37,10.71,11.31,-1.2464,-2.0321,-1.4625
4417,金洲,2026-08-05,43.2,0.1,0.23,48267000,0,綠縮,否,否,42.99,43.23,45.23,45.81,-1.1042,-3.8265,-2.2215
4419,皇家美食,2026-08-05,45.45,0.25,0.55,5102000,0,綠縮,是,否,45.16,45.6,46.45,46.28,-1.8901,-1.4588,-1.4113
4420,光明,2026-08-05,35.45,0.6,1.72,10866000,0,綠轉紅,否,否,34.77,35.02,35.77,38.14,-1.4456,-2.3421,-1.2968
4430,耀億,2026-08-05,17.7,-0.15,-0.84,8513000,0,紅增,否,是,17.18,17.04,17.11,17.19,1.6568,0.62,-0.3929
4432,銘旺實,2026-08-05,16.25,0.15,0.93,20011000,0,綠縮,否,是,15.72,15.84,15.98,15.98,-1.5038,-2.2524,-0.3431
4433,興采,2026-08-05,19.6,0.1,0.51,16266000,0,綠縮,否,否,19.47,19.59,20.29,20.43,-1.2177,-3.2593,-1.2774
4442,竣邦-KY,2026-08-05,53.1,-5.8,-9.85,1092920000,0,紅縮,否,是,62.76,56.32,53.17,53.03,25.822,13.2174,4.6651
4502,健信,2026-08-05,15.7,0.0,0.0,9038000,0,綠縮,否,否,15.69,15.71,15.73,15.81,-0.3177,-0.0954,-0.1587
4503,金雨,2026-08-05,33.25,0.4,1.22,87276000,0,綠縮,否,否,32.74,34.74,38.42,40.22,-10.9116,-11.3422,-2.9062
4506,崇友,2026-08-05,123.0,0.5,0.41,199167000,0,綠縮,是,是,121.6,121.9,121.83,119.33,-0.491,-0.3678,0.5364
4510,高鋒,2026-08-05,38.25,1.25,3.38,668108000,0,綠縮,否,否,35.84,37.39,39.88,44.98,-7.9373,-7.6686,-4.9514
4513,福裕,2026-08-05,17.6,-0.15,-0.85,792021000,0,綠增,否,是,17.82,19.48,18.57,16.32,-15.7048,-2.7216,1.6416
4523,永彰,2026-08-05,25.3,-0.1,-0.39,82203000,0,紅增,否,否,24.6,24.3,25.58,28.24,2.4573,-1.6788,-4.8722
4527,方土霖,2026-08-05,39.35,0.0,0.0,11013000,0,紅增,否,否,39.02,39.11,39.31,41.43,-0.4338,-0.4202,-0.6634
4528,江興鍛,2026-08-05,15.2,0.05,0.33,34947000,0,綠縮,否,否,15.21,15.31,15.39,15.63,-1.2338,-1.0666,-0.7417
4529,淳紳,2026-08-05,4.25,0.2,4.94,76652000,0,綠縮,是,否,4.17,4.25,4.33,4.84,-3.2901,-4.8846,-2.6629
4530,宏易,2026-08-05,24.35,0.2,0.83,6105000,0,綠縮,否,否,24.51,25.18,25.8,25.9,-5.1471,-3.4145,-0.1645
4533,協易機,2026-08-05,25.05,0.7,2.87,450936000,0,綠縮,否,否,24.01,25.15,27.17,29.8,-8.6725,-9.1894,-4.4575
4534,慶騰,2026-08-05,35.0,1.0,2.94,1589321000,0,綠縮,否,是,32.6,35.9,34.64,29.64,-16.8367,-2.6837,0.3404
4535,至興,2026-08-05,28.45,0.2,0.71,5011000,0,紅增,否,是,27.91,27.7,27.72,27.5,1.5278,-0.859,0.4803
4538,大詠城,2026-08-05,17.35,0.05,0.29,22007000,0,綠縮,是,否,17.37,17.66,18.18,18.33,-3.2851,-3.4172,-2.0339
4541,晟田,2026-08-05,66.0,3.2,5.1,5189344000,0,綠縮,否,是,63.04,67.18,63.85,52.31,-11.6096,-1.5822,5.7253
4542,科嶠,2026-08-05,306.5,27.5,9.86,101483000,0,綠縮,否,是,266.7,294.85,354.05,297.13,-17.4303,-15.5158,-7.9373
4543,萬在,2026-08-05,31.1,0.2,0.65,164781000,0,綠縮,否,否,30.17,30.9,33.09,36.98,-4.5857,-6.9708,-4.5441
4549,桓達,2026-08-05,90.4,-0.1,-0.11,114692000,0,綠縮,否,否,90.04,92.3,96.09,102.91,-4.78,-4.8257,-3.4952
4550,長佳,2026-08-05,24.9,0.0,0.0,6254000,0,綠縮,否,是,24.42,24.61,24.85,24.78,-1.4925,-2.303,-0.0603
4554,橙的,2026-08-05,30.8,0.2,0.65,10537000,0,綠縮,否,是,30.25,30.65,31.11,30.74,-2.6079,-1.8726,-0.4401
4556,旭然,2026-08-05,84.5,3.5,4.32,114565000,0,綠增,否,是,94.44,108.52,99.5,64.95,-22.969,-4.6816,5.414
4558,寶緯,2026-08-05,16.0,0.15,0.95,23001000,0,綠縮,否,否,16.14,16.71,17.49,18.71,-6.5431,-5.7812,-3.0618
4561,健椿,2026-08-05,36.3,0.6,1.68,184801000,0,綠縮,否,否,34.38,35.51,38.0,43.1,-6.1425,-7.6473,-4.2281
4563,百德,2026-08-05,39.6,-0.3,-0.75,86178000,0,綠縮,否,否,37.92,38.98,40.45,44.77,-5.3184,-4.903,-2.3065
4568,科際精密,2026-08-05,39.45,0.0,0.0,5262000,0,綠縮,否,否,39.11,39.44,40.41,40.7,-1.6595,-2.6774,-1.409
4577,達航科技,2026-08-05,75.8,0.9,1.2,1043052000,0,綠轉紅,否,否,68.48,69.47,77.96,108.47,-2.8101,-9.2607,-8.439
4580,捷流閥業,2026-08-05,80.7,0.0,0.0,39496000,0,綠縮,否,否,80.54,80.83,81.41,81.62,-0.715,-0.688,-0.422
4609,唐鋒,2026-08-05,5.13,0.22,4.48,2001000,0,紅增,否,否,5.1,5.07,5.11,5.21,0.9905,-1.0532,-0.6033
4702,中美實,2026-08-05,9.59,-0.09,-0.93,78108000,0,綠縮,否,否,9.37,9.47,9.71,9.8,-2.0907,-2.4224,-1.7058
4706,大恭,2026-08-05,31.85,0.05,0.16,7216000,0,紅縮,否,否,33.1,32.6,32.4,32.03,3.1474,1.5895,0.9424
4707,磐亞,2026-08-05,30.85,2.8,9.98,3551926000,0,綠縮,否,是,27.68,31.57,33.06,22.67,-21.9622,-14.3148,2.8703
4711,永純,2026-08-05,16.0,0.05,0.31,44100000,0,綠縮,否,否,15.79,16.08,16.6,16.73,-3.5431,-3.7414,-1.9926
4714,永捷,2026-08-05,10.4,0.05,0.48,486061000,0,綠縮,否,否,10.21,10.59,11.32,12.96,-6.9644,-6.4251,-4.9202
4716,大立,2026-08-05,17.0,-0.55,-3.13,904477000,0,綠縮,否,否,16.86,17.6,20.25,17.55,-8.0698,-13.6832,-5.329
4721,美琪瑪,2026-08-05,71.4,1.0,1.42,314112000,0,綠縮,否,否,68.3,70.74,79.15,87.08,-6.6685,-9.5512,-7.8311
4726,永昕,2026-08-05,25.0,0.15,0.6,135834000,0,綠轉紅,否,否,24.56,24.57,25.12,26.61,-0.122,-1.9354,0.0797
4728,雙美,2026-08-05,388.0,7.0,1.84,1433000,0,紅增,否,是,382.6,379.95,379.5,382.27,1.4047,0.3168,0.3703
4729,熒茂,2026-08-05,19.4,0.15,0.78,78262000,0,綠縮,否,否,18.49,18.82,20.27,21.72,-3.4465,-6.3914,-4.9684
4735,豪展,2026-08-05,30.35,-0.05,-0.16,16593000,0,綠縮,否,否,30.31,30.63,30.77,30.87,-2.0679,-0.8256,-0.2432
4741,泓瀚,2026-08-05,45.6,2.85,6.67,349137000,0,綠縮,否,否,42.2,44.17,49.33,58.22,-8.559,-9.5423,-9.3203
4743,合一,2026-08-05,45.75,-1.7,-3.58,2642969000,0,綠縮,否,否,43.45,45.7,49.49,50.35,-9.4037,-9.6918,-2.4781
4744,皇將,2026-08-05,27.5,-2.3,-7.72,135576000,0,紅縮,是,否,29.22,30.47,28.86,31.31,-7.8815,0.4947,2.4862
4745,合富-KY,2026-08-05,12.0,0.0,0.0,71660000,0,綠縮,否,否,11.51,12.62,13.39,15.82,-16.23,-8.9434,-4.7831
4747,強生,2026-08-05,50.8,1.1,2.21,70368000,0,紅增,否,否,49.47,49.18,49.12,53.02,1.1656,0.2446,-0.9976
4749,新應材,2026-08-05,794.0,16.0,2.06,1151156000,0,綠縮,否,否,726.0,767.8,825.15,956.73,-10.3261,-8.4099,-5.6971
4754,國碳科,2026-08-05,36.5,0.0,0.0,20905000,0,綠縮,否,否,36.41,36.67,36.77,37.54,-1.4081,-0.5559,-0.6351
4760,勤凱,2026-08-05,246.0,8.5,3.58,697817000,0,綠縮,否,否,219.9,233.4,276.43,316.26,-10.9356,-15.7553,-10.5999
4767,誠泰科技,2026-08-05,26.7,0.55,2.1,7005000,0,綠縮,否,否,26.56,26.92,27.09,26.92,-2.6393,-1.4461,-0.6417
4768,晶呈科技,2026-08-05,297.0,6.5,2.24,275479000,0,綠縮,否,否,286.6,295.65,324.1,407.35,-5.9403,-8.2971,-6.2414
4772,台特化,2026-08-05,237.0,9.5,4.18,658428000,0,綠縮,否,否,222.4,232.05,252.07,281.36,-7.9851,-9.2314,-4.8684
4806,桂田文創,2026-08-05,10.2,0.1,0.99,10013000,0,綠轉紅,否,是,9.96,10.0,10.05,10.19,-0.6778,-0.715,-0.9022
4903,聯光通,2026-08-05,40.65,1.65,4.23,4197249000,0,綠轉紅,是,否,36.18,35.73,37.69,41.77,2.5801,-4.1197,-2.6226
4905,台聯電,2026-08-05,66.3,1.0,1.53,9001000,0,紅增,否,否,65.68,66.48,67.28,75.26,-2.3781,-1.2624,-2.1239
4907,富宇,2026-08-05,45.4,1.85,4.25,183139000,0,紅增,否,是,42.28,41.42,41.32,39.41,4.2149,1.3952,0.7744
4908,前鼎,2026-08-05,165.5,15.0,9.97,547448000,0,綠轉紅,否,否,136.7,138.3,154.07,201.43,-2.2873,-8.1368,-8.9391
4909,新復興,2026-08-05,38.3,0.7,1.86,265272000,0,綠縮,否,否,36.17,37.31,40.39,48.21,-5.9298,-7.5455,-6.6605
4911,德英,2026-08-05,28.45,-0.25,-0.87,95668000,0,綠增,是,否,30.6,32.64,32.64,32.49,-11.7647,-4.1691,-0.4651
4923,力士,2026-08-05,46.3,4.2,9.98,287163000,0,綠縮,否,是,41.09,43.98,52.2,46.11,-12.3133,-18.3834,-7.7939
4924,欣厚-KY,2026-08-05,10.1,0.05,0.5,87240000,0,綠縮,否,否,9.72,9.92,11.47,11.56,-3.9344,-10.6818,-6.2188
4931,新盛力,2026-08-05,199.0,3.0,1.53,3652469000,0,綠縮,否,否,182.1,194.8,218.62,214.23,-12.241,-13.6907,-7.5972
4933,友輝,2026-08-05,57.2,1.1,1.96,120935000,0,綠縮,否,否,54.36,55.79,60.38,67.53,-4.9983,-7.1714,-5.0704
4939,亞電,2026-08-05,59.4,3.1,5.51,11865933000,0,綠縮,否,是,53.88,60.91,60.48,53.13,-20.6947,-3.1791,-3.0849
4946,辣椒,2026-08-05,71.9,0.5,0.7,21738000,0,綠縮,否,否,72.18,78.85,90.56,101.34,-15.5987,-14.8304,-8.6544
4950,金耘國際,2026-08-05,15.6,0.05,0.32,33682000,0,綠增,否,否,15.79,15.9,16.07,16.45,-1.4357,-1.5475,-0.3102
4951,精拓科,2026-08-05,81.2,1.1,1.37,293115000,0,綠轉紅,否,否,78.22,78.64,85.43,106.08,-1.0625,-5.9892,-5.6387
4953,緯致,2026-08-05,130.0,1.0,0.78,756520000,0,綠轉紅,是,是,121.9,122.75,123.9,125.24,-1.3754,-1.3264,-1.3339
4966,譜瑞-KY,2026-08-05,618.0,34.0,5.82,1395716000,0,綠縮,是,否,576.8,584.3,612.6,678.63,-2.5346,-5.6058,-3.261
4971,IET-KY,2026-08-05,462.0,42.0,10.0,213648000,0,綠轉紅,否,否,375.7,385.9,418.7,594.11,-5.1502,-5.9927,-8.2502
4972,湯石照明,2026-08-05,16.45,-0.05,-0.3,14985000,0,綠縮,否,否,16.47,16.64,16.8,16.64,-2.0809,-1.363,-0.5919
4973,廣穎,2026-08-05,148.0,4.0,2.78,2824592000,0,綠縮,是,是,132.1,136.4,149.95,142.41,-6.1123,-9.3085,-8.1892
4974,亞泰,2026-08-05,68.7,0.8,1.18,94530000,0,綠轉紅,否,否,66.7,67.2,68.67,72.51,-1.4771,-2.4956,-1.499
4979,華星光,2026-08-05,492.0,44.5,9.94,7055317000,0,紅增,否,否,403.9,385.9,412.5,530.67,9.7853,-2.2419,-6.122
4991,環宇-KY,2026-08-05,469.0,42.5,9.96,2152468000,0,綠轉紅,否,否,383.3,386.35,436.07,587.12,-1.5665,-8.0666,-8.5221
4995,晶達,2026-08-05,49.45,1.95,4.11,65551000,0,紅增,否,是,47.63,47.04,46.17,45.44,2.5404,2.0612,1.3444
5009,榮剛,2026-08-05,33.3,0.2,0.6,2209045000,0,綠縮,否,否,32.38,32.99,33.1,34.76,-3.631,-2.2229,-2.1072
5011,久陽,2026-08-05,17.75,0.15,0.85,292766000,0,綠縮,否,否,17.86,18.81,21.3,18.72,-9.6154,-11.4615,-6.2906
5013,強新,2026-08-05,24.65,-0.05,-0.2,7061000,0,綠增,否,否,24.95,25.21,26.17,27.46,-2.0416,-4.0715,-2.4693
5014,建錩,2026-08-05,10.35,-0.1,-0.96,369189000,0,綠增,否,否,10.87,10.97,10.97,10.69,-1.8067,-0.8137,-0.2501
5015,華祺,2026-08-05,21.1,-0.1,-0.47,19213000,0,綠縮,否,否,21.13,21.3,21.71,22.85,-1.5836,-1.2517,-2.6997
5016,松和,2026-08-05,24.05,0.1,0.42,8000000,0,紅增,否,否,23.83,23.98,24.18,25.03,-1.2023,-0.6629,-1.2962
5201,凱衛,2026-08-05,26.6,-0.1,-0.37,20043000,0,紅增,否,否,26.49,26.77,26.88,28.41,-2.0702,-1.1812,-0.6744
5202,力新,2026-08-05,12.5,0.6,5.04,657313000,0,綠縮,是,否,11.89,12.44,13.49,13.49,-8.4681,-8.4958,-5.6633
5205,中茂,2026-08-05,21.85,0.1,0.46,1213000,0,綠縮,否,否,21.98,22.02,22.8,22.99,-0.3626,-1.959,-2.3973
5206,坤悅,2026-08-05,20.9,0.65,3.21,128450000,0,綠縮,是,否,20.36,20.37,21.6,22.55,-0.0981,-5.5852,-3.1502
5209,新鼎,2026-08-05,159.0,3.5,2.25,47668000,0,綠轉紅,否,否,154.5,153.8,158.38,165.28,0.9144,-0.8701,-2.8523
5210,寶碩,2026-08-05,28.05,-0.5,-1.75,340523000,0,綠增,否,否,28.47,29.11,29.57,28.41,-4.2703,-3.3378,-1.6876
5211,蒙恬,2026-08-05,19.9,0.3,1.53,16662000,0,綠縮,否,是,18.99,19.2,20.62,19.75,-2.1638,-5.9976,-0.5665
5212,凌網,2026-08-05,47.0,-0.3,-0.63,2051000,0,綠縮,否,是,46.75,47.12,47.22,46.98,-1.5789,-0.9563,0.1644
5213,亞昕,2026-08-05,21.25,-0.2,-0.93,302965000,0,紅縮,是,否,21.54,21.82,22.07,24.16,-2.578,-1.4228,-1.1202
5220,萬達光電,2026-08-05,20.5,0.05,0.24,34044000,0,綠縮,否,否,20.26,20.56,20.68,21.35,-2.9229,-1.1773,-1.1235
5223,安力-KY,2026-08-05,22.85,0.2,0.88,13693000,0,綠縮,否,否,22.6,23.01,24.0,24.75,-3.5013,-4.2845,-2.8048
5227,立凱-KY,2026-08-05,34.05,-0.15,-0.44,488659000,0,紅轉綠,否,是,36.83,36.23,34.89,29.16,3.397,6.8742,-1.6006
5228,鈺鎧,2026-08-05,39.7,0.3,0.76,274519000,0,綠縮,否,否,37.59,40.24,49.95,53.16,-12.3572,-16.4885,-12.9222
5230,雷笛克光學,2026-08-05,17.85,0.25,1.42,128778000,0,綠縮,否,否,17.45,17.87,19.29,18.37,-4.5927,-7.0964,-5.3825
5245,智晶,2026-08-05,22.9,0.8,3.62,571272000,0,綠縮,是,否,22.7,23.25,24.8,25.65,-4.6619,-6.1731,-4.2009
5251,天鉞電,2026-08-05,26.1,0.6,2.35,95051000,0,綠縮,否,否,25.44,26.46,28.46,28.84,-7.4236,-6.6337,-4.6973
5263,智崴,2026-08-05,92.8,0.0,0.0,98633000,0,綠縮,否,否,93.18,94.37,97.02,101.05,-2.4906,-3.7826,-1.7918
5272,笙科,2026-08-05,17.5,-0.05,-0.28,88820000,0,綠縮,否,否,17.33,18.05,19.37,21.55,-7.6718,-7.7198,-5.0386
5274,信驊,2026-08-05,16020.0,520.0,3.35,262648000,0,紅增,否,否,14278.0,14240.5,14710.75,16572.08,0.5281,1.7506,-5.7396
5276,達輝-KY,2026-08-05,19.55,0.75,3.99,9153000,0,綠轉紅,否,是,18.99,19.05,18.95,19.26,-0.5759,-0.9878,0.6506
5278,尚凡*,2026-08-05,24.4,-0.45,-1.81,73657000,0,綠縮,否,是,23.78,24.07,24.29,23.91,-2.3409,-1.0892,-0.4508
5287,數字,2026-08-05,146.5,1.0,0.69,84960000,0,綠縮,否,否,145.8,146.6,148.45,149.22,-1.0855,-1.4454,-0.3524
5289,宜鼎,2026-08-05,1465.0,50.0,3.53,2452673000,0,綠縮,否,否,1294.0,1299.0,1434.25,1613.42,-0.7669,-7.6759,-8.2667
5291,邑昇,2026-08-05,49.55,1.6,3.34,215862000,0,綠縮,否,否,47.49,50.2,53.4,62.93,-10.2608,-6.8898,-6.0972
5299,杰力,2026-08-05,105.0,-2.5,-2.33,1912649000,0,綠縮,是,否,98.84,96.65,109.25,106.54,4.6369,-7.9348,-5.1567
5301,寶得利,2026-08-05,5.26,0.0,0.0,4015000,0,綠增,否,否,5.48,5.75,5.98,6.85,-8.8822,-6.0968,-4.827
5302,太欣,2026-08-05,10.2,0.0,0.0,349831000,0,綠縮,否,否,10.07,10.48,11.8,11.38,-7.5115,-12.8037,-5.708
5309,系統電,2026-08-05,52.7,1.2,2.33,1359140000,0,綠縮,否,否,49.11,51.5,57.24,64.02,-8.853,-10.862,-7.1266
5310,天剛,2026-08-05,25.0,0.5,2.04,2032000,0,紅增,否,是,24.69,24.73,24.62,24.27,-0.3632,0.2432,0.8085
5312,寶島科,2026-08-05,90.5,1.5,1.69,65122000,0,紅縮,否,否,91.3,91.6,90.25,93.69,-0.6529,1.1261,-0.8187
5314,世紀*,2026-08-05,56.8,0.4,0.71,2471347000,0,綠縮,否,否,52.47,55.55,60.93,63.85,-10.4913,-11.7072,-2.3518
5315,光聯,2026-08-05,19.35,-0.05,-0.26,272994000,0,綠縮,否,否,19.09,19.18,20.3,21.66,-0.9341,-2.9352,-4.8183
5321,美而快,2026-08-05,53.0,-0.6,-1.12,250555000,0,綠縮,否,是,54.2,54.18,57.29,43.41,0.0739,-4.191,1.605
5324,士開,2026-08-05,12.3,0.05,0.41,503472000,0,綠縮,是,是,12.02,12.03,12.07,11.75,-0.1661,-0.0,-0.2478
5328,華容,2026-08-05,65.9,-0.5,-0.75,22691236000,0,綠縮,否,是,62.72,62.24,67.36,47.13,1.5544,-5.2952,1.2931
5340,建榮,2026-08-05,75.7,5.1,7.22,8080570000,0,綠縮,是,否,64.06,67.8,77.03,93.95,-10.4557,-11.2914,-8.5969
5344,立衛,2026-08-05,14.4,0.05,0.35,25982000,0,綠縮,否,否,14.15,14.58,15.34,15.88,-5.7923,-6.8646,-3.3853
5345,馥鴻,2026-08-05,24.15,2.15,9.77,65085000,0,綠轉紅,否,否,23.54,22.53,24.04,24.27,9.3866,0.4458,-7.0296
5347,世界,2026-08-05,157.0,2.5,1.62,37324654000,0,綠縮,否,否,147.3,155.3,172.5,168.97,-9.7979,-8.7276,-6.25
5348,正能量智能,2026-08-05,16.7,-0.05,-0.3,1015000,0,綠縮,否,是,16.54,16.59,16.55,16.21,-0.6607,-0.2405,-0.7197
5351,鈺創,2026-08-05,96.5,8.7,9.91,31426098000,0,綠縮,是,是,78.04,82.81,86.95,84.4,-10.8929,-9.8127,-4.0497
5353,台林,2026-08-05,28.4,0.25,0.89,54409000,0,綠縮,否,否,27.59,27.62,29.06,28.9,-0.217,-3.2744,-3.7105
5355,佳總,2026-08-05,5.8,-0.06,-1.02,89499000,0,綠縮,否,否,5.43,5.73,5.93,6.41,-10.225,-5.8601,-4.4909
5356,協益,2026-08-05,24.45,-0.1,-0.41,105612000,0,綠縮,否,否,24.31,24.55,25.68,26.62,-1.9758,-3.3077,-3.1129
5364,力麗店,2026-08-05,8.8,0.06,0.69,150796000,0,紅增,是,否,8.65,8.64,8.69,9.0,0.0463,-0.8033,-0.1035
5371,中光電,2026-08-05,90.5,7.8,9.43,24659687000,0,綠縮,是,是,77.22,80.9,86.08,76.19,-8.7018,-9.5988,1.1456
5381,光譜,2026-08-05,24.15,0.55,2.33,340809000,0,綠縮,否,否,22.64,23.39,25.67,26.36,-6.2138,-8.2565,-5.4164
5386,青雲,2026-08-05,257.5,9.0,3.62,1053512000,0,綠縮,否,否,232.1,255.1,336.62,434.83,-16.5408,-23.2897,-17.504
5392,能率,2026-08-05,46.4,4.05,9.56,6939459000,0,綠縮,是,是,39.27,40.68,43.66,43.14,-6.6999,-8.4917,-3.1179
5398,慕康生醫,2026-08-05,14.0,0.0,0.0,66142000,0,綠增,是,否,14.47,14.74,15.36,17.48,-3.6618,-2.7695,-4.4621
5403,中菲,2026-08-05,91.7,0.6,0.66,91317000,0,綠增,否,否,93.14,94.02,93.95,91.79,-1.8546,-0.7181,-0.0691
5410,國眾,2026-08-05,36.4,0.6,1.68,332121000,0,綠縮,否,否,35.44,36.02,39.51,39.23,-3.1694,-8.0653,-5.4392
5425,台半,2026-08-05,83.5,1.9,2.33,11974646000,0,綠縮,是,否,75.78,82.85,103.5,94.77,-15.7251,-21.9574,-10.1796
5426,振發,2026-08-05,25.7,0.45,1.78,761609000,0,綠縮,否,是,24.31,25.52,28.16,25.28,-9.0195,-9.0212,-9.3587
5432,新門,2026-08-05,108.5,0.5,0.46,80216000,0,綠縮,否,否,105.66,113.88,131.72,138.52,-13.4644,-12.7691,-8.563
5438,東友,2026-08-05,17.4,0.3,1.75,74768000,0,綠縮,否,否,16.65,17.29,18.1,18.78,-7.0871,-6.4411,-3.3373
5439,高技,2026-08-05,226.0,2.0,0.89,2587709000,0,綠縮,否,否,208.4,230.9,276.05,338.54,-17.7585,-18.9967,-9.2761
5443,均豪,2026-08-05,94.7,2.5,2.71,933859000,0,綠縮,否,否,87.72,93.01,102.7,113.08,-10.763,-9.4352,-4.0678
5450,南良,2026-08-05,14.0,-0.1,-0.71,220302000,0,綠增,否,否,14.48,15.84,15.4,14.08,-15.8629,-1.1232,-0.6452
5452,佶優,2026-08-05,26.5,0.6,2.32,470077000,0,綠縮,否,否,24.79,25.74,29.1,31.77,-7.1536,-10.6232,-7.0522
5455,昇益,2026-08-05,28.55,0.25,0.88,1029000,0,紅增,否,是,28.29,27.95,27.59,25.96,2.5,1.4338,0.9423
5457,宣德,2026-08-05,28.45,0.85,3.08,421888000,0,綠縮,否,否,28.14,29.06,31.21,32.71,-6.1374,-7.0972,-5.873
5460,同協,2026-08-05,16.0,-0.15,-0.93,43727000,0,綠縮,否,是,15.79,16.21,16.66,15.63,-5.1082,-3.3095,0.1804
5464,霖宏,2026-08-05,62.6,-1.2,-1.88,431616000,0,綠縮,否,否,66.4,72.93,84.89,71.3,-16.4359,-15.6489,-6.5496
5465,富驊,2026-08-05,21.75,0.45,2.11,136860000,0,綠縮,是,否,21.48,21.84,23.25,24.8,-3.1996,-6.1667,-4.0743
5468,凱鈺,2026-08-05,25.45,0.45,1.8,227457000,0,綠縮,否,是,23.87,24.15,27.17,22.38,-2.2923,-8.7129,-6.3841
5474,聰泰,2026-08-05,149.0,1.0,0.68,215701000,0,綠縮,否,否,141.3,143.55,153.2,163.57,-3.0864,-5.6523,-4.9185
5475,德宏,2026-08-05,124.5,-9.5,-7.09,10162783000,0,綠縮,是,否,116.1,133.45,173.07,254.53,-23.0106,-22.5704,-17.1494
5478,智冠,2026-08-05,98.9,0.0,0.0,80753000,0,綠縮,否,否,98.88,98.89,100.56,100.29,-0.0202,-0.9416,-1.3053
5481,新華,2026-08-05,19.95,0.05,0.25,60403000,0,綠增,否,否,20.33,20.73,20.87,20.38,-3.7861,-1.3092,-1.7538
5483,中美晶,2026-08-05,178.0,-3.0,-1.66,54555453000,0,綠縮,否,是,171.5,198.75,204.4,170.83,-24.115,-12.7524,-0.4263
5487,通泰,2026-08-05,29.0,-0.55,-1.86,58218000,0,紅增,否,是,28.42,28.3,28.29,28.08,0.8517,0.2125,-0.0442
5488,松普,2026-08-05,13.4,0.25,1.9,604813000,0,綠縮,否,是,12.86,13.85,14.28,12.47,-13.3423,-10.385,-0.2445
5489,彩富,2026-08-05,42.55,1.0,2.41,59601000,0,綠縮,否,否,42.01,43.82,51.97,45.3,-7.9334,-15.4625,-6.3224
5490,同亨,2026-08-05,32.0,-1.45,-4.33,5150605000,0,紅縮,是,是,32.43,31.74,30.65,29.23,4.4444,3.4382,3.0166
5493,三聯,2026-08-05,78.0,0.9,1.17,78408000,0,綠縮,否,否,75.38,77.76,83.67,88.88,-5.9396,-7.1744,-4.6387
5498,凱崴,2026-08-05,47.65,0.75,1.6,1483192000,0,綠縮,否,否,42.9,45.65,52.5,62.58,-11.3636,-14.6569,-9.1617
5508,永信建,2026-08-05,51.3,0.5,0.98,355394000,0,綠縮,否,否,50.58,51.82,54.03,51.93,-4.674,-5.9528,-2.4993
5511,德昌,2026-08-05,69.6,-0.4,-0.57,162419000,0,綠增,否,否,71.88,71.6,73.53,72.96,0.7852,0.2801,-1.7503
5512,力麒,2026-08-05,7.66,-0.02,-0.26,546307000,0,綠縮,否,是,7.71,7.8,7.91,7.53,-2.3303,-1.5517,-0.7214
5514,三豐,2026-08-05,13.75,0.1,0.73,285580000,0,紅縮,是,否,13.71,13.61,13.69,14.46,1.4804,0.7029,-0.5988
5516,雙喜,2026-08-05,11.6,-0.1,-0.85,212081000,0,紅增,是,是,10.86,10.7,10.6,10.77,3.0361,2.0019,-0.0707
5520,力泰,2026-08-05,83.5,0.6,0.72,8199000,0,綠縮,是,是,82.08,82.24,82.48,81.82,-0.3883,-0.3635,-0.0545
5523,豐謙,2026-08-05,30.35,0.0,0.0,4000000,0,綠縮,否,否,30.32,30.36,30.37,30.38,-0.2632,-0.0823,-0.0905
5529,鉅陞,2026-08-05,21.5,0.25,1.18,64949000,0,綠縮,是,否,21.21,21.34,21.46,21.84,-1.165,-0.6982,-0.4639
5530,龍巖,2026-08-05,47.5,0.05,0.11,227112000,0,綠縮,否,否,47.45,47.98,48.25,47.85,-2.2053,-1.3872,-0.5718
5536,聖暉*,2026-08-05,1020.0,30.0,3.03,1184390000,0,綠縮,否,否,983.0,1078.0,1189.75,1078.23,-16.1978,-11.2026,-5.8183
5543,桓鼎-KY,2026-08-05,27.6,-0.1,-0.36,2300000,0,綠增,否,否,27.87,28.3,28.45,29.23,-3.0271,-0.9275,-1.4291
5547,久舜,2026-08-05,19.8,-0.05,-0.25,17002000,0,綠縮,否,否,19.97,19.96,20.77,21.42,0.1505,-0.6967,-2.8187
5548,安倉,2026-08-05,20.25,-0.1,-0.49,36458000,0,綠縮,否,否,20.48,21.32,22.53,23.18,-7.5395,-7.1646,-3.584
5603,陸海,2026-08-05,14.1,0.1,0.71,44890000,0,綠縮,否,否,14.13,14.25,14.47,15.2,-1.6701,-1.5884,-1.2794
5604,中連,2026-08-05,30.05,-0.4,-1.31,11313000,0,綠增,否,否,30.15,30.27,30.55,31.17,-0.8224,-1.0783,-0.7634
5609,中菲行,2026-08-05,78.1,0.0,0.0,109445000,0,紅縮,否,否,78.46,78.45,78.31,79.37,0.0255,-0.343,0.6167
5701,劍湖山,2026-08-05,4.38,0.11,2.58,164898000,0,綠縮,否,是,4.41,4.59,4.73,4.35,-7.4664,-3.4903,-4.5294
5704,老爺知,2026-08-05,21.85,0.05,0.23,9029000,0,紅增,否,是,21.62,21.61,21.55,21.43,0.139,0.0,0.3141
5864,致和證,2026-08-05,31.15,0.3,0.97,5154673000,0,綠縮,是,否,30.21,31.65,36.99,38.09,-8.6759,-11.8155,-10.8077
5878,台名,2026-08-05,38.2,0.0,0.0,4044000,0,紅縮,否,否,38.49,38.59,38.76,39.79,-0.5426,-0.4257,-0.3919
5902,德記,2026-08-05,34.3,0.0,0.0,12034000,0,紅增,否,否,34.09,34.11,33.94,35.7,-0.0879,0.5158,-0.0147
5903,全家,2026-08-05,184.0,,,99029000,0,紅轉綠,是,否,188.3,188.35,188.47,188.6,-0.0531,-0.1061,-0.0398
5905,南仁湖,2026-08-05,8.12,-0.02,-0.25,562712000,0,綠增,否,否,8.23,8.46,8.5,8.28,-5.3576,-2.4657,-0.6311
6015,宏遠證,2026-08-05,15.95,0.4,2.57,1198833000,0,綠縮,否,否,15.41,15.89,16.7,16.94,-5.8644,-6.1983,-4.0769
6016,康和證,2026-08-05,20.9,0.45,2.2,3602326000,0,綠縮,否,否,20.87,22.61,25.02,25.34,-14.2916,-11.2463,-7.2375
6020,大展證,2026-08-05,21.05,0.0,0.0,15002000,0,綠縮,否,否,21.0,21.39,21.9,21.92,-3.6255,-2.7058,-1.8927
6021,美好證,2026-08-05,34.5,0.8,2.37,86695000,0,綠縮,否,否,33.63,35.23,37.25,36.57,-8.6886,-6.5889,-4.9499
6023,元大期,2026-08-05,87.7,2.1,2.45,434294000,0,綠縮,否,否,86.96,87.01,95.07,97.91,-0.1149,-9.5812,-3.3055
6026,福邦證,2026-08-05,14.15,0.2,1.43,879174000,0,綠縮,否,否,13.85,14.08,14.92,15.9,-3.2145,-5.4399,-4.8333
6028,公勝保經,2026-08-05,81.0,0.2,0.25,14343000,0,紅增,否,是,79.68,79.46,79.28,79.46,0.5553,0.1639,0.1516
6101,寬魚國際,2026-08-05,36.05,-0.05,-0.14,203526000,0,綠縮,否,否,35.78,36.76,39.77,40.12,-5.1683,-6.1535,-5.5127
6104,創惟,2026-08-05,94.2,0.4,0.43,584327000,0,綠縮,否,否,89.82,90.93,96.5,98.92,-2.412,-6.0252,-3.2289
6109,亞元,2026-08-05,11.05,0.0,0.0,56574000,0,綠增,否,否,11.4,11.57,12.34,11.83,-2.8133,-6.5832,-2.2579
6111,光聚晶電,2026-08-05,37.35,-0.6,-1.58,266694000,0,綠增,否,否,38.24,39.45,40.95,44.06,-5.9518,-3.9094,-3.18
6113,亞矽,2026-08-05,22.45,0.55,2.51,94906000,0,綠縮,否,否,21.27,22.18,24.16,25.18,-7.9221,-9.338,-6.7805
6114,久威,2026-08-05,25.75,0.05,0.19,14451000,0,綠縮,否,否,26.28,27.27,28.73,29.8,-7.0064,-5.8031,-2.9963
6118,建達,2026-08-05,15.7,0.0,0.0,163835000,0,綠縮,否,否,15.68,15.89,16.37,17.2,-2.6087,-3.697,-2.4285
6121,新普,2026-08-05,372.5,2.5,0.68,767570000,0,綠縮,否,否,360.4,366.6,393.75,391.56,-3.3262,-7.0722,-3.4867
6122,擎邦,2026-08-05,45.9,-0.1,-0.22,243805000,0,綠增,否,否,48.76,49.69,50.15,48.62,-3.6744,-2.8543,0.7433
6123,上奇,2026-08-05,42.2,0.1,0.24,27732000,0,紅縮,否,否,42.2,42.17,42.06,43.61,0.1186,0.1544,-0.0891
6124,業強,2026-08-05,26.8,0.9,3.47,23889000,0,綠縮,否,否,25.58,26.17,27.66,29.5,-4.4096,-5.1296,-4.0163
6125,廣運,2026-08-05,49.1,0.85,1.76,583451000,0,綠縮,否,否,46.22,48.41,53.25,58.29,-8.6561,-10.0186,-6.1514
6126,信音,2026-08-05,31.5,0.45,1.45,441487000,0,綠縮,否,否,30.02,30.49,32.66,34.95,-3.0675,-6.2125,-6.4715
6127,九豪,2026-08-05,49.35,0.45,0.92,3635335000,0,綠縮,否,否,47.02,52.14,66.72,63.74,-17.8833,-19.8216,-12.8535
6129,普誠,2026-08-05,14.5,0.15,1.05,537349000,0,綠縮,否,否,14.05,14.65,16.67,16.4,-7.8689,-12.4851,-5.2033
6130,上亞科技,2026-08-05,23.8,0.0,0.0,32055000,0,綠增,否,否,24.07,24.87,24.95,23.88,-6.233,-4.1803,0.2411
6134,萬旭,2026-08-05,27.2,,,311648000,0,綠縮,否,否,25.08,25.91,29.16,31.92,-6.2079,-9.1355,-7.744
6138,茂達,2026-08-05,289.5,-6.0,-2.03,1549481000,0,綠縮,否,否,283.6,299.35,338.98,316.62,-9.9968,-11.6701,-5.0357
6140,訊達,2026-08-05,16.8,0.4,2.44,95055000,0,綠縮,否,否,16.36,17.05,18.46,19.94,-7.779,-7.9125,-5.1983
6143,振曜,2026-08-05,93.8,3.3,3.65,541422000,0,綠縮,否,否,89.0,92.84,96.69,94.73,-7.9437,-7.3268,-0.124
6144,得利影,2026-08-05,13.15,-0.05,-0.38,11101000,0,綠增,否,否,13.36,13.63,13.99,14.49,-3.954,-2.5027,-2.1507
6146,耕興,2026-08-05,194.0,3.0,1.57,201869000,0,紅增,否,否,189.6,189.9,192.88,207.18,-0.3155,-2.5404,-0.4131
6147,頎邦,2026-08-05,158.5,14.0,9.69,17698402000,0,綠縮,否,否,138.2,157.2,182.45,208.56,-21.5664,-16.7373,-12.6929
6148,驊宏資,2026-08-05,29.7,2.7,10.0,1059215000,0,綠縮,是,否,27.11,28.22,30.05,31.03,-7.569,-7.9432,-4.3374
6150,撼訊,2026-08-05,58.7,0.7,1.21,208324000,0,綠縮,否,否,55.0,56.2,58.91,63.28,-4.1812,-5.2117,-3.315
6151,晉倫,2026-08-05,34.7,0.5,1.46,109528000,0,綠縮,否,否,34.04,34.98,37.02,39.88,-5.2339,-6.4956,-4.1548
6154,順發,2026-08-05,13.55,0.05,0.37,13593000,0,綠縮,否,是,13.53,13.57,13.7,13.53,-0.6608,-1.1649,-0.5084
6156,松上,2026-08-05,22.35,0.4,1.82,778277000,0,綠縮,否,是,21.12,22.57,25.57,22.03,-12.1099,-12.2449,-3.6817
6158,禾昌,2026-08-05,17.2,0.0,0.0,52003000,0,綠增,否,否,17.39,17.68,18.04,18.11,-3.1737,-4.4595,0.0693
6160,欣技,2026-08-05,14.35,0.25,1.77,99149000,0,綠縮,否,否,14.29,14.72,15.49,16.13,-5.6766,-5.9425,-3.5942
6161,捷波,2026-08-05,55.6,5.0,9.88,1949482000,0,綠縮,是,是,48.83,49.27,51.46,50.94,-1.7505,-5.1502,-1.5921
6163,華電網,2026-08-05,41.25,0.8,1.98,1024933000,0,綠縮,否,否,38.77,40.29,43.79,50.43,-7.2488,-7.941,-5.8431
6167,久正,2026-08-05,10.55,0.0,0.0,243587000,0,綠縮,否,否,10.29,10.57,11.28,11.7,-5.0738,-6.5871,-3.6736
6169,昱泉,2026-08-05,13.25,-0.3,-2.21,17308000,0,綠增,是,否,13.49,13.79,14.23,14.9,-4.3262,-3.6326,-2.4177
6170,統振,2026-08-05,46.35,0.2,0.43,60841000,0,綠縮,否,否,46.32,46.76,48.55,50.55,-1.8644,-2.1143,-2.9776
6171,大城地產,2026-08-05,23.2,-0.1,-0.43,10001000,0,綠縮,否,否,23.17,23.24,23.5,23.93,-0.6006,-1.0221,-1.1254
6173,信昌電,2026-08-05,165.0,0.5,0.3,14569937000,0,綠縮,是,否,151.0,166.0,226.57,204.99,-16.5746,-24.8018,-13.6857
6174,安碁,2026-08-05,42.0,-0.4,-0.94,2323189000,0,綠縮,否,否,40.27,44.62,50.5,46.0,-17.7828,-16.8065,-5.1646
6175,立敦,2026-08-05,76.9,1.7,2.26,1526017000,0,綠縮,否,否,73.04,81.85,94.8,89.5,-19.4353,-16.2917,-9.0778
6179,亞通,2026-08-05,27.65,1.85,7.17,4174967000,0,綠縮,是,是,24.51,24.76,25.83,24.88,-1.96,-5.6053,-1.7123
6180,橘子,2026-08-05,40.9,-0.1,-0.24,442123000,0,綠縮,否,否,41.79,42.62,45.18,43.07,-3.8205,-5.078,-4.2135
6182,合晶,2026-08-05,104.0,7.1,7.33,10845022000,0,綠縮,否,是,97.16,115.58,133.72,94.91,-27.4925,-23.6592,-3.7329
6185,幃翔,2026-08-05,13.8,-0.2,-1.43,209405000,0,綠縮,否,否,13.87,13.92,14.12,14.09,-0.6447,-1.4867,-0.947
6186,新潤,2026-08-05,42.45,0.65,1.56,2611022000,0,綠縮,是,是,41.89,42.24,42.5,40.92,-1.6436,-1.1583,0.3483
6187,萬潤,2026-08-05,1070.0,-20.0,-1.83,4269540000,0,綠轉紅,是,否,935.2,966.4,989.55,1088.6,-6.255,-3.6683,-5.2155
6188,廣明,2026-08-05,70.8,0.3,0.43,1135469000,0,綠縮,否,否,66.8,68.86,73.2,79.64,-5.8094,-6.9837,-3.4874
6190,萬泰科,2026-08-05,67.9,0.9,1.34,1297764000,0,綠縮,否,否,63.58,66.92,74.55,77.62,-9.5075,-11.117,-5.7403
6194,育富,2026-08-05,29.55,0.15,0.51,16960000,0,綠縮,否,否,29.56,29.83,30.89,32.21,-1.794,-3.1179,-2.0533
6195,詩肯,2026-08-05,26.95,0.0,0.0,16289000,0,紅縮,否,是,26.87,26.86,26.32,25.99,0.1118,1.5888,0.2189
6198,瑞築,2026-08-05,19.55,-0.05,-0.26,3001000,0,綠縮,否,否,19.31,19.74,20.2,21.04,-4.3112,-3.3293,-1.8345
6199,天品,2026-08-05,98.5,-0.7,-0.71,447469000,0,綠縮,否,是,97.92,98.97,101.1,97.45,-2.0996,-2.9801,-0.2516
6203,海韻電,2026-08-05,61.0,0.0,0.0,84242000,0,綠增,否,否,64.02,64.79,65.79,68.18,-2.349,-1.9373,-1.194
6204,艾華,2026-08-05,74.7,1.0,1.36,365482000,0,綠縮,是,否,67.16,71.17,90.02,91.16,-10.6677,-17.3979,-11.9652
6207,雷科,2026-08-05,104.5,1.5,1.46,4757108000,0,綠縮,否,否,98.04,111.07,127.13,111.03,-20.9992,-15.4718,-10.3736
6208,日揚,2026-08-05,82.9,-1.5,-1.78,1651752000,0,綠縮,是,否,81.26,82.64,87.12,88.99,-3.2849,-4.1966,-5.1342
6210,慶生,2026-08-05,17.75,-0.5,-2.74,26001000,0,綠增,否,否,18.77,18.92,19.37,20.35,-1.5732,-1.9943,-2.455
6212,理銘,2026-08-05,29.05,-0.25,-0.85,4000000,0,紅增,否,,28.8,28.74,28.62,,0.4534,0.5423,0.5357
6217,中探針,2026-08-05,147.0,13.0,9.7,220761000,0,綠縮,否,否,125.0,151.0,199.47,248.23,-29.3785,-27.803,-14.5443
6218,豪勉,2026-08-05,33.8,0.75,2.27,343147000,0,綠縮,否,否,31.78,33.2,34.64,36.89,-8.2299,-5.4796,-4.2493
6219,富旺,2026-08-05,12.4,0.2,1.64,91363000,0,綠增,否,否,12.49,12.96,12.9,12.7,-7.0685,-1.0683,-1.0165
6220,岳豐,2026-08-05,26.6,0.15,0.57,182755000,0,綠縮,否,否,25.65,27.49,30.83,32.0,-12.5767,-13.8493,-9.2621
6221,晉泰,2026-08-05,20.85,-0.2,-0.95,109625000,0,綠縮,否,否,20.96,21.18,21.71,23.26,-2.0561,-2.5311,-2.7118
6223,旺矽,2026-08-05,6245.0,345.0,5.85,657446000,0,綠縮,否,是,5364.0,5600.0,6073.75,5883.25,-8.0877,-9.2382,-4.789
6227,茂綸,2026-08-05,123.5,3.5,2.92,624789000,0,綠轉紅,是,是,113.9,110.95,115.3,116.36,5.463,-1.9876,-1.5792
6229,研通,2026-08-05,23.6,0.2,0.85,38165000,0,綠縮,否,否,22.7,23.23,24.89,26.34,-4.5015,-6.9297,-4.4525
6231,系微,2026-08-05,230.0,8.5,3.84,320411000,0,綠縮,否,否,210.7,221.6,246.72,281.11,-9.3763,-10.3379,-7.8439
6233,旺玖,2026-08-05,20.8,0.25,1.22,174079000,0,綠縮,否,否,20.1,21.27,23.09,24.86,-10.4278,-9.2577,-5.4372
6234,高僑,2026-08-05,35.2,1.85,5.55,624633000,0,綠縮,否,否,32.93,34.54,39.96,46.46,-8.9073,-13.2488,-7.5272
6237,驊訊,2026-08-05,34.1,0.25,0.74,200050000,0,綠縮,否,否,32.55,33.95,38.47,43.69,-7.9208,-11.4155,-8.5033
6240,松崗,2026-08-05,18.5,-0.7,-3.65,20776000,0,綠縮,否,是,18.1,18.25,18.23,18.23,-1.6304,-0.6262,-0.1096
6241,鑫永洋,2026-08-05,16.45,-0.3,-1.79,388831000,0,綠縮,否,是,16.13,16.34,16.02,12.74,-2.4788,-1.1797,2.2003
6242,立康,2026-08-05,35.0,0.15,0.43,5526000,0,綠縮,否,否,35.1,35.55,35.83,37.22,-2.4729,-1.1953,-1.4713
6244,茂迪,2026-08-05,24.7,1.0,4.22,4859589000,0,綠縮,否,否,22.6,24.16,25.5,27.77,-12.0965,-7.7349,-4.8334
6245,立端,2026-08-05,81.0,2.8,3.58,593242000,0,綠縮,否,否,78.36,79.0,79.86,82.32,-1.6072,-1.5208,-0.5418
6246,臺龍,2026-08-05,12.7,0.05,0.4,14335000,0,綠縮,否,否,12.36,12.93,14.23,15.26,-8.4444,-9.7382,-5.4494
6248,沛波,2026-08-05,17.45,-0.15,-0.85,73390000,0,綠縮,否,否,17.4,17.56,17.84,18.43,-1.8613,-1.7068,-1.1906
6259,百徽,2026-08-05,30.3,0.15,0.5,521916000,0,綠縮,否,是,29.35,31.68,35.09,29.37,-13.7272,-13.1085,-5.5765
6261,久元,2026-08-05,78.3,1.9,2.49,455333000,0,綠縮,否,否,75.74,80.33,86.22,101.05,-10.8102,-8.4663,-5.5178
6263,普萊德,2026-08-05,154.0,1.5,0.98,159197000,0,綠縮,否,否,146.4,149.8,156.45,161.63,-4.4386,-5.7565,-2.6598
6264,富裔,2026-08-05,6.05,-0.01,-0.17,26572000,0,綠縮,否,否,6.03,6.03,6.07,6.08,0.0332,-0.6425,-0.0823
6265,方土昶,2026-08-05,51.3,2.0,4.06,6119741000,0,綠縮,是,是,44.11,45.58,48.7,49.68,-6.2487,-7.854,-5.8249
6266,泰詠,2026-08-05,24.1,0.1,0.42,239582000,0,綠縮,否,否,24.19,24.66,24.99,26.38,-3.7405,-2.6066,-1.3423
6270,倍微,2026-08-05,30.0,0.8,2.74,359968000,0,綠縮,否,否,28.27,29.67,33.27,31.29,-9.0119,-10.4977,-7.7446
6274,台燿,2026-08-05,1470.0,130.0,9.7,3017273000,0,綠縮,否,是,1172.0,1208.0,1397.25,1431.43,-5.7878,-12.7168,-8.8849
6275,元山,2026-08-05,43.2,0.2,0.47,126754000,0,綠縮,否,否,41.77,43.14,45.93,48.39,-6.1559,-6.815,-4.1975
6276,安鈦克,2026-08-05,21.45,0.75,3.62,12259000,0,紅增,否,否,19.94,20.3,21.31,25.65,-3.4383,-5.0748,-3.4326
6279,胡連,2026-08-05,119.0,2.5,2.15,470541000,0,綠縮,否,是,115.0,115.45,117.92,117.52,-0.7765,-3.0239,-0.8617
6284,佳邦,2026-08-05,77.4,0.3,0.39,1095720000,0,綠縮,否,否,72.3,76.78,87.97,93.0,-11.0263,-13.3311,-7.7734
6290,良維,2026-08-05,213.5,-1.5,-0.7,5060465000,0,綠縮,是,否,209.9,226.75,262.12,287.82,-13.8342,-14.256,-8.5557
6291,沛亨,2026-08-05,380.0,13.5,3.68,1251578000,0,綠縮,是,否,337.8,352.95,425.85,494.47,-8.2315,-13.6197,-12.4126
6292,迅德,2026-08-05,58.6,1.0,1.74,164834000,0,綠轉紅,否,是,51.57,51.1,55.25,56.31,1.8767,-4.7446,-4.8933
6294,智基,2026-08-05,27.0,0.6,2.27,23037000,0,綠轉紅,否,否,26.85,27.06,27.39,28.65,-1.5762,-1.8495,-0.7518
6411,晶焱,2026-08-05,77.8,1.3,1.7,357885000,0,綠縮,否,否,74.6,77.89,87.26,90.19,-8.1054,-10.8402,-7.5048
6417,韋僑,2026-08-05,114.5,4.5,4.09,97615000,0,綠縮,否,否,112.2,115.1,123.15,128.95,-4.9153,-7.4387,-3.5442
6418,詠昇,2026-08-05,32.05,0.05,0.16,136891000,0,綠縮,否,是,29.86,29.82,31.17,31.59,0.2686,-4.9865,-1.032
6419,京晨科,2026-08-05,136.0,3.0,2.26,188987000,0,綠縮,否,否,126.1,130.85,137.62,144.35,-7.0059,-6.3015,-3.5902
6423,億而得,2026-08-05,72.9,1.4,1.96,98119000,0,綠轉紅,是,否,69.3,69.19,75.44,90.29,0.3185,-8.3333,-3.8738
6425,易發,2026-08-05,55.5,-0.3,-0.54,280982000,0,綠縮,否,否,52.92,56.22,63.15,77.48,-11.0887,-12.0601,-8.5909
6432,今展科,2026-08-05,71.0,-0.1,-0.14,1686562000,0,綠增,否,是,72.18,70.82,73.14,63.69,3.9159,-2.047,-2.0557
6435,大中,2026-08-05,255.0,3.5,1.39,1172949000,0,綠縮,是,否,235.9,261.95,315.18,276.35,-18.0903,-19.6596,-7.4308
6441,廣錠,2026-08-05,19.45,0.15,0.78,77070000,0,綠縮,否,否,19.49,20.31,21.37,23.88,-7.7615,-6.4486,-3.259
6461,益得,2026-08-05,15.8,0.2,1.28,120836000,0,紅縮,否,否,15.93,15.68,15.62,16.04,3.3074,0.1278,1.3134
6462,神盾,2026-08-05,99.4,2.9,3.01,654536000,0,綠縮,否,否,94.98,97.16,104.91,118.31,-4.389,-6.55,-5.5208
6465,威潤,2026-08-05,46.85,-0.1,-0.21,214457000,0,綠縮,否,否,47.6,50.2,55.2,53.31,-9.8485,-10.1325,-8.6024
6469,大樹,2026-08-05,71.0,-1.3,-1.8,1104501000,0,綠增,是,否,76.78,77.42,76.96,74.95,-1.6398,-0.3347,0.9245
6470,宇智,2026-08-05,42.7,0.0,0.0,28962000,0,綠增,否,否,44.22,45.61,47.08,47.88,-5.9349,-4.15,-2.8828
6474,華豫寧,2026-08-05,37.6,0.1,0.27,55097000,0,綠轉紅,是,否,36.92,36.98,37.23,37.83,-0.3509,-1.1096,-0.4745
6482,弘煜科,2026-08-05,27.5,-0.15,-0.54,6401000,0,紅縮,否,否,27.58,27.88,27.77,28.77,-2.0944,0.0,-0.9717
6485,點序,2026-08-05,63.3,3.1,5.15,348530000,0,綠縮,否,否,58.16,61.3,69.92,86.77,-9.7455,-12.2782,-9.3596
6486,互動,2026-08-05,74.2,-0.1,-0.13,50706000,0,綠縮,否,否,75.36,75.95,79.22,81.45,-1.5417,-4.6932,-1.9434
6488,環球晶,2026-08-05,872.0,-80.0,-8.4,26243055000,0,綠縮,是,否,879.8,1046.9,1140.7,922.9,-27.5288,-18.5292,-3.396
6492,生華科,2026-08-05,39.3,-1.8,-4.38,275838000,0,綠縮,否,否,39.48,41.04,42.3,45.02,-7.3239,-5.4596,-2.0718
6494,九齊,2026-08-05,50.0,0.55,1.11,79173000,0,綠縮,否,否,47.57,49.16,56.83,57.11,-6.266,-13.6862,-7.8214
6496,科懋,2026-08-05,23.85,-0.35,-1.45,14012000,0,綠增,是,否,24.25,24.55,24.75,24.47,-2.4145,-1.544,-0.5924
6498,久禾光,2026-08-05,76.2,0.0,0.0,292086000,0,綠縮,是,否,72.3,76.57,83.64,94.85,-10.5641,-9.4917,-8.2295
6499,益安,2026-08-05,59.0,0.0,0.0,259023000,0,綠縮,否,否,58.68,61.19,65.83,76.56,-7.8807,-8.5351,-4.7602
6506,雙邦,2026-08-05,16.5,-0.05,-0.3,37957000,0,綠縮,否,否,16.52,17.27,17.9,18.45,-8.3749,-5.7299,-2.8757
6508,惠光,2026-08-05,26.2,0.3,1.16,44943000,0,綠縮,否,是,25.89,26.13,25.48,24.55,-1.8203,1.0246,1.7365
6509,聚和,2026-08-05,45.85,1.6,3.62,1051654000,0,綠縮,否,否,43.94,45.81,49.05,47.57,-7.844,-8.7995,-1.9733
6510,精測,2026-08-05,2755.0,-40.0,-1.43,627329000,0,綠轉紅,否,否,2496.0,2574.5,2772.25,3270.5,-5.9178,-5.7132,-8.1656
6512,啟發電,2026-08-05,20.15,-0.25,-1.23,6790000,0,綠縮,否,是,19.88,20.0,20.02,19.55,-1.1928,-0.6211,0.3258
6516,勤崴國際,2026-08-05,63.0,4.6,7.88,511073000,0,綠轉紅,是,是,57.76,57.54,57.53,57.7,0.7676,-0.1215,0.209
6517,保勝光學,2026-08-05,64.0,0.8,1.27,593998000,0,綠縮,否,否,63.24,67.94,68.41,64.76,-12.9405,-3.1228,-3.8445
6523,達爾膚,2026-08-05,90.9,0.4,0.44,44402000,0,紅增,是,否,90.14,89.94,91.78,96.51,0.4457,-0.2661,-2.0283
6527,明達醫,2026-08-05,73.6,0.6,0.82,49228000,0,綠縮,是,是,68.62,69.05,70.78,70.48,-1.2378,-2.5543,-1.2142
6530,創威,2026-08-05,82.1,7.4,9.91,1034276000,0,綠轉紅,否,否,69.68,70.1,76.69,96.74,-1.1912,-7.4832,-6.98
6532,瑞耘,2026-08-05,72.4,2.1,2.99,185452000,0,綠縮,否,否,65.64,67.58,75.8,90.45,-5.5811,-8.1918,-7.3119
6535,順藥,2026-08-05,89.7,2.0,2.28,146756000,0,紅增,否,否,88.64,88.56,94.21,112.69,0.1808,-5.425,-2.9913
6538,倉和,2026-08-05,156.5,8.0,5.39,6466264000,0,綠縮,是,是,135.7,137.85,136.5,113.89,-3.0714,-1.0409,2.3238
6542,隆中,2026-08-05,47.55,0.25,0.53,11050000,0,紅縮,是,是,47.67,47.23,46.44,47.31,1.859,3.0882,-0.0377
6546,正基,2026-08-05,59.1,2.4,4.23,359469000,0,綠縮,否,否,55.92,57.97,63.18,69.48,-6.8311,-8.5935,-6.2124
6547,高端疫苗,2026-08-05,52.1,4.7,9.92,7706285000,0,綠轉紅,是,是,47.27,47.05,46.84,47.09,0.9396,0.2878,0.9972
6548,長科*,2026-08-05,74.4,0.4,0.54,5528153000,0,綠縮,否,是,65.22,67.85,76.58,70.16,-7.4631,-11.8029,-7.3839
6556,勝品,2026-08-05,65.0,0.6,0.93,6251000,0,綠縮,否,否,64.86,64.91,67.85,69.84,-0.1539,-3.4652,-2.6123
6560,欣普羅,2026-08-05,32.35,0.2,0.62,15950000,0,綠縮,否,否,31.72,32.47,35.23,37.3,-4.5154,-7.2948,-4.6811
6561,是方,2026-08-05,325.5,5.5,1.72,38412000,0,紅縮,否,否,326.6,324.8,328.82,341.31,1.1146,-0.3987,-0.8742
6568,宏觀,2026-08-05,138.0,5.0,3.76,128531000,0,綠轉紅,否,否,131.2,136.55,147.22,191.03,-7.5405,-8.0781,-6.6424
6569,醫揚,2026-08-05,97.9,2.2,2.3,65540000,0,綠縮,否,否,98.32,99.49,102.19,103.42,-2.3247,-2.8513,-3.1697
6570,維田,2026-08-05,56.9,2.2,4.02,523677000,0,綠轉紅,是,是,50.97,50.16,50.84,50.6,3.2618,-0.3278,-0.708
6574,霈方,2026-08-05,130.0,3.5,2.77,120582000,0,綠縮,是,是,121.0,124.6,122.97,116.56,-5.6162,-2.6563,2.0963
6576,逸達,2026-08-05,79.7,0.5,0.63,33758000,0,綠縮,否,否,79.68,80.62,81.39,79.92,-2.3051,-1.9818,0.2648
6577,勁豐,2026-08-05,80.0,1.0,1.27,98288000,0,紅縮,否,是,82.64,80.34,78.34,78.97,5.8944,2.5923,2.5928
6578,達邦蛋白,2026-08-05,18.8,0.55,3.01,666264000,0,綠轉紅,是,是,16.72,16.45,16.47,16.35,3.4014,0.4275,0.6417
6584,南俊國際,2026-08-05,487.0,11.5,2.42,938075000,0,綠縮,是,否,458.0,505.9,597.45,644.73,-17.2987,-17.1878,-8.2047
6588,東典光電,2026-08-05,94.0,-1.4,-1.47,3973503000,0,紅增,否,否,87.1,79.43,81.12,108.94,21.3768,5.0661,-4.0284
6590,普鴻,2026-08-05,65.3,0.1,0.15,12608000,0,綠縮,否,否,65.26,65.8,66.41,67.19,-1.628,-2.0688,-0.8659
6593,台灣銘板,2026-08-05,32.4,0.05,0.15,38364000,0,綠縮,否,否,32.52,32.97,33.37,34.54,-2.6639,-2.268,-1.316
6596,寬宏藝術,2026-08-05,88.7,0.4,0.45,76574000,0,綠轉紅,否,否,87.3,87.36,89.83,94.71,-0.1373,-2.3365,-1.664
6603,富強鑫,2026-08-05,26.75,0.8,3.08,2713772000,0,紅增,否,是,25.61,24.87,24.93,23.98,6.1774,0.3228,2.0678
6609,瀧澤科,2026-08-05,38.2,0.95,2.55,177361000,0,綠縮,否,否,36.7,37.83,39.5,41.66,-5.8008,-6.4771,-2.6373
6612,奈米醫材,2026-08-05,71.4,0.3,0.42,15340000,0,綠縮,否,是,70.12,70.32,71.93,71.14,-0.5672,-3.287,-0.6766
6613,朋億*,2026-08-05,299.0,15.5,5.47,334194000,0,綠縮,否,是,279.5,301.45,325.27,289.85,-13.5745,-8.8724,-6.1052
6615,慧智,2026-08-05,35.05,-0.2,-0.57,21293000,0,綠縮,是,是,33.84,34.09,35.22,34.03,-1.456,-3.2359,-1.4135
6616,特昇-KY,2026-08-05,8.77,-0.01,-0.11,13030000,0,紅縮,否,否,8.91,8.99,9.01,9.43,-1.8074,-0.3767,-0.8251
6617,共信-KY,2026-08-05,79.7,0.4,0.5,263308000,0,綠縮,否,是,79.06,89.23,92.01,75.75,-20.4628,-14.9786,3.5333
6620,漢達,2026-08-05,89.3,1.5,1.71,624135000,0,綠縮,否,是,89.06,87.4,93.03,80.57,3.8722,-4.7827,-0.1288
6624,萬年清,2026-08-05,40.5,-0.9,-2.17,13268000,0,綠縮,是,否,39.71,40.72,41.29,45.18,-4.8178,-4.042,-2.2778
6629,泰金-KY,2026-08-05,104.0,0.0,0.0,7006000,0,綠縮,否,否,102.9,104.2,106.03,114.17,-2.4645,-2.1137,-2.191
6637,醫影,2026-08-05,62.2,0.6,0.97,55377000,0,綠縮,否,否,62.06,62.6,63.28,65.71,-1.7105,-2.2486,-0.511
6640,均華,2026-08-05,910.0,25.0,2.82,121283000,0,綠縮,否,否,839.2,890.5,963.3,1180.68,-10.894,-7.1912,-5.2103
6642,富致,2026-08-05,77.0,2.5,3.36,333630000,0,綠縮,否,否,72.96,74.05,77.35,77.14,-2.9013,-4.8078,-3.8951
6643,M31,2026-08-05,414.0,0.0,0.0,421933000,0,綠轉紅,否,否,395.3,406.2,434.1,521.03,-5.2266,-5.5349,-4.9537
6649,台生材,2026-08-05,36.3,0.75,2.11,37220000,0,綠增,否,否,37.3,37.43,38.11,38.61,-0.7187,-2.6778,-0.1114
6651,全宇昕,2026-08-05,120.0,-2.5,-2.04,260804000,0,綠縮,是,否,116.4,118.55,135.47,132.46,-3.5626,-12.2826,-6.1483
6654,天正國際,2026-08-05,169.0,1.0,0.6,16518000,0,綠縮,否,是,158.8,169.1,179.5,148.79,-11.4827,-8.3469,-5.7372
6661,威健生技,2026-08-05,17.85,0.0,0.0,10011000,0,綠縮,是,是,17.16,17.5,17.75,17.43,-3.7577,-2.5891,1.6027
6662,樂斯科,2026-08-05,29.95,0.25,0.84,7397000,0,紅縮,否,是,30.63,30.22,29.92,29.66,2.7508,1.9396,0.656
6664,群翊,2026-08-05,352.0,12.0,3.53,253575000,0,綠縮,否,否,333.2,347.75,366.55,401.88,-8.032,-5.8863,-2.9713
6667,信紘科,2026-08-05,230.5,3.5,1.54,221798000,0,綠縮,否,否,225.6,233.55,247.35,259.49,-6.5839,-6.0728,-4.7096
6679,鈺太,2026-08-05,231.5,21.0,9.98,691103000,0,綠縮,是,否,210.4,217.85,236.43,278.07,-6.6134,-7.357,-6.8368
6680,鑫創電子,2026-08-05,57.2,5.2,10.0,35248000,0,紅增,是,是,55.0,55.51,52.53,53.87,-1.8208,4.7754,1.3505
6683,雍智科技,2026-08-05,1195.0,105.0,9.63,355423000,0,綠縮,是,否,1018.2,1103.6,1391.8,1683.52,-14.365,-21.0304,-11.1806
6684,安格,2026-08-05,47.95,1.35,2.9,113430000,0,綠縮,否,否,46.97,48.37,52.69,49.93,-5.6259,-6.3232,-5.1874
6690,安碁資訊,2026-08-05,164.5,3.0,1.86,57229000,0,綠轉紅,否,否,160.3,161.9,162.9,168.93,-1.9572,-1.4307,-1.8083
6692,進能服,2026-08-05,22.8,-0.1,-0.44,30213000,0,綠縮,是,否,22.65,22.96,24.16,26.86,-2.6644,-4.5521,-3.5821
6693,廣閎科,2026-08-05,170.5,7.5,4.6,714231000,0,綠縮,否,否,156.4,172.75,205.53,175.94,-17.2924,-18.1474,-7.8776
6697,東捷資訊,2026-08-05,40.0,-0.45,-1.11,14749000,0,綠縮,否,否,39.83,40.2,40.63,41.44,-1.824,-1.2406,-1.1314
6703,軒郁,2026-08-05,106.0,0.0,0.0,45728000,0,綠縮,否,否,105.1,105.2,110.25,111.16,-0.1899,-5.2679,-0.9879
6708,天擎,2026-08-05,39.0,0.0,0.0,14270000,0,綠轉紅,否,否,38.2,38.14,39.05,40.28,0.2888,-1.7388,-0.9639
6712,長聖,2026-08-05,150.0,1.5,1.01,453375000,0,綠縮,否,是,146.6,147.7,156.32,141.49,-1.4785,-8.0037,0.337
6716,應廣,2026-08-05,83.4,2.6,3.22,243165000,0,綠縮,否,否,77.08,80.29,88.06,93.19,-7.6886,-11.0951,-5.8836
6720,久昌,2026-08-05,135.5,2.5,1.88,18142000,0,綠轉紅,否,否,135.3,136.25,138.78,148.64,-1.3848,-1.8725,-0.9281
6721,信實,2026-08-05,51.5,-0.8,-1.53,53495000,0,綠縮,是,否,52.04,52.28,53.52,56.66,-0.9139,-2.1707,-1.906
6725,矽科宏晟,2026-08-05,250.0,,,138643000,0,綠縮,否,否,254.9,278.9,301.27,313.41,-15.8468,-8.99,-6.2252
6727,亞泰金屬,2026-08-05,407.0,37.0,10.0,728339000,0,綠縮,是,否,334.6,344.45,399.65,454.85,-5.5603,-17.3684,-5.8429
6728,上洋,2026-08-05,104.5,0.0,0.0,28912000,0,綠增,否,否,107.4,108.2,108.65,110.96,-1.4679,-0.9611,-0.4353
6730,常廣,2026-08-05,35.0,0.0,0.0,2031000,0,綠縮,否,否,33.96,34.25,35.9,36.78,-1.6792,-4.5429,-2.6703
6732,昇佳電子,2026-08-05,159.5,3.0,1.92,376113000,0,綠縮,否,否,155.7,174.25,181.32,170.04,-19.2427,-11.5482,-1.2391
6733,博晟生醫,2026-08-05,27.25,0.0,0.0,208706000,0,紅增,否,是,26.78,25.4,25.3,26.37,11.4904,1.7424,2.6783
6735,美達科技,2026-08-05,66.3,1.2,1.84,92702000,0,綠縮,否,否,62.4,65.06,74.01,99.02,-7.8559,-10.9986,-9.0675
6739,竹陞科技,2026-08-05,1045.0,55.0,5.56,141127000,0,綠縮,否,否,911.2,1039.6,1079.1,1211.78,-21.9863,-8.6467,-4.4241
6741,91APP*-KY,2026-08-05,56.2,0.5,0.9,230704000,0,綠縮,否,否,55.04,55.77,57.81,61.53,-2.5841,-3.5288,-3.0519
6751,智聯服務,2026-08-05,41.0,-0.5,-1.2,41185000,0,綠轉紅,是,否,40.0,40.33,41.83,46.52,-1.599,-2.5731,-4.1089
6752,叡揚,2026-08-05,98.4,1.4,1.44,14326000,0,綠縮,否,否,95.82,97.58,98.68,100.7,-3.5434,-1.7321,-0.9486
6761,穩得,2026-08-05,151.5,3.5,2.36,247625000,0,綠縮,否,否,140.0,147.5,166.12,190.78,-9.6774,-11.8877,-8.1802
6763,綠界科技*,2026-08-05,42.2,0.55,1.32,268971000,0,綠縮,否,否,41.3,41.84,43.86,45.62,-2.5484,-4.1466,-3.131
6767,台微醫,2026-08-05,24.25,0.05,0.21,14132000,0,綠增,否,否,24.68,25.12,25.31,26.17,-3.4806,-3.1605,-0.3838
6785,昱展新藥,2026-08-05,98.4,0.7,0.72,61098000,0,綠縮,否,否,98.66,104.63,111.79,122.12,-10.7957,-8.6998,-4.0841
6788,華景電,2026-08-05,359.0,14.5,4.21,393984000,0,綠縮,否,否,325.8,338.0,377.35,413.29,-6.9674,-9.7584,-6.7178
6791,虎門科技,2026-08-05,102.0,0.5,0.49,23456000,0,綠縮,否,否,100.66,101.78,104.94,110.4,-2.1769,-3.8451,-0.46
6803,崑鼎,2026-08-05,270.0,-1.5,-0.55,59047000,0,綠轉紅,否,否,271.0,270.55,275.3,283.58,0.3332,-0.3499,-1.4586
6804,明係,2026-08-05,18.0,-0.05,-0.28,262407000,0,紅縮,否,是,18.13,17.41,16.72,16.1,8.693,6.9103,2.7663
6811,宏碁資訊,2026-08-05,246.0,10.0,4.24,418685000,0,綠縮,否,是,226.1,232.6,225.1,219.05,-5.4371,1.0426,0.7497
6821,聯寶,2026-08-05,42.6,0.9,2.16,225992000,0,綠縮,否,否,39.96,41.88,49.13,56.18,-8.7671,-11.6921,-10.5186
6823,濾能,2026-08-05,67.2,1.8,2.75,72128000,0,紅增,否,否,63.5,62.64,65.31,74.4,2.7841,-2.748,-2.3037
6829,千附精密,2026-08-05,188.0,6.5,3.58,404716000,0,綠縮,否,否,176.6,190.15,208.5,215.25,-13.3039,-12.7152,-3.9281
6840,東研信超,2026-08-05,68.6,6.2,9.94,620891000,0,綠轉紅,是,是,60.86,60.59,62.11,64.52,0.8952,-2.7448,-1.522
6841,長佳智能,2026-08-05,55.5,0.3,0.54,207208000,0,綠縮,否,否,54.66,56.51,60.06,59.66,-6.34,-8.5895,-2.1504
6843,進典,2026-08-05,39.4,0.0,0.0,22002000,0,紅增,否,否,39.08,39.41,39.84,42.0,-1.6855,-0.9673,-1.3433
6844,諾貝兒,2026-08-05,60.6,-0.2,-0.33,30436000,0,綠縮,否,否,60.72,61.24,62.17,63.96,-1.6839,-1.369,-1.8318
6846,綠茵,2026-08-05,61.0,-0.9,-1.45,18174000,0,綠縮,否,否,61.08,62.32,63.36,66.69,-3.9018,-2.381,-1.7597
6855,數泓科,2026-08-05,119.5,2.5,2.14,25618000,0,綠縮,是,是,114.9,114.9,117.9,114.51,0.0,-2.5032,-0.9868
6856,鑫傳,2026-08-05,44.1,0.45,1.03,2001000,0,紅縮,否,否,44.18,44.39,44.2,47.89,-0.9417,1.5557,-0.8803
6859,伯特光,2026-08-05,99.7,0.2,0.2,9026000,0,綠縮,否,否,98.72,98.94,109.34,119.1,-0.4437,-8.287,-7.0314
6865,偉康科技,2026-08-05,24.75,0.05,0.2,38126000,0,綠縮,是,否,25.07,25.41,26.64,29.41,-2.6786,-4.9018,-1.0127
6870,騰雲,2026-08-05,253.0,5.0,2.02,48195000,0,綠縮,否,是,240.6,264.7,276.52,249.42,-16.6898,-9.1627,-2.4775
6872,浩宇生醫,2026-08-05,15.2,0.1,0.66,7640000,0,綠增,否,否,15.43,15.71,16.2,17.21,-3.5022,-3.3825,-2.6292
6874,倍力,2026-08-05,76.9,-0.5,-0.65,47855000,0,綠縮,是,否,76.74,78.07,80.31,82.76,-3.3501,-3.5578,-2.5719
6875,國邑*,2026-08-05,33.3,0.3,0.91,103388000,0,綠縮,否,否,33.45,34.41,35.95,36.3,-5.4283,-4.7738,-2.3561
6877,鏵友益,2026-08-05,125.0,5.5,4.6,85833000,0,綠縮,否,否,114.4,119.65,125.15,144.87,-8.4067,-6.7783,-3.0221
6881,潤德,2026-08-05,200.5,0.0,0.0,13386000,0,紅增,是,否,200.5,201.25,212.93,247.87,-0.7426,-4.2578,-4.7315
6884,海柏特,2026-08-05,31.5,0.4,1.29,8671000,0,綠縮,是,否,30.99,31.77,32.25,33.49,-4.8219,-2.903,-2.5457
6894,衛司特,2026-08-05,354.0,11.0,3.21,62432000,0,綠縮,否,是,320.8,322.9,339.82,351.47,-1.2923,-4.6367,-3.5342
6895,宏碩系統,2026-08-05,118.5,1.5,1.28,80741000,0,綠縮,否,否,116.8,119.9,130.0,149.68,-5.0407,-6.9099,-6.9601
6899,創為精密,2026-08-05,51.0,0.6,1.19,12330000,0,綠縮,否,否,50.19,50.7,53.57,57.62,-1.9727,-4.7086,-4.0091
6903,巨漢,2026-08-05,319.5,2.5,0.79,434467000,0,綠縮,否,否,307.8,332.75,360.12,385.83,-13.9502,-10.2616,-4.93
6904,伯鑫,2026-08-05,123.0,1.5,1.23,1035000,0,綠縮,否,,119.4,122.85,123.1,,-5.4632,-2.345,0.3056
6907,雅特力-KY,2026-08-05,177.5,-4.0,-2.2,1969838000,0,綠縮,是,是,171.2,195.35,186.25,148.52,-22.0046,-6.8653,3.4722
6910,德鴻,2026-08-05,24.3,0.1,0.41,22058000,0,綠縮,否,否,24.26,24.57,25.75,27.48,-2.5311,-4.4889,-3.3677
6913,鴻呈,2026-08-05,126.5,-1.5,-1.17,117039000,0,綠轉紅,否,否,120.1,121.9,122.35,129.48,-2.9103,-2.2062,-0.5082
6922,宸曜,2026-08-05,194.5,16.5,9.27,340379000,0,綠轉紅,是,是,176.7,178.45,177.6,183.02,-1.9423,-0.3351,-0.4624
6925,意藍,2026-08-05,53.0,0.7,1.34,30139000,0,綠縮,否,否,51.68,53.56,56.35,61.61,-6.7821,-5.4712,-4.4105
6929,佑全,2026-08-05,23.4,-0.35,-1.47,7033000,0,紅增,否,否,22.81,22.82,23.02,23.74,-0.0438,-0.175,-1.2229
6945,圓祥生技,2026-08-05,97.4,2.6,2.74,255402000,0,綠轉紅,否,否,91.24,94.44,100.38,125.8,-6.5547,-10.1598,-1.8001
6953,家碩,2026-08-05,215.0,4.0,1.9,43123000,0,綠縮,否,否,205.5,212.7,222.28,241.72,-6.5484,-4.9385,-2.9049
6961,旅天下,2026-08-05,51.1,0.1,0.2,21535000,0,紅轉綠,否,否,51.88,52.33,53.12,56.67,-1.7052,-1.7462,-1.4927
6967,汎瑋材料,2026-08-05,70.0,1.3,1.89,36518000,0,綠縮,否,否,69.14,72.73,72.39,73.2,-9.4078,-1.915,-0.7812
6968,萬達寵物,2026-08-05,43.45,0.0,0.0,53153000,0,綠增,否,是,43.31,43.62,43.27,43.27,-1.3889,0.2759,0.1969
6971,惠民實業,2026-08-05,25.6,-0.05,-0.19,19320000,0,綠增,否,否,25.99,26.62,27.05,27.49,-4.6588,-2.1499,-1.8503
6982,大井泵浦,2026-08-05,48.75,0.85,1.77,42572000,0,綠縮,否,否,47.98,48.98,50.94,53.84,-3.9824,-3.9235,-4.0947
6983,華洋精機,2026-08-05,311.0,12.5,4.19,48067000,0,綠縮,否,否,301.7,315.7,334.93,375.62,-8.4926,-7.1061,-4.2661
6986,和迅,2026-08-05,43.65,-0.05,-0.11,97000000,0,紅增,否,否,44.12,44.42,45.89,55.33,-1.3196,-3.288,-4.8419
6996,力領科技,2026-08-05,180.0,5.0,2.86,154730000,0,綠縮,是,否,172.1,172.6,183.03,186.9,-0.5777,-5.2429,-3.0973
6997,博弘,2026-08-05,73.0,,,13125000,0,綠縮,是,否,71.74,72.5,72.54,73.95,-2.0748,-0.3847,-1.487
700022,華星光統一5C購01,2026-08-05,2.84,0.4,16.39,144000000,0,綠轉紅,否,,2.11,2.07,2.37,,4.0474,-10.5969,-10.9715
700023,新應材統一5B購02,2026-08-05,0.17,0.01,6.25,7000000,0,紅增,否,,0.12,0.13,0.18,,-16.4384,-22.093,-20.4846
700024,新應材統一64購02,2026-08-05,0.27,0.02,8.0,131000000,0,綠縮,否,,0.23,0.26,0.3,,-18.75,-16.0772,-11.0294
700025,雙鴻統一5B購01,2026-08-05,0.24,0.03,14.29,75000000,0,綠轉紅,是,,0.18,0.18,0.26,,-7.3684,-15.6682,-25.107
700028,雙鴻中信59購01,2026-08-05,0.85,0.12,16.44,2000000,0,,是,,0.85,0.83,,,3.423,,
700043,新應材永豐59購01,2026-08-05,0.1,0.08,400.0,1000000,0,,否,,0.17,0.2,0.37,,-30.5785,-40.0585,
700047,宏捷科凱基59購01,2026-08-05,0.25,0.11,78.57,1000000,0,綠轉紅,否,,0.18,0.25,0.64,,-43.8272,-55.1418,-32.3142
700074,驊訊元富5A購01,2026-08-05,0.08,0.01,14.29,8000000,0,,否,,0.26,0.5,,,-64.69,-55.3381,
700103,中光電元大5A購01,2026-08-05,0.13,0.1,333.33,2000000,0,綠縮,是,,0.11,0.14,0.15,,-36.4706,-27.9793,5.8824
700113,雙鴻元大5A購01,2026-08-05,0.49,-0.06,-10.91,22000000,0,綠縮,是,,0.38,0.39,0.63,,-7.8049,-20.5645,-26.612
700126,威剛國票61購01,2026-08-05,9.55,0.2,2.14,1000000,0,,是,,9.13,9.56,,,-8.517,,
700155,中光電元大5A購02,2026-08-05,0.15,-0.02,-11.76,171000000,0,綠增,是,,0.17,0.2,0.21,,-29.0598,-21.5686,10.0796
700173,雙鴻元大5A購02,2026-08-05,0.74,-0.07,-8.64,5000000,0,綠縮,否,,0.7,0.75,1.55,,-11.5869,-49.2881,-27.3496
700176,中光電群益5A購01,2026-08-05,0.19,0.12,171.43,1000000,0,,是,,0.28,0.22,,,69.5122,,
700185,中光電統一59購04,2026-08-05,0.04,0.02,100.0,1000000,0,,否,,0.03,0.04,,,-30.4348,-53.5714,
700186,中光電統一6A購01,2026-08-05,0.24,0.06,33.33,134000000,0,綠縮,否,,0.17,0.2,0.26,,-24.3243,-33.8983,-2.2263
700188,中美晶統一5A購02,2026-08-05,1.27,-0.13,-9.29,2000000,0,綠增,否,,1.47,2.45,2.15,,-57.1429,-14.901,0.0466
700190,昇達科統一65購01,2026-08-05,4.13,0.46,12.53,68000000,0,綠縮,否,,3.33,3.79,4.19,,-21.5631,-13.6674,-9.5002
700192,朋程統一6A購01,2026-08-05,0.43,0.03,7.5,615000000,0,綠縮,否,,0.39,0.45,0.59,,-23.1373,-27.7244,-16.1107
700194,長聖統一61購01,2026-08-05,0.22,0.01,4.76,5000000,0,,否,,0.22,0.28,0.28,,-34.3195,-11.9497,-2.2727
700197,晶宏統一5A購01,2026-08-05,0.64,0.08,14.29,98000000,0,,是,,0.64,0.77,0.82,,-29.8901,-10.6236,
700198,智冠統一5C購01,2026-08-05,0.2,-0.01,-4.76,337000000,0,綠增,是,,0.22,0.25,0.28,,-21.2766,-15.1515,-8.1433
700199,華景電統一61購01,2026-08-05,1.0,0.19,23.46,1000000,0,,否,,0.94,1.29,1.44,,-42.0859,-20.5065,
700201,萬潤統一6A購01,2026-08-05,2.81,-0.07,-2.43,28000000,0,綠縮,是,,2.5,2.51,2.74,,-0.9524,-7.6583,-5.071
700204,雙鴻統一5A購01,2026-08-05,0.23,0.03,15.0,30000000,0,綠轉紅,否,,0.21,0.19,0.32,,19.7674,-27.8626,-22.6044
700205,雙鴻統一61購01,2026-08-05,0.42,0.04,10.53,7000000,0,綠縮,否,,0.37,0.38,0.43,,-3.125,-8.2524,-10.8559
700207,雙鴻統一6A購01,2026-08-05,0.59,0.14,31.11,2000000,0,紅增,否,,0.47,0.45,0.5,,8.2949,-2.7957,-8.4715
700208,騰雲統一6A購01,2026-08-05,0.86,0.06,7.5,7000000,0,綠縮,否,,0.83,0.88,0.83,,-10.5603,-0.678,-1.4846
700228,系微元大59購02,2026-08-05,0.18,0.03,20.0,1000000,0,綠縮,否,,0.22,0.43,0.54,,-65.1899,-38.5281,-14.5933
700258,大綜統一6A購01,2026-08-05,0.84,0.13,18.31,338000000,0,綠縮,是,,0.68,0.65,0.87,,9.0032,-15.2542,-11.7915
700261,宜鼎統一6A購01,2026-08-05,5.05,0.22,4.55,4000000,0,綠轉紅,否,,4.27,4.31,4.97,,-1.7948,-11.4333,-11.6161
700267,建榮統一6A購01,2026-08-05,0.88,0.11,14.29,10000000,0,,否,,0.8,1.0,,,-32.8859,,
700271,新鉅科統一6A購01,2026-08-05,0.26,0.0,0.0,105000000,0,,是,,0.25,0.32,0.37,,-33.6842,-23.4867,
700330,旺矽凱基5A購01,2026-08-05,15.2,-3.9,-20.42,10000000,0,,是,,,,,,,,
700343,中光電統一6A購02,2026-08-05,0.28,0.04,16.67,50000000,0,,是,,0.21,0.27,,,-33.75,-16.3522,
700345,立碁統一6A購01,2026-08-05,0.5,-0.04,-7.41,319000000,0,,是,,0.45,0.4,,,25.1397,5.2219,
700350,茂達統一61購01,2026-08-05,0.78,0.12,18.18,41000000,0,,是,,0.83,0.88,1.13,,-10.1512,-29.4543,
700354,聖暉*統一6A購01,2026-08-05,0.66,0.03,4.76,371000000,0,綠縮,是,,0.72,0.81,0.98,,-19.9115,-21.58,-7.0755
700356,擎亞統一6A購01,2026-08-05,2.8,0.09,3.32,5000000,0,,是,,3.83,,,,,,
700357,聰泰統一6A購01,2026-08-05,0.3,0.01,3.45,2000000,0,綠縮,否,,0.27,0.29,0.35,,-14.1936,-18.6441,-11.9647
700360,鑫聯統一5A購02,2026-08-05,1.55,0.25,19.23,1000000,0,,是,,,,,,,,
700385,中光電元富5A購01,2026-08-05,0.1,0.02,25.0,202000000,0,,是,,0.11,0.24,0.18,,-69.1892,-5.4688,
700415,建榮統一6A購02,2026-08-05,0.7,0.09,14.75,721000000,0,綠縮,是,,0.53,0.59,0.81,,-19.0184,-25.8794,-13.8904
700416,高技統一5A購01,2026-08-05,0.02,0.0,0.0,115000000,0,綠縮,否,,0.04,0.12,0.23,,-77.8947,-55.7252,-31.7293
700417,聰泰統一6A購02,2026-08-05,0.35,0.01,2.94,368000000,0,綠縮,否,,0.32,0.34,0.41,,-8.9888,-16.8704,-13.0526
700469,中光電凱基59購01,2026-08-05,0.14,-0.06,-30.0,1014000000,0,,是,,0.29,0.26,,,25.8621,,
700595,華星光元大59購01,2026-08-05,3.5,0.0,0.0,6000000,0,,否,,4.59,,,,,,
700638,原相元大5A購02,2026-08-05,0.33,0.04,13.79,2000000,0,綠縮,否,,0.19,0.21,0.39,,-17.5439,-45.4068,-18.468
700670,中光電統一6A購03,2026-08-05,0.23,-0.01,-4.17,84000000,0,綠縮,否,,0.17,0.21,0.26,,-29.5082,-26.2411,1.3699
700672,旺矽統一5A購01,2026-08-05,8.05,0.65,8.78,3000000,0,,是,,8.96,8.93,,,0.6742,,
700673,信昌電統一6A購01,2026-08-05,3.08,0.22,7.69,21000000,0,,是,,3.61,5.03,5.18,,-44.031,-20.2347,
700675,高技統一5A購02,2026-08-05,0.03,-0.07,-70.0,15000000,0,,否,,0.14,0.26,0.39,,-60.6557,-39.8585,-25.0
700676,高技統一6A購01,2026-08-05,0.13,0.01,8.33,228000000,0,綠縮,是,,0.16,0.18,0.28,,-24.0385,-32.4723,-19.8551
700678,智通*統一6A購01,2026-08-05,0.46,0.03,6.98,468000000,0,,是,,0.58,0.6,0.56,,-5.8632,2.5818,
700682,萬潤統一6A購02,2026-08-05,3.33,0.21,6.73,37000000,0,紅增,是,,3.28,3.19,3.26,,5.4662,4.4801,0.1537
700683,雍智統一6A購01,2026-08-05,4.2,0.2,5.0,6000000,0,,否,,5.66,6.12,5.72,,-13.8508,2.0017,
700684,雍智統一6A購02,2026-08-05,3.62,0.46,14.56,7000000,0,綠縮,否,,3.09,3.45,4.79,,-19.0676,-29.9249,-10.8764
700687,緯軟統一6A購01,2026-08-05,0.47,0.0,0.0,71000000,0,綠縮,否,,0.44,0.44,0.47,,-1.7937,-3.0702,-6.6534
700688,營邦統一6A購01,2026-08-05,1.84,-0.04,-2.13,21000000,0,綠縮,否,,1.66,1.86,2.1,,-19.2607,-15.8515,-6.0836
700706,中光電統一5A購01,2026-08-05,0.12,-0.07,-36.84,80000000,0,,否,,0.14,0.18,,,-41.8803,-16.2896,
700709,神盾統一5C購02,2026-08-05,0.18,0.09,100.0,5000000,0,綠縮,否,,0.11,0.15,0.22,,-48.0392,-35.6846,-11.976
700710,智通*統一6A購02,2026-08-05,0.45,0.01,2.27,324000000,0,綠增,是,,0.54,0.59,0.59,,-17.4847,-4.9521,1.9913
700711,華星光統一6A購01,2026-08-05,3.99,0.25,6.68,144000000,0,紅增,是,,3.56,3.35,3.44,,13.1043,0.4197,-3.2448
700712,聖暉*統一6A購02,2026-08-05,0.49,0.02,4.26,32000000,0,綠縮,否,,0.48,0.56,0.65,,-24.1379,-17.2566,-7.758
700737,鴻呈國票59購01,2026-08-05,0.03,-0.01,-25.0,499000000,0,,是,,0.04,0.06,0.11,,-45.9459,-48.1818,-36.7688
700754,台半統一5C購02,2026-08-05,0.95,0.07,7.95,3000000,0,,是,,1.91,2.05,1.77,,-12.6941,21.9382,
700756,威剛統一5C購03,2026-08-05,2.52,0.14,5.88,15000000,0,紅增,否,,2.38,2.2,2.38,,17.5716,-2.7361,-3.9686
700757,竑騰統一5C購01,2026-08-05,4.13,0.33,8.68,1000000,0,綠縮,否,,3.88,4.15,4.14,,-11.9328,-2.4706,-5.6352
700810,山富統一5C購01,2026-08-05,0.06,-0.03,-33.33,100000000,0,,是,,0.12,,,,,,
700843,世界統一5C購01,2026-08-05,0.62,0.01,1.64,18000000,0,綠縮,否,,0.7,0.77,0.92,,-15.625,-14.4928,-8.1297
700844,立敦統一5C購01,2026-08-05,0.85,0.05,6.25,2000000,0,,否,,1.29,1.61,1.67,,-33.2988,-12.2817,-3.4213
700845,臺慶科統一5C購01,2026-08-05,0.56,0.05,9.8,15000000,0,綠縮,否,,0.57,0.73,1.13,,-35.9375,-36.5285,-17.3168
700875,良維元大5A購02,2026-08-05,1.3,0.07,5.69,3000000,0,,是,,2.27,3.01,,,-39.381,,
700898,力旺統一5A購01,2026-08-05,0.25,0.04,19.05,473000000,0,綠縮,是,,0.15,0.16,0.41,,-3.75,-51.9878,-21.9811
700899,力旺統一6A購01,2026-08-05,0.59,0.04,7.27,459000000,0,綠轉紅,否,,0.48,0.5,0.63,,-8.8123,-13.6678,-20.625
700900,台半統一5C購03,2026-08-05,0.4,-0.15,-27.27,147000000,0,綠縮,是,,0.32,0.43,0.78,,-40.9594,-51.2994,-19.3498
700901,尼克森統一5C購01,2026-08-05,0.5,0.03,6.38,30000000,0,綠增,是,,0.68,0.98,1.01,,-46.9579,-18.25,-2.9708
700904,波若威統一6A購01,2026-08-05,4.02,0.52,14.86,116000000,0,綠轉紅,否,,3.04,3.02,3.61,,1.4009,-11.2842,-14.7531
700920,波若威永豐5A購01,2026-08-05,25.0,3.8,17.92,1000000,0,,是,,20.7,21.32,27.01,,-5.6518,-15.4639,
701097,營邦元大5A購01,2026-08-05,0.76,0.03,4.11,6000000,0,綠轉紅,是,,0.77,0.78,0.91,,-1.7767,-18.815,-18.2511
701273,撼訊凱基5B購01,2026-08-05,0.33,0.02,6.45,30000000,0,,否,,0.62,,,,,,
701279,雙鴻國票5B購01,2026-08-05,0.15,0.02,15.38,525000000,0,綠轉紅,否,,0.12,0.12,0.21,,-13.4328,-24.6988,-28.8851
701298,三聯群益59購01,2026-08-05,0.16,0.05,45.45,1000000,0,綠縮,是,,0.17,0.27,0.35,,-51.9337,-31.1054,-22.6374
701311,雙鴻群益5B購01,2026-08-05,0.15,0.02,15.38,29000000,0,,否,,0.14,0.28,,,-65.8654,-41.2632,
701374,台燿元大5B購01,2026-08-05,8.1,1.15,16.55,28000000,0,,是,,8.58,,,,,,
701388,中光電凱基5A購01,2026-08-05,0.25,0.15,150.0,1000000,0,綠縮,否,,0.18,0.23,0.26,,-36.3636,-32.5648,5.567
701398,譜瑞凱基59購02,2026-08-05,0.64,0.2,45.45,459000000,0,,是,,0.74,1.22,,,-56.7916,-30.6296,
701400,台燿元大5B購02,2026-08-05,8.35,1.15,15.97,1000000,0,,是,,6.91,7.89,9.18,,-22.097,-16.0192,
701403,神盾元大5B購01,2026-08-05,0.12,0.02,20.0,5000000,0,,是,,0.17,0.23,0.27,,-41.3793,-18.1495,
701412,宏捷科國票59購01,2026-08-05,6.85,-0.95,-12.18,1000000,0,紅縮,否,,7.06,6.02,3.6,,41.5397,90.5726,74.7634
701422,中光電兆豐5B購01,2026-08-05,0.58,0.19,48.72,6000000,0,綠縮,否,,0.29,0.3,0.52,,-11.7284,-51.1218,2.4728
701431,台燿統一5B購02,2026-08-05,9.55,1.3,15.76,1000000,0,,是,,7.71,9.23,10.3,,-28.3457,-16.614,
701434,良維統一6B購01,2026-08-05,0.57,0.0,0.0,15000000,0,,是,,0.6,0.68,0.9,,-19.8939,-27.9193,-18.1735
701438,威剛統一6B購01,2026-08-05,2.13,0.01,0.47,155000000,0,紅增,否,,2.06,1.99,2.18,,7.9581,-4.8851,-5.4159
701440,華星光統一5B購04,2026-08-05,3.36,0.66,24.44,14000000,0,,是,,2.36,2.12,2.83,,24.7881,-9.355,
701442,雙鴻統一6B購01,2026-08-05,0.35,-0.04,-10.26,19000000,0,紅縮,否,,0.37,0.32,0.33,,36.2963,9.2466,-1.5083
701447,威剛永豐58購01,2026-08-05,18.4,1.4,8.24,4000000,0,,是,,17.46,,,,,,
701460,神盾凱基5B購01,2026-08-05,0.22,0.04,22.22,2000000,0,綠縮,是,,0.24,0.29,0.44,,-29.0698,-35.2423,-13.3398
701471,台燿統一65購01,2026-08-05,4.66,0.46,10.95,3000000,0,,是,,4.87,5.44,5.54,,-18.9351,-7.8577,-4.1057
701472,雙鴻統一61購03,2026-08-05,0.21,0.1,90.91,1000000,0,,是,,0.13,0.17,0.24,,-34.0,-35.6589,-27.3426
701475,台燿元大58購02,2026-08-05,9.2,1.2,15.0,17000000,0,綠縮,是,,7.77,9.19,10.05,,-26.8362,-18.0481,-8.5285
701500,雙鴻中信5B購01,2026-08-05,0.3,0.18,150.0,2000000,0,,是,,0.28,0.3,0.3,,-12.0253,-6.8966,-11.936
701525,台燿元大58購03,2026-08-05,16.3,2.2,15.6,2000000,0,,是,,16.12,18.46,,,-22.5,,
701571,擎亞元大5B購02,2026-08-05,2.59,0.48,22.75,2000000,0,綠縮,否,,2.59,3.25,3.19,,-33.5897,-12.0596,-0.8711
701592,竹陞統一6B購01,2026-08-05,0.97,0.07,7.78,6000000,0,綠縮,否,,0.8,1.01,1.07,,-34.647,-14.1517,-8.9521
701615,威剛元大5B購03,2026-08-05,3.3,0.2,6.45,1000000,0,,否,,3.16,3.53,,,-19.0159,-8.9009,
701623,元太統一5B購01,2026-08-05,0.5,0.02,4.17,103000000,0,綠轉紅,否,,0.36,0.37,0.49,,-5.2632,-15.7175,-8.4507
701624,竹陞統一5C購03,2026-08-05,0.96,-0.06,-5.88,1000000,0,,否,,1.18,1.31,,,-17.8522,,
701625,竹陞統一6B購03,2026-08-05,0.85,0.02,2.41,7000000,0,綠縮,否,,0.7,0.86,0.97,,-32.0313,-13.3065,-10.2825
701631,威剛元富58購01,2026-08-05,3.76,0.43,12.91,6000000,0,,否,,3.27,3.37,4.3,,-6.038,-20.3542,
701636,中光電凱基58購02,2026-08-05,0.01,0.0,0.0,1627000000,0,,是,,0.12,0.21,0.15,,-60.7843,2.8986,
701667,雙鴻群益5B購02,2026-08-05,0.16,0.0,0.0,195000000,0,,是,,0.17,0.33,,,-66.8,,
701677,台燿永豐58購01,2026-08-05,43.2,6.5,17.71,3000000,0,,,,,,,,,,
701692,台燿統一6B購01,2026-08-05,3.85,0.52,15.62,1000000,0,,是,,6.16,6.1,5.18,,1.9868,19.9843,
701693,系統電統一5C購01,2026-08-05,0.25,0.02,8.7,100000000,0,,是,,0.42,0.51,0.63,,-28.3784,-20.8723,-14.966
701694,系統電統一6B購01,2026-08-05,0.37,0.02,5.71,21000000,0,綠縮,否,,0.34,0.42,0.5,,-31.8548,-19.9616,-13.9812
701696,宜鼎統一5A購01,2026-08-05,3.94,0.29,7.95,1000000,0,,否,,5.81,5.94,,,-4.3163,,
701697,宜鼎統一5C購04,2026-08-05,3.42,0.49,16.72,3000000,0,,否,,2.71,2.82,4.47,,-7.6398,-42.1657,
701698,宜鼎統一6B購01,2026-08-05,2.61,0.32,13.97,3000000,0,綠縮,否,,2.39,2.53,3.1,,-10.1351,-19.8669,-9.338
701699,訊聯統一6B購01,2026-08-05,0.17,0.01,6.25,2000000,0,,是,,0.17,0.21,,,-31.4961,-14.4,
701720,系統電永豐5A購01,2026-08-05,0.27,0.12,80.0,5000000,0,,否,,0.63,0.91,1.66,,-47.4037,-39.9077,
701741,建榮凱基58購01,2026-08-05,0.26,0.12,85.71,1000000,0,綠增,否,,0.62,1.15,1.6,,-63.0952,-39.0567,-16.9527
701752,威剛元大58購03,2026-08-05,2.59,0.2,8.37,2000000,0,,是,,2.38,2.8,,,-26.1004,,
701756,華星光元大58購02,2026-08-05,6.5,0.95,17.12,3000000,0,,,,,,,,,,
701784,建榮永豐58購01,2026-08-05,0.02,-0.08,-80.0,30000000,0,綠縮,是,,0.19,0.56,1.19,,-79.3991,-57.0992,-24.2848
701804,巨有統一6B購01,2026-08-05,0.4,0.01,2.56,502000000,0,綠縮,否,,0.36,0.39,0.54,,-14.0097,-23.4592,-19.6697
701806,濱川統一6B購01,2026-08-05,0.25,0.03,13.64,150000000,0,,是,,0.26,0.28,0.32,,-16.2338,-12.3839,-10.3841
701828,威剛兆豐5B購01,2026-08-05,5.3,0.05,0.95,1000000,0,,否,,5.62,5.81,,,-6.3645,,
701853,巨有統一6B購02,2026-08-05,0.51,0.01,2.0,50000000,0,綠縮,否,,0.47,0.5,0.7,,-11.9403,-24.4378,-11.9749
701855,威剛中信5B購01,2026-08-05,2.74,0.2,7.87,1000000,0,,否,,2.37,2.58,,,-15.1862,-12.7494,
701908,信立凱基5B購01,2026-08-05,0.14,0.01,7.69,2000000,0,,否,,0.14,0.14,,,-6.8493,,
701920,光頡永豐58購01,2026-08-05,0.58,0.13,28.89,50000000,0,,否,,9.2,9.36,,,-3.4034,,
701971,臺慶科凱基59購01,2026-08-05,2.69,0.25,10.25,73000000,0,,是,,2.09,2.7,5.95,,-36.9723,-57.8841,
702016,華星光元大58購04,2026-08-05,5.15,1.08,26.54,25000000,0,,是,,3.06,4.71,,,-51.7795,,
702028,昇達科中信5A購01,2026-08-05,6.4,1.25,24.27,1000000,0,,是,,6.53,,,,,,
702161,精測中信5A購01,2026-08-05,2.21,-0.01,-0.45,153000000,0,,是,,1.51,1.93,3.08,,-35.7204,-37.3741,
702222,立碁元大5A購01,2026-08-05,0.15,0.03,25.0,20000000,0,,是,,0.08,0.07,0.12,,8.5714,-22.3404,
702281,精測元大5C購01,2026-08-05,2.26,0.55,32.16,1000000,0,,是,,1.16,1.21,2.03,,-8.9764,-34.3259,
702306,竑騰國票59購01,2026-08-05,11.5,1.2,11.65,1000000,0,,是,,8.18,8.36,,,-4.2155,-20.5323,
702331,昇達科群益5C購01,2026-08-05,12.6,2.4,23.53,1000000,0,,否,,9.25,11.04,,,-27.9595,-16.5785,
702341,中美晶群益58購01,2026-08-05,5.35,-0.3,-5.31,11000000,0,,是,,8.11,,,,,,
702342,竹陞群益58購01,2026-08-05,0.18,-0.2,-52.63,90000000,0,,是,,1.81,,,,,,
702344,湧德群益58購01,2026-08-05,0.02,-0.01,-33.33,50000000,0,,是,,0.67,0.87,1.36,,-37.2439,-25.0429,
702352,華電網國票5C購01,2026-08-05,0.4,0.06,17.65,200000000,0,,是,,0.36,0.71,,,-65.9134,,
702496,昇達科元大58購01,2026-08-05,5.45,1.49,37.63,26000000,0,紅增,是,,4.77,5.06,6.05,,-10.7076,-9.7304,-27.049
702560,昇達科中信5C購01,2026-08-05,4.98,0.58,13.18,34000000,0,紅增,是,,3.77,3.8,4.18,,-1.6693,-2.5128,-12.8753
702568,中光電凱基58購03,2026-08-05,0.11,0.02,22.22,919000000,0,,是,,0.69,0.56,,,63.981,,
702576,富喬凱基5A購01,2026-08-05,3.0,2.0,200.0,1000000,0,,否,,1.94,2.49,,,-36.1239,,
702577,順達凱基59購01,2026-08-05,1.43,0.03,2.14,10000000,0,,是,,5.26,,,,,,
702592,富喬國票5C購01,2026-08-05,1.16,0.15,14.85,152000000,0,綠縮,否,,0.66,0.92,1.58,,-43.2479,-41.5551,-21.6518
702593,富喬國票62購01,2026-08-05,1.2,0.14,13.21,151000000,0,綠縮,否,,0.72,0.91,1.56,,-34.9005,-40.5599,-19.2982
702598,FH中5G元大58購01,2026-08-05,1.6,0.43,36.75,2000000,0,,否,,4.13,7.36,,,-61.0009,,
702607,旺矽元大59購02,2026-08-05,5.7,0.5,9.62,1000000,0,,否,,4.89,5.99,,,-31.1831,,
702611,高技元大5C購01,2026-08-05,0.16,0.02,14.29,2000000,0,綠縮,否,,0.14,0.19,0.41,,-43.5484,-59.2437,-29.7366
702615,順達元大58購01,2026-08-05,0.14,-0.46,-76.67,30000000,0,紅轉綠,是,,2.07,2.13,2.28,,-5.9145,-5.8278,-6.7117
702627,富喬富邦5C購01,2026-08-05,1.0,0.03,3.09,3000000,0,,否,,0.48,1.11,1.62,,-72.3183,-43.4338,
702639,IET中信5C購01,2026-08-05,4.75,0.57,13.64,6000000,0,,是,,3.81,3.88,4.01,,-3.5968,-1.8978,-12.229
702641,富喬中信5C購01,2026-08-05,0.79,0.02,2.6,1000000,0,綠轉紅,是,,0.36,0.33,0.46,,23.2877,-31.3684,-13.6961
702645,旺矽永豐59購01,2026-08-05,21.7,2.0,10.15,1000000,0,,是,,21.56,24.88,,,-23.5461,-0.916,
702649,富喬永豐59購01,2026-08-05,0.24,0.1,71.43,10000000,0,綠縮,否,,0.16,0.26,0.76,,-53.1429,-61.0606,-32.2494
702656,旺矽群益58購02,2026-08-05,8.85,1.25,16.45,2000000,0,,是,,8.84,,,,,,
702667,系統電元大5B購01,2026-08-05,0.07,-0.08,-53.33,33000000,0,綠增,否,,0.16,0.24,0.29,,-49.0566,-18.6441,-19.4093
702719,系統電元大5C購02,2026-08-05,0.17,0.01,6.25,10000000,0,綠縮,否,,0.16,0.22,0.3,,-43.662,-27.9221,-24.1071
702752,台特化統一6C購01,2026-08-05,0.25,0.07,38.89,10000000,0,綠縮,否,,0.2,0.24,0.3,,-31.4685,-24.9221,-12.5926
702753,精測統一66購01,2026-08-05,0.9,0.1,12.5,134000000,0,,是,,0.81,0.94,1.19,,-24.581,-27.8714,
702776,新應材永豐5C購01,2026-08-05,1.98,-0.04,-1.98,13000000,0,綠縮,是,,1.95,2.28,2.45,,-25.3823,-10.5016,-2.8588
702777,精測永豐59購01,2026-08-05,0.62,-0.01,-1.59,63000000,0,,是,,0.67,1.08,,,-55.4072,-42.5464,
702811,聖暉*元大5A購01,2026-08-05,1.14,0.08,7.55,175000000,0,,是,,1.45,1.65,1.43,,-21.4751,2.2996,
702813,台星科國票58購01,2026-08-05,1.14,0.09,8.57,1000000,0,,否,,1.52,1.95,,,-36.4017,-18.4057,
702814,立敦國票58購01,2026-08-05,1.86,-0.96,-34.04,5000000,0,,否,,9.6,9.19,,,9.4869,,
702828,勤凱統一5C購01,2026-08-05,0.72,0.16,28.57,1000000,0,,否,,0.86,,,,,,
702829,勤凱統一6C購01,2026-08-05,0.86,0.08,10.26,161000000,0,,是,,0.88,1.13,,,-37.069,-30.3012,
702833,高技元富5C購02,2026-08-05,0.23,0.03,15.0,1000000,0,綠縮,否,,0.39,0.93,1.38,,-73.5414,-42.9621,-27.6125
702837,雙鴻中信59購03,2026-08-05,0.4,-0.01,-2.44,30000000,0,紅增,否,,0.37,0.35,0.44,,14.0244,-14.3902,-15.6844
702842,勤凱永豐58購01,2026-08-05,1.38,0.24,21.05,70000000,0,,,,,,,,,,
702850,創惟國票59購01,2026-08-05,0.07,0.01,16.67,1000000,0,綠縮,否,,0.08,0.12,0.22,,-53.012,-46.9565,-24.1438
702883,家登元大58購01,2026-08-05,1.0,0.23,29.87,1000000,0,,否,,2.08,,,,,,
702886,高技元大5B購01,2026-08-05,0.2,0.0,0.0,40000000,0,綠縮,否,,0.29,0.64,0.87,,-70.5645,-37.4878,-23.1686
702943,力旺元富59購02,2026-08-05,4.64,0.52,12.62,2000000,0,,是,,3.64,4.8,,,-38.818,,
702968,系微凱基59購01,2026-08-05,0.66,0.16,32.0,3000000,0,,是,,2.48,3.11,3.16,,-34.0437,-0.6696,-10.8207
702969,宜鼎凱基5C購01,2026-08-05,23.4,1.1,4.93,1000000,0,,是,,22.36,,,,,,
702990,華景電元富5C購01,2026-08-05,2.07,0.25,13.74,10000000,0,,是,,1.75,2.35,3.3,,-40.5846,-35.8939,-17.1181
703001,新普永豐58購01,2026-08-05,0.94,0.11,13.25,10000000,0,,否,,1.36,2.48,2.74,,-62.0479,-27.7891,
703004,鑫科永豐5C購01,2026-08-05,1.47,0.1,7.3,10000000,0,,,,,,,,,,
703011,宜特國票5A購01,2026-08-05,1.0,0.11,12.36,90000000,0,,是,,1.84,1.89,,,-4.757,-11.6932,
703036,元太群益5B購01,2026-08-05,0.86,-0.04,-4.44,116000000,0,,是,,0.75,0.74,0.92,,1.9126,-14.4676,
703045,雙鴻中信5C購02,2026-08-05,0.75,0.09,13.64,137000000,0,,是,,0.72,0.74,,,-4.7368,-15.4897,
703075,台特化元大5A購01,2026-08-05,0.08,0.02,33.33,20000000,0,綠縮,否,,0.07,0.11,0.15,,-51.3514,-29.4872,-26.2651
703093,順達中信5B購01,2026-08-05,0.67,-0.01,-1.47,81000000,0,,是,,,,,,,,
703102,穩懋永豐5C購01,2026-08-05,8.9,1.7,23.61,2000000,0,,是,,7.31,,,,,,
703132,聖暉*元大5C購01,2026-08-05,2.13,0.15,7.58,206000000,0,,是,,2.47,2.7,,,-15.6889,12.5833,
703136,博智統一5C購01,2026-08-05,0.86,-0.01,-1.15,196000000,0,,是,,0.81,,,,,,
703147,撼訊永豐58購01,2026-08-05,0.14,-0.01,-6.67,47000000,0,,是,,0.61,0.98,,,-55.2283,-41.2784,
703149,中光電群益5A購02,2026-08-05,0.4,0.18,81.82,10000000,0,,否,,0.69,0.72,,,-8.5333,,
703181,元太凱基59購01,2026-08-05,0.8,0.18,29.03,50000000,0,,是,,0.53,0.57,1.08,,-14.2857,-40.6639,
703197,M31富邦58購02,2026-08-05,0.63,0.08,14.55,13000000,0,,是,,0.59,0.74,,,-33.4831,,
703221,台燿永豐58購02,2026-08-05,51.5,8.9,20.89,2000000,0,,是,,58.42,,,,,,
703224,新應材永豐59購02,2026-08-05,0.3,0.04,15.38,10000000,0,,是,,0.4,0.58,,,-47.644,-30.2158,
703263,朋億*永豐58購01,2026-08-05,3.15,0.87,38.16,50000000,0,,是,,3.38,,,,,,
703267,騰雲永豐58購01,2026-08-05,0.59,0.04,7.27,12000000,0,,否,,0.81,0.85,0.83,,-8.9686,12.253,-3.7616
703295,信驊群益5B購02,2026-08-05,6.65,0.05,0.76,16000000,0,,是,,5.56,5.17,,,16.6457,-18.1141,
703296,威剛群益5B購01,2026-08-05,2.81,-0.09,-3.1,167000000,0,紅增,是,,2.74,2.63,2.94,,8.7232,-8.484,-7.2027
703307,威剛元大59購05,2026-08-05,1.64,-0.01,-0.61,23000000,0,綠縮,是,,1.72,1.73,2.23,,-1.1481,-18.1087,-6.7825
703320,鈊象中信61購01,2026-08-05,0.29,0.02,7.41,150000000,0,綠縮,否,,0.26,0.28,0.36,,-9.589,-26.6491,-8.7675
703321,伍豐永豐59購01,2026-08-05,0.23,0.04,21.05,4000000,0,綠增,否,,0.39,0.63,0.84,,-55.5809,-25.0591,-25.8651
703339,台燿富邦61購01,2026-08-05,9.15,1.55,20.39,1000000,0,,否,,10.39,,,,,,
703341,新應材富邦61購01,2026-08-05,0.88,0.0,0.0,5000000,0,,是,,0.83,0.89,,,-13.75,-23.9149,
703343,台星科凱基59購01,2026-08-05,1.99,0.28,16.37,83000000,0,,是,,2.3,3.11,,,-41.044,-23.3843,
703368,威剛國票59購02,2026-08-05,3.45,-0.02,-0.58,18000000,0,紅增,否,,3.43,3.08,4.0,,25.2924,-16.972,-13.8593
703371,富喬國票5B購01,2026-08-05,0.32,0.1,45.45,4000000,0,綠縮,否,,0.23,0.34,0.7,,-47.2973,-55.0993,-19.0805
703372,富喬國票61購01,2026-08-05,0.78,0.15,23.81,2000000,0,,是,,0.89,1.56,,,-60.4464,-33.3191,
703380,富喬群益5B購01,2026-08-05,0.11,0.01,10.0,14000000,0,,是,,0.39,,,,,,
703389,富喬統一65購01,2026-08-05,0.28,0.02,7.69,9000000,0,綠縮,否,,0.18,0.21,0.3,,-25.0,-29.5302,-16.9168
703396,信驊元富5A購02,2026-08-05,6.0,0.2,3.45,1000000,0,,是,,5.1,5.13,,,-1.1249,-15.4379,
703418,富喬元大5B購01,2026-08-05,0.27,0.13,92.86,7000000,0,綠縮,否,,0.18,0.25,0.41,,-42.9487,-43.9359,-14.1519
703419,富喬元大5C購01,2026-08-05,0.35,0.09,34.62,387000000,0,綠縮,是,,0.23,0.31,0.51,,-43.0,-41.3084,-20.7004
703420,富喬元大61購02,2026-08-05,0.39,0.06,18.18,100000000,0,綠縮,是,,0.29,0.32,0.53,,-15.1163,-42.9084,-14.7819
703436,台特化兆豐59購01,2026-08-05,0.01,0.0,0.0,20000000,0,綠縮,是,,0.02,0.02,0.07,,-40.0,-42.8571,-33.6449
703441,晟田國票59購01,2026-08-05,3.57,0.57,19.0,14000000,0,綠增,否,,4.11,4.74,3.45,,-23.5097,13.4068,26.4884
703443,安碁元富61購01,2026-08-05,1.4,0.08,6.06,5000000,0,,否,,1.64,1.76,1.99,,-12.766,-10.7505,
703459,鏵友益永豐5B購01,2026-08-05,1.79,-0.1,-5.29,7000000,0,,是,,1.96,2.25,2.82,,-22.8707,-14.5683,
703463,台特化統一62購01,2026-08-05,0.13,0.02,18.18,10000000,0,綠縮,否,,0.14,0.21,0.26,,-50.3496,-26.4605,-18.3254
703464,台特化統一63購01,2026-08-05,0.11,0.01,10.0,12000000,0,,是,,0.1,0.13,0.19,,-40.2439,-26.8156,
703465,台特化統一71購01,2026-08-05,0.29,0.03,11.54,257000000,0,綠縮,是,,0.26,0.29,0.36,,-20.9877,-23.8845,-12.3636
703468,宏捷科統一71購01,2026-08-05,0.58,0.05,9.43,258000000,0,綠縮,否,,0.5,0.53,0.63,,-12.3239,-14.992,-13.1959
703472,欣銓統一65購01,2026-08-05,1.07,0.08,8.08,3000000,0,,是,,1.2,1.32,,,-16.5049,-5.8363,
703475,茂迪統一65購01,2026-08-05,0.46,0.06,15.0,21000000,0,綠縮,否,,0.39,0.46,0.55,,-25.9398,-17.6157,-16.5902
703477,雙鴻統一61購04,2026-08-05,0.22,0.01,4.76,2000000,0,紅增,否,,0.21,0.21,0.25,,-2.8037,-6.6372,-13.4851
703478,穩得統一65購01,2026-08-05,0.43,0.04,10.26,153000000,0,,否,,0.59,0.63,0.74,,-14.0762,-15.8035,-9.4132
703479,穩懋統一5B購02,2026-08-05,2.88,0.63,28.0,1000000,0,,否,,4.55,5.11,,,-19.7178,,
703480,穩懋統一5C購01,2026-08-05,4.61,0.61,15.25,1000000,0,,否,,5.08,,,,,,
703483,穩懋統一6C購01,2026-08-05,1.97,0.37,23.12,5000000,0,綠縮,否,,1.48,1.63,1.97,,-16.3472,-19.2765,-18.0853
703500,欣銓群益59購02,2026-08-05,2.89,0.31,12.02,2000000,0,,否,,6.26,,,,,,
703522,矽科富邦59購01,2026-08-05,0.04,-0.02,-33.33,90000000,0,綠增,是,,0.14,0.23,0.44,,-56.1728,-44.6556,-17.4884
703523,能率亞富邦59購01,2026-08-05,0.89,0.17,23.61,15000000,0,,是,,0.76,0.91,0.96,,-28.9474,-11.2195,
703534,欣銓元大59購01,2026-08-05,1.97,0.36,22.36,3000000,0,,否,,2.41,3.14,,,-37.842,-12.1399,
703581,臺慶科凱基5C購01,2026-08-05,2.91,0.39,15.48,6000000,0,綠縮,否,,2.22,2.68,5.04,,-29.2621,-40.236,-28.9878
703589,佶優元富5A購01,2026-08-05,0.29,0.1,52.63,1000000,0,綠縮,否,,0.37,0.42,0.58,,-21.9409,-20.9738,-19.5172
703604,欣銓國票61購01,2026-08-05,2.48,0.35,16.43,3000000,0,,否,,3.06,3.38,,,-17.3326,-2.8711,
703615,宜鼎統一61購01,2026-08-05,4.06,0.28,7.41,1000000,0,,否,,,,,,,,
703618,長科*統一64購01,2026-08-05,1.38,0.09,6.98,33000000,0,綠縮,是,,1.04,1.18,1.58,,-21.6867,-26.1845,-13.3772
703619,家登統一6C購01,2026-08-05,0.63,0.06,10.53,69000000,0,綠縮,否,,0.56,0.66,0.8,,-26.7717,-19.6102,-11.1111
703622,台星科凱基59購02,2026-08-05,1.13,0.27,31.4,73000000,0,,是,,1.42,2.17,2.87,,-51.3384,-31.3253,
703630,聖暉*凱基59購01,2026-08-05,1.92,0.45,30.61,3000000,0,綠增,否,,3.64,5.04,5.13,,-43.3769,-18.4688,3.1231
703632,穩懋凱基5C購01,2026-08-05,7.65,1.35,21.43,16000000,0,,否,,6.81,7.65,10.07,,-19.6934,-24.5683,
703637,台星科兆豐59購01,2026-08-05,1.53,0.1,6.99,1000000,0,,否,,2.24,,,,,,
703640,弘塑國票58購02,2026-08-05,0.11,-0.56,-83.58,5000000,0,,是,,,,,,,,
703641,宜鼎國票58購01,2026-08-05,26.9,2.5,10.25,1000000,0,,否,,23.92,36.01,,,-50.2703,-23.3504,
703642,匯鑽科國票59購01,2026-08-05,0.02,0.0,0.0,60000000,0,,否,,0.04,0.08,,,-64.2857,-36.1345,
703651,家登元大5C購02,2026-08-05,0.95,0.27,39.71,2000000,0,,否,,1.67,2.19,2.36,,-38.1375,-14.4197,
703652,湧德元大61購01,2026-08-05,0.48,0.06,14.29,279000000,0,,是,,0.4,0.47,,,-27.0073,-30.7018,
703660,聖暉*元大5C購02,2026-08-05,2.0,0.21,11.73,2000000,0,,否,,2.18,2.14,,,3.7037,16.3863,
703663,旺矽凱基59購01,2026-08-05,15.1,-5.9,-28.1,3000000,0,,否,,28.3,,,,,,
703682,家登元大5C購03,2026-08-05,1.05,0.2,23.53,3000000,0,,否,,1.35,1.71,,,-34.144,-22.2526,
703686,旺矽國票58購02,2026-08-05,33.7,3.1,10.13,1000000,0,,否,,31.36,34.25,,,-15.5627,,
703690,家登國票59購01,2026-08-05,0.37,0.13,54.17,102000000,0,綠縮,否,,0.49,0.74,1.37,,-51.1066,-50.0,-19.6256
703695,中探針群益58購01,2026-08-05,30.9,0.4,1.31,12000000,0,,,,,,,,,,
703729,聖暉*元大5A購03,2026-08-05,1.52,0.11,7.8,223000000,0,,是,,2.01,2.2,,,-15.9699,5.8682,
703740,精材群益5A購01,2026-08-05,5.15,0.55,11.96,1000000,0,,否,,7.06,6.03,,,40.9182,46.2676,
703754,原相永豐59購01,2026-08-05,0.99,0.2,25.32,18000000,0,綠縮,否,,0.91,0.88,1.6,,6.8075,-42.7922,-14.6067
703759,崴寶永豐59購01,2026-08-05,0.6,0.22,57.89,1000000,0,,否,,0.47,0.74,,,-53.4653,-41.9608,
703767,譜瑞永豐59購01,2026-08-05,0.47,0.13,38.24,2000000,0,,否,,0.66,1.45,,,-70.3936,-60.2032,
703780,精材兆豐59購01,2026-08-05,5.4,1.2,28.57,2000000,0,紅轉綠,否,,6.13,5.87,4.27,,9.4643,27.8056,28.4491
703782,譜瑞國泰58購01,2026-08-05,0.02,-0.45,-95.74,7000000,0,,否,,0.55,0.74,,,-41.1514,-66.5169,
703813,聖暉*元大5A購04,2026-08-05,1.56,0.14,9.86,313000000,0,,是,,1.66,2.63,2.35,,-53.649,-14.2624,
703824,富強鑫永豐59購01,2026-08-05,0.15,0.02,15.38,243000000,0,,是,,0.22,0.35,,,-52.9661,,
703829,世界富邦5A購01,2026-08-05,0.99,0.17,20.73,10000000,0,,,,,,,,,,
703838,順達元大5A購04,2026-08-05,2.65,0.41,18.3,144000000,0,,否,,2.89,3.78,,,-37.9665,,
703851,穩懋凱基59購02,2026-08-05,6.2,2.32,59.79,11000000,0,綠轉紅,否,,3.03,3.75,7.46,,-32.0645,-42.3343,-28.854
703854,中光電富邦59購03,2026-08-05,0.07,-0.03,-30.0,49000000,0,,是,,0.34,0.26,,,104.7619,91.0448,
703861,世界統一71購01,2026-08-05,0.8,0.04,5.26,52000000,0,綠縮,否,,0.79,0.82,0.99,,-8.8167,-16.0896,-3.6639
703863,弘塑統一61購01,2026-08-05,0.96,0.0,0.0,10000000,0,,否,,1.49,2.12,2.16,,-45.8849,-18.0798,-11.5243
703864,光頡統一61購01,2026-08-05,0.98,0.0,0.0,2000000,0,,否,,2.46,2.43,,,2.4126,15.0899,
703865,光頡統一71購01,2026-08-05,1.0,0.17,20.48,5000000,0,,否,,1.88,1.99,,,-11.0057,10.5438,
703867,金山電統一64購01,2026-08-05,1.73,0.13,8.12,40000000,0,,是,,4.02,3.71,,,18.1872,,
703873,崴寶統一71購01,2026-08-05,1.03,0.2,24.1,55000000,0,綠縮,是,,0.86,0.91,0.98,,-9.434,-10.5315,-8.9815
703874,鉅橡統一61購01,2026-08-05,0.44,0.06,15.79,21000000,0,,否,,0.47,0.64,,,-41.9753,-38.2835,
703878,精材統一71購01,2026-08-05,1.48,0.01,0.68,17000000,0,綠增,否,,1.6,1.84,1.73,,-23.6138,-4.7988,4.1591
703879,臺慶科統一71購01,2026-08-05,0.98,0.04,4.26,15000000,0,綠縮,否,,0.94,1.04,1.44,,-16.7845,-27.0232,-11.484
703880,穩懋統一61購02,2026-08-05,2.09,0.54,34.84,10000000,0,,否,,1.47,1.85,2.89,,-33.7534,-32.3691,
703882,穩懋統一71購01,2026-08-05,1.76,0.3,20.55,2000000,0,綠縮,否,,1.52,1.74,2.12,,-22.3926,-20.2479,-10.8801
703886,精材群益5C購01,2026-08-05,6.0,0.85,16.5,1000000,0,,否,,8.23,6.83,,,51.2868,57.6701,
703905,湧德永豐59購01,2026-08-05,0.05,0.01,25.0,60000000,0,,是,,0.55,0.96,,,-59.621,,
703907,漢科永豐58購01,2026-08-05,0.05,-0.01,-16.67,60000000,0,綠增,是,,0.17,0.31,0.36,,-62.9464,-29.0993,-19.308
703923,創惟國票61購01,2026-08-05,0.37,0.03,8.82,655000000,0,綠縮,是,,0.34,0.41,0.53,,-29.4606,-26.738,-15.4217
703942,聖暉*元大5B購02,2026-08-05,3.52,0.28,8.64,83000000,0,,是,,3.5,4.33,4.15,,-32.1955,-9.2511,
703950,雙鴻群益5A購03,2026-08-05,0.44,0.08,22.22,25000000,0,,是,,0.95,,,,,,
703957,宜特永豐59購01,2026-08-05,1.02,0.12,13.33,204000000,0,綠增,是,,1.6,2.48,2.91,,-52.5,-26.6647,-16.4248
703962,中美晶統一61購01,2026-08-05,1.37,-0.03,-2.14,27000000,0,綠縮,否,,1.25,1.86,1.83,,-49.4754,-21.4075,-1.7943
703963,中探針統一71購01,2026-08-05,3.98,0.39,10.86,22000000,0,綠縮,是,,3.2,4.22,5.55,,-38.9779,-28.7065,-13.689
703966,台半統一71購01,2026-08-05,1.16,0.01,0.87,42000000,0,,是,,1.21,1.41,,,-24.7831,,
703967,台半統一71購02,2026-08-05,0.87,0.08,10.13,294000000,0,綠縮,是,,0.72,0.81,1.16,,-21.0989,-32.5041,-14.6485
703968,台星科統一71購01,2026-08-05,0.73,0.03,4.29,540000000,0,綠縮,是,,0.65,0.71,0.81,,-15.1436,-12.7004,-9.2282
703969,弘塑統一61購02,2026-08-05,1.08,-0.23,-17.56,339000000,0,,是,,2.15,,,,,,
703970,弘塑統一61購03,2026-08-05,1.3,-0.34,-20.73,41000000,0,,是,,1.82,,,,,,
703971,光頡統一61購02,2026-08-05,0.66,0.25,60.98,16000000,0,,是,,1.26,2.63,2.34,,-68.3525,-17.1969,
703974,長科*統一64購02,2026-08-05,1.12,0.04,3.7,13000000,0,,是,,1.13,1.42,1.58,,-33.646,-18.775,1.2536
703975,佶優統一71購01,2026-08-05,0.43,0.02,4.88,1000000,0,綠縮,否,,0.39,0.43,0.54,,-17.8723,-20.5937,-12.987
703976,信昌電統一61購01,2026-08-05,4.34,0.0,0.0,1000000,0,,否,,4.37,7.62,8.32,,-59.7608,-28.9986,
703980,順達統一61購01,2026-08-05,0.46,-0.02,-4.17,5000000,0,綠縮,否,,0.48,0.65,0.86,,-40.4938,-35.5932,-15.8387
703981,萬潤統一61購01,2026-08-05,5.15,0.0,0.0,25000000,0,綠轉紅,是,,4.92,4.8,5.03,,4.9957,-2.0804,-1.8826
703983,精材統一61購01,2026-08-05,2.16,-0.09,-4.0,5000000,0,紅轉綠,否,,3.06,3.08,2.57,,-1.3557,15.7202,22.6338
703984,廣明統一61購01,2026-08-05,0.05,0.01,25.0,10000000,0,,是,,0.05,0.06,0.1,,-34.2105,-35.0515,
703985,穩懋統一63購01,2026-08-05,2.13,0.43,25.29,46000000,0,,是,,2.57,,,,,,
704000,穩懋凱基59購03,2026-08-05,1.88,-1.66,-46.89,10000000,0,,,,,,,,,,
704001,宇峻國泰58購01,2026-08-05,0.09,-0.04,-30.77,10000000,0,,是,,0.25,0.45,0.8,,-61.6099,-45.6865,
704012,世禾統一71購01,2026-08-05,0.37,0.01,2.78,555000000,0,,是,,0.39,0.43,0.47,,-16.9492,-8.0851,
704014,台星科統一61購01,2026-08-05,0.5,0.06,13.64,110000000,0,,是,,0.48,0.56,,,-24.6106,-17.8102,
704015,台燿統一71購01,2026-08-05,2.81,0.31,12.4,10000000,0,,是,,2.25,2.27,2.82,,-1.5721,-16.532,
704016,巨漢統一61購02,2026-08-05,0.69,0.05,7.81,83000000,0,,是,,0.63,0.8,0.99,,-34.7737,-26.0589,
704023,金益鼎統一61購01,2026-08-05,0.33,0.0,0.0,10000000,0,綠縮,否,,0.3,0.36,0.49,,-25.4902,-28.2258,-18.8322
704024,佶優統一61購01,2026-08-05,0.41,0.05,13.89,1000000,0,,否,,0.44,0.68,0.79,,-52.381,-23.7989,-13.7555
704029,穩懋統一71購02,2026-08-05,1.84,0.34,22.67,13000000,0,綠轉紅,否,,1.34,1.39,1.81,,-7.3407,-17.399,-16.7317
704038,湧德元大5A購01,2026-08-05,0.23,0.05,27.78,5000000,0,,是,,0.23,0.44,0.49,,-63.9752,-16.5714,
704041,聖暉*元大5C購03,2026-08-05,1.71,0.1,6.21,242000000,0,,是,,1.74,2.25,2.16,,-36.7733,-14.1109,
704060,世界永豐59購02,2026-08-05,1.35,0.18,15.38,598000000,0,綠縮,是,,1.11,1.49,2.34,,-40.364,-33.3184,-17.1186
704062,巨漢永豐59購01,2026-08-05,0.65,0.04,6.56,40000000,0,,否,,1.5,2.0,,,-40.0638,,
704080,世禾富邦5C購01,2026-08-05,0.14,0.01,7.69,20000000,0,綠縮,否,,0.16,0.22,0.26,,-39.2593,-24.1259,-13.9028
704081,家登富邦59購02,2026-08-05,0.64,0.14,28.0,435000000,0,綠縮,是,,0.52,0.79,1.24,,-50.0952,-38.2745,-19.7791
704082,群翊富邦5A購01,2026-08-05,0.53,0.1,23.26,1000000,0,,否,,0.73,0.98,,,-40.8795,,
704085,世界統一61購02,2026-08-05,0.65,0.06,10.17,13000000,0,綠縮,否,,0.68,0.79,1.06,,-24.7788,-33.557,-1.8544
704086,世界統一64購01,2026-08-05,1.05,0.1,10.53,1000000,0,綠縮,否,,0.93,0.98,1.13,,-8.7891,-7.9022,-2.1267
704087,世紀*統一71購01,2026-08-05,0.16,-0.02,-11.11,20000000,0,綠增,否,,0.18,0.22,0.23,,-31.0078,-16.4751,-3.6325
704090,台半統一71購03,2026-08-05,1.09,0.1,10.1,33000000,0,,是,,1.03,1.29,1.35,,-33.8481,-14.3899,
704091,巨漢統一71購02,2026-08-05,0.76,0.03,4.11,272000000,0,綠縮,是,,0.75,0.85,0.99,,-21.7573,-16.9591,-8.936
704093,系統電統一71購01,2026-08-05,0.3,0.02,7.14,10000000,0,綠縮,否,,0.29,0.37,0.43,,-37.8261,-17.4779,-13.8446
704094,佳邦統一71購01,2026-08-05,0.31,0.0,0.0,52000000,0,綠縮,否,,0.27,0.31,0.4,,-21.2644,-22.6368,-13.0626
704095,矽科統一71購01,2026-08-05,0.52,0.01,1.96,290000000,0,,是,,0.6,0.71,0.81,,-27.6029,-16.6276,
704096,金山電統一71購01,2026-08-05,1.13,0.03,2.73,832000000,0,,是,,1.16,1.35,1.78,,-24.3807,-26.3129,-10.664
704100,信昌電統一71購01,2026-08-05,1.59,0.19,13.57,2000000,0,綠縮,否,,1.34,1.51,2.26,,-19.9284,-33.4069,-16.4074
704101,家登統一61購02,2026-08-05,0.39,0.05,14.71,20000000,0,綠縮,否,,0.39,0.5,0.58,,-35.4098,-19.4222,-10.7585
704102,能率亞統一61購01,2026-08-05,1.51,0.29,23.77,1000000,0,綠縮,否,,1.32,1.36,1.4,,-5.8488,-5.4204,-1.0981
704108,璟德統一71購01,2026-08-05,0.31,-0.02,-6.06,485000000,0,綠縮,是,,0.31,0.35,0.47,,-17.8947,-21.0046,-25.4144
704109,穩懋統一61購05,2026-08-05,1.61,0.46,40.0,7000000,0,綠縮,否,,1.02,1.21,1.99,,-27.5321,-34.895,-17.2622
704115,金益鼎國票61購01,2026-08-05,0.47,0.04,9.3,3557000000,0,綠縮,是,,0.48,0.59,0.75,,-30.8571,-19.236,-19.5083
704146,穩懋元大5B購03,2026-08-05,2.07,0.54,35.29,147000000,0,,否,,1.27,1.3,,,-4.6687,-36.8242,
704170,世界元大5A購01,2026-08-05,1.9,0.17,9.83,6000000,0,,是,,1.6,2.24,,,-44.5908,-6.7416,
704202,鑫科永豐61購01,2026-08-05,0.57,0.1,21.28,9000000,0,,否,,0.98,1.08,1.11,,-17.6471,3.1369,
704203,中美晶統一71購01,2026-08-05,1.05,-0.05,-4.55,13000000,0,綠縮,否,,1.05,1.36,1.42,,-37.8121,-19.3377,-0.5602
704204,元太統一61購02,2026-08-05,0.86,0.05,6.17,153000000,0,紅增,否,,0.78,0.77,0.85,,2.9024,-3.392,-4.0136
704205,世紀*統一61購01,2026-08-05,0.06,0.0,0.0,85000000,0,綠縮,否,,0.05,0.06,0.1,,-38.4615,-42.2018,-11.0132
704206,世紀*統一71購03,2026-08-05,0.17,0.0,0.0,15000000,0,,是,,0.16,0.19,0.22,,-30.0885,-21.6327,-8.642
704207,合晶統一71購01,2026-08-05,3.15,0.29,10.14,137000000,0,綠縮,否,,2.95,3.75,4.11,,-35.1648,-23.0611,-1.4265
704208,沛亨統一61購01,2026-08-05,1.88,0.1,5.62,3000000,0,,是,,1.83,,,,,,
704209,沛亨統一61購02,2026-08-05,1.74,0.16,10.13,40000000,0,,是,,2.43,3.08,,,-34.6402,,
704211,宜鼎統一63購01,2026-08-05,2.48,0.33,15.35,10000000,0,綠轉紅,否,,2.04,2.03,2.5,,1.1893,-14.5982,-16.9272
704212,旺矽統一61購02,2026-08-05,3.32,0.3,9.93,11000000,0,綠縮,否,,2.66,2.85,3.3,,-12.5493,-17.852,-6.2828
704213,旺矽統一63購02,2026-08-05,3.55,-0.2,-5.33,2000000,0,,是,,4.09,3.91,,,9.7744,,
704218,信昌電統一71購02,2026-08-05,2.13,0.18,9.23,4000000,0,綠縮,否,,1.68,1.84,2.67,,-15.8841,-30.1365,-13.682
704220,家登統一71購01,2026-08-05,0.61,0.04,7.02,276000000,0,綠縮,是,,0.58,0.65,0.74,,-18.7151,-14.2668,-8.7385
704221,高鋒統一61購01,2026-08-05,0.21,0.02,10.53,8000000,0,綠縮,否,,0.18,0.22,0.29,,-29.6875,-26.8456,-18.0516
704222,高鋒統一71購01,2026-08-05,0.39,0.03,8.33,159000000,0,,是,,0.41,0.5,,,-31.8792,,
704236,世界元大59購01,2026-08-05,0.61,0.02,3.39,20000000,0,,是,,1.26,1.94,1.68,,-52.0913,-3.4739,
704244,富喬元大5A購01,2026-08-05,0.35,0.09,34.62,1000000,0,綠縮,否,,0.33,0.51,0.78,,-51.895,-41.2717,-16.1031
704255,富喬永豐58購02,2026-08-05,0.01,-0.01,-50.0,5000000,0,,是,,0.15,0.17,,,-20.0,-34.981,
704256,富喬永豐5B購01,2026-08-05,0.42,0.1,31.25,1000000,0,,否,,0.34,0.59,0.72,,-60.0473,-27.8049,
704258,富喬永豐64購01,2026-08-05,1.3,0.28,27.45,5000000,0,綠轉紅,否,,0.55,0.58,0.92,,-11.3636,-30.0,-18.3964
704259,華容永豐5A購01,2026-08-05,8.7,0.05,0.58,1000000,0,,否,,10.94,9.88,6.89,,23.8958,45.389,44.4375
704261,世界兆豐59購02,2026-08-05,0.81,-0.05,-5.81,10000000,0,,是,,0.9,1.33,,,-48.8027,-33.4337,
704262,宜鼎兆豐61購01,2026-08-05,9.35,0.6,6.86,7000000,0,綠縮,是,,7.82,7.93,10.07,,-2.7363,-17.9089,-13.1522
704274,合晶富邦59購01,2026-08-05,6.2,0.75,13.76,1000000,0,,是,,10.05,9.88,7.78,,3.5015,22.6872,
704276,鈊象富邦59購01,2026-08-05,0.56,-0.07,-11.11,39000000,0,,是,,0.48,0.56,0.64,,-24.8428,-14.8318,
704277,鈊象富邦5A購01,2026-08-05,0.48,0.04,9.09,189000000,0,紅增,否,,0.42,0.38,0.48,,21.6374,-12.4711,-13.3094
704280,世界統一71購02,2026-08-05,0.61,0.03,5.17,1066000000,0,綠縮,是,,0.56,0.62,0.76,,-16.568,-15.8752,-11.1241
704281,台星科統一61購02,2026-08-05,0.4,0.06,17.65,1000000,0,,是,,0.5,0.62,,,-33.6898,-14.7945,
704287,富喬統一61購01,2026-08-05,0.13,-0.05,-27.78,257000000,0,綠縮,否,,0.08,0.1,0.19,,-37.7049,-45.3039,-24.902
704289,富喬統一61購03,2026-08-05,0.39,0.12,44.44,3000000,0,綠縮,是,,0.27,0.33,0.47,,-33.3333,-36.9115,-17.0213
704290,富喬統一61購04,2026-08-05,0.21,-0.06,-22.22,133000000,0,綠縮,否,,0.14,0.19,0.32,,-44.7154,-46.3483,-14.9596
704291,富喬統一64購01,2026-08-05,0.31,0.13,72.22,50000000,0,,是,,0.32,0.36,,,-17.7665,-22.2944,
704292,富喬統一65購02,2026-08-05,0.21,0.04,23.53,2000000,0,綠增,是,,0.43,0.41,0.43,,7.0,-7.1749,-4.7566
704293,富喬統一6C購01,2026-08-05,0.3,0.03,11.11,115000000,0,綠縮,是,,0.29,0.35,0.43,,-31.9048,-24.086,-12.831
704294,富喬統一71購01,2026-08-05,0.37,0.05,15.62,181000000,0,綠縮,否,,0.25,0.29,0.39,,-21.118,-24.4094,-14.5072
704295,富喬統一71購02,2026-08-05,0.32,0.02,6.67,690000000,0,綠縮,是,,0.25,0.27,0.36,,-17.3333,-22.3796,-11.5621
704298,聖暉*統一67購01,2026-08-05,0.91,0.15,19.74,1000000,0,,是,,1.13,1.3,1.32,,-22.6776,-12.2973,
704312,世界元大58購01,2026-08-05,0.25,0.1,66.67,4000000,0,,是,,0.49,1.11,1.05,,-71.6763,-24.4384,
704322,聖暉*元大61購01,2026-08-05,4.57,0.47,11.46,3000000,0,,否,,4.33,5.13,4.82,,-26.8737,-6.7636,
704325,精測元大5B購01,2026-08-05,0.6,0.02,3.45,15000000,0,綠縮,否,,0.44,0.53,0.84,,-30.3514,-31.2176,-25.0224
704339,精測群益59購02,2026-08-05,0.45,0.03,7.14,10000000,0,綠縮,否,,0.4,0.56,1.24,,-44.1667,-47.4227,-24.414
704346,精測富邦59購01,2026-08-05,0.88,0.2,29.41,1000000,0,,否,,0.53,0.63,,,-26.7956,,
704348,合晶統一61購01,2026-08-05,4.25,0.56,15.18,11000000,0,綠增,是,,4.3,6.78,6.54,,-53.5421,-17.4056,1.695
704351,精測統一61購01,2026-08-05,0.48,0.05,11.63,94000000,0,綠轉紅,是,,0.37,0.39,0.47,,-10.7317,-12.6126,-20.4738
704352,精測統一61購02,2026-08-05,0.46,0.05,12.2,7000000,0,綠縮,是,,0.4,0.48,0.67,,-28.8256,-31.1874,-14.1762
704353,精測統一71購01,2026-08-05,1.01,-0.04,-3.81,539000000,0,綠縮,否,,0.87,0.93,1.08,,-13.2265,-11.575,-14.8819
704359,宜鼎永豐59購02,2026-08-05,4.76,0.96,25.26,1000000,0,,否,,3.35,5.05,,,-50.3704,-38.0368,
704362,雷科永豐59購02,2026-08-05,5.45,0.65,13.54,1000000,0,綠縮,是,,4.54,7.37,9.67,,-55.5534,-32.3176,-11.205
704365,精測永豐5A購01,2026-08-05,0.72,0.0,0.0,10000000,0,綠縮,否,,0.52,0.79,1.45,,-51.5947,-44.4912,-21.8809
704370,世界國票5B購01,2026-08-05,0.97,0.12,14.12,307000000,0,綠縮,否,,0.79,0.97,1.44,,-31.4783,-28.0089,-18.3569
704371,宜鼎國票58購02,2026-08-05,7.75,1.65,27.05,16000000,0,,是,,13.33,14.42,,,-14.0,,
704372,長科*國票58購02,2026-08-05,1.19,0.32,36.78,1000000,0,綠縮,否,,0.77,1.7,3.18,,-70.8428,-49.6298,-23.1523
704373,精測國票5A購01,2026-08-05,0.4,0.0,0.0,2000000,0,綠縮,否,,0.25,0.34,0.86,,-40.9302,-53.8462,-25.8023
704374,精測國票5A購02,2026-08-05,0.48,0.08,20.0,10000000,0,綠縮,否,,0.3,0.36,0.68,,-29.0476,-42.0032,-26.738
704377,精測兆豐59購01,2026-08-05,0.36,-0.07,-16.28,5000000,0,,否,,0.45,0.9,,,-66.3704,-32.1294,
704380,宜鼎凱基5B購01,2026-08-05,8.4,0.8,10.53,1000000,0,,是,,6.68,,,,,,
704381,鈊象凱基5A購01,2026-08-05,1.76,0.06,3.53,78000000,0,綠縮,是,,1.51,1.84,1.99,,-30.4788,-16.9224,-9.4404
704387,家登國泰58購02,2026-08-05,0.28,0.09,47.37,1000000,0,綠縮,否,,0.28,0.81,1.85,,-79.1045,-56.1925,-30.3898
704388,中探針元大5B購01,2026-08-05,4.01,0.78,24.15,1000000,0,,是,,6.27,,,,,,
704396,順達元大5A購05,2026-08-05,2.11,-0.01,-0.47,204000000,0,,是,,2.53,3.15,,,-32.9087,-16.2543,
704400,宜鼎富邦61購01,2026-08-05,2.68,0.23,9.39,1000000,0,,是,,2.15,2.46,3.64,,-22.7502,-36.168,
704401,信昌電富邦5C購01,2026-08-05,3.6,0.1,2.86,2000000,0,綠縮,是,,3.01,4.84,7.37,,-54.8261,-44.3717,-11.3256
704404,精測統一5C購01,2026-08-05,0.4,-0.05,-11.11,35000000,0,,是,,0.34,0.75,0.93,,-71.0843,-35.2636,
704406,亞電永豐59購01,2026-08-05,1.57,0.37,30.83,1000000,0,綠縮,否,,1.72,2.22,2.25,,-36.9118,-4.6841,-11.7636
704407,長科*永豐58購01,2026-08-05,0.85,0.4,88.89,2000000,0,,是,,1.98,3.65,3.73,,-62.6787,-24.1795,
704409,精測永豐5A購02,2026-08-05,0.34,-0.03,-8.11,7000000,0,綠縮,否,,0.24,0.32,0.78,,-38.0711,-51.446,-27.1155
704418,精測群益59購03,2026-08-05,0.42,0.21,100.0,10000000,0,綠縮,否,,0.29,0.45,1.03,,-51.8152,-60.6486,-21.0668
704419,力旺元大5A購01,2026-08-05,3.01,0.29,10.66,4000000,0,,是,,2.16,1.97,,,20.9877,-35.5483,
704430,大中凱基59購01,2026-08-05,4.96,0.66,15.35,240000000,0,,是,,7.58,6.95,,,20.0063,11.4854,
704440,久元國票58購01,2026-08-05,0.06,0.03,100.0,5000000,0,綠轉紅,是,,0.2,0.35,0.76,,-60.4743,-57.4186,-23.6
704441,台星科國票58購03,2026-08-05,0.47,0.08,20.51,18000000,0,,是,,1.16,1.41,,,-29.9156,,
704443,能率亞國票58購02,2026-08-05,0.57,0.22,62.86,132000000,0,綠縮,否,,0.31,0.45,0.64,,-47.7816,-31.3846,-25.2907
704463,長科*凱基58購01,2026-08-05,1.2,0.21,21.21,3000000,0,,是,,0.88,1.84,,,-68.4097,-48.2098,
704471,大中國票58購01,2026-08-05,2.86,0.53,22.75,1000000,0,,是,,11.27,9.15,,,60.4327,59.418,
704475,亞電國票58購02,2026-08-05,0.99,0.8,421.05,22000000,0,綠增,否,,1.13,1.08,1.07,,9.9029,15.7388,-14.5643
704479,力旺元大5A購02,2026-08-05,4.17,0.27,6.92,20000000,0,,,,,,,,,,
704481,中探針元大61購01,2026-08-05,3.33,0.55,19.78,1000000,0,,是,,3.11,4.68,6.4,,-50.2561,-35.1089,-20.5966
704482,元太元大61購01,2026-08-05,0.93,-0.06,-6.06,3000000,0,紅增,是,,0.86,0.9,1.03,,-8.7234,-17.0664,-9.7936
704495,精材元大5B購02,2026-08-05,5.05,1.13,28.83,7000000,0,,是,,6.54,5.98,4.6,,20.8426,27.665,
704500,中光電富邦58購01,2026-08-05,0.01,-0.01,-50.0,5000000,0,,是,,0.1,0.12,,,-36.8421,,
704503,中光電永豐58購01,2026-08-05,0.02,-0.42,-95.45,1496000000,0,,,,,,,,,,
704507,亞電永豐5B購01,2026-08-05,1.67,0.24,16.78,51000000,0,綠縮,否,,1.31,1.77,1.68,,-41.7484,-2.7945,-6.5998
704521,中光電群益58購03,2026-08-05,0.05,0.0,0.0,50000000,0,,否,,0.13,,,,,,
704526,能率群益59購01,2026-08-05,0.29,0.14,93.33,12000000,0,,是,,0.14,0.24,0.29,,-58.8235,-23.5669,-16.259
704533,大中統一71購01,2026-08-05,1.67,0.16,10.6,48000000,0,,是,,1.94,,,,,,
704534,台半統一5C購04,2026-08-05,0.83,0.1,13.7,1000000,0,綠縮,否,,0.99,1.53,2.04,,-52.027,-36.9395,-4.6561
704536,尼克森統一5B購01,2026-08-05,1.07,0.21,24.42,20000000,0,,是,,1.68,2.05,1.93,,-30.4384,-10.4412,0.9969
704537,巨漢統一5C購01,2026-08-05,0.7,0.04,6.06,186000000,0,,是,,0.72,,,,,,
704538,合晶統一61購02,2026-08-05,3.7,-0.35,-8.64,11000000,0,綠增,否,,4.59,6.58,6.12,,-46.4411,-12.8477,4.7876
704539,竹陞統一64購01,2026-08-05,1.03,0.06,6.19,42000000,0,,是,,0.88,1.21,1.35,,-42.9495,-18.0837,-15.0866
704540,宏捷科統一61購03,2026-08-05,0.33,0.01,3.12,162000000,0,,是,,0.33,0.55,,,-57.0681,-30.0896,
704543,宜鼎統一66購01,2026-08-05,1.83,0.27,17.31,128000000,0,綠縮,是,,1.42,1.48,2.01,,-7.5423,-21.0245,-14.8509
704544,宜鼎統一71購02,2026-08-05,1.59,0.22,16.06,1000000,0,綠縮,否,,1.29,1.31,1.69,,-4.0299,-17.9888,-12.9496
704546,長科*統一71購01,2026-08-05,0.8,0.03,3.9,143000000,0,綠縮,是,,0.66,0.68,0.85,,-6.4972,-17.8657,-13.91
704549,茂迪統一5B購01,2026-08-05,0.48,0.06,14.29,278000000,0,綠縮,是,,0.51,0.56,0.77,,-16.3934,-24.2219,-13.3333
704550,能率亞統一61購02,2026-08-05,0.76,0.1,15.15,1021000000,0,綠縮,是,,0.63,0.67,0.73,,-10.7955,-8.011,-4.8493
704551,能率亞統一71購01,2026-08-05,0.74,0.07,10.45,23000000,0,綠縮,否,,0.63,0.64,0.7,,-3.681,-8.4406,-4.0718
704553,雍智統一71購01,2026-08-05,3.32,0.37,12.54,1000000,0,,是,,3.32,4.29,4.61,,-36.8681,-18.1072,
704590,能率亞統一63購01,2026-08-05,0.78,0.11,16.42,916000000,0,綠縮,是,,0.6,0.66,0.71,,-15.6425,-8.8398,-8.0749
704591,能率亞統一71購02,2026-08-05,1.02,0.08,8.51,409000000,0,綠縮,是,,0.88,0.92,0.96,,-9.1286,-4.7619,-4.9529
704592,能率統一71購01,2026-08-05,0.58,0.08,16.0,3000000,0,,是,,0.53,0.58,0.59,,-17.5,-6.4103,
704612,台燿群益58購04,2026-08-05,19.8,3.2,19.28,2000000,0,,否,,18.78,22.94,,,-30.7011,-10.9472,
704618,宜鼎群益59購01,2026-08-05,4.58,0.79,20.84,10000000,0,,否,,4.33,6.54,,,-50.4914,-24.6862,
704620,博智群益5B購01,2026-08-05,2.38,0.13,5.78,50000000,0,,是,,2.8,,,,,,
704628,中光電統一61購01,2026-08-05,0.24,-0.05,-17.24,37000000,0,,否,,0.22,0.27,,,-33.3333,-24.1573,
704637,智通*永豐59購01,2026-08-05,0.34,0.04,13.33,20000000,0,綠增,否,,0.57,0.73,0.78,,-35.0,-16.7431,-1.7699
704638,廣運永豐61購01,2026-08-05,0.17,0.03,21.43,3000000,0,,否,,0.16,0.17,0.23,,-6.8182,-24.1071,
704654,宜鼎國泰58購03,2026-08-05,11.2,1.85,19.79,1000000,0,,否,,9.03,11.85,15.56,,-38.4038,-29.6615,
704655,臺慶科國泰58購01,2026-08-05,2.27,0.32,16.41,1000000,0,,否,,7.35,8.15,,,-17.7629,,
704678,中光電永豐59購01,2026-08-05,0.7,0.26,59.09,305000000,0,綠縮,否,,0.38,0.53,0.93,,-45.5072,-49.5743,-4.399
704685,穩懋永豐5A購02,2026-08-05,4.78,1.7,55.19,21000000,0,,否,,2.73,3.45,,,-34.689,-38.9576,
704690,竹陞凱基59購01,2026-08-05,0.65,0.25,62.5,7000000,0,綠增,是,,1.25,1.78,1.89,,-46.1605,-13.7814,-19.2102
704711,精材元大59購01,2026-08-05,3.17,1.0,46.08,10000000,0,,是,,3.68,3.7,2.78,,-1.0764,21.5789,
704712,精材元大61購04,2026-08-05,2.4,0.4,20.0,2000000,0,綠增,否,,2.77,2.92,2.44,,-9.9023,12.882,21.2581
704725,家登永豐5B購01,2026-08-05,1.86,0.35,23.18,2000000,0,,否,,1.63,2.59,3.64,,-54.1714,-37.7826,
704733,鑫聯永豐5A購01,2026-08-05,1.99,0.45,29.22,102000000,0,綠縮,是,,1.76,1.94,2.28,,-16.3981,-17.5745,-9.1308
704746,長科*國票59購01,2026-08-05,0.5,0.18,56.25,16000000,0,綠縮,否,,0.32,0.48,1.07,,-50.1558,-59.8497,-34.4648
704748,博智國票59購02,2026-08-05,0.8,0.02,2.56,1000000,0,,否,,1.15,2.3,3.14,,-66.9169,-40.161,-21.5081
704766,精材元大61購05,2026-08-05,2.69,0.16,6.32,11000000,0,,是,,4.15,3.7,3.09,,28.0518,21.6376,
704771,東浦永豐5A購01,2026-08-05,0.68,-0.01,-1.45,10000000,0,綠增,是,,1.06,1.49,1.77,,-44.4096,-23.953,-3.6482
704781,點序群益62購01,2026-08-05,0.13,0.02,18.18,80000000,0,綠縮,是,,0.13,0.23,0.36,,-61.2121,-42.6065,-33.6414
704792,雍智永豐59購01,2026-08-05,8.7,1.7,24.29,1000000,0,,否,,8.23,14.86,,,-61.676,,
704793,擎亞永豐5A購02,2026-08-05,6.9,2.43,54.36,2000000,0,綠縮,否,,5.51,8.4,8.85,,-51.2566,-23.8423,-5.6275
704804,弘塑元大59購03,2026-08-05,1.39,-0.16,-10.32,40000000,0,,是,,2.01,3.21,4.18,,-54.5537,-38.9386,
704807,宜鼎元大5A購04,2026-08-05,5.9,0.55,10.28,20000000,0,,是,,4.37,,,,,,
704829,信驊國票59購04,2026-08-05,5.45,-0.25,-4.39,2000000,0,,是,,4.31,4.07,,,12.8796,-8.3615,
704834,雍智國票59購01,2026-08-05,10.5,2.8,36.36,1000000,0,,是,,25.88,,,,,,
704837,磐儀國票59購01,2026-08-05,0.6,0.28,87.5,84000000,0,綠轉紅,否,,0.48,0.46,0.51,,10.0917,-14.7114,3.1345
704839,擎亞國票5A購01,2026-08-05,3.43,0.93,37.2,2000000,0,綠縮,否,,2.44,3.47,4.49,,-45.657,-33.3013,-7.5784
704840,鑫聯國票59購01,2026-08-05,0.72,0.07,10.77,459000000,0,,是,,1.33,1.48,,,-18.1595,-35.8164,
704844,宜特富邦5A購01,2026-08-05,0.32,-0.01,-3.03,2022000000,0,,是,,0.36,0.72,,,-66.7897,,
704846,智通*富邦5A購01,2026-08-05,0.24,0.0,0.0,1248000000,0,綠縮,是,,0.23,0.4,0.5,,-58.9286,-34.7107,-11.8584
704850,廣運富邦5B購01,2026-08-05,0.1,0.0,0.0,20000000,0,,否,,0.13,0.16,0.27,,-32.9897,-28.3186,
704852,雙鴻富邦5A購01,2026-08-05,0.72,0.01,1.41,718000000,0,綠縮,否,,0.53,0.58,0.83,,-15.2866,-27.8607,-22.3623
704880,榮剛富邦5A購01,2026-08-05,0.21,-0.03,-12.5,263000000,0,綠縮,是,,0.21,0.31,0.4,,-46.7662,-23.9506,-20.1807
704881,譜瑞兆豐62購01,2026-08-05,2.03,0.27,15.34,11000000,0,綠轉紅,否,,1.69,2.04,2.33,,-29.3378,-16.1104,-11.9327
704882,朋億*國票59購01,2026-08-05,1.18,0.44,59.46,13000000,0,綠縮,否,,1.27,1.94,2.61,,-51.0377,-33.1494,-8.3524
704883,能率國票59購01,2026-08-05,0.17,0.1,142.86,535000000,0,綠縮,是,,0.11,0.18,0.43,,-53.2787,-59.9553,-23.2538
704893,青雲永豐5A購01,2026-08-05,11.7,1.1,10.38,4000000,0,綠縮,是,,11.75,11.85,14.45,,-1.6736,-14.9013,-10.9536
704895,世界統一62購01,2026-08-05,0.66,0.1,17.86,14000000,0,綠縮,否,,0.57,0.7,0.94,,-31.7422,-25.8675,-6.3095
704897,台燿統一62購01,2026-08-05,4.63,0.78,20.26,1000000,0,,是,,3.83,4.35,,,-21.1847,-15.197,
704899,長科*統一61購01,2026-08-05,1.12,0.11,10.89,11000000,0,綠縮,否,,1.09,1.41,1.57,,-37.1824,-19.9319,-8.8979
704900,茂達統一62購01,2026-08-05,0.7,-0.11,-13.58,1079000000,0,綠縮,是,,0.71,0.79,1.04,,-19.0367,-30.7287,-8.3002
704903,智通*統一68購01,2026-08-05,0.43,0.02,4.88,100000000,0,綠縮,否,,0.45,0.55,0.58,,-29.9065,-15.6105,-3.9199
704904,新復興統一72購01,2026-08-05,0.25,0.01,4.17,1000000,0,,否,,0.25,0.28,,,-20.3822,-17.3021,
704905,穩懋統一72購01,2026-08-05,1.81,0.21,13.12,100000000,0,,否,,1.49,,,,,,
704906,穩懋統一72購02,2026-08-05,1.48,0.24,19.35,111000000,0,,否,,1.2,1.31,,,-15.2542,,
704907,鑫聯統一62購01,2026-08-05,0.87,0.1,12.99,127000000,0,,否,,0.74,0.8,,,-13.3803,-14.6996,
704911,宜鼎凱基5A購02,2026-08-05,6.2,1.26,25.51,32000000,0,,否,,4.3,6.01,,,-44.3035,,
704915,穩懋凱基5B購02,2026-08-05,4.8,1.28,36.36,15000000,0,,是,,2.99,3.56,,,-27.5895,,
704925,系統電元大62購01,2026-08-05,0.23,0.02,9.52,1000000,0,綠縮,否,,0.21,0.32,0.44,,-50.0,-31.3175,-20.0913
704929,勤凱元大5A購02,2026-08-05,2.46,0.45,22.39,1000000,0,,,,,,,,,,
704935,雙鴻國泰59購01,2026-08-05,0.21,0.04,23.53,10000000,0,,否,,0.19,0.46,0.75,,-74.4565,-39.8438,
704937,茂迪富邦61購01,2026-08-05,0.35,0.07,25.0,1000000,0,綠縮,否,,0.27,0.35,0.46,,-37.8995,-26.9547,-18.6109
704946,閎康統一72購01,2026-08-05,0.95,0.17,21.79,37000000,0,,否,,0.73,0.84,0.9,,-22.6695,-13.2642,-9.2611
704947,順達統一65購01,2026-08-05,0.94,0.26,38.24,1000000,0,綠縮,否,,0.63,0.76,0.93,,-29.9107,-23.0303,-9.668
704949,雙鴻統一65購01,2026-08-05,0.47,0.04,9.3,60000000,0,,是,,0.33,0.37,0.49,,-21.1538,-21.0191,
704950,耀勝統一5C購03,2026-08-05,0.05,-0.01,-16.67,20000000,0,綠縮,否,,0.08,0.17,0.29,,-70.8955,-46.1059,-23.3023
704951,鑫科統一72購01,2026-08-05,0.74,0.05,7.25,2000000,0,綠增,否,,0.85,0.96,0.97,,-20.1869,-10.4283,-4.8086
704952,鑫聯統一72購01,2026-08-05,1.02,0.07,7.37,29000000,0,,否,,1.0,1.02,,,-2.9014,-10.3782,
704954,系微兆豐62購01,2026-08-05,2.44,0.39,19.02,95000000,0,,是,,2.33,2.93,,,-34.1822,,
704958,中探針群益5C購01,2026-08-05,6.4,1.3,25.49,6000000,0,,否,,7.33,12.38,,,-57.9219,-28.8793,
704983,雙鴻元富5A購02,2026-08-05,0.37,0.06,19.35,4000000,0,綠縮,否,,0.33,0.36,0.57,,-15.3061,-34.3013,-23.5843
704986,中光電元大58購11,2026-08-05,0.12,0.09,300.0,1869000000,0,,是,,0.85,0.59,,,162.3457,,
704987,中光電元大58購12,2026-08-05,0.01,-0.67,-98.53,1940000000,0,,是,,0.66,,,,,,
704992,萬潤元大58購04,2026-08-05,16.5,0.0,0.0,10000000,0,,,,,,,,,,
704995,鉅橡元大59購01,2026-08-05,0.05,-0.06,-54.55,177000000,0,綠縮,是,,0.11,0.18,0.36,,-54.0323,-49.2997,-26.8687
704997,雙鴻元大5B購01,2026-08-05,0.53,0.08,17.78,198000000,0,,,,,,,,,,
705000,世紀*國泰59購01,2026-08-05,0.02,0.0,0.0,20000000,0,,是,,0.02,0.06,0.09,,-76.4706,-46.1538,
705002,世界富邦5C購02,2026-08-05,0.84,0.04,5.0,90000000,0,綠縮,否,,0.74,0.95,1.26,,-36.8782,-21.9212,-14.7436
705003,世界統一72購01,2026-08-05,0.78,0.0,0.0,528000000,0,綠縮,否,,0.74,0.81,0.97,,-15.4545,-14.1649,-10.2718
705005,茂迪統一72購01,2026-08-05,0.45,0.04,9.76,27000000,0,綠縮,否,,0.4,0.45,0.5,,-21.3439,-14.2315,-11.6505
705007,智通*統一62購01,2026-08-05,0.41,0.0,0.0,125000000,0,綠縮,否,,0.41,0.58,0.63,,-45.8667,-21.3605,-4.0243
705008,湧德統一61購03,2026-08-05,0.3,0.0,0.0,20000000,0,綠縮,是,,0.27,0.34,0.43,,-33.4975,-28.692,-16.3107
705009,穩懋統一72購03,2026-08-05,1.84,0.3,19.48,150000000,0,,否,,1.37,1.55,,,-21.0587,-25.7402,
705010,穩懋統一72購04,2026-08-05,1.6,0.16,11.11,32000000,0,綠轉紅,否,,1.18,1.27,1.55,,-13.0882,-18.5778,-18.4418
705014,宏捷科永豐5A購01,2026-08-05,0.65,0.25,62.5,116000000,0,綠縮,是,,0.58,0.76,1.72,,-38.0042,-52.843,-29.5841
705015,穩懋永豐59購04,2026-08-05,3.72,1.07,40.38,10000000,0,,是,,3.34,,,,,,
705023,雙鴻凱基5C購01,2026-08-05,0.77,0.09,13.24,392000000,0,綠縮,否,,0.59,0.63,0.92,,-12.1662,-26.7361,-17.3524
705027,系統電群益5A購01,2026-08-05,0.19,0.06,46.15,30000000,0,,是,,0.69,,,,,,
705042,博大國票59購01,2026-08-05,0.3,0.08,36.36,237000000,0,綠增,是,,0.38,0.51,0.63,,-41.3043,-39.5981,-4.1221
705043,鑫聯國票59購02,2026-08-05,0.64,0.25,64.1,2308000000,0,,是,,0.69,0.93,1.52,,-40.6838,-28.6371,
705045,五福國票59購01,2026-08-05,0.01,-0.01,-50.0,2000000000,0,,是,,0.08,0.13,0.18,,-54.6512,-37.1859,
705046,世界國票59購02,2026-08-05,1.52,0.33,27.73,150000000,0,綠縮,是,,1.09,1.63,3.02,,-49.9081,-57.7272,-10.6747
705048,系微國票59購01,2026-08-05,0.25,0.06,31.58,11000000,0,綠縮,否,,0.18,0.34,0.96,,-62.9032,-59.8583,-37.5365
705050,茂迪國票59購02,2026-08-05,0.03,0.01,50.0,40000000,0,綠縮,否,,0.05,0.1,0.23,,-65.7534,-49.4845,-26.4753
705052,精測國票59購05,2026-08-05,0.05,0.0,0.0,16000000,0,紅增,否,,0.03,0.04,0.11,,-29.1667,-48.75,-52.5959
705055,宜鼎元大58購06,2026-08-05,3.47,0.91,35.55,2000000,0,,否,,2.44,3.13,,,-36.1257,,
705063,穩懋元大61購02,2026-08-05,1.45,0.32,28.32,54000000,0,,是,,1.01,1.15,,,-20.9375,,
705066,中光電凱基58購04,2026-08-05,0.33,0.2,153.85,498000000,0,,是,,0.97,1.27,0.88,,-38.0407,18.3086,9.0012
705072,新應材凱基5A購01,2026-08-05,1.03,0.27,35.53,53000000,0,綠縮,否,,0.8,1.07,1.66,,-41.037,-38.6156,-25.0678
705077,穩懋凱基59購07,2026-08-05,1.8,-2.03,-53.0,10000000,0,,是,,3.86,8.79,,,-71.8367,,
705078,鑫聯凱基58購02,2026-08-05,0.47,0.17,56.67,1000000,0,,否,,,,,,,,
705083,精測群益5A購01,2026-08-05,0.1,0.02,25.0,22000000,0,綠縮,否,,0.09,0.12,0.26,,-42.3077,-46.2882,-35.309
705084,精測群益62購03,2026-08-05,0.62,-0.03,-4.62,275000000,0,綠縮,否,,0.47,0.55,0.79,,-26.4984,-25.0681,-27.8516
705089,新應材富邦63購01,2026-08-05,0.63,0.3,90.91,1000000,0,,否,,0.41,0.42,0.54,,-2.8302,-16.5669,-20.1327
705090,精測富邦5A購01,2026-08-05,0.07,0.0,0.0,640000000,0,綠縮,是,,0.06,0.07,0.12,,-21.0526,-35.2381,-31.7416
705091,正淩統一62購01,2026-08-05,0.43,0.07,19.44,93000000,0,,是,,0.64,0.69,,,-13.3152,,
705092,正淩統一65購01,2026-08-05,0.41,0.04,10.81,213000000,0,,是,,0.44,0.51,,,-22.7273,,
705095,新復興統一62購01,2026-08-05,0.1,0.0,0.0,108000000,0,,是,,0.1,0.14,0.23,,-40.0,-39.2857,
705096,精測統一62購01,2026-08-05,0.22,0.02,10.0,60000000,0,綠縮,是,,0.19,0.2,0.27,,-11.1111,-17.7419,-17.4579
705097,精測統一64購02,2026-08-05,0.45,0.04,9.76,712000000,0,綠縮,是,,0.34,0.49,0.65,,-47.205,-32.4176,-19.8885
705103,弘塑元富5A購02,2026-08-05,2.5,-0.74,-22.84,2000000,0,,,,,,,,,,
705108,精測元富5B購01,2026-08-05,0.32,0.1,45.45,10000000,0,綠縮,是,,0.32,0.38,0.68,,-27.3973,-41.2131,-18.4671
705114,新應材永豐61購01,2026-08-05,1.81,0.28,18.3,16000000,0,,是,,1.76,3.09,4.04,,-60.163,-27.4031,
705116,弘塑凱基58購05,2026-08-05,5.95,-0.8,-11.85,5000000,0,,,,,,,,,,
705126,大中統一62購01,2026-08-05,1.47,0.15,11.36,5000000,0,,是,,1.75,2.23,,,-35.4244,3.7692,
705128,良維統一72購01,2026-08-05,0.99,0.01,1.02,16000000,0,,否,,1.17,1.36,,,-23.6671,-23.6056,
705129,宜特統一72購01,2026-08-05,0.74,0.01,1.37,5000000,0,綠縮,否,,0.74,0.8,0.91,,-15.5963,-14.9206,-6.2725
705130,長科*統一72購01,2026-08-05,1.3,0.08,6.56,100000000,0,,是,,1.05,1.18,1.42,,-18.6728,-22.4422,
705132,茂迪統一72購02,2026-08-05,0.48,0.03,6.67,3000000,0,綠縮,否,,0.46,0.51,0.55,,-16.6667,-12.1528,-9.1879
705135,穩懋統一72購05,2026-08-05,1.53,0.23,17.69,50000000,0,,是,,1.41,1.51,,,-12.5155,,
705136,鏵友益統一72購01,2026-08-05,0.95,0.04,4.4,16000000,0,,否,,1.05,1.16,,,-16.7457,,
705138,良維中信5C購01,2026-08-05,1.29,0.17,15.18,1000000,0,,否,,2.9,,,,,,
705144,岳豐國票59購01,2026-08-05,0.04,-0.01,-20.0,100000000,0,綠增,是,,0.16,0.32,0.53,,-67.7686,-46.932,-16.5479
705147,崴寶國票59購01,2026-08-05,0.38,0.19,100.0,1000000,0,,否,,0.54,0.89,,,-56.5428,,
705150,加百裕元大58購02,2026-08-05,0.65,0.6,1200.0,1000000,0,,否,,0.49,0.37,0.39,,96.8,22.8477,-14.0487
705153,宜鼎元大58購07,2026-08-05,4.25,0.4,10.39,5000000,0,,否,,4.18,5.05,,,-29.4018,-36.8131,
705161,雙鴻元大61購03,2026-08-05,0.54,0.07,14.89,1000000,0,,是,,0.59,0.75,,,-34.4371,,
705165,台燿群益58購06,2026-08-05,31.8,5.2,19.55,1000000,0,,否,,40.34,39.6,,,3.8085,,
705169,正淩凱基5B購01,2026-08-05,0.42,0.1,31.25,5000000,0,,是,,1.12,1.35,,,-29.4192,,
705171,系統電凱基61購01,2026-08-05,0.56,0.16,40.0,10000000,0,,是,,0.66,1.04,,,-54.0503,-41.3251,
705175,崴寶凱基59購01,2026-08-05,0.04,-0.23,-85.19,34000000,0,綠增,是,,0.3,0.53,0.93,,-59.8945,-42.5946,-28.2961
705181,家登國泰59購01,2026-08-05,1.7,0.29,20.57,68000000,0,,是,,2.45,,,,,,
705186,閎康富邦5A購01,2026-08-05,3.33,0.8,31.62,4000000,0,,是,,2.35,2.29,,,5.7606,,
705188,元太統一62購01,2026-08-05,0.7,-0.01,-1.41,36000000,0,紅增,否,,0.64,0.63,0.72,,2.9126,-5.0,-4.3132
705190,弘塑統一72購01,2026-08-05,1.23,-0.14,-10.22,209000000,0,,是,,1.52,,,,,,
705191,正淩統一72購01,2026-08-05,0.58,0.02,3.57,110000000,0,,是,,0.67,0.72,,,-12.2715,,
705192,沛亨統一72購01,2026-08-05,1.47,0.09,6.52,436000000,0,,是,,1.24,1.33,,,-12.7119,-26.087,
705193,宜鼎統一72購01,2026-08-05,1.7,0.16,10.39,13000000,0,綠轉紅,否,,1.45,1.45,1.65,,1.2535,-9.0623,-12.3569
705196,雙鴻統一72購01,2026-08-05,0.63,0.02,3.28,37000000,0,紅增,否,,0.63,0.6,0.67,,7.1918,-6.4915,-6.9156
705197,鑫聯統一65購01,2026-08-05,0.78,0.1,14.71,134000000,0,,是,,0.7,0.73,0.77,,-7.9365,-5.3455,-11.3153
705199,凡甲國票59購01,2026-08-05,0.46,-0.02,-4.17,50000000,0,,是,,0.43,0.75,1.35,,-59.7015,-34.6087,-31.9748
705201,加百裕國票59購01,2026-08-05,0.05,0.01,25.0,10000000,0,,是,,0.32,0.33,,,-8.0925,-35.534,
705205,鑫聯國票59購03,2026-08-05,1.35,0.17,14.41,360000000,0,,是,,1.34,1.56,,,-25.2796,-23.9903,
705210,雙鴻元大58購17,2026-08-05,0.05,-0.08,-61.54,178000000,0,綠增,是,,0.19,0.23,0.37,,-30.4348,-35.0,-31.2213
705214,神盾永豐5B購01,2026-08-05,0.33,0.05,17.86,112000000,0,綠縮,是,,0.34,0.39,0.55,,-22.6244,-30.0,-12.5696
705222,雙鴻元富5A購05,2026-08-05,0.6,0.04,7.14,1000000,0,,否,,0.57,0.77,1.23,,-41.8033,-39.9222,-27.1649
705225,穩懋元富5A購03,2026-08-05,5.55,1.67,43.04,50000000,0,,是,,4.16,,,,,,
705236,凡甲凱基59購01,2026-08-05,0.5,0.04,8.7,70000000,0,紅增,否,,0.63,0.69,0.98,,-15.0538,-33.7187,-18.0301
705238,穩懋凱基61購01,2026-08-05,2.9,0.32,12.4,40000000,0,綠轉紅,是,,2.43,2.42,3.11,,1.0806,-20.0859,-9.5328
705239,鑫聯凱基58購03,2026-08-05,0.6,0.21,53.85,2000000,0,,是,,0.76,,,,,,
705241,力旺永豐59購01,2026-08-05,2.27,0.2,9.66,4000000,0,,是,,1.61,2.05,,,-34.9194,-51.6647,
705242,宸曜永豐59購01,2026-08-05,0.63,0.27,75.0,74000000,0,綠轉紅,是,,0.59,0.57,0.6,,8.0882,9.2664,-13.0022
705245,力旺元富58購02,2026-08-05,1.57,0.2,14.6,100000000,0,,是,,1.1,1.36,,,-32.1825,-51.2536,
705246,力旺元富5A購01,2026-08-05,4.13,0.29,7.55,120000000,0,,,,,,,,,,
705252,神盾國泰59購01,2026-08-05,0.27,0.09,50.0,3000000,0,綠縮,是,,0.3,0.42,0.73,,-42.6415,-49.4545,-21.7368
705254,雙鴻富邦5A購02,2026-08-05,0.19,0.03,18.75,436000000,0,,是,,0.17,0.17,0.29,,10.1266,-28.7554,-31.6589
705257,力旺統一65購01,2026-08-05,1.04,0.06,6.12,326000000,0,,是,,0.85,0.87,1.19,,-4.6875,-18.2243,
705258,力旺統一72購01,2026-08-05,1.16,0.04,3.57,718000000,0,紅增,是,,1.0,1.02,1.18,,-3.675,-8.0616,-13.3798
705259,凡甲統一72購01,2026-08-05,0.7,0.0,0.0,10000000,0,,是,,0.7,0.74,0.84,,-9.5607,-8.1047,
705261,元太統一62購02,2026-08-05,0.62,0.0,0.0,1780000000,0,,是,,0.57,0.57,,,0.0,-12.2481,
705262,元太統一72購01,2026-08-05,0.56,0.0,0.0,65000000,0,紅增,否,,0.52,0.52,0.56,,1.1628,-3.7106,-2.5907
705263,弘塑統一72購02,2026-08-05,1.2,-0.06,-4.76,14000000,0,,是,,1.58,1.78,,,-19.8783,,
705264,正淩統一72購02,2026-08-05,0.46,0.03,6.98,100000000,0,綠縮,否,,0.45,0.49,0.56,,-14.0684,-18.5,-8.639
705265,沛亨統一72購02,2026-08-05,1.13,0.19,20.21,27000000,0,,是,,1.05,1.66,,,-54.0351,,
705267,閎康統一72購02,2026-08-05,1.08,0.16,17.39,5000000,0,綠縮,是,,0.89,0.96,1.11,,-14.8077,-15.8217,-9.3033
705268,雙鴻統一62購04,2026-08-05,0.3,0.02,7.14,2000000,0,綠縮,是,,0.24,0.23,0.3,,2.6087,-17.6678,-20.2429
705269,穩懋統一65購02,2026-08-05,1.3,0.3,30.0,88000000,0,綠轉紅,否,,0.83,0.87,1.16,,-9.8253,-22.6465,-24.5517
705273,穩懋國票59購02,2026-08-05,2.88,1.03,55.68,1000000,0,,是,,1.91,2.28,4.92,,-28.2919,-44.3143,-29.8118
705276,力旺群益5A購01,2026-08-05,2.5,0.13,5.49,302000000,0,,是,,1.94,2.06,2.97,,-11.3449,-22.5685,
705282,力旺元大58購03,2026-08-05,10.0,1.0,11.11,10000000,0,,是,,6.32,,,,,,
705284,力旺元大5A購03,2026-08-05,2.37,0.15,6.76,71000000,0,,是,,1.74,1.86,,,-11.7409,-30.7778,
705289,鈊象元大5C購02,2026-08-05,1.96,0.02,1.03,209000000,0,紅增,是,,1.84,1.82,1.89,,1.7719,-5.1042,-0.9714
705292,宏觀凱基5B購01,2026-08-05,0.34,0.03,9.68,20000000,0,,是,,0.59,0.89,,,-50.5863,-49.6045,
705303,台星科富邦5A購01,2026-08-05,0.9,0.11,13.92,148000000,0,,是,,0.76,0.87,,,-22.4949,-22.8444,
705304,台燿富邦5C購02,2026-08-05,5.75,0.87,17.83,1000000,0,,是,,4.7,5.65,6.5,,-28.8269,-18.7949,
705307,富喬富邦5B購01,2026-08-05,0.16,0.03,23.08,1717000000,0,綠縮,是,,0.09,0.13,0.29,,-46.3415,-50.9728,-27.182
705309,亞泰統一72購01,2026-08-05,1.8,0.25,16.13,8000000,0,綠縮,是,,1.45,1.74,1.86,,-28.6417,-13.3831,-9.445
705310,博智統一72購02,2026-08-05,0.82,0.02,2.5,2000000,0,綠縮,否,,0.75,0.82,1.03,,-14.5455,-20.6226,-13.6688
705311,富喬統一62購01,2026-08-05,0.18,-0.15,-45.45,12000000,0,綠縮,否,,0.13,0.16,0.31,,-35.3535,-46.5574,-19.3211
705312,富喬統一62購02,2026-08-05,0.22,-0.04,-15.38,100000000,0,綠縮,否,,0.17,0.27,0.35,,-52.459,-34.6247,-16.2901
705313,精材統一65購01,2026-08-05,2.34,0.39,20.0,90000000,0,綠縮,是,,2.35,2.59,2.3,,-17.0663,2.8549,11.4044
705314,精材統一72購01,2026-08-05,1.25,0.02,1.63,57000000,0,綠縮,否,,1.2,1.46,1.41,,-29.7897,-10.4487,1.7272
705315,鑫科統一72購02,2026-08-05,0.52,0.02,4.0,2000000,0,,否,,0.73,0.7,,,6.4516,,
705316,沛亨國票59購02,2026-08-05,1.8,0.49,37.4,100000000,0,,是,,6.81,,,,,,
705321,富強鑫國票59購01,2026-08-05,0.26,0.01,4.0,54000000,0,,否,,0.23,0.23,0.29,,0.0,-21.7687,
705323,富喬國票59購02,2026-08-05,1.16,0.1,9.43,1000000,0,紅增,是,,1.1,1.06,1.09,,7.8585,3.2195,2.8883
705324,富喬國票5A購01,2026-08-05,0.45,0.18,66.67,265000000,0,綠縮,否,,0.42,0.69,1.0,,-56.4583,-42.0034,-15.3846
705325,聚和國票59購01,2026-08-05,0.52,0.07,15.56,1000000000,0,綠縮,是,,0.56,0.71,0.98,,-35.1852,-39.2491,-9.83
705327,富喬元大58購01,2026-08-05,0.02,0.01,100.0,42000000,0,綠增,是,,0.16,0.35,0.42,,-70.8955,-34.0952,-29.4515
705328,富喬元大58購02,2026-08-05,0.02,0.01,100.0,110000000,0,綠縮,是,,0.07,0.19,0.44,,-77.4194,-61.6935,-21.2556
705330,富喬元大59購01,2026-08-05,0.13,0.06,85.71,5000000,0,,是,,0.2,0.46,0.57,,-72.9508,-33.2855,-25.9502
705331,富喬元大5B購02,2026-08-05,0.16,0.0,0.0,105000000,0,綠縮,是,,0.15,0.25,0.38,,-57.8035,-43.9636,-15.8416
705332,鈊象元大58購08,2026-08-05,2.36,-0.02,-0.84,50000000,0,綠轉紅,否,,2.0,2.03,2.13,,-3.3816,-6.3075,-6.8271
705333,鈊象元大5C購03,2026-08-05,2.1,0.0,0.0,40000000,0,紅增,是,,1.82,1.63,1.8,,26.1111,-0.2451,-1.2884
705337,穩懋元大61購04,2026-08-05,1.8,0.39,27.66,18000000,0,,否,,1.16,1.38,,,-27.4314,,
705340,富喬群益59購01,2026-08-05,0.11,0.08,266.67,15000000,0,,是,,0.37,0.52,0.65,,-44.3114,-15.9935,
705341,富喬群益5A購01,2026-08-05,0.17,-0.05,-22.73,20000000,0,,是,,0.37,0.57,0.62,,-51.8229,-15.7037,-20.9853
705344,富喬永豐58購04,2026-08-05,0.03,0.01,50.0,235000000,0,綠縮,是,,0.03,0.08,0.2,,-80.597,-65.2174,-21.5686
705345,富喬永豐58購05,2026-08-05,0.01,0.0,0.0,62000000,0,,否,,0.03,0.2,0.37,,-91.6667,-52.5547,
705346,富喬永豐5A購02,2026-08-05,0.15,0.03,25.0,58000000,0,綠縮,是,,0.1,0.25,0.36,,-73.6041,-44.2953,-26.1807
705347,富喬永豐61購01,2026-08-05,0.37,-0.12,-24.49,184000000,0,綠縮,是,,0.21,0.28,0.5,,-40.113,-43.4,-19.2432
705348,富喬永豐65購01,2026-08-05,0.51,-0.07,-12.07,63000000,0,綠縮,否,,0.33,0.4,0.6,,-28.6325,-31.6865,-18.2437
705349,雙鴻永豐5B購01,2026-08-05,0.33,0.06,22.22,389000000,0,綠縮,是,,0.31,0.37,0.58,,-30.137,-38.5124,-26.7641
705355,萬潤凱基58購04,2026-08-05,12.5,-7.3,-36.87,1000000,0,,,,,,,,,,
705357,穩懋凱基61購02,2026-08-05,5.85,-1.35,-18.75,5000000,0,,是,,8.64,8.04,,,15.9732,,
705358,良維兆豐5A購01,2026-08-05,0.64,-0.07,-9.86,10000000,0,,是,,0.72,1.01,,,-44.5636,-46.1824,
705365,雙鴻元大5B購02,2026-08-05,0.54,0.02,3.85,5000000,0,綠縮,是,,0.5,0.62,0.82,,-33.6,-29.0102,-20.0294
705367,穩懋元大58購08,2026-08-05,0.8,0.34,73.91,1000000,0,,是,,2.04,,,,,,
705369,穩懋元大58購10,2026-08-05,0.44,0.2,83.33,1000000,0,,是,,0.33,0.53,1.3,,-54.9451,-57.5563,-29.7319
705370,穩懋元大61購05,2026-08-05,2.0,0.34,20.48,22000000,0,,是,,1.9,2.07,2.35,,-14.7717,-17.799,-3.9967
705372,力致統一64購01,2026-08-05,0.33,0.0,0.0,150000000,0,綠縮,是,,0.32,0.4,0.48,,-33.8843,-22.093,-12.5678
705374,元太統一72購02,2026-08-05,0.74,0.05,7.25,170000000,0,,是,,0.65,0.64,0.72,,1.8809,-11.7808,-11.4532
705375,台燿統一62購02,2026-08-05,6.7,0.75,12.61,2000000,0,,是,,6.65,6.03,,,22.8751,,
705378,宏捷科統一61購04,2026-08-05,0.45,0.05,12.5,668000000,0,綠轉紅,是,,0.32,0.37,0.54,,-25.7009,-29.222,-23.7027
705379,沛亨統一68購01,2026-08-05,0.95,0.08,9.2,36000000,0,,是,,1.61,1.86,,,-24.1021,,
705380,系統電統一5C購02,2026-08-05,0.24,0.02,9.09,50000000,0,綠縮,否,,0.21,0.25,0.37,,-28.9655,-36.8957,-22.4638
705381,系微統一64購01,2026-08-05,0.64,0.03,4.92,9000000,0,,否,,0.67,0.93,,,-43.75,-23.3002,
705382,亞泰統一72購02,2026-08-05,2.08,0.18,9.47,15000000,0,,否,,1.79,2.25,2.43,,-34.1428,-13.8708,-16.3055
705383,宜特統一65購01,2026-08-05,0.63,0.06,10.53,11000000,0,,是,,0.75,0.87,0.92,,-24.3408,-8.4567,
705386,茂達統一72購01,2026-08-05,0.91,0.01,1.11,65000000,0,綠縮,是,,0.85,0.92,1.13,,-13.0346,-17.6682,-8.5969
705387,原相統一64購01,2026-08-05,0.51,0.04,8.51,217000000,0,綠縮,否,,0.44,0.44,0.54,,-0.4525,-12.6733,-8.5034
705388,能率統一72購01,2026-08-05,0.57,0.1,21.28,13000000,0,綠縮,否,,0.46,0.5,0.55,,-16.0584,-12.9534,-4.1264
705389,富強鑫統一72購01,2026-08-05,0.65,0.03,4.84,25000000,0,,否,,0.61,0.6,0.59,,2.6936,0.6689,
705390,新漢統一64購02,2026-08-05,0.36,0.07,24.14,15000000,0,綠縮,否,,0.31,0.37,0.37,,-30.137,-10.3614,-7.5682
705391,新漢統一72購01,2026-08-05,0.48,0.06,14.29,12000000,0,,否,,0.41,0.45,0.47,,-14.9378,-12.2047,-7.2266
705392,萬潤統一62購01,2026-08-05,3.55,-0.09,-2.47,27000000,0,綠轉紅,否,,2.89,3.02,3.19,,-8.365,-4.2432,-10.0254
705393,鈺太統一64購01,2026-08-05,0.59,0.08,15.69,239000000,0,,是,,0.53,,,,,,
705395,聚和統一64購01,2026-08-05,0.51,0.03,6.25,332000000,0,綠縮,是,,0.47,0.54,0.62,,-22.5166,-22.2061,-5.2632
705396,廣明統一72購01,2026-08-05,0.25,0.02,8.7,2000000,0,,否,,0.29,0.31,,,-12.5749,,
705398,穩懋統一61購06,2026-08-05,1.2,0.27,29.03,5000000,0,,是,,0.85,1.44,2.03,,-57.6809,-39.9916,-20.9552
705399,穩懋統一62購01,2026-08-05,1.2,0.34,39.53,323000000,0,綠轉紅,是,,0.66,0.68,0.89,,-5.6818,-21.3793,-23.5143
705400,穩懋統一62購02,2026-08-05,1.5,0.47,45.63,29000000,0,綠縮,是,,1.21,1.36,2.04,,-20.1325,-36.3934,-15.5422
705401,穩懋統一62購03,2026-08-05,1.17,0.31,36.05,18000000,0,綠轉紅,否,,0.8,0.88,1.01,,-16.1426,-13.2542,-19.166
705405,正基國票59購01,2026-08-05,0.11,0.03,37.5,100000000,0,綠縮,否,,0.09,0.17,0.34,,-63.2812,-53.9474,-31.1178
705410,沛亨永豐5B購01,2026-08-05,1.3,0.12,10.17,127000000,0,,是,,1.7,2.74,,,-55.156,,
705421,穩懋元富58購02,2026-08-05,1.55,0.68,78.16,1000000,0,,是,,1.16,1.52,,,-38.1003,-49.9505,
705431,世界台新59購01,2026-08-05,0.96,0.02,2.13,208000000,0,綠縮,是,,1.11,1.66,2.73,,-50.1802,-39.2622,-11.0713
705437,弘塑凱基5C購01,2026-08-05,5.3,-1.0,-15.87,15000000,0,,否,,9.6,,,,,,
705438,沛亨凱基5A購01,2026-08-05,1.75,0.27,18.24,161000000,0,,是,,1.36,3.12,,,-72.1379,-53.953,
705439,信驊凱基5A購03,2026-08-05,7.1,0.5,7.58,22000000,0,,否,,5.46,5.22,,,9.6347,,
705443,新應材兆豐5B購01,2026-08-05,0.21,0.03,16.67,11000000,0,綠縮,是,,0.19,0.41,0.56,,-69.5238,-33.2792,-22.8966
705445,東浦國票5A購01,2026-08-05,0.44,0.01,2.33,2000000,0,綠縮,否,,0.63,1.18,1.74,,-63.2677,-40.7631,-13.1041
705446,信驊國票62購01,2026-08-05,5.3,0.47,9.73,213000000,0,紅增,是,,4.34,4.27,4.48,,3.1369,4.9092,-7.7755
705451,穩懋國票5A購03,2026-08-05,1.6,0.75,88.24,3000000,0,綠轉紅,否,,1.07,1.08,1.77,,-3.2668,-35.7439,-33.702
705459,信驊群益59購03,2026-08-05,4.0,1.0,33.33,53000000,0,,是,,4.06,4.18,4.64,,-5.7183,-11.4619,
705461,湧德群益61購01,2026-08-05,0.41,0.05,13.89,236000000,0,,是,,0.43,0.52,0.66,,-29.9674,-23.5725,-20.5811
705472,臺慶科元大59購01,2026-08-05,0.68,0.05,7.94,1000000,0,,否,,3.33,,,,,,
705473,德微元大59購01,2026-08-05,1.33,0.35,35.71,1000000,0,,是,,5.63,5.47,,,6.0241,,
705475,雙鴻元大5C購03,2026-08-05,0.87,0.01,1.16,98000000,0,綠縮,是,,0.83,0.79,1.01,,8.9474,-17.5493,-9.6875
705476,雙鴻元大61購05,2026-08-05,0.71,0.05,7.58,2000000,0,,是,,0.57,0.75,,,-39.4456,-31.5455,
705478,台特化統一73購01,2026-08-05,0.5,0.05,11.11,5000000,0,,是,,0.49,0.57,0.65,,-26.1398,-13.8554,
705480,良維統一63購01,2026-08-05,0.52,-0.02,-3.7,177000000,0,綠縮,是,,0.51,0.63,0.93,,-32.7128,-32.6552,-17.9183
705481,亞泰統一62購01,2026-08-05,2.3,0.51,28.49,4000000,0,綠縮,是,,1.94,2.65,2.7,,-42.2368,-14.8636,-6.8256
705483,新應材統一62購02,2026-08-05,0.27,-0.13,-32.5,392000000,0,綠縮,是,,0.23,0.28,0.37,,-32.9412,-26.0417,-18.535
705485,萬潤統一73購01,2026-08-05,3.31,0.11,3.44,48000000,0,綠轉紅,否,,2.68,2.82,2.93,,-9.6491,-5.2402,-7.265
705487,穩懋統一66購01,2026-08-05,1.0,0.28,38.89,525000000,0,綠轉紅,是,,0.61,0.62,0.8,,-3.7975,-20.0,-22.7141
705488,穩懋統一73購01,2026-08-05,1.28,0.23,21.9,47000000,0,綠轉紅,是,,1.03,1.05,1.25,,-4.4527,-14.5867,-17.4503
705489,穩懋統一73購02,2026-08-05,1.23,0.15,13.89,100000000,0,綠轉紅,否,,0.9,0.97,1.18,,-13.1274,-18.1741,-17.8435
705492,世界永豐5B購02,2026-08-05,5.4,0.84,18.42,3000000,0,綠縮,否,,5.49,6.18,8.46,,-20.1571,-22.8379,-6.4648
705494,台特化永豐5B購01,2026-08-05,0.09,0.03,50.0,200000000,0,,是,,0.25,0.35,,,-44.5946,,
705496,光頡永豐5A購01,2026-08-05,0.5,0.21,72.41,1000000,0,,否,,1.43,4.62,4.44,,-81.7157,-26.9723,
705497,宜鼎永豐5A購02,2026-08-05,3.22,0.44,15.83,20000000,0,,是,,2.63,3.27,5.37,,-32.7701,-44.0082,
705500,原相永豐5B購01,2026-08-05,1.23,0.23,23.0,32000000,0,,否,,1.21,1.51,,,-33.1858,-16.8688,
705504,雙鴻永豐5C購01,2026-08-05,0.63,0.07,12.5,12000000,0,,否,,0.81,0.96,1.15,,-26.1818,-15.7709,
705505,穩懋永豐5A購03,2026-08-05,1.0,0.4,66.67,208000000,0,綠轉紅,否,,0.51,0.62,1.05,,-30.2452,-39.4558,-35.0633
705506,台星科元富59購01,2026-08-05,1.98,0.43,27.74,20000000,0,綠增,是,,2.45,3.49,4.48,,-45.8241,-29.0854,-12.3813
705510,茂迪元富59購01,2026-08-05,0.1,0.0,0.0,100000000,0,,否,,0.57,,,,,,
705515,穩懋元富59購02,2026-08-05,1.5,0.66,78.57,50000000,0,,是,,0.74,1.05,2.02,,-45.2802,-47.4185,
705516,穩懋元富59購03,2026-08-05,0.46,0.26,130.0,13000000,0,綠轉紅,否,,0.41,0.65,1.33,,-53.0612,-43.3566,-34.8039
705520,宜鼎兆豐63購01,2026-08-05,4.41,0.33,8.09,58000000,0,綠縮,是,,3.44,3.59,4.78,,-7.9764,-23.1412,-17.8473
705521,順達兆豐5B購01,2026-08-05,0.86,0.04,4.88,10000000,0,,是,,1.98,1.99,,,-1.3958,-12.2853,
705522,雙鴻兆豐5B購01,2026-08-05,0.12,0.02,20.0,3000000,0,,是,,0.19,0.32,,,-58.5153,,
705523,中探針凱基59購03,2026-08-05,3.27,0.96,41.56,33000000,0,,是,,2.09,6.09,11.18,,-79.2468,-52.7569,-30.0422
705527,萬潤凱基5B購01,2026-08-05,14.2,-0.9,-5.96,3000000,0,,是,,12.24,12.48,,,-3.7736,-6.5169,
705535,穩懋凱基59購09,2026-08-05,0.47,0.15,46.88,40000000,0,綠縮,否,,0.3,0.59,1.56,,-65.8314,-54.4118,-36.5675
705536,穩懋凱基59購10,2026-08-05,0.11,-0.48,-81.36,10000000,0,,是,,0.29,0.63,1.53,,-70.5155,-57.8523,
705539,中探針元大5A購02,2026-08-05,2.06,0.66,47.14,6000000,0,,是,,1.24,2.82,,,-71.8566,,
705545,德微元大59購02,2026-08-05,2.45,0.72,41.62,1000000,0,,,,,,,,,,
705549,穩懋元大59購06,2026-08-05,0.67,0.28,71.79,2000000,0,綠縮,是,,0.81,1.35,2.29,,-57.4737,-43.7006,-22.6122
705550,穩懋元大59購07,2026-08-05,0.44,0.15,51.72,11000000,0,綠縮,否,,0.36,0.53,1.28,,-48.8636,-46.3169,-30.5043
705551,穩懋元大5A購03,2026-08-05,1.65,0.5,43.48,69000000,0,綠轉紅,是,,0.95,0.86,1.26,,25.8575,-30.8003,-26.0117
705552,穩懋元大5B購04,2026-08-05,1.69,0.47,38.52,1000000,0,綠縮,是,,1.5,1.51,1.81,,-1.9659,-18.4566,-6.3455
705553,穩懋元大5C購04,2026-08-05,1.72,0.18,11.69,47000000,0,綠縮,是,,1.57,1.68,1.81,,-11.8701,-3.8351,-8.6529
705554,宜鼎富邦5C購02,2026-08-05,2.0,0.4,25.0,81000000,0,綠縮,是,,1.65,1.75,2.3,,-10.8225,-17.1956,-14.5772
705555,中探針永豐5C購01,2026-08-05,3.0,0.52,20.97,7000000,0,綠縮,否,,2.71,3.91,5.04,,-46.8652,-31.3422,-13.5026
705560,萬潤永豐5C購01,2026-08-05,2.55,0.05,2.0,37000000,0,綠轉紅,否,,2.27,2.23,2.44,,3.5584,-2.2349,-13.951
705565,穩懋永豐5C購02,2026-08-05,1.02,0.27,36.0,658000000,0,綠轉紅,是,,0.64,0.7,1.0,,-16.3158,-28.9206,-30.0
705568,沛亨國泰5A購01,2026-08-05,2.19,0.3,15.87,50000000,0,,是,,1.79,,,,,,
705571,弘塑凱基59購03,2026-08-05,1.57,-0.9,-36.44,53000000,0,,是,,3.0,,,,,,
705572,旺矽凱基5A購02,2026-08-05,13.0,2.1,19.27,1000000,0,,是,,11.97,14.57,,,-30.2448,-7.9912,
705585,博磊永豐5A購01,2026-08-05,2.36,0.41,21.03,79000000,0,,是,,3.81,4.93,,,-37.0126,,
705594,旺矽元大59購04,2026-08-05,8.2,1.2,17.14,10000000,0,,是,,9.76,,,,,,
705595,閎康元大59購01,2026-08-05,1.18,0.47,66.2,40000000,0,,是,,1.49,2.47,,,-56.7207,,
705596,鈺太元大59購01,2026-08-05,0.37,0.15,68.18,308000000,0,,是,,1.15,1.47,,,-35.6502,-25.3564,
705603,元太國票5A購01,2026-08-05,0.51,0.0,0.0,100000000,0,,是,,0.73,0.93,,,-35.8524,-14.5471,
705604,良維國票67購01,2026-08-05,1.56,0.03,1.96,54000000,0,綠縮,是,,1.93,2.04,2.82,,-10.1679,-28.7714,-12.2747
705610,精材國票5C購01,2026-08-05,4.72,0.41,9.51,73000000,0,綠增,否,,5.33,6.61,5.78,,-32.557,-3.3324,11.8313
705612,中光電群益59購01,2026-08-05,0.06,0.02,50.0,7000000,0,,否,,0.39,0.52,0.36,,-40.367,21.6783,9.6531
705616,宏捷科群益5A購02,2026-08-05,0.32,0.05,18.52,1000000,0,,是,,0.61,0.83,1.07,,-42.8302,-33.0924,-21.5125
705626,環球晶群益59購04,2026-08-05,11.5,0.3,2.68,1000000,0,,是,,18.98,13.77,,,121.729,,
705631,大綜永豐5A購01,2026-08-05,1.35,0.57,73.08,200000000,0,,是,,0.94,1.14,1.89,,-29.6572,-46.7381,
705638,宜鼎群益5B購01,2026-08-05,3.72,0.57,18.1,30000000,0,,否,,3.69,,,,,,
705644,原相群益5C購01,2026-08-05,0.66,0.06,10.0,2000000,0,,否,,0.78,0.97,1.04,,-32.9897,-13.8298,
705649,印能凱基59購01,2026-08-05,8.1,0.3,3.85,5000000,0,紅增,否,,5.84,5.08,4.64,,35.0764,28.4775,0.4659
705652,宜鼎凱基5A購03,2026-08-05,5.4,0.84,18.42,79000000,0,,否,,3.7,3.84,6.57,,-7.1357,-31.0952,
705661,茂迪元大59購04,2026-08-05,0.1,0.0,0.0,1000000,0,綠縮,否,,0.11,0.11,0.15,,-14.5161,-32.3529,-17.9558
705664,閎康元大59購02,2026-08-05,1.0,0.48,92.31,6000000,0,,是,,0.78,1.37,,,-60.3061,-33.8008,
705671,鈊象富邦5B購01,2026-08-05,0.98,0.05,5.38,39000000,0,紅增,是,,0.85,0.77,0.91,,24.4898,-7.563,-7.5013
705672,聖暉*富邦5B購01,2026-08-05,1.5,0.19,14.5,110000000,0,,是,,1.77,1.95,,,-17.1348,,
705677,譜瑞富邦5C購01,2026-08-05,2.89,-0.03,-1.03,2000000,0,綠增,是,,2.92,2.95,3.06,,-2.4749,-4.588,1.3574
705680,正基國票5A購01,2026-08-05,0.05,0.01,25.0,5000000,0,,是,,0.18,0.31,,,-57.0093,-44.0585,
705682,宜鼎國票5A購02,2026-08-05,5.6,0.84,17.65,24000000,0,綠縮,否,,3.98,4.42,7.78,,-18.2005,-37.2251,-22.2738
705683,岳豐國票5A購01,2026-08-05,0.04,0.0,0.0,74000000,0,,是,,0.11,0.3,,,-76.5432,,
705692,臺慶科國票5A購02,2026-08-05,0.41,-0.02,-4.65,51000000,0,綠縮,否,,0.39,0.55,1.62,,-43.553,-58.3524,-42.5667
705695,前鼎凱基59購02,2026-08-05,0.38,-0.66,-63.46,30000000,0,,否,,0.81,1.39,,,-58.7996,-72.1676,
705699,聚和凱基5A購01,2026-08-05,0.61,0.06,10.91,150000000,0,綠縮,否,,0.52,0.7,1.15,,-41.8919,-43.7049,-16.4978
705702,宏捷科國票62購01,2026-08-05,0.42,0.07,20.0,36000000,0,,否,,0.35,0.58,0.88,,-56.5757,-39.8543,
705708,正基國泰5A購01,2026-08-05,0.05,0.02,66.67,7000000,0,,否,,0.32,,,,,,
705711,台特化元大5C購01,2026-08-05,0.25,0.04,19.05,165000000,0,綠縮,否,,0.21,0.3,0.46,,-45.641,-40.6312,-21.6239
705712,台燿元大61購03,2026-08-05,10.5,1.75,20.0,1000000,0,,是,,,,,,,,
705724,新復興元大59購05,2026-08-05,0.11,0.01,10.0,1000000,0,,否,,0.12,0.14,0.13,,-27.7108,-10.0629,
705726,雙鴻元大61購08,2026-08-05,0.76,-0.01,-1.3,65000000,0,綠縮,是,,0.72,0.75,0.93,,-9.3671,-18.5065,-17.3738
705740,陽程永豐5A購01,2026-08-05,3.33,0.6,21.98,12000000,0,,否,,,,,,,,
705749,宜特凱基59購02,2026-08-05,1.4,0.0,0.0,300000000,0,,是,,2.77,,,,,,
705755,雙鴻凱基5C購03,2026-08-05,0.76,0.08,11.76,228000000,0,,否,,0.6,0.63,0.91,,-9.9099,-21.8519,-28.313
705758,世界元大5C購01,2026-08-05,2.37,0.31,15.05,23000000,0,綠縮,否,,1.91,2.37,2.34,,-32.5548,-12.2729,-4.3061
705759,台特化元大5C購02,2026-08-05,0.15,0.03,25.0,20000000,0,綠縮,否,,0.15,0.23,0.35,,-52.8662,-41.519,-22.1239
705763,良維元大59購02,2026-08-05,0.2,0.02,11.11,10000000,0,,否,,0.69,1.42,2.25,,-68.1481,-35.682,
705764,良維元大59購03,2026-08-05,0.39,0.0,0.0,60000000,0,,否,,0.44,1.47,2.61,,-82.2542,-45.9251,
705768,新應材元大59購01,2026-08-05,0.17,0.07,70.0,2000000,0,,是,,0.64,1.01,1.49,,-53.4682,-28.892,
705773,雙鴻元大59購07,2026-08-05,0.53,0.03,6.0,100000000,0,,是,,0.85,1.04,,,-30.9562,,
705778,鈊象國票5A購01,2026-08-05,1.02,0.12,13.33,15000000,0,綠轉紅,否,,0.91,0.86,1.12,,10.7317,-23.2,-11.1508
705781,鏵友益國票5B購01,2026-08-05,0.79,0.04,5.33,80000000,0,綠縮,是,,0.87,1.11,1.23,,-35.4167,-16.1486,-20.0715
705782,鑫聯國票5A購01,2026-08-05,1.46,0.27,22.69,40000000,0,,是,,1.37,,,,,,
705783,良維中信61購01,2026-08-05,0.7,0.0,0.0,168000000,0,,否,,0.66,0.83,1.49,,-34.0637,-44.9802,-28.2996
705784,環球晶中信59購01,2026-08-05,6.5,0.5,8.33,1000000,0,,是,,10.79,10.94,9.33,,-2.6173,11.8098,
705785,新應材永豐63購01,2026-08-05,0.98,0.08,8.89,7000000,0,紅增,否,,0.9,0.84,1.03,,16.5375,-13.4298,-4.8104
705800,大綜統一73購01,2026-08-05,0.9,0.13,16.88,180000000,0,,是,,0.71,0.7,0.87,,1.4368,-6.2834,-13.0608
705804,環球晶統一63購01,2026-08-05,5.3,0.42,8.61,1000000,0,綠縮,是,,4.05,4.28,4.39,,-9.831,-12.0913,3.8571
705805,環球晶統一63購02,2026-08-05,2.5,-0.45,-15.25,52000000,0,綠縮,否,,2.48,3.78,4.25,,-51.182,-28.4524,-5.4138
705806,環球晶統一73購01,2026-08-05,2.3,-0.32,-12.21,14000000,0,綠縮,否,,2.38,3.11,3.51,,-38.0333,-25.294,-0.8617
705807,環球晶統一73購02,2026-08-05,1.88,-0.22,-10.48,836000000,0,綠增,是,,2.48,2.9,2.91,,-25.3012,-12.9129,2.7141
705809,元太國票5A購02,2026-08-05,1.74,0.25,16.78,30000000,0,,否,,1.35,1.36,1.93,,-1.173,-25.9421,
705811,長佳智國票5A購01,2026-08-05,0.18,0.0,0.0,161000000,0,綠縮,否,,0.19,0.27,0.4,,-46.3277,-42.2505,-16.1765
705814,精星國票5A購01,2026-08-05,0.08,-0.01,-11.11,75000000,0,綠縮,否,,0.1,0.15,0.27,,-48.9583,-46.2963,-20.1807
705819,台星科永豐5C購01,2026-08-05,1.04,0.05,5.05,164000000,0,綠縮,否,,0.97,1.09,1.41,,-20.297,-23.2558,-13.6461
705820,宜特永豐5C購01,2026-08-05,0.57,0.03,5.56,150000000,0,綠縮,是,,0.61,0.7,0.97,,-21.6837,-32.7885,-14.3235
705824,能率永豐5C購01,2026-08-05,0.65,0.19,41.3,91000000,0,綠縮,是,,0.49,0.62,0.67,,-35.0267,-17.5134,-7.1478
705826,順達永豐61購01,2026-08-05,2.42,-0.03,-1.22,4000000,0,綠增,否,,3.99,4.73,5.11,,-27.1997,-17.601,-9.5987
705829,天品元富59購01,2026-08-05,0.46,0.03,6.98,16000000,0,綠縮,否,,0.51,0.63,0.77,,-32.3607,-25.7344,-8.7189
705831,弘塑元富59購02,2026-08-05,2.27,-0.2,-8.1,1000000,0,,,,,,,,,,
705845,信驊元大5C購01,2026-08-05,9.65,0.15,1.58,4000000,0,,否,,7.24,7.51,,,-6.9409,-18.5024,
705851,雙鴻元大59購08,2026-08-05,0.36,0.04,12.5,707000000,0,,是,,0.4,0.4,0.68,,-2.4631,-34.4771,-17.3966
705853,雙鴻元大61購10,2026-08-05,0.8,0.12,17.65,2000000,0,綠轉紅,否,,0.64,0.62,0.74,,6.6667,-9.7525,-11.8977
705854,台特化統一63購03,2026-08-05,0.21,0.02,10.53,120000000,0,,否,,0.24,0.31,,,-37.5661,-24.9389,
705857,沛亨統一73購01,2026-08-05,0.88,0.06,7.32,119000000,0,,是,,0.78,0.98,,,-33.3333,-29.7044,
705858,良維統一73購01,2026-08-05,0.37,0.0,0.0,555000000,0,綠縮,是,,0.4,0.46,0.58,,-21.7054,-24.5902,-11.6932
705859,旺矽統一73購01,2026-08-05,3.81,0.35,10.12,1000000,0,綠縮,否,,3.34,3.57,3.91,,-12.3028,-12.0473,-5.1469
705860,順達統一73購01,2026-08-05,0.46,-0.01,-2.13,282000000,0,綠縮,否,,0.45,0.54,0.66,,-27.3312,-25.2089,-11.1713
705861,新應材統一73購01,2026-08-05,0.32,0.01,3.23,131000000,0,綠轉紅,是,,0.28,0.31,0.35,,-16.6667,-13.4831,-9.5855
705863,德微統一73購01,2026-08-05,1.4,-0.15,-9.68,60000000,0,,是,,1.35,1.71,,,-34.144,-25.1208,
705864,環球晶統一62購01,2026-08-05,3.66,0.19,5.48,1000000,0,綠縮,否,,3.76,5.28,4.96,,-44.6244,-14.2834,-0.5617
705865,穩得統一73購01,2026-08-05,0.5,0.07,16.28,53000000,0,,是,,0.62,0.7,0.79,,-22.2222,-14.0415,
705870,信驊凱基5B購01,2026-08-05,5.4,0.2,3.85,14000000,0,,是,,4.35,4.22,,,6.0976,,
705874,鈊象凱基61購02,2026-08-05,2.41,-0.01,-0.41,28000000,0,紅增,否,,2.16,1.98,2.13,,19.5122,2.0093,-0.3048
705876,榮剛凱基5A購01,2026-08-05,0.5,-0.02,-3.85,11000000,0,綠縮,否,,0.6,0.69,0.87,,-23.0769,-20.6897,-17.933
705879,良維富邦5B購01,2026-08-05,0.37,0.0,0.0,123000000,0,綠縮,否,,0.39,0.51,0.96,,-39.6875,-47.8659,-29.9491
705880,新應材富邦63購02,2026-08-05,0.23,0.01,4.55,800000000,0,綠縮,是,,0.25,0.34,0.44,,-42.9224,-24.0618,-24.6141
705887,新應材群益5A購01,2026-08-05,0.16,-0.03,-15.79,15000000,0,,是,,0.28,0.44,,,-53.0,-57.4735,
705888,漢科群益59購01,2026-08-05,0.22,-0.01,-4.35,10000000,0,,否,,0.65,,,,,,
705891,雙鴻群益59購05,2026-08-05,0.75,0.13,20.97,50000000,0,綠縮,否,,0.79,0.83,1.4,,-9.589,-36.9138,-26.7764
705893,鑫聯群益59購02,2026-08-05,1.2,0.25,26.32,7000000,0,,,,,,,,,,
705896,台特化凱基5C購01,2026-08-05,0.18,0.04,28.57,50000000,0,綠縮,是,,0.2,0.31,0.44,,-51.4563,-37.6782,-27.9579
705897,巨漢凱基59購01,2026-08-05,0.23,0.03,15.0,125000000,0,綠增,是,,0.63,0.99,1.39,,-53.8348,-34.7597,-18.1818
705899,旺矽凱基5B購01,2026-08-05,10.2,1.6,18.6,1000000,0,,否,,10.34,11.28,11.49,,-15.3846,-10.7595,0.9001
705900,新普凱基59購01,2026-08-05,1.25,0.08,6.84,92000000,0,綠縮,是,,1.3,1.53,2.4,,-26.6138,-42.2482,-16.0182
705902,聖暉*凱基59購03,2026-08-05,4.73,1.45,44.21,20000000,0,,是,,8.1,7.38,,,21.6216,,
705905,雙鴻凱基59購10,2026-08-05,0.31,0.0,0.0,552000000,0,,是,,0.26,0.44,0.77,,-57.7922,-49.3056,
705907,鑫聯凱基59購01,2026-08-05,0.52,0.16,44.44,4000000,0,,,,,,,,,,
705917,雙鴻群益63購01,2026-08-05,0.55,0.03,5.77,10000000,0,綠轉紅,否,,0.47,0.48,0.54,,-5.2419,-7.4713,-10.9836
705923,弘塑永豐5B購02,2026-08-05,1.69,0.04,2.42,44000000,0,,,,,,,,,,
705924,匯鑽科永豐5A購01,2026-08-05,0.12,-0.01,-7.69,6000000,0,,是,,,,,,,,
705927,新應材永豐63購02,2026-08-05,0.29,0.01,3.57,2000000,0,綠轉紅,否,,0.24,0.28,0.35,,-22.4359,-21.9718,-16.6667
705928,雙鴻永豐63購01,2026-08-05,0.65,0.02,3.17,17000000,0,綠轉紅,否,,0.52,0.55,0.64,,-7.4205,-6.8376,-13.7042
705931,台半國票5A購01,2026-08-05,3.71,1.03,38.43,5000000,0,綠縮,是,,2.94,4.06,7.92,,-43.1335,-53.9466,-8.942
705935,胡連國票5A購01,2026-08-05,0.36,0.03,9.09,178000000,0,綠縮,否,,0.33,0.37,0.46,,-19.5122,-25.2525,-12.4038
705938,新應材國票5A購02,2026-08-05,0.17,0.03,21.43,6000000,0,,是,,0.2,0.35,0.56,,-59.4378,-40.3748,-32.5287
705939,新應材國票5B購01,2026-08-05,0.34,0.01,3.03,1000000,0,綠轉紅,否,,0.22,0.29,0.45,,-35.2601,-39.2324,-24.4147
705940,新應材國票5C購01,2026-08-05,0.27,0.04,17.39,133000000,0,綠轉紅,否,,0.21,0.28,0.43,,-42.4581,-35.6164,-24.6018
705943,德微國票5A購01,2026-08-05,3.24,0.51,18.68,35000000,0,,是,,6.34,,,,,,
705944,新應材富邦5C購02,2026-08-05,0.2,0.04,25.0,547000000,0,綠轉紅,是,,0.16,0.21,0.31,,-37.0079,-35.7143,-24.7585
705946,宏捷科統一63購01,2026-08-05,0.39,-0.02,-4.88,11000000,0,綠縮,否,,0.3,0.34,0.51,,-21.3542,-33.3981,-23.0015
705947,系微統一73購01,2026-08-05,0.66,0.06,10.0,33000000,0,綠縮,否,,0.58,0.63,0.77,,-15.2047,-17.9221,-10.8482
705949,良維統一73購02,2026-08-05,0.61,0.01,1.67,16000000,0,綠縮,是,,0.6,0.69,0.88,,-23.0179,-24.9458,-13.1695
705950,宜特統一73購01,2026-08-05,0.58,0.04,7.41,26000000,0,綠縮,是,,0.56,0.59,0.68,,-11.1465,-15.1645,-7.6819
705951,信紘科統一63購01,2026-08-05,0.28,0.01,3.7,10000000,0,,否,,0.32,0.38,0.44,,-29.0179,-19.0275,-10.3448
705953,鉅橡統一73購01,2026-08-05,0.44,0.01,2.33,5000000,0,,否,,0.56,0.67,,,-29.4416,-15.1515,
705954,鈺太統一66購01,2026-08-05,0.33,0.04,13.79,132000000,0,,否,,0.46,0.55,,,-27.9503,-15.6773,
705968,新應材元大5A購03,2026-08-05,0.23,0.08,53.33,1000000,0,,是,,0.28,0.29,0.47,,-8.0,-28.3582,
705969,新應材元大61購03,2026-08-05,0.28,0.04,16.67,34000000,0,綠轉紅,否,,0.21,0.27,0.36,,-39.0533,-30.9645,-22.3784
705985,鈊象元大59購01,2026-08-05,0.37,-0.1,-21.28,464000000,0,綠縮,是,,0.32,0.36,0.53,,-20.5,-37.2378,-17.8654
705986,世紀*國票5A購01,2026-08-05,0.09,0.0,0.0,1268000000,0,綠縮,是,,0.08,0.12,0.3,,-51.8519,-60.396,-18.6207
705989,雙鴻國票5A購02,2026-08-05,1.51,0.18,13.53,21000000,0,,是,,1.24,1.15,2.11,,16.3842,-29.1615,
705995,蜜望實統一73購01,2026-08-05,1.57,0.01,0.64,30000000,0,綠縮,否,,1.54,1.99,2.37,,-37.1522,-21.0317,-9.5229
705998,神盾群益5B購01,2026-08-05,2.59,0.25,10.68,12000000,0,,是,,3.9,4.06,,,-7.3564,,
706001,雙鴻群益5B購03,2026-08-05,3.08,0.64,26.23,2000000,0,,否,,2.6,2.69,,,-6.4702,-21.5846,
706003,世界中信59購01,2026-08-05,1.48,0.06,4.23,237000000,0,綠縮,是,,1.34,1.68,2.56,,-33.925,-29.9209,-15.9147
706006,穩得永豐5B購01,2026-08-05,0.56,0.1,21.74,110000000,0,,是,,0.6,0.92,1.37,,-51.9293,-34.7271,
706015,緯軟國票5B購01,2026-08-05,0.51,0.01,2.0,334000000,0,綠縮,是,,0.4,0.45,0.51,,-20.0,-15.4135,-9.6205
706017,宜鼎中信61購01,2026-08-05,1.45,0.14,10.69,11000000,0,綠縮,是,,1.11,1.39,2.13,,-34.2449,-38.2092,-17.0884
706019,均華永豐5B購01,2026-08-05,3.05,0.27,9.71,17000000,0,,否,,3.07,3.92,5.98,,-35.8846,-37.645,
706021,鈊象永豐5A購01,2026-08-05,1.05,-0.03,-2.78,339000000,0,,是,,0.82,1.15,1.4,,-44.4595,-21.594,-15.4452
706026,聚和元富59購03,2026-08-05,0.75,0.22,41.51,61000000,0,,是,,1.51,1.57,,,-6.7734,-10.4963,
706028,台特化統一66購01,2026-08-05,0.23,0.03,15.0,12000000,0,,否,,0.27,0.3,0.38,,-19.1617,-19.0349,
706030,均華統一62購01,2026-08-05,0.46,0.04,9.52,4000000,0,,否,,0.38,0.47,0.65,,-32.1429,-23.7013,
706031,均華統一63購03,2026-08-05,0.42,0.03,7.69,2000000,0,綠縮,否,,0.45,0.49,0.63,,-13.7405,-25.3823,-13.6208
706033,均豪統一63購01,2026-08-05,0.52,0.05,10.64,1000000,0,綠縮,否,,0.51,0.65,0.67,,-35.533,-14.1722,-13.1783
706036,新普統一63購01,2026-08-05,0.59,0.03,5.36,214000000,0,綠縮,否,,0.55,0.59,0.71,,-11.5756,-17.3484,-9.2298
706037,新普統一73購01,2026-08-05,0.6,0.04,7.14,35000000,0,綠縮,否,,0.58,0.6,0.68,,-4.5902,-14.3678,-5.1857
706040,鑫聯統一62購02,2026-08-05,0.49,0.07,16.67,68000000,0,綠縮,否,,0.38,0.47,0.66,,-32.1429,-42.402,-5.8781
706044,鈺太群益5A購01,2026-08-05,0.22,0.1,83.33,450000000,0,,是,,0.65,1.04,,,-54.6722,,
706048,原相富邦59購01,2026-08-05,0.97,0.1,11.49,966000000,0,綠縮,是,,0.75,0.78,1.19,,-5.5138,-32.2271,-13.6678
706052,均華國泰5A購02,2026-08-05,0.87,0.2,29.85,50000000,0,,是,,1.05,1.34,1.72,,-35.2651,-26.5127,
706054,台特化元大5B購01,2026-08-05,0.42,0.07,20.0,2000000,0,綠縮,否,,0.41,0.53,0.74,,-37.386,-33.869,-18.2168
706055,台特化元大63購01,2026-08-05,0.43,0.06,16.22,2006000000,0,綠縮,是,,0.37,0.45,0.59,,-30.6818,-29.2722,-15.7183
706058,巨漢元大59購02,2026-08-05,0.56,0.08,16.67,5000000,0,綠縮,否,,0.73,1.09,1.52,,-50.342,-35.9485,-18.328
706060,弘塑元大63購02,2026-08-05,3.21,-0.73,-18.53,255000000,0,,是,,3.18,4.12,,,-37.2928,-21.1513,
706064,宜鼎元大59購08,2026-08-05,2.63,0.35,15.35,108000000,0,,是,,1.82,1.96,3.7,,-13.5238,-33.1741,
706068,湧德元大59購01,2026-08-05,0.51,0.09,21.43,5000000,0,,否,,0.48,0.75,,,-53.1496,-36.2938,
706070,雙鴻元大59購12,2026-08-05,0.48,0.05,11.63,455000000,0,綠縮,是,,0.41,0.41,0.61,,-2.3923,-29.6422,-19.5937
706071,雙鴻元大63購01,2026-08-05,1.24,0.34,37.78,1000000,0,,否,,1.1,1.04,,,10.7071,-3.3364,
706072,弘塑凱基5A購01,2026-08-05,1.38,-0.44,-24.18,91000000,0,,是,,3.55,4.07,5.48,,-22.5229,-33.4098,-9.8717
706073,宜鼎凱基5A購04,2026-08-05,2.2,0.6,37.5,84000000,0,綠轉紅,否,,1.42,1.46,2.38,,-5.4521,-34.5707,-30.8866
706074,鈊象凱基5C購01,2026-08-05,2.4,0.07,3.0,181000000,0,,是,,2.23,2.27,2.44,,-3.3825,-7.2422,-6.1177
706078,元太中信59購01,2026-08-05,0.74,0.05,7.25,30000000,0,紅增,是,,0.66,0.66,0.9,,0.303,-22.7804,-12.5545
706087,旺矽永豐61購02,2026-08-05,5.3,0.3,6.0,1000000,0,,是,,4.21,4.44,4.8,,-9.6954,-12.1584,0.8186
706092,力致國泰5A購01,2026-08-05,0.51,0.0,0.0,130000000,0,綠縮,是,,0.46,0.71,1.07,,-52.4793,-37.1479,-21.7695
706097,弘塑富邦5C購01,2026-08-05,0.98,-0.19,-16.24,441000000,0,,是,,1.06,,,,,,
706098,宜鼎富邦5C購03,2026-08-05,1.4,0.09,6.87,1000000,0,綠轉紅,否,,1.12,1.13,1.53,,-1.0582,-23.938,-23.2546
706106,良維元大59購07,2026-08-05,0.4,-0.01,-2.44,136000000,0,,是,,1.24,1.96,,,-53.8347,,
706108,宜鼎元大59購09,2026-08-05,1.04,0.34,48.57,4000000,0,綠轉紅,否,,0.81,0.82,1.25,,-1.4528,-32.4547,-29.209
706109,宜鼎元大59購10,2026-08-05,1.29,0.13,11.21,1000000,0,,否,,1.12,1.72,2.35,,-51.468,-35.5081,
706114,雙鴻元大59購14,2026-08-05,0.29,0.03,11.54,851000000,0,綠縮,是,,0.3,0.32,0.46,,-8.4848,-29.6214,-15.7221
706118,台星科國票61購01,2026-08-05,1.35,0.07,5.47,70000000,0,綠縮,是,,1.33,1.75,2.02,,-38.5042,-22.3012,-12.5486
706119,宏捷科國票5A購01,2026-08-05,0.24,0.03,14.29,116000000,0,綠縮,是,,0.18,0.33,0.65,,-63.786,-50.4491,-27.4302
706120,良維國票5A購01,2026-08-05,0.6,-0.01,-1.64,230000000,0,,是,,0.97,2.07,2.91,,-69.3569,-39.4506,-26.1185
706121,宜鼎國票5A購03,2026-08-05,1.58,0.2,14.49,585000000,0,綠轉紅,否,,1.15,1.19,1.76,,-5.5646,-26.6667,-28.5627
706125,鑫聯國票5C購01,2026-08-05,1.62,0.31,23.66,260000000,0,,是,,1.58,1.69,2.01,,-12.3471,-7.6123,
706126,大綜統一63購01,2026-08-05,1.35,0.29,27.36,33000000,0,綠縮,否,,1.0,0.92,1.09,,20.6731,-0.7568,-20.394
706127,大綜統一66購01,2026-08-05,1.16,0.22,23.4,194000000,0,綠縮,是,,0.8,0.81,1.13,,-1.9608,-16.0083,-9.8879
706129,巨漢統一63購01,2026-08-05,0.57,0.12,26.67,2000000,0,綠縮,是,,0.62,0.72,0.82,,-25.0608,-17.1659,-7.3488
706134,宜鼎統一63購02,2026-08-05,1.26,0.08,6.78,1096000000,0,綠轉紅,否,,0.99,1.0,1.29,,-2.5641,-18.018,-18.9834
706135,宜鼎統一63購03,2026-08-05,0.68,0.04,6.25,403000000,0,綠縮,否,,0.56,0.58,0.73,,-7.2848,-18.8285,-16.5521
706136,宜鼎統一66購02,2026-08-05,0.99,0.09,10.0,198000000,0,綠轉紅,否,,0.78,0.79,0.99,,-1.7588,-16.153,-16.5825
706137,宜鼎統一73購01,2026-08-05,0.79,0.05,6.76,175000000,0,綠縮,否,,0.66,0.68,0.87,,-4.058,-22.03,-13.7469
706139,聚和統一73購01,2026-08-05,0.65,0.04,6.56,23000000,0,綠縮,是,,0.65,0.69,0.72,,-11.6531,-10.3226,-1.5625
706145,元太群益59購03,2026-08-05,1.59,0.53,50.0,60000000,0,,是,,1.42,1.38,1.77,,7.0783,-18.9269,-8.8523
706148,宜鼎群益59購05,2026-08-05,1.9,0.4,26.67,3000000,0,綠縮,否,,1.28,1.34,2.33,,-9.1038,-36.8471,-29.9865
706149,宜鼎群益59購06,2026-08-05,2.16,0.24,12.5,1000000,0,綠縮,否,,1.56,1.74,3.17,,-19.1909,-37.0531,-25.6828
706150,旺矽群益63購01,2026-08-05,4.93,0.48,10.79,702000000,0,綠縮,是,,3.97,4.66,5.12,,-25.9425,-15.3567,-2.7546
706153,德微群益63購01,2026-08-05,2.55,0.38,17.51,1000000,0,,否,,2.51,4.25,4.16,,-57.9317,-16.0071,-14.7731
706154,雙鴻群益63購02,2026-08-05,0.31,0.01,3.33,60000000,0,綠轉紅,否,,0.25,0.26,0.31,,-8.8889,-12.2449,-13.885
706159,亞泰凱基59購01,2026-08-05,1.38,-2.62,-65.5,10000000,0,,是,,,,,,,,
706160,宜鼎凱基5C購02,2026-08-05,2.26,0.11,5.12,106000000,0,綠縮,是,,1.69,2.18,3.08,,-36.9403,-33.6068,-17.3569
706161,旺矽凱基63購01,2026-08-05,3.73,0.49,15.12,2000000,0,綠縮,否,,3.31,3.82,4.13,,-23.5348,-12.1929,-2.5272
706168,雙鴻凱基63購01,2026-08-05,0.46,0.01,2.22,20000000,0,,是,,0.4,0.45,0.62,,-20.1613,-23.2358,
706171,旺矽群益59購08,2026-08-05,4.21,1.09,34.94,1000000,0,綠縮,否,,3.44,4.38,5.1,,-35.473,-20.1348,-4.1526
706175,宜鼎國泰5A購02,2026-08-05,2.97,0.38,14.67,130000000,0,,是,,3.97,,,,,,
706176,宜鼎國泰61購01,2026-08-05,3.2,0.26,8.84,6000000,0,,否,,2.73,,,,,,
706179,均華富邦5B購01,2026-08-05,0.51,0.04,8.51,38000000,0,綠縮,否,,0.45,0.57,0.8,,-35.7349,-29.1045,-18.5917
706180,均華統一63購04,2026-08-05,0.38,0.02,5.56,18000000,0,綠縮,是,,0.37,0.47,0.55,,-35.1916,-18.7285,-18.9288
706182,旺矽統一63購05,2026-08-05,2.09,0.21,11.17,20000000,0,綠縮,否,,1.47,1.62,2.06,,-16.8362,-25.4027,-8.3796
706184,台特化元大63購03,2026-08-05,0.33,0.05,17.86,70000000,0,綠縮,是,,0.27,0.35,0.49,,-37.5,-34.1463,-18.2119
706185,均華元大5C購01,2026-08-05,0.39,0.04,11.43,2000000,0,綠縮,是,,0.32,0.41,0.6,,-36.1111,-39.4428,-14.4286
706186,宏捷科元大5C購02,2026-08-05,0.67,0.03,4.69,107000000,0,,是,,0.5,0.78,,,-51.8164,-38.8801,
706189,宜鼎元大59購11,2026-08-05,1.24,0.25,25.25,20000000,0,,是,,1.8,,,,,,
706191,宜鼎元大59購13,2026-08-05,1.46,0.12,8.96,1000000,0,,否,,1.34,1.97,,,-48.5035,-24.1935,
706195,陽程元大59購01,2026-08-05,2.01,0.61,43.57,288000000,0,,是,,2.04,2.85,3.61,,-44.4384,-21.5562,
706197,精測元大59購02,2026-08-05,1.15,0.48,71.64,1000000,0,綠轉紅,是,,0.43,0.29,0.58,,178.2051,-35.1648,-10.0847
706198,精測元大5C購02,2026-08-05,0.2,0.03,17.65,10000000,0,綠縮,否,,0.18,0.2,0.28,,-15.5963,-26.6423,-14.5897
706203,鑫聯元大63購01,2026-08-05,0.76,0.09,13.43,453000000,0,綠轉紅,否,,0.63,0.69,0.72,,-16.9761,-7.754,-4.3854
706206,均華國票5B購01,2026-08-05,0.66,0.07,11.86,681000000,0,綠縮,是,,0.71,0.84,1.23,,-26.7635,-37.1235,-17.9539
706207,宜鼎國票65購01,2026-08-05,2.27,0.19,9.13,434000000,0,綠轉紅,否,,1.8,1.82,2.3,,-2.2826,-16.6361,-19.3136
706208,旺矽國票5C購01,2026-08-05,5.8,0.55,10.48,2000000,0,,是,,4.76,5.97,6.17,,-33.8248,-16.4476,-4.2391
706209,旺矽國票67購01,2026-08-05,4.96,0.53,11.96,328000000,0,,是,,4.03,4.66,4.93,,-24.0091,-14.7559,-2.7523
706210,德微國票65購01,2026-08-05,2.85,-0.2,-6.56,30000000,0,,是,,2.53,4.45,4.9,,-60.2637,-16.1266,
706214,宜鼎永豐5B購01,2026-08-05,1.24,0.1,8.77,149000000,0,綠轉紅,否,,0.94,0.99,1.36,,-9.0559,-23.2972,-22.4315
706223,弘塑元富5C購01,2026-08-05,1.83,-0.49,-21.12,57000000,0,綠增,是,,3.2,4.13,4.71,,-36.8629,-23.2671,-4.7393
706225,宏捷科元富5C購02,2026-08-05,0.78,0.15,23.81,6000000,0,,是,,0.75,0.83,1.41,,-18.3807,-37.9207,-19.7601
706227,旺矽元富59購05,2026-08-05,3.47,0.59,20.49,3000000,0,綠縮,是,,2.55,2.81,3.63,,-16.884,-28.2136,-3.0829
706228,旺矽元富59購06,2026-08-05,2.42,0.42,21.0,4000000,0,綠增,是,,2.78,3.15,3.15,,-21.0556,-10.2477,2.1743
706233,德微元富59購02,2026-08-05,3.0,-0.43,-12.54,29000000,0,,是,,6.08,,,,,,
706235,雙鴻元富59購05,2026-08-05,0.95,0.17,21.79,120000000,0,綠縮,是,,0.84,0.83,1.26,,2.9412,-30.1855,-18.8004
706238,鑫科元富59購01,2026-08-05,0.26,0.03,13.04,101000000,0,綠縮,否,,0.31,0.5,0.89,,-55.0432,-50.8309,-24.0984
706240,元太兆豐63購01,2026-08-05,2.93,0.14,5.02,43000000,0,紅增,是,,2.51,2.48,2.58,,2.2857,-7.5718,0.2921
706241,環球晶兆豐5B購01,2026-08-05,5.9,0.0,0.0,100000000,0,,是,,,,,,,,
706243,M31凱基59購02,2026-08-05,0.13,0.01,8.33,100000000,0,,是,,0.19,0.32,0.64,,-57.2072,-51.5291,
706246,台燿凱基61購01,2026-08-05,15.2,-1.8,-10.59,1000000,0,,,,,,,,,,
706247,巨漢凱基59購02,2026-08-05,0.53,0.03,6.0,30000000,0,綠縮,是,,0.54,1.0,1.36,,-63.587,-35.3093,-20.1236
706248,弘塑凱基5A購02,2026-08-05,1.91,-0.4,-17.32,53000000,0,,是,,4.14,5.17,,,-33.0856,-13.4673,
706249,宏捷科凱基5C購01,2026-08-05,0.5,0.1,25.0,100000000,0,,否,,0.42,0.66,1.17,,-52.5727,-44.9917,
706250,信驊凱基59購05,2026-08-05,6.3,0.3,5.0,10000000,0,紅增,否,,4.39,4.46,4.96,,-3.0022,2.4805,-20.5099
706253,信驊凱基5C購01,2026-08-05,5.15,0.59,12.94,7000000,0,,是,,3.88,3.93,4.11,,-2.6118,4.6605,
706258,信驊中信59購01,2026-08-05,3.0,0.51,20.48,108000000,0,紅增,否,,1.94,2.03,2.28,,-7.9621,0.297,-19.6341
706260,M31永豐5C購01,2026-08-05,0.4,0.0,0.0,190000000,0,綠轉紅,否,,0.36,0.42,0.58,,-24.3697,-24.4123,-19.4868
706261,大中永豐5B購01,2026-08-05,1.63,0.09,5.84,27000000,0,,是,,1.47,2.53,2.43,,-59.096,-19.7394,
706275,信驊群益5B購05,2026-08-05,4.36,0.52,13.54,211000000,0,紅增,否,,3.24,3.32,3.61,,-4.7591,0.3624,-13.9213
706282,M31統一63購03,2026-08-05,0.34,0.0,0.0,22000000,0,綠縮,否,,0.35,0.38,0.44,,-11.5578,-15.3499,-12.9412
706283,M31富邦5B購01,2026-08-05,0.21,0.0,0.0,339000000,0,,是,,0.2,0.24,0.4,,-30.0,-29.1667,-36.5971
706285,信驊富邦5C購01,2026-08-05,4.41,0.53,13.66,45000000,0,,是,,3.31,3.31,3.52,,0.2423,3.6689,
706287,雙鴻富邦5C購03,2026-08-05,0.34,0.04,13.33,995000000,0,綠轉紅,是,,0.27,0.29,0.36,,-13.6364,-13.2931,-26.9425
706288,M31國票5A購01,2026-08-05,0.19,0.01,5.56,18000000,0,,是,,0.3,0.68,,,-71.9397,-61.2756,
706294,信驊國票5B購03,2026-08-05,4.06,-0.11,-2.64,2000000,0,綠轉紅,否,,3.31,3.15,3.6,,10.7837,2.4748,-12.215
706295,陽程國票59購01,2026-08-05,2.88,0.35,13.83,41000000,0,,是,,5.12,,,,,,
706299,M31元大59購02,2026-08-05,0.32,0.0,0.0,128000000,0,,是,,0.4,0.73,,,-61.7143,-40.3451,
706302,沛亨元大59購02,2026-08-05,1.0,0.21,26.58,162000000,0,,是,,0.8,1.72,,,-69.9396,-46.7203,
706308,信驊元大59購03,2026-08-05,3.47,0.71,25.72,62000000,0,綠轉紅,否,,2.57,2.38,2.7,,17.3675,1.364,-18.5531
706318,聖暉*兆豐5B購01,2026-08-05,2.1,0.39,22.81,145000000,0,,是,,2.24,2.73,,,-30.1993,,
706319,印能凱基5B購01,2026-08-05,7.45,0.6,8.76,1000000,0,,是,,5.65,5.13,4.78,,22.5163,20.967,6.7494
706321,沛亨凱基59購02,2026-08-05,0.44,0.14,46.67,5000000,0,,是,,1.06,2.21,,,-68.3145,-40.6443,
706322,亞泰凱基5A購01,2026-08-05,0.63,-1.01,-61.59,11000000,0,綠增,否,,1.49,3.33,3.42,,-71.0577,-20.9125,-15.8186
706327,穩得凱基5C購01,2026-08-05,0.6,0.06,11.11,15000000,0,,是,,0.53,,,,,,
706328,弘塑國票65購01,2026-08-05,1.79,-0.32,-15.17,112000000,0,綠縮,是,,2.02,2.56,3.42,,-34.8162,-24.6471,-14.2911
706329,正德國票59購01,2026-08-05,0.21,0.0,0.0,50000000,0,綠縮,否,,0.2,0.26,0.44,,-35.443,-40.367,-25.8853
706331,亞泰國票5A購01,2026-08-05,2.17,0.62,40.0,21000000,0,綠轉紅,否,,1.16,1.23,2.08,,-11.315,-46.3011,-16.7335
706336,茂迪元大5C購01,2026-08-05,0.23,0.03,15.0,10000000,0,,否,,0.24,0.33,0.46,,-41.5459,-28.3843,-17.8667
706337,雙鴻元大59購20,2026-08-05,0.17,0.01,6.25,5000000,0,綠縮,否,,0.18,0.19,0.29,,-11.1111,-31.7518,-25.7362
706339,雙鴻元大5C購05,2026-08-05,0.45,-0.01,-2.17,78000000,0,綠縮,否,,0.39,0.4,0.48,,-4.878,-11.8943,-14.7757
706340,穩得元大63購01,2026-08-05,0.54,0.06,12.5,371000000,0,,是,,0.62,0.81,,,-36.9697,-21.7265,
706341,鑫聯元大63購02,2026-08-05,0.63,0.08,14.55,369000000,0,綠轉紅,是,,0.49,0.53,0.6,,-14.9826,-14.4928,-6.2205
706342,雙鴻國泰61購01,2026-08-05,0.86,0.12,16.22,275000000,0,綠轉紅,是,,0.71,0.7,0.87,,1.7241,-17.0213,-13.0391
706345,世界統一63購01,2026-08-05,1.21,0.07,6.14,180000000,0,,是,,1.52,1.8,1.56,,-27.3946,2.0963,
706348,亞泰統一62購02,2026-08-05,1.24,0.34,37.78,80000000,0,綠縮,是,,0.79,0.86,1.5,,-14.6237,-38.9518,-17.4045
706350,鈺太統一63購01,2026-08-05,0.56,0.23,69.7,3000000,0,,是,,0.47,0.6,0.72,,-36.6848,-19.1117,
706351,弘塑永豐5C購03,2026-08-05,1.05,-0.33,-23.91,120000000,0,綠縮,否,,1.24,1.81,2.76,,-47.8151,-33.4436,-18.932
706354,雙鴻永豐61購02,2026-08-05,0.78,0.06,8.33,982000000,0,紅增,是,,0.75,0.72,0.82,,9.0116,-3.877,-11.1534
706355,雙鴻永豐64購01,2026-08-05,0.8,0.01,1.27,103000000,0,綠縮,是,,0.76,0.78,0.93,,-4.9875,-12.7232,-9.6051
706360,鑫聯元富59購01,2026-08-05,2.58,0.57,28.36,36000000,0,,否,,2.69,2.81,,,-8.0546,-23.1904,
706375,譜瑞凱基59購04,2026-08-05,2.1,0.44,26.51,480000000,0,綠轉紅,是,,1.77,2.16,2.97,,-30.6667,-31.2858,-20.8961
706385,華宏元富59購02,2026-08-05,0.05,0.01,25.0,5000000,0,,是,,0.11,0.19,0.64,,-56.4885,-63.9847,
706390,湧德群益5B購01,2026-08-05,0.45,0.1,28.57,3000000,0,,是,,0.43,0.63,1.02,,-48.4262,-39.1642,
706392,雙鴻群益5B購04,2026-08-05,0.29,0.01,3.57,115000000,0,綠縮,是,,0.27,0.27,0.34,,0.0,-16.0883,-13.3333
706393,雙鴻群益5B購05,2026-08-05,0.49,0.04,8.89,20000000,0,綠縮,否,,0.43,0.51,0.62,,-28.0405,-19.3344,-13.2301
706398,原相國票59購01,2026-08-05,0.73,0.13,21.67,150000000,0,,是,,0.75,1.19,,,-54.3902,-30.0117,
706400,陽程國票59購02,2026-08-05,2.58,0.49,23.44,6000000,0,,是,,2.7,3.15,,,-25.1109,-20.4689,
706411,中美晶凱基5A購01,2026-08-05,2.83,-0.34,-10.73,52000000,0,紅轉綠,是,,5.14,5.5,4.34,,-12.4063,15.267,20.9338
706412,弘塑凱基5B購01,2026-08-05,0.68,-0.21,-23.6,10000000,0,,否,,3.51,3.87,,,-16.8954,,
706419,弘塑富邦61購01,2026-08-05,0.74,-0.14,-15.91,119000000,0,綠縮,是,,0.97,1.26,1.75,,-37.4194,-34.238,-9.9537
706420,宏捷科富邦5B購01,2026-08-05,0.37,0.01,2.78,488000000,0,綠縮,是,,0.32,0.37,0.53,,-20.5882,-28.932,-24.8232
706421,宏捷科富邦5C購01,2026-08-05,0.31,0.02,6.9,1033000000,0,,是,,0.25,0.3,0.58,,-25.2941,-47.0588,-28.414
706422,家登富邦5B購01,2026-08-05,1.1,0.08,7.84,45000000,0,,是,,1.28,,,,,,
706424,環球晶富邦5A購01,2026-08-05,2.34,-0.38,-13.97,2000000,0,,否,,3.27,3.25,,,1.3639,,
706428,印能元大59購07,2026-08-05,3.41,-0.04,-1.16,1000000,0,,是,,2.43,2.2,2.39,,24.4376,-3.8124,
706433,華宏元大59購01,2026-08-05,0.13,0.01,8.33,5000000,0,,否,,0.28,0.79,,,-78.9313,,
706437,雙鴻元大59購23,2026-08-05,0.3,0.05,20.0,147000000,0,,是,,0.24,0.4,,,-56.5836,-37.5194,
706438,雙鴻元大59購24,2026-08-05,0.39,0.04,11.43,10000000,0,綠縮,否,,0.38,0.37,0.49,,7.2626,-18.1015,-17.7365
706441,弘塑群益5A購03,2026-08-05,1.79,0.18,11.18,18000000,0,,是,,2.67,2.95,,,-17.111,-16.3121,
706452,中美晶永豐5C購01,2026-08-05,1.4,0.45,47.37,4000000,0,紅縮,否,,2.14,1.9,1.47,,28.9505,40.8012,32.0467
706453,弘塑永豐63購02,2026-08-05,0.76,-0.17,-18.28,213000000,0,綠縮,是,,1.0,1.27,1.74,,-35.5757,-35.4167,-9.6439
706454,合晶永豐59購01,2026-08-05,20.8,3.8,22.35,2000000,0,,是,,25.9,36.36,,,-44.6818,-10.0,
706455,系微永豐5C購01,2026-08-05,0.32,0.04,14.29,40000000,0,綠縮,否,,0.32,0.39,0.59,,-29.2035,-37.6414,-18.3011
706460,雙鴻永豐5B購02,2026-08-05,0.36,0.05,16.13,164000000,0,,是,,0.44,0.58,,,-38.674,-31.9347,
706461,鑫聯永豐61購01,2026-08-05,1.22,0.19,18.45,2000000,0,,否,,1.31,1.32,,,-2.3916,-17.2716,
706472,中美晶凱基61購01,2026-08-05,5.2,0.44,9.24,2000000,0,,否,,5.47,4.97,4.16,,22.4261,29.401,
706475,系微凱基59購02,2026-08-05,0.08,0.01,14.29,300000000,0,綠縮,是,,0.21,0.43,0.69,,-68.7879,-52.1018,-30.9073
706479,博智凱基61購01,2026-08-05,1.21,0.09,8.04,62000000,0,綠縮,否,,1.06,1.26,1.97,,-28.0272,-33.4036,-24.197
706480,湧德凱基5B購01,2026-08-05,0.46,0.1,27.78,59000000,0,綠縮,是,,0.38,0.47,0.73,,-33.4507,-38.8889,-17.4845
706481,閎康凱基5A購01,2026-08-05,0.01,-1.91,-99.48,10000000,0,,否,,3.01,3.92,,,-37.6968,-20.9921,
706484,臺慶科凱基5A購01,2026-08-05,2.42,0.24,11.01,1000000,0,,是,,2.3,3.0,4.89,,-38.013,-41.6569,
706492,廣明兆豐63購01,2026-08-05,0.39,0.03,8.33,479000000,0,綠縮,是,,0.33,0.4,0.51,,-30.8017,-27.6173,-15.8416
706496,宜特群益63購01,2026-08-05,0.93,0.07,8.14,54000000,0,綠縮,否,,0.82,0.93,1.18,,-20.9615,-20.2228,-13.5294
706502,良維國泰5A購01,2026-08-05,0.51,-0.1,-16.39,20000000,0,,是,,1.77,2.24,2.47,,-34.2476,-15.7815,
706503,世界富邦61購01,2026-08-05,0.96,0.04,4.35,539000000,0,綠縮,是,,0.84,1.05,1.34,,-33.3863,-21.1437,-11.8844
706504,台特化富邦5A購01,2026-08-05,0.08,0.04,100.0,1000000,0,,否,,0.07,0.11,0.18,,-53.4247,-40.884,-29.3886
706508,中美晶元大63購01,2026-08-05,1.47,0.2,15.75,4000000,0,紅轉綠,是,,2.48,2.61,2.11,,-9.3499,19.4508,17.1714
706510,宜特元大59購01,2026-08-05,0.57,-0.01,-1.72,158000000,0,綠縮,是,,0.61,0.71,1.03,,-25.0,-35.3156,-14.5583
706512,博智元大59購03,2026-08-05,0.4,0.04,11.11,10000000,0,,是,,0.57,0.92,1.39,,-55.6426,-37.8962,
706517,萬泰科元大5C購01,2026-08-05,2.42,0.15,6.61,13000000,0,,是,,3.07,,,,,,
706521,雙鴻元大59購25,2026-08-05,0.53,-0.01,-1.85,3000000,0,,否,,0.46,0.51,,,-18.3746,-7.3874,
706524,雙鴻中信63購02,2026-08-05,0.22,-0.01,-4.35,105000000,0,,否,,0.18,0.23,0.31,,-35.9155,-25.3205,
706528,勤凱永豐5C購02,2026-08-05,0.96,0.06,6.67,131000000,0,,是,,0.83,2.11,,,-75.6629,,
706530,合晶國票59購01,2026-08-05,19.5,0.7,3.72,2000000,0,,是,,37.6,28.89,,,86.3231,,
706536,順達國票5A購02,2026-08-05,0.55,-0.03,-5.17,100000000,0,綠縮,否,,0.61,1.0,1.58,,-55.6522,-46.5952,-20.1368
706537,鈺太國票59購02,2026-08-05,0.47,0.17,56.67,182000000,0,,否,,0.32,0.62,,,-65.8065,-47.8261,
706538,鈺太國票5A購01,2026-08-05,0.26,0.09,52.94,1000000,0,,否,,0.29,0.69,1.14,,-72.8281,-38.018,
706539,點序國票59購02,2026-08-05,0.09,0.02,28.57,20000000,0,,否,,0.24,0.48,,,-67.1271,-63.1135,
706544,博智凱基59購07,2026-08-05,0.18,0.01,5.88,51000000,0,綠縮,否,,0.36,0.4,0.8,,-16.6667,-47.2703,-30.9091
706545,閎康凱基61購01,2026-08-05,0.73,-1.27,-63.5,64000000,0,,是,,1.19,1.44,2.23,,-29.0476,-36.7401,
706547,精測凱基59購03,2026-08-05,0.07,0.0,0.0,268000000,0,綠縮,否,,0.09,0.1,0.26,,-27.1186,-51.4286,-41.8142
706551,聚和中信59購01,2026-08-05,0.21,0.03,16.67,10000000,0,綠增,否,,0.27,0.43,0.48,,-55.1839,-27.8333,-11.2948
706555,系微永豐5A購01,2026-08-05,0.09,0.02,28.57,125000000,0,綠縮,是,,0.08,0.16,0.27,,-66.3866,-45.5479,-20.8211
706558,聚和永豐5B購01,2026-08-05,0.39,0.06,18.18,4000000,0,,是,,0.38,0.59,0.62,,-53.3499,-16.7606,
706559,博智元富59購01,2026-08-05,0.37,0.02,5.71,162000000,0,,是,,0.61,0.84,1.4,,-43.2584,-49.3341,-24.1613
706561,宜特國泰5A購01,2026-08-05,0.95,0.06,6.74,10000000,0,,否,,1.69,2.01,2.2,,-27.3431,-10.0358,
706562,鑫聯國泰5A購02,2026-08-05,1.41,0.24,20.51,5000000,0,,否,,1.47,,,,,,
706563,台燿富邦73購01,2026-08-05,2.79,0.39,16.25,20000000,0,,是,,2.73,3.02,,,-17.7711,,
706564,良維富邦5C購01,2026-08-05,0.32,0.02,6.67,613000000,0,綠縮,是,,0.31,0.42,0.74,,-40.458,-44.9275,-22.5924
706565,博智富邦61購01,2026-08-05,0.68,0.01,1.49,493000000,0,綠縮,否,,0.61,0.72,1.03,,-26.2136,-28.4,-20.8719
706567,精測富邦5B購01,2026-08-05,0.2,0.03,17.65,376000000,0,綠縮,是,,0.13,0.15,0.25,,-25.2874,-30.2752,-34.5758
706568,力致群益59購01,2026-08-05,0.21,-0.05,-19.23,10000000,0,,否,,0.51,0.8,,,-52.583,-42.6829,
706573,博智群益63購01,2026-08-05,2.6,0.15,6.12,1000000,0,綠縮,否,,2.32,2.65,3.54,,-21.8182,-24.0964,-17.8385
706574,閎康群益5B購02,2026-08-05,1.27,0.82,182.22,10000000,0,,否,,0.98,1.41,,,-46.3388,-31.5815,
706579,精測群益63購01,2026-08-05,0.54,0.0,0.0,214000000,0,綠縮,否,,0.52,0.54,0.76,,-8.0986,-23.9888,-21.6272
706585,宏捷科元大59購02,2026-08-05,0.34,0.01,3.03,41000000,0,綠縮,是,,0.39,0.51,0.81,,-36.246,-37.2208,-19.7726
706590,萬泰科元大5C購02,2026-08-05,1.23,0.08,6.96,66000000,0,,是,,0.97,1.24,,,-35.3723,,
706591,鈺太元大59購02,2026-08-05,0.36,0.25,227.27,15000000,0,綠縮,是,,0.27,0.48,0.79,,-60.7038,-48.2007,-28.1434
706592,鈺太元大59購03,2026-08-05,0.43,0.07,19.44,17000000,0,,否,,1.47,,,,,,
706593,精測元大59購03,2026-08-05,0.22,0.07,46.67,41000000,0,,是,,0.17,0.47,,,-77.3438,-35.3909,
706594,精測元大5C購03,2026-08-05,0.27,0.02,8.0,20000000,0,綠縮,是,,0.26,0.27,0.37,,-7.1942,-19.0332,-16.6098
706597,元太凱基59購02,2026-08-05,3.1,-0.16,-4.91,309000000,0,紅增,是,,2.76,2.76,3.4,,0.2177,-10.7986,-9.2828
706603,宜特凱基59購04,2026-08-05,0.4,0.08,25.0,150000000,0,,是,,0.98,1.22,,,-33.1507,,
706607,閎康凱基5A購02,2026-08-05,1.3,0.0,0.0,1000000,0,綠轉紅,否,,0.91,1.07,1.57,,-25.3682,-32.5111,-17.5374
706611,元太國票5A購03,2026-08-05,2.18,0.13,6.34,2000000,0,,是,,1.83,1.79,,,4.7018,,
706612,弘塑國票5C購01,2026-08-05,0.48,-0.13,-21.31,339000000,0,綠縮,否,,0.69,0.9,1.33,,-37.3646,-33.5546,-15.1583
706613,弘塑國票63購01,2026-08-05,1.08,-0.11,-9.24,32000000,0,綠縮,否,,1.19,1.56,2.16,,-38.0062,-25.608,-17.0863
706618,神盾國票5A購01,2026-08-05,0.31,0.06,24.0,672000000,0,綠縮,是,,0.31,0.36,0.58,,-24.878,-36.4602,-19.3978
706619,常珵國票59購01,2026-08-05,0.14,-0.14,-50.0,1000000,0,綠縮,否,,0.14,0.22,0.38,,-53.5948,-44.0,-22.7874
706625,譜瑞國票5A購01,2026-08-05,1.84,0.35,23.49,2369000000,0,綠縮,是,,1.46,1.63,3.28,,-19.0211,-44.978,-23.6055
706634,弘塑元大59購11,2026-08-05,0.67,-0.1,-12.99,4000000,0,綠增,否,,1.17,1.76,2.2,,-50.6768,-31.323,-9.7886
706635,弘塑元大59購12,2026-08-05,0.85,-0.19,-18.27,30000000,0,,是,,1.24,2.22,,,-60.9787,,
706636,弘塑元大59購13,2026-08-05,0.36,0.06,20.0,1000000,0,綠縮,是,,0.64,0.88,1.45,,-42.959,-46.1162,-12.8614
706638,弘塑元大59購15,2026-08-05,0.2,-0.06,-23.08,3000000,0,綠增,是,,0.62,1.06,1.4,,-58.8785,-37.6769,-13.7974
706647,弘塑群益5B購02,2026-08-05,0.82,0.11,15.49,9000000,0,綠縮,否,,0.92,1.22,1.89,,-39.5013,-30.5508,-18.9247
706656,佶優國泰5A購01,2026-08-05,0.18,0.02,12.5,1000000,0,綠縮,否,,0.19,0.35,0.66,,-63.5659,-52.1739,-22.6415
706659,弘塑富邦61購02,2026-08-05,0.57,-0.13,-18.57,79000000,0,綠縮,否,,0.77,1.01,1.48,,-38.2022,-35.9186,-14.0652
706662,沛亨富邦61購01,2026-08-05,0.55,0.1,22.22,341000000,0,綠縮,是,,0.46,0.8,1.16,,-59.3695,-42.4373,-19.7222
706663,華電網富邦5C購01,2026-08-05,0.07,0.0,0.0,238000000,0,,是,,0.09,0.12,0.19,,-38.0282,-38.172,
706664,系微永豐5C購02,2026-08-05,0.41,0.06,17.14,30000000,0,綠縮,否,,0.36,0.41,0.64,,-22.7468,-33.1715,-15.2632
706665,長佳智永豐59購01,2026-08-05,0.1,0.0,0.0,295000000,0,綠縮,是,,0.12,0.17,0.26,,-42.5926,-42.3729,-19.2126
706673,弘塑元富5C購02,2026-08-05,1.0,-0.15,-13.04,20000000,0,綠縮,否,,1.35,1.77,2.65,,-38.1868,-34.8211,-14.4079
706677,順達兆豐5B購02,2026-08-05,0.57,0.02,3.64,10000000,0,綠縮,否,,0.59,0.92,1.27,,-52.9506,-39.3022,-18.0995
706679,立碁群益59購01,2026-08-05,0.43,-0.17,-28.33,5000000,0,,否,,0.55,,,,,,
706691,美琪瑪凱基5A購01,2026-08-05,0.48,0.04,9.09,5000000,0,,是,,0.56,1.0,1.37,,-60.4488,-41.0545,
706695,立碁永豐5A購01,2026-08-05,0.75,0.0,0.0,1000000,0,,否,,0.61,0.56,,,21.0317,,
706696,立碁永豐5B購01,2026-08-05,0.87,-0.06,-6.45,21000000,0,紅增,否,,0.69,0.53,0.59,,86.413,9.1097,-16.5376
706699,立碁元富59購01,2026-08-05,1.23,-0.23,-15.75,118000000,0,,否,,0.96,0.8,1.27,,52.6984,-13.3841,
706700,立碁元富59購02,2026-08-05,0.77,-0.15,-16.3,6000000,0,,否,,0.6,0.59,,,2.7304,-14.8997,
706701,立碁元富59購03,2026-08-05,0.53,-0.13,-19.7,774000000,0,,是,,0.48,,,,,,
706704,聖暉*中信59購01,2026-08-05,1.61,0.22,15.83,3000000,0,綠縮,否,,1.42,2.14,2.22,,-49.9649,-22.1655,-2.9528
706705,立碁國票5A購01,2026-08-05,0.8,-0.19,-19.19,548000000,0,,是,,0.64,,,,,,
706707,邑錡國票59購01,2026-08-05,0.16,-0.32,-66.67,30000000,0,綠增,否,,0.28,0.59,0.51,,-68.9427,-23.62,1.8887
706708,閎康國票61購01,2026-08-05,1.69,0.46,37.4,7000000,0,綠縮,否,,1.14,1.24,1.67,,-15.6018,-25.9104,-15.6423
706710,良維統一62購02,2026-08-05,0.48,0.0,0.0,352000000,0,綠縮,是,,0.49,0.61,0.94,,-34.0541,-39.3281,-16.3111
706711,宜特統一62購02,2026-08-05,0.54,-0.01,-1.82,478000000,0,綠縮,是,,0.49,0.54,0.73,,-17.5084,-21.3353,-13.6067
706713,前鼎統一63購01,2026-08-05,1.46,0.29,24.79,3000000,0,,否,,1.06,1.51,,,-46.0285,,
706714,閎康統一63購01,2026-08-05,0.77,0.11,16.67,443000000,0,綠轉紅,是,,0.41,0.42,0.53,,-2.8169,-18.9189,-13.1579
706716,中美晶元大59購02,2026-08-05,2.63,-0.08,-2.95,67000000,0,,是,,3.19,2.7,,,44.3841,41.1826,
706727,宜特元大5C購01,2026-08-05,1.36,0.04,3.03,6000000,0,,是,,1.41,1.62,1.86,,-23.6699,-20.3922,
706732,閎康元大5A購01,2026-08-05,1.66,0.16,10.67,8000000,0,綠縮,否,,1.2,1.33,1.62,,-18.8602,-24.4054,-5.562
706733,閎康元大63購03,2026-08-05,1.28,0.28,28.0,1000000,0,,否,,1.07,1.13,,,-9.916,,
706735,雙鴻元大59購26,2026-08-05,0.38,0.03,8.57,10000000,0,綠縮,否,,0.37,0.38,0.53,,-3.1414,-28.2443,-15.6522
706740,立碁凱基59購01,2026-08-05,0.4,-0.11,-21.57,101000000,0,,否,,0.36,,,,,,
706742,宜特凱基59購05,2026-08-05,0.74,0.05,7.25,310000000,0,綠增,是,,1.01,1.47,1.76,,-47.2425,-22.8992,-11.7425
706743,前鼎凱基61購01,2026-08-05,2.72,0.61,28.91,42000000,0,,否,,1.88,2.53,,,-40.5303,-40.6066,
706744,順達凱基59購03,2026-08-05,0.34,-0.02,-5.56,197000000,0,綠增,是,,0.89,1.25,1.64,,-44.8319,-34.2827,-21.1917
706748,聚和凱基5A購02,2026-08-05,0.67,0.07,11.67,3000000,0,,是,,0.75,1.0,1.2,,-40.6349,-30.4227,-13.9259
706749,雙鴻凱基61購01,2026-08-05,0.73,0.06,8.96,568000000,0,綠縮,是,,0.61,0.66,0.88,,-13.0682,-23.8426,-21.8416
706750,鑫聯凱基59購03,2026-08-05,1.22,0.23,23.23,65000000,0,,是,,1.67,,,,,,
706751,聖暉*兆豐5B購02,2026-08-05,1.42,0.2,16.39,216000000,0,,是,,1.84,1.91,,,-7.179,1.7067,
706754,世紀*國票5A購02,2026-08-05,0.11,0.01,10.0,184000000,0,綠縮,否,,0.11,0.22,0.32,,-65.6442,-47.3558,-20.0498
706757,常珵國票59購02,2026-08-05,0.32,-0.06,-15.79,153000000,0,綠縮,否,,0.36,0.44,0.69,,-28.9063,-34.2342,-20.4176
706760,順達國票5B購01,2026-08-05,0.62,0.01,1.64,115000000,0,綠縮,否,,0.85,1.15,1.53,,-41.9753,-35.0254,-16.843
706761,聖暉*國票5A購04,2026-08-05,2.22,0.22,11.0,349000000,0,綠縮,是,,2.19,3.25,4.62,,-49.4216,-38.4993,-9.8692
706765,巨漢元大59購04,2026-08-05,0.93,0.04,4.49,10000000,0,綠縮,是,,0.86,1.3,1.82,,-50.4028,-37.1677,-17.2806
706767,宏捷科元大59購03,2026-08-05,0.58,0.07,13.73,55000000,0,,是,,0.42,0.5,,,-27.6451,-46.3907,
706775,順達元大59購04,2026-08-05,1.22,0.15,14.02,99000000,0,綠增,是,,1.98,2.48,2.75,,-33.3333,-15.9607,-10.401
706776,順達元大59購05,2026-08-05,1.23,0.06,5.13,283000000,0,綠增,是,,1.99,2.4,2.7,,-29.303,-15.0743,-10.4836
706781,雙鴻元大59購27,2026-08-05,0.44,0.05,12.82,108000000,0,綠縮,否,,0.37,0.42,0.55,,-23.0126,-22.9508,-17.1407
706785,聖暉*國泰5A購02,2026-08-05,1.74,0.15,9.43,15000000,0,,否,,3.12,3.6,3.13,,-23.5064,2.8539,
706786,世界群益59購03,2026-08-05,4.17,0.36,9.45,26000000,0,,是,,5.0,7.83,7.26,,-53.1332,-14.6347,-8.4653
706788,宜特群益59購02,2026-08-05,1.06,0.08,8.16,1027000000,0,綠縮,是,,1.18,1.52,2.24,,-36.4807,-38.474,-18.9321
706796,鈊象富邦5B購02,2026-08-05,1.42,0.03,2.16,7000000,0,,是,,1.29,1.22,1.38,,12.9371,-8.8323,
706798,雙鴻富邦5B購01,2026-08-05,0.79,0.02,2.6,106000000,0,,否,,0.7,0.7,0.83,,0.5764,-9.8446,-11.5119
706802,順達統一66購01,2026-08-05,0.59,0.19,47.5,6000000,0,綠增,是,,0.61,0.72,0.77,,-25.908,-14.8104,-6.6385
706803,聖暉*統一65購01,2026-08-05,0.98,0.01,1.03,40000000,0,綠增,是,,1.29,1.59,1.56,,-31.8856,-10.8928,1.8307
706804,雙鴻統一66購01,2026-08-05,0.34,0.05,17.24,50000000,0,綠縮,是,,0.31,0.32,0.38,,-7.7381,-14.5503,-12.3256
706807,矽科永豐5B購01,2026-08-05,0.79,0.07,9.72,10000000,0,,否,,1.64,1.73,,,-9.5815,,
706808,聖暉*永豐5B購02,2026-08-05,1.25,0.2,19.05,126000000,0,綠縮,是,,1.38,2.22,2.47,,-54.6527,-25.4454,-5.954
706813,勤凱元富59購02,2026-08-05,2.06,0.32,18.39,32000000,0,,是,,1.44,1.98,,,-42.6529,,
706815,鑫聯元富59購03,2026-08-05,2.17,0.43,24.71,2000000,0,,,,,,,,,,
706821,巨漢凱基59購03,2026-08-05,1.28,0.07,5.79,31000000,0,,是,,1.21,1.65,2.25,,-42.4618,-32.7769,
706823,東捷凱基59購02,2026-08-05,2.69,0.37,15.95,70000000,0,綠縮,是,,1.98,3.35,6.27,,-58.0195,-48.4084,-28.158
706825,前鼎凱基5B購01,2026-08-05,1.6,-1.27,-44.25,15000000,0,,否,,1.71,1.98,,,-23.6396,-34.5364,
706828,凡甲元大59購02,2026-08-05,1.92,0.0,0.0,500000000,0,,是,,2.01,,,,,,
706831,元債20元大65購01,2026-08-05,0.32,0.02,6.67,499000000,0,,是,,0.39,0.45,0.46,,-23.3202,-12.3529,
706840,東捷元大59購02,2026-08-05,2.71,0.05,1.88,42000000,0,,是,,3.1,3.95,,,-35.5537,-26.4021,
706842,鈊象元大59購02,2026-08-05,1.24,0.05,4.2,97000000,0,紅增,否,,1.08,0.99,1.21,,19.2053,-10.2981,-7.6688
706843,鈊象元大5C購04,2026-08-05,0.84,0.0,0.0,5000000,0,紅增,否,,0.75,0.69,0.74,,20.5788,1.6296,-2.6815
706844,鈊象元大63購04,2026-08-05,0.53,0.0,0.0,1000000,0,紅增,否,,0.47,0.43,0.48,,22.1649,1.1737,-2.359
706846,雙鴻元大59購28,2026-08-05,0.46,0.07,17.95,94000000,0,綠縮,是,,0.42,0.46,0.58,,-13.4694,-22.0137,-19.5592
706850,東捷永豐5C購01,2026-08-05,2.55,0.23,9.91,91000000,0,,是,,2.54,3.21,,,-34.8407,-31.5442,
706851,前鼎永豐5B購02,2026-08-05,1.43,0.31,27.68,2000000,0,,是,,1.02,1.06,,,-7.4681,-28.6775,
706852,鈊象永豐5B購01,2026-08-05,0.64,0.02,3.23,172000000,0,紅增,否,,0.58,0.53,0.6,,21.0084,-0.9416,-5.0673
706853,東捷國泰5A購02,2026-08-05,3.67,0.5,15.77,30000000,0,,否,,5.21,,,,,,
706863,中美晶群益62購01,2026-08-05,2.99,0.37,14.12,3000000,0,紅轉綠,否,,4.69,4.36,3.54,,16.7662,27.7338,24.4413
706865,東捷群益62購01,2026-08-05,5.25,0.78,17.45,20000000,0,,,,,,,,,,
706866,東捷群益63購02,2026-08-05,3.71,0.35,10.42,26000000,0,,否,,3.34,4.91,,,-48.4736,-32.0144,
706869,鈊象群益59購02,2026-08-05,0.95,0.01,1.06,10000000,0,,否,,1.04,1.2,,,-23.1905,-17.732,
706872,聖暉*群益5C購01,2026-08-05,2.18,0.28,14.74,15000000,0,,否,,2.52,2.97,2.69,,-26.0844,-0.9349,
706875,鑫科群益5B購01,2026-08-05,0.45,0.03,7.14,40000000,0,綠增,否,,0.62,0.81,1.06,,-38.6905,-26.3587,-7.5447
706876,久元國票5A購02,2026-08-05,0.45,0.06,15.38,2000000,0,綠縮,否,,0.42,0.64,0.96,,-50.2347,-37.5122,-24.42
706880,頎邦國票5A購03,2026-08-05,6.9,1.35,24.32,1000000,0,,,,,,,,,,
706889,順達元大59購07,2026-08-05,1.08,0.0,0.0,337000000,0,,是,,1.64,2.0,2.36,,-30.4163,-18.4307,-7.968
706892,鈊象元大63購05,2026-08-05,1.63,0.02,1.24,23000000,0,紅增,否,,1.5,1.4,1.46,,15.4083,2.3426,0.4124
706895,均豪國泰5B購01,2026-08-05,0.8,0.08,11.11,85000000,0,,是,,1.03,1.3,1.46,,-34.355,-13.1861,
706897,凡甲凱基59購02,2026-08-05,1.92,0.04,2.13,9000000,0,,否,,2.48,3.02,,,-30.3982,,
706900,鈊象凱基5B購01,2026-08-05,1.38,0.06,4.55,14000000,0,,否,,1.28,1.28,1.58,,-0.4666,-15.4252,-7.7553
706902,雙鴻凱基59購18,2026-08-05,1.18,0.0,0.0,24000000,0,,否,,1.11,1.27,1.86,,-22.9485,-34.7514,
706903,台燿國票5B購02,2026-08-05,11.7,2.55,27.87,3000000,0,,否,,8.12,,,,,,
706904,信音國票59購01,2026-08-05,0.26,0.03,13.04,40000000,0,綠縮,是,,0.25,0.41,0.83,,-54.8043,-44.0329,-31.3693
706905,宣德國票5B購01,2026-08-05,0.16,0.02,14.29,1000000,0,綠縮,否,,0.15,0.2,0.35,,-38.7097,-44.2897,-36.2319
706907,雙鴻國票5B購02,2026-08-05,0.63,0.05,8.62,70000000,0,綠縮,否,,0.57,0.55,0.75,,4.0441,-24.4898,-13.3449
706908,台燿群益59購07,2026-08-05,10.3,1.95,23.35,1000000,0,,,,,,,,,,
706914,鈊象中信63購01,2026-08-05,0.27,0.0,0.0,50000000,0,綠轉紅,否,,0.25,0.24,0.28,,11.4035,-12.6812,-6.822
706915,中光電永豐5B購01,2026-08-05,2.01,0.02,1.01,16000000,0,綠縮,否,,1.46,1.73,1.88,,-26.6064,-23.2785,6.6837
706916,元太永豐5B購01,2026-08-05,2.9,0.15,5.45,5000000,0,,否,,2.47,2.73,,,-16.9799,,
706917,宜特永豐59購03,2026-08-05,0.42,0.04,10.53,56000000,0,,否,,0.45,0.62,0.81,,-42.9648,-24.7894,
706919,雙鴻永豐5C購02,2026-08-05,0.74,0.08,12.12,243000000,0,綠轉紅,否,,0.61,0.64,0.73,,-9.4675,-5.9854,-11.9637
706921,協易機永豐5C購01,2026-08-05,0.2,0.02,11.11,5000000,0,,否,,0.25,0.41,0.62,,-54.9645,-33.9257,
706923,信音永豐5C購01,2026-08-05,0.67,0.07,11.67,13000000,0,綠縮,否,,0.73,1.07,1.66,,-48.8732,-36.9195,-21.8079
706924,勤凱永豐61購01,2026-08-05,0.69,0.1,16.95,6000000,0,,否,,0.6,0.71,1.39,,-28.125,-41.3454,
706925,匯鑽科永豐61購01,2026-08-05,0.42,0.03,7.69,20000000,0,,否,,0.38,0.49,0.57,,-36.0269,-27.0958,
706926,精星永豐5B購01,2026-08-05,0.28,0.02,7.69,93000000,0,,否,,0.35,0.51,0.6,,-48.8235,-22.9385,
706927,廣閎科永豐5C購01,2026-08-05,4.88,0.52,11.93,6000000,0,,否,,5.03,4.5,,,26.5091,,
706928,台燿凱基5B購03,2026-08-05,7.65,-2.85,-27.14,1000000,0,,否,,17.01,,,,,,
706934,千附國票5B購01,2026-08-05,1.86,-0.07,-3.63,25000000,0,紅縮,否,,2.59,2.4,1.84,,16.9982,34.4538,23.4879
706935,千附精國票5B購01,2026-08-05,2.09,0.27,14.84,51000000,0,,是,,2.44,3.19,3.33,,-37.7483,-19.2239,
706942,久元富邦5C購01,2026-08-05,0.53,0.05,10.42,2000000,0,,否,,0.63,,,,,,
706948,印能元大64購01,2026-08-05,3.29,-0.44,-11.8,13000000,0,,是,,3.14,2.64,2.39,,46.6355,21.8375,
706949,良維元大61購01,2026-08-05,2.05,0.07,3.54,5000000,0,,是,,2.04,,,,,,
706951,順達元大5A購06,2026-08-05,0.95,0.15,18.75,224000000,0,綠縮,是,,1.16,1.56,2.07,,-40.6953,-32.7869,-15.1969
706957,雙鴻元大5A購05,2026-08-05,1.22,0.1,8.93,348000000,0,綠縮,否,,1.12,1.09,1.35,,4.878,-15.0855,-14.2042
706960,印能群益5A購01,2026-08-05,2.98,-0.72,-19.46,2000000,0,,否,,3.14,,,,,,
706963,匯鑽科群益5C購01,2026-08-05,0.39,0.11,39.29,4000000,0,,否,,0.39,0.59,,,-51.0101,-25.7862,
706966,千附精凱基5B購01,2026-08-05,2.53,0.33,15.0,1000000,0,,否,,4.26,4.45,4.41,,-8.3907,-2.879,
706967,世紀*凱基5A購01,2026-08-05,0.17,0.07,70.0,1000000,0,,否,,0.15,0.25,0.3,,-56.3218,-34.3832,-19.1257
706968,印能凱基64購01,2026-08-05,2.97,-0.64,-17.73,21000000,0,紅增,否,,2.86,2.69,2.61,,12.8752,12.4791,-2.6076
706970,鈊象凱基64購01,2026-08-05,1.72,0.11,6.83,32000000,0,綠縮,是,,1.48,1.5,1.73,,-2.1108,-14.0401,-7.3014
706971,雙鴻凱基5A購05,2026-08-05,0.76,0.14,22.58,25000000,0,,否,,0.55,0.59,0.95,,-12.381,-31.9908,-33.0025
706972,印能國票5A購03,2026-08-05,3.8,-0.07,-1.81,24000000,0,紅增,否,,2.85,2.52,2.59,,30.4388,15.0616,0.6012
706973,宏碩國票5C購01,2026-08-05,0.09,0.01,12.5,20000000,0,,是,,0.11,0.18,0.35,,-56.6929,-47.851,
706980,神盾統一64購01,2026-08-05,0.46,0.04,9.52,241000000,0,綠縮,是,,0.45,0.47,0.6,,-9.7166,-21.1409,-9.9625
706981,神盾統一64購02,2026-08-05,0.45,0.04,9.76,4000000,0,,否,,0.43,0.52,0.62,,-28.5714,-22.87,
706982,印能永豐64購01,2026-08-05,3.71,-0.86,-18.82,662000000,0,,是,,3.41,3.34,3.29,,3.8415,10.6954,-7.8494
706983,宏觀永豐5C購01,2026-08-05,0.32,0.0,0.0,31000000,0,,,,,,,,,,
706984,亞電永豐61購01,2026-08-05,7.35,1.3,21.49,1000000,0,,否,,6.17,6.57,6.35,,-11.5065,-8.5097,
706985,原相永豐5B購02,2026-08-05,1.61,0.18,12.59,1000000,0,綠縮,否,,1.41,1.47,1.94,,-7.4607,-26.8159,-6.6298
706986,神盾永豐5C購02,2026-08-05,0.47,0.06,14.63,143000000,0,綠縮,否,,0.45,0.49,0.71,,-14.4487,-29.2754,-12.4845
706989,元太元大5A購01,2026-08-05,2.42,0.12,5.22,109000000,0,,是,,1.95,,,,,,
706990,天品元大5A購01,2026-08-05,0.11,0.0,0.0,19000000,0,,是,,0.13,0.16,0.21,,-32.6531,-31.0924,
706991,世紀*元大5A購01,2026-08-05,0.11,0.01,10.0,30000000,0,綠增,否,,0.12,0.14,0.16,,-25.0,-20.4545,-1.5198
706994,宏捷科元大5A購01,2026-08-05,0.62,0.08,14.81,20000000,0,,否,,0.45,0.93,,,-67.9943,,
706996,精材元大5A購03,2026-08-05,7.45,1.65,28.45,10000000,0,,否,,9.42,7.72,5.69,,56.4264,70.743,
706997,加百裕群益5A購01,2026-08-05,0.22,0.03,15.79,20000000,0,,是,,0.47,0.78,,,-56.2152,-43.9219,
706998,印能群益5A購02,2026-08-05,2.95,-0.73,-19.84,176000000,0,,是,,2.32,2.67,2.65,,-23.1126,-3.3996,-12.6566
707001,常珵群益5A購01,2026-08-05,0.28,-0.16,-36.36,63000000,0,,否,,0.35,0.52,0.79,,-48.9796,-36.3636,
707004,雙鴻群益5A購05,2026-08-05,2.4,-0.09,-3.61,77000000,0,綠縮,否,,2.09,2.07,3.17,,1.5549,-30.3793,-23.4882
707009,印能元大5A購05,2026-08-05,3.7,-0.09,-2.37,33000000,0,,否,,2.9,2.54,,,33.1193,-7.4654,
707010,印能元大5A購06,2026-08-05,3.02,-0.6,-16.57,5000000,0,,否,,2.88,2.69,,,15.2922,-1.6819,
707011,印能元大5B購01,2026-08-05,3.22,-0.44,-12.02,432000000,0,紅增,是,,2.81,2.72,2.64,,6.9254,12.8216,-0.8438
707012,印能元大5C購02,2026-08-05,1.94,-0.33,-14.54,3000000,0,,否,,1.85,2.08,2.0,,-19.7049,-1.2363,
707014,印能元大64購02,2026-08-05,1.13,-0.14,-11.02,49000000,0,綠縮,是,,1.03,1.18,1.19,,-21.6667,-7.6138,-7.045
707015,均豪元大5A購01,2026-08-05,0.21,0.08,61.54,1000000,0,,否,,0.29,0.51,0.69,,-59.6685,-24.2921,
707016,宏捷科元大5A購02,2026-08-05,0.55,0.06,12.24,8000000,0,,是,,0.61,1.19,,,-65.1532,,
707018,系微元大5A購01,2026-08-05,0.51,0.08,18.6,260000000,0,,是,,0.64,1.11,1.45,,-59.9496,-35.7968,-16.992
707019,宜特元大5A購01,2026-08-05,1.24,0.06,5.08,6000000,0,,否,,1.61,,,,,,
707020,信立元大5A購01,2026-08-05,0.17,0.07,70.0,10000000,0,,否,,0.13,0.18,0.23,,-43.4783,-27.4194,-19.7917
707022,美琪瑪元大5A購01,2026-08-05,0.55,0.05,10.0,35000000,0,,是,,1.2,1.56,,,-37.565,-18.9933,
707024,廣閎科元大5A購01,2026-08-05,3.1,0.66,27.05,10000000,0,,否,,6.92,6.56,4.78,,11.6489,37.7073,
707027,台燿凱基5B購04,2026-08-05,7.3,-2.6,-26.26,1000000,0,,否,,11.29,13.71,,,-30.0496,,
707028,印能凱基5A購03,2026-08-05,4.0,0.99,32.89,90000000,0,紅增,否,,2.41,2.16,2.16,,25.9414,23.0769,0.139
707030,系微凱基5A購02,2026-08-05,0.59,0.1,20.41,310000000,0,綠縮,是,,0.5,0.66,1.17,,-37.7778,-42.6201,-27.1628
707033,前鼎凱基5A購03,2026-08-05,0.65,-0.8,-55.17,17000000,0,,是,,1.15,1.77,,,-51.8022,,
707035,陽程凱基5A購01,2026-08-05,1.41,-1.22,-46.39,20000000,0,,是,,3.1,3.85,4.26,,-32.5804,-13.6455,
707036,陽程凱基5A購02,2026-08-05,1.03,-1.35,-56.72,24000000,0,,是,,2.88,4.07,,,-45.2128,-19.2468,
707038,衛司特凱基5A購01,2026-08-05,1.25,0.2,19.05,216000000,0,綠縮,是,,0.89,1.27,1.6,,-45.676,-26.4655,-14.0445
707039,久昌國票5B購01,2026-08-05,0.09,0.01,12.5,12000000,0,,否,,0.2,0.25,,,-34.0,,
707040,千如國票5B購01,2026-08-05,1.22,0.12,10.91,71000000,0,綠縮,是,,1.03,1.95,3.49,,-64.0363,-51.0189,-21.7177
707042,印能國票5B購01,2026-08-05,1.55,-0.39,-20.1,1551000000,0,紅增,是,,1.41,1.31,1.28,,17.2471,15.1142,-7.4302
707043,沛亨國票5B購01,2026-08-05,0.54,0.08,17.39,20000000,0,,否,,1.08,1.58,2.02,,-48.2726,-29.1984,
707044,威聯通國票5B購01,2026-08-05,0.18,0.02,12.5,20000000,0,綠縮,否,,0.2,0.26,0.35,,-37.2671,-25.9887,-20.6659
707045,茂綸國票5B購01,2026-08-05,0.98,0.19,24.05,70000000,0,綠縮,是,,0.72,0.83,0.95,,-22.8145,-17.3134,-12.7006
707046,博盛國票5B購01,2026-08-05,0.86,0.07,8.86,90000000,0,綠縮,否,,0.8,0.98,1.84,,-30.4348,-47.2973,-19.6417
707047,衛司特國票5B購01,2026-08-05,0.56,0.15,36.59,569000000,0,,是,,0.69,0.79,,,-21.4932,-24.3528,
707048,雙鴻中信64購01,2026-08-05,0.55,0.03,5.77,81000000,0,綠縮,否,,0.48,0.48,0.56,,-0.4115,-11.6576,-9.4463
707050,印能永豐5A購02,2026-08-05,1.66,-0.54,-24.55,58000000,0,紅增,否,,1.49,1.38,1.42,,17.5633,14.6789,-5.7048
707051,印能永豐61購01,2026-08-05,3.5,-0.5,-12.5,3000000,0,紅增,否,,2.77,2.48,2.39,,26.5082,22.7948,-0.2717
707058,晟德永豐5B購01,2026-08-05,0.78,0.01,1.3,107000000,0,綠縮,是,,0.79,0.82,0.93,,-5.0239,-14.2105,-7.1285
707062,磐亞永豐5B購01,2026-08-05,6.3,1.0,18.87,2000000,0,,是,,5.59,4.41,,,73.4947,51.8263,
707063,台嘉碩國泰5B購01,2026-08-05,2.78,0.08,2.96,19000000,0,,是,,2.44,2.67,3.92,,-16.0358,-31.5493,-16.391
707067,雙鴻富邦5C購05,2026-08-05,1.03,0.13,14.44,489000000,0,,是,,0.84,0.85,1.13,,-1.8605,-13.7652,
707068,雙鴻富邦5C購06,2026-08-05,0.97,-0.01,-1.02,290000000,0,,是,,0.86,0.84,1.05,,3.3816,-14.5178,
707070,台燿統一74購01,2026-08-05,2.9,0.39,15.54,7000000,0,綠縮,是,,2.35,2.69,3.04,,-22.6763,-16.0424,-6.8537
707072,立碁統一74購01,2026-08-05,0.69,-0.05,-6.76,167000000,0,,是,,0.64,0.57,,,26.1905,,
707073,印能統一63購02,2026-08-05,1.16,-0.3,-20.55,40000000,0,紅縮,否,,1.14,1.04,0.96,,20.5945,19.2882,-3.8635
707074,印能統一74購01,2026-08-05,2.28,0.07,3.17,6000000,0,紅增,否,,1.93,1.85,1.83,,9.1422,6.5555,1.6671
707075,沛亨統一74購01,2026-08-05,0.6,0.06,11.11,1000000,0,綠縮,否,,0.54,0.6,0.84,,-17.5758,-24.8439,-15.6439
707076,系統電統一67購01,2026-08-05,0.45,0.04,9.76,10000000,0,綠縮,否,,0.38,0.45,0.59,,-25.098,-27.9483,-16.7842
707078,能率統一67購01,2026-08-05,0.9,0.17,23.29,106000000,0,綠縮,否,,0.64,0.73,0.85,,-21.8447,-19.5175,-6.4195
707080,華電網統一74購01,2026-08-05,0.35,0.02,6.06,8000000,0,,是,,0.33,0.36,0.43,,-18.9055,-16.895,-12.8571
707082,順達統一63購03,2026-08-05,0.52,-0.03,-5.45,43000000,0,綠縮,否,,0.43,0.59,0.82,,-41.3514,-33.5221,-18.0549
707083,頎邦統一63購01,2026-08-05,2.91,0.63,27.63,16000000,0,綠縮,是,,2.37,3.56,4.95,,-50.1474,-38.7435,-22.1777
707087,廣閎科統一74購01,2026-08-05,0.98,0.07,7.69,26000000,0,,是,,0.93,1.1,1.18,,-27.543,-20.7194,
707089,雙鴻統一62購05,2026-08-05,0.58,0.1,20.83,4000000,0,,否,,0.5,0.74,0.81,,-49.495,-16.3861,
707091,久元群益5A購01,2026-08-05,0.49,0.11,28.95,1000000,0,,否,,1.35,1.65,,,-30.4214,,
707096,岳豐群益5A購01,2026-08-05,0.12,-0.05,-29.41,1000000,0,綠增,否,,0.59,0.79,0.89,,-40.8081,-26.6294,-5.7082
707098,倚強群益5A購01,2026-08-05,0.42,0.1,31.25,5000000,0,,否,,0.75,0.94,1.09,,-33.1551,-15.2174,
707103,中光電兆豐64購01,2026-08-05,2.37,0.32,15.61,175000000,0,綠縮,是,,1.75,2.17,2.07,,-32.4345,-13.1043,8.5407
707106,矽科群益5A購01,2026-08-05,0.67,0.03,4.69,2000000,0,,否,,2.05,2.1,,,-4.6468,1.3012,
707117,頎邦凱基64購01,2026-08-05,2.44,-0.85,-25.84,14000000,0,,是,,3.55,5.23,,,-48.5673,-34.3126,
707119,雙鴻凱基5C購05,2026-08-05,0.95,0.09,10.47,33000000,0,綠轉紅,否,,0.79,0.82,1.02,,-7.4941,-8.9701,-20.3682
707124,翔名國票5B購01,2026-08-05,1.52,0.13,9.35,1000000,0,,否,,1.86,2.55,2.57,,-42.6017,-18.5646,-7.2485
707125,群翊國票5B購01,2026-08-05,0.42,0.07,20.0,42000000,0,綠縮,是,,0.46,0.53,0.67,,-23.6667,-26.5278,-10.6355
707126,頎邦國票5B購01,2026-08-05,4.7,1.41,42.86,3000000,0,,是,,4.11,,,,,,
707127,磐亞國票5B購01,2026-08-05,7.6,1.4,22.58,19000000,0,綠縮,是,,7.45,9.07,7.32,,-30.206,2.1059,17.6627
707129,宜特富邦5C購01,2026-08-05,0.7,-0.01,-1.41,548000000,0,,是,,0.68,0.75,,,-16.2162,,
707132,聚和富邦5A購01,2026-08-05,0.24,0.05,26.32,625000000,0,綠縮,是,,0.28,0.36,0.45,,-34.2593,-34.1912,-12.2093
707133,正淩統一63購01,2026-08-05,0.46,0.06,15.0,283000000,0,綠縮,是,,0.37,0.45,0.59,,-29.434,-29.375,-11.8087
707134,同致統一64購01,2026-08-05,0.3,-0.01,-3.23,141000000,0,,是,,0.32,0.36,,,-16.9231,-18.4932,
707136,協易機統一66購01,2026-08-05,0.35,0.03,9.38,1000000,0,,否,,0.4,0.46,0.52,,-22.9572,-15.1119,
707138,陽程統一64購02,2026-08-05,1.08,0.14,14.89,811000000,0,,是,,1.22,1.39,,,-21.8228,,
707139,陽程統一74購01,2026-08-05,0.82,0.06,7.89,234000000,0,,是,,0.81,0.87,,,-13.1183,,
707141,群翊統一63購01,2026-08-05,0.57,0.06,11.76,195000000,0,紅增,是,,0.54,0.58,0.65,,-11.7264,-14.2433,-6.2771
707142,群翊統一74購01,2026-08-05,0.46,0.03,6.98,1000000,0,,否,,0.46,0.49,0.51,,-13.9623,-6.6288,-7.8804
707144,頎邦統一67購01,2026-08-05,1.35,0.18,15.38,34000000,0,綠縮,是,,1.08,1.51,2.0,,-44.1813,-27.3295,-20.3976
707146,均豪永豐5A購01,2026-08-05,1.04,0.16,18.18,106000000,0,,是,,,,,,,,
707147,宏捷科永豐5C購01,2026-08-05,0.87,0.14,19.18,50000000,0,,是,,0.62,1.17,,,-63.986,,
707150,茂訊永豐5B購01,2026-08-05,3.45,0.38,12.38,45000000,0,綠縮,是,,2.86,2.89,3.05,,-2.5256,-9.0823,-6.1105
707151,茂綸永豐5A購01,2026-08-05,1.39,0.19,15.83,260000000,0,綠轉紅,否,,0.98,0.94,1.35,,7.9295,-29.1291,-22.0173
707152,湧德永豐5B購01,2026-08-05,0.39,0.05,14.71,118000000,0,,是,,0.62,0.89,,,-46.4471,,
707153,陽程永豐5C購01,2026-08-05,4.21,0.62,17.27,75000000,0,,是,,4.34,5.17,6.04,,-27.7815,-15.8255,
707154,群翊永豐5A購01,2026-08-05,0.92,0.12,15.0,20000000,0,,否,,1.49,2.15,,,-46.933,,
707158,雙鴻永豐5C購03,2026-08-05,0.97,0.06,6.59,47000000,0,綠縮,否,,0.94,0.93,1.24,,3.0568,-21.4527,-20.4939
707159,九豪元大5A購01,2026-08-05,1.25,0.08,6.84,10000000,0,,是,,1.59,2.71,,,-58.3595,-27.2215,
707164,翔名元大5A購01,2026-08-05,1.82,0.2,12.35,1000000,0,綠增,否,,3.68,4.03,3.82,,-16.0274,-4.5034,2.9622
707167,雙鴻元大61購12,2026-08-05,1.95,0.2,11.43,1000000,0,,否,,1.93,2.11,,,-15.7205,,
707169,台燿凱基61購02,2026-08-05,3.06,-1.3,-29.82,36000000,0,,是,,3.75,5.77,,,-51.7481,-24.7128,
707173,華景電凱基5A購01,2026-08-05,0.26,0.06,30.0,1000000,0,綠縮,否,,0.2,0.33,0.87,,-54.8673,-58.7421,-32.8071
707174,華景電凱基5A購02,2026-08-05,0.52,0.18,52.94,1000000,0,綠縮,否,,0.46,0.71,1.27,,-52.795,-46.0955,-24.7115
707175,鈊象凱基64購02,2026-08-05,1.68,0.14,9.09,10000000,0,綠轉紅,否,,1.4,1.44,1.47,,-5.4054,-3.8718,-3.0273
707176,群翊凱基5C購01,2026-08-05,0.71,0.1,16.39,2000000,0,綠縮,否,,0.68,0.82,1.04,,-28.8981,-25.1137,-12.5683
707178,世界群益5C購01,2026-08-05,1.22,-0.14,-10.29,115000000,0,,否,,1.37,1.5,,,-16.7073,-18.2263,
707179,台半群益5A購01,2026-08-05,3.65,0.67,22.48,3000000,0,,否,,9.22,,,,,,
707181,台燿群益5B購02,2026-08-05,7.9,1.2,17.91,2000000,0,,否,,6.68,9.5,,,-45.7955,-17.1478,
707187,台燿國票5B購03,2026-08-05,7.95,1.8,29.27,1000000,0,,否,,5.02,5.96,,,-27.0827,,
707188,安葆國票5B購01,2026-08-05,0.04,0.01,33.33,504000000,0,,是,,0.04,0.06,0.18,,-53.4884,-68.8119,-37.0435
707189,華景電國票5B購01,2026-08-05,0.49,0.1,25.64,500000000,0,綠縮,是,,0.48,0.64,1.08,,-40.5,-43.986,-22.4417
707192,鈺太國泰5B購01,2026-08-05,0.61,0.2,48.78,472000000,0,,是,,0.44,0.84,,,-63.961,-45.5844,
707194,久元統一64購01,2026-08-05,0.51,0.04,8.51,132000000,0,綠縮,否,,0.52,0.62,0.73,,-27.9778,-18.7173,-13.5533
707195,湧德統一74購01,2026-08-05,0.41,0.03,7.89,150000000,0,,是,,0.45,0.47,,,-8.1633,-15.3153,
707196,華景電統一64購01,2026-08-05,0.54,0.05,10.2,526000000,0,綠縮,是,,0.47,0.55,0.71,,-24.6006,-26.3087,-13.7326
707198,華景電統一65購01,2026-08-05,0.68,0.08,13.33,100000000,0,綠縮,是,,0.63,0.81,0.93,,-37.2745,-21.2415,-11.1958
707204,群翊統一74購02,2026-08-05,0.62,0.03,5.08,21000000,0,綠縮,是,,0.63,0.67,0.7,,-12.7778,-8.0491,-5.6043
707205,頎邦統一64購03,2026-08-05,1.85,0.42,29.37,11000000,0,,是,,2.13,2.56,3.36,,-29.0193,-23.924,-19.4028
707208,台燿元大61購05,2026-08-05,6.0,0.85,16.5,2000000,0,,否,,5.11,,,,,,
707209,台燿元大64購04,2026-08-05,3.39,0.44,14.92,10000000,0,,否,,2.55,2.65,,,-7.2833,-28.1954,
707211,系微元大5A購02,2026-08-05,0.44,0.06,15.79,78000000,0,,是,,0.97,1.52,,,-52.9469,,
707213,良維元大5B購01,2026-08-05,1.27,0.05,4.1,6000000,0,,是,,1.91,,,,,,
707215,信紘科元大5A購01,2026-08-05,0.45,0.06,15.38,314000000,0,綠縮,是,,0.47,0.61,0.9,,-36.0434,-34.3818,-16.6821
707217,華景電元大5A購02,2026-08-05,0.58,0.08,16.0,326000000,0,綠縮,是,,0.52,0.67,1.18,,-36.5854,-43.5076,-18.043
707218,順達元大5A購07,2026-08-05,0.98,-0.04,-3.92,609000000,0,綠縮,是,,1.2,1.55,2.03,,-37.3822,-30.5145,-14.8838
707219,順達元大5A購08,2026-08-05,1.36,-0.03,-2.16,85000000,0,,是,,1.39,2.04,,,-48.3655,,
707220,群翊元大5A購01,2026-08-05,0.35,0.14,66.67,1000000,0,綠縮,是,,0.34,0.48,0.6,,-44.6254,-29.9559,-18.8046
707221,雙鴻元大64購02,2026-08-05,1.58,0.08,5.33,422000000,0,綠縮,是,,1.35,1.4,1.55,,-5.7103,-3.9917,-8.6854
707222,世界永豐61購01,2026-08-05,2.03,0.21,11.54,209000000,0,綠縮,是,,2.08,2.49,2.49,,-28.2459,-14.6534,-2.3749
707224,台燿永豐5A購03,2026-08-05,6.1,1.29,26.82,5000000,0,,是,,4.76,4.95,,,-7.5758,,
707227,華景電永豐5C購01,2026-08-05,0.95,0.13,15.85,66000000,0,綠縮,否,,0.79,0.9,1.33,,-22.4852,-31.4547,-18.4753
707228,華景電永豐61購01,2026-08-05,0.81,0.18,28.57,32000000,0,,是,,1.16,1.61,,,-43.7016,-22.4146,
707230,頎邦永豐5C購01,2026-08-05,2.77,0.46,19.91,44000000,0,,是,,2.24,3.72,5.4,,-56.9065,-39.3213,
707231,順達兆豐5C購01,2026-08-05,0.31,0.01,3.33,10000000,0,綠縮,否,,0.37,0.75,0.89,,-66.8449,-30.7692,-16.4081
707233,陽程凱基5A購03,2026-08-05,1.28,-1.34,-51.15,41000000,0,,是,,2.91,3.83,,,-38.6335,-26.1817,
707235,新盛力凱基5A購01,2026-08-05,2.25,0.21,10.29,1000000,0,,是,,2.42,3.67,4.62,,-50.6716,-27.1156,-11.3117
707237,頎邦凱基5B購01,2026-08-05,1.17,-1.2,-50.63,24000000,0,綠增,是,,2.67,4.68,6.82,,-60.0897,-41.7548,-21.8213
707242,家登元大5A購02,2026-08-05,2.57,0.45,21.23,57000000,0,,是,,2.3,3.27,,,-45.8491,,
707246,鈊象元大61購01,2026-08-05,1.61,0.0,0.0,11000000,0,紅增,否,,1.44,1.33,1.39,,18.9456,2.9435,0.6864
707248,萬泰科元大5A購01,2026-08-05,0.51,0.13,34.21,10000000,0,綠縮,是,,0.45,0.65,0.96,,-48.0278,-38.8993,-22.1545
707249,台星科國票5B購01,2026-08-05,0.56,0.0,0.0,106000000,0,,是,,1.03,1.22,,,-26.7045,-10.36,
707250,台燿國票5B購04,2026-08-05,6.9,1.3,23.21,40000000,0,,是,,5.64,7.77,,,-43.039,,
707251,順達國票5B購02,2026-08-05,0.37,0.02,5.71,268000000,0,綠縮,是,,0.52,0.74,0.99,,-45.4167,-36.0896,-19.0204
707252,新盛力國票5A購01,2026-08-05,2.27,0.21,10.19,1000000,0,,是,,1.7,2.98,,,-59.9059,-33.3259,
707253,新盛力國票5B購01,2026-08-05,2.3,0.15,6.98,73000000,0,綠縮,是,,2.0,2.98,3.81,,-49.3165,-27.872,-15.6835
707255,宏捷科國泰5B購01,2026-08-05,0.5,0.04,8.7,27000000,0,綠縮,是,,0.43,0.51,0.77,,-25.1724,-34.0702,-25.1697
707257,台特化永豐5C購01,2026-08-05,0.36,0.07,24.14,56000000,0,,是,,0.66,1.01,,,-50.8876,,
707258,東捷永豐64購01,2026-08-05,2.84,0.2,7.58,53000000,0,,否,,3.14,4.18,,,-39.7701,-27.797,
707264,台燿統一64購02,2026-08-05,2.38,0.4,20.2,63000000,0,綠縮,是,,2.09,2.11,2.67,,-1.9737,-21.0861,-6.6119
707266,東捷統一64購02,2026-08-05,1.21,0.05,4.31,458000000,0,,是,,1.61,2.02,2.28,,-33.5255,-20.3076,
707268,華景電統一63購01,2026-08-05,0.43,0.06,16.22,278000000,0,綠縮,否,,0.34,0.4,0.59,,-26.5217,-31.9113,-18.3391
707272,新盛力統一74購01,2026-08-05,0.98,0.06,6.52,31000000,0,綠縮,是,,0.95,1.12,1.22,,-26.5528,-15.1216,-8.6729
707273,新盛力統一74購02,2026-08-05,0.89,0.04,4.71,213000000,0,綠縮,否,,0.84,0.9,1.05,,-12.9167,-18.4378,-9.9614
707274,群翊統一64購02,2026-08-05,0.44,0.04,10.0,40000000,0,,否,,0.45,0.53,0.58,,-27.8317,-13.2137,-14.9341
707276,頎邦統一74購01,2026-08-05,1.08,0.16,17.39,234000000,0,綠縮,否,,0.87,1.04,1.32,,-28.8525,-23.5165,-18.1762
707277,廣閎科統一74購02,2026-08-05,0.76,0.04,5.56,1000000,0,,否,,1.12,1.16,,,-6.6445,14.0059,
707278,德微統一64購01,2026-08-05,0.87,0.17,24.29,64000000,0,,是,,0.83,1.4,,,-57.6375,-23.9804,
707279,久元凱基61購01,2026-08-05,0.44,0.04,10.0,3000000,0,綠轉紅,是,,0.42,0.56,0.81,,-39.9425,-34.3934,-24.2056
707282,台燿凱基5A購02,2026-08-05,2.59,-2.2,-45.93,13000000,0,,是,,4.85,8.61,,,-60.8562,-26.1004,
707285,旺矽凱基5A購04,2026-08-05,1.88,0.35,22.88,8000000,0,綠縮,否,,1.31,1.66,2.59,,-34.7305,-43.404,-15.0755
707288,鑫聯凱基5B購01,2026-08-05,1.77,0.31,21.23,20000000,0,,是,,1.56,1.8,,,-23.3038,-26.0189,
707289,台燿兆豐5C購01,2026-08-05,3.48,0.78,28.89,5000000,0,綠縮,是,,2.75,3.41,3.88,,-32.4484,-24.0134,-9.7975
707292,台星科元大5A購01,2026-08-05,0.46,0.02,4.55,327000000,0,,是,,0.58,0.7,0.8,,-28.3951,-14.4089,
707293,台星科元大5A購02,2026-08-05,0.86,0.09,11.69,132000000,0,綠縮,否,,0.71,0.88,1.18,,-32.6336,-31.2696,-10.5363
707297,台燿元大5A購08,2026-08-05,4.1,1.04,33.99,2000000,0,,是,,2.63,4.1,,,-52.677,-23.0769,
707298,台燿元大5A購09,2026-08-05,2.43,0.61,33.52,13000000,0,綠縮,是,,1.63,1.67,2.58,,-4.2204,-34.252,-19.588
707299,台燿元大61購06,2026-08-05,2.52,0.52,26.0,223000000,0,綠轉紅,是,,1.51,1.53,2.13,,-3.7084,-24.6071,-17.0713
707300,旺矽元大5A購02,2026-08-05,6.0,1.2,25.0,1000000,0,綠縮,否,,4.86,4.98,4.9,,-4.7787,-0.6181,1.0923
707301,旺矽元大61購01,2026-08-05,2.65,0.27,11.34,25000000,0,綠縮,是,,2.36,2.68,3.08,,-21.2283,-16.9097,-5.3714
707304,陽程元大63購01,2026-08-05,1.36,0.18,15.25,9000000,0,,是,,1.04,1.21,1.46,,-24.163,-22.6633,
707305,頎邦元大63購06,2026-08-05,2.09,0.37,21.51,1000000,0,,否,,3.22,,,,,,
707306,台燿永豐5C購03,2026-08-05,4.8,0.6,14.29,41000000,0,綠縮,是,,2.78,3.14,4.63,,-20.5714,-32.1081,-22.9808
707307,台燿永豐64購02,2026-08-05,3.93,0.74,23.2,1000000,0,綠縮,是,,3.15,3.91,4.62,,-32.7063,-24.0637,-10.2661
707311,均豪永豐5C購01,2026-08-05,0.33,0.03,10.0,33000000,0,,是,,0.37,0.52,0.68,,-45.6973,-27.7778,
707313,旺矽永豐5A購03,2026-08-05,2.15,0.29,15.59,1000000,0,綠縮,否,,1.32,1.59,2.45,,-28.8482,-36.2214,-18.5911
707314,旺矽永豐61購03,2026-08-05,2.66,0.53,24.88,1000000,0,綠縮,否,,2.15,2.29,2.74,,-11.4592,-17.9993,-9.2596
707315,旺矽永豐64購02,2026-08-05,3.21,0.45,16.3,120000000,0,綠增,是,,3.41,3.83,3.79,,-19.8402,-3.1834,1.1083
707316,長科*永豐5A購01,2026-08-05,2.78,0.68,32.38,5000000,0,綠縮,是,,1.94,2.44,3.85,,-34.3496,-37.7863,-14.7114
707317,信驊永豐5A購03,2026-08-05,2.08,0.34,19.54,98000000,0,紅增,是,,1.46,1.49,1.68,,-4.7059,1.5636,-20.9897
707319,翔名永豐5B購01,2026-08-05,1.25,0.11,9.65,3000000,0,,否,,1.46,1.52,,,-8.1967,,
707320,翔名永豐5B購02,2026-08-05,0.66,0.07,11.86,9000000,0,綠縮,否,,0.67,0.88,1.13,,-38.0515,-28.8368,-11.6771
707323,均豪國泰61購01,2026-08-05,0.74,0.12,19.35,45000000,0,綠縮,否,,0.7,0.86,1.2,,-31.1765,-31.558,-8.6659
707328,旺矽富邦64購01,2026-08-05,1.82,0.12,7.06,28000000,0,綠縮,是,,1.42,1.51,1.78,,-11.4856,-18.29,-8.2775
707329,群翊富邦62購01,2026-08-05,0.56,0.05,9.8,368000000,0,綠縮,是,,0.49,0.59,0.72,,-29.5652,-23.6364,-9.4877
707330,台燿國票5B購05,2026-08-05,5.8,1.2,26.09,108000000,0,綠縮,否,,3.63,3.75,5.37,,-5.9037,-29.0286,-17.3612
707331,台燿統一63購01,2026-08-05,2.4,0.5,26.32,90000000,0,綠縮,否,,1.51,1.59,2.25,,-9.8086,-29.2075,-16.475
707332,台燿統一64購03,2026-08-05,1.49,0.24,19.2,7000000,0,綠縮,否,,1.08,1.15,1.51,,-12.3577,-25.1621,-12.9507
707333,台燿統一64購04,2026-08-05,2.35,0.25,11.9,11000000,0,綠縮,否,,1.53,1.78,2.37,,-24.2095,-28.9253,-12.7574
707334,台燿統一66購02,2026-08-05,2.0,0.27,15.61,806000000,0,綠縮,是,,1.24,1.33,1.72,,-12.8169,-21.2678,-14.7671
707335,台燿統一74購02,2026-08-05,1.65,0.21,14.58,364000000,0,綠縮,否,,1.13,1.21,1.6,,-12.7889,-24.1573,-9.4094
707336,台燿統一74購03,2026-08-05,1.27,0.0,0.0,77000000,0,綠縮,否,,1.18,1.23,1.26,,-7.9316,-1.5936,-3.9373
707337,巨漢統一63購02,2026-08-05,0.38,0.02,5.56,608000000,0,綠縮,否,,0.35,0.47,0.58,,-40.0,-24.7209,-15.3846
707338,巨漢統一74購01,2026-08-05,0.41,0.02,5.13,10000000,0,,否,,0.53,0.55,0.56,,-6.0498,-1.2681,
707340,旺矽統一63購06,2026-08-05,1.72,0.24,16.22,21000000,0,綠縮,否,,1.45,1.5,1.8,,-6.8036,-18.4724,-8.8681
707341,旺矽統一64購01,2026-08-05,1.67,0.18,12.08,28000000,0,綠縮,是,,1.49,1.54,1.78,,-6.053,-14.603,-7.8995
707342,東捷統一74購01,2026-08-05,0.67,0.01,1.52,1277000000,0,綠縮,是,,0.71,0.8,0.95,,-20.5817,-19.397,-11.1371
707343,前鼎統一64購01,2026-08-05,1.21,0.35,40.7,24000000,0,綠轉紅,是,,0.78,0.78,1.03,,-0.5128,-18.3631,-19.0326
707344,翔名統一74購02,2026-08-05,1.11,0.07,6.73,88000000,0,綠增,是,,1.33,1.42,1.41,,-12.3016,-3.9269,1.1445
707346,順達統一64購01,2026-08-05,0.47,0.03,6.82,10000000,0,,否,,0.7,0.76,0.84,,-13.9364,-11.0981,
707350,新盛力統一74購03,2026-08-05,1.36,0.09,7.09,134000000,0,綠縮,是,,1.18,1.32,1.63,,-18.6813,-21.8472,-11.389
707352,頎邦統一74購02,2026-08-05,1.12,0.13,13.13,87000000,0,綠縮,否,,0.96,1.18,1.45,,-30.5476,-23.6859,-16.6187
707353,頎邦統一74購03,2026-08-05,1.14,0.18,18.75,342000000,0,綠縮,是,,0.93,1.1,1.43,,-27.7691,-23.7042,-17.9862
707355,廣閎科統一67購01,2026-08-05,0.67,0.07,11.67,23000000,0,,否,,0.73,0.89,0.86,,-30.9298,-14.1618,
707356,廣閎科統一74購03,2026-08-05,1.08,0.07,6.93,195000000,0,,是,,1.26,1.2,,,10.7206,12.9002,
707357,勤凱台新5A購01,2026-08-05,0.88,0.13,17.33,1000000,0,,否,,0.67,1.89,3.26,,-78.4566,-44.4281,
707358,頎邦台新5A購01,2026-08-05,4.97,1.02,25.82,14000000,0,,否,,12.49,14.91,,,-27.8637,,
707359,元太凱基5A購02,2026-08-05,4.23,0.39,10.16,9000000,0,,否,,3.57,3.87,4.18,,-14.2239,-11.4927,
707360,宏捷科凱基5A購01,2026-08-05,0.6,0.04,7.14,2000000,0,,是,,0.58,0.84,1.23,,-47.6534,-36.589,
707361,宜特凱基61購01,2026-08-05,0.92,0.08,9.52,1000000,0,綠縮,是,,0.9,1.35,1.52,,-50.5519,-21.3248,-15.4682
707362,信紘科凱基5A購01,2026-08-05,0.44,0.0,0.0,30000000,0,綠增,是,,0.73,1.01,1.25,,-43.4783,-28.3073,-13.8097
707364,頎邦凱基63購01,2026-08-05,2.72,0.45,19.82,23000000,0,綠縮,否,,2.03,3.0,4.36,,-49.0708,-35.1392,-23.2523
707367,璟德凱基5A購01,2026-08-05,0.32,0.06,23.08,2000000,0,綠縮,否,,0.3,0.63,1.6,,-68.3333,-57.1525,-19.3084
707369,鈊象中信5C購02,2026-08-05,0.36,-0.01,-2.7,52000000,0,,是,,0.31,0.31,0.4,,-0.6369,-20.3562,
707370,立碁永豐5C購01,2026-08-05,0.84,-0.08,-8.7,458000000,0,,是,,0.58,,,,,,
707371,前鼎永豐61購02,2026-08-05,0.81,0.19,30.65,1000000,0,紅增,否,,0.59,0.6,0.8,,-4.8701,-19.9734,-20.7547
707372,群翊永豐5B購01,2026-08-05,0.54,0.07,14.89,1000000,0,,是,,0.51,0.61,0.8,,-29.0503,-19.3676,
707374,頎邦永豐61購01,2026-08-05,1.58,0.38,31.67,138000000,0,綠縮,否,,1.07,1.56,2.2,,-47.6983,-33.8861,-24.3735
707376,譜瑞永豐5C購01,2026-08-05,1.31,0.19,16.96,453000000,0,綠轉紅,是,,1.06,1.21,1.46,,-21.1852,-22.9246,-15.1348
707377,天品國票5A購01,2026-08-05,0.11,0.0,0.0,25000000,0,,否,,0.13,0.16,,,-35.0515,-31.6239,
707381,頎邦國票5B購04,2026-08-05,1.77,0.37,26.43,2000000,0,綠縮,否,,1.53,2.3,3.59,,-49.902,-36.2198,-25.2033
707383,衛司特國票5B購02,2026-08-05,0.28,0.06,27.27,20000000,0,,是,,0.28,0.37,0.47,,-40.5983,-20.8068,
707389,順達群益5A購03,2026-08-05,0.3,-0.17,-36.17,44000000,0,,否,,1.19,1.51,1.75,,-34.9015,-18.3442,-14.8589
707392,頎邦群益5A購02,2026-08-05,2.62,0.62,31.0,1000000,0,,否,,5.4,6.94,,,-36.222,,
707393,頎邦群益5B購02,2026-08-05,2.67,0.97,57.06,1000000,0,,否,,2.6,3.57,5.72,,-42.6114,-42.6551,-27.8311
707394,廣閎科群益5B購01,2026-08-05,2.15,0.34,18.78,1000000,0,綠縮,否,,2.15,3.52,3.9,,-56.1683,-34.0513,1.5092
707403,廣閎科元大5A購02,2026-08-05,0.78,0.2,34.48,2000000,0,綠增,否,,1.24,2.48,2.6,,-66.6667,-27.39,1.5646
707404,衛司特元大5A購01,2026-08-05,0.31,0.04,14.81,13000000,0,,否,,0.41,0.56,0.69,,-42.2969,-17.2059,
707405,群翊國泰5B購02,2026-08-05,1.47,0.19,14.84,8000000,0,綠縮,是,,1.36,1.68,2.05,,-32.1321,-25.7965,-9.8814
707411,宜特統一74購01,2026-08-05,0.47,0.01,2.17,102000000,0,,是,,0.47,0.54,0.58,,-23.1023,-14.377,
707412,東捷統一63購02,2026-08-05,1.09,0.07,6.86,324000000,0,,是,,1.92,2.19,,,-21.725,-13.808,
707413,東捷統一74購02,2026-08-05,0.88,0.07,8.64,4000000,0,綠縮,是,,0.76,0.89,1.11,,-25.9259,-22.3478,-15.2794
707414,前鼎統一74購01,2026-08-05,0.76,0.1,15.15,1000000,0,紅增,否,,0.59,0.6,0.72,,-4.2208,-12.7352,-12.4235
707415,宣德統一74購01,2026-08-05,0.35,0.01,2.94,15000000,0,,是,,0.38,0.43,0.44,,-17.9487,-13.9394,
707419,鈺太統一74購01,2026-08-05,0.43,0.04,10.26,183000000,0,,是,,0.46,0.55,,,-28.972,-18.425,
707421,頎邦富邦5C購02,2026-08-05,1.45,0.23,18.85,185000000,0,,是,,1.6,,,,,,
707422,頎邦富邦61購02,2026-08-05,1.4,0.26,22.81,78000000,0,綠縮,否,,0.99,1.43,2.08,,-47.0525,-34.421,-25.2291
707423,廣閎科富邦5B購01,2026-08-05,0.84,0.17,25.37,1000000,0,綠增,否,,1.24,1.98,1.92,,-54.4453,-19.1429,4.1021
707425,譜瑞兆豐64購01,2026-08-05,1.3,0.14,12.07,287000000,0,綠轉紅,是,,1.15,1.37,1.62,,-27.5253,-16.8594,-12.3002
707426,千附精永豐5B購01,2026-08-05,1.39,0.14,11.2,13000000,0,綠縮,否,,1.25,1.58,2.11,,-34.6917,-32.3643,-10.2428
707428,兆利永豐5A購01,2026-08-05,0.06,-0.06,-50.0,40000000,0,,否,,0.13,0.19,0.4,,-46.8254,-47.6965,
707429,沛亨永豐61購01,2026-08-05,0.48,0.07,17.07,201000000,0,綠縮,否,,0.34,0.47,0.93,,-43.5644,-45.3917,-23.7372
707431,朋億*永豐5B購01,2026-08-05,1.42,0.26,22.41,5000000,0,,是,,1.68,2.44,,,-47.3058,7.0738,
707433,華景電永豐5B購01,2026-08-05,0.39,0.06,18.18,50000000,0,,否,,0.62,0.87,1.0,,-44.484,-26.5546,
707434,陽程永豐5B購01,2026-08-05,1.17,0.27,30.0,160000000,0,,是,,1.47,1.65,1.75,,-20.2394,-8.5271,-13.839
707437,穩得永豐5C購01,2026-08-05,0.17,0.02,13.33,1000000,0,,否,,0.19,0.42,0.65,,-70.5521,-41.7931,-26.4739
707438,元太群益5A購01,2026-08-05,3.78,0.32,9.25,1000000,0,,否,,4.85,4.58,,,12.9362,,
707444,新應材群益5A購02,2026-08-05,0.25,-0.06,-19.35,10000000,0,,否,,0.37,0.65,,,-60.3854,-40.4022,
707445,群翊群益64購01,2026-08-05,0.58,0.05,9.43,10000000,0,,是,,0.73,0.75,,,-7.398,-18.3784,
707448,正淩國泰5B購01,2026-08-05,0.41,0.1,32.26,5000000,0,,否,,1.85,,,,,,
707450,陽程國泰5B購01,2026-08-05,2.03,0.3,17.34,113000000,0,,是,,1.65,2.27,,,-42.8967,,
707453,千附統一64購01,2026-08-05,0.96,0.05,5.49,1000000,0,綠增,否,,1.03,1.19,1.02,,-23.1798,2.0583,9.6496
707454,千附精統一74購01,2026-08-05,0.77,0.05,6.94,41000000,0,綠縮,是,,0.71,0.8,0.92,,-20.8054,-17.4227,-6.9001
707455,台星科統一74購01,2026-08-05,0.7,0.03,4.48,5000000,0,,是,,0.74,0.8,0.81,,-14.3187,-6.7285,
707458,正淩統一74購01,2026-08-05,0.42,0.01,2.44,100000000,0,,否,,0.43,0.5,,,-25.6055,,
707459,立敦統一74購01,2026-08-05,0.94,0.05,5.62,27000000,0,綠縮,是,,0.94,1.1,1.33,,-24.359,-23.0877,-7.6257
707460,兆利統一64購02,2026-08-05,0.2,0.0,0.0,10000000,0,綠縮,是,,0.19,0.27,0.33,,-42.9412,-23.2759,-20.1946
707461,金山電統一74購01,2026-08-05,1.52,0.02,1.33,172000000,0,,是,,2.03,,,,,,
707463,美琪瑪統一63購01,2026-08-05,0.53,0.04,8.16,3000000,0,,否,,0.58,0.8,0.91,,-43.0255,-24.4087,-8.2108
707466,湧德統一64購02,2026-08-05,0.27,0.03,12.5,2000000,0,綠縮,是,,0.27,0.32,0.36,,-28.7234,-17.0103,-9.0446
707467,陽程統一66購01,2026-08-05,0.84,0.08,10.53,248000000,0,綠縮,否,,0.67,0.78,0.93,,-23.9819,-21.1753,-9.704
707468,陽程統一74購02,2026-08-05,0.71,0.07,10.94,76000000,0,,是,,0.73,0.79,,,-13.5071,-13.4213,
707469,陽程統一74購03,2026-08-05,0.86,0.07,8.86,67000000,0,,是,,0.89,0.96,1.02,,-13.7597,-8.3889,
707470,順達統一74購01,2026-08-05,0.48,0.0,0.0,50000000,0,綠縮,否,,0.48,0.58,0.66,,-29.0801,-20.442,-11.8858
707471,新應材統一67購01,2026-08-05,0.39,0.02,5.41,91000000,0,綠縮,否,,0.36,0.4,0.47,,-17.8899,-18.8139,-12.0787
707474,蜜望實統一74購01,2026-08-05,0.97,-0.01,-1.02,48000000,0,綠縮,否,,0.88,0.95,1.23,,-14.2023,-18.7234,-15.0329
707478,立碁凱基5A購01,2026-08-05,0.91,0.08,9.64,75000000,0,,,,,,,,,,
707484,萬泰科凱基5A購01,2026-08-05,0.23,0.02,9.52,49000000,0,綠縮,否,,0.26,0.35,0.63,,-41.9643,-48.1698,-20.1521
707485,群翊凱基61購01,2026-08-05,0.47,0.08,20.51,20000000,0,綠縮,否,,0.43,0.55,0.73,,-35.905,-30.875,-16.8469
707487,巨漢元大5A購01,2026-08-05,0.45,0.05,12.5,172000000,0,綠增,是,,0.69,0.86,1.04,,-32.8794,-23.915,-14.4211
707488,巨漢元大5A購02,2026-08-05,0.62,0.16,34.78,1000000,0,綠縮,否,,0.5,0.76,1.04,,-50.4912,-31.7489,-19.8153
707492,均豪元大5C購01,2026-08-05,0.23,0.03,15.0,1000000,0,,否,,0.26,0.4,,,-52.0599,,
707494,沛亨元大5A購01,2026-08-05,1.15,0.2,21.05,13000000,0,,否,,1.62,2.18,2.92,,-40.6866,-22.3567,
707495,沛亨元大5A購02,2026-08-05,0.81,0.15,22.73,12000000,0,,否,,1.93,,,,,,
707496,沛亨元大5A購03,2026-08-05,0.65,0.23,54.76,268000000,0,,是,,0.47,0.97,,,-67.8962,-56.9648,
707497,沛亨元大5A購04,2026-08-05,0.32,0.04,14.29,4000000,0,,是,,0.24,0.44,0.83,,-61.1465,-55.2821,-29.5697
707499,矽科元大61購01,2026-08-05,0.25,0.1,66.67,40000000,0,,是,,0.25,0.38,0.42,,-51.3834,-20.8421,
707504,新應材元大5A購04,2026-08-05,0.7,0.04,6.06,345000000,0,綠縮,是,,0.53,0.73,1.04,,-43.1965,-32.964,-20.5138
707506,新應材元大5C購01,2026-08-05,0.7,0.11,18.64,2000000,0,,是,,0.76,0.93,1.18,,-30.6011,-20.9856,
707508,群翊元大5A購06,2026-08-05,0.17,0.04,30.77,46000000,0,紅增,否,,0.14,0.15,0.21,,-12.1951,-22.2222,-20.8729
707509,巨漢國票5A購01,2026-08-05,0.24,0.03,14.29,20000000,0,綠縮,否,,0.23,0.35,0.56,,-51.8828,-39.8981,-20.9123
707510,巨漢國票5B購01,2026-08-05,0.27,0.03,12.5,3000000,0,,否,,0.41,0.55,0.71,,-40.176,-29.768,-18.8464
707511,沛亨國票5B購02,2026-08-05,0.31,0.12,63.16,60000000,0,,否,,0.91,1.42,1.74,,-52.8926,-18.7678,
707512,東捷國票5A購02,2026-08-05,1.42,0.18,14.52,1000000,0,,是,,1.01,1.55,3.15,,-51.8589,-44.7565,-28.1214
707514,萬泰科國票5B購01,2026-08-05,0.94,0.08,9.3,53000000,0,綠縮,否,,0.81,1.15,1.86,,-45.7831,-44.5087,-18.7691
707515,榮田國票5A購01,2026-08-05,0.45,0.02,4.65,231000000,0,綠轉紅,否,,0.4,0.57,0.83,,-44.9591,-30.0123,-37.5
707517,宏捷科富邦5C購02,2026-08-05,0.3,0.03,11.11,21000000,0,綠轉紅,是,,0.26,0.29,0.44,,-18.125,-31.0427,-27.144
707521,新應材富邦61購02,2026-08-05,0.25,0.0,0.0,448000000,0,,否,,0.22,0.39,0.59,,-59.4203,-38.6076,
707522,萬泰科富邦5B購01,2026-08-05,0.49,0.06,13.95,5000000,0,綠縮,否,,0.42,0.62,0.83,,-49.0196,-35.362,-13.8875
707523,雙鴻富邦5C購07,2026-08-05,0.78,0.05,6.85,76000000,0,綠轉紅,是,,0.62,0.63,0.72,,-3.75,-5.4217,-17.7981
707524,雙鴻富邦5C購08,2026-08-05,0.57,0.01,1.79,595000000,0,,是,,0.52,0.54,0.71,,-7.4205,-20.438,-17.6945
707526,千附精凱基5A購01,2026-08-05,1.35,0.17,14.41,1058000000,0,綠增,是,,1.99,2.66,2.9,,-40.1925,-19.9276,-3.8647
707527,元太凱基61購01,2026-08-05,2.19,-0.03,-1.35,376000000,0,紅增,是,,1.95,1.95,2.33,,-0.3074,-11.1668,-6.4969
707531,前鼎凱基5B購02,2026-08-05,0.48,-0.57,-54.29,11000000,0,紅增,否,,0.73,0.89,1.62,,-29.7505,-42.215,-30.3759
707533,華景電凱基5A購03,2026-08-05,0.37,0.07,23.33,81000000,0,綠縮,是,,0.33,0.83,1.38,,-75.7079,-47.3817,-24.74
707534,陽程凱基63購01,2026-08-05,1.38,0.11,8.66,11000000,0,,是,,1.58,1.83,,,-23.4043,-20.3663,
707537,新應材兆豐5C購01,2026-08-05,0.42,0.12,40.0,2000000,0,綠縮,否,,0.36,0.44,0.61,,-30.2682,-27.377,-17.4797
707538,弘塑國票5B購01,2026-08-05,0.13,-0.04,-23.53,1050000000,0,綠增,是,,0.3,0.4,0.66,,-40.3162,-41.4493,-16.2111
707539,宜特國票5B購02,2026-08-05,0.16,0.01,6.67,21000000,0,綠縮,否,,0.2,0.33,0.41,,-57.1429,-28.2609,-18.4236
707541,前鼎國票5B購03,2026-08-05,0.8,0.28,53.85,30000000,0,綠轉紅,否,,0.47,0.57,1.08,,-31.4706,-44.0976,-24.9913
707542,陽程國票5A購01,2026-08-05,1.42,0.41,40.59,602000000,0,綠縮,是,,1.18,1.48,1.93,,-34.1545,-28.6265,-17.3225
707544,弘塑永豐5B購03,2026-08-05,0.14,-0.02,-12.5,2000000,0,綠縮,否,,0.14,0.22,0.37,,-52.3179,-37.535,-22.5104
707545,弘塑永豐5C購04,2026-08-05,0.35,0.2,133.33,1000000,0,綠縮,否,,0.23,0.28,0.43,,-33.3333,-35.2273,-14.4855
707547,弘塑永豐64購01,2026-08-05,0.28,-0.05,-15.15,222000000,0,綠增,否,,0.38,0.46,0.64,,-29.6296,-28.6822,-13.3784
707548,新應材永豐5B購02,2026-08-05,0.36,-0.01,-2.7,25000000,0,綠縮,是,,0.48,0.61,0.8,,-36.0215,-21.6945,-18.0556
707550,新應材永豐64購01,2026-08-05,0.54,0.15,38.46,82000000,0,綠縮,是,,0.5,0.6,0.71,,-28.4091,-16.8044,-17.3233
707552,台星科台新5A購01,2026-08-05,0.61,0.05,8.93,208000000,0,綠縮,是,,0.62,0.74,1.22,,-27.6347,-39.0224,-14.8988
707554,弘塑台新5A購02,2026-08-05,0.1,-0.04,-28.57,20000000,0,綠縮,否,,0.29,0.39,0.78,,-41.1523,-48.5333,-21.6
707555,安葆台新5A購01,2026-08-05,0.1,0.0,0.0,10000000,0,,否,,0.27,0.4,,,-50.7407,,
707556,前鼎台新5A購01,2026-08-05,1.58,0.75,90.36,84000000,0,,否,,0.7,0.7,1.11,,-0.8547,-28.0864,-36.5861
707559,新應材台新5A購02,2026-08-05,0.64,0.17,36.17,151000000,0,綠縮,是,,0.43,0.63,1.08,,-47.6886,-47.7462,-26.5327
707568,弘塑國泰61購01,2026-08-05,0.5,-0.07,-12.28,38000000,0,綠縮,否,,0.69,0.87,1.27,,-33.3973,-32.7132,-15.0151
707569,弘塑國泰61購02,2026-08-05,0.4,-0.05,-11.11,10000000,0,綠縮,否,,0.42,0.62,0.97,,-49.0196,-33.6921,-20.4592
707572,弘塑富邦5C購02,2026-08-05,0.23,-0.07,-23.33,133000000,0,綠增,否,,0.38,0.51,0.81,,-41.4861,-32.8084,-19.5556
707573,弘塑富邦64購01,2026-08-05,0.3,-0.03,-9.09,21000000,0,綠縮,否,,0.26,0.34,0.51,,-40.7407,-29.2181,-18.8142
707574,前鼎富邦5C購01,2026-08-05,0.94,0.33,54.1,108000000,0,,否,,0.54,0.57,,,-7.483,-24.9337,
707575,力致統一74購01,2026-08-05,0.39,0.0,0.0,1000000,0,,否,,0.44,0.48,0.53,,-16.9811,-10.1852,
707576,中美晶統一64購01,2026-08-05,1.35,-0.28,-17.18,10000000,0,綠增,否,,1.87,2.17,1.77,,-24.1687,4.7849,9.9442
707577,元太統一64購01,2026-08-05,1.38,0.13,10.4,12000000,0,,否,,1.17,1.14,1.2,,5.036,-3.3898,
707578,元太統一74購01,2026-08-05,1.47,-0.02,-1.34,264000000,0,,否,,1.39,1.38,,,1.3158,-0.6494,
707579,弘塑統一62購02,2026-08-05,0.18,-0.05,-21.74,30000000,0,綠縮,否,,0.25,0.34,0.52,,-41.3146,-33.2016,-17.7548
707580,弘塑統一64購01,2026-08-05,0.24,-0.07,-22.58,1538000000,0,綠縮,是,,0.27,0.37,0.55,,-43.75,-30.1676,-19.2533
707581,弘塑統一64購02,2026-08-05,0.28,-0.01,-3.45,2000000,0,綠縮,是,,0.31,0.47,0.57,,-50.4792,-32.2721,-10.0787
707582,弘塑統一64購03,2026-08-05,0.35,-0.07,-16.67,16000000,0,綠增,否,,0.48,0.59,0.76,,-31.4121,-29.7719,-8.753
707585,宜特統一63購01,2026-08-05,0.3,0.09,42.86,1000000,0,,否,,0.3,0.39,0.43,,-36.5546,-15.6182,
707589,前鼎統一63購02,2026-08-05,0.84,0.27,47.37,56000000,0,綠轉紅,否,,0.49,0.53,0.86,,-13.4276,-30.343,-20.3437
707590,美琪瑪統一74購01,2026-08-05,0.48,0.02,4.35,40000000,0,綠縮,是,,0.44,0.48,0.63,,-15.5894,-24.2188,-10.6789
707591,陽程統一63購01,2026-08-05,1.2,-0.3,-20.0,14000000,0,,是,,1.62,,,,,,
707592,陽程統一64購03,2026-08-05,1.01,0.1,10.99,155000000,0,綠縮,否,,0.88,1.0,1.13,,-21.4669,-18.5971,-8.4814
707596,臺慶科統一64購01,2026-08-05,1.04,0.05,5.05,242000000,0,綠縮,否,,1.0,1.13,1.78,,-20.5696,-35.163,-14.6833
707599,蜜望實統一74購02,2026-08-05,1.1,-0.04,-3.51,72000000,0,綠縮,否,,1.01,1.12,1.48,,-17.0492,-25.2011,-15.642
707600,環球晶統一63購03,2026-08-05,2.36,-0.52,-18.06,15000000,0,綠縮,是,,2.31,3.77,3.81,,-55.861,-24.1053,-6.3689
707601,弘塑元大5A購02,2026-08-05,0.11,-0.08,-42.11,81000000,0,,是,,0.59,1.02,1.12,,-58.8889,-26.7484,-16.7658
707602,弘塑元大61購01,2026-08-05,0.33,-0.05,-13.16,265000000,0,綠增,是,,0.46,0.68,0.94,,-48.7696,-38.0952,-11.9738
707606,前鼎元大5A購03,2026-08-05,0.89,0.23,34.85,1000000,0,,否,,0.88,1.21,,,-42.2222,-41.0645,
707607,前鼎元大5B購01,2026-08-05,1.87,0.43,29.86,1000000,0,,否,,1.25,1.55,,,-32.6157,,
707611,勤凱元大5A購05,2026-08-05,0.43,0.1,30.3,3000000,0,,是,,0.39,0.68,1.1,,-59.9585,-43.5619,
707613,雙鴻元大5A購07,2026-08-05,0.54,0.0,0.0,35000000,0,綠縮,否,,0.54,0.53,0.69,,3.0651,-18.4615,-14.0175
707614,雙鴻元大61購13,2026-08-05,0.65,0.06,10.17,249000000,0,綠轉紅,否,,0.61,0.58,0.69,,12.1324,-12.4431,-12.0942
707616,鑫聯元大5A購02,2026-08-05,0.59,0.13,28.26,55000000,0,,否,,0.58,0.7,0.94,,-29.4404,-19.1465,
707617,九豪永豐5C購01,2026-08-05,0.79,0.07,9.72,10000000,0,綠增,否,,1.43,2.15,3.08,,-50.0349,-38.6156,-12.0823
707618,天品永豐5B購01,2026-08-05,0.35,0.01,2.94,30000000,0,,否,,0.41,0.46,,,-17.8571,-10.5263,
707619,立敦永豐5A購01,2026-08-05,0.97,0.08,8.99,21000000,0,綠增,否,,1.39,2.19,2.99,,-53.3779,-35.1671,-13.2415
707623,精材永豐61購01,2026-08-05,6.25,0.85,15.74,1000000,0,紅轉綠,否,,7.61,7.59,5.97,,0.5284,20.4762,22.8104
707624,蜜望實永豐5C購01,2026-08-05,2.02,-0.08,-3.81,43000000,0,,否,,1.94,2.42,3.39,,-33.2875,-36.7102,-4.9727
707626,九豪凱基5A購03,2026-08-05,1.08,0.04,3.85,7000000,0,,否,,2.55,4.68,,,-62.4412,-15.3637,
707628,宏捷科凱基5B購01,2026-08-05,0.88,0.12,15.79,51000000,0,綠縮,否,,0.66,0.76,1.22,,-24.2494,-34.2832,-27.0683
707633,蜜望實凱基5A購01,2026-08-05,2.7,0.08,3.05,5000000,0,,否,,2.11,2.61,4.87,,-32.4567,-56.3503,
707634,環球晶凱基5B購01,2026-08-05,7.15,-1.0,-12.27,1000000,0,,否,,15.27,14.28,,,14.9849,,
707635,穩得凱基5A購01,2026-08-05,0.06,0.01,20.0,100000000,0,,否,,0.15,0.32,0.62,,-68.3128,-48.5531,
707637,九豪台新5A購02,2026-08-05,0.69,0.06,9.52,5000000,0,,否,,3.93,4.45,,,-20.9424,2.3245,
707644,博磊台新5A購01,2026-08-05,1.34,0.14,11.67,1000000,0,,否,,1.05,1.39,,,-39.9541,,
707646,博磊台新5A購03,2026-08-05,1.01,0.0,0.0,102000000,0,,否,,0.8,1.3,2.37,,-55.0838,-42.3556,-30.7064
707650,聖暉*兆豐5C購01,2026-08-05,1.32,0.17,14.78,211000000,0,,是,,1.67,2.12,1.97,,-34.9961,-7.7158,
707655,系統電元大5A購02,2026-08-05,0.65,0.08,14.04,1000000,0,綠縮,否,,0.75,1.14,1.6,,-50.8475,-33.4109,-22.311
707656,宜特元大5A購03,2026-08-05,0.72,0.05,7.46,7000000,0,,否,,0.67,1.05,1.26,,-52.8011,-24.1703,
707657,宜特元大5B購01,2026-08-05,0.69,0.02,2.99,62000000,0,,否,,0.61,0.85,1.01,,-43.1481,-26.4118,-15.8664
707658,宜特元大5C購03,2026-08-05,0.59,0.03,5.36,326000000,0,,否,,0.71,0.87,0.99,,-29.8625,-21.9116,
707659,宜特元大61購01,2026-08-05,0.56,0.05,9.8,123000000,0,綠縮,否,,0.5,0.67,0.82,,-39.8568,-22.9621,-11.6505
707660,宜特元大63購02,2026-08-05,0.39,0.01,2.63,391000000,0,綠縮,是,,0.36,0.44,0.57,,-29.0196,-29.4498,-9.9206
707661,朋億*元大5A購01,2026-08-05,1.48,0.38,34.55,398000000,0,綠縮,是,,1.14,1.67,2.48,,-48.3666,-40.449,-18.8862
707664,博磊元大5A購02,2026-08-05,0.85,0.19,28.79,12000000,0,,否,,0.97,1.33,1.87,,-42.7725,-37.9326,
707665,意德士元大5A購01,2026-08-05,0.25,0.02,8.7,10000000,0,,否,,0.28,0.45,0.67,,-54.0717,-40.8971,-21.4327
707666,新盛力元大5A購02,2026-08-05,2.81,0.22,8.49,43000000,0,綠縮,否,,2.14,2.66,3.49,,-32.8733,-26.7327,-13.9372
707669,蜜望實元大5A購02,2026-08-05,1.61,0.06,3.87,1000000,0,綠縮,否,,1.57,2.08,3.52,,-39.7229,-46.9148,-9.3879
707670,九豪群益5A購03,2026-08-05,0.52,0.03,6.12,1000000,0,綠縮,否,,0.79,1.12,2.65,,-45.6432,-55.0,-21.4825
707674,優群群益5A購01,2026-08-05,0.27,0.04,17.39,90000000,0,綠縮,否,,0.29,0.39,0.67,,-40.249,-41.1315,-25.4749
707676,加高國票5B購01,2026-08-05,0.67,0.01,1.52,1078000000,0,綠縮,是,,0.55,0.67,1.2,,-30.2267,-42.2945,-19.3472
707677,艾訊國票5B購01,2026-08-05,1.3,0.32,32.65,562000000,0,綠縮,是,,1.32,1.47,1.56,,-18.5185,-9.5941,-6.6727
707678,均豪國票5A購02,2026-08-05,0.15,0.03,25.0,2000000,0,,否,,0.27,0.43,0.49,,-54.8495,-23.4568,-28.4783
707680,博磊國票5B購01,2026-08-05,0.58,-0.05,-7.94,85000000,0,綠縮,否,,0.43,0.82,1.66,,-64.2975,-60.2229,-27.3799
707681,漢達國票5B購01,2026-08-05,0.88,0.02,2.33,119000000,0,綠增,否,,0.99,0.94,1.15,,11.4865,-15.6334,-3.2531
707683,九豪富邦5C購01,2026-08-05,0.5,0.03,6.38,692000000,0,綠縮,是,,0.46,0.64,1.42,,-43.4889,-59.8614,-19.3301
707686,九豪統一64購02,2026-08-05,0.57,0.05,9.62,10000000,0,綠縮,否,,0.52,0.67,1.1,,-36.7397,-37.8128,-15.4171
707687,九豪統一74購01,2026-08-05,0.63,0.04,6.78,63000000,0,綠縮,否,,0.6,0.71,1.04,,-27.5362,-28.2412,-15.3219
707688,千附統一74購01,2026-08-05,1.23,0.01,0.82,60000000,0,,否,,1.51,1.39,1.17,,20.0,21.4724,13.0539
707689,千附精統一74購02,2026-08-05,1.06,0.07,7.07,6000000,0,綠縮,否,,0.99,1.12,1.31,,-20.9936,-19.8709,-6.7143
707690,台星科統一74購02,2026-08-05,0.43,0.04,10.26,340000000,0,綠縮,是,,0.4,0.45,0.52,,-21.1155,-17.3112,-7.4041
707701,萬泰科統一74購03,2026-08-05,0.77,0.03,4.05,101000000,0,綠縮,是,,0.74,0.78,0.9,,-9.3366,-16.7382,-5.9406
707702,臺慶科統一66購01,2026-08-05,0.91,0.06,7.06,12000000,0,,是,,0.96,1.46,,,-50.6148,-23.904,
707703,優群統一66購01,2026-08-05,0.45,0.02,4.65,5000000,0,綠縮,否,,0.47,0.5,0.58,,-13.0112,-18.0782,-10.2167
707704,環球晶統一64購03,2026-08-05,1.94,-0.4,-17.09,5000000,0,,否,,3.03,3.85,3.31,,-35.0877,1.2878,
707705,環球晶統一74購01,2026-08-05,1.8,-0.26,-12.62,20000000,0,綠縮,否,,1.83,2.38,2.66,,-37.3634,-24.3887,-5.2819
707711,千附精國票5B購03,2026-08-05,0.7,0.09,14.75,1000000,0,綠縮,否,,0.63,0.87,1.26,,-43.0631,-40.0138,-12.6469
707712,方土昶國票5B購01,2026-08-05,1.1,0.14,14.58,56000000,0,綠縮,否,,0.78,0.89,1.2,,-22.4206,-22.309,-19.6452
707713,立碁國票5B購01,2026-08-05,1.15,0.15,15.0,50000000,0,,否,,,,,,,,
707714,邑昇國票5B購01,2026-08-05,0.08,0.01,14.29,65000000,0,紅增,否,,0.12,0.12,0.18,,-3.2787,-30.6358,-26.8687
707715,欣銓國票5B購02,2026-08-05,0.88,0.15,20.55,21000000,0,綠縮,是,,0.83,1.01,1.35,,-29.8986,-34.4828,-12.4594
707719,能率亞國票5B購01,2026-08-05,2.07,0.34,19.65,10000000,0,綠縮,否,,1.48,1.64,1.93,,-17.4107,-16.0595,-7.8853
707721,群聯國票5B購01,2026-08-05,1.28,0.09,7.56,5587000000,0,綠縮,是,,0.96,1.14,1.82,,-26.7884,-34.6353,-25.144
707722,蜜望實國票5B購01,2026-08-05,1.66,-0.05,-2.92,109000000,0,綠縮,是,,1.88,2.75,3.58,,-48.1522,-30.7247,-17.9046
707723,穩得國票5A購02,2026-08-05,0.11,0.02,22.22,20000000,0,,否,,0.66,0.81,,,-31.3929,-28.6092,
707724,千附精元大5A購02,2026-08-05,1.12,0.14,14.29,39000000,0,,否,,1.24,1.88,2.01,,-50.9494,-20.9068,-10.8841
707725,千附精元大5A購03,2026-08-05,1.37,0.12,9.6,60000000,0,綠縮,否,,1.21,1.91,2.14,,-53.7462,-23.2035,-9.0986
707726,千附精元大5A購04,2026-08-05,0.54,0.14,35.0,1000000,0,,否,,0.68,1.1,1.09,,-54.9538,-17.5676,
707727,千附精元大5A購05,2026-08-05,1.47,0.13,9.7,172000000,0,,是,,1.49,2.07,2.18,,-43.7642,-16.9212,-5.6228
707728,千附精元大5A購06,2026-08-05,1.53,0.27,21.43,20000000,0,,否,,1.34,1.86,,,-43.6027,-15.737,
707729,欣銓元大5A購02,2026-08-05,1.23,0.21,20.59,60000000,0,,是,,1.32,1.71,,,-37.4763,-22.0655,
707730,欣銓元大63購03,2026-08-05,1.98,0.23,13.14,221000000,0,,是,,1.64,1.88,,,-22.693,-1.051,
707733,群翊元大5A購07,2026-08-05,0.57,0.19,50.0,1000000,0,綠轉紅,否,,0.46,0.55,0.71,,-28.6604,-27.1523,-18.4105
707734,群聯元大5A購01,2026-08-05,1.55,-0.05,-3.12,2000000,0,綠縮,否,,1.27,1.38,1.83,,-15.3743,-22.6764,-17.4989
707735,群聯元大5A購02,2026-08-05,0.71,0.02,2.9,145000000,0,綠縮,否,,0.58,0.7,1.09,,-29.4118,-33.5244,-23.8279
707736,鈺太元大61購01,2026-08-05,0.34,0.09,36.0,2000000,0,綠縮,否,,0.34,0.4,0.63,,-25.2212,-37.7953,-15.1678
707740,千附精凱基5A購02,2026-08-05,0.82,0.14,20.59,499000000,0,綠增,是,,2.28,2.26,2.23,,2.1486,-2.3356,3.2939
707741,方土昶凱基5A購01,2026-08-05,2.45,0.55,28.95,2000000,0,綠轉紅,否,,1.39,1.44,1.89,,-6.4516,-22.7053,-21.2443
707747,群聯凱基5A購01,2026-08-05,2.8,0.2,7.69,10000000,0,綠縮,是,,2.07,2.33,3.67,,-20.1234,-36.6721,-14.0332
707748,群聯凱基5A購02,2026-08-05,1.32,0.05,3.94,22000000,0,綠縮,是,,1.12,1.76,2.96,,-53.2554,-45.7575,-17.6381
707750,千附精永豐5C購01,2026-08-05,0.54,0.05,10.2,126000000,0,綠縮,否,,0.48,0.62,0.85,,-37.2396,-34.4864,-11.3707
707751,方土昶永豐5A購01,2026-08-05,1.78,0.5,39.06,74000000,0,,是,,1.37,1.79,2.3,,-38.413,-30.1092,-14.0052
707753,立碁永豐61購01,2026-08-05,0.33,-0.06,-15.38,289000000,0,,是,,0.3,0.28,,,13.7405,-22.6519,
707754,欣銓永豐5A購01,2026-08-05,1.57,0.77,96.25,2000000,0,綠縮,否,,1.38,1.59,1.78,,-23.588,-17.0744,-4.8852
707756,新盛力永豐5A購01,2026-08-05,1.88,0.17,9.94,2000000,0,,否,,3.04,3.46,,,-21.7414,-2.727,
707757,群聯永豐61購01,2026-08-05,0.78,0.01,1.3,62000000,0,綠縮,否,,0.61,0.68,0.96,,-19.1489,-27.5825,-19.9086
707758,群聯永豐64購01,2026-08-05,0.88,0.0,0.0,278000000,0,綠縮,否,,0.74,0.82,1.11,,-18.3223,-24.4954,-17.9535
707759,蜜望實永豐61購01,2026-08-05,1.1,-0.05,-4.35,637000000,0,綠縮,是,,1.02,1.17,1.71,,-22.6788,-26.7296,-22.1163
707762,群翊國泰5C購01,2026-08-05,0.77,0.1,14.93,6000000,0,,否,,0.84,1.0,,,-28.4247,-19.1935,
707763,群聯群益5B購01,2026-08-05,1.58,-0.15,-8.67,53000000,0,綠縮,否,,1.26,1.53,2.38,,-29.8441,-31.6942,-24.6352
707764,群聯群益61購01,2026-08-05,1.52,0.1,7.04,318000000,0,綠縮,否,,1.22,1.42,2.12,,-24.2574,-30.4944,-22.5694
707765,群聯群益64購01,2026-08-05,1.83,0.18,10.91,19000000,0,綠縮,否,,1.48,1.7,2.43,,-22.4084,-32.2413,-18.2752
707767,精材兆豐5C購01,2026-08-05,3.64,0.94,34.81,11000000,0,,是,,4.63,4.98,3.87,,-13.4032,15.9339,
707768,力旺永豐5A購01,2026-08-05,0.1,0.05,100.0,86000000,0,紅增,是,,0.07,0.09,0.1,,-29.4118,-14.7059,-33.2268
707769,力旺永豐5B購01,2026-08-05,0.17,-0.4,-70.18,65000000,0,綠轉紅,否,,0.16,0.16,0.31,,-3.5714,-37.7358,-25.8641
707770,力旺永豐5C購01,2026-08-05,0.16,-0.01,-5.88,120000000,0,綠轉紅,否,,0.15,0.16,0.27,,-6.1728,-35.6557,-27.0667
707772,巨有永豐5C購01,2026-08-05,0.8,0.08,11.11,61000000,0,綠縮,是,,0.7,0.79,1.36,,-20.7675,-42.7541,-12.0529
707774,宏捷科永豐5C購02,2026-08-05,0.36,0.06,20.0,120000000,0,,是,,0.43,0.8,,,-63.4354,,
707775,亞通永豐5A購01,2026-08-05,0.41,0.08,24.24,13000000,0,綠縮,否,,0.32,0.41,0.53,,-35.3414,-31.8937,-13.6919
707776,旺矽永豐5B購02,2026-08-05,1.91,0.19,11.05,2000000,0,綠縮,否,,1.83,2.04,2.3,,-18.4889,-21.6123,-2.2539
707777,信昌電永豐5C購01,2026-08-05,4.0,0.88,28.21,10000000,0,,否,,3.28,6.01,9.18,,-62.4943,-46.1076,-11.4375
707778,信驊永豐5B購04,2026-08-05,2.29,0.32,16.24,15000000,0,紅增,否,,1.6,1.63,1.84,,-3.1439,0.805,-18.2867
707779,華景電永豐5C購02,2026-08-05,0.3,0.03,11.11,253000000,0,,是,,0.55,0.69,0.77,,-33.7379,-19.2217,
707780,精測永豐61購02,2026-08-05,0.21,0.0,0.0,1131000000,0,綠縮,是,,0.16,0.18,0.26,,-23.5294,-23.4043,-28.4722
707781,臺慶科永豐5B購01,2026-08-05,1.11,0.05,4.72,46000000,0,,是,,0.97,1.25,,,-36.732,-37.6124,
707782,聰泰永豐5A購01,2026-08-05,0.3,0.01,3.45,98000000,0,綠縮,否,,0.26,0.31,0.53,,-27.5281,-43.3579,-28.0405
707783,力旺凱基5A購03,2026-08-05,0.08,0.0,0.0,5000000,0,紅增,否,,0.05,0.07,0.17,,-36.5854,-52.8169,-38.5996
707784,力旺凱基5A購04,2026-08-05,0.06,-0.04,-40.0,175000000,0,綠轉紅,否,,0.07,0.08,0.21,,-23.2558,-55.2941,-34.9606
707785,力旺凱基5B購02,2026-08-05,0.21,0.03,16.67,195000000,0,綠縮,否,,0.13,0.18,0.33,,-43.9655,-41.6129,-25.9681
707786,力旺凱基5C購01,2026-08-05,0.29,-0.03,-9.38,44000000,0,紅縮,否,,0.36,0.29,0.4,,64.5455,-10.4615,-20.297
707787,力旺凱基61購01,2026-08-05,0.56,0.01,1.82,6000000,0,紅增,否,,0.53,0.46,0.46,,35.8974,17.0483,-8.1653
707789,宏捷科凱基5A購02,2026-08-05,0.13,0.02,18.18,1853000000,0,綠縮,是,,0.19,0.4,0.68,,-67.4497,-48.6346,-29.3602
707790,旺矽凱基5A購05,2026-08-05,1.76,0.26,17.33,1000000,0,綠縮,否,,1.54,1.82,2.31,,-26.8061,-25.8747,-7.7953
707792,旺矽凱基5C購02,2026-08-05,1.6,0.35,28.0,40000000,0,綠縮,否,,1.01,1.22,1.68,,-28.3898,-31.1615,-14.8457
707793,信昌電凱基5A購02,2026-08-05,3.78,0.47,14.2,1000000,0,,否,,12.46,10.72,,,38.7082,,
707795,信驊凱基5A購04,2026-08-05,2.88,0.5,21.01,44000000,0,紅增,否,,1.86,1.95,2.15,,-8.1854,3.2378,-21.2188
707796,信驊凱基5B購03,2026-08-05,2.61,0.21,8.75,107000000,0,紅增,否,,1.99,1.97,2.17,,2.1583,3.9641,-17.062
707797,信驊凱基5C購02,2026-08-05,2.71,0.41,17.83,53000000,0,紅增,否,,2.1,1.95,2.27,,16.9454,-7.9905,-17.1361
707798,信驊凱基61購04,2026-08-05,2.65,0.43,19.37,261000000,0,綠轉紅,是,,1.87,2.07,2.32,,-17.3875,-10.0826,-15.4912
707799,家登凱基5A購01,2026-08-05,0.9,0.2,28.57,52000000,0,綠縮,是,,0.85,1.15,1.78,,-41.0221,-34.9718,-21.4728
707800,華景電凱基5A購04,2026-08-05,0.28,0.06,27.27,4000000,0,,否,,0.4,0.8,1.13,,-66.3317,-38.0915,
707803,精測凱基5A購02,2026-08-05,0.2,0.03,17.65,1000000,0,綠縮,否,,0.2,0.22,0.5,,-13.5593,-42.5587,-33.3557
707804,精測凱基5A購03,2026-08-05,0.18,-0.01,-5.26,298000000,0,綠縮,是,,0.14,0.22,0.41,,-54.0541,-46.9287,-33.8736
707808,宏捷科台新5A購02,2026-08-05,0.36,0.05,16.13,8000000,0,,是,,0.39,0.64,,,-56.0091,-43.7555,
707810,旺矽台新5A購01,2026-08-05,1.91,0.33,20.89,10000000,0,,否,,2.82,2.83,2.54,,-0.4231,10.0739,
707812,信驊台新5A購01,2026-08-05,3.49,0.07,2.05,32000000,0,紅增,否,,2.62,2.5,2.77,,10.1938,1.9616,-15.8718
707813,信驊台新5A購02,2026-08-05,2.23,0.41,22.53,161000000,0,紅增,否,,1.51,1.57,1.82,,-6.8881,-1.6291,-20.7506
707815,璟德台新5A購01,2026-08-05,0.47,-0.13,-21.67,107000000,0,,是,,1.98,3.12,,,-53.5681,-10.8348,
707816,力旺元大5A購04,2026-08-05,0.66,-0.01,-1.49,4000000,0,紅縮,是,,0.72,0.66,0.73,,17.377,-9.0535,-9.562
707817,力旺元大5A購05,2026-08-05,0.09,0.0,0.0,7000000,0,,否,,0.1,0.19,0.34,,-64.7482,-47.3389,
707818,力旺元大5B購01,2026-08-05,0.15,0.01,7.14,1000000,0,綠增,是,,0.21,0.25,0.3,,-27.0833,-19.4175,-14.5299
707820,旺矽元大5A購04,2026-08-05,1.25,0.26,26.26,232000000,0,綠縮,是,,0.87,1.02,1.31,,-24.7849,-24.7041,-12.9887
707821,旺矽元大5B購02,2026-08-05,1.67,0.21,14.38,30000000,0,綠縮,是,,1.12,1.64,2.15,,-48.1071,-31.686,-11.0238
707822,旺矽元大61購02,2026-08-05,1.27,-0.01,-0.78,38000000,0,綠縮,否,,1.03,1.14,1.29,,-17.175,-14.4895,-7.8571
707824,信昌電元大5A購03,2026-08-05,3.72,0.66,21.57,50000000,0,,是,,6.7,11.11,11.35,,-56.8557,-22.2129,-2.7286
707827,信昌電元大5A購06,2026-08-05,8.55,1.15,15.54,5000000,0,,,,,,,,,,
707828,信驊元大5A購02,2026-08-05,1.88,0.23,13.94,383000000,0,紅增,是,,1.35,1.42,1.71,,-9.1644,-1.5299,-20.6857
707829,信驊元大63購01,2026-08-05,4.58,-0.09,-1.93,5000000,0,紅增,否,,4.13,4.07,4.08,,3.0454,0.7681,-4.3631
707830,美琪瑪元大5A購04,2026-08-05,0.24,0.03,14.29,45000000,0,,否,,0.87,0.89,1.01,,-5.2402,-17.5601,-4.226
707831,華景電元大5A購05,2026-08-05,0.33,0.05,17.86,220000000,0,綠縮,是,,0.3,0.53,0.78,,-60.733,-39.3387,-17.334
707834,精測元大5B購02,2026-08-05,0.6,0.21,53.85,30000000,0,,否,,0.51,0.82,,,-54.4326,-22.2538,
707835,精測元大63購04,2026-08-05,0.55,0.15,37.5,1000000,0,,否,,0.68,0.69,,,-4.2373,2.2124,
707837,中光電國泰5B購01,2026-08-05,2.0,0.59,41.84,15000000,0,綠增,否,,2.13,2.52,2.02,,-26.5517,4.6173,17.2865
707839,旺矽國泰5B購01,2026-08-05,1.53,0.15,10.87,280000000,0,綠縮,否,,1.07,1.22,1.58,,-21.6374,-24.8768,-12.6971
707840,旺矽國泰5B購02,2026-08-05,1.3,0.19,17.12,35000000,0,綠縮,是,,1.06,1.24,1.47,,-25.0708,-22.7159,-8.6052
707842,新盛力國泰5B購01,2026-08-05,2.15,0.2,10.26,3000000,0,,是,,1.74,2.55,,,-48.2759,,
707843,旺矽統一64購02,2026-08-05,1.51,0.19,14.39,91000000,0,綠縮,否,,1.09,1.24,1.54,,-20.8696,-22.1662,-11.6872
707844,群聯統一64購01,2026-08-05,0.86,0.05,6.17,111000000,0,綠縮,否,,0.71,0.8,1.11,,-21.3333,-26.8426,-19.5809
707845,精測統一64購03,2026-08-05,0.32,0.06,23.08,638000000,0,綠縮,是,,0.22,0.25,0.32,,-20.2899,-18.9542,-24.0328
707846,力旺富邦5C購01,2026-08-05,0.19,0.0,0.0,5982000000,0,紅增,是,,0.15,0.17,0.24,,-14.4444,-22.3256,-26.0337
707847,良維富邦62購01,2026-08-05,0.49,0.03,6.52,5000000,0,綠縮,否,,0.47,0.56,0.91,,-29.3939,-36.2401,-20.4466
707848,旺矽富邦64購02,2026-08-05,1.42,-0.03,-2.07,279000000,0,綠縮,是,,1.09,1.23,1.46,,-19.7947,-19.7781,-9.0174
707851,信紘科富邦62購01,2026-08-05,0.32,0.02,6.67,628000000,0,,是,,0.36,0.52,,,-47.8006,-25.0,
707852,信驊富邦61購01,2026-08-05,2.72,0.08,3.03,893000000,0,紅增,是,,2.26,2.29,2.39,,-2.3296,5.9667,-13.4901
707854,順達富邦62購01,2026-08-05,0.5,0.04,8.7,94000000,0,綠增,否,,0.72,0.91,0.99,,-34.5389,-14.406,-9.8263
707856,新盛力富邦61購01,2026-08-05,1.47,0.11,8.09,295000000,0,,是,,1.19,1.63,,,-42.8709,-31.3263,
707857,群翊富邦5B購01,2026-08-05,0.15,0.02,15.38,7000000,0,綠縮,否,,0.14,0.19,0.26,,-40.0,-31.6726,-14.1414
707858,群聯富邦5C購01,2026-08-05,0.82,0.06,7.89,2164000000,0,綠縮,是,,0.67,0.76,1.08,,-20.331,-27.2727,-20.1696
707859,群聯富邦61購01,2026-08-05,1.05,0.07,7.14,375000000,0,綠縮,否,,0.82,0.93,1.36,,-20.8092,-28.8991,-21.3831
707860,精測富邦61購01,2026-08-05,0.22,0.02,10.0,8000000,0,綠縮,否,,0.17,0.21,0.34,,-33.0709,-34.3653,-24.3688
707865,家登凱基5A購02,2026-08-05,0.66,0.22,50.0,2000000,0,,是,,0.78,1.0,1.37,,-35.8429,-30.1532,
707874,M31元大63購01,2026-08-05,0.38,0.04,11.76,10000000,0,綠縮,否,,0.36,0.39,0.49,,-16.7442,-25.2372,-10.2634
707881,立碁元大63購01,2026-08-05,0.7,-0.1,-12.5,50000000,0,,是,,0.63,0.51,0.48,,61.8557,26.0546,-5.3202
707884,家登元大61購01,2026-08-05,1.39,0.16,13.01,1000000,0,,是,,1.77,2.03,,,-22.4847,,
707886,鈺太元大5A購01,2026-08-05,0.34,0.06,21.43,22000000,0,,否,,0.56,0.86,1.3,,-52.1441,-35.7196,
707895,元太富邦61購01,2026-08-05,1.49,-0.04,-2.61,787000000,0,紅增,是,,1.39,1.39,1.54,,-0.4304,-5.1806,-3.4818
707896,台星科富邦61購01,2026-08-05,0.42,0.06,16.67,15000000,0,綠縮,是,,0.34,0.38,0.52,,-16.9903,-27.9159,-14.3673
707898,宏捷科富邦5C購03,2026-08-05,0.29,0.03,11.54,150000000,0,,是,,0.29,0.3,0.53,,-5.8824,-38.3817,
707899,宏捷科富邦61購02,2026-08-05,0.16,0.03,23.08,9000000,0,綠縮,否,,0.13,0.15,0.34,,-27.5862,-52.8302,-23.8411
707900,華景電富邦61購01,2026-08-05,0.19,0.04,26.67,1000000,0,綠縮,否,,0.14,0.17,0.27,,-27.551,-35.7414,-21.6954
707901,鈊象富邦61購01,2026-08-05,0.74,0.03,4.23,57000000,0,,是,,0.66,0.62,0.75,,15.2778,-10.6628,
707902,萬泰科富邦62購01,2026-08-05,0.73,0.06,8.96,44000000,0,綠增,否,,0.83,0.91,1.08,,-16.3968,-20.6474,-7.1643
707907,方土昶元大5A購01,2026-08-05,1.82,0.45,32.85,5000000,0,,否,,1.54,1.88,2.27,,-30.8176,-23.5795,-12.1048
707909,尼克森元大5A購01,2026-08-05,1.43,0.08,5.93,20000000,0,綠增,是,,3.24,4.16,3.81,,-36.3243,-10.6552,-0.2096
707912,均華元大5A購01,2026-08-05,0.11,-0.02,-15.38,22000000,0,紅縮,否,,0.14,0.14,0.19,,-1.4493,-32.5123,-18.6975
707917,信紘科元大5A購02,2026-08-05,0.38,0.02,5.56,200000000,0,綠縮,否,,0.47,0.65,0.9,,-43.3735,-32.0084,-14.8219
707921,華景電元大63購01,2026-08-05,0.3,0.03,11.11,1000000,0,,是,,0.18,0.26,0.37,,-46.1988,-36.165,
707922,新盛力元大5A購03,2026-08-05,1.98,0.17,9.39,2000000,0,綠縮,是,,1.79,2.58,3.29,,-46.94,-28.8398,-12.5466
707924,久元凱基5A購01,2026-08-05,0.13,0.02,18.18,2000000,0,綠縮,否,,0.22,0.4,0.65,,-62.2449,-43.9058,-31.333
707927,系微凱基5A購03,2026-08-05,0.1,0.02,25.0,88000000,0,,是,,0.18,0.34,0.6,,-63.745,-46.0568,
707931,環球晶凱基5A購01,2026-08-05,4.87,-1.43,-22.7,76000000,0,,是,,5.86,6.92,,,-26.6533,,
707933,均華富邦61購01,2026-08-05,0.16,-0.01,-5.88,57000000,0,紅增,否,,0.15,0.17,0.25,,-23.9583,-23.5294,-17.0897
707934,沛亨富邦5B購01,2026-08-05,0.23,0.05,27.78,38000000,0,綠縮,否,,0.23,0.4,0.63,,-59.7222,-46.7018,-26.9896
707935,欣銓富邦5B購01,2026-08-05,0.36,0.05,16.13,1290000000,0,綠縮,是,,0.26,0.35,0.52,,-41.9643,-34.0782,-16.4372
707936,中美晶兆豐64購01,2026-08-05,2.6,-0.4,-13.33,6000000,0,綠縮,否,,2.49,3.78,3.68,,-51.0429,-18.0026,-1.3548
707938,世界群益5A購03,2026-08-05,1.47,0.39,36.11,1000000,0,綠縮,否,,1.35,1.78,2.8,,-38.9693,-29.8819,-16.3582
707940,良維群益5A購01,2026-08-05,0.15,-0.08,-34.78,15000000,0,綠縮,否,,0.28,0.35,0.93,,-33.1754,-61.6975,-26.1575
707942,創惟群益5B購01,2026-08-05,0.37,0.02,5.71,295000000,0,綠增,是,,0.48,0.6,0.68,,-31.831,-15.7969,-10.7966
707944,富喬群益5A購04,2026-08-05,0.1,0.03,42.86,357000000,0,綠縮,是,,0.1,0.22,0.37,,-69.8225,-47.494,-26.9384
707945,聖暉*群益5B購01,2026-08-05,1.35,0.03,2.27,10000000,0,綠增,否,,2.03,3.14,3.12,,-52.4636,-19.7755,-0.3351
707947,雙鴻群益5B購06,2026-08-05,0.35,0.04,12.9,105000000,0,綠縮,是,,0.36,0.45,0.57,,-34.1912,-26.9044,-22.6568
707949,千附凱基5A購01,2026-08-05,0.34,-0.04,-10.53,230000000,0,紅轉綠,是,,0.86,1.08,0.8,,-34.0491,9.5142,20.4683
707952,艾訊凱基5B購01,2026-08-05,1.42,0.17,13.6,149000000,0,,是,,1.88,1.91,1.93,,-3.3986,-0.728,
707954,沛亨凱基5A購02,2026-08-05,0.09,0.02,28.57,260000000,0,綠縮,是,,0.1,0.16,0.46,,-51.8519,-58.8689,-29.3981
707956,勤凱凱基5A購02,2026-08-05,0.5,0.08,19.05,10000000,0,,是,,1.26,2.11,,,-57.4137,,
707957,新盛力凱基5B購01,2026-08-05,1.43,0.19,15.32,15000000,0,綠縮,否,,1.13,1.49,2.35,,-39.027,-43.9594,-21.9528
707962,長科*富邦62購01,2026-08-05,1.23,0.06,5.13,42000000,0,綠縮,是,,0.88,1.45,1.83,,-56.1072,-33.8054,-10.6087
707963,家登富邦61購01,2026-08-05,0.44,0.08,22.22,995000000,0,綠縮,是,,0.36,0.5,0.7,,-43.2602,-31.5068,-17.8824
707964,富喬富邦61購01,2026-08-05,0.15,0.02,15.38,168000000,0,綠縮,否,,0.09,0.12,0.21,,-38.8889,-42.2886,-23.4347
707965,聖暉*富邦5C購01,2026-08-05,1.12,0.12,12.0,328000000,0,綠增,是,,1.47,1.74,2.04,,-26.1523,-23.1621,0.2956
707970,雙鴻富邦5C購09,2026-08-05,0.34,0.03,9.68,767000000,0,,是,,0.34,0.41,0.48,,-26.8085,-16.7689,-16.6234
707971,巨有元大5A購01,2026-08-05,0.31,-0.04,-11.43,1000000,0,綠縮,否,,0.39,0.51,1.04,,-39.3082,-53.5032,-18.2817
707972,富喬元大5C購02,2026-08-05,0.18,0.01,5.88,76000000,0,綠縮,否,,0.11,0.13,0.23,,-26.9231,-36.3208,-23.0263
707980,華義國票5B購02,2026-08-05,0.06,-0.01,-14.29,155000000,0,,是,,0.11,0.15,0.24,,-41.4894,-40.6375,-19.1919
707981,新盛力國票5A購02,2026-08-05,1.03,0.08,8.42,351000000,0,綠縮,否,,0.82,1.05,1.72,,-35.6808,-42.5287,-22.8027
707982,雙鴻凱基5A購08,2026-08-05,0.15,0.02,15.38,1000000,0,,否,,0.14,0.25,,,-62.9032,-41.9134,
707984,聖暉*凱基5C購01,2026-08-05,1.51,0.31,25.83,33000000,0,綠縮,否,,1.49,1.92,2.54,,-36.7121,-30.0875,-5.3318
707991,群聯國泰5B購01,2026-08-05,1.33,-0.04,-2.92,7000000,0,綠縮,否,,1.09,1.39,2.04,,-35.3919,-33.2048,-19.9293
707992,群聯國泰5B購02,2026-08-05,1.09,0.08,7.92,65000000,0,綠縮,否,,0.88,1.1,1.7,,-33.2829,-34.7156,-20.907
707994,系微元大5C購01,2026-08-05,0.2,0.04,25.0,20000000,0,,否,,0.39,0.54,0.59,,-44.8571,-15.6832,-15.2017
707996,立碁永豐5B購02,2026-08-05,0.37,-0.05,-11.9,81000000,0,,否,,0.4,,,,,,
707997,新盛力永豐61購01,2026-08-05,1.14,0.12,11.76,94000000,0,綠縮,否,,0.87,1.08,1.64,,-33.2308,-33.9829,-18.175
707998,群聯永豐5C購01,2026-08-05,1.05,0.3,40.0,1143000000,0,綠縮,是,,0.7,0.78,1.09,,-18.267,-26.2357,-19.5556
707999,聖暉*永豐5C購02,2026-08-05,0.51,0.05,10.87,140000000,0,綠縮,是,,0.54,0.88,1.05,,-55.4455,-33.4347,-6.7729
708002,雙鴻永豐61購03,2026-08-05,0.43,0.04,10.26,8000000,0,綠縮,是,,0.42,0.51,0.59,,-28.8591,-19.1759,-16.6197
708003,立碁國票5B購02,2026-08-05,0.68,0.01,1.49,525000000,0,,是,,0.58,,,,,,
708004,兆利國票5B購01,2026-08-05,0.12,0.01,9.09,1000000,0,,否,,0.14,0.21,0.34,,-52.7778,-38.5507,
708006,良維國票5B購01,2026-08-05,0.16,0.0,0.0,5000000,0,,否,,0.38,0.59,0.84,,-51.6373,-28.9505,
708008,群聯國票5B購03,2026-08-05,0.94,0.17,22.08,29000000,0,綠縮,否,,0.66,0.8,1.3,,-29.3362,-36.0866,-25.6579
708013,富強鑫台新5A購01,2026-08-05,0.72,0.07,10.77,72000000,0,,是,,0.72,0.71,,,1.7045,,
708014,崴寶台新5A購01,2026-08-05,0.26,0.12,85.71,1000000,0,綠縮,否,,0.23,0.36,0.52,,-52.6749,-33.8262,-21.3964
708015,群聯台新5A購01,2026-08-05,5.8,-0.1,-1.69,25000000,0,綠縮,是,,5.52,6.54,7.89,,-26.9577,-23.3626,-12.6397
708016,群聯台新5A購02,2026-08-05,2.4,0.3,14.29,34000000,0,綠縮,否,,1.64,2.26,3.9,,-42.6778,-41.4786,-26.5002
708020,東捷凱基5A購03,2026-08-05,1.17,0.14,13.59,70000000,0,綠縮,是,,1.51,2.13,2.98,,-45.3556,-32.3707,-16.9685
708023,譜瑞凱基5A購01,2026-08-05,0.45,0.33,275.0,12000000,0,紅增,否,,0.21,0.28,0.4,,-37.0588,-33.5731,-27.9215
708024,三聯國票5A購01,2026-08-05,0.21,0.02,10.53,20000000,0,綠增,否,,0.37,0.46,0.57,,-34.8754,-20.0,-13.4498
708025,大綜國票5A購01,2026-08-05,1.92,0.64,50.0,158000000,0,綠轉紅,是,,1.04,1.08,1.29,,-6.1151,-10.0917,-34.7771
708026,太景*國票5B購01,2026-08-05,0.19,0.04,26.67,3000000,0,綠增,否,,0.19,0.34,0.32,,-61.1336,-9.2593,-11.2202
708027,良維國票5B購02,2026-08-05,0.18,0.0,0.0,205000000,0,綠縮,否,,0.26,0.39,0.6,,-49.4163,-41.0959,-17.3823
708028,朋程國票5A購01,2026-08-05,0.72,0.15,26.32,1000000,0,綠縮,否,,0.58,1.1,1.46,,-64.5756,-36.833,-11.1077
708029,崴寶國票5B購01,2026-08-05,0.23,0.09,64.29,1000000,0,,否,,0.25,0.3,0.39,,-30.1136,-28.6396,-17.4788
708031,群聯國票5B購04,2026-08-05,1.02,0.12,13.33,235000000,0,,是,,0.79,0.93,1.52,,-27.2222,-38.13,-26.9037
708032,環球晶國票5A購02,2026-08-05,3.03,-0.47,-13.43,554000000,0,,是,,5.65,6.33,,,-19.2571,9.5032,
708033,譜瑞國票5B購01,2026-08-05,0.45,0.1,28.57,355000000,0,紅增,是,,0.36,0.41,0.57,,-20.1754,-30.1533,-19.1292
708034,久元永豐5C購01,2026-08-05,0.24,0.04,20.0,30000000,0,,否,,0.28,0.42,0.59,,-49.4662,-31.1075,-28.5976
708038,雙鴻永豐63購02,2026-08-05,0.45,0.04,9.76,20000000,0,綠縮,否,,0.41,0.46,0.55,,-17.2,-15.5268,-10.4269
708039,力致國泰5C購01,2026-08-05,0.44,0.01,2.33,3000000,0,,否,,0.69,0.83,1.0,,-28.8066,-20.3828,
708041,良維元大63購01,2026-08-05,0.3,0.01,3.45,10000000,0,綠縮,否,,0.37,0.41,0.63,,-17.8571,-36.4486,-16.4109
708043,良維富邦61購01,2026-08-05,0.7,0.28,66.67,1000000,0,綠轉紅,否,,0.3,0.29,0.45,,7.971,-35.0679,-15.1372
708044,新盛力富邦61購02,2026-08-05,0.74,0.01,1.37,2548000000,0,綠縮,是,,0.59,0.74,1.1,,-33.4831,-36.4494,-19.883
708046,系統電群益5B購01,2026-08-05,0.51,0.08,18.6,3000000,0,綠縮,否,,0.58,1.09,1.48,,-63.2704,-33.0253,-28.7021
708047,良維群益5B購03,2026-08-05,0.17,0.0,0.0,100000000,0,,否,,0.45,0.74,1.15,,-57.0328,-35.3095,
708048,臺慶科群益5A購01,2026-08-05,1.44,0.09,6.67,100000000,0,,是,,1.32,2.76,,,-68.5565,,
708049,雙鴻群益5A購07,2026-08-05,0.18,-0.05,-21.74,122000000,0,,是,,0.24,0.43,0.68,,-60.8974,-35.7988,
708054,環球晶台新5A購04,2026-08-05,3.43,-1.06,-23.61,290000000,0,,是,,4.48,7.21,6.06,,-55.0151,-10.1184,
708055,群聯元大5A購03,2026-08-05,0.8,0.05,6.67,40000000,0,綠縮,是,,0.82,0.88,1.49,,-14.2857,-33.8818,-19.5043
708056,環球晶元大5A購02,2026-08-05,4.05,-0.26,-6.03,16000000,0,,是,,6.05,5.3,,,32.8502,,
708057,環球晶元大5A購03,2026-08-05,2.75,-0.45,-14.06,7000000,0,綠增,是,,4.64,6.15,6.94,,-39.3203,-12.8227,-4.5651
708060,系統電凱基5A購03,2026-08-05,0.19,0.04,26.67,1000000,0,,否,,0.39,0.61,0.97,,-51.8337,-34.6983,
708061,欣銓凱基5A購03,2026-08-05,0.55,0.1,22.22,4000000,0,綠縮,否,,0.65,0.76,0.96,,-25.9681,-29.7148,-10.7793
708063,群聯凱基5B購02,2026-08-05,0.6,0.11,22.45,1000000,0,綠縮,否,,0.42,0.47,0.92,,-19.2308,-46.5301,-28.6156
708064,群聯兆豐64購01,2026-08-05,1.99,0.25,14.37,64000000,0,綠轉紅,否,,1.41,1.51,1.97,,-12.5622,-21.3876,-16.3841
708065,中美晶群益5C購01,2026-08-05,1.78,0.11,6.59,1000000,0,綠增,否,,2.87,3.4,2.77,,-27.2589,4.2905,12.5711
708066,群聯群益5B購02,2026-08-05,0.61,0.02,3.39,921000000,0,綠縮,是,,0.5,0.6,0.96,,-28.4091,-34.2764,-24.7653
708067,群聯群益5C購01,2026-08-05,1.03,0.06,6.19,1858000000,0,綠縮,是,,0.86,1.0,1.51,,-24.6935,-31.3914,-24.0271
708070,雙鴻群益5B購07,2026-08-05,0.19,0.02,11.76,1048000000,0,綠縮,否,,0.15,0.16,0.27,,-17.7778,-34.1365,-26.491
708073,中美晶國票5B購01,2026-08-05,1.41,-0.07,-4.73,94000000,0,綠增,否,,2.09,2.84,2.38,,-42.0556,-3.3322,5.9569
708074,欣銓國票5C購01,2026-08-05,0.96,0.31,47.69,5000000,0,,否,,1.01,1.26,1.26,,-32.8021,-11.0247,
708076,群聯國票5B購05,2026-08-05,1.14,0.1,9.62,1570000000,0,綠縮,是,,0.84,1.03,1.72,,-30.8703,-37.3098,-26.3124
708077,精材國票5B購01,2026-08-05,1.8,-0.05,-2.7,34000000,0,綠增,否,,2.1,2.71,2.39,,-36.6325,-4.884,7.5484
708082,系統電富邦61購01,2026-08-05,0.46,0.11,31.43,3000000,0,,否,,1.07,1.3,,,-30.2991,-13.058,
708083,家登富邦5C購02,2026-08-05,0.65,0.08,14.04,486000000,0,綠縮,是,,0.56,0.74,0.95,,-39.8268,-27.3798,-16.2495
708084,群聯富邦5C購02,2026-08-05,0.85,0.05,6.25,3304000000,0,,是,,0.72,0.8,1.19,,-19.5506,-35.1897,
708085,群聯富邦61購02,2026-08-05,0.73,0.05,7.35,2477000000,0,綠縮,是,,0.6,0.7,1.02,,-25.495,-27.6923,-19.9842
708086,譜瑞富邦5C購03,2026-08-05,0.59,0.14,31.11,3000000,0,,否,,0.48,0.52,0.76,,-15.493,-27.8237,-32.6232
708087,譜瑞富邦61購01,2026-08-05,0.46,0.11,31.43,120000000,0,紅增,否,,0.4,0.53,0.63,,-40.5405,-19.9095,-16.6667
708088,群聯永豐5C購02,2026-08-05,0.54,0.03,5.88,782000000,0,綠縮,是,,0.52,0.55,0.78,,-11.9048,-25.2703,-19.6907
708089,群聯永豐64購02,2026-08-05,0.87,0.05,6.1,248000000,0,綠縮,否,,0.72,0.81,1.09,,-19.5067,-24.4841,-17.8585
708090,精材永豐5B購02,2026-08-05,4.97,0.5,11.19,13000000,0,綠轉紅,是,,3.31,3.43,2.76,,-7.0304,14.7876,23.1473
708091,中美晶凱基61購02,2026-08-05,2.68,0.16,6.35,1000000,0,,否,,3.39,3.42,2.71,,-1.338,18.0436,
708092,矽科凱基5B購01,2026-08-05,0.13,0.02,18.18,204000000,0,,是,,0.19,0.27,0.44,,-45.1977,-38.149,
708093,群聯凱基61購01,2026-08-05,0.51,0.07,15.91,37000000,0,綠縮,否,,0.41,0.48,0.88,,-27.5,-39.9254,-20.4412
708094,精材凱基5B購02,2026-08-05,2.5,0.71,39.66,10000000,0,綠增,是,,2.81,3.21,2.63,,-22.2345,10.0308,18.0696
708095,環球晶凱基5B購02,2026-08-05,3.34,-0.33,-8.99,10000000,0,,是,,6.77,6.15,,,22.5398,,
708096,譜瑞凱基5B購01,2026-08-05,0.46,0.15,48.39,705000000,0,紅增,是,,0.34,0.39,0.65,,-21.659,-37.0732,-32.6973
708099,正淩國票5C購01,2026-08-05,0.18,0.03,20.0,1000000,0,,否,,0.47,0.51,,,-14.652,,
708100,亞信國票5C購01,2026-08-05,0.4,0.04,11.11,32000000,0,紅轉綠,否,,0.45,0.49,0.56,,-13.0268,-13.4752,-5.8081
708101,佳邦國票5C購01,2026-08-05,0.42,0.0,0.0,891000000,0,綠縮,是,,0.42,0.56,0.94,,-39.9425,-43.4518,-22.107
708103,原相國票5B購01,2026-08-05,0.77,0.13,20.31,50000000,0,綠縮,是,,0.57,0.59,0.96,,-5.3156,-38.1204,-11.7213
708105,家登國票5B購01,2026-08-05,0.51,0.19,59.38,1000000,0,綠縮,是,,0.36,0.5,0.82,,-44.7531,-44.4812,-19.3232
708106,新潤國票5C購01,2026-08-05,0.47,0.02,4.44,83000000,0,綠增,是,,0.52,0.57,0.58,,-15.8576,-5.0083,-3.5833
708107,群聯國票61購01,2026-08-05,0.67,0.05,8.06,51000000,0,綠縮,否,,0.51,0.61,0.93,,-27.0655,-31.8743,-24.0831
708108,精華國票5C購01,2026-08-05,0.23,0.0,0.0,10000000,0,綠增,否,,0.27,0.31,0.34,,-20.0,-14.0449,-7.0345
708109,磐儀國票5C購01,2026-08-05,0.55,0.08,17.02,177000000,0,綠轉紅,是,,0.43,0.45,0.51,,-6.087,-10.8,-1.4577
708115,勤凱台新5B購01,2026-08-05,1.08,0.16,17.39,154000000,0,,是,,0.95,1.27,3.3,,-40.6015,-55.0689,
708117,群聯台新5B購02,2026-08-05,0.57,0.05,9.62,97000000,0,綠縮,否,,0.44,0.51,0.93,,-24.5734,-39.2435,-28.7246
708118,世界群益5B購05,2026-08-05,2.42,0.47,24.1,502000000,0,綠縮,是,,2.01,2.47,3.72,,-31.4676,-28.9496,-16.6274
708119,欣銓群益5B購01,2026-08-05,2.3,0.6,35.29,16000000,0,綠縮,否,,1.79,2.25,3.11,,-34.0959,-29.7719,-14.1376
708120,家登群益5B購01,2026-08-05,0.52,0.1,23.81,1000000,0,綠增,否,,0.67,0.83,1.06,,-32.2515,-29.7366,-10.6706
708121,家登群益61購01,2026-08-05,0.48,0.09,23.08,36000000,0,綠縮,否,,0.58,0.65,0.82,,-19.8895,-24.2741,-13.7245
708123,台特化永豐62購01,2026-08-05,0.36,0.05,16.13,62000000,0,,否,,0.61,0.72,,,-25.3041,-23.9407,
708124,高鋒永豐5C購01,2026-08-05,0.25,0.07,38.89,5000000,0,,否,,0.33,0.42,0.54,,-35.9375,-22.7941,-21.1567
708125,群聯永豐65購01,2026-08-05,0.82,0.03,3.8,691000000,0,綠縮,是,,0.77,0.83,1.08,,-13.8393,-21.3949,-16.1628
708128,東捷國泰61購01,2026-08-05,2.58,0.23,9.79,57000000,0,,是,,2.05,2.92,,,-46.1579,,
708129,欣銓國泰5C購01,2026-08-05,1.23,0.16,14.95,270000000,0,綠縮,是,,0.91,1.22,1.65,,-40.445,-29.9022,-14.3302
708130,群聯國泰61購01,2026-08-05,1.41,0.11,8.46,6000000,0,綠縮,否,,1.31,1.74,2.43,,-39.2593,-30.3929,-14.4739
708132,環球晶富邦5C購02,2026-08-05,1.52,0.1,7.04,3000000,0,綠增,否,,2.11,2.67,2.31,,-34.7342,-1.4012,6.7914
708133,中美晶元大5B購02,2026-08-05,2.51,-0.18,-6.69,229000000,0,,是,,2.49,2.07,,,50.3023,,
708135,世界元大5B購02,2026-08-05,1.5,0.38,33.93,11000000,0,綠縮,是,,1.3,1.86,1.83,,-46.6667,-19.1406,-5.4809
708136,世界元大5B購03,2026-08-05,1.44,0.26,22.03,17000000,0,綠縮,否,,1.28,1.56,2.05,,-31.027,-21.0606,-9.0586
708138,群聯元大5B購01,2026-08-05,1.17,0.19,19.39,4000000,0,,否,,1.7,2.23,2.65,,-38.6282,-15.9142,
708139,群聯元大5B購02,2026-08-05,1.89,-0.02,-1.05,4000000,0,,否,,1.94,1.96,2.18,,-2.0182,-12.0574,-11.1519
708145,大學光凱基5B購01,2026-08-05,0.45,0.06,15.38,40000000,0,綠縮,否,,0.49,0.54,0.64,,-18.6667,-19.4074,-12.1733
708146,世界凱基5B購01,2026-08-05,0.77,0.11,16.67,2000000,0,綠縮,否,,0.64,1.02,1.62,,-54.5064,-34.1321,-15.2436
708149,原相凱基5B購02,2026-08-05,0.89,0.11,14.1,1000000,0,,否,,0.68,0.87,1.1,,-35.4717,-28.5831,-13.6435
708152,群聯凱基63購01,2026-08-05,1.33,0.17,14.66,1000000,0,紅增,否,,0.88,0.78,0.97,,32.3353,-7.0659,-11.2888
708157,鉅橡台新5B購01,2026-08-05,0.3,0.07,30.43,1000000,0,,否,,0.36,0.67,,,-64.0404,-44.2881,
708158,華景電國泰5C購01,2026-08-05,0.7,0.05,7.69,57000000,0,綠縮,否,,0.54,0.63,1.02,,-26.1708,-33.9267,-22.1967
708159,世界富邦5B購01,2026-08-05,0.53,0.03,6.0,139000000,0,綠縮,否,,0.45,0.58,0.91,,-36.3636,-30.9353,-18.1284
708160,系微富邦63購01,2026-08-05,0.31,0.06,24.0,126000000,0,,是,,0.28,0.43,0.58,,-52.7211,-33.0757,-19.7075
708161,茂迪富邦63購02,2026-08-05,0.48,0.04,9.09,161000000,0,綠縮,是,,0.54,0.63,0.77,,-25.3444,-17.5553,-10.6852
708162,原相富邦5B購01,2026-08-05,0.52,0.08,18.18,5000000,0,綠縮,否,,0.36,0.37,0.57,,-5.7292,-27.0059,-15.7625
708164,群聯富邦62購01,2026-08-05,0.58,0.04,7.41,1377000000,0,綠縮,是,,0.49,0.57,0.82,,-22.5705,-29.0727,-21.2034
708165,群聯富邦62購02,2026-08-05,0.5,0.01,2.04,1096000000,0,綠縮,否,,0.39,0.44,0.67,,-20.3252,-30.2839,-22.5393
708167,東捷永豐64購02,2026-08-05,1.1,0.02,1.85,809000000,0,綠縮,是,,0.91,1.13,1.6,,-31.6891,-29.3158,-20.5992
708168,東捷永豐67購01,2026-08-05,1.24,0.06,5.08,89000000,0,綠縮,是,,1.19,1.35,1.69,,-21.6074,-21.0035,-14.9975
708172,譜瑞中信5B購01,2026-08-05,0.48,0.11,29.73,4123000000,0,紅增,是,,0.38,0.42,0.56,,-17.316,-26.6087,-16.3281
708173,欣銓兆豐61購01,2026-08-05,0.76,0.15,24.59,2000000,0,綠縮,否,,0.59,0.77,1.02,,-38.4937,-34.8523,-13.274
708176,東捷國票5C購01,2026-08-05,1.12,-0.01,-0.88,411000000,0,綠縮,否,,0.9,1.22,1.94,,-41.7098,-37.1076,-24.5914
708179,群聯國票66購01,2026-08-05,0.72,0.03,4.35,726000000,0,綠縮,是,,0.64,0.7,0.95,,-15.3439,-24.7033,-17.851
708181,東捷群益5B購03,2026-08-05,0.92,0.11,13.58,454000000,0,綠縮,是,,0.8,1.14,1.89,,-45.9569,-38.9097,-26.177
708182,華景電群益5B購01,2026-08-05,0.3,0.05,20.0,20000000,0,綠縮,否,,0.28,0.44,0.82,,-53.8206,-49.7143,-23.048
708183,群聯群益61購03,2026-08-05,0.45,0.03,7.14,889000000,0,綠縮,是,,0.41,0.48,0.7,,-26.6187,-30.4473,-21.7949
708184,久元元大64購01,2026-08-05,0.44,0.07,18.92,160000000,0,,是,,0.56,0.67,0.89,,-29.2621,-22.7848,
708186,東捷元大5B購01,2026-08-05,1.5,0.16,11.94,2000000,0,,否,,1.4,2.28,3.47,,-55.5838,-36.8655,
708188,東捷元大5B購03,2026-08-05,2.33,0.04,1.75,99000000,0,,是,,4.59,,,,,,
708190,家登元大5B購02,2026-08-05,0.6,0.11,22.45,1000000,0,綠增,否,,1.06,1.4,1.53,,-38.9655,-17.3939,-11.7563
708194,群聯元大5B購03,2026-08-05,0.5,0.01,2.04,21000000,0,綠縮,否,,0.43,0.54,0.88,,-33.2308,-39.0326,-24.2123
708195,群聯元大64購02,2026-08-05,0.7,0.03,4.48,33000000,0,綠縮,是,,0.69,1.06,1.46,,-52.0223,-36.0458,-15.8758
708196,鈺太元大5B購01,2026-08-05,0.55,0.2,57.14,153000000,0,,是,,0.61,1.05,,,-59.4378,,
708198,精材元大61購06,2026-08-05,4.32,0.2,4.85,25000000,0,綠增,是,,4.35,4.51,3.89,,-6.7295,10.0561,17.0783
708201,凡甲凱基5B購01,2026-08-05,0.31,0.0,0.0,20000000,0,綠縮,否,,0.35,0.49,0.59,,-43.8095,-20.3883,-28.1117
708206,華景電凱基5B購01,2026-08-05,0.26,0.04,18.18,15000000,0,綠縮,否,,0.24,0.37,0.6,,-51.8219,-44.2073,-21.1942
708209,群聯凱基64購01,2026-08-05,0.56,-0.09,-13.85,23000000,0,綠縮,否,,0.54,0.6,0.96,,-16.3077,-38.0062,-17.9828
708210,環球晶凱基5B購03,2026-08-05,3.68,-0.28,-7.07,149000000,0,,是,,4.54,5.79,4.94,,-35.5398,1.9729,
708211,穩得凱基5B購01,2026-08-05,0.16,0.01,6.67,20000000,0,綠縮,是,,0.19,0.38,0.57,,-67.128,-41.5525,-25.7812
708212,鑫聯凱基5C購01,2026-08-05,0.53,0.09,20.45,40000000,0,,是,,0.85,,,,,,
708213,台特化台新5B購01,2026-08-05,0.52,0.1,23.81,4000000,0,綠縮,否,,0.42,0.55,0.85,,-39.4203,-38.8521,-21.6812
708217,欣銓台新5B購02,2026-08-05,1.19,0.18,17.82,261000000,0,綠縮,是,,0.85,1.23,1.85,,-47.0149,-36.1371,-18.0571
708218,湧德台新5B購01,2026-08-05,0.46,0.1,27.78,332000000,0,綠縮,否,,0.51,0.73,0.87,,-46.6527,-24.666,-24.9785
708220,鈊象台新5B購01,2026-08-05,2.17,-0.01,-0.46,41000000,0,綠轉紅,是,,1.97,1.83,2.05,,16.5877,-8.0483,-3.3671
708228,凡甲富邦61購01,2026-08-05,0.45,-0.02,-4.26,738000000,0,綠縮,是,,0.43,0.47,0.58,,-15.2941,-23.1648,-15.5135
708229,中光電富邦62購01,2026-08-05,2.35,0.3,14.63,24000000,0,綠縮,否,,2.04,2.44,2.4,,-28.0479,-15.2189,8.2581
708232,世界永豐5C購01,2026-08-05,1.05,0.15,16.67,360000000,0,綠縮,是,,0.87,1.14,1.56,,-37.9458,-29.6159,-6.8182
708234,家碩永豐5B購01,2026-08-05,0.09,0.0,0.0,75000000,0,,否,,0.12,0.17,0.29,,-41.5094,-38.6861,
708235,群聯永豐65購02,2026-08-05,0.56,0.04,7.69,1933000000,0,綠縮,是,,0.47,0.52,0.68,,-17.0213,-21.6995,-16.2546
708237,環球晶兆豐61購01,2026-08-05,2.8,-0.65,-18.84,1000000,0,綠增,否,,3.89,5.06,4.52,,-37.6244,-2.8615,11.0374
708238,艾訊國票63購01,2026-08-05,1.13,0.25,28.41,116000000,0,綠縮,否,,1.12,1.22,1.3,,-15.1745,-9.1045,-5.434
708240,晶宏國票5C購01,2026-08-05,1.7,0.27,18.88,727000000,0,綠轉紅,是,,1.13,1.12,1.5,,1.8051,-18.6909,-11.3939
708241,翔名國票5C購01,2026-08-05,0.99,0.11,12.5,150000000,0,綠縮,否,,0.87,1.16,1.6,,-40.0552,-33.7529,-14.0667
708242,聰泰國票5C購01,2026-08-05,0.41,0.01,2.5,16000000,0,綠縮,是,,0.36,0.46,0.64,,-37.5439,-29.5282,-17.0006
708247,艾訊群益5B購01,2026-08-05,1.05,0.07,7.14,188000000,0,,是,,1.27,1.51,,,-27.4487,-16.113,
708249,陽程群益5B購01,2026-08-05,1.56,0.38,32.2,12000000,0,綠縮,否,,1.34,1.6,2.01,,-28.1886,-26.231,-13.0557
708250,群聯群益5B購03,2026-08-05,0.35,-0.02,-5.41,1978000000,0,綠縮,是,,0.31,0.37,0.66,,-29.4931,-39.5425,-27.9605
708252,凡甲元大5B購01,2026-08-05,0.3,-0.01,-3.23,25000000,0,紅增,否,,0.29,0.34,0.47,,-28.3582,-23.8411,-16.0177
708253,均豪元大5B購02,2026-08-05,0.2,0.02,11.11,22000000,0,,否,,0.36,0.37,0.45,,-7.6923,-3.1008,
708257,群聯元大5B購05,2026-08-05,0.47,0.03,6.82,2000000,0,綠縮,否,,0.4,0.46,0.77,,-24.7148,-34.2368,-17.6533
708258,群聯元大64購03,2026-08-05,0.71,0.05,7.58,6000000,0,綠縮,否,,0.66,0.8,1.1,,-29.5745,-28.2258,-13.457
708266,威剛元大5B購04,2026-08-05,0.46,-0.01,-2.13,363000000,0,綠縮,是,,0.44,0.47,0.58,,-11.245,-18.5442,-14.9526
708267,威剛元大5B購05,2026-08-05,0.52,0.02,4.0,814000000,0,綠轉紅,是,,0.51,0.5,0.59,,5.8091,-14.4828,-12.8035
708268,威剛元大64購01,2026-08-05,0.61,0.0,0.0,1709000000,0,紅增,是,,0.61,0.58,0.64,,10.5839,-7.3836,-6.4822
708269,陽程元大61購03,2026-08-05,1.07,0.26,32.1,280000000,0,綠縮,是,,0.91,1.05,1.24,,-23.2715,-20.8459,-8.8528
708274,勤凱國泰5C購01,2026-08-05,0.78,0.12,18.18,7000000,0,,否,,0.79,1.66,,,-68.5669,,
708279,威剛凱基5B購03,2026-08-05,0.31,-0.01,-3.12,562000000,0,紅增,否,,0.33,0.34,0.43,,-2.3529,-19.2308,-15.5425
708280,群聯凱基64購02,2026-08-05,0.51,0.03,6.25,165000000,0,綠縮,是,,0.41,0.5,0.78,,-30.5369,-33.9005,-19.7544
708285,系微兆豐65購01,2026-08-05,0.69,0.09,15.0,154000000,0,綠縮,是,,0.56,0.65,0.85,,-23.224,-23.9718,-17.0471
708286,群聯兆豐65購01,2026-08-05,1.2,-0.07,-5.51,13000000,0,綠縮,否,,1.29,1.31,1.62,,-3.8864,-15.6812,-13.7803
708289,方土昶國票5C購01,2026-08-05,1.16,0.11,10.48,193000000,0,綠縮,是,,0.74,0.9,1.08,,-29.0076,-21.5412,-18.4111
708290,世界國票5C購02,2026-08-05,0.72,0.15,26.32,4000000,0,綠縮,否,,0.6,0.81,1.23,,-40.0794,-33.7716,-10.4689
708292,威剛國票5C購01,2026-08-05,0.72,0.04,5.88,5000000,0,紅增,否,,0.73,0.7,0.85,,9.5808,-13.6868,-12.0207
708294,港建*國票5B購01,2026-08-05,0.36,0.03,9.09,60000000,0,綠縮,是,,0.38,0.44,0.88,,-25.6917,-46.022,-20.299
708299,台星科永豐61購01,2026-08-05,0.41,0.07,20.59,64000000,0,綠增,否,,0.46,0.52,0.67,,-20.8333,-26.0745,-9.2016
708302,欣銓永豐61購01,2026-08-05,0.73,0.11,17.74,7000000,0,綠縮,否,,0.68,0.77,1.0,,-20.9302,-23.7624,-10.5122
708303,威剛永豐5B購01,2026-08-05,0.38,0.04,11.76,50000000,0,綠縮,否,,0.37,0.38,0.48,,-5.102,-18.7234,-13.3274
708304,威剛永豐5C購02,2026-08-05,0.56,0.04,7.69,2000000,0,綠縮,否,,0.55,0.58,0.67,,-9.901,-11.6564,-7.6132
708305,威剛永豐61購01,2026-08-05,0.73,-0.02,-2.67,34000000,0,綠縮,否,,0.71,0.79,0.91,,-19.222,-15.0538,-9.8808
708306,威剛永豐65購01,2026-08-05,1.43,0.1,7.52,177000000,0,綠縮,否,,1.35,1.35,1.46,,-0.0,-7.745,-6.1231
708307,威剛永豐68購01,2026-08-05,1.43,0.07,5.15,30000000,0,綠轉紅,否,,1.37,1.36,1.46,,2.0802,-5.1604,-4.1132
708309,廣穎永豐65購01,2026-08-05,1.56,0.15,10.64,24000000,0,綠縮,否,,1.21,1.43,1.86,,-27.3494,-20.3003,-10.8102
708312,正淩群益63購01,2026-08-05,0.75,0.11,17.19,411000000,0,綠縮,是,,0.62,0.76,1.05,,-30.6667,-30.6011,-13.8512
708316,威剛群益5B購02,2026-08-05,0.55,0.04,7.84,11000000,0,綠縮,否,,0.52,0.55,0.64,,-9.0278,-13.2492,-11.8056
708319,茂綸群益5B購01,2026-08-05,1.48,0.07,4.96,654000000,0,,是,,1.11,1.45,1.94,,-38.376,-28.9139,
708320,廣穎群益5B購01,2026-08-05,5.0,0.89,21.65,25000000,0,,是,,4.83,6.69,6.75,,-43.5556,-16.8676,
708329,艾訊凱基5B購02,2026-08-05,0.77,0.11,16.67,5000000,0,,是,,0.83,0.98,1.15,,-26.0638,-18.4539,-15.2318
708331,威剛凱基5B購04,2026-08-05,0.26,-0.01,-3.7,155000000,0,紅增,否,,0.28,0.27,0.38,,13.6,-24.5763,-17.3626
708334,港建*凱基5B購01,2026-08-05,0.1,0.0,0.0,13000000,0,綠縮,否,,0.15,0.17,0.56,,-22.9167,-68.0451,-21.6028
708335,群聯凱基61購02,2026-08-05,0.43,0.08,22.86,55000000,0,綠縮,否,,0.38,0.43,0.72,,-21.3992,-34.3419,-25.1825
708336,廣穎凱基5B購01,2026-08-05,3.97,0.21,5.59,7000000,0,綠縮,否,,2.92,3.95,5.77,,-41.167,-36.39,-11.585
708337,環球晶凱基5C購02,2026-08-05,1.7,-0.8,-32.0,14000000,0,綠增,否,,3.62,4.19,3.43,,-24.1929,5.3782,13.5618
708342,艾訊台新5B購01,2026-08-05,2.0,0.41,25.79,152000000,0,綠縮,是,,2.03,2.31,2.52,,-21.5777,-11.9466,-6.2057
708343,艾訊台新5B購02,2026-08-05,2.05,0.56,37.58,636000000,0,綠縮,是,,1.98,2.29,2.56,,-23.4158,-13.3485,-9.629
708344,良維台新5B購01,2026-08-05,0.61,0.01,1.67,37000000,0,綠縮,否,,0.73,0.95,1.68,,-37.6491,-46.4607,-21.1809
708347,湧德台新5B購02,2026-08-05,0.56,0.09,19.15,164000000,0,綠縮,否,,0.59,0.75,0.95,,-35.0109,-25.4204,-14.9529
708349,順達台新5B購01,2026-08-05,1.06,-0.09,-7.83,2217000000,0,綠縮,是,,1.14,1.74,2.22,,-51.0274,-34.0159,-17.2858
708350,順達台新5B購02,2026-08-05,1.22,0.11,9.91,144000000,0,綠縮,是,,1.45,2.01,2.5,,-43.8228,-26.0213,-12.3684
708352,萬泰科台新5B購03,2026-08-05,0.74,-0.04,-5.13,655000000,0,綠縮,是,,0.84,1.26,1.77,,-49.7013,-36.8157,-15.5061
708353,群聯台新5B購03,2026-08-05,0.49,0.03,6.52,1048000000,0,綠縮,是,,0.41,0.5,0.83,,-29.5918,-36.6625,-26.7078
708354,群聯台新5B購04,2026-08-05,0.47,0.04,9.3,305000000,0,,是,,0.56,1.02,1.23,,-62.4831,-30.4911,-23.2522
708355,精材台新5B購03,2026-08-05,9.0,1.85,25.87,2000000,0,,否,,9.22,8.1,5.93,,32.2812,46.6751,21.7088
708356,臺慶科台新5B購01,2026-08-05,3.28,0.34,11.56,1000000,0,,是,,,,,,,,
708359,均豪兆豐61購01,2026-08-05,0.18,0.02,12.5,400000000,0,綠縮,否,,0.19,0.28,0.37,,-47.541,-37.5839,-8.7546
708363,環球晶群益5B購03,2026-08-05,2.16,-0.26,-10.74,5000000,0,,否,,5.52,4.53,,,55.9571,,
708364,凡甲元大5B購02,2026-08-05,0.86,0.03,3.61,5000000,0,,否,,0.92,1.16,1.55,,-33.6691,-18.1883,-21.0955
708365,凡甲元大5B購03,2026-08-05,0.96,0.01,1.05,1000000,0,綠縮,否,,1.0,1.11,1.32,,-17.4629,-19.7101,-18.0037
708367,久元元大5B購01,2026-08-05,0.17,0.02,13.33,10000000,0,綠縮,否,,0.19,0.26,0.41,,-41.4634,-34.0102,-23.3019
708370,台星科元大5B購02,2026-08-05,0.75,0.03,4.17,197000000,0,綠縮,否,,0.68,0.78,1.02,,-22.2477,-26.8868,-9.5957
708371,台星科元大65購01,2026-08-05,0.78,0.06,8.33,1000000,0,,否,,0.88,1.09,1.16,,-31.3665,-11.779,
708372,沛亨元大5B購01,2026-08-05,0.66,0.14,26.92,172000000,0,綠縮,是,,0.66,0.98,1.46,,-48.367,-43.314,-18.6893
708373,欣銓元大5B購01,2026-08-05,0.94,0.19,25.33,552000000,0,綠縮,是,,0.8,0.93,1.1,,-25.2809,-23.7122,-7.4602
708377,威剛元大5B購07,2026-08-05,0.55,0.0,0.0,836000000,0,紅增,否,,0.56,0.53,0.64,,11.5538,-13.2353,-10.26
708378,原相元大5B購01,2026-08-05,0.78,0.18,30.0,604000000,0,綠縮,否,,0.65,0.65,0.98,,0.3077,-32.3988,-12.9089
708382,群聯元大5B購07,2026-08-05,0.59,0.03,5.36,3000000,0,綠縮,否,,0.58,0.92,1.38,,-54.0284,-37.3984,-17.74
708384,凡甲國泰5C購01,2026-08-05,0.96,0.04,4.35,20000000,0,綠轉紅,是,,0.9,1.02,1.24,,-20.354,-22.4006,-23.6801
708387,均豪國泰62購01,2026-08-05,0.68,0.06,9.68,10000000,0,綠縮,否,,0.76,0.85,1.12,,-19.1489,-32.6999,-11.3869
708391,力領台新5B購01,2026-08-05,0.83,0.04,5.06,11000000,0,綠縮,否,,0.77,0.82,1.17,,-12.7273,-27.972,-16.4516
708396,群聯台新5B購05,2026-08-05,0.73,0.04,5.8,560000000,0,綠縮,是,,0.66,0.84,1.32,,-35.7422,-35.997,-22.6608
708397,群聯台新5B購06,2026-08-05,0.35,0.04,12.9,250000000,0,綠縮,是,,0.32,0.45,0.79,,-45.5172,-41.7425,-20.5617
708399,優群台新5B購01,2026-08-05,0.22,-0.06,-21.43,10000000,0,,否,,0.61,0.86,,,-45.3405,,
708402,世禾凱基5B購01,2026-08-05,0.35,0.1,40.0,2000000,0,綠增,否,,0.62,0.71,0.77,,-23.0769,-16.8028,-15.2066
708403,世界凱基5C購03,2026-08-05,0.57,0.13,29.55,1000000,0,綠縮,否,,0.47,0.68,1.09,,-47.6615,-32.1429,-15.6589
708404,尼克森凱基5B購01,2026-08-05,1.28,0.1,8.47,162000000,0,,是,,2.77,2.91,2.64,,-9.3115,2.2144,2.807
708406,欣銓凱基5B購01,2026-08-05,0.28,0.04,16.67,156000000,0,綠縮,否,,0.28,0.36,0.59,,-37.3874,-45.3858,-17.9846
708408,威剛凱基5C購01,2026-08-05,0.45,0.0,0.0,2000000,0,綠轉紅,否,,0.31,0.35,0.38,,-22.2222,-15.1807,-10.1874
708410,群聯凱基64購03,2026-08-05,0.41,0.03,7.89,98000000,0,綠縮,否,,0.32,0.4,0.62,,-33.4728,-31.9658,-22.2361
708412,環球晶兆豐61購02,2026-08-05,1.54,-0.42,-21.43,20000000,0,綠增,是,,2.1,3.16,2.99,,-50.0238,-15.9702,-0.217
708413,FH中5G元大5B購01,2026-08-05,1.57,0.2,14.6,6000000,0,綠縮,否,,1.76,2.5,3.78,,-45.8359,-33.0745,-15.3097
708414,FH中5G元大5C購01,2026-08-05,2.38,0.13,5.78,47000000,0,綠縮,是,,2.22,3.15,5.41,,-45.459,-51.5096,-18.0957
708418,順達元大64購04,2026-08-05,1.66,-0.01,-0.6,350000000,0,綠縮,是,,1.79,2.05,2.34,,-22.4242,-19.6002,-7.1414
708419,新盛力元大64購01,2026-08-05,1.86,0.14,8.14,1000000,0,,否,,2.49,2.93,,,-26.2877,-13.6297,
708421,鈺太元大5B購02,2026-08-05,0.18,0.06,50.0,1000000,0,綠縮,否,,0.21,0.36,0.55,,-58.7302,-39.5586,-20.9921
708422,鈺太元大65購01,2026-08-05,0.62,0.31,100.0,1119000000,0,綠轉紅,是,,0.36,0.39,0.54,,-12.0773,-22.51,-14.4436
708427,朋億*國票5C購01,2026-08-05,1.36,0.2,17.24,60000000,0,綠縮,是,,1.44,1.87,2.24,,-37.4783,-22.6727,-11.4257
708428,群聯國票61購02,2026-08-05,0.39,0.05,14.71,1000000,0,綠縮,否,,0.29,0.36,0.56,,-30.9859,-33.7017,-24.4414
708429,雷科國票5B購01,2026-08-05,2.83,0.26,10.12,1000000,0,綠增,否,,3.74,6.14,7.07,,-56.1593,-23.1289,-6.1787
708432,合晶富邦62購01,2026-08-05,4.51,0.38,9.2,2000000,0,,否,,6.04,4.89,,,61.5508,,
708433,家登富邦61購02,2026-08-05,0.32,0.03,10.34,16000000,0,綠縮,否,,0.26,0.35,0.5,,-39.9083,-32.7553,-17.2442
708434,家登富邦62購01,2026-08-05,0.33,0.06,22.22,32000000,0,綠縮,是,,0.28,0.39,0.51,,-44.1767,-32.5217,-16.4327
708436,新盛力富邦61購03,2026-08-05,0.97,0.04,4.3,379000000,0,,是,,0.79,0.96,,,-30.6338,-29.3167,
708437,群聯富邦62購03,2026-08-05,0.42,0.04,10.53,723000000,0,綠縮,是,,0.43,0.46,0.67,,-12.6016,-27.1722,-17.9205
708438,環球晶富邦5C購03,2026-08-05,1.04,-0.08,-7.14,13000000,0,,否,,1.5,1.36,,,22.7869,3.0326,
708442,艾訊群益5B購02,2026-08-05,0.81,0.21,35.0,105000000,0,綠增,是,,0.99,0.98,1.1,,0.8163,-9.7248,-6.8951
708445,群聯群益5B購04,2026-08-05,0.31,0.01,3.33,22000000,0,綠縮,否,,0.22,0.28,0.49,,-34.7059,-39.1775,-29.5584
708446,環球晶群益5C購02,2026-08-05,2.29,-0.36,-13.58,2000000,0,,否,,6.51,5.34,,,55.8429,,
708448,世界凱基65購01,2026-08-05,0.65,0.13,25.0,1000000,0,綠縮,否,,0.53,0.57,0.73,,-12.9139,-19.1702,-5.7915
708449,台半凱基5C購01,2026-08-05,2.17,0.36,19.89,16000000,0,,是,,1.66,2.26,2.85,,-41.8067,-34.6543,-13.066
708450,合晶凱基5B購02,2026-08-05,6.0,0.25,4.35,1000000,0,綠縮,否,,6.35,8.29,9.07,,-37.8669,-25.1243,-0.4119
708451,合晶凱基61購01,2026-08-05,3.82,0.0,0.0,8000000,0,綠縮,否,,4.26,6.15,7.13,,-47.1056,-31.2402,-2.7403
708452,欣銓凱基64購01,2026-08-05,0.4,0.05,14.29,1000000,0,綠增,否,,0.48,0.58,0.62,,-30.2053,-12.4054,-6.7018
708454,威剛凱基5B購06,2026-08-05,0.33,0.0,0.0,150000000,0,紅增,否,,0.33,0.31,0.39,,14.6853,-17.4731,-13.6564
708455,胡連凱基5B購01,2026-08-05,0.43,0.0,0.0,15000000,0,綠縮,否,,0.47,0.56,0.63,,-27.6398,-15.2672,-12.4036
708458,群聯凱基5B購03,2026-08-05,0.23,0.03,15.0,70000000,0,紅增,否,,0.24,0.26,0.46,,-11.6788,-36.4532,-28.2931
708460,營邦凱基5B購01,2026-08-05,0.46,0.1,27.78,1000000,0,紅增,否,,0.27,0.27,0.29,,1.5038,-10.0671,-7.6923
708462,營邦凱基5B購03,2026-08-05,0.25,0.01,4.17,2243000000,0,紅縮,是,,0.31,0.29,0.33,,12.5,-15.2493,-6.9638
708463,環球晶凱基5B購04,2026-08-05,0.91,-0.38,-29.46,135000000,0,綠縮,否,,0.99,1.93,2.52,,-65.6467,-42.9078,-11.4055
708464,環球晶凱基5B購05,2026-08-05,1.05,-0.2,-16.0,17000000,0,綠增,否,,1.62,2.66,2.47,,-56.3411,-16.5256,-1.1817
708469,華景電台新5B購03,2026-08-05,0.3,0.04,15.38,5000000,0,綠縮,否,,0.32,0.42,0.75,,-38.61,-47.2888,-19.0993
708470,環球晶台新5B購01,2026-08-05,3.49,-1.06,-23.3,808000000,0,,是,,5.2,5.56,,,-12.1959,13.8206,
708471,環球晶台新5B購02,2026-08-05,2.1,-1.2,-36.36,18000000,0,綠縮,否,,2.4,5.4,6.44,,-71.4524,-38.9599,-9.0434
708472,環球晶台新62購01,2026-08-05,1.08,-0.13,-10.74,6000000,0,綠縮,否,,1.11,1.77,1.81,,-54.4106,-23.6489,-6.646
708473,環球晶台新62購02,2026-08-05,1.13,-0.02,-1.74,177000000,0,綠縮,是,,1.08,1.6,1.97,,-48.7204,-33.7759,-5.1455
708478,久元元大5B購06,2026-08-05,0.11,0.0,0.0,10000000,0,,否,,0.16,0.21,,,-41.9118,,
708480,世界元大64購04,2026-08-05,1.13,0.19,20.21,94000000,0,綠縮,是,,0.92,1.09,1.02,,-26.3158,-9.6266,0.1958
708484,合晶元大5B購05,2026-08-05,3.56,-0.36,-9.18,4000000,0,綠增,否,,4.37,6.77,7.14,,-52.4401,-26.4604,-0.2934
708486,合晶元大65購01,2026-08-05,4.08,0.62,17.92,38000000,0,綠縮,否,,3.21,4.08,5.1,,-34.9919,-31.5834,-3.9349
708489,金山電元大5B購04,2026-08-05,1.83,-0.04,-2.14,2000000,0,,否,,1.95,3.35,3.32,,-58.8533,-18.8757,
708491,群聯元大5B購09,2026-08-05,0.29,0.03,11.54,38000000,0,綠縮,否,,0.26,0.29,0.45,,-21.9512,-32.4074,-22.6221
708493,營邦元大5B購02,2026-08-05,0.25,0.02,8.7,9000000,0,,否,,0.37,0.43,0.56,,-26.4,-21.3768,
708494,環球晶元大5B購06,2026-08-05,2.05,-0.95,-31.67,10000000,0,綠增,否,,3.8,4.19,3.54,,-16.8416,10.1262,16.9749
708495,環球晶元大5B購07,2026-08-05,2.12,-0.41,-16.21,137000000,0,,是,,2.25,3.58,3.79,,-53.9812,-27.2727,
708497,環球晶元大5B購09,2026-08-05,0.88,-0.57,-39.31,3000000,0,綠增,否,,1.4,2.04,2.14,,-47.9136,-21.3487,7.8456
708498,環球晶元大61購02,2026-08-05,1.27,-0.42,-24.85,10000000,0,綠縮,否,,1.23,1.75,2.09,,-46.0862,-32.6405,-4.5382
708499,環球晶元大64購01,2026-08-05,2.45,0.37,17.79,1000000,0,綠縮,否,,1.93,2.25,2.35,,-25.4067,-16.2393,4.5081
708500,譜瑞元大61購02,2026-08-05,0.91,0.14,18.18,30000000,0,綠縮,是,,0.89,1.06,1.33,,-27.8317,-22.0513,-19.2811
708501,威剛兆豐65購01,2026-08-05,1.52,0.07,4.83,1257000000,0,紅增,否,,1.46,1.41,1.56,,8.6053,-7.3781,-5.5825
708503,群聯國泰62購01,2026-08-05,0.66,0.05,8.2,711000000,0,綠縮,是,,0.59,0.7,1.03,,-26.4339,-31.1573,-19.617
708504,群聯國泰63購01,2026-08-05,0.95,0.05,5.56,85000000,0,綠縮,否,,0.83,0.93,1.28,,-19.7292,-26.4404,-18.7123
708505,群聯國泰63購02,2026-08-05,0.73,0.07,10.61,221000000,0,綠縮,是,,0.55,0.66,0.99,,-28.2383,-31.5083,-22.3653
708513,合晶國票5C購01,2026-08-05,4.61,0.75,19.43,7000000,0,綠縮,否,,4.05,5.21,6.62,,-36.3208,-34.8153,-3.2006
708514,金山電國票5C購02,2026-08-05,1.28,-0.01,-0.78,71000000,0,綠縮,否,,1.1,1.42,2.67,,-36.3006,-43.6306,-23.8864
708516,環球晶國票5C購01,2026-08-05,1.7,-0.5,-22.73,328000000,0,綠縮,是,,1.78,2.75,3.38,,-51.8878,-35.555,-7.0829
708517,世界富邦5B購02,2026-08-05,0.18,-0.02,-10.0,203000000,0,綠縮,否,,0.16,0.21,0.35,,-34.9206,-35.0,-23.5991
708519,營邦富邦61購01,2026-08-05,0.27,0.01,3.85,317000000,0,綠轉紅,否,,0.22,0.25,0.29,,-16.4179,-22.3975,-11.4286
708520,環球晶富邦5B購02,2026-08-05,0.9,-0.19,-17.43,55000000,0,綠縮,是,,0.91,1.33,1.59,,-47.8211,-32.4682,-5.7778
708521,環球晶富邦61購01,2026-08-05,1.29,0.0,0.0,125000000,0,綠縮,否,,1.1,1.52,1.75,,-43.75,-27.3117,-4.2466
708523,世界群益5B購08,2026-08-05,0.3,0.04,15.38,404000000,0,綠縮,否,,0.25,0.38,0.68,,-52.8736,-38.4615,-27.1612
708524,朋程群益5B購01,2026-08-05,0.71,0.06,9.23,10000000,0,綠增,否,,1.19,1.64,1.73,,-42.7063,-22.6157,-8.3311
708525,金山電群益5B購01,2026-08-05,2.51,-0.02,-0.79,181000000,0,綠縮,是,,2.2,4.55,5.88,,-68.1159,-39.2523,-10.4132
708528,臺慶科群益5B購01,2026-08-05,1.33,0.12,9.92,1000000,0,,否,,3.11,3.43,,,-17.0043,,
708529,德微群益5B購01,2026-08-05,1.45,0.1,7.41,1000000,0,,否,,1.69,3.27,,,-65.1153,-45.8051,
708530,營邦群益5B購01,2026-08-05,0.34,0.03,9.68,35000000,0,綠轉紅,否,,0.24,0.28,0.37,,-22.293,-31.2808,-15.6285
708531,營邦群益5B購02,2026-08-05,0.27,0.01,3.85,629000000,0,綠轉紅,否,,0.21,0.24,0.34,,-25.8993,-35.2941,-16.0
708532,環球晶群益5B購04,2026-08-05,1.41,-0.56,-28.43,640000000,0,,否,,1.49,,,,,,
708533,譜瑞群益5C購02,2026-08-05,0.8,0.16,25.0,1165000000,0,紅增,是,,0.73,0.88,1.08,,-27.7559,-22.8395,-17.4664
708534,中美晶凱基5B購02,2026-08-05,1.92,-0.23,-10.7,42000000,0,綠增,是,,2.29,2.64,2.11,,-23.498,9.9376,11.5862
708536,立碁凱基5C購01,2026-08-05,0.74,-0.08,-9.76,10000000,0,,否,,0.53,,,,,,
708537,朋程凱基5B購01,2026-08-05,0.71,0.07,10.94,10000000,0,,否,,0.61,1.21,1.49,,-66.5567,-33.4613,
708538,倚強凱基5B購01,2026-08-05,0.65,0.05,8.33,10000000,0,,否,,1.05,,,,,,
708541,臺慶科凱基5B購01,2026-08-05,0.91,0.2,28.17,2000000,0,,否,,1.27,2.76,3.27,,-70.2068,-34.0339,
708542,譜瑞凱基61購01,2026-08-05,0.5,0.11,28.21,145000000,0,紅增,否,,0.4,0.44,0.59,,-16.8067,-28.5246,-20.3263
708543,群聯永豐65購03,2026-08-05,0.4,0.03,8.11,1325000000,0,綠縮,是,,0.34,0.37,0.49,,-16.6667,-22.4066,-17.1141
708544,精材永豐63購01,2026-08-05,2.62,0.15,6.07,3000000,0,紅縮,否,,2.93,2.75,2.19,,14.0966,28.1585,22.623
708545,世界兆豐61購01,2026-08-05,0.51,0.09,21.43,10000000,0,,否,,0.7,0.93,0.79,,-39.2055,1.1957,
708546,譜瑞兆豐65購01,2026-08-05,0.87,0.11,14.47,4000000,0,紅增,否,,0.74,0.83,1.0,,-18.0617,-19.9612,-13.9957
708547,群聯群益67購01,2026-08-05,0.48,0.01,2.13,666000000,0,綠縮,是,,0.41,0.45,0.61,,-18.0,-21.6867,-17.2696
708549,廣穎群益61購01,2026-08-05,2.07,0.26,14.36,18000000,0,,否,,1.56,1.99,2.7,,-35.596,-36.3053,
708550,世界元大63購03,2026-08-05,1.27,0.23,22.12,4000000,0,,是,,1.14,1.34,1.32,,-26.0417,-14.1388,-1.2318
708551,新盛力元大61購02,2026-08-05,2.75,0.18,7.0,38000000,0,綠縮,是,,2.18,2.57,3.16,,-25.9661,-24.143,-10.2382
708552,群聯元大5C購01,2026-08-05,0.51,0.02,4.08,8000000,0,綠縮,否,,0.4,0.65,0.93,,-54.8098,-34.5106,-17.1352
708553,譜瑞元大5B購01,2026-08-05,0.77,0.16,26.23,733000000,0,紅增,是,,0.62,0.73,1.05,,-26.5403,-33.2726,-21.4581
708554,譜瑞元大5B購02,2026-08-05,0.82,0.17,26.15,434000000,0,紅增,是,,0.79,0.97,1.16,,-31.0646,-19.5345,-15.9074
708557,欣銓國泰5C購02,2026-08-05,0.95,0.12,14.46,134000000,0,綠增,是,,1.18,1.44,1.56,,-30.6604,-13.9605,-5.5218
708559,欣銓富邦5B購02,2026-08-05,0.25,0.03,13.64,193000000,0,綠縮,否,,0.24,0.3,0.41,,-34.0782,-34.1463,-15.186
708560,威剛富邦5B購01,2026-08-05,0.33,0.0,0.0,41000000,0,綠縮,否,,0.33,0.35,0.42,,-10.2151,-14.9398,-9.9576
708562,群聯富邦62購04,2026-08-05,0.31,0.01,3.33,419000000,0,綠縮,是,,0.27,0.3,0.42,,-18.7879,-26.7157,-18.1643
708563,中美晶國票5C購01,2026-08-05,1.01,-0.02,-1.94,42000000,0,綠增,否,,1.19,1.87,1.71,,-53.3333,-16.2562,0.0292
708566,立敦國票5B購01,2026-08-05,1.14,0.08,7.55,1000000,0,綠增,否,,1.52,2.47,3.31,,-55.3404,-36.5345,-13.5835
708568,宸曜國票5B購01,2026-08-05,0.72,0.23,46.94,41000000,0,綠轉紅,否,,0.54,0.59,0.62,,-16.7702,-10.061,-8.2902
708570,新漢國票5B購01,2026-08-05,0.49,0.1,25.64,50000000,0,綠縮,否,,0.36,0.39,0.6,,-14.6226,-33.5025,-12.2987
708571,群聯國票5C購01,2026-08-05,0.28,0.02,7.69,230000000,0,綠縮,否,,0.3,0.33,0.53,,-20.4301,-32.7968,-20.3019
708572,世界凱基5B購03,2026-08-05,0.6,0.09,17.65,310000000,0,綠縮,是,,0.69,0.79,1.09,,-20.7763,-28.9593,-2.8915
708574,創惟凱基5B購01,2026-08-05,0.46,0.03,6.98,10000000,0,綠縮,否,,0.38,0.45,0.64,,-25.7812,-33.2335,-18.6751
708576,閎康凱基5B購02,2026-08-05,0.01,-0.16,-94.12,53000000,0,,是,,0.33,0.44,0.57,,-40.5018,-22.2028,
708578,閎康凱基5B購04,2026-08-05,0.38,-0.02,-5.0,101000000,0,綠縮,是,,0.32,0.44,0.55,,-42.0863,-28.7338,-20.2772
708579,群聯凱基5B購04,2026-08-05,0.22,0.02,10.0,478000000,0,綠增,是,,0.31,0.47,0.65,,-51.1182,-35.0975,-14.5752
708580,群聯凱基5C購01,2026-08-05,0.18,0.02,12.5,20000000,0,綠縮,否,,0.15,0.19,0.33,,-33.9286,-39.4137,-29.2074
708581,群聯凱基61購03,2026-08-05,0.3,0.02,7.14,94000000,0,綠縮,是,,0.32,0.41,0.59,,-34.2857,-30.5983,-16.7376
708584,廣穎凱基5B購02,2026-08-05,1.6,0.25,18.52,48000000,0,綠縮,是,,1.45,1.85,2.57,,-35.4667,-27.9486,-20.9791
708587,閎康富邦62購01,2026-08-05,0.31,0.08,34.78,1000000,0,綠縮,否,,0.26,0.33,0.4,,-34.6535,-24.605,-15.49
708588,群聯富邦62購05,2026-08-05,0.17,0.02,13.33,1921000000,0,綠縮,否,,0.15,0.21,0.28,,-46.3235,-29.3919,-22.3738
708589,宏捷科兆豐65購01,2026-08-05,0.57,0.03,5.56,1117000000,0,綠轉紅,是,,0.44,0.5,0.69,,-21.8638,-25.2632,-21.9568
708590,群聯兆豐65購02,2026-08-05,0.55,0.03,5.77,1346000000,0,綠縮,是,,0.44,0.52,0.75,,-25.6757,-29.7003,-21.0
708591,精材兆豐61購01,2026-08-05,1.78,0.18,11.25,21000000,0,綠縮,是,,1.44,1.92,1.72,,-40.0,-7.8695,5.5983
708592,元太元大5B購02,2026-08-05,1.51,0.02,1.34,874000000,0,紅增,是,,1.31,1.31,1.48,,0.6144,-6.1782,-4.9438
708593,世禾元大5B購02,2026-08-05,0.39,0.0,0.0,3000000,0,綠縮,否,,0.39,0.48,0.53,,-30.605,-18.7713,-11.0092
708594,欣銓元大5B購02,2026-08-05,0.9,0.05,5.88,35000000,0,綠縮,是,,0.99,1.13,1.37,,-21.5531,-23.4014,-9.0335
708598,群聯元大5B購11,2026-08-05,0.29,0.02,7.41,42000000,0,綠轉紅,否,,0.22,0.26,0.42,,-25.3333,-31.7708,-25.5487
708599,群聯元大5B購12,2026-08-05,0.26,0.06,30.0,495000000,0,綠縮,是,,0.31,0.35,0.57,,-17.8947,-35.4478,-21.9713
708601,群聯元大5B購14,2026-08-05,0.4,0.02,5.26,1000000,0,綠縮,否,,0.38,0.44,0.68,,-22.5806,-31.1424,-15.6037
708602,群聯元大5C購02,2026-08-05,0.27,0.02,8.0,45000000,0,,否,,0.41,0.57,0.77,,-43.4426,-24.3065,
708603,群聯元大61購06,2026-08-05,0.54,0.04,8.0,16000000,0,綠縮,否,,0.53,0.59,0.88,,-17.4455,-35.0333,-14.0265
708604,群聯元大63購03,2026-08-05,0.32,0.0,0.0,170000000,0,綠縮,否,,0.26,0.29,0.39,,-20.3704,-20.4918,-18.9529
708605,精材元大61購07,2026-08-05,3.85,0.29,8.15,156000000,0,綠縮,是,,3.29,3.94,3.66,,-28.2723,-7.3228,7.3031
708606,譜瑞元大5B購03,2026-08-05,0.31,0.05,19.23,562000000,0,紅增,是,,0.28,0.31,0.46,,-20.1149,-34.2437,-23.3333
708607,中美晶永豐65購01,2026-08-05,1.05,0.09,9.37,5000000,0,綠增,否,,1.51,1.76,1.52,,-24.3756,0.6873,11.6416
708610,新盛力永豐63購01,2026-08-05,0.84,0.04,5.0,1034000000,0,綠縮,是,,0.7,0.84,1.16,,-28.5132,-31.5447,-17.4564
708612,群聯永豐5C購04,2026-08-05,0.2,0.0,0.0,3000000,0,綠縮,否,,0.18,0.21,0.32,,-26.6129,-30.8682,-22.3171
708613,精材永豐64購01,2026-08-05,1.61,0.13,8.78,101000000,0,紅縮,否,,2.33,2.2,1.8,,12.5362,23.4043,25.6276
708614,德微永豐63購01,2026-08-05,1.19,0.15,14.42,31000000,0,,是,,1.87,1.95,,,-8.619,-9.9954,
708615,元太群益5B購03,2026-08-05,1.05,-0.04,-3.67,65000000,0,紅增,否,,0.95,1.0,1.24,,-7.9151,-11.7125,-8.7803
708616,方土昶群益5B購02,2026-08-05,1.05,0.49,87.5,6000000,0,綠縮,是,,0.61,0.85,1.27,,-43.6229,-35.2716,-21.2911
708618,家登群益5B購03,2026-08-05,0.2,0.04,25.0,1000000,0,綠縮,否,,0.12,0.18,0.27,,-50.0,-35.3357,-22.4113
708619,閎康群益61購01,2026-08-05,0.43,-0.07,-14.0,6000000,0,,否,,0.42,0.51,,,-29.6296,-16.2252,
708620,陽程群益5B購02,2026-08-05,0.9,0.09,11.11,825000000,0,綠縮,是,,0.67,0.88,1.3,,-39.1621,-37.4646,-16.0905
708623,群聯群益5B購05,2026-08-05,0.24,0.04,20.0,1000000,0,綠縮,否,,0.19,0.3,0.52,,-53.4314,-44.0075,-21.1246
708624,群聯群益61購04,2026-08-05,0.25,0.03,13.64,20000000,0,綠縮,否,,0.23,0.26,0.38,,-22.069,-30.6452,-17.2149
708626,精材群益5B購04,2026-08-05,4.83,0.4,9.03,1000000,0,紅縮,否,,7.56,7.16,5.8,,11.7751,23.7552,29.1059
708627,廣穎群益5B購02,2026-08-05,2.03,0.13,6.84,1257000000,0,綠縮,是,,1.59,1.82,2.83,,-22.0372,-31.5631,-24.0408
708628,譜瑞群益5B購02,2026-08-05,0.36,0.08,28.57,114000000,0,紅增,否,,0.35,0.43,0.56,,-31.1284,-24.1259,-18.3792
708629,元太凱基5B購04,2026-08-05,0.66,-0.02,-2.94,221000000,0,紅增,否,,0.62,0.63,0.82,,-4.9231,-13.2695,-10.9358
708630,元太凱基5B購05,2026-08-05,0.8,-0.04,-4.76,409000000,0,紅增,是,,0.72,0.74,0.9,,-4.9869,-10.3739,-8.8742
708632,順達凱基5B購03,2026-08-05,0.31,-0.02,-6.06,10000000,0,綠縮,否,,0.42,0.8,1.05,,-63.6986,-29.9296,-11.5011
708634,譜瑞凱基5B購03,2026-08-05,0.41,0.09,28.13,11000000,0,紅增,否,,0.38,0.45,0.53,,-27.2031,-18.2971,-14.7882
708635,譜瑞凱基5B購04,2026-08-05,0.25,0.07,38.89,65000000,0,紅增,是,,0.2,0.23,0.34,,-21.7054,-32.1534,-22.248
708636,中美晶元大63購02,2026-08-05,2.0,-0.12,-5.66,20000000,0,綠縮,否,,2.01,2.79,2.91,,-43.571,-22.3955,2.4283
708638,威剛元大5B購08,2026-08-05,0.79,0.02,2.6,174000000,0,綠轉紅,是,,0.77,0.76,0.89,,3.4759,-12.4281,-10.6266
708641,精材元大5B購12,2026-08-05,4.04,0.22,5.76,74000000,0,,是,,4.38,4.79,3.87,,-15.5949,9.8143,16.9159
708642,優群元大5B購01,2026-08-05,0.32,0.03,10.34,817000000,0,綠縮,是,,0.37,0.51,0.71,,-43.5583,-33.2461,-13.4474
708643,譜瑞元大5B購04,2026-08-05,0.47,0.09,23.68,228000000,0,紅增,否,,0.42,0.48,0.64,,-22.1402,-28.8035,-19.474
708644,譜瑞元大5B購05,2026-08-05,0.33,0.08,32.0,403000000,0,紅增,是,,0.26,0.31,0.43,,-26.9663,-32.4561,-21.949
708645,譜瑞元大5B購06,2026-08-05,0.6,0.1,20.0,842000000,0,紅增,是,,0.59,0.64,0.79,,-14.7399,-18.6548,-15.8177
708646,譜瑞元大5B購07,2026-08-05,0.25,0.04,19.05,87000000,0,紅增,是,,0.26,0.3,0.4,,-22.3529,-25.4321,-18.4049
708648,沛亨永豐5C購01,2026-08-05,0.23,0.06,35.29,5000000,0,綠縮,否,,0.17,0.3,0.58,,-59.7156,-51.5548,-20.8049
708649,金益鼎永豐5C購01,2026-08-05,0.51,0.0,0.0,28000000,0,綠縮,否,,0.54,0.62,0.82,,-22.7273,-22.963,-20.068
708650,廣穎永豐61購01,2026-08-05,0.82,0.05,6.49,574000000,0,綠縮,否,,0.65,0.71,0.93,,-15.5039,-22.7273,-18.9225
708651,中美晶富邦5B購01,2026-08-05,1.15,0.31,36.9,1000000,0,綠縮,否,,1.09,1.67,1.53,,-51.6874,-15.6991,1.727
708653,元太富邦62購02,2026-08-05,0.85,-0.02,-2.3,576000000,0,紅增,是,,0.81,0.79,0.88,,4.1344,-3.6585,-3.3461
708655,新盛力富邦62購01,2026-08-05,0.66,0.02,3.12,1824000000,0,綠縮,是,,0.54,0.68,0.97,,-32.6733,-34.9374,-18.5576
708656,元太群益5B購04,2026-08-05,1.05,0.07,7.14,13000000,0,,否,,1.27,1.35,1.43,,-11.4685,-3.7143,
708657,閎康群益5B購04,2026-08-05,0.14,0.05,55.56,10000000,0,綠縮,否,,0.1,0.19,0.27,,-64.0845,-35.2349,-20.9131
708658,廣穎群益61購02,2026-08-05,1.2,0.09,8.11,163000000,0,綠縮,是,,0.95,1.1,1.48,,-23.1018,-25.1026,-22.105
708659,元太群益5B購05,2026-08-05,0.62,0.02,3.33,100000000,0,綠縮,否,,0.53,0.71,0.81,,-41.3333,-21.6246,-18.2915
708660,臺慶科群益5B購02,2026-08-05,0.54,0.05,10.2,71000000,0,綠縮,是,,0.52,0.84,1.72,,-55.3082,-53.2633,-20.8993
708661,元太元大5B購03,2026-08-05,0.43,-0.02,-4.44,813000000,0,紅增,否,,0.41,0.41,0.51,,3.0,-12.1212,-9.034
708662,元太元大5B購04,2026-08-05,0.56,0.03,5.66,549000000,0,紅增,否,,0.48,0.47,0.58,,7.0796,-13.9706,-7.8323
708663,元太元大5B購05,2026-08-05,0.77,0.05,6.94,303000000,0,綠轉紅,否,,0.67,0.67,0.81,,1.506,-13.2296,-6.4405
708664,元太元大5B購06,2026-08-05,0.52,0.05,10.64,183000000,0,綠轉紅,否,,0.42,0.44,0.58,,-6.6372,-25.9322,-13.1381
708665,元太元大5B購07,2026-08-05,0.98,0.03,3.16,315000000,0,紅增,否,,0.85,0.81,0.95,,12.3684,-8.3995,-5.5087
708666,元太元大5B購08,2026-08-05,0.35,0.08,29.63,602000000,0,紅增,是,,0.31,0.3,0.38,,4.7945,-18.5286,-9.6812
708667,元太元大5B購09,2026-08-05,0.38,0.01,2.7,489000000,0,紅增,是,,0.36,0.38,0.47,,-10.396,-20.5394,-8.9768
708668,元太元大5B購10,2026-08-05,1.08,0.1,10.2,310000000,0,紅增,否,,0.91,0.89,1.04,,6.2937,-15.1486,-7.2133
708669,博盛元大5B購01,2026-08-05,0.75,0.06,8.7,61000000,0,綠縮,是,,0.61,0.95,1.56,,-52.6316,-48.9544,-7.6537
708670,陽程元大63購02,2026-08-05,0.78,0.12,18.18,20000000,0,綠縮,否,,0.61,0.72,0.88,,-25.1834,-24.2585,-12.4131
708671,新盛力元大5B購03,2026-08-05,1.16,0.05,4.5,415000000,0,綠縮,否,,0.94,1.12,1.44,,-28.3969,-26.1012,-15.5993
708673,元太永豐61購01,2026-08-05,0.6,0.02,3.45,336000000,0,,是,,0.58,0.68,0.75,,-26.5823,-8.0537,
708674,威剛永豐67購01,2026-08-05,0.93,0.05,5.68,31000000,0,紅增,否,,0.89,0.86,0.92,,6.9544,-4.7461,-4.4722
708675,智通*永豐61購01,2026-08-05,0.85,0.07,8.97,180000000,0,綠增,是,,1.08,1.31,1.28,,-29.0576,-5.9078,-1.196
708677,新漢永豐5C購01,2026-08-05,0.52,0.08,18.18,3000000,0,,否,,0.47,0.6,0.73,,-36.3144,-20.5263,
708678,臺慶科永豐5C購01,2026-08-05,0.55,0.07,14.58,184000000,0,綠縮,否,,0.52,0.64,1.21,,-32.1053,-45.7021,-21.9041
708680,中美晶凱基5B購03,2026-08-05,2.04,0.2,10.87,48000000,0,,否,,2.28,2.08,,,21.0191,18.0272,
708682,威剛凱基5B購07,2026-08-05,0.49,0.01,2.08,532000000,0,紅增,是,,0.5,0.47,0.57,,14.1553,-15.0362,-11.6833
708684,陽程凱基5B購01,2026-08-05,0.36,0.12,50.0,329000000,0,綠轉紅,否,,0.24,0.33,0.51,,-40.1961,-40.0735,-19.2429
708685,新盛力凱基5B購03,2026-08-05,0.54,0.09,20.0,6000000,0,綠縮,否,,0.43,0.57,0.95,,-39.2045,-43.3433,-23.4563
708686,新盛力凱基61購02,2026-08-05,0.73,0.06,8.96,1000000,0,,否,,0.71,0.83,1.26,,-25.4737,-35.3354,-10.1387
708692,元太台新5B購01,2026-08-05,1.14,0.13,12.87,18000000,0,紅增,是,,0.91,0.83,1.03,,22.1925,-16.1453,-19.7733
708693,方土昶台新5B購01,2026-08-05,1.96,0.41,26.45,150000000,0,,是,,1.19,1.59,2.28,,-40.2414,-36.7331,
708698,順達台新5B購03,2026-08-05,0.82,0.14,20.59,20000000,0,綠增,是,,1.17,1.57,1.78,,-40.8493,-20.8648,-5.3932
708699,臺慶科台新5B購02,2026-08-05,1.92,0.1,5.49,64000000,0,綠縮,否,,1.68,2.06,4.01,,-31.0911,-44.591,-21.4475
708701,元太國泰5C購01,2026-08-05,1.12,0.08,7.69,152000000,0,綠轉紅,否,,1.01,0.98,1.13,,5.8577,-10.7888,-5.7724
708702,元太國泰5C購02,2026-08-05,0.83,-0.02,-2.35,115000000,0,紅增,是,,0.77,0.77,0.92,,-1.2887,-13.565,-5.7673
708704,台半富邦62購01,2026-08-05,0.58,0.07,13.73,935000000,0,綠縮,是,,0.44,0.58,1.08,,-37.8151,-51.1392,-21.766
708705,華景電富邦5B購01,2026-08-05,0.23,0.03,15.0,40000000,0,綠縮,否,,0.22,0.29,0.42,,-41.3043,-36.105,-17.3955
708706,新盛力富邦61購04,2026-08-05,0.56,0.02,3.7,509000000,0,綠縮,否,,0.46,0.58,0.83,,-32.5581,-34.1714,-18.7408
708708,雙鴻富邦61購01,2026-08-05,0.54,0.05,10.2,10000000,0,綠轉紅,否,,0.44,0.44,0.52,,0.9217,-12.0968,-19.5234
708710,元太國票5C購02,2026-08-05,0.54,0.04,8.0,10000000,0,紅增,否,,0.45,0.45,0.56,,-2.6201,-18.1159,-5.7432
708711,光頡國票5B購01,2026-08-05,1.92,0.37,23.87,220000000,0,,是,,2.09,4.15,,,-66.2367,,
708712,光頡國票5B購02,2026-08-05,3.89,0.19,5.14,1000000,0,綠縮,否,,2.91,3.74,6.82,,-36.3239,-51.2386,-9.639
708713,朋程國票5B購01,2026-08-05,0.52,0.07,15.56,1000000,0,綠增,否,,0.65,1.21,1.39,,-62.9124,-32.6063,-11.6449
708715,新盛力國票5B購02,2026-08-05,0.69,0.07,11.29,348000000,0,綠縮,是,,0.52,0.66,1.1,,-35.8911,-43.6703,-23.4581
708718,台半台新5B購02,2026-08-05,2.64,0.19,7.76,219000000,0,,是,,1.98,2.52,3.91,,-35.5932,-46.8269,
708720,光頡凱基5B購01,2026-08-05,0.56,-0.2,-26.32,10000000,0,,是,,1.46,3.0,3.4,,-67.7263,-30.4065,
708721,陽程凱基61購01,2026-08-05,0.22,-0.14,-38.89,109000000,0,綠增,否,,0.3,0.4,0.56,,-41.5686,-34.4156,-16.5049
708722,陽程凱基63購02,2026-08-05,0.2,-0.11,-35.48,10000000,0,綠縮,否,,0.26,0.36,0.48,,-43.913,-33.2714,-18.3656
708723,勤凱凱基5B購01,2026-08-05,0.2,0.03,17.65,60000000,0,綠縮,否,,0.22,0.34,0.67,,-53.2468,-50.8696,-36.8969
708724,臺慶科凱基5B購02,2026-08-05,0.39,0.13,50.0,385000000,0,綠縮,是,,0.45,1.11,1.64,,-74.4054,-44.2153,-17.6308
708725,擎亞凱基5B購02,2026-08-05,1.88,0.21,12.57,2000000,0,綠增,否,,3.4,3.48,3.27,,-4.8739,1.25,9.0167
708726,擎亞凱基5B購03,2026-08-05,2.5,0.25,11.11,2000000,0,綠縮,否,,2.33,2.9,3.14,,-32.5043,-16.5658,0.3193
708728,威剛元大5B購09,2026-08-05,0.69,0.02,2.99,38000000,0,綠縮,否,,0.66,0.68,0.82,,-6.8182,-16.6667,-10.4834
708730,閎康元大5B購02,2026-08-05,0.44,-0.07,-13.73,96000000,0,綠轉紅,否,,0.31,0.32,0.5,,-9.4118,-34.2799,-18.2193
708731,陽程元大5B購01,2026-08-05,0.46,0.12,35.29,261000000,0,綠縮,否,,0.34,0.42,0.57,,-31.2,-29.7837,-14.1882
708734,勤凱元大5B購01,2026-08-05,0.7,0.14,25.0,68000000,0,綠縮,否,,0.59,1.29,2.09,,-70.3927,-41.8962,-28.9438
708735,勤凱元大5B購02,2026-08-05,0.65,0.07,12.07,504000000,0,綠縮,是,,0.51,0.83,1.59,,-56.3793,-48.6753,-27.8144
708737,群翊元大5B購02,2026-08-05,0.43,0.07,19.44,528000000,0,,是,,0.49,0.58,0.73,,-26.506,-26.0591,-23.5943
708741,擎亞元大5B購04,2026-08-05,1.09,-0.27,-19.85,72000000,0,綠縮,是,,1.06,1.57,1.67,,-48.6957,-23.8697,-5.2796
708742,尼克森永豐5C購01,2026-08-05,0.43,0.04,10.26,88000000,0,綠增,否,,0.75,1.1,1.15,,-48.5517,-17.6294,-2.5106
708744,翔名永豐5C購01,2026-08-05,0.61,0.07,12.96,26000000,0,,否,,0.71,0.87,,,-30.6641,-22.5201,
708747,臺慶科永豐65購01,2026-08-05,0.69,0.04,6.15,449000000,0,綠縮,否,,0.6,0.73,1.12,,-30.2326,-34.9955,-17.6018
708748,擎亞永豐5C購01,2026-08-05,1.79,0.22,14.01,2000000,0,綠縮,否,,1.38,2.16,2.25,,-53.2926,-25.2249,-8.7203
708749,擎亞永豐61購01,2026-08-05,1.73,0.37,27.21,120000000,0,,是,,1.6,1.82,1.7,,-21.4706,3.3485,
708750,雙鴻永豐65購01,2026-08-05,0.87,0.05,6.1,15000000,0,綠轉紅,否,,0.81,0.78,0.91,,6.8783,-11.1364,-10.6425
708755,中美晶群益5B購03,2026-08-05,2.44,-0.29,-10.62,605000000,0,綠縮,否,,2.48,4.15,4.26,,-57.4957,-25.2071,-5.1905
708757,威剛群益61購02,2026-08-05,1.5,0.2,15.38,1000000,0,紅增,否,,1.27,1.11,1.24,,33.1237,-3.1359,-6.1077
708758,陽程群益5B購03,2026-08-05,0.25,0.04,19.05,40000000,0,綠增,否,,0.31,0.4,0.49,,-36.3636,-22.3529,-22.8278
708760,精材群益5B購06,2026-08-05,2.06,0.03,1.48,60000000,0,綠增,是,,2.72,3.05,2.67,,-19.4083,4.5205,15.1411
708762,大中國票5B購01,2026-08-05,0.9,0.07,8.43,38000000,0,綠縮,否,,0.94,1.24,2.19,,-38.3007,-51.1839,-13.2661
708767,威剛國票5C購03,2026-08-05,0.66,0.05,8.2,15000000,0,,否,,0.8,0.88,,,-17.7686,-15.3551,
708769,家碩國票5C購01,2026-08-05,0.3,0.03,11.11,10000000,0,,否,,0.34,0.45,,,-38.0435,-21.7163,
708772,博盛國票5C購02,2026-08-05,0.43,0.1,30.3,25000000,0,綠縮,否,,0.43,0.55,0.9,,-36.7647,-42.3676,-5.6782
708773,陽程國票5B購01,2026-08-05,0.36,0.1,38.46,104000000,0,綠縮,是,,0.28,0.38,0.51,,-42.7386,-31.4647,-18.9984
708774,新鉅科國票5C購01,2026-08-05,0.58,-0.01,-1.69,20000000,0,綠縮,否,,0.58,0.64,0.91,,-18.0791,-24.0566,-14.3868
708775,聖暉*國票5C購01,2026-08-05,0.64,0.03,4.92,16000000,0,綠縮,否,,0.82,1.02,1.3,,-31.9536,-30.622,-6.3876
708777,精材國票5C購02,2026-08-05,1.28,0.02,1.59,161000000,0,綠縮,是,,1.23,1.78,1.71,,-47.4722,-17.5926,5.3412
708779,廣閎科國票5C購01,2026-08-05,1.03,0.22,27.16,5000000,0,綠縮,否,,0.94,1.15,1.85,,-31.0751,-42.6213,-14.6179
708784,光頡凱基5B購02,2026-08-05,0.7,0.05,7.69,39000000,0,綠縮,是,,0.67,2.14,3.89,,-81.6022,-60.3515,-14.2873
708786,沛亨凱基5B購02,2026-08-05,0.26,0.04,18.18,10000000,0,綠縮,否,,0.25,0.52,1.03,,-67.4359,-57.899,-22.8979
708787,群翊凱基5B購01,2026-08-05,0.47,0.07,17.5,11000000,0,綠縮,否,,0.49,0.56,0.65,,-23.75,-21.1189,-17.1865
708789,精材凱基5B購06,2026-08-05,1.05,0.13,14.13,1000000,0,綠縮,否,,0.95,1.49,1.42,,-53.2875,-18.4397,0.0352
708791,精材凱基5C購02,2026-08-05,1.43,0.3,26.55,12000000,0,,否,,1.45,1.68,1.39,,-23.954,7.1975,13.017
708793,德微凱基5B購01,2026-08-05,1.26,0.13,11.5,21000000,0,,是,,1.06,2.05,2.29,,-64.8845,-23.1895,
708794,世界中信5B購02,2026-08-05,0.24,0.01,4.35,1195000000,0,綠縮,否,,0.24,0.31,0.49,,-37.1728,-31.0421,-20.5335
708796,茂綸永豐61購01,2026-08-05,0.6,0.06,11.11,131000000,0,綠縮,是,,0.48,0.57,0.68,,-27.6596,-14.0909,-15.4039
708797,神準永豐5C購01,2026-08-05,0.55,0.02,3.77,472000000,0,綠縮,是,,0.54,0.61,0.7,,-19.8813,-18.414,-9.4194
708798,精材永豐65購01,2026-08-05,1.28,0.27,26.73,50000000,0,紅縮,是,,1.45,1.33,1.11,,19.2751,21.6636,23.8814
708799,台半元大5B購01,2026-08-05,2.48,0.2,8.77,112000000,0,,是,,1.95,2.4,,,-31.4125,-13.8909,
708800,光頡元大5B購01,2026-08-05,1.21,0.23,23.47,10000000,0,,否,,3.39,3.48,,,-5.2602,12.4394,
708802,聖暉*元大5B購03,2026-08-05,0.93,0.12,14.81,143000000,0,,是,,1.09,1.25,1.09,,-22.6174,0.2412,
708803,聖暉*元大5B購04,2026-08-05,0.74,0.05,7.25,252000000,0,綠縮,是,,0.95,1.18,1.6,,-32.2397,-34.3017,-3.304
708804,雷科元大5B購01,2026-08-05,2.26,0.05,2.26,86000000,0,綠增,是,,3.9,5.32,5.93,,-42.2815,-27.4301,-6.294
708805,精材元大5B購13,2026-08-05,1.99,0.47,30.92,10000000,0,綠縮,否,,2.09,2.52,2.24,,-28.8723,-2.0987,9.4657
708806,精材元大5B購14,2026-08-05,2.79,0.34,13.88,21000000,0,紅縮,否,,2.81,2.73,2.08,,5.8735,28.2364,24.4231
708807,精材元大5B購15,2026-08-05,2.19,0.23,11.73,40000000,0,綠增,否,,3.01,3.0,2.46,,0.8032,18.624,25.0954
708808,精材元大5B購16,2026-08-05,2.65,0.5,23.26,20000000,0,,是,,2.27,2.74,1.97,,-28.9819,21.5808,
708809,精材元大5B購17,2026-08-05,2.64,0.33,14.29,2000000,0,,否,,2.59,2.66,2.21,,-5.0661,14.6373,19.9187
708810,精材元大63購03,2026-08-05,1.16,0.18,18.37,2000000,0,綠增,否,,1.49,1.55,1.29,,-7.4349,15.1111,19.4547
708812,世界台新5B購04,2026-08-05,1.15,0.12,11.65,173000000,0,綠縮,否,,0.91,1.3,2.14,,-46.1085,-33.0769,-17.8804
708817,聖暉*台新5B購03,2026-08-05,0.74,0.19,34.55,14000000,0,,否,,1.16,1.05,,,22.6216,,
708818,榮剛台新5B購01,2026-08-05,0.78,0.05,6.85,10000000,0,綠縮,否,,0.89,0.98,1.13,,-16.5103,-9.9448,-13.4409
708819,精材台新5B購04,2026-08-05,2.35,0.07,3.07,8000000,0,,否,,4.12,3.53,2.61,,40.1361,40.3579,29.144
708824,伍豐國票5C購01,2026-08-05,0.4,0.03,8.11,10000000,0,綠縮,否,,0.4,0.43,0.55,,-14.1026,-25.0,-14.6512
708825,光頡國票5B購03,2026-08-05,1.25,0.57,83.82,110000000,0,,是,,1.05,3.1,3.42,,-79.5799,-33.605,
708826,翔名國票5C購02,2026-08-05,0.6,0.06,11.11,276000000,0,綠縮,是,,0.61,0.79,0.99,,-37.3967,-29.3537,-11.9965
708827,聖暉*兆豐61購01,2026-08-05,0.6,0.07,13.21,2000000,0,綠縮,否,,0.68,0.84,1.1,,-31.7365,-26.9497,-12.9416
708828,立敦群益5B購01,2026-08-05,0.59,0.06,11.32,17000000,0,綠縮,否,,0.51,0.79,1.35,,-52.3364,-42.8365,-23.855
708830,金益鼎群益5B購01,2026-08-05,0.21,0.04,23.53,509000000,0,綠增,是,,0.34,0.42,0.6,,-32.1285,-26.5378,-21.9464
708831,茂綸群益5C購01,2026-08-05,0.5,0.11,28.21,36000000,0,綠轉紅,否,,0.4,0.39,0.52,,2.5773,-23.8372,-17.6609
708832,翔名群益5B購01,2026-08-05,0.44,0.03,7.32,209000000,0,綠縮,是,,0.45,0.65,0.86,,-46.1905,-34.2159,-13.6136
708838,臺慶科國泰5C購01,2026-08-05,1.26,0.2,18.87,9000000,0,綠縮,否,,1.69,2.55,3.45,,-50.323,-32.4589,-12.4047
708839,萬泰科富邦63購01,2026-08-05,0.36,0.02,5.88,45000000,0,綠縮,否,,0.36,0.4,0.53,,-19.457,-28.4946,-11.1484
708840,中美晶元大5B購04,2026-08-05,2.18,-0.09,-3.96,235000000,0,綠增,是,,2.29,2.81,2.44,,-31.3737,3.4978,9.8471
708841,台半元大5B購02,2026-08-05,2.3,0.3,15.0,5000000,0,綠縮,否,,1.83,3.1,3.75,,-58.1693,-29.0034,-1.0297
708843,威剛元大5B購10,2026-08-05,1.7,-0.01,-0.58,1162000000,0,紅增,否,,1.66,1.6,1.83,,8.2031,-10.3197,-7.853
708844,威剛元大5B購11,2026-08-05,0.91,0.05,5.81,868000000,0,紅增,是,,0.86,0.81,0.92,,13.7931,-8.8235,-6.8931
708845,翔名元大5B購01,2026-08-05,0.45,0.05,12.5,10000000,0,綠縮,否,,0.45,0.61,0.92,,-42.5641,-37.4745,-15.8548
708846,順達元大5B購05,2026-08-05,0.99,0.05,5.32,10000000,0,,否,,2.11,2.4,2.52,,-21.8519,-9.0049,-8.0066
708847,新盛力元大5B購04,2026-08-05,1.42,0.13,10.08,2000000,0,綠縮,否,,1.11,1.55,2.16,,-43.8384,-35.3138,-17.1111
708849,擎亞元大5B購05,2026-08-05,1.07,0.13,13.83,5000000,0,綠縮,否,,1.04,1.4,1.65,,-41.2032,-24.704,-2.0821
708850,擎亞元大5B購06,2026-08-05,1.35,0.37,37.76,40000000,0,綠縮,是,,1.25,1.62,1.52,,-37.3119,-12.0867,-1.365
708852,台半凱基5B購01,2026-08-05,0.91,0.06,7.06,50000000,0,,是,,2.76,2.91,,,-9.5082,2.1808,
708857,翔名凱基5B購01,2026-08-05,0.33,0.02,6.45,141000000,0,綠縮,否,,0.3,0.48,0.71,,-55.6886,-39.8252,-17.7907
708860,立敦台新5B購02,2026-08-05,1.06,0.38,55.88,27000000,0,,是,,1.04,2.48,2.98,,-73.5099,-34.2077,-15.9577
708861,沛亨台新5B購01,2026-08-05,0.67,0.15,28.85,2000000,0,,是,,0.46,1.38,,,-80.1567,-50.521,
708865,新盛力台新5B購02,2026-08-05,1.18,0.12,11.32,35000000,0,,是,,0.92,1.23,,,-40.6736,,
708866,新盛力台新5B購03,2026-08-05,1.44,0.15,11.63,220000000,0,綠縮,是,,1.1,1.42,2.08,,-37.2279,-35.9621,-17.5713
708869,中美晶中信5B購01,2026-08-05,1.05,-0.08,-7.08,671000000,0,綠縮,是,,1.0,1.71,1.87,,-58.843,-30.5126,-4.0513
708870,光頡中信5B購01,2026-08-05,0.56,-0.09,-13.85,20000000,0,綠縮,否,,0.41,0.56,1.36,,-41.7614,-55.8987,-30.8902
708871,威剛中信65購01,2026-08-05,0.5,0.01,2.04,20000000,0,綠轉紅,是,,0.48,0.48,0.52,,1.2552,-5.6863,-4.2009
708872,台半永豐61購01,2026-08-05,1.13,0.05,4.63,618000000,0,,是,,1.6,2.07,,,-37.3626,-2.0794,
708875,千如國票5C購01,2026-08-05,0.56,-0.01,-1.75,341000000,0,綠縮,是,,0.45,0.63,1.34,,-43.6409,-48.4375,-26.4456
708876,台半國票5C購02,2026-08-05,1.32,0.22,20.0,93000000,0,,是,,1.79,2.12,2.01,,-26.9388,6.9627,
708878,光頡國票5C購01,2026-08-05,1.35,0.28,26.17,65000000,0,綠縮,是,,0.96,2.18,3.34,,-71.6804,-52.5836,-12.87
708880,亞通國票5B購01,2026-08-05,0.8,0.24,42.86,22000000,0,綠縮,是,,0.58,0.63,0.73,,-16.035,-18.8946,-5.1432
708882,能率國票5C購01,2026-08-05,0.96,0.4,71.43,64000000,0,綠縮,否,,0.58,0.69,0.84,,-28.1796,-25.594,-8.1733
708883,晶焱國票5B購01,2026-08-05,0.38,0.04,11.76,20000000,0,綠縮,否,,0.34,0.49,0.76,,-47.8395,-39.9513,-20.5852
708885,翔名國票5C購03,2026-08-05,0.47,0.06,14.63,30000000,0,綠增,否,,0.69,0.83,0.88,,-29.4479,-12.9436,-0.9594
708886,雅特力國票5C購01,2026-08-05,1.9,0.08,4.4,46000000,0,綠縮,否,,1.78,2.58,2.22,,-47.5516,-11.2333,5.9498
708887,萬泰科國票5C購01,2026-08-05,0.46,0.04,9.52,10000000,0,綠增,否,,0.56,0.68,0.86,,-29.397,-27.5347,-10.6583
708888,雷科國票5B購02,2026-08-05,1.29,0.17,15.18,1000000,0,綠縮,否,,1.12,1.78,2.68,,-54.1427,-38.9633,-23.1464
708889,德微國票5C購01,2026-08-05,1.03,0.12,13.19,10000000,0,綠縮,否,,0.81,1.19,2.35,,-48.4694,-56.3556,-20.1189
708890,擎亞國票5B購02,2026-08-05,1.6,0.28,21.21,130000000,0,綠縮,是,,1.62,1.96,2.33,,-29.5909,-24.9808,-0.6402
708892,世界群益62購02,2026-08-05,0.59,0.09,18.0,155000000,0,綠縮,是,,0.57,0.67,0.91,,-25.7143,-21.0588,-10.7353
708893,立碁群益5B購01,2026-08-05,1.61,0.3,22.9,121000000,0,,是,,1.09,1.29,,,-26.6846,,
708894,光頡群益5B購02,2026-08-05,2.36,-0.1,-4.07,39000000,0,綠縮,是,,1.36,1.9,4.22,,-44.2071,-56.7321,-12.8422
708896,擎亞群益5C購01,2026-08-05,0.93,0.15,19.23,9000000,0,綠縮,否,,0.83,1.25,1.36,,-49.9398,-20.4719,-2.724
708897,雷科國泰61購01,2026-08-05,2.99,0.22,7.94,1000000,0,,否,,3.46,5.09,5.41,,-48.6478,-16.9168,
708899,凡甲統一65購01,2026-08-05,0.35,0.0,0.0,40000000,0,,否,,0.4,0.43,,,-12.2807,-24.1135,
708902,大中統一63購01,2026-08-05,0.88,0.06,7.32,146000000,0,綠縮,是,,0.73,1.03,1.46,,-44.9472,-40.0233,-4.2323
708903,大中統一65購01,2026-08-05,0.76,0.05,7.04,89000000,0,綠縮,是,,0.64,0.8,1.24,,-33.8877,-37.6269,-14.1477
708904,世界統一64購02,2026-08-05,0.61,0.03,5.17,390000000,0,綠縮,否,,0.55,0.63,0.83,,-22.2535,-19.7201,-7.3252
708905,世界統一65購01,2026-08-05,0.49,0.03,6.52,70000000,0,綠縮,是,,0.5,0.56,0.7,,-21.519,-16.0714,-12.3288
708906,世界統一65購02,2026-08-05,0.48,0.04,9.09,31000000,0,綠縮,否,,0.5,0.56,0.68,,-17.9153,-20.1429,-2.1536
708907,尼克森統一63購01,2026-08-05,0.48,0.07,17.07,1000000,0,綠縮,否,,0.56,0.8,0.99,,-46.5517,-29.9825,-4.7985
708908,立敦統一63購01,2026-08-05,0.66,0.08,13.79,21000000,0,綠縮,是,,0.63,1.06,1.32,,-58.0774,-34.1796,-10.9496
708909,立敦統一65購01,2026-08-05,0.64,0.04,6.67,15000000,0,綠縮,否,,0.72,0.9,1.15,,-32.5885,-26.1905,-11.922
708912,光頡統一63購01,2026-08-05,0.93,-0.27,-22.5,6000000,0,,是,,1.96,2.68,2.31,,-42.6056,-4.8261,
708913,光頡統一65購01,2026-08-05,0.59,0.19,47.5,101000000,0,綠縮,否,,0.37,0.58,1.22,,-52.3077,-51.96,-28.9673
708914,光頡統一65購02,2026-08-05,0.47,0.02,4.44,239000000,0,,否,,0.52,0.74,0.94,,-47.0226,-29.717,
708916,艾訊統一65購01,2026-08-05,0.37,0.05,15.62,2418000000,0,綠縮,是,,0.37,0.4,0.43,,-13.0233,-8.8435,-5.9276
708917,邑錡統一65購01,2026-08-05,0.53,0.02,3.92,554000000,0,綠縮,是,,0.51,0.57,0.66,,-19.6203,-20.1681,-0.7513
708918,亞通統一65購01,2026-08-05,0.58,0.03,5.45,94000000,0,,是,,0.53,0.58,0.58,,-16.7192,-8.0696,
708919,欣銓統一63購01,2026-08-05,0.5,0.1,25.0,405000000,0,綠縮,否,,0.43,0.54,0.65,,-33.5385,-21.2518,-8.0199
708920,欣銓統一65購02,2026-08-05,0.48,0.03,6.67,337000000,0,綠縮,是,,0.41,0.48,0.57,,-24.7232,-19.4915,-10.7171
708921,欣銓統一67購01,2026-08-05,0.86,0.09,11.69,10000000,0,綠縮,否,,0.71,0.84,1.03,,-26.4033,-21.152,-10.3043
708923,威剛統一64購02,2026-08-05,0.56,0.01,1.82,100000000,0,紅增,否,,0.53,0.5,0.58,,10.9244,-8.8929,-7.8696
708925,威剛統一65購02,2026-08-05,0.7,0.01,1.45,50000000,0,紅增,否,,0.69,0.67,0.72,,7.7882,-3.3333,-3.3761
708927,威剛統一69購01,2026-08-05,0.47,0.0,0.0,211000000,0,紅增,否,,0.47,0.45,0.48,,10.3774,-4.086,-3.6364
708928,茂達統一64購01,2026-08-05,0.75,0.02,2.74,10000000,0,綠縮,否,,0.72,0.81,1.11,,-19.5556,-34.6216,-7.2446
708929,茂綸統一63購01,2026-08-05,0.58,0.03,5.45,807000000,0,綠縮,是,,0.47,0.49,0.6,,-7.0866,-15.952,-12.4173
708930,翔名統一63購01,2026-08-05,0.45,0.03,7.14,68000000,0,綠縮,否,,0.43,0.53,0.7,,-32.3899,-27.8755,-12.6336
708931,翔名統一65購01,2026-08-05,0.49,0.04,8.89,380000000,0,,是,,0.55,0.63,0.69,,-22.1591,-15.2909,-3.8997
708934,順達統一65購02,2026-08-05,0.45,0.01,2.27,51000000,0,,是,,0.46,0.62,0.71,,-41.4322,-20.2059,-13.1547
708935,新盛力統一69購01,2026-08-05,0.57,0.02,3.64,1118000000,0,綠縮,是,,0.49,0.56,0.69,,-21.0863,-22.7586,-12.4921
708936,聖暉*統一63購02,2026-08-05,0.56,0.08,16.67,147000000,0,綠縮,否,,0.56,0.7,0.93,,-33.8061,-31.0784,-8.3004
708937,臺慶科統一63購01,2026-08-05,0.67,0.04,6.35,386000000,0,綠縮,是,,0.59,0.68,1.14,,-23.3766,-36.1502,-19.0171
708938,臺慶科統一65購01,2026-08-05,0.5,0.04,8.7,9000000,0,綠縮,否,,0.43,0.5,0.77,,-23.5915,-31.0867,-22.9042
708939,擎亞統一67購01,2026-08-05,0.69,-0.03,-4.17,1012000000,0,綠縮,是,,0.55,0.66,0.81,,-29.0155,-25.9259,-9.2489
708941,世界凱基63購01,2026-08-05,0.76,-0.03,-3.8,267000000,0,綠縮,是,,0.7,0.87,1.11,,-32.7586,-20.2011,-12.0601
708942,台半凱基61購01,2026-08-05,1.08,0.17,18.68,130000000,0,,否,,1.56,2.44,2.27,,-53.1043,-18.4404,
708943,台星科凱基5C購01,2026-08-05,0.6,0.09,17.65,33000000,0,,是,,0.52,0.64,0.87,,-31.8421,-32.0213,
708945,威剛凱基5B購08,2026-08-05,0.66,-0.02,-2.94,293000000,0,紅增,否,,0.68,0.63,0.75,,14.5763,-12.3269,-9.2784
708946,德微凱基5C購01,2026-08-05,0.57,0.06,11.76,2000000,0,綠增,否,,0.82,1.67,1.71,,-67.3567,-29.2268,-14.7418
708947,擎亞凱基5B購04,2026-08-05,1.39,0.23,19.83,28000000,0,綠縮,否,,0.95,1.21,1.83,,-35.5014,-38.9336,-15.9587
708948,順達台新61購01,2026-08-05,1.09,0.04,3.81,10000000,0,,否,,2.64,2.88,,,-15.35,-8.9325,
708949,鈊象台新5B購04,2026-08-05,2.03,0.08,4.1,62000000,0,,是,,1.79,1.74,1.86,,5.6671,-4.7046,
708950,優群台新5B購02,2026-08-05,0.44,0.05,12.82,69000000,0,,是,,0.59,0.69,1.02,,-25.1908,-31.4371,-25.4916
708954,威剛元大5B購12,2026-08-05,1.06,-0.02,-1.85,191000000,0,綠轉紅,否,,1.1,1.06,1.22,,7.0312,-11.2228,-9.128
708955,威剛元大5B購13,2026-08-05,0.93,0.05,5.68,85000000,0,綠縮,是,,0.86,0.9,1.05,,-7.2961,-15.0426,-11.4105
708958,雷科元大5B購02,2026-08-05,1.55,0.12,8.39,1000000,0,綠縮,否,,1.87,3.03,4.04,,-55.2745,-31.4647,-8.2813
708959,雷科元大5B購03,2026-08-05,1.78,0.55,44.72,5000000,0,,否,,1.96,3.5,3.81,,-61.1597,-23.9504,
708960,雷科元大5B購04,2026-08-05,2.99,0.29,10.74,12000000,0,,是,,2.98,3.39,,,-21.3193,-6.231,
708963,台半永豐5C購02,2026-08-05,0.67,0.09,15.52,1028000000,0,,是,,1.25,1.78,1.72,,-45.8803,-1.3326,
708964,凌陽創永豐61購01,2026-08-05,0.46,0.03,6.98,32000000,0,,否,,0.51,0.66,0.76,,-36.25,-24.8853,-12.8146
708969,朋程群益5B購02,2026-08-05,0.47,0.04,9.3,1000000,0,綠縮,否,,0.38,0.57,0.83,,-48.5255,-40.0212,-18.3244
708970,欣銓群益5B購03,2026-08-05,0.74,0.17,29.82,2000000,0,綠增,否,,0.88,1.08,1.25,,-30.9262,-21.3294,-7.7917
708971,鈊象群益5B購03,2026-08-05,1.47,0.04,2.8,10000000,0,綠轉紅,否,,1.29,1.21,1.44,,14.311,-16.1714,-9.5731
708974,雙鴻群益5B購08,2026-08-05,1.13,0.0,0.0,15000000,0,,否,,1.05,1.19,,,-21.4715,-45.283,
708977,台半統一63購01,2026-08-05,0.78,0.09,13.04,54000000,0,,是,,0.68,1.2,1.36,,-60.1863,-33.6464,-11.9871
708978,台半統一65購01,2026-08-05,0.45,0.02,4.65,30000000,0,綠縮,否,,0.39,0.46,0.71,,-27.7154,-38.0888,-18.412
708979,台半統一69購01,2026-08-05,0.5,0.04,8.7,11000000,0,綠縮,否,,0.43,0.5,0.71,,-26.5517,-34.3342,-9.93
708980,台星科統一65購01,2026-08-05,0.48,0.04,9.09,43000000,0,綠縮,否,,0.43,0.47,0.59,,-14.902,-22.1122,-11.4607
708982,沛亨統一69購01,2026-08-05,0.4,0.06,17.65,687000000,0,綠縮,是,,0.37,0.46,0.64,,-30.855,-33.6735,-15.7895
708987,威剛統一65購04,2026-08-05,0.71,0.0,0.0,20000000,0,綠縮,否,,0.68,0.71,0.8,,-6.812,-11.596,-9.2877
708988,茂達統一65購01,2026-08-05,0.69,0.0,0.0,51000000,0,綠縮,否,,0.65,0.74,1.01,,-21.6019,-25.6073,-10.6175
708991,聖暉*統一65購02,2026-08-05,0.7,0.05,7.69,502000000,0,綠縮,是,,0.68,0.83,1.05,,-31.0976,-22.8412,-12.0219
708992,德微統一63購02,2026-08-05,0.44,0.09,25.71,162000000,0,綠縮,是,,0.35,0.47,0.99,,-41.7508,-58.1478,-18.6912
708993,德微統一75購01,2026-08-05,0.59,-0.07,-10.61,25000000,0,,否,,0.61,0.79,,,-37.1901,,
708994,擎亞統一63購01,2026-08-05,0.91,0.11,13.75,573000000,0,,是,,1.02,1.23,1.14,,-28.9106,-2.7778,
708995,擎亞統一65購01,2026-08-05,0.68,-0.08,-10.53,1066000000,0,綠縮,是,,0.67,0.85,0.93,,-35.8925,-20.3169,-2.3647
708996,擎亞統一66購01,2026-08-05,0.85,-0.14,-14.14,76000000,0,,否,,0.97,1.09,1.02,,-20.197,-0.9946,
709000,欣銓國票5C購02,2026-08-05,0.86,0.28,48.28,8000000,0,,否,,0.98,1.21,1.26,,-31.2849,-13.031,
709001,泓格國票5B購01,2026-08-05,0.92,0.05,5.75,58000000,0,綠增,否,,0.99,1.08,0.96,,-15.3322,10.8384,5.9701
709002,泓格國票5C購01,2026-08-05,1.07,0.17,18.89,83000000,0,綠縮,否,,0.87,1.14,1.06,,-38.8732,-1.8026,-1.7683
709003,雷科國票5B購04,2026-08-05,1.62,0.03,1.89,121000000,0,綠縮,是,,1.51,2.47,3.32,,-55.7827,-41.1442,-13.0395
709004,漢達國票5C購01,2026-08-05,0.76,0.02,2.7,20000000,0,綠增,否,,0.83,0.79,0.96,,13.0081,-14.9351,-2.5849
709005,德微國票5C購02,2026-08-05,0.79,0.05,6.76,909000000,0,綠縮,是,,0.63,0.96,1.86,,-51.2346,-54.9533,-15.3567
709006,大中台新5B購01,2026-08-05,1.74,0.16,10.13,48000000,0,綠縮,是,,1.36,2.05,2.8,,-50.4386,-40.8329,-5.4579
709008,立敦台新5B購03,2026-08-05,1.42,0.31,27.93,2000000,0,,否,,2.29,3.47,4.22,,-50.6879,-29.4822,-11.9762
709011,立敦凱基5B購01,2026-08-05,0.45,0.04,9.76,510000000,0,綠縮,是,,0.55,0.91,1.56,,-56.7141,-46.2359,-20.0873
709014,朋程凱基5B購02,2026-08-05,0.45,0.1,28.57,147000000,0,綠縮,是,,0.44,0.89,1.28,,-67.5556,-37.9167,-14.3574
709016,茂達凱基5B購01,2026-08-05,0.76,0.02,2.7,1000000,0,,否,,1.03,1.56,1.39,,-50.4789,-12.7446,-5.8088
709017,鈊象凱基5B購02,2026-08-05,1.38,0.05,3.76,14000000,0,綠縮,否,,1.21,1.3,1.37,,-12.6984,-6.4841,-6.3525
709018,鈺太凱基5B購03,2026-08-05,0.03,-0.09,-75.0,10000000,0,,否,,0.43,,,,,,
709019,臺慶科凱基63購01,2026-08-05,0.56,0.05,9.8,26000000,0,綠縮,否,,0.62,0.91,1.33,,-47.6431,-38.7686,-15.3576
709020,德微凱基5B購03,2026-08-05,0.3,0.05,20.0,21000000,0,綠縮,否,,0.29,0.64,1.2,,-70.8835,-54.3324,-11.5921
709021,擎亞凱基5B購05,2026-08-05,1.41,0.41,41.0,41000000,0,綠縮,是,,1.52,2.03,1.99,,-40.4088,-16.9734,-2.6142
709022,雙鴻凱基61購03,2026-08-05,0.87,0.05,6.1,46000000,0,綠轉紅,否,,0.66,0.67,0.85,,-2.9326,-16.6253,-13.245
709023,中美晶群益5B購04,2026-08-05,3.3,0.3,10.0,20000000,0,綠增,否,,3.43,5.0,4.55,,-47.667,-11.7959,0.8303
709024,世界群益61購01,2026-08-05,0.63,0.07,12.5,754000000,0,綠縮,是,,0.55,0.66,0.93,,-28.7206,-25.4545,-17.4455
709026,台半群益5B購03,2026-08-05,1.59,0.53,50.0,2000000,0,,否,,1.88,2.67,2.36,,-45.4493,4.7544,
709028,威剛群益5B購03,2026-08-05,1.16,-0.06,-4.92,71000000,0,紅增,否,,1.18,1.15,1.41,,6.1151,-16.1054,-12.1411
709029,茂達群益5B購01,2026-08-05,1.25,0.06,5.04,3000000,0,綠縮,否,,1.3,2.18,2.43,,-57.785,-26.5972,-4.0284
709032,新盛力群益61購01,2026-08-05,1.71,0.14,8.92,138000000,0,綠縮,否,,1.31,1.6,2.33,,-30.6878,-34.9593,-18.0524
709034,台半元大5B購04,2026-08-05,2.18,0.25,12.95,269000000,0,,是,,1.76,2.48,,,-44.8622,-15.3215,
709036,金益鼎元大5B購01,2026-08-05,0.21,0.01,5.0,57000000,0,綠縮,否,,0.2,0.24,0.31,,-26.2774,-24.2038,-23.0958
709037,威剛元大5B購14,2026-08-05,5.6,0.45,8.74,71000000,0,紅增,否,,5.37,5.01,5.79,,15.1931,-9.5762,-8.3973
709038,原相元大5B購02,2026-08-05,0.44,0.05,12.82,1008000000,0,綠縮,是,,0.37,0.35,0.56,,11.4458,-31.8447,-17.2107
709039,順達元大5B購07,2026-08-05,6.95,0.3,4.51,476000000,0,綠增,是,,8.7,10.04,11.32,,-23.4828,-19.2354,-10.5118
709042,擎亞元大5B購08,2026-08-05,1.45,0.09,6.62,207000000,0,,是,,1.35,1.48,1.4,,-15.1629,1.2354,
709044,威剛國泰5C購01,2026-08-05,1.67,0.03,1.83,197000000,0,紅增,是,,1.67,1.63,1.8,,5.1572,-6.64,-6.8223
709045,威剛國泰5C購02,2026-08-05,1.48,0.1,7.25,5000000,0,綠縮,否,,1.45,1.49,1.65,,-4.0897,-8.9516,-7.3232
709046,威剛國泰5C購03,2026-08-05,1.31,-0.34,-20.61,1000000,0,,是,,1.38,1.43,1.58,,-5.9783,-10.75,
709047,擎亞國泰62購01,2026-08-05,4.0,0.13,3.36,1000000,0,綠縮,否,,3.45,3.51,4.0,,-3.1987,-16.3406,-4.4019
709049,台半富邦62購02,2026-08-05,0.66,0.07,11.86,346000000,0,綠縮,是,,0.52,0.76,1.17,,-49.0119,-42.3396,-8.4673
709051,新盛力富邦61購05,2026-08-05,0.76,0.04,5.56,1491000000,0,,是,,1.15,1.4,1.55,,-29.7199,-27.1496,
709054,正淩統一65購02,2026-08-05,0.21,0.03,16.67,10000000,0,,否,,0.31,0.39,,,-33.3333,,
709055,正淩統一69購01,2026-08-05,0.42,0.03,7.69,206000000,0,,是,,0.4,0.48,,,-28.5714,-15.3439,
709058,朋程統一63購01,2026-08-05,0.57,0.15,35.71,1000000,0,綠縮,否,,0.49,0.6,0.88,,-31.9328,-34.6405,-10.5769
709059,欣銓統一5B購01,2026-08-05,0.47,0.08,20.51,51000000,0,,是,,0.58,0.71,0.74,,-31.0263,-17.2897,
709060,欣銓統一65購04,2026-08-05,0.49,0.07,16.67,101000000,0,綠縮,是,,0.5,0.56,0.64,,-18.8312,-19.0131,-5.848
709061,茂達統一65購02,2026-08-05,0.62,0.05,8.77,9000000,0,,否,,0.63,0.71,0.81,,-19.898,-22.161,
709062,凌陽創統一63購01,2026-08-05,0.39,0.02,5.41,54000000,0,,否,,0.37,0.41,0.51,,-18.1416,-22.5989,
709068,擎亞統一63購02,2026-08-05,0.81,0.09,12.5,344000000,0,,是,,0.79,0.96,0.96,,-30.8099,-15.8494,-3.1611
709069,擎亞統一65購02,2026-08-05,0.82,0.14,20.59,289000000,0,,是,,0.77,1.0,0.96,,-36.7213,-12.3239,
709071,立敦永豐61購01,2026-08-05,0.75,0.02,2.74,129000000,0,綠縮,是,,0.8,1.13,1.63,,-44.5517,-35.0432,-13.9989
709072,佳邦永豐63購01,2026-08-05,0.76,0.01,1.33,90000000,0,綠縮,是,,0.66,0.81,1.2,,-31.1715,-32.6377,-18.5248
709073,威剛永豐5B購02,2026-08-05,0.68,0.04,6.25,1413000000,0,紅增,是,,0.66,0.62,0.72,,16.1404,-11.4943,-9.0967
709074,威剛永豐61購02,2026-08-05,0.91,0.05,5.81,227000000,0,綠縮,是,,0.83,0.93,1.03,,-19.5358,-12.9664,-9.9166
709075,原相永豐5C購01,2026-08-05,0.81,0.05,6.58,599000000,0,綠縮,是,,0.76,0.73,0.93,,8.3095,-22.0793,-5.0305
709076,德微永豐5C購01,2026-08-05,0.59,0.12,25.53,102000000,0,,是,,1.09,1.61,,,-48.73,-9.1012,
709077,擎亞永豐64購01,2026-08-05,1.28,0.17,15.32,293000000,0,,是,,1.33,1.64,1.51,,-31.5195,-0.2432,
709079,台半國票61購01,2026-08-05,0.7,0.11,18.64,2000000,0,綠縮,否,,0.54,0.72,1.38,,-39.2377,-52.7357,-18.0386
709081,茂達國票5C購01,2026-08-05,0.67,-0.06,-8.22,546000000,0,綠縮,是,,0.6,0.75,1.22,,-31.982,-35.074,-15.7713
709082,博大國票5C購01,2026-08-05,0.52,0.08,18.18,32000000,0,,是,,0.48,0.54,0.64,,-20.4013,-30.0781,-1.6191
709083,晶宏國票5C購02,2026-08-05,0.92,0.11,13.58,79000000,0,綠縮,是,,0.65,0.68,0.94,,-10.2493,-28.1217,-11.2053
709086,德微國票5C購03,2026-08-05,0.54,0.05,10.2,214000000,0,綠縮,是,,0.35,0.46,1.15,,-39.4464,-58.9744,-27.5394
709089,世紀*元大5B購01,2026-08-05,0.39,-0.05,-11.36,21000000,0,綠縮,否,,0.36,0.48,0.74,,-40.6667,-40.1003,-11.9332
709092,智通*元大5B購01,2026-08-05,0.75,-0.15,-16.67,6000000,0,綠增,否,,1.05,1.28,1.26,,-30.0932,-8.7268,1.5783
709093,鈊象元大5B購02,2026-08-05,1.87,0.05,2.75,77000000,0,紅增,否,,1.68,1.56,1.69,,16.8524,-2.6266,-2.3947
709094,群聯元大5B購15,2026-08-05,2.83,0.09,3.28,22000000,0,綠縮,否,,2.36,2.81,4.39,,-27.8458,-33.0238,-24.7623
709096,廣穎元大5B購01,2026-08-05,1.64,0.2,13.89,12000000,0,,是,,1.34,2.18,,,-55.4377,,
709097,雙鴻元大5B購03,2026-08-05,5.7,-0.35,-5.79,17000000,0,綠轉紅,是,,4.44,4.69,5.93,,-10.1983,-8.5057,-16.3195
709098,尼克森國票5B購02,2026-08-05,0.71,0.13,22.41,2000000,0,綠縮,否,,0.75,1.07,1.66,,-46.1318,-44.1207,-15.6997
709099,朋程國票5B購02,2026-08-05,0.85,0.14,19.72,3000000,0,綠縮,否,,0.84,1.14,1.69,,-40.979,-36.4094,-10.7086
709100,晶宏國票5C購03,2026-08-05,0.69,0.06,9.52,115000000,0,綠縮,否,,0.49,0.56,0.75,,-22.3975,-30.3218,-10.6952
709101,華容國票5C購02,2026-08-05,3.76,-0.35,-8.52,2000000,0,綠縮,否,,3.48,3.47,4.03,,0.7519,-20.2802,8.3423
709102,群聯國票61購03,2026-08-05,0.46,0.05,12.2,14000000,0,綠縮,是,,0.39,0.46,0.7,,-25.3788,-32.6023,-20.1608
709103,雷科國票5C購01,2026-08-05,1.16,0.04,3.57,646000000,0,綠縮,否,,1.02,1.47,2.16,,-46.5969,-34.7439,-22.3741
709104,臺慶科國票5C購03,2026-08-05,0.37,0.05,15.62,10000000,0,綠縮,否,,0.33,0.42,0.85,,-36.9231,-46.1929,-28.2452
709105,廣穎國票5C購02,2026-08-05,1.51,0.08,5.59,332000000,0,綠縮,是,,1.34,1.49,1.93,,-18.4915,-19.7849,-19.3111
709107,擎亞國票5C購01,2026-08-05,1.2,0.09,8.11,183000000,0,綠縮,是,,1.0,1.23,1.69,,-30.8966,-33.2971,-13.6713
709111,凌陽創凱基5B購01,2026-08-05,0.42,0.02,5.0,39000000,0,,是,,0.42,0.65,,,-52.0455,-27.6667,
709113,博智凱基5B購02,2026-08-05,0.21,0.01,5.0,6000000,0,綠縮,否,,0.18,0.28,0.51,,-51.8717,-45.8984,-21.9907
709117,群聯凱基5B購07,2026-08-05,0.45,0.04,9.76,20000000,0,綠縮,否,,0.43,0.61,0.93,,-44.5013,-35.4565,-17.978
709119,中光電台新5B購01,2026-08-05,3.73,0.85,29.51,2000000,0,綠縮,否,,2.65,3.33,3.37,,-33.8822,-20.2444,3.8314
709121,原相台新5B購01,2026-08-05,1.05,0.08,8.25,69000000,0,,否,,1.13,1.36,,,-29.198,,
709122,博盛台新5B購01,2026-08-05,0.46,0.08,21.05,30000000,0,,是,,0.51,1.18,1.15,,-72.1258,-24.7126,
709123,博智台新5B購01,2026-08-05,0.4,0.0,0.0,63000000,0,,否,,0.86,1.17,1.3,,-41.0641,-14.464,
709124,博智台新5B購02,2026-08-05,0.25,0.02,8.7,50000000,0,,否,,0.9,0.92,,,-4.8832,,
709126,順達台新5B購04,2026-08-05,1.55,0.07,4.73,2168000000,0,綠縮,是,,1.59,2.22,3.14,,-44.1321,-38.5255,-16.5406
709127,群聯台新5B購09,2026-08-05,0.82,0.09,12.33,90000000,0,綠縮,否,,0.72,0.9,1.52,,-33.4566,-38.3299,-23.4123
709128,群聯台新5B購10,2026-08-05,0.5,0.05,11.11,1129000000,0,綠縮,是,,0.51,0.64,0.92,,-34.3669,-30.4772,-15.1993
709130,雷科台新5B購01,2026-08-05,2.0,0.13,6.95,80000000,0,,是,,1.77,2.78,,,-53.3965,-22.4513,
709131,雷科台新5B購02,2026-08-05,1.51,0.02,1.34,461000000,0,綠縮,是,,1.36,1.99,3.07,,-48.0549,-37.6135,-24.312
709132,廣穎台新5B購01,2026-08-05,2.06,0.47,29.56,51000000,0,,是,,1.53,1.73,,,-20.7039,-35.5894,
709136,博智富邦61購02,2026-08-05,0.23,0.0,0.0,20000000,0,綠縮,否,,0.19,0.23,0.36,,-26.7176,-35.3276,-25.2308
709139,安勤永豐5C購01,2026-08-05,0.98,0.12,13.95,665000000,0,綠縮,是,,1.0,1.08,1.12,,-13.8937,-6.6265,-0.3573
709140,朋程永豐5C購01,2026-08-05,0.44,0.05,12.82,87000000,0,綠縮,否,,0.44,0.73,0.9,,-56.213,-27.4627,-9.9552
709142,群聯永豐5C購05,2026-08-05,0.36,0.05,16.13,459000000,0,綠縮,是,,0.33,0.45,0.59,,-40.5694,-32.9341,-16.6197
709143,群聯永豐63購01,2026-08-05,0.81,0.07,9.46,132000000,0,,是,,1.01,1.16,1.34,,-22.546,-20.3168,-15.1159
709144,群聯永豐64購03,2026-08-05,0.8,0.07,9.59,38000000,0,綠增,否,,1.02,1.2,1.33,,-25.4731,-18.3799,-12.0741
709146,漢科永豐5C購01,2026-08-05,0.48,0.01,2.13,33000000,0,綠縮,否,,0.49,0.56,0.64,,-23.1975,-15.3153,-8.4648
709147,中美晶統一66購01,2026-08-05,0.76,-0.03,-3.8,1737000000,0,綠縮,是,,0.73,0.94,1.0,,-36.6319,-20.051,-2.3335
709149,沛亨統一63購01,2026-08-05,0.25,0.03,13.64,5000000,0,,否,,0.33,0.55,0.76,,-56.7708,-33.8942,
709150,沛亨統一64購01,2026-08-05,0.3,0.05,20.0,640000000,0,綠縮,是,,0.36,0.54,0.72,,-49.1573,-35.3012,-16.7436
709151,沛亨統一65購02,2026-08-05,0.28,-0.09,-24.32,133000000,0,綠縮,否,,0.22,0.25,0.44,,-22.695,-35.0649,-29.0064
709152,佳邦統一63購01,2026-08-05,0.44,-0.01,-2.22,6000000,0,綠縮,否,,0.39,0.5,0.71,,-35.9736,-33.8216,-17.3888
709154,朋程統一65購01,2026-08-05,0.46,0.04,9.52,117000000,0,綠縮,否,,0.44,0.51,0.7,,-25.256,-31.6422,-13.9279
709155,欣銓統一63購02,2026-08-05,0.4,0.04,11.11,1000000,0,,否,,0.47,0.56,0.6,,-27.0769,-13.2716,-7.0148
709156,茂達統一65購03,2026-08-05,0.58,0.05,9.43,30000000,0,綠縮,否,,0.5,0.58,0.78,,-23.8532,-32.9453,-10.7225
709158,茂綸統一65購02,2026-08-05,0.63,0.04,6.78,81000000,0,紅增,是,,0.57,0.55,0.59,,7.9848,-4.3706,-5.2419
709159,茂綸統一65購03,2026-08-05,0.57,0.04,7.55,51000000,0,綠轉紅,是,,0.52,0.52,0.56,,0.7722,-5.9675,-5.6588
709165,群聯統一5B購02,2026-08-05,0.21,0.03,16.67,499000000,0,綠增,否,,0.34,0.47,0.61,,-43.1894,-32.475,-20.132
709166,群聯統一63購01,2026-08-05,0.32,0.02,6.67,1090000000,0,綠縮,是,,0.25,0.3,0.42,,-27.4854,-28.5714,-21.0576
709167,群聯統一63購02,2026-08-05,0.27,0.02,8.0,324000000,0,綠縮,是,,0.24,0.26,0.37,,-16.1972,-25.4286,-21.6245
709168,群聯統一65購01,2026-08-05,0.29,0.03,11.54,41000000,0,綠縮,否,,0.24,0.26,0.38,,-18.6207,-27.7473,-22.1303
709170,群聯統一69購01,2026-08-05,0.92,0.04,4.55,234000000,0,綠縮,否,,0.79,0.87,1.06,,-17.0168,-18.4457,-11.98
709171,群聯統一69購02,2026-08-05,0.54,0.04,8.0,99000000,0,綠縮,是,,0.43,0.5,0.65,,-25.0,-24.4681,-16.57
709173,群聯統一75購01,2026-08-05,1.03,0.04,4.04,252000000,0,綠縮,否,,0.89,0.96,1.15,,-13.5922,-16.3763,-12.1085
709174,聖暉*統一65購03,2026-08-05,0.72,0.07,10.77,332000000,0,綠縮,否,,0.71,0.87,1.08,,-31.5891,-21.3575,-12.3021
709175,鈺太統一69購01,2026-08-05,0.37,0.02,5.71,138000000,0,,否,,0.47,0.53,,,-22.0,,
709176,臺慶科統一65購02,2026-08-05,0.4,0.05,14.29,1000000,0,綠縮,否,,0.36,0.43,0.62,,-27.0161,-31.7965,-18.1999
709177,臺慶科統一65購03,2026-08-05,0.58,0.03,5.45,54000000,0,,是,,0.69,0.91,0.99,,-39.4366,-19.4346,
709179,廣穎統一65購01,2026-08-05,0.76,0.03,4.11,131000000,0,,是,,0.65,0.71,0.91,,-17.602,-23.3655,-7.7001
709180,廣穎統一69購01,2026-08-05,0.84,0.05,6.33,238000000,0,綠縮,是,,0.72,0.76,0.87,,-10.0503,-13.2032,-11.6989
709181,擎亞統一65購03,2026-08-05,0.8,0.1,14.29,266000000,0,,是,,0.89,0.99,0.94,,-19.1606,-5.619,0.9672
709182,擎亞統一65購04,2026-08-05,0.9,-0.15,-14.29,88000000,0,綠縮,否,,0.78,0.98,1.17,,-34.1751,-24.4632,-8.6888
709186,倚強群益5B購01,2026-08-05,0.31,0.05,19.23,200000000,0,,,,,,,,,,
709190,華容群益5B購01,2026-08-05,7.55,-0.55,-6.79,54000000,0,綠增,是,,9.1,9.72,7.02,,-11.9071,23.193,30.7785
709192,群聯群益5B購07,2026-08-05,0.92,0.09,10.84,4303000000,0,綠縮,是,,0.7,0.9,1.61,,-37.4101,-40.4872,-28.2652
709193,臺慶科群益5B購03,2026-08-05,0.3,0.01,3.45,122000000,0,綠縮,是,,0.35,0.81,1.23,,-72.4409,-46.4993,-18.3113
709200,富喬永豐61購02,2026-08-05,0.43,0.16,59.26,305000000,0,綠縮,是,,0.45,0.61,0.67,,-41.3613,-20.5767,-12.859
709202,富喬永豐68購01,2026-08-05,0.53,0.06,12.77,110000000,0,,是,,0.72,0.8,0.82,,-18.7359,-6.0819,
709203,順達永豐64購01,2026-08-05,0.74,0.06,8.82,33000000,0,綠縮,否,,0.84,1.05,1.24,,-33.2273,-24.0406,-13.4521
709205,鈊象永豐63購01,2026-08-05,1.39,0.04,2.96,22000000,0,紅增,否,,1.25,1.16,1.22,,17.2932,-0.1727,-0.2463
709206,新盛力永豐5C購02,2026-08-05,0.53,0.04,8.16,472000000,0,綠縮,是,,0.49,0.6,0.9,,-30.8989,-40.159,-20.4253
709207,擎亞永豐63購01,2026-08-05,0.91,0.09,10.98,475000000,0,綠縮,是,,0.78,1.19,1.23,,-51.9207,-20.6507,-5.8037
709208,沛亨凱基5B購03,2026-08-05,0.18,0.03,20.0,140000000,0,綠轉紅,否,,0.16,0.2,0.55,,-34.7107,-51.4563,-31.5265
709210,富喬凱基5B購02,2026-08-05,0.32,0.11,52.38,20000000,0,,否,,0.77,0.79,,,-5.1852,-11.5471,
709213,勤凱凱基5B購02,2026-08-05,0.2,0.04,25.0,1000000,0,綠縮,否,,0.23,0.45,0.82,,-65.7738,-41.8065,-30.8929
709214,勤凱凱基5B購03,2026-08-05,0.21,0.03,16.67,15000000,0,綠縮,否,,0.2,0.32,0.64,,-54.7085,-51.2048,-32.3592
709215,勤凱凱基5B購04,2026-08-05,0.38,0.03,8.57,69000000,0,綠縮,是,,0.44,0.73,1.05,,-56.8898,-32.6228,-22.8477
709216,群聯凱基61購04,2026-08-05,0.37,-0.03,-7.5,8000000,0,紅縮,否,,0.87,0.66,0.74,,88.2609,13.7221,-4.6332
709217,臺慶科凱基5B購03,2026-08-05,0.21,0.03,16.67,7000000,0,綠縮,否,,0.15,0.22,0.59,,-46.4789,-54.8654,-36.9041
709218,擎亞凱基61購01,2026-08-05,1.18,0.31,35.63,40000000,0,綠縮,否,,0.84,1.44,1.72,,-59.1797,-28.5077,-9.0861
709219,中光電台新5B購02,2026-08-05,2.56,0.57,28.64,600000000,0,綠縮,是,,2.16,3.07,2.84,,-45.4912,-16.635,7.1914
709220,台星科台新5B購01,2026-08-05,0.66,0.08,13.79,59000000,0,,是,,0.72,0.91,,,-33.3333,-29.4072,
709222,立碁台新62購01,2026-08-05,0.99,-0.11,-10.0,671000000,0,,,,,,,,,,
709225,佳邦台新5B購03,2026-08-05,0.37,0.02,5.71,230000000,0,,是,,0.46,1.04,,,-71.7472,-42.1788,
709226,順達台新5B購05,2026-08-05,1.44,-0.17,-10.56,34000000,0,綠增,是,,1.95,2.75,3.36,,-45.1268,-26.5955,-13.2851
709227,勤凱台新5B購02,2026-08-05,0.39,0.04,11.43,28000000,0,綠縮,否,,0.38,0.59,1.1,,-52.2613,-45.5556,-28.9695
709230,擎亞台新5B購02,2026-08-05,1.84,0.31,20.26,1559000000,0,,是,,2.53,2.32,,,20.1521,,
709231,雙鴻台新5B購01,2026-08-05,1.39,0.05,3.73,71000000,0,,否,,1.31,1.45,,,-17.8392,-19.9337,
709232,雙鴻台新5B購02,2026-08-05,1.02,0.13,14.61,50000000,0,,是,,0.96,1.1,1.39,,-21.626,-23.233,-16.3964
709237,順達國泰5C購01,2026-08-05,0.68,0.06,9.68,89000000,0,綠縮,是,,0.65,0.84,1.13,,-37.0874,-33.2006,-15.5314
709238,群聯國泰5C購01,2026-08-05,0.56,0.06,12.0,351000000,0,綠縮,是,,0.44,0.54,0.85,,-31.5789,-33.9004,-24.5098
709240,威剛富邦5B購02,2026-08-05,0.62,0.05,8.77,27000000,0,,否,,0.62,0.69,0.79,,-19.7403,-13.3583,
709241,富喬富邦5B購02,2026-08-05,0.2,0.06,42.86,160000000,0,綠縮,是,,0.14,0.24,0.38,,-60.0,-47.2284,-18.0451
709242,群聯富邦62購06,2026-08-05,0.35,0.03,9.38,382000000,0,綠縮,是,,0.39,0.44,0.58,,-21.371,-24.9153,-10.888
709243,均豪元大5B購04,2026-08-05,2.89,0.4,16.06,16000000,0,,否,,3.77,4.71,4.58,,-33.1797,-7.0328,
709244,欣銓元大5B購03,2026-08-05,0.9,0.11,13.92,582000000,0,綠縮,是,,0.87,1.08,1.23,,-32.3484,-22.8898,-5.7832
709245,威剛元大5B購15,2026-08-05,2.28,0.04,1.79,239000000,0,綠轉紅,是,,2.15,2.09,2.45,,6.0158,-12.3006,-9.6679
709246,原相元大5B購03,2026-08-05,0.91,0.08,9.64,1145000000,0,綠縮,是,,0.7,0.71,0.98,,-1.1268,-21.2054,-13.5266
709249,富喬元大5B購04,2026-08-05,0.26,0.06,30.0,100000000,0,綠縮,否,,0.22,0.27,0.44,,-31.677,-41.087,-16.5414
709251,勤凱元大5B購04,2026-08-05,0.45,0.04,9.76,73000000,0,,是,,0.75,1.03,1.55,,-43.4848,-35.3971,
709252,新盛力元大5B購06,2026-08-05,1.06,0.16,17.78,20000000,0,綠縮,否,,1.19,1.86,2.19,,-52.9272,-21.9563,-15.2102
709254,群聯元大5B購17,2026-08-05,2.96,0.19,6.86,189000000,0,綠縮,是,,3.18,3.68,5.2,,-23.9713,-26.8588,-16.9274
709255,群聯元大5B購18,2026-08-05,0.53,0.05,10.42,10000000,0,,否,,0.53,0.74,0.99,,-44.3038,-29.6473,-18.1443
709257,擎亞元大5B購09,2026-08-05,0.86,0.07,8.86,1000000,0,綠縮,否,,0.72,1.04,1.38,,-47.2222,-34.3593,-6.3556
709260,富喬群益5B購02,2026-08-05,0.36,0.08,28.57,10000000,0,綠縮,否,,0.31,0.55,0.68,,-61.0127,-34.0144,-20.4651
709262,新盛力群益63購01,2026-08-05,0.92,0.05,5.75,193000000,0,綠縮,否,,1.05,1.18,1.5,,-18.9522,-25.8207,-12.8198
709264,群聯群益5B購08,2026-08-05,1.42,0.04,2.9,1047000000,0,綠縮,是,,1.34,1.59,2.42,,-27.2234,-33.5419,-23.2282
709266,雙鴻群益5B購09,2026-08-05,0.79,-0.02,-2.47,10000000,0,,否,,0.71,0.75,1.14,,-10.5528,-27.5,
709267,方土昶永豐5C購01,2026-08-05,0.53,0.05,10.42,270000000,0,綠縮,是,,0.4,0.47,0.58,,-23.7736,-21.6443,-19.8479
709273,立碁凱基5B購02,2026-08-05,0.38,-0.02,-5.0,30000000,0,,否,,0.3,,,,,,
709275,沛亨凱基5C購01,2026-08-05,0.25,0.01,4.17,274000000,0,,是,,0.21,0.33,0.64,,-52.8634,-54.2466,-24.3243
709276,原相凱基5B購04,2026-08-05,0.5,0.03,6.38,161000000,0,,否,,0.45,0.6,0.72,,-41.4698,-23.5443,
709277,華容凱基5B購01,2026-08-05,2.91,-0.1,-3.32,8000000,0,綠縮,是,,2.75,3.01,3.18,,-16.3315,-18.4524,10.0346
709278,華容凱基5C購01,2026-08-05,3.24,0.03,0.93,5000000,0,綠增,否,,3.1,4.03,3.55,,-37.7313,-11.5351,16.1839
709280,精材凱基5B購09,2026-08-05,0.84,-0.03,-3.45,6000000,0,綠增,否,,1.43,1.51,1.25,,-10.2015,11.2177,18.1433
709282,立碁台新5B購01,2026-08-05,1.14,0.18,18.75,1000000,0,,否,,0.85,,,,,,
709283,立碁台新5B購02,2026-08-05,0.74,0.03,4.23,236000000,0,,是,,0.56,,,,,,
709284,艾訊台新5B購03,2026-08-05,0.96,0.24,33.33,418000000,0,綠增,否,,1.2,1.18,1.3,,5.0611,-8.3463,-5.1844
709285,艾訊台新5B購04,2026-08-05,0.86,0.19,28.36,80000000,0,綠縮,否,,0.9,1.07,1.25,,-27.7244,-20.3704,-10.5113
709287,南俊台新5B購01,2026-08-05,0.35,0.05,16.67,215000000,0,綠縮,否,,0.38,0.6,1.09,,-54.0342,-47.1213,-19.3165
709288,南俊台新5B購02,2026-08-05,0.28,0.04,16.67,808000000,0,綠縮,是,,0.27,0.5,1.0,,-61.8384,-51.704,-21.0402
709289,順達台新5B購06,2026-08-05,0.69,0.09,15.0,207000000,0,綠縮,否,,0.82,1.12,1.47,,-41.394,-34.7572,-17.395
709291,臺慶科台新5B購06,2026-08-05,0.73,0.04,5.8,170000000,0,綠縮,是,,0.61,0.78,1.53,,-36.7432,-43.0859,-29.796
709292,臺慶科台新5B購07,2026-08-05,0.76,0.05,7.04,135000000,0,綠縮,否,,0.79,0.89,1.7,,-20.6827,-39.9058,-28.7625
709293,群聯兆豐65購03,2026-08-05,0.45,-0.03,-6.25,16000000,0,綠縮,否,,0.41,0.45,0.59,,-15.5738,-22.6804,-16.2906
709295,方土昶元大5B購01,2026-08-05,1.11,0.23,26.14,5000000,0,,否,,0.75,0.98,1.44,,-37.5828,-38.5338,
709296,世界元大5B購04,2026-08-05,1.2,0.13,12.15,37000000,0,,否,,1.01,1.14,1.51,,-20.6897,-19.4366,-6.4606
709297,台半元大5B購05,2026-08-05,0.99,0.12,13.79,16000000,0,,是,,1.02,1.35,1.37,,-39.0476,-19.2836,
709298,倚強元大5B購01,2026-08-05,0.31,0.04,14.81,10000000,0,,否,,0.42,0.57,,,-41.1765,-29.9135,
709300,群聯元大61購07,2026-08-05,0.49,0.03,6.52,3995000000,0,綠縮,是,,0.43,0.49,0.64,,-19.9262,-24.2236,-16.8831
709301,聖暉*元大5B購05,2026-08-05,1.25,0.08,6.84,543000000,0,綠增,是,,1.97,2.1,2.54,,-11.3208,-22.1357,1.0147
709302,臺慶科元大5B購02,2026-08-05,0.47,0.03,6.82,5000000,0,綠縮,否,,0.39,0.59,1.04,,-50.8816,-45.2359,-22.4042
709307,中美晶群益5B購06,2026-08-05,2.13,-0.02,-0.93,10000000,0,綠增,否,,2.41,3.85,4.16,,-54.3149,-29.2593,-2.0622
709308,世界群益5C購02,2026-08-05,0.7,0.1,16.67,18000000,0,綠縮,否,,0.63,0.75,1.06,,-28.6364,-22.825,-15.6574
709309,南俊群益5B購01,2026-08-05,0.23,0.04,21.05,145000000,0,綠縮,否,,0.2,0.33,0.72,,-56.8282,-54.9861,-25.5959
709310,茂達群益5B購02,2026-08-05,0.58,-0.01,-1.69,100000000,0,綠縮,否,,0.59,0.75,1.19,,-36.1656,-46.6288,-10.8623
709312,群聯群益5B購09,2026-08-05,0.33,0.04,13.79,622000000,0,綠縮,否,,0.26,0.33,0.66,,-37.2549,-44.8505,-31.4508
709313,精材群益5B購09,2026-08-05,1.75,0.05,2.94,176000000,0,綠縮,否,,1.7,2.6,2.5,,-51.4596,-18.3962,0.2402
709315,沛亨永豐65購01,2026-08-05,0.33,0.02,6.45,4000000,0,,否,,0.51,0.67,,,-39.5238,,
709316,長科*永豐61購01,2026-08-05,2.0,0.22,12.36,78000000,0,綠縮,是,,1.4,1.78,2.45,,-35.4571,-29.2014,-13.3227
709319,群聯永豐5C購07,2026-08-05,0.31,0.03,10.71,100000000,0,綠縮,否,,0.32,0.41,0.53,,-34.1463,-29.1667,-15.1587
709325,佳邦元大5B購01,2026-08-05,0.1,-0.03,-23.08,1000000,0,,否,,0.22,0.34,0.41,,-52.193,-22.3502,
709326,朋程元大5B購01,2026-08-05,0.2,0.03,17.65,180000000,0,綠縮,是,,0.21,0.32,0.53,,-52.3148,-46.8333,-21.2908
709328,富喬元大61購03,2026-08-05,0.54,0.06,12.5,1525000000,0,綠縮,是,,0.43,0.51,0.72,,-26.2799,-31.309,-12.2711
709331,朋程富邦61購01,2026-08-05,0.28,0.05,21.74,15000000,0,,否,,0.31,0.42,0.59,,-41.7293,-34.1158,-14.6974
709332,順達富邦61購01,2026-08-05,0.29,0.09,45.0,3000000,0,綠縮,否,,0.29,0.37,0.46,,-35.8744,-30.8129,-16.2285
709333,大中群益5B購01,2026-08-05,2.08,0.09,4.52,1000000,0,綠縮,否,,1.7,1.82,1.93,,-12.3967,-14.0152,9.6187
709334,大中群益5B購02,2026-08-05,0.73,0.0,0.0,62000000,0,綠縮,是,,0.63,0.87,1.62,,-43.3213,-47.7423,-17.0382
709341,長科*群益5B購01,2026-08-05,1.95,0.0,0.0,70000000,0,綠縮,是,,1.99,3.04,3.73,,-51.272,-24.3969,-10.6373
709343,群翊群益5B購02,2026-08-05,0.29,0.03,11.54,1000000,0,,否,,0.36,,,,,,
709344,漢科群益5B購01,2026-08-05,0.53,-0.03,-5.36,312000000,0,綠縮,否,,0.55,0.71,0.87,,-36.5517,-24.2004,-12.7072
709345,精材群益5B購10,2026-08-05,3.6,0.96,36.36,38000000,0,綠縮,否,,3.45,4.16,3.75,,-29.117,-1.7705,11.8086
709348,朋程凱基5B購03,2026-08-05,0.22,0.04,22.22,45000000,0,,否,,0.37,0.62,0.72,,-57.5688,-33.5829,
709350,群聯凱基5B購09,2026-08-05,0.31,0.02,6.9,20000000,0,綠縮,否,,0.33,0.49,0.75,,-48.5981,-37.3711,-18.5668
709353,大中台新5B購03,2026-08-05,0.73,0.06,8.96,31000000,0,綠縮,否,,0.83,1.9,2.1,,-72.2633,-30.8615,-4.1486
709355,台半台新5B購05,2026-08-05,0.51,0.07,15.91,4000000,0,綠縮,否,,0.39,0.74,1.57,,-63.8376,-60.4925,-18.9602
709357,博盛台新5B購02,2026-08-05,0.47,0.08,20.51,28000000,0,,是,,0.42,0.67,1.29,,-53.304,-55.2419,
709361,穩得台新5B購01,2026-08-05,0.25,0.04,19.05,2000000,0,,否,,0.31,0.54,0.74,,-59.4805,-36.9464,-23.8485
709364,宏捷科凱基5B購02,2026-08-05,0.1,-0.06,-37.5,80000000,0,紅增,否,,0.11,0.12,0.2,,-14.5161,-40.7216,-35.7367
709365,長科*凱基5B購01,2026-08-05,1.17,0.14,13.59,116000000,0,綠縮,是,,0.91,1.07,1.75,,-26.1011,-38.8411,-18.7167
709367,萊德光凱基5B購01,2026-08-05,0.33,0.05,17.86,5000000,0,紅增,否,,0.22,0.23,0.24,,-3.4483,-2.1459,-16.4623
709368,萊德光凱基5B購02,2026-08-05,0.23,0.02,9.52,31000000,0,紅增,否,,0.22,0.25,0.26,,-24.4755,-6.3433,-24.8933
709369,順達凱基5B購05,2026-08-05,0.11,-0.04,-26.67,50000000,0,,否,,0.23,0.37,0.44,,-55.1587,-23.1579,
709370,勤凱凱基5B購05,2026-08-05,0.07,0.01,16.67,1000000,0,,否,,0.1,0.19,0.42,,-65.2778,-46.2604,
709372,聖暉*凱基5B購06,2026-08-05,0.41,0.05,13.89,66000000,0,綠縮,是,,0.61,0.76,1.12,,-32.1508,-38.4553,-8.4085
709374,廣穎凱基5B購03,2026-08-05,0.77,0.18,30.51,100000000,0,綠縮,是,,0.54,0.71,1.05,,-39.1892,-30.2053,-24.8385
709381,精材台新5B購07,2026-08-05,3.12,0.31,11.03,2000000,0,,否,,3.32,2.86,,,38.5321,51.0829,
709382,廣穎台新5B購02,2026-08-05,1.32,0.23,21.1,110000000,0,,是,,0.96,1.13,1.65,,-26.6462,-30.0803,
709386,長科*元大5B購01,2026-08-05,1.67,-0.01,-0.6,229000000,0,,是,,1.47,2.53,3.04,,-58.9744,-32.3891,
709388,順達元大62購01,2026-08-05,0.66,0.03,4.76,166000000,0,,否,,0.71,0.85,0.9,,-28.252,-13.3333,-10.6287
709390,群聯元大63購04,2026-08-05,0.38,0.01,2.7,3000000,0,綠縮,否,,0.31,0.35,0.49,,-22.6131,-25.6842,-19.4079
709393,精材富邦5B購03,2026-08-05,1.56,0.51,48.57,3000000,0,綠增,否,,1.72,1.82,1.5,,-10.1358,10.928,18.7845
709395,聖暉*群益5B購03,2026-08-05,0.6,0.06,11.11,208000000,0,綠增,否,,0.98,1.16,1.68,,-26.7164,-38.113,-11.2493
709398,威聯通國泰5C購01,2026-08-05,0.68,0.06,9.68,1000000,0,紅增,是,,0.6,0.64,0.83,,-11.7647,-19.598,-18.0255
709400,台半永豐63購02,2026-08-05,0.67,0.07,11.67,150000000,0,,是,,1.12,1.75,1.59,,-53.1092,-15.5556,
709401,台特化永豐63購01,2026-08-05,0.44,0.04,10.0,77000000,0,,否,,0.72,,,,,,
709403,萊德光永豐5C購01,2026-08-05,0.22,0.04,22.22,5000000,0,紅增,否,,0.23,0.28,0.34,,-31.1377,-9.6154,-30.0728
709404,勤凱永豐5C購04,2026-08-05,0.17,0.03,21.43,1000000,0,,否,,0.3,0.46,0.64,,-50.974,-34.6154,
709408,中美晶元大5C購03,2026-08-05,1.81,-0.07,-3.72,30000000,0,綠縮,否,,1.73,2.48,2.47,,-46.349,-20.9236,2.6982
709410,台半元大5C購02,2026-08-05,0.35,0.06,20.69,1000000,0,綠縮,否,,0.35,0.55,0.86,,-52.1622,-44.4106,-8.5547
709411,良維元大5C購02,2026-08-05,0.19,0.01,5.56,168000000,0,,是,,0.26,0.41,0.66,,-53.9286,-44.0492,-27.0061
709413,富喬元大5C購03,2026-08-05,0.41,0.09,28.13,2000000,0,,否,,0.33,0.48,,,-47.4359,-33.6123,
709415,勤凱元大5C購01,2026-08-05,0.27,0.03,12.5,5000000,0,,否,,0.4,0.69,1.05,,-59.6349,-35.7474,
709416,群聯元大5C購03,2026-08-05,2.05,0.04,1.99,256000000,0,綠縮,是,,1.72,2.09,3.29,,-29.5752,-33.9664,-26.2904
709417,精材元大5C購01,2026-08-05,2.04,0.4,24.39,32000000,0,,否,,2.74,2.37,1.88,,37.3373,29.4921,
709418,中美晶永豐64購01,2026-08-05,1.02,0.09,9.68,134000000,0,,否,,0.87,1.18,1.25,,-40.866,-22.0676,-1.9208
709419,長科*永豐61購02,2026-08-05,1.49,0.21,16.41,72000000,0,,是,,1.19,1.61,2.16,,-41.2979,-29.9783,-12.7973
709420,晶焱永豐61購01,2026-08-05,0.22,0.02,10.0,8000000,0,,否,,0.31,0.46,0.54,,-48.0,-29.3023,
709422,臺慶科永豐66購01,2026-08-05,0.4,0.02,5.26,115000000,0,綠縮,是,,0.35,0.4,0.62,,-21.4286,-31.7406,-21.5094
709423,廣穎永豐61購02,2026-08-05,0.56,0.04,7.69,129000000,0,,是,,0.47,0.53,0.7,,-18.3391,-22.2222,
709429,威剛凱基64購01,2026-08-05,0.72,0.03,4.35,18000000,0,綠縮,是,,0.7,0.74,0.79,,-9.5116,-7.721,-5.3166
709431,勤凱凱基5C購01,2026-08-05,0.13,0.03,30.0,50000000,0,,是,,0.37,0.63,,,-58.4821,-34.4364,
709433,勤凱凱基62購01,2026-08-05,0.17,0.02,13.33,52000000,0,綠縮,否,,0.16,0.19,0.33,,-30.7018,-41.8675,-28.2418
709434,群聯凱基66購01,2026-08-05,0.39,0.03,8.33,20000000,0,綠縮,否,,0.37,0.39,0.51,,-11.0577,-20.7661,-16.6124
709436,巨漢台新5C購01,2026-08-05,0.44,0.05,12.82,102000000,0,綠縮,是,,0.48,0.68,0.88,,-45.7207,-27.6663,-17.8388
709437,巨漢台新5C購02,2026-08-05,0.4,0.02,5.26,28000000,0,,否,,0.51,0.79,1.04,,-52.7002,-32.4509,
709438,湧德台新61購01,2026-08-05,0.9,0.11,13.92,387000000,0,,是,,0.89,1.16,1.31,,-37.7622,-19.1074,
709442,鑫聯台新5C購01,2026-08-05,0.71,0.06,9.23,4000000,0,,否,,0.77,0.91,,,-27.3245,,
709443,台半群益5C購01,2026-08-05,0.46,-0.45,-49.45,34000000,0,綠縮,否,,0.45,0.8,1.43,,-60.3147,-53.5465,-15.6517
709444,台特化群益5C購02,2026-08-05,0.84,0.1,13.51,41000000,0,,是,,0.93,1.37,2.02,,-48.7859,-36.1007,
709445,立敦群益5C購01,2026-08-05,0.14,0.02,16.67,50000000,0,綠縮,否,,0.15,0.25,0.45,,-58.5227,-48.2328,-25.1864
709446,勤凱群益5C購01,2026-08-05,0.1,0.03,42.86,1000000,0,綠縮,否,,0.1,0.15,0.27,,-50.5051,-47.331,-31.9255
709447,廣穎群益5C購01,2026-08-05,0.67,0.07,11.67,5000000,0,,否,,0.65,0.86,1.21,,-38.9098,-27.3729,-18.6469
709448,雙鴻群益5C購01,2026-08-05,1.28,-0.06,-4.48,584000000,0,綠縮,是,,1.04,1.12,1.4,,-12.5839,-17.1979,-15.9639
709449,聖暉*國泰61購01,2026-08-05,0.88,0.14,18.92,21000000,0,綠縮,是,,0.88,1.13,1.47,,-36.3768,-29.6135,-9.2232
709450,雙鴻國泰61購02,2026-08-05,0.88,-0.05,-5.38,306000000,0,綠轉紅,是,,0.69,0.75,0.9,,-13.4663,-9.4431,-15.9155
709451,久元富邦66購01,2026-08-05,0.23,0.03,15.0,20000000,0,,否,,0.38,0.42,,,-14.6667,,
709452,台半富邦64購01,2026-08-05,0.31,0.03,10.71,406000000,0,綠縮,是,,0.24,0.31,0.57,,-36.0215,-48.6532,-21.7835
709453,台半富邦66購01,2026-08-05,0.34,0.03,9.68,171000000,0,綠縮,否,,0.28,0.34,0.6,,-29.798,-45.9069,-19.37
709455,宏捷科富邦66購02,2026-08-05,0.29,0.01,3.57,2954000000,0,綠縮,是,,0.23,0.28,0.4,,-30.9524,-29.703,-19.8789
709456,長科*富邦63購01,2026-08-05,1.1,0.04,3.77,623000000,0,綠縮,是,,0.81,0.88,1.25,,-14.9474,-28.7105,-18.6281
709457,威剛富邦62購01,2026-08-05,0.59,0.03,5.36,288000000,0,,是,,0.56,0.62,0.68,,-17.6991,-14.2857,
709459,智通*富邦64購01,2026-08-05,1.04,-0.01,-0.95,665000000,0,綠縮,是,,0.99,1.23,1.33,,-32.4251,-17.4497,-4.8519
709460,智通*富邦66購01,2026-08-05,0.59,0.03,5.36,1276000000,0,,是,,0.52,0.69,0.76,,-39.4919,-21.5576,
709462,鈊象富邦66購01,2026-08-05,1.13,0.03,2.73,8000000,0,,是,,1.05,0.98,1.06,,13.9434,1.0288,-4.5639
709463,群聯富邦64購01,2026-08-05,0.43,0.04,10.26,80000000,0,綠縮,否,,0.41,0.47,0.62,,-21.673,-25.4372,-12.5968
709464,雙鴻富邦64購01,2026-08-05,1.0,0.02,2.04,45000000,0,,是,,0.96,1.0,1.11,,-7.5,-11.4159,
709465,台半國票61購02,2026-08-05,0.24,0.03,14.29,19000000,0,綠縮,否,,0.2,0.27,0.57,,-40.5882,-58.8146,-20.6634
709466,台半國票61購03,2026-08-05,0.24,0.04,20.0,190000000,0,,否,,0.21,0.28,0.6,,-42.1348,-57.8078,-21.5415
709468,佳邦國票61購02,2026-08-05,0.1,-0.01,-9.09,125000000,0,綠縮,是,,0.1,0.13,0.22,,-40.4762,-42.4893,-23.1959
709469,萊德光國票61購01,2026-08-05,0.18,0.03,20.0,110000000,0,綠轉紅,否,,0.13,0.17,0.22,,-38.8889,-29.5547,-27.4637
709472,台星科群益62購01,2026-08-05,0.4,0.07,21.21,10000000,0,,否,,0.63,0.66,,,-7.3529,,
709473,威剛群益62購01,2026-08-05,0.67,0.07,11.67,2000000,0,綠縮,否,,0.63,0.69,0.77,,-15.508,-13.75,-5.9473
709474,茂綸群益62購01,2026-08-05,1.28,0.13,11.3,67000000,0,,否,,1.07,1.02,1.31,,8.7755,-20.6977,-14.1969
709475,振曜群益5C購01,2026-08-05,0.57,0.09,18.75,11000000,0,,否,,0.52,0.65,0.82,,-32.4675,-29.815,-6.0241
709476,創惟群益5C購01,2026-08-05,0.6,0.07,13.21,11000000,0,,是,,0.59,0.88,1.14,,-49.4881,-31.6809,
709477,群聯群益5C購02,2026-08-05,0.4,0.02,5.26,2665000000,0,綠縮,是,,0.31,0.42,0.79,,-40.8397,-45.6323,-29.9867
709479,臺慶科國泰61購01,2026-08-05,0.67,0.14,26.42,1000000,0,,否,,1.09,1.64,1.99,,-50.5904,-29.5201,
709481,欣銓永豐64購01,2026-08-05,0.7,0.09,14.75,240000000,0,綠縮,是,,0.7,0.73,0.87,,-6.8783,-20.7383,-7.7046
709482,達航永豐61購01,2026-08-05,0.27,0.02,8.0,120000000,0,綠縮,是,,0.25,0.26,0.4,,-9.3525,-29.5213,-21.4567
709484,立敦富邦66購01,2026-08-05,0.36,0.02,5.88,1000000,0,綠縮,否,,0.33,0.47,0.63,,-44.5183,-31.1765,-13.627
709486,順達富邦61購02,2026-08-05,0.3,0.02,7.14,105000000,0,綠增,否,,0.47,0.6,0.68,,-37.1968,-19.5739,-14.5637
709487,漢科富邦66購01,2026-08-05,0.62,-0.02,-3.12,60000000,0,,否,,0.55,0.64,0.71,,-24.0331,-14.2665,-7.1335
709488,廣明富邦66購01,2026-08-05,0.49,0.02,4.26,27000000,0,,否,,0.61,0.62,,,-3.4591,-10.4585,
709489,璟德富邦66購01,2026-08-05,0.23,-0.01,-4.17,200000000,0,,是,,0.22,0.27,0.45,,-30.3797,-36.4929,
709492,立敦凱基5C購01,2026-08-05,0.14,0.02,16.67,5000000,0,綠縮,否,,0.17,0.31,0.6,,-63.5965,-50.8689,-21.6938
709494,朋程凱基61購01,2026-08-05,0.21,0.03,16.67,29000000,0,,否,,0.22,0.31,0.51,,-46.3054,-42.9616,-14.975
709495,能率亞凱基5C購01,2026-08-05,0.69,0.12,21.05,177000000,0,,是,,0.66,0.7,,,-10.7817,-14.1809,
709496,富喬凱基5C購01,2026-08-05,0.26,0.1,62.5,40000000,0,,是,,0.63,0.6,,,11.2281,,
709498,群聯凱基5C購02,2026-08-05,0.15,0.0,0.0,180000000,0,綠縮,是,,0.12,0.18,0.32,,-47.8261,-44.4444,-28.9888
709499,廣穎凱基61購01,2026-08-05,0.4,0.02,5.26,530000000,0,綠轉紅,是,,0.36,0.4,0.55,,-17.5115,-26.257,-24.1499
709500,中美晶台新63購01,2026-08-05,1.37,0.0,0.0,4000000,0,紅轉綠,否,,2.64,2.79,2.18,,-10.2791,22.4517,25.5338
709503,南俊台新5C購01,2026-08-05,0.22,0.03,15.79,483000000,0,綠縮,是,,0.19,0.33,0.76,,-58.7234,-55.6742,-24.6895
709506,精材台新5C購03,2026-08-05,2.66,0.29,12.24,94000000,0,,是,,3.59,3.51,2.81,,4.6064,22.3927,27.7651
709507,璟德台新5C購01,2026-08-05,0.23,-0.02,-8.0,20000000,0,,否,,0.27,0.44,0.97,,-56.2092,-50.8929,
709511,長科*元大5C購01,2026-08-05,1.46,0.2,15.87,104000000,0,,是,,1.04,1.13,1.7,,-15.6352,-31.725,
709513,晶焱元大5C購01,2026-08-05,0.17,0.01,6.25,10000000,0,,否,,0.15,0.4,0.56,,-76.3804,-44.87,-16.8161
709515,順達元大64購05,2026-08-05,1.01,0.1,10.99,142000000,0,,否,,1.03,1.2,1.36,,-25.8671,-15.3792,
709516,群聯元大61購09,2026-08-05,0.45,0.05,12.5,186000000,0,,是,,0.5,0.65,0.89,,-37.2796,-31.7846,
709517,臺慶科元大5C購01,2026-08-05,0.26,0.0,0.0,2000000,0,,否,,0.24,0.53,0.76,,-70.6601,-44.4328,
709518,中美晶富邦62購01,2026-08-05,0.66,-0.14,-17.5,3000000,0,綠增,否,,1.0,1.34,1.18,,-40.8284,-7.3053,4.5575
709521,台半凱基61購02,2026-08-05,0.28,0.0,0.0,57000000,0,,否,,0.31,0.65,0.91,,-68.2828,-39.5176,
709526,長科*凱基5C購01,2026-08-05,0.49,0.07,16.67,171000000,0,綠縮,否,,0.3,0.37,0.73,,-30.5936,-44.2943,-26.95
709527,宸曜凱基5C購01,2026-08-05,0.49,0.13,36.11,216000000,0,,是,,0.39,0.45,,,-23.0159,-24.1497,
709528,順達凱基64購02,2026-08-05,0.46,0.04,9.52,5000000,0,綠縮,否,,0.51,0.61,0.73,,-27.762,-24.0949,-13.2696
709530,大綜台新5C購01,2026-08-05,2.7,0.6,28.57,312000000,0,,是,,1.65,1.64,2.58,,1.7263,-23.4082,
709532,萊德光台新5C購01,2026-08-05,0.24,0.06,33.33,15000000,0,綠轉紅,否,,0.16,0.23,0.29,,-42.6573,-32.0242,-25.9591
709535,安葆永豐63購01,2026-08-05,0.55,0.02,3.77,225000000,0,,否,,0.6,,,,,,
709539,中美晶元大5C購04,2026-08-05,0.9,-0.08,-8.16,1000000,0,綠增,否,,1.58,1.81,1.48,,-22.7451,6.3529,13.196
709541,世界元大64購05,2026-08-05,1.28,0.14,12.28,60000000,0,,是,,1.0,1.14,,,-22.084,,
709542,台半元大5C購03,2026-08-05,0.72,0.09,14.29,1000000,0,,否,,0.64,1.01,,,-52.924,-26.3543,
709546,欣銓元大5C購01,2026-08-05,0.58,0.16,38.1,1000000,0,綠縮,否,,0.49,0.55,0.67,,-19.8697,-21.5603,-8.3333
709547,長科*元大5C購02,2026-08-05,1.39,0.1,7.75,58000000,0,,是,,1.16,1.47,2.05,,-34.276,-32.6127,
709548,長科*元大5C購03,2026-08-05,1.58,0.08,5.33,163000000,0,,否,,1.29,1.41,1.96,,-15.5556,-29.45,
709549,長科*元大66購01,2026-08-05,1.15,0.04,3.6,201000000,0,,否,,0.9,0.99,1.27,,-15.6716,-24.5802,-13.1579
709552,順達元大64購06,2026-08-05,0.78,0.02,2.63,619000000,0,綠縮,是,,0.72,0.88,1.07,,-30.2505,-25.9041,-11.6776
709554,聖暉*元大5C購04,2026-08-05,0.69,0.08,13.11,4000000,0,綠增,否,,0.94,1.14,1.3,,-29.5522,-21.7808,0.1538
709555,方土昶群益5C購01,2026-08-05,0.46,0.05,12.2,206000000,0,綠縮,否,,0.29,0.35,0.48,,-28.7805,-30.0797,-22.3759
709556,世界群益5C購03,2026-08-05,0.68,0.13,23.64,355000000,0,綠縮,是,,0.57,0.79,1.31,,-43.5897,-35.3708,-15.5261
709557,台半群益5C購02,2026-08-05,0.62,0.12,24.0,10000000,0,,否,,0.45,0.79,1.1,,-60.3873,-38.1917,
709558,台半群益61購01,2026-08-05,0.75,0.11,17.19,410000000,0,,是,,0.87,1.31,,,-50.3982,-16.6667,
709560,長科*群益61購01,2026-08-05,0.87,0.11,14.47,2000000,0,綠縮,否,,0.64,0.72,1.06,,-19.6474,-34.3119,-21.418
709561,南俊群益5C購01,2026-08-05,0.28,0.04,16.67,232000000,0,綠縮,是,,0.26,0.38,0.75,,-49.6063,-49.1345,-22.5155
709562,富喬群益5C購02,2026-08-05,0.53,0.09,20.45,1227000000,0,綠縮,是,,0.31,0.51,1.04,,-56.6197,-50.9634,-23.4795
709563,群聯群益5C購03,2026-08-05,0.3,0.07,30.43,700000000,0,,是,,0.41,0.72,,,-60.0775,,
709564,臺慶科群益5C購01,2026-08-05,0.28,0.03,12.0,60000000,0,綠縮,否,,0.23,0.3,0.62,,-36.1111,-45.7721,-33.2616
709567,方土昶凱基5C購02,2026-08-05,0.32,0.1,45.45,27000000,0,綠縮,否,,0.26,0.32,0.43,,-30.1075,-23.6715,-19.4366
709568,威剛凱基61購01,2026-08-05,0.3,-0.01,-3.23,659000000,0,,是,,0.32,0.35,,,-16.8421,,
709569,雅特力凱基5C購01,2026-08-05,1.76,-0.02,-1.12,100000000,0,紅縮,是,,2.51,2.33,1.76,,17.2736,38.265,24.2958
709570,聰泰凱基5C購01,2026-08-05,0.36,0.0,0.0,10000000,0,,否,,0.38,0.46,,,-30.6273,-26.087,
709573,能率台新5C購01,2026-08-05,1.08,0.29,36.71,6000000,0,,否,,0.89,1.08,1.14,,-29.5419,-14.7709,
709574,良維富邦61購02,2026-08-05,0.12,0.01,9.09,1000000,0,,否,,0.16,0.3,0.41,,-64.1256,-34.9785,
709575,群聯富邦63購01,2026-08-05,0.26,0.03,13.04,40000000,0,,否,,0.23,0.32,0.45,,-46.1905,-36.4173,
709576,雙鴻富邦62購01,2026-08-05,0.42,0.03,7.69,20000000,0,,否,,0.35,0.4,0.48,,-20.7207,-17.9381,-11.6451
709577,達航國票61購01,2026-08-05,0.24,-0.01,-4.0,378000000,0,,是,,0.19,0.26,0.4,,-39.6226,-37.9562,
709579,中美晶元大5C購05,2026-08-05,1.92,0.46,31.51,8000000,0,,否,,1.72,2.54,2.4,,-48.8109,-15.0918,0.5456
709581,世界元大64購06,2026-08-05,0.76,0.08,11.76,115000000,0,綠縮,否,,0.63,0.7,0.87,,-17.2324,-15.6627,-2.2472
709583,台半元大66購03,2026-08-05,1.17,0.11,10.38,78000000,0,,否,,1.15,1.43,,,-33.0617,-13.3535,
709586,富喬元大64購01,2026-08-05,0.46,0.11,31.43,5000000,0,,否,,0.48,0.58,0.61,,-30.5233,-16.1151,
709587,順達元大5C購05,2026-08-05,1.08,0.09,9.09,273000000,0,,是,,1.28,1.52,1.76,,-27.138,-20.5867,
709588,群聯元大61購11,2026-08-05,0.24,0.01,4.35,11000000,0,綠縮,否,,0.22,0.27,0.4,,-28.8462,-32.4051,-18.8199
709589,群聯元大64購04,2026-08-05,0.34,0.03,9.68,822000000,0,綠縮,是,,0.31,0.36,0.48,,-22.6601,-24.8434,-16.2445
709591,威剛群益5C購03,2026-08-05,0.75,-0.01,-1.32,1134000000,0,,否,,0.86,0.85,1.04,,3.1026,-13.0746,-10.9021
709592,群聯群益5C購04,2026-08-05,0.95,0.03,3.26,1000000,0,綠縮,否,,0.88,1.11,1.71,,-34.1829,-34.5562,-21.8543
709595,富喬國票5C購03,2026-08-05,0.46,0.06,15.0,2000000,0,,否,,0.54,0.76,,,-44.6502,-24.5,
709596,群聯國票61購04,2026-08-05,0.41,0.05,13.89,1000000,0,,否,,0.39,0.49,0.72,,-32.4138,-36.6362,
709597,精確國票61購01,2026-08-05,0.33,0.03,10.0,4000000,0,,否,,0.32,0.52,0.66,,-55.3719,-29.0541,
709598,磐亞國票61購01,2026-08-05,1.99,0.36,22.09,4000000,0,綠縮,否,,1.47,1.91,2.09,,-37.5107,-23.8818,3.9323
709601,世界元大5C購05,2026-08-05,1.18,0.18,18.0,10000000,0,,否,,0.98,1.13,1.45,,-23.3542,-19.3271,
709602,世界元大64購07,2026-08-05,1.27,0.2,18.69,19000000,0,,是,,1.03,1.15,1.38,,-19.8438,-15.593,0.6957
709603,世界元大66購02,2026-08-05,0.74,0.07,10.45,67000000,0,,是,,0.64,0.71,0.81,,-17.5258,-12.2677,
709605,威剛元大5C購02,2026-08-05,1.22,0.02,1.67,278000000,0,,是,,1.23,1.23,1.42,,0.3268,-11.544,-7.8176
709606,威剛元大61購02,2026-08-05,1.06,0.06,6.0,43000000,0,,是,,1.01,1.08,,,-12.6298,-15.8508,
709608,群聯元大5C購05,2026-08-05,0.46,0.03,6.98,283000000,0,綠縮,是,,0.42,0.5,0.74,,-29.7297,-31.0534,-20.2477
709609,群聯元大61購12,2026-08-05,0.33,0.03,10.0,1000000,0,綠縮,否,,0.3,0.34,0.47,,-22.9167,-27.6596,-16.4903
709611,磐亞元大5C購01,2026-08-05,3.9,0.3,8.33,3000000,0,,否,,3.86,4.67,,,-29.4591,9.5305,
709613,大綜永豐61購01,2026-08-05,1.41,0.27,23.68,381000000,0,,是,,1.02,1.27,,,-32.3179,,
709614,磐亞永豐61購01,2026-08-05,2.3,0.43,22.99,132000000,0,,否,,2.09,2.77,2.62,,-39.4097,-14.0867,
709617,磐亞凱基5C購01,2026-08-05,2.04,0.46,29.11,11000000,0,綠增,是,,2.75,3.26,2.65,,-26.9251,2.5811,21.131
709619,大綜台新5C購02,2026-08-05,1.88,0.47,33.33,97000000,0,,否,,1.11,1.16,,,-7.1786,,
709627,群聯群益5C購05,2026-08-05,0.93,0.13,16.25,56000000,0,,是,,0.96,1.34,1.7,,-44.6882,-28.7606,
709628,雙鴻群益62購01,2026-08-05,0.31,0.04,14.81,50000000,0,,否,,0.31,0.38,0.45,,-30.4933,-21.9008,
709629,方土昶永豐63購01,2026-08-05,0.45,0.08,21.62,138000000,0,,否,,0.36,0.44,0.59,,-32.0611,-29.0323,
709630,系微永豐61購01,2026-08-05,0.45,0.06,15.38,15000000,0,,否,,0.87,,,,,,
709633,鈊象永豐64購01,2026-08-05,0.99,0.04,4.21,5000000,0,,否,,0.91,0.9,0.92,,2.2523,-0.6637,
709635,雙鴻群益5C購03,2026-08-05,0.96,0.1,11.63,10000000,0,綠轉紅,是,,0.75,0.78,0.96,,-7.6543,-9.2075,-16.544
709636,大綜國票5C購01,2026-08-05,0.92,0.22,31.43,385000000,0,紅增,是,,0.56,0.6,0.7,,-10.4762,-9.8187,-32.5515
709638,光聚晶國票61購01,2026-08-05,0.37,0.0,0.0,16000000,0,,否,,0.41,0.47,0.56,,-23.3083,-17.9756,
709640,家登國票5C購01,2026-08-05,0.56,0.08,16.67,10000000,0,,否,,0.84,,,,,,
709644,大綜凱基5C購01,2026-08-05,0.5,0.15,42.86,1496000000,0,綠轉紅,是,,0.28,0.31,0.46,,-16.6667,-17.2043,-33.4056
709647,朋億*凱基5C購01,2026-08-05,0.79,0.1,14.49,91000000,0,綠縮,是,,0.7,1.03,1.34,,-48.5337,-30.4845,-15.319
709648,威剛凱基5C購03,2026-08-05,0.37,-0.01,-2.63,732000000,0,綠轉紅,是,,0.37,0.36,0.42,,6.3584,-12.5,-10.0
709649,茂訊凱基5C購01,2026-08-05,0.86,0.17,24.64,61000000,0,,是,,0.76,0.75,0.82,,0.8,-11.8267,-4.601
709650,富喬凱基5C購02,2026-08-05,0.39,0.09,30.0,20000000,0,,否,,0.34,0.46,0.6,,-41.115,-30.9091,
709652,雅特力凱基5C購02,2026-08-05,0.79,0.01,1.28,38000000,0,,否,,1.15,1.47,1.2,,-35.7623,-3.8714,14.2178
709653,群聯凱基5C購04,2026-08-05,0.2,0.02,11.11,30000000,0,,否,,0.17,0.21,0.33,,-34.6154,-34.2508,-22.104
709654,精確凱基5C購01,2026-08-05,0.28,0.03,12.0,70000000,0,綠縮,是,,0.23,0.32,0.51,,-44.3902,-41.7883,-22.5881
709655,大綜台新5C購03,2026-08-05,1.08,0.29,36.71,602000000,0,,是,,0.6,0.69,,,-21.7617,-9.5926,
709656,大綜台新5C購04,2026-08-05,1.13,0.49,76.56,101000000,0,,否,,0.66,0.79,,,-28.8793,,
709657,方土昶台新5C購01,2026-08-05,0.57,0.06,11.76,29000000,0,,是,,0.52,0.72,,,-42.8884,-35.7782,
709664,大綜元大5C購01,2026-08-05,0.6,0.18,42.86,65000000,0,,是,,0.42,0.44,0.8,,-10.6838,-37.9552,
709665,中美晶元大5C購07,2026-08-05,1.88,-0.14,-6.93,159000000,0,綠縮,是,,1.77,2.56,2.24,,-47.2554,-9.4446,1.9069
709666,台半元大5C購06,2026-08-05,0.5,0.08,19.05,1000000,0,,否,,0.41,0.81,1.01,,-65.9504,-35.1719,
709668,威剛元大61購03,2026-08-05,0.58,0.03,5.45,218000000,0,綠轉紅,是,,0.54,0.53,0.61,,4.2146,-11.4618,-9.2125
709669,家登元大5C購04,2026-08-05,0.47,0.06,14.63,1000000,0,,否,,0.54,0.57,0.73,,-11.8033,-26.0309,-11.8461
709670,群聯元大5C購06,2026-08-05,0.41,0.04,10.81,230000000,0,,是,,0.44,0.54,0.79,,-32.1981,-34.7774,
709672,群聯元大5C購08,2026-08-05,0.32,0.02,6.67,3000000,0,,否,,0.29,0.33,0.48,,-24.2105,-30.2714,-19.0476
709673,群聯元大66購05,2026-08-05,0.52,0.02,4.0,170000000,0,綠縮,否,,0.44,0.51,0.66,,-22.807,-22.546,-15.35
709674,聖暉*元大5C購05,2026-08-05,0.54,0.04,8.0,851000000,0,綠縮,是,,0.67,0.83,1.11,,-33.6653,-32.169,-8.7546
709675,聖暉*元大5C購06,2026-08-05,0.5,0.06,13.64,2000000,0,,否,,0.62,0.74,0.97,,-26.8235,-31.5349,-7.0192
709677,正德群益5C購01,2026-08-05,0.66,0.0,0.0,19000000,0,,是,,0.76,,,,,,
709682,群聯群益5C購06,2026-08-05,1.58,0.24,17.91,56000000,0,綠縮,是,,1.42,1.61,2.36,,-21.5708,-29.6861,-19.0395
709684,立端永豐64購01,2026-08-05,0.56,0.05,9.8,6000000,0,,否,,0.59,0.58,0.62,,3.1359,-2.6711,
709686,建榮永豐61購01,2026-08-05,0.44,0.14,46.67,60000000,0,,是,,0.36,0.49,0.77,,-42.7653,-39.0274,
709687,茂訊永豐5C購01,2026-08-05,0.67,0.08,13.56,73000000,0,,是,,0.61,0.63,0.71,,-4.9844,-12.4476,
709688,雅特力永豐61購01,2026-08-05,1.23,0.0,0.0,311000000,0,,是,,1.34,1.68,1.33,,-33.6967,8.6788,
709689,群聯永豐5C購09,2026-08-05,0.48,0.04,9.09,72000000,0,,否,,0.86,1.05,,,-30.7568,,
709690,綠界*永豐61購01,2026-08-05,0.63,0.02,3.28,16000000,0,,否,,0.77,0.85,,,-18.5106,-13.664,
709694,伍豐國票61購01,2026-08-05,0.35,0.03,9.38,55000000,0,,是,,0.52,,,,,,
709695,光焱國票61購01,2026-08-05,0.31,-0.03,-8.82,10000000,0,,否,,0.36,0.42,,,-25.8333,-21.7228,
709696,安勤國票61購01,2026-08-05,0.78,0.08,11.43,182000000,0,綠增,是,,0.89,0.92,0.91,,-5.7325,-0.7592,1.5616
709700,建榮國票5C購01,2026-08-05,0.22,0.06,37.5,130000000,0,,否,,0.23,0.41,,,-60.2041,-34.9684,
709701,博士旺國票5C購01,2026-08-05,0.48,0.23,92.0,1000000,0,綠轉紅,否,,0.34,0.27,0.39,,69.0,-20.8824,-17.8723
709704,晶焱國票5C購01,2026-08-05,0.35,0.03,9.38,80000000,0,,否,,0.6,0.73,,,-30.0699,-21.7811,
709705,雅特力國票61購01,2026-08-05,0.9,0.01,1.12,772000000,0,綠增,是,,0.97,1.19,1.13,,-31.1174,-14.2857,6.7294
709706,雅特力國票61購02,2026-08-05,0.74,-0.02,-2.63,736000000,0,,是,,0.76,1.02,0.89,,-40.0,-9.5281,4.7591
709708,聚和國票61購01,2026-08-05,0.67,0.07,11.67,5000000,0,,否,,0.82,1.02,,,-32.7869,-7.5249,
709709,臺慶科國票61購02,2026-08-05,0.4,0.08,25.0,2000000,0,綠增,否,,0.52,0.61,0.91,,-24.058,-31.4898,-19.9475
709712,威剛國泰61購01,2026-08-05,0.9,-0.02,-2.17,230000000,0,,否,,0.87,1.24,,,-45.8281,,
709713,湧德國泰61購01,2026-08-05,0.36,0.06,20.0,22000000,0,,是,,0.35,0.39,0.51,,-17.3709,-27.2897,
709714,光焱台新5C購01,2026-08-05,0.54,-0.01,-1.82,400000000,0,,否,,0.55,0.67,,,-29.6675,,
709717,雅特力台新5C購01,2026-08-05,1.13,0.02,1.8,353000000,0,綠增,是,,1.29,2.02,1.65,,-53.0138,-9.7235,7.3797
709718,雅特力台新5C購02,2026-08-05,0.9,-0.06,-6.25,469000000,0,綠增,是,,1.72,2.14,1.56,,-33.0218,10.1181,20.9527
709720,雙鴻台新5C購02,2026-08-05,1.18,0.04,3.51,85000000,0,,是,,1.04,1.14,1.43,,-15.6958,-18.6429,
709724,中美晶元大5C購09,2026-08-05,1.33,-0.07,-5.0,802000000,0,綠縮,是,,1.26,1.82,1.61,,-46.925,-10.4043,1.0028
709725,方土昶元大5C購01,2026-08-05,1.04,0.19,22.35,100000000,0,,否,,0.99,1.3,,,-37.7193,-24.7093,
709729,威剛元大61購04,2026-08-05,1.25,0.0,0.0,31000000,0,,是,,1.26,1.3,1.45,,-6.6667,-8.6134,
709730,富喬元大64購02,2026-08-05,0.8,0.15,23.08,119000000,0,綠縮,否,,0.51,0.59,0.83,,-24.4776,-29.5808,-13.302
709731,順達元大5C購06,2026-08-05,1.03,-0.02,-1.9,1935000000,0,綠縮,是,,1.13,1.39,1.69,,-31.7576,-27.6707,-12.6291
709732,鈊象元大5C購05,2026-08-05,1.99,0.05,2.58,164000000,0,,否,,1.81,1.69,1.82,,14.5939,-2.536,-2.3542
709733,群聯元大5C購09,2026-08-05,0.62,0.09,16.98,170000000,0,,否,,0.62,0.86,1.13,,-43.5805,-31.458,
709734,群聯元大5C購10,2026-08-05,0.47,0.04,9.3,250000000,0,,是,,0.49,0.62,,,-33.6021,-33.0811,
709735,群聯元大5C購11,2026-08-05,0.36,0.02,5.88,21000000,0,,否,,0.32,0.4,0.57,,-32.4895,-30.4729,-14.9142
709736,群聯元大66購06,2026-08-05,0.57,0.02,3.64,481000000,0,,是,,0.49,0.54,0.69,,-18.7291,-21.563,-17.006
709737,精材元大5C購03,2026-08-05,3.56,0.14,4.09,145000000,0,,是,,2.92,2.33,,,69.213,,
709738,精材元大64購01,2026-08-05,3.8,0.28,7.95,1000000,0,,否,,3.19,3.55,3.15,,-18.6224,3.4332,13.5544
709739,精材元大66購04,2026-08-05,2.98,0.15,5.3,1000000,0,,否,,3.88,3.82,3.26,,3.2481,15.6667,20.0184
709740,順達凱基5C購03,2026-08-05,0.21,-0.01,-4.55,252000000,0,綠縮,是,,0.23,0.33,0.48,,-46.4789,-40.7609,-21.4168
709742,聖暉*凱基5C購02,2026-08-05,0.31,0.03,10.71,320000000,0,綠縮,否,,0.33,0.51,0.77,,-52.1866,-35.7414,-19.0651
709745,宜鼎元大5C購05,2026-08-05,0.7,0.06,9.38,587000000,0,綠縮,是,,0.57,0.6,0.81,,-8.6538,-24.3346,-23.8429
709746,宜鼎元大61購04,2026-08-05,0.55,0.05,10.0,112000000,0,綠轉紅,否,,0.45,0.45,0.6,,-0.8772,-19.5035,-20.2389
709747,廣閎科元大5C購01,2026-08-05,0.93,0.1,12.05,25000000,0,,是,,0.82,1.32,1.37,,-54.796,-26.3011,
709748,宜鼎群益5C購01,2026-08-05,0.49,0.06,13.95,952000000,0,綠轉紅,是,,0.36,0.37,0.55,,-4.7619,-27.2189,-26.6134
709749,宜鼎群益5C購02,2026-08-05,0.39,0.05,14.71,419000000,0,,是,,0.33,0.39,0.6,,-26.1062,-32.1244,-24.4654
709750,宜鼎群益5C購03,2026-08-05,0.44,0.08,22.22,69000000,0,,否,,0.35,0.37,0.56,,-10.3627,-31.7164,-31.2996
709751,方土昶國票61購01,2026-08-05,0.92,0.1,12.2,406000000,0,,是,,0.76,0.92,1.14,,-30.1294,-19.6678,
709753,宜鼎國票61購01,2026-08-05,0.71,0.07,10.94,378000000,0,綠縮,是,,0.56,0.59,0.84,,-10.6109,-27.1941,-26.5092
709755,凱崴國票61購01,2026-08-05,0.4,0.03,8.11,20000000,0,綠縮,是,,0.32,0.39,0.64,,-31.4655,-40.3963,-26.2248
709757,華容國票61購01,2026-08-05,3.1,-0.09,-2.82,11000000,0,,是,,2.61,3.24,2.79,,-32.4716,-5.8687,
709758,萊德光國票61購02,2026-08-05,0.43,0.06,16.22,261000000,0,,是,,0.37,0.49,,,-38.8889,-27.8184,
709759,萊德光國票61購03,2026-08-05,0.31,0.03,10.71,853000000,0,綠縮,是,,0.25,0.31,0.37,,-33.1522,-24.57,-24.1237
709760,宜特國泰61購01,2026-08-05,0.7,0.04,6.06,9000000,0,,否,,0.81,1.03,,,-35.2,-21.1332,
709761,宜鼎國泰61購02,2026-08-05,1.07,0.05,4.9,13000000,0,紅增,是,,0.97,0.84,1.03,,34.4444,-5.5928,-16.7544
709762,宜鼎國泰61購03,2026-08-05,0.91,0.1,12.35,330000000,0,綠縮,是,,0.68,0.7,1.01,,-6.6298,-25.2935,-27.2432
709763,宜鼎國泰61購04,2026-08-05,0.98,0.13,15.29,2000000,0,綠縮,是,,0.76,0.79,1.14,,-7.335,-29.009,-26.3294
709766,宜特富邦62購01,2026-08-05,0.43,0.02,4.88,36000000,0,,是,,0.39,0.51,0.58,,-36.5696,-20.0949,
709767,宜鼎富邦5C購04,2026-08-05,0.34,0.04,13.33,328000000,0,,是,,0.31,0.31,0.44,,0.0,-27.1462,-26.0217
709768,朋程富邦62購01,2026-08-05,0.45,0.04,9.76,184000000,0,,是,,0.45,0.51,0.68,,-22.1453,-27.5035,-12.3217
709769,朋程富邦63購01,2026-08-05,0.42,0.03,7.69,156000000,0,,是,,0.41,0.53,0.68,,-38.1818,-27.5441,
709776,威剛凱基5C購04,2026-08-05,0.79,0.15,23.44,152000000,0,綠轉紅,否,,0.68,0.67,0.75,,4.2945,-5.9322,-6.1952
709778,博智凱基5C購03,2026-08-05,0.26,0.03,13.04,10000000,0,,否,,0.63,0.78,,,-32.4034,,
709779,富喬凱基5C購03,2026-08-05,0.42,0.04,10.53,245000000,0,,是,,0.27,0.37,0.6,,-43.6441,-40.1945,-18.9445
709781,群聯凱基61購05,2026-08-05,0.36,0.03,9.09,26000000,0,綠縮,是,,0.32,0.35,0.49,,-15.2632,-24.8394,-19.6857
709783,宜鼎台新5C購01,2026-08-05,0.76,0.08,11.76,1118000000,0,綠縮,是,,0.55,0.57,0.85,,-6.7797,-28.839,-25.7826
709784,宜鼎台新5C購02,2026-08-05,0.83,0.09,12.16,1874000000,0,綠轉紅,是,,0.61,0.64,0.96,,-8.3832,-28.1706,-26.4107
709785,宜鼎台新5C購03,2026-08-05,0.68,0.06,9.68,2794000000,0,綠縮,是,,0.49,0.53,0.8,,-12.4555,-29.0713,-28.1081
709786,宜鼎中信5C購02,2026-08-05,0.23,0.03,15.0,5000000,0,,否,,0.18,0.21,0.34,,-27.8689,-33.5443,-26.4009
709787,宜鼎永豐64購01,2026-08-05,0.53,0.07,15.22,74000000,0,,否,,0.46,0.52,0.71,,-21.0345,-23.7885,
709788,宜鼎永豐65購01,2026-08-05,0.45,0.02,4.65,1375000000,0,綠縮,是,,0.38,0.39,0.48,,-5.0,-16.4882,-17.6268
709789,宇峻國泰61購01,2026-08-05,1.7,0.16,10.39,47000000,0,,否,,1.75,1.9,,,-14.9123,-10.6353,
709790,華景電國泰61購01,2026-08-05,0.56,0.04,7.69,31000000,0,,否,,0.52,0.86,,,-56.6667,-33.9985,
709791,群聯國泰61購02,2026-08-05,0.94,0.01,1.08,30000000,0,,否,,0.81,0.97,1.41,,-28.0919,-30.698,-22.9383
709792,漢達國泰61購01,2026-08-05,2.86,0.18,6.72,125000000,0,綠縮,是,,2.94,2.8,3.27,,10.293,-11.6756,-0.9547
709793,世界凱基5C購05,2026-08-05,0.6,0.04,7.14,100000000,0,,是,,0.61,0.78,,,-35.5932,-33.0457,
709796,宜鼎凱基5C購05,2026-08-05,0.36,0.02,5.88,743000000,0,綠轉紅,是,,0.29,0.3,0.43,,-7.1429,-26.8473,-25.9165
709800,順達凱基61購01,2026-08-05,0.28,0.02,7.69,1000000,0,,否,,0.38,0.51,,,-40.625,-18.5304,
709801,璟德凱基5C購01,2026-08-05,0.18,-0.03,-14.29,495000000,0,,是,,0.16,0.19,0.36,,-27.7778,-37.7926,
709803,宏捷科台新5C購01,2026-08-05,0.71,0.14,24.56,60000000,0,,否,,0.57,0.64,0.98,,-19.774,-33.9545,-22.7273
709804,宜鼎台新5C購04,2026-08-05,0.92,0.11,13.58,2274000000,0,綠轉紅,是,,0.65,0.69,1.1,,-10.4396,-31.4115,-29.4666
709805,宜鼎台新61購01,2026-08-05,1.19,0.19,19.0,415000000,0,綠轉紅,是,,0.84,0.89,1.33,,-11.2527,-28.3065,-26.495
709806,東浦台新5C購01,2026-08-05,1.18,0.05,4.42,12000000,0,綠縮,否,,1.25,1.63,2.16,,-38.0716,-30.6809,-16.3182
709807,家登台新5C購01,2026-08-05,0.74,0.13,21.31,1000000,0,,否,,0.65,0.91,1.28,,-44.2341,-33.9416,
709808,順達台新61購02,2026-08-05,1.24,0.22,21.57,108000000,0,,否,,1.41,1.86,2.3,,-38.8408,-27.027,
709809,新漢台新5C購01,2026-08-05,1.32,0.26,24.53,1861000000,0,,是,,1.01,1.08,1.38,,-12.825,-24.3697,
709810,廣閎科台新5C購01,2026-08-05,1.6,0.33,25.98,1630000000,0,,是,,1.91,2.69,,,-44.8415,,
709811,富喬中信5C購03,2026-08-05,0.18,0.04,28.57,450000000,0,,是,,0.36,0.45,,,-33.2103,,
709814,群聯永豐64購04,2026-08-05,0.74,0.08,12.12,114000000,0,,否,,1.13,1.23,,,-15.0376,,
709816,宜鼎元大5C購06,2026-08-05,0.4,0.05,14.29,1588000000,0,,是,,0.35,0.36,0.5,,-5.3476,-25.4098,-24.6235
709817,宜鼎元大5C購07,2026-08-05,0.58,0.05,9.43,333000000,0,綠轉紅,是,,0.47,0.49,0.65,,-5.9524,-20.8738,-20.6204
709818,宜鼎元大5C購08,2026-08-05,0.51,0.03,6.25,818000000,0,綠縮,否,,0.43,0.45,0.61,,-7.7586,-25.9136,-22.8878
709819,威剛元大5C購03,2026-08-05,1.53,0.06,4.08,71000000,0,,否,,1.47,1.56,1.69,,-11.2319,-8.4359,
709821,群聯元大5C購13,2026-08-05,0.72,0.07,10.77,404000000,0,,是,,0.73,0.83,1.12,,-21.5812,-23.2537,
709822,群聯元大5C購14,2026-08-05,0.78,0.07,9.86,247000000,0,綠縮,是,,0.71,0.78,1.05,,-15.677,-23.5468,-18.3841
709823,群聯元大61購13,2026-08-05,0.6,0.06,11.11,190000000,0,,是,,0.63,0.72,0.99,,-22.113,-24.8963,
709824,廣閎科元大5C購02,2026-08-05,1.62,0.22,15.71,5000000,0,,否,,2.18,2.88,,,-39.162,-4.0333,
709827,加高國票61購02,2026-08-05,0.27,0.0,0.0,182000000,0,,是,,0.31,0.5,0.58,,-56.4103,-25.2226,
709828,立端國票61購01,2026-08-05,0.54,0.05,10.2,50000000,0,,是,,0.62,,,,,,
709829,邑錡國票5C購01,2026-08-05,0.78,0.05,6.85,5000000,0,,否,,0.82,1.16,1.27,,-45.9603,-26.3458,
709831,宜鼎國票61購02,2026-08-05,0.52,0.05,10.64,40000000,0,,否,,0.58,0.88,,,-50.1712,,
709833,杰力國票61購01,2026-08-05,0.72,-0.01,-1.37,365000000,0,綠縮,是,,0.62,0.61,0.84,,5.7627,-20.3412,-13.3161
709835,長聖國票61購01,2026-08-05,0.68,0.02,3.03,28000000,0,,是,,0.69,0.74,0.85,,-13.0982,-18.6404,-1.397
709836,胡連國票61購01,2026-08-05,0.69,0.03,4.55,36000000,0,,否,,0.78,0.83,,,-12.2172,,
709837,韋僑國票61購01,2026-08-05,0.34,0.01,3.03,499000000,0,,是,,0.41,0.5,,,-31.6498,,
709838,宸曜國票5C購01,2026-08-05,0.65,0.15,30.0,70000000,0,,否,,0.68,,,,,,
709839,能率亞國票61購01,2026-08-05,1.03,0.15,17.05,21000000,0,,否,,0.79,0.95,1.08,,-29.3381,-16.9713,
709840,凱崴國票61購02,2026-08-05,0.29,0.01,3.57,50000000,0,,是,,0.26,0.37,0.58,,-47.7551,-35.8003,
709841,湧德國票5C購01,2026-08-05,0.39,0.05,14.71,4000000,0,,否,,0.41,0.54,,,-38.209,,
709843,華容國票61購02,2026-08-05,2.34,-0.06,-2.5,144000000,0,,否,,2.14,2.19,2.69,,-4.0359,-15.2115,
709850,宜鼎群益5C購04,2026-08-05,0.35,0.04,12.9,526000000,0,,否,,0.31,0.44,0.67,,-45.9649,-30.6477,
709852,群聯群益5C購07,2026-08-05,2.3,0.15,6.98,541000000,0,,否,,2.09,2.42,3.42,,-23.8719,-28.487,-19.9039
709854,智通*富邦62購01,2026-08-05,0.67,0.03,4.69,136000000,0,,否,,0.58,0.76,0.81,,-38.4615,-18.0932,-5.9884
709855,湧德富邦62購01,2026-08-05,0.41,0.04,10.81,177000000,0,,否,,0.35,0.38,0.46,,-15.6098,-20.5882,
709856,閎康富邦62購02,2026-08-05,0.55,0.1,22.22,1000000,0,,否,,0.44,0.49,,,-17.9104,-20.3915,
709857,聖暉*富邦5C購02,2026-08-05,0.6,0.05,9.09,156000000,0,,否,,0.86,0.95,1.22,,-17.6923,-25.5302,-8.712
709859,方土昶國票61購02,2026-08-05,0.77,0.09,13.24,5000000,0,,否,,0.76,,,,,,
709861,台嘉碩國票5C購02,2026-08-05,0.46,0.0,0.0,81000000,0,綠縮,是,,0.42,0.45,0.7,,-12.8099,-29.6584,-15.4639
709863,兆利國票61購01,2026-08-05,0.5,0.03,6.38,30000000,0,,,,,,,,,,
709867,順達國票61購02,2026-08-05,0.56,0.08,16.67,81000000,0,,否,,0.66,0.81,,,-31.9588,-30.4608,
709868,緯軟國票61購01,2026-08-05,0.83,0.03,3.75,150000000,0,,是,,0.73,0.8,0.89,,-15.9353,-9.8416,
709869,華容群益5C購02,2026-08-05,2.97,-0.03,-1.0,64000000,0,,否,,2.77,3.92,,,-45.3433,6.2924,
709873,世紀*永豐5C購01,2026-08-05,0.81,0.05,6.58,15000000,0,,否,,0.69,0.91,1.2,,-38.7211,-32.8899,
709874,博智永豐5C購03,2026-08-05,0.47,0.01,2.17,139000000,0,,是,,0.64,0.93,,,-47.6974,-31.9618,
709875,中美晶元大5C購10,2026-08-05,2.29,-0.15,-6.15,370000000,0,,是,,2.19,3.02,2.74,,-42.9537,-10.1458,0.6625
709879,華容元大5C購01,2026-08-05,3.56,-0.16,-4.3,3000000,0,,否,,3.34,3.24,3.72,,5.7704,-14.7175,10.2119
709880,順達元大5C購07,2026-08-05,0.44,0.02,4.76,108000000,0,,否,,0.67,0.8,0.97,,-27.7419,-25.0,-14.6266
709881,精材元大5C購04,2026-08-05,2.85,-0.07,-2.4,103000000,0,,是,,2.82,3.1,2.69,,-16.2515,5.5896,
709885,泓格凱基5C購01,2026-08-05,0.82,0.24,41.38,557000000,0,,是,,0.64,0.8,0.75,,-33.1942,1.0114,
709889,湧德凱基61購01,2026-08-05,0.43,0.05,13.16,78000000,0,,是,,0.44,0.54,,,-31.677,-21.4493,
709890,華容凱基61購01,2026-08-05,1.47,-0.03,-2.0,30000000,0,綠縮,否,,1.38,1.43,1.78,,-6.8826,-14.3114,-0.8919
709893,廣閎科凱基5C購01,2026-08-05,0.61,0.12,24.49,175000000,0,,是,,0.61,0.81,,,-39.5626,-35.0242,
709896,中美晶統一66購02,2026-08-05,0.87,-0.03,-3.33,675000000,0,綠縮,否,,0.82,1.14,1.21,,-43.544,-23.2997,-1.541
709897,立敦統一63購02,2026-08-05,0.27,0.01,3.85,27000000,0,,否,,0.42,0.53,0.66,,-34.2679,-24.6459,
709902,宜鼎統一64購01,2026-08-05,0.39,0.02,5.41,153000000,0,,是,,0.33,0.34,0.43,,-2.3529,-17.037,-16.6342
709903,宜鼎統一64購02,2026-08-05,0.37,0.02,5.71,20000000,0,,否,,0.3,0.33,,,-15.1685,-32.9939,
709905,宜鼎統一64購04,2026-08-05,0.29,0.02,7.41,5000000,0,,否,,0.23,0.28,0.39,,-31.1377,-25.7895,
709906,宜鼎統一66購03,2026-08-05,0.47,0.03,6.82,3070000000,0,綠轉紅,是,,0.35,0.37,0.5,,-8.7629,-22.547,-21.59
709907,宜鼎統一66購04,2026-08-05,0.54,0.02,3.85,59000000,0,綠轉紅,是,,0.47,0.47,0.56,,-1.6807,-12.9151,-14.4606
709909,建榮統一66購01,2026-08-05,0.32,0.06,23.08,124000000,0,,是,,0.25,0.3,0.42,,-24.4048,-28.3981,-17.5074
709914,富喬統一64購02,2026-08-05,0.47,0.05,11.9,3000000,0,,否,,0.69,,,,,,
709915,富喬統一64購03,2026-08-05,0.41,0.04,10.81,12000000,0,,否,,0.65,0.69,,,-10.9589,,
709917,群聯統一64購02,2026-08-05,0.49,0.02,4.26,230000000,0,,否,,0.42,0.55,,,-39.4203,-32.0245,
709918,精材統一66購01,2026-08-05,1.09,0.03,2.83,554000000,0,,是,,1.04,1.35,1.32,,-37.6499,-13.8677,
709919,精材統一6C購01,2026-08-05,0.99,0.03,3.12,187000000,0,,否,,1.26,1.24,1.11,,2.946,10.6155,
709920,臺慶科統一64購02,2026-08-05,0.27,0.03,12.5,5000000,0,,否,,0.29,0.5,,,-58.7571,-33.1551,
709921,臺慶科統一66購02,2026-08-05,0.24,0.02,9.09,42000000,0,,否,,0.21,0.27,,,-37.3494,-45.2333,
709923,臺慶科統一6A購02,2026-08-05,0.33,0.01,3.12,17000000,0,,否,,0.33,0.41,,,-35.0598,-24.7273,
709924,廣閎科統一66購01,2026-08-05,0.57,0.05,9.62,102000000,0,,否,,0.57,,,,,,
709929,雙鴻統一65購02,2026-08-05,0.54,-0.01,-1.82,164000000,0,,是,,0.49,0.57,,,-24.8466,-16.885,
709930,宏觀國泰61購01,2026-08-05,0.56,0.04,7.69,22000000,0,,否,,0.68,0.85,,,-33.7891,,
709931,金益鼎國泰61購01,2026-08-05,0.87,0.05,6.1,50000000,0,,否,,0.8,0.87,1.05,,-15.1386,-17.1128,
709932,立敦台新5C購03,2026-08-05,0.32,0.11,52.38,1000000,0,,否,,0.28,0.46,0.81,,-56.7901,-45.5399,-20.2856
709933,威剛台新5C購01,2026-08-05,1.21,0.01,0.83,390000000,0,,否,,1.18,1.11,1.26,,13.8728,-9.0909,-7.6782
709934,威剛台新5C購02,2026-08-05,2.0,0.0,0.0,47000000,0,,否,,1.99,1.85,2.1,,16.3361,-8.3539,
709935,威剛台新5C購03,2026-08-05,3.93,-0.12,-2.96,37000000,0,,否,,4.02,3.87,4.5,,7.899,-11.18,-9.8436
709936,威剛台新61購01,2026-08-05,1.38,-0.07,-4.83,59000000,0,,否,,1.38,1.28,1.46,,16.0202,-8.6957,-7.4921
709937,威剛台新62購01,2026-08-05,2.41,-0.01,-0.41,59000000,0,,否,,2.45,2.34,2.59,,9.9552,-7.5434,-6.5237
709939,威剛台新66購01,2026-08-05,1.29,0.06,4.88,3000000,0,,否,,1.16,1.16,1.28,,-0.5137,-8.4119,
709941,凱崴台新5C購01,2026-08-05,0.29,0.02,7.41,80000000,0,,是,,0.28,0.34,0.56,,-31.7073,-40.9247,-27.5176
709942,華容台新5C購03,2026-08-05,3.28,-0.16,-4.65,12000000,0,,否,,2.93,2.98,3.64,,-3.2343,-14.4374,3.2199
709943,威剛富邦5C購01,2026-08-05,0.75,-0.03,-3.85,320000000,0,,是,,0.76,0.75,,,3.2698,-9.5758,
709944,宜鼎永豐61購01,2026-08-05,0.9,0.1,12.5,73000000,0,,否,,0.74,0.84,1.12,,-20.7265,-24.8208,
709945,胡連永豐61購01,2026-08-05,0.54,0.02,3.85,362000000,0,,是,,0.52,0.56,0.63,,-10.8844,-15.2439,
709946,艾訊國票61購01,2026-08-05,0.59,0.11,22.92,128000000,0,,是,,0.63,0.65,,,-5.1051,-12.7688,
709948,朋億*國票61購01,2026-08-05,0.93,0.14,17.72,139000000,0,,是,,1.0,1.17,,,-26.2222,-15.2457,
709953,台半群益62購02,2026-08-05,0.9,0.23,34.33,180000000,0,,是,,0.92,1.55,,,-57.7594,-25.8497,
709954,中美晶凱基5C購03,2026-08-05,1.18,-0.04,-3.28,37000000,0,,否,,1.16,1.86,1.69,,-54.5383,-12.641,
709957,朋程凱基5C購01,2026-08-05,0.53,0.04,8.16,31000000,0,,否,,0.69,0.92,,,-39.9306,-20.9262,
709958,博智凱基5C購04,2026-08-05,0.37,0.01,2.78,25000000,0,,否,,0.4,0.63,,,-52.9274,,
709962,世界統一6A購01,2026-08-05,0.53,0.05,10.42,251000000,0,,是,,0.52,0.55,,,-9.6886,-16.6667,
709965,宏觀統一6A購01,2026-08-05,0.42,0.03,7.69,92000000,0,,,,,,,,,,
709970,群聯統一63購03,2026-08-05,0.39,0.02,5.41,5000000,0,,否,,0.39,0.47,0.61,,-28.9377,-25.6369,
709971,群聯國泰61購03,2026-08-05,1.25,0.09,7.76,274000000,0,,是,,1.01,1.17,1.69,,-25.0373,-29.0634,-20.8275
709972,富喬台新5C購04,2026-08-05,1.34,0.19,16.52,605000000,0,,是,,1.23,1.72,,,-43.9091,-32.0269,
709973,世界富邦61購02,2026-08-05,0.56,0.07,14.29,788000000,0,,是,,0.54,0.61,0.79,,-20.5882,-17.6788,
709974,立碁富邦5C購01,2026-08-05,1.03,-0.16,-13.45,521000000,0,,是,,0.76,0.74,,,7.3239,,
709976,世界元大5C購06,2026-08-05,1.14,0.04,3.64,196000000,0,,是,,1.0,1.46,,,-47.3242,-21.5633,
709977,宜鼎元大5C購09,2026-08-05,0.71,0.05,7.58,2602000000,0,,是,,0.58,0.59,0.77,,-3.6667,-18.8705,-19.1501
709979,臺慶科元大5C購03,2026-08-05,0.72,0.0,0.0,527000000,0,,是,,0.66,1.12,,,-57.888,-41.671,
709982,漢達永豐61購01,2026-08-05,1.43,0.08,5.93,50000000,0,,是,,1.44,1.42,,,2.2727,-9.702,
709983,宜鼎元大5C購10,2026-08-05,0.67,0.06,9.84,264000000,0,,否,,0.52,0.54,0.72,,-5.7762,-20.649,-20.0669
709984,千附國票61購01,2026-08-05,1.37,0.06,4.58,398000000,0,,是,,1.72,1.97,1.55,,-22.2222,16.1062,
709985,世禾國票61購01,2026-08-05,0.68,0.05,7.94,5000000,0,,否,,0.81,0.94,,,-25.1852,-13.0755,
709988,岱稜國票61購01,2026-08-05,0.48,-0.03,-5.88,130000000,0,,是,,0.45,0.51,,,-20.7018,-9.8765,
709989,昇佳電國票61購01,2026-08-05,0.66,0.03,4.76,114000000,0,,否,,0.7,0.92,1.0,,-38.3538,-24.5298,
709992,信音國票61購01,2026-08-05,0.5,0.04,8.7,20000000,0,,是,,0.57,0.73,,,-35.5056,,
709993,茂綸國票61購01,2026-08-05,0.82,0.08,10.81,20000000,0,,是,,0.87,0.89,,,-4.386,,
709994,新普國票61購01,2026-08-05,0.59,0.03,5.36,24000000,0,,是,,0.54,0.61,0.82,,-20.0,-30.3754,
709996,精材國票61購01,2026-08-05,1.75,0.12,7.36,40000000,0,,是,,1.73,1.71,,,2.9691,,
709998,中美晶群益5C購03,2026-08-05,1.05,-0.07,-6.25,345000000,0,,是,,1.03,1.72,1.76,,-57.3444,-24.0724,
710000,精材群益5C購02,2026-08-05,3.04,0.15,5.19,89000000,0,,是,,2.91,4.14,3.94,,-45.9449,-15.507,
710001,加高國泰61購01,2026-08-05,0.59,-0.06,-9.23,60000000,0,,否,,0.76,1.04,,,-42.5113,,
710002,宜鼎國泰61購05,2026-08-05,1.06,0.08,8.16,65000000,0,,否,,0.94,0.98,1.31,,-8.7549,-23.3229,
710003,宜鼎國泰61購06,2026-08-05,0.94,0.12,14.63,70000000,0,,是,,0.85,1.12,,,-39.0805,-26.1214,
710004,信音國泰61購01,2026-08-05,0.74,0.04,5.71,9000000,0,,否,,1.2,,,,,,
710006,中美晶凱基5C購04,2026-08-05,0.78,-0.09,-10.34,12000000,0,,否,,0.98,1.1,,,-19.6078,3.2741,
710007,台半凱基61購03,2026-08-05,0.38,0.0,0.0,590000000,0,,是,,0.3,0.39,0.75,,-38.9344,-49.2903,
710008,宜鼎凱基5C購06,2026-08-05,0.49,0.02,4.26,634000000,0,,是,,0.44,0.45,0.62,,-3.4934,-25.6198,
710013,大中統一6A購01,2026-08-05,0.67,0.05,8.06,5000000,0,,否,,0.76,0.96,,,-33.6237,-13.0237,
710014,中美晶統一64購02,2026-08-05,0.9,-0.05,-5.26,622000000,0,,否,,0.85,1.27,1.36,,-49.346,-25.2948,-3.0011
710015,朋億*統一63購01,2026-08-05,0.45,0.06,15.38,197000000,0,,是,,0.7,0.73,,,-9.375,,
710016,朋億*統一68購01,2026-08-05,0.61,0.06,10.91,182000000,0,,是,,0.75,,,,,,
710018,建榮統一63購01,2026-08-05,0.33,0.04,13.79,1125000000,0,,是,,0.23,0.31,,,-42.6396,-42.4861,
710019,凱崴統一63購01,2026-08-05,0.22,0.01,4.76,21000000,0,,否,,0.22,0.26,0.38,,-25.3333,-33.5025,
710023,富喬統一65購03,2026-08-05,0.54,0.06,12.5,100000000,0,,是,,0.6,0.77,,,-35.3319,,
710024,富喬統一6C購02,2026-08-05,0.5,0.03,6.38,90000000,0,,否,,0.5,0.59,,,-26.8437,,
710026,精材統一63購01,2026-08-05,1.3,0.1,8.33,48000000,0,,否,,1.6,1.65,,,-6.7757,13.0554,
710027,雙鴻統一63購02,2026-08-05,0.53,0.05,10.42,60000000,0,,是,,0.47,0.48,,,-3.2787,-17.2414,
710028,穩得統一68購01,2026-08-05,0.44,0.06,15.79,64000000,0,,,,,,,,,,
710030,宜鼎富邦63購02,2026-08-05,0.39,0.04,11.43,291000000,0,,是,,0.32,0.33,0.42,,-6.4327,-20.4327,
710033,群聯富邦62購08,2026-08-05,0.61,0.04,7.02,36000000,0,,否,,0.64,0.75,,,-26.1574,-22.0954,
710036,台半台新5C購02,2026-08-05,0.63,0.1,18.87,20000000,0,,是,,0.62,1.04,,,-58.0381,-36.5021,
710039,朋億*永豐61購01,2026-08-05,0.8,0.09,12.68,75000000,0,,否,,1.1,,,,,,
710041,群聯永豐5C購10,2026-08-05,0.85,0.11,14.86,171000000,0,,是,,1.05,1.28,,,-30.5445,,
710042,群聯永豐5C購11,2026-08-05,0.65,0.07,12.07,181000000,0,,是,,0.77,1.0,,,-38.2258,,
710044,臺慶科永豐5C購02,2026-08-05,0.35,0.03,9.38,57000000,0,,否,,0.36,0.53,,,-48.1268,-53.0303,
710046,千附國票61購02,2026-08-05,1.07,0.04,3.88,40000000,0,,否,,1.14,1.45,,,-35.0797,-6.9409,
710047,中美晶國票61購02,2026-08-05,1.06,-0.11,-9.4,285000000,0,,是,,1.06,1.64,,,-51.8116,,
710048,加高國票61購03,2026-08-05,0.22,0.0,0.0,158000000,0,,是,,0.21,0.25,0.39,,-26.2069,-37.469,
710049,宏碁資國票61購01,2026-08-05,0.65,0.08,14.04,615000000,0,,否,,0.53,0.6,,,-19.5783,-3.5427,
710050,朋億*國票61購03,2026-08-05,0.54,0.06,12.5,55000000,0,,是,,0.66,0.88,,,-40.7942,,
710052,高鋒國票61購01,2026-08-05,0.41,0.05,13.89,20000000,0,,否,,0.41,0.54,,,-38.4384,-23.1429,
710055,聖暉*國票61購03,2026-08-05,0.38,0.02,5.56,1000000,0,,否,,0.54,0.7,,,-37.587,-21.2598,
710060,營邦國票5C購02,2026-08-05,0.96,0.02,2.13,192000000,0,,是,,0.87,0.89,1.01,,-3.7445,-15.7845,
710062,中美晶凱基61購04,2026-08-05,0.67,0.05,8.06,2000000,0,,否,,0.99,1.21,1.02,,-30.2945,0.0827,
710065,精材凱基5C購04,2026-08-05,1.28,0.11,9.4,1000000,0,,否,,1.87,1.81,,,6.6135,,
710066,臺慶科凱基5C購05,2026-08-05,0.13,0.01,8.33,99000000,0,,否,,0.14,0.19,0.43,,-38.2609,-55.2885,
710067,廣閎科凱基5C購02,2026-08-05,0.4,0.05,14.29,50000000,0,,否,,0.51,0.65,1.01,,-34.7716,-43.2432,
710068,營邦凱基5C購01,2026-08-05,0.63,0.03,5.0,20000000,0,,否,,0.5,0.54,0.63,,-14.1379,-19.1904,
710069,營邦凱基5C購02,2026-08-05,0.58,0.0,0.0,359000000,0,,否,,0.55,0.55,,,-1.0791,-19.7388,
710070,營邦凱基5C購03,2026-08-05,0.51,0.05,10.87,20000000,0,,否,,0.44,0.51,,,-23.7113,,
710071,中美晶群益5C購04,2026-08-05,0.97,-0.09,-8.49,487000000,0,,否,,0.97,1.59,1.8,,-56.1197,-31.976,
710073,營邦群益5C購01,2026-08-05,0.88,0.02,2.33,854000000,0,,是,,0.89,0.84,,,13.486,,
710074,營邦群益5C購02,2026-08-05,0.83,-0.02,-2.35,429000000,0,,是,,0.85,0.9,,,-10.1695,-11.1992,
710076,世界元大63購04,2026-08-05,0.74,0.05,7.25,1859000000,0,,否,,0.63,0.72,0.89,,-21.4464,-16.1593,
710077,宜鼎元大5C購11,2026-08-05,0.44,0.04,10.0,146000000,0,,否,,0.4,0.41,0.56,,-3.3493,-25.0,
710078,威剛元大61購05,2026-08-05,0.75,-0.01,-1.32,1978000000,0,,否,,0.73,0.79,,,-14.1844,,
710079,廣閎科元大5C購03,2026-08-05,0.53,0.07,15.22,35000000,0,,否,,0.52,0.65,,,-34.0967,-37.6673,
710080,營邦元大5C購01,2026-08-05,1.13,0.07,6.6,316000000,0,,是,,1.03,1.03,1.14,,0.3906,-11.7799,
710082,廣閎科國泰61購01,2026-08-05,0.97,0.13,15.48,168000000,0,,,,,,,,,,
710083,營邦國泰61購01,2026-08-05,1.48,0.01,0.68,78000000,0,,是,,1.33,1.38,,,-6.7227,-11.0825,
710084,營邦富邦62購01,2026-08-05,0.47,0.03,6.82,105000000,0,,否,,0.46,0.52,,,-20.8904,-20.6373,
710086,中美晶統一66購03,2026-08-05,0.58,-0.04,-6.45,1315000000,0,,是,,0.57,0.81,0.88,,-45.3155,-25.369,
710087,台特化統一6C購02,2026-08-05,0.55,0.03,5.77,27000000,0,,是,,0.63,,,,,,
710088,朋程統一65購02,2026-08-05,0.47,0.03,6.82,263000000,0,,是,,0.47,0.66,,,-44.8598,,
710089,朋億*統一66購01,2026-08-05,0.56,0.06,12.0,635000000,0,,是,,0.79,,,,,,
710091,威剛統一65購05,2026-08-05,0.63,0.05,8.62,155000000,0,,否,,0.57,0.64,,,-19.382,,
710095,聖暉*統一66購01,2026-08-05,0.4,0.01,2.56,175000000,0,,否,,0.58,0.59,0.7,,-4.9505,-18.8187,
710096,博智國泰61購01,2026-08-05,0.65,-0.03,-4.41,499000000,0,,是,,1.04,,,,,,
710097,營邦統一66購01,2026-08-05,0.64,0.07,12.28,309000000,0,,否,,0.57,0.57,0.62,,-1.7301,-10.6084,
710098,營邦統一66購02,2026-08-05,0.72,0.03,4.35,94000000,0,,是,,0.76,0.77,,,-1.292,,
710099,營邦統一66購03,2026-08-05,0.51,0.02,4.08,100000000,0,,否,,0.46,,,,,,
710102,中美晶台新5C購03,2026-08-05,4.72,-0.33,-6.53,159000000,0,,是,,4.6,7.57,8.45,,-56.2773,-31.8288,
710103,東浦台新5C購02,2026-08-05,0.72,0.06,9.09,90000000,0,,是,,0.86,1.15,1.42,,-40.0,-25.0,
710110,銳澤台新5C購01,2026-08-05,0.48,0.04,9.09,10000000,0,,否,,0.71,0.83,,,-24.2553,-18.7807,
710112,中美晶凱基61購05,2026-08-05,0.64,0.03,4.92,2000000,0,,否,,0.71,1.02,0.98,,-46.5569,-15.6379,
710114,宜鼎凱基5C購07,2026-08-05,0.33,0.05,17.86,2000000,0,,否,,0.28,0.35,,,-34.5972,-26.2156,
710116,威剛凱基5C購07,2026-08-05,0.46,0.03,6.98,1000000,0,,否,,0.43,0.41,,,9.1371,-11.3978,
710118,宜鼎元大5C購12,2026-08-05,0.41,0.04,10.81,309000000,0,,否,,0.37,0.38,,,-4.1667,-26.5625,
710119,朋億*元大5C購01,2026-08-05,0.73,0.1,15.87,87000000,0,,是,,0.53,0.66,,,-32.9082,,
710120,東浦元大5C購01,2026-08-05,0.31,0.02,6.9,50000000,0,,否,,0.35,0.54,0.7,,-52.4725,-32.791,
710121,威剛元大5C購04,2026-08-05,1.47,0.07,5.0,97000000,0,,是,,1.42,1.53,,,-13.7303,-9.2362,
710124,中美晶國票61購03,2026-08-05,0.99,0.03,3.12,36000000,0,,否,,1.08,1.51,,,-44.2842,-15.8129,
710128,宣德國票61購01,2026-08-05,0.33,0.02,6.45,6000000,0,,是,,0.34,0.36,,,-12.9534,,
710129,能率亞國票61購02,2026-08-05,0.83,0.11,15.28,20000000,0,,否,,0.76,,,,,,
710133,中美晶永豐5C購03,2026-08-05,1.23,0.11,9.82,39000000,0,,是,,1.19,1.57,,,-38.7692,-5.5856,
710134,世界永豐66購01,2026-08-05,0.84,0.13,18.31,65000000,0,,否,,0.83,0.9,,,-13.3333,-14.7479,
710135,亞通永豐64購01,2026-08-05,0.81,0.1,14.08,123000000,0,,是,,0.75,0.84,,,-18.3983,,
710136,宣德永豐61購01,2026-08-05,0.39,0.06,18.18,3000000,0,,否,,0.66,,,,,,
710139,順達富邦62購02,2026-08-05,0.3,-0.02,-6.25,196000000,0,,否,,0.45,0.58,,,-34.957,-15.0442,
710140,聖暉*富邦5C購03,2026-08-05,0.41,0.04,10.81,460000000,0,,是,,0.41,0.57,0.82,,-43.8692,-31.7857,
710141,中美晶中信5C購01,2026-08-05,0.45,-0.02,-4.26,883000000,0,,是,,0.43,0.67,0.76,,-53.4783,-30.587,
710142,宏捷科凱基5C購02,2026-08-05,0.37,0.06,19.35,61000000,0,,否,,0.39,0.52,,,-41.6918,,
710143,富喬凱基5C購05,2026-08-05,0.39,0.07,21.88,601000000,0,,是,,0.93,,,,,,
710145,廣閎科凱基5C購03,2026-08-05,0.34,0.04,13.33,50000000,0,,否,,0.29,0.41,0.77,,-43.6782,-47.4227,
710146,中美晶台新5C購04,2026-08-05,0.89,-0.07,-7.29,1377000000,0,,是,,0.86,1.48,1.67,,-58.6603,-32.2166,
710148,均豪台新5C購01,2026-08-05,1.15,0.14,13.86,1000000,0,,否,,1.71,,,,,,
710149,均豪台新5C購02,2026-08-05,0.85,0.11,14.86,49000000,0,,是,,1.15,,,,,,
710151,宜鼎台新5C購06,2026-08-05,1.2,0.23,23.71,74000000,0,,否,,0.93,0.98,,,-9.7276,-24.7113,
710154,台半元大5C購07,2026-08-05,0.71,0.05,7.58,34000000,0,,否,,0.88,,,,,,
710155,宜鼎元大5C購13,2026-08-05,0.76,0.13,20.63,237000000,0,,否,,0.61,0.64,0.87,,-9.009,-24.6445,
710156,威剛元大5C購05,2026-08-05,1.6,0.03,1.91,43000000,0,,否,,1.57,1.51,1.69,,7.978,-8.4746,
710157,臺慶科元大5C購04,2026-08-05,0.38,0.08,26.67,48000000,0,,否,,0.58,,,,,,
710158,台半國泰61購01,2026-08-05,0.79,0.12,17.91,76000000,0,,是,,1.79,,,,,,
710160,順達國泰61購01,2026-08-05,0.65,0.03,4.84,97000000,0,,是,,1.16,1.33,,,-23.0053,,
710162,台半富邦63購02,2026-08-05,0.31,0.02,6.9,180000000,0,,否,,0.28,0.37,,,-39.3939,-53.3333,
710163,朋程富邦62購02,2026-08-05,0.5,0.04,8.7,184000000,0,,是,,0.45,0.52,0.71,,-23.9057,-30.3595,
710164,朋程富邦63購02,2026-08-05,0.26,0.02,8.33,81000000,0,,否,,0.34,0.51,,,-50.1458,-32.9857,
710165,鈊象富邦62購02,2026-08-05,0.84,0.01,1.2,58000000,0,,否,,0.8,0.77,,,8.0863,-4.5735,
710166,營邦富邦62購02,2026-08-05,0.74,0.03,4.23,156000000,0,,是,,0.64,0.68,,,-10.6443,-8.6486,
710167,兆利永豐64購01,2026-08-05,0.48,0.04,9.09,3000000,0,,否,,0.41,0.49,,,-26.3345,,
710168,宜鼎永豐63購01,2026-08-05,0.64,0.06,10.34,229000000,0,,是,,0.53,0.54,,,-5.0179,-20.0,
710169,精確永豐61購01,2026-08-05,0.36,0.04,12.5,8000000,0,,否,,0.34,0.53,,,-52.2472,,
710174,臺慶科群益5C購02,2026-08-05,0.78,0.03,4.0,97000000,0,,是,,0.66,0.81,,,-30.6723,-51.1515,
710176,尼克森凱基5C購01,2026-08-05,0.22,0.06,37.5,9000000,0,,否,,0.19,0.34,0.59,,-61.0656,-52.521,
710178,朋程凱基5C購02,2026-08-05,0.22,0.02,10.0,65000000,0,,否,,0.23,0.28,,,-28.3951,-40.7249,
710179,茂達凱基5C購01,2026-08-05,0.4,-0.04,-9.09,671000000,0,,是,,0.49,0.52,,,-9.2251,-38.0096,
710180,臺慶科凱基5C購06,2026-08-05,0.12,0.01,9.09,5000000,0,,否,,0.1,0.3,,,-79.4355,,
710181,廣閎科凱基5C購04,2026-08-05,0.28,0.06,27.27,13000000,0,,否,,0.26,0.35,0.64,,-41.704,-43.6102,
710182,大中台新5C購01,2026-08-05,0.78,0.08,11.43,28000000,0,,否,,0.62,0.86,1.64,,-44.3038,-49.3529,
710184,宜鼎台新61購02,2026-08-05,0.95,0.13,15.85,174000000,0,,否,,0.73,0.77,,,-9.8522,-27.307,
710190,宜鼎元大5C購14,2026-08-05,0.56,0.07,14.29,924000000,0,,是,,0.47,0.49,,,-4.8193,-21.6129,
710191,威剛元大5C購06,2026-08-05,1.46,0.03,2.1,62000000,0,,否,,1.36,1.44,,,-10.4987,-11.5738,
710192,群聯中信64購01,2026-08-05,0.23,0.01,4.55,949000000,0,,是,,0.19,0.22,,,-19.1667,-47.0732,
710194,雙鴻中信66購02,2026-08-05,0.61,0.05,8.93,46000000,0,,否,,0.6,,,,,,
710195,大中永豐64購01,2026-08-05,0.59,0.08,15.69,62000000,0,,是,,0.8,1.03,,,-36.1905,,
710197,尼克森永豐64購01,2026-08-05,0.45,0.03,7.14,2000000,0,,否,,0.57,0.81,,,-45.1056,,
710198,信紘科永豐64購01,2026-08-05,0.59,0.01,1.72,20000000,0,,是,,0.66,0.67,,,-2.0772,-10.3495,
710199,家登永豐64購01,2026-08-05,0.83,0.03,3.75,280000000,0,,是,,0.77,0.99,,,-36.6942,,
710202,鴻呈永豐61購01,2026-08-05,0.62,-0.04,-6.06,50000000,0,,是,,0.55,0.59,,,-12.6582,,
710204,世紀*國票61購01,2026-08-05,0.66,0.02,3.12,314000000,0,,是,,0.54,0.66,0.89,,-30.5128,-30.93,
710205,亞泰國票61購01,2026-08-05,0.5,0.02,4.17,20000000,0,,,,,,,,,,
710208,茂達國票61購01,2026-08-05,0.57,-0.04,-6.56,19000000,0,,否,,0.53,0.62,0.93,,-24.7887,-36.9168,
710209,崧騰國票61購01,2026-08-05,0.61,0.05,8.93,46000000,0,,是,,0.52,0.59,,,-20.3647,,
710210,統振國票61購01,2026-08-05,0.54,-0.01,-1.82,5000000,0,,否,,0.59,0.65,,,-17.5978,,
710214,漢達國票61購01,2026-08-05,0.74,0.03,4.23,11000000,0,,否,,0.73,0.9,,,-31.8436,-12.1595,
710216,廣閎科國票61購05,2026-08-05,0.4,0.04,11.11,3000000,0,,否,,0.65,,,,,,
710218,能率亞國泰61購01,2026-08-05,1.77,0.26,17.22,371000000,0,,是,,1.48,1.57,,,-10.1695,-12.3533,
710219,能率國泰61購01,2026-08-05,2.17,0.39,21.91,77000000,0,,是,,1.61,1.88,,,-25.2553,-20.8579,
710220,廣閎科國泰61購02,2026-08-05,0.68,0.08,13.33,20000000,0,,否,,0.59,0.78,,,-39.5876,-42.4556,
710221,凡甲富邦63購01,2026-08-05,0.53,0.01,1.92,316000000,0,,是,,0.53,0.62,,,-25.0,,
710223,智通*富邦62購02,2026-08-05,0.73,0.02,2.82,1503000000,0,,是,,0.76,0.91,0.95,,-28.4369,-12.9895,
710224,宜鼎群益5C購05,2026-08-05,0.44,0.07,18.92,61000000,0,,否,,0.41,,,,,,
710231,富喬群益5C購04,2026-08-05,1.02,0.15,17.24,1591000000,0,,是,,0.62,0.78,1.38,,-33.6188,-41.0023,
710232,群聯群益5C購08,2026-08-05,0.84,0.1,13.51,81000000,0,,是,,1.01,1.34,,,-39.2814,,
710234,群聯群益61購05,2026-08-05,0.85,0.1,13.33,51000000,0,,是,,0.74,0.89,,,-28.5164,-28.3414,
710235,雙鴻群益62購02,2026-08-05,2.32,-0.03,-1.28,541000000,0,,是,,2.0,2.08,2.55,,-7.4074,-16.129,
710239,中光電永豐61購01,2026-08-05,1.86,0.37,24.83,183000000,0,,否,,1.31,1.59,1.87,,-30.235,-24.941,
710244,達航永豐63購01,2026-08-05,0.7,0.11,18.64,3000000,0,,否,,0.53,0.58,,,-16.6667,,
710246,台半元大5C購09,2026-08-05,0.57,0.05,9.62,290000000,0,,,,,,,,,,
710247,台半元大63購03,2026-08-05,0.57,0.07,14.0,34000000,0,,是,,0.58,0.82,,,-45.8647,,
710248,宏捷科元大5C購04,2026-08-05,0.39,0.02,5.41,580000000,0,,是,,0.39,0.44,,,-21.0526,-36.8571,
710251,欣銓元大5C購02,2026-08-05,0.96,0.11,12.94,314000000,0,,是,,0.9,0.99,,,-16.6052,-24.9245,
710252,欣銓元大5C購03,2026-08-05,0.7,0.08,12.9,625000000,0,,是,,0.59,0.75,,,-35.5895,,
710253,家登元大5C購05,2026-08-05,0.88,0.11,14.29,205000000,0,,是,,0.87,0.95,1.09,,-15.1751,-16.6667,
710255,臺慶科元大5C購05,2026-08-05,0.36,0.03,9.09,549000000,0,,是,,0.77,,,,,,
710256,台半國票61購04,2026-08-05,0.24,0.04,20.0,10000000,0,,否,,0.24,0.29,0.5,,-29.1667,-49.7373,
710257,台半國票61購05,2026-08-05,0.3,0.14,87.5,1000000,0,,否,,0.16,0.19,0.37,,-25.4545,-48.1081,
710258,青雲國票5C購01,2026-08-05,0.55,0.06,12.24,549000000,0,,是,,0.43,0.5,0.64,,-25.9516,-17.8105,
710259,大中台新61購01,2026-08-05,0.85,0.08,10.39,84000000,0,,否,,0.73,1.08,,,-48.743,-48.9873,
710262,漢達台新5C購01,2026-08-05,1.39,0.1,7.75,62000000,0,,否,,1.48,,,,,,
710263,臺慶科台新5C購03,2026-08-05,0.24,0.01,4.35,665000000,0,,是,,0.21,0.27,,,-36.1446,-47.6923,
710265,台半凱基5C購05,2026-08-05,0.19,0.02,11.76,1000000,0,,否,,0.16,0.25,,,-51.4793,-57.9564,
710266,朋程凱基5C購03,2026-08-05,0.12,0.01,9.09,100000000,0,,是,,0.13,0.17,,,-42.7273,-43.4641,
710268,群聯凱基5C購09,2026-08-05,0.3,0.03,11.11,930000000,0,,是,,0.28,0.4,,,-44.9219,-34.5964,
710269,漢達凱基5C購01,2026-08-05,0.67,0.02,3.08,15000000,0,,否,,0.75,0.73,0.88,,5.949,-15.5633,
710270,精材凱基63購01,2026-08-05,0.58,0.01,1.75,6000000,0,,否,,0.99,0.98,,,2.0704,,
710271,世界國泰61購01,2026-08-05,0.9,0.2,28.57,4000000,0,,否,,0.76,0.88,,,-24.1036,-30.7451,
710272,穩得國泰61購01,2026-08-05,0.93,0.11,13.41,25000000,0,,否,,0.87,0.98,,,-20.1465,-30.3052,
710273,中光電富邦62購02,2026-08-05,1.14,0.24,26.67,47000000,0,,否,,0.78,0.89,,,-21.9561,-23.8258,
710274,台半富邦63購03,2026-08-05,0.26,0.04,18.18,25000000,0,,否,,0.27,0.44,,,-55.4817,,
710276,FH中5G群益5C購01,2026-08-05,0.24,0.04,20.0,1509000000,0,,是,,0.21,0.32,,,-51.8349,-43.63,
710277,大中群益5C購01,2026-08-05,0.32,0.01,3.23,303000000,0,,否,,0.35,0.45,0.8,,-38.4342,-48.1735,
710278,中光電群益5C購01,2026-08-05,2.28,0.4,21.28,8000000,0,,否,,2.47,2.85,,,-23.4675,,
710279,中光電群益5C購02,2026-08-05,1.34,0.29,27.62,523000000,0,,是,,0.88,1.06,1.39,,-28.8026,-31.1198,
710280,世界群益5C購04,2026-08-05,0.86,0.2,30.3,128000000,0,,否,,0.88,1.0,,,-22.1631,-27.6335,
710283,宏捷科群益5C購03,2026-08-05,0.46,0.08,21.05,29000000,0,,否,,0.46,,,,,,
710287,精材群益61購01,2026-08-05,1.42,0.23,19.33,29000000,0,,否,,2.02,1.99,,,3.5861,20.8637,
710288,世界元大5C購08,2026-08-05,0.4,0.03,8.11,11000000,0,,否,,0.36,0.45,0.61,,-34.3173,-22.9846,
710290,博盛元大5C購01,2026-08-05,0.54,0.07,14.89,64000000,0,,否,,0.62,,,,,,
710291,世界台新5C購01,2026-08-05,0.62,0.08,14.81,185000000,0,,否,,0.76,0.86,,,-20.6681,-32.9953,
710294,天品國票5C購01,2026-08-05,0.56,0.0,0.0,35000000,0,,否,,0.57,0.62,,,-15.015,-13.8462,
710295,世界國票61購02,2026-08-05,0.55,0.02,3.77,102000000,0,,是,,0.69,0.8,,,-24.115,,
710296,立碁國票61購01,2026-08-05,1.52,-0.18,-10.59,18000000,0,,否,,1.42,,,,,,
710299,杰力國票61購02,2026-08-05,0.42,-0.01,-2.33,546000000,0,,是,,0.38,0.47,,,-32.5,-25.9084,
710301,晶宏國票61購01,2026-08-05,0.71,0.09,14.52,6000000,0,,否,,0.57,0.69,,,-30.9756,,
710302,漢達國票63購01,2026-08-05,0.65,0.03,4.84,3000000,0,,否,,0.69,0.66,,,8.464,-14.5244,
710304,大中凱基5C購01,2026-08-05,0.21,-0.21,-50.0,150000000,0,,是,,0.25,0.3,,,-28.4091,-43.0189,
710309,欣銓凱基5C購01,2026-08-05,0.46,0.08,21.05,1000000,0,,否,,0.44,0.56,,,-35.503,,
710310,青雲凱基5C購01,2026-08-05,0.39,-0.09,-18.75,27000000,0,,否,,0.4,0.41,0.51,,-5.6604,-10.4348,
710311,威剛凱基61購02,2026-08-05,0.58,0.04,7.41,1000000,0,,否,,0.57,0.58,,,-3.7415,,
710312,茂達凱基5C購02,2026-08-05,0.27,-0.05,-15.62,37000000,0,,否,,0.35,0.64,,,-61.8221,,
710317,台嘉碩國泰61購01,2026-08-05,1.57,0.05,3.29,2000000,0,,否,,1.37,1.57,,,-22.8346,-31.1024,
710318,宜鼎國泰62購01,2026-08-05,0.87,0.12,16.0,20000000,0,,否,,0.76,0.93,,,-32.1364,,
710319,朋程國泰61購01,2026-08-05,0.91,0.1,12.35,205000000,0,,否,,0.83,1.05,,,-35.3125,-32.8662,
710320,原相國泰61購01,2026-08-05,1.28,0.17,15.32,35000000,0,,否,,1.08,1.05,,,6.0665,-22.4595,
710322,世界富邦5C購04,2026-08-05,0.41,0.08,24.24,198000000,0,,否,,0.39,0.45,,,-22.8346,-19.0647,
710331,中光電台新5C購01,2026-08-05,1.35,0.03,2.27,1000000,0,,否,,0.94,1.09,,,-24.2718,-25.6674,
710332,中光電台新5C購02,2026-08-05,1.34,-0.16,-10.67,11000000,0,,否,,0.78,0.93,,,-28.361,-33.6655,
710333,亞信台新5C購01,2026-08-05,0.73,0.02,2.82,28000000,0,,否,,0.88,,,,,,
710334,精材台新61購01,2026-08-05,1.89,0.13,7.39,68000000,0,,否,,2.65,2.8,,,-9.9864,,
710335,精材台新61購02,2026-08-05,1.6,-0.01,-0.62,23000000,0,,否,,2.44,2.53,,,-7.3004,14.6606,
710336,亞通凱基5C購01,2026-08-05,0.74,0.19,34.55,30000000,0,,否,,0.63,0.72,,,-22.3587,,
710337,朋程凱基5C購04,2026-08-05,0.31,0.04,14.81,60000000,0,,否,,0.43,0.61,,,-45.0382,,
710339,宜鼎元大5C購15,2026-08-05,0.87,0.04,4.82,963000000,0,,否,,0.68,0.72,0.97,,-9.0667,-22.7616,
710340,富喬元大65購01,2026-08-05,0.8,0.12,17.65,120000000,0,,否,,0.55,0.66,,,-29.4574,-27.8689,
710342,精材元大5C購05,2026-08-05,1.83,0.09,5.17,831000000,0,,是,,2.04,2.33,,,-22.1037,1.8769,
710345,朋程永豐5C購03,2026-08-05,0.47,0.06,14.63,163000000,0,,是,,0.9,,,,,,
710349,富喬永豐5C購03,2026-08-05,0.52,0.06,13.04,432000000,0,,是,,0.51,0.64,,,-33.5079,,
710354,精材中信64購01,2026-08-05,0.6,0.02,3.45,121000000,0,,否,,0.64,0.79,,,-32.1277,-7.3944,
710359,亞信國票61購01,2026-08-05,0.57,0.04,7.55,8000000,0,,否,,0.61,,,,,,
710364,智擎國票61購01,2026-08-05,0.68,0.02,3.03,21000000,0,,否,,0.7,0.75,,,-11.335,-3.3548,
710366,漢達國票65購01,2026-08-05,0.67,0.04,6.35,223000000,0,,否,,0.69,0.73,,,-9.8958,-11.6223,
710368,鈊象群益5C購01,2026-08-05,2.36,0.08,3.51,48000000,0,,是,,2.16,1.96,,,23.1735,-2.9777,
710369,富喬國泰61購01,2026-08-05,0.64,0.08,14.29,953000000,0,,是,,0.56,0.66,,,-25.0,-27.533,
710372,宜鼎凱基5C購08,2026-08-05,0.79,0.1,14.49,112000000,0,,是,,0.63,0.73,,,-22.6829,-26.7875,
710373,群聯凱基5C購10,2026-08-05,0.49,0.06,13.95,1148000000,0,,是,,0.4,0.52,,,-37.2671,,
710374,群聯凱基61購06,2026-08-05,0.54,0.06,12.5,15000000,0,,否,,0.49,0.62,,,-33.5135,-31.1732,
710375,精材凱基5C購05,2026-08-05,1.0,0.09,9.89,1000000,0,,否,,0.89,1.38,,,-52.3044,-23.487,
710376,世界台新5C購03,2026-08-05,0.43,0.06,16.22,40000000,0,,否,,0.61,,,,,,
710377,巨有台新5C購01,2026-08-05,0.81,0.07,9.46,28000000,0,,否,,0.73,0.98,,,-40.2936,,
710378,巨有台新5C購02,2026-08-05,0.58,0.03,5.45,28000000,0,,否,,0.59,0.98,,,-57.1429,,
710380,東浦台新5C購05,2026-08-05,0.33,0.02,6.45,30000000,0,,否,,0.34,0.44,,,-37.9562,-27.8049,
710381,杰力台新5C購01,2026-08-05,0.63,0.03,5.0,28000000,0,,否,,0.72,,,,,,
710382,青雲台新5C購01,2026-08-05,0.45,0.06,15.38,20000000,0,,否,,0.39,0.43,,,-18.9076,-17.5908,
710383,能率亞台新5C購01,2026-08-05,0.72,0.13,22.03,30000000,0,,是,,0.69,,,,,,
710384,中光電元大5C購01,2026-08-05,3.59,0.62,20.88,131000000,0,,是,,3.05,3.38,,,-17.7358,-21.1337,
710385,宜鼎元大5C購16,2026-08-05,0.78,0.11,16.42,1395000000,0,,否,,0.59,0.62,,,-9.2308,-23.8329,
710387,精材元大5C購06,2026-08-05,2.02,0.08,4.12,42000000,0,,否,,2.16,2.41,,,-19.0083,8.0754,
710388,精材元大5C購07,2026-08-05,1.54,0.32,26.23,2000000,0,,否,,1.95,1.98,,,-2.8884,16.0023,
710390,精材元大61購09,2026-08-05,1.75,0.15,9.37,93000000,0,,否,,1.55,1.9,,,-31.4716,1.7121,
710391,精材元大63購04,2026-08-05,1.66,0.17,11.41,18000000,0,,否,,1.62,1.74,,,-13.2905,5.1932,
710392,世界中信63購01,2026-08-05,0.25,0.05,25.0,26000000,0,,否,,0.21,0.26,,,-32.2368,-30.3279,
710397,巨有永豐5C購02,2026-08-05,0.44,0.04,10.0,17000000,0,,否,,0.41,,,,,,
710398,安勤永豐63購01,2026-08-05,0.91,0.08,9.64,95000000,0,,否,,0.9,1.01,,,-19.678,-5.5295,
710400,均豪永豐5C購04,2026-08-05,1.18,0.14,13.46,43000000,0,,否,,1.18,1.31,,,-18.2197,,
710401,宏觀永豐5C購02,2026-08-05,0.56,0.04,7.69,56000000,0,,,,,,,,,,
710402,宏觀永豐5C購03,2026-08-05,0.34,0.03,9.68,6000000,0,,是,,0.6,,,,,,
710403,晶焱永豐5C購01,2026-08-05,0.39,0.02,5.41,280000000,0,,是,,0.35,0.46,,,-39.4464,,
710405,智通*永豐63購01,2026-08-05,0.59,0.01,1.72,117000000,0,,否,,0.83,0.89,,,-13.5699,,
710406,湧德永豐5C購01,2026-08-05,0.77,0.09,13.24,110000000,0,,是,,0.66,0.75,,,-21.8527,-25.0749,
710407,湧德永豐5C購02,2026-08-05,0.71,0.09,14.52,108000000,0,,是,,0.61,0.73,,,-29.5349,,
710408,聖暉*永豐5C購03,2026-08-05,0.43,0.04,10.26,9000000,0,,否,,0.55,0.69,,,-33.1719,,
710409,聖暉*永豐5C購04,2026-08-05,0.41,0.05,13.89,65000000,0,,否,,0.69,0.71,,,-7.0461,,
710418,宇峻國票61購01,2026-08-05,0.63,0.01,1.61,136000000,0,,是,,0.62,,,,,,
710419,安勤國票61購02,2026-08-05,0.7,0.08,12.9,103000000,0,,否,,0.84,0.83,,,1.7032,,
710420,青雲國票5C購02,2026-08-05,0.33,0.02,6.45,51000000,0,,否,,0.3,0.33,,,-17.6796,-11.2903,
710421,能率國票61購01,2026-08-05,1.12,0.24,27.27,109000000,0,,否,,1.37,,,,,,
710422,精材國票61購03,2026-08-05,1.13,0.08,7.62,1000000,0,,否,,1.07,1.46,,,-42.2535,-15.7407,
710424,巨有群益5C購01,2026-08-05,0.71,0.07,10.94,28000000,0,,否,,0.61,0.78,,,-36.0759,,
710426,智通*群益63購01,2026-08-05,1.8,0.0,0.0,278000000,0,,否,,1.66,2.32,,,-44.1236,-25.2977,
710427,東浦國泰61購01,2026-08-05,1.08,0.02,1.89,1000000,0,,否,,1.34,1.81,,,-40.6884,,
710428,杰力國泰61購01,2026-08-05,0.7,-0.03,-4.11,20000000,0,,否,,0.63,0.69,,,-16.9761,-31.6832,
710429,精材國泰61購01,2026-08-05,2.05,0.06,3.02,10000000,0,,否,,2.95,3.03,,,-5.4522,,
710431,精材富邦5C購01,2026-08-05,0.65,0.02,3.17,369000000,0,,否,,0.61,0.96,,,-53.5878,-20.5468,
710432,安勤凱基62購01,2026-08-05,0.66,0.08,13.79,165000000,0,,否,,0.66,0.72,,,-15.641,,
710433,系微凱基5C購01,2026-08-05,0.51,0.08,18.6,10000000,0,,否,,0.8,,,,,,
710434,宜鼎凱基5C購09,2026-08-05,0.79,0.07,9.72,864000000,0,,是,,0.64,0.66,,,-5.638,-24.7991,
710435,能率凱基62購01,2026-08-05,0.65,0.15,30.0,10000000,0,,是,,0.55,,,,,,
710439,群聯凱基5C購12,2026-08-05,0.56,0.02,3.7,35000000,0,,否,,0.62,0.83,,,-41.1429,,
710441,中美晶元大5C購12,2026-08-05,1.91,-0.12,-5.91,811000000,0,,是,,1.86,2.45,,,-38.6842,,
710442,世界元大66購03,2026-08-05,0.81,0.09,12.5,74000000,0,,否,,0.69,0.77,,,-18.6761,,
710443,宜鼎元大5C購17,2026-08-05,1.27,0.09,7.63,1258000000,0,,是,,0.99,1.02,,,-5.916,-18.64,
710444,能率亞元大5C購01,2026-08-05,1.42,0.23,19.33,54000000,0,,是,,1.21,1.29,,,-11.8248,,
710448,智通*元大63購01,2026-08-05,0.68,0.02,3.03,1279000000,0,,是,,0.59,0.8,,,-41.4683,-22.8019,
710450,璟德國票64購01,2026-08-05,0.63,-0.05,-7.35,10000000,0,,,,,,,,,,
710451,磐儀國票64購01,2026-08-05,0.77,0.13,20.31,7000000,0,,否,,0.65,0.67,,,-6.3401,,
710452,中光電國票61購01,2026-08-05,1.1,0.28,34.15,50000000,0,,否,,0.94,1.19,,,-35.1724,,
710453,宜鼎國票62購01,2026-08-05,0.66,0.05,8.2,273000000,0,,是,,0.54,,,,,,
710454,竹陞國票64購01,2026-08-05,0.78,0.15,23.81,10000000,0,,否,,1.01,,,,,,
710456,富強鑫國票62購01,2026-08-05,1.12,0.07,6.67,118000000,0,,是,,1.07,1.08,,,-2.1938,,
710457,千附國票64購01,2026-08-05,0.92,0.03,3.37,30000000,0,,否,,1.01,1.21,,,-28.227,,
710458,智通*國票61購01,2026-08-05,0.56,0.02,3.7,109000000,0,,是,,0.62,0.82,,,-39.2927,-17.5403,
710459,智通*國票61購02,2026-08-05,0.58,0.04,7.41,49000000,0,,否,,0.9,0.98,,,-15.7303,,
710463,中光電永豐5C購01,2026-08-05,1.13,0.16,16.49,106000000,0,,是,,0.99,1.21,,,-31.1453,,
710465,營邦永豐5C購01,2026-08-05,1.19,0.09,8.18,77000000,0,,否,,1.31,,,,,,
710466,營邦永豐5C購02,2026-08-05,0.95,0.12,14.46,30000000,0,,否,,0.94,,,,,,
710468,聖暉*台新5C購06,2026-08-05,0.37,0.04,12.12,184000000,0,,是,,0.61,,,,,,
710469,聖暉*台新5C購07,2026-08-05,0.4,0.04,11.11,154000000,0,,否,,0.6,0.76,,,-34.9241,,
710470,能率國泰63購01,2026-08-05,1.81,0.33,22.3,1010000000,0,,是,,1.42,1.59,,,-18.9989,,
710472,原相富邦5C購01,2026-08-05,0.74,0.08,12.12,288000000,0,,否,,0.6,0.64,,,-11.6959,-27.3138,
710473,達航富邦62購01,2026-08-05,0.34,0.03,9.68,40000000,0,,否,,0.31,,,,,,
710474,營邦富邦63購02,2026-08-05,0.77,0.02,2.67,298000000,0,,是,,0.71,0.7,,,1.4368,,
710475,營邦富邦63購03,2026-08-05,0.65,0.01,1.56,253000000,0,,是,,0.62,0.64,,,-3.4056,,
710477,世界元大61購01,2026-08-05,0.73,0.08,12.31,5000000,0,,否,,0.73,0.8,,,-15.2778,,
710478,世界元大66購04,2026-08-05,0.82,0.19,30.16,20000000,0,,否,,0.68,0.75,,,-15.8025,,
710479,世界元大67購01,2026-08-05,0.76,0.07,10.14,48000000,0,,否,,0.65,0.71,,,-15.8031,,
710480,巨有元大61購01,2026-08-05,0.33,0.02,6.45,196000000,0,,否,,0.33,0.37,,,-21.1538,-40.2889,
710481,宜鼎元大61購05,2026-08-05,1.14,0.08,7.55,2108000000,0,,是,,0.92,0.94,,,-3.1447,-18.4188,
710483,富喬元大62購01,2026-08-05,0.54,0.11,25.58,4741000000,0,,是,,0.77,,,,,,
710484,富喬元大62購02,2026-08-05,0.62,0.1,19.23,310000000,0,,否,,0.56,0.69,,,-32.4455,,
710485,臺慶科元大61購01,2026-08-05,0.7,0.06,9.38,7000000,0,,否,,0.57,0.67,,,-26.2338,-36.7077,
710486,千附精台新61購01,2026-08-05,0.77,0.07,10.0,102000000,0,,否,,0.9,1.16,,,-36.7232,,
710487,元太台新61購01,2026-08-05,1.56,0.14,9.86,79000000,0,,是,,1.4,,,,,,
710488,竹陞台新61購01,2026-08-05,1.07,0.19,21.59,1000000,0,,否,,0.81,1.12,,,-43.4174,-16.8155,
710489,譜瑞台新61購01,2026-08-05,1.93,0.33,20.62,4696000000,0,,是,,1.87,2.12,,,-21.1327,,
710490,譜瑞台新61購02,2026-08-05,1.93,0.23,13.53,280000000,0,,是,,1.88,2.1,,,-18.5281,,
710491,千附精凱基61購01,2026-08-05,0.66,0.08,13.79,175000000,0,,否,,0.59,0.82,,,-42.8846,,
710492,千附精凱基61購02,2026-08-05,1.05,0.55,110.0,1000000,0,,否,,0.6,1.22,,,-66.9584,,
710493,中光電凱基61購01,2026-08-05,2.33,0.38,19.49,48000000,0,,否,,2.25,2.48,,,-16.9129,,
710494,元太凱基61購02,2026-08-05,0.77,-0.06,-7.23,215000000,0,,是,,0.83,,,,,,
710495,元太凱基61購03,2026-08-05,0.97,0.06,6.59,100000000,0,,否,,,,,,,,
710496,元太凱基61購04,2026-08-05,0.82,-0.01,-1.2,3000000,0,,否,,,,,,,,
710497,元太凱基61購05,2026-08-05,1.0,-0.04,-3.85,468000000,0,,是,,1.06,,,,,,
710498,元太凱基61購06,2026-08-05,1.02,0.02,2.0,121000000,0,,是,,0.93,,,,,,
710500,竹陞凱基61購01,2026-08-05,1.02,0.21,25.93,1282000000,0,,是,,0.76,1.07,,,-45.2312,-18.9864,
710501,原相凱基61購01,2026-08-05,0.87,0.07,8.75,755000000,0,,是,,0.77,0.78,,,-3.7688,-35.2941,
710502,譜瑞凱基61購02,2026-08-05,1.18,0.19,19.19,466000000,0,,是,,0.98,1.04,,,-10.8893,-19.0994,
710503,譜瑞凱基61購03,2026-08-05,1.08,0.1,10.2,320000000,0,,是,,0.96,1.07,,,-18.3362,-20.2683,
710504,譜瑞凱基61購04,2026-08-05,1.14,0.2,21.28,1276000000,0,,是,,0.89,1.05,,,-27.0181,,
710505,譜瑞凱基61購05,2026-08-05,1.22,0.21,20.79,352000000,0,,是,,1.12,1.27,,,-21.6292,,
710506,千附精群益61購01,2026-08-05,0.66,0.11,20.0,162000000,0,,否,,0.59,0.81,,,-42.3828,-40.1335,
710507,譜瑞群益61購01,2026-08-05,1.47,0.41,38.68,1281000000,0,,是,,,,,,,,
710508,91APP*國票62購01,2026-08-05,0.5,-0.01,-1.96,26000000,0,,是,,0.54,,,,,,
710509,千附精國票62購01,2026-08-05,0.59,0.06,11.32,160000000,0,,是,,0.53,0.88,,,-56.7261,-27.422,
710512,宜鼎國票62購02,2026-08-05,0.64,0.05,8.47,155000000,0,,是,,0.5,,,,,,
710513,長佳智國票62購01,2026-08-05,0.53,0.01,1.92,2000000,0,,否,,0.52,0.59,,,-22.2892,-23.3766,
710514,長聖國票62購01,2026-08-05,0.66,0.02,3.12,37000000,0,,是,,0.65,0.71,,,-16.7526,,
710515,威剛國票62購02,2026-08-05,0.79,-0.01,-1.25,278000000,0,,是,,0.79,0.77,,,4.7619,,
710516,建榮國票61購01,2026-08-05,0.37,0.08,27.59,30000000,0,,是,,0.29,0.43,,,-48.2394,,
710523,譜瑞國票62購01,2026-08-05,0.91,0.11,13.75,207000000,0,,,,,,,,,,
710526,大江永豐61購01,2026-08-05,0.86,0.04,4.88,31000000,0,,否,,0.78,,,,,,
710527,元太永豐61購02,2026-08-05,1.07,0.01,0.94,130000000,0,,是,,0.94,,,,,,
710529,邑錡永豐64購01,2026-08-05,0.98,0.09,10.11,32000000,0,,否,,0.96,1.17,,,-30.9798,-24.904,
710530,威剛永豐61購04,2026-08-05,0.79,0.02,2.6,342000000,0,,是,,0.75,,,,,,
710531,威剛永豐61購05,2026-08-05,0.89,0.05,5.95,223000000,0,,是,,0.82,0.88,,,-11.4224,,
710532,鈊象永豐65購01,2026-08-05,1.18,0.03,2.61,105000000,0,,否,,1.08,1.02,,,12.7883,,
710533,勤凱永豐65購01,2026-08-05,0.44,0.1,29.41,20000000,0,,否,,0.37,,,,,,
710534,新普永豐61購01,2026-08-05,1.3,0.02,1.56,115000000,0,,是,,1.23,1.43,,,-24.4472,,
710535,譜瑞永豐61購01,2026-08-05,0.83,0.16,23.88,4175000000,0,,是,,0.74,0.84,,,-21.6102,,
710536,譜瑞永豐61購02,2026-08-05,0.63,0.14,28.57,21000000,0,,否,,0.62,,,,,,
710537,譜瑞永豐61購03,2026-08-05,0.52,0.1,23.81,21000000,0,,否,,0.51,,,,,,
710538,譜瑞永豐61購04,2026-08-05,1.13,0.3,36.14,41000000,0,,否,,1.11,,,,,,
710539,譜瑞永豐64購01,2026-08-05,1.31,0.17,14.91,709000000,0,,是,,1.18,1.21,,,-5.1447,,
710540,譜瑞永豐64購02,2026-08-05,1.16,0.12,11.54,242000000,0,,是,,1.17,,,,,,
710541,譜瑞永豐67購01,2026-08-05,1.64,0.17,11.56,83000000,0,,是,,1.43,1.49,,,-7.7419,-13.3721,
710544,中光電國泰62購01,2026-08-05,2.26,0.71,45.81,728000000,0,,是,,1.92,2.13,,,-18.1586,,
710545,巨有國泰62購01,2026-08-05,0.6,0.05,9.09,20000000,0,,否,,0.62,0.76,,,-31.7881,,
710546,竹陞國泰62購01,2026-08-05,2.26,0.51,29.14,66000000,0,,否,,1.51,1.99,,,-38.5552,-15.1088,
710547,青雲國泰62購01,2026-08-05,0.65,0.06,10.17,230000000,0,,是,,0.62,0.64,,,-5.1829,,
710549,智通*國泰62購01,2026-08-05,1.06,-0.02,-1.85,275000000,0,,是,,1.22,1.54,,,-34.8339,,
710550,元太富邦64購01,2026-08-05,0.57,0.01,1.79,394000000,0,,是,,0.51,0.54,,,-10.4895,,
710551,安勤富邦62購01,2026-08-05,0.66,0.08,13.79,293000000,0,,否,,0.66,0.73,,,-17.75,-9.441,
710552,譜瑞富邦63購01,2026-08-05,0.65,0.1,18.18,592000000,0,,是,,0.58,0.61,,,-8.805,-15.2022,
710553,譜瑞富邦64購01,2026-08-05,0.74,0.09,13.85,4720000000,0,,是,,0.65,0.69,,,-9.1922,-16.0539,
710554,宜鼎中信61購02,2026-08-05,0.46,0.09,24.32,36000000,0,,否,,0.39,0.42,,,-15.6522,,
710555,中光電永豐61購02,2026-08-05,1.06,0.23,27.71,20000000,0,,否,,0.79,0.98,,,-32.0138,,
710556,竹陞永豐61購01,2026-08-05,1.34,0.18,15.52,1000000,0,,否,,1.33,,,,,,
710558,竹陞永豐65購01,2026-08-05,0.94,0.07,8.05,25000000,0,,否,,0.75,0.98,,,-37.7483,,
710560,宏捷科永豐61購01,2026-08-05,0.72,0.14,24.14,75000000,0,,否,,0.52,0.6,,,-24.3402,,
710561,宜鼎永豐61購03,2026-08-05,0.87,0.07,8.75,164000000,0,,是,,0.71,0.74,,,-8.7855,,
710563,威剛永豐61購06,2026-08-05,0.79,0.02,2.6,162000000,0,,是,,0.78,,,,,,
710564,威剛永豐61購07,2026-08-05,0.65,0.0,0.0,58000000,0,,否,,0.65,,,,,,
710566,家登永豐61購02,2026-08-05,1.15,0.11,10.58,148000000,0,,是,,1.22,,,,,,
710573,雙鴻永豐61購05,2026-08-05,0.92,0.12,15.0,65000000,0,,否,,0.74,,,,,,
710575,雙鴻永豐67購01,2026-08-05,1.22,0.12,10.91,79000000,0,,否,,1.04,1.02,,,4.1916,,
710576,中光電元大61購01,2026-08-05,1.66,0.19,12.93,499000000,0,,否,,1.32,1.58,,,-28.2609,,
710577,中光電元大61購02,2026-08-05,1.8,0.32,21.62,128000000,0,,是,,1.25,1.47,,,-26.1538,,
710578,中光電元大61購03,2026-08-05,2.0,0.36,21.95,2167000000,0,,是,,1.42,1.66,,,-25.7862,,
710579,世界元大64購08,2026-08-05,0.63,0.09,16.67,31000000,0,,否,,0.57,0.63,,,-17.971,,
710580,世界元大66購05,2026-08-05,0.38,0.01,2.7,1257000000,0,,是,,0.34,0.36,,,-10.1064,-12.5,
710582,宏捷科元大67購01,2026-08-05,0.94,0.05,5.62,266000000,0,,否,,0.78,0.85,,,-15.5508,,
710584,欣銓元大61購01,2026-08-05,0.97,0.12,14.12,723000000,0,,否,,1.06,1.12,,,-9.7104,,
710585,原相元大61購01,2026-08-05,1.2,0.07,6.19,593000000,0,,是,,1.13,1.13,,,1.4311,,
710587,富喬元大65購03,2026-08-05,0.49,0.11,28.95,50000000,0,,否,,0.48,,,,,,
710588,群聯元大64購06,2026-08-05,1.03,0.08,8.42,546000000,0,,否,,0.91,1.0,,,-17.1533,-23.0415,
710589,臺慶科元大61購02,2026-08-05,0.56,0.04,7.69,9000000,0,,否,,0.43,0.52,,,-29.8701,-38.4254,
710590,中美晶群益64購01,2026-08-05,0.7,-0.05,-6.67,374000000,0,,是,,0.69,1.03,,,-49.8538,-27.6251,
710591,竹陞群益61購01,2026-08-05,0.72,0.19,35.85,42000000,0,,否,,0.89,0.85,,,9.1133,,
710594,宜特群益61購01,2026-08-05,1.72,0.03,1.78,1052000000,0,,是,,1.6,1.78,,,-18.0797,,
710595,青雲群益62購01,2026-08-05,2.1,0.15,7.69,496000000,0,,是,,1.8,2.01,,,-18.5921,-13.4367,
710597,中美晶國泰63購01,2026-08-05,1.38,-0.1,-6.76,5000000,0,,否,,2.37,2.57,,,-14.296,,
710598,家登國泰62購01,2026-08-05,0.76,0.1,15.15,66000000,0,,否,,0.85,0.98,,,-23.2432,,
710599,凡甲富邦63購02,2026-08-05,0.67,0.01,1.52,348000000,0,,是,,0.67,0.69,,,-5.3672,,
710600,中光電富邦63購01,2026-08-05,0.82,0.1,13.89,41000000,0,,否,,0.6,0.68,,,-20.6349,-23.991,
710601,宏觀富邦63購01,2026-08-05,0.35,0.02,6.06,85000000,0,,否,,0.34,,,,,,
710603,耕興富邦63購01,2026-08-05,0.69,0.03,4.55,569000000,0,,是,,0.67,0.71,,,-8.6721,,
710604,湧德富邦63購01,2026-08-05,0.63,0.05,8.62,757000000,0,,是,,0.56,0.6,,,-12.1495,,
710605,中光電凱基61購02,2026-08-05,0.94,0.21,28.77,30000000,0,,否,,0.8,1.03,,,-35.7827,,
710606,巨有凱基61購01,2026-08-05,0.2,0.02,11.11,10000000,0,,否,,0.21,0.47,,,-71.5447,,
710607,宜鼎凱基61購01,2026-08-05,0.48,0.05,11.63,423000000,0,,否,,0.34,0.52,,,-50.7205,,
710609,臺慶科凱基61購02,2026-08-05,0.23,0.04,21.05,25000000,0,,否,,0.19,0.25,,,-36.0,,
710610,雙鴻凱基64購01,2026-08-05,1.32,0.08,6.45,55000000,0,,否,,1.05,1.1,,,-8.2168,,
710611,中美晶台新61購02,2026-08-05,1.51,-0.06,-3.82,72000000,0,,,,,,,,,,
710613,宜鼎台新61購03,2026-08-05,0.97,0.15,18.29,508000000,0,,否,,0.76,0.78,,,-5.2632,-25.0,
710614,原相台新61購01,2026-08-05,1.43,0.07,5.15,21000000,0,,否,,1.25,,,,,,
710616,原相台新61購03,2026-08-05,0.92,0.05,5.75,33000000,0,,否,,0.96,,,,,,
710617,鈊象台新61購01,2026-08-05,1.28,0.07,5.79,11000000,0,,是,,1.48,,,,,,
710618,群聯台新61購01,2026-08-05,0.96,0.03,3.23,40000000,0,,否,,1.12,,,,,,
710620,中光電元大61購04,2026-08-05,1.22,0.21,20.79,999000000,0,,否,,0.95,1.07,,,-19.7302,,
710624,宜鼎元大61購06,2026-08-05,1.03,0.08,8.42,836000000,0,,否,,0.81,0.85,,,-8.9686,-21.8349,
710625,松上元大61購01,2026-08-05,0.48,0.03,6.67,30000000,0,,否,,0.52,0.67,,,-37.1981,,
710626,品安元大61購01,2026-08-05,0.48,0.06,14.29,5000000,0,,否,,0.45,0.62,,,-44.389,,
710628,晟田元大61購01,2026-08-05,2.88,0.59,25.76,40000000,0,,否,,3.08,3.41,,,-17.7005,3.2405,
710629,堡達元大61購01,2026-08-05,0.41,0.0,0.0,70000000,0,,,,,,,,,,
710633,臺慶科元大64購01,2026-08-05,0.78,0.03,4.0,26000000,0,,否,,0.61,0.7,,,-22.0812,,
710634,臺慶科元大67購01,2026-08-05,0.61,0.02,3.39,305000000,0,,否,,0.47,0.52,,,-19.3103,,
710636,川寶國票65購01,2026-08-05,0.45,-0.02,-4.26,15000000,0,,否,,0.34,0.41,,,-30.7377,,
710637,中美晶國票61購04,2026-08-05,0.62,0.09,16.98,125000000,0,,是,,0.79,1.0,,,-35.2554,,
710639,日揚國票65購01,2026-08-05,0.54,-0.07,-11.48,20000000,0,,否,,0.54,,,,,,
710644,茂達國票65購01,2026-08-05,0.81,-0.03,-3.57,127000000,0,,是,,0.82,1.07,,,-37.8995,,
710646,晟田國票61購01,2026-08-05,1.78,0.29,19.46,216000000,0,,是,,1.59,1.88,,,-26.3645,-5.7258,
710647,崇越電國票65購01,2026-08-05,0.5,0.02,4.17,50000000,0,,否,,,,,,,,
710651,廣積國票65購01,2026-08-05,1.37,0.34,33.01,56000000,0,,否,,1.03,1.04,,,-1.3384,-1.0476,
710652,璟德國票65購01,2026-08-05,0.68,-0.04,-5.56,1000000,0,,,,,,,,,,
710654,中美晶群益63購01,2026-08-05,1.01,0.1,10.99,27000000,0,,否,,0.82,1.24,,,-50.5441,,
710658,巨漢群益61購01,2026-08-05,0.69,0.07,11.29,56000000,0,,是,,1.17,,,,,,
710659,宜鼎群益61購01,2026-08-05,1.07,0.09,9.18,274000000,0,,否,,0.83,0.86,,,-6.7568,-22.7723,
710664,晶宏群益61購01,2026-08-05,0.85,0.08,10.39,15000000,0,,否,,,,,,,,
710665,陽程群益61購01,2026-08-05,0.73,0.11,17.74,235000000,0,,是,,0.7,0.77,,,-16.6271,,
710667,川寶凱基61購01,2026-08-05,0.51,-0.43,-45.74,425000000,0,,是,,0.36,0.4,,,-17.5115,-38.8889,
710668,中美晶凱基61購06,2026-08-05,1.12,0.03,2.75,20000000,0,,是,,1.03,1.65,,,-54.9209,-30.2787,
710669,日揚凱基61購01,2026-08-05,0.59,-0.1,-14.49,122000000,0,,是,,0.61,0.67,,,-17.663,,
710671,加高凱基61購01,2026-08-05,0.33,0.02,6.45,100000000,0,,,,,,,,,,
710673,台嘉碩凱基61購01,2026-08-05,0.32,0.03,10.34,150000000,0,,是,,0.36,,,,,,
710675,全宇昕凱基61購01,2026-08-05,0.42,-0.03,-6.67,20000000,0,,否,,0.47,,,,,,
710676,邑錡凱基61購01,2026-08-05,0.56,0.05,9.8,37000000,0,,是,,0.61,0.86,,,-45.6172,-35.1615,
710677,奇鈦科凱基61購01,2026-08-05,0.46,0.09,24.32,13000000,0,,否,,0.55,,,,,,
710679,杰力凱基61購01,2026-08-05,0.65,-0.05,-7.14,68000000,0,,否,,0.58,0.76,,,-38.4615,,
710682,高僑凱基61購01,2026-08-05,0.38,0.02,5.56,20000000,0,,否,,0.39,0.54,,,-43.7318,,
710684,堡達凱基61購01,2026-08-05,0.36,0.02,5.88,11000000,0,,,,,,,,,,
710685,晶宏凱基61購01,2026-08-05,0.75,0.09,13.64,85000000,0,,是,,0.56,,,,,,
710687,陽程凱基61購02,2026-08-05,0.28,-0.17,-37.78,13000000,0,,否,,0.41,0.59,,,-47.6923,,
710688,碩禾凱基61購01,2026-08-05,0.48,0.02,4.35,222000000,0,,否,,0.39,0.49,,,-34.3434,-42.7241,
710689,中光電台新61購01,2026-08-05,1.31,0.33,33.67,49000000,0,,否,,1.22,,,,,,
710690,中光電台新61購02,2026-08-05,1.13,0.27,31.4,47000000,0,,否,,0.97,1.2,,,-32.8234,,
710691,中美晶台新61購03,2026-08-05,0.79,-0.02,-2.47,126000000,0,,否,,0.76,1.14,,,-49.8681,,
710692,中美晶台新63購02,2026-08-05,0.81,0.0,0.0,81000000,0,,是,,0.91,1.37,,,-50.7073,,
710693,世界台新61購01,2026-08-05,0.42,0.03,7.69,165000000,0,,是,,0.36,0.45,,,-33.829,,
710694,台嘉碩台新61購01,2026-08-05,0.51,-0.02,-3.77,523000000,0,,是,,0.77,,,,,,
710695,台嘉碩台新61購02,2026-08-05,0.41,0.01,2.5,2270000000,0,,是,,0.38,0.52,,,-42.4699,,
710698,全宇昕台新61購01,2026-08-05,0.47,-0.01,-2.08,70000000,0,,否,,0.44,0.48,,,-14.2857,-39.9501,
710699,欣銓台新61購01,2026-08-05,0.64,0.1,18.52,19000000,0,,是,,0.83,,,,,,
710700,欣銓台新61購02,2026-08-05,0.69,0.09,15.0,49000000,0,,否,,1.05,,,,,,
710701,威剛台新61購02,2026-08-05,0.92,0.06,6.98,38000000,0,,,,,,,,,,
710705,九暘永豐61購01,2026-08-05,0.28,0.02,7.69,5000000,0,,否,,0.29,0.36,,,-30.3318,,
710707,川寶永豐61購01,2026-08-05,0.42,-0.38,-47.5,60000000,0,,是,,0.3,0.38,,,-34.7826,,
710708,加高永豐61購01,2026-08-05,0.37,-0.04,-9.76,20000000,0,,,,,,,,,,
710715,奇鈦科永豐61購01,2026-08-05,0.4,0.05,14.29,162000000,0,,是,,0.3,0.44,,,-47.0383,-34.963,
710716,奇鈦科永豐61購02,2026-08-05,0.41,0.04,10.81,159000000,0,,是,,0.44,0.57,,,-35.8382,,
710718,杰力永豐61購01,2026-08-05,0.57,0.07,14.0,142000000,0,,是,,0.48,0.52,,,-14.8936,,
710719,欣銓永豐64購02,2026-08-05,0.79,0.08,11.27,107000000,0,,是,,0.69,0.78,,,-21.0046,,
710723,崇越電永豐61購01,2026-08-05,0.55,0.03,5.77,5000000,0,,否,,0.55,,,,,,
710726,堡達永豐64購01,2026-08-05,0.39,-0.01,-2.5,110000000,0,,是,,0.44,,,,,,
710727,晶宏永豐61購01,2026-08-05,0.96,0.09,10.34,146000000,0,,是,,,,,,,,
710730,陽程永豐61購01,2026-08-05,0.58,0.14,31.82,347000000,0,,是,,0.69,,,,,,
710731,碩禾永豐61購01,2026-08-05,0.4,0.02,5.26,188000000,0,,是,,0.48,0.67,,,-44.4444,,
710732,精星永豐61購01,2026-08-05,0.78,0.02,2.63,16000000,0,,否,,0.85,,,,,,
710736,立碁富邦61購01,2026-08-05,1.32,-0.02,-1.49,341000000,0,,否,,1.06,0.86,,,62.5767,,
710738,中光電國票61購02,2026-08-05,1.58,0.27,20.61,10000000,0,,否,,1.55,,,,,,
710739,中美晶國票65購01,2026-08-05,1.02,-0.03,-2.86,11000000,0,,否,,1.51,1.7,,,-20.5696,,
710740,竹陞國票65購01,2026-08-05,0.87,0.16,22.54,50000000,0,,是,,1.05,,,,,,
710741,松上國票61購01,2026-08-05,0.3,0.02,7.14,2000000,0,,否,,0.26,0.36,,,-42.7948,,
710742,欣銓國票61購03,2026-08-05,0.63,0.08,14.55,36000000,0,,,,,,,,,,
710743,青雲國票61購01,2026-08-05,1.18,0.05,4.42,631000000,0,,是,,1.18,1.2,,,-2.314,,
710748,翔名國票65購01,2026-08-05,0.66,0.01,1.54,20000000,0,,否,,0.71,,,,,,
710749,華洋國票65購01,2026-08-05,0.48,0.05,11.63,144000000,0,,是,,0.56,,,,,,
710751,頎邦國票65購01,2026-08-05,0.65,0.18,38.3,330000000,0,,是,,0.7,0.82,,,-24.6781,,
710754,耀穎國票65購01,2026-08-05,0.36,0.04,12.5,15000000,0,,是,,0.32,0.36,,,-19.802,-24.7934,
710757,加高元大61購01,2026-08-05,0.53,-0.03,-5.36,30000000,0,,否,,1.0,,,,,,
710761,華景電元大64購01,2026-08-05,0.91,0.04,4.6,222000000,0,,否,,,,,,,,
710762,聖暉*元大61購02,2026-08-05,0.33,0.03,10.0,656000000,0,,是,,0.4,0.5,,,-32.6599,,
710763,頎邦元大61購01,2026-08-05,0.7,0.16,29.63,1000000,0,,否,,0.49,0.68,,,-43.3875,-35.653,
710772,璟德凱基64購01,2026-08-05,0.6,-0.03,-4.76,24000000,0,,,,,,,,,,
710773,中美晶永豐61購01,2026-08-05,0.88,0.05,6.02,202000000,0,,是,,0.81,,,,,,
710774,中美晶永豐61購02,2026-08-05,0.52,-0.06,-10.34,321000000,0,,是,,0.64,0.99,,,-52.3169,,
710775,元太永豐61購04,2026-08-05,1.01,-0.01,-0.98,107000000,0,,否,,0.89,,,,,,
710778,宜鼎永豐66購01,2026-08-05,1.19,0.18,17.82,50000000,0,,否,,0.95,0.97,,,-5.0,,
710779,昇佳電永豐61購01,2026-08-05,0.68,0.05,7.94,47000000,0,,否,,0.67,0.91,,,-42.685,,
710781,能率亞永豐61購01,2026-08-05,0.95,0.1,11.76,22000000,0,,否,,0.97,,,,,,
710782,高僑永豐61購01,2026-08-05,0.34,0.06,21.43,38000000,0,,,,,,,,,,
710784,新漢永豐61購01,2026-08-05,0.9,0.15,20.0,15000000,0,,是,,1.03,,,,,,
710785,頎邦永豐61購02,2026-08-05,0.45,0.14,45.16,21000000,0,,否,,0.35,0.6,,,-58.0952,,
710787,璟德永豐61購02,2026-08-05,0.46,-0.01,-2.13,10000000,0,,否,,0.42,,,,,,
710791,立碁台新61購01,2026-08-05,1.63,-0.01,-0.61,283000000,0,,否,,1.38,1.13,,,56.0091,,
710794,晟田台新61購01,2026-08-05,1.34,0.32,31.37,33000000,0,,否,,1.16,1.39,,,-28.3416,-6.2204,
710795,新漢台新61購01,2026-08-05,0.74,0.15,25.42,33000000,0,,是,,0.74,,,,,,
710797,群聯台新61購02,2026-08-05,1.61,0.07,4.55,137000000,0,,是,,1.32,1.52,,,-23.1935,,
710798,中美晶富邦61購02,2026-08-05,0.61,0.01,1.67,20000000,0,,否,,0.68,0.99,,,-48.318,,
710800,陽程富邦61購01,2026-08-05,0.53,0.11,26.19,666000000,0,,是,,0.45,0.57,,,-33.7243,,
710801,頎邦富邦63購01,2026-08-05,0.42,0.07,20.0,285000000,0,,否,,0.32,0.43,,,-41.0256,-30.3371,
710805,中美晶群益61購01,2026-08-05,2.33,-0.25,-9.69,846000000,0,,是,,2.37,3.87,,,-55.9076,,
710806,世界群益61購02,2026-08-05,1.16,0.15,14.85,484000000,0,,是,,1.04,1.24,,,-26.993,,
710807,台特化群益61購01,2026-08-05,0.99,0.18,22.22,10000000,0,,否,,0.83,,,,,,
710808,均豪群益61購02,2026-08-05,1.24,0.13,11.71,36000000,0,,否,,1.41,1.58,,,-19.1076,,
710810,杰力群益61購01,2026-08-05,0.73,-0.01,-1.35,311000000,0,,是,,0.71,,,,,,
710811,威剛群益61購04,2026-08-05,0.94,0.02,2.17,30000000,0,,否,,0.94,0.92,,,4.2316,,
710813,能率群益61購01,2026-08-05,0.96,0.08,9.09,2000000,0,,,,,,,,,,
710817,頎邦群益61購01,2026-08-05,0.46,0.1,27.78,26000000,0,,否,,0.32,0.51,,,-54.6742,-41.8367,
710818,頎邦群益61購02,2026-08-05,0.39,0.08,25.81,99000000,0,,否,,0.28,0.57,,,-66.7447,,
710819,雙鴻群益61購01,2026-08-05,1.79,-0.04,-2.19,595000000,0,,是,,1.53,1.61,,,-9.134,,
710822,良維凱基61購02,2026-08-05,0.85,0.0,0.0,10000000,0,,否,,0.95,,,,,,
710823,昇佳電凱基61購01,2026-08-05,0.71,0.07,10.94,10000000,0,,否,,0.89,1.15,,,-36.8421,,
710825,翔名凱基61購01,2026-08-05,0.33,0.04,13.79,119000000,0,,是,,,,,,,,
710826,頎邦凱基61購01,2026-08-05,0.01,-0.26,-96.3,30000000,0,,否,,,,,,,,
710827,精材凱基61購06,2026-08-05,1.6,0.43,36.75,1000000,0,,否,,2.04,,,,,,
710829,朋程台新61購01,2026-08-05,0.5,0.06,13.64,192000000,0,,,,,,,,,,
710830,朋程台新62購01,2026-08-05,0.6,0.09,17.65,159000000,0,,是,,0.55,,,,,,
710832,朋程台新64購01,2026-08-05,0.83,0.12,16.9,37000000,0,,,,,,,,,,
710833,博大台新61購01,2026-08-05,0.82,0.13,18.84,156000000,0,,是,,0.91,,,,,,
710837,頎邦台新61購01,2026-08-05,0.58,0.2,52.63,120000000,0,,否,,0.36,0.58,,,-54.8628,,
710838,頎邦台新61購02,2026-08-05,0.48,0.13,37.14,641000000,0,,是,,0.43,0.69,,,-55.3459,,
710839,驊訊台新61購01,2026-08-05,0.46,0.02,4.55,80000000,0,,是,,0.44,,,,,,
710842,中美晶永豐65購02,2026-08-05,1.22,0.04,3.39,20000000,0,,否,,1.4,1.75,,,-33.5238,,
710845,翔名永豐61購01,2026-08-05,0.5,0.06,13.64,14000000,0,,否,,0.79,,,,,,
710848,榮剛永豐61購02,2026-08-05,0.72,0.01,1.41,2000000,0,,否,,0.7,,,,,,
710852,友威科國票65購01,2026-08-05,0.41,0.04,10.81,280000000,0,,是,,0.37,0.42,,,-21.9409,,
710853,全宇昕國票65購01,2026-08-05,0.34,-0.01,-2.86,98000000,0,,是,,,,,,,,
710854,竹陞國票66購01,2026-08-05,0.59,0.08,15.69,30000000,0,,,,,,,,,,
710856,邑錡國票63購01,2026-08-05,0.58,0.05,9.43,10000000,0,,否,,0.68,0.85,,,-34.1131,,
710859,昇佳電國票65購01,2026-08-05,0.43,0.02,4.88,166000000,0,,否,,0.43,0.55,,,-35.8434,,
710862,茂訊國票65購01,2026-08-05,0.73,0.06,8.96,4000000,0,,否,,0.74,,,,,,
710863,原相國票61購01,2026-08-05,0.99,0.14,16.47,50000000,0,,,,,,,,,,
710864,振曜國票65購01,2026-08-05,0.46,0.03,6.98,2000000,0,,否,,,,,,,,
710866,健喬國票65購01,2026-08-05,0.65,0.0,0.0,26000000,0,,否,,0.68,,,,,,
710873,碩禾國票65購01,2026-08-05,0.35,0.01,2.94,499000000,0,,是,,0.34,,,,,,
710876,竹陞國泰63購01,2026-08-05,0.87,0.17,24.29,25000000,0,,否,,0.72,0.95,,,-39.629,,
710877,青雲國泰62購03,2026-08-05,1.4,0.17,13.82,114000000,0,,是,,1.49,1.41,,,11.994,,
710878,茂達國泰62購01,2026-08-05,0.66,-0.01,-1.49,89000000,0,,否,,0.68,0.83,,,-30.0613,,
710879,精材國泰62購01,2026-08-05,1.81,0.17,10.37,5000000,0,,否,,2.94,,,,,,
710881,宜鼎富邦61購02,2026-08-05,0.45,0.08,21.62,396000000,0,,是,,0.34,0.34,,,-2.8902,,
710883,宜鼎群益61購02,2026-08-05,0.91,0.08,9.64,89000000,0,,否,,0.72,0.75,,,-7.9082,,
710884,宜鼎群益61購03,2026-08-05,0.79,0.13,19.7,300000000,0,,否,,0.6,0.65,,,-14.4886,,
710885,威剛群益61購05,2026-08-05,0.83,0.02,2.47,182000000,0,,,,,,,,,,
710886,建榮群益62購01,2026-08-05,0.48,0.17,54.84,52000000,0,,,,,,,,,,
710887,群聯群益67購03,2026-08-05,2.3,-0.02,-0.86,434000000,0,,是,,2.08,2.32,,,-18.4314,,
710888,精材群益64購01,2026-08-05,0.81,0.05,6.58,65000000,0,,是,,0.8,,,,,,
710889,精剛群益61購01,2026-08-05,0.59,0.01,1.72,1000000,0,,否,,0.92,,,,,,
710891,聚和群益61購01,2026-08-05,0.7,0.07,11.11,7000000,0,,,,,,,,,,
710892,雙鴻群益61購02,2026-08-05,2.41,0.17,7.59,511000000,0,,是,,2.07,2.13,,,-5.4745,,
710893,中美晶元大64購01,2026-08-05,1.36,-0.08,-5.56,155000000,0,,是,,1.44,1.79,,,-32.8052,,
710894,中美晶元大66購04,2026-08-05,1.2,-0.09,-6.98,271000000,0,,是,,1.45,1.59,,,-16.263,,
710896,均豪元大61購02,2026-08-05,0.43,0.04,10.26,150000000,0,,否,,0.51,,,,,,
710897,宜特元大65購01,2026-08-05,1.03,0.02,1.98,97000000,0,,否,,1.01,,,,,,
710898,宜特元大67購02,2026-08-05,0.95,-0.01,-1.04,200000000,0,,否,,0.9,0.96,,,-11.3725,,
710899,欣銓元大61購02,2026-08-05,0.82,0.11,15.49,310000000,0,,否,,0.82,0.93,,,-21.7973,,
710900,家登元大61購02,2026-08-05,1.04,0.12,13.04,769000000,0,,否,,1.1,1.18,,,-13.1329,,
710902,臺慶科元大64購02,2026-08-05,0.85,0.06,7.59,6000000,0,,否,,0.68,0.87,,,-35.7815,,
710904,太普高國票65購01,2026-08-05,0.34,0.02,6.25,6000000,0,,是,,0.45,,,,,,
710907,杰力國票65購01,2026-08-05,0.5,0.04,8.7,73000000,0,,,,,,,,,,
710908,倉和國票65購01,2026-08-05,1.14,0.12,11.76,204000000,0,,是,,0.91,0.93,,,-5.625,,
710909,晟田國票61購02,2026-08-05,1.29,0.19,17.27,54000000,0,,是,,1.14,1.38,,,-29.9754,,
710910,創泓國票61購01,2026-08-05,1.31,0.06,4.8,91000000,0,,否,,1.13,1.66,,,-48.7738,,
710912,新普國票65購01,2026-08-05,0.56,0.03,5.66,26000000,0,,否,,0.56,,,,,,
710913,聖暉*國票65購01,2026-08-05,0.39,0.01,2.63,55000000,0,,,,,,,,,,
710914,類比科國票61購01,2026-08-05,0.55,0.09,19.57,14000000,0,,否,,0.46,,,,,,
710917,大中凱基61購02,2026-08-05,0.23,0.05,27.78,30000000,0,,是,,0.22,0.31,,,-45.5,,
710918,中美晶凱基66購01,2026-08-05,0.93,-0.03,-3.12,30000000,0,,否,,1.25,1.65,,,-38.4691,,
710920,宏觀凱基61購04,2026-08-05,0.51,0.04,8.51,40000000,0,,,,,,,,,,
710921,宜鼎凱基61購02,2026-08-05,0.79,0.07,9.72,1010000000,0,,否,,0.6,0.73,,,-30.0699,,
710923,威剛凱基61購03,2026-08-05,1.3,0.06,4.84,10000000,0,,否,,,,,,,,
710924,茂達凱基61購03,2026-08-05,0.37,0.02,5.71,10000000,0,,否,,,,,,,,
710925,博大凱基61購01,2026-08-05,0.55,0.12,27.91,10000000,0,,否,,0.51,,,,,,
710926,群聯凱基61購07,2026-08-05,1.04,0.04,4.0,144000000,0,,否,,0.85,1.11,,,-38.0673,,
710927,雙鴻凱基61購05,2026-08-05,1.7,0.13,8.28,40000000,0,,是,,,,,,,,
710928,大中群益61購02,2026-08-05,0.34,0.14,70.0,40000000,0,,,,,,,,,,
710935,精材群益64購02,2026-08-05,1.11,0.13,13.27,20000000,0,,否,,1.47,,,,,,
710936,中美晶國泰64購01,2026-08-05,1.28,-0.06,-4.48,253000000,0,,否,,2.0,2.32,,,-24.3182,,
710937,中光電富邦64購01,2026-08-05,0.48,0.07,17.07,20000000,0,,否,,0.39,0.45,,,-21.6,,
710938,威剛富邦64購01,2026-08-05,0.45,0.0,0.0,15000000,0,,否,,0.46,,,,,,
710942,群聯中信67購01,2026-08-05,0.4,0.02,5.26,15000000,0,,否,,0.35,,,,,,
710943,中光電永豐61購03,2026-08-05,0.43,0.07,19.44,213000000,0,,否,,0.34,0.42,,,-32.4111,,
710944,艾訊永豐61購01,2026-08-05,0.51,0.13,34.21,414000000,0,,是,,0.5,,,,,,
710946,長聖永豐61購01,2026-08-05,0.61,0.03,5.17,6000000,0,,否,,0.59,0.64,,,-13.2353,,
710947,威剛永豐61購08,2026-08-05,0.75,0.03,4.17,125000000,0,,否,,0.71,,,,,,
710948,威剛永豐64購03,2026-08-05,0.96,0.09,10.34,113000000,0,,否,,0.92,,,,,,
710949,茂達永豐65購01,2026-08-05,0.46,0.02,4.55,15000000,0,,否,,0.53,,,,,,
710950,倉和永豐61購01,2026-08-05,1.66,0.16,10.67,216000000,0,,否,,1.2,1.29,,,-12.9173,,
710951,倉和永豐64購01,2026-08-05,2.21,0.28,14.51,60000000,0,,否,,1.7,1.77,,,-8.1257,,
710952,宸曜永豐61購01,2026-08-05,0.74,0.13,21.31,283000000,0,,是,,0.68,,,,,,
710953,宸曜永豐67購01,2026-08-05,1.3,0.16,14.04,10000000,0,,是,,1.28,,,,,,
710954,耕興永豐61購01,2026-08-05,0.65,0.03,4.84,8000000,0,,否,,0.69,,,,,,
710955,博大永豐61購01,2026-08-05,0.41,0.06,17.14,30000000,0,,,,,,,,,,
710956,智通*永豐64購01,2026-08-05,0.66,0.06,10.0,44000000,0,,否,,,,,,,,
710957,新普永豐61購02,2026-08-05,0.57,0.0,0.0,213000000,0,,是,,0.52,,,,,,
710958,精剛永豐61購01,2026-08-05,0.45,0.01,2.27,25000000,0,,否,,0.56,0.65,,,-25.8667,,
710959,磐儀永豐61購01,2026-08-05,1.07,0.23,27.38,102000000,0,,否,,0.83,,,,,,
710960,中光電元大61購05,2026-08-05,0.47,-0.22,-31.88,75000000,0,,否,,0.38,0.49,,,-37.6238,,
710961,中美晶元大64購02,2026-08-05,1.28,-0.07,-5.19,362000000,0,,是,,1.37,1.68,,,-31.1178,,
710962,中美晶元大66購05,2026-08-05,1.1,-0.06,-5.17,366000000,0,,是,,1.07,1.35,,,-33.7037,,
710963,世紀*元大61購01,2026-08-05,0.66,0.01,1.54,31000000,0,,否,,0.7,,,,,,
710964,宜鼎元大61購07,2026-08-05,0.89,0.08,9.88,172000000,0,,否,,0.71,0.75,,,-9.6692,,
710965,晟田元大61購02,2026-08-05,1.73,0.37,27.21,40000000,0,,否,,1.55,2.28,,,-48.3356,,
710966,創惟元大61購01,2026-08-05,0.94,0.03,3.3,140000000,0,,是,,0.87,0.98,,,-19.2237,,
710968,翔名元大61購01,2026-08-05,0.6,0.07,13.21,431000000,0,,是,,0.53,0.7,,,-38.9016,,
710969,群聯元大64購07,2026-08-05,1.05,0.04,3.96,97000000,0,,否,,1.12,,,,,,
710971,譜瑞元大61購03,2026-08-05,0.95,0.14,17.28,1133000000,0,,是,,0.85,0.93,,,-16.2376,,
710972,譜瑞元大65購03,2026-08-05,0.97,0.1,11.49,297000000,0,,否,,0.92,,,,,,
710977,中光電台新61購04,2026-08-05,0.8,0.18,29.03,55000000,0,,否,,0.69,,,,,,
710978,杰力台新61購01,2026-08-05,0.51,-0.01,-1.92,56000000,0,,否,,0.45,,,,,,
710979,宸曜台新61購01,2026-08-05,1.65,0.38,29.92,896000000,0,,是,,1.47,,,,,,
710980,博大台新61購02,2026-08-05,0.63,0.12,23.53,185000000,0,,是,,0.58,,,,,,
710982,精材台新61購03,2026-08-05,0.9,-0.04,-4.26,112000000,0,,否,,1.03,1.34,,,-37.2573,,
710986,振曜凱基61購01,2026-08-05,0.6,0.07,13.21,8000000,0,,否,,0.63,,,,,,
710987,華景電凱基64購01,2026-08-05,0.79,0.1,14.49,80000000,0,,,,,,,,,,
710989,頎邦凱基61購02,2026-08-05,0.01,-0.36,-97.3,40000000,0,,否,,0.47,,,,,,
710990,精材凱基61購07,2026-08-05,3.54,0.55,18.39,3000000,0,,否,,,,,,,,
710991,營邦凱基61購01,2026-08-05,0.76,0.04,5.56,50000000,0,,否,,0.66,0.71,,,-13.3508,,
710992,譜瑞凱基61購06,2026-08-05,1.15,0.08,7.48,9000000,0,,否,,1.0,,,,,,
710996,大江國票65購01,2026-08-05,0.71,0.02,2.9,73000000,0,,否,,0.74,0.76,,,-3.886,,
710997,大學光國票61購01,2026-08-05,0.79,0.09,12.86,57000000,0,,是,,0.75,,,,,,
711002,廣積國票66購01,2026-08-05,1.1,0.18,19.57,111000000,0,,是,,0.97,,,,,,
711003,陽程群益61購02,2026-08-05,0.51,0.08,18.6,64000000,0,,否,,0.58,,,,,,
711005,宜鼎國泰62購02,2026-08-05,1.28,0.16,14.29,130000000,0,,否,,1.12,,,,,,
711009,巨有元大61購02,2026-08-05,0.64,0.05,8.47,70000000,0,,否,,0.58,,,,,,
711010,立敦元大61購01,2026-08-05,0.93,0.03,3.33,10000000,0,,否,,1.45,,,,,,
711011,立敦元大67購01,2026-08-05,0.39,0.03,8.33,1000000,0,,否,,0.35,,,,,,
711012,宜鼎元大61購08,2026-08-05,0.75,0.05,7.14,4173000000,0,,是,,0.61,0.63,,,-6.1538,,
711013,宜鼎元大61購09,2026-08-05,1.17,0.07,6.36,1699000000,0,,否,,0.92,0.95,,,-5.7377,,
711014,昇佳電元大61購01,2026-08-05,0.51,0.03,6.25,100000000,0,,否,,0.58,0.92,,,-53.2051,,
711015,朋程元大61購01,2026-08-05,0.63,0.07,12.5,6000000,0,,否,,0.61,,,,,,
711016,青雲元大61購01,2026-08-05,1.43,0.13,10.0,146000000,0,,否,,1.52,,,,,,
711019,原相元大61購02,2026-08-05,0.5,0.03,6.38,545000000,0,,否,,0.44,,,,,,
711020,家登元大61購03,2026-08-05,1.06,0.1,10.42,931000000,0,,是,,0.95,1.1,,,-24.5223,,
711021,智通*元大61購01,2026-08-05,0.46,0.09,24.32,10000000,0,,否,,0.46,,,,,,
711022,群聯元大64購08,2026-08-05,0.62,0.03,5.08,271000000,0,,否,,0.55,0.61,,,-17.6647,,
711023,譜瑞元大61購04,2026-08-05,1.72,0.24,16.22,82000000,0,,是,,1.49,1.58,,,-11.6528,,
711024,中美晶統一65購01,2026-08-05,0.43,-0.01,-2.27,2000000,0,,否,,0.4,0.55,,,-43.4286,,
711029,精材統一67購01,2026-08-05,0.75,0.08,11.94,131000000,0,,否,,0.67,0.85,,,-35.0877,,
711030,營邦統一67購01,2026-08-05,0.67,0.02,3.08,106000000,0,,是,,,,,,,,
711031,中光電永豐61購04,2026-08-05,1.05,0.21,25.0,107000000,0,,否,,0.83,,,,,,
711032,中光電永豐61購05,2026-08-05,0.8,0.14,21.21,22000000,0,,否,,0.59,0.73,,,-31.3225,,
711036,宜鼎永豐63購02,2026-08-05,0.82,0.08,10.81,41000000,0,,否,,0.66,,,,,,
711038,原相永豐61購02,2026-08-05,0.8,0.08,11.11,164000000,0,,是,,,,,,,,
711039,群聯永豐64購07,2026-08-05,0.94,0.1,11.9,79000000,0,,是,,0.78,,,,,,
711040,群聯永豐64購08,2026-08-05,0.76,0.1,15.15,136000000,0,,是,,0.85,,,,,,
711041,群聯永豐67購01,2026-08-05,0.53,0.07,15.22,250000000,0,,否,,0.47,,,,,,
711042,廣積永豐61購01,2026-08-05,1.36,0.47,52.81,131000000,0,,否,,0.97,0.94,,,4.5455,,
711043,宜鼎中信61購03,2026-08-05,0.48,0.05,11.63,67000000,0,,否,,0.43,,,,,,
711046,台特化凱基61購01,2026-08-05,1.13,0.19,20.21,4000000,0,,否,,,,,,,,
711048,宜特凱基61購04,2026-08-05,0.79,0.01,1.28,841000000,0,,是,,0.71,,,,,,
711049,宜鼎凱基61購03,2026-08-05,1.2,0.21,21.21,158000000,0,,否,,0.92,0.96,,,-7.8156,,
711050,茂達凱基61購04,2026-08-05,0.83,0.04,5.06,91000000,0,,,,,,,,,,
711051,原相凱基61購02,2026-08-05,1.03,0.07,7.29,106000000,0,,否,,1.01,,,,,,
711052,智通*凱基61購01,2026-08-05,0.52,0.04,8.33,80000000,0,,是,,0.81,,,,,,
711053,順達凱基61購02,2026-08-05,0.56,-0.01,-1.75,1655000000,0,,是,,0.75,,,,,,
711054,鈊象凱基61購03,2026-08-05,1.83,0.01,0.55,213000000,0,,是,,1.57,,,,,,
711055,群聯凱基64購04,2026-08-05,1.71,0.14,8.92,115000000,0,,是,,1.51,1.69,,,-19.1854,,
711056,精材凱基61購08,2026-08-05,1.65,0.41,33.06,3000000,0,,否,,2.04,,,,,,
711057,廣積凱基65購01,2026-08-05,1.13,0.1,9.71,14000000,0,,否,,1.07,1.05,,,3.4884,,
711059,富喬台新61購01,2026-08-05,0.7,0.1,16.67,823000000,0,,是,,0.76,,,,,,
711060,艾訊群益61購01,2026-08-05,0.72,0.18,33.33,722000000,0,,是,,0.72,,,,,,
711063,群聯群益61購06,2026-08-05,3.32,0.03,0.91,324000000,0,,是,,2.8,3.3,,,-26.0158,,
711064,精材群益61購02,2026-08-05,2.5,0.09,3.73,150000000,0,,是,,2.36,3.62,,,-51.6592,,
711065,大樹國票65購01,2026-08-05,0.76,-0.03,-3.8,3000000,0,,否,,0.8,,,,,,
711066,公準國票65購01,2026-08-05,0.5,0.02,4.17,23000000,0,,是,,,,,,,,
711069,正基國票65購01,2026-08-05,0.57,0.06,11.76,10000000,0,,,,,,,,,,
711070,艾訊國票61購02,2026-08-05,0.68,0.07,11.48,7000000,0,,否,,,,,,,,
711071,宜鼎國票65購02,2026-08-05,1.26,0.08,6.78,309000000,0,,是,,1.13,,,,,,
711073,智崴國票65購01,2026-08-05,0.53,0.0,0.0,200000000,0,,否,,0.58,,,,,,
711074,僑威國票65購01,2026-08-05,0.62,0.0,0.0,60000000,0,,是,,0.66,,,,,,
711077,中美晶元大61購03,2026-08-05,0.87,-0.06,-6.45,373000000,0,,否,,1.05,1.34,,,-36.1416,,
711078,台嘉碩元大61購03,2026-08-05,0.97,0.07,7.78,450000000,0,,是,,0.89,0.98,,,-17.4397,,
711079,宜鼎元大61購10,2026-08-05,1.09,0.09,9.0,2844000000,0,,是,,0.89,0.92,,,-5.1064,,
711080,智通*元大61購02,2026-08-05,0.52,0.03,6.12,216000000,0,,否,,0.58,0.76,,,-37.2845,,
711081,群聯元大61購14,2026-08-05,0.91,0.05,5.81,2793000000,0,,是,,0.8,0.9,,,-20.7921,,
711082,臺慶科元大61購03,2026-08-05,0.32,-0.03,-8.57,22000000,0,,否,,0.27,0.32,,,-26.6304,,
711083,世界國泰62購01,2026-08-05,0.98,0.12,13.95,119000000,0,,否,,0.95,,,,,,
711084,博大國泰62購01,2026-08-05,0.83,0.17,25.76,54000000,0,,否,,0.68,0.76,,,-19.3853,,
711085,陽程國泰62購01,2026-08-05,1.44,0.31,27.43,88000000,0,,否,,1.22,1.42,,,-24.7219,,
711087,精材國泰62購02,2026-08-05,1.81,0.13,7.74,3000000,0,,否,,2.72,2.85,,,-8.9812,,
711088,中美晶富邦61購03,2026-08-05,0.47,-0.03,-6.0,427000000,0,,否,,0.46,0.71,,,-51.3684,,
711089,立碁富邦64購01,2026-08-05,1.06,-0.03,-2.75,431000000,0,,是,,0.91,,,,,,
711090,翔名富邦61購01,2026-08-05,0.38,0.03,8.57,67000000,0,,否,,0.34,0.45,,,-39.5683,,
711091,陽程富邦61購02,2026-08-05,0.41,0.08,24.24,486000000,0,,是,,0.38,0.46,,,-29.2593,,
711092,精材富邦61購01,2026-08-05,0.88,0.13,17.33,20000000,0,,否,,1.25,,,,,,
711093,精材中信61購02,2026-08-05,0.51,0.01,2.0,5000000,0,,否,,0.57,0.68,,,-27.665,,
711095,千附永豐61購02,2026-08-05,1.1,0.03,2.8,10000000,0,,否,,1.8,,,,,,
711096,立端永豐61購01,2026-08-05,0.74,0.05,7.25,537000000,0,,是,,0.7,0.76,,,-15.2913,,
711097,松瑞藥永豐61購01,2026-08-05,0.85,0.02,2.41,213000000,0,,是,,0.84,,,,,,
711098,磐儀永豐61購02,2026-08-05,0.98,0.13,15.29,40000000,0,,否,,0.88,0.83,,,12.8535,,
711104,台嘉碩統一67購01,2026-08-05,0.5,0.02,4.17,94000000,0,,是,,0.45,,,,,,
711107,巨有統一6C購01,2026-08-05,0.48,0.03,6.67,1000000,0,,否,,,,,,,,
711109,杰力統一6C購01,2026-08-05,0.52,0.04,8.33,195000000,0,,,,,,,,,,
711110,青雲統一69購01,2026-08-05,0.79,0.03,3.95,92000000,0,,否,,0.77,,,,,,
711111,青雲統一6C購01,2026-08-05,0.62,0.02,3.33,24000000,0,,否,,0.54,,,,,,
711114,堡達統一6C購01,2026-08-05,0.38,0.0,0.0,15000000,0,,否,,,,,,,,
711115,智通*統一67購01,2026-08-05,0.46,0.02,4.55,354000000,0,,是,,0.54,,,,,,
711116,陽程統一6C購01,2026-08-05,0.57,0.05,9.62,118000000,0,,否,,0.56,,,,,,
711118,頎邦統一65購01,2026-08-05,0.34,0.05,17.24,2616000000,0,,是,,0.32,0.42,,,-39.6947,,
711119,頎邦統一67購02,2026-08-05,0.43,0.05,13.16,114000000,0,,否,,0.41,0.49,,,-26.1649,,
711121,頎邦統一6C購01,2026-08-05,0.49,0.06,13.95,11000000,0,,否,,0.42,0.52,,,-32.0513,,
711122,精材統一65購02,2026-08-05,0.58,0.02,3.57,432000000,0,,否,,0.59,0.78,,,-40.2041,,
711126,陽程凱基61購03,2026-08-05,0.16,-0.17,-51.52,20000000,0,,,,,,,,,,
711128,群聯凱基61購08,2026-08-05,1.16,0.09,8.41,598000000,0,,是,,1.19,,,,,,
711129,群聯凱基61購09,2026-08-05,1.09,0.18,19.78,55000000,0,,否,,0.93,,,,,,
711130,頎邦凱基61購03,2026-08-05,0.26,0.06,30.0,13000000,0,,否,,0.36,,,,,,
711131,精材凱基61購09,2026-08-05,0.71,0.11,18.33,14000000,0,,否,,0.89,,,,,,
711133,宜鼎台新62購01,2026-08-05,0.99,0.16,19.28,40000000,0,,否,,0.78,,,,,,
711134,茂達台新61購01,2026-08-05,0.62,-0.01,-1.59,2000000,0,,否,,0.63,,,,,,
711135,茂達台新61購02,2026-08-05,0.97,0.06,6.59,135000000,0,,是,,0.72,0.84,,,-24.6347,,
711137,群聯台新67購04,2026-08-05,1.21,0.18,17.48,5000000,0,,否,,1.07,,,,,,
711138,頎邦台新61購04,2026-08-05,0.67,0.12,21.82,221000000,0,,否,,0.51,,,,,,
711139,頎邦台新61購05,2026-08-05,0.62,0.18,40.91,65000000,0,,否,,0.5,0.84,,,-57.8231,,
711140,精材台新61購04,2026-08-05,0.9,0.1,12.5,102000000,0,,否,,1.02,,,,,,
711141,精材台新61購05,2026-08-05,0.86,-0.03,-3.37,82000000,0,,否,,0.8,,,,,,
711142,精材台新62購02,2026-08-05,1.07,0.15,16.3,31000000,0,,否,,1.37,,,,,,
711144,天良國票61購01,2026-08-05,1.7,0.3,21.43,15000000,0,,否,,1.37,1.42,,,-7.1719,,
711145,巨漢國票61購01,2026-08-05,0.85,0.07,8.97,4000000,0,,否,,1.09,,,,,,
711146,協禧國票65購01,2026-08-05,0.51,0.01,2.0,50000000,0,,,,,,,,,,
711147,奇鈦科國票65購01,2026-08-05,0.54,0.06,12.5,81000000,0,,否,,,,,,,,
711148,陽程國票61購01,2026-08-05,0.83,0.21,33.87,34000000,0,,否,,0.93,,,,,,
711150,順達國票65購01,2026-08-05,0.78,0.05,6.85,184000000,0,,是,,0.93,,,,,,
711153,營邦國票61購01,2026-08-05,1.36,0.06,4.62,2000000,0,,否,,1.2,,,,,,
711156,台特化群益61購02,2026-08-05,1.2,0.22,22.45,102000000,0,,否,,1.03,,,,,,
711157,青雲群益61購01,2026-08-05,0.85,0.09,11.84,261000000,0,,是,,0.73,0.85,,,-26.0692,,
711158,青雲群益61購02,2026-08-05,1.26,0.12,10.53,752000000,0,,是,,1.1,,,,,,
711159,威剛群益61購06,2026-08-05,2.03,0.07,3.57,31000000,0,,否,,1.83,,,,,,
711160,鈊象群益61購02,2026-08-05,1.69,0.03,1.81,209000000,0,,是,,1.57,,,,,,
711161,新漢群益61購01,2026-08-05,0.87,0.12,16.0,7000000,0,,,,,,,,,,
711162,群聯群益61購07,2026-08-05,1.8,0.08,4.65,2045000000,0,,是,,1.42,1.8,,,-34.9497,,
711163,精材群益63購03,2026-08-05,1.83,0.37,25.34,62000000,0,,否,,1.91,,,,,,
711164,中光電元大61購06,2026-08-05,0.63,-0.07,-10.0,3711000000,0,,否,,0.5,0.58,,,-23.0061,,
711165,中光電元大61購07,2026-08-05,0.75,0.18,31.58,3069000000,0,,是,,0.52,0.58,,,-19.195,,
711166,中美晶元大61購04,2026-08-05,0.55,0.0,0.0,66000000,0,,是,,0.53,0.73,,,-43.8298,,
711167,宜鼎元大63購02,2026-08-05,1.24,0.11,9.73,956000000,0,,否,,1.04,1.06,,,-2.7985,,
711169,智通*元大61購03,2026-08-05,0.58,0.07,13.73,351000000,0,,否,,0.63,,,,,,
711170,翔名元大61購02,2026-08-05,0.55,0.06,12.24,343000000,0,,否,,0.79,,,,,,
711171,順達元大61購01,2026-08-05,0.64,-0.01,-1.54,653000000,0,,是,,0.7,,,,,,
711172,群聯元大61購15,2026-08-05,0.83,0.05,6.41,4159000000,0,,是,,0.75,0.84,,,-18.2213,,
711173,頎邦元大61購03,2026-08-05,0.64,0.13,25.49,115000000,0,,否,,0.53,0.7,,,-38.7615,,
711174,精材元大61購10,2026-08-05,0.69,0.04,6.15,1044000000,0,,是,,0.75,,,,,,
711175,精材元大61購11,2026-08-05,1.4,0.18,14.75,24000000,0,,否,,1.41,,,,,,
711176,精材元大63購05,2026-08-05,1.12,0.24,27.27,122000000,0,,否,,0.9,1.07,,,-28.0,,
711177,營邦元大61購01,2026-08-05,1.03,0.05,5.1,147000000,0,,否,,1.07,,,,,,
711178,九暘統一63購01,2026-08-05,0.32,0.03,10.34,94000000,0,,,,,,,,,,
711181,千附精統一67購03,2026-08-05,0.46,0.03,6.98,88000000,0,,否,,0.5,,,,,,
711184,中光電統一6C購01,2026-08-05,0.52,0.05,10.64,20000000,0,,,,,,,,,,
711185,中美晶統一65購02,2026-08-05,0.59,0.08,15.69,21000000,0,,否,,0.57,,,,,,
711186,中美晶統一67購01,2026-08-05,0.47,0.0,0.0,34000000,0,,是,,0.49,0.66,,,-40.625,,
711190,安勤統一67購01,2026-08-05,0.5,0.03,6.38,156000000,0,,否,,0.58,,,,,,
711193,宜鼎統一67購01,2026-08-05,0.76,0.08,11.76,61000000,0,,否,,0.7,,,,,,
711194,昇佳電統一67購01,2026-08-05,0.45,0.01,2.27,100000000,0,,否,,0.52,,,,,,
711195,杰力統一65購01,2026-08-05,0.58,0.06,11.54,203000000,0,,是,,0.49,,,,,,
711196,青雲統一69購02,2026-08-05,0.71,0.03,4.41,1000000,0,,否,,0.6,,,,,,
711203,順達統一67購03,2026-08-05,0.28,0.0,0.0,4000000,0,,否,,,,,,,,
711208,頎邦統一68購01,2026-08-05,0.37,0.06,19.35,80000000,0,,,,,,,,,,
711209,碩禾統一67購01,2026-08-05,0.4,0.01,2.56,231000000,0,,是,,0.39,,,,,,
711210,精材統一65購03,2026-08-05,0.59,0.02,3.51,6000000,0,,,,,,,,,,
711211,精材統一6C購02,2026-08-05,0.67,-0.01,-1.47,58000000,0,,否,,0.63,0.75,,,-27.1264,,
711213,中美晶永豐61購03,2026-08-05,1.07,0.03,2.88,87000000,0,,是,,1.09,,,,,,
711214,宜鼎永豐67購01,2026-08-05,1.02,0.1,10.87,744000000,0,,是,,0.86,,,,,,
711215,智通*永豐65購01,2026-08-05,0.66,0.05,8.2,172000000,0,,是,,0.72,,,,,,
711217,頎邦永豐65購01,2026-08-05,0.52,0.08,18.18,17000000,0,,否,,0.46,0.62,,,-40.3599,,
711218,精材永豐61購03,2026-08-05,0.67,0.1,17.54,2000000,0,,否,,0.8,,,,,,
711221,營邦永豐64購01,2026-08-05,0.89,0.07,8.54,157000000,0,,否,,0.87,,,,,,
711222,廣積國泰62購01,2026-08-05,3.57,1.09,43.95,517000000,0,,否,,2.53,2.5,,,2.3482,,
711223,營邦國泰62購01,2026-08-05,1.97,0.08,4.23,242000000,0,,否,,1.73,,,,,,
711225,元太富邦63購01,2026-08-05,0.83,0.01,1.22,639000000,0,,是,,0.74,,,,,,
711226,元太富邦63購02,2026-08-05,0.85,0.07,8.97,239000000,0,,否,,0.76,,,,,,
711228,宜特富邦63購01,2026-08-05,0.53,0.05,10.42,75000000,0,,否,,0.47,,,,,,
711229,智通*富邦64購02,2026-08-05,0.39,0.0,0.0,266000000,0,,是,,0.36,0.51,,,-47.0238,,
711231,鈊象富邦63購02,2026-08-05,0.8,0.02,2.56,102000000,0,,否,,0.73,0.69,,,11.6564,,
711232,中美晶台新61購04,2026-08-05,0.53,-0.05,-8.62,29000000,0,,否,,,,,,,,
711233,宜鼎台新63購01,2026-08-05,1.26,0.18,16.67,196000000,0,,否,,0.95,,,,,,
711234,宜鼎台新64購01,2026-08-05,1.72,0.18,11.69,81000000,0,,否,,1.39,,,,,,
711236,陽程群益63購01,2026-08-05,0.75,0.11,17.19,489000000,0,,,,,,,,,,
711237,順達群益61購02,2026-08-05,0.62,0.08,14.81,246000000,0,,否,,0.59,,,,,,
711238,璟德群益61購01,2026-08-05,0.86,-0.08,-8.51,134000000,0,,,,,,,,,,
711240,中美晶凱基61購07,2026-08-05,0.46,-0.05,-9.8,33000000,0,,否,,0.65,,,,,,
711241,宜鼎凱基64購01,2026-08-05,0.89,0.08,9.88,1378000000,0,,否,,0.69,,,,,,
711242,青雲凱基61購01,2026-08-05,1.34,0.09,7.2,66000000,0,,否,,1.09,1.23,,,-20.6395,,
711244,智通*凱基61購02,2026-08-05,0.74,0.15,25.42,50000000,0,,否,,0.63,0.96,,,-51.3219,,
711245,順達凱基61購04,2026-08-05,0.35,0.0,0.0,2999000000,0,,是,,0.43,,,,,,
711247,營邦凱基61購02,2026-08-05,1.16,0.03,2.65,144000000,0,,否,,1.17,,,,,,
711248,雙鴻凱基61購06,2026-08-05,2.09,0.0,0.0,83000000,0,,是,,1.73,1.78,,,-5.8824,,
711250,千附國票61購03,2026-08-05,0.74,0.02,2.78,30000000,0,,否,,1.02,,,,,,
711251,中美晶國票65購02,2026-08-05,0.72,-0.04,-5.26,251000000,0,,是,,0.83,,,,,,
711252,巨有國票61購01,2026-08-05,0.89,0.07,8.54,101000000,0,,是,,0.77,0.86,,,-18.6047,,
711253,倉和國票66購01,2026-08-05,0.94,0.07,8.05,22000000,0,,,,,,,,,,
711255,晶呈國票65購01,2026-08-05,0.63,0.04,6.78,10000000,0,,否,,0.72,,,,,,
711256,千附元大61購01,2026-08-05,1.13,0.09,8.65,610000000,0,,是,,,,,,,,
711258,中光電元大61購09,2026-08-05,0.58,0.09,18.37,1515000000,0,,否,,0.51,,,,,,
711259,中光電元大63購01,2026-08-05,0.61,0.11,22.0,920000000,0,,是,,0.54,,,,,,
711261,宜鼎元大63購03,2026-08-05,1.14,0.09,8.57,2390000000,0,,是,,0.92,,,,,,
711262,朋程元大61購02,2026-08-05,0.67,0.07,11.67,349000000,0,,是,,,,,,,,
711263,家登元大61購04,2026-08-05,0.92,0.12,15.0,427000000,0,,否,,0.94,,,,,,
711264,家登元大61購05,2026-08-05,1.07,0.09,9.18,578000000,0,,是,,0.93,,,,,,
711267,臺慶科元大61購04,2026-08-05,0.97,0.04,4.3,182000000,0,,否,,0.85,1.0,,,-25.1318,,
711268,營邦元大61購02,2026-08-05,1.35,0.07,5.47,394000000,0,,否,,1.2,,,,,,
711269,中美晶國泰62購01,2026-08-05,1.12,0.07,6.67,27000000,0,,否,,,,,,,,
711270,世界富邦61購03,2026-08-05,0.43,0.09,26.47,60000000,0,,否,,0.41,0.48,,,-26.9784,,
711271,博智富邦63購01,2026-08-05,0.4,0.02,5.26,390000000,0,,是,,0.41,,,,,,
711272,富喬富邦61購02,2026-08-05,0.46,0.09,24.32,200000000,0,,,,,,,,,,
711273,千附精永豐64購01,2026-08-05,0.93,0.08,9.41,20000000,0,,否,,,,,,,,
711275,世界永豐61購02,2026-08-05,0.72,0.12,20.0,128000000,0,,否,,0.65,,,,,,
711279,千附統一6C購01,2026-08-05,0.49,0.02,4.26,1000000,0,,否,,0.6,,,,,,
711281,安勤統一67購02,2026-08-05,0.57,0.06,11.76,269000000,0,,否,,0.57,,,,,,
711282,青雲統一67購01,2026-08-05,1.06,0.08,8.16,380000000,0,,是,,0.93,0.99,,,-10.728,,
711283,倉和統一6C購01,2026-08-05,0.73,0.11,17.74,20000000,0,,否,,0.59,,,,,,
711287,M31台新61購01,2026-08-05,1.5,0.1,7.14,1000000,0,,否,,1.41,,,,,,
711290,千附精台新61購02,2026-08-05,0.56,0.06,12.0,28000000,0,,否,,,,,,,,
711291,富喬台新61購02,2026-08-05,1.15,0.14,13.86,171000000,0,,否,,0.68,,,,,,
711292,頎邦台新61購06,2026-08-05,0.77,0.17,28.33,45000000,0,,否,,0.63,0.89,,,-45.5017,,
711294,M31凱基61購02,2026-08-05,1.24,0.03,2.48,10000000,0,,,,,,,,,,
711295,M31凱基61購03,2026-08-05,1.22,0.06,5.17,66000000,0,,否,,1.09,,,,,,
711297,中光電凱基61購04,2026-08-05,0.87,0.17,24.29,20000000,0,,否,,,,,,,,
711298,中美晶凱基61購08,2026-08-05,0.97,0.02,2.11,15000000,0,,否,,1.27,,,,,,
711299,朋程凱基61購02,2026-08-05,0.9,0.12,15.38,45000000,0,,,,,,,,,,
711301,晶呈凱基61購01,2026-08-05,1.0,0.08,8.7,5000000,0,,否,,,,,,,,
711302,翔名凱基61購02,2026-08-05,0.75,0.06,8.7,109000000,0,,是,,0.97,,,,,,
711303,群聯凱基65購01,2026-08-05,1.64,0.02,1.23,393000000,0,,否,,1.73,,,,,,
711304,臺慶科凱基64購01,2026-08-05,0.86,0.06,7.5,73000000,0,,是,,0.92,,,,,,
711305,營邦凱基61購03,2026-08-05,1.75,0.03,1.74,334000000,0,,是,,1.47,,,,,,
711306,千附精元大61購01,2026-08-05,0.79,0.06,8.22,55000000,0,,是,,0.73,0.92,,,-33.8739,,
711307,中光電元大61購10,2026-08-05,1.46,0.21,16.8,729000000,0,,否,,1.08,1.18,,,-15.674,,
711308,宏捷科元大66購01,2026-08-05,1.36,0.04,3.03,28000000,0,,否,,1.12,,,,,,
711309,宜鼎元大63購04,2026-08-05,1.25,0.09,7.76,698000000,0,,否,,1.05,,,,,,
711310,原相元大61購03,2026-08-05,1.88,0.09,5.03,256000000,0,,否,,1.67,,,,,,
711311,順達元大63購01,2026-08-05,1.13,0.06,5.61,314000000,0,,是,,1.29,,,,,,
711312,群聯元大61購17,2026-08-05,1.48,0.03,2.07,564000000,0,,是,,1.24,,,,,,
711313,臺慶科元大61購05,2026-08-05,1.1,0.07,6.8,60000000,0,,否,,0.95,1.09,,,-23.3387,,
711314,世界國泰62購02,2026-08-05,1.14,0.09,8.57,157000000,0,,否,,1.03,,,,,,
711315,陽程國泰62購02,2026-08-05,1.47,0.19,14.84,131000000,0,,,,,,,,,,
711316,鑫聯國泰62購01,2026-08-05,1.47,0.25,20.49,86000000,0,,,,,,,,,,
711320,茂達國票61購02,2026-08-05,1.19,0.15,14.42,3000000,0,,否,,1.29,,,,,,
711321,倉和國票67購01,2026-08-05,0.82,0.1,13.89,7000000,0,,否,,0.69,,,,,,
711323,頎邦國票64購01,2026-08-05,0.99,0.17,20.73,19000000,0,,,,,,,,,,
711326,千附精群益61購02,2026-08-05,0.66,0.06,10.0,46000000,0,,,,,,,,,,
711327,杰力群益61購02,2026-08-05,0.95,-0.08,-7.77,300000000,0,,是,,,,,,,,
711328,博智群益61購02,2026-08-05,2.63,0.21,8.68,10000000,0,,否,,2.5,,,,,,
711329,陽程群益61購03,2026-08-05,1.11,0.14,14.43,158000000,0,,,,,,,,,,
711330,群聯群益63購01,2026-08-05,1.21,0.06,5.22,110000000,0,,否,,0.97,1.11,,,-23.3333,,
711331,M31富邦63購01,2026-08-05,0.75,-0.05,-6.25,143000000,0,,否,,0.72,,,,,,
711332,九暘統一65購01,2026-08-05,0.45,0.05,12.5,135000000,0,,否,,0.37,,,,,,
711333,中美晶統一67購02,2026-08-05,0.29,0.01,3.57,310000000,0,,是,,0.39,,,,,,
711335,世紀*永豐63購01,2026-08-05,1.23,0.01,0.82,1000000,0,,否,,,,,,,,
711336,原相永豐61購03,2026-08-05,2.42,0.17,7.56,64000000,0,,是,,2.14,,,,,,
711337,家登永豐61購04,2026-08-05,1.61,0.19,13.38,65000000,0,,否,,,,,,,,
711338,晶呈永豐61購01,2026-08-05,0.69,0.05,7.81,159000000,0,,是,,0.73,,,,,,
711340,千附精台新61購03,2026-08-05,0.47,0.05,11.9,51000000,0,,是,,0.52,,,,,,
711341,良維台新61購01,2026-08-05,0.68,0.07,11.48,157000000,0,,,,,,,,,,
711344,宜鼎凱基61購04,2026-08-05,1.33,0.1,8.13,282000000,0,,是,,1.01,,,,,,
711345,原相凱基61購03,2026-08-05,2.02,0.33,19.53,74000000,0,,是,,1.79,,,,,,
711347,群聯凱基63購02,2026-08-05,1.36,0.08,6.25,413000000,0,,是,,1.18,,,,,,
711348,頎邦凱基64購02,2026-08-05,0.42,-0.31,-42.47,30000000,0,,否,,0.65,,,,,,
711349,雙鴻凱基63購02,2026-08-05,2.11,0.2,10.47,88000000,0,,否,,1.82,,,,,,
711350,中光電元大61購11,2026-08-05,1.46,0.27,22.69,702000000,0,,否,,1.1,,,,,,
711351,中美晶元大61購05,2026-08-05,0.63,-0.08,-11.27,1414000000,0,,否,,0.64,,,,,,
711352,創泓元大61購01,2026-08-05,1.1,0.04,3.77,59000000,0,,,,,,,,,,
711354,智通*元大61購05,2026-08-05,0.5,0.04,8.7,231000000,0,,否,,0.54,,,,,,
711356,世界群益61購04,2026-08-05,1.53,0.12,8.51,260000000,0,,否,,,,,,,,
711357,加高群益61購01,2026-08-05,1.53,0.06,4.08,52000000,0,,是,,,,,,,,
711358,巨有群益61購01,2026-08-05,1.18,0.07,6.31,542000000,0,,是,,1.12,,,,,,
711360,智通*群益61購01,2026-08-05,0.39,0.03,8.33,52000000,0,,,,,,,,,,
711361,群聯群益61購08,2026-08-05,3.47,0.12,3.58,160000000,0,,是,,2.86,,,,,,
711362,元太永豐61購05,2026-08-05,1.66,0.07,4.4,25000000,0,,否,,,,,,,,
711363,加高永豐61購02,2026-08-05,0.49,-0.05,-9.26,20000000,0,,,,,,,,,,
711364,良維永豐61購02,2026-08-05,1.1,-0.04,-3.51,57000000,0,,,,,,,,,,
711365,威剛永豐67購02,2026-08-05,1.25,0.03,2.46,69000000,0,,,,,,,,,,
711366,敘豐永豐64購01,2026-08-05,0.74,0.05,7.25,35000000,0,,是,,0.85,,,,,,
711367,凱崴永豐61購01,2026-08-05,0.54,0.05,10.2,10000000,0,,否,,0.39,,,,,,
711369,華電網永豐61購01,2026-08-05,0.75,0.1,15.38,7000000,0,,否,,0.61,,,,,,
711372,群聯永豐64購09,2026-08-05,1.42,0.06,4.41,20000000,0,,否,,1.26,,,,,,
711373,群聯永豐67購02,2026-08-05,1.13,0.03,2.73,68000000,0,,是,,1.11,,,,,,
711375,千附國票65購01,2026-08-05,1.34,-0.06,-4.29,20000000,0,,,,,,,,,,
711377,原相國票61購02,2026-08-05,1.75,0.11,6.71,87000000,0,,是,,1.5,,,,,,
711378,敘豐國票61購01,2026-08-05,0.81,0.03,3.85,41000000,0,,是,,1.05,,,,,,
711380,創泓國票63購01,2026-08-05,0.92,0.04,4.55,130000000,0,,是,,0.81,,,,,,
711381,智擎國票65購01,2026-08-05,0.62,0.01,1.64,16000000,0,,否,,,,,,,,
711384,千附精國泰62購01,2026-08-05,0.77,0.08,11.59,1760000000,0,,,,,,,,,,
711385,世界國泰62購03,2026-08-05,1.5,0.15,11.11,541000000,0,,是,,,,,,,,
711386,宜鼎國泰62購03,2026-08-05,2.15,0.18,9.14,70000000,0,,否,,1.68,,,,,,
711387,青雲國泰62購04,2026-08-05,1.96,0.11,5.95,344000000,0,,是,,,,,,,,
711388,倉和國泰62購01,2026-08-05,1.6,0.21,15.11,53000000,0,,否,,1.26,,,,,,
711389,群聯國泰62購04,2026-08-05,1.46,0.09,6.57,445000000,0,,是,,1.35,,,,,,
711392,宜鼎富邦61購03,2026-08-05,0.66,0.05,8.2,595000000,0,,是,,0.52,,,,,,
711393,群聯富邦63購02,2026-08-05,0.5,0.03,6.38,13000000,0,,否,,0.35,,,,,,
711394,M31統一67購01,2026-08-05,0.71,0.03,4.41,394000000,0,,是,,0.7,,,,,,
711395,M31統一67購02,2026-08-05,0.74,-0.03,-3.9,20000000,0,,否,,0.79,,,,,,
711399,大中統一67購01,2026-08-05,0.44,0.04,10.0,107000000,0,,,,,,,,,,
711400,中光電統一67購01,2026-08-05,0.57,0.05,9.62,7000000,0,,否,,,,,,,,
711404,杰力統一67購01,2026-08-05,0.65,0.03,4.84,522000000,0,,是,,0.58,,,,,,
711405,智通*統一6C購01,2026-08-05,0.5,0.02,4.17,22000000,0,,,,,,,,,,
711407,廣穎統一63購01,2026-08-05,0.53,0.04,8.16,246000000,0,,是,,,,,,,,
711410,元太國票61購01,2026-08-05,1.81,0.08,4.62,14000000,0,,是,,1.58,,,,,,
711414,青雲國票61購02,2026-08-05,1.94,0.26,15.48,260000000,0,,是,,1.74,,,,,,
711415,耕興國票65購01,2026-08-05,0.77,0.03,4.05,221000000,0,,,,,,,,,,
711416,晟田國票62購01,2026-08-05,1.61,0.29,21.97,5000000,0,,否,,1.42,,,,,,
711418,華景電國票65購01,2026-08-05,1.14,0.1,9.62,28000000,0,,,,,,,,,,
711419,碩禾國票64購01,2026-08-05,0.53,0.01,1.92,36000000,0,,否,,0.47,,,,,,
711422,晟田台新61購02,2026-08-05,0.86,0.16,22.86,82000000,0,,否,,0.77,,,,,,
711423,陽程台新61購01,2026-08-05,1.17,0.16,15.84,101000000,0,,否,,1.0,,,,,,
711424,陽程台新61購02,2026-08-05,1.03,0.06,6.19,4000000,0,,否,,,,,,,,
711428,世界凱基64購02,2026-08-05,1.29,0.15,13.16,163000000,0,,,,,,,,,,
711430,均豪凱基66購01,2026-08-05,1.07,0.11,11.46,10000000,0,,,,,,,,,,
711432,千附元大61購03,2026-08-05,0.73,0.03,4.29,309000000,0,,,,,,,,,,
711433,中美晶元大61購06,2026-08-05,1.18,-0.07,-5.6,2954000000,0,,是,,1.15,,,,,,
711434,中美晶元大61購07,2026-08-05,0.6,-0.05,-7.69,302000000,0,,否,,0.6,,,,,,
711436,中美晶元大63購03,2026-08-05,0.61,-0.02,-3.17,132000000,0,,否,,0.62,,,,,,
711437,中美晶元大65購04,2026-08-05,0.58,-0.03,-4.92,425000000,0,,是,,0.78,,,,,,
711438,世界元大63購05,2026-08-05,1.07,0.13,13.83,143000000,0,,否,,0.99,,,,,,
711439,家登元大63購01,2026-08-05,1.31,0.14,11.97,707000000,0,,是,,1.11,,,,,,
711440,智通*元大61購06,2026-08-05,0.51,0.04,8.51,717000000,0,,否,,0.53,,,,,,
711441,智通*元大63購02,2026-08-05,0.42,0.0,0.0,3230000000,0,,是,,0.46,,,,,,
711442,翔名元大61購03,2026-08-05,0.7,0.06,9.38,184000000,0,,否,,0.72,,,,,,
711444,漢科元大61購01,2026-08-05,0.88,-0.02,-2.22,300000000,0,,否,,0.76,,,,,,
711445,千附永豐61購03,2026-08-05,0.59,0.02,3.51,300000000,0,,,,,,,,,,
711449,中美晶永豐61購04,2026-08-05,0.86,0.04,4.88,288000000,0,,是,,0.82,,,,,,
711453,均豪永豐64購02,2026-08-05,1.41,0.1,7.63,49000000,0,,,,,,,,,,
711454,宏捷科永豐64購01,2026-08-05,1.11,0.12,12.12,39000000,0,,否,,0.84,,,,,,
711455,創惟永豐61購01,2026-08-05,1.28,0.03,2.4,11000000,0,,否,,1.23,,,,,,
711456,智通*永豐61購02,2026-08-05,0.57,0.13,29.55,100000000,0,,否,,,,,,,,
711457,湧德永豐61購01,2026-08-05,0.7,0.15,27.27,48000000,0,,否,,,,,,,,
711458,陽程永豐61購02,2026-08-05,0.75,0.16,27.12,919000000,0,,,,,,,,,,
711459,中光電國泰62購02,2026-08-05,1.3,0.3,30.0,155000000,0,,是,,0.86,,,,,,
711464,廣穎國泰62購01,2026-08-05,1.25,0.08,6.84,167000000,0,,是,,,,,,,,
711466,千附統一6C購02,2026-08-05,0.5,0.01,2.04,15000000,0,,是,,,,,,,,
711467,千附精統一67購05,2026-08-05,0.41,0.01,2.5,51000000,0,,是,,0.44,,,,,,
711469,中美晶統一67購03,2026-08-05,0.37,-0.04,-9.76,345000000,0,,,,,,,,,,
711470,中美晶統一6C購02,2026-08-05,0.35,-0.01,-2.78,6000000,0,,否,,0.41,,,,,,
711472,加高統一67購01,2026-08-05,0.57,-0.04,-6.56,35000000,0,,,,,,,,,,
711478,中光電富邦62購03,2026-08-05,0.59,0.09,18.0,10000000,0,,否,,0.57,,,,,,
711479,中美晶富邦61購04,2026-08-05,0.19,-0.01,-5.0,1000000,0,,否,,0.18,,,,,,
711480,台特化富邦61購01,2026-08-05,0.37,0.05,15.62,1362000000,0,,是,,,,,,,,
711481,宜鼎富邦61購04,2026-08-05,0.64,0.04,6.67,524000000,0,,是,,0.51,,,,,,
711482,宜鼎群益61購04,2026-08-05,2.1,0.24,12.9,453000000,0,,是,,1.66,,,,,,
711483,茂達群益61購03,2026-08-05,1.26,0.02,1.61,30000000,0,,否,,,,,,,,
711484,世界台新61購02,2026-08-05,0.83,0.07,9.21,277000000,0,,,,,,,,,,
711485,台嘉碩台新61購03,2026-08-05,1.25,-0.14,-10.07,51000000,0,,,,,,,,,,
711486,巨漢台新61購03,2026-08-05,2.12,0.08,3.92,3000000,0,,否,,,,,,,,
711487,良維台新61購02,2026-08-05,0.8,0.01,1.27,15000000,0,,,,,,,,,,
711488,亞電台新61購01,2026-08-05,0.8,0.09,12.68,417000000,0,,是,,0.82,,,,,,
711489,長科*台新61購01,2026-08-05,1.44,0.14,10.77,121000000,0,,,,,,,,,,
711490,千附精群益61購03,2026-08-05,0.9,0.08,9.76,201000000,0,,是,,0.8,,,,,,
711491,亞電群益61購01,2026-08-05,1.08,0.17,18.68,36000000,0,,否,,,,,,,,
711492,亞電群益61購02,2026-08-05,0.97,0.16,19.75,7000000,0,,否,,0.93,,,,,,
711493,亞電群益61購03,2026-08-05,1.46,0.2,15.87,350000000,0,,是,,1.43,,,,,,
711496,巨漢凱基61購01,2026-08-05,0.75,0.06,8.7,4000000,0,,,,,,,,,,
711497,系統電凱基61購02,2026-08-05,1.1,0.07,6.8,21000000,0,,,,,,,,,,
711498,宜鼎凱基61購05,2026-08-05,2.43,0.18,8.0,184000000,0,,是,,1.91,,,,,,
711500,長科*凱基61購01,2026-08-05,1.99,0.33,19.88,8000000,0,,,,,,,,,,
711501,威剛凱基61購05,2026-08-05,1.88,0.01,0.53,158000000,0,,否,,1.86,,,,,,
711502,家登凱基63購01,2026-08-05,1.58,0.17,12.06,50000000,0,,,,,,,,,,
711503,富喬凱基61購06,2026-08-05,1.79,0.17,10.49,128000000,0,,是,,1.12,,,,,,
711504,智通*凱基61購04,2026-08-05,0.65,0.08,14.04,4000000,0,,,,,,,,,,
711505,順達凱基61購05,2026-08-05,1.06,-0.01,-0.93,90000000,0,,是,,,,,,,,
711506,群聯凱基61購11,2026-08-05,2.37,0.2,9.22,222000000,0,,是,,1.91,,,,,,
711507,頎邦凱基61購04,2026-08-05,0.53,-0.43,-44.79,13000000,0,,否,,0.77,,,,,,
711508,雙鴻凱基63購03,2026-08-05,2.99,0.12,4.18,22000000,0,,是,,,,,,,,
711511,亞電元大61購01,2026-08-05,1.42,0.18,14.52,369000000,0,,否,,1.11,,,,,,
711512,群聯元大61購18,2026-08-05,1.13,0.05,4.63,1336000000,0,,否,,0.97,,,,,,
711515,亞電統一69購01,2026-08-05,0.63,0.06,10.53,310000000,0,,否,,0.55,,,,,,
711516,宜鼎統一64購05,2026-08-05,0.85,0.07,8.97,849000000,0,,是,,0.67,,,,,,
711517,倉和統一65購01,2026-08-05,0.75,0.1,15.38,880000000,0,,是,,0.56,,,,,,
711518,方土昶永豐61購01,2026-08-05,1.53,0.24,18.6,10000000,0,,,,,,,,,,
711522,陽程永豐61購03,2026-08-05,0.99,0.12,13.79,25000000,0,,,,,,,,,,
711523,雙鴻永豐64購03,2026-08-05,2.84,-0.08,-2.74,19000000,0,,,,,,,,,,
711524,世界國泰62購04,2026-08-05,1.15,0.07,6.48,371000000,0,,,,,,,,,,
711525,良維國泰62購01,2026-08-05,1.34,-0.03,-2.19,60000000,0,,,,,,,,,,
711526,亞電國泰62購01,2026-08-05,1.68,0.22,15.07,86000000,0,,否,,1.61,,,,,,
711527,朋程國泰63購01,2026-08-05,1.32,0.14,11.86,2000000,0,,,,,,,,,,
711529,千附精富邦61購01,2026-08-05,0.43,0.04,10.26,267000000,0,,是,,0.38,,,,,,
711530,立碁富邦61購02,2026-08-05,1.29,-0.13,-9.15,497000000,0,,否,,1.14,,,,,,
711531,宜特富邦63購02,2026-08-05,0.59,0.01,1.72,284000000,0,,是,,0.59,,,,,,
711532,宜鼎富邦61購05,2026-08-05,0.97,0.07,7.78,978000000,0,,是,,,,,,,,
711533,朋程富邦63購04,2026-08-05,0.53,0.05,10.42,381000000,0,,否,,,,,,,,
711534,欣銓富邦61購02,2026-08-05,0.47,0.06,14.63,488000000,0,,是,,,,,,,,
711535,長科*富邦62購02,2026-08-05,0.75,0.07,10.29,38000000,0,,否,,,,,,,,
711536,富喬富邦61購03,2026-08-05,0.61,0.08,15.09,179000000,0,,,,,,,,,,
711537,智通*富邦63購01,2026-08-05,0.4,0.02,5.26,292000000,0,,,,,,,,,,
711538,陽程富邦61購03,2026-08-05,0.43,0.11,34.38,134000000,0,,,,,,,,,,
711539,群聯富邦63購03,2026-08-05,0.96,0.04,4.35,327000000,0,,是,,0.78,,,,,,
711540,營邦富邦62購03,2026-08-05,0.88,0.02,2.33,483000000,0,,是,,0.82,,,,,,
711541,雙鴻富邦63購02,2026-08-05,1.11,0.08,7.77,475000000,0,,否,,0.92,,,,,,
711542,譜瑞富邦63購02,2026-08-05,0.72,0.09,14.29,1078000000,0,,是,,0.62,,,,,,
711544,台特化國票65購01,2026-08-05,1.57,0.15,10.56,153000000,0,,,,,,,,,,
711547,長科*國票65購01,2026-08-05,1.58,0.12,8.22,27000000,0,,,,,,,,,,
711550,群聯群益61購09,2026-08-05,3.8,0.03,0.8,220000000,0,,是,,,,,,,,
711553,亞電國票63購01,2026-08-05,1.46,0.25,20.66,934000000,0,,是,,,,,,,,
711555,宜鼎國票66購01,2026-08-05,1.36,0.1,7.94,8000000,0,,,,,,,,,,
711556,朋程國票61購01,2026-08-05,1.44,0.15,11.63,20000000,0,,否,,,,,,,,
711558,頎邦國票66購01,2026-08-05,1.15,0.16,16.16,20000000,0,,否,,1.03,,,,,,
711560,臺慶科國票66購01,2026-08-05,1.47,0.03,2.08,43000000,0,,是,,,,,,,,
711561,磐儀國票65購01,2026-08-05,1.13,0.16,16.49,11000000,0,,,,,,,,,,
711562,亞電台新61購02,2026-08-05,0.93,0.07,8.14,13000000,0,,否,,,,,,,,
711563,亞電台新61購03,2026-08-05,1.06,0.12,12.77,26000000,0,,否,,1.11,,,,,,
711564,青雲台新61購01,2026-08-05,0.88,0.05,6.02,4000000,0,,否,,,,,,,,
711565,博士旺台新61購01,2026-08-05,1.07,0.13,13.83,2000000,0,,,,,,,,,,
711566,千附精凱基61購04,2026-08-05,1.1,0.08,7.84,59000000,0,,,,,,,,,,
711567,世界凱基61購03,2026-08-05,1.88,0.42,28.77,19000000,0,,否,,,,,,,,
711568,亞電凱基61購01,2026-08-05,1.52,0.32,26.67,5000000,0,,否,,1.47,,,,,,
711570,陽程凱基63購03,2026-08-05,1.02,0.05,5.15,39000000,0,,,,,,,,,,
711571,群聯凱基66購02,2026-08-05,2.37,0.15,6.76,27000000,0,,否,,2.14,,,,,,
711572,泓格永豐61購01,2026-08-05,0.74,0.04,5.71,108000000,0,,是,,0.75,,,,,,
711573,群聯永豐67購03,2026-08-05,1.3,0.03,2.36,76000000,0,,是,,1.12,,,,,,
711574,中光電元大61購12,2026-08-05,1.87,0.17,10.0,56000000,0,,否,,1.39,,,,,,
711575,元太元大66購04,2026-08-05,1.89,0.06,3.28,364000000,0,,是,,1.69,,,,,,
711576,均豪元大61購03,2026-08-05,2.67,0.16,6.37,51000000,0,,否,,,,,,,,
711577,青雲元大61購02,2026-08-05,2.1,0.19,9.95,160000000,0,,否,,1.81,,,,,,
711578,晟田元大61購03,2026-08-05,1.6,0.23,16.79,553000000,0,,否,,1.45,,,,,,
711579,博智元大61購01,2026-08-05,2.36,0.26,12.38,2000000,0,,,,,,,,,,
711580,群聯元大61購19,2026-08-05,1.62,0.09,5.88,780000000,0,,否,,1.34,,,,,,
711581,群聯元大63購05,2026-08-05,1.67,0.04,2.45,95000000,0,,否,,,,,,,,
711582,聖暉*元大61購03,2026-08-05,0.66,0.05,8.2,1071000000,0,,是,,,,,,,,
711583,營邦元大61購03,2026-08-05,1.94,0.09,4.86,47000000,0,,是,,,,,,,,
711584,雙鴻元大61購16,2026-08-05,2.32,0.23,11.0,479000000,0,,否,,,,,,,,
711585,雙鴻元大63購03,2026-08-05,1.6,0.06,3.9,129000000,0,,否,,1.48,,,,,,
711587,元太國泰62購01,2026-08-05,1.55,0.08,5.44,183000000,0,,是,,,,,,,,
711588,泓格國泰62購01,2026-08-05,1.16,-0.04,-3.33,50000000,0,,,,,,,,,,
711589,能率亞國泰62購01,2026-08-05,2.39,0.24,11.16,65000000,0,,,,,,,,,,
711590,晟田國泰62購01,2026-08-05,1.3,0.22,20.37,7000000,0,,否,,1.17,,,,,,
711591,群聯國泰62購06,2026-08-05,1.99,0.1,5.29,139000000,0,,否,,1.63,,,,,,
711596,M31富邦63購02,2026-08-05,0.92,-0.01,-1.08,266000000,0,,,,,,,,,,
711597,久元富邦62購02,2026-08-05,0.58,0.04,7.41,200000000,0,,,,,,,,,,
711599,宏捷科富邦63購01,2026-08-05,0.84,0.04,5.0,797000000,0,,是,,0.69,,,,,,
711600,威剛富邦61購01,2026-08-05,0.88,0.04,4.76,104000000,0,,否,,0.86,,,,,,
711601,茂達富邦63購03,2026-08-05,0.74,0.02,2.78,459000000,0,,是,,0.69,,,,,,
711602,頎邦富邦62購01,2026-08-05,0.68,0.21,44.68,273000000,0,,否,,0.44,,,,,,
711603,頎邦富邦63購02,2026-08-05,0.56,0.12,27.27,117000000,0,,否,,0.39,,,,,,
711606,由田凱基61購01,2026-08-05,1.5,0.15,11.11,160000000,0,,是,,1.23,,,,,,
711607,宜鼎凱基65購01,2026-08-05,2.34,0.22,10.38,111000000,0,,,,,,,,,,
711609,青雲凱基61購02,2026-08-05,1.5,0.09,6.38,244000000,0,,,,,,,,,,
711613,世界台新61購03,2026-08-05,1.55,0.07,4.73,1131000000,0,,,,,,,,,,
711614,台嘉碩台新61購04,2026-08-05,1.59,-0.12,-7.02,31000000,0,,,,,,,,,,
711615,巨漢台新61購04,2026-08-05,1.29,0.12,10.26,24000000,0,,,,,,,,,,
711616,家登台新61購02,2026-08-05,1.38,0.14,11.29,16000000,0,,,,,,,,,,
711617,M31元大61購02,2026-08-05,1.94,-0.05,-2.51,31000000,0,,,,,,,,,,
711618,千附精元大61購03,2026-08-05,0.52,0.03,6.12,2100000000,0,,否,,,,,,,,
711619,元太元大66購05,2026-08-05,1.72,-0.03,-1.71,167000000,0,,是,,1.58,,,,,,
711621,世界元大61購02,2026-08-05,1.63,0.4,32.52,184000000,0,,否,,,,,,,,
711622,世界元大63購06,2026-08-05,1.17,0.15,14.71,35000000,0,,否,,0.98,,,,,,
711623,艾訊元大61購01,2026-08-05,1.42,0.28,24.56,240000000,0,,,,,,,,,,
711624,欣銓元大67購02,2026-08-05,1.51,0.15,11.03,194000000,0,,,,,,,,,,
711625,原相元大61購04,2026-08-05,1.85,0.1,5.71,204000000,0,,,,,,,,,,
711626,家登元大61購06,2026-08-05,1.43,0.15,11.72,713000000,0,,否,,,,,,,,
711627,家登元大65購01,2026-08-05,1.3,0.11,9.24,389000000,0,,,,,,,,,,
711628,陽程元大61購05,2026-08-05,1.28,0.21,19.63,51000000,0,,否,,,,,,,,
711629,臺慶科元大61購06,2026-08-05,1.64,0.24,17.14,34000000,0,,否,,1.37,,,,,,
711630,世界群益61購05,2026-08-05,4.6,0.1,2.22,179000000,0,,是,,,,,,,,
711631,由田群益61購01,2026-08-05,1.27,0.09,7.63,225000000,0,,,,,,,,,,
711632,泓格群益61購01,2026-08-05,1.15,0.15,15.0,188000000,0,,是,,0.95,,,,,,
711633,群聯群益65購01,2026-08-05,4.03,0.34,9.21,136000000,0,,否,,,,,,,,
711634,頎邦群益61購03,2026-08-05,1.73,0.35,25.36,158000000,0,,是,,,,,,,,
711635,世界國票61購05,2026-08-05,1.07,0.05,4.9,106000000,0,,,,,,,,,,
711636,由田國票61購01,2026-08-05,1.72,0.34,24.64,19000000,0,,,,,,,,,,
711637,安勤國票65購01,2026-08-05,0.75,0.08,11.94,7000000,0,,,,,,,,,,
711638,泓格國票61購01,2026-08-05,1.13,0.13,13.0,30000000,0,,,,,,,,,,
711639,威剛國票64購01,2026-08-05,1.88,0.02,1.08,115000000,0,,否,,,,,,,,
711640,茂訊國票65購02,2026-08-05,0.72,0.12,20.0,124000000,0,,,,,,,,,,
711641,茂綸國票65購01,2026-08-05,1.0,0.07,7.53,71000000,0,,,,,,,,,,
711642,神準國票65購01,2026-08-05,0.57,0.0,0.0,8000000,0,,,,,,,,,,
711643,創惟國票65購01,2026-08-05,0.98,0.04,4.26,5000000,0,,,,,,,,,,
711644,鈊象國票63購01,2026-08-05,1.69,-0.03,-1.74,138000000,0,,否,,,,,,,,
711647,家登富邦63購02,2026-08-05,0.7,0.07,11.11,342000000,0,,是,,,,,,,,
711650,威剛國泰62購02,2026-08-05,2.64,0.15,6.02,140000000,0,,否,,,,,,,,
711651,家登國泰62購02,2026-08-05,1.15,0.17,17.35,59000000,0,,,,,,,,,,
711652,順達國泰62購01,2026-08-05,1.0,0.0,0.0,63000000,0,,,,,,,,,,
711653,勤凱國泰62購01,2026-08-05,1.15,0.15,15.0,810000000,0,,,,,,,,,,
711654,由田統一67購01,2026-08-05,0.63,0.04,6.78,94000000,0,,,,,,,,,,
711656,立碁統一67購02,2026-08-05,0.96,0.02,2.13,64000000,0,,,,,,,,,,
711657,立碁統一69購01,2026-08-05,0.94,-0.04,-4.08,11000000,0,,,,,,,,,,
711658,聖暉*統一69購01,2026-08-05,0.44,0.03,7.32,6000000,0,,,,,,,,,,
711659,群聯中信61購03,2026-08-05,0.55,0.03,5.77,108000000,0,,,,,,,,,,
711660,力領永豐61購01,2026-08-05,0.75,0.03,4.17,61000000,0,,,,,,,,,,
711663,巨有永豐64購01,2026-08-05,0.88,0.05,6.02,90000000,0,,,,,,,,,,
711664,禾瑞亞永豐61購01,2026-08-05,1.07,0.07,7.0,10000000,0,,,,,,,,,,
711666,艾訊永豐61購02,2026-08-05,0.79,0.16,25.4,136000000,0,,,,,,,,,,
711668,朋程永豐61購01,2026-08-05,1.51,0.24,18.9,74000000,0,,,,,,,,,,
711670,原相永豐61購04,2026-08-05,2.62,0.23,9.62,100000000,0,,,,,,,,,,
711671,家登永豐61購05,2026-08-05,2.97,0.26,9.59,33000000,0,,,,,,,,,,
711672,振曜永豐64購01,2026-08-05,0.78,0.05,6.85,153000000,0,,否,,,,,,,,
711674,博智永豐61購03,2026-08-05,1.89,0.12,6.78,264000000,0,,,,,,,,,,
711676,順達永豐67購02,2026-08-05,1.75,0.15,9.37,80000000,0,,,,,,,,,,
711677,聖暉*永豐61購02,2026-08-05,0.8,0.06,8.11,160000000,0,,,,,,,,,,
711679,系微台新61購01,2026-08-05,1.31,0.18,15.93,100000000,0,,,,,,,,,,
711680,高技台新61購01,2026-08-05,1.23,0.06,5.13,120000000,0,,否,,,,,,,,
711681,高技台新61購02,2026-08-05,1.25,0.09,7.76,50000000,0,,,,,,,,,,
711683,群聯台新61購05,2026-08-05,0.85,0.01,1.19,185000000,0,,,,,,,,,,
711684,群聯台新61購06,2026-08-05,0.83,0.04,5.06,31000000,0,,,,,,,,,,
711688,安勤凱基63購01,2026-08-05,0.82,0.12,17.14,114000000,0,,,,,,,,,,
711689,宜鼎凱基65購02,2026-08-05,1.61,0.22,15.83,33000000,0,,,,,,,,,,
711690,翔名凱基61購03,2026-08-05,1.07,0.13,13.83,19000000,0,,,,,,,,,,
711691,鈊象凱基61購04,2026-08-05,1.66,0.07,4.4,12000000,0,,,,,,,,,,
711692,中光電元大64購01,2026-08-05,1.78,0.31,21.09,93000000,0,,,,,,,,,,
711693,世界元大61購03,2026-08-05,1.3,0.13,11.11,598000000,0,,是,,,,,,,,
711694,世界元大61購04,2026-08-05,1.09,0.09,9.0,1129000000,0,,,,,,,,,,
711696,欣銓元大67購03,2026-08-05,1.38,0.12,9.52,8000000,0,,,,,,,,,,
711697,泓格元大61購01,2026-08-05,1.06,0.14,15.22,365000000,0,,,,,,,,,,
711699,家登元大61購08,2026-08-05,0.97,0.11,12.79,2505000000,0,,是,,,,,,,,
711700,家登元大65購02,2026-08-05,0.84,0.09,12.0,67000000,0,,否,,,,,,,,
711703,群聯元大64購09,2026-08-05,1.75,0.09,5.42,181000000,0,,,,,,,,,,
711704,頎邦元大61購05,2026-08-05,0.46,-0.01,-2.13,10000000,0,,,,,,,,,,
711707,宏捷科國票64購01,2026-08-05,0.84,0.06,7.69,137000000,0,,,,,,,,,,
711709,高技國票65購01,2026-08-05,1.0,0.02,2.04,4000000,0,,,,,,,,,,
711710,世界群益61購06,2026-08-05,4.99,0.11,2.25,313000000,0,,,,,,,,,,
711711,欣銓群益61購02,2026-08-05,1.13,0.14,14.14,562000000,0,,是,,,,,,,,
711712,威剛群益63購01,2026-08-05,3.45,0.16,4.86,30000000,0,,,,,,,,,,
711713,高技群益61購01,2026-08-05,0.91,-0.01,-1.09,276000000,0,,否,,,,,,,,
711714,鈊象群益61購03,2026-08-05,1.79,-0.01,-0.56,129000000,0,,否,,,,,,,,
711715,群聯群益65購02,2026-08-05,1.82,0.11,6.43,140000000,0,,是,,,,,,,,
711716,頎邦群益61購04,2026-08-05,0.85,0.17,25.0,70000000,0,,,,,,,,,,
711718,營邦群益61購01,2026-08-05,1.35,0.15,12.5,17000000,0,,,,,,,,,,
711719,雙鴻群益61購04,2026-08-05,1.69,0.04,2.42,13000000,0,,,,,,,,,,
711720,宜鼎中信61購04,2026-08-05,0.88,0.06,7.32,110000000,0,,,,,,,,,,
711721,威剛中信61購02,2026-08-05,0.67,0.02,3.08,75000000,0,,是,,,,,,,,
711722,中光電永豐61購06,2026-08-05,2.3,0.39,20.42,9000000,0,,,,,,,,,,
711723,元太永豐61購06,2026-08-05,2.22,0.07,3.26,3000000,0,,,,,,,,,,
711725,由田永豐61購01,2026-08-05,0.93,0.07,8.14,213000000,0,,,,,,,,,,
711727,原相永豐61購05,2026-08-05,1.41,0.1,7.63,179000000,0,,,,,,,,,,
711730,群翊永豐61購02,2026-08-05,1.33,0.12,9.92,44000000,0,,,,,,,,,,
711732,精華永豐61購01,2026-08-05,0.63,0.02,3.28,40000000,0,,,,,,,,,,
711733,臺慶科永豐61購01,2026-08-05,1.29,0.02,1.57,122000000,0,,,,,,,,,,
711734,倉和國泰63購01,2026-08-05,2.17,0.35,19.23,97000000,0,,否,,,,,,,,
711735,原相國泰62購01,2026-08-05,1.71,0.18,11.76,61000000,0,,,,,,,,,,
711736,雙鴻國泰62購02,2026-08-05,2.39,0.04,1.7,43000000,0,,,,,,,,,,
711737,由田統一65購01,2026-08-05,0.57,0.04,7.55,1592000000,0,,,,,,,,,,
711738,宏捷科統一65購01,2026-08-05,0.7,0.08,12.9,308000000,0,,是,,,,,,,,
711739,長科*統一65購01,2026-08-05,0.8,0.1,14.29,58000000,0,,,,,,,,,,
711740,茂訊統一65購01,2026-08-05,0.66,0.08,13.79,254000000,0,,,,,,,,,,
711741,高技統一67購01,2026-08-05,0.56,0.0,0.0,40000000,0,,,,,,,,,,
711745,聖暉*統一65購04,2026-08-05,0.51,0.04,8.51,164000000,0,,,,,,,,,,
711747,敘豐台新61購01,2026-08-05,0.85,0.02,2.41,90000000,0,,,,,,,,,,
711749,群聯台新61購08,2026-08-05,5.95,0.3,5.31,85000000,0,,是,,,,,,,,
711750,群聯台新63購01,2026-08-05,5.25,0.05,0.96,90000000,0,,,,,,,,,,
711751,群聯台新64購01,2026-08-05,5.35,0.25,4.9,38000000,0,,,,,,,,,,
711755,艾訊凱基61購01,2026-08-05,0.96,0.19,24.68,25000000,0,,,,,,,,,,
711756,威剛凱基61購07,2026-08-05,2.75,0.27,10.89,24000000,0,,否,,,,,,,,
711758,高技凱基61購01,2026-08-05,1.17,0.11,10.38,37000000,0,,,,,,,,,,
711759,博智凱基61購02,2026-08-05,1.29,0.04,3.2,51000000,0,,,,,,,,,,
711760,群聯凱基61購12,2026-08-05,1.71,0.18,11.76,118000000,0,,,,,,,,,,
711761,磐儀凱基61購01,2026-08-05,1.07,0.16,17.58,50000000,0,,,,,,,,,,
711762,雙鴻凱基61購09,2026-08-05,1.71,0.06,3.64,11000000,0,,,,,,,,,,
711765,好德國票61購01,2026-08-05,0.6,0.09,17.65,502000000,0,,是,,,,,,,,
711766,系微國票65購01,2026-08-05,0.89,0.1,12.66,11000000,0,,,,,,,,,,
711767,振發國票65購01,2026-08-05,0.65,0.04,6.56,20000000,0,,,,,,,,,,
711768,富喬國票61購02,2026-08-05,2.28,0.35,18.13,87000000,0,,,,,,,,,,
711769,富喬國票63購01,2026-08-05,2.42,0.29,13.62,38000000,0,,是,,,,,,,,
711771,蜜望實國票61購01,2026-08-05,1.24,-0.05,-3.88,42000000,0,,,,,,,,,,
711772,世禾群益61購01,2026-08-05,0.96,0.07,7.87,58000000,0,,,,,,,,,,
711773,世禾群益61購02,2026-08-05,0.99,0.05,5.32,28000000,0,,,,,,,,,,
711775,家登群益63購03,2026-08-05,0.9,0.11,13.92,100000000,0,,,,,,,,,,
711776,神準群益61購01,2026-08-05,0.86,0.01,1.18,5000000,0,,,,,,,,,,
711777,博士旺群益61購01,2026-08-05,1.53,0.31,25.41,50000000,0,,,,,,,,,,
711778,臺慶科群益61購02,2026-08-05,1.11,0.03,2.78,468000000,0,,,,,,,,,,
711779,蜜望實群益61購01,2026-08-05,1.27,-0.1,-7.3,76000000,0,,,,,,,,,,
711780,磐儀群益61購02,2026-08-05,1.55,0.23,17.42,65000000,0,,,,,,,,,,
711781,磐儀群益61購03,2026-08-05,1.43,0.17,13.49,17000000,0,,,,,,,,,,
711782,元太元大65購04,2026-08-05,1.68,0.09,5.66,105000000,0,,,,,,,,,,
711783,立碁元大61購01,2026-08-05,1.82,0.18,10.98,156000000,0,,是,,,,,,,,
711784,艾訊元大61購02,2026-08-05,0.79,0.12,17.91,1220000000,0,,是,,,,,,,,
711785,泓格元大61購02,2026-08-05,1.18,0.16,15.69,735000000,0,,,,,,,,,,
711787,群聯元大64購10,2026-08-05,1.9,0.12,6.74,178000000,0,,,,,,,,,,
711789,蜜望實元大61購01,2026-08-05,1.31,-0.05,-3.68,405000000,0,,,,,,,,,,
711790,磐儀元大61購01,2026-08-05,1.13,0.2,21.51,6000000,0,,否,,,,,,,,
711791,營邦元大61購04,2026-08-05,0.71,0.02,2.9,1328000000,0,,否,,,,,,,,
711792,大學光永豐61購01,2026-08-05,0.89,0.07,8.54,166000000,0,,,,,,,,,,
711793,立碁永豐61購02,2026-08-05,1.8,-0.15,-7.69,88000000,0,,,,,,,,,,
711794,全宇昕永豐61購02,2026-08-05,0.77,0.0,0.0,11000000,0,,,,,,,,,,
711796,宏碁資永豐61購01,2026-08-05,0.87,0.06,7.41,200000000,0,,,,,,,,,,
711797,宜鼎永豐61購04,2026-08-05,1.36,0.12,9.68,245000000,0,,,,,,,,,,
711799,能率永豐61購01,2026-08-05,1.02,0.19,22.89,6000000,0,,,,,,,,,,
711800,高技永豐61購01,2026-08-05,0.79,0.01,1.28,222000000,0,,否,,,,,,,,
711801,高技永豐61購02,2026-08-05,0.83,0.06,7.79,16000000,0,,,,,,,,,,
711802,高技永豐63購01,2026-08-05,0.86,0.05,6.17,108000000,0,,,,,,,,,,
711803,高技永豐67購01,2026-08-05,1.3,0.04,3.17,8000000,0,,,,,,,,,,
711805,凱崴永豐61購02,2026-08-05,1.28,0.15,13.27,22000000,0,,,,,,,,,,
711806,富喬永豐61購04,2026-08-05,1.77,0.37,26.43,178000000,0,,,,,,,,,,
711810,僑威永豐61購01,2026-08-05,0.68,0.0,0.0,9000000,0,,,,,,,,,,
711811,蜜望實永豐61購02,2026-08-05,0.71,-0.03,-4.05,35000000,0,,,,,,,,,,
711812,蜜望實永豐61購03,2026-08-05,0.85,-0.04,-4.49,154000000,0,,,,,,,,,,
711813,艾訊國泰63購01,2026-08-05,1.48,0.31,26.5,125000000,0,,,,,,,,,,
711814,泓格國泰63購01,2026-08-05,1.04,0.11,11.83,209000000,0,,,,,,,,,,
711815,頎邦國泰63購01,2026-08-05,1.42,0.23,19.33,54000000,0,,,,,,,,,,
711816,頎邦國泰63購02,2026-08-05,1.27,0.21,19.81,111000000,0,,,,,,,,,,
711818,安勤富邦63購01,2026-08-05,0.47,0.06,14.63,155000000,0,,,,,,,,,,
711819,宜鼎富邦67購01,2026-08-05,0.92,0.05,5.75,520000000,0,,,,,,,,,,
711821,蜜望實富邦63購01,2026-08-05,0.59,-0.03,-4.84,162000000,0,,,,,,,,,,
711823,泓格統一6B購01,2026-08-05,0.57,0.03,5.56,22000000,0,,,,,,,,,,
711829,泓格群益61購02,2026-08-05,1.57,0.06,3.97,79000000,0,,,,,,,,,,
711830,泓格群益61購03,2026-08-05,1.47,0.17,13.08,60000000,0,,,,,,,,,,
711832,天品國票61購02,2026-08-05,0.98,0.0,0.0,10000000,0,,,,,,,,,,
711834,方土昶國票65購01,2026-08-05,0.93,0.07,8.14,1151000000,0,,,,,,,,,,
711835,宏碁資國票65購01,2026-08-05,0.85,0.08,10.39,50000000,0,,,,,,,,,,
711837,智通*國票61購03,2026-08-05,0.74,0.05,7.25,148000000,0,,,,,,,,,,
711839,穩得國票61購01,2026-08-05,1.04,0.11,11.83,5000000,0,,,,,,,,,,
711842,中美晶永豐64購03,2026-08-05,1.54,0.12,8.45,28000000,0,,,,,,,,,,
711844,安勤永豐61購01,2026-08-05,0.69,0.09,15.0,87000000,0,,,,,,,,,,
711846,東洋永豐61購01,2026-08-05,0.8,0.0,0.0,43000000,0,,,,,,,,,,
711849,頎邦永豐63購01,2026-08-05,1.14,0.25,28.09,42000000,0,,,,,,,,,,
711850,銳澤永豐61購01,2026-08-05,0.57,0.05,9.62,32000000,0,,,,,,,,,,
711851,雙鴻永豐61購06,2026-08-05,1.33,0.08,6.4,104000000,0,,,,,,,,,,
711852,中美晶元大63購04,2026-08-05,1.1,-0.07,-5.98,801000000,0,,,,,,,,,,
711853,中美晶元大67購01,2026-08-05,0.52,-0.01,-1.89,488000000,0,,,,,,,,,,
711854,安勤元大61購01,2026-08-05,1.28,0.23,21.9,500000000,0,,,,,,,,,,
711855,艾訊元大61購03,2026-08-05,0.89,0.18,25.35,1951000000,0,,是,,,,,,,,
711856,欣銓元大65購01,2026-08-05,1.3,0.14,12.07,210000000,0,,,,,,,,,,
711857,泓格元大67購01,2026-08-05,1.19,0.06,5.31,593000000,0,,,,,,,,,,
711858,晟田元大61購04,2026-08-05,1.4,0.24,20.69,704000000,0,,是,,,,,,,,
711859,順達元大63購02,2026-08-05,1.18,0.07,6.31,13000000,0,,,,,,,,,,
711860,群聯元大64購11,2026-08-05,1.32,0.03,2.33,400000000,0,,,,,,,,,,
711861,廣積元大61購01,2026-08-05,1.01,0.2,24.69,2483000000,0,,是,,,,,,,,
711862,雙鴻元大61購17,2026-08-05,2.01,0.22,12.29,353000000,0,,否,,,,,,,,
711863,雙鴻元大61購18,2026-08-05,1.04,0.08,8.33,10000000,0,,否,,,,,,,,
711864,雙鴻元大63購04,2026-08-05,0.63,0.0,0.0,255000000,0,,,,,,,,,,
711865,中美晶台新65購01,2026-08-05,0.84,-0.02,-2.33,110000000,0,,,,,,,,,,
711866,智通*台新61購01,2026-08-05,0.92,0.06,6.98,203000000,0,,,,,,,,,,
711867,群聯台新61購09,2026-08-05,2.02,0.22,12.22,38000000,0,,,,,,,,,,
711868,頎邦台新61購07,2026-08-05,1.68,0.28,20.0,94000000,0,,,,,,,,,,
711869,蜜望實台新61購01,2026-08-05,1.55,-0.11,-6.63,100000000,0,,,,,,,,,,
711870,廣積台新61購01,2026-08-05,1.86,0.46,32.86,154000000,0,,否,,,,,,,,
711872,中美晶凱基63購02,2026-08-05,1.89,0.21,12.5,2000000,0,,,,,,,,,,
711873,元太凱基66購01,2026-08-05,2.12,0.02,0.95,65000000,0,,,,,,,,,,
711874,立碁凱基61購01,2026-08-05,1.56,-0.05,-3.11,41000000,0,,,,,,,,,,
711875,宜鼎凱基61購06,2026-08-05,1.73,0.19,12.34,322000000,0,,,,,,,,,,
711876,宜鼎凱基63購01,2026-08-05,2.0,0.17,9.29,233000000,0,,,,,,,,,,
711877,富喬凱基61購07,2026-08-05,2.87,0.73,34.11,1000000,0,,,,,,,,,,
711879,蜜望實凱基61購01,2026-08-05,1.24,-0.06,-4.62,42000000,0,,,,,,,,,,
711880,營邦凱基61購04,2026-08-05,1.47,0.06,4.26,146000000,0,,,,,,,,,,
711881,雙鴻凱基63購04,2026-08-05,1.53,0.1,6.99,320000000,0,,,,,,,,,,
711883,立碁國泰63購01,2026-08-05,2.52,-0.25,-9.03,124000000,0,,,,,,,,,,
711885,富喬國泰63購01,2026-08-05,1.98,0.2,11.24,28000000,0,,,,,,,,,,
711886,富喬國泰63購02,2026-08-05,1.63,0.32,24.43,44000000,0,,,,,,,,,,
711887,智通*國泰63購01,2026-08-05,1.03,0.03,3.0,693000000,0,,,,,,,,,,
711888,廣積國泰63購01,2026-08-05,2.54,0.51,25.12,22000000,0,,,,,,,,,,
711892,世界富邦61購04,2026-08-05,0.62,0.14,29.17,12000000,0,,,,,,,,,,
711893,世界富邦67購01,2026-08-05,0.75,0.07,10.29,125000000,0,,,,,,,,,,
711894,高技富邦63購01,2026-08-05,0.59,0.0,0.0,257000000,0,,是,,,,,,,,
711896,高技統一67購02,2026-08-05,0.61,0.03,5.17,30000000,0,,,,,,,,,,
711897,蜜望實統一67購01,2026-08-05,0.67,0.04,6.35,140000000,0,,,,,,,,,,
711899,中美晶群益61購03,2026-08-05,1.44,0.04,2.86,138000000,0,,,,,,,,,,
711900,元太群益61購01,2026-08-05,3.83,0.02,0.52,76000000,0,,,,,,,,,,
711901,高技群益61購02,2026-08-05,1.53,0.02,1.32,314000000,0,,,,,,,,,,
711902,廣積群益61購01,2026-08-05,1.26,0.21,20.0,160000000,0,,,,,,,,,,
711903,廣積群益63購01,2026-08-05,1.18,0.14,13.46,85000000,0,,,,,,,,,,
711904,雙鴻群益61購05,2026-08-05,1.28,0.16,14.29,42000000,0,,,,,,,,,,
711906,中美晶凱基61購12,2026-08-05,1.36,-0.07,-4.9,160000000,0,,,,,,,,,,
711907,立碁凱基61購02,2026-08-05,1.63,0.25,18.12,3000000,0,,,,,,,,,,
711909,欣銓凱基65購01,2026-08-05,1.19,0.11,10.19,10000000,0,,,,,,,,,,
711910,泓格凱基61購02,2026-08-05,1.49,0.11,7.97,3000000,0,,,,,,,,,,
711912,振發凱基61購01,2026-08-05,1.68,0.35,26.32,13000000,0,,,,,,,,,,
711913,智通*凱基61購05,2026-08-05,1.18,-0.01,-0.84,11000000,0,,,,,,,,,,
711914,順達凱基63購02,2026-08-05,1.19,-0.08,-6.3,266000000,0,,,,,,,,,,
711915,群聯凱基61購13,2026-08-05,1.47,0.12,8.89,37000000,0,,,,,,,,,,
711916,M31台新67購01,2026-08-05,2.08,0.05,2.46,4000000,0,,,,,,,,,,
711917,世界台新61購04,2026-08-05,1.57,0.12,8.28,11000000,0,,,,,,,,,,
711919,群聯台新67購06,2026-08-05,2.75,0.09,3.38,161000000,0,,,,,,,,,,
711920,M31元大61購03,2026-08-05,2.04,0.04,2.0,1000000,0,,,,,,,,,,
711921,中美晶元大61購10,2026-08-05,1.03,-0.04,-3.74,2014000000,0,,,,,,,,,,
711922,中美晶元大67購02,2026-08-05,0.56,-0.03,-5.08,76000000,0,,,,,,,,,,
711923,立碁元大61購02,2026-08-05,1.39,-0.09,-6.08,100000000,0,,,,,,,,,,
711924,宜鼎元大61購11,2026-08-05,1.53,0.1,6.99,928000000,0,,,,,,,,,,
711925,泓格元大61購03,2026-08-05,1.43,0.12,9.16,255000000,0,,,,,,,,,,
711926,威剛元大61購07,2026-08-05,2.13,0.11,5.45,100000000,0,,,,,,,,,,
711927,鈊象元大61購02,2026-08-05,2.07,0.06,2.99,27000000,0,,,,,,,,,,
711928,群聯元大61購21,2026-08-05,1.3,0.06,4.84,465000000,0,,,,,,,,,,
711929,群聯元大63購06,2026-08-05,1.23,0.07,6.03,1690000000,0,,,,,,,,,,
711931,世界永豐64購01,2026-08-05,1.5,0.09,6.38,120000000,0,,,,,,,,,,
711932,宜鼎永豐61購05,2026-08-05,1.67,0.17,11.33,502000000,0,,,,,,,,,,
711933,宜鼎永豐63購03,2026-08-05,1.75,0.16,10.06,229000000,0,,,,,,,,,,
711934,鈊象永豐61購02,2026-08-05,1.67,0.04,2.45,14000000,0,,,,,,,,,,
711935,廣積永豐61購02,2026-08-05,1.24,0.24,24.0,335000000,0,,,,,,,,,,
711936,加高國票65購01,2026-08-05,0.8,0.01,1.27,5000000,0,,,,,,,,,,
711938,泓格國票61購02,2026-08-05,1.29,0.19,17.27,258000000,0,,,,,,,,,,
711939,茂迪國票64購01,2026-08-05,1.21,0.18,17.48,110000000,0,,,,,,,,,,
711940,陽程國票61購03,2026-08-05,1.26,0.23,22.33,4000000,0,,,,,,,,,,
711942,廣積國票67購01,2026-08-05,0.85,0.05,6.25,24000000,0,,,,,,,,,,
711943,磐儀國票66購01,2026-08-05,0.75,0.09,13.64,18000000,0,,,,,,,,,,
711944,晟田國泰63購01,2026-08-05,1.19,0.15,14.42,84000000,0,,,,,,,,,,
711945,立碁富邦61購03,2026-08-05,0.78,-0.07,-8.24,29000000,0,,,,,,,,,,
711946,威剛富邦64購02,2026-08-05,0.79,0.04,5.33,19000000,0,,,,,,,,,,
711949,正德國票62購01,2026-08-05,1.19,0.02,1.71,13000000,0,,,,,,,,,,
711950,威剛國票62購03,2026-08-05,1.66,-0.01,-0.6,12000000,0,,,,,,,,,,
711953,群聯國票62購02,2026-08-05,1.21,0.07,6.14,193000000,0,,,,,,,,,,
711954,世界中信62購01,2026-08-05,0.84,0.09,12.0,259000000,0,,,,,,,,,,
711955,宜鼎永豐63購04,2026-08-05,2.29,0.19,9.05,581000000,0,,,,,,,,,,
711959,宜鼎國泰63購01,2026-08-05,3.02,0.27,9.82,38000000,0,,,,,,,,,,
711960,群聯國泰65購01,2026-08-05,2.28,0.08,3.64,12000000,0,,,,,,,,,,
711961,群聯富邦63購04,2026-08-05,1.19,0.05,4.39,261000000,0,,,,,,,,,,
711962,群聯富邦63購05,2026-08-05,1.21,0.05,4.31,166000000,0,,,,,,,,,,
711963,群聯富邦63購06,2026-08-05,1.22,0.06,5.17,234000000,0,,,,,,,,,,
711964,頎邦富邦63購03,2026-08-05,0.91,0.14,18.18,100000000,0,,,,,,,,,,
711965,雙鴻富邦63購03,2026-08-05,1.04,0.02,1.96,745000000,0,,,,,,,,,,
711966,雙鴻富邦63購04,2026-08-05,1.06,0.0,0.0,322000000,0,,,,,,,,,,
711968,頎邦台新62購01,2026-08-05,2.31,0.41,21.58,66000000,0,,,,,,,,,,
711969,元太凱基65購01,2026-08-05,2.42,0.1,4.31,3000000,0,,,,,,,,,,
711970,宜鼎凱基62購01,2026-08-05,2.25,0.18,8.7,5000000,0,,,,,,,,,,
711971,威剛凱基63購02,2026-08-05,2.45,0.04,1.66,11000000,0,,,,,,,,,,
711972,高技凱基62購01,2026-08-05,2.07,0.04,1.97,25000000,0,,,,,,,,,,
711973,富喬凱基62購02,2026-08-05,3.41,0.89,35.32,1000000,0,,,,,,,,,,
711974,群聯凱基62購01,2026-08-05,2.87,0.11,3.99,103000000,0,,,,,,,,,,
711975,頎邦凱基63購02,2026-08-05,1.49,-0.63,-29.72,16000000,0,,,,,,,,,,
711977,磐儀凱基62購01,2026-08-05,1.86,0.18,10.71,120000000,0,,,,,,,,,,
711978,雙鴻凱基62購01,2026-08-05,3.17,0.16,5.32,21000000,0,,,,,,,,,,
711979,M31元大62購01,2026-08-05,1.7,0.01,0.59,10000000,0,,,,,,,,,,
711980,M31元大65購01,2026-08-05,1.26,0.02,1.61,1000000,0,,,,,,,,,,
711981,巨漢元大62購01,2026-08-05,1.66,0.1,6.41,2000000,0,,,,,,,,,,
711982,良維元大62購01,2026-08-05,1.49,0.13,9.56,4000000,0,,,,,,,,,,
711983,威剛元大62購03,2026-08-05,2.32,0.02,0.87,103000000,0,,,,,,,,,,
711985,富喬元大67購01,2026-08-05,2.58,0.37,16.74,51000000,0,,,,,,,,,,
711986,鈊象元大62購05,2026-08-05,2.06,0.03,1.48,106000000,0,,,,,,,,,,
711987,鈊象元大62購06,2026-08-05,2.16,0.03,1.41,136000000,0,,,,,,,,,,
711988,群聯元大62購04,2026-08-05,1.87,0.11,6.25,203000000,0,,,,,,,,,,
711990,家登永豐63購01,2026-08-05,3.3,0.28,9.27,2000000,0,,,,,,,,,,
711992,富喬永豐68購02,2026-08-05,2.64,0.41,18.39,1000000,0,,,,,,,,,,
711994,新應材群益62購01,2026-08-05,2.27,0.28,14.07,101000000,0,,,,,,,,,,
711995,中美晶台新62購01,2026-08-05,1.17,-0.08,-6.4,452000000,0,,,,,,,,,,
711997,欣銓台新62購01,2026-08-05,2.44,0.34,16.19,116000000,0,,,,,,,,,,
711998,威剛台新62購02,2026-08-05,1.49,0.07,4.93,31000000,0,,,,,,,,,,
712000,臺慶科台新62購01,2026-08-05,2.18,0.12,5.83,1000000,0,,,,,,,,,,
712002,中美晶凱基63購04,2026-08-05,2.0,-0.11,-5.21,7000000,0,,,,,,,,,,
712003,巨漢凱基63購01,2026-08-05,1.91,0.13,7.3,2000000,0,,,,,,,,,,
712004,良維凱基63購01,2026-08-05,1.76,0.09,5.39,4000000,0,,,,,,,,,,
712006,順達凱基63購03,2026-08-05,1.86,0.0,0.0,15000000,0,,,,,,,,,,
712009,群聯凱基64購05,2026-08-05,3.46,0.32,10.19,45000000,0,,,,,,,,,,
712010,元太國票64購01,2026-08-05,1.49,0.08,5.67,8000000,0,,,,,,,,,,
712011,世紀*國票66購01,2026-08-05,1.35,0.02,1.5,8000000,0,,,,,,,,,,
712012,光焱國票66購01,2026-08-05,0.77,0.06,8.45,80000000,0,,,,,,,,,,
712014,沛亨國票66購01,2026-08-05,1.69,0.14,9.03,105000000,0,,,,,,,,,,
712015,宜鼎國票68購01,2026-08-05,1.68,0.1,6.33,19000000,0,,,,,,,,,,
712016,順達國票65購02,2026-08-05,1.44,0.05,3.6,4000000,0,,,,,,,,,,
712018,譜瑞國票66購01,2026-08-05,1.31,0.13,11.02,16000000,0,,,,,,,,,,
712019,中美晶元大64購03,2026-08-05,0.72,-0.04,-5.26,243000000,0,,,,,,,,,,
712020,均華元大64購01,2026-08-05,1.91,0.13,7.3,63000000,0,,,,,,,,,,
712021,均豪元大64購03,2026-08-05,1.1,0.08,7.84,16000000,0,,,,,,,,,,
712022,系統電元大64購01,2026-08-05,2.54,0.19,8.09,6000000,0,,,,,,,,,,
712023,良維元大63購02,2026-08-05,2.21,0.07,3.27,5000000,0,,,,,,,,,,
712024,良維元大64購01,2026-08-05,1.03,0.03,3.0,23000000,0,,,,,,,,,,
712025,宜鼎元大64購01,2026-08-05,1.64,0.12,7.89,252000000,0,,,,,,,,,,
712026,陽程元大64購01,2026-08-05,1.37,0.18,15.13,2000000,0,,,,,,,,,,
712027,鈊象元大63購06,2026-08-05,1.8,0.03,1.69,83000000,0,,,,,,,,,,
712028,鈊象元大63購07,2026-08-05,1.36,0.04,3.03,351000000,0,,,,,,,,,,
712029,鈊象元大64購03,2026-08-05,1.01,0.03,3.06,5000000,0,,,,,,,,,,
712030,新應材元大63購01,2026-08-05,2.61,0.22,9.21,187000000,0,,,,,,,,,,
712031,新應材元大63購02,2026-08-05,2.45,0.27,12.39,74000000,0,,,,,,,,,,
712032,新應材元大63購03,2026-08-05,2.27,0.11,5.09,14000000,0,,,,,,,,,,
712033,新應材元大64購01,2026-08-05,2.63,0.35,15.35,266000000,0,,,,,,,,,,
712034,群聯元大63購07,2026-08-05,1.96,0.16,8.89,82000000,0,,,,,,,,,,
712035,群聯元大63購08,2026-08-05,2.24,0.04,1.82,209000000,0,,,,,,,,,,
712036,群聯元大64購12,2026-08-05,1.33,0.06,4.72,130000000,0,,,,,,,,,,
712037,威剛國泰63購01,2026-08-05,2.15,0.14,6.97,4000000,0,,,,,,,,,,
712038,聖暉*國泰63購01,2026-08-05,1.56,0.11,7.59,10000000,0,,,,,,,,,,
712039,M31富邦65購01,2026-08-05,0.84,0.03,3.7,30000000,0,,,,,,,,,,
712040,群聯富邦64購02,2026-08-05,1.5,0.13,9.49,30000000,0,,,,,,,,,,
712041,台特化國票67購01,2026-08-05,1.37,0.14,11.38,5000000,0,,,,,,,,,,
712042,艾訊國票67購01,2026-08-05,1.18,0.18,18.0,15000000,0,,,,,,,,,,
712044,高技國票65購02,2026-08-05,1.46,-0.02,-1.35,53000000,0,,,,,,,,,,
712045,博磊國票66購01,2026-08-05,1.15,0.16,16.16,20000000,0,,,,,,,,,,
712047,順達群益62購01,2026-08-05,2.02,-0.01,-0.49,61000000,0,,,,,,,,,,
712048,新應材群益62購02,2026-08-05,1.88,0.24,14.63,42000000,0,,,,,,,,,,
712051,營邦群益62購02,2026-08-05,2.69,0.19,7.6,2000000,0,,,,,,,,,,
712053,宜鼎元大63購05,2026-08-05,1.82,0.11,6.43,9000000,0,,,,,,,,,,
712054,宜鼎元大64購02,2026-08-05,1.58,0.09,6.04,45000000,0,,,,,,,,,,
712056,威剛元大64購02,2026-08-05,1.75,0.12,7.36,10000000,0,,,,,,,,,,
712058,高技元大63購01,2026-08-05,2.17,0.04,1.88,7000000,0,,,,,,,,,,
712060,智通*元大63購03,2026-08-05,2.74,0.2,7.87,157000000,0,,,,,,,,,,
712061,智通*元大64購01,2026-08-05,1.71,0.55,47.41,2000000,0,,,,,,,,,,
712062,群聯元大63購09,2026-08-05,1.84,0.12,6.98,21000000,0,,,,,,,,,,
712064,廣穎元大63購01,2026-08-05,0.99,0.09,10.0,62000000,0,,,,,,,,,,
712065,雙鴻元大63購05,2026-08-05,2.8,0.16,6.06,141000000,0,,,,,,,,,,
712066,雙鴻元大63購06,2026-08-05,1.24,0.12,10.71,177000000,0,,,,,,,,,,
712067,雙鴻元大64購03,2026-08-05,1.0,0.06,6.38,75000000,0,,,,,,,,,,
712068,均華國泰63購01,2026-08-05,2.95,0.21,7.66,150000000,0,,,,,,,,,,
712070,順達國泰63購01,2026-08-05,1.72,-0.01,-0.58,25000000,0,,,,,,,,,,
712071,順達國泰63購02,2026-08-05,1.52,0.01,0.66,40000000,0,,,,,,,,,,
712073,新應材國泰63購01,2026-08-05,3.11,0.29,10.28,30000000,0,,,,,,,,,,
712074,營邦國泰63購01,2026-08-05,2.66,0.35,15.15,1000000,0,,,,,,,,,,
712075,新應材中信62購01,2026-08-05,1.38,0.19,15.97,290000000,0,,,,,,,,,,
712076,竑騰永豐63購01,2026-08-05,1.68,0.08,5.0,180000000,0,,,,,,,,,,
712078,順達永豐63購01,2026-08-05,1.78,-0.02,-1.11,12000000,0,,,,,,,,,,
712080,新應材永豐68購02,2026-08-05,1.05,0.07,7.14,5000000,0,,,,,,,,,,
712081,新應材永豐68購03,2026-08-05,1.11,0.05,4.72,35000000,0,,,,,,,,,,
712082,群聯永豐64購11,2026-08-05,1.86,0.23,14.11,5000000,0,,,,,,,,,,
712084,沛亨凱基63購01,2026-08-05,2.36,0.32,15.69,4000000,0,,,,,,,,,,
712085,宜鼎凱基68購01,2026-08-05,3.08,0.25,8.83,5000000,0,,,,,,,,,,
712087,新應材凱基63購02,2026-08-05,3.1,0.36,13.14,5000000,0,,,,,,,,,,
712088,新應材凱基63購03,2026-08-05,3.2,0.43,15.52,113000000,0,,,,,,,,,,
712089,新應材凱基64購01,2026-08-05,2.91,0.2,7.38,156000000,0,,,,,,,,,,
712090,群聯凱基63購05,2026-08-05,3.33,0.18,5.71,187000000,0,,,,,,,,,,
712091,臺慶科凱基63購02,2026-08-05,2.81,0.24,9.34,20000000,0,,,,,,,,,,
712093,譜瑞凱基63購01,2026-08-05,2.35,0.32,15.76,410000000,0,,,,,,,,,,
712094,世界台新65購01,2026-08-05,2.31,0.11,5.0,26000000,0,,,,,,,,,,
712098,宜鼎台新62購03,2026-08-05,2.24,0.24,12.0,3000000,0,,,,,,,,,,
712099,竑騰台新62購01,2026-08-05,2.08,0.27,14.92,20000000,0,,,,,,,,,,
712100,家登台新62購02,2026-08-05,1.46,0.16,12.31,30000000,0,,,,,,,,,,
712102,博磊台新62購01,2026-08-05,1.79,0.28,18.54,17000000,0,,,,,,,,,,
712104,聚和台新62購01,2026-08-05,1.64,0.15,10.07,20000000,0,,,,,,,,,,
712106,營邦台新62購02,2026-08-05,1.78,0.1,5.95,12000000,0,,,,,,,,,,
712107,營邦台新65購01,2026-08-05,1.97,0.1,5.35,11000000,0,,,,,,,,,,
712109,宜鼎富邦62購01,2026-08-05,1.33,0.09,7.26,40000000,0,,,,,,,,,,
712110,家登富邦64購01,2026-08-05,1.03,0.02,1.98,1000000,0,,,,,,,,,,
712112,順達富邦63購02,2026-08-05,1.0,0.1,11.11,10000000,0,,,,,,,,,,
712113,新應材富邦63購03,2026-08-05,1.34,0.23,20.72,160000000,0,,,,,,,,,,
712114,新應材富邦64購01,2026-08-05,1.1,0.11,11.11,237000000,0,,,,,,,,,,
712116,新應材統一71購01,2026-08-05,0.94,0.08,9.3,52000000,0,,,,,,,,,,
712117,新應材統一71購02,2026-08-05,0.94,0.08,9.3,115000000,0,,,,,,,,,,
712118,群聯統一6A購01,2026-08-05,0.98,0.03,3.16,29000000,0,,,,,,,,,,
712130,新應材台新62購01,2026-08-05,1.7,0.34,25.0,12000000,0,,,,,,,,,,
712131,新應材台新62購02,2026-08-05,2.7,0.72,36.36,8000000,0,,,,,,,,,,
712133,中美晶元大64購04,2026-08-05,1.61,0.17,11.81,65000000,0,,,,,,,,,,
712136,廣積元大63購04,2026-08-05,3.26,0.61,23.02,10000000,0,,,,,,,,,,
712146,耕興永豐63購01,2026-08-05,1.21,0.04,3.42,25000000,0,,,,,,,,,,
712147,晟德永豐63購01,2026-08-05,1.33,0.03,2.31,146000000,0,,,,,,,,,,
712151,M31群益62購01,2026-08-05,1.25,0.16,14.68,100000000,0,,,,,,,,,,
712153,均華群益68購01,2026-08-05,2.64,0.77,41.18,400000000,0,,,,,,,,,,
712165,倉和凱基63購01,2026-08-05,1.7,0.2,13.33,30000000,0,,,,,,,,,,
72328U,環球晶群益59售01,2026-08-05,2.2,0.1,4.76,1000000,0,,否,,1.08,,,,,,
723292,神盾統一58購01,2026-08-05,0.76,0.04,5.56,1000000,0,紅縮,否,,0.73,0.69,0.61,,11.2462,13.5621,18.5366
723454,原相統一58購01,2026-08-05,0.02,-0.03,-60.0,300000000,0,,,,,,,,,,
723681,雷科元富58購01,2026-08-05,0.76,0.03,4.11,19000000,0,綠縮,否,,0.67,1.28,2.0,,-64.6251,-40.7579,-23.6138
724128,能率統一59購01,2026-08-05,0.26,0.06,30.0,499000000,0,綠縮,是,,0.19,0.26,0.32,,-42.5926,-30.3279,-11.6758
724374,聰泰統一59購01,2026-08-05,0.02,-0.01,-33.33,20000000,0,,是,,0.09,0.14,,,-53.6082,-33.0189,
724481,正基統一59購02,2026-08-05,0.81,0.02,2.53,1000000,0,,否,,0.82,0.84,0.77,,-3.7383,3.7037,
724979,鈊象統一5A購01,2026-08-05,0.04,0.02,100.0,1000000,0,,否,,0.09,0.1,0.12,,-29.5082,-21.8045,
72523U,新應材群益5B售01,2026-08-05,0.31,-0.05,-13.89,17000000,0,,否,,0.48,0.41,0.37,,36.0,24.3976,
725744,新復興統一5A購01,2026-08-05,0.04,-0.03,-42.86,71000000,0,綠增,是,,0.08,0.09,0.18,,-18.0,-35.0,-27.7778
725881,鈊象元富5A購01,2026-08-05,0.02,0.0,0.0,297000000,0,,是,,0.1,0.12,0.11,,-18.75,-6.4516,
72600U,昇達科國票59售01,2026-08-05,0.01,0.0,0.0,12000000,0,紅轉綠,否,,0.02,0.02,0.02,,-8.3333,-8.0,-8.0
72610U,富喬國票5C售02,2026-08-05,0.68,-0.15,-18.07,11000000,0,紅縮,否,,1.22,1.04,0.83,,43.1925,38.874,18.0328
726119,華星光統一5B購01,2026-08-05,3.36,-0.44,-11.58,2000000,0,,否,,3.85,4.21,,,-15.6743,,
72622U,精測群益62售02,2026-08-05,0.29,0.0,0.0,1420000000,0,,是,,0.39,0.36,,,18.7879,,
72629U,櫃200群益5B售02,2026-08-05,0.14,-0.03,-17.65,532000000,0,紅縮,是,,0.25,0.22,0.19,,26.8041,29.4118,13.3333
72665U,信驊永豐59售01,2026-08-05,0.02,0.0,0.0,176000000,0,綠縮,是,,0.01,0.02,0.02,,-45.4545,-26.087,-19.6078
72667U,富喬凱基59售01,2026-08-05,0.51,-0.17,-25.0,55000000,0,,否,,1.05,0.85,,,65.2038,11.7569,
726924,金麗科統一5B購01,2026-08-05,0.1,0.0,0.0,51000000,0,,否,,0.13,0.18,0.2,,-38.5321,-26.3598,-16.0825
726926,金麗科統一5B購03,2026-08-05,0.18,0.07,63.64,1000000,0,綠縮,否,,0.12,0.17,0.24,,-43.5185,-38.5455,-18.9744
72692U,信驊群益61售02,2026-08-05,0.07,0.0,0.0,622000000,0,綠增,否,,0.07,0.09,0.09,,-27.451,-11.1111,-2.6596
727095,高鋒統一5A購01,2026-08-05,0.27,0.01,3.85,1000000,0,,否,,0.25,0.2,,,68.4932,15.2941,
72713U,世界群益5B售01,2026-08-05,0.69,-0.15,-17.86,164000000,0,,是,,0.98,0.8,,,59.0909,,
72724U,信驊國票5B售01,2026-08-05,0.05,0.0,0.0,57000000,0,綠縮,否,,0.05,0.06,0.07,,-16.129,-19.7183,-2.963
72730U,穩懋國票59售01,2026-08-05,0.29,0.24,480.0,1000000,0,,否,,0.28,0.16,0.13,,513.0435,300.0,
72733U,中探針群益62售01,2026-08-05,0.22,-0.03,-12.0,63000000,0,紅縮,否,,0.53,0.35,0.22,,209.3023,175.0,69.2015
72735U,世界群益5A售01,2026-08-05,0.44,-0.19,-30.16,106000000,0,紅縮,否,,0.66,0.62,0.55,,12.7148,11.3309,-1.7025
72740U,精測國票59售01,2026-08-05,0.6,-0.04,-6.25,30000000,0,紅縮,否,,1.08,1.03,0.9,,9.9593,11.6757,8.6852
72741U,精測國票59售02,2026-08-05,0.95,-0.02,-2.06,52000000,0,紅縮,否,,1.35,1.36,1.18,,-2.0378,7.2555,10.093
72745U,世界凱基58售04,2026-08-05,0.01,0.0,0.0,1000000,0,,,,,,,,,,
72747U,閎康群益5A售02,2026-08-05,0.07,-0.24,-77.42,10000000,0,,,,,,,,,,
72748U,精測群益5A售02,2026-08-05,1.35,0.01,0.75,44000000,0,紅縮,是,,1.66,1.63,1.53,,3.75,5.0258,8.2124
72749U,精測群益62售04,2026-08-05,1.1,-0.02,-1.79,6000000,0,紅轉綠,否,,1.33,1.3,1.24,,5.538,3.754,7.622
72766U,富喬群益5A售02,2026-08-05,0.61,-0.56,-47.86,51000000,0,,是,,1.1,0.92,,,50.4087,11.8005,
72769U,穩懋元富58售03,2026-08-05,0.01,-0.1,-90.91,1000000,0,,否,,0.3,0.24,0.2,,74.7126,30.6011,
72771U,信驊國票59售05,2026-08-05,0.02,-0.01,-33.33,199000000,0,綠增,否,,0.04,0.05,0.06,,-40.625,-12.069,-3.4783
72772U,穩懋群益63售01,2026-08-05,0.36,-0.12,-25.0,325000000,0,紅縮,否,,0.59,0.56,0.49,,12.2137,18.5501,14.3529
72778U,穩懋凱基59售12,2026-08-05,0.15,-0.09,-37.5,1000000,0,紅縮,否,,0.43,0.36,0.27,,46.8966,54.9784,39.6907
72782U,環球晶群益62售01,2026-08-05,0.3,0.07,30.43,9000000,0,,否,,0.41,0.45,0.27,,-18.7251,57.9861,
72787U,神盾群益59售01,2026-08-05,0.09,-0.04,-30.77,50000000,0,,是,,0.19,0.21,,,-17.9487,,
72788U,能率群益59售02,2026-08-05,0.02,-0.14,-87.5,5000000,0,,否,,0.18,0.17,0.27,,1.1494,-9.3264,
72794U,雙鴻凱基5A售02,2026-08-05,1.15,-0.11,-8.73,258000000,0,綠增,否,,1.56,1.62,1.65,,-6.4671,-7.2331,0.5169
72797U,台特化國票5A售02,2026-08-05,1.1,-0.23,-17.29,1000000,0,紅縮,否,,1.2,1.06,1.05,,32.8918,9.3264,8.0123
72799U,雙鴻國票5A售01,2026-08-05,0.21,-0.07,-25.0,306000000,0,綠增,否,,0.41,0.45,0.48,,-17.2691,-13.8258,-4.4
72806U,雙鴻凱基59售12,2026-08-05,0.42,-0.1,-19.23,10000000,0,,否,,0.67,0.83,,,-32.1212,,
72813U,宜鼎群益5B售03,2026-08-05,0.3,-0.03,-9.09,389000000,0,紅轉綠,否,,0.48,0.48,0.44,,0.0,9.3822,10.1631
72814U,精測群益5B售02,2026-08-05,0.82,0.01,1.23,135000000,0,紅縮,是,,1.04,1.0,0.93,,7.4534,5.9197,10.6888
72816U,精測元富59售10,2026-08-05,1.67,-0.18,-9.73,5000000,0,紅縮,否,,2.21,2.01,1.76,,21.5622,18.68,9.6644
72821U,信驊元大59售04,2026-08-05,0.23,0.03,15.0,3000000,0,綠增,否,,0.3,0.35,0.41,,-26.9608,-19.59,-2.9904
72823U,弘塑凱基59售05,2026-08-05,0.17,0.04,30.77,5000000,0,,否,,0.11,0.07,0.08,,300.0,22.807,
72826U,頎邦元富59售06,2026-08-05,0.02,-0.07,-77.78,4000000,0,,否,,0.07,0.04,,,250.0,,
72829U,宏捷科群益5C售01,2026-08-05,0.69,-0.06,-8.0,36000000,0,紅縮,否,,0.94,0.88,0.76,,16.5432,17.4029,11.1847
72830U,元太凱基5B售03,2026-08-05,0.21,0.0,0.0,172000000,0,綠增,否,,0.3,0.35,0.37,,-24.6231,-7.672,-13.4503
72836U,東捷群益5B售01,2026-08-05,0.61,-0.04,-6.15,7000000,0,紅縮,否,,0.76,0.69,0.6,,23.127,20.5986,13.0435
72843U,精材群益63售01,2026-08-05,0.26,-0.07,-21.21,235000000,0,,否,,0.26,0.26,0.43,,-3.0075,-25.1429,
72847U,印能國票5A售04,2026-08-05,0.12,0.0,0.0,450000000,0,綠增,是,,0.2,0.27,0.39,,-40.1198,-38.4793,-19.8142
72850U,印能國票5A售05,2026-08-05,0.26,0.05,23.81,378000000,0,綠增,否,,0.36,0.42,0.54,,-24.4813,-26.6898,-8.3761
728516,系微統一5C購01,2026-08-05,0.04,0.01,33.33,30000000,0,,是,,0.04,0.05,0.08,,-37.5,-36.5854,
72853U,信驊元大5A售01,2026-08-05,0.71,-0.09,-11.25,973000000,0,綠增,是,,1.06,1.14,1.26,,-13.0719,-13.6604,-2.9942
72854U,信驊永豐61售01,2026-08-05,0.2,-0.02,-9.09,561000000,0,綠增,否,,0.26,0.28,0.31,,-9.0278,-14.0625,-3.4268
72855U,信驊富邦5C售02,2026-08-05,0.9,-0.07,-7.22,2046000000,0,綠增,是,,1.16,1.23,1.35,,-10.8025,-10.7715,-5.431
72857U,雙鴻元大5A售06,2026-08-05,0.92,-0.07,-7.07,340000000,0,綠增,是,,1.11,1.15,1.14,,-7.1906,-2.8644,4.5538
72858U,巨漢國票5A售02,2026-08-05,0.99,-0.03,-2.94,25000000,0,,否,,1.13,0.98,,,34.0476,6.3853,
72859U,弘塑國票5B售02,2026-08-05,0.72,0.12,20.0,781000000,0,紅縮,是,,0.76,0.61,0.5,,59.4937,33.4056,19.2171
72860U,弘塑元大5A售03,2026-08-05,1.62,0.12,8.0,6000000,0,紅縮,否,,1.57,1.36,1.19,,37.5874,25.023,6.4603
72861U,華電網凱基5A售01,2026-08-05,1.16,-0.22,-15.94,4000000,0,,否,,1.27,1.23,,,6.914,,
72864U,群聯凱基5A售03,2026-08-05,0.65,0.02,3.17,42000000,0,紅縮,是,,0.81,0.74,0.62,,20.9581,26.3699,12.865
72865U,信驊永豐5B售03,2026-08-05,0.23,0.01,4.55,31000000,0,綠增,否,,0.31,0.33,0.37,,-13.5593,-14.9485,-3.5248
72866U,旺矽凱基5A售06,2026-08-05,0.58,-0.1,-14.71,182000000,0,紅縮,否,,1.03,0.88,0.74,,40.5479,35.7032,12.4523
72868U,富喬群益5C售01,2026-08-05,1.41,0.1,7.63,23000000,0,紅縮,否,,1.71,1.63,1.41,,10.5806,17.8339,7.4781
72869U,立碁國票5B售03,2026-08-05,0.76,0.06,8.57,595000000,0,,否,,0.93,1.18,1.28,,-34.2736,-18.5724,
72870U,群聯國票5B售06,2026-08-05,0.53,-0.04,-7.02,2000000,0,紅縮,否,,0.65,0.64,0.59,,1.8868,14.6429,8.6477
72872U,聖暉*台新5B售01,2026-08-05,0.7,-0.08,-10.26,160000000,0,紅縮,是,,0.65,0.61,0.57,,10.9966,16.5085,-6.4754
72874U,威剛群益5C售02,2026-08-05,0.76,-0.01,-1.3,283000000,0,綠增,否,,0.85,0.92,0.93,,-13.9959,-2.963,-3.866
72875U,威剛凱基5B售05,2026-08-05,0.41,-0.07,-14.58,40000000,0,綠增,否,,0.53,0.65,0.68,,-31.2661,-8.7989,-7.8697
72876U,合晶台新5B售05,2026-08-05,0.65,-0.05,-7.14,11000000,0,紅縮,否,,0.71,0.58,0.37,,57.0796,91.1184,43.021
72879U,世界凱基5B售02,2026-08-05,0.69,-0.06,-8.0,16000000,0,紅縮,否,,0.74,0.61,0.53,,53.112,40.2299,-8.2109
72880U,良維國票5C售02,2026-08-05,1.19,0.02,1.71,238000000,0,,是,,1.0,0.9,,,25.25,24.9653,
72881U,鈊象台新5B售03,2026-08-05,0.7,-0.03,-4.11,1000000,0,,否,,0.84,0.98,1.1,,-24.552,-16.0377,
72882U,環球晶台新5B售03,2026-08-05,0.71,0.09,14.52,321000000,0,紅縮,否,,0.84,0.61,0.55,,122.2222,61.1111,4.6445
72883U,環球晶國票5B售02,2026-08-05,0.9,0.12,15.38,778000000,0,紅縮,是,,0.96,0.76,0.73,,68.9046,33.275,-1.4094
72884U,鈊象群益61售01,2026-08-05,0.26,-0.1,-27.78,10000000,0,,,,,,,,,,
72885U,中美晶群益5B售02,2026-08-05,0.41,-0.17,-29.31,369000000,0,紅縮,否,,0.63,0.47,0.55,,96.25,31.3019,-28.6361
72886U,群聯群益5B售06,2026-08-05,1.43,-0.12,-7.74,20000000,0,紅縮,否,,1.7,1.65,1.45,,6.5081,14.1079,10.2584
72889U,新盛力群益5B售04,2026-08-05,0.79,-0.05,-5.95,658000000,0,紅縮,是,,0.94,0.88,0.78,,14.0436,22.9485,6.0668
72890U,廣穎群益5B售03,2026-08-05,0.35,-0.06,-14.63,18000000,0,紅縮,否,,0.49,0.48,0.44,,2.5316,9.589,9.4881
72893U,威剛中信64售01,2026-08-05,0.72,-0.02,-2.7,21000000,0,紅轉綠,否,,0.75,0.75,0.75,,-0.2667,0.0,-0.1331
72896U,精材凱基5B售08,2026-08-05,1.06,0.48,82.76,5000000,0,紅增,否,,0.76,0.6,0.67,,75.576,14.7793,-16.2414
72897U,精材群益5B售08,2026-08-05,0.32,-0.15,-31.91,2000000,0,,否,,0.45,0.41,,,16.1458,-41.1348,
72898U,雷科國票5B售03,2026-08-05,0.72,-0.05,-6.49,741000000,0,紅縮,是,,0.91,0.74,0.62,,59.2982,37.6164,22.1457
72899U,立敦台新5B售04,2026-08-05,2.38,-0.35,-12.82,2000000,0,紅縮,否,,2.69,2.17,1.71,,62.5604,56.066,17.9249
72901U,德微國票5C售05,2026-08-05,1.07,-0.07,-6.14,23000000,0,紅縮,否,,1.34,1.2,0.96,,27.2727,37.931,7.9392
72902U,擎亞國票5B售03,2026-08-05,0.56,-0.06,-9.68,83000000,0,紅縮,否,,0.83,0.72,0.6,,37.0861,37.1648,9.132
72903U,群聯凱基5B售08,2026-08-05,1.32,-0.09,-6.38,327000000,0,紅縮,是,,1.57,1.49,1.34,,10.4225,13.1818,7.8756
72904U,欣銓台新5B售05,2026-08-05,1.79,-0.21,-10.5,3000000,0,紅縮,否,,2.37,2.07,1.83,,33.3709,23.4347,8.2346
72905U,臺慶科台新5B售05,2026-08-05,1.86,-0.14,-7.0,30000000,0,紅縮,是,,1.95,1.78,1.4,,20.0986,29.0672,23.8032
72907U,群聯富邦61售05,2026-08-05,0.8,-0.04,-4.76,53000000,0,紅縮,否,,0.9,0.87,0.82,,6.1466,7.9208,4.3367
72908U,威剛群益65售01,2026-08-05,2.14,-0.15,-6.55,1000000,0,綠增,否,,2.27,2.34,2.37,,-6.0531,-3.147,-3.3971
72909U,威剛凱基65售01,2026-08-05,0.72,0.0,0.0,25000000,0,,否,,0.77,0.8,0.81,,-6.747,-1.7157,0.0615
72910U,精材台新5B售06,2026-08-05,0.61,-0.16,-20.78,72000000,0,紅縮,是,,0.69,0.54,0.63,,78.7565,8.4677,-14.7276
72911U,威剛元大5B售16,2026-08-05,0.97,-0.01,-1.02,41000000,0,,否,,1.04,1.12,,,-13.7874,-5.4008,
72914U,威剛群益5B售05,2026-08-05,1.03,-0.12,-10.43,23000000,0,,否,,1.26,1.25,,,0.9615,-7.3855,
72916U,中美晶凱基5B售06,2026-08-05,0.99,0.03,3.12,696000000,0,紅縮,否,,1.11,0.91,0.95,,55.8989,18.6198,-5.9694
72917U,威剛凱基5B售09,2026-08-05,0.91,-0.01,-1.09,360000000,0,綠增,否,,0.97,1.07,1.07,,-16.7521,-3.5104,-2.7702
729185,華星光統一59購03,2026-08-05,2.36,0.44,22.92,35000000,0,,否,,1.88,,,,,,
729186,華星光統一61購01,2026-08-05,2.56,0.0,0.0,4000000,0,紅增,否,,2.4,2.3,2.26,,9.1902,3.6052,-6.4363
729187,華星光統一61購02,2026-08-05,2.1,0.13,6.6,74000000,0,紅增,否,,1.46,1.34,1.57,,19.0554,-7.5601,-13.6451
72919U,順達台新5C售01,2026-08-05,1.33,-0.02,-1.48,4000000,0,紅縮,否,,1.5,1.29,1.15,,39.1466,28.004,11.2771
72921U,富喬台新5C售03,2026-08-05,1.37,-0.11,-7.43,118000000,0,紅縮,是,,1.81,1.68,1.43,,16.366,19.5018,11.6497
72922U,威剛凱基5C售05,2026-08-05,0.58,-0.02,-3.33,552000000,0,,否,,0.63,0.71,,,-20.2532,,
72923U,宜鼎台新5C售05,2026-08-05,2.94,-0.18,-5.77,5000000,0,,否,,3.51,3.54,3.25,,-1.7917,8.2238,9.9678
72925U,台半凱基5C售03,2026-08-05,0.95,-0.12,-11.21,23000000,0,,否,,1.17,1.09,0.89,,17.2,28.673,
72928U,富喬凱基5C售04,2026-08-05,1.02,-0.1,-8.93,161000000,0,,是,,1.51,1.36,,,25.7903,25.4159,
72931U,群聯群益5C售10,2026-08-05,3.11,-0.28,-8.26,4000000,0,,否,,3.59,3.41,,,11.3524,,
72932U,威剛國泰61售02,2026-08-05,1.81,-0.02,-1.09,6000000,0,,否,,1.89,1.98,,,-8.5106,,
72933U,世界群益66售01,2026-08-05,2.95,-0.19,-6.05,28000000,0,,是,,3.14,,,,,,
72934U,精材群益66售01,2026-08-05,1.68,-0.17,-9.19,40000000,0,,否,,1.79,1.64,,,19.3591,-2.8386,
72935U,世界台新5C售02,2026-08-05,2.62,-0.4,-13.25,3000000,0,,否,,2.95,2.71,,,18.7752,18.8184,
72936U,宜鼎凱基5C售10,2026-08-05,1.94,-0.22,-10.19,49000000,0,,否,,2.25,2.29,,,-3.6021,4.2805,
72938U,世界國票62售01,2026-08-05,1.36,-0.14,-9.33,17000000,0,,是,,1.51,1.43,,,11.8343,,
72939U,威剛國票62售01,2026-08-05,1.04,-0.07,-6.31,205000000,0,,是,,1.11,,,,,,
72941U,雙鴻永豐61售04,2026-08-05,1.19,-0.08,-6.3,10000000,0,,否,,1.39,1.4,,,-0.7133,-1.6197,
72942U,家登群益61售03,2026-08-05,1.45,-0.13,-8.23,150000000,0,,否,,1.68,1.55,,,17.8371,13.7931,
72943U,頎邦國票61售01,2026-08-05,1.59,-0.36,-18.46,5000000,0,,否,,2.2,1.9,,,36.6915,27.8039,
72944U,中光電台新61售03,2026-08-05,1.39,-0.23,-14.2,54000000,0,,否,,1.85,1.75,,,11.8357,14.3416,
72945U,頎邦台新61售03,2026-08-05,2.55,-0.33,-11.46,40000000,0,,否,,3.0,2.6,,,37.1689,,
72946U,世界群益61售03,2026-08-05,1.46,-0.16,-9.88,58000000,0,,否,,1.75,,,,,,
72947U,台星科群益61售02,2026-08-05,0.65,-0.16,-19.75,12000000,0,,,,,,,,,,
72948U,精材群益63售02,2026-08-05,2.05,-0.24,-10.48,8000000,0,,否,,2.33,2.1,,,24.7323,,
72949U,威剛元大61售06,2026-08-05,2.02,-0.05,-2.42,167000000,0,,是,,2.09,2.17,,,-6.7676,,
72951U,中光電台新61售05,2026-08-05,1.76,-0.22,-11.11,2000000,0,,否,,2.14,,,,,,
72952U,精材國票61售05,2026-08-05,1.73,0.03,1.76,39000000,0,,否,,1.85,1.66,,,26.3301,,
72955U,宜鼎國票61售03,2026-08-05,1.33,-0.12,-8.28,10000000,0,,否,,1.63,,,,,,
72956U,群聯國票61售05,2026-08-05,1.52,-0.08,-5.0,9000000,0,,,,,,,,,,
72960U,良維凱基61售03,2026-08-05,1.95,-0.07,-3.47,4000000,0,,否,,,,,,,,
72963U,中美晶國票61售06,2026-08-05,2.01,0.04,2.03,9000000,0,,否,,2.12,,,,,,
72964U,中美晶國票64售02,2026-08-05,2.21,-0.05,-2.21,5000000,0,,否,,2.33,,,,,,
72966U,雙鴻凱基61售07,2026-08-05,1.29,-0.05,-3.73,5000000,0,,否,,,,,,,,
72969U,聖暉*國票61售05,2026-08-05,1.25,-0.05,-3.85,10000000,0,,否,,,,,,,,
72971U,良維群益67售01,2026-08-05,2.68,0.26,10.74,11000000,0,,,,,,,,,,
72973U,M31國票61售02,2026-08-05,1.12,-0.06,-5.08,39000000,0,,否,,,,,,,,
72974U,威剛國票65售01,2026-08-05,1.14,-0.04,-3.39,5000000,0,,否,,,,,,,,
72976U,順達凱基61售06,2026-08-05,1.56,-0.08,-4.88,30000000,0,,是,,,,,,,,
72977U,雙鴻國泰63售01,2026-08-05,1.52,-0.07,-4.4,273000000,0,,是,,,,,,,,
72978U,威剛凱基61售06,2026-08-05,1.07,-0.04,-3.6,6000000,0,,否,,1.14,,,,,,
72979U,群聯台新61售07,2026-08-05,1.04,-0.06,-5.45,21000000,0,,,,,,,,,,
72981U,欣銓國票61售04,2026-08-05,1.28,-0.09,-6.57,30000000,0,,,,,,,,,,
72983U,家登群益63售02,2026-08-05,1.62,-0.11,-6.36,6000000,0,,,,,,,,,,
72985U,中美晶國票63售01,2026-08-05,1.27,0.0,0.0,218000000,0,,,,,,,,,,
72988U,頎邦國票64售02,2026-08-05,0.79,-0.06,-7.06,41000000,0,,否,,,,,,,,
729890,廣積統一59購01,2026-08-05,0.1,0.01,11.11,9000000,0,,否,,0.08,0.07,0.12,,33.3333,-12.5,
72989U,廣穎國票61售01,2026-08-05,1.13,-0.08,-6.61,10000000,0,,,,,,,,,,
72992U,中美晶富邦67售02,2026-08-05,0.83,0.02,2.47,25000000,0,,,,,,,,,,
72996U,立碁國票64售02,2026-08-05,1.04,0.04,4.0,37000000,0,,,,,,,,,,
72997U,良維國票61售02,2026-08-05,1.1,-0.06,-5.17,30000000,0,,,,,,,,,,
73007U,世界凱基63售03,2026-08-05,1.37,-0.2,-12.74,1000000,0,,,,,,,,,,
73009U,光焱國票65售01,2026-08-05,0.53,-0.03,-5.36,80000000,0,,,,,,,,,,
73010U,頎邦國票64售03,2026-08-05,0.8,-0.09,-10.11,4000000,0,,,,,,,,,,
730135,安勤統一58購01,2026-08-05,0.11,0.03,37.5,73000000,0,,是,,0.26,0.29,0.33,,-15.4839,-15.1335,
730161,鑫科統一58購01,2026-08-05,0.03,-0.02,-40.0,10000000,0,,否,,0.31,0.3,,,10.6383,-24.4275,
73018U,群聯國票66售02,2026-08-05,1.13,-0.03,-2.59,50000000,0,,,,,,,,,,
730238,群聯統一58購01,2026-08-05,7.45,0.35,4.93,17000000,0,,是,,7.21,7.85,9.28,,-15.0766,-19.6109,
730493,昇達科統一5C購01,2026-08-05,5.2,0.27,5.48,2000000,0,,否,,4.99,5.11,,,-4.5124,-10.0792,
730635,鈦昇統一58購01,2026-08-05,0.73,0.2,37.74,127000000,0,綠縮,是,,0.57,0.86,1.19,,-50.2609,-32.4176,-18.354
730733,原相統一5B購01,2026-08-05,0.08,0.05,166.67,2000000,0,,否,,0.28,0.3,,,-9.6774,18.0,
731332,大綜統一59購01,2026-08-05,0.38,0.15,65.22,5000000,0,,否,,0.21,0.36,0.73,,-58.3333,-57.4493,
731495,英濟統一5B購01,2026-08-05,0.34,0.05,17.24,19000000,0,綠縮,否,,0.23,0.26,0.33,,-22.2973,-23.7681,-8.3565
731874,茂訊統一59購01,2026-08-05,0.76,0.16,26.67,6000000,0,,是,,0.86,0.99,,,-23.1598,-12.8319,
732051,高鋒統一59購01,2026-08-05,0.01,0.0,0.0,10000000,0,,否,,0.02,0.04,0.09,,-73.5294,-51.6854,
732269,M31統一63購01,2026-08-05,0.19,0.01,5.56,1000000,0,,否,,0.18,0.2,0.27,,-16.8224,-22.8346,
732272,千附統一5B購01,2026-08-05,0.4,0.04,11.11,150000000,0,,是,,0.56,0.52,0.37,,16.1157,50.2874,
732332,M31統一63購02,2026-08-05,0.2,0.0,0.0,1000000,0,綠縮,否,,0.19,0.2,0.24,,-13.8889,-18.2927,-9.6226
732545,晟德統一5A購01,2026-08-05,0.33,-0.08,-19.51,1000000,0,綠增,否,,0.37,0.39,0.4,,-10.6796,-4.6455,-5.4245
733133,振曜群益59購01,2026-08-05,0.03,0.01,50.0,230000000,0,綠增,是,,0.05,0.08,0.1,,-61.6667,-35.6589,-16.1826
733178,華星光統一59購04,2026-08-05,5.15,0.69,15.47,1000000,0,,,,,,,,,,
733411,美琪瑪統一61購01,2026-08-05,0.56,0.02,3.7,119000000,0,,否,,0.51,0.77,,,-50.969,,
733460,先進光統一5B購01,2026-08-05,1.03,0.08,8.42,36000000,0,綠縮,否,,0.97,0.93,0.94,,10.9339,4.3968,-8.3048
733461,先進光統一65購01,2026-08-05,0.54,0.01,1.89,1189000000,0,綠縮,否,,0.5,0.45,0.53,,24.0,-5.8824,-12.552
733471,營邦統一5B購01,2026-08-05,1.26,0.06,5.0,2000000,0,綠轉紅,否,,1.11,1.12,1.24,,-1.4184,-13.6469,-6.4735
733656,創惟統一65購03,2026-08-05,0.08,0.01,14.29,101000000,0,,否,,0.08,,,,,,
733695,高端統一5B購01,2026-08-05,0.55,0.08,17.02,595000000,0,綠轉紅,是,,0.47,0.47,0.47,,-0.8475,-1.0526,-5.8706
733696,高端統一65購01,2026-08-05,0.61,0.09,17.31,510000000,0,綠轉紅,否,,0.53,0.54,0.54,,-1.1152,-2.0147,-0.9132
733760,高端統一65購02,2026-08-05,0.45,0.07,18.42,30000000,0,,是,,0.37,0.36,,,5.0562,0.2747,
733800,華星光統一5B購03,2026-08-05,2.56,0.44,20.75,2000000,0,,否,,1.81,2.53,,,-44.2189,,
733958,新應材統一5C購01,2026-08-05,0.4,0.04,11.11,10000000,0,綠轉紅,否,,0.29,0.33,0.45,,-22.9947,-25.7848,-17.5
733983,富喬統一5C購01,2026-08-05,2.0,0.3,17.65,14000000,0,,否,,1.32,1.6,,,-29.8507,-32.2005,
734209,華星光統一66購01,2026-08-05,2.78,0.39,16.32,110000000,0,綠轉紅,是,,2.02,1.98,2.28,,4.0123,-11.3545,-10.6325
734287,鈦昇統一59購01,2026-08-05,2.08,0.13,6.67,63000000,0,綠縮,否,,1.85,2.44,3.03,,-38.731,-27.2076,-13.8597
734519,建榮統一5C購01,2026-08-05,0.79,0.08,11.27,5000000,0,,否,,0.89,1.23,,,-42.9668,-23.1058,
734707,智通*統一5C購02,2026-08-05,0.68,0.02,3.03,5000000,0,,否,,1.02,0.97,,,10.917,9.8976,
734710,雙鴻統一62購01,2026-08-05,0.52,0.09,20.93,2000000,0,,否,,0.54,0.65,,,-29.0576,,
734785,萬潤統一5C購01,2026-08-05,3.04,-0.01,-0.33,11000000,0,,否,,2.59,2.64,2.87,,-3.8633,-2.439,-5.4495
734994,新應材統一62購01,2026-08-05,0.49,0.13,36.11,100000000,0,綠縮,是,,0.36,0.4,0.48,,-16.129,-16.3522,-8.5633
735028,新應材元富63購01,2026-08-05,1.09,0.09,9.0,425000000,0,,否,,0.88,1.04,,,-25.9631,,
735271,波若威統一62購01,2026-08-05,6.95,0.8,13.01,1000000,0,紅增,否,,6.03,5.7,6.26,,12.1235,-5.5473,-5.5413
735304,華景電統一5A購01,2026-08-05,0.63,0.18,40.0,1000000,0,綠縮,否,,0.59,0.79,1.04,,-40.202,-31.8691,-13.9621
735512,華星光統一61購03,2026-08-05,2.49,0.44,21.46,38000000,0,綠轉紅,否,,1.68,1.6,1.91,,10.4987,-9.2247,-13.1998
735557,波若威統一63購01,2026-08-05,9.95,0.65,6.99,7000000,0,,否,,8.78,8.51,,,6.4242,-3.3485,
735852,宏觀統一61購01,2026-08-05,0.21,0.04,23.53,40000000,0,,是,,0.46,,,,,,
735855,南俊統一61購01,2026-08-05,2.9,0.51,21.34,1000000,0,綠縮,否,,2.33,3.32,3.91,,-45.7714,-27.7536,-11.2134
736154,立碁統一61購01,2026-08-05,0.71,-0.05,-6.58,636000000,0,紅增,是,,0.6,0.51,0.52,,43.8095,15.5756,-4.3916
736160,金居統一62購01,2026-08-05,8.35,0.8,10.6,6000000,0,綠縮,否,,8.29,9.2,11.17,,-17.9208,-18.0481,-10.7671
736161,閎康統一59購01,2026-08-05,1.14,0.34,42.5,19000000,0,,是,,1.08,1.43,,,-39.5062,,
736243,宜特統一61購01,2026-08-05,0.37,0.02,5.71,5000000,0,,否,,0.35,0.47,0.55,,-40.7407,-20.903,
736244,金居統一61購01,2026-08-05,5.95,0.15,2.59,9000000,0,,是,,7.38,10.96,,,-49.271,-22.2285,
736249,家登統一61購01,2026-08-05,0.5,0.06,13.64,1000000,0,,否,,0.53,0.56,0.65,,-7.6125,-18.9504,-11.1951
736349,安國統一63購01,2026-08-05,0.34,-0.07,-17.07,86000000,0,綠增,是,,0.42,0.5,0.63,,-27.7397,-16.1667,-16.1823
736350,安國統一65購01,2026-08-05,0.26,-0.01,-3.7,25000000,0,綠縮,是,,0.28,0.26,0.36,,16.8067,-25.4335,-5.284
736354,安國統一67購03,2026-08-05,0.23,0.01,4.55,6000000,0,綠縮,否,,0.22,0.24,0.3,,-9.6774,-11.6105,-15.4506
736360,閎康統一5B購01,2026-08-05,0.69,0.27,64.29,1000000,0,,否,,0.77,0.83,,,-14.5089,-6.9429,
736427,M31統一61購03,2026-08-05,0.12,0.02,20.0,55000000,0,綠轉紅,否,,0.09,0.11,0.15,,-29.8507,-22.449,-20.5656
736428,立碁統一59購02,2026-08-05,0.37,0.02,5.71,10000000,0,,否,,0.25,0.2,,,67.5676,,
736430,宏捷科統一59購01,2026-08-05,0.79,0.13,19.7,2000000,0,,否,,1.4,,,,,,
736431,宏捷科統一61購01,2026-08-05,0.65,0.08,14.04,178000000,0,,否,,0.56,0.66,,,-27.7922,-34.2262,
736436,晶呈統一59購01,2026-08-05,3.28,0.23,7.54,1000000,0,綠轉紅,否,,2.48,2.54,3.1,,-4.0185,-18.509,-11.0745
736475,立碁統一59購03,2026-08-05,1.11,-0.09,-7.5,25000000,0,,,,,,,,,,
736479,漢磊統一61購01,2026-08-05,0.87,0.11,14.47,26000000,0,綠縮,否,,0.68,0.87,1.27,,-36.6355,-33.3333,-19.3139
736480,廣運統一61購01,2026-08-05,0.14,-0.01,-6.67,3000000,0,,否,,0.16,0.19,0.23,,-32.1739,-14.978,
736736,力旺統一61購01,2026-08-05,0.78,0.04,5.41,14000000,0,綠轉紅,否,,0.59,0.62,0.84,,-7.764,-21.6456,-17.5662
736834,中光電統一59購01,2026-08-05,0.62,0.1,19.23,1000000,0,,否,,0.67,0.83,0.66,,-32.4597,3.7453,10.7264
736934,金居統一5B購01,2026-08-05,5.05,-0.15,-2.88,31000000,0,綠縮,是,,4.47,5.31,7.31,,-27.2846,-27.3958,-20.3109
736938,晶呈統一5B購01,2026-08-05,2.9,0.11,3.94,6000000,0,,否,,2.87,3.56,4.84,,-32.3128,-24.0776,
737161,富喬統一5A購03,2026-08-05,1.21,0.28,30.11,31000000,0,,否,,1.35,,,,,,
737198,智通*國票5B購01,2026-08-05,1.51,-0.48,-24.12,25000000,0,綠增,否,,1.98,2.81,3.05,,-45.8927,-23.3034,-4.6344
737321,立碁統一5C購01,2026-08-05,0.51,-0.08,-13.56,63000000,0,,否,,0.47,0.37,,,82.3077,,
737510,新應材第一58購02,2026-08-05,1.63,0.46,39.32,10000000,0,,否,,,,,,,,
737800,漢磊國票58購01,2026-08-05,1.45,0.41,39.42,19000000,0,,是,,4.6,6.37,,,-43.4398,-15.3785,
737929,台燿統一5A購01,2026-08-05,5.9,0.75,14.56,1000000,0,,否,,6.91,,,,,,
737933,譜瑞統一5B購01,2026-08-05,0.03,0.01,50.0,15000000,0,綠縮,否,,0.02,0.03,0.08,,-42.1053,-62.5,-27.0386
738080,精測第一58購01,2026-08-05,84.5,5.0,6.29,3000000,0,,否,,76.0,,,,,,
738123,中光電元富58購01,2026-08-05,0.01,-0.19,-95.0,349000000,0,,是,,,,,,,,
738130,大綜統一58購01,2026-08-05,0.67,0.36,116.13,37000000,0,綠縮,否,,0.34,0.45,1.01,,-38.6282,-56.1765,-12.0192
738131,中光電統一5B購01,2026-08-05,0.3,0.07,30.43,4000000,0,,否,,0.14,0.12,0.15,,25.4545,-22.5,
738144,順達統一5B購02,2026-08-05,0.07,-0.08,-53.33,11000000,0,,是,,0.17,0.28,0.33,,-56.9948,-25.8065,-18.398
738145,順達統一5C購02,2026-08-05,0.28,-0.01,-3.45,410000000,0,綠縮,是,,0.29,0.46,0.61,,-52.8846,-32.6979,-17.8862
738151,漢科統一5C購01,2026-08-05,0.22,0.0,0.0,5000000,0,綠縮,否,,0.24,0.28,0.3,,-25.0,-12.7726,-8.104
738189,能率統一58購02,2026-08-05,0.04,0.02,100.0,450000000,0,綠縮,是,,0.06,0.1,0.15,,-59.7222,-42.2857,-25.5696
738281,M31統一5B購01,2026-08-05,0.15,-0.01,-6.25,5000000,0,綠縮,否,,0.17,0.19,0.27,,-23.1481,-29.2593,-17.3913
738282,M31統一5C購01,2026-08-05,0.11,0.01,10.0,18000000,0,,否,,0.12,0.16,0.26,,-39.0,-31.4894,
738286,信紘科統一64購01,2026-08-05,0.24,0.01,4.35,20000000,0,,否,,0.3,0.34,0.38,,-22.9167,-16.2562,-9.08
738288,新應材統一64購01,2026-08-05,0.34,0.03,9.68,17000000,0,綠縮,否,,0.31,0.36,0.43,,-26.4423,-20.8333,-9.9269
738503,勤凱元大59購01,2026-08-05,0.34,0.06,21.43,1000000,0,,否,,0.79,1.5,,,-64.4083,-40.3418,
738726,宏捷科國票5B購01,2026-08-05,0.44,0.07,18.92,10000000,0,綠轉紅,否,,0.26,0.32,0.63,,-34.6939,-42.3488,-34.3455
738736,M31統一5C購02,2026-08-05,0.1,0.0,0.0,6000000,0,綠縮,否,,0.11,0.15,0.2,,-37.3626,-33.6323,-29.6041
738742,安勤統一59購01,2026-08-05,0.35,0.07,25.0,355000000,0,綠縮,否,,0.37,0.44,0.46,,-25.8964,-11.8952,-5.4137
738746,朋程統一5C購01,2026-08-05,0.16,0.01,6.67,30000000,0,綠縮,是,,0.13,0.18,0.3,,-39.0909,-44.164,-21.5124
738749,前鼎統一59購02,2026-08-05,1.81,0.52,40.31,2000000,0,,否,,1.1,2.14,,,-65.4064,,
738751,茂訊統一59購02,2026-08-05,0.52,0.09,20.93,80000000,0,綠縮,否,,0.43,0.46,0.47,,-12.3457,-16.4835,-7.549
738753,神準統一59購01,2026-08-05,0.01,0.0,0.0,10000000,0,綠縮,否,,0.01,0.01,0.03,,-44.4444,-48.1481,-35.8974
738757,順達統一5C購03,2026-08-05,0.19,-0.04,-17.39,103000000,0,綠縮,否,,0.21,0.33,0.41,,-52.8889,-29.4243,-16.8844
738758,萬泰科統一5C購01,2026-08-05,0.59,0.07,13.46,9000000,0,,否,,0.64,0.78,,,-29.7593,,
738765,緯軟統一59購01,2026-08-05,0.17,0.0,0.0,10000000,0,綠縮,否,,0.18,0.22,0.26,,-30.4688,-14.2292,-19.2661
738933,世禾統一5C購01,2026-08-05,0.23,0.01,4.55,1000000,0,,否,,0.28,0.33,0.34,,-23.3696,-12.6344,-12.7714
738947,精測統一65購01,2026-08-05,1.3,0.06,4.84,16000000,0,,否,,1.12,1.25,,,-19.6839,-19.2407,
739045,M31元大59購01,2026-08-05,0.07,-0.18,-72.0,18000000,0,,否,,0.59,0.93,,,-53.481,,
739057,智通*元大59購01,2026-08-05,0.02,0.0,0.0,35000000,0,綠縮,否,,0.02,0.07,0.09,,-78.1818,-40.708,-11.5385
739106,湧德元富59購01,2026-08-05,0.32,0.07,28.0,2000000,0,綠增,否,,0.85,0.95,1.07,,-20.339,-14.5161,-28.2943
739372,力旺統一5C購01,2026-08-05,0.46,0.13,39.39,16000000,0,綠轉紅,否,,0.36,0.38,0.51,,-9.9502,-17.4946,-19.378
739380,欣銓統一64購01,2026-08-05,1.82,0.14,8.33,4000000,0,,否,,1.71,1.95,,,-21.6117,,
739383,威剛統一64購01,2026-08-05,3.37,0.21,6.65,1000000,0,綠轉紅,否,,3.01,3.06,3.19,,-3.0245,-3.2859,-2.8066
739384,鈊象統一5C購01,2026-08-05,0.16,0.01,6.67,10000000,0,,否,,0.16,0.19,,,-23.5849,,
739385,萬泰科統一64購01,2026-08-05,0.92,0.08,9.52,14000000,0,,否,,0.86,0.93,1.13,,-12.753,-21.1424,-8.3367
739387,精材統一5C購01,2026-08-05,1.56,0.11,7.59,13000000,0,綠增,否,,2.03,2.13,1.87,,-9.0583,6.5566,17.5102
739425,泰茂國票5A購01,2026-08-05,0.04,0.0,0.0,2000000,0,綠轉紅,否,,0.03,0.04,0.04,,-15.0,-5.1282,-53.4591
739442,中美晶統一5C購01,2026-08-05,0.55,-0.23,-29.49,46000000,0,綠縮,是,,0.55,0.84,0.81,,-51.9298,-17.4168,-1.9382
739446,宜鼎統一5C購03,2026-08-05,4.14,0.31,8.09,3000000,0,,否,,3.3,3.83,,,-24.4617,-20.5968,
739452,茂達統一59購01,2026-08-05,0.61,0.01,1.67,2000000,0,綠縮,否,,0.48,0.51,0.85,,-11.5242,-42.1893,-13.6709
739454,能率統一5B購01,2026-08-05,0.19,0.09,90.0,1000000,0,,否,,0.21,,,,,,
739456,精測統一59購02,2026-08-05,1.8,-0.13,-6.74,20000000,0,,是,,2.84,,,,,,
739458,環球晶統一59購01,2026-08-05,3.66,-0.51,-12.23,3000000,0,綠增,否,,4.69,6.33,5.77,,-41.0804,-8.2802,9.9524
739459,環球晶統一59購02,2026-08-05,2.78,-0.68,-19.65,5000000,0,,否,,4.29,5.74,,,-40.2228,-4.8283,
739460,環球晶統一64購02,2026-08-05,1.73,-0.33,-16.02,119000000,0,綠增,否,,1.99,2.64,2.88,,-39.5871,-23.9712,-3.5553
739643,合晶統一5B購01,2026-08-05,11.5,0.0,0.0,1000000,0,,否,,10.83,9.87,7.28,,21.6854,33.7083,30.4722
739644,合晶統一5C購02,2026-08-05,4.8,0.14,3.0,1000000,0,綠增,否,,4.67,5.25,4.77,,-19.952,-1.6664,13.6553
739646,昇佳電統一5C購01,2026-08-05,0.18,0.06,50.0,10000000,0,,否,,0.19,0.26,,,-38.9937,,
739647,昇佳電統一5C購02,2026-08-05,0.15,0.0,0.0,12000000,0,,否,,0.14,0.2,0.22,,-49.2537,-26.5455,
739649,新漢統一64購01,2026-08-05,0.21,0.03,16.67,450000000,0,,否,,0.17,0.19,0.2,,-20.1923,-5.5556,
739651,德微統一5C購02,2026-08-05,0.85,0.15,21.43,1000000,0,,否,,1.42,1.6,,,-20.2475,,
739709,環球晶富邦59購01,2026-08-05,2.96,-1.04,-26.0,5000000,0,綠增,是,,6.44,8.42,7.22,,-38.0173,0.4896,11.0923
739858,昇達科元大59購01,2026-08-05,5.35,0.99,22.71,2000000,0,,否,,4.64,5.7,,,-31.4125,-39.9094,
739986,廣明國票5B購01,2026-08-05,0.01,-0.01,-50.0,5000000,0,,否,,0.02,,,,,,
7402,邑錡,2026-08-05,106.0,4.0,3.92,584725000,0,綠縮,否,否,101.56,108.38,119.64,107.73,-11.8403,-12.8077,-0.221
7547,碩網,2026-08-05,48.4,1.3,2.76,11223000,0,綠縮,否,否,47.51,50.36,53.67,61.43,-10.6955,-7.9938,-4.7346
7556,意德士,2026-08-05,223.5,8.0,3.71,22447000,0,綠縮,否,否,209.6,214.55,242.8,267.02,-4.5103,-10.3427,-6.8572
7584,樂意,2026-08-05,25.2,0.0,0.0,2200000,0,綠縮,否,否,25.63,26.33,28.05,28.4,-5.1794,-6.0649,-1.4491
7642,昶瑞機電,2026-08-05,78.0,1.1,1.43,20155000,0,綠增,否,是,78.08,79.77,78.09,72.34,-4.1493,0.1884,2.8381
7703,銳澤,2026-08-05,171.5,6.5,3.94,208634000,0,綠縮,是,否,165.1,175.6,186.82,200.64,-11.2843,-8.1109,-5.3212
7704,明遠精密,2026-08-05,65.3,4.4,7.22,572136000,0,綠轉紅,是,是,55.06,54.14,57.55,60.88,3.4573,-3.3559,-2.8366
7708,全家餐飲,2026-08-05,92.3,0.0,0.0,8480000,0,綠縮,否,否,91.92,93.09,93.61,92.77,-2.4825,-1.0733,-0.3513
7709,榮田,2026-08-05,72.1,1.2,1.69,49913000,0,綠轉紅,否,否,68.12,69.68,75.02,88.61,-4.3796,-4.561,-9.0226
7712,博盛半導體,2026-08-05,140.0,-1.0,-0.71,290493000,0,綠縮,否,否,129.2,136.2,163.38,156.42,-9.7765,-15.6656,-9.0466
7713,威力德生醫,2026-08-05,69.5,-0.4,-0.57,32141000,0,綠增,是,否,70.02,70.32,70.48,69.58,-0.8496,-0.453,-0.5222
7714,創泓科技,2026-08-05,158.0,3.0,1.94,542301000,0,綠縮,是,是,146.1,165.7,163.72,139.68,-21.1549,-8.3771,2.7133
7715,裕山,2026-08-05,35.6,1.15,3.34,335970000,0,綠縮,是,是,31.29,32.36,33.69,30.69,-6.4294,-5.1019,-2.0997
7716,昱臺國際,2026-08-05,24.85,0.25,1.02,1001000,0,綠縮,否,否,24.51,24.59,25.0,25.17,-0.6888,-1.62,-0.7246
7717,萊德光電-KY,2026-08-05,440.0,27.0,6.54,191126000,0,綠轉紅,否,否,386.1,412.15,430.62,568.48,-11.8895,-8.5635,-6.1257
7718,友鋮,2026-08-05,47.95,0.75,1.59,18145000,0,紅增,否,是,47.12,47.12,47.03,47.87,-0.0212,0.3941,-0.0478
7723,築間,2026-08-05,18.45,-0.15,-0.81,47940000,0,綠增,否,否,19.03,19.75,21.09,23.83,-7.0347,-7.168,-4.8403
7728,光焱科技,2026-08-05,619.0,18.0,3.0,18885000,0,綠縮,否,否,565.2,599.4,628.45,696.2,-10.7955,-6.7952,-5.068
7734,印能科技,2026-08-05,3440.0,-250.0,-6.78,333739000,0,紅增,否,是,3285.0,3164.5,3055.75,3326.92,7.9172,7.5081,-0.4885
7738,東聯互動,2026-08-05,167.5,1.5,0.9,6674000,0,綠縮,否,否,165.8,166.95,167.8,170.65,-1.3682,-0.8316,-0.5482
7743,金利食安,2026-08-05,20.8,-0.1,-0.48,1027000,0,綠縮,否,是,20.44,20.46,20.33,19.85,-0.1953,0.2204,1.5994
7744,崴寶,2026-08-05,444.5,40.0,9.89,69736000,0,綠縮,否,否,400.7,413.25,434.82,483.99,-5.8948,-6.8102,-3.383
7747,昕奇雲端,2026-08-05,116.0,1.0,0.87,2110000,0,綠縮,否,否,115.8,114.95,121.38,126.28,1.4899,-4.5662,-2.2155
7751,竑騰,2026-08-05,1405.0,40.0,2.93,466821000,0,紅增,是,否,1194.0,1182.5,1265.75,1610.83,1.9641,-3.7052,-4.5257
7753,星亞,2026-08-05,37.2,-0.6,-1.59,20233000,0,綠縮,否,否,37.79,38.98,40.71,41.95,-5.9482,-5.2958,-2.8807
7757,金色三麥,2026-08-05,88.6,0.4,0.45,8622000,0,綠轉紅,否,否,89.22,90.1,92.22,100.21,-1.9345,-2.3835,-2.304
7767,仁大資訊,2026-08-05,47.5,-0.15,-0.31,46070000,0,紅縮,否,是,47.0,46.32,43.77,43.49,2.9798,5.1413,2.7406
7772,耀穎,2026-08-05,92.6,2.9,3.23,147801000,0,綠縮,是,否,87.54,92.95,107.9,148.94,-11.0004,-13.3172,-10.7638
7777,能率亞洲,2026-08-05,42.4,2.8,7.07,4734768000,0,綠縮,是,是,37.46,38.75,39.75,36.93,-6.4436,-3.3907,-3.114
7782,光速火箭,2026-08-05,25.9,-0.55,-2.08,2140000,0,綠增,否,否,26.19,26.16,26.64,26.71,0.2296,-1.1525,0.6327
7792,安葆,2026-08-05,203.5,5.5,2.78,329561000,0,綠縮,是,否,195.1,203.0,224.43,268.85,-7.4917,-9.4154,-7.5394
7794,宏碁智新,2026-08-05,28.5,-0.3,-1.04,30046000,0,綠縮,否,否,28.1,28.72,29.42,30.65,-4.2263,-3.1856,-2.47
7805,威聯通,2026-08-05,638.0,24.0,3.91,15945000,0,綠轉紅,否,否,602.8,607.6,628.4,691.75,-1.5676,-2.7217,-2.8298
7810,捷創科技,2026-08-05,189.5,1.0,0.53,37381000,0,綠縮,否,否,182.2,189.45,196.3,213.32,-7.3716,-5.1327,-2.4839
7811,民盛,2026-08-05,71.0,0.0,0.0,48009000,0,綠縮,是,否,71.22,71.42,74.45,78.38,-0.5585,-3.8503,-2.5589
7814,海昌生技,2026-08-05,30.4,0.3,1.0,20453000,0,綠縮,否,否,30.43,32.65,34.68,38.62,-12.733,-7.8855,-4.7377
7819,精誠金融,2026-08-05,34.4,-0.35,-1.01,35644000,0,紅增,否,否,34.59,35.55,37.22,49.57,-5.2848,-5.2119,-4.6497
7820,立盈,2026-08-05,100.5,0.0,0.0,6158000,0,綠縮,否,否,100.28,104.99,110.84,124.21,-8.5871,-7.8227,-3.2977
7828,創新服務,2026-08-05,1750.0,140.0,8.7,225183000,0,綠縮,否,是,1466.0,1672.5,1849.25,1604.5,-21.9798,-13.3868,-8.3963
7839,達人網,2026-08-05,45.5,-0.25,-0.55,1000000,0,紅縮,否,否,45.42,44.94,44.99,54.23,2.1822,0.9322,0.0167
7842,天能綠電,2026-08-05,76.1,0.1,0.13,177514000,0,綠增,是,否,81.4,86.91,91.75,109.04,-11.9238,-7.8855,-4.5663
8024,佑華,2026-08-05,14.7,0.3,2.08,33954000,0,綠縮,否,是,14.29,15.04,15.52,13.63,-9.4423,-6.0312,-0.3532
8027,鈦昇,2026-08-05,183.0,7.5,4.27,2632935000,0,綠縮,否,否,167.9,186.8,207.7,226.82,-18.3763,-14.508,-7.4111
8032,光菱,2026-08-05,36.3,0.6,1.68,61725000,0,綠縮,否,否,34.71,35.7,38.81,41.74,-5.3966,-7.6684,-6.8183
8034,榮群,2026-08-05,19.55,0.15,0.77,79478000,0,綠縮,否,否,18.8,19.19,20.29,22.71,-3.9837,-5.1174,-5.0649
8038,長園科,2026-08-05,31.9,0.5,1.59,208247000,0,綠縮,否,否,32.33,34.77,37.63,40.26,-13.0914,-10.8018,-4.9927
8040,九暘,2026-08-05,73.9,3.9,5.57,613144000,0,綠縮,否,否,67.72,71.67,84.36,91.55,-10.447,-13.8685,-10.4268
8042,金山電,2026-08-05,110.0,-0.5,-0.45,5634260000,0,綠縮,是,否,101.58,112.84,144.77,133.89,-18.1467,-21.3659,-13.1032
8043,蜜望實,2026-08-05,135.5,-2.0,-1.45,6391632000,0,綠縮,否,否,127.1,134.85,158.22,145.26,-10.8696,-13.1401,-10.7963
8044,網家,2026-08-05,26.95,0.3,1.13,401896000,0,綠縮,否,否,25.98,26.34,26.97,27.06,-2.6602,-2.1186,-3.3079
8047,星雲,2026-08-05,44.2,0.2,0.45,16003000,0,紅增,否,否,43.59,43.14,44.46,48.09,2.1321,-0.162,-2.9046
8048,德勝,2026-08-05,54.9,0.9,1.67,494562000,0,綠縮,是,否,50.86,53.16,57.26,60.95,-8.2943,-8.2816,-5.5821
8049,晶采,2026-08-05,26.3,0.2,0.77,79909000,0,綠縮,否,否,25.66,25.8,26.37,26.4,-1.0794,-1.6768,-1.815
8050,廣積,2026-08-05,64.9,5.9,10.0,6005350000,0,綠縮,否,是,58.94,59.22,57.8,53.87,-0.9412,-0.3366,1.9489
8054,安國,2026-08-05,83.2,2.1,2.59,942533000,0,綠縮,否,否,82.5,87.58,97.03,103.34,-10.9648,-8.2548,-8.4493
8059,凱碩,2026-08-05,15.2,0.05,0.33,101193000,0,綠縮,否,否,14.71,15.24,15.81,18.09,-6.7807,-4.986,-3.3914
8064,東捷,2026-08-05,104.0,0.0,0.0,3892404000,0,綠縮,否,否,94.16,103.33,119.87,127.7,-16.3022,-14.9197,-10.5652
8066,來思達,2026-08-05,15.0,0.25,1.69,11228000,0,紅增,否,否,14.89,14.92,14.97,15.86,-0.4013,-0.067,-0.5645
8067,志旭,2026-08-05,13.65,0.05,0.37,29047000,0,綠轉紅,是,是,13.01,13.24,13.27,13.19,-3.415,-0.3012,-0.2443
8068,全達,2026-08-05,18.05,0.45,2.56,217148000,0,綠縮,否,否,17.28,17.99,18.42,20.03,-7.643,-4.0523,-2.4755
8069,元太,2026-08-05,195.5,-2.0,-1.01,11627250000,0,綠縮,否,否,187.3,187.3,194.85,196.15,0.0,-2.2698,-1.3293
8071,能率網通,2026-08-05,23.8,1.3,5.78,2022749000,0,綠縮,是,是,21.5,22.98,26.72,23.0,-12.0654,-15.4243,-6.6713
8074,鉅橡,2026-08-05,54.9,1.9,3.58,943955000,0,綠縮,否,否,50.18,53.26,59.53,70.72,-10.9336,-10.7723,-8.4154
8076,伍豐,2026-08-05,23.3,0.3,1.3,658216000,0,綠縮,否,否,22.69,23.09,24.11,24.43,-3.4057,-5.2329,-2.5465
8080,泰霖,2026-08-05,27.6,-0.9,-3.16,24055000,0,紅縮,否,否,27.97,27.8,27.72,28.02,1.2305,0.8525,-0.1441
8083,瑞穎,2026-08-05,158.5,-1.0,-0.63,128027000,0,紅增,否,否,158.0,157.15,160.45,168.15,1.0877,-0.0954,-2.1199
8084,巨虹,2026-08-05,41.85,0.35,0.84,58002000,0,綠縮,否,否,42.17,43.45,45.73,45.83,-5.7232,-5.2655,-3.6908
8085,福華,2026-08-05,11.15,-0.25,-2.19,1144089000,0,綠縮,是,否,11.17,11.21,11.52,12.09,-0.6228,-2.5228,-2.4963
8086,宏捷科,2026-08-05,124.0,1.5,1.22,3807266000,0,綠縮,否,否,112.4,116.05,127.83,145.98,-6.0986,-8.622,-7.824
8087,麗升能源,2026-08-05,29.0,0.2,0.69,11007000,0,綠轉紅,否,否,28.14,27.79,29.68,32.46,2.5137,-4.3201,-3.9246
8088,品安,2026-08-05,47.65,0.85,1.82,1039283000,0,綠縮,是,否,43.98,45.49,51.73,56.02,-6.4454,-10.3282,-9.6739
8089,康全電訊,2026-08-05,18.35,0.15,0.82,89403000,0,綠增,否,否,18.86,18.79,19.47,20.22,0.7479,-3.2939,-2.1242
8091,翔名,2026-08-05,229.0,7.0,3.15,579511000,0,綠縮,否,否,216.2,233.95,256.02,241.75,-14.1041,-11.9992,-4.6817
8092,建暐,2026-08-05,13.45,0.0,0.0,20065000,0,紅縮,否,否,13.43,13.59,13.68,15.51,-2.3983,-1.6281,-1.4587
8093,保銳,2026-08-05,20.7,0.1,0.49,33827000,0,綠縮,是,是,19.86,20.05,19.98,19.22,-1.9259,-0.5455,0.96
8096,擎亞,2026-08-05,129.5,3.0,2.37,9582403000,0,綠縮,是,是,119.7,127.55,142.1,125.33,-11.5953,-13.2903,-5.3298
8097,常珵,2026-08-05,51.8,-2.6,-4.78,182592000,0,綠縮,是,否,51.56,52.0,54.76,55.68,-1.6781,-4.6047,-3.5154
8099,大世科,2026-08-05,56.0,0.4,0.72,116697000,0,綠增,否,否,56.48,57.02,57.75,60.18,-1.8763,-1.9095,-1.1722
8102,傑霖科技,2026-08-05,69.4,1.6,2.36,10064000,0,綠增,否,否,70.76,72.5,70.87,69.55,-4.6875,0.3321,0.1272
8107,大億金茂,2026-08-05,11.3,-0.2,-1.74,41329000,0,綠縮,否,否,11.37,11.61,12.08,12.11,-4.0506,-4.4444,-1.3673
8109,博大,2026-08-05,130.5,6.0,4.82,465631000,0,綠縮,否,是,122.2,125.75,132.55,124.56,-5.4911,-9.4346,0.189
8111,立碁,2026-08-05,63.5,-2.0,-3.05,19535807000,0,紅增,否,是,59.88,54.81,52.9,59.67,20.386,9.9168,2.5195
8121,越峰,2026-08-05,29.5,-0.4,-1.34,1206622000,0,綠縮,否,否,28.61,31.49,38.43,38.53,-16.7588,-18.0268,-12.1707
8147,正淩,2026-08-05,125.5,5.0,4.15,213030000,0,綠縮,否,否,115.5,122.75,135.4,154.6,-11.1538,-11.4677,-4.9658
8155,博智,2026-08-05,291.5,3.0,1.04,907616000,0,綠縮,否,否,275.6,289.55,324.38,376.33,-9.1928,-10.4392,-8.3168
8171,天宇,2026-08-05,19.5,0.15,0.78,86573000,0,綠縮,否,否,19.43,20.03,20.48,22.14,-5.8168,-2.6252,-2.1035
8176,智捷,2026-08-05,9.92,0.02,0.2,106192000,0,綠縮,否,否,9.82,9.91,10.13,10.17,-1.741,-2.1241,-0.5643
8182,加高,2026-08-05,39.9,1.1,2.84,2126044000,0,綠縮,否,否,36.94,38.84,44.89,43.87,-9.3052,-13.9581,-6.794
8183,精星,2026-08-05,29.35,0.25,0.86,218110000,0,綠縮,否,否,28.87,29.7,31.82,32.15,-5.4373,-7.1149,-2.7882
8227,巨有科技,2026-08-05,150.0,4.0,2.74,424078000,0,綠縮,否,否,140.3,144.75,169.28,187.04,-5.9651,-12.2993,-6.2967
8234,新漢,2026-08-05,67.9,4.2,6.59,1070115000,0,綠縮,否,是,61.48,61.68,65.8,67.52,-0.6464,-6.3752,-1.6
8240,華宏,2026-08-05,41.75,0.8,1.95,274782000,0,綠縮,否,否,38.96,40.74,45.47,57.29,-8.3941,-10.1048,-8.5391
8255,朋程,2026-08-05,146.0,4.5,3.18,466768000,0,綠縮,否,否,136.7,142.95,162.47,163.13,-8.378,-12.1389,-7.6847
8272,全景軟體,2026-08-05,64.6,0.7,1.1,5523000,0,綠增,否,否,65.94,65.98,67.03,70.01,-0.1212,-1.3752,-1.7011
8277,商丞,2026-08-05,8.2,0.01,0.12,79556000,0,綠縮,否,否,7.91,7.99,8.5,8.48,-2.0797,-3.6751,-7.05
8279,生展,2026-08-05,89.9,0.6,0.67,11343000,0,紅增,是,否,87.96,88.03,88.1,94.0,-0.1589,0.1593,-1.6851
8284,三竹,2026-08-05,62.0,-0.6,-0.96,3377000,0,綠縮,否,否,61.88,62.22,63.13,63.55,-1.087,-0.1124,-1.4518
8289,泰藝,2026-08-05,43.5,1.45,3.45,771742000,0,綠縮,否,否,40.23,42.71,50.91,57.16,-10.9759,-16.6715,-9.9465
8291,尚茂,2026-08-05,37.3,3.35,9.87,29908000,0,紅縮,否,否,39.27,37.96,36.54,51.62,7.1195,13.804,-5.0351
8299,群聯,2026-08-05,1845.0,25.0,1.37,3866831000,0,綠縮,否,否,1664.0,1753.0,1985.75,2264.08,-9.6634,-11.7765,-8.7431
8349,恒耀,2026-08-05,39.9,0.1,0.25,41805000,0,紅增,否,否,39.73,39.7,39.7,41.42,0.1765,0.164,-0.5387
8349A,恒耀甲特,2026-08-05,45.4,0.1,0.22,2000000,0,紅增,否,否,45.1,45.1,45.55,46.68,0.0222,-0.1108,-1.075
8354,冠好,2026-08-05,15.5,,,16329000,0,綠縮,否,否,15.43,15.69,16.26,16.35,-3.2602,-4.9091,-1.3649
8358,金居,2026-08-05,349.5,8.5,2.49,24905783000,0,綠縮,是,否,317.3,356.95,446.85,496.21,-19.995,-20.4036,-15.1967
8383,千附,2026-08-05,71.0,1.1,1.57,2542170000,0,綠增,否,是,72.22,78.65,73.61,64.48,-15.1152,-0.9945,4.0642
8390,金益鼎,2026-08-05,95.3,1.2,1.28,320707000,0,綠縮,否,否,91.12,92.88,98.56,106.41,-3.7194,-5.4849,-4.7773
8401,白紗科,2026-08-05,22.8,0.0,0.0,9698000,0,綠縮,否,否,22.64,22.79,22.88,23.24,-1.3078,-0.6539,-0.2181
8403,盛弘,2026-08-05,18.9,0.0,0.0,107304000,0,綠增,否,否,19.0,19.14,19.21,19.77,-1.4523,-0.8547,-0.3631
8409,商之器,2026-08-05,18.3,-0.05,-0.27,6282000,0,綠增,否,否,18.53,18.77,18.96,19.21,-2.4737,-1.4443,-0.6291
8410,森田,2026-08-05,30.9,0.25,0.82,26000000,0,綠縮,否,否,30.8,31.25,32.05,34.0,-2.8391,-2.7691,-1.5585
8415,大國鋼,2026-08-05,37.1,0.3,0.82,469968000,0,紅縮,否,是,37.74,37.25,36.15,35.31,2.6939,3.4152,1.8307
8416,實威,2026-08-05,169.5,0.0,0.0,9397000,0,綠轉紅,否,否,168.0,168.15,169.12,173.41,-0.1783,-0.7379,-0.5878
8421,旭源,2026-08-05,14.4,-0.25,-1.71,262669000,0,紅轉綠,否,是,15.06,15.04,14.61,13.79,0.2663,-0.8243,3.3599
8423,保綠-KY,2026-08-05,17.9,-0.1,-0.56,33879000,0,綠轉紅,否,是,17.63,17.7,17.7,17.77,-0.8436,-0.1973,-0.1411
8424,惠普,2026-08-05,68.8,0.0,0.0,13138000,0,紅增,否,否,68.54,68.57,68.73,71.23,-0.0875,-0.2328,-0.1888
8426,紅木-KY,2026-08-05,21.5,0.3,1.42,22216000,0,紅增,否,是,20.79,20.51,20.33,21.43,2.7174,1.9886,0.482
8431,匯鑽科,2026-08-05,50.9,-0.6,-1.17,625521000,0,綠轉紅,是,否,46.89,47.33,49.14,54.51,-1.8216,-2.3824,-4.0841
8432,東生華,2026-08-05,50.7,0.3,0.6,39114000,0,綠縮,否,是,49.79,49.98,50.37,50.62,-0.7376,-0.5671,-0.3512
8433,弘帆,2026-08-05,53.8,0.2,0.37,5112000,0,綠縮,否,是,53.02,53.52,53.29,53.26,-1.8512,-0.5204,0.1127
8435,鉅邁,2026-08-05,52.2,0.0,0.0,27723000,0,紅縮,是,否,52.38,52.54,52.69,54.51,-0.6072,-0.5489,-0.4158
8436,大江,2026-08-05,114.5,1.0,0.88,303328000,0,紅增,否,否,114.0,114.5,114.33,117.58,-0.8696,0.175,-0.587
8437,大地-KY,2026-08-05,8.89,-0.02,-0.22,20574000,0,綠增,否,否,9.23,9.57,9.8,10.8,-6.8255,-3.869,-2.542
8440,綠電,2026-08-05,19.25,0.1,0.52,58352000,0,綠縮,否,否,18.98,19.58,20.45,21.64,-5.9465,-5.1357,-3.3093
8444,綠河-KY,2026-08-05,5.35,0.18,3.48,19021000,0,綠縮,是,否,5.1,5.35,5.54,5.81,-8.7983,-3.467,1.4657
8446,華研,2026-08-05,85.1,-0.1,-0.12,55885000,0,綠縮,否,否,85.12,85.63,86.67,86.03,-1.1841,-1.2683,-0.6875
8450,霹靂,2026-08-05,14.65,0.05,0.34,19964000,0,綠增,否,否,14.79,14.91,15.06,15.64,-1.5968,-1.6815,-1.3268
8455,大拓-KY,2026-08-05,23.95,0.0,0.0,9480000,0,綠縮,否,否,24.42,24.91,25.9,30.23,-3.8204,-3.4877,-4.3217
8472,夠麻吉,2026-08-05,68.2,0.1,0.15,12078000,0,綠縮,否,否,68.48,71.07,76.43,77.02,-7.0323,-8.3677,-4.7423
8477,創業家,2026-08-05,15.9,-0.05,-0.31,32501000,0,綠轉紅,否,否,15.59,15.56,15.84,16.38,0.3863,-1.3316,-2.4923
8489,三貝德,2026-08-05,22.9,0.35,1.55,95043000,0,紅增,是,否,22.29,22.61,22.31,23.45,-2.8335,0.0885,0.2133
8905,裕國,2026-08-05,33.9,0.5,1.5,41907000,0,紅增,否,是,30.77,30.35,29.93,32.13,2.8065,2.2574,0.9102
8906,花王,2026-08-05,27.1,0.85,3.24,47049000,0,綠縮,否,是,25.87,25.96,27.36,26.2,-0.691,-3.6735,-2.9446
8908,欣雄,2026-08-05,39.95,0.0,0.0,23750000,0,紅增,否,否,39.62,39.37,39.74,40.35,1.2781,0.6777,-1.4568
8916,光隆,2026-08-05,43.05,0.0,0.0,109434000,0,紅增,否,否,42.59,42.4,43.0,44.85,0.9003,-1.2116,-0.5263
8917,欣泰,2026-08-05,53.0,1.0,1.92,4000000,0,綠縮,否,是,52.38,52.58,52.84,52.67,-0.7579,-0.6237,-0.0378
8921,沈氏,2026-08-05,17.1,-0.4,-2.29,18001000,0,綠增,是,否,17.52,17.57,17.72,18.11,-0.5675,-0.9583,-0.8949
8923,時報,2026-08-05,18.7,-0.45,-2.35,33379000,0,綠增,是,,19.03,19.05,19.37,,-0.2098,-2.2325,-0.0903
8924,大田,2026-08-05,52.0,-1.8,-3.35,412880000,0,綠增,是,否,54.4,55.35,56.42,60.06,-3.3748,-2.243,-0.7215
8927,北基,2026-08-05,20.35,0.05,0.25,381222000,0,綠縮,否,是,19.72,19.89,20.73,20.35,-1.6459,-4.6969,-1.0148
8928,鉅明,2026-08-05,22.4,0.05,0.22,23373000,0,綠增,否,是,22.4,22.75,22.44,21.63,-3.0303,-1.0009,1.6418
8929,富堡,2026-08-05,13.1,-0.05,-0.38,22396000,0,綠增,否,否,13.31,13.55,13.85,14.21,-3.5507,-4.3402,-0.8769
8930,青鋼,2026-08-05,30.7,-0.3,-0.97,50228000,0,綠縮,是,是,30.29,30.81,30.03,29.04,-3.3504,-0.8686,2.3956
8931,大汽電,2026-08-05,40.9,-0.15,-0.37,40041000,0,綠增,否,否,41.5,41.58,42.01,42.08,-0.3841,-1.5625,-0.2552
8932,智通*,2026-08-05,99.4,0.6,0.61,2192019000,0,綠縮,否,否,95.04,106.07,110.01,102.39,-18.8386,-10.1102,-2.2568
8933,愛地雅,2026-08-05,4.33,0.03,0.7,55488000,0,綠增,否,否,4.37,4.46,4.5,4.87,-3.9595,-1.6336,-1.5107
8935,邦泰,2026-08-05,17.6,0.2,1.15,121445000,0,綠縮,否,否,17.53,18.23,20.24,20.3,-7.3957,-10.9863,-4.2239
8936,國統,2026-08-05,52.1,0.6,1.17,1144886000,0,綠縮,否,否,51.48,51.89,54.79,53.69,-1.5679,-3.5323,-3.0523
8937,合騏*,2026-08-05,23.9,0.1,0.42,37600000,0,綠縮,否,否,23.66,24.3,25.43,28.82,-5.1323,-3.7433,-5.3058
8938,明安,2026-08-05,53.6,-0.5,-0.92,261589000,0,綠增,否,否,54.9,55.51,54.84,54.69,-2.1739,0.507,0.6886
8941,關中,2026-08-05,43.4,0.1,0.23,1300000,0,紅增,否,否,43.3,43.36,43.3,43.68,-0.2764,0.1964,0.1851
8942,森鉅,2026-08-05,37.6,0.4,1.08,112934000,0,綠縮,否,否,36.75,37.66,39.19,41.01,-4.7434,-4.2942,-2.995
9949,琉園,2026-08-05,23.25,0.2,0.87,61483000,0,綠縮,否,否,23.21,23.47,25.38,24.61,-2.1913,-8.6415,-2.4411
9950,萬國通,2026-08-05,10.45,0.05,0.48,42118000,0,紅增,否,否,10.31,10.3,10.41,10.68,0.0971,-1.1036,-0.6207
9951,皇田,2026-08-05,52.9,0.5,0.95,46123000,0,綠縮,否,否,52.56,52.59,53.05,53.14,-0.114,-0.7549,-0.3943
9960,邁達康,2026-08-05,32.9,0.4,1.23,33006000,0,綠縮,是,是,31.67,32.34,32.89,32.45,-4.0303,-2.532,-0.2729
9962,有益,2026-08-05,9.77,-0.01,-0.1,42334000,0,綠增,否,是,9.8,9.8,9.78,9.71,0.0204,-0.2138,0.128
