股票代號,股票名稱,日期,收盤價,漲跌(元),漲跌幅(%),成交量（股）,成交金額（元）,MACD狀態,出量,站上60日均,5日均價,10日均價,20日均價,60日均價,5日均斜率(%),10日均斜率(%),20日均斜率(%)
00411A,主動統一前沿科技,2026-09-04,9.81,0.33,3.48,21603993000,0,,是,,9.62,9.64,,,-0.5583,-0.5568,
006201,元大富櫃50,2026-09-04,44.18,0.84,1.94,210326000,0,紅縮,否,,44.17,43.93,42.19,,1.0895,6.1755,-0.4894
00679B,元大美債20年,2026-09-04,25.78,0.01,0.04,12295123000,0,綠縮,否,,25.74,25.94,26.34,,-1.5305,-1.7799,-0.9999
00687B,國泰20年美債,2026-09-04,27.12,0.01,0.04,9274313000,0,綠縮,否,,27.07,27.19,27.51,,-0.8787,-1.242,-0.7183
00687C,國泰20年美債+櫃U,2026-09-04,9.09,-0.01,-0.11,25000000,0,紅增,否,,9.08,9.09,9.13,,-0.2417,-0.3071,-0.4147
00694B,富邦美債1-3,2026-09-04,41.73,0.02,0.05,227053000,0,綠縮,否,,41.74,41.9,42.16,,-0.7703,-0.8237,-0.3663
00695B,富邦美債7-10,2026-09-04,34.62,0.04,0.12,221598000,0,綠縮,是,,34.62,34.83,35.13,,-1.2044,-1.1439,-0.6688
00696B,富邦美債20年,2026-09-04,28.09,0.02,0.07,1850593000,0,綠縮,否,,28.03,28.15,28.49,,-0.8559,-1.2557,-0.9527
00697B,元大美債7-10,2026-09-04,35.17,0.01,0.03,145879000,0,綠縮,否,,35.19,35.4,35.68,,-1.1907,-1.1008,-0.452
00719B,元大美債1-3,2026-09-04,31.04,0.02,0.06,1449943000,0,綠縮,否,,31.05,31.17,31.34,,-0.7924,-0.7293,-0.3609
00720B,元大投資級公司債,2026-09-04,31.82,0.03,0.09,4006644000,0,綠縮,否,,31.79,31.9,32.25,,-0.7121,-1.0146,-1.0949
00722B,群益投資級電信債,2026-09-04,34.21,0.03,0.09,3309080000,0,綠縮,否,,34.15,34.26,34.63,,-0.6053,-0.9455,-1.1178
00723B,群益投資級科技債,2026-09-04,29.28,0.01,0.03,127000000,0,綠縮,否,,29.24,29.39,29.66,,-0.982,-1.0872,-1.1101
00724B,群益投資級金融債,2026-09-04,32.7,0.04,0.12,5422515000,0,綠縮,是,,32.69,32.87,33.21,,-1.1013,-1.2201,-0.9293
00725B,國泰投資級公司債,2026-09-04,33.92,0.04,0.12,1771319000,0,綠縮,否,,33.87,34.01,34.33,,-0.7909,-1.0072,-0.9792
00726B,國泰新興投等債,2026-09-04,32.14,0.04,0.12,160797000,0,綠縮,否,,32.15,32.3,32.67,,-0.9244,-0.835,-0.9024
00727B,國泰優選非投等債,2026-09-04,39.25,0.02,0.05,117952000,0,綠縮,否,,39.24,39.37,39.55,,-0.628,-0.6687,-0.577
00734B,台新JPM新興債,2026-09-04,15.35,-0.01,-0.07,20000000,0,綠縮,否,,15.4,15.48,15.65,,-0.9645,-1.0169,-1.034
00740B,富邦全球投等債,2026-09-04,37.31,0.07,0.19,874931000,0,綠縮,否,,37.24,37.41,37.83,,-0.9364,-1.2067,-0.9025
00741B,富邦全球非投等債,2026-09-04,37.11,-0.02,-0.05,107256000,0,綠縮,否,,37.14,37.32,37.61,,-0.9335,-1.0159,-0.3972
00746B,富邦A級公司債,2026-09-04,34.36,0.02,0.06,472053000,0,綠縮,否,,34.34,34.51,34.87,,-1.0148,-1.1854,-0.9276
00749B,凱基新興債10+,2026-09-04,30.76,0.06,0.2,103000000,0,綠縮,否,,30.72,30.88,31.17,,-1.0119,-1.0036,-1.0068
00750B,凱基科技債10+,2026-09-04,31.58,-0.01,-0.03,100000000,0,綠縮,否,,31.56,31.72,32.06,,-0.9974,-1.1005,-1.1042
00751B,元大AAA至A公司債,2026-09-04,30.3,0.0,0.0,4051611000,0,綠縮,否,,30.29,30.43,30.78,,-0.8769,-1.1629,-0.8488
00754B,群益AAA-AA公司債,2026-09-04,31.27,0.03,0.1,100000000,0,綠縮,否,,31.25,31.51,32.13,,-1.6183,-2.0702,-1.3707
00755B,群益投資級公用債,2026-09-04,31.51,0.03,0.1,126000000,0,綠縮,否,,31.47,31.7,32.27,,-1.4779,-1.9667,-1.1216
00756B,群益投等新興公債,2026-09-04,30.29,0.09,0.3,239080000,0,綠縮,否,,30.26,30.56,31.06,,-1.9249,-1.8783,-1.2275
00758B,復華能源債,2026-09-04,50.1,0.13,0.26,100999000,0,綠縮,否,,49.96,50.24,50.94,,-1.1163,-1.5114,-0.8718
00759B,復華製藥債,2026-09-04,52.55,0.0,0.0,101000000,0,綠縮,否,,52.54,52.87,53.7,,-1.2406,-1.7195,-1.0684
00760B,復華新興企業債,2026-09-04,52.05,0.1,0.19,102255000,0,綠縮,否,,52.13,52.57,53.25,,-1.6601,-1.5082,-1.0086
00761B,國泰A級公司債,2026-09-04,32.95,0.02,0.06,763238000,0,綠縮,是,,32.91,33.16,33.73,,-1.4905,-1.9165,-1.1183
00764B,群益25年美債,2026-09-04,27.02,0.01,0.04,9240971000,0,綠縮,否,,26.97,27.09,27.41,,-0.904,-1.2828,-0.7584
00768B,復華20年美債,2026-09-04,48.01,0.02,0.04,284286000,0,綠縮,否,,47.94,48.31,49.21,,-1.5039,-2.0639,-1.1549
00772B,中信高評級公司債,2026-09-04,32.39,0.03,0.09,1348912000,0,綠縮,否,,32.36,32.55,32.95,,-1.1183,-1.3758,-0.932
00773B,中信優先金融債,2026-09-04,34.71,0.01,0.03,1588346000,0,綠縮,否,,34.71,34.94,35.38,,-1.2797,-1.4804,-0.859
00777B,凱基AAA至A公司債,2026-09-04,31.11,0.01,0.03,100000000,0,綠縮,否,,31.12,31.29,31.7,,-1.0932,-1.3181,-1.0426
00778B,凱基金融債20+,2026-09-04,33.13,0.03,0.09,100000000,0,綠縮,否,,33.13,33.33,33.8,,-1.1928,-1.6087,-0.9277
00779B,凱基美債25+,2026-09-04,27.31,0.02,0.07,304000000,0,綠縮,否,,27.27,27.39,27.72,,-0.894,-1.2508,-0.7732
00780B,國泰A級金融債,2026-09-04,36.27,0.01,0.03,112001000,0,綠縮,否,,36.31,36.63,37.15,,-1.7641,-1.8224,-0.8156
00781B,國泰A級科技債,2026-09-04,27.1,0.0,0.0,127926000,0,綠縮,否,,27.07,27.18,27.5,,-0.8426,-1.1312,-0.9098
00782B,國泰A級公用債,2026-09-04,29.33,0.02,0.07,183135000,0,綠縮,否,,29.31,29.43,29.79,,-0.8526,-1.2747,-1.1432
00785B,富邦金融投等債,2026-09-04,33.78,-0.02,-0.06,241049000,0,綠縮,是,,33.84,34.06,34.44,,-1.2604,-1.3754,-0.9619
00786B,元大10年IG銀行債,2026-09-04,31.68,0.08,0.25,95001000,0,綠縮,是,,31.63,31.94,32.4,,-1.8979,-1.8228,-0.966
00787B,元大10年IG醫療債,2026-09-04,31.7,0.09,0.28,15043000,0,綠縮,否,,31.66,31.79,32.13,,-0.8705,-1.1442,-0.7277
00788B,元大10年IG電能債,2026-09-04,29.05,0.03,0.1,87000000,0,綠縮,是,,29.02,29.15,29.52,,-0.9015,-1.2767,-1.0841
00789B,復華公司債A3,2026-09-04,45.97,0.01,0.02,111999000,0,綠縮,否,,45.94,46.12,46.7,,-0.8076,-1.1424,-1.2204
00791B,復華信用債1-5,2026-09-04,56.6,0.05,0.09,100034000,0,綠縮,否,,56.69,56.91,57.25,,-0.7875,-0.7152,-0.4434
00792B,群益A級公司債,2026-09-04,30.72,0.0,0.0,61195000,0,綠縮,否,,30.69,30.81,31.15,,-0.7759,-1.1739,-0.7534
00793B,群益AAA-A醫療債,2026-09-04,29.75,0.13,0.44,7000000,0,綠縮,否,,29.65,29.81,30.2,,-1.0546,-1.4515,-0.9461
00795B,中信美國公債20年,2026-09-04,25.9,0.02,0.08,3032996000,0,綠縮,否,,25.84,26.02,26.47,,-1.3663,-1.9147,-1.0504
00799B,國泰A級醫療債,2026-09-04,28.45,0.0,0.0,408001000,0,綠縮,是,,28.43,28.63,29.12,,-1.4012,-1.9252,-1.1104
00834B,第一金金融債10+,2026-09-04,32.99,-0.03,-0.09,142000000,0,綠縮,否,,33.04,33.2,33.57,,-0.9472,-1.1109,-1.0231
00836B,永豐10年A公司債,2026-09-04,27.8,0.09,0.32,73023000,0,綠縮,否,,27.73,27.93,28.25,,-1.3797,-1.2622,-0.9953
00840B,凱基IG精選15+,2026-09-04,28.63,0.01,0.03,102000000,0,綠縮,否,,28.63,28.79,29.21,,-1.0915,-1.4749,-1.0905
00841B,凱基AAA-AA公司債,2026-09-04,27.27,0.07,0.26,100000000,0,綠縮,否,,27.26,27.48,27.99,,-1.5242,-1.9415,-1.3292
00842B,台新美元銀行債,2026-09-04,29.26,0.04,0.14,47466000,0,綠縮,否,,29.23,29.38,29.71,,-1.0562,-1.2336,-1.3039
00844B,台新15年IG金融債,2026-09-04,30.29,-0.05,-0.16,161000000,0,綠縮,是,,30.35,30.6,31.13,,-1.5823,-1.9421,-1.1337
00845B,富邦新興投等債,2026-09-04,32.42,-0.04,-0.12,351000000,0,綠縮,是,,32.48,32.73,33.18,,-1.5161,-1.5994,-0.8932
00846B,富邦歐洲銀行債,2026-09-04,35.11,0.04,0.11,104139000,0,綠縮,否,,35.08,35.39,35.9,,-1.7258,-1.8255,-0.8507
00847B,中信美國市政債,2026-09-04,24.54,0.02,0.08,302000000,0,綠縮,否,,24.53,24.72,25.15,,-1.5574,-1.8736,-1.1671
00848B,中信新興亞洲債,2026-09-04,33.33,0.03,0.09,300000000,0,綠縮,否,,33.33,33.49,33.79,,-0.9628,-0.9201,-0.9033
00849B,中信EM主權債0-5,2026-09-04,37.19,0.01,0.03,342282000,0,綠縮,否,,37.22,37.37,37.61,,-0.7784,-0.8806,-0.4368
00853B,統一美債10年Aa-A,2026-09-04,26.67,0.02,0.08,1004812000,0,綠縮,否,,26.66,26.78,27.09,,-0.9218,-1.1917,-0.8456
00856B,永豐1-3年美公債,2026-09-04,37.31,0.0,0.0,71021000,0,綠縮,是,,37.39,37.69,37.92,,-1.5586,-1.0112,-0.3036
00857B,永豐20年美公債,2026-09-04,22.53,0.02,0.09,294055000,0,綠縮,否,,22.48,22.58,22.85,,-0.8993,-1.2852,-0.7449
00858,永豐美國500大,2026-09-04,36.12,0.46,1.29,253613000,0,綠縮,否,,35.77,35.95,36.09,,-0.991,0.1393,-0.7139
00859B,群益0-1年美債,2026-09-04,41.03,0.02,0.05,1404973000,0,綠縮,否,,41.04,41.15,41.38,,-0.5429,-0.7381,-0.1556
00860B,群益1-5Y投資級債,2026-09-04,37.83,0.02,0.05,60221000,0,綠縮,否,,37.84,38.08,38.48,,-1.2216,-1.429,-0.4977
00862B,中信投資級公司債,2026-09-04,30.61,0.03,0.1,390096000,0,綠縮,否,,30.57,30.7,31.03,,-0.8498,-1.1272,-0.7945
00863B,中信全球電信債,2026-09-04,30.83,0.02,0.06,407044000,0,綠縮,否,,30.77,30.86,31.22,,-0.5945,-1.1278,-0.8085
00864B,中信美國公債0-1,2026-09-04,45.96,0.01,0.02,999025000,0,綠縮,否,,45.97,46.21,46.7,,-1.0163,-1.3472,-0.4476
00867B,台新A-BBB電信債,2026-09-04,29.28,-0.01,-0.03,225000000,0,綠縮,是,,29.28,29.62,30.18,,-2.2764,-2.2249,-1.7229
00870B,元大15年EM主權債,2026-09-04,27.45,0.16,0.59,1000000,0,綠縮,否,,27.33,27.5,27.8,,-1.2504,-1.0507,-1.3679
00877,復華中國5G,2026-09-04,36.28,0.17,0.47,1557845000,0,紅縮,否,,36.64,37.1,36.96,,-2.4649,2.136,-3.9627
00884B,中信低碳新興債,2026-09-04,28.64,0.04,0.14,341895000,0,綠縮,否,,28.6,28.74,29.03,,-0.9764,-1.0432,-1.0836
00886,永豐美國科技,2026-09-04,47.49,0.58,1.24,21159000,0,紅增,否,,47.03,47.03,46.13,,-0.0043,2.1857,0.5855
00887,永豐中國科技50大,2026-09-04,15.84,0.08,0.51,2168138000,0,綠縮,否,,15.94,16.28,16.63,,-4.0794,-1.9748,-3.7398
00888,永豐台灣ESG,2026-09-04,33.7,0.65,1.97,3533959000,0,紅增,否,,33.41,32.96,32.77,,2.8123,4.4133,-2.195
00890B,凱基ESG BBB債15+,2026-09-04,31.04,-0.02,-0.06,110000000,0,綠縮,否,,31.05,31.21,31.57,,-1.0455,-1.2185,-0.985
00928,中信上櫃ESG 30,2026-09-04,32.43,0.58,1.82,590735000,0,紅縮,否,,32.58,32.41,30.8,,1.0984,7.0739,-1.5942
00931B,統一美債20年,2026-09-04,13.03,0.0,0.0,3314251000,0,綠縮,是,,13.01,13.07,13.22,,-0.8685,-1.2766,-0.9586
00933B,國泰10Y+金融債,2026-09-04,15.53,0.02,0.13,4902438000,0,綠縮,否,,15.53,15.64,15.82,,-1.4342,-1.4426,-0.8304
00937B,群益ESG投等債20+,2026-09-04,14.3,0.02,0.14,36868007000,0,綠縮,否,,14.28,14.35,14.51,,-0.9849,-1.2459,-0.9587
00942B,台新美A公司債20+,2026-09-04,13.73,0.0,0.0,1423161000,0,綠縮,是,,13.72,13.78,13.96,,-0.9531,-1.3738,-0.9506
00948B,中信優息投資級債,2026-09-04,9.14,0.02,0.22,2921018000,0,綠縮,否,,9.12,9.16,9.27,,-0.8047,-1.1868,-0.909
00950B,凱基A級公司債,2026-09-04,13.57,0.01,0.07,1951162000,0,綠縮,否,,13.59,13.68,13.86,,-1.2787,-1.4981,-0.8903
00955,中信日本商社,2026-09-04,16.23,-0.06,-0.37,3151938000,0,紅增,否,,15.96,15.71,15.35,,3.2346,2.2923,2.7854
00957B,兆豐US優選投等債,2026-09-04,12.96,0.02,0.15,76789000,0,綠縮,否,,12.93,13.0,13.16,,-0.9496,-1.2687,-1.0008
00958B,永豐ESG銀行債15+,2026-09-04,8.98,0.0,0.0,52079000,0,綠縮,否,,8.99,9.06,9.18,,-1.5981,-1.4463,-0.9337
00959B,大華投等美債15Y+,2026-09-04,9.06,0.0,0.0,1321867000,0,綠縮,否,,9.08,9.13,9.23,,-1.1329,-1.2655,-0.843
00966B,統一ESG投等債15+,2026-09-04,13.42,0.01,0.07,1019017000,0,綠縮,否,,13.41,13.49,13.66,,-1.1059,-1.3096,-0.9393
00967B,元大優息美債,2026-09-04,8.9,0.0,0.0,368005000,0,綠縮,否,,8.89,8.94,9.04,,-1.1121,-1.2697,-0.7465
00968B,元大優息投等債,2026-09-04,8.96,0.01,0.11,297921000,0,綠縮,否,,8.95,9.0,9.1,,-1.0829,-1.2073,-0.8607
00969B,元大零息超長美債,2026-09-04,7.99,0.0,0.0,496304000,0,綠縮,否,,7.96,7.98,8.12,,-0.674,-1.5049,-1.1019
00970B,台新BBB投等債20+,2026-09-04,9.04,0.01,0.11,1431883000,0,綠縮,否,,9.03,9.07,9.18,,-0.9003,-1.2847,-0.9498
009806,台新標普500,2026-09-04,13.71,0.16,1.18,18454000,0,綠縮,否,,13.58,13.65,13.59,,-1.006,-0.0878,0.1954
009807,台新標普科技精選,2026-09-04,16.88,0.29,1.75,34001000,0,綠縮,否,,16.66,16.79,16.66,,-1.513,0.5629,0.1172
00980B,台新特選IG債10+,2026-09-04,9.17,0.0,0.0,456056000,0,綠縮,否,,9.16,9.2,9.3,,-0.866,-1.1818,-0.895
00980D,主動聯博投等入息,2026-09-04,20.03,0.0,0.0,496499000,0,綠縮,否,,20.05,20.15,20.3,,-1.0072,-0.9876,-0.5778
00980T,平衡凱基美國TOP,2026-09-04,11.94,0.16,1.36,872502000,0,綠縮,是,,11.77,11.8,11.76,,-0.507,0.1018,0.4141
009814,富邦標普500,2026-09-04,11.43,0.12,1.06,508842000,0,綠縮,否,,11.34,11.4,11.33,,-1.0295,0.0351,0.2565
009815,大華美國MAG7+,2026-09-04,11.62,0.22,1.93,2518778000,0,綠轉紅,是,,11.43,11.46,11.37,,-0.5916,0.6676,0.2956
00981B,第一金優選非投債,2026-09-04,9.15,0.0,0.0,9408189000,0,綠縮,否,,9.15,9.19,9.25,,-0.888,-0.7878,-0.4896
00981D,主動中信非投等債,2026-09-04,10.3,0.01,0.1,1911387000,0,綠縮,否,,10.3,10.35,10.42,,-0.9806,-0.9094,-0.4683
009822,華南永昌未來金融,2026-09-04,10.06,0.4,4.14,12805740000,0,綠轉紅,是,,9.69,9.65,9.69,,0.9792,0.1349,0.0878
009823,群益S&P500,2026-09-04,10.49,0.13,1.25,3657117000,0,綠縮,否,,10.41,10.47,10.42,,-1.1586,-0.105,0.1009
009825,聯邦美國金融創新,2026-09-04,10.31,0.29,2.89,6171251000,0,綠轉紅,是,,10.09,10.11,10.01,,-0.395,0.3276,0.8208
00982B,FT投資級債20+,2026-09-04,9.48,0.04,0.42,38106000,0,綠縮,否,,9.45,9.49,9.6,,-0.9226,-1.0423,-1.0716
00983B,大華優利美公債20,2026-09-04,15.09,-0.01,-0.07,360346000,0,綠縮,否,,15.09,15.18,15.39,,-1.166,-1.512,-0.9079
00984B,大華優利美A債15,2026-09-04,15.73,0.02,0.13,1026557000,0,綠縮,是,,15.74,15.82,16.02,,-1.0935,-1.2912,-0.842
00985D,主動貝萊德優投等,2026-09-04,9.82,0.02,0.2,891083000,0,綠縮,否,,9.8,9.85,9.98,,-0.9497,-1.3519,-0.9433
00986B,FT金融債10+,2026-09-04,9.55,0.0,0.0,8000000,0,綠縮,否,,9.56,9.67,9.75,,-2.1089,-1.2264,-1.1552
00986D,主動復華金融債息,2026-09-04,14.34,0.03,0.21,365300000,0,綠縮,否,,14.34,14.44,14.6,,-1.3209,-1.3392,-0.8118
00987B,野村10+澳洲公債,2026-09-04,15.88,0.1,0.63,321884000,0,綠縮,否,,15.84,15.96,16.04,,-1.3941,-1.0358,-0.1805
00987D,主動統一美債量化,2026-09-04,9.98,0.02,0.2,4100240000,0,,是,,9.96,10.02,,,-1.1014,-0.1132,
00988B,玉山嚴選非投債,2026-09-04,19.49,0.0,0.0,946854000,0,綠縮,否,,19.51,19.63,19.79,,-1.2151,-1.0783,-0.6502
00989B,台新美國非投等債,2026-09-04,10.05,0.02,0.2,3693151000,0,綠縮,否,,10.04,10.11,10.18,,-1.2392,-1.0478,-0.5182
00990B,國泰收益非投等債,2026-09-04,9.95,-0.01,-0.1,858287000,0,綠縮,否,,9.96,9.99,10.03,,-0.6584,-0.7056,-0.2237
00998A,主動復華金融股息,2026-09-04,18.09,0.28,1.57,4660705000,0,綠縮,否,,17.87,17.89,17.7,,-0.1787,0.4154,0.921
020025,統一亞洲半導體N,2026-09-04,38.0,1.3,3.54,15000000,0,紅增,否,,37.31,37.57,36.91,,-1.3954,4.0514,-1.2309
020033,統一恒生科期N,2026-09-04,3.64,0.08,2.25,15000000,0,綠縮,否,,3.61,3.68,3.74,,-3.7373,-3.3649,-0.505
020041,兆豐半導體氣候N,2026-09-04,20.09,0.23,1.16,23000000,0,紅縮,否,,19.75,19.11,17.94,,6.9873,10.1141,2.3822
1240,茂生農經,2026-09-04,55.5,0.5,0.91,6898000,0,紅縮,否,,56.12,56.49,55.64,,-1.3014,1.4547,-0.2599
1259,安心,2026-09-04,64.1,0.5,0.79,19741000,0,紅縮,否,,63.46,63.51,61.45,,-0.1573,3.2012,2.4081
1264,德麥,2026-09-04,252.0,0.0,0.0,16672000,0,綠縮,否,,252.7,254.55,255.78,,-1.4431,-0.6634,-1.2738
1268,漢來美食,2026-09-04,182.0,0.5,0.28,109917000,0,紅縮,是,,181.7,181.15,177.05,,0.6091,2.6055,2.0755
1294,漢田生技,2026-09-04,53.4,0.0,0.0,5481000,0,紅縮,否,,53.76,55.21,55.73,,-5.1182,-2.1793,-1.7022
1295,生合,2026-09-04,45.35,0.0,0.0,10816000,0,綠縮,否,,45.74,45.86,46.64,,-0.5436,-0.7036,-1.955
1336,台翰,2026-09-04,16.15,0.05,0.31,128411000,0,紅轉綠,否,,16.45,16.7,16.04,,-2.9499,4.9654,2.1812
1565,精華,2026-09-04,98.6,-0.9,-0.9,83414000,0,紅縮,否,,98.56,96.8,94.87,,3.7037,3.2974,0.738
1569,濱川,2026-09-04,48.7,3.3,7.27,589657000,0,紅增,否,,46.62,45.06,43.2,,7.1478,7.9919,-0.0463
1570,力肯,2026-09-04,32.8,-0.2,-0.61,32011000,0,紅增,否,,33.06,33.33,34.3,,-1.6071,-0.4629,-4.323
1580,新麥,2026-09-04,102.5,-0.5,-0.49,95124000,0,綠縮,否,,103.8,105.85,109.35,,-3.7998,-3.7727,-3.465
1584,精剛,2026-09-04,18.0,-0.1,-0.55,399594000,0,紅增,否,,18.05,18.04,18.26,,0.1109,2.0362,-2.1439
1586,和勤,2026-09-04,18.0,0.0,0.0,205548000,0,紅縮,否,,18.05,18.23,18.19,,-1.9555,-0.5456,-0.7501
1591,駿吉-KY,2026-09-04,35.75,0.35,0.99,126957000,0,紅縮,否,,35.96,36.14,36.37,,-0.9912,-1.9533,-3.3417
1593,祺驊,2026-09-04,31.75,0.15,0.47,12253000,0,紅縮,否,,31.72,31.73,30.95,,-0.063,2.5865,1.2845
1595,川寶,2026-09-04,68.8,-1.2,-1.71,619415000,0,紅縮,否,,68.28,65.91,60.34,,7.4599,12.4169,0.8356
1599,宏佳騰,2026-09-04,22.9,-0.15,-0.65,27341000,0,綠縮,是,,22.98,23.13,23.29,,-1.2887,-2.033,-0.1821
1742,台蠟,2026-09-04,17.8,0.2,1.14,58522000,0,綠增,否,,17.72,17.71,17.25,,0.113,1.2289,3.1082
1777,生泰,2026-09-04,75.2,0.9,1.21,120605000,0,紅增,是,,74.46,74.39,73.54,,0.1884,1.2247,0.0136
1780,立弘,2026-09-04,24.4,0.1,0.41,78467000,0,紅縮,否,,24.54,24.47,23.83,,0.5738,1.9796,0.9961
1781,合世,2026-09-04,10.3,0.1,0.98,17465000,0,綠縮,否,,10.42,10.68,11.13,,-4.8402,-4.4275,-3.216
1784,訊聯,2026-09-04,59.2,0.1,0.17,62059000,0,紅縮,否,,60.24,60.76,59.95,,-1.6971,1.8779,-2.274
1785,光洋科,2026-09-04,102.0,2.0,2.0,2924005000,0,紅增,否,,101.9,102.65,104.06,,-1.4507,-0.5522,-5.6872
1788,杏昌,2026-09-04,128.5,0.0,0.0,8431000,0,綠增,否,,129.1,129.6,129.75,,-0.7686,-0.2693,-0.1155
1796,金穎生技,2026-09-04,30.2,0.0,0.0,10032000,0,紅增,否,,29.84,29.92,30.43,,-0.5002,-0.73,-3.7181
1799,易威,2026-09-04,29.7,-0.05,-0.17,78431000,0,綠縮,否,,30.0,30.04,31.31,,-0.266,-3.2372,-2.6956
1813,寶利徠,2026-09-04,11.45,0.05,0.44,2454000,0,綠縮,否,,11.47,11.48,11.59,,-0.2609,-0.2172,-1.0248
1815,富喬,2026-09-04,118.5,-1.5,-1.25,50628182000,0,紅縮,否,,121.5,111.55,93.38,,19.5866,28.1742,9.0315
2035,唐榮,2026-09-04,26.2,-0.4,-1.5,1005000,0,綠增,否,,26.62,26.8,27.27,,-1.3343,-2.0289,-0.9533
2061,風青,2026-09-04,54.0,2.1,4.05,2176352000,0,綠縮,否,,53.5,53.15,53.46,,1.3066,-1.7195,-7.1636
2063,世鎧,2026-09-04,23.8,-0.2,-0.83,109474000,0,紅縮,是,,24.01,24.11,24.04,,-0.8261,0.2703,-0.1143
2064,晉椿,2026-09-04,12.45,0.1,0.81,280002000,0,紅增,是,,12.47,12.22,12.56,,4.0902,-0.7308,-2.2382
2065,世豐,2026-09-04,36.45,0.2,0.55,36992000,0,紅縮,否,,36.39,36.29,34.18,,0.5526,6.2043,3.146
2066,世德,2026-09-04,54.7,1.4,2.63,24681000,0,綠縮,否,,53.94,55.62,58.61,,-5.8639,-5.247,-4.7066
2067,嘉鋼,2026-09-04,4.82,-0.01,-0.21,14715000,0,綠縮,否,,4.84,5.3,5.88,,-16.0014,-12.5969,-7.0225
2070,精湛,2026-09-04,63.0,-2.3,-3.52,683142000,0,紅縮,是,,65.68,65.49,58.33,,0.5819,13.8363,3.6149
2073,雄順,2026-09-04,26.6,0.0,0.0,3000000,0,綠縮,否,,26.16,26.42,26.84,,-1.949,-2.4192,-0.4728
2221,大甲,2026-09-04,90.8,-0.7,-0.77,12726891000,0,紅增,是,,82.1,68.82,58.21,,47.8214,37.3927,15.7659
2230,泰茂,2026-09-04,22.8,0.8,3.64,42532000,0,綠縮,否,,22.75,23.49,23.12,,-6.0694,-1.3235,-0.0324
2235,謚源,2026-09-04,28.25,0.4,1.44,2120000,0,紅增,否,,27.93,27.65,27.52,,2.0833,1.58,-1.7141
2596,綠意,2026-09-04,35.55,-0.5,-1.39,62929000,0,紅縮,否,,35.43,34.35,32.61,,6.4923,7.5622,3.066
2640,大車隊,2026-09-04,156.0,-0.5,-0.32,9545000,0,紅縮,否,,156.9,155.2,150.57,,2.215,3.778,-0.1326
2641,正德,2026-09-04,18.05,-0.05,-0.28,2201559000,0,紅縮,否,,18.17,18.19,17.6,,-0.1648,3.7069,0.8452
2643,捷迅,2026-09-04,62.4,-0.2,-0.32,15482000,0,紅縮,是,,62.56,62.4,60.9,,0.5141,1.6618,0.7112
2718,全心投控,2026-09-04,41.0,-0.5,-1.2,36624000,0,綠增,否,,43.1,45.91,45.33,,-11.5171,-0.2607,-2.8037
2719,燦星旅,2026-09-04,19.9,0.1,0.51,8251000,0,綠縮,否,,20.2,20.55,21.46,,-3.3955,-3.2023,-3.7016
2726,雅茗-KY,2026-09-04,8.14,-0.07,-0.85,48559000,0,綠增,是,,8.25,8.42,8.62,,-3.9814,-2.7717,-2.1779
2729,瓦城,2026-09-04,156.0,0.5,0.32,12086000,0,綠縮,否,,155.2,158.1,158.95,,-3.6025,-1.7097,-0.2667
2732,六角,2026-09-04,63.2,0.2,0.32,17759000,0,紅轉綠,否,,64.16,64.06,64.0,,0.3127,0.6758,-0.3038
2734,易飛網,2026-09-04,14.9,0.0,0.0,9901000,0,紅縮,否,,14.96,14.96,14.9,,0.0,1.3894,-0.451
2736,富野,2026-09-04,11.55,0.0,0.0,30109000,0,紅縮,否,,11.72,11.7,11.69,,0.4284,0.7321,-0.1281
2740,華軒,2026-09-04,30.3,-0.3,-0.98,6691000,0,綠縮,是,,30.82,30.63,32.05,,1.2484,-3.4363,-2.4132
2743,山富,2026-09-04,59.1,0.6,1.03,36015000,0,紅增,否,,58.82,58.27,58.63,,1.9058,1.1983,-1.5367
2745,五福,2026-09-04,87.2,0.2,0.23,63945000,0,紅增,否,,87.78,88.22,90.68,,-0.9926,0.2158,-4.2551
2751,王座,2026-09-04,52.5,1.2,2.34,2235000,0,綠縮,否,,52.32,53.02,52.22,,-2.6061,1.1736,-0.2483
2752,豆府,2026-09-04,175.5,-1.0,-0.57,3637000,0,紅轉綠,否,,177.0,178.15,176.62,,-1.2828,0.9921,-0.099
2754,亞洲藏壽司,2026-09-04,68.7,0.1,0.15,6405000,0,綠增,否,,69.14,69.59,69.42,,-1.285,-0.3722,0.1804
2755,揚秦,2026-09-04,100.5,-2.0,-1.95,114860000,0,紅縮,是,,101.9,102.45,102.92,,-1.068,-0.1948,-6.6652
2756,聯發國際,2026-09-04,62.2,-0.7,-1.11,19495000,0,紅縮,是,,62.84,61.34,59.64,,5.0134,5.3228,1.3595
2916,滿心,2026-09-04,40.05,0.05,0.12,40257000,0,紅縮,是,,40.04,40.25,40.02,,-1.0625,0.0248,-0.0687
2924,宏太-KY,2026-09-04,17.9,1.05,6.23,11232000,0,綠縮,否,,17.27,17.07,17.52,,2.3711,-1.4434,-1.2403
2926,誠品生活,2026-09-04,30.5,0.0,0.0,5010000,0,紅增,否,,30.46,30.36,30.7,,0.6942,0.1154,-1.2942
2937,集雅社,2026-09-04,44.3,0.2,0.45,2277000,0,綠增,否,,45.05,46.36,46.46,,-5.5159,-0.5363,-1.4634
2941,米斯特,2026-09-04,33.9,2.4,7.62,8021000,0,綠轉紅,是,,31.1,31.19,32.68,,-0.5437,-2.4707,-0.6007
2947,振宇五金,2026-09-04,61.7,0.2,0.33,7259000,0,紅增,否,,61.56,61.86,62.74,,-0.9653,-0.4986,-2.7586
2948,寶陞,2026-09-04,38.15,1.35,3.67,6912000,0,綠轉紅,否,,38.05,37.96,37.85,,0.4753,0.5829,0.3779
3066,李洲,2026-09-04,24.7,-0.05,-0.2,1080102000,0,紅縮,否,,24.86,24.2,22.87,,5.6075,9.7008,-0.985
3071,協禧,2026-09-04,25.1,0.75,3.08,641828000,0,紅增,是,,24.61,24.63,25.16,,-0.2028,-1.3416,-3.5731
3073,天方能源,2026-09-04,22.6,0.0,0.0,57158000,0,紅增,否,,22.37,22.46,22.05,,-0.7982,1.629,0.3869
3078,僑威,2026-09-04,46.1,0.1,0.22,1163623000,0,綠增,否,,48.27,51.02,51.69,,-10.2454,-3.5444,-3.1704
3081,聯亞,2026-09-04,3170.0,50.0,1.6,5533009000,0,紅縮,是,,3214.0,2980.0,2367.75,,17.043,29.1161,16.7962
3083,網龍,2026-09-04,22.9,-0.15,-0.65,91253000,0,綠縮,是,,23.11,23.38,24.29,,-2.3246,-3.8841,-3.1792
3085,新零售,2026-09-04,11.5,0.65,5.99,19870000,0,綠縮,是,,11.41,11.66,11.83,,-4.1982,-2.5084,-1.7034
3086,華義*,2026-09-04,29.6,-0.4,-1.33,115757000,0,紅縮,否,,29.95,28.29,28.27,,12.4249,5.7164,-0.8853
3088,艾訊,2026-09-04,127.0,7.0,5.83,1574297000,0,綠縮,是,,123.9,126.2,131.45,,-3.5798,-2.3975,-2.7197
3093,港建*,2026-09-04,45.2,-0.4,-0.88,204588000,0,紅縮,否,,46.07,46.45,46.18,,-1.6439,2.1438,-3.6459
3095,及成,2026-09-04,35.15,0.0,0.0,1361000,0,綠縮,否,,35.49,36.42,37.15,,-5.0054,-2.9831,-2.0566
3105,穩懋,2026-09-04,449.5,3.0,0.67,24240777000,0,紅縮,否,,447.3,412.15,372.73,,18.6472,17.7571,4.4852
3114,好德,2026-09-04,31.8,1.2,3.92,252260000,0,紅縮,否,,33.04,33.42,32.82,,-2.2774,1.8744,-3.414
3115,富榮綱,2026-09-04,8.76,0.15,1.74,2666000,0,綠增,否,,8.81,8.94,8.86,,-2.7802,1.4875,0.6534
3118,進階,2026-09-04,31.4,-0.1,-0.32,18862000,0,紅轉綠,否,,31.52,31.63,31.73,,-0.6931,-0.3466,-0.2907
3122,笙泉,2026-09-04,25.2,0.05,0.2,42890000,0,紅縮,否,,25.53,25.64,25.32,,-0.8159,2.8485,-3.0167
3128,昇銳,2026-09-04,20.1,0.05,0.25,115176000,0,綠增,否,,20.7,21.46,21.55,,-6.8407,-1.3106,-2.7959
3131,弘塑,2026-09-04,2385.0,20.0,0.85,265720000,0,紅增,否,,2379.0,2395.0,2516.5,,-1.3273,1.2685,-6.848
3141,晶宏,2026-09-04,102.5,2.5,2.5,14713583000,0,紅增,否,,93.04,82.58,74.38,,29.0072,17.8536,8.2684
3147,大綜,2026-09-04,223.5,8.5,3.95,368524000,0,綠轉紅,否,,218.9,221.35,223.95,,-2.1895,-1.8839,-1.0166
3152,璟德,2026-09-04,238.0,5.5,2.37,104170000,0,綠增,否,,242.7,241.1,232.68,,1.3361,5.445,-1.7005
3158,嘉實,2026-09-04,83.3,-0.3,-0.36,1183000,0,紅縮,否,,83.44,83.49,82.91,,-0.1197,0.7846,0.0845
3162,精確,2026-09-04,70.8,-0.7,-0.98,1330183000,0,紅增,否,,70.44,66.57,65.14,,12.3445,8.1384,-3.0294
3163,波若威,2026-09-04,775.0,55.0,7.64,1124537000,0,紅增,否,,758.4,745.8,696.6,,3.437,12.0156,1.0444
3169,亞信,2026-09-04,104.5,-0.5,-0.48,199919000,0,紅縮,否,,105.76,103.11,102.05,,5.2757,3.5137,0.6907
3171,炎洲流通,2026-09-04,62.7,0.0,0.0,30457000,0,紅增,否,,63.06,63.4,64.15,,-1.0668,-1.2615,-0.8501
3176,基亞,2026-09-04,35.0,0.0,0.0,450109000,0,紅縮,否,,35.59,35.5,34.25,,0.48,4.7963,-0.2039
3178,公準,2026-09-04,62.3,1.5,2.47,47935000,0,紅增,否,,61.34,60.42,60.64,,3.0924,4.6778,-1.8851
3188,鑫龍騰,2026-09-04,24.9,0.55,2.26,257368000,0,紅增,是,,24.49,24.16,23.7,,2.7696,3.5355,0.819
3191,雲嘉南,2026-09-04,17.3,-0.15,-0.86,18357000,0,綠增,否,,17.59,17.9,17.96,,-3.3516,-0.7488,-1.3185
3205,佰研,2026-09-04,46.2,-0.85,-1.81,114509000,0,綠增,是,,47.04,47.88,48.47,,-3.4285,-1.197,-1.9173
3206,志豐,2026-09-04,34.45,0.5,1.47,100048000,0,紅增,是,,34.23,34.38,33.92,,-0.8401,2.6579,-2.0784
3207,耀勝,2026-09-04,40.0,-0.2,-0.5,79840000,0,紅增,否,,39.69,40.69,42.25,,-4.7745,-0.7925,-9.9574
3211,順達,2026-09-04,386.0,11.0,2.93,3403125000,0,紅增,否,,378.0,372.45,360.3,,3.0253,9.0789,-3.2752
3213,茂訊,2026-09-04,129.0,2.0,1.57,890325000,0,綠縮,是,,127.6,129.45,128.12,,-2.818,0.2323,-0.0195
3217,優群,2026-09-04,134.0,0.0,0.0,431387000,0,紅增,否,,135.4,137.45,141.82,,-2.9391,-2.4485,-4.4949
3218,大學光,2026-09-04,138.5,0.5,0.36,117557000,0,紅縮,否,,138.9,138.05,137.6,,1.2391,0.6929,0.0545
3219,倚強科,2026-09-04,91.3,0.8,0.88,596904000,0,紅縮,否,,87.22,79.91,71.38,,20.1377,19.4469,5.1097
3221,台嘉碩,2026-09-04,49.4,1.35,2.81,1672226000,0,紅縮,否,,49.81,49.01,47.34,,3.3188,5.6592,-2.0585
3224,三顧,2026-09-04,33.3,-0.95,-2.77,158750000,0,紅轉綠,是,,34.39,34.69,34.93,,-1.6867,-0.815,-1.6055
3226,龍鋒,2026-09-04,55.0,2.5,4.76,20704000,0,紅增,否,,53.64,52.93,50.28,,2.7193,4.3881,3.5369
3227,原相,2026-09-04,192.0,0.5,0.26,451042000,0,紅縮,否,,193.9,195.95,195.85,,-2.0707,-0.4066,-1.335
3228,金麗科,2026-09-04,174.0,3.0,1.75,235818000,0,紅增,否,,169.2,156.3,153.03,,17.9916,10.5766,-0.2119
3230,錦明,2026-09-04,42.35,-0.35,-0.82,306379000,0,綠增,否,,43.2,42.82,41.55,,1.7908,6.8497,-4.751
3232,昱捷,2026-09-04,19.6,0.0,0.0,5011000,0,紅增,否,,19.66,19.74,19.92,,-0.8073,0.74,-2.3413
3234,光環,2026-09-04,206.0,11.5,5.91,5549866000,0,紅縮,否,,198.8,173.15,137.78,,34.7797,39.2777,17.6795
3236,千如,2026-09-04,44.45,2.45,5.83,3513147000,0,紅增,是,,43.67,44.11,43.18,,-1.9753,4.8117,-6.6987
3252,海灣,2026-09-04,15.5,0.0,0.0,12764000,0,綠縮,否,,15.57,15.81,16.2,,-2.9302,-1.8018,-2.7607
3259,鑫創,2026-09-04,12.15,-1.3,-9.67,90488000,0,綠縮,否,,12.43,12.53,13.79,,-1.5991,-9.0705,-5.7887
3260,威剛,2026-09-04,400.5,5.5,1.39,4877257000,0,紅縮,否,,407.7,411.2,397.4,,-1.688,1.4933,0.5949
3264,欣銓,2026-09-04,227.0,1.0,0.44,3131721000,0,紅縮,否,,227.4,219.6,208.88,,7.3654,10.435,0.3363
3265,台星科,2026-09-04,176.5,3.5,2.02,739628000,0,紅縮,否,,175.7,173.45,163.55,,2.6285,9.0881,1.4421
3268,海德威,2026-09-04,17.4,-0.05,-0.29,43165000,0,綠縮,否,,17.65,18.11,19.15,,-4.903,-7.415,-3.1487
3272,東碩,2026-09-04,14.6,0.4,2.82,375824000,0,紅增,是,,14.23,14.07,14.2,,2.227,1.882,-2.1192
3276,宇環,2026-09-04,14.2,0.15,1.07,139166000,0,綠縮,否,,14.26,14.4,15.35,,-1.9257,-2.965,-3.0466
3284,太普高,2026-09-04,20.85,0.25,1.21,109229000,0,綠縮,否,,20.62,20.93,21.31,,-2.8733,0.5526,-6.4311
3285,微端,2026-09-04,41.0,0.0,0.0,14424000,0,紅增,否,,40.81,38.99,38.56,,9.7928,4.9953,0.9359
3287,廣寰科,2026-09-04,36.6,0.0,0.0,126783000,0,紅縮,否,,37.5,37.41,33.17,,0.4554,13.293,6.1176
3288,點晶,2026-09-04,20.8,-0.05,-0.24,21220000,0,綠縮,否,,21.03,21.15,22.96,,-1.1283,-6.8487,-0.1522
3289,宜特,2026-09-04,140.0,2.0,1.45,451158000,0,紅增,否,,139.5,138.05,140.07,,2.123,0.6562,-3.1795
3290,東浦,2026-09-04,45.5,-1.05,-2.26,1164160000,0,綠增,是,,47.92,49.95,53.34,,-7.8107,-4.3103,-8.0892
3293,鈊象,2026-09-04,709.0,6.0,0.85,949923000,0,綠縮,否,,708.4,728.4,733.85,,-5.3447,-3.7781,-0.3463
3294,英濟,2026-09-04,30.0,0.45,1.52,267622000,0,紅增,否,,30.16,30.51,30.28,,-2.2683,2.1597,-4.5322
3297,杭特,2026-09-04,27.3,0.4,1.49,58859000,0,紅增,是,,27.33,27.42,27.67,,-0.6543,2.2371,-2.9719
3303,岱稜,2026-09-04,51.3,0.0,0.0,214640000,0,綠縮,否,,51.64,52.36,52.52,,-2.7129,-1.6344,-2.831
3306,鼎天,2026-09-04,44.95,0.35,0.78,66615000,0,紅增,是,,44.8,44.73,44.32,,0.3135,1.8907,-1.0826
3310,佳穎,2026-09-04,68.8,-0.3,-0.43,14020000,0,紅縮,否,,68.78,68.71,67.99,,0.204,1.3571,0.1694
3313,斐成,2026-09-04,10.8,-0.05,-0.46,66453000,0,紅增,否,,10.8,10.58,10.77,,4.1466,2.767,-2.3351
3317,尼克森,2026-09-04,62.6,1.6,2.62,440165000,0,綠縮,否,,62.62,64.85,68.16,,-6.6488,-1.6828,-9.7637
3322,建舜電,2026-09-04,11.1,-0.05,-0.45,147844000,0,紅增,否,,11.14,11.21,11.44,,-1.1535,0.5384,-3.9463
3323,加百裕,2026-09-04,28.9,0.35,1.23,178880000,0,紅縮,否,,29.11,29.89,29.57,,-5.0864,1.3564,-3.6488
3324,雙鴻,2026-09-04,1485.0,135.0,10.0,3081121000,0,紅增,否,,1342.0,1174.7,1042.85,,33.2142,22.505,11.7439
3325,旭品,2026-09-04,11.2,0.05,0.45,56012000,0,綠縮,否,,11.24,11.33,11.74,,-1.5762,-2.3276,-3.1347
3332,幸康,2026-09-04,61.0,0.0,0.0,3011000,0,綠縮,否,,61.46,62.13,63.49,,-2.1338,-1.8793,-1.6498
3339,泰谷,2026-09-04,43.8,1.7,4.04,2499323000,0,紅縮,否,,43.84,40.98,37.98,,15.0052,12.0591,4.8158
3349,寶德,2026-09-04,22.45,-0.05,-0.22,42052000,0,綠增,否,,22.96,23.27,23.05,,-2.6706,0.9105,-0.892
3354,律勝,2026-09-04,24.0,-0.15,-0.62,388407000,0,紅縮,否,,23.66,22.09,21.58,,15.3021,9.3564,-1.1451
3357,臺慶科,2026-09-04,214.0,11.0,5.42,1645743000,0,紅增,是,,210.2,214.45,209.72,,-3.8866,3.2499,-4.7679
3360,尚立,2026-09-04,14.9,0.1,0.68,258948000,0,綠縮,否,,15.12,15.6,16.29,,-5.9701,-1.6083,-7.8076
3362,先進光,2026-09-04,210.0,12.0,6.06,1443621000,0,紅增,否,,202.6,193.3,177.88,,10.1087,8.9321,4.8946
3363,上詮,2026-09-04,735.0,-39.0,-5.04,8837631000,0,紅縮,是,,739.6,669.1,604.85,,23.555,18.7189,6.7979
3372,典範,2026-09-04,14.7,0.1,0.68,305547000,0,紅增,否,,14.84,15.1,15.57,,-3.3225,-1.3721,-5.521
3373,熱映,2026-09-04,16.35,-0.05,-0.3,29492000,0,綠增,否,,16.44,16.54,16.59,,-1.1425,0.4862,-0.0151
3374,精材,2026-09-04,430.0,30.0,7.5,4976882000,0,紅增,否,,396.4,354.95,345.98,,26.4434,17.3001,2.5947
3379,彬台,2026-09-04,28.15,-0.35,-1.23,78772000,0,紅縮,否,,28.77,29.04,28.82,,-1.8089,4.6118,-3.5146
3388,崇越電,2026-09-04,90.5,2.5,2.84,696582000,0,紅縮,否,,90.04,88.56,80.48,,3.3992,12.0445,3.6312
3390,旭軟,2026-09-04,22.2,0.4,1.83,90850000,0,紅增,否,,22.04,21.95,22.57,,0.8696,-0.6114,-4.0799
3402,漢科,2026-09-04,121.5,1.5,1.25,169519000,0,綠縮,否,,121.2,122.15,126.65,,-1.5435,-0.1635,-4.8638
3430,奇鈦科,2026-09-04,105.5,0.0,0.0,149941000,0,紅縮,否,,109.7,112.95,111.95,,-5.5938,3.019,-4.7641
3434,哲固,2026-09-04,29.6,0.1,0.34,51942000,0,綠增,否,,29.66,30.07,29.93,,-2.6903,-0.6279,0.0418
3438,類比科,2026-09-04,64.5,-1.5,-2.27,163641000,0,紅縮,否,,64.42,61.11,58.18,,11.4533,8.9499,0.3709
3441,聯一光,2026-09-04,143.0,13.0,10.0,4835765000,0,紅增,否,,131.9,114.73,94.09,,35.1989,27.7759,20.6901
3444,利機,2026-09-04,83.7,2.7,3.33,620202000,0,紅縮,否,,83.34,81.84,76.31,,3.7341,11.5138,0.4343
3455,由田,2026-09-04,236.5,-2.5,-1.05,1907761000,0,紅縮,否,,247.4,240.0,211.53,,6.3629,18.8413,2.6322
3465,進泰電子,2026-09-04,29.05,-0.05,-0.17,23251000,0,綠縮,否,,29.17,29.34,29.77,,-1.1522,-1.3284,-2.8709
3466,德晉,2026-09-04,24.35,-0.35,-1.42,102723000,0,紅增,否,,24.67,24.73,26.08,,-0.5242,-1.5718,-6.4227
3467,台灣精材,2026-09-04,51.1,-0.7,-1.35,118595000,0,紅增,是,,49.51,47.8,48.0,,7.4203,5.078,-2.9667
3479,安勤,2026-09-04,127.0,5.0,4.1,407120000,0,綠縮,否,,125.9,128.5,135.43,,-3.9664,-3.7814,-2.8689
3483,力致,2026-09-04,80.0,1.8,2.3,480657000,0,紅增,否,,76.98,74.66,75.04,,6.4142,2.7101,-2.3933
3484,崧騰,2026-09-04,46.5,-0.4,-0.85,286507000,0,綠增,否,,48.8,49.65,48.78,,-3.3663,0.2322,-1.0647
3485,敘豐,2026-09-04,210.0,0.0,0.0,102698000,0,紅縮,否,,219.5,220.9,217.43,,-1.2596,5.795,-5.3336
3489,森寶,2026-09-04,22.85,0.1,0.44,36866000,0,綠增,否,,22.77,23.33,22.14,,-4.6882,-0.0,1.5365
3490,單井,2026-09-04,46.0,1.05,2.34,3016812000,0,紅縮,否,,47.55,46.36,37.01,,5.2457,26.7669,13.1026
3491,昇達科,2026-09-04,1505.0,100.0,7.12,2039684000,0,紅增,否,,1421.0,1365.5,1264.35,,8.4733,13.9151,3.3515
3492,長盛,2026-09-04,19.15,-0.1,-0.52,14201000,0,綠縮,否,,19.35,20.03,21.01,,-6.5669,-5.8298,-3.9099
3498,陽程,2026-09-04,194.0,2.0,1.04,3476438000,0,紅縮,否,,198.2,184.05,145.03,,16.6569,35.6201,15.3274
3499,環天科,2026-09-04,13.6,1.2,9.68,306569000,0,綠轉紅,是,,12.71,12.74,12.98,,-0.4699,-0.1176,-3.4944
3508,位速,2026-09-04,20.95,0.4,1.95,105686000,0,紅縮,否,,21.53,21.53,18.76,,0.0,14.5213,5.6917
3511,矽瑪,2026-09-04,19.7,0.05,0.25,60760000,0,紅增,否,,19.65,19.75,19.79,,-1.0076,1.1524,-4.535
3512,皇龍,2026-09-04,19.4,-0.25,-1.27,150045000,0,紅縮,是,,19.56,19.62,19.57,,-0.6098,-0.0509,-0.6471
3516,亞帝歐,2026-09-04,26.5,0.35,1.34,308067000,0,紅增,否,,26.18,25.88,25.71,,2.3056,2.1507,0.4298
3520,華盈,2026-09-04,17.6,0.3,1.73,116425000,0,綠縮,否,,17.48,17.8,17.63,,-3.5852,-1.1383,1.6141
3521,台鋼建設,2026-09-04,12.1,0.05,0.41,5375000,0,綠增,否,,12.19,12.19,12.21,,0.0,-0.1638,-0.8726
3522,御嵿,2026-09-04,11.85,0.05,0.42,26127000,0,綠轉紅,否,,11.69,11.67,12.03,,0.3433,-0.4691,-2.1549
3523,迎輝,2026-09-04,15.0,-0.1,-0.66,1338000,0,綠縮,否,,14.99,15.02,15.37,,-0.3987,-2.0541,-0.5823
3526,凡甲,2026-09-04,283.0,3.0,1.07,78383000,0,紅增,否,,282.1,283.25,291.73,,-0.8087,-2.0066,-2.0317
3527,聚積,2026-09-04,51.2,0.0,0.0,33465000,0,紅增,否,,51.32,51.32,52.44,,0.0,0.7954,-4.0262
3529,力旺,2026-09-04,2385.0,55.0,2.36,1188652000,0,紅增,否,,2389.0,2382.5,2419.0,,0.5471,-1.5292,-1.2955
3531,先益,2026-09-04,21.35,0.05,0.23,2000000,0,綠增,否,,21.51,21.56,21.87,,-0.4627,-0.2314,-1.5312
3537,堡達,2026-09-04,55.4,3.0,5.73,591693000,0,紅增,是,,54.4,54.94,53.73,,-1.9466,5.2591,-4.2244
3540,曜越,2026-09-04,23.65,0.45,1.94,263604000,0,紅縮,否,,24.06,23.24,21.95,,7.3149,9.9078,1.5264
3541,西柏,2026-09-04,21.65,0.1,0.46,5017000,0,紅縮,否,,21.69,21.87,21.55,,-1.588,2.3642,-0.2546
3546,宇峻,2026-09-04,71.5,0.2,0.28,57408000,0,紅增,否,,71.56,72.09,72.86,,-1.4597,-1.7981,-0.3011
3548,兆利,2026-09-04,83.2,2.2,2.72,146479000,0,紅縮,否,,82.94,79.42,76.37,,9.2754,7.6881,0.8518
3551,世禾,2026-09-04,182.0,6.0,3.41,278204000,0,紅增,否,,178.9,177.2,177.62,,1.9373,3.0233,-3.648
3552,同致,2026-09-04,43.0,0.05,0.12,49674000,0,綠增,否,,43.47,44.41,44.92,,-4.1667,-1.3986,-1.5936
3555,博士旺,2026-09-04,193.5,8.0,4.31,122909000,0,紅縮,否,,188.1,175.7,161.53,,15.1868,13.3548,4.2097
3556,禾瑞亞,2026-09-04,58.1,-3.3,-5.37,940190000,0,紅轉綠,是,,61.3,62.46,61.56,,-3.6467,2.0588,-3.4277
3558,神準,2026-09-04,119.5,1.0,0.84,47298000,0,綠增,否,,122.0,124.95,125.28,,-4.613,0.1603,-3.0754
3564,其陽,2026-09-04,50.2,-2.7,-5.1,1614346000,0,紅增,是,,48.13,47.1,46.4,,4.4715,5.1105,-2.1044
3567,逸昌,2026-09-04,25.5,-0.15,-0.58,26159000,0,紅增,否,,25.58,25.54,26.06,,0.3137,-0.1564,-2.9423
3570,大塚,2026-09-04,163.5,1.0,0.62,3449000,0,紅增,否,,163.0,163.15,163.43,,-0.1837,-0.0306,-0.1832
3577,泓格,2026-09-04,112.5,3.0,2.74,262999000,0,綠縮,否,,112.8,116.5,127.22,,-6.1564,-4.6645,-2.4535
3580,友威科,2026-09-04,88.1,2.6,3.04,305324000,0,紅增,否,,84.62,82.24,79.65,,5.9604,7.5454,-1.9209
3581,博磊,2026-09-04,111.5,4.5,4.21,299745000,0,紅增,否,,109.7,109.65,109.1,,0.0912,3.8352,-3.6645
3587,閎康,2026-09-04,255.0,5.5,2.2,319525000,0,紅增,否,,254.9,250.8,248.93,,3.3239,2.5767,-2.6876
3594,磐儀,2026-09-04,49.15,1.85,3.91,762322000,0,綠縮,否,,49.31,50.77,51.55,,-5.6087,-3.2857,-1.0652
3597,映興,2026-09-04,26.75,0.6,2.29,13210000,0,綠轉紅,否,,26.35,26.55,26.45,,-1.4953,0.8547,-0.4329
3609,三一東林,2026-09-04,18.75,0.75,4.17,184328000,0,綠縮,否,,18.46,20.81,23.07,,-20.2936,-11.6536,-9.3704
3611,鼎翰,2026-09-04,183.0,0.0,0.0,28930000,0,綠增,否,,183.7,185.8,185.32,,-2.2352,-0.2416,-1.9185
3615,安可,2026-09-04,36.5,0.75,2.1,319615000,0,紅增,否,,36.79,36.81,36.61,,-0.1086,4.4848,-5.4806
3623,富晶通,2026-09-04,23.9,-0.1,-0.42,75523000,0,紅增,是,,23.25,22.46,21.63,,7.2912,7.696,0.4062
3624,光頡,2026-09-04,93.2,8.4,9.91,9178333000,0,紅增,是,,88.94,88.09,83.59,,1.9486,13.6792,-9.1556
3625,西勝,2026-09-04,12.35,-0.7,-5.36,205714000,0,綠縮,否,,12.76,13.07,15.09,,-4.6338,-10.9673,-6.4186
3628,盈正,2026-09-04,69.3,0.8,1.17,48070000,0,紅增,否,,68.52,68.21,67.08,,0.9131,3.7257,-1.2586
3629,地心引力,2026-09-04,19.8,-0.05,-0.25,4000000,0,紅增,否,,18.89,16.34,15.05,,36.9833,20.8133,6.0409
3630,新鉅科,2026-09-04,28.4,1.35,4.99,4101804000,0,紅增,是,,26.81,26.18,25.97,,4.9726,0.9643,-0.3549
3631,晟楠,2026-09-04,38.5,1.25,3.36,144003000,0,紅縮,否,,39.36,38.76,35.59,,3.1447,10.3017,4.9694
3646,艾恩特,2026-09-04,23.85,0.05,0.21,7109000,0,紅增,否,,23.71,23.62,23.4,,0.7222,1.1128,0.3216
3663,鑫科,2026-09-04,62.1,1.7,2.81,418594000,0,紅增,否,,61.6,62.17,63.09,,-1.817,2.0519,-5.3701
3664,安瑞-KY,2026-09-04,8.19,-0.91,-10.0,64493000,0,紅增,否,,7.72,6.76,6.45,,33.092,13.9535,1.082
3666,光耀,2026-09-04,25.0,0.0,0.0,52111000,0,紅縮,是,,25.04,25.1,25.04,,-0.4769,-0.0398,-0.02
3672,康聯訊,2026-09-04,11.9,-0.1,-0.83,37053000,0,綠增,是,,12.2,12.29,12.59,,-1.5335,-1.8755,-2.2705
3675,德微,2026-09-04,282.0,5.0,1.81,896572000,0,紅增,否,,275.9,271.65,259.45,,3.1788,8.6166,-7.1237
3680,家登,2026-09-04,518.0,6.0,1.17,1089017000,0,紅縮,否,,510.7,487.25,463.62,,10.1121,11.601,0.6677
3684,榮昌,2026-09-04,54.3,0.2,0.37,35170000,0,紅縮,否,,53.9,53.82,52.06,,0.2977,4.3529,1.3727
3685,元創精密,2026-09-04,36.9,0.7,1.93,1017618000,0,綠增,是,,37.18,36.9,36.86,,1.5292,2.2586,1.4381
3687,歐買尬,2026-09-04,62.9,-0.3,-0.47,97696000,0,綠縮,是,,63.12,63.73,66.43,,-1.8962,-1.5905,-4.431
3689,湧德,2026-09-04,116.5,2.0,1.75,1010785000,0,紅增,否,,114.7,111.4,108.82,,6.1055,5.2632,-0.5029
3691,碩禾,2026-09-04,99.0,1.4,1.43,175710000,0,紅增,否,,100.52,103.19,107.23,,-5.0444,-2.6968,-7.0797
3693,營邦,2026-09-04,663.0,15.0,2.31,2128146000,0,紅增,否,,626.0,573.2,523.52,,20.2921,17.3148,7.0275
3707,漢磊,2026-09-04,62.0,1.5,2.48,2456087000,0,紅增,否,,61.98,62.52,61.35,,-1.7127,5.2437,-5.934
3709,鑫聯大投控,2026-09-04,65.7,0.8,1.23,356495000,0,綠縮,否,,66.18,67.61,70.29,,-4.1425,-4.5191,-3.6067
3710,連展投控,2026-09-04,5.07,0.03,0.6,255906000,0,紅增,否,,5.07,5.13,5.24,,-2.4634,0.1757,-3.2145
3713,新晶投控,2026-09-04,14.35,0.15,1.06,12012000,0,綠增,否,,14.56,14.66,14.57,,-1.355,0.0341,0.1203
3718,中光電投控,2026-09-04,75.5,-2.8,-3.58,4198236000,0,,,,,,,,,,
4102,永日,2026-09-04,19.2,0.0,0.0,17155000,0,綠縮,否,,19.2,19.15,19.38,,0.5236,0.2355,-1.5242
4105,東洋,2026-09-04,77.0,-0.3,-0.39,755967000,0,綠增,是,,77.54,77.64,77.16,,-0.2573,1.0938,-0.0389
4107,邦特,2026-09-04,113.0,0.0,0.0,31477000,0,綠縮,否,,113.4,113.8,114.75,,-0.7005,0.2643,-0.8853
4109,加捷生醫,2026-09-04,11.15,0.15,1.36,131693000,0,綠縮,否,,11.13,11.18,11.27,,-0.8021,-0.3567,-1.872
4111,濟生,2026-09-04,28.7,0.05,0.17,45469000,0,綠縮,否,,28.74,29.37,29.67,,-4.2,-1.9529,-1.1987
4113,聯上,2026-09-04,14.95,-0.15,-0.99,112121000,0,紅縮,否,,15.02,14.9,14.78,,1.6238,1.5678,0.2373
4114,健喬,2026-09-04,29.8,0.2,0.68,621246000,0,紅增,否,,29.76,30.04,29.68,,-1.8793,1.0256,-2.4082
4116,明基醫,2026-09-04,40.25,-0.2,-0.49,21252000,0,紅縮,否,,40.05,39.68,39.19,,1.8825,1.6393,1.155
4120,友華,2026-09-04,45.7,0.0,0.0,8227000,0,綠增,否,,46.71,47.47,47.01,,-3.1315,-1.1661,-0.4974
4121,優盛,2026-09-04,12.9,0.05,0.39,21450000,0,紅縮,否,,13.0,13.04,13.1,,-0.6116,0.4236,-0.5506
4123,晟德,2026-09-04,30.15,-0.4,-1.31,1853142000,0,綠縮,否,,31.01,32.21,35.22,,-7.2113,-10.2521,-4.8233
4126,太醫,2026-09-04,78.0,-0.1,-0.13,28108000,0,紅增,否,,77.74,77.6,77.03,,0.3615,1.1075,-0.6385
4127,天良,2026-09-04,61.3,-4.7,-7.12,1525164000,0,綠增,是,,71.04,78.89,78.05,,-18.1001,-4.4337,-2.2359
4128,中天,2026-09-04,14.65,0.1,0.69,773282000,0,紅轉綠,否,,14.83,14.96,14.82,,-1.723,2.4307,-2.7071
4129,聯合,2026-09-04,81.5,0.3,0.37,164038000,0,綠增,否,,82.6,84.89,85.91,,-5.2535,-0.7599,-2.6569
4131,浩泰,2026-09-04,30.95,0.2,0.65,5201000,0,綠縮,否,,31.07,31.45,32.81,,-2.3877,-3.9548,-1.249
4138,曜亞,2026-09-04,53.1,0.4,0.76,70245000,0,紅增,是,,52.16,51.64,51.3,,2.0344,1.2549,0.6178
4139,馬光-KY,2026-09-04,41.95,-0.2,-0.47,36209000,0,紅增,否,,41.22,38.84,38.84,,13.0244,5.1997,8.1442
4147,中裕,2026-09-04,63.6,0.4,0.63,426694000,0,紅縮,否,,63.28,63.96,61.04,,-2.104,4.6809,-1.0777
4153,鈺緯,2026-09-04,32.6,0.2,0.62,4278000,0,綠增,否,,32.55,32.84,32.17,,-1.7507,1.0306,1.1315
4157,太景*-KY,2026-09-04,8.75,0.0,0.0,442320000,0,紅縮,否,,8.89,8.94,8.66,,-1.1346,3.6766,0.1793
4160,訊聯基因,2026-09-04,39.4,-0.3,-0.76,16579000,0,紅轉綠,否,,39.65,39.75,39.79,,-0.5019,0.0378,-0.8225
4161,聿新科,2026-09-04,22.8,0.1,0.44,6989000,0,紅縮,否,,22.85,22.91,22.66,,-0.4791,1.1258,-0.1432
4162,智擎,2026-09-04,57.8,0.0,0.0,275833000,0,綠縮,否,,58.14,59.42,62.12,,-4.2175,-3.8978,-2.5951
4163,鐿鈦,2026-09-04,137.0,-2.0,-1.44,37062000,0,紅轉綠,否,,137.8,139.4,132.75,,-2.2695,3.6817,1.8803
4166,友霖,2026-09-04,25.2,0.45,1.82,64040000,0,綠轉紅,否,,24.77,24.43,24.91,,2.7801,-0.2653,-1.9965
4167,松瑞藥,2026-09-04,19.15,0.15,0.79,865151000,0,紅縮,否,,19.45,19.69,19.39,,-2.4084,5.2097,-1.8106
4168,醣聯,2026-09-04,22.1,-0.2,-0.9,149316000,0,紅縮,是,,22.36,22.52,22.71,,-1.4544,-0.1551,-2.3121
4171,瑞基,2026-09-04,16.8,0.0,0.0,68134000,0,綠縮,否,,17.01,17.07,17.59,,-0.7585,-0.2046,-0.4246
4173,久裕,2026-09-04,17.15,-0.1,-0.58,51506000,0,綠增,否,,17.31,17.37,17.56,,-0.6885,-0.8279,-0.9449
4174,浩鼎,2026-09-04,25.05,0.45,1.83,551357000,0,綠縮,是,,25.16,25.84,26.3,,-5.1282,-0.8822,-3.5835
4175,杏一,2026-09-04,51.8,0.2,0.39,16526000,0,紅增,否,,51.42,51.15,50.61,,1.0613,1.6292,0.4865
4183,福永生技,2026-09-04,14.2,0.2,1.43,2263000,0,綠縮,否,,14.08,14.32,14.28,,-3.2302,-0.9685,0.6521
4188,安克,2026-09-04,14.45,0.4,2.85,254856000,0,紅縮,否,,14.17,12.39,11.11,,33.4275,22.2507,9.5163
4192,杏國,2026-09-04,18.9,0.4,2.16,7367000,0,綠增,否,,19.13,19.24,19.25,,-1.137,-0.1298,-1.4841
4198,欣大健康,2026-09-04,48.5,1.7,3.63,10658000,0,紅增,否,,45.43,43.59,42.41,,8.8144,4.7962,1.8674
4205,中華食,2026-09-04,69.8,0.1,0.14,9334000,0,紅增,否,,69.7,69.63,69.8,,0.2013,0.2592,-1.091
4207,環泰,2026-09-04,20.5,0.15,0.74,55710000,0,綠增,否,,20.5,20.66,20.23,,-1.537,1.9492,0.7848
4303,信立,2026-09-04,34.7,-0.8,-2.25,853966000,0,綠增,否,,39.45,44.58,43.64,,-20.6397,-2.8441,-2.9253
4304,勝昱,2026-09-04,19.15,-0.45,-2.3,28818000,0,紅縮,否,,21.46,21.54,19.35,,-0.6941,13.3421,2.7475
4305,世坤,2026-09-04,43.9,0.5,1.15,1101000,0,紅縮,否,,43.84,42.99,42.9,,4.0342,2.2719,-0.0815
4401,東隆興,2026-09-04,14.2,0.1,0.71,78302000,0,綠縮,是,,14.06,14.07,14.25,,-0.0711,0.3568,-1.4525
4402,郡都開發,2026-09-04,14.85,0.0,0.0,14013000,0,綠縮,否,,14.86,15.01,15.59,,-1.9789,-3.9974,-1.8886
4413,飛寶企業,2026-09-04,19.7,-0.3,-1.5,15214000,0,紅縮,否,,19.84,19.39,16.87,,4.6966,16.4515,8.213
4416,三圓,2026-09-04,12.75,0.35,2.82,508305000,0,紅縮,否,,13.1,12.82,11.61,,4.5491,12.3138,5.596
4417,金洲,2026-09-04,47.1,0.1,0.21,37918000,0,紅縮,否,,47.03,47.14,45.26,,-0.4867,4.1303,0.858
4419,皇家美食,2026-09-04,48.35,1.6,3.42,1401000,0,紅增,否,,46.54,46.6,46.06,,-0.2572,1.2823,0.0217
4420,光明,2026-09-04,38.55,0.45,1.18,26735000,0,紅增,否,,37.96,37.31,36.16,,3.5461,4.4074,1.3099
4430,耀億,2026-09-04,17.7,0.05,0.28,39601000,0,紅轉綠,否,,17.7,17.93,17.52,,-2.5867,1.2991,1.1695
4432,銘旺實,2026-09-04,15.9,0.3,1.92,12358000,0,綠轉紅,否,,15.76,15.91,15.87,,-1.868,0.0629,-0.9671
4433,興采,2026-09-04,18.7,-0.1,-0.53,13320000,0,綠增,否,,18.89,19.13,19.36,,-2.4781,-1.4933,-1.8631
4442,竣邦-KY,2026-09-04,50.3,-0.1,-0.2,18070000,0,綠縮,否,,50.64,51.22,53.98,,-2.2394,-9.3772,0.6668
4502,健信,2026-09-04,15.7,0.05,0.32,13117000,0,綠轉紅,否,,15.67,15.68,15.7,,-0.1911,-0.0319,-0.0637
4503,金雨,2026-09-04,23.7,0.4,1.72,202129000,0,綠縮,否,,24.13,24.56,29.21,,-3.4414,-12.0816,-12.071
4506,崇友,2026-09-04,121.5,-0.5,-0.41,58249000,0,綠增,否,,122.2,122.5,122.17,,-0.4886,0.1226,-0.0205
4510,高鋒,2026-09-04,47.55,0.5,1.06,6519551000,0,紅增,是,,45.56,45.13,41.35,,1.9239,11.3771,2.5927
4513,福裕,2026-09-04,16.05,0.05,0.31,173996000,0,綠縮,否,,16.11,16.48,17.81,,-4.3349,-3.3724,-4.6568
4523,永彰,2026-09-04,23.7,-0.1,-0.42,83719000,0,紅縮,是,,23.86,24.24,24.35,,-3.0869,-2.2581,-1.1771
4527,方土霖,2026-09-04,40.8,0.2,0.49,19395000,0,紅縮,否,,40.78,40.89,40.08,,-0.5608,1.8302,0.9319
4528,江興鍛,2026-09-04,14.95,0.0,0.0,9914000,0,綠縮,否,,14.99,15.07,15.18,,-0.9908,-0.5939,-0.8494
4529,淳紳,2026-09-04,3.69,-0.09,-2.38,52322000,0,紅增,否,,3.69,3.59,3.92,,5.7339,-6.1715,-5.2778
4530,天意能創,2026-09-04,27.95,0.95,3.52,7412000,0,紅增,否,,27.54,27.04,26.1,,3.7679,5.4191,1.3099
4533,協易機,2026-09-04,25.7,0.1,0.39,377226000,0,紅縮,否,,25.97,26.24,25.67,,-2.0,4.0865,-2.219
4534,慶騰,2026-09-04,29.9,1.0,3.46,598478000,0,綠縮,否,,29.58,30.49,32.87,,-5.7962,-3.0216,-4.89
4535,至興,2026-09-04,27.7,0.2,0.73,8108000,0,綠增,否,,28.14,28.54,28.12,,-2.7643,0.4046,-0.2218
4538,大詠城,2026-09-04,17.75,0.05,0.28,11001000,0,紅增,否,,17.69,17.58,17.57,,1.2593,0.8606,-1.2504
4541,晟田,2026-09-04,61.2,-1.6,-2.55,1830162000,0,綠增,否,,64.36,66.95,66.7,,-7.449,1.9181,-1.1631
4542,科嶠,2026-09-04,283.5,4.5,1.61,484617000,0,紅增,否,,286.2,273.45,282.4,,9.7814,4.6298,-6.117
4543,萬在,2026-09-04,29.95,-0.25,-0.83,102536000,0,紅縮,否,,30.34,31.31,31.1,,-6.0099,0.0319,-2.949
4549,桓達,2026-09-04,102.5,2.0,1.99,51545000,0,紅縮,否,,101.9,100.45,96.25,,2.9293,6.8958,1.0234
4554,橙的,2026-09-04,29.3,0.1,0.34,20511000,0,綠增,否,,29.32,30.79,30.74,,-9.1135,-1.4878,-1.5136
4556,旭然,2026-09-04,72.9,6.6,9.95,220508000,0,綠縮,否,,70.42,76.18,91.14,,-14.0591,-9.0605,-9.7579
4558,寶緯,2026-09-04,17.4,0.1,0.58,5115000,0,紅縮,否,,17.45,17.48,17.16,,-0.2857,2.8849,-0.7519
4561,健椿,2026-09-04,43.5,0.8,1.87,199722000,0,紅縮,否,,43.47,44.55,40.37,,-4.7337,9.5402,2.7684
4563,百德,2026-09-04,43.85,0.25,0.57,198493000,0,紅縮,否,,43.48,41.56,40.26,,9.6872,7.1825,1.2829
4568,科際精密,2026-09-04,39.3,0.1,0.26,3114000,0,紅縮,否,,39.56,39.68,39.56,,-0.578,0.5703,-1.0753
4577,達航科技,2026-09-04,87.0,0.0,0.0,2143742000,0,紅縮,是,,85.14,80.67,75.49,,11.7323,10.1748,1.917
4580,捷流閥業,2026-09-04,82.8,0.2,0.24,81453000,0,紅縮,否,,82.9,80.87,80.92,,5.1497,1.3282,0.4344
4584,君帆,2026-09-04,38.7,0.0,0.0,1012000,0,紅縮,否,,39.18,39.14,39.39,,0.2046,-0.331,-0.3982
4609,唐鋒,2026-09-04,4.25,0.0,0.0,3000000,0,綠縮,否,,4.24,4.5,4.79,,-11.0738,-8.6965,-4.8012
4702,中美實,2026-09-04,9.39,-0.14,-1.47,227391000,0,紅縮,是,,9.59,9.62,9.55,,-0.7866,1.1031,-0.4845
4706,大恭,2026-09-04,35.6,3.2,9.88,310398000,0,綠轉紅,是,,33.08,33.04,32.8,,0.2424,0.395,0.8145
4707,磐亞,2026-09-04,30.1,-0.3,-0.99,2945530000,0,綠增,否,,31.87,32.51,31.61,,-3.8612,8.0785,-5.3443
4711,永純,2026-09-04,16.6,0.0,0.0,92240000,0,紅縮,是,,16.68,16.68,16.38,,0.06,2.8052,-0.2284
4714,永捷,2026-09-04,10.65,0.05,0.47,459380000,0,紅縮,否,,10.73,10.68,10.61,,0.9407,2.7121,-1.6676
4716,大立,2026-09-04,17.3,0.2,1.17,1070376000,0,綠轉紅,否,,17.24,17.23,17.34,,0.058,1.5616,-5.7345
4721,美琪瑪,2026-09-04,71.8,-0.1,-0.14,458078000,0,紅縮,否,,72.84,73.28,72.1,,-1.1937,3.2694,-2.2969
4726,永昕,2026-09-04,23.95,0.0,0.0,80450000,0,綠增,否,,24.15,24.41,24.5,,-2.1475,-0.6713,-1.0002
4728,雙美,2026-09-04,398.0,-5.0,-1.24,3122000,0,紅縮,否,,397.7,390.2,384.7,,3.9195,2.5089,1.2568
4729,熒茂,2026-09-04,19.0,0.0,0.0,36221000,0,紅增,否,,18.98,19.12,19.04,,-1.4026,0.4203,-1.8941
4735,豪展,2026-09-04,37.65,-0.1,-0.26,67565000,0,紅縮,否,,37.85,38.19,34.59,,-1.7649,10.0101,5.4171
4741,泓瀚,2026-09-04,40.35,-0.05,-0.12,71632000,0,紅縮,否,,41.32,41.79,42.91,,-2.2243,-0.6892,-4.8978
4743,合一,2026-09-04,44.65,-0.1,-0.22,1092147000,0,紅轉綠,否,,45.89,46.87,46.13,,-4.0961,2.8753,-3.022
4744,皇將,2026-09-04,27.35,-0.25,-0.91,100340000,0,綠縮,是,,27.41,27.84,28.98,,-3.0078,-2.5214,-1.8294
4745,合富-KY,2026-09-04,11.85,0.1,0.85,5429000,0,紅增,否,,11.81,11.89,12.15,,-1.419,2.3666,-4.311
4747,強生*,2026-09-04,24.85,0.0,0.0,63907000,0,綠增,否,,30.97,41.23,45.28,,-39.8641,-18.2413,-8.9396
4749,新應材,2026-09-04,776.0,17.0,2.24,1339302000,0,紅增,是,,776.2,774.5,770.6,,0.44,3.2391,-2.2329
4754,國碳科,2026-09-04,38.5,-0.15,-0.39,12364000,0,紅縮,否,,38.51,38.32,37.53,,0.9966,2.6933,1.1659
4760,勤凱,2026-09-04,264.0,6.0,2.33,434391000,0,紅縮,否,,262.8,259.8,246.35,,2.3364,8.6802,-3.1072
4767,誠泰科技,2026-09-04,29.5,0.75,2.61,30120000,0,紅增,是,,28.69,28.03,27.44,,4.8228,4.3559,1.2734
4768,晶呈科技,2026-09-04,306.0,15.5,5.34,452019000,0,紅增,是,,301.8,309.5,303.68,,-4.855,2.7386,-2.4807
4772,台特化,2026-09-04,248.0,1.0,0.4,516650000,0,紅縮,否,,254.6,255.05,244.07,,-0.3523,5.764,-1.0239
4806,桂田文創,2026-09-04,8.99,-0.11,-1.21,20305000,0,綠縮,是,,9.1,9.31,9.65,,-4.3725,-4.446,-2.5493
4903,聯光通,2026-09-04,36.95,-0.3,-0.81,1034458000,0,紅縮,否,,37.17,36.55,36.48,,3.4512,0.3983,-0.8155
4905,台聯電,2026-09-04,85.9,0.1,0.12,18916000,0,紅縮,否,,88.02,86.52,76.54,,3.5286,14.399,7.3041
4907,富宇,2026-09-04,47.2,-0.05,-0.11,27632000,0,紅縮,否,,47.21,47.13,44.55,,0.3187,4.605,3.7919
4908,前鼎,2026-09-04,224.5,20.0,9.78,1795882000,0,紅增,否,,207.7,181.05,160.53,,34.5207,23.1633,8.6831
4909,新復興,2026-09-04,36.9,-0.15,-0.4,322328000,0,紅縮,否,,37.93,38.21,37.77,,-1.4549,2.1248,-2.188
4911,德英,2026-09-04,29.85,0.0,0.0,6490000,0,綠轉紅,否,,29.65,29.23,30.61,,2.9514,0.6024,-3.1477
4923,力士,2026-09-04,51.5,1.1,2.18,141866000,0,紅縮,否,,51.88,51.82,47.95,,0.2318,10.361,-3.3757
4924,欣厚-KY,2026-09-04,11.95,1.05,9.63,438320000,0,紅增,是,,10.53,10.16,10.04,,7.6876,4.0352,-2.2446
4931,新盛力,2026-09-04,251.0,11.5,4.8,3676726000,0,紅縮,否,,249.2,258.1,228.4,,-6.6667,12.954,1.6693
4933,友輝,2026-09-04,54.0,-0.4,-0.74,37783000,0,紅縮,否,,54.36,54.43,55.02,,-0.2569,0.2579,-2.9889
4939,亞電,2026-09-04,87.9,6.4,7.85,3736298000,0,紅增,否,,83.42,73.37,67.2,,31.7435,25.5046,10.4001
4946,辣椒,2026-09-04,89.0,-1.1,-1.22,7541000,0,紅縮,否,,90.9,89.64,83.94,,2.8513,11.354,-1.922
4950,金耘國際,2026-09-04,16.0,-0.3,-1.84,26410000,0,紅縮,否,,16.06,16.04,15.97,,0.3123,0.8491,-0.3588
4951,精拓科,2026-09-04,80.0,1.8,2.3,145725000,0,紅增,否,,78.68,78.35,78.53,,0.8459,0.7717,-2.1188
4953,緯致,2026-09-04,120.0,1.0,0.84,178649000,0,綠增,否,,121.4,122.7,123.0,,-2.0968,-0.4462,-0.5458
4966,譜瑞-KY,2026-09-04,569.0,11.0,1.97,250015000,0,紅增,否,,568.4,569.3,577.55,,-0.3157,-0.5416,-2.7284
4971,IET-KY,2026-09-04,624.0,13.0,2.13,5019826000,0,紅縮,否,,623.6,579.6,489.1,,16.4302,24.4712,12.1789
4972,湯石照明,2026-09-04,16.6,-0.1,-0.6,22451000,0,紅縮,是,,16.69,16.65,16.64,,0.4212,0.5433,-0.2996
4973,廣穎,2026-09-04,149.5,3.0,2.05,738011000,0,紅縮,否,,151.1,154.2,146.35,,-3.9415,5.2201,-0.7965
4974,亞泰,2026-09-04,71.9,1.6,2.28,219483000,0,紅增,否,,70.22,69.78,68.66,,1.2691,2.2867,0.2922
4979,華星光,2026-09-04,629.0,57.0,9.97,19025771000,0,紅縮,是,,605.2,580.3,492.1,,8.9665,18.2837,11.1839
4991,環宇-KY,2026-09-04,497.0,12.5,2.58,1169499000,0,紅縮,否,,500.1,488.1,444.77,,5.041,11.1592,4.1445
4995,晶達,2026-09-04,50.1,-0.3,-0.6,28784000,0,紅縮,是,,49.93,49.67,48.58,,1.032,2.5072,2.2199
5009,榮剛,2026-09-04,33.2,-0.15,-0.45,1413333000,0,紅縮,否,,33.6,33.74,33.36,,-0.8264,1.7951,-0.2318
5011,久陽,2026-09-04,18.25,-0.2,-1.08,73203000,0,紅增,否,,18.18,18.02,18.38,,1.7917,1.6356,-4.6569
5013,強新,2026-09-04,29.0,0.8,2.84,48531000,0,紅增,是,,28.48,27.88,26.55,,4.3606,6.2286,1.6657
5014,建錩,2026-09-04,10.05,0.0,0.0,109668000,0,綠縮,否,,10.08,10.12,10.55,,-0.885,-3.6632,-2.269
5015,華祺,2026-09-04,22.05,0.0,0.0,17090000,0,紅縮,否,,21.93,21.86,21.62,,0.6425,1.4856,0.4531
5016,松和,2026-09-04,24.8,0.0,0.0,1045000,0,紅增,否,,24.64,24.62,24.32,,0.1219,1.5464,0.5893
5201,凱衛,2026-09-04,26.85,0.95,3.67,176676000,0,綠轉紅,是,,26.18,26.25,26.49,,-0.5697,-0.0381,-0.7772
5202,力新,2026-09-04,11.8,-0.05,-0.42,90476000,0,紅增,否,,11.92,12.0,12.19,,-1.4061,0.2924,-3.8454
5206,坤悅,2026-09-04,23.6,0.25,1.07,111248000,0,紅縮,否,,23.36,22.96,21.77,,3.5002,6.0249,1.315
5209,新鼎,2026-09-04,154.5,0.5,0.32,90080000,0,紅轉綠,否,,155.7,158.85,156.75,,-3.8889,-0.1885,-0.0638
5210,寶碩,2026-09-04,28.95,0.3,1.05,60394000,0,紅增,否,,28.84,28.75,28.8,,0.6281,0.9303,-1.3614
5211,蒙恬,2026-09-04,19.3,0.1,0.52,5405000,0,綠縮,否,,19.32,19.41,19.32,,-0.9739,0.2841,-2.4113
5212,凌網,2026-09-04,46.4,0.0,0.0,7404000,0,綠增,否,,46.53,46.73,46.93,,-0.8523,-0.2561,-0.6404
5213,亞昕,2026-09-04,20.9,0.0,0.0,88482000,0,紅縮,否,,21.04,21.14,21.42,,-0.9416,-0.7046,-1.3129
5220,萬達光電,2026-09-04,19.6,-0.05,-0.25,14231000,0,綠增,否,,19.8,19.9,20.22,,-0.9505,-0.9213,-1.1366
5223,安力-KY,2026-09-04,23.45,-0.05,-0.21,6231000,0,紅縮,否,,23.69,23.62,23.32,,0.5518,1.9858,-0.7661
5227,立凱-KY,2026-09-04,29.95,-0.25,-0.83,233759000,0,綠縮,否,,30.64,31.37,33.94,,-4.5185,-7.3412,-0.6587
5228,鈺鎧,2026-09-04,41.7,2.6,6.65,348573000,0,紅增,是,,40.65,41.3,40.67,,-3.0989,3.6907,-5.7907
5230,雷笛克光學,2026-09-04,17.7,-0.1,-0.56,103588000,0,紅增,否,,17.75,17.76,17.8,,-0.1125,0.9952,-2.9568
5245,智晶,2026-09-04,22.85,0.0,0.0,33819000,0,紅縮,否,,23.09,23.29,23.26,,-1.7029,0.67,-2.3922
5251,天鉞電,2026-09-04,26.05,0.0,0.0,39482000,0,紅增,否,,26.02,25.62,25.95,,3.1312,1.7673,-2.4525
5263,智崴,2026-09-04,103.0,4.7,4.78,748550000,0,紅增,是,,97.6,93.56,93.96,,9.0259,2.8471,-0.3606
5272,笙科,2026-09-04,16.9,0.0,0.0,70913000,0,紅增,否,,17.04,17.18,17.59,,-1.6166,-0.6649,-3.9716
5274,信驊,2026-09-04,17470.0,-380.0,-2.13,244941000,0,紅縮,否,,17113.0,16684.0,15641.75,,5.2784,8.0045,6.1375
5276,達輝-KY,2026-09-04,18.3,0.2,1.1,2268000,0,綠增,否,,18.53,18.95,19.0,,-4.2872,-1.1995,-1.0935
5278,尚凡*,2026-09-04,24.2,-0.1,-0.41,70036000,0,紅轉綠,是,,24.37,24.4,24.26,,-0.2864,0.8055,0.1238
5287,數字,2026-09-04,135.5,-0.5,-0.37,50736000,0,綠增,否,,139.8,147.0,146.72,,-9.3385,-1.9019,-1.6259
5289,宜鼎,2026-09-04,1360.0,15.0,1.12,1344855000,0,紅縮,否,,1417.0,1470.0,1394.0,,-6.9599,3.6671,-0.5351
5291,邑昇,2026-09-04,67.0,-1.7,-2.47,1574354000,0,紅縮,否,,67.44,62.04,56.39,,19.0678,18.544,6.2957
5299,杰力,2026-09-04,97.3,2.6,2.75,113983000,0,紅增,否,,97.16,98.5,97.85,,-2.6843,-1.8044,-3.0034
5301,寶得利,2026-09-04,5.22,-0.33,-5.95,31717000,0,紅縮,是,,5.57,5.46,5.7,,4.1916,-1.356,-2.482
5302,太欣,2026-09-04,10.3,0.1,0.98,566206000,0,綠轉紅,是,,10.3,10.46,10.48,,-3.1044,0.567,-5.0077
5309,系統電,2026-09-04,52.0,1.3,2.56,803535000,0,紅增,否,,52.18,52.87,52.31,,-2.5765,2.2729,-3.4338
5312,寶島科,2026-09-04,91.6,-0.3,-0.33,9263000,0,紅縮,否,,91.8,91.24,91.45,,1.2351,1.5018,0.7491
5314,世紀*,2026-09-04,32.0,1.0,3.23,3572364000,0,綠縮,否,,32.79,32.09,43.97,,4.46,-24.5828,-15.6726
5315,光聯,2026-09-04,18.75,0.0,0.0,276151000,0,紅縮,否,,18.95,19.04,19.12,,-0.9927,-0.3141,-1.2782
5321,美而快,2026-09-04,79.4,3.0,3.93,357685000,0,紅縮,否,,78.4,73.58,63.98,,14.0198,20.2288,8.6148
5324,士開,2026-09-04,12.25,-0.05,-0.41,73075000,0,紅縮,否,,12.29,12.28,12.17,,0.2447,0.8214,0.5579
5328,華容,2026-09-04,61.0,2.0,3.39,6404212000,0,綠縮,否,,61.36,62.68,62.57,,-4.125,-1.2913,-2.0354
5340,建榮,2026-09-04,79.2,0.1,0.13,1651776000,0,紅縮,否,,80.34,79.1,73.55,,3.1852,10.7068,0.5537
5344,立衛,2026-09-04,13.75,0.2,1.48,47810000,0,綠轉紅,是,,13.58,13.61,14.04,,-0.3668,-1.5913,-4.2136
5345,馥鴻,2026-09-04,21.9,0.2,0.92,3004000,0,紅增,否,,21.68,21.92,22.38,,-2.1661,-1.9239,-0.3561
5347,世界,2026-09-04,150.0,3.0,2.04,4829835000,0,紅增,否,,150.1,152.65,153.4,,-3.2861,0.8923,-4.02
5348,正能量智能,2026-09-04,16.65,-0.2,-1.19,3153000,0,紅轉綠,是,,16.67,16.64,16.62,,0.3612,0.4831,0.3321
5351,鈺創,2026-09-04,112.5,2.5,2.27,12273958000,0,紅縮,否,,114.9,118.85,102.13,,-6.4332,15.0087,5.1099
5353,台林,2026-09-04,28.0,0.05,0.18,29582000,0,紅增,否,,28.01,28.07,27.91,,-0.462,0.6272,-0.7203
5355,佳總,2026-09-04,5.95,-0.04,-0.67,65004000,0,紅縮,否,,5.93,5.91,5.82,,0.6449,3.9205,-0.8859
5356,協益,2026-09-04,26.05,0.15,0.58,19190000,0,紅縮,否,,26.05,25.95,25.26,,0.8127,3.3048,0.6576
5364,力麗店,2026-09-04,8.39,-0.03,-0.36,260116000,0,綠增,是,,8.44,8.54,8.6,,-2.3385,-1.4658,-0.9162
5381,光譜,2026-09-04,24.65,-0.4,-1.6,377733000,0,紅縮,否,,25.38,24.84,24.16,,4.4444,5.3659,-0.5966
5386,青雲,2026-09-04,258.5,-1.5,-0.58,894881000,0,紅縮,否,,262.0,255.7,251.4,,5.0521,4.3248,-10.2223
5392,能率,2026-09-04,42.95,-0.05,-0.12,1220575000,0,紅縮,否,,44.15,44.91,43.02,,-3.3071,4.3696,-0.7613
5398,慕康生醫,2026-09-04,14.2,-0.05,-0.35,21022000,0,紅增,否,,14.24,14.19,14.46,,0.7072,0.0705,-1.1618
5403,中菲,2026-09-04,93.8,0.5,0.54,31832000,0,綠縮,否,,93.5,92.91,93.4,,1.2782,0.389,-0.251
5410,國眾,2026-09-04,36.1,0.25,0.7,102556000,0,紅增,否,,36.08,36.02,35.9,,0.3616,1.6368,-2.8283
5425,台半,2026-09-04,92.9,1.7,1.86,10419919000,0,紅增,否,,91.94,89.65,85.84,,5.2427,10.0,-6.2165
5426,振發,2026-09-04,28.8,0.6,2.13,569186000,0,紅縮,否,,28.93,28.51,27.1,,3.0271,8.0144,0.3797
5432,新門,2026-09-04,155.0,2.0,1.31,136032000,0,紅縮,否,,149.9,146.0,129.39,,5.4891,18.4776,3.1078
5438,東友,2026-09-04,16.65,0.05,0.3,31499000,0,紅增,否,,16.73,16.84,17.04,,-1.3561,0.1784,-2.9893
5439,高技,2026-09-04,261.5,0.5,0.19,1642748000,0,紅縮,否,,261.7,252.35,240.57,,7.6955,11.5359,-4.1056
5443,均豪,2026-09-04,112.5,2.5,2.27,2233460000,0,紅增,否,,109.7,107.85,100.77,,3.4906,10.4681,1.2459
5450,南良,2026-09-04,14.75,0.15,1.03,87005000,0,綠縮,否,,14.7,14.88,15.28,,-2.3256,0.8817,-0.7469
5452,佶優,2026-09-04,27.1,0.35,1.31,273491000,0,紅縮,否,,27.24,27.14,26.46,,0.7024,4.2635,-2.488
5455,昇益,2026-09-04,30.0,-0.05,-0.17,8714000,0,紅縮,是,,30.04,29.47,28.61,,3.9806,3.2592,2.517
5457,宣德,2026-09-04,27.65,-0.05,-0.18,145643000,0,紅增,否,,27.68,27.49,28.24,,1.3548,-0.4526,-3.4371
5460,同協,2026-09-04,16.25,0.2,1.25,11041000,0,綠縮,否,,16.18,16.13,16.16,,0.5594,1.0332,-0.8896
5464,霖宏,2026-09-04,69.5,0.5,0.72,211774000,0,紅增,否,,69.2,69.68,70.48,,-1.3683,4.8135,-6.5248
5465,富驊,2026-09-04,24.3,-0.15,-0.61,75384000,0,紅縮,是,,24.47,24.33,23.07,,1.1575,6.5936,0.7754
5468,凱鈺,2026-09-04,24.7,0.25,1.02,79155000,0,綠增,否,,24.97,26.89,25.73,,-13.2986,0.7495,-1.9998
5474,聰泰,2026-09-04,149.0,3.0,2.05,114865000,0,紅縮,否,,149.5,153.1,148.57,,-4.5948,2.7517,-0.9005
5475,德宏,2026-09-04,190.0,7.5,4.11,5582619000,0,紅縮,否,,187.2,176.5,153.32,,12.9071,26.1165,0.508
5478,智冠,2026-09-04,98.0,0.0,0.0,65485000,0,綠增,否,,98.32,98.9,98.95,,-1.1661,-0.3526,-0.4377
5481,新華,2026-09-04,20.2,0.0,0.0,139035000,0,紅轉綠,否,,20.66,20.43,20.52,,2.2266,1.5656,-0.34
5483,中美晶,2026-09-04,183.5,7.5,4.26,10928185000,0,綠縮,否,,181.0,182.2,187.18,,-1.3086,4.6826,-6.9591
5487,通泰,2026-09-04,29.45,0.3,1.03,171509000,0,紅轉綠,是,,29.39,29.52,28.94,,-0.9103,1.3038,0.8889
5488,松普,2026-09-04,12.1,0.25,2.11,198620000,0,綠縮,否,,12.08,12.39,12.99,,-4.8819,-2.8997,-7.8723
5489,彩富,2026-09-04,41.4,0.3,0.73,45051000,0,綠轉紅,否,,41.39,41.62,42.54,,-1.0992,0.0361,-7.1179
5490,同亨,2026-09-04,26.5,-0.3,-1.12,538755000,0,綠增,否,,27.54,28.78,30.41,,-8.2612,-7.4449,-1.8399
5493,三聯,2026-09-04,84.4,0.3,0.36,65362000,0,紅縮,否,,83.82,81.48,79.65,,5.9136,5.4621,-0.4562
5498,凱崴,2026-09-04,53.4,0.5,0.95,1201176000,0,紅縮,否,,54.12,52.98,49.39,,4.3981,10.7094,-1.0369
5508,永信建,2026-09-04,55.1,0.9,1.66,351043000,0,紅增,是,,53.62,53.54,52.68,,0.2993,2.2536,-1.3945
5511,德昌,2026-09-04,69.3,-0.7,-1.0,149616000,0,綠增,否,,70.6,71.35,71.66,,-2.0804,-0.4048,0.4908
5512,力麒,2026-09-04,7.77,-0.02,-0.26,446473000,0,綠縮,否,,7.75,7.78,7.79,,-0.8188,0.3481,-0.5171
5514,三豐,2026-09-04,15.05,0.05,0.33,10307000,0,紅縮,否,,14.87,14.61,14.11,,3.6237,4.134,2.4505
5516,雙喜,2026-09-04,12.0,0.2,1.69,8000000,0,綠增,否,,11.86,12.04,11.5,,-2.946,2.1638,3.0704
5523,豐謙,2026-09-04,30.35,0.0,0.0,27640000,0,紅增,否,,30.35,30.35,30.35,,0.0,0.0494,-0.0165
5529,鉅陞,2026-09-04,24.4,0.5,2.09,221264000,0,紅增,是,,22.99,22.18,21.77,,7.5807,4.3519,1.765
5530,龍巖,2026-09-04,50.0,0.2,0.4,152742000,0,紅縮,否,,50.16,50.2,49.16,,-0.1394,2.5225,0.8048
5536,聖暉*,2026-09-04,853.0,36.0,4.41,552179000,0,綠縮,否,,845.8,869.0,968.75,,-5.2006,-6.5692,-8.4617
5543,桓鼎-KY,2026-09-04,28.1,-0.7,-2.43,10026000,0,紅增,否,,28.09,26.26,27.15,,14.9816,1.2531,-0.4401
5547,久舜,2026-09-04,19.65,0.0,0.0,7100000,0,紅縮,否,,19.76,19.84,19.89,,-0.8032,-0.4266,-0.4505
5548,安倉,2026-09-04,20.55,0.05,0.24,3235000,0,紅增,否,,20.48,20.54,20.74,,-0.5342,0.2686,-3.847
5601,台聯櫃,2026-09-04,30.35,-0.15,-0.49,6001000,0,紅增,否,,30.26,29.83,30.38,,2.9252,-0.4007,-1.8735
5603,陸海,2026-09-04,13.95,-0.05,-0.36,112094000,0,紅轉綠,否,,14.15,14.43,14.33,,-3.8069,0.1388,-0.6586
5604,中連,2026-09-04,31.35,0.4,1.29,7337000,0,紅增,否,,30.95,30.81,30.53,,0.9129,1.3154,0.1723
5609,中菲行,2026-09-04,78.0,0.2,0.26,47862000,0,綠增,否,,78.14,78.38,78.52,,-0.6105,-0.2291,-0.1843
5701,劍湖山,2026-09-04,4.24,-0.06,-1.4,52325000,0,綠轉紅,否,,4.29,4.23,4.39,,2.9285,-0.6814,-2.3129
5704,老爺知,2026-09-04,23.2,-0.2,-0.85,53553000,0,紅縮,否,,23.43,23.02,22.31,,3.6726,4.1167,2.0814
5864,致和證,2026-09-04,37.15,0.85,2.34,2170812000,0,紅增,否,,35.88,34.94,33.11,,5.5605,9.9449,-0.7866
5878,台名,2026-09-04,38.55,0.0,0.0,1214000,0,紅縮,否,,38.54,38.53,38.53,,0.0519,0.195,-0.1296
5902,德記,2026-09-04,34.4,0.0,0.0,3329000,0,紅縮,否,,34.56,34.69,34.42,,-0.7182,0.6383,0.5111
5903,全家,2026-09-04,185.0,0.5,0.27,7332000,0,綠縮,否,,185.1,185.25,186.65,,-0.1618,-0.6436,-0.4931
5904,寶雅*,2026-09-04,72.1,1.5,2.12,6688639000,0,綠縮,否,,72.9,75.23,333.02,,-6.0083,-75.7635,-32.6814
5905,南仁湖,2026-09-04,7.68,-0.02,-0.26,393435000,0,綠縮,否,,7.76,7.87,8.13,,-2.6342,-2.5155,-2.8081
6015,宏遠證,2026-09-04,16.8,0.4,2.44,2329208000,0,紅增,是,,16.33,16.16,15.95,,2.1263,3.756,-1.5434
6016,康和證,2026-09-04,22.4,1.0,4.67,6567322000,0,紅增,是,,21.12,20.39,21.22,,7.4262,3.7131,-5.1302
6020,大展證,2026-09-04,20.9,0.0,0.0,26000000,0,紅增,是,,20.83,20.79,21.03,,0.3855,0.0722,-1.3716
6021,美好證,2026-09-04,40.25,0.9,2.29,275463000,0,紅增,是,,39.29,38.35,36.67,,5.0535,8.1817,0.6727
6023,元大期,2026-09-04,86.4,0.3,0.35,368220000,0,紅增,否,,85.3,84.48,85.67,,1.9603,-0.8916,-4.7421
6026,福邦證,2026-09-04,15.15,0.1,0.66,952989000,0,紅縮,否,,15.02,14.86,14.46,,2.2464,4.3921,-0.0864
6028,公勝保經,2026-09-04,96.6,-1.0,-1.02,14512000,0,紅縮,否,,96.8,96.11,88.11,,1.4462,9.1415,5.2057
6101,寬魚國際,2026-09-04,37.95,0.25,0.66,253495000,0,紅縮,否,,37.94,37.7,37.1,,1.3084,3.7715,-1.3299
6103,合邦,2026-09-04,37.2,-3.8,-9.27,25553000,0,紅縮,否,,40.5,34.87,32.31,,38.5563,18.5078,7.5035
6104,創惟,2026-09-04,97.0,1.7,1.78,283197000,0,紅縮,否,,97.12,95.61,93.5,,3.2094,3.7773,-0.5478
6109,亞元,2026-09-04,10.95,0.05,0.46,85910000,0,綠縮,否,,10.9,10.93,11.22,,-0.6381,-1.7079,-3.8758
6111,光聚晶電,2026-09-04,37.85,0.45,1.2,177420000,0,紅增,否,,37.41,37.07,38.14,,1.8513,-0.1885,-2.2493
6113,亞矽,2026-09-04,23.15,0.25,1.09,113353000,0,紅縮,否,,23.06,23.4,22.86,,-2.9053,3.2649,-2.4741
6114,久威,2026-09-04,25.25,0.5,2.02,11000000,0,綠縮,否,,25.2,25.62,26.38,,-3.263,-1.6504,-3.5469
6118,建達,2026-09-04,15.2,0.05,0.33,202397000,0,紅增,是,,15.25,15.34,15.59,,-1.1666,-0.9364,-2.303
6121,新普,2026-09-04,397.0,2.5,0.63,276128000,0,紅縮,否,,400.4,401.95,385.5,,-0.7683,4.893,-0.0324
6122,擎邦,2026-09-04,51.3,-0.6,-1.16,886333000,0,紅增,是,,49.77,48.69,49.04,,4.5369,1.5115,-0.9843
6123,上奇,2026-09-04,43.6,-0.1,-0.23,23536000,0,紅縮,否,,43.57,43.44,42.88,,0.6236,1.5074,0.9239
6124,業強,2026-09-04,27.15,0.5,1.88,26964000,0,紅增,是,,26.83,26.99,26.58,,-1.215,2.3701,-1.4642
6125,廣運,2026-09-04,51.5,-0.4,-0.77,1170879000,0,紅縮,否,,51.5,52.26,50.31,,-2.8668,5.278,-1.968
6126,信音,2026-09-04,29.15,0.0,0.0,256046000,0,紅縮,否,,29.68,29.7,30.1,,-0.101,-0.6358,-2.9658
6127,九豪,2026-09-04,49.05,2.2,4.7,3122866000,0,紅增,否,,48.53,49.2,50.18,,-2.687,1.9372,-9.4019
6130,上亞科技,2026-09-04,26.1,-0.35,-1.32,102008000,0,綠增,否,,26.68,27.21,26.06,,-3.7865,4.6346,0.3369
6134,萬旭,2026-09-04,29.3,0.7,2.45,249260000,0,紅增,是,,28.8,28.44,27.25,,2.6006,6.538,-0.3018
6138,茂達,2026-09-04,286.5,6.5,2.32,225770000,0,紅增,否,,286.2,286.65,292.18,,-0.3135,2.047,-4.7514
6140,訊達,2026-09-04,16.7,0.15,0.91,61115000,0,紅縮,否,,16.84,16.9,16.94,,-0.7075,1.5015,-2.8805
6143,振曜,2026-09-04,87.5,-0.5,-0.57,348418000,0,綠縮,否,,88.36,89.1,90.57,,-1.6474,0.1912,-3.6387
6144,得利影,2026-09-04,13.3,0.1,0.76,3302000,0,綠縮,否,,13.26,13.54,13.57,,-4.0521,0.0739,-1.2373
6146,耕興,2026-09-04,182.5,-2.5,-1.35,602529000,0,紅轉綠,是,,189.8,191.35,190.95,,-1.6071,-0.0261,-0.9467
6147,頎邦,2026-09-04,182.5,-6.5,-3.44,63309646000,0,紅縮,是,,181.3,169.75,162.25,,14.6018,14.8512,-2.3767
6148,驊宏資,2026-09-04,28.65,0.9,3.24,164585000,0,紅增,是,,27.96,27.93,28.04,,0.251,1.4717,-2.7908
6150,撼訊,2026-09-04,60.6,0.1,0.17,168295000,0,紅縮,否,,61.02,60.81,58.69,,0.6931,4.4486,0.2391
6151,晉倫,2026-09-04,35.3,0.05,0.14,65422000,0,紅縮,否,,35.58,35.92,35.41,,-1.8753,2.3362,-1.8299
6154,順發,2026-09-04,14.05,-0.05,-0.35,8231000,0,紅縮,否,,14.02,13.98,13.78,,0.5739,1.7838,0.4738
6156,松上,2026-09-04,20.8,0.15,0.73,382129000,0,綠縮,否,,20.85,21.1,21.66,,-2.3419,0.2613,-6.2338
6158,禾昌,2026-09-04,17.4,0.1,0.58,44052000,0,紅增,否,,17.1,16.84,17.21,,3.0741,-0.1186,-2.286
6160,欣技,2026-09-04,14.75,0.0,0.0,46487000,0,紅縮,否,,14.98,14.97,14.8,,0.0668,3.1336,-1.497
6161,捷波,2026-09-04,51.6,-0.1,-0.19,98610000,0,紅增,否,,50.7,51.1,50.44,,-1.5534,1.4191,-1.0205
6163,華電網,2026-09-04,41.2,0.9,2.23,319417000,0,紅縮,否,,41.43,41.91,41.18,,-2.2416,3.024,-1.777
6167,久正,2026-09-04,10.2,-0.1,-0.97,348186000,0,紅縮,否,,10.37,10.47,10.51,,-1.8921,0.4317,-2.6627
6169,昱泉,2026-09-04,12.15,-0.2,-1.62,18651000,0,綠縮,是,,12.32,12.5,13.1,,-2.8391,-3.698,-3.8546
6170,統振,2026-09-04,48.45,0.45,0.94,127799000,0,紅增,否,,48.07,47.74,47.26,,1.3707,1.9321,0.4677
6171,大城地產,2026-09-04,26.2,0.35,1.35,46142000,0,紅增,否,,25.75,24.71,24.04,,8.8335,4.9045,2.3637
6173,信昌電,2026-09-04,260.5,19.5,8.09,18478287000,0,紅增,是,,245.4,227.65,195.55,,16.9128,25.9126,0.3721
6174,安碁,2026-09-04,43.4,0.85,2.0,310008000,0,紅增,否,,44.06,44.2,43.83,,-0.6539,4.8257,-7.1209
6175,立敦,2026-09-04,71.8,2.5,3.61,1262707000,0,綠轉紅,是,,71.6,73.59,76.55,,-5.2659,-0.095,-9.3815
6179,亞通,2026-09-04,29.6,0.4,1.37,2711309000,0,紅縮,否,,29.23,28.11,26.59,,8.2593,7.8236,2.1219
6180,橘子,2026-09-04,41.8,1.05,2.58,566575000,0,綠轉紅,是,,41.23,41.36,41.91,,-0.6506,-0.3373,-2.5972
6182,合晶,2026-09-04,111.0,6.5,6.22,36609244000,0,綠縮,否,,110.0,109.0,109.47,,1.8519,8.4793,-11.9809
6185,幃翔,2026-09-04,12.75,0.0,0.0,142740000,0,綠縮,否,,12.77,13.01,13.46,,-3.6226,-3.5939,-2.5701
6186,新潤,2026-09-04,31.3,-0.45,-1.42,1473956000,0,綠縮,是,,31.9,32.66,37.13,,-4.5767,-11.7996,-6.7897
6187,萬潤,2026-09-04,1305.0,5.0,0.38,2009478000,0,紅縮,否,,1318.0,1268.5,1123.2,,8.1214,16.1736,7.3856
6188,廣明,2026-09-04,66.6,1.0,1.52,342078000,0,紅增,否,,67.1,68.19,68.64,,-3.1467,-0.0293,-2.9343
6190,萬泰科,2026-09-04,68.0,0.7,1.04,2409051000,0,紅縮,否,,68.56,67.5,67.23,,3.1908,4.1506,-3.2105
6194,育富,2026-09-04,29.65,0.0,0.0,34430000,0,紅增,否,,29.66,29.62,29.73,,0.2705,0.2539,-1.1966
6195,詩肯,2026-09-04,27.75,-0.1,-0.36,44717000,0,紅轉綠,是,,27.87,27.96,27.53,,-0.6417,1.1577,1.5678
6198,瑞築,2026-09-04,19.75,-0.05,-0.25,6034000,0,紅增,否,,19.64,19.58,19.61,,0.6148,1.0059,-1.3332
6199,天品,2026-09-04,96.1,0.9,0.95,2687578000,0,綠縮,是,,94.66,95.75,97.25,,-2.2511,-1.1358,-2.1729
6203,海韻電,2026-09-04,60.7,0.4,0.66,22893000,0,綠轉紅,否,,60.42,60.37,62.42,,0.1658,-2.0921,-2.163
6204,艾華,2026-09-04,91.6,3.1,3.5,330835000,0,紅增,否,,88.38,86.59,79.12,,4.2217,12.4399,-0.709
6207,雷科,2026-09-04,111.0,7.0,6.73,9635604000,0,紅增,是,,106.7,105.9,107.31,,1.5224,4.5719,-6.7559
6208,日揚,2026-09-04,74.2,-2.3,-3.01,482946000,0,紅轉綠,是,,79.0,80.41,81.46,,-3.4466,-1.2041,-2.4898
6210,慶生,2026-09-04,17.75,-0.05,-0.28,5053000,0,紅增,否,,17.77,17.59,18.26,,2.0678,-2.764,-2.3666
6212,理銘,2026-09-04,31.7,0.75,2.42,3320000,0,紅增,否,,31.06,29.96,29.29,,7.623,4.1001,2.1982
6217,中探針,2026-09-04,188.5,-7.0,-3.58,8622537000,0,紅縮,否,,184.6,169.75,158.8,,19.1737,20.2621,-6.9168
6218,豪勉,2026-09-04,42.25,-0.35,-0.82,1306768000,0,紅縮,否,,42.1,39.67,36.44,,13.0505,14.4217,4.4123
6219,富旺,2026-09-04,12.6,0.2,1.61,269548000,0,綠縮,是,,12.3,12.27,12.61,,0.4902,-0.2844,-0.9039
6220,岳豐,2026-09-04,25.8,0.2,0.78,237671000,0,紅增,是,,25.79,25.8,26.36,,-0.0775,1.3952,-7.3231
6221,晉泰,2026-09-04,21.45,-0.05,-0.23,81842000,0,紅縮,否,,21.8,22.23,21.69,,-3.7952,2.2069,-0.0576
6222,立軒,2026-09-04,20.0,-0.05,-0.25,15000000,0,綠縮,是,,20.06,20.1,20.31,,-0.3477,-1.0342,-1.0476
6223,旺矽,2026-09-04,5155.0,110.0,2.18,555526000,0,綠增,否,,5300.0,5622.0,5642.25,,-10.8345,-1.4721,-4.4941
6227,茂綸,2026-09-04,113.5,0.5,0.44,248115000,0,綠增,否,,114.7,117.85,115.35,,-5.2066,-0.6324,-0.1515
6229,研通,2026-09-04,23.65,0.05,0.21,29445000,0,紅縮,否,,23.69,23.68,23.42,,0.1268,2.1575,-2.0491
6231,系微,2026-09-04,212.0,4.0,1.92,110558000,0,紅增,否,,213.7,215.35,217.75,,-1.5207,0.9611,-4.4642
6233,旺玖,2026-09-04,20.85,-0.1,-0.48,93419000,0,紅縮,否,,21.13,21.28,21.21,,-1.3999,2.6532,-3.2493
6234,高僑,2026-09-04,34.2,0.1,0.29,294760000,0,紅縮,是,,34.94,35.48,35.04,,-2.9714,2.4845,-4.6008
6237,驊訊,2026-09-04,35.2,0.0,0.0,180231000,0,紅縮,否,,35.27,34.72,34.26,,3.2494,4.218,-3.1654
6240,松崗,2026-09-04,25.2,-2.75,-9.84,536840000,0,紅縮,是,,25.92,23.43,20.87,,23.7232,19.5358,9.9579
6241,鑫永洋,2026-09-04,16.75,0.0,0.0,48300000,0,綠縮,否,,17.03,16.11,16.39,,12.1132,2.7423,2.7268
6242,立康,2026-09-04,34.0,0.2,0.59,1057000,0,綠轉紅,否,,33.88,33.98,34.67,,-0.616,-1.4213,-1.5195
6244,茂迪,2026-09-04,23.4,0.3,1.3,1464620000,0,紅縮,否,,23.69,24.2,24.09,,-4.1279,2.6293,-2.9418
6245,立端,2026-09-04,78.2,2.1,2.76,397199000,0,綠縮,否,,78.5,81.04,80.66,,-6.078,-0.4789,-0.4628
6246,臺龍,2026-09-04,12.8,0.05,0.39,20199000,0,紅增,否,,12.65,12.63,12.7,,0.3172,1.7318,-4.0959
6248,沛波,2026-09-04,16.95,0.0,0.0,59086000,0,綠增,否,,16.99,17.61,17.6,,-6.802,-1.2339,-1.304
6259,百徽,2026-09-04,30.15,1.2,4.15,414248000,0,綠縮,否,,29.8,30.26,30.82,,-2.9948,1.3566,-5.539
6261,久元,2026-09-04,78.4,-0.2,-0.25,528481000,0,紅縮,否,,79.76,78.94,79.36,,2.0993,3.2435,-2.8699
6263,普萊德,2026-09-04,169.5,-2.0,-1.17,136531000,0,紅縮,否,,168.6,165.55,158.12,,3.7538,6.5315,1.2324
6264,富裔,2026-09-04,6.01,0.0,0.0,27000000,0,紅轉綠,是,,6.03,6.04,6.04,,-0.0662,-0.0497,-0.2149
6265,方土昶,2026-09-04,54.2,0.1,0.18,2774033000,0,紅縮,否,,56.04,57.77,52.06,,-5.8151,9.6933,2.2687
6266,泰詠,2026-09-04,24.75,0.15,0.61,149468000,0,紅縮,是,,24.8,24.98,24.8,,-1.3917,1.1953,-0.7206
6270,倍微,2026-09-04,28.5,0.3,1.06,85424000,0,綠縮,否,,28.93,29.52,29.57,,-3.919,1.1825,-4.3816
6274,台燿,2026-09-04,1365.0,20.0,1.49,5868445000,0,紅縮,否,,1411.0,1485.5,1361.25,,-9.5513,7.1017,-0.5843
6275,元山,2026-09-04,48.15,3.1,6.88,1525197000,0,紅增,是,,45.9,45.06,44.06,,3.7992,4.6204,-0.8217
6276,安鈦克,2026-09-04,20.7,0.4,1.97,17901000,0,紅增,否,,20.46,19.99,20.1,,4.8156,1.3692,-1.6393
6279,胡連,2026-09-04,117.5,-0.5,-0.42,475003000,0,綠增,否,,123.3,125.65,121.28,,-3.6719,2.196,0.5597
6284,佳邦,2026-09-04,79.1,3.5,4.63,1072281000,0,紅增,否,,77.96,77.46,76.89,,1.2994,4.043,-4.4373
6290,良維,2026-09-04,270.0,24.5,9.98,6100525000,0,紅增,否,,254.1,236.25,230.57,,16.3462,11.465,-1.8621
6291,沛亨,2026-09-04,456.5,-1.5,-0.33,2767643000,0,紅增,是,,432.4,408.25,381.1,,12.5749,12.7451,0.2433
6292,迅德,2026-09-04,62.0,2.0,3.33,145549000,0,紅縮,否,,61.3,62.22,57.16,,-2.9142,6.4682,2.9077
6294,智基,2026-09-04,28.75,0.0,0.0,4810000,0,紅縮,否,,28.81,28.68,27.84,,0.9107,3.9507,1.0252
6411,晶焱,2026-09-04,80.2,1.2,1.52,244047000,0,紅增,否,,79.8,78.96,78.17,,2.1505,3.8811,-3.3626
6417,韋僑,2026-09-04,108.0,3.5,3.35,37217000,0,綠轉紅,否,,106.7,108.2,111.58,,-2.7347,-1.8594,-4.3711
6418,詠昇,2026-09-04,33.25,-0.3,-0.89,71661000,0,紅縮,否,,34.15,33.3,31.79,,5.2713,5.7992,1.7115
6419,京晨科,2026-09-04,155.5,9.5,6.51,240429000,0,紅縮,否,,152.8,156.8,144.3,,-4.9751,8.7002,1.8888
6423,億而得,2026-09-04,85.4,0.9,1.07,33220000,0,紅縮,否,,83.6,81.83,76.28,,4.4217,7.7703,1.8969
6425,易發,2026-09-04,62.8,1.3,2.11,234500000,0,紅縮,否,,63.1,60.54,58.23,,8.8306,9.3174,-1.3803
6432,今展科,2026-09-04,60.9,1.6,2.7,595521000,0,綠縮,否,,61.36,65.0,68.16,,-10.6061,-7.8145,-4.2027
6435,大中,2026-09-04,246.0,9.0,3.8,246805000,0,綠縮,否,,247.6,251.8,255.3,,-3.2813,2.8595,-8.4864
6441,廣錠,2026-09-04,21.0,0.05,0.24,28481000,0,紅縮,否,,21.18,21.57,21.08,,-3.5958,2.6892,-0.8468
6462,神盾,2026-09-04,101.5,3.2,3.26,505455000,0,紅增,否,,100.24,99.96,98.67,,0.5618,2.7549,-1.3497
6465,威潤,2026-09-04,46.0,0.0,0.0,70638000,0,紅增,否,,46.4,46.39,47.99,,0.0431,-0.5787,-5.7819
6469,大樹,2026-09-04,67.4,0.2,0.3,194935000,0,綠縮,否,,67.74,68.81,72.76,,-3.0624,-4.9323,-3.2704
6470,宇智,2026-09-04,41.8,0.05,0.12,21517000,0,綠轉紅,否,,41.76,41.83,43.5,,-0.3579,-1.8994,-3.4086
6474,華豫寧,2026-09-04,36.55,0.0,0.0,13173000,0,綠增,否,,37.08,38.09,37.66,,-5.1905,-0.2226,-0.3769
6482,弘煜科,2026-09-04,25.15,0.4,1.62,11145000,0,綠縮,否,,25.03,26.68,27.29,,-11.6172,-4.4592,-2.2831
6485,點序,2026-09-04,62.0,2.9,4.91,288452000,0,紅增,是,,60.74,61.27,61.27,,-1.7152,1.7605,-4.7197
6486,互動,2026-09-04,82.2,-0.9,-1.08,507626000,0,紅增,否,,80.04,77.02,76.38,,8.1622,3.6608,-0.5404
6488,環球晶,2026-09-04,981.0,54.0,5.83,8479505000,0,綠縮,否,,969.8,973.6,990.95,,-0.7776,6.8716,-9.0246
6492,生華科,2026-09-04,33.65,-0.15,-0.44,293698000,0,綠縮,否,,34.3,35.53,37.99,,-6.6921,-5.9804,-5.9704
6494,九齊,2026-09-04,56.0,1.0,1.82,125830000,0,紅增,否,,54.9,54.81,52.17,,0.3289,5.9642,-2.5404
6498,久禾光,2026-09-04,75.4,1.4,1.89,150158000,0,紅增,否,,75.04,75.21,75.67,,-0.451,2.132,-3.7402
6499,益安,2026-09-04,73.2,1.5,2.09,253929000,0,紅縮,否,,71.92,68.43,64.58,,10.7484,11.2864,1.3894
6506,雙邦,2026-09-04,18.2,-0.2,-1.09,92715000,0,紅縮,否,,18.06,17.75,17.47,,3.555,4.5655,-0.5692
6508,惠光,2026-09-04,25.75,-0.3,-1.15,18573000,0,綠增,否,,25.95,26.04,26.13,,-0.7269,0.5598,0.558
6509,聚和,2026-09-04,46.8,-0.15,-0.32,811123000,0,紅增,否,,46.26,46.53,46.15,,-1.175,2.4436,-2.6731
6510,精測,2026-09-04,3350.0,0.0,0.0,1251604000,0,紅增,否,,3188.0,2981.5,2791.0,,14.8829,12.0443,4.006
6512,啟發電,2026-09-04,20.2,0.0,0.0,5768000,0,紅轉綠,否,,20.4,20.31,20.16,,0.8403,1.3217,0.4233
6516,勤崴國際,2026-09-04,57.3,-0.7,-1.21,40406000,0,綠增,是,,57.94,58.39,58.15,,-1.5296,-0.4263,0.1033
6517,保勝光學,2026-09-04,69.2,2.4,3.59,674185000,0,紅增,否,,68.22,66.44,66.59,,5.5057,4.4818,-0.374
6523,達爾膚,2026-09-04,89.7,0.2,0.22,27700000,0,紅增,否,,89.66,89.78,89.91,,-0.267,-0.3441,-0.2386
6527,明達醫,2026-09-04,74.2,0.1,0.13,10038000,0,紅縮,否,,74.58,74.56,72.09,,0.0537,3.0546,1.0017
6530,創威,2026-09-04,98.2,3.2,3.37,2641069000,0,紅縮,否,,95.04,89.13,80.29,,14.2033,15.0807,5.6447
6532,瑞耘,2026-09-04,98.0,-1.8,-1.8,896024000,0,紅縮,否,,96.54,91.89,80.42,,10.6602,17.9438,7.0478
6535,順藥,2026-09-04,79.7,4.2,5.56,359743000,0,綠轉紅,否,,77.94,80.34,84.48,,-5.8013,-6.32,-5.2171
6538,倉和,2026-09-04,300.0,27.0,9.89,9563341000,0,紅增,是,,250.6,218.2,178.45,,34.8762,34.7329,18.1592
6542,隆中,2026-09-04,43.75,-1.25,-2.78,7000000,0,綠增,否,,44.17,44.52,46.02,,-1.5381,-3.6368,-0.1789
6546,正基,2026-09-04,62.5,0.4,0.64,227224000,0,紅縮,否,,62.7,63.26,60.66,,-1.7549,5.4333,-1.036
6547,高端疫苗,2026-09-04,61.5,-0.3,-0.49,3244370000,0,紅縮,否,,60.48,56.86,52.24,,13.5988,12.0836,7.0159
6548,長科*,2026-09-04,75.2,3.9,5.47,3553939000,0,紅增,是,,72.7,72.19,70.13,,1.423,4.2907,-2.6107
6556,勝品,2026-09-04,61.3,0.6,0.99,3000000,0,紅增,否,,61.2,60.39,62.46,,2.719,-2.3763,-2.6875
6560,欣普羅,2026-09-04,31.4,0.2,0.64,5631000,0,紅增,否,,31.16,31.59,32.03,,-2.6554,-0.8787,-4.2383
6561,是方,2026-09-04,322.0,-0.5,-0.16,31837000,0,紅縮,否,,322.8,323.15,324.45,,-0.2164,-0.6457,-0.1999
6568,宏觀,2026-09-04,137.0,3.5,2.62,83621000,0,紅增,否,,134.1,132.0,134.25,,3.2333,1.227,-3.2258
6569,醫揚,2026-09-04,91.8,0.8,0.88,27235000,0,綠縮,否,,91.44,92.48,95.84,,-2.2241,-2.6731,-2.671
6570,維田,2026-09-04,51.6,1.2,2.38,94696000,0,綠增,否,,51.72,53.15,52.19,,-5.24,-0.3095,0.7967
6574,霈方,2026-09-04,118.5,-1.0,-0.84,20419000,0,綠縮,否,,119.2,121.35,124.15,,-3.4818,-2.8812,-2.0513
6576,逸達,2026-09-04,80.0,-0.3,-0.37,166508000,0,紅縮,是,,80.26,79.97,80.28,,0.7279,0.6672,-0.5204
6577,勁豐,2026-09-04,80.3,0.4,0.5,26427000,0,綠縮,否,,80.1,80.2,80.58,,-0.2491,0.1749,0.6056
6578,達邦蛋白,2026-09-04,18.3,0.3,1.67,253476000,0,紅縮,是,,18.02,18.09,17.38,,-0.7709,2.2612,2.2052
6584,南俊國際,2026-09-04,634.0,5.0,0.79,579682000,0,紅縮,否,,636.4,609.0,554.6,,9.4223,17.4769,-0.6627
6588,東典光電,2026-09-04,108.5,5.5,5.34,1195949000,0,紅縮,否,,107.9,103.97,92.64,,7.8569,10.0561,8.9236
6590,普鴻,2026-09-04,66.0,0.5,0.76,25399000,0,紅增,是,,65.04,65.03,65.33,,0.0308,0.0924,-0.9552
6593,台灣銘板,2026-09-04,31.55,-0.2,-0.63,97467000,0,綠增,否,,31.85,32.12,32.52,,-1.6672,-0.8336,-1.5294
6596,寬宏藝術,2026-09-04,95.4,0.5,0.53,53190000,0,紅縮,否,,95.74,95.18,91.34,,1.1837,4.6739,1.5793
6597,立誠,2026-09-04,72.9,-0.1,-0.14,5000000,0,紅縮,否,,73.06,68.11,65.72,,15.6745,10.0501,2.7354
6603,富強鑫,2026-09-04,25.15,0.25,1.0,611411000,0,綠增,否,,25.49,26.36,25.77,,-6.4244,-1.2362,0.458
6609,瀧澤科,2026-09-04,39.9,-0.4,-0.99,107773000,0,紅縮,否,,40.08,39.65,38.77,,2.1928,4.0956,-1.1412
6612,奈米醫材,2026-09-04,70.6,-0.3,-0.42,22426000,0,綠增,否,,71.46,72.51,71.65,,-2.8548,0.4016,-0.5828
6613,朋億*,2026-09-04,258.5,1.5,0.58,221492000,0,綠縮,否,,260.3,259.6,277.45,,0.5407,-2.0932,-6.5589
6616,特昇-KY,2026-09-04,8.28,-0.01,-0.12,9000000,0,綠縮,否,,8.28,8.42,8.69,,-3.4531,-3.2947,-2.0737
6617,共信-KY,2026-09-04,123.0,9.5,8.37,1232666000,0,紅增,否,,118.9,112.05,100.64,,13.0228,19.0755,2.443
6620,漢達,2026-09-04,107.5,9.5,9.69,6839068000,0,紅增,是,,92.46,84.58,85.59,,20.5476,2.7454,-0.3144
6624,萬年清,2026-09-04,40.65,1.35,3.44,1840000,0,綠增,否,,40.92,41.08,41.04,,-0.7519,0.6864,-1.3105
6629,泰金-KY,2026-09-04,108.0,0.5,0.47,4009000,0,紅縮,否,,108.4,109.95,107.35,,-2.7803,2.184,0.421
6637,醫影,2026-09-04,55.9,-0.5,-0.89,16377000,0,綠增,否,,57.32,59.66,61.1,,-7.5484,-3.5876,-3.07
6640,均華,2026-09-04,1250.0,65.0,5.49,1223965000,0,紅增,否,,1149.0,1079.7,988.5,,13.7173,15.6491,4.9753
6642,富致,2026-09-04,83.3,3.0,3.74,264325000,0,紅增,否,,80.46,80.61,77.68,,-0.3715,3.9458,0.2452
6643,M31,2026-09-04,407.5,4.5,1.12,160551000,0,紅縮,否,,412.6,419.05,415.1,,-3.0317,1.7112,-0.9308
6649,台生材,2026-09-04,35.75,0.0,0.0,5434000,0,綠縮,否,,35.51,35.5,36.47,,0.0846,-2.4595,-2.5716
6651,全宇昕,2026-09-04,151.0,3.0,2.03,110216000,0,紅縮,否,,149.6,144.7,132.35,,7.01,11.8238,1.5733
6654,天正國際,2026-09-04,219.5,4.5,2.09,144922000,0,紅增,否,,201.5,186.0,177.22,,18.1818,13.1387,2.2206
6661,威健生技,2026-09-04,16.3,-0.2,-1.21,11111000,0,綠增,是,,17.0,17.04,17.39,,-0.4684,-1.3032,-1.3613
6662,樂斯科,2026-09-04,28.5,0.0,0.0,1229000,0,綠縮,否,,28.69,29.3,29.6,,-4.0789,-2.3659,-0.8044
6664,群翊,2026-09-04,355.5,-7.5,-2.07,752355000,0,紅縮,否,,358.4,355.6,350.95,,1.5873,3.7945,-1.1826
6667,信紘科,2026-09-04,239.5,21.5,9.86,879458000,0,綠轉紅,是,,222.1,222.3,227.6,,-0.1798,-0.6258,-3.221
6679,鈺太,2026-09-04,206.0,-2.5,-1.2,661890000,0,紅增,是,,205.1,203.75,210.62,,1.334,-0.948,-3.8681
6680,鑫創電子,2026-09-04,54.7,3.3,6.42,5228000,0,綠縮,否,,52.82,53.32,53.64,,-1.858,-2.683,1.5572
6683,雍智科技,2026-09-04,1360.0,-25.0,-1.81,1306121000,0,紅縮,是,,1333.0,1260.5,1182.8,,12.2054,13.856,-3.7435
6684,安格,2026-09-04,46.3,0.75,1.65,36193000,0,綠縮,否,,46.46,46.91,47.68,,-1.8796,-0.7407,-3.0451
6690,安碁資訊,2026-09-04,162.5,0.0,0.0,42976000,0,紅縮,否,,163.8,163.85,163.1,,-0.061,0.9861,0.0153
6692,進能服,2026-09-04,23.05,-0.4,-1.71,18300000,0,紅縮,是,,23.39,23.68,23.4,,-2.4604,1.0452,-1.2034
6693,廣閎科,2026-09-04,181.5,3.0,1.68,2058200000,0,紅增,是,,176.4,174.75,173.4,,1.9064,6.0055,-6.0926
6697,東捷資訊,2026-09-04,40.6,-0.65,-1.58,6083000,0,紅縮,否,,40.98,41.02,40.61,,-0.2191,1.5973,0.2036
6703,軒郁,2026-09-04,103.5,1.5,1.47,41084000,0,綠縮,否,,102.8,103.3,104.38,,-0.9634,-1.0536,-2.726
6708,天擎,2026-09-04,38.75,-0.05,-0.13,3015000,0,紅增,否,,38.08,38.13,38.16,,-0.2619,-0.4179,-0.7801
6712,長聖,2026-09-04,157.0,0.5,0.32,164256000,0,紅縮,否,,156.9,154.7,151.53,,2.8852,2.8249,-1.6071
6716,應廣,2026-09-04,117.0,-13.0,-10.0,2356218000,0,紅縮,是,,125.2,124.7,103.58,,0.8052,21.2327,8.0426
6720,久昌,2026-09-04,131.5,0.0,0.0,29572000,0,綠增,否,,132.8,135.0,135.62,,-3.207,-1.1713,-1.3278
6721,信實,2026-09-04,50.2,-1.0,-1.95,89354000,0,紅縮,是,,51.38,51.62,51.95,,-0.9256,-0.6352,-1.4138
6725,矽科宏晟,2026-09-04,225.0,6.0,2.74,90959000,0,綠縮,否,,224.2,228.4,251.03,,-3.6113,-4.2549,-7.652
6727,亞泰金屬,2026-09-04,541.0,-9.0,-1.64,2006486000,0,紅縮,否,,543.5,489.25,417.88,,24.9425,26.6339,5.6641
6728,上洋,2026-09-04,107.0,0.0,0.0,11485000,0,紅縮,否,,108.0,107.75,107.85,,0.4651,0.6539,-0.2774
6730,常廣,2026-09-04,32.8,-0.2,-0.61,9132000,0,綠增,否,,33.19,33.56,33.91,,-2.181,-1.1342,-2.8858
6732,昇佳電子,2026-09-04,149.5,1.0,0.67,95046000,0,綠縮,否,,150.1,151.75,161.1,,-2.1512,-0.817,-7.0532
6733,博晟生醫,2026-09-04,26.7,0.2,0.75,62588000,0,紅縮,否,,26.79,26.15,25.87,,5.0176,-0.7025,1.2922
6735,美達科技,2026-09-04,63.3,2.5,4.11,89841000,0,紅縮,否,,63.8,63.65,64.2,,0.4724,1.289,-4.4572
6739,竹陞科技,2026-09-04,1135.0,60.0,5.58,132438000,0,紅增,否,,1088.0,1039.7,1036.15,,9.7438,9.5805,-0.1686
6741,91APP*-KY,2026-09-04,60.0,0.4,0.67,120844000,0,紅增,否,,59.34,57.35,56.52,,7.1893,3.7071,0.4086
6751,智聯服務,2026-09-04,41.05,-0.65,-1.56,1014000,0,紅縮,否,,41.63,41.52,40.99,,0.5556,1.7026,0.0916
6752,叡揚,2026-09-04,96.3,-0.7,-0.72,8789000,0,綠增,否,,97.38,98.65,98.11,,-2.542,0.797,-0.4767
6761,穩得,2026-09-04,183.0,1.5,0.83,402190000,0,紅縮,否,,183.8,183.6,166.3,,0.2181,12.3279,1.6193
6763,綠界科技*,2026-09-04,41.25,0.45,1.1,165741000,0,紅增,否,,41.22,41.74,41.87,,-2.484,-0.2032,-1.6559
6785,昱展新藥,2026-09-04,91.9,1.2,1.32,27749000,0,綠縮,否,,92.34,95.97,99.9,,-7.2892,-2.4497,-5.2766
6788,華景電,2026-09-04,352.5,-2.5,-0.7,309732000,0,紅縮,否,,361.6,358.7,348.65,,1.6301,5.0366,-1.6433
6791,虎門科技,2026-09-04,99.9,0.4,0.4,1581000,0,紅增,否,,100.38,100.59,101.23,,-0.4167,0.1095,-1.4888
6803,崑鼎,2026-09-04,270.5,-0.5,-0.18,13799000,0,紅增,否,,270.0,269.85,270.27,,0.1112,-0.0926,-0.157
6804,明係,2026-09-04,18.2,-0.15,-0.82,46000000,0,綠增,否,,18.33,18.55,18.17,,-2.3442,-1.1194,3.3556
6811,宏碁資訊,2026-09-04,222.0,2.0,0.91,41710000,0,綠縮,否,,223.7,225.9,229.03,,-1.929,-0.3968,-0.1635
6821,聯寶,2026-09-04,42.4,1.0,2.42,95622000,0,紅增,否,,41.92,41.98,41.84,,-0.2854,2.3778,-4.1354
6823,濾能,2026-09-04,60.3,0.8,1.34,69202000,0,綠增,否,,60.9,61.86,62.35,,-3.0564,-2.2903,-2.0116
6829,千附精密,2026-09-04,243.5,12.0,5.18,637330000,0,紅增,否,,237.3,228.05,208.68,,8.4552,15.0896,0.639
6840,東研信超,2026-09-04,92.8,2.7,3.0,395354000,0,紅縮,否,,90.22,84.92,73.01,,13.3132,19.8589,10.1622
6841,長佳智能,2026-09-04,54.0,1.3,2.47,166689000,0,綠轉紅,否,,53.62,53.61,54.94,,0.0373,-0.7773,-4.3024
6843,進典,2026-09-04,38.0,0.0,0.0,13045000,0,綠增,否,,38.46,38.88,39.13,,-2.1125,-0.9933,-1.0807
6844,諾貝兒,2026-09-04,60.0,0.0,0.0,54050000,0,紅增,是,,60.14,60.37,60.76,,-0.7591,-0.2314,-0.9052
6846,綠茵,2026-09-04,58.1,-0.2,-0.34,5049000,0,紅增,否,,58.12,57.86,59.97,,0.9028,-2.0152,-2.3608
6855,數泓科,2026-09-04,120.5,3.5,2.99,1284000,0,紅增,否,,116.0,116.5,116.22,,-0.8547,0.735,-1.0009
6856,鑫傳,2026-09-04,42.05,-0.25,-0.59,3100000,0,綠縮,否,,42.1,42.98,43.5,,-3.9909,-3.4812,-1.3101
6859,伯特光,2026-09-04,115.0,3.0,2.68,29631000,0,紅增,否,,111.5,110.1,104.6,,2.5759,5.9877,-0.0716
6865,偉康科技,2026-09-04,25.55,0.45,1.79,12858000,0,紅增,否,,25.44,25.65,25.45,,-1.6241,0.5685,-1.9929
6870,騰雲,2026-09-04,290.0,2.0,0.69,54990000,0,紅增,否,,281.2,271.5,264.8,,7.4102,8.1673,-1.8532
6872,浩宇生醫,2026-09-04,18.55,1.65,9.76,381032000,0,紅增,是,,16.04,15.74,15.73,,3.8188,1.9424,-0.6161
6874,倍力,2026-09-04,69.8,-0.3,-0.43,56257000,0,綠增,否,,77.42,77.97,77.97,,-1.4009,0.3862,-1.5343
6875,國邑*,2026-09-04,33.1,0.1,0.3,209419000,0,紅增,是,,32.75,32.58,33.4,,1.0179,-0.4126,-2.5531
6877,鏵友益,2026-09-04,110.5,0.5,0.45,27703000,0,綠增,否,,112.7,116.3,118.1,,-6.005,-1.1475,-3.8078
6881,潤德,2026-09-04,214.0,-1.0,-0.47,2307000,0,紅縮,否,,216.6,209.2,206.15,,7.334,3.6413,-1.21
6884,海柏特,2026-09-04,29.45,0.0,0.0,5000000,0,綠縮,否,,29.79,30.49,31.21,,-4.5192,-2.1341,-2.362
6894,衛司特,2026-09-04,353.0,4.0,1.15,23853000,0,紅增,否,,347.5,339.9,332.8,,4.5742,3.5334,0.2259
6895,宏碩系統,2026-09-04,156.5,3.5,2.29,48943000,0,紅縮,否,,155.0,140.65,129.97,,22.7237,15.9522,4.7763
6899,創為精密,2026-09-04,50.0,0.3,0.6,4000000,0,紅增,否,,49.93,50.14,50.41,,-0.8539,-0.0,-1.8829
6903,巨漢,2026-09-04,312.5,7.0,2.29,227312000,0,紅增,否,,310.4,311.25,319.62,,-0.5447,1.7656,-5.2682
6907,雅特力-KY,2026-09-04,181.5,4.0,2.25,737771000,0,綠縮,否,,183.3,182.85,186.78,,0.4934,4.2177,-3.7986
6910,德鴻,2026-09-04,24.75,-0.05,-0.2,15015000,0,紅縮,否,,24.9,24.75,24.68,,1.2195,1.1029,-1.2305
6913,鴻呈,2026-09-04,151.0,2.0,1.34,838308000,0,紅縮,是,,151.1,147.3,135.93,,5.2962,9.8434,5.1441
6922,宸曜,2026-09-04,208.5,7.5,3.73,136319000,0,紅縮,否,,205.1,203.3,192.85,,1.7866,6.6352,4.0745
6925,意藍,2026-09-04,50.0,0.0,0.0,6090000,0,紅增,否,,50.38,51.01,52.3,,-2.44,-1.22,-3.0404
6929,佑全,2026-09-04,22.6,0.2,0.89,4026000,0,綠增,否,,22.97,23.14,22.96,,-1.4586,0.3469,0.2183
6945,圓祥生技,2026-09-04,95.6,-1.8,-1.85,74201000,0,紅縮,否,,97.42,99.96,97.65,,-4.9561,1.9064,-2.9999
6953,家碩,2026-09-04,238.5,1.0,0.42,16189000,0,紅縮,否,,239.5,231.9,222.57,,6.7766,7.7352,1.6208
6961,旅天下,2026-09-04,50.0,0.0,0.0,12936000,0,紅轉綠,否,,50.42,50.91,51.56,,-1.9066,-1.2607,-1.4807
6967,汎瑋材料,2026-09-04,69.2,-0.1,-0.14,42126000,0,綠增,否,,71.14,71.52,71.7,,-1.057,1.7354,-0.7955
6968,萬達寵物,2026-09-04,41.7,-0.05,-0.12,31044000,0,綠縮,否,,41.66,42.55,43.15,,-4.0755,-1.9475,-0.7362
6971,惠民實業,2026-09-04,26.1,0.05,0.19,13240000,0,紅增,否,,26.09,25.95,26.23,,1.124,0.5231,-0.9816
6982,大井泵浦,2026-09-04,47.35,-0.3,-0.63,12236000,0,紅縮,否,,47.77,47.96,48.43,,-0.7892,-0.0937,-1.8989
6983,華洋精機,2026-09-04,355.0,-3.0,-0.84,49193000,0,紅增,否,,340.9,319.05,315.82,,14.7039,7.2617,-0.4962
6986,和迅,2026-09-04,41.8,0.3,0.72,64000000,0,紅縮,否,否,42.2,42.7,43.52,51.93,-2.3148,-2.1203,-2.2901
6996,力領科技,2026-09-04,183.5,0.5,0.27,54336000,0,紅增,否,,181.9,179.9,176.6,,2.2485,2.6826,-0.4229
700022,華星光統一5C購01,2026-09-04,3.91,0.29,8.01,301000000,0,紅縮,是,,3.72,3.45,2.81,,16.9811,28.4438,12.605
700023,新應材統一5B購02,2026-09-04,0.05,0.01,25.0,28000000,0,紅縮,是,,0.1,0.12,0.13,,-24.2424,-6.4516,-19.6203
700024,新應材統一64購02,2026-09-04,0.23,0.01,4.55,2518000000,0,紅增,是,,0.23,0.24,0.25,,-8.0,-0.8264,-9.4033
700025,雙鴻統一5B購01,2026-09-04,1.13,0.4,54.79,778000000,0,紅增,是,,0.74,0.5,0.34,,178.7879,129.3578,40.7025
700028,雙鴻中信59購01,2026-09-04,1.63,0.26,18.98,50000000,0,,是,,1.16,1.0,,,36.643,20.3125,
700047,宏捷科凱基59購01,2026-09-04,0.01,-0.01,-50.0,752000000,0,紅增,是,,0.06,0.12,0.34,,-69.2308,-52.9644,-46.8069
700113,雙鴻元大5A購01,2026-09-04,2.8,0.52,22.81,10000000,0,紅增,否,,1.68,1.03,0.73,,336.9792,157.1072,32.9079
700155,中光電元大5A購02,2026-09-04,0.01,-0.01,-50.0,1000000,0,綠增,否,,0.07,0.12,0.19,,-61.3636,-42.1801,-9.9757
700173,雙鴻元大5A購02,2026-09-04,4.65,0.64,15.96,29000000,0,紅增,否,,3.34,2.02,1.75,,375.4986,170.0535,13.0336
700186,中光電統一6A購01,2026-09-04,0.14,-0.03,-17.65,35000000,0,綠增,否,,0.19,0.18,0.24,,14.2857,-7.6923,-9.8672
700190,昇達科統一65購01,2026-09-04,4.6,0.31,7.23,45000000,0,紅增,否,,4.24,4.03,3.88,,11.0063,13.1217,-1.3591
700192,朋程統一6A購01,2026-09-04,0.39,-0.01,-2.5,104000000,0,紅增,否,,0.4,0.41,0.43,,-2.9126,0.995,-16.4717
700194,長聖統一61購01,2026-09-04,0.19,-0.01,-5.0,3000000,0,綠縮,否,,0.2,0.21,0.26,,-3.8095,-14.876,-7.2727
700195,家登統一5A購01,2026-09-04,1.06,0.11,11.58,23000000,0,紅增,是,,0.99,0.76,1.02,,91.8919,-12.1951,-3.3681
700197,晶宏統一5A購01,2026-09-04,1.58,0.06,3.95,1000000,0,紅增,否,,1.25,0.93,0.9,,106.2914,21.232,12.0474
700201,萬潤統一6A購01,2026-09-04,3.46,-0.22,-5.98,15000000,0,紅縮,否,,3.57,3.34,2.92,,15.0129,19.1786,5.9645
700204,雙鴻統一5A購01,2026-09-04,1.47,0.54,58.06,97000000,0,紅增,否,,1.05,0.63,0.42,,388.785,221.4286,61.7934
700205,雙鴻統一61購01,2026-09-04,0.99,0.12,13.79,1407000000,0,紅增,是,,0.81,0.63,0.51,,79.9107,51.816,23.0863
700206,雙鴻統一61購02,2026-09-04,0.85,0.25,41.67,1293000000,0,紅增,是,,0.66,0.52,0.42,,77.0053,50.1449,21.408
700207,雙鴻統一6A購01,2026-09-04,1.15,0.27,30.68,396000000,0,紅增,否,,0.94,0.72,0.59,,87.251,45.6566,25.0529
700258,大綜統一6A購01,2026-09-04,0.55,0.02,3.77,87000000,0,綠縮,否,,0.54,0.57,0.61,,-7.483,-11.146,-9.6582
700261,宜鼎統一6A購01,2026-09-04,4.58,-0.14,-2.97,63000000,0,紅縮,是,,4.91,5.18,4.79,,-9.9083,5.456,-0.9931
700263,旺矽統一6A購01,2026-09-04,3.62,0.44,13.84,15000000,0,綠縮,否,,3.43,3.62,3.84,,-9.8739,-2.215,-6.2729
700267,建榮統一6A購01,2026-09-04,0.92,-0.03,-3.16,80000000,0,,否,,0.96,0.94,0.97,,2.7957,9.0173,
700270,創惟統一5A購01,2026-09-04,0.01,0.0,0.0,13000000,0,,否,,0.01,0.06,,,-87.931,,
700271,新鉅科統一6A購01,2026-09-04,0.28,0.03,12.0,303000000,0,,是,,0.26,0.26,0.34,,-1.5267,-22.619,
700275,雙鴻統一6A購02,2026-09-04,1.26,0.09,7.69,147000000,0,紅增,否,,1.11,0.92,0.77,,53.8674,43.5938,12.5818
700279,良維國票5C購01,2026-09-04,5.5,1.19,27.61,10000000,0,,,,,,,,,,
700345,立碁統一6A購01,2026-09-04,0.58,-0.04,-6.45,324000000,0,紅縮,是,,0.62,0.55,0.47,,30.6723,21.1921,9.8246
700346,良維統一6A購01,2026-09-04,1.38,0.07,5.34,1000000,0,,是,,1.27,1.49,1.7,,-26.021,-13.815,
700351,竑騰統一5A購01,2026-09-04,5.2,0.0,0.0,1000000,0,,否,,4.18,4.29,,,-4.8681,0.6808,
700353,新鉅科統一6A購02,2026-09-04,0.22,0.02,10.0,39000000,0,,否,,0.23,0.31,,,-42.9293,-17.2872,
700354,聖暉*統一6A購01,2026-09-04,0.41,0.01,2.5,300000000,0,綠縮,是,,0.42,0.45,0.62,,-13.9918,-22.069,-21.388
700357,聰泰統一6A購01,2026-09-04,0.26,0.01,4.0,2000000,0,紅縮,否,,0.28,0.29,0.3,,-6.6667,1.7544,-8.5106
700402,博智凱基59購01,2026-09-04,6.95,-0.7,-9.15,4000000,0,,是,,7.05,8.48,,,-28.9315,-10.1165,
700415,建榮統一6A購02,2026-09-04,0.69,-0.09,-11.54,50000000,0,紅縮,否,,0.74,0.67,0.68,,24.4966,11.8729,-11.3294
700417,聰泰統一6A購02,2026-09-04,0.32,0.01,3.23,2000000,0,紅縮,否,,0.33,0.35,0.35,,-10.7527,1.1494,-8.5865
700451,臺慶科國票5A購01,2026-09-04,1.67,0.3,21.9,1000000,0,,否,,2.04,3.22,,,-53.6608,,
700594,原相元大5A購01,2026-09-04,0.17,-0.13,-43.33,12000000,0,綠增,否,,0.34,0.43,0.7,,-33.0739,-41.4734,-17.5397
700595,華星光元大59購01,2026-09-04,5.9,-0.8,-11.94,4000000,0,,否,,5.54,5.02,,,23.0018,-8.2237,
700670,中光電統一6A購03,2026-09-04,0.14,-0.06,-30.0,153000000,0,綠增,否,,0.19,0.19,0.22,,2.1739,-7.0,-12.9225
700671,正德統一5A購01,2026-09-04,0.05,0.02,66.67,20000000,0,,否,,0.05,0.09,,,-63.6364,,
700673,信昌電統一6A購01,2026-09-04,5.45,0.4,7.92,5000000,0,紅增,否,,5.13,4.57,4.8,,27.8166,19.916,-5.1102
700675,高技統一5A購02,2026-09-04,0.04,-0.02,-33.33,20000000,0,綠縮,否,,0.06,0.1,0.24,,-58.8235,-54.2857,-33.882
700676,高技統一6A購01,2026-09-04,0.18,0.0,0.0,50000000,0,紅縮,是,,0.19,0.18,0.18,,8.1395,11.1801,-13.4146
700683,雍智統一6A購01,2026-09-04,4.5,0.33,7.91,10000000,0,綠縮,是,,3.81,4.07,5.21,,-11.8354,-26.5741,-5.1803
700684,雍智統一6A購02,2026-09-04,4.28,-0.42,-8.94,2000000,0,紅縮,否,,4.25,3.99,3.72,,13.956,16.9601,-10.7593
700687,緯軟統一6A購01,2026-09-04,0.4,-0.01,-2.44,1000000,0,綠增,否,,0.41,0.43,0.44,,-7.2398,-3.6199,-4.3908
700688,營邦統一6A購01,2026-09-04,2.73,0.1,3.8,12000000,0,紅增,否,,2.51,2.29,2.08,,20.9257,20.8971,4.0689
700706,中光電統一5A購01,2026-09-04,0.01,0.0,0.0,40000000,0,,否,,0.05,0.1,0.15,,-62.8571,-54.067,
700709,神盾統一5C購02,2026-09-04,0.15,0.05,50.0,1000000,0,紅增,否,,0.17,0.14,0.19,,53.5714,-15.4762,-13.7168
700711,華星光統一6A購01,2026-09-04,4.22,0.08,1.93,116000000,0,紅增,是,,4.0,3.92,3.66,,4.3297,4.3698,3.2172
700712,聖暉*統一6A購02,2026-09-04,0.34,-0.01,-2.86,517000000,0,綠縮,是,,0.36,0.38,0.46,,-10.5528,-13.1336,-15.2574
700746,雙鴻中信5A購02,2026-09-04,0.6,0.25,71.43,29000000,0,,是,,0.28,0.26,,,21.3675,,
700757,竑騰統一5C購01,2026-09-04,4.27,0.11,2.64,1000000,0,紅增,否,,4.2,4.0,4.1,,10.363,0.9594,0.0855
700827,信立永豐5A購01,2026-09-04,0.01,-0.02,-66.67,3000000,0,,否,,0.04,0.06,,,-47.3684,-12.1212,
700843,世界統一5C購01,2026-09-04,0.73,0.04,5.8,17000000,0,綠轉紅,是,,0.68,0.65,0.75,,8.9744,-11.0505,-13.6364
700898,力旺統一5A購01,2026-09-04,0.05,-0.02,-28.57,83000000,0,紅增,否,,0.07,0.08,0.13,,-27.6596,-41.7266,-36.0
700899,力旺統一6A購01,2026-09-04,0.47,0.04,9.3,290000000,0,紅增,否,,0.48,0.47,0.49,,5.2863,-3.3195,-4.4574
700901,尼克森統一5C購01,2026-09-04,0.28,0.0,0.0,40000000,0,綠增,是,,0.54,0.85,0.99,,-53.9519,-28.6913,-6.6288
700904,波若威統一6A購01,2026-09-04,4.85,0.5,11.49,121000000,0,紅增,否,,4.58,4.32,3.73,,12.8079,19.1395,7.5194
700938,中美晶兆豐5A購01,2026-09-04,2.72,0.32,13.33,23000000,0,綠縮,否,,2.67,3.24,3.78,,-29.5574,-27.0246,0.5183
700955,撼訊元大5A購01,2026-09-04,0.02,-0.03,-60.0,30000000,0,,是,,0.08,0.12,,,-50.6024,-47.4576,
701010,雙鴻元富5A購01,2026-09-04,1.51,0.5,49.5,30000000,0,,是,,0.89,,,,,,
701037,威剛永豐5C購01,2026-09-04,5.55,-0.05,-0.89,250000000,0,,是,,5.27,5.41,,,-4.9062,,
701097,營邦元大5A購01,2026-09-04,1.83,-0.1,-5.18,12000000,0,紅增,否,,1.67,1.24,1.01,,106.6998,56.4557,15.1256
701200,雙鴻元大5A購03,2026-09-04,0.57,0.09,18.75,39000000,0,,是,,0.45,0.48,,,-11.4173,,
701227,雙鴻元大5A購04,2026-09-04,0.6,0.08,15.38,30000000,0,,是,,0.49,0.49,,,0.4098,,
701279,雙鴻國票5B購01,2026-09-04,1.0,0.43,75.44,1667000000,0,紅增,否,,0.67,0.41,0.27,,374.6479,209.0909,87.8049
701294,新應材元大5B購01,2026-09-04,0.1,0.05,100.0,3000000,0,,否,,0.17,0.5,0.67,,-79.5181,-33.687,
701311,雙鴻群益5B購01,2026-09-04,0.9,0.36,66.67,15000000,0,紅增,否,,0.6,0.37,0.35,,338.2353,91.623,4.8889
701374,台燿元大5B購01,2026-09-04,6.9,-0.5,-6.76,14000000,0,,是,,8.25,8.42,,,-3.891,,
701381,新應材元大5B購02,2026-09-04,0.07,-0.03,-30.0,2000000,0,,否,,0.5,0.7,,,-43.75,,
701434,良維統一6B購01,2026-09-04,0.79,0.08,11.27,267000000,0,紅增,否,,0.73,0.65,0.65,,28.5211,14.8673,-11.6689
701438,威剛統一6B購01,2026-09-04,2.05,-0.02,-0.97,77000000,0,紅縮,否,,2.16,2.19,2.1,,-3.2316,1.2471,-0.7087
701440,華星光統一5B購04,2026-09-04,5.0,0.28,5.93,1000000,0,紅縮,否,,5.02,4.34,3.21,,37.1585,50.225,17.741
701442,雙鴻統一6B購01,2026-09-04,0.61,0.11,22.0,1934000000,0,紅增,是,,0.52,0.46,0.39,,33.3333,18.4896,15.6891
701460,神盾凱基5B購01,2026-09-04,0.16,0.03,23.08,1000000,0,綠縮,否,,0.19,0.22,0.35,,-22.4,-30.625,-23.4783
701472,雙鴻統一61購03,2026-09-04,0.8,0.38,90.48,35000000,0,紅增,否,,0.45,0.32,0.27,,155.0562,81.6092,19.2982
701474,穩懋統一6B購01,2026-09-04,4.27,0.0,0.0,1000000,0,,是,,3.99,3.53,3.97,,30.307,6.9782,-9.5759
701500,雙鴻中信5B購01,2026-09-04,0.35,0.11,45.83,1000000,0,綠轉紅,是,,0.28,0.28,0.3,,1.4388,-5.7239,-0.9917
701524,雙鴻群益5A購02,2026-09-04,0.79,0.25,46.3,7000000,0,,否,,0.52,0.34,0.37,,230.3797,55.9633,
701592,竹陞統一6B購01,2026-09-04,1.06,0.05,4.95,14000000,0,紅增,否,,1.03,0.99,1.01,,8.1761,10.4561,-3.7249
701593,竹陞統一6B購02,2026-09-04,0.97,0.05,5.43,7000000,0,紅增,否,,0.93,0.9,0.94,,8.1395,6.4209,-5.3401
701595,雙鴻統一59購03,2026-09-04,0.48,0.16,50.0,833000000,0,紅增,否,,0.29,0.17,0.13,,508.3333,246.9388,23.9234
701623,元太統一5B購01,2026-09-04,0.05,-0.02,-28.57,50000000,0,綠縮,否,,0.09,0.14,0.25,,-51.5464,-44.8276,-25.0737
701625,竹陞統一6B購03,2026-09-04,0.8,-0.09,-10.11,64000000,0,紅縮,否,,0.94,0.82,0.91,,35.3448,-4.7674,-6.5049
701653,威剛元大59購02,2026-09-04,2.16,-0.02,-0.92,4000000,0,,是,,2.71,2.94,3.08,,-14.9057,-5.4306,
701655,雙鴻元大59購01,2026-09-04,0.85,0.15,21.43,89000000,0,,是,,0.48,0.55,,,-24.4444,,
701658,信昌電統一5C購02,2026-09-04,4.2,0.4,10.53,7000000,0,綠縮,否,,3.52,3.14,4.21,,27.5762,-24.8142,-9.2916
701667,雙鴻群益5B購02,2026-09-04,0.99,0.33,50.0,77000000,0,,否,,0.68,0.42,,,353.3333,78.1116,
701707,威剛凱基59購02,2026-09-04,2.49,-0.21,-7.78,13000000,0,,否,,3.42,3.45,3.94,,-2.0642,-12.5412,
701804,巨有統一6B購01,2026-09-04,0.39,-0.01,-2.5,6000000,0,紅縮,否,,0.41,0.4,0.4,,6.1538,7.2,-12.0176
701806,濱川統一6B購01,2026-09-04,0.29,0.02,7.41,2000000,0,紅增,否,,0.29,0.27,0.29,,13.4921,-3.2374,-5.7283
701853,巨有統一6B購02,2026-09-04,0.54,0.01,1.89,5000000,0,紅縮,否,,0.57,0.55,0.53,,6.391,9.3625,-9.923
701908,信立凱基5B購01,2026-09-04,0.07,0.01,16.67,118000000,0,,否,,0.08,0.12,0.13,,-50.0,-19.863,
702161,精測中信5A購01,2026-09-04,4.0,-0.13,-3.15,1000000,0,紅增,是,,3.45,2.81,2.58,,59.1328,47.8421,-6.5832
702281,精測元大5C購01,2026-09-04,2.14,0.12,5.94,2000000,0,紅增,是,,1.77,1.82,1.51,,-5.2519,24.1969,-20.9205
702331,昇達科群益5C購01,2026-09-04,17.2,1.3,8.18,7000000,0,,是,,14.0,11.62,12.43,,51.3514,5.2512,
702373,光焱永豐5C購01,2026-09-04,0.8,-0.09,-10.11,10000000,0,,是,,0.73,0.87,,,-27.1457,-25.4091,
702415,雍智元大5C購01,2026-09-04,7.2,-0.7,-8.86,2000000,0,,是,,6.13,8.29,,,-41.434,-14.9436,
702550,高技元大59購02,2026-09-04,0.05,0.0,0.0,25000000,0,,是,,0.33,0.63,,,-64.9462,-46.9595,
702560,昇達科中信5C購01,2026-09-04,4.8,0.68,16.5,30000000,0,紅增,否,,4.33,4.29,4.04,,2.1226,6.9913,2.3023
702576,富喬凱基5A購01,2026-09-04,1.78,-0.13,-6.81,138000000,0,,否,,2.21,2.19,,,2.595,,
702577,順達凱基59購01,2026-09-04,3.0,0.35,13.21,3000000,0,,是,,2.48,,,,,,
702592,富喬國票5C購01,2026-09-04,2.78,-0.22,-7.33,176000000,0,紅縮,否,,3.12,2.55,1.74,,56.5829,79.9154,22.1286
702593,富喬國票62購01,2026-09-04,2.81,-0.01,-0.35,154000000,0,紅縮,否,,3.01,2.5,1.71,,50.9529,84.3773,18.0436
702639,IET中信5C購01,2026-09-04,9.75,-0.2,-2.01,18000000,0,紅縮,否,,8.96,7.58,5.81,,44.7496,46.1791,26.6151
702641,富喬中信5C購01,2026-09-04,0.5,-0.16,-24.24,41000000,0,紅縮,否,,0.65,0.61,0.47,,13.6842,51.8703,-1.7617
702645,旺矽永豐59購01,2026-09-04,13.6,0.8,6.25,1000000,0,,否,,15.28,17.94,22.28,,-25.8252,-26.5657,
702752,台特化統一6C購01,2026-09-04,0.32,0.12,60.0,1000000,0,紅增,否,,0.27,0.26,0.26,,3.876,16.8889,-9.0909
702753,精測統一66購01,2026-09-04,1.21,0.0,0.0,47000000,0,紅增,否,,1.11,1.01,1.0,,22.4176,18.6401,-7.8017
702776,新應材永豐5C購01,2026-09-04,1.32,0.01,0.76,1000000,0,綠縮,否,,1.33,1.61,1.95,,-29.661,-16.25,-12.9696
702786,威剛中信5C購01,2026-09-04,3.48,-1.02,-22.67,10000000,0,,否,,3.93,,,,,,
702811,聖暉*元大5A購01,2026-09-04,0.3,-0.04,-11.76,159000000,0,綠縮,是,,0.37,0.58,1.12,,-52.8967,-47.9037,-18.315
702829,勤凱統一6C購01,2026-09-04,0.94,-0.05,-5.05,25000000,0,紅增,否,,0.98,0.93,1.03,,9.6629,5.6625,-17.6494
702833,高技元富5C購02,2026-09-04,0.23,-0.13,-36.11,16000000,0,綠轉紅,否,,0.33,0.36,1.0,,-15.3846,-61.3734,-27.4909
702884,家登元大5C購01,2026-09-04,1.47,-0.21,-12.5,2000000,0,,否,,1.7,1.8,,,-10.5263,-5.6109,
702885,高技元大5A購02,2026-09-04,0.3,-0.04,-11.76,27000000,0,,否,,0.36,0.36,1.09,,-1.6393,-60.8836,
702886,高技元大5B購01,2026-09-04,0.26,-0.04,-13.33,400000000,0,綠轉紅,是,,0.3,0.3,0.63,,2.0408,-46.0,-23.6111
702888,穩懋元大59購05,2026-09-04,4.6,-0.5,-9.8,3000000,0,,否,,5.05,,,,,,
702990,華景電元富5C購01,2026-09-04,1.63,-0.07,-4.12,31000000,0,綠轉紅,否,,1.83,1.88,2.37,,-5.3886,-5.5807,-21.5715
703002,新應材永豐5C購03,2026-09-04,0.72,0.09,14.29,42000000,0,,是,,0.73,0.83,,,-21.5517,,
703004,鑫科永豐5C購01,2026-09-04,1.24,0.03,2.48,20000000,0,,是,,1.3,,,,,,
703045,雙鴻中信5C購02,2026-09-04,2.16,0.59,37.58,21000000,0,紅增,否,,1.66,1.22,0.98,,115.285,62.7005,20.4797
703075,台特化元大5A購01,2026-09-04,0.03,-0.01,-25.0,52000000,0,紅縮,否,,0.05,0.06,0.09,,-38.4615,-22.2222,-27.1255
703093,順達中信5B購01,2026-09-04,0.92,-0.11,-10.68,166000000,0,,否,,0.94,0.94,,,1.7241,-9.0379,
703113,雙鴻凱基5A購01,2026-09-04,1.9,0.57,42.86,15000000,0,,是,,1.22,0.72,,,487.5,6.8759,
703125,台特化元大5A購02,2026-09-04,0.01,-0.02,-66.67,100000000,0,綠增,是,,0.05,0.08,0.13,,-50.9434,-42.7536,-26.3158
703132,聖暉*元大5C購01,2026-09-04,1.09,-0.02,-1.8,251000000,0,綠縮,是,,1.15,1.3,1.98,,-20.4138,-29.0463,-10.7585
703137,璟德統一5C購01,2026-09-04,0.11,0.0,0.0,505000000,0,紅縮,是,,0.16,0.16,0.2,,6.4935,-4.2169,-28.9568
703260,雙鴻中信5C購03,2026-09-04,0.94,0.24,34.29,1000000,0,,否,,0.63,,,,,,
703266,雙鴻永豐59購01,2026-09-04,1.47,-0.17,-10.37,1000000,0,,否,,1.16,1.26,,,-13.7778,,
703296,威剛群益5B購01,2026-09-04,2.35,-0.38,-13.92,45000000,0,紅縮,否,,2.93,2.92,2.78,,0.4112,5.2177,-3.0124
703320,鈊象中信61購01,2026-09-04,0.1,-0.03,-23.08,372000000,0,綠增,是,,0.22,0.23,0.33,,-8.1967,-31.3783,-13.0493
703353,富喬凱基5A購02,2026-09-04,0.72,-0.23,-24.21,109000000,0,紅縮,是,,1.09,0.92,1.0,,46.7742,0.4376,1.6777
703354,富喬凱基5B購01,2026-09-04,0.99,-0.31,-23.85,14000000,0,,是,,1.25,1.26,,,-1.5748,,
703355,富喬凱基61購01,2026-09-04,2.49,-0.31,-11.07,6000000,0,,,,,,,,,,
703371,富喬國票5B購01,2026-09-04,0.89,-0.08,-8.25,923000000,0,紅縮,否,,1.12,0.85,0.62,,92.4399,110.1235,1.4778
703380,富喬群益5B購01,2026-09-04,0.38,-0.09,-19.15,16000000,0,,是,,0.42,0.44,,,-8.7336,,
703386,富喬富邦5A購01,2026-09-04,0.46,0.04,9.52,10000000,0,紅縮,否,,0.48,0.33,0.37,,168.5393,37.2385,1.3624
703389,富喬統一65購01,2026-09-04,0.49,0.0,0.0,61000000,0,紅縮,否,,0.52,0.45,0.33,,34.8958,55.5172,16.696
703396,信驊元富5A購02,2026-09-04,7.9,-0.6,-7.06,79000000,0,,是,,7.29,6.19,6.13,,42.9973,20.8114,
703400,信驊中信61購01,2026-09-04,8.9,-0.95,-9.64,4000000,0,,是,,8.77,8.41,,,9.0796,,
703401,富喬中信61購01,2026-09-04,0.48,-0.13,-21.31,2000000,0,紅縮,否,,0.61,0.43,0.4,,135.6589,35.3125,18.8791
703407,富喬永豐5A購01,2026-09-04,0.27,-0.07,-20.59,1000000,0,,是,,0.27,0.24,,,37.0,-22.549,
703418,富喬元大5B購01,2026-09-04,0.62,0.06,10.71,2000000,0,紅縮,否,,0.6,0.46,0.38,,78.4431,78.1609,-0.9079
703419,富喬元大5C購01,2026-09-04,0.76,-0.45,-37.19,40000000,0,紅縮,否,,0.94,0.63,0.53,,186.5854,103.2051,10.9833
703420,富喬元大61購02,2026-09-04,0.84,-0.07,-7.69,97000000,0,紅縮,否,,0.86,0.73,0.52,,46.4407,64.8526,4.7094
703443,安碁元富61購01,2026-09-04,1.01,-0.04,-3.81,57000000,0,,是,,1.29,1.5,1.78,,-25.406,-21.0802,-11.9042
703459,鏵友益永豐5B購01,2026-09-04,0.74,-0.13,-14.94,9000000,0,,是,,1.45,1.98,2.49,,-42.2985,-24.2622,
703465,台特化統一71購01,2026-09-04,0.3,0.0,0.0,10000000,0,紅縮,否,,0.31,0.32,0.31,,-0.6329,6.7797,-9.7421
703468,宏捷科統一71購01,2026-09-04,0.43,-0.01,-2.27,3000000,0,紅縮,否,,0.47,0.47,0.5,,-2.0921,-3.0738,-9.7758
703473,欣銓統一6C購01,2026-09-04,1.36,0.0,0.0,20000000,0,紅增,否,,1.36,1.17,1.26,,40.0411,5.6962,-2.9684
703474,金益鼎統一65購01,2026-09-04,0.36,-0.01,-2.7,30000000,0,紅縮,否,,0.39,0.38,0.42,,5.914,-5.4321,-8.4875
703477,雙鴻統一61購04,2026-09-04,0.83,0.27,48.21,36000000,0,紅增,否,,0.59,0.43,0.32,,130.2326,82.8326,38.78
703478,穩得統一65購01,2026-09-04,0.57,0.0,0.0,254000000,0,紅增,是,,0.59,0.56,0.64,,11.2782,-7.5658,-7.3434
703481,穩懋統一5C購02,2026-09-04,3.43,-0.89,-20.6,1000000,0,,否,,3.79,,,,,,
703581,臺慶科凱基5C購01,2026-09-04,2.14,0.23,12.04,128000000,0,紅增,是,,2.15,2.45,2.54,,-21.8591,-1.4464,-23.9095
703618,長科*統一64購01,2026-09-04,1.2,-0.04,-3.23,110000000,0,綠轉紅,否,,1.17,1.26,1.23,,-13.9912,1.2019,-11.0469
703619,家登統一6C購01,2026-09-04,0.78,-0.01,-1.27,463000000,0,紅縮,是,,0.79,0.73,0.69,,15.9292,20.0,-2.4718
703643,新應材國票5A購01,2026-09-04,0.04,0.0,0.0,16000000,0,,否,,0.09,0.23,0.59,,-77.3684,-55.619,
703651,家登元大5C購02,2026-09-04,1.29,-0.46,-26.29,14000000,0,,是,,1.55,1.52,2.02,,3.7584,-24.9629,-10.8407
703652,湧德元大61購01,2026-09-04,0.51,0.0,0.0,355000000,0,,否,,0.55,0.49,0.48,,28.0374,12.1839,-6.8293
703654,勤凱元大61購01,2026-09-04,1.17,-0.12,-9.3,46000000,0,,否,,3.34,,,,,,
703660,聖暉*元大5C購02,2026-09-04,0.9,-0.03,-3.23,413000000,0,,是,,1.0,1.1,1.66,,-16.5,-27.5181,-9.1632
703665,家登凱基5C購01,2026-09-04,1.2,-0.18,-13.04,6000000,0,,否,,1.41,2.01,,,-46.0657,-14.7992,
703690,家登國票59購01,2026-09-04,0.01,-0.02,-66.67,338000000,0,紅增,否,,0.08,0.17,0.51,,-69.2913,-56.658,-48.1089
703759,崴寶永豐59購01,2026-09-04,0.97,0.04,4.3,2000000,0,紅增,否,,0.78,0.74,0.79,,12.1037,24.7458,-19.2308
703771,系統電凱基5C購01,2026-09-04,0.12,-0.02,-14.29,10000000,0,紅增,否,,0.15,0.21,0.4,,-47.1014,-24.3728,-40.134
703780,精材兆豐59購01,2026-09-04,9.0,0.95,11.8,41000000,0,紅增,否,,7.08,6.37,5.73,,25.0883,8.1494,28.5506
703802,穩懋群益59購01,2026-09-04,7.9,2.65,50.48,5000000,0,,否,,3.72,,,,,,
703813,聖暉*元大5A購04,2026-09-04,0.33,-0.03,-8.33,116000000,0,綠縮,否,,0.43,0.63,1.63,,-47.3171,-49.5974,-24.4542
703831,弘塑富邦59購01,2026-09-04,0.82,-0.55,-40.15,11000000,0,,,,,,,,,,
703837,系統電元大5B購02,2026-09-04,0.02,-0.09,-81.82,50000000,0,綠增,否,,0.1,0.2,0.3,,-68.1818,-35.9621,-25.9398
703839,聖暉*元大5B購01,2026-09-04,1.66,0.14,9.21,3000000,0,綠縮,否,,1.8,3.03,4.74,,-57.6399,-43.9467,-12.3186
703842,世界凱基61購01,2026-09-04,3.45,0.16,4.86,10000000,0,,否,,3.56,5.89,6.05,,-56.7015,-24.2899,
703856,聖暉*富邦59購01,2026-09-04,0.01,-0.06,-85.71,500000000,0,,是,,1.83,2.06,,,-20.6087,12.8556,
703861,世界統一71購01,2026-09-04,0.77,0.0,0.0,50000000,0,綠縮,是,,0.78,0.77,0.86,,1.0417,-5.7387,-12.0699
703863,弘塑統一61購01,2026-09-04,0.73,-0.02,-2.67,400000000,0,綠縮,是,,0.81,0.91,1.74,,-20.7843,-47.4713,-15.6364
703864,光頡統一61購01,2026-09-04,1.17,0.18,18.18,222000000,0,,否,,1.09,1.55,1.92,,-45.1904,-33.1169,
703865,光頡統一71購01,2026-09-04,1.28,0.12,10.34,145000000,0,綠縮,否,,1.19,1.15,1.59,,7.4141,-31.0697,-5.2334
703867,金山電統一64購01,2026-09-04,1.57,0.33,26.61,4000000,0,,否,,2.24,3.44,,,-51.7048,,
703869,捷創統一71購01,2026-09-04,0.3,0.0,0.0,210000000,0,,否,,0.31,0.3,0.31,,6.9444,-0.3344,-10.1429
703873,崴寶統一71購01,2026-09-04,1.23,0.03,2.5,334000000,0,紅增,否,,1.18,1.11,1.01,,12.6437,15.3846,3.0565
703876,鉅橡統一61購03,2026-09-04,0.28,-0.02,-6.67,50000000,0,,否,,0.36,0.62,,,-58.1609,,
703878,精材統一71購01,2026-09-04,2.38,0.39,19.6,75000000,0,紅增,是,,1.89,1.7,1.84,,24.967,-2.6857,3.3174
703879,臺慶科統一71購01,2026-09-04,0.94,0.08,9.3,140000000,0,紅增,是,,0.91,0.98,1.01,,-12.4521,-1.4099,-16.4872
703880,穩懋統一61購02,2026-09-04,2.92,0.05,1.74,10000000,0,紅增,否,,2.74,2.17,2.3,,71.7146,22.4478,-16.409
703881,穩懋統一61購03,2026-09-04,2.53,-0.47,-15.67,4000000,0,,否,,2.63,2.27,2.83,,37.631,-14.2911,
703882,穩懋統一71購01,2026-09-04,2.1,-0.01,-0.47,4000000,0,紅增,否,,2.04,1.78,1.92,,34.2556,4.0374,-8.0038
703886,精材群益5C購01,2026-09-04,9.65,0.05,0.52,10000000,0,,是,,6.51,7.46,5.71,,-22.6841,11.7013,
703942,聖暉*元大5B購02,2026-09-04,1.65,0.05,3.13,235000000,0,綠縮,是,,1.74,2.03,3.1,,-24.7191,-29.9482,-18.8228
703954,世界永豐5A購01,2026-09-04,0.85,-0.01,-1.16,10000000,0,綠縮,否,,0.95,1.2,2.68,,-34.9315,-47.2186,-28.7216
703960,雙鴻永豐5A購01,2026-09-04,4.2,1.61,62.16,6000000,0,,否,,2.37,2.21,,,15.6403,,
703961,久元統一61購01,2026-09-04,0.5,-0.01,-1.96,1000000,0,,否,,0.73,0.9,,,-31.5299,-29.6181,
703963,中探針統一71購01,2026-09-04,3.93,-0.41,-9.45,10000000,0,紅增,否,,3.93,3.58,4.41,,21.7203,-2.1038,-13.9669
703966,台半統一71購01,2026-09-04,1.3,-0.09,-6.47,198000000,0,,是,,1.33,1.29,1.34,,7.2581,4.6417,-6.3919
703967,台半統一71購02,2026-09-04,0.94,-0.04,-4.08,20000000,0,紅縮,否,,0.95,0.93,0.87,,5.3097,14.2857,-10.624
703968,台星科統一71購01,2026-09-04,0.89,-0.02,-2.2,10000000,0,紅縮,否,,0.9,0.87,0.8,,6.1466,15.8035,0.0
703969,弘塑統一61購02,2026-09-04,1.0,-0.02,-1.96,82000000,0,,否,,1.03,1.07,,,-7.3741,-27.0933,
703983,精材統一61購01,2026-09-04,4.16,0.49,13.35,10000000,0,紅增,否,,2.99,3.32,2.82,,-17.7473,4.8357,13.0557
703984,廣明統一61購01,2026-09-04,0.02,0.0,0.0,3000000,0,綠縮,否,,0.02,0.04,0.05,,-50.0,-30.7692,-33.7423
703985,穩懋統一63購01,2026-09-04,2.65,0.01,0.38,21000000,0,,是,,2.53,2.46,,,5.6904,,
704011,元太統一61購01,2026-09-04,0.13,-0.02,-13.33,17000000,0,綠縮,是,,0.16,0.22,0.36,,-41.7266,-43.5897,-26.997
704017,巨漢統一71購01,2026-09-04,0.81,0.02,2.53,30000000,0,綠縮,否,,0.82,1.0,1.13,,-31.0811,-18.3673,-9.2116
704018,光頡統一61購03,2026-09-04,1.16,0.12,11.54,195000000,0,,是,,1.07,1.06,1.72,,1.5209,-44.4444,
704019,均華統一61購01,2026-09-04,1.29,0.1,8.4,29000000,0,,否,,1.06,0.91,0.9,,39.7368,25.8287,
704020,宏捷科統一61購02,2026-09-04,0.28,-0.01,-3.45,10000000,0,綠縮,是,,0.34,0.34,0.62,,4.2424,-39.0597,-23.5872
704021,矽科統一61購01,2026-09-04,0.16,-0.01,-5.88,10000000,0,綠縮,否,,0.18,0.24,0.38,,-38.0952,-38.1818,-22.3926
704022,金山電統一61購01,2026-09-04,1.44,0.15,11.63,350000000,0,,是,,2.67,,,,,,
704025,創惟統一61購01,2026-09-04,0.23,0.0,0.0,5000000,0,綠縮,否,,0.27,0.3,0.38,,-19.3939,-23.7852,-10.7311
704028,穩懋統一65購01,2026-09-04,2.33,-0.03,-1.27,3000000,0,,否,,2.37,1.81,,,89.8876,,
704038,湧德元大5A購01,2026-09-04,0.12,-0.01,-7.69,13000000,0,綠縮,是,,0.17,0.23,0.38,,-41.6667,-49.8901,-26.1975
704041,聖暉*元大5C購03,2026-09-04,0.83,0.08,10.67,632000000,0,綠縮,是,,0.84,0.97,1.56,,-24.5487,-30.8185,-22.7059
704051,信驊群益61購01,2026-09-04,7.75,-0.85,-9.88,10000000,0,紅縮,是,,7.48,7.02,6.19,,14.0244,17.3324,3.9889
704060,世界永豐59購02,2026-09-04,0.23,-0.02,-8.0,4000000,0,綠增,否,,0.51,0.81,1.29,,-54.7406,-36.6615,-31.811
704067,世界凱基59購01,2026-09-04,0.22,-0.1,-31.25,30000000,0,綠縮,是,,0.78,2.43,4.01,,-80.7843,-55.8621,-11.0027
704074,世紀*兆豐59購01,2026-09-04,1.05,0.11,11.7,40000000,0,紅縮,否,,1.4,1.09,0.57,,79.4872,175.9494,148.0263
704084,中探針統一67購01,2026-09-04,7.2,-0.7,-8.86,2000000,0,,是,,7.36,7.85,,,-11.7506,,
704085,世界統一61購02,2026-09-04,0.43,0.02,4.88,60000000,0,綠縮,否,,0.46,0.53,0.69,,-25.1634,-17.3107,-29.3272
704086,世界統一64購01,2026-09-04,0.64,0.12,23.08,1000000,0,綠縮,否,,0.67,0.81,0.89,,-28.8136,-14.7679,-12.2539
704087,世紀*統一71購01,2026-09-04,0.8,0.02,2.56,97000000,0,紅縮,否,,0.86,0.7,0.46,,63.0189,96.8927,48.7805
704088,世紀*統一71購02,2026-09-04,1.34,-0.16,-10.67,33000000,0,,是,,1.35,,,,,,
704089,台半統一61購02,2026-09-04,0.98,-0.03,-2.97,71000000,0,綠縮,否,,0.92,1.11,1.77,,-29.6012,-43.6041,-13.8334
704090,台半統一71購03,2026-09-04,1.12,-0.04,-3.45,90000000,0,紅縮,是,,1.2,1.16,1.17,,7.5404,9.0566,-8.3268
704091,巨漢統一71購02,2026-09-04,0.67,0.01,1.52,32000000,0,綠縮,否,,0.69,0.7,0.84,,-3.352,-12.8713,-11.3516
704094,佳邦統一71購01,2026-09-04,0.28,0.0,0.0,1000000,0,紅縮,否,,0.29,0.3,0.32,,-2.649,-0.6667,-14.0921
704095,矽科統一71購01,2026-09-04,0.39,0.01,2.63,22000000,0,,否,,0.47,0.61,0.76,,-37.1353,-25.4854,
704096,金山電統一71購01,2026-09-04,1.07,0.11,11.46,305000000,0,紅增,是,,1.01,1.02,1.15,,-2.3256,-5.9041,-18.2142
704100,信昌電統一71購01,2026-09-04,2.83,0.3,11.86,31000000,0,紅增,是,,2.47,2.16,1.87,,33.8395,35.9395,-7.0843
704101,家登統一61購02,2026-09-04,0.4,-0.02,-4.76,126000000,0,紅縮,否,,0.45,0.41,0.5,,20.4301,-14.2259,-10.0713
704109,穩懋統一61購05,2026-09-04,2.3,0.13,5.99,5000000,0,紅增,否,,2.01,1.73,1.47,,38.8658,40.2924,-4.9223
704115,金益鼎國票61購01,2026-09-04,0.35,-0.02,-5.41,180000000,0,紅縮,否,,0.39,0.43,0.5,,-19.1667,-9.7713,-15.5332
704127,佳邦群益5A購01,2026-09-04,0.01,0.0,0.0,16000000,0,綠縮,否,,0.04,0.09,0.34,,-74.2857,-71.7042,-50.1097
704203,中美晶統一71購01,2026-09-04,1.05,0.08,8.25,299000000,0,綠縮,否,,1.03,1.06,1.18,,-6.3636,3.2978,-13.8247
704205,世紀*統一61購01,2026-09-04,0.97,0.23,31.08,168000000,0,紅縮,否,,1.07,0.84,0.45,,73.3766,152.0958,107.8341
704206,世紀*統一71購03,2026-09-04,0.78,0.03,4.0,160000000,0,紅縮,否,,0.89,0.72,0.45,,62.0438,102.2535,52.7027
704207,合晶統一71購01,2026-09-04,3.44,0.15,4.56,24000000,0,綠縮,否,,3.43,3.42,3.47,,1.0594,9.7334,-12.5189
704211,宜鼎統一63購01,2026-09-04,2.1,-0.08,-3.67,10000000,0,紅縮,否,,2.46,2.52,2.28,,-4.6548,10.0524,-4.2227
704212,旺矽統一61購02,2026-09-04,2.38,-0.03,-1.24,8000000,0,綠增,否,,2.53,2.67,2.99,,-10.2345,-4.6429,-7.7267
704216,松瑞藥統一71購01,2026-09-04,0.58,0.01,1.75,60000000,0,,是,,0.56,0.56,,,-0.3571,,
704218,信昌電統一71購02,2026-09-04,2.78,0.18,6.92,47000000,0,紅增,否,,2.58,2.44,2.14,,11.9688,22.5063,-7.4682
704220,家登統一71購01,2026-09-04,0.76,-0.05,-6.17,98000000,0,紅縮,否,,0.77,0.7,0.68,,19.6875,15.0573,-1.1696
704221,高鋒統一61購01,2026-09-04,0.32,-0.01,-3.03,873000000,0,紅縮,是,,0.31,0.28,0.26,,19.5312,22.7074,-6.2278
704222,高鋒統一71購01,2026-09-04,0.52,-0.02,-3.7,4000000,0,,是,,0.52,0.45,0.54,,34.0206,-3.8136,
704224,新復興統一71購01,2026-09-04,0.19,0.0,0.0,5000000,0,,是,,0.22,,,,,,
704225,廣運統一71購01,2026-09-04,0.34,-0.03,-8.11,21000000,0,,是,,0.37,0.39,,,-10.628,-20.1629,
704244,富喬元大5A購01,2026-09-04,0.94,-0.02,-2.08,66000000,0,紅縮,否,,1.07,0.83,0.74,,83.2192,62.7953,-0.7402
704256,富喬永豐5B購01,2026-09-04,0.9,-0.34,-27.42,191000000,0,紅縮,否,,1.1,0.88,0.76,,64.5646,66.8561,14.0508
704257,富喬永豐5C購01,2026-09-04,1.04,-0.11,-9.57,404000000,0,紅縮,否,,1.19,0.91,0.69,,92.2581,92.766,7.4883
704258,富喬永豐64購01,2026-09-04,1.6,-0.1,-5.88,349000000,0,紅縮,否,,1.76,1.49,1.02,,42.9967,82.6193,18.9032
704260,聖暉*永豐61購01,2026-09-04,1.19,-0.01,-0.83,61000000,0,綠縮,是,,1.27,1.46,2.72,,-23.7064,-44.5076,-17.3609
704261,世界兆豐59購02,2026-09-04,0.38,0.02,5.56,10000000,0,,是,,0.59,0.95,1.43,,-55.0459,-50.4443,
704262,宜鼎兆豐61購01,2026-09-04,8.4,0.35,4.35,1000000,0,紅縮,否,,8.91,9.45,8.73,,-10.8108,8.4337,-6.9067
704277,鈊象富邦5A購01,2026-09-04,0.1,0.02,25.0,52000000,0,綠縮,否,,0.12,0.24,0.31,,-66.8539,-38.601,-24.7863
704280,世界統一71購02,2026-09-04,0.54,0.0,0.0,2000000,0,綠縮,否,,0.56,0.58,0.6,,-6.9536,-0.1712,-8.9326
704281,台星科統一61購02,2026-09-04,0.47,0.02,4.44,17000000,0,,是,,0.5,0.47,0.6,,10.7143,-20.0,-10.6287
704282,宜鼎統一71購01,2026-09-04,2.3,0.0,0.0,5000000,0,紅縮,否,,2.51,2.55,2.44,,-2.4825,9.2704,-5.6917
704283,東捷統一71購01,2026-09-04,1.8,0.14,8.43,2000000,0,綠縮,否,,1.66,1.97,2.32,,-26.6314,-21.0442,-10.1974
704287,富喬統一61購01,2026-09-04,0.34,0.0,0.0,46000000,0,紅縮,否,,0.37,0.3,0.2,,63.3929,83.2298,22.8395
704288,富喬統一61購02,2026-09-04,0.53,-0.14,-20.9,42000000,0,紅縮,否,,0.63,0.51,0.35,,64.0625,99.6063,11.6613
704289,富喬統一61購03,2026-09-04,0.74,-0.03,-3.9,16000000,0,紅縮,否,,0.73,0.54,0.5,,109.7701,61.3772,8.7719
704290,富喬統一61購04,2026-09-04,0.42,-0.02,-4.55,160000000,0,紅縮,否,,0.47,0.34,0.29,,119.4444,93.8202,0.8547
704292,富喬統一65購02,2026-09-04,0.53,-0.13,-19.7,61000000,0,紅縮,否,,0.6,0.45,0.46,,99.3333,14.2494,8.799
704293,富喬統一6C購01,2026-09-04,0.53,-0.01,-1.85,2000000,0,紅縮,否,,0.56,0.49,0.42,,32.7014,41.092,3.3582
704294,富喬統一71購01,2026-09-04,0.6,-0.05,-7.69,89000000,0,紅縮,否,,0.66,0.58,0.44,,32.5301,49.2268,16.2667
704295,富喬統一71購02,2026-09-04,0.52,-0.05,-8.77,236000000,0,紅縮,否,,0.57,0.49,0.38,,37.0192,48.494,11.9708
704298,聖暉*統一67購01,2026-09-04,0.55,0.02,3.77,548000000,0,綠縮,是,,0.56,0.64,0.97,,-23.1405,-30.8934,-19.4687
704322,聖暉*元大61購01,2026-09-04,2.62,0.05,1.95,56000000,0,綠縮,否,,2.66,2.93,3.94,,-17.1963,-21.0229,-15.1567
704325,精測元大5B購01,2026-09-04,0.86,-0.14,-14.0,46000000,0,紅增,否,,0.78,0.67,0.65,,43.0657,24.486,-12.8119
704346,精測富邦59購01,2026-09-04,1.62,-0.22,-11.96,115000000,0,,否,,1.25,1.04,0.83,,50.8475,53.9376,
704351,精測統一61購01,2026-09-04,0.56,0.0,0.0,515000000,0,紅縮,否,,0.56,0.5,0.45,,26.1261,23.9506,4.8292
704352,精測統一61購02,2026-09-04,0.65,-0.06,-8.45,29000000,0,紅增,否,,0.6,0.54,0.51,,21.6327,22.0225,-10.4895
704353,精測統一71購01,2026-09-04,1.37,0.04,3.01,1329000000,0,紅增,否,,1.28,1.14,1.04,,26.5873,20.2105,5.1915
704365,精測永豐5A購01,2026-09-04,1.13,0.06,5.61,1000000,0,紅增,否,,0.92,0.66,0.81,,133.5025,27.0793,-27.7901
704373,精測國票5A購01,2026-09-04,0.56,0.0,0.0,1415000000,0,紅縮,否,,0.6,0.47,0.49,,72.2543,35.3448,-31.5826
704374,精測國票5A購02,2026-09-04,0.61,-0.04,-6.15,407000000,0,紅增,是,,0.54,0.47,0.42,,36.8687,36.3372,-15.0905
704380,宜鼎凱基5B購01,2026-09-04,7.1,-0.3,-4.05,10000000,0,,是,,8.1,8.1,,,-0.0,-4.3345,
704396,順達元大5A購05,2026-09-04,2.57,-0.05,-1.91,1000000,0,紅增,否,,2.67,2.69,2.92,,-1.6962,2.6336,-8.4966
704401,信昌電富邦5C購01,2026-09-04,8.4,1.2,16.67,11000000,0,紅增,是,,7.57,5.43,6.74,,130.652,27.7307,-7.3524
704403,高鋒統一61購02,2026-09-04,0.29,-0.01,-3.33,21000000,0,紅增,否,,0.26,0.25,0.3,,5.6911,-9.9644,-17.5824
704404,精測統一5C購01,2026-09-04,0.57,-0.15,-20.83,110000000,0,紅增,否,,0.6,0.46,0.71,,86.875,8.5106,-14.1396
704409,精測永豐5A購02,2026-09-04,0.6,-0.16,-21.05,260000000,0,紅增,否,,0.55,0.42,0.47,,80.7947,45.2055,-30.5287
704419,力旺元大5A購01,2026-09-04,1.9,-0.1,-5.0,1000000,0,,是,,1.88,2.18,2.05,,-24.2131,-0.1833,
704424,湧德元大61購02,2026-09-04,0.24,-0.02,-7.69,60000000,0,,是,,0.27,0.42,,,-51.4286,,
704491,湧德元大5B購01,2026-09-04,0.22,-0.04,-15.38,96000000,0,紅增,否,,0.25,0.26,0.36,,-5.303,-19.9377,-13.7068
704494,精材元大5A購01,2026-09-04,9.65,0.15,1.58,1000000,0,,是,,7.78,6.09,,,76.8986,,
704495,精材元大5B購02,2026-09-04,8.1,0.25,3.18,2000000,0,,是,,5.42,6.16,5.18,,-21.5919,3.5792,15.6111
704507,亞電永豐5B購01,2026-09-04,3.5,0.8,29.63,203000000,0,紅增,否,,3.12,2.42,2.1,,80.7648,56.2218,22.8245
704511,萬泰科永豐59購01,2026-09-04,0.94,-0.34,-26.56,86000000,0,,是,,4.24,4.83,,,-21.784,-20.6466,
704532,大中統一5C購01,2026-09-04,1.72,0.16,10.26,3000000,0,,否,,2.99,3.01,2.7,,-0.9272,14.2966,
704533,大中統一71購01,2026-09-04,1.44,0.06,4.35,5000000,0,,否,,1.5,1.55,,,-6.4757,-18.9358,
704537,巨漢統一5C購01,2026-09-04,0.54,0.02,3.85,139000000,0,,是,,0.57,0.59,,,-6.5574,,
704538,合晶統一61購02,2026-09-04,4.08,0.14,3.55,13000000,0,綠縮,否,,4.17,4.09,5.11,,3.7351,5.8747,-12.25
704539,竹陞統一64購01,2026-09-04,1.11,0.01,0.91,10000000,0,綠縮,是,,0.92,1.08,1.31,,-24.878,-22.2383,-13.2007
704543,宜鼎統一66購01,2026-09-04,1.42,-0.13,-8.39,35000000,0,紅縮,否,,1.74,1.58,1.73,,22.0816,6.6892,-14.2112
704546,長科*統一71購01,2026-09-04,0.76,0.03,4.11,312000000,0,紅增,是,,0.73,0.75,0.72,,-5.4545,5.9406,-8.9994
704548,昱展統一61購01,2026-09-04,0.01,0.0,0.0,10000000,0,,否,,0.01,0.03,,,-73.913,-42.0,
704549,茂迪統一5B購01,2026-09-04,0.31,-0.02,-6.06,20000000,0,綠縮,否,,0.37,0.4,0.52,,-15.5963,-20.7101,-24.5448
704550,能率亞統一61購02,2026-09-04,0.53,0.0,0.0,3000000,0,綠增,否,,0.55,0.58,0.62,,-9.8039,-6.129,-7.1429
704551,能率亞統一71購01,2026-09-04,0.61,-0.01,-1.61,2000000,0,紅縮,否,,0.63,0.63,0.65,,0.9615,-1.5699,-4.4118
704552,順達統一63購01,2026-09-04,1.01,0.05,5.21,1000000,0,綠縮,否,,0.88,0.87,1.1,,2.8037,-20.367,-11.6251
704553,雍智統一71購01,2026-09-04,4.72,-0.53,-10.1,3000000,0,紅增,否,,4.47,3.98,4.26,,28.2683,14.4294,-3.2144
704556,力旺凱基5A購01,2026-09-04,7.9,-1.6,-16.84,1000000,0,,否,,,,,,,,
704578,元太元大61購02,2026-09-04,0.44,0.04,10.0,10000000,0,,是,,0.79,1.19,1.33,,-50.6266,-18.2442,
704591,能率亞統一71購02,2026-09-04,0.84,0.01,1.2,2000000,0,綠增,否,,0.87,0.9,0.9,,-4.5852,0.5618,-2.9506
704607,原相凱基5A購01,2026-09-04,0.22,-0.04,-15.38,123000000,0,,否,,0.53,1.13,1.25,,-69.5602,-24.7664,
704609,力旺群益59購01,2026-09-04,4.06,0.3,7.98,2000000,0,,是,,4.22,5.41,,,-36.2371,,
704628,中光電統一61購01,2026-09-04,0.49,-0.01,-2.0,2000000,0,,否,,0.41,0.31,0.32,,92.4528,21.0937,
704638,廣運永豐61購01,2026-09-04,0.19,0.05,35.71,5000000,0,紅增,否,,0.15,0.18,0.17,,-27.451,-5.8824,-14.9254
704650,聖暉*凱基5B購01,2026-09-04,2.41,0.02,0.84,39000000,0,,是,,4.17,,,,,,
704668,穩得元大5B購01,2026-09-04,0.8,-0.08,-9.09,1000000,0,,否,,0.89,0.87,0.94,,3.9906,12.129,
704678,中光電永豐59購01,2026-09-04,0.03,-0.03,-50.0,24000000,0,綠增,否,,0.22,0.31,0.57,,-42.8571,-36.4948,-35.4912
704685,穩懋永豐5A購02,2026-09-04,6.4,0.45,7.56,15000000,0,紅縮,否,,6.3,5.03,4.19,,67.8571,48.8007,3.1242
704686,世界兆豐5A購01,2026-09-04,0.06,-0.01,-14.29,499000000,0,綠縮,是,,0.13,0.31,0.77,,-74.4,-61.0422,-12.9848
704712,精材元大61購04,2026-09-04,4.1,0.61,17.48,9000000,0,綠轉紅,否,,2.67,2.36,2.65,,30.3415,-7.4843,7.7362
704725,家登永豐5B購01,2026-09-04,2.22,-0.07,-3.06,10000000,0,紅增,否,,2.18,1.95,2.52,,26.8065,-0.7649,-21.5555
704733,鑫聯永豐5A購01,2026-09-04,0.6,0.29,93.55,2000000,0,綠縮,否,,0.55,1.07,1.63,,-65.1955,-37.1176,-23.55
704775,博智群益62購01,2026-09-04,2.56,-0.22,-7.91,20000000,0,紅縮,否,,2.69,2.27,2.5,,45.4644,8.704,-8.9536
704793,擎亞永豐5A購02,2026-09-04,1.77,-0.01,-0.56,2000000,0,綠縮,否,,2.42,3.63,6.57,,-50.165,-29.2697,-23.2593
704839,擎亞國票5A購01,2026-09-04,0.82,-0.09,-9.89,136000000,0,綠縮,是,,1.66,2.28,3.85,,-42.9063,-44.8234,-18.0919
704841,台半富邦5B購01,2026-09-04,1.12,-0.2,-15.15,20000000,0,,是,,1.23,2.41,,,-65.8319,-25.4484,
704842,台星科富邦5B購01,2026-09-04,0.47,-0.01,-2.08,135000000,0,紅縮,否,,0.51,0.51,0.51,,0.7905,8.3156,-20.7165
704844,宜特富邦5A購01,2026-09-04,0.12,-0.02,-14.29,162000000,0,,是,,0.15,0.19,0.56,,-36.2069,-65.3916,
704846,智通*富邦5A購01,2026-09-04,0.19,-0.02,-9.52,55000000,0,綠增,否,,0.27,0.26,0.38,,3.9063,-16.6134,-19.1444
704847,智通*富邦5B購01,2026-09-04,0.1,0.0,0.0,50000000,0,綠縮,否,,0.12,0.21,0.29,,-60.9272,-41.1765,-11.0942
704850,廣運富邦5B購01,2026-09-04,0.02,-0.07,-77.78,3000000,0,,否,,0.11,0.14,0.25,,-41.7582,-29.4118,
704852,雙鴻富邦5A購01,2026-09-04,3.23,1.07,49.54,52000000,0,紅增,否,,2.3,1.51,1.04,,218.5596,142.5361,40.9736
704858,東捷凱基5A購01,2026-09-04,7.15,-1.85,-20.56,10000000,0,,,,,,,,,,
704895,世界統一62購01,2026-09-04,0.42,0.02,5.0,40000000,0,綠縮,是,,0.49,0.53,0.69,,-14.386,-21.8612,-22.7094
704896,台星科統一62購01,2026-09-04,0.68,0.01,1.49,284000000,0,紅縮,否,,0.68,0.66,0.65,,7.9365,8.985,-7.484
704897,台燿統一62購01,2026-09-04,4.0,-0.23,-5.44,13000000,0,紅縮,是,,4.44,4.85,4.64,,-15.3201,11.3,-5.3324
704899,長科*統一61購01,2026-09-04,0.94,0.11,13.25,100000000,0,綠縮,是,,0.99,1.1,1.44,,-17.9104,-24.9487,-10.5575
704900,茂達統一62購01,2026-09-04,0.59,0.03,5.36,105000000,0,綠轉紅,否,,0.59,0.62,0.69,,-7.1875,-5.513,-19.2911
704903,智通*統一68購01,2026-09-04,0.49,0.02,4.26,40000000,0,綠轉紅,否,,0.48,0.47,0.52,,1.7021,-1.0438,-7.328
704904,新復興統一72購01,2026-09-04,0.27,0.01,3.85,1000000,0,,否,,0.25,0.25,0.28,,3.3058,-6.8182,-13.3846
704905,穩懋統一72購01,2026-09-04,2.28,-0.22,-8.8,7000000,0,,否,,2.29,2.03,,,28.9414,14.5998,
704937,茂迪富邦61購01,2026-09-04,0.21,-0.01,-4.55,205000000,0,紅縮,是,,0.28,0.27,0.37,,9.2308,-21.3873,-17.1333
704944,印能統一65購01,2026-09-04,1.95,0.22,12.72,6000000,0,紅增,是,,1.81,1.81,1.76,,0.1106,9.0416,-0.5639
704947,順達統一65購01,2026-09-04,0.88,0.18,25.71,1000000,0,紅增,否,,0.74,0.83,0.81,,-20.6452,6.3776,-8.8964
704948,雙鴻統一5C購01,2026-09-04,1.59,0.53,50.0,485000000,0,紅增,否,,1.13,0.72,0.6,,271.7105,91.7112,22.1095
704949,雙鴻統一65購01,2026-09-04,1.15,0.29,33.72,54000000,0,紅增,否,,0.87,0.62,0.52,,133.871,74.4382,16.0
704958,中探針群益5C購01,2026-09-04,9.8,-0.8,-7.55,12000000,0,紅增,否,,9.43,8.18,10.28,,35.879,14.7162,-16.2013
704983,雙鴻元富5A購02,2026-09-04,1.94,0.93,92.08,36000000,0,紅增,否,,1.19,0.78,0.58,,214.2857,117.5,22.2694
704997,雙鴻元大5B購01,2026-09-04,1.76,0.12,7.32,3000000,0,,是,,1.35,,,,,,
704998,雙鴻元大61購02,2026-09-04,1.26,0.5,65.79,18000000,0,,是,,0.83,0.63,,,95.7746,,
704999,凡甲國泰59購01,2026-09-04,0.3,-0.03,-9.09,75000000,0,,是,,1.0,1.72,,,-58.867,-31.5957,
705000,世紀*國泰59購01,2026-09-04,3.58,0.03,0.85,1271000000,0,紅縮,是,,4.78,3.03,1.56,,271.3841,356.4759,297.7099
705002,世界富邦5C購02,2026-09-04,0.6,0.05,9.09,86000000,0,綠縮,否,,0.61,0.7,0.79,,-22.7273,-6.8966,-17.0068
705003,世界統一72購01,2026-09-04,0.69,0.02,2.99,16000000,0,綠縮,否,,0.69,0.73,0.77,,-10.567,-3.2895,-9.32
705007,智通*統一62購01,2026-09-04,0.49,0.03,6.52,100000000,0,綠縮,否,,0.5,0.5,0.53,,0.0,17.5644,-9.9659
705010,穩懋統一72購04,2026-09-04,1.93,0.01,0.52,6000000,0,紅縮,否,,1.99,1.75,1.53,,30.315,27.5436,5.6747
705023,雙鴻凱基5C購01,2026-09-04,2.91,0.94,47.72,12000000,0,紅增,否,,2.12,1.45,1.04,,167.8481,110.275,34.1479
705029,金山電群益5A購01,2026-09-04,4.86,0.22,4.74,28000000,0,,否,,4.71,9.31,,,-66.1925,,
705042,博大國票59購01,2026-09-04,0.01,-0.01,-50.0,325000000,0,綠增,否,,0.17,0.29,0.57,,-56.9307,-51.8333,-11.7145
705046,世界國票59購02,2026-09-04,0.09,-0.05,-35.71,150000000,0,綠縮,是,,0.51,0.8,2.33,,-53.211,-51.0104,-22.9256
705047,世界國票59購05,2026-09-04,0.55,0.0,0.0,7000000,0,,否,,2.47,2.24,,,23.6,,
705051,精材國票59購02,2026-09-04,18.1,0.6,3.43,10000000,0,綠轉紅,否,,10.41,10.56,8.49,,-2.9291,18.0223,22.4962
705052,精測國票59購05,2026-09-04,0.01,0.0,0.0,11000000,0,紅增,否,,0.01,0.02,0.04,,-68.75,-38.2353,-57.7143
705072,新應材凱基5A購01,2026-09-04,0.33,0.09,37.5,66000000,0,綠縮,否,,0.46,0.58,1.1,,-34.2776,-41.2651,-29.3363
705084,精測群益62購03,2026-09-04,0.83,-0.03,-3.49,5641000000,0,紅縮,是,,0.79,0.67,0.61,,45.4212,30.6043,0.7383
705090,精測富邦5A購01,2026-09-04,0.03,0.01,50.0,99000000,0,紅縮,否,,0.04,0.04,0.05,,29.4118,-17.0213,-29.6053
705091,正淩統一62購01,2026-09-04,0.44,0.08,22.22,124000000,0,,是,,0.37,0.44,0.64,,-26.5873,-29.4023,
705092,正淩統一65購01,2026-09-04,0.41,0.0,0.0,120000000,0,,否,,0.39,0.38,0.44,,4.2781,-6.3725,
705093,宏觀統一72購01,2026-09-04,0.35,0.0,0.0,55000000,0,,否,,0.35,0.49,,,-45.4259,-37.9747,
705094,宜特統一62購01,2026-09-04,0.42,-0.01,-2.33,52000000,0,紅增,否,,0.43,0.45,0.52,,-8.5106,-10.3586,-19.9389
705095,新復興統一62購01,2026-09-04,0.06,0.0,0.0,40000000,0,紅增,否,,0.07,0.08,0.12,,-25.5319,-17.1717,-31.4706
705096,精測統一62購01,2026-09-04,0.2,0.0,0.0,975000000,0,紅增,否,,0.21,0.17,0.19,,60.9375,4.375,-9.0686
705097,精測統一64購02,2026-09-04,0.63,-0.07,-10.0,11000000,0,紅增,否,,0.6,0.5,0.58,,48.7562,19.3317,-3.6697
705098,精測統一72購01,2026-09-04,1.1,-0.04,-3.51,208000000,0,,是,,0.97,1.0,1.11,,-6.3584,-12.8361,
705099,雙鴻統一62購03,2026-09-04,0.91,0.27,42.19,897000000,0,,是,,0.68,0.52,,,85.2459,5.4545,
705110,精測元富5B購03,2026-09-04,0.13,0.0,0.0,88000000,0,,否,,0.23,0.44,0.51,,-64.2857,-30.1917,
705114,新應材永豐61購01,2026-09-04,1.11,0.14,14.43,25000000,0,,是,,1.09,1.42,2.84,,-38.2955,-53.9333,-29.6406
705123,雙鴻凱基59購06,2026-09-04,1.88,0.92,95.83,6000000,0,,否,,0.79,0.87,,,-16.3136,-29.7407,
705127,宏觀統一72購02,2026-09-04,0.5,-0.02,-3.85,108000000,0,,否,,0.53,,,,,,
705128,良維統一72購01,2026-09-04,1.29,0.14,12.17,23000000,0,,否,,1.17,1.08,1.26,,19.5519,-1.2821,-14.5812
705130,長科*統一72購01,2026-09-04,1.23,0.07,6.03,211000000,0,綠縮,是,,1.15,1.18,1.24,,-4.3118,4.6099,-10.1805
705131,茂迪統一61購01,2026-09-04,0.15,-0.01,-6.25,50000000,0,,是,,0.17,0.24,0.36,,-43.4211,-32.0,-20.4846
705135,穩懋統一72購05,2026-09-04,1.96,-0.35,-15.15,6000000,0,,是,,1.73,1.65,1.63,,10.0637,12.3297,
705138,良維中信5C購01,2026-09-04,2.0,0.32,19.05,15000000,0,,否,,1.74,1.44,,,52.2807,,
705142,新應材永豐5B購01,2026-09-04,0.47,0.1,27.03,57000000,0,綠縮,是,,0.58,1.12,1.78,,-65.2278,-42.0917,-24.5558
705169,正淩凱基5B購01,2026-09-04,0.36,0.11,44.0,10000000,0,,是,,0.38,0.83,,,-70.8075,-46.1837,
705171,系統電凱基61購01,2026-09-04,0.3,0.02,7.14,59000000,0,,是,,0.33,0.42,0.92,,-35.2713,-49.7041,-34.3929
705179,雙鴻凱基5C購02,2026-09-04,2.0,0.5,33.33,10000000,0,紅增,否,,1.29,0.91,0.8,,144.3182,80.0,10.0207
705183,雙鴻國泰59購03,2026-09-04,0.41,-0.05,-10.87,20000000,0,,是,,0.25,0.3,0.45,,-27.1676,-27.2506,
705188,元太統一62購01,2026-09-04,0.21,0.01,5.0,421000000,0,綠縮,否,,0.25,0.3,0.46,,-26.4706,-37.1002,-17.8891
705190,弘塑統一72購01,2026-09-04,1.2,-0.02,-1.64,310000000,0,,是,,1.22,1.25,,,-3.7736,-2.5761,
705192,沛亨統一72購01,2026-09-04,1.93,-0.07,-3.5,4000000,0,紅增,是,,1.78,1.64,1.48,,18.9586,19.9707,-6.1689
705193,宜鼎統一72購01,2026-09-04,1.43,0.02,1.42,12000000,0,紅縮,否,,1.52,1.64,1.56,,-13.2269,1.9291,-1.6388
705194,崴寶統一64購01,2026-09-04,0.78,0.05,6.85,40000000,0,,是,,0.72,0.67,,,16.3987,0.0,
705195,崴寶統一72購01,2026-09-04,1.06,-0.01,-0.93,181000000,0,紅增,是,,1.02,0.94,0.93,,17.7829,5.1282,-1.4331
705196,雙鴻統一72購01,2026-09-04,1.23,0.21,20.59,262000000,0,紅增,否,,1.04,0.86,0.73,,54.142,32.5617,11.6794
705203,匯鑽科國票59購02,2026-09-04,0.24,0.1,71.43,591000000,0,綠轉紅,是,,0.11,0.11,0.25,,-8.6207,-54.5082,-27.6316
705212,雙鴻元大5C購01,2026-09-04,1.37,0.34,33.01,19000000,0,,是,,1.04,0.8,,,87.7256,-0.1253,
705213,雙鴻元大61購04,2026-09-04,1.04,-0.01,-0.95,10000000,0,,是,,0.64,0.71,,,-17.0984,,
705215,崴寶永豐5B購01,2026-09-04,1.23,-0.01,-0.81,74000000,0,,是,,1.15,1.07,1.17,,16.8699,-1.7495,
705216,雙鴻永豐61購01,2026-09-04,1.93,0.44,29.53,391000000,0,,是,,1.36,1.44,,,-11.1257,8.6596,
705222,雙鴻元富5A購05,2026-09-04,4.0,1.64,69.49,58000000,0,紅增,否,,2.4,1.5,1.29,,294.4079,124.3284,17.7677
705223,雙鴻元富5A購06,2026-09-04,1.84,0.67,57.26,503000000,0,紅增,否,,1.25,0.79,0.71,,273.2143,100.7576,2.7656
705242,宸曜永豐59購01,2026-09-04,0.29,-0.01,-3.33,9000000,0,紅轉綠,否,,0.54,0.55,0.55,,-2.8674,-1.2567,-9.571
705246,力旺元富5A購01,2026-09-04,3.02,0.4,15.27,60000000,0,,否,,3.23,,,,,,
705254,雙鴻富邦5A購02,2026-09-04,1.22,0.5,69.44,223000000,0,紅增,是,,0.81,0.49,0.34,,383.3333,189.9408,35.3293
705255,雙鴻富邦5A購03,2026-09-04,1.48,0.54,57.45,1000000,0,紅增,否,,1.04,0.68,0.55,,227.044,115.5556,26.2428
705257,力旺統一65購01,2026-09-04,0.8,0.03,3.9,659000000,0,紅增,否,,0.81,0.82,0.86,,-1.4563,-5.6517,-8.2847
705258,力旺統一72購01,2026-09-04,0.93,0.03,3.33,691000000,0,紅增,是,,0.95,0.95,1.0,,0.6356,-4.5363,-3.9499
705260,凡甲統一72購02,2026-09-04,0.71,-0.01,-1.39,21000000,0,綠縮,否,,0.72,0.75,0.83,,-6.9409,-7.3983,-4.8415
705264,正淩統一72購02,2026-09-04,0.47,0.02,4.44,30000000,0,紅增,否,,0.44,0.46,0.54,,-8.6777,-15.0459,-7.1979
705268,雙鴻統一62購04,2026-09-04,0.9,0.12,15.38,10000000,0,紅增,否,,0.72,0.48,0.36,,190.3226,103.3613,29.2419
705269,穩懋統一65購02,2026-09-04,2.02,0.43,27.04,1000000,0,紅增,否,,1.71,1.42,1.17,,51.865,39.156,11.8798
705272,世紀*國票59購02,2026-09-04,1.49,-0.63,-29.72,50000000,0,,是,,2.14,1.37,0.71,,251.3158,307.1217,
705276,力旺群益5A購01,2026-09-04,1.7,0.33,24.09,235000000,0,紅增,是,,1.58,1.64,1.85,,-7.9439,-9.9178,-17.4242
705279,良維群益5C購01,2026-09-04,1.8,0.3,20.0,9000000,0,,否,,1.52,1.42,2.28,,15.6773,-30.0247,
705284,力旺元大5A購03,2026-09-04,1.4,-0.03,-2.1,12000000,0,紅增,是,,1.47,1.56,1.74,,-11.2591,-12.9537,-17.9976
705289,鈊象元大5C購02,2026-09-04,1.09,0.0,0.0,55000000,0,綠增,是,,1.31,1.65,1.76,,-34.3373,-12.4204,-7.6984
705291,世紀*凱基59購01,2026-09-04,2.8,0.46,19.66,248000000,0,紅縮,是,,2.68,1.77,0.91,,213.8173,298.8713,245.9203
705300,鈊象凱基61購01,2026-09-04,1.57,-0.03,-1.88,6000000,0,綠縮,否,,1.65,2.24,2.38,,-41.4184,-18.7795,-16.1967
705302,雙鴻凱基59購07,2026-09-04,1.29,0.49,61.25,20000000,0,,是,,0.93,1.16,,,-33.6195,,
705307,富喬富邦5B購01,2026-09-04,0.54,0.0,0.0,764000000,0,紅縮,否,,0.62,0.46,0.29,,108.0,138.1443,30.3769
705309,亞泰統一72購01,2026-09-04,2.47,-0.07,-2.76,30000000,0,紅縮,否,,2.51,2.18,1.92,,35.7451,29.4781,5.3586
705310,博智統一72購02,2026-09-04,1.01,-0.05,-4.72,414000000,0,紅縮,是,,1.03,0.97,0.9,,12.8821,17.4699,-1.4835
705311,富喬統一62購01,2026-09-04,0.53,-0.07,-11.67,82000000,0,紅縮,否,,0.55,0.45,0.32,,55.0562,83.8057,10.4712
705312,富喬統一62購02,2026-09-04,0.51,-0.01,-1.92,518000000,0,紅縮,否,,0.54,0.44,0.37,,61.3095,68.1992,6.6667
705313,精材統一65購01,2026-09-04,3.42,0.33,10.68,35000000,0,綠縮,是,,2.24,2.18,2.41,,5.4717,-14.2857,4.3206
705321,富強鑫國票59購01,2026-09-04,0.03,0.0,0.0,30000000,0,綠增,否,,0.06,0.15,0.19,,-71.9298,-36.2445,-28.1071
705323,富喬國票59購02,2026-09-04,0.92,-0.28,-23.33,1266000000,0,紅縮,否,,1.21,0.9,1.0,,102.349,7.3898,7.2542
705324,富喬國票5A購01,2026-09-04,1.11,-0.06,-5.13,219000000,0,紅縮,否,,1.33,1.04,0.83,,76.455,84.629,-0.4182
705326,寶雅國票59購01,2026-09-04,2.87,-0.77,-21.15,1000000,0,紅縮,否,,4.05,2.86,2.73,,142.5659,22.1462,23.8786
705331,富喬元大5B購02,2026-09-04,0.52,-0.28,-35.0,60000000,0,紅縮,否,,0.63,0.45,0.39,,136.8421,85.124,8.4034
705333,鈊象元大5C購03,2026-09-04,0.97,0.0,0.0,2000000,0,綠增,否,,1.32,1.64,1.6,,-32.5486,-3.9342,-11.2403
705337,穩懋元大61購04,2026-09-04,2.17,-0.17,-7.26,8000000,0,,否,,2.07,1.91,1.69,,18.4,33.4497,
705341,富喬群益5A購01,2026-09-04,0.56,-0.31,-35.63,70000000,0,紅縮,是,,0.7,0.49,0.59,,158.8235,-2.9821,4.021
705346,富喬永豐5A購02,2026-09-04,0.56,-0.34,-37.78,10000000,0,紅縮,否,,0.69,0.46,0.4,,193.2203,120.9524,15.873
705347,富喬永豐61購01,2026-09-04,0.82,-0.04,-4.65,768000000,0,紅縮,否,,0.9,0.71,0.53,,72.6923,89.0667,6.6667
705348,富喬永豐65購01,2026-09-04,0.98,-0.11,-10.09,314000000,0,紅縮,否,,1.09,0.92,0.66,,44.8,69.3727,16.8291
705349,雙鴻永豐5B購01,2026-09-04,1.62,0.52,47.27,13000000,0,紅增,否,,1.14,0.75,0.61,,219.6629,124.3243,20.6318
705357,穩懋凱基61購02,2026-09-04,5.6,-0.1,-1.75,1000000,0,,是,,6.26,7.76,,,-32.3974,-8.0569,
705365,雙鴻元大5B購02,2026-09-04,1.8,0.36,25.0,6000000,0,紅增,否,,1.41,1.0,0.88,,144.6367,68.5279,13.5604
705366,雙鴻元大5C購02,2026-09-04,1.55,0.43,38.39,35000000,0,,是,,1.13,0.91,,,62.931,10.6409,
705370,穩懋元大61購05,2026-09-04,1.3,-0.13,-9.09,5000000,0,綠增,否,,1.56,1.73,2.12,,-17.9622,-16.2397,-9.7281
705372,力致統一64購01,2026-09-04,0.35,0.03,9.38,15000000,0,紅增,否,,0.32,0.32,0.37,,3.2051,-2.7607,-12.9825
705373,凡甲統一61購01,2026-09-04,0.41,0.08,24.24,1000000,0,,否,,0.51,0.67,0.83,,-39.3795,-16.7079,
705375,台燿統一62購02,2026-09-04,4.15,0.1,2.47,10000000,0,,是,,4.49,5.39,,,-28.6169,-8.8911,
705381,系微統一64購01,2026-09-04,0.51,0.02,4.08,3000000,0,,否,,0.58,0.74,,,-36.2832,-28.9145,
705382,亞泰統一72購02,2026-09-04,3.11,-0.31,-9.06,43000000,0,紅縮,是,,3.2,2.56,2.55,,65.9398,12.4726,6.9305
705386,茂達統一72購01,2026-09-04,0.83,0.02,2.47,164000000,0,綠轉紅,是,,0.84,0.86,0.9,,-6.4877,-2.2599,-12.6938
705387,原相統一64購01,2026-09-04,0.37,-0.01,-2.63,50000000,0,綠增,否,,0.39,0.41,0.43,,-9.6774,-6.5611,-6.3578
705393,鈺太統一64購01,2026-09-04,0.46,0.01,2.22,581000000,0,,是,,0.47,0.48,,,-5.2419,-9.8881,
705397,穩得統一72購01,2026-09-04,0.93,-0.06,-6.06,58000000,0,,是,,0.96,0.97,1.02,,-0.4132,1.2579,
705399,穩懋統一62購01,2026-09-04,1.22,0.02,1.67,90000000,0,紅縮,否,,1.25,1.06,0.87,,43.0206,38.1014,6.5284
705400,穩懋統一62購02,2026-09-04,1.9,0.02,1.06,11000000,0,紅縮,否,,1.92,1.66,1.53,,37.1429,33.5479,-13.9522
705401,穩懋統一62購03,2026-09-04,1.29,0.06,4.88,4000000,0,紅縮,否,,1.26,1.19,1.03,,11.9005,23.8837,4.8632
705410,沛亨永豐5B購01,2026-09-04,1.97,0.09,4.79,25000000,0,,否,,1.65,1.68,,,-2.4764,-38.8463,
705426,勤凱群益5A購01,2026-09-04,2.8,0.23,8.95,4000000,0,,,,,,,,,,
705437,弘塑凱基5C購01,2026-09-04,4.5,-0.21,-4.46,21000000,0,,否,,4.75,5.16,,,-14.5631,-31.9926,
705438,沛亨凱基5A購01,2026-09-04,2.9,0.1,3.57,1000000,0,,否,,2.19,1.82,2.47,,50.0686,29.4744,-39.5841
705442,台特化兆豐5B購01,2026-09-04,0.03,0.0,0.0,10000000,0,,否,,0.18,0.36,,,-68.231,,
705445,東浦國票5A購01,2026-09-04,0.01,-0.02,-66.67,2000000,0,綠縮,否,,0.22,0.43,1.21,,-64.6688,-63.6441,-30.5906
705446,信驊國票62購01,2026-09-04,6.1,-0.75,-10.95,10000000,0,紅縮,否,,5.98,5.69,5.13,,10.9421,13.6037,12.5192
705447,博智國票5A購01,2026-09-04,3.67,-0.45,-10.92,2000000,0,,否,,3.37,3.33,4.37,,2.7406,-7.4249,-21.4555
705449,鉅橡國票5B購01,2026-09-04,0.09,-0.01,-10.0,22000000,0,,是,,0.27,0.7,,,-75.7143,,
705455,世界群益5B購02,2026-09-04,0.69,-0.02,-2.82,139000000,0,綠縮,否,,0.76,0.92,1.57,,-28.972,-35.1983,-19.2653
705458,良維群益5B購01,2026-09-04,0.74,0.06,8.82,5000000,0,,是,,0.67,0.67,1.7,,2.1212,-55.1747,-32.1464
705475,雙鴻元大5C購03,2026-09-04,2.25,0.45,25.0,10000000,0,紅增,否,,1.83,1.39,1.09,,94.4798,56.7232,18.0195
705476,雙鴻元大61購05,2026-09-04,1.98,0.41,26.11,34000000,0,,是,,1.54,1.07,1.07,,155.298,50.4909,
705479,良維統一61購01,2026-09-04,1.2,0.25,26.32,694000000,0,,是,,0.94,1.21,,,-36.6712,-38.762,
705480,良維統一63購01,2026-09-04,0.86,0.18,26.47,183000000,0,紅增,否,,0.74,0.63,0.62,,40.8397,27.4747,-10.1164
705481,亞泰統一62購01,2026-09-04,4.2,-0.32,-7.08,13000000,0,紅縮,否,,4.2,3.16,3.06,,98.5809,34.8718,14.1286
705482,信昌電統一61購04,2026-09-04,8.4,0.7,9.09,50000000,0,,是,,10.18,,,,,,
705483,新應材統一62購02,2026-09-04,0.22,-0.01,-4.35,5000000,0,紅增,否,,0.22,0.24,0.28,,-16.5414,-7.5758,-18.7959
705485,萬潤統一73購01,2026-09-04,4.27,-0.04,-0.93,4000000,0,紅縮,否,,4.08,3.9,3.36,,9.4471,22.9364,9.1366
705486,德微統一63購01,2026-09-04,1.39,-0.09,-6.08,474000000,0,,是,,1.74,,,,,,
705487,穩懋統一66購01,2026-09-04,1.11,0.0,0.0,140000000,0,紅縮,否,,1.15,1.02,0.84,,27.051,30.2799,9.8103
705488,穩懋統一73購01,2026-09-04,1.51,0.03,2.03,10000000,0,紅縮,否,,1.52,1.35,1.2,,29.6422,21.8807,3.4989
705489,穩懋統一73購02,2026-09-04,1.46,0.02,1.39,674000000,0,紅縮,否,,1.48,1.3,1.15,,30.8511,26.2852,5.1906
705496,光頡永豐5A購01,2026-09-04,0.94,0.4,74.07,212000000,0,綠縮,是,,0.75,1.77,3.82,,-73.099,-66.0721,-16.6521
705504,雙鴻永豐5C購01,2026-09-04,2.28,0.53,30.29,10000000,0,紅增,否,,1.57,1.17,1.12,,107.6517,34.1772,1.036
705505,穩懋永豐5A購03,2026-09-04,1.04,-0.02,-1.89,190000000,0,紅縮,否,,1.16,0.94,0.79,,62.7451,48.8889,-0.379
705519,均華兆豐63購01,2026-09-04,3.99,0.48,13.68,4000000,0,紅增,否,,3.35,2.8,2.6,,49.866,27.3224,2.1632
705520,宜鼎兆豐63購01,2026-09-04,3.76,0.06,1.62,10000000,0,紅縮,否,,4.15,4.51,4.07,,-14.8072,6.5612,-7.2031
705522,雙鴻兆豐5B購01,2026-09-04,1.05,0.2,23.53,10000000,0,,是,,0.72,0.44,,,356.962,58.8448,
705527,萬潤凱基5B購01,2026-09-04,22.1,-1.7,-7.14,10000000,0,,是,,22.14,17.66,15.58,,67.9818,32.3838,12.2478
705534,雙鴻凱基5B購01,2026-09-04,1.14,0.24,26.67,6000000,0,,是,,0.88,0.65,,,108.4906,-5.8993,
705548,雙鴻元大61購06,2026-09-04,0.85,0.28,49.12,172000000,0,紅增,是,,0.62,0.42,0.39,,175.2212,74.4856,3.6988
705553,穩懋元大5C購04,2026-09-04,0.84,-0.04,-4.55,317000000,0,綠增,是,,1.0,1.14,1.43,,-22.1529,-19.3777,-10.1099
705554,宜鼎富邦5C購02,2026-09-04,1.59,0.04,2.58,2000000,0,紅縮,否,,1.81,1.78,1.86,,2.9613,5.6939,-13.1174
705555,中探針永豐5C購01,2026-09-04,2.99,-0.43,-12.57,300000000,0,紅縮,是,,3.34,3.58,3.65,,-12.7159,9.0826,-16.8677
705557,茂迪永豐5C購01,2026-09-04,0.06,0.0,0.0,30000000,0,,是,,0.09,0.11,0.29,,-38.5714,-64.0127,
705560,萬潤永豐5C購01,2026-09-04,3.6,-0.21,-5.51,1000000,0,紅縮,否,,3.68,3.4,2.81,,18.3923,26.2454,13.1738
705564,雙鴻永豐5A購03,2026-09-04,0.42,0.04,10.53,10000000,0,紅增,否,,0.3,0.19,0.18,,238.6364,91.0891,1.6854
705565,穩懋永豐5C購02,2026-09-04,1.2,0.04,3.45,2185000000,0,紅縮,否,,1.25,1.03,0.88,,56.75,38.5965,5.102
705568,沛亨國泰5A購01,2026-09-04,4.11,-0.25,-5.73,3000000,0,,是,,3.2,2.53,,,72.1983,,
705581,良維永豐5B購01,2026-09-04,1.1,0.2,22.22,217000000,0,,是,,0.99,1.04,2.19,,-8.3026,-53.0926,-26.4908
705585,博磊永豐5A購01,2026-09-04,1.4,0.22,18.64,19000000,0,,是,,1.41,1.68,3.31,,-27.3663,-41.6956,
705589,鏵友益永豐5C購01,2026-09-04,0.46,0.0,0.0,9000000,0,,是,,0.67,0.8,1.03,,-27.3707,-21.7773,
705599,雙鴻元大61購07,2026-09-04,1.01,0.12,13.48,1000000,0,,是,,0.61,0.64,,,-9.4956,,
705604,良維國票67購01,2026-09-04,2.36,0.47,24.87,138000000,0,紅增,是,,1.85,1.81,2.26,,4.9943,-6.3278,-16.3892
705608,是方國票5A購01,2026-09-04,0.01,-0.01,-50.0,400000000,0,,是,,0.17,0.22,0.34,,-37.3134,-35.6932,
705611,雙鴻國票5C購01,2026-09-04,0.85,0.11,14.86,15000000,0,,否,,0.65,0.53,,,57.2115,,
705621,旺矽群益5B購01,2026-09-04,3.52,0.17,5.07,1000000,0,,是,,3.92,4.95,,,-34.5473,-28.3668,
705633,順達永豐5B購01,2026-09-04,2.61,0.09,3.57,20000000,0,綠縮,否,,2.78,2.86,3.6,,-4.918,-21.3006,-8.2621
705638,宜鼎群益5B購01,2026-09-04,2.52,-0.47,-15.72,67000000,0,,否,,3.51,3.42,,,5.5255,-22.5441,
705644,原相群益5C購01,2026-09-04,0.26,-0.04,-13.33,64000000,0,綠增,否,,0.42,0.6,0.86,,-45.641,-38.0658,-17.0264
705671,鈊象富邦5B購01,2026-09-04,0.36,0.0,0.0,200000000,0,綠縮,否,,0.39,0.58,0.68,,-50.1285,-28.5539,-17.9503
705672,聖暉*富邦5B購01,2026-09-04,0.52,0.05,10.64,162000000,0,,否,,0.56,0.79,1.37,,-45.0098,-43.2665,
705675,雙鴻富邦5C購01,2026-09-04,1.2,0.37,44.58,186000000,0,紅增,否,,0.91,0.63,0.47,,160.0,100.0,25.0335
705676,雙鴻富邦5C購02,2026-09-04,0.93,0.36,63.16,155000000,0,,否,,0.64,0.46,0.49,,127.6596,44.375,
705677,譜瑞富邦5C購01,2026-09-04,2.95,0.0,0.0,1000000,0,綠增,否,,2.96,2.97,2.95,,-0.8054,0.508,-2.0262
705682,宜鼎國票5A購02,2026-09-04,3.67,-0.16,-4.18,1000000,0,紅縮,否,,5.2,4.42,6.18,,42.8885,-8.0457,-23.2795
705690,僑威國票5A購01,2026-09-04,0.01,0.0,0.0,31000000,0,綠縮,否,,0.05,0.1,0.18,,-67.1053,-50.0,-26.2055
705692,臺慶科國票5A購02,2026-09-04,0.11,0.01,10.0,20000000,0,紅增,否,,0.32,0.35,0.76,,-16.3158,-32.8846,-49.0598
705711,台特化元大5C購01,2026-09-04,0.19,0.0,0.0,10000000,0,紅轉綠,否,,0.29,0.39,0.34,,-40.4959,10.9195,-19.6491
705726,雙鴻元大61購08,2026-09-04,2.25,0.34,17.8,1000000,0,紅增,否,,1.79,1.32,1.06,,113.3333,67.43,18.8163
705728,台特化群益62購01,2026-09-04,0.22,0.01,4.76,415000000,0,,是,,0.26,0.29,0.44,,-17.7215,-31.2649,
705737,印能永豐5C購01,2026-09-04,2.86,-0.63,-18.05,455000000,0,綠增,是,,3.19,3.83,3.72,,-28.6929,-5.4361,-7.8778
705754,精材凱基61購01,2026-09-04,13.4,1.2,9.84,3000000,0,紅增,是,,12.2,11.64,9.83,,10.2078,15.6561,21.6216
705755,雙鴻凱基5C購03,2026-09-04,3.35,1.23,58.02,1548000000,0,紅增,否,,2.36,1.57,1.1,,205.4264,126.0807,41.5593
705759,台特化元大5C購02,2026-09-04,0.11,0.0,0.0,20000000,0,紅縮,否,,0.17,0.16,0.29,,9.0909,-37.8378,-22.0588
705774,雙鴻元大61購09,2026-09-04,2.07,0.47,29.38,135000000,0,紅增,否,,1.62,1.13,0.94,,152.8125,81.8035,16.8953
705780,鏵友益國票59購01,2026-09-04,0.01,-0.01,-50.0,166000000,0,,是,,0.92,1.52,,,-56.6572,,
705783,良維中信61購01,2026-09-04,1.08,0.1,10.2,40000000,0,紅增,否,,0.99,0.84,0.84,,42.0749,23.8938,-23.677
705785,新應材永豐63購01,2026-09-04,0.86,0.01,1.18,19000000,0,紅增,是,,0.85,0.86,0.85,,-1.6204,-2.9445,-8.4279
705787,世界元富59購01,2026-09-04,1.47,0.07,5.0,197000000,0,,是,,4.29,4.25,,,2.0437,,
705792,新漢元富59購01,2026-09-04,0.04,-0.09,-69.23,5000000,0,,否,,0.49,0.91,1.13,,-62.8959,-25.4307,-20.296
705797,雙鴻元富59購02,2026-09-04,2.37,0.49,26.06,5000000,0,,是,,0.9,0.76,0.86,,42.2222,-2.0539,-12.5379
705800,大綜統一73購01,2026-09-04,0.65,0.0,0.0,23000000,0,綠轉紅,否,,0.65,0.69,0.7,,-9.6685,-1.4306,-9.7339
705804,環球晶統一63購01,2026-09-04,2.95,0.28,10.49,2000000,0,綠縮,否,,2.93,3.4,3.89,,-24.355,-11.5385,-11.7327
705805,環球晶統一63購02,2026-09-04,3.0,0.23,8.3,28000000,0,綠縮,是,,3.02,2.93,3.35,,6.1885,10.1841,-15.5038
705806,環球晶統一73購01,2026-09-04,2.66,0.11,4.31,5000000,0,綠縮,否,,2.66,2.71,2.82,,-3.4858,8.5439,-14.3725
705807,環球晶統一73購02,2026-09-04,2.16,0.15,7.46,44000000,0,綠縮,否,,2.13,2.18,2.45,,-3.8739,-2.0693,-11.1554
705819,台星科永豐5C購01,2026-09-04,1.16,-0.05,-4.13,75000000,0,紅縮,否,,1.2,1.22,1.14,,-2.589,12.3389,-5.4267
705820,宜特永豐5C購01,2026-09-04,0.34,-0.04,-10.53,234000000,0,綠縮,否,,0.38,0.42,0.61,,-16.5217,-21.9963,-25.9528
705824,能率永豐5C購01,2026-09-04,0.39,-0.04,-9.3,80000000,0,綠增,否,,0.48,0.51,0.59,,-9.434,-7.5092,-9.2791
705826,順達永豐61購01,2026-09-04,3.47,0.27,8.44,90000000,0,綠縮,否,,3.31,3.16,4.19,,10.3931,-12.9068,-11.8061
705827,良維兆豐5B購01,2026-09-04,0.82,0.21,34.43,1000000,0,,否,,0.62,1.14,,,-62.3487,-37.1476,
705831,弘塑元富59購02,2026-09-04,0.55,-0.41,-42.71,39000000,0,,否,,1.06,,,,,,
705844,台特化元大59購03,2026-09-04,0.21,-0.02,-8.7,8000000,0,紅縮,否,,0.5,0.36,0.29,,139.0476,81.6327,15.0391
705847,新應材元大61購02,2026-09-04,0.34,0.03,9.68,660000000,0,紅增,是,,0.37,0.41,0.61,,-17.4888,-23.7828,-25.3219
705851,雙鴻元大59購08,2026-09-04,1.59,0.29,22.31,5000000,0,紅增,是,,1.0,0.7,0.65,,151.5151,73.5661,-3.6819
705853,雙鴻元大61購10,2026-09-04,2.12,0.66,45.21,4000000,0,紅增,否,,1.57,1.15,0.9,,114.4809,65.3736,32.2533
705854,台特化統一63購03,2026-09-04,0.2,-0.01,-4.76,49000000,0,,否,,0.23,0.23,0.3,,0.0,-16.3636,-19.0996
705855,弘塑統一73購01,2026-09-04,1.01,-0.02,-1.94,2000000,0,綠縮,否,,1.0,1.02,1.44,,-2.7184,-25.0737,-12.9394
705857,沛亨統一73購01,2026-09-04,1.16,-0.03,-2.52,5000000,0,紅增,是,,1.07,0.98,0.98,,20.7675,17.407,-12.027
705858,良維統一73購01,2026-09-04,0.51,0.05,10.87,121000000,0,紅增,否,,0.47,0.42,0.43,,27.4194,12.8,-10.7996
705860,順達統一73購01,2026-09-04,0.58,0.02,3.57,151000000,0,紅增,否,,0.57,0.57,0.55,,2.1352,12.253,-8.3195
705861,新應材統一73購01,2026-09-04,0.3,0.01,3.45,109000000,0,紅增,否,,0.3,0.3,0.31,,-1.9608,3.0612,-4.8362
705863,德微統一73購01,2026-09-04,1.5,-0.06,-3.85,349000000,0,綠轉紅,是,,1.48,1.48,1.63,,0.271,2.9248,-12.624
705871,信驊凱基61購02,2026-09-04,5.6,-1.0,-15.15,111000000,0,紅縮,否,,5.69,5.46,4.45,,8.7156,21.9839,12.6629
705872,信驊凱基61購03,2026-09-04,8.4,-0.6,-6.67,17000000,0,,是,,8.22,6.75,,,55.5051,28.3596,
705874,鈊象凱基61購02,2026-09-04,1.42,-0.02,-1.39,14000000,0,綠縮,否,,1.44,1.73,1.89,,-28.1873,-20.3601,-7.0447
705879,良維富邦5B購01,2026-09-04,0.75,0.26,53.06,75000000,0,紅增,否,,0.55,0.44,0.55,,60.5882,3.0233,-31.2305
705880,新應材富邦63購02,2026-09-04,0.21,0.0,0.0,7000000,0,綠縮,否,,0.2,0.23,0.34,,-18.4,-34.0116,-22.6394
705881,雙鴻國泰5A購01,2026-09-04,4.05,1.35,50.0,3000000,0,,否,,2.56,2.55,,,0.2353,,
705883,弘塑群益59購02,2026-09-04,0.87,-1.22,-58.37,30000000,0,,,,,,,,,,
705890,精材群益59購02,2026-09-04,10.7,2.75,34.59,30000000,0,,否,,9.29,7.15,5.07,,85.0598,66.4728,44.2217
705891,雙鴻群益59購05,2026-09-04,4.98,2.98,149.0,30000000,0,紅增,否,,2.12,1.44,1.5,,175.5208,54.721,-6.1562
705892,雙鴻群益59購06,2026-09-04,1.2,0.01,0.84,1000000,0,,是,,0.52,0.74,1.07,,-46.0744,-35.5536,-26.4534
705896,台特化凱基5C購01,2026-09-04,0.13,0.01,8.33,35000000,0,紅增,是,,0.18,0.19,0.33,,-9.901,-30.9353,-23.5706
705911,均華群益59購01,2026-09-04,0.4,-0.28,-41.18,35000000,0,紅增,是,,0.37,0.42,0.83,,-22.6891,-41.7931,-29.4943
705913,宜鼎群益5B購02,2026-09-04,2.87,-0.6,-17.29,40000000,0,,是,,2.87,,,,,,
705917,雙鴻群益63購01,2026-09-04,1.2,0.15,14.29,287000000,0,紅增,否,,1.0,0.78,0.64,,78.0142,50.4798,23.501
705921,譜瑞元富59購01,2026-09-04,0.41,-0.06,-12.77,12000000,0,,是,,1.84,4.16,,,-71.6358,,
705922,旺矽中信59購01,2026-09-04,1.86,-0.38,-16.96,17000000,0,,是,,2.81,3.94,,,-44.3874,-9.3275,
705923,弘塑永豐5B購02,2026-09-04,0.71,-0.04,-5.33,20000000,0,,否,,0.96,,,,,,
705924,匯鑽科永豐5A購01,2026-09-04,0.37,0.13,54.17,24000000,0,,是,,0.22,,,,,,
705926,新應材永豐5C購04,2026-09-04,0.09,0.01,12.5,14000000,0,紅增,否,,0.09,0.11,0.18,,-25.3968,-32.9268,-24.0246
705927,新應材永豐63購02,2026-09-04,0.19,0.0,0.0,475000000,0,紅縮,是,,0.21,0.24,0.28,,-20.1493,-14.2349,-18.1022
705928,雙鴻永豐63購01,2026-09-04,1.88,0.52,38.24,25000000,0,紅增,否,,1.45,1.07,0.81,,111.3703,76.5289,35.5462
705931,台半國票5A購01,2026-09-04,3.72,-0.82,-18.06,10000000,0,綠縮,否,,3.89,3.34,5.7,,39.5833,-5.1209,-26.2027
705933,宜鼎國票5C購01,2026-09-04,4.72,-0.17,-3.48,20000000,0,,是,,5.66,6.78,,,-28.2383,-32.002,
705934,松瑞藥國票5A購01,2026-09-04,0.12,-0.04,-25.0,400000000,0,綠增,是,,0.23,0.27,0.34,,-27.5641,-19.4611,-17.9087
705935,胡連國票5A購01,2026-09-04,0.22,-0.04,-15.38,248000000,0,綠增,是,,0.31,0.39,0.38,,-35.7143,-2.9777,-15.2561
705936,順達國票5A購01,2026-09-04,1.3,0.16,14.04,241000000,0,,是,,1.69,2.42,3.24,,-46.6118,-30.7802,
705940,新應材國票5C購01,2026-09-04,0.13,0.01,8.33,1609000000,0,紅增,是,,0.16,0.18,0.29,,-16.3265,-33.3333,-29.2683
705941,群翊國票5A購01,2026-09-04,1.84,-1.26,-40.65,3000000,0,紅縮,否,,2.29,2.21,2.52,,7.8154,-2.9037,-14.509
705942,聖暉*國票5A購02,2026-09-04,2.21,0.33,17.55,1000000,0,,是,,2.42,3.24,,,-40.4528,,
705944,新應材富邦5C購02,2026-09-04,0.08,-0.02,-20.0,107000000,0,紅縮,否,,0.14,0.16,0.25,,-24.4444,-35.7724,-27.6109
705945,均豪統一73購01,2026-09-04,0.51,-0.02,-3.77,730000000,0,紅縮,是,,0.52,0.48,0.49,,17.0404,10.0,-2.7532
705946,宏捷科統一63購01,2026-09-04,0.25,0.0,0.0,60000000,0,紅縮,是,,0.28,0.28,0.31,,0.0,-2.0833,-19.085
705948,良維統一63購02,2026-09-04,0.83,0.05,6.41,309000000,0,紅增,是,,0.76,0.7,0.89,,16.6667,-3.4388,-12.6357
705949,良維統一73購02,2026-09-04,0.78,0.07,9.86,30000000,0,紅增,否,,0.72,0.67,0.7,,17.6471,6.7308,-11.4557
705951,信紘科統一63購01,2026-09-04,0.27,0.05,22.73,1000000,0,綠縮,否,,0.27,0.29,0.38,,-15.0943,-23.2376,-13.2353
705952,前鼎統一73購01,2026-09-04,1.58,-0.04,-2.47,20000000,0,,否,,1.28,1.4,,,-16.1417,,
705972,雙鴻凱基59購13,2026-09-04,4.37,1.02,30.45,5000000,0,,否,,2.81,1.95,1.79,,159.0406,63.1182,4.9766
705986,世紀*國票5A購01,2026-09-04,7.5,1.15,18.11,1090000000,0,紅縮,否,,7.98,5.51,2.81,,162.3274,252.8169,207.2092
705989,雙鴻國票5A購02,2026-09-04,7.3,2.96,68.2,22000000,0,紅增,是,,5.04,3.1,2.2,,336.7418,165.3813,29.5903
705991,弘塑國泰5A購01,2026-09-04,2.15,-0.32,-12.96,21000000,0,,是,,2.27,,,,,,
705992,均華國泰5A購01,2026-09-04,6.55,0.8,13.91,5000000,0,紅增,是,,4.88,3.76,3.92,,84.0,27.1713,0.2561
705995,蜜望實統一73購01,2026-09-04,1.62,0.14,9.46,5000000,0,綠縮,否,,1.63,1.54,1.99,,11.2175,-17.6533,-13.8185
706004,精材中信61購01,2026-09-04,3.9,0.1,2.63,2000000,0,,否,,3.57,2.93,,,56.0315,,
706006,穩得永豐5B購01,2026-09-04,0.81,-0.18,-18.18,50000000,0,紅縮,是,,0.94,0.97,0.89,,-5.8233,21.6352,-12.8795
706011,博智凱基5C購01,2026-09-04,4.65,-0.02,-0.43,28000000,0,,否,,4.09,3.6,4.34,,31.3423,8.3308,
706015,緯軟國票5B購01,2026-09-04,0.2,0.0,0.0,64000000,0,綠增,否,,0.28,0.35,0.42,,-31.401,-21.3964,-16.2
706016,雙鴻國票5A購03,2026-09-04,2.49,1.0,67.11,30000000,0,,是,,1.65,1.2,1.29,,122.6415,15.5405,-5.2321
706019,均華永豐5B購01,2026-09-04,8.35,0.45,5.7,30000000,0,紅增,否,,7.21,4.99,5.5,,159.8414,35.2941,-3.73
706028,台特化統一66購01,2026-09-04,0.23,0.0,0.0,10000000,0,綠縮,否,,0.25,0.26,0.3,,-10.1449,-9.6552,-15.3631
706030,均華統一62購01,2026-09-04,1.05,0.05,5.0,24000000,0,紅增,否,,0.89,0.69,0.62,,84.6473,37.751,0.3244
706031,均華統一63購03,2026-09-04,0.94,0.11,13.25,41000000,0,紅增,否,,0.77,0.68,0.58,,30.7167,26.3551,0.1721
706032,均華統一73購01,2026-09-04,0.69,0.11,18.97,470000000,0,紅增,否,,0.61,0.57,0.59,,18.1467,1.0733,0.0843
706034,宜鼎統一62購01,2026-09-04,1.11,-0.03,-2.63,1000000,0,紅縮,否,,1.38,1.3,1.36,,13.1363,9.1674,-9.6346
706037,新普統一73購01,2026-09-04,0.62,-0.01,-1.59,94000000,0,紅縮,是,,0.63,0.65,0.62,,-5.4217,3.1949,-6.5266
706038,聖暉*統一61購01,2026-09-04,0.73,0.09,14.06,25000000,0,,是,,1.28,1.75,,,-42.7289,-3.9474,
706040,鑫聯統一62購02,2026-09-04,0.23,0.01,4.55,14000000,0,綠縮,否,,0.25,0.34,0.47,,-39.7129,-15.8291,-25.8998
706043,富強鑫群益59購01,2026-09-04,0.06,-0.14,-70.0,10000000,0,,否,,0.47,0.59,0.68,,-33.9943,-21.8667,-11.6612
706054,台特化元大5B購01,2026-09-04,0.34,0.01,3.03,2000000,0,紅縮,否,,0.41,0.46,0.5,,-18.5039,0.2174,-21.513
706055,台特化元大63購01,2026-09-04,0.41,-0.01,-2.38,545000000,0,紅縮,是,,0.46,0.48,0.46,,-6.4516,8.8435,-11.9071
706060,弘塑元大63購02,2026-09-04,3.02,-0.01,-0.33,20000000,0,,否,,3.08,3.18,3.54,,-5.8608,0.7285,-13.8426
706071,雙鴻元大63購01,2026-09-04,1.74,0.43,32.82,36000000,0,,是,,1.5,1.26,1.18,,45.7198,18.1478,
706073,宜鼎凱基5A購04,2026-09-04,1.07,-0.07,-6.14,34000000,0,紅縮,是,,1.45,1.9,1.68,,-38.3503,0.7419,-18.4089
706074,鈊象凱基5C購01,2026-09-04,1.15,-0.02,-1.71,38000000,0,綠增,是,,1.63,2.0,2.2,,-30.7627,-11.6762,-9.9345
706081,雙鴻中信63購01,2026-09-04,0.83,0.24,40.68,1000000,0,紅增,否,,0.61,0.47,0.38,,82.0359,62.4138,17.284
706083,印能元富59購03,2026-09-04,4.15,-0.57,-12.08,8000000,0,,是,,4.54,5.6,,,-31.7403,-27.8794,
706088,旺矽永豐64購01,2026-09-04,3.18,0.08,2.58,5000000,0,綠增,是,,3.81,4.3,5.06,,-20.409,-21.9198,-3.654
706094,均豪國泰5A購01,2026-09-04,0.98,-0.03,-2.97,101000000,0,紅增,是,,1.07,1.06,1.48,,0.9452,-26.1293,-7.572
706097,弘塑富邦5C購01,2026-09-04,0.96,0.06,6.67,10000000,0,,是,,0.92,0.99,,,-13.371,,
706098,宜鼎富邦5C購03,2026-09-04,1.0,-0.01,-0.99,128000000,0,紅縮,是,,1.42,1.29,1.35,,22.4138,15.903,-8.6604
706108,宜鼎元大59購09,2026-09-04,0.23,-0.16,-41.03,222000000,0,紅轉綠,是,,0.49,0.71,0.76,,-46.6523,-19.2264,-23.143
706109,宜鼎元大59購10,2026-09-04,0.68,-0.24,-26.09,1000000,0,,是,,1.08,1.31,2.07,,-29.1885,-37.5299,-17.0834
706115,雙鴻元大63購02,2026-09-04,1.35,0.3,28.57,24000000,0,紅增,是,,1.08,0.74,0.66,,176.0204,74.6445,3.3411
706118,台星科國票61購01,2026-09-04,1.57,0.0,0.0,3000000,0,紅增,否,,1.66,1.5,1.82,,22.8487,-9.7356,-8.0856
706119,宏捷科國票5A購01,2026-09-04,0.05,-0.03,-37.5,50000000,0,紅增,否,,0.08,0.12,0.28,,-48.1013,-42.029,-45.6208
706120,良維國票5A購01,2026-09-04,1.07,0.28,35.44,252000000,0,綠轉紅,是,,0.88,0.8,1.87,,22.3464,-44.6453,-28.2454
706121,宜鼎國票5A購03,2026-09-04,0.96,-0.11,-10.28,4000000,0,紅縮,否,,1.36,1.52,1.35,,-18.7575,7.2843,-10.8438
706125,鑫聯國票5C購01,2026-09-04,0.69,-0.02,-2.82,11000000,0,,否,,1.33,1.56,1.85,,-25.1403,-14.5365,
706127,大綜統一66購01,2026-09-04,0.72,0.0,0.0,52000000,0,綠縮,否,,0.71,0.74,0.78,,-6.5617,-5.8748,-7.13
706133,均豪統一66購01,2026-09-04,0.71,-0.01,-1.39,10000000,0,紅增,否,,0.71,0.63,0.71,,27.6978,-8.658,3.2632
706134,宜鼎統一63購02,2026-09-04,1.02,-0.02,-1.92,418000000,0,紅縮,否,,1.15,1.25,1.14,,-14.8368,5.6732,-3.1861
706135,宜鼎統一63購03,2026-09-04,0.57,-0.02,-3.39,1229000000,0,紅縮,是,,0.62,0.67,0.63,,-12.3596,4.0498,-5.7808
706136,宜鼎統一66購02,2026-09-04,0.8,0.0,0.0,34000000,0,紅縮,否,,0.89,0.97,0.89,,-14.4231,4.6638,-3.1677
706137,宜鼎統一73購01,2026-09-04,0.68,-0.01,-1.45,805000000,0,紅縮,否,,0.73,0.77,0.73,,-10.5911,3.7787,-7.1657
706139,聚和統一73購01,2026-09-04,0.66,0.0,0.0,23000000,0,綠縮,否,,0.66,0.66,0.71,,0.9174,-4.5058,-1.4493
706142,雙鴻統一63購01,2026-09-04,1.15,0.26,29.21,45000000,0,,是,,0.87,0.58,0.58,,188.6667,49.4872,
706147,宜鼎群益59購04,2026-09-04,0.82,-0.5,-37.88,30000000,0,綠增,是,,2.68,4.16,5.15,,-52.5532,-32.3352,-12.7973
706148,宜鼎群益59購05,2026-09-04,0.62,-0.26,-29.55,33000000,0,紅縮,是,,1.39,1.48,1.59,,-11.6751,-0.6693,-23.8015
706149,宜鼎群益59購06,2026-09-04,0.68,-0.35,-33.98,10000000,0,綠增,否,,1.51,1.53,2.15,,-3.3376,-12.1056,-32.1609
706150,旺矽群益63購01,2026-09-04,3.15,0.18,6.06,172000000,0,綠縮,否,,3.31,3.85,4.25,,-24.4637,-7.8802,-12.1334
706153,德微群益63購01,2026-09-04,2.36,-0.04,-1.67,86000000,0,綠轉紅,否,,2.33,2.33,3.09,,-0.5983,-2.6294,-16.4161
706160,宜鼎凱基5C購02,2026-09-04,1.78,-0.22,-11.0,1000000,0,紅縮,否,,2.1,1.95,2.49,,16.574,-7.1088,-17.2952
706168,雙鴻凱基63購01,2026-09-04,1.52,0.35,29.91,94000000,0,紅增,否,,1.14,0.84,0.65,,116.6667,85.7778,19.8339
706169,弘塑群益59購04,2026-09-04,0.56,-0.46,-45.1,30000000,0,,,,,,,,,,
706170,良維群益5C購02,2026-09-04,1.91,0.31,19.38,175000000,0,,是,,1.66,1.37,2.06,,52.2059,-11.4839,-16.0383
706171,旺矽群益59購08,2026-09-04,1.23,0.34,38.2,10000000,0,綠增,否,,2.48,3.12,4.22,,-34.1489,-26.4102,-16.2735
706173,精測群益5B購01,2026-09-04,0.1,0.02,25.0,150000000,0,,是,,0.06,0.07,0.14,,-18.9189,-40.708,-32.7014
706174,雙鴻群益59購09,2026-09-04,2.07,0.28,15.64,60000000,0,,是,,0.97,1.23,,,-34.893,-29.7497,
706178,弘塑富邦63購01,2026-09-04,0.73,-0.04,-5.19,294000000,0,,是,,0.76,0.98,,,-36.6221,-42.3259,
706179,均華富邦5B購01,2026-09-04,1.2,0.18,17.65,43000000,0,紅增,否,,0.97,0.82,0.7,,42.0588,41.6523,5.1013
706180,均華統一63購04,2026-09-04,0.75,0.09,13.64,57000000,0,紅增,是,,0.58,0.48,0.54,,52.6316,-5.8824,-4.4934
706181,良維統一63購03,2026-09-04,0.57,0.06,11.76,2000000,0,,是,,0.55,0.64,,,-26.6129,-32.7424,
706182,旺矽統一63購05,2026-09-04,1.15,-0.48,-29.45,35000000,0,綠增,是,,1.66,1.56,1.87,,12.5,-3.5163,-9.3401
706185,均華元大5C購01,2026-09-04,0.75,0.09,13.64,20000000,0,紅增,否,,0.7,0.55,0.57,,79.0816,39.5408,-0.8681
706190,宜鼎元大59購12,2026-09-04,0.43,-0.24,-35.82,34000000,0,綠增,否,,0.73,0.95,1.33,,-37.6068,-21.0308,-32.9373
706191,宜鼎元大59購13,2026-09-04,1.11,-0.35,-23.97,1000000,0,,否,,1.32,1.48,2.09,,-19.1932,-34.9032,
706194,旺矽元大59購14,2026-09-04,0.74,-0.79,-51.63,1000000,0,綠增,是,,1.86,3.49,4.36,,-63.7286,-32.4439,-12.2229
706195,陽程元大59購01,2026-09-04,9.85,-2.05,-17.23,100000000,0,紅縮,否,,10.75,9.07,5.9,,45.5851,88.112,43.2856
706198,精測元大5C購02,2026-09-04,0.22,-0.03,-12.0,20000000,0,紅縮,否,,0.22,0.2,0.24,,21.7391,1.4925,-14.9466
706201,雙鴻元大59購17,2026-09-04,1.32,0.3,29.41,5000000,0,,是,,0.77,0.53,0.57,,168.0556,34.5178,4.3996
706205,均華國票59購01,2026-09-04,0.98,-0.18,-15.52,99000000,0,紅增,否,,0.92,0.81,1.07,,34.3023,-1.7073,-14.5129
706206,均華國票5B購01,2026-09-04,1.5,0.17,12.78,844000000,0,紅增,否,,1.21,1.02,0.91,,47.4453,33.8158,-10.3973
706207,宜鼎國票65購01,2026-09-04,1.8,0.0,0.0,884000000,0,紅縮,是,,2.0,2.2,2.03,,-16.5275,3.7771,-3.6519
706208,旺矽國票5C購01,2026-09-04,3.05,0.1,3.39,609000000,0,綠縮,否,,3.49,4.33,5.14,,-32.3518,-12.1421,-14.3963
706209,旺矽國票67購01,2026-09-04,3.17,-0.03,-0.94,633000000,0,綠縮,否,,3.44,3.86,4.26,,-19.3065,-7.0171,-11.4185
706210,德微國票65購01,2026-09-04,3.51,-0.09,-2.5,102000000,0,,是,,3.38,2.96,4.07,,32.7573,-30.6738,-14.7586
706213,精測中信5B購01,2026-09-04,0.1,0.0,0.0,519000000,0,綠縮,是,,0.07,0.1,0.17,,-42.8571,-33.557,-22.8507
706214,宜鼎永豐5B購01,2026-09-04,0.79,-0.07,-8.14,50000000,0,紅縮,否,,0.98,1.17,1.09,,-28.1113,1.0327,-8.532
706215,旺矽永豐5C購01,2026-09-04,1.95,0.13,7.14,32000000,0,綠縮,否,,2.12,2.77,3.51,,-37.8664,-28.0624,-9.9654
706216,東捷永豐61購01,2026-09-04,5.4,0.75,16.13,20000000,0,,是,,4.5,6.05,,,-40.8936,,
706223,弘塑元富5C購01,2026-09-04,1.48,0.01,0.68,51000000,0,綠縮,否,,1.52,1.72,2.92,,-20.6897,-32.8376,-26.3483
706224,均華元富59購01,2026-09-04,1.03,0.31,43.06,40000000,0,,是,,1.39,1.67,1.81,,-28.6885,-15.8954,-24.8439
706228,旺矽元富59購06,2026-09-04,0.56,0.05,9.8,20000000,0,綠增,是,,1.38,2.5,2.9,,-62.0728,-28.8396,-9.0425
706234,德微元富59購03,2026-09-04,0.58,-0.02,-3.33,2700000000,0,,是,,3.3,4.03,,,-30.7725,,
706235,雙鴻元富59購05,2026-09-04,4.36,0.86,24.57,20000000,0,紅增,否,,2.2,1.51,1.38,,166.9903,76.6355,4.8725
706239,中美晶兆豐63購01,2026-09-04,5.1,0.19,3.87,2000000,0,綠增,是,,5.06,6.16,5.71,,-30.4264,-6.1796,8.4173
706240,元太兆豐63購01,2026-09-04,1.31,0.14,11.97,155000000,0,綠縮,否,,1.43,1.59,2.03,,-17.8694,-25.2117,-15.3734
706249,宏捷科凱基5C購01,2026-09-04,0.15,-0.01,-6.25,280000000,0,紅增,否,,0.2,0.26,0.6,,-37.037,-46.0123,-37.395
706252,信驊凱基5B購02,2026-09-04,8.6,-0.4,-4.44,126000000,0,紅縮,是,,7.93,7.55,6.27,,10.6306,24.2429,16.1311
706257,台燿中信59購04,2026-09-04,6.6,0.6,10.0,10000000,0,,是,,7.27,8.58,,,-26.4914,,
706258,信驊中信59購01,2026-09-04,3.5,-1.49,-29.86,4000000,0,紅縮,否,,3.61,3.33,2.68,,18.5283,33.4136,18.5907
706259,M31永豐5B購01,2026-09-04,0.25,0.01,4.17,20000000,0,紅縮,否,,0.37,0.39,0.55,,-10.5769,-22.1344,-20.1595
706260,M31永豐5C購01,2026-09-04,0.28,0.0,0.0,1000000,0,紅縮,否,,0.3,0.37,0.39,,-30.2752,-7.0352,-17.1399
706265,良維永豐5B購02,2026-09-04,2.1,0.32,17.98,56000000,0,,是,,1.84,1.57,,,41.0138,-27.4954,
706274,良維群益5C購03,2026-09-04,1.8,0.33,22.45,37000000,0,,是,,1.49,1.24,1.8,,48.8,-3.0398,
706275,信驊群益5B購05,2026-09-04,5.0,0.14,2.88,1000000,0,紅增,否,,4.62,4.36,3.94,,12.567,16.3733,11.2712
706276,聖暉*群益61購01,2026-09-04,1.56,0.11,7.59,195000000,0,,是,,1.68,,,,,,
706282,M31統一63購03,2026-09-04,0.3,0.01,3.45,60000000,0,紅增,是,,0.3,0.32,0.35,,-11.1765,-6.9565,-9.5052
706283,M31富邦5B購01,2026-09-04,0.11,-0.02,-15.38,113000000,0,紅縮,否,,0.14,0.18,0.21,,-35.514,-14.1463,-23.475
706285,信驊富邦5C購01,2026-09-04,4.92,-0.23,-4.47,5000000,0,紅縮,否,,4.77,4.61,4.07,,7.0979,15.6258,13.1685
706287,雙鴻富邦5C購03,2026-09-04,1.18,0.39,49.37,203000000,0,紅增,否,,0.89,0.62,0.45,,155.1724,101.9608,37.9205
706288,M31國票5A購01,2026-09-04,0.04,0.0,0.0,20000000,0,,是,,0.22,0.44,,,-65.4321,-66.28,
706289,天品國票59購01,2026-09-04,0.22,-0.02,-8.33,520000000,0,綠增,是,,0.6,0.83,1.1,,-43.1818,-28.0,-13.8878
706293,沛亨國票5A購02,2026-09-04,0.92,-0.03,-3.16,582000000,0,,是,,0.74,0.67,1.81,,22.1854,-63.0913,-35.1129
706302,沛亨元大59購02,2026-09-04,0.91,-0.12,-11.65,10000000,0,,是,,0.81,1.05,2.41,,-37.4034,-52.7616,
706305,亞泰元大59購01,2026-09-04,4.75,-1.2,-20.17,46000000,0,紅增,是,,4.13,3.4,3.45,,54.3755,5.9172,7.3596
706308,信驊元大59購03,2026-09-04,3.95,-0.28,-6.62,56000000,0,紅縮,否,,3.69,3.61,2.99,,4.6485,18.4383,11.0122
706312,雙鴻元大59購19,2026-09-04,0.75,0.1,15.38,3000000,0,,是,,0.41,0.42,,,-4.2056,-19.2678,
706313,雙鴻元大5C購04,2026-09-04,1.26,0.4,46.51,1000000,0,紅增,否,,0.93,0.72,0.66,,85.6574,44.8485,6.5907
706317,弘塑兆豐5B購01,2026-09-04,0.75,0.09,13.64,5000000,0,,是,,1.03,,,,,,
706318,聖暉*兆豐5B購01,2026-09-04,0.92,0.07,8.24,3000000,0,,是,,1.45,2.31,,,-54.3738,-19.485,
706319,印能凱基5B購01,2026-09-04,3.26,0.51,18.55,8000000,0,綠縮,否,,3.28,4.17,4.38,,-35.1896,-18.2566,-6.1375
706324,聖暉*凱基5B購02,2026-09-04,1.89,0.05,2.72,92000000,0,,是,,1.92,2.25,,,-25.8114,-46.012,
706327,穩得凱基5C購01,2026-09-04,0.9,-0.1,-10.0,13000000,0,,是,,0.96,0.95,,,3.6559,29.5486,
706328,弘塑國票65購01,2026-09-04,1.59,-0.09,-5.36,3000000,0,紅增,否,,1.68,1.77,2.11,,-8.7757,-0.8427,-17.9981
706329,正德國票59購01,2026-09-04,1.64,1.05,177.97,1000000,0,紅增,否,,0.53,0.37,0.33,,136.9369,67.713,-3.207
706331,亞泰國票5A購01,2026-09-04,3.65,-0.22,-5.68,254000000,0,紅縮,否,,3.78,2.97,2.12,,75.7435,75.251,12.1357
706335,前鼎元大59購03,2026-09-04,4.29,0.2,4.89,4000000,0,,是,,3.61,,,,,,
706337,雙鴻元大59購20,2026-09-04,0.86,0.24,38.71,20000000,0,紅增,否,,0.47,0.31,0.27,,211.8421,75.8427,3.6329
706338,雙鴻元大59購21,2026-09-04,0.71,0.1,16.39,60000000,0,,否,,0.42,0.54,,,-36.747,,
706340,穩得元大63購01,2026-09-04,0.8,0.0,0.0,493000000,0,紅縮,是,,0.83,0.84,0.82,,-1.4218,14.1689,-6.7989
706344,德微富邦5C購01,2026-09-04,0.74,-0.01,-1.33,423000000,0,,是,,0.71,0.98,1.29,,-43.0622,-34.3562,
706345,世界統一63購01,2026-09-04,1.04,-0.01,-0.95,50000000,0,綠縮,否,,1.06,1.12,1.43,,-9.215,-12.9283,-7.7171
706347,印能統一63購01,2026-09-04,0.98,0.13,15.29,1000000,0,綠增,是,,1.27,1.36,1.38,,-12.6547,-5.6133,-2.4451
706348,亞泰統一62購02,2026-09-04,2.24,-0.04,-1.75,375000000,0,紅縮,是,,2.23,1.82,1.34,,59.7997,63.8989,11.2355
706351,弘塑永豐5C購03,2026-09-04,0.78,-0.06,-7.14,309000000,0,紅增,否,,0.83,0.92,1.28,,-17.6238,-8.8119,-28.6903
706354,雙鴻永豐61購02,2026-09-04,2.21,0.62,38.99,249000000,0,紅增,否,,1.7,1.24,0.99,,114.9367,59.4872,31.7122
706370,弘塑凱基59購06,2026-09-04,0.02,-0.08,-80.0,449000000,0,綠增,是,,0.89,2.08,2.98,,-72.755,-44.2601,-12.5842
706371,良維凱基61購01,2026-09-04,1.4,0.15,12.0,174000000,0,紅增,否,,1.2,0.96,1.31,,68.1564,-2.1407,-22.8462
706375,譜瑞凱基59購04,2026-09-04,0.38,-0.06,-13.64,23000000,0,紅增,是,,0.57,0.8,1.37,,-44.7471,-39.3156,-37.0353
706379,東捷永豐5A購01,2026-09-04,2.46,0.63,34.43,1000000,0,,是,,1.97,4.25,,,-69.7945,,
706383,均豪元富59購01,2026-09-04,0.47,0.0,0.0,5000000,0,紅增,否,,0.5,0.56,0.75,,-18.0328,-12.5984,-25.1741
706388,雙鴻元富59購08,2026-09-04,0.82,0.08,10.81,50000000,0,紅增,是,,0.65,0.43,0.52,,203.7383,33.7461,-22.4112
706392,雙鴻群益5B購04,2026-09-04,0.86,0.06,7.5,30000000,0,紅增,否,,0.59,0.44,0.36,,103.4247,55.4386,14.4444
706396,東捷國票59購01,2026-09-04,3.77,0.05,1.34,54000000,0,,是,,4.58,,,,,,
706398,原相國票59購01,2026-09-04,0.08,-0.03,-27.27,254000000,0,,是,,0.29,0.6,1.16,,-68.7773,-54.5042,
706399,華義國票5A購02,2026-09-04,0.23,-0.04,-14.81,10000000,0,,否,,0.35,0.48,0.9,,-41.3333,-46.2147,
706411,中美晶凱基5A購01,2026-09-04,2.32,-0.12,-4.92,114000000,0,綠縮,是,,2.44,2.68,4.02,,-16.564,-26.0486,-9.0539
706412,弘塑凱基5B購01,2026-09-04,0.34,-0.03,-8.11,42000000,0,,是,,0.48,2.4,,,-88.9815,-43.51,
706419,弘塑富邦61購01,2026-09-04,0.63,0.02,3.28,1240000000,0,綠轉紅,否,,0.62,0.69,0.97,,-17.2414,-20.0696,-29.8416
706420,宏捷科富邦5B購01,2026-09-04,0.19,-0.01,-5.0,30000000,0,紅縮,否,,0.23,0.26,0.36,,-21.7687,-21.791,-25.9526
706421,宏捷科富邦5C購01,2026-09-04,0.14,0.0,0.0,1030000000,0,紅縮,否,,0.17,0.18,0.23,,-5.4348,-15.566,-35.0427
706423,智通*富邦5B購02,2026-09-04,0.71,-0.02,-2.74,30000000,0,綠縮,否,,0.71,0.8,0.96,,-19.2308,-24.6226,-5.7635
706426,弘塑元大59購06,2026-09-04,0.03,-0.04,-57.14,15000000,0,綠增,是,,0.6,1.02,1.84,,-58.5873,-48.0407,-18.1171
706428,印能元大59購07,2026-09-04,0.81,0.01,1.25,10000000,0,綠增,是,,1.3,1.84,2.06,,-45.7286,-19.9478,-12.651
706432,茂迪元大63購05,2026-09-04,0.17,0.0,0.0,22000000,0,綠縮,否,,0.19,0.22,0.32,,-21.1382,-20.2899,-24.4159
706441,弘塑群益5A購03,2026-09-04,0.8,-0.04,-4.76,55000000,0,,是,,0.93,1.21,2.15,,-37.6171,-48.0291,
706442,印能群益5B購01,2026-09-04,2.13,0.05,2.4,326000000,0,綠增,是,,2.17,2.9,3.05,,-40.4618,-20.4714,-7.7086
706446,湧德群益5C購01,2026-09-04,0.44,-0.13,-22.81,10000000,0,綠縮,否,,0.5,0.51,0.7,,-3.1008,-30.411,-13.0354
706450,環球晶中信59購02,2026-09-04,2.75,-0.04,-1.43,20000000,0,綠縮,否,,2.94,4.51,4.97,,-51.6787,-27.9962,-6.407
706451,中美晶永豐5A購02,2026-09-04,0.82,0.0,0.0,7000000,0,綠增,否,,0.93,1.84,1.69,,-66.1829,-21.5653,1.8329
706452,中美晶永豐5C購01,2026-09-04,0.83,0.03,3.75,15000000,0,綠縮,否,,0.85,1.2,1.41,,-44.89,-32.6026,-3.8488
706453,弘塑永豐63購02,2026-09-04,0.67,-0.05,-6.94,42000000,0,綠縮,否,,0.69,0.75,1.01,,-15.6863,-16.9978,-29.6103
706456,博智永豐5C購01,2026-09-04,2.48,-0.23,-8.49,40000000,0,紅縮,否,,2.61,2.34,2.44,,26.2089,15.1649,-11.5252
706457,華宏永豐5A購01,2026-09-04,0.05,0.01,25.0,21000000,0,綠轉紅,否,,0.05,0.07,0.16,,-47.7273,-52.1429,-33.617
706468,華宏元富5B購01,2026-09-04,0.23,0.02,9.52,21000000,0,紅增,是,,0.18,0.18,0.47,,4.5977,-53.1579,-33.9662
706474,沛亨凱基5B購01,2026-09-04,1.18,-0.08,-6.35,54000000,0,綠增,是,,1.31,3.19,3.55,,-74.2711,-31.065,-11.7384
706476,良維凱基5C購01,2026-09-04,1.73,0.48,38.4,286000000,0,紅增,否,,1.42,1.15,1.64,,61.1364,0.4371,-21.7599
706479,博智凱基61購01,2026-09-04,1.73,-0.09,-4.95,296000000,0,紅縮,是,,1.96,1.77,1.52,,24.3964,35.1186,-2.6316
706484,臺慶科凱基5A購01,2026-09-04,2.11,0.01,0.48,11000000,0,紅增,否,,2.24,2.49,2.75,,-18.354,-1.071,-28.3048
706492,廣明兆豐63購01,2026-09-04,0.31,-0.01,-3.12,99000000,0,綠增,否,,0.37,0.36,0.47,,6.2857,-21.179,-14.2726
706496,宜特群益63購01,2026-09-04,0.64,-0.09,-12.33,499000000,0,綠縮,是,,0.71,0.75,0.93,,-8.6957,-15.7658,-19.4288
706497,博智群益69購01,2026-09-04,0.74,-0.04,-5.13,36000000,0,,否,,0.75,0.7,0.84,,15.7895,-13.2005,
706498,閎康群益63購02,2026-09-04,1.6,-0.02,-1.23,20000000,0,紅增,否,,1.68,1.65,1.92,,3.7129,-5.7813,-14.1678
706503,世界富邦61購01,2026-09-04,0.75,0.03,4.17,856000000,0,綠縮,否,,0.76,0.83,0.91,,-15.3333,-3.4843,-14.7472
706507,中美晶元大5C購02,2026-09-04,2.26,-0.09,-3.83,106000000,0,,是,,2.34,2.36,1.91,,-1.6835,13.5969,10.5977
706512,博智元大59購03,2026-09-04,0.5,-0.09,-15.25,10000000,0,,是,,0.47,0.54,1.08,,-21.5947,-49.9534,-26.7005
706513,博智元大63購01,2026-09-04,1.25,-0.09,-6.72,26000000,0,綠增,否,,1.39,1.58,1.72,,-21.5333,-16.6842,-9.2275
706520,環球晶元大59購06,2026-09-04,5.0,0.0,0.0,5000000,0,,是,,5.29,8.1,6.96,,-51.4757,-5.516,
706521,雙鴻元大59購25,2026-09-04,0.76,0.1,15.15,70000000,0,,是,,0.47,0.44,,,16.3366,-18.9239,
706524,雙鴻中信63購02,2026-09-04,0.68,0.21,44.68,185000000,0,紅增,否,,0.5,0.36,0.3,,116.5217,76.699,15.251
706526,均豪永豐59購02,2026-09-04,0.26,-0.04,-13.33,60000000,0,,是,,0.31,0.47,0.7,,-50.9494,-36.0054,
706534,前鼎國票61購02,2026-09-04,4.63,0.39,9.2,1000000,0,,是,,4.37,3.47,3.17,,69.8289,46.2284,
706544,博智凱基59購07,2026-09-04,0.23,0.0,0.0,100000000,0,紅縮,否,,0.31,0.29,0.33,,14.1791,-2.0478,-31.4525
706545,閎康凱基61購01,2026-09-04,1.24,0.01,0.81,114000000,0,紅增,是,,1.31,1.22,1.68,,16.4894,-13.0342,-21.5352
706548,雙鴻凱基5A購03,2026-09-04,2.2,0.65,41.94,10000000,0,,否,,1.24,1.12,,,25.4545,-3.4602,
706549,穩得凱基63購01,2026-09-04,0.96,-0.1,-9.43,30000000,0,,是,,1.06,1.06,1.31,,0.189,-10.6329,
706555,系微永豐5A購01,2026-09-04,0.03,0.0,0.0,10000000,0,綠縮,否,,0.05,0.09,0.22,,-65.1515,-58.6047,-25.6757
706557,聖暉*永豐5B購01,2026-09-04,0.55,-0.01,-1.79,100000000,0,,否,,0.62,1.31,,,-69.0381,,
706559,博智元富59購01,2026-09-04,0.34,-0.08,-19.05,4000000,0,綠縮,否,,0.44,0.57,1.2,,-37.1105,-50.8967,-24.4473
706564,良維富邦5C購01,2026-09-04,0.59,0.17,40.48,125000000,0,紅增,否,,0.49,0.39,0.4,,63.0872,28.5246,-23.8722
706567,精測富邦5B購01,2026-09-04,0.35,0.04,12.9,251000000,0,紅增,否,,0.29,0.22,0.19,,78.75,53.7931,3.3058
706569,中美晶群益5B購01,2026-09-04,2.64,0.13,5.18,19000000,0,綠縮,否,,2.55,3.99,4.8,,-53.0732,-35.6648,-1.3448
706572,良維群益61購01,2026-09-04,1.52,0.39,34.51,40000000,0,紅增,否,,1.3,1.11,1.33,,41.4847,7.5875,-18.895
706573,博智群益63購01,2026-09-04,3.28,-0.09,-2.67,5000000,0,紅縮,否,,3.31,3.16,2.9,,10.5404,18.6466,-5.5971
706579,精測群益63購01,2026-09-04,0.76,0.01,1.33,416000000,0,紅增,否,,0.69,0.61,0.58,,32.1839,16.092,-7.1025
706594,精測元大5C購03,2026-09-04,0.25,-0.02,-7.41,556000000,0,紅縮,否,,0.25,0.25,0.26,,1.626,-1.5873,-11.4923
706596,中美晶凱基5B購01,2026-09-04,2.87,-0.09,-3.04,39000000,0,,否,,3.05,4.16,3.5,,-42.0273,3.5332,
706599,弘塑凱基59購07,2026-09-04,0.01,-0.05,-83.33,47000000,0,綠縮,否,,0.21,1.13,2.39,,-89.5098,-61.7837,-19.4304
706600,永信建凱基59購01,2026-09-04,0.73,0.01,1.39,6000000,0,綠縮,是,,0.75,0.89,1.16,,-27.9383,-25.2094,-17.6617
706612,弘塑國票5C購01,2026-09-04,0.36,-0.01,-2.7,5000000,0,綠轉紅,否,,0.38,0.45,0.68,,-25.969,-25.7851,-31.1576
706622,鈊象國票5A購02,2026-09-04,0.25,-0.01,-3.85,366000000,0,綠增,否,,0.28,0.53,0.59,,-63.4961,-22.5948,-20.6827
706625,譜瑞國票5A購01,2026-09-04,0.67,0.07,11.67,75000000,0,紅增,否,,0.73,0.88,1.24,,-29.3436,-26.3333,-34.1722
706635,弘塑元大59購12,2026-09-04,0.35,-0.1,-22.22,20000000,0,,是,,0.57,0.7,,,-30.2439,-61.1173,
706647,弘塑群益5B購02,2026-09-04,0.32,-0.02,-5.88,1000000,0,綠縮,否,,0.37,0.58,1.11,,-51.928,-47.9204,-38.1297
706650,雙鴻群益59購12,2026-09-04,1.45,-0.02,-1.36,12000000,0,,是,,1.08,0.89,0.99,,52.8409,11.25,
706655,系微國泰5A購01,2026-09-04,0.04,-0.03,-42.86,5000000,0,綠縮,否,,0.17,0.3,0.72,,-61.0092,-63.494,-27.1486
706659,弘塑富邦61購02,2026-09-04,0.46,0.0,0.0,390000000,0,紅增,否,,0.48,0.52,0.72,,-13.3574,-14.5455,-30.1887
706660,均豪富邦61購01,2026-09-04,0.52,0.01,1.96,367000000,0,紅縮,否,,0.51,0.5,0.44,,5.3719,26.4631,-10.2249
706662,沛亨富邦61購01,2026-09-04,0.73,0.0,0.0,834000000,0,紅增,是,,0.64,0.56,0.68,,31.5574,18.6975,-26.884
706663,華電網富邦5C購01,2026-09-04,0.07,0.01,16.67,400000000,0,綠轉紅,是,,0.07,0.07,0.12,,-21.4286,-25.0,-31.0056
706664,系微永豐5C購02,2026-09-04,0.23,-0.01,-4.17,5000000,0,紅增,否,,0.25,0.29,0.39,,-21.118,-20.0,-27.427
706673,弘塑元富5C購02,2026-09-04,0.7,-0.04,-5.41,50000000,0,綠轉紅,否,,0.74,0.84,1.3,,-20.985,-26.7951,-32.4423
706678,雙鴻兆豐5B購03,2026-09-04,1.88,0.32,20.51,25000000,0,,否,,1.2,0.87,0.87,,121.8519,35.5694,8.7093
706679,立碁群益59購01,2026-09-04,0.31,-0.29,-48.33,20000000,0,,是,,0.49,0.68,,,-42.6914,,
706695,立碁永豐5A購01,2026-09-04,0.7,-0.16,-18.6,42000000,0,,否,,0.92,0.96,0.78,,-7.9681,32.7824,
706696,立碁永豐5B購01,2026-09-04,0.88,-0.39,-30.71,30000000,0,紅縮,否,,1.13,0.9,0.69,,69.8795,51.0961,19.3772
706699,立碁元富59購01,2026-09-04,1.24,-0.65,-34.39,7000000,0,紅縮,否,,1.8,1.36,1.07,,95.6427,57.6074,3.6179
706700,立碁元富59購02,2026-09-04,0.58,-0.39,-40.21,62000000,0,,否,,0.92,0.72,0.67,,76.6284,32.2344,
706701,立碁元富59購03,2026-09-04,0.25,-0.18,-41.86,900000000,0,,是,,0.48,0.37,,,79.6992,-0.2681,
706704,聖暉*中信59購01,2026-09-04,0.38,0.02,5.56,10000000,0,綠縮,否,,0.62,0.97,1.7,,-53.1722,-40.1109,-20.3055
706705,立碁國票5A購01,2026-09-04,0.92,-0.21,-18.58,362000000,0,,是,,1.01,0.74,0.69,,113.0252,39.2523,
706708,閎康國票61購01,2026-09-04,0.92,-0.09,-8.91,142000000,0,紅縮,否,,1.05,1.15,1.18,,-16.1085,-0.8598,-19.6052
706710,良維統一62購02,2026-09-04,0.85,0.17,25.0,50000000,0,紅增,否,,0.72,0.6,0.59,,46.5306,31.0195,-16.9468
706711,宜特統一62購02,2026-09-04,0.43,0.0,0.0,20000000,0,紅增,否,,0.44,0.47,0.52,,-10.9312,-6.6,-15.1067
706712,信紘科統一63購02,2026-09-04,0.41,0.09,28.13,331000000,0,綠縮,是,,0.34,0.38,0.51,,-18.8679,-25.2918,-16.1765
706714,閎康統一63購01,2026-09-04,0.34,0.0,0.0,31000000,0,紅縮,否,,0.36,0.42,0.4,,-22.5532,2.963,-15.7785
706715,萬泰科統一62購02,2026-09-04,0.82,0.03,3.8,3000000,0,,否,,1.02,1.21,,,-27.9037,-23.7288,
706738,世紀*凱基59購03,2026-09-04,5.9,-1.5,-20.27,27000000,0,紅縮,否,,6.46,3.98,2.19,,328.382,341.196,228.3146
706740,立碁凱基59購01,2026-09-04,0.15,-0.11,-42.31,57000000,0,,否,,0.32,0.28,,,29.5082,0.0,
706749,雙鴻凱基61購01,2026-09-04,2.17,0.53,32.32,112000000,0,紅增,否,,1.7,1.25,0.95,,115.6962,77.8887,21.7252
706754,世紀*國票5A購02,2026-09-04,5.35,-0.65,-10.83,1149000000,0,紅縮,是,,6.01,4.13,2.18,,165.9292,248.6509,171.7853
706755,矽科國票5A購01,2026-09-04,0.03,-0.01,-25.0,40000000,0,,是,,0.36,0.67,,,-63.4146,-30.0728,
706757,常珵國票59購02,2026-09-04,0.04,-0.01,-20.0,200000000,0,綠增,是,,0.14,0.24,0.42,,-58.4337,-42.1182,-33.75
706760,順達國票5B購01,2026-09-04,0.9,0.07,8.43,11000000,0,紅增,否,,0.89,0.91,0.99,,-5.3191,7.1429,-22.9175
706761,聖暉*國票5A購04,2026-09-04,0.47,0.07,17.5,80000000,0,綠縮,否,,0.5,0.74,1.89,,-49.5935,-49.2107,-41.0497
706779,精材元大59購02,2026-09-04,9.5,0.2,2.15,15000000,0,,是,,6.56,,,,,,
706784,聖暉*國泰5A購01,2026-09-04,0.75,0.03,4.17,84000000,0,,是,,0.84,1.3,,,-52.1542,,
706785,聖暉*國泰5A購02,2026-09-04,0.49,-0.02,-3.92,5000000,0,綠縮,否,,0.65,1.89,2.7,,-79.0653,-47.586,-13.8085
706786,世界群益59購03,2026-09-04,1.83,-0.12,-6.15,21000000,0,綠縮,是,,2.21,3.28,6.21,,-49.2647,-54.3874,-12.8881
706790,順達群益5B購02,2026-09-04,1.24,0.11,9.73,23000000,0,綠縮,否,,1.19,1.29,1.64,,-13.8728,-15.2632,-11.3575
706793,元太富邦5B購02,2026-09-04,0.46,0.0,0.0,154000000,0,,是,,0.67,0.98,,,-48.1481,,
706799,立碁統一63購01,2026-09-04,0.67,-0.06,-8.22,52000000,0,,否,,0.69,0.57,,,52.8889,22.6293,
706800,立碁統一66購01,2026-09-04,0.58,-0.12,-17.14,337000000,0,,是,,0.66,,,,,,
706801,順達統一63購02,2026-09-04,0.71,0.01,1.43,174000000,0,紅增,否,,0.7,0.66,0.76,,13.961,-7.4438,-9.5352
706803,聖暉*統一65購01,2026-09-04,0.61,-0.01,-1.61,224000000,0,綠縮,否,,0.64,0.69,1.1,,-13.5501,-30.715,-19.7301
706804,雙鴻統一66購01,2026-09-04,0.85,0.13,18.06,99000000,0,紅增,否,,0.69,0.52,0.42,,98.8439,57.622,18.9802
706805,順達中信59購01,2026-09-04,0.06,-0.09,-60.0,40000000,0,綠增,是,,0.13,0.23,0.42,,-59.8765,-52.9046,-23.7705
706823,東捷凱基59購02,2026-09-04,2.16,0.9,71.43,40000000,0,綠縮,否,,1.84,1.79,3.9,,5.0286,-40.655,-34.439
706825,前鼎凱基5B購01,2026-09-04,6.95,0.75,12.1,1000000,0,紅增,否,,4.62,3.52,2.98,,90.6018,58.1427,4.2497
706843,鈊象元大5C購04,2026-09-04,0.41,0.0,0.0,34000000,0,綠增,否,,0.45,0.64,0.64,,-46.1538,-13.8627,-13.7307
706844,鈊象元大63購04,2026-09-04,0.28,0.0,0.0,599000000,0,綠增,是,,0.29,0.41,0.41,,-43.4615,-13.5881,-13.1692
706845,萬泰科元大63購01,2026-09-04,0.97,0.07,7.78,10000000,0,,是,,0.98,1.18,1.46,,-28.821,-20.9677,
706847,雙鴻元大59購29,2026-09-04,1.7,0.48,39.34,5000000,0,紅增,否,,1.25,0.85,0.68,,172.0524,89.755,25.2085
706850,東捷永豐5C購01,2026-09-04,2.48,-0.06,-2.36,76000000,0,,是,,2.37,2.45,3.57,,-6.5457,-23.6777,
706852,鈊象永豐5B購01,2026-09-04,0.29,0.01,3.57,175000000,0,綠縮,否,,0.31,0.43,0.48,,-43.7956,-23.8434,-12.7173
706853,東捷國泰5A購02,2026-09-04,2.81,0.0,0.0,20000000,0,,是,,2.77,2.91,,,-8.9297,,
706857,匯鑽科元富5A購01,2026-09-04,0.52,0.16,44.44,1054000000,0,,是,,0.35,0.42,,,-26.8595,-20.794,
706859,漢科元富5A購01,2026-09-04,0.33,-0.16,-32.65,26000000,0,綠縮,否,,0.53,0.82,1.33,,-52.4237,-40.9907,-20.0784
706861,德微元富59購04,2026-09-04,3.2,-0.43,-11.85,2000000,0,,是,,,,,,,,
706862,穩得元富59購02,2026-09-04,0.39,-0.08,-17.02,5000000,0,,是,,0.51,0.77,,,-50.7752,-41.7549,
706865,東捷群益62購01,2026-09-04,6.0,1.0,20.0,1000000,0,,是,,4.78,4.55,,,10.7407,,
706866,東捷群益63購02,2026-09-04,3.66,0.32,9.58,9000000,0,,否,,3.29,3.27,4.09,,1.107,-0.8189,-22.2423
706868,順達群益5A購02,2026-09-04,0.4,-0.18,-31.03,1000000,0,,是,,0.74,1.12,1.44,,-50.4,-28.6713,
706872,聖暉*群益5C購01,2026-09-04,0.96,-0.07,-6.8,47000000,0,綠縮,是,,1.09,1.37,2.17,,-33.6175,-34.39,-14.6543
706878,神盾國票62購01,2026-09-04,0.35,0.03,9.38,10000000,0,綠縮,否,,0.36,0.41,0.58,,-23.9316,-26.6904,-18.4118
706887,東捷元大5C購01,2026-09-04,4.06,0.5,14.04,26000000,0,,是,,3.65,5.38,,,-48.6646,,
706890,順達元大59購08,2026-09-04,0.09,-0.08,-47.06,24000000,0,,是,,0.23,0.51,0.98,,-70.5882,-55.8849,
706892,鈊象元大63購05,2026-09-04,1.09,0.01,0.93,146000000,0,綠縮,否,,1.11,1.34,1.35,,-29.172,-10.719,-6.6598
706901,聖暉*凱基5B購03,2026-09-04,0.71,-0.02,-2.74,80000000,0,,是,,1.09,2.59,,,-73.3757,-38.0941,
706902,雙鴻凱基59購18,2026-09-04,3.31,1.35,68.88,1000000,0,,否,,1.7,1.39,1.86,,57.6994,-5.8943,
706903,台燿國票5B購02,2026-09-04,8.3,-1.45,-14.87,5000000,0,,否,,9.15,11.79,,,-36.6043,,
706906,蜜望實國票59購01,2026-09-04,4.81,0.71,17.32,30000000,0,綠縮,是,,4.18,5.32,8.59,,-35.172,-43.6964,-6.9708
706915,中光電永豐5B購01,2026-09-04,0.77,-0.16,-17.2,22000000,0,綠增,否,,1.65,1.56,1.91,,12.381,-12.3526,3.4389
706916,元太永豐5B購01,2026-09-04,0.78,-0.16,-17.02,100000000,0,,否,,1.01,1.41,,,-44.4199,-32.4376,
706919,雙鴻永豐5C購02,2026-09-04,1.99,0.46,30.07,2000000,0,紅增,否,,1.54,1.16,0.9,,97.4293,66.4748,28.2749
706922,宜特永豐5C購02,2026-09-04,0.49,-0.11,-18.33,66000000,0,綠縮,否,,0.58,0.61,1.05,,-9.3168,-32.0796,-22.1519
706924,勤凱永豐61購01,2026-09-04,0.74,0.01,1.37,20000000,0,紅增,否,,0.77,0.71,0.81,,19.1358,8.2317,-25.4462
706925,匯鑽科永豐61購01,2026-09-04,1.22,0.55,82.09,1161000000,0,紅增,是,,0.61,0.47,0.51,,80.4734,19.0955,-3.6689
706930,良維凱基5A購03,2026-09-04,1.2,0.36,42.86,3000000,0,,否,,1.02,1.98,3.08,,-65.5593,-45.5967,
706934,千附國票5B購01,2026-09-04,1.17,-0.06,-4.88,3000000,0,綠縮,否,,1.24,1.53,1.91,,-31.9032,-38.88,-0.6239
706940,華電網國泰5B購01,2026-09-04,0.07,-0.01,-12.5,60000000,0,綠縮,是,,0.1,0.15,0.32,,-49.505,-41.7625,-35.2882
706948,印能元大64購01,2026-09-04,2.25,0.18,8.7,166000000,0,綠縮,是,,2.2,2.42,2.53,,-16.4894,-16.2912,0.0594
706949,良維元大61購01,2026-09-04,3.18,0.73,29.8,109000000,0,,是,,2.73,2.36,2.28,,37.0482,21.5757,
706953,鈊象元大64購02,2026-09-04,0.57,0.0,0.0,183000000,0,綠增,否,,0.64,0.79,0.8,,-31.8376,-7.5206,-10.5909
706963,匯鑽科群益5C購01,2026-09-04,0.93,0.3,47.62,2115000000,0,,是,,0.52,0.43,0.59,,54.7619,-20.1493,
706966,千附精凱基5B購01,2026-09-04,5.25,0.26,5.21,2000000,0,紅增,否,,4.77,4.05,4.51,,43.3033,-5.8345,3.3723
706967,世紀*凱基5A購01,2026-09-04,6.0,0.9,17.65,24000000,0,紅縮,否,,5.71,3.81,2.02,,198.3281,270.4568,188.7616
706968,印能凱基64購01,2026-09-04,1.88,0.06,3.3,120000000,0,綠增,是,,1.89,2.34,2.42,,-32.4982,-17.1975,-6.6564
706973,宏碩國票5C購01,2026-09-04,0.18,0.01,5.88,1098000000,0,紅增,是,,0.19,0.14,0.19,,93.75,10.1563,-33.0935
706976,新門國票61購01,2026-09-04,0.49,0.0,0.0,638000000,0,綠轉紅,是,,0.48,0.38,0.55,,75.3623,-12.2402,-8.3195
706978,印能國泰5B購01,2026-09-04,2.52,0.25,11.01,90000000,0,綠縮,否,,2.55,3.26,3.33,,-35.998,-15.0521,-11.1897
706979,穩得國泰5B購01,2026-09-04,1.26,0.0,0.0,40000000,0,紅縮,否,,1.39,1.34,1.39,,7.9316,17.6937,-14.4656
706980,神盾統一64購01,2026-09-04,0.43,0.02,4.88,368000000,0,紅增,是,,0.42,0.43,0.49,,-1.8519,-6.9565,-13.2861
706981,神盾統一64購02,2026-09-04,0.41,0.0,0.0,430000000,0,紅增,是,,0.41,0.43,0.47,,-6.3636,-2.069,-14.6739
706982,印能永豐64購01,2026-09-04,2.45,0.26,11.87,196000000,0,綠縮,是,,2.37,2.55,2.96,,-13.5766,-16.3993,-4.17
706985,原相永豐5B購02,2026-09-04,0.83,-0.01,-1.19,20000000,0,綠增,否,,1.21,1.26,1.7,,-8.0547,-18.1465,-13.0301
706986,神盾永豐5C購02,2026-09-04,0.38,0.03,8.57,4000000,0,紅增,否,,0.38,0.41,0.48,,-13.1818,-12.1795,-24.3519
706988,撼訊永豐5C購01,2026-09-04,1.62,-0.01,-0.61,10000000,0,,否,,1.86,2.18,,,-25.4996,-20.2703,
706991,世紀*元大5A購01,2026-09-04,1.91,-0.09,-4.5,264000000,0,紅縮,否,,2.22,1.59,0.86,,134.1053,196.6355,142.8973
706995,匯鑽科元大5A購03,2026-09-04,0.68,0.25,58.14,166000000,0,,是,,0.4,0.54,0.59,,-40.9496,-8.8435,
707002,鈊象群益5A購01,2026-09-04,0.32,-0.08,-20.0,5000000,0,,否,,1.0,1.12,,,-19.9357,,
707003,群翊群益5B購01,2026-09-04,1.47,-0.39,-20.97,54000000,0,,是,,1.78,1.91,,,-12.9412,,
707004,雙鴻群益5A購05,2026-09-04,10.0,2.65,36.05,51000000,0,紅增,否,,7.47,4.78,3.88,,257.6077,130.5689,22.4326
707006,台嘉碩元大5A購01,2026-09-04,0.66,-0.07,-9.59,48000000,0,綠轉紅,是,,0.75,0.77,1.03,,-5.303,-6.7715,-23.8113
707009,印能元大5A購05,2026-09-04,1.27,0.03,2.42,87000000,0,,是,,1.42,2.15,2.35,,-51.0712,-20.7138,-19.8399
707011,印能元大5B購01,2026-09-04,1.54,0.07,4.76,256000000,0,綠縮,是,,1.56,1.91,2.32,,-30.885,-24.6154,-6.3701
707012,印能元大5C購02,2026-09-04,1.05,0.15,16.67,520000000,0,綠縮,是,,1.03,1.24,1.66,,-28.6704,-27.4487,-11.2774
707013,印能元大61購01,2026-09-04,2.3,0.0,0.0,2000000,0,,否,,2.62,2.34,2.04,,26.6215,29.0518,
707014,印能元大64購02,2026-09-04,1.14,0.24,26.67,1000000,0,綠轉紅,否,,1.03,1.03,1.12,,0.0,-3.1103,-3.1615
707016,宏捷科元大5A購02,2026-09-04,0.16,-0.01,-5.88,1000000,0,,是,,0.29,0.45,,,-53.0945,-62.037,
707017,宏捷科元大5C購03,2026-09-04,0.38,-0.05,-11.63,30000000,0,,是,,0.48,0.49,0.89,,-5.5336,-39.3342,
707024,廣閎科元大5A購01,2026-09-04,3.3,0.23,7.49,10000000,0,綠縮,是,,3.08,5.0,4.88,,-55.5202,-23.7841,2.0063
707025,雙鴻元大61購11,2026-09-04,3.5,0.25,7.69,40000000,0,,是,,2.34,2.21,,,11.6635,,
707028,印能凱基5A購03,2026-09-04,0.49,-0.35,-41.67,14000000,0,綠增,否,,0.69,1.55,1.65,,-71.3455,-28.287,-23.5539
707038,衛司特凱基5A購01,2026-09-04,0.64,-0.16,-20.0,10000000,0,綠縮,否,,0.86,0.89,1.35,,-7.3276,-31.5467,-16.4147
707040,千如國票5B購01,2026-09-04,1.27,0.31,32.29,8000000,0,綠縮,否,,1.18,1.08,2.34,,20.6122,-35.4241,-29.5749
707041,台嘉碩國票5A購01,2026-09-04,0.77,0.13,20.31,19000000,0,紅增,否,,0.83,0.92,1.06,,-17.1315,-6.7073,-28.8455
707042,印能國票5B購01,2026-09-04,0.67,0.12,21.82,810000000,0,綠縮,是,,0.66,0.79,1.07,,-27.4123,-31.1461,-8.5971
707043,沛亨國票5B購01,2026-09-04,0.76,-0.05,-6.17,67000000,0,綠轉紅,是,,0.65,0.68,1.37,,-10.2778,-44.2904,-21.6681
707045,茂綸國票5B購01,2026-09-04,0.59,-0.1,-14.49,40000000,0,紅轉綠,否,,0.65,0.72,0.77,,-17.8392,-7.7608,-12.9051
707046,博盛國票5B購01,2026-09-04,1.05,0.05,5.0,10000000,0,紅增,否,,0.99,0.89,1.26,,23.5589,-1.978,-28.4208
707048,雙鴻中信64購01,2026-09-04,1.2,0.02,1.69,25000000,0,紅增,否,,0.95,0.78,0.63,,59.0,43.3579,15.6737
707050,印能永豐5A購02,2026-09-04,0.37,-0.03,-7.5,3000000,0,綠增,否,,0.6,1.04,1.15,,-59.2391,-29.9053,-15.215
707051,印能永豐61購01,2026-09-04,1.33,0.11,9.02,469000000,0,綠縮,是,,1.35,1.89,2.13,,-44.2244,-24.2983,-4.7715
707055,宏碩永豐61購01,2026-09-04,0.22,0.01,4.76,26000000,0,綠縮,是,,0.19,0.16,0.27,,51.6129,-34.4538,-24.3357
707056,宜特永豐5B購01,2026-09-04,0.72,0.02,2.86,51000000,0,,是,,0.8,0.94,1.48,,-27.1062,-36.8139,
707057,威聯通永豐5A購01,2026-09-04,0.11,-0.01,-8.33,117000000,0,紅縮,是,,0.24,0.27,0.35,,-20.0,-12.3377,-20.6422
707060,智通*永豐5C購01,2026-09-04,1.27,-0.02,-1.55,10000000,0,綠增,否,,1.45,1.97,1.86,,-41.4516,-8.9393,-0.6153
707061,鈺太永豐5C購01,2026-09-04,0.23,0.02,9.52,550000000,0,,是,,0.32,0.6,,,-63.3867,,
707063,台嘉碩國泰5B購01,2026-09-04,2.73,0.28,11.43,5000000,0,紅縮,否,,2.79,2.77,2.78,,1.0152,6.9032,-19.2419
707068,雙鴻富邦5C購06,2026-09-04,2.27,0.31,15.82,9000000,0,紅增,是,,1.44,1.17,1.05,,58.5903,34.633,2.0854
707071,立碁統一67購01,2026-09-04,0.72,-0.08,-10.0,20000000,0,,否,,0.76,0.66,,,37.9061,,
707072,立碁統一74購01,2026-09-04,0.78,-0.04,-4.88,104000000,0,,是,,0.81,0.72,0.65,,25.8567,13.4585,
707073,印能統一63購02,2026-09-04,0.93,0.05,5.68,23000000,0,綠縮,否,,0.81,0.9,0.96,,-18.5111,-14.8253,0.2087
707074,印能統一74購01,2026-09-04,1.44,0.02,1.41,8000000,0,綠縮,否,,1.46,1.59,1.72,,-14.5029,-12.9528,-3.426
707075,沛亨統一74購01,2026-09-04,0.74,-0.04,-5.13,20000000,0,紅增,否,,0.69,0.62,0.65,,23.2143,11.6071,-13.0054
707077,東捷統一63購01,2026-09-04,1.77,0.32,22.07,3000000,0,,否,,1.98,2.6,,,-38.7237,-24.0444,
707078,能率統一67購01,2026-09-04,0.74,-0.01,-1.33,71000000,0,紅縮,是,,0.79,0.83,0.79,,-9.1954,12.6187,-5.9175
707079,華電網統一64購01,2026-09-04,0.14,0.01,7.69,10000000,0,綠轉紅,否,,0.14,0.15,0.19,,-6.4935,-11.8343,-17.1875
707082,順達統一63購03,2026-09-04,0.64,0.03,4.92,44000000,0,紅增,否,,0.63,0.62,0.6,,0.3205,20.1923,-14.4189
707087,廣閎科統一74購01,2026-09-04,1.12,0.04,3.7,31000000,0,綠縮,否,,1.04,1.05,1.12,,-2.0677,3.3366,-6.6222
707089,雙鴻統一62購05,2026-09-04,1.48,0.29,24.37,14000000,0,紅增,是,,1.1,0.82,0.82,,100.7299,16.0563,5.1053
707090,雙鴻統一66購02,2026-09-04,1.24,0.27,27.84,76000000,0,紅增,否,,1.01,0.79,0.64,,72.8522,50.0945,17.3236
707103,中光電兆豐64購01,2026-09-04,1.57,-0.11,-6.55,41000000,0,綠增,否,,1.95,1.93,2.17,,2.7368,-6.5049,1.2144
707108,群翊群益5C購01,2026-09-04,0.65,-0.07,-9.72,20000000,0,綠縮,否,,0.7,0.92,1.18,,-38.3128,-31.2407,-18.7436
707118,廣閎科凱基5A購01,2026-09-04,3.27,-0.32,-8.91,7000000,0,,否,,3.52,3.43,,,5.2065,,
707121,正淩國票5B購02,2026-09-04,0.19,0.04,26.67,19000000,0,,否,,0.57,0.76,,,-39.1489,,
707123,耕興國票5B購01,2026-09-04,0.17,-0.05,-22.73,10000000,0,綠增,否,,0.3,0.36,0.47,,-29.0476,-30.695,-13.7489
707126,頎邦國票5B購01,2026-09-04,7.2,0.0,0.0,5000000,0,,是,,4.83,5.96,,,-31.8657,,
707129,宜特富邦5C購01,2026-09-04,0.51,-0.07,-12.07,75000000,0,,否,,0.55,0.55,0.64,,1.0949,-7.2391,-18.2402
707133,正淩統一63購01,2026-09-04,0.47,0.03,6.82,183000000,0,紅增,是,,0.42,0.41,0.44,,0.9709,3.7594,-17.4115
707136,協易機統一66購01,2026-09-04,0.33,-0.01,-2.94,6000000,0,綠增,否,,0.37,0.36,0.44,,0.5495,-13.3017,-10.2747
707141,群翊統一63購01,2026-09-04,0.51,-0.09,-15.0,312000000,0,紅縮,否,,0.54,0.54,0.56,,0.7407,-0.7326,-6.3238
707142,群翊統一74購01,2026-09-04,0.44,-0.06,-12.0,15000000,0,紅縮,否,,0.47,0.46,0.49,,2.193,-1.7058,-2.5075
707146,均豪永豐5A購01,2026-09-04,1.56,-0.1,-6.02,165000000,0,,是,,1.64,1.66,,,-3.3097,,
707147,宏捷科永豐5C購01,2026-09-04,0.44,-0.01,-2.22,10000000,0,,是,,0.53,0.59,0.95,,-17.7019,-7.4132,
707153,陽程永豐5C購01,2026-09-04,14.7,-1.2,-7.55,1000000,0,,否,,7.78,6.29,6.33,,61.5289,13.0771,
707167,雙鴻元大61購12,2026-09-04,3.17,-0.17,-5.09,3000000,0,,是,,2.76,2.34,,,42.9016,11.09,
707169,台燿凱基61購02,2026-09-04,4.46,-0.04,-0.89,37000000,0,,是,,5.4,4.48,5.98,,51.9977,-20.0643,
707176,群翊凱基5C購01,2026-09-04,0.45,-0.12,-21.05,498000000,0,紅縮,是,,0.6,0.62,0.75,,-6.8323,-11.0157,-20.8531
707177,頎邦凱基5A購02,2026-09-04,6.05,1.11,22.47,10000000,0,,是,,8.48,,,,,,
707179,台半群益5A購01,2026-09-04,4.46,-0.15,-3.25,10000000,0,,是,,4.19,7.17,,,-58.6391,,
707183,華景電群益5A購01,2026-09-04,0.21,-0.1,-32.26,10000000,0,,否,,1.17,1.59,1.79,,-41.7747,-25.0354,
707184,陽程群益5A購01,2026-09-04,10.5,-1.9,-15.32,1000000,0,,否,,10.09,6.65,5.21,,214.9189,91.7219,
707185,勤凱群益5B購01,2026-09-04,1.5,-0.08,-5.06,430000000,0,,是,,2.73,5.65,,,-68.0831,,
707193,雙鴻國泰67購01,2026-09-04,5.3,1.34,33.84,71000000,0,紅增,否,,4.16,3.11,2.46,,101.8429,57.0131,28.6387
707200,華景電統一74購01,2026-09-04,0.52,-0.03,-5.45,3000000,0,綠增,否,,0.55,0.55,0.62,,0.3636,-5.1635,-8.9247
707203,群翊統一64購01,2026-09-04,0.53,-0.06,-10.17,30000000,0,紅縮,否,,0.56,0.56,0.63,,-0.7092,-12.1875,-6.1057
707204,群翊統一74購02,2026-09-04,0.6,-0.08,-11.76,15000000,0,紅縮,否,,0.63,0.62,0.67,,1.2903,-4.1475,-2.82
707205,頎邦統一64購03,2026-09-04,2.3,-0.39,-14.5,5000000,0,紅增,否,,2.34,2.1,2.4,,25.6438,2.6354,-15.7544
707209,台燿元大64購04,2026-09-04,2.67,-0.19,-6.64,1000000,0,,否,,3.3,2.96,3.2,,25.8581,12.6712,
707213,良維元大5B購01,2026-09-04,1.9,0.42,28.38,124000000,0,,是,,1.64,1.39,,,43.4326,-9.0314,
707215,信紘科元大5A購01,2026-09-04,0.27,0.1,58.82,1959000000,0,綠縮,是,,0.21,0.29,0.55,,-42.7807,-42.3529,-30.1899
707221,雙鴻元大64購02,2026-09-04,3.52,-0.01,-0.28,27000000,0,紅增,否,,3.05,2.36,1.89,,82.5359,55.5995,27.2482
707222,世界永豐61購01,2026-09-04,1.46,0.06,4.29,31000000,0,綠縮,否,,1.5,1.7,2.2,,-20.5913,-18.5523,-10.7801
707223,台半永豐5B購01,2026-09-04,3.62,-0.37,-9.27,30000000,0,,是,,5.93,,,,,,
707227,華景電永豐5C購01,2026-09-04,0.72,-0.06,-7.69,10000000,0,紅縮,否,,0.85,0.84,0.93,,0.7143,-1.5187,-21.1904
707237,頎邦凱基5B購01,2026-09-04,5.2,0.25,5.05,10000000,0,紅增,否,,4.4,3.66,4.17,,50.2392,30.8435,-23.0038
707238,廣閎科凱基5A購02,2026-09-04,1.07,-0.11,-9.32,295000000,0,綠縮,是,,1.1,1.21,2.8,,-17.2205,-56.4905,-13.3788
707239,雙鴻凱基5A購06,2026-09-04,1.33,0.72,118.03,26000000,0,紅增,是,,0.82,0.49,0.37,,418.9873,219.6078,3.9773
707244,湧德元大5A購03,2026-09-04,0.02,-0.02,-50.0,23000000,0,綠縮,否,,0.03,0.08,0.15,,-71.1864,-56.0694,-27.4232
707246,鈊象元大61購01,2026-09-04,0.98,-0.03,-2.97,57000000,0,綠增,否,,1.12,1.34,1.31,,-27.5773,-4.0172,-7.414
707247,新盛力元大5A購01,2026-09-04,3.25,0.45,16.07,10000000,0,綠增,否,,3.6,3.39,3.55,,13.191,2.414,-3.3615
707251,順達國票5B購02,2026-09-04,0.45,0.04,9.76,241000000,0,紅增,否,,0.45,0.49,0.57,,-12.3552,-0.6135,-28.5893
707253,新盛力國票5B購01,2026-09-04,3.91,0.45,13.01,30000000,0,紅縮,是,,3.97,3.79,3.66,,9.856,25.0412,-2.958
707258,東捷永豐64購01,2026-09-04,2.93,0.49,20.08,231000000,0,,是,,2.66,2.76,3.94,,-6.7227,-24.4457,
707262,新盛力永豐5C購01,2026-09-04,4.81,0.59,13.98,20000000,0,,否,,5.1,5.07,5.16,,1.2306,-2.1429,
707263,萬泰科永豐64購01,2026-09-04,0.79,0.05,6.76,1000000,0,綠縮,否,,0.78,0.82,1.09,,-8.6651,-24.3519,-11.3821
707266,東捷統一64購02,2026-09-04,1.51,0.36,31.3,1024000000,0,綠轉紅,是,,1.18,1.15,1.58,,5.0,-16.0205,-18.806
707268,華景電統一63購01,2026-09-04,0.34,-0.01,-2.86,325000000,0,紅縮,否,,0.39,0.39,0.38,,-1.5228,9.2179,-14.9502
707269,勤凱統一74購01,2026-09-04,0.74,0.02,2.78,30000000,0,紅增,否,,0.74,0.68,0.84,,18.2692,-10.0396,-16.9709
707273,新盛力統一74購02,2026-09-04,1.16,0.06,5.45,152000000,0,紅縮,否,,1.17,1.06,1.05,,23.1092,12.6193,-0.5695
707274,群翊統一64購02,2026-09-04,0.4,-0.06,-13.04,50000000,0,紅縮,是,,0.42,0.42,0.49,,-3.2407,-5.3452,-7.7652
707276,頎邦統一74購01,2026-09-04,1.24,-0.08,-6.06,144000000,0,紅縮,否,,1.23,1.13,1.11,,19.5736,17.6532,-6.7675
707277,廣閎科統一74購02,2026-09-04,0.86,0.03,3.61,23000000,0,綠縮,是,,0.81,0.79,0.97,,3.0691,-11.4827,-1.4177
707278,德微統一64購01,2026-09-04,0.88,0.0,0.0,376000000,0,綠轉紅,是,,0.86,0.86,1.13,,-0.4619,1.7668,-15.8482
707279,久元凱基61購01,2026-09-04,0.36,-0.07,-16.28,30000000,0,紅縮,否,,0.4,0.4,0.56,,-0.9852,-21.2476,-25.1673
707281,台星科凱基5A購01,2026-09-04,0.21,-0.04,-16.0,27000000,0,綠縮,否,,0.27,0.38,0.72,,-43.6214,-49.1299,-15.7277
707282,台燿凱基5A購02,2026-09-04,3.62,-1.13,-23.79,25000000,0,,是,,4.85,5.64,8.82,,-24.5177,-40.1528,
707283,均豪凱基5B購01,2026-09-04,0.17,-0.01,-5.56,50000000,0,,是,,0.2,0.31,0.42,,-50.4854,-43.5897,
707286,順達凱基64購01,2026-09-04,0.98,-0.08,-7.55,10000000,0,,是,,1.1,1.37,1.51,,-32.6829,-12.2201,
707287,廣閎科凱基5A購03,2026-09-04,0.76,-0.09,-10.59,91000000,0,綠縮,是,,0.89,2.84,4.34,,-81.3049,-47.8309,-5.8913
707289,台燿兆豐5C購01,2026-09-04,2.48,-0.09,-3.5,37000000,0,綠增,是,,3.03,3.13,3.82,,-6.6049,-24.4514,-7.3665
707292,台星科元大5A購01,2026-09-04,0.33,-0.03,-8.33,64000000,0,綠縮,是,,0.36,0.43,0.61,,-28.1746,-33.9939,-18.2545
707297,台燿元大5A購08,2026-09-04,2.28,-0.08,-3.39,2000000,0,,是,,3.73,3.18,4.26,,41.5338,-22.4146,
707298,台燿元大5A購09,2026-09-04,1.69,0.06,3.68,2000000,0,紅縮,否,,2.1,2.08,2.13,,2.3392,8.5774,-15.5878
707299,台燿元大61購06,2026-09-04,2.4,0.02,0.84,15000000,0,紅縮,否,,2.54,2.77,2.23,,-15.5023,18.0502,3.7657
707300,旺矽元大5A購02,2026-09-04,0.98,-0.02,-2.0,49000000,0,綠增,是,,2.56,3.67,4.3,,-46.5496,-24.9693,-11.3564
707302,信驊元大5B購01,2026-09-04,3.5,-0.32,-8.38,379000000,0,紅增,否,,3.31,3.3,3.14,,0.1818,10.8017,-4.6519
707305,頎邦元大63購06,2026-09-04,2.77,-0.33,-10.65,4000000,0,,是,,2.65,3.41,,,-36.4858,,
707306,台燿永豐5C購03,2026-09-04,3.55,0.15,4.41,76000000,0,紅縮,否,,4.32,3.7,4.0,,39.7411,11.2646,-12.6747
707307,台燿永豐64購02,2026-09-04,3.25,0.05,1.56,818000000,0,綠增,是,,3.65,3.4,4.28,,15.8196,-13.1868,-7.4575
707308,台燿永豐67購01,2026-09-04,3.63,-0.04,-1.09,503000000,0,綠增,否,,4.15,3.85,4.82,,16.8546,-16.4241,-4.146
707309,巨漢永豐5C購01,2026-09-04,0.29,-0.03,-9.38,367000000,0,綠增,否,,0.59,0.99,1.24,,-57.3888,-30.5866,-14.7931
707310,安葆永豐5C購01,2026-09-04,0.25,-0.01,-3.85,26000000,0,,是,,0.27,0.23,0.24,,37.7551,35.4651,-14.8479
707311,均豪永豐5C購01,2026-09-04,0.44,-0.04,-8.33,97000000,0,紅縮,否,,0.45,0.46,0.49,,-5.8577,9.9526,-13.8354
707312,良維永豐5C購01,2026-09-04,1.86,0.22,13.41,224000000,0,紅增,是,,1.75,1.57,1.89,,25.5747,-0.1907,-29.1565
707313,旺矽永豐5A購03,2026-09-04,0.48,0.06,14.29,26000000,0,綠縮,否,,0.64,1.16,1.38,,-62.2776,-22.8059,-31.1734
707314,旺矽永豐61購03,2026-09-04,1.23,0.11,9.82,116000000,0,綠增,是,,1.6,1.88,2.33,,-25.419,-18.0149,-14.8594
707315,旺矽永豐64購02,2026-09-04,2.1,0.02,0.96,136000000,0,綠縮,否,,2.36,2.61,3.27,,-17.7374,-22.2752,-10.0151
707317,信驊永豐5A購03,2026-09-04,2.19,-0.22,-9.13,16000000,0,紅縮,否,,2.03,1.97,1.79,,6.9401,13.7572,11.9114
707318,前鼎永豐61購01,2026-09-04,2.07,-0.14,-6.33,2000000,0,,是,,1.68,1.38,1.61,,55.6377,18.8144,
707323,均豪國泰61購01,2026-09-04,1.1,-0.04,-3.51,58000000,0,紅縮,是,,1.09,0.94,0.96,,39.5408,20.8494,-14.1904
707326,台燿富邦64購01,2026-09-04,1.47,-0.02,-1.34,42000000,0,紅縮,是,,1.7,1.61,1.73,,11.4173,8.4848,-12.4113
707327,旺矽富邦5C購01,2026-09-04,0.72,0.05,7.46,773000000,0,綠縮,否,,0.83,1.02,1.42,,-31.2914,-27.6278,-15.4421
707328,旺矽富邦64購01,2026-09-04,0.97,0.07,7.78,506000000,0,綠縮,否,,1.05,1.34,1.42,,-35.1418,-12.0395,-15.4691
707329,群翊富邦62購01,2026-09-04,0.48,-0.07,-12.73,328000000,0,紅縮,否,,0.52,0.54,0.56,,-6.4748,3.263,-12.7808
707330,台燿國票5B購05,2026-09-04,3.2,-0.64,-16.67,6000000,0,綠增,否,,4.11,5.1,4.45,,-32.4351,2.3279,-10.4118
707331,台燿統一63購01,2026-09-04,1.93,-0.23,-10.65,157000000,0,紅縮,是,,2.19,2.18,2.02,,1.1993,12.2491,-11.6243
707332,台燿統一64購03,2026-09-04,1.22,-0.08,-6.15,90000000,0,紅縮,是,,1.37,1.5,1.33,,-16.5037,10.6116,-8.4167
707333,台燿統一64購04,2026-09-04,1.86,0.06,3.33,21000000,0,紅轉綠,否,,2.03,2.25,1.97,,-18.0421,11.1715,-10.5012
707334,台燿統一66購02,2026-09-04,1.42,0.02,1.43,34000000,0,綠增,否,,1.58,1.82,1.62,,-23.2717,5.5846,-3.2055
707335,台燿統一74購02,2026-09-04,1.33,0.03,2.31,365000000,0,紅轉綠,是,,1.44,1.57,1.42,,-15.1122,7.0403,-4.8322
707336,台燿統一74購03,2026-09-04,1.02,0.02,2.0,107000000,0,綠縮,否,,1.05,1.1,1.17,,-8.8542,-3.8428,-3.1509
707339,均豪統一64購01,2026-09-04,0.44,-0.01,-2.22,170000000,0,紅增,否,,0.44,0.42,0.45,,11.1111,2.9557,-6.5285
707340,旺矽統一63購06,2026-09-04,0.96,0.0,0.0,20000000,0,綠增,否,,1.09,1.29,1.4,,-26.8456,-12.3046,-15.7371
707341,旺矽統一64購01,2026-09-04,0.95,0.01,1.06,31000000,0,綠縮,否,,1.07,1.25,1.38,,-25.523,-14.0206,-13.4441
707342,東捷統一74購01,2026-09-04,0.73,0.11,17.74,524000000,0,紅增,是,,0.64,0.63,0.69,,4.886,-2.9321,-13.0489
707343,前鼎統一64購01,2026-09-04,1.96,0.41,26.45,36000000,0,紅增,否,,1.7,1.3,1.04,,89.5323,53.1213,18.4
707346,順達統一64購01,2026-09-04,0.58,0.0,0.0,67000000,0,紅增,否,,0.58,0.57,0.66,,1.0526,-3.0457,-10.7021
707347,勤凱統一74購02,2026-09-04,0.81,-0.03,-3.57,3000000,0,紅增,否,,0.81,0.79,0.95,,6.0052,-9.5183,-11.8305
707350,新盛力統一74購03,2026-09-04,1.77,0.04,2.31,27000000,0,紅縮,是,,1.9,1.67,1.62,,31.4404,18.8478,0.0309
707352,頎邦統一74購02,2026-09-04,1.31,-0.09,-6.43,28000000,0,紅縮,否,,1.31,1.21,1.19,,18.8065,16.9082,-7.3758
707353,頎邦統一74購03,2026-09-04,1.37,-0.01,-0.72,12000000,0,紅增,否,,1.32,1.2,1.14,,21.1397,21.3925,-5.0812
707354,廣閎科統一64購02,2026-09-04,0.95,0.0,0.0,100000000,0,綠增,是,,1.1,1.54,1.67,,-44.2191,-22.6586,2.1453
707356,廣閎科統一74購03,2026-09-04,1.22,0.03,2.52,78000000,0,,是,,1.15,1.14,1.17,,0.8803,-4.7579,3.5398
707361,宜特凱基61購01,2026-09-04,0.65,0.02,3.17,40000000,0,綠縮,否,,0.64,0.71,1.08,,-18.3206,-18.9557,-19.2293
707362,信紘科凱基5A購01,2026-09-04,0.29,0.15,107.14,162000000,0,綠縮,是,,0.32,0.52,0.96,,-56.3187,-48.1151,-23.1168
707364,頎邦凱基63購01,2026-09-04,3.51,-0.21,-5.65,72000000,0,紅增,否,,3.45,3.13,3.07,,22.8795,29.3753,-13.0213
707370,立碁永豐5C購01,2026-09-04,0.83,-0.25,-23.15,515000000,0,,是,,0.97,0.77,0.78,,71.9858,26.3591,
707371,前鼎永豐61購02,2026-09-04,1.35,0.1,8.0,57000000,0,紅縮,否,,1.28,0.97,0.78,,90.4478,54.69,16.3812
707373,聖暉*永豐5C購01,2026-09-04,1.12,-0.03,-2.61,78000000,0,,是,,1.17,1.35,1.89,,-22.5594,-34.1009,
707374,頎邦永豐61購01,2026-09-04,1.87,-0.1,-5.08,2417000000,0,紅縮,是,,1.84,1.62,1.55,,31.2411,31.3614,-10.1994
707382,廣閎科國票5B購03,2026-09-04,0.89,-0.07,-7.29,443000000,0,綠縮,否,,0.9,1.17,2.19,,-36.9231,-52.8126,-13.0245
707383,衛司特國票5B購02,2026-09-04,0.13,-0.02,-13.33,12000000,0,綠縮,是,,0.14,0.16,0.3,,-25.8065,-47.7419,-31.0023
707390,群翊群益61購01,2026-09-04,0.56,-0.15,-21.13,62000000,0,,是,,0.57,0.79,1.04,,-44.4227,-23.1884,
707392,頎邦群益5A購02,2026-09-04,3.49,-0.82,-19.03,3000000,0,,否,,3.89,5.58,,,-46.5787,-27.5312,
707394,廣閎科群益5B購01,2026-09-04,1.87,-0.03,-1.58,1464000000,0,綠縮,是,,1.79,1.88,2.56,,-9.798,-5.9441,-27.2727
707395,譜瑞群益5B購01,2026-09-04,1.47,0.04,2.8,18000000,0,,是,,1.7,2.11,,,-32.7258,,
707398,東捷元大5A購02,2026-09-04,0.75,0.25,50.0,99000000,0,綠縮,是,,0.56,0.6,1.7,,-10.4762,-62.3106,-23.3664
707399,勤凱元大5A購03,2026-09-04,0.48,-0.09,-15.79,3000000,0,綠轉紅,是,,0.57,0.57,1.42,,1.7794,-45.7416,-35.3531
707403,廣閎科元大5A購02,2026-09-04,0.72,0.08,12.5,39000000,0,綠縮,否,,0.56,0.78,1.86,,-44.1767,-47.139,-25.4156
707405,群翊國泰5B購02,2026-09-04,1.0,-0.35,-25.93,19000000,0,紅縮,否,,1.25,1.32,1.54,,-9.8124,-9.1661,-16.9806
707407,巨漢統一74購02,2026-09-04,0.53,-0.01,-1.85,10000000,0,,否,,0.54,0.7,0.81,,-37.4419,-20.3872,
707409,均豪統一63購02,2026-09-04,0.49,-0.02,-3.92,1023000000,0,紅增,是,,0.48,0.47,0.48,,5.7018,7.5688,-8.2375
707412,東捷統一63購02,2026-09-04,1.14,-0.01,-0.87,84000000,0,,是,,1.01,1.18,1.86,,-25.2959,-37.8421,
707413,東捷統一74購02,2026-09-04,0.94,0.12,14.63,206000000,0,紅增,是,,0.86,0.82,0.93,,10.2828,-2.1531,-12.565
707414,前鼎統一74購01,2026-09-04,1.09,0.15,15.96,5000000,0,紅增,否,,0.98,0.82,0.71,,48.1818,30.0,9.447
707416,順達統一64購02,2026-09-04,0.53,-0.01,-1.85,100000000,0,,是,,0.53,0.53,0.65,,-0.3774,-9.5727,
707418,群翊統一74購03,2026-09-04,0.61,-0.04,-6.15,8000000,0,,是,,0.63,0.61,0.65,,8.9655,-4.1139,
707422,頎邦富邦61購02,2026-09-04,1.75,-0.11,-5.91,85000000,0,紅縮,否,,1.71,1.51,1.43,,31.3364,31.6434,-10.633
707423,廣閎科富邦5B購01,2026-09-04,0.79,-0.07,-8.14,736000000,0,綠縮,是,,0.8,0.8,1.46,,-1.7284,-34.2342,-19.6084
707426,千附精永豐5B購01,2026-09-04,2.4,-0.04,-1.64,26000000,0,紅縮,是,,2.45,2.15,1.96,,31.7546,35.1538,-2.1967
707428,兆利永豐5A購01,2026-09-04,0.04,0.0,0.0,50000000,0,紅增,是,,0.05,0.07,0.14,,-46.5116,-50.0,-47.1243
707429,沛亨永豐61購01,2026-09-04,0.62,-0.02,-3.12,41000000,0,紅增,否,,0.59,0.47,0.72,,72.5146,-8.8063,-27.4886
707435,萬泰科永豐5C購02,2026-09-04,0.66,-0.01,-1.49,62000000,0,綠縮,否,,0.79,1.02,1.46,,-37.1019,-35.4574,-14.9709
707439,台星科群益61購01,2026-09-04,0.86,0.0,0.0,10000000,0,綠縮,否,,0.91,0.91,1.24,,-1.0917,-24.3355,-9.5586
707442,湧德群益61購02,2026-09-04,0.26,-0.07,-21.21,5000000,0,綠增,否,,0.32,0.36,0.46,,-21.7822,-28.5714,-11.8103
707449,立碁國泰5B購01,2026-09-04,1.56,-0.61,-28.11,8000000,0,紅縮,否,,1.89,1.51,1.14,,68.9286,67.5195,18.2289
707454,千附精統一74購01,2026-09-04,1.05,-0.01,-0.94,731000000,0,紅縮,否,,1.05,1.01,0.9,,9.3555,20.8884,0.1113
707458,正淩統一74購01,2026-09-04,0.45,0.04,9.76,130000000,0,,否,,0.43,0.43,,,-0.4651,-14.881,
707459,立敦統一74購01,2026-09-04,0.83,0.04,5.06,36000000,0,綠縮,否,,0.87,0.88,1.12,,-3.3333,-15.7143,-13.3667
707461,金山電統一74購01,2026-09-04,1.41,0.07,5.22,30000000,0,,否,,1.37,1.42,,,-6.7843,-20.8449,
707466,湧德統一64購02,2026-09-04,0.29,0.0,0.0,20000000,0,紅增,否,,0.29,0.28,0.33,,7.4627,-13.6646,-6.7227
707470,順達統一74購01,2026-09-04,0.58,0.01,1.75,50000000,0,紅縮,否,,0.59,0.58,0.62,,4.6099,1.9435,-5.5215
707472,聖暉*統一63購01,2026-09-04,0.65,0.02,3.17,1657000000,0,,是,,0.71,1.57,1.53,,-70.9942,-23.3773,
707474,蜜望實統一74購01,2026-09-04,1.01,0.05,5.21,11000000,0,紅增,否,,0.97,0.99,0.97,,-4.1667,4.4444,-8.3962
707476,台星科凱基5A購02,2026-09-04,0.55,0.02,3.77,20000000,0,,是,,0.72,1.01,1.29,,-44.7692,-26.3504,
707478,立碁凱基5A購01,2026-09-04,0.87,-0.76,-46.63,2000000,0,,否,,1.25,,,,,,
707482,順達凱基5C購01,2026-09-04,1.46,0.01,0.69,40000000,0,紅增,否,,1.29,1.34,1.73,,-6.2319,-16.0176,-14.6863
707485,群翊凱基61購01,2026-09-04,0.38,-0.11,-22.45,12000000,0,紅縮,否,,0.41,0.4,0.53,,3.0457,-13.0435,-18.6154
707496,沛亨元大5A購03,2026-09-04,0.65,-0.14,-17.72,150000000,0,,是,,0.62,0.58,0.88,,15.1292,11.9002,
707497,沛亨元大5A購04,2026-09-04,0.41,-0.04,-8.89,20000000,0,綠轉紅,是,,0.34,0.32,0.71,,15.6463,-52.5449,-25.0132
707504,新應材元大5A購04,2026-09-04,0.36,0.03,9.09,504000000,0,紅縮,否,,0.41,0.49,0.61,,-27.3684,-10.219,-25.3219
707505,新應材元大5A購05,2026-09-04,0.44,0.16,57.14,154000000,0,,是,,0.41,0.75,,,-62.2018,-43.3635,
707506,新應材元大5C購01,2026-09-04,0.52,0.03,6.12,36000000,0,綠縮,是,,0.54,0.63,0.89,,-25.2078,-26.3711,-19.8643
707511,沛亨國票5B購02,2026-09-04,0.37,-0.09,-19.57,30000000,0,,否,,0.33,1.05,1.39,,-81.1512,-38.2405,-30.201
707512,東捷國票5A購02,2026-09-04,1.26,0.47,59.49,83000000,0,紅增,否,,0.89,0.93,1.35,,-9.0164,-12.1583,-35.3322
707513,矽科國票5B購03,2026-09-04,0.22,-0.01,-4.35,900000000,0,,是,,0.42,0.62,,,-49.3947,-19.8454,
707515,榮田國票5A購01,2026-09-04,0.38,0.14,58.33,13000000,0,紅增,否,,0.3,0.36,0.48,,-25.8537,-29.4466,-30.6973
707520,湧德富邦5C購01,2026-09-04,0.12,-0.01,-7.69,12000000,0,,否,,0.19,0.27,,,-48.3333,-35.461,
707521,新應材富邦61購02,2026-09-04,0.17,0.0,0.0,580000000,0,綠縮,是,,0.22,0.25,0.45,,-22.695,-41.3146,-28.1646
707523,雙鴻富邦5C購07,2026-09-04,2.2,0.54,32.53,2000000,0,紅增,否,,1.27,1.02,0.81,,62.5641,46.7049,14.8096
707525,譜瑞富邦5C購02,2026-09-04,0.68,0.06,9.68,150000000,0,,否,,0.8,1.38,,,-59.165,,
707526,千附精凱基5A購01,2026-09-04,2.62,-0.08,-2.96,20000000,0,紅增,否,,2.47,2.26,2.63,,20.8415,4.6846,-7.5896
707527,元太凱基61購01,2026-09-04,0.55,-0.01,-1.79,2000000,0,綠縮,否,,0.67,0.82,1.36,,-31.5574,-40.8207,-23.0312
707528,均豪凱基5A購01,2026-09-04,0.13,-0.05,-27.78,350000000,0,綠縮,否,,0.17,0.29,0.55,,-57.4257,-57.079,-18.6303
707531,前鼎凱基5B購02,2026-09-04,3.2,1.0,45.45,157000000,0,紅增,否,,2.03,1.5,1.26,,109.5041,65.1599,-1.4884
707533,華景電凱基5A購03,2026-09-04,0.09,-0.02,-18.18,10000000,0,綠縮,否,,0.18,0.22,0.76,,-31.2977,-58.9981,-37.0
707536,萬泰科凱基5B購01,2026-09-04,1.21,-0.05,-3.97,3000000,0,,否,,1.55,2.34,2.73,,-50.7957,-25.94,-15.6342
707538,弘塑國票5B購01,2026-09-04,0.07,0.0,0.0,1557000000,0,綠轉紅,是,,0.08,0.1,0.25,,-40.625,-52.5581,-44.0884
707541,前鼎國票5B購03,2026-09-04,1.8,0.6,50.0,681000000,0,紅增,是,,1.41,0.95,0.74,,180.0797,95.4918,5.8824
707543,新應材國票5A購04,2026-09-04,0.26,0.01,4.0,100000000,0,,否,,0.28,,,,,,
707544,弘塑永豐5B購03,2026-09-04,0.09,-0.01,-10.0,233000000,0,紅增,是,,0.1,0.12,0.18,,-27.5362,-25.1572,-35.9431
707547,弘塑永豐64購01,2026-09-04,0.23,-0.01,-4.17,43000000,0,綠轉紅,否,,0.24,0.27,0.36,,-18.4932,-21.131,-26.0958
707548,新應材永豐5B購02,2026-09-04,0.19,0.04,26.67,6000000,0,綠縮,否,,0.17,0.3,0.53,,-59.9078,-45.6172,-29.5784
707549,新應材永豐5B購03,2026-09-04,0.18,0.03,20.0,5000000,0,綠增,否,,0.31,0.39,0.47,,-34.1772,-18.4647,-18.4256
707550,新應材永豐64購01,2026-09-04,0.36,0.06,20.0,6000000,0,綠增,否,,0.42,0.53,0.66,,-33.9564,-20.5663,-18.1648
707553,弘塑台新5A購01,2026-09-04,0.1,-0.02,-16.67,30000000,0,,否,,0.74,1.2,1.26,,-55.3809,-15.5963,
707558,新應材台新5A購01,2026-09-04,0.28,0.1,55.56,30000000,0,,否,,1.29,,,,,,
707559,新應材台新5A購02,2026-09-04,0.25,0.07,38.89,90000000,0,紅增,否,,0.24,0.37,0.57,,-51.2195,-23.1092,-35.5241
707560,群翊台新5A購01,2026-09-04,0.36,-0.25,-40.98,52000000,0,,否,,0.53,0.74,1.12,,-44.2105,-35.8752,
707566,萬泰科群益5A購02,2026-09-04,0.26,-0.03,-10.34,15000000,0,綠縮,否,,0.38,0.76,1.28,,-67.3043,-48.5502,-21.7749
707568,弘塑國泰61購01,2026-09-04,0.36,-0.01,-2.7,65000000,0,綠縮,否,,0.41,0.46,0.71,,-21.0117,-29.4479,-30.486
707569,弘塑國泰61購02,2026-09-04,0.27,0.0,0.0,28000000,0,綠縮,否,,0.31,0.33,0.61,,-10.7955,-42.087,-33.7152
707572,弘塑富邦5C購02,2026-09-04,0.15,0.0,0.0,12000000,0,紅增,否,,0.17,0.19,0.33,,-22.9358,-26.3359,-33.3333
707573,弘塑富邦64購01,2026-09-04,0.18,-0.02,-10.0,117000000,0,紅增,否,,0.19,0.21,0.28,,-17.5439,-14.0496,-24.1758
707574,前鼎富邦5C購01,2026-09-04,1.63,0.04,2.52,88000000,0,紅增,否,,1.47,1.04,0.8,,139.5425,76.7007,23.3256
707575,力致統一74購01,2026-09-04,0.42,0.01,2.44,1000000,0,綠縮,是,,0.39,0.4,0.47,,-6.2802,-14.862,-8.7464
707576,中美晶統一64購01,2026-09-04,1.45,0.17,13.28,1000000,0,綠縮,否,,1.42,1.48,1.86,,-7.0496,-28.3568,1.1172
707577,元太統一64購01,2026-09-04,0.55,0.03,5.77,379000000,0,綠縮,否,,0.61,0.68,0.91,,-19.5767,-27.6776,-13.9217
707578,元太統一74購01,2026-09-04,0.91,0.02,2.25,4000000,0,綠縮,否,,0.95,1.0,1.18,,-10.586,-16.0101,-8.1815
707579,弘塑統一62購02,2026-09-04,0.15,0.0,0.0,529000000,0,紅增,是,,0.15,0.16,0.23,,-12.7907,-14.3617,-29.9094
707580,弘塑統一64購01,2026-09-04,0.2,-0.01,-4.76,255000000,0,紅增,否,,0.21,0.22,0.29,,-11.7647,-5.8824,-23.2804
707581,弘塑統一64購02,2026-09-04,0.15,-0.01,-6.25,263000000,0,綠縮,是,,0.19,0.23,0.45,,-29.1045,-43.7346,-19.697
707582,弘塑統一64購03,2026-09-04,0.27,0.0,0.0,3000000,0,綠縮,否,,0.3,0.39,0.61,,-36.9748,-33.6752,-19.7766
707583,立敦統一64購01,2026-09-04,0.82,0.08,10.81,123000000,0,綠增,是,,1.04,1.6,1.93,,-51.8006,-29.264,-8.9665
707585,宜特統一63購01,2026-09-04,0.15,0.0,0.0,10000000,0,,否,,0.19,0.3,0.37,,-53.8462,-29.9539,-18.3021
707587,金山電統一63購01,2026-09-04,2.1,0.25,13.51,4000000,0,,否,,3.51,,,,,,
707589,前鼎統一63購02,2026-09-04,1.4,0.25,21.74,1000000,0,紅增,否,,1.28,0.95,0.79,,107.4675,73.1261,-0.2532
707596,臺慶科統一64購01,2026-09-04,1.03,0.11,11.96,270000000,0,紅增,是,,1.04,1.1,1.16,,-11.3014,-0.4517,-22.006
707599,蜜望實統一74購02,2026-09-04,1.15,0.07,6.48,23000000,0,紅增,否,,1.12,1.09,1.2,,7.2519,-2.3381,-14.4337
707600,環球晶統一63購03,2026-09-04,2.65,0.2,8.16,41000000,0,綠縮,是,,2.73,2.71,3.39,,1.5637,-0.2212,-10.8584
707601,弘塑元大5A購02,2026-09-04,0.02,-0.03,-60.0,3000000,0,綠縮,否,,0.13,0.36,0.87,,-78.0405,-64.4685,-21.9294
707602,弘塑元大61購01,2026-09-04,0.18,-0.08,-30.77,410000000,0,綠縮,是,,0.28,0.34,0.7,,-30.5,-44.335,-22.8902
707603,立碁元大5C購01,2026-09-04,0.42,-0.09,-17.65,10000000,0,紅縮,是,,0.41,0.29,0.29,,133.3333,30.6306,-4.4408
707606,前鼎元大5A購03,2026-09-04,1.53,-0.07,-4.38,10000000,0,,否,,1.47,1.13,1.5,,86.514,4.5497,
707608,前鼎元大5C購02,2026-09-04,2.72,-0.12,-4.23,16000000,0,,否,,1.94,1.56,,,63.7437,,
707609,前鼎元大61購01,2026-09-04,1.85,0.4,27.59,192000000,0,紅增,否,,1.57,1.19,1.04,,93.3661,66.993,2.1193
707611,勤凱元大5A購05,2026-09-04,0.35,0.01,2.94,51000000,0,紅增,否,,0.38,0.4,0.58,,-10.3286,-6.9124,-32.3581
707612,勤凱元大5A購06,2026-09-04,0.79,0.03,3.95,500000000,0,,是,,0.95,0.81,,,42.0896,-48.7034,
707613,雙鴻元大5A購07,2026-09-04,1.82,0.15,8.98,10000000,0,紅增,否,,1.18,0.88,0.7,,104.878,57.6577,13.835
707615,穩得元大5A購02,2026-09-04,0.03,-0.06,-66.67,70000000,0,,否,,0.09,0.2,0.4,,-68.6667,-53.6471,
707617,九豪永豐5C購01,2026-09-04,0.53,0.05,10.42,8000000,0,綠縮,否,,0.66,0.69,1.86,,-8.3333,-60.4811,-33.5471
707618,天品永豐5B購01,2026-09-04,0.18,0.0,0.0,20000000,0,,否,,0.27,0.36,0.44,,-37.7273,-25.7796,
707623,精材永豐61購01,2026-09-04,9.15,0.0,0.0,1000000,0,綠縮,否,,6.05,7.39,6.45,,-30.5734,-1.3752,14.7025
707624,蜜望實永豐5C購01,2026-09-04,2.15,0.32,17.49,22000000,0,綠縮,是,,2.04,2.08,2.37,,-3.9585,-0.3831,-22.0361
707626,九豪凱基5A購03,2026-09-04,0.68,0.12,21.43,5000000,0,,否,,0.84,1.12,3.54,,-39.9142,-73.159,
707627,力致凱基5B購01,2026-09-04,0.17,0.0,0.0,105000000,0,,是,,0.58,,,,,,
707629,長科*凱基5A購01,2026-09-04,3.77,0.21,5.9,4000000,0,綠縮,是,,3.56,3.39,5.39,,10.2914,-28.8441,-14.5237
707637,九豪台新5A購02,2026-09-04,0.35,0.08,29.63,3000000,0,,是,,0.38,0.53,2.66,,-43.6202,-80.5031,-21.3811
707644,博磊台新5A購01,2026-09-04,0.87,-0.02,-2.25,31000000,0,,否,,0.92,0.96,1.61,,-7.8156,-27.568,
707645,博磊台新5A購02,2026-09-04,0.79,0.05,6.76,54000000,0,,否,,0.88,1.28,,,-47.981,-46.0826,
707646,博磊台新5A購03,2026-09-04,0.5,0.03,6.38,64000000,0,紅增,否,,0.56,0.72,1.01,,-36.5909,-14.6081,-34.7995
707650,聖暉*兆豐5C購01,2026-09-04,0.59,0.01,1.72,14000000,0,綠縮,否,,0.61,0.75,1.46,,-31.7568,-47.5421,-19.1176
707653,力致元大5A購01,2026-09-04,0.12,0.0,0.0,1000000,0,綠縮,否,,0.13,0.33,0.67,,-75.2809,-55.0,-36.5831
707655,系統電元大5A購02,2026-09-04,0.23,0.0,0.0,5000000,0,綠增,是,,0.59,0.73,1.26,,-32.2654,-43.9602,-25.7294
707657,宜特元大5B購01,2026-09-04,0.36,-0.08,-18.18,457000000,0,綠縮,否,,0.42,0.51,0.72,,-29.7659,-18.2986,-23.4417
707658,宜特元大5C購03,2026-09-04,0.35,-0.02,-5.41,219000000,0,綠縮,否,,0.37,0.42,0.75,,-19.1304,-44.385,-17.7146
707659,宜特元大61購01,2026-09-04,0.36,-0.03,-7.69,95000000,0,綠縮,否,,0.38,0.41,0.61,,-16.0,-22.1805,-19.5395
707664,博磊元大5A購02,2026-09-04,0.33,-0.05,-13.16,50000000,0,,是,,0.6,0.92,1.61,,-52.3962,-42.2861,-22.3162
707666,新盛力元大5A購02,2026-09-04,4.08,0.47,13.02,4000000,0,紅增,否,,4.16,3.18,3.43,,88.4058,11.212,-3.9523
707669,蜜望實元大5A購02,2026-09-04,1.52,0.23,17.83,10000000,0,綠縮,是,,1.42,1.74,3.22,,-30.6719,-46.1109,-15.2814
707673,蜜望實群益5A購01,2026-09-04,2.8,0.36,14.75,15000000,0,,否,,4.9,5.91,6.09,,-29.2486,-21.0688,
707677,艾訊國票5B購01,2026-09-04,1.0,0.2,25.0,56000000,0,綠縮,是,,0.95,1.16,1.33,,-31.0595,-18.6583,-11.8992
707680,博磊國票5B購01,2026-09-04,0.4,0.01,2.56,59000000,0,紅增,否,,0.42,0.47,0.65,,-20.1521,-1.2526,-49.1152
707681,漢達國票5B購01,2026-09-04,1.34,0.29,27.62,504000000,0,紅增,否,,0.91,0.68,0.79,,101.3274,-1.0174,-7.4139
707683,九豪富邦5C購01,2026-09-04,0.4,0.04,11.11,473000000,0,紅增,是,,0.4,0.44,0.52,,-16.3866,-4.3764,-44.6352
707684,宜特富邦61購01,2026-09-04,0.11,-0.01,-8.33,10000000,0,,否,,0.14,0.22,0.32,,-51.0204,-37.7841,
707686,九豪統一64購02,2026-09-04,0.42,0.03,7.69,1000000,0,綠縮,否,,0.44,0.47,0.73,,-14.5098,-24.8013,-30.1396
707687,九豪統一74購01,2026-09-04,0.59,0.02,3.51,40000000,0,紅增,否,,0.59,0.61,0.66,,-7.2555,-0.9724,-17.804
707688,千附統一74購01,2026-09-04,1.01,0.02,2.02,12000000,0,綠增,否,,1.12,1.27,1.24,,-20.8215,-10.22,4.2544
707689,千附精統一74購02,2026-09-04,1.49,0.07,4.93,33000000,0,紅縮,否,,1.48,1.4,1.25,,11.649,21.3356,-1.2234
707705,環球晶統一74購01,2026-09-04,1.97,0.1,5.35,21000000,0,綠縮,否,,1.99,2.01,2.12,,-1.9743,8.4911,-14.3519
707710,千附精國票5B購02,2026-09-04,1.0,0.05,5.26,11000000,0,紅縮,否,,1.01,0.93,0.79,,20.2381,37.2404,-4.2424
707711,千附精國票5B購03,2026-09-04,1.32,0.14,11.86,377000000,0,紅縮,是,,1.33,1.19,1.11,,27.0476,36.6972,-6.4286
707714,邑昇國票5B購01,2026-09-04,0.18,-0.05,-21.74,150000000,0,紅縮,否,,0.22,0.17,0.14,,91.2281,49.5495,4.3956
707715,欣銓國票5B購02,2026-09-04,1.04,-0.09,-7.96,25000000,0,紅縮,否,,1.1,1.1,1.1,,-0.5445,10.1202,-15.087
707716,信紘科國票5A購01,2026-09-04,0.14,0.06,75.0,250000000,0,,是,,0.67,0.84,0.87,,-33.5306,-8.3605,
707717,信紘科國票5B購01,2026-09-04,0.16,0.07,77.78,910000000,0,,是,,0.58,0.74,0.85,,-34.7534,-19.8913,
707721,群聯國票5B購01,2026-09-04,1.29,0.05,4.03,397000000,0,紅縮,否,,1.43,1.58,1.39,,-17.931,13.0621,-8.5968
707722,蜜望實國票5B購01,2026-09-04,1.58,0.14,9.72,309000000,0,綠縮,是,,1.55,1.6,2.18,,-6.8592,-9.3732,-24.1427
707724,千附精元大5A購02,2026-09-04,1.74,0.21,13.73,1000000,0,紅縮,否,,1.73,1.52,1.84,,32.1646,-11.2471,-5.9939
707725,千附精元大5A購03,2026-09-04,2.14,-0.12,-5.31,1000000,0,紅縮,否,,2.19,1.99,2.0,,23.1201,29.8498,-2.4408
707727,千附精元大5A購05,2026-09-04,2.25,0.23,11.39,1000000,0,紅縮,否,,2.21,1.96,2.11,,29.274,2.3523,-2.4728
707730,欣銓元大63購03,2026-09-04,2.2,-0.07,-3.08,4000000,0,,是,,2.25,2.19,2.04,,5.5451,16.0212,7.4446
707733,群翊元大5A購07,2026-09-04,0.27,-0.18,-40.0,98000000,0,紅縮,否,,0.36,0.39,0.54,,-15.4206,-23.301,-20.858
707734,群聯元大5A購01,2026-09-04,0.85,-0.1,-10.53,830000000,0,紅轉綠,是,,1.0,1.15,1.29,,-23.0061,-14.4552,-14.9474
707735,群聯元大5A購02,2026-09-04,0.57,-0.16,-21.92,1193000000,0,紅縮,是,,0.71,0.83,0.77,,-24.5243,6.274,-12.4009
707740,千附精凱基5A購02,2026-09-04,1.74,0.3,20.83,61000000,0,紅增,否,,1.69,1.51,1.88,,27.1084,-16.4543,-8.5256
707741,方土昶凱基5A購01,2026-09-04,1.8,-0.11,-5.76,32000000,0,紅轉綠,是,,2.19,2.68,2.06,,-30.8953,17.5285,-0.5549
707746,萬泰科凱基5A購02,2026-09-04,0.6,0.1,20.0,510000000,0,綠增,是,,1.22,2.31,2.78,,-64.1343,-32.4055,-18.739
707747,群聯凱基5A購01,2026-09-04,0.98,0.01,1.03,818000000,0,綠縮,是,,1.23,1.61,2.01,,-38.6,-28.1069,-28.229
707748,群聯凱基5A購02,2026-09-04,1.4,-0.02,-1.41,466000000,0,紅縮,是,,1.71,1.74,1.86,,-3.386,18.5841,-25.7994
707749,蜜望實凱基5A購02,2026-09-04,1.55,0.33,27.05,50000000,0,綠縮,是,,1.45,1.54,3.17,,-11.0159,-40.8656,-33.1083
707750,千附精永豐5C購01,2026-09-04,0.94,0.09,10.59,276000000,0,紅增,否,,0.91,0.85,0.73,,14.9746,34.019,-7.3295
707753,立碁永豐61購01,2026-09-04,0.38,-0.08,-17.39,363000000,0,紅縮,是,,0.43,0.35,0.31,,62.8788,24.3728,0.3231
707755,欣銓永豐5C購01,2026-09-04,1.43,0.0,0.0,41000000,0,紅縮,否,,1.48,1.31,1.41,,30.1056,5.5735,-11.6834
707757,群聯永豐61購01,2026-09-04,0.76,0.02,2.7,999000000,0,紅縮,否,,0.82,0.89,0.81,,-14.9068,7.3229,-6.1921
707758,群聯永豐64購01,2026-09-04,0.95,0.01,1.06,960000000,0,紅縮,否,,1.02,1.07,0.96,,-9.1234,12.3158,-3.9579
707759,蜜望實永豐61購01,2026-09-04,1.11,0.08,7.77,620000000,0,紅增,是,,1.08,1.13,1.13,,-8.9527,5.5037,-12.442
707763,群聯群益5B購01,2026-09-04,1.66,-0.06,-3.49,926000000,0,紅縮,是,,1.97,2.04,1.8,,-6.9063,16.2963,-6.1587
707764,群聯群益61購01,2026-09-04,1.58,-0.07,-4.24,19000000,0,紅縮,否,,1.74,1.88,1.68,,-13.7624,13.1088,-6.7463
707765,群聯群益64購01,2026-09-04,1.91,0.02,1.06,96000000,0,紅縮,否,,2.04,2.15,1.93,,-9.7259,12.2587,-9.7235
707768,力旺永豐5A購01,2026-09-04,0.01,-0.08,-88.89,85000000,0,紅縮,是,,0.1,0.11,0.1,,-20.9677,6.7308,-2.8846
707771,台半永豐5C購01,2026-09-04,1.76,-0.27,-13.3,35000000,0,綠縮,否,,1.84,1.81,2.49,,3.2511,-6.1594,-8.8628
707772,巨有永豐5C購01,2026-09-04,0.74,0.0,0.0,10000000,0,紅縮,否,,0.81,0.77,0.94,,12.1547,2.5367,-27.5368
707775,亞通永豐5A購01,2026-09-04,0.45,-0.03,-6.25,15000000,0,紅縮,否,,0.48,0.45,0.43,,17.561,21.8579,-11.5702
707776,旺矽永豐5B購02,2026-09-04,0.51,0.01,2.0,40000000,0,綠增,是,,0.8,1.46,2.02,,-62.0983,-31.6628,-13.8321
707777,信昌電永豐5C購01,2026-09-04,10.5,1.45,16.02,2000000,0,紅增,否,,8.81,6.66,7.44,,95.6039,68.788,-12.0315
707778,信驊永豐5B購04,2026-09-04,2.45,-0.35,-12.5,60000000,0,紅縮,否,,2.35,2.29,2.02,,5.4856,15.6962,12.5035
707780,精測永豐61購02,2026-09-04,0.35,0.03,9.38,82000000,0,紅增,否,,0.31,0.25,0.22,,64.2105,42.6136,9.8985
707781,臺慶科永豐5B購01,2026-09-04,1.0,0.15,17.65,127000000,0,紅增,是,,0.98,1.1,1.11,,-18.843,1.8587,-25.3877
707786,力旺凱基5C購01,2026-09-04,0.32,0.01,3.23,70000000,0,紅縮,否,,0.32,0.3,0.29,,15.2174,-2.9412,-11.5789
707787,力旺凱基61購01,2026-09-04,0.35,0.06,20.69,6000000,0,綠轉紅,否,,0.23,0.28,0.36,,-27.9503,-33.7321,-11.772
707788,立碁凱基5B購01,2026-09-04,0.23,-0.08,-25.81,116000000,0,,否,,0.33,0.26,,,86.5169,32.1244,
707795,信驊凱基5A購04,2026-09-04,3.22,-0.3,-8.52,65000000,0,紅縮,否,,3.13,2.93,2.53,,14.338,22.1342,17.8837
707796,信驊凱基5B購03,2026-09-04,3.0,-0.18,-5.66,111000000,0,紅縮,否,,3.06,2.79,2.46,,21.1234,21.153,16.1786
707797,信驊凱基5C購02,2026-09-04,2.84,-0.24,-7.79,88000000,0,紅縮,否,,2.84,2.85,2.4,,-0.1404,15.0829,4.4464
707798,信驊凱基61購04,2026-09-04,2.78,-0.1,-3.47,346000000,0,紅縮,否,,2.63,2.59,2.37,,3.2157,13.8401,4.1319
707799,家登凱基5A購01,2026-09-04,1.2,-0.08,-6.25,94000000,0,紅縮,否,,1.3,1.15,1.23,,30.1397,17.7732,-14.0167
707801,群翊凱基5A購02,2026-09-04,0.07,-0.07,-50.0,510000000,0,綠增,是,,0.12,0.23,0.36,,-63.8554,-44.335,-22.8723
707803,精測凱基5A購02,2026-09-04,0.22,0.0,0.0,340000000,0,紅增,是,,0.2,0.18,0.21,,17.6471,-0.5376,-34.2812
707804,精測凱基5A購03,2026-09-04,0.26,-0.02,-7.14,440000000,0,紅增,是,,0.21,0.17,0.29,,52.9412,-20.3704,-29.0441
707812,信驊台新5A購01,2026-09-04,4.17,-0.42,-9.15,21000000,0,紅縮,否,,4.31,3.77,3.04,,33.3333,31.4176,5.7361
707813,信驊台新5A購02,2026-09-04,2.37,-0.21,-8.14,178000000,0,紅縮,是,,2.28,2.31,1.94,,-2.3973,19.8961,10.1392
707816,力旺元大5A購04,2026-09-04,0.18,0.14,350.0,1000000,0,綠縮,否,,0.12,0.42,0.57,,-83.7989,-37.2549,-21.8963
707818,力旺元大5B購01,2026-09-04,0.1,0.03,42.86,50000000,0,綠縮,否,,0.15,0.13,0.2,,39.6226,-25.731,-18.7243
707819,均豪元大5A購03,2026-09-04,0.3,-0.04,-11.76,46000000,0,綠縮,是,,0.31,0.35,0.44,,-21.7172,-28.9738,-12.8205
707822,旺矽元大61購02,2026-09-04,0.95,0.03,3.26,91000000,0,綠增,否,,1.08,1.12,1.13,,-7.0812,0.4496,-6.4769
707823,長科*元大5A購01,2026-09-04,1.0,-0.05,-4.76,8000000,0,綠縮,否,,1.17,1.33,2.27,,-21.371,-41.531,-23.0821
707828,信驊元大5A購02,2026-09-04,1.92,-0.09,-4.48,126000000,0,紅縮,否,,1.89,1.86,1.68,,3.7322,14.4972,10.0098
707829,信驊元大63購01,2026-09-04,4.0,-0.03,-0.74,390000000,0,紅縮,是,,4.14,3.98,4.02,,8.2636,0.1509,0.4618
707834,精測元大5B購02,2026-09-04,0.69,0.0,0.0,1567000000,0,,是,,0.69,0.6,0.79,,34.375,-16.4345,
707835,精測元大63購04,2026-09-04,0.53,0.0,0.0,60000000,0,,是,,0.51,0.69,,,-40.3263,-10.4575,
707836,穩得元大5A購03,2026-09-04,0.05,-0.06,-54.55,30000000,0,,是,,0.22,0.44,,,-67.7612,-37.2521,
707838,立碁國泰5B購02,2026-09-04,0.7,-0.26,-27.08,26000000,0,,否,,0.96,0.74,0.84,,79.0262,35.7013,
707839,旺矽國泰5B購01,2026-09-04,0.72,0.08,12.5,389000000,0,綠增,否,,0.83,1.2,1.22,,-47.4619,-9.5561,-19.1862
707840,旺矽國泰5B購02,2026-09-04,0.5,-0.06,-10.71,6000000,0,綠增,否,,0.64,0.93,1.13,,-47.8689,-19.7232,-19.7443
707843,旺矽統一64購02,2026-09-04,0.93,0.08,9.41,11000000,0,綠縮,否,,0.94,1.12,1.19,,-27.1605,-7.6669,-13.9754
707844,群聯統一64購01,2026-09-04,0.93,0.01,1.09,154000000,0,紅縮,否,,0.99,1.05,0.93,,-9.9638,13.1607,-5.5106
707845,精測統一64購03,2026-09-04,0.43,-0.01,-2.27,232000000,0,紅增,否,,0.38,0.32,0.28,,43.5115,30.7377,5.3704
707846,力旺富邦5C購01,2026-09-04,0.11,-0.02,-15.38,36000000,0,紅縮,否,,0.13,0.13,0.15,,0.0,-12.1622,-13.1054
707847,良維富邦62購01,2026-09-04,1.18,0.51,76.12,284000000,0,紅增,否,,0.78,0.62,0.58,,71.0526,41.7431,-7.6741
707848,旺矽富邦64購02,2026-09-04,0.8,0.0,0.0,222000000,0,綠增,否,,0.93,1.16,1.2,,-32.948,-8.3267,-13.3912
707849,欣銓富邦5A購01,2026-09-04,0.82,-0.03,-3.53,10000000,0,紅縮,否,,0.84,0.83,0.83,,1.2107,10.3586,-10.0754
707850,欣銓富邦64購01,2026-09-04,0.85,0.0,0.0,229000000,0,紅縮,否,,0.86,0.81,0.83,,14.8936,9.7826,-5.7256
707851,信紘科富邦62購01,2026-09-04,0.35,0.14,66.67,1094000000,0,,是,,0.26,0.31,0.5,,-28.0899,-41.0405,
707852,信驊富邦61購01,2026-09-04,3.23,0.23,7.67,412000000,0,紅增,否,,2.84,2.76,2.59,,6.0538,12.4847,10.5028
707854,順達富邦62購01,2026-09-04,0.68,0.05,7.94,1285000000,0,綠縮,是,,0.65,0.69,0.84,,-9.4183,-12.801,-8.771
707857,群翊富邦5B購01,2026-09-04,0.09,-0.01,-10.0,500000000,0,紅增,否,,0.1,0.12,0.17,,-26.087,-17.2414,-23.7443
707858,群聯富邦5C購01,2026-09-04,0.83,0.02,2.47,150000000,0,紅縮,否,,0.92,1.0,0.89,,-14.0187,11.7978,-5.9883
707859,群聯富邦61購01,2026-09-04,1.05,-0.11,-9.48,125000000,0,紅縮,否,,1.17,1.26,1.1,,-13.4615,16.0074,-8.5177
707860,精測富邦61購01,2026-09-04,0.28,-0.01,-3.45,2022000000,0,紅縮,是,,0.28,0.23,0.24,,55.5556,29.2135,-13.4752
707864,良維凱基5B購03,2026-09-04,0.31,0.04,14.81,60000000,0,綠縮,否,,0.28,0.38,0.87,,-39.0558,-57.8652,-29.8712
707876,千附元大5A購01,2026-09-04,0.26,-0.07,-21.21,11000000,0,綠增,否,,0.46,0.74,0.94,,-55.3606,-36.5269,-0.6893
707878,台嘉碩元大5A購02,2026-09-04,0.27,0.02,8.0,91000000,0,紅增,是,,0.32,0.36,0.48,,-19.797,-16.0757,-34.1033
707881,立碁元大63購01,2026-09-04,1.0,-0.08,-7.41,287000000,0,紅縮,否,,1.12,0.93,0.71,,48.8,38.633,32.8947
707892,翔名群益5A購01,2026-09-04,0.5,-0.09,-15.25,10000000,0,,否,,1.63,1.95,1.97,,-28.081,-16.4671,-4.0517
707894,M31富邦5C購01,2026-09-04,0.14,-0.01,-6.67,80000000,0,紅增,是,,0.16,0.21,0.32,,-37.9845,-29.8658,-29.3275
707895,元太富邦61購01,2026-09-04,0.63,0.01,1.61,20000000,0,綠縮,否,,0.71,0.8,1.09,,-20.1794,-27.4864,-14.6094
707896,台星科富邦61購01,2026-09-04,0.45,0.01,2.27,144000000,0,紅縮,否,,0.46,0.45,0.41,,5.5046,15.1671,-9.5395
707897,均豪富邦62購01,2026-09-04,0.28,-0.02,-6.67,295000000,0,紅增,是,,0.27,0.26,0.31,,3.9063,-3.3333,-9.4964
707903,欣銓群益5A購02,2026-09-04,0.47,-0.03,-6.0,340000000,0,紅增,否,,0.53,0.53,0.61,,2.7027,-1.6854,-28.4539
707904,新盛力群益5A購01,2026-09-04,2.57,0.3,13.22,8000000,0,綠縮,否,,2.56,3.01,2.87,,-26.0266,3.6884,-8.2308
707912,均華元大5A購01,2026-09-04,0.1,0.0,0.0,56000000,0,紅增,否,,0.1,0.12,0.13,,-28.169,-12.2302,-24.269
707913,均華元大5A購02,2026-09-04,0.06,0.02,50.0,2000000,0,紅增,否,,0.05,0.05,0.1,,-10.7143,-33.75,-22.3077
707914,均豪元大5A購04,2026-09-04,0.48,-0.04,-7.69,501000000,0,紅縮,是,,0.49,0.49,0.48,,-2.4096,13.8889,-14.4643
707915,沛亨元大5A購05,2026-09-04,0.16,-0.02,-11.11,1000000,0,綠縮,否,,0.15,0.22,0.54,,-46.4789,-53.0172,-27.3898
707916,邑昇元大5A購01,2026-09-04,0.44,0.02,4.76,50000000,0,紅增,否,,0.44,0.38,0.56,,31.3253,-16.5217,-19.8288
707921,華景電元大63購01,2026-09-04,0.15,-0.01,-6.25,100000000,0,綠增,是,,0.2,0.2,0.29,,3.125,-18.75,-19.9176
707923,德微元大5A購01,2026-09-04,1.8,-0.14,-7.22,6000000,0,,是,,1.97,3.69,,,-63.6599,-18.0809,
707930,鈺太凱基61購01,2026-09-04,0.18,0.01,5.88,20000000,0,,是,,0.21,0.61,,,-79.7642,,
707931,環球晶凱基5A購01,2026-09-04,5.25,0.75,16.67,85000000,0,,是,,5.21,5.63,6.07,,-13.8843,9.0451,-8.5435
707933,均華富邦61購01,2026-09-04,0.34,0.05,17.24,4600000000,0,紅增,否,,0.27,0.24,0.21,,31.7308,28.877,5.8081
707934,沛亨富邦5B購01,2026-09-04,0.28,-0.05,-15.15,10000000,0,紅增,否,,0.24,0.24,0.46,,5.1724,-31.8052,-22.8143
707935,欣銓富邦5B購01,2026-09-04,0.38,-0.05,-11.63,314000000,0,紅縮,是,,0.41,0.39,0.38,,11.413,21.9436,-9.6386
707936,中美晶兆豐64購01,2026-09-04,2.65,0.25,10.42,15000000,0,綠縮,否,,2.6,2.62,3.2,,-1.4416,2.1468,-10.8108
707938,世界群益5A購03,2026-09-04,0.53,0.01,1.92,68000000,0,綠縮,否,,0.63,0.87,1.45,,-43.0631,-34.8054,-33.3793
707940,良維群益5A購01,2026-09-04,0.23,0.01,4.55,72000000,0,紅增,否,,0.18,0.21,0.51,,-24.3697,-34.2767,-40.4887
707941,原相群益5A購01,2026-09-04,0.07,-0.04,-36.36,3000000,0,綠增,否,,0.35,0.41,0.87,,-27.9167,-53.6476,-18.6977
707945,聖暉*群益5B購01,2026-09-04,0.33,0.03,10.0,165000000,0,綠縮,是,,0.35,0.62,2.08,,-60.6335,-68.8101,-27.6559
707946,德微群益5A購01,2026-09-04,2.14,-0.44,-17.05,452000000,0,,是,,2.13,3.39,,,-54.0948,,
707948,久元凱基5A購02,2026-09-04,0.34,-0.03,-8.11,70000000,0,,是,,0.42,0.62,,,-49.1443,-42.444,
707952,艾訊凱基5B購01,2026-09-04,1.1,0.12,12.24,10000000,0,綠增,是,,1.38,1.63,1.77,,-26.6525,-14.8245,-8.1046
707954,沛亨凱基5A購02,2026-09-04,0.09,-0.05,-35.71,610000000,0,紅增,是,,0.09,0.1,0.28,,-9.6154,-47.0588,-44.7628
707956,勤凱凱基5A購02,2026-09-04,0.49,0.03,6.52,76000000,0,,是,,0.52,1.07,,,-67.7419,-55.0969,
707957,新盛力凱基5B購01,2026-09-04,2.61,0.31,13.48,98000000,0,紅增,是,,2.63,2.02,2.26,,84.8101,27.9217,-4.7076
707959,雙鴻凱基5A購07,2026-09-04,1.04,0.21,25.3,38000000,0,,是,,0.73,0.45,0.52,,338.5542,41.0095,-7.8553
707960,雙鴻凱基61購02,2026-09-04,1.35,0.48,55.17,13000000,0,紅增,是,,0.96,0.67,0.6,,150.2618,56.3084,7.2516
707963,家登富邦61購01,2026-09-04,0.54,-0.05,-8.47,464000000,0,紅縮,是,,0.59,0.52,0.51,,35.6164,29.0,-10.0885
707964,富喬富邦61購01,2026-09-04,0.36,-0.01,-2.7,1633000000,0,紅縮,否,,0.4,0.33,0.22,,55.814,84.3575,23.416
707965,聖暉*富邦5C購01,2026-09-04,0.47,-0.01,-2.08,38000000,0,綠縮,否,,0.49,0.58,1.16,,-26.4881,-45.6664,-30.4113
707968,優群富邦61購01,2026-09-04,0.18,-0.01,-5.26,75000000,0,綠縮,是,,0.21,0.28,0.54,,-39.6552,-48.3333,-18.7405
707969,環球晶富邦5B購01,2026-09-04,16.0,2.1,15.11,1000000,0,,否,,24.74,24.18,21.74,,4.7417,2.8936,
707971,巨有元大5A購01,2026-09-04,0.2,-0.03,-13.04,10000000,0,紅縮,否,,0.31,0.33,0.42,,-8.7719,-10.1648,-42.7204
707972,富喬元大5C購02,2026-09-04,0.35,-0.03,-7.89,495000000,0,紅縮,否,,0.4,0.33,0.23,,62.9032,85.2273,13.9364
707975,雙鴻兆豐5C購02,2026-09-04,1.3,0.47,56.63,11000000,0,紅增,是,,0.9,0.66,0.6,,115.311,36.722,4.4271
707977,富喬國票5A購02,2026-09-04,0.28,-0.04,-12.5,445000000,0,紅縮,否,,0.37,0.28,0.37,,96.7742,-13.2075,-9.3252
707979,華義國票5B購01,2026-09-04,0.14,0.07,100.0,31000000,0,,否,,0.09,0.13,0.28,,-46.4286,-55.3633,
707980,華義國票5B購02,2026-09-04,0.05,-0.01,-16.67,50000000,0,綠縮,否,,0.06,0.06,0.14,,3.5714,-50.8621,-34.5972
707981,新盛力國票5A購02,2026-09-04,1.78,0.21,13.38,86000000,0,紅縮,是,,1.82,2.11,1.62,,-24.376,25.4308,-3.2615
707982,雙鴻凱基5A購08,2026-09-04,0.67,0.31,86.11,17000000,0,,是,,0.46,0.3,0.37,,231.8841,16.8627,
707984,聖暉*凱基5C購01,2026-09-04,0.63,-0.01,-1.56,114000000,0,綠縮,是,,0.71,0.88,1.4,,-31.8008,-30.5929,-30.2471
707985,德微凱基5A購02,2026-09-04,0.67,-0.06,-8.22,439000000,0,,是,,0.71,2.24,2.81,,-81.2301,-35.2039,
707991,群聯國泰5B購01,2026-09-04,1.5,-0.07,-4.46,15000000,0,紅縮,否,,1.65,1.74,1.56,,-9.2206,19.4502,-11.5014
707996,立碁永豐5B購02,2026-09-04,0.44,-0.19,-30.16,345000000,0,,是,,0.52,0.42,,,61.7284,3.9216,
707997,新盛力永豐61購01,2026-09-04,1.81,0.13,7.74,16000000,0,紅縮,否,,1.83,1.86,1.49,,-2.7601,32.9041,-4.8104
707998,群聯永豐5C購01,2026-09-04,0.86,0.01,1.18,445000000,0,紅縮,否,,0.93,1.0,0.9,,-12.2642,10.4329,-5.7834
708002,雙鴻永豐61購03,2026-09-04,1.38,0.33,31.43,13000000,0,紅增,否,,1.04,0.76,0.63,,115.8333,67.6991,17.0822
708003,立碁國票5B購02,2026-09-04,0.66,-0.22,-25.0,5000000,0,,否,,0.77,0.64,,,51.1719,18.4162,
708004,兆利國票5B購01,2026-09-04,0.1,0.01,11.11,6000000,0,,否,,0.11,0.14,0.25,,-30.8642,-40.6926,-32.5137
708006,良維國票5B購01,2026-09-04,0.27,0.1,58.82,730000000,0,,是,,0.18,0.34,0.6,,-65.3543,-48.0243,-33.3333
708008,群聯國票5B購03,2026-09-04,0.85,0.03,3.66,259000000,0,紅縮,否,,0.96,1.09,0.96,,-21.6966,11.4169,-10.3208
708009,聖暉*國票5B購01,2026-09-04,0.23,0.0,0.0,100000000,0,綠縮,是,,0.42,1.0,1.58,,-73.8035,-46.8717,-19.6143
708013,富強鑫台新5A購01,2026-09-04,0.27,-0.02,-6.9,11000000,0,,否,,0.36,0.54,0.63,,-49.0141,-24.8247,
708015,群聯台新5A購01,2026-09-04,4.94,-0.04,-0.8,29000000,0,紅增,否,,5.14,5.29,5.83,,-5.6188,0.6848,-12.923
708016,群聯台新5A購02,2026-09-04,2.22,0.1,4.72,274000000,0,紅縮,是,,2.53,2.86,2.56,,-20.7393,18.3209,-18.4282
708017,群聯台新5A購03,2026-09-04,1.2,0.02,1.69,597000000,0,紅縮,是,,1.44,1.76,1.72,,-30.5019,-1.5695,-19.4177
708018,穩得台新5A購01,2026-09-04,0.17,-0.1,-37.04,250000000,0,,是,,0.26,0.43,0.82,,-57.377,-50.2288,-28.4404
708019,良維凱基5B購04,2026-09-04,0.13,0.05,62.5,10000000,0,,否,,0.35,0.5,0.64,,-46.319,-25.2239,-26.3881
708020,東捷凱基5A購03,2026-09-04,1.05,0.37,54.41,5000000,0,綠縮,否,,0.85,0.92,1.96,,-15.4,-46.9845,-27.3047
708025,大綜國票5A購01,2026-09-04,0.66,0.08,13.79,523000000,0,綠轉紅,是,,0.66,0.86,0.95,,-38.2022,-12.1951,-14.8927
708026,太景*國票5B購01,2026-09-04,0.13,0.0,0.0,10000000,0,綠縮,否,,0.15,0.16,0.27,,-15.7303,-49.8471,-12.0264
708027,良維國票5B購02,2026-09-04,0.3,0.11,57.89,700000000,0,綠轉紅,是,,0.21,0.22,0.42,,-5.3571,-34.3373,-26.4784
708031,群聯國票5B購04,2026-09-04,1.02,-0.13,-11.3,10000000,0,紅縮,否,,1.22,1.3,1.12,,-11.4493,20.1293,-13.7785
708032,環球晶國票5A購02,2026-09-04,3.42,0.58,20.42,10000000,0,,是,,3.63,3.79,5.12,,-8.0931,-36.735,
708038,雙鴻永豐63購02,2026-09-04,1.18,-0.03,-2.48,50000000,0,紅增,否,,0.99,0.73,0.61,,108.4034,65.3153,16.9557
708040,良維元大5A購04,2026-09-04,0.18,0.07,63.64,21000000,0,紅增,否,,0.16,0.2,0.38,,-29.9145,-27.1062,-31.8996
708041,良維元大63購01,2026-09-04,0.42,0.07,20.0,630000000,0,紅增,是,,0.38,0.33,0.36,,33.5664,5.3628,-20.6972
708043,良維富邦61購01,2026-09-04,0.34,0.16,88.89,169000000,0,紅增,否,,0.34,0.28,0.37,,55.5556,0.7299,-16.5179
708044,新盛力富邦61購02,2026-09-04,1.29,0.07,5.74,1000000,0,紅縮,否,,1.34,1.48,1.13,,-16.646,28.0139,0.4874
708048,臺慶科群益5A購01,2026-09-04,1.1,0.16,17.02,60000000,0,,是,,1.23,1.28,,,-6.6667,-53.7514,
708049,雙鴻群益5A購07,2026-09-04,1.2,0.65,118.18,109000000,0,紅增,是,,0.73,0.49,0.58,,198.3607,11.9816,-14.6843
708054,環球晶台新5A購04,2026-09-04,3.8,0.66,21.02,111000000,0,綠縮,否,,3.77,4.06,5.28,,-13.0876,7.6433,-12.7826
708055,群聯元大5A購03,2026-09-04,0.59,-0.08,-11.94,361000000,0,綠增,否,,0.9,1.35,1.12,,-49.5536,-0.8094,-13.858
708063,群聯凱基5B購02,2026-09-04,0.5,-0.01,-1.96,88000000,0,紅縮,是,,0.54,0.6,0.55,,-17.6292,12.3596,-29.9486
708064,群聯兆豐64購01,2026-09-04,1.7,0.0,0.0,10000000,0,紅縮,否,,1.8,1.93,1.76,,-12.4393,6.2775,-3.6885
708065,中美晶群益5C購01,2026-09-04,1.4,0.0,0.0,370000000,0,綠縮,是,,1.46,1.66,2.55,,-21.4209,-36.8241,-6.9432
708066,群聯群益5B購02,2026-09-04,0.59,0.03,5.36,51000000,0,紅縮,否,,0.66,0.74,0.68,,-19.4175,9.5729,-11.6429
708067,群聯群益5C購01,2026-09-04,0.99,-0.06,-5.71,591000000,0,紅縮,否,,1.12,1.23,1.13,,-15.7421,9.7321,-10.0599
708069,精材群益5A購06,2026-09-04,6.0,0.15,2.56,10000000,0,綠轉紅,是,,3.64,4.09,4.03,,-19.771,-13.2103,6.7029
708070,雙鴻群益5B購07,2026-09-04,0.99,0.44,80.0,677000000,0,紅增,否,,0.65,0.42,0.29,,216.6667,141.4773,38.5882
708071,凡甲國票5B購01,2026-09-04,0.31,0.01,3.33,7000000,0,綠縮,否,,0.32,0.55,0.81,,-58.1395,-40.1309,-24.8257
708076,群聯國票5B購05,2026-09-04,1.07,-0.02,-1.83,232000000,0,紅縮,否,,1.22,1.45,1.24,,-27.3484,15.0555,-14.5611
708077,精材國票5B購01,2026-09-04,3.87,0.1,2.65,13000000,0,紅增,否,,3.33,2.61,2.66,,76.2712,30.7924,9.814
708079,鴻呈國泰5C購01,2026-09-04,1.37,0.0,0.0,551000000,0,紅縮,是,,1.43,1.35,1.14,,12.776,22.192,10.0435
708083,家登富邦5C購02,2026-09-04,0.91,-0.01,-1.09,16000000,0,紅縮,否,,0.89,0.78,0.73,,29.912,31.3233,-6.9841
708084,群聯富邦5C購02,2026-09-04,0.91,0.02,2.25,68000000,0,紅縮,否,,1.01,1.05,0.92,,-6.1224,16.4994,-13.4831
708085,群聯富邦61購02,2026-09-04,0.75,-0.01,-1.32,150000000,0,紅縮,否,,0.83,0.9,0.81,,-13.3333,12.1402,-6.4702
708087,譜瑞富邦61購01,2026-09-04,0.21,0.01,5.0,23000000,0,紅增,否,,0.22,0.27,0.41,,-30.625,-26.3587,-20.4656
708089,群聯永豐64購02,2026-09-04,0.89,-0.01,-1.11,37000000,0,紅縮,否,,0.96,1.02,0.93,,-11.0701,11.5468,-4.8843
708090,精材永豐5B購02,2026-09-04,3.99,0.48,13.68,21000000,0,綠縮,是,,3.88,4.04,3.8,,-7.7984,3.5348,7.737
708091,中美晶凱基61購02,2026-09-04,1.79,0.18,11.18,49000000,0,綠縮,否,,1.87,2.22,2.82,,-27.3504,-25.5112,-4.0674
708093,群聯凱基61購01,2026-09-04,0.47,-0.01,-2.08,238000000,0,紅縮,否,,0.53,0.61,0.55,,-23.4104,11.2933,-19.1426
708094,精材凱基5B購02,2026-09-04,4.46,0.65,17.06,11000000,0,紅增,否,,3.43,3.12,3.02,,21.835,-2.9558,14.8289
708096,譜瑞凱基5B購01,2026-09-04,0.12,-0.03,-20.0,100000000,0,紅縮,否,,0.16,0.23,0.34,,-49.6774,-32.659,-33.5616
708101,佳邦國票5C購01,2026-09-04,0.31,0.03,10.71,26000000,0,紅增,否,,0.34,0.35,0.59,,-5.4945,-25.7862,-31.8866
708104,原相國票5C購01,2026-09-04,0.27,-0.03,-10.0,60000000,0,綠縮,否,,0.39,0.44,0.67,,-21.2245,-19.7802,-22.7273
708109,磐儀國票5C購01,2026-09-04,0.22,0.02,10.0,2000000,0,綠縮,否,,0.25,0.32,0.4,,-33.3333,-24.6411,-13.9434
708110,世界台新5B購01,2026-09-04,0.46,-0.01,-2.13,23000000,0,綠縮,是,,0.57,1.4,2.25,,-74.7096,-54.847,-12.0336
708115,勤凱台新5B購01,2026-09-04,1.19,-0.12,-9.16,218000000,0,,是,,1.4,1.17,2.0,,47.2574,-7.8616,-39.3025
708117,群聯台新5B購02,2026-09-04,0.36,-0.06,-14.29,1924000000,0,紅縮,是,,0.5,0.6,0.56,,-29.1429,4.7285,-21.5243
708118,世界群益5B購05,2026-09-04,1.18,0.07,6.31,82000000,0,綠縮,否,,1.38,1.69,2.39,,-31.031,-27.8324,-26.5049
708121,家登群益61購01,2026-09-04,0.62,-0.11,-15.07,1000000,0,紅增,否,,0.62,0.55,0.66,,32.906,-4.5534,-15.3107
708122,世界永豐65購01,2026-09-04,0.6,0.0,0.0,34000000,0,綠縮,否,,0.63,0.68,0.77,,-13.7741,-11.5183,-19.3111
708124,高鋒永豐5C購01,2026-09-04,0.31,-0.03,-8.82,539000000,0,綠縮,是,,0.31,0.37,0.44,,-27.7778,-20.8511,-17.7024
708126,群聯中信62購01,2026-09-04,0.51,-0.02,-3.77,11000000,0,紅縮,否,,0.6,0.62,0.57,,-7.1651,12.7505,-12.0
708128,東捷國泰61購01,2026-09-04,2.99,0.89,42.38,429000000,0,,是,,2.29,2.28,,,0.7937,-2.9412,
708129,欣銓國泰5C購01,2026-09-04,1.42,-0.06,-4.05,12000000,0,紅縮,否,,1.48,1.39,1.31,,15.0388,21.3473,-6.5644
708130,群聯國泰61購01,2026-09-04,1.41,-0.12,-7.84,10000000,0,紅縮,否,,1.76,1.65,1.91,,14.5644,1.476,-16.2714
708131,中美晶富邦61購01,2026-09-04,1.45,0.05,3.57,144000000,0,綠縮,否,,1.46,1.53,2.2,,-8.6358,-26.2422,-8.7191
708137,均豪元大5B購01,2026-09-04,0.31,0.0,0.0,236000000,0,,是,,0.44,0.53,,,-30.4762,-35.9712,
708138,群聯元大5B購01,2026-09-04,0.98,-0.2,-16.95,68000000,0,綠縮,是,,1.2,1.27,1.82,,-10.3448,-21.8171,-16.4292
708139,群聯元大5B購02,2026-09-04,0.88,-0.17,-16.19,388000000,0,綠增,是,,1.14,1.54,1.89,,-41.2976,-21.4577,-13.4465
708140,群聯元大64購01,2026-09-04,0.88,-0.17,-16.19,103000000,0,紅縮,是,,1.07,1.02,1.05,,10.5372,7.603,-9.8375
708144,雙鴻元大61購14,2026-09-04,1.1,0.19,20.88,100000000,0,,是,,0.81,0.78,,,7.1429,,
708146,世界凱基5B購01,2026-09-04,0.28,0.01,3.7,200000000,0,綠縮,是,,0.42,0.54,0.91,,-37.7246,-36.1602,-35.6586
708148,欣銓凱基61購01,2026-09-04,0.99,-0.01,-1.0,22000000,0,紅增,否,,0.99,0.96,1.12,,6.8817,-2.335,-9.37
708152,群聯凱基63購01,2026-09-04,0.62,-0.03,-4.62,83000000,0,紅轉綠,否,,0.68,0.84,0.78,,-30.7692,-4.4571,-10.5203
708160,系微富邦63購01,2026-09-04,0.18,0.01,5.88,20000000,0,綠縮,否,,0.22,0.25,0.45,,-21.5827,-42.7252,-22.3764
708161,茂迪富邦63購02,2026-09-04,0.33,-0.02,-5.71,36000000,0,綠增,是,,0.42,0.5,0.66,,-27.3356,-24.1641,-15.9718
708162,原相富邦5B購01,2026-09-04,0.2,0.0,0.0,23000000,0,綠縮,否,,0.23,0.31,0.34,,-39.3782,-18.2058,-30.0306
708163,萬泰科富邦5B購02,2026-09-04,0.17,0.0,0.0,20000000,0,綠縮,否,,0.22,0.31,0.53,,-44.7236,-44.7227,-19.9548
708164,群聯富邦62購01,2026-09-04,0.61,-0.01,-1.61,839000000,0,紅縮,否,,0.67,0.71,0.65,,-12.5984,11.3885,-7.5714
708165,群聯富邦62購02,2026-09-04,0.44,-0.03,-6.38,175000000,0,紅縮,否,,0.5,0.55,0.51,,-17.2185,6.5637,-8.9445
708167,東捷永豐64購02,2026-09-04,1.13,0.16,16.49,942000000,0,紅增,是,,1.0,0.99,1.06,,2.2449,4.6463,-16.6535
708168,東捷永豐67購01,2026-09-04,1.29,0.12,10.26,377000000,0,紅增,是,,1.16,1.17,1.29,,-2.0305,-3.3058,-14.1047
708171,家登中信5B購01,2026-09-04,0.32,-0.02,-5.88,85000000,0,紅增,是,,0.34,0.33,0.45,,6.25,-16.2437,-14.7418
708173,欣銓兆豐61購01,2026-09-04,0.93,-0.03,-3.12,35000000,0,紅縮,否,,0.95,0.92,0.87,,5.1111,20.9699,-11.9012
708176,東捷國票5C購01,2026-09-04,1.18,0.29,32.58,277000000,0,紅增,是,,0.89,0.92,1.07,,-5.7082,-0.4334,-25.2966
708179,群聯國票66購01,2026-09-04,0.75,0.01,1.35,227000000,0,紅縮,否,,0.8,0.86,0.77,,-12.6915,8.4918,-7.4895
708180,東捷群益5B購02,2026-09-04,0.51,0.08,18.6,1000000,0,綠縮,否,,0.65,0.75,1.21,,-23.7089,-29.8131,-25.5914
708181,東捷群益5B購03,2026-09-04,0.69,0.21,43.75,495000000,0,紅增,是,,0.56,0.57,0.79,,-6.0811,-11.828,-33.7969
708183,群聯群益61購03,2026-09-04,0.44,0.0,0.0,5000000,0,紅縮,否,,0.49,0.54,0.5,,-16.3265,7.7844,-12.7273
708186,東捷元大5B購01,2026-09-04,1.2,0.21,21.21,25000000,0,綠縮,是,,0.99,1.04,2.1,,-8.8073,-39.6642,-30.6129
708187,東捷元大5B購02,2026-09-04,2.25,0.47,26.4,37000000,0,,是,,2.05,2.56,3.53,,-33.1156,-32.5502,
708189,東捷元大5B購04,2026-09-04,0.68,0.29,74.36,244000000,0,綠縮,是,,0.69,1.35,1.72,,-65.2653,-30.9744,-15.5528
708192,萬泰科元大5B購01,2026-09-04,0.16,-0.01,-5.88,2000000,0,,否,,0.25,0.56,0.92,,-71.8535,-42.6817,
708193,群翊元大5B購01,2026-09-04,0.28,-0.16,-36.36,701000000,0,紅縮,是,,0.38,0.43,0.61,,-21.0084,-27.4276,-16.678
708194,群聯元大5B購03,2026-09-04,0.35,-0.03,-7.89,232000000,0,紅縮,否,,0.43,0.55,0.54,,-34.5455,-0.1828,-24.234
708195,群聯元大64購02,2026-09-04,1.21,-0.4,-24.84,53000000,0,紅縮,是,,1.49,1.2,1.32,,62.8821,22.4822,-7.1253
708199,環球晶元大5B購01,2026-09-04,3.36,0.06,1.82,2000000,0,,是,,6.31,5.8,,,19.206,48.9723,
708207,順達凱基63購01,2026-09-04,0.99,0.02,2.06,23000000,0,綠縮,否,,0.98,0.98,1.31,,1.0267,-17.2443,-9.5598
708208,萬泰科凱基5C購01,2026-09-04,0.35,0.0,0.0,20000000,0,綠縮,是,,0.42,0.84,1.1,,-67.0347,-35.9422,-17.4157
708209,群聯凱基64購01,2026-09-04,0.57,-0.03,-5.0,351000000,0,紅縮,否,,0.63,0.72,0.66,,-23.2843,6.0294,-19.7809
708210,環球晶凱基5B購03,2026-09-04,3.4,0.32,10.39,10000000,0,綠縮,是,,3.68,3.61,4.95,,4.3035,-28.9624,2.0091
708213,台特化台新5B購01,2026-09-04,0.42,0.03,7.69,7000000,0,紅縮,是,,0.56,0.54,0.61,,5.6818,8.6,-19.7896
708220,鈊象台新5B購01,2026-09-04,1.02,-0.05,-4.67,14000000,0,綠增,否,,1.36,1.77,1.8,,-37.6265,-9.5799,-12.4391
708227,群翊國泰5C購02,2026-09-04,0.28,-0.11,-28.21,30000000,0,,否,,0.49,0.59,0.79,,-29.3103,-18.9632,
708229,中光電富邦62購01,2026-09-04,1.33,-0.37,-21.76,93000000,0,綠增,是,,1.89,1.97,2.42,,-7.3457,-19.3852,0.9796
708231,捷創富邦62購01,2026-09-04,0.66,-0.09,-12.0,381000000,0,紅增,是,,0.61,0.58,0.64,,11.6364,-4.902,-3.9216
708232,世界永豐5C購01,2026-09-04,0.66,-0.01,-1.49,81000000,0,綠縮,否,,0.71,0.79,0.96,,-18.5355,-9.0596,-22.4055
708233,家登永豐61購01,2026-09-04,0.4,0.01,2.56,203000000,0,紅增,是,,0.41,0.38,0.5,,17.2414,-11.0588,-14.1509
708235,群聯永豐65購02,2026-09-04,0.59,0.0,0.0,2242000000,0,紅縮,是,,0.62,0.66,0.59,,-9.3023,11.3752,-3.2653
708236,鉅橡永豐5C購01,2026-09-04,0.05,-0.01,-16.67,40000000,0,,否,,0.42,0.5,,,-29.3919,-23.0183,
708238,艾訊國票63購01,2026-09-04,0.88,0.06,7.32,20000000,0,綠縮,否,,0.88,0.96,1.16,,-16.0305,-22.0065,-10.0077
708240,晶宏國票5C購01,2026-09-04,3.6,0.3,9.09,41000000,0,紅增,否,,2.87,2.2,1.66,,87.8272,65.5873,22.7155
708242,聰泰國票5C購01,2026-09-04,0.27,-0.01,-3.57,1000000,0,綠增,否,,0.37,0.37,0.48,,-1.6043,-10.1695,-19.3086
708243,寶雅國票5C購01,2026-09-04,1.66,0.1,6.41,40000000,0,紅轉綠,否,,1.94,2.05,1.74,,-10.1758,22.4344,8.4608
708249,陽程群益5B購01,2026-09-04,6.6,-0.1,-1.49,133000000,0,紅縮,是,,7.46,6.49,4.04,,35.1939,87.0029,45.1816
708250,群聯群益5B購03,2026-09-04,0.28,0.01,3.7,1996000000,0,紅縮,否,,0.34,0.41,0.39,,-29.8755,1.2346,-18.6406
708254,均豪元大65購01,2026-09-04,0.4,-0.01,-2.44,1032000000,0,,是,,0.44,0.47,0.48,,-12.0,-1.2605,-11.5028
708255,家登元大5B購03,2026-09-04,0.9,-0.05,-5.26,20000000,0,,是,,1.3,1.49,1.5,,-22.0096,-6.1791,
708256,群聯元大5B購04,2026-09-04,0.63,-0.01,-1.56,156000000,0,紅縮,否,,0.76,0.9,0.9,,-27.1511,-2.6911,-17.0664
708257,群聯元大5B購05,2026-09-04,0.35,0.0,0.0,165000000,0,紅縮,否,,0.4,0.48,0.47,,-30.2817,0.0,-20.2874
708258,群聯元大64購03,2026-09-04,0.9,-0.4,-30.77,175000000,0,紅縮,是,,1.11,1.01,0.96,,23.7778,27.6299,-6.3415
708266,威剛元大5B購04,2026-09-04,0.25,-0.05,-16.67,12000000,0,綠增,否,,0.35,0.4,0.44,,-21.4286,-8.2569,-14.6833
708267,威剛元大5B購05,2026-09-04,0.31,0.0,0.0,200000000,0,紅轉綠,否,,0.41,0.44,0.48,,-11.9149,-9.4262,-12.764
708268,威剛元大64購01,2026-09-04,0.55,0.01,1.85,825000000,0,紅縮,否,,0.58,0.61,0.6,,-8.75,-2.5478,-3.3844
708270,群聯元大5B購06,2026-09-04,0.23,-0.04,-14.81,27000000,0,紅縮,否,,0.31,0.39,0.43,,-33.1897,-4.4444,-29.0242
708274,勤凱國泰5C購01,2026-09-04,0.8,0.03,3.9,2000000,0,,否,,0.81,0.8,1.23,,2.0101,1.1321,
708279,威剛凱基5B購03,2026-09-04,0.16,0.0,0.0,685000000,0,綠增,否,,0.2,0.25,0.3,,-33.1126,-20.7547,-17.0629
708280,群聯凱基64購02,2026-09-04,0.51,-0.01,-1.92,26000000,0,紅縮,否,,0.57,0.62,0.56,,-13.8554,13.1868,-11.8804
708282,寶雅凱基5B購01,2026-09-04,1.08,0.05,4.85,137000000,0,綠增,是,,1.43,1.88,1.61,,-38.4682,12.3279,3.6369
708285,系微兆豐65購01,2026-09-04,0.47,0.0,0.0,100000000,0,紅增,否,,0.5,0.53,0.64,,-11.1111,-14.0294,-19.4462
708286,群聯兆豐65購01,2026-09-04,1.2,-0.13,-9.77,56000000,0,紅縮,否,,1.35,1.4,1.35,,-7.4074,2.4818,-6.1048
708287,凡甲國票5C購02,2026-09-04,0.12,0.0,0.0,10000000,0,,是,,0.2,0.36,,,-60.9195,-36.6492,
708290,世界國票5C購02,2026-09-04,0.36,0.01,2.86,1000000,0,綠增,否,,0.51,0.55,0.78,,-14.1892,-18.0328,-29.6145
708292,威剛國票5C購01,2026-09-04,0.42,-0.03,-6.67,722000000,0,綠增,是,,0.53,0.6,0.65,,-22.3529,-14.8096,-13.9333
708293,耕興國票5C購01,2026-09-04,0.2,-0.03,-13.04,1000000,0,,否,,0.31,0.4,0.56,,-35.2697,-28.3394,
708294,港建*國票5B購01,2026-09-04,0.18,-0.01,-5.26,154000000,0,綠縮,否,,0.25,0.29,0.46,,-27.0588,-25.1908,-40.4824
708302,欣銓永豐61購01,2026-09-04,0.82,0.01,1.23,51000000,0,紅縮,否,,0.83,0.82,0.8,,2.9703,10.2151,-9.3501
708303,威剛永豐5B購01,2026-09-04,0.19,0.0,0.0,27000000,0,綠增,否,,0.31,0.34,0.42,,-12.7778,-15.1134,-16.983
708304,威剛永豐5C購02,2026-09-04,0.4,0.0,0.0,2000000,0,紅轉綠,否,,0.53,0.54,0.59,,-5.036,-3.9007,-10.7306
708306,威剛永豐65購01,2026-09-04,1.18,-0.03,-2.48,4000000,0,紅轉綠,否,,1.33,1.37,1.37,,-6.0734,0.4389,-4.0042
708307,威剛永豐68購01,2026-09-04,1.24,-0.06,-4.62,10000000,0,紅轉綠,否,,1.38,1.39,1.4,,-2.4113,3.0325,-2.376
708308,鉅橡永豐61購01,2026-09-04,0.07,-0.02,-22.22,40000000,0,綠縮,否,,0.1,0.12,0.24,,-27.7778,-43.8914,-32.3404
708309,廣穎永豐65購01,2026-09-04,1.44,0.05,3.6,18000000,0,紅縮,否,,1.51,1.52,1.53,,-1.4398,9.2939,-8.3258
708312,正淩群益63購01,2026-09-04,0.73,0.09,14.06,10000000,0,紅增,否,,0.64,0.64,0.8,,0.625,-11.2033,-20.1204
708313,均豪群益5B購01,2026-09-04,0.2,0.0,0.0,50000000,0,綠縮,否,,0.25,0.38,0.47,,-51.1811,-33.4507,-17.6471
708317,威剛群益5C購01,2026-09-04,0.56,-0.02,-3.45,200000000,0,綠增,是,,0.71,0.72,0.91,,-2.7248,-18.4685,-11.5646
708322,寶雅群益61購01,2026-09-04,1.14,0.12,11.76,100000000,0,綠增,是,,1.21,1.43,1.16,,-25.7946,12.2931,0.784
708326,方土昶凱基5C購01,2026-09-04,1.17,-0.07,-5.65,60000000,0,紅縮,否,,1.59,1.71,1.44,,-13.5224,27.1375,-0.6192
708331,威剛凱基5B購04,2026-09-04,0.11,-0.01,-8.33,271000000,0,紅轉綠,否,,0.15,0.2,0.23,,-36.6667,-26.0377,-22.1667
708337,環球晶凱基5C購02,2026-09-04,1.89,0.33,21.15,514000000,0,綠縮,是,,1.92,2.02,3.11,,-10.0469,-29.5858,-9.282
708341,安葆台新5B購02,2026-09-04,0.74,-0.07,-8.64,30000000,0,,否,,0.83,0.7,0.71,,47.3498,7.0336,-7.1099
708342,艾訊台新5B購01,2026-09-04,1.43,0.3,26.55,57000000,0,綠縮,否,,1.41,1.66,1.98,,-26.178,-15.6932,-13.5542
708344,良維台新5B購01,2026-09-04,1.05,0.34,47.89,132000000,0,紅增,否,,0.84,0.68,0.82,,56.5543,8.2148,-32.1177
708346,良維台新5B購03,2026-09-04,0.31,0.03,10.71,190000000,0,綠增,是,,0.98,1.54,1.82,,-53.327,-26.4888,-23.9507
708350,順達台新5B購02,2026-09-04,1.67,0.07,4.38,80000000,0,紅增,是,,1.56,1.63,2.02,,-8.1176,-6.7467,-13.2918
708351,鈊象台新5B購02,2026-09-04,0.69,-0.02,-2.82,135000000,0,綠增,是,,1.05,1.51,1.95,,-46.3812,-23.7348,-16.8162
708353,群聯台新5B購03,2026-09-04,0.42,-0.01,-2.33,2000000,0,紅縮,否,,0.5,0.58,0.55,,-25.0755,6.6298,-15.2174
708356,臺慶科台新5B購01,2026-09-04,2.84,0.28,10.94,1000000,0,,是,,3.12,,,,,,
708359,均豪兆豐61購01,2026-09-04,0.28,0.0,0.0,302000000,0,紅增,否,,0.3,0.24,0.34,,60.2151,-7.6336,-7.0248
708362,環球晶群益5B購02,2026-09-04,2.28,0.19,9.09,10000000,0,,否,,,,,,,,
708363,環球晶群益5B購03,2026-09-04,2.11,0.2,10.47,625000000,0,,是,,2.11,4.07,,,-65.0299,,
708366,凡甲元大65購01,2026-09-04,0.63,0.0,0.0,2000000,0,綠轉紅,否,,0.63,0.67,0.86,,-8.908,-19.5889,-12.7041
708372,沛亨元大5B購01,2026-09-04,0.85,0.06,7.59,41000000,0,紅增,否,,0.72,0.65,0.95,,24.4828,-6.867,-27.5373
708373,欣銓元大5B購01,2026-09-04,0.95,-0.02,-2.06,2000000,0,紅縮,否,,0.99,1.0,0.97,,-3.1373,10.451,-9.1463
708377,威剛元大5B購07,2026-09-04,0.4,0.02,5.26,1085000000,0,綠增,是,,0.44,0.5,0.52,,-20.7885,-11.032,-10.2675
708380,家登元大64購01,2026-09-04,0.5,-0.01,-1.96,294000000,0,,是,,0.51,0.51,0.66,,-0.7813,-25.0,
708382,群聯元大5B購07,2026-09-04,0.5,-0.07,-12.28,20000000,0,紅縮,否,,0.67,0.77,0.9,,-23.6239,-3.0265,-22.318
708383,群聯元大61購05,2026-09-04,0.72,-0.09,-11.11,354000000,0,綠增,是,,0.85,1.0,1.38,,-25.4799,-27.9539,-12.9114
708387,均豪國泰62購01,2026-09-04,0.99,-0.04,-3.88,514000000,0,紅增,是,,0.96,0.94,0.9,,3.0108,11.716,-14.8956
708388,良維國泰5C購01,2026-09-04,0.58,0.09,18.37,115000000,0,綠縮,否,,0.53,0.6,1.16,,-21.4925,-47.6357,-23.5874
708391,力領台新5B購01,2026-09-04,0.67,-0.01,-1.47,8000000,0,紅增,否,,0.66,0.72,0.79,,-13.7662,-9.5839,-23.7638
708393,合晶台新5B購04,2026-09-04,11.0,0.9,8.91,2000000,0,綠增,否,,18.78,21.87,17.14,,-24.7596,10.0654,16.911
708396,群聯台新5B購05,2026-09-04,0.59,-0.01,-1.67,300000000,0,紅縮,否,,0.69,0.82,0.81,,-26.7516,2.1277,-20.1079
708397,群聯台新5B購06,2026-09-04,0.24,0.0,0.0,421000000,0,紅縮,是,,0.3,0.33,0.49,,-16.1111,-19.8547,-31.0515
708401,中美晶凱基61購03,2026-09-04,1.47,0.01,0.68,5000000,0,,是,,1.53,2.22,2.12,,-47.3177,-12.8728,-2.1006
708402,世禾凱基5B購01,2026-09-04,0.12,0.01,9.09,40000000,0,綠縮,是,,0.18,0.44,0.65,,-74.7159,-42.5781,-16.9524
708406,欣銓凱基5B購01,2026-09-04,0.27,-0.02,-6.9,15000000,0,紅縮,否,,0.3,0.33,0.37,,-17.2222,-2.6627,-28.7244
708407,信立凱基5B購02,2026-09-04,0.51,-0.09,-15.0,28000000,0,,否,,0.71,0.72,,,-2.2099,,
708408,威剛凱基5C購01,2026-09-04,0.14,-0.01,-6.67,534000000,0,綠增,否,,0.17,0.21,0.27,,-26.8908,-23.9852,-21.131
708409,智通*凱基5B購01,2026-09-04,0.93,-0.05,-5.1,20000000,0,綠增,否,,1.05,1.48,1.56,,-45.464,-20.5788,-3.9053
708410,群聯凱基64購03,2026-09-04,0.4,-0.03,-6.98,852000000,0,紅縮,是,,0.45,0.49,0.45,,-15.8491,12.1839,-9.1185
708412,環球晶兆豐61購02,2026-09-04,1.75,0.15,9.37,32000000,0,綠縮,是,,1.86,1.84,2.5,,1.4192,-6.25,-12.6288
708414,FH中5G元大5C購01,2026-09-04,1.79,0.03,1.7,3000000,0,綠縮,否,,1.93,2.26,2.95,,-25.3478,-12.5048,-36.6831
708416,世界元大65購01,2026-09-04,0.44,0.01,2.33,240000000,0,綠縮,是,,0.53,0.57,0.78,,-12.459,-20.7756,-13.1783
708418,順達元大64購04,2026-09-04,2.26,-0.09,-3.83,238000000,0,紅縮,否,,2.24,2.22,2.1,,1.267,11.0889,-7.2422
708419,新盛力元大64購01,2026-09-04,2.94,0.38,14.84,36000000,0,,是,,2.68,2.88,3.09,,-12.9702,-8.5316,
708420,萬泰科元大5B購02,2026-09-04,0.64,0.07,12.28,120000000,0,綠縮,否,,0.68,0.69,1.08,,-3.125,-27.8876,-25.9972
708422,鈺太元大65購01,2026-09-04,0.28,0.02,7.69,1000000,0,紅增,否,,0.27,0.27,0.33,,-5.6738,-15.1703,-19.6364
708426,台半國票5C購01,2026-09-04,1.99,-0.12,-5.69,112000000,0,綠縮,是,,2.13,2.13,3.42,,-0.0,-39.1652,-2.6174
708427,朋億*國票5C購01,2026-09-04,0.62,0.0,0.0,154000000,0,綠縮,是,,0.74,0.99,1.65,,-40.1929,-43.6508,-22.7697
708428,群聯國票61購02,2026-09-04,0.37,0.01,2.78,36000000,0,紅縮,是,,0.43,0.44,0.43,,-3.5556,9.9502,-15.2475
708429,雷科國票5B購01,2026-09-04,2.84,0.31,12.25,25000000,0,綠縮,否,,2.51,3.12,5.56,,-33.0662,-49.1208,-21.3765
708433,家登富邦61購02,2026-09-04,0.44,-0.02,-4.35,498000000,0,紅縮,是,,0.47,0.4,0.39,,41.5663,28.9389,-8.0607
708435,鈊象富邦61購02,2026-09-04,0.62,0.0,0.0,740000000,0,綠縮,否,,0.64,0.75,0.85,,-25.5814,-9.7473,-10.7652
708437,群聯富邦62購03,2026-09-04,0.38,-0.08,-17.39,70000000,0,紅縮,否,,0.46,0.49,0.47,,-10.8949,2.9661,-14.2986
708439,世界群益5B購07,2026-09-04,0.2,-0.01,-4.76,20000000,0,綠縮,否,,0.29,0.52,1.06,,-60.5898,-46.6119,-26.0779
708440,立碁群益5C購01,2026-09-04,1.62,-0.34,-17.35,202000000,0,,否,,1.88,1.41,,,99.5763,54.874,
708442,艾訊群益5B購02,2026-09-04,0.44,0.08,22.22,2000000,0,綠縮,否,,0.43,0.53,0.76,,-29.7735,-31.2418,-19.0197
708446,環球晶群益5C購02,2026-09-04,2.43,0.44,22.11,161000000,0,,是,,2.49,3.16,,,-35.2604,-37.1173,
708449,台半凱基5C購01,2026-09-04,2.25,0.04,1.81,2000000,0,紅增,否,,2.3,2.06,2.51,,25.7393,1.8784,-12.1494
708450,合晶凱基5B購02,2026-09-04,4.57,0.27,6.28,46000000,0,綠縮,否,,4.83,4.8,7.68,,1.3417,-25.8378,-12.9385
708451,合晶凱基61購01,2026-09-04,4.1,0.4,10.81,51000000,0,綠縮,否,,4.3,4.07,5.47,,12.3238,-5.705,-18.6887
708452,欣銓凱基64購01,2026-09-04,0.44,-0.01,-2.22,5000000,0,綠縮,否,,0.45,0.45,0.54,,0.4444,-9.2555,-8.4945
708453,金山電凱基5B購02,2026-09-04,1.3,0.59,83.1,41000000,0,綠縮,否,,0.97,1.41,3.92,,-48.1203,-64.4813,-17.6736
708454,威剛凱基5B購06,2026-09-04,0.18,-0.04,-18.18,140000000,0,紅轉綠,否,,0.23,0.28,0.29,,-29.6296,-15.3374,-16.4756
708457,新盛力凱基5B購02,2026-09-04,2.03,0.27,15.34,7000000,0,紅縮,否,,2.63,1.96,2.27,,105.625,-4.1646,-6.5584
708460,營邦凱基5B購01,2026-09-04,0.33,0.01,3.12,1155000000,0,紅增,是,,0.3,0.23,0.25,,92.2078,6.1321,-3.3333
708461,營邦凱基5B購02,2026-09-04,0.44,-0.06,-12.0,4000000,0,紅增,否,,0.38,0.28,0.31,,98.9474,25.1101,-7.0677
708462,營邦凱基5B購03,2026-09-04,0.5,0.04,8.7,1760000000,0,紅增,是,,0.43,0.33,0.31,,86.8421,22.4719,1.3158
708463,環球晶凱基5B購04,2026-09-04,0.81,0.17,26.56,384000000,0,綠縮,否,,0.83,1.01,1.47,,-30.2013,-7.156,-34.1976
708464,環球晶凱基5B購05,2026-09-04,1.03,0.19,22.62,851000000,0,綠縮,是,,1.04,1.15,1.99,,-17.6471,-28.3573,-15.5301
708470,環球晶台新5B購01,2026-09-04,3.74,0.68,22.22,812000000,0,綠縮,是,,3.74,4.1,4.67,,-16.0914,-4.5148,-2.5272
708471,環球晶台新5B購02,2026-09-04,1.83,0.22,13.66,9000000,0,綠縮,否,,1.93,2.21,3.8,,-22.6945,-9.6075,-32.6012
708472,環球晶台新62購01,2026-09-04,1.18,0.14,13.46,493000000,0,綠縮,否,,1.16,1.22,1.36,,-9.2044,8.326,-20.2809
708473,環球晶台新62購02,2026-09-04,0.92,0.13,16.46,1341000000,0,綠縮,否,,0.99,1.15,1.31,,-24.5427,1.8584,-25.0855
708478,久元元大5B購06,2026-09-04,0.05,0.0,0.0,5000000,0,,否,,0.09,0.16,,,-59.8291,-47.9365,
708486,合晶元大65購01,2026-09-04,3.5,0.2,6.06,8000000,0,綠縮,否,,3.72,3.71,3.75,,0.2698,10.4793,-17.9005
708490,群聯元大5B購08,2026-09-04,0.17,-0.05,-22.73,3000000,0,綠增,否,,0.28,0.36,0.57,,-38.2222,-37.9898,-18.4946
708491,群聯元大5B購09,2026-09-04,0.13,-0.01,-7.14,411000000,0,綠增,否,,0.17,0.26,0.28,,-50.2924,-19.2429,-22.0083
708492,營邦元大5B購01,2026-09-04,0.68,0.05,7.94,648000000,0,紅增,否,,0.61,0.5,0.52,,55.0505,8.137,0.1929
708493,營邦元大5B購02,2026-09-04,0.44,-0.04,-8.33,1225000000,0,紅增,是,,0.42,0.35,0.4,,52.5547,-1.7045,-13.4409
708495,環球晶元大5B購07,2026-09-04,2.18,0.3,15.96,618000000,0,綠縮,是,,2.18,2.32,2.73,,-11.6788,3.7997,-22.7575
708496,環球晶元大5B購08,2026-09-04,1.84,0.18,10.84,4000000,0,綠縮,否,,1.89,1.99,3.34,,-9.4919,-42.1206,-6.2404
708498,環球晶元大61購02,2026-09-04,2.29,0.1,4.57,1000000,0,紅增,否,,2.08,1.64,2.08,,72.1854,-1.9093,-1.7519
708499,環球晶元大64購01,2026-09-04,1.95,-0.04,-2.01,13000000,0,綠縮,否,,1.96,2.08,2.19,,-11.3327,0.0481,-8.3507
708502,金山電國泰61購01,2026-09-04,2.54,0.4,18.69,128000000,0,,是,,2.33,2.44,,,-7.9653,,
708503,群聯國泰62購01,2026-09-04,0.66,-0.02,-2.94,130000000,0,紅縮,否,,0.73,0.81,0.75,,-16.21,9.8226,-13.9335
708504,群聯國泰63購01,2026-09-04,0.94,-0.09,-8.74,29000000,0,紅縮,否,,1.05,1.11,1.01,,-9.9145,9.9901,-7.7798
708507,環球晶國泰61購01,2026-09-04,3.2,0.39,13.88,255000000,0,,是,,3.16,3.31,,,-8.7334,-0.9584,
708508,環球晶國泰61購02,2026-09-04,3.66,0.45,14.02,257000000,0,,是,,3.63,3.78,,,-7.7275,,
708513,合晶國票5C購01,2026-09-04,3.57,0.4,12.62,33000000,0,綠縮,否,,3.63,3.75,4.21,,-6.35,0.4015,-26.8409
708514,金山電國票5C購02,2026-09-04,1.22,0.38,45.24,1295000000,0,紅增,是,,1.01,1.03,1.2,,-3.8168,-3.6551,-28.6266
708515,環球晶國票5B購01,2026-09-04,1.68,0.25,17.48,28000000,0,綠縮,否,,1.68,1.8,2.56,,-12.4347,-24.6748,-7.6868
708516,環球晶國票5C購01,2026-09-04,1.67,0.26,18.44,413000000,0,綠縮,否,,1.66,1.79,2.14,,-13.7214,2.2831,-27.5524
708517,世界富邦5B購02,2026-09-04,0.07,0.0,0.0,117000000,0,綠縮,否,,0.08,0.12,0.16,,-44.0,-25.4777,-31.8658
708519,營邦富邦61購01,2026-09-04,0.49,0.04,8.89,283000000,0,紅增,否,,0.43,0.35,0.3,,59.7015,44.3983,11.1524
708520,環球晶富邦5B購02,2026-09-04,0.75,0.12,19.05,382000000,0,綠縮,否,,0.75,0.83,1.17,,-17.9825,-13.9896,-22.3333
708521,環球晶富邦61購01,2026-09-04,0.82,0.12,17.14,1544000000,0,綠縮,否,,0.83,1.03,1.23,,-32.9011,-7.7818,-22.7287
708522,中美晶群益5C購02,2026-09-04,1.31,0.03,2.34,28000000,0,綠縮,否,,1.33,1.46,2.49,,-16.4366,-30.2004,-12.5176
708523,世界群益5B購08,2026-09-04,0.09,0.0,0.0,361000000,0,綠縮,否,,0.11,0.16,0.27,,-45.5446,-30.3571,-36.3208
708524,朋程群益5B購01,2026-09-04,0.49,-0.06,-10.91,9000000,0,綠縮,否,,0.53,0.67,1.39,,-34.8039,-52.7349,-16.0881
708529,德微群益5B購01,2026-09-04,1.26,-0.04,-3.08,401000000,0,,是,,1.22,1.31,3.07,,-13.3523,-36.3064,
708530,營邦群益5B購01,2026-09-04,1.14,0.57,100.0,1151000000,0,紅增,否,,0.64,0.47,0.37,,118.3673,73.9777,10.6667
708531,營邦群益5B購02,2026-09-04,0.5,-0.07,-12.28,87000000,0,紅縮,否,,0.46,0.35,0.3,,82.4,52.1552,-1.7915
708532,環球晶群益5B購04,2026-09-04,1.31,0.23,21.3,140000000,0,,否,,1.32,1.48,,,-19.1932,2.0,
708533,譜瑞群益5C購02,2026-09-04,1.3,0.82,170.83,1000000,0,紅增,否,,0.72,0.72,0.93,,-2.4523,-17.1429,-13.5349
708536,立碁凱基5C購01,2026-09-04,0.96,-0.14,-12.73,49000000,0,,否,,1.06,0.89,,,48.8764,50.4244,
708537,朋程凱基5B購01,2026-09-04,0.52,-0.06,-10.34,68000000,0,綠縮,是,,0.6,0.61,1.15,,-1.9544,-32.4444,-16.1113
708538,倚強凱基5B購01,2026-09-04,1.78,-0.03,-1.66,102000000,0,,是,,1.25,1.09,,,33.833,-14.6875,
708542,譜瑞凱基61購01,2026-09-04,0.28,0.02,7.69,43000000,0,紅縮,否,,0.3,0.35,0.4,,-24.7475,-12.3737,-22.8544
708543,群聯永豐65購03,2026-09-04,0.41,-0.01,-2.38,176000000,0,紅縮,否,,0.44,0.46,0.42,,-8.3333,10.3118,-4.5351
708547,群聯群益67購01,2026-09-04,0.52,0.0,0.0,58000000,0,紅縮,否,,0.55,0.57,0.52,,-6.7568,11.9374,-3.3551
708551,新盛力元大61購02,2026-09-04,3.79,0.14,3.84,86000000,0,紅縮,否,,3.92,4.01,3.32,,-4.3457,26.3241,-0.2254
708552,群聯元大5C購01,2026-09-04,0.51,-0.07,-12.07,23000000,0,紅縮,否,,0.58,0.66,0.65,,-20.436,15.8172,-16.1538
708553,譜瑞元大5B購01,2026-09-04,0.27,0.01,3.85,64000000,0,紅縮,否,,0.38,0.48,0.77,,-33.101,-30.9798,-22.6794
708554,譜瑞元大5B購02,2026-09-04,0.33,0.0,0.0,1000000,0,紅增,否,,0.39,0.51,0.81,,-38.4858,-32.0955,-20.4444
708555,中美晶國泰61購01,2026-09-04,2.6,0.0,0.0,11000000,0,綠縮,否,,2.62,2.59,3.77,,2.3474,-36.9729,-2.356
708556,台半國泰5C購01,2026-09-04,2.48,-0.33,-11.74,45000000,0,,是,,2.62,2.57,,,3.7213,-35.1889,
708557,欣銓國泰5C購02,2026-09-04,1.09,-0.01,-0.91,58000000,0,綠增,否,,1.14,1.16,1.37,,-2.3891,-7.0626,-7.8753
708558,立碁富邦5B購01,2026-09-04,0.39,-0.06,-13.33,264000000,0,,否,,0.49,0.36,,,110.2564,,
708561,順達富邦5C購02,2026-09-04,0.6,-0.04,-6.25,23000000,0,紅增,否,,0.63,0.63,0.69,,-0.3175,9.3913,-13.3666
708563,中美晶國票5C購01,2026-09-04,0.82,-0.1,-10.87,10000000,0,綠縮,否,,0.88,0.92,1.53,,-8.3333,-31.4966,-10.8885
708568,宸曜國票5B購01,2026-09-04,0.65,0.02,3.17,31000000,0,紅縮,否,,0.69,0.74,0.67,,-12.5945,11.8797,0.9841
708570,新漢國票5B購01,2026-09-04,0.3,0.04,15.38,1100000000,0,紅縮,是,,0.32,0.4,0.4,,-33.0579,-4.4917,-21.4004
708574,創惟凱基5B購01,2026-09-04,0.32,-0.04,-11.11,65000000,0,紅縮,否,,0.37,0.37,0.47,,2.1978,-8.2294,-21.9064
708575,華宏凱基5B購01,2026-09-04,0.13,0.04,44.44,1000000,0,,否,,0.1,0.2,,,-66.4384,-61.3095,
708579,群聯凱基5B購04,2026-09-04,0.16,-0.02,-11.11,235000000,0,紅增,否,,0.2,0.25,0.35,,-31.0811,-8.0882,-27.1134
708580,群聯凱基5C購01,2026-09-04,0.13,-0.02,-13.33,150000000,0,紅縮,否,,0.19,0.2,0.23,,-6.9307,-3.9409,-23.2598
708584,廣穎凱基5B購02,2026-09-04,1.3,0.03,2.36,1000000,0,綠縮,否,,1.41,1.66,1.75,,-26.0504,-1.3111,-17.4241
708588,群聯富邦62購05,2026-09-04,0.22,0.02,10.0,71000000,0,紅縮,否,,0.23,0.24,0.22,,-9.6,18.408,-8.866
708589,宏捷科兆豐65購01,2026-09-04,0.4,0.01,2.56,58000000,0,紅縮,否,,0.45,0.44,0.47,,4.6729,3.0588,-12.4294
708590,群聯兆豐65購02,2026-09-04,0.58,-0.03,-4.92,28000000,0,紅縮,否,,0.65,0.69,0.61,,-11.2329,15.025,-6.0
708591,精材兆豐61購01,2026-09-04,2.8,0.32,12.9,3000000,0,紅增,否,,2.29,1.86,1.97,,58.8889,-2.9167,15.0015
708593,世禾元大5B購02,2026-09-04,0.2,0.02,11.11,2072000000,0,綠縮,是,,0.21,0.29,0.43,,-42.1622,-35.5408,-17.1128
708594,欣銓元大5B購02,2026-09-04,0.99,-0.01,-1.0,202000000,0,紅增,否,,1.03,1.01,1.07,,4.0241,2.2177,-13.0788
708596,新盛力元大61購03,2026-09-04,2.08,-0.13,-5.88,35000000,0,,是,,2.41,2.3,2.7,,10.1277,-10.9435,0.8402
708598,群聯元大5B購11,2026-09-04,0.13,-0.02,-13.33,81000000,0,紅縮,否,,0.16,0.23,0.25,,-46.4052,-14.8551,-19.1083
708599,群聯元大5B購12,2026-09-04,0.2,-0.04,-16.67,76000000,0,紅縮,否,,0.29,0.31,0.39,,-15.2941,-8.7209,-25.1681
708600,群聯元大5B購13,2026-09-04,0.23,-0.03,-11.54,5000000,0,綠縮,否,,0.29,0.34,0.5,,-23.1579,-25.4989,-26.3158
708604,群聯元大63購03,2026-09-04,0.25,0.0,0.0,260000000,0,紅縮,否,,0.27,0.32,0.31,,-23.8889,-2.1605,-6.5672
708605,精材元大61購07,2026-09-04,5.6,0.2,3.7,3000000,0,紅增,否,,4.98,4.14,4.02,,51.5815,29.25,5.1695
708607,中美晶永豐65購01,2026-09-04,0.86,0.05,6.17,160000000,0,綠縮,否,,0.85,0.9,1.33,,-9.3617,-26.9764,-10.7299
708608,台半永豐63購01,2026-09-04,1.0,-0.11,-9.91,50000000,0,綠縮,是,,0.91,1.33,1.92,,-47.876,-44.5839,-7.5831
708610,新盛力永豐63購01,2026-09-04,1.32,0.09,7.32,76000000,0,紅縮,否,,1.33,1.43,1.13,,-12.7464,28.1475,-3.2024
708611,群聯永豐5C購03,2026-09-04,0.15,-0.01,-6.25,2226000000,0,紅縮,是,,0.17,0.2,0.19,,-21.8182,1.0309,-15.9292
708613,精材永豐64購01,2026-09-04,2.51,0.12,5.02,1000000,0,紅增,否,,2.27,1.97,2.05,,36.3309,-0.5048,12.5928
708614,德微永豐63購01,2026-09-04,1.11,-0.18,-13.95,129000000,0,,是,,1.21,1.69,1.89,,-44.6379,-16.9931,
708617,台半群益5B購01,2026-09-04,0.79,-0.12,-13.19,18000000,0,綠縮,否,,0.85,1.16,2.76,,-41.3462,-65.1479,-10.4528
708620,陽程群益5B購02,2026-09-04,4.16,-0.74,-15.1,240000000,0,紅縮,是,,4.74,4.08,2.49,,38.1924,96.4887,47.3341
708622,新盛力群益5B購03,2026-09-04,1.07,0.09,9.18,12000000,0,綠增,否,,1.18,1.39,1.34,,-26.1845,14.7325,-12.0577
708628,譜瑞群益5B購02,2026-09-04,0.13,-0.07,-35.0,5000000,0,紅縮,否,,0.29,0.34,0.5,,-28.8557,-34.7249,-20.6599
708629,元太凱基5B購04,2026-09-04,0.1,0.02,25.0,2000000,0,綠縮,否,,0.1,0.22,0.43,,-69.0476,-54.1667,-31.4607
708630,元太凱基5B購05,2026-09-04,0.11,-0.01,-8.33,492000000,0,綠縮,是,,0.15,0.21,0.47,,-42.963,-53.8126,-26.1961
708633,新盛力凱基61購01,2026-09-04,1.1,0.09,8.91,229000000,0,紅縮,否,,1.13,1.21,1.19,,-11.4062,20.4591,-10.4135
708636,中美晶元大63購02,2026-09-04,1.92,0.11,6.08,46000000,0,綠縮,否,,1.93,2.0,2.39,,-6.8533,-1.9598,-14.9885
708642,優群元大5B購01,2026-09-04,0.11,-0.02,-15.38,178000000,0,綠縮,否,,0.16,0.26,0.49,,-55.0562,-45.1064,-28.9455
708643,譜瑞元大5B購04,2026-09-04,0.18,0.0,0.0,1000000,0,紅縮,否,,0.36,0.43,0.6,,-29.0837,-33.0733,-21.3542
708648,沛亨永豐5C購01,2026-09-04,0.25,-0.03,-10.71,641000000,0,紅增,是,,0.22,0.19,0.23,,33.7349,16.8675,-33.9595
708649,金益鼎永豐5C購01,2026-09-04,0.37,-0.01,-2.63,1000000,0,紅縮,否,,0.44,0.5,0.56,,-20.9386,-9.6539,-17.5865
708650,廣穎永豐61購01,2026-09-04,0.7,0.02,2.94,401000000,0,紅縮,否,,0.78,0.85,0.78,,-13.6564,8.3227,-8.5044
708651,中美晶富邦5B購01,2026-09-04,0.68,0.07,11.48,284000000,0,綠縮,是,,0.81,1.04,1.48,,-36.378,-42.4058,-2.7285
708653,元太富邦62購02,2026-09-04,0.31,0.0,0.0,162000000,0,綠增,是,,0.38,0.44,0.61,,-22.7642,-32.8197,-16.5419
708655,新盛力富邦62購01,2026-09-04,1.06,0.14,15.22,941000000,0,紅縮,否,,1.06,1.19,0.96,,-20.0603,21.2398,-2.5941
708658,廣穎群益61購02,2026-09-04,1.0,-0.13,-11.5,7000000,0,紅縮,否,,1.13,1.23,1.16,,-14.9547,5.06,-10.3569
708660,臺慶科群益5B購02,2026-09-04,0.36,0.02,5.88,67000000,0,綠縮,否,,0.41,0.48,0.97,,-24.4526,-24.6082,-36.9657
708668,元太元大5B購10,2026-09-04,0.24,-0.05,-17.24,5000000,0,綠增,否,,0.41,0.63,0.82,,-51.1848,-28.7982,-18.6634
708669,博盛元大5B購01,2026-09-04,0.73,0.01,1.39,499000000,0,紅增,是,,0.74,0.74,0.85,,-1.8617,9.2375,-33.3726
708670,陽程元大63購02,2026-09-04,2.16,-0.17,-7.3,31000000,0,紅縮,否,,2.39,1.94,1.37,,60.7817,78.341,31.3791
708671,新盛力元大5B購03,2026-09-04,1.68,0.17,11.26,62000000,0,紅轉綠,否,,1.75,1.99,1.57,,-21.1521,20.2785,-0.7921
708674,威剛永豐67購01,2026-09-04,0.83,0.0,0.0,40000000,0,紅轉綠,否,,0.87,0.9,0.88,,-6.6667,-2.3887,-2.8713
708678,臺慶科永豐5C購01,2026-09-04,0.41,0.06,17.14,33000000,0,紅增,否,,0.44,0.51,0.6,,-25.0,-8.2585,-35.2941
708682,威剛凱基5B購07,2026-09-04,0.33,-0.01,-2.94,206000000,0,綠增,否,,0.39,0.45,0.46,,-22.7092,-12.0553,-11.0683
708684,陽程凱基5B購01,2026-09-04,1.94,-0.06,-3.0,1695000000,0,紅縮,是,,2.3,1.93,1.13,,48.6452,111.9912,59.2226
708685,新盛力凱基5B購03,2026-09-04,0.92,0.17,22.67,233000000,0,紅縮,否,,0.95,1.13,0.85,,-27.7863,29.8044,-9.3148
708686,新盛力凱基61購02,2026-09-04,1.21,0.06,5.22,42000000,0,紅縮,否,,1.26,1.32,1.12,,-8.0175,25.0712,-7.1636
708699,臺慶科台新5B購02,2026-09-04,1.6,0.05,3.23,99000000,0,紅增,否,,1.62,1.89,2.06,,-25.0694,-3.8149,-32.8548
708704,台半富邦62購01,2026-09-04,0.66,0.03,4.76,1118000000,0,紅增,否,,0.65,0.63,0.59,,7.2607,19.8473,-22.7273
708705,華景電富邦5B購01,2026-09-04,0.15,0.0,0.0,20000000,0,綠縮,否,,0.18,0.23,0.36,,-35.0365,-37.0474,-22.0193
708706,新盛力富邦61購04,2026-09-04,0.93,0.11,13.41,955000000,0,紅縮,是,,0.93,1.03,0.82,,-18.5965,23.6842,-1.1425
708707,德微富邦63購01,2026-09-04,0.81,0.0,0.0,537000000,0,,是,,0.79,1.45,,,-62.3216,,
708712,光頡國票5B購02,2026-09-04,2.99,0.39,15.0,2000000,0,綠轉紅,否,,2.79,2.77,3.25,,2.0453,-2.0538,-38.0027
708715,新盛力國票5B購02,2026-09-04,1.05,0.16,17.98,781000000,0,紅縮,否,,1.08,1.32,1.03,,-30.4627,21.9039,-5.4763
708716,中美晶台新5B購04,2026-09-04,5.15,0.75,17.05,3000000,0,綠增,否,,13.17,16.54,12.68,,-33.8855,11.3766,16.444
708718,台半台新5B購02,2026-09-04,2.76,-0.3,-9.8,4000000,0,紅縮,否,,2.86,2.77,2.65,,6.6319,19.0129,-25.1378
708719,台半台新5B購03,2026-09-04,1.5,-0.32,-17.58,20000000,0,綠縮,是,,1.6,1.85,3.13,,-24.2165,-53.7943,-8.6779
708720,光頡凱基5B購01,2026-09-04,1.83,0.4,27.97,220000000,0,綠縮,是,,1.77,1.53,2.67,,37.5194,-10.1466,-13.4134
708721,陽程凱基61購01,2026-09-04,1.83,-0.02,-1.08,594000000,0,紅縮,是,,1.99,1.7,1.05,,40.1975,95.0745,43.959
708722,陽程凱基63購02,2026-09-04,1.45,-0.13,-8.23,284000000,0,紅縮,否,,1.66,1.44,0.9,,35.3997,91.8883,41.4038
708724,臺慶科凱基5B購02,2026-09-04,0.14,0.02,16.67,30000000,0,綠縮,否,,0.16,0.25,0.74,,-52.0468,-49.7018,-42.2928
708730,閎康元大5B購02,2026-09-04,0.12,0.0,0.0,20000000,0,紅縮,否,,0.15,0.21,0.31,,-40.7692,-26.0714,-29.3651
708731,陽程元大5B購01,2026-09-04,1.64,-0.01,-0.61,683000000,0,紅縮,是,,1.81,1.59,1.01,,31.5866,80.7955,39.2857
708732,陽程元大5B購02,2026-09-04,1.37,-0.21,-13.29,2000000,0,紅縮,否,,1.63,1.13,0.83,,158.5443,105.2536,48.4277
708734,勤凱元大5B購01,2026-09-04,0.62,-0.03,-4.62,257000000,0,綠轉紅,否,,0.69,0.64,1.21,,16.1616,-32.2785,-34.149
708735,勤凱元大5B購02,2026-09-04,0.56,-0.03,-5.08,183000000,0,紅增,是,,0.58,0.56,0.93,,7.0111,-11.6535,-30.3132
708737,群翊元大5B購02,2026-09-04,0.33,-0.16,-32.65,116000000,0,紅縮,否,,0.47,0.48,0.63,,-3.2787,-16.6667,-13.4113
708738,德微元大5B購01,2026-09-04,2.17,-0.05,-2.25,17000000,0,,是,,2.19,2.45,,,-19.5588,,
708739,德微元大5B購02,2026-09-04,1.01,-0.15,-12.93,590000000,0,,是,,1.06,1.63,2.09,,-51.5511,-44.0893,
708740,擎亞元大5B購03,2026-09-04,0.5,-0.12,-19.35,184000000,0,綠縮,是,,0.66,1.33,1.7,,-67.3307,-37.229,-12.9032
708741,擎亞元大5B購04,2026-09-04,0.31,-0.05,-13.89,269000000,0,綠縮,否,,0.51,0.79,1.42,,-51.7891,-49.7446,-14.7737
708743,光頡永豐61購01,2026-09-04,1.23,0.26,26.8,69000000,0,,是,,1.01,2.16,2.51,,-69.3099,-30.9562,
708745,陽程永豐5B購02,2026-09-04,0.88,-0.38,-30.16,70000000,0,紅縮,是,,1.08,0.87,0.56,,63.8298,114.321,46.1235
708749,擎亞永豐61購01,2026-09-04,0.8,-0.21,-20.79,129000000,0,綠縮,否,,0.92,1.01,1.4,,-14.9171,-21.7899,-9.0377
708752,博盛國泰5C購01,2026-09-04,0.66,-0.02,-2.94,23000000,0,綠縮,是,,0.65,0.66,0.99,,-3.5608,-30.095,-8.8276
708754,凡甲群益5B購02,2026-09-04,0.06,0.0,0.0,20000000,0,綠縮,否,,0.09,0.18,0.32,,-64.3939,-45.7576,-39.9439
708755,中美晶群益5B購03,2026-09-04,2.02,-0.06,-2.88,53000000,0,綠縮,否,,2.12,2.31,3.01,,-15.28,2.3039,-22.205
708757,威剛群益61購02,2026-09-04,1.0,0.16,19.05,1000000,0,綠縮,否,,1.0,1.31,1.24,,-38.1481,-12.3663,-4.893
708758,陽程群益5B購03,2026-09-04,1.26,-0.06,-4.55,65000000,0,紅縮,是,,1.42,1.0,0.72,,141.6382,107.6763,40.7227
708760,精材群益5B購06,2026-09-04,4.65,0.64,15.96,10000000,0,綠轉紅,否,,3.02,3.0,2.89,,1.6835,-3.8832,8.86
708762,大中國票5B購01,2026-09-04,0.47,0.04,9.3,21000000,0,綠縮,否,,0.57,0.66,1.32,,-22.2222,-38.5192,-33.99
708764,立端國票5C購01,2026-09-04,0.31,0.02,6.9,699000000,0,紅縮,否,,0.39,0.41,0.44,,-10.2326,-5.1163,-8.3595
708772,博盛國票5C購02,2026-09-04,0.42,-0.05,-10.64,10000000,0,綠縮,否,,0.45,0.44,0.66,,4.6948,-12.6253,-24.7868
708773,陽程國票5B購01,2026-09-04,1.42,-0.05,-3.4,49000000,0,紅縮,否,,1.61,1.4,0.88,,35.6902,88.9339,39.6524
708774,新鉅科國票5C購01,2026-09-04,0.59,0.1,20.41,402000000,0,綠轉紅,是,,0.5,0.53,0.65,,-10.0,-8.1174,-19.5409
708775,聖暉*國票5C購01,2026-09-04,0.21,-0.02,-8.7,85000000,0,綠縮,否,,0.3,0.5,0.97,,-57.5499,-46.865,-23.678
708779,廣閎科國票5C購01,2026-09-04,0.92,-0.02,-2.13,273000000,0,綠縮,否,,0.94,0.93,1.36,,1.5119,-17.4336,-24.9516
708781,FH中5G凱基5B購01,2026-09-04,0.35,0.01,2.94,22000000,0,綠縮,否,,0.43,0.76,1.54,,-61.2727,-49.637,-33.2324
708782,世界凱基64購01,2026-09-04,0.62,0.02,3.33,12000000,0,綠縮,否,,0.67,0.81,1.02,,-28.8136,-29.678,-5.1402
708784,光頡凱基5B購02,2026-09-04,1.04,0.29,38.67,233000000,0,綠縮,是,,0.95,1.03,1.59,,-14.0541,16.2162,-49.5471
708786,沛亨凱基5B購02,2026-09-04,0.35,-0.04,-10.26,206000000,0,紅增,否,,0.3,0.25,0.44,,39.6226,-0.3922,-44.1101
708790,精材凱基5B購07,2026-09-04,2.2,0.22,11.11,2000000,0,綠縮,否,,1.26,1.52,1.37,,-29.1667,-4.5912,7.1401
708791,精材凱基5C購02,2026-09-04,2.41,0.33,15.87,1000000,0,紅增,否,,1.82,1.44,1.59,,71.4286,-4.1805,11.0491
708793,德微凱基5B購01,2026-09-04,1.26,0.04,3.28,181000000,0,紅增,否,,1.21,1.21,1.49,,0.4983,5.5993,-20.31
708794,世界中信5B購02,2026-09-04,0.12,0.02,20.0,400000000,0,綠縮,是,,0.13,0.16,0.23,,-35.0515,-25.2336,-29.1277
708799,台半元大5B購01,2026-09-04,2.14,-0.48,-18.32,60000000,0,紅縮,是,,2.41,2.42,2.44,,-0.7426,10.9835,-0.1228
708800,光頡元大5B購01,2026-09-04,1.28,0.28,28.0,416000000,0,綠縮,是,,1.36,1.52,2.55,,-19.1667,-47.0178,-11.4544
708803,聖暉*元大5B購04,2026-09-04,0.2,0.0,0.0,699000000,0,綠縮,是,,0.28,0.4,0.92,,-45.3488,-53.3333,-32.7
708804,雷科元大5B購01,2026-09-04,2.3,0.35,17.95,41000000,0,綠縮,是,,2.14,2.26,4.08,,-9.9243,-34.13,-23.7125
708807,精材元大5B購15,2026-09-04,3.6,0.15,4.35,3000000,0,紅增,否,,3.16,2.47,2.77,,77.8403,-8.3828,11.6781
708809,精材元大5B購17,2026-09-04,3.83,0.39,11.34,3000000,0,紅增,否,,3.11,2.77,2.69,,27.6089,3.7842,12.7931
708812,世界台新5B購04,2026-09-04,0.57,0.06,11.76,157000000,0,綠縮,是,,0.61,0.75,1.03,,-30.4545,-16.8339,-27.9593
708818,榮剛台新5B購01,2026-09-04,0.44,-0.07,-13.73,100000000,0,綠增,否,,0.53,0.64,0.81,,-28.6096,-21.7338,-15.0131
708822,臺慶科台新5B購03,2026-09-04,0.81,0.12,17.39,130000000,0,綠縮,是,,0.8,0.77,2.44,,8.4239,-68.1743,-21.817
708823,臺慶科台新5B購04,2026-09-04,0.56,0.14,33.33,41000000,0,綠縮,是,,0.58,0.6,1.65,,-6.1489,-45.9386,-30.0255
708824,伍豐國票5C購01,2026-09-04,0.26,0.0,0.0,6000000,0,綠增,否,,0.34,0.37,0.48,,-15.4229,-14.7126,-13.624
708827,聖暉*兆豐61購01,2026-09-04,0.27,0.04,17.39,2000000,0,綠縮,否,,0.29,0.36,0.62,,-32.0755,-40.8638,-32.1389
708831,茂綸群益5C購01,2026-09-04,0.29,-0.06,-17.14,10000000,0,紅縮,否,,0.33,0.38,0.4,,-22.8972,-4.0506,-16.3371
708833,精材群益5B購07,2026-09-04,4.12,0.94,29.56,73000000,0,綠轉紅,是,,2.74,2.81,2.86,,-5.1939,-10.5564,9.7678
708836,精材國泰5C購01,2026-09-04,4.15,0.09,2.22,10000000,0,紅增,否,,3.2,2.92,2.9,,21.2121,-4.5128,11.8611
708837,精材國泰5C購02,2026-09-04,4.13,0.48,13.15,5000000,0,紅增,否,,3.56,3.15,2.61,,30.2121,27.4089,29.6774
708839,萬泰科富邦63購01,2026-09-04,0.3,0.0,0.0,50000000,0,紅增,否,,0.32,0.32,0.39,,0.0,-8.5714,-18.3525
708840,中美晶元大5B購04,2026-09-04,1.95,0.04,2.09,3000000,0,綠縮,否,,2.01,2.08,2.41,,-6.7781,2.0098,-2.1108
708841,台半元大5B購02,2026-09-04,1.08,0.01,0.93,10000000,0,綠縮,否,,1.12,1.22,2.35,,-14.8485,-25.4423,-22.7692
708843,威剛元大5B購10,2026-09-04,1.41,0.03,2.17,150000000,0,綠增,否,,1.53,1.65,1.64,,-13.1669,-4.8555,-5.7571
708844,威剛元大5B購11,2026-09-04,0.67,0.0,0.0,10000000,0,綠增,否,,0.75,0.81,0.82,,-14.4165,-7.1019,-6.1565
708845,翔名元大5B購01,2026-09-04,0.19,-0.01,-5.0,120000000,0,綠縮,否,,0.24,0.35,0.55,,-48.9362,-32.7652,-31.4975
708847,新盛力元大5B購04,2026-09-04,2.06,0.07,3.52,30000000,0,紅縮,否,,2.21,2.25,1.99,,-2.8947,33.1161,-5.6097
708848,群翊元大5B購03,2026-09-04,0.41,-0.18,-30.51,25000000,0,綠增,是,,0.48,0.56,0.78,,-23.9748,-32.1168,-16.4163
708850,擎亞元大5B購06,2026-09-04,0.52,-0.03,-5.45,11000000,0,綠縮,否,,0.6,0.71,1.14,,-27.2947,-25.1309,-20.1123
708852,台半凱基5B購01,2026-09-04,0.94,-0.05,-5.05,72000000,0,綠縮,是,,0.92,0.93,1.92,,-1.7021,-49.6216,-18.2399
708853,立碁凱基5C購02,2026-09-04,1.23,-0.25,-16.89,11000000,0,,是,,1.36,1.12,0.92,,55.8352,44.0722,
708855,光頡凱基5B購04,2026-09-04,0.8,0.17,26.98,302000000,0,,是,,0.7,2.17,2.1,,-80.6718,-27.3307,
708856,茂綸凱基5C購01,2026-09-04,0.52,0.02,4.0,10000000,0,綠縮,否,,0.62,0.62,0.87,,-0.3236,-24.7561,-17.1688
708858,德微凱基5B購02,2026-09-04,0.51,-0.09,-15.0,73000000,0,綠縮,是,,0.5,0.54,1.52,,-13.1488,-62.7843,-14.33
708859,立敦台新5B購01,2026-09-04,1.24,0.03,2.48,29000000,0,,是,,1.52,2.8,,,-62.7451,,
708861,沛亨台新5B購01,2026-09-04,0.76,-0.22,-22.45,110000000,0,,是,,0.77,0.63,1.38,,55.0201,-37.4384,
708866,新盛力台新5B購03,2026-09-04,2.23,0.22,10.95,1000000,0,紅增,否,,1.92,1.64,1.99,,40.2047,-2.3187,-12.2525
708869,中美晶中信5B購01,2026-09-04,0.97,0.0,0.0,15000000,0,綠縮,否,,0.96,1.02,1.28,,-10.5751,6.1331,-25.5182
708870,光頡中信5B購01,2026-09-04,0.45,0.12,36.36,270000000,0,紅增,否,,0.4,0.44,0.5,,-14.4068,-8.3682,-37.5708
708872,台半永豐61購01,2026-09-04,1.31,-0.11,-7.75,2000000,0,,是,,1.26,1.24,1.74,,3.4483,-38.3275,-10.6794
708873,光頡永豐64購01,2026-09-04,1.51,0.16,11.85,13000000,0,綠轉紅,否,,1.45,1.45,1.84,,0.1379,24.6564,-25.3753
708874,雅特力永豐5B購01,2026-09-04,1.67,0.18,12.08,124000000,0,綠縮,是,,1.78,1.83,2.32,,-5.1064,-25.4375,5.8232
708875,千如國票5C購01,2026-09-04,0.51,0.07,15.91,142000000,0,紅增,否,,0.5,0.54,0.56,,-14.3836,5.653,-29.9129
708876,台半國票5C購02,2026-09-04,1.17,-0.1,-7.87,44000000,0,綠縮,是,,1.27,1.27,1.74,,0.7924,-35.2249,-5.6895
708878,光頡國票5C購01,2026-09-04,1.05,0.2,23.53,187000000,0,綠縮,是,,0.98,1.01,2.11,,-6.8702,-11.5385,-31.8998
708880,亞通國票5B購01,2026-09-04,0.91,0.07,8.33,953000000,0,紅增,是,,0.87,0.79,0.71,,23.9316,23.0047,-0.0
708882,能率國票5C購01,2026-09-04,0.47,-0.05,-9.62,240000000,0,綠增,是,,0.56,0.61,0.64,,-14.5455,-3.3175,-15.817
708884,智通*國票5B購02,2026-09-04,0.28,-0.03,-9.68,120000000,0,綠縮,否,,0.35,0.34,0.59,,4.1667,-35.7678,-12.4814
708886,雅特力國票5C購01,2026-09-04,1.69,0.07,4.32,12000000,0,綠增,否,,1.84,1.83,2.14,,1.2075,3.8527,-9.1739
708887,萬泰科國票5C購01,2026-09-04,0.31,0.0,0.0,700000000,0,綠縮,是,,0.37,0.48,0.73,,-35.7388,-35.4926,-17.5269
708888,雷科國票5B購02,2026-09-04,1.12,0.2,21.74,312000000,0,紅增,是,,1.03,1.08,1.32,,-7.6786,1.7958,-28.641
708889,德微國票5C購01,2026-09-04,0.85,-0.09,-9.57,742000000,0,紅增,是,,0.9,0.94,1.07,,-9.1093,5.0111,-41.1326
708892,世界群益62購02,2026-09-04,0.4,0.02,5.26,25000000,0,綠縮,否,,0.43,0.48,0.59,,-17.1756,-15.8172,-19.2572
708893,立碁群益5B購01,2026-09-04,1.73,-0.31,-15.2,261000000,0,,是,,1.95,1.67,,,38.8017,36.9885,
708894,光頡群益5B購02,2026-09-04,0.84,0.18,27.27,733000000,0,綠縮,否,,0.75,1.27,2.02,,-58.0537,-11.9362,-40.3166
708895,均豪群益5B購02,2026-09-04,0.61,0.01,1.67,57000000,0,紅增,否,,0.65,0.68,0.98,,-7.6923,-20.2128,-17.0258
708896,擎亞群益5C購01,2026-09-04,0.29,-0.03,-9.38,484000000,0,綠縮,否,,0.35,0.42,0.84,,-28.3401,-36.0483,-25.1009
708897,雷科國泰61購01,2026-09-04,3.16,0.17,5.69,12000000,0,綠縮,否,,2.96,2.87,3.78,,6.3218,-5.277,-15.9391
708902,大中統一63購01,2026-09-04,0.67,0.03,4.69,4000000,0,綠縮,否,,0.7,0.73,1.11,,-6.383,-15.9353,-18.597
708903,大中統一65購01,2026-09-04,0.62,-0.01,-1.59,253000000,0,紅增,否,,0.65,0.69,0.73,,-9.4444,3.4691,-20.5003
708904,世界統一64購02,2026-09-04,0.47,0.01,2.17,1000000,0,綠增,否,,0.5,0.56,0.61,,-18.7097,-6.0201,-14.2757
708912,光頡統一63購01,2026-09-04,1.07,0.2,22.99,12000000,0,綠縮,是,,0.96,0.93,1.81,,5.2863,-34.9162,-14.9647
708913,光頡統一65購01,2026-09-04,0.67,0.06,9.84,8000000,0,紅增,否,,0.7,0.73,0.68,,-7.9365,24.957,-28.0231
708914,光頡統一65購02,2026-09-04,0.5,0.04,8.7,171000000,0,綠轉紅,否,,0.47,0.47,0.61,,0.0,-4.6653,-21.7643
708915,安葆統一75購01,2026-09-04,0.59,-0.02,-3.28,1000000,0,,是,,0.59,0.72,0.72,,-30.7512,-15.771,-1.5636
708916,艾訊統一65購01,2026-09-04,0.3,0.03,11.11,638000000,0,綠縮,是,,0.29,0.31,0.36,,-12.1212,-10.6628,-9.2172
708917,邑錡統一65購01,2026-09-04,0.47,-0.01,-2.08,71000000,0,綠增,否,,0.5,0.52,0.54,,-6.7416,0.1942,-11.9243
708919,欣銓統一63購01,2026-09-04,0.6,0.01,1.69,20000000,0,紅增,否,,0.62,0.53,0.61,,43.5185,-2.7726,-6.4043
708921,欣銓統一67購01,2026-09-04,1.03,-0.01,-0.96,284000000,0,紅縮,否,,1.05,0.92,0.94,,33.3333,8.9074,-6.8216
708923,威剛統一64購02,2026-09-04,0.45,0.01,2.27,505000000,0,紅轉綠,是,,0.48,0.52,0.51,,-12.6354,-2.9907,-6.7334
708925,威剛統一65購02,2026-09-04,0.63,0.01,1.61,11000000,0,綠增,否,,0.66,0.69,0.68,,-6.7606,-2.8329,-2.8078
708928,茂達統一64購01,2026-09-04,0.62,0.01,1.64,112000000,0,綠縮,否,,0.71,0.72,0.98,,-1.3812,-11.4532,-11.4673
708931,翔名統一65購01,2026-09-04,0.39,-0.01,-2.5,1000000,0,綠縮,否,,0.42,0.48,0.6,,-20.9738,-19.6639,-11.2999
708933,閎康統一65購02,2026-09-04,0.38,-0.03,-7.32,109000000,0,,是,,0.39,0.44,,,-22.4,-20.7143,
708934,順達統一65購02,2026-09-04,0.59,0.01,1.72,135000000,0,紅增,是,,0.58,0.56,0.61,,7.4074,9.589,-6.8095
708935,新盛力統一69購01,2026-09-04,0.78,0.06,8.33,109000000,0,紅縮,否,,0.77,0.82,0.7,,-10.4167,16.8331,0.0
708936,聖暉*統一63購02,2026-09-04,0.27,0.0,0.0,12000000,0,綠縮,否,,0.28,0.33,0.5,,-23.3696,-26.1364,-30.5038
708937,臺慶科統一63購01,2026-09-04,0.64,0.08,14.29,134000000,0,紅增,否,,0.62,0.68,0.67,,-15.5313,3.5168,-17.2414
708938,臺慶科統一65購01,2026-09-04,0.44,0.01,2.33,10000000,0,紅增,否,,0.44,0.49,0.49,,-16.8539,2.3013,-16.1978
708939,擎亞統一67購01,2026-09-04,0.45,0.01,2.27,438000000,0,綠縮,否,,0.48,0.51,0.57,,-10.8614,-5.2533,-17.7106
708941,世界凱基63購01,2026-09-04,0.55,0.02,3.77,1000000,0,綠縮,否,,0.59,0.65,0.78,,-18.8366,-13.9474,-16.3451
708942,台半凱基61購01,2026-09-04,0.9,-0.07,-7.22,136000000,0,綠縮,是,,0.91,1.03,1.95,,-20.0,-49.9756,-10.7372
708943,台星科凱基5C購01,2026-09-04,0.56,-0.03,-5.08,12000000,0,紅縮,否,,0.6,0.62,0.61,,-6.2305,5.0676,-15.2835
708944,均豪凱基5B購03,2026-09-04,0.44,-0.02,-4.35,27000000,0,綠轉紅,否,,0.41,0.45,0.56,,-14.1667,-24.5347,-14.1221
708945,威剛凱基5B購08,2026-09-04,0.49,0.01,2.08,398000000,0,綠增,否,,0.57,0.63,0.64,,-17.341,-7.8717,-8.1955
708946,德微凱基5C購01,2026-09-04,0.5,-0.03,-5.66,91000000,0,綠縮,是,,0.51,0.53,1.1,,-8.6643,-22.853,-27.7869
708949,鈊象台新5B購04,2026-09-04,1.12,-0.01,-0.88,13000000,0,綠縮,否,,1.15,1.4,1.59,,-29.878,-21.8925,-10.6222
708952,台半元大5B購03,2026-09-04,0.52,-0.06,-10.34,30000000,0,綠縮,是,,0.65,0.77,1.85,,-27.8396,-63.0497,-16.3801
708953,均豪元大5B購03,2026-09-04,0.4,-0.02,-4.76,367000000,0,紅增,否,,0.4,0.39,0.43,,6.383,-12.4153,-1.2761
708956,順達元大5B購06,2026-09-04,1.8,-0.15,-7.69,35000000,0,綠縮,否,,1.82,2.15,2.61,,-26.7151,-19.2857,-11.7647
708958,雷科元大5B購02,2026-09-04,1.4,0.19,15.7,42000000,0,綠縮,否,,1.48,1.84,3.26,,-33.1522,-46.4067,-20.9562
708959,雷科元大5B購03,2026-09-04,1.65,0.34,25.95,4000000,0,綠縮,否,,1.67,2.06,3.32,,-32.2764,-47.0074,-14.6817
708960,雷科元大5B購04,2026-09-04,2.73,0.38,16.17,424000000,0,綠縮,是,,2.56,2.61,2.95,,-3.9068,0.0,-9.376
708963,台半永豐5C購02,2026-09-04,0.72,-0.03,-4.0,11000000,0,綠縮,否,,0.73,0.71,1.25,,4.8851,-26.6461,-10.2056
708969,朋程群益5B購02,2026-09-04,0.22,-0.03,-12.0,10000000,0,綠縮,否,,0.33,0.35,0.65,,-15.1042,-37.1681,-22.1956
708973,德微群益5B購03,2026-09-04,0.48,-0.05,-9.43,46000000,0,綠縮,否,,0.55,0.92,1.99,,-57.3209,-62.3974,-19.0525
708974,雙鴻群益5B購08,2026-09-04,4.18,0.85,25.53,3000000,0,紅增,否,,3.23,2.24,1.75,,158.9085,96.3126,-0.0854
708977,台半統一63購01,2026-09-04,0.96,-0.05,-4.95,25000000,0,紅增,否,,0.96,0.9,1.05,,13.4434,18.1462,-18.2453
708979,台半統一69購01,2026-09-04,0.51,-0.01,-1.92,1000000,0,綠縮,否,,0.52,0.47,0.62,,21.5962,-6.163,-12.5088
708982,沛亨統一69購01,2026-09-04,0.5,-0.05,-9.09,825000000,0,紅增,否,,0.47,0.43,0.44,,22.1649,13.4211,-16.8856
708987,威剛統一65購04,2026-09-04,0.63,-0.01,-1.56,13000000,0,綠增,否,,0.69,0.67,0.75,,4.5732,-6.9348,-6.8196
708988,茂達統一65購01,2026-09-04,0.58,-0.02,-3.33,100000000,0,紅縮,否,,0.62,0.66,0.7,,-11.2392,-2.2388,-16.1641
708989,茂綸統一65購01,2026-09-04,0.47,-0.03,-6.0,71000000,0,紅縮,否,,0.49,0.5,0.51,,-6.1538,4.3478,-5.3421
708990,閎康統一63購02,2026-09-04,0.22,0.0,0.0,50000000,0,綠縮,否,,0.23,0.29,0.38,,-34.8571,-31.6785,-16.3399
708991,聖暉*統一65購02,2026-09-04,0.37,0.0,0.0,20000000,0,綠縮,是,,0.42,0.51,0.69,,-31.0231,-24.0356,-22.9745
708992,德微統一63購02,2026-09-04,0.4,-0.03,-6.98,30000000,0,紅增,否,,0.41,0.43,0.49,,-7.5893,8.2915,-40.0978
708994,擎亞統一63購01,2026-09-04,0.46,-0.16,-25.81,40000000,0,綠縮,否,,0.55,0.59,0.88,,-13.2075,-18.9632,-14.6718
708995,擎亞統一65購01,2026-09-04,0.38,-0.02,-5.0,867000000,0,綠縮,否,,0.42,0.45,0.62,,-15.4472,-22.5256,-23.354
708996,擎亞統一66購01,2026-09-04,0.53,-0.01,-1.85,88000000,0,綠縮,否,,0.57,0.61,0.83,,-11.4907,-21.2711,-13.3124
708999,安葆國票5C購02,2026-09-04,0.71,-0.01,-1.39,40000000,0,,是,,0.73,0.61,0.69,,46.9636,4.6312,
709001,泓格國票5B購01,2026-09-04,0.32,0.03,10.34,30000000,0,綠縮,否,,0.35,0.49,0.79,,-43.949,-39.5808,-12.0179
709002,泓格國票5C購01,2026-09-04,0.4,0.03,8.11,90000000,0,綠縮,否,,0.42,0.57,0.86,,-41.3408,-28.2828,-12.5192
709003,雷科國票5B購04,2026-09-04,1.6,0.23,16.79,236000000,0,綠縮,是,,1.51,1.53,1.88,,-3.0809,4.7099,-31.063
709004,漢達國票5C購01,2026-09-04,1.11,0.25,29.07,636000000,0,紅增,否,,0.74,0.59,0.69,,66.8161,-7.0313,-11.7008
709005,德微國票5C購02,2026-09-04,0.66,-0.09,-12.0,142000000,0,紅增,是,,0.67,0.67,0.75,,0.0,4.6584,-42.2384
709006,大中台新5B購01,2026-09-04,1.01,-0.12,-10.62,15000000,0,綠縮,否,,1.22,1.38,1.58,,-21.0117,-2.2663,-33.5163
709007,元債20台新5B購01,2026-09-04,0.98,-0.02,-2.0,5000000,0,,否,,1.62,,,,,,
709008,立敦台新5B購03,2026-09-04,0.61,0.12,24.49,19000000,0,綠縮,是,,1.13,2.16,3.61,,-64.362,-49.7672,-18.0571
709009,佳邦台新5B購01,2026-09-04,0.56,0.03,5.66,54000000,0,紅增,否,,0.56,0.61,0.96,,-16.1677,-19.9478,-29.2799
709010,博大台新5B購01,2026-09-04,0.63,-0.09,-12.5,82000000,0,綠縮,否,,0.73,0.79,1.15,,-15.7773,-25.446,-5.1738
709014,朋程凱基5B購02,2026-09-04,0.25,-0.02,-7.41,63000000,0,綠縮,否,,0.29,0.34,0.84,,-24.6154,-50.7914,-31.3622
709019,臺慶科凱基63購01,2026-09-04,0.48,0.07,17.07,143000000,0,綠縮,否,,0.5,0.57,0.83,,-22.0497,-15.3619,-28.9564
709022,雙鴻凱基61購03,2026-09-04,2.43,0.55,29.26,69000000,0,紅增,否,,1.93,1.39,1.04,,128.1991,81.2827,35.0616
709023,中美晶群益5B購04,2026-09-04,2.9,0.14,5.07,10000000,0,綠縮,否,,3.01,3.15,4.16,,-8.2826,-15.4445,-7.3988
709025,台半群益5B購02,2026-09-04,1.03,-0.1,-8.85,10000000,0,,是,,1.1,1.84,,,-57.3199,-22.344,
709027,均豪群益5B購04,2026-09-04,0.63,0.03,5.0,119000000,0,綠轉紅,否,,0.59,0.62,0.93,,-7.7882,-19.8701,-10.7057
709029,茂達群益5B購01,2026-09-04,0.74,-0.01,-1.33,51000000,0,綠縮,否,,0.86,1.01,1.98,,-25.3886,-45.1438,-17.4875
709032,新盛力群益61購01,2026-09-04,2.67,0.14,5.53,8000000,0,紅縮,否,,2.84,2.87,2.27,,-1.9337,34.7111,-4.0127
709033,擎亞群益65購01,2026-09-04,0.56,0.01,1.82,179000000,0,綠縮,是,,0.6,0.68,0.96,,-21.2042,-22.4745,-20.7835
709034,台半元大5B購04,2026-09-04,2.06,-0.16,-7.21,119000000,0,紅縮,是,,2.25,2.22,2.18,,2.9224,13.4252,-9.2689
709035,正淩元大5B購02,2026-09-04,0.19,0.05,35.71,150000000,0,,否,,0.38,0.51,0.57,,-39.9371,-15.025,
709036,金益鼎元大5B購01,2026-09-04,0.15,0.0,0.0,200000000,0,紅縮,否,,0.16,0.19,0.21,,-25.4545,-10.2804,-16.2745
709037,威剛元大5B購14,2026-09-04,3.92,-0.23,-5.54,5000000,0,綠增,否,,4.51,4.96,5.03,,-16.7713,-8.7564,-6.7742
709039,順達元大5B購07,2026-09-04,8.9,0.5,5.95,22000000,0,紅增,否,,8.29,8.81,9.42,,-11.0515,-2.2752,-12.1064
709040,雷科元大5B購05,2026-09-04,2.0,0.31,18.34,6000000,0,,是,,1.95,3.81,3.82,,-65.6327,-25.0344,
709041,德微元大5B購03,2026-09-04,0.59,-0.01,-1.67,134000000,0,,是,,0.6,0.9,1.74,,-49.4966,-54.0,-13.9506
709042,擎亞元大5B購08,2026-09-04,0.64,-0.09,-12.33,239000000,0,綠增,是,,0.8,1.03,1.25,,-36.2041,-29.6093,-10.4963
709043,寶雅元大5B購01,2026-09-04,1.9,0.03,1.6,6000000,0,綠增,否,,2.13,2.7,2.2,,-34.78,9.5663,0.3417
709046,威剛國泰5C購03,2026-09-04,0.94,-0.03,-3.09,21000000,0,綠增,否,,1.22,1.33,1.37,,-14.7632,-7.8309,-7.7181
709047,擎亞國泰62購01,2026-09-04,1.41,-0.03,-2.08,358000000,0,綠縮,是,,1.54,2.25,3.02,,-47.832,-28.0128,-19.4797
709049,台半富邦62購02,2026-09-04,0.73,0.03,4.29,294000000,0,紅增,否,,0.73,0.71,0.68,,6.414,18.7919,-26.4769
709052,擎亞富邦5C購01,2026-09-04,0.43,-0.04,-8.51,203000000,0,綠縮,否,,0.51,0.56,1.27,,-15.4605,-57.7242,-16.3198
709054,正淩統一65購02,2026-09-04,0.21,0.02,10.53,38000000,0,,否,,0.28,0.36,,,-34.8624,,
709058,朋程統一63購01,2026-09-04,0.47,0.09,23.68,1000000,0,綠縮,否,,0.44,0.45,0.66,,-5.6277,-18.3636,-20.3614
709061,茂達統一65購02,2026-09-04,0.51,0.02,4.08,80000000,0,綠縮,是,,0.55,0.59,0.75,,-11.7834,-16.289,-7.6449
709066,德微統一65購01,2026-09-04,0.83,-0.05,-5.68,30000000,0,紅縮,否,,0.97,0.84,0.86,,36.7232,10.2632,-6.5253
709067,德微統一65購02,2026-09-04,0.42,0.01,2.44,2000000,0,,否,,0.41,0.59,,,-47.8149,,
709068,擎亞統一63購02,2026-09-04,0.41,-0.02,-4.65,110000000,0,綠縮,否,,0.46,0.5,0.72,,-15.5556,-19.2869,-18.3523
709069,擎亞統一65購02,2026-09-04,0.42,-0.05,-10.64,151000000,0,綠縮,否,,0.48,0.52,0.74,,-15.0,-17.7778,-17.2646
709071,立敦永豐61購01,2026-09-04,0.5,0.04,8.7,25000000,0,綠縮,是,,0.56,0.65,1.12,,-23.4332,-36.3458,-27.8636
709072,佳邦永豐63購01,2026-09-04,0.67,0.07,11.67,49000000,0,紅增,否,,0.69,0.69,0.86,,1.4663,-11.2403,-23.3184
709073,威剛永豐5B購02,2026-09-04,0.46,-0.01,-2.13,61000000,0,紅轉綠,否,,0.61,0.63,0.64,,-5.8642,-0.7886,-8.0714
709075,原相永豐5C購01,2026-09-04,0.47,0.0,0.0,5000000,0,綠增,否,,0.55,0.65,0.72,,-27.3936,-7.418,-18.4122
709076,德微永豐5C購01,2026-09-04,0.49,-0.01,-2.0,36000000,0,,否,,0.49,0.55,1.19,,-19.6078,-52.901,-12.7847
709079,台半國票61購01,2026-09-04,0.67,0.04,6.35,126000000,0,紅增,否,,0.66,0.66,0.72,,0.6061,6.9467,-36.6843
709082,博大國票5C購01,2026-09-04,0.39,-0.03,-7.14,11000000,0,綠縮,是,,0.41,0.43,0.57,,-9.2511,-13.9165,-9.9049
709083,晶宏國票5C購02,2026-09-04,2.15,0.28,14.97,72000000,0,紅增,否,,1.65,1.22,0.97,,111.2532,58.4635,16.858
709086,德微國票5C購03,2026-09-04,0.46,0.02,4.55,682000000,0,紅增,是,,0.44,0.47,0.54,,-13.1474,0.8602,-44.7477
709089,世紀*元大5B購01,2026-09-04,6.35,-0.25,-3.79,1000000,0,紅縮,否,,7.37,5.46,2.96,,108.0745,179.6515,118.6578
709090,台特化元大5B購02,2026-09-04,0.39,0.0,0.0,10000000,0,紅縮,否,,0.49,0.54,0.61,,-18.6667,0.9276,-25.3049
709092,智通*元大5B購01,2026-09-04,0.55,-0.13,-19.12,34000000,0,綠增,否,,0.64,0.7,0.99,,-15.7068,-22.3815,-14.0998
709094,群聯元大5B購15,2026-09-04,2.4,-0.08,-3.23,24000000,0,紅縮,否,,2.83,3.24,3.06,,-22.2832,4.9935,-13.1359
709098,尼克森國票5B購02,2026-09-04,0.27,0.02,8.0,5000000,0,綠縮,否,,0.39,0.57,1.25,,-47.8723,-46.7412,-24.7208
709100,晶宏國票5C購03,2026-09-04,1.49,0.08,5.67,225000000,0,紅增,否,,1.21,0.91,0.78,,95.7792,71.2406,10.2055
709101,華容國票5C購02,2026-09-04,2.89,0.19,7.04,7000000,0,綠增,否,,3.25,3.39,3.91,,-8.3051,-2.3878,-2.0165
709103,雷科國票5C購01,2026-09-04,1.11,0.18,19.35,1793000000,0,紅增,是,,1.03,1.07,1.22,,-6.3406,2.3946,-23.7618
709104,臺慶科國票5C購03,2026-09-04,0.24,0.04,20.0,240000000,0,紅增,是,,0.27,0.32,0.44,,-25.8242,-12.4309,-37.293
709107,擎亞國票5C購01,2026-09-04,0.46,0.0,0.0,779000000,0,綠縮,是,,0.54,0.63,0.92,,-25.4848,-22.6044,-29.3868
709110,均豪凱基5C購01,2026-09-04,0.34,0.03,9.68,40000000,0,,是,,0.38,0.56,,,-49.1892,,
709113,博智凱基5B購02,2026-09-04,0.28,-0.07,-20.0,1000000,0,紅縮,否,,0.34,0.26,0.37,,90.9091,1.5873,-23.085
709115,群聯凱基5B購05,2026-09-04,0.3,-0.02,-6.25,10000000,0,紅縮,否,,0.35,0.4,0.41,,-23.4513,-2.9197,-18.9349
709118,雙鴻凱基5B購02,2026-09-04,2.23,0.59,35.98,20000000,0,,是,,1.66,1.27,1.31,,86.2921,15.8182,
709122,博盛台新5B購01,2026-09-04,0.46,-0.04,-8.0,20000000,0,綠縮,是,,0.53,0.58,1.04,,-14.791,-26.2484,-5.5884
709126,順達台新5B購04,2026-09-04,1.82,-0.32,-14.95,100000000,0,紅縮,是,,1.96,1.95,2.09,,1.0288,10.5829,-22.3814
709127,群聯台新5B購09,2026-09-04,0.58,-0.05,-7.94,1276000000,0,紅縮,否,,0.74,0.88,0.86,,-27.7886,-1.3453,-23.0941
709128,群聯台新5B購10,2026-09-04,0.43,-0.07,-14.0,699000000,0,紅縮,否,,0.54,0.56,0.66,,-7.2165,-6.3439,-18.6232
709130,雷科台新5B購01,2026-09-04,2.02,0.17,9.19,173000000,0,,是,,1.89,1.94,2.36,,-5.0201,3.243,-13.6173
709131,雷科台新5B購02,2026-09-04,1.37,0.24,21.24,401000000,0,紅增,是,,1.28,1.34,1.59,,-8.9489,-0.8112,-27.4835
709134,鑫科台新5B購01,2026-09-04,0.18,-0.03,-14.29,1000000,0,綠縮,否,,0.28,0.43,0.81,,-51.2195,-48.6779,-19.8522
709136,博智富邦61購02,2026-09-04,0.31,-0.01,-3.12,10000000,0,紅縮,否,,0.33,0.29,0.27,,26.1538,24.5763,-12.2349
709142,群聯永豐5C購05,2026-09-04,0.36,-0.01,-2.7,20000000,0,紅縮,否,,0.42,0.42,0.45,,-3.7037,10.705,-16.4977
709143,群聯永豐63購01,2026-09-04,0.79,-0.01,-1.25,60000000,0,綠增,否,,0.88,0.91,1.07,,-5.9574,-10.2362,-14.2112
709147,中美晶統一66購01,2026-09-04,0.75,0.03,4.17,117000000,0,綠縮,否,,0.74,0.77,0.83,,-6.3291,4.3656,-13.5008
709150,沛亨統一64購01,2026-09-04,0.41,0.01,2.5,20000000,0,綠轉紅,否,,0.32,0.3,0.53,,15.0,-31.1213,-20.7831
709152,佳邦統一63購01,2026-09-04,0.41,0.03,7.89,304000000,0,紅增,是,,0.42,0.41,0.53,,6.0302,-9.292,-21.0487
709156,茂達統一65購03,2026-09-04,0.44,-0.01,-2.22,204000000,0,綠轉紅,是,,0.46,0.49,0.53,,-11.1969,-3.7402,-22.0922
709158,茂綸統一65購02,2026-09-04,0.54,-0.01,-1.82,10000000,0,紅縮,否,,0.55,0.57,0.56,,-9.0,-2.8814,-1.9114
709159,茂綸統一65購03,2026-09-04,0.48,-0.01,-2.04,20000000,0,紅縮,否,,0.49,0.52,0.53,,-12.2302,-1.5094,-4.3282
709160,神準統一66購01,2026-09-04,0.51,0.0,0.0,4000000,0,綠增,否,,0.54,0.56,0.6,,-5.2265,-4.2808,-5.2092
709161,博智統一63購02,2026-09-04,0.3,0.0,0.0,234000000,0,綠縮,否,,0.28,0.3,0.42,,-8.3871,-26.4851,-13.4912
709166,群聯統一63購01,2026-09-04,0.33,0.0,0.0,45000000,0,紅縮,否,,0.36,0.38,0.34,,-10.9453,14.1141,-5.9066
709167,群聯統一63購02,2026-09-04,0.27,-0.01,-3.57,263000000,0,紅縮,是,,0.3,0.32,0.3,,-11.1111,10.6164,-10.3759
709168,群聯統一65購01,2026-09-04,0.29,-0.02,-6.45,5000000,0,紅縮,否,,0.33,0.34,0.3,,-8.9385,15.1515,-8.472
709170,群聯統一69購01,2026-09-04,0.92,-0.01,-1.08,70000000,0,紅縮,否,,0.97,0.97,0.95,,-0.2058,8.4916,-6.4247
709171,群聯統一69購02,2026-09-04,0.53,-0.04,-7.02,859000000,0,紅縮,否,,0.58,0.6,0.55,,-7.3248,13.0841,-5.8419
709172,群聯統一6B購01,2026-09-04,1.0,0.0,0.0,20000000,0,紅縮,否,,1.06,1.0,1.11,,11.8644,-3.7536,-7.7275
709173,群聯統一75購01,2026-09-04,1.08,0.0,0.0,138000000,0,紅縮,否,,1.12,1.15,1.06,,-5.2632,9.4466,-2.0756
709174,聖暉*統一65購03,2026-09-04,0.41,0.01,2.5,66000000,0,綠縮,否,,0.44,0.55,0.78,,-33.8369,-32.4324,-23.9863
709175,鈺太統一69購01,2026-09-04,0.34,0.02,6.25,101000000,0,,否,,0.43,0.5,,,-26.2976,,
709179,廣穎統一65購01,2026-09-04,0.74,0.02,2.78,96000000,0,紅縮,否,,0.76,0.8,0.76,,-7.971,7.8697,-9.5808
709180,廣穎統一69購01,2026-09-04,0.81,0.01,1.25,19000000,0,紅縮,否,,0.87,0.89,0.83,,-3.5398,10.1737,-2.7059
709181,擎亞統一65購03,2026-09-04,0.51,0.0,0.0,114000000,0,綠縮,否,,0.54,0.62,0.81,,-22.1902,-25.3027,-11.8157
709182,擎亞統一65購04,2026-09-04,0.45,-0.01,-2.17,816000000,0,綠縮,否,,0.49,0.54,0.73,,-16.835,-18.3183,-25.1031
709186,倚強群益5B購01,2026-09-04,0.79,-0.03,-3.66,58000000,0,,否,,0.73,0.56,,,87.1795,,
709191,新盛力群益61購02,2026-09-04,2.29,0.09,4.09,211000000,0,綠增,是,,2.33,2.65,2.6,,-21.7596,9.5336,-3.9143
709192,群聯群益5B購07,2026-09-04,0.83,-0.2,-19.42,62000000,0,紅縮,否,,1.02,1.16,1.04,,-20.7752,13.556,-14.3092
709195,擎亞群益62購01,2026-09-04,0.44,-0.07,-13.73,107000000,0,綠縮,是,,0.51,0.66,1.12,,-37.3762,-43.6535,-13.8396
709196,寶雅群益5B購01,2026-09-04,2.46,0.16,6.96,61000000,0,綠增,否,,2.9,3.48,3.12,,-28.831,8.4994,3.7
709200,富喬永豐61購02,2026-09-04,0.87,-0.13,-13.0,234000000,0,紅縮,否,,0.93,0.77,0.7,,54.6358,39.3116,6.6667
709202,富喬永豐68購01,2026-09-04,1.03,-0.07,-6.36,458000000,0,紅縮,否,,1.09,0.92,0.88,,42.8947,18.9433,8.76
709203,順達永豐64購01,2026-09-04,0.94,0.06,6.82,28000000,0,綠轉紅,否,,0.94,0.89,1.13,,11.6667,-15.2526,-8.3569
709204,順達永豐67購01,2026-09-04,0.97,-0.03,-3.0,14000000,0,綠縮,否,,0.93,0.98,1.17,,-10.4247,-18.0301,-11.5778
709205,鈊象永豐63購01,2026-09-04,0.9,0.02,2.27,5000000,0,綠增,否,,0.93,1.12,1.14,,-28.5933,-12.2848,-6.5271
709206,新盛力永豐5C購02,2026-09-04,0.85,0.09,11.84,1000000,0,紅縮,否,,0.87,0.97,0.78,,-18.0791,24.3243,-12.0583
709207,擎亞永豐63購01,2026-09-04,0.43,-0.01,-2.27,413000000,0,綠縮,否,,0.47,0.54,0.82,,-21.8543,-19.5815,-22.9723
709208,沛亨凱基5B購03,2026-09-04,0.23,-0.02,-8.0,151000000,0,紅增,否,,0.17,0.16,0.19,,11.5385,1.8519,-40.4984
709210,富喬凱基5B購02,2026-09-04,0.71,-0.06,-7.79,1000000,0,,是,,0.85,0.66,0.74,,76.9874,-2.5037,-7.044
709211,富喬凱基61購02,2026-09-04,1.01,-0.05,-4.72,1528000000,0,紅縮,是,,1.1,0.93,0.91,,44.2408,16.9173,5.6527
709212,富喬凱基61購03,2026-09-04,0.84,-0.02,-2.33,26000000,0,紅縮,是,,0.94,0.77,0.84,,53.9474,5.1771,4.9129
709218,擎亞凱基61購01,2026-09-04,0.42,0.0,0.0,57000000,0,綠縮,否,,0.47,0.56,0.94,,-27.3292,-22.8849,-29.5506
709219,中光電台新5B購02,2026-09-04,0.93,-0.19,-16.96,1000000,0,綠增,否,,2.06,2.25,2.85,,-15.5045,-32.0749,2.2067
709221,台星科台新5B購02,2026-09-04,0.57,-0.05,-8.06,31000000,0,紅縮,否,,0.62,0.64,0.79,,-5.7402,-3.8864,-22.4079
709222,立碁台新62購01,2026-09-04,1.2,-0.24,-16.67,259000000,0,,否,,1.31,1.12,,,41.4687,,
709229,擎亞台新5B購01,2026-09-04,0.79,0.01,1.28,10000000,0,,是,,0.89,1.05,1.74,,-26.5677,-48.3792,
709230,擎亞台新5B購02,2026-09-04,0.72,-0.2,-21.74,10000000,0,,是,,0.87,0.98,1.62,,-20.6581,-41.9183,
709232,雙鴻台新5B購02,2026-09-04,2.95,-0.12,-3.91,3000000,0,紅增,是,,2.49,1.75,1.55,,145.9566,64.0786,13.7514
709233,雙鴻台新5B購03,2026-09-04,1.81,0.3,19.87,29000000,0,,否,,1.49,1.21,,,61.2554,24.177,
709237,順達國泰5C購01,2026-09-04,0.78,-0.05,-6.02,1000000,0,紅縮,否,,0.81,0.81,0.81,,-0.7371,13.5854,-16.7263
709238,群聯國泰5C購01,2026-09-04,0.53,-0.05,-8.62,400000000,0,紅縮,是,,0.65,0.69,0.62,,-9.9174,18.1507,-12.2957
709241,富喬富邦5B購02,2026-09-04,0.51,-0.03,-5.56,953000000,0,紅縮,否,,0.58,0.47,0.34,,66.2857,83.4646,3.3183
709243,均豪元大5B購04,2026-09-04,3.38,0.12,3.68,333000000,0,紅增,是,,3.52,3.43,4.24,,5.6389,-14.3642,-3.5409
709245,威剛元大5B購15,2026-09-04,1.52,-0.21,-12.14,8000000,0,綠增,否,,1.76,1.96,2.02,,-18.4773,-9.8247,-9.9487
709247,博智元大5B購03,2026-09-04,0.4,-0.01,-2.44,50000000,0,紅增,否,,0.46,0.43,0.57,,16.7513,-0.9281,-21.9093
709248,富喬元大5B購03,2026-09-04,1.59,-0.14,-8.09,101000000,0,紅縮,否,,1.79,1.48,1.23,,53.0822,60.4777,7.5142
709249,富喬元大5B購04,2026-09-04,0.65,-0.04,-5.8,35000000,0,紅縮,否,,0.75,0.62,0.44,,56.0166,75.7835,9.4945
709250,富喬元大5B購05,2026-09-04,0.73,-0.04,-5.19,233000000,0,紅縮,是,,0.83,0.72,0.71,,38.3333,4.3796,3.0325
709253,新盛力元大5B購07,2026-09-04,1.84,0.07,3.95,19000000,0,紅縮,否,,2.02,1.74,1.92,,38.0628,15.3338,-3.1526
709254,群聯元大5B購17,2026-09-04,2.55,-0.46,-15.28,38000000,0,紅縮,否,,2.98,3.3,3.38,,-17.5885,-3.114,-16.7835
709255,群聯元大5B購18,2026-09-04,0.43,-0.09,-17.31,114000000,0,紅縮,否,,0.52,0.58,0.63,,-18.6916,-2.5126,-19.1176
709257,擎亞元大5B購09,2026-09-04,0.21,-0.07,-25.0,759000000,0,綠縮,否,,0.28,0.45,0.96,,-54.8077,-45.8134,-26.6565
709259,均豪群益5B購05,2026-09-04,0.92,-0.08,-8.0,524000000,0,紅縮,是,,0.99,0.96,1.18,,6.4795,-6.1825,-13.7076
709260,富喬群益5B購02,2026-09-04,0.85,-0.22,-20.56,1000000,0,紅縮,否,,1.06,0.83,0.74,,78.5235,67.6768,7.4182
709262,新盛力群益63購01,2026-09-04,1.45,0.07,5.07,355000000,0,紅縮,是,,1.52,1.61,1.4,,-11.5519,16.7751,-5.9656
709264,群聯群益5B購08,2026-09-04,1.2,-0.02,-1.64,256000000,0,紅縮,否,,1.42,1.62,1.61,,-21.8681,2.53,-19.2056
709265,擎亞群益5B購03,2026-09-04,0.44,-0.04,-8.33,15000000,0,,是,,0.55,1.38,1.44,,-75.0903,-26.8885,
709267,方土昶永豐5C購01,2026-09-04,0.5,-0.01,-1.96,48000000,0,紅轉綠,否,,0.59,0.69,0.58,,-26.1307,10.5431,-3.2581
709268,茂達永豐63購01,2026-09-04,0.53,-0.01,-1.85,150000000,0,綠縮,是,,0.56,0.66,0.86,,-25.7895,-15.2369,-15.7585
709269,精確永豐5B購01,2026-09-04,0.13,-0.13,-50.0,11000000,0,綠增,否,,0.23,0.27,0.43,,-24.5161,-40.0881,-21.6364
709273,立碁凱基5B購02,2026-09-04,0.41,-0.06,-12.77,10000000,0,,否,,0.45,0.41,,,20.7447,30.9148,
709275,沛亨凱基5C購01,2026-09-04,0.37,0.01,2.78,332000000,0,紅增,否,,0.3,0.27,0.33,,27.7311,18.8596,-34.9409
709277,華容凱基5B購01,2026-09-04,2.21,0.69,45.39,55000000,0,綠縮,是,,2.16,2.49,2.84,,-23.5836,-10.8447,-13.0202
709279,萬泰科凱基5B購02,2026-09-04,0.13,0.01,8.33,130000000,0,綠縮,是,,0.14,0.17,0.38,,-29.0,-49.1071,-25.0988
709280,精材凱基5B購09,2026-09-04,1.9,0.25,15.15,10000000,0,紅增,否,,1.35,1.11,1.33,,54.7126,-13.9083,8.1334
709281,大中台新5B購02,2026-09-04,0.63,0.03,5.0,1000000,0,綠縮,否,,0.8,1.58,2.48,,-65.961,-48.268,-7.3381
709282,立碁台新5B購01,2026-09-04,0.96,-0.4,-29.41,428000000,0,,是,,1.21,1.02,,,45.2153,4.0609,
709283,立碁台新5B購02,2026-09-04,0.88,-0.63,-41.72,15000000,0,,否,,1.18,0.95,,,64.1667,,
709284,艾訊台新5B購03,2026-09-04,0.51,0.06,13.33,50000000,0,綠增,否,,0.95,1.13,1.2,,-27.5915,-4.6374,-8.9603
709285,艾訊台新5B購04,2026-09-04,0.46,0.08,21.05,156000000,0,綠增,是,,0.8,1.02,1.16,,-35.4943,-16.3921,-12.1258
709286,佳邦台新5B購04,2026-09-04,0.1,0.01,11.11,10000000,0,綠縮,是,,0.19,0.49,0.72,,-75.9494,-42.6901,-23.6633
709287,南俊台新5B購01,2026-09-04,0.75,0.05,7.14,203000000,0,紅縮,否,,0.79,0.71,0.65,,26.2821,41.2,-20.0123
709288,南俊台新5B購02,2026-09-04,0.68,0.01,1.49,110000000,0,紅縮,否,,0.74,0.64,0.53,,35.8974,69.0289,-20.091
709291,臺慶科台新5B購06,2026-09-04,0.53,0.05,10.42,90000000,0,紅增,否,,0.55,0.66,0.71,,-28.534,-3.6765,-27.5756
709292,臺慶科台新5B購07,2026-09-04,0.51,0.09,21.43,116000000,0,紅增,否,,0.52,0.68,0.84,,-38.0615,-18.1601,-32.8376
709293,群聯兆豐65購03,2026-09-04,0.51,0.0,0.0,10000000,0,紅縮,否,,0.54,0.56,0.51,,-6.5517,10.2161,-4.1121
709296,世界元大5B購04,2026-09-04,0.78,0.03,4.0,5000000,0,綠縮,否,,0.84,0.97,1.09,,-24.9551,-9.8891,-15.9459
709297,台半元大5B購05,2026-09-04,0.95,-0.04,-4.04,75000000,0,紅增,否,,0.99,1.01,1.13,,-3.4951,10.7221,-16.6358
709298,倚強元大5B購01,2026-09-04,0.75,-0.05,-6.25,39000000,0,,否,,0.68,0.59,,,33.3333,-3.5656,
709300,群聯元大61購07,2026-09-04,0.51,0.01,2.0,10000000,0,紅縮,否,,0.54,0.57,0.53,,-10.9272,8.9695,-7.807
709301,聖暉*元大5B購05,2026-09-04,0.41,-0.04,-8.89,558000000,0,綠縮,否,,0.49,0.61,1.35,,-33.1507,-54.9556,-33.0946
709307,中美晶群益5B購06,2026-09-04,1.82,0.13,7.69,1147000000,0,綠縮,是,,1.8,1.9,2.87,,-9.7194,-13.8776,-24.8234
709309,南俊群益5B購01,2026-09-04,0.38,-0.04,-9.52,163000000,0,紅縮,否,,0.46,0.41,0.36,,26.2295,48.3871,-23.3725
709311,富喬群益5B購03,2026-09-04,1.02,-0.05,-4.67,483000000,0,紅縮,否,,1.22,0.95,0.97,,77.551,26.0927,0.6205
709312,群聯群益5B購09,2026-09-04,0.25,0.01,4.17,3141000000,0,紅縮,是,,0.31,0.39,0.37,,-33.0472,4.2895,-20.973
709315,沛亨永豐65購01,2026-09-04,0.39,-0.07,-15.22,1000000000,0,,是,,0.36,0.4,,,-17.3516,-35.4839,
709316,長科*永豐61購01,2026-09-04,1.43,-0.09,-5.92,100000000,0,綠縮,是,,1.76,1.55,2.14,,30.5638,-16.8539,-13.9586
709322,沛亨元大5B購04,2026-09-04,0.57,0.0,0.0,56000000,0,,是,,0.44,0.52,1.08,,-24.2321,-49.5098,
709326,朋程元大5B購01,2026-09-04,0.11,-0.01,-8.33,20000000,0,綠縮,否,,0.18,0.21,0.42,,-24.5763,-42.3398,-28.7045
709328,富喬元大61購03,2026-09-04,1.12,-0.04,-3.45,358000000,0,紅縮,否,,1.22,1.04,0.78,,41.7633,61.051,11.7435
709329,群聯元大61購08,2026-09-04,0.51,-0.05,-8.93,975000000,0,紅增,否,,0.58,0.59,0.78,,-1.6835,-19.7548,-15.8919
709332,順達富邦61購01,2026-09-04,0.3,0.01,3.45,51000000,0,紅增,否,,0.29,0.29,0.32,,-1.3605,4.2857,-20.1511
709333,大中群益5B購01,2026-09-04,0.49,0.05,11.36,12000000,0,綠縮,否,,0.47,0.78,1.3,,-56.0297,-44.0519,-25.9217
709335,均豪群益5B購06,2026-09-04,0.39,-0.08,-17.02,220000000,0,,否,,0.53,0.64,0.82,,-28.2258,-30.4679,
709337,良維群益5B購04,2026-09-04,0.22,-0.08,-26.67,20000000,0,綠縮,否,,0.3,0.47,0.95,,-53.8941,-54.3774,-25.2756
709341,長科*群益5B購01,2026-09-04,1.6,0.06,3.9,198000000,0,綠縮,是,,1.41,1.59,2.7,,-20.6974,-43.3345,-24.7348
709344,漢科群益5B購01,2026-09-04,0.19,-0.03,-13.64,15000000,0,綠增,否,,0.35,0.57,0.79,,-54.4987,-34.2625,-18.7854
709346,台半凱基5B購03,2026-09-04,0.22,-0.03,-12.0,52000000,0,綠縮,否,,0.24,0.25,0.74,,-8.4615,-52.7514,-32.852
709347,沛亨凱基5B購04,2026-09-04,0.26,0.01,4.0,20000000,0,紅增,否,,0.21,0.18,0.41,,34.6154,-35.5634,-25.8065
709351,聖暉*凱基5B購05,2026-09-04,0.22,-0.02,-8.33,60000000,0,綠縮,否,,0.29,0.63,1.22,,-70.2479,-47.7972,-25.3439
709354,台半台新5B購04,2026-09-04,0.81,-0.14,-14.74,63000000,0,綠縮,否,,0.82,0.77,1.37,,12.6722,-13.6465,-18.7259
709355,台半台新5B購05,2026-09-04,0.44,0.01,2.33,198000000,0,紅增,否,,0.47,0.47,0.78,,0.8547,-14.3898,-39.6532
709357,博盛台新5B購02,2026-09-04,0.45,-0.02,-4.26,749000000,0,紅增,是,,0.45,0.44,0.5,,5.0926,7.2639,-42.637
709366,富喬凱基62購01,2026-09-04,0.81,-0.25,-23.58,117000000,0,紅縮,否,,0.91,0.7,0.64,,84.9593,48.8323,4.856
709367,萊德光凱基5B購01,2026-09-04,0.1,0.03,42.86,99000000,0,紅縮,是,,0.14,0.18,0.2,,-35.7798,-17.8899,-13.7555
709368,萊德光凱基5B購02,2026-09-04,0.15,0.05,50.0,292000000,0,紅增,是,,0.11,0.12,0.18,,-9.5238,-28.5714,-17.1296
709371,群翊凱基62購01,2026-09-04,0.28,-0.07,-20.0,25000000,0,,是,,0.3,0.37,,,-33.7778,,
709372,聖暉*凱基5B購06,2026-09-04,0.07,-0.03,-30.0,5000000,0,綠增,否,,0.29,0.53,0.93,,-63.1443,-45.761,-22.2455
709386,長科*元大5B購01,2026-09-04,1.37,0.07,5.38,252000000,0,,是,,1.36,1.74,2.77,,-36.098,-41.82,-15.7206
709387,順達元大5B購08,2026-09-04,0.38,-0.1,-20.83,5000000,0,,否,,0.6,0.88,1.02,,-48.0969,-24.8288,
709388,順達元大62購01,2026-09-04,0.84,0.04,5.0,157000000,0,紅增,否,,0.83,0.84,0.83,,-2.5761,9.9087,-5.4889
709389,群聯元大5B購19,2026-09-04,0.39,-0.05,-11.36,1996000000,0,紅縮,是,,0.5,0.47,0.59,,10.2222,-0.0,-23.1668
709390,群聯元大63購04,2026-09-04,0.4,-0.02,-4.76,159000000,0,紅縮,否,,0.43,0.46,0.42,,-12.1457,11.8072,-4.4725
709392,佳邦富邦5B購01,2026-09-04,0.07,0.01,16.67,201000000,0,綠轉紅,是,,0.07,0.1,0.21,,-41.9355,-40.9639,-28.5962
709393,精材富邦5B購03,2026-09-04,2.35,0.33,16.34,9000000,0,綠轉紅,否,,1.79,1.76,1.7,,4.0698,-3.4122,12.7243
709398,威聯通國泰5C購01,2026-09-04,0.53,-0.03,-5.36,10000000,0,紅縮,否,,0.6,0.72,0.68,,-28.91,-0.551,-11.7419
709408,中美晶元大5C購03,2026-09-04,1.44,-0.15,-9.43,15000000,0,綠縮,否,,1.52,1.63,2.06,,-12.4281,-6.106,-15.6481
709411,良維元大5C購02,2026-09-04,0.26,0.09,52.94,2000000,0,紅增,是,,0.19,0.22,0.48,,-25.5814,-44.9878,-27.5208
709413,富喬元大5C購03,2026-09-04,0.86,-0.06,-6.52,495000000,0,紅縮,是,,0.96,0.8,0.64,,49.375,64.876,6.0783
709416,群聯元大5C購03,2026-09-04,1.7,-0.22,-11.46,52000000,0,紅縮,否,,2.04,2.33,2.23,,-22.4335,6.7185,-13.9799
709418,中美晶永豐64購01,2026-09-04,0.84,0.05,6.33,15000000,0,綠縮,否,,0.84,0.88,0.99,,-8.913,2.807,-16.6878
709419,長科*永豐61購02,2026-09-04,1.05,-0.01,-0.94,128000000,0,綠縮,否,,1.0,1.09,1.54,,-15.4499,-15.9319,-18.3285
709422,臺慶科永豐66購01,2026-09-04,0.36,0.03,9.09,228000000,0,紅縮,是,,0.42,0.39,0.49,,19.8864,-3.25,-22.0353
709424,台半凱基5C購02,2026-09-04,0.13,0.0,0.0,388000000,0,綠縮,否,,0.14,0.14,0.52,,-8.0,-48.9362,-31.2952
709429,威剛凱基64購01,2026-09-04,0.59,-0.09,-13.24,30000000,0,紅轉綠,否,,0.66,0.7,0.74,,-11.5282,-3.5665,-4.7927
709441,鈊象台新5C購01,2026-09-04,0.62,-0.01,-1.59,64000000,0,綠增,是,,0.98,1.34,1.67,,-42.7902,-25.4586,-14.8449
709445,立敦群益5C購01,2026-09-04,0.09,0.03,50.0,151000000,0,紅增,是,,0.07,0.09,0.17,,-30.7692,-29.6,-44.3894
709447,廣穎群益5C購01,2026-09-04,0.42,-0.01,-2.33,60000000,0,綠增,否,,0.52,0.64,0.77,,-30.5851,-11.7729,-22.07
709448,雙鴻群益5C購01,2026-09-04,4.17,1.21,40.88,30000000,0,紅增,否,,3.09,2.24,1.68,,122.9107,84.4444,30.9672
709449,聖暉*國泰61購01,2026-09-04,0.35,0.0,0.0,50000000,0,綠縮,否,,0.49,0.65,1.11,,-38.9027,-41.3261,-22.7809
709450,雙鴻國泰61購02,2026-09-04,3.1,0.89,40.27,18000000,0,紅增,否,,2.33,1.64,1.2,,144.958,97.1188,46.383
709452,台半富邦64購01,2026-09-04,0.32,0.01,3.23,1663000000,0,紅增,是,,0.32,0.32,0.31,,3.2258,15.3846,-24.4114
709453,台半富邦66購01,2026-09-04,0.35,-0.04,-10.26,410000000,0,紅增,否,,0.36,0.35,0.37,,9.697,6.135,-30.8194
709454,宏捷科富邦66購01,2026-09-04,0.15,-0.02,-11.76,198000000,0,,否,,0.2,0.29,0.51,,-47.0588,-44.1406,
709455,宏捷科富邦66購02,2026-09-04,0.19,-0.01,-5.0,1000000,0,紅縮,否,,0.22,0.23,0.3,,-1.7544,-15.0376,-19.709
709456,長科*富邦63購01,2026-09-04,0.98,0.09,10.11,20000000,0,紅增,否,,0.91,0.92,0.91,,-3.4043,3.2402,-10.9804
709458,富喬富邦66購01,2026-09-04,0.83,-0.03,-3.49,578000000,0,紅縮,否,,0.88,0.75,0.7,,41.3462,28.9384,6.5134
709459,智通*富邦64購01,2026-09-04,1.19,0.0,0.0,38000000,0,綠縮,否,,1.22,1.19,1.24,,4.4674,6.25,-5.3013
709460,智通*富邦66購01,2026-09-04,0.62,0.0,0.0,2000000,0,紅縮,否,,0.64,0.64,0.67,,-0.3096,10.2564,-8.9055
709462,鈊象富邦66購01,2026-09-04,0.81,0.01,1.25,47000000,0,綠縮,否,,0.81,0.9,0.96,,-18.0527,-14.0805,-3.9659
709466,台半國票61購03,2026-09-04,0.2,-0.04,-16.67,100000000,0,紅增,否,,0.23,0.23,0.27,,0.0,2.2026,-43.5685
709468,佳邦國票61購02,2026-09-04,0.08,0.01,14.29,11000000,0,綠縮,否,,0.08,0.09,0.17,,-27.2727,-34.4828,-26.0593
709469,萊德光國票61購01,2026-09-04,0.13,0.03,30.0,220000000,0,紅增,是,,0.11,0.13,0.17,,-24.6575,-19.4969,-15.6479
709471,中美晶群益62購02,2026-09-04,0.68,0.08,13.33,267000000,0,綠縮,是,,0.66,0.66,1.13,,-0.6024,-36.162,-9.4127
709473,威剛群益62購01,2026-09-04,0.58,0.09,18.37,1000000,0,紅縮,否,,0.75,0.7,0.74,,17.0807,11.84,-0.6048
709474,茂綸群益62購01,2026-09-04,0.87,-0.12,-12.12,63000000,0,紅縮,否,,0.97,1.08,1.05,,-19.0635,-4.3324,-13.0525
709475,振曜群益5C購01,2026-09-04,0.25,-0.02,-7.41,33000000,0,綠縮,否,,0.3,0.39,0.56,,-36.8201,-28.8321,-26.6623
709479,臺慶科國泰61購01,2026-09-04,0.44,0.07,18.92,2000000,0,綠縮,是,,0.61,0.85,1.59,,-43.9338,-48.3891,-19.9849
709482,達航永豐61購01,2026-09-04,0.3,-0.02,-6.25,11000000,0,紅增,否,,0.31,0.28,0.34,,24.1936,-1.4184,-22.1461
709483,達航永豐64購01,2026-09-04,0.47,-0.03,-6.0,55000000,0,紅增,是,,0.48,0.46,0.62,,8.1448,-16.0584,-10.8538
709484,立敦富邦66購01,2026-09-04,0.29,0.02,7.41,10000000,0,綠縮,否,,0.32,0.4,0.58,,-33.61,-32.0339,-16.8831
709486,順達富邦61購02,2026-09-04,0.42,0.0,0.0,10000000,0,紅增,否,,0.42,0.42,0.48,,-0.0,-3.2407,-16.3793
709491,中美晶凱基5C購02,2026-09-04,0.43,0.07,19.44,868000000,0,綠縮,否,,0.45,0.5,1.12,,-19.4245,-51.2621,-14.2966
709493,良維凱基64購01,2026-09-04,0.25,0.06,31.58,100000000,0,綠轉紅,否,,0.16,0.18,0.28,,-21.5686,-24.4813,-23.1608
709495,能率亞凱基5C購01,2026-09-04,0.37,0.0,0.0,2000000,0,綠縮,否,,0.42,0.47,0.58,,-17.5781,-20.4429,-16.7972
709497,華容凱基5C購02,2026-09-04,1.88,0.17,9.94,34000000,0,綠縮,是,,2.0,2.18,2.79,,-14.7959,-7.5944,-6.1502
709498,群聯凱基5C購02,2026-09-04,0.12,-0.01,-7.69,628000000,0,紅縮,是,,0.14,0.17,0.17,,-29.2929,4.321,-25.3363
709499,廣穎凱基61購01,2026-09-04,0.7,0.35,100.0,77000000,0,紅增,否,,0.42,0.43,0.42,,-5.3812,7.9602,-11.6081
709501,立敦台新5C購01,2026-09-04,0.17,0.02,13.33,206000000,0,綠縮,是,,0.21,0.29,0.72,,-44.086,-51.7471,-35.8296
709502,宏觀台新5C購01,2026-09-04,0.19,-0.01,-5.0,2000000,0,,否,,0.27,,,,,,
709512,富喬元大61購04,2026-09-04,0.79,-0.07,-8.14,1618000000,0,紅縮,是,,0.87,0.63,0.68,,124.2268,12.724,9.8454
709518,中美晶富邦62購01,2026-09-04,0.64,-0.01,-1.54,352000000,0,綠縮,是,,0.68,0.74,1.13,,-15.0,-39.8863,-4.0816
709519,世界凱基5C購04,2026-09-04,0.19,0.0,0.0,1000000,0,,否,,0.38,0.48,0.71,,-36.1486,-40.0494,
709520,世紀*凱基5C購01,2026-09-04,4.49,0.12,2.75,1000000,0,紅縮,否,,4.96,3.62,2.11,,117.9105,167.6275,94.123
709521,台半凱基61購02,2026-09-04,0.29,0.01,3.57,10000000,0,綠縮,否,,0.3,0.3,0.48,,-0.6667,-2.6059,-31.3357
709522,立端凱基61購01,2026-09-04,0.34,0.01,3.03,699000000,0,,是,,0.46,0.49,,,-11.8321,-16.723,
709526,長科*凱基5C購01,2026-09-04,0.29,0.06,26.09,55000000,0,紅增,否,,0.26,0.28,0.32,,-16.8831,-9.9042,-29.5028
709527,宸曜凱基5C購01,2026-09-04,0.47,0.03,6.82,52000000,0,,是,,0.5,0.53,0.49,,-11.3475,11.7647,-8.0827
709528,順達凱基64購02,2026-09-04,0.57,0.03,5.56,10000000,0,綠轉紅,否,,0.56,0.52,0.65,,15.7676,-9.7222,-8.9385
709529,群聯凱基5C購03,2026-09-04,0.11,-0.01,-8.33,240000000,0,紅縮,否,,0.14,0.18,0.18,,-34.9057,-2.2346,-25.0531
709530,大綜台新5C購01,2026-09-04,1.28,0.08,6.67,141000000,0,紅增,是,,1.29,1.4,1.52,,-14.4754,-11.4702,-18.336
709532,萊德光台新5C購01,2026-09-04,0.24,0.12,100.0,958000000,0,紅增,是,,0.14,0.14,0.19,,-1.3699,-6.4516,-23.8683
709539,中美晶元大5C購04,2026-09-04,0.74,-0.05,-6.33,3000000,0,綠縮,否,,0.78,0.83,1.39,,-11.7647,-48.3551,-5.8104
709541,世界元大64購05,2026-09-04,0.55,0.0,0.0,51000000,0,,是,,0.71,0.91,1.03,,-36.7857,-13.8549,
709542,台半元大5C購03,2026-09-04,0.63,-0.13,-17.11,189000000,0,,是,,0.7,0.7,0.85,,0.8646,4.1854,-16.3145
709544,台半元大66購02,2026-09-04,1.09,-0.09,-7.63,291000000,0,,是,,1.13,1.1,,,6.015,-25.594,
709545,良維元大5C購03,2026-09-04,0.11,0.01,10.0,176000000,0,綠縮,是,,0.11,0.13,0.26,,-25.974,-48.062,-24.5364
709546,欣銓元大5C購01,2026-09-04,0.51,-0.05,-8.93,1000000,0,紅縮,否,,0.54,0.54,0.57,,-2.8986,-2.1583,-12.69
709549,長科*元大66購01,2026-09-04,1.05,0.08,8.25,41000000,0,紅增,否,,0.98,1.02,1.02,,-8.9552,4.4898,-13.9958
709550,富喬元大61購05,2026-09-04,0.69,-0.05,-6.76,1170000000,0,紅縮,否,,0.77,0.63,0.55,,55.4656,46.0648,9.2445
709552,順達元大64購06,2026-09-04,1.05,0.0,0.0,125000000,0,紅縮,否,,1.06,1.07,0.97,,-0.9328,18.8196,-6.6603
709555,方土昶群益5C購01,2026-09-04,0.38,-0.07,-15.56,5000000,0,紅縮,否,,0.54,0.58,0.46,,-13.2686,26.8132,-3.0303
709560,長科*群益61購01,2026-09-04,0.58,0.03,5.45,149000000,0,紅增,是,,0.59,0.63,0.76,,-12.2754,-6.8351,-23.4493
709561,南俊群益5C購01,2026-09-04,0.55,-0.03,-5.17,202000000,0,紅縮,否,,0.57,0.51,0.43,,25.2212,48.8304,-16.6827
709562,富喬群益5C購02,2026-09-04,1.5,-0.12,-7.41,1795000000,0,紅縮,否,,1.78,1.4,0.99,,75.2456,110.045,8.6216
709563,群聯群益5C購03,2026-09-04,0.23,-0.05,-17.86,10000000,0,,否,,0.31,0.3,,,2.6846,-51.2116,
709564,臺慶科群益5C購01,2026-09-04,0.17,0.01,6.25,27000000,0,紅縮,否,,0.26,0.24,0.37,,14.1593,-14.7887,-36.0104
709566,雙鴻群益5C購02,2026-09-04,1.85,0.44,31.21,1000000,0,,否,,1.32,0.93,0.97,,144.4444,30.0699,
709567,方土昶凱基5C購02,2026-09-04,0.23,-0.02,-8.0,20000000,0,紅縮,否,,0.33,0.34,0.35,,-8.9385,3.6364,-12.3581
709568,威剛凱基61購01,2026-09-04,0.21,-0.01,-4.55,1944000000,0,,否,,0.24,0.28,0.31,,-20.7792,-12.1019,
709569,雅特力凱基5C購01,2026-09-04,1.5,-0.12,-7.41,7000000,0,綠增,否,,1.63,2.22,1.86,,-41.9102,-3.0171,7.8733
709571,雙鴻凱基5C購07,2026-09-04,1.15,0.41,55.41,5000000,0,,否,,0.83,0.58,,,142.9412,28.6976,
709573,能率台新5C購01,2026-09-04,0.7,-0.06,-7.89,5000000,0,綠增,否,,0.81,0.87,0.95,,-13.6752,-6.1356,-10.5386
709574,良維富邦61購02,2026-09-04,0.18,0.05,38.46,1000000,0,,否,,0.14,0.15,0.31,,-15.0,-51.1551,-24.847
709576,雙鴻富邦62購01,2026-09-04,0.98,0.23,30.67,500000000,0,紅增,否,,0.78,0.61,0.5,,83.1776,55.3846,14.7429
709577,達航國票61購01,2026-09-04,0.26,-0.02,-7.14,15000000,0,綠縮,否,,0.22,0.21,0.36,,14.2857,-30.6931,-15.6909
709579,中美晶元大5C購05,2026-09-04,1.75,0.03,1.74,4000000,0,綠縮,否,,1.78,1.86,2.2,,-7.764,1.642,-8.7516
709581,世界元大64購06,2026-09-04,0.59,0.02,3.51,178000000,0,綠增,否,,0.64,0.66,0.7,,-4.7619,-1.6492,-14.9425
709583,台半元大66購03,2026-09-04,1.21,-0.14,-10.37,214000000,0,綠增,是,,1.29,1.26,1.34,,5.2288,5.813,-5.3483
709586,富喬元大64購01,2026-09-04,0.85,-0.03,-3.41,848000000,0,紅縮,是,,0.91,0.77,0.69,,44.6203,34.904,10.0794
709587,順達元大5C購05,2026-09-04,1.2,-0.2,-14.29,26000000,0,紅縮,否,,1.28,1.33,1.42,,-6.686,0.2261,-12.0519
709588,群聯元大61購11,2026-09-04,0.23,-0.01,-4.17,125000000,0,紅縮,否,,0.28,0.3,0.29,,-15.3374,7.1174,-15.4728
709589,群聯元大64購04,2026-09-04,0.32,-0.01,-3.03,200000000,0,紅縮,否,,0.36,0.38,0.37,,-11.8227,5.2342,-10.5583
709591,威剛群益5C購03,2026-09-04,0.44,-0.07,-13.73,150000000,0,綠增,否,,0.54,0.67,0.76,,-31.1392,-19.347,-15.9468
709595,富喬國票5C購03,2026-09-04,1.07,-0.09,-7.76,215000000,0,紅縮,否,,1.2,0.97,0.83,,62.4324,60.231,4.3616
709596,群聯國票61購04,2026-09-04,0.34,-0.01,-2.86,815000000,0,綠增,是,,0.39,0.4,0.5,,-5.314,-4.0476,-25.1885
709598,磐亞國票61購01,2026-09-04,1.42,-0.18,-11.25,3203000000,0,綠增,是,,1.83,1.67,2.0,,22.1039,-5.0114,-4.6212
709600,中美晶元大5C購06,2026-09-04,1.41,0.1,7.63,3000000,0,綠縮,是,,1.5,2.14,2.56,,-45.8484,-32.5221,-2.61
709603,世界元大66購02,2026-09-04,0.61,0.0,0.0,7000000,0,綠縮,否,,0.61,0.66,0.69,,-13.5211,-2.3599,-9.1391
709605,威剛元大5C購02,2026-09-04,0.95,-0.03,-3.06,405000000,0,綠增,否,,1.07,1.16,1.18,,-15.2381,-6.656,-9.0769
709606,威剛元大61購02,2026-09-04,0.83,-0.03,-3.49,265000000,0,綠增,是,,1.0,1.03,1.09,,-5.6711,-0.7722,-7.8514
709609,群聯元大61購12,2026-09-04,0.3,-0.04,-11.76,25000000,0,紅縮,否,,0.35,0.37,0.37,,-10.7143,7.5362,-12.8266
709611,磐亞元大5C購01,2026-09-04,2.8,-0.3,-9.68,41000000,0,,否,,3.48,3.54,4.02,,-3.3333,-19.4356,7.9463
709613,大綜永豐61購01,2026-09-04,0.78,0.06,8.33,2000000,0,,否,,0.98,0.97,,,4.0169,,
709619,大綜台新5C購02,2026-09-04,0.77,0.06,8.45,13000000,0,,否,,0.9,1.0,,,-18.5455,-11.1309,
709622,順達台新5C購02,2026-09-04,0.58,0.0,0.0,30000000,0,綠縮,否,,0.59,0.62,0.93,,-8.6154,-31.3466,-15.2342
709624,雙鴻台新5C購01,2026-09-04,1.5,-0.09,-5.66,20000000,0,,否,,1.34,1.18,,,33.5984,,
709629,方土昶永豐63購01,2026-09-04,0.41,-0.05,-10.87,5000000,0,紅縮,否,,0.49,0.56,0.5,,-20.5788,14.1104,-10.009
709635,雙鴻群益5C購03,2026-09-04,3.98,1.34,50.76,2000000,0,紅增,否,,2.69,1.83,1.32,,176.9547,109.8511,53.9497
709636,大綜國票5C購01,2026-09-04,0.37,0.03,8.82,30000000,0,紅縮,否,,0.4,0.5,0.54,,-34.106,-10.0539,-12.6806
709638,光聚晶國票61購01,2026-09-04,0.28,-0.01,-3.45,10000000,0,綠縮,否,,0.29,0.31,0.39,,-12.1212,-15.9892,-17.1975
709644,大綜凱基5C購01,2026-09-04,0.16,0.0,0.0,103000000,0,紅增,否,,0.17,0.22,0.27,,-36.7647,-19.2727,-25.2055
709647,朋億*凱基5C購01,2026-09-04,0.36,-0.01,-2.7,55000000,0,綠縮,否,,0.4,0.48,0.78,,-29.1815,-27.6018,-29.5978
709648,威剛凱基5C購03,2026-09-04,0.29,-0.01,-3.33,156000000,0,紅轉綠,否,,0.33,0.35,0.36,,-14.2105,-6.6138,-8.0103
709649,茂訊凱基5C購01,2026-09-04,0.59,0.01,1.72,10000000,0,綠增,否,,0.64,0.74,0.76,,-23.2057,-7.625,-9.2814
709652,雅特力凱基5C購02,2026-09-04,0.62,0.08,14.81,324000000,0,綠縮,否,,0.66,0.71,1.02,,-13.577,-20.4013,-16.7277
709654,精確凱基5C購01,2026-09-04,0.25,-0.04,-13.79,423000000,0,紅增,是,,0.26,0.24,0.37,,20.1835,-16.0839,-22.8216
709655,大綜台新5C購03,2026-09-04,0.37,-0.03,-7.5,20000000,0,,否,,0.4,0.51,0.61,,-36.2179,-20.1562,-16.9631
709656,大綜台新5C購04,2026-09-04,0.4,0.02,5.26,30000000,0,,否,,0.57,0.62,,,-15.1335,-27.2196,
709657,方土昶台新5C購01,2026-09-04,0.45,-0.05,-10.0,30000000,0,紅轉綠,是,,0.74,0.77,0.79,,-7.9404,11.6883,-15.1238
709658,富喬台新5C購01,2026-09-04,1.9,-0.09,-4.52,141000000,0,,是,,1.13,1.01,1.04,,28.1179,-0.5929,
709659,富喬台新5C購02,2026-09-04,1.6,-0.07,-4.19,142000000,0,紅縮,否,,1.78,1.46,1.42,,56.8662,31.6787,2.566
709665,中美晶元大5C購07,2026-09-04,1.64,0.1,6.49,95000000,0,綠縮,否,,1.67,1.76,2.19,,-9.5135,-8.5151,-5.2597
709669,家登元大5C購04,2026-09-04,0.45,-0.06,-11.76,50000000,0,紅轉綠,是,,0.52,0.48,0.59,,18.8073,-9.8299,-13.9296
709670,群聯元大5C購06,2026-09-04,0.35,-0.05,-12.5,100000000,0,紅縮,是,,0.44,0.45,0.58,,-5.5556,-8.2661,-22.3632
709672,群聯元大5C購08,2026-09-04,0.3,-0.02,-6.25,403000000,0,紅縮,否,,0.33,0.38,0.35,,-20.0957,6.5156,-14.6635
709673,群聯元大66購05,2026-09-04,0.57,-0.01,-1.72,20000000,0,紅縮,否,,0.6,0.58,0.56,,10.219,11.1969,-8.2449
709675,聖暉*元大5C購06,2026-09-04,0.16,0.0,0.0,90000000,0,綠縮,是,,0.25,0.45,0.79,,-62.8399,-42.7491,-20.0303
709679,家登群益5C購01,2026-09-04,0.88,-0.06,-6.38,80000000,0,,否,,0.86,0.97,1.19,,-20.2602,-23.3756,
709680,富喬群益5C購03,2026-09-04,1.59,-0.08,-4.79,133000000,0,,否,,1.78,1.41,,,71.869,8.3717,
709684,立端永豐64購01,2026-09-04,0.49,0.03,6.52,1000000,0,綠增,是,,0.51,0.56,0.59,,-16.0131,-7.2488,-4.7929
709685,威剛永豐6C購01,2026-09-04,0.92,0.0,0.0,40000000,0,紅轉綠,否,,0.99,1.0,0.99,,-0.8,3.75,-1.4449
709687,茂訊永豐5C購01,2026-09-04,0.45,0.03,7.14,100000000,0,綠縮,是,,0.49,0.55,0.63,,-19.0789,-10.859,-9.0711
709688,雅特力永豐61購01,2026-09-04,1.07,0.12,12.63,233000000,0,綠縮,否,,1.11,1.14,1.39,,-5.6122,-2.7234,-2.4219
709691,聰泰永豐61購01,2026-09-04,0.45,0.0,0.0,92000000,0,,是,,0.51,0.58,0.74,,-22.2561,-17.305,-18.4009
709693,立敦國票5C購02,2026-09-04,0.3,0.03,11.11,5000000,0,綠縮,是,,0.48,0.73,1.18,,-50.8197,-40.5714,-22.3576
709695,光焱國票61購01,2026-09-04,0.29,-0.03,-9.38,5000000,0,,否,,0.28,0.33,0.45,,-26.178,-24.0275,
709698,邑昇國票61購01,2026-09-04,0.49,-0.07,-12.5,133000000,0,,否,,0.53,0.45,,,47.5138,34.1317,
709700,建榮國票5C購01,2026-09-04,0.16,-0.01,-5.88,130000000,0,紅增,是,,0.19,0.2,0.29,,-8.5714,1.5152,-29.2593
709701,博士旺國票5C購01,2026-09-04,0.29,0.02,7.41,598000000,0,紅增,否,,0.28,0.27,0.27,,7.8125,-0.0,-17.7019
709705,雅特力國票61購01,2026-09-04,0.74,0.04,5.71,3000000,0,綠縮,否,,0.77,0.81,0.97,,-8.7264,-8.5682,-15.842
709706,雅特力國票61購02,2026-09-04,0.66,-0.01,-1.49,204000000,0,綠增,否,,0.71,0.73,0.87,,-5.5703,-3.2982,-7.0175
709709,臺慶科國票61購02,2026-09-04,0.26,0.04,18.18,10000000,0,綠增,否,,0.38,0.45,0.63,,-27.2031,-13.1021,-27.3933
709710,廣閎科國票61購01,2026-09-04,0.89,-0.06,-6.32,513000000,0,,是,,0.96,1.11,1.72,,-22.6324,-38.6452,-7.7399
709712,威剛國泰61購01,2026-09-04,0.7,-0.05,-6.67,270000000,0,,否,,0.79,0.86,1.01,,-14.4708,-5.708,
709717,雅特力台新5C購01,2026-09-04,0.95,0.04,4.4,32000000,0,綠縮,否,,1.11,1.19,1.69,,-12.4803,-20.972,-2.3424
709718,雅特力台新5C購02,2026-09-04,0.73,0.06,8.96,251000000,0,綠縮,否,,0.81,0.93,1.54,,-23.6295,-32.8294,-7.7638
709721,雙鴻台新5C購03,2026-09-04,1.98,-0.17,-7.91,27000000,0,,是,,1.71,1.33,,,82.1277,,
709723,中美晶元大5C購08,2026-09-04,1.74,-0.15,-7.94,13000000,0,,否,,2.05,2.12,,,-6.1243,-0.7022,
709724,中美晶元大5C購09,2026-09-04,1.2,-0.08,-6.25,41000000,0,綠縮,否,,1.25,1.31,1.53,,-7.7941,4.6437,-6.9301
709725,方土昶元大5C購01,2026-09-04,0.92,-0.09,-8.91,5000000,0,,是,,1.24,1.27,1.32,,-5.3517,7.4262,
709726,系統電元大5C購05,2026-09-04,0.14,0.0,0.0,295000000,0,,是,,0.35,0.68,,,-64.8111,-36.9202,
709730,富喬元大64購02,2026-09-04,1.34,-0.05,-3.6,310000000,0,紅縮,是,,1.45,1.03,0.91,,135.3896,65.28,9.3919
709731,順達元大5C購06,2026-09-04,1.4,0.08,6.06,122000000,0,紅增,否,,1.38,1.4,1.36,,-2.5424,10.9524,-12.9073
709732,鈊象元大5C購05,2026-09-04,1.07,-0.03,-2.73,41000000,0,綠增,否,,1.18,1.49,1.59,,-35.0276,-17.4226,-10.1327
709734,群聯元大5C購10,2026-09-04,0.34,-0.04,-10.53,150000000,0,,是,,0.41,0.45,0.69,,-17.4089,-27.1405,
709735,群聯元大5C購11,2026-09-04,0.33,-0.05,-13.16,4000000,0,紅縮,否,,0.39,0.37,0.44,,13.2948,0.545,-16.8411
709736,群聯元大66購06,2026-09-04,0.62,-0.01,-1.59,242000000,0,紅縮,否,,0.65,0.68,0.62,,-9.7493,11.6013,-3.2838
709738,精材元大64購01,2026-09-04,4.92,-0.23,-4.47,20000000,0,紅增,否,,4.33,3.9,3.7,,24.8272,13.8565,10.6002
709739,精材元大66購04,2026-09-04,4.35,0.39,9.85,1000000,0,綠轉紅,否,,3.59,3.25,3.54,,23.7078,-5.1432,6.4108
709740,順達凱基5C購03,2026-09-04,0.25,0.01,4.17,120000000,0,紅增,否,,0.25,0.27,0.29,,-11.3475,9.0164,-26.3359
709743,精材凱基61購05,2026-09-04,1.91,0.07,3.8,1000000,0,,否,,1.26,1.52,1.32,,-28.9089,1.265,
709745,宜鼎元大5C購05,2026-09-04,0.4,-0.03,-6.98,170000000,0,紅縮,否,,0.6,0.64,0.62,,-11.7647,3.5599,-15.0273
709746,宜鼎元大61購04,2026-09-04,0.37,-0.03,-7.5,5463000000,0,紅縮,是,,0.43,0.49,0.47,,-20.6642,-2.8,-8.5824
709747,廣閎科元大5C購01,2026-09-04,0.85,-0.08,-8.6,466000000,0,綠縮,是,,0.87,0.89,1.08,,-5.4348,-1.9715,-16.0666
709748,宜鼎群益5C購01,2026-09-04,0.27,0.0,0.0,727000000,0,紅縮,否,,0.34,0.41,0.4,,-30.5785,-3.9813,-12.3894
709749,宜鼎群益5C購02,2026-09-04,0.2,0.0,0.0,27000000,0,紅縮,否,,0.25,0.31,0.34,,-30.6011,-14.1274,-23.2662
709750,宜鼎群益5C購03,2026-09-04,0.21,-0.04,-16.0,64000000,0,紅縮,否,,0.28,0.35,0.36,,-33.3333,-8.6162,-22.0892
709751,方土昶國票61購01,2026-09-04,0.82,-0.01,-1.2,2000000,0,紅縮,是,,1.16,1.0,1.03,,37.6777,10.4626,-6.1327
709753,宜鼎國票61購01,2026-09-04,0.44,-0.03,-6.38,20000000,0,紅縮,否,,0.53,0.62,0.6,,-25.4902,-2.1978,-13.9669
709755,凱崴國票61購01,2026-09-04,0.45,0.01,2.27,200000000,0,紅縮,否,,0.48,0.47,0.43,,2.1277,20.5584,-17.5238
709758,萊德光國票61購02,2026-09-04,0.33,0.06,22.22,106000000,0,紅增,否,,0.29,0.34,0.41,,-23.1579,-10.8753,-21.7925
709759,萊德光國票61購03,2026-09-04,0.28,0.05,21.74,193000000,0,紅增,否,,0.24,0.25,0.27,,-3.9683,0.4065,-15.0155
709761,宜鼎國泰61購02,2026-09-04,0.55,-0.22,-28.57,1000000,0,紅縮,否,,0.9,0.91,0.87,,-1.5351,-1.6304,-6.8097
709762,宜鼎國泰61購03,2026-09-04,0.59,0.0,0.0,3000000,0,紅縮,否,,0.85,0.86,0.8,,-0.6977,10.4381,-14.3087
709763,宜鼎國泰61購04,2026-09-04,0.66,-0.17,-20.48,1000000,0,紅縮,否,,0.89,0.9,0.88,,-3.0568,8.5439,-15.5214
709764,台半富邦62購03,2026-09-04,0.48,-0.06,-11.11,111000000,0,,是,,0.53,0.59,0.85,,-17.3913,-35.7377,
709765,台半富邦63購01,2026-09-04,0.45,-0.02,-4.26,1000000,0,,否,,0.53,0.71,,,-41.0314,-26.0688,
709767,宜鼎富邦5C購04,2026-09-04,0.2,0.0,0.0,7000000,0,紅縮,否,,0.3,0.32,0.33,,-6.7485,0.639,-16.8944
709769,朋程富邦63購01,2026-09-04,0.36,-0.02,-5.26,233000000,0,綠縮,是,,0.38,0.39,0.51,,-4.9751,-10.2975,-19.1118
709771,家登富邦62購03,2026-09-04,0.58,-0.03,-4.92,24000000,0,,是,,0.58,0.61,0.68,,-8.8328,-14.1643,
709774,雙鴻富邦63購01,2026-09-04,1.11,0.17,18.09,10000000,0,紅增,是,,0.84,0.7,0.65,,50.1779,27.8182,4.0898
709776,威剛凱基5C購04,2026-09-04,0.51,0.0,0.0,70000000,0,綠增,否,,0.58,0.62,0.63,,-14.2857,-8.5044,-7.6419
709777,家登凱基5C購03,2026-09-04,0.58,0.01,1.75,9000000,0,,是,,0.59,0.48,0.66,,58.9189,-14.9201,-10.9449
709778,博智凱基5C購03,2026-09-04,0.29,-0.03,-9.38,20000000,0,,是,,0.26,0.5,,,-64.3052,-41.0651,
709779,富喬凱基5C購03,2026-09-04,1.19,0.0,0.0,5000000,0,紅縮,否,,1.14,0.94,0.66,,53.4946,86.7327,16.934
709781,群聯凱基61購05,2026-09-04,0.36,0.0,0.0,10000000,0,紅縮,否,,0.39,0.42,0.39,,-14.0351,8.1633,-7.109
709782,廣閎科凱基61購01,2026-09-04,0.55,0.02,3.77,1024000000,0,綠縮,是,,0.53,0.55,0.95,,-8.6806,-22.0651,-24.5328
709783,宜鼎台新5C購01,2026-09-04,0.44,0.0,0.0,95000000,0,紅縮,否,,0.54,0.65,0.62,,-28.1167,-1.3699,-11.8741
709784,宜鼎台新5C購02,2026-09-04,0.49,-0.01,-2.0,211000000,0,紅縮,否,,0.61,0.73,0.69,,-28.7059,-0.9524,-11.9184
709785,宜鼎台新5C購03,2026-09-04,0.38,-0.06,-13.64,160000000,0,紅縮,否,,0.53,0.6,0.56,,-19.8198,3.6269,-14.7504
709786,宜鼎中信5C購02,2026-09-04,0.12,-0.03,-20.0,70000000,0,紅縮,否,,0.16,0.19,0.19,,-27.5229,-7.3892,-21.4575
709788,宜鼎永豐65購01,2026-09-04,0.36,0.01,2.86,267000000,0,紅縮,否,,0.4,0.43,0.41,,-15.7447,1.1682,-6.5068
709789,宇峻國泰61購01,2026-09-04,1.11,-0.04,-3.48,100000000,0,,否,,1.2,1.42,1.73,,-26.7966,-20.4698,
709792,漢達國泰61購01,2026-09-04,3.98,0.63,18.81,1043000000,0,紅增,是,,2.83,2.55,2.66,,24.8677,-1.2393,-11.9563
709794,宜鼎凱基5C購03,2026-09-04,0.13,-0.01,-7.14,310000000,0,綠縮,是,,0.16,0.2,0.28,,-32.5,-18.2927,-30.7787
709796,宜鼎凱基5C購05,2026-09-04,0.22,-0.04,-15.38,600000000,0,紅縮,否,,0.29,0.34,0.32,,-22.7513,0.9036,-14.3631
709798,凱崴凱基61購01,2026-09-04,0.32,0.01,3.23,5000000,0,,是,,0.37,0.32,0.54,,39.5522,-29.1391,
709801,璟德凱基5C購01,2026-09-04,0.14,0.01,7.69,230000000,0,紅縮,否,,0.16,0.18,0.18,,-20.5882,4.5714,-19.9557
709802,立敦台新5C購02,2026-09-04,0.2,0.02,11.11,10000000,0,綠縮,否,,0.27,0.4,0.84,,-49.6241,-47.5754,-30.5785
709805,宜鼎台新61購01,2026-09-04,0.71,-0.02,-2.74,381000000,0,紅縮,是,,0.85,1.02,0.96,,-28.3784,-0.1965,-11.7324
709806,東浦台新5C購01,2026-09-04,0.44,-0.08,-15.38,200000000,0,綠增,是,,0.7,0.95,1.44,,-41.1765,-32.0144,-26.5082
709808,順達台新61購02,2026-09-04,1.47,0.02,1.38,10000000,0,綠縮,否,,1.64,1.53,2.04,,16.2659,-17.9281,-11.3957
709810,廣閎科台新5C購01,2026-09-04,1.62,0.0,0.0,3803000000,0,,是,,1.47,1.62,2.23,,-17.1364,-29.9049,
709811,富喬中信5C購03,2026-09-04,0.97,-0.09,-8.49,277000000,0,,否,,1.07,0.85,0.67,,70.607,59.5104,
709813,華容永豐61購01,2026-09-04,1.81,0.03,1.69,13000000,0,綠縮,是,,1.89,2.1,2.77,,-18.4642,-20.5438,-7.291
709816,宜鼎元大5C購06,2026-09-04,0.23,-0.05,-17.86,72000000,0,紅縮,否,,0.29,0.34,0.35,,-26.2887,-9.4086,-16.4862
709817,宜鼎元大5C購07,2026-09-04,0.39,-0.04,-9.3,5000000,0,紅縮,否,,0.46,0.53,0.51,,-22.2973,-0.5671,-9.0667
709818,宜鼎元大5C購08,2026-09-04,0.32,-0.07,-17.95,126000000,0,紅縮,否,,0.4,0.46,0.45,,-22.4806,-3.1712,-14.2171
709819,威剛元大5C購03,2026-09-04,1.19,-0.14,-10.53,30000000,0,綠增,否,,1.32,1.42,1.48,,-12.4339,-6.4644,-6.4669
709821,群聯元大5C購13,2026-09-04,0.66,-0.09,-12.0,10000000,0,紅縮,否,,0.8,0.79,0.89,,2.5641,-1.3733,-14.1069
709822,群聯元大5C購14,2026-09-04,0.75,0.0,0.0,2310000000,0,紅縮,是,,0.82,0.88,0.83,,-12.9787,5.3957,-8.1126
709824,廣閎科元大5C購02,2026-09-04,1.47,-0.09,-5.77,13000000,0,,是,,1.45,1.76,2.43,,-30.2505,-37.0489,
709825,雙鴻元大61購15,2026-09-04,1.22,0.31,34.07,65000000,0,紅增,否,,0.95,0.72,0.61,,88.4462,59.1209,15.1803
709827,加高國票61購02,2026-09-04,0.19,0.0,0.0,30000000,0,綠縮,是,,0.23,0.25,0.46,,-17.2662,-44.2982,-17.9533
709829,邑錡國票5C購01,2026-09-04,0.58,0.01,1.75,161000000,0,綠縮,否,,0.65,0.75,0.89,,-22.7488,-6.0302,-23.5598
709833,杰力國票61購01,2026-09-04,0.47,0.01,2.17,20000000,0,綠增,否,,0.59,0.59,0.72,,-1.0067,-2.7869,-15.3576
709835,長聖國票61購01,2026-09-04,0.64,0.0,0.0,2000000,0,綠縮,否,,0.67,0.67,0.75,,-0.8876,-3.3046,-8.6638
709839,能率亞國票61購01,2026-09-04,0.67,0.0,0.0,5000000,0,綠縮,否,,0.72,0.74,0.91,,-6.4935,-14.5642,-12.0757
709841,湧德國票5C購01,2026-09-04,0.39,0.01,2.63,4000000,0,,否,,0.38,0.4,,,-7.2464,-26.3838,
709843,華容國票61購02,2026-09-04,1.73,0.15,9.49,17000000,0,綠縮,否,,1.71,1.88,2.03,,-16.8288,-9.9474,-10.4125
709853,兆利富邦62購01,2026-09-04,0.23,0.02,9.52,1000000,0,,是,,0.22,0.2,0.23,,21.978,0.4975,-18.1979
709854,智通*富邦62購01,2026-09-04,0.71,0.04,5.97,1000000,0,紅增,否,,0.73,0.7,0.76,,9.6096,2.1962,-4.3506
709855,湧德富邦62購01,2026-09-04,0.43,0.01,2.38,5000000,0,紅縮,否,,0.43,0.41,0.39,,11.9171,10.5405,-4.0195
709856,閎康富邦62購02,2026-09-04,0.4,0.0,0.0,161000000,0,,是,,0.4,0.45,0.56,,-19.7581,-21.7163,
709858,廣閎科富邦5C購01,2026-09-04,0.49,-0.01,-2.0,918000000,0,,是,,0.47,0.51,0.88,,-14.9635,-51.4368,
709861,台嘉碩國票5C購02,2026-09-04,0.38,0.01,2.7,10000000,0,紅縮,否,,0.41,0.46,0.46,,-19.685,-1.5054,-17.8539
709862,永信建國票61購01,2026-09-04,0.58,0.02,3.57,65000000,0,,是,,0.58,0.62,0.71,,-10.7362,-14.6611,
709863,兆利國票61購01,2026-09-04,0.5,0.02,4.17,10000000,0,,否,,0.54,,,,,,
709868,緯軟國票61購01,2026-09-04,0.48,-0.01,-2.04,1000000,0,綠增,是,,0.53,0.62,0.74,,-24.8588,-18.4211,-12.3602
709869,華容群益5C購02,2026-09-04,2.06,0.1,5.1,124000000,0,,是,,2.09,2.32,3.12,,-17.8824,-12.7068,-1.6701
709870,廣閎科群益5C購01,2026-09-04,1.0,0.03,3.09,281000000,0,綠縮,是,,0.95,1.0,1.7,,-10.0569,-14.2245,-23.0315
709871,順達中信5C購01,2026-09-04,0.29,0.03,11.54,8000000,0,,是,,0.28,0.32,0.46,,-21.1111,-35.0806,-19.1228
709875,中美晶元大5C購10,2026-09-04,2.05,-0.12,-5.53,14000000,0,綠縮,否,,2.12,2.24,2.55,,-10.3885,3.4086,-8.6871
709877,良維元大5C購04,2026-09-04,0.37,0.06,19.35,497000000,0,,是,,0.41,0.68,0.88,,-57.3222,-32.4083,
709878,博智元大5C購03,2026-09-04,0.6,-0.07,-10.45,12000000,0,紅縮,是,,0.68,0.63,0.71,,16.4384,13.059,-18.3592
709879,華容元大5C購01,2026-09-04,2.65,0.18,7.29,5000000,0,綠縮,否,,2.77,3.05,3.14,,-16.4458,-9.1262,-13.6095
709885,泓格凱基5C購01,2026-09-04,0.3,-0.03,-9.09,80000000,0,綠縮,是,,0.33,0.47,0.63,,-46.2783,-28.1392,-11.2915
709890,華容凱基61購01,2026-09-04,1.02,0.09,9.68,36000000,0,綠縮,否,,1.03,1.16,1.3,,-19.4704,-12.0637,-10.5935
709893,廣閎科凱基5C購01,2026-09-04,0.56,-0.03,-5.08,857000000,0,綠縮,是,,0.57,0.58,0.65,,-2.7397,0.1739,-28.3361
709894,雙鴻凱基5C購09,2026-09-04,1.52,0.49,47.57,25000000,0,,否,,1.11,0.77,,,153.6697,24.9595,
709895,騰雲凱基61購01,2026-09-04,0.42,-0.02,-4.55,200000000,0,,是,,0.42,0.42,,,-0.4717,,
709896,中美晶統一66購02,2026-09-04,0.87,0.07,8.75,175000000,0,綠縮,否,,0.85,0.88,0.97,,-5.7395,7.3171,-16.09
709902,宜鼎統一64購01,2026-09-04,0.31,-0.02,-6.06,110000000,0,紅縮,否,,0.35,0.38,0.36,,-15.534,2.7027,-11.2346
709905,宜鼎統一64購04,2026-09-04,0.22,0.0,0.0,810000000,0,紅縮,是,,0.26,0.28,0.28,,-13.245,6.015,-12.6935
709906,宜鼎統一66購03,2026-09-04,0.35,-0.02,-5.41,530000000,0,紅縮,否,,0.41,0.45,0.41,,-17.8138,4.8951,-6.2147
709908,威剛統一6A購01,2026-09-04,0.74,0.0,0.0,11000000,0,,否,,0.77,0.75,,,5.4945,,
709909,建榮統一66購01,2026-09-04,0.32,-0.03,-8.57,25000000,0,紅縮,是,,0.35,0.32,0.34,,25.5319,10.0346,-13.5443
709914,富喬統一64購02,2026-09-04,0.81,-0.1,-10.99,212000000,0,,否,,0.87,0.77,,,32.1212,8.1921,
709915,富喬統一64購03,2026-09-04,0.78,-0.03,-3.7,235000000,0,,否,,0.83,0.71,0.7,,38.4615,14.2628,
709916,富喬統一66購01,2026-09-04,1.05,-0.01,-0.94,944000000,0,,否,,1.12,0.93,,,50.9434,19.0537,
709918,精材統一66購01,2026-09-04,1.9,0.23,13.77,123000000,0,紅增,否,,1.66,1.36,1.35,,56.6855,32.3301,1.847
709919,精材統一6C購01,2026-09-04,1.4,0.1,7.69,20000000,0,綠轉紅,是,,1.2,1.14,1.18,,10.9259,-3.3107,4.8867
709920,臺慶科統一64購02,2026-09-04,0.23,0.03,15.0,10000000,0,,是,,0.27,0.25,0.49,,20.7207,-46.2719,
709921,臺慶科統一66購02,2026-09-04,0.21,0.01,5.0,80000000,0,紅增,是,,0.21,0.24,0.27,,-18.4615,0.4255,-30.4291
709922,臺慶科統一66購03,2026-09-04,0.23,0.03,15.0,10000000,0,,否,,0.25,0.32,0.5,,-35.7143,-37.4757,
709924,廣閎科統一66購01,2026-09-04,0.57,0.0,0.0,162000000,0,,是,,0.59,0.58,,,2.7972,,
709925,廣運統一66購01,2026-09-04,0.33,-0.04,-10.81,3000000,0,,是,,0.36,0.35,,,5.814,-20.8054,
709928,雙鴻統一64購01,2026-09-04,0.9,0.16,21.62,7000000,0,,是,,0.75,0.59,,,72.0183,18.3633,
709929,雙鴻統一65購02,2026-09-04,1.3,0.21,19.27,7000000,0,,是,,1.07,0.83,0.7,,81.6327,53.6178,
709931,金益鼎國泰61購01,2026-09-04,0.73,-0.05,-6.41,129000000,0,紅縮,是,,0.8,0.86,0.87,,-12.6915,-1.2687,-7.524
709932,立敦台新5C購03,2026-09-04,0.11,0.01,10.0,10000000,0,綠轉紅,否,,0.11,0.16,0.34,,-43.4343,-39.2157,-42.0521
709934,威剛台新5C購02,2026-09-04,1.59,-0.14,-8.09,40000000,0,紅轉綠,是,,1.83,1.95,1.9,,-11.6795,-4.0334,-6.1884
709936,威剛台新61購01,2026-09-04,1.15,-0.03,-2.54,50000000,0,紅轉綠,否,,1.35,1.39,1.35,,-5.4545,0.5058,-5.0388
709937,威剛台新62購01,2026-09-04,2.0,-0.01,-0.5,260000000,0,綠增,否,,2.2,2.39,2.37,,-14.8722,-5.0457,-6.2983
709939,威剛台新66購01,2026-09-04,1.13,0.01,0.89,15000000,0,紅縮,否,,1.21,1.27,1.22,,-9.4311,1.9215,-3.2923
709941,凱崴台新5C購01,2026-09-04,0.29,-0.02,-6.45,184000000,0,紅縮,否,,0.35,0.35,0.33,,-2.2599,10.7595,-21.1085
709942,華容台新5C購03,2026-09-04,2.3,0.15,6.98,4000000,0,綠縮,是,,2.35,2.67,2.98,,-21.4047,-11.5015,-16.8804
709952,寶雅國票61購01,2026-09-04,1.49,0.03,2.05,1000000,0,綠增,否,,1.71,1.98,1.73,,-23.5031,10.5823,0.8455
709954,中美晶凱基5C購03,2026-09-04,1.17,0.12,11.43,3000000,0,綠縮,是,,1.14,1.17,1.54,,-5.4726,-8.1441,-7.188
709956,良維凱基5C購04,2026-09-04,0.4,0.06,17.65,30000000,0,,否,,0.57,0.75,,,-37.6906,,
709957,朋程凱基5C購01,2026-09-04,0.4,-0.04,-9.09,44000000,0,綠縮,是,,0.44,0.49,0.77,,-17.6692,-30.6152,-20.8205
709958,博智凱基5C購04,2026-09-04,0.5,-0.02,-3.85,96000000,0,,否,,0.53,0.44,,,49.4318,-17.636,
709961,緯軟凱基5C購01,2026-09-04,0.38,0.0,0.0,13000000,0,,是,,0.42,0.48,0.56,,-21.0526,-17.2174,
709966,家登統一6A購01,2026-09-04,0.55,-0.03,-5.17,104000000,0,,否,,0.55,0.58,,,-12.5,,
709967,富喬統一66購02,2026-09-04,0.94,-0.03,-3.09,501000000,0,,否,,1.0,0.89,0.87,,29.0488,12.3581,
709971,群聯國泰61購03,2026-09-04,1.24,-0.05,-3.88,14000000,0,紅縮,否,,1.41,1.52,1.36,,-13.7423,12.7786,-6.8376
709972,富喬台新5C購04,2026-09-04,3.31,-0.16,-4.61,3000000,0,紅縮,是,,3.25,2.69,2.2,,52.6761,59.9881,4.7529
709973,世界富邦61購02,2026-09-04,0.38,0.0,0.0,55000000,0,綠縮,是,,0.41,0.47,0.55,,-22.8137,-14.652,-17.197
709974,立碁富邦5C購01,2026-09-04,1.16,-0.11,-8.66,394000000,0,,是,,1.28,1.04,0.87,,61.461,27.0502,
709975,良維富邦61購03,2026-09-04,0.38,0.05,15.15,191000000,0,,是,,0.32,0.62,,,-64.3956,-31.5965,
709977,宜鼎元大5C購09,2026-09-04,0.5,0.0,0.0,50000000,0,紅縮,否,,0.63,0.67,0.63,,-10.5413,3.9062,-8.1991
709978,順達元大5C購08,2026-09-04,0.97,0.07,7.78,184000000,0,,是,,0.95,1.14,1.44,,-27.6176,-28.0101,-12.7234
709979,臺慶科元大5C購03,2026-09-04,0.35,0.05,16.67,56000000,0,,否,,0.64,0.68,1.12,,-10.6443,-26.2814,-28.8076
709980,雙鴻元大5C購06,2026-09-04,1.38,0.29,26.61,50000000,0,紅增,是,,1.12,0.85,0.67,,95.122,57.4349,16.0069
709982,漢達永豐61購01,2026-09-04,1.79,0.18,11.18,165000000,0,,是,,1.37,1.41,1.49,,-4.5833,-1.1938,
709987,伯特光國票61購01,2026-09-04,0.36,0.03,9.09,254000000,0,紅增,是,,0.34,0.34,0.37,,-0.5882,4.6296,-16.308
709989,昇佳電國票61購01,2026-09-04,0.46,-0.01,-2.13,19000000,0,綠縮,是,,0.49,0.54,0.79,,-18.7291,-27.9255,-17.8182
709990,朋億*國票61購02,2026-09-04,0.37,0.0,0.0,35000000,0,,是,,0.58,0.86,,,-49.1259,-28.5004,
709994,新普國票61購01,2026-09-04,0.53,-0.01,-1.85,85000000,0,紅縮,是,,0.58,0.62,0.66,,-11.8182,-1.1147,-15.1379
709998,中美晶群益5C購03,2026-09-04,0.96,0.0,0.0,286000000,0,綠縮,是,,0.97,1.02,1.46,,-8.6629,-10.5634,-13.2187
709999,順達群益5C購02,2026-09-04,0.99,-0.11,-10.0,20000000,0,綠轉紅,否,,1.01,1.06,1.29,,-8.0,-8.8083,-12.4703
710000,精材群益5C購02,2026-09-04,6.2,0.85,15.89,18000000,0,紅增,否,,5.34,4.02,4.01,,98.2925,52.197,3.1475
710003,宜鼎國泰61購06,2026-09-04,0.61,-0.12,-16.44,2000000,0,,是,,0.77,0.89,1.04,,-23.0,-5.4487,-19.2068
710007,台半凱基61購03,2026-09-04,0.4,0.0,0.0,70000000,0,紅增,是,,0.41,0.4,0.41,,3.5714,12.0787,-32.7376
710014,中美晶統一64購02,2026-09-04,0.88,0.09,11.39,1000000,0,綠縮,否,,0.9,0.93,1.1,,-6.6253,2.7503,-15.5086
710015,朋億*統一63購01,2026-09-04,0.26,0.0,0.0,10000000,0,,否,,0.28,0.39,,,-44.664,-37.0192,
710016,朋億*統一68購01,2026-09-04,0.44,-0.02,-4.35,2000000,0,,否,,0.46,0.53,,,-23.3333,,
710018,建榮統一63購01,2026-09-04,0.33,-0.02,-5.71,50000000,0,紅縮,是,,0.36,0.36,0.33,,4.023,23.6934,-19.4915
710019,凱崴統一63購01,2026-09-04,0.25,-0.02,-7.41,5000000,0,紅縮,否,,0.28,0.27,0.28,,9.3023,11.1111,-15.7337
710022,富喬統一63購01,2026-09-04,1.13,0.0,0.0,388000000,0,紅縮,是,,1.21,1.02,0.8,,45.1923,63.4615,8.0
710023,富喬統一65購03,2026-09-04,1.03,-0.01,-0.96,2633000000,0,,否,,1.09,0.95,0.86,,36.0697,34.8011,
710024,富喬統一6C購02,2026-09-04,0.78,0.01,1.3,10000000,0,,否,,0.75,0.63,,,46.6926,8.1911,
710027,雙鴻統一63購02,2026-09-04,1.4,0.28,25.0,94000000,0,紅增,是,,1.11,0.85,0.67,,90.7534,62.3327,20.1252
710029,佳邦富邦5C購01,2026-09-04,0.23,0.04,21.05,5000000,0,,否,,0.38,0.53,,,-43.9528,,
710031,富喬富邦63購01,2026-09-04,0.8,-0.02,-2.44,645000000,0,,否,,0.86,0.74,0.73,,38.835,16.2205,
710037,廣閎科台新5C購02,2026-09-04,1.23,-0.09,-6.82,122000000,0,,否,,1.28,1.36,,,-11.0028,-16.7485,
710040,華景電永豐63購01,2026-09-04,0.41,-0.02,-4.65,5000000,0,,否,,0.43,0.59,,,-43.6508,,
710052,高鋒國票61購01,2026-09-04,0.61,-0.02,-3.17,65000000,0,,否,,0.58,0.54,0.57,,18.6992,9.1278,
710053,博士旺國票5C購02,2026-09-04,0.65,0.0,0.0,499000000,0,,是,,0.59,0.66,,,-19.3989,-21.5896,
710058,廣運國票61購01,2026-09-04,0.49,-0.08,-14.04,26000000,0,,是,,0.59,0.61,,,-6.6879,-32.2545,
710059,營邦國票5C購01,2026-09-04,1.59,0.1,6.71,261000000,0,,是,,1.42,,,,,,
710060,營邦國票5C購02,2026-09-04,1.69,0.1,6.29,25000000,0,紅增,否,,1.51,1.26,1.07,,52.008,34.2246,7.6769
710061,鴻呈國票61購01,2026-09-04,0.63,-0.05,-7.35,12000000,0,,否,,0.69,0.67,,,5.8642,7.4074,
710063,威剛凱基5C購06,2026-09-04,0.34,0.01,3.03,19000000,0,,是,,0.46,0.5,,,-14.0741,,
710067,廣閎科凱基5C購02,2026-09-04,0.35,-0.02,-5.41,183000000,0,紅增,否,,0.35,0.39,0.52,,-19.5349,-17.7966,-35.8246
710068,營邦凱基5C購01,2026-09-04,1.15,0.07,6.48,2000000,0,紅增,否,,1.01,0.82,0.68,,61.3419,47.9204,15.1771
710069,營邦凱基5C購02,2026-09-04,1.11,0.09,8.82,234000000,0,紅增,否,,0.97,0.79,0.67,,62.5418,36.7596,5.9382
710070,營邦凱基5C購03,2026-09-04,0.93,0.03,3.33,811000000,0,,否,,0.83,0.65,,,77.2532,39.5248,
710071,中美晶群益5C購04,2026-09-04,0.81,0.05,6.58,43000000,0,綠縮,否,,0.82,0.89,1.15,,-14.3451,1.5927,-28.0685
710073,營邦群益5C購01,2026-09-04,1.71,-0.03,-1.72,405000000,0,,是,,1.53,1.23,1.04,,62.3404,36.2431,
710074,營邦群益5C購02,2026-09-04,1.6,0.1,6.67,978000000,0,紅增,否,,1.42,1.12,0.99,,73.1051,37.5616,9.6452
710076,世界元大63購04,2026-09-04,0.57,0.0,0.0,132000000,0,綠縮,是,,0.59,0.66,0.69,,-18.4066,-4.2029,-12.5
710079,廣閎科元大5C購03,2026-09-04,0.46,-0.03,-6.12,984000000,0,紅增,是,,0.46,0.47,0.54,,-5.3279,-4.6185,-27.4484
710080,營邦元大5C購01,2026-09-04,1.9,-0.18,-8.65,19000000,0,紅增,否,,1.75,1.43,1.22,,56.912,36.156,10.4336
710081,凱崴國泰61購01,2026-09-04,0.49,-0.01,-2.0,19000000,0,,是,,0.54,0.7,,,-37.296,-25.7447,
710083,營邦國泰61購01,2026-09-04,2.76,0.21,8.24,102000000,0,紅增,否,,2.41,1.88,1.68,,78.4024,34.0456,11.078
710084,營邦富邦62購01,2026-09-04,0.77,-0.02,-2.53,130000000,0,紅增,否,,0.71,0.59,0.56,,50.211,26.7094,-0.976
710085,營邦富邦63購01,2026-09-04,0.64,0.03,4.92,32000000,0,,否,,0.55,0.48,0.57,,35.2941,-7.6923,
710086,中美晶統一66購03,2026-09-04,0.59,0.05,9.26,43000000,0,綠縮,否,,0.57,0.6,0.67,,-8.3067,5.2632,-18.5006
710087,台特化統一6C購02,2026-09-04,0.57,0.01,1.79,9000000,0,,否,,0.57,,,,,,
710091,威剛統一65購05,2026-09-04,0.53,-0.07,-11.67,1000000,0,,否,,0.58,0.61,0.62,,-7.8864,0.3295,
710093,華景電統一64購03,2026-09-04,0.29,-0.04,-12.12,300000000,0,,是,,0.36,0.51,,,-46.3855,,
710097,營邦統一66購01,2026-09-04,1.02,-0.03,-2.86,207000000,0,紅增,否,,0.93,0.78,0.68,,46.8553,31.4908,9.6931
710098,營邦統一66購02,2026-09-04,1.05,-0.01,-0.94,15000000,0,,是,,0.95,0.85,,,27.6139,9.9741,
710099,營邦統一66購03,2026-09-04,0.76,-0.04,-5.0,127000000,0,,否,,0.72,0.59,,,58.5903,,
710100,營邦統一6C購01,2026-09-04,0.85,0.01,1.19,161000000,0,,是,,0.79,0.7,,,27.8317,14.658,
710101,中美晶台新5C購02,2026-09-04,0.87,-0.08,-8.42,283000000,0,綠縮,是,,0.9,1.03,1.67,,-22.8916,-47.6868,-4.513
710102,中美晶台新5C購03,2026-09-04,4.05,0.38,10.35,2000000,0,綠縮,否,,4.05,4.39,5.58,,-14.6414,2.3532,-27.3
710109,廣閎科台新5C購03,2026-09-04,0.89,-0.11,-11.0,323000000,0,,否,,0.94,1.22,1.99,,-37.0321,-39.2928,
710112,中美晶凱基61購05,2026-09-04,0.52,-0.01,-1.89,28000000,0,,否,,0.56,0.58,0.9,,-6.0,-34.3856,-7.1134
710114,宜鼎凱基5C購07,2026-09-04,0.18,-0.03,-14.29,2000000,0,,是,,0.24,0.28,0.35,,-24.6835,-14.2415,-22.9399
710119,朋億*元大5C購01,2026-09-04,0.31,-0.04,-11.43,40000000,0,,是,,0.37,0.43,0.55,,-25.7028,-16.2162,
710132,中美晶永豐5C購02,2026-09-04,1.09,-0.06,-5.22,44000000,0,綠縮,是,,1.12,1.1,1.62,,4.0741,-32.4755,-4.5106
710133,中美晶永豐5C購03,2026-09-04,0.94,-0.02,-2.08,27000000,0,,否,,1.01,1.35,1.36,,-40.8235,-18.982,
710135,亞通永豐64購01,2026-09-04,1.0,0.05,5.26,543000000,0,,是,,0.96,0.89,0.87,,16.7476,12.1859,
710138,中美晶富邦5C購01,2026-09-04,0.68,-0.02,-2.86,8000000,0,綠縮,否,,0.7,0.75,0.99,,-12.5,-4.0921,-21.2952
710139,順達富邦62購02,2026-09-04,0.41,-0.04,-8.89,3000000,0,紅增,是,,0.41,0.42,0.5,,-3.271,-4.5351,-10.9026
710140,聖暉*富邦5C購03,2026-09-04,0.11,-0.01,-8.33,70000000,0,綠縮,否,,0.16,0.27,0.52,,-56.4516,-51.1883,-34.5283
710141,中美晶中信5C購01,2026-09-04,0.37,0.0,0.0,340000000,0,綠縮,是,,0.39,0.42,0.51,,-15.7205,3.1785,-25.3807
710143,富喬凱基5C購05,2026-09-04,0.96,0.01,1.05,281000000,0,,是,,1.05,0.85,,,62.2291,,
710146,中美晶台新5C購04,2026-09-04,0.73,0.08,12.31,1000000,0,綠縮,否,,0.73,0.81,1.06,,-17.0068,1.8939,-28.4848
710148,均豪台新5C購01,2026-09-04,1.58,-0.03,-1.86,124000000,0,,否,,1.6,1.6,,,-0.2497,,
710149,均豪台新5C購02,2026-09-04,1.12,-0.08,-6.67,2000000,0,,否,,1.18,1.12,,,10.5263,-19.6557,
710150,均豪台新5C購03,2026-09-04,0.85,-0.04,-4.49,14000000,0,,否,,0.83,0.86,,,-6.7416,-20.5176,
710153,廣閎科台新5C購04,2026-09-04,0.78,-0.01,-1.27,624000000,0,,是,,0.76,0.87,,,-21.9262,-19.6858,
710154,台半元大5C購07,2026-09-04,0.47,-0.11,-18.97,9000000,0,,是,,0.57,0.68,,,-28.8945,,
710156,威剛元大5C購05,2026-09-04,1.25,0.02,1.63,97000000,0,綠增,是,,1.36,1.46,1.48,,-12.0,-7.1383,-7.3598
710158,台半國泰61購01,2026-09-04,0.79,-0.05,-5.95,186000000,0,,是,,0.81,0.81,,,1.2438,-37.5772,
710160,順達國泰61購01,2026-09-04,0.9,0.05,5.88,70000000,0,,是,,0.92,1.04,,,-20.38,-21.8633,
710165,鈊象富邦62購02,2026-09-04,0.63,-0.02,-3.08,7000000,0,,是,,0.65,0.73,0.75,,-19.6517,-6.932,-6.9883
710168,宜鼎永豐63購01,2026-09-04,0.5,0.0,0.0,120000000,0,紅縮,否,,0.59,0.63,0.59,,-11.4114,5.0167,-8.2942
710169,精確永豐61購01,2026-09-04,0.36,-0.07,-16.28,88000000,0,,是,,0.34,0.36,,,-9.0909,-37.2583,
710171,廣閎科國票61購04,2026-09-04,0.46,0.01,2.22,23000000,0,,是,,0.51,,,,,,
710181,廣閎科凱基5C購04,2026-09-04,0.25,-0.01,-3.85,100000000,0,,是,,0.28,0.29,0.5,,-6.0811,-26.5985,-25.4288
710182,大中台新5C購01,2026-09-04,0.45,0.05,12.5,106000000,0,紅增,是,,0.54,0.62,0.74,,-23.796,-5.9002,-37.1876
710187,廣閎科台新61購01,2026-09-04,0.61,-0.09,-12.86,72000000,0,,否,,0.63,0.6,,,7.931,-28.4698,
710188,中美晶元大5C購11,2026-09-04,0.74,0.07,10.45,181000000,0,,是,,0.76,1.04,1.62,,-41.7683,-38.9412,-8.0989
710191,威剛元大5C購06,2026-09-04,0.86,-0.06,-6.52,10000000,0,綠增,是,,0.99,1.13,1.27,,-22.292,-15.3328,-12.7485
710192,群聯中信64購01,2026-09-04,0.24,-0.02,-7.69,1488000000,0,,否,,0.26,0.28,0.25,,-11.4865,11.1554,-19.5827
710194,雙鴻中信66購02,2026-09-04,1.08,0.2,22.73,12000000,0,,否,,0.89,0.75,,,47.8405,27.0869,
710198,信紘科永豐64購01,2026-09-04,0.32,0.1,45.45,2000000,0,,否,,0.47,0.56,,,-28.8754,-18.5239,
710199,家登永豐64購01,2026-09-04,1.08,-0.02,-1.82,30000000,0,,是,,1.07,0.98,1.0,,22.0455,16.4482,
710202,鴻呈永豐61購01,2026-09-04,0.93,-0.05,-5.1,15000000,0,,否,,0.98,0.93,0.78,,13.3641,24.6299,9.9291
710204,世紀*國票61購01,2026-09-04,4.26,0.17,4.16,200000000,0,紅縮,否,,4.63,3.49,2.08,,96.8537,139.2735,75.2216
710205,亞泰國票61購01,2026-09-04,0.46,0.03,6.98,14000000,0,,否,,0.46,,,,,,
710209,崧騰國票61購01,2026-09-04,0.41,-0.02,-4.65,76000000,0,,是,,0.44,0.47,0.53,,-12.6984,-8.1712,
710211,博盛國票61購01,2026-09-04,0.35,0.01,2.94,2000000,0,,否,,0.32,0.44,,,-44.0141,-41.0904,
710214,漢達國票61購01,2026-09-04,0.96,0.15,18.52,215000000,0,,是,,0.7,0.75,,,-12.0907,-21.8029,
710216,廣閎科國票61購05,2026-09-04,0.33,-0.06,-15.38,190000000,0,,否,,0.39,0.45,,,-23.622,,
710218,能率亞國泰61購01,2026-09-04,1.19,-0.03,-2.46,22000000,0,,是,,1.27,1.37,1.57,,-13.587,-11.0823,
710220,廣閎科國泰61購02,2026-09-04,0.68,0.0,0.0,12000000,0,,否,,0.66,0.71,0.79,,-13.1579,0.9957,
710222,立碁富邦5C購02,2026-09-04,1.59,-0.17,-9.66,31000000,0,,否,,1.77,1.5,,,43.5275,48.4221,
710223,智通*富邦62購02,2026-09-04,0.78,0.0,0.0,3000000,0,綠轉紅,是,,0.78,0.79,0.86,,-1.5113,-2.5958,-6.4026
710235,雙鴻群益62購02,2026-09-04,5.5,0.88,19.05,2000000,0,紅增,是,,4.16,3.35,2.74,,63.8298,45.9459,9.6832
710236,威剛中信66購01,2026-09-04,0.4,0.0,0.0,10000000,0,,是,,0.46,0.49,,,-11.1111,,
710237,富喬中信66購01,2026-09-04,0.63,-0.04,-5.97,609000000,0,,是,,0.68,0.59,,,36.9478,11.5312,
710245,漢達永豐64購01,2026-09-04,1.17,0.14,13.59,74000000,0,,,,,,,,,,
710246,台半元大5C購09,2026-09-04,0.33,-0.01,-2.94,1912000000,0,,是,,0.39,0.48,,,-32.1799,,
710253,家登元大5C購05,2026-09-04,1.1,-0.01,-0.9,3000000,0,紅增,是,,1.09,0.98,0.98,,23.1293,6.2635,-5.6758
710254,家登元大66購01,2026-09-04,1.03,-0.03,-2.83,18000000,0,,是,,1.07,0.95,1.02,,31.2958,4.415,-2.6228
710257,台半國票61購05,2026-09-04,0.16,0.0,0.0,7000000,0,紅增,是,,0.17,0.18,0.19,,-14.1414,6.9767,-35.906
710258,青雲國票5C購01,2026-09-04,0.37,-0.02,-5.13,62000000,0,紅縮,是,,0.39,0.47,0.49,,-30.3249,-9.0909,-15.3912
710259,大中台新61購01,2026-09-04,0.54,0.07,14.89,215000000,0,綠轉紅,否,,0.58,0.66,0.82,,-21.0383,-5.3468,-38.3283
710260,台半台新5C購05,2026-09-04,0.14,0.0,0.0,2000000,0,,,,,,,,,,
710262,漢達台新5C購01,2026-09-04,2.08,0.5,31.65,105000000,0,,是,,1.39,1.4,,,-1.9774,,
710263,臺慶科台新5C購03,2026-09-04,0.15,0.01,7.14,105000000,0,紅增,否,,0.16,0.2,0.23,,-34.1667,-11.1607,-33.8594
710265,台半凱基5C購05,2026-09-04,0.17,0.0,0.0,107000000,0,紅增,是,,0.18,0.18,0.25,,-4.3011,0.5525,-40.7229
710266,朋程凱基5C購03,2026-09-04,0.06,-0.01,-14.29,1000000,0,,否,,0.08,0.09,0.17,,-22.0,-36.4286,
710267,富喬凱基63購01,2026-09-04,0.59,-0.02,-3.28,920000000,0,,是,,0.65,0.53,,,60.2941,33.0827,
710269,漢達凱基5C購01,2026-09-04,0.9,0.11,13.92,235000000,0,紅增,是,,0.66,0.68,0.74,,-7.6056,-2.149,-13.6867
710270,精材凱基63購01,2026-09-04,1.17,0.19,19.39,18000000,0,,是,,0.98,0.88,0.88,,27.1318,-5.3821,
710271,世界國泰61購01,2026-09-04,0.62,0.03,5.08,10000000,0,,是,,0.67,0.74,0.89,,-17.5743,-14.0023,-24.3861
710272,穩得國泰61購01,2026-09-04,1.3,-0.08,-5.8,4000000,0,紅縮,否,,1.43,1.41,1.19,,3.0303,24.6236,-5.8708
710274,台半富邦63購03,2026-09-04,0.26,0.0,0.0,10000000,0,,否,,0.26,0.27,,,-8.5106,-43.2773,
710276,FH中5G群益5C購01,2026-09-04,0.13,-0.01,-7.14,50000000,0,紅增,否,,0.15,0.19,0.28,,-31.5315,-18.3406,-33.5315
710288,世界元大5C購08,2026-09-04,0.25,0.01,4.17,787000000,0,綠縮,是,,0.28,0.32,0.44,,-23.0769,-25.6351,-23.7317
710289,朋程元大5C購03,2026-09-04,0.19,0.0,0.0,2282000000,0,,是,,0.21,0.25,0.41,,-26.2069,-32.8,
710295,世界國票61購02,2026-09-04,0.36,-0.01,-2.7,5000000,0,,否,,0.43,0.56,,,-36.7347,-29.5597,
710296,立碁國票61購01,2026-09-04,1.72,-0.22,-11.34,1000000,0,,否,,1.86,1.64,,,30.5204,,
710301,晶宏國票61購01,2026-09-04,1.38,0.09,6.98,1034000000,0,,是,,1.12,0.89,0.84,,70.948,34.2424,
710302,漢達國票63購01,2026-09-04,1.0,0.23,29.87,81000000,0,,是,,0.88,0.77,0.75,,31.5315,18.9815,0.534
710303,寶雅國票61購02,2026-09-04,1.08,0.03,2.86,29000000,0,,否,,1.29,1.47,1.37,,-21.8712,8.6731,
710304,大中凱基5C購01,2026-09-04,0.14,0.06,75.0,1000000,0,,否,,0.1,0.14,0.24,,-47.3118,-37.7193,-38.5604
710306,中光電凱基5C購02,2026-09-04,0.34,-0.06,-15.0,36000000,0,,是,,0.52,0.71,,,-43.0464,-26.4736,
710310,青雲凱基5C購01,2026-09-04,0.31,0.01,3.33,68000000,0,,是,,0.4,0.4,0.43,,-0.5,-3.1553,-16.3583
710311,威剛凱基61購02,2026-09-04,0.44,-0.01,-2.22,14000000,0,,否,,0.53,0.55,,,-7.6389,-2.1201,
710313,家登凱基5C購04,2026-09-04,0.32,0.01,3.23,3000000,0,,,,,,,,,,
710314,家登凱基5C購05,2026-09-04,0.23,-0.04,-14.81,998000000,0,,是,,,,,,,,
710317,台嘉碩國泰61購01,2026-09-04,1.42,0.07,5.19,1000000,0,,否,,1.5,1.42,1.78,,12.2388,-6.3241,-16.2506
710319,朋程國泰61購01,2026-09-04,0.72,-0.06,-7.69,37000000,0,,是,,0.77,0.81,1.06,,-9.6244,-6.8886,
710321,博盛國泰61購01,2026-09-04,0.66,0.02,3.12,62000000,0,,否,,0.63,0.61,,,6.7568,-6.422,
710324,信紘科永豐5C購01,2026-09-04,0.23,0.08,53.33,7000000,0,,否,,0.55,,,,,,
710331,中光電台新5C購01,2026-09-04,0.54,-0.1,-15.62,3000000,0,,否,,0.95,0.94,1.15,,2.1505,-8.2031,
710332,中光電台新5C購02,2026-09-04,0.45,-0.09,-16.67,89000000,0,,是,,0.88,0.83,1.12,,13.6247,-10.8369,
710333,亞信台新5C購01,2026-09-04,0.65,-0.01,-1.52,1000000,0,,否,,0.8,,,,,,
710335,精材台新61購02,2026-09-04,3.12,0.04,1.3,10000000,0,,否,,2.07,1.85,2.26,,27.0833,-21.7813,
710339,宜鼎元大5C購15,2026-09-04,0.6,-0.04,-6.25,1417000000,0,紅轉綠,是,,0.71,0.81,0.77,,-20.8426,1.2531,-8.5068
710340,富喬元大65購01,2026-09-04,1.4,0.0,0.0,466000000,0,紅縮,是,,1.46,1.27,0.97,,35.436,58.625,10.3624
710341,漢達元大5C購01,2026-09-04,0.71,0.11,18.33,4409000000,0,,是,,0.49,0.49,0.59,,-2.8,-6.4516,
710342,精材元大5C購05,2026-09-04,3.07,0.36,13.28,7000000,0,紅增,是,,2.64,2.18,2.26,,52.8935,15.8537,8.1877
710345,朋程永豐5C購03,2026-09-04,0.35,-0.02,-5.41,70000000,0,,否,,0.49,0.82,,,-56.993,,
710350,漢達永豐5C購01,2026-09-04,0.78,0.15,23.81,119000000,0,,是,,0.56,0.65,,,-23.0137,,
710351,雙鴻永豐63購03,2026-09-04,1.65,0.29,21.32,1000000,0,,是,,1.37,1.08,,,73.3503,49.169,
710352,寶雅永豐5C購01,2026-09-04,1.08,0.03,2.86,38000000,0,,是,,1.44,1.29,1.28,,26.362,7.8727,
710354,精材中信64購01,2026-09-04,0.98,0.08,8.89,35000000,0,紅增,是,,0.87,0.72,0.73,,53.3569,25.7895,0.7571
710356,元山國票61購01,2026-09-04,0.49,0.06,13.95,18000000,0,,是,,0.45,0.46,,,-2.1739,-12.5,
710364,智擎國票61購01,2026-09-04,0.5,0.0,0.0,3000000,0,綠縮,是,,0.53,0.58,0.66,,-14.1935,-12.9909,-7.794
710366,漢達國票65購01,2026-09-04,0.98,0.24,32.43,934000000,0,,是,,0.69,0.58,0.66,,46.6102,0.0,-6.8182
710369,富喬國泰61購01,2026-09-04,1.29,-0.03,-2.27,312000000,0,,是,,1.38,1.18,0.92,,42.1811,53.2552,9.4869
710370,漢達國泰61購02,2026-09-04,1.91,0.33,20.89,115000000,0,,是,,1.44,1.39,,,6.6865,-21.6338,
710372,宜鼎凱基5C購08,2026-09-04,0.33,-0.11,-25.0,10000000,0,,否,,0.53,0.6,0.75,,-20.8333,-14.1227,
710373,群聯凱基5C購10,2026-09-04,0.44,-0.03,-6.38,32000000,0,,是,,0.5,0.55,0.53,,-17.1617,8.4149,-18.779
710375,精材凱基5C購05,2026-09-04,2.08,0.4,23.81,1000000,0,,是,,1.7,1.22,1.44,,130.0,10.8992,7.3617
710382,青雲台新5C購01,2026-09-04,0.34,-0.08,-19.05,62000000,0,,是,,0.36,0.44,0.43,,-30.888,-5.6034,-12.4236
710383,能率亞台新5C購01,2026-09-04,0.43,-0.01,-2.27,80000000,0,,是,,0.53,0.67,,,-34.2432,,
710386,富喬元大65購02,2026-09-04,1.31,-0.08,-5.76,108000000,0,,是,,1.4,1.2,1.03,,38.1423,43.1116,
710388,精材元大5C購07,2026-09-04,2.29,0.32,16.24,4000000,0,,是,,1.97,1.76,1.84,,26.6753,-6.6844,
710391,精材元大63購04,2026-09-04,2.44,0.26,11.93,73000000,0,紅增,是,,1.98,1.79,1.76,,25.0946,11.4232,8.2566
710395,世禾永豐5C購01,2026-09-04,0.74,0.09,13.85,10000000,0,,否,,0.74,0.71,1.04,,9.1176,-22.885,
710398,安勤永豐63購01,2026-09-04,0.62,0.05,8.77,78000000,0,,是,,0.78,0.87,,,-18.4486,-15.4297,
710399,均豪永豐5C購03,2026-09-04,1.56,-0.06,-3.7,34000000,0,,是,,1.58,1.42,1.56,,25.8373,6.2266,
710400,均豪永豐5C購04,2026-09-04,1.62,-0.06,-3.57,90000000,0,,否,,1.64,1.52,,,16.3585,16.5517,
710401,宏觀永豐5C購02,2026-09-04,0.41,-0.01,-2.38,70000000,0,,否,,0.46,,,,,,
710409,聖暉*永豐5C購04,2026-09-04,0.12,0.0,0.0,35000000,0,,否,,0.25,0.48,,,-65.0838,-39.1688,
710412,精材永豐63購02,2026-09-04,3.79,0.47,14.16,12000000,0,,否,,2.97,3.03,,,-3.9457,,
710414,雙鴻永豐5C購05,2026-09-04,2.18,0.48,28.24,37000000,0,,是,,1.72,1.33,,,82.3779,69.2112,
710417,巨有國票5C購02,2026-09-04,0.41,0.0,0.0,80000000,0,,否,,0.48,0.78,,,-54.9348,,
710418,宇峻國票61購01,2026-09-04,0.45,-0.01,-2.17,200000000,0,,是,,0.49,0.56,,,-20.5788,,
710420,青雲國票5C購02,2026-09-04,0.25,-0.03,-10.71,3000000,0,紅縮,否,,0.29,0.31,0.32,,-11.7284,-7.0122,-10.6294
710429,精材國泰61購01,2026-09-04,4.06,0.61,17.68,5000000,0,,否,,3.1,2.63,2.85,,42.9889,-1.936,
710431,精材富邦5C購01,2026-09-04,1.38,0.15,12.2,25000000,0,紅增,是,,1.18,0.89,0.91,,96.0133,52.3077,-0.2182
710432,安勤凱基62購01,2026-09-04,0.39,0.04,11.43,1000000,0,,否,,0.49,0.55,,,-18.6047,-23.4222,
710434,宜鼎凱基5C購09,2026-09-04,0.53,-0.05,-8.62,6000000,0,紅轉綠,是,,0.64,0.72,0.68,,-21.0918,-0.1385,-11.6158
710435,能率凱基62購01,2026-09-04,0.45,-0.02,-4.26,10000000,0,,否,,0.51,0.52,,,-2.6616,-14.4975,
710436,富喬凱基63購02,2026-09-04,1.16,-0.13,-10.08,770000000,0,,是,,1.3,1.04,,,64.0506,28.9246,
710438,群聯凱基5C購11,2026-09-04,0.46,-0.04,-8.0,1498000000,0,,是,,0.78,0.78,0.95,,0.2584,-6.2878,
710439,群聯凱基5C購12,2026-09-04,0.48,-0.03,-5.88,13000000,0,,否,,0.65,0.7,0.82,,-14.3236,1.1561,
710441,中美晶元大5C購12,2026-09-04,1.69,0.1,6.29,2000000,0,,否,,1.82,1.83,,,-0.8724,-20.0525,
710443,宜鼎元大5C購17,2026-09-04,0.94,-0.01,-1.05,240000000,0,紅轉綠,是,,1.06,1.17,1.1,,-17.5739,2.8947,-5.925
710445,富喬元大5C購04,2026-09-04,1.04,-0.03,-2.8,3286000000,0,,是,,1.12,0.93,,,50.6739,34.1991,
710446,智通*元大5C購01,2026-09-04,0.93,0.05,5.68,1663000000,0,,是,,0.93,0.95,1.05,,-3.5124,3.482,-9.425
710447,智通*元大5C購02,2026-09-04,0.68,-0.01,-1.45,1175000000,0,綠增,是,,0.73,0.75,0.85,,-6.4267,1.4825,-10.1542
710448,智通*元大63購01,2026-09-04,0.75,0.03,4.17,6000000,0,紅增,是,,0.76,0.76,0.76,,0.7979,17.0543,-9.362
710451,磐儀國票64購01,2026-09-04,0.48,0.02,4.35,30000000,0,,是,,0.55,0.63,0.66,,-21.6524,-10.5714,
710455,崴寶國票64購01,2026-09-04,1.08,0.02,1.89,32000000,0,,否,,,,,,,,
710463,中光電永豐5C購01,2026-09-04,0.59,-0.1,-14.49,1000000,0,,否,,0.93,1.03,,,-18.1979,-23.7778,
710473,達航富邦62購01,2026-09-04,0.39,-0.02,-4.88,11000000,0,,否,,0.4,0.37,,,16.9591,,
710475,營邦富邦63購03,2026-09-04,1.08,0.08,8.0,260000000,0,,是,,0.96,0.81,0.72,,43.1138,25.8915,
710480,巨有元大61購01,2026-09-04,0.29,0.01,3.57,1912000000,0,,是,,0.32,0.32,0.35,,1.2579,-0.9288,-26.8499
710481,宜鼎元大61購05,2026-09-04,0.8,-0.1,-11.11,15000000,0,紅轉綠,是,,0.96,1.07,1.01,,-18.0887,0.566,-6.2876
710482,富喬元大61購06,2026-09-04,1.16,-0.07,-5.69,1215000000,0,,是,,1.27,1.0,0.81,,71.5447,65.894,
710483,富喬元大62購01,2026-09-04,1.08,-0.04,-3.57,828000000,0,,是,,1.17,0.99,,,45.0249,30.4636,
710484,富喬元大62購02,2026-09-04,1.18,-0.04,-3.28,500000000,0,,是,,1.29,1.04,,,62.7848,42.7785,
710485,臺慶科元大61購01,2026-09-04,0.5,0.05,11.11,215000000,0,紅增,是,,0.53,0.62,0.65,,-25.0,-2.6563,-23.8656
710486,千附精台新61購01,2026-09-04,1.33,0.09,7.26,116000000,0,,是,,1.34,1.2,1.2,,25.8004,18.4783,
710488,竹陞台新61購01,2026-09-04,1.13,0.19,20.21,1000000,0,,否,,1.05,0.93,1.14,,30.198,-16.8157,
710489,譜瑞台新61購01,2026-09-04,1.16,-0.14,-10.77,15000000,0,,否,,1.28,1.39,1.75,,-15.4967,-17.4763,
710491,千附精凱基61購01,2026-09-04,1.2,0.06,5.26,50000000,0,,是,,1.19,1.07,0.95,,25.4202,38.8098,
710492,千附精凱基61購02,2026-09-04,1.03,0.11,11.96,98000000,0,,是,,1.0,0.94,1.01,,13.6364,26.8556,
710499,世紀*凱基61購01,2026-09-04,7.15,0.3,4.38,5000000,0,,是,,7.87,4.68,,,428.8978,272.8287,
710500,竹陞凱基61購01,2026-09-04,0.98,0.13,15.29,949000000,0,紅增,是,,0.9,0.83,0.93,,19.0981,12.8415,-7.8063
710502,譜瑞凱基61購02,2026-09-04,0.76,0.03,4.11,33000000,0,綠縮,是,,0.79,0.83,0.93,,-8.1019,-8.8009,-13.7373
710506,千附精群益61購01,2026-09-04,1.21,0.06,5.22,63000000,0,紅縮,否,,1.21,1.13,0.95,,16.092,39.604,-10.452
710508,91APP*國票62購01,2026-09-04,0.51,0.01,2.0,20000000,0,,否,,0.5,0.52,,,-8.4871,,
710509,千附精國票62購01,2026-09-04,0.96,0.08,9.09,23000000,0,,是,,0.84,0.77,0.92,,21.3256,12.2807,
710510,世紀*國票62購01,2026-09-04,3.35,0.05,1.52,14000000,0,,是,,3.9,3.12,1.87,,66.4109,119.4522,
710511,竹陞國票62購01,2026-09-04,0.69,0.05,7.81,1190000000,0,,是,,0.67,0.71,0.81,,-10.2151,-13.1611,
710515,威剛國票62購02,2026-09-04,0.64,-0.03,-4.48,5000000,0,,否,,0.81,0.8,,,3.2995,,
710516,建榮國票61購01,2026-09-04,0.35,-0.03,-7.89,3000000,0,,否,,0.39,0.35,,,26.6234,-8.6387,
710520,博士旺國票61購01,2026-09-04,0.81,0.03,3.85,719000000,0,,是,,0.8,0.65,,,58.7302,11.453,
710526,大江永豐61購01,2026-09-04,0.72,-0.03,-4.0,11000000,0,,否,,0.81,0.89,,,-17.0782,-1.8764,
710531,威剛永豐61購05,2026-09-04,0.7,0.0,0.0,9000000,0,,否,,0.78,0.83,0.85,,-11.3895,-3.7209,
710532,鈊象永豐65購01,2026-09-04,0.79,0.01,1.28,20000000,0,,是,,0.82,0.95,0.98,,-25.1376,-12.0037,
710534,新普永豐61購01,2026-09-04,1.24,-0.05,-3.88,273000000,0,,是,,1.33,1.44,1.41,,-13.8243,3.8933,-13.6433
710535,譜瑞永豐61購01,2026-09-04,0.49,0.02,4.26,29000000,0,,否,,0.53,0.61,0.79,,-22.2874,-21.9072,
710542,久元國泰62購01,2026-09-04,0.82,-0.03,-3.53,50000000,0,,否,,0.86,,,,,,
710546,竹陞國泰62購01,2026-09-04,1.94,0.23,13.45,127000000,0,,是,,1.79,1.67,1.83,,15.6129,9.0731,-5.5484
710547,青雲國泰62購01,2026-09-04,0.53,-0.02,-3.64,31000000,0,,否,,0.59,0.61,0.62,,-5.7692,-2.7287,
710549,智通*國泰62購01,2026-09-04,1.25,0.07,5.93,128000000,0,,是,,1.23,1.19,1.41,,8.2456,-5.7188,
710550,元太富邦64購01,2026-09-04,0.2,-0.01,-4.76,5000000,0,,否,,0.25,0.36,,,-45.7265,-29.3542,
710551,安勤富邦62購01,2026-09-04,0.43,0.04,10.26,252000000,0,,是,,0.45,0.51,0.62,,-21.2014,-17.3203,-12.844
710552,譜瑞富邦63購01,2026-09-04,0.47,-0.03,-6.0,10000000,0,,否,,0.5,0.53,0.61,,-10.1083,-9.622,
710553,譜瑞富邦64購01,2026-09-04,0.52,0.0,0.0,494000000,0,,否,,0.54,0.59,0.64,,-15.9875,-9.1331,-13.2839
710556,竹陞永豐61購01,2026-09-04,1.35,0.04,3.05,1000000,0,,否,,1.34,1.23,,,19.8925,-15.4959,
710558,竹陞永豐65購01,2026-09-04,1.0,0.03,3.09,50000000,0,,否,,0.97,0.91,0.95,,13.1148,13.325,
710559,均豪永豐64購01,2026-09-04,0.94,0.02,2.17,169000000,0,,是,,0.92,0.89,,,5.7604,6.1831,
710560,宏捷科永豐61購01,2026-09-04,0.47,0.0,0.0,15000000,0,,否,,0.57,0.56,0.62,,2.1505,-0.177,
710562,宜鼎永豐64購02,2026-09-04,0.68,-0.06,-8.11,62000000,0,,否,,0.76,0.83,0.78,,-15.1111,4.2607,
710567,富喬永豐61購03,2026-09-04,0.6,-0.04,-6.25,407000000,0,,否,,0.67,,,,,,
710568,富喬永豐66購02,2026-09-04,0.98,-0.03,-2.97,241000000,0,,否,,1.05,,,,,,
710573,雙鴻永豐61購05,2026-09-04,2.29,0.53,30.11,38000000,0,,否,,1.79,1.39,,,81.5789,,
710574,雙鴻永豐66購02,2026-09-04,2.14,0.37,20.9,1000000,0,,否,,1.79,1.42,,,68.4906,,
710576,中光電元大61購01,2026-09-04,0.95,0.02,2.15,1014000000,0,,是,,1.3,1.31,,,-1.2121,-16.962,
710577,中光電元大61購02,2026-09-04,1.05,-0.1,-8.7,1227000000,0,,是,,1.45,1.44,,,2.1127,0.9852,
710578,中光電元大61購03,2026-09-04,1.09,-0.39,-26.35,121000000,0,,是,,1.57,1.49,,,10.1266,-6.1558,
710581,均豪元大61購01,2026-09-04,0.47,0.01,2.17,184000000,0,,是,,0.47,0.45,,,9.9057,-2.4123,
710583,佳邦元大61購01,2026-09-04,0.19,0.02,11.76,1000000,0,,否,,0.22,0.35,,,-53.719,,
710586,富喬元大64購03,2026-09-04,0.73,-0.03,-3.95,1050000000,0,,是,,0.79,0.66,,,49.6212,24.5747,
710587,富喬元大65購03,2026-09-04,0.85,-0.03,-3.41,459000000,0,,是,,0.91,0.78,,,39.1437,35.0604,
710589,臺慶科元大61購02,2026-09-04,0.39,0.04,11.43,57000000,0,,是,,0.43,0.51,0.52,,-27.551,-0.5882,-24.2469
710590,中美晶群益64購01,2026-09-04,0.68,0.03,4.62,5000000,0,綠縮,否,,0.68,0.7,0.82,,-7.377,5.6972,-21.61
710591,竹陞群益61購01,2026-09-04,0.58,-0.01,-1.69,3000000,0,,否,,0.59,0.59,0.75,,-1.0033,-22.0183,
710592,均豪群益61購01,2026-09-04,1.37,0.02,1.48,651000000,0,,是,,1.32,1.11,,,47.651,10.3689,
710593,佳邦群益61購01,2026-09-04,0.64,0.07,12.28,84000000,0,,否,,0.66,0.7,,,-10.8696,-19.8157,
710594,宜特群益61購01,2026-09-04,1.15,-0.18,-13.53,28000000,0,,否,,1.34,1.47,,,-16.4589,-17.3498,
710595,青雲群益62購01,2026-09-04,1.74,-0.06,-3.33,48000000,0,,否,,1.86,1.98,2.0,,-11.7031,0.8151,-8.3352
710597,中美晶國泰63購01,2026-09-04,1.36,0.01,0.74,183000000,0,,是,,1.36,1.41,1.95,,-6.4472,-20.0567,
710599,凡甲富邦63購02,2026-09-04,0.5,0.0,0.0,4000000,0,,否,,0.5,0.54,0.63,,-13.6986,-13.3758,
710600,中光電富邦63購01,2026-09-04,0.48,-0.05,-9.43,14000000,0,,否,,0.72,0.65,0.79,,25.0871,-7.3171,
710601,宏觀富邦63購01,2026-09-04,0.32,0.01,3.23,362000000,0,,是,,0.34,0.36,,,-8.0214,,
710603,耕興富邦63購01,2026-09-04,0.53,-0.04,-7.02,10000000,0,,否,,0.58,0.62,0.67,,-9.8765,-7.2289,
710604,湧德富邦63購01,2026-09-04,0.68,0.02,3.03,360000000,0,,否,,0.67,0.64,0.62,,10.4918,8.6294,-5.4878
710605,中光電凱基61購02,2026-09-04,0.35,-0.04,-10.26,15000000,0,,否,,0.59,0.68,,,-22.5131,-23.1293,
710606,巨有凱基61購01,2026-09-04,0.15,-0.01,-6.25,8000000,0,,否,,0.18,0.19,0.29,,-2.1277,-3.125,
710608,富喬凱基61購04,2026-09-04,0.79,-0.37,-31.9,54000000,0,,是,,0.96,0.78,,,57.7558,,
710609,臺慶科凱基61購02,2026-09-04,0.13,0.02,18.18,17000000,0,,否,,0.16,0.17,,,-11.828,-20.0913,
710611,中美晶台新61購02,2026-09-04,1.47,-0.08,-5.16,4000000,0,,否,,1.51,1.51,,,1.0681,,
710613,宜鼎台新61購03,2026-09-04,0.66,0.0,0.0,50000000,0,,否,,0.91,0.97,0.88,,-11.0895,10.5923,
710620,中光電元大61購04,2026-09-04,0.69,0.03,4.55,544000000,0,,是,,0.91,0.93,,,-4.2105,-9.445,
710623,竹陞元大61購01,2026-09-04,0.78,0.06,8.33,9000000,0,,否,,0.76,0.72,,,11.1765,-10.362,
710624,宜鼎元大61購06,2026-09-04,0.72,-0.03,-4.0,3644000000,0,,是,,0.84,0.93,0.89,,-18.6408,0.7551,-9.3973
710626,品安元大61購01,2026-09-04,0.24,0.0,0.0,10000000,0,,是,,0.3,0.39,,,-37.1308,-24.165,
710628,晟田元大61購01,2026-09-04,1.72,-0.28,-14.0,31000000,0,,是,,2.32,2.65,3.08,,-21.7655,-13.7875,
710630,富喬元大61購08,2026-09-04,0.85,-0.1,-10.53,1430000000,0,,是,,0.95,,,,,,
710631,富喬元大64購04,2026-09-04,0.72,-0.03,-4.0,265000000,0,,否,,0.77,0.63,,,56.6802,,
710632,碩禾元大61購03,2026-09-04,0.16,0.0,0.0,50000000,0,,否,,0.21,0.29,,,-44.1489,-37.9237,
710634,臺慶科元大67購01,2026-09-04,0.58,0.05,9.43,607000000,0,,是,,0.63,0.56,0.62,,26.7206,5.8601,
710635,寶雅元大61購01,2026-09-04,1.6,0.01,0.63,1000000,0,,否,,2.16,2.01,,,16.2716,,
710636,川寶國票65購01,2026-09-04,0.49,0.01,2.08,1000000,0,,否,,0.51,0.44,,,42.2222,9.8237,
710638,中裕國票65購01,2026-09-04,0.62,-0.01,-1.59,66000000,0,,是,,0.64,0.66,0.67,,-7.2886,5.2548,
710640,安可國票61購01,2026-09-04,0.25,0.0,0.0,170000000,0,,是,,0.34,,,,,,
710641,金雨國票65購01,2026-09-04,0.17,-0.01,-5.56,96000000,0,,是,,0.19,0.21,,,-17.5439,-42.5414,
710643,威潤國票65購01,2026-09-04,0.36,0.0,0.0,200000000,0,,否,,0.36,0.39,0.51,,-12.9808,-17.9325,
710646,晟田國票61購01,2026-09-04,1.24,-0.13,-9.49,20000000,0,,是,,1.55,1.61,1.82,,-7.2879,-12.6692,
710647,崇越電國票65購01,2026-09-04,0.7,0.03,4.48,1000000000,0,,是,,0.7,0.67,,,11.3924,,
710649,瑞耘國票65購01,2026-09-04,0.81,-0.04,-4.71,1357000000,0,,是,,0.8,0.73,,,21.6463,,
710654,中美晶群益63購01,2026-09-04,0.73,-0.01,-1.35,40000000,0,,否,,0.76,0.81,1.17,,-11.2412,-18.3384,
710655,世紀*群益62購01,2026-09-04,8.9,1.15,14.84,1000000,0,,否,,6.11,,,,,,
710659,宜鼎群益61購01,2026-09-04,0.71,-0.08,-10.13,2000000,0,,否,,0.91,0.99,0.93,,-14.4195,5.4255,
710664,晶宏群益61購01,2026-09-04,1.65,0.04,2.48,1121000000,0,,是,,1.41,,,,,,
710667,川寶凱基61購01,2026-09-04,0.52,0.04,8.33,60000000,0,,是,,0.56,0.52,0.46,,14.8148,23.6967,-14.2056
710668,中美晶凱基61購06,2026-09-04,0.86,0.09,11.69,1000000,0,,是,,0.86,0.9,1.59,,-6.8966,-34.1176,
710673,台嘉碩凱基61購01,2026-09-04,0.25,0.01,4.17,70000000,0,,是,,0.27,0.28,,,-7.4324,,
710676,邑錡凱基61購01,2026-09-04,0.36,0.0,0.0,240000000,0,,是,,0.41,0.54,0.76,,-38.5542,-20.7101,
710677,奇鈦科凱基61購01,2026-09-04,0.27,-0.03,-10.0,23000000,0,,否,,0.33,0.39,,,-25.4464,-21.8,
710682,高僑凱基61購01,2026-09-04,0.28,-0.01,-3.45,50000000,0,,否,,0.34,0.4,,,-23.2143,-43.1851,
710683,崇越電凱基61購01,2026-09-04,0.86,0.04,4.88,50000000,0,,否,,0.87,0.89,,,-4.3956,,
710685,晶宏凱基61購01,2026-09-04,1.73,0.07,4.22,357000000,0,,是,,1.35,1.02,,,93.3908,,
710688,碩禾凱基61購01,2026-09-04,0.18,0.0,0.0,90000000,0,,是,,0.21,0.25,0.36,,-30.8725,-25.6637,-34.1486
710692,中美晶台新63購02,2026-09-04,0.69,-0.05,-6.76,1000000,0,,否,,0.74,0.76,1.13,,-4.8843,-26.8081,
710694,台嘉碩台新61購01,2026-09-04,0.48,0.06,14.29,388000000,0,,是,,0.47,0.5,,,-11.4068,,
710698,全宇昕台新61購01,2026-09-04,0.7,-0.06,-7.89,479000000,0,,是,,0.75,0.71,0.6,,11.6766,26.025,-5.8824
710705,九暘永豐61購01,2026-09-04,0.25,0.0,0.0,242000000,0,,是,,0.32,0.32,,,3.871,-20.403,
710710,巨漢永豐61購01,2026-09-04,0.42,0.01,2.44,250000000,0,,否,,0.65,0.86,,,-39.5176,,
710715,奇鈦科永豐61購01,2026-09-04,0.23,-0.02,-8.0,328000000,0,,是,,0.29,0.34,0.39,,-28.0,-2.2727,-23.7585
710716,奇鈦科永豐61購02,2026-09-04,0.26,-0.04,-13.33,40000000,0,,否,,0.33,0.38,0.48,,-24.7706,-13.1818,
710721,泰藝永豐61購01,2026-09-04,0.24,-0.01,-4.0,100000000,0,,是,,,,,,,,
710723,崇越電永豐61購01,2026-09-04,0.84,0.0,0.0,5000000,0,,否,,0.85,0.84,,,1.4354,21.6763,
710724,崇越電永豐61購02,2026-09-04,0.85,0.04,4.94,60000000,0,,否,,0.91,,,,,,
710726,堡達永豐64購01,2026-09-04,0.56,-0.03,-5.08,2000000,0,,否,,0.54,,,,,,
710727,晶宏永豐61購01,2026-09-04,1.93,0.11,6.04,489000000,0,,是,,1.6,1.23,,,84.9537,,
710728,華洋永豐61購01,2026-09-04,0.42,-0.03,-6.67,277000000,0,,是,,0.42,0.41,,,7.6531,-18.6,
710732,精星永豐61購01,2026-09-04,0.52,-0.07,-11.86,1000000,0,,否,,0.67,0.72,,,-13.5065,,
710737,均豪富邦61購02,2026-09-04,0.31,-0.02,-6.06,316000000,0,,否,,0.35,0.33,,,11.6129,,
710743,青雲國票61購01,2026-09-04,0.97,-0.07,-6.73,85000000,0,,是,,1.08,1.07,1.16,,3.0418,-4.8976,
710744,盈正國票65購01,2026-09-04,0.41,0.0,0.0,139000000,0,,是,,0.41,0.42,,,-3.7736,-4.1475,
710749,華洋國票65購01,2026-09-04,0.53,-0.01,-1.85,110000000,0,,否,,0.49,0.47,,,8.9286,,
710751,頎邦國票65購01,2026-09-04,0.68,-0.1,-12.82,2841000000,0,,是,,0.69,0.62,,,23.2143,-6.994,
710753,擎邦國票61購01,2026-09-04,0.54,-0.03,-5.26,262000000,0,,是,,0.52,0.51,,,5.2846,-4.8964,
710754,耀穎國票65購01,2026-09-04,0.51,0.11,27.5,21000000,0,,否,,0.35,0.33,0.35,,12.7389,4.7022,-13.076
710758,佳邦元大61購02,2026-09-04,0.29,0.01,3.57,5000000,0,,否,,0.41,0.51,,,-34.4051,,
710766,竹陞凱基61購02,2026-09-04,0.41,0.04,10.81,247000000,0,,否,,0.39,0.43,,,-16.6667,-30.6947,
710767,宜特凱基61購03,2026-09-04,0.13,-0.03,-18.75,80000000,0,,否,,,,,,,,
710770,富喬凱基61購05,2026-09-04,0.98,-0.07,-6.67,37000000,0,,否,,1.09,0.87,,,68.0,,
710778,宜鼎永豐66購01,2026-09-04,0.93,-0.01,-1.06,150000000,0,,否,,1.11,1.16,1.07,,-7.3211,7.6208,
710783,閎康永豐61購02,2026-09-04,0.48,0.02,4.35,1000000,0,,否,,0.62,,,,,,
710784,新漢永豐61購01,2026-09-04,0.83,0.06,7.79,200000000,0,,是,,0.91,0.97,,,-11.284,,
710785,頎邦永豐61購02,2026-09-04,0.46,-0.1,-17.86,218000000,0,,是,,0.44,0.41,0.52,,18.2796,10.0271,
710786,頎邦永豐64購01,2026-09-04,0.86,-0.06,-6.52,182000000,0,,是,,0.85,0.77,0.87,,25.5882,1.1873,
710788,寶雅永豐61購01,2026-09-04,0.72,0.02,2.86,3000000,0,,否,,0.8,0.98,,,-31.6781,-7.5259,
710791,立碁台新61購01,2026-09-04,1.75,-0.36,-17.06,20000000,0,,是,,2.04,1.73,,,43.7412,44.1764,
710792,竹陞台新61購02,2026-09-04,0.83,0.05,6.41,1000000,0,,否,,1.04,1.19,,,-21.5361,,
710794,晟田台新61購01,2026-09-04,0.93,-0.11,-10.58,32000000,0,,是,,1.08,1.23,1.31,,-21.8208,-2.9898,-4.7273
710795,新漢台新61購01,2026-09-04,0.6,0.02,3.45,4000000,0,,否,,0.62,0.68,,,-16.0326,,
710796,新漢台新64購01,2026-09-04,0.84,0.06,7.69,15000000,0,,否,,0.88,,,,,,
710797,群聯台新61購02,2026-09-04,1.57,-0.05,-3.09,45000000,0,,否,,1.82,1.88,1.73,,-6.0825,13.7931,
710798,中美晶富邦61購02,2026-09-04,0.44,0.04,10.0,1000000,0,,否,,0.46,0.49,0.78,,-12.6437,-26.6867,
710800,陽程富邦61購01,2026-09-04,2.0,-0.75,-27.27,37000000,0,,否,,2.43,2.03,1.29,,49.0172,92.6806,
710801,頎邦富邦63購01,2026-09-04,0.47,-0.08,-14.55,110000000,0,,否,,0.45,0.42,0.44,,13.0653,14.5946,
710802,頎邦富邦64購01,2026-09-04,0.49,-0.06,-10.91,29000000,0,,否,,0.47,0.41,0.5,,34.6591,-2.1327,
710805,中美晶群益61購01,2026-09-04,2.1,-0.05,-2.33,7000000,0,,否,,2.13,2.24,2.85,,-9.4468,3.1797,-25.0329
710808,均豪群益61購02,2026-09-04,1.71,-0.05,-2.84,171000000,0,,是,,1.66,1.62,1.6,,6.258,8.3893,
710809,良維群益61購03,2026-09-04,1.54,0.39,33.91,144000000,0,,否,,1.3,1.15,,,29.8,-17.6344,
710811,威剛群益61購04,2026-09-04,0.83,-0.02,-2.35,10000000,0,,否,,0.9,0.96,0.95,,-11.2426,-1.4418,
710815,鈊象群益64購01,2026-09-04,0.23,0.01,4.55,4000000,0,,否,,0.23,,,,,,
710816,群聯群益67購02,2026-09-04,1.63,0.01,0.62,28000000,0,,否,,1.73,1.79,1.62,,-6.5733,12.2577,-5.7625
710817,頎邦群益61購01,2026-09-04,0.55,-0.11,-16.67,151000000,0,,是,,0.57,0.49,0.49,,34.1232,33.5135,-18.3946
710818,頎邦群益61購02,2026-09-04,0.45,-0.06,-11.76,100000000,0,,否,,0.38,0.36,,,10.4046,-41.573,
710822,良維凱基61購02,2026-09-04,1.49,0.32,27.35,68000000,0,,是,,1.24,1.0,,,65.4255,-0.2,
710823,昇佳電凱基61購01,2026-09-04,0.41,-0.01,-2.38,10000000,0,,是,,0.6,0.89,,,-48.8055,,
710826,頎邦凱基61購01,2026-09-04,0.24,-0.05,-17.24,1895000000,0,,是,,0.25,0.3,,,-26.1628,,
710829,朋程台新61購01,2026-09-04,0.4,-0.03,-6.98,42000000,0,,否,,0.44,0.49,,,-20.073,,
710831,朋程台新63購01,2026-09-04,1.43,-0.08,-5.3,1000000,0,,否,,,,,,,,
710832,朋程台新64購01,2026-09-04,0.69,-0.06,-8.0,13000000,0,,否,,0.79,,,,,,
710833,博大台新61購01,2026-09-04,0.63,-0.07,-10.0,30000000,0,,是,,0.67,0.73,,,-14.5408,-14.0662,
710834,群聯台新61購03,2026-09-04,1.0,-0.14,-12.28,26000000,0,,否,,1.15,,,,,,
710835,群聯台新67購01,2026-09-04,0.67,0.0,0.0,2000000,0,,否,,,,,,,,
710837,頎邦台新61購01,2026-09-04,0.67,-0.1,-12.99,1123000000,0,,是,,0.68,0.58,0.57,,41.4226,40.0485,-16.8605
710838,頎邦台新61購02,2026-09-04,0.56,-0.09,-13.85,4733000000,0,,是,,0.58,0.49,0.54,,42.1569,29.3194,
710839,驊訊台新61購01,2026-09-04,0.37,-0.01,-2.63,135000000,0,,是,,0.43,0.44,,,-1.81,,
710842,中美晶永豐65購02,2026-09-04,1.03,-0.02,-1.9,61000000,0,,否,,1.03,1.06,1.41,,-6.0109,-14.595,
710843,世紀*永豐61購01,2026-09-04,3.27,0.09,2.83,27000000,0,,是,,3.6,2.67,,,107.4885,,
710847,榮剛永豐61購01,2026-09-04,0.77,-0.05,-6.1,22000000,0,,否,,0.83,0.88,0.94,,-10.7527,-2.2222,
710852,友威科國票65購01,2026-09-04,0.47,0.01,2.17,99000000,0,,否,,0.45,0.43,0.42,,7.7295,9.6939,-6.9383
710855,邑錡國票61購01,2026-09-04,0.29,0.0,0.0,84000000,0,,是,,0.32,0.35,0.49,,-14.8936,-19.6305,
710856,邑錡國票63購01,2026-09-04,0.45,0.01,2.27,40000000,0,,是,,0.5,0.55,,,-18.0921,-19.5051,
710859,昇佳電國票65購01,2026-09-04,0.33,-0.01,-2.94,3000000,0,,否,,0.35,0.37,,,-11.1675,-27.767,
710868,博大國票65購01,2026-09-04,0.55,0.01,1.85,6000000,0,,否,,0.55,0.63,,,-22.4432,,
710869,普萊德國票65購01,2026-09-04,0.54,-0.01,-1.82,1015000000,0,,否,,0.53,,,,,,
710870,晶宏國票65購01,2026-09-04,1.42,0.08,5.97,203000000,0,,否,,,,,,,,
710873,碩禾國票65購01,2026-09-04,0.21,-0.01,-4.55,20000000,0,,是,,0.26,0.29,,,-21.4724,,
710876,竹陞國泰63購01,2026-09-04,0.9,0.09,11.11,33000000,0,,否,,0.84,0.89,,,-9.4421,-12.253,
710879,精材國泰62購01,2026-09-04,3.36,0.47,16.26,1000000,0,,否,,2.57,2.39,,,16.6969,,
710888,精材群益64購01,2026-09-04,1.42,0.02,1.43,1000000,0,,否,,1.27,1.01,,,69.6,36.8065,
710893,中美晶元大64購01,2026-09-04,1.29,-0.02,-1.53,50000000,0,,否,,1.31,1.35,1.54,,-4.9275,-0.1484,
710894,中美晶元大66購04,2026-09-04,1.16,0.01,0.87,181000000,0,,否,,1.17,1.2,1.38,,-5.1864,-4.9802,
710896,均豪元大61購02,2026-09-04,0.58,0.01,1.75,436000000,0,,否,,0.56,0.53,,,13.7652,-0.9381,
710897,宜特元大65購01,2026-09-04,0.84,0.02,2.44,54000000,0,,否,,0.83,0.9,,,-15.0206,-15.9027,
710898,宜特元大67購02,2026-09-04,0.5,-0.03,-5.66,80000000,0,,否,,0.52,0.58,0.77,,-17.3502,-24.7074,
710900,家登元大61購02,2026-09-04,0.94,-0.06,-6.0,629000000,0,,是,,1.17,1.11,,,13.1021,5.0332,
710902,臺慶科元大64購02,2026-09-04,0.53,0.0,0.0,57000000,0,,否,,0.57,0.73,0.77,,-35.5056,-7.4589,
710908,倉和國票65購01,2026-09-04,3.18,0.12,3.92,96000000,0,,否,,2.51,1.95,1.44,,81.4761,70.0175,
710910,創泓國票61購01,2026-09-04,1.13,-0.01,-0.88,160000000,0,,否,,1.29,1.46,1.51,,-21.5854,10.9174,
710914,類比科國票61購01,2026-09-04,0.57,-0.03,-5.0,5000000,0,,否,,0.58,0.52,,,24.8927,,
710915,寶雅國票61購03,2026-09-04,0.79,0.01,1.28,1000000,0,,否,,0.9,1.01,,,-18.9964,,
710916,驊訊國票61購01,2026-09-04,0.3,0.0,0.0,20000000,0,,否,,,,,,,,
710921,宜鼎凱基61購02,2026-09-04,0.51,-0.1,-16.39,2014000000,0,,是,,0.64,0.73,0.73,,-22.2494,2.5388,
710924,茂達凱基61購03,2026-09-04,0.22,0.01,4.76,50000000,0,,否,,0.34,,,,,,
710929,中光電群益61購03,2026-09-04,0.17,-0.04,-19.05,20000000,0,,否,,0.29,,,,,,
710932,家登群益61購04,2026-09-04,1.58,0.06,3.95,10000000,0,,否,,1.55,1.44,,,16.3664,-3.9973,
710936,中美晶國泰64購01,2026-09-04,1.22,0.08,7.02,45000000,0,,是,,1.24,1.28,,,-6.9173,-27.662,
710939,茂達富邦63購02,2026-09-04,0.28,-0.11,-28.21,75000000,0,,是,,0.38,0.39,,,-8.7379,-23.4951,
710944,艾訊永豐61購01,2026-09-04,0.33,0.04,13.79,4000000,0,,否,,0.31,0.39,,,-33.3333,-19.0871,
710946,長聖永豐61購01,2026-09-04,0.57,0.01,1.79,280000000,0,,是,,0.6,0.58,0.62,,5.6537,0.3448,
710950,倉和永豐61購01,2026-09-04,5.5,0.5,10.0,270000000,0,,是,,4.17,3.24,2.27,,80.3463,83.5601,
710952,宸曜永豐61購01,2026-09-04,0.77,0.06,8.45,4000000,0,,否,,0.79,0.75,,,9.7765,,
710959,磐儀永豐61購01,2026-09-04,0.51,0.03,6.25,45000000,0,,否,,0.69,0.78,,,-21.0046,-10.6043,
710960,中光電元大61購05,2026-09-04,0.23,-0.03,-11.54,3322000000,0,,是,,0.37,0.38,,,-5.5838,-16.3755,
710962,中美晶元大66購05,2026-09-04,1.07,-0.03,-2.73,81000000,0,,否,,1.09,1.12,1.2,,-4.712,3.6111,
710963,世紀*元大61購01,2026-09-04,8.3,0.05,0.61,1000000,0,,否,,7.27,5.22,,,129.4823,175.8457,
710964,宜鼎元大61購07,2026-09-04,0.62,-0.04,-6.06,4000000,0,,否,,0.77,0.83,0.79,,-12.4434,4.0151,
710965,晟田元大61購02,2026-09-04,1.01,-0.16,-13.68,12000000,0,,是,,1.29,1.51,1.97,,-25.8362,-27.682,
710969,群聯元大64購07,2026-09-04,1.09,-0.12,-9.92,36000000,0,,否,,1.18,1.22,,,-6.8038,0.4938,
710972,譜瑞元大65購03,2026-09-04,0.71,0.02,2.9,11000000,0,,否,,0.73,0.76,,,-9.4763,-11.3689,
710979,宸曜台新61購01,2026-09-04,1.66,0.11,7.1,2000000,0,,否,,1.64,1.66,,,-3.0806,3.616,
710981,博大台新61購03,2026-09-04,0.26,-0.01,-3.7,50000000,0,,是,,,,,,,,
710982,精材台新61購03,2026-09-04,1.65,0.0,0.0,3000000,0,,否,,1.51,1.17,1.22,,81.5348,34.9425,
710985,家登凱基61購02,2026-09-04,1.49,-0.09,-5.7,10000000,0,,否,,1.42,1.27,,,28.1081,15.1956,
710987,華景電凱基64購01,2026-09-04,0.54,-0.05,-8.47,16000000,0,,否,,0.63,0.65,,,-5.7229,,
710988,新普凱基61購01,2026-09-04,0.55,-0.05,-8.33,63000000,0,,是,,0.61,0.66,,,-15.5989,,
710989,頎邦凱基61購02,2026-09-04,0.35,-0.49,-58.33,80000000,0,,是,,0.64,0.52,,,58.9109,-14.6819,
710991,營邦凱基61購01,2026-09-04,1.49,0.0,0.0,312000000,0,,否,,1.29,1.02,0.86,,69.2105,47.619,
710993,寶雅凱基61購01,2026-09-04,1.32,0.15,12.82,1000000,0,,否,,1.38,1.87,,,-41.6596,-1.1105,
710996,大江國票65購01,2026-09-04,0.66,-0.01,-1.49,30000000,0,,否,,0.71,0.75,0.76,,-9.8734,-2.7202,
711002,廣積國票66購01,2026-09-04,0.76,0.01,1.33,170000000,0,,是,,0.82,0.9,,,-16.6329,-5.5381,
711009,巨有元大61購02,2026-09-04,0.55,-0.05,-8.33,244000000,0,,是,,0.63,0.63,0.64,,0.9646,7.3883,
711012,宜鼎元大61購08,2026-09-04,0.56,-0.04,-6.67,470000000,0,,否,,0.65,0.71,0.67,,-16.5375,1.7192,
711014,昇佳電元大61購01,2026-09-04,0.26,-0.02,-7.14,6000000,0,,否,,0.3,0.35,0.68,,-25.0,-36.3636,
711016,青雲元大61購01,2026-09-04,1.18,-0.03,-2.48,225000000,0,,是,,1.29,1.29,1.38,,1.4107,-9.4433,
711020,家登元大61購03,2026-09-04,1.35,0.0,0.0,24000000,0,,否,,1.28,1.15,,,24.3191,8.8763,
711022,群聯元大64購08,2026-09-04,0.66,0.01,1.54,60000000,0,,否,,0.7,0.73,0.67,,-7.6517,10.1208,
711023,譜瑞元大61購04,2026-09-04,1.1,0.02,1.85,30000000,0,,否,,1.16,1.23,1.41,,-10.9399,-11.8534,
711025,均豪統一65購01,2026-09-04,0.54,0.0,0.0,79000000,0,,否,,0.54,0.53,,,5.8824,,
711029,精材統一67購01,2026-09-04,1.15,0.02,1.77,209000000,0,,否,,1.04,0.85,0.84,,56.4955,30.2147,
711030,營邦統一67購01,2026-09-04,1.05,-0.01,-0.94,317000000,0,,否,,0.96,0.82,,,43.4524,,
711042,廣積永豐61購01,2026-09-04,0.64,0.05,8.47,4000000,0,,否,,0.72,0.85,,,-27.8226,-13.9113,
711044,群聯中信61購01,2026-09-04,0.36,0.0,0.0,1000000,0,,否,,0.43,0.39,,,21.3483,,
711047,巨有凱基61購02,2026-09-04,0.53,-0.03,-5.36,100000000,0,,否,,0.58,0.58,,,0.6897,-1.5228,
711054,鈊象凱基61購03,2026-09-04,1.06,0.02,1.92,80000000,0,,否,,1.11,1.41,,,-35.7724,-10.6195,
711056,精材凱基61購08,2026-09-04,2.87,0.35,13.89,4000000,0,,否,,2.49,2.14,,,39.0625,2.5862,
711059,富喬台新61購01,2026-09-04,1.67,-0.39,-18.93,60000000,0,,否,,1.94,1.56,,,63.575,64.0084,
711060,艾訊群益61購01,2026-09-04,0.44,0.0,0.0,5000000,0,,否,,0.71,0.76,,,-13.2353,,
711063,群聯群益61購06,2026-09-04,3.35,-0.26,-7.2,30000000,0,,否,,3.68,3.89,3.57,,-10.1025,11.49,
711064,精材群益61購02,2026-09-04,4.99,0.58,13.15,13000000,0,,否,,4.28,3.28,3.34,,86.6492,49.3861,
711067,加百裕國票61購01,2026-09-04,0.36,0.0,0.0,5000000,0,,否,,,,,,,,
711073,智崴國票65購01,2026-09-04,0.6,0.05,9.09,540000000,0,,是,,0.55,0.54,,,3.0189,-3.7567,
711076,撼訊國票65購01,2026-09-04,0.61,-0.03,-4.69,8000000,0,,否,,0.65,,,,,,
711077,中美晶元大61購03,2026-09-04,0.81,0.03,3.85,5000000,0,,否,,0.86,0.89,1.11,,-6.9565,-9.6643,
711078,台嘉碩元大61購03,2026-09-04,0.86,0.08,10.26,13000000,0,,否,,0.89,0.89,,,0.2247,-9.4512,
711080,智通*元大61購02,2026-09-04,0.51,-0.01,-1.92,1004000000,0,,是,,0.55,0.54,,,3.3582,-16.7939,
711081,群聯元大61購14,2026-09-04,0.91,-0.06,-6.19,10000000,0,,否,,1.01,1.07,0.98,,-10.582,10.2669,
711084,博大國泰62購01,2026-09-04,0.67,-0.02,-2.9,35000000,0,,否,,0.69,0.71,0.73,,-7.0461,0.1406,
711087,精材國泰62購02,2026-09-04,3.6,0.26,7.78,1000000,0,,否,,3.08,2.37,2.61,,85.8866,8.3676,
711089,立碁富邦64購01,2026-09-04,1.18,-0.08,-6.35,293000000,0,,否,,1.3,1.11,,,41.8301,,
711091,陽程富邦61購02,2026-09-04,1.43,-0.08,-5.3,3000000,0,,否,,1.62,1.2,,,105.0761,103.3841,
711092,精材富邦61購01,2026-09-04,1.55,0.28,22.05,5000000,0,,否,,1.25,0.95,,,87.6506,3.5792,
711093,精材中信61購02,2026-09-04,0.85,0.01,1.19,21000000,0,,否,,0.75,0.62,0.65,,55.6017,17.1103,
711095,千附永豐61購02,2026-09-04,0.7,0.0,0.0,300000000,0,,否,,0.74,0.89,,,-28.4615,-42.0779,
711096,立端永豐61購01,2026-09-04,0.6,0.0,0.0,100000000,0,,是,,0.65,0.74,,,-22.3558,-5.4987,
711097,松瑞藥永豐61購01,2026-09-04,0.81,0.0,0.0,20000000,0,,否,,0.99,0.96,,,6.2366,6.9119,
711111,青雲統一6C購01,2026-09-04,0.61,0.01,1.67,5000000,0,,否,,0.6,0.61,,,-0.33,,
711116,陽程統一6C購01,2026-09-04,1.12,-0.01,-0.88,263000000,0,,是,,0.9,0.73,,,60.4982,,
711118,頎邦統一65購01,2026-09-04,0.48,-0.07,-12.73,42000000,0,,是,,0.43,0.38,,,30.303,2.7027,
711119,頎邦統一67購02,2026-09-04,0.51,-0.04,-7.27,574000000,0,,是,,0.51,0.46,0.47,,22.0096,11.8072,
711121,頎邦統一6C購01,2026-09-04,0.6,-0.02,-3.23,49000000,0,,否,,0.58,0.53,0.53,,20.7469,17.4393,
711122,精材統一65購02,2026-09-04,1.26,0.33,35.48,266000000,0,,否,,0.96,0.75,0.76,,77.8598,38.1651,
711123,精材統一67購02,2026-09-04,0.82,-0.01,-1.2,10000000,0,,否,,0.68,0.59,,,37.5,-6.3593,
711125,家登凱基67購01,2026-09-04,1.02,-0.03,-2.86,56000000,0,,否,,0.95,,,,,,
711126,陽程凱基61購03,2026-09-04,2.13,-0.15,-6.58,96000000,0,,是,,2.39,1.91,,,65.6033,,
711128,群聯凱基61購08,2026-09-04,1.19,-0.05,-4.03,22000000,0,,否,,1.31,1.41,,,-13.3775,2.3983,
711130,頎邦凱基61購03,2026-09-04,0.3,-0.07,-18.92,616000000,0,,是,,0.31,0.27,,,39.2857,-0.7407,
711131,精材凱基61購09,2026-09-04,1.21,0.15,14.15,3000000,0,,否,,1.11,0.85,,,84.0532,0.47,
711136,群聯台新67購03,2026-09-04,1.53,-0.08,-4.97,200000000,0,,是,,1.67,1.64,,,3.8462,6.8966,
711138,頎邦台新61購04,2026-09-04,0.92,-0.13,-12.38,701000000,0,,否,,0.94,0.8,,,44.1718,47.1349,
711139,頎邦台新61購05,2026-09-04,0.9,-0.14,-13.46,1647000000,0,,是,,0.92,0.77,0.75,,45.2532,47.0588,
711140,精材台新61購04,2026-09-04,1.64,0.05,3.14,10000000,0,,否,,1.25,1.32,,,-10.1865,,
711142,精材台新62購02,2026-09-04,1.65,-0.02,-1.2,2000000,0,,否,,1.11,1.14,,,-6.2712,,
711144,天良國票61購01,2026-09-04,0.58,-0.2,-25.64,519000000,0,,是,,0.96,1.38,1.4,,-46.3849,-12.8707,
711146,協禧國票65購01,2026-09-04,0.41,0.01,2.5,30000000,0,,,,,,,,,,
711150,順達國票65購01,2026-09-04,0.92,0.04,4.55,14000000,0,,否,,0.86,0.88,,,-5.7269,,
711151,精材國票61購04,2026-09-04,1.7,0.08,4.94,1000000,0,,否,,1.51,1.64,,,-15.1071,,
711153,營邦國票61購01,2026-09-04,2.34,-0.13,-5.26,202000000,0,,否,,2.13,1.73,,,58.4203,36.3208,
711154,千附群益61購01,2026-09-04,1.05,-0.02,-1.87,20000000,0,,否,,1.08,1.25,,,-23.7288,,
711156,台特化群益61購02,2026-09-04,1.2,-0.07,-5.51,37000000,0,,否,,1.35,1.38,,,-3.5613,10.6742,
711157,青雲群益61購01,2026-09-04,0.73,0.03,4.29,20000000,0,,否,,0.76,0.75,0.81,,2.7027,-0.7937,
711158,青雲群益61購02,2026-09-04,1.0,-0.04,-3.85,10000000,0,,否,,1.11,1.19,,,-12.4803,-4.042,
711159,威剛群益61購06,2026-09-04,1.58,-0.2,-11.24,13000000,0,,否,,1.79,1.9,,,-10.8458,-3.1584,
711160,鈊象群益61購02,2026-09-04,0.98,-0.02,-2.0,20000000,0,,是,,1.02,1.21,,,-27.4148,-18.4564,
711162,群聯群益61購07,2026-09-04,1.84,0.0,0.0,82000000,0,,否,,2.06,2.26,2.04,,-15.7551,14.6267,
711164,中光電元大61購06,2026-09-04,0.39,-0.02,-4.88,1929000000,0,,是,,0.53,0.52,,,4.3478,-7.8431,
711165,中光電元大61購07,2026-09-04,0.41,-0.04,-8.89,3063000000,0,,是,,0.56,0.56,,,-1.7606,-4.2517,
711167,宜鼎元大63購02,2026-09-04,0.96,-0.14,-12.73,255000000,0,,否,,1.1,1.2,1.12,,-14.7287,1.7888,
711169,智通*元大61購03,2026-09-04,0.6,0.05,9.09,1325000000,0,,是,,0.6,0.62,,,-5.0314,-8.1481,
711171,順達元大61購01,2026-09-04,0.84,0.01,1.2,50000000,0,,否,,0.85,0.85,,,-2.0833,3.5109,
711172,群聯元大61購15,2026-09-04,0.85,0.02,2.41,44000000,0,,否,,0.91,0.97,0.9,,-11.4563,7.7691,
711174,精材元大61購10,2026-09-04,1.07,0.14,15.05,144000000,0,,否,,0.93,0.75,0.78,,60.2076,19.7452,
711175,精材元大61購11,2026-09-04,2.2,0.22,11.11,1000000,0,,否,,1.55,1.48,,,9.6181,-0.202,
711176,精材元大63購05,2026-09-04,1.7,0.39,29.77,227000000,0,,否,,1.36,1.13,1.11,,50.6667,24.0924,
711177,營邦元大61購01,2026-09-04,1.54,0.02,1.32,38000000,0,,否,,1.38,1.18,,,38.9899,13.6407,
711181,千附精統一67購03,2026-09-04,0.64,0.02,3.23,1000000,0,,否,,0.64,0.57,,,26.5873,,
711185,中美晶統一65購02,2026-09-04,0.47,-0.01,-2.08,20000000,0,,是,,0.5,0.57,,,-20.5696,,
711186,中美晶統一67購01,2026-09-04,0.43,-0.02,-4.44,100000000,0,,是,,0.44,0.44,,,-0.0,-16.6979,
711199,堡達統一65購01,2026-09-04,0.42,0.02,5.0,2000000,0,,否,,0.46,,,,,,
711207,頎邦統一67購04,2026-09-04,0.47,-0.06,-11.32,303000000,0,,是,,0.48,0.41,,,39.5349,,
711209,碩禾統一67購01,2026-09-04,0.29,-0.02,-6.45,22000000,0,,否,,0.33,0.37,,,-21.256,,
711217,頎邦永豐65購01,2026-09-04,0.79,0.1,14.49,14000000,0,,否,,0.65,0.58,0.6,,29.4821,19.2547,
711218,精材永豐61購03,2026-09-04,0.98,0.06,6.52,8000000,0,,否,,0.85,0.71,,,50.53,-3.6685,
711219,精材永豐61購04,2026-09-04,1.5,0.2,15.38,25000000,0,,否,,1.28,1.13,,,28.8306,,
711220,精材永豐64購02,2026-09-04,1.29,0.17,15.18,5000000,0,,否,,1.26,,,,,,
711221,營邦永豐64購01,2026-09-04,1.5,0.05,3.45,120000000,0,,否,,1.32,1.08,,,59.2771,,
711222,廣積國泰62購01,2026-09-04,1.83,0.07,3.98,150000000,0,,是,,2.01,2.4,,,-27.6259,-6.9515,
711223,營邦國泰62購01,2026-09-04,3.49,0.27,8.39,32000000,0,,否,,3.1,2.53,,,58.2653,37.033,
711225,元太富邦63購01,2026-09-04,0.34,0.0,0.0,1000000,0,,否,,0.38,0.43,,,-22.449,-29.1531,
711230,順達富邦63購01,2026-09-04,0.34,0.02,6.25,10000000,0,,否,,0.32,0.31,,,8.1081,-14.4444,
711231,鈊象富邦63購02,2026-09-04,0.52,-0.01,-1.89,5000000,0,,否,,0.54,0.61,0.66,,-22.3188,-15.9122,
711238,璟德群益61購01,2026-09-04,0.79,-0.05,-5.95,20000000,0,,否,,0.92,,,,,,
711241,宜鼎凱基64購01,2026-09-04,0.62,-0.07,-10.14,635000000,0,,是,,0.74,0.82,,,-18.9427,2.1118,
711247,營邦凱基61購02,2026-09-04,2.13,0.08,3.9,113000000,0,,否,,1.89,1.54,,,57.5,30.3797,
711251,中美晶國票65購02,2026-09-04,0.68,0.03,4.62,30000000,0,,否,,0.72,0.69,,,6.5476,-26.0128,
711252,巨有國票61購01,2026-09-04,0.87,-0.06,-6.45,45000000,0,,否,,0.96,0.92,0.89,,8.1081,11.4596,
711253,倉和國票66購01,2026-09-04,2.32,0.0,0.0,20000000,0,,否,,1.56,,,,,,
711254,博智國票61購01,2026-09-04,1.18,-0.06,-4.84,5000000,0,,否,,1.2,,,,,,
711255,晶呈國票65購01,2026-09-04,0.55,-0.02,-3.51,215000000,0,,否,,0.62,0.68,,,-15.9459,,
711257,中光電元大61購08,2026-09-04,0.29,-0.02,-6.45,1839000000,0,,是,,0.41,0.44,,,-12.766,,
711258,中光電元大61購09,2026-09-04,0.36,-0.01,-2.7,2255000000,0,,是,,0.48,0.5,,,-6.25,,
711261,宜鼎元大63購03,2026-09-04,0.84,-0.03,-3.45,30000000,0,,否,,1.05,1.1,,,-8.9965,6.256,
711262,朋程元大61購02,2026-09-04,0.51,-0.05,-8.93,747000000,0,,是,,0.55,0.58,,,-8.2781,,
711267,臺慶科元大61購04,2026-09-04,0.84,0.1,13.51,106000000,0,,否,,0.84,0.93,0.95,,-17.7165,-0.8565,
711268,營邦元大61購02,2026-09-04,2.16,0.14,6.93,12000000,0,,否,,1.93,1.64,,,43.3878,30.0,
711270,世界富邦61購03,2026-09-04,0.3,0.0,0.0,64000000,0,,否,,0.31,0.35,,,-20.8122,-20.316,
711271,博智富邦63購01,2026-09-04,0.55,-0.04,-6.78,115000000,0,,否,,0.59,0.49,,,50.0,,
711272,富喬富邦61購02,2026-09-04,0.94,-0.05,-5.05,395000000,0,,否,,1.03,0.86,,,51.7647,,
711278,九暘統一67購01,2026-09-04,0.41,-0.04,-8.89,50000000,0,,是,,0.42,,,,,,
711282,青雲統一67購01,2026-09-04,1.03,-0.01,-0.96,52000000,0,,否,,1.05,1.07,1.03,,-2.7675,6.0516,
711283,倉和統一6C購01,2026-09-04,1.62,0.14,9.46,144000000,0,,是,,1.3,1.06,,,58.6797,50.4979,
711286,順達統一65購04,2026-09-04,0.39,0.02,5.41,80000000,0,,是,,,,,,,,
711287,M31台新61購01,2026-09-04,1.13,-0.07,-5.83,45000000,0,,否,,1.21,1.34,,,-16.6209,-10.2823,
711290,千附精台新61購02,2026-09-04,0.84,-0.19,-18.45,231000000,0,,是,,0.96,0.87,,,21.3198,36.6771,
711292,頎邦台新61購06,2026-09-04,1.02,-0.12,-10.53,4191000000,0,,是,,1.02,0.86,0.85,,43.3803,31.9084,
711295,M31凱基61購03,2026-09-04,0.92,-0.07,-7.07,75000000,0,,否,,1.0,1.14,,,-22.2395,-3.7879,
711296,千附精凱基61購03,2026-09-04,0.84,0.11,15.07,240000000,0,,否,,0.82,0.76,,,17.8674,38.7156,
711300,博智凱基63購01,2026-09-04,2.24,-0.23,-9.31,52000000,0,,是,,2.39,2.04,,,42.2117,,
711301,晶呈凱基61購01,2026-09-04,0.81,0.03,3.85,148000000,0,,否,,0.86,0.97,,,-19.8885,-3.7736,
711303,群聯凱基65購01,2026-09-04,1.79,0.02,1.13,4000000,0,,否,,1.97,1.99,,,-1.791,5.6764,
711305,營邦凱基61購03,2026-09-04,3.12,0.11,3.65,2000000,0,,否,,2.57,2.18,,,44.3322,33.8045,
711306,千附精元大61購01,2026-09-04,0.93,0.05,5.68,193000000,0,,是,,0.91,0.89,0.89,,5.3241,11.8537,
711308,宏捷科元大66購01,2026-09-04,1.04,-0.04,-3.7,42000000,0,,否,,1.12,1.13,,,-1.7513,-0.0,
711313,臺慶科元大61購05,2026-09-04,1.02,0.04,4.08,339000000,0,,是,,1.01,1.14,1.12,,-20.8464,0.8826,
711317,久禾光國票61購01,2026-09-04,0.39,0.01,2.63,160000000,0,,是,,0.41,,,,,,
711321,倉和國票67購01,2026-09-04,2.21,0.17,8.33,21000000,0,,否,,1.45,1.07,,,111.0787,,
711323,頎邦國票64購01,2026-09-04,1.21,-0.1,-7.63,30000000,0,,是,,1.18,,,,,,
711326,千附精群益61購02,2026-09-04,1.12,0.06,5.66,101000000,0,,否,,1.12,0.99,,,30.0,,
711328,博智群益61購02,2026-09-04,3.6,-0.31,-7.93,21000000,0,,否,,3.87,3.5,,,23.6573,27.0153,
711330,群聯群益63購01,2026-09-04,1.31,-0.09,-6.43,17000000,0,,否,,1.43,1.46,1.28,,-3.9031,18.8418,
711331,M31富邦63購01,2026-09-04,0.64,0.01,1.59,40000000,0,,否,,0.74,0.75,,,-2.1164,-6.383,
711332,九暘統一65購01,2026-09-04,0.41,-0.1,-19.61,201000000,0,,是,,0.51,0.46,,,25.9804,17.9028,
711338,晶呈永豐61購01,2026-09-04,0.66,0.08,13.79,18000000,0,,否,,0.67,0.73,,,-14.9367,-3.8158,
711340,千附精台新61購03,2026-09-04,0.83,0.07,9.21,31000000,0,,否,,0.82,0.75,,,20.354,30.3665,
711341,良維台新61購01,2026-09-04,1.06,0.26,32.5,112000000,0,,否,,0.88,,,,,,
711343,中美晶凱基61購09,2026-09-04,0.28,0.02,7.69,65000000,0,,是,,0.34,0.6,,,-59.9532,,
711344,宜鼎凱基61購04,2026-09-04,0.98,-0.08,-7.55,100000000,0,,否,,1.16,1.28,1.18,,-17.4964,5.3366,
711347,群聯凱基63購02,2026-09-04,1.45,-0.04,-2.68,175000000,0,,否,,1.56,1.62,,,-7.0155,12.0856,
711348,頎邦凱基64購02,2026-09-04,1.18,-0.12,-9.23,41000000,0,,否,,1.04,0.84,,,61.6822,,
711349,雙鴻凱基63購02,2026-09-04,4.85,0.41,9.23,1000000,0,,否,,4.15,3.19,,,87.4549,57.7514,
711350,中光電元大61購11,2026-09-04,0.94,0.02,2.17,330000000,0,,否,,1.14,1.13,,,1.0638,-4.3845,
711351,中美晶元大61購05,2026-09-04,0.52,0.0,0.0,72000000,0,,否,,0.54,0.59,0.73,,-15.9375,-0.6745,
711353,智通*元大61購04,2026-09-04,0.24,-0.02,-7.69,30000000,0,,否,,0.32,0.35,,,-18.0412,,
711359,均豪群益66購01,2026-09-04,1.07,-0.01,-0.93,566000000,0,,是,,1.03,1.0,,,5.317,,
711361,群聯群益61購08,2026-09-04,3.58,-0.02,-0.56,26000000,0,,否,,3.89,4.12,,,-10.4512,12.4556,
711362,元太永豐61購05,2026-09-04,0.54,-0.06,-10.0,57000000,0,,否,,0.67,0.91,,,-41.5358,,
711364,良維永豐61購02,2026-09-04,1.62,0.26,19.12,196000000,0,,否,,1.47,1.28,,,35.4779,,
711365,威剛永豐67購02,2026-09-04,1.13,-0.02,-1.74,18000000,0,,否,,1.2,1.25,,,-6.5217,,
711367,凱崴永豐61購01,2026-09-04,0.67,-0.02,-2.9,105000000,0,,否,,0.74,0.72,0.61,,6.3401,29.4756,
711369,華電網永豐61購01,2026-09-04,0.62,0.04,6.9,22000000,0,,否,,0.71,0.66,,,17.0492,,
711370,閎康永豐61購03,2026-09-04,1.49,0.09,6.43,55000000,0,,否,,1.51,1.6,,,-10.2138,,
711373,群聯永豐67購02,2026-09-04,1.2,0.0,0.0,62000000,0,,否,,1.31,1.26,,,9.5159,,
711386,宜鼎國泰62購03,2026-09-04,1.65,-0.19,-10.33,13000000,0,,否,,1.99,2.12,,,-11.5453,7.9349,
711388,倉和國泰62購01,2026-09-04,5.3,0.42,8.61,33000000,0,,否,,3.59,2.72,,,93.0032,76.9831,
711393,群聯富邦63購02,2026-09-04,0.46,0.0,0.0,34000000,0,,否,,0.51,0.53,,,-6.9853,17.4497,
711395,M31統一67購02,2026-09-04,0.69,-0.02,-2.82,101000000,0,,是,,0.71,0.75,,,-9.1837,-4.7134,
711396,M31統一6C購01,2026-09-04,0.62,-0.01,-1.59,20000000,0,,是,,0.64,0.67,,,-7.7364,,
711400,中光電統一67購01,2026-09-04,0.42,-0.02,-4.55,7000000,0,,否,,0.55,,,,,,
711402,中美晶統一66購04,2026-09-04,0.26,0.01,4.0,129000000,0,,是,,0.26,0.26,,,-6.5693,-1.8519,
711406,閎康統一67購01,2026-09-04,0.6,0.01,1.69,108000000,0,,否,,0.62,,,,,,
711408,廣穎統一69購02,2026-09-04,0.57,0.0,0.0,21000000,0,,否,,0.58,,,,,,
711414,青雲國票61購02,2026-09-04,1.6,-0.06,-3.61,14000000,0,,否,,1.71,1.78,,,-8.172,-0.7786,
711417,博士旺國票61購02,2026-09-04,1.08,0.03,2.86,90000000,0,,否,,1.05,0.88,,,48.169,,
711419,碩禾國票64購01,2026-09-04,0.33,0.0,0.0,26000000,0,,否,,0.36,0.42,,,-24.1667,,
711422,晟田台新61購02,2026-09-04,0.56,-0.08,-12.5,37000000,0,,否,,0.69,0.82,,,-27.1186,-5.0058,
711425,千附凱基61購02,2026-09-04,0.23,-0.01,-4.17,102000000,0,,是,,0.26,,,,,,
711428,世界凱基64購02,2026-09-04,0.93,0.03,3.33,84000000,0,,是,,0.98,1.08,,,-16.0684,,
711430,均豪凱基66購01,2026-09-04,1.35,-0.05,-3.57,381000000,0,,是,,1.33,,,,,,
711433,中美晶元大61購06,2026-09-04,1.04,-0.09,-7.96,23000000,0,,否,,1.09,1.14,,,-8.0944,2.4302,
711435,中美晶元大61購08,2026-09-04,0.27,-0.01,-3.57,60000000,0,,否,,0.28,0.3,,,-11.25,,
711436,中美晶元大63購03,2026-09-04,0.56,0.04,7.69,1000000,0,,否,,0.57,0.57,,,-0.0,,
711437,中美晶元大65購04,2026-09-04,0.53,-0.03,-5.36,80000000,0,,否,,0.55,0.55,,,-2.4911,-17.1642,
711438,世界元大63購05,2026-09-04,0.46,-0.01,-2.13,228000000,0,,否,,0.82,0.93,,,-20.7692,,
711440,智通*元大61購06,2026-09-04,0.58,0.05,9.43,3647000000,0,,是,,0.56,0.58,,,-5.0676,2.4867,
711442,翔名元大61購03,2026-09-04,0.48,-0.03,-5.88,244000000,0,,否,,0.51,0.56,,,-15.1815,,
711444,漢科元大61購01,2026-09-04,0.51,-0.03,-5.56,124000000,0,,否,,0.66,0.74,,,-19.708,,
711448,千附永豐64購01,2026-09-04,0.45,0.02,4.65,16000000,0,,否,,0.46,0.57,,,-32.5513,,
711453,均豪永豐64購02,2026-09-04,1.93,-0.06,-3.02,76000000,0,,是,,1.95,1.87,,,9.6629,,
711457,湧德永豐61購01,2026-09-04,0.74,-0.01,-1.33,233000000,0,,否,,0.76,0.71,,,14.1141,11.9309,
711458,陽程永豐61購02,2026-09-04,2.71,-0.29,-9.67,17000000,0,,否,,2.79,2.09,,,99.4278,,
711459,中光電國泰62購02,2026-09-04,0.68,-0.07,-9.33,2000000,0,,否,,1.05,0.93,,,29.064,,
711465,千附統一67購02,2026-09-04,0.32,0.01,3.23,50000000,0,,否,,0.37,,,,,,
711475,博智統一6C購02,2026-09-04,0.78,0.0,0.0,15000000,0,,否,,0.72,,,,,,
711479,中美晶富邦61購04,2026-09-04,0.13,0.0,0.0,50000000,0,,否,,0.14,0.16,,,-23.3333,-11.6667,
711482,宜鼎群益61購04,2026-09-04,1.48,-0.17,-10.3,70000000,0,,是,,1.78,1.97,,,-17.2702,3.5245,
711484,世界台新61購02,2026-09-04,0.43,0.02,4.88,152000000,0,,是,,0.6,0.67,,,-18.6486,,
711485,台嘉碩台新61購03,2026-09-04,1.25,-0.02,-1.57,10000000,0,,否,,1.27,1.24,,,4.8013,,
711486,巨漢台新61購03,2026-09-04,1.36,-0.12,-8.11,30000000,0,,是,,1.64,,,,,,
711487,良維台新61購02,2026-09-04,1.38,0.35,33.98,113000000,0,,否,,1.12,0.94,,,47.1053,,
711488,亞電台新61購01,2026-09-04,1.93,0.27,16.27,7000000,0,,否,,1.81,1.37,,,95.671,64.7768,
711489,長科*台新61購01,2026-09-04,1.18,0.13,12.38,417000000,0,,是,,1.06,1.15,,,-14.4013,,
711490,千附精群益61購03,2026-09-04,1.58,0.15,10.49,204000000,0,,是,,1.56,1.43,,,19.6621,36.8421,
711491,亞電群益61購01,2026-09-04,2.44,-0.03,-1.21,7000000,0,,否,,2.36,1.78,,,97.99,42.32,
711492,亞電群益61購02,2026-09-04,2.17,0.34,18.58,555000000,0,,否,,2.01,1.52,,,97.2549,63.5383,
711493,亞電群益61購03,2026-09-04,3.39,0.47,16.1,69000000,0,,否,,3.17,2.38,,,99.2453,66.3636,
711495,世界凱基61購02,2026-09-04,0.79,-0.01,-1.25,50000000,0,,否,,0.84,0.95,,,-19.962,,
711500,長科*凱基61購01,2026-09-04,1.66,0.21,14.48,303000000,0,,是,,1.61,,,,,,
711501,威剛凱基61購05,2026-09-04,1.64,-0.25,-13.23,275000000,0,,否,,1.82,1.91,,,-9.2,-1.9527,
711502,家登凱基63購01,2026-09-04,1.9,0.06,3.26,865000000,0,,是,,1.84,1.69,,,19.5059,,
711503,富喬凱基61購06,2026-09-04,3.92,-0.22,-5.31,22000000,0,,是,,4.2,3.56,,,43.8657,70.2392,
711504,智通*凱基61購04,2026-09-04,0.53,-0.04,-7.02,4000000,0,,否,,0.64,,,,,,
711505,順達凱基61購05,2026-09-04,1.47,0.01,0.68,109000000,0,,否,,1.48,1.4,,,13.6294,,
711506,群聯凱基61購11,2026-09-04,2.45,-0.09,-3.54,1000000,0,,否,,2.68,2.86,,,-11.8577,13.4684,
711507,頎邦凱基61購04,2026-09-04,1.46,-0.26,-15.12,122000000,0,,是,,1.49,1.4,,,14.0888,34.5525,
711509,千附精元大61購02,2026-09-04,1.41,0.09,6.82,136000000,0,,否,,1.41,1.33,,,12.1212,,
711511,亞電元大61購01,2026-09-04,2.62,0.19,7.82,2000000,0,,否,,2.53,2.04,,,64.1192,54.3528,
711512,群聯元大61購18,2026-09-04,1.23,-0.02,-1.6,86000000,0,,否,,1.31,1.36,,,-8.1575,12.7273,
711513,千附精統一65購01,2026-09-04,0.66,0.05,8.2,23000000,0,,否,,0.65,0.61,,,14.4366,,
711515,亞電統一69購01,2026-09-04,1.06,0.07,7.07,184000000,0,,否,,1.0,0.84,,,45.9064,37.8689,
711516,宜鼎統一64購05,2026-09-04,0.67,0.0,0.0,59000000,0,,否,,0.75,0.82,,,-15.8837,4.7074,
711517,倉和統一65購01,2026-09-04,2.66,0.42,18.75,91000000,0,,否,,1.85,1.41,,,91.3044,84.1623,
711518,方土昶永豐61購01,2026-09-04,1.4,-0.01,-0.71,19000000,0,,否,,1.74,1.77,,,-3.9779,,
711519,亞電永豐64購01,2026-09-04,2.53,0.18,7.66,15000000,0,,否,,2.38,1.98,,,50.505,,
711520,昇佳電永豐63購01,2026-09-04,0.51,-0.01,-1.92,56000000,0,,是,,,,,,,,
711526,亞電國泰62購01,2026-09-04,3.55,0.39,12.34,29000000,0,,否,,3.32,2.6,,,75.7415,54.6643,
711527,朋程國泰63購01,2026-09-04,1.15,-0.08,-6.5,15000000,0,,否,,1.25,,,,,,
711529,千附精富邦61購01,2026-09-04,0.73,0.05,7.35,68000000,0,,否,,0.71,0.67,,,13.8264,34.0726,
711530,立碁富邦61購02,2026-09-04,1.51,-0.26,-14.69,11000000,0,,否,,1.68,1.39,,,52.7273,24.1071,
711531,宜特富邦63購02,2026-09-04,0.46,0.0,0.0,139000000,0,,否,,0.48,0.49,,,-4.3825,-9.7426,
711533,朋程富邦63購04,2026-09-04,0.46,-0.05,-9.8,527000000,0,,是,,0.49,0.5,,,-5.0388,,
711534,欣銓富邦61購02,2026-09-04,0.55,-0.02,-3.51,1000000,0,,否,,0.56,0.54,,,10.1961,,
711535,長科*富邦62購02,2026-09-04,0.67,0.06,9.84,64000000,0,,否,,0.62,0.66,,,-11.7143,,
711536,富喬富邦61購03,2026-09-04,1.32,-0.08,-5.71,47000000,0,,否,,1.4,1.17,,,49.5726,,
711538,陽程富邦61購03,2026-09-04,1.57,-0.06,-3.68,88000000,0,,否,,1.73,1.5,,,36.063,,
711539,群聯富邦63購03,2026-09-04,1.03,-0.06,-5.5,30000000,0,,否,,1.11,1.14,,,-5.1107,16.0243,
711542,譜瑞富邦63購02,2026-09-04,0.53,-0.05,-8.62,4000000,0,,否,,0.56,0.6,,,-12.2257,,
711545,禾瑞亞國票61購01,2026-09-04,0.76,-0.21,-21.65,20000000,0,,,,,,,,,,
711546,亞電國票61購01,2026-09-04,5.3,0.61,13.01,45000000,0,,否,,4.85,3.83,,,72.7402,,
711550,群聯群益61購09,2026-09-04,4.03,-0.09,-2.18,116000000,0,,否,,4.4,4.67,,,-10.8995,14.6683,
711551,千附精國票64購01,2026-09-04,1.76,0.15,9.32,336000000,0,,是,,1.71,1.61,,,12.963,,
711552,立碁國票65購01,2026-09-04,4.38,-0.45,-9.32,13000000,0,,否,,4.62,4.06,,,32.0366,,
711553,亞電國票63購01,2026-09-04,2.98,0.24,8.76,45000000,0,,否,,2.75,2.18,,,71.1083,35.8079,
711554,亞電國票64購01,2026-09-04,2.82,0.21,8.05,40000000,0,,否,,2.56,2.02,,,73.913,49.6659,
711555,宜鼎國票66購01,2026-09-04,1.14,-0.01,-0.87,84000000,0,,是,,1.32,,,,,,
711556,朋程國票61購01,2026-09-04,1.19,-0.1,-7.75,51000000,0,,是,,1.29,1.34,,,-8.2739,,
711558,頎邦國票66購01,2026-09-04,1.4,-0.08,-5.41,340000000,0,,是,,1.35,1.25,,,18.1501,,
711560,臺慶科國票66購01,2026-09-04,1.43,0.15,11.72,176000000,0,,是,,1.47,1.45,,,2.6611,,
711563,亞電台新61購03,2026-09-04,2.34,-0.03,-1.27,2000000,0,,否,,1.94,1.51,,,79.4824,,
711564,青雲台新61購01,2026-09-04,0.72,-0.19,-20.88,50000000,0,,否,,0.84,0.82,,,5.2897,1.2422,
711565,博士旺台新61購01,2026-09-04,1.58,0.12,8.22,300000000,0,,是,,1.38,,,,,,
711566,千附精凱基61購04,2026-09-04,1.66,-0.04,-2.35,19000000,0,,否,,1.77,1.68,,,11.2923,,
711567,世界凱基61購03,2026-09-04,1.31,0.03,2.34,9000000,0,,否,,1.36,1.49,,,-15.9063,,
711568,亞電凱基61購01,2026-09-04,3.23,0.35,12.15,24000000,0,,否,,2.99,2.31,,,83.4356,55.8704,
711569,泓格凱基61購01,2026-09-04,0.55,0.03,5.77,10000000,0,,否,,0.73,,,,,,
711571,群聯凱基66購02,2026-09-04,2.43,-0.16,-6.18,41000000,0,,否,,2.67,2.8,,,-8.6124,9.4177,
711572,泓格永豐61購01,2026-09-04,0.34,0.0,0.0,7000000,0,,否,,0.43,0.52,,,-27.4247,,
711573,群聯永豐67購03,2026-09-04,1.42,-0.02,-1.39,57000000,0,,否,,1.5,1.55,,,-6.2657,11.3833,
711575,元太元大66購04,2026-09-04,0.99,-0.01,-1.0,36000000,0,,否,,1.06,1.15,,,-13.6585,-19.3526,
711576,均豪元大61購03,2026-09-04,3.7,-0.11,-2.89,87000000,0,,是,,3.69,3.19,,,37.2301,,
711577,青雲元大61購02,2026-09-04,1.85,-0.14,-7.04,7000000,0,,否,,1.98,1.94,,,3.6688,3.0223,
711579,博智元大61購01,2026-09-04,2.82,-0.42,-12.96,21000000,0,,否,,3.11,2.83,,,22.6162,,
711580,群聯元大61購19,2026-09-04,1.68,-0.1,-5.62,80000000,0,,否,,1.83,1.92,,,-9.127,12.3176,
711581,群聯元大63購05,2026-09-04,1.66,-0.16,-8.79,324000000,0,,是,,1.81,1.89,,,-8.215,,
711582,聖暉*元大61購03,2026-09-04,0.29,-0.01,-3.33,496000000,0,,否,,0.32,0.43,,,-42.3358,,
711583,營邦元大61購03,2026-09-04,3.2,-0.28,-8.05,150000000,0,,否,,3.0,2.52,,,47.296,35.0698,
711586,千附精國泰62購02,2026-09-04,2.23,0.2,9.85,52000000,0,,否,,2.18,2.01,,,17.4946,,
711587,元太國泰62購01,2026-09-04,0.61,0.0,0.0,30000000,0,,否,,0.69,0.78,,,-20.6422,-29.9283,
711588,泓格國泰62購01,2026-09-04,0.53,-0.03,-5.36,45000000,0,,是,,0.57,0.67,,,-24.2744,,
711591,群聯國泰62購06,2026-09-04,2.19,-0.17,-7.2,22000000,0,,否,,2.38,2.46,,,-6.4516,15.4388,
711597,久元富邦62購02,2026-09-04,0.58,-0.01,-1.69,220000000,0,,是,,0.61,0.57,,,11.3971,,
711599,宏捷科富邦63購01,2026-09-04,0.62,0.01,1.64,64000000,0,,否,,0.67,0.67,,,0.9036,-0.1497,
711600,威剛富邦61購01,2026-09-04,0.67,-0.01,-1.47,10000000,0,,否,,0.74,0.8,,,-13.9535,-7.4074,
711601,茂達富邦63購03,2026-09-04,0.6,-0.02,-3.23,34000000,0,,否,,0.62,0.66,,,-9.5652,-4.6444,
711602,頎邦富邦62購01,2026-09-04,0.73,-0.07,-8.75,603000000,0,,否,,0.73,0.64,,,33.5766,31.4168,
711603,頎邦富邦63購02,2026-09-04,0.69,-0.09,-11.54,1501000000,0,,否,,0.7,0.62,,,32.3308,32.618,
711606,由田凱基61購01,2026-09-04,2.5,-0.03,-1.19,289000000,0,,是,,2.74,2.48,,,23.7579,43.8444,
711609,青雲凱基61購02,2026-09-04,1.01,-0.08,-7.34,20000000,0,,否,,1.13,1.27,,,-20.4802,,
711614,台嘉碩台新61購04,2026-09-04,1.53,0.12,8.51,38000000,0,,否,,1.52,1.52,,,0.3968,,
711615,巨漢台新61購04,2026-09-04,0.87,0.0,0.0,4000000,0,,否,,1.02,,,,,,
711618,千附精元大61購03,2026-09-04,0.79,0.05,6.76,354000000,0,,否,,0.78,0.74,,,11.7816,22.0199,
711620,世禾元大61購01,2026-09-04,0.79,0.07,9.72,19000000,0,,否,,0.83,,,,,,
711621,世界元大61購02,2026-09-04,1.21,0.02,1.68,14000000,0,,否,,1.24,1.34,,,-13.9889,-5.7544,
711622,世界元大63購06,2026-09-04,0.79,0.03,3.95,271000000,0,,否,,0.83,0.95,,,-22.6592,,
711623,艾訊元大61購01,2026-09-04,0.84,0.14,20.0,26000000,0,,否,,1.31,,,,,,
711624,欣銓元大67購02,2026-09-04,1.77,0.02,1.14,48000000,0,,否,,1.77,1.68,,,10.2372,,
711625,原相元大61購04,2026-09-04,1.27,0.0,0.0,8000000,0,,否,,1.39,1.54,,,-18.2783,,
711627,家登元大65購01,2026-09-04,1.5,-0.02,-1.32,2000000,0,,否,,1.48,1.38,,,15.7566,,
711629,臺慶科元大61購06,2026-09-04,1.3,0.09,7.44,123000000,0,,是,,1.3,1.45,,,-18.5232,,
711630,世界群益61購05,2026-09-04,3.54,-0.06,-1.67,82000000,0,,是,,3.68,4.05,,,-16.7572,,
711631,由田群益61購01,2026-09-04,2.71,-0.05,-1.81,146000000,0,,否,,3.05,2.81,,,18.4292,,
711633,群聯群益65購01,2026-09-04,4.34,-0.24,-5.24,32000000,0,,否,,4.67,4.69,,,-1.0598,,
711634,頎邦群益61購03,2026-09-04,2.17,-0.09,-3.98,384000000,0,,是,,2.09,1.85,,,29.8137,27.5862,
711636,由田國票61購01,2026-09-04,2.54,-0.22,-7.97,121000000,0,,否,,2.83,2.66,,,13.9179,,
711639,威剛國票64購01,2026-09-04,1.6,-0.15,-8.57,182000000,0,,是,,1.76,1.87,,,-11.2903,,
711644,鈊象國票63購01,2026-09-04,1.08,-0.03,-2.7,13000000,0,,否,,1.25,1.48,,,-26.4085,,
711645,精確國票65購01,2026-09-04,0.61,-0.05,-7.58,20000000,0,,否,,0.65,,,,,,
711647,家登富邦63購02,2026-09-04,0.96,0.01,1.05,60000000,0,,否,,0.93,0.83,,,26.2873,,
711650,威剛國泰62購02,2026-09-04,2.23,-0.07,-3.04,21000000,0,,否,,2.4,2.54,,,-10.5302,,
711652,順達國泰62購01,2026-09-04,1.36,0.04,3.03,5000000,0,,否,,1.33,1.33,,,-0.5979,,
711653,勤凱國泰62購01,2026-09-04,1.3,0.02,1.56,51000000,0,,否,,1.31,1.28,,,5.4575,,
711654,由田統一67購01,2026-09-04,0.83,-0.05,-5.68,352000000,0,,否,,0.9,0.86,,,8.7379,,
711655,由田統一6C購01,2026-09-04,0.83,-0.02,-2.35,30000000,0,,否,,0.89,,,,,,
711656,立碁統一67購02,2026-09-04,1.0,-0.08,-7.41,56000000,0,,否,,1.05,0.93,,,29.1358,,
711657,立碁統一69購01,2026-09-04,1.07,-0.2,-15.75,29000000,0,,否,,1.13,1.0,,,29.9539,,
711659,群聯中信61購03,2026-09-04,0.58,-0.01,-1.69,41000000,0,,否,,0.65,0.66,,,-3.2836,,
711661,天品永豐64購01,2026-09-04,0.71,-0.02,-2.74,112000000,0,,是,,0.75,,,,,,
711662,世紀*永豐61購02,2026-09-04,6.45,0.25,4.03,43000000,0,,否,,6.79,5.25,,,82.5269,,
711663,巨有永豐64購01,2026-09-04,0.88,-0.02,-2.22,31000000,0,,否,,0.93,0.92,,,3.5477,,
711666,艾訊永豐61購02,2026-09-04,0.6,0.09,17.65,64000000,0,,是,,0.57,0.68,,,-28.8221,,
711667,亞信永豐61購01,2026-09-04,0.69,0.01,1.47,10000000,0,,否,,0.72,,,,,,
711668,朋程永豐61購01,2026-09-04,1.03,-0.08,-7.21,81000000,0,,是,,1.09,1.16,,,-11.0569,,
711671,家登永豐61購05,2026-09-04,2.86,-0.12,-4.03,15000000,0,,否,,3.02,,,,,,
711672,振曜永豐64購01,2026-09-04,0.59,-0.02,-3.28,103000000,0,,否,,0.65,0.69,,,-10.7735,,
711673,博士旺永豐67購01,2026-09-04,1.01,-0.04,-3.81,23000000,0,,是,,0.87,,,,,,
711675,順達永豐61購03,2026-09-04,1.09,-0.02,-1.8,119000000,0,,否,,1.12,,,,,,
711676,順達永豐67購02,2026-09-04,2.11,0.01,0.48,2000000,0,,否,,2.07,2.02,,,4.5455,,
711679,系微台新61購01,2026-09-04,0.79,-0.07,-8.14,200000000,0,,是,,0.88,0.98,,,-19.633,,
711680,高技台新61購01,2026-09-04,1.43,-0.08,-5.3,1140000000,0,,否,,1.51,1.41,,,14.5675,23.9264,
711687,世界凱基61購04,2026-09-04,0.48,-0.02,-4.0,29000000,0,,否,,0.67,,,,,,
711693,世界元大61購03,2026-09-04,1.0,-0.02,-1.96,47000000,0,,否,,1.04,1.11,,,-10.7692,-1.9486,
711697,泓格元大61購01,2026-09-04,0.4,0.01,2.56,325000000,0,,否,,0.45,0.67,,,-48.7585,,
711698,家登元大61購07,2026-09-04,1.04,-0.05,-4.59,137000000,0,,否,,1.05,1.03,,,3.9761,,
711700,家登元大65購02,2026-09-04,0.89,-0.01,-1.11,27000000,0,,否,,0.87,0.83,,,11.7647,,
711701,高技元大61購01,2026-09-04,1.41,-0.15,-9.62,186000000,0,,否,,1.5,1.26,,,46.6667,,
711703,群聯元大64購09,2026-09-04,1.89,-0.15,-7.35,46000000,0,,否,,2.03,2.12,,,-8.2428,,
711709,高技國票65購01,2026-09-04,1.19,0.0,0.0,30000000,0,,否,,1.17,1.09,,,15.7791,,
711712,威剛群益63購01,2026-09-04,3.14,0.11,3.63,11000000,0,,否,,3.29,3.43,,,-7.9036,,
711713,高技群益61購01,2026-09-04,1.04,-0.08,-7.14,960000000,0,,否,,1.14,1.09,,,9.7889,21.041,
711714,鈊象群益61購03,2026-09-04,0.94,-0.01,-1.05,48000000,0,,否,,0.99,1.22,,,-31.7241,-23.3668,
711715,群聯群益65購02,2026-09-04,2.01,-0.22,-9.87,167000000,0,,是,,2.2,2.23,,,-2.3091,,
711716,頎邦群益61購04,2026-09-04,1.04,-0.19,-15.45,104000000,0,,是,,1.06,0.93,,,33.0,,
711718,營邦群益61購01,2026-09-04,2.14,-0.1,-4.46,5000000,0,,否,,2.02,1.66,,,54.1284,,
711719,雙鴻群益61購04,2026-09-04,4.41,0.86,24.23,22000000,0,,否,,3.47,2.62,,,95.8192,,
711721,威剛中信61購02,2026-09-04,0.54,-0.03,-5.26,1101000000,0,,是,,0.6,0.63,,,-11.3095,-4.6617,
711723,元太永豐61購06,2026-09-04,0.64,-0.06,-8.57,90000000,0,,否,,0.8,1.15,,,-47.1448,,
711725,由田永豐61購01,2026-09-04,1.46,-0.19,-11.52,82000000,0,,否,,1.68,1.58,,,14.2469,,
711730,群翊永豐61購02,2026-09-04,1.18,-0.16,-11.94,57000000,0,,否,,1.3,1.3,,,0.3091,,
711733,臺慶科永豐61購01,2026-09-04,1.2,0.1,9.09,158000000,0,,是,,1.16,1.27,,,-16.0637,,
711734,倉和國泰63購01,2026-09-04,5.7,0.1,1.79,10000000,0,,否,,4.33,3.06,,,141.1371,,
711737,由田統一65購01,2026-09-04,0.95,-0.04,-4.04,1275000000,0,,否,,1.06,1.01,,,9.7308,,
711738,宏捷科統一65購01,2026-09-04,0.45,-0.03,-6.25,233000000,0,,否,,0.52,0.52,,,-3.0075,-3.6765,
711739,長科*統一65購01,2026-09-04,0.71,0.03,4.41,29000000,0,,否,,0.72,,,,,,
711740,茂訊統一65購01,2026-09-04,0.56,0.03,5.66,23000000,0,,否,,0.59,,,,,,
711748,博士旺台新61購02,2026-09-04,1.54,0.08,5.48,18000000,0,,否,,1.57,,,,,,
711749,群聯台新61購08,2026-09-04,6.35,-0.2,-3.05,8000000,0,,否,,6.98,7.37,,,-10.0515,15.0125,
711751,群聯台新64購01,2026-09-04,5.85,-0.2,-3.31,86000000,0,,是,,6.27,6.57,,,-8.7336,,
711752,雙鴻台新61購03,2026-09-04,15.7,1.6,11.35,1000000,0,,否,,13.59,10.12,,,104.0541,,
711756,威剛凱基61購07,2026-09-04,2.18,-0.25,-10.29,61000000,0,,否,,2.44,2.58,,,-10.6383,-1.4509,
711758,高技凱基61購01,2026-09-04,1.46,-0.02,-1.35,20000000,0,,否,,1.46,1.39,,,11.2462,,
711759,博智凱基61購02,2026-09-04,1.68,-0.23,-12.04,14000000,0,,否,,1.84,1.72,,,14.6067,,
711760,群聯凱基61購12,2026-09-04,1.7,-0.16,-8.6,20000000,0,,否,,1.97,2.03,,,-5.7471,,
711764,天正國票68購01,2026-09-04,0.82,0.02,2.5,57000000,0,,否,,0.75,,,,,,
711767,振發國票65購01,2026-09-04,0.75,0.01,1.35,7000000,0,,否,,0.77,0.76,,,4.0541,,
711768,富喬國票61購02,2026-09-04,4.49,-0.12,-2.6,20000000,0,,是,,4.76,,,,,,
711769,富喬國票63購01,2026-09-04,4.92,-0.18,-3.53,51000000,0,,否,,5.06,4.31,,,41.8161,64.8452,
711770,達航國票65購01,2026-09-04,0.77,-0.04,-4.94,149000000,0,,否,,0.77,0.7,,,22.6115,,
711771,蜜望實國票61購01,2026-09-04,1.23,0.22,21.78,45000000,0,,否,,1.32,,,,,,
711772,世禾群益61購01,2026-09-04,0.79,-0.05,-5.95,100000000,0,,是,,0.8,0.84,,,-9.9323,,
711777,博士旺群益61購01,2026-09-04,2.08,-0.08,-3.7,180000000,0,,否,,2.09,,,,,,
711779,蜜望實群益61購01,2026-09-04,1.23,0.1,8.85,32000000,0,,否,,1.18,1.25,,,-11.0106,,
711782,元太元大65購04,2026-09-04,0.7,-0.08,-10.26,10000000,0,,否,,0.82,0.99,,,-29.1379,,
711783,立碁元大61購01,2026-09-04,1.85,-0.28,-13.15,18000000,0,,否,,2.07,1.76,,,43.2918,,
711784,艾訊元大61購02,2026-09-04,0.58,0.05,9.43,772000000,0,,是,,0.57,0.69,,,-30.7317,,
711785,泓格元大61購02,2026-09-04,0.46,0.02,4.55,325000000,0,,否,,0.72,,,,,,
711787,群聯元大64購10,2026-09-04,1.99,-0.17,-7.87,40000000,0,,否,,2.16,2.27,,,-9.3881,,
711791,營邦元大61購04,2026-09-04,1.25,0.0,0.0,412000000,0,,否,,1.14,0.95,,,50.1319,41.9162,
711792,大學光永豐61購01,2026-09-04,0.64,-0.02,-3.03,3000000,0,,否,,0.74,,,,,,
711793,立碁永豐61購02,2026-09-04,2.0,-0.45,-18.37,10000000,0,,否,,2.23,,,,,,
711794,全宇昕永豐61購02,2026-09-04,1.14,0.04,3.64,91000000,0,,是,,1.12,1.03,,,18.8161,,
711798,泓格永豐64購01,2026-09-04,0.41,-0.03,-6.82,13000000,0,,否,,0.53,,,,,,
711799,能率永豐61購01,2026-09-04,0.75,0.0,0.0,30000000,0,,是,,0.91,,,,,,
711800,高技永豐61購01,2026-09-04,0.97,-0.05,-4.9,2020000000,0,,是,,1.02,0.96,,,13.082,23.2051,
711801,高技永豐61購02,2026-09-04,0.95,-0.09,-8.65,69000000,0,,否,,1.04,0.99,,,10.148,,
711803,高技永豐67購01,2026-09-04,1.56,-0.06,-3.7,25000000,0,,否,,1.6,1.54,,,7.9515,,
711804,高鋒永豐61購01,2026-09-04,1.08,0.01,0.93,874000000,0,,是,,1.05,,,,,,
711805,凱崴永豐61購02,2026-09-04,1.4,0.03,2.19,13000000,0,,否,,1.52,,,,,,
711807,崴寶永豐64購01,2026-09-04,1.18,-0.02,-1.67,5000000,0,,,,,,,,,,
711811,蜜望實永豐61購02,2026-09-04,0.67,0.09,15.52,60000000,0,,否,,0.67,,,,,,
711812,蜜望實永豐61購03,2026-09-04,0.87,0.13,17.57,93000000,0,,否,,0.83,0.88,,,-11.5632,,
711813,艾訊國泰63購01,2026-09-04,1.1,0.18,19.57,59000000,0,,否,,1.46,,,,,,
711815,頎邦國泰63購01,2026-09-04,1.74,-0.11,-5.95,283000000,0,,是,,1.57,,,,,,
711816,頎邦國泰63購02,2026-09-04,1.55,-0.24,-13.41,157000000,0,,是,,1.4,1.32,,,13.961,,
711817,巨漢富邦63購01,2026-09-04,0.38,-0.01,-2.56,323000000,0,,是,,0.44,,,,,,
711818,安勤富邦63購01,2026-09-04,0.3,0.03,11.11,37000000,0,,否,,0.31,,,,,,
711821,蜜望實富邦63購01,2026-09-04,0.58,0.07,13.73,500000000,0,,否,,0.55,0.59,,,-12.6984,,
711826,蜜望實統一65購01,2026-09-04,0.46,0.04,9.52,270000000,0,,是,,0.46,,,,,,
711829,泓格群益61購02,2026-09-04,0.81,-0.03,-3.57,99000000,0,,否,,1.11,,,,,,
711832,天品國票61購02,2026-09-04,0.79,0.03,3.95,60000000,0,,否,,0.78,0.87,,,-18.8285,,
711833,天品國票63購01,2026-09-04,0.67,-0.04,-5.63,20000000,0,,否,,0.66,,,,,,
711834,方土昶國票65購01,2026-09-04,0.94,-0.04,-4.08,143000000,0,,否,,1.03,1.11,,,-13.5906,,
711836,倚強國票61購01,2026-09-04,2.4,0.12,5.26,30000000,0,,否,,2.13,,,,,,
711839,穩得國票61購01,2026-09-04,1.62,-0.01,-0.61,98000000,0,,否,,1.67,1.71,,,-4.9087,,
711842,中美晶永豐64購03,2026-09-04,1.33,-0.03,-2.21,36000000,0,,否,,1.4,,,,,,
711844,安勤永豐61購01,2026-09-04,0.4,0.02,5.26,70000000,0,,,,,,,,,,
711845,岱稜永豐61購01,2026-09-04,0.54,-0.01,-1.82,20000000,0,,否,,0.59,,,,,,
711846,東洋永豐61購01,2026-09-04,0.7,-0.01,-1.41,6000000,0,,否,,0.73,0.76,,,-9.0226,,
711849,頎邦永豐63購01,2026-09-04,1.67,0.0,0.0,396000000,0,,是,,1.48,1.3,,,31.4947,,
711854,安勤元大61購01,2026-09-04,0.33,0.02,6.45,269000000,0,,是,,0.79,,,,,,
711855,艾訊元大61購03,2026-09-04,0.68,0.09,15.25,952000000,0,,是,,0.67,0.79,,,-25.1111,,
711856,欣銓元大65購01,2026-09-04,1.46,-0.01,-0.68,119000000,0,,否,,1.47,1.41,,,9.2262,,
711857,泓格元大67購01,2026-09-04,0.75,-0.02,-2.6,269000000,0,,是,,0.78,0.9,,,-23.4252,,
711859,順達元大63購02,2026-09-04,1.47,-0.07,-4.55,29000000,0,,否,,1.47,1.46,,,1.3831,,
711861,廣積元大61購01,2026-09-04,0.57,0.04,7.55,400000000,0,,是,,0.59,0.75,,,-35.4626,,
711864,雙鴻元大63購04,2026-09-04,1.5,0.07,4.9,60000000,0,,否,,1.26,0.96,,,90.8815,,
711866,智通*台新61購01,2026-09-04,1.01,0.06,6.32,65000000,0,,是,,1.07,1.0,,,14.8387,,
711868,頎邦台新61購07,2026-09-04,2.24,-0.35,-13.51,191000000,0,,否,,2.25,1.93,,,39.4802,,
711869,蜜望實台新61購01,2026-09-04,1.59,0.15,10.42,131000000,0,,否,,1.52,1.59,,,-8.1114,,
711870,廣積台新61購01,2026-09-04,0.99,0.01,1.02,26000000,0,,否,,1.11,1.33,,,-28.7918,,
711873,元太凱基66購01,2026-09-04,0.97,0.0,0.0,69000000,0,,否,,1.07,1.23,,,-22.7207,,
711874,立碁凱基61購01,2026-09-04,1.35,-0.16,-10.6,126000000,0,,否,,1.54,,,,,,
711875,宜鼎凱基61購06,2026-09-04,1.17,-0.12,-9.3,90000000,0,,否,,1.41,1.59,,,-19.8638,,
711876,宜鼎凱基63購01,2026-09-04,1.26,-0.05,-3.82,10000000,0,,否,,1.59,1.76,,,-17.7686,,
711877,富喬凱基61購07,2026-09-04,5.65,0.05,0.89,20000000,0,,否,,5.59,4.72,,,45.2468,,
711878,頎邦凱基61購06,2026-09-04,2.2,-0.24,-9.84,42000000,0,,否,,2.13,1.77,,,52.5036,,
711879,蜜望實凱基61購01,2026-09-04,1.19,0.11,10.19,56000000,0,,否,,1.09,1.19,,,-14.93,,
711880,營邦凱基61購04,2026-09-04,2.8,0.03,1.08,143000000,0,,否,,2.47,2.0,,,62.4179,,
711883,立碁國泰63購01,2026-09-04,2.95,-0.3,-9.23,21000000,0,,否,,3.22,2.79,,,37.3083,,
711887,智通*國泰63購01,2026-09-04,1.15,0.07,6.48,85000000,0,,是,,1.18,1.12,,,12.334,,
711889,中美晶富邦63購02,2026-09-04,0.74,-0.03,-3.9,7000000,0,,否,,0.75,0.78,,,-5.7644,,
711892,世界富邦61購04,2026-09-04,0.4,0.0,0.0,140000000,0,,是,,0.42,0.47,,,-18.4615,,
711893,世界富邦67購01,2026-09-04,0.61,-0.01,-1.61,187000000,0,,是,,0.63,0.67,,,-12.3249,,
711894,高技富邦63購01,2026-09-04,0.78,-0.05,-6.02,318000000,0,,否,,0.81,0.76,,,16.2857,26.5886,
711897,蜜望實統一67購01,2026-09-04,0.64,0.04,6.67,135000000,0,,否,,0.61,0.63,,,-6.1162,,
711899,中美晶群益61購03,2026-09-04,1.25,0.04,3.31,125000000,0,,是,,1.37,,,,,,
711900,元太群益61購01,2026-09-04,1.23,-0.06,-4.65,9000000,0,,否,,1.51,1.82,,,-29.4007,,
711901,高技群益61購02,2026-09-04,1.8,-0.2,-10.0,2866000000,0,,是,,1.93,1.81,,,14.3705,,
711905,中光電凱基61購08,2026-09-04,1.09,-0.12,-9.92,10000000,0,,是,,1.71,,,,,,
711906,中美晶凱基61購12,2026-09-04,1.28,0.11,9.4,28000000,0,,否,,1.26,1.31,,,-8.3212,,
711908,艾訊凱基61購02,2026-09-04,0.55,0.08,17.02,10000000,0,,,,,,,,,,
711909,欣銓凱基65購01,2026-09-04,1.39,-0.02,-1.42,28000000,0,,否,,1.42,1.37,,,7.739,,
711910,泓格凱基61購02,2026-09-04,0.76,0.03,4.11,10000000,0,,否,,,,,,,,
711912,振發凱基61購01,2026-09-04,1.88,-0.01,-0.53,41000000,0,,是,,1.97,,,,,,
711913,智通*凱基61購05,2026-09-04,1.02,-0.01,-0.97,10000000,0,,否,,1.09,,,,,,
711914,順達凱基63購02,2026-09-04,1.6,-0.15,-8.57,340000000,0,,是,,1.6,1.59,,,1.2642,,
711915,群聯凱基61購13,2026-09-04,1.5,-0.01,-0.66,25000000,0,,是,,1.61,1.7,,,-10.0671,,
711916,M31台新67購01,2026-09-04,1.68,0.03,1.82,10000000,0,,否,,1.74,1.89,,,-14.9853,,
711917,世界台新61購04,2026-09-04,1.2,0.04,3.45,3000000,0,,否,,1.28,1.36,,,-11.2344,,
711918,群聯台新67購05,2026-09-04,3.36,-0.06,-1.75,20000000,0,,否,,3.67,,,,,,
711919,群聯台新67購06,2026-09-04,2.99,0.01,0.34,1000000,0,,否,,3.23,,,,,,
711923,立碁元大61購02,2026-09-04,1.46,-0.22,-13.1,489000000,0,,是,,1.63,1.35,,,51.1152,,
711924,宜鼎元大61購11,2026-09-04,1.23,-0.05,-3.91,193000000,0,,否,,1.37,1.49,,,-14.6766,,
711925,泓格元大61購03,2026-09-04,0.63,0.04,6.78,10000000,0,,否,,0.79,0.98,,,-32.0755,,
711927,鈊象元大61購02,2026-09-04,1.08,-0.02,-1.82,11000000,0,,否,,1.1,1.34,,,-30.1648,,
711929,群聯元大63購06,2026-09-04,1.27,-0.08,-5.93,11000000,0,,否,,1.38,1.44,,,-8.1333,,
711930,中美晶永豐64購04,2026-09-04,1.37,-0.03,-2.14,48000000,0,,是,,1.38,1.38,,,-0.1451,,
711931,世界永豐64購01,2026-09-04,1.28,0.05,4.07,7000000,0,,否,,1.31,1.4,,,-11.2162,,
711932,宜鼎永豐61購05,2026-09-04,1.12,-0.09,-7.44,4000000,0,,否,,1.38,1.59,,,-24.0618,,
711934,鈊象永豐61購02,2026-09-04,1.05,-0.01,-0.94,2000000,0,,否,,1.11,,,,,,
711937,立碁國票64購01,2026-09-04,1.35,-0.15,-10.0,257000000,0,,是,,1.49,,,,,,
711938,泓格國票61購02,2026-09-04,0.7,-0.01,-1.41,458000000,0,,是,,0.91,,,,,,
711940,陽程國票61購03,2026-09-04,4.03,-0.05,-1.23,434000000,0,,是,,3.87,,,,,,
711941,頎邦國票63購01,2026-09-04,1.62,-0.11,-6.36,1263000000,0,,否,,1.63,,,,,,
711944,晟田國泰63購01,2026-09-04,0.89,-0.12,-11.88,77000000,0,,是,,1.03,1.16,,,-19.7205,,
711945,立碁富邦61購03,2026-09-04,0.81,-0.18,-18.18,201000000,0,,否,,0.91,0.81,,,29.9145,,
711947,頎邦統一6A購01,2026-09-04,1.03,0.04,4.04,490000000,0,,是,,0.92,,,,,,
711949,正德國票62購01,2026-09-04,1.21,-0.05,-3.97,226000000,0,,是,,1.28,1.31,,,-5.3333,,
711950,威剛國票62購03,2026-09-04,1.4,-0.07,-4.76,28000000,0,,否,,1.55,1.65,,,-11.3402,,
711955,宜鼎永豐63購04,2026-09-04,1.81,-0.07,-3.72,60000000,0,,否,,2.22,2.27,,,-4.8927,,
711959,宜鼎國泰63購01,2026-09-04,2.38,-0.03,-1.24,190000000,0,,否,,2.69,2.93,,,-15.5346,,
711969,元太凱基65購01,2026-09-04,1.09,-0.12,-9.92,2000000,0,,否,,1.23,1.36,,,-18.0,,
711971,威剛凱基63購02,2026-09-04,2.2,-0.1,-4.35,22000000,0,,是,,2.42,2.5,,,-5.9736,,
711972,高技凱基62購01,2026-09-04,2.52,-0.31,-10.95,37000000,0,,否,,2.65,2.53,,,10.3161,,
711975,頎邦凱基63購02,2026-09-04,3.47,-0.1,-2.8,3000000,0,,否,,3.12,2.74,,,32.5404,,
711978,雙鴻凱基62購01,2026-09-04,7.95,1.15,16.91,20000000,0,,否,,5.51,4.4,,,67.7419,,
711981,巨漢元大62購01,2026-09-04,1.3,0.04,3.17,58000000,0,,是,,1.33,1.41,,,-11.7177,,
711982,良維元大62購01,2026-09-04,1.84,0.07,3.95,410000000,0,,是,,1.83,1.62,,,28.7729,,
711988,群聯元大62購04,2026-09-04,1.99,-0.18,-8.29,119000000,0,,否,,2.15,2.22,,,-6.4516,,
711994,新應材群益62購01,2026-09-04,1.71,0.02,1.18,5000000,0,,否,,1.76,,,,,,
711995,中美晶台新62購01,2026-09-04,1.09,-0.02,-1.8,206000000,0,,否,,1.12,1.15,,,-4.9069,,
711998,威剛台新62購02,2026-09-04,1.29,0.01,0.78,204000000,0,,是,,1.46,,,,,,
711999,倉和台新68購01,2026-09-04,6.3,0.65,11.5,31000000,0,,否,,4.18,,,,,,
712000,臺慶科台新62購01,2026-09-04,1.96,0.21,12.0,86000000,0,,是,,1.99,,,,,,
712003,巨漢凱基63購01,2026-09-04,1.53,0.03,2.0,536000000,0,,是,,1.59,,,,,,
712004,良維凱基63購01,2026-09-04,2.76,0.4,16.95,44000000,0,,是,,2.47,2.08,,,46.09,,
712005,博智凱基63購03,2026-09-04,2.91,-0.02,-0.68,10000000,0,,是,,3.06,,,,,,
712006,順達凱基63購03,2026-09-04,2.42,0.13,5.68,2000000,0,,否,,2.0,,,,,,
712007,鈊象凱基64購03,2026-09-04,2.13,-0.01,-0.47,194000000,0,,是,,2.22,,,,,,
712011,世紀*國票66購01,2026-09-04,5.9,0.3,5.36,177000000,0,,否,,6.17,4.83,,,77.0953,,
712012,光焱國票66購01,2026-09-04,0.75,-0.03,-3.85,10000000,0,,否,,,,,,,,
712013,光焱國票68購01,2026-09-04,1.19,-0.08,-6.3,300000000,0,,是,,1.24,,,,,,
712014,沛亨國票66購01,2026-09-04,2.27,-0.08,-3.4,12000000,0,,否,,2.07,,,,,,
712015,宜鼎國票68購01,2026-09-04,1.44,0.01,0.7,40000000,0,,否,,1.7,,,,,,
712016,順達國票65購02,2026-09-04,1.71,0.0,0.0,53000000,0,,否,,1.7,1.69,,,1.0727,,
712020,均華元大64購01,2026-09-04,3.26,0.05,1.56,22000000,0,,否,,2.88,2.57,,,27.3694,,
712021,均豪元大64購03,2026-09-04,1.43,-0.02,-1.38,154000000,0,,是,,1.43,,,,,,
712024,良維元大64購01,2026-09-04,1.56,0.29,22.83,501000000,0,,否,,1.35,1.18,,,33.2677,,
712027,鈊象元大63購06,2026-09-04,1.29,0.0,0.0,59000000,0,,否,,1.31,1.45,,,-17.4242,,
712028,鈊象元大63購07,2026-09-04,0.96,0.01,1.05,140000000,0,,否,,0.97,1.08,,,-19.0317,,
712029,鈊象元大64購03,2026-09-04,0.67,0.01,1.52,250000000,0,,是,,0.7,0.82,,,-25.9023,,
712030,新應材元大63購01,2026-09-04,2.38,0.31,14.98,44000000,0,,否,,2.26,2.32,,,-4.958,,
712033,新應材元大64購01,2026-09-04,2.33,0.11,4.95,46000000,0,,否,,2.21,2.24,,,-2.1239,,
712034,群聯元大63購07,2026-09-04,2.03,-0.07,-3.33,57000000,0,,否,,2.17,2.29,,,-10.4132,,
712035,群聯元大63購08,2026-09-04,2.4,-0.01,-0.41,8000000,0,,否,,2.52,2.64,,,-8.4967,,
712036,群聯元大64購12,2026-09-04,1.41,-0.05,-3.42,651000000,0,,是,,1.51,1.59,,,-9.5808,,
712038,聖暉*國泰63購01,2026-09-04,0.88,0.07,8.64,675000000,0,,是,,0.87,0.98,,,-18.9239,,
712042,艾訊國票67購01,2026-09-04,0.97,0.09,10.23,41000000,0,,是,,1.05,,,,,,
712044,高技國票65購02,2026-09-04,1.73,-0.06,-3.35,110000000,0,,否,,1.75,1.71,,,5.4152,,
712045,博磊國票66購01,2026-09-04,1.04,0.07,7.22,3000000,0,,否,,1.0,1.07,,,-12.4561,,
712046,竑騰群益62購01,2026-09-04,2.96,0.14,4.96,155000000,0,,是,,3.07,,,,,,
712047,順達群益62購01,2026-09-04,2.71,0.12,4.63,42000000,0,,否,,2.46,2.49,,,-1.7544,,
712048,新應材群益62購02,2026-09-04,1.64,0.17,11.56,35000000,0,,否,,1.56,,,,,,
712049,聖暉*群益62購01,2026-09-04,0.8,-0.07,-8.05,116000000,0,,是,,1.01,,,,,,
712051,營邦群益62購02,2026-09-04,4.45,0.03,0.68,5000000,0,,否,,4.02,3.37,,,47.5771,,
712052,中光電元大64購02,2026-09-04,0.71,-0.17,-19.32,83000000,0,,否,,,,,,,,
712053,宜鼎元大63購05,2026-09-04,1.52,-0.17,-10.06,6000000,0,,否,,1.7,1.81,,,-11.4345,,
712054,宜鼎元大64購02,2026-09-04,1.34,-0.11,-7.59,226000000,0,,否,,1.47,1.57,,,-11.2048,,
712057,倉和元大63購01,2026-09-04,5.6,0.05,0.9,100000000,0,,是,,4.48,3.56,,,69.674,,
712058,高技元大63購01,2026-09-04,2.74,-0.19,-6.48,2000000,0,,否,,2.83,2.66,,,13.2106,,
712061,智通*元大64購01,2026-09-04,1.84,0.09,5.14,23000000,0,,否,,1.9,,,,,,
712062,群聯元大63購09,2026-09-04,1.92,-0.13,-6.34,49000000,0,,否,,2.07,2.14,,,-6.5099,,
712063,蜜望實元大63購01,2026-09-04,0.9,0.04,4.65,482000000,0,,否,,0.88,0.91,,,-6.962,,
712064,廣穎元大63購01,2026-09-04,0.84,-0.01,-1.18,279000000,0,,否,,0.9,0.97,,,-12.5969,,
712066,雙鴻元大63購06,2026-09-04,2.98,0.33,12.45,3000000,0,,否,,2.14,1.71,,,69.0852,,
712067,雙鴻元大64購03,2026-09-04,2.04,0.33,19.3,65000000,0,,否,,1.73,1.36,,,75.4564,,
712071,順達國泰63購02,2026-09-04,2.09,0.11,5.56,22000000,0,,否,,1.74,,,,,,
712073,新應材國泰63購01,2026-09-04,2.77,0.25,9.92,28000000,0,,是,,2.69,,,,,,
712074,營邦國泰63購01,2026-09-04,4.58,0.35,8.27,10000000,0,,否,,4.02,3.36,,,49.2582,,
712075,新應材中信62購01,2026-09-04,1.02,0.01,0.99,250000000,0,,是,,1.06,1.1,,,-7.4913,,
712076,竑騰永豐63購01,2026-09-04,2.1,0.39,22.81,160000000,0,,是,,2.15,2.14,,,0.6548,,
712077,博磊永豐63購01,2026-09-04,1.46,0.02,1.39,50000000,0,,是,,1.46,,,,,,
712078,順達永豐63購01,2026-09-04,2.42,0.02,0.83,19000000,0,,否,,2.22,,,,,,
712079,新應材永豐68購01,2026-09-04,0.87,0.03,3.57,2000000,0,,否,,0.84,,,,,,
712080,新應材永豐68購02,2026-09-04,0.98,0.09,10.11,61000000,0,,否,,0.95,,,,,,
712082,群聯永豐64購11,2026-09-04,2.11,-0.01,-0.47,91000000,0,,是,,2.26,,,,,,
712083,均華凱基64購01,2026-09-04,4.09,0.2,5.14,120000000,0,,否,,3.55,3.14,,,30.7579,,
712084,沛亨凱基63購01,2026-09-04,3.34,0.14,4.38,5000000,0,,否,,2.86,2.52,,,30.9808,,
712085,宜鼎凱基68購01,2026-09-04,2.46,-0.05,-1.99,255000000,0,,是,,2.69,2.9,,,-13.329,,
712086,新應材凱基63購01,2026-09-04,1.93,0.25,14.88,2000000,0,,否,,1.78,1.87,,,-9.3878,,
712087,新應材凱基63購02,2026-09-04,2.72,0.33,13.81,14000000,0,,否,,2.53,,,,,,
712088,新應材凱基63購03,2026-09-04,2.83,0.41,16.94,13000000,0,,否,,2.7,,,,,,
712089,新應材凱基64購01,2026-09-04,2.43,0.2,8.97,28000000,0,,否,,2.42,,,,,,
712091,臺慶科凱基63購02,2026-09-04,2.56,0.22,9.4,34000000,0,,否,,2.69,,,,,,
712093,譜瑞凱基63購01,2026-09-04,1.63,0.0,0.0,124000000,0,,否,,1.71,1.78,,,-7.684,,
712096,均華台新62購01,2026-09-04,3.5,0.35,11.11,23000000,0,,是,,2.79,,,,,,
712097,均華台新62購02,2026-09-04,3.9,0.34,9.55,20000000,0,,是,,2.72,,,,,,
712102,博磊台新62購01,2026-09-04,1.62,0.07,4.52,338000000,0,,是,,1.59,1.69,,,-10.962,,
712103,群聯台新68購01,2026-09-04,3.33,-0.12,-3.48,8000000,0,,否,,3.53,3.61,,,-3.9674,,
712104,聚和台新62購01,2026-09-04,1.53,-0.03,-1.92,42000000,0,,否,,1.51,1.6,,,-10.545,,
712106,營邦台新62購02,2026-09-04,2.93,-0.11,-3.62,110000000,0,,是,,2.64,,,,,,
712107,營邦台新65購01,2026-09-04,3.11,-0.22,-6.61,126000000,0,,是,,2.9,2.43,,,46.7072,,
712108,均華富邦63購01,2026-09-04,2.05,0.03,1.49,60000000,0,,否,,1.81,1.58,,,33.5799,,
712112,順達富邦63購02,2026-09-04,1.24,0.02,1.64,33000000,0,,否,,1.21,1.19,,,3.9384,,
712113,新應材富邦63購03,2026-09-04,1.02,0.05,5.15,8000000,0,,否,,1.03,,,,,,
712114,新應材富邦64購01,2026-09-04,1.02,0.14,15.91,108000000,0,,是,,0.96,,,,,,
712118,群聯統一6A購01,2026-09-04,1.05,0.01,0.96,52000000,0,,否,,1.12,1.12,,,-0.5348,,
712120,系統電國票67購01,2026-09-04,0.84,0.02,2.44,10000000,0,,否,,0.91,,,,,,
712124,能率國票65購01,2026-09-04,1.29,-0.02,-1.53,17000000,0,,是,,1.41,,,,,,
712126,順達國票67購01,2026-09-04,1.96,0.04,2.08,76000000,0,,否,,1.93,,,,,,
712127,廣穎國票65購02,2026-09-04,1.04,0.02,1.96,7000000,0,,否,,1.17,,,,,,
712128,中美晶台新65購02,2026-09-04,1.35,-0.01,-0.74,24000000,0,,是,,1.4,,,,,,
712129,宜鼎台新62購04,2026-09-04,1.94,-0.04,-2.02,2000000,0,,否,,2.43,,,,,,
712130,新應材台新62購01,2026-09-04,1.78,0.26,17.11,45000000,0,,是,,1.81,,,,,,
712131,新應材台新62購02,2026-09-04,2.69,-0.03,-1.1,229000000,0,,是,,2.76,2.9,,,-8.7789,,
712132,中光電元大64購03,2026-09-04,1.67,-0.35,-17.33,2000000,0,,否,,2.08,,,,,,
712133,中美晶元大64購04,2026-09-04,1.59,0.02,1.27,164000000,0,,否,,1.58,1.61,,,-3.6496,,
712134,台特化元大64購01,2026-09-04,1.31,-0.06,-4.38,2000000,0,,否,,1.43,,,,,,
712136,廣積元大63購04,2026-09-04,2.27,0.03,1.34,16000000,0,,否,,2.36,,,,,,
712137,營邦元大64購01,2026-09-04,2.53,-0.02,-0.78,10000000,0,,否,,2.23,1.98,,,28.5714,,
712139,富喬中信64購01,2026-09-04,2.27,-0.51,-18.35,9000000,0,,否,,2.44,,,,,,
712148,頎邦永豐63購02,2026-09-04,2.44,-0.01,-0.41,64000000,0,,否,,2.31,2.08,,,23.8453,,
712152,世界群益62購03,2026-09-04,1.76,0.07,4.14,43000000,0,,否,,1.81,2.04,,,-19.9115,,
712153,均華群益68購01,2026-09-04,4.47,0.19,4.44,881000000,0,,是,,4.04,3.58,,,29.5892,,
712154,宜特群益62購01,2026-09-04,1.69,0.0,0.0,29000000,0,,否,,1.69,,,,,,
712155,家登群益62購01,2026-09-04,3.18,-0.28,-8.09,30000000,0,,否,,3.27,,,,,,
712156,博智群益63購02,2026-09-04,1.8,-0.15,-7.69,3000000,0,,否,,1.93,,,,,,
712157,群聯群益64購02,2026-09-04,3.67,-0.55,-13.03,8000000,0,,否,,4.76,,,,,,
712158,頎邦群益62購01,2026-09-04,2.16,-0.25,-10.37,6000000,0,,否,,2.2,1.98,,,24.6886,,
712163,宜鼎凱基63購02,2026-09-04,1.99,-0.08,-3.86,60000000,0,,否,,2.46,2.6,,,-9.9415,,
712165,倉和凱基63購01,2026-09-04,5.75,0.88,18.07,52000000,0,,否,,3.98,2.98,,,101.1122,,
712166,智通*凱基63購01,2026-09-04,2.34,-0.19,-7.51,1000000,0,,否,,2.41,,,,,,
712168,蜜望實凱基63購01,2026-09-04,1.49,0.19,14.62,42000000,0,,是,,1.43,,,,,,
712169,營邦凱基63購01,2026-09-04,4.15,0.27,6.96,78000000,0,,否,,3.72,3.12,,,47.9332,,
712171,巨漢富邦63購02,2026-09-04,0.65,0.03,4.84,66000000,0,,否,,0.69,,,,,,
712174,中美晶國泰63購03,2026-09-04,1.97,-0.02,-1.01,10000000,0,,否,,1.99,,,,,,
712175,巨漢國泰63購01,2026-09-04,2.18,-0.05,-2.24,470000000,0,,是,,2.29,,,,,,
712180,中光電元大64購04,2026-09-04,1.45,-0.16,-9.94,45000000,0,,否,,1.82,,,,,,
712182,弘塑元大64購02,2026-09-04,1.06,-0.01,-0.93,8000000,0,,否,,1.09,1.14,,,-7.9258,,
712183,艾訊元大63購01,2026-09-04,1.19,0.09,8.18,34000000,0,,否,,1.24,,,,,,
712184,威剛元大63購04,2026-09-04,1.56,0.02,1.3,20000000,0,,否,,1.63,1.71,,,-8.5106,,
712185,威剛元大64購03,2026-09-04,1.02,-0.08,-7.27,6000000,0,,否,,1.11,1.15,,,-6.7454,,
712187,萬潤元大63購01,2026-09-04,1.28,-0.01,-0.78,488000000,0,,否,,1.33,1.28,,,7.4554,,
712189,中美晶台新65購03,2026-09-04,1.17,-0.06,-4.88,18000000,0,,是,,1.16,,,,,,
712195,家登台新65購01,2026-09-04,1.5,-0.07,-4.46,3000000,0,,,,,,,,,,
712197,萬潤台新62購02,2026-09-04,2.14,-0.01,-0.47,352000000,0,,否,,2.22,2.06,,,16.3694,,
712198,萬潤台新62購03,2026-09-04,2.67,0.01,0.38,1008000000,0,,是,,2.78,2.59,,,15.5316,,
712199,萬潤台新65購01,2026-09-04,2.14,-0.01,-0.47,708000000,0,,是,,2.24,2.1,,,14.4025,,
712200,萬潤台新68購01,2026-09-04,2.38,-0.07,-2.86,292000000,0,,否,,2.48,2.32,,,14.1935,,
712201,世禾凱基66購01,2026-09-04,0.74,0.02,2.78,11000000,0,,否,,,,,,,,
712205,高技凱基63購01,2026-09-04,1.8,-0.12,-6.25,27000000,0,,否,,1.84,1.76,,,8.5106,,
712206,博智凱基63購04,2026-09-04,1.93,-0.06,-3.02,129000000,0,,否,,2.07,,,,,,
712208,新應材凱基63購05,2026-09-04,0.9,-0.02,-2.17,21000000,0,,,,,,,,,,
712211,富喬中信64購02,2026-09-04,1.84,-0.51,-21.7,12000000,0,,否,,2.01,1.71,,,42.0904,,
712212,中美晶永豐64購05,2026-09-04,1.01,0.09,9.78,10000000,0,,否,,1.54,,,,,,
712213,天正永豐65購01,2026-09-04,0.97,0.04,4.3,46000000,0,,是,,,,,,,,
712215,金山電永豐65購01,2026-09-04,0.75,0.06,8.7,470000000,0,,是,,0.71,,,,,,
712218,萬潤永豐65購01,2026-09-04,1.26,-0.06,-4.55,327000000,0,,否,,1.31,1.24,,,13.6678,,
712220,萬潤永豐68購01,2026-09-04,1.79,-0.1,-5.29,270000000,0,,否,,1.86,1.75,,,12.2128,,
712221,德昌永豐65購01,2026-09-04,0.62,-0.03,-4.62,20000000,0,,否,,0.67,,,,,,
712222,營邦永豐63購01,2026-09-04,2.01,0.01,0.5,19000000,0,,否,,1.84,,,,,,
712224,互動國票66購01,2026-09-04,0.73,-0.04,-5.19,121000000,0,,,,,,,,,,
712226,金山電國票65購01,2026-09-04,0.82,0.19,30.16,1000000,0,,否,,0.67,,,,,,
712227,金山電國票67購01,2026-09-04,0.82,0.12,17.14,11000000,0,,否,,,,,,,,
712228,家登國票63購01,2026-09-04,3.03,0.02,0.66,187000000,0,,是,,2.87,,,,,,
712230,凱崴國票65購01,2026-09-04,1.07,0.01,0.94,100000000,0,,否,,1.11,1.1,,,1.4679,,
712231,博磊國票68購01,2026-09-04,0.71,0.01,1.43,18000000,0,,否,,0.71,,,,,,
712232,港建*國票63購01,2026-09-04,1.04,-0.04,-3.7,11000000,0,,,,,,,,,,
712234,萬潤國票66購01,2026-09-04,1.01,-0.01,-0.98,398000000,0,,否,,1.05,1.0,,,10.7595,,
712235,萬潤國票68購01,2026-09-04,1.1,-0.02,-1.79,85000000,0,,否,,1.14,1.07,,,12.4752,,
712236,中美晶富邦62購02,2026-09-04,0.87,-0.02,-2.25,57000000,0,,否,,0.89,0.91,,,-4.2918,,
712237,弘塑富邦63購02,2026-09-04,0.68,-0.03,-4.23,237000000,0,,否,,0.69,,,,,,
712240,台嘉碩群益62購01,2026-09-04,1.34,-0.01,-0.74,10000000,0,,,,,,,,,,
712243,宏捷科群益64購01,2026-09-04,1.1,-0.15,-12.0,1026000000,0,,是,,1.33,1.37,,,-5.6818,,
712245,宜鼎群益62購01,2026-09-04,1.03,-0.08,-7.21,1000000,0,,否,,1.23,1.37,,,-19.1293,,
712246,金山電群益62購01,2026-09-04,1.43,0.19,15.32,190000000,0,,否,,1.35,,,,,,
712247,前鼎群益68購01,2026-09-04,4.58,0.59,14.79,6000000,0,,否,,4.11,3.3,,,65.4589,,
712250,智通*群益62購01,2026-09-04,1.44,0.07,5.11,52000000,0,,否,,1.41,,,,,,
712251,新應材群益66購01,2026-09-04,1.89,0.15,8.62,71000000,0,,否,,1.77,1.87,,,-10.7071,,
712252,萬潤群益68購01,2026-09-04,1.95,-0.08,-3.94,510000000,0,,否,,2.04,1.93,,,12.3348,,
712254,頎邦群益62購02,2026-09-04,2.7,-0.34,-11.18,352000000,0,,是,,2.71,2.45,,,24.0842,,
712255,雙鴻群益62購03,2026-09-04,3.9,1.3,50.0,3000000,0,,否,,2.67,,,,,,
712258,沛亨統一68購02,2026-09-04,1.13,0.01,0.89,177000000,0,,是,,1.01,0.92,,,22.0339,,
712259,金山電統一67購01,2026-09-04,0.49,0.04,8.89,303000000,0,,是,,0.48,,,,,,
712262,能率亞統一68購01,2026-09-04,0.65,-0.01,-1.52,5000000,0,,否,,,,,,,,
712265,萬潤統一65購01,2026-09-04,1.13,-0.05,-4.24,243000000,0,,否,,1.19,1.11,,,16.8297,,
712266,萬潤統一6A購03,2026-09-04,1.02,-0.13,-11.3,336000000,0,,否,,1.09,1.01,,,17.7106,,
712267,萬潤統一6B購01,2026-09-04,0.77,0.0,0.0,1549000000,0,,是,,0.78,0.75,,,7.989,,
712268,萬潤統一6C購01,2026-09-04,0.74,-0.01,-1.33,226000000,0,,否,,0.75,0.72,,,9.3023,,
712271,泓格國泰63購02,2026-09-04,0.96,0.03,3.23,87000000,0,,是,,0.99,,,,,,
712272,金山電國泰63購01,2026-09-04,1.93,0.13,7.22,115000000,0,,是,,1.87,2.01,,,-12.7799,,
712273,金山電國泰64購01,2026-09-04,1.9,0.2,11.76,40000000,0,,否,,1.85,1.89,,,-4.4467,,
712274,萬潤國泰63購01,2026-09-04,1.73,-0.01,-0.57,1286000000,0,,否,,1.8,1.7,,,11.5528,,
712275,弘塑台新62購01,2026-09-04,1.11,0.0,0.0,100000000,0,,否,,1.44,,,,,,
712276,弘塑台新62購02,2026-09-04,0.95,-0.08,-7.77,31000000,0,,否,,1.15,,,,,,
712280,沛亨台新62購01,2026-09-04,1.95,-0.14,-6.7,544000000,0,,是,,1.86,,,,,,
712284,竑騰台新62購02,2026-09-04,1.95,0.57,41.3,383000000,0,,是,,1.84,1.77,,,7.7374,,
712286,新應材台新62購03,2026-09-04,1.38,0.1,7.81,101000000,0,,是,,,,,,,,
712288,群聯台新62購02,2026-09-04,1.76,-0.19,-9.74,1000000,0,,否,,2.0,,,,,,
712291,雙鴻台新68購02,2026-09-04,2.57,-0.03,-1.15,57000000,0,,是,,2.29,,,,,,
712295,世界元大63購09,2026-09-04,0.76,-0.01,-1.3,582000000,0,,是,,0.85,1.01,,,-27.2572,,
712297,弘塑元大64購03,2026-09-04,0.65,0.01,1.56,364000000,0,,否,,0.66,0.68,,,-5.7471,,
712298,良維元大64購02,2026-09-04,1.25,0.23,22.55,755000000,0,,是,,1.08,0.94,,,33.0864,,
712299,宜鼎元大64購03,2026-09-04,1.15,0.02,1.77,2000000,0,,否,,1.35,1.4,,,-6.8966,,
712300,陽程元大64購02,2026-09-04,2.73,-0.08,-2.85,1000000,0,,否,,2.39,,,,,,
712302,中光電凱基65購01,2026-09-04,0.67,-0.08,-10.67,200000000,0,,是,,0.95,,,,,,
712303,中美晶凱基63購06,2026-09-04,0.96,-0.03,-3.03,137000000,0,,是,,1.1,,,,,,
712305,弘塑凱基64購01,2026-09-04,0.88,0.0,0.0,1000000,0,,否,,0.84,,,,,,
712306,金山電凱基63購01,2026-09-04,1.07,0.03,2.88,4000000,0,,否,,1.09,,,,,,
712307,金山電凱基63購02,2026-09-04,1.25,0.17,15.74,7000000,0,,否,,1.15,1.2,,,-7.3955,,
712308,威剛凱基63購04,2026-09-04,1.4,-0.25,-15.15,10000000,0,,否,,1.6,,,,,,
712309,群聯凱基66購03,2026-09-04,1.26,-0.19,-13.1,93000000,0,,是,,1.78,,,,,,
712310,頎邦凱基64購03,2026-09-04,1.27,-0.17,-11.81,282000000,0,,是,,1.3,,,,,,
712313,新應材國泰64購01,2026-09-04,1.68,0.15,9.8,29000000,0,,否,,1.63,,,,,,
712314,弘塑統一67購01,2026-09-04,0.55,-0.03,-5.17,10000000,0,,否,,0.55,0.59,,,-10.9325,,
712315,由田統一68購01,2026-09-04,0.9,-0.08,-8.16,1000000,0,,否,,0.99,,,,,,
712316,金山電統一66購01,2026-09-04,0.46,0.01,2.22,167000000,0,,否,,0.48,,,,,,
712317,金山電統一68購01,2026-09-04,0.66,0.07,11.86,299000000,0,,否,,0.63,0.66,,,-7.8488,,
712319,倉和統一68購01,2026-09-04,1.68,0.16,10.53,1087000000,0,,是,,1.22,,,,,,
712320,富喬中信64購03,2026-09-04,1.14,-0.03,-2.56,1590000000,0,,否,,1.21,1.05,,,34.8214,,
712322,巨漢永豐63購01,2026-09-04,0.81,0.0,0.0,136000000,0,,是,,0.85,,,,,,
712324,建榮永豐64購01,2026-09-04,1.15,0.0,0.0,376000000,0,,是,,1.22,1.21,,,2.0,,
712325,胡連永豐63購01,2026-09-04,0.92,-0.02,-2.13,43000000,0,,否,,0.99,1.04,,,-9.6892,,
712326,茂綸永豐64購01,2026-09-04,0.73,-0.01,-1.35,56000000,0,,否,,0.74,,,,,,
712327,茂綸永豐65購01,2026-09-04,0.92,-0.07,-7.07,60000000,0,,否,,0.98,,,,,,
712328,竑騰永豐64購01,2026-09-04,1.55,0.28,22.05,10000000,0,,否,,1.8,,,,,,
712329,富喬永豐64購02,2026-09-04,2.16,-0.19,-8.09,109000000,0,,否,,2.34,2.01,,,39.239,,
712331,聖暉*永豐63購01,2026-09-04,1.26,-0.06,-4.55,86000000,0,,是,,1.41,,,,,,
712336,均華國票63購01,2026-09-04,1.86,0.14,8.14,108000000,0,,否,,1.57,1.38,,,32.9392,,
712339,博智國票63購01,2026-09-04,2.47,-0.15,-5.73,10000000,0,,否,,,,,,,,
712340,智通*國票63購01,2026-09-04,1.45,0.07,5.07,24000000,0,,是,,1.49,,,,,,
712345,世界群益67購01,2026-09-04,0.8,0.03,3.9,5000000,0,,否,,0.83,,,,,,
712348,宏捷科群益62購01,2026-09-04,0.83,-0.08,-8.79,39000000,0,,否,,0.98,,,,,,
712349,沛亨群益62購01,2026-09-04,2.18,-0.09,-3.96,1057000000,0,,是,,1.95,1.77,,,23.0479,,
712350,茂達群益62購01,2026-09-04,1.17,-0.03,-2.5,11000000,0,,否,,1.18,1.25,,,-9.6183,,
712351,矽科台新62購01,2026-09-04,0.85,0.02,2.41,1505000000,0,,,,,,,,,,
712352,新應材台新62購04,2026-09-04,2.27,0.42,22.7,17000000,0,,是,,,,,,,,
712353,世界凱基63購05,2026-09-04,0.82,-0.01,-1.2,50000000,0,,否,,0.86,,,,,,
712354,台特化凱基67購01,2026-09-04,1.75,0.0,0.0,5000000,0,,否,,1.91,,,,,,
712355,宜鼎凱基63購03,2026-09-04,1.08,-0.04,-3.57,10000000,0,,否,,1.41,,,,,,
712356,前鼎凱基67購01,2026-09-04,1.99,0.16,8.74,6000000,0,,否,,1.8,,,,,,
712357,新應材凱基64購02,2026-09-04,1.64,0.31,23.31,20000000,0,,否,,1.52,,,,,,
712358,青雲元大63購01,2026-09-04,0.66,0.0,0.0,19000000,0,,否,,0.69,0.69,,,0.2924,,
712360,前鼎永豐68購01,2026-09-04,2.01,-0.09,-4.29,75000000,0,,否,,1.72,,,,,,
712362,達航永豐63購02,2026-09-04,1.46,0.03,2.1,91000000,0,,否,,1.4,1.29,,,17.479,,
712365,前鼎國票68購01,2026-09-04,1.56,0.21,15.56,27000000,0,,否,,1.45,,,,,,
712366,竑騰國票63購01,2026-09-04,1.65,0.36,27.91,1114000000,0,,是,,1.73,1.72,,,0.7001,,
712367,聚和國票65購01,2026-09-04,1.0,-0.04,-3.85,10000000,0,,是,,1.07,,,,,,
712370,欣銓群益63購01,2026-09-04,2.05,-0.05,-2.38,15000000,0,,否,,2.06,1.98,,,8.4388,,
712371,金山電群益63購01,2026-09-04,1.13,0.14,14.14,270000000,0,,是,,1.04,1.09,,,-9.2496,,
712372,青雲群益63購01,2026-09-04,0.88,-0.12,-12.0,80000000,0,,否,,0.94,,,,,,
712373,威剛群益64購01,2026-09-04,0.6,-0.06,-9.09,5000000,0,,否,,0.7,,,,,,
712375,群聯群益64購03,2026-09-04,1.06,-0.08,-7.02,209000000,0,,否,,1.22,,,,,,
712376,雙鴻群益64購02,2026-09-04,2.11,0.46,27.88,10000000,0,,否,,1.68,1.28,,,91.9908,,
712378,世界富邦65購01,2026-09-04,0.59,0.0,0.0,14000000,0,,否,,0.64,,,,,,
712380,新應材富邦64購02,2026-09-04,0.71,0.1,16.39,35000000,0,,否,,0.66,,,,,,
712381,沛亨統一65購03,2026-09-04,1.07,-0.03,-2.73,365000000,0,,否,,0.96,0.85,,,30.4348,,
712383,前鼎統一66購01,2026-09-04,1.4,0.3,27.27,81000000,0,,否,,1.16,0.9,,,82.0755,,
712385,富喬統一65購04,2026-09-04,1.45,-0.2,-12.12,684000000,0,,否,,1.61,,,,,,
712386,頎邦統一66購02,2026-09-04,0.96,-0.09,-8.57,1656000000,0,,是,,0.97,0.89,,,20.5446,,
712388,博磊國票65購01,2026-09-04,0.57,-0.04,-6.56,200000000,0,,是,,,,,,,,
712391,宸曜台新62購01,2026-09-04,1.52,0.02,1.33,1000000,0,,否,,1.73,,,,,,
712393,新應材台新64購01,2026-09-04,2.18,0.13,6.34,52000000,0,,是,,2.19,,,,,,
712398,中美晶凱基64購02,2026-09-04,1.65,0.09,5.77,4000000,0,,否,,,,,,,,
712400,宜鼎凱基63購04,2026-09-04,0.48,-0.07,-12.73,13000000,0,,否,,0.57,,,,,,
712401,青雲凱基63購01,2026-09-04,1.05,-0.07,-6.25,11000000,0,,否,,1.15,,,,,,
712402,威剛凱基64購03,2026-09-04,1.1,0.04,3.77,27000000,0,,否,,,,,,,,
712406,群聯凱基63購08,2026-09-04,1.14,-0.02,-1.72,27000000,0,,否,,1.59,,,,,,
712408,群聯凱基63購10,2026-09-04,1.23,0.01,0.82,10000000,0,,否,,1.35,,,,,,
712410,方土昶群益63購01,2026-09-04,1.21,-0.15,-11.03,10000000,0,,否,,1.54,,,,,,
712415,弘塑群益63購01,2026-09-04,0.75,-0.01,-1.32,13000000,0,,否,,0.81,,,,,,
712416,艾訊群益63購01,2026-09-04,0.66,0.09,15.79,50000000,0,,否,,0.65,,,,,,
712421,雙鴻群益65購01,2026-09-04,1.75,0.53,43.44,1000000,0,,否,,1.3,,,,,,
712422,閎康元大63購04,2026-09-04,0.56,-0.03,-5.08,241000000,0,,否,,0.59,,,,,,
712424,新應材元大64購02,2026-09-04,1.07,0.15,16.3,44000000,0,,否,,1.0,,,,,,
712425,營邦元大64購02,2026-09-04,1.92,-0.03,-1.54,84000000,0,,否,,1.73,1.47,,,42.6689,,
712429,雙鴻中信63購03,2026-09-04,1.1,-0.01,-0.9,10000000,0,,否,,0.95,,,,,,
712430,均華永豐63購01,2026-09-04,2.05,0.21,11.41,7000000,0,,否,,,,,,,,
712434,新潤永豐63購01,2026-09-04,0.77,-0.02,-2.53,27000000,0,,否,,,,,,,,
712436,群聯永豐68購01,2026-09-04,0.69,0.01,1.47,7000000,0,,否,,0.73,0.75,,,-5.4687,,
712437,雙鴻永豐64購05,2026-09-04,2.3,0.66,40.24,1000000,0,,否,,1.69,,,,,,
712440,聖暉*國泰63購02,2026-09-04,0.58,0.03,5.45,112000000,0,,是,,0.6,,,,,,
712443,宏捷科富邦64購01,2026-09-04,0.57,-0.01,-1.72,180000000,0,,否,,0.63,0.63,,,1.2862,,
712444,宏捷科富邦65購01,2026-09-04,0.58,0.01,1.75,3000000,0,,否,,0.65,,,,,,
712446,頎邦富邦64購03,2026-09-04,0.78,-0.1,-11.36,498000000,0,,否,,0.79,0.7,,,28.5714,,
712447,頎邦富邦65購01,2026-09-04,0.59,-0.07,-10.61,2289000000,0,,是,,0.59,,,,,,
712452,台特化台新65購01,2026-09-04,1.89,-0.04,-2.07,1000000,0,,否,,2.08,2.11,,,-2.7078,,
712454,富喬台新65購01,2026-09-04,3.43,-0.1,-2.83,61000000,0,,否,,3.69,,,,,,
712456,新應材台新64購02,2026-09-04,1.29,0.24,22.86,35000000,0,,,,,,,,,,
712457,頎邦台新68購01,2026-09-04,2.84,-0.44,-13.41,354000000,0,,是,,2.87,,,,,,
712458,營邦台新65購02,2026-09-04,2.26,-0.2,-8.13,410000000,0,,是,,2.09,,,,,,
712461,世界凱基66購02,2026-09-04,1.01,0.0,0.0,55000000,0,,否,,1.03,,,,,,
712463,弘塑凱基63購02,2026-09-04,0.9,-0.02,-2.17,105000000,0,,否,,0.95,,,,,,
712466,倚強凱基63購01,2026-09-04,2.2,0.1,4.76,10000000,0,,否,,1.95,,,,,,
712467,富喬凱基63購03,2026-09-04,1.67,-0.21,-11.17,139000000,0,,是,,1.82,,,,,,
712470,新應材凱基63購06,2026-09-04,0.66,0.12,22.22,30000000,0,,,,,,,,,,
712473,群聯中信62購02,2026-09-04,0.52,-0.04,-7.14,30000000,0,,否,,0.64,,,,,,
712474,均華永豐63購02,2026-09-04,1.81,0.07,4.02,168000000,0,,是,,1.62,,,,,,
712475,良維永豐63購01,2026-09-04,1.93,0.11,6.04,26000000,0,,否,,1.55,,,,,,
712476,宜鼎永豐66購02,2026-09-04,0.78,-0.06,-7.14,131000000,0,,是,,0.88,,,,,,
712477,順達永豐63購02,2026-09-04,1.87,-0.04,-2.09,3000000,0,,否,,1.89,,,,,,
712478,順達永豐63購03,2026-09-04,1.36,-0.09,-6.21,39000000,0,,,,,,,,,,
712481,群聯永豐68購02,2026-09-04,1.57,0.01,0.64,45000000,0,,否,,1.64,1.69,,,-4.8611,,
712482,廣閎科永豐63購01,2026-09-04,0.87,-0.03,-3.33,105000000,0,,否,,0.85,,,,,,
712483,廣閎科永豐63購02,2026-09-04,0.7,-0.1,-12.5,82000000,0,,是,,0.72,,,,,,
712484,廣閎科永豐65購01,2026-09-04,0.79,-0.04,-4.82,115000000,0,,是,,0.8,,,,,,
712485,廣閎科永豐68購01,2026-09-04,1.17,0.08,7.34,90000000,0,,是,,1.06,,,,,,
712487,巨漢元大64購01,2026-09-04,1.05,-0.06,-5.41,202000000,0,,是,,,,,,,,
712488,宜鼎元大63購06,2026-09-04,0.88,0.01,1.15,3000000,0,,否,,1.12,,,,,,
712489,宜鼎元大64購04,2026-09-04,0.63,0.0,0.0,7000000,0,,否,,0.75,,,,,,
712490,富喬元大63購03,2026-09-04,1.75,-0.17,-8.85,8000000,0,,否,,1.93,,,,,,
712491,富喬元大63購04,2026-09-04,1.6,-0.08,-4.76,270000000,0,,否,,1.63,,,,,,
712492,富喬元大63購05,2026-09-04,2.49,-0.09,-3.49,123000000,0,,否,,2.48,,,,,,
712493,富喬元大63購06,2026-09-04,2.67,-0.1,-3.61,139000000,0,,否,,2.81,,,,,,
712494,富喬元大64購06,2026-09-04,1.29,-0.09,-6.52,94000000,0,,否,,1.42,,,,,,
712495,群聯元大63購10,2026-09-04,1.76,-0.07,-3.83,1000000,0,,否,,1.88,,,,,,
712496,群聯元大63購13,2026-09-04,0.77,-0.12,-13.48,1000000,0,,否,,1.03,,,,,,
712498,廣穎元大63購02,2026-09-04,0.67,-0.05,-6.94,348000000,0,,否,,0.75,,,,,,
712499,廣穎元大63購03,2026-09-04,0.44,0.01,2.33,600000000,0,,是,,0.5,,,,,,
712500,營邦元大63購01,2026-09-04,1.41,-0.01,-0.7,1000000,0,,否,,1.26,,,,,,
712501,營邦元大63購03,2026-09-04,0.95,0.03,3.26,338000000,0,,否,,0.87,,,,,,
712502,營邦元大64購04,2026-09-04,0.93,-0.04,-4.12,608000000,0,,是,,0.87,,,,,,
712506,富喬國票66購01,2026-09-04,3.95,-0.02,-0.5,434000000,0,,否,,4.15,,,,,,
712507,鴻呈國票66購01,2026-09-04,0.69,0.0,0.0,20000000,0,,否,,0.71,0.7,,,3.1792,,
712509,千如國泰63購01,2026-09-04,2.0,0.25,14.29,10000000,0,,,,,,,,,,
712512,新應材國泰63購02,2026-09-04,1.37,0.16,13.22,36000000,0,,否,,1.29,,,,,,
712513,千附精富邦62購01,2026-09-04,0.86,0.05,6.17,211000000,0,,否,,0.85,,,,,,
712514,中美晶富邦65購01,2026-09-04,0.63,-0.02,-3.08,55000000,0,,否,,0.64,,,,,,
712515,順達富邦63購03,2026-09-04,0.97,-0.06,-5.83,2000000,0,,否,,0.96,,,,,,
712516,廣閎科富邦62購01,2026-09-04,0.43,-0.03,-6.52,12000000,0,,否,,0.44,,,,,,
712517,營邦富邦65購01,2026-09-04,1.2,0.02,1.69,815000000,0,,否,,1.12,,,,,,
712518,中美晶群益63購02,2026-09-04,2.44,0.02,0.83,71000000,0,,否,,2.48,2.52,,,-3.5798,,
712523,廣閎科群益63購01,2026-09-04,1.03,-0.06,-5.5,307000000,0,,是,,0.97,,,,,,
712527,弘塑統一66購01,2026-09-04,0.56,-0.02,-3.45,144000000,0,,是,,0.56,0.6,,,-11.875,,
712528,均華統一69購01,2026-09-04,0.95,0.07,7.95,1923000000,0,,是,,0.84,0.76,,,24.1888,,
712529,高技統一66購01,2026-09-04,0.79,-0.02,-2.47,110000000,0,,否,,0.79,0.75,,,11.898,,
712530,陽程統一66購03,2026-09-04,1.48,-0.34,-18.68,119000000,0,,否,,1.7,,,,,,
712531,順達統一6B購01,2026-09-04,0.83,0.02,2.47,18000000,0,,,,,,,,,,
712533,台半群益63購01,2026-09-04,1.1,-0.04,-3.51,40000000,0,,否,,1.16,,,,,,
712534,台特化群益62購02,2026-09-04,3.14,-0.06,-1.88,1000000,0,,否,,3.68,,,,,,
712535,東捷群益64購01,2026-09-04,1.07,0.18,20.22,1694000000,0,,是,,,,,,,,
712536,鉅橡群益63購01,2026-09-04,0.99,-0.09,-8.33,1000000,0,,否,,,,,,,,
712537,臺慶科群益63購01,2026-09-04,0.78,0.01,1.3,2000000,0,,否,,,,,,,,
712538,廣閎科群益64購01,2026-09-04,1.42,-0.02,-1.39,269000000,0,,是,,1.34,,,,,,
712539,穩懋群益63購02,2026-09-04,2.07,0.07,3.5,674000000,0,,否,,2.13,,,,,,
712540,穩懋群益64購01,2026-09-04,2.97,-0.05,-1.66,26000000,0,,否,,3.01,,,,,,
712541,中美晶元大64購05,2026-09-04,0.72,0.01,1.41,80000000,0,,否,,0.72,,,,,,
712543,均華元大64購02,2026-09-04,2.56,0.06,2.4,10000000,0,,否,,2.27,,,,,,
712545,東捷元大63購01,2026-09-04,1.13,0.11,10.78,165000000,0,,是,,,,,,,,
712546,青雲元大63購02,2026-09-04,0.42,-0.02,-4.55,22000000,0,,否,,0.46,,,,,,
712547,高技元大63購02,2026-09-04,0.57,-0.01,-1.72,491000000,0,,否,,0.59,,,,,,
712548,順達元大63購03,2026-09-04,1.27,-0.09,-6.62,192000000,0,,否,,1.23,,,,,,
712549,順達元大63購04,2026-09-04,1.5,-0.02,-1.32,61000000,0,,否,,1.54,,,,,,
712550,順達元大64購07,2026-09-04,1.29,0.07,5.74,26000000,0,,否,,1.26,,,,,,
712552,廣閎科元大64購01,2026-09-04,0.62,-0.01,-1.59,701000000,0,,是,,0.6,,,,,,
712555,雙鴻元大63購08,2026-09-04,1.7,0.2,13.33,2000000,0,,否,,1.43,,,,,,
712557,雙鴻元大63購10,2026-09-04,1.55,0.44,39.64,15000000,0,,否,,1.19,,,,,,
712558,雙鴻元大64購05,2026-09-04,1.68,0.29,20.86,2000000,0,,否,,1.39,,,,,,
712559,寶雅元大63購01,2026-09-04,0.83,0.01,1.22,195000000,0,,是,,0.94,,,,,,
712560,東捷統一66購02,2026-09-04,0.73,0.12,19.67,1035000000,0,,是,,0.63,,,,,,
712561,東捷統一6B購01,2026-09-04,0.64,0.03,4.92,122000000,0,,是,,,,,,,,
712562,穩懋統一66購02,2026-09-04,0.83,-0.01,-1.19,160000000,0,,否,,0.83,,,,,,
712563,穩懋統一67購01,2026-09-04,0.73,0.02,2.82,424000000,0,,否,,0.75,,,,,,
712565,穩懋統一6C購02,2026-09-04,0.78,-0.02,-2.5,149000000,0,,是,,0.78,,,,,,
712567,東捷富邦63購01,2026-09-04,0.77,-0.01,-1.28,458000000,0,,是,,0.7,,,,,,
712568,東捷國泰63購01,2026-09-04,1.74,0.29,20.0,226000000,0,,是,,1.54,,,,,,
712569,博盛國泰63購01,2026-09-04,1.56,-0.09,-5.45,29000000,0,,是,,1.59,,,,,,
712571,鴻呈國泰63購01,2026-09-04,1.28,-0.08,-5.88,78000000,0,,否,,1.36,,,,,,
712572,穩懋國泰63購01,2026-09-04,2.28,-0.25,-9.88,15000000,0,,否,,2.4,,,,,,
712573,穩懋國泰63購03,2026-09-04,2.5,-0.09,-3.47,121000000,0,,否,,2.52,,,,,,
712574,穩懋國泰63購04,2026-09-04,2.61,-0.02,-0.76,179000000,0,,否,,2.68,,,,,,
712575,穩懋國泰63購05,2026-09-04,2.88,-0.21,-6.8,136000000,0,,否,,2.93,,,,,,
712576,台半凱基63購01,2026-09-04,1.48,-0.05,-3.27,2000000,0,,否,,1.57,,,,,,
712577,宜鼎凱基64購02,2026-09-04,0.94,-0.05,-5.05,33000000,0,,否,,1.07,,,,,,
712579,宸曜凱基63購01,2026-09-04,1.11,-0.01,-0.89,20000000,0,,是,,1.15,,,,,,
712580,順達凱基63購05,2026-09-04,1.16,0.08,7.41,65000000,0,,否,,,,,,,,
712582,漢達凱基63購01,2026-09-04,1.66,0.27,19.42,278000000,0,,是,,1.2,,,,,,
712584,鴻呈凱基66購01,2026-09-04,1.03,0.0,0.0,1000000,0,,否,,1.06,,,,,,
712586,穩懋凱基63購01,2026-09-04,1.68,-0.03,-1.75,27000000,0,,否,,1.76,,,,,,
712587,穩懋凱基63購02,2026-09-04,1.54,-0.29,-15.85,100000000,0,,否,,1.7,,,,,,
712588,穩懋凱基63購03,2026-09-04,2.48,0.01,0.4,8000000,0,,否,,,,,,,,
712589,穩懋凱基63購04,2026-09-04,1.74,0.0,0.0,16000000,0,,否,,1.76,,,,,,
712590,穩懋凱基63購05,2026-09-04,2.48,0.02,0.81,21000000,0,,否,,2.35,,,,,,
712591,均華台新63購01,2026-09-04,2.65,0.27,11.34,86000000,0,,是,,2.28,,,,,,
712593,東捷台新62購01,2026-09-04,1.22,-0.05,-3.94,46000000,0,,是,,1.17,,,,,,
712594,順達台新64購02,2026-09-04,1.46,0.08,5.8,9000000,0,,否,,1.38,,,,,,
712595,鈊象台新64購01,2026-09-04,0.63,-0.01,-1.56,7000000,0,,否,,0.7,,,,,,
712596,穩懋台新62購01,2026-09-04,1.74,-0.01,-0.57,9000000,0,,否,,1.78,,,,,,
712597,穩懋台新63購01,2026-09-04,2.12,-0.37,-14.86,2000000,0,,否,,2.34,,,,,,
712599,穩懋台新65購02,2026-09-04,1.45,-0.01,-0.68,13000000,0,,否,,1.4,,,,,,
712601,弘塑中信64購01,2026-09-04,0.94,0.07,8.05,10000000,0,,否,,0.9,,,,,,
712602,穩懋中信68購01,2026-09-04,0.75,0.0,0.0,78000000,0,,否,,0.75,,,,,,
712603,台半永豐64購02,2026-09-04,1.14,-0.11,-8.8,97000000,0,,否,,1.17,,,,,,
712604,台半永豐65購01,2026-09-04,1.21,-0.05,-3.97,43000000,0,,是,,1.3,,,,,,
712605,台星科永豐64購01,2026-09-04,1.21,0.02,1.68,22000000,0,,否,,1.23,,,,,,
712606,由田永豐64購01,2026-09-04,1.32,0.0,0.0,175000000,0,,否,,1.44,,,,,,
712608,東捷永豐63購01,2026-09-04,1.22,0.11,9.91,157000000,0,,否,,,,,,,,
712609,東捷永豐63購02,2026-09-04,1.07,0.02,1.9,54000000,0,,否,,0.98,,,,,,
712610,東捷永豐63購03,2026-09-04,1.06,0.06,6.0,106000000,0,,是,,,,,,,,
712611,東捷永豐65購01,2026-09-04,1.26,0.09,7.69,179000000,0,,是,,1.19,,,,,,
712612,東捷永豐65購02,2026-09-04,1.56,0.07,4.7,52000000,0,,是,,1.45,,,,,,
712613,東捷永豐68購01,2026-09-04,1.82,-0.08,-4.21,102000000,0,,是,,,,,,,,
712614,欣銓永豐66購01,2026-09-04,1.51,-0.03,-1.95,15000000,0,,否,,1.51,,,,,,
712615,欣銓永豐68購01,2026-09-04,1.2,-0.02,-1.64,32000000,0,,否,,1.19,,,,,,
712617,博盛永豐63購01,2026-09-04,1.14,-0.12,-9.52,114000000,0,,,,,,,,,,
712618,博盛永豐63購02,2026-09-04,1.02,-0.08,-7.27,364000000,0,,是,,,,,,,,
712620,越峰永豐63購01,2026-09-04,0.57,0.01,1.79,10000000,0,,,,,,,,,,
712621,穩得永豐63購01,2026-09-04,0.76,-0.13,-14.61,91000000,0,,否,,0.92,,,,,,
712622,穩懋永豐64購01,2026-09-04,2.16,-0.21,-8.86,47000000,0,,否,,2.24,,,,,,
712623,穩懋永豐64購02,2026-09-04,2.69,-0.39,-12.66,60000000,0,,否,,2.81,,,,,,
712624,穩懋永豐66購01,2026-09-04,3.16,-0.47,-12.95,5000000,0,,否,,3.25,,,,,,
712625,穩懋永豐68購01,2026-09-04,3.34,-0.28,-7.73,55000000,0,,否,,3.49,,,,,,
712626,均華國票63購02,2026-09-04,2.71,0.28,11.52,28000000,0,,否,,2.32,,,,,,
712627,東捷國票63購01,2026-09-04,1.39,0.17,13.93,55000000,0,,否,,,,,,,,
712628,東捷國票64購01,2026-09-04,1.34,-0.02,-1.47,22000000,0,,否,,,,,,,,
712631,世界群益63購01,2026-09-04,1.72,0.03,1.78,104000000,0,,否,,1.85,,,,,,
712633,威剛群益62購04,2026-09-04,2.14,0.04,1.9,76000000,0,,否,,2.31,,,,,,
712638,漢達群益63購01,2026-09-04,1.67,0.24,16.78,1310000000,0,,是,,1.24,,,,,,
712639,鴻呈群益63購01,2026-09-04,1.36,-0.07,-4.9,28000000,0,,否,,1.43,,,,,,
712641,穩懋群益64購03,2026-09-04,2.68,-0.13,-4.63,15000000,0,,否,,2.75,,,,,,
712642,雙鴻中信64購02,2026-09-04,1.85,0.51,38.06,58000000,0,,否,,1.41,,,,,,
712643,新應材永豐64購02,2026-09-04,1.5,0.21,16.28,24000000,0,,,,,,,,,,
712644,新應材永豐65購01,2026-09-04,1.67,0.14,9.15,20000000,0,,否,,1.61,,,,,,
712647,台半國泰63購01,2026-09-04,1.9,-0.06,-3.06,12000000,0,,否,,1.94,,,,,,
712648,胡連國泰63購01,2026-09-04,0.82,-0.07,-7.87,3000000,0,,否,,0.91,,,,,,
712649,千附精元大63購01,2026-09-04,0.82,0.01,1.23,42000000,0,,否,,0.82,,,,,,
712651,元太元大64購02,2026-09-04,0.85,0.0,0.0,13000000,0,,否,,0.94,,,,,,
712652,威剛元大64購04,2026-09-04,0.52,-0.06,-10.34,12000000,0,,否,,0.59,,,,,,
712653,陽程元大63購03,2026-09-04,2.63,-0.34,-11.45,2000000,0,,否,,2.83,,,,,,
712654,陽程元大64購03,2026-09-04,1.26,-0.05,-3.82,395000000,0,,是,,1.35,,,,,,
712656,鈊象元大64購04,2026-09-04,0.62,0.0,0.0,10000000,0,,否,,0.66,,,,,,
712657,群聯元大64購13,2026-09-04,0.54,-0.03,-5.26,7000000,0,,否,,0.6,,,,,,
712658,良維富邦63購01,2026-09-04,0.99,0.1,11.24,226000000,0,,否,,0.93,,,,,,
712659,穩懋富邦63購01,2026-09-04,1.15,-0.05,-4.17,14000000,0,,否,,1.17,,,,,,
712660,穩懋富邦64購01,2026-09-04,1.01,0.02,2.02,224000000,0,,否,,1.02,,,,,,
712662,東捷統一68購01,2026-09-04,0.62,0.06,10.71,365000000,0,,是,,0.57,,,,,,
712664,穩懋統一68購02,2026-09-04,0.95,0.04,4.4,38000000,0,,否,,,,,,,,
712668,弘塑凱基63購04,2026-09-04,0.95,-0.04,-4.04,187000000,0,,否,,0.99,,,,,,
712669,均華凱基64購02,2026-09-04,2.3,0.2,9.52,154000000,0,,否,,1.66,,,,,,
712671,東捷凱基63購02,2026-09-04,0.76,-0.03,-3.8,74000000,0,,是,,,,,,,,
712672,金益鼎凱基63購01,2026-09-04,0.65,-0.01,-1.52,55000000,0,,否,,0.73,,,,,,
712674,頎邦凱基63購03,2026-09-04,1.82,-0.24,-11.65,1561000000,0,,是,,1.84,,,,,,
712675,雙鴻凱基63購10,2026-09-04,2.08,0.44,26.83,25000000,0,,否,,1.67,,,,,,
712676,寶雅凱基63購01,2026-09-04,0.63,0.02,3.28,2000000,0,,否,,0.71,,,,,,
712678,長科*台新65購01,2026-09-04,2.14,0.12,5.94,62000000,0,,否,,1.94,,,,,,
712681,順達台新62購01,2026-09-04,1.19,0.08,7.21,11000000,0,,,,,,,,,,
712682,中美晶元大64購06,2026-09-04,0.57,0.04,7.55,208000000,0,,是,,0.56,,,,,,
712684,元太元大63購08,2026-09-04,0.81,-0.11,-11.96,10000000,0,,否,,1.0,,,,,,
712685,元太元大64購03,2026-09-04,0.84,-0.04,-4.55,89000000,0,,否,,0.91,,,,,,
712686,均華元大64購03,2026-09-04,1.35,-0.09,-6.25,194000000,0,,是,,,,,,,,
712687,宜鼎元大64購05,2026-09-04,0.71,-0.07,-8.97,4000000,0,,否,,0.81,,,,,,
712688,威剛元大64購05,2026-09-04,0.53,-0.02,-3.64,44000000,0,,否,,0.57,,,,,,
712689,順達元大64購09,2026-09-04,1.17,0.06,5.41,52000000,0,,否,,,,,,,,
712691,鈊象元大64購05,2026-09-04,0.88,0.0,0.0,2000000,0,,否,,0.89,,,,,,
712692,群聯元大64購14,2026-09-04,0.82,-0.06,-6.82,57000000,0,,否,,0.98,,,,,,
712693,蜜望實元大63購02,2026-09-04,0.51,0.02,4.08,66000000,0,,否,,0.49,,,,,,
712694,寶雅元大63購02,2026-09-04,0.77,0.02,2.67,117000000,0,,是,,0.84,,,,,,
712695,元太台新65購01,2026-09-04,1.3,-0.01,-0.76,5000000,0,,,,,,,,,,
712696,沛亨台新65購01,2026-09-04,1.47,-0.01,-0.68,10000000,0,,否,,,,,,,,
712697,威聯通台新62購01,2026-09-04,0.86,-0.12,-12.24,20000000,0,,否,,0.94,,,,,,
712699,倉和台新62購01,2026-09-04,6.75,1.35,25.0,94000000,0,,否,,4.39,,,,,,
712700,蜜望實台新62購01,2026-09-04,1.31,0.25,23.58,179000000,0,,是,,1.23,,,,,,
712701,蜜望實台新65購01,2026-09-04,1.67,0.26,18.44,75000000,0,,是,,1.59,,,,,,
712703,朋億*凱基63購01,2026-09-04,0.66,-0.02,-2.94,75000000,0,,否,,,,,,,,
712704,泓格凱基63購01,2026-09-04,0.87,-0.05,-5.43,180000000,0,,否,,0.93,,,,,,
712705,威剛凱基63購07,2026-09-04,1.22,0.01,0.83,21000000,0,,否,,1.32,,,,,,
712707,順達凱基66購01,2026-09-04,1.46,0.08,5.8,58000000,0,,是,,1.48,,,,,,
712711,廣閎科凱基63購01,2026-09-04,0.86,-0.06,-6.52,231000000,0,,是,,1.0,,,,,,
712712,穩懋凱基63購08,2026-09-04,1.33,-0.02,-1.48,334000000,0,,否,,1.42,,,,,,
712713,中美晶群益62購04,2026-09-04,2.4,0.02,0.84,90000000,0,,否,,2.41,,,,,,
712716,宜鼎群益63購02,2026-09-04,1.16,-0.1,-7.94,20000000,0,,否,,1.46,,,,,,
712718,原相群益62購02,2026-09-04,0.5,0.0,0.0,10000000,0,,,,,,,,,,
712719,群聯群益62購02,2026-09-04,2.42,-0.35,-12.64,14000000,0,,否,,2.81,,,,,,
712720,千如永豐63購01,2026-09-04,1.02,0.15,17.24,13000000,0,,否,,0.99,,,,,,
712721,元太永豐63購02,2026-09-04,0.76,-0.02,-2.56,66000000,0,,否,,0.92,,,,,,
712723,沛亨永豐64購02,2026-09-04,1.28,-0.2,-13.51,183000000,0,,是,,1.16,,,,,,
712724,茂迪永豐64購01,2026-09-04,0.69,-0.02,-2.82,8000000,0,,否,,0.72,,,,,,
712725,頎邦永豐65購02,2026-09-04,1.31,-0.14,-9.66,236000000,0,,是,,1.16,,,,,,
712727,雙鴻永豐65購02,2026-09-04,1.91,0.3,18.63,6000000,0,,否,,1.44,,,,,,
712728,雙鴻永豐6B購01,2026-09-04,1.89,0.22,13.17,6000000,0,,否,,1.67,,,,,,
712729,雙鴻永豐6C購01,2026-09-04,1.86,0.21,12.73,10000000,0,,否,,1.49,,,,,,
712730,穩懋永豐65購01,2026-09-04,1.57,-0.03,-1.88,42000000,0,,否,,1.59,,,,,,
712731,三聯國票63購01,2026-09-04,0.74,-0.03,-3.9,10000000,0,,否,,,,,,,,
712732,蜜望實國票63購01,2026-09-04,1.67,0.23,15.97,12000000,0,,否,,,,,,,,
712733,寬宏國票63購01,2026-09-04,0.9,0.01,1.12,3000000,0,,,,,,,,,,
712734,均華國泰63購02,2026-09-04,1.48,0.02,1.37,516000000,0,,是,,1.29,,,,,,
712736,順達富邦64購01,2026-09-04,0.69,0.01,1.47,2000000,0,,否,,0.68,,,,,,
712738,倉和統一6B購01,2026-09-04,1.46,0.11,8.15,1107000000,0,,是,,1.03,,,,,,
712739,堡達統一6A購01,2026-09-04,0.57,0.02,3.64,100000000,0,,,,,,,,,,
712740,新普統一66購01,2026-09-04,0.54,-0.01,-1.82,10000000,0,,否,,0.56,,,,,,
712742,晶焱國票63購01,2026-09-04,0.9,-0.01,-1.1,13000000,0,,否,,,,,,,,
712743,鈺太國票63購01,2026-09-04,1.24,-0.06,-4.62,1192000000,0,,是,,,,,,,,
712744,鈺太國票64購01,2026-09-04,1.48,0.12,8.82,1071000000,0,,是,,1.39,,,,,,
712747,弘塑群益63購03,2026-09-04,0.39,0.0,0.0,52000000,0,,,,,,,,,,
712748,均華群益64購01,2026-09-04,2.57,0.07,2.8,82000000,0,,否,,2.21,,,,,,
712750,鈊象群益62購01,2026-09-04,1.83,0.0,0.0,46000000,0,,是,,1.86,,,,,,
712752,營邦群益63購01,2026-09-04,2.16,-0.09,-4.0,593000000,0,,是,,1.95,,,,,,
712755,弘塑凱基63購05,2026-09-04,0.54,-0.05,-8.47,21000000,0,,否,,0.59,,,,,,
712756,均華凱基68購01,2026-09-04,4.1,0.07,1.74,264000000,0,,是,,,,,,,,
712759,倉和凱基63購02,2026-09-04,2.2,0.04,1.85,416000000,0,,是,,1.51,,,,,,
712760,頎邦凱基66購01,2026-09-04,1.54,-0.23,-12.99,78000000,0,,否,,1.54,,,,,,
712761,臺慶科凱基63購03,2026-09-04,0.71,0.1,16.39,27000000,0,,,,,,,,,,
712763,東捷台新62購02,2026-09-04,1.29,0.17,15.18,127000000,0,,否,,,,,,,,
712764,倉和台新62購02,2026-09-04,3.88,-0.41,-9.56,214000000,0,,否,,3.08,,,,,,
712768,勤凱台新62購01,2026-09-04,0.94,-0.09,-8.74,1517000000,0,,是,,0.95,,,,,,
712769,營邦台新63購01,2026-09-04,1.53,-0.06,-3.77,37000000,0,,否,,,,,,,,
712770,營邦台新65購03,2026-09-04,1.58,-0.02,-1.25,157000000,0,,是,,1.37,,,,,,
712771,營邦台新66購01,2026-09-04,1.73,-0.02,-1.14,2000000,0,,否,,1.58,,,,,,
712772,元太元大64購04,2026-09-04,0.77,-0.1,-11.49,33000000,0,,否,,0.91,,,,,,
712773,弘塑元大63購04,2026-09-04,0.5,-0.03,-5.66,101000000,0,,否,,0.52,,,,,,
712774,弘塑元大63購05,2026-09-04,0.73,-0.04,-5.19,116000000,0,,否,,0.78,,,,,,
712776,均華元大64購04,2026-09-04,1.31,0.02,1.55,30000000,0,,否,,,,,,,,
712777,威剛元大64購06,2026-09-04,0.95,-0.02,-2.06,89000000,0,,否,,1.04,,,,,,
712778,順達元大63購05,2026-09-04,1.06,-0.08,-7.02,230000000,0,,否,,1.07,,,,,,
712779,順達元大63購06,2026-09-04,0.93,0.01,1.09,385000000,0,,是,,0.95,,,,,,
712780,順達元大63購07,2026-09-04,0.91,0.05,5.81,1000000,0,,否,,0.89,,,,,,
712782,順達元大64購11,2026-09-04,0.45,0.02,4.65,56000000,0,,否,,,,,,,,
712783,群聯元大63購14,2026-09-04,1.14,-0.07,-5.79,11000000,0,,否,,1.25,,,,,,
712784,群聯元大63購15,2026-09-04,1.11,-0.06,-5.13,1000000,0,,否,,1.19,,,,,,
712785,群聯元大63購16,2026-09-04,0.8,-0.07,-8.05,1000000,0,,否,,0.91,,,,,,
712787,寶雅元大63購03,2026-09-04,1.01,0.05,5.21,134000000,0,,否,,1.07,,,,,,
712789,沛亨統一6B購01,2026-09-04,0.74,-0.01,-1.33,84000000,0,,否,,0.69,,,,,,
712791,倉和統一68購02,2026-09-04,1.87,0.11,6.25,1372000000,0,,是,,1.42,,,,,,
712792,陽程統一6C購02,2026-09-04,0.83,0.0,0.0,510000000,0,,是,,0.87,,,,,,
712795,家登中信63購01,2026-09-04,0.95,0.03,3.26,29000000,0,,否,,0.85,,,,,,
712796,世禾永豐63購01,2026-09-04,0.69,0.06,9.52,64000000,0,,,,,,,,,,
712797,安葆永豐63購02,2026-09-04,1.68,-0.05,-2.89,3000000,0,,否,,1.72,,,,,,
712798,宏捷科永豐63購01,2026-09-04,1.03,-0.03,-2.83,50000000,0,,否,,1.13,,,,,,
712799,倚強永豐64購01,2026-09-04,1.32,0.03,2.33,25000000,0,,否,,,,,,,,
712800,倚強永豐64購02,2026-09-04,1.13,0.0,0.0,8000000,0,,否,,1.17,,,,,,
712801,倉和永豐63購02,2026-09-04,2.73,0.19,7.48,383000000,0,,是,,2.02,,,,,,
712803,湧德永豐63購01,2026-09-04,1.62,0.03,1.89,110000000,0,,否,,,,,,,,
712804,順達永豐63購04,2026-09-04,1.23,-0.12,-8.89,44000000,0,,否,,1.1,,,,,,
712805,群聯永豐63購03,2026-09-04,1.03,-0.05,-4.63,48000000,0,,否,,1.16,,,,,,
712807,鴻呈永豐63購01,2026-09-04,0.8,-0.04,-4.76,2000000,0,,否,,0.86,,,,,,
712808,鴻呈永豐64購01,2026-09-04,0.67,-0.07,-9.46,200000000,0,,是,,0.75,,,,,,
712809,弘塑富邦64購02,2026-09-04,0.69,-0.07,-9.21,54000000,0,,否,,0.73,,,,,,
712810,頎邦富邦65購02,2026-09-04,0.67,-0.08,-10.67,946000000,0,,是,,0.68,,,,,,
712812,元太台新65購02,2026-09-04,1.04,-0.03,-2.8,6000000,0,,,,,,,,,,
712813,均華台新62購04,2026-09-04,1.38,0.18,15.0,90000000,0,,否,,1.18,,,,,,
712814,竑騰台新62購03,2026-09-04,2.05,0.58,39.46,335000000,0,,否,,1.94,,,,,,
712816,博盛台新62購01,2026-09-04,1.24,-0.05,-3.88,10000000,0,,否,,1.24,,,,,,
712817,普萊德台新62購01,2026-09-04,0.87,-0.03,-3.33,4000000,0,,否,,,,,,,,
712818,晶呈台新62購01,2026-09-04,1.75,0.12,7.36,10000000,0,,否,,1.75,,,,,,
712819,晶呈台新62購02,2026-09-04,1.11,0.05,4.72,200000000,0,,否,,1.43,,,,,,
712822,均華群益64購02,2026-09-04,2.74,0.04,1.48,321000000,0,,是,,2.51,,,,,,
712826,倉和元大62購01,2026-09-04,3.58,0.74,26.06,401000000,0,,是,,2.26,,,,,,
712827,倉和元大62購02,2026-09-04,1.39,-0.08,-5.44,2568000000,0,,是,,1.12,,,,,,
712828,陽程元大62購01,2026-09-04,0.88,-0.02,-2.22,1268000000,0,,是,,0.96,,,,,,
712829,陽程元大62購02,2026-09-04,0.83,-0.03,-3.49,73000000,0,,否,,0.92,,,,,,
712830,陽程元大62購03,2026-09-04,0.82,-0.04,-4.65,488000000,0,,否,,0.86,,,,,,
712831,陽程元大63購04,2026-09-04,0.86,-0.05,-5.49,40000000,0,,否,,0.96,,,,,,
712832,陽程元大65購03,2026-09-04,0.79,-0.06,-7.06,59000000,0,,否,,0.86,,,,,,
712834,廣閎科元大62購01,2026-09-04,0.57,-0.01,-1.72,1290000000,0,,否,,0.55,,,,,,
712835,營邦元大62購02,2026-09-04,1.49,-0.03,-1.97,233000000,0,,否,,1.36,,,,,,
712837,方土昶凱基63購02,2026-09-04,0.57,-0.02,-3.39,99000000,0,,否,,,,,,,,
712838,台特化凱基65購01,2026-09-04,1.47,0.06,4.26,4000000,0,,否,,1.68,,,,,,
712840,威剛凱基64購04,2026-09-04,1.64,-0.1,-5.75,22000000,0,,否,,1.8,,,,,,
712841,茂迪凱基63購01,2026-09-04,0.85,0.03,3.66,50000000,0,,,,,,,,,,
712842,博智凱基63購05,2026-09-04,2.7,-0.24,-8.16,50000000,0,,否,,2.95,,,,,,
712843,順達凱基63購07,2026-09-04,1.81,0.1,5.85,234000000,0,,是,,1.76,,,,,,
712845,群聯凱基68購01,2026-09-04,2.68,-0.04,-1.47,19000000,0,,否,,2.83,,,,,,
712846,寶雅*凱基63購02,2026-09-04,1.25,0.02,1.63,30000000,0,,,,,,,,,,
712847,千附精永豐63購01,2026-09-04,1.49,0.07,4.93,57000000,0,,是,,1.47,,,,,,
712848,晶呈永豐64購02,2026-09-04,0.83,0.1,13.7,753000000,0,,是,,0.86,,,,,,
712850,群聯永豐63購06,2026-09-04,0.94,-0.01,-1.05,1000000,0,,否,,,,,,,,
712852,頎邦國泰63購04,2026-09-04,1.71,-0.19,-10.0,171000000,0,,否,,1.7,,,,,,
712853,聖暉*富邦62購01,2026-09-04,0.4,-0.02,-4.76,258000000,0,,是,,0.47,,,,,,
712854,大中國票63購01,2026-09-04,1.14,0.06,5.56,2000000,0,,,,,,,,,,
712855,華義*國票68購01,2026-09-04,0.92,-0.05,-5.15,2000000,0,,否,,0.98,,,,,,
712856,越峰國票68購01,2026-09-04,0.59,0.0,0.0,40000000,0,,是,,,,,,,,
712857,陽程國票64購01,2026-09-04,1.84,-0.03,-1.6,20000000,0,,,,,,,,,,
712858,陽程國票65購01,2026-09-04,1.79,-0.47,-20.8,10000000,0,,是,,1.98,,,,,,
712859,陽程國票68購01,2026-09-04,1.95,-0.04,-2.01,37000000,0,,是,,2.03,,,,,,
712866,臺慶科台新65購01,2026-09-04,1.58,0.18,12.86,81000000,0,,是,,,,,,,,
712869,均華凱基63購01,2026-09-04,2.11,0.15,7.65,291000000,0,,是,,1.82,,,,,,
712870,群聯凱基64購07,2026-09-04,1.88,-0.14,-6.93,5000000,0,,否,,2.06,,,,,,
712871,頎邦凱基63購04,2026-09-04,1.56,-0.35,-18.32,232000000,0,,否,,1.62,,,,,,
712872,廣閎科凱基63購02,2026-09-04,1.37,-0.05,-3.52,624000000,0,,是,,,,,,,,
712873,雙鴻凱基67購01,2026-09-04,2.74,0.35,14.64,20000000,0,,否,,2.36,,,,,,
712874,中美晶群益62購06,2026-09-04,1.51,-0.01,-0.66,72000000,0,,否,,1.54,,,,,,
712876,世紀*群益63購03,2026-09-04,7.7,-1.55,-16.76,2000000,0,,否,,,,,,,,
712877,由田群益63購01,2026-09-04,0.86,-0.07,-7.53,29000000,0,,否,,1.0,,,,,,
712879,晶呈群益64購01,2026-09-04,0.79,-0.03,-3.66,5000000,0,,否,,0.86,,,,,,
712881,鈊象群益62購02,2026-09-04,1.47,0.05,3.52,67000000,0,,否,,1.63,,,,,,
712882,新應材群益62購03,2026-09-04,3.33,0.37,12.5,49000000,0,,是,,3.05,,,,,,
712884,雙鴻群益62購05,2026-09-04,2.73,1.07,64.46,244000000,0,,否,,1.77,,,,,,
712885,寶雅*群益62購01,2026-09-04,0.83,-0.06,-6.74,119000000,0,,,,,,,,,,
712889,群聯永豐63購07,2026-09-04,1.03,-0.09,-8.04,10000000,0,,否,,,,,,,,
712890,廣運永豐63購01,2026-09-04,1.72,-0.17,-8.99,205000000,0,,是,,1.78,,,,,,
712891,穩懋永豐63購01,2026-09-04,2.89,-0.41,-12.42,30000000,0,,否,,2.64,,,,,,
712893,世紀*國票67購01,2026-09-04,2.24,0.1,4.67,2000000,0,,否,,,,,,,,
712896,利機國票63購01,2026-09-04,0.9,0.03,3.45,322000000,0,,否,,0.96,,,,,,
712897,邑錡國票64購01,2026-09-04,0.96,0.03,3.23,51000000,0,,否,,,,,,,,
712898,崇越電國票68購01,2026-09-04,0.58,0.01,1.75,10000000,0,,否,,,,,,,,
712903,中美晶元大62購01,2026-09-04,1.05,0.0,0.0,260000000,0,,是,,1.2,,,,,,
712905,均華元大68購01,2026-09-04,1.28,0.0,0.0,582000000,0,,是,,1.18,,,,,,
712907,建榮元大62購01,2026-09-04,1.03,-0.15,-12.71,4000000,0,,否,,1.18,,,,,,
712909,寶雅元大62購01,2026-09-04,1.1,-0.01,-0.9,197000000,0,,否,,1.2,,,,,,
712910,由田統一68購02,2026-09-04,0.5,-0.01,-1.96,50000000,0,,否,,,,,,,,
712914,晶呈統一6C購01,2026-09-04,0.79,0.01,1.28,92000000,0,,是,,0.79,,,,,,
712915,晶呈統一6C購02,2026-09-04,0.77,0.04,5.48,19000000,0,,,,,,,,,,
712916,穩懋富邦65購01,2026-09-04,1.0,0.0,0.0,152000000,0,,否,,1.01,,,,,,
712917,寶雅富邦64購01,2026-09-04,0.58,0.02,3.57,4000000,0,,,,,,,,,,
712918,寶雅富邦65購01,2026-09-04,0.57,-0.01,-1.72,20000000,0,,否,,0.62,,,,,,
712920,均華元大68購02,2026-09-04,1.56,0.13,9.09,253000000,0,,是,,,,,,,,
712921,宜鼎元大65購03,2026-09-04,1.06,0.01,0.95,3000000,0,,否,,,,,,,,
712922,倉和元大62購03,2026-09-04,2.56,-0.34,-11.72,391000000,0,,是,,2.23,,,,,,
712923,群聯元大68購03,2026-09-04,0.76,-0.03,-3.8,31000000,0,,否,,0.81,,,,,,
712924,臺慶科元大62購01,2026-09-04,1.07,0.04,3.88,243000000,0,,是,,1.11,,,,,,
712925,川寶國票65購02,2026-09-04,0.74,0.0,0.0,25000000,0,,,,,,,,,,
712926,世紀*國票69購01,2026-09-04,1.65,0.07,4.43,39000000,0,,否,,,,,,,,
712927,宜特國票67購01,2026-09-04,0.99,0.03,3.12,2000000,0,,,,,,,,,,
712928,倉和國票69購01,2026-09-04,1.23,0.0,0.0,1000000,0,,,,,,,,,,
712930,倉和國票6C購01,2026-09-04,1.81,0.2,12.42,10000000,0,,,,,,,,,,
712934,群聯中信62購03,2026-09-04,0.87,-0.07,-7.45,36000000,0,,否,,1.05,,,,,,
712935,雙鴻中信62購01,2026-09-04,1.66,0.38,29.69,18000000,0,,否,,1.35,,,,,,
712937,崇越電永豐64購01,2026-09-04,0.48,0.02,4.35,40000000,0,,,,,,,,,,
712938,雙鴻永豐63購05,2026-09-04,2.28,0.3,15.15,59000000,0,,否,,1.93,,,,,,
712939,穩懋永豐63購02,2026-09-04,1.45,0.05,3.57,79000000,0,,否,,1.43,,,,,,
712940,天良台新62購01,2026-09-04,0.42,-0.15,-26.32,33000000,0,,否,,,,,,,,
712941,崇越電台新62購02,2026-09-04,0.56,0.0,0.0,1000000,0,,,,,,,,,,
712943,新門台新62購01,2026-09-04,0.81,0.05,6.58,159000000,0,,是,,0.77,,,,,,
712944,瑞耘台新62購01,2026-09-04,0.9,-0.05,-5.26,319000000,0,,否,,0.89,,,,,,
712947,台半凱基64購01,2026-09-04,0.72,0.0,0.0,10000000,0,,否,,,,,,,,
712948,弘塑凱基68購01,2026-09-04,1.54,-0.04,-2.53,214000000,0,,否,,1.61,,,,,,
712949,均華凱基68購02,2026-09-04,2.04,0.15,7.94,298000000,0,,否,,,,,,,,
712953,博盛凱基66購01,2026-09-04,1.06,0.0,0.0,20000000,0,,否,,1.05,,,,,,
712955,新應材凱基63購07,2026-09-04,2.07,0.02,0.98,809000000,0,,是,,2.14,,,,,,
712957,寶雅*凱基63購03,2026-09-04,1.11,0.02,1.83,66000000,0,,,,,,,,,,
712958,均華群益62購01,2026-09-04,1.72,0.04,2.38,465000000,0,,否,,1.45,,,,,,
712959,群聯群益62購06,2026-09-04,1.09,-0.11,-9.17,45000000,0,,是,,,,,,,,
712961,元太國泰63購01,2026-09-04,1.34,-0.08,-5.63,24000000,0,,,,,,,,,,
712962,倉和國泰63購02,2026-09-04,4.84,-0.04,-0.82,974000000,0,,是,,3.8,,,,,,
712963,台特化富邦62購01,2026-09-04,0.61,0.03,5.17,4000000,0,,否,,0.7,,,,,,
712964,新應材富邦64購03,2026-09-04,0.71,0.05,7.58,30000000,0,,否,,0.7,,,,,,
712967,台半凱基63購02,2026-09-04,1.15,-0.15,-11.54,10000000,0,,,,,,,,,,
712971,崇越電凱基68購01,2026-09-04,1.06,0.02,1.92,2000000,0,,,,,,,,,,
712972,群聯凱基63購11,2026-09-04,1.83,-0.02,-1.08,5000000,0,,,,,,,,,,
712974,群聯凱基64購08,2026-09-04,2.12,-0.17,-7.42,5000000,0,,,,,,,,,,
712975,臺慶科凱基63購04,2026-09-04,1.32,0.22,20.0,5000000,0,,,,,,,,,,
712976,營邦凱基63購03,2026-09-04,4.45,0.13,3.01,128000000,0,,否,,,,,,,,
712977,雙鴻凱基63購11,2026-09-04,6.1,1.43,30.62,1000000,0,,否,,4.7,,,,,,
712978,穩懋凱基65購01,2026-09-04,2.92,-0.18,-5.81,15000000,0,,否,,2.98,,,,,,
712979,寶雅*凱基63購04,2026-09-04,0.71,0.02,2.9,106000000,0,,,,,,,,,,
712982,世紀*國票65購01,2026-09-04,1.25,-0.05,-3.85,7000000,0,,否,,,,,,,,
712983,世紀*國票6B購01,2026-09-04,1.39,-0.01,-0.71,6000000,0,,否,,,,,,,,
712985,松瑞藥國票66購01,2026-09-04,0.74,0.01,1.37,34000000,0,,,,,,,,,,
712986,宸曜國票63購01,2026-09-04,1.35,0.04,3.05,477000000,0,,是,,1.38,,,,,,
712987,博智國票64購01,2026-09-04,2.18,-0.34,-13.49,20000000,0,,否,,,,,,,,
712988,新應材國票63購02,2026-09-04,1.84,0.1,5.75,31000000,0,,否,,1.71,,,,,,
712989,群翊國票65購01,2026-09-04,0.92,-0.16,-14.81,5000000,0,,否,,,,,,,,
712992,世紀*元大68購01,2026-09-04,2.1,0.3,16.67,1000000,0,,,,,,,,,,
712993,威剛元大65購12,2026-09-04,1.9,0.02,1.06,110000000,0,,是,,2.0,,,,,,
712995,順達元大68購01,2026-09-04,1.33,0.0,0.0,209000000,0,,否,,1.3,,,,,,
712997,中美晶群益62購07,2026-09-04,2.11,0.04,1.93,67000000,0,,否,,2.11,,,,,,
712998,弘塑群益62購03,2026-09-04,2.51,-0.21,-7.72,95000000,0,,否,,2.74,,,,,,
712999,弘塑群益68購01,2026-09-04,1.84,-0.05,-2.65,37000000,0,,否,,1.85,,,,,,
713000,良維群益64購01,2026-09-04,2.78,0.51,22.47,2867000000,0,,是,,2.41,,,,,,
713001,宜特群益62購03,2026-09-04,0.95,-0.15,-13.64,29000000,0,,,,,,,,,,
713002,宜鼎群益62購02,2026-09-04,1.78,-0.1,-5.32,2000000,0,,否,,2.09,,,,,,
713003,威剛群益62購07,2026-09-04,3.56,0.03,0.85,7000000,0,,否,,3.88,,,,,,
713008,高技群益62購01,2026-09-04,2.49,-0.21,-7.78,34000000,0,,否,,,,,,,,
713009,崇越電群益64購01,2026-09-04,0.89,0.02,2.3,215000000,0,,否,,,,,,,,
713011,閎康群益62購01,2026-09-04,1.77,0.02,1.14,500000000,0,,是,,1.83,,,,,,
713012,順達群益62購02,2026-09-04,1.41,-0.1,-6.62,10000000,0,,否,,,,,,,,
713013,鈊象群益62購03,2026-09-04,1.38,-0.02,-1.43,37000000,0,,,,,,,,,,
713014,新應材群益62購04,2026-09-04,2.66,0.03,1.14,985000000,0,,是,,2.84,,,,,,
713016,榮剛群益68購01,2026-09-04,3.11,-0.08,-2.51,32000000,0,,,,,,,,,,
713017,漢達群益62購01,2026-09-04,3.74,0.46,14.02,26000000,0,,否,,,,,,,,
713018,臺慶科群益65購01,2026-09-04,1.57,0.1,6.8,196000000,0,,,,,,,,,,
713020,穩懋群益63購03,2026-09-04,1.06,0.06,6.0,72000000,0,,否,,1.09,,,,,,
713023,良維中信62購01,2026-09-04,1.1,0.15,15.79,786000000,0,,否,,,,,,,,
713024,宏觀永豐63購01,2026-09-04,1.36,-0.01,-0.73,20000000,0,,否,,,,,,,,
713027,朋程永豐63購01,2026-09-04,1.32,-0.08,-5.71,149000000,0,,是,,,,,,,,
713030,立敦台新65購01,2026-09-04,2.03,0.24,13.41,38000000,0,,,,,,,,,,
713031,宜鼎台新62購05,2026-09-04,2.55,-0.46,-15.28,65000000,0,,是,,,,,,,,
713038,安葆元大62購01,2026-09-04,1.04,-0.02,-1.89,5000000,0,,,,,,,,,,
713040,竑騰元大62購01,2026-09-04,1.14,0.17,17.53,550000000,0,,是,,1.21,,,,,,
713044,中美晶凱基63購07,2026-09-04,2.62,0.12,4.8,50000000,0,,是,,2.62,,,,,,
713046,宜特凱基63購02,2026-09-04,1.11,-0.03,-2.63,5000000,0,,否,,,,,,,,
713051,順達凱基63購08,2026-09-04,1.71,0.11,6.88,1000000,0,,,,,,,,,,
713057,大江國票68購01,2026-09-04,0.66,-0.02,-2.94,27000000,0,,,,,,,,,,
713060,信立國票63購01,2026-09-04,1.86,-0.11,-5.58,7000000,0,,,,,,,,,,
713064,世界永豐63購01,2026-09-04,1.53,-0.05,-3.16,60000000,0,,,,,,,,,,
713065,世界永豐64購02,2026-09-04,1.85,0.07,3.93,6000000,0,,,,,,,,,,
713070,元太富邦64購02,2026-09-04,0.56,-0.06,-9.68,114000000,0,,否,,,,,,,,
713072,威剛富邦68購01,2026-09-04,0.66,-0.06,-8.33,3000000,0,,否,,,,,,,,
713073,高技富邦64購01,2026-09-04,1.02,-0.06,-5.56,56000000,0,,否,,,,,,,,
713075,智通*富邦64購03,2026-09-04,0.78,0.0,0.0,66000000,0,,,,,,,,,,
713077,寶雅*富邦64購02,2026-09-04,0.63,0.02,3.28,58000000,0,,,,,,,,,,
713081,竑騰台新62購04,2026-09-04,1.37,0.26,23.42,37000000,0,,是,,,,,,,,
713082,高技台新62購01,2026-09-04,2.13,-0.1,-4.48,43000000,0,,,,,,,,,,
713086,穩懋台新62購02,2026-09-04,5.1,0.0,0.0,848000000,0,,是,,,,,,,,
713087,穩懋台新62購03,2026-09-04,3.76,0.09,2.45,204000000,0,,否,,,,,,,,
713088,大江凱基65購01,2026-09-04,0.75,-0.04,-5.06,85000000,0,,,,,,,,,,
713095,威剛凱基63購11,2026-09-04,1.9,-0.34,-15.18,38000000,0,,是,,,,,,,,
713096,竑騰凱基63購01,2026-09-04,0.97,0.2,25.97,113000000,0,,否,,,,,,,,
713098,群聯凱基63購16,2026-09-04,2.23,-0.1,-4.29,176000000,0,,否,,,,,,,,
713099,聖暉*凱基63購01,2026-09-04,1.03,-0.07,-6.36,175000000,0,,是,,,,,,,,
713103,群翊國泰63購01,2026-09-04,1.78,-0.72,-28.8,6000000,0,,否,,,,,,,,
713104,大綜國票63購01,2026-09-04,1.74,0.13,8.07,305000000,0,,,,,,,,,,
713105,大綜國票64購01,2026-09-04,1.56,0.11,7.59,7000000,0,,,,,,,,,,
713107,竑騰國票64購01,2026-09-04,1.08,-0.1,-8.47,17000000,0,,,,,,,,,,
713109,聖暉*富邦62購02,2026-09-04,0.65,0.01,1.56,862000000,0,,是,,,,,,,,
713110,台半中信62購01,2026-09-04,0.71,-0.13,-15.48,250000000,0,,是,,,,,,,,
713111,宜鼎中信62購02,2026-09-04,0.57,-0.11,-16.18,40000000,0,,否,,,,,,,,
713113,大綜永豐63購01,2026-09-04,1.05,0.08,8.25,6000000,0,,,,,,,,,,
713116,竑騰永豐63購02,2026-09-04,0.65,0.07,12.07,19000000,0,,否,,,,,,,,
713117,頎邦永豐64購02,2026-09-04,1.99,-0.09,-4.33,423000000,0,,是,,,,,,,,
713119,廣運永豐64購01,2026-09-04,1.51,-0.14,-8.48,26000000,0,,,,,,,,,,
713120,中美晶群益62購08,2026-09-04,1.51,-0.05,-3.21,5000000,0,,否,,,,,,,,
713122,台半群益62購04,2026-09-04,2.76,-0.01,-0.36,559000000,0,,是,,,,,,,,
713123,系統電群益64購01,2026-09-04,1.3,0.01,0.78,15000000,0,,,,,,,,,,
713125,欣銓群益62購01,2026-09-04,3.26,0.02,0.62,15000000,0,,否,,,,,,,,
713126,青雲群益64購01,2026-09-04,1.46,-0.05,-3.31,259000000,0,,否,,,,,,,,
713129,順達群益62購03,2026-09-04,3.47,0.21,6.44,56000000,0,,否,,,,,,,,
713130,鈊象群益62購04,2026-09-04,1.31,0.01,0.77,169000000,0,,,,,,,,,,
713131,新應材群益62購05,2026-09-04,0.53,0.05,10.42,90000000,0,,否,,,,,,,,
713132,群翊群益62購01,2026-09-04,1.54,-0.35,-18.52,73000000,0,,否,,,,,,,,
713135,頎邦群益63購01,2026-09-04,3.05,-0.48,-13.6,123000000,0,,否,,,,,,,,
713136,臺慶科群益62購01,2026-09-04,3.23,0.24,8.03,33000000,0,,是,,,,,,,,
713137,廣閎科群益62購01,2026-09-04,2.95,0.04,1.37,516000000,0,,是,,,,,,,,
713138,大綜元大62購01,2026-09-04,1.32,0.06,4.76,7000000,0,,否,,,,,,,,
713139,中美晶元大62購02,2026-09-04,1.18,-0.04,-3.28,246000000,0,,否,,,,,,,,
713140,弘塑元大62購02,2026-09-04,1.08,0.0,0.0,184000000,0,,否,,,,,,,,
713141,均華元大62購01,2026-09-04,1.19,0.11,10.19,45000000,0,,否,,,,,,,,
713142,沛亨元大62購01,2026-09-04,1.3,0.0,0.0,31000000,0,,否,,,,,,,,
713143,宜鼎元大62購03,2026-09-04,0.56,-0.13,-18.84,4000000,0,,,,,,,,,,
713144,威剛元大65購13,2026-09-04,1.51,-0.05,-3.21,3000000,0,,否,,,,,,,,
713145,高技元大62購01,2026-09-04,0.75,-0.04,-5.06,180000000,0,,否,,,,,,,,
713146,群聯元大62購05,2026-09-04,1.32,-0.13,-8.97,10000000,0,,,,,,,,,,
713150,弘塑凱基65購01,2026-09-04,2.96,-0.21,-6.62,4000000,0,,否,,,,,,,,
713151,均華凱基62購01,2026-09-04,2.71,0.28,11.52,250000000,0,,是,,,,,,,,
713153,宜鼎凱基64購03,2026-09-04,0.98,-0.06,-5.77,182000000,0,,,,,,,,,,
713156,鈊象凱基62購01,2026-09-04,2.34,-0.05,-2.09,10000000,0,,,,,,,,,,
713157,新應材凱基62購01,2026-09-04,2.13,0.1,4.93,37000000,0,,否,,,,,,,,
713158,群聯凱基62購02,2026-09-04,1.33,-0.3,-18.4,160000000,0,,,,,,,,,,
713159,頎邦凱基68購01,2026-09-04,3.86,-0.17,-4.22,151000000,0,,是,,,,,,,,
713160,廣閎科凱基62購01,2026-09-04,2.7,0.03,1.12,1301000000,0,,是,,,,,,,,
713161,磐亞凱基62購01,2026-09-04,1.12,-0.13,-10.4,3000000,0,,,,,,,,,,
713167,環球晶凱基62購02,2026-09-04,1.23,0.08,6.96,30000000,0,,否,,,,,,,,
713168,環球晶凱基62購03,2026-09-04,1.13,0.13,13.0,146000000,0,,,,,,,,,,
713169,環球晶凱基62購04,2026-09-04,1.24,0.18,16.98,94000000,0,,,,,,,,,,
713171,環球晶凱基64購01,2026-09-04,0.93,0.13,16.25,107000000,0,,否,,,,,,,,
713172,環球晶凱基64購02,2026-09-04,0.81,0.09,12.5,603000000,0,,,,,,,,,,
713174,環球晶凱基64購04,2026-09-04,0.96,0.12,14.29,70000000,0,,是,,,,,,,,
713175,雙鴻凱基68購02,2026-09-04,3.38,0.66,24.26,6000000,0,,否,,,,,,,,
713176,宏碩台新62購01,2026-09-04,1.89,0.08,4.42,3000000,0,,否,,,,,,,,
713178,環球晶台新62購03,2026-09-04,1.26,0.14,12.5,10000000,0,,,,,,,,,,
713179,環球晶台新62購04,2026-09-04,1.02,0.06,6.25,57000000,0,,否,,,,,,,,
713180,環球晶台新62購05,2026-09-04,0.83,0.08,10.67,30000000,0,,是,,,,,,,,
713181,環球晶台新62購06,2026-09-04,0.76,0.01,1.33,20000000,0,,否,,,,,,,,
713182,環球晶台新68購01,2026-09-04,2.4,0.2,9.09,78000000,0,,是,,,,,,,,
713183,環球晶台新68購02,2026-09-04,1.99,0.22,12.43,72000000,0,,,,,,,,,,
713185,宜鼎群益62購03,2026-09-04,1.54,-0.47,-23.38,204000000,0,,,,,,,,,,
713186,環球晶群益62購02,2026-09-04,1.08,0.02,1.89,48000000,0,,是,,,,,,,,
713187,環球晶群益62購03,2026-09-04,0.92,-0.06,-6.12,5000000,0,,,,,,,,,,
713188,環球晶群益62購04,2026-09-04,0.81,0.1,14.08,359000000,0,,,,,,,,,,
713189,環球晶群益63購01,2026-09-04,1.31,-0.05,-3.68,3000000,0,,,,,,,,,,
713190,環球晶統一66購01,2026-09-04,0.8,0.0,0.0,6000000,0,,否,,,,,,,,
713192,環球晶統一6A購02,2026-09-04,0.62,0.04,6.9,63000000,0,,,,,,,,,,
713194,環球晶統一78購01,2026-09-04,0.59,0.03,5.36,250000000,0,,否,,,,,,,,
713197,環球晶國泰63購01,2026-09-04,1.58,0.16,11.27,1000000,0,,,,,,,,,,
713198,環球晶國泰64購01,2026-09-04,1.62,0.11,7.28,31000000,0,,否,,,,,,,,
713199,環球晶國泰67購01,2026-09-04,1.66,0.17,11.41,42000000,0,,,,,,,,,,
713200,良維富邦64購01,2026-09-04,1.01,0.17,20.24,803000000,0,,否,,,,,,,,
713201,群翊富邦65購01,2026-09-04,0.6,-0.08,-11.76,163000000,0,,否,,,,,,,,
713202,環球晶富邦62購01,2026-09-04,0.66,0.08,13.79,94000000,0,,是,,,,,,,,
713203,環球晶富邦62購02,2026-09-04,0.64,0.04,6.67,485000000,0,,,,,,,,,,
713204,環球晶富邦65購01,2026-09-04,0.55,0.05,10.0,159000000,0,,,,,,,,,,
713205,環球晶中信62購01,2026-09-04,0.43,0.07,19.44,1329000000,0,,否,,,,,,,,
713206,環球晶中信62購02,2026-09-04,0.66,0.06,10.0,16000000,0,,,,,,,,,,
713208,環球晶永豐63購01,2026-09-04,1.15,0.14,13.86,29000000,0,,否,,,,,,,,
713209,環球晶永豐63購02,2026-09-04,0.94,0.09,10.59,71000000,0,,否,,,,,,,,
713210,環球晶永豐63購03,2026-09-04,0.99,0.11,12.5,80000000,0,,,,,,,,,,
713211,環球晶永豐63購04,2026-09-04,0.9,0.1,12.5,37000000,0,,,,,,,,,,
713212,環球晶永豐63購05,2026-09-04,1.1,0.1,10.0,62000000,0,,,,,,,,,,
713213,環球晶永豐63購06,2026-09-04,1.2,-0.01,-0.83,46000000,0,,否,,,,,,,,
713214,環球晶永豐65購01,2026-09-04,1.35,0.15,12.5,70000000,0,,,,,,,,,,
713216,環球晶永豐65購03,2026-09-04,1.53,0.12,8.51,97000000,0,,,,,,,,,,
713218,環球晶永豐68購02,2026-09-04,2.58,0.06,2.38,76000000,0,,,,,,,,,,
713219,環球晶永豐72購01,2026-09-04,3.23,0.16,5.21,1000000,0,,,,,,,,,,
713222,中美晶國票63購02,2026-09-04,1.03,0.0,0.0,118000000,0,,是,,,,,,,,
713223,均華國票65購01,2026-09-04,3.31,0.22,7.12,36000000,0,,是,,,,,,,,
713226,威聯通國票66購01,2026-09-04,0.78,0.02,2.63,13000000,0,,,,,,,,,,
713228,磐亞國票66購01,2026-09-04,0.79,-0.01,-1.25,62000000,0,,否,,,,,,,,
713229,環球晶國票64購01,2026-09-04,1.04,0.05,5.05,10000000,0,,否,,,,,,,,
713231,中美晶元大62購03,2026-09-04,0.57,0.01,1.79,86000000,0,,是,,,,,,,,
713232,均華元大62購02,2026-09-04,1.34,0.02,1.52,188000000,0,,,,,,,,,,
713233,均華元大66購01,2026-09-04,1.54,0.0,0.0,9000000,0,,否,,,,,,,,
713234,均華元大67購01,2026-09-04,1.29,0.1,8.4,509000000,0,,是,,,,,,,,
713235,威剛元大65購14,2026-09-04,1.2,-0.03,-2.44,3000000,0,,否,,,,,,,,
713236,群聯元大62購07,2026-09-04,1.34,-0.14,-9.46,50000000,0,,,,,,,,,,
713238,磐亞元大62購01,2026-09-04,0.58,-0.04,-6.45,200000000,0,,,,,,,,,,
713239,營邦元大65購01,2026-09-04,1.57,-0.08,-4.85,13000000,0,,否,,,,,,,,
713240,環球晶元大62購01,2026-09-04,0.96,0.06,6.67,117000000,0,,否,,,,,,,,
713241,環球晶元大62購02,2026-09-04,0.91,0.09,10.98,565000000,0,,否,,,,,,,,
713242,環球晶元大62購03,2026-09-04,0.54,0.05,10.2,1060000000,0,,,,,,,,,,
713243,環球晶元大65購03,2026-09-04,1.09,0.1,10.1,319000000,0,,,,,,,,,,
713244,環球晶元大68購09,2026-09-04,1.3,0.1,8.33,331000000,0,,否,,,,,,,,
713248,營邦凱基63購04,2026-09-04,2.35,0.03,1.29,266000000,0,,否,,,,,,,,
713249,雙鴻凱基64購03,2026-09-04,3.7,0.94,34.06,33000000,0,,否,,,,,,,,
713250,聖暉*台新63購01,2026-09-04,1.96,0.12,6.52,59000000,0,,否,,,,,,,,
713252,優群台新65購01,2026-09-04,1.65,-0.04,-2.37,8000000,0,,,,,,,,,,
713255,中美晶群益63購04,2026-09-04,3.89,0.25,6.87,29000000,0,,,,,,,,,,
713256,弘塑群益63購04,2026-09-04,3.84,-0.12,-3.03,27000000,0,,否,,,,,,,,
713259,順達群益63購03,2026-09-04,3.54,-0.29,-7.57,21000000,0,,否,,,,,,,,
713260,鈊象群益63購02,2026-09-04,1.8,-0.01,-0.55,5000000,0,,否,,,,,,,,
713265,群聯中信63購02,2026-09-04,0.71,0.03,4.41,10000000,0,,,,,,,,,,
713266,穩懋中信63購01,2026-09-04,1.02,0.02,2.0,226000000,0,,否,,,,,,,,
713267,穩懋中信68購02,2026-09-04,0.92,0.02,2.22,21000000,0,,否,,,,,,,,
713272,中美晶元大63購05,2026-09-04,1.33,-0.03,-2.21,14000000,0,,否,,,,,,,,
713273,中美晶元大63購06,2026-09-04,0.75,0.05,7.14,3000000,0,,,,,,,,,,
713275,宜鼎元大65購04,2026-09-04,1.39,-0.06,-4.14,216000000,0,,是,,,,,,,,
713276,宜鼎元大66購01,2026-09-04,1.0,-0.15,-13.04,3000000,0,,,,,,,,,,
713278,威剛元大65購15,2026-09-04,0.81,-0.02,-2.41,4000000,0,,,,,,,,,,
713279,高技元大63購03,2026-09-04,1.95,-0.18,-8.45,7000000,0,,否,,,,,,,,
713281,順達元大65購01,2026-09-04,1.96,0.09,4.81,10000000,0,,,,,,,,,,
713282,鈊象元大63購10,2026-09-04,1.63,-0.01,-0.61,27000000,0,,是,,,,,,,,
713284,群聯元大63購18,2026-09-04,1.12,-0.1,-8.2,3000000,0,,否,,,,,,,,
713285,營邦元大65購02,2026-09-04,2.43,-0.08,-3.19,12000000,0,,否,,,,,,,,
713286,營邦元大66購01,2026-09-04,2.08,-0.04,-1.89,218000000,0,,是,,,,,,,,
713287,弘塑國票63購02,2026-09-04,1.21,0.01,0.83,2000000,0,,,,,,,,,,
713290,鈊象國票66購01,2026-09-04,1.05,0.0,0.0,24000000,0,,,,,,,,,,
713291,群翊國票68購01,2026-09-04,0.78,-0.12,-13.33,5000000,0,,,,,,,,,,
713295,營邦國票63購01,2026-09-04,2.84,0.22,8.4,55000000,0,,否,,,,,,,,
713296,營邦國票64購01,2026-09-04,2.92,0.17,6.18,512000000,0,,是,,,,,,,,
713297,環球晶國票63購01,2026-09-04,2.01,0.21,11.67,127000000,0,,否,,,,,,,,
713298,晶呈富邦64購01,2026-09-04,0.73,0.09,14.06,96000000,0,,,,,,,,,,
713299,廣閎科富邦63購01,2026-09-04,0.69,0.01,1.47,693000000,0,,是,,,,,,,,
713300,穩懋富邦63購02,2026-09-04,1.45,-0.09,-5.84,367000000,0,,否,,,,,,,,
713301,天良國泰63購01,2026-09-04,0.57,-0.21,-26.92,35000000,0,,否,,,,,,,,
713302,晶呈國泰63購01,2026-09-04,1.53,0.16,11.68,13000000,0,,,,,,,,,,
713303,晶呈國泰63購02,2026-09-04,1.32,0.03,2.33,65000000,0,,,,,,,,,,
713304,磐亞國泰63購01,2026-09-04,0.79,-0.05,-5.95,33000000,0,,是,,,,,,,,
713306,穩懋國泰65購01,2026-09-04,1.42,-0.01,-0.7,24000000,0,,否,,,,,,,,
713307,環球晶統一67購01,2026-09-04,0.61,0.02,3.39,5000000,0,,,,,,,,,,
713310,台半凱基65購01,2026-09-04,1.15,-0.15,-11.54,10000000,0,,,,,,,,,,
713312,良維凱基63購02,2026-09-04,3.86,0.88,29.53,29000000,0,,,,,,,,,,
713313,高技凱基63購02,2026-09-04,2.46,-0.18,-6.82,33000000,0,,是,,,,,,,,
713314,順達凱基63購09,2026-09-04,4.45,0.29,6.97,16000000,0,,,,,,,,,,
713316,新應材凱基65購01,2026-09-04,3.03,0.33,12.22,10000000,0,,否,,,,,,,,
713317,群翊凱基63購01,2026-09-04,1.93,-0.26,-11.87,25000000,0,,,,,,,,,,
713318,頎邦凱基63購05,2026-09-04,1.54,0.03,1.99,86000000,0,,,,,,,,,,
713319,頎邦凱基63購06,2026-09-04,1.42,0.23,19.33,20000000,0,,,,,,,,,,
713320,精材凱基63購03,2026-09-04,3.95,0.15,3.95,1000000,0,,否,,,,,,,,
713321,精材凱基63購04,2026-09-04,4.17,0.49,13.32,16000000,0,,否,,,,,,,,
713324,環球晶凱基63購01,2026-09-04,2.0,0.13,6.95,278000000,0,,是,,,,,,,,
713325,高技台新63購01,2026-09-04,2.04,-0.14,-6.42,14000000,0,,,,,,,,,,
713326,華宏台新63購01,2026-09-04,1.0,0.16,19.05,916000000,0,,是,,,,,,,,
713330,頎邦台新65購01,2026-09-04,2.01,-0.34,-14.47,431000000,0,,是,,,,,,,,
713331,精材台新63購01,2026-09-04,2.2,0.66,42.86,1000000,0,,,,,,,,,,
713333,雙鴻台新65購03,2026-09-04,14.2,3.3,30.28,10000000,0,,否,,,,,,,,
713334,譜瑞台新65購01,2026-09-04,2.05,-0.03,-1.44,5000000,0,,,,,,,,,,
713335,千附精元大63購02,2026-09-04,1.24,0.11,9.73,13000000,0,,,,,,,,,,
713339,高技元大63購05,2026-09-04,1.65,-0.12,-6.78,3000000,0,,否,,,,,,,,
713340,鈊象元大63購11,2026-09-04,1.8,-0.01,-0.55,35000000,0,,是,,,,,,,,
713341,群聯元大63購19,2026-09-04,1.24,-0.13,-9.49,16000000,0,,,,,,,,,,
713342,精材元大65購01,2026-09-04,1.35,-0.04,-2.88,1000000,0,,否,,,,,,,,
713343,環球晶元大63購01,2026-09-04,1.57,0.03,1.95,638000000,0,,是,,,,,,,,
713344,環球晶元大63購02,2026-09-04,1.45,0.1,7.41,1113000000,0,,是,,,,,,,,
713345,環球晶元大63購03,2026-09-04,1.06,0.07,7.07,1009000000,0,,是,,,,,,,,
713346,環球晶元大65購04,2026-09-04,0.97,0.09,10.23,7000000,0,,,,,,,,,,
713347,環球晶元大68購10,2026-09-04,0.78,0.01,1.3,320000000,0,,是,,,,,,,,
713348,雙鴻元大63購11,2026-09-04,2.15,0.46,27.22,10000000,0,,否,,,,,,,,
713349,雙鴻元大63購12,2026-09-04,1.81,0.21,13.12,10000000,0,,否,,,,,,,,
713350,雙鴻元大63購13,2026-09-04,1.72,0.19,12.42,10000000,0,,否,,,,,,,,
713351,雙鴻元大65購01,2026-09-04,1.65,0.13,8.55,30000000,0,,,,,,,,,,
713352,譜瑞元大63購05,2026-09-04,1.59,-0.06,-3.64,1000000,0,,,,,,,,,,
713353,弘塑中信65購01,2026-09-04,0.64,0.0,0.0,30000000,0,,,,,,,,,,
713355,精材中信68購01,2026-09-04,1.05,0.0,0.0,101000000,0,,否,,,,,,,,
713357,台半永豐63購03,2026-09-04,0.5,-0.04,-7.41,100000000,0,,,,,,,,,,
713361,均華永豐63購03,2026-09-04,1.27,0.15,13.39,79000000,0,,,,,,,,,,
713364,高技永豐65購01,2026-09-04,1.08,-0.16,-12.9,175000000,0,,,,,,,,,,
713365,崇越電永豐65購01,2026-09-04,0.61,0.01,1.67,1000000,0,,,,,,,,,,
713367,華宏永豐63購01,2026-09-04,1.05,0.09,9.37,39000000,0,,,,,,,,,,
713369,新應材永豐66購01,2026-09-04,1.33,0.07,5.56,70000000,0,,,,,,,,,,
713370,頎邦永豐63購03,2026-09-04,1.3,0.01,0.78,421000000,0,,,,,,,,,,
713371,頎邦永豐63購04,2026-09-04,0.98,-0.04,-3.92,379000000,0,,,,,,,,,,
713373,精材永豐63購04,2026-09-04,1.83,0.31,20.39,25000000,0,,,,,,,,,,
713376,穩懋永豐63購04,2026-09-04,2.81,-0.03,-1.06,64000000,0,,否,,,,,,,,
713377,中美晶群益63購05,2026-09-04,3.06,-0.15,-4.67,6000000,0,,否,,,,,,,,
713385,鈊象群益63購03,2026-09-04,1.89,-0.01,-0.53,18000000,0,,否,,,,,,,,
713386,新應材群益63購01,2026-09-04,0.84,0.05,6.33,5000000,0,,,,,,,,,,
713387,群聯群益63購05,2026-09-04,2.08,-0.13,-5.88,10000000,0,,是,,,,,,,,
713388,群聯群益63購06,2026-09-04,0.84,-0.05,-5.62,46000000,0,,是,,,,,,,,
713389,精材群益63購04,2026-09-04,3.3,0.48,17.02,7000000,0,,,,,,,,,,
713397,良維國票69購01,2026-09-04,1.3,0.19,17.12,15000000,0,,,,,,,,,,
713405,鉅橡國票65購01,2026-09-04,0.86,-0.06,-6.52,50000000,0,,否,,,,,,,,
713407,環球晶國票63購02,2026-09-04,1.76,0.18,11.39,50000000,0,,是,,,,,,,,
713409,頎邦國泰63購05,2026-09-04,1.38,-0.15,-9.8,430000000,0,,是,,,,,,,,
713411,雙鴻國泰63購04,2026-09-04,3.23,0.52,19.19,6000000,0,,,,,,,,,,
713412,均華統一67購01,2026-09-04,0.89,0.05,5.95,296000000,0,,是,,,,,,,,
713413,東捷統一68購02,2026-09-04,0.8,0.05,6.67,30000000,0,,是,,,,,,,,
713417,雙鴻統一65購03,2026-09-04,1.38,0.25,22.12,125000000,0,,否,,,,,,,,
713418,穩懋統一65購03,2026-09-04,0.87,0.02,2.35,140000000,0,,否,,,,,,,,
713420,群聯富邦65購01,2026-09-04,0.91,-0.03,-3.19,46000000,0,,是,,,,,,,,
713421,群聯富邦65購02,2026-09-04,0.84,-0.03,-3.45,10000000,0,,否,,,,,,,,
713423,精材富邦68購01,2026-09-04,1.44,0.05,3.6,826000000,0,,,,,,,,,,
713424,廣閎科富邦63購02,2026-09-04,0.76,-0.04,-5.0,27000000,0,,否,,,,,,,,
713428,均華凱基65購01,2026-09-04,2.29,-0.04,-1.72,84000000,0,,,,,,,,,,
713430,威剛凱基63購12,2026-09-04,1.89,-0.31,-14.09,58000000,0,,,,,,,,,,
713431,晶呈凱基63購01,2026-09-04,1.76,0.16,10.0,166000000,0,,,,,,,,,,
713432,群聯凱基68購02,2026-09-04,2.71,0.03,1.12,5000000,0,,,,,,,,,,
713434,穩懋凱基63購09,2026-09-04,1.88,0.06,3.3,46000000,0,,,,,,,,,,
713435,譜瑞凱基63購02,2026-09-04,1.71,0.07,4.27,3000000,0,,,,,,,,,,
713438,譜瑞凱基65購01,2026-09-04,2.69,0.11,4.26,2000000,0,,,,,,,,,,
713439,譜瑞凱基65購02,2026-09-04,2.37,0.0,0.0,7000000,0,,,,,,,,,,
713441,均華台新63購02,2026-09-04,1.83,0.05,2.81,65000000,0,,是,,,,,,,,
713447,群聯台新63購02,2026-09-04,1.48,-0.12,-7.5,10000000,0,,,,,,,,,,
713449,群聯台新63購04,2026-09-04,1.2,-0.16,-11.76,36000000,0,,,,,,,,,,
713450,群聯台新68購02,2026-09-04,1.84,0.01,0.55,10000000,0,,,,,,,,,,
713451,頎邦台新63購01,2026-09-04,1.46,-0.26,-15.12,527000000,0,,是,,,,,,,,
713452,鴻呈台新63購01,2026-09-04,0.7,-0.04,-5.41,10000000,0,,,,,,,,,,
713454,穩懋台新65購03,2026-09-04,2.0,-0.28,-12.28,8000000,0,,否,,,,,,,,
713455,高技中信65購01,2026-09-04,0.89,-0.04,-4.3,62000000,0,,,,,,,,,,
713457,群聯中信68購01,2026-09-04,0.41,-0.01,-2.38,5000000,0,,,,,,,,,,
713460,互動永豐63購01,2026-09-04,1.72,-0.13,-7.03,45000000,0,,,,,,,,,,
713462,沛亨永豐63購01,2026-09-04,2.61,-0.01,-0.38,202000000,0,,,,,,,,,,
713463,良維永豐63購02,2026-09-04,1.22,0.24,24.49,143000000,0,,,,,,,,,,
713465,順達永豐63購05,2026-09-04,0.9,0.05,5.88,60000000,0,,,,,,,,,,
713467,新應材永豐66購02,2026-09-04,1.18,0.1,9.26,202000000,0,,,,,,,,,,
713468,環球晶永豐63購07,2026-09-04,1.46,-0.09,-5.81,19000000,0,,,,,,,,,,
713469,環球晶永豐63購08,2026-09-04,1.35,0.15,12.5,8000000,0,,,,,,,,,,
713475,高技群益63購01,2026-09-04,1.53,-0.18,-10.53,53000000,0,,,,,,,,,,
713477,順達群益63購04,2026-09-04,1.23,-0.11,-8.21,10000000,0,,,,,,,,,,
713478,頎邦群益63購02,2026-09-04,2.83,-0.54,-16.02,59000000,0,,,,,,,,,,
713481,環球晶群益63購02,2026-09-04,1.66,0.12,7.79,115000000,0,,,,,,,,,,
713482,穩懋群益63購04,2026-09-04,1.63,0.03,1.88,1526000000,0,,是,,,,,,,,
713486,世界富邦63購01,2026-09-04,0.62,0.0,0.0,3000000,0,,,,,,,,,,
713487,均華富邦63購02,2026-09-04,1.19,0.03,2.59,270000000,0,,,,,,,,,,
713488,沛亨富邦63購01,2026-09-04,0.84,-0.06,-6.67,2000000,0,,,,,,,,,,
713490,穩懋富邦63購03,2026-09-04,0.78,-0.09,-10.34,74000000,0,,,,,,,,,,
713494,穩懋統一68購04,2026-09-04,0.73,-0.1,-12.05,86000000,0,,,,,,,,,,
713495,台半元大63購04,2026-09-04,0.72,-0.13,-15.29,215000000,0,,,,,,,,,,
713496,台半元大63購05,2026-09-04,0.71,-0.1,-12.35,122000000,0,,,,,,,,,,
713497,台半元大63購06,2026-09-04,0.68,-0.07,-9.33,250000000,0,,,,,,,,,,
713498,台半元大68購02,2026-09-04,0.72,-0.02,-2.7,750000000,0,,,,,,,,,,
713499,弘塑元大66購01,2026-09-04,1.22,-0.06,-4.69,102000000,0,,是,,,,,,,,
713500,弘塑元大68購02,2026-09-04,1.12,-0.08,-6.67,145000000,0,,是,,,,,,,,
713501,弘塑元大68購03,2026-09-04,1.38,-0.06,-4.17,37000000,0,,否,,,,,,,,
713502,均華元大63購01,2026-09-04,1.31,0.01,0.77,56000000,0,,,,,,,,,,
713503,宜鼎元大63購07,2026-09-04,0.63,-0.14,-18.18,4000000,0,,,,,,,,,,
713507,晶呈元大63購01,2026-09-04,1.4,0.18,14.75,38000000,0,,,,,,,,,,
713508,新應材元大65購01,2026-09-04,2.03,0.25,14.04,17000000,0,,,,,,,,,,
713509,新應材元大68購01,2026-09-04,1.72,0.21,13.91,51000000,0,,,,,,,,,,
713511,精材元大65購02,2026-09-04,2.02,0.09,4.66,1000000,0,,,,,,,,,,
713512,蜜望實元大63購03,2026-09-04,0.74,0.11,17.46,1123000000,0,,是,,,,,,,,
713513,環球晶元大63購04,2026-09-04,0.93,-0.02,-2.11,47000000,0,,否,,,,,,,,
713514,環球晶元大63購05,2026-09-04,0.91,0.07,8.33,289000000,0,,是,,,,,,,,
713515,環球晶元大65購05,2026-09-04,1.07,0.04,3.88,244000000,0,,是,,,,,,,,
713516,環球晶元大68購11,2026-09-04,0.82,0.06,7.89,158000000,0,,否,,,,,,,,
713519,雙鴻元大63購16,2026-09-04,2.0,0.38,23.46,10000000,0,,否,,,,,,,,
713520,雙鴻元大63購17,2026-09-04,2.1,0.33,18.64,1000000,0,,否,,,,,,,,
713523,力致台新63購01,2026-09-04,1.66,0.03,1.84,249000000,0,,,,,,,,,,
713527,廣閎科台新63購01,2026-09-04,0.97,-0.04,-3.96,39000000,0,,,,,,,,,,
713528,環球晶台新63購02,2026-09-04,3.52,0.37,11.75,45000000,0,,,,,,,,,,
713529,環球晶台新63購03,2026-09-04,2.72,0.44,19.3,326000000,0,,,,,,,,,,
713534,弘塑凱基69購01,2026-09-04,2.71,0.02,0.74,4000000,0,,,,,,,,,,
713540,新應材凱基66購01,2026-09-04,2.3,0.34,17.35,9000000,0,,,,,,,,,,
713541,頎邦凱基65購01,2026-09-04,2.25,-0.08,-3.43,13000000,0,,,,,,,,,,
713544,蜜望實凱基63購02,2026-09-04,1.58,0.27,20.61,23000000,0,,,,,,,,,,
713546,雙鴻凱基63購13,2026-09-04,2.57,0.32,14.22,14000000,0,,,,,,,,,,
713549,沛亨群益63購01,2026-09-04,1.67,-0.15,-8.24,93000000,0,,,,,,,,,,
713550,朋程群益63購01,2026-09-04,1.4,-0.11,-7.28,10000000,0,,,,,,,,,,
713552,威剛群益63購06,2026-09-04,1.47,-0.05,-3.29,132000000,0,,,,,,,,,,
713557,聖暉*群益63購01,2026-09-04,1.36,0.01,0.74,2325000000,0,,,,,,,,,,
713558,精材群益63購06,2026-09-04,3.09,0.16,5.46,1000000,0,,,,,,,,,,
713568,頎邦中信69購01,2026-09-04,0.67,0.09,15.52,60000000,0,,,,,,,,,,
713569,精材中信69購01,2026-09-04,0.74,0.04,5.71,849000000,0,,,,,,,,,,
713576,廣閎科永豐64購01,2026-09-04,1.16,0.07,6.42,104000000,0,,,,,,,,,,
713577,雙鴻永豐64購07,2026-09-04,1.95,0.16,8.94,22000000,0,,,,,,,,,,
713580,千附精元大63購03,2026-09-04,0.63,0.06,10.53,361000000,0,,,,,,,,,,
713581,中美晶元大63購08,2026-09-04,0.57,-0.04,-6.56,17000000,0,,,,,,,,,,
713582,弘塑元大67購02,2026-09-04,1.34,-0.06,-4.29,27000000,0,,,,,,,,,,
713583,弘塑元大68購04,2026-09-04,1.19,-0.06,-4.8,75000000,0,,,,,,,,,,
713584,宜鼎元大63購08,2026-09-04,0.83,-0.15,-15.31,3000000,0,,,,,,,,,,
713585,宜鼎元大63購09,2026-09-04,0.78,-0.15,-16.13,3000000,0,,,,,,,,,,
713588,高技元大63購06,2026-09-04,0.47,-0.15,-24.19,4000000,0,,,,,,,,,,
713590,精材元大63購06,2026-09-04,1.84,0.1,5.75,1000000,0,,,,,,,,,,
713591,精材元大63購07,2026-09-04,1.62,0.09,5.88,1000000,0,,,,,,,,,,
713593,精材元大63購09,2026-09-04,0.89,0.09,11.25,11000000,0,,,,,,,,,,
713595,營邦元大68購01,2026-09-04,1.0,-0.07,-6.54,1152000000,0,,,,,,,,,,
713596,環球晶元大63購06,2026-09-04,0.77,0.05,6.94,164000000,0,,,,,,,,,,
713597,環球晶元大64購02,2026-09-04,0.84,0.08,10.53,194000000,0,,,,,,,,,,
713598,環球晶元大66購05,2026-09-04,0.64,0.03,4.92,252000000,0,,,,,,,,,,
713599,鴻呈元大63購01,2026-09-04,1.07,-0.08,-6.96,425000000,0,,,,,,,,,,
713601,雙鴻元大63購18,2026-09-04,1.66,0.41,32.8,40000000,0,,,,,,,,,,
713605,中美晶富邦63購03,2026-09-04,0.67,-0.01,-1.47,6000000,0,,,,,,,,,,
713606,元太富邦65購01,2026-09-04,0.68,0.02,3.03,36000000,0,,,,,,,,,,
713607,威剛富邦66購01,2026-09-04,0.59,-0.02,-3.28,5000000,0,,,,,,,,,,
713611,順達富邦64購02,2026-09-04,0.65,0.02,3.17,113000000,0,,,,,,,,,,
713612,頎邦富邦66購01,2026-09-04,0.56,-0.24,-30.0,123000000,0,,,,,,,,,,
713613,精材富邦65購02,2026-09-04,0.94,0.09,10.59,694000000,0,,,,,,,,,,
713614,精材富邦79購01,2026-09-04,1.06,0.0,0.0,288000000,0,,,,,,,,,,
713615,營邦富邦66購01,2026-09-04,1.03,-0.08,-7.21,32000000,0,,,,,,,,,,
713620,雙鴻統一6C購02,2026-09-04,0.74,0.07,10.45,105000000,0,,,,,,,,,,
713622,均華群益65購01,2026-09-04,1.48,0.17,12.98,5000000,0,,,,,,,,,,
713624,宜鼎群益65購01,2026-09-04,0.65,-0.09,-12.16,9000000,0,,,,,,,,,,
713626,順達群益63購05,2026-09-04,1.54,0.0,0.0,5000000,0,,,,,,,,,,
713627,新應材群益64購02,2026-09-04,0.87,0.08,10.13,23000000,0,,,,,,,,,,
713629,頎邦群益63購03,2026-09-04,2.7,-0.42,-13.46,309000000,0,,,,,,,,,,
713630,精材群益63購07,2026-09-04,2.93,0.25,9.33,50000000,0,,,,,,,,,,
713631,精材群益63購08,2026-09-04,2.08,0.16,8.33,75000000,0,,,,,,,,,,
713633,環球晶群益63購03,2026-09-04,1.59,0.14,9.66,35000000,0,,,,,,,,,,
713639,良維國票64購01,2026-09-04,0.97,0.17,21.25,28000000,0,,,,,,,,,,
713641,欣銓國票64購01,2026-09-04,0.89,0.0,0.0,1000000,0,,,,,,,,,,
713646,萊德光國票64購01,2026-09-04,0.83,0.13,18.57,242000000,0,,,,,,,,,,
713651,精材國票64購02,2026-09-04,0.89,0.09,11.25,1000000,0,,,,,,,,,,
713652,蜜望實國票64購01,2026-09-04,1.8,0.21,13.21,3000000,0,,,,,,,,,,
713657,環球晶國票65購01,2026-09-04,2.56,0.32,14.29,7000000,0,,,,,,,,,,
713661,安葆台新63購01,2026-09-04,0.91,-0.04,-4.21,30000000,0,,,,,,,,,,
713663,萊德光台新63購01,2026-09-04,0.91,0.19,26.39,387000000,0,,,,,,,,,,
713670,元太元大66購06,2026-09-04,1.35,-0.05,-3.57,6000000,0,,,,,,,,,,
713672,均華元大63購02,2026-09-04,1.1,0.0,0.0,136000000,0,,,,,,,,,,
713673,均華元大63購03,2026-09-04,1.09,0.08,7.92,269000000,0,,,,,,,,,,
713681,雅特力元大63購01,2026-09-04,1.03,0.03,3.0,1260000000,0,,,,,,,,,,
713682,群聯元大63購21,2026-09-04,1.03,-0.22,-17.6,50000000,0,,,,,,,,,,
713688,蜜望實元大63購05,2026-09-04,0.61,0.02,3.39,5000000,0,,,,,,,,,,
713689,擎亞元大63購01,2026-09-04,0.81,-0.01,-1.22,10000000,0,,,,,,,,,,
713690,環球晶元大63購07,2026-09-04,2.29,0.22,10.63,391000000,0,,,,,,,,,,
713691,環球晶元大63購08,2026-09-04,1.41,0.11,8.46,240000000,0,,,,,,,,,,
713692,環球晶元大67購04,2026-09-04,1.18,0.1,9.26,154000000,0,,,,,,,,,,
713699,家登凱基64購01,2026-09-04,2.56,0.21,8.94,10000000,0,,,,,,,,,,
713701,雅特力凱基63購02,2026-09-04,1.13,-0.17,-13.08,60000000,0,,,,,,,,,,
713703,萬泰科凱基63購01,2026-09-04,1.9,0.08,4.4,5000000,0,,,,,,,,,,
713705,群聯凱基69購01,2026-09-04,2.41,-0.01,-0.41,757000000,0,,,,,,,,,,
713707,達航凱基66購01,2026-09-04,0.96,-0.07,-6.8,5000000,0,,,,,,,,,,
713712,營邦凱基68購01,2026-09-04,3.34,0.18,5.7,100000000,0,,,,,,,,,,
713714,雙鴻凱基63購14,2026-09-04,2.07,0.28,15.64,10000000,0,,,,,,,,,,
713715,環球晶中信69購01,2026-09-04,1.54,0.08,5.48,163000000,0,,,,,,,,,,
713725,精材永豐64購05,2026-09-04,1.4,0.22,18.64,150000000,0,,,,,,,,,,
713726,精材永豐66購01,2026-09-04,1.94,-0.08,-3.96,20000000,0,,,,,,,,,,
713727,蜜望實永豐65購01,2026-09-04,1.23,0.15,13.89,20000000,0,,,,,,,,,,
713731,環球晶永豐63購09,2026-09-04,2.27,0.26,12.94,23000000,0,,,,,,,,,,
713734,精材國泰64購01,2026-09-04,1.86,0.27,16.98,50000000,0,,,,,,,,,,
713735,蜜望實國泰64購01,2026-09-04,1.4,0.18,14.75,25000000,0,,,,,,,,,,
713738,精材富邦63購01,2026-09-04,0.89,0.04,4.71,508000000,0,,,,,,,,,,
713740,環球晶富邦63購01,2026-09-04,0.81,0.07,9.46,407000000,0,,,,,,,,,,
713753,正淩台新66購01,2026-09-04,2.47,0.17,7.39,50000000,0,,,,,,,,,,
713758,漢達台新63購01,2026-09-04,0.99,0.21,26.92,30000000,0,,,,,,,,,,
713759,漢達台新63購02,2026-09-04,1.16,0.43,58.9,6000000,0,,,,,,,,,,
713763,良維凱基69購01,2026-09-04,2.38,0.22,10.19,3000000,0,,,,,,,,,,
713786,晶宏群益64購01,2026-09-04,1.66,0.27,19.42,244000000,0,,,,,,,,,,
713791,中美晶元大63購09,2026-09-04,0.61,-0.03,-4.69,35000000,0,,,,,,,,,,
713798,營邦元大63購04,2026-09-04,1.8,0.13,7.78,25000000,0,,,,,,,,,,
713810,天良國票64購01,2026-09-04,0.67,-0.24,-26.37,1516000000,0,,,,,,,,,,
713811,晶宏國票68購01,2026-09-04,1.02,0.15,17.24,12000000,0,,,,,,,,,,
713815,廣閎科國票65購01,2026-09-04,0.94,-0.04,-4.08,998000000,0,,,,,,,,,,
713818,晶宏統一71購01,2026-09-04,0.64,-0.03,-4.48,2846000000,0,,,,,,,,,,
713825,廣閎科永豐63購03,2026-09-04,1.03,-0.05,-4.63,50000000,0,,,,,,,,,,
713828,雙鴻富邦65購03,2026-09-04,1.07,0.18,20.22,2000000,0,,,,,,,,,,
724481,正基統一59購02,2026-09-04,0.58,0.03,5.45,2000000,0,綠縮,是,,0.59,0.68,0.76,,-24.2894,-15.4229,-3.7975
72485U,信驊群益5B售01,2026-09-04,0.01,0.0,0.0,40000000,0,紅轉綠,否,,0.01,0.01,0.02,,-25.0,-12.5,-8.1081
725744,新復興統一5A購01,2026-09-04,0.04,-0.01,-20.0,2000000,0,紅增,否,,0.04,0.07,0.08,,-53.3333,-23.2558,-30.531
72610U,富喬國票5C售02,2026-09-04,0.15,0.0,0.0,936000000,0,綠縮,是,,0.16,0.27,0.65,,-58.0311,-64.3229,-16.3449
72614U,富喬中信5C售02,2026-09-04,0.22,0.0,0.0,418000000,0,,否,,0.25,0.3,0.21,,-27.5862,26.0504,
72622U,精測群益62售02,2026-09-04,0.13,-0.01,-7.14,21000000,0,,否,,0.16,0.21,0.28,,-37.5,-38.4615,
72629U,櫃200群益5B售02,2026-09-04,0.05,0.01,25.0,50000000,0,綠縮,否,,0.06,0.08,0.15,,-41.5094,-52.809,-12.1739
726925,金麗科統一5B購02,2026-09-04,0.15,0.03,25.0,300000000,0,綠縮,是,,0.1,0.12,0.17,,-31.4286,-31.3953,-21.8605
726926,金麗科統一5B購03,2026-09-04,0.17,0.01,6.25,5000000,0,紅增,否,,0.15,0.13,0.21,,25.8621,-26.8156,-12.1901
726927,金麗科統一5B購04,2026-09-04,0.27,0.07,35.0,196000000,0,紅增,否,,0.21,0.15,0.16,,101.9608,38.7387,-19.7044
72692U,信驊群益61售02,2026-09-04,0.05,0.01,25.0,154000000,0,綠縮,否,,0.05,0.05,0.07,,-11.5385,-18.3333,-16.9811
72724U,信驊國票5B售01,2026-09-04,0.02,0.0,0.0,93000000,0,綠縮,是,,0.02,0.04,0.05,,-53.8462,-33.3333,-16.7939
72733U,中探針群益62售01,2026-09-04,0.14,0.01,7.69,30000000,0,綠縮,否,,0.14,0.23,0.29,,-55.0633,-45.9906,5.2536
72735U,世界群益5A售01,2026-09-04,0.19,-0.02,-9.52,10000000,0,綠增,否,,0.29,0.41,0.5,,-46.0967,-28.7435,-9.1902
72737U,雙鴻群益5A售04,2026-09-04,0.05,-0.1,-66.67,4000000,0,紅轉綠,否,,2.02,2.21,2.28,,-15.9867,-9.6484,2.2401
72748U,精測群益5A售02,2026-09-04,0.57,0.04,7.55,2000000,0,綠增,否,,0.79,1.01,1.3,,-35.342,-28.6017,-12.7474
72749U,精測群益62售04,2026-09-04,0.67,-0.01,-1.47,145000000,0,綠縮,是,,0.77,0.91,1.09,,-26.616,-21.9846,-9.934
72754U,博智群益62售02,2026-09-04,0.11,0.0,0.0,920000000,0,,是,,0.17,0.21,,,-33.0645,,
72772U,穩懋群益63售01,2026-09-04,0.2,-0.01,-4.76,301000000,0,綠縮,否,,0.23,0.3,0.43,,-37.7049,-37.7358,-9.8309
72781U,系統電國票5A售01,2026-09-04,0.59,-0.05,-7.81,10000000,0,綠增,否,,0.76,1.03,0.9,,-41.0217,-3.7488,1.0124
72814U,精測群益5B售02,2026-09-04,0.36,0.03,9.09,122000000,0,綠縮,是,,0.45,0.59,0.78,,-40.0538,-31.7661,-13.7438
72818U,信驊永豐5C售01,2026-09-04,0.12,0.09,300.0,2000000,0,綠縮,否,,0.11,0.14,0.18,,-39.7727,-30.8824,-13.5071
72826U,頎邦元富59售06,2026-09-04,0.01,0.0,0.0,5000000,0,,否,,0.07,0.04,,,400.0,,
72830U,元太凱基5B售03,2026-09-04,0.43,-0.03,-6.52,35000000,0,紅增,否,,0.41,0.38,0.37,,19.883,13.253,4.3601
72843U,精材群益63售01,2026-09-04,0.08,-0.01,-11.11,1351000000,0,紅轉綠,是,,0.12,0.19,0.22,,-55.2239,-28.1481,-23.6395
72845U,雙鴻凱基5A售04,2026-09-04,0.1,0.0,0.0,1000000,0,,否,,0.13,0.42,0.61,,-81.7416,-45.7474,
72850U,印能國票5A售05,2026-09-04,0.25,-0.06,-19.35,10000000,0,綠增,否,,0.32,0.33,0.44,,-7.4713,-14.9746,-14.84
72852U,旺矽元大5A售03,2026-09-04,0.37,-0.11,-22.92,6000000,0,綠增,否,,0.42,0.45,0.63,,-11.0169,-34.6999,-6.315
72853U,信驊元大5A售01,2026-09-04,0.3,0.02,7.14,42000000,0,綠縮,否,,0.33,0.47,0.76,,-45.3642,-41.6979,-27.1729
72854U,信驊永豐61售01,2026-09-04,0.12,-0.01,-7.69,27000000,0,綠縮,否,,0.13,0.15,0.2,,-17.284,-29.5238,-21.6891
72855U,信驊富邦5C售02,2026-09-04,0.47,0.0,0.0,3438000000,0,綠縮,否,,0.54,0.64,0.9,,-27.2237,-29.8687,-20.6103
72857U,雙鴻元大5A售06,2026-09-04,0.14,-0.07,-33.33,10000000,0,綠縮,否,,0.28,0.54,0.87,,-65.0124,-44.5464,-19.3414
72858U,巨漢國票5A售02,2026-09-04,0.81,-0.06,-6.9,10000000,0,,否,,0.95,1.04,0.98,,-15.6306,5.5951,
72859U,弘塑國票5B售02,2026-09-04,0.48,0.0,0.0,2000000,0,綠增,否,,0.52,0.55,0.58,,-10.3093,-17.4888,3.2743
72862U,群聯國票5B售02,2026-09-04,0.11,-0.01,-8.33,1000000,0,綠縮,否,,0.12,0.19,0.28,,-53.7879,-39.6875,-10.6969
72864U,群聯凱基5A售03,2026-09-04,0.19,-0.02,-9.52,22000000,0,綠縮,否,,0.23,0.3,0.52,,-40.0,-48.1229,-10.4131
72866U,旺矽凱基5A售06,2026-09-04,0.54,-0.1,-15.62,256000000,0,綠縮,否,,0.54,0.51,0.67,,10.2881,-26.8956,-2.4602
72867U,旺矽富邦61售01,2026-09-04,0.76,-0.04,-5.0,243000000,0,紅增,否,,0.73,0.68,0.73,,18.3871,-6.6207,3.9632
72868U,富喬群益5C售01,2026-09-04,0.56,0.07,14.29,4000000,0,綠縮,否,,0.56,0.93,1.23,,-57.1865,-37.5251,-10.605
72869U,立碁國票5B售03,2026-09-04,0.42,0.07,20.0,192000000,0,綠縮,否,,0.4,0.59,0.86,,-48.1959,-30.5425,-23.4821
72871U,群聯群益61售02,2026-09-04,0.66,0.06,10.0,10000000,0,綠增,否,,0.68,0.87,0.89,,-36.8224,-15.5706,-3.2973
72872U,聖暉*台新5B售01,2026-09-04,0.9,-0.09,-9.09,4000000,0,紅縮,否,,0.95,0.84,0.68,,29.235,30.6854,17.5408
72874U,威剛群益5C售02,2026-09-04,0.57,0.02,3.64,1000000,0,綠縮,否,,0.57,0.66,0.8,,-24.0,-21.522,-10.4353
72875U,威剛凱基5B售05,2026-09-04,0.25,0.0,0.0,15000000,0,綠縮,否,,0.27,0.34,0.52,,-33.6585,-37.8871,-18.0676
728767,均豪統一59購01,2026-09-04,0.01,-0.05,-83.33,20000000,0,,否,,0.18,0.16,,,27.7778,,
72876U,合晶台新5B售05,2026-09-04,0.23,0.08,53.33,4000000,0,綠縮,否,,0.23,0.31,0.46,,-41.3265,-44.2652,2.5442
72880U,良維國票5C售02,2026-09-04,0.44,-0.16,-26.67,1000000,0,,否,,0.6,0.86,0.81,,-46.7972,-8.7924,-3.1623
72882U,環球晶台新5B售03,2026-09-04,0.31,-0.09,-22.5,350000000,0,綠增,否,,0.36,0.41,0.53,,-22.9437,-38.9552,1.2393
72883U,環球晶國票5B售02,2026-09-04,0.49,-0.05,-9.26,232000000,0,綠縮,否,,0.52,0.57,0.68,,-16.0772,-28.6783,-1.0152
72886U,群聯群益5B售06,2026-09-04,1.07,0.03,2.88,5000000,0,綠縮,否,,1.03,1.11,1.38,,-12.8596,-23.8292,-4.1435
72889U,新盛力群益5B售04,2026-09-04,0.28,-0.04,-12.5,500000000,0,綠縮,是,,0.29,0.3,0.58,,-6.4103,-49.6667,-13.1441
72891U,世界台新5B售03,2026-09-04,1.43,-0.02,-1.38,25000000,0,紅轉綠,是,,1.69,1.84,1.62,,-15.8683,2.3295,4.3101
728920,元債20元富61購01,2026-09-04,0.97,-0.02,-2.02,6000000,0,,否,,1.03,1.39,,,-41.0286,-19.0338,
72893U,威剛中信64售01,2026-09-04,0.7,0.0,0.0,2000000,0,綠縮,否,,0.69,0.71,0.73,,-6.0109,-4.8257,-2.3411
72898U,雷科國票5B售03,2026-09-04,0.4,-0.06,-13.04,569000000,0,綠增,是,,0.49,0.55,0.65,,-20.712,-26.7196,-0.0763
72901U,德微國票5C售05,2026-09-04,0.89,-0.02,-2.2,48000000,0,綠增,是,,0.93,0.97,1.08,,-8.8409,-17.7515,6.5314
72902U,擎亞國票5B售03,2026-09-04,0.73,0.0,0.0,8000000,0,紅縮,否,,0.75,0.69,0.69,,20.0637,-2.4011,12.623
72903U,群聯凱基5B售08,2026-09-04,0.98,0.04,4.26,15000000,0,綠縮,是,,0.97,1.0,1.25,,-6.9364,-23.1005,-4.8418
72904U,欣銓台新5B售05,2026-09-04,0.93,-0.07,-7.0,10000000,0,綠增,否,,1.14,1.6,1.71,,-44.7241,-19.6393,-4.2517
72905U,臺慶科台新5B售05,2026-09-04,1.56,-0.11,-6.59,65000000,0,綠增,是,,1.67,1.77,1.62,,-10.4925,-1.1725,13.8684
72907U,群聯富邦61售05,2026-09-04,0.69,0.01,1.47,1000000,0,綠縮,否,,0.69,0.69,0.78,,-2.5568,-12.1365,-2.9211
72908U,威剛群益65售01,2026-09-04,1.98,-0.03,-1.49,250000000,0,綠縮,否,,1.92,2.01,2.19,,-8.2218,-10.5263,-5.6417
72909U,威剛凱基65售01,2026-09-04,0.62,0.0,0.0,40000000,0,綠縮,否,,0.61,0.62,0.71,,-3.1949,-10.4651,-6.0
72910U,精材台新5B售06,2026-09-04,0.17,-0.05,-22.73,40000000,0,綠增,否,,0.27,0.45,0.51,,-56.7823,-33.5286,-11.4683
72911U,威剛元大5B售16,2026-09-04,0.77,0.0,0.0,1000000,0,,否,,0.8,0.9,1.03,,-19.4779,-17.2953,
72914U,威剛群益5B售05,2026-09-04,0.84,-0.01,-1.18,15000000,0,,否,,0.97,1.15,1.26,,-27.027,-12.6611,
729186,華星光統一61購01,2026-09-04,3.45,0.12,3.6,45000000,0,紅增,否,,3.13,2.83,2.6,,23.8735,15.2156,9.4197
729187,華星光統一61購02,2026-09-04,3.47,0.18,5.47,138000000,0,紅增,是,,3.04,2.82,2.08,,16.9231,38.8479,19.4779
72919U,順達台新5C售01,2026-09-04,0.83,-0.06,-6.74,442000000,0,綠增,否,,0.93,1.0,1.14,,-12.9213,-22.1963,-0.1309
72921U,富喬台新5C售03,2026-09-04,0.56,-0.01,-1.75,738000000,0,綠縮,否,,0.56,0.76,1.22,,-41.3866,-45.2502,-12.5718
72922U,威剛凱基5C售05,2026-09-04,0.46,0.01,2.22,40000000,0,,否,,0.44,0.45,0.57,,-8.0169,-15.27,-14.1566
72923U,宜鼎台新5C售05,2026-09-04,2.71,0.01,0.37,76000000,0,綠縮,是,,2.61,2.6,3.06,,0.0768,-13.4264,-3.6366
72925U,台半凱基5C售03,2026-09-04,0.72,-0.04,-5.26,173000000,0,綠縮,是,,0.76,0.82,0.96,,-13.3787,-19.2345,0.2099
72927U,聖暉*台新5C售05,2026-09-04,2.64,-0.13,-4.69,5000000,0,,否,,2.57,2.28,1.94,,29.5363,21.3106,
72928U,富喬凱基5C售04,2026-09-04,0.29,0.01,3.57,544000000,0,,是,,0.3,0.42,0.88,,-46.5704,-56.8528,-16.8011
72936U,宜鼎凱基5C售10,2026-09-04,1.74,0.16,10.13,189000000,0,綠縮,是,,1.66,1.68,1.96,,-2.9308,-13.7949,-5.8809
72937U,元太國票62售01,2026-09-04,1.57,-0.05,-3.09,3000000,0,,否,,1.54,1.48,,,9.6591,2.9289,
72938U,世界國票62售01,2026-09-04,1.32,-0.03,-2.22,14000000,0,,是,,1.31,1.37,1.36,,-8.6351,-3.3075,
72941U,雙鴻永豐61售04,2026-09-04,0.41,-0.11,-21.15,171000000,0,,否,,0.59,0.92,1.17,,-52.809,-30.3721,
72942U,家登群益61售03,2026-09-04,0.97,0.02,2.11,23000000,0,,否,,1.13,1.29,1.38,,-22.7709,-14.3804,
72943U,頎邦國票61售01,2026-09-04,1.15,0.07,6.48,30000000,0,,否,,1.42,1.63,1.71,,-22.0153,-15.672,
72944U,中光電台新61售03,2026-09-04,1.64,0.11,7.19,22000000,0,,否,,1.47,1.58,1.61,,-13.3412,-7.5439,
72945U,頎邦台新61售03,2026-09-04,1.82,0.16,9.64,47000000,0,,是,,1.87,2.31,2.33,,-31.8513,-13.757,
72946U,世界群益61售03,2026-09-04,1.24,-0.08,-6.06,5000000,0,,否,,1.3,1.35,,,-8.0851,-14.0407,
72948U,精材群益63售02,2026-09-04,1.26,-0.05,-3.82,19000000,0,,否,,1.48,1.83,,,-32.4176,-16.2471,
72952U,精材國票61售05,2026-09-04,0.93,-0.07,-7.0,50000000,0,,否,,1.11,1.38,1.52,,-32.5243,-21.4123,
72953U,精材國票65售02,2026-09-04,1.13,-0.09,-7.38,40000000,0,,否,,1.37,1.48,,,-13.5849,,
72954U,群聯中信61售02,2026-09-04,1.01,0.01,1.0,15000000,0,,否,,0.99,1.0,1.16,,-2.3762,-16.0639,
72955U,宜鼎國票61售03,2026-09-04,1.21,0.04,3.42,7000000,0,,是,,1.12,1.34,,,-29.0978,,
72960U,良維凱基61售03,2026-09-04,1.09,-0.1,-8.4,3000000,0,,否,,1.43,,,,,,
72961U,群聯凱基61售10,2026-09-04,1.12,-0.04,-3.45,20000000,0,,否,,1.14,1.28,,,-19.1218,,
72962U,宜鼎群益67售01,2026-09-04,1.06,0.05,4.95,6000000,0,,否,,1.02,1.17,,,-23.1928,,
72965U,青雲國票61售03,2026-09-04,1.77,0.02,1.14,11000000,0,,否,,1.75,1.87,,,-11.4141,-13.0819,
72966U,雙鴻凱基61售07,2026-09-04,0.23,-0.06,-20.69,177000000,0,,否,,0.35,0.69,,,-65.8869,,
72971U,良維群益67售01,2026-09-04,2.12,-0.01,-0.47,9000000,0,,否,,,,,,,,
72972U,雙鴻群益61售03,2026-09-04,0.25,-0.09,-26.47,45000000,0,,是,,0.39,0.66,,,-57.9176,,
72975U,譜瑞國票61售01,2026-09-04,1.06,-0.02,-1.85,22000000,0,,否,,1.1,1.17,,,-12.1795,,
72976U,順達凱基61售06,2026-09-04,1.22,0.0,0.0,14000000,0,,否,,1.3,1.38,,,-11.5962,,
72977U,雙鴻國泰63售01,2026-09-04,0.47,-0.19,-28.79,404000000,0,,是,,0.69,1.01,,,-47.6551,-33.7936,
729808,騰雲統一5A購01,2026-09-04,0.49,-0.06,-10.91,5000000,0,,否,,0.48,0.44,0.5,,17.6471,-8.4536,
72980U,頎邦凱基61售05,2026-09-04,1.7,-0.03,-1.73,1000000,0,,否,,1.94,2.26,,,-24.358,,
72985U,中美晶國票63售01,2026-09-04,1.11,-0.03,-2.63,8000000,0,,否,,1.14,1.17,,,-4.3551,,
72988U,頎邦國票64售02,2026-09-04,0.58,0.0,0.0,118000000,0,,是,,0.61,0.68,,,-16.5761,,
72990U,中美晶元大61售09,2026-09-04,1.05,-0.05,-4.55,78000000,0,,是,,1.2,,,,,,
72991U,群聯元大61售20,2026-09-04,1.26,0.04,3.28,95000000,0,,否,,1.24,,,,,,
72996U,立碁國票64售02,2026-09-04,0.78,0.04,5.41,50000000,0,,否,,0.78,0.9,,,-23.2283,,
72997U,良維國票61售02,2026-09-04,0.77,-0.03,-3.75,15000000,0,,否,,0.89,,,,,,
73000U,宜鼎國票63售01,2026-09-04,0.91,0.0,0.0,21000000,0,,,,,,,,,,
73001U,欣銓國票63售01,2026-09-04,0.9,0.0,0.0,18000000,0,,是,,0.94,,,,,,
73003U,鈊象國票62售01,2026-09-04,1.08,-0.01,-0.92,4000000,0,,,,,,,,,,
73004U,群翊國票62售01,2026-09-04,0.83,0.04,5.06,1000000,0,,否,,0.91,,,,,,
73006U,雙鴻國票63售01,2026-09-04,0.54,-0.05,-8.47,25000000,0,,否,,,,,,,,
73013U,威剛元大63售02,2026-09-04,1.16,-0.01,-0.85,10000000,0,,否,,,,,,,,
73014U,家登凱基63售02,2026-09-04,0.49,0.0,0.0,30000000,0,,是,,0.59,,,,,,
73015U,新應材凱基63售04,2026-09-04,0.85,-0.1,-10.53,2000000,0,,否,,,,,,,,
73016U,宜鼎國票66售02,2026-09-04,1.06,0.0,0.0,1000000,0,,,,,,,,,,
73017U,順達國票66售01,2026-09-04,1.05,-0.01,-0.94,50000000,0,,否,,1.16,,,,,,
73018U,群聯國票66售02,2026-09-04,0.91,0.0,0.0,5000000,0,,否,,0.97,,,,,,
73019U,雙鴻國票66售02,2026-09-04,0.56,-0.12,-17.65,61000000,0,,否,,0.71,,,,,,
73022U,威剛元大63售03,2026-09-04,1.19,-0.01,-0.83,110000000,0,,否,,1.16,,,,,,
73023U,雙鴻凱基63售07,2026-09-04,0.52,-0.1,-16.13,10000000,0,,否,,0.64,,,,,,
73033U,富喬台新62售01,2026-09-04,1.1,0.02,1.85,1578000000,0,,是,,1.09,,,,,,
73035U,群聯永豐64售12,2026-09-04,1.56,0.02,1.3,2000000,0,,否,,1.55,,,,,,
73036U,富喬國票63售02,2026-09-04,1.13,-0.01,-0.88,432000000,0,,是,,1.13,,,,,,
73037U,富喬國票65售01,2026-09-04,1.36,-0.02,-1.45,181000000,0,,是,,1.38,,,,,,
73039U,東捷群益64售02,2026-09-04,0.77,-0.04,-4.94,220000000,0,,,,,,,,,,
730402,M31統一62購02,2026-09-04,0.06,0.0,0.0,10000000,0,,否,,0.06,0.07,,,-16.2162,-15.0,
73040U,穩懋群益64售02,2026-09-04,1.68,0.14,9.09,80000000,0,,否,,1.7,,,,,,
73042U,穩懋凱基63售06,2026-09-04,1.15,-0.03,-2.54,63000000,0,,是,,1.21,,,,,,
73043U,穩懋凱基63售07,2026-09-04,0.61,-0.04,-6.15,146000000,0,,是,,0.66,,,,,,
73044U,宏捷科凱基63售01,2026-09-04,1.06,-0.02,-1.85,19000000,0,,否,,,,,,,,
730493,昇達科統一5C購01,2026-09-04,4.1,0.54,15.17,1000000,0,,否,,4.13,4.56,5.12,,-17.3408,-10.7786,
73051U,陽程國票66售01,2026-09-04,0.62,-0.01,-1.59,583000000,0,,是,,0.61,,,,,,
73052U,世紀*國票6A售01,2026-09-04,0.78,-0.02,-2.5,270000000,0,,否,,0.77,,,,,,
73053U,頎邦台新62售02,2026-09-04,1.29,0.07,5.74,575000000,0,,,,,,,,,,
73054U,弘塑群益64售01,2026-09-04,0.96,0.03,3.23,35000000,0,,是,,0.98,,,,,,
73055U,世紀*國票68售01,2026-09-04,1.1,0.02,1.85,5000000,0,,否,,,,,,,,
73057U,宜鼎元大62售02,2026-09-04,2.13,0.1,4.93,23000000,0,,否,,2.06,,,,,,
73058U,頎邦群益62售03,2026-09-04,0.54,0.0,0.0,4000000,0,,,,,,,,,,
73061U,環球晶凱基62售06,2026-09-04,1.49,-0.08,-5.1,1000000,0,,否,,,,,,,,
73064U,環球晶元大62售04,2026-09-04,1.02,-0.07,-6.42,21000000,0,,,,,,,,,,
73065U,環球晶台新63售01,2026-09-04,1.36,-0.06,-4.23,112000000,0,,否,,,,,,,,
73066U,千附精國票63售01,2026-09-04,0.8,-0.02,-2.44,7000000,0,,,,,,,,,,
73067U,晶宏國票63售01,2026-09-04,0.62,-0.03,-4.62,193000000,0,,是,,,,,,,,
73069U,精材群益63售09,2026-09-04,2.5,-0.43,-14.68,2000000,0,,,,,,,,,,
73072U,精材國票64售03,2026-09-04,1.06,-0.06,-5.36,7000000,0,,,,,,,,,,
73074U,精材台新63售05,2026-09-04,1.45,-0.11,-7.05,2000000,0,,,,,,,,,,
73075U,環球晶台新63售04,2026-09-04,1.11,-0.04,-3.48,5000000,0,,,,,,,,,,
73077U,漢達國票65售02,2026-09-04,0.72,-0.09,-11.11,14000000,0,,,,,,,,,,
731240,金麗科元富61購01,2026-09-04,0.99,-0.01,-1.0,65000000,0,,是,,1.03,1.12,1.26,,-14.9007,-9.4003,
731584,群聯統一5B購01,2026-09-04,5.0,-0.2,-3.85,2000000,0,紅轉綠,否,,5.56,5.81,5.86,,-8.0992,-0.854,-3.9754
731945,千附精統一59購02,2026-09-04,0.8,0.03,3.9,1000000,0,,否,,0.84,0.72,0.76,,37.5,-2.6954,
732269,M31統一63購01,2026-09-04,0.15,0.0,0.0,10000000,0,,否,,0.18,0.18,0.22,,-1.0989,-12.1359,-20.0358
732545,晟德統一5A購01,2026-09-04,0.1,-0.02,-16.67,70000000,0,綠增,否,,0.16,0.21,0.3,,-40.9091,-33.5443,-17.2414
733460,先進光統一5B購01,2026-09-04,0.98,0.13,15.29,43000000,0,綠縮,否,,0.96,0.97,0.96,,-2.439,-1.2195,1.2163
733461,先進光統一65購01,2026-09-04,0.74,0.11,17.46,799000000,0,紅增,否,,0.69,0.64,0.55,,17.0648,14.5946,7.7756
733471,營邦統一5B購01,2026-09-04,2.41,-0.04,-1.63,10000000,0,紅增,否,,2.12,1.72,1.42,,59.0977,41.1138,12.9071
733653,創惟統一5B購01,2026-09-04,0.01,0.0,0.0,134000000,0,,是,,0.01,0.01,,,0.0,-9.0909,
733695,高端統一5B購01,2026-09-04,0.59,-0.03,-4.84,127000000,0,紅縮,是,,0.59,0.55,0.51,,13.9535,9.9602,6.3147
733696,高端統一65購01,2026-09-04,0.71,-0.01,-1.39,710000000,0,紅縮,否,,0.7,0.65,0.6,,15.894,13.5889,6.81
733760,高端統一65購02,2026-09-04,0.99,0.09,10.0,4000000,0,,否,,0.78,0.61,0.49,,81.4815,52.7638,
733958,新應材統一5C購01,2026-09-04,0.34,0.14,70.0,1000000,0,紅增,否,,0.27,0.28,0.35,,-8.8435,-15.6156,-17.2333
733983,富喬統一5C購01,2026-09-04,3.46,-0.51,-12.85,32000000,0,,是,,3.64,3.04,2.43,,48.8144,59.1527,9.0746
734209,華星光統一66購01,2026-09-04,3.85,0.51,15.27,249000000,0,紅縮,是,,3.63,3.41,2.74,,13.9987,26.5405,11.969
734287,鈦昇統一59購01,2026-09-04,2.04,0.14,7.37,83000000,0,紅增,否,,1.97,1.96,2.14,,0.4082,8.8692,-16.0651
734519,建榮統一5C購01,2026-09-04,0.81,-0.11,-11.96,180000000,0,,是,,0.93,0.88,1.17,,11.0048,-21.4604,
734783,均華統一5C購01,2026-09-04,1.46,0.0,0.0,10000000,0,,否,,1.32,,,,,,
734994,新應材統一62購01,2026-09-04,0.38,0.04,11.76,110000000,0,綠轉紅,否,,0.32,0.35,0.37,,-17.2775,-6.4343,-12.0
735028,新應材元富63購01,2026-09-04,0.97,0.05,5.43,363000000,0,,是,,0.96,0.96,0.98,,-0.4158,4.0087,
735271,波若威統一62購01,2026-09-04,8.4,0.85,11.26,6000000,0,紅增,否,,7.33,6.47,6.3,,30.427,14.8253,0.5986
735512,華星光統一61購03,2026-09-04,3.88,0.28,7.78,42000000,0,紅縮,否,,3.56,3.26,2.43,,20.0944,40.3871,18.9638
735557,波若威統一63購01,2026-09-04,10.0,0.25,2.56,2000000,0,,否,,9.86,9.2,,,15.592,7.7329,
735654,信紘科統一5A購01,2026-09-04,0.08,0.05,166.67,45000000,0,,否,,0.31,0.38,,,-32.0175,,
735849,均華統一63購01,2026-09-04,0.89,-0.02,-2.2,10000000,0,,否,,0.78,0.71,0.66,,21.1838,21.3675,
735855,南俊統一61購01,2026-09-04,4.39,0.04,0.92,1000000,0,紅增,否,,4.19,3.56,3.7,,43.1306,21.6484,-2.7233
736081,均華統一63購02,2026-09-04,0.83,0.06,7.79,13000000,0,,否,,0.72,0.63,0.69,,32.5926,13.5624,
736154,立碁統一61購01,2026-09-04,0.78,-0.17,-17.89,2000000,0,紅縮,否,,0.88,0.74,0.63,,43.6066,22.4053,19.5238
736161,閎康統一59購01,2026-09-04,0.68,0.01,1.49,28000000,0,,是,,0.74,1.15,,,-52.6316,-31.8694,
736243,宜特統一61購01,2026-09-04,0.26,0.0,0.0,5000000,0,綠縮,否,,0.28,0.31,0.44,,-17.7515,-31.4031,-17.7239
736244,金居統一61購01,2026-09-04,10.2,1.0,10.87,4000000,0,,否,,8.89,8.35,9.65,,13.8284,9.9697,-10.9533
736349,安國統一63購01,2026-09-04,0.52,0.12,30.0,30000000,0,紅增,否,,0.42,0.39,0.46,,15.4696,-4.878,-11.9807
736427,M31統一61購03,2026-09-04,0.06,0.0,0.0,27000000,0,紅縮,否,,0.08,0.1,0.11,,-35.4839,-7.2727,-19.6296
736428,立碁統一59購02,2026-09-04,0.27,-0.26,-49.06,66000000,0,,否,,0.42,0.31,0.27,,113.2653,59.0674,
736431,宏捷科統一61購01,2026-09-04,0.4,-0.05,-11.11,2000000,0,,否,,0.48,0.48,0.57,,-2.0408,-7.2658,-25.0163
736433,波若威統一59購04,2026-09-04,8.0,0.6,8.11,10000000,0,,是,,7.72,,,,,,
736443,雙鴻統一62購02,2026-09-04,1.34,0.27,25.23,15000000,0,,否,,1.08,0.86,,,64.526,17.8474,
736474,中美晶統一5A購01,2026-09-04,0.72,0.04,5.88,1000000,0,綠縮,否,,0.74,1.05,1.13,,-46.2099,-25.4944,-1.8237
736479,漢磊統一61購01,2026-09-04,0.85,-0.09,-9.57,2000000,0,紅縮,否,,0.95,0.91,0.89,,7.483,17.3077,-14.4429
736480,廣運統一61購01,2026-09-04,0.11,0.01,10.0,20000000,0,,否,,0.15,0.15,0.19,,-1.2987,-17.2973,-18.4615
736736,力旺統一61購01,2026-09-04,1.5,0.05,3.45,8000000,0,紅增,否,,1.22,0.97,0.79,,68.6981,47.4164,9.7376
736934,金居統一5B購01,2026-09-04,8.5,0.6,7.59,37000000,0,紅縮,是,,8.32,7.64,6.44,,19.5402,33.6599,1.4178
737198,智通*國票5B購01,2026-09-04,1.53,-0.14,-8.38,171000000,0,綠增,是,,1.96,1.97,2.82,,-0.6073,-29.9929,-7.4208
737321,立碁統一5C購01,2026-09-04,0.6,-0.06,-9.09,14000000,0,,否,,0.66,0.55,0.46,,47.7477,19.8257,
737930,晶呈統一5C購01,2026-09-04,1.38,0.0,0.0,1000000,0,紅縮,否,,1.52,1.44,1.68,,10.9489,-4.9342,-17.0539
737933,譜瑞統一5B購01,2026-09-04,0.02,0.01,100.0,30000000,0,紅增,否,,0.02,0.02,0.03,,-20.0,-18.1818,-50.8197
738152,精測統一5B購01,2026-09-04,3.62,0.25,7.42,10000000,0,,否,,3.22,2.58,,,66.4256,,
738157,譜瑞統一64購01,2026-09-04,0.27,-0.04,-12.9,10000000,0,綠縮,否,,0.27,0.27,0.42,,-2.8986,-30.0771,-16.3984
738190,順達統一5A購01,2026-09-04,0.26,-0.04,-13.33,600000000,0,,是,,0.51,0.58,0.67,,-22.63,-18.5393,
738281,M31統一5B購01,2026-09-04,0.1,-0.01,-9.09,5000000,0,紅增,否,,0.11,0.14,0.2,,-30.4878,-23.2044,-23.062
738286,信紘科統一64購01,2026-09-04,0.24,0.05,26.32,421000000,0,綠縮,是,,0.21,0.26,0.34,,-32.9114,-25.6338,-13.4788
738288,新應材統一64購01,2026-09-04,0.44,-0.01,-2.22,5000000,0,紅增,否,,0.46,0.38,0.42,,50.3268,6.0942,-2.6682
738291,環球晶統一64購01,2026-09-04,2.95,0.16,5.73,10000000,0,綠縮,否,,2.91,3.0,3.84,,-5.7605,-16.9848,-3.8322
738754,晶焱統一5C購01,2026-09-04,0.15,-0.02,-11.76,1000000,0,綠縮,否,,0.19,0.32,0.4,,-57.8475,-30.9368,-12.5546
738758,萬泰科統一5C購01,2026-09-04,0.52,0.05,10.64,13000000,0,,否,,0.54,0.59,,,-15.2648,-23.7789,
738760,群翊統一5C購01,2026-09-04,0.33,-0.09,-21.43,1000000,0,,否,,0.37,0.45,0.5,,-28.4615,-13.3981,
738933,世禾統一5C購01,2026-09-04,0.18,0.0,0.0,50000000,0,,是,,0.25,0.31,0.33,,-31.3514,-14.9864,-15.0454
738941,昇達科統一59購04,2026-09-04,6.8,0.55,8.8,1000000,0,,否,,5.69,6.46,,,-21.4641,,
738944,順達統一5C購04,2026-09-04,0.16,0.05,45.45,3000000,0,綠縮,否,,0.15,0.15,0.22,,4.0541,-34.632,-17.1963
738947,精測統一65購01,2026-09-04,1.7,-0.02,-1.16,12000000,0,紅增,否,,1.55,1.43,1.36,,18.626,19.5326,-3.8856
739372,力旺統一5C購01,2026-09-04,0.23,-0.05,-17.86,196000000,0,紅縮,是,,0.26,0.33,0.36,,-34.1709,-13.1579,-15.5397
739380,欣銓統一64購01,2026-09-04,2.04,-0.09,-4.23,25000000,0,,是,,2.01,1.9,,,12.3043,-4.7667,
739385,萬泰科統一64購01,2026-09-04,0.88,0.06,7.32,11000000,0,紅增,否,,0.86,0.86,0.95,,0.9346,-3.8031,-10.504
739386,群翊統一5C購02,2026-09-04,0.45,-0.02,-4.26,1000000,0,,否,,0.59,0.68,,,-23.3161,,
739425,泰茂國票5A購01,2026-09-04,0.03,0.0,0.0,1000000,0,紅增,否,,0.03,0.03,0.03,,-17.6471,-8.8235,-6.8493
739459,環球晶統一59購02,2026-09-04,3.46,0.31,9.84,6000000,0,,否,,3.26,4.16,4.94,,-35.5222,-32.2581,
739460,環球晶統一64購02,2026-09-04,2.0,0.18,9.89,82000000,0,綠縮,否,,2.01,2.16,2.36,,-12.9758,1.5023,-15.277
739521,茂迪統一59購01,2026-09-04,0.13,0.12,1200.0,20000000,0,,否,,0.19,0.44,0.72,,-72.1739,-47.5,
739581,均華兆豐59購01,2026-09-04,3.8,0.56,17.28,4000000,0,,否,,2.1,2.33,,,-17.6977,,
739716,台半元富59購02,2026-09-04,2.16,-0.06,-2.7,10000000,0,,是,,2.18,5.77,,,-76.6631,-12.6496,
7402,邑錡,2026-09-04,104.5,1.5,1.46,301471000,0,綠縮,否,否,106.1,107.0,106.99,106.44,-1.6682,2.8055,-5.7274
7547,碩網,2026-09-04,50.8,0.2,0.4,14208000,0,紅縮,是,,50.98,52.05,51.37,,-4.0286,2.6728,-2.2268
7556,意德士,2026-09-04,248.5,3.5,1.43,13796000,0,紅縮,否,,249.6,246.55,230.78,,2.5051,8.5406,0.3479
7584,樂意,2026-09-04,27.0,0.5,1.89,2073000,0,紅增,否,,26.38,26.3,26.19,,0.5719,1.9574,-2.0481
7642,昶瑞機電,2026-09-04,75.7,-0.5,-0.66,5552000,0,綠增,否,,76.9,77.89,78.66,,-2.5101,-0.5871,-0.6943
7703,銳澤,2026-09-04,187.5,2.0,1.08,141008000,0,紅增,是,,182.4,180.95,178.22,,1.6156,4.8986,-1.6825
7704,明遠精密,2026-09-04,59.6,-0.5,-0.83,23680000,0,紅縮,否,,61.2,62.13,58.7,,-2.9496,3.3433,1.7156
7708,全家餐飲,2026-09-04,92.0,0.1,0.11,14421000,0,綠縮,是,,92.04,92.19,92.64,,-0.3249,0.1086,-0.4727
7709,榮田,2026-09-04,77.3,7.0,9.96,203431000,0,紅增,是,,72.6,71.82,71.14,,2.1959,2.8792,0.1055
7712,博盛半導體,2026-09-04,155.0,3.0,1.97,140761000,0,紅增,否,,152.3,148.7,142.62,,4.9621,7.9884,-3.0421
7713,威力德生醫,2026-09-04,73.9,-0.1,-0.14,6044000,0,紅縮,否,,73.72,72.59,71.45,,3.1626,2.6152,1.0822
7714,創泓科技,2026-09-04,160.5,0.5,0.31,106247000,0,綠增,否,,165.2,168.4,165.47,,-3.7296,7.6382,-2.7761
7715,裕山,2026-09-04,28.95,0.05,0.17,34140000,0,綠縮,否,,29.3,30.59,31.38,,-8.0928,-3.8957,-4.5327
7716,昱臺國際,2026-09-04,23.5,-0.3,-1.26,6000000,0,綠增,否,,23.82,23.88,24.24,,-0.5428,-1.4239,-1.5235
7717,萊德光電-KY,2026-09-04,449.5,40.5,9.9,1151255000,0,紅增,是,,421.0,415.35,413.7,,2.7581,4.3724,-2.5097
7718,友鋮,2026-09-04,46.5,-0.35,-0.75,21000000,0,綠增,否,,46.96,47.32,47.24,,-1.4894,-0.3265,0.0635
7723,築間,2026-09-04,18.95,0.15,0.8,32650000,0,紅增,否,,18.96,19.31,19.61,,-3.5605,-1.0505,-3.2926
7728,光焱科技,2026-09-04,618.0,-21.0,-3.29,42127000,0,紅縮,否,,635.0,608.8,602.4,,8.9942,6.508,-0.7823
7734,印能科技,2026-09-04,2890.0,180.0,6.64,176643000,0,綠縮,否,,2833.0,2905.5,3065.25,,-4.869,-7.2022,-0.2116
7738,東聯互動,2026-09-04,175.0,0.0,0.0,148343000,0,紅增,是,,172.0,169.95,168.53,,2.4419,1.7056,0.5969
7743,金利食安,2026-09-04,21.7,-0.1,-0.46,24000000,0,紅增,否,,21.28,21.01,20.74,,2.6037,2.0398,1.134
7744,崴寶,2026-09-04,545.0,24.0,4.61,190868000,0,紅增,否,,522.2,501.95,459.57,,8.4077,12.3182,3.941
7747,昕奇雲端,2026-09-04,114.5,1.5,1.33,8122000,0,紅增,否,,113.5,114.15,114.55,,-1.1324,-0.9974,-2.8208
7751,竑騰,2026-09-04,1610.0,145.0,9.9,386291000,0,紅縮,否,,1620.0,1583.0,1395.75,,4.7865,13.5174,7.3447
7753,星亞,2026-09-04,36.5,0.2,0.55,6000000,0,綠縮,否,,36.6,37.14,37.95,,-2.892,-0.6685,-3.2322
7757,金色三麥,2026-09-04,88.6,-0.1,-0.11,3479000,0,紅縮,否,,89.3,89.88,89.99,,-1.2823,0.0445,-1.1859
7767,仁大資訊,2026-09-04,44.95,0.0,0.0,3070000,0,綠縮,否,,44.91,45.33,46.0,,-1.8361,-2.6731,0.8661
7770,君曜,2026-09-04,35.0,-0.75,-2.1,13000000,0,綠增,否,,35.86,37.16,38.84,,-6.736,-5.6621,-4.2412
7772,耀穎,2026-09-04,109.0,9.5,9.55,109354000,0,紅增,否,,95.04,91.99,92.17,,6.8586,4.2498,-4.1794
7777,能率亞洲,2026-09-04,38.3,0.25,0.66,968815000,0,綠增,否,,38.63,38.95,38.78,,-1.6548,1.3134,-0.9894
7792,安葆,2026-09-04,308.0,3.0,0.98,341377000,0,紅縮,否,,306.8,290.75,247.18,,11.6855,23.4869,8.4696
7794,宏碁智新,2026-09-04,28.8,0.4,1.41,11070000,0,紅增,否,,28.58,28.69,28.72,,-0.7294,0.8437,-1.0424
7805,威聯通,2026-09-04,508.0,6.0,1.2,46393000,0,綠縮,否,,512.8,582.0,598.6,,-21.2531,-8.1874,-4.5523
7810,捷創科技,2026-09-04,217.5,-1.0,-0.46,43690000,0,紅縮,否,,218.1,211.0,200.28,,6.9642,9.3264,2.1551
7811,民盛,2026-09-04,73.7,0.6,0.82,11500000,0,紅增,是,,72.92,72.28,71.85,,1.7867,1.19,-1.3795
7814,海昌生技,2026-09-04,29.0,0.0,0.0,25232000,0,紅增,否,否,29.29,29.82,30.91,36.23,-3.4926,-1.7625,-5.293
7819,精誠金融,2026-09-04,35.2,-1.1,-3.03,37556000,0,紅縮,否,,35.44,35.62,35.51,,-1.0332,1.4668,-1.9808
7820,立盈,2026-09-04,118.0,0.0,0.0,45777000,0,紅縮,是,,119.1,120.0,113.02,,-1.4888,7.0568,0.6456
7828,創新服務,2026-09-04,1930.0,175.0,9.97,545115000,0,紅增,是,,1755.0,1706.5,1675.0,,5.8504,9.7781,-3.5971
7839,達人網,2026-09-04,43.95,-0.35,-0.79,4000000,0,紅縮,否,,44.33,44.88,45.07,,-2.4213,-1.178,0.0
7842,天能綠電,2026-09-04,98.2,-0.7,-0.71,23769000,0,紅縮,否,,100.7,98.4,92.6,,4.7867,10.6115,1.4739
8024,佑華,2026-09-04,12.9,0.0,0.0,17614000,0,綠縮,否,,13.02,13.23,14.03,,-3.197,-3.6754,-5.6639
8027,鈦昇,2026-09-04,181.5,4.5,2.54,3953115000,0,紅增,否,,179.0,178.0,180.72,,1.1299,4.124,-6.7346
8032,光菱,2026-09-04,35.7,0.3,0.85,25628000,0,紅縮,否,,35.87,36.12,35.99,,-1.3476,1.2475,-2.4597
8034,榮群,2026-09-04,19.45,-0.05,-0.26,56815000,0,紅縮,否,,19.47,19.01,19.1,,4.9596,2.1768,-1.1517
8038,長園科,2026-09-04,31.9,1.05,3.4,115761000,0,紅增,否,,31.41,31.24,32.77,,1.0943,-0.3032,-6.1032
8040,九暘,2026-09-04,75.0,0.3,0.4,1357491000,0,紅縮,否,,75.74,73.56,72.65,,6.1082,5.3114,-3.6858
8042,金山電,2026-09-04,110.5,10.0,9.95,8987593000,0,紅增,是,,105.68,105.35,108.32,,0.6285,1.9845,-10.1452
8043,蜜望實,2026-09-04,142.0,6.5,4.8,5829054000,0,紅增,是,,139.8,140.6,137.4,,-1.1315,5.0822,-3.5789
8044,網家,2026-09-04,24.0,0.25,1.05,421170000,0,綠縮,否,,24.26,25.11,25.77,,-6.5485,-3.7747,-2.552
8047,星雲,2026-09-04,43.0,0.7,1.65,19635000,0,紅轉綠,否,,44.07,45.33,44.23,,-5.3886,0.5323,0.1925
8048,德勝,2026-09-04,51.6,1.6,3.2,57606000,0,紅增,否,,51.84,51.84,52.31,,0.0,0.7776,-3.5671
8049,晶采,2026-09-04,24.45,0.0,0.0,133901000,0,綠縮,否,,24.48,24.88,25.38,,-3.1646,-2.5269,-1.8089
8050,廣積,2026-09-04,56.4,2.2,4.06,1077862000,0,綠縮,否,,56.16,56.91,58.62,,-2.6015,-3.8358,-1.3047
8054,安國,2026-09-04,82.5,2.4,3.0,389652000,0,紅增,否,,82.18,81.83,84.45,,0.8591,1.0122,-3.8648
8059,凱碩,2026-09-04,13.5,0.2,1.5,108065000,0,綠縮,否,,13.44,13.67,14.43,,-3.2397,-4.3737,-4.6408
8064,東捷,2026-09-04,112.0,10.0,9.8,13697564000,0,紅增,是,,104.08,102.18,102.0,,3.7894,5.3728,-5.4502
8066,來思達,2026-09-04,14.7,0.2,1.38,8625000,0,綠縮,否,,14.63,14.72,14.81,,-1.2821,-0.9085,-0.5707
8067,志旭,2026-09-04,11.75,-0.15,-1.26,5000000,0,綠增,否,,12.04,12.43,12.82,,-6.0109,-4.0911,-1.9495
8068,全達,2026-09-04,16.85,0.0,0.0,95880000,0,綠縮,是,,16.91,17.11,17.57,,-2.3108,-1.3264,-2.5378
8069,元太,2026-09-04,148.5,1.5,1.02,5360833000,0,綠縮,否,,153.3,158.0,172.4,,-5.7775,-8.96,-5.3917
8071,能率網通,2026-09-04,23.25,0.25,1.09,298033000,0,紅縮,否,,23.54,23.89,23.34,,-2.9278,4.459,-4.7638
8074,鉅橡,2026-09-04,53.3,0.1,0.19,294252000,0,紅縮,否,,54.44,54.92,54.09,,-1.7329,3.8382,-2.9863
8076,伍豐,2026-09-04,22.15,0.25,1.14,576081000,0,綠增,否,,22.6,22.99,23.08,,-3.3775,-0.1953,-2.1829
8080,泰霖,2026-09-04,28.8,0.15,0.52,23748000,0,紅縮,否,,28.76,28.32,28.1,,3.1564,1.56,1.2978
8083,瑞穎,2026-09-04,158.0,0.5,0.32,14831000,0,紅縮,否,,158.3,158.8,158.28,,-0.6277,-0.1258,0.2058
8084,巨虹,2026-09-04,45.55,-1.8,-3.8,423164000,0,紅轉綠,否,,46.55,48.38,46.06,,-7.2709,3.62,0.223
8085,福華,2026-09-04,15.2,0.2,1.33,390654000,0,紅縮,否,,15.2,13.61,12.42,,26.4559,17.3782,7.8125
8086,宏捷科,2026-09-04,112.5,0.5,0.45,2588316000,0,紅縮,否,,116.0,115.0,115.5,,1.7544,1.635,-3.104
8087,麗升能源,2026-09-04,27.0,0.3,1.12,5001000,0,紅增,否,,26.59,26.86,27.49,,-1.9543,-3.138,-2.6907
8088,品安,2026-09-04,43.15,0.2,0.47,441996000,0,紅縮,否,,44.12,45.54,45.58,,-6.0477,-0.2847,-4.3893
8089,康全電訊,2026-09-04,17.05,-0.05,-0.29,135464000,0,綠增,否,,17.44,17.77,18.27,,-3.6996,-3.423,-2.9091
8091,翔名,2026-09-04,215.0,0.5,0.23,242898000,0,綠縮,否,,217.2,220.35,225.7,,-2.8188,0.433,-6.5037
8092,建暐,2026-09-04,12.95,0.0,0.0,19809000,0,紅縮,否,,13.12,12.91,13.22,,3.3071,-0.6159,-1.2327
8093,保銳,2026-09-04,26.35,-0.2,-0.75,18000000,0,紅縮,否,,27.08,25.75,23.02,,10.8927,14.8784,8.1503
8096,擎亞,2026-09-04,104.5,0.5,0.48,1575102000,0,綠縮,否,,107.4,109.85,118.45,,-4.3633,-3.8512,-8.8671
8097,常珵,2026-09-04,49.0,0.2,0.41,158347000,0,綠轉紅,否,,49.08,49.53,50.68,,-1.8007,-2.2884,-3.1438
8099,大世科,2026-09-04,61.2,-0.3,-0.49,706656000,0,紅縮,是,,60.6,59.5,58.34,,3.7671,3.5503,1.0129
8102,傑霖科技,2026-09-04,65.0,0.0,0.0,3054000,0,綠縮,否,,65.88,67.76,70.13,,-5.3992,-3.4758,-1.5443
8107,大億金茂,2026-09-04,12.4,0.05,0.4,48180000,0,紅縮,是,,12.39,12.35,11.97,,0.6499,4.7054,0.2931
8109,博大,2026-09-04,130.0,-1.0,-0.76,320664000,0,紅縮,否,,131.5,130.75,128.35,,1.1538,3.4415,-2.0416
8111,立碁,2026-09-04,70.0,-2.0,-2.78,16068912000,0,紅縮,否,,71.88,66.18,60.96,,18.8492,10.4104,10.0862
8121,越峰,2026-09-04,27.9,1.05,3.91,349848000,0,紅增,否,,27.42,27.94,29.41,,-3.6204,-1.4638,-10.2951
8147,正淩,2026-09-04,135.0,8.5,6.72,365085000,0,紅增,是,,127.3,125.05,123.67,,3.6645,4.8198,-3.019
8155,博智,2026-09-04,348.5,0.5,0.14,560283000,0,紅縮,否,,351.8,336.0,313.1,,9.8688,12.7706,1.4829
8171,天宇,2026-09-04,19.55,0.25,1.3,83289000,0,紅縮,否,,19.69,19.71,19.87,,-0.1521,0.8186,-0.8729
8176,智捷,2026-09-04,9.77,0.01,0.1,69057000,0,綠增,否,,9.82,9.89,9.9,,-1.5045,0.091,-0.901
8182,加高,2026-09-04,38.85,0.85,2.24,261361000,0,紅縮,否,,39.69,40.02,39.3,,-1.6113,3.3979,-4.8017
8183,精星,2026-09-04,27.8,-0.55,-1.94,678054000,0,綠增,是,,28.71,29.18,29.45,,-3.1703,-0.2052,-3.3079
8227,巨有科技,2026-09-04,158.5,2.0,1.28,275372000,0,紅縮,否,,160.9,156.8,150.57,,5.37,7.2137,-1.8576
8234,新漢,2026-09-04,68.3,2.4,3.64,449021000,0,紅增,否,,67.4,67.64,65.31,,-0.7071,3.0626,-0.4117
8240,華宏,2026-09-04,51.5,3.7,7.74,1289517000,0,紅增,否,,48.13,45.28,43.05,,13.4339,10.6549,0.8315
8255,朋程,2026-09-04,145.0,0.0,0.0,193845000,0,紅縮,否,,146.5,146.35,144.22,,0.2052,3.6106,-3.882
8272,全景軟體,2026-09-04,64.9,1.4,2.2,5028000,0,紅增,否,,64.34,63.82,64.75,,1.643,-0.7465,-1.2881
8277,商丞,2026-09-04,8.0,0.01,0.13,103059000,0,紅增,否,,8.01,8.04,8.01,,-0.5954,0.8279,-1.1112
8279,生展,2026-09-04,79.2,-0.8,-1.0,130006000,0,綠增,否,,80.24,83.16,85.66,,-6.7844,-4.5455,-2.1307
8284,三竹,2026-09-04,66.0,0.3,0.46,12159000,0,紅縮,否,,66.16,66.04,64.14,,0.3641,3.2198,1.6965
8289,泰藝,2026-09-04,44.5,0.3,0.68,222303000,0,紅縮,否,,46.04,46.21,44.33,,-0.7545,6.4371,-4.6462
8291,尚茂,2026-09-04,29.9,-2.1,-6.56,15057000,0,紅縮,否,,32.23,33.53,36.34,,-7.4648,-9.9866,2.2077
8299,群聯,2026-09-04,2015.0,15.0,0.75,2962952000,0,紅縮,否,,2058.0,2078.5,1928.5,,-1.9533,9.2223,-0.0259
8349,恒耀,2026-09-04,38.95,-0.05,-0.13,58610000,0,綠縮,否,,38.98,39.16,39.45,,-0.9151,-0.8482,-0.3788
8354,冠好,2026-09-04,17.85,0.15,0.85,53708000,0,紅縮,否,,17.65,17.65,16.69,,0.0,6.1335,1.3971
8358,金居,2026-09-04,500.0,30.0,6.38,4455967000,0,紅縮,否,,485.6,454.15,402.93,,14.8805,23.4439,0.6369
8383,千附,2026-09-04,65.2,1.0,1.56,813814000,0,綠縮,否,,65.1,66.7,71.72,,-4.6852,-2.2138,-4.691
8390,金益鼎,2026-09-04,97.0,-0.1,-0.1,381277000,0,紅縮,否,,98.04,98.61,96.14,,-1.1494,2.7723,-0.5946
8401,白紗科,2026-09-04,22.75,-0.05,-0.22,17554000,0,綠增,否,,22.83,22.98,22.89,,-1.297,0.3713,-0.0764
8403,盛弘,2026-09-04,19.0,0.0,0.0,43892000,0,綠增,否,,19.07,19.27,19.2,,-2.1047,0.2862,-0.3504
8409,商之器,2026-09-04,18.05,0.0,0.0,4044000,0,綠縮,否,,18.09,18.09,18.37,,0.0553,-0.7409,-1.3294
8410,森田,2026-09-04,30.4,-0.1,-0.33,7002000,0,綠增,否,,30.77,31.59,31.4,,-5.0309,-0.0317,-1.3121
8415,大國鋼,2026-09-04,37.55,0.2,0.54,376585000,0,綠增,否,,37.49,37.86,37.68,,-1.9357,-0.4601,1.3515
8421,旭源,2026-09-04,12.85,0.05,0.39,103532000,0,綠縮,否,,13.13,13.36,14.15,,-3.3848,-6.1138,-4.0508
8423,保綠-KY,2026-09-04,18.2,0.05,0.28,16032000,0,紅增,否,,18.03,17.93,17.83,,1.065,1.0992,0.4789
8424,惠普,2026-09-04,68.8,0.0,0.0,3079000,0,紅縮,否,,68.94,68.99,68.78,,-0.1448,0.2907,0.0291
8426,紅木-KY,2026-09-04,20.8,0.15,0.73,34000000,0,綠增,是,,20.81,20.99,20.81,,-1.7005,-0.285,1.1669
8431,匯鑽科,2026-09-04,68.8,5.1,8.01,10687557000,0,紅增,是,,58.4,52.6,50.21,,24.7863,12.0938,5.4608
8432,東生華,2026-09-04,50.9,0.6,1.19,146454000,0,紅增,是,,50.54,50.49,50.27,,0.1983,0.7885,0.0896
8433,弘帆,2026-09-04,54.6,-0.1,-0.18,5982000,0,紅轉綠,否,,55.24,55.31,54.48,,-0.2528,1.8225,0.6744
8435,鉅邁,2026-09-04,53.4,0.0,0.0,4916000,0,紅縮,否,,53.38,53.52,53.09,,-0.5218,0.753,0.2171
8436,大江,2026-09-04,112.5,0.5,0.45,1349898000,0,綠增,否,,115.7,119.75,117.65,,-6.5428,0.0,0.3626
8437,大地-KY,2026-09-04,9.23,0.02,0.22,11015000,0,紅增,否,,9.2,9.14,9.32,,1.2324,0.7381,-1.9367
8440,綠電,2026-09-04,20.2,0.15,0.75,30682000,0,紅縮,否,,20.26,20.27,19.9,,-0.0986,3.2603,-0.8224
8444,綠河-KY,2026-09-04,4.95,0.35,7.61,6181000,0,綠縮,否,,4.79,5.01,5.18,,-8.5878,-2.9981,-3.2406
8446,華研,2026-09-04,85.7,0.1,0.12,25082000,0,紅增,否,,85.28,85.32,85.45,,-0.0937,0.2939,-0.4369
8450,霹靂,2026-09-04,14.65,0.15,1.03,46320000,0,綠縮,是,,14.55,14.71,14.82,,-2.2177,-0.8757,-1.1011
8455,大拓-KY,2026-09-04,22.5,0.0,0.0,16001000,0,紅縮,是,,23.12,23.91,24.43,,-6.4346,-1.6046,-2.6017
8472,夠麻吉,2026-09-04,71.1,3.1,4.56,5000000,0,紅增,否,,68.16,68.38,69.32,,-0.6414,-0.4513,-4.2872
8477,創業家,2026-09-04,15.25,-0.05,-0.33,8001000,0,紅縮,否,,15.35,15.53,15.53,,-2.2293,-0.8621,-1.0826
8489,三貝德,2026-09-04,22.1,0.2,0.91,24782000,0,綠增,否,,22.18,22.57,22.6,,-3.3551,-0.2872,-0.2978
8905,裕國,2026-09-04,35.0,0.8,2.34,11274000,0,紅縮,否,,34.54,34.71,32.53,,-0.9748,5.7426,4.0877
8906,花王,2026-09-04,29.1,-0.25,-0.85,7460000,0,紅縮,否,,28.8,28.32,27.28,,3.4483,4.4248,1.2904
8908,欣雄,2026-09-04,39.95,0.0,0.0,32809000,0,紅縮,否,,40.45,40.2,39.81,,1.2769,0.8531,0.8741
8916,光隆,2026-09-04,40.95,0.0,0.0,33732000,0,紅增,否,,40.86,40.61,41.52,,1.2389,-2.3915,-1.477
8917,欣泰,2026-09-04,52.5,0.0,0.0,9100000,0,紅縮,否,,52.78,52.71,52.67,,0.266,0.1901,-0.2462
8921,沈氏,2026-09-04,16.45,0.15,0.92,20690000,0,綠增,是,,16.71,16.94,17.27,,-2.6791,-2.6437,-1.7489
8924,大田,2026-09-04,51.3,1.0,1.99,105237000,0,綠轉紅,是,,50.54,50.77,52.85,,-0.902,-2.6462,-2.7599
8927,北基,2026-09-04,19.55,0.05,0.26,64282000,0,綠縮,否,,19.64,19.88,19.9,,-2.3371,-0.351,-1.982
8928,鉅明,2026-09-04,24.95,0.2,0.81,29577000,0,紅增,否,,24.65,24.05,23.41,,5.1173,4.679,1.7056
8930,青鋼,2026-09-04,30.0,-0.1,-0.33,45180000,0,綠縮,是,,30.03,29.87,30.26,,1.1111,-0.1171,-0.933
8931,大汽電,2026-09-04,41.0,0.05,0.12,47409000,0,紅增,是,,41.11,40.89,41.23,,1.0819,-0.4746,-1.0261
8932,智通*,2026-09-04,91.4,1.7,1.9,2229944000,0,綠增,否,,95.52,101.66,103.12,,-11.3915,1.1341,-5.4511
8933,愛地雅,2026-09-04,4.65,-0.01,-0.21,23101000,0,紅縮,否,,4.63,4.57,4.52,,2.5244,3.2979,0.8372
8935,邦泰,2026-09-04,18.1,0.1,0.56,106911000,0,紅增,否,,18.07,18.06,18.06,,0.1108,2.1493,-4.33
8936,國統,2026-09-04,50.3,0.0,0.0,880188000,0,綠縮,否,,50.68,50.96,51.46,,-1.0929,-0.8174,-1.822
8937,合騏*,2026-09-04,30.0,0.9,3.09,155978000,0,紅增,否,,28.92,27.13,25.64,,14.0828,11.2546,3.7326
8938,明安,2026-09-04,52.7,1.9,3.74,172589000,0,綠縮,是,,51.42,51.9,53.6,,-1.8328,-2.5718,-1.4433
8941,關中,2026-09-04,44.0,0.2,0.46,4103000,0,紅縮,否,,44.21,44.2,43.78,,0.0453,1.0401,0.6205
8942,森鉅,2026-09-04,42.4,-0.1,-0.24,139247000,0,紅縮,否,,42.35,42.15,39.91,,0.9535,6.7629,1.5976
9949,琉園,2026-09-04,23.95,-0.25,-1.03,28512000,0,紅增,否,,24.04,23.88,23.7,,1.3064,1.6167,-2.7193
9950,萬國通,2026-09-04,10.3,0.0,0.0,13001000,0,紅增,否,,10.27,10.31,10.32,,-0.677,-0.242,-0.4819
9951,皇田,2026-09-04,50.4,-0.2,-0.4,59651000,0,綠增,否,,52.76,53.22,52.94,,-1.7139,0.2071,-0.1791
9960,邁達康,2026-09-04,30.7,0.45,1.49,1097000,0,綠縮,否,,30.48,30.98,31.68,,-3.2074,-1.9307,-2.275
9962,有益,2026-09-04,10.35,0.05,0.49,27281000,0,紅縮,否,,10.32,10.29,10.06,,0.5848,2.4288,1.2126
