股票代號,股票名稱,日期,收盤價,漲跌(元),漲跌幅(%),成交量（股）,成交金額（元）,MACD狀態,出量,站上60日均,5日均價,10日均價,20日均價,60日均價,5日均斜率(%),10日均斜率(%),20日均斜率(%)
00411A,主動統一前沿科技,2026-10-01,10.75,0.19,1.8,21088256000,0,紅增,否,,10.52,10.24,9.99,,5.6002,3.6531,2.0907
006201,元大富櫃50,2026-10-01,46.59,0.09,0.19,113503000,0,紅縮,否,,46.31,45.66,44.85,,2.8884,2.1592,1.3549
00679B,元大美債20年,2026-10-01,24.64,-0.13,-0.52,19490108000,0,綠增,否,,25.02,25.26,25.47,,-1.8671,-1.1507,-1.3708
00687B,國泰20年美債,2026-10-01,25.6,-0.12,-0.47,15826498000,0,綠增,否,,25.99,26.28,26.65,,-2.1832,-1.7866,-1.4096
00687C,國泰20年美債+櫃U,2026-10-01,8.64,-0.07,-0.8,25000000,0,綠增,否,,8.8,8.9,8.99,,-2.1778,-1.4611,-0.8878
00694B,富邦美債1-3,2026-10-01,41.78,0.13,0.31,89545000,0,紅增,否,,41.64,41.62,41.66,,0.0817,0.0697,-0.3516
00695B,富邦美債7-10,2026-10-01,33.69,-0.01,-0.03,124964000,0,綠縮,否,,33.83,34.0,34.28,,-0.9835,-0.8285,-1.0179
00696B,富邦美債20年,2026-10-01,26.84,-0.15,-0.56,2373438000,0,綠增,否,,27.25,27.52,27.75,,-1.9077,-1.1638,-1.1014
00697B,元大美債7-10,2026-10-01,33.95,-0.06,-0.18,805448000,0,綠縮,是,,34.09,34.38,34.75,,-1.6729,-1.258,-1.2236
00719B,元大美債1-3,2026-10-01,31.06,0.05,0.16,2259510000,0,紅增,否,,30.96,30.96,30.99,,0.0452,0.0614,-0.3569
00720B,元大投資級公司債,2026-10-01,30.76,-0.09,-0.29,9757394000,0,綠增,是,,31.2,31.46,31.59,,-1.6268,-0.6819,-0.8569
00722B,群益投資級電信債,2026-10-01,33.07,-0.06,-0.18,3341619000,0,綠增,否,,33.5,33.78,33.93,,-1.6499,-0.7346,-0.8301
00723B,群益投資級科技債,2026-10-01,28.26,-0.11,-0.39,166760000,0,綠增,否,,28.68,28.97,29.08,,-1.9352,-0.7742,-0.9875
00724B,群益投資級金融債,2026-10-01,31.54,-0.06,-0.19,3661282000,0,綠增,否,,31.9,32.15,32.39,,-1.5248,-0.8909,-1.0873
00725B,國泰投資級公司債,2026-10-01,32.8,-0.1,-0.3,3621716000,0,綠增,否,,33.24,33.52,33.65,,-1.6217,-0.6874,-0.8806
00726B,國泰新興投等債,2026-10-01,31.08,-0.12,-0.38,168632000,0,綠增,否,,31.42,31.61,31.86,,-1.1886,-0.881,-0.8912
00727B,國泰優選非投等債,2026-10-01,38.93,0.04,0.1,128424000,0,綠增,否,,39.0,39.08,39.14,,-0.4391,-0.1405,-0.4287
00734B,台新JPM新興債,2026-10-01,14.81,-0.07,-0.47,21000000,0,綠增,否,,15.04,15.15,15.27,,-1.4673,-0.9478,-0.9954
00740B,富邦全球投等債,2026-10-01,35.85,-0.07,-0.19,1149154000,0,綠增,否,,36.31,36.65,36.9,,-1.8064,-1.021,-1.1161
00741B,富邦全球非投等債,2026-10-01,36.71,-0.02,-0.05,102184000,0,綠增,否,,36.85,36.89,37.0,,-0.2382,-0.2164,-0.6058
00746B,富邦A級公司債,2026-10-01,33.23,-0.07,-0.21,418141000,0,綠增,否,,33.6,33.84,34.05,,-1.4433,-0.806,-1.0116
00749B,凱基新興債10+,2026-10-01,29.66,0.0,0.0,100166000,0,綠增,否,,30.07,30.28,30.48,,-1.3842,-0.8969,-0.957
00750B,凱基科技債10+,2026-10-01,30.68,0.0,0.0,101000000,0,綠增,否,,31.0,31.27,31.39,,-1.7373,-0.7176,-0.9325
00751B,元大AAA至A公司債,2026-10-01,28.82,-0.09,-0.31,7318730000,0,綠增,否,,29.24,29.68,29.95,,-2.9088,-1.4805,-1.3162
00754B,群益AAA-AA公司債,2026-10-01,30.26,-0.1,-0.33,116730000,0,綠增,否,,30.68,30.98,31.09,,-1.8995,-0.7339,-1.3127
00755B,群益投資級公用債,2026-10-01,30.36,-0.14,-0.46,113481000,0,綠增,否,,30.8,31.06,31.24,,-1.679,-0.8395,-1.2752
00756B,群益投等新興公債,2026-10-01,28.89,-0.2,-0.69,240201000,0,綠增,否,,29.38,29.65,29.94,,-1.7719,-1.2326,-1.5536
00758B,復華能源債,2026-10-01,48.18,-0.27,-0.56,104999000,0,綠增,否,,48.95,49.38,49.62,,-1.7385,-0.8533,-1.1032
00759B,復華製藥債,2026-10-01,50.65,-0.25,-0.49,101998000,0,綠增,否,,51.41,51.85,52.13,,-1.6641,-0.8131,-1.18
00760B,復華新興企業債,2026-10-01,50.35,-0.25,-0.49,103368000,0,綠增,否,,50.94,51.3,51.69,,-1.4128,-0.8599,-1.2419
00761B,國泰A級公司債,2026-10-01,31.84,-0.05,-0.16,512444000,0,綠增,否,,32.22,32.49,32.67,,-1.6362,-0.8,-1.2783
00764B,群益25年美債,2026-10-01,25.53,-0.15,-0.58,2159825000,0,綠增,否,,25.94,26.22,26.56,,-2.0986,-1.6839,-1.3756
00768B,復華20年美債,2026-10-01,45.86,-0.22,-0.48,334041000,0,綠增,否,,46.56,47.02,47.42,,-1.9377,-1.1832,-1.4545
00772B,中信高評級公司債,2026-10-01,31.11,-0.09,-0.29,3490946000,0,綠增,否,,31.52,31.79,32.04,,-1.6906,-1.0274,-1.192
00773B,中信優先金融債,2026-10-01,33.29,-0.09,-0.27,951954000,0,綠增,否,,33.69,33.97,34.3,,-1.6408,-1.1465,-1.319
00777B,凱基AAA至A公司債,2026-10-01,30.05,-0.03,-0.1,102453000,0,綠增,否,,30.42,30.68,30.86,,-1.6872,-0.8468,-1.0944
00778B,凱基金融債20+,2026-10-01,31.74,-0.05,-0.16,113000000,0,綠增,否,,32.19,32.52,32.79,,-2.027,-1.1369,-1.2913
00779B,凱基美債25+,2026-10-01,25.75,-0.15,-0.58,311926000,0,綠增,否,,26.17,26.47,26.84,,-2.234,-1.7848,-1.4213
00780B,國泰A級金融債,2026-10-01,35.37,0.03,0.08,111000000,0,綠縮,否,,35.55,35.73,35.99,,-1.019,-0.7031,-1.2689
00781B,國泰A級科技債,2026-10-01,25.68,-0.09,-0.35,167220000,0,綠增,否,,26.04,26.31,26.67,,-2.0688,-1.7293,-1.4068
00782B,國泰A級公用債,2026-10-01,28.27,-0.1,-0.35,523469000,0,綠增,是,,28.68,28.91,29.08,,-1.6057,-0.8131,-0.9588
00785B,富邦金融投等債,2026-10-01,32.71,-0.04,-0.12,91038000,0,綠增,否,,33.07,33.28,33.52,,-1.2896,-0.7515,-1.1239
00786B,元大10年IG銀行債,2026-10-01,30.54,-0.13,-0.42,75231000,0,綠增,是,,30.93,31.15,31.37,,-1.4278,-0.8593,-1.3583
00787B,元大10年IG醫療債,2026-10-01,30.21,-0.08,-0.26,4606000,0,綠增,否,,30.57,30.99,31.29,,-2.7053,-1.4687,-1.2667
00788B,元大10年IG電能債,2026-10-01,27.98,-0.15,-0.53,47165000,0,綠增,是,,28.41,28.63,28.79,,-1.5595,-0.7763,-0.9768
00789B,復華公司債A3,2026-10-01,44.36,-0.1,-0.22,105160000,0,綠增,否,,45.01,45.43,45.63,,-1.8579,-0.784,-0.941
00791B,復華信用債1-5,2026-10-01,56.4,0.15,0.27,102000000,0,綠轉紅,否,,56.29,56.36,56.49,,-0.2481,-0.1152,-0.4625
00792B,群益A級公司債,2026-10-01,29.06,-0.08,-0.27,129446000,0,綠增,否,,29.49,29.83,30.23,,-2.2474,-1.762,-1.4041
00795B,中信美國公債20年,2026-10-01,24.74,-0.15,-0.6,10005123000,0,綠增,否,,25.13,25.38,25.58,,-1.9126,-1.1415,-1.3535
00799B,國泰A級醫療債,2026-10-01,27.45,-0.08,-0.29,209141000,0,綠增,否,,27.83,28.05,28.21,,-1.5495,-0.8168,-1.2376
00834B,第一金金融債10+,2026-10-01,31.98,-0.09,-0.28,120000000,0,綠增,否,,32.36,32.61,32.8,,-1.5036,-0.7518,-0.9273
00836B,永豐10年A公司債,2026-10-01,26.33,-0.16,-0.6,2272000,0,綠增,否,,26.79,27.23,27.47,,-3.2298,-1.4689,-1.3823
00840B,凱基IG精選15+,2026-10-01,27.61,-0.04,-0.14,100062000,0,綠增,否,,27.96,28.22,28.39,,-1.7635,-0.9096,-1.1488
00841B,凱基AAA-AA公司債,2026-10-01,26.4,-0.02,-0.08,100018000,0,綠增,否,,26.73,26.98,27.1,,-1.8578,-0.7138,-1.2518
00842B,台新美元銀行債,2026-10-01,28.18,-0.09,-0.32,126241000,0,綠增,否,,28.57,28.79,28.99,,-1.4826,-0.9155,-1.0225
00844B,台新15年IG金融債,2026-10-01,29.25,-0.1,-0.34,107000000,0,綠增,否,,29.67,29.94,30.11,,-1.8201,-0.8247,-1.3205
00845B,富邦新興投等債,2026-10-01,31.47,-0.06,-0.19,151000000,0,綠增,否,,31.76,31.94,32.18,,-1.1393,-0.8105,-1.1837
00846B,富邦歐洲銀行債,2026-10-01,34.11,0.01,0.03,102069000,0,綠增,否,,34.32,34.54,34.78,,-1.2829,-0.8354,-1.2785
00847B,中信美國市政債,2026-10-01,23.26,-0.19,-0.81,233000000,0,綠增,否,,23.67,23.94,24.2,,-2.1982,-1.3965,-1.5801
00848B,中信新興亞洲債,2026-10-01,32.4,-0.04,-0.12,202020000,0,綠增,否,,32.68,32.86,33.08,,-1.1016,-0.746,-0.8513
00849B,中信EM主權債0-5,2026-10-01,37.27,0.04,0.11,204607000,0,紅增,否,,37.2,37.21,37.2,,-0.0322,0.1453,-0.3082
00853B,統一美債10年Aa-A,2026-10-01,25.45,-0.07,-0.27,1506540000,0,綠增,否,,25.8,26.1,26.35,,-2.2281,-1.3831,-1.2552
00856B,永豐1-3年美公債,2026-10-01,37.19,0.18,0.49,22000000,0,綠縮,是,,37.05,37.18,37.34,,-0.6861,-0.2441,-0.7258
00857B,永豐20年美公債,2026-10-01,21.28,-0.11,-0.51,710729000,0,綠增,否,,21.62,21.95,22.2,,-3.0412,-1.7058,-1.373
00858,永豐美國500大,2026-10-01,36.28,0.16,0.44,670426000,0,紅增,是,,36.17,35.96,35.84,,1.1805,0.6128,-0.2227
00859B,群益0-1年美債,2026-10-01,40.8,0.11,0.27,2735993000,0,綠轉紅,否,,40.64,40.65,40.83,,-0.0689,-0.353,-0.4802
00860B,群益1-5Y投資級債,2026-10-01,37.84,0.1,0.26,101484000,0,紅增,否,,37.72,37.73,37.77,,-0.0583,0.0106,-0.6131
00862B,中信投資級公司債,2026-10-01,29.15,-0.04,-0.14,267056000,0,綠增,否,,29.57,29.9,30.21,,-2.1705,-1.4602,-1.2568
00863B,中信全球電信債,2026-10-01,29.32,-0.09,-0.31,712035000,0,綠增,是,,29.71,30.04,30.37,,-2.1668,-1.5534,-1.2696
00864B,中信美國公債0-1,2026-10-01,46.31,0.09,0.19,995043000,0,紅增,否,,46.17,46.12,46.02,,0.2214,0.3656,-0.3767
00867B,台新A-BBB電信債,2026-10-01,28.43,0.09,0.32,659033000,0,綠增,否,,28.7,28.93,29.17,,-1.5909,-0.8804,-1.471
00870B,元大15年EM主權債,2026-10-01,26.01,-0.19,-0.73,92188000,0,綠增,否,,26.55,26.82,27.06,,-2.0009,-1.2665,-1.1778
00877,復華中國5G,2026-10-01,35.15,-0.13,-0.37,1097165000,0,紅轉綠,否,,36.47,37.31,37.14,,-4.3784,-0.6366,-0.6845
00884B,中信低碳新興債,2026-10-01,27.36,-0.18,-0.65,201391000,0,綠增,否,,27.87,28.09,28.32,,-1.4914,-1.0395,-1.0691
00886,永豐美國科技,2026-10-01,49.7,0.15,0.3,48094000,0,紅縮,是,,49.57,48.75,47.85,,3.4217,2.6316,1.5158
00887,永豐中國科技50大,2026-10-01,15.2,-0.02,-0.13,1994548000,0,紅縮,否,,15.55,15.68,15.8,,-1.6947,-0.5959,-2.1821
00888,永豐台灣ESG,2026-10-01,36.59,0.43,1.19,5628767000,0,紅縮,否,,36.15,35.5,34.5,,3.7422,3.1199,2.7121
00890B,凱基ESG BBB債15+,2026-10-01,29.95,-0.06,-0.2,101000000,0,綠增,否,,30.33,30.62,30.81,,-1.8825,-0.9637,-1.1057
00928,中信上櫃ESG 30,2026-10-01,33.57,0.09,0.27,183641000,0,紅縮,否,,33.38,32.97,32.66,,2.5372,1.5556,0.8631
00931B,統一美債20年,2026-10-01,12.46,-0.07,-0.56,3046496000,0,綠增,否,,12.65,12.77,12.88,,-1.8771,-1.1456,-1.1021
00933B,國泰10Y+金融債,2026-10-01,14.95,-0.03,-0.2,9571584000,0,綠增,否,,15.11,15.22,15.36,,-1.5124,-1.0465,-1.285
00937B,群益ESG投等債20+,2026-10-01,13.74,-0.04,-0.29,72386589000,0,綠增,否,,13.94,14.07,14.16,,-1.8305,-0.978,-1.1068
00942B,台新美A公司債20+,2026-10-01,13.14,-0.05,-0.38,1757866000,0,綠增,是,,13.36,13.49,13.59,,-1.938,-1.0344,-1.1748
00948B,中信優息投資級債,2026-10-01,8.78,-0.02,-0.23,3745971000,0,綠增,否,,8.9,8.99,9.04,,-1.8086,-0.9916,-1.072
00950B,凱基A級公司債,2026-10-01,13.13,-0.04,-0.3,2576958000,0,綠增,否,,13.29,13.38,13.47,,-1.4099,-0.7418,-1.1049
00955,中信日本商社,2026-10-01,15.97,-0.12,-0.75,2819330000,0,綠增,否,,16.06,16.25,16.13,,-2.3595,-0.9629,0.8944
00957B,兆豐US優選投等債,2026-10-01,12.43,-0.05,-0.4,264585000,0,綠增,否,,12.63,12.74,12.82,,-1.8196,-0.9791,-1.1104
00958B,永豐ESG銀行債15+,2026-10-01,8.62,-0.02,-0.23,464421000,0,綠增,否,,8.74,8.83,8.91,,-2.1944,-1.1415,-1.307
00959B,大華投等美債15Y+,2026-10-01,8.75,-0.02,-0.23,2213750000,0,綠增,是,,8.87,8.95,9.0,,-1.5968,-0.7544,-1.0444
00966B,統一ESG投等債15+,2026-10-01,12.97,-0.04,-0.31,959515000,0,綠增,否,,13.16,13.27,13.33,,-1.644,-0.681,-0.9583
00967B,元大優息美債,2026-10-01,8.51,-0.02,-0.23,333562000,0,綠增,否,,8.61,8.69,8.78,,-1.9143,-1.3282,-1.2759
00968B,元大優息投等債,2026-10-01,8.63,-0.03,-0.35,1037655000,0,綠增,否,,8.75,8.83,8.88,,-1.8847,-0.9312,-1.1133
00969B,元大零息超長美債,2026-10-01,7.4,-0.1,-1.33,1699132000,0,綠增,否,,7.65,7.79,7.86,,-3.3838,-1.8035,-1.367
00970B,台新BBB投等債20+,2026-10-01,8.69,-0.02,-0.23,4213245000,0,綠增,否,,8.82,8.9,8.95,,-1.7384,-0.9354,-1.0995
009806,台新標普500,2026-10-01,13.81,0.04,0.29,15280000,0,紅增,否,,13.77,13.71,13.63,,0.9381,0.7867,-0.1794
009807,台新標普科技精選,2026-10-01,18.05,0.25,1.4,29911000,0,紅增,否,,17.83,17.41,17.06,,4.8465,3.2553,1.1083
00980B,台新特選IG債10+,2026-10-01,8.81,-0.04,-0.45,710999000,0,綠增,否,,8.94,9.02,9.08,,-1.6718,-0.9666,-1.0791
00980D,主動聯博投等入息,2026-10-01,19.47,-0.01,-0.05,550849000,0,綠增,否,,19.6,19.72,19.87,,-1.2198,-0.9195,-0.989
00980T,平衡凱基美國TOP,2026-10-01,12.17,0.15,1.25,258440000,0,紅增,是,,12.08,11.97,11.87,,1.8381,1.1066,0.1477
009814,富邦標普500,2026-10-01,11.46,0.04,0.35,1240587000,0,綠轉紅,是,,11.43,11.38,11.36,,0.847,0.4235,-0.3159
009815,大華美國MAG7+,2026-10-01,12.15,0.22,1.84,3156310000,0,紅增,是,,11.99,11.8,11.61,,3.2564,2.0943,0.6761
00981B,第一金優選非投債,2026-10-01,8.97,0.0,0.0,5218744000,0,綠縮,否,,8.99,9.05,9.09,,-1.2085,-0.6588,-0.8507
00981D,主動中信非投等債,2026-10-01,10.11,0.02,0.2,1563292000,0,綠縮,否,,10.12,10.16,10.22,,-0.7649,-0.6649,-0.8342
009822,華南永昌未來金融,2026-10-01,9.33,-0.13,-1.37,260352000,0,綠增,否,,9.63,9.64,9.7,,-0.228,-1.3004,0.0826
009823,群益S&P500,2026-10-01,10.52,0.05,0.48,4180775000,0,紅增,否,,10.48,10.43,10.41,,0.983,0.4238,-0.3779
009825,聯邦美國金融創新,2026-10-01,9.7,-0.08,-0.82,412569000,0,綠增,否,,9.85,9.9,10.0,,-1.1644,-1.384,-0.6312
00982B,FT投資級債20+,2026-10-01,9.04,-0.05,-0.55,18586000,0,綠增,否,,9.2,9.29,9.36,,-1.7716,-1.0969,-1.0781
00983B,大華優利美公債20,2026-10-01,14.42,-0.1,-0.69,665430000,0,綠增,否,,14.66,14.8,14.93,,-1.8876,-1.1357,-1.2077
00984B,大華優利美A債15,2026-10-01,15.15,-0.07,-0.46,1402357000,0,綠增,否,,15.4,15.53,15.61,,-1.6354,-0.7289,-1.03
00985D,主動貝萊德優投等,2026-10-01,9.45,-0.04,-0.42,676050000,0,綠增,否,,9.56,9.64,9.71,,-1.6461,-1.047,-1.1501
00986B,FT金融債10+,2026-10-01,9.15,-0.11,-1.19,134542000,0,綠增,是,,9.31,9.41,9.55,,-1.9789,-1.5697,-1.3486
00986D,主動復華金融債息,2026-10-01,13.88,0.0,0.0,466060000,0,綠增,否,,13.98,14.08,14.2,,-1.4382,-1.0053,-1.1585
00987B,野村10+澳洲公債,2026-10-01,15.21,-0.08,-0.52,1723699000,0,綠增,否,,15.38,15.49,15.66,,-1.3468,-1.2183,-1.2359
00987D,主動統一美債量化,2026-10-01,9.48,-0.02,-0.21,2861824000,0,綠增,否,,9.62,9.72,9.81,,-2.0558,-1.1787,-1.1321
00988B,玉山嚴選非投債,2026-10-01,19.11,0.01,0.05,1735802000,0,綠增,否,,19.21,19.27,19.38,,-0.7134,-0.5623,-0.9049
00989B,台新美國非投等債,2026-10-01,9.86,0.01,0.1,3545089000,0,綠縮,否,,9.89,9.93,9.98,,-0.6827,-0.6108,-0.8839
00990B,國泰收益非投等債,2026-10-01,9.82,0.0,0.0,2129518000,0,綠增,否,,9.85,9.9,9.93,,-1.0249,-0.3924,-0.5461
00998A,主動復華金融股息,2026-10-01,16.58,-0.18,-1.07,8196410000,0,綠縮,否,,16.69,17.07,17.47,,-4.3219,-3.5813,-1.8866
020025,統一亞洲半導體N,2026-10-01,41.02,0.79,1.96,134000000,0,紅增,是,,40.31,39.38,38.72,,4.8588,2.3841,2.0612
020033,統一恒生科期N,2026-10-01,3.42,0.05,1.48,1000000,0,綠縮,否,,3.44,3.46,3.55,,-1.0926,-2.0113,-2.7686
020041,兆豐半導體氣候N,2026-10-01,21.13,-0.08,-0.38,182000000,0,紅縮,是,,21.04,20.77,20.11,,2.5841,1.3118,3.7345
1240,茂生農經,2026-10-01,54.1,-0.2,-0.37,18420000,0,綠增,否,,54.42,54.8,55.52,,-1.3773,-0.7606,-0.5553
1259,安心,2026-10-01,68.0,-0.1,-0.15,17002000,0,紅縮,否,,68.0,66.69,65.2,,4.0073,3.6525,3.3526
1264,德麥,2026-10-01,245.0,0.0,0.0,10419000,0,紅增,否,,244.6,244.55,248.35,,0.0409,-1.2518,-1.2917
1268,漢來美食,2026-10-01,177.5,2.5,1.43,76295000,0,綠縮,是,,175.4,174.25,176.28,,1.3287,-0.0287,-0.5641
1294,漢田生技,2026-10-01,50.2,-0.2,-0.4,19250000,0,紅增,否,,50.36,50.76,52.31,,-1.5637,-2.628,-3.2458
1295,生合,2026-10-01,47.8,0.4,0.84,20572000,0,紅增,否,,46.95,45.8,45.69,,5.1512,1.7439,0.2854
1336,台翰,2026-10-01,18.3,0.95,5.48,852500000,0,紅增,是,,17.3,17.04,16.77,,3.1604,3.1174,1.652
1565,精華,2026-10-01,96.7,0.2,0.21,83952000,0,綠縮,否,,96.12,96.32,97.03,,-0.4144,-1.3014,0.3724
1569,濱川,2026-10-01,63.8,1.2,1.92,3416041000,0,紅縮,否,,63.88,59.08,53.2,,17.6861,14.6739,11.1523
1570,力肯,2026-10-01,32.25,-0.95,-2.86,11095000,0,紅縮,否,,32.76,32.53,32.74,,1.3928,0.2311,-0.7728
1580,新麥,2026-10-01,97.4,0.3,0.31,26156000,0,紅增,否,,97.02,97.1,100.16,,-0.1646,-1.9786,-3.1381
1584,精剛,2026-10-01,18.6,-0.25,-1.33,379736000,0,紅增,否,,18.32,18.21,18.09,,1.2155,1.1948,0.57
1586,和勤,2026-10-01,17.9,0.0,0.0,176783000,0,紅縮,否,,17.95,17.95,18.01,,-0.0557,-0.1946,-0.6618
1591,駿吉-KY,2026-10-01,41.4,-1.35,-3.16,226600000,0,紅縮,否,,41.45,40.85,38.65,,2.9814,6.2281,3.626
1593,祺驊,2026-10-01,31.7,0.0,0.0,23367000,0,綠增,否,,31.76,31.67,31.7,,0.5381,0.1739,0.372
1595,川寶,2026-10-01,83.3,-2.0,-2.34,9124076000,0,紅增,是,,80.42,73.19,69.72,,21.9224,10.0767,6.4184
1599,宏佳騰,2026-10-01,23.1,0.05,0.22,33156000,0,綠轉紅,是,,23.06,23.12,23.08,,-0.4748,-0.0432,-0.4743
1742,台蠟,2026-10-01,17.8,0.2,1.14,52908000,0,綠縮,否,,17.62,17.57,17.64,,0.5708,-0.1421,-0.2262
1777,生泰,2026-10-01,74.3,0.4,0.54,23174000,0,綠縮,否,,74.12,74.0,74.28,,0.3249,-0.5243,0.0067
1780,立弘,2026-10-01,25.25,-0.05,-0.2,190966000,0,紅縮,是,,25.06,25.01,24.83,,0.4006,1.1936,1.4089
1781,合世,2026-10-01,9.99,0.0,0.0,30015000,0,紅增,是,,10.01,10.08,10.24,,-1.2426,-0.6213,-2.6746
1784,訊聯,2026-10-01,60.4,,,45934000,0,紅縮,否,,61.34,60.11,60.14,,4.178,1.7779,0.1916
1785,光洋科,2026-10-01,101.0,0.5,0.5,5968342000,0,紅增,否,,98.36,97.04,99.02,,2.758,-0.8278,-2.5922
1788,杏昌,2026-10-01,127.5,-0.5,-0.39,13851000,0,紅縮,否,,127.8,127.85,128.38,,-0.0782,-0.1562,-0.4845
1796,金穎生技,2026-10-01,30.3,1.15,3.95,61035000,0,紅增,是,,29.55,29.51,29.64,,0.2715,-0.6397,-0.6869
1799,易威,2026-10-01,28.95,-0.05,-0.17,77355000,0,紅增,否,,28.81,28.78,29.37,,0.2087,-1.6573,-1.5999
1813,寶利徠,2026-10-01,11.3,0.0,0.0,6838000,0,紅增,否,,11.31,11.34,11.4,,-0.4401,-0.4829,-0.3715
1815,富喬,2026-10-01,116.0,0.0,0.0,31721995000,0,綠增,否,,116.8,117.6,119.78,,-1.3514,-3.843,5.3894
2035,唐榮,2026-10-01,26.9,0.4,1.51,1025000,0,紅增,否,,26.78,26.91,26.81,,-0.9615,0.2421,-0.7311
2061,風青,2026-10-01,61.7,1.9,3.18,3263880000,0,紅增,否,,58.14,54.97,53.24,,12.2394,7.4787,1.2407
2063,世鎧,2026-10-01,23.6,0.1,0.43,13154000,0,綠縮,否,,23.55,23.7,23.88,,-1.2579,-0.9197,-0.6552
2064,晉椿,2026-10-01,12.0,0.05,0.42,350000000,0,紅增,是,,11.88,12.04,12.13,,-2.5431,-2.3925,-1.5622
2065,世豐,2026-10-01,35.65,0.1,0.28,36359000,0,綠縮,否,,35.33,35.29,35.74,,0.227,-1.0515,0.1892
2066,世德,2026-10-01,51.7,-0.5,-0.96,23000000,0,紅縮,否,,52.46,52.19,52.94,,1.0401,-0.7983,-3.7895
2067,嘉鋼,2026-10-01,4.91,0.0,0.0,108296000,0,紅縮,是,,5.15,5.12,5.02,,1.1788,3.0388,-5.2562
2070,精湛,2026-10-01,63.0,-0.3,-0.47,100277000,0,綠縮,否,,62.18,61.66,63.12,,1.701,-0.1619,0.5015
2073,雄順,2026-10-01,25.8,0.6,2.38,2124000,0,綠縮,否,,25.59,25.55,25.98,,0.3529,-1.1034,-1.7768
2221,大甲,2026-10-01,179.0,-18.5,-9.37,2318151000,0,紅縮,否,,175.8,147.19,113.56,,48.2543,41.1082,38.256
2230,泰茂,2026-10-01,21.5,-0.3,-1.38,146475000,0,紅縮,否,,21.75,21.62,22.12,,1.1628,-1.1203,-3.9201
2596,綠意,2026-10-01,34.9,-0.2,-0.57,24514000,0,綠增,否,,35.14,35.2,35.1,,-0.3403,-0.255,2.0865
2640,大車隊,2026-10-01,157.0,0.0,0.0,17606000,0,綠增,否,,157.4,160.25,158.05,,-3.4948,0.8179,1.2816
2641,正德,2026-10-01,17.35,-0.15,-0.86,570569000,0,綠增,否,,17.44,17.49,17.86,,-0.5134,-1.5207,-0.2095
2643,捷迅,2026-10-01,62.3,-0.3,-0.48,10464000,0,綠增,是,,62.64,62.67,62.71,,-0.0957,-0.1116,0.1357
2718,全心投控,2026-10-01,40.0,-0.45,-1.11,19957000,0,紅增,否,,40.51,40.45,42.11,,0.2723,-0.5898,-3.5227
2719,燦星旅,2026-10-01,19.5,-0.25,-1.27,12000000,0,紅增,是,,19.51,19.52,19.81,,-0.1024,-0.3828,-2.1726
2724,藝舍-KY,2026-10-01,11.8,-0.95,-7.45,1100000,0,紅縮,否,,12.22,11.43,11.05,,14.9577,7.2267,2.0785
2726,雅茗-KY,2026-10-01,8.0,0.0,0.0,7110000,0,紅增,否,,8.03,8.05,8.14,,-0.4955,-0.482,-2.0219
2729,瓦城,2026-10-01,157.0,1.0,0.64,6588000,0,紅縮,否,,157.2,156.2,156.22,,1.2887,0.7417,-0.4936
2732,六角,2026-10-01,62.8,-0.3,-0.48,43809000,0,紅縮,否,,63.7,63.15,63.48,,1.7572,0.5894,0.0
2734,易飛網,2026-10-01,14.35,-0.1,-0.69,46209000,0,綠增,否,,14.44,14.48,14.69,,-0.6194,-1.3283,-0.8267
2736,富野,2026-10-01,11.3,-0.05,-0.44,17082000,0,綠縮,否,,11.3,11.34,11.53,,-0.6157,-1.0044,-0.3459
2740,華軒,2026-10-01,29.0,-1.15,-3.81,9142000,0,綠增,是,,30.27,30.99,30.88,,-4.5712,-0.6093,-0.6994
2743,山富,2026-10-01,52.3,-1.0,-1.88,22873000,0,紅縮,否,,53.44,53.18,55.5,,0.9826,-2.9385,-1.4648
2745,五福,2026-10-01,84.6,-0.3,-0.35,19549000,0,紅增,否,,84.6,84.45,86.12,,0.3559,-1.378,-1.057
2751,王座,2026-10-01,52.9,0.2,0.38,5292000,0,紅轉綠,否,,53.38,53.55,53.11,,-0.6329,1.4781,0.6062
2752,豆府,2026-10-01,176.5,-0.5,-0.28,18047000,0,綠增,是,,177.5,177.85,178.03,,-0.3928,-0.1404,0.0281
2754,亞洲藏壽司,2026-10-01,68.0,0.0,0.0,8239000,0,綠縮,否,,68.18,68.74,68.88,,-1.6162,-0.2177,-1.0559
2755,揚秦,2026-10-01,99.0,0.1,0.1,26721000,0,紅縮,否,,99.02,98.79,99.97,,0.4667,-0.5837,-1.0835
2756,聯發國際,2026-10-01,62.8,0.0,0.0,10006000,0,綠增,否,,62.8,62.58,62.59,,0.7056,0.2403,2.0961
2916,滿心,2026-10-01,40.5,-0.05,-0.12,12148000,0,紅縮,否,,40.51,40.52,40.3,,-0.0247,0.5834,-0.1177
2924,宏太-KY,2026-10-01,18.85,0.55,3.01,1000000,0,紅縮,否,,18.73,18.2,17.7,,5.9989,4.1786,2.5946
2926,誠品生活,2026-10-01,30.3,0.1,0.33,3290000,0,紅增,否,,30.03,30.03,30.15,,0.0,-0.4805,-0.2976
2938,床的世界,2026-10-01,18.5,-0.1,-0.54,42573000,0,綠縮,否,否,18.67,18.83,20.79,23.95,-1.6851,-9.0118,-6.8034
2941,米斯特,2026-10-01,31.0,0.0,0.0,6000000,0,紅縮,是,,31.58,31.27,31.24,,1.9696,-0.2551,0.2648
2947,振宇五金,2026-10-01,60.5,0.0,0.0,9398000,0,紅增,是,,60.36,60.53,61.19,,-0.5601,-0.9815,-0.738
2948,寶陞,2026-10-01,36.5,-0.9,-2.41,6075000,0,綠增,否,,36.87,37.05,37.51,,-0.9404,-1.3711,-0.5963
3064,泰偉,2026-10-01,15.75,-1.45,-8.43,3831000,0,綠增,是,否,17.54,18.25,18.86,19.02,-7.4406,-4.701,-2.6584
3066,李洲,2026-10-01,28.9,-0.3,-1.03,1584615000,0,紅縮,否,,28.45,27.78,26.02,,4.9428,8.4521,5.5364
3071,協禧,2026-10-01,23.05,0.0,0.0,143876000,0,紅增,否,,23.01,23.17,23.83,,-1.3716,-2.9529,-2.3263
3073,天方能源,2026-10-01,20.5,-0.1,-0.49,8476000,0,綠縮,否,,20.46,20.64,21.48,,-1.7763,-4.4876,-2.2859
3078,僑威,2026-10-01,45.75,-0.4,-0.87,402172000,0,紅增,否,,45.64,45.17,46.76,,2.1029,0.4447,-4.1113
3081,聯亞,2026-10-01,2660.0,-35.0,-1.3,1921571000,0,綠縮,否,,2677.0,2736.0,2893.0,,-4.2218,-5.6877,1.1273
3083,網龍,2026-10-01,23.95,1.35,5.97,274527000,0,紅增,是,,22.99,22.68,22.86,,2.7716,0.4206,-1.5931
3086,華義*,2026-10-01,27.35,-0.05,-0.18,65389000,0,綠增,否,,27.86,28.5,28.8,,-4.3598,-2.9957,0.6817
3088,艾訊,2026-10-01,132.5,-1.0,-0.75,441048000,0,紅縮,否,,131.7,128.7,126.22,,4.7733,3.415,-0.5319
3093,港建*,2026-10-01,45.85,1.15,2.57,266768000,0,紅增,是,,44.76,44.59,45.08,,0.7654,-0.2572,-1.5077
3095,及成,2026-10-01,33.2,-0.3,-0.9,5179000,0,綠縮,否,,33.59,34.17,35.09,,-3.3659,-2.9946,-2.8848
3105,穩懋,2026-10-01,538.0,-4.0,-0.74,26937664000,0,紅增,否,,514.4,496.05,462.73,,7.6826,7.5098,7.598
3114,好德,2026-10-01,36.05,1.45,4.19,3014802000,0,紅增,是,,34.21,32.43,32.37,,11.615,5.7902,-0.3157
3115,富榮綱,2026-10-01,8.2,-0.3,-3.53,8106000,0,綠增,否,,8.26,8.23,8.59,,0.7317,-3.5848,-1.6997
3118,進階,2026-10-01,31.55,0.25,0.8,7182000,0,綠縮,否,,31.29,31.42,31.48,,-0.8241,-0.3647,-0.3797
3122,笙泉,2026-10-01,24.5,0.3,1.24,22406000,0,紅增,否,,24.09,24.11,24.67,,-0.1244,-1.4513,-1.6251
3128,昇銳,2026-10-01,20.05,-0.3,-1.47,80338000,0,紅縮,否,,20.27,20.33,20.56,,-0.5885,0.7683,-2.095
3131,弘塑,2026-10-01,2380.0,-145.0,-5.74,680884000,0,紅縮,是,,2431.0,2404.0,2404.75,,2.2718,-0.4555,-0.1453
3141,晶宏,2026-10-01,84.5,-0.8,-0.94,1474892000,0,綠增,否,,85.06,88.44,89.03,,-7.3622,-6.8857,3.0738
3147,大綜,2026-10-01,267.5,24.0,9.86,1672964000,0,紅增,是,,246.3,239.75,229.3,,5.6175,5.8499,0.9354
3152,璟德,2026-10-01,232.5,1.5,0.65,104944000,0,綠轉紅,否,,228.3,224.65,232.8,,3.3032,-0.7291,0.0107
3158,嘉實,2026-10-01,84.5,-0.4,-0.47,29883000,0,綠增,是,,85.1,85.87,84.73,,-1.7775,0.8219,0.6175
3162,精確,2026-10-01,87.5,2.1,2.46,7506043000,0,紅增,是,,80.42,77.35,72.92,,8.266,6.7928,5.8418
3163,波若威,2026-10-01,651.0,8.0,1.24,3136327000,0,綠縮,是,,651.2,655.9,700.45,,-1.4229,-5.5716,-2.2878
3169,亞信,2026-10-01,117.0,2.0,1.74,474953000,0,紅增,否,,114.6,108.6,106.3,,11.6959,5.1307,3.1787
3171,炎洲流通,2026-10-01,57.3,-1.5,-2.55,39534000,0,綠增,是,,58.46,58.97,60.77,,-1.7149,-2.8341,-2.3777
3176,基亞,2026-10-01,37.5,-0.2,-0.53,252843000,0,紅轉綠,否,,37.77,37.97,36.97,,-1.022,3.0118,2.5589
3178,公準,2026-10-01,69.4,0.0,0.0,176689000,0,紅縮,否,,69.42,67.16,63.98,,6.9646,6.8916,4.4738
3188,鑫龍騰,2026-10-01,23.2,-0.1,-0.43,98680000,0,綠增,否,,23.39,23.56,23.95,,-1.4743,-2.037,-0.0209
3191,雲嘉南,2026-10-01,16.85,0.1,0.6,45004000,0,紅增,是,,16.69,16.64,17.09,,0.6028,-1.5676,-2.5385
3205,佰研,2026-10-01,46.7,-0.1,-0.21,18714000,0,紅縮,否,,46.77,46.67,46.96,,0.4079,0.0858,-1.1159
3206,志豐,2026-10-01,34.6,-0.35,-1.0,14389000,0,紅縮,否,,34.73,34.72,34.59,,0.0865,0.1154,0.4283
3207,耀勝,2026-10-01,40.7,1.9,4.9,309147000,0,紅增,是,,38.76,38.13,38.85,,3.36,-0.5088,-2.1102
3211,順達,2026-10-01,394.0,-4.5,-1.13,2448055000,0,紅增,否,,387.4,378.3,373.55,,4.9296,1.4617,1.144
3213,茂訊,2026-10-01,124.0,-0.5,-0.4,143367000,0,紅縮,否,,124.5,123.95,125.15,,0.8914,-0.2816,-1.9969
3217,優群,2026-10-01,129.5,-0.5,-0.38,134077000,0,紅增,否,,129.8,129.15,131.95,,1.0117,-1.1859,-2.494
3218,大學光,2026-10-01,134.0,-1.0,-0.74,93827000,0,綠縮,否,,134.1,134.0,135.75,,0.1494,-1.034,-1.0208
3219,倚強科,2026-10-01,131.5,0.0,0.0,1249580000,0,紅增,否,,121.5,105.51,95.38,,35.7239,17.5861,15.536
3221,台嘉碩,2026-10-01,53.7,2.5,4.88,13632740000,0,紅增,是,,50.98,49.08,49.08,,8.0772,2.5279,1.4941
3224,三顧,2026-10-01,30.9,-0.55,-1.75,66368000,0,綠增,是,,31.44,32.0,32.95,,-3.4398,-2.6764,-3.1029
3226,龍鋒,2026-10-01,65.0,4.6,7.62,150543000,0,紅增,是,,60.44,58.57,56.27,,6.5961,5.1149,4.0303
3227,原相,2026-10-01,185.5,0.5,0.27,616469000,0,紅增,否,,185.0,184.25,187.93,,0.8174,-0.9142,-2.5032
3228,金麗科,2026-10-01,179.5,-2.5,-1.37,498316000,0,紅縮,否,,176.5,171.5,168.07,,6.006,1.0309,4.8666
3230,錦明,2026-10-01,42.25,0.85,2.05,727608000,0,綠縮,否,,41.34,41.47,42.1,,-0.625,-1.0381,-0.2429
3232,昱捷,2026-10-01,20.7,-0.2,-0.96,14263000,0,紅縮,否,,20.94,20.97,20.33,,-0.2857,3.2496,1.5231
3234,光環,2026-10-01,172.0,-1.0,-0.58,1489008000,0,綠增,否,,173.5,174.9,182.2,,-1.5882,-6.2701,6.2391
3236,千如,2026-10-01,48.55,4.4,9.97,13578627000,0,紅增,是,,44.87,44.02,43.91,,3.9138,1.2884,0.3772
3252,海灣,2026-10-01,15.35,0.05,0.33,8009000,0,紅增,否,,15.34,15.32,15.47,,0.2614,-0.2279,-1.1186
3259,鑫創,2026-10-01,11.7,1.05,9.86,52424000,0,紅增,是,,10.47,10.6,11.1,,-2.3134,-6.0222,-8.1461
3260,威剛,2026-10-01,380.0,2.5,0.66,2640284000,0,綠縮,否,,379.1,386.85,399.82,,-3.928,-3.2149,-1.527
3264,欣銓,2026-10-01,245.5,2.0,0.82,14994071000,0,紅縮,否,,245.7,246.85,234.82,,-0.9274,3.915,3.3788
3265,台星科,2026-10-01,185.0,-1.0,-0.54,1106383000,0,紅縮,否,,182.9,177.7,174.82,,6.029,3.344,2.1025
3268,海德威,2026-10-01,21.6,-0.15,-0.69,92635000,0,紅增,否,,20.88,19.54,18.66,,14.7253,8.6159,1.5374
3272,東碩,2026-10-01,13.9,-0.05,-0.36,25783000,0,紅增,否,,13.9,13.96,14.07,,-0.7852,-1.4477,-0.1597
3276,宇環,2026-10-01,13.9,-0.15,-1.07,47956000,0,紅增,否,,13.89,13.89,14.04,,-0.0719,-0.5725,-1.5425
3284,太普高,2026-10-01,19.65,-0.25,-1.26,91531000,0,紅增,否,,19.69,19.76,20.08,,-0.706,-1.2247,-1.8695
3285,微端,2026-10-01,41.5,0.0,0.0,54404000,0,紅縮,是,,41.68,40.94,40.32,,3.7074,0.5527,2.641
3287,廣寰科,2026-10-01,41.65,-0.5,-1.19,408293000,0,紅縮,否,,41.48,40.06,38.52,,7.3221,7.5715,4.9166
3288,點晶,2026-10-01,21.25,0.05,0.24,23937000,0,紅增,否,,21.17,20.82,20.87,,3.4702,1.4871,-0.9492
3289,宜特,2026-10-01,141.5,2.0,1.43,338047000,0,紅增,否,,139.4,137.0,137.3,,3.5661,0.6243,-0.1091
3290,東浦,2026-10-01,50.0,-2.2,-4.21,1372482000,0,紅增,否,,48.4,47.47,47.58,,3.9966,2.7823,-2.6499
3293,鈊象,2026-10-01,814.0,26.0,3.3,5980771000,0,紅增,是,,774.2,745.9,728.25,,7.8874,4.8938,0.0893
3294,英濟,2026-10-01,33.05,0.6,1.85,2051169000,0,紅縮,否,,33.15,31.49,30.74,,11.0925,5.9902,1.7628
3297,杭特,2026-10-01,31.5,-1.1,-3.37,200960000,0,紅縮,否,,33.0,32.2,29.72,,5.0621,10.0837,4.7397
3303,岱稜,2026-10-01,48.7,0.05,0.1,108055000,0,紅增,否,,48.43,48.42,49.97,,0.0207,-2.2606,-2.7206
3306,鼎天,2026-10-01,47.5,-0.55,-1.14,44836000,0,紅縮,否,,46.94,46.02,45.38,,4.1029,2.4377,1.4928
3310,佳穎,2026-10-01,68.0,-0.8,-1.16,21113000,0,綠增,否,,68.5,68.48,68.44,,0.0584,0.2635,-0.0073
3313,斐成,2026-10-01,10.55,0.1,0.96,51942000,0,紅增,否,,10.49,10.52,10.62,,-0.5687,-1.452,0.378
3317,尼克森,2026-10-01,65.2,0.0,0.0,2075147000,0,紅縮,否,,66.12,61.26,61.47,,17.234,5.8397,-1.0384
3322,建舜電,2026-10-01,11.6,0.3,2.65,468828000,0,紅增,是,,11.27,11.04,11.06,,4.3519,1.0994,-0.2255
3323,加百裕,2026-10-01,29.3,-0.4,-1.35,256716000,0,紅增,否,,28.83,28.0,28.41,,6.1097,1.3025,-1.8565
3324,雙鴻,2026-10-01,1525.0,-5.0,-0.33,3094783000,0,紅縮,否,,1598.0,1512.0,1397.7,,12.0617,7.196,11.8518
3325,旭品,2026-10-01,11.7,-0.2,-1.68,70295000,0,紅縮,否,,11.82,11.59,11.41,,4.0493,2.7938,0.2416
3332,幸康,2026-10-01,64.9,1.2,1.88,56454000,0,紅增,是,,62.1,61.39,61.55,,2.3401,1.0036,-0.2027
3339,泰谷,2026-10-01,45.05,-0.6,-1.31,1243661000,0,紅縮,否,,46.21,45.36,44.05,,3.8194,3.0792,4.4708
3349,寶德,2026-10-01,19.4,-0.55,-2.76,127526000,0,綠縮,是,,19.68,19.8,21.31,,-1.2544,-5.5105,-3.7493
3354,律勝,2026-10-01,29.8,-2.35,-7.31,8973710000,0,紅縮,是,,29.87,29.51,26.94,,2.47,5.9795,9.2144
3357,臺慶科,2026-10-01,212.5,8.0,3.91,2130469000,0,紅增,是,,206.4,205.0,207.12,,1.3752,-0.2918,-1.6384
3360,尚立,2026-10-01,15.25,-0.1,-0.65,210341000,0,紅增,否,,15.16,14.89,14.98,,3.6227,1.43,-1.9954
3362,先進光,2026-10-01,175.5,4.5,2.63,1962595000,0,綠縮,是,,172.1,173.2,184.25,,-1.2622,-5.6902,-0.7808
3363,上詮,2026-10-01,641.0,-8.0,-1.23,1137038000,0,綠增,否,,647.4,659.4,678.7,,-3.5746,-5.5436,1.2758
3372,典範,2026-10-01,16.45,-0.1,-0.6,271365000,0,紅縮,否,,16.2,15.95,15.34,,3.1847,5.6641,0.689
3373,熱映,2026-10-01,16.0,0.0,0.0,19606000,0,紅增,否,,16.01,15.96,16.15,,0.6285,-0.3434,-0.8442
3374,精材,2026-10-01,456.0,1.5,0.33,703436000,0,綠增,否,,457.3,450.05,424.98,,3.2746,1.0894,8.6684
3379,彬台,2026-10-01,27.6,-0.1,-0.36,47199000,0,紅增,否,,27.47,27.42,27.96,,0.402,-0.8499,-1.4541
3388,崇越電,2026-10-01,84.4,-0.9,-1.06,602026000,0,綠縮,否,,82.88,82.04,85.46,,2.069,-2.4843,0.8556
3390,旭軟,2026-10-01,22.35,-0.25,-1.11,116957000,0,紅縮,否,,22.2,21.98,21.93,,2.069,0.7565,-0.3295
3402,漢科,2026-10-01,137.0,1.0,0.74,414693000,0,紅增,否,,132.5,129.2,125.42,,5.2423,4.0677,1.1084
3430,奇鈦科,2026-10-01,111.5,0.0,0.0,147046000,0,紅增,否,,110.9,106.95,108.47,,7.6699,2.149,-1.2742
3434,哲固,2026-10-01,31.4,0.0,0.0,49131000,0,紅縮,否,,31.53,31.42,30.55,,0.7027,3.5597,0.7004
3438,類比科,2026-10-01,61.5,-0.4,-0.65,63972000,0,綠增,否,,61.48,61.85,62.12,,-1.1893,-1.8721,0.746
3441,聯一光,2026-10-01,202.5,18.0,9.76,6283248000,0,紅增,是,,186.1,183.6,157.2,,2.7609,14.2146,18.7894
3444,利機,2026-10-01,80.7,-0.6,-0.74,75467000,0,紅縮,否,,80.62,80.75,81.78,,-0.3215,-0.6765,1.6343
3455,由田,2026-10-01,287.0,20.0,7.49,3975944000,0,紅增,否,,264.6,254.3,247.3,,8.4426,6.2461,5.0218
3465,進泰電子,2026-10-01,30.0,0.3,1.01,26141000,0,紅增,否,,29.72,29.45,29.34,,1.8506,0.9426,0.0426
3466,德晉,2026-10-01,23.75,-0.15,-0.63,67775000,0,紅縮,否,,23.93,24.06,24.29,,-1.1157,-0.8651,-1.2303
3467,台灣精材,2026-10-01,72.6,-1.1,-1.49,806304000,0,紅縮,否,,77.78,76.06,63.05,,4.6274,19.7795,14.4484
3479,安勤,2026-10-01,136.5,0.5,0.37,283035000,0,紅縮,否,,135.5,132.65,129.53,,4.3914,3.8763,-0.2119
3483,力致,2026-10-01,78.5,-0.6,-0.76,142078000,0,紅縮,否,,77.84,76.7,76.33,,3.0175,-0.2601,1.442
3484,崧騰,2026-10-01,47.3,0.75,1.61,158783000,0,紅增,是,,46.55,45.95,46.92,,2.6687,0.9004,-2.4378
3485,敘豐,2026-10-01,212.5,3.5,1.67,89827000,0,紅增,否,,204.1,199.8,208.6,,4.399,-0.5228,-1.0084
3489,森寶,2026-10-01,23.8,0.45,1.93,145696000,0,紅增,否,,23.16,22.57,22.61,,5.3685,1.4382,-2.1426
3490,單井,2026-10-01,48.75,4.4,9.92,13912960000,0,綠縮,是,,45.48,44.95,46.1,,2.3863,1.1932,5.1251
3491,昇達科,2026-10-01,1490.0,-10.0,-0.67,740387000,0,紅縮,否,,1524.0,1498.0,1453.5,,3.5326,2.0089,4.0072
3492,長盛,2026-10-01,19.15,0.0,0.0,36050000,0,紅增,是,,19.14,19.05,19.26,,0.8962,-0.131,-2.8986
3498,陽程,2026-10-01,219.5,-9.5,-4.15,4023788000,0,紅縮,否,,219.3,206.25,200.07,,13.5093,7.2543,10.6763
3499,環天科,2026-10-01,13.75,-0.05,-0.36,31231000,0,紅縮,否,,13.65,13.52,13.27,,2.0179,0.4833,1.3361
3508,位速,2026-10-01,26.0,0.1,0.39,374057000,0,紅縮,否,,25.8,24.43,23.06,,11.882,10.8942,7.7813
3511,矽瑪,2026-10-01,19.6,-0.15,-0.76,48870000,0,紅縮,否,,19.5,19.2,19.31,,3.2292,0.6027,-0.7835
3512,皇龍,2026-10-01,19.2,0.0,0.0,20344000,0,紅增,否,,19.22,19.19,19.33,,0.3132,-0.2858,-0.6554
3516,亞帝歐,2026-10-01,25.35,-0.05,-0.2,45219000,0,綠縮,是,,25.26,25.23,25.63,,0.2381,-1.7523,-0.7167
3520,華盈,2026-10-01,17.0,-0.35,-2.02,160730000,0,綠增,否,,17.17,17.26,17.44,,-1.0375,-0.8046,-1.455
3521,台鋼建設,2026-10-01,12.0,0.15,1.27,97713000,0,綠縮,是,,11.84,11.95,12.05,,-1.7427,-1.1175,-0.7821
3522,御嵿,2026-10-01,12.5,0.0,0.0,67568000,0,紅縮,否,,12.6,12.83,12.35,,-3.5222,1.8658,1.6876
3523,迎輝,2026-10-01,13.5,-1.5,-10.0,33211000,0,紅轉綠,是,,14.68,14.84,14.85,,-2.1333,-0.0337,-0.9835
3526,凡甲,2026-10-01,272.0,0.0,0.0,136202000,0,紅增,否,,270.7,269.3,274.57,,1.0452,-1.3192,-1.8411
3527,聚積,2026-10-01,51.4,-1.7,-3.2,75813000,0,紅縮,否,,51.66,50.8,50.8,,3.4234,1.1548,-0.1572
3529,力旺,2026-10-01,3245.0,-60.0,-1.82,1121071000,0,紅縮,否,,3278.0,3048.5,2738.0,,16.2824,13.8137,6.6199
3531,先益,2026-10-01,21.15,0.25,1.2,1000000,0,紅增,否,,21.08,21.18,21.36,,-0.9864,-0.7496,-0.7666
3537,堡達,2026-10-01,58.6,5.3,9.94,1661854000,0,紅增,是,,54.12,53.43,53.86,,2.6166,0.3004,-0.0371
3540,曜越,2026-10-01,23.1,0.05,0.22,200223000,0,綠轉紅,否,,22.93,22.96,23.36,,-0.3043,-0.2822,2.1986
3541,西柏,2026-10-01,24.4,0.0,0.0,34149000,0,紅縮,否,,24.47,23.5,22.63,,8.6107,6.2627,3.2626
3546,宇峻,2026-10-01,73.2,0.6,0.83,46060000,0,紅增,否,,72.78,72.67,72.35,,0.3032,0.3175,-0.502
3548,兆利,2026-10-01,76.5,-0.8,-1.03,171142000,0,綠增,否,,77.14,78.14,79.55,,-2.5272,-2.8109,0.271
3551,世禾,2026-10-01,193.0,5.5,2.93,1127796000,0,紅增,否,,186.6,182.05,179.65,,5.1268,2.4768,1.2969
3552,同致,2026-10-01,44.3,0.2,0.45,311494000,0,紅增,否,,44.06,42.31,42.96,,8.6024,1.5966,-0.6533
3555,博士旺,2026-10-01,167.0,-1.5,-0.89,27550000,0,綠縮,否,,168.2,171.8,178.3,,-4.1049,-6.6051,0.7202
3556,禾瑞亞,2026-10-01,59.1,1.0,1.72,231837000,0,紅增,是,,57.84,57.36,58.82,,1.6878,-0.0349,-2.4301
3558,神準,2026-10-01,129.0,4.0,3.2,218404000,0,紅增,是,,124.6,123.1,122.88,,2.4671,1.9884,-0.7672
3564,其陽,2026-10-01,51.0,0.4,0.79,210654000,0,紅增,否,,49.91,49.24,48.43,,2.7589,0.3567,1.6049
3567,逸昌,2026-10-01,26.15,-0.05,-0.19,46473000,0,紅增,否,,25.88,25.57,25.48,,2.4139,0.9075,-0.098
3570,大塚,2026-10-01,170.5,3.5,2.1,113428000,0,紅增,是,,168.0,168.35,165.82,,-0.4149,1.2936,0.5914
3577,泓格,2026-10-01,115.5,-2.0,-1.7,193279000,0,紅縮,否,,116.6,116.05,114.25,,0.9524,2.4272,-2.6624
3580,友威科,2026-10-01,109.0,-1.5,-1.36,1264257000,0,紅縮,否,,106.44,99.78,91.56,,14.3041,11.5234,7.5401
3581,博磊,2026-10-01,117.0,0.0,0.0,1644208000,0,紅增,是,,109.9,104.11,105.25,,11.7779,1.9088,-0.9411
3587,閎康,2026-10-01,241.0,2.5,1.05,292717000,0,紅增,否,,238.7,237.8,243.9,,0.7598,-1.8774,-1.5937
3594,磐儀,2026-10-01,47.7,-0.2,-0.42,382206000,0,紅增,否,,47.22,46.79,47.89,,1.855,-0.4044,-3.9511
3597,映興,2026-10-01,28.1,0.0,0.0,25351000,0,紅縮,否,,28.02,27.25,26.84,,5.8157,2.9273,1.1492
3609,三一東林,2026-10-01,23.0,0.0,0.0,86224000,0,紅縮,否,,23.22,22.53,20.86,,6.3187,11.1769,-1.7081
3611,鼎翰,2026-10-01,184.5,1.5,0.82,11258000,0,紅增,否,,183.3,182.55,183.22,,0.8251,0.2196,-0.7045
3615,安可,2026-10-01,43.25,-2.55,-5.57,7169983000,0,紅增,是,,41.38,38.55,37.39,,15.8455,8.0589,3.1944
3623,富晶通,2026-10-01,30.55,0.75,2.52,330724000,0,紅增,否,,29.1,28.51,26.05,,4.2637,8.1373,8.1146
3624,光頡,2026-10-01,151.0,13.5,9.82,31089564000,0,紅增,否,,140.5,131.55,112.61,,14.6003,18.6204,14.3837
3625,西勝,2026-10-01,11.2,0.05,0.45,236343000,0,紅增,否,,11.36,11.6,11.94,,-4.0541,-4.2904,-8.1346
3628,盈正,2026-10-01,72.8,0.1,0.14,46896000,0,紅縮,否,,73.4,73.43,71.2,,-0.0817,2.1706,2.2474
3629,地心引力,2026-10-01,16.2,-1.1,-6.36,2000000,0,綠增,否,,17.4,18.78,16.92,,-13.6905,2.5669,6.3826
3630,新鉅科,2026-10-01,26.9,-0.05,-0.19,410015000,0,紅縮,否,,26.91,26.41,26.45,,3.8595,-0.3208,1.0121
3631,晟楠,2026-10-01,40.45,-0.05,-0.12,150519000,0,綠增,否,,40.27,39.82,39.42,,2.286,2.7746,3.086
3632,研勤,2026-10-01,7.08,-0.07,-0.98,11241000,0,紅縮,否,,7.16,7.14,7.19,,0.7878,-0.6682,-2.1643
3646,艾恩特,2026-10-01,24.85,-0.1,-0.4,18007000,0,紅縮,否,,24.81,24.82,24.33,,-0.0403,1.6175,1.4807
3663,鑫科,2026-10-01,65.1,-2.7,-3.98,1180490000,0,紅增,否,,63.5,61.87,61.55,,5.4117,2.1463,-0.2108
3664,安瑞-KY,2026-10-01,8.85,-0.01,-0.11,41144000,0,紅縮,否,,8.87,8.43,7.77,,11.0471,7.1065,9.3633
3666,光耀,2026-10-01,25.3,0.0,0.0,28253000,0,紅增,否,,25.26,25.14,25.1,,0.9189,0.5197,0.1297
3672,康聯訊,2026-10-01,12.1,-0.25,-2.02,7983000,0,紅縮,否,,12.3,12.11,12.12,,3.1879,1.4663,-0.5947
3675,德微,2026-10-01,359.0,29.0,8.79,2918163000,0,紅增,否,,338.0,315.0,293.48,,15.7534,11.1503,5.9572
3680,家登,2026-10-01,551.0,-4.0,-0.72,758657000,0,紅縮,否,,544.8,534.0,519.42,,4.1284,2.574,4.491
3684,榮昌,2026-10-01,54.3,1.4,2.65,50173000,0,綠縮,是,,53.56,53.84,53.86,,-1.0347,-0.5357,0.8236
3685,元創精密,2026-10-01,34.65,-0.35,-1.0,216890000,0,綠增,否,,35.03,35.51,36.21,,-2.6674,-2.3243,-1.1061
3687,歐買尬,2026-10-01,61.6,1.3,2.16,51570000,0,紅增,否,,60.62,60.89,61.83,,-0.8829,-1.5999,-2.0282
3689,湧德,2026-10-01,110.5,0.0,0.0,295155000,0,紅增,否,,110.2,109.1,110.53,,2.037,-1.0879,0.2949
3691,碩禾,2026-10-01,112.5,-7.0,-5.86,1173841000,0,紅縮,否,,118.6,108.65,103.83,,20.1621,10.9466,1.5899
3693,營邦,2026-10-01,664.0,-23.0,-3.35,2839027000,0,綠增,是,,702.8,698.4,658.8,,1.268,2.7815,7.8497
3707,漢磊,2026-10-01,77.5,1.8,2.38,21346510000,0,紅增,否,,73.82,68.66,65.01,,16.252,10.6705,4.1994
3709,鑫聯大投控,2026-10-01,65.9,0.7,1.07,508932000,0,紅增,是,,64.3,63.58,64.64,,2.2908,0.1418,-3.4217
3710,連展投控,2026-10-01,8.08,-0.24,-2.88,241775000,0,紅縮,否,,8.1,6.83,5.98,,45.4905,27.5579,13.4528
3713,新晶投控,2026-10-01,13.8,-0.1,-0.72,15517000,0,綠增,否,,13.94,14.02,14.28,,-1.0646,-1.3028,-1.3985
3718,中光電投控,2026-10-01,64.3,-1.2,-1.83,1909311000,0,,是,,64.84,65.36,,,-1.5786,1.067,
4102,永日,2026-10-01,18.45,0.0,0.0,26497000,0,綠縮,否,,18.49,18.66,18.88,,-1.7535,-1.4527,-0.7361
4105,東洋,2026-10-01,78.5,0.0,0.0,449424000,0,紅縮,否,,78.56,78.55,78.02,,0.0255,0.977,0.4248
4107,邦特,2026-10-01,110.5,0.0,0.0,19432000,0,綠縮,否,,110.4,110.9,112.1,,-0.8977,-1.0705,-0.8623
4109,加捷生醫,2026-10-01,10.9,-0.15,-1.36,158409000,0,紅縮,否,,11.02,11.07,11.1,,-0.9883,-0.0451,-0.4039
4111,濟生,2026-10-01,28.85,-0.05,-0.17,22991000,0,紅增,否,,28.81,28.77,28.9,,0.2436,0.1392,-0.9765
4113,聯上,2026-10-01,15.1,-0.45,-2.89,584513000,0,紅轉綠,是,,15.48,15.61,15.38,,-1.5893,0.4183,1.1014
4114,健喬,2026-10-01,29.5,-0.05,-0.17,308717000,0,紅增,否,,29.47,29.52,29.68,,-0.3382,-0.2703,-0.3275
4116,明基醫,2026-10-01,39.8,0.0,0.0,22392000,0,綠縮,否,,39.54,39.48,39.67,,0.3044,-0.7167,-0.0189
4120,友華,2026-10-01,46.0,0.1,0.22,2241000,0,綠縮,否,,46.02,46.13,46.47,,-0.4758,-0.0866,-1.4318
4121,優盛,2026-10-01,12.75,0.0,0.0,16290000,0,紅增,否,,12.73,12.7,12.82,,0.4736,-0.314,-0.6585
4123,晟德,2026-10-01,31.3,0.05,0.16,902289000,0,紅增,否,,31.2,30.98,31.02,,1.4304,1.6738,-3.777
4126,太醫,2026-10-01,78.0,-0.1,-0.13,25288000,0,紅縮,是,,77.94,77.79,77.78,,0.3864,0.0129,0.3031
4127,天良,2026-10-01,46.7,1.1,2.41,323224000,0,綠縮,否,,47.62,53.56,62.57,,-19.9664,-12.4264,-13.5415
4128,中天,2026-10-01,15.15,-0.2,-1.3,1199642000,0,紅增,否,,15.04,14.8,14.85,,3.2258,1.3,0.4905
4129,聯合,2026-10-01,82.6,-0.8,-0.96,72224000,0,紅縮,否,,82.82,82.62,83.12,,0.4853,0.4498,-0.9356
4131,浩泰,2026-10-01,30.85,0.2,0.65,8111000,0,紅縮,否,,31.55,31.57,31.35,,-0.1266,1.0078,-0.7441
4138,曜亞,2026-10-01,54.3,0.0,0.0,19910000,0,紅縮,否,,55.18,54.62,53.46,,2.0718,1.884,1.9352
4139,馬光-KY,2026-10-01,41.95,0.15,0.36,37068000,0,綠縮,否,,41.69,41.45,40.81,,1.1402,0.2055,2.6668
4147,中裕,2026-10-01,62.0,-1.7,-2.67,1040859000,0,紅轉綠,否,,63.14,62.7,62.9,,1.4134,0.1757,-0.0636
4153,鈺緯,2026-10-01,31.25,-0.2,-0.64,12618000,0,綠增,否,,31.58,31.77,32.14,,-1.189,-0.8272,-0.9249
4154,樂威科-KY,2026-10-01,12.5,0.0,0.0,11060000,0,紅增,否,,12.32,12.0,12.01,,5.3892,0.3343,0.439
4157,太景*-KY,2026-10-01,8.73,-0.16,-1.8,486067000,0,綠增,否,,8.8,8.86,8.9,,-1.3447,-0.3821,-0.1066
4160,訊聯基因,2026-10-01,38.9,-0.2,-0.51,14058000,0,綠增,否,,39.25,39.23,39.42,,0.1276,-0.3936,-0.4922
4161,聿新科,2026-10-01,21.75,0.0,0.0,34598000,0,綠增,否,,22.0,22.12,22.45,,-1.1236,-1.2938,-0.9925
4162,智擎,2026-10-01,55.3,-0.3,-0.54,196339000,0,紅增,否,,55.6,55.44,56.59,,0.5789,-0.8938,-2.975
4163,鐿鈦,2026-10-01,136.5,0.5,0.37,10181000,0,綠縮,否,,134.9,133.6,135.1,,1.9652,0.2251,-0.7894
4166,友霖,2026-10-01,24.75,0.65,2.7,163120000,0,紅增,是,,24.18,24.16,24.38,,0.1657,-1.3072,-0.2148
4167,松瑞藥,2026-10-01,19.6,-0.25,-1.26,478094000,0,紅縮,否,,19.62,19.49,19.52,,1.2907,1.6688,0.7486
4168,醣聯,2026-10-01,22.15,-0.2,-0.89,83384000,0,紅增,否,,21.92,21.83,22.05,,0.828,-0.2741,-0.9988
4171,瑞基,2026-10-01,16.35,-0.1,-0.61,28206000,0,紅增,否,,16.38,16.38,16.64,,0.0611,-0.8477,-1.0112
4173,久裕,2026-10-01,17.25,-0.05,-0.29,53364000,0,紅增,是,,17.19,17.19,17.25,,0.0582,0.0582,-0.4043
4174,浩鼎,2026-10-01,43.1,3.9,9.95,1181477000,0,紅增,否,,36.6,31.94,28.74,,34.2134,21.7035,9.7479
4175,杏一,2026-10-01,50.7,-0.3,-0.59,10681000,0,綠增,否,,50.94,51.11,51.21,,-0.663,-0.4092,0.2937
4183,福永生技,2026-10-01,14.45,0.9,6.64,7041000,0,綠轉紅,否,,13.9,13.58,13.89,,4.8265,-0.2937,-1.0686
4188,安克,2026-10-01,14.3,0.05,0.35,250745000,0,綠增,否,,14.3,14.16,13.84,,2.07,1.2518,8.5464
4198,欣大健康,2026-10-01,49.25,-0.25,-0.51,1077000,0,紅轉綠,否,,49.57,49.54,47.37,,0.1414,2.0288,4.2419
4205,中華食,2026-10-01,68.8,0.3,0.44,4698000,0,紅增,否,,68.64,68.76,69.15,,-0.3484,-0.6502,-0.3387
4207,環泰,2026-10-01,19.4,0.05,0.26,100991000,0,綠縮,否,,19.49,19.45,19.93,,0.4639,-1.6936,-1.2021
4303,信立,2026-10-01,33.35,-0.1,-0.3,865817000,0,綠縮,否,,33.78,34.46,37.7,,-3.8976,-2.5173,-7.8475
4304,勝昱,2026-10-01,17.3,0.0,0.0,15068000,0,綠增,否,,17.81,17.43,19.26,,4.4575,-0.4853,0.4958
4305,世坤,2026-10-01,41.55,-0.55,-1.31,4004000,0,綠增,否,,41.99,42.83,42.55,,-3.869,-1.245,-0.3863
4401,東隆興,2026-10-01,13.9,0.0,0.0,22140000,0,紅增,否,,13.83,13.87,13.96,,-0.5036,-0.6805,-0.3926
4402,郡都開發,2026-10-01,14.15,0.35,2.54,1014000,0,紅增,否,,14.02,14.09,14.38,,-0.9887,-1.6061,-2.9025
4406,新昕纖,2026-10-01,10.2,-0.1,-0.97,11000000,0,紅縮,否,,10.24,10.18,10.1,,1.2859,1.3043,0.2482
4413,飛寶企業,2026-10-01,20.35,0.05,0.25,6113000,0,綠增,否,,20.62,20.09,19.87,,5.4731,2.032,7.684
4416,三圓,2026-10-01,13.1,-0.25,-1.87,872708000,0,紅縮,否,,13.6,12.67,12.82,,15.942,6.25,5.4927
4417,金洲,2026-10-01,49.6,0.05,0.1,34346000,0,紅縮,否,,49.63,49.74,48.52,,-0.4413,2.0622,1.8523
4420,光明,2026-10-01,35.65,-0.4,-1.11,20475000,0,綠縮,否,,35.8,36.56,37.28,,-4.0729,-3.8021,-0.2342
4430,耀億,2026-10-01,17.8,0.05,0.28,29107000,0,紅增,否,,17.57,17.46,17.57,,1.3264,0.1147,-0.5659
4432,銘旺實,2026-10-01,15.35,-0.05,-0.32,5000000,0,綠增,否,,15.44,15.52,15.61,,-0.9622,-0.6404,-1.2338
4433,興采,2026-10-01,18.05,0.0,0.0,45928000,0,紅增,否,,18.15,18.21,18.54,,-0.6568,-1.5143,-1.8656
4442,竣邦-KY,2026-10-01,54.0,-0.1,-0.18,19715000,0,紅縮,否,,53.88,54.37,52.97,,-1.7864,1.5502,0.6939
4502,健信,2026-10-01,15.8,-0.1,-0.63,11036000,0,紅增,否,,15.76,15.73,15.71,,0.3183,0.191,0.0796
4503,金雨,2026-10-01,24.15,0.0,0.0,81887000,0,紅增,否,,24.09,23.47,23.67,,5.4267,1.5797,-3.4078
4506,崇友,2026-10-01,118.0,0.0,0.0,30539000,0,綠縮,否,,118.1,118.55,120.3,,-0.7563,-1.4547,-0.9469
4510,高鋒,2026-10-01,43.45,-0.55,-1.25,412174000,0,綠增,否,,43.42,43.39,44.08,,0.1615,-2.297,0.1932
4513,福裕,2026-10-01,16.4,0.2,1.23,204332000,0,紅增,否,,16.36,16.15,16.1,,2.6349,1.9571,-1.3631
4523,永彰,2026-10-01,24.0,0.1,0.42,40311000,0,紅增,否,,23.81,23.88,23.88,,-0.543,0.1468,-1.4039
4528,江興鍛,2026-10-01,14.85,-0.1,-0.67,25915000,0,紅縮,是,,14.92,14.88,14.93,,0.4714,0.0,-0.4667
4529,淳紳,2026-10-01,3.33,0.0,0.0,3000000,0,紅增,否,,3.31,3.4,3.49,,-4.6605,-5.247,-4.0687
4530,天意能創,2026-10-01,24.1,-0.65,-2.63,3001000,0,綠縮,否,,24.43,24.58,25.9,,-1.2131,-5.4252,-0.7759
4533,協易機,2026-10-01,25.55,-0.1,-0.39,338722000,0,紅增,否,,25.4,25.12,25.41,,2.2133,-0.0199,-0.8969
4534,慶騰,2026-10-01,30.7,-0.25,-0.81,462907000,0,紅縮,否,,31.21,29.97,29.6,,8.6321,4.1891,-1.9704
4535,至興,2026-10-01,27.0,0.0,0.0,9110000,0,綠縮,否,,26.94,27.03,27.58,,-0.6637,-1.3324,-1.6051
4538,大詠城,2026-10-01,17.45,0.1,0.58,11006000,0,紅增,否,,17.47,17.41,17.48,,0.7497,-0.2293,0.0143
4541,晟田,2026-10-01,60.1,-1.5,-2.44,1338184000,0,綠縮,否,,59.92,59.32,61.49,,2.0436,-0.5532,-3.4239
4542,科嶠,2026-10-01,328.0,-16.0,-4.65,429572000,0,紅縮,否,,334.1,306.2,291.02,,20.0503,10.1835,4.8739
4543,萬在,2026-10-01,30.15,0.7,2.38,171271000,0,紅增,是,,28.98,28.61,29.48,,2.6567,-0.5908,-2.3356
4549,桓達,2026-10-01,96.9,-0.2,-0.21,53826000,0,綠縮,否,,96.86,96.38,98.7,,1.001,-1.7233,0.5348
4550,長佳,2026-10-01,24.45,0.0,0.0,4000000,0,紅增,否,,24.24,24.18,24.14,,0.4559,0.8128,-0.1964
4554,橙的,2026-10-01,28.15,-0.1,-0.35,19790000,0,綠縮,否,,28.16,28.24,29.05,,-0.565,-1.5685,-2.8507
4556,旭然,2026-10-01,111.5,10.0,9.85,3003739000,0,紅增,是,,98.22,91.4,82.86,,16.1267,13.5827,3.8606
4558,寶緯,2026-10-01,16.85,-0.1,-0.59,56000000,0,綠增,是,,16.98,17.23,17.29,,-2.8048,-0.8348,-0.6892
4561,健椿,2026-10-01,42.5,-0.7,-1.62,70908000,0,紅增,否,,42.38,41.47,42.23,,4.4872,0.4846,-0.7637
4563,百德,2026-10-01,53.5,1.8,3.48,519728000,0,紅增,否,,51.38,49.07,46.07,,9.8802,7.8343,6.8356
4568,科際精密,2026-10-01,39.05,-0.4,-1.01,14100000,0,紅縮,是,,39.4,39.44,39.46,,-0.1773,0.0888,-0.0507
4577,達航科技,2026-10-01,90.4,-2.0,-2.16,1188114000,0,紅增,是,,87.04,85.93,84.97,,2.6173,-0.4057,3.0004
4580,捷流閥業,2026-10-01,82.2,0.4,0.49,160240000,0,綠轉紅,是,,81.44,81.25,81.48,,0.4688,-0.3801,0.4686
4584,君帆,2026-10-01,37.5,0.5,1.35,6000000,0,綠縮,否,,37.1,37.68,38.39,,-3.0319,-2.7111,-1.6836
4609,唐鋒,2026-10-01,4.49,0.34,8.19,2000000,0,紅增,否,,4.24,4.26,4.34,,-0.9813,0.3298,-4.6823
4702,中美實,2026-10-01,9.28,-0.03,-0.32,70985000,0,紅縮,否,,9.32,9.32,9.42,,-0.0858,-0.3422,-0.9309
4706,大恭,2026-10-01,34.65,0.8,2.36,21018000,0,綠縮,是,,33.99,34.11,34.21,,-0.6721,-2.3619,1.333
4707,磐亞,2026-10-01,28.7,-1.65,-5.44,1899137000,0,紅縮,否,,29.58,28.52,29.8,,7.6811,1.6572,-1.9655
4711,永純,2026-10-01,16.15,-0.2,-1.22,116331000,0,綠增,是,,16.27,16.33,16.48,,-0.7322,-0.8199,-0.227
4714,永捷,2026-10-01,11.85,-0.2,-1.66,714126000,0,紅縮,否,,11.93,11.83,11.32,,1.705,4.7366,3.2126
4716,大立,2026-10-01,17.25,0.4,2.37,886371000,0,紅增,是,,16.99,16.88,17.0,,1.2515,-0.2658,-0.4245
4721,美琪瑪,2026-10-01,80.6,-1.9,-2.3,611093000,0,紅縮,否,,79.12,75.98,74.24,,8.6216,5.1481,1.922
4726,永昕,2026-10-01,23.4,0.45,1.96,171739000,0,綠轉紅,是,,22.74,22.73,23.4,,0.044,-2.0254,-2.0718
4728,雙美,2026-10-01,394.5,-4.5,-1.13,14011000,0,綠增,否,,397.6,397.15,395.05,,0.2269,-0.0126,1.1911
4729,熒茂,2026-10-01,20.4,-0.25,-1.21,903732000,0,紅增,是,,19.49,19.05,18.94,,4.7849,1.9813,-0.2633
4735,豪展,2026-10-01,36.05,-0.05,-0.14,29202000,0,綠縮,否,,36.0,35.9,36.76,,0.5587,-1.4413,0.0
4741,泓瀚,2026-10-01,40.3,-0.5,-1.23,39984000,0,紅增,否,,39.3,38.48,39.62,,4.3271,-0.6711,-2.7433
4743,合一,2026-10-01,45.85,-1.3,-2.76,1298817000,0,紅增,否,,45.72,44.92,45.64,,3.603,0.6159,-0.4635
4744,皇將,2026-10-01,28.7,-0.5,-1.71,55751000,0,紅縮,否,,28.5,28.77,28.08,,-1.8595,2.4208,0.1962
4745,合富-KY,2026-10-01,12.15,-0.05,-0.41,4114000,0,紅縮,否,,12.06,11.88,11.85,,2.9889,1.2782,0.0211
4747,強生*,2026-10-01,23.1,-0.5,-2.12,33328000,0,紅增,否,,23.58,23.84,28.89,,-2.1171,-2.6944,-18.3007
4749,新應材,2026-10-01,757.0,-9.0,-1.17,699213000,0,紅增,否,,748.2,737.5,752.55,,2.9444,-1.0996,-1.2855
4754,國碳科,2026-10-01,37.85,-0.05,-0.13,9146000,0,綠縮,否,,37.8,37.62,38.01,,0.9615,-0.7519,0.1581
4760,勤凱,2026-10-01,288.5,26.0,9.9,888048000,0,紅增,是,,268.9,264.5,263.73,,3.3833,0.6852,1.5499
4767,誠泰科技,2026-10-01,28.1,-0.1,-0.35,6457000,0,綠縮,否,,28.04,27.99,28.21,,0.3938,-1.4092,0.9212
4768,晶呈科技,2026-10-01,367.0,-13.0,-3.42,2094343000,0,紅增,是,,351.7,330.75,318.43,,13.5249,8.6029,3.368
4772,台特化,2026-10-01,264.5,-4.5,-1.67,964012000,0,紅增,否,,259.6,251.15,251.95,,6.9633,2.825,0.9617
4903,聯光通,2026-10-01,44.35,1.45,3.38,7006456000,0,紅增,否,,43.04,39.8,37.99,,17.7565,9.8248,3.2265
4905,台聯電,2026-10-01,84.1,7.6,9.93,217725000,0,綠縮,是,,78.6,78.39,82.67,,0.5372,-3.4606,0.8232
4907,富宇,2026-10-01,45.05,0.05,0.11,17852000,0,綠縮,否,,45.06,44.79,45.69,,1.2129,-0.5661,-0.4575
4908,前鼎,2026-10-01,204.5,-2.5,-1.21,1104000000,0,綠增,否,,207.4,220.7,211.7,,-11.3675,-3.498,6.1419
4909,新復興,2026-10-01,36.15,-0.25,-0.69,194608000,0,紅增,否,,35.45,34.89,36.02,,3.2925,-0.7821,-2.2194
4911,德英,2026-10-01,28.2,0.0,0.0,12470000,0,紅縮,否,,28.52,28.69,29.01,,-1.1438,-1.4938,-0.0689
4923,力士,2026-10-01,65.2,3.8,6.19,2823319000,0,紅增,否,,63.7,60.2,56.1,,12.3457,10.8656,6.2959
4924,欣厚-KY,2026-10-01,15.9,-0.6,-3.64,594427000,0,紅縮,否,,16.08,15.57,13.32,,6.7729,13.8574,13.0402
4931,新盛力,2026-10-01,248.5,-3.5,-1.39,2893804000,0,紅增,否,,245.3,240.5,245.3,,4.073,0.5435,-0.2744
4933,友輝,2026-10-01,54.2,-0.2,-0.37,51696000,0,紅增,否,,53.68,52.72,53.27,,3.7094,0.3426,-0.7638
4939,亞電,2026-10-01,78.9,-3.9,-4.71,15752438000,0,綠縮,是,,77.08,78.06,79.75,,-2.4798,-5.9631,5.267
4946,辣椒,2026-10-01,100.5,-1.0,-0.99,9974000,0,紅縮,否,,100.0,95.67,93.82,,9.4811,4.6489,4.9676
4950,金耘國際,2026-10-01,16.2,0.55,3.51,15054000,0,綠轉紅,否,,15.78,15.8,15.88,,-0.2528,-0.7849,-0.0157
4951,精拓科,2026-10-01,90.3,-1.2,-1.31,255797000,0,紅縮,否,,90.8,88.24,83.54,,5.9757,6.5314,3.5126
4953,緯致,2026-10-01,117.5,0.5,0.43,102262000,0,綠縮,否,,117.1,118.7,119.78,,-2.66,-0.8354,-1.9042
4966,譜瑞-KY,2026-10-01,572.0,1.0,0.18,230967000,0,紅縮,否,,569.6,563.2,561.9,,2.2989,1.4409,-0.8645
4971,IET-KY,2026-10-01,534.0,-5.0,-0.93,712474000,0,綠增,否,,542.0,553.0,576.55,,-3.9007,-4.9828,1.6395
4972,湯石照明,2026-10-01,16.3,0.0,0.0,25333000,0,綠轉紅,否,,16.3,16.29,16.44,,0.1844,-0.6406,-0.424
4973,廣穎,2026-10-01,137.0,-1.0,-0.72,342247000,0,綠縮,否,,135.8,137.05,143.97,,-1.8077,-3.7908,-3.3887
4974,亞泰,2026-10-01,71.3,0.3,0.42,51198000,0,紅增,否,,70.84,70.89,70.67,,-0.141,-0.4214,0.5335
4979,華星光,2026-10-01,557.0,-12.0,-2.11,1104246000,0,綠增,否,,569.2,571.2,579.4,,-0.6978,-1.3982,1.4445
4991,環宇-KY,2026-10-01,485.5,-2.5,-0.51,2149156000,0,紅增,否,,471.8,461.0,473.1,,4.7979,-1.2425,-0.8955
4995,晶達,2026-10-01,50.0,-0.5,-0.99,7077000,0,綠增,否,,50.01,50.48,50.12,,-1.8257,-0.1484,0.1649
5009,榮剛,2026-10-01,32.8,-0.3,-0.91,1863972000,0,紅增,否,,32.52,32.34,32.93,,1.1194,-0.5688,-0.6336
5011,久陽,2026-10-01,18.6,-0.2,-1.06,115556000,0,紅縮,否,,18.53,18.28,18.2,,2.7732,0.5777,0.6916
5013,強新,2026-10-01,42.6,3.85,9.94,446884000,0,紅增,否,,36.23,33.12,30.79,,20.6862,12.9005,8.8579
5014,建錩,2026-10-01,10.3,0.05,0.49,168838000,0,紅增,否,,10.13,9.98,10.02,,3.0106,0.615,-0.6492
5015,華祺,2026-10-01,21.8,-0.1,-0.46,31352000,0,紅增,是,,21.6,21.63,21.75,,-0.277,-0.848,-0.218
5016,松和,2026-10-01,28.1,2.55,9.98,385903000,0,紅增,是,,25.57,25.07,24.84,,4.0277,1.8895,1.1502
5201,凱衛,2026-10-01,29.2,-0.75,-2.5,39983000,0,紅縮,否,,29.44,29.3,28.11,,0.9256,3.2411,2.9665
5202,力新,2026-10-01,14.15,0.0,0.0,270930000,0,紅縮,否,,14.26,14.2,13.04,,0.7774,9.522,3.945
5205,中茂,2026-10-01,20.75,1.85,9.79,8245000,0,綠轉紅,否,,18.57,19.29,20.26,,-7.2428,-5.0209,-4.2543
5206,坤悅,2026-10-01,22.8,0.1,0.44,83695000,0,紅增,否,,22.81,22.43,22.76,,3.3998,-0.7301,0.708
5209,新鼎,2026-10-01,171.5,4.0,2.39,106911000,0,紅增,是,,167.9,170.55,164.3,,-3.06,3.1137,0.9679
5210,寶碩,2026-10-01,30.15,-0.45,-1.47,148217000,0,紅縮,否,,30.15,29.63,29.14,,3.5727,2.8284,1.498
5211,蒙恬,2026-10-01,21.1,0.45,2.18,138668000,0,紅增,是,,20.47,20.46,19.92,,0.1468,2.7115,0.8226
5212,凌網,2026-10-01,48.85,-0.05,-0.1,21035000,0,紅縮,否,,48.51,47.97,47.3,,2.2986,2.0315,0.8851
5213,亞昕,2026-10-01,20.65,-0.25,-1.2,156931000,0,紅縮,是,,20.8,20.63,20.87,,1.6121,-0.2417,-0.3224
5220,萬達光電,2026-10-01,23.2,-1.0,-4.13,835488000,0,紅增,是,,21.84,20.79,20.28,,10.5823,5.612,1.9995
5223,安力-KY,2026-10-01,23.4,0.3,1.3,8289000,0,紅增,是,,22.99,23.02,23.25,,-0.217,-0.6475,-0.5454
5227,立凱-KY,2026-10-01,30.95,-0.55,-1.75,252909000,0,紅增,否,,30.69,30.95,30.71,,-1.6661,1.3093,-2.0573
5228,鈺鎧,2026-10-01,43.7,3.95,9.94,635920000,0,紅增,是,,40.44,40.0,40.5,,2.1986,-0.7936,-0.8326
5230,雷笛克光學,2026-10-01,22.65,-0.7,-3.0,796412000,0,紅縮,否,,22.67,21.14,19.54,,15.5454,11.9079,6.5013
5245,智晶,2026-10-01,20.8,-0.05,-0.24,140969000,0,綠縮,否,,20.75,20.83,21.9,,-0.7652,-4.3398,-3.0548
5251,天鉞電,2026-10-01,29.7,-0.3,-1.0,83275000,0,紅縮,否,,30.18,29.93,27.84,,1.6846,7.7006,4.3279
5263,智崴,2026-10-01,90.7,1.6,1.8,129658000,0,綠縮,否,,90.06,90.19,93.45,,-0.2879,-5.4017,-0.2189
5272,笙科,2026-10-01,18.0,0.0,0.0,135976000,0,紅增,否,,17.52,17.17,17.05,,4.1617,2.0202,-0.2486
5274,信驊,2026-10-01,19040.0,290.0,1.55,125910000,0,紅縮,否,,19460.0,19200.0,18217.5,,2.7455,3.0375,3.9752
5276,達輝-KY,2026-10-01,17.3,-0.3,-1.7,7000000,0,綠增,是,,18.07,17.94,18.55,,1.4599,-2.8432,-0.9875
5278,尚凡*,2026-10-01,23.5,-0.45,-1.88,102575000,0,紅轉綠,否,,23.77,23.75,24.0,,0.1686,-0.6484,-0.7854
5287,數字,2026-10-01,137.5,0.0,0.0,122014000,0,紅增,是,,137.3,136.85,139.2,,0.6598,0.625,-2.3672
5289,宜鼎,2026-10-01,1290.0,0.0,0.0,487689000,0,綠轉紅,否,,1294.0,1292.5,1360.5,,0.2324,-2.3054,-3.3564
5291,邑昇,2026-10-01,61.1,-0.5,-0.81,325124000,0,綠縮,否,,59.26,58.67,61.55,,2.0317,-5.371,1.706
5299,杰力,2026-10-01,103.5,1.0,0.98,252321000,0,紅增,否,,101.6,98.31,97.33,,6.9249,3.7244,-0.0616
5302,太欣,2026-10-01,9.86,0.05,0.51,88843000,0,紅增,否,,9.79,9.75,9.99,,0.8237,-1.7233,-2.3641
5309,系統電,2026-10-01,62.8,0.1,0.16,16427730000,0,紅增,是,,57.98,54.35,53.04,,14.3139,6.9777,1.7553
5310,天剛,2026-10-01,27.2,-0.4,-1.45,8062000,0,紅縮,否,,27.44,26.22,25.44,,9.76,7.0641,2.6637
5312,寶島科,2026-10-01,89.5,-0.4,-0.44,18773000,0,綠增,否,,89.98,90.22,90.94,,-0.5306,-0.7699,0.0385
5314,世紀*,2026-10-01,30.6,1.75,6.07,81514554000,0,紅增,是,,27.86,29.24,31.35,,-9.0434,-11.9657,-11.5835
5315,光聯,2026-10-01,18.9,0.15,0.8,93210000,0,紅增,否,,18.83,18.76,18.8,,0.6952,0.8058,-0.4501
5321,美而快,2026-10-01,70.3,2.6,3.84,505952000,0,綠縮,是,,69.14,69.63,73.55,,-1.3976,-5.6248,3.0976
5324,士開,2026-10-01,12.45,0.0,0.0,43971000,0,紅縮,否,,12.45,12.39,12.34,,0.9732,0.7317,0.3865
5328,華容,2026-10-01,58.4,5.3,9.98,13682903000,0,綠縮,是,,53.7,53.26,56.95,,1.666,-4.9607,-4.734
5340,建榮,2026-10-01,80.4,-0.6,-0.74,785894000,0,綠增,否,,81.04,82.13,81.36,,-2.6196,-0.3277,1.3579
5344,立衛,2026-10-01,13.45,-0.4,-2.89,94024000,0,紅縮,否,,13.64,13.38,13.45,,3.8842,0.2997,-0.6279
5345,馥鴻,2026-10-01,21.3,-0.2,-0.93,10121000,0,紅縮,是,,21.59,21.69,21.75,,-0.9179,-0.573,-1.6062
5347,世界,2026-10-01,184.5,3.5,1.93,23765668000,0,紅增,否,,177.5,171.55,161.7,,7.186,7.8592,3.1743
5348,正能量智能,2026-10-01,16.35,0.0,0.0,2098000,0,紅增,否,,16.28,16.17,16.4,,1.3699,-1.0404,-0.5006
5351,鈺創,2026-10-01,109.5,-1.0,-0.9,5488609000,0,綠縮,否,,109.4,108.4,112.17,,1.8622,-1.7671,-1.6009
5353,台林,2026-10-01,28.5,0.05,0.18,35102000,0,紅增,否,,28.33,28.03,28.0,,2.1637,0.7549,-0.0089
5355,佳總,2026-10-01,7.1,0.05,0.71,76200000,0,紅縮,否,,6.95,6.84,6.37,,3.2076,8.1568,4.2351
5356,協益,2026-10-01,25.9,0.2,0.78,34404000,0,綠轉紅,否,,25.76,25.83,25.91,,-0.5405,-0.4241,0.3389
5364,力麗店,2026-10-01,8.38,-0.01,-0.12,13650000,0,紅增,否,,8.35,8.35,8.39,,0.1919,-0.1794,-1.1485
5381,光譜,2026-10-01,23.25,-0.4,-1.69,421179000,0,紅縮,是,,23.38,23.29,24.0,,0.7759,-1.647,-0.8776
5386,青雲,2026-10-01,288.5,-1.5,-0.52,329443000,0,紅縮,否,,286.1,288.25,275.27,,-1.4807,2.7446,1.9631
5392,能率,2026-10-01,39.9,-0.2,-0.5,710411000,0,綠縮,否,,39.65,39.76,41.69,,-0.5518,-2.7516,-3.6513
5398,慕康生醫,2026-10-01,13.8,-0.05,-0.36,33011000,0,紅縮,是,,13.88,13.99,14.12,,-1.5603,-1.3747,-0.3
5403,中菲,2026-10-01,93.0,0.2,0.22,22304000,0,綠縮,否,,92.94,93.08,93.11,,-0.3004,-0.1609,0.1991
5410,國眾,2026-10-01,32.9,-0.05,-0.15,111241000,0,紅增,否,,32.99,33.05,34.37,,-0.3624,-3.0934,-1.779
5425,台半,2026-10-01,97.5,1.5,1.56,12143875000,0,紅增,否,,95.9,94.31,92.26,,3.4297,2.981,2.7394
5426,振發,2026-10-01,28.6,0.15,0.53,413911000,0,紅增,否,,28.17,28.43,28.41,,-1.7782,-0.0703,0.3709
5432,新門,2026-10-01,158.5,-1.5,-0.94,262152000,0,紅縮,是,,162.0,156.1,154.2,,7.8562,1.7269,6.0888
5438,東友,2026-10-01,17.25,-0.1,-0.58,47709000,0,紅增,否,,17.09,16.76,16.75,,4.017,1.2077,-0.268
5439,高技,2026-10-01,251.0,-3.0,-1.18,1581049000,0,紅縮,否,,252.8,249.3,252.5,,2.8478,-1.1107,1.2227
5443,均豪,2026-10-01,112.0,-1.0,-0.88,2974288000,0,紅增,否,,109.5,107.85,108.67,,3.1073,-1.3717,1.1542
5450,南良,2026-10-01,14.6,-0.2,-1.35,153181000,0,紅縮,否,,14.73,14.67,14.71,,0.8214,0.3763,-0.2881
5452,佶優,2026-10-01,27.45,0.05,0.18,216408000,0,紅縮,否,,27.48,27.14,27.07,,2.5373,1.5909,0.5293
5457,宣德,2026-10-01,23.9,-0.45,-1.85,404953000,0,綠轉紅,否,,24.0,24.08,25.65,,-0.6623,-5.8824,-3.6888
5460,同協,2026-10-01,17.25,0.1,0.58,30986000,0,紅增,否,,17.02,17.05,16.71,,-0.3513,1.3674,1.3651
5464,霖宏,2026-10-01,92.5,4.3,4.88,575166000,0,紅縮,否,,90.2,90.79,81.6,,-1.2913,8.5745,7.4533
5465,富驊,2026-10-01,33.85,0.8,2.42,1245004000,0,紅縮,否,,33.57,29.91,27.12,,27.9345,18.3419,10.5687
5468,凱鈺,2026-10-01,25.45,-0.4,-1.55,141339000,0,紅增,否,,25.2,24.96,25.2,,1.983,0.6453,-3.2636
5474,聰泰,2026-10-01,165.0,1.0,0.61,165557000,0,紅增,否,,162.3,159.8,155.35,,3.1786,4.0365,1.1887
5475,德宏,2026-10-01,178.0,-1.5,-0.84,2279798000,0,紅縮,否,,179.2,178.55,180.72,,0.7307,-1.9495,4.3748
5478,智冠,2026-10-01,97.5,0.4,0.41,23382000,0,紅增,否,,97.12,97.14,97.64,,-0.0412,-0.2669,-0.636
5481,新華,2026-10-01,22.1,0.3,1.38,54237000,0,紅縮,否,,21.98,21.89,21.25,,0.7795,3.9155,2.5951
5483,中美晶,2026-10-01,211.5,4.0,1.93,57451895000,0,紅增,是,,196.2,190.55,185.38,,6.1114,4.4968,2.0366
5487,通泰,2026-10-01,28.7,0.1,0.35,17041000,0,綠縮,否,,28.71,29.13,29.22,,-2.8426,-0.5972,-0.6123
5488,松普,2026-10-01,12.15,0.05,0.41,156752000,0,紅增,否,,11.97,11.87,11.96,,1.6992,0.3805,-2.4077
5489,彩富,2026-10-01,42.35,-0.2,-0.47,36286000,0,紅縮,否,,42.77,42.0,41.63,,3.7603,2.1776,0.3193
5490,同亨,2026-10-01,25.6,-0.05,-0.19,267750000,0,紅增,否,,25.53,25.45,26.39,,0.6307,-1.0882,-4.9442
5493,三聯,2026-10-01,90.7,0.1,0.11,102850000,0,紅縮,否,,91.46,88.89,85.72,,5.9546,4.5273,3.6139
5498,凱崴,2026-10-01,50.6,-0.6,-1.17,886045000,0,紅增,否,,50.39,50.64,51.87,,-1.002,-2.5308,-0.3841
5508,永信建,2026-10-01,53.4,0.3,0.56,135774000,0,綠縮,否,,53.22,53.47,53.54,,-0.9308,-0.7425,-0.0093
5511,德昌,2026-10-01,69.3,-0.3,-0.43,220378000,0,紅縮,是,,69.72,69.66,70.17,,0.1724,0.1438,-0.5245
5512,力麒,2026-10-01,7.7,-0.01,-0.13,253145000,0,紅增,否,,7.7,7.68,7.72,,0.6271,-0.3245,-0.2714
5514,三豐,2026-10-01,15.1,0.05,0.33,13535000,0,綠縮,是,,14.97,15.01,14.94,,-0.5316,-0.2326,1.5123
5516,雙喜,2026-10-01,12.0,0.0,0.0,4307000,0,綠增,否,,12.06,11.95,11.93,,1.8581,0.5469,-0.6038
5520,力泰,2026-10-01,83.5,0.1,0.12,1000000,0,紅增,否,,83.0,82.53,82.73,,1.1455,0.0485,0.2423
5523,豐謙,2026-10-01,30.35,0.0,0.0,67099000,0,紅縮,是,,30.35,30.35,30.35,,0.0,0.0,0.0247
5529,鉅陞,2026-10-01,26.05,-0.4,-1.51,84619000,0,紅縮,否,,26.25,25.68,24.4,,4.54,3.9045,5.2416
5530,龍巖,2026-10-01,48.75,-0.1,-0.2,65005000,0,綠縮,否,,48.84,49.13,49.56,,-1.1736,-0.7876,-0.3418
5536,聖暉*,2026-10-01,959.0,40.0,4.35,2144351000,0,紅增,是,,915.0,886.4,869.7,,6.6682,4.0376,-1.1985
5543,桓鼎-KY,2026-10-01,27.0,0.3,1.12,7998000,0,綠縮,否,,27.11,27.1,27.16,,0.0738,-1.8472,1.4
5547,久舜,2026-10-01,20.15,0.0,0.0,15451000,0,紅增,否,,20.04,19.98,19.9,,0.6024,0.5789,0.1888
5548,安倉,2026-10-01,20.0,-0.15,-0.74,77825000,0,紅縮,是,,20.19,20.21,20.35,,-0.1977,-0.6147,-0.294
5601,台聯櫃,2026-10-01,28.9,-0.4,-1.37,5000000,0,綠增,否,,29.49,30.05,29.87,,-3.6589,-1.2163,-1.1663
5603,陸海,2026-10-01,13.5,0.15,1.12,194581000,0,綠縮,是,,13.46,13.49,13.88,,-0.4438,-1.4609,-1.3854
5604,中連,2026-10-01,31.4,0.2,0.64,2551000,0,綠轉紅,否,,31.15,31.09,31.05,,0.3544,-0.1445,0.5505
5609,中菲行,2026-10-01,77.9,-0.2,-0.26,65052000,0,綠增,否,,78.3,78.5,78.53,,-0.5083,-0.0509,-0.0127
5701,劍湖山,2026-10-01,4.07,0.01,0.25,40788000,0,紅縮,否,,4.09,4.15,4.19,,-3.1294,-1.5647,-1.0984
5704,老爺知,2026-10-01,22.6,-0.05,-0.22,9262000,0,綠縮,否,,22.61,22.66,22.98,,-0.4842,-1.1341,0.7452
5864,致和證,2026-10-01,38.25,-0.95,-2.42,3355987000,0,紅縮,否,,37.65,36.48,36.1,,6.5968,1.5023,3.721
5878,台名,2026-10-01,37.85,0.0,0.0,3315000,0,綠增,否,,37.96,38.04,38.27,,-0.3936,-0.64,-0.2672
5902,德記,2026-10-01,34.3,-0.2,-0.58,10451000,0,綠增,否,,34.28,34.38,34.46,,-0.5512,-0.0727,-0.1666
5903,全家,2026-10-01,186.0,0.0,0.0,16667000,0,紅縮,否,,186.3,185.35,185.22,,1.0304,0.4335,0.1893
5904,寶雅*,2026-10-01,69.1,-0.6,-0.86,3338375000,0,紅增,否,,69.54,70.96,72.01,,-3.9237,-1.4855,-32.3564
5905,南仁湖,2026-10-01,7.4,0.08,1.09,226787000,0,紅增,否,,7.33,7.34,7.54,,-0.2993,-1.8194,-2.3387
6015,宏遠證,2026-10-01,17.6,-0.35,-1.95,2998543000,0,紅縮,否,,17.68,17.55,17.03,,1.4925,2.0646,2.7925
6016,康和證,2026-10-01,23.7,-0.6,-2.47,6141897000,0,紅縮,否,,23.78,23.31,22.26,,4.1156,3.3703,4.7658
6020,大展證,2026-10-01,20.55,-0.2,-0.96,6000000,0,紅縮,否,,20.6,20.57,20.66,,0.2433,-0.4114,-0.2655
6021,美好證,2026-10-01,41.7,-0.1,-0.24,93641000,0,綠增,否,,41.73,43.39,41.7,,-7.3901,0.6144,3.66
6023,元大期,2026-10-01,84.8,-0.2,-0.24,1014757000,0,紅縮,是,,85.96,86.34,85.3,,-0.8764,0.7703,0.1644
6026,福邦證,2026-10-01,15.85,-0.25,-1.55,980383000,0,紅縮,否,,15.93,15.71,15.37,,2.8405,2.4788,2.5526
6028,公勝保經,2026-10-01,99.2,0.2,0.2,11155000,0,綠增,否,,99.08,97.35,96.81,,3.6185,1.4168,2.282
6101,寬魚國際,2026-10-01,37.75,0.35,0.94,197393000,0,紅縮,否,,37.75,37.99,37.99,,-1.2814,0.1318,0.9701
6103,合邦,2026-10-01,36.9,-1.4,-3.66,14263000,0,紅縮,否,,39.02,36.66,36.52,,13.7609,4.8927,7.9276
6104,創惟,2026-10-01,91.7,0.2,0.22,430761000,0,綠轉紅,否,,90.9,90.71,93.19,,0.4198,-1.8502,-0.6874
6109,亞元,2026-10-01,10.45,-0.1,-0.95,59491000,0,紅增,否,,10.46,10.46,10.64,,0.0,-1.6917,-1.5267
6111,光聚晶電,2026-10-01,38.1,-0.55,-1.42,112052000,0,紅增,否,,37.58,36.27,36.48,,7.525,1.4264,0.2404
6113,亞矽,2026-10-01,24.9,2.25,9.93,631953000,0,紅增,是,,22.84,22.57,22.73,,2.4215,0.3334,-1.1202
6118,建達,2026-10-01,16.3,0.25,1.56,858151000,0,紅增,否,,16.22,15.68,15.46,,7.1334,3.4983,1.1117
6121,新普,2026-10-01,379.5,2.5,0.66,298568000,0,綠轉紅,否,,377.7,376.65,384.65,,0.5591,-1.2713,-1.5044
6122,擎邦,2026-10-01,62.3,1.8,2.98,2134927000,0,紅增,否,,59.18,55.35,52.59,,14.868,7.7687,6.1465
6123,上奇,2026-10-01,42.95,-0.1,-0.23,22695000,0,綠增,否,,43.01,43.02,43.2,,-0.0232,-0.4282,-0.0578
6124,業強,2026-10-01,27.2,0.0,0.0,5552000,0,紅縮,否,,27.24,27.09,27.02,,1.1136,0.222,0.3994
6125,廣運,2026-10-01,49.85,-0.05,-0.1,351285000,0,紅增,否,,49.24,49.01,50.2,,0.9637,-1.3289,-1.0739
6126,信音,2026-10-01,30.8,-0.1,-0.32,189534000,0,紅縮,否,,30.78,30.61,30.0,,1.1502,2.9605,0.3093
6127,九豪,2026-10-01,56.8,5.1,9.86,16537157000,0,紅增,是,,51.05,49.66,49.07,,5.7374,2.9433,0.322
6129,普誠,2026-10-01,14.7,-0.2,-1.34,257803000,0,紅縮,否,,14.76,14.68,14.26,,1.0959,5.0447,1.0271
6130,上亞科技,2026-10-01,23.55,-0.2,-0.84,15104000,0,綠縮,否,,23.64,23.82,25.05,,-1.5,-3.7381,-2.9161
6134,萬旭,2026-10-01,28.95,-0.25,-0.86,166599000,0,紅縮,否,,29.09,28.91,28.74,,1.253,0.574,1.037
6138,茂達,2026-10-01,283.5,7.5,2.72,686003000,0,紅增,是,,278.3,275.25,278.52,,2.241,-0.1451,-1.1359
6140,訊達,2026-10-01,20.05,-0.15,-0.74,216484000,0,紅縮,否,,20.69,20.67,18.75,,0.1937,11.2786,5.5141
6143,振曜,2026-10-01,80.6,-0.4,-0.49,244082000,0,綠縮,否,,81.06,81.48,84.41,,-1.0256,-2.6174,-2.804
6144,得利影,2026-10-01,12.8,0.25,1.99,12326000,0,綠縮,否,,12.61,12.76,13.04,,-2.3238,-2.4465,-1.9917
6146,耕興,2026-10-01,181.5,0.0,0.0,216535000,0,紅增,否,,181.0,179.35,183.4,,1.8571,-0.1392,-1.6094
6147,頎邦,2026-10-01,225.5,16.0,7.64,49562842000,0,紅增,是,,214.3,212.55,195.2,,1.6603,7.1321,7.7709
6148,驊宏資,2026-10-01,38.05,-0.05,-0.13,1091378000,0,紅縮,否,,38.24,37.68,32.96,,3.0172,14.2511,7.9139
6150,撼訊,2026-10-01,69.9,6.3,9.91,3244283000,0,紅增,是,,63.46,62.29,61.59,,3.8285,2.4507,1.4412
6151,晉倫,2026-10-01,34.65,-0.1,-0.29,94338000,0,紅縮,否,,34.83,34.77,35.06,,0.3746,-0.0575,-0.722
6154,順發,2026-10-01,14.2,0.0,0.0,42590000,0,紅縮,否,,14.19,14.12,14.04,,0.9246,0.7849,0.6452
6156,松上,2026-10-01,21.75,-0.1,-0.46,770744000,0,紅增,是,,21.41,20.95,20.85,,4.49,2.1204,-0.2154
6158,禾昌,2026-10-01,17.25,0.05,0.29,36006000,0,紅縮,否,,17.26,17.18,17.09,,0.9357,0.1166,0.7369
6160,欣技,2026-10-01,13.9,0.0,0.0,44469000,0,綠縮,否,,13.94,14.16,14.56,,-2.9923,-2.2782,-0.8174
6161,捷波,2026-10-01,50.3,-1.2,-2.33,39787000,0,紅增,否,,49.97,49.25,49.81,,2.9672,-0.3742,-1.4395
6163,華電網,2026-10-01,41.4,-0.3,-0.72,683903000,0,紅縮,否,,41.42,41.18,41.17,,1.1724,1.2167,-0.5014
6167,久正,2026-10-01,10.25,-0.05,-0.49,194466000,0,紅縮,否,,10.29,10.24,10.3,,0.9814,0.4907,-0.6031
6169,昱泉,2026-10-01,11.85,-0.15,-1.25,8142000,0,紅縮,否,,12.0,12.05,12.18,,-0.8264,-0.823,-1.8533
6170,統振,2026-10-01,49.15,0.5,1.03,166650000,0,紅增,否,,48.57,48.31,48.15,,1.0612,0.4365,0.8166
6171,大城地產,2026-10-01,27.35,0.6,2.24,455011000,0,紅增,是,,26.71,26.26,25.82,,3.5271,1.3315,2.9192
6173,信昌電,2026-10-01,302.5,14.0,4.85,31484477000,0,紅縮,是,,299.5,302.65,275.93,,-2.0602,5.0686,10.6133
6174,安碁,2026-10-01,50.0,4.5,9.89,1621448000,0,紅增,是,,46.01,44.87,44.36,,5.2138,3.4705,1.5334
6175,立敦,2026-10-01,76.3,5.9,8.38,5535784000,0,紅增,是,,71.02,70.25,70.99,,2.2165,0.2712,-1.9338
6179,亞通,2026-10-01,35.95,-0.35,-0.96,3451488000,0,紅轉綠,否,,36.28,36.87,33.4,,-3.15,6.8541,7.2237
6180,橘子,2026-10-01,41.65,0.25,0.6,354929000,0,紅增,是,,41.08,40.93,41.2,,0.7357,-0.6433,-0.224
6182,合晶,2026-10-01,130.0,-3.0,-2.26,181249653000,0,紅增,是,,124.0,118.1,113.6,,10.5169,7.2174,4.5559
6185,幃翔,2026-10-01,12.6,0.1,0.8,161433000,0,紅增,否,,12.5,12.47,12.62,,0.4016,-0.9528,-2.1701
6186,新潤,2026-10-01,29.1,-0.05,-0.17,177462000,0,紅增,否,,29.09,29.54,30.61,,-3.001,-2.8449,-5.2473
6187,萬潤,2026-10-01,1275.0,-35.0,-2.67,1700270000,0,綠縮,否,,1259.0,1241.5,1270.5,,2.8595,-2.4745,1.7621
6188,廣明,2026-10-01,62.1,0.0,0.0,336564000,0,紅增,否,,61.9,62.01,64.21,,-0.3542,-2.4847,-3.3346
6190,萬泰科,2026-10-01,71.2,0.8,1.14,1571102000,0,紅增,否,,69.52,68.92,68.16,,1.7564,1.8322,0.7316
6194,育富,2026-10-01,30.1,0.25,0.84,28033000,0,紅縮,否,,30.13,30.19,29.93,,-0.3638,0.6334,0.3521
6195,詩肯,2026-10-01,28.2,-0.05,-0.18,10058000,0,紅縮,否,,28.17,27.98,27.91,,1.4039,0.7019,0.2245
6199,天品,2026-10-01,128.0,0.5,0.39,6611386000,0,紅縮,否,,125.5,116.5,105.84,,16.7442,14.2269,6.785
6203,海韻電,2026-10-01,60.3,0.3,0.5,57687000,0,紅增,否,,59.94,59.76,60.02,,0.6042,-0.3003,-0.3156
6204,艾華,2026-10-01,104.5,1.5,1.46,525829000,0,紅縮,否,,103.2,101.1,94.66,,4.2424,7.2338,6.1036
6207,雷科,2026-10-01,145.0,-6.0,-3.97,38259593000,0,紅增,是,,134.5,123.3,115.55,,19.9822,10.4344,6.3996
6208,日揚,2026-10-01,79.5,3.5,4.61,471849000,0,紅增,是,,75.88,74.85,76.6,,2.7906,0.4428,-1.9959
6210,慶生,2026-10-01,17.9,0.0,0.0,12216000,0,紅增,否,,17.75,17.57,17.62,,2.1289,-0.0285,-0.2406
6212,理銘,2026-10-01,32.25,-0.55,-1.68,1000000,0,紅縮,否,,32.5,32.4,31.18,,0.6504,2.2731,3.1428
6217,中探針,2026-10-01,174.5,-2.0,-1.13,2672984000,0,紅縮,否,,172.3,169.9,172.22,,2.8657,-2.6919,2.1652
6218,豪勉,2026-10-01,62.8,0.9,1.45,1155717000,0,紅縮,否,,62.56,59.03,50.67,,12.7207,18.4152,15.1264
6219,富旺,2026-10-01,12.35,0.15,1.23,123053000,0,紅增,是,,12.16,12.13,12.19,,0.4959,-0.533,-0.3066
6220,岳豐,2026-10-01,25.3,0.1,0.4,93501000,0,紅增,否,,25.22,25.24,25.5,,-0.1979,-0.9028,-0.7203
6221,晉泰,2026-10-01,30.95,-0.05,-0.16,1572151000,0,紅縮,否,,31.72,30.4,26.23,,9.0784,19.5909,10.3281
6223,旺矽,2026-10-01,5030.0,-95.0,-1.85,1122181000,0,綠增,否,,5275.0,5421.5,5432.5,,-5.2622,-1.3286,-4.2183
6227,茂綸,2026-10-01,137.0,5.0,3.79,1126720000,0,紅縮,否,,135.0,133.95,125.08,,1.5801,7.8502,2.4156
6228,全譜,2026-10-01,18.15,-0.65,-3.46,9201000,0,紅縮,否,,18.49,17.93,17.97,,6.4479,2.545,-0.3604
6229,研通,2026-10-01,24.15,-0.05,-0.21,77201000,0,紅增,否,,23.95,23.68,23.64,,2.3067,0.6803,0.2119
6231,系微,2026-10-01,237.0,2.0,0.85,189194000,0,紅縮,否,,234.6,225.15,220.1,,8.7622,4.4295,1.5338
6233,旺玖,2026-10-01,23.55,0.75,3.29,515053000,0,紅增,是,,22.18,21.38,21.14,,7.8269,3.7621,0.7985
6234,高僑,2026-10-01,39.55,-0.2,-0.5,1206439000,0,紅縮,否,,38.85,37.51,36.16,,7.4095,6.3661,1.6017
6236,中湛,2026-10-01,18.7,0.2,1.08,2000000,0,紅增,否,,18.16,17.27,16.58,,10.9346,9.7235,1.7017
6237,驊訊,2026-10-01,36.75,0.25,0.68,767912000,0,紅縮,否,,36.77,35.22,34.9,,9.207,3.3148,1.7197
6240,松崗,2026-10-01,25.3,-0.25,-0.98,23147000,0,綠增,否,,25.42,24.91,24.48,,4.223,2.3844,5.9626
6241,鑫永洋,2026-10-01,16.15,-0.15,-0.92,38061000,0,綠縮,否,,15.78,15.68,15.85,,1.2187,-0.916,-0.0473
6244,茂迪,2026-10-01,23.85,-1.2,-4.79,4450275000,0,紅縮,否,,23.91,23.28,23.45,,5.5629,1.9711,-0.7829
6245,立端,2026-10-01,88.3,0.5,0.57,447122000,0,紅縮,否,,87.02,85.97,82.76,,2.4729,4.9951,0.6446
6246,臺龍,2026-10-01,12.7,-0.15,-1.17,13036000,0,紅縮,否,,12.85,12.77,12.73,,1.3407,-0.1174,0.4141
6248,沛波,2026-10-01,17.25,0.1,0.58,75101000,0,紅增,否,,16.96,16.88,17.05,,0.9524,0.178,-1.4593
6259,百徽,2026-10-01,31.8,1.55,5.12,821797000,0,紅增,是,,29.91,29.24,29.4,,4.6902,1.0716,-0.9017
6261,久元,2026-10-01,79.1,0.0,0.0,357691000,0,紅縮,否,,78.68,77.79,78.24,,2.3147,0.5039,0.1024
6263,普萊德,2026-10-01,164.0,5.5,3.47,164239000,0,綠縮,是,,158.4,157.4,161.25,,1.2788,-2.023,-0.3399
6264,富裔,2026-10-01,6.03,0.0,0.0,12091000,0,紅增,否,,6.02,6.01,6.02,,0.0998,0.0333,-0.1244
6265,方土昶,2026-10-01,49.25,0.6,1.23,3073675000,0,綠縮,是,,48.27,48.44,52.18,,-0.6994,-4.7769,-3.8288
6266,泰詠,2026-10-01,24.95,-0.05,-0.2,73593000,0,紅縮,否,,24.92,24.92,24.88,,-0.0,0.4434,0.0201
6270,倍微,2026-10-01,30.55,0.55,1.83,339970000,0,紅增,是,,29.94,29.3,29.11,,4.4297,2.6445,-0.3765
6274,台燿,2026-10-01,1535.0,15.0,0.99,4682645000,0,紅增,否,,1499.0,1445.0,1426.75,,7.7642,5.1291,-0.9889
6275,元山,2026-10-01,47.45,0.3,0.64,230403000,0,紅增,否,,46.55,45.86,45.68,,3.0551,0.6033,1.4154
6276,安鈦克,2026-10-01,19.65,0.35,1.81,10105000,0,紅增,否,,19.58,19.66,19.98,,-0.8105,-2.0672,-0.3989
6279,胡連,2026-10-01,113.0,0.5,0.44,210814000,0,綠縮,否,,112.1,111.9,116.42,,0.3581,-1.1921,-3.0801
6284,佳邦,2026-10-01,80.3,4.7,6.22,3208473000,0,紅增,是,,76.34,75.98,76.67,,0.9521,-0.7835,-0.3962
6290,良維,2026-10-01,277.5,-2.5,-0.89,1818445000,0,紅縮,否,,275.0,272.35,261.32,,1.9651,2.5414,6.0034
6291,沛亨,2026-10-01,489.0,-11.0,-2.2,588221000,0,紅縮,否,,493.0,496.4,463.23,,-1.3605,3.4706,6.1347
6292,迅德,2026-10-01,67.2,0.6,0.9,350389000,0,紅縮,是,,66.66,66.34,64.47,,0.9694,2.2503,1.7037
6294,智基,2026-10-01,28.15,-0.1,-0.35,5606000,0,綠增,否,,28.33,28.45,28.6,,-0.84,-0.5419,0.5802
6411,晶焱,2026-10-01,78.4,0.8,1.03,155122000,0,紅增,否,,78.0,77.93,78.51,,0.1798,-0.6882,0.0064
6417,韋僑,2026-10-01,102.0,0.0,0.0,73057000,0,紅增,否,,102.0,102.45,104.53,,-0.8746,-1.585,-2.2674
6418,詠昇,2026-10-01,34.55,-0.1,-0.29,112865000,0,綠增,是,,34.64,34.73,34.36,,-0.5455,0.798,1.5592
6419,京晨科,2026-10-01,155.0,-1.0,-0.64,68836000,0,綠縮,否,,152.6,151.6,152.72,,1.328,0.5972,0.0
6423,億而得,2026-10-01,94.4,8.5,9.9,349134000,0,紅增,是,,87.86,84.87,83.74,,7.3034,2.3764,2.5847
6425,易發,2026-10-01,81.3,2.3,2.91,5313911000,0,紅增,是,,75.64,70.48,66.1,,15.7991,10.5395,7.3482
6432,今展科,2026-10-01,69.8,6.3,9.92,3165223000,0,紅增,是,,62.76,59.34,60.17,,12.2318,3.7231,-3.2559
6435,大中,2026-10-01,262.0,10.0,3.97,701140000,0,紅增,是,,253.8,248.6,248.03,,4.2728,2.2624,-0.3816
6441,廣錠,2026-10-01,24.9,0.2,0.81,75729000,0,紅縮,否,,24.75,24.19,23.23,,4.7397,3.5309,3.1417
6461,益得,2026-10-01,24.05,-0.4,-1.64,79228000,0,紅縮,否,,24.12,24.52,20.7,,-3.2103,14.6062,10.9473
6462,神盾,2026-10-01,107.0,1.0,0.94,1738326000,0,紅增,是,,102.98,100.41,100.01,,5.2535,1.9391,0.7302
6465,威潤,2026-10-01,41.6,-0.15,-0.36,49266000,0,紅增,否,,41.63,41.73,43.67,,-0.4781,-3.8036,-2.9391
6469,大樹,2026-10-01,64.4,0.0,0.0,148409000,0,紅增,否,,64.44,64.51,66.23,,-0.2168,-2.0349,-2.1497
6470,宇智,2026-10-01,42.7,0.0,0.0,13902000,0,紅縮,否,,42.82,42.92,42.41,,-0.4649,0.9289,0.3312
6474,華豫寧,2026-10-01,35.45,-0.25,-0.7,87200000,0,綠縮,是,,35.53,35.46,36.33,,0.3956,-1.143,-2.2402
6482,弘煜科,2026-10-01,23.65,0.15,0.64,8846000,0,綠縮,否,,23.51,23.99,25.03,,-3.9624,-2.7361,-3.9428
6485,點序,2026-10-01,84.7,7.7,10.0,3565659000,0,紅增,是,,73.92,68.28,64.42,,18.0077,10.8082,4.2142
6486,互動,2026-10-01,81.3,0.7,0.87,56618000,0,紅縮,否,,80.82,80.92,80.09,,-0.2469,-0.736,2.0904
6488,環球晶,2026-10-01,1085.0,50.0,4.83,24330441000,0,紅增,否,,992.6,962.7,962.75,,6.4108,2.4149,1.5881
6492,生華科,2026-10-01,34.6,0.25,0.73,145359000,0,紅增,否,,34.34,34.12,34.22,,1.3278,0.6045,-2.7569
6494,九齊,2026-10-01,52.4,0.6,1.16,106836000,0,紅增,否,,51.54,50.97,52.55,,2.2619,-2.2721,-1.2032
6496,科懋,2026-10-01,23.8,0.15,0.63,12459000,0,綠縮,否,,23.76,24.14,24.2,,-3.139,-1.2474,-0.6468
6498,久禾光,2026-10-01,68.3,1.5,2.25,91342000,0,紅增,否,,67.2,66.83,70.21,,1.1135,-3.3131,-2.9715
6499,益安,2026-10-01,79.1,1.4,1.8,723074000,0,紅增,是,,75.54,74.29,72.26,,3.4228,2.4407,4.4522
6506,雙邦,2026-10-01,18.55,-0.05,-0.27,32767000,0,紅縮,否,,18.48,18.24,18.13,,2.6667,0.6345,1.9109
6508,惠光,2026-10-01,27.0,0.05,0.19,20118000,0,紅縮,否,,27.15,26.68,26.27,,3.626,2.7147,0.854
6509,聚和,2026-10-01,48.8,-0.3,-0.61,657264000,0,紅增,否,,48.18,47.12,46.53,,4.58,2.2123,0.4805
6510,精測,2026-10-01,3000.0,-65.0,-2.12,1063100000,0,綠增,否,,3198.0,3301.5,3241.25,,-6.0793,-3.7323,2.8805
6512,啟發電,2026-10-01,20.25,0.0,0.0,6559000,0,綠縮,否,,20.23,20.29,20.34,,-0.6385,-0.4415,0.4444
6516,勤崴國際,2026-10-01,56.5,0.0,0.0,26397000,0,綠縮,否,,56.74,57.03,57.37,,-1.0119,-0.558,-1.5783
6517,保勝光學,2026-10-01,63.5,-0.1,-0.16,89960000,0,綠縮,否,,63.3,63.37,65.03,,-0.2207,-2.3876,-0.2301
6523,達爾膚,2026-10-01,89.5,,,24418000,0,紅縮,否,,90.02,89.9,89.84,,0.2673,0.1337,-0.0667
6527,明達醫,2026-10-01,75.0,0.0,0.0,28010000,0,綠增,否,,74.82,74.89,74.85,,-0.1868,0.1203,0.1271
6530,創威,2026-10-01,102.0,-2.5,-2.39,1721652000,0,紅縮,否,,100.94,99.28,95.79,,3.4009,2.7105,4.7286
6532,瑞耘,2026-10-01,122.5,4.0,3.38,5888125000,0,紅增,是,,109.08,102.26,98.52,,14.2917,6.0678,7.0175
6535,順藥,2026-10-01,80.9,-1.3,-1.58,203358000,0,紅縮,否,,81.32,79.01,78.47,,6.0235,2.6104,-1.8327
6538,倉和,2026-10-01,369.5,13.5,3.79,1611810000,0,綠增,否,,378.5,383.2,323.43,,-2.4233,9.2828,19.4001
6542,隆中,2026-10-01,39.9,-0.6,-1.48,4218000,0,綠增,否,,40.7,41.64,42.86,,-4.3928,-3.6115,-3.3812
6546,正基,2026-10-01,59.7,0.3,0.51,162512000,0,綠轉紅,否,,58.8,59.39,60.74,,-1.9673,-2.0452,-1.5958
6547,高端疫苗,2026-10-01,62.6,0.2,0.32,3079579000,0,綠縮,否,,61.3,60.48,60.23,,2.7489,-0.4936,4.1051
6548,長科*,2026-10-01,71.5,-0.7,-0.97,3840024000,0,紅縮,是,,71.76,72.37,72.06,,-1.6717,-0.2619,-0.6753
6556,勝品,2026-10-01,61.6,-0.5,-0.81,7070000,0,紅縮,是,,61.74,61.44,61.15,,0.9814,0.3758,0.1884
6560,欣普羅,2026-10-01,32.6,0.4,1.24,28899000,0,紅縮,否,,32.61,33.1,32.08,,-2.8886,2.7157,0.2813
6561,是方,2026-10-01,310.5,3.5,1.14,54501000,0,綠縮,否,,308.8,311.65,316.65,,-1.8124,-1.8116,-1.2629
6568,宏觀,2026-10-01,140.0,-2.5,-1.75,55051000,0,紅縮,否,,141.9,140.25,136.3,,2.381,2.7096,1.2442
6569,醫揚,2026-10-01,91.3,-0.9,-0.98,9470000,0,紅縮,否,,91.96,91.51,91.52,,0.9884,0.5494,-0.7967
6570,維田,2026-10-01,47.55,0.0,0.0,149760000,0,綠縮,是,,47.21,47.14,49.09,,0.2761,-2.5829,-4.4616
6574,霈方,2026-10-01,118.5,0.0,0.0,10965000,0,綠縮,否,,119.0,119.5,119.35,,-0.8333,-0.1671,-2.8292
6576,逸達,2026-10-01,79.1,-0.4,-0.5,101765000,0,綠增,是,,79.88,80.9,80.78,,-2.4902,-0.8335,0.0681
6577,勁豐,2026-10-01,80.5,0.5,0.62,50651000,0,綠轉紅,是,,79.9,79.62,79.89,,0.7058,0.0377,-0.0125
6578,達邦蛋白,2026-10-01,16.5,0.05,0.3,9097000,0,綠縮,否,,16.59,16.78,17.41,,-2.2392,-3.9771,-2.3966
6584,南俊國際,2026-10-01,531.0,-9.0,-1.67,287527000,0,綠增,否,,540.0,547.9,581.15,,-2.8427,-6.0206,-0.3686
6588,東典光電,2026-10-01,110.0,2.0,1.85,1016300000,0,綠增,否,,110.0,111.5,110.12,,-2.6549,-0.0448,3.4912
6590,普鴻,2026-10-01,65.1,-0.8,-1.21,16124000,0,紅縮,否,,66.38,66.81,65.34,,-1.279,2.3594,0.4381
6593,台灣銘板,2026-10-01,32.3,0.05,0.16,20726000,0,紅增,否,,32.23,31.98,31.95,,1.5758,0.8833,-0.1016
6596,寬宏藝術,2026-10-01,97.2,-0.1,-0.1,56828000,0,紅縮,否,,97.04,96.24,95.86,,1.6764,1.1031,1.4661
6597,立誠,2026-10-01,63.0,-5.7,-8.3,62043000,0,綠增,是,,67.38,68.85,68.48,,-4.1809,-3.9615,2.5303
6603,富強鑫,2026-10-01,29.8,1.0,3.47,7484108000,0,紅增,是,,28.47,27.8,26.65,,4.9005,7.004,1.1289
6609,瀧澤科,2026-10-01,39.55,-0.4,-1.0,62091000,0,紅縮,否,,39.75,39.43,39.57,,1.6364,0.1143,0.4315
6612,奈米醫材,2026-10-01,77.0,4.5,6.21,126438000,0,紅增,是,,72.98,72.12,71.85,,2.4137,1.5775,-0.1945
6613,朋億*,2026-10-01,278.5,4.5,1.64,407802000,0,紅增,是,,272.4,267.75,263.3,,3.5348,2.4096,0.095
6615,慧智,2026-10-01,33.5,0.0,0.0,7668000,0,綠縮,否,,33.62,33.66,33.92,,-0.2078,-0.8689,-0.1619
6616,特昇-KY,2026-10-01,8.26,0.08,0.98,14000000,0,紅增,否,,8.18,8.27,8.31,,-2.0833,-1.0298,-1.4176
6617,共信-KY,2026-10-01,132.0,-6.5,-4.69,807612000,0,綠增,否,,136.5,137.3,129.28,,-1.1586,3.5055,7.9225
6620,漢達,2026-10-01,144.5,3.5,2.48,9069534000,0,紅增,是,,135.1,135.9,116.66,,-1.1704,8.72,13.3563
6624,萬年清,2026-10-01,38.0,-0.25,-0.65,6065000,0,綠增,否,,38.56,38.42,39.71,,0.7051,-2.1268,-1.1574
6629,泰金-KY,2026-10-01,103.5,0.0,0.0,4061000,0,綠縮,否,,103.5,103.55,105.78,,-0.0965,-1.334,-1.513
6637,醫影,2026-10-01,53.9,0.1,0.19,27833000,0,紅增,是,,54.04,54.16,55.84,,-0.4422,-1.0596,-3.374
6640,均華,2026-10-01,1110.0,70.0,6.73,718766000,0,綠縮,是,,1050.0,1083.0,1113.65,,-5.914,-7.4359,1.3469
6642,富致,2026-10-01,83.0,1.3,1.59,378609000,0,紅增,是,,80.48,78.62,78.86,,4.8463,0.6272,-0.4356
6643,M31,2026-10-01,521.0,-34.0,-6.13,2238213000,0,紅縮,否,,514.5,479.85,446.93,,15.566,11.8141,4.832
6649,台生材,2026-10-01,37.2,0.7,1.92,112062000,0,紅增,是,,36.75,36.27,35.81,,2.6823,1.8248,0.4699
6651,全宇昕,2026-10-01,147.5,1.5,1.03,79520000,0,紅轉綠,否,,149.1,147.8,146.72,,1.7747,1.4065,2.587
6654,天正國際,2026-10-01,210.0,-6.0,-2.78,62278000,0,綠轉紅,是,,202.5,201.7,199.62,,0.7964,-2.9122,3.7687
6662,樂斯科,2026-10-01,28.5,0.0,0.0,4311000,0,紅增,否,,28.48,28.51,28.9,,-0.2102,-0.3669,-1.3902
6664,群翊,2026-10-01,371.5,-4.5,-1.2,366499000,0,紅增,否,,364.4,351.25,353.55,,7.7788,1.5761,1.0793
6667,信紘科,2026-10-01,261.0,-1.0,-0.38,410745000,0,紅縮,否,,261.0,255.05,242.55,,4.7772,3.89,3.5101
6679,鈺太,2026-10-01,204.5,-1.5,-0.73,126491000,0,紅縮,否,,204.1,200.8,201.45,,3.3418,0.2496,-1.0803
6680,鑫創電子,2026-10-01,51.5,-0.4,-0.77,12241000,0,綠增,是,,52.5,52.94,53.13,,-1.6486,-0.3013,-1.5108
6683,雍智科技,2026-10-01,1575.0,-15.0,-0.94,1039273000,0,紅縮,否,,1543.0,1548.0,1420.5,,-0.6439,5.9186,5.6134
6684,安格,2026-10-01,50.1,-0.1,-0.2,114823000,0,紅縮,否,,49.85,48.62,47.34,,5.1688,4.6261,0.7021
6690,安碁資訊,2026-10-01,177.0,0.0,0.0,105308000,0,紅縮,否,,177.8,180.25,172.3,,-2.682,3.9204,2.0583
6692,進能服,2026-10-01,23.05,-0.8,-3.35,5176000,0,紅縮,否,,23.07,23.22,23.41,,-1.2837,-0.8963,-0.742
6693,廣閎科,2026-10-01,212.5,1.0,0.47,1966554000,0,紅縮,否,,209.7,195.5,185.12,,15.6646,8.1604,4.3105
6697,東捷資訊,2026-10-01,41.1,-0.2,-0.48,25004000,0,紅縮,否,,41.17,41.25,41.05,,-0.3871,0.4872,0.2503
6703,軒郁,2026-10-01,100.5,0.0,0.0,13077000,0,紅增,否,,100.3,100.55,101.62,,-0.496,-0.936,-1.0949
6708,天擎,2026-10-01,56.8,5.1,9.86,1499458000,0,紅增,是,,47.46,42.89,40.5,,23.8195,12.0559,5.9659
6712,長聖,2026-10-01,162.0,0.0,0.0,101410000,0,紅縮,否,,161.4,159.6,157.95,,2.2814,1.8182,1.6573
6716,應廣,2026-10-01,117.5,3.5,3.07,410994000,0,綠縮,是,,115.7,117.2,120.22,,-2.5274,-1.6366,1.0337
6720,久昌,2026-10-01,126.5,-1.0,-0.78,14332000,0,綠縮,否,,127.6,128.45,131.1,,-1.3148,-1.7966,-1.761
6721,信實,2026-10-01,50.2,0.2,0.4,1125000,0,紅增,否,,50.12,50.35,50.76,,-0.9095,-0.297,-0.8013
6725,矽科宏晟,2026-10-01,221.0,3.0,1.38,117561000,0,紅增,是,,217.7,215.95,219.8,,1.634,-0.8722,-2.6572
6727,亞泰金屬,2026-10-01,488.0,3.0,0.62,654633000,0,綠縮,否,,485.2,482.4,499.98,,1.1676,-4.6452,3.5627
6728,上洋,2026-10-01,109.0,0.0,0.0,28627000,0,紅增,否,,108.6,108.15,108.15,,0.8357,0.5579,0.6515
6730,常廣,2026-10-01,32.2,0.2,0.62,7050000,0,紅增,否,,32.12,32.01,32.58,,0.6897,-0.7596,-1.6231
6732,昇佳電子,2026-10-01,152.0,0.5,0.33,56236000,0,紅增,否,,150.5,149.45,149.32,,1.4151,1.0139,-0.9124
6733,博晟生醫,2026-10-01,24.95,0.0,0.0,22559000,0,綠縮,否,,25.06,25.23,25.74,,-1.2997,-2.0579,-0.8092
6735,美達科技,2026-10-01,66.8,-0.5,-0.74,70571000,0,紅增,否,,65.32,63.51,63.27,,5.8671,2.7504,0.2456
6739,竹陞科技,2026-10-01,1105.0,-30.0,-2.64,153698000,0,紅縮,否,,1107.0,1104.0,1097.2,,0.545,-1.7794,1.9608
6741,91APP*-KY,2026-10-01,55.6,0.5,0.91,97736000,0,綠縮,否,,55.4,56.97,57.79,,-5.3639,-3.4407,-0.0346
6751,智聯服務,2026-10-01,44.0,-0.5,-1.12,4000000,0,紅縮,否,,44.23,43.06,42.25,,5.5861,3.1872,1.8563
6752,叡揚,2026-10-01,96.2,0.2,0.21,8712000,0,紅增,否,,96.12,96.41,96.94,,-0.5998,0.0,-0.6049
6761,穩得,2026-10-01,164.5,-0.5,-0.3,144793000,0,綠縮,否,,163.8,163.9,172.25,,-0.122,-3.6732,-1.3601
6762,達亞,2026-10-01,156.0,-2.0,-1.27,2859000,0,綠增,否,,159.3,161.95,166.25,,-3.2199,-3.6012,-1.0417
6763,綠界科技*,2026-10-01,41.2,-0.1,-0.24,88540000,0,紅縮,否,,41.38,41.33,41.29,,0.2665,0.5842,-0.7213
6767,台微醫,2026-10-01,24.6,0.1,0.41,15000000,0,綠轉紅,是,,24.49,24.58,24.68,,-0.7296,-0.7671,-0.1921
6785,昱展新藥,2026-10-01,95.3,0.2,0.21,31901000,0,紅縮,否,,96.86,97.14,95.65,,-0.5748,2.1773,-0.742
6788,華景電,2026-10-01,346.5,-2.5,-0.72,161999000,0,紅增,否,,343.0,337.0,345.73,,3.6254,-0.751,-1.066
6791,虎門科技,2026-10-01,100.5,1.0,1.01,5760000,0,紅增,否,,99.46,100.05,100.08,,-1.1725,0.02,-0.4823
6803,崑鼎,2026-10-01,267.0,0.0,0.0,41640000,0,紅增,否,,266.5,267.15,268.77,,-0.4854,-0.7984,-0.2968
6804,明係,2026-10-01,18.35,0.0,0.0,26100000,0,綠縮,否,,18.26,18.25,18.23,,0.1096,0.4127,-1.1653
6811,宏碁資訊,2026-10-01,243.5,3.0,1.25,166263000,0,紅縮,否,,243.3,247.8,236.03,,-3.5672,4.271,0.9841
6821,聯寶,2026-10-01,42.25,-0.55,-1.29,74145000,0,紅增,否,,41.42,41.14,41.3,,1.3457,0.513,-0.4879
6823,濾能,2026-10-01,60.7,-0.1,-0.16,12705000,0,紅縮,否,,60.96,60.23,60.6,,2.4538,0.9047,-1.2869
6829,千附精密,2026-10-01,205.0,-3.5,-1.68,498553000,0,綠縮,否,,207.7,211.25,222.55,,-3.3054,-7.1837,-0.4139
6840,東研信超,2026-10-01,99.3,0.4,0.4,342603000,0,綠增,否,,101.04,100.26,94.73,,1.5682,4.9403,7.8802
6841,長佳智能,2026-10-01,57.0,-1.8,-3.06,611557000,0,紅增,是,,55.66,54.44,53.92,,4.5847,2.4271,0.522
6843,進典,2026-10-01,38.45,-0.1,-0.26,14000000,0,紅縮,是,,38.53,38.71,38.62,,-0.9257,0.4933,-0.4639
6844,諾貝兒,2026-10-01,57.4,-0.1,-0.17,11329000,0,綠縮,否,,57.3,57.46,58.75,,-0.5554,-2.1957,-1.4592
6846,綠茵,2026-10-01,58.4,-0.1,-0.17,6000000,0,紅縮,是,,58.5,58.69,58.29,,-0.6454,0.4278,-0.1969
6856,鑫傳,2026-10-01,41.05,-0.95,-2.26,10005000,0,紅縮,否,,41.8,41.64,42.22,,0.7472,-0.3589,-1.7627
6859,伯特光,2026-10-01,120.5,0.0,0.0,26732000,0,紅縮,否,,120.5,120.0,115.9,,0.8368,3.0485,3.5792
6865,偉康科技,2026-10-01,27.65,-1.5,-5.15,21142000,0,紅縮,否,,28.21,27.67,26.58,,3.9808,4.9697,2.309
6870,騰雲,2026-10-01,314.5,-9.0,-2.78,86957000,0,紅縮,否,,326.7,318.7,300.88,,5.1497,5.1468,6.0352
6872,浩宇生醫,2026-10-01,23.0,-1.05,-4.37,175341000,0,紅縮,否,,23.32,22.81,20.35,,4.574,6.2908,10.658
6874,倍力,2026-10-01,70.4,0.6,0.86,13331000,0,紅增,否,,69.94,69.55,72.28,,1.1278,0.6658,-2.8103
6875,國邑*,2026-10-01,31.3,-0.05,-0.16,253520000,0,綠增,否,,31.54,32.12,32.33,,-3.5769,-1.7434,-0.9954
6877,鏵友益,2026-10-01,138.5,12.5,9.92,164685000,0,紅增,是,,128.3,122.4,118.4,,10.1288,6.0659,0.8089
6881,潤德,2026-10-01,215.0,0.5,0.23,6118000,0,紅縮,是,,214.6,213.85,211.53,,0.7039,-0.4654,1.5239
6884,海柏特,2026-10-01,31.4,0.85,2.78,7000000,0,紅增,否,,31.25,31.08,30.72,,1.1,2.5235,0.212
6894,衛司特,2026-10-01,360.0,-1.0,-0.28,29510000,0,紅縮,否,,364.5,362.6,353.32,,1.0535,2.0115,1.647
6895,宏碩系統,2026-10-01,151.0,-0.5,-0.33,27579000,0,綠轉紅,是,,147.1,145.95,148.22,,1.5884,-2.1455,4.9195
6899,創為精密,2026-10-01,49.5,-0.3,-0.6,11032000,0,紅縮,否,,49.5,49.59,49.73,,-0.3824,-0.2915,-0.6195
6903,巨漢,2026-10-01,316.0,0.5,0.16,417368000,0,紅增,是,,310.7,305.2,306.85,,3.6703,0.4608,-0.4865
6907,雅特力-KY,2026-10-01,198.5,10.5,5.59,2990191000,0,綠轉紅,是,,186.7,184.6,185.88,,2.3014,-0.4852,0.7043
6910,德鴻,2026-10-01,26.8,-0.15,-0.56,27027000,0,紅增,否,,26.35,25.84,25.33,,4.0268,3.0714,1.7472
6913,鴻呈,2026-10-01,129.0,0.5,0.39,96631000,0,綠縮,否,,128.0,128.0,135.43,,0.0,-4.1557,-2.607
6922,宸曜,2026-10-01,221.0,0.0,0.0,87271000,0,紅增,否,,216.7,203.35,202.72,,14.0526,4.4159,2.1413
6925,意藍,2026-10-01,72.1,-1.7,-2.3,947361000,0,紅縮,否,,70.22,63.71,56.99,,22.7622,18.9618,8.2332
6945,圓祥生技,2026-10-01,143.0,-5.5,-3.7,552700000,0,紅縮,否,,141.3,131.73,114.85,,15.668,20.4774,9.1004
6953,家碩,2026-10-01,252.5,7.5,3.06,101006000,0,紅增,是,,242.0,237.4,236.25,,3.9519,1.3664,2.2064
6961,旅天下,2026-10-01,47.65,-0.45,-0.94,7635000,0,綠縮,否,,47.56,47.92,49.16,,-1.4913,-2.2938,-1.9155
6967,汎瑋材料,2026-10-01,71.5,1.3,1.85,200429000,0,紅增,是,,68.2,66.92,68.8,,3.9001,-0.298,-0.8074
6968,萬達寵物,2026-10-01,41.45,0.0,0.0,45360000,0,紅增,是,,41.51,41.51,41.73,,0.0,-0.2523,-1.3243
6971,惠民實業,2026-10-01,23.3,-0.2,-0.85,8197000,0,綠縮,否,,23.63,23.99,25.02,,-2.9967,-4.7061,-1.94
6982,大井泵浦,2026-10-01,44.7,0.6,1.36,21121000,0,紅增,否,,43.88,43.99,45.54,,-0.5214,-2.7305,-2.5833
6983,華洋精機,2026-10-01,353.0,5.0,1.44,90882000,0,紅縮,是,,348.7,349.7,341.02,,-0.5703,-0.2425,3.4036
6986,和迅,2026-10-01,44.0,-0.05,-0.11,180080000,0,紅縮,是,,44.37,42.85,42.43,,7.3295,3.7024,0.4142
6996,力領科技,2026-10-01,169.5,0.0,0.0,17302000,0,綠轉紅,否,,169.7,169.5,173.97,,0.2363,-2.0797,-1.1927
700022,華星光統一5C購01,2026-10-01,3.33,-0.17,-4.86,2000000,0,綠增,否,,3.56,3.54,3.55,,1.1351,-0.7839,3.7107
700024,新應材統一64購02,2026-10-01,0.19,-0.02,-9.52,225000000,0,紅縮,否,,0.2,0.2,0.22,,0.0,-7.907,-5.2632
700025,雙鴻統一5B購01,2026-10-01,1.21,0.0,0.0,2000000,0,紅縮,否,,1.41,1.24,0.91,,30.9833,26.7821,51.7442
700186,中光電統一6A購01,2026-10-01,0.07,0.0,0.0,11000000,0,綠縮,否,,0.07,0.07,0.12,,-5.4054,-32.7103,-21.8241
700190,昇達科統一65購01,2026-10-01,4.1,0.1,2.5,4000000,0,紅增,否,,4.06,4.07,4.1,,-0.3436,-3.9896,1.7361
700192,朋程統一6A購01,2026-10-01,0.38,0.0,0.0,236000000,0,紅增,否,,0.36,0.34,0.37,,13.8365,-4.7619,-1.3316
700194,長聖統一61購01,2026-10-01,0.16,-0.01,-5.88,25000000,0,綠縮,否,,0.17,0.19,0.22,,-15.6863,-10.4762,-14.2035
700201,萬潤統一6A購01,2026-10-01,3.42,-0.47,-12.08,5000000,0,綠增,否,,3.4,3.38,3.42,,0.7715,-4.11,6.9003
700206,雙鴻統一61購02,2026-10-01,0.86,0.02,2.38,10000000,0,紅縮,否,,0.95,0.84,0.72,,30.3279,19.4051,25.2174
700207,雙鴻統一6A購01,2026-10-01,1.16,-0.01,-0.85,56000000,0,紅縮,否,,1.27,1.14,1.0,,24.6063,14.4433,22.4339
700208,騰雲統一6A購01,2026-10-01,1.18,-0.06,-4.84,1000000,0,紅縮,否,,1.17,1.1,1.0,,12.0921,18.5622,7.9718
700258,大綜統一6A購01,2026-10-01,0.82,0.19,30.16,350000000,0,紅增,是,,0.66,0.63,0.59,,8.9701,9.5819,-0.0849
700263,旺矽統一6A購01,2026-10-01,3.13,-0.01,-0.32,94000000,0,綠增,是,,3.34,3.48,3.54,,-7.7391,-2.6861,-1.8013
700264,長聖統一6A購01,2026-10-01,0.27,-0.01,-3.57,280000000,0,綠縮,是,,0.28,0.28,0.3,,-4.8276,-0.7018,-6.0559
700275,雙鴻統一6A購02,2026-10-01,1.39,-0.01,-0.71,60000000,0,紅縮,否,,1.45,1.27,1.13,,32.0583,10.879,24.7377
700277,鑫聯統一5A購01,2026-10-01,0.82,0.03,3.8,21000000,0,,是,,1.22,,,,,,
700345,立碁統一6A購01,2026-10-01,0.68,-0.03,-4.23,49000000,0,紅縮,否,,0.68,0.66,0.63,,5.6075,6.2802,10.7774
700354,聖暉*統一6A購01,2026-10-01,0.51,0.04,8.51,547000000,0,紅增,是,,0.46,0.43,0.44,,13.9303,4.878,-10.9091
700355,撼訊統一6A購01,2026-10-01,0.34,0.07,25.93,11000000,0,,是,,0.27,0.29,,,-11.7647,,
700356,擎亞統一6A購01,2026-10-01,1.54,0.03,1.99,5000000,0,,是,,1.52,1.75,,,-23.3098,-31.7083,
700417,聰泰統一6A購02,2026-10-01,0.41,0.0,0.0,10000000,0,紅增,否,,0.38,0.37,0.36,,10.3448,7.6471,4.3605
700451,臺慶科國票5A購01,2026-10-01,0.91,0.04,4.6,54000000,0,,是,,1.59,,,,,,
700670,中光電統一6A購03,2026-10-01,0.07,-0.02,-22.22,20000000,0,綠縮,否,,0.08,0.07,0.13,,8.3333,-37.5,-16.879
700673,信昌電統一6A購01,2026-10-01,6.95,0.65,10.32,20000000,0,紅縮,是,,6.62,6.23,5.16,,13.3562,17.8139,9.8033
700676,高技統一6A購01,2026-10-01,0.17,0.0,0.0,210000000,0,紅縮,是,,0.17,0.17,0.18,,7.4074,-4.0,2.029
700678,智通*統一6A購01,2026-10-01,0.49,-0.01,-2.0,200000000,0,,是,,0.49,0.54,,,-14.5329,-10.0671,
700681,鈊象統一6A購01,2026-10-01,0.39,0.01,2.63,29000000,0,紅增,否,,0.35,0.33,0.34,,16.5563,3.481,-2.5751
700682,萬潤統一6A購02,2026-10-01,4.39,-0.01,-0.23,2000000,0,紅縮,否,,4.25,4.14,3.67,,5.5087,13.2969,9.2805
700683,雍智統一6A購01,2026-10-01,4.68,0.4,9.35,1000000,0,紅增,否,,4.43,4.52,4.55,,-3.6506,11.7211,-10.5128
700684,雍智統一6A購02,2026-10-01,5.4,-0.05,-0.92,10000000,0,紅縮,否,,5.29,5.32,4.69,,-1.1593,8.888,9.4067
700685,臺慶科統一5A購01,2026-10-01,0.73,0.09,14.06,2000000,0,,否,,0.78,0.99,,,-34.0067,-36.0985,
700688,營邦統一6A購01,2026-10-01,2.55,-0.36,-12.37,18000000,0,紅轉綠,否,,2.93,2.92,2.67,,1.3122,3.8105,9.7556
700708,信立統一6A購01,2026-10-01,0.27,-0.01,-3.57,41000000,0,,否,,0.29,0.3,,,-8.3333,,
700709,神盾統一5C購02,2026-10-01,0.16,0.07,77.78,5000000,0,綠縮,否,,0.12,0.14,0.16,,-31.3953,2.1127,-19.7436
700711,華星光統一6A購01,2026-10-01,3.3,-0.06,-1.79,10000000,0,綠縮,否,,3.37,3.59,3.75,,-11.4556,-8.0707,-1.9723
700712,聖暉*統一6A購02,2026-10-01,0.41,0.03,7.89,972000000,0,紅增,是,,0.38,0.37,0.37,,7.9096,4.2493,-5.0518
700756,威剛統一5C購03,2026-10-01,2.39,0.03,1.27,48000000,0,綠縮,是,,2.38,2.42,2.54,,-3.0894,-6.5947,1.621
700830,中美晶元大5A購01,2026-10-01,2.03,0.03,1.5,29000000,0,紅增,否,,1.47,1.32,1.4,,25.5537,13.6481,-34.1154
700843,世界統一5C購01,2026-10-01,0.8,-0.1,-11.11,91000000,0,紅縮,否,,0.78,0.72,0.7,,16.7665,3.4286,-0.8493
700844,立敦統一5C購01,2026-10-01,0.74,0.17,29.82,31000000,0,,是,,0.84,1.25,,,-49.3976,-29.5378,
700845,臺慶科統一5C購01,2026-10-01,0.46,0.02,4.55,1000000,0,綠增,否,,0.6,0.63,0.96,,-8.2822,-27.9954,-22.0606
700850,臺慶科國票5C購01,2026-10-01,1.43,0.2,16.26,94000000,0,,否,,1.29,,,,,,
700898,力旺統一5A購01,2026-10-01,0.21,-0.05,-19.23,53000000,0,紅縮,否,,0.26,0.19,0.13,,111.2903,78.7037,9.3117
700899,力旺統一6A購01,2026-10-01,0.99,-0.17,-14.66,865000000,0,紅縮,否,,1.06,0.91,0.7,,41.6,38.1098,21.1025
700900,台半統一5C購03,2026-10-01,0.78,-0.01,-1.27,102000000,0,紅增,是,,0.68,0.75,0.6,,-16.7883,14.264,16.3619
700901,尼克森統一5C購01,2026-10-01,0.23,-0.06,-20.69,18000000,0,綠縮,否,,0.3,0.35,0.76,,-25.3731,-52.8859,-20.7023
700902,光頡統一5A購01,2026-10-01,4.1,0.53,14.85,10000000,0,,是,,3.17,2.3,2.61,,122.8933,56.9283,
700904,波若威統一6A購01,2026-10-01,3.45,0.22,6.81,45000000,0,綠縮,否,,3.34,3.4,3.89,,-2.96,-12.7474,-3.9763
700938,中美晶兆豐5A購01,2026-10-01,4.45,0.22,5.2,14000000,0,綠轉紅,否,,3.17,2.89,3.55,,21.8894,4.902,-6.3044
701273,撼訊凱基5B購01,2026-10-01,0.2,0.1,100.0,50000000,0,,是,,0.16,0.21,,,-39.0625,,
701279,雙鴻國票5B購01,2026-10-01,0.9,-0.22,-19.64,30000000,0,紅縮,否,,1.21,0.96,0.75,,72.4432,37.0,53.198
701400,台燿元大5B購02,2026-10-01,8.85,0.05,0.57,5000000,0,,是,,8.31,7.61,8.5,,20.2605,-3.5488,
701434,良維統一6B購01,2026-10-01,0.84,-0.01,-1.18,286000000,0,紅縮,是,,0.82,0.82,0.75,,0.7335,3.7927,9.7455
701438,威剛統一6B購01,2026-10-01,2.24,0.09,4.19,203000000,0,紅增,是,,2.17,2.13,2.16,,3.2412,1.0906,0.0231
701442,雙鴻統一6B購01,2026-10-01,0.6,0.0,0.0,61000000,0,紅縮,否,,0.65,0.6,0.54,,21.5613,12.2411,13.8801
701460,神盾凱基5B購01,2026-10-01,0.18,0.07,63.64,3000000,0,綠縮,否,,0.14,0.18,0.29,,-34.8624,-28.0,-27.478
701473,穩懋統一5B購01,2026-10-01,9.5,-0.25,-2.56,1000000,0,,,,,,,,,,
701474,穩懋統一6B購01,2026-10-01,5.65,0.05,0.89,3000000,0,,是,,5.18,4.85,3.94,,14.5069,28.0021,0.9487
701592,竹陞統一6B購01,2026-10-01,1.01,-0.01,-0.98,30000000,0,綠縮,否,,1.0,1.01,1.03,,-3.1068,-5.145,3.9879
701593,竹陞統一6B購02,2026-10-01,0.9,-0.04,-4.26,94000000,0,紅縮,否,,0.9,0.93,0.92,,-5.4507,-2.8272,4.8055
701615,威剛元大5B購03,2026-10-01,2.35,-0.27,-10.31,202000000,0,,是,,3.0,3.03,,,-2.0874,-6.6174,
701623,元太統一5B購01,2026-10-01,0.01,0.0,0.0,10000000,0,紅增,否,,0.01,0.02,0.06,,-56.25,-39.4737,-54.878
701626,東捷統一5C購01,2026-10-01,3.84,-0.39,-9.22,9000000,0,,是,,3.96,3.5,,,30.3947,-5.3514,
701693,系統電統一5C購01,2026-10-01,0.31,0.01,3.33,50000000,0,,是,,0.27,0.39,0.52,,-46.875,-28.9855,
701694,系統電統一6B購01,2026-10-01,0.52,0.04,8.33,35000000,0,紅增,否,,0.42,0.4,0.42,,15.847,8.5165,-8.7983
701696,宜鼎統一5A購01,2026-10-01,3.07,-0.15,-4.66,15000000,0,,否,,3.43,4.37,,,-35.5154,,
701697,宜鼎統一5C購04,2026-10-01,2.52,0.0,0.0,5000000,0,,是,,3.14,3.42,3.12,,-15.235,6.7083,-22.7818
701699,訊聯統一6B購01,2026-10-01,0.15,-0.01,-6.25,20000000,0,,是,,0.15,0.16,0.19,,-6.0976,-10.1695,
701762,信昌電國票5B購01,2026-10-01,31.6,1.9,6.4,84000000,0,,是,,23.15,,,,,,
701804,巨有統一6B購01,2026-10-01,1.57,-0.1,-5.99,141000000,0,紅縮,是,,1.4,1.22,0.84,,36.0465,55.5556,44.1781
701806,濱川統一6B購01,2026-10-01,0.48,0.01,2.13,20000000,0,紅縮,否,,0.48,0.42,0.35,,34.8315,27.439,17.5585
701807,濱川統一6B購02,2026-10-01,0.39,0.02,5.41,154000000,0,,否,,0.39,0.35,,,31.5436,25.9124,
701808,濱川統一6B購03,2026-10-01,0.5,0.02,4.17,829000000,0,,是,,0.5,0.44,,,31.25,25.0704,
701853,巨有統一6B購02,2026-10-01,2.31,0.06,2.67,306000000,0,紅增,是,,1.94,1.65,1.14,,42.4376,60.2913,45.1654
702125,旺矽元大5B購01,2026-10-01,3.9,-0.55,-12.36,1000000,0,,是,,4.74,5.82,,,-31.2754,,
702312,穩懋中信5A購02,2026-10-01,7.1,-0.2,-2.74,5000000,0,,是,,,,,,,,
702331,昇達科群益5C購01,2026-10-01,16.2,-0.8,-4.71,1000000,0,,否,,17.42,15.71,13.38,,24.4286,35.1398,7.601
702364,順達元大5B購02,2026-10-01,1.15,0.05,4.55,5000000,0,,是,,1.06,1.61,,,-50.9695,-25.4848,
702373,光焱永豐5C購01,2026-10-01,0.79,-0.09,-10.23,15000000,0,,是,,0.75,0.76,,,-1.0499,-15.4018,
702415,雍智元大5C購01,2026-10-01,11.2,0.8,7.69,1000000,0,,是,,10.08,8.1,,,64.5446,-2.2911,
702467,順達凱基5B購01,2026-10-01,3.08,-0.58,-15.85,18000000,0,紅增,否,,3.04,2.87,3.81,,13.1696,-3.2748,-18.0596
702560,昇達科中信5C購01,2026-10-01,4.32,-0.21,-4.64,96000000,0,紅縮,是,,4.63,4.53,4.37,,4.8416,1.0942,1.3338
702592,富喬國票5C購01,2026-10-01,3.04,0.19,6.67,66000000,0,綠縮,是,,2.98,3.09,3.16,,-6.7627,-8.3457,12.2137
702593,富喬國票62購01,2026-10-01,3.01,0.06,2.03,7000000,0,綠增,否,,2.99,3.05,3.09,,-4.0462,-6.4971,14.8141
702605,系統電元大5C購01,2026-10-01,0.21,-0.01,-4.55,614000000,0,,是,,0.17,0.14,0.27,,42.3729,-37.2807,
702627,富喬富邦5C購01,2026-10-01,1.5,0.2,15.38,1000000,0,紅縮,否,,1.51,1.59,1.36,,-9.5694,0.8233,23.3908
702752,台特化統一6C購01,2026-10-01,0.22,0.0,0.0,21000000,0,紅縮,否,,0.24,0.23,0.24,,7.2727,-4.2017,4.2827
702775,訊聯永豐5C購02,2026-10-01,0.23,0.13,130.0,1000000,0,,否,,0.21,,,,,,
702776,新應材永豐5C購01,2026-10-01,0.52,-0.04,-7.14,73000000,0,綠縮,是,,0.5,0.53,1.01,,-8.0292,-43.38,-25.752
702828,勤凱統一5C購01,2026-10-01,0.94,0.21,28.77,5000000,0,,否,,0.8,0.78,,,6.9333,,
702829,勤凱統一6C購01,2026-10-01,1.1,0.19,20.88,10000000,0,紅增,否,,0.96,0.93,0.95,,6.4018,-1.0582,1.7771
702830,擎亞統一6C購01,2026-10-01,1.05,0.03,2.94,50000000,0,,否,,1.01,1.15,1.65,,-21.7054,-21.981,
702885,高技元大5A購02,2026-10-01,0.06,-0.06,-50.0,6000000,0,,否,,0.19,0.28,0.6,,-46.1111,-23.6915,
702919,高技元大5B購02,2026-10-01,0.14,0.0,0.0,10000000,0,,是,,0.14,0.14,0.39,,-2.8169,-59.6542,
702951,新應材永豐5C購02,2026-10-01,0.21,-0.02,-8.7,15000000,0,,否,,0.18,0.76,,,-86.1654,,
703004,鑫科永豐5C購01,2026-10-01,1.31,-0.19,-12.67,31000000,0,,是,,1.2,1.25,,,-7.2419,,
703045,雙鴻中信5C購02,2026-10-01,1.99,-0.43,-17.77,113000000,0,紅縮,否,,2.48,2.18,1.76,,31.4619,15.7923,32.4172
703049,順達永豐5C購01,2026-10-01,2.66,-0.32,-10.74,69000000,0,綠轉紅,否,,2.69,2.41,3.54,,25.3968,-32.1338,-24.4181
703093,順達中信5B購01,2026-10-01,0.72,-0.1,-12.2,229000000,0,,否,,0.73,0.79,0.85,,-13.2701,-5.0602,
703102,穩懋永豐5C購01,2026-10-01,15.5,-0.3,-1.9,1000000,0,,否,,14.42,11.21,,,80.0699,,
703125,台特化元大5A購02,2026-10-01,0.01,0.0,0.0,11000000,0,綠縮,否,,0.02,0.05,0.1,,-78.9474,-54.0,-28.223
703132,聖暉*元大5C購01,2026-10-01,1.39,0.16,13.01,523000000,0,紅增,否,,1.21,1.14,1.17,,12.6629,4.4831,-11.5034
703135,金山電統一5C購02,2026-10-01,1.81,0.22,13.84,14000000,0,,是,,1.62,1.65,2.23,,-3.6861,3.5759,
703136,博智統一5C購01,2026-10-01,0.87,-0.04,-4.4,50000000,0,,否,,0.99,1.13,1.03,,-22.2397,-3.4276,
703144,穩懋中信5C購02,2026-10-01,4.71,-0.08,-1.67,3000000,0,,否,,3.17,,,,,,
703295,信驊群益5B購02,2026-10-01,9.45,-0.15,-1.56,5000000,0,,是,,9.59,8.66,6.91,,24.0621,30.2843,
703296,威剛群益5B購01,2026-10-01,2.09,0.04,1.95,9000000,0,綠縮,否,,2.12,2.27,2.6,,-12.9112,-15.1436,-4.7802
703320,鈊象中信61購01,2026-10-01,0.18,0.02,12.5,12000000,0,綠縮,否,,0.13,0.2,0.29,,-52.2727,-29.8561,-20.0557
703353,富喬凱基5A購02,2026-10-01,0.03,-0.08,-72.73,200000000,0,綠增,否,,0.19,0.63,0.84,,-82.4627,-45.8763,-16.1419
703354,富喬凱基5B購01,2026-10-01,0.69,0.04,6.15,15000000,0,,是,,0.8,1.19,,,-48.659,-14.1926,
703371,富喬國票5B購01,2026-10-01,0.64,-0.06,-8.57,162000000,0,綠增,否,,0.74,0.85,1.01,,-22.4319,-23.8994,11.7517
703372,富喬國票61購01,2026-10-01,1.97,-0.04,-1.99,80000000,0,綠增,是,,2.07,2.31,2.04,,-18.4252,-14.0514,-0.9718
703386,富喬富邦5A購01,2026-10-01,0.04,-0.05,-55.56,75000000,0,綠增,否,,0.23,0.4,0.35,,-59.2334,-21.2476,-12.0406
703389,富喬統一65購01,2026-10-01,0.49,-0.01,-2.0,1161000000,0,綠增,否,,0.51,0.52,0.53,,-4.5113,-5.7971,9.5634
703390,撼訊統一65購01,2026-10-01,0.46,0.15,48.39,1440000000,0,,是,,0.33,0.32,0.33,,4.4025,1.5625,-7.5104
703401,富喬中信61購01,2026-10-01,0.5,0.09,21.95,20000000,0,綠增,否,,0.54,0.56,0.52,,-5.5944,-5.1195,10.0213
703420,富喬元大61購02,2026-10-01,0.78,-0.02,-2.5,675000000,0,綠增,是,,0.84,0.93,0.81,,-16.7653,0.1078,20.6742
703443,安碁元富61購01,2026-10-01,1.17,-0.04,-3.31,16000000,0,綠增,否,,1.25,1.46,1.42,,-24.8499,4.0656,-9.9304
703465,台特化統一71購01,2026-10-01,0.34,0.0,0.0,23000000,0,紅增,否,,0.31,0.3,0.3,,9.1549,-2.9412,-0.1669
703468,宏捷科統一71購01,2026-10-01,0.44,0.01,2.33,713000000,0,紅增,是,,0.41,0.4,0.43,,5.0761,-3.8095,-3.7904
703470,欣銓統一5C購01,2026-10-01,2.44,0.09,3.83,20000000,0,,是,,2.81,2.41,2.38,,39.4632,8.6604,
703471,欣銓統一61購01,2026-10-01,2.31,0.0,0.0,20000000,0,,否,,2.69,2.36,,,31.8627,,
703474,金益鼎統一65購01,2026-10-01,0.27,-0.03,-10.0,2000000,0,綠增,否,,0.29,0.34,0.37,,-26.3959,-10.705,-11.1772
703476,神盾統一61購01,2026-10-01,0.17,0.01,6.25,151000000,0,,是,,0.18,0.23,0.34,,-33.0882,-34.2029,-14.4654
703478,穩得統一65購01,2026-10-01,0.44,0.01,2.33,20000000,0,綠增,否,,0.47,0.53,0.57,,-20.2703,-5.3381,-11.4219
703481,穩懋統一5C購02,2026-10-01,6.15,-0.05,-0.81,2000000,0,,否,,5.46,4.74,,,36.1416,14.9199,
703483,穩懋統一6C購01,2026-10-01,3.35,-0.07,-2.05,34000000,0,紅縮,是,,3.14,3.03,2.36,,7.9725,26.4522,17.4378
703581,臺慶科凱基5C購01,2026-10-01,1.67,0.3,21.9,109000000,0,紅增,否,,1.49,1.48,1.79,,1.5027,-13.1331,-17.1111
703604,欣銓國票61購01,2026-10-01,3.55,-0.08,-2.2,1000000,0,,否,,4.24,3.75,3.47,,29.6206,21.8182,
703618,長科*統一64購01,2026-10-01,1.04,-0.04,-3.7,8000000,0,紅縮,否,,1.12,1.14,1.2,,-3.6145,-2.0601,-0.373
703619,家登統一6C購01,2026-10-01,0.86,-0.01,-1.15,129000000,0,紅縮,否,,0.84,0.82,0.79,,5.5276,3.0227,6.3588
703632,穩懋凱基5C購01,2026-10-01,14.9,-0.6,-3.87,12000000,0,,是,,14.0,11.42,10.11,,58.371,40.727,
703651,家登元大5C購02,2026-10-01,1.84,0.0,0.0,1000000,0,,否,,1.56,1.59,1.7,,-3.7083,11.049,-13.5602
703660,聖暉*元大5C購02,2026-10-01,1.11,0.15,15.62,389000000,0,紅增,是,,0.94,0.89,0.95,,11.0849,0.7883,-13.5098
703682,家登元大5C購03,2026-10-01,1.31,-0.05,-3.68,62000000,0,,否,,1.23,1.21,1.43,,4.7538,3.4305,
703728,順達元大5A購03,2026-10-01,1.34,-0.16,-10.67,2000000,0,,否,,1.34,2.1,,,-53.1469,,
703771,系統電凱基5C購01,2026-10-01,0.26,-0.02,-7.14,470000000,0,紅增,是,,0.16,0.15,0.22,,10.9589,-27.0142,-46.1443
703785,世界國票61購01,2026-10-01,3.76,0.38,11.24,54000000,0,紅增,否,,3.29,2.98,2.65,,23.4985,22.9149,1.0886
703823,弘塑永豐5A購01,2026-10-01,0.15,-0.24,-61.54,60000000,0,,是,,1.35,,,,,,
703837,系統電元大5B購02,2026-10-01,0.06,0.01,20.0,5000000,0,綠縮,否,,0.03,0.06,0.19,,-69.3878,-68.4729,-35.533
703838,順達元大5A購04,2026-10-01,2.74,-0.09,-3.18,6000000,0,,否,,2.5,2.7,,,-13.9118,-19.917,
703839,聖暉*元大5B購01,2026-10-01,2.4,0.4,20.0,2000000,0,,否,,1.8,2.02,3.87,,-19.5886,-39.4658,-21.9249
703842,世界凱基61購01,2026-10-01,6.2,0.25,4.2,21000000,0,紅增,否,,5.58,5.04,4.77,,23.7799,24.3283,-15.9743
703860,世界統一61購01,2026-10-01,1.27,0.1,8.55,4000000,0,紅增,否,,1.04,0.89,0.97,,40.0538,13.758,-18.3836
703861,世界統一71購01,2026-10-01,0.97,0.06,6.59,53000000,0,紅增,否,,0.9,0.87,0.82,,7.6555,8.9084,3.7389
703862,巨漢統一61購01,2026-10-01,0.58,0.05,9.43,20000000,0,綠縮,否,,0.6,0.67,0.95,,-17.9348,-29.6218,-18.8276
703864,光頡統一61購01,2026-10-01,3.43,0.42,13.95,8000000,0,,否,,3.05,2.65,1.89,,35.6128,52.9107,-0.6842
703865,光頡統一71購01,2026-10-01,2.44,0.32,15.09,138000000,0,紅增,是,,2.19,2.04,1.63,,16.7199,28.4722,10.9412
703869,捷創統一71購01,2026-10-01,0.32,0.01,3.23,769000000,0,紅增,是,,0.31,0.3,0.3,,6.1224,2.0202,1.8456
703871,富強鑫統一71購01,2026-10-01,0.6,-0.01,-1.64,373000000,0,,是,,0.55,,,,,,
703873,崴寶統一71購01,2026-10-01,1.21,0.02,1.68,151000000,0,紅縮,否,,1.2,1.16,1.16,,6.9519,-0.3433,3.8891
703874,鉅橡統一61購01,2026-10-01,0.25,0.01,4.17,15000000,0,紅增,否,,0.27,0.33,0.41,,-32.6633,-21.4623,-27.1749
703879,臺慶科統一71購01,2026-10-01,0.93,0.09,10.71,54000000,0,紅增,否,,0.86,0.86,0.92,,-0.4619,-2.9213,-2.1243
703880,穩懋統一61購02,2026-10-01,4.24,-0.06,-1.4,6000000,0,紅縮,否,,3.87,3.37,2.55,,35.1012,48.4141,11.8901
703881,穩懋統一61購03,2026-10-01,3.66,-0.04,-1.08,3000000,0,,否,,3.14,2.72,2.81,,36.7276,19.771,
703882,穩懋統一71購01,2026-10-01,2.7,-0.06,-2.17,8000000,0,紅增,否,,2.53,2.38,2.04,,13.4771,16.5277,7.6213
703914,聖暉*凱基61購01,2026-10-01,1.73,0.28,19.31,373000000,0,,是,,1.42,1.31,2.13,,18.8963,1.3158,
703942,聖暉*元大5B購02,2026-10-01,2.15,0.24,12.57,400000000,0,紅增,是,,1.85,1.72,1.76,,15.8093,5.4568,-13.0113
703954,世界永豐5A購01,2026-10-01,2.18,0.44,25.29,7000000,0,紅增,否,,1.6,1.28,1.24,,67.1548,35.4189,-16.8231
703962,中美晶統一61購01,2026-10-01,1.83,0.04,2.23,57000000,0,紅增,是,,1.52,1.42,1.43,,15.1057,2.5198,-18.4391
703966,台半統一71購01,2026-10-01,1.39,0.04,2.96,88000000,0,紅增,否,,1.36,1.34,1.32,,2.8832,1.9055,2.8884
703967,台半統一71購02,2026-10-01,1.02,0.02,2.0,124000000,0,紅增,否,,1.0,0.98,0.96,,4.8218,2.6261,4.5902
703968,台星科統一71購01,2026-10-01,0.94,-0.02,-2.08,1599000000,0,紅縮,是,,0.93,0.9,0.89,,7.8886,2.0501,8.5575
703969,弘塑統一61購02,2026-10-01,0.88,-0.21,-19.27,198000000,0,紅縮,否,,0.98,0.96,1.01,,2.521,-5.5828,-4.6698
703970,弘塑統一61購03,2026-10-01,1.13,-0.21,-15.67,90000000,0,,否,,1.22,1.2,1.23,,4.2589,-5.367,-3.5952
703971,光頡統一61購02,2026-10-01,3.72,0.67,21.97,95000000,0,紅增,否,,3.23,2.51,1.66,,81.3692,86.5327,11.5113
703975,佶優統一71購01,2026-10-01,0.42,0.0,0.0,22000000,0,紅增,否,,0.42,0.43,0.42,,-3.2258,1.1848,-7.2687
703976,信昌電統一61購01,2026-10-01,10.6,0.1,0.95,2000000,0,,否,,8.32,7.6,,,20.9241,-14.4978,
703978,富強鑫統一61購02,2026-10-01,0.17,0.01,6.25,4365000000,0,,是,,0.15,0.15,0.16,,-9.8765,-4.9383,
703979,順達統一5C購05,2026-10-01,0.87,-0.02,-2.25,456000000,0,,是,,0.86,0.77,,,25.0729,,
703980,順達統一61購01,2026-10-01,0.64,-0.04,-5.88,214000000,0,紅增,否,,0.63,0.6,0.59,,8.9965,-4.7319,-6.3847
703983,精材統一61購01,2026-10-01,4.73,0.03,0.64,2000000,0,紅縮,否,,4.65,4.45,3.76,,9.7124,21.8964,19.293
703984,廣明統一61購01,2026-10-01,0.02,0.0,0.0,10000000,0,紅增,否,,0.02,0.01,0.02,,60.0,-23.5294,-28.9855
703991,元債20凱基71購01,2026-10-01,0.45,-0.04,-8.16,2000000,0,綠增,否,,0.53,0.59,0.68,,-17.8462,-12.426,-15.2322
704011,元太統一61購01,2026-10-01,0.08,0.0,0.0,50000000,0,紅增,是,,0.09,0.09,0.13,,-12.2449,-16.3636,-34.3669
704012,世禾統一71購01,2026-10-01,0.37,0.01,2.78,218000000,0,,否,,0.36,0.35,0.38,,7.1006,0.5747,-7.5795
704017,巨漢統一71購01,2026-10-01,0.83,0.01,1.22,182000000,0,綠轉紅,否,,0.79,0.78,0.89,,3.1332,-1.6435,-11.8056
704018,光頡統一61購03,2026-10-01,3.22,0.59,22.43,2000000,0,紅增,否,,2.84,2.49,1.8,,31.907,49.1029,11.1694
704019,均華統一61購01,2026-10-01,0.85,0.19,28.79,100000000,0,綠縮,否,,0.71,0.92,0.91,,-36.5419,-16.0256,0.6608
704023,金益鼎統一61購01,2026-10-01,0.17,0.01,6.25,100000000,0,,否,,0.21,0.29,0.36,,-40.884,-18.4136,-21.4363
704025,創惟統一61購01,2026-10-01,0.16,0.01,6.67,1000000,0,綠縮,否,,0.16,0.18,0.28,,-25.4717,-27.1654,-21.4993
704027,穩懋統一61購04,2026-10-01,3.72,0.01,0.27,30000000,0,,是,,3.2,3.1,,,6.383,,
704029,穩懋統一71購02,2026-10-01,2.86,-0.06,-2.05,6000000,0,紅縮,否,,2.69,2.46,2.03,,20.483,22.3932,17.1148
704041,聖暉*元大5C購03,2026-10-01,1.0,0.14,16.28,274000000,0,紅增,是,,0.85,0.8,0.84,,13.0319,2.8241,-15.0051
704084,中探針統一67購01,2026-10-01,4.25,-0.15,-3.41,1000000,0,,是,,4.31,5.62,,,-37.7489,-22.3481,
704086,世界統一64購01,2026-10-01,0.93,0.04,4.49,283000000,0,紅增,是,,0.9,0.84,0.76,,14.5038,19.5745,-3.3715
704087,世紀*統一71購01,2026-10-01,1.17,0.01,0.86,21000000,0,綠縮,否,,1.09,1.11,1.01,,-3.5461,5.6244,24.7073
704088,世紀*統一71購02,2026-10-01,1.16,0.11,10.48,9000000,0,,否,,1.14,1.37,,,-28.8221,-7.2641,
704089,台半統一61購02,2026-10-01,1.07,0.06,5.94,428000000,0,紅增,否,,1.04,1.0,0.95,,8.1081,4.5977,-18.766
704090,台半統一71購03,2026-10-01,1.23,0.03,2.5,114000000,0,紅增,是,,1.19,1.17,1.16,,4.7368,-0.1711,4.2171
704091,巨漢統一71購02,2026-10-01,0.65,-0.01,-1.52,623000000,0,紅增,否,,0.64,0.65,0.69,,-3.3435,-5.9593,-10.3896
704092,光頡統一64購01,2026-10-01,2.25,0.37,19.68,3000000,0,,否,,1.82,1.46,1.77,,64.4928,16.8,-1.0045
704093,系統電統一71購01,2026-10-01,0.38,0.01,2.7,1000000,0,紅增,否,,0.33,0.31,0.34,,12.4138,6.9444,-7.973
704096,金山電統一71購01,2026-10-01,1.16,0.1,9.43,715000000,0,紅增,是,,1.09,1.09,1.07,,0.7394,-1.3624,-0.7903
704100,信昌電統一71購01,2026-10-01,3.1,0.3,10.71,13000000,0,綠縮,否,,2.9,3.14,2.9,,-14.0995,-2.6373,13.689
704101,家登統一61購02,2026-10-01,0.46,-0.02,-4.17,12000000,0,紅增,否,,0.45,0.42,0.42,,15.3061,3.4314,-1.6317
704102,能率亞統一61購01,2026-10-01,1.03,0.03,3.0,20000000,0,,是,,1.22,1.24,1.36,,-3.3175,-7.228,
704109,穩懋統一61購05,2026-10-01,3.41,-0.01,-0.29,29000000,0,紅增,否,,3.06,2.75,2.01,,25.2046,46.0722,33.8538
704110,鑫科統一71購01,2026-10-01,0.71,-0.02,-2.74,12000000,0,,否,,0.67,0.88,,,-37.5926,-19.0212,
704134,鑫科群益5A購01,2026-10-01,0.11,0.0,0.0,1000000,0,綠縮,否,,0.19,0.33,0.67,,-59.8291,-47.4359,-28.0749
704151,系統電凱基5A購01,2026-10-01,0.01,0.0,0.0,4000000,0,,是,,0.18,,,,,,
704191,家登元富5C購01,2026-10-01,1.94,0.04,2.11,1000000,0,,是,,1.86,1.77,1.76,,10.083,11.3836,-4.8043
704202,鑫科永豐61購01,2026-10-01,0.34,-0.06,-15.0,302000000,0,,是,,0.39,0.57,0.83,,-48.1481,-37.8788,
704203,中美晶統一71購01,2026-10-01,1.33,-0.02,-1.48,426000000,0,紅增,否,,1.17,1.11,1.06,,11.6635,8.2111,2.0614
704205,世紀*統一61購01,2026-10-01,1.12,0.08,7.69,1294000000,0,綠縮,否,,0.9,0.92,1.08,,-4.8832,-18.3837,19.0055
704206,世紀*統一71購03,2026-10-01,1.0,0.04,4.17,1789000000,0,綠縮,是,,0.87,0.8,0.87,,17.2973,-5.3004,19.6416
704207,合晶統一71購01,2026-10-01,4.08,0.01,0.25,81000000,0,紅增,否,,3.67,3.42,3.42,,15.6171,4.5177,4.3511
704211,宜鼎統一63購01,2026-10-01,1.79,-0.09,-4.79,5000000,0,綠縮,否,,1.85,1.89,2.2,,-4.9434,-11.9479,-2.1826
704218,信昌電統一71購02,2026-10-01,3.46,0.23,7.12,29000000,0,紅縮,是,,3.36,3.35,3.0,,0.9004,6.9329,11.0022
704220,家登統一71購01,2026-10-01,0.81,-0.01,-1.22,28000000,0,紅縮,否,,0.8,0.78,0.77,,4.9869,0.9044,6.9182
704225,廣運統一71購01,2026-10-01,0.33,0.01,3.12,1000000,0,,是,,0.32,0.34,,,-8.0,-9.9196,
704256,富喬永豐5B購01,2026-10-01,0.82,-0.06,-6.82,373000000,0,綠增,否,,0.89,0.96,1.06,,-13.5922,-17.8082,13.8651
704257,富喬永豐5C購01,2026-10-01,0.9,-0.06,-6.25,824000000,0,綠增,否,,0.99,1.06,1.15,,-12.8975,-15.1442,14.8371
704258,富喬永豐64購01,2026-10-01,1.7,0.05,3.03,555000000,0,綠增,否,,1.7,1.74,1.79,,-5.2455,-8.6387,14.0083
704260,聖暉*永豐61購01,2026-10-01,1.69,0.15,9.74,199000000,0,紅增,是,,1.48,1.39,1.4,,14.2195,6.862,-21.8182
704277,鈊象富邦5A購01,2026-10-01,0.13,0.0,0.0,360000000,0,紅增,否,,0.1,0.08,0.18,,62.5,-16.8317,-28.4861
704280,世界統一71購02,2026-10-01,0.76,0.03,4.11,24000000,0,紅增,否,,0.72,0.68,0.63,,14.557,13.5678,6.4681
704281,台星科統一61購02,2026-10-01,0.5,-0.02,-3.85,443000000,0,紅縮,否,,0.49,0.46,0.45,,13.4884,3.8462,-9.6677
704282,宜鼎統一71購01,2026-10-01,2.11,0.0,0.0,11000000,0,紅增,否,,2.12,2.12,2.33,,-0.5639,-5.1408,-0.7245
704283,東捷統一71購01,2026-10-01,2.57,-0.31,-10.76,3000000,0,紅縮,是,,2.56,2.25,2.18,,32.4716,18.1914,-1.8885
704287,富喬統一61購01,2026-10-01,0.28,-0.02,-6.67,60000000,0,綠增,否,,0.34,0.39,0.36,,-21.1009,-8.4507,17.8689
704288,富喬統一61購02,2026-10-01,0.53,-0.01,-1.85,3000000,0,綠增,否,,0.56,0.63,0.63,,-20.9632,-11.855,19.4497
704290,富喬統一61購04,2026-10-01,0.39,-0.03,-7.14,221000000,0,綠增,否,,0.42,0.45,0.46,,-12.9167,-12.3047,16.6667
704291,富喬統一64購01,2026-10-01,0.53,-0.15,-22.06,10000000,0,,否,,0.64,0.68,0.56,,-11.326,7.3899,12.4623
704292,富喬統一65購02,2026-10-01,0.53,-0.03,-5.36,10000000,0,綠增,否,,0.58,0.64,0.55,,-17.4785,1.92,7.0312
704293,富喬統一6C購01,2026-10-01,0.54,-0.01,-1.82,1000000,0,紅縮,否,,0.63,0.62,0.51,,2.6144,11.1111,15.8676
704294,富喬統一71購01,2026-10-01,0.64,0.01,1.59,1000000,0,綠增,否,,0.66,0.67,0.66,,-2.6393,-2.1802,12.425
704297,新復興統一71購02,2026-10-01,0.22,0.0,0.0,30000000,0,,是,,0.23,,,,,,
704298,聖暉*統一67購01,2026-10-01,0.68,0.05,7.94,124000000,0,紅增,否,,0.61,0.58,0.57,,13.3333,5.4945,-8.1665
704315,系統電元大5B購03,2026-10-01,0.11,0.01,10.0,5000000,0,,是,,0.07,0.09,,,-41.6667,-62.5984,
704322,聖暉*元大61購01,2026-10-01,3.18,0.29,10.03,201000000,0,紅增,是,,2.84,2.7,2.7,,11.1894,4.7342,-8.7793
704348,合晶統一61購01,2026-10-01,6.75,0.2,3.05,1000000,0,綠縮,否,,5.35,4.49,6.37,,47.4119,-29.5326,-2.0824
704351,精測統一61購01,2026-10-01,0.37,-0.03,-7.5,291000000,0,綠增,否,,0.48,0.54,0.56,,-21.1221,-13.28,0.7214
704352,精測統一61購02,2026-10-01,0.45,0.03,7.14,20000000,0,綠增,否,,0.54,0.66,0.61,,-29.8969,-8.078,5.821
704353,精測統一71購01,2026-10-01,1.02,-0.06,-5.56,1301000000,0,綠增,否,,1.16,1.26,1.26,,-14.1593,-9.1565,2.1484
704365,精測永豐5A購01,2026-10-01,0.2,-0.1,-33.33,36000000,0,綠增,否,,0.63,0.77,0.77,,-30.5495,-23.8142,3.6585
704370,世界國票5B購01,2026-10-01,1.04,0.13,14.29,127000000,0,紅增,否,,0.84,0.74,0.72,,30.1242,20.684,0.0
704373,精測國票5A購01,2026-10-01,0.11,0.01,10.0,4000000,0,綠增,否,,0.21,0.33,0.46,,-52.2523,-39.9267,-2.2105
704382,精測凱基5B購01,2026-10-01,0.75,0.3,66.67,10000000,0,,是,,1.54,2.09,,,-41.4134,,
704394,系統電元大61購01,2026-10-01,0.3,-0.18,-37.5,165000000,0,紅增,否,,0.25,0.18,0.22,,117.2414,21.0526,-18.4906
704401,信昌電富邦5C購01,2026-10-01,10.6,0.6,6.0,56000000,0,紅縮,是,,10.48,10.0,7.49,,10.1998,21.3722,14.5588
704419,力旺元大5A購01,2026-10-01,4.06,-1.09,-21.17,6000000,0,紅縮,是,,3.73,3.0,2.6,,64.0598,51.005,24.142
704421,中美晶元大5C購01,2026-10-01,2.94,0.21,7.69,4000000,0,,是,,2.26,2.0,,,30.9028,5.0553,
704492,鈊象元大5B購01,2026-10-01,0.86,0.16,22.86,536000000,0,紅增,否,,0.63,0.52,0.71,,53.1401,-15.62,-18.2976
704506,系統電永豐5C購01,2026-10-01,0.22,0.0,0.0,46000000,0,,否,,0.16,,,,,,
704507,亞電永豐5B購01,2026-10-01,2.11,-0.89,-29.67,420000000,0,綠縮,是,,2.06,2.2,2.58,,-12.1806,-23.2242,2.2213
704532,大中統一5C購01,2026-10-01,1.9,-0.04,-2.06,13000000,0,,是,,1.79,2.16,,,-29.137,-26.5986,
704533,大中統一71購01,2026-10-01,1.52,0.05,3.4,297000000,0,,是,,1.48,1.45,1.5,,3.7921,-0.8202,-11.0947
704534,台半統一5C購04,2026-10-01,1.14,0.06,5.56,1000000,0,綠縮,否,,1.11,1.02,1.51,,18.5897,-5.9743,-20.0212
704536,尼克森統一5B購01,2026-10-01,0.68,0.06,9.68,10000000,0,綠縮,否,,0.71,0.67,1.23,,13.4615,-25.0,-21.9822
704537,巨漢統一5C購01,2026-10-01,0.51,0.0,0.0,111000000,0,,是,,0.54,0.58,,,-13.2686,-14.0089,
704538,合晶統一61購02,2026-10-01,5.9,0.05,0.85,12000000,0,紅增,否,,5.28,4.79,4.46,,22.6871,13.6148,9.587
704546,長科*統一71購01,2026-10-01,0.68,-0.01,-1.45,72000000,0,紅縮,否,,0.7,0.7,0.73,,0.2849,-1.6783,2.1097
704548,昱展統一61購01,2026-10-01,0.01,0.0,0.0,10000000,0,,否,,0.01,0.01,0.02,,0.0,0.0,
704549,茂迪統一5B購01,2026-10-01,0.26,-0.07,-21.21,177000000,0,紅增,否,,0.28,0.27,0.33,,10.3175,-14.5161,-18.3599
704550,能率亞統一61購02,2026-10-01,0.48,0.01,2.13,121000000,0,綠縮,是,,0.44,0.46,0.53,,-9.5041,-12.8544,-7.8652
704553,雍智統一71購01,2026-10-01,5.95,0.05,0.85,2000000,0,紅增,否,,5.49,5.27,4.7,,8.799,7.7741,13.043
704560,系統電凱基5B購01,2026-10-01,0.18,0.02,12.5,132000000,0,,否,,0.11,0.13,0.42,,-29.4872,-61.4493,
704579,合晶元大5A購01,2026-10-01,19.6,1.8,10.11,2000000,0,,是,,15.44,19.36,,,-33.677,-7.7656,
704590,能率亞統一63購01,2026-10-01,0.54,0.02,3.85,1000000,0,綠縮,否,,0.52,0.56,0.59,,-15.4098,-10.6349,-7.7519
704591,能率亞統一71購02,2026-10-01,0.81,0.01,1.25,82000000,0,綠縮,是,,0.78,0.79,0.85,,-1.7544,-4.9279,-2.8145
704605,系統電凱基5B購02,2026-10-01,0.38,-0.01,-2.56,294000000,0,,是,,0.28,0.57,,,-66.5094,-40.4837,
704628,中光電統一61購01,2026-10-01,0.02,-0.03,-60.0,20000000,0,綠增,否,,0.24,0.3,0.28,,-34.8066,3.4602,-11.7829
704665,鈊象元大5C購01,2026-10-01,0.79,0.12,17.91,707000000,0,紅增,否,,0.61,0.5,0.6,,56.9948,-6.4151,-8.7812
704685,穩懋永豐5A購02,2026-10-01,9.2,-0.3,-3.16,9000000,0,紅增,否,,8.16,7.38,6.05,,23.6364,25.6598,30.0613
704719,世界永豐5B購01,2026-10-01,0.15,0.02,15.38,20000000,0,,是,,0.18,0.71,,,-85.0649,,
704725,家登永豐5B購01,2026-10-01,2.07,-0.1,-4.61,30000000,0,紅縮,否,,2.03,2.04,2.06,,-1.8411,-7.4661,2.6106
704781,點序群益62購01,2026-10-01,0.53,0.3,130.43,1000000,0,紅增,否,,0.23,0.16,0.18,,182.9268,63.5417,-22.4891
704839,擎亞國票5A購01,2026-10-01,0.01,0.0,0.0,10000000,0,綠縮,否,,0.08,0.39,1.67,,-89.1429,-70.4718,-47.803
704842,台星科富邦5B購01,2026-10-01,0.41,-0.09,-18.0,301000000,0,紅縮,否,,0.43,0.41,0.45,,10.7143,-4.8387,1.2346
704846,智通*富邦5A購01,2026-10-01,0.03,-0.09,-75.0,50000000,0,綠增,否,,0.15,0.22,0.29,,-47.9452,-7.8838,-29.976
704848,順達富邦5A購01,2026-10-01,0.14,-0.28,-66.67,40000000,0,,是,,0.51,0.71,1.08,,-43.5165,-43.3121,
704893,青雲永豐5A購01,2026-10-01,13.9,0.1,0.72,5000000,0,紅縮,否,,14.26,13.54,12.7,,11.2324,10.2157,-3.1286
704895,世界統一62購01,2026-10-01,0.74,0.03,4.23,1111000000,0,紅增,否,,0.67,0.61,0.57,,21.8182,20.7921,4.4995
704896,台星科統一62購01,2026-10-01,0.71,-0.05,-6.58,751000000,0,紅縮,否,,0.74,0.68,0.68,,16.8254,4.5942,6.0298
704897,台燿統一62購01,2026-10-01,4.96,0.12,2.48,13000000,0,紅增,否,,4.75,4.4,4.6,,17.0611,5.3614,5.2415
704900,茂達統一62購01,2026-10-01,0.52,0.03,6.12,1123000000,0,紅增,是,,0.5,0.51,0.56,,-0.7874,-8.167,-6.7276
704905,穩懋統一72購01,2026-10-01,2.84,-0.05,-1.73,1000000,0,,否,,2.66,2.53,2.09,,10.9076,19.2,
704925,系統電元大62購01,2026-10-01,0.32,0.0,0.0,713000000,0,紅增,是,,0.31,0.26,0.36,,45.283,-18.239,-17.3714
704929,勤凱元大5A購02,2026-10-01,3.13,0.96,44.24,26000000,0,,是,,2.64,2.68,,,-2.7226,,
704937,茂迪富邦61購01,2026-10-01,0.18,-0.05,-21.74,150000000,0,紅縮,否,,0.19,0.18,0.22,,12.0482,-7.3684,-10.303
704941,印能國票5A購01,2026-10-01,5.0,0.62,14.16,10000000,0,,否,,5.14,,,,,,
704946,閎康統一72購01,2026-10-01,0.58,-0.01,-1.69,10000000,0,綠縮,否,,0.57,0.61,0.65,,-13.1098,-6.6971,-12.5167
704950,耀勝統一5C購03,2026-10-01,0.01,0.0,0.0,10000000,0,紅增,否,,0.01,0.01,0.07,,-50.0,-54.5455,-55.0
704951,鑫科統一72購01,2026-10-01,0.72,-0.03,-4.0,2000000,0,,否,,0.7,0.78,0.93,,-18.0328,-19.2308,
704952,鑫聯統一72購01,2026-10-01,0.78,0.03,4.0,50000000,0,,是,,0.74,0.86,,,-24.0741,-14.3287,
704954,系微兆豐62購01,2026-10-01,2.21,-0.07,-3.07,31000000,0,紅增,否,,2.21,2.04,2.12,,18.143,4.1263,-17.1423
704997,雙鴻元大5B購01,2026-10-01,1.59,-0.35,-18.04,94000000,0,,是,,2.01,1.76,,,32.5428,23.0823,
704998,雙鴻元大61購02,2026-10-01,1.06,-0.72,-40.45,1000000,0,,是,,1.07,1.0,,,14.3162,25.0623,
705002,世界富邦5C購02,2026-10-01,1.09,0.04,3.81,145000000,0,紅增,否,,0.98,0.88,0.76,,24.9364,25.3901,4.318
705003,世界統一72購01,2026-10-01,0.95,0.02,2.15,60000000,0,紅增,否,,0.9,0.86,0.79,,8.7167,12.3859,3.0124
705005,茂迪統一72購01,2026-10-01,0.39,-0.03,-7.14,2000000,0,紅增,否,,0.39,0.39,0.42,,1.0256,-0.5076,-8.3605
705008,湧德統一61購03,2026-10-01,0.19,0.0,0.0,10000000,0,綠縮,否,,0.19,0.23,0.28,,-24.8062,-14.3939,-23.5772
705009,穩懋統一72購03,2026-10-01,3.0,0.09,3.09,4000000,0,紅增,否,,2.74,2.62,2.15,,9.0909,22.8679,15.9643
705010,穩懋統一72購04,2026-10-01,2.56,-0.11,-4.12,17000000,0,紅縮,否,,2.42,2.29,2.02,,12.1521,10.4297,17.2614
705063,穩懋元大61購02,2026-10-01,3.08,-0.02,-0.65,5000000,0,紅增,是,,2.76,2.46,2.08,,27.7264,15.2479,23.7585
705084,精測群益62購03,2026-10-01,0.4,-0.05,-11.11,1953000000,0,綠增,否,,0.54,0.68,0.72,,-33.8235,-21.5278,-2.9471
705089,新應材富邦63購01,2026-10-01,0.15,0.01,7.14,4000000,0,,否,,0.17,0.27,0.34,,-53.0055,-25.0696,-26.2703
705091,正淩統一62購01,2026-10-01,0.49,-0.19,-27.94,1487000000,0,紅縮,是,,0.52,0.46,0.43,,32.1429,13.75,-10.7803
705092,正淩統一65購01,2026-10-01,0.48,-0.12,-20.0,551000000,0,紅縮,是,,0.48,0.45,0.42,,13.2701,12.5,1.3398
705096,精測統一62購01,2026-10-01,0.1,-0.02,-16.67,345000000,0,紅轉綠,否,,0.19,0.19,0.19,,-3.0612,-10.2326,1.6304
705097,精測統一64購02,2026-10-01,0.4,-0.07,-14.89,110000000,0,紅縮,是,,0.56,0.56,0.51,,-1.0638,20.1285,-12.0482
705098,精測統一72購01,2026-10-01,1.21,0.27,28.72,1000000,0,,否,,1.21,1.25,1.13,,-6.8006,10.3266,-1.3561
705099,雙鴻統一62購03,2026-10-01,0.92,-0.01,-1.08,1157000000,0,,否,,1.06,0.92,0.76,,36.0614,22.4138,
705100,鑫科統一62購01,2026-10-01,0.36,-0.06,-14.29,10000000,0,綠縮,否,,0.35,0.36,0.52,,-5.8824,-23.5789,-21.4232
705111,系統電永豐61購01,2026-10-01,0.77,-0.05,-6.1,363000000,0,紅增,否,,0.56,0.57,0.64,,-3.7543,1.4109,-27.1845
705126,大中統一62購01,2026-10-01,1.35,0.1,8.0,5000000,0,,是,,1.6,2.13,,,-39.789,,
705128,良維統一72購01,2026-10-01,1.34,-0.04,-2.9,192000000,0,紅縮,否,,1.35,1.31,1.19,,6.3191,7.0492,3.1142
705130,長科*統一72購01,2026-10-01,1.09,-0.01,-0.91,80000000,0,紅縮,是,,1.12,1.13,1.15,,-2.1016,-2.5862,1.4054
705131,茂迪統一61購01,2026-10-01,0.12,-0.03,-20.0,60000000,0,,是,,0.14,0.17,0.29,,-27.8351,-40.3571,
705132,茂迪統一72購02,2026-10-01,0.41,-0.04,-8.89,3000000,0,紅增,否,,0.42,0.4,0.42,,10.0529,-2.934,-7.4317
705138,良維中信5C購01,2026-10-01,2.0,-0.07,-3.38,23000000,0,,否,,1.99,1.97,1.81,,1.8462,2.9289,
705143,正淩國票5B購01,2026-10-01,0.3,-0.26,-46.43,27000000,0,,否,,0.4,0.52,,,-35.9873,,
705161,雙鴻元大61購03,2026-10-01,2.48,-0.65,-20.77,10000000,0,,是,,2.23,1.7,,,91.4237,96.4162,
705171,系統電凱基61購01,2026-10-01,0.63,-0.02,-3.08,531000000,0,,是,,0.51,0.43,0.67,,46.0227,-9.4142,
705179,雙鴻凱基5C購02,2026-10-01,1.76,-0.16,-8.33,2000000,0,紅縮,否,,2.3,1.95,1.51,,43.8048,22.9798,44.6249
705186,閎康富邦5A購01,2026-10-01,0.39,-0.03,-7.14,2000000,0,,是,,1.35,1.77,,,-38.5388,,
705188,元太統一62購01,2026-10-01,0.16,0.0,0.0,50000000,0,紅增,否,,0.16,0.17,0.21,,-11.9565,-8.9474,-26.1101
705190,弘塑統一72購01,2026-10-01,1.18,-0.04,-3.28,132000000,0,紅縮,是,,1.21,1.2,1.22,,0.5,-2.3539,-2.0408
705191,正淩統一72購01,2026-10-01,0.7,-0.09,-11.39,2000000,0,,是,,0.71,0.65,,,20.0,-3.2787,
705193,宜鼎統一72購01,2026-10-01,1.28,0.0,0.0,37000000,0,綠轉紅,否,,1.28,1.29,1.44,,-0.6192,-6.2591,-6.4842
705194,崴寶統一64購01,2026-10-01,0.73,0.02,2.82,50000000,0,,是,,0.74,0.75,0.71,,-2.6385,8.0925,
705195,崴寶統一72購01,2026-10-01,1.02,0.0,0.0,91000000,0,紅縮,否,,1.03,1.0,1.0,,5.1125,-1.955,4.6451
705196,雙鴻統一72購01,2026-10-01,1.24,-0.01,-0.8,388000000,0,紅縮,否,,1.35,1.23,1.1,,22.4638,12.2486,18.5784
705213,雙鴻元大61購04,2026-10-01,1.79,0.0,0.0,50000000,0,,是,,1.7,1.27,,,100.9456,,
705215,崴寶永豐5B購01,2026-10-01,0.95,0.06,6.74,100000000,0,,是,,1.0,1.02,1.04,,-3.8388,-6.7518,
705223,雙鴻元富5A購06,2026-10-01,1.2,-0.29,-19.46,100000000,0,紅縮,否,,2.09,1.65,1.22,,72.8926,34.0097,50.2457
705235,力旺凱基5B購01,2026-10-01,12.4,2.3,22.77,12000000,0,,否,,10.48,7.69,6.02,,113.7031,44.3423,
705238,穩懋凱基61購01,2026-10-01,3.76,-0.16,-4.08,10000000,0,紅增,否,,3.41,3.16,2.99,,17.562,11.9816,9.8861
705246,力旺元富5A購01,2026-10-01,6.2,-0.6,-8.82,5000000,0,,否,,5.2,4.21,,,60.9907,,
705257,力旺統一65購01,2026-10-01,1.53,0.03,2.0,2000000,0,紅縮,否,,1.48,1.3,1.07,,33.3333,27.4606,12.5197
705258,力旺統一72購01,2026-10-01,1.57,-0.12,-7.1,142000000,0,紅縮,否,,1.63,1.42,1.2,,34.6535,26.4,12.1837
705259,凡甲統一72購01,2026-10-01,0.53,0.0,0.0,2000000,0,,是,,0.53,0.6,,,-22.5806,-16.8956,
705260,凡甲統一72購02,2026-10-01,0.66,0.01,1.54,23000000,0,綠縮,否,,0.65,0.69,0.74,,-9.4444,-8.2888,-8.4819
705261,元太統一62購02,2026-10-01,0.2,-0.01,-4.76,132000000,0,綠縮,是,,0.21,0.25,0.35,,-27.4648,-24.1486,-20.8666
705264,正淩統一72購02,2026-10-01,0.54,-0.08,-12.9,40000000,0,紅縮,否,,0.55,0.52,0.51,,14.5833,9.8081,-4.8148
705265,沛亨統一72購02,2026-10-01,1.57,-0.05,-3.09,10000000,0,,是,,1.62,1.53,1.31,,12.344,20.2671,
705266,博智統一72購01,2026-10-01,1.18,0.0,0.0,16000000,0,紅縮,否,,1.23,1.27,1.22,,-4.784,-1.403,-0.4473
705267,閎康統一72購02,2026-10-01,0.75,-0.02,-2.6,30000000,0,綠縮,否,,0.77,0.82,0.85,,-11.1111,-6.099,-6.1947
705269,穩懋統一65購02,2026-10-01,2.22,-0.08,-3.48,30000000,0,紅增,否,,2.04,1.94,1.74,,11.2078,11.2321,13.1965
705276,力旺群益5A購01,2026-10-01,3.2,-0.8,-20.0,10000000,0,紅縮,否,,3.51,2.77,2.14,,73.1491,49.2449,20.5078
705279,良維群益5C購01,2026-10-01,1.93,-0.05,-2.53,20000000,0,,是,,1.93,1.82,1.84,,13.1301,24.3502,
705284,力旺元大5A購03,2026-10-01,3.03,-0.5,-14.16,20000000,0,紅縮,否,,3.21,2.53,2.0,,73.5135,44.5714,11.1111
705289,鈊象元大5C購02,2026-10-01,1.72,0.16,10.26,10000000,0,紅增,否,,1.46,1.27,1.5,,35.316,-0.939,-4.6149
705300,鈊象凱基61購01,2026-10-01,2.69,0.45,20.09,131000000,0,紅增,否,,2.06,1.77,1.73,,39.8915,17.5532,-14.0699
705304,台燿富邦5C購02,2026-10-01,6.05,0.0,0.0,1000000,0,,是,,5.7,5.72,6.02,,-0.6969,6.1815,
705307,富喬富邦5B購01,2026-10-01,0.44,-0.03,-6.38,1262000000,0,綠增,是,,0.47,0.53,0.59,,-19.1126,-18.9602,14.6602
705309,亞泰統一72購01,2026-10-01,2.15,-0.14,-6.11,30000000,0,綠增,否,,2.15,2.29,2.16,,-11.2211,-2.6797,9.5988
705310,博智統一72購02,2026-10-01,0.85,0.01,1.19,18000000,0,綠增,否,,0.87,0.88,0.93,,-0.907,-7.6761,0.3243
705311,富喬統一62購01,2026-10-01,0.51,-0.01,-1.92,10000000,0,綠增,否,,0.53,0.55,0.56,,-7.6389,-8.5809,15.036
705312,富喬統一62購02,2026-10-01,0.49,0.01,2.08,788000000,0,綠增,否,,0.5,0.52,0.54,,-7.4627,-9.7902,14.6524
705324,富喬國票5A購01,2026-10-01,0.88,0.02,2.33,4000000,0,綠增,否,,0.93,1.13,1.23,,-30.6428,-21.8081,11.9471
705331,富喬元大5B購02,2026-10-01,0.43,0.02,4.88,82000000,0,紅轉綠,否,,0.56,0.62,0.44,,-17.7843,24.7505,10.9694
705333,鈊象元大5C購03,2026-10-01,1.72,0.27,18.62,29000000,0,紅增,否,,1.36,1.12,1.3,,55.1253,20.5597,-4.2311
705341,富喬群益5A購01,2026-10-01,0.35,0.01,2.94,60000000,0,綠增,否,,0.48,0.66,0.56,,-42.2062,-13.8743,-12.8284
705343,弘塑永豐5B購01,2026-10-01,3.09,-0.32,-9.38,1000000,0,,是,,2.98,,,,,,
705347,富喬永豐61購01,2026-10-01,0.76,-0.02,-2.56,504000000,0,綠增,否,,0.8,0.84,0.88,,-9.1116,-11.3228,16.9424
705348,富喬永豐65購01,2026-10-01,1.0,-0.02,-1.96,265000000,0,綠增,否,,1.02,1.05,1.08,,-5.8932,-7.2999,12.2989
705357,穩懋凱基61購02,2026-10-01,8.15,-0.45,-5.23,5000000,0,,是,,7.27,6.59,7.17,,23.0118,8.2991,
705370,穩懋元大61購05,2026-10-01,1.83,-0.13,-6.63,25000000,0,紅增,否,,1.73,1.56,1.56,,24.1033,12.9429,-4.7299
705372,力致統一64購01,2026-10-01,0.28,-0.02,-6.67,13000000,0,紅縮,否,,0.29,0.29,0.3,,-4.6358,-2.9605,-6.0559
705374,元太統一72購02,2026-10-01,0.33,0.0,0.0,1000000,0,綠縮,否,,0.34,0.4,0.51,,-25.3275,-25.6506,-16.5303
705378,宏捷科統一61購04,2026-10-01,0.23,0.0,0.0,5000000,0,紅增,否,,0.22,0.26,0.28,,-25.6757,-13.1313,-15.083
705380,系統電統一5C購02,2026-10-01,0.3,0.01,3.45,10000000,0,紅增,否,,0.23,0.23,0.24,,0.885,2.7149,-23.5849
705381,系微統一64購01,2026-10-01,0.6,0.0,0.0,109000000,0,,否,,0.58,0.55,0.64,,14.9606,0.738,
705386,茂達統一72購01,2026-10-01,0.78,0.01,1.3,165000000,0,紅增,是,,0.77,0.77,0.8,,1.8421,-1.4139,-1.903
705389,富強鑫統一72購01,2026-10-01,0.73,0.03,4.29,377000000,0,紅增,否,,0.7,0.67,0.65,,7.7399,7.0175,4.56
705392,萬潤統一62購01,2026-10-01,4.71,-0.89,-15.89,1000000,0,紅縮,否,,4.85,4.85,3.94,,-0.247,25.2129,11.9864
705397,穩得統一72購01,2026-10-01,0.78,0.01,1.3,4000000,0,,否,,0.78,0.87,0.91,,-19.2946,-9.8344,-10.187
705398,穩懋統一61購06,2026-10-01,2.8,0.03,1.08,20000000,0,,是,,2.34,1.69,1.88,,124.3762,39.5541,
705399,穩懋統一62購01,2026-10-01,1.76,-0.14,-7.37,616000000,0,紅縮,是,,1.66,1.52,1.33,,19.8263,14.5551,19.2982
705400,穩懋統一62購02,2026-10-01,2.87,0.0,0.0,18000000,0,紅增,否,,2.55,2.36,2.07,,17.1113,16.5432,16.9544
705401,穩懋統一62購03,2026-10-01,1.76,-0.17,-8.81,15000000,0,紅縮,否,,1.71,1.47,1.34,,39.5425,14.5313,21.8636
705402,耀勝統一64購01,2026-10-01,0.11,0.0,0.0,100000000,0,,是,,0.12,0.16,0.35,,-36.7347,-54.1547,
705426,勤凱群益5A購01,2026-10-01,2.93,0.62,26.84,7000000,0,,否,,,,,,,,
705433,中美晶凱基5C購01,2026-10-01,5.5,0.0,0.0,2000000,0,,否,,5.0,4.5,,,24.9375,9.9414,
705444,良維國票62購01,2026-10-01,2.66,0.1,3.91,13000000,0,紅縮,否,,2.73,2.58,2.13,,11.6298,22.1172,11.3168
705458,良維群益5B購01,2026-10-01,0.66,-0.03,-4.35,85000000,0,,是,,0.77,0.79,1.03,,-4.2184,13.5252,
705461,湧德群益61購01,2026-10-01,0.25,-0.01,-3.85,299000000,0,,是,,0.33,0.38,0.53,,-23.2558,-27.2031,
705477,台特化統一63購02,2026-10-01,0.16,-0.01,-5.88,100000000,0,,是,,,,,,,,
705478,台特化統一73購01,2026-10-01,0.51,-0.02,-3.77,60000000,0,紅增,是,,0.5,0.49,0.51,,3.3195,-5.9501,-7.3193
705479,良維統一61購01,2026-10-01,1.15,0.01,0.88,137000000,0,,是,,1.14,1.11,,,6.5177,4.9196,
705480,良維統一63購01,2026-10-01,0.85,-0.03,-3.41,552000000,0,紅縮,是,,0.85,0.86,0.78,,-0.9302,4.1363,11.9914
705485,萬潤統一73購01,2026-10-01,4.05,-0.12,-2.88,4000000,0,紅轉綠,否,,3.99,4.23,3.78,,-10.6935,2.4455,7.4943
705487,穩懋統一66購01,2026-10-01,1.55,-0.05,-3.12,1176000000,0,紅增,是,,1.44,1.35,1.2,,13.6076,15.9794,10.6895
705488,穩懋統一73購01,2026-10-01,1.98,-0.09,-4.35,21000000,0,紅縮,否,,1.89,1.69,1.5,,25.8667,18.1311,17.3197
705489,穩懋統一73購02,2026-10-01,1.92,-0.01,-0.52,72000000,0,紅增,否,,1.78,1.69,1.54,,11.236,11.3891,10.8186
705492,世界永豐5B購02,2026-10-01,4.04,0.22,5.76,78000000,0,紅增,否,,3.62,3.34,4.17,,18.2768,-3.1006,-22.2419
705494,台特化永豐5B購01,2026-10-01,0.02,-0.02,-50.0,7000000,0,,是,,0.06,0.18,,,-81.0458,,
705519,均華兆豐63購01,2026-10-01,3.03,0.61,25.21,53000000,0,綠縮,是,,2.82,3.25,2.86,,-23.2026,0.4643,5.4767
705525,良維凱基5B購02,2026-10-01,0.79,-0.05,-5.95,126000000,0,紅增,是,,0.9,0.81,1.18,,24.3094,-3.3333,-30.4935
705534,雙鴻凱基5B購01,2026-10-01,1.01,-0.19,-15.83,40000000,0,,是,,1.66,1.31,0.95,,72.9167,56.5113,
705548,雙鴻元大61購06,2026-10-01,0.74,-0.18,-19.57,115000000,0,紅縮,否,,1.01,0.87,0.65,,38.4615,28.5926,40.7407
705552,穩懋元大5B購04,2026-10-01,1.51,0.05,3.42,14000000,0,綠縮,否,,1.31,1.48,1.5,,-20.919,-5.9683,-12.7188
705553,穩懋元大5C購04,2026-10-01,1.3,-0.08,-5.8,151000000,0,紅增,是,,1.13,1.08,1.0,,9.3204,14.9254,-9.9819
705557,茂迪永豐5C購01,2026-10-01,0.03,0.0,0.0,20000000,0,,是,,0.03,0.04,0.11,,-30.4348,-49.3506,
705558,神盾永豐5C購01,2026-10-01,0.05,0.0,0.0,10000000,0,,否,,0.15,0.23,,,-51.2987,-31.0241,
705565,穩懋永豐5C購02,2026-10-01,1.76,-0.08,-4.35,1504000000,0,紅增,否,,1.57,1.45,1.28,,18.5241,17.4899,14.9348
705570,世界凱基5C購01,2026-10-01,1.42,0.07,5.19,92000000,0,紅增,否,,1.23,1.07,1.06,,36.8071,18.931,-11.995
705581,良維永豐5B購01,2026-10-01,0.89,-0.03,-3.26,191000000,0,紅增,否,,1.01,1.04,1.04,,-5.8052,0.582,-36.0444
705604,良維國票67購01,2026-10-01,2.36,-0.07,-2.88,324000000,0,紅縮,是,,2.36,2.31,2.06,,4.6944,12.5122,3.3903
705611,雙鴻國票5C購01,2026-10-01,0.77,-0.14,-15.38,20000000,0,,否,,1.06,0.91,,,42.6273,47.3941,
705617,良維群益5B購02,2026-10-01,0.62,-0.02,-3.12,78000000,0,綠縮,否,,0.74,0.8,1.7,,-14.4186,-51.2523,-24.3621
705621,旺矽群益5B購01,2026-10-01,2.79,-0.29,-9.42,10000000,0,綠增,是,,3.49,3.82,4.86,,-15.9923,-15.6919,-18.7097
705627,環球晶群益5A購01,2026-10-01,12.3,3.0,32.26,5000000,0,,是,,14.5,,,,,,
705631,大綜永豐5A購01,2026-10-01,0.64,0.36,128.57,1000000,0,,是,,0.41,0.63,1.28,,-51.3002,-30.6505,
705633,順達永豐5B購01,2026-10-01,2.3,-0.24,-9.45,2000000,0,紅增,否,,2.25,2.22,2.55,,2.3679,-4.8394,-19.4344
705644,原相群益5C購01,2026-10-01,0.12,-0.02,-14.29,52000000,0,,否,,0.24,0.4,0.72,,-57.2954,-48.057,-22.5789
705671,鈊象富邦5B購01,2026-10-01,0.64,0.16,33.33,781000000,0,紅增,否,,0.45,0.36,0.38,,73.2824,20.5387,-25.1241
705672,聖暉*富邦5B購01,2026-10-01,0.8,0.13,19.4,742000000,0,紅增,是,,0.64,0.56,0.58,,29.7959,10.8268,-20.7534
705675,雙鴻富邦5C購01,2026-10-01,1.19,-0.03,-2.46,489000000,0,紅縮,是,,1.44,1.21,0.99,,49.1736,19.4059,41.6309
705676,雙鴻富邦5C購02,2026-10-01,0.82,-0.02,-2.38,2130000000,0,紅縮,否,,1.04,0.87,0.72,,48.7106,24.8921,32.4399
705677,譜瑞富邦5C購01,2026-10-01,2.6,0.0,0.0,1000000,0,綠縮,否,,2.6,2.69,2.83,,-6.6762,-6.1018,-3.103
705682,宜鼎國票5A購02,2026-10-01,1.26,-0.32,-20.25,25000000,0,綠增,是,,2.49,3.84,4.61,,-52.0801,-12.3888,-30.9981
705711,台特化元大5C購01,2026-10-01,0.27,-0.08,-22.86,351000000,0,紅增,是,,0.22,0.19,0.29,,42.3077,-14.8649,0.8772
705727,九豪群益5A購01,2026-10-01,0.71,0.38,115.15,5000000,0,,否,,1.86,4.04,,,-70.1286,,
705728,台特化群益62購01,2026-10-01,0.22,-0.01,-4.35,3000000,0,,否,,0.19,0.2,0.3,,-15.4545,-20.3922,
705737,印能永豐5C購01,2026-10-01,2.3,0.36,18.56,42000000,0,綠縮,否,,2.1,2.39,3.29,,-21.658,-29.3909,-8.9639
705739,系統電永豐64購01,2026-10-01,1.03,-0.07,-6.36,374000000,0,,是,,0.9,0.97,1.33,,-13.41,-28.5924,
705758,世界元大5C購01,2026-10-01,2.58,0.14,5.74,32000000,0,紅增,否,,2.18,2.0,2.0,,18.9071,5.8668,0.5023
705770,新應材元大61購01,2026-10-01,0.15,-0.01,-6.25,567000000,0,,是,,0.14,0.15,0.65,,-2.7027,-71.869,-28.7987
705774,雙鴻元大61購09,2026-10-01,1.94,-0.15,-7.18,23000000,0,紅縮,否,,2.28,2.03,1.63,,28.781,13.3035,34.1544
705778,鈊象國票5A購01,2026-10-01,0.03,0.0,0.0,15000000,0,綠縮,否,,0.11,0.48,0.69,,-86.5248,-43.662,-31.7231
705781,鏵友益國票5B購01,2026-10-01,0.6,0.26,76.47,1000000,0,,是,,0.67,0.88,1.12,,-39.0511,-25.1273,
705783,良維中信61購01,2026-10-01,1.08,-0.06,-5.26,169000000,0,紅縮,否,,1.1,1.09,1.02,,1.6605,1.0166,13.6542
705785,新應材永豐63購01,2026-10-01,1.03,0.08,8.42,26000000,0,紅增,是,,0.84,0.77,0.82,,19.2635,-1.7766,-1.2674
705800,大綜統一73購01,2026-10-01,0.83,0.09,12.16,111000000,0,紅增,是,,0.74,0.71,0.7,,10.4167,5.5224,1.1636
705802,旺矽統一63購03,2026-10-01,1.67,0.01,0.6,30000000,0,綠增,否,,1.84,1.95,2.24,,-10.6693,-8.3568,-12.768
705804,環球晶統一63購01,2026-10-01,3.55,0.25,7.58,26000000,0,綠轉紅,是,,3.09,2.99,3.35,,7.5052,-3.3344,-8.0159
705805,環球晶統一63購02,2026-10-01,3.64,0.32,9.64,37000000,0,紅增,是,,3.09,2.88,2.95,,15.3099,1.6931,6.259
705806,環球晶統一73購01,2026-10-01,3.22,0.33,11.42,9000000,0,紅增,否,,2.75,2.61,2.65,,11.2551,2.0736,2.6132
705807,環球晶統一73購02,2026-10-01,2.48,0.13,5.53,118000000,0,紅增,否,,2.21,2.13,2.13,,7.8049,3.3479,1.648
705816,寶雅國票5A購01,2026-10-01,0.93,-0.23,-19.83,1000000,0,綠增,否,,2.32,3.13,2.54,,-40.9553,6.7895,-2.3823
705819,台星科永豐5C購01,2026-10-01,1.11,-0.16,-12.6,217000000,0,紅縮,否,,1.17,1.12,1.13,,7.9482,4.0703,-0.9645
705826,順達永豐61購01,2026-10-01,3.18,-0.26,-7.56,52000000,0,紅增,否,,3.12,2.95,3.02,,12.2302,-0.9735,-4.9779
705841,元太元大5B購01,2026-10-01,0.27,-0.01,-3.57,31000000,0,綠縮,是,,0.31,0.41,0.95,,-38.0,-58.5466,-32.6264
705847,新應材元大61購02,2026-10-01,0.23,0.01,4.55,25000000,0,綠縮,否,,0.23,0.3,0.4,,-39.0374,-28.3333,-30.6034
705853,雙鴻元大61購10,2026-10-01,1.94,-0.06,-3.0,301000000,0,紅縮,否,,2.22,1.95,1.6,,32.3004,13.2481,31.4662
705856,印能統一73購01,2026-10-01,1.65,0.11,7.14,154000000,0,綠縮,否,,1.55,1.51,1.7,,5.5782,-4.8489,-3.5361
705857,沛亨統一73購01,2026-10-01,1.27,-0.05,-3.79,5000000,0,紅縮,否,,1.33,1.28,1.11,,8.8235,14.5161,14.2564
705858,良維統一73購01,2026-10-01,0.52,-0.01,-1.89,230000000,0,紅縮,是,,0.51,0.51,0.49,,1.1811,2.4048,8.2405
705859,旺矽統一73購01,2026-10-01,2.75,-0.06,-2.14,66000000,0,綠增,是,,2.92,3.06,3.16,,-8.6304,-2.8571,-3.6014
705860,順達統一73購01,2026-10-01,0.61,-0.02,-3.17,244000000,0,紅縮,是,,0.6,0.57,0.56,,11.0701,4.0,1.0811
705861,新應材統一73購01,2026-10-01,0.27,-0.01,-3.57,170000000,0,紅增,否,,0.27,0.27,0.28,,2.2901,-4.3321,-4.2735
705864,環球晶統一62購01,2026-10-01,4.17,0.8,23.74,3000000,0,綠縮,否,,3.5,3.63,4.89,,-7.0213,-31.2227,-1.3215
705874,鈊象凱基61購02,2026-10-01,2.25,0.35,18.42,758000000,0,紅增,是,,1.81,1.58,1.53,,33.9763,15.2778,-7.8804
705877,環球晶凱基61購01,2026-10-01,13.5,1.7,14.41,1000000,0,,否,,10.48,11.53,,,-16.7593,-18.5094,
705878,弘塑富邦5B購01,2026-10-01,1.26,-0.25,-16.56,20000000,0,,否,,1.34,,,,,,
705896,台特化凱基5C購01,2026-10-01,0.1,-0.02,-16.67,148000000,0,綠縮,是,,0.09,0.14,0.21,,-48.3516,-28.125,-36.4885
705917,雙鴻群益63購01,2026-10-01,1.17,-0.06,-4.88,4000000,0,紅縮,否,,1.33,1.21,1.04,,21.9378,11.4784,22.8319
705926,新應材永豐5C購04,2026-10-01,0.04,-0.01,-20.0,1000000,0,紅增,否,,0.05,0.05,0.09,,-28.125,-31.25,-32.8244
705927,新應材永豐63購02,2026-10-01,0.14,0.0,0.0,742000000,0,紅增,是,,0.14,0.13,0.18,,4.6154,-16.3522,-12.8019
705928,雙鴻永豐63購01,2026-10-01,1.86,-0.11,-5.58,135000000,0,紅縮,否,,2.15,1.89,1.53,,31.5403,15.6288,35.7871
705931,台半國票5A購01,2026-10-01,3.49,0.01,0.29,1000000,0,綠轉紅,否,,3.21,3.47,3.76,,-14.3239,3.9808,-38.0125
705932,弘塑國票5A購01,2026-10-01,0.21,-0.4,-65.57,204000000,0,,是,,1.62,4.85,,,-79.9306,,
705933,宜鼎國票5C購01,2026-10-01,3.57,-0.12,-3.25,10000000,0,,是,,3.76,4.14,5.46,,-16.8877,-18.6727,-27.4937
705935,胡連國票5A購01,2026-10-01,0.02,0.0,0.0,5000000,0,綠縮,否,,0.04,0.08,0.24,,-68.3333,-62.9108,-23.7013
705940,新應材國票5C購01,2026-10-01,0.06,0.01,20.0,699000000,0,紅增,否,,0.05,0.07,0.15,,-50.0,-52.2293,-36.7391
705942,聖暉*國票5A購02,2026-10-01,3.02,0.49,19.37,6000000,0,,是,,2.37,2.17,,,20.3252,-8.984,
705943,德微國票5A購01,2026-10-01,6.5,0.2,3.17,20000000,0,,是,,4.02,,,,,,
705944,新應材富邦5C購02,2026-10-01,0.05,-0.01,-16.67,70000000,0,綠轉紅,否,,0.05,0.07,0.13,,-43.75,-39.0244,-37.5587
705946,宏捷科統一63購01,2026-10-01,0.23,0.01,4.55,10000000,0,紅增,否,,0.21,0.2,0.24,,4.0,-10.1322,-10.9434
705948,良維統一63購02,2026-10-01,0.86,-0.03,-3.37,416000000,0,紅縮,是,,0.9,0.84,0.77,,15.601,9.6229,3.2754
705949,良維統一73購02,2026-10-01,0.84,-0.02,-2.33,20000000,0,紅縮,否,,0.85,0.83,0.75,,3.6765,8.2031,7.5431
705969,新應材元大61購03,2026-10-01,0.05,-0.05,-50.0,353000000,0,綠增,是,,0.08,0.11,0.18,,-42.6471,-43.6842,-28.252
705986,世紀*國票5A購01,2026-10-01,5.25,1.04,24.7,55000000,0,綠縮,是,,3.87,5.61,7.29,,-47.387,-37.2046,11.5088
705998,神盾群益5B購01,2026-10-01,2.62,0.37,16.44,68000000,0,,是,,2.44,3.37,,,-43.4803,,
706011,博智凱基5C購01,2026-10-01,2.9,-0.16,-5.23,107000000,0,紅縮,否,,3.38,3.51,3.67,,-6.7255,-10.8795,1.2398
706017,宜鼎中信61購01,2026-10-01,0.84,-0.04,-4.55,1000000,0,,是,,0.98,1.04,1.65,,-11.0307,-25.0359,
706018,弘塑永豐63購01,2026-10-01,1.76,-0.2,-10.2,41000000,0,,是,,1.87,2.07,,,-18.0141,,
706019,均華永豐5B購01,2026-10-01,3.56,1.27,55.46,118000000,0,綠縮,是,,2.59,3.84,5.01,,-49.1945,-43.3923,-5.3492
706020,旺矽永豐61購01,2026-10-01,2.54,-0.38,-13.01,1000000,0,,否,,3.21,3.36,,,-8.5942,-15.0543,
706027,大中統一73購01,2026-10-01,1.16,0.05,4.5,135000000,0,,是,,1.12,1.09,1.24,,5.0848,-1.2693,-10.7981
706030,均華統一62購01,2026-10-01,0.7,0.13,22.81,23000000,0,紅縮,否,,0.98,0.81,0.65,,52.0249,54.6845,10.2804
706031,均華統一63購03,2026-10-01,0.63,0.12,23.53,43000000,0,綠縮,是,,0.54,0.66,0.68,,-29.6104,-20.1946,1.4826
706032,均華統一73購01,2026-10-01,0.59,-0.08,-11.94,426000000,0,紅縮,是,,0.66,0.62,0.6,,11.1864,15.5844,1.0101
706033,均豪統一63購01,2026-10-01,0.58,-0.01,-1.69,10000000,0,綠縮,否,,0.55,0.59,0.59,,-12.0635,-0.0,-10.6335
706036,新普統一63購01,2026-10-01,0.49,-0.01,-2.0,80000000,0,綠縮,是,,0.5,0.52,0.59,,-4.9057,-11.0155,-2.1703
706038,聖暉*統一61購01,2026-10-01,1.0,0.13,14.94,70000000,0,,是,,0.86,0.81,,,14.0212,-40.3392,
706040,鑫聯統一62購02,2026-10-01,0.21,0.02,10.53,10000000,0,紅增,否,,0.19,0.18,0.24,,3.3333,-8.9552,-17.0175
706053,鈊象國泰5A購01,2026-10-01,0.92,0.09,10.84,309000000,0,,是,,0.7,1.04,,,-48.9826,-32.7943,
706055,台特化元大63購01,2026-10-01,0.43,-0.04,-8.51,26000000,0,紅增,否,,0.42,0.39,0.43,,20.5714,-3.2581,0.5848
706060,弘塑元大63購02,2026-10-01,2.8,-0.45,-13.85,24000000,0,紅縮,否,,3.01,2.97,3.06,,2.3826,-3.5367,-3.2712
706071,雙鴻元大63購01,2026-10-01,1.8,-0.1,-5.26,38000000,0,,是,,2.07,1.74,1.55,,47.0839,19.2995,
706073,宜鼎凱基5A購04,2026-10-01,0.27,-0.09,-25.0,27000000,0,綠縮,否,,0.4,0.62,1.26,,-52.7446,-46.0664,-16.9251
706081,雙鴻中信63購01,2026-10-01,0.79,-0.11,-12.22,2000000,0,紅縮,否,,0.91,0.8,0.66,,31.7919,15.896,33.1648
706087,旺矽永豐61購02,2026-10-01,1.8,-0.19,-9.55,148000000,0,綠增,是,,2.27,2.58,3.24,,-21.4385,-6.6859,-13.336
706088,旺矽永豐64購01,2026-10-01,2.87,-0.13,-4.33,7000000,0,綠增,否,,3.26,3.51,3.79,,-13.2908,-4.3573,-12.7704
706097,弘塑富邦5C購01,2026-10-01,0.76,-0.17,-18.28,279000000,0,紅縮,是,,0.83,0.82,0.9,,1.4742,-8.8889,-4.5309
706098,宜鼎富邦5C購03,2026-10-01,0.7,-0.03,-4.11,306000000,0,紅增,否,,0.74,0.76,1.03,,-5.8524,-18.8298,-7.83
706103,台特化元大63購02,2026-10-01,0.41,-0.04,-8.89,120000000,0,紅增,否,,0.39,0.37,0.42,,12.0,-10.6024,-6.7265
706118,台星科國票61購01,2026-10-01,1.63,-0.08,-4.68,225000000,0,紅縮,是,,1.63,1.52,1.52,,15.1344,1.6711,-0.4265
706121,宜鼎國票5A購03,2026-10-01,0.35,-0.11,-23.91,506000000,0,綠縮,是,,0.46,0.52,0.96,,-21.3793,-38.1123,-19.5807
706124,臺慶科國票61購01,2026-10-01,1.18,0.05,4.42,7000000,0,,是,,1.22,2.25,,,-62.9111,,
706126,大綜統一63購01,2026-10-01,1.1,0.17,18.28,20000000,0,紅增,是,,0.97,0.86,0.98,,30.1075,-16.7315,2.7154
706127,大綜統一66購01,2026-10-01,1.05,0.18,20.69,313000000,0,紅增,否,,0.88,0.83,0.77,,12.0205,10.6809,0.2597
706133,均豪統一66購01,2026-10-01,0.66,-0.04,-5.71,1000000,0,綠縮,否,,0.65,0.69,0.68,,-11.413,9.2913,-4.7719
706134,宜鼎統一63購02,2026-10-01,0.81,0.0,0.0,302000000,0,綠轉紅,否,,0.82,0.84,1.0,,-3.972,-10.5544,-10.2645
706136,宜鼎統一66購02,2026-10-01,0.68,0.0,0.0,12000000,0,綠轉紅,否,,0.69,0.69,0.8,,-2.5568,-7.8249,-8.8269
706137,宜鼎統一73購01,2026-10-01,0.6,0.0,0.0,120000000,0,紅增,否,,0.6,0.61,0.67,,-1.6287,-5.7276,-6.4854
706138,茂迪統一67購01,2026-10-01,0.24,-0.03,-11.11,5000000,0,,是,,0.29,,,,,,
706139,聚和統一73購01,2026-10-01,0.68,-0.02,-2.86,1000000,0,紅增,否,,0.67,0.66,0.66,,3.7037,0.4566,-3.5688
706142,雙鴻統一63購01,2026-10-01,1.08,-0.26,-19.4,39000000,0,,是,,1.21,1.08,0.79,,26.3048,29.976,
706150,旺矽群益63購01,2026-10-01,2.72,-0.14,-4.9,96000000,0,綠增,否,,3.07,3.33,3.43,,-14.7386,-5.7709,-10.1611
706154,雙鴻群益63購02,2026-10-01,0.85,-0.03,-3.41,146000000,0,紅縮,是,,0.98,0.83,0.67,,41.0405,19.4842,34.6425
706161,旺矽凱基63購01,2026-10-01,1.7,-0.12,-6.59,101000000,0,綠增,否,,2.02,2.26,2.73,,-19.2154,-19.2995,-17.4872
706162,旺矽凱基63購02,2026-10-01,2.14,-0.17,-7.36,337000000,0,綠增,是,,2.52,2.79,3.3,,-17.4738,-11.0934,-17.0873
706170,良維群益5C購02,2026-10-01,1.87,-0.04,-2.09,36000000,0,紅縮,否,,1.91,1.85,1.68,,6.8233,4.5814,7.0562
706178,弘塑富邦63購01,2026-10-01,0.68,-0.15,-18.07,488000000,0,,是,,0.74,0.73,0.76,,1.3736,-5.905,-27.9092
706179,均華富邦5B購01,2026-10-01,0.65,0.08,14.04,54000000,0,綠縮,否,,0.54,0.64,0.79,,-28.7234,-30.6781,-4.7962
706180,均華統一63購04,2026-10-01,0.48,0.12,33.33,208000000,0,綠縮,否,,0.38,0.48,0.48,,-34.589,-17.0103,-11.8132
706181,良維統一63購03,2026-10-01,0.69,0.01,1.47,138000000,0,,是,,0.66,0.66,0.6,,2.7864,2.9874,-12.0614
706182,旺矽統一63購05,2026-10-01,1.03,-0.04,-3.74,13000000,0,綠增,否,,1.14,1.28,1.43,,-20.0561,-10.0281,-8.8104
706184,台特化元大63購03,2026-10-01,0.29,-0.03,-9.38,618000000,0,紅增,是,,0.28,0.31,0.32,,-16.0714,-13.2022,-10.6082
706185,均華元大5C購01,2026-10-01,0.4,0.12,42.86,1000000,0,綠縮,否,,0.36,0.53,0.5,,-48.7179,-20.2703,-6.6728
706198,精測元大5C購02,2026-10-01,0.11,-0.01,-8.33,50000000,0,綠增,否,,0.15,0.21,0.19,,-41.9847,-9.607,-16.7391
706203,鑫聯元大63購01,2026-10-01,0.45,0.02,4.65,50000000,0,綠縮,否,,0.46,0.57,0.64,,-33.0409,-13.4848,-9.5609
706206,均華國票5B購01,2026-10-01,0.59,0.18,43.9,567000000,0,綠縮,否,,0.46,0.63,0.89,,-41.9598,-42.0276,-9.7524
706207,宜鼎國票65購01,2026-10-01,1.46,-0.01,-0.68,154000000,0,綠轉紅,否,,1.49,1.52,1.78,,-4.0,-9.0419,-10.1793
706208,旺矽國票5C購01,2026-10-01,2.49,-0.19,-7.09,169000000,0,綠增,否,,3.02,3.46,3.63,,-22.5922,-6.1772,-15.9212
706209,旺矽國票67購01,2026-10-01,2.74,-0.16,-5.52,663000000,0,綠增,否,,3.07,3.34,3.46,,-15.1633,-6.1798,-8.5314
706210,德微國票65購01,2026-10-01,5.7,0.82,16.8,13000000,0,,否,,4.14,3.82,3.61,,18.5355,19.4497,-9.9551
706215,旺矽永豐5C購01,2026-10-01,1.5,-0.11,-6.83,35000000,0,綠增,否,,1.81,2.05,2.19,,-20.4386,-9.4248,-22.4721
706218,精測永豐5B購01,2026-10-01,0.04,-0.01,-20.0,200000000,0,,是,,0.13,0.16,,,-33.3333,-34.1564,
706219,精測永豐61購01,2026-10-01,0.1,-0.01,-9.09,108000000,0,綠增,否,,0.14,0.17,0.21,,-32.6733,-38.0952,-13.0879
706223,弘塑元富5C購01,2026-10-01,1.18,-0.31,-20.81,30000000,0,紅縮,否,,1.35,1.4,1.55,,-6.8966,-9.2088,-19.9845
706225,宏捷科元富5C購02,2026-10-01,0.19,-0.04,-17.39,2000000,0,綠縮,否,,0.27,0.39,0.61,,-47.2868,-37.5594,-37.8049
706239,中美晶兆豐63購01,2026-10-01,6.45,0.15,2.38,1000000,0,綠縮,否,,5.83,5.4,6.0,,17.2566,-10.2227,4.8601
706240,元太兆豐63購01,2026-10-01,1.14,-0.01,-0.87,386000000,0,紅增,否,,1.15,1.2,1.32,,-7.4074,-5.1546,-15.9822
706245,M31凱基5B購01,2026-10-01,0.37,-0.21,-36.21,1031000000,0,紅縮,是,,0.39,0.29,0.31,,91.0891,33.6364,-13.3144
706249,宏捷科凱基5C購01,2026-10-01,0.09,-0.05,-35.71,92000000,0,紅縮,是,,0.33,0.23,0.23,,164.5161,46.7532,-20.9424
706259,M31永豐5B購01,2026-10-01,0.56,-0.24,-30.0,3355000000,0,紅縮,是,,0.57,0.45,0.4,,74.2331,47.5248,3.7613
706260,M31永豐5C購01,2026-10-01,0.59,-0.18,-23.38,1207000000,0,紅縮,否,,0.59,0.48,0.39,,60.1093,44.6809,9.1922
706261,大中永豐5B購01,2026-10-01,1.2,0.12,11.11,47000000,0,綠縮,否,,1.11,1.21,1.36,,-15.5251,-14.8876,-31.3244
706269,M31元富5A購01,2026-10-01,0.3,-0.15,-33.33,221000000,0,,是,,0.33,0.33,,,5.6962,,
706276,聖暉*群益61購01,2026-10-01,2.13,0.19,9.79,55000000,0,,是,,1.87,1.71,2.0,,21.4286,9.8582,
706282,M31統一63購03,2026-10-01,0.56,-0.19,-25.33,75000000,0,紅縮,否,,0.55,0.46,0.38,,52.4862,38.4848,13.985
706283,M31富邦5B購01,2026-10-01,0.32,-0.18,-36.0,3731000000,0,紅縮,是,,0.33,0.25,0.21,,94.186,65.3595,20.9913
706286,茂迪富邦5C購01,2026-10-01,0.05,-0.04,-44.44,1389000000,0,,是,,0.34,,,,,,
706293,沛亨國票5A購02,2026-10-01,0.75,-0.13,-14.77,188000000,0,紅縮,否,,0.83,0.97,0.82,,-24.8639,-2.0305,-13.5979
706297,環球晶國票5A購01,2026-10-01,16.2,3.0,22.73,10000000,0,,是,,16.98,15.81,,,16.0629,,
706313,雙鴻元大5C購04,2026-10-01,1.37,-0.02,-1.44,52000000,0,紅縮,是,,1.5,1.27,0.89,,45.3488,55.9113,33.0855
706317,弘塑兆豐5B購01,2026-10-01,0.57,-0.17,-22.97,1000000,0,,是,,0.67,,,,,,
706319,印能凱基5B購01,2026-10-01,2.41,0.03,1.26,207000000,0,綠縮,是,,2.4,2.58,3.38,,-12.8986,-14.5316,-16.8718
706322,亞泰凱基5A購01,2026-10-01,2.87,-0.11,-3.69,10000000,0,綠增,是,,3.17,3.88,3.56,,-30.786,-15.0778,-3.9245
706324,聖暉*凱基5B購02,2026-10-01,2.49,0.42,20.29,222000000,0,紅增,是,,2.08,1.93,2.0,,16.1074,4.6587,-24.7691
706327,穩得凱基5C購01,2026-10-01,0.59,0.0,0.0,10000000,0,綠縮,是,,0.59,0.66,0.76,,-20.3804,-22.9604,-2.6837
706328,弘塑國票65購01,2026-10-01,1.5,-0.27,-15.25,43000000,0,紅縮,否,,1.62,1.57,1.66,,6.0209,-6.4209,-5.0329
706331,亞泰國票5A購01,2026-10-01,1.92,-0.16,-7.69,10000000,0,綠縮,否,,2.04,2.18,2.67,,-11.7545,-27.2302,1.2133
706332,華宏國票5A購01,2026-10-01,0.34,0.18,112.5,130000000,0,,是,,0.17,0.24,,,-42.6667,-53.0815,
706339,雙鴻元大5C購05,2026-10-01,1.24,-0.12,-8.82,742000000,0,紅縮,否,,1.51,1.32,1.06,,33.3922,18.3692,36.0592
706344,德微富邦5C購01,2026-10-01,1.34,0.25,22.94,192000000,0,紅增,否,,1.17,1.0,0.84,,43.5208,31.2253,-18.6898
706345,世界統一63購01,2026-10-01,1.62,0.09,5.88,2000000,0,紅增,否,,1.39,1.25,1.19,,23.9286,13.8965,-2.6091
706348,亞泰統一62購02,2026-10-01,1.99,0.2,11.17,123000000,0,綠縮,否,,1.8,1.77,1.89,,2.8637,-12.6295,10.0813
706349,博智統一63購01,2026-10-01,1.29,0.05,4.03,277000000,0,,是,,1.52,1.42,1.43,,15.1745,12.0063,
706351,弘塑永豐5C購03,2026-10-01,0.58,-0.2,-25.64,231000000,0,紅縮,否,,0.67,0.72,0.8,,-15.051,-15.0059,-12.5204
706354,雙鴻永豐61購02,2026-10-01,2.19,-0.04,-1.79,15000000,0,紅縮,否,,2.5,2.17,1.76,,36.4231,15.6267,31.934
706355,雙鴻永豐64購01,2026-10-01,2.24,-0.03,-1.32,401000000,0,紅縮,否,,2.53,2.24,1.84,,30.1751,18.5048,29.4511
706371,良維凱基61購01,2026-10-01,1.3,-0.06,-4.41,136000000,0,紅縮,否,,1.32,1.34,1.24,,-2.6471,1.5897,8.3297
706378,正淩永豐5B購01,2026-10-01,0.17,-0.13,-43.33,6000000,0,,否,,0.24,0.49,0.61,,-67.9245,-32.0388,
706411,中美晶凱基5A購01,2026-10-01,2.97,-0.13,-4.19,2000000,0,紅增,否,,2.57,2.32,2.51,,24.3714,1.4873,-20.3648
706412,弘塑凱基5B購01,2026-10-01,0.17,-0.18,-51.43,376000000,0,,是,,0.27,0.32,1.15,,-26.776,-22.4939,-46.2599
706419,弘塑富邦61購01,2026-10-01,0.53,-0.14,-20.9,171000000,0,紅縮,否,,0.59,0.58,0.62,,4.6099,-7.8275,-7.9851
706420,宏捷科富邦5B購01,2026-10-01,0.15,0.01,7.14,20000000,0,綠縮,否,,0.17,0.22,0.29,,-38.9706,-26.5101,-28.0443
706423,智通*富邦5B購02,2026-10-01,0.64,-0.04,-5.88,8000000,0,綠縮,否,,0.63,0.67,0.77,,-12.0112,-9.2992,-16.4236
706432,茂迪元大63購05,2026-10-01,0.14,-0.02,-12.5,10000000,0,紅增,否,,0.14,0.15,0.2,,-10.3896,-27.0,-24.2308
706442,印能群益5B購01,2026-10-01,1.61,0.15,10.27,5000000,0,綠縮,否,,1.52,1.52,2.16,,0.3963,-18.8336,-20.1075
706451,中美晶永豐5A購02,2026-10-01,1.44,0.09,6.67,10000000,0,,否,,1.13,1.22,1.71,,-13.0568,-40.692,0.0878
706452,中美晶永豐5C購01,2026-10-01,1.2,0.0,0.0,197000000,0,綠轉紅,否,,0.97,0.92,1.06,,10.4784,6.8208,-19.705
706453,弘塑永豐63購02,2026-10-01,0.6,-0.07,-10.45,147000000,0,紅縮,是,,0.64,0.64,0.67,,-0.0,-5.848,-6.6436
706456,博智永豐5C購01,2026-10-01,1.55,-0.02,-1.27,75000000,0,綠增,否,,1.79,1.9,2.17,,-10.8566,-19.4998,-0.5503
706457,華宏永豐5A購01,2026-10-01,0.03,0.01,50.0,111000000,0,,是,,0.03,0.04,0.07,,-55.1724,-28.8136,-46.0967
706468,華宏元富5B購01,2026-10-01,0.33,0.1,43.48,2591000000,0,紅增,是,,0.21,0.18,0.19,,43.8356,-10.5528,-20.4255
706472,中美晶凱基61購01,2026-10-01,6.3,0.9,16.67,30000000,0,綠轉紅,否,,5.31,5.11,5.04,,7.9333,4.9702,1.0025
706474,沛亨凱基5B購01,2026-10-01,1.2,-0.12,-9.09,18000000,0,綠縮,否,,1.36,1.35,2.27,,0.2959,1.8811,-23.716
706476,良維凱基5C購01,2026-10-01,1.66,0.01,0.61,128000000,0,紅縮,是,,1.61,1.62,1.45,,-1.3464,2.3329,9.0432
706479,博智凱基61購01,2026-10-01,0.94,-0.08,-7.84,277000000,0,綠增,否,,1.16,1.22,1.5,,-9.5313,-22.4555,-3.5714
706484,臺慶科凱基5A購01,2026-10-01,1.86,0.24,14.81,85000000,0,紅增,是,,1.77,2.0,2.23,,-21.0903,-19.2742,-14.3954
706485,雙鴻凱基5C購04,2026-10-01,1.93,-0.06,-3.02,74000000,0,,是,,2.33,1.98,1.51,,44.4307,49.2819,
706489,均豪國票5A購01,2026-10-01,0.12,0.02,20.0,415000000,0,,是,,0.12,0.23,,,-65.2695,-57.6271,
706490,頎邦國票5A購02,2026-10-01,18.2,1.4,8.33,1000000,0,,是,,12.07,11.2,,,16.9281,,
706503,世界富邦61購01,2026-10-01,1.32,0.12,10.0,141000000,0,紅增,否,,1.16,1.06,0.93,,20.0413,20.8854,5.9226
706507,中美晶元大5C購02,2026-10-01,3.04,0.22,7.8,104000000,0,紅增,是,,2.53,2.41,2.39,,10.4621,5.1394,6.364
706508,中美晶元大63購01,2026-10-01,1.9,0.07,3.83,34000000,0,綠縮,是,,1.54,1.7,2.1,,-17.6471,-29.8643,1.3484
706513,博智元大63購01,2026-10-01,0.93,-0.02,-2.11,201000000,0,,否,,1.02,1.09,1.37,,-11.8966,-16.6539,-15.3109
706524,雙鴻中信63購02,2026-10-01,0.63,-0.04,-5.97,90000000,0,紅縮,否,,0.76,0.66,0.55,,34.8754,20.0,31.6229
706528,勤凱永豐5C購02,2026-10-01,1.23,0.3,32.26,5000000,0,,否,,1.01,1.05,,,-7.4954,9.1192,
706536,順達國票5A購02,2026-10-01,0.37,-0.09,-19.57,40000000,0,紅增,是,,0.4,0.56,0.63,,-45.1791,-19.4842,-24.3743
706545,閎康凱基61購01,2026-10-01,0.79,-0.01,-1.25,10000000,0,紅縮,否,,0.99,1.17,1.31,,-27.0987,-7.9216,-26.3752
706550,鑫聯凱基61購01,2026-10-01,0.57,0.05,9.62,70000000,0,,是,,0.58,0.73,,,-33.9408,-36.1087,
706557,聖暉*永豐5B購01,2026-10-01,0.78,0.17,27.87,417000000,0,,是,,0.59,0.56,,,11.236,-6.0,
706558,聚和永豐5B購01,2026-10-01,0.23,-0.06,-20.69,103000000,0,,是,,0.29,0.33,0.52,,-23.4043,-43.824,
706564,良維富邦5C購01,2026-10-01,0.53,-0.05,-8.62,224000000,0,紅縮,否,,0.55,0.53,0.48,,6.9767,2.2989,17.4662
706565,博智富邦61購01,2026-10-01,0.68,0.05,7.94,76000000,0,紅縮,否,,0.71,0.79,0.75,,-18.0556,-6.9822,-3.6727
706566,順達富邦5C購01,2026-10-01,0.86,-0.07,-7.53,535000000,0,紅增,否,,0.87,0.82,0.91,,14.1732,-1.0909,-11.4091
706567,精測富邦5B購01,2026-10-01,0.09,-0.01,-10.0,1436000000,0,綠增,否,,0.14,0.19,0.22,,-38.2609,-32.1168,-3.0369
706569,中美晶群益5B購01,2026-10-01,3.84,0.28,7.87,6000000,0,綠縮,否,,2.98,2.65,4.17,,29.2028,-16.085,-9.6341
706572,良維群益61購01,2026-10-01,1.49,-0.01,-0.67,15000000,0,紅縮,否,,1.5,1.46,1.31,,5.6259,4.878,9.2839
706573,博智群益63購01,2026-10-01,2.23,-0.02,-0.89,83000000,0,綠增,否,,2.51,2.65,2.93,,-10.2362,-13.9006,1.9288
706576,順達群益5C購01,2026-10-01,1.53,-0.12,-7.27,159000000,0,紅增,否,,1.49,1.43,1.66,,9.7059,-6.0606,-13.0321
706579,精測群益63購01,2026-10-01,0.43,-0.03,-6.52,3079000000,0,綠增,否,,0.55,0.66,0.67,,-28.9063,-17.0455,-0.6672
706588,博智元大63購02,2026-10-01,0.7,0.0,0.0,223000000,0,,是,,0.76,0.8,0.88,,-7.971,-12.3484,-16.5959
706596,中美晶凱基5B購01,2026-10-01,4.59,0.21,4.79,13000000,0,,否,,3.53,3.25,3.53,,18.8425,14.1053,-1.2463
706612,弘塑國票5C購01,2026-10-01,0.29,-0.09,-23.68,234000000,0,紅縮,是,,0.33,0.35,0.39,,-11.8919,-11.6751,-14.1292
706613,弘塑國票63購01,2026-10-01,0.74,-0.18,-19.57,133000000,0,紅縮,是,,0.81,0.8,0.93,,2.7848,-10.3024,-17.3197
706618,神盾國票5A購01,2026-10-01,0.14,0.05,55.56,10000000,0,綠縮,否,,0.1,0.17,0.3,,-59.0164,-41.8919,-36.6006
706623,萬泰科國票5A購03,2026-10-01,0.72,-0.02,-2.7,110000000,0,綠縮,是,,0.71,0.77,1.86,,-14.3204,-45.122,-29.227
706624,穩得國票5A購01,2026-10-01,0.1,-0.02,-16.67,20000000,0,綠增,是,,0.46,0.39,0.64,,39.0244,-21.2851,-28.3473
706625,譜瑞國票5A購01,2026-10-01,0.22,-0.04,-15.38,25000000,0,紅縮,否,,0.3,0.3,0.53,,-2.6316,-35.8974,-34.5364
706647,弘塑群益5B購02,2026-10-01,0.23,0.01,4.55,16000000,0,紅增,否,,0.23,0.24,0.35,,-5.7377,-24.5223,-37.7778
706659,弘塑富邦61購02,2026-10-01,0.38,-0.11,-22.45,295000000,0,紅縮,否,,0.43,0.42,0.46,,1.4286,-11.5063,-9.9903
706660,均豪富邦61購01,2026-10-01,0.43,-0.02,-4.44,35000000,0,綠縮,否,,0.4,0.4,0.45,,1.5152,-15.8228,3.1891
706662,沛亨富邦61購01,2026-10-01,0.79,-0.07,-8.14,470000000,0,紅縮,否,,0.82,0.86,0.74,,-9.3333,5.1471,12.3019
706673,弘塑元富5C購02,2026-10-01,0.54,-0.15,-21.74,52000000,0,紅縮,否,,0.62,0.71,0.8,,-23.5732,-9.0793,-26.5962
706687,台特化凱基63購01,2026-10-01,0.46,-0.06,-11.54,75000000,0,,是,,0.43,0.47,0.62,,-14.9606,-19.244,-16.7229
706695,立碁永豐5A購01,2026-10-01,0.98,-0.08,-7.55,28000000,0,綠增,否,,1.0,0.96,0.97,,10.3524,1.0582,14.5294
706696,立碁永豐5B購01,2026-10-01,1.27,-0.12,-8.63,1000000,0,紅縮,否,,1.18,1.14,0.84,,7.078,29.9544,23.8762
706698,穩得永豐61購01,2026-10-01,0.39,-0.01,-2.5,132000000,0,綠縮,是,,0.42,0.62,0.76,,-48.6618,-16.1725,-23.2053
706708,閎康國票61購01,2026-10-01,0.61,-0.02,-3.17,10000000,0,綠縮,否,,0.65,0.83,0.97,,-34.9901,-20.4981,-13.8331
706710,良維統一62購02,2026-10-01,0.86,-0.02,-2.27,777000000,0,紅縮,是,,0.84,0.83,0.76,,1.699,4.005,13.1599
706711,宜特統一62購02,2026-10-01,0.39,-0.02,-4.88,124000000,0,紅增,否,,0.36,0.41,0.43,,-19.469,-8.9286,-11.9145
706712,信紘科統一63購02,2026-10-01,0.51,0.02,4.08,53000000,0,紅縮,否,,0.51,0.48,0.43,,13.9013,16.0584,-2.5989
706714,閎康統一63購01,2026-10-01,0.23,0.0,0.0,15000000,0,紅增,否,,0.23,0.25,0.3,,-15.4412,-15.7718,-13.7085
706727,宜特元大5C購01,2026-10-01,0.81,0.01,1.25,2000000,0,綠縮,否,,0.8,0.88,1.12,,-15.5462,-20.3989,-22.9873
706745,聖暉*凱基5A購01,2026-10-01,0.36,0.13,56.52,1000000,0,綠縮,否,,0.25,0.46,1.87,,-62.7219,-67.3928,-42.6861
706751,聖暉*兆豐5B購02,2026-10-01,0.9,0.14,18.42,509000000,0,,是,,0.7,0.65,0.81,,16.2252,-1.0606,-30.4199
706754,世紀*國票5A購02,2026-10-01,3.62,-0.28,-7.18,57000000,0,綠縮,是,,2.77,3.34,5.0,,-29.156,-43.4856,11.9538
706759,捷創國票5A購01,2026-10-01,0.08,0.01,14.29,10000000,0,,是,,0.09,0.13,,,-49.4382,,
706760,順達國票5B購01,2026-10-01,0.65,-0.08,-10.96,42000000,0,紅增,否,,0.63,0.7,0.8,,-17.2775,-10.6274,-10.6964
706761,聖暉*國票5A購04,2026-10-01,0.43,0.08,22.86,62000000,0,紅增,否,,0.33,0.37,0.8,,-18.7192,-35.097,-47.9207
706784,聖暉*國泰5A購01,2026-10-01,1.18,0.2,20.41,47000000,0,,是,,0.93,0.83,,,27.3973,4.6658,
706785,聖暉*國泰5A購02,2026-10-01,0.81,0.2,32.79,19000000,0,,否,,0.54,0.56,1.95,,-5.2448,-60.9944,
706790,順達群益5B購02,2026-10-01,1.0,-0.13,-11.5,125000000,0,紅增,否,,1.0,0.94,1.12,,11.6592,-10.6906,-9.6774
706796,鈊象富邦5B購02,2026-10-01,1.21,0.15,14.15,179000000,0,紅增,否,,1.01,0.87,0.98,,35.9459,12.3552,-5.6386
706799,立碁統一63購01,2026-10-01,0.76,-0.06,-7.32,16000000,0,,否,,0.76,0.74,0.64,,5.8333,8.651,
706800,立碁統一66購01,2026-10-01,0.75,0.0,0.0,15000000,0,,否,,0.72,0.7,,,5.9172,6.585,
706801,順達統一63購02,2026-10-01,0.68,-0.05,-6.85,30000000,0,紅增,否,,0.67,0.64,0.66,,8.1169,-2.5836,-1.2772
706803,聖暉*統一65購01,2026-10-01,0.8,0.06,8.11,639000000,0,紅增,是,,0.72,0.68,0.67,,13.4796,6.5728,-5.3786
706804,雙鴻統一66購01,2026-10-01,0.83,-0.04,-4.6,5000000,0,紅縮,否,,0.94,0.82,0.64,,32.5779,27.0898,33.092
706826,順達凱基5B購02,2026-10-01,0.37,-0.08,-17.78,437000000,0,,是,,0.39,0.55,,,-46.1111,-52.69,
706843,鈊象元大5C購04,2026-10-01,0.7,0.11,18.64,1267000000,0,紅增,是,,0.55,0.47,0.54,,45.7895,16.75,-5.2028
706844,鈊象元大63購04,2026-10-01,0.45,0.06,15.38,741000000,0,紅增,是,,0.37,0.32,0.34,,35.5556,17.3432,-7.438
706845,萬泰科元大63購01,2026-10-01,0.96,0.02,2.13,32000000,0,,是,,0.91,0.9,0.97,,2.0179,-2.2777,-15.0154
706850,東捷永豐5C購01,2026-10-01,4.22,-0.08,-1.86,10000000,0,,是,,3.21,3.0,2.87,,15.4454,18.1174,-14.9311
706852,鈊象永豐5B購01,2026-10-01,0.45,0.06,15.38,553000000,0,紅增,是,,0.36,0.3,0.33,,43.5484,14.3939,-17.7358
706856,宜特元富5C購01,2026-10-01,0.62,0.0,0.0,20000000,0,綠縮,否,,0.62,0.72,1.07,,-24.0196,-22.5458,-30.5924
706857,匯鑽科元富5A購01,2026-10-01,0.15,-0.04,-21.05,649000000,0,,是,,0.18,0.21,0.3,,-25.0,-32.4759,-25.1549
706863,中美晶群益62購01,2026-10-01,3.47,0.14,4.2,18000000,0,綠縮,否,,2.91,2.76,3.49,,11.4176,-14.6613,-1.4388
706865,東捷群益62購01,2026-10-01,8.45,-1.15,-11.98,4000000,0,,是,,8.23,6.94,5.68,,45.922,40.8408,
706871,鈊象群益5B購01,2026-10-01,0.21,0.05,31.25,390000000,0,綠轉紅,是,,0.13,0.12,0.24,,4.918,-33.8624,-18.4165
706872,聖暉*群益5C購01,2026-10-01,1.2,0.0,0.0,65000000,0,紅增,否,,1.12,1.04,1.11,,17.4004,2.9791,-16.6792
706878,神盾國票62購01,2026-10-01,0.34,-0.08,-19.05,2000000,0,綠轉紅,否,,0.32,0.34,0.42,,-11.1732,-15.7107,-23.5135
706880,頎邦國票5A購03,2026-10-01,13.3,0.6,4.72,1000000,0,,是,,,,,,,,
706892,鈊象元大63購05,2026-10-01,1.66,0.18,12.16,565000000,0,紅增,是,,1.4,1.24,1.19,,31.2734,16.0714,-5.0279
706895,均豪國泰5B購01,2026-10-01,1.1,-0.01,-0.9,20000000,0,,是,,1.23,1.1,1.31,,26.0246,-10.7605,
706900,鈊象凱基5B購01,2026-10-01,0.55,0.0,0.0,82000000,0,綠轉紅,否,,0.5,0.45,0.8,,22.7723,-32.4324,-17.2737
706901,聖暉*凱基5B購03,2026-10-01,0.96,0.29,43.28,1000000,0,,是,,0.7,0.71,,,-2.7701,-40.1177,
706910,元太元富63購01,2026-10-01,1.56,0.01,0.65,10000000,0,,是,,1.57,1.67,2.29,,-10.6697,-15.6297,
706914,鈊象中信63購01,2026-10-01,0.24,0.04,20.0,250000000,0,紅增,是,,0.2,0.17,0.21,,37.5,-10.0,-5.2995
706925,匯鑽科永豐61購01,2026-10-01,0.59,-0.02,-3.28,27000000,0,紅增,否,,0.57,0.56,0.55,,6.2963,-14.3077,9.7194
706926,精星永豐5B購01,2026-10-01,0.03,-0.03,-50.0,22000000,0,,否,,0.22,0.38,,,-59.9265,-38.3495,
706948,印能元大64購01,2026-10-01,1.99,0.16,8.74,93000000,0,綠縮,否,,1.87,1.82,2.01,,5.8757,-7.1829,-12.2164
706949,良維元大61購01,2026-10-01,3.02,-0.13,-4.13,98000000,0,紅縮,是,,3.05,2.96,2.76,,6.4111,3.2056,11.5385
706953,鈊象元大64購02,2026-10-01,0.91,0.1,12.35,1038000000,0,紅增,是,,0.76,0.67,0.75,,33.6842,-5.5319,0.0
706965,千附凱基5B購01,2026-10-01,1.64,-0.05,-2.96,3000000,0,,否,,1.68,1.62,2.03,,6.4803,-32.5166,
706967,世紀*凱基5A購01,2026-10-01,3.22,0.72,28.8,78000000,0,綠縮,是,,2.09,3.08,4.59,,-48.5489,-45.5333,9.4
706968,印能凱基64購01,2026-10-01,1.47,0.17,13.08,320000000,0,綠轉紅,否,,1.35,1.27,1.64,,12.5209,-13.519,-18.7113
706970,鈊象凱基64購01,2026-10-01,1.33,0.08,6.4,28000000,0,紅增,否,,1.09,1.0,1.18,,19.8238,-6.8161,-8.3236
706975,高僑國票61購01,2026-10-01,1.06,-0.16,-13.11,20000000,0,紅增,否,,1.08,0.97,1.03,,26.4637,10.7675,-21.3083
706976,新門國票61購01,2026-10-01,0.51,0.04,8.51,10000000,0,紅縮,否,,0.5,0.51,0.45,,-4.5627,1.7822,-4.6908
706977,耀勝國票61購01,2026-10-01,0.03,0.01,50.0,1000000,0,紅增,否,,0.02,0.03,0.07,,-36.8421,-45.614,-56.9277
706978,印能國泰5B購01,2026-10-01,1.88,0.23,13.94,10000000,0,綠縮,否,,1.85,1.83,2.63,,1.652,-22.612,-12.9909
706980,神盾統一64購01,2026-10-01,0.45,0.02,4.65,507000000,0,紅增,是,,0.41,0.4,0.42,,3.0303,-2.4272,-4.8864
706981,神盾統一64購02,2026-10-01,0.43,0.02,4.88,452000000,0,紅增,是,,0.39,0.39,0.41,,-1.5075,-2.9484,-3.4038
706982,印能永豐64購01,2026-10-01,2.07,0.22,11.89,239000000,0,綠轉紅,是,,1.88,1.82,2.12,,6.8027,-12.054,-15.9714
706985,原相永豐5B購02,2026-10-01,0.42,-0.01,-2.33,34000000,0,綠縮,否,,0.47,0.61,0.96,,-38.3598,-42.467,-32.761
706986,神盾永豐5C購02,2026-10-01,0.36,-0.01,-2.7,128000000,0,紅增,否,,0.36,0.38,0.43,,-13.1707,-10.3044,-20.1673
706987,創泓永豐5C購01,2026-10-01,0.97,-0.17,-14.91,204000000,0,綠縮,是,,1.05,1.17,1.4,,-18.7888,-10.2308,-8.194
706988,撼訊永豐5C購01,2026-10-01,2.05,0.44,27.33,1252000000,0,,是,,1.62,1.64,2.01,,-2.524,-12.045,
706991,世紀*元大5A購01,2026-10-01,1.45,0.25,20.83,19000000,0,綠縮,是,,0.96,1.68,1.92,,-59.6653,-29.862,12.4415
706998,印能群益5A購02,2026-10-01,0.1,0.0,0.0,80000000,0,,否,,0.43,1.05,1.86,,-74.0072,-47.4398,-21.8415
706999,均豪群益62購01,2026-10-01,0.52,0.0,0.0,65000000,0,,否,,0.48,0.49,0.58,,-2.0243,-15.6897,
707000,高僑群益5B購01,2026-10-01,1.26,-0.02,-1.56,15000000,0,紅增,否,,1.1,0.86,0.96,,78.5016,29.742,-28.5928
707003,群翊群益5B購01,2026-10-01,1.6,0.03,1.91,19000000,0,,是,,1.4,1.25,1.53,,27.6364,-9.9281,
707006,台嘉碩元大5A購01,2026-10-01,0.69,0.24,53.33,38000000,0,紅增,是,,0.5,0.63,0.72,,-34.2932,-17.038,-25.3902
707007,印能元大5A購02,2026-10-01,0.15,0.05,50.0,10000000,0,,否,,0.18,0.75,,,-86.2121,,
707011,印能元大5B購01,2026-10-01,0.88,0.06,7.32,419000000,0,綠轉紅,是,,0.84,0.89,1.21,,-10.8511,-24.9789,-28.9991
707012,印能元大5C購02,2026-10-01,0.76,0.11,16.92,112000000,0,紅增,否,,0.67,0.67,0.85,,0.0,-17.6471,-25.3968
707014,印能元大64購02,2026-10-01,0.57,0.07,14.0,834000000,0,綠縮,是,,0.57,0.69,0.86,,-28.5,-24.9453,-13.2152
707017,宏捷科元大5C購03,2026-10-01,0.28,-0.01,-3.45,7000000,0,,是,,0.39,0.44,,,-19.0083,-27.8418,
707024,廣閎科元大5A購01,2026-10-01,5.55,0.05,0.91,5000000,0,,否,,4.59,3.81,4.93,,51.054,14.1018,2.5273
707028,印能凱基5A購03,2026-10-01,0.01,0.0,0.0,3000000,0,綠縮,否,,0.04,0.28,1.06,,-93.1298,-74.4991,-26.6115
707037,廣閎科凱基5B購01,2026-10-01,3.8,-0.46,-10.8,7000000,0,,是,,3.56,3.68,,,-6.3684,-19.4262,
707040,千如國票5B購01,2026-10-01,1.35,0.52,62.65,24000000,0,紅增,否,,0.97,1.06,1.16,,-15.3578,-10.1105,-38.3165
707041,台嘉碩國票5A購01,2026-10-01,0.33,0.09,37.5,120000000,0,紅增,是,,0.29,0.46,0.7,,-52.8846,-40.6977,-23.2495
707042,印能國票5B購01,2026-10-01,0.35,0.07,25.0,153000000,0,紅增,是,,0.32,0.32,0.48,,0.6329,-30.1762,-31.8534
707046,博盛國票5B購01,2026-10-01,1.21,0.18,17.48,3000000,0,紅增,否,,1.13,1.01,0.97,,27.027,5.6604,5.3804
707048,雙鴻中信64購01,2026-10-01,1.3,-0.05,-3.7,33000000,0,紅縮,否,,1.46,1.32,1.09,,23.3898,13.7187,27.1246
707051,印能永豐61購01,2026-10-01,1.01,0.15,17.44,129000000,0,紅增,是,,0.91,0.87,1.11,,9.6154,-17.968,-31.3599
707052,同致永豐5C購01,2026-10-01,0.11,0.0,0.0,111000000,0,,是,,0.11,0.19,,,-56.8182,,
707053,同致永豐61購01,2026-10-01,0.35,0.02,6.06,14000000,0,,否,,0.42,,,,,,
707063,台嘉碩國泰5B購01,2026-10-01,3.02,0.35,13.11,43000000,0,紅增,否,,2.62,2.33,2.57,,27.9297,-5.3144,2.6122
707066,元太富邦5C購01,2026-10-01,0.57,0.01,1.79,90000000,0,綠轉紅,是,,0.57,0.61,0.92,,-11.1801,-17.1662,-29.6296
707072,立碁統一74購01,2026-10-01,0.94,0.01,1.08,16000000,0,紅增,否,,0.9,0.87,0.83,,7.3986,6.105,9.2409
707073,印能統一63購02,2026-10-01,0.58,0.08,16.0,1496000000,0,綠縮,是,,0.52,0.59,0.73,,-20.3647,-23.0469,-16.4943
707074,印能統一74購01,2026-10-01,1.45,0.15,11.54,18000000,0,綠轉紅,否,,1.35,1.32,1.41,,5.6162,-4.5619,-9.9171
707075,沛亨統一74購01,2026-10-01,0.82,-0.03,-3.53,110000000,0,紅縮,是,,0.83,0.84,0.77,,-4.1763,3.5583,9.7857
707076,系統電統一67購01,2026-10-01,0.61,0.04,7.02,1228000000,0,紅增,是,,0.49,0.46,0.45,,15.0235,13.3663,-11.6325
707078,能率統一67購01,2026-10-01,0.58,-0.02,-3.33,5000000,0,綠縮,否,,0.6,0.67,0.71,,-18.8679,-14.9367,-6.1265
707082,順達統一63購03,2026-10-01,0.62,-0.03,-4.62,94000000,0,紅增,否,,0.59,0.56,0.58,,12.5954,-6.229,3.6574
707084,頎邦統一64購01,2026-10-01,5.4,0.53,10.88,10000000,0,,,,,,,,,,
707088,德微統一67購01,2026-10-01,1.97,0.22,12.57,16000000,0,,是,,1.48,1.39,,,12.5,-26.2434,
707090,雙鴻統一66購02,2026-10-01,1.33,0.04,3.1,2000000,0,紅縮,否,,1.37,1.2,0.99,,33.1384,17.7165,28.8026
707094,正淩群益5A購01,2026-10-01,0.02,-0.2,-90.91,64000000,0,,是,,0.43,,,,,,
707098,倚強群益5A購01,2026-10-01,5.05,1.3,34.67,60000000,0,紅增,否,,2.71,1.76,1.32,,238.75,153.2468,47.1866
707103,中光電兆豐64購01,2026-10-01,0.96,-0.04,-4.0,61000000,0,綠縮,否,,1.01,1.0,1.46,,1.8109,-31.9077,-17.096
707108,群翊群益5C購01,2026-10-01,0.55,-0.12,-17.91,5000000,0,綠轉紅,否,,0.54,0.52,0.78,,7.6,-15.1961,-22.4876
707121,正淩國票5B購02,2026-10-01,0.13,-0.16,-55.17,23000000,0,,否,,0.15,0.31,,,-67.5214,,
707125,群翊國票5B購01,2026-10-01,0.15,-0.03,-16.67,499000000,0,綠縮,是,,0.13,0.25,0.41,,-65.2406,-40.8451,-30.4681
707127,磐亞國票5B購01,2026-10-01,7.2,-0.55,-7.1,8000000,0,綠縮,否,,7.2,7.6,8.32,,-9.8874,-5.4407,1.6176
707129,宜特富邦5C購01,2026-10-01,0.48,0.02,4.35,729000000,0,紅增,是,,0.47,0.45,0.49,,8.3333,-6.25,-7.7505
707133,正淩統一63購01,2026-10-01,0.52,-0.17,-24.64,312000000,0,紅縮,否,,0.54,0.51,0.46,,16.7382,14.5125,9.4048
707134,同致統一64購01,2026-10-01,0.22,0.02,10.0,13000000,0,,否,,0.22,0.26,,,-24.1379,-17.7419,
707135,同致統一74購01,2026-10-01,0.38,0.0,0.0,5000000,0,,,,,,,,,,
707139,陽程統一74購01,2026-10-01,1.98,-0.11,-5.26,1000000,0,,是,,1.68,1.24,,,107.4257,42.9229,
707140,萬泰科統一74購01,2026-10-01,0.81,0.0,0.0,19000000,0,紅增,否,,0.79,0.79,0.82,,0.2538,-1.8657,-7.5706
707141,群翊統一63購01,2026-10-01,0.51,-0.04,-7.27,41000000,0,紅增,否,,0.48,0.5,0.52,,-5.4687,-6.0377,-2.4345
707142,群翊統一74購01,2026-10-01,0.48,-0.01,-2.04,73000000,0,紅增,是,,0.46,0.45,0.45,,3.6364,-1.7544,-3.6209
707143,頎邦統一64購02,2026-10-01,3.87,0.43,12.5,21000000,0,,是,,3.09,3.44,,,-18.3501,-20.9254,
707144,頎邦統一67購01,2026-10-01,2.22,0.23,11.56,20000000,0,紅增,否,,2.02,1.88,1.56,,16.092,22.0779,-0.0642
707147,宏捷科永豐5C購01,2026-10-01,0.34,-0.01,-2.86,76000000,0,紅增,是,,0.33,0.33,0.44,,4.375,-21.5827,-14.0178
707151,茂綸永豐5A購01,2026-10-01,1.24,0.25,25.25,1235000000,0,紅縮,是,,1.56,1.37,1.18,,32.9932,22.1034,-0.5061
707167,雙鴻元大61購12,2026-10-01,3.51,-0.88,-20.05,4000000,0,,是,,4.06,3.41,,,47.2081,,
707169,台燿凱基61購02,2026-10-01,5.65,-0.1,-1.74,5000000,0,紅增,否,,5.42,4.98,4.88,,19.7351,8.4786,-1.2557
707175,鈊象凱基64購02,2026-10-01,1.53,0.18,13.33,698000000,0,紅增,是,,1.29,1.16,1.27,,25.2427,-6.3005,-5.0524
707176,群翊凱基5C購01,2026-10-01,0.4,-0.03,-6.98,267000000,0,紅增,否,,0.38,0.34,0.48,,21.2903,-24.6154,-16.3778
707182,捷創群益5B購01,2026-10-01,0.35,0.07,25.0,50000000,0,,是,,0.44,,,,,,
707183,華景電群益5A購01,2026-10-01,0.01,-0.04,-80.0,499000000,0,,是,,0.79,1.41,,,-60.8095,,
707204,群翊統一74購02,2026-10-01,0.64,-0.02,-3.03,24000000,0,紅增,否,,0.63,0.62,0.64,,0.9646,0.8065,-4.1291
707205,頎邦統一64購03,2026-10-01,3.27,0.38,13.15,11000000,0,紅縮,否,,3.16,2.85,2.44,,24.8025,22.356,6.0665
707209,台燿元大64購04,2026-10-01,3.28,-0.03,-0.91,12000000,0,紅增,否,,3.16,2.97,2.92,,13.5776,-3.4427,-4.1728
707210,宏觀元大64購01,2026-10-01,0.11,0.0,0.0,499000000,0,,是,,0.12,0.16,,,-40.5941,,
707221,雙鴻元大64購02,2026-10-01,3.76,-0.09,-2.34,83000000,0,紅縮,否,,3.96,3.62,2.7,,21.0141,39.2074,31.4112
707222,世界永豐61購01,2026-10-01,2.39,0.05,2.14,146000000,0,紅增,否,,2.18,2.01,1.79,,18.7568,19.8327,3.5032
707225,台燿永豐61購02,2026-10-01,7.75,-0.1,-1.27,10000000,0,,是,,7.28,7.13,,,4.3877,,
707229,順達永豐5B購02,2026-10-01,0.37,-0.07,-15.91,28000000,0,,否,,0.39,0.66,,,-58.1545,-37.7003,
707237,頎邦凱基5B購01,2026-10-01,7.5,1.55,26.05,14000000,0,紅增,是,,6.02,5.42,4.15,,24.8342,30.5803,9.3902
707246,鈊象元大61購01,2026-10-01,1.47,0.05,3.52,110000000,0,紅增,否,,1.3,1.13,1.16,,34.6473,17.3237,-1.4919
707251,順達國票5B購02,2026-10-01,0.25,-0.05,-16.67,11000000,0,紅增,否,,0.25,0.25,0.33,,-1.5625,-24.4048,-18.3292
707259,凌陽創永豐5A購01,2026-10-01,0.02,0.0,0.0,20000000,0,,是,,0.34,0.76,1.14,,-70.798,-41.997,
707260,勤凱永豐5C購03,2026-10-01,0.69,0.2,40.82,1000000,0,紅增,否,,0.58,0.62,0.64,,-12.0846,4.8904,-26.7703
707263,萬泰科永豐64購01,2026-10-01,0.76,0.0,0.0,49000000,0,紅增,否,,0.73,0.72,0.77,,2.521,-3.2129,-15.7088
707265,宏捷科統一74購01,2026-10-01,0.34,0.0,0.0,51000000,0,,是,,0.36,0.37,0.47,,-3.1915,-15.7175,
707269,勤凱統一74購01,2026-10-01,0.82,0.11,15.49,6000000,0,紅增,否,,0.74,0.74,0.73,,-1.3333,8.2849,-9.828
707273,新盛力統一74購02,2026-10-01,1.11,-0.07,-5.93,172000000,0,紅縮,否,,1.11,1.09,1.11,,4.1353,-1.0027,6.0057
707276,頎邦統一74購01,2026-10-01,1.66,0.15,9.93,47000000,0,紅增,否,,1.57,1.49,1.34,,11.2216,10.7223,15.3017
707277,廣閎科統一74購02,2026-10-01,1.03,0.03,3.0,16000000,0,紅增,否,,0.99,0.9,0.84,,22.8288,9.6459,3.6196
707278,德微統一64購01,2026-10-01,1.45,0.22,17.89,12000000,0,紅增,否,,1.3,1.13,0.99,,36.478,24.6409,12.6286
707284,宏觀凱基64購01,2026-10-01,0.16,-0.03,-15.79,25000000,0,,否,,0.23,0.37,,,-55.2529,,
707285,旺矽凱基5A購04,2026-10-01,0.01,-0.11,-91.67,13000000,0,綠縮,否,,0.23,0.4,0.89,,-58.0645,-49.5541,-25.1362
707286,順達凱基64購01,2026-10-01,1.01,-0.08,-7.34,86000000,0,紅增,是,,0.98,0.95,1.16,,6.4935,-5.9172,-9.74
707287,廣閎科凱基5A購03,2026-10-01,1.51,0.01,0.67,11000000,0,綠縮,否,,1.23,1.02,2.86,,50.4902,-43.7844,-27.18
707296,台燿元大5A購07,2026-10-01,3.91,-0.01,-0.26,3000000,0,,否,,3.52,,,,,,
707298,台燿元大5A購09,2026-10-01,2.29,0.0,0.0,50000000,0,紅縮,否,,2.34,2.06,2.08,,31.9053,-3.5631,8.9767
707299,台燿元大61購06,2026-10-01,2.58,0.59,29.65,20000000,0,綠縮,否,,2.06,2.11,2.33,,-4.2672,-7.82,-9.208
707302,信驊元大5B購01,2026-10-01,4.27,0.03,0.71,20000000,0,紅縮,否,,4.55,4.49,3.96,,2.9398,6.3774,8.2672
707306,台燿永豐5C購03,2026-10-01,4.34,-0.02,-0.46,79000000,0,紅增,否,,4.2,3.86,3.9,,19.5108,5.2359,5.9079
707307,台燿永豐64購02,2026-10-01,3.9,-0.07,-1.76,57000000,0,紅增,否,,3.78,3.52,3.54,,15.8282,8.9164,5.1328
707308,台燿永豐67購01,2026-10-01,4.45,0.11,2.53,267000000,0,紅增,否,,4.25,4.0,3.98,,13.6291,7.4174,-0.3132
707309,巨漢永豐5C購01,2026-10-01,0.17,0.0,0.0,8000000,0,,否,,0.23,0.62,1.04,,-77.8865,-49.8392,-22.854
707312,良維永豐5C購01,2026-10-01,2.02,0.11,5.76,57000000,0,紅縮,否,,2.07,1.98,1.75,,9.544,10.6383,4.8846
707313,旺矽永豐5A購03,2026-10-01,0.02,-0.03,-60.0,45000000,0,紅縮,否,,0.38,0.51,0.92,,-40.8805,-27.5072,-21.1183
707314,旺矽永豐61購03,2026-10-01,0.95,-0.09,-8.65,300000000,0,綠增,否,,1.17,1.34,1.53,,-22.0745,-8.9796,-13.1968
707315,旺矽永豐64購02,2026-10-01,1.82,-0.1,-5.21,289000000,0,綠增,否,,2.09,2.28,2.38,,-15.8871,-5.8557,-10.1714
707316,長科*永豐5A購01,2026-10-01,1.26,-0.23,-15.44,20000000,0,,否,,1.7,1.85,2.64,,-15.6219,-22.8238,-29.0677
707319,翔名永豐5B購01,2026-10-01,0.78,-0.03,-3.7,10000000,0,,是,,0.79,1.05,,,-40.2124,,
707323,均豪國泰61購01,2026-10-01,0.91,-0.02,-2.15,10000000,0,綠轉紅,否,,0.84,0.81,0.94,,6.8878,-15.9585,3.5813
707324,精材國泰5B購02,2026-10-01,20.0,-0.1,-0.5,6000000,0,,否,,18.94,,,,,,
707326,台燿富邦64購01,2026-10-01,1.72,-0.09,-4.97,25000000,0,紅增,否,,1.71,1.61,1.59,,12.9801,5.4426,4.5425
707327,旺矽富邦5C購01,2026-10-01,0.56,-0.03,-5.08,51000000,0,綠增,否,,0.68,0.79,0.85,,-24.1611,-10.0686,-16.1163
707328,旺矽富邦64購01,2026-10-01,0.8,-0.05,-5.88,837000000,0,綠增,否,,0.94,1.03,1.09,,-16.6667,-6.7628,-15.7447
707329,群翊富邦62購01,2026-10-01,0.46,-0.04,-8.0,610000000,0,紅增,否,,0.45,0.42,0.47,,20.7447,-3.4884,-3.3092
707330,台燿國票5B購05,2026-10-01,4.65,-0.22,-4.52,14000000,0,紅增,否,,4.56,4.15,4.29,,21.6649,12.331,-5.4545
707331,台燿統一63購01,2026-10-01,2.35,-0.12,-4.86,32000000,0,紅增,是,,2.31,2.13,2.24,,17.7732,6.4935,11.1304
707333,台燿統一64購04,2026-10-01,2.25,0.01,0.45,13000000,0,紅增,否,,2.16,2.02,2.01,,15.3682,9.0811,-4.0134
707334,台燿統一66購02,2026-10-01,1.8,0.07,4.05,134000000,0,紅增,是,,1.71,1.59,1.59,,16.0544,9.5928,-6.1448
707335,台燿統一74購02,2026-10-01,1.56,0.01,0.65,78000000,0,紅增,否,,1.52,1.44,1.43,,11.782,7.3134,-3.7273
707336,台燿統一74購03,2026-10-01,1.05,0.0,0.0,73000000,0,紅增,否,,1.02,0.98,1.02,,8.2803,0.6154,-3.7405
707340,旺矽統一63購06,2026-10-01,0.86,0.0,0.0,32000000,0,綠增,否,,0.98,1.06,1.11,,-14.8084,-6.3436,-12.6031
707341,旺矽統一64購01,2026-10-01,0.82,-0.04,-4.65,15000000,0,紅轉綠,否,,0.99,1.07,1.1,,-13.2867,-3.7838,-13.4699
707342,東捷統一74購01,2026-10-01,0.98,-0.03,-2.97,40000000,0,紅縮,否,,0.96,0.9,0.79,,15.9036,12.7044,11.1972
707343,前鼎統一64購01,2026-10-01,1.54,-0.04,-2.53,3000000,0,綠增,否,,1.63,1.9,1.77,,-24.7689,-7.3766,10.2244
707346,順達統一64購01,2026-10-01,0.53,-0.04,-7.02,208000000,0,紅縮,否,,0.53,0.52,0.53,,6.8273,-4.9815,-4.5005
707350,新盛力統一74購03,2026-10-01,1.75,-0.1,-5.41,19000000,0,紅縮,是,,1.73,1.69,1.68,,4.3478,-4.7833,5.655
707352,頎邦統一74購02,2026-10-01,1.67,0.11,7.05,22000000,0,紅縮,否,,1.61,1.54,1.4,,8.5135,8.892,12.5852
707353,頎邦統一74購03,2026-10-01,1.78,0.19,11.95,21000000,0,紅增,否,,1.66,1.6,1.44,,6.8299,9.6311,12.2409
707354,廣閎科統一64購02,2026-10-01,1.38,0.05,3.76,159000000,0,紅增,否,,1.33,1.16,1.35,,35.5691,11.2284,-10.9974
707356,廣閎科統一74購03,2026-10-01,1.48,0.07,4.96,187000000,0,紅增,否,,1.4,1.28,1.21,,20.3098,9.029,4.2351
707357,勤凱台新5A購01,2026-10-01,0.4,0.14,53.85,3000000,0,紅增,否,,0.51,0.68,0.79,,-39.3365,-21.7993,-48.0515
707364,頎邦凱基63購01,2026-10-01,5.25,0.6,12.9,1000000,0,紅增,否,,4.98,4.45,3.75,,27.3378,23.652,22.48
707370,立碁永豐5C購01,2026-10-01,0.97,-0.1,-9.35,80000000,0,綠增,是,,0.97,0.96,0.92,,2.3256,3.125,12.4924
707373,聖暉*永豐5C購01,2026-10-01,1.44,0.18,14.29,70000000,0,,是,,1.25,1.2,1.36,,7.7855,0.2504,
707374,頎邦永豐61購01,2026-10-01,2.81,0.37,15.16,188000000,0,紅增,否,,2.52,2.51,2.14,,0.8814,13.2851,14.2056
707381,頎邦國票5B購04,2026-10-01,4.11,0.68,19.83,1000000,0,紅縮,否,,3.82,3.27,2.44,,39.8827,40.7312,8.7169
707382,廣閎科國票5B購03,2026-10-01,1.54,0.06,4.05,62000000,0,紅增,否,,1.5,1.18,1.07,,72.9792,31.3333,-15.3571
707383,衛司特國票5B購02,2026-10-01,0.16,-0.01,-5.88,250000000,0,,是,,0.13,0.13,0.24,,-8.5714,-27.957,
707389,順達群益5A購03,2026-10-01,0.01,-0.05,-83.33,35000000,0,,否,,0.35,0.77,1.31,,-70.4202,-48.9066,
707397,天品元大61購01,2026-10-01,0.54,0.01,1.89,517000000,0,紅增,否,,0.5,0.39,0.35,,85.9259,50.1946,7.8947
707400,群翊元大5A購02,2026-10-01,0.34,-0.19,-35.85,10000000,0,,,,,,,,,,
707405,群翊國泰5B購02,2026-10-01,1.03,-0.01,-0.96,1000000,0,紅增,否,,0.85,0.84,1.08,,3.9024,-19.2271,-13.3548
707407,巨漢統一74購02,2026-10-01,0.52,0.01,1.96,10000000,0,,否,,0.52,0.58,,,-20.5521,-24.3208,
707409,均豪統一63購02,2026-10-01,0.43,-0.02,-4.44,10000000,0,紅增,否,,0.42,0.4,0.44,,7.2165,-9.2551,-1.4607
707410,均豪統一74購01,2026-10-01,0.49,0.0,0.0,21000000,0,綠縮,否,,0.47,0.49,0.49,,-4.8193,4.0685,-2.0854
707413,東捷統一74購02,2026-10-01,1.3,-0.09,-6.47,28000000,0,紅縮,否,,1.29,1.19,1.06,,17.7331,13.1054,14.2395
707415,宣德統一74購01,2026-10-01,0.26,0.0,0.0,10000000,0,,是,,0.32,0.38,,,-27.4775,-19.0275,
707416,順達統一64購02,2026-10-01,0.51,-0.04,-7.27,69000000,0,,是,,0.51,0.52,0.55,,-4.1667,-2.2684,
707417,萬泰科統一74購02,2026-10-01,0.74,-0.01,-1.33,5000000,0,,否,,0.74,0.73,0.83,,2.2039,-6.7344,-6.6064
707422,頎邦富邦61購02,2026-10-01,2.8,0.42,17.65,27000000,0,紅縮,否,,2.68,2.31,1.91,,39.0674,26.7582,28.6437
707423,廣閎科富邦5B購01,2026-10-01,1.23,0.0,0.0,31000000,0,紅縮,否,,1.23,1.01,0.9,,56.3776,24.5353,7.623
707427,大車隊永豐5B購01,2026-10-01,0.14,-0.01,-6.67,27000000,0,,否,,0.27,,,,,,
707429,沛亨永豐61購01,2026-10-01,0.66,-0.05,-7.04,104000000,0,紅縮,是,,0.73,0.68,0.56,,13.3956,26.151,-8.5106
707435,萬泰科永豐5C購02,2026-10-01,0.58,-0.02,-3.33,100000000,0,綠縮,是,,0.59,0.69,1.14,,-24.8101,-32.3558,-22.1538
707439,台星科群益61購01,2026-10-01,0.84,-0.06,-6.67,844000000,0,紅增,否,,0.84,0.82,0.87,,5.0,-3.8687,-15.8483
707445,群翊群益64購01,2026-10-01,0.5,-0.03,-5.66,20000000,0,,是,,0.49,0.53,,,-13.6842,-22.8198,
707449,立碁國泰5B購01,2026-10-01,2.27,0.1,4.61,5000000,0,紅增,否,,2.07,1.89,1.75,,20.5128,5.6983,18.962
707454,千附精統一74購01,2026-10-01,0.81,-0.03,-3.57,520000000,0,綠增,否,,0.84,0.87,0.95,,-7.1111,-11.8782,-2.0093
707455,台星科統一74購01,2026-10-01,0.85,-0.02,-2.3,5000000,0,紅縮,否,,0.84,0.81,0.79,,7.9284,3.0418,-0.6905
707459,立敦統一74購01,2026-10-01,0.88,0.09,11.39,51000000,0,紅增,否,,0.79,0.8,0.88,,-2.7027,-7.1676,-12.9896
707461,金山電統一74購01,2026-10-01,1.58,0.1,6.76,4000000,0,,否,,1.53,1.44,1.64,,13.0178,-0.6211,
707463,美琪瑪統一63購01,2026-10-01,0.58,-0.07,-10.77,5000000,0,紅增,否,,0.56,0.5,0.58,,28.4404,5.0633,-16.1522
707470,順達統一74購01,2026-10-01,0.59,-0.02,-3.28,491000000,0,紅增,是,,0.58,0.56,0.58,,7.8358,-0.8897,4.4964
707471,新應材統一67購01,2026-10-01,0.28,0.0,0.0,4000000,0,綠縮,否,,0.27,0.31,0.34,,-21.6374,-11.5942,-14.3036
707472,聖暉*統一63購01,2026-10-01,0.84,0.09,12.0,982000000,0,,是,,0.73,0.68,0.85,,17.6849,7.4603,-29.4798
707474,蜜望實統一74購01,2026-10-01,0.96,0.1,11.63,11000000,0,紅增,否,,0.89,0.93,0.96,,-7.6763,-3.538,-0.2611
707475,天品凱基61購01,2026-10-01,0.77,0.0,0.0,6000000,0,紅增,否,,0.72,0.57,0.56,,74.3961,33.3333,0.3587
707482,順達凱基5C購01,2026-10-01,1.24,-0.15,-10.79,52000000,0,紅增,否,,1.23,1.34,1.35,,-16.0274,-1.6837,-13.0616
707485,群翊凱基61購01,2026-10-01,0.27,-0.06,-18.18,80000000,0,綠轉紅,是,,0.25,0.31,0.36,,-34.0426,-16.129,-23.027
707492,均豪元大5C購01,2026-10-01,0.13,-0.01,-7.14,191000000,0,,是,,0.14,0.17,0.27,,-32.0,-22.9358,
707506,新應材元大5C購01,2026-10-01,0.32,0.02,6.67,2000000,0,綠縮,否,,0.3,0.38,0.59,,-35.0649,-33.5079,-29.7329
707507,新應材元大61購04,2026-10-01,0.2,-0.02,-9.09,700000000,0,,是,,0.29,0.52,,,-60.2703,,
707509,巨漢國票5A購01,2026-10-01,0.01,-0.01,-50.0,10000000,0,綠縮,否,,0.06,0.12,0.32,,-64.4444,-58.2192,-36.1386
707511,沛亨國票5B購02,2026-10-01,0.31,-0.06,-16.22,50000000,0,,否,,0.38,0.43,0.74,,-22.314,5.1345,-29.8486
707512,東捷國票5A購02,2026-10-01,2.91,-0.34,-10.46,1000000,0,紅縮,否,,2.78,2.27,1.69,,58.2005,40.3715,37.5406
707515,榮田國票5A購01,2026-10-01,0.11,-0.03,-21.43,30000000,0,紅縮,否,,0.2,0.23,0.32,,-23.4375,-36.5169,-14.1113
707521,新應材富邦61購02,2026-10-01,0.1,0.0,0.0,20000000,0,,否,,0.14,0.17,0.36,,-28.7129,-46.6049,
707522,萬泰科富邦5B購01,2026-10-01,0.27,0.0,0.0,500000000,0,綠縮,是,,0.3,0.36,0.51,,-28.91,-15.2582,-27.3692
707525,譜瑞富邦5C購02,2026-10-01,0.6,0.0,0.0,20000000,0,,否,,0.61,0.59,0.75,,7.3684,1.3722,
707529,宏觀凱基61購01,2026-10-01,0.15,-0.02,-11.76,25000000,0,,是,,0.32,,,,,,
707531,前鼎凱基5B購02,2026-10-01,1.79,-0.06,-3.24,348000000,0,綠增,否,,1.97,2.71,2.24,,-43.1134,-9.1183,15.9596
707534,陽程凱基63購01,2026-10-01,7.7,-0.25,-3.14,10000000,0,,是,,6.02,4.8,3.41,,67.4833,82.3842,
707536,萬泰科凱基5B購01,2026-10-01,1.12,0.01,0.9,7000000,0,,否,,1.12,1.24,2.15,,-18.1552,-41.0536,
707545,弘塑永豐5C購04,2026-10-01,0.09,0.03,50.0,1000000,0,綠縮,否,,0.1,0.15,0.28,,-52.4272,-41.5385,-31.5271
707546,弘塑永豐61購02,2026-10-01,0.22,-0.01,-4.35,40000000,0,綠縮,否,,0.28,0.3,0.65,,-11.9497,-47.3592,-30.6867
707547,弘塑永豐64購01,2026-10-01,0.2,-0.04,-16.67,130000000,0,紅縮,是,,0.21,0.23,0.25,,-11.5702,-5.0,-14.4097
707550,新應材永豐64購01,2026-10-01,0.25,0.0,0.0,15000000,0,,否,,0.22,0.32,0.5,,-47.1698,-39.212,-24.1037
707568,弘塑國泰61購01,2026-10-01,0.29,-0.09,-23.68,300000000,0,紅縮,是,,0.37,0.4,0.49,,-14.8148,-12.854,-25.3956
707569,弘塑國泰61購02,2026-10-01,0.2,-0.03,-13.04,272000000,0,紅增,是,,0.23,0.26,0.3,,-23.6486,-14.4262,-32.5
707572,弘塑富邦5C購02,2026-10-01,0.09,-0.04,-30.77,939000000,0,紅縮,是,,0.11,0.12,0.15,,-9.8361,-25.641,-22.1354
707573,弘塑富邦64購01,2026-10-01,0.16,-0.03,-15.79,146000000,0,紅縮,否,,0.17,0.17,0.18,,-1.1765,-9.6257,-11.2469
707575,力致統一74購01,2026-10-01,0.4,0.0,0.0,40000000,0,紅增,是,,0.39,0.39,0.43,,1.5464,-2.4938,-8.2002
707576,中美晶統一64購01,2026-10-01,1.96,0.1,5.38,32000000,0,綠轉紅,否,,1.67,1.52,1.77,,22.7606,8.5898,-4.1271
707577,元太統一64購01,2026-10-01,0.43,-0.01,-2.27,346000000,0,紅增,否,,0.44,0.46,0.53,,-9.5041,-9.4303,-19.3036
707578,元太統一74購01,2026-10-01,0.82,0.0,0.0,120000000,0,綠縮,是,,0.82,0.85,0.97,,-5.0691,-9.0323,-12.5453
707579,弘塑統一62購02,2026-10-01,0.13,-0.02,-13.33,499000000,0,紅縮,是,,0.13,0.13,0.14,,6.3492,-9.7222,-8.9457
707580,弘塑統一64購01,2026-10-01,0.19,-0.02,-9.52,510000000,0,紅縮,否,,0.19,0.18,0.2,,4.4444,-8.4577,-8.2569
707581,弘塑統一64購02,2026-10-01,0.14,-0.03,-17.65,1335000000,0,紅縮,是,,0.15,0.15,0.18,,1.3514,-7.4534,-23.4542
707583,立敦統一64購01,2026-10-01,0.87,0.15,20.83,329000000,0,,是,,0.75,0.81,1.43,,-14.2529,-39.1108,-20.3068
707587,金山電統一63購01,2026-10-01,2.25,0.16,7.66,10000000,0,,否,,2.13,2.18,,,-4.7406,-24.0696,
707589,前鼎統一63購02,2026-10-01,1.13,-0.04,-3.42,5000000,0,紅縮,否,,1.42,1.43,1.1,,-1.387,14.2857,24.0314
707596,臺慶科統一64購01,2026-10-01,0.96,0.09,10.34,302000000,0,紅增,是,,0.91,0.9,1.0,,2.9345,-6.4516,-2.2461
707599,蜜望實統一74購02,2026-10-01,1.06,0.07,7.07,146000000,0,紅增,是,,1.01,1.05,1.07,,-6.8266,-5.163,-3.7455
707600,環球晶統一63購03,2026-10-01,3.38,0.32,10.46,28000000,0,綠轉紅,否,,2.82,2.77,2.74,,3.4457,2.512,-19.068
707611,勤凱元大5A購05,2026-10-01,0.24,0.04,20.0,15000000,0,紅增,否,,0.3,0.35,0.45,,-25.1232,-9.6692,-32.9889
707614,雙鴻元大61購13,2026-10-01,1.68,-0.07,-4.0,1031000000,0,紅縮,是,,1.96,1.66,1.24,,44.6086,41.9023,38.5643
707617,九豪永豐5C購01,2026-10-01,0.93,0.46,97.87,342000000,0,紅增,是,,0.54,0.48,0.58,,26.4151,-11.4391,-48.8636
707618,天品永豐5B購01,2026-10-01,0.48,0.0,0.0,353000000,0,紅增,是,,0.45,0.35,0.38,,89.1667,16.0535,-4.7323
707622,鈊象永豐5C購01,2026-10-01,0.77,0.07,10.0,181000000,0,,是,,0.64,0.7,0.77,,-17.1429,-3.2967,
707624,蜜望實永豐5C購01,2026-10-01,1.72,0.24,16.22,48000000,0,紅增,是,,1.64,1.85,1.91,,-20.6196,-10.9563,-8.4453
707625,環球晶永豐5C購02,2026-10-01,5.6,0.75,15.46,5000000,0,,否,,4.05,4.72,,,-24.712,,
707626,九豪凱基5A購03,2026-10-01,0.89,0.4,81.63,400000000,0,,是,,0.7,0.86,,,-31.25,-70.3704,
707634,環球晶凱基5B購01,2026-10-01,11.0,2.0,22.22,19000000,0,,是,,8.51,12.79,,,-50.1756,-9.6398,
707637,九豪台新5A購02,2026-10-01,0.39,0.22,129.41,120000000,0,,是,,0.3,0.35,,,-24.8756,-35.7664,
707638,九豪台新5A購03,2026-10-01,0.11,0.07,175.0,2000000,0,綠縮,否,,0.05,0.36,2.61,,-91.8182,-83.7283,-27.3335
707644,博磊台新5A購01,2026-10-01,0.64,0.21,48.84,19000000,0,,否,,0.51,0.72,0.98,,-45.0644,-25.2588,-32.211
707645,博磊台新5A購02,2026-10-01,0.43,0.11,34.38,10000000,0,,否,,0.39,0.61,1.29,,-54.1568,-47.8335,
707646,博磊台新5A購03,2026-10-01,0.18,-0.06,-25.0,3000000,0,紅增,否,,0.15,0.33,0.54,,-69.3227,-43.6426,-34.4828
707650,聖暉*兆豐5C購01,2026-10-01,0.84,0.12,16.67,1138000000,0,紅增,是,,0.67,0.63,0.74,,13.2653,-0.318,-38.6495
707651,九豪元大5A購02,2026-10-01,0.35,0.22,169.23,3000000,0,,否,,0.3,0.62,2.62,,-67.3118,-74.7751,-25.9217
707655,系統電元大5A購02,2026-10-01,0.54,-0.14,-20.59,18000000,0,綠縮,是,,0.4,0.52,0.98,,-37.3832,-37.1841,-27.8165
707659,宜特元大61購01,2026-10-01,0.29,-0.01,-3.33,315000000,0,綠縮,否,,0.31,0.35,0.44,,-17.4603,-16.6667,-28.2911
707660,宜特元大63購02,2026-10-01,0.24,-0.01,-4.0,36000000,0,綠縮,否,,0.26,0.29,0.38,,-20.7317,-16.0,-21.8367
707661,朋億*元大5A購01,2026-10-01,0.17,0.01,6.25,1000000,0,綠縮,否,,0.4,0.77,1.79,,-65.0264,-54.0395,-27.8271
707673,蜜望實群益5A購01,2026-10-01,2.18,0.29,15.34,70000000,0,,是,,3.53,5.4,,,-51.4168,-29.6287,
707676,加高國票5B購01,2026-10-01,0.59,0.16,37.21,803000000,0,紅增,是,,0.46,0.42,0.49,,24.7312,-2.1077,-7.0342
707680,博磊國票5B購01,2026-10-01,0.37,0.02,5.71,121000000,0,紅增,否,,0.24,0.24,0.36,,0.0,-26.8882,-11.7284
707681,漢達國票5B購01,2026-10-01,2.79,-0.04,-1.41,170000000,0,紅縮,否,,2.57,2.52,1.66,,3.6349,37.3842,35.3946
707683,九豪富邦5C購01,2026-10-01,0.69,0.3,76.92,239000000,0,紅增,否,,0.42,0.38,0.4,,22.807,2.1448,-3.3654
707685,九豪統一64購01,2026-10-01,0.7,-0.06,-7.89,36000000,0,綠縮,否,,0.78,0.83,1.29,,-11.1364,-28.0519,-15.1765
707686,九豪統一64購02,2026-10-01,0.6,0.17,39.53,374000000,0,紅增,否,,0.44,0.44,0.53,,0.4587,-7.611,-26.5334
707687,九豪統一74購01,2026-10-01,0.74,0.12,19.35,83000000,0,紅增,是,,0.62,0.61,0.61,,6.1224,3.0612,0.9959
707688,千附統一74購01,2026-10-01,1.06,0.02,1.92,150000000,0,綠縮,是,,1.05,1.03,1.18,,4.7809,-4.7266,-4.2191
707689,千附精統一74購02,2026-10-01,1.12,-0.05,-4.27,66000000,0,綠縮,否,,1.15,1.2,1.32,,-7.3955,-12.7458,-2.145
707702,臺慶科統一66購01,2026-10-01,0.87,0.11,14.47,275000000,0,,是,,0.8,0.84,1.1,,-8.2192,-2.5522,
707704,環球晶統一64購03,2026-10-01,2.87,0.24,9.13,15000000,0,綠縮,是,,2.49,2.24,3.19,,25.7056,-30.5306,-3.2772
707705,環球晶統一74購01,2026-10-01,2.25,0.1,4.65,120000000,0,紅增,是,,1.98,1.9,1.93,,9.7345,2.7086,1.2073
707715,欣銓國票5B購02,2026-10-01,1.08,0.02,1.89,110000000,0,紅縮,否,,1.15,1.23,1.16,,-12.8983,1.7327,6.9949
707719,能率亞國票5B購01,2026-10-01,1.12,0.16,16.67,10000000,0,綠縮,否,,0.95,0.99,1.3,,-9.2131,-21.3608,-8.4919
707721,群聯國票5B購01,2026-10-01,1.17,-0.13,-10.0,359000000,0,紅縮,否,,1.31,1.24,1.35,,11.2054,-0.0,-6.3608
707722,蜜望實國票5B購01,2026-10-01,1.26,0.32,34.04,54000000,0,紅增,否,,1.08,1.2,1.4,,-17.9059,-16.2596,-12.4532
707730,欣銓元大63購03,2026-10-01,2.38,-0.03,-1.24,21000000,0,綠增,否,,2.43,2.49,2.33,,-4.5526,3.2338,6.3084
707734,群聯元大5A購01,2026-10-01,0.79,-0.11,-12.22,6000000,0,紅縮,否,,0.91,0.85,0.94,,14.3939,-0.3521,-13.7471
707735,群聯元大5A購02,2026-10-01,0.41,-0.08,-16.33,126000000,0,紅縮,否,,0.52,0.51,0.61,,6.0729,-8.9445,-14.1655
707738,蜜望實元大5A購04,2026-10-01,1.1,0.1,10.0,100000000,0,,是,,1.22,1.68,,,-42.7502,-45.8964,
707740,千附精凱基5A購02,2026-10-01,0.17,-0.09,-34.62,27000000,0,綠增,否,,0.44,0.87,1.19,,-65.8462,-41.6332,-27.8569
707742,欣銓凱基5A購01,2026-10-01,1.08,-0.34,-23.94,1000000,0,綠增,否,,1.84,1.65,2.17,,25.855,-1.6091,-10.4992
707746,萬泰科凱基5A購02,2026-10-01,8.75,-0.05,-0.57,1000000,0,紅縮,否,,8.17,4.97,3.64,,364.2045,233.4453,48.3476
707749,蜜望實凱基5A購02,2026-10-01,0.9,0.34,60.71,22000000,0,紅增,否,,0.72,1.03,1.25,,-46.1078,-25.7225,-45.8216
707752,世禾永豐5B購01,2026-10-01,0.09,0.01,12.5,60000000,0,綠縮,否,,0.1,0.13,0.33,,-35.443,-50.7576,-32.2416
707753,立碁永豐61購01,2026-10-01,0.46,-0.03,-6.12,292000000,0,紅縮,否,,0.45,0.44,0.42,,4.6948,5.314,12.8901
707755,欣銓永豐5C購01,2026-10-01,1.53,-0.02,-1.29,323000000,0,紅縮,否,,1.59,1.69,1.56,,-10.3487,5.7053,10.3473
707757,群聯永豐61購01,2026-10-01,0.76,-0.04,-5.0,242000000,0,紅縮,否,,0.8,0.77,0.8,,9.2391,1.8519,-5.4835
707758,群聯永豐64購01,2026-10-01,0.98,-0.05,-4.85,516000000,0,紅縮,否,,1.02,0.97,1.0,,10.3672,3.0688,-1.0896
707759,蜜望實永豐61購01,2026-10-01,0.94,0.12,14.63,459000000,0,紅增,是,,0.85,0.85,0.96,,-0.9324,-10.6695,-7.814
707763,群聯群益5B購01,2026-10-01,1.67,-0.1,-5.65,35000000,0,紅縮,否,,1.81,1.69,1.8,,15.8771,2.8049,-3.5111
707764,群聯群益61購01,2026-10-01,1.57,-0.12,-7.1,492000000,0,紅縮,否,,1.7,1.62,1.7,,10.2464,1.186,-3.2516
707765,群聯群益64購01,2026-10-01,1.98,-0.12,-5.71,58000000,0,紅縮,否,,2.08,1.99,2.03,,9.9156,3.4841,-1.171
707768,力旺永豐5A購01,2026-10-01,0.01,-0.01,-50.0,1000000,0,綠增,否,,0.02,0.05,0.07,,-67.5676,-51.0,-20.8556
707769,力旺永豐5B購01,2026-10-01,0.11,-0.17,-60.71,499000000,0,紅縮,是,,0.18,0.18,0.19,,-0.0,11.1111,-23.8193
707770,力旺永豐5C購01,2026-10-01,0.21,0.01,5.0,204000000,0,紅縮,否,,0.22,0.18,0.16,,56.5217,32.0896,9.2784
707771,台半永豐5C購01,2026-10-01,1.86,0.04,2.2,5000000,0,紅增,否,,1.83,1.74,1.78,,11.9658,-1.2514,4.3262
707772,巨有永豐5C購01,2026-10-01,7.0,0.8,12.9,6000000,0,紅增,否,,5.2,4.37,2.7,,46.7797,81.0195,71.1301
707775,亞通永豐5A購01,2026-10-01,1.0,-0.26,-20.63,29000000,0,紅轉綠,否,,1.18,1.48,0.99,,-33.9306,24.9368,26.3359
707776,旺矽永豐5B購02,2026-10-01,0.26,-0.05,-16.13,224000000,0,綠縮,否,,0.38,0.5,0.8,,-37.0492,-21.8553,-30.9738
707778,信驊永豐5B購04,2026-10-01,2.66,0.01,0.38,26000000,0,紅縮,否,,3.23,2.94,2.63,,21.7195,6.6763,7.5696
707780,精測永豐61購02,2026-10-01,0.16,-0.02,-11.11,225000000,0,綠增,否,,0.22,0.3,0.29,,-44.3878,-18.0108,0.3442
707781,臺慶科永豐5B購01,2026-10-01,0.86,0.16,22.86,126000000,0,紅增,是,,0.76,0.8,0.95,,-7.5061,-12.0575,-4.4949
707784,力旺凱基5A購04,2026-10-01,0.01,-0.03,-75.0,132000000,0,紅縮,否,,0.05,0.06,0.08,,-28.5714,-13.0435,-42.6573
707785,力旺凱基5B購02,2026-10-01,0.16,-0.02,-11.11,15000000,0,紅縮,否,,0.25,0.2,0.17,,74.6479,32.6531,2.439
707786,力旺凱基5C購01,2026-10-01,0.23,-0.21,-47.73,350000000,0,紅縮,是,,0.32,0.33,0.31,,-5.848,-3.207,-3.2357
707787,力旺凱基61購01,2026-10-01,0.2,-0.2,-50.0,69000000,0,紅縮,是,,0.49,0.43,0.35,,33.6957,43.3333,-1.532
707791,旺矽凱基5B購02,2026-10-01,0.18,-0.04,-18.18,1131000000,0,綠縮,否,,0.29,0.49,0.94,,-57.4344,-50.7056,-36.0745
707792,旺矽凱基5C購02,2026-10-01,0.6,0.21,53.85,2000000,0,綠縮,否,,0.46,0.59,0.94,,-36.8132,-47.9404,-21.9492
707796,信驊凱基5B購03,2026-10-01,3.71,0.22,6.3,24000000,0,紅轉綠,否,,4.08,3.98,3.5,,5.3175,7.8655,9.098
707797,信驊凱基5C購02,2026-10-01,3.48,0.13,3.88,33000000,0,紅轉綠,是,,3.89,3.71,3.36,,10.5622,5.641,7.9878
707798,信驊凱基61購04,2026-10-01,3.31,0.16,5.08,192000000,0,紅縮,否,,3.55,3.48,3.12,,4.3453,5.136,6.2776
707799,家登凱基5A購01,2026-10-01,1.35,0.11,8.87,15000000,0,紅增,否,,1.24,1.16,1.2,,14.2066,0.0,8.905
707801,群翊凱基5A購02,2026-10-01,0.01,-0.01,-50.0,30000000,0,綠縮,否,,0.05,0.11,0.29,,-71.5909,-59.7865,-28.3436
707803,精測凱基5A購02,2026-10-01,0.01,-0.02,-66.67,50000000,0,紅縮,否,,0.18,0.21,0.19,,-22.4138,5.641,-6.747
707813,信驊台新5A購02,2026-10-01,2.8,0.08,2.94,15000000,0,紅縮,否,,3.86,3.35,2.88,,35.8198,20.9311,23.417
707820,旺矽元大5A購04,2026-10-01,0.13,-0.09,-40.91,55000000,0,綠增,否,,0.26,0.35,0.63,,-42.2222,-38.4749,-19.4515
707822,旺矽元大61購02,2026-10-01,0.94,0.03,3.3,31000000,0,綠縮,否,,0.91,0.98,1.04,,-13.8258,-7.4388,-7.2
707828,信驊元大5A購02,2026-10-01,2.07,-0.06,-2.82,64000000,0,紅轉綠,否,,2.38,2.35,2.16,,2.3256,1.9974,3.6556
707829,信驊元大63購01,2026-10-01,4.65,0.15,3.33,367000000,0,紅縮,否,,4.93,4.84,4.46,,3.9174,6.0692,3.3329
707831,華景電元大5A購05,2026-10-01,0.01,-0.01,-50.0,25000000,0,,否,,0.13,0.21,0.51,,-54.4218,-55.1363,
707833,群翊元大61購01,2026-10-01,0.27,-0.06,-18.18,50000000,0,綠轉紅,是,,0.27,0.3,0.37,,-17.4699,-11.4035,-18.4327
707834,精測元大5B購02,2026-10-01,0.25,-0.07,-21.88,1741000000,0,綠增,是,,0.4,0.52,0.61,,-36.6771,-25.2511,-4.341
707835,精測元大63購04,2026-10-01,0.35,-0.03,-7.89,100000000,0,,是,,0.41,0.45,0.55,,-15.5102,-15.9851,
707839,旺矽國泰5B購01,2026-10-01,0.47,-0.06,-11.32,22000000,0,綠增,否,,0.62,0.75,0.92,,-30.3167,-11.6608,-12.201
707840,旺矽國泰5B購02,2026-10-01,0.43,0.09,26.47,58000000,0,綠縮,否,,0.44,0.53,0.69,,-28.6645,-14.0523,-18.246
707843,旺矽統一64購02,2026-10-01,0.76,-0.04,-5.0,96000000,0,綠增,是,,0.85,0.91,0.96,,-12.963,-6.4815,-13.8752
707844,群聯統一64購01,2026-10-01,0.94,-0.06,-6.0,561000000,0,紅縮,否,,1.0,0.95,0.98,,10.177,2.7027,-1.3629
707845,精測統一64購03,2026-10-01,0.25,-0.03,-10.71,275000000,0,綠增,否,,0.31,0.36,0.36,,-21.8905,-15.566,1.5363
707846,力旺富邦5C購01,2026-10-01,0.25,0.03,13.64,949000000,0,紅縮,否,,0.27,0.25,0.19,,18.2609,33.5106,14.5401
707847,良維富邦62購01,2026-10-01,0.8,-0.05,-5.88,328000000,0,紅縮,否,,0.84,0.82,0.72,,5.5276,3.8071,17.3203
707848,旺矽富邦64購02,2026-10-01,0.58,-0.03,-4.92,1667000000,0,綠增,否,,0.68,0.76,0.88,,-19.1943,-10.0236,-17.4812
707849,欣銓富邦5A購01,2026-10-01,0.87,-0.01,-1.14,13000000,0,紅轉綠,否,,0.93,1.0,0.91,,-12.9213,2.9897,4.9312
707850,欣銓富邦64購01,2026-10-01,0.95,0.01,1.06,1333000000,0,紅縮,否,,0.96,0.99,0.91,,-5.3254,6.2433,7.1555
707852,信驊富邦61購01,2026-10-01,3.28,0.0,0.0,141000000,0,紅轉綠,否,,3.71,3.65,3.29,,3.456,3.9294,5.9714
707853,華電網富邦62購01,2026-10-01,0.07,0.02,40.0,5000000,0,,是,,0.09,0.1,,,-28.3333,-36.4198,
707854,順達富邦62購01,2026-10-01,0.62,-0.05,-7.46,627000000,0,紅增,否,,0.61,0.59,0.64,,7.0175,-1.8303,-3.7121
707857,群翊富邦5B購01,2026-10-01,0.05,0.0,0.0,5000000,0,紅增,否,,0.05,0.05,0.09,,-20.6897,-35.0,-23.5556
707858,群聯富邦5C購01,2026-10-01,0.89,-0.07,-7.29,68000000,0,紅縮,否,,0.95,0.89,0.91,,15.2913,5.4697,-2.0496
707859,群聯富邦61購01,2026-10-01,1.06,-0.09,-7.83,751000000,0,紅縮,否,,1.14,1.07,1.12,,13.2937,1.7992,-1.9625
707860,精測富邦61購01,2026-10-01,0.13,-0.05,-27.78,91000000,0,綠增,否,,0.19,0.23,0.25,,-33.0935,-21.6216,2.0121
707864,良維凱基5B購03,2026-10-01,0.25,-0.01,-3.85,40000000,0,紅增,否,,0.27,0.29,0.41,,-8.6667,-11.6923,-40.0145
707868,聖暉*凱基5A購02,2026-10-01,0.07,-0.06,-46.15,30000000,0,,是,,0.14,1.03,,,-92.5577,-68.7214,
707873,M31元大61購01,2026-10-01,0.35,-0.17,-32.69,1273000000,0,紅縮,否,,0.36,0.29,0.26,,64.2202,43.2836,-0.956
707874,M31元大63購01,2026-10-01,0.45,-0.09,-16.67,1614000000,0,紅縮,否,,0.48,0.36,0.32,,95.935,57.5758,5.082
707879,立敦元大5A購01,2026-10-01,0.25,0.13,108.33,5000000,0,,否,,0.4,1.19,2.77,,-79.6371,-60.581,
707881,立碁元大63購01,2026-10-01,1.16,-0.07,-5.69,700000000,0,綠增,否,,1.15,1.12,1.08,,5.6881,5.5556,13.5334
707883,欣銓元大5A購03,2026-10-01,1.16,0.03,2.65,12000000,0,紅轉綠,否,,1.47,1.38,1.48,,13.4259,17.2034,-9.4322
707889,世界群益5A購02,2026-10-01,1.27,0.27,27.0,549000000,0,,否,,0.96,0.83,2.22,,38.2184,-49.3586,-15.928
707894,M31富邦5C購01,2026-10-01,0.31,-0.11,-26.19,336000000,0,紅縮,否,,0.31,0.25,0.24,,74.4444,34.9727,-7.1146
707895,元太富邦61購01,2026-10-01,0.47,-0.01,-2.08,420000000,0,紅增,否,,0.49,0.52,0.63,,-12.9032,-13.5762,-21.7742
707896,台星科富邦61購01,2026-10-01,0.44,-0.04,-8.33,1394000000,0,紅縮,否,,0.44,0.42,0.43,,12.7551,0.4819,5.0245
707897,均豪富邦62購01,2026-10-01,0.26,0.02,8.33,6000000,0,紅縮,否,,0.29,0.28,0.28,,9.7744,11.6,-14.5062
707898,宏捷科富邦5C購03,2026-10-01,0.11,-0.02,-15.38,250000000,0,,是,,0.13,0.18,0.24,,-42.8571,-31.25,-35.9079
707901,鈊象富邦61購01,2026-10-01,0.56,0.09,19.15,495000000,0,綠轉紅,是,,0.41,0.38,0.52,,13.4078,-31.1712,-11.6554
707902,萬泰科富邦62購01,2026-10-01,0.59,-0.01,-1.67,62000000,0,紅增,否,,0.58,0.6,0.68,,-8.8608,-7.9268,-16.9127
707907,方土昶元大5A購01,2026-10-01,0.75,0.01,1.35,2000000,0,,否,,1.89,1.99,2.05,,-9.1171,3.8642,
707909,尼克森元大5A購01,2026-10-01,0.36,-0.09,-20.0,2000000,0,,是,,0.47,1.41,3.13,,-79.9317,-63.0777,
707912,均華元大5A購01,2026-10-01,0.02,0.0,0.0,5000000,0,綠增,否,,0.04,0.05,0.09,,-29.0323,-35.3659,-20.8145
707915,沛亨元大5A購05,2026-10-01,0.08,-0.06,-42.86,50000000,0,紅縮,否,,0.15,0.16,0.24,,-12.0482,-7.6923,-43.649
707921,華景電元大63購01,2026-10-01,0.11,-0.01,-8.33,20000000,0,綠轉紅,否,,0.11,0.14,0.18,,-32.0988,-32.0,-29.5367
707922,新盛力元大5A購03,2026-10-01,3.24,-0.36,-10.0,30000000,0,,是,,3.5,2.64,3.13,,95.8567,2.5621,
707926,均華凱基5A購01,2026-10-01,0.02,0.01,100.0,1000000,0,,否,,0.07,0.13,0.22,,-66.3265,-48.8281,
707928,欣銓凱基63購01,2026-10-01,1.06,-0.04,-3.64,387000000,0,綠增,是,,1.13,1.21,1.29,,-12.983,1.1706,-4.9192
707930,鈺太凱基61購01,2026-10-01,0.1,-0.01,-9.09,100000000,0,,是,,0.1,0.15,,,-45.2632,-69.6281,
707931,環球晶凱基5A購01,2026-10-01,5.85,0.93,18.9,98000000,0,紅增,否,,4.43,4.14,4.62,,14.8263,-2.2872,-5.874
707933,均華富邦61購01,2026-10-01,0.17,0.04,30.77,1563000000,0,綠縮,是,,0.14,0.17,0.22,,-31.3725,-32.549,-8.3857
707935,欣銓富邦5B購01,2026-10-01,0.38,0.0,0.0,258000000,0,紅轉綠,否,,0.41,0.46,0.42,,-21.0117,0.4367,1.2107
707936,中美晶兆豐64購01,2026-10-01,3.69,0.12,3.36,6000000,0,紅增,否,,3.1,2.92,2.77,,12.5,9.3084,5.8049
707937,順達兆豐5C購02,2026-10-01,0.28,-0.05,-15.15,146000000,0,綠縮,否,,0.29,0.31,0.48,,-11.7284,-32.2222,-16.2138
707938,世界群益5A購03,2026-10-01,1.05,0.16,17.98,319000000,0,紅增,是,,0.91,0.75,0.93,,57.5862,3.6061,-25.9392
707945,聖暉*群益5B購01,2026-10-01,0.4,0.11,37.93,51000000,0,綠縮,否,,0.43,0.38,0.97,,28.7425,-30.9222,-50.0
707947,雙鴻群益5B購06,2026-10-01,1.04,-0.04,-3.7,211000000,0,紅縮,是,,1.31,1.09,0.82,,47.7376,35.5198,34.7256
707950,世界凱基5A購02,2026-10-01,1.04,0.05,5.05,15000000,0,,是,,0.91,0.79,1.41,,33.1378,-11.3712,-13.1797
707952,艾訊凱基5B購01,2026-10-01,1.22,-0.01,-0.81,5000000,0,綠縮,否,,1.16,1.18,1.55,,-2.1849,-22.1046,-10.3836
707954,沛亨凱基5A購02,2026-10-01,0.03,-0.05,-62.5,120000000,0,紅縮,否,,0.09,0.09,0.11,,0.0,-10.4167,-49.4145
707956,勤凱凱基5A購02,2026-10-01,0.35,0.06,20.69,100000000,0,,是,,0.35,0.42,,,-28.0992,-19.0661,
707957,新盛力凱基5B購01,2026-10-01,2.18,-0.41,-15.83,5000000,0,紅縮,否,,2.15,2.05,2.2,,10.0204,-7.2267,9.1044
707960,雙鴻凱基61購02,2026-10-01,1.16,-0.13,-10.08,15000000,0,紅縮,否,,1.54,1.34,1.0,,34.7368,27.6718,35.9756
707961,中美晶富邦5A購01,2026-10-01,2.44,0.6,32.61,2000000,0,,否,,1.72,1.46,1.64,,41.9835,-11.003,1.2995
707962,長科*富邦62購01,2026-10-01,0.85,-0.05,-5.56,85000000,0,紅縮,否,,0.95,0.93,0.95,,3.5011,-2.4134,-13.495
707963,家登富邦61購01,2026-10-01,0.62,0.0,0.0,258000000,0,紅增,否,,0.59,0.56,0.56,,10.9848,1.0889,8.5686
707964,富喬富邦61購01,2026-10-01,0.33,-0.01,-2.94,1083000000,0,綠增,是,,0.35,0.37,0.39,,-8.8542,-12.8266,10.5485
707965,聖暉*富邦5C購01,2026-10-01,0.59,0.06,11.32,1524000000,0,紅增,是,,0.5,0.47,0.53,,15.2074,0.6466,-31.6851
707968,優群富邦61購01,2026-10-01,0.11,-0.01,-8.33,310000000,0,綠縮,是,,0.12,0.15,0.29,,-36.1702,-33.0435,-38.1454
707971,巨有元大5A購01,2026-10-01,7.15,-0.05,-0.69,59000000,0,紅增,是,,5.72,4.05,2.19,,141.1467,203.7538,160.1786
707972,富喬元大5C購02,2026-10-01,0.31,-0.01,-3.12,503000000,0,綠增,是,,0.33,0.37,0.39,,-18.6275,-13.9535,11.7898
707974,環球晶元大5A購01,2026-10-01,2.5,0.51,25.63,5000000,0,綠縮,否,,1.72,1.86,3.32,,-14.7964,-30.1498,-17.6127
707978,富喬國票5B購02,2026-10-01,0.28,-0.03,-9.68,19000000,0,綠增,否,,0.37,0.47,0.38,,-36.4583,-7.6471,1.2048
707981,新盛力國票5A購02,2026-10-01,1.23,-0.29,-19.08,5000000,0,綠縮,否,,1.27,1.27,1.69,,0.4754,-17.8571,4.7471
707982,雙鴻凱基5A購08,2026-10-01,1.0,-0.2,-16.67,22000000,0,,是,,1.01,0.72,0.48,,132.7189,83.2487,42.9204
707984,聖暉*凱基5C購01,2026-10-01,0.85,0.1,13.33,21000000,0,紅增,否,,0.72,0.68,0.78,,12.1118,0.7375,-19.6603
707985,德微凱基5A購02,2026-10-01,1.76,0.62,54.39,27000000,0,,是,,1.34,1.0,1.62,,104.5732,46.4809,
707986,環球晶凱基5A購02,2026-10-01,5.75,1.28,28.64,20000000,0,,是,,5.52,8.74,7.8,,-53.8629,-6.2741,
707989,系統電國泰5B購01,2026-10-01,0.82,0.12,17.14,74000000,0,綠轉紅,是,,0.6,0.66,0.93,,-16.6667,-21.3349,-19.5521
707995,德微元大5A購02,2026-10-01,1.05,0.33,45.83,27000000,0,,是,,0.6,0.49,,,58.4211,-67.8244,
707996,立碁永豐5B購02,2026-10-01,0.53,-0.07,-11.67,501000000,0,,是,,0.54,0.52,0.49,,8.0645,4.4534,11.6571
707997,新盛力永豐61購01,2026-10-01,1.59,-0.12,-7.02,141000000,0,紅增,否,,1.56,1.5,1.7,,7.3103,-5.886,9.2249
707998,群聯永豐5C購01,2026-10-01,0.9,-0.03,-3.23,110000000,0,紅縮,否,,0.94,0.88,0.91,,13.285,3.8824,-3.1366
708003,立碁國票5B購02,2026-10-01,0.74,-0.06,-7.5,409000000,0,,是,,0.74,0.71,0.66,,7.8947,2.5974,
708004,兆利國票5B購01,2026-10-01,0.03,0.0,0.0,101000000,0,,是,,0.05,0.08,0.17,,-50.9091,-47.4359,
708008,群聯國票5B購03,2026-10-01,0.76,-0.09,-10.59,443000000,0,紅縮,否,,0.87,0.82,0.9,,12.1134,-0.2424,-8.3756
708012,捷創台新5A購01,2026-10-01,0.43,0.02,4.88,4000000,0,,是,,0.43,0.45,0.54,,-10.8787,-8.1301,
708013,富強鑫台新5A購01,2026-10-01,0.53,0.02,3.92,1000000,0,,否,,0.47,0.37,0.49,,81.5385,-1.6129,
708016,群聯台新5A購02,2026-10-01,1.81,-0.21,-10.4,114000000,0,紅縮,否,,2.07,1.99,2.26,,8.142,-3.0627,-7.0341
708017,群聯台新5A購03,2026-10-01,0.78,-0.17,-17.89,156000000,0,紅縮,否,,1.0,0.97,1.23,,5.7082,-10.4052,-17.4235
708018,穩得台新5A購01,2026-10-01,0.02,0.0,0.0,10000000,0,,是,,0.03,0.12,0.41,,-85.5769,-55.9259,
708020,東捷凱基5A購03,2026-10-01,2.43,0.0,0.0,1000000,0,紅增,否,,2.12,1.78,1.43,,47.1488,32.9095,6.8708
708021,群聯凱基5B購01,2026-10-01,0.98,-0.1,-9.26,113000000,0,紅縮,否,,1.08,1.02,1.11,,13.3891,-2.1113,-16.2764
708025,大綜國票5A購01,2026-10-01,1.11,0.46,70.77,5000000,0,紅增,否,,0.72,0.68,0.7,,12.5392,7.4485,-10.3822
708026,太景*國票5B購01,2026-10-01,0.06,-0.02,-25.0,15000000,0,綠增,否,,0.11,0.13,0.23,,-26.6667,-20.7317,-14.4195
708027,良維國票5B購02,2026-10-01,0.21,-0.01,-4.55,1996000000,0,紅縮,否,,0.22,0.23,0.22,,-7.6923,-8.9069,-13.253
708028,朋程國票5A購01,2026-10-01,0.3,0.0,0.0,3000000,0,紅增,否,,0.27,0.25,0.39,,14.5299,-32.1622,-23.8417
708032,環球晶國票5A購02,2026-10-01,3.99,0.66,19.82,60000000,0,,是,,3.13,3.28,4.47,,-8.7566,-2.209,-10.3998
708033,譜瑞國票5B購01,2026-10-01,0.1,0.0,0.0,70000000,0,紅增,否,,0.12,0.13,0.2,,-18.3099,-28.7293,-23.8722
708037,雙鴻永豐5B購03,2026-10-01,0.71,-0.24,-25.26,142000000,0,,否,,0.98,0.84,0.71,,39.2045,20.1141,
708040,良維元大5A購04,2026-10-01,0.06,-0.01,-14.29,11000000,0,紅增,否,,0.09,0.12,0.16,,-41.0959,-26.1146,-32.3651
708041,良維元大63購01,2026-10-01,0.43,0.0,0.0,28000000,0,紅縮,否,,0.43,0.42,0.38,,4.3689,6.0453,5.7423
708043,良維富邦61購01,2026-10-01,0.23,-0.01,-4.17,61000000,0,紅增,否,,0.23,0.23,0.25,,-2.5641,-2.1186,-3.7255
708046,系統電群益5B購01,2026-10-01,0.55,-0.05,-8.33,193000000,0,綠轉紅,是,,0.37,0.42,0.86,,-19.0476,-42.5034,-30.2222
708050,中美晶台新5B購02,2026-10-01,2.36,0.32,15.69,85000000,0,綠縮,是,,1.71,1.61,2.66,,13.0952,-10.9453,-10.5582
708054,環球晶台新5A購04,2026-10-01,4.44,0.74,20.0,15000000,0,紅增,否,,3.34,3.05,3.45,,21.4545,-2.7778,-2.9672
708055,群聯元大5A購03,2026-10-01,0.35,-0.15,-30.0,265000000,0,紅縮,是,,0.46,0.46,0.72,,1.3158,-13.2325,-27.6628
708057,環球晶元大5A購03,2026-10-01,3.93,0.71,22.05,65000000,0,綠縮,否,,3.17,3.11,4.98,,3.9974,-34.6558,-17.4465
708058,環球晶元大5A購04,2026-10-01,2.7,0.46,20.54,7000000,0,綠縮,否,,1.82,1.99,3.48,,-15.7895,-44.4908,-7.0599
708061,欣銓凱基5A購03,2026-10-01,0.7,0.02,2.94,11000000,0,紅縮,否,,0.73,0.82,0.72,,-19.163,8.3113,2.5
708063,群聯凱基5B購02,2026-10-01,0.32,-0.05,-13.51,260000000,0,紅縮,否,,0.38,0.37,0.47,,2.1622,-11.5839,-4.6012
708064,群聯兆豐64購01,2026-10-01,1.78,-0.13,-6.81,142000000,0,紅縮,是,,1.87,1.8,1.81,,7.9585,4.0392,-2.739
708065,中美晶群益5C購01,2026-10-01,2.01,0.37,22.56,1522000000,0,紅增,是,,1.52,1.44,1.42,,12.1123,7.8078,-15.6612
708066,群聯群益5B購02,2026-10-01,0.52,-0.07,-11.86,102000000,0,紅縮,否,,0.58,0.56,0.61,,9.3633,-0.7105,-7.9401
708067,群聯群益5C購01,2026-10-01,0.91,-0.08,-8.08,237000000,0,紅縮,否,,1.01,0.96,1.05,,9.1106,-1.6327,-6.3393
708073,中美晶國票5B購01,2026-10-01,1.84,0.21,12.88,11000000,0,紅增,否,,1.35,1.24,1.27,,20.9302,6.7416,-22.0511
708076,群聯國票5B購05,2026-10-01,0.91,-0.11,-10.78,82000000,0,紅縮,否,,1.04,0.99,1.12,,10.8974,-2.6627,-9.0872
708082,系統電富邦61購01,2026-10-01,0.56,0.0,0.0,374000000,0,,否,,0.42,0.65,,,-53.3632,,
708083,家登富邦5C購02,2026-10-01,0.93,-0.02,-2.11,357000000,0,紅縮,否,,0.91,0.87,0.85,,8.8517,-0.5695,8.9514
708084,群聯富邦5C購02,2026-10-01,0.91,-0.12,-11.65,60000000,0,紅縮,否,,1.03,0.93,0.97,,22.1429,2.1906,3.2412
708085,群聯富邦61購02,2026-10-01,0.76,-0.06,-7.32,551000000,0,紅縮,否,,0.81,0.78,0.81,,8.2447,2.3529,-3.1026
708088,群聯永豐5C購02,2026-10-01,0.5,-0.03,-5.66,2000000,0,紅縮,否,,0.56,0.51,0.58,,19.8276,-3.5917,1.1364
708089,群聯永豐64購02,2026-10-01,0.92,-0.09,-8.91,41000000,0,紅縮,否,,1.0,0.92,0.96,,18.2464,2.7902,0.3673
708091,中美晶凱基61購02,2026-10-01,2.45,0.09,3.81,72000000,0,紅增,否,,1.96,1.81,1.96,,17.3861,4.9797,-2.3418
708093,群聯凱基61購01,2026-10-01,0.4,-0.05,-11.11,210000000,0,紅縮,否,,0.45,0.43,0.48,,8.2524,-4.0268,-8.4042
708095,環球晶凱基5B購02,2026-10-01,4.6,0.88,23.66,30000000,0,,是,,3.84,4.29,,,-19.0978,-30.42,
708101,佳邦國票5C購01,2026-10-01,0.22,0.07,46.67,494000000,0,紅增,是,,0.16,0.2,0.27,,-28.9474,-31.8182,-28.0472
708103,原相國票5B購01,2026-10-01,0.07,0.0,0.0,299000000,0,綠縮,是,,0.08,0.12,0.37,,-50.6024,-69.0,-32.2907
708105,家登國票5B購01,2026-10-01,0.29,-0.03,-9.38,190000000,0,紅增,是,,0.32,0.36,0.43,,-17.8571,-4.8,-32.8649
708107,群聯國票61購01,2026-10-01,0.61,-0.09,-12.86,75000000,0,紅縮,是,,0.71,0.69,0.67,,6.9069,0.1453,-1.8262
708110,世界台新5B購01,2026-10-01,1.1,0.1,10.0,45000000,0,紅增,否,,0.91,0.77,0.94,,42.6332,29.6482,-46.1693
708115,勤凱台新5B購01,2026-10-01,1.24,0.46,58.97,220000000,0,紅增,否,,0.96,0.95,1.06,,0.6303,-16.5939,-6.8739
708116,群聯台新5B購01,2026-10-01,0.56,-0.08,-12.5,296000000,0,紅縮,是,,0.65,0.74,0.85,,-22.0624,-16.0633,-19.8211
708117,群聯台新5B購02,2026-10-01,0.17,-0.04,-19.05,88000000,0,紅縮,否,,0.23,0.24,0.35,,-9.5238,-21.8241,-24.9201
708122,世界永豐65購01,2026-10-01,0.98,0.03,3.16,598000000,0,紅增,是,,0.93,0.82,0.75,,29.972,21.4497,3.0992
708126,群聯中信62購01,2026-10-01,0.53,-0.05,-8.62,201000000,0,紅縮,是,,0.6,0.56,0.58,,16.7315,-0.713,4.065
708128,東捷國泰61購01,2026-10-01,4.89,-0.26,-5.05,2000000,0,紅縮,是,,4.68,3.89,3.26,,51.1959,27.1597,25.3321
708129,欣銓國泰5C購01,2026-10-01,1.48,-0.07,-4.52,294000000,0,紅縮,否,,1.83,1.71,1.54,,14.6801,11.8301,8.2688
708131,中美晶富邦61購01,2026-10-01,1.93,0.09,4.89,406000000,0,紅增,否,,1.61,1.53,1.49,,11.6183,8.5106,-2.4918
708134,中美晶元大5B購03,2026-10-01,1.75,0.09,5.42,2000000,0,,是,,1.4,1.6,2.14,,-22.8729,-37.4805,-1.8144
708135,世界元大5B購02,2026-10-01,1.1,0.11,11.11,72000000,0,綠轉紅,否,,0.96,0.9,1.07,,14.218,-10.2284,-25.5401
708136,世界元大5B購03,2026-10-01,1.37,0.13,10.48,58000000,0,紅增,否,,1.19,1.07,1.15,,24.7899,-1.6544,-9.327
708138,群聯元大5B購01,2026-10-01,0.84,-0.12,-12.5,44000000,0,紅縮,否,,0.95,0.91,1.03,,10.6729,-4.4211,-12.2493
708139,群聯元大5B購02,2026-10-01,0.77,-0.18,-18.95,135000000,0,紅縮,否,,0.92,0.86,1.13,,16.962,-4.1387,-16.4937
708140,群聯元大64購01,2026-10-01,0.93,-0.05,-5.1,102000000,0,紅縮,否,,0.99,0.92,0.99,,16.4319,-0.8602,2.6302
708144,雙鴻元大61購14,2026-10-01,1.24,-0.06,-4.62,247000000,0,,是,,1.49,1.24,,,50.8097,,
708146,世界凱基5B購01,2026-10-01,0.58,0.02,3.57,110000000,0,紅增,否,,0.53,0.45,0.5,,39.4737,14.3216,-20.0481
708148,欣銓凱基61購01,2026-10-01,1.01,0.01,1.0,455000000,0,紅縮,是,,1.04,1.12,1.02,,-12.2689,4.3925,-0.4864
708149,原相凱基5B購02,2026-10-01,0.18,0.0,0.0,38000000,0,綠縮,否,,0.19,0.29,0.48,,-50.2618,-46.2406,-30.9829
708152,群聯凱基63購01,2026-10-01,0.6,-0.06,-9.09,34000000,0,紅縮,否,,0.65,0.62,0.66,,10.473,0.6462,-12.4501
708159,世界富邦5B購01,2026-10-01,0.55,0.02,3.77,629000000,0,紅增,是,,0.48,0.45,0.41,,18.1373,21.2534,3.2419
708160,系微富邦63購01,2026-10-01,0.22,0.01,4.76,500000000,0,紅增,是,,0.21,0.19,0.22,,15.7303,-3.0303,-30.2694
708162,原相富邦5B購01,2026-10-01,0.05,-0.01,-16.67,41000000,0,紅增,是,,0.06,0.09,0.19,,-40.7407,-46.9136,-27.2553
708164,群聯富邦62購01,2026-10-01,0.58,-0.09,-13.43,42000000,0,紅縮,否,,0.64,0.61,0.64,,11.1498,1.8487,-3.4901
708165,群聯富邦62購02,2026-10-01,0.42,-0.04,-8.7,1517000000,0,紅縮,是,,0.46,0.44,0.47,,8.9623,-0.2252,-7.045
708167,東捷永豐64購02,2026-10-01,1.83,-0.03,-1.61,17000000,0,紅縮,否,,1.77,1.61,1.36,,21.0959,17.7243,16.0631
708168,東捷永豐67購01,2026-10-01,1.86,-0.07,-3.63,86000000,0,紅縮,否,,1.83,1.71,1.48,,16.0759,15.5721,12.9057
708176,東捷國票5C購01,2026-10-01,1.96,-0.04,-2.0,586000000,0,紅縮,否,,1.83,1.61,1.34,,31.4204,18.6902,18.0776
708179,群聯國票66購01,2026-10-01,0.75,-0.04,-5.06,312000000,0,紅縮,否,,0.79,0.76,0.79,,7.6503,1.6043,-2.7829
708180,東捷群益5B購02,2026-10-01,1.26,-0.34,-21.25,4000000,0,紅縮,是,,1.42,1.04,0.92,,112.9129,55.7549,8.773
708181,東捷群益5B購03,2026-10-01,1.59,-0.26,-14.05,3000000,0,紅縮,否,,1.53,1.21,0.94,,73.0769,39.3764,27.5932
708183,群聯群益61購03,2026-10-01,0.4,-0.05,-11.11,110000000,0,紅縮,是,,0.43,0.42,0.47,,6.4039,-5.2036,-4.4103
708186,東捷元大5B購01,2026-10-01,2.3,-0.36,-13.53,255000000,0,紅縮,是,,2.32,1.92,1.52,,53.0343,45.0832,6.4291
708187,東捷元大5B購02,2026-10-01,3.6,-0.49,-11.98,9000000,0,,是,,3.03,2.56,3.04,,44.7419,5.6978,-11.1387
708189,東捷元大5B購04,2026-10-01,0.96,-0.31,-24.41,20000000,0,紅縮,否,,1.02,0.83,0.85,,56.7901,27.8034,-26.7527
708190,家登元大5B購02,2026-10-01,0.53,-0.06,-10.17,10000000,0,綠縮,否,,0.59,0.63,0.89,,-11.1111,-17.3456,-22.9338
708194,群聯元大5B購03,2026-10-01,0.22,-0.06,-21.43,98000000,0,紅縮,否,,0.27,0.27,0.36,,-0.0,-15.8879,-20.352
708195,群聯元大64購02,2026-10-01,0.66,-0.05,-7.04,942000000,0,紅增,是,,0.7,0.7,0.96,,-0.5682,-16.9231,0.312
708204,安葆凱基5C購01,2026-10-01,0.69,0.1,16.95,37000000,0,,否,,0.62,0.42,,,177.4775,,
708207,順達凱基63購01,2026-10-01,0.87,-0.09,-9.38,192000000,0,紅增,否,,0.86,0.83,0.9,,8.0402,-7.3826,-6.318
708208,萬泰科凱基5C購01,2026-10-01,0.27,-0.01,-3.57,20000000,0,綠縮,是,,0.27,0.34,0.83,,-35.4067,-59.1934,-24.7166
708209,群聯凱基64購01,2026-10-01,0.56,-0.04,-6.67,300000000,0,紅縮,否,,0.61,0.58,0.63,,8.2143,0.3442,-1.0212
708210,環球晶凱基5B購03,2026-10-01,4.14,0.64,18.29,291000000,0,紅增,是,,3.19,3.02,3.31,,12.0871,0.0995,-1.1645
708213,台特化台新5B購01,2026-10-01,0.23,-0.23,-50.0,300000000,0,紅縮,是,,0.33,0.36,0.43,,-15.8974,-27.621,-17.2381
708216,欣銓台新5B購01,2026-10-01,1.71,0.05,3.01,1176000000,0,,是,,1.78,1.97,2.14,,-17.1933,-13.9168,
708217,欣銓台新5B購02,2026-10-01,1.56,0.02,1.3,1197000000,0,紅縮,是,,1.63,1.79,1.45,,-16.4959,12.1478,-0.7542
708220,鈊象台新5B購01,2026-10-01,1.46,0.12,8.96,159000000,0,綠縮,是,,1.26,1.31,1.63,,-7.3746,-26.0057,-9.4245
708228,凡甲富邦61購01,2026-10-01,0.16,0.0,0.0,52000000,0,綠縮,是,,0.17,0.2,0.31,,-25.6637,-35.8306,-23.4069
708229,中光電富邦62購01,2026-10-01,0.62,-0.04,-6.06,115000000,0,綠縮,否,,0.65,0.66,1.2,,-1.8072,-35.9922,-27.6133
708231,捷創富邦62購01,2026-10-01,0.75,0.01,1.35,669000000,0,紅增,否,,0.71,0.68,0.63,,6.9697,9.9839,0.638
708232,世界永豐5C購01,2026-10-01,1.09,0.03,2.83,24000000,0,紅增,否,,0.99,0.91,0.83,,20.6311,19.4481,4.1509
708233,家登永豐61購01,2026-10-01,0.37,-0.02,-5.13,188000000,0,紅縮,是,,0.38,0.38,0.38,,1.0638,-3.5714,-7.4663
708234,家碩永豐5B購01,2026-10-01,0.02,0.0,0.0,130000000,0,,是,,0.05,0.07,0.15,,-43.1818,-46.0937,
708235,群聯永豐65購02,2026-10-01,0.61,-0.04,-6.15,45000000,0,紅縮,否,,0.64,0.61,0.62,,10.3448,3.3898,-0.8
708237,環球晶兆豐61購01,2026-10-01,3.93,0.43,12.29,11000000,0,綠縮,是,,3.37,3.08,4.24,,20.9052,-18.9723,-2.1694
708238,艾訊國票63購01,2026-10-01,0.86,-0.03,-3.37,32000000,0,紅增,否,,0.85,0.83,0.9,,4.914,-1.5348,-13.6822
708239,美琪瑪國票5C購01,2026-10-01,0.26,-0.05,-16.13,10000000,0,,是,,0.32,0.65,,,-67.14,-43.3881,
708240,晶宏國票5C購01,2026-10-01,2.14,0.11,5.42,10000000,0,綠增,否,,2.13,2.64,2.32,,-32.1883,-5.3802,13.7855
708242,聰泰國票5C購01,2026-10-01,0.31,-0.01,-3.12,906000000,0,紅縮,是,,0.33,0.31,0.34,,14.5833,-5.7927,-8.2321
708243,寶雅國票5C購01,2026-10-01,1.1,-0.1,-8.33,41000000,0,綠增,是,,1.33,1.6,1.67,,-28.953,-23.1766,-3.2183
708246,世界群益5B購06,2026-10-01,2.0,0.11,5.82,132000000,0,紅增,否,,1.73,1.57,1.6,,23.0441,22.2136,-14.7703
708249,陽程群益5B購01,2026-10-01,8.65,-1.3,-13.07,10000000,0,紅縮,否,,8.47,7.6,7.27,,26.0417,8.3452,31.036
708250,群聯群益5B購03,2026-10-01,0.15,-0.04,-21.05,695000000,0,紅縮,否,,0.2,0.2,0.27,,0.0,-15.0,-19.5876
708256,群聯元大5B購04,2026-10-01,0.5,-0.07,-12.28,685000000,0,紅縮,否,,0.64,0.63,0.76,,3.8961,-13.8546,-7.3171
708257,群聯元大5B購05,2026-10-01,0.26,-0.04,-13.33,150000000,0,紅縮,否,,0.3,0.29,0.35,,6.4286,-8.8328,-15.7005
708258,群聯元大64購03,2026-10-01,0.77,-0.09,-10.47,599000000,0,紅縮,是,,0.83,0.78,0.9,,11.9241,-7.4556,3.4483
708259,精材元大5B購08,2026-10-01,6.0,-0.55,-8.4,2000000,0,,是,,6.6,5.2,4.24,,73.9589,30.9068,
708263,環球晶元大5B購03,2026-10-01,6.55,0.95,16.96,13000000,0,,是,,5.08,,,,,,
708264,環球晶元大5B購04,2026-10-01,2.82,0.64,29.36,5000000,0,,是,,5.22,4.93,,,12.4084,,
708267,威剛元大5B購05,2026-10-01,0.17,-0.01,-5.56,3000000,0,綠縮,否,,0.2,0.24,0.36,,-32.1918,-33.9623,-16.4512
708268,威剛元大64購01,2026-10-01,0.47,0.01,2.17,36000000,0,綠縮,否,,0.47,0.49,0.54,,-7.4803,-8.427,-6.4488
708277,均豪凱基65購01,2026-10-01,0.32,-0.01,-3.03,62000000,0,,否,,0.3,0.34,0.42,,-20.8556,-14.5408,
708280,群聯凱基64購02,2026-10-01,0.5,-0.03,-5.66,115000000,0,紅縮,否,,0.53,0.51,0.54,,9.5041,-0.5882,-4.9869
708286,群聯兆豐65購01,2026-10-01,1.25,-0.05,-3.85,20000000,0,紅縮,否,,1.33,1.29,1.32,,6.4205,0.2338,-1.6704
708290,世界國票5C購02,2026-10-01,0.71,0.04,5.97,152000000,0,紅增,是,,0.64,0.54,0.55,,47.032,8.6345,-12.0579
708294,港建*國票5B購01,2026-10-01,0.07,0.01,16.67,70000000,0,綠縮,否,,0.13,0.22,0.33,,-60.625,-35.9195,-43.0043
708295,華宏國票5C購01,2026-10-01,0.23,0.07,43.75,95000000,0,,否,,0.15,0.16,,,-8.4337,,
708302,欣銓永豐61購01,2026-10-01,0.81,-0.03,-3.57,147000000,0,紅轉綠,否,,0.86,0.92,0.85,,-13.3603,3.2475,1.4872
708306,威剛永豐65購01,2026-10-01,1.13,0.01,0.89,31000000,0,綠縮,是,,1.13,1.15,1.25,,-3.4188,-5.8149,-4.1284
708309,廣穎永豐65購01,2026-10-01,1.16,0.01,0.87,17000000,0,綠縮,否,,1.16,1.23,1.35,,-11.1621,-12.4113,-4.4492
708312,正淩群益63購01,2026-10-01,0.76,-0.27,-26.21,1740000000,0,紅縮,是,,0.8,0.75,0.72,,16.8605,10.0295,-6.0507
708315,岳豐群益65購01,2026-10-01,0.29,0.01,3.57,40000000,0,綠縮,否,,0.3,0.33,0.57,,-17.5824,-31.8275,-29.2212
708322,寶雅群益61購01,2026-10-01,0.78,-0.06,-7.14,7000000,0,綠縮,否,,0.83,0.92,1.06,,-17.6587,-11.2077,-13.8198
708325,大中凱基5B購01,2026-10-01,0.75,0.12,19.05,21000000,0,綠縮,是,,0.69,0.78,2.45,,-20.8716,-51.0038,-28.9221
708326,方土昶凱基5C購01,2026-10-01,0.66,0.08,13.79,10000000,0,綠縮,否,,0.66,0.86,1.26,,-36.8821,-38.0058,-5.3973
708328,合晶凱基5B購01,2026-10-01,12.6,0.4,3.28,9000000,0,,是,,12.91,13.66,,,-10.4716,16.051,
708335,群聯凱基61購02,2026-10-01,0.35,-0.05,-12.5,11000000,0,紅縮,否,,0.39,0.37,0.42,,15.2047,-3.9164,-10.2151
708337,環球晶凱基5C購02,2026-10-01,2.16,0.07,3.35,1922000000,0,紅增,是,,1.71,1.57,1.71,,18.9415,2.1442,-3.1117
708344,良維台新5B購01,2026-10-01,0.8,-0.02,-2.44,307000000,0,紅縮,是,,0.78,0.86,0.79,,-17.0576,-8.5288,4.9538
708349,順達台新5B購01,2026-10-01,1.32,-0.17,-11.41,54000000,0,紅增,否,,1.27,1.29,1.44,,-2.7607,-1.9817,-22.8961
708350,順達台新5B購02,2026-10-01,1.38,-0.11,-7.38,37000000,0,紅增,否,,1.35,1.33,1.52,,2.7439,-9.5238,-3.937
708351,鈊象台新5B購02,2026-10-01,1.12,0.1,9.8,36000000,0,綠縮,否,,0.87,1.18,1.65,,-41.4993,-30.8007,-22.4418
708362,環球晶群益5B購02,2026-10-01,3.66,1.07,41.31,10000000,0,,否,,2.36,2.1,,,27.7356,,
708363,環球晶群益5B購03,2026-10-01,2.67,0.41,18.14,161000000,0,,是,,1.83,1.7,2.64,,17.0077,-5.4069,
708366,凡甲元大65購01,2026-10-01,0.46,0.0,0.0,10000000,0,紅增,否,,0.47,0.5,0.58,,-11.3636,-14.2857,-17.4006
708370,台星科元大5B購02,2026-10-01,0.6,-0.13,-17.81,110000000,0,紅增,否,,0.62,0.61,0.68,,1.3158,-13.9241,-8.6137
708371,台星科元大65購01,2026-10-01,0.96,-0.06,-5.88,330000000,0,,是,,0.94,0.89,0.97,,10.8491,3.7123,-5.2246
708372,沛亨元大5B購01,2026-10-01,0.61,-0.08,-11.59,189000000,0,紅縮,否,,0.67,0.74,0.72,,-17.6471,-6.8836,0.2791
708373,欣銓元大5B購01,2026-10-01,0.73,-0.06,-7.59,139000000,0,綠增,是,,0.83,0.94,0.96,,-21.1832,-8.5854,-0.2087
708374,欣銓元大64購01,2026-10-01,0.79,-0.01,-1.25,662000000,0,紅縮,否,,0.81,0.85,0.83,,-8.1448,3.6675,-3.8417
708376,威剛元大5B購06,2026-10-01,0.08,-0.03,-27.27,328000000,0,,是,,0.23,0.29,0.42,,-33.3333,-33.0254,
708377,威剛元大5B購07,2026-10-01,0.24,-0.02,-7.69,850000000,0,綠縮,是,,0.26,0.28,0.37,,-13.8158,-19.83,-16.0674
708378,原相元大5B購01,2026-10-01,0.08,-0.01,-11.11,1000000,0,綠增,否,,0.25,0.42,0.55,,-59.2715,-32.1086,-32.9897
708380,家登元大64購01,2026-10-01,0.51,-0.01,-1.92,507000000,0,,是,,0.48,0.5,0.55,,-6.6148,0.8114,
708382,群聯元大5B購07,2026-10-01,0.32,-0.05,-13.51,17000000,0,紅縮,否,,0.43,0.43,0.58,,-1.8349,-30.88,-21.5686
708383,群聯元大61購05,2026-10-01,0.69,-0.08,-10.39,1088000000,0,紅增,是,,0.75,0.73,0.91,,6.2323,-7.9646,-19.646
708387,均豪國泰62購01,2026-10-01,0.83,-0.03,-3.49,20000000,0,綠轉紅,否,,0.82,0.81,0.88,,1.995,-13.1833,0.3984
708401,中美晶凱基61購03,2026-10-01,2.07,0.11,5.61,296000000,0,紅增,否,,1.6,1.49,1.47,,16.2554,8.0493,-22.4093
708403,世界凱基5C購03,2026-10-01,0.51,0.01,2.0,10000000,0,綠縮,否,,0.49,0.45,0.69,,16.8269,-24.7078,-31.0431
708404,尼克森凱基5B購01,2026-10-01,0.51,-0.01,-1.92,200000000,0,綠縮,否,,0.62,0.45,1.37,,113.8889,-32.2339,-31.5658
708405,亞信凱基5B購01,2026-10-01,0.37,0.03,8.82,30000000,0,,是,,0.47,0.7,,,-49.676,,
708408,威剛凱基5C購01,2026-10-01,0.09,0.01,12.5,7202000000,0,紅增,是,,0.09,0.1,0.14,,-16.3636,-21.7054,-24.8677
708409,智通*凱基5B購01,2026-10-01,0.85,-0.02,-2.3,38000000,0,綠縮,否,,0.86,0.9,1.33,,-9.3023,-28.752,-11.2112
708410,群聯凱基64購03,2026-10-01,0.51,0.11,27.5,1436000000,0,紅增,是,,0.44,0.41,0.43,,13.4715,3.0,-4.2316
708412,環球晶兆豐61購02,2026-10-01,2.43,0.28,13.02,1000000,0,紅增,否,,1.91,1.84,1.83,,8.3805,1.8262,-7.3812
708414,FH中5G元大5C購01,2026-10-01,0.9,-0.15,-14.29,24000000,0,紅縮,否,,1.66,1.82,2.02,,-16.4149,-7.3679,-6.4911
708415,世界元大64購03,2026-10-01,0.82,0.06,7.89,532000000,0,紅增,是,,0.74,0.68,0.72,,20.915,19.4346,-16.5505
708416,世界元大65購01,2026-10-01,0.68,0.02,3.03,110000000,0,紅增,否,,0.62,0.56,0.57,,24.8,8.7041,-8.4746
708418,順達元大64購04,2026-10-01,2.15,-0.09,-4.02,380000000,0,紅增,是,,2.12,2.07,2.1,,5.0545,-2.1749,-1.6393
708419,新盛力元大64購01,2026-10-01,2.64,-0.21,-7.37,56000000,0,,是,,2.61,2.6,2.74,,0.9288,1.6047,
708420,萬泰科元大5B購02,2026-10-01,0.37,-0.02,-5.13,300000000,0,紅增,是,,0.37,0.42,0.56,,-21.4286,-26.5976,-27.4026
708422,鈺太元大65購01,2026-10-01,0.21,0.0,0.0,31000000,0,紅增,否,,0.21,0.21,0.23,,6.0,-7.2072,-14.4465
708424,環球晶元大5B購05,2026-10-01,1.25,0.2,19.05,8000000,0,,是,,1.03,1.12,,,-15.3465,-57.192,
708425,世界國票5C購03,2026-10-01,0.43,0.02,4.88,10000000,0,綠縮,否,,0.38,0.38,0.53,,2.139,-22.541,-26.5979
708426,台半國票5C購01,2026-10-01,2.01,0.07,3.61,63000000,0,綠轉紅,否,,1.95,1.91,2.02,,4.6039,-4.3544,-26.5102
708427,朋億*國票5C購01,2026-10-01,0.64,0.03,4.92,11000000,0,綠轉紅,否,,0.61,0.61,0.93,,0.3279,-21.9668,-31.1876
708428,群聯國票61購02,2026-10-01,0.33,-0.03,-8.33,25000000,0,紅縮,否,,0.38,0.35,0.4,,16.6667,-7.3879,1.5365
708429,雷科國票5B購01,2026-10-01,5.95,-0.4,-6.3,9000000,0,紅增,否,,4.9,3.95,3.76,,63.1158,43.5004,-21.0128
708433,家登富邦61購02,2026-10-01,0.47,-0.02,-4.08,344000000,0,紅縮,否,,0.46,0.44,0.44,,9.0909,1.8648,11.7798
708435,鈊象富邦61購02,2026-10-01,1.0,0.11,12.36,1291000000,0,紅增,是,,0.82,0.71,0.68,,36.4238,17.8218,-1.087
708437,群聯富邦62購03,2026-10-01,0.35,-0.03,-7.89,723000000,0,紅縮,否,,0.4,0.39,0.43,,3.6649,-4.4226,-2.2573
708438,環球晶富邦5C購03,2026-10-01,1.31,0.23,21.3,949000000,0,,是,,1.0,0.92,,,17.6471,-21.2095,
708439,世界群益5B購07,2026-10-01,0.37,0.05,15.62,10000000,0,綠縮,否,,0.3,0.34,0.7,,-20.6349,-43.0252,-39.6396
708443,家登群益61購02,2026-10-01,0.41,-0.02,-4.65,11000000,0,紅增,否,,0.4,0.38,0.45,,12.8492,-1.8041,-17.7273
708444,新盛力群益5B購01,2026-10-01,1.18,-0.07,-5.6,4000000,0,,否,,1.19,1.47,1.65,,-32.1551,-6.1224,-14.2746
708445,群聯群益5B購04,2026-10-01,0.08,-0.02,-20.0,2176000000,0,紅縮,是,,0.13,0.13,0.21,,-4.5455,-31.383,-11.1345
708446,環球晶群益5C購02,2026-10-01,2.77,0.28,11.24,707000000,0,紅增,是,,2.17,2.01,2.2,,16.9181,1.0035,-30.6673
708447,久元凱基63購01,2026-10-01,0.11,-0.01,-8.33,52000000,0,,,,,,,,,,
708448,世界凱基65購01,2026-10-01,0.53,0.02,3.92,40000000,0,紅增,否,,0.5,0.44,0.45,,28.3505,13.8817,-5.5556
708449,台半凱基5C購01,2026-10-01,1.64,0.08,5.13,65000000,0,綠縮,否,,1.61,1.61,1.83,,-0.1244,-17.6742,-7.7233
708450,合晶凱基5B購02,2026-10-01,6.55,-0.95,-12.67,10000000,0,紅增,否,,6.11,5.23,4.96,,39.9175,17.7463,-4.3101
708451,合晶凱基61購01,2026-10-01,5.95,-0.2,-3.25,52000000,0,紅增,否,,5.27,4.71,4.45,,27.001,16.2182,12.2336
708453,金山電凱基5B購02,2026-10-01,1.02,0.24,30.77,8000000,0,紅增,否,,0.9,0.95,1.05,,-10.3586,-10.6103,-52.6435
708455,胡連凱基5B購01,2026-10-01,0.12,-0.02,-14.29,100000000,0,綠增,是,,0.24,0.4,0.48,,-57.5,-22.0703,-17.2861
708457,新盛力凱基5B購02,2026-10-01,1.58,-0.4,-20.2,326000000,0,綠縮,是,,1.62,1.6,1.78,,2.9225,-24.0609,-14.2616
708458,群聯凱基5B購03,2026-10-01,0.06,-0.03,-33.33,28000000,0,紅縮,否,,0.09,0.1,0.17,,-21.0526,-42.3729,-21.1845
708460,營邦凱基5B購01,2026-10-01,0.14,-0.05,-26.32,37000000,0,綠增,否,,0.25,0.27,0.26,,-12.5,-10.8911,0.0
708462,營邦凱基5B購03,2026-10-01,0.35,-0.05,-12.5,160000000,0,綠增,否,,0.48,0.5,0.45,,-6.6148,-1.5842,14.3038
708463,環球晶凱基5B購04,2026-10-01,0.83,-0.05,-5.68,1645000000,0,紅增,否,,0.61,0.55,0.67,,23.5772,-4.6794,-16.8311
708464,環球晶凱基5B購05,2026-10-01,1.17,0.07,6.36,1313000000,0,紅增,是,,0.87,0.8,0.91,,19.2308,-0.8696,-6.9423
708469,華景電台新5B購03,2026-10-01,0.03,-0.07,-70.0,15000000,0,綠增,是,,0.21,0.26,0.53,,-34.5912,-37.0813,-29.1751
708470,環球晶台新5B購01,2026-10-01,3.97,0.17,4.47,340000000,0,紅增,否,,3.06,2.86,3.25,,15.373,-2.9212,-7.4559
708471,環球晶台新5B購02,2026-10-01,1.99,0.35,21.34,1347000000,0,紅增,否,,1.33,1.23,1.63,,17.4296,-14.8863,-13.1909
708472,環球晶台新62購01,2026-10-01,1.41,0.04,2.92,268000000,0,紅增,是,,1.17,1.09,1.13,,14.7059,4.2857,0.1775
708473,環球晶台新62購02,2026-10-01,1.06,0.04,3.92,2644000000,0,紅增,是,,0.86,0.8,0.91,,15.0134,0.7538,-8.6563
708480,世界元大64購04,2026-10-01,1.22,0.05,4.27,353000000,0,紅增,是,,1.14,1.08,1.03,,12.426,13.0115,6.6008
708484,合晶元大5B購05,2026-10-01,6.3,0.65,11.5,16000000,0,紅增,是,,5.09,4.49,4.12,,30.6468,14.0645,-4.0925
708486,合晶元大65購01,2026-10-01,4.8,-0.02,-0.41,17000000,0,紅增,否,,4.15,3.65,3.61,,31.6624,13.5614,4.1979
708490,群聯元大5B購08,2026-10-01,0.1,-0.03,-23.08,40000000,0,紅增,否,,0.14,0.15,0.25,,-5.3333,-31.7757,-36.3296
708491,群聯元大5B購09,2026-10-01,0.17,0.01,6.25,1000000,0,紅增,否,,0.15,0.13,0.17,,35.7143,0.7634,-26.2582
708492,營邦元大5B購01,2026-10-01,0.43,-0.16,-27.12,1198000000,0,綠增,是,,0.63,0.66,0.62,,-8.1871,-3.3873,5.6684
708493,營邦元大5B購02,2026-10-01,0.32,-0.09,-21.95,238000000,0,紅轉綠,否,,0.45,0.45,0.43,,-3.8793,-4.0084,9.1487
708494,環球晶元大5B購06,2026-10-01,2.29,0.19,9.05,12000000,0,,是,,2.7,3.65,3.55,,-41.115,-15.6337,0.5383
708495,環球晶元大5B購07,2026-10-01,2.27,0.21,10.19,672000000,0,紅增,否,,1.82,1.76,1.95,,7.0588,-3.4029,-6.1928
708496,環球晶元大5B購08,2026-10-01,2.03,0.39,23.78,460000000,0,綠縮,否,,1.55,1.68,2.39,,-15.1482,-11.5081,-26.2768
708498,環球晶元大61購02,2026-10-01,2.37,0.11,4.87,2000000,0,紅增,否,,2.2,2.21,1.89,,-0.0907,16.6667,-7.1113
708499,環球晶元大64購01,2026-10-01,2.28,0.0,0.0,23000000,0,紅增,否,,2.15,2.05,2.06,,10.2669,4.918,2.4058
708500,譜瑞元大61購02,2026-10-01,0.4,-0.02,-4.76,3000000,0,紅增,否,,0.43,0.42,0.56,,5.8537,-17.0923,-23.6264
708501,威剛兆豐65購01,2026-10-01,1.25,0.01,0.81,105000000,0,綠縮,否,,1.25,1.27,1.39,,-3.2457,-7.7536,-4.4536
708502,金山電國泰61購01,2026-10-01,2.99,0.49,19.6,300000000,0,,是,,2.7,2.7,2.57,,-0.2221,-0.037,
708503,群聯國泰62購01,2026-10-01,0.62,-0.05,-7.46,675000000,0,紅縮,是,,0.67,0.64,0.7,,10.1307,-0.6182,0.3605
708505,群聯國泰63購02,2026-10-01,0.7,-0.07,-9.09,80000000,0,紅縮,否,,0.75,0.7,0.83,,13.6778,-17.1967,-2.2901
708507,環球晶國泰61購01,2026-10-01,3.61,0.13,3.74,1469000000,0,綠轉紅,是,,3.06,2.9,3.01,,11.9883,2.365,-4.2807
708508,環球晶國泰61購02,2026-10-01,4.06,0.28,7.41,2297000000,0,,是,,3.42,3.26,3.41,,10.5433,1.1184,
708512,合晶國票5B購01,2026-10-01,6.6,0.15,2.33,2000000,0,綠縮,是,,5.65,5.05,6.92,,26.6368,-27.2282,0.3846
708513,合晶國票5C購01,2026-10-01,5.5,-0.2,-3.51,25000000,0,紅增,否,,4.77,4.24,3.92,,28.1872,18.6573,6.1772
708514,金山電國票5C購02,2026-10-01,1.12,0.18,19.15,482000000,0,紅增,是,,0.99,1.0,1.02,,-1.7787,-6.6977,-5.463
708515,環球晶國票5B購01,2026-10-01,1.88,0.47,33.33,117000000,0,綠轉紅,是,,1.44,1.36,1.57,,12.8125,-6.456,-14.9662
708516,環球晶國票5C購01,2026-10-01,1.74,0.06,3.57,2870000000,0,紅增,是,,1.42,1.34,1.48,,11.6535,-2.1834,-6.4313
708517,世界富邦5B購02,2026-10-01,0.12,0.0,0.0,638000000,0,紅縮,是,,0.11,0.11,0.1,,9.6154,19.7802,-13.9831
708519,營邦富邦61購01,2026-10-01,0.42,-0.07,-14.29,1303000000,0,紅轉綠,否,,0.51,0.51,0.46,,-2.3077,2.3904,14.8331
708520,環球晶富邦5B購02,2026-10-01,0.86,0.09,11.69,790000000,0,紅增,否,,0.66,0.62,0.68,,15.331,-0.1616,-6.6393
708521,環球晶富邦61購01,2026-10-01,0.92,0.03,3.37,3719000000,0,紅增,否,,0.75,0.7,0.79,,14.6341,0.8596,-12.0133
708522,中美晶群益5C購02,2026-10-01,1.83,0.02,1.1,117000000,0,紅增,否,,1.45,1.34,1.32,,18.3007,8.0032,-4.4404
708523,世界群益5B購08,2026-10-01,0.17,0.02,13.33,50000000,0,紅增,否,,0.16,0.13,0.13,,50.9434,30.3922,-15.4605
708529,德微群益5B購01,2026-10-01,3.05,0.88,40.55,181000000,0,紅增,是,,2.41,1.74,1.48,,125.2809,49.8706,9.8373
708530,營邦群益5B購01,2026-10-01,0.36,-0.15,-29.41,222000000,0,綠增,否,,0.56,0.61,0.61,,-13.4969,-19.7889,14.1243
708531,營邦群益5B購02,2026-10-01,0.27,-0.13,-32.5,998000000,0,紅轉綠,是,,0.43,0.47,0.37,,-15.5642,9.7222,11.0119
708532,環球晶群益5B購04,2026-10-01,1.24,0.02,1.64,845000000,0,紅增,是,,0.98,0.96,1.13,,5.5794,-7.0805,-10.9795
708533,譜瑞群益5C購02,2026-10-01,0.24,-0.02,-7.69,50000000,0,綠縮,否,,0.27,0.49,0.68,,-62.0112,-31.8621,-26.3583
708536,立碁凱基5C購01,2026-10-01,1.26,0.03,2.44,102000000,0,,是,,1.17,1.09,1.01,,16.4683,3.0217,19.0898
708542,譜瑞凱基61購01,2026-10-01,0.2,-0.01,-4.76,52000000,0,紅縮,否,,0.21,0.21,0.24,,0.9615,-8.7336,-15.5709
708543,群聯永豐65購03,2026-10-01,0.41,-0.04,-8.89,35000000,0,紅縮,否,,0.43,0.41,0.43,,9.6447,1.9753,-1.9563
708546,譜瑞兆豐65購01,2026-10-01,0.6,0.08,15.38,1000000,0,紅增,否,,0.56,0.56,0.66,,2.5455,-14.9618,-12.5166
708547,群聯群益67購01,2026-10-01,0.52,-0.11,-17.46,145000000,0,紅縮,否,,0.56,0.53,0.54,,12.0968,2.7344,-0.6446
708549,廣穎群益61購01,2026-10-01,1.28,-0.01,-0.78,164000000,0,綠轉紅,是,,1.26,1.51,1.68,,-28.4581,-16.455,-23.5896
708550,世界元大63購03,2026-10-01,1.47,0.06,4.26,22000000,0,紅增,否,,1.39,1.32,1.23,,12.4194,12.468,6.2879
708551,新盛力元大61購02,2026-10-01,3.35,-0.17,-4.83,168000000,0,綠縮,是,,3.32,3.28,3.58,,2.2195,-4.0094,1.9056
708555,中美晶國泰61購01,2026-10-01,3.57,0.11,3.18,155000000,0,紅增,否,,2.91,2.73,2.65,,14.2745,7.3899,-5.6
708556,台半國泰5C購01,2026-10-01,2.8,0.15,5.66,210000000,0,,是,,2.68,2.52,2.53,,13.0068,0.6786,
708557,欣銓國泰5C購02,2026-10-01,1.15,0.01,0.88,77000000,0,紅縮,否,,1.19,1.28,1.22,,-12.9927,2.562,-0.1225
708558,立碁富邦5B購01,2026-10-01,0.43,-0.03,-6.52,430000000,0,,否,,0.42,0.4,0.4,,11.2299,3.4031,12.7095
708559,欣銓富邦5B購02,2026-10-01,0.22,0.01,4.76,102000000,0,紅縮,否,,0.23,0.27,0.28,,-25.0,-6.8259,-0.1812
708560,威剛富邦5B購01,2026-10-01,0.12,-0.01,-7.69,20000000,0,綠增,否,,0.21,0.27,0.31,,-33.9506,-18.2371,-16.3978
708561,順達富邦5C購02,2026-10-01,0.56,-0.05,-8.2,482000000,0,紅縮,否,,0.57,0.56,0.58,,2.1583,0.7168,-1.4346
708562,群聯富邦62購04,2026-10-01,0.27,-0.03,-10.0,717000000,0,紅縮,是,,0.3,0.28,0.31,,16.9231,-3.4247,-1.8868
708565,尼克森國票5B購01,2026-10-01,0.21,-0.02,-8.7,6000000,0,綠縮,否,,0.29,0.39,1.04,,-42.4,-53.8101,-44.7124
708567,美琪瑪國票5C購02,2026-10-01,0.31,-0.06,-16.22,6000000,0,,否,,0.36,0.5,,,-43.125,-31.4208,
708568,宸曜國票5B購01,2026-10-01,0.61,0.01,1.67,40000000,0,紅增,否,,0.57,0.55,0.65,,10.0,-10.6383,0.5426
708575,華宏凱基5B購01,2026-10-01,0.18,0.06,50.0,40000000,0,,是,,0.14,0.15,,,-17.8571,,
708579,群聯凱基5B購04,2026-10-01,0.11,-0.02,-15.38,240000000,0,紅縮,否,,0.15,0.15,0.2,,-2.6316,-15.7303,-11.1111
708583,精材凱基5B購05,2026-10-01,4.09,-0.09,-2.15,1000000,0,綠增,否,,4.22,4.46,3.54,,-10.3316,20.4699,10.7656
708584,廣穎凱基5B購02,2026-10-01,0.63,-0.03,-4.55,129000000,0,綠縮,是,,0.72,0.91,1.28,,-34.9638,-32.6681,-16.6071
708588,群聯富邦62購05,2026-10-01,0.14,-0.01,-6.67,421000000,0,紅縮,否,,0.15,0.15,0.18,,5.6338,-14.6199,-10.0985
708589,宏捷科兆豐65購01,2026-10-01,0.38,0.01,2.7,385000000,0,紅增,否,,0.35,0.34,0.38,,7.4074,-7.9452,-7.7859
708590,群聯兆豐65購02,2026-10-01,0.6,-0.03,-4.76,62000000,0,紅縮,否,,0.63,0.61,0.63,,7.5085,1.5025,-2.392
708591,精材兆豐61購01,2026-10-01,3.74,0.55,17.24,1000000,0,紅增,否,,3.48,3.33,2.6,,9.3711,21.763,11.5814
708594,欣銓元大5B購02,2026-10-01,0.89,-0.08,-8.25,141000000,0,紅縮,否,,1.23,1.1,1.05,,27.5362,8.5968,6.6735
708596,新盛力元大61購03,2026-10-01,1.87,-0.09,-4.59,58000000,0,,是,,1.83,1.83,2.12,,-0.3268,-14.2255,-10.7631
708599,群聯元大5B購12,2026-10-01,0.12,-0.02,-14.29,31000000,0,綠增,否,,0.16,0.23,0.29,,-43.0556,-28.0255,-26.8293
708602,群聯元大5C購02,2026-10-01,0.17,-0.02,-10.53,46000000,0,,是,,0.24,0.28,,,-26.5432,-36.1364,
708603,群聯元大61購06,2026-10-01,0.38,-0.04,-9.52,141000000,0,紅縮,否,,0.45,0.43,0.51,,6.1611,-17.4573,-8.7152
708604,群聯元大63購03,2026-10-01,0.24,-0.01,-4.0,102000000,0,紅縮,否,,0.26,0.24,0.27,,15.0442,-1.6194,-9.0444
708607,中美晶永豐65購01,2026-10-01,1.14,-0.06,-5.0,435000000,0,紅增,否,,0.98,0.92,0.88,,14.7887,9.7122,-0.114
708608,台半永豐63購01,2026-10-01,1.12,0.07,6.67,44000000,0,,否,,0.98,0.94,1.67,,7.489,-28.9057,-13.1805
708610,新盛力永豐63購01,2026-10-01,1.16,-0.04,-3.33,70000000,0,紅增,否,,1.13,1.11,1.22,,4.2435,-4.2388,-1.2136
708612,群聯永豐5C購04,2026-10-01,0.16,-0.02,-11.11,50000000,0,紅縮,是,,0.19,0.18,0.21,,3.2967,-10.1942,-0.4673
708614,德微永豐63購01,2026-10-01,1.71,0.1,6.21,39000000,0,,是,,1.61,1.4,,,35.5219,-3.4507,
708619,閎康群益61購01,2026-10-01,0.09,0.0,0.0,100000000,0,,是,,0.12,0.23,,,-64.5349,-50.1071,
708624,群聯群益61購04,2026-10-01,0.2,-0.03,-13.04,120000000,0,紅縮,否,,0.23,0.23,0.26,,-0.8621,-8.6957,0.3906
708627,廣穎群益5B購02,2026-10-01,0.75,-0.02,-2.6,187000000,0,綠縮,是,,0.78,0.98,1.54,,-33.1058,-36.3281,-11.6192
708633,新盛力凱基61購01,2026-10-01,0.87,-0.16,-15.53,1331000000,0,紅增,是,,0.87,0.83,0.99,,9.5718,-6.6218,-1.1
708636,中美晶元大63購02,2026-10-01,2.45,0.17,7.46,96000000,0,紅增,是,,2.11,2.01,2.01,,10.1464,4.6899,3.5327
708638,威剛元大5B購08,2026-10-01,0.35,-0.01,-2.78,2000000,0,綠增,否,,0.49,0.6,0.69,,-32.8729,-20.7077,-11.2186
708640,順達元大5B購04,2026-10-01,0.54,-0.1,-15.62,441000000,0,綠縮,是,,0.59,0.62,1.04,,-8.6957,-30.0795,-28.8653
708646,譜瑞元大5B購07,2026-10-01,0.02,-0.01,-33.33,100000000,0,綠縮,是,,0.06,0.13,0.26,,-68.0,-45.4545,-27.3115
708648,沛亨永豐5C購01,2026-10-01,0.22,-0.03,-12.0,440000000,0,紅縮,否,,0.23,0.27,0.24,,-22.5166,-2.8986,4.5752
708651,中美晶富邦5B購01,2026-10-01,1.01,0.2,24.69,1343000000,0,紅增,否,,0.74,0.69,0.69,,16.6667,9.019,-27.3915
708655,新盛力富邦62購01,2026-10-01,0.9,-0.05,-5.26,644000000,0,紅增,否,,0.88,0.85,0.96,,6.5375,-3.8331,-7.06
708661,元太元大5B購03,2026-10-01,0.01,0.0,0.0,76000000,0,綠縮,否,,0.06,0.13,0.27,,-69.3878,-57.8947,-30.2872
708669,博盛元大5B購01,2026-10-01,0.64,0.07,12.28,10000000,0,紅增,否,,0.64,0.66,0.7,,-5.638,-6.4286,0.2861
708670,陽程元大63購02,2026-10-01,2.7,-0.25,-8.47,871000000,0,紅縮,是,,2.72,2.44,2.34,,26.5799,9.4746,29.1471
708671,新盛力元大5B購03,2026-10-01,1.3,-0.14,-9.72,92000000,0,綠縮,是,,1.29,1.28,1.57,,2.2117,-10.3641,-5.517
708682,威剛凱基5B購07,2026-10-01,0.21,-0.02,-8.7,9000000,0,綠縮,否,,0.24,0.27,0.35,,-15.8621,-19.3353,-15.8845
708684,陽程凱基5B購01,2026-10-01,2.79,-0.51,-15.45,55000000,0,紅縮,否,,2.87,2.37,2.24,,54.5161,26.0383,27.9382
708685,新盛力凱基5B購03,2026-10-01,0.68,-0.08,-10.53,397000000,0,紅增,否,,0.62,0.6,0.78,,8.3624,-10.8793,-10.4564
708686,新盛力凱基61購02,2026-10-01,1.01,-0.15,-12.93,129000000,0,紅增,否,,1.01,0.97,1.11,,9.0909,-5.1081,1.3254
708693,方土昶台新5B購01,2026-10-01,1.01,0.03,3.06,18000000,0,綠縮,是,,1.01,1.51,1.59,,-49.6008,-29.7108,-17.1867
708698,順達台新5B購03,2026-10-01,0.74,-0.13,-14.94,110000000,0,綠縮,否,,0.78,0.83,1.06,,-11.8182,-8.71,-26.2662
708699,臺慶科台新5B購02,2026-10-01,1.16,0.17,17.17,36000000,0,紅增,否,,1.07,1.23,1.55,,-22.3988,-19.6732,-13.1505
708700,凡甲國泰61購02,2026-10-01,0.34,0.0,0.0,19000000,0,,否,,0.35,0.49,0.9,,-44.2308,-46.1197,
708704,台半富邦62購01,2026-10-01,0.66,0.02,3.12,328000000,0,紅縮,否,,0.65,0.63,0.63,,4.8544,3.2626,1.7886
708706,新盛力富邦61購04,2026-10-01,0.8,-0.04,-4.76,1139000000,0,紅增,否,,0.78,0.76,0.85,,7.3973,-3.6896,-5.7906
708707,德微富邦63購01,2026-10-01,1.42,0.23,19.33,515000000,0,,是,,1.25,1.07,,,40.0,26.8409,
708712,光頡國票5B購02,2026-10-01,10.1,1.95,23.93,2000000,0,紅增,否,,6.69,5.49,4.17,,56.0896,55.8206,29.3643
708715,新盛力國票5B購02,2026-10-01,0.69,-0.07,-9.21,57000000,0,綠縮,否,,0.69,0.7,0.9,,-0.8571,-12.9838,-15.0095
708716,中美晶台新5B購04,2026-10-01,7.2,0.3,4.35,36000000,0,綠縮,否,,5.33,5.03,9.53,,12.9128,-19.3424,-18.4243
708718,台半台新5B購02,2026-10-01,2.74,0.14,5.38,12000000,0,紅增,否,,2.63,2.58,2.67,,3.3832,-5.0331,5.6522
708719,台半台新5B購03,2026-10-01,1.5,0.2,15.38,36000000,0,綠轉紅,否,,1.4,1.41,1.55,,-1.2676,-8.3766,-38.1246
708722,陽程凱基63購02,2026-10-01,1.93,-0.2,-9.39,706000000,0,紅縮,是,,1.97,1.71,1.64,,36.2379,17.0665,22.7341
708723,勤凱凱基5B購01,2026-10-01,0.1,0.04,66.67,55000000,0,紅增,否,,0.15,0.16,0.32,,-15.7303,-24.7706,-39.9812
708724,臺慶科凱基5B購02,2026-10-01,0.06,-0.01,-14.29,11000000,0,紅增,否,,0.09,0.13,0.38,,-52.7473,-48.4615,-54.1616
708725,擎亞凱基5B購02,2026-10-01,0.1,-0.03,-23.08,132000000,0,綠縮,否,,0.13,0.87,2.22,,-91.6873,-68.3351,-26.9009
708727,台半元大63購02,2026-10-01,2.36,0.06,2.61,63000000,0,,是,,2.3,2.29,2.88,,0.7011,-17.3285,
708733,陽程元大65購02,2026-10-01,1.26,-0.09,-6.67,298000000,0,紅縮,否,,1.26,1.14,0.96,,24.165,9.0822,29.2089
708739,德微元大5B購02,2026-10-01,1.57,0.29,22.66,25000000,0,綠縮,是,,1.3,1.17,1.63,,25.4826,12.4158,-21.045
708741,擎亞元大5B購04,2026-10-01,0.06,-0.01,-14.29,228000000,0,綠縮,否,,0.12,0.26,0.84,,-68.2051,-62.3719,-36.8401
708742,尼克森永豐5C購01,2026-10-01,0.16,0.01,6.67,50000000,0,綠轉紅,是,,0.17,0.16,0.35,,21.1268,-34.0336,-47.8293
708743,光頡永豐61購01,2026-10-01,4.27,0.98,29.79,1000000,0,,是,,3.57,3.09,2.12,,36.4679,48.845,-8.5665
708745,陽程永豐5B購02,2026-10-01,1.17,-0.17,-12.69,137000000,0,紅縮,否,,1.18,0.99,1.0,,47.0149,13.2269,28.7468
708747,臺慶科永豐65購01,2026-10-01,0.57,0.07,14.0,10000000,0,綠縮,否,,0.64,0.62,0.84,,5.2632,-8.37,-22.449
708749,擎亞永豐61購01,2026-10-01,0.42,-0.02,-4.55,150000000,0,綠縮,是,,0.45,0.66,0.89,,-48.3871,-26.8076,-30.3738
708752,博盛國泰5C購01,2026-10-01,0.69,0.07,11.29,20000000,0,綠縮,否,,0.65,0.65,0.76,,0.9317,-0.7669,-20.315
708755,中美晶群益5B購03,2026-10-01,2.7,0.14,5.47,437000000,0,紅增,是,,2.07,1.95,2.01,,12.6224,3.8257,-5.1325
708757,威剛群益61購02,2026-10-01,0.63,-0.09,-12.5,151000000,0,紅轉綠,是,,0.89,0.85,1.01,,10.67,-3.8505,-13.4904
708758,陽程群益5B購03,2026-10-01,1.54,-0.39,-20.21,7000000,0,紅縮,否,,1.62,1.42,1.25,,33.6079,10.2644,33.8494
708764,立端國票5C購01,2026-10-01,0.39,0.0,0.0,37000000,0,紅增,否,,0.38,0.38,0.38,,-0.5208,4.6448,-2.8025
708766,沛亨國票5C購01,2026-10-01,0.41,-0.04,-8.89,10000000,0,紅縮,否,,0.52,0.49,0.51,,14.9123,26.615,-32.918
708769,家碩國票5C購01,2026-10-01,0.27,0.03,12.5,1752000000,0,,是,,0.24,0.27,0.38,,-18.3673,-28.2258,
708770,博盛國票5B購02,2026-10-01,0.28,0.03,12.0,6000000,0,綠縮,否,,0.27,0.29,0.4,,-12.9032,-7.0513,-31.6467
708772,博盛國票5C購02,2026-10-01,0.46,0.05,12.2,7000000,0,綠縮,否,,0.43,0.44,0.53,,-4.0359,-0.2283,-29.2277
708773,陽程國票5B購01,2026-10-01,1.9,-0.1,-5.0,71000000,0,紅縮,否,,1.83,1.58,1.55,,38.4266,15.9676,21.0176
708779,廣閎科國票5C購01,2026-10-01,1.33,0.04,3.1,51000000,0,紅增,否,,1.29,1.06,1.01,,55.1559,25.3239,7.5441
708781,FH中5G凱基5B購01,2026-10-01,0.11,-0.02,-15.38,204000000,0,紅縮,否,,0.29,0.34,0.55,,-27.2727,-16.7883,-42.6272
708782,世界凱基64購01,2026-10-01,0.97,0.06,6.59,50000000,0,,是,,0.7,0.74,0.98,,-11.6751,-21.2314,
708784,光頡凱基5B購02,2026-10-01,5.4,1.51,38.82,36000000,0,紅增,否,,4.27,3.48,2.33,,58.2344,70.9725,54.422
708786,沛亨凱基5B購02,2026-10-01,0.3,-0.04,-11.76,214000000,0,紅縮,否,,0.36,0.37,0.32,,-6.25,3.3333,9.1379
708787,群翊凱基5B購01,2026-10-01,0.31,-0.01,-3.12,70000000,0,,是,,0.34,0.4,0.55,,-26.9565,-25.7463,-14.3417
708789,精材凱基5B購06,2026-10-01,2.2,0.0,0.0,51000000,0,紅縮,否,,2.41,2.28,1.83,,12.0706,12.0707,24.9063
708793,德微凱基5B購01,2026-10-01,2.09,0.22,11.76,33000000,0,紅增,否,,1.84,1.56,1.36,,44.584,27.9146,10.9706
708794,世界中信5B購02,2026-10-01,0.19,0.02,11.76,167000000,0,紅增,否,,0.17,0.16,0.15,,2.4691,17.1429,-10.0304
708796,茂綸永豐61購01,2026-10-01,0.68,0.0,0.0,456000000,0,,是,,0.65,0.56,0.61,,37.395,-0.3527,
708798,精材永豐65購01,2026-10-01,1.96,-0.06,-2.97,95000000,0,綠增,否,,2.02,2.0,1.78,,1.5106,-0.6455,8.8271
708799,台半元大5B購01,2026-10-01,2.15,0.1,4.88,53000000,0,綠縮,是,,2.13,2.13,2.24,,-0.4677,-3.1335,-3.2014
708800,光頡元大5B購01,2026-10-01,4.5,1.2,36.36,13000000,0,紅增,否,,3.67,3.17,2.35,,37.9414,56.3179,15.179
708802,聖暉*元大5B購03,2026-10-01,0.39,0.04,11.43,1524000000,0,,是,,0.35,0.38,0.75,,-13.4328,-34.7826,-21.4698
708803,聖暉*元大5B購04,2026-10-01,0.19,0.02,11.76,13000000,0,綠縮,否,,0.2,0.26,0.61,,-34.8387,-41.6856,-40.9135
708804,雷科元大5B購01,2026-10-01,4.54,-0.96,-17.45,29000000,0,紅增,否,,3.33,2.79,2.52,,48.3526,27.1194,-10.24
708811,臺慶科元大63購01,2026-10-01,0.38,0.06,18.75,224000000,0,,是,,0.35,0.44,0.91,,-31.3953,-47.5904,
708812,世界台新5B購04,2026-10-01,1.16,0.11,10.48,530000000,0,紅增,是,,0.99,0.88,0.76,,30.2632,28.4875,-0.1969
708814,欣銓台新5B購03,2026-10-01,0.81,-0.04,-4.71,359000000,0,綠增,是,,0.88,1.01,1.05,,-22.7113,-2.9865,-13.3169
708815,欣銓台新5B購04,2026-10-01,0.69,0.02,2.99,496000000,0,綠增,否,,0.73,0.84,0.85,,-23.2068,-0.9456,-20.392
708816,倚強台新5B購01,2026-10-01,2.6,-0.19,-6.81,10000000,0,紅增,是,,2.23,1.57,1.09,,145.5947,87.9042,54.0751
708817,聖暉*台新5B購03,2026-10-01,0.24,0.04,20.0,30000000,0,,否,,0.5,,,,,,
708818,榮剛台新5B購01,2026-10-01,0.19,-0.03,-13.64,50000000,0,綠增,否,,0.45,0.59,0.77,,-37.6731,-24.8718,-16.4757
708822,臺慶科台新5B購03,2026-10-01,0.55,0.15,37.5,303000000,0,紅增,是,,0.49,0.59,1.03,,-30.086,-26.6089,-47.7941
708825,光頡國票5B購03,2026-10-01,5.5,1.56,39.59,4000000,0,紅增,否,,4.0,3.39,2.27,,43.9252,74.3577,47.0817
708827,聖暉*兆豐61購01,2026-10-01,0.36,0.06,20.0,666000000,0,紅增,是,,0.3,0.28,0.3,,16.9231,3.6765,-23.8095
708828,立敦群益5B購01,2026-10-01,0.21,0.07,50.0,10000000,0,綠轉紅,否,,0.17,0.29,0.5,,-59.3301,-33.1818,-41.8564
708833,精材群益5B購07,2026-10-01,4.34,-0.02,-0.46,1000000,0,綠增,否,,4.82,4.47,3.76,,16.7798,4.2687,9.6746
708834,千如國泰5C購01,2026-10-01,2.09,0.45,27.44,5000000,0,,是,,1.76,3.6,,,-67.6708,-42.5702,
708838,臺慶科國泰5C購01,2026-10-01,0.71,0.08,12.7,1000000,0,,否,,1.24,1.61,2.84,,-37.3737,-44.1554,-20.309
708840,中美晶元大5B購04,2026-10-01,2.77,0.68,32.54,6000000,0,紅增,否,,2.13,2.05,2.04,,8.1218,3.7975,0.5916
708841,台半元大5B購02,2026-10-01,0.98,0.11,12.64,97000000,0,紅增,否,,0.92,0.96,1.05,,-8.7475,-9.9251,-33.7449
708843,威剛元大5B購10,2026-10-01,1.11,0.01,0.91,151000000,0,綠縮,否,,1.14,1.18,1.39,,-7.7922,-11.3772,-9.2605
708846,順達元大5B購05,2026-10-01,0.94,-0.1,-9.62,218000000,0,紅增,否,,0.93,0.91,1.28,,4.7191,-11.8103,-25.7126
708847,新盛力元大5B購04,2026-10-01,1.6,-0.15,-8.57,49000000,0,綠縮,否,,1.64,1.64,1.97,,-0.1217,-13.0228,7.1972
708848,群翊元大5B購03,2026-10-01,0.3,-0.07,-18.92,496000000,0,,是,,0.44,0.48,0.71,,-16.9811,-29.5058,
708852,台半凱基5B購01,2026-10-01,0.86,0.06,7.5,28000000,0,紅增,否,,0.8,0.79,0.86,,2.8205,-8.6605,-24.2518
708856,茂綸凱基5C購01,2026-10-01,0.89,0.14,18.67,33000000,0,紅縮,否,,0.91,0.85,0.73,,14.6835,20.6259,-3.8083
708858,德微凱基5B購02,2026-10-01,1.14,0.33,40.74,322000000,0,紅增,是,,0.93,0.72,0.61,,83.0709,40.9804,-17.7062
708859,立敦台新5B購01,2026-10-01,1.2,0.34,39.53,170000000,0,,是,,0.94,0.97,,,-6.9444,-23.0222,
708860,立敦台新5B購02,2026-10-01,0.43,0.17,65.38,20000000,0,,是,,0.51,0.78,2.27,,-50.9615,-68.7878,
708861,沛亨台新5B購01,2026-10-01,0.92,-0.08,-8.0,219000000,0,紅縮,是,,1.01,0.94,0.76,,16.8981,15.9653,-24.7535
708862,沛亨台新5B購02,2026-10-01,0.83,-0.04,-4.6,71000000,0,,是,,0.94,1.11,,,-27.1028,-42.5168,
708867,新盛力台新5C購01,2026-10-01,2.65,-0.3,-10.17,886000000,0,,是,,2.63,2.78,3.12,,-10.4152,-1.381,-7.8854
708868,新盛力台新62購02,2026-10-01,2.16,-0.16,-6.9,1888000000,0,紅增,是,,2.11,2.1,2.21,,1.0526,-17.7369,-9.0984
708869,中美晶中信5B購01,2026-10-01,1.27,-0.01,-0.78,231000000,0,紅增,否,,1.03,0.97,0.96,,11.9826,5.0756,-1.5824
708870,光頡中信5B購01,2026-10-01,2.0,0.56,38.89,1169000000,0,紅增,否,,1.59,1.32,0.91,,51.5267,60.1458,38.2866
708871,威剛中信65購01,2026-10-01,0.4,0.0,0.0,50000000,0,綠縮,是,,0.4,0.43,0.46,,-10.2222,-10.8559,-4.5643
708872,台半永豐61購01,2026-10-01,1.38,0.04,2.99,47000000,0,綠轉紅,是,,1.35,1.32,1.37,,5.2877,5.1793,-17.9441
708874,雅特力永豐5B購01,2026-10-01,2.08,0.44,26.83,11000000,0,綠縮,否,,1.77,1.83,1.9,,-6.4414,-2.7586,-14.6325
708875,千如國票5C購01,2026-10-01,0.79,0.4,102.56,2228000000,0,紅增,是,,0.47,0.44,0.47,,16.1765,-1.1211,-5.7884
708878,光頡國票5C購01,2026-10-01,4.07,0.89,27.99,22000000,0,紅增,否,,3.36,2.85,2.03,,43.6379,53.5522,42.4062
708886,雅特力國票5C購01,2026-10-01,1.96,0.29,17.37,130000000,0,綠縮,是,,1.67,1.66,1.81,,0.3614,-7.867,-1.362
708887,萬泰科國票5C購01,2026-10-01,0.26,0.0,0.0,700000000,0,綠縮,是,,0.27,0.3,0.49,,-21.7647,-32.816,-29.2507
708888,雷科國票5B購02,2026-10-01,2.3,-0.49,-17.56,111000000,0,紅縮,否,,2.02,1.51,1.29,,103.6217,44.2639,18.3908
708889,德微國票5C購01,2026-10-01,1.74,0.4,29.85,1366000000,0,紅增,否,,1.47,1.21,1.06,,55.4852,30.6365,18.3799
708892,世界群益62購02,2026-10-01,0.73,0.03,4.29,40000000,0,紅增,是,,0.66,0.59,0.54,,24.5283,23.444,2.1884
708894,光頡群益5B購02,2026-10-01,4.8,1.63,51.42,19000000,0,紅增,否,,3.55,2.94,2.0,,52.3196,84.2535,37.7502
708897,雷科國泰61購01,2026-10-01,6.0,-0.15,-2.44,82000000,0,紅增,是,,4.83,3.89,3.38,,64.174,27.9131,16.7214
708902,大中統一63購01,2026-10-01,0.72,0.03,4.35,72000000,0,紅增,是,,0.7,0.68,0.72,,4.8193,-6.5934,-17.9385
708903,大中統一65購01,2026-10-01,0.65,0.05,8.33,966000000,0,紅增,是,,0.6,0.59,0.62,,4.1379,-0.5042,-5.513
708904,世界統一64購02,2026-10-01,0.7,0.02,2.94,271000000,0,紅增,否,,0.65,0.61,0.56,,15.2482,13.8837,1.8051
708905,世界統一65購01,2026-10-01,0.64,0.04,6.67,144000000,0,紅增,是,,0.59,0.53,0.53,,26.1803,11.8896,-5.605
708906,世界統一65購02,2026-10-01,0.58,0.03,5.45,152000000,0,紅增,否,,0.53,0.49,0.51,,17.3333,3.1646,-8.6957
708907,尼克森統一63購01,2026-10-01,0.27,-0.03,-10.0,10000000,0,紅增,否,,0.3,0.26,0.38,,43.3962,-13.7124,-34.6383
708908,立敦統一63購01,2026-10-01,0.49,0.11,28.95,1000000,0,,否,,0.57,0.63,1.15,,-16.3265,-45.4545,
708909,立敦統一65購01,2026-10-01,0.5,0.09,21.95,6000000,0,綠縮,否,,0.52,0.62,0.92,,-27.9006,-30.7008,-20.1302
708913,光頡統一65購01,2026-10-01,1.98,0.43,27.74,444000000,0,紅增,否,,1.69,1.48,1.14,,33.7559,38.6278,32.4198
708914,光頡統一65購02,2026-10-01,1.06,0.16,17.78,9000000,0,紅增,否,,0.91,0.83,0.66,,22.9111,33.1723,19.6168
708915,安葆統一75購01,2026-10-01,0.84,0.01,1.2,10000000,0,紅增,否,,0.84,0.73,0.75,,35.3698,20.5931,1.7711
708916,艾訊統一65購01,2026-10-01,0.3,-0.01,-3.23,130000000,0,紅增,否,,0.3,0.29,0.31,,4.9645,0.3472,-7.9646
708917,邑錡統一65購01,2026-10-01,0.42,-0.01,-2.33,160000000,0,綠轉紅,是,,0.43,0.43,0.46,,-2.2936,-5.6893,-5.6065
708919,欣銓統一63購01,2026-10-01,0.69,0.0,0.0,35000000,0,紅縮,否,,0.71,0.73,0.63,,-6.366,5.7971,7.4894
708920,欣銓統一65購02,2026-10-01,0.59,-0.01,-1.67,127000000,0,紅縮,否,,0.61,0.62,0.58,,-2.5641,2.4958,7.0436
708921,欣銓統一67購01,2026-10-01,1.15,0.02,1.77,20000000,0,紅縮,否,,1.16,1.18,1.1,,-3.172,6.0252,11.443
708922,欣銓統一69購01,2026-10-01,0.83,-0.03,-3.49,64000000,0,紅轉綠,否,,0.86,0.89,0.85,,-5.9211,3.2672,-1.2806
708923,威剛統一64購02,2026-10-01,0.38,0.0,0.0,41000000,0,綠增,否,,0.43,0.46,0.5,,-10.3306,-11.5607,-3.0244
708925,威剛統一65購02,2026-10-01,0.57,0.0,0.0,32000000,0,綠增,否,,0.59,0.62,0.67,,-9.1743,-8.37,-2.4194
708927,威剛統一69購01,2026-10-01,0.39,0.0,0.0,265000000,0,綠縮,是,,0.4,0.42,0.45,,-6.5116,-6.7265,-3.9828
708929,茂綸統一63購01,2026-10-01,0.75,0.06,8.7,2000000,0,紅縮,否,,0.75,0.74,0.63,,1.6349,17.6471,11.9857
708930,翔名統一63購01,2026-10-01,0.27,-0.02,-6.9,206000000,0,綠縮,否,,0.29,0.32,0.37,,-17.6136,-16.6234,-18.8453
708932,閎康統一65購01,2026-10-01,0.23,0.0,0.0,20000000,0,,,,,,,,,,
708934,順達統一65購02,2026-10-01,0.56,-0.04,-6.67,212000000,0,紅縮,否,,0.55,0.57,0.53,,-4.4828,1.4311,-7.4848
708935,新盛力統一69購01,2026-10-01,0.72,-0.03,-4.0,838000000,0,紅縮,是,,0.72,0.7,0.74,,5.5394,-0.9831,-2.4374
708936,聖暉*統一63購02,2026-10-01,0.37,0.03,8.82,1027000000,0,紅增,是,,0.32,0.29,0.3,,22.3077,4.7101,-13.8968
708937,臺慶科統一63購01,2026-10-01,0.6,0.1,20.0,66000000,0,紅增,否,,0.55,0.57,0.63,,-7.1186,-6.5681,-1.6509
708938,臺慶科統一65購01,2026-10-01,0.4,0.04,11.11,205000000,0,紅增,是,,0.38,0.39,0.44,,-8.2927,-9.0278,-3.1556
708939,擎亞統一67購01,2026-10-01,0.32,-0.01,-3.03,42000000,0,紅增,是,,0.31,0.33,0.41,,-8.7209,-19.3627,-13.2055
708941,世界凱基63購01,2026-10-01,0.94,0.07,8.05,53000000,0,紅增,否,,0.82,0.75,0.67,,21.6617,18.949,3.7008
708942,台半凱基61購01,2026-10-01,0.9,0.03,3.45,7000000,0,紅增,否,,0.88,0.86,0.89,,4.2755,-1.4891,-24.1189
708945,威剛凱基5B購08,2026-10-01,0.39,0.0,0.0,20000000,0,綠縮,否,,0.42,0.44,0.53,,-10.3004,-12.8205,-10.906
708946,德微凱基5C購01,2026-10-01,0.91,0.12,15.19,321000000,0,紅增,是,,0.77,0.63,0.57,,55.2419,27.8788,-30.2567
708948,順達台新61購01,2026-10-01,1.89,-0.27,-12.5,51000000,0,,是,,1.91,1.87,2.18,,4.7046,1.0805,
708952,台半元大5B購03,2026-10-01,0.5,0.01,2.04,9000000,0,綠縮,否,,0.52,0.54,0.95,,-6.1372,-8.2051,-36.5027
708956,順達元大5B購06,2026-10-01,1.46,-0.22,-13.1,194000000,0,紅增,是,,1.52,1.45,1.76,,8.908,-13.5553,-14.1707
708957,新盛力元大5B購05,2026-10-01,1.05,-0.11,-9.48,35000000,0,,是,,1.06,1.36,1.62,,-35.8354,-22.1137,
708958,雷科元大5B購02,2026-10-01,3.14,-0.21,-6.27,45000000,0,紅增,是,,2.2,1.84,2.64,,49.187,-0.1629,-19.0052
708959,雷科元大5B購03,2026-10-01,3.15,-0.63,-16.67,66000000,0,紅增,否,,2.72,2.18,1.99,,65.8952,32.6245,-22.4815
708963,台半永豐5C購02,2026-10-01,0.68,0.04,6.25,78000000,0,紅增,否,,0.65,0.65,0.68,,1.2461,-6.1047,-26.5727
708964,凌陽創永豐61購01,2026-10-01,0.16,0.0,0.0,30000000,0,,是,,0.35,0.47,0.69,,-40.404,-36.7156,
708969,朋程群益5B購02,2026-10-01,0.13,0.0,0.0,7000000,0,綠縮,否,,0.12,0.23,0.4,,-61.9632,-36.6197,-39.0902
708970,欣銓群益5B購03,2026-10-01,0.74,-0.06,-7.5,312000000,0,紅縮,是,,0.83,0.91,0.87,,-16.5657,4.248,-4.3956
708971,鈊象群益5B購03,2026-10-01,0.69,0.11,18.97,335000000,0,紅增,是,,0.5,0.43,0.77,,41.8079,-24.7803,-14.1347
708973,德微群益5B購03,2026-10-01,1.22,0.34,38.64,309000000,0,綠轉紅,否,,0.93,0.72,1.37,,78.8462,-6.2096,-28.5155
708977,台半統一63購01,2026-10-01,0.97,0.04,4.3,40000000,0,紅增,否,,0.94,0.93,0.92,,2.1739,-1.169,7.4985
708979,台半統一69購01,2026-10-01,0.55,0.01,1.85,20000000,0,紅增,否,,0.54,0.53,0.51,,2.6616,12.4473,-14.5378
708980,台星科統一65購01,2026-10-01,0.61,0.0,0.0,148000000,0,紅增,否,,0.6,0.56,0.53,,14.1762,0.1792,3.6822
708982,沛亨統一69購01,2026-10-01,0.53,-0.03,-5.36,297000000,0,紅縮,是,,0.57,0.55,0.49,,7.9545,9.5808,11.2372
708988,茂達統一65購01,2026-10-01,0.51,-0.01,-1.92,203000000,0,綠增,是,,0.56,0.59,0.64,,-11.4286,-10.8108,-9.7475
708989,茂綸統一65購01,2026-10-01,0.63,0.03,5.0,103000000,0,紅縮,否,,0.62,0.61,0.56,,0.9836,9.8566,6.4762
708991,聖暉*統一65購02,2026-10-01,0.5,0.03,6.38,6000000,0,紅增,否,,0.44,0.42,0.49,,10.6061,-6.2921,-21.5873
708992,德微統一63購02,2026-10-01,0.83,0.17,25.76,1695000000,0,紅增,是,,0.71,0.59,0.5,,49.1597,36.3218,22.1681
708993,德微統一75購01,2026-10-01,0.89,0.1,12.66,115000000,0,,是,,0.73,0.66,,,23.2323,,
708998,台半國票5C購03,2026-10-01,0.72,0.07,10.77,499000000,0,綠縮,是,,0.68,0.69,1.13,,-4.2254,-4.9248,-24.5989
709002,泓格國票5C購01,2026-10-01,0.31,-0.03,-8.82,40000000,0,紅縮,否,,0.34,0.36,0.41,,-6.5217,-5.8201,-22.4645
709003,雷科國票5B購04,2026-10-01,2.94,-0.6,-16.95,77000000,0,紅增,是,,2.52,2.01,1.77,,69.0349,30.4941,13.8397
709004,漢達國票5C購01,2026-10-01,2.44,0.26,11.93,84000000,0,紅增,否,,1.97,2.12,1.46,,-13.1278,23.4575,26.5571
709005,德微國票5C購02,2026-10-01,1.18,0.22,22.92,143000000,0,紅增,是,,1.03,0.85,0.77,,51.7751,29.5282,14.0015
709006,大中台新5B購01,2026-10-01,1.14,0.13,12.87,177000000,0,紅增,是,,1.03,1.03,1.26,,-1.3462,-15.6735,-13.4201
709008,立敦台新5B購03,2026-10-01,0.46,0.19,70.37,11000000,0,,否,,0.54,1.23,2.97,,-71.4885,-59.242,
709009,佳邦台新5B購01,2026-10-01,0.35,0.05,16.67,1000000,0,紅增,否,,0.36,0.43,0.52,,-28.5141,-19.434,-25.1804
709010,博大台新5B購01,2026-10-01,0.78,0.23,41.82,570000000,0,綠縮,是,,0.58,0.62,0.76,,-12.9518,-14.3448,-31.2102
709011,立敦凱基5B購01,2026-10-01,0.1,0.02,25.0,160000000,0,綠縮,是,,0.09,0.22,0.8,,-74.1573,-66.6667,-40.5566
709012,安葆凱基5C購02,2026-10-01,2.28,0.0,0.0,2000000,0,紅縮,否,,2.23,1.65,1.26,,107.6493,62.7838,64.2393
709014,朋程凱基5B購02,2026-10-01,0.15,0.01,7.14,5000000,0,綠縮,否,,0.19,0.27,0.64,,-48.6188,-33.8164,-35.1637
709019,臺慶科凱基63購01,2026-10-01,0.5,0.16,47.06,1000000,0,紅增,否,,0.4,0.41,0.52,,-4.717,-19.6117,-20.3704
709020,德微凱基5B購03,2026-10-01,0.47,0.13,38.24,818000000,0,紅增,是,,0.38,0.31,0.3,,69.9115,19.6078,-34.0757
709022,雙鴻凱基61購03,2026-10-01,2.5,-0.1,-3.85,10000000,0,紅縮,否,,2.76,2.42,1.78,,32.1839,39.7924,42.2
709023,中美晶群益5B購04,2026-10-01,4.32,0.47,12.21,2000000,0,綠轉紅,否,,3.2,3.13,3.09,,4.8429,-1.3552,-22.1928
709024,世界群益61購01,2026-10-01,0.77,0.07,10.0,71000000,0,紅增,是,,0.68,0.61,0.56,,26.3941,20.1183,-0.4429
709026,台半群益5B購03,2026-10-01,1.22,0.0,0.0,10000000,0,,是,,1.29,1.43,2.08,,-17.6845,-23.5326,
709031,華宏群益5B購01,2026-10-01,0.42,0.22,110.0,150000000,0,,是,,0.31,,,,,,
709032,新盛力群益61購01,2026-10-01,2.28,-0.21,-8.43,567000000,0,紅增,是,,2.29,2.21,2.52,,6.9224,-5.3487,3.0272
709034,台半元大5B購04,2026-10-01,2.15,0.09,4.37,125000000,0,紅增,是,,2.12,2.11,2.14,,0.8571,0.8608,-0.7887
709035,正淩元大5B購02,2026-10-01,0.15,-0.07,-31.82,20000000,0,,是,,0.17,0.27,0.44,,-56.5445,-46.169,
709036,金益鼎元大5B購01,2026-10-01,0.03,-0.03,-50.0,20000000,0,綠增,否,,0.07,0.11,0.16,,-52.0,-37.9888,-21.8978
709037,威剛元大5B購14,2026-10-01,3.16,-0.01,-0.32,32000000,0,綠增,否,,3.52,3.87,4.5,,-16.4533,-15.5725,-9.2981
709039,順達元大5B購07,2026-10-01,7.75,-0.8,-9.36,15000000,0,紅縮,否,,7.85,7.74,8.27,,2.8834,-2.7638,-2.5044
709040,雷科元大5B購05,2026-10-01,4.06,0.79,24.16,10000000,0,,是,,2.89,2.5,,,37.5475,12.5676,
709041,德微元大5B購03,2026-10-01,0.96,0.21,28.0,636000000,0,紅增,是,,0.8,0.65,0.67,,60.4,20.3327,-38.5107
709046,威剛國泰5C購03,2026-10-01,1.35,0.1,8.0,1000000,0,紅增,否,,1.23,1.11,1.17,,23.9919,6.6219,-5.9274
709049,台半富邦62購02,2026-10-01,0.77,0.05,6.94,94000000,0,紅增,否,,0.74,0.71,0.71,,9.1176,-0.2805,6.7315
709052,擎亞富邦5C購01,2026-10-01,0.15,-0.02,-11.76,21000000,0,紅增,否,,0.15,0.17,0.32,,-17.2043,-42.3729,-43.8918
709056,立敦統一65購04,2026-10-01,0.44,0.08,22.22,2000000,0,,否,,0.75,0.96,,,-35.5556,-14.4128,
709060,欣銓統一65購04,2026-10-01,0.62,-0.02,-3.12,145000000,0,紅縮,否,,0.65,0.68,0.61,,-8.4507,12.0264,-0.978
709065,德微統一5B購01,2026-10-01,0.43,0.09,26.47,398000000,0,紅增,否,,0.38,0.31,0.3,,63.2479,32.7586,-34.0263
709066,德微統一65購01,2026-10-01,0.61,0.12,24.49,431000000,0,綠轉紅,是,,0.55,0.48,0.66,,37.1287,-2.444,-0.2274
709067,德微統一65購02,2026-10-01,0.6,0.04,7.14,21000000,0,,否,,0.53,0.48,0.61,,24.7664,1.2632,
709071,立敦永豐61購01,2026-10-01,0.48,0.13,37.14,5000000,0,綠縮,否,,0.43,0.53,0.83,,-30.3226,-26.1236,-32.4479
709072,佳邦永豐63購01,2026-10-01,0.6,0.09,17.65,10000000,0,紅增,否,,0.56,0.62,0.69,,-17.4556,-12.6062,-15.0371
709073,威剛永豐5B購02,2026-10-01,0.35,-0.02,-5.41,50000000,0,綠增,否,,0.46,0.55,0.59,,-27.8997,-15.6682,-11.463
709075,原相永豐5C購01,2026-10-01,0.29,-0.01,-3.33,90000000,0,綠縮,是,,0.33,0.44,0.57,,-40.293,-32.8197,-21.5321
709076,德微永豐5C購01,2026-10-01,0.72,0.05,7.46,42000000,0,紅增,否,,0.65,0.57,0.69,,36.25,11.6142,-34.7826
709078,元債20國票5B購02,2026-10-01,0.43,-0.05,-10.42,36000000,0,,否,,1.24,,,,,,
709079,台半國票61購01,2026-10-01,0.68,0.04,6.25,73000000,0,紅增,是,,0.65,0.63,0.64,,7.5908,0.319,5.9553
709080,佳邦國票5C購02,2026-10-01,0.17,0.01,6.25,5000000,0,,否,,0.34,0.49,0.87,,-46.25,-46.3468,
709082,博大國票5C購01,2026-10-01,0.45,0.11,32.35,5000000,0,綠縮,否,,0.36,0.37,0.42,,-6.2827,-12.9412,-15.5155
709083,晶宏國票5C購02,2026-10-01,1.01,0.01,1.0,100000000,0,綠縮,否,,1.02,1.22,1.34,,-27.8642,-24.5037,2.2036
709086,德微國票5C購03,2026-10-01,0.83,0.17,25.76,148000000,0,紅增,否,,0.72,0.59,0.53,,53.8462,31.4159,15.9215
709087,點序國票5B購01,2026-10-01,0.17,0.06,54.55,364000000,0,,是,,0.14,0.43,,,-81.044,,
709088,點序國票5C購01,2026-10-01,0.1,0.01,11.11,200000000,0,,否,,0.37,,,,,,
709089,世紀*元大5B購01,2026-10-01,5.5,0.4,7.84,2000000,0,綠縮,否,,4.64,5.5,6.75,,-27.0899,-27.7668,13.7719
709091,博智元大5B購02,2026-10-01,0.11,-0.06,-35.29,10000000,0,綠縮,否,,0.17,0.27,0.4,,-53.8462,-28.6863,-30.9483
709092,智通*元大5B購01,2026-10-01,0.43,-0.04,-8.51,10000000,0,綠增,否,,0.53,0.6,0.67,,-21.021,-14.2446,-27.2382
709094,群聯元大5B購15,2026-10-01,1.98,-0.31,-13.54,50000000,0,紅縮,否,,2.26,2.18,2.53,,7.2175,-5.7044,-11.6795
709098,尼克森國票5B購02,2026-10-01,0.18,0.0,0.0,222000000,0,綠縮,是,,0.19,0.29,0.68,,-51.0204,-48.951,-45.2285
709099,朋程國票5B購02,2026-10-01,0.46,0.03,6.98,4000000,0,綠縮,否,,0.41,0.56,0.79,,-42.3729,-26.1905,-36.1348
709100,晶宏國票5C購03,2026-10-01,0.71,0.02,2.9,31000000,0,綠縮,否,,0.71,0.86,0.97,,-29.0,-26.1658,4.0344
709101,華容國票5C購02,2026-10-01,2.27,0.44,24.04,36000000,0,綠增,是,,2.95,3.22,3.79,,-15.3846,-7.3466,-5.9861
709103,雷科國票5C購01,2026-10-01,2.1,-0.28,-11.76,1649000000,0,紅增,否,,1.81,1.42,1.24,,76.0234,33.8374,14.537
709104,臺慶科國票5C購03,2026-10-01,0.18,0.05,38.46,55000000,0,紅增,否,,0.15,0.17,0.24,,-21.0526,-32.5397,-21.7886
709105,廣穎國票5C購02,2026-10-01,0.9,-0.02,-2.17,10000000,0,紅轉綠,否,,1.23,1.49,1.49,,-29.4725,-3.5668,-12.4339
709107,擎亞國票5C購01,2026-10-01,0.15,-0.02,-11.76,1084000000,0,紅增,否,,0.16,0.18,0.34,,-17.5258,-40.8027,-36.5784
709109,中美晶凱基63購01,2026-10-01,1.82,0.0,0.0,143000000,0,紅增,否,,1.55,1.46,1.52,,12.828,8.7118,-20.2883
709110,均豪凱基5C購01,2026-10-01,0.26,0.02,8.33,100000000,0,,是,,0.24,0.28,,,-25.1572,-23.8356,
709116,群聯凱基5B購06,2026-10-01,0.2,-0.03,-13.04,105000000,0,綠縮,否,,0.28,0.38,0.53,,-40.2542,-20.9644,-30.5428
709118,雙鴻凱基5B購02,2026-10-01,2.1,-0.27,-11.39,130000000,0,,是,,2.44,2.15,1.61,,31.2903,56.2091,20.7675
709120,中美晶台新61購01,2026-10-01,3.9,0.46,13.37,34000000,0,綠縮,是,,3.11,3.44,3.72,,-17.2689,-22.3351,0.2156
709122,博盛台新5B購01,2026-10-01,0.47,0.07,17.5,30000000,0,綠縮,否,,0.45,0.43,0.51,,10.8911,-20.5224,-35.8312
709126,順達台新5B購04,2026-10-01,1.52,-0.28,-15.56,123000000,0,紅縮,是,,1.55,1.62,1.72,,-7.9572,-5.2169,-9.8872
709127,群聯台新5B購09,2026-10-01,0.44,-0.1,-18.52,215000000,0,紅縮,是,,0.53,0.51,0.66,,9.0535,-15.0502,-13.4465
709130,雷科台新5B購01,2026-10-01,3.66,-0.18,-4.69,3000000,0,紅增,是,,3.0,2.48,2.21,,53.0133,28.6753,16.1061
709131,雷科台新5B購02,2026-10-01,2.72,-0.61,-18.32,198000000,0,紅增,否,,2.33,1.79,1.56,,87.9227,37.1166,14.8339
709137,群聯富邦61購03,2026-10-01,0.42,-0.03,-6.67,40000000,0,紅縮,否,,0.44,0.42,0.44,,11.5578,-2.5463,1.2658
709139,安勤永豐5C購01,2026-10-01,0.6,-0.03,-4.76,11000000,0,綠縮,否,,0.62,0.61,0.73,,1.6502,-10.9329,-17.5141
709142,群聯永豐5C購05,2026-10-01,0.36,-0.02,-5.26,130000000,0,紅縮,是,,0.37,0.38,0.39,,-5.0761,-8.3532,-10.842
709147,中美晶統一66購01,2026-10-01,0.89,-0.02,-2.2,2007000000,0,紅增,是,,0.8,0.77,0.75,,8.1081,4.7619,0.5337
709149,沛亨統一63購01,2026-10-01,0.55,-0.01,-1.79,161000000,0,紅增,是,,0.52,0.44,0.41,,41.5301,43.5065,-19.17
709151,沛亨統一65購02,2026-10-01,0.44,-0.02,-4.35,25000000,0,紅縮,否,,0.44,0.48,0.41,,-13.6187,3.0108,12.0713
709152,佳邦統一63購01,2026-10-01,0.39,0.07,21.88,3000000,0,紅增,否,,0.35,0.38,0.41,,-13.3005,-11.2412,-14.2105
709153,佳邦統一65購01,2026-10-01,0.25,0.02,8.7,1000000,0,紅增,否,,0.23,0.26,0.3,,-16.4286,-8.8652,-26.2136
709156,茂達統一65購03,2026-10-01,0.41,0.03,7.89,5000000,0,綠縮,否,,0.41,0.44,0.48,,-10.7759,-12.7237,-13.4409
709158,茂綸統一65購02,2026-10-01,0.68,0.02,3.03,117000000,0,紅縮,否,,0.68,0.67,0.61,,2.4169,10.1974,2.5021
709159,茂綸統一65購03,2026-10-01,0.62,0.03,5.08,184000000,0,紅縮,是,,0.61,0.6,0.57,,1.6722,8.8448,5.0
709160,神準統一66購01,2026-10-01,0.55,0.03,5.77,113000000,0,綠轉紅,是,,0.52,0.53,0.56,,-3.6765,-4.4723,-6.9109
709162,博智統一65購01,2026-10-01,0.31,0.02,6.9,20000000,0,,是,,0.41,0.47,0.6,,-25.0923,-25.1185,
709166,群聯統一63購01,2026-10-01,0.33,-0.02,-5.71,10000000,0,紅縮,否,,0.35,0.33,0.35,,6.7901,0.0,-1.4104
709167,群聯統一63購02,2026-10-01,0.28,-0.02,-6.67,60000000,0,紅縮,否,,0.29,0.29,0.31,,3.5211,-1.7007,4.4369
709168,群聯統一65購01,2026-10-01,0.3,-0.01,-3.23,125000000,0,紅縮,否,,0.32,0.3,0.32,,11.1111,-2.5641,6.425
709170,群聯統一69購01,2026-10-01,0.95,-0.05,-5.0,325000000,0,紅縮,否,,0.99,0.96,0.96,,8.5153,1.2725,4.7878
709171,群聯統一69購02,2026-10-01,0.55,-0.05,-8.33,257000000,0,紅縮,否,,0.59,0.56,0.57,,8.9219,2.7422,-1.1226
709172,群聯統一6B購01,2026-10-01,1.04,-0.02,-1.89,10000000,0,紅縮,否,,1.08,1.03,1.03,,9.9796,1.5764,1.0742
709173,群聯統一75購01,2026-10-01,1.11,-0.04,-3.48,164000000,0,紅縮,否,,1.14,1.11,1.12,,6.7164,2.214,-0.0448
709174,聖暉*統一65購03,2026-10-01,0.54,0.05,10.2,88000000,0,綠縮,是,,0.46,0.46,0.66,,-2.1459,-19.4056,-19.3231
709178,臺慶科統一69購01,2026-10-01,0.53,0.02,3.92,20000000,0,,否,,0.59,0.64,0.85,,-16.2857,-25.0583,
709179,廣穎統一65購01,2026-10-01,0.61,-0.01,-1.61,49000000,0,綠轉紅,否,,0.61,0.63,0.71,,-7.0122,-9.5714,-2.0747
709180,廣穎統一69購01,2026-10-01,0.71,0.01,1.43,86000000,0,綠縮,是,,0.7,0.73,0.8,,-7.1429,-10.8802,-1.2315
709182,擎亞統一65購04,2026-10-01,0.24,-0.01,-4.0,65000000,0,紅增,否,,0.23,0.25,0.35,,-11.4504,-26.7062,-26.25
709184,鑫聯統一69購01,2026-10-01,0.33,0.02,6.45,25000000,0,,,,,,,,,,
709186,倚強群益5B購01,2026-10-01,2.25,-0.06,-2.6,70000000,0,,是,,1.88,1.35,,,131.2808,118.6992,
709190,華容群益5B購01,2026-10-01,4.36,1.11,34.15,3000000,0,,否,,5.91,8.43,7.27,,-46.0091,-10.9809,
709191,新盛力群益61購02,2026-10-01,1.88,-0.08,-4.08,815000000,0,紅增,否,,1.82,1.79,2.07,,3.0612,-6.7673,-8.1633
709192,群聯群益5B購07,2026-10-01,0.64,-0.09,-12.33,144000000,0,紅縮,是,,0.75,0.73,0.91,,6.5156,-14.1343,-6.0622
709196,寶雅群益5B購01,2026-10-01,1.33,-0.13,-8.9,158000000,0,綠縮,是,,1.57,1.85,2.62,,-26.6604,-22.7917,-7.1707
709197,鑫科群益5B購02,2026-10-01,0.07,-0.03,-30.0,499000000,0,,是,,0.22,0.54,,,-74.5958,,
709200,富喬永豐61購02,2026-10-01,0.84,-0.03,-3.45,328000000,0,綠增,是,,0.89,0.91,0.94,,-5.5437,-8.982,14.3815
709201,富喬永豐66購01,2026-10-01,1.11,0.02,1.83,179000000,0,綠增,是,,1.15,1.19,1.06,,-6.5041,-0.2515,14.8248
709202,富喬永豐68購01,2026-10-01,1.05,-0.01,-0.94,171000000,0,綠增,否,,1.06,1.09,1.1,,-4.6595,-6.1154,9.7416
709203,順達永豐64購01,2026-10-01,0.88,-0.05,-5.38,90000000,0,紅增,否,,0.86,0.86,0.87,,0.9346,-4.1249,-10.1233
709204,順達永豐67購01,2026-10-01,0.97,-0.05,-4.9,120000000,0,綠縮,是,,0.98,0.93,1.1,,12.5858,-5.0102,-7.6278
709205,鈊象永豐63購01,2026-10-01,1.36,0.17,14.29,48000000,0,紅增,否,,1.14,1.0,1.01,,32.4826,13.9932,-5.808
709206,新盛力永豐5C購02,2026-10-01,0.68,-0.04,-5.56,429000000,0,紅增,是,,0.67,0.64,0.78,,7.7419,-10.3064,0.5155
709208,沛亨凱基5B購03,2026-10-01,0.16,-0.05,-23.81,654000000,0,紅縮,是,,0.19,0.21,0.19,,-19.4915,-6.5789,6.5934
709212,富喬凱基61購03,2026-10-01,0.87,0.03,3.57,183000000,0,綠縮,是,,0.87,0.92,0.95,,-9.9174,-10.2439,8.2386
709213,勤凱凱基5B購02,2026-10-01,0.15,0.07,87.5,1000000,0,綠縮,否,,0.16,0.18,0.45,,-22.3301,-53.7879,-39.6772
709215,勤凱凱基5B購04,2026-10-01,0.29,0.05,20.83,10000000,0,綠轉紅,否,,0.32,0.36,0.58,,-20.603,-25.7796,-27.044
709219,中光電台新5B購02,2026-10-01,0.13,-0.05,-27.78,4000000,0,綠縮,否,,0.43,1.24,2.37,,-79.0448,-51.2569,-18.1253
709220,台星科台新5B購01,2026-10-01,0.52,-0.09,-14.75,2000000,0,綠縮,是,,0.51,0.62,0.72,,-29.4766,-14.5028,-25.2577
709222,立碁台新62購01,2026-10-01,1.43,-0.02,-1.38,14000000,0,,否,,1.41,1.33,1.24,,12.1019,0.4525,
709226,順達台新5B購05,2026-10-01,1.96,-0.27,-12.11,66000000,0,紅增,是,,1.98,2.12,2.03,,-12.234,0.4267,-9.8183
709235,良維國泰5C購02,2026-10-01,1.04,-0.06,-5.45,354000000,0,紅增,是,,1.09,1.07,1.14,,2.8355,10.3909,-23.2378
709236,富喬國泰5C購01,2026-10-01,1.61,-0.08,-4.73,4000000,0,紅縮,否,,1.87,1.46,1.34,,77.0398,48.2234,7.8873
709237,順達國泰5C購01,2026-10-01,0.71,-0.11,-13.41,113000000,0,紅縮,是,,0.72,0.69,0.72,,8.1571,-3.5014,-5.5958
709238,群聯國泰5C購01,2026-10-01,0.48,-0.06,-11.11,10000000,0,紅縮,否,,0.54,0.53,0.61,,2.682,-12.272,2.7754
709241,富喬富邦5B購02,2026-10-01,0.47,0.0,0.0,303000000,0,綠增,否,,0.49,0.52,0.57,,-12.8571,-15.0729,10.4288
709243,均豪元大5B購04,2026-10-01,2.25,-0.13,-5.46,30000000,0,綠縮,否,,2.19,2.63,3.07,,-28.5993,-19.8355,-19.7363
709244,欣銓元大5B購03,2026-10-01,0.8,-0.09,-10.11,182000000,0,綠增,是,,0.91,1.0,0.97,,-15.3989,-4.3269,1.5641
709245,威剛元大5B購15,2026-10-01,0.99,-0.01,-1.0,211000000,0,綠縮,否,,1.12,1.31,1.67,,-25.266,-23.7819,-13.3074
709246,原相元大5B購03,2026-10-01,0.21,-0.01,-4.55,10000000,0,綠縮,否,,0.23,0.29,0.52,,-32.7586,-47.2826,-20.6662
709248,富喬元大5B購03,2026-10-01,1.54,0.09,6.21,192000000,0,綠縮,是,,1.57,1.68,1.78,,-11.6854,-12.7538,11.4964
709249,富喬元大5B購04,2026-10-01,0.52,-0.03,-5.45,199000000,0,綠增,是,,0.56,0.63,0.71,,-18.9655,-18.0754,9.6348
709250,富喬元大5B購05,2026-10-01,0.68,0.04,6.25,276000000,0,綠縮,是,,0.68,0.74,0.8,,-14.3939,-14.7332,1.9745
709252,新盛力元大5B購06,2026-10-01,1.15,-0.25,-17.86,72000000,0,紅增,否,,1.19,1.14,1.32,,9.7606,-21.3398,-17.6599
709253,新盛力元大5B購07,2026-10-01,1.43,-0.15,-9.49,127000000,0,紅增,否,,1.45,1.48,1.61,,-2.9372,-16.184,-1.6188
709254,群聯元大5B購17,2026-10-01,2.12,-0.18,-7.83,13000000,0,紅縮,否,,2.35,2.29,2.63,,5.6604,-7.1776,-10.4422
709258,中美晶群益5B購05,2026-10-01,9.65,2.55,35.92,2000000,0,綠轉紅,否,,6.85,6.45,7.26,,13.3731,6.2644,-20.8436
709259,均豪群益5B購05,2026-10-01,0.65,0.03,4.84,82000000,0,綠轉紅,否,,0.55,0.56,0.74,,-1.4235,-24.8991,-11.6418
709262,新盛力群益63購01,2026-10-01,1.19,-0.07,-5.56,402000000,0,紅增,否,,1.18,1.15,1.32,,5.9353,-5.6059,-3.3297
709265,擎亞群益5B購03,2026-10-01,0.15,-0.02,-11.76,20000000,0,,是,,0.3,0.43,,,-45.2899,-69.1474,
709267,方土昶永豐5C購01,2026-10-01,0.25,0.01,4.17,190000000,0,綠縮,否,,0.27,0.37,0.54,,-43.1624,-37.7966,-5.7391
709269,精確永豐5B購01,2026-10-01,0.2,-0.01,-4.76,474000000,0,紅增,是,,0.18,0.16,0.24,,24.6575,-18.8119,-32.3319
709271,中美晶凱基5B購05,2026-10-01,0.99,0.1,11.24,142000000,0,紅增,否,,0.75,0.71,0.74,,12.3123,3.5139,-4.047
709273,立碁凱基5B購02,2026-10-01,0.44,-0.03,-6.38,188000000,0,綠增,否,,0.43,0.42,0.44,,0.9479,0.2364,7.8818
709275,沛亨凱基5C購01,2026-10-01,0.36,-0.04,-10.0,565000000,0,紅縮,是,,0.37,0.4,0.35,,-11.7925,1.5267,13.5922
709277,華容凱基5B購01,2026-10-01,1.95,0.54,38.3,86000000,0,綠縮,否,,1.58,1.82,2.21,,-23.0019,-20.6294,-13.7568
709278,華容凱基5C購01,2026-10-01,1.75,0.42,31.58,442000000,0,綠縮,是,,1.61,2.36,3.44,,-48.1696,-37.2611,-4.7685
709281,大中台新5B購02,2026-10-01,0.65,0.07,12.07,330000000,0,綠縮,是,,0.6,0.66,1.62,,-15.6425,-33.2659,-26.8997
709282,立碁台新5B購01,2026-10-01,1.35,0.02,1.5,94000000,0,,否,,1.23,1.18,1.13,,8.4956,6.6063,9.1921
709283,立碁台新5B購02,2026-10-01,1.03,-0.09,-8.04,22000000,0,,否,,1.07,1.03,1.02,,8.0483,-6.9307,
709285,艾訊台新5B購04,2026-10-01,0.37,-0.08,-17.78,100000000,0,綠縮,否,,0.4,0.58,0.85,,-48.4375,-36.1842,-23.7054
709287,南俊台新5B購01,2026-10-01,0.2,0.01,5.26,66000000,0,綠縮,否,,0.22,0.3,0.51,,-42.5532,-45.488,-5.8878
709288,南俊台新5B購02,2026-10-01,0.14,-0.01,-6.67,25000000,0,綠縮,否,,0.19,0.29,0.46,,-50.2618,-49.1103,-1.3786
709290,勤凱台新5B購04,2026-10-01,0.14,0.04,40.0,35000000,0,,是,,0.19,0.29,,,-50.7692,-61.1482,
709291,臺慶科台新5B購06,2026-10-01,0.32,0.04,14.29,32000000,0,紅增,否,,0.31,0.32,0.44,,-7.7381,-22.9117,-21.0151
709292,臺慶科台新5B購07,2026-10-01,0.28,0.04,16.67,212000000,0,紅增,是,,0.29,0.37,0.57,,-33.4842,-33.8129,-21.0125
709293,群聯兆豐65購03,2026-10-01,0.51,-0.06,-10.53,187000000,0,紅縮,否,,0.56,0.53,0.54,,10.7143,1.7241,2.5592
709295,方土昶元大5B購01,2026-10-01,0.4,0.04,11.11,50000000,0,綠縮,否,,0.46,0.71,0.86,,-51.2605,-27.6074,-25.7328
709296,世界元大5B購04,2026-10-01,0.95,0.12,14.46,5000000,0,紅增,否,,0.95,0.93,0.93,,5.0998,6.8129,-1.6851
709297,台半元大5B購05,2026-10-01,0.81,0.03,3.85,93000000,0,綠縮,否,,0.8,0.8,0.9,,-0.7481,-8.9977,-3.5983
709298,倚強元大5B購01,2026-10-01,2.16,0.01,0.47,1347000000,0,紅增,是,,1.82,1.27,0.94,,155.4622,71.2551,43.3716
709300,群聯元大61購07,2026-10-01,0.5,-0.02,-3.85,32000000,0,紅縮,否,,0.54,0.51,0.53,,14.4068,0.3968,2.6112
709301,聖暉*元大5B購05,2026-10-01,0.48,0.08,20.0,492000000,0,紅增,是,,0.41,0.41,0.51,,-1.4423,-8.6283,-43.3481
709302,臺慶科元大5B購02,2026-10-01,0.13,0.02,18.18,36000000,0,紅增,否,,0.15,0.2,0.31,,-43.8462,-41.3295,-34.5416
709307,中美晶群益5B購06,2026-10-01,2.35,0.06,2.62,627000000,0,紅增,否,,1.78,1.7,1.72,,10.2596,4.3558,-3.6892
709308,世界群益5C購02,2026-10-01,0.7,0.08,12.9,32000000,0,紅增,否,,0.62,0.53,0.53,,43.7788,23.0233,-3.2228
709309,南俊群益5B購01,2026-10-01,0.17,0.08,88.89,18000000,0,綠轉紅,否,,0.12,0.14,0.27,,-22.3684,-50.0,-14.2628
709311,富喬群益5B購03,2026-10-01,0.87,-0.03,-3.33,128000000,0,綠增,否,,0.93,1.05,1.17,,-19.7595,-17.8543,8.202
709314,雙鴻群益5B購10,2026-10-01,1.78,-0.21,-10.55,5000000,0,紅縮,否,,2.35,1.96,1.47,,50.0639,29.5831,38.4868
709315,沛亨永豐65購01,2026-10-01,0.46,-0.01,-2.13,60000000,0,,是,,0.49,0.45,0.44,,16.6667,18.1818,-16.525
709323,沛亨元大5B購05,2026-10-01,0.33,-0.02,-5.71,296000000,0,,否,,0.38,0.44,0.85,,-22.9839,-49.424,
709326,朋程元大5B購01,2026-10-01,0.09,-0.01,-10.0,5000000,0,綠縮,否,,0.11,0.15,0.25,,-35.9551,-29.4686,-40.0238
709328,富喬元大61購03,2026-10-01,1.12,-0.03,-2.61,129000000,0,綠增,否,,1.16,1.2,1.23,,-6.4309,-7.3133,12.3918
709329,群聯元大61購08,2026-10-01,0.47,-0.04,-7.84,496000000,0,綠縮,否,,0.48,0.53,0.63,,-17.8082,-9.6774,-18.6375
709333,大中群益5B購01,2026-10-01,1.0,-0.29,-22.48,11000000,0,紅縮,是,,1.09,1.02,0.82,,15.1899,47.3988,-16.0943
709335,均豪群益5B購06,2026-10-01,0.24,0.0,0.0,2000000,0,,否,,0.3,0.45,0.69,,-51.4754,-36.1972,
709341,長科*群益5B購01,2026-10-01,0.99,0.01,1.02,380000000,0,紅增,否,,1.02,1.14,1.34,,-18.08,-15.1493,-29.4241
709344,漢科群益5B購01,2026-10-01,0.21,-0.01,-4.55,20000000,0,綠縮,否,,0.21,0.28,0.57,,-41.2429,-50.3534,-27.6299
709346,台半凱基5B購03,2026-10-01,0.17,0.03,21.43,854000000,0,紅增,否,,0.16,0.17,0.21,,-9.1954,-22.4299,-28.4734
709351,聖暉*凱基5B購05,2026-10-01,0.14,0.04,40.0,50000000,0,綠縮,否,,0.21,0.35,0.9,,-55.9671,-60.1367,-35.4421
709355,台半台新5B購05,2026-10-01,0.36,0.02,5.88,20000000,0,紅增,否,,0.36,0.37,0.42,,-6.25,-13.0841,-13.8178
709357,博盛台新5B購02,2026-10-01,0.44,0.1,29.41,60000000,0,紅增,否,,0.41,0.38,0.41,,14.6893,-4.5226,-0.9709
709366,富喬凱基62購01,2026-10-01,0.81,-0.04,-4.71,33000000,0,綠增,否,,0.86,0.94,0.86,,-16.537,-6.6337,16.0269
709367,萊德光凱基5B購01,2026-10-01,0.1,-0.08,-44.44,397000000,0,紅縮,否,,0.16,0.17,0.15,,-10.1124,22.4638,-9.3567
709368,萊德光凱基5B購02,2026-10-01,0.22,-0.1,-31.25,468000000,0,紅縮,否,,0.32,0.34,0.25,,-10.6742,19.9288,18.4652
709369,順達凱基5B購05,2026-10-01,0.08,-0.02,-20.0,20000000,0,綠縮,否,,0.08,0.09,0.18,,-19.2308,-45.6647,-37.7133
709382,廣穎台新5B購02,2026-10-01,0.51,0.01,2.0,240000000,0,綠縮,是,,0.54,0.81,1.03,,-50.0,-35.782,-13.7222
709383,點序台新5B購01,2026-10-01,0.25,0.1,66.67,112000000,0,,是,,0.28,0.47,,,-57.3574,,
709384,點序台新62購01,2026-10-01,0.7,0.31,79.49,23000000,0,,是,,0.4,0.5,,,-33.3333,-43.9462,
709387,順達元大5B購08,2026-10-01,0.28,-0.04,-12.5,11000000,0,,是,,0.31,0.45,0.81,,-48.6667,-48.2916,
709388,順達元大62購01,2026-10-01,0.73,0.0,0.0,244000000,0,綠縮,是,,0.71,0.74,0.79,,-8.7404,-3.7516,-1.9925
709390,群聯元大63購04,2026-10-01,0.4,-0.03,-6.98,302000000,0,紅縮,是,,0.43,0.4,0.43,,12.6984,-0.9852,5.4811
709392,佳邦富邦5B購01,2026-10-01,0.04,0.0,0.0,41000000,0,綠縮,否,,0.06,0.08,0.18,,-38.4615,-43.6242,-31.793
709398,威聯通國泰5C購01,2026-10-01,0.33,-0.02,-5.71,185000000,0,綠縮,是,,0.38,0.44,0.59,,-24.5059,-27.8049,-10.5344
709404,勤凱永豐5C購04,2026-10-01,0.33,0.23,230.0,502000000,0,,是,,0.16,0.17,0.34,,-8.046,-39.0511,
709408,中美晶元大5C購03,2026-10-01,1.73,0.24,16.11,34000000,0,綠轉紅,是,,1.45,1.39,1.5,,7.7496,-1.6925,-1.964
709409,世界元大5C購02,2026-10-01,1.53,0.19,14.18,125000000,0,紅增,是,,1.35,1.25,1.19,,16.9844,14.4424,2.1954
709413,富喬元大5C購03,2026-10-01,0.8,0.0,0.0,188000000,0,綠增,否,,0.84,0.88,0.93,,-8.2789,-10.6599,11.9134
709416,群聯元大5C購03,2026-10-01,1.32,-0.13,-8.97,83000000,0,紅縮,否,,1.48,1.49,1.77,,-0.9346,-9.1408,-13.0999
709418,中美晶永豐64購01,2026-10-01,1.06,0.02,1.92,430000000,0,紅增,是,,0.91,0.87,0.85,,9.0909,6.5854,-0.5245
709421,華容永豐64購01,2026-10-01,3.37,0.42,14.24,35000000,0,,是,,3.03,3.55,4.02,,-25.6876,-21.1333,6.4379
709422,臺慶科永豐66購01,2026-10-01,0.33,0.03,10.0,10000000,0,紅增,否,,0.3,0.34,0.37,,-20.8333,-11.1111,-14.2857
709434,群聯凱基66購01,2026-10-01,0.4,-0.01,-2.44,110000000,0,紅縮,否,,0.42,0.41,0.43,,5.4726,-1.6667,2.521
709435,廣穎凱基5C購01,2026-10-01,0.14,-0.01,-6.67,10000000,0,綠縮,否,,0.18,0.35,0.48,,-66.1538,-30.6773,-28.582
709440,華容台新5C購02,2026-10-01,3.11,0.8,34.63,42000000,0,,是,,2.82,4.75,4.4,,-57.7246,-20.7604,
709441,鈊象台新5C購01,2026-10-01,1.03,0.09,9.57,39000000,0,綠縮,否,,0.79,0.82,1.26,,-7.5294,-33.4959,-21.4687
709445,立敦群益5C購01,2026-10-01,0.04,0.0,0.0,10000000,0,紅增,否,,0.04,0.05,0.07,,-35.7143,-26.9841,-33.4928
709449,聖暉*國泰61購01,2026-10-01,0.46,0.05,12.2,2000000,0,綠轉紅,否,,0.4,0.4,0.68,,-2.9268,-30.1038,-30.1906
709452,台半富邦64購01,2026-10-01,0.31,0.02,6.9,1054000000,0,紅增,是,,0.3,0.3,0.3,,2.027,0.6734,-0.9836
709453,台半富邦66購01,2026-10-01,0.36,0.01,2.86,111000000,0,紅增,是,,0.35,0.34,0.34,,4.1667,-1.7192,2.0741
709456,長科*富邦63購01,2026-10-01,0.74,-0.05,-6.33,80000000,0,紅縮,否,,0.78,0.81,0.85,,-8.0378,-8.1448,-6.7213
709458,富喬富邦66購01,2026-10-01,0.84,-0.03,-3.45,45000000,0,綠增,否,,0.87,0.9,0.9,,-5.819,-5.6545,11.2477
709461,閎康富邦66購01,2026-10-01,0.3,0.0,0.0,10000000,0,,否,,0.38,0.43,,,-22.9508,-24.6073,
709462,鈊象富邦66購01,2026-10-01,1.06,0.05,4.95,116000000,0,紅增,否,,0.96,0.87,0.86,,22.1939,10.1138,-4.5125
709465,台半國票61購02,2026-10-01,0.21,0.01,5.0,1000000,0,紅增,否,,0.21,0.21,0.22,,-4.5872,-0.9302,-24.9573
709467,佳邦國票61購01,2026-10-01,0.06,0.02,50.0,500000000,0,,是,,0.1,0.22,0.32,,-70.0599,-40.3846,
709468,佳邦國票61購02,2026-10-01,0.05,0.01,25.0,10000000,0,綠縮,是,,0.06,0.07,0.13,,-21.0526,-37.037,-34.901
709469,萊德光國票61購01,2026-10-01,0.2,-0.08,-28.57,432000000,0,紅縮,否,,0.27,0.28,0.22,,-3.5461,9.9206,19.1489
709471,中美晶群益62購02,2026-10-01,0.87,0.04,4.82,455000000,0,紅增,是,,0.72,0.68,0.66,,12.8527,7.9491,-5.9033
709474,茂綸群益62購01,2026-10-01,1.35,0.05,3.85,10000000,0,紅縮,否,,1.34,1.35,1.18,,-1.6176,15.2007,3.2723
709476,創惟群益5C購01,2026-10-01,0.14,0.02,16.67,5000000,0,,是,,0.4,0.66,1.01,,-56.3043,-39.3578,
709478,鈊象國泰61購01,2026-10-01,1.42,0.18,14.52,83000000,0,紅增,否,,1.09,0.97,1.2,,28.673,0.5208,-7.6745
709481,欣銓永豐64購01,2026-10-01,0.85,-0.02,-2.3,34000000,0,紅縮,否,,0.89,0.93,0.84,,-8.8296,5.436,4.4017
709482,達航永豐61購01,2026-10-01,0.28,-0.06,-17.65,50000000,0,紅增,否,,0.27,0.29,0.27,,-12.5,-3.7162,-10.7667
709483,達航永豐64購01,2026-10-01,0.45,0.0,0.0,11000000,0,紅增,否,,0.47,0.47,0.51,,-1.6736,3.0435,-17.0455
709487,漢科富邦66購01,2026-10-01,0.56,-0.01,-1.75,1192000000,0,紅增,是,,0.53,0.51,0.51,,8.1633,4.0816,-6.5693
709491,中美晶凱基5C購02,2026-10-01,0.61,0.01,1.67,1964000000,0,紅增,否,,0.44,0.4,0.42,,19.6721,8.3558,-19.5005
709494,朋程凱基61購01,2026-10-01,0.09,0.0,0.0,10000000,0,綠轉紅,否,,0.09,0.12,0.17,,-36.6197,-32.5581,-42.1849
709495,能率亞凱基5C購01,2026-10-01,0.24,0.0,0.0,21000000,0,綠縮,否,,0.25,0.32,0.45,,-36.0406,-26.9231,-19.7509
709498,群聯凱基5C購02,2026-10-01,0.08,0.0,0.0,15000000,0,紅縮,否,,0.09,0.09,0.12,,2.1739,-16.2162,-13.1206
709500,中美晶台新63購01,2026-10-01,1.66,0.07,4.4,119000000,0,綠縮,是,,1.41,1.26,1.95,,27.1583,-21.2594,-6.3401
709501,立敦台新5C購01,2026-10-01,0.11,0.04,57.14,60000000,0,紅增,是,,0.08,0.11,0.29,,-42.4658,-49.7817,-50.3472
709502,宏觀台新5C購01,2026-10-01,0.15,-0.01,-6.25,1000000,0,,否,,0.16,0.17,,,-8.8889,-50.7163,
709512,富喬元大61購04,2026-10-01,0.77,0.01,1.32,542000000,0,綠增,是,,0.78,0.83,0.81,,-11.1872,-10.7875,6.8152
709515,順達元大64購05,2026-10-01,1.13,0.01,0.89,120000000,0,紅增,否,,1.11,1.1,1.07,,2.214,0.2745,-4.9536
709517,臺慶科元大5C購01,2026-10-01,0.05,0.01,25.0,10000000,0,綠縮,否,,0.1,0.18,0.43,,-61.1111,-43.9103,-37.3265
709518,中美晶富邦62購01,2026-10-01,0.86,-0.02,-2.27,576000000,0,紅增,否,,0.72,0.67,0.66,,14.377,8.752,-13.4387
709521,台半凱基61購02,2026-10-01,0.26,0.01,4.0,35000000,0,紅增,是,,0.26,0.28,0.29,,-15.7895,-6.9767,-32.5856
709526,長科*凱基5C購01,2026-10-01,0.12,-0.01,-7.69,80000000,0,紅縮,否,,0.15,0.16,0.22,,-14.6067,-24.6575,-19.403
709527,宸曜凱基5C購01,2026-10-01,0.48,-0.09,-15.79,5000000,0,紅增,否,,0.47,0.43,0.48,,18.1818,-4.0,3.537
709529,群聯凱基5C購03,2026-10-01,0.08,-0.01,-11.11,100000000,0,紅縮,否,,0.09,0.09,0.12,,4.4444,-15.5963,-15.6028
709530,大綜台新5C購01,2026-10-01,2.07,0.56,37.09,951000000,0,紅增,是,,1.57,1.48,1.39,,13.2756,12.481,-3.8181
709531,系統電台新5C購01,2026-10-01,0.18,-0.03,-14.29,50000000,0,,是,,0.63,0.89,,,-45.1389,,
709532,萊德光台新5C購01,2026-10-01,0.24,-0.15,-38.46,916000000,0,紅縮,否,,0.37,0.37,0.27,,1.0929,24.7458,22.2727
709535,安葆永豐63購01,2026-10-01,2.22,0.02,0.91,10000000,0,,否,,2.2,1.81,1.34,,54.993,41.5301,
709539,中美晶元大5C購04,2026-10-01,0.93,0.11,13.41,405000000,0,綠轉紅,否,,0.74,0.72,0.78,,4.8433,-2.0436,-28.8858
709540,世界元大5C購03,2026-10-01,1.0,0.14,16.28,180000000,0,綠轉紅,是,,0.88,0.79,1.0,,24.7159,1.1509,-18.8465
709541,世界元大64購05,2026-10-01,0.8,0.05,6.67,253000000,0,紅增,否,,0.73,0.7,0.71,,7.6696,11.746,-14.3885
709544,台半元大66購02,2026-10-01,1.13,0.03,2.73,282000000,0,,是,,1.09,1.12,1.33,,-5.0611,-6.6834,
709545,良維元大5C購03,2026-10-01,0.13,0.06,85.71,21000000,0,綠轉紅,否,,0.09,0.1,0.18,,-21.0526,-23.8806,-31.9471
709546,欣銓元大5C購01,2026-10-01,0.5,0.0,0.0,449000000,0,綠增,否,,0.52,0.57,0.56,,-14.1447,-2.7539,0.6256
709550,富喬元大61購05,2026-10-01,0.62,-0.03,-4.62,420000000,0,綠增,是,,0.66,0.71,0.75,,-12.4011,-11.0138,11.7603
709551,順達元大5C購04,2026-10-01,0.28,-0.05,-15.15,696000000,0,綠縮,是,,0.3,0.39,0.58,,-37.8151,-33.677,-16.9286
709556,世界群益5C購03,2026-10-01,0.54,0.06,12.5,188000000,0,紅增,否,,0.46,0.49,0.64,,-9.4118,-10.1664,-27.6584
709559,系微群益5C購01,2026-10-01,0.08,-0.04,-33.33,200000000,0,,是,,0.34,0.67,,,-66.2651,,
709560,長科*群益61購01,2026-10-01,0.43,-0.07,-14.0,5000000,0,紅縮,否,,0.5,0.59,0.65,,-26.8437,-10.7903,-25.4577
709561,南俊群益5C購01,2026-10-01,0.23,0.0,0.0,10000000,0,綠縮,否,,0.24,0.23,0.38,,7.0796,-37.2654,-9.1566
709562,富喬群益5C購02,2026-10-01,1.23,-0.1,-7.52,153000000,0,綠增,否,,1.38,1.52,1.71,,-16.9675,-18.576,14.0087
709564,臺慶科群益5C購01,2026-10-01,0.09,0.02,28.57,50000000,0,紅縮,否,,0.17,0.23,0.3,,-40.9722,-19.6491,-39.1795
709566,雙鴻群益5C購02,2026-10-01,1.91,0.0,0.0,1481000000,0,紅縮,是,,2.32,1.87,1.43,,63.5593,29.2244,35.2886
709567,方土昶凱基5C購02,2026-10-01,0.1,0.01,11.11,10000000,0,綠增,否,,0.16,0.26,0.29,,-56.1798,-26.0116,-18.2961
709568,威剛凱基61購01,2026-10-01,0.15,0.0,0.0,184000000,0,綠縮,否,,0.15,0.16,0.21,,-14.6067,-19.5122,-16.2427
709569,雅特力凱基5C購01,2026-10-01,2.05,0.46,28.93,11000000,0,綠縮,否,,1.87,1.81,2.06,,6.7429,-18.6601,9.4821
709572,雙鴻凱基5C購08,2026-10-01,1.09,-0.16,-12.8,20000000,0,,是,,1.34,0.96,,,131.4879,50.1567,
709579,中美晶元大5C購05,2026-10-01,2.23,0.26,13.2,40000000,0,紅增,否,,1.95,1.87,1.85,,8.7151,3.8932,-4.4456
709580,世界元大5C購04,2026-10-01,1.27,0.1,8.55,315000000,0,紅增,是,,1.16,1.05,0.99,,24.4635,17.3962,1.848
709581,世界元大64購06,2026-10-01,0.82,0.01,1.23,13000000,0,紅增,否,,0.79,0.71,0.68,,23.511,11.5806,4.8239
709583,台半元大66購03,2026-10-01,1.33,0.07,5.56,372000000,0,綠轉紅,是,,1.28,1.27,1.27,,2.72,-0.9382,3.423
709585,威剛元大5C購01,2026-10-01,0.14,-0.01,-6.67,20000000,0,,否,,0.21,0.28,0.38,,-38.0117,-27.1053,
709586,富喬元大64購01,2026-10-01,0.85,-0.03,-3.41,482000000,0,綠增,否,,0.88,0.91,0.93,,-6.383,-6.5708,12.2498
709587,順達元大5C購05,2026-10-01,1.01,-0.11,-9.82,81000000,0,紅增,否,,1.03,1.11,1.18,,-14.4759,-5.2676,-8.6739
709588,群聯元大61購11,2026-10-01,0.2,-0.02,-9.09,50000000,0,紅縮,否,,0.24,0.25,0.27,,-10.6061,-17.7632,-6.655
709595,富喬國票5C購03,2026-10-01,1.01,-0.04,-3.81,3000000,0,綠增,否,,1.16,1.28,1.13,,-17.6638,-1.7652,17.9151
709596,群聯國票61購04,2026-10-01,0.29,-0.02,-6.45,400000000,0,紅縮,是,,0.34,0.37,0.39,,-13.2653,-9.1811,-20.7661
709597,精確國票61購01,2026-10-01,0.49,0.04,8.89,70000000,0,紅增,否,,0.4,0.36,0.36,,26.25,9.697,-19.6885
709600,中美晶元大5C購06,2026-10-01,2.05,0.46,28.93,33000000,0,綠轉紅,否,,1.53,1.46,1.73,,9.4692,3.0346,-22.711
709601,世界元大5C購05,2026-10-01,1.23,0.11,9.82,280000000,0,紅增,是,,1.08,1.02,0.97,,14.346,13.0145,2.8102
709602,世界元大64購07,2026-10-01,1.33,0.04,3.1,229000000,0,紅增,否,,1.26,1.18,1.12,,12.9496,12.5475,5.4322
709603,世界元大66購02,2026-10-01,0.87,0.05,6.1,65000000,0,紅增,否,,0.8,0.74,0.7,,18.2353,14.1538,6.2452
709609,群聯元大61購12,2026-10-01,0.29,-0.02,-6.45,39000000,0,紅縮,否,,0.32,0.32,0.34,,-2.439,-7.9545,-1.6105
709611,磐亞元大5C購01,2026-10-01,2.53,0.17,7.2,1000000,0,綠縮,否,,2.46,2.28,2.77,,17.574,-9.3874,-18.5544
709612,系統電富邦61購02,2026-10-01,0.12,0.02,20.0,125000000,0,,是,,0.26,,,,,,
709613,大綜永豐61購01,2026-10-01,1.04,0.22,26.83,315000000,0,,是,,0.86,0.83,0.95,,7.2319,-5.4608,
709614,磐亞永豐61購01,2026-10-01,1.54,-0.17,-9.94,26000000,0,綠增,否,,1.67,1.53,1.8,,20.2878,-4.5511,-4.5177
709617,磐亞凱基5C購01,2026-10-01,1.49,-0.16,-9.7,10000000,0,綠縮,否,,1.57,1.41,1.76,,24.6423,-9.4231,-17.9355
709618,雙鴻凱基61購04,2026-10-01,1.11,-0.04,-3.48,347000000,0,,是,,1.34,1.14,,,44.8276,52.8937,
709619,大綜台新5C購02,2026-10-01,1.05,0.21,25.0,300000000,0,紅增,否,,0.84,0.83,0.92,,2.6829,0.7273,-6.6701
709622,順達台新5C購02,2026-10-01,0.39,-0.04,-9.3,40000000,0,紅增,否,,0.4,0.4,0.49,,0.0,-23.0174,-24.5927
709624,雙鴻台新5C購01,2026-10-01,1.3,-0.04,-2.99,18000000,0,,否,,1.69,1.66,1.34,,4.1924,28.2727,
709628,雙鴻群益62購01,2026-10-01,0.84,-0.05,-5.62,259000000,0,紅縮,否,,1.01,0.9,0.69,,29.3367,26.087,25.6341
709630,系微永豐61購01,2026-10-01,0.24,0.0,0.0,204000000,0,,否,,0.24,0.23,,,6.25,-57.7697,
709636,大綜國票5C購01,2026-10-01,0.43,0.09,26.47,300000000,0,紅增,是,,0.36,0.35,0.4,,2.8902,-3.3058,-11.5813
709639,系統電國票61購01,2026-10-01,0.33,-0.01,-2.94,10000000,0,,,,,,,,,,
709640,家登國票5C購01,2026-10-01,0.58,-0.04,-6.45,20000000,0,,否,,0.59,0.58,,,1.7301,-35.793,
709642,鈊象國票61購01,2026-10-01,0.55,0.05,10.0,20000000,0,紅增,否,,0.47,0.44,0.55,,16.2562,-9.1097,-17.8783
709644,大綜凱基5C購01,2026-10-01,0.23,0.07,43.75,62000000,0,紅增,否,,0.17,0.16,0.17,,7.6923,3.8462,-14.2132
709647,朋億*凱基5C購01,2026-10-01,0.37,0.02,5.71,1000000,0,紅增,否,,0.35,0.35,0.43,,0.0,-7.4468,-23.5714
709649,茂訊凱基5C購01,2026-10-01,0.42,-0.02,-4.55,2000000,0,綠增,否,,0.48,0.56,0.68,,-25.5452,-24.2219,-10.231
709652,雅特力凱基5C購02,2026-10-01,0.66,0.14,26.92,227000000,0,綠轉紅,是,,0.53,0.53,0.63,,-1.1278,-15.63,-9.6774
709653,群聯凱基5C購04,2026-10-01,0.15,-0.02,-11.76,350000000,0,紅縮,是,,0.16,0.2,0.22,,-29.3103,-4.3478,-21.558
709654,精確凱基5C購01,2026-10-01,0.45,0.04,9.76,470000000,0,紅增,是,,0.34,0.3,0.27,,33.0709,13.41,2.8463
709655,大綜台新5C購03,2026-10-01,0.6,0.19,46.34,20000000,0,紅增,否,,0.46,0.42,0.51,,19.2708,-17.126,-13.4126
709658,富喬台新5C購01,2026-10-01,1.19,0.07,6.25,60000000,0,綠增,是,,1.21,1.28,1.25,,-10.3858,-13.3559,2.1242
709659,富喬台新5C購02,2026-10-01,1.36,-0.1,-6.85,95000000,0,綠增,否,,1.56,1.7,1.74,,-15.8009,-11.8135,12.1935
709664,大綜元大5C購01,2026-10-01,0.31,0.11,55.0,849000000,0,紅增,是,,0.22,0.22,0.31,,0.9091,-25.5892,-24.7259
709665,中美晶元大5C購07,2026-10-01,2.11,0.3,16.57,32000000,0,綠轉紅,否,,1.7,1.66,1.71,,4.5455,0.848,-4.1935
709666,台半元大5C購06,2026-10-01,0.34,0.02,6.25,70000000,0,綠縮,是,,0.38,0.4,0.82,,-7.2816,-51.0481,-18.254
709670,群聯元大5C購06,2026-10-01,0.27,-0.04,-12.9,487000000,0,紅縮,是,,0.34,0.35,0.42,,-9.1892,-20.1357,-18.616
709673,群聯元大66購05,2026-10-01,0.56,-0.01,-1.75,50000000,0,紅縮,否,,0.59,0.56,0.55,,8.1181,-2.253,2.0446
709675,聖暉*元大5C購06,2026-10-01,0.19,0.03,18.75,20000000,0,綠縮,否,,0.16,0.2,0.5,,-34.1463,-55.0661,-36.9386
709680,富喬群益5C購03,2026-10-01,1.44,-0.08,-5.26,149000000,0,綠增,否,,1.55,1.66,1.77,,-12.231,-14.2266,6.0906
709681,華容群益5C購01,2026-10-01,1.99,0.53,36.3,1615000000,0,,是,,1.53,2.54,3.23,,-56.9421,-42.1196,
709682,群聯群益5C購06,2026-10-01,1.1,-0.17,-13.39,26000000,0,綠增,否,,1.45,1.59,1.72,,-16.609,-4.9043,-19.2362
709688,雅特力永豐61購01,2026-10-01,1.16,0.15,14.85,1151000000,0,綠縮,是,,0.99,1.0,1.09,,-0.2008,-7.8704,-4.6532
709691,聰泰永豐61購01,2026-10-01,0.51,-0.01,-1.92,470000000,0,紅增,是,,0.5,0.49,0.51,,3.7344,4.2463,-7.6364
709692,立敦國票5C購01,2026-10-01,0.19,0.05,35.71,21000000,0,綠縮,是,,0.22,0.44,1.01,,-65.6442,-57.9655,-28.3386
709694,伍豐國票61購01,2026-10-01,0.15,-0.01,-6.25,7000000,0,,否,,0.31,0.47,,,-50.1587,,
709695,光焱國票61購01,2026-10-01,0.28,0.04,16.67,15000000,0,綠轉紅,是,,0.22,0.25,0.31,,-20.5674,-12.1528,-19.7165
709696,安勤國票61購01,2026-10-01,0.51,0.0,0.0,2000000,0,綠縮,否,,0.5,0.49,0.65,,3.7037,-15.0943,-13.6605
709705,雅特力國票61購01,2026-10-01,0.78,0.12,18.18,138000000,0,綠縮,是,,0.69,0.74,0.8,,-13.5338,-8.8235,-10.4377
709706,雅特力國票61購02,2026-10-01,0.7,0.08,12.9,870000000,0,綠縮,是,,0.62,0.62,0.68,,0.0,-8.6053,-4.5391
709709,臺慶科國票61購02,2026-10-01,0.18,-0.14,-43.75,102000000,0,紅縮,是,,0.28,0.28,0.38,,-3.4965,-19.2529,-25.3227
709710,廣閎科國票61購01,2026-10-01,1.26,0.02,1.61,57000000,0,紅增,否,,1.14,1.0,1.07,,33.0233,6.3694,-24.7001
709714,光焱台新5C購01,2026-10-01,0.37,-0.05,-11.9,200000000,0,,是,,0.37,0.43,,,-24.6964,-30.1613,
709717,雅特力台新5C購01,2026-10-01,1.06,0.2,23.26,243000000,0,綠轉紅,否,,0.87,0.88,1.0,,-2.0179,-11.7,-8.8142
709718,雅特力台新5C購02,2026-10-01,0.76,0.17,28.81,163000000,0,綠轉紅,否,,0.62,0.64,0.76,,-5.2147,-13.4877,-14.8747
709719,鈊象台新5C購02,2026-10-01,0.79,0.13,19.7,71000000,0,綠縮,是,,0.62,0.7,1.08,,-21.7722,-37.4778,-24.6776
709721,雙鴻台新5C購03,2026-10-01,2.03,-0.29,-12.5,27000000,0,,是,,2.18,2.02,1.57,,16.8274,31.7915,
709723,中美晶元大5C購08,2026-10-01,2.57,0.62,31.79,20000000,0,綠轉紅,是,,1.98,1.88,2.0,,11.9639,5.5056,-0.9916
709724,中美晶元大5C購09,2026-10-01,1.49,0.03,2.05,140000000,0,紅增,否,,1.29,1.25,1.24,,7.1429,4.4389,-1.238
709730,富喬元大64購02,2026-10-01,1.35,-0.03,-2.17,383000000,0,綠增,否,,1.39,1.42,1.42,,-4.6703,-5.4521,19.1614
709731,順達元大5C購06,2026-10-01,1.2,-0.08,-6.25,169000000,0,紅增,否,,1.21,1.16,1.25,,10.1818,-9.6875,0.4821
709732,鈊象元大5C購05,2026-10-01,1.68,0.19,12.75,140000000,0,紅增,是,,1.37,1.2,1.29,,33.3984,10.7507,-9.8326
709733,群聯元大5C購09,2026-10-01,0.5,-0.05,-9.09,496000000,0,綠增,是,,0.58,0.68,0.75,,-26.1538,-5.1748,-20.4749
709735,群聯元大5C購11,2026-10-01,0.32,-0.01,-3.03,50000000,0,紅縮,否,,0.36,0.4,0.4,,-17.1296,5.0532,-16.3675
709736,群聯元大66購06,2026-10-01,0.62,-0.03,-4.62,93000000,0,紅縮,否,,0.65,0.63,0.64,,5.8632,1.7713,-1.5337
709739,精材元大66購04,2026-10-01,4.7,0.0,0.0,10000000,0,紅縮,否,,4.71,4.7,3.95,,0.4697,18.7706,5.2414
709740,順達凱基5C購03,2026-10-01,0.16,-0.04,-20.0,505000000,0,紅縮,否,,0.17,0.17,0.21,,1.1765,-21.5596,-9.1503
709745,宜鼎元大5C購05,2026-10-01,0.24,-0.01,-4.0,5000000,0,綠縮,否,,0.28,0.42,0.52,,-49.2754,-32.3577,-14.1914
709746,宜鼎元大61購04,2026-10-01,0.24,-0.01,-4.0,152000000,0,紅增,否,,0.26,0.27,0.36,,-11.1111,-20.0,-15.7407
709747,廣閎科元大5C購01,2026-10-01,1.15,0.03,2.68,270000000,0,紅增,否,,1.13,0.96,0.91,,42.1717,13.4911,3.1286
709748,宜鼎群益5C購01,2026-10-01,0.13,-0.03,-18.75,290000000,0,紅增,否,,0.15,0.16,0.25,,-14.7727,-25.2294,-24.256
709751,方土昶國票61購01,2026-10-01,0.53,0.06,12.77,4000000,0,綠縮,否,,0.49,0.58,0.8,,-27.2189,-38.4615,-14.278
709754,威聯通國票61購01,2026-10-01,0.24,-0.01,-4.0,150000000,0,,,,,,,,,,
709757,華容國票61購01,2026-10-01,1.86,0.39,26.53,26000000,0,,是,,2.49,2.57,2.89,,-6.104,-22.8254,
709759,萊德光國票61購03,2026-10-01,0.44,-0.12,-21.43,948000000,0,紅縮,是,,0.54,0.53,0.4,,1.9011,24.9412,17.9825
709761,宜鼎國泰61購02,2026-10-01,0.37,-0.02,-5.13,20000000,0,綠增,否,,0.54,0.59,0.74,,-16.6667,-19.2935,-12.1662
709768,朋程富邦62購01,2026-10-01,0.35,0.0,0.0,241000000,0,綠轉紅,是,,0.33,0.35,0.41,,-13.1579,-11.6915,-21.4012
709770,家登富邦62購02,2026-10-01,0.63,0.01,1.61,51000000,0,紅增,是,,0.62,0.6,0.62,,7.2917,0.6745,-6.0698
709771,家登富邦62購03,2026-10-01,0.61,-0.02,-3.17,65000000,0,紅增,否,,0.61,0.6,0.6,,4.0816,2.916,-6.4391
709772,鈊象富邦62購01,2026-10-01,0.64,0.02,3.23,78000000,0,紅增,否,,0.6,0.56,0.61,,12.4528,-4.8986,-1.8533
709774,雙鴻富邦63購01,2026-10-01,1.06,-0.09,-7.83,10000000,0,紅縮,否,,1.13,1.07,0.81,,11.7063,33.375,18.1952
709775,系統電凱基5C購04,2026-10-01,0.27,0.04,17.39,20000000,0,,是,,0.48,0.56,,,-24.9221,,
709776,威剛凱基5C購04,2026-10-01,0.43,0.01,2.38,30000000,0,綠縮,否,,0.45,0.49,0.56,,-15.8491,-11.7541,-9.9595
709777,家登凱基5C購03,2026-10-01,0.65,0.03,4.84,322000000,0,紅增,否,,0.62,0.59,0.56,,9.894,1.8868,2.0796
709779,富喬凱基5C購03,2026-10-01,1.11,-0.02,-1.77,5000000,0,綠增,否,,1.21,1.27,1.15,,-9.1454,-0.9339,24.4565
709780,勤凱凱基5C購03,2026-10-01,0.11,0.02,22.22,200000000,0,,是,,0.15,0.3,,,-66.2222,-36.0934,
709781,群聯凱基61購05,2026-10-01,0.35,-0.03,-7.89,6000000,0,紅縮,否,,0.38,0.37,0.38,,8.5227,1.3812,-3.6478
709782,廣閎科凱基61購01,2026-10-01,0.79,0.03,3.95,881000000,0,紅增,否,,0.78,0.63,0.57,,58.7755,22.8682,2.0444
709784,宜鼎台新5C購02,2026-10-01,0.26,-0.01,-3.7,200000000,0,紅增,否,,0.28,0.33,0.51,,-27.8351,-30.1255,-17.136
709788,宜鼎永豐65購01,2026-10-01,0.29,0.0,0.0,5000000,0,紅增,否,,0.29,0.3,0.35,,-4.5752,-9.1185,-10.4994
709789,宇峻國泰61購01,2026-10-01,1.0,0.0,0.0,2000000,0,紅增,否,,1.03,1.09,1.3,,-10.8997,-9.8928,-15.57
709792,漢達國泰61購01,2026-10-01,7.35,0.05,0.68,58000000,0,紅縮,否,,6.64,6.82,4.78,,-5.1429,30.4265,24.5217
709797,威聯通凱基61購01,2026-10-01,0.15,-0.01,-6.25,200000000,0,,是,,0.18,0.24,,,-36.9863,,
709802,立敦台新5C購02,2026-10-01,0.16,0.06,60.0,10000000,0,紅增,否,,0.11,0.15,0.33,,-36.6667,-39.0041,-46.8548
709805,宜鼎台新61購01,2026-10-01,0.4,-0.02,-4.76,410000000,0,綠增,是,,0.51,0.66,0.86,,-36.1596,-32.7533,-10.4091
709806,東浦台新5C購01,2026-10-01,0.48,-0.14,-22.58,489000000,0,紅增,是,,0.46,0.45,0.73,,5.0228,-28.9557,-31.2382
709807,家登台新5C購01,2026-10-01,1.07,-0.08,-6.96,588000000,0,紅縮,是,,1.05,1.01,0.96,,7.377,-0.7843,8.3239
709808,順達台新61購02,2026-10-01,1.41,-0.08,-5.37,55000000,0,紅增,否,,1.35,1.4,1.59,,-6.8776,-2.3644,-19.3777
709809,新漢台新5C購01,2026-10-01,0.63,0.0,0.0,178000000,0,綠增,是,,0.74,0.91,1.02,,-30.8411,-19.9823,-7.8687
709810,廣閎科台新5C購01,2026-10-01,2.49,0.25,11.16,15000000,0,紅增,是,,2.19,1.85,1.77,,45.3457,21.7822,-2.9137
709811,富喬中信5C購03,2026-10-01,0.93,0.04,4.49,467000000,0,綠縮,是,,0.93,0.99,1.06,,-11.9545,-12.2232,14.9782
709813,華容永豐61購01,2026-10-01,1.46,0.37,33.94,123000000,0,綠縮,是,,1.21,1.48,1.92,,-31.5551,-22.7888,-23.318
709818,宜鼎元大5C購08,2026-10-01,0.19,-0.02,-9.52,540000000,0,綠縮,是,,0.21,0.28,0.38,,-38.5965,-33.8129,-13.1579
709822,群聯元大5C購14,2026-10-01,0.69,-0.06,-8.0,35000000,0,紅縮,否,,0.75,0.71,0.77,,11.8694,-0.2793,-4.9474
709824,廣閎科元大5C購02,2026-10-01,1.94,-0.05,-2.51,244000000,0,紅增,是,,1.9,1.67,1.71,,32.1727,15.6033,-19.1464
709825,雙鴻元大61購15,2026-10-01,1.2,-0.06,-4.76,611000000,0,紅縮,否,,1.41,1.22,1.03,,35.6455,16.4762,30.432
709827,加高國票61購02,2026-10-01,0.21,0.03,16.67,20000000,0,綠轉紅,否,,0.19,0.21,0.33,,-17.3913,-17.3228,-27.1335
709828,立端國票61購01,2026-10-01,0.5,0.01,2.04,1500000000,0,,是,,0.51,0.53,,,-6.5693,,
709829,邑錡國票5C購01,2026-10-01,0.37,-0.03,-7.5,544000000,0,綠縮,是,,0.4,0.46,0.61,,-22.6054,-21.1244,-12.4367
709830,佳邦國票61購03,2026-10-01,0.23,0.04,21.05,8000000,0,,否,,0.5,0.74,,,-49.2843,-25.8551,
709832,東浦國票61購01,2026-10-01,0.38,0.0,0.0,5000000,0,綠增,是,,0.57,0.73,1.04,,-36.8889,-34.7556,-17.0509
709833,杰力國票61購01,2026-10-01,0.45,0.02,4.65,609000000,0,紅增,是,,0.45,0.43,0.51,,7.6555,-13.8889,-7.8097
709839,能率亞國票61購01,2026-10-01,0.54,0.09,20.0,12000000,0,綠縮,否,,0.57,0.65,0.79,,-20.7182,-13.9257,-15.4467
709843,華容國票61購02,2026-10-01,1.3,0.29,28.71,121000000,0,綠縮,是,,1.07,1.31,1.65,,-30.9677,-22.1165,-14.3599
709847,廣閎科國票61購02,2026-10-01,0.91,0.04,4.6,4000000,0,紅增,否,,0.88,0.75,0.77,,42.5325,19.7115,-26.7899
709849,系統電群益5C購01,2026-10-01,0.29,-0.01,-3.33,100000000,0,,是,,0.56,0.96,,,-58.8235,,
709852,群聯群益5C購07,2026-10-01,2.16,-0.23,-9.62,33000000,0,紅縮,否,,2.44,2.49,2.52,,-3.8674,-6.403,-1.4462
709853,兆利富邦62購01,2026-10-01,0.14,-0.01,-6.67,1000000,0,紅縮,否,,0.15,0.18,0.19,,-25.2427,-13.8756,-8.4337
709858,廣閎科富邦5C購01,2026-10-01,0.67,0.03,4.69,567000000,0,紅增,否,,0.65,0.54,0.49,,54.5024,19.5991,-19.0827
709860,台嘉碩國票5C購01,2026-10-01,0.43,0.09,26.47,7000000,0,紅增,否,,0.34,0.4,0.5,,-27.2727,-17.2199,-27.7415
709861,台嘉碩國票5C購02,2026-10-01,0.41,0.1,32.26,91000000,0,紅增,否,,0.33,0.34,0.4,,-5.7143,-10.5263,-4.5509
709862,永信建國票61購01,2026-10-01,0.41,0.0,0.0,10000000,0,綠增,是,,0.5,0.54,0.63,,-14.433,-12.4797,-11.2439
709867,順達國票61購02,2026-10-01,0.57,-0.03,-5.0,100000000,0,,是,,0.62,0.6,0.84,,6.2069,-18.0822,-18.9831
709869,華容群益5C購02,2026-10-01,1.44,0.44,44.0,83000000,0,綠縮,是,,1.29,1.62,2.07,,-34.3878,-24.5818,-29.6636
709870,廣閎科群益5C購01,2026-10-01,1.4,0.08,6.06,475000000,0,紅增,否,,1.35,1.09,1.03,,61.9617,19.8031,1.7717
709873,世紀*永豐5C購01,2026-10-01,6.0,1.0,20.0,13000000,0,綠縮,否,,4.85,6.37,6.36,,-38.6329,-24.2543,19.3733
709874,博智永豐5C購03,2026-10-01,0.33,0.0,0.0,135000000,0,,是,,0.54,0.56,0.83,,-7.1918,-19.341,
709875,中美晶元大5C購10,2026-10-01,1.65,0.18,12.24,79000000,0,綠轉紅,否,,1.31,1.23,1.69,,14.3106,-23.6793,-12.1653
709880,順達元大5C購07,2026-10-01,0.42,-0.03,-6.67,2000000,0,綠增,否,,0.57,0.6,0.81,,-8.5987,-16.1785,-13.1762
709885,泓格凱基5C購01,2026-10-01,0.25,-0.02,-7.41,432000000,0,紅增,是,,0.29,0.28,0.38,,6.5693,-6.6007,-21.3693
709890,華容凱基61購01,2026-10-01,0.77,0.23,42.59,1460000000,0,綠轉紅,是,,0.59,0.6,0.81,,-2.9605,-22.9086,-19.4141
709891,群聯凱基5C購06,2026-10-01,0.39,-0.04,-9.3,1000000,0,,否,,0.56,0.57,,,-2.4306,-23.5215,
709892,臺慶科凱基61購01,2026-10-01,0.19,0.04,26.67,2000000,0,,否,,0.25,0.39,0.64,,-52.2727,-41.704,
709893,廣閎科凱基5C購01,2026-10-01,0.86,0.01,1.18,111000000,0,紅縮,否,,0.83,0.68,0.61,,58.1749,24.359,7.0175
709894,雙鴻凱基5C購09,2026-10-01,1.36,-0.26,-16.05,1000000,0,,否,,1.56,1.4,1.0,,25.3612,55.3097,
709895,騰雲凱基61購01,2026-10-01,0.49,-0.05,-9.26,109000000,0,,是,,0.57,0.55,0.49,,7.5188,11.2903,7.1506
709896,中美晶統一66購02,2026-10-01,1.1,-0.02,-1.79,2829000000,0,紅增,是,,0.96,0.91,0.88,,12.8806,8.2143,2.0384
709897,立敦統一63購02,2026-10-01,0.19,0.03,18.75,1000000,0,,否,,0.24,0.38,0.58,,-53.0769,-38.3871,
709898,立敦統一64購02,2026-10-01,0.12,0.03,33.33,1000000,0,,否,,0.4,0.55,,,-43.5897,-25.2044,
709899,立敦統一64購03,2026-10-01,0.22,0.05,29.41,1000000,0,,否,,0.41,0.55,,,-40.4624,-26.6932,
709900,佳邦統一64購01,2026-10-01,0.29,0.03,11.54,1000000,0,,是,,0.32,0.35,0.48,,-12.9032,-27.044,
709905,宜鼎統一64購04,2026-10-01,0.16,-0.01,-5.88,499000000,0,紅增,否,,0.17,0.17,0.21,,-5.6818,-12.7551,-12.1649
709906,宜鼎統一66購03,2026-10-01,0.25,0.0,0.0,35000000,0,紅增,否,,0.26,0.27,0.34,,-7.8571,-14.0575,-13.758
709907,宜鼎統一66購04,2026-10-01,0.38,-0.02,-5.0,212000000,0,紅轉綠,是,,0.4,0.42,0.47,,-9.0909,-16.6667,-3.8934
709911,家登統一66購01,2026-10-01,0.59,0.0,0.0,1000000,0,,是,,0.58,0.56,,,5.8608,4.461,
709914,富喬統一64購02,2026-10-01,0.84,0.02,2.44,117000000,0,綠增,否,,0.87,0.88,0.86,,-2.6906,-4.0349,5.4235
709915,富喬統一64購03,2026-10-01,0.77,-0.02,-2.53,448000000,0,綠增,否,,0.8,0.82,0.84,,-4.5455,-6.8415,8.7126
709916,富喬統一66購01,2026-10-01,1.15,0.04,3.6,117000000,0,綠縮,否,,1.13,1.15,1.15,,-3.7543,-4.0067,11.8619
709918,精材統一66購01,2026-10-01,2.08,-0.01,-0.48,4000000,0,紅縮,否,,2.19,2.08,1.82,,11.9388,5.646,16.8108
709921,臺慶科統一66購02,2026-10-01,0.18,0.01,5.88,40000000,0,紅增,否,,0.18,0.19,0.21,,-16.9811,-17.4468,-15.4455
709922,臺慶科統一66購03,2026-10-01,0.21,0.03,16.67,40000000,0,綠縮,是,,0.19,0.21,0.35,,-17.3913,-28.8136,-26.5608
709928,雙鴻統一64購01,2026-10-01,0.88,-0.02,-2.22,195000000,0,紅縮,是,,0.99,0.91,0.74,,19.4712,22.2222,16.7328
709931,金益鼎國泰61購01,2026-10-01,0.43,0.01,2.38,77000000,0,綠縮,否,,0.47,0.56,0.72,,-26.6254,-24.4265,-10.0062
709932,立敦台新5C購03,2026-10-01,0.09,0.05,125.0,62000000,0,紅增,否,,0.09,0.11,0.26,,-37.1429,-39.3617,-46.6258
709933,威剛台新5C購01,2026-10-01,0.92,0.01,1.1,83000000,0,綠縮,否,,0.95,1.0,1.11,,-8.4615,-12.0141,-4.9251
709934,威剛台新5C購02,2026-10-01,1.4,-0.03,-2.1,10000000,0,綠縮,否,,1.45,1.56,1.75,,-12.8451,-10.8124,-7.1674
709935,威剛台新5C購03,2026-10-01,2.32,0.01,0.43,2000000,0,綠增,否,,2.55,2.89,3.46,,-21.0657,-19.9113,-8.7747
709939,威剛台新66購01,2026-10-01,1.1,0.02,1.85,110000000,0,綠縮,是,,1.1,1.14,1.2,,-6.1433,-8.8282,-1.3207
709940,茂迪台新5C購01,2026-10-01,0.12,-0.04,-25.0,799000000,0,,是,,0.41,0.6,,,-47.9798,-33.3333,
709942,華容台新5C購03,2026-10-01,1.67,0.47,39.17,575000000,0,綠縮,是,,1.32,1.65,2.19,,-33.1648,-26.6992,-16.3226
709943,威剛富邦5C購01,2026-10-01,0.51,-0.01,-1.92,49000000,0,綠增,否,,0.58,0.65,0.72,,-19.2737,-15.5352,-4.5756
709947,良維國票61購01,2026-10-01,0.44,-0.01,-2.22,15000000,0,,否,,0.4,0.34,,,40.5594,,
709949,東浦國票61購03,2026-10-01,0.28,-0.01,-3.45,13000000,0,,否,,0.73,0.95,,,-36.833,,
709952,寶雅國票61購01,2026-10-01,1.07,-0.05,-4.46,4000000,0,綠縮,否,,1.17,1.3,1.63,,-18.5237,-19.5679,-2.7091
709953,台半群益62購02,2026-10-01,0.95,0.04,4.4,6000000,0,綠轉紅,是,,0.93,0.94,1.09,,-2.0964,0.6397,-21.539
709954,中美晶凱基5C購03,2026-10-01,1.58,0.08,5.33,4000000,0,紅增,否,,1.35,1.22,1.19,,22.9927,8.9127,-5.5224
709959,群ESG凱基61購01,2026-10-01,0.3,-0.01,-3.23,16000000,0,,否,,0.5,0.64,,,-35.9897,-29.1111,
709962,世界統一6A購01,2026-10-01,0.59,0.03,5.36,22000000,0,紅增,否,,0.56,0.54,0.52,,6.9231,5.4902,-1.0377
709963,正基統一66購01,2026-10-01,0.35,0.01,2.94,25000000,0,,,,,,,,,,
709964,立敦統一68購01,2026-10-01,0.36,0.04,12.5,103000000,0,,否,,0.39,0.5,0.59,,-36.8078,-21.5962,
709967,富喬統一66購02,2026-10-01,1.02,0.04,4.08,18000000,0,綠縮,否,,1.0,1.02,1.01,,-4.5889,-3.857,6.6313
709971,群聯國泰61購03,2026-10-01,1.25,-0.09,-6.72,63000000,0,紅縮,是,,1.41,1.29,1.4,,21.7241,0.2338,6.6565
709973,世界富邦61購02,2026-10-01,0.6,0.03,5.26,777000000,0,紅增,是,,0.54,0.51,0.47,,14.2857,16.4384,1.606
709974,立碁富邦5C購01,2026-10-01,1.43,-0.12,-7.74,200000000,0,紅縮,是,,1.4,1.36,1.28,,6.8493,7.601,13.9857
709975,良維富邦61購03,2026-10-01,0.39,0.0,0.0,697000000,0,,是,,0.4,0.36,0.63,,24.6914,-41.0049,
709976,世界元大5C購06,2026-10-01,1.16,0.06,5.45,41000000,0,紅增,否,,1.08,0.96,0.97,,27.4232,8.4555,-8.4121
709978,順達元大5C購08,2026-10-01,0.79,-0.09,-10.23,304000000,0,紅增,是,,0.82,0.77,0.93,,13.2597,-7.9857,-17.9442
709980,雙鴻元大5C購06,2026-10-01,1.47,-0.04,-2.65,1580000000,0,紅縮,是,,1.67,1.51,1.13,,24.3685,30.9627,34.988
709981,家登永豐5C購02,2026-10-01,0.94,-0.08,-7.84,33000000,0,紅縮,是,,0.97,0.91,0.85,,13.3489,16.4962,-5.1724
709983,宜鼎元大5C購10,2026-10-01,0.3,-0.01,-3.23,194000000,0,綠縮,否,,0.33,0.37,0.5,,-19.0244,-27.112,-8.1952
709987,伯特光國票61購01,2026-10-01,0.32,-0.01,-3.03,55000000,0,紅縮,否,,0.34,0.35,0.34,,-4.5198,0.2899,2.5449
709989,昇佳電國票61購01,2026-10-01,0.4,-0.01,-2.44,58000000,0,紅增,否,,0.4,0.42,0.48,,-6.9444,-10.3226,-24.1973
709992,信音國票61購01,2026-10-01,0.31,-0.01,-3.12,10000000,0,,否,,0.33,0.42,,,-35.3175,-37.6877,
709993,茂綸國票61購01,2026-10-01,0.84,0.07,9.09,21000000,0,,是,,0.84,0.82,0.84,,4.4776,2.3661,
709998,中美晶群益5C購03,2026-10-01,1.26,0.03,2.44,492000000,0,紅增,否,,1.0,0.95,0.95,,12.5843,6.8927,2.3745
709999,順達群益5C購02,2026-10-01,0.81,-0.12,-12.9,222000000,0,紅增,否,,0.84,0.91,0.99,,-15.213,-7.6065,-15.0579
710001,加高國泰61購01,2026-10-01,0.56,0.1,21.74,3000000,0,,否,,0.51,0.57,,,-19.4969,-40.7025,
710006,中美晶凱基5C購04,2026-10-01,1.0,0.1,11.11,24000000,0,紅增,否,,0.79,0.74,0.75,,11.9658,4.7887,-9.2559
710013,大中統一6A購01,2026-10-01,0.59,0.01,1.72,100000000,0,,是,,0.61,0.66,0.88,,-14.2857,-25.6726,-9.4105
710014,中美晶統一64購02,2026-10-01,1.15,0.02,1.77,302000000,0,紅增,否,,0.97,0.92,0.9,,11.2644,6.8605,1.5739
710016,朋億*統一68購01,2026-10-01,0.48,0.0,0.0,94000000,0,,是,,0.46,0.47,,,-1.2766,-23.1908,
710022,富喬統一63購01,2026-10-01,1.16,0.02,1.75,51000000,0,紅轉綠,否,,1.29,1.3,1.12,,-1.9787,4.4141,21.9313
710023,富喬統一65購03,2026-10-01,1.07,0.03,2.88,42000000,0,綠增,否,,1.06,1.1,1.11,,-7.3427,-5.9727,11.8355
710024,富喬統一6C購02,2026-10-01,0.79,-0.01,-1.25,3227000000,0,綠增,否,,0.8,0.81,0.78,,-2.4331,-2.9869,9.4472
710025,聖暉*統一6A購03,2026-10-01,0.41,0.03,7.89,55000000,0,,否,,0.38,0.48,,,-35.8362,-25.886,
710031,富喬富邦63購01,2026-10-01,0.79,-0.01,-1.25,304000000,0,綠增,是,,0.82,0.84,0.86,,-4.6729,-6.8004,7.8997
710034,中美晶台新5C購01,2026-10-01,2.14,0.11,5.42,154000000,0,綠縮,是,,1.72,1.57,2.49,,21.4386,-36.2048,-4.0462
710035,台半台新5C購01,2026-10-01,0.62,0.03,5.08,40000000,0,,是,,0.65,0.86,,,-39.3657,,
710036,台半台新5C購02,2026-10-01,0.53,0.02,3.92,47000000,0,,是,,0.57,0.72,,,-34.9315,-49.3343,
710037,廣閎科台新5C購02,2026-10-01,1.97,0.05,2.6,137000000,0,紅縮,否,,1.93,1.57,1.43,,59.6026,23.3674,2.5126
710038,良維永豐5C購04,2026-10-01,0.45,0.01,2.27,78000000,0,,否,,0.54,0.52,0.63,,8.0,7.6605,
710047,中美晶國票61購02,2026-10-01,1.22,0.03,2.52,153000000,0,紅增,是,,1.01,0.97,1.0,,8.8362,1.1482,-5.2707
710048,加高國票61購03,2026-10-01,0.19,0.05,35.71,28000000,0,綠轉紅,是,,0.16,0.18,0.23,,-25.4717,-15.5251,-30.8869
710052,高鋒國票61購01,2026-10-01,0.36,-0.02,-5.26,10000000,0,綠增,否,,0.43,0.51,0.5,,-25.6849,-5.3903,-11.5622
710055,聖暉*國票61購03,2026-10-01,0.18,0.02,12.5,23000000,0,,是,,0.21,0.41,,,-65.6863,-46.4844,
710057,廣閎科國票61購03,2026-10-01,0.69,0.01,1.47,150000000,0,,否,,0.6,0.8,,,-40.2,,
710060,營邦國票5C購02,2026-10-01,1.65,-0.17,-9.34,2000000,0,紅轉綠,否,,1.88,1.86,1.64,,1.8458,4.7914,18.7139
710062,中美晶凱基61購04,2026-10-01,0.74,0.06,8.82,286000000,0,綠縮,是,,0.61,0.6,0.93,,0.6645,-29.4393,-8.23
710067,廣閎科凱基5C購02,2026-10-01,0.48,0.0,0.0,174000000,0,紅縮,否,,0.49,0.41,0.4,,42.1053,20.3488,-1.7157
710068,營邦凱基5C購01,2026-10-01,1.1,-0.11,-9.09,227000000,0,紅轉綠,是,,1.27,1.26,1.12,,1.1164,5.2588,16.8757
710069,營邦凱基5C購02,2026-10-01,1.02,-0.13,-11.3,529000000,0,紅轉綠,是,,1.22,1.22,1.08,,0.3295,4.5572,17.2545
710070,營邦凱基5C購03,2026-10-01,0.84,-0.1,-10.64,58000000,0,綠增,否,,1.02,1.03,0.92,,-1.9231,3.3099,19.1462
710071,中美晶群益5C購04,2026-10-01,1.04,0.0,0.0,958000000,0,紅增,是,,0.84,0.78,0.79,,16.0665,6.1224,-4.0097
710073,營邦群益5C購01,2026-10-01,1.6,-0.2,-11.11,4000000,0,紅轉綠,否,,1.88,1.83,1.58,,5.3812,5.4085,18.5088
710074,營邦群益5C購02,2026-10-01,1.31,-0.34,-20.61,46000000,0,紅轉綠,否,,1.71,1.74,1.55,,-3.1674,3.2028,16.6541
710075,世界元大5C購07,2026-10-01,1.12,0.08,7.69,40000000,0,紅增,是,,1.0,0.89,0.93,,27.7354,9.5471,-14.4567
710076,世界元大63購04,2026-10-01,0.81,0.05,6.58,199000000,0,紅增,是,,0.77,0.71,0.67,,17.8462,14.1935,5.367
710079,廣閎科元大5C購03,2026-10-01,0.65,0.04,6.56,260000000,0,紅增,否,,0.6,0.51,0.48,,45.8937,16.476,1.9231
710080,營邦元大5C購01,2026-10-01,1.73,-0.21,-10.82,16000000,0,綠增,否,,2.02,2.03,1.85,,-0.6883,1.604,13.9642
710083,營邦國泰61購01,2026-10-01,2.39,-0.39,-14.03,6000000,0,紅轉綠,否,,2.89,2.91,2.56,,-1.0944,2.8652,17.9393
710084,營邦富邦62購01,2026-10-01,0.75,-0.13,-14.77,3000000,0,紅縮,否,,0.82,0.7,0.59,,38.7755,35.7834,6.3906
710085,營邦富邦63購01,2026-10-01,0.61,-0.07,-10.29,204000000,0,紅縮,否,,0.7,0.69,0.62,,2.346,4.2296,8.3406
710086,中美晶統一66購03,2026-10-01,0.72,0.0,0.0,208000000,0,紅增,否,,0.63,0.6,0.59,,8.6505,5.7895,1.5477
710087,台特化統一6C購02,2026-10-01,0.63,0.02,3.28,1000000,0,,否,,0.58,0.59,,,-3.9735,,
710088,朋程統一65購02,2026-10-01,0.36,0.0,0.0,119000000,0,,否,,0.34,0.38,0.58,,-18.0952,-32.7465,
710095,聖暉*統一66購01,2026-10-01,0.3,0.04,15.38,24000000,0,,否,,0.31,0.46,0.6,,-48.505,-26.8058,-15.7233
710097,營邦統一66購01,2026-10-01,1.0,-0.05,-4.76,113000000,0,紅轉綠,否,,1.12,1.11,1.01,,2.1858,4.5198,13.9377
710098,營邦統一66購02,2026-10-01,0.97,-0.09,-8.49,15000000,0,紅縮,是,,1.09,1.07,0.94,,3.4286,10.4447,8.5583
710100,營邦統一6C購01,2026-10-01,0.81,-0.07,-7.95,571000000,0,紅轉綠,否,,0.89,0.89,0.84,,-0.8929,2.1764,9.6393
710101,中美晶台新5C購02,2026-10-01,1.14,0.13,12.87,187000000,0,綠轉紅,是,,0.86,0.86,1.16,,0.4684,2.3923,-25.6649
710102,中美晶台新5C購03,2026-10-01,5.2,0.49,10.4,103000000,0,紅增,是,,4.03,3.88,4.02,,7.8652,1.7016,-2.637
710103,東浦台新5C購02,2026-10-01,0.33,0.01,3.12,8000000,0,綠縮,是,,0.31,0.46,0.81,,-50.1618,-37.5169,-29.0733
710109,廣閎科台新5C購03,2026-10-01,1.33,-0.08,-5.67,197000000,0,紅縮,否,,1.34,1.06,1.07,,71.7224,23.0501,-9.789
710110,銳澤台新5C購01,2026-10-01,0.63,0.05,8.62,150000000,0,紅增,是,,0.61,0.59,0.69,,6.2718,-3.8961,-14.33
710111,騰雲台新5C購01,2026-10-01,1.83,-0.22,-10.73,27000000,0,,否,,2.11,2.01,1.75,,10.4712,15.5837,
710112,中美晶凱基61購05,2026-10-01,0.69,0.02,2.99,98000000,0,綠縮,是,,0.56,0.56,0.72,,-0.3546,-3.2646,-19.5339
710115,朋億*凱基61購01,2026-10-01,0.17,0.0,0.0,2000000,0,,否,,0.42,0.54,,,-37.7246,,
710124,中美晶國票61購03,2026-10-01,0.98,0.05,5.38,9000000,0,紅增,否,,0.83,0.8,0.82,,6.6838,-0.2481,-20.4878
710127,東浦國票61購04,2026-10-01,0.24,-0.01,-4.0,110000000,0,,否,,0.34,,,,,,
710128,宣德國票61購01,2026-10-01,0.1,-0.02,-16.67,99000000,0,,是,,0.15,0.2,0.27,,-39.5161,-28.9286,-21.5022
710132,中美晶永豐5C購02,2026-10-01,1.44,0.2,16.13,160000000,0,紅增,否,,1.15,1.11,1.12,,7.6779,4.0338,-10.1885
710133,中美晶永豐5C購03,2026-10-01,1.34,0.31,30.1,113000000,0,綠縮,是,,1.01,1.03,1.31,,-2.8736,-15.169,-4.1575
710135,亞通永豐64購01,2026-10-01,1.5,-0.06,-3.85,310000000,0,紅縮,是,,1.57,1.64,1.33,,-8.528,14.216,17.8524
710138,中美晶富邦5C購01,2026-10-01,0.95,0.14,17.28,395000000,0,紅增,否,,0.72,0.7,0.71,,8.3832,3.1111,0.4267
710141,中美晶中信5C購01,2026-10-01,0.48,0.0,0.0,823000000,0,紅增,是,,0.39,0.37,0.38,,12.1387,2.8011,-3.201
710143,富喬凱基5C購05,2026-10-01,0.89,-0.04,-4.3,32000000,0,綠增,是,,0.96,1.0,1.06,,-8.7619,-11.6974,4.8708
710144,群聯凱基5C購08,2026-10-01,0.53,-0.05,-8.62,78000000,0,,是,,0.62,0.64,0.87,,-6.6465,-18.3673,
710145,廣閎科凱基5C購03,2026-10-01,0.41,0.02,5.13,959000000,0,紅增,是,,0.38,0.32,0.33,,51.5873,16.1172,3.9936
710146,中美晶台新5C購04,2026-10-01,0.93,0.09,10.71,440000000,0,紅增,是,,0.71,0.68,0.72,,10.8696,0.5926,-3.9518
710148,均豪台新5C購01,2026-10-01,1.36,-0.12,-8.11,30000000,0,,是,,1.27,1.24,1.42,,4.9587,-14.0679,-13.1298
710149,均豪台新5C購02,2026-10-01,0.97,0.02,2.11,20000000,0,,否,,0.95,1.0,1.07,,-9.9048,-9.6833,
710152,凱崴台新5C購02,2026-10-01,0.3,-0.02,-6.25,100000000,0,,是,,0.34,0.48,0.62,,-45.1923,-13.5957,
710153,廣閎科台新5C購04,2026-10-01,1.09,0.01,0.93,198000000,0,紅縮,否,,1.09,0.88,0.84,,64.6526,21.1618,4.5285
710155,宜鼎元大5C購13,2026-10-01,0.29,-0.03,-9.38,496000000,0,綠增,否,,0.33,0.51,0.59,,-52.4638,-28.6115,-13.4417
710158,台半國泰61購01,2026-10-01,0.76,0.03,4.11,630000000,0,紅增,是,,0.75,0.72,0.77,,7.1839,-3.8667,-3.4635
710160,順達國泰61購01,2026-10-01,0.8,-0.01,-1.23,31000000,0,紅增,是,,0.81,0.79,0.95,,6.0052,-3.663,-14.8898
710161,台半富邦62購04,2026-10-01,0.42,0.01,2.44,20000000,0,,是,,0.41,0.41,0.4,,-2.8708,6.1856,
710162,台半富邦63購02,2026-10-01,0.37,0.01,2.78,30000000,0,,是,,0.35,0.34,0.39,,6.7073,7.9618,
710165,鈊象富邦62購02,2026-10-01,0.78,0.03,4.0,135000000,0,紅增,否,,0.72,0.67,0.7,,12.9338,5.4688,-1.339
710168,宜鼎永豐63購01,2026-10-01,0.37,-0.01,-2.63,860000000,0,綠縮,是,,0.39,0.4,0.49,,-3.9409,-11.3586,-9.9539
710169,精確永豐61購01,2026-10-01,0.6,0.05,9.09,378000000,0,紅增,是,,0.48,0.42,0.38,,30.6011,19.5467,-13.3106
710174,臺慶科群益5C購02,2026-10-01,0.18,0.02,12.5,100000000,0,,否,,0.68,0.73,1.36,,-12.6615,-31.9887,
710176,尼克森凱基5C購01,2026-10-01,0.06,-0.01,-14.29,5000000,0,綠轉紅,是,,0.09,0.11,0.26,,-33.8235,-35.7955,-44.6371
710181,廣閎科凱基5C購04,2026-10-01,0.31,-0.01,-3.12,10000000,0,紅增,否,,0.29,0.28,0.31,,9.9237,5.364,-29.1995
710182,大中台新5C購01,2026-10-01,0.41,0.05,13.89,25000000,0,紅增,否,,0.38,0.45,0.54,,-25.969,-25.0417,-24.4898
710183,台半台新5C購04,2026-10-01,0.14,-0.01,-6.67,10000000,0,,,,,,,,,,
710187,廣閎科台新61購01,2026-10-01,0.92,0.04,4.55,47000000,0,紅增,否,,0.83,0.73,0.68,,34.9515,17.6661,-12.7319
710188,中美晶元大5C購11,2026-10-01,0.94,0.09,10.59,191000000,0,綠轉紅,否,,0.75,0.73,0.89,,4.1783,-1.0796,-27.4478
710191,威剛元大5C購06,2026-10-01,0.69,-0.01,-1.43,50000000,0,綠縮,否,,0.75,0.83,1.01,,-16.2222,-16.8008,-13.1183
710192,群聯中信64購01,2026-10-01,0.24,-0.02,-7.69,347000000,0,紅縮,否,,0.25,0.25,0.26,,6.7227,0.4082,-2.8517
710194,雙鴻中信66購02,2026-10-01,1.08,-0.03,-2.7,13000000,0,紅縮,否,,1.21,1.09,0.97,,23.0612,13.147,18.6389
710198,信紘科永豐64購01,2026-10-01,0.38,0.01,2.7,1670000000,0,紅增,否,,0.39,0.36,0.45,,21.6049,-4.7745,-13.41
710200,富喬永豐5C購02,2026-10-01,1.29,-0.03,-2.27,31000000,0,綠增,否,,1.34,1.39,1.44,,-7.4792,-13.0163,12.1743
710202,鴻呈永豐61購01,2026-10-01,0.42,-0.02,-4.55,5000000,0,綠縮,否,,0.45,0.54,0.74,,-28.6624,-31.8124,-3.4166
710204,世紀*國票61購01,2026-10-01,4.2,0.5,13.51,13000000,0,綠縮,是,,3.82,4.71,3.93,,-31.6881,-7.3987,26.3844
710211,博盛國票61購01,2026-10-01,0.37,0.04,12.12,7000000,0,,是,,0.36,0.35,0.51,,5.9172,-13.217,
710216,廣閎科國票61購05,2026-10-01,0.47,0.0,0.0,176000000,0,,是,,0.43,0.4,0.57,,17.4863,-6.1321,
710219,能率國泰61購01,2026-10-01,1.19,-0.05,-4.03,10000000,0,綠增,否,,1.31,1.6,1.7,,-30.4671,-19.7487,-13.5417
710220,廣閎科國泰61購02,2026-10-01,0.85,0.0,0.0,30000000,0,紅縮,否,,0.86,0.76,0.73,,31.0976,15.1976,7.8619
710230,博智群益5C購01,2026-10-01,0.38,0.03,8.57,90000000,0,,否,,0.67,0.92,,,-42.4399,-37.4488,
710235,雙鴻群益62購02,2026-10-01,6.05,-0.35,-5.47,58000000,0,紅縮,是,,6.88,6.16,4.56,,26.7035,36.4745,34.8366
710237,富喬中信66購01,2026-10-01,0.68,0.02,3.03,80000000,0,綠增,是,,0.68,0.7,0.7,,-5.3221,-4.27,7.9845
710244,達航永豐63購01,2026-10-01,0.71,0.01,1.43,10000000,0,,否,,0.73,0.66,,,22.1477,12.9693,
710245,漢達永豐64購01,2026-10-01,2.11,0.26,14.05,2000000,0,,否,,1.75,1.47,,,46.9012,,
710247,台半元大63購03,2026-10-01,0.37,0.0,0.0,199000000,0,,是,,0.37,0.41,,,-15.8371,-31.0169,
710249,佳邦元大5C購01,2026-10-01,0.2,0.04,25.0,100000000,0,,是,,0.26,0.41,,,-53.405,-43.5862,
710251,欣銓元大5C購02,2026-10-01,1.0,-0.02,-1.96,174000000,0,紅轉綠,否,,1.06,1.11,1.08,,-8.1174,-0.2693,3.8573
710252,欣銓元大5C購03,2026-10-01,0.69,-0.05,-6.76,251000000,0,紅轉綠,是,,0.78,0.82,0.79,,-9.9537,0.4896,3.6939
710253,家登元大5C購05,2026-10-01,0.7,0.02,2.94,20000000,0,綠縮,否,,0.69,0.86,0.92,,-34.2912,-18.7793,-7.1321
710254,家登元大66購01,2026-10-01,1.12,0.03,2.75,41000000,0,紅增,否,,1.07,1.03,0.99,,7.8471,1.0763,2.592
710257,台半國票61購05,2026-10-01,0.15,-0.01,-6.25,4000000,0,紅縮,否,,0.15,0.16,0.17,,-2.5316,-4.878,1.1905
710258,青雲國票5C購01,2026-10-01,0.38,-0.02,-5.0,250000000,0,紅縮,是,,0.39,0.42,0.46,,-15.6522,-7.4236,-2.3231
710259,大中台新61購01,2026-10-01,0.48,0.03,6.67,500000000,0,紅增,是,,0.46,0.48,0.6,,-10.5882,-18.4122,-17.0345
710264,世界凱基5C購07,2026-10-01,0.25,0.02,8.7,10000000,0,,否,,0.23,0.29,,,-33.3333,-40.3292,
710265,台半凱基5C購05,2026-10-01,0.13,0.01,8.33,15000000,0,紅增,否,,0.13,0.14,0.16,,-13.5135,-15.8537,-9.7143
710267,富喬凱基63購01,2026-10-01,0.56,-0.02,-3.45,91000000,0,綠增,是,,0.58,0.61,0.65,,-9.6573,-11.7052,11.841
710269,漢達凱基5C購01,2026-10-01,1.64,-0.01,-0.61,151000000,0,紅增,否,,1.42,1.47,1.11,,-7.0681,19.9349,17.5345
710277,大中群益5C購01,2026-10-01,0.16,0.02,14.29,5000000,0,,否,,0.18,0.26,0.57,,-48.5549,-42.2907,-28.8305
710285,茂達群益5C購01,2026-10-01,0.22,-0.02,-8.33,5000000,0,,否,,0.34,0.62,,,-61.6071,-50.2807,
710286,榮剛群益61購01,2026-10-01,0.36,-0.04,-10.0,298000000,0,,是,,0.37,0.42,0.61,,-23.1092,-31.3214,-19.6732
710288,世界元大5C購08,2026-10-01,0.39,0.03,8.33,320000000,0,紅增,否,,0.34,0.32,0.34,,17.1233,-2.4615,-14.6402
710290,博盛元大5C購01,2026-10-01,0.51,0.06,13.33,598000000,0,,是,,0.5,0.51,0.59,,-3.861,-3.7879,
710294,天品國票5C購01,2026-10-01,0.98,0.02,2.08,6000000,0,紅縮,否,,0.92,0.75,0.61,,62.1053,56.9328,15.1947
710296,立碁國票61購01,2026-10-01,2.14,-0.09,-4.04,23000000,0,,否,,2.04,1.94,1.82,,10.5092,2.5871,
710297,亞通國票5C購01,2026-10-01,1.61,-0.04,-2.42,805000000,0,紅轉綠,否,,1.68,1.88,1.46,,-19.8086,12.3508,10.905
710301,晶宏國票61購01,2026-10-01,0.7,0.0,0.0,1000000,0,綠增,否,,0.79,0.9,0.93,,-21.5415,-20.5106,5.121
710302,漢達國票63購01,2026-10-01,1.53,0.07,4.79,53000000,0,紅增,否,,1.31,1.35,1.09,,-5.8824,12.5624,16.6223
710303,寶雅國票61購02,2026-10-01,0.74,-0.05,-6.33,71000000,0,綠縮,是,,0.8,0.89,1.08,,-18.9409,-14.1063,-12.9123
710304,大中凱基5C購01,2026-10-01,0.13,0.0,0.0,7000000,0,紅增,是,,0.13,0.12,0.14,,8.3333,6.8376,-24.6753
710307,世界凱基63購02,2026-10-01,0.3,0.04,15.38,10000000,0,,否,,0.49,,,,,,
710309,欣銓凱基5C購01,2026-10-01,0.49,-0.05,-9.26,139000000,0,,是,,0.67,0.6,0.56,,24.7191,18.5771,-6.7881
710314,家登凱基5C購05,2026-10-01,0.24,-0.02,-7.69,14000000,0,,否,,0.24,0.24,,,6.087,,
710317,台嘉碩國泰61購01,2026-10-01,1.54,0.19,14.07,892000000,0,紅增,是,,1.33,1.41,1.44,,-11.2299,-5.678,-13.0999
710321,博盛國泰61購01,2026-10-01,0.66,0.05,8.2,27000000,0,,否,,0.65,0.63,0.61,,6.8627,3.9409,-12.5718
710324,信紘科永豐5C購01,2026-10-01,0.27,0.01,3.85,80000000,0,,否,,0.25,0.36,,,-47.8814,,
710332,中光電台新5C購02,2026-10-01,0.13,-0.01,-7.14,50000000,0,綠縮,否,,0.15,0.16,0.47,,-19.7802,-65.1064,-33.3095
710336,亞通凱基5C購01,2026-10-01,1.39,-0.06,-4.14,9000000,0,紅縮,是,,1.48,1.61,1.17,,-15.3318,25.9953,19.6838
710339,宜鼎元大5C購15,2026-10-01,0.41,-0.03,-6.82,675000000,0,綠縮,是,,0.44,0.45,0.61,,-5.1724,-19.1413,-14.1543
710340,富喬元大65購01,2026-10-01,1.43,-0.04,-2.72,2064000000,0,綠增,否,,1.47,1.5,1.5,,-3.4121,-3.3548,14.019
710341,漢達元大5C購01,2026-10-01,1.44,-0.14,-8.86,71000000,0,紅縮,否,,1.26,1.32,0.97,,-8.9595,16.4758,20.9577
710350,漢達永豐5C購01,2026-10-01,1.49,0.08,5.67,8000000,0,,是,,1.27,1.39,1.08,,-16.095,15.1115,16.9648
710351,雙鴻永豐63購03,2026-10-01,1.7,-0.26,-13.27,85000000,0,紅縮,是,,1.96,1.76,1.48,,26.1598,16.0714,28.3232
710352,寶雅永豐5C購01,2026-10-01,0.8,-0.06,-6.98,99000000,0,綠增,是,,0.93,1.02,1.15,,-15.608,-20.0,-6.4935
710353,鏵友益永豐64購01,2026-10-01,0.75,0.32,74.42,10000000,0,,否,,0.49,0.62,,,-34.6667,,
710354,精材中信64購01,2026-10-01,1.08,-0.02,-1.82,58000000,0,紅轉綠,否,,1.11,1.07,0.98,,6.9632,0.4695,14.4102
710356,元山國票61購01,2026-10-01,0.39,0.0,0.0,2000000,0,,是,,0.38,0.41,0.45,,-13.9013,-6.3205,
710359,亞信國票61購01,2026-10-01,0.58,0.03,5.45,10000000,0,,否,,0.45,0.53,,,-24.4147,,
710366,漢達國票65購01,2026-10-01,1.44,0.06,4.35,6000000,0,紅增,否,,1.27,1.32,1.04,,-7.9826,10.9899,20.4729
710368,鈊象群益5C購01,2026-10-01,1.83,0.24,15.09,119000000,0,紅增,是,,1.44,1.29,1.69,,26.9366,-18.8287,-4.3748
710369,富喬國泰61購01,2026-10-01,1.33,0.04,3.1,270000000,0,綠增,是,,1.33,1.36,1.36,,-4.4476,-6.4516,14.9556
710370,漢達國泰61購02,2026-10-01,4.22,0.65,18.21,20000000,0,,是,,3.23,2.72,2.1,,46.0633,57.0768,17.146
710371,世界凱基5C購08,2026-10-01,0.31,0.04,14.81,10000000,0,,否,,0.63,,,,,,
710373,群聯凱基5C購10,2026-10-01,0.42,-0.02,-4.55,60000000,0,紅縮,否,,0.48,0.44,0.49,,21.608,-1.5625,1.1399
710375,精材凱基5C購05,2026-10-01,2.09,-0.02,-0.95,5000000,0,綠增,否,,2.17,2.17,1.99,,0.2768,-4.6134,22.5747
710376,世界台新5C購03,2026-10-01,0.37,0.03,8.82,130000000,0,,是,,0.33,0.3,,,21.3235,-17.3077,
710377,巨有台新5C購01,2026-10-01,6.1,-1.0,-14.08,2000000,0,紅縮,是,,5.45,3.83,2.29,,147.5023,151.7105,91.3916
710383,能率亞台新5C購01,2026-10-01,0.35,0.01,2.94,27000000,0,,是,,0.4,0.52,,,-38.125,-28.9438,
710386,富喬元大65購02,2026-10-01,1.38,0.06,4.55,198000000,0,綠縮,否,,1.36,1.4,1.41,,-5.1604,-5.7355,11.4094
710388,精材元大5C購07,2026-10-01,2.6,0.21,8.79,1000000,0,綠增,否,,2.53,2.49,2.31,,3.8525,-1.1526,6.739
710395,世禾永豐5C購01,2026-10-01,0.8,0.12,17.65,1695000000,0,紅增,是,,0.68,0.62,0.67,,24.0,-3.75,-12.2784
710397,巨有永豐5C購02,2026-10-01,3.0,-0.06,-1.96,80000000,0,,否,,2.09,1.6,,,87.7698,106.7183,
710398,安勤永豐63購01,2026-10-01,0.66,-0.02,-2.94,6000000,0,紅增,是,,0.65,0.64,0.75,,4.8077,-8.8445,-12.7536
710399,均豪永豐5C購03,2026-10-01,1.28,-0.06,-4.48,233000000,0,紅增,是,,1.2,1.17,1.33,,3.9931,-13.6029,-1.4402
710400,均豪永豐5C購04,2026-10-01,1.45,0.07,5.07,15000000,0,,否,,1.32,1.51,1.45,,-23.1308,-8.409,-2.0608
710404,晶焱永豐5C購02,2026-10-01,0.2,-0.01,-4.76,7000000,0,,,,,,,,,,
710406,湧德永豐5C購01,2026-10-01,0.59,-0.01,-1.67,41000000,0,綠縮,否,,0.6,0.66,0.72,,-15.2113,-13.4565,-2.3569
710411,精材永豐5C購04,2026-10-01,3.05,-0.05,-1.61,10000000,0,,是,,3.27,2.47,2.34,,94.5238,20.9189,
710412,精材永豐63購02,2026-10-01,4.11,-0.01,-0.24,10000000,0,,是,,3.95,4.01,3.36,,-2.7067,25.0078,
710414,雙鴻永豐5C購05,2026-10-01,2.08,-0.22,-9.57,98000000,0,,是,,2.28,2.01,1.67,,30.8486,16.2912,32.8168
710416,巨有國票5C購01,2026-10-01,4.27,-0.14,-3.17,178000000,0,,是,,3.48,2.42,,,156.1765,70.5634,
710420,青雲國票5C購02,2026-10-01,0.27,0.0,0.0,1436000000,0,紅縮,是,,0.27,0.29,0.3,,-12.2581,-6.129,-2.1002
710423,鑫科國票5C購01,2026-10-01,0.27,-0.02,-6.9,100000000,0,,是,,0.31,0.39,0.62,,-33.7553,-35.3038,
710427,東浦國泰61購01,2026-10-01,0.52,-0.12,-18.75,132000000,0,,是,,0.49,0.49,0.96,,0.4098,-38.2576,-32.207
710428,杰力國泰61購01,2026-10-01,0.43,-0.01,-2.27,50000000,0,,是,,0.47,0.55,0.78,,-25.5591,-20.8696,
710431,精材富邦5C購01,2026-10-01,1.47,-0.03,-2.0,538000000,0,綠增,是,,1.53,1.47,1.35,,8.8193,-2.8458,18.0828
710433,系微凱基5C購01,2026-10-01,0.29,-0.01,-3.33,150000000,0,,是,,0.3,0.28,,,15.5039,-47.5472,
710434,宜鼎凱基5C購09,2026-10-01,0.34,-0.01,-2.86,257000000,0,綠縮,否,,0.36,0.4,0.55,,-19.3694,-23.1801,-11.9487
710436,富喬凱基63購02,2026-10-01,1.29,0.04,3.2,138000000,0,,是,,1.39,1.45,1.15,,-7.8146,12.6553,
710438,群聯凱基5C購11,2026-10-01,0.36,-0.04,-10.0,3042000000,0,綠轉紅,是,,0.41,0.41,0.61,,0.9852,-36.25,-19.6026
710441,中美晶元大5C購12,2026-10-01,2.03,-0.05,-2.4,28000000,0,紅增,是,,1.77,1.68,1.77,,11.8837,0.2392,-3.9685
710443,宜鼎元大5C購17,2026-10-01,0.69,-0.02,-2.82,10000000,0,綠縮,否,,0.72,0.74,0.91,,-7.013,-12.691,-12.7639
710444,能率亞元大5C購01,2026-10-01,0.68,-0.01,-1.45,32000000,0,,是,,0.86,1.0,1.15,,-24.2105,-14.6508,
710445,富喬元大5C購04,2026-10-01,0.97,-0.04,-3.96,440000000,0,綠增,是,,1.01,1.05,1.11,,-8.3789,-10.5442,10.1594
710455,崴寶國票64購01,2026-10-01,0.97,0.02,2.11,65000000,0,,是,,0.94,0.96,,,-5.2632,,
710456,富強鑫國票62購01,2026-10-01,1.16,0.09,8.41,212000000,0,紅增,否,,1.06,1.02,1.01,,7.9755,10.3037,-1.0319
710457,千附國票64購01,2026-10-01,0.66,-0.02,-2.94,4000000,0,紅增,否,,0.67,0.66,0.75,,3.3846,-8.8276,-19.9037
710473,達航富邦62購01,2026-10-01,0.35,-0.03,-7.89,106000000,0,,否,,0.34,0.38,,,-17.7885,2.9891,
710476,巨有群益5C購02,2026-10-01,5.0,-0.25,-4.76,490000000,0,,是,,3.89,2.99,1.91,,86.0421,132.1179,
710477,世界元大61購01,2026-10-01,0.77,0.04,5.48,280000000,0,紅增,是,,0.71,0.64,0.62,,24.8252,15.6475,-1.2841
710480,巨有元大61購01,2026-10-01,2.4,-0.51,-17.53,130000000,0,紅縮,是,,2.16,1.7,1.05,,74.3548,99.6479,78.2683
710481,宜鼎元大61購05,2026-10-01,0.61,-0.02,-3.17,120000000,0,綠轉紅,否,,0.64,0.66,0.82,,-7.2886,-13.2546,-13.3015
710482,富喬元大61購06,2026-10-01,1.16,-0.03,-2.52,3204000000,0,綠增,是,,1.22,1.26,1.29,,-6.0278,-7.8561,16.7575
710483,富喬元大62購01,2026-10-01,1.06,-0.01,-0.93,381000000,0,綠增,是,,1.09,1.13,1.16,,-6.8493,-8.4416,10.1422
710484,富喬元大62購02,2026-10-01,1.17,-0.03,-2.5,1042000000,0,綠增,是,,1.21,1.24,1.28,,-5.1805,-6.4103,14.5936
710486,千附精台新61購01,2026-10-01,0.68,-0.07,-9.33,300000000,0,綠增,是,,0.84,1.14,1.09,,-41.7704,-15.0074,-9.0229
710488,竹陞台新61購01,2026-10-01,0.85,-0.08,-8.6,151000000,0,綠增,是,,0.88,1.02,0.96,,-23.5702,-8.0397,-12.243
710489,譜瑞台新61購01,2026-10-01,1.0,-0.02,-1.96,9000000,0,紅增,否,,1.06,1.05,1.27,,0.956,-11.532,-15.5969
710490,譜瑞台新61購02,2026-10-01,0.88,-0.04,-4.35,18000000,0,,否,,0.93,0.96,1.3,,-6.2626,-19.4118,-21.0286
710492,千附精凱基61購02,2026-10-01,0.43,-0.05,-10.42,345000000,0,綠增,是,,0.58,0.8,0.86,,-43.75,-17.0124,-0.5208
710499,世紀*凱基61購01,2026-10-01,6.75,1.25,22.73,4000000,0,,是,,6.92,7.16,4.04,,-6.5875,76.9326,
710500,竹陞凱基61購01,2026-10-01,0.73,-0.08,-9.88,2031000000,0,紅縮,否,,0.76,0.78,0.84,,-5.5,-14.3172,-3.7164
710506,千附精群益61購01,2026-10-01,0.5,-0.03,-5.66,1000000000,0,綠縮,是,,0.54,0.67,0.93,,-30.9645,-37.229,-3.1364
710509,千附精國票62購01,2026-10-01,0.49,-0.04,-7.55,2000000,0,,否,,0.83,0.81,0.76,,4.534,24.3492,-17.2564
710510,世紀*國票62購01,2026-10-01,3.6,0.6,20.0,1000000,0,綠縮,否,,2.8,3.45,3.66,,-31.8713,-14.3921,17.7217
710511,竹陞國票62購01,2026-10-01,0.54,-0.06,-10.0,15000000,0,紅縮,否,,0.56,0.57,0.61,,-6.0811,-11.9632,-13.3239
710513,長佳智國票62購01,2026-10-01,0.41,0.01,2.5,9000000,0,,是,,0.37,0.43,0.52,,-23.1405,-16.2427,-20.122
710515,威剛國票62購02,2026-10-01,0.62,-0.01,-1.59,20000000,0,,否,,0.65,0.73,0.75,,-20.0495,-9.125,
710516,建榮國票61購01,2026-10-01,0.31,0.01,3.33,100000000,0,,否,,0.32,0.35,0.35,,-17.5258,-10.8312,-10.7459
710526,大江永豐61購01,2026-10-01,0.47,-0.03,-6.0,50000000,0,綠縮,否,,0.49,0.53,0.71,,-11.7857,-22.8404,-10.8874
710529,邑錡永豐64購01,2026-10-01,0.55,-0.12,-17.91,10000000,0,綠增,否,,0.65,0.73,0.84,,-20.4434,-17.7201,-15.3263
710532,鈊象永豐65購01,2026-10-01,1.08,0.06,5.88,52000000,0,紅增,否,,0.93,0.85,0.9,,19.8454,7.1608,-3.885
710534,新普永豐61購01,2026-10-01,0.85,0.0,0.0,12000000,0,綠縮,否,,0.88,0.99,1.23,,-19.6721,-19.5776,-6.6084
710535,譜瑞永豐61購01,2026-10-01,0.39,-0.02,-4.88,100000000,0,紅增,是,,0.42,0.41,0.53,,3.4314,-14.6091,-18.0264
710541,譜瑞永豐67購01,2026-10-01,1.22,-0.01,-0.81,16000000,0,紅增,否,,1.22,1.2,1.25,,4.7945,0.0837,-3.9464
710545,巨有國泰62購01,2026-10-01,5.8,-0.9,-13.43,418000000,0,紅縮,是,,5.09,3.95,2.38,,80.7528,109.8195,89.6813
710546,竹陞國泰62購01,2026-10-01,1.63,-0.12,-6.86,81000000,0,紅縮,否,,1.66,1.67,1.74,,-1.1876,-9.1205,0.1438
710547,青雲國泰62購01,2026-10-01,0.62,-0.02,-3.12,130000000,0,紅縮,否,,0.62,0.68,0.64,,-16.442,2.406,-0.0776
710548,青雲國泰62購02,2026-10-01,0.5,-0.01,-1.96,131000000,0,綠增,是,,0.5,0.56,0.54,,-18.0328,0.9091,-1.8116
710551,安勤富邦62購01,2026-10-01,0.44,-0.02,-4.35,1000000,0,紅縮,否,,0.45,0.44,0.46,,4.6729,1.6241,-8.3083
710556,竹陞永豐61購01,2026-10-01,1.19,-0.03,-2.46,18000000,0,,否,,1.28,1.38,1.39,,-13.1436,3.4509,
710558,竹陞永豐65購01,2026-10-01,0.88,-0.05,-5.38,35000000,0,紅縮,否,,0.89,0.91,0.94,,-4.7009,-7.1138,1.2439
710559,均豪永豐64購01,2026-10-01,0.84,0.0,0.0,18000000,0,,否,,0.79,0.84,0.86,,-10.8597,-5.7497,-2.2222
710562,宜鼎永豐64購02,2026-10-01,0.52,-0.03,-5.45,18000000,0,綠縮,否,,0.55,0.62,0.72,,-19.883,-19.896,-5.0492
710566,家登永豐61購02,2026-10-01,1.35,0.03,2.27,59000000,0,,否,,1.3,1.27,1.24,,4.0064,-0.5469,-5.4178
710567,富喬永豐61購03,2026-10-01,0.57,0.02,3.64,340000000,0,,是,,0.57,0.61,0.65,,-13.4146,-13.3144,
710568,富喬永豐66購02,2026-10-01,0.98,-0.02,-2.0,176000000,0,,是,,1.04,1.07,1.07,,-5.1095,-3.7838,
710569,群翊永豐61購01,2026-10-01,0.76,-0.08,-9.52,11000000,0,,否,,0.75,0.83,,,-17.5055,-14.1092,
710573,雙鴻永豐61購05,2026-10-01,2.22,-0.54,-19.57,142000000,0,,是,,2.69,2.36,1.97,,32.8402,16.3054,31.3686
710575,雙鴻永豐67購01,2026-10-01,2.97,-0.58,-16.34,18000000,0,紅縮,否,,3.36,3.04,2.38,,24.0413,24.5592,32.276
710578,中光電元大61購03,2026-10-01,0.57,-0.04,-6.56,30000000,0,綠轉紅,是,,0.61,0.61,1.04,,-1.9355,-31.5496,-16.8675
710580,世界元大66購05,2026-10-01,0.44,0.02,4.76,144000000,0,紅增,否,,0.41,0.38,0.36,,16.0,8.6207,-0.5464
710581,均豪元大61購01,2026-10-01,0.39,0.03,8.33,188000000,0,紅增,是,,0.36,0.38,0.41,,-10.9453,-12.4424,-7.3034
710582,宏捷科元大67購01,2026-10-01,0.69,0.01,1.47,516000000,0,紅增,是,,0.65,0.64,0.7,,3.1746,-8.4406,-3.7905
710583,佳邦元大61購01,2026-10-01,0.14,0.03,27.27,1000000,0,,是,,0.18,0.26,,,-49.4318,-45.8078,
710584,欣銓元大61購01,2026-10-01,1.09,0.0,0.0,395000000,0,紅縮,否,,1.13,1.18,1.14,,-8.3062,1.3781,1.468
710586,富喬元大64購03,2026-10-01,0.73,0.0,0.0,291000000,0,綠增,是,,0.74,0.76,0.79,,-5.3571,-7.0646,10.7898
710587,富喬元大65購03,2026-10-01,0.84,-0.02,-2.33,1869000000,0,綠增,是,,0.87,0.89,0.9,,-4.8352,-5.6323,10.9816
710590,中美晶群益64購01,2026-10-01,0.87,-0.19,-17.92,713000000,0,紅增,是,,0.79,0.72,0.7,,20.4893,9.4082,3.6162
710591,竹陞群益61購01,2026-10-01,0.46,-0.02,-4.17,1000000,0,紅增,否,,0.46,0.53,0.55,,-23.2323,-12.7907,-16.4625
710592,均豪群益61購01,2026-10-01,1.15,-0.01,-0.86,72000000,0,紅增,否,,1.05,1.04,1.17,,0.9653,-15.9806,3.2527
710593,佳邦群益61購01,2026-10-01,0.57,0.1,21.28,204000000,0,,是,,0.59,0.65,0.87,,-18.3844,-16.9427,
710594,宜特群益61購01,2026-10-01,0.99,-0.04,-3.88,46000000,0,,否,,1.0,1.13,1.42,,-21.0111,-18.6648,
710597,中美晶國泰63購01,2026-10-01,1.77,0.04,2.31,413000000,0,紅增,是,,1.5,1.44,1.43,,8.5507,4.8834,-9.1489
710598,家登國泰62購01,2026-10-01,1.09,-0.05,-4.39,28000000,0,紅縮,否,,1.11,1.04,0.97,,14.1684,3.6779,3.3672
710601,宏觀富邦63購01,2026-10-01,0.29,-0.02,-6.45,20000000,0,,否,,0.31,0.3,0.32,,4.7945,-4.4728,
710603,耕興富邦63購01,2026-10-01,0.47,0.0,0.0,67000000,0,綠縮,否,,0.47,0.51,0.58,,-17.3759,-13.8796,-10.4294
710604,湧德富邦63購01,2026-10-01,0.54,-0.01,-1.82,181000000,0,紅增,否,,0.55,0.55,0.6,,-1.0791,-11.0932,-1.2397
710605,中光電凱基61購02,2026-10-01,0.1,0.0,0.0,20000000,0,紅增,否,,0.11,0.12,0.31,,-11.4754,-40.1042,-35.9133
710606,巨有凱基61購01,2026-10-01,2.72,-0.8,-22.73,470000000,0,紅縮,是,,2.4,1.76,1.01,,114.6429,147.1248,122.677
710608,富喬凱基61購04,2026-10-01,0.73,0.04,5.8,332000000,0,,是,,0.73,0.79,0.87,,-14.7196,-18.4156,
710611,中美晶台新61購02,2026-10-01,2.05,0.2,10.81,22000000,0,,否,,1.62,1.54,,,10.6849,3.7787,
710614,原相台新61購01,2026-10-01,0.61,-0.01,-1.61,257000000,0,,是,,0.87,1.1,,,-34.8872,,
710617,鈊象台新61購01,2026-10-01,1.0,0.12,13.64,60000000,0,,是,,0.81,0.72,,,28.0757,-24.1343,
710618,群聯台新61購01,2026-10-01,0.93,-0.1,-9.71,29000000,0,,否,,1.0,1.11,,,-18.6275,-11.6945,
710619,九暘元大61購01,2026-10-01,0.56,-0.05,-8.2,36000000,0,,是,,0.57,0.49,,,42.2886,-18.5619,
710621,台嘉碩元大61購01,2026-10-01,0.32,0.07,28.0,35000000,0,,是,,0.29,0.37,,,-34.5291,-27.6471,
710622,安可元大61購01,2026-10-01,0.6,-0.25,-29.41,224000000,0,,是,,0.68,0.74,,,-16.0891,-28.351,
710624,宜鼎元大61購06,2026-10-01,0.51,-0.03,-5.56,775000000,0,綠縮,是,,0.55,0.6,0.77,,-15.7407,-19.6501,-8.3234
710630,富喬元大61購08,2026-10-01,0.82,0.02,2.5,411000000,0,,否,,0.84,0.88,0.93,,-7.8775,-10.7724,
710631,富喬元大64購04,2026-10-01,0.73,0.02,2.82,239000000,0,,是,,0.73,0.74,0.77,,-4.7244,-7.3474,9.6429
710632,碩禾元大61購03,2026-10-01,0.18,-0.06,-25.0,130000000,0,紅縮,是,,0.27,0.2,0.26,,107.8125,-0.505,-24.8217
710633,臺慶科元大64購01,2026-10-01,0.61,0.05,8.93,143000000,0,,是,,0.59,0.61,0.66,,-6.962,-11.5942,-12.9715
710634,臺慶科元大67購01,2026-10-01,0.55,0.07,14.58,337000000,0,,是,,0.52,0.57,0.55,,-16.6134,2.5,-11.2631
710635,寶雅元大61購01,2026-10-01,1.21,0.01,0.83,13000000,0,,否,,1.32,1.47,1.71,,-18.4178,-30.2138,
710636,川寶國票65購01,2026-10-01,0.68,-0.03,-4.23,203000000,0,,是,,0.65,0.58,0.49,,28.9683,29.6629,
710637,中美晶國票61購04,2026-10-01,0.52,0.04,8.33,130000000,0,,是,,0.45,0.47,0.73,,-7.7869,-26.3736,
710638,中裕國票65購01,2026-10-01,0.52,-0.05,-8.77,269000000,0,紅縮,否,,0.57,0.57,0.6,,-1.049,-4.2088,-1.8699
710639,日揚國票65購01,2026-10-01,0.39,0.05,14.71,100000000,0,,是,,0.37,0.45,,,-32.1033,,
710640,安可國票61購01,2026-10-01,0.33,-0.1,-23.26,92000000,0,,是,,0.3,0.25,,,48.0392,0.0,
710641,金雨國票65購01,2026-10-01,0.14,-0.01,-6.67,20000000,0,,是,,0.14,0.15,0.2,,-12.1951,-14.4444,-36.9327
710643,威潤國票65購01,2026-10-01,0.25,0.0,0.0,4000000,0,綠縮,是,,0.26,0.3,0.36,,-21.8935,-16.3889,-20.3279
710645,泰藝國票61購01,2026-10-01,0.32,0.07,28.0,146000000,0,,是,,0.44,,,,,,
710646,晟田國票61購01,2026-10-01,1.0,-0.09,-8.26,18000000,0,綠縮,是,,1.07,1.09,1.36,,-4.9911,-22.9577,-16.3859
710647,崇越電國票65購01,2026-10-01,0.57,0.0,0.0,3000000,0,,否,,0.54,0.61,0.61,,-19.2878,-12.7507,
710648,富強鑫國票65購01,2026-10-01,0.95,0.08,9.2,73000000,0,,是,,0.86,0.82,,,10.567,,
710649,瑞耘國票65購01,2026-10-01,1.17,0.07,6.36,657000000,0,,是,,0.87,0.82,0.76,,10.4592,6.5891,
710650,精拓科國票65購01,2026-10-01,0.58,-0.04,-6.45,420000000,0,,否,,0.6,0.58,,,8.6643,4.5208,
710654,中美晶群益63購01,2026-10-01,0.95,0.06,6.74,999000000,0,紅增,是,,0.83,0.8,0.81,,9.7625,0.1259,-20.2463
710659,宜鼎群益61購01,2026-10-01,0.47,-0.02,-4.08,1167000000,0,綠縮,是,,0.51,0.58,0.79,,-21.2308,-25.7033,-8.7108
710664,晶宏群益61購01,2026-10-01,0.81,-0.01,-1.22,557000000,0,,是,,0.84,1.0,1.13,,-27.0833,-24.2586,
710666,九暘凱基61購01,2026-10-01,0.33,-0.26,-44.07,81000000,0,,是,,0.47,0.34,0.39,,124.7619,30.6513,
710667,川寶凱基61購01,2026-10-01,0.82,-0.36,-30.51,703000000,0,紅縮,否,,0.8,0.58,0.53,,117.9348,45.1613,15.0862
710668,中美晶凱基61購06,2026-10-01,1.12,0.02,1.82,70000000,0,紅增,是,,0.89,0.85,0.87,,9.828,1.7878,-20.4184
710670,世界凱基66購01,2026-10-01,0.64,0.02,3.23,126000000,0,,是,,0.6,0.52,0.56,,37.8995,8.5417,
710673,台嘉碩凱基61購01,2026-10-01,0.25,0.06,31.58,20000000,0,,是,,0.19,0.23,0.32,,-29.1971,-17.0213,
710678,東浦凱基61購01,2026-10-01,0.25,-0.05,-16.67,10000000,0,,是,,0.5,0.86,,,-58.8235,,
710681,泰藝凱基61購01,2026-10-01,0.15,0.04,36.36,3000000,0,,否,,0.19,,,,,,
710682,高僑凱基61購01,2026-10-01,0.35,-0.01,-2.78,50000000,0,,是,,0.3,0.32,0.46,,-15.9091,-13.8298,
710683,崇越電凱基61購01,2026-10-01,0.56,-0.02,-3.45,40000000,0,,是,,0.52,0.54,0.68,,-4.3796,-17.6651,-8.1208
710685,晶宏凱基61購01,2026-10-01,0.76,-0.03,-3.8,360000000,0,綠縮,是,,0.79,0.96,1.09,,-29.7872,-27.7108,3.6087
710686,越峰凱基61購01,2026-10-01,0.12,0.02,20.0,92000000,0,,是,,0.12,0.3,,,-76.1317,,
710687,陽程凱基61購02,2026-10-01,3.88,-0.38,-8.92,211000000,0,紅縮,否,,3.89,3.34,2.83,,39.1553,11.1814,43.4507
710688,碩禾凱基61購01,2026-10-01,0.2,-0.08,-28.57,265000000,0,紅縮,否,,0.37,0.26,0.22,,159.1549,67.7632,-3.0369
710689,中光電台新61購01,2026-10-01,0.17,-0.01,-5.56,998000000,0,,是,,0.2,0.41,0.91,,-66.7763,-55.2486,
710691,中美晶台新61購03,2026-10-01,0.94,0.16,20.51,96000000,0,,是,,0.74,0.72,0.85,,7.8261,2.2825,-21.1386
710694,台嘉碩台新61購01,2026-10-01,0.51,0.09,21.43,113000000,0,,是,,0.47,0.47,,,0.0,-6.0484,
710695,台嘉碩台新61購02,2026-10-01,0.37,0.08,27.59,100000000,0,,是,,0.36,0.37,,,-6.2827,-21.4437,
710699,欣銓台新61購01,2026-10-01,0.54,0.01,1.89,198000000,0,,是,,0.56,0.66,0.73,,-27.154,-13.4641,
710700,欣銓台新61購02,2026-10-01,0.52,0.02,4.0,91000000,0,,否,,0.55,0.69,,,-33.8942,-16.1408,
710703,家登台新64購01,2026-10-01,0.94,-0.02,-2.08,200000000,0,,否,,0.95,0.91,,,9.7222,,
710705,九暘永豐61購01,2026-10-01,0.41,-0.04,-8.89,2024000000,0,紅縮,是,,0.42,0.34,0.31,,64.8438,30.888,4.5378
710707,川寶永豐61購01,2026-10-01,0.78,0.17,27.87,20000000,0,,是,,0.63,0.51,0.46,,60.4061,50.0,
710710,巨漢永豐61購01,2026-10-01,0.33,-0.01,-2.94,1571000000,0,,是,,0.4,0.62,,,-51.5588,,
710714,良維永豐61購01,2026-10-01,0.69,-0.01,-1.43,71000000,0,,否,,0.73,0.65,,,27.8169,,
710715,奇鈦科永豐61購01,2026-10-01,0.21,0.0,0.0,1000000,0,紅增,是,,0.23,0.26,0.3,,-21.5278,-25.2907,-22.2222
710716,奇鈦科永豐61購02,2026-10-01,0.24,-0.01,-4.0,300000000,0,紅增,否,,0.25,0.23,0.29,,21.5686,-6.9959,-12.0
710719,欣銓永豐64購02,2026-10-01,0.61,0.0,0.0,319000000,0,紅縮,是,,0.63,0.64,0.72,,-4.8632,-12.0548,-5.9672
710723,崇越電永豐61購01,2026-10-01,0.58,-0.02,-3.33,34000000,0,綠縮,是,,0.55,0.6,0.72,,-14.8148,-19.7861,0.1389
710724,崇越電永豐61購02,2026-10-01,0.55,-0.01,-1.79,2000000,0,,否,,0.69,0.82,,,-28.1837,,
710726,堡達永豐64購01,2026-10-01,0.58,0.12,26.09,30000000,0,,否,,0.6,0.52,,,38.5321,,
710727,晶宏永豐61購01,2026-10-01,1.07,0.05,4.9,20000000,0,,是,,1.26,1.45,,,-22.9268,-5.5917,
710728,華洋永豐61購01,2026-10-01,0.38,0.04,11.76,100000000,0,,是,,0.36,0.38,0.41,,-14.0097,-5.1724,
710729,越峰永豐61購01,2026-10-01,0.23,0.07,43.75,147000000,0,,是,,0.25,0.17,0.2,,186.0465,32.8,-34.2062
710730,陽程永豐61購01,2026-10-01,3.34,-0.06,-1.76,8000000,0,,是,,3.14,2.57,,,56.6301,90.9496,
710732,精星永豐61購01,2026-10-01,0.47,-0.05,-9.62,4000000,0,,否,,0.51,0.64,,,-33.7696,-24.8521,
710739,中美晶國票65購01,2026-10-01,1.16,0.02,1.75,6000000,0,紅增,是,,1.02,0.98,0.99,,9.188,3.3791,-13.8187
710741,松上國票61購01,2026-10-01,0.14,0.0,0.0,13000000,0,,是,,0.15,0.2,0.29,,-36.3636,-24.7148,
710742,欣銓國票61購03,2026-10-01,0.67,-0.04,-5.63,35000000,0,,否,,0.8,,,,,,
710743,青雲國票61購01,2026-10-01,1.13,-0.03,-2.59,30000000,0,紅縮,否,,1.11,1.17,1.13,,-10.0486,-1.0135,-2.5806
710744,盈正國票65購01,2026-10-01,0.42,-0.01,-2.33,41000000,0,紅縮,是,,0.44,0.45,0.43,,-3.9301,3.6951,-0.2307
710750,勤凱國票61購01,2026-10-01,0.33,0.16,94.12,5000000,0,,否,,0.21,0.33,,,-52.6549,-23.6239,
710751,頎邦國票65購01,2026-10-01,0.98,0.14,16.67,212000000,0,紅增,是,,0.88,0.88,0.77,,1.6129,10.2015,7.3971
710753,擎邦國票61購01,2026-10-01,0.81,0.05,6.58,416000000,0,紅增,是,,0.72,0.61,0.56,,40.9449,18.3752,7.9731
710754,耀穎國票65購01,2026-10-01,1.02,0.1,10.87,111000000,0,紅縮,否,,0.96,0.86,0.65,,25.7218,27.9762,31.9062
710761,華景電元大64購01,2026-10-01,0.47,0.01,2.17,400000000,0,,否,,0.48,0.61,,,-34.4173,-22.1656,
710763,頎邦元大61購01,2026-10-01,1.13,0.18,18.95,33000000,0,,是,,1.1,0.97,0.81,,31.8182,46.8182,-1.6344
710766,竹陞凱基61購02,2026-10-01,0.25,-0.05,-16.67,7102000000,0,綠增,否,,0.28,0.3,0.35,,-7.1895,-22.5722,-22.3333
710768,欣銓凱基61購02,2026-10-01,0.83,-0.04,-4.6,4000000,0,,否,,1.02,0.98,0.96,,8.5288,5.6156,
710770,富喬凱基61購05,2026-10-01,0.9,-0.04,-4.26,179000000,0,,否,,0.97,1.02,1.09,,-9.4796,-12.0926,11.259
710773,中美晶永豐61購01,2026-10-01,0.86,0.11,14.67,312000000,0,,是,,0.79,0.75,0.75,,12.5356,-0.7979,
710778,宜鼎永豐66購01,2026-10-01,0.76,0.0,0.0,22000000,0,綠縮,否,,0.79,0.83,1.01,,-9.8174,-19.0476,-3.4928
710784,新漢永豐61購01,2026-10-01,0.53,0.01,1.92,6000000,0,,是,,0.6,0.76,,,-34.2105,-22.0619,
710785,頎邦永豐61購02,2026-10-01,0.71,0.14,24.56,102000000,0,紅增,否,,0.62,0.64,0.54,,-8.0357,10.8247,16.7568
710786,頎邦永豐64購01,2026-10-01,1.27,0.17,15.45,498000000,0,紅增,是,,1.14,1.13,0.98,,2.1467,11.7705,13.4104
710788,寶雅永豐61購01,2026-10-01,0.46,-0.04,-8.0,130000000,0,綠縮,否,,0.51,0.59,0.72,,-25.2941,-15.864,-20.7943
710790,巨有台新61購01,2026-10-01,2.8,-0.48,-14.63,584000000,0,,是,,2.07,1.28,,,327.686,161.6803,
710793,宜鼎台新61購04,2026-10-01,0.3,0.0,0.0,55000000,0,綠縮,是,,0.32,0.43,0.47,,-41.9118,-21.1009,-12.7323
710794,晟田台新61購01,2026-10-01,0.79,-0.09,-10.23,28000000,0,紅增,否,,0.8,0.79,0.92,,3.8961,-5.7623,-12.5595
710798,中美晶富邦61購02,2026-10-01,0.57,0.03,5.56,27000000,0,紅增,否,,0.45,0.42,0.45,,16.4948,-0.4739,-16.5289
710799,欣銓富邦61購01,2026-10-01,0.35,0.0,0.0,74000000,0,紅縮,否,,0.37,0.39,0.36,,-11.0577,0.2551,-1.4925
710800,陽程富邦61購01,2026-10-01,2.81,-0.21,-6.95,25000000,0,紅增,否,,2.44,2.26,1.97,,17.9537,3.2465,33.6957
710801,頎邦富邦63購01,2026-10-01,0.65,0.07,12.07,417000000,0,紅增,否,,0.59,0.59,0.52,,0.678,9.0239,13.6314
710802,頎邦富邦64購01,2026-10-01,0.67,0.08,13.56,20000000,0,紅縮,是,,0.65,0.59,0.49,,25.7692,20.2869,5.8378
710805,中美晶群益61購01,2026-10-01,2.6,0.12,4.84,1232000000,0,紅增,是,,2.13,2.04,2.06,,9.2308,3.0303,-2.7883
710806,世界群益61購02,2026-10-01,1.31,0.14,11.97,312000000,0,紅增,是,,1.14,1.04,0.97,,21.4894,18.0272,2.5303
710807,台特化群益61購01,2026-10-01,1.04,-0.04,-3.7,86000000,0,,否,,0.95,0.97,,,-2.8571,6.6225,
710808,均豪群益61購02,2026-10-01,1.38,-0.01,-0.72,162000000,0,綠縮,否,,1.33,1.34,1.48,,-2.0679,-15.404,-3.1005
710809,良維群益61購03,2026-10-01,1.33,0.01,0.76,10000000,0,紅增,否,,1.28,1.31,1.27,,-5.0445,-2.0864,-0.0394
710811,威剛群益61購04,2026-10-01,0.76,-0.01,-1.3,35000000,0,,是,,0.84,0.9,0.92,,-12.4481,-7.0915,-4.2231
710815,鈊象群益64購01,2026-10-01,0.37,0.05,15.62,133000000,0,,否,,0.3,0.25,0.24,,41.9048,19.8113,
710816,群聯群益67購02,2026-10-01,1.68,-0.08,-4.55,251000000,0,紅縮,否,,1.75,1.68,1.71,,9.2154,2.5641,0.0292
710817,頎邦群益61購01,2026-10-01,0.84,0.16,23.53,717000000,0,紅增,是,,0.73,0.74,0.64,,-2.1448,9.9851,12.7866
710818,頎邦群益61購02,2026-10-01,0.66,0.1,17.86,684000000,0,紅增,是,,0.59,0.59,0.48,,-1.0067,14.4788,-0.1042
710819,雙鴻群益61購01,2026-10-01,5.5,-0.25,-4.35,45000000,0,紅縮,否,,5.02,4.65,3.36,,17.2978,40.4654,32.7992
710821,世紀*凱基61購02,2026-10-01,4.63,-1.12,-19.48,36000000,0,,否,,1.27,,,,,,
710822,良維凱基61購02,2026-10-01,1.18,0.01,0.85,120000000,0,紅轉綠,是,,1.18,1.18,1.15,,1.1966,-5.004,5.3522
710824,家登凱基61購01,2026-10-01,1.02,-0.06,-5.56,1000000,0,,否,,1.03,1.01,0.98,,4.2596,9.4565,
710826,頎邦凱基61購01,2026-10-01,0.45,0.12,36.36,9551000000,0,,是,,0.37,0.38,0.31,,-6.1538,15.9509,
710828,竹陞台新61購03,2026-10-01,0.46,-0.04,-8.0,3000000,0,,否,,0.47,0.48,0.55,,-4.8583,-18.3051,-19.7674
710829,朋程台新61購01,2026-10-01,0.34,0.01,3.03,15000000,0,,否,,0.41,0.44,,,-11.1588,,
710831,朋程台新63購01,2026-10-01,1.2,0.02,1.69,169000000,0,,否,,1.15,1.25,,,-14.1369,,
710832,朋程台新64購01,2026-10-01,0.62,0.02,3.33,26000000,0,,否,,0.6,0.77,,,-35.0538,,
710833,博大台新61購01,2026-10-01,0.76,0.17,28.81,347000000,0,,是,,0.63,0.65,0.77,,-7.9179,-12.1984,
710837,頎邦台新61購01,2026-10-01,1.17,0.24,25.81,671000000,0,紅增,否,,1.0,1.0,0.82,,0.6024,16.9789,17.9008
710838,頎邦台新61購02,2026-10-01,0.97,0.21,27.63,2162000000,0,紅增,否,,0.83,0.85,0.69,,-4.388,16.0274,16.2615
710843,世紀*永豐61購01,2026-10-01,3.14,0.42,15.44,102000000,0,,是,,2.63,2.96,3.41,,-20.3277,-21.7081,
710844,神準永豐65購01,2026-10-01,0.72,0.04,5.88,103000000,0,,否,,0.7,,,,,,
710847,榮剛永豐61購01,2026-10-01,0.62,-0.02,-3.12,2000000,0,綠縮,否,,0.61,0.64,0.76,,-8.0838,-14.4192,-7.7623
710848,榮剛永豐61購02,2026-10-01,0.45,-0.05,-10.0,103000000,0,,否,,0.47,0.6,0.66,,-35.989,-16.7364,
710852,友威科國票65購01,2026-10-01,0.65,-0.02,-2.99,627000000,0,紅縮,否,,0.63,0.56,0.49,,28.2787,19.2719,11.0236
710856,邑錡國票63購01,2026-10-01,0.34,0.0,0.0,34000000,0,,是,,0.37,0.43,0.56,,-26.506,-21.8807,
710858,易發國票65購01,2026-10-01,0.64,0.01,1.59,450000000,0,,否,,0.58,0.51,0.46,,29.5964,13.5255,
710863,原相國票61購01,2026-10-01,0.21,-0.02,-8.7,1997000000,0,,是,,0.68,,,,,,
710865,泰詠國票65購01,2026-10-01,0.45,0.01,2.27,20000000,0,,否,,,,,,,,
710868,博大國票65購01,2026-10-01,0.62,0.1,19.23,47000000,0,,是,,0.53,0.54,,,-3.2967,-14.08,
710870,晶宏國票65購01,2026-10-01,0.84,0.0,0.0,125000000,0,,是,,0.85,0.96,,,-20.1869,-18.1277,
710871,越峰國票65購01,2026-10-01,0.28,0.06,27.27,401000000,0,,是,,,,,,,,
710873,碩禾國票65購01,2026-10-01,0.25,-0.03,-10.71,1537000000,0,,是,,0.31,0.25,0.27,,58.1633,11.9469,
710875,鐿鈦國票65購01,2026-10-01,0.6,0.0,0.0,50000000,0,,是,,0.59,0.62,0.65,,-8.3333,-9.2105,
710887,群聯群益67購03,2026-10-01,2.51,-0.12,-4.56,91000000,0,紅縮,否,,2.6,2.49,2.55,,9.604,3.0228,-0.0587
710891,聚和群益61購01,2026-10-01,0.48,-0.04,-7.69,104000000,0,,是,,0.61,,,,,,
710892,雙鴻群益61購02,2026-10-01,7.35,-0.25,-3.29,48000000,0,紅縮,否,,8.7,7.51,5.57,,37.4842,37.4931,42.5006
710893,中美晶元大64購01,2026-10-01,1.57,0.07,4.67,124000000,0,紅增,否,,1.37,1.33,1.33,,6.5217,2.6235,0.6063
710894,中美晶元大66購04,2026-10-01,1.4,0.02,1.45,402000000,0,紅增,否,,1.28,1.21,1.21,,12.8295,4.9393,-0.248
710896,均豪元大61購02,2026-10-01,0.46,-0.02,-4.17,190000000,0,紅增,否,,0.45,0.44,0.5,,2.2831,-15.7795,-3.3882
710897,宜特元大65購01,2026-10-01,0.76,-0.01,-1.3,160000000,0,,是,,0.75,0.73,0.8,,4.7486,-4.5573,-10.3969
710898,宜特元大67購02,2026-10-01,0.47,0.02,4.44,71000000,0,紅增,否,,0.46,0.45,0.51,,5.0459,-6.875,-17.8543
710899,欣銓元大61購02,2026-10-01,0.85,-0.01,-1.16,140000000,0,紅轉綠,是,,0.88,0.94,0.9,,-11.6,-3.0864,1.7484
710900,家登元大61購02,2026-10-01,1.0,0.02,2.04,10000000,0,紅增,否,,0.99,0.93,1.02,,14.5497,-5.2041,-1.3962
710902,臺慶科元大64購02,2026-10-01,0.38,0.03,8.57,62000000,0,紅增,是,,0.36,0.4,0.59,,-17.2727,-24.7191,-11.9549
710903,鑫科元大61購01,2026-10-01,0.27,-0.04,-12.9,299000000,0,,是,,0.25,0.32,,,-33.8542,-48.7961,
710906,利機國票61購01,2026-10-01,0.44,-0.02,-4.35,1000000,0,,否,,0.7,,,,,,
710907,杰力國票65購01,2026-10-01,0.37,0.01,2.78,56000000,0,,否,,0.37,,,,,,
710908,倉和國票65購01,2026-10-01,4.02,-0.26,-6.07,116000000,0,紅轉綠,否,,4.59,4.6,3.51,,-0.3474,18.4136,33.8294
710909,晟田國票61購02,2026-10-01,0.63,-0.06,-8.7,14000000,0,,否,,0.95,1.11,1.31,,-25.2765,-12.9819,
710910,創泓國票61購01,2026-10-01,1.08,-0.08,-6.9,1000000,0,紅增,否,,1.05,1.22,1.27,,-24.531,-3.9494,-7.4344
710913,聖暉*國票65購01,2026-10-01,0.27,0.03,12.5,17000000,0,,否,,0.23,0.25,,,-10.687,,
710914,類比科國票61購01,2026-10-01,0.32,0.02,6.67,20000000,0,,否,,0.36,0.44,,,-32.5758,-12.4752,
710915,寶雅國票61購03,2026-10-01,0.53,-0.03,-5.36,7000000,0,,否,,0.59,0.66,0.8,,-19.2837,-14.2484,
710916,驊訊國票61購01,2026-10-01,0.25,0.03,13.64,120000000,0,,否,,0.26,,,,,,
710921,宜鼎凱基61購02,2026-10-01,0.29,-0.02,-6.45,15000000,0,綠轉紅,否,,0.32,0.35,0.51,,-14.9733,-26.383,-14.547
710922,欣銓凱基61購03,2026-10-01,0.51,-0.05,-8.93,131000000,0,,是,,0.59,0.63,,,-12.012,6.2818,
710923,威剛凱基61購03,2026-10-01,0.85,-0.03,-3.41,51000000,0,,否,,0.88,0.98,,,-18.4502,-17.3109,
710932,家登群益61購04,2026-10-01,1.48,0.01,0.68,163000000,0,紅增,否,,1.45,1.43,1.46,,2.5424,-6.3969,0.4135
710935,精材群益64購02,2026-10-01,1.79,0.04,2.29,3000000,0,紅縮,否,,1.85,1.77,1.53,,9.2308,3.4523,6.5625
710936,中美晶國泰64購01,2026-10-01,1.55,0.05,3.33,127000000,0,紅增,是,,1.31,1.27,1.28,,6.6667,3.2494,-11.8521
710945,杰力永豐64購01,2026-10-01,0.49,0.0,0.0,154000000,0,,是,,0.48,0.55,,,-23.2484,,
710952,宸曜永豐61購01,2026-10-01,0.7,-0.02,-2.78,79000000,0,,是,,0.65,0.72,,,-17.3028,-4.3941,
710958,精剛永豐61購01,2026-10-01,0.34,-0.03,-8.11,280000000,0,,是,,0.34,0.39,,,-22.973,-26.2664,
710961,中美晶元大64購02,2026-10-01,1.47,0.02,1.38,495000000,0,紅增,是,,1.29,1.25,1.26,,7.131,0.0,-6.8417
710962,中美晶元大66購05,2026-10-01,1.31,-0.13,-9.03,219000000,0,紅增,否,,1.23,1.13,1.12,,18.7621,6.8998,4.6642
710964,宜鼎元大61購07,2026-10-01,0.42,-0.02,-4.55,155000000,0,綠增,是,,0.5,0.61,0.71,,-29.8883,-24.8148,-7.9016
710970,頎邦元大61購02,2026-10-01,1.08,0.14,14.89,24000000,0,,是,,0.95,0.95,0.85,,0.6329,19.3225,
710972,譜瑞元大65購03,2026-10-01,0.65,-0.01,-1.52,184000000,0,紅增,否,,0.67,0.64,0.68,,9.5395,-3.0441,-7.5305
710979,宸曜台新61購01,2026-10-01,1.75,0.05,2.94,225000000,0,紅增,是,,1.64,1.4,1.5,,42.6087,2.649,-0.4306
710981,博大台新61購03,2026-10-01,0.3,0.08,36.36,1910000000,0,,是,,0.39,,,,,,
710989,頎邦凱基61購02,2026-10-01,0.56,0.12,27.27,735000000,0,紅增,是,,0.49,0.5,0.52,,-3.5573,3.5417,0.6803
710991,營邦凱基61購01,2026-10-01,1.29,-0.19,-12.84,164000000,0,綠增,是,,1.56,1.57,1.4,,-0.6353,2.482,16.7777
710993,寶雅凱基61購01,2026-10-01,0.77,-0.09,-10.47,170000000,0,綠縮,是,,0.88,1.05,1.52,,-27.6596,-22.4595,-3.5567
710994,欣銓台新61購03,2026-10-01,0.68,-0.11,-13.92,129000000,0,,是,,0.77,0.84,0.8,,-15.5361,-0.7067,
710995,群聯台新61購04,2026-10-01,0.63,-0.03,-4.55,3000000,0,,否,,0.85,,,,,,
710997,大學光國票61購01,2026-10-01,0.43,-0.01,-2.27,10000000,0,綠縮,是,,0.44,0.48,0.58,,-12.5984,-17.6471,-11.5909
711000,長聖國票65購01,2026-10-01,0.6,-0.02,-3.23,149000000,0,,是,,0.61,0.64,,,-7.8313,,
711003,陽程群益61購02,2026-10-01,2.6,-0.34,-11.56,2000000,0,,是,,2.17,2.12,1.63,,4.8263,13.0527,
711004,系統電國泰62購01,2026-10-01,0.89,-0.01,-1.11,63000000,0,,否,,0.73,0.83,,,-21.9616,,
711009,巨有元大61購02,2026-10-01,4.08,-0.27,-6.21,3000000,0,紅增,是,,3.14,2.6,1.63,,51.6441,88.0058,62.7059
711010,立敦元大61購01,2026-10-01,0.34,0.1,41.67,36000000,0,,否,,0.59,1.02,,,-59.5304,,
711012,宜鼎元大61購08,2026-10-01,0.41,-0.01,-2.38,170000000,0,綠縮,否,,0.44,0.45,0.55,,-3.5088,-11.9843,-12.3802
711013,宜鼎元大61購09,2026-10-01,0.66,-0.02,-2.94,19000000,0,綠縮,否,,0.69,0.71,0.9,,-4.9315,-16.6276,-8.8934
711015,朋程元大61購01,2026-10-01,0.41,0.02,5.13,10000000,0,,是,,0.38,0.41,0.49,,-15.625,-18.2178,
711017,美琪瑪元大61購01,2026-10-01,0.75,-0.11,-12.79,112000000,0,,是,,0.91,,,,,,
711020,家登元大61購03,2026-10-01,1.39,-0.07,-4.79,15000000,0,紅縮,是,,1.4,1.35,1.25,,7.5385,4.6548,6.5588
711022,群聯元大64購08,2026-10-01,0.69,-0.02,-2.82,50000000,0,紅縮,是,,0.71,0.67,0.7,,10.2804,0.5961,5.3263
711023,譜瑞元大61購04,2026-10-01,0.92,-0.02,-2.13,34000000,0,紅增,否,,0.94,0.94,1.03,,-0.0,-4.3833,-10.8648
711024,中美晶統一65購01,2026-10-01,0.48,0.03,6.67,1557000000,0,紅增,是,,0.42,0.4,0.4,,7.2165,2.0305,-15.0743
711025,均豪統一65購01,2026-10-01,0.49,-0.02,-3.92,5000000,0,,是,,0.47,0.49,0.51,,-10.0386,-6.9943,
711026,朋程統一65購03,2026-10-01,0.15,0.01,7.14,63000000,0,,否,,0.13,,,,,,
711030,營邦統一67購01,2026-10-01,1.01,-0.15,-12.93,150000000,0,紅轉綠,否,,1.19,1.18,1.06,,0.8503,4.8845,13.5756
711032,中光電永豐61購05,2026-10-01,0.1,-0.02,-16.67,10000000,0,,是,,0.24,0.46,,,-64.4118,-31.0912,
711033,立敦永豐61購02,2026-10-01,0.1,0.03,42.86,40000000,0,,否,,0.32,,,,,,
711034,立敦永豐64購01,2026-10-01,0.27,0.06,28.57,3000000,0,,否,,,,,,,,
711039,群聯永豐64購07,2026-10-01,1.01,-0.07,-6.48,39000000,0,,是,,1.07,1.01,1.03,,12.605,-0.3937,
711044,群聯中信61購01,2026-10-01,0.36,-0.02,-5.26,60000000,0,,是,,0.35,0.39,,,-19.9074,-1.269,
711046,台特化凱基61購01,2026-10-01,1.18,-0.11,-8.53,3000000,0,,是,,1.09,1.01,1.13,,16.7742,-8.2803,
711047,巨有凱基61購02,2026-10-01,5.15,-0.15,-2.83,1000000,0,紅增,是,,3.9,3.1,1.86,,69.5048,108.7483,80.7282
711048,宜特凱基61購04,2026-10-01,0.44,-0.02,-4.35,43000000,0,,否,,0.57,0.64,,,-19.4915,,
711051,原相凱基61購02,2026-10-01,0.2,-0.05,-20.0,100000000,0,,是,,0.46,0.76,,,-56.0837,,
711054,鈊象凱基61購03,2026-10-01,1.71,0.14,8.92,195000000,0,,是,,1.44,1.24,1.3,,39.265,17.4739,-1.1403
711061,家登群益61購05,2026-10-01,0.86,-0.04,-4.44,10000000,0,,是,,0.86,0.86,,,-1.6092,9.379,
711063,群聯群益61購06,2026-10-01,3.35,-0.17,-4.83,5000000,0,紅縮,否,,3.51,3.38,3.55,,7.8058,-0.3537,-3.2606
711066,公準國票65購01,2026-10-01,0.59,-0.01,-1.67,8000000,0,,否,,0.59,0.56,,,9.6654,10.5882,
711067,加百裕國票61購01,2026-10-01,0.28,-0.04,-12.5,2000000,0,,否,,0.32,,,,,,
711068,尼克森國票61購01,2026-10-01,0.14,0.0,0.0,110000000,0,,,,,,,,,,
711071,宜鼎國票65購02,2026-10-01,0.78,0.0,0.0,627000000,0,,否,,0.8,0.86,1.05,,-14.1935,-21.9512,
711072,高僑國票65購01,2026-10-01,0.49,-0.01,-2.0,20000000,0,,是,,0.47,0.47,,,-0.4202,,
711073,智崴國票65購01,2026-10-01,0.41,0.0,0.0,10000000,0,綠縮,是,,0.42,0.44,0.49,,-11.4894,-14.8077,-8.2397
711076,撼訊國票65購01,2026-10-01,0.75,0.13,20.97,551000000,0,,是,,0.65,0.65,,,-1.8237,,
711077,中美晶元大61購03,2026-10-01,1.07,0.1,10.31,195000000,0,,是,,0.92,0.88,0.9,,8.747,-1.1198,-15.9738
711078,台嘉碩元大61購03,2026-10-01,0.87,0.12,16.0,119000000,0,,是,,0.75,0.77,0.84,,-5.0891,-8.918,
711081,群聯元大61購14,2026-10-01,0.95,-0.04,-4.04,50000000,0,紅縮,是,,1.02,0.97,1.03,,11.5721,-2.1212,5.6865
711083,世界國泰62購01,2026-10-01,1.04,0.08,8.33,47000000,0,,是,,0.94,0.88,0.84,,15.2334,14.3603,-8.2469
711084,博大國泰62購01,2026-10-01,0.81,0.19,30.65,378000000,0,綠轉紅,是,,0.64,0.66,0.69,,-6.1225,-6.6011,-6.3308
711085,陽程國泰62購01,2026-10-01,6.05,-0.85,-12.32,10000000,0,,是,,5.68,4.99,3.19,,31.9386,78.7531,
711086,群聯國泰62購03,2026-10-01,1.01,-0.11,-9.82,73000000,0,,是,,1.16,1.26,,,-15.2493,-12.8631,
711087,精材國泰62購02,2026-10-01,3.78,0.0,0.0,22000000,0,紅縮,否,,4.2,3.91,3.41,,15.894,3.6841,19.3672
711088,中美晶富邦61購03,2026-10-01,0.53,0.0,0.0,341000000,0,紅增,是,,0.45,0.43,0.46,,5.1887,-5.0218,-21.6495
711089,立碁富邦64購01,2026-10-01,1.52,0.01,0.66,13000000,0,紅縮,否,,1.46,1.39,1.31,,10.2719,9.348,13.6146
711091,陽程富邦61購02,2026-10-01,1.85,-0.28,-13.15,1000000,0,紅縮,是,,1.77,1.57,1.39,,28.9665,5.2174,33.0297
711092,精材富邦61購01,2026-10-01,1.57,-0.01,-0.63,6000000,0,紅縮,是,,1.68,1.58,1.38,,12.6174,3.4618,16.9571
711096,立端永豐61購01,2026-10-01,0.84,0.0,0.0,130000000,0,紅縮,是,,0.82,0.8,0.74,,3.5533,10.9267,1.3652
711097,松瑞藥永豐61購01,2026-10-01,0.72,0.0,0.0,25000000,0,綠縮,是,,0.74,0.75,0.85,,-1.847,-17.0166,-5.1984
711102,中裕統一69購01,2026-10-01,0.53,-0.01,-1.85,1000000,0,,否,,0.54,,,,,,
711104,台嘉碩統一67購01,2026-10-01,0.54,0.05,10.2,4000000,0,,否,,0.51,0.51,,,-1.1673,7.1279,
711107,巨有統一6C購01,2026-10-01,1.56,0.22,16.42,1073000000,0,,是,,1.07,0.78,,,117.8862,,
711109,杰力統一6C購01,2026-10-01,0.44,0.01,2.33,47000000,0,,否,,0.45,,,,,,
711116,陽程統一6C購01,2026-10-01,1.33,-0.07,-5.0,342000000,0,,否,,1.32,1.23,1.06,,15.993,8.8574,
711118,頎邦統一65購01,2026-10-01,0.71,0.09,14.52,396000000,0,紅增,是,,0.64,0.64,0.54,,2.8754,11.5993,19.2905
711119,頎邦統一67購02,2026-10-01,0.68,0.06,9.68,44000000,0,紅增,否,,0.63,0.63,0.56,,0.9615,7.732,11.122
711121,頎邦統一6C購01,2026-10-01,0.73,0.05,7.35,437000000,0,紅增,是,,0.69,0.69,0.62,,0.5797,7.6205,11.6279
711122,精材統一65購02,2026-10-01,1.17,0.02,1.74,844000000,0,紅轉綠,否,,1.19,1.18,1.09,,2.0619,-3.5275,15.6466
711124,中美晶凱基64購01,2026-10-01,0.98,-0.01,-1.01,288000000,0,,否,,0.85,0.82,,,6.7669,-5.9293,
711126,陽程凱基61購03,2026-10-01,2.77,-0.23,-7.67,118000000,0,,否,,2.76,2.39,2.31,,36.4985,15.7869,
711128,群聯凱基61購08,2026-10-01,1.16,-0.11,-8.66,32000000,0,,否,,1.26,1.27,1.32,,-1.0955,-5.5019,
711129,群聯凱基61購09,2026-10-01,0.96,-0.14,-12.73,21000000,0,,否,,1.11,0.97,1.1,,32.5359,-6.1776,1.8459
711130,頎邦凱基61購03,2026-10-01,0.47,0.09,23.68,577000000,0,紅增,是,,0.41,0.42,0.35,,-1.4286,12.0968,14.3548
711134,茂達台新61購01,2026-10-01,0.37,0.01,2.78,55000000,0,,是,,0.38,0.47,0.56,,-31.4079,-18.6411,
711136,群聯台新67購03,2026-10-01,1.64,-0.07,-4.09,327000000,0,,是,,1.66,1.65,1.62,,0.6075,-2.3077,
711137,群聯台新67購04,2026-10-01,1.34,-0.15,-10.07,10000000,0,,是,,1.31,1.33,1.29,,-2.8148,-4.5194,
711138,頎邦台新61購04,2026-10-01,1.61,0.33,25.78,6655000000,0,紅增,是,,1.38,1.38,1.13,,-0.2886,17.5871,18.6877
711139,頎邦台新61購05,2026-10-01,1.56,0.32,25.81,3125000000,0,紅增,是,,1.33,1.34,1.1,,-0.8915,16.1179,18.4946
711144,天良國票61購01,2026-10-01,0.18,0.01,5.88,77000000,0,綠縮,是,,0.2,0.35,0.8,,-59.9206,-43.9683,-28.4567
711145,巨漢國票61購01,2026-10-01,0.46,-0.01,-2.13,20000000,0,,否,,0.67,,,,,,
711147,奇鈦科國票65購01,2026-10-01,0.43,-0.01,-2.27,31000000,0,,否,,0.43,0.41,0.46,,9.6447,-10.4121,
711150,順達國票65購01,2026-10-01,0.83,-0.09,-9.78,10000000,0,,是,,0.85,0.82,0.85,,8.1013,-0.1215,
711151,精材國票61購04,2026-10-01,1.89,-0.12,-5.97,10000000,0,,是,,2.04,2.04,1.88,,0.098,12.0198,
711156,台特化群益61購02,2026-10-01,1.26,-0.13,-9.35,290000000,0,紅增,是,,1.21,1.14,1.28,,13.5084,-8.5944,3.6062
711157,青雲群益61購01,2026-10-01,0.85,0.02,2.41,295000000,0,紅縮,是,,0.89,0.87,0.82,,3.7296,13.8021,0.2436
711160,鈊象群益61購02,2026-10-01,1.62,0.14,9.46,25000000,0,紅增,是,,1.36,1.16,1.19,,43.5789,17.3428,-4.2003
711162,群聯群益61購07,2026-10-01,1.74,-0.17,-8.9,713000000,0,紅轉綠,是,,1.92,1.85,1.97,,7.0391,0.871,-5.0447
711163,精材群益63購03,2026-10-01,2.89,0.0,0.0,106000000,0,,否,,3.0,3.04,2.61,,-2.5991,-0.719,11.6299
711165,中光電元大61購07,2026-10-01,0.18,-0.02,-10.0,30000000,0,,是,,0.2,0.38,0.48,,-64.1577,-32.6821,
711166,中美晶元大61購04,2026-10-01,0.52,0.01,1.96,718000000,0,,是,,0.47,0.44,0.48,,15.7635,-3.9474,-19.7479
711171,順達元大61購01,2026-10-01,0.74,-0.07,-8.64,246000000,0,,是,,0.76,0.77,0.8,,-2.8133,-6.3183,
711172,群聯元大61購15,2026-10-01,0.82,-0.1,-10.87,31000000,0,紅縮,否,,0.88,0.84,0.88,,9.9502,1.4423,-3.0786
711174,精材元大61購10,2026-10-01,1.11,0.0,0.0,50000000,0,綠增,否,,1.12,1.1,1.03,,3.8889,-2.1333,12.4795
711176,精材元大63購05,2026-10-01,1.56,-0.22,-12.36,21000000,0,紅轉綠,否,,1.64,1.58,1.53,,7.1895,-6.5999,10.7971
711177,營邦元大61購01,2026-10-01,1.37,-0.2,-12.74,259000000,0,綠增,否,,1.65,1.64,1.49,,0.4884,3.2055,11.4521
711185,中美晶統一65購02,2026-10-01,0.59,0.02,3.51,214000000,0,,是,,0.53,0.51,,,9.0909,-15.6667,
711186,中美晶統一67購01,2026-10-01,0.53,0.0,0.0,20000000,0,紅增,是,,0.49,0.45,0.45,,18.5366,4.918,-7.0833
711187,中美晶統一6C購01,2026-10-01,0.64,0.01,1.59,11000000,0,,是,,0.56,0.53,,,9.8425,-16.3265,
711188,台嘉碩統一65購01,2026-10-01,0.5,0.06,13.64,313000000,0,,是,,0.42,,,,,,
711192,亞通統一67購01,2026-10-01,0.85,-0.01,-1.16,1000000,0,,否,,0.87,0.89,,,-5.2402,,
711193,宜鼎統一67購01,2026-10-01,0.52,-0.03,-5.45,150000000,0,,是,,0.55,0.55,0.65,,0.7353,-12.0773,-5.225
711194,昇佳電統一67購01,2026-10-01,0.36,0.0,0.0,107000000,0,,是,,0.36,0.42,,,-24.6862,,
711195,杰力統一65購01,2026-10-01,0.41,0.01,2.5,47000000,0,,否,,0.4,0.45,,,-16.8724,,
711199,堡達統一65購01,2026-10-01,0.48,0.1,26.32,24000000,0,,是,,0.41,0.44,,,-15.0,,
711202,順達統一67購02,2026-10-01,0.4,-0.01,-2.44,161000000,0,,是,,,,,,,,
711203,順達統一67購03,2026-10-01,0.34,0.0,0.0,11000000,0,,是,,0.32,,,,,,
711206,頎邦統一65購02,2026-10-01,0.68,0.06,9.68,20000000,0,,是,,0.66,0.59,,,27.027,,
711207,頎邦統一67購04,2026-10-01,0.72,0.09,14.29,805000000,0,,是,,0.66,0.62,0.54,,13.4948,13.8376,9.9284
711209,碩禾統一67購01,2026-10-01,0.33,-0.04,-10.81,1617000000,0,,是,,0.37,0.32,0.35,,36.0294,7.3579,
711212,大樹永豐61購01,2026-10-01,0.52,-0.01,-1.89,1000000,0,,否,,0.59,0.76,,,-36.0691,-22.63,
711213,中美晶永豐61購03,2026-10-01,1.07,0.06,5.94,56000000,0,,否,,0.96,0.9,,,15.6627,,
711217,頎邦永豐65購01,2026-10-01,0.95,0.11,13.1,235000000,0,紅增,否,,0.87,0.85,0.74,,4.8309,9.5607,16.0407
711218,精材永豐61購03,2026-10-01,1.02,0.01,0.99,96000000,0,綠增,是,,1.05,1.03,0.96,,3.1558,-2.9218,6.8118
711219,精材永豐61購04,2026-10-01,1.51,-0.03,-1.95,186000000,0,,是,,1.63,1.73,1.43,,-10.8315,11.3329,
711221,營邦永豐64購01,2026-10-01,1.37,-0.16,-10.46,16000000,0,,否,,1.62,1.58,1.33,,4.7927,10.328,
711222,廣積國泰62購01,2026-10-01,2.45,0.05,2.08,40000000,0,紅增,是,,2.36,2.16,2.2,,19.6954,9.792,-1.8977
711223,營邦國泰62購01,2026-10-01,3.37,-0.31,-8.42,115000000,0,綠增,是,,3.79,3.79,3.4,,0.1055,4.2045,16.4125
711228,宜特富邦63購01,2026-10-01,0.29,-0.01,-3.33,74000000,0,,是,,0.3,0.33,0.38,,-13.7143,-12.6005,-11.5789
711230,順達富邦63購01,2026-10-01,0.3,-0.03,-9.09,9000000,0,紅縮,是,,0.3,0.29,0.31,,7.1429,-6.7524,-4.3411
711231,鈊象富邦63購02,2026-10-01,0.75,0.07,10.29,632000000,0,紅增,否,,0.65,0.58,0.56,,25.6809,12.1857,-5.303
711232,中美晶台新61購04,2026-10-01,0.52,0.07,15.56,571000000,0,,是,,0.73,,,,,,
711236,陽程群益63購01,2026-10-01,2.9,-0.3,-9.38,307000000,0,,是,,2.92,2.56,2.31,,32.0362,10.9476,
711237,順達群益61購02,2026-10-01,0.58,-0.08,-12.12,5000000,0,,否,,0.6,0.66,0.75,,-17.8571,-14.2303,
711240,中美晶凱基61購07,2026-10-01,0.43,0.01,2.38,140000000,0,,否,,0.32,0.36,0.56,,-20.6897,-12.9187,
711242,青雲凱基61購01,2026-10-01,1.34,-0.02,-1.47,1000000,0,,否,,1.44,1.27,1.28,,31.2044,7.0101,
711243,威剛凱基61購04,2026-10-01,0.97,0.01,1.04,57000000,0,,否,,1.29,1.4,,,-15.2632,,
711249,M31國票61購01,2026-10-01,1.82,0.03,1.68,19000000,0,,否,,1.56,,,,,,
711250,千附國票61購03,2026-10-01,0.43,-0.02,-4.44,2000000,0,,否,,0.48,0.61,,,-36.0215,-42.1801,
711252,巨有國票61購01,2026-10-01,5.7,-0.25,-4.2,37000000,0,紅增,否,,4.19,3.33,2.14,,70.1299,94.5061,67.6205
711254,博智國票61購01,2026-10-01,0.66,0.01,1.54,42000000,0,,否,,0.77,0.84,,,-16.1572,-22.5391,
711255,晶呈國票65購01,2026-10-01,0.86,-0.05,-5.49,105000000,0,,是,,0.77,0.67,0.67,,32.872,13.4907,2.2901
711261,宜鼎元大63購03,2026-10-01,0.69,-0.03,-4.17,50000000,0,綠縮,否,,0.71,0.72,0.88,,-4.0541,-12.4396,-8.8509
711263,家登元大61購04,2026-10-01,0.72,-0.05,-6.49,8000000,0,,是,,0.74,0.74,0.81,,-1.8667,-4.6213,
711264,家登元大61購05,2026-10-01,1.04,-0.02,-1.89,240000000,0,紅縮,否,,1.07,1.01,1.02,,12.9237,0.5,4.2967
711265,凱崴元大61購01,2026-10-01,0.85,-0.02,-2.3,17000000,0,,否,,1.03,1.15,,,-18.8976,,
711266,群聯元大61購16,2026-10-01,1.08,-0.05,-4.42,160000000,0,,是,,1.04,1.15,1.18,,-18.1388,-9.2126,
711267,臺慶科元大61購04,2026-10-01,0.69,0.08,13.11,64000000,0,綠轉紅,是,,0.64,0.65,0.73,,-2.4465,-9.2697,-12.3568
711268,營邦元大61購02,2026-10-01,1.97,-0.23,-10.45,62000000,0,紅轉綠,否,,2.23,2.21,1.88,,1.732,11.5986,15.83
711269,中美晶國泰62購01,2026-10-01,0.91,0.21,30.0,21000000,0,,否,,0.84,0.92,,,-14.9194,,
711270,世界富邦61購03,2026-10-01,0.5,0.03,6.38,47000000,0,,是,,0.45,0.41,0.39,,19.6808,16.0112,-6.0314
711271,博智富邦63購01,2026-10-01,0.39,0.02,5.41,15000000,0,,否,,0.41,0.43,0.48,,-7.1749,-12.4236,-0.8222
711272,富喬富邦61購02,2026-10-01,0.89,-0.07,-7.29,85000000,0,,否,,0.97,1.03,1.04,,-11.1517,-7.2711,11.4377
711273,千附精永豐64購01,2026-10-01,0.9,-0.06,-6.25,63000000,0,,是,,1.27,1.34,,,-9.1429,14.8753,
711276,家登永豐61購03,2026-10-01,0.96,0.0,0.0,66000000,0,,否,,0.93,,,,,,
711282,青雲統一67購01,2026-10-01,1.16,-0.02,-1.69,1000000,0,綠增,否,,1.15,1.17,1.12,,-3.6913,-0.0854,3.8817
711284,神準統一67購02,2026-10-01,0.45,0.04,9.76,130000000,0,,,,,,,,,,
711287,M31台新61購01,2026-10-01,2.16,-0.33,-13.25,45000000,0,紅縮,否,,2.14,1.71,1.52,,66.6147,37.9338,12.9272
711288,M31台新62購01,2026-10-01,1.59,-0.28,-14.97,402000000,0,,否,,1.57,1.34,,,42.3913,13.0068,
711289,M31台新64購01,2026-10-01,1.41,-0.27,-16.07,179000000,0,,是,,1.4,1.2,,,39.0873,20.1396,
711292,頎邦台新61購06,2026-10-01,1.72,0.29,20.28,353000000,0,紅增,否,,1.51,1.49,1.23,,2.171,16.9545,18.608
711293,M31凱基61購01,2026-10-01,1.6,-0.49,-23.44,423000000,0,,是,,1.61,1.33,,,53.5238,19.802,
711294,M31凱基61購02,2026-10-01,1.69,-0.26,-13.33,401000000,0,,否,,1.64,1.36,,,52.037,,
711295,M31凱基61購03,2026-10-01,1.81,-0.41,-18.47,101000000,0,紅縮,否,,1.77,1.46,1.23,,52.8497,37.594,9.8798
711296,千附精凱基61購03,2026-10-01,0.35,-0.03,-7.89,603000000,0,,是,,0.5,0.7,0.63,,-44.1964,-11.6456,
711299,朋程凱基61購02,2026-10-01,0.46,0.01,2.22,99000000,0,,是,,0.53,,,,,,
711300,博智凱基63購01,2026-10-01,1.32,-0.08,-5.71,476000000,0,,是,,1.56,1.69,1.87,,-14.3483,-19.6302,
711301,晶呈凱基61購01,2026-10-01,1.32,-0.14,-9.59,123000000,0,,否,,1.14,0.96,0.97,,45.9184,17.1324,5.6284
711303,群聯凱基65購01,2026-10-01,1.81,-0.13,-6.7,6000000,0,,否,,1.93,1.92,1.93,,0.9424,-2.2912,1.2349
711304,臺慶科凱基64購01,2026-10-01,0.69,0.12,21.05,30000000,0,,否,,0.62,0.66,,,-11.898,-15.736,
711305,營邦凱基61購03,2026-10-01,3.12,-0.28,-8.24,3000000,0,紅轉綠,否,,3.47,3.43,2.96,,2.6005,5.6069,19.6887
711308,宏捷科元大66購01,2026-10-01,1.03,0.01,0.98,143000000,0,紅增,是,,0.98,0.96,1.02,,4.4968,-1.9507,-5.007
711309,宜鼎元大63購04,2026-10-01,0.78,-0.04,-4.88,115000000,0,,否,,0.82,0.91,1.04,,-17.1026,-20.8188,
711310,原相元大61購03,2026-10-01,1.01,-0.03,-2.88,15000000,0,,否,,1.04,1.08,1.36,,-6.7857,-20.0296,
711311,順達元大63購01,2026-10-01,1.37,0.0,0.0,132000000,0,,是,,1.35,1.37,,,-3.4384,-0.7236,
711313,臺慶科元大61購05,2026-10-01,0.86,0.08,10.26,588000000,0,綠縮,是,,0.82,0.83,0.96,,-2.619,-10.8602,-7.3007
711314,世界國泰62購02,2026-10-01,1.4,0.08,6.06,95000000,0,紅增,是,,1.25,1.14,1.05,,20.6166,19.2708,8.6144
711316,鑫聯國泰62購01,2026-10-01,0.61,0.03,5.17,21000000,0,,否,,1.02,,,,,,
711317,久禾光國票61購01,2026-10-01,0.22,0.02,10.0,1000000,0,,否,,0.22,0.3,,,-43.75,,
711320,茂達國票61購02,2026-10-01,0.67,0.03,4.69,33000000,0,,是,,0.76,0.87,,,-21.6049,-20.1657,
711322,晶呈國票64購01,2026-10-01,1.17,0.14,13.59,23000000,0,,否,,0.85,0.78,,,22.0,,
711323,頎邦國票64購01,2026-10-01,1.5,-0.02,-1.32,43000000,0,,否,,1.59,1.49,,,14.2241,16.3934,
711324,寬魚國票61購01,2026-10-01,0.4,0.01,2.56,5000000,0,,否,,0.43,,,,,,
711325,M31群益61購01,2026-10-01,1.79,0.07,4.07,16000000,0,,否,,1.67,1.38,,,53.2967,25.0452,
711326,千附精群益61購02,2026-10-01,0.46,-0.05,-9.8,100000000,0,,否,,0.91,0.99,,,-14.4737,4.666,
711328,博智群益61購02,2026-10-01,2.24,0.01,0.45,47000000,0,綠增,是,,2.66,2.85,3.18,,-12.6067,-17.4429,2.2702
711330,群聯群益63購01,2026-10-01,1.36,-0.06,-4.23,16000000,0,紅轉綠,否,,1.42,1.36,1.38,,9.0769,1.8741,1.0599
711331,M31富邦63購01,2026-10-01,1.26,-0.09,-6.67,223000000,0,紅縮,否,,1.19,1.0,0.89,,45.7002,30.5483,14.0836
711332,九暘統一65購01,2026-10-01,0.68,-0.05,-6.85,389000000,0,紅縮,否,,0.69,0.58,0.53,,46.8085,24.4635,14.7541
711334,M31永豐63購01,2026-10-01,1.48,-0.03,-1.99,84000000,0,,否,,1.32,1.11,,,45.5947,,
711336,原相永豐61購03,2026-10-01,1.06,0.0,0.0,18000000,0,,否,,1.09,1.38,1.76,,-35.434,-27.9167,
711338,晶呈永豐61購01,2026-10-01,0.96,-0.08,-7.69,1547000000,0,紅增,是,,0.84,0.74,0.71,,31.8612,16.8521,6.0134
711339,晶呈永豐64購01,2026-10-01,1.37,0.04,3.01,55000000,0,,否,,1.12,1.01,,,24.4444,5.9811,
711341,良維台新61購01,2026-10-01,1.05,-0.07,-6.25,120000000,0,,否,,1.09,1.06,,,5.2224,15.9563,
711342,創泓台新61購01,2026-10-01,0.39,0.04,11.43,55000000,0,,是,,0.4,0.45,0.5,,-18.9516,-14.6388,
711343,中美晶凱基61購09,2026-10-01,0.33,0.0,0.0,418000000,0,,是,,0.3,0.42,,,-45.2206,,
711347,群聯凱基63購02,2026-10-01,1.47,-0.1,-6.37,119000000,0,紅轉綠,是,,1.57,1.5,1.53,,10.3933,3.2391,-0.6809
711348,頎邦凱基64購02,2026-10-01,1.57,0.15,10.56,70000000,0,,是,,1.48,1.42,1.17,,9.4675,14.7488,
711351,中美晶元大61購05,2026-10-01,0.61,0.02,3.39,58000000,0,,是,,0.53,0.54,0.56,,-0.7435,-8.9983,-22.7242
711352,創泓元大61購01,2026-10-01,0.63,0.08,14.55,260000000,0,,是,,0.64,0.78,,,-29.4505,-26.2357,
711357,加高群益61購01,2026-10-01,1.38,0.2,16.95,54000000,0,,是,,1.17,1.21,,,-6.8471,,
711358,巨有群益61購01,2026-10-01,8.05,0.5,6.62,10000000,0,,是,,5.47,4.18,2.67,,90.0,103.0141,
711359,均豪群益66購01,2026-10-01,1.0,-0.02,-1.96,53000000,0,,否,,0.96,0.94,0.98,,4.3668,-7.4184,
711361,群聯群益61購08,2026-10-01,3.55,-0.25,-6.58,87000000,0,紅轉綠,是,,3.78,3.64,3.79,,7.9474,1.2246,-2.5103
711362,元太永豐61購05,2026-10-01,0.38,-0.02,-5.0,225000000,0,,是,,0.43,0.51,,,-27.7027,-27.8642,
711363,加高永豐61購02,2026-10-01,0.46,0.09,24.32,83000000,0,,是,,,,,,,,
711364,良維永豐61購02,2026-10-01,1.32,-0.06,-4.35,180000000,0,,是,,1.5,1.52,1.38,,-3.2258,4.5236,
711366,敘豐永豐64購01,2026-10-01,0.56,0.01,1.82,499000000,0,,是,,0.53,0.66,,,-34.0852,-14.4703,
711367,凱崴永豐61購01,2026-10-01,0.45,-0.02,-4.26,450000000,0,綠增,是,,0.48,0.56,0.64,,-23.8994,-18.4862,4.0065
711368,博智永豐61購02,2026-10-01,0.85,-0.01,-1.16,126000000,0,,是,,1.02,1.29,,,-34.5711,,
711369,華電網永豐61購01,2026-10-01,0.6,0.03,5.26,180000000,0,,是,,0.57,0.65,,,-23.5135,-8.0282,
711372,群聯永豐64購09,2026-10-01,1.65,-0.1,-5.71,38000000,0,,是,,1.62,1.61,,,1.2531,6.6401,
711374,聖暉*永豐64購01,2026-10-01,0.74,-0.02,-2.63,15000000,0,,否,,0.71,0.73,,,-6.5963,,
711376,中美晶國票64購01,2026-10-01,0.82,0.01,1.23,1000000,0,,,,,,,,,,
711378,敘豐國票61購01,2026-10-01,0.49,0.0,0.0,150000000,0,,是,,0.47,0.63,0.8,,-40.3061,-23.9368,
711380,創泓國票63購01,2026-10-01,0.79,-0.04,-4.82,50000000,0,,是,,0.76,0.86,0.89,,-20.7113,-16.3902,
711384,千附精國泰62購01,2026-10-01,0.68,-0.05,-6.85,1248000000,0,,是,,1.07,1.25,,,-24.7539,,
711385,世界國泰62購03,2026-10-01,1.67,0.1,6.37,159000000,0,,是,,1.52,1.41,1.33,,16.7951,15.5172,
711389,群聯國泰62購04,2026-10-01,1.38,-0.07,-4.83,63000000,0,,是,,1.53,1.45,1.56,,11.3869,-9.7819,
711390,群聯國泰62購05,2026-10-01,1.13,-0.07,-5.83,36000000,0,,是,,1.24,1.18,,,10.1064,-18.3884,
711392,宜鼎富邦61購03,2026-10-01,0.35,-0.04,-10.26,5000000,0,綠縮,是,,0.38,0.39,0.5,,-6.4356,-15.368,-11.5076
711393,群聯富邦63購02,2026-10-01,0.47,-0.03,-6.0,35000000,0,紅轉綠,是,,0.5,0.47,0.5,,10.177,1.0638,6.8596
711394,M31統一67購01,2026-10-01,0.97,-0.26,-21.14,431000000,0,,是,,0.98,0.85,0.77,,33.6986,24.8902,
711395,M31統一67購02,2026-10-01,1.01,-0.07,-6.48,498000000,0,,是,,0.98,0.89,0.82,,22.3881,17.942,6.4161
711396,M31統一6C購01,2026-10-01,0.85,-0.14,-14.14,271000000,0,,是,,0.85,0.77,0.72,,23.0548,15.5224,
711398,千附精統一67購04,2026-10-01,0.46,-0.01,-2.13,102000000,0,,是,,0.55,,,,,,
711403,世紀*統一67購01,2026-10-01,1.9,0.17,9.83,2000000,0,,否,,1.74,1.67,,,8.4682,,
711404,杰力統一67購01,2026-10-01,0.56,0.0,0.0,46000000,0,,是,,0.55,0.58,,,-11.0749,,
711410,元太國票61購01,2026-10-01,0.41,-0.03,-6.82,14000000,0,,是,,0.57,1.03,,,-61.6935,,
711411,天品國票61購01,2026-10-01,1.16,0.0,0.0,342000000,0,,是,,1.1,0.88,,,64.9701,,
711412,系統電國票64購01,2026-10-01,1.28,0.01,0.79,17000000,0,,是,,1.12,,,,,,
711414,青雲國票61購02,2026-10-01,1.86,-0.03,-1.59,25000000,0,紅轉綠,是,,1.88,1.99,1.85,,-10.7312,3.2108,1.3695
711415,耕興國票65購01,2026-10-01,0.57,-0.01,-1.72,47000000,0,,是,,0.58,0.66,,,-20.7084,,
711416,晟田國票62購01,2026-10-01,0.93,-0.08,-7.92,10000000,0,,是,,1.09,1.35,,,-32.7565,-11.6264,
711419,碩禾國票64購01,2026-10-01,0.39,-0.06,-13.33,2058000000,0,紅縮,是,,0.5,0.41,0.39,,50.303,27.8638,1.6753
711420,中美晶台新61購05,2026-10-01,0.41,0.07,20.59,168000000,0,,,,,,,,,,
711427,中美晶凱基61購10,2026-10-01,0.26,0.04,18.18,574000000,0,,是,,0.21,0.2,,,6.1856,,
711429,立敦凱基61購02,2026-10-01,0.07,0.0,0.0,6000000,0,,,,,,,,,,
711430,均豪凱基66購01,2026-10-01,1.24,-0.03,-2.36,104000000,0,,否,,1.19,1.17,1.25,,2.5907,-7.346,
711433,中美晶元大61購06,2026-10-01,1.32,0.12,10.0,240000000,0,紅增,是,,1.11,1.07,1.1,,7.3786,-0.2801,-0.987
711435,中美晶元大61購08,2026-10-01,0.37,0.06,19.35,95000000,0,,是,,0.28,0.26,0.29,,16.3934,-2.9412,
711436,中美晶元大63購03,2026-10-01,0.66,0.06,10.0,120000000,0,,是,,0.58,0.56,0.57,,9.0226,2.3941,
711437,中美晶元大65購04,2026-10-01,0.66,0.01,1.54,221000000,0,,是,,0.59,0.56,0.6,,11.2782,1.9964,
711438,世界元大63購05,2026-10-01,0.71,0.03,4.41,703000000,0,,是,,0.65,0.58,0.7,,26.1719,0.3466,-10.4525
711439,家登元大63購01,2026-10-01,1.73,-0.02,-1.14,37000000,0,,是,,1.7,1.66,1.58,,5.5831,0.975,10.4159
711448,千附永豐64購01,2026-10-01,0.44,0.0,0.0,400000000,0,,是,,0.43,0.43,0.46,,-0.4587,-2.027,
711449,中美晶永豐61購04,2026-10-01,0.85,-0.04,-4.49,98000000,0,,是,,0.73,0.69,0.72,,11.315,-2.6761,
711450,中美晶永豐64購02,2026-10-01,0.73,0.15,25.86,25000000,0,,否,,0.58,,,,,,
711454,宏捷科永豐64購01,2026-10-01,0.67,0.02,3.08,28000000,0,綠轉紅,是,,0.62,0.6,0.7,,6.2069,-13.9568,-7.3587
711455,創惟永豐61購01,2026-10-01,0.76,-0.03,-3.8,13000000,0,,是,,0.81,0.9,1.03,,-16.7689,-13.3462,
711457,湧德永豐61購01,2026-10-01,0.5,0.0,0.0,400000000,0,,是,,0.51,0.51,0.61,,-2.3077,-20.679,-5.5901
711461,中美晶國泰63購02,2026-10-01,0.9,0.08,9.76,46000000,0,,是,,0.74,0.71,,,7.5581,3.4783,
711469,中美晶統一67購03,2026-10-01,0.43,0.01,2.38,10000000,0,,否,,0.37,,,,,,
711470,中美晶統一6C購02,2026-10-01,0.39,-0.02,-4.88,500000000,0,,是,,0.36,0.35,,,7.6923,1.1527,
711471,世界統一6C購01,2026-10-01,0.68,0.02,3.03,10000000,0,,否,,0.64,,,,,,
711472,加高統一67購01,2026-10-01,0.62,0.07,12.73,23000000,0,,否,,,,,,,,
711475,博智統一6C購02,2026-10-01,0.65,-0.02,-2.99,36000000,0,,是,,0.71,0.74,,,-6.0526,4.2433,
711477,雙鴻統一6C購01,2026-10-01,1.05,-0.02,-1.87,55000000,0,,是,,1.12,1.05,0.91,,14.4603,13.2258,
711479,中美晶富邦61購04,2026-10-01,0.16,0.0,0.0,662000000,0,紅增,是,,0.14,0.13,0.13,,17.2414,0.8,-6.2718
711480,台特化富邦61購01,2026-10-01,0.45,0.02,4.65,98000000,0,,否,,0.4,0.42,,,-9.9548,0.7194,
711481,宜鼎富邦61購04,2026-10-01,0.34,-0.03,-8.11,55000000,0,綠縮,是,,0.37,0.38,0.5,,-5.1813,-21.0084,-7.3597
711482,宜鼎群益61購04,2026-10-01,1.17,-0.02,-1.68,330000000,0,綠縮,是,,1.25,1.25,1.57,,-1.4241,-13.8641,-10.4089
711484,世界台新61購02,2026-10-01,0.86,0.06,7.5,371000000,0,,否,,0.75,0.68,0.64,,24.0924,23.2305,
711485,台嘉碩台新61購03,2026-10-01,1.37,0.22,19.13,583000000,0,,是,,1.18,1.15,1.19,,7.0524,-3.457,
711486,巨漢台新61購03,2026-10-01,1.3,0.02,1.56,12000000,0,,是,,1.24,1.44,,,-24.6341,,
711487,良維台新61購02,2026-10-01,1.27,-0.12,-8.63,333000000,0,,否,,1.37,1.28,1.15,,15.4882,5.0041,
711488,亞電台新61購01,2026-10-01,1.37,-0.23,-14.37,511000000,0,綠縮,是,,1.31,1.37,1.54,,-8.6592,-18.4524,7.9972
711489,長科*台新61購01,2026-10-01,0.84,-0.08,-8.7,4000000,0,,否,,0.9,0.96,1.0,,-11.0672,-7.1845,
711492,亞電群益61購02,2026-10-01,1.47,-0.43,-22.63,278000000,0,綠增,是,,1.46,1.51,1.7,,-7.3791,-17.9404,7.8897
711493,亞電群益61購03,2026-10-01,2.27,-0.13,-5.42,140000000,0,綠縮,是,,2.11,2.27,2.61,,-13.6066,-20.8217,6.2475
711495,世界凱基61購02,2026-10-01,1.44,0.14,10.77,22000000,0,,否,,1.24,1.04,,,47.2684,22.3267,
711497,系統電凱基61購02,2026-10-01,1.52,0.0,0.0,42000000,0,,是,,1.18,0.97,,,57.6,8.0537,
711499,昇佳電凱基61購02,2026-10-01,0.53,-0.01,-1.85,2000000,0,,是,,0.53,0.63,,,-26.2431,-19.359,
711501,威剛凱基61購05,2026-10-01,1.46,0.02,1.39,127000000,0,綠縮,是,,1.47,1.51,1.69,,-4.6693,-8.6165,-6.0412
711502,家登凱基63購01,2026-10-01,2.09,0.01,0.48,100000000,0,,是,,2.07,1.95,1.87,,13.1435,4.2872,
711503,富喬凱基61購06,2026-10-01,4.12,-0.02,-0.48,20000000,0,綠增,是,,4.37,4.49,4.16,,-5.2883,-1.6637,20.4634
711505,順達凱基61購05,2026-10-01,1.35,-0.12,-8.16,81000000,0,,是,,1.37,1.3,1.38,,11.3452,-6.1195,
711506,群聯凱基61購11,2026-10-01,2.63,-0.32,-10.85,35000000,0,紅縮,是,,2.84,2.66,2.7,,13.8042,4.5526,-0.4602
711507,頎邦凱基61購04,2026-10-01,2.35,0.26,12.44,80000000,0,,是,,2.24,1.98,1.7,,29.4798,20.376,26.8229
711511,亞電元大61購01,2026-10-01,1.98,-0.59,-22.96,25000000,0,綠增,是,,2.0,2.08,2.27,,-7.1495,-15.1206,6.2061
711512,群聯元大61購18,2026-10-01,1.25,-0.06,-4.58,1000000,0,紅縮,是,,1.36,1.26,1.29,,17.6471,3.1993,1.176
711515,亞電統一69購01,2026-10-01,0.86,-0.11,-11.34,216000000,0,綠縮,是,,0.84,0.86,0.91,,-4.119,-10.7404,5.4588
711517,倉和統一65購01,2026-10-01,4.2,0.07,1.69,247000000,0,紅縮,是,,4.12,4.11,3.12,,0.3897,16.9747,36.8375
711519,亞電永豐64購01,2026-10-01,2.11,-0.34,-13.88,5000000,0,,是,,2.13,2.33,2.16,,-15.8228,-5.2117,
711524,世界國泰62購04,2026-10-01,1.03,0.06,6.19,712000000,0,,否,,0.92,0.9,0.98,,3.6036,-2.1645,
711525,良維國泰62購01,2026-10-01,2.29,-0.14,-5.76,89000000,0,,否,,2.36,2.26,1.96,,9.3519,10.0779,
711526,亞電國泰62購01,2026-10-01,2.67,-0.68,-20.3,47000000,0,綠增,是,,2.69,2.82,2.91,,-8.6897,-14.1377,10.2064
711528,漢科國泰62購01,2026-10-01,1.19,0.03,2.59,115000000,0,,是,,1.07,1.07,,,-0.1866,,
711531,宜特富邦63購02,2026-10-01,0.45,-0.01,-2.17,87000000,0,,是,,0.44,0.43,0.45,,6.7633,-3.1674,-6.4116
711533,朋程富邦63購04,2026-10-01,0.45,0.02,4.65,164000000,0,,否,,0.41,0.4,0.45,,6.7708,-9.1533,
711534,欣銓富邦61購02,2026-10-01,0.52,-0.03,-5.45,37000000,0,,是,,0.56,0.6,0.59,,-14.7239,-1.1457,0.6003
711539,群聯富邦63購03,2026-10-01,1.11,-0.04,-3.48,297000000,0,紅縮,是,,1.17,1.11,1.11,,11.1742,5.288,4.6031
711543,M31國票65購01,2026-10-01,2.39,-0.2,-7.72,22000000,0,,否,,2.28,2.02,,,29.7727,,
711546,亞電國票61購01,2026-10-01,3.69,-0.46,-11.08,9000000,0,,是,,3.9,4.48,4.03,,-22.9554,-5.0636,
711548,榮田國票61購01,2026-10-01,1.06,-0.04,-3.64,17000000,0,,是,,1.11,1.05,,,11.2676,,
711549,巨漢群益61購02,2026-10-01,0.74,0.01,1.37,77000000,0,,是,,0.7,0.94,,,-40.2377,,
711550,群聯群益61購09,2026-10-01,3.92,-0.29,-6.89,61000000,0,綠增,否,,4.18,3.99,4.21,,10.2902,0.5298,-3.0432
711551,千附精國票64購01,2026-10-01,1.02,-0.07,-6.42,39000000,0,,否,,1.09,1.17,1.42,,-13.3971,-21.948,
711552,立碁國票65購01,2026-10-01,5.35,-0.1,-1.83,10000000,0,,是,,5.16,4.99,4.69,,7.4043,6.9269,11.1032
711553,亞電國票63購01,2026-10-01,2.22,-0.57,-20.43,48000000,0,,是,,2.19,2.29,2.32,,-8.1308,-15.2222,8.6723
711556,朋程國票61購01,2026-10-01,1.14,0.03,2.7,91000000,0,,是,,1.07,1.02,1.18,,8.7576,-9.612,
711558,頎邦國票66購01,2026-10-01,1.93,0.23,13.53,165000000,0,紅增,是,,1.77,1.75,1.54,,2.9036,10.7098,14.6097
711559,漢科國票61購01,2026-10-01,0.64,-0.02,-3.03,30000000,0,,是,,,,,,,,
711560,臺慶科國票66購01,2026-10-01,1.31,0.12,10.08,8000000,0,,否,,1.24,1.33,,,-11.773,-9.8505,
711562,亞電台新61購02,2026-10-01,1.44,-0.05,-3.36,380000000,0,,是,,1.43,1.52,1.46,,-11.2763,-9.7749,
711563,亞電台新61購03,2026-10-01,1.57,-0.2,-11.3,75000000,0,,是,,1.55,1.67,1.68,,-13.2812,-16.2243,
711564,青雲台新61購01,2026-10-01,0.89,-0.04,-4.3,176000000,0,,是,,0.9,0.96,0.89,,-11.0672,3.4632,2.4291
711566,千附精凱基61購04,2026-10-01,0.96,-0.08,-7.69,3000000,0,,否,,1.12,1.27,1.52,,-21.097,-23.9689,0.7979
711567,世界凱基61購03,2026-10-01,1.6,0.12,8.11,40000000,0,,否,,1.44,1.38,1.4,,9.8935,2.9873,-2.0351
711568,亞電凱基61購01,2026-10-01,2.37,-0.33,-12.22,98000000,0,綠縮,是,,2.16,2.38,2.55,,-17.1407,-19.926,7.603
711571,群聯凱基66購02,2026-10-01,2.58,-0.19,-6.86,102000000,0,紅縮,是,,2.78,2.65,2.68,,10.4134,2.5969,1.0356
711573,群聯永豐67購03,2026-10-01,1.48,-0.06,-3.9,546000000,0,紅縮,是,,1.54,1.47,1.49,,10.0287,3.2394,0.2361
711575,元太元大66購04,2026-10-01,0.87,-0.01,-1.14,275000000,0,紅增,是,,0.87,0.89,0.99,,-4.1667,-6.9792,-13.7631
711576,均豪元大61購03,2026-10-01,3.49,0.09,2.65,15000000,0,,否,,3.3,3.61,,,-15.9531,-0.7967,
711579,博智元大61購01,2026-10-01,1.79,0.21,13.29,4000000,0,,否,,2.16,2.63,,,-30.7198,-6.7611,
711580,群聯元大61購19,2026-10-01,1.74,-0.1,-5.43,6000000,0,紅轉綠,是,,1.83,1.75,1.8,,8.6905,2.5746,-1.2623
711581,群聯元大63購05,2026-10-01,1.21,-0.1,-7.63,410000000,0,綠縮,是,,1.3,1.23,1.51,,10.7509,-13.2725,-7.8683
711582,聖暉*元大61購03,2026-10-01,0.38,0.06,18.75,120000000,0,,否,,0.31,0.31,,,-3.1646,-28.0093,
711589,能率亞國泰62購01,2026-10-01,1.61,0.05,3.21,36000000,0,,是,,1.49,1.63,,,-15.4977,-16.4018,
711591,群聯國泰62購06,2026-10-01,2.27,-0.12,-5.02,25000000,0,綠增,是,,2.36,2.28,2.33,,7.3636,1.6942,-0.703
711594,長科*統一6C購01,2026-10-01,0.6,-0.02,-3.23,10000000,0,,是,,0.63,,,,,,
711595,群聯統一66購02,2026-10-01,0.57,-0.03,-5.0,200000000,0,,否,,0.55,0.6,,,-15.6442,,
711596,M31富邦63購02,2026-10-01,1.56,-0.11,-6.59,23000000,0,,否,,1.5,1.21,1.07,,65.4185,33.1492,
711597,久元富邦62購02,2026-10-01,0.54,0.0,0.0,30000000,0,,是,,0.55,0.54,0.56,,3.7453,-4.5614,
711599,宏捷科富邦63購01,2026-10-01,0.62,0.02,3.33,246000000,0,紅增,是,,0.57,0.55,0.6,,4.8148,-7.9867,-5.6294
711600,威剛富邦61購01,2026-10-01,0.62,0.0,0.0,160000000,0,,是,,0.63,0.67,0.73,,-9.9432,-7.3407,-7.377
711601,茂達富邦63購03,2026-10-01,0.52,0.02,4.0,524000000,0,,是,,0.51,0.53,0.6,,-6.5693,-10.1695,
711602,頎邦富邦62購01,2026-10-01,1.14,0.13,12.87,22000000,0,紅增,是,,1.05,1.02,0.86,,5.01,16.5148,15.9596
711603,頎邦富邦63購02,2026-10-01,1.11,0.16,16.84,75000000,0,紅增,是,,0.99,0.97,0.82,,4.8626,15.3571,15.6338
711604,中光電凱基61購06,2026-10-01,0.21,-0.03,-12.5,10000000,0,,否,,0.79,,,,,,
711605,世禾凱基61購01,2026-10-01,0.46,0.0,0.0,141000000,0,,是,,0.43,0.42,,,1.4218,,
711606,由田凱基61購01,2026-10-01,3.67,0.54,17.25,33000000,0,紅增,是,,3.04,2.76,2.66,,22.5182,13.3169,13.9914
711607,宜鼎凱基65購01,2026-10-01,1.51,0.0,0.0,40000000,0,,否,,1.53,1.54,1.86,,-2.1795,-11.9292,-5.6738
711609,青雲凱基61購02,2026-10-01,1.21,-0.03,-2.42,74000000,0,,否,,1.2,1.27,1.21,,-10.5812,-0.3918,
711610,家登凱基61購03,2026-10-01,2.08,0.02,0.97,5000000,0,,否,,2.03,1.93,,,11.1475,6.4463,
711611,博智凱基63購02,2026-10-01,1.91,-0.08,-4.02,3000000,0,,否,,2.17,2.17,2.37,,0.0924,-14.0873,
711613,世界台新61購03,2026-10-01,1.83,0.11,6.4,32000000,0,,否,,1.63,1.49,1.37,,20.354,21.5622,4.409
711614,台嘉碩台新61購04,2026-10-01,1.71,0.15,9.62,258000000,0,,是,,1.51,1.4,1.46,,17.0543,-2.6426,1.4946
711617,M31元大61購02,2026-10-01,2.71,-0.47,-14.78,45000000,0,,否,,2.76,2.34,,,43.0052,26.5515,
711618,千附精元大61購03,2026-10-01,0.49,-0.04,-7.55,170000000,0,,是,,0.56,0.61,0.68,,-14.9847,-18.5734,1.3323
711619,元太元大66購05,2026-10-01,0.77,0.01,1.32,603000000,0,,是,,0.78,0.81,1.0,,-7.601,-12.4324,
711620,世禾元大61購01,2026-10-01,0.57,0.02,3.64,1592000000,0,,是,,0.51,0.49,,,7.9832,-22.292,
711621,世界元大61購02,2026-10-01,1.8,0.13,7.78,13000000,0,紅增,是,,1.66,1.56,1.42,,13.7363,15.0037,2.3844
711622,世界元大63購06,2026-10-01,0.89,0.04,4.71,486000000,0,,是,,0.82,0.86,0.89,,-8.9087,-0.5794,-4.3689
711624,欣銓元大67購02,2026-10-01,1.89,0.02,1.07,144000000,0,,否,,1.9,1.93,1.83,,-2.9652,2.7733,3.2513
711625,原相元大61購04,2026-10-01,0.69,0.0,0.0,30000000,0,,是,,0.71,0.97,,,-43.0645,-33.4473,
711626,家登元大61購06,2026-10-01,1.51,-0.1,-6.21,250000000,0,,是,,1.54,1.47,1.42,,10.9195,6.2229,
711627,家登元大65購01,2026-10-01,1.55,-0.02,-1.27,30000000,0,,否,,1.55,1.48,1.46,,10.2564,0.2717,6.8182
711629,臺慶科元大61購06,2026-10-01,1.1,0.11,11.11,213000000,0,,是,,1.06,1.12,1.28,,-10.1695,-10.899,
711630,世界群益61購05,2026-10-01,5.35,0.2,3.88,158000000,0,紅增,是,,4.99,4.61,4.2,,18.1173,16.3806,2.4164
711631,由田群益61購01,2026-10-01,3.8,0.54,16.56,1863000000,0,,是,,3.17,2.95,2.9,,16.777,10.3371,
711633,群聯群益65購01,2026-10-01,4.55,-0.3,-6.19,16000000,0,,否,,4.7,4.52,4.58,,8.1914,2.2835,4.2938
711634,頎邦群益61購03,2026-10-01,2.94,0.17,6.14,29000000,0,紅縮,是,,2.83,2.81,2.41,,1.1445,13.0225,13.8061
711635,世界國票61購05,2026-10-01,1.3,0.09,7.44,14000000,0,,否,,1.16,1.08,,,14.6825,11.7769,
711636,由田國票61購01,2026-10-01,3.44,0.44,14.67,261000000,0,,是,,2.97,2.72,2.69,,20.0647,2.5641,
711639,威剛國票64購01,2026-10-01,1.51,-0.01,-0.66,26000000,0,,否,,1.65,1.76,,,-11.5632,-7.3684,
711641,茂綸國票65購01,2026-10-01,1.13,0.05,4.63,37000000,0,,是,,1.15,1.1,,,9.9426,13.4298,
711642,神準國票65購01,2026-10-01,0.52,0.04,8.33,154000000,0,,是,,0.55,,,,,,
711643,創惟國票65購01,2026-10-01,0.75,-0.01,-1.32,13000000,0,,,,,,,,,,
711645,精確國票65購01,2026-10-01,0.92,0.03,3.37,850000000,0,,是,,0.79,0.73,,,15.8824,11.5502,
711646,銳澤國票65購01,2026-10-01,0.72,0.01,1.41,42000000,0,,是,,0.72,,,,,,
711648,創惟富邦61購01,2026-10-01,0.47,0.0,0.0,92000000,0,,否,,0.54,0.69,,,-34.7722,-22.8443,
711649,巨漢國泰62購01,2026-10-01,0.63,0.0,0.0,48000000,0,,否,,0.59,,,,,,
711650,威剛國泰62購02,2026-10-01,2.03,0.01,0.5,36000000,0,,否,,2.12,2.23,2.42,,-9.727,-10.1169,
711651,家登國泰62購02,2026-10-01,1.69,0.01,0.6,20000000,0,,否,,1.66,1.56,,,13.4247,,
711652,順達國泰62購01,2026-10-01,1.31,-0.08,-5.76,39000000,0,,否,,1.33,1.26,1.28,,11.6162,3.2868,
711653,勤凱國泰62購01,2026-10-01,1.47,0.27,22.5,25000000,0,綠縮,否,,1.26,1.23,1.27,,4.8173,-2.2205,0.837
711654,由田統一67購01,2026-10-01,1.06,0.1,10.42,696000000,0,,是,,0.95,0.89,0.88,,14.6988,6.0714,8.7523
711655,由田統一6C購01,2026-10-01,1.04,0.09,9.47,121000000,0,,否,,0.95,0.89,,,13.1265,3.7166,
711656,立碁統一67購02,2026-10-01,1.15,-0.02,-1.71,188000000,0,紅縮,否,,1.14,1.11,1.06,,6.3433,5.3333,8.8477
711657,立碁統一69購01,2026-10-01,1.2,-0.02,-1.64,179000000,0,,否,,1.18,1.15,1.09,,5.5357,0.8764,
711661,天品永豐64購01,2026-10-01,1.31,0.0,0.0,392000000,0,,否,,1.26,1.07,,,42.6637,36.0759,
711662,世紀*永豐61購02,2026-10-01,7.0,1.0,16.67,2000000,0,,否,,6.43,6.78,5.77,,-9.691,-1.8827,
711667,亞信永豐61購01,2026-10-01,0.78,0.01,1.3,20000000,0,,否,,0.76,0.68,,,24.3421,3.4901,
711668,朋程永豐61購01,2026-10-01,0.94,0.07,8.05,20000000,0,,否,,0.86,0.86,,,-1.6055,-12.8024,
711670,原相永豐61購04,2026-10-01,1.23,-0.04,-3.15,11000000,0,,否,,1.27,1.39,,,-16.6008,,
711671,家登永豐61購05,2026-10-01,3.37,-0.07,-2.03,8000000,0,,否,,3.3,3.12,3.09,,12.2283,1.925,
711675,順達永豐61購03,2026-10-01,1.04,-0.1,-8.77,44000000,0,,否,,1.05,1.1,,,-8.3624,,
711676,順達永豐67購02,2026-10-01,2.09,-0.14,-6.28,11000000,0,,否,,2.05,2.0,2.01,,4.4898,-0.5459,
711679,系微台新61購01,2026-10-01,0.99,0.0,0.0,140000000,0,,是,,1.0,0.9,0.95,,26.5823,2.52,
711680,高技台新61購01,2026-10-01,1.14,-0.08,-6.56,20000000,0,綠增,是,,1.22,1.19,1.31,,5.0086,-8.9025,-2.5354
711683,群聯台新61購05,2026-10-01,0.97,-0.04,-3.96,260000000,0,,是,,1.01,0.95,0.99,,15.7534,-0.8395,
711687,世界凱基61購04,2026-10-01,0.82,0.02,2.5,623000000,0,,否,,0.75,0.67,,,26.0135,19.4643,
711691,鈊象凱基61購04,2026-10-01,1.54,0.21,15.79,419000000,0,,是,,1.29,1.16,,,26.3672,9.1337,
711694,世界元大61購04,2026-10-01,0.71,0.03,4.41,735000000,0,,是,,0.64,0.63,0.66,,3.5599,8.4483,
711695,世界元大63購07,2026-10-01,0.44,0.01,2.33,582000000,0,,否,,0.41,0.38,,,15.8192,-2.551,
711696,欣銓元大67購03,2026-10-01,1.18,0.02,1.72,6000000,0,,否,,1.32,1.29,1.34,,4.4444,1.4173,
711698,家登元大61購07,2026-10-01,1.08,-0.02,-1.82,200000000,0,,是,,1.07,1.03,1.03,,8.1136,0.1953,3.5336
711702,博智元大61購02,2026-10-01,1.03,0.06,6.19,103000000,0,,否,,1.17,1.56,,,-39.7119,-16.9952,
711704,頎邦元大61購05,2026-10-01,0.67,0.09,15.52,13000000,0,,是,,,,,,,,
711710,世界群益61購06,2026-10-01,5.85,0.5,9.35,13000000,0,,否,,5.22,4.79,4.58,,19.4597,13.8209,
711711,欣銓群益61購02,2026-10-01,1.16,0.02,1.75,1263000000,0,,是,,1.19,1.28,1.25,,-12.6285,-0.1565,
711712,威剛群益63購01,2026-10-01,2.96,0.01,0.34,704000000,0,,是,,2.96,2.97,3.18,,-0.4038,-3.7013,-3.3419
711713,高技群益61購01,2026-10-01,0.78,-0.05,-6.02,30000000,0,,否,,0.8,0.85,0.97,,-10.5145,-16.8793,0.9365
711714,鈊象群益61購03,2026-10-01,1.63,0.18,12.41,350000000,0,紅增,否,,1.34,1.12,1.06,,47.3568,23.136,-8.3154
711715,群聯群益65購02,2026-10-01,2.09,-0.09,-4.13,65000000,0,綠增,是,,2.18,2.1,2.12,,7.5099,1.8429,1.4565
711716,頎邦群益61購04,2026-10-01,1.56,0.23,17.29,1029000000,0,,是,,1.46,1.37,1.18,,13.928,13.3499,17.577
711718,營邦群益61購01,2026-10-01,2.04,-0.22,-9.73,368000000,0,,是,,2.4,2.41,2.18,,-0.6612,3.1651,15.3501
711720,宜鼎中信61購04,2026-10-01,0.53,0.01,1.92,38000000,0,,是,,0.56,0.6,,,-12.8125,-21.3911,
711721,威剛中信61購02,2026-10-01,0.47,0.01,2.17,10000000,0,,否,,0.49,0.53,0.6,,-13.6842,-13.3768,
711724,永信建永豐65購01,2026-10-01,0.39,0.0,0.0,20000000,0,,否,,0.43,,,,,,
711725,由田永豐61購01,2026-10-01,2.12,0.33,18.44,201000000,0,,否,,1.77,1.64,1.61,,18.2911,7.2131,11.3959
711726,岳豐永豐64購01,2026-10-01,0.2,0.01,5.26,10000000,0,,否,,,,,,,,
711728,順達永豐61購04,2026-10-01,0.58,-0.05,-7.94,32000000,0,,否,,0.72,0.76,,,-10.0,,
711730,群翊永豐61購02,2026-10-01,1.25,-0.06,-4.58,300000000,0,,是,,1.19,1.07,1.16,,24.6862,-1.9178,
711733,臺慶科永豐61購01,2026-10-01,1.03,0.11,11.96,376000000,0,,是,,0.95,1.04,1.15,,-16.1348,-11.6695,
711737,由田統一65購01,2026-10-01,1.31,0.14,11.97,1239000000,0,,否,,1.14,1.06,1.03,,17.0431,10.9129,8.2062
711738,宏捷科統一65購01,2026-10-01,0.47,0.02,4.44,398000000,0,,否,,0.43,0.46,0.5,,-13.0612,-8.9463,
711741,高技統一67購01,2026-10-01,0.6,-0.05,-7.69,46000000,0,,否,,0.67,0.65,,,5.3797,,
711745,聖暉*統一65購04,2026-10-01,0.35,0.03,9.38,79000000,0,,否,,0.31,0.37,,,-28.2407,,
711747,敘豐台新61購01,2026-10-01,0.62,0.03,5.08,504000000,0,,是,,0.57,0.65,,,-21.978,-22.5806,
711750,群聯台新63購01,2026-10-01,5.6,-0.45,-7.44,144000000,0,,是,,6.01,5.72,6.02,,10.6406,-1.6334,
711751,群聯台新64購01,2026-10-01,5.75,-0.3,-4.96,14000000,0,綠增,否,,6.08,5.84,6.07,,8.6102,0.8637,-1.938
711754,中光電凱基61購07,2026-10-01,0.51,0.0,0.0,3000000,0,,否,,0.83,,,,,,
711756,威剛凱基61購07,2026-10-01,2.07,0.05,2.48,18000000,0,,否,,2.12,2.18,2.41,,-5.3667,-10.194,
711757,家登凱基61購04,2026-10-01,1.21,-0.05,-3.97,11000000,0,,否,,1.19,1.16,,,6.2389,9.7723,
711759,博智凱基61購02,2026-10-01,0.89,-0.01,-1.11,54000000,0,,否,,1.12,1.43,1.45,,-35.3349,-15.22,
711764,天正國票68購01,2026-10-01,0.76,0.0,0.0,11000000,0,,否,,0.73,0.75,,,-6.9231,,
711765,好德國票61購01,2026-10-01,0.69,0.11,18.97,75000000,0,,是,,0.6,0.53,0.57,,31.3043,4.5187,
711772,世禾群益61購01,2026-10-01,0.83,0.04,5.06,512000000,0,,是,,0.79,0.78,,,0.7692,-0.6345,
711773,世禾群益61購02,2026-10-01,0.65,0.02,3.17,222000000,0,,是,,0.75,,,,,,
711774,東浦群益61購03,2026-10-01,0.28,-0.08,-22.22,500000000,0,,是,,0.31,,,,,,
711778,臺慶科群益61購02,2026-10-01,0.89,0.12,15.58,162000000,0,,是,,0.89,0.96,,,-13.6187,,
711779,蜜望實群益61購01,2026-10-01,0.92,0.06,6.98,26000000,0,,否,,1.01,1.09,,,-14.5763,-12.6895,
711782,元太元大65購04,2026-10-01,0.56,-0.02,-3.45,594000000,0,,是,,0.57,0.6,0.72,,-10.0946,-12.3726,
711783,立碁元大61購01,2026-10-01,2.31,0.0,0.0,6000000,0,,否,,2.25,2.14,2.02,,11.0345,4.3351,12.5104
711784,艾訊元大61購02,2026-10-01,0.52,-0.04,-7.14,7000000,0,,是,,0.54,0.53,0.62,,2.682,-7.5175,
711786,博智元大61購03,2026-10-01,0.98,-0.07,-6.67,303000000,0,,是,,1.27,1.47,,,-23.5294,,
711787,群聯元大64購10,2026-10-01,2.11,-0.11,-4.95,25000000,0,綠增,否,,2.2,2.12,2.16,,7.8355,2.5121,-0.874
711788,頎邦元大64購01,2026-10-01,0.93,0.09,10.71,25000000,0,,是,,0.88,0.79,,,27.3775,,
711789,蜜望實元大61購01,2026-10-01,0.51,-0.51,-50.0,295000000,0,,是,,0.96,1.14,,,-28.1203,-20.0699,
711794,全宇昕永豐61購02,2026-10-01,0.91,-0.01,-1.09,2000000,0,,否,,0.96,0.97,1.01,,-0.6186,-1.8274,
711796,宏碁資永豐61購01,2026-10-01,0.61,0.03,5.17,1000000,0,,否,,0.62,0.68,,,-16.129,-1.4409,
711799,能率永豐61購01,2026-10-01,0.49,-0.01,-2.0,2000000,0,,否,,0.63,,,,,,
711800,高技永豐61購01,2026-10-01,0.8,-0.04,-4.76,118000000,0,綠增,是,,0.84,0.82,0.9,,3.4568,-10.7259,0.1668
711804,高鋒永豐61購01,2026-10-01,0.76,-0.05,-6.17,50000000,0,,是,,0.8,0.81,,,-3.163,-12.8233,
711805,凱崴永豐61購02,2026-10-01,1.01,0.0,0.0,10000000,0,,否,,1.06,1.18,,,-19.1424,-16.5371,
711807,崴寶永豐64購01,2026-10-01,1.08,0.01,0.93,67000000,0,,是,,1.1,1.15,,,-8.0402,,
711808,華電網永豐61購02,2026-10-01,0.73,0.02,2.82,214000000,0,,是,,0.73,,,,,,
711811,蜜望實永豐61購02,2026-10-01,0.54,0.12,28.57,78000000,0,,是,,0.5,0.57,,,-21.9436,-18.2734,
711812,蜜望實永豐61購03,2026-10-01,0.67,0.09,15.52,362000000,0,,是,,0.61,0.64,0.76,,-8.631,-14.9471,
711815,頎邦國泰63購01,2026-10-01,1.78,0.22,14.1,140000000,0,,是,,1.63,1.64,1.62,,-1.3301,-4.4212,
711816,頎邦國泰63購02,2026-10-01,2.18,0.28,14.74,1839000000,0,,是,,1.98,1.98,1.71,,0.202,9.0809,15.4806
711817,巨漢富邦63購01,2026-10-01,0.27,-0.01,-3.57,100000000,0,,否,,0.26,0.3,,,-24.7126,,
711818,安勤富邦63購01,2026-10-01,0.31,-0.02,-6.06,30000000,0,,否,,0.32,0.31,,,3.9474,-1.5873,
711819,宜鼎富邦67購01,2026-10-01,0.65,-0.04,-5.8,41000000,0,,否,,0.67,0.68,0.81,,-1.173,-13.6306,
711821,蜜望實富邦63購01,2026-10-01,0.46,0.07,17.95,616000000,0,,否,,0.42,0.43,0.5,,-4.955,-13.4,-8.5714
711826,蜜望實統一65購01,2026-10-01,0.39,0.03,8.33,195000000,0,,是,,0.38,0.41,,,-13.9013,,
711829,泓格群益61購02,2026-10-01,0.7,-0.15,-17.65,35000000,0,,否,,0.83,0.82,,,2.7295,,
711832,天品國票61購02,2026-10-01,1.74,0.01,0.58,130000000,0,,是,,1.62,1.34,1.07,,53.3081,44.8649,
711833,天品國票63購01,2026-10-01,1.49,0.0,0.0,450000000,0,,否,,1.42,1.16,0.92,,58.1292,46.7089,
711834,方土昶國票65購01,2026-10-01,0.72,0.04,5.88,10000000,0,,否,,0.68,0.72,0.91,,-9.2838,-17.5459,
711835,宏碁資國票65購01,2026-10-01,0.68,0.0,0.0,1000000,0,,否,,0.75,0.74,,,3.2967,,
711837,智通*國票61購03,2026-10-01,0.69,-0.03,-4.17,15000000,0,,否,,0.79,0.82,,,-5.9524,,
711838,雙鴻國票66購01,2026-10-01,2.34,-0.03,-1.27,25000000,0,,是,,2.42,2.03,,,47.4453,,
711839,穩得國票61購01,2026-10-01,1.04,0.03,2.97,40000000,0,,是,,1.05,1.2,1.44,,-21.3433,-21.1462,
711842,中美晶永豐64購03,2026-10-01,1.64,0.0,0.0,11000000,0,,否,,1.45,1.45,,,0.1379,,
711849,頎邦永豐63購01,2026-10-01,2.06,0.3,17.05,112000000,0,,是,,1.86,1.73,1.44,,15.6912,21.0342,
711852,中美晶元大63購04,2026-10-01,0.79,-0.01,-1.25,97000000,0,,否,,0.68,0.67,,,3.0395,-20.4762,
711853,中美晶元大67購01,2026-10-01,0.59,0.02,3.51,902000000,0,,是,,0.53,0.51,0.51,,8.1967,2.834,
711854,安勤元大61購01,2026-10-01,0.4,0.0,0.0,10000000,0,,是,,0.4,0.38,0.64,,9.2896,-24.902,
711856,欣銓元大65購01,2026-10-01,1.59,0.0,0.0,19000000,0,綠增,是,,1.6,1.63,1.53,,-4.0767,4.2757,3.383
711858,晟田元大61購04,2026-10-01,0.75,-0.08,-9.64,15000000,0,,否,,0.91,1.2,,,-38.7919,,
711859,順達元大63購02,2026-10-01,1.4,-0.09,-6.04,133000000,0,,否,,1.42,1.39,1.41,,4.1056,0.7965,
711860,群聯元大64購11,2026-10-01,1.47,-0.08,-5.16,28000000,0,,是,,1.53,1.48,1.5,,7.0028,0.9563,3.7612
711861,廣積元大61購01,2026-10-01,0.7,-0.04,-5.41,40000000,0,,是,,0.71,0.64,0.71,,28.4173,3.5889,
711864,雙鴻元大63購04,2026-10-01,1.52,-0.09,-5.59,2155000000,0,,是,,1.71,1.54,1.31,,24.8902,11.0629,
711865,中美晶台新65購01,2026-10-01,1.1,0.12,12.24,48000000,0,,是,,0.88,0.87,,,3.0445,,
711868,頎邦台新61購07,2026-10-01,3.52,0.5,16.56,10000000,0,,是,,3.28,2.88,2.41,,32.2841,21.6399,
711869,蜜望實台新61購01,2026-10-01,1.28,0.17,15.32,131000000,0,,是,,1.18,1.19,1.34,,-1.0067,-11.3602,-7.9218
711870,廣積台新61購01,2026-10-01,1.37,-0.03,-2.14,92000000,0,,是,,1.36,1.21,,,29.0323,-8.3523,
711871,中美晶凱基61購11,2026-10-01,1.05,0.2,23.53,57000000,0,,是,,0.78,0.74,,,11.4286,-9.5355,
711872,中美晶凱基63購02,2026-10-01,1.24,0.06,5.08,376000000,0,,是,,1.08,,,,,,
711873,元太凱基66購01,2026-10-01,0.79,-0.01,-1.25,77000000,0,,否,,0.81,0.85,0.98,,-9.009,-9.7872,
711874,立碁凱基61購01,2026-10-01,1.75,-0.03,-1.69,227000000,0,,否,,1.67,1.59,1.53,,10.0396,8.0897,
711875,宜鼎凱基61購06,2026-10-01,0.83,-0.03,-3.49,188000000,0,,是,,0.9,0.91,1.21,,-2.8139,-17.7798,-12.0219
711879,蜜望實凱基61購01,2026-10-01,0.81,0.13,19.12,235000000,0,,否,,0.74,0.78,0.99,,-8.867,-19.4185,
711880,營邦凱基61購04,2026-10-01,2.56,-0.2,-7.25,158000000,0,,是,,3.09,3.01,2.64,,5.6772,3.9405,18.0518
711883,立碁國泰63購01,2026-10-01,3.69,-0.01,-0.27,29000000,0,,是,,3.51,3.39,3.2,,7.6593,7.1451,
711884,博智國泰63購01,2026-10-01,1.27,0.0,0.0,70000000,0,,否,,1.6,1.81,,,-20.8333,,
711889,中美晶富邦63購02,2026-10-01,0.93,0.11,13.41,244000000,0,,是,,0.79,0.77,0.77,,7.2973,2.815,
711890,中美晶富邦67購01,2026-10-01,0.76,0.08,11.76,292000000,0,,是,,0.66,0.64,,,6.4935,3.0794,
711891,中美晶富邦77購01,2026-10-01,1.1,0.1,10.0,2000000,0,,否,,0.93,0.88,,,13.3495,5.1435,
711892,世界富邦61購04,2026-10-01,0.68,0.04,6.25,407000000,0,,是,,0.61,0.56,0.51,,20.3922,20.8602,3.7678
711893,世界富邦67購01,2026-10-01,0.77,0.01,1.32,322000000,0,,是,,0.73,0.69,0.67,,13.0435,7.8616,
711894,高技富邦63購01,2026-10-01,0.66,-0.01,-1.49,182000000,0,綠縮,是,,0.66,0.65,0.71,,3.4591,-10.1389,0.4986
711897,蜜望實統一67購01,2026-10-01,0.55,0.06,12.24,74000000,0,,否,,0.52,0.52,0.56,,-1.1494,-7.9787,-6.2448
711899,中美晶群益61購03,2026-10-01,1.54,0.05,3.36,472000000,0,,是,,1.3,1.22,,,15.2212,-4.7022,
711900,元太群益61購01,2026-10-01,0.8,-0.02,-2.44,84000000,0,,否,,0.82,0.89,1.18,,-14.7609,-18.1818,
711903,廣積群益63購01,2026-10-01,0.92,-0.06,-6.12,5000000,0,,否,,0.92,,,,,,
711904,雙鴻群益61購05,2026-10-01,3.78,-0.08,-2.07,30000000,0,,否,,3.3,2.79,,,44.4347,,
711906,中美晶凱基61購12,2026-10-01,1.63,0.08,5.16,83000000,0,,否,,1.38,1.32,1.31,,9.7134,4.9402,
711907,立碁凱基61購02,2026-10-01,1.78,-0.11,-5.82,220000000,0,,否,,1.79,1.71,,,10.8776,2.5857,
711908,艾訊凱基61購02,2026-10-01,0.58,-0.02,-3.33,23000000,0,,否,,0.56,0.54,,,7.2797,,
711909,欣銓凱基65購01,2026-10-01,1.57,0.02,1.29,24000000,0,,否,,1.58,1.59,1.49,,-0.3774,6.5816,
711913,智通*凱基61購05,2026-10-01,0.98,0.0,0.0,43000000,0,,否,,1.04,1.12,,,-13.9535,,
711914,順達凱基63購02,2026-10-01,1.53,-0.11,-6.71,62000000,0,,是,,1.48,1.46,1.53,,2.6389,-2.2118,
711916,M31台新67購01,2026-10-01,2.82,-0.58,-17.06,102000000,0,,否,,2.82,2.43,2.09,,38.371,28.3827,
711917,世界台新61購04,2026-10-01,1.94,0.06,3.19,5000000,0,,否,,1.76,1.55,1.46,,31.6418,18.4733,
711918,群聯台新67購05,2026-10-01,3.67,-0.2,-5.17,55000000,0,,是,,3.81,3.6,,,11.9412,3.773,
711921,中美晶元大61購10,2026-10-01,1.2,0.05,4.35,302000000,0,,是,,1.04,1.0,1.0,,7.2314,1.4156,
711922,中美晶元大67購02,2026-10-01,0.66,0.07,11.86,5000000,0,,否,,0.59,0.56,,,10.8614,2.1779,
711923,立碁元大61購02,2026-10-01,1.86,-0.07,-3.63,1000000,0,紅縮,是,,1.78,1.72,1.62,,8.2524,6.6501,12.029
711924,宜鼎元大61購11,2026-10-01,0.98,-0.08,-7.55,38000000,0,,否,,1.04,1.1,1.3,,-10.1724,-13.0332,
711925,泓格元大61購03,2026-10-01,0.43,-0.03,-6.52,20000000,0,,否,,0.51,0.55,0.75,,-15.6667,-14.5286,
711927,鈊象元大61購02,2026-10-01,1.64,0.14,9.33,63000000,0,,是,,1.41,1.23,1.18,,34.4762,15.8043,-9.8392
711930,中美晶永豐64購04,2026-10-01,1.83,0.14,8.28,121000000,0,,是,,1.53,1.46,1.42,,10.0865,5.4993,
711931,世界永豐64購01,2026-10-01,1.91,0.09,4.95,32000000,0,,是,,1.76,1.66,1.52,,13.2221,15.0277,
711934,鈊象永豐61購02,2026-10-01,1.45,0.05,3.57,21000000,0,,否,,1.31,1.17,1.2,,28.5714,12.5241,
711935,廣積永豐61購02,2026-10-01,0.95,-0.07,-6.86,5000000,0,,是,,0.96,0.89,,,17.402,5.7211,
711936,加高國票65購01,2026-10-01,0.88,0.13,17.33,46000000,0,,是,,0.78,,,,,,
711937,立碁國票64購01,2026-10-01,1.69,0.03,1.81,6000000,0,,否,,1.62,1.58,1.51,,5.8747,5.6263,
711939,茂迪國票64購01,2026-10-01,1.03,-0.14,-11.97,11000000,0,,否,,1.16,,,,,,
711940,陽程國票61購03,2026-10-01,5.3,-0.55,-9.4,85000000,0,,是,,5.32,4.76,,,26.8479,24.7901,
711941,頎邦國票63購01,2026-10-01,2.3,0.31,15.58,1438000000,0,,是,,2.08,2.08,,,-0.2879,10.5739,
711942,廣積國票67購01,2026-10-01,0.77,-0.03,-3.75,211000000,0,,否,,0.78,0.73,,,12.7907,,
711944,晟田國泰63購01,2026-10-01,0.8,-0.07,-8.05,13000000,0,,是,,0.8,0.8,0.96,,0.7557,-10.5499,
711945,立碁富邦61購03,2026-10-01,0.98,-0.05,-4.85,458000000,0,,否,,0.97,0.94,0.9,,7.2687,5.6117,
711946,威剛富邦64購02,2026-10-01,0.47,-0.02,-4.08,140000000,0,,否,,0.54,0.61,,,-18.806,-15.4596,
711947,頎邦統一6A購01,2026-10-01,1.22,0.09,7.96,814000000,0,,否,,1.16,1.14,1.03,,4.3011,8.1594,
711950,威剛國票62購03,2026-10-01,1.34,0.0,0.0,11000000,0,,否,,1.36,1.42,,,-7.7131,-8.9686,
711951,美達國票62購01,2026-10-01,1.0,-0.01,-0.99,30000000,0,,否,,1.0,,,,,,
711954,世界中信62購01,2026-10-01,0.64,0.08,14.29,266000000,0,,否,,0.53,0.45,,,42.7807,-14.8218,
711955,宜鼎永豐63購04,2026-10-01,1.49,-0.03,-1.97,64000000,0,,否,,1.56,1.66,,,-11.3895,-20.1928,
711958,台嘉碩國泰63購01,2026-10-01,2.25,0.26,13.07,1362000000,0,,是,,1.96,1.98,,,-2.2954,,
711960,群聯國泰65購01,2026-10-01,2.59,-0.09,-3.36,6000000,0,,否,,2.68,2.57,2.64,,8.59,0.6255,
711967,M31台新62購02,2026-10-01,2.47,-0.4,-13.94,528000000,0,,是,,2.32,1.97,,,42.8044,,
711968,頎邦台新62購01,2026-10-01,4.3,0.4,10.26,20000000,0,,否,,2.98,,,,,,
711969,元太凱基65購01,2026-10-01,0.87,0.0,0.0,150000000,0,,否,,0.89,0.92,1.06,,-5.9197,-9.2885,
711975,頎邦凱基63購02,2026-10-01,4.54,0.6,15.23,4000000,0,,是,,4.37,3.89,,,28.2864,22.3655,
711976,廣積凱基62購01,2026-10-01,0.93,-0.04,-4.12,60000000,0,,否,,0.96,,,,,,
711978,雙鴻凱基62購01,2026-10-01,7.75,-1.3,-14.36,70000000,0,,是,,6.75,6.13,,,22.4601,39.3726,
711979,M31元大62購01,2026-10-01,2.02,-0.16,-7.34,33000000,0,,是,,1.91,1.66,,,35.8464,14.1873,
711980,M31元大65購01,2026-10-01,1.45,-0.23,-13.69,1236000000,0,,是,,1.44,1.23,,,42.2925,25.7436,
711981,巨漢元大62購01,2026-10-01,1.2,0.0,0.0,70000000,0,,是,,1.14,1.12,1.24,,4.0073,-6.6667,
711982,良維元大62購01,2026-10-01,1.85,-0.15,-7.5,245000000,0,,是,,1.94,1.85,1.76,,10.2506,1.04,
711984,博智元大62購01,2026-10-01,2.27,-0.01,-0.44,63000000,0,,是,,2.54,2.95,,,-24.2243,-4.8142,
711986,鈊象元大62購05,2026-10-01,1.35,0.12,9.76,245000000,0,,否,,1.13,0.99,1.16,,33.6493,9.6774,
711987,鈊象元大62購06,2026-10-01,2.09,0.11,5.56,190000000,0,,是,,1.87,1.67,1.68,,26.6938,10.7947,
711988,群聯元大62購04,2026-10-01,2.05,-0.11,-5.09,87000000,0,,否,,2.14,2.07,2.11,,7.007,1.2733,-0.8922
711989,中光電永豐63購01,2026-10-01,1.24,-0.04,-3.12,46000000,0,,否,,1.29,1.3,,,-1.3761,-36.9723,
711995,中美晶台新62購01,2026-10-01,1.4,0.08,6.06,166000000,0,,是,,1.19,1.15,1.13,,8.7432,4.9451,0.2667
711997,欣銓台新62購01,2026-10-01,3.28,-0.07,-2.09,17000000,0,,是,,3.63,3.45,,,11.1315,16.3073,
711998,威剛台新62購02,2026-10-01,1.27,0.02,1.6,10000000,0,,否,,1.29,1.3,,,-0.4615,-6.1505,
711999,倉和台新68購01,2026-10-01,8.5,-0.1,-1.16,1000000,0,,否,,8.35,5.82,,,154.2631,,
712000,臺慶科台新62購01,2026-10-01,1.86,0.26,16.25,36000000,0,,是,,1.72,1.7,1.9,,2.9904,-7.9219,
712002,中美晶凱基63購04,2026-10-01,2.63,0.18,7.35,10000000,0,,是,,2.18,2.05,,,13.5558,4.0122,
712003,巨漢凱基63購01,2026-10-01,1.4,-0.04,-2.78,409000000,0,,是,,1.38,1.37,,,1.4706,-7.1816,
712004,良維凱基63購01,2026-10-01,2.82,-0.03,-1.05,110000000,0,,是,,2.89,2.78,2.48,,7.767,5.4187,
712005,博智凱基63購03,2026-10-01,2.05,0.08,4.06,46000000,0,,是,,2.35,2.46,,,-8.8578,-12.704,
712006,順達凱基63購03,2026-10-01,2.36,-0.15,-5.98,19000000,0,,是,,2.23,2.11,,,11.3,-0.7049,
712007,鈊象凱基64購03,2026-10-01,2.97,0.31,11.65,224000000,0,,是,,2.56,2.32,,,22.1797,8.7506,
712008,群聯凱基63購04,2026-10-01,3.41,-0.14,-3.94,52000000,0,,是,,3.38,3.44,,,-3.2037,,
712011,世紀*國票66購01,2026-10-01,5.5,0.2,3.77,3000000,0,,是,,4.96,5.23,5.59,,-9.5151,-13.4647,
712012,光焱國票66購01,2026-10-01,0.76,0.06,8.57,100000000,0,,是,,0.68,0.69,,,-3.3994,-6.9705,
712013,光焱國票68購01,2026-10-01,1.35,0.1,8.0,1000000,0,,否,,1.14,1.14,1.16,,-0.1754,-3.8007,
712014,沛亨國票66購01,2026-10-01,2.45,-0.07,-2.78,20000000,0,,是,,2.46,2.47,,,-0.7264,4.5301,
712017,臺慶科國票64購01,2026-10-01,1.33,0.17,14.66,114000000,0,,是,,1.21,1.36,,,-19.1744,,
712019,中美晶元大64購03,2026-10-01,0.93,0.11,13.41,40000000,0,,是,,0.74,0.71,,,9.0909,0.8487,
712020,均華元大64購01,2026-10-01,2.53,0.33,15.0,51000000,0,,是,,2.25,2.44,2.62,,-14.4487,-16.8371,
712021,均豪元大64購03,2026-10-01,1.36,0.0,0.0,21000000,0,,是,,1.29,1.26,1.35,,4.2139,-7.7599,
712022,系統電元大64購01,2026-10-01,2.86,0.17,6.32,52000000,0,,是,,2.23,,,,,,
712025,宜鼎元大64購01,2026-10-01,1.12,-0.07,-5.88,25000000,0,,否,,1.16,1.2,1.42,,-6.9021,-15.2817,
712027,鈊象元大63購06,2026-10-01,1.76,0.14,8.64,77000000,0,,是,,1.54,1.41,1.38,,20.6573,10.5882,
712028,鈊象元大63購07,2026-10-01,1.32,0.09,7.32,252000000,0,,是,,1.17,1.06,1.04,,24.8936,11.2632,
712029,鈊象元大64購03,2026-10-01,0.9,0.07,8.43,224000000,0,,是,,0.79,0.72,0.79,,20.4893,4.7965,
712030,新應材元大63購01,2026-10-01,1.88,-0.07,-3.59,15000000,0,,否,,1.87,1.88,2.09,,-0.6369,-9.7549,
712034,群聯元大63購07,2026-10-01,2.13,-0.11,-4.91,57000000,0,,是,,2.25,2.15,2.18,,9.2412,2.2825,
712035,群聯元大63購08,2026-10-01,2.56,-0.05,-1.92,41000000,0,,否,,2.61,2.49,2.55,,10.3041,1.6742,
712037,威剛國泰63購01,2026-10-01,1.64,0.0,0.0,43000000,0,,否,,1.92,2.08,,,-14.2346,,
712038,聖暉*國泰63購01,2026-10-01,1.11,0.1,9.9,845000000,0,,是,,0.99,0.92,0.91,,16.1215,7.3086,-8.4211
712039,M31富邦65購01,2026-10-01,1.13,-0.13,-10.32,990000000,0,,是,,1.12,0.99,,,30.8411,18.6074,
712043,宏捷科國票69購01,2026-10-01,0.91,0.02,2.25,24000000,0,,否,,0.84,0.92,,,-16.0643,,
712045,博磊國票66購01,2026-10-01,1.11,0.04,3.74,4000000,0,,否,,0.95,0.86,0.94,,21.5385,-4.1065,
712046,竑騰群益62購01,2026-10-01,2.61,0.14,5.67,20000000,0,,否,,2.43,2.31,2.63,,10.7566,-6.4346,
712047,順達群益62購01,2026-10-01,2.62,-0.13,-4.73,14000000,0,,否,,2.61,2.61,,,-0.0,2.1944,
712049,聖暉*群益62購01,2026-10-01,0.97,0.12,14.12,143000000,0,,是,,0.86,0.9,,,-10.2725,,
712053,宜鼎元大63購05,2026-10-01,1.28,-0.02,-1.54,50000000,0,,是,,1.3,1.32,1.52,,-3.4226,-8.6445,-8.149
712056,威剛元大64購02,2026-10-01,1.39,-0.03,-2.11,31000000,0,,是,,1.44,1.5,,,-8.5242,-7.7819,
712057,倉和元大63購01,2026-10-01,7.4,-0.2,-2.63,99000000,0,,是,,8.04,7.48,5.52,,16.0173,31.2467,
712058,高技元大63購01,2026-10-01,2.35,-0.15,-6.0,10000000,0,,否,,2.42,2.37,2.54,,3.6878,-6.6798,-0.6852
712060,智通*元大63購03,2026-10-01,2.52,-0.04,-1.56,10000000,0,,否,,2.57,2.65,,,-5.8522,-5.9865,
712062,群聯元大63購09,2026-10-01,1.98,-0.11,-5.26,40000000,0,,否,,2.06,1.98,2.03,,8.5263,1.5897,-0.8063
712063,蜜望實元大63購01,2026-10-01,0.78,0.08,11.43,645000000,0,,是,,0.74,0.75,0.83,,-3.9164,-10.4887,
712064,廣穎元大63購01,2026-10-01,0.65,-0.02,-2.99,275000000,0,,是,,0.66,0.7,0.82,,-11.3514,-13.9334,
712066,雙鴻元大63購06,2026-10-01,4.19,-0.01,-0.24,2000000,0,,是,,4.97,4.1,,,54.6642,83.3856,
712068,均華國泰63購01,2026-10-01,4.13,0.37,9.84,5000000,0,,否,,3.62,3.96,4.17,,-16.0557,-15.6596,
712071,順達國泰63購02,2026-10-01,2.04,-0.11,-5.12,10000000,0,,否,,2.01,1.92,1.92,,9.358,5.4247,
712072,鈊象國泰63購01,2026-10-01,1.94,0.19,10.86,9000000,0,,否,,1.56,1.41,,,24.5223,-13.6029,
712075,新應材中信62購01,2026-10-01,0.86,0.02,2.38,20000000,0,,否,,0.83,0.82,0.95,,2.2167,-12.7524,
712076,竑騰永豐63購01,2026-10-01,2.03,0.02,1.0,154000000,0,,是,,1.79,1.64,1.9,,20.4576,-3.1915,0.5554
712077,博磊永豐63購01,2026-10-01,1.52,0.21,16.03,55000000,0,,是,,1.28,1.21,1.34,,11.9089,-8.2638,
712078,順達永豐63購01,2026-10-01,2.38,-0.17,-6.67,5000000,0,,否,,2.37,2.26,,,9.833,1.526,
712080,新應材永豐68購02,2026-10-01,0.84,-0.04,-4.55,90000000,0,,否,,0.83,0.83,,,1.4634,-6.4553,
712083,均華凱基64購01,2026-10-01,3.04,0.54,21.6,108000000,0,,是,,2.63,2.86,3.17,,-14.7021,-18.2338,
712084,沛亨凱基63購01,2026-10-01,3.42,-0.17,-4.74,38000000,0,,是,,3.49,3.56,3.18,,-3.6955,3.7912,10.5611
712085,宜鼎凱基68購01,2026-10-01,2.02,0.0,0.0,15000000,0,,否,,2.04,2.06,2.38,,-1.8252,-8.3111,-9.3554
712086,新應材凱基63購01,2026-10-01,1.59,0.11,7.43,7000000,0,,否,,1.46,1.5,1.68,,-5.0715,-9.5353,
712088,新應材凱基63購03,2026-10-01,2.2,-0.06,-2.65,38000000,0,,否,,2.15,2.38,,,-17.7642,-10.3916,
712089,新應材凱基64購01,2026-10-01,2.07,0.09,4.55,10000000,0,,否,,1.94,2.01,,,-6.9098,-10.6968,
712091,臺慶科凱基63購02,2026-10-01,2.35,0.26,12.44,107000000,0,,否,,2.15,2.34,,,-14.6032,,
712093,譜瑞凱基63購01,2026-10-01,1.5,-0.04,-2.6,116000000,0,,否,,1.55,1.49,1.59,,8.8359,-2.9967,
712094,世界台新65購01,2026-10-01,2.96,0.07,2.42,121000000,0,,是,,2.75,2.54,2.32,,17.9949,16.6437,
712095,巨漢台新62購01,2026-10-01,1.95,0.02,1.04,10000000,0,,否,,1.84,,,,,,
712098,宜鼎台新62購03,2026-10-01,1.49,-0.1,-6.29,9000000,0,,否,,1.56,1.7,,,-15.6182,-21.1137,
712099,竑騰台新62購01,2026-10-01,2.23,-0.09,-3.88,2000000,0,,否,,2.24,2.53,,,-20.8215,,
712102,博磊台新62購01,2026-10-01,1.62,-0.06,-3.57,16000000,0,,否,,1.28,1.33,1.52,,-8.2014,-9.258,
712104,聚和台新62購01,2026-10-01,1.58,-0.06,-3.66,16000000,0,,否,,1.54,1.48,1.54,,8.4507,1.5786,
712108,均華富邦63購01,2026-10-01,1.53,0.25,19.53,75000000,0,,是,,1.4,1.67,,,-27.4611,0.9703,
712109,宜鼎富邦62購01,2026-10-01,0.84,-0.02,-2.33,81000000,0,,是,,0.88,0.89,1.07,,-2.2222,-11.9683,
712110,家登富邦64購01,2026-10-01,1.52,0.02,1.33,1000000,0,,否,,1.31,,,,,,
712112,順達富邦63購02,2026-10-01,1.2,-0.08,-6.25,53000000,0,,是,,1.2,1.12,1.14,,14.5038,-3.6847,
712114,新應材富邦64購01,2026-10-01,0.85,-0.01,-1.16,70000000,0,,是,,0.78,0.76,,,6.267,-11.5654,
712116,新應材統一71購01,2026-10-01,0.81,-0.05,-5.81,120000000,0,,是,,0.81,0.8,,,1.5113,-3.4982,
712117,新應材統一71購02,2026-10-01,0.83,-0.01,-1.19,10000000,0,,否,,0.8,0.83,,,-6.2937,,
712118,群聯統一6A購01,2026-10-01,1.1,-0.03,-2.65,64000000,0,,否,,1.12,1.09,1.09,,6.6414,2.0619,
712119,世禾國票66購01,2026-10-01,0.91,-0.03,-3.19,6000000,0,,否,,0.9,0.89,,,1.5873,,
712120,系統電國票67購01,2026-10-01,1.18,0.01,0.85,20000000,0,,是,,1.01,0.91,,,24.1379,1.3363,
712124,能率國票65購01,2026-10-01,0.98,-0.03,-2.97,5000000,0,,否,,1.19,1.35,,,-21.7678,,
712126,順達國票67購01,2026-10-01,1.99,-0.09,-4.33,2000000,0,,是,,1.93,1.95,,,-2.4267,-2.0551,
712128,中美晶台新65購02,2026-10-01,1.8,0.15,9.09,61000000,0,,是,,1.43,1.42,,,2.7221,,
712133,中美晶元大64購04,2026-10-01,1.88,-0.09,-4.57,200000000,0,,否,,1.7,1.64,1.6,,7.9848,5.0576,1.1346
712134,台特化元大64購01,2026-10-01,1.39,-0.11,-7.33,95000000,0,,是,,1.34,1.25,,,15.8895,-5.4463,
712136,廣積元大63購04,2026-10-01,2.8,-0.06,-2.1,4000000,0,,否,,2.78,2.61,,,13.9459,6.9729,
712138,中美晶中信62購01,2026-10-01,1.0,0.04,4.17,480000000,0,,是,,0.85,0.81,,,9.2545,0.4938,
712139,富喬中信64購01,2026-10-01,2.24,-0.01,-0.44,32000000,0,,是,,2.29,2.33,2.33,,-3.7879,-5.7039,
712141,系統電永豐64購02,2026-10-01,1.72,0.09,5.52,20000000,0,,是,,1.41,1.25,,,30.1294,,
712146,耕興永豐63購01,2026-10-01,0.73,-0.02,-2.67,79000000,0,,是,,0.89,0.99,,,-18.7614,,
712147,晟德永豐63購01,2026-10-01,0.77,0.0,0.0,7000000,0,,是,,0.78,0.79,,,-2.5063,-10.7588,
712148,頎邦永豐63購02,2026-10-01,3.22,0.32,11.03,2000000,0,,否,,2.98,2.84,2.53,,10.2147,9.9497,
712151,M31群益62購01,2026-10-01,1.24,-0.32,-20.51,89000000,0,,否,,1.23,,,,,,
712152,世界群益62購03,2026-10-01,2.68,0.04,1.52,434000000,0,,是,,2.5,2.32,2.1,,16.6355,17.0116,
712153,均華群益68購01,2026-10-01,3.41,0.47,15.99,10000000,0,,否,,3.02,3.34,3.65,,-17.5314,-17.0556,
712154,宜特群益62購01,2026-10-01,1.42,-0.04,-2.74,197000000,0,,是,,1.44,1.39,,,6.9837,-6.3215,
712155,家登群益62購01,2026-10-01,3.71,-0.02,-0.54,10000000,0,,否,,3.62,3.51,,,6.6627,5.2553,
712157,群聯群益64購02,2026-10-01,3.86,-0.22,-5.39,96000000,0,,否,,4.07,3.93,,,7.7208,0.1785,
712159,雙鴻群益64購01,2026-10-01,7.15,-0.2,-2.72,13000000,0,,是,,8.14,7.07,,,35.4409,28.8237,
712160,中美晶凱基63購05,2026-10-01,2.8,0.14,5.26,118000000,0,,否,,2.47,2.39,,,7.1181,,
712161,宏捷科凱基67購01,2026-10-01,1.2,-0.01,-0.83,341000000,0,,是,,1.14,1.12,1.22,,2.7076,-4.0991,
712162,系統電凱基64購01,2026-10-01,2.5,0.08,3.31,124000000,0,,是,,1.85,1.79,,,6.9364,,
712164,威剛凱基64購02,2026-10-01,1.15,0.02,1.77,33000000,0,,否,,1.36,1.59,,,-25.3025,,
712167,群聯凱基63購06,2026-10-01,1.2,-0.16,-11.76,108000000,0,,否,,1.4,,,,,,
712168,蜜望實凱基63購01,2026-10-01,1.24,0.13,11.71,73000000,0,,是,,1.14,1.26,,,-17.1263,-10.3203,
712169,營邦凱基63購01,2026-10-01,3.8,-0.47,-11.01,36000000,0,,否,,4.55,4.41,3.69,,6.5512,14.9779,
712171,巨漢富邦63購02,2026-10-01,0.57,-0.01,-1.72,356000000,0,,是,,0.55,0.59,,,-14.375,-16.573,
712172,博智富邦63購02,2026-10-01,0.78,0.01,1.3,166000000,0,,是,,0.89,0.92,,,-5.9322,-16.2706,
712175,巨漢國泰63購01,2026-10-01,2.2,0.05,2.33,50000000,0,,否,,2.06,2.09,,,-2.649,,
712179,富喬統一6A購01,2026-10-01,1.66,-0.03,-1.78,3000000,0,,否,,1.68,,,,,,
712181,弘塑元大63購03,2026-10-01,0.91,-0.12,-11.65,39000000,0,,否,,0.93,0.94,1.0,,-2.3061,-5.0352,
712182,弘塑元大64購02,2026-10-01,0.97,-0.15,-13.39,203000000,0,,是,,1.04,1.02,1.08,,2.9762,-5.8878,
712183,艾訊元大63購01,2026-10-01,1.23,-0.02,-1.6,13000000,0,,否,,1.23,1.18,,,9.2199,-4.5307,
712184,威剛元大63購04,2026-10-01,1.43,-0.02,-1.38,18000000,0,,否,,1.46,1.48,1.58,,-2.6667,-5.3708,
712186,博智元大64購01,2026-10-01,0.66,-0.01,-1.49,154000000,0,,是,,0.75,0.81,,,-13.8249,-5.9371,
712187,萬潤元大63購01,2026-10-01,1.13,-0.08,-6.61,251000000,0,,是,,1.14,1.11,1.2,,5.5762,-7.0588,
712188,中光電台新65購01,2026-10-01,1.07,-0.03,-2.73,10000000,0,,否,,1.11,,,,,,
712189,中美晶台新65購03,2026-10-01,1.49,0.08,5.67,63000000,0,,否,,1.28,1.21,1.19,,11.1498,5.667,
712190,均華台新62購03,2026-10-01,2.39,0.43,21.94,12000000,0,,否,,2.24,2.49,,,-18.1752,,
712192,威剛台新65購01,2026-10-01,0.94,0.0,0.0,2000000,0,,否,,0.95,0.95,,,0.6329,-3.8423,
712193,威剛台新68購01,2026-10-01,1.23,0.02,1.65,10000000,0,,否,,1.27,,,,,,
712195,家登台新65購01,2026-10-01,1.67,0.01,0.6,87000000,0,,是,,1.62,1.58,,,5.4687,,
712197,萬潤台新62購02,2026-10-01,1.89,-0.16,-7.8,47000000,0,,否,,1.89,1.86,2.0,,3.2715,-6.8466,
712198,萬潤台新62購03,2026-10-01,2.34,-0.17,-6.77,83000000,0,,否,,2.28,2.23,2.46,,3.8321,-9.1501,
712199,萬潤台新65購01,2026-10-01,1.85,-0.15,-7.5,313000000,0,,是,,1.82,1.81,1.98,,1.2209,-8.8487,
712200,萬潤台新68購01,2026-10-01,2.16,-0.14,-6.09,443000000,0,,否,,2.13,2.1,2.26,,2.4038,-7.3504,
712201,世禾凱基66購01,2026-10-01,0.84,0.06,7.69,694000000,0,,是,,0.79,0.75,,,11.9318,,
712202,世界凱基63購04,2026-10-01,1.29,0.09,7.5,5000000,0,,否,,1.15,1.04,,,21.8684,16.8904,
712203,台特化凱基63購02,2026-10-01,2.12,0.01,0.47,76000000,0,,否,,1.97,2.02,,,-5.3898,,
712204,宜特凱基63購01,2026-10-01,0.6,-0.02,-3.23,32000000,0,,是,,0.56,,,,,,
712206,博智凱基63購04,2026-10-01,1.25,-0.06,-4.58,308000000,0,,是,,1.51,1.83,,,-30.0836,,
712207,智通*凱基63購02,2026-10-01,0.88,-0.02,-2.22,76000000,0,,否,,1.03,,,,,,
712208,新應材凱基63購05,2026-10-01,0.74,0.05,7.25,28000000,0,,否,,0.65,0.73,,,-19.3069,,
712209,廣積凱基63購01,2026-10-01,1.54,0.0,0.0,3000000,0,,否,,1.49,1.38,,,18.5714,,
712211,富喬中信64購02,2026-10-01,1.92,0.05,2.67,50000000,0,,否,,1.9,1.93,1.97,,-3.7563,-7.3346,
712212,中美晶永豐64購05,2026-10-01,1.4,0.18,14.75,91000000,0,,否,,1.13,1.08,,,8.6873,-6.8906,
712215,金山電永豐65購01,2026-10-01,0.82,0.09,12.33,27000000,0,,否,,0.78,0.78,,,2.0833,2.7815,
712217,港建*永豐64購01,2026-10-01,0.5,0.03,6.38,12000000,0,,,,,,,,,,
712218,萬潤永豐65購01,2026-10-01,1.13,-0.09,-7.38,1008000000,0,,否,,1.13,1.1,1.19,,4.0665,-7.8464,
712219,萬潤永豐66購01,2026-10-01,1.17,-0.05,-4.1,47000000,0,,是,,1.23,1.22,,,0.491,,
712220,萬潤永豐68購01,2026-10-01,1.66,-0.08,-4.6,119000000,0,,否,,1.64,1.63,1.72,,0.861,-5.879,
712221,德昌永豐65購01,2026-10-01,0.59,-0.01,-1.67,50000000,0,,否,,0.62,0.65,,,-9.8837,,
712224,互動國票66購01,2026-10-01,0.68,0.01,1.49,20000000,0,,否,,0.7,,,,,,
712225,朋億*國票66購01,2026-10-01,0.82,0.04,5.13,5000000,0,,否,,0.77,0.79,,,-5.4321,,
712226,金山電國票65購01,2026-10-01,0.76,0.09,13.43,65000000,0,,是,,0.7,0.73,,,-9.8446,4.2614,
712227,金山電國票67購01,2026-10-01,0.88,0.08,10.0,17000000,0,,否,,0.85,0.85,,,0.0,,
712229,高技國票66購01,2026-10-01,1.1,-0.04,-3.51,2000000,0,,否,,1.15,,,,,,
712230,凱崴國票65購01,2026-10-01,0.87,-0.03,-3.33,66000000,0,,是,,0.89,0.94,1.02,,-9.5335,-10.2294,
712231,博磊國票68購01,2026-10-01,0.75,-0.01,-1.32,132000000,0,,是,,0.64,0.68,,,-11.0803,,
712232,港建*國票63購01,2026-10-01,0.95,0.04,4.4,6000000,0,,否,,0.92,,,,,,
712234,萬潤國票66購01,2026-10-01,0.93,-0.06,-6.06,155000000,0,,否,,0.91,0.9,0.96,,3.4014,-6.8536,
712236,中美晶富邦62購02,2026-10-01,1.1,0.05,4.76,311000000,0,,否,,0.95,0.92,0.9,,6.982,4.6697,
712237,弘塑富邦63購02,2026-10-01,0.67,-0.07,-9.46,11000000,0,,否,,0.64,0.69,,,-12.0219,-3.3708,
712238,威剛富邦62購02,2026-10-01,0.46,-0.01,-2.13,1000000,0,,否,,0.57,0.61,,,-12.8834,,
712239,中美晶群益62購03,2026-10-01,2.38,0.08,3.48,562000000,0,,是,,2.03,1.99,,,4.8454,-0.8978,
712240,台嘉碩群益62購01,2026-10-01,1.48,0.17,12.98,166000000,0,,是,,1.15,1.25,,,-15.6112,,
712241,弘塑群益62購01,2026-10-01,0.79,-0.04,-4.82,160000000,0,,否,,0.83,0.96,,,-24.2701,,
712243,宏捷科群益64購01,2026-10-01,1.09,0.05,4.81,908000000,0,,是,,1.01,0.98,1.15,,6.1053,-13.5159,
712244,系統電群益62購01,2026-10-01,1.8,-0.06,-3.23,243000000,0,,是,,1.7,,,,,,
712245,宜鼎群益62購01,2026-10-01,0.81,-0.01,-1.22,4000000,0,,否,,0.82,0.87,1.1,,-11.4471,-16.8571,
712246,金山電群益62購01,2026-10-01,1.53,0.23,17.69,51000000,0,,是,,1.4,1.41,1.43,,-1.6878,-2.4896,
712247,前鼎群益68購01,2026-10-01,3.83,-0.05,-1.29,50000000,0,,否,,4.06,4.61,4.17,,-21.5474,-4.8866,
712251,新應材群益66購01,2026-10-01,1.45,0.05,3.57,15000000,0,,否,,1.33,1.38,1.63,,-6.5826,-13.5795,
712252,萬潤群益68購01,2026-10-01,1.79,-0.1,-5.29,723000000,0,,是,,1.76,1.74,1.86,,2.2119,-7.1123,
712253,群聯群益68購01,2026-10-01,3.46,-0.24,-6.49,43000000,0,,否,,3.7,3.54,3.62,,8.9623,1.4601,
712254,頎邦群益62購02,2026-10-01,3.93,0.57,16.96,121000000,0,,否,,3.71,3.32,2.92,,26.5529,15.4033,
712255,雙鴻群益62購03,2026-10-01,3.25,-0.95,-22.62,10000000,0,,是,,4.06,3.48,,,39.7798,24.9193,
712257,世禾統一68購01,2026-10-01,0.8,0.02,2.56,452000000,0,,是,,0.76,0.73,,,8.8319,,
712258,沛亨統一68購02,2026-10-01,1.27,0.0,0.0,12000000,0,,否,,1.24,1.25,1.13,,-2.2117,4.2465,
712260,金山電統一6B購01,2026-10-01,0.71,0.06,9.23,2186000000,0,,是,,0.67,0.67,,,-0.5917,-1.3177,
712261,金山電統一6C購01,2026-10-01,0.7,0.04,6.06,2010000000,0,,否,,0.68,0.68,,,-1.7442,2.0958,
712265,萬潤統一65購01,2026-10-01,0.99,-0.1,-9.17,1152000000,0,,是,,1.0,0.98,1.06,,5.0209,-8.0675,
712266,萬潤統一6A購03,2026-10-01,0.94,-0.06,-6.0,225000000,0,,否,,0.93,0.92,0.98,,1.7544,-6.8826,
712267,萬潤統一6B購01,2026-10-01,0.72,-0.01,-1.37,108000000,0,,是,,0.71,0.71,0.74,,2.0,-4.2005,
712268,萬潤統一6C購01,2026-10-01,0.69,-0.03,-4.17,438000000,0,,是,,0.68,0.68,0.71,,0.2941,-4.6218,
712269,弘塑國泰63購01,2026-10-01,0.95,-0.2,-17.39,19000000,0,,否,,1.09,1.11,,,-2.669,,
712271,泓格國泰63購02,2026-10-01,0.92,-0.03,-3.16,10000000,0,,否,,0.98,0.95,,,7.0022,-0.211,
712272,金山電國泰63購01,2026-10-01,2.22,0.26,13.27,581000000,0,,是,,2.05,2.05,2.01,,0.4892,-1.253,
712273,金山電國泰64購01,2026-10-01,2.07,0.19,10.11,927000000,0,,是,,1.94,1.96,1.91,,-1.6211,-0.7099,
712274,萬潤國泰63購01,2026-10-01,1.53,-0.13,-7.83,265000000,0,,是,,1.54,1.5,1.62,,4.7684,-7.1075,
712275,弘塑台新62購01,2026-10-01,1.11,-0.1,-8.26,27000000,0,,否,,1.17,1.26,,,-12.7976,,
712279,弘塑台新68購02,2026-10-01,0.95,-0.13,-12.04,100000000,0,,是,,0.98,1.02,,,-8.0827,,
712280,沛亨台新62購01,2026-10-01,2.21,-0.17,-7.14,231000000,0,,是,,2.27,2.29,,,-1.3043,12.285,
712281,沛亨台新62購02,2026-10-01,1.8,-0.03,-1.64,165000000,0,,是,,1.85,1.72,,,17.1934,,
712284,竑騰台新62購02,2026-10-01,1.67,0.01,0.6,573000000,0,,否,,1.47,1.35,1.58,,20.4583,-3.9914,
712291,雙鴻台新68購02,2026-10-01,2.76,-0.09,-3.16,185000000,0,,否,,3.05,2.82,,,17.0638,21.987,
712294,世界元大63購08,2026-10-01,1.84,0.13,7.6,110000000,0,,是,,1.58,1.45,,,19.8786,8.8655,
712295,世界元大63購09,2026-10-01,1.21,0.07,6.14,124000000,0,,否,,1.11,1.04,0.97,,14.4628,16.8919,
712296,世界元大64購09,2026-10-01,0.69,0.04,6.15,590000000,0,,是,,0.63,0.59,,,16.9742,14.8437,
712297,弘塑元大64購03,2026-10-01,0.59,-0.09,-13.24,257000000,0,,否,,0.63,0.62,0.64,,2.2801,-4.1667,
712298,良維元大64購02,2026-10-01,1.2,-0.02,-1.64,558000000,0,,是,,1.19,1.18,1.11,,1.0187,2.7778,
712299,宜鼎元大64購03,2026-10-01,0.93,-0.03,-3.12,438000000,0,,是,,0.96,0.99,1.15,,-4.3651,-9.6242,
712301,鈊象元大63購08,2026-10-01,1.19,0.11,10.19,556000000,0,,是,,1.03,0.92,0.95,,27.2953,12.5307,
712303,中美晶凱基63購06,2026-10-01,1.2,0.01,0.84,315000000,0,,否,,0.99,0.92,,,17.8147,0.1092,
712305,弘塑凱基64購01,2026-10-01,0.78,-0.16,-17.02,20000000,0,,否,,0.85,0.83,0.9,,3.912,-3.5838,
712306,金山電凱基63購01,2026-10-01,1.22,0.16,15.09,9000000,0,,否,,1.14,1.14,1.17,,-1.3889,-0.5217,
712307,金山電凱基63購02,2026-10-01,1.28,0.15,13.27,216000000,0,,是,,1.2,1.21,1.2,,-0.4959,-3.13,
712310,頎邦凱基64購03,2026-10-01,2.11,0.26,14.05,500000000,0,,是,,1.95,1.8,,,18.5905,18.2774,
712312,均華國泰64購01,2026-10-01,2.24,0.32,16.67,50000000,0,,否,,1.95,2.13,,,-15.3646,-10.6303,
712314,弘塑統一67購01,2026-10-01,0.5,-0.07,-12.28,123000000,0,,否,,0.54,0.53,0.55,,3.4749,-4.529,
712315,由田統一68購01,2026-10-01,1.2,0.08,7.14,48000000,0,,否,,1.08,1.01,0.98,,14.2251,8.9633,
712316,金山電統一66購01,2026-10-01,0.51,0.06,13.33,333000000,0,,否,,0.47,0.46,,,2.193,-1.9149,
712317,金山電統一68購01,2026-10-01,0.74,0.06,8.82,316000000,0,,是,,0.69,0.69,0.68,,-0.0,0.8721,
712318,前鼎統一6C購01,2026-10-01,0.85,-0.01,-1.16,10000000,0,,否,,0.88,0.95,,,-13.7255,,
712320,富喬中信64購03,2026-10-01,1.1,-0.03,-2.65,755000000,0,,是,,1.15,1.18,1.2,,-4.3261,-5.618,
712322,巨漢永豐63購01,2026-10-01,0.78,0.01,1.3,77000000,0,,否,,0.75,0.79,,,-10.1205,,
712323,宏碁資永豐63購01,2026-10-01,0.72,-0.03,-4.0,35000000,0,,否,,0.87,0.83,,,8.7719,,
712325,胡連永豐63購01,2026-10-01,0.75,0.0,0.0,130000000,0,,是,,0.74,0.76,0.86,,-3.876,-7.8883,
712326,茂綸永豐64購01,2026-10-01,1.04,0.08,8.33,522000000,0,,是,,1.01,0.99,0.89,,3.6961,13.8921,
712327,茂綸永豐65購01,2026-10-01,1.29,0.02,1.57,113000000,0,,否,,1.27,1.22,,,8.9347,13.6449,
712328,竑騰永豐64購01,2026-10-01,1.44,0.02,1.41,55000000,0,,否,,1.22,1.25,,,-4.3887,-18.8557,
712329,富喬永豐64購02,2026-10-01,2.15,-0.05,-2.27,54000000,0,,是,,2.27,2.41,2.21,,-11.2069,-1.5529,
712331,聖暉*永豐63購01,2026-10-01,1.7,0.17,11.11,35000000,0,,否,,1.51,1.42,1.47,,13.5747,6.4662,
712336,均華國票63購01,2026-10-01,1.34,0.15,12.61,11000000,0,,否,,1.17,1.29,1.43,,-17.2316,-19.9753,
712337,長佳智國票65購01,2026-10-01,0.66,0.04,6.45,20000000,0,,是,,0.6,,,,,,
712338,前鼎國票67購01,2026-10-01,1.44,-0.06,-4.0,50000000,0,,是,,1.49,1.67,,,-19.3305,-3.629,
712339,博智國票63購01,2026-10-01,1.88,-0.01,-0.53,42000000,0,,否,,2.33,,,,,,
712345,世界群益67購01,2026-10-01,1.17,0.03,2.63,64000000,0,,否,,1.1,1.03,,,15.0943,15.2809,
712346,台特化群益67購01,2026-10-01,1.45,0.05,3.57,54000000,0,,否,,1.31,1.27,,,6.3209,,
712348,宏捷科群益62購01,2026-10-01,0.73,0.02,2.82,156000000,0,,是,,0.67,0.66,0.79,,3.3846,-11.3941,
712349,沛亨群益62購01,2026-10-01,2.3,-0.2,-8.0,322000000,0,,否,,2.41,2.47,2.21,,-5.1221,4.39,
712350,茂達群益62購01,2026-10-01,0.98,0.02,2.08,252000000,0,,是,,0.97,0.96,1.11,,0.6237,-10.0652,
712353,世界凱基63購05,2026-10-01,0.98,0.04,4.26,20000000,0,,否,,0.97,0.95,,,3.8544,6.3687,
712354,台特化凱基67購01,2026-10-01,1.93,-0.1,-4.93,180000000,0,,是,,1.86,1.71,1.82,,18.3439,1.3601,
712356,前鼎凱基67購01,2026-10-01,1.54,-0.04,-2.53,20000000,0,,否,,1.59,1.82,1.77,,-22.3953,-9.8369,
712358,青雲元大63購01,2026-10-01,0.74,-0.03,-3.9,26000000,0,,否,,0.75,0.78,0.73,,-7.8431,4.3941,
712360,前鼎永豐68購01,2026-10-01,1.78,0.0,0.0,25000000,0,,否,,1.85,2.04,,,-17.3369,-6.2815,
712362,達航永豐63購02,2026-10-01,1.4,-0.07,-4.76,22000000,0,,否,,1.29,1.34,1.31,,-5.9593,-3.7491,
712364,東洋國票63購01,2026-10-01,1.0,-0.01,-0.99,100000000,0,,否,,1.02,,,,,,
712366,竑騰國票63購01,2026-10-01,1.52,-0.01,-0.65,114000000,0,,否,,1.35,1.23,1.48,,21.3262,-3.9658,
712369,中美晶群益64購02,2026-10-01,0.86,0.21,32.31,79000000,0,,是,,0.7,,,,,,
712370,欣銓群益63購01,2026-10-01,2.09,-0.01,-0.48,83000000,0,,否,,2.36,2.25,2.11,,10.1964,5.394,
712371,金山電群益63購01,2026-10-01,1.19,0.12,11.21,160000000,0,,是,,1.11,1.12,1.11,,-3.1524,-2.5152,
712373,威剛群益64購01,2026-10-01,0.6,0.01,1.69,1000000,0,,否,,0.63,,,,,,
712374,家登群益63購04,2026-10-01,2.19,-0.07,-3.1,46000000,0,,否,,2.23,2.16,,,6.6092,1.5537,
712376,雙鴻群益64購02,2026-10-01,2.21,-0.05,-2.21,131000000,0,,是,,2.51,2.12,1.78,,45.0867,17.6471,
712378,世界富邦65購01,2026-10-01,0.61,0.01,1.67,441000000,0,,是,,0.59,0.59,,,0.3413,-1.5101,
712380,新應材富邦64購02,2026-10-01,0.44,0.0,0.0,148000000,0,,否,,0.4,0.45,,,-19.9203,-23.7774,
712381,沛亨統一65購03,2026-10-01,1.17,-0.07,-5.65,549000000,0,,是,,1.19,1.24,1.1,,-6.7188,3.9496,
712383,前鼎統一66購01,2026-10-01,1.04,-0.07,-6.31,2162000000,0,,是,,1.09,1.26,1.19,,-23.488,-8.7273,
712384,前鼎統一68購01,2026-10-01,0.77,-0.02,-2.53,3000000,0,,否,,0.82,0.91,,,-18.0723,-6.0166,
712386,頎邦統一66購02,2026-10-01,1.39,0.15,12.1,3404000000,0,,是,,1.28,1.27,1.11,,2.0767,11.552,
712387,M31國票67購01,2026-10-01,1.02,0.0,0.0,116000000,0,,是,,0.95,,,,,,
712388,博磊國票65購01,2026-10-01,0.6,-0.02,-3.23,70000000,0,,否,,0.49,,,,,,
712389,宜鼎台新65購01,2026-10-01,1.04,-0.01,-0.95,29000000,0,,否,,1.11,1.23,,,-17.7515,,
712390,青雲台新63購01,2026-10-01,1.71,-0.06,-3.39,25000000,0,,否,,1.72,1.85,,,-13.3333,6.4516,
712391,宸曜台新62購01,2026-10-01,1.73,0.02,1.17,5000000,0,,否,,1.67,1.39,,,48.9286,-1.2048,
712392,宸曜台新62購02,2026-10-01,1.29,-0.01,-0.77,1088000000,0,,是,,1.23,,,,,,
712397,M31凱基63購01,2026-10-01,1.45,-0.26,-15.2,492000000,0,,是,,1.46,1.18,,,60.793,36.8786,
712398,中美晶凱基64購02,2026-10-01,1.56,0.17,12.23,126000000,0,,是,,1.29,1.22,,,12.3693,-14.0339,
712401,青雲凱基63購01,2026-10-01,1.23,-0.06,-4.65,55000000,0,,是,,1.28,1.37,,,-12.1918,4.977,
712409,雙鴻凱基63購09,2026-10-01,2.57,-0.1,-3.75,144000000,0,,是,,3.04,2.57,,,43.75,44.9324,
712411,世界群益66購02,2026-10-01,1.0,0.06,6.38,10000000,0,,否,,0.91,0.86,,,13.9651,15.3226,
712414,台特化群益66購01,2026-10-01,1.4,0.0,0.0,56000000,0,,否,,1.26,,,,,,
712415,弘塑群益63購01,2026-10-01,0.69,-0.1,-12.66,258000000,0,,是,,0.75,0.78,,,-7.8431,-13.2743,
712417,艾訊群益63購02,2026-10-01,0.53,-0.04,-7.02,30000000,0,,是,,0.51,,,,,,
712419,群聯群益64購04,2026-10-01,0.7,-0.04,-5.41,34000000,0,,是,,0.76,0.7,0.73,,18.4953,0.4323,
712421,雙鴻群益65購01,2026-10-01,1.61,-0.11,-6.4,946000000,0,,是,,1.91,1.66,,,35.3693,16.608,
712422,閎康元大63購04,2026-10-01,0.44,0.0,0.0,201000000,0,,否,,0.47,0.53,,,-22.8477,,
712425,營邦元大64購02,2026-10-01,1.81,-0.15,-7.65,91000000,0,,否,,2.03,2.03,1.86,,0.3953,2.4242,
712426,宜鼎中信62購01,2026-10-01,0.45,-0.03,-6.25,36000000,0,,否,,0.49,0.49,0.64,,-1.6194,-15.8076,
712428,群聯中信66購01,2026-10-01,0.51,-0.04,-7.27,51000000,0,,是,,0.54,0.54,,,-0.7326,,
712429,雙鴻中信63購03,2026-10-01,1.17,-0.13,-10.0,64000000,0,,否,,1.35,1.21,,,25.5597,27.8013,
712430,均華永豐63購01,2026-10-01,1.4,0.1,7.69,51000000,0,,是,,1.34,1.59,,,-27.0652,,
712431,沛亨永豐64購01,2026-10-01,2.2,-0.1,-4.35,15000000,0,,否,,2.26,2.27,,,-1.3112,,
712433,茂訊永豐63購01,2026-10-01,0.68,-0.01,-1.45,20000000,0,,否,,0.7,0.79,,,-21.0884,,
712437,雙鴻永豐64購05,2026-10-01,2.08,-0.16,-7.14,76000000,0,,否,,2.46,2.16,,,32.7586,16.6937,
712438,群聯國泰63購03,2026-10-01,1.65,-0.12,-6.78,17000000,0,,否,,1.75,1.67,,,10.1887,-1.1243,
712440,聖暉*國泰63購02,2026-10-01,0.71,0.05,7.58,170000000,0,,是,,0.61,0.59,,,4.1237,-1.3289,
712441,譜瑞國泰63購01,2026-10-01,1.29,-0.01,-0.77,8000000,0,,否,,1.34,,,,,,
712442,鑫聯國泰63購01,2026-10-01,0.65,0.02,3.17,5000000,0,,否,,0.69,,,,,,
712443,宏捷科富邦64購01,2026-10-01,0.54,0.0,0.0,182000000,0,,是,,0.52,0.51,0.56,,1.9763,-8.75,
712444,宏捷科富邦65購01,2026-10-01,0.55,0.01,1.85,252000000,0,,是,,0.51,0.49,0.57,,5.8333,-11.6279,
712446,頎邦富邦64購03,2026-10-01,1.19,0.16,15.53,20000000,0,,否,,1.07,0.94,,,31.6953,20.4342,
712447,頎邦富邦65購01,2026-10-01,0.96,0.13,15.66,2618000000,0,,是,,0.85,0.84,0.71,,2.4038,14.8704,
712449,M31統一68購01,2026-10-01,0.85,0.01,1.19,42000000,0,,否,,0.75,,,,,,
712451,雙鴻統一64購02,2026-10-01,1.03,-0.07,-6.36,54000000,0,,否,,1.15,1.06,,,17.6591,21.6992,
712452,台特化台新65購01,2026-10-01,2.1,-0.14,-6.25,22000000,0,,否,,2.03,1.85,1.98,,21.2664,-0.054,
712455,順達台新64購01,2026-10-01,1.83,-0.12,-6.15,62000000,0,,是,,1.86,1.76,,,11.4046,2.087,
712457,頎邦台新68購01,2026-10-01,4.15,0.43,11.56,56000000,0,,是,,3.86,3.79,3.28,,3.8772,12.6115,
712458,營邦台新65購02,2026-10-01,2.1,-0.27,-11.39,30000000,0,,是,,2.47,2.42,,,4.6531,,
712461,世界凱基66購02,2026-10-01,1.55,0.06,4.03,473000000,0,,是,,1.42,1.31,,,18.2724,17.008,
712463,弘塑凱基63購02,2026-10-01,0.82,-0.18,-18.0,11000000,0,,否,,0.93,0.94,,,-1.9027,-1.1603,
712467,富喬凱基63購03,2026-10-01,1.59,-0.06,-3.64,82000000,0,,否,,1.69,1.75,1.83,,-7.4643,-9.9589,
712469,順達凱基63購04,2026-10-01,1.4,-0.15,-9.68,31000000,0,,否,,1.43,1.37,,,8.6626,,
712472,順達中信62購01,2026-10-01,0.56,0.01,1.82,9000000,0,,否,,0.56,,,,,,
712473,群聯中信62購02,2026-10-01,0.51,-0.07,-12.07,34000000,0,,否,,0.59,0.52,0.68,,32.0,2.3529,
712474,均華永豐63購02,2026-10-01,1.16,0.2,20.83,125000000,0,,否,,1.02,1.32,,,-36.712,-18.5071,
712477,順達永豐63購02,2026-10-01,1.9,-0.08,-4.04,81000000,0,,是,,1.85,1.78,1.79,,7.5669,-0.2238,
712478,順達永豐63購03,2026-10-01,1.06,-0.08,-7.02,211000000,0,,是,,1.06,1.0,,,13.7045,,
712479,群聯永豐65購07,2026-10-01,1.26,-0.05,-3.82,10000000,0,,否,,1.33,1.23,,,17.9396,0.5738,
712481,群聯永豐68購02,2026-10-01,1.66,-0.05,-2.92,15000000,0,,是,,1.71,1.64,1.65,,8.365,3.657,
712482,廣閎科永豐63購01,2026-10-01,1.28,0.03,2.4,4000000,0,,否,,1.19,1.04,,,34.009,15.9598,
712484,廣閎科永豐65購01,2026-10-01,1.02,-0.11,-9.73,1000000,0,,否,,1.03,0.92,,,26.7157,14.4802,
712485,廣閎科永豐68購01,2026-10-01,1.18,-0.03,-2.48,10000000,0,,否,,1.13,1.04,,,19.6617,,
712486,廣穎永豐65購02,2026-10-01,1.08,-0.02,-1.82,101000000,0,,是,,1.07,1.28,,,-27.4696,,
712487,巨漢元大64購01,2026-10-01,1.05,-0.01,-0.94,167000000,0,,是,,1.03,1.0,,,4.2683,-5.4563,
712490,富喬元大63購03,2026-10-01,1.75,-0.04,-2.23,208000000,0,,否,,1.81,1.88,1.92,,-6.3017,-6.7164,
712491,富喬元大63購04,2026-10-01,1.65,0.02,1.23,223000000,0,,否,,1.64,1.68,,,-3.9766,-6.6295,
712492,富喬元大63購05,2026-10-01,2.29,-0.12,-4.98,90000000,0,,否,,2.44,2.55,,,-8.5521,0.9095,
712493,富喬元大63購06,2026-10-01,2.63,-0.1,-3.66,52000000,0,,否,,2.73,2.88,,,-9.8285,-1.3685,
712494,富喬元大64購06,2026-10-01,1.34,-0.03,-2.19,409000000,0,,否,,1.39,1.42,1.44,,-4.533,-5.3856,
712495,群聯元大63購10,2026-10-01,1.79,-0.07,-3.76,122000000,0,,是,,1.88,1.81,1.86,,7.4371,0.3876,
712496,群聯元大63購13,2026-10-01,0.59,-0.05,-7.81,496000000,0,,是,,0.7,0.76,,,-14.4963,,
712497,廣積元大63購05,2026-10-01,0.72,-0.02,-2.7,8000000,0,,否,,0.72,0.69,,,8.7349,,
712498,廣穎元大63購02,2026-10-01,0.5,0.01,2.04,269000000,0,,是,,0.51,0.61,,,-27.1429,,
712500,營邦元大63購01,2026-10-01,1.24,-0.2,-13.89,400000000,0,,是,,1.51,1.51,,,-0.2646,4.4983,
712501,營邦元大63購03,2026-10-01,0.87,-0.14,-13.86,180000000,0,,否,,1.04,1.05,0.96,,-1.1407,2.7505,
712502,營邦元大64購04,2026-10-01,0.88,-0.1,-10.2,80000000,0,,是,,1.04,1.04,0.93,,1.5564,4.6465,
712503,雙鴻元大64購04,2026-10-01,1.86,-0.05,-2.62,83000000,0,,否,,2.06,1.84,,,27.2503,25.802,
712504,千如國票66購01,2026-10-01,1.08,0.19,21.35,42000000,0,,是,,1.0,,,,,,
712506,富喬國票66購01,2026-10-01,3.85,-0.12,-3.02,34000000,0,,否,,3.98,4.08,4.15,,-4.7801,-5.6159,
712508,雙鴻國票69購01,2026-10-01,1.87,-0.11,-5.56,33000000,0,,否,,2.08,1.84,,,30.0752,,
712509,千如國泰63購01,2026-10-01,2.24,0.47,26.55,50000000,0,,否,,2.06,,,,,,
712513,千附精富邦62購01,2026-10-01,0.51,-0.03,-5.56,89000000,0,,否,,0.58,0.68,,,-24.8062,-16.5025,
712514,中美晶富邦65購01,2026-10-01,0.78,0.07,9.86,70000000,0,,否,,0.68,0.64,,,14.3813,3.7217,
712515,順達富邦63購03,2026-10-01,0.92,-0.08,-8.0,98000000,0,,否,,0.91,0.89,,,4.1379,-2.9508,
712516,廣閎科富邦62購01,2026-10-01,0.62,0.0,0.0,168000000,0,,否,,0.6,0.5,0.48,,49.0,18.8544,
712517,營邦富邦65購01,2026-10-01,1.22,-0.21,-14.69,1000000,0,,否,,1.41,1.4,1.22,,1.5805,6.7732,
712518,中美晶群益63購02,2026-10-01,3.64,0.44,13.75,38000000,0,,否,,2.81,2.64,2.54,,13.7875,8.4327,
712521,順達群益63購01,2026-10-01,1.9,-0.14,-6.86,88000000,0,,是,,1.88,1.85,,,2.8509,,
712522,群聯群益63購03,2026-10-01,3.32,-0.2,-5.68,185000000,0,,否,,3.53,3.41,3.58,,7.1645,-0.814,
712523,廣閎科群益63購01,2026-10-01,1.34,0.02,1.52,262000000,0,,否,,1.31,1.17,,,26.8859,,
712525,雙鴻群益63購04,2026-10-01,3.01,-0.07,-2.27,35000000,0,,否,,3.44,3.01,,,33.8258,19.9442,
712527,弘塑統一66購01,2026-10-01,0.51,-0.09,-15.0,258000000,0,,否,,0.54,0.54,0.56,,0.7407,-5.4101,
712528,均華統一69購01,2026-10-01,0.73,0.09,14.06,339000000,0,,否,,0.65,0.72,0.77,,-16.1538,-15.2482,
712531,順達統一6B購01,2026-10-01,0.83,-0.03,-3.49,38000000,0,,否,,0.79,,,,,,
712532,世界群益62購04,2026-10-01,2.26,0.19,9.18,26000000,0,,否,,1.97,1.82,1.62,,18.7726,20.0793,
712534,台特化群益62購02,2026-10-01,3.75,0.15,4.17,10000000,0,,否,,3.31,3.17,,,9.6625,-7.0423,
712535,東捷群益64購01,2026-10-01,1.83,-0.01,-0.54,329000000,0,,否,,1.73,1.55,,,26.2009,20.4651,
712538,廣閎科群益64購01,2026-10-01,2.08,0.16,8.33,19000000,0,,否,,1.91,1.66,,,35.8974,20.7877,
712539,穩懋群益63購02,2026-10-01,2.9,-0.1,-3.33,1360000000,0,,否,,2.65,2.46,2.19,,16.0386,15.4567,
712540,穩懋群益64購01,2026-10-01,3.8,-0.15,-3.8,329000000,0,,否,,3.57,3.32,3.01,,16.1248,8.9836,
712541,中美晶元大64購05,2026-10-01,0.88,-0.02,-2.22,180000000,0,,否,,0.79,0.74,,,14.7399,5.8405,
712544,朋億*元大63購01,2026-10-01,0.89,0.02,2.3,25000000,0,,否,,0.88,0.88,,,0.9174,-0.905,
712545,東捷元大63購01,2026-10-01,1.78,-0.12,-6.32,12000000,0,,否,,1.74,1.57,,,23.6131,16.5308,
712546,青雲元大63購02,2026-10-01,0.49,-0.01,-2.0,61000000,0,,否,,0.49,0.53,,,-12.8114,3.5433,
712547,高技元大63購02,2026-10-01,0.46,-0.02,-4.17,50000000,0,,否,,0.47,0.47,0.51,,0.4274,-11.0057,
712548,順達元大63購03,2026-10-01,0.96,-0.06,-5.88,386000000,0,,否,,0.93,0.9,,,7.3563,-17.3236,
712549,順達元大63購04,2026-10-01,1.51,-0.03,-1.95,73000000,0,,否,,1.5,1.45,,,6.8279,1.183,
712550,順達元大64購07,2026-10-01,1.21,-0.08,-6.2,241000000,0,,是,,1.2,1.17,1.18,,6.1837,-2.0973,
712551,漢達元大64購01,2026-10-01,4.87,0.29,6.33,60000000,0,,是,,4.19,,,,,,
712552,廣閎科元大64購01,2026-10-01,0.79,0.02,2.6,126000000,0,,否,,0.77,0.68,0.64,,32.0819,12.3967,
712554,廣穎元大63購04,2026-10-01,0.45,0.0,0.0,499000000,0,,是,,0.47,0.57,,,-29.6407,,
712555,雙鴻元大63購08,2026-10-01,1.77,-0.24,-11.94,280000000,0,,否,,2.03,1.84,,,24.0244,19.5185,
712556,雙鴻元大63購09,2026-10-01,1.45,-0.22,-13.17,10000000,0,,否,,1.54,1.34,,,35.2632,,
712559,寶雅元大63購01,2026-10-01,0.6,-0.03,-4.76,387000000,0,,是,,0.66,0.73,,,-18.5185,-15.9039,
712560,東捷統一66購02,2026-10-01,1.21,-0.04,-3.2,400000000,0,,否,,1.16,1.04,,,24.7845,20.578,
712561,東捷統一6B購01,2026-10-01,0.89,-0.02,-2.2,265000000,0,,否,,0.87,0.8,,,19.5055,13.4943,
712562,穩懋統一66購02,2026-10-01,1.13,0.01,0.89,1673000000,0,,是,,1.03,0.97,0.87,,13.9381,12.704,
712563,穩懋統一67購01,2026-10-01,0.99,0.02,2.06,120000000,0,,是,,0.89,0.84,,,13.2316,12.0321,
712564,穩懋統一68購01,2026-10-01,0.98,-0.01,-1.01,1000000,0,,否,,0.93,0.88,,,9.9762,,
712565,穩懋統一6C購02,2026-10-01,0.97,-0.03,-3.0,914000000,0,,否,,0.92,0.87,0.81,,10.3614,8.5821,
712566,穩懋統一6C購03,2026-10-01,1.24,0.0,0.0,218000000,0,,是,,1.16,1.12,,,7.7778,,
712567,東捷富邦63購01,2026-10-01,1.35,-0.07,-4.93,224000000,0,,否,,1.31,1.17,0.97,,27.4854,20.3093,
712568,東捷國泰63購01,2026-10-01,3.23,-0.37,-10.28,10000000,0,,否,,3.1,2.71,,,33.2186,24.3119,
712572,穩懋國泰63購01,2026-10-01,3.18,-0.12,-3.64,1335000000,0,,否,,2.9,2.71,2.44,,15.3296,12.3964,
712573,穩懋國泰63購03,2026-10-01,3.64,0.16,4.6,66000000,0,,否,,3.22,3.01,2.63,,15.4728,12.1133,
712574,穩懋國泰63購04,2026-10-01,3.65,-0.03,-0.82,3000000,0,,否,,3.31,3.09,2.77,,15.4007,13.4728,
712575,穩懋國泰63購05,2026-10-01,4.1,-0.2,-4.65,61000000,0,,否,,3.7,3.47,3.07,,14.3298,13.8078,
712577,宜鼎凱基64購02,2026-10-01,0.75,-0.02,-2.6,12000000,0,,否,,0.76,0.78,0.93,,-4.0404,-10.496,
712580,順達凱基63購05,2026-10-01,1.07,-0.09,-7.76,47000000,0,,否,,1.1,,,,,,
712581,群聯凱基64購06,2026-10-01,1.33,-0.14,-9.52,20000000,0,,是,,1.41,1.33,,,12.1212,0.1506,
712582,漢達凱基63購01,2026-10-01,3.33,-0.09,-2.63,70000000,0,,否,,3.09,2.94,,,10.8961,39.2992,
712586,穩懋凱基63購01,2026-10-01,2.48,0.02,0.81,17000000,0,,否,,2.2,2.04,1.81,,16.4195,15.882,
712587,穩懋凱基63購02,2026-10-01,2.3,0.05,2.22,32000000,0,,否,,2.03,1.91,1.73,,14.0135,11.8336,
712588,穩懋凱基63購03,2026-10-01,2.45,0.0,0.0,19000000,0,,否,,2.54,2.51,,,2.09,,
712591,均華台新63購01,2026-10-01,1.93,0.12,6.63,31000000,0,,否,,1.74,1.99,,,-22.1825,-15.9763,
712594,順達台新64購02,2026-10-01,1.38,-0.11,-7.38,23000000,0,,否,,1.36,1.38,,,-2.2989,,
712595,鈊象台新64購01,2026-10-01,1.0,0.12,13.64,167000000,0,,是,,0.83,0.73,,,29.4671,13.6646,
712597,穩懋台新63購01,2026-10-01,3.1,-0.04,-1.27,64000000,0,,否,,2.78,2.61,,,14.6623,7.1106,
712598,穩懋台新65購01,2026-10-01,1.63,-0.03,-1.81,63000000,0,,否,,1.5,1.42,,,11.8087,8.749,
712599,穩懋台新65購02,2026-10-01,2.03,0.01,0.5,73000000,0,,否,,1.86,1.74,,,14.1278,8.6658,
712600,穩懋台新68購01,2026-10-01,2.36,0.01,0.43,12000000,0,,否,,2.18,2.06,,,12.5129,8.9608,
712601,弘塑中信64購01,2026-10-01,0.77,-0.16,-17.2,65000000,0,,否,,0.87,0.91,,,-9.1858,-0.4357,
712602,穩懋中信68購01,2026-10-01,0.95,-0.01,-1.04,66000000,0,,否,,0.89,0.83,0.76,,16.1039,8.9005,
712603,台半永豐64購02,2026-10-01,1.2,0.03,2.56,66000000,0,,是,,1.17,1.18,,,-1.0118,,
712604,台半永豐65購01,2026-10-01,1.32,0.02,1.54,31000000,0,,否,,1.31,1.26,,,7.4013,0.3182,
712605,台星科永豐64購01,2026-10-01,1.24,-0.08,-6.06,200000000,0,,否,,1.25,1.2,1.2,,8.885,1.6102,
712606,由田永豐64購01,2026-10-01,1.79,0.21,13.29,485000000,0,,是,,1.54,1.42,1.39,,18.0704,8.289,
712607,系統電永豐63購01,2026-10-01,0.9,0.14,18.42,35000000,0,,否,,,,,,,,
712608,東捷永豐63購01,2026-10-01,2.17,-0.28,-11.43,30000000,0,,否,,2.12,1.89,,,28.295,22.2006,
712610,東捷永豐63購03,2026-10-01,1.85,-0.1,-5.13,4000000,0,,否,,1.79,1.52,,,43.52,24.5499,
712611,東捷永豐65購01,2026-10-01,2.22,-0.34,-13.28,20000000,0,,否,,2.18,1.91,,,32.7251,33.1246,
712612,東捷永豐65購02,2026-10-01,2.77,-0.15,-5.14,12000000,0,,否,,2.63,2.34,,,29.2444,22.8181,
712613,東捷永豐68購01,2026-10-01,3.04,-0.06,-1.94,8000000,0,,否,,2.88,2.57,,,27.8369,17.5126,
712614,欣銓永豐66購01,2026-10-01,1.57,-0.03,-1.88,31000000,0,,否,,1.73,1.65,,,10.728,8.9828,
712615,欣銓永豐68購01,2026-10-01,1.27,0.0,0.0,17000000,0,,否,,1.37,1.32,,,7.874,6.8826,
712617,博盛永豐63購01,2026-10-01,1.38,0.14,11.29,4000000,0,,否,,1.32,1.24,,,14.5329,,
712618,博盛永豐63購02,2026-10-01,1.14,0.07,6.54,2000000,0,,否,,1.13,1.09,,,7.2106,,
712620,越峰永豐63購01,2026-10-01,0.9,0.14,18.42,588000000,0,,是,,0.72,,,,,,
712621,穩得永豐63購01,2026-10-01,0.53,0.0,0.0,23000000,0,,否,,0.54,0.73,,,-41.4847,,
712623,穩懋永豐64購02,2026-10-01,3.81,0.13,3.53,73000000,0,,否,,3.51,3.23,,,19.2255,8.216,
712624,穩懋永豐66購01,2026-10-01,4.24,0.18,4.43,42000000,0,,否,,3.92,3.59,,,20.4671,,
712625,穩懋永豐68購01,2026-10-01,4.52,0.09,2.03,15000000,0,,否,,4.19,3.85,,,19.7143,7.5224,
712626,均華國票63購02,2026-10-01,1.93,0.21,12.21,13000000,0,,否,,1.67,1.98,,,-27.0742,-19.4139,
712628,東捷國票64購01,2026-10-01,2.26,-0.19,-7.76,25000000,0,,否,,2.24,1.96,,,32.5829,,
712629,元太群益63購01,2026-10-01,0.61,-0.06,-8.96,150000000,0,,是,,0.73,0.8,,,-16.5517,-20.3593,
712631,世界群益63購01,2026-10-01,2.94,0.23,8.49,17000000,0,,否,,2.61,2.4,2.14,,19.5234,19.095,
712632,巨有群益63購01,2026-10-01,6.0,-0.8,-11.76,8000000,0,,否,,4.96,4.12,,,51.0664,,
712633,威剛群益62購04,2026-10-01,1.96,0.02,1.03,227000000,0,,否,,1.97,2.0,2.21,,-2.3762,-7.0331,
712637,群聯群益62購01,2026-10-01,3.87,-0.2,-4.91,167000000,0,,否,,4.22,3.93,,,16.3085,-4.4769,
712638,漢達群益63購01,2026-10-01,3.18,0.19,6.35,2000000,0,,否,,2.85,2.73,,,9.272,32.5085,
712640,雙鴻群益62購04,2026-10-01,2.51,-0.17,-6.34,29000000,0,,否,,2.14,,,,,,
712641,穩懋群益64購03,2026-10-01,3.82,-0.06,-1.55,5000000,0,,否,,3.5,3.26,2.88,,15.873,14.647,
712642,雙鴻中信64購02,2026-10-01,1.69,-0.32,-15.92,2000000,0,,否,,2.01,1.79,,,28.6079,14.377,
712646,寶雅永豐63購01,2026-10-01,0.28,-0.09,-24.32,6000000,0,,,,,,,,,,
712647,台半國泰63購01,2026-10-01,2.09,0.09,4.5,96000000,0,,否,,2.03,1.98,,,4.8554,0.8647,
712649,千附精元大63購01,2026-10-01,0.5,-0.04,-7.41,167000000,0,,否,,0.53,0.58,0.68,,-15.2866,-21.8329,
712650,元太元大63購06,2026-10-01,0.43,0.0,0.0,133000000,0,,否,,0.43,0.46,,,-12.1457,-33.2374,
712651,元太元大64購02,2026-10-01,0.68,0.0,0.0,137000000,0,,否,,0.69,0.75,,,-12.8141,-14.1705,
712654,陽程元大64購03,2026-10-01,1.62,-0.05,-2.99,27000000,0,,否,,1.58,1.44,,,22.6357,11.4907,
712656,鈊象元大64購04,2026-10-01,0.93,0.1,12.05,1320000000,0,,是,,0.78,0.69,0.7,,30.1003,14.0962,
712658,良維富邦63購01,2026-10-01,1.03,-0.02,-1.9,759000000,0,,是,,1.03,1.06,0.98,,-5.3506,1.3449,
712659,穩懋富邦63購01,2026-10-01,1.58,-0.04,-2.47,8000000,0,,否,,1.45,1.37,1.22,,12.0743,12.5719,
712660,穩懋富邦64購01,2026-10-01,1.38,-0.04,-2.82,45000000,0,,否,,1.27,1.2,,,13.5472,13.7702,
712661,台半統一68購01,2026-10-01,0.83,0.03,3.75,46000000,0,,否,,0.79,0.78,,,4.2105,,
712662,東捷統一68購01,2026-10-01,0.92,-0.07,-7.07,337000000,0,,是,,0.91,0.83,,,21.0106,15.2566,
712664,穩懋統一68購02,2026-10-01,1.29,0.03,2.38,98000000,0,,否,,1.16,1.1,,,11.1324,11.9023,
712665,千如凱基66購01,2026-10-01,0.85,0.15,21.43,21000000,0,,是,,0.76,,,,,,
712666,中美晶凱基68購01,2026-10-01,2.06,0.22,11.96,46000000,0,,是,,1.85,1.71,,,17.2808,,
712667,世界凱基63購06,2026-10-01,1.46,0.04,2.82,70000000,0,,否,,1.34,1.22,,,22.4863,21.5784,
712668,弘塑凱基63購04,2026-10-01,0.88,-0.19,-17.76,37000000,0,,否,,0.96,0.95,0.99,,3.2258,-4.9296,
712671,東捷凱基63購02,2026-10-01,1.59,-0.06,-3.64,170000000,0,,否,,1.5,1.33,,,30.6087,22.8916,
712674,頎邦凱基63購03,2026-10-01,2.76,0.36,15.0,1196000000,0,,是,,2.65,2.32,,,33.5347,21.2232,
712676,寶雅凱基63購01,2026-10-01,0.42,-0.02,-4.55,70000000,0,,是,,0.49,0.55,,,-20.1954,-21.3675,
712677,系統電台新62購01,2026-10-01,1.48,-0.03,-1.99,731000000,0,,是,,,,,,,,
712679,威剛台新62購03,2026-10-01,1.16,0.01,0.87,12000000,0,,否,,1.24,1.35,,,-15.6676,,
712681,順達台新62購01,2026-10-01,1.09,-0.08,-6.84,12000000,0,,否,,1.06,,,,,,
712682,中美晶元大64購06,2026-10-01,0.72,0.03,4.35,83000000,0,,是,,0.6,0.59,,,5.614,,
712683,元太元大63購07,2026-10-01,0.87,-0.01,-1.14,141000000,0,,否,,0.88,0.96,,,-14.8936,,
712684,元太元大63購08,2026-10-01,0.52,0.0,0.0,35000000,0,,否,,0.53,0.55,,,-8.6505,-17.8306,
712685,元太元大64購03,2026-10-01,0.66,-0.03,-4.35,801000000,0,,是,,0.67,0.7,0.82,,-6.9061,-9.2208,
712686,均華元大64購03,2026-10-01,1.12,0.12,12.0,60000000,0,,否,,1.05,1.15,,,-16.4274,-13.3935,
712687,宜鼎元大64購05,2026-10-01,0.58,-0.01,-1.69,188000000,0,,否,,0.61,0.63,,,-6.7692,-12.0448,
712689,順達元大64購09,2026-10-01,0.81,-0.11,-11.96,592000000,0,,是,,1.0,1.04,,,-8.4559,,
712690,鈊象元大63購09,2026-10-01,1.3,0.14,12.07,570000000,0,,是,,1.09,0.96,,,33.7408,10.0115,
712691,鈊象元大64購05,2026-10-01,1.3,0.13,11.11,781000000,0,,是,,1.11,0.99,0.96,,29.6037,14.5349,
712692,群聯元大64購14,2026-10-01,0.84,-0.03,-3.45,10000000,0,,否,,0.87,0.84,,,5.6098,-8.2699,
712693,蜜望實元大63購02,2026-10-01,0.41,0.03,7.89,50000000,0,,是,,0.4,0.41,,,-5.2632,-11.9048,
712694,寶雅元大63購02,2026-10-01,0.6,-0.03,-4.76,285000000,0,,是,,0.63,0.68,0.76,,-13.7741,-8.8949,
712695,元太台新65購01,2026-10-01,1.06,0.01,0.95,14000000,0,,否,,1.09,1.14,,,-8.6957,-14.7541,
712696,沛亨台新65購01,2026-10-01,1.6,-0.1,-5.88,59000000,0,,是,,1.64,1.68,,,-4.7619,7.4121,
712698,胡連台新62購01,2026-10-01,0.68,0.01,1.49,26000000,0,,否,,0.71,0.86,,,-29.5635,,
712700,蜜望實台新62購01,2026-10-01,0.97,0.16,19.75,193000000,0,,是,,0.88,0.91,,,-5.5794,-17.4863,
712701,蜜望實台新65購01,2026-10-01,1.33,0.12,9.92,41000000,0,,否,,1.29,1.32,,,-4.7407,-9.8495,
712702,中美晶凱基64購04,2026-10-01,1.15,0.0,0.0,167000000,0,,否,,0.97,0.89,,,18.6275,1.479,
712703,朋億*凱基63購01,2026-10-01,0.75,0.04,5.63,52000000,0,,是,,0.69,0.68,,,1.1765,,
712705,威剛凱基63購07,2026-10-01,1.14,-0.01,-0.87,20000000,0,,是,,1.17,1.22,,,-8.75,-11.0465,
712706,建榮凱基63購01,2026-10-01,0.75,-0.01,-1.32,15000000,0,,否,,0.87,0.91,,,-8.2278,,
712707,順達凱基66購01,2026-10-01,1.39,-0.06,-4.14,87000000,0,,否,,1.38,1.29,,,13.8843,-2.4133,
712708,鈊象凱基64購04,2026-10-01,1.03,0.07,7.29,51000000,0,,否,,0.8,0.77,,,8.6721,,
712709,群聯凱基66購04,2026-10-01,0.98,-0.06,-5.77,37000000,0,,否,,1.21,1.29,,,-11.5497,,
712711,廣閎科凱基63購01,2026-10-01,1.26,0.02,1.61,815000000,0,,否,,1.22,1.01,,,53.9043,20.5742,
712712,穩懋凱基63購08,2026-10-01,1.98,0.01,0.51,152000000,0,,否,,1.74,1.62,1.45,,16.4438,15.8912,
712713,中美晶群益62購04,2026-10-01,3.04,0.29,10.55,332000000,0,,是,,2.58,2.5,2.44,,7.0481,5.8948,
712715,系統電群益63購01,2026-10-01,1.64,0.07,4.46,266000000,0,,是,,1.24,,,,,,
712716,宜鼎群益63購02,2026-10-01,0.86,-0.03,-3.37,176000000,0,,否,,0.93,1.02,,,-16.5468,-20.5607,
712717,威剛群益62購05,2026-10-01,0.45,0.0,0.0,30000000,0,,否,,0.5,0.56,,,-21.7666,-20.8683,
712718,原相群益62購02,2026-10-01,0.35,-0.01,-2.78,10000000,0,,否,,0.36,,,,,,
712719,群聯群益62購02,2026-10-01,2.19,-0.22,-9.13,5000000,0,,否,,2.42,2.28,,,13.0028,-8.0372,
712720,千如永豐63購01,2026-10-01,1.1,0.23,26.44,25000000,0,,否,,0.93,0.95,,,-5.123,,
712721,元太永豐63購02,2026-10-01,0.59,0.01,1.72,46000000,0,,否,,0.59,0.62,,,-8.9506,-10.9353,
712723,沛亨永豐64購02,2026-10-01,1.1,-0.05,-4.35,23000000,0,,否,,1.12,1.18,,,-10.1449,,
712724,茂迪永豐64購01,2026-10-01,0.63,-0.09,-12.5,343000000,0,,是,,0.64,0.6,,,13.0742,-6.5116,
712725,頎邦永豐65購02,2026-10-01,1.73,0.17,10.9,11000000,0,,否,,1.72,1.56,,,22.1591,24.0285,
712726,榮剛永豐63購01,2026-10-01,0.74,-0.03,-3.9,60000000,0,,否,,0.75,0.83,,,-18.3807,,
712728,雙鴻永豐6B購01,2026-10-01,2.05,-0.06,-2.84,7000000,0,,否,,2.18,1.96,,,25.0575,11.6306,
712729,雙鴻永豐6C購01,2026-10-01,1.95,-0.04,-2.01,20000000,0,,否,,2.13,1.95,,,20.0676,12.3777,
712730,穩懋永豐65購01,2026-10-01,2.11,0.09,4.46,37000000,0,,是,,1.9,1.76,,,17.2414,,
712731,三聯國票63購01,2026-10-01,0.84,0.0,0.0,34000000,0,,否,,0.88,0.81,,,20.1087,,
712733,寬宏國票63購01,2026-10-01,0.86,-0.01,-1.15,6000000,0,,是,,0.87,,,,,,
712734,均華國泰63購02,2026-10-01,1.08,0.15,16.13,92000000,0,,否,,0.96,1.05,1.16,,-17.1577,-18.5328,
712736,順達富邦64購01,2026-10-01,0.66,-0.03,-4.35,159000000,0,,否,,0.66,0.64,,,4.4444,0.3115,
712737,巨有統一6B購03,2026-10-01,1.69,0.07,4.32,306000000,0,,是,,1.34,1.06,,,74.0933,,
712738,倉和統一6B購01,2026-10-01,1.97,0.07,3.68,10000000,0,,否,,2.19,2.04,,,15.6614,33.2897,
712745,中美晶群益62購05,2026-10-01,2.93,0.23,8.52,346000000,0,,是,,2.42,2.32,,,9.7826,6.0925,
712746,台特化群益62購03,2026-10-01,2.48,-0.35,-12.37,174000000,0,,是,,2.41,2.49,,,-6.6718,,
712748,均華群益64購01,2026-10-01,1.74,0.26,17.57,467000000,0,,否,,1.49,1.7,1.93,,-21.2856,-22.0588,
712749,茂迪群益63購01,2026-10-01,0.76,-0.12,-13.64,1000000,0,,,,,,,,,,
712750,鈊象群益62購01,2026-10-01,3.34,0.55,19.71,33000000,0,,是,,2.45,2.09,2.08,,42.0139,17.9357,
712752,營邦群益63購01,2026-10-01,1.86,-0.36,-16.22,11000000,0,,否,,2.27,2.32,,,-4.4688,2.0687,
712753,穩懋群益68購01,2026-10-01,4.0,-0.13,-3.15,174000000,0,,是,,3.77,3.61,,,9.2174,9.6627,
712755,弘塑凱基63購05,2026-10-01,0.46,-0.11,-19.3,130000000,0,,是,,0.49,0.56,,,-21.4058,,
712756,均華凱基68購01,2026-10-01,3.31,0.52,18.64,13000000,0,,否,,2.85,3.07,,,-13.3576,-15.41,
712757,系統電凱基64購02,2026-10-01,1.31,-0.07,-5.07,77000000,0,,,,,,,,,,
712758,宜鼎凱基63購05,2026-10-01,0.61,-0.02,-3.17,18000000,0,,否,,0.69,1.03,,,-48.8954,,
712759,倉和凱基63購02,2026-10-01,3.1,-0.27,-8.01,4000000,0,,否,,3.81,3.68,,,7.6185,29.9541,
712760,頎邦凱基66購01,2026-10-01,2.3,0.26,12.75,234000000,0,,否,,2.12,2.09,,,3.5122,13.4312,
712761,臺慶科凱基63購03,2026-10-01,0.55,0.08,17.02,36000000,0,,否,,0.55,,,,,,
712763,東捷台新62購02,2026-10-01,2.35,-0.17,-6.75,35000000,0,,否,,2.34,2.0,,,41.0349,35.4293,
712764,倉和台新62購02,2026-10-01,5.9,0.0,0.0,11000000,0,,是,,7.23,6.45,,,27.7385,39.3212,
712765,家碩台新62購01,2026-10-01,1.67,0.12,7.74,200000000,0,,否,,1.5,,,,,,
712766,家碩台新62購02,2026-10-01,1.05,0.14,15.38,1698000000,0,,是,,0.98,,,,,,
712767,順達台新64購03,2026-10-01,1.35,-0.11,-7.53,12000000,0,,否,,1.32,,,,,,
712769,營邦台新63購01,2026-10-01,1.5,-0.17,-10.18,77000000,0,,是,,1.71,1.69,,,3.3776,,
712770,營邦台新65購03,2026-10-01,1.38,-0.23,-14.29,30000000,0,,否,,1.66,1.69,,,-2.9172,9.3912,
712772,元太元大64購04,2026-10-01,0.39,0.0,0.0,596000000,0,,是,,0.39,0.47,0.68,,-27.5735,-28.7234,
712773,弘塑元大63購04,2026-10-01,0.46,-0.05,-9.8,502000000,0,,否,,0.48,0.5,,,-5.098,-5.3333,
712774,弘塑元大63購05,2026-10-01,0.7,-0.05,-6.67,40000000,0,,否,,0.7,0.69,,,1.7493,-6.9892,
712776,均華元大64購04,2026-10-01,1.02,0.15,17.24,1000000,0,,否,,0.91,0.98,,,-14.3667,-17.5483,
712778,順達元大63購05,2026-10-01,0.72,0.01,1.41,222000000,0,,否,,0.72,0.82,,,-21.5686,-20.0195,
712779,順達元大63購06,2026-10-01,0.85,-0.06,-6.59,293000000,0,,否,,0.87,0.82,,,11.2821,-5.7208,
712780,順達元大63購07,2026-10-01,0.83,-0.07,-7.78,241000000,0,,是,,0.85,0.82,,,8.3756,-2.2619,
712781,順達元大64購10,2026-10-01,0.61,-0.04,-6.15,109000000,0,,否,,0.63,0.67,,,-9.9432,,
712784,群聯元大63購15,2026-10-01,1.14,-0.06,-5.0,1000000,0,,否,,1.17,1.18,,,-0.846,-3.7612,
712787,寶雅元大63購03,2026-10-01,0.76,-0.04,-5.0,492000000,0,,是,,0.8,0.89,1.0,,-17.1488,-10.4251,
712788,台星科統一6B購01,2026-10-01,0.76,-0.06,-7.32,65000000,0,,否,,0.78,0.77,,,1.3055,,
712791,倉和統一68購02,2026-10-01,2.63,-0.03,-1.13,58000000,0,,是,,3.02,2.79,,,18.3386,40.4234,
712792,陽程統一6C購02,2026-10-01,0.98,-0.03,-2.97,2333000000,0,,是,,0.96,0.89,0.88,,18.1373,9.0686,
712794,穩懋統一68購03,2026-10-01,1.52,0.06,4.11,525000000,0,,是,,1.41,1.33,,,14.0549,14.7186,
712795,家登中信63購01,2026-10-01,0.99,-0.02,-1.98,46000000,0,,否,,0.96,0.93,,,8.0899,1.5351,
712796,世禾永豐63購01,2026-10-01,0.75,0.03,4.17,685000000,0,,是,,0.69,0.65,,,15.3333,,
712798,宏捷科永豐63購01,2026-10-01,0.97,0.0,0.0,735000000,0,,否,,0.92,0.88,0.98,,8.5308,-6.8783,
712799,倚強永豐64購01,2026-10-01,2.95,-0.06,-1.99,15000000,0,,否,,2.51,2.0,,,69.2722,,
712800,倚強永豐64購02,2026-10-01,2.54,-0.05,-1.93,3000000,0,,否,,2.18,1.67,,,87.5862,39.4649,
712803,湧德永豐63購01,2026-10-01,1.19,-0.05,-4.03,19000000,0,,否,,1.22,1.26,,,-6.4516,,
712804,順達永豐63購04,2026-10-01,1.02,-0.1,-8.93,36000000,0,,否,,1.0,0.97,,,7.0815,-3.4034,
712805,群聯永豐63購03,2026-10-01,1.05,-0.09,-7.89,32000000,0,,否,,1.13,1.12,,,2.3551,,
712806,磐儀永豐63購01,2026-10-01,0.66,0.03,4.76,40000000,0,,否,,,,,,,,
712809,弘塑富邦64購02,2026-10-01,0.58,-0.09,-13.43,288000000,0,,否,,0.63,0.64,,,-3.3846,-11.9835,
712810,頎邦富邦65購02,2026-10-01,1.06,0.13,13.98,543000000,0,,是,,0.96,0.95,0.8,,4.1037,14.6845,
712812,元太台新65購02,2026-10-01,0.84,-0.02,-2.33,65000000,0,,否,,0.86,0.91,,,-10.2725,,
712813,均華台新62購04,2026-10-01,0.93,0.11,13.41,13000000,0,,否,,0.8,0.94,,,-26.4325,-21.9451,
712814,竑騰台新62購03,2026-10-01,1.7,-0.04,-2.3,34000000,0,,否,,1.54,1.43,,,15.4655,-8.3653,
712816,博盛台新62購01,2026-10-01,1.37,0.07,5.38,24000000,0,,否,,1.24,1.23,,,2.6446,,
712817,普萊德台新62購01,2026-10-01,0.71,0.05,7.58,51000000,0,,否,,0.83,,,,,,
712818,晶呈台新62購01,2026-10-01,2.63,-0.34,-11.45,506000000,0,,否,,2.4,2.07,1.94,,37.3853,21.0526,
712819,晶呈台新62購02,2026-10-01,1.88,-0.06,-3.09,113000000,0,,否,,1.56,1.33,,,40.3604,11.7253,
712820,晶呈台新65購01,2026-10-01,2.1,-0.15,-6.67,59000000,0,,是,,1.86,1.64,,,32.3864,,
712821,元太群益62購01,2026-10-01,0.57,-0.02,-3.39,108000000,0,,是,,0.61,0.67,,,-17.8378,,
712822,均華群益64購02,2026-10-01,1.99,0.3,17.75,295000000,0,,是,,1.73,1.92,,,-17.9924,-20.3811,
712827,倉和元大62購02,2026-10-01,1.83,-0.1,-5.18,7000000,0,,否,,2.1,2.18,1.69,,-7.3322,12.7715,
712828,陽程元大62購01,2026-10-01,1.1,-0.09,-7.56,178000000,0,,否,,1.11,0.98,,,30.5882,13.8211,
712829,陽程元大62購02,2026-10-01,1.08,-0.06,-5.26,241000000,0,,否,,1.07,0.95,,,30.0971,14.4928,
712830,陽程元大62購03,2026-10-01,1.06,-0.06,-5.36,1186000000,0,,是,,1.04,0.93,,,25.908,10.9394,
712831,陽程元大63購04,2026-10-01,1.1,-0.09,-7.56,254000000,0,,是,,1.1,0.98,,,29.108,11.5429,
712832,陽程元大65購03,2026-10-01,1.01,-0.05,-4.72,94000000,0,,否,,1.01,0.91,0.89,,22.9268,11.7359,
712833,群聯元大65購01,2026-10-01,1.12,-0.04,-3.45,70000000,0,,否,,1.16,1.13,,,4.1367,-0.613,
712834,廣閎科元大62購01,2026-10-01,0.75,0.03,4.17,81000000,0,,否,,0.74,0.64,0.59,,38.0597,16.6362,
712835,營邦元大62購02,2026-10-01,1.29,-0.09,-6.52,34000000,0,,否,,1.46,1.44,1.37,,2.2409,-0.6194,
712836,中美晶凱基66購02,2026-10-01,1.55,0.19,13.97,75000000,0,,是,,1.31,1.27,,,5.6634,,
712838,台特化凱基65購01,2026-10-01,1.49,-0.19,-11.31,41000000,0,,是,,1.44,1.3,,,23.6707,-8.427,
712839,系統電凱基66購01,2026-10-01,1.58,-0.03,-1.86,6000000,0,,否,,1.24,,,,,,
712841,茂迪凱基63購01,2026-10-01,0.77,-0.15,-16.3,30000000,0,,是,,0.81,,,,,,
712842,博智凱基63購05,2026-10-01,1.67,-0.1,-5.65,453000000,0,,是,,2.13,2.36,,,-17.9507,-9.5675,
712843,順達凱基63購07,2026-10-01,1.71,-0.17,-9.04,69000000,0,,否,,1.7,1.65,,,5.604,-1.843,
712844,鈊象凱基63購01,2026-10-01,1.99,0.13,6.99,43000000,0,,否,,1.71,,,,,,
712847,千附精永豐63購01,2026-10-01,0.85,-0.05,-5.56,89000000,0,,否,,1.15,1.31,,,-22.0408,,
712850,群聯永豐63購06,2026-10-01,1.03,-0.04,-3.74,90000000,0,,否,,1.08,1.01,,,13.5021,1.5045,
712851,群聯永豐65購09,2026-10-01,1.24,-0.05,-3.88,28000000,0,,否,,1.29,1.27,,,2.3885,-12.8258,
712852,頎邦國泰63購04,2026-10-01,2.41,0.17,7.59,10000000,0,,否,,1.95,1.79,,,20.3704,,
712854,大中國票63購01,2026-10-01,1.21,0.09,8.04,141000000,0,,是,,1.14,1.12,,,4.7619,-0.3565,
712856,越峰國票68購01,2026-10-01,0.8,0.1,14.29,30000000,0,,否,,0.69,0.63,,,19.9301,,
712858,陽程國票65購01,2026-10-01,2.17,-0.13,-5.65,44000000,0,,是,,2.19,1.94,,,28.4371,5.9401,
712859,陽程國票68購01,2026-10-01,2.36,-0.16,-6.35,704000000,0,,是,,2.37,2.16,,,20.4684,10.4592,
712860,鏵友益國票66購01,2026-10-01,1.3,0.25,23.81,20000000,0,,否,,1.04,,,,,,
712864,欣銓台新65購01,2026-10-01,2.33,0.05,2.19,47000000,0,,否,,2.53,2.42,,,9.8175,9.4246,
712865,萬泰科台新65購01,2026-10-01,2.75,0.04,1.48,346000000,0,,是,,2.61,2.62,,,-0.9112,,
712866,臺慶科台新65購01,2026-10-01,1.52,0.22,16.92,142000000,0,,是,,1.39,1.35,,,7.2308,-5.6723,
712867,元太凱基63購02,2026-10-01,0.54,-0.02,-3.57,118000000,0,,否,,0.57,0.61,,,-12.8049,,
712870,群聯凱基64購07,2026-10-01,2.01,-0.23,-10.27,9000000,0,,否,,2.25,2.04,2.07,,22.8665,5.1084,
712871,頎邦凱基63購04,2026-10-01,2.53,0.38,17.67,424000000,0,,是,,2.27,2.27,,,0.0881,15.5725,
712872,廣閎科凱基63購02,2026-10-01,1.89,0.09,5.0,23000000,0,,否,,1.78,1.53,,,40.315,17.0245,
712874,中美晶群益62購06,2026-10-01,1.97,-0.03,-1.5,189000000,0,,否,,1.69,1.59,,,13.7281,6.6488,
712875,方土昶群益63購03,2026-10-01,0.33,0.02,6.45,165000000,0,,是,,,,,,,,
712876,世紀*群益63購03,2026-10-01,6.0,-0.15,-2.44,2000000,0,,否,,10.11,,,,,,
712877,由田群益63購01,2026-10-01,1.24,0.18,16.98,949000000,0,,是,,1.04,0.96,,,19.4954,10.8922,
712879,晶呈群益64購01,2026-10-01,1.23,-0.13,-9.56,1240000000,0,,是,,1.12,0.98,,,32.3113,17.2619,
712883,群聯群益62購05,2026-10-01,1.07,-0.12,-10.08,5000000,0,,否,,1.19,1.11,,,14.2582,,
712884,雙鴻群益62購05,2026-10-01,2.18,-0.16,-6.84,120000000,0,,是,,2.67,2.3,,,37.5258,19.193,
712886,中美晶永豐63購01,2026-10-01,2.28,0.33,16.92,52000000,0,,否,,1.78,1.7,,,9.0909,3.8438,
712888,由田永豐63購01,2026-10-01,1.43,0.18,14.4,218000000,0,,否,,1.22,1.09,,,26.6667,4.1148,
712893,世紀*國票67購01,2026-10-01,1.95,0.17,9.55,107000000,0,,否,,1.7,1.93,,,-21.316,-17.2177,
712895,由田國票65購01,2026-10-01,1.44,0.21,17.07,115000000,0,,是,,1.22,1.09,,,25.3608,,
712896,利機國票63購01,2026-10-01,0.74,-0.02,-2.63,16000000,0,,否,,0.8,0.81,,,-1.7115,,
712899,博盛國票66購01,2026-10-01,1.12,0.08,7.69,10000000,0,,,,,,,,,,
712903,中美晶元大62購01,2026-10-01,1.3,0.14,12.07,360000000,0,,否,,1.08,1.05,,,6.2992,0.2871,
712905,均華元大68購01,2026-10-01,1.02,0.11,12.09,202000000,0,,是,,0.92,1.0,,,-13.8318,-14.653,
712907,建榮元大62購01,2026-10-01,1.01,-0.04,-3.81,44000000,0,,是,,1.1,1.16,1.18,,-9.8039,-3.4826,
712908,群聯元大65購02,2026-10-01,0.42,-0.03,-6.67,15000000,0,,否,,0.44,0.51,,,-22.9167,,
712909,寶雅元大62購01,2026-10-01,0.8,-0.05,-5.88,110000000,0,,是,,0.89,0.98,,,-16.946,-11.2816,
712910,由田統一68購02,2026-10-01,0.64,0.07,12.28,44000000,0,,否,,0.58,0.53,,,17.551,,
712911,均華統一6A購01,2026-10-01,0.71,0.07,10.94,115000000,0,,否,,0.65,0.7,,,-13.8667,-8.519,
712913,晶呈統一68購01,2026-10-01,0.78,0.0,0.0,16000000,0,,否,,0.67,,,,,,
712914,晶呈統一6C購01,2026-10-01,1.0,-0.04,-3.85,565000000,0,,是,,0.92,0.87,0.83,,13.7931,9.3199,
712915,晶呈統一6C購02,2026-10-01,1.08,0.06,5.88,68000000,0,,否,,0.93,0.86,,,17.1285,9.2522,
712916,穩懋富邦65購01,2026-10-01,1.4,-0.03,-2.1,243000000,0,,否,,1.28,1.2,,,14.2602,14.3673,
712921,宜鼎元大65購03,2026-10-01,0.87,-0.01,-1.14,305000000,0,,否,,0.9,0.91,,,-2.6087,-12.1857,
712923,群聯元大68購03,2026-10-01,0.8,-0.02,-2.44,71000000,0,,是,,0.83,0.79,,,10.3723,1.4103,
712924,臺慶科元大62購01,2026-10-01,0.82,0.13,18.84,176000000,0,,是,,0.75,0.82,,,-15.3153,-21.3806,
712925,川寶國票65購02,2026-10-01,0.98,-0.13,-11.71,1745000000,0,,是,,0.94,0.78,,,49.6815,18.9681,
712926,世紀*國票69購01,2026-10-01,1.42,0.09,6.77,39000000,0,,是,,1.6,1.82,,,-21.82,,
712929,倉和國票6A購01,2026-10-01,2.7,0.07,2.66,24000000,0,,是,,,,,,,,
712930,倉和國票6C購01,2026-10-01,2.34,0.06,2.63,49000000,0,,是,,2.44,2.46,,,-1.6908,,
712934,群聯中信62購03,2026-10-01,0.91,-0.11,-10.78,39000000,0,,否,,0.98,0.93,,,13.6259,-1.4909,
712938,雙鴻永豐63購05,2026-10-01,2.5,-0.03,-1.19,4000000,0,,否,,2.64,2.29,,,36.9948,10.3764,
712939,穩懋永豐63購02,2026-10-01,2.06,0.14,7.29,52000000,0,,否,,1.8,1.72,,,10.1591,12.8863,
712942,崴寶台新62購01,2026-10-01,1.28,0.02,1.59,63000000,0,,是,,1.36,1.28,,,12.6246,,
712943,新門台新62購01,2026-10-01,0.86,0.07,8.86,48000000,0,,否,,0.83,0.82,,,0.9756,,
712944,瑞耘台新62購01,2026-10-01,1.36,-0.09,-6.21,121000000,0,,是,,1.13,0.96,,,44.1327,13.1206,
712945,中美晶凱基64購05,2026-10-01,1.89,0.24,14.55,336000000,0,,是,,1.63,1.64,,,-1.4493,,
712948,弘塑凱基68購01,2026-10-01,1.42,-0.26,-15.48,7000000,0,,否,,1.51,1.51,,,0.6667,-5.5242,
712949,均華凱基68購02,2026-10-01,1.54,0.29,23.2,39000000,0,,否,,1.33,1.44,,,-14.2303,-17.1379,
712951,威剛凱基68購01,2026-10-01,1.58,0.0,0.0,1000000,0,,否,,1.62,1.7,,,-8.7739,,
712953,博盛凱基66購01,2026-10-01,1.07,0.1,10.31,35000000,0,,否,,1.05,1.04,,,0.5769,,
712954,鈊象凱基63購02,2026-10-01,2.71,0.32,13.39,21000000,0,,,,,,,,,,
712956,群聯凱基66購05,2026-10-01,1.58,-0.09,-5.39,295000000,0,,是,,1.7,1.6,,,12.0211,-7.8116,
712957,寶雅*凱基63購03,2026-10-01,0.76,-0.02,-2.56,48000000,0,,否,,0.97,,,,,,
712958,均華群益62購01,2026-10-01,1.1,0.31,39.24,163000000,0,,否,,0.85,1.0,,,-25.2632,-26.7647,
712959,群聯群益62購06,2026-10-01,1.15,-0.07,-5.74,20000000,0,,否,,1.23,1.16,,,12.4314,2.3789,
712960,雙鴻群益62購06,2026-10-01,2.44,-0.5,-17.01,1000000,0,,否,,2.48,2.23,,,25.8359,,
712961,元太國泰63購01,2026-10-01,1.09,-0.05,-4.39,52000000,0,,否,,1.13,1.18,,,-8.1169,,
712963,台特化富邦62購01,2026-10-01,0.61,-0.05,-7.58,345000000,0,,是,,0.57,0.55,,,11.2403,-10.6557,
712967,台半凱基63購02,2026-10-01,1.1,0.06,5.77,7000000,0,,否,,1.11,,,,,,
712968,安葆凱基63購01,2026-10-01,2.8,-0.03,-1.06,7000000,0,,否,,2.81,2.08,,,106.6176,,
712970,耕興凱基65購01,2026-10-01,0.67,-0.01,-1.47,155000000,0,,是,,0.67,,,,,,
712973,群聯凱基63購12,2026-10-01,2.61,-0.23,-8.1,5000000,0,,否,,2.81,2.68,,,10.6216,,
712974,群聯凱基64購08,2026-10-01,1.91,-0.11,-5.45,191000000,0,,是,,2.22,2.16,,,5.6137,,
712975,臺慶科凱基63購04,2026-10-01,1.04,0.18,20.93,50000000,0,,否,,0.9,1.11,,,-31.0976,,
712978,穩懋凱基65購01,2026-10-01,4.23,-0.17,-3.86,5000000,0,,否,,3.87,3.49,,,24.1335,13.1929,
712981,千如國票67購01,2026-10-01,0.86,0.14,19.44,175000000,0,,,,,,,,,,
712982,世紀*國票65購01,2026-10-01,1.11,0.08,7.77,712000000,0,,是,,0.98,1.07,,,-15.5172,-19.4883,
712983,世紀*國票6B購01,2026-10-01,1.29,0.09,7.5,787000000,0,,是,,1.16,1.25,,,-12.7628,-13.5229,
712986,宸曜國票63購01,2026-10-01,1.41,-0.1,-6.62,8000000,0,,否,,1.38,1.22,,,31.8095,0.2471,
712987,博智國票64購01,2026-10-01,1.59,0.11,7.43,20000000,0,,否,,1.76,1.86,,,-9.9081,,
712992,世紀*元大68購01,2026-10-01,4.3,0.28,6.97,1000000,0,,否,,3.28,,,,,,
712994,崇越電元大62購02,2026-10-01,0.39,0.03,8.33,150000000,0,,否,,0.36,0.41,,,-19.5556,,
712995,順達元大68購01,2026-10-01,1.32,-0.04,-2.94,175000000,0,,是,,1.29,1.25,,,5.5829,-3.0209,
712997,中美晶群益62購07,2026-10-01,2.89,0.4,16.06,34000000,0,,否,,2.35,2.24,,,10.8491,7.2457,
712998,弘塑群益62購03,2026-10-01,2.18,-0.51,-18.96,39000000,0,,否,,2.46,2.37,,,7.1553,-8.1625,
712999,弘塑群益68購01,2026-10-01,1.73,-0.26,-13.07,372000000,0,,是,,1.85,1.83,,,2.2148,-3.8441,
713000,良維群益64購01,2026-10-01,2.75,-0.07,-2.48,236000000,0,,否,,2.83,2.7,,,9.9379,6.0808,
713001,宜特群益62購03,2026-10-01,0.94,0.01,1.08,29000000,0,,否,,0.93,0.87,,,15.0617,,
713002,宜鼎群益62購02,2026-10-01,1.28,-0.11,-7.91,37000000,0,,否,,1.35,1.38,,,-3.8516,-21.2936,
713004,茂綸群益63購01,2026-10-01,1.0,0.08,8.7,86000000,0,,是,,0.99,0.98,,,2.2727,,
713005,倚強群益64購01,2026-10-01,12.5,0.2,1.63,1000000,0,,否,,10.8,8.44,,,77.9242,,
713006,原相群益62購03,2026-10-01,1.73,-0.02,-1.14,56000000,0,,否,,1.78,1.99,,,-19.1818,,
713010,博智群益62購03,2026-10-01,2.97,-0.09,-2.94,83000000,0,,是,,3.57,3.99,,,-18.8465,,
713012,順達群益62購02,2026-10-01,1.18,-0.08,-6.35,74000000,0,,是,,1.11,1.3,,,-25.6032,,
713013,鈊象群益62購03,2026-10-01,2.49,0.2,8.73,48000000,0,,否,,2.05,1.69,,,53.6036,,
713014,新應材群益62購04,2026-10-01,1.99,-0.08,-3.86,109000000,0,,否,,1.92,1.86,,,7.3743,-12.9047,
713015,群聯群益62購07,2026-10-01,1.44,-0.09,-5.88,5000000,0,,否,,1.57,1.48,,,12.8058,,
713016,榮剛群益68購01,2026-10-01,2.89,0.0,0.0,58000000,0,,否,,2.77,2.86,,,-5.7784,,
713017,漢達群益62購01,2026-10-01,7.75,1.1,16.54,10000000,0,,否,,7.12,6.26,,,31.7543,,
713018,臺慶科群益65購01,2026-10-01,1.5,0.2,15.38,105000000,0,,是,,1.35,1.46,,,-13.8107,,
713020,穩懋群益63購03,2026-10-01,1.41,-0.19,-11.88,549000000,0,,否,,1.29,1.18,,,21.6981,12.8722,
713021,穩懋群益64購04,2026-10-01,2.01,-0.01,-0.5,72000000,0,,是,,1.82,1.63,,,27.5524,,
713023,良維中信62購01,2026-10-01,1.04,-0.06,-5.45,442000000,0,,是,,1.05,1.04,,,0.9634,2.3553,
713027,朋程永豐63購01,2026-10-01,1.29,0.0,0.0,56000000,0,,否,,1.21,1.12,,,17.8988,-1.5817,
713030,立敦台新65購01,2026-10-01,2.12,0.42,24.71,185000000,0,,是,,1.75,1.76,,,-0.6795,,
713031,宜鼎台新62購05,2026-10-01,1.78,-0.08,-4.3,30000000,0,,否,,1.87,1.9,,,-3.3092,-19.5772,
713032,元太群益62購02,2026-10-01,0.65,-0.03,-4.41,160000000,0,,是,,0.66,0.7,,,-8.7912,,
713033,群聯群益62購08,2026-10-01,1.41,-0.1,-6.62,34000000,0,,是,,1.49,1.42,,,10.6667,,
713035,雙鴻群益62購08,2026-10-01,7.6,-0.65,-7.88,30000000,0,,否,,6.44,,,,,,
713036,台星科元大62購02,2026-10-01,1.36,-0.18,-11.69,138000000,0,,是,,1.4,,,,,,
713037,台星科元大62購03,2026-10-01,0.64,-0.07,-9.86,194000000,0,,否,,0.67,0.64,,,11.9601,3.9088,
713038,安葆元大62購01,2026-10-01,2.24,-0.05,-2.18,4000000,0,,否,,2.25,1.74,,,81.4516,,
713039,安葆元大62購02,2026-10-01,1.33,-0.01,-0.75,10000000,0,,否,,1.28,0.96,,,101.8868,,
713040,竑騰元大62購01,2026-10-01,0.97,-0.09,-8.49,11000000,0,,否,,0.92,0.97,,,-9.7847,,
713044,中美晶凱基63購07,2026-10-01,3.42,0.01,0.29,21000000,0,,否,,2.95,2.81,,,10.2545,8.2049,
713045,弘塑凱基63購06,2026-10-01,1.7,-0.31,-15.42,12000000,0,,否,,1.83,1.94,,,-10.7108,,
713046,宜特凱基63購02,2026-10-01,1.1,-0.05,-4.35,77000000,0,,否,,1.09,1.05,,,8.982,-2.2409,
713047,宜鼎凱基63購07,2026-10-01,1.11,-0.02,-1.77,20000000,0,,否,,1.15,1.3,,,-20.4138,,
713049,原相凱基63購01,2026-10-01,1.26,-0.07,-5.26,126000000,0,,是,,1.39,,,,,,
713051,順達凱基63購08,2026-10-01,1.62,-0.12,-6.9,85000000,0,,是,,1.64,1.65,,,-1.4458,,
713052,鈊象凱基63購03,2026-10-01,2.13,0.16,8.12,167000000,0,,是,,1.56,,,,,,
713055,群聯凱基63購14,2026-10-01,1.79,-0.11,-5.79,13000000,0,,否,,1.83,,,,,,
713057,大江國票68購01,2026-10-01,0.56,-0.01,-1.75,450000000,0,,是,,0.62,,,,,,
713059,安葆國票63購01,2026-10-01,1.23,0.02,1.65,4000000,0,,否,,1.09,,,,,,
713060,信立國票63購01,2026-10-01,1.53,0.02,1.32,9000000,0,,否,,1.65,1.78,,,-13.8976,,
713062,聖暉*國票65購02,2026-10-01,1.13,0.1,9.71,325000000,0,,是,,,,,,,,
713064,世界永豐63購01,2026-10-01,2.76,0.26,10.4,28000000,0,,否,,2.44,2.21,,,22.837,,
713065,世界永豐64購02,2026-10-01,2.86,0.29,11.28,30000000,0,,否,,2.51,2.29,,,22.0388,15.2722,
713067,威剛永豐63購01,2026-10-01,1.18,0.01,0.85,61000000,0,,是,,1.52,1.74,,,-22.7642,,
713068,威剛永豐63購02,2026-10-01,1.3,0.0,0.0,52000000,0,,是,,1.44,,,,,,
713071,宜特富邦64購01,2026-10-01,0.8,-0.04,-4.76,78000000,0,,否,,0.81,0.8,,,1.0025,,
713072,威剛富邦68購01,2026-10-01,0.62,0.01,1.64,16000000,0,,否,,0.64,0.67,,,-9.915,,
713073,高技富邦64購01,2026-10-01,0.85,-0.07,-7.61,7000000,0,,否,,0.89,0.86,,,5.2257,-5.6769,
713074,博智富邦63購03,2026-10-01,0.65,-0.01,-1.52,232000000,0,,否,,0.73,0.85,,,-24.3243,,
713075,智通*富邦64購03,2026-10-01,0.56,-0.08,-12.5,48000000,0,,否,,0.65,0.68,,,-8.7079,,
713078,建榮統一6B購01,2026-10-01,0.53,0.0,0.0,5000000,0,,否,,0.54,0.55,,,-4.2403,,
713080,巨有台新62購02,2026-10-01,9.1,-0.85,-8.54,602000000,0,,是,,8.01,6.19,,,83.1276,,
713081,竑騰台新62購04,2026-10-01,1.16,-0.07,-5.69,8000000,0,,否,,1.04,1.19,,,-22.039,,
713082,高技台新62購01,2026-10-01,1.73,-0.12,-6.49,2000000,0,,否,,1.79,1.75,,,3.9535,-14.0196,
713084,群翊台新62購02,2026-10-01,1.38,-0.05,-3.5,10000000,0,,否,,1.43,,,,,,
713087,穩懋台新62購03,2026-10-01,5.45,-0.05,-0.91,54000000,0,,否,,4.89,4.55,,,15.782,15.7935,
713089,元太凱基63購03,2026-10-01,0.93,-0.02,-2.11,73000000,0,,否,,0.94,1.01,,,-12.616,,
713090,台星科凱基63購01,2026-10-01,1.45,-0.21,-12.65,160000000,0,,否,,1.46,1.38,,,12.8483,,
713091,正德凱基63購01,2026-10-01,0.96,-0.02,-2.04,45000000,0,,否,,1.07,,,,,,
713095,威剛凱基63購11,2026-10-01,1.84,0.05,2.79,56000000,0,,是,,1.91,2.02,,,-9.9812,,
713096,竑騰凱基63購01,2026-10-01,0.84,-0.05,-5.62,1636000000,0,,是,,0.76,0.69,,,21.7252,-6.3428,
713098,群聯凱基63購16,2026-10-01,2.31,-0.15,-6.1,80000000,0,,否,,2.52,2.41,,,9.3913,3.9275,
713099,聖暉*凱基63購01,2026-10-01,1.0,0.13,14.94,31000000,0,,否,,0.84,0.81,,,8.2051,-16.5468,
713102,高技國泰63購01,2026-10-01,1.54,-0.28,-15.38,22000000,0,,否,,1.63,1.59,,,4.3646,-9.236,
713103,群翊國泰63購01,2026-10-01,1.88,-0.16,-7.84,53000000,0,,否,,1.83,1.79,,,4.3379,,
713104,大綜國票63購01,2026-10-01,2.54,0.49,23.9,1043000000,0,,是,,2.08,1.99,,,10.0423,10.1441,
713105,大綜國票64購01,2026-10-01,1.94,0.4,25.97,40000000,0,,否,,1.56,,,,,,
713106,宏捷科國票66購01,2026-10-01,0.8,0.02,2.56,35000000,0,,是,,0.75,,,,,,
713107,竑騰國票64購01,2026-10-01,1.19,-0.03,-2.46,13000000,0,,否,,1.06,1.07,,,-2.5735,,
713108,群翊國票66購01,2026-10-01,0.77,-0.06,-7.23,26000000,0,,否,,0.81,,,,,,
713109,聖暉*富邦62購02,2026-10-01,0.81,0.08,10.96,593000000,0,,是,,0.71,0.67,,,12.0253,5.0157,
713110,台半中信62購01,2026-10-01,0.78,0.04,5.41,31000000,0,,否,,0.76,0.76,,,-0.7812,,
713111,宜鼎中信62購02,2026-10-01,0.38,-0.04,-9.52,33000000,0,,否,,0.42,0.43,,,-2.765,-14.9105,
713113,大綜永豐63購01,2026-10-01,1.25,0.04,3.31,69000000,0,,否,,1.19,1.15,,,6.8223,,
713114,宏碩永豐65購01,2026-10-01,0.62,0.04,6.9,176000000,0,,是,,0.69,,,,,,
713116,竑騰永豐63購02,2026-10-01,0.58,-0.02,-3.33,124000000,0,,是,,0.52,0.49,,,13.1579,-9.6654,
713117,頎邦永豐64購02,2026-10-01,2.62,0.4,18.02,81000000,0,,是,,2.54,2.29,,,24.5837,,
713120,中美晶群益62購08,2026-10-01,2.32,0.29,14.29,63000000,0,,是,,1.78,1.66,,,15.0259,8.9954,
713122,台半群益62購04,2026-10-01,2.95,0.14,4.98,26000000,0,,否,,2.86,2.77,,,7.0254,1.726,
713123,系統電群益64購01,2026-10-01,2.18,0.01,0.46,174000000,0,,是,,1.75,1.48,,,44.3163,,
713125,欣銓群益62購01,2026-10-01,3.57,-0.11,-2.99,50000000,0,,是,,3.98,3.81,,,9.4505,7.7445,
713127,威剛群益62購08,2026-10-01,1.5,0.05,3.45,33000000,0,,否,,1.54,1.64,,,-11.6838,,
713129,順達群益62購03,2026-10-01,3.22,-0.26,-7.47,96000000,0,,否,,3.24,3.11,,,8.2943,,
713130,鈊象群益62購04,2026-10-01,2.52,0.43,20.57,100000000,0,,否,,1.9,1.5,,,71.9711,27.027,
713133,群聯群益62購09,2026-10-01,1.26,-0.13,-9.35,5000000,0,,否,,1.39,1.31,,,13.9344,,
713135,頎邦群益63購01,2026-10-01,4.38,0.19,4.53,20000000,0,,是,,4.27,4.23,,,1.7159,13.0946,
713136,臺慶科群益62購01,2026-10-01,2.9,0.33,12.84,160000000,0,,是,,2.74,2.67,,,5.9505,-8.1034,
713137,廣閎科群益62購01,2026-10-01,3.93,-0.25,-5.98,3000000,0,,否,,4.0,3.45,,,38.7387,18.6703,
713138,大綜元大62購01,2026-10-01,1.78,0.3,20.27,354000000,0,,是,,1.51,1.47,,,6.1885,8.0324,
713139,中美晶元大62購02,2026-10-01,1.54,0.06,4.05,264000000,0,,否,,1.31,1.24,,,11.0357,5.5178,
713140,弘塑元大62購02,2026-10-01,1.04,-0.13,-11.11,212000000,0,,否,,1.09,1.11,,,-3.5524,-3.3217,
713141,均華元大62購01,2026-10-01,0.89,0.15,20.27,60000000,0,,否,,0.78,0.86,,,-17.161,-19.119,
713142,沛亨元大62購01,2026-10-01,1.39,-0.11,-7.33,70000000,0,,否,,1.42,1.46,,,-5.7105,3.7589,
713143,宜鼎元大62購03,2026-10-01,0.4,-0.01,-2.44,65000000,0,,否,,0.43,0.45,,,-8.5106,,
713146,群聯元大62購05,2026-10-01,1.2,-0.06,-4.76,3000000,0,,否,,1.25,1.27,,,-2.6439,,
713148,中美晶凱基62購01,2026-10-01,3.13,0.3,10.6,8000000,0,,否,,2.5,2.31,,,17.5141,,
713150,弘塑凱基65購01,2026-10-01,2.7,-0.54,-16.67,95000000,0,,否,,2.97,2.9,,,4.8798,-6.6989,
713151,均華凱基62購01,2026-10-01,1.85,0.4,27.59,77000000,0,,否,,1.54,1.81,,,-25.5545,-22.9557,
713152,系統電凱基64購03,2026-10-01,2.38,-0.11,-4.42,92000000,0,,是,,1.96,,,,,,
713156,鈊象凱基62購01,2026-10-01,3.53,0.2,6.01,11000000,0,,否,,3.1,,,,,,
713157,新應材凱基62購01,2026-10-01,1.01,-0.01,-0.98,46000000,0,,否,,1.09,1.24,,,-21.4697,,
713159,頎邦凱基68購01,2026-10-01,5.15,0.38,7.97,39000000,0,,否,,4.85,4.48,,,17.7756,,
713160,廣閎科凱基62購01,2026-10-01,3.86,0.14,3.76,135000000,0,,是,,3.76,3.18,,,45.027,20.5615,
713166,環球晶凱基62購01,2026-10-01,1.23,0.23,23.0,241000000,0,,是,,0.99,0.95,,,6.9414,,
713167,環球晶凱基62購02,2026-10-01,1.44,0.28,24.14,206000000,0,,是,,1.17,1.15,,,4.0853,,
713168,環球晶凱基62購03,2026-10-01,1.09,0.14,14.74,1132000000,0,,是,,0.86,0.86,,,0.0,,
713169,環球晶凱基62購04,2026-10-01,1.39,-0.21,-13.12,371000000,0,,否,,1.19,1.17,,,2.7634,,
713170,環球晶凱基62購05,2026-10-01,1.47,0.28,23.53,433000000,0,,是,,1.22,1.15,,,13.2216,,
713171,環球晶凱基64購01,2026-10-01,1.06,0.06,6.0,140000000,0,,是,,0.92,0.87,,,11.1111,,
713172,環球晶凱基64購02,2026-10-01,0.91,0.05,5.81,589000000,0,,是,,0.75,0.71,,,13.253,0.7112,
713173,環球晶凱基64購03,2026-10-01,1.26,0.28,28.57,77000000,0,,是,,1.07,,,,,,
713174,環球晶凱基64購04,2026-10-01,1.13,0.14,14.14,25000000,0,,否,,0.86,0.9,,,-8.2979,,
713176,宏碩台新62購01,2026-10-01,1.41,-0.1,-6.62,20000000,0,,是,,1.58,,,,,,
713177,順達台新62購02,2026-10-01,1.83,-0.12,-6.15,32000000,0,,是,,1.78,,,,,,
713178,環球晶台新62購03,2026-10-01,1.5,0.14,10.29,78000000,0,,否,,1.24,1.17,,,12.1597,0.4296,
713179,環球晶台新62購04,2026-10-01,1.17,0.1,9.35,284000000,0,,是,,0.97,0.92,,,12.0092,0.6579,
713180,環球晶台新62購05,2026-10-01,0.98,0.16,19.51,4276000000,0,,是,,0.77,0.8,,,-7.4879,,
713181,環球晶台新62購06,2026-10-01,0.9,0.13,16.88,384000000,0,,是,,0.79,,,,,,
713182,環球晶台新68購01,2026-10-01,2.82,0.29,11.46,109000000,0,,是,,2.38,2.27,,,10.7807,1.0695,
713183,環球晶台新68購02,2026-10-01,2.5,0.5,25.0,126000000,0,,是,,1.99,1.86,,,15.9302,,
713185,宜鼎群益62購03,2026-10-01,1.14,-0.1,-8.06,10000000,0,,否,,1.2,1.24,,,-5.6426,-20.1545,
713186,環球晶群益62購02,2026-10-01,1.25,0.18,16.82,383000000,0,,是,,1.01,1.0,,,1.004,,
713187,環球晶群益62購03,2026-10-01,1.08,0.08,8.0,2907000000,0,,是,,0.9,0.82,,,20.5882,,
713188,環球晶群益62購04,2026-10-01,0.95,0.12,14.46,2393000000,0,,是,,0.76,,,,,,
713189,環球晶群益63購01,2026-10-01,1.54,0.16,11.59,331000000,0,,是,,1.26,1.23,,,5.8626,,
713190,環球晶統一66購01,2026-10-01,0.89,-0.07,-7.29,984000000,0,,是,,0.79,0.75,,,11.6147,2.1888,
713191,環球晶統一6A購01,2026-10-01,0.86,0.11,14.67,321000000,0,,是,,0.72,,,,,,
713192,環球晶統一6A購02,2026-10-01,0.73,0.06,8.96,792000000,0,,是,,0.63,0.62,,,4.9834,,
713193,環球晶統一6C購01,2026-10-01,0.58,0.02,3.57,2448000000,0,,是,,0.52,0.5,,,8.2645,,
713194,環球晶統一78購01,2026-10-01,0.64,0.03,4.92,236000000,0,,否,,0.58,0.56,,,6.2044,1.2545,
713195,雙鴻統一6A購03,2026-10-01,1.3,-0.05,-3.7,115000000,0,,是,,1.26,,,,,,
713197,環球晶國泰63購01,2026-10-01,1.59,0.29,22.31,681000000,0,,是,,1.31,1.25,,,8.8333,,
713198,環球晶國泰64購01,2026-10-01,1.54,0.16,11.59,280000000,0,,否,,1.31,1.24,,,11.2245,-6.4759,
713199,環球晶國泰67購01,2026-10-01,1.74,0.32,22.54,71000000,0,,否,,1.39,1.49,,,-12.327,,
713200,良維富邦64購01,2026-10-01,1.05,-0.05,-4.55,77000000,0,,否,,1.08,1.05,,,6.6929,6.0606,
713201,群翊富邦65購01,2026-10-01,0.44,-0.03,-6.38,257000000,0,,否,,0.45,0.5,,,-16.6667,,
713202,環球晶富邦62購01,2026-10-01,0.76,0.1,15.15,860000000,0,,是,,0.62,0.58,,,13.1868,-1.5228,
713203,環球晶富邦62購02,2026-10-01,0.62,0.07,12.73,934000000,0,,是,,0.5,0.47,,,12.7273,-9.8266,
713204,環球晶富邦65購01,2026-10-01,0.64,0.0,0.0,656000000,0,,是,,0.56,0.53,,,12.5506,,
713205,環球晶中信62購01,2026-10-01,0.5,0.05,11.11,1007000000,0,,是,,0.39,0.37,,,15.8824,2.8011,
713206,環球晶中信62購02,2026-10-01,0.84,0.15,21.74,430000000,0,,是,,0.62,0.61,,,3.6545,,
713207,磐亞永豐63購01,2026-10-01,0.54,0.0,0.0,27000000,0,,,,,,,,,,
713208,環球晶永豐63購01,2026-10-01,1.29,-0.03,-2.27,357000000,0,,是,,1.13,1.07,,,12.5749,3.3981,
713209,環球晶永豐63購02,2026-10-01,1.09,-0.03,-2.68,1313000000,0,,是,,0.94,0.86,,,19.084,0.8197,
713210,環球晶永豐63購03,2026-10-01,1.15,0.16,16.16,127000000,0,,是,,0.95,0.89,,,16.9118,,
713211,環球晶永豐63購04,2026-10-01,1.07,0.19,21.59,165000000,0,,是,,0.85,,,,,,
713212,環球晶永豐63購05,2026-10-01,1.13,0.14,14.14,226000000,0,,否,,0.91,0.86,,,12.1287,-8.3422,
713213,環球晶永豐63購06,2026-10-01,1.39,0.24,20.87,116000000,0,,否,,1.13,1.16,,,-5.042,,
713214,環球晶永豐65購01,2026-10-01,1.62,0.21,14.89,106000000,0,,否,,1.31,1.24,,,11.9863,,
713215,環球晶永豐65購02,2026-10-01,1.54,0.28,22.22,151000000,0,,是,,1.27,1.17,,,18.7617,,
713216,環球晶永豐65購03,2026-10-01,1.82,0.22,13.75,116000000,0,,否,,1.52,1.44,,,12.4077,1.6973,
713217,環球晶永豐68購01,2026-10-01,3.11,0.47,17.8,29000000,0,,否,,2.58,,,,,,
713218,環球晶永豐68購02,2026-10-01,2.69,0.49,22.27,107000000,0,,是,,2.16,2.2,,,-3.4853,,
713219,環球晶永豐72購01,2026-10-01,3.79,0.32,9.22,239000000,0,,是,,3.32,3.23,,,5.5379,,
713221,雙鴻永豐64購06,2026-10-01,2.6,-0.57,-17.98,87000000,0,,是,,3.01,2.62,,,33.9572,,
713222,中美晶國票63購02,2026-10-01,1.33,0.16,13.68,13000000,0,,否,,1.1,1.04,,,11.9675,,
713223,均華國票65購01,2026-10-01,2.46,0.33,15.49,18000000,0,,否,,2.19,2.53,,,-23.7099,-17.0876,
713224,沛亨國票68購02,2026-10-01,1.58,0.0,0.0,64000000,0,,否,,1.55,,,,,,
713225,威剛國票64購02,2026-10-01,0.77,0.0,0.0,45000000,0,,否,,0.78,,,,,,
713229,環球晶國票64購01,2026-10-01,1.18,0.12,11.32,24000000,0,,否,,0.99,0.96,,,5.7692,,
713231,中美晶元大62購03,2026-10-01,0.71,0.08,12.7,40000000,0,,否,,0.61,0.57,,,16.73,5.1661,
713232,均華元大62購02,2026-10-01,1.1,0.16,17.02,48000000,0,,否,,0.97,1.08,,,-18.4255,,
713233,均華元大66購01,2026-10-01,1.26,0.15,13.51,60000000,0,,否,,1.13,1.22,,,-14.5455,-15.4112,
713234,均華元大67購01,2026-10-01,1.0,0.12,13.64,75000000,0,,否,,0.91,0.99,,,-16.1111,-15.7046,
713236,群聯元大62購07,2026-10-01,1.36,-0.14,-9.33,135000000,0,,是,,1.45,1.38,,,11.8462,1.5487,
713238,磐亞元大62購01,2026-10-01,0.53,0.0,0.0,10000000,0,,否,,0.53,0.54,,,-4.0146,,
713239,營邦元大65購01,2026-10-01,1.38,-0.16,-10.39,108000000,0,,是,,1.64,1.63,,,0.86,,
713240,環球晶元大62購01,2026-10-01,1.08,0.09,9.09,303000000,0,,否,,0.92,0.88,,,9.5465,-1.6797,
713241,環球晶元大62購02,2026-10-01,1.0,0.05,5.26,401000000,0,,是,,0.89,0.84,,,11.5578,1.4458,
713242,環球晶元大62購03,2026-10-01,0.59,-0.03,-4.84,577000000,0,,是,,0.52,0.49,,,13.9738,-1.4085,
713243,環球晶元大65購03,2026-10-01,1.2,0.14,13.21,174000000,0,,否,,1.04,1.0,,,8.2988,0.5005,
713244,環球晶元大68購09,2026-10-01,1.48,0.12,8.82,426000000,0,,否,,1.29,1.24,,,7.8727,1.8883,
713245,元太凱基63購04,2026-10-01,1.55,-0.03,-1.9,105000000,0,,是,,1.58,1.63,,,-6.1758,,
713247,群聯凱基63購17,2026-10-01,1.54,-0.28,-15.38,37000000,0,,否,,1.76,1.71,,,6.2651,,
713249,雙鴻凱基64購03,2026-10-01,3.98,-0.27,-6.35,36000000,0,,否,,4.69,4.04,,,38.4888,24.0786,
713250,聖暉*台新63購01,2026-10-01,2.71,0.29,11.98,368000000,0,,是,,2.33,2.13,,,19.7734,9.2678,
713251,璟德台新65購01,2026-10-01,1.18,0.0,0.0,121000000,0,,是,,1.13,1.13,,,0.8897,,
713255,中美晶群益63購04,2026-10-01,4.99,0.37,8.01,65000000,0,,是,,4.22,4.0,,,11.5222,6.8054,
713256,弘塑群益63購04,2026-10-01,3.51,-0.77,-17.99,82000000,0,,否,,3.81,3.73,,,4.6128,-6.0988,
713259,順達群益63購03,2026-10-01,3.45,-0.07,-1.99,228000000,0,,否,,3.37,3.14,,,15.7388,-4.2404,
713260,鈊象群益63購02,2026-10-01,3.19,0.22,7.41,43000000,0,,否,,2.7,2.19,,,60.0237,24.8292,
713262,群聯群益63購04,2026-10-01,1.33,-0.13,-8.9,5000000,0,,否,,1.46,1.38,,,12.6739,,
713263,雙鴻群益63購05,2026-10-01,2.7,-0.19,-6.57,36000000,0,,是,,3.19,2.8,,,32.7515,,
713264,宜鼎中信68購01,2026-10-01,0.5,-0.02,-3.85,30000000,0,,否,,0.53,0.53,,,1.5267,,
713265,群聯中信63購02,2026-10-01,0.6,-0.06,-9.09,55000000,0,,否,,0.66,0.66,,,-0.9036,,
713266,穩懋中信63購01,2026-10-01,1.39,-0.04,-2.8,81000000,0,,否,,1.27,1.19,,,13.4409,13.1054,
713267,穩懋中信68購02,2026-10-01,1.26,0.05,4.13,146000000,0,,否,,1.14,1.09,,,10.8527,8.1511,
713269,雙鴻永豐65購03,2026-10-01,6.3,-0.4,-5.97,106000000,0,,否,,7.35,6.57,,,26.7679,15.0306,
713272,中美晶元大63購05,2026-10-01,1.81,0.29,19.08,167000000,0,,否,,1.46,1.4,,,7.8519,5.7272,
713273,中美晶元大63購06,2026-10-01,0.81,0.0,0.0,159000000,0,,否,,0.65,0.68,,,-10.0279,,
713274,中美晶元大63購07,2026-10-01,0.81,0.06,8.0,94000000,0,,否,,0.69,,,,,,
713275,宜鼎元大65購04,2026-10-01,1.18,-0.02,-1.67,49000000,0,,否,,1.19,1.22,,,-3.3981,-7.6046,
713279,高技元大63購03,2026-10-01,1.28,-0.06,-4.48,55000000,0,,否,,1.32,1.3,,,3.2761,-21.8356,
713281,順達元大65購01,2026-10-01,1.92,-0.11,-5.42,126000000,0,,否,,1.89,1.83,,,6.8927,-0.5432,
713282,鈊象元大63購10,2026-10-01,1.94,0.15,8.38,33000000,0,,否,,1.68,1.52,,,23.0543,,
713285,營邦元大65購02,2026-10-01,2.24,-0.21,-8.57,64000000,0,,否,,2.56,2.58,,,-0.8507,1.9802,
713286,營邦元大66購01,2026-10-01,1.88,-0.24,-11.32,585000000,0,,是,,2.2,2.19,,,1.2891,2.2929,
713293,聖暉*國票68購01,2026-10-01,1.64,0.11,7.19,131000000,0,,是,,1.49,1.42,,,10.192,,
713294,頎邦國票64購04,2026-10-01,1.64,0.22,15.49,1652000000,0,,否,,1.48,1.48,,,0.5435,,
713296,營邦國票64購01,2026-10-01,2.55,-0.39,-13.27,20000000,0,,否,,3.11,3.12,,,-0.5122,4.634,
713297,環球晶國票63購01,2026-10-01,2.22,0.15,7.25,100000000,0,,否,,1.84,1.74,,,12.21,-2.0845,
713298,晶呈富邦64購01,2026-10-01,1.07,-0.09,-7.76,783000000,0,,是,,0.97,0.84,,,34.5404,,
713299,廣閎科富邦63購01,2026-10-01,0.96,0.05,5.49,33000000,0,,否,,0.91,0.79,,,36.3363,17.6383,
713301,天良國泰63購01,2026-10-01,0.24,0.0,0.0,450000000,0,,是,,0.26,0.4,,,-50.9294,-37.3438,
713303,晶呈國泰63購02,2026-10-01,2.25,0.09,4.17,50000000,0,,否,,1.64,1.47,,,25.7669,,
713305,穩懋國泰64購02,2026-10-01,3.34,0.02,0.6,92000000,0,,否,,3.03,2.88,,,11.2252,,
713306,穩懋國泰65購01,2026-10-01,1.96,-0.05,-2.49,186000000,0,,否,,1.81,1.71,,,12.0347,12.4342,
713307,環球晶統一67購01,2026-10-01,0.73,0.07,10.61,514000000,0,,是,,0.62,,,,,,
713309,中美晶凱基63購08,2026-10-01,3.1,0.4,14.81,114000000,0,,是,,2.57,2.43,,,12.3037,6.3839,
713310,台半凱基65購01,2026-10-01,1.1,0.07,6.8,1054000000,0,,是,,1.06,1.06,,,0.5682,,
713311,弘塑凱基63購07,2026-10-01,1.14,-0.34,-22.97,212000000,0,,是,,1.32,1.47,,,-18.3168,,
713312,良維凱基63購02,2026-10-01,3.71,-0.07,-1.85,88000000,0,,是,,3.72,3.7,,,0.7588,0.7069,
713314,順達凱基63購09,2026-10-01,4.22,-0.34,-7.46,28000000,0,,是,,4.24,3.99,,,13.8412,,
713315,鈊象凱基63購04,2026-10-01,3.9,0.1,2.63,22000000,0,,否,,3.4,,,,,,
713317,群翊凱基63購01,2026-10-01,1.86,-0.05,-2.62,194000000,0,,否,,1.78,1.72,,,6.851,,
713318,頎邦凱基63購05,2026-10-01,2.14,0.35,19.55,108000000,0,,是,,2.01,1.83,,,21.2304,,
713319,頎邦凱基63購06,2026-10-01,1.74,0.3,20.83,339000000,0,,是,,1.53,1.54,,,-1.6753,10.4017,
713324,環球晶凱基63購01,2026-10-01,2.26,0.11,5.12,488000000,0,,否,,1.9,1.77,,,15.6934,2.0138,
713326,華宏台新63購01,2026-10-01,1.44,0.18,14.29,330000000,0,,是,,1.14,1.02,,,25.6071,6.1267,
713327,華景電台新63購01,2026-10-01,1.18,-0.07,-5.6,10000000,0,,否,,1.2,1.27,,,-9.7451,,
713328,華景電台新63購02,2026-10-01,1.09,-0.05,-4.39,10000000,0,,否,,1.08,,,,,,
713329,順達台新63購01,2026-10-01,1.6,-0.1,-5.88,65000000,0,,否,,1.59,,,,,,
713330,頎邦台新65購01,2026-10-01,3.03,0.39,14.77,2023000000,0,,是,,2.71,2.68,,,2.4924,12.3638,
713333,雙鴻台新65購03,2026-10-01,14.6,-0.4,-2.67,97000000,0,,是,,16.62,14.98,,,24.5877,,
713334,譜瑞台新65購01,2026-10-01,1.95,-0.04,-2.01,4000000,0,,否,,1.96,1.92,,,4.1489,,
713338,威剛元大63購06,2026-10-01,0.47,0.0,0.0,30000000,0,,否,,0.57,,,,,,
713340,鈊象元大63購11,2026-10-01,2.05,0.11,5.67,116000000,0,,否,,1.74,1.61,,,17.456,,
713343,環球晶元大63購01,2026-10-01,1.77,0.11,6.63,397000000,0,,是,,1.52,1.46,,,8.4046,0.4808,
713344,環球晶元大63購02,2026-10-01,1.58,-0.09,-5.39,211000000,0,,否,,1.41,1.35,,,9.472,1.6579,
713345,環球晶元大63購03,2026-10-01,1.21,0.19,18.63,451000000,0,,是,,1.01,0.97,,,8.1197,0.309,
713346,環球晶元大65購04,2026-10-01,1.08,0.1,10.2,289000000,0,,是,,0.95,0.9,,,11.215,,
713347,環球晶元大68購10,2026-10-01,0.85,0.06,7.59,887000000,0,,是,,0.75,0.72,,,8.0692,-0.1383,
713352,譜瑞元大63購05,2026-10-01,1.3,-0.02,-1.52,32000000,0,,否,,1.32,1.29,,,5.6,,
713353,弘塑中信65購01,2026-10-01,0.54,-0.11,-16.92,153000000,0,,是,,0.59,0.58,,,0.6873,,
713355,精材中信68購01,2026-10-01,1.16,-0.02,-1.69,35000000,0,,否,,1.18,1.15,,,4.7872,-0.6024,
713358,弘塑永豐63購03,2026-10-01,1.31,-0.03,-2.24,22000000,0,,否,,1.28,1.27,,,0.9494,,
713359,弘塑永豐68購01,2026-10-01,2.65,-0.02,-0.75,11000000,0,,否,,2.69,,,,,,
713362,原相永豐63購01,2026-10-01,1.05,-0.03,-2.78,15000000,0,,否,,1.12,,,,,,
713364,高技永豐65購01,2026-10-01,0.93,-0.04,-4.12,14000000,0,,否,,0.96,0.99,,,-7.1845,,
713365,崇越電永豐65購01,2026-10-01,0.47,-0.01,-2.08,43000000,0,,,,,,,,,,
713367,華宏永豐63購01,2026-10-01,1.51,0.17,12.69,1704000000,0,,是,,1.25,1.2,,,9.6154,,
713370,頎邦永豐63購03,2026-10-01,1.77,0.26,17.22,142000000,0,,是,,1.58,1.58,,,-1.005,11.3924,
713371,頎邦永豐63購04,2026-10-01,1.26,0.12,10.53,56000000,0,,否,,1.17,1.11,,,11.0476,9.5945,
713372,精材永豐63購03,2026-10-01,2.27,-0.02,-0.87,30000000,0,,否,,2.35,,,,,,
713373,精材永豐63購04,2026-10-01,1.88,-0.01,-0.53,44000000,0,,否,,2.02,2.06,,,-4.3602,,
713374,精材永豐68購01,2026-10-01,3.33,-0.02,-0.6,15000000,0,,否,,3.25,,,,,,
713375,精材永豐68購02,2026-10-01,3.71,-0.03,-0.8,18000000,0,,否,,3.77,,,,,,
713376,穩懋永豐63購04,2026-10-01,4.14,0.14,3.5,20000000,0,,否,,3.76,3.36,,,27.1805,,
713377,中美晶群益63購05,2026-10-01,4.69,0.96,25.74,47000000,0,,否,,3.58,3.38,,,12.1706,8.3974,
713378,世界群益63購02,2026-10-01,1.42,0.06,4.41,104000000,0,,否,,1.3,1.2,,,19.4495,20.9302,
713379,台半群益63購02,2026-10-01,1.07,0.04,3.88,35000000,0,,否,,1.07,,,,,,
713381,均華群益66購01,2026-10-01,4.13,0.55,15.36,170000000,0,,是,,3.69,4.11,,,-18.4269,,
713384,博盛群益63購01,2026-10-01,1.32,0.17,14.78,35000000,0,,否,,1.26,1.16,,,19.0566,,
713385,鈊象群益63購03,2026-10-01,3.1,0.33,11.91,17000000,0,,否,,2.61,2.23,,,40.9287,18.7334,
713386,新應材群益63購01,2026-10-01,0.63,-0.02,-3.08,28000000,0,,否,,0.58,,,,,,
713387,群聯群益63購05,2026-10-01,2.13,-0.22,-9.36,5000000,0,,否,,2.27,2.17,,,9.9613,2.261,
713388,群聯群益63購06,2026-10-01,0.84,-0.14,-14.29,57000000,0,,是,,0.93,0.87,,,12.9268,-0.7955,
713392,穩懋群益65購01,2026-10-01,1.84,-0.04,-2.13,431000000,0,,是,,1.69,1.59,,,13.8441,11.5708,
713394,世界國票65購01,2026-10-01,1.14,0.05,4.59,8000000,0,,否,,,,,,,,
713399,杰力國票65購02,2026-10-01,0.85,-0.01,-1.16,104000000,0,,否,,0.85,,,,,,
713401,茂達國票63購01,2026-10-01,0.83,0.02,2.47,24000000,0,,否,,0.83,0.88,,,-10.5832,,
713402,晶呈國票63購01,2026-10-01,1.25,0.13,11.61,14000000,0,,,,,,,,,,
713404,萬泰科國票63購01,2026-10-01,0.85,-0.01,-1.16,230000000,0,,是,,0.84,,,,,,
713407,環球晶國票63購02,2026-10-01,2.01,0.12,6.35,1128000000,0,,是,,1.71,1.62,,,11.911,2.5332,
713408,譜瑞國票63購01,2026-10-01,0.88,-0.02,-2.22,8000000,0,,否,,,,,,,,
713409,頎邦國泰63購05,2026-10-01,2.14,0.32,17.58,470000000,0,,是,,1.91,1.9,,,1.3786,12.9685,
713412,均華統一67購01,2026-10-01,0.66,0.08,13.79,442000000,0,,是,,0.59,0.65,,,-15.4286,-16.7526,
713413,東捷統一68購02,2026-10-01,1.35,-0.07,-4.93,205000000,0,,否,,1.3,1.18,,,21.576,21.3772,
713417,雙鴻統一65購03,2026-10-01,1.46,-0.17,-10.43,7000000,0,,否,,1.65,1.47,,,28.2171,16.0883,
713418,穩懋統一65購03,2026-10-01,1.15,-0.02,-1.71,1098000000,0,,是,,1.06,1.0,,,11.6279,10.7301,
713419,弘塑富邦63購03,2026-10-01,0.71,-0.16,-18.39,216000000,0,,否,,0.79,0.77,,,7.2973,-8.3632,
713420,群聯富邦65購01,2026-10-01,0.96,-0.07,-6.8,40000000,0,,否,,1.03,0.98,,,12.1475,4.8232,
713421,群聯富邦65購02,2026-10-01,0.87,-0.1,-10.31,231000000,0,,是,,0.94,0.89,,,10.8491,2.4055,
713423,精材富邦68購01,2026-10-01,1.57,0.01,0.64,829000000,0,,否,,1.58,1.55,,,3.2765,-0.3213,
713424,廣閎科富邦63購02,2026-10-01,1.0,-0.03,-2.91,156000000,0,,否,,0.98,0.86,,,31.9892,13.8522,
713427,元太凱基65購02,2026-10-01,1.29,0.0,0.0,82000000,0,,否,,1.35,,,,,,
713428,均華凱基65購01,2026-10-01,1.77,0.34,23.78,10000000,0,,否,,1.5,1.67,,,-17.7243,-20.3252,
713429,杰力凱基65購01,2026-10-01,0.99,0.03,3.12,71000000,0,,是,,0.97,,,,,,
713430,威剛凱基63購12,2026-10-01,1.8,0.03,1.69,67000000,0,,否,,1.78,1.91,,,-12.5613,,
713431,晶呈凱基63購01,2026-10-01,2.84,-0.28,-8.97,181000000,0,,否,,2.54,2.17,,,39.8015,,
713434,穩懋凱基63購09,2026-10-01,2.74,0.0,0.0,70000000,0,,否,,2.42,2.29,,,12.2335,16.0669,
713435,譜瑞凱基63購02,2026-10-01,1.39,-0.03,-2.11,38000000,0,,否,,1.44,,,,,,
713445,茂綸台新63購01,2026-10-01,1.62,0.0,0.0,12000000,0,,否,,1.62,1.59,,,4.3702,,
713449,群聯台新63購04,2026-10-01,0.93,-0.15,-13.89,37000000,0,,否,,1.1,1.0,,,21.7778,,
713450,群聯台新68購02,2026-10-01,1.96,-0.07,-3.45,23000000,0,,否,,2.09,,,,,,
713451,頎邦台新63購01,2026-10-01,2.43,0.42,20.9,313000000,0,,是,,2.12,2.13,,,-0.7484,14.2091,
713453,穩懋台新63購02,2026-10-01,2.86,-0.04,-1.38,131000000,0,,否,,2.48,2.35,,,12.4094,,
713454,穩懋台新65購03,2026-10-01,2.8,-0.03,-1.06,15000000,0,,否,,2.65,2.33,,,31.7729,,
713457,群聯中信68購01,2026-10-01,0.43,-0.03,-6.52,100000000,0,,否,,0.46,0.44,,,10.0,,
713458,雙鴻中信68購01,2026-10-01,1.57,-0.07,-4.27,50000000,0,,否,,1.81,,,,,,
713463,良維永豐63購02,2026-10-01,1.3,-0.02,-1.52,70000000,0,,否,,1.32,1.27,,,7.3409,,
713465,順達永豐63購05,2026-10-01,0.86,-0.05,-5.49,79000000,0,,否,,0.86,0.84,,,3.8835,,
713467,新應材永豐66購02,2026-10-01,0.92,-0.03,-3.16,509000000,0,,是,,0.91,0.89,,,3.653,,
713468,環球晶永豐63購07,2026-10-01,1.86,0.32,20.78,85000000,0,,否,,1.45,1.43,,,2.9745,,
713469,環球晶永豐63購08,2026-10-01,1.64,0.17,11.56,246000000,0,,是,,1.32,1.24,,,13.9655,0.7305,
713471,台特化群益63購01,2026-10-01,0.95,-0.17,-15.18,3000000,0,,否,,,,,,,,
713472,弘塑群益63購06,2026-10-01,2.01,-0.23,-10.27,13000000,0,,否,,2.1,2.23,,,-10.6383,,
713473,信立群益63購01,2026-10-01,0.38,-0.01,-2.56,39000000,0,,否,,0.43,,,,,,
713475,高技群益63購01,2026-10-01,1.07,-0.12,-10.08,1000000,0,,否,,1.13,1.24,,,-17.0588,,
713476,博智群益63購03,2026-10-01,1.27,0.09,7.63,54000000,0,,是,,,,,,,,
713477,順達群益63購04,2026-10-01,0.65,-0.07,-9.72,25000000,0,,否,,0.67,0.77,,,-23.7986,,
713478,頎邦群益63購02,2026-10-01,4.68,0.8,20.62,107000000,0,,否,,4.11,4.05,,,2.9073,14.9673,
713479,精材群益63購05,2026-10-01,2.79,0.03,1.09,416000000,0,,是,,2.88,2.8,,,5.4985,,
713480,精材群益65購01,2026-10-01,2.08,-0.02,-0.95,311000000,0,,否,,2.13,2.08,,,4.3137,,
713481,環球晶群益63購02,2026-10-01,1.87,0.17,10.0,194000000,0,,是,,1.52,1.46,,,8.7019,-0.8136,
713482,穩懋群益63購04,2026-10-01,2.35,-0.17,-6.75,1648000000,0,,是,,2.1,1.93,,,19.6815,16.6767,
713484,長科*國泰63購01,2026-10-01,1.26,0.01,0.8,4000000,0,,否,,1.32,,,,,,
713486,世界富邦63購01,2026-10-01,0.75,0.05,7.14,664000000,0,,是,,0.7,0.69,,,5.7057,5.8733,
713487,均華富邦63購02,2026-10-01,0.84,0.14,20.0,98000000,0,,否,,0.71,0.8,,,-20.2247,-21.4145,
713488,沛亨富邦63購01,2026-10-01,0.96,-0.02,-2.04,72000000,0,,否,,0.94,0.95,,,-3.0992,3.587,
713490,穩懋富邦63購03,2026-10-01,1.09,-0.05,-4.39,108000000,0,,是,,1.0,0.93,,,17.2897,13.8311,
713494,穩懋統一68購04,2026-10-01,0.96,0.03,3.23,17000000,0,,否,,0.87,0.8,,,17.6152,7.3529,
713495,台半元大63購04,2026-10-01,0.66,0.03,4.76,57000000,0,,否,,0.64,0.65,,,-1.5337,,
713496,台半元大63購05,2026-10-01,0.58,0.04,7.41,34000000,0,,否,,0.56,0.56,,,0.3571,,
713498,台半元大68購02,2026-10-01,0.78,0.05,6.85,525000000,0,,是,,0.75,0.73,,,6.8376,,
713499,弘塑元大66購01,2026-10-01,1.15,-0.09,-7.26,62000000,0,,否,,1.15,1.15,,,-0.3478,-6.9692,
713501,弘塑元大68購03,2026-10-01,1.33,-0.19,-12.5,152000000,0,,是,,1.41,1.39,,,2.7616,-3.7931,
713502,均華元大63購01,2026-10-01,0.88,0.15,20.55,71000000,0,,否,,0.77,0.96,,,-32.8696,,
713507,晶呈元大63購01,2026-10-01,2.19,0.08,3.79,286000000,0,,否,,1.76,,,,,,
713509,新應材元大68購01,2026-10-01,1.02,-0.03,-2.86,188000000,0,,否,,0.99,0.97,,,2.9167,-22.8209,
713511,精材元大65購02,2026-10-01,2.13,-0.04,-1.84,5000000,0,,否,,2.22,2.21,,,0.9991,,
713512,蜜望實元大63購03,2026-10-01,0.51,0.1,24.39,228000000,0,,是,,0.44,0.49,,,-18.4502,-21.4058,
713513,環球晶元大63購04,2026-10-01,1.13,0.02,1.8,129000000,0,,否,,0.98,0.96,,,3.1712,,
713514,環球晶元大63購05,2026-10-01,1.01,0.07,7.45,70000000,0,,否,,0.88,0.83,,,12.2762,-1.4252,
713515,環球晶元大65購05,2026-10-01,1.23,0.17,16.04,327000000,0,,是,,1.05,1.02,,,4.5908,,
713516,環球晶元大68購11,2026-10-01,0.9,0.04,4.65,1538000000,0,,是,,0.8,0.77,,,7.5067,1.4417,
713521,譜瑞元大63購06,2026-10-01,0.99,-0.01,-1.0,20000000,0,,否,,1.0,1.05,,,-8.0734,,
713522,譜瑞元大63購07,2026-10-01,0.84,-0.01,-1.18,48000000,0,,否,,0.84,,,,,,
713523,力致台新63購01,2026-10-01,1.47,0.01,0.68,26000000,0,,是,,1.38,1.47,,,-11.7647,,
713527,廣閎科台新63購01,2026-10-01,1.54,0.07,4.76,13000000,0,,否,,1.35,,,,,,
713528,環球晶台新63購02,2026-10-01,4.01,0.5,14.25,836000000,0,,否,,3.2,3.02,,,12.2191,-1.7875,
713529,環球晶台新63購03,2026-10-01,3.05,0.45,17.31,93000000,0,,是,,2.42,2.3,,,10.989,-2.1656,
713530,雙鴻台新64購01,2026-10-01,4.05,-0.49,-10.79,27000000,0,,否,,4.84,,,,,,
713531,雙鴻台新64購02,2026-10-01,3.56,-0.04,-1.11,49000000,0,,否,,4.07,3.75,,,18.9142,,
713532,台半凱基63購03,2026-10-01,0.92,0.08,9.52,460000000,0,,是,,0.91,,,,,,
713534,弘塑凱基69購01,2026-10-01,2.36,-0.46,-16.31,98000000,0,,是,,2.55,2.49,,,5.1937,,
713536,茂綸凱基64購01,2026-10-01,1.64,0.14,9.33,939000000,0,,是,,1.58,1.56,,,2.1992,,
713538,博智凱基65購01,2026-10-01,1.84,0.11,6.36,50000000,0,,否,,,,,,,,
713539,順達凱基64購03,2026-10-01,1.12,0.01,0.9,68000000,0,,否,,1.19,,,,,,
713541,頎邦凱基65購01,2026-10-01,3.13,0.35,12.59,312000000,0,,是,,2.94,2.78,,,12.1374,12.7841,
713544,蜜望實凱基63購02,2026-10-01,0.82,0.14,20.59,10000000,0,,否,,,,,,,,
713545,環球晶凱基69購01,2026-10-01,2.55,0.44,20.85,173000000,0,,否,,2.08,2.04,,,3.7886,,
713546,雙鴻凱基63購13,2026-10-01,3.24,-0.08,-2.41,92000000,0,,是,,3.73,3.2,,,39.985,,
713548,宏捷科群益63購01,2026-10-01,0.8,0.04,5.26,786000000,0,,是,,0.74,0.72,,,5.3977,,
713549,沛亨群益63購01,2026-10-01,1.89,-0.19,-9.13,334000000,0,,是,,1.93,2.0,,,-7.026,5.4154,
713550,朋程群益63購01,2026-10-01,1.31,0.05,3.97,125000000,0,,是,,1.21,1.2,,,1.5152,,
713551,欣銓群益63購02,2026-10-01,1.35,-0.07,-4.93,43000000,0,,否,,1.44,1.54,,,-12.5457,,
713552,威剛群益63購06,2026-10-01,1.35,-0.06,-4.26,22000000,0,,否,,1.44,,,,,,
713556,群聯群益63購07,2026-10-01,0.91,-0.11,-10.78,5000000,0,,否,,1.03,0.99,,,8.2278,,
713557,聖暉*群益63購01,2026-10-01,1.84,0.17,10.18,484000000,0,,是,,1.61,1.48,,,19.0547,8.7243,
713558,精材群益63購06,2026-10-01,3.4,0.08,2.41,15000000,0,,否,,3.58,3.47,,,6.6786,,
713560,雙鴻群益63購07,2026-10-01,5.15,-0.1,-1.9,88000000,0,,是,,6.0,5.21,,,35.6239,,
713562,青雲國票65購01,2026-10-01,1.96,-0.04,-2.0,200000000,0,,是,,1.96,,,,,,
713563,倚強國票64購01,2026-10-01,3.66,0.15,4.27,8000000,0,,否,,2.87,,,,,,
713564,家登國票64購01,2026-10-01,1.98,-0.08,-3.88,2000000,0,,否,,1.95,1.86,,,11.0227,,
713568,頎邦中信69購01,2026-10-01,0.89,0.1,12.66,561000000,0,,是,,0.81,0.8,,,2.7848,11.4047,
713569,精材中信69購01,2026-10-01,0.79,-0.01,-1.25,20000000,0,,否,,0.82,0.81,,,2.4938,,
713570,雙鴻中信69購01,2026-10-01,1.04,-0.03,-2.8,76000000,0,,否,,1.14,1.06,,,17.4897,,
713573,宜鼎永豐68購01,2026-10-01,0.95,-0.06,-5.94,56000000,0,,否,,1.01,1.02,,,-1.7544,,
713574,博盛永豐64購01,2026-10-01,1.08,0.13,13.68,202000000,0,,是,,0.88,,,,,,
713576,廣閎科永豐64購01,2026-10-01,1.55,0.07,4.73,7000000,0,,否,,1.44,1.26,,,34.7015,,
713577,雙鴻永豐64購07,2026-10-01,2.13,-0.07,-3.18,151000000,0,,是,,2.1,1.94,,,17.9574,,
713579,雙鴻永豐68購01,2026-10-01,1.62,-0.05,-2.99,87000000,0,,否,,1.63,1.47,,,24.4648,,
713580,千附精元大63購03,2026-10-01,0.29,-0.03,-9.38,295000000,0,,是,,0.41,,,,,,
713581,中美晶元大63購08,2026-10-01,0.61,0.11,22.0,1101000000,0,,是,,0.53,0.56,,,-9.1837,,
713582,弘塑元大67購02,2026-10-01,1.28,-0.07,-5.19,26000000,0,,否,,1.33,1.33,,,0.1502,-4.7857,
713583,弘塑元大68購04,2026-10-01,1.07,-0.14,-11.57,29000000,0,,否,,1.1,1.13,,,-5.1546,,
713584,宜鼎元大63購08,2026-10-01,0.45,-0.04,-8.16,203000000,0,,否,,0.49,0.52,,,-11.6364,,
713594,蜜望實元大63購04,2026-10-01,0.37,0.08,27.59,151000000,0,,否,,0.31,0.32,,,-3.681,,
713595,營邦元大68購01,2026-10-01,0.92,-0.11,-10.68,60000000,0,,否,,1.1,1.06,,,6.8093,,
713596,環球晶元大63購06,2026-10-01,0.91,0.1,12.35,403000000,0,,是,,0.77,0.72,,,14.5401,,
713597,環球晶元大64購02,2026-10-01,0.94,0.09,10.59,456000000,0,,是,,0.82,0.77,,,14.5251,,
713598,環球晶元大66購05,2026-10-01,0.72,-0.04,-5.26,2235000000,0,,是,,0.65,0.62,,,9.8639,,
713605,中美晶富邦63購03,2026-10-01,0.75,0.0,0.0,703000000,0,,是,,0.67,0.64,,,10.9635,,
713606,元太富邦65購01,2026-10-01,0.55,-0.01,-1.79,75000000,0,,否,,0.55,0.58,,,-8.6093,,
713607,威剛富邦66購01,2026-10-01,0.46,-0.01,-2.13,168000000,0,,否,,0.49,,,,,,
713608,高技富邦66購01,2026-10-01,0.55,-0.01,-1.79,4000000,0,,否,,0.57,,,,,,
713609,晶呈富邦65購01,2026-10-01,0.96,-0.09,-8.57,509000000,0,,否,,0.86,0.75,,,32.716,,
713610,閎康富邦65購01,2026-10-01,0.61,0.01,1.67,70000000,0,,否,,0.62,,,,,,
713611,順達富邦64購02,2026-10-01,0.53,-0.06,-10.17,57000000,0,,否,,0.52,0.52,,,-1.5267,,
713612,頎邦富邦66購01,2026-10-01,0.84,0.11,15.07,321000000,0,,否,,0.76,0.75,,,2.9973,,
713613,精材富邦65購02,2026-10-01,1.0,0.01,1.01,351000000,0,,否,,1.02,0.99,,,5.383,-0.2012,
713614,精材富邦79購01,2026-10-01,1.14,0.0,0.0,569000000,0,,否,,1.15,1.13,,,3.7906,-0.7036,
713615,營邦富邦66購01,2026-10-01,0.88,-0.07,-7.37,715000000,0,,否,,0.99,0.99,,,-0.0,,
713617,雙鴻富邦66購01,2026-10-01,2.05,-0.05,-2.38,72000000,0,,否,,2.25,,,,,,
713618,雙鴻富邦66購02,2026-10-01,1.67,-0.03,-1.76,353000000,0,,是,,1.88,,,,,,
713619,雙鴻統一69購01,2026-10-01,1.23,-0.04,-3.15,162000000,0,,是,,1.34,,,,,,
713620,雙鴻統一6C購02,2026-10-01,0.74,-0.01,-1.33,106000000,0,,否,,0.79,0.74,,,17.4556,,
713622,均華群益65購01,2026-10-01,0.92,0.16,21.05,591000000,0,,否,,0.79,0.9,,,-22.0472,,
713625,威剛群益63購07,2026-10-01,0.64,0.02,3.23,358000000,0,,是,,0.64,0.68,,,-11.1421,,
713626,順達群益63購05,2026-10-01,1.27,-0.13,-9.29,199000000,0,,是,,1.25,1.28,,,-3.6866,,
713628,群聯群益63購08,2026-10-01,0.87,-0.11,-11.22,5000000,0,,否,,0.95,,,,,,
713629,頎邦群益63購03,2026-10-01,4.66,0.84,21.99,355000000,0,,是,,4.05,4.02,,,1.8593,14.8042,
713631,精材群益63購08,2026-10-01,2.27,0.12,5.58,23000000,0,,否,,2.27,2.19,,,7.6923,-3.8259,
713633,環球晶群益63購03,2026-10-01,1.93,0.22,12.87,1357000000,0,,否,,1.5,1.4,,,15.5385,1.7429,
713634,雙鴻群益63購08,2026-10-01,3.1,-0.27,-8.01,252000000,0,,是,,3.66,3.19,,,34.5107,,
713641,欣銓國票64購01,2026-10-01,0.94,-0.03,-3.09,299000000,0,,是,,1.06,0.97,,,19.1874,,
713642,威剛國票64購03,2026-10-01,0.7,0.0,0.0,18000000,0,,否,,0.72,,,,,,
713644,創泓國票64購01,2026-10-01,1.54,-0.09,-5.52,38000000,0,,是,,1.54,1.68,,,-14.8842,,
713646,萊德光國票64購01,2026-10-01,1.2,-0.24,-16.67,297000000,0,,否,,1.4,1.38,,,2.9412,19.5841,
713647,雅特力國票64購01,2026-10-01,0.98,0.11,12.64,25000000,0,,是,,0.89,,,,,,
713648,順達國票64購01,2026-10-01,0.87,-0.06,-6.45,11000000,0,,否,,,,,,,,
713652,蜜望實國票64購01,2026-10-01,1.54,0.2,14.93,84000000,0,,是,,1.42,1.45,,,-4.065,,
713656,環球晶國票64購02,2026-10-01,2.91,0.47,19.26,14000000,0,,否,,2.43,2.29,,,12.616,,
713657,環球晶國票65購01,2026-10-01,2.84,-0.16,-5.33,923000000,0,,是,,2.47,2.33,,,12.6594,,
713658,環球晶國票66購01,2026-10-01,2.91,0.29,11.07,143000000,0,,是,,2.45,2.43,,,1.7456,,
713660,雙鴻國票64購02,2026-10-01,1.08,-0.17,-13.6,22000000,0,,,,,,,,,,
713661,安葆台新63購01,2026-10-01,2.09,0.06,2.96,1000000,0,,否,,2.08,,,,,,
713663,萊德光台新63購01,2026-10-01,1.37,-0.38,-21.71,714000000,0,,否,,1.66,1.61,,,6.6667,,
713664,雅特力台新63購01,2026-10-01,1.16,0.21,22.11,230000000,0,,否,,0.99,1.02,,,-5.364,,
713668,雙鴻台新66購01,2026-10-01,1.84,-0.04,-2.13,180000000,0,,是,,2.08,,,,,,
713669,千附精元大66購01,2026-10-01,0.42,-0.02,-4.55,70000000,0,,否,,0.45,0.49,,,-14.717,,
713670,元太元大66購06,2026-10-01,1.19,-0.02,-1.65,189000000,0,,否,,1.21,1.24,,,-4.4304,-5.2874,
713671,元太元大67購04,2026-10-01,1.06,0.01,0.95,42000000,0,,否,,1.07,1.13,,,-8.9831,,
713672,均華元大63購02,2026-10-01,0.73,0.13,21.67,23000000,0,,否,,0.62,0.72,,,-22.7723,-26.4887,
713673,均華元大63購03,2026-10-01,0.76,0.07,10.14,60000000,0,,否,,0.67,0.77,,,-22.4018,,
713675,宜鼎元大63購10,2026-10-01,0.61,-0.02,-3.17,6000000,0,,否,,0.64,0.65,,,-2.7523,,
713676,宜鼎元大63購11,2026-10-01,0.52,-0.01,-1.89,188000000,0,,否,,0.57,0.58,,,-5.0336,,
713677,青雲元大63購03,2026-10-01,0.67,0.0,0.0,38000000,0,,否,,0.66,0.69,,,-7.2626,,
713679,高技元大63購07,2026-10-01,0.67,-0.04,-5.63,270000000,0,,否,,0.7,0.7,,,-1.6901,,
713681,雅特力元大63購01,2026-10-01,1.23,0.19,18.27,46000000,0,,否,,1.1,1.1,,,-1.4388,,
713682,群聯元大63購21,2026-10-01,0.92,-0.06,-6.12,10000000,0,,否,,0.96,0.92,,,9.8398,,
713684,精材元大63購11,2026-10-01,1.51,-0.04,-2.58,176000000,0,,否,,1.56,1.54,,,2.8986,,
713687,精材元大65購03,2026-10-01,0.85,0.01,1.19,71000000,0,,否,,0.88,0.87,,,1.3825,,
713688,蜜望實元大63購05,2026-10-01,0.48,0.06,14.29,574000000,0,,否,,0.44,0.47,,,-10.5691,,
713689,擎亞元大63購01,2026-10-01,0.43,-0.03,-6.52,20000000,0,,否,,0.44,0.5,,,-22.0641,,
713690,環球晶元大63購07,2026-10-01,2.63,0.24,10.04,419000000,0,,是,,2.23,2.14,,,9.6173,,
713691,環球晶元大63購08,2026-10-01,1.48,0.14,10.45,530000000,0,,是,,1.27,1.22,,,9.4828,,
713692,環球晶元大67購04,2026-10-01,1.33,0.15,12.71,520000000,0,,是,,1.15,1.12,,,5.3211,,
713694,雙鴻元大63購20,2026-10-01,1.42,-0.08,-5.33,10000000,0,,否,,,,,,,,
713696,中美晶凱基68購02,2026-10-01,3.22,0.19,6.27,58000000,0,,否,,2.76,2.61,,,12.7347,,
713697,欣銓凱基68購01,2026-10-01,2.36,-0.19,-7.45,80000000,0,,是,,2.54,2.62,,,-6.0,,
713698,青雲凱基64購01,2026-10-01,1.55,-0.06,-3.73,50000000,0,,否,,1.55,1.63,,,-9.3567,,
713700,雅特力凱基63購01,2026-10-01,1.26,0.25,24.75,25000000,0,,否,,1.05,1.02,,,4.1833,,
713701,雅特力凱基63購02,2026-10-01,1.34,0.2,17.54,15000000,0,,否,,1.19,1.23,,,-6.1709,,
713702,雅特力凱基63購03,2026-10-01,1.26,0.15,13.51,437000000,0,,是,,1.09,1.09,,,0.738,,
713703,萬泰科凱基63購01,2026-10-01,1.82,0.02,1.11,31000000,0,,是,,1.76,1.76,,,0.1139,,
713706,聖暉*凱基63購02,2026-10-01,2.12,0.25,13.37,547000000,0,,是,,1.85,1.71,,,17.132,,
713707,達航凱基66購01,2026-10-01,0.91,0.01,1.11,156000000,0,,是,,0.92,,,,,,
713712,營邦凱基68購01,2026-10-01,2.92,-0.4,-12.05,7000000,0,,否,,3.43,3.45,,,-0.9238,,
713714,雙鴻凱基63購14,2026-10-01,2.4,-0.16,-6.25,124000000,0,,否,,2.8,2.39,,,40.9869,,
713715,環球晶中信69購01,2026-10-01,1.81,0.18,11.04,947000000,0,,否,,1.51,1.45,,,9.2619,1.9746,
713721,雅特力永豐64購01,2026-10-01,1.24,0.26,26.53,314000000,0,,是,,1.05,1.05,,,-1.5066,,
713722,雅特力永豐66購01,2026-10-01,1.61,0.21,15.0,692000000,0,,是,,1.47,1.45,,,3.2303,,
713723,精材永豐64購03,2026-10-01,1.34,-0.02,-1.47,50000000,0,,否,,1.4,1.4,,,0.1427,,
713725,精材永豐64購05,2026-10-01,1.45,-0.01,-0.68,56000000,0,,否,,1.43,1.52,,,-11.8665,,
713731,環球晶永豐63購09,2026-10-01,2.73,0.37,15.68,1674000000,0,,是,,2.22,,,,,,
713732,環球晶永豐69購01,2026-10-01,2.71,0.24,9.72,236000000,0,,是,,2.38,,,,,,
713733,雙鴻永豐66購03,2026-10-01,1.75,-0.32,-15.46,148000000,0,,是,,2.01,1.75,,,33.8667,,
713734,精材國泰64購01,2026-10-01,1.97,-0.08,-3.9,10000000,0,,否,,2.14,2.06,,,7.6536,,
713735,蜜望實國泰64購01,2026-10-01,1.22,0.19,18.45,164000000,0,,是,,1.09,1.09,,,-0.7313,,
713736,良維富邦64購02,2026-10-01,0.83,-0.05,-5.68,502000000,0,,是,,0.85,0.83,,,6.2344,,
713737,宜鼎富邦63購03,2026-10-01,0.25,-0.01,-3.85,98000000,0,,否,,0.28,0.3,,,-15.7576,,
713738,精材富邦63購01,2026-10-01,0.91,-0.01,-1.09,2048000000,0,,是,,0.94,0.93,,,1.9608,-3.8382,
713739,擎亞富邦64購01,2026-10-01,0.29,-0.01,-3.33,10000000,0,,否,,0.31,,,,,,
713740,環球晶富邦63購01,2026-10-01,0.92,0.08,9.52,1988000000,0,,是,,0.77,0.73,,,10.6628,,
713742,精材統一67購04,2026-10-01,0.66,0.0,0.0,47000000,0,,否,,0.67,0.68,,,-0.8824,,
713745,環球晶統一6A購03,2026-10-01,0.74,0.09,13.85,491000000,0,,是,,0.67,,,,,,
713746,雙鴻統一71購01,2026-10-01,1.01,0.0,0.0,10000000,0,,否,,1.07,,,,,,
713747,千附精台新63購01,2026-10-01,0.45,-0.03,-6.25,13000000,0,,,,,,,,,,
713748,台半台新63購01,2026-10-01,2.33,0.14,6.39,14000000,0,,否,,2.21,2.15,,,5.8485,,
713749,台半台新63購02,2026-10-01,1.53,0.09,6.25,830000000,0,,是,,1.48,1.43,,,6.9565,,
713753,正淩台新66購01,2026-10-01,2.75,-0.74,-21.2,2051000000,0,,是,,2.84,2.57,,,23.6934,,
713754,亞信台新63購01,2026-10-01,1.37,0.01,0.74,3000000,0,,否,,1.35,,,,,,
713755,東捷台新63購01,2026-10-01,2.72,0.01,0.37,42000000,0,,否,,2.52,2.19,,,35.2309,,
713758,漢達台新63購01,2026-10-01,1.99,-0.07,-3.4,136000000,0,,否,,1.8,1.84,,,-4.8677,,
713759,漢達台新63購02,2026-10-01,2.33,-0.09,-3.72,220000000,0,,否,,2.01,2.03,,,-2.2395,,
713761,元太凱基67購01,2026-10-01,1.44,-0.03,-2.04,21000000,0,,否,,1.46,1.49,,,-4.4561,,
713763,良維凱基69購01,2026-10-01,2.27,-0.06,-2.58,30000000,0,,否,,2.25,2.25,,,-0.3543,,
713765,威剛凱基63購13,2026-10-01,1.83,0.03,1.67,110000000,0,,否,,1.82,1.87,,,-4.8017,,
713766,家登凱基63購03,2026-10-01,1.47,0.09,6.52,34000000,0,,否,,1.38,1.32,,,10.0318,,
713768,智通*凱基63購03,2026-10-01,0.6,0.0,0.0,51000000,0,,,,,,,,,,
713769,順達凱基63購10,2026-10-01,1.49,-0.06,-3.87,71000000,0,,是,,1.46,,,,,,
713770,新應材凱基66購02,2026-10-01,1.72,-0.06,-3.37,300000000,0,,否,,1.67,1.62,,,5.443,,
713771,頎邦凱基63購07,2026-10-01,3.01,0.44,17.12,101000000,0,,否,,2.67,2.69,,,-1.4738,,
713772,雙鴻凱基63購15,2026-10-01,2.26,-0.34,-13.08,118000000,0,,否,,2.76,,,,,,
713774,雙鴻凱基63購18,2026-10-01,2.17,-0.11,-4.82,136000000,0,,否,,2.49,,,,,,
713775,雙鴻凱基63購19,2026-10-01,1.94,-0.18,-8.49,46000000,0,,否,,2.37,,,,,,
713776,雙鴻凱基64購04,2026-10-01,2.21,-0.11,-4.74,227000000,0,,是,,2.55,,,,,,
713777,雙鴻凱基65購01,2026-10-01,2.3,-0.21,-8.37,27000000,0,,否,,2.73,,,,,,
713778,雙鴻凱基65購02,2026-10-01,2.46,-0.03,-1.2,15000000,0,,否,,2.78,,,,,,
713779,雙鴻凱基65購03,2026-10-01,2.67,-0.31,-10.4,5000000,0,,否,,3.13,,,,,,
713780,雙鴻凱基65購04,2026-10-01,2.39,-0.1,-4.02,44000000,0,,否,,2.76,,,,,,
713781,中美晶群益68購01,2026-10-01,0.86,0.1,13.16,37000000,0,,否,,0.71,0.68,,,8.2569,,
713782,宏捷科群益63購02,2026-10-01,0.54,0.01,1.89,46000000,0,,,,,,,,,,
713784,倚強群益63購01,2026-10-01,2.59,-0.13,-4.78,819000000,0,,否,,2.17,,,,,,
713785,家登群益63購05,2026-10-01,1.27,-0.02,-1.55,31000000,0,,否,,1.23,1.21,,,3.7037,,
713787,群聯群益63購09,2026-10-01,1.57,-0.11,-6.55,26000000,0,,否,,1.76,1.64,,,15.5263,,
713788,廣閎科群益63購02,2026-10-01,1.6,0.05,3.23,125000000,0,,否,,1.56,1.32,,,44.7124,,
713790,雙鴻群益69購01,2026-10-01,1.39,-0.25,-15.24,111000000,0,,否,,1.6,1.42,,,30.1948,,
713791,中美晶元大63購09,2026-10-01,0.81,0.09,12.5,131000000,0,,否,,0.68,0.66,,,8.5714,,
713792,宜鼎元大63購12,2026-10-01,0.54,-0.05,-8.47,194000000,0,,否,,0.56,0.58,,,-5.3872,,
713793,青雲元大63購04,2026-10-01,0.59,-0.01,-1.67,220000000,0,,是,,0.59,0.62,,,-10.6707,,
713794,威剛元大63購12,2026-10-01,1.61,-0.02,-1.23,89000000,0,,否,,1.65,1.66,,,-0.8413,,
713795,威剛元大67購01,2026-10-01,0.55,-0.01,-1.79,30000000,0,,是,,0.63,,,,,,
713798,營邦元大63購04,2026-10-01,1.54,-0.31,-16.76,256000000,0,,是,,1.91,1.92,,,-0.7269,,
713801,雙鴻元大63購28,2026-10-01,0.86,-0.1,-10.42,20000000,0,,否,,1.07,,,,,,
713805,雙鴻元大64購09,2026-10-01,0.9,-0.04,-4.26,11000000,0,,否,,1.0,,,,,,
713806,雙鴻元大65購03,2026-10-01,1.02,-0.02,-1.92,25000000,0,,否,,1.13,,,,,,
713807,雙鴻元大65購04,2026-10-01,0.99,0.08,8.79,10000000,0,,否,,1.04,,,,,,
713809,大綜國票66購01,2026-10-01,1.9,-0.12,-5.94,15000000,0,,否,,1.97,,,,,,
713810,天良國票64購01,2026-10-01,0.29,0.0,0.0,330000000,0,,是,,0.32,0.48,,,-50.4644,,
713812,瑞耘國票68購01,2026-10-01,0.93,0.01,1.09,97000000,0,,是,,0.76,,,,,,
713814,聖暉*國票65購03,2026-10-01,1.02,0.08,8.51,182000000,0,,是,,0.91,,,,,,
713815,廣閎科國票65購01,2026-10-01,1.31,0.01,0.77,3000000,0,,否,,1.27,1.11,,,32.636,,
713816,磐亞國票65購01,2026-10-01,0.63,-0.02,-3.08,38000000,0,,否,,0.61,,,,,,
713817,雙鴻國票69購02,2026-10-01,1.11,-0.02,-1.77,10000000,0,,,,,,,,,,
713823,雙鴻統一71購02,2026-10-01,0.98,-0.01,-1.01,1075000000,0,,否,,1.04,,,,,,
713824,千附精永豐64購02,2026-10-01,0.66,-0.06,-8.33,7000000,0,,,,,,,,,,
713826,廣閎科永豐64購02,2026-10-01,1.79,0.04,2.29,2000000,0,,否,,1.62,,,,,,
713828,雙鴻富邦65購03,2026-10-01,1.04,-0.06,-5.45,275000000,0,,否,,1.22,1.07,,,33.4792,,
713829,雙鴻富邦66購03,2026-10-01,0.97,-0.02,-2.02,4000000,0,,否,,1.1,,,,,,
713830,雙鴻富邦66購04,2026-10-01,0.8,-0.07,-8.05,18000000,0,,否,,0.95,,,,,,
713832,穩得國泰64購01,2026-10-01,0.74,0.0,0.0,23000000,0,,否,,,,,,,,
713833,良維中信69購01,2026-10-01,0.65,-0.01,-1.52,22000000,0,,否,,,,,,,,
713837,天正台新63購01,2026-10-01,0.83,-0.03,-3.49,20000000,0,,,,,,,,,,
713839,華洋台新63購01,2026-10-01,0.69,0.06,9.52,3000000,0,,否,,0.68,,,,,,
713840,閎康台新63購01,2026-10-01,1.07,-0.01,-0.93,200000000,0,,是,,1.22,,,,,,
713843,騰雲台新63購01,2026-10-01,0.88,-0.09,-9.28,401000000,0,,否,,1.02,0.97,,,10.8696,,
713844,驊訊台新64購01,2026-10-01,0.84,0.02,2.44,130000000,0,,否,,0.82,,,,,,
713849,均豪國票64購01,2026-10-01,0.93,-0.01,-1.06,20000000,0,,否,,0.87,0.84,,,7.6923,,
713851,亞通國票64購01,2026-10-01,1.63,-0.06,-3.55,30000000,0,,否,,1.69,1.81,,,-13.2716,,
713856,華宏國票67購01,2026-10-01,1.06,0.23,27.71,875000000,0,,是,,0.86,0.82,,,9.7436,,
713863,大綜凱基63購01,2026-10-01,1.76,0.31,21.38,352000000,0,,否,,1.44,1.39,,,6.8249,,
713864,宏捷科凱基63購02,2026-10-01,0.63,0.02,3.28,143000000,0,,是,,0.58,,,,,,
713865,宏捷科凱基64購01,2026-10-01,0.84,-0.03,-3.45,40000000,0,,否,,0.8,0.79,,,2.0356,,
713866,沛亨凱基63購02,2026-10-01,1.64,0.03,1.86,19000000,0,,否,,1.56,1.65,,,-10.2535,,
713867,亞信凱基63購01,2026-10-01,0.82,0.04,5.13,124000000,0,,是,,0.77,,,,,,
713868,青雲凱基63購02,2026-10-01,1.85,-0.03,-1.6,17000000,0,,否,,1.82,1.9,,,-7.9027,,
713870,鈊象凱基67購01,2026-10-01,2.49,0.1,4.18,18000000,0,,否,,2.09,,,,,,
713871,群聯凱基63購18,2026-10-01,1.32,-0.09,-6.38,23000000,0,,否,,1.46,,,,,,
713873,聖暉*凱基65購01,2026-10-01,1.68,0.19,12.75,234000000,0,,是,,1.45,,,,,,
713875,廣閎科凱基63購03,2026-10-01,1.85,0.03,1.65,235000000,0,,是,,1.81,,,,,,
713876,營邦凱基63購05,2026-10-01,1.42,-0.1,-6.58,20000000,0,,否,,1.63,1.63,,,-0.3672,,
713880,元太永豐64購01,2026-10-01,1.52,-0.04,-2.56,59000000,0,,否,,1.55,1.61,,,-7.8571,,
713882,巨漢永豐64購01,2026-10-01,1.66,-0.02,-1.19,37000000,0,,否,,1.59,,,,,,
713883,博盛永豐63購03,2026-10-01,1.5,0.11,7.91,10000000,0,,否,,1.44,,,,,,
713886,弘塑國泰64購01,2026-10-01,1.47,-0.26,-15.03,140000000,0,,是,,1.56,,,,,,
713888,晶宏統一69購01,2026-10-01,0.56,0.0,0.0,20000000,0,,否,,0.63,,,,,,
713891,宏捷科元大63購01,2026-10-01,0.58,-0.01,-1.69,598000000,0,,是,,0.55,,,,,,
713892,宏捷科元大67購02,2026-10-01,0.8,-0.05,-5.88,498000000,0,,是,,0.79,,,,,,
713893,良維元大63購03,2026-10-01,1.6,-0.06,-3.61,303000000,0,,是,,1.6,1.61,,,-2.0859,,
713894,良維元大67購01,2026-10-01,0.87,-0.03,-3.33,265000000,0,,否,,0.91,,,,,,
713895,宜鼎元大63購13,2026-10-01,0.51,-0.03,-5.56,188000000,0,,否,,0.54,0.55,,,-4.5775,,
713897,建榮元大63購01,2026-10-01,0.92,-0.04,-4.17,16000000,0,,否,,0.96,1.05,,,-14.7163,,
713899,雅特力元大63購02,2026-10-01,1.18,0.14,13.46,341000000,0,,是,,1.11,1.11,,,-0.7181,,
713900,順達元大63購08,2026-10-01,0.97,-0.06,-5.83,1128000000,0,,是,,1.03,,,,,,
713901,群翊元大63購01,2026-10-01,1.64,-0.06,-3.53,30000000,0,,否,,1.59,1.48,,,16.7401,,
713902,群聯元大63購24,2026-10-01,1.06,-0.07,-6.19,460000000,0,,是,,1.13,1.07,,,12.7745,,
713904,擎亞元大63購03,2026-10-01,0.5,-0.02,-3.85,240000000,0,,否,,0.48,0.5,,,-8.0153,,
713905,天正台新63購02,2026-10-01,0.73,-0.05,-6.41,225000000,0,,,,,,,,,,
713906,印能台新63購01,2026-10-01,1.16,0.16,16.0,46000000,0,,否,,,,,,,,
713908,沛亨台新63購01,2026-10-01,1.66,-0.02,-1.19,114000000,0,,否,,1.61,,,,,,
713911,鈊象台新63購01,2026-10-01,2.24,0.0,0.0,5000000,0,,否,,2.04,,,,,,
713912,群聯台新63購05,2026-10-01,1.64,-0.05,-2.96,15000000,0,,否,,1.75,,,,,,
713913,群聯台新63購06,2026-10-01,1.17,-0.04,-3.31,9000000,0,,否,,1.3,,,,,,
713915,印能凱基63購01,2026-10-01,1.64,0.23,16.31,758000000,0,,否,,1.5,1.46,,,6.2235,,
713916,印能凱基63購02,2026-10-01,1.79,0.36,25.17,383000000,0,,否,,1.52,1.46,,,8.4406,,
713917,印能凱基64購02,2026-10-01,1.63,0.13,8.67,46000000,0,,否,,1.49,1.42,,,9.7202,,
713918,印能凱基65購01,2026-10-01,1.89,0.23,13.86,131000000,0,,否,,1.66,1.67,,,-0.12,,
713919,印能凱基65購02,2026-10-01,1.96,0.29,17.37,78000000,0,,否,,1.76,1.7,,,6.9428,,
713920,均豪凱基65購02,2026-10-01,1.14,0.09,8.57,81000000,0,,否,,1.02,,,,,,
713921,良維凱基63購03,2026-10-01,2.55,-0.13,-4.85,154000000,0,,是,,2.57,2.55,,,1.9826,,
713924,威剛凱基67購01,2026-10-01,1.97,-0.04,-1.99,68000000,0,,是,,1.99,,,,,,
713925,建榮凱基63購02,2026-10-01,0.91,-0.02,-2.15,85000000,0,,否,,0.97,1.06,,,-15.4514,,
713929,新應材凱基68購01,2026-10-01,1.52,-0.01,-0.65,20000000,0,,否,,1.46,1.44,,,3.2578,,
713930,印能國票64購01,2026-10-01,1.46,0.15,11.45,63000000,0,,是,,1.3,,,,,,
713931,印能國票65購01,2026-10-01,1.2,0.18,17.65,8000000,0,,,,,,,,,,
713933,泓格國票64購01,2026-10-01,0.79,-0.1,-11.24,8000000,0,,否,,0.84,,,,,,
713935,群聯國票66購03,2026-10-01,1.24,-0.06,-4.62,63000000,0,,否,,1.31,,,,,,
713936,印能群益63購01,2026-10-01,1.24,0.19,18.1,10000000,0,,否,,1.11,,,,,,
713937,印能群益65購01,2026-10-01,1.2,0.17,16.5,177000000,0,,否,,1.07,,,,,,
713938,沛亨群益64購01,2026-10-01,1.57,-0.13,-7.65,97000000,0,,否,,1.69,1.65,,,4.5792,,
713940,群聯群益63購10,2026-10-01,1.59,-0.14,-8.09,9000000,0,,否,,1.73,1.63,,,13.6662,,
713941,營邦群益63購02,2026-10-01,1.33,-0.06,-4.32,6000000,0,,否,,1.51,1.48,,,3.719,,
713942,營邦群益65購01,2026-10-01,1.47,-0.08,-5.16,51000000,0,,否,,1.62,1.59,,,3.8363,,
713943,印能中信67購01,2026-10-01,0.86,0.11,14.67,185000000,0,,是,,0.77,0.74,,,8.7571,,
713944,印能統一67購01,2026-10-01,0.79,0.06,8.22,230000000,0,,是,,0.72,0.69,,,10.0917,,
713947,印能國泰64購01,2026-10-01,1.24,0.17,15.89,94000000,0,,是,,1.19,,,,,,
713948,印能國泰65購01,2026-10-01,1.0,0.06,6.38,177000000,0,,是,,1.07,,,,,,
713950,晶宏國泰64購01,2026-10-01,0.91,0.04,4.6,30000000,0,,否,,0.9,1.04,,,-23.2598,,
713952,均豪富邦63購01,2026-10-01,0.51,-0.05,-8.93,207000000,0,,否,,0.5,,,,,,
713953,營邦富邦66購02,2026-10-01,0.62,-0.06,-8.82,48000000,0,,否,,0.7,0.7,,,1.7391,,
713954,九暘永豐64購01,2026-10-01,1.31,-0.1,-7.09,154000000,0,,否,,1.32,1.14,,,39.0756,,
713955,川寶永豐63購01,2026-10-01,1.78,-0.13,-6.81,154000000,0,,否,,1.64,,,,,,
713956,印能永豐63購01,2026-10-01,1.08,0.14,14.89,58000000,0,,否,,0.98,,,,,,
713957,印能永豐64購02,2026-10-01,0.87,0.11,14.47,149000000,0,,否,,0.79,,,,,,
713958,印能永豐65購01,2026-10-01,1.28,0.17,15.32,146000000,0,,否,,1.14,,,,,,
713960,群翊永豐63購01,2026-10-01,1.38,-0.14,-9.21,17000000,0,,否,,1.38,,,,,,
713961,頎邦永豐64購03,2026-10-01,1.66,0.27,19.42,202000000,0,,是,,1.62,,,,,,
713962,頎邦永豐66購01,2026-10-01,2.08,0.24,13.04,150000000,0,,是,,1.95,1.92,,,3.7194,,
713963,中美晶元大63購10,2026-10-01,1.6,0.15,10.34,212000000,0,,是,,1.34,1.28,,,9.2985,,
713964,印能元大67購01,2026-10-01,0.87,0.04,4.82,27000000,0,,否,,0.82,0.79,,,6.5104,,
713965,印能元大68購01,2026-10-01,0.88,0.09,11.39,37000000,0,,否,,0.81,,,,,,
713966,沛亨元大63購01,2026-10-01,1.13,-0.05,-4.24,76000000,0,,否,,1.2,,,,,,
713967,沛亨元大63購02,2026-10-01,1.16,-0.07,-5.69,410000000,0,,否,,1.18,1.22,,,-5.7508,,
713969,良維元大63購04,2026-10-01,1.29,-0.1,-7.19,312000000,0,,是,,1.44,1.43,,,2.1246,,
713970,良維元大67購02,2026-10-01,1.23,-0.04,-3.15,345000000,0,,否,,1.24,1.25,,,-1.4331,,
713971,宜鼎元大63購14,2026-10-01,0.78,-0.01,-1.27,122000000,0,,否,,0.8,0.81,,,-3.163,,
713972,威剛元大63購13,2026-10-01,1.09,-0.03,-2.68,171000000,0,,是,,1.12,,,,,,
713975,順達元大63購09,2026-10-01,1.2,-0.05,-4.0,445000000,0,,是,,1.2,,,,,,
713976,順達元大63購10,2026-10-01,0.58,-0.03,-4.92,2602000000,0,,是,,0.58,,,,,,
713977,新應材元大63購05,2026-10-01,0.73,0.06,8.96,82000000,0,,否,,0.67,,,,,,
713979,群聯元大63購25,2026-10-01,1.01,-0.1,-9.01,58000000,0,,否,,1.09,1.03,,,12.3967,,
713980,聖暉*元大63購01,2026-10-01,0.78,0.09,13.04,1088000000,0,,是,,0.67,0.63,,,12.7517,,
713981,漢達元大63購01,2026-10-01,3.94,-0.01,-0.25,80000000,0,,否,,3.7,,,,,,
713982,廣閎科元大63購01,2026-10-01,1.78,0.06,3.49,198000000,0,,否,,1.68,1.47,,,34.0764,,
713983,廣閎科元大69購01,2026-10-01,0.76,0.04,5.56,470000000,0,,否,,0.71,0.65,,,19.5286,,
713986,擎亞元大68購01,2026-10-01,0.63,-0.02,-3.08,10000000,0,,否,,0.65,,,,,,
713987,譜瑞元大63購08,2026-10-01,1.69,-0.01,-0.59,16000000,0,,否,,1.68,1.63,,,6.1869,,
713988,東捷台新63購02,2026-10-01,2.58,-0.14,-5.15,27000000,0,,否,,2.52,,,,,,
713989,東捷台新63購03,2026-10-01,2.6,-0.07,-2.62,199000000,0,,否,,2.45,2.15,,,33.0803,,
713991,群聯台新63購07,2026-10-01,1.93,-0.13,-6.31,8000000,0,,否,,2.08,,,,,,
713992,群聯台新63購08,2026-10-01,1.55,-0.12,-7.19,5000000,0,,否,,1.63,,,,,,
713993,德微台新63購01,2026-10-01,3.76,0.64,20.51,629000000,0,,是,,3.18,2.62,,,54.4747,,
713994,德微台新64購01,2026-10-01,3.39,0.48,16.49,151000000,0,,否,,2.95,,,,,,
713995,德微台新65購01,2026-10-01,2.79,0.49,21.3,1059000000,0,,是,,2.41,1.96,,,58.5526,,
713996,立敦群益63購01,2026-10-01,1.54,0.32,26.23,149000000,0,,是,,1.34,,,,,,
713997,良維群益63購02,2026-10-01,1.2,-0.07,-5.51,146000000,0,,是,,1.24,1.25,,,-1.9017,,
713998,良維群益65購01,2026-10-01,1.39,-0.06,-4.14,760000000,0,,是,,1.4,1.42,,,-2.3677,,
713999,東捷群益65購01,2026-10-01,2.19,-0.14,-6.01,20000000,0,,否,,2.13,1.88,,,29.6341,,
714000,新應材群益63購03,2026-10-01,1.3,0.01,0.78,100000000,0,,否,,1.21,,,,,,
714001,群聯群益63購11,2026-10-01,1.37,-0.07,-4.86,57000000,0,,否,,1.52,1.43,,,12.9657,,
714002,漢達群益64購01,2026-10-01,2.83,0.26,10.12,100000000,0,,否,,2.6,,,,,,
714003,漢達群益65購01,2026-10-01,2.85,0.04,1.42,351000000,0,,否,,2.46,,,,,,
714004,沛亨凱基63購03,2026-10-01,2.2,-0.19,-7.95,73000000,0,,是,,2.24,,,,,,
714005,良維凱基63購04,2026-10-01,1.06,-0.02,-1.85,138000000,0,,是,,1.16,,,,,,
714006,信紘科凱基63購01,2026-10-01,1.0,0.01,1.01,74000000,0,,否,,1.0,,,,,,
714007,萊德光凱基63購01,2026-10-01,1.07,-0.3,-21.9,61000000,0,,否,,1.3,1.19,,,20.4461,,
714008,順達凱基65購01,2026-10-01,1.82,-0.14,-7.14,140000000,0,,是,,1.86,,,,,,
714009,鈊象凱基63購05,2026-10-01,2.8,0.44,18.64,10000000,0,,否,,,,,,,,
714010,群聯凱基64購10,2026-10-01,2.4,-0.12,-4.76,105000000,0,,否,,2.54,2.43,,,8.927,,
714011,聖暉*凱基63購03,2026-10-01,2.28,0.26,12.87,737000000,0,,否,,1.99,,,,,,
714012,鈺太凱基63購01,2026-10-01,0.88,-0.03,-3.3,336000000,0,,否,,0.9,,,,,,
714013,漢達凱基63購02,2026-10-01,2.26,0.04,1.8,240000000,0,,否,,1.96,,,,,,
714014,德微凱基63購01,2026-10-01,3.3,0.72,27.91,75000000,0,,否,,2.77,2.26,,,57.6792,,
714015,德微凱基63購02,2026-10-01,3.75,0.77,25.84,81000000,0,,是,,3.17,2.57,,,61.2016,,
714016,德微凱基65購01,2026-10-01,4.15,0.5,13.7,5000000,0,,否,,3.65,3.04,,,51.0339,,
714017,營邦凱基63購06,2026-10-01,1.68,-0.19,-10.16,7000000,0,,否,,2.1,,,,,,
714018,台半元大63購07,2026-10-01,1.42,0.05,3.65,135000000,0,,是,,1.38,1.35,,,4.5317,,
714019,台半元大63購08,2026-10-01,1.03,0.02,1.98,248000000,0,,是,,1.01,0.98,,,7.2034,,
714020,台半元大63購09,2026-10-01,0.85,0.01,1.19,113000000,0,,否,,0.84,,,,,,
714021,沛亨元大63購03,2026-10-01,1.3,-0.05,-3.7,299000000,0,,否,,1.31,1.37,,,-7.8762,,
714022,宜鼎元大69購01,2026-10-01,0.89,-0.01,-1.11,124000000,0,,否,,0.9,0.91,,,-2.603,,
714023,威剛元大63購14,2026-10-01,1.43,0.01,0.7,94000000,0,,否,,1.56,,,,,,
714025,群聯元大63購26,2026-10-01,1.31,-0.08,-5.76,27000000,0,,否,,1.39,1.33,,,9.7792,,
714026,廣閎科元大63購02,2026-10-01,0.89,0.04,4.71,1237000000,0,,是,,0.85,0.73,,,40.7285,,
714027,廣閎科元大69購02,2026-10-01,0.77,0.0,0.0,558000000,0,,是,,0.76,0.66,,,32.1678,,
714028,德微元大63購01,2026-10-01,2.16,0.35,19.34,107000000,0,,否,,1.83,1.55,,,45.3249,,
714029,德微元大69購01,2026-10-01,1.94,0.21,12.14,175000000,0,,否,,1.72,1.52,,,29.9094,,
714031,台半國票65購01,2026-10-01,1.05,0.02,1.94,463000000,0,,是,,,,,,,,
714032,正淩國票67購01,2026-10-01,0.79,-0.12,-13.19,20000000,0,,,,,,,,,,
714037,群翊國票65購02,2026-10-01,0.89,-0.03,-3.26,1000000,0,,否,,,,,,,,
714038,漢達國票69購01,2026-10-01,1.39,0.14,11.2,21000000,0,,是,,1.2,1.22,,,-2.5974,,
714040,譜瑞國票66購02,2026-10-01,0.88,-0.02,-2.22,2000000,0,,,,,,,,,,
714043,良維永豐64購01,2026-10-01,1.32,0.01,0.76,38000000,0,,否,,1.31,,,,,,
714044,東捷永豐63購04,2026-10-01,2.54,-0.36,-12.41,67000000,0,,否,,2.61,2.32,,,28.1925,,
714045,東捷永豐64購03,2026-10-01,2.09,-0.08,-3.69,28000000,0,,否,,1.99,,,,,,
714046,泓格永豐63購01,2026-10-01,1.53,-0.07,-4.38,5000000,0,,否,,1.59,,,,,,
714048,德微永豐64購01,2026-10-01,1.78,0.21,13.38,142000000,0,,否,,1.52,,,,,,
714049,德微永豐65購01,2026-10-01,2.01,0.12,6.35,6000000,0,,否,,1.72,,,,,,
714050,寶雅*永豐64購01,2026-10-01,1.06,-0.05,-4.5,32000000,0,,否,,1.13,,,,,,
714051,印能統一66購01,2026-10-01,0.66,0.03,4.76,100000000,0,,,,,,,,,,
714052,東捷國泰64購01,2026-10-01,1.66,-0.02,-1.19,6000000,0,,否,,1.58,,,,,,
714053,元太富邦65購02,2026-10-01,0.62,-0.01,-1.59,473000000,0,,否,,0.62,0.65,,,-7.9646,,
714054,宜鼎富邦64購01,2026-10-01,0.59,-0.05,-7.81,183000000,0,,否,,0.66,0.68,,,-5.4441,,
714056,晶呈富邦65購02,2026-10-01,1.44,0.0,0.0,108000000,0,,否,,1.2,1.07,,,27.6596,,
714057,新應材富邦63購04,2026-10-01,0.52,0.02,4.0,20000000,0,,否,,0.47,0.49,,,-7.451,,
714058,群聯富邦65購03,2026-10-01,0.86,-0.06,-6.52,530000000,0,,否,,0.96,0.87,,,24.8705,,
714059,群聯富邦65購04,2026-10-01,1.03,-0.04,-3.74,105000000,0,,否,,1.06,1.02,,,9.7107,,
714060,群聯富邦65購05,2026-10-01,1.16,-0.04,-3.33,78000000,0,,否,,1.22,,,,,,
714061,聖暉*富邦63購01,2026-10-01,0.87,0.08,10.13,1054000000,0,,是,,0.77,0.73,,,11.5607,,
714062,譜瑞富邦65購01,2026-10-01,0.82,-0.02,-2.38,212000000,0,,是,,0.83,0.81,,,2.9925,,
714063,M31台新63購01,2026-10-01,4.5,-0.6,-11.76,9000000,0,,否,,4.32,,,,,,
714064,M31台新66購01,2026-10-01,4.07,0.04,0.99,3000000,0,,否,,3.81,,,,,,
714065,光頡台新63購01,2026-10-01,6.0,1.54,34.53,8000000,0,,否,,4.85,4.19,,,37.4929,,
714066,光頡台新66購01,2026-10-01,4.76,0.93,24.28,62000000,0,,否,,4.09,3.65,,,27.2558,,
714070,昇達科台新63購01,2026-10-01,1.26,-0.01,-0.79,179000000,0,,否,,1.39,1.33,,,9.8101,,
714071,昇達科台新66購01,2026-10-01,1.46,-0.05,-3.31,177000000,0,,是,,1.58,,,,,,
714072,信驊台新63購01,2026-10-01,3.0,-0.06,-1.96,67000000,0,,是,,3.34,,,,,,
714074,信驊台新63購03,2026-10-01,1.47,0.05,3.52,27000000,0,,否,,1.6,1.57,,,3.23,,
714075,信驊台新66購01,2026-10-01,4.42,0.18,4.25,1000000,0,,否,,4.58,4.51,,,2.8302,,
714077,漢達台新63購03,2026-10-01,1.34,0.04,3.08,1380000000,0,,是,,1.16,,,,,,
714078,漢達台新63購04,2026-10-01,1.15,0.02,1.77,1693000000,0,,否,,1.0,,,,,,
714079,耀穎台新63購01,2026-10-01,1.39,-0.01,-0.71,1000000,0,,,,,,,,,,
714080,M31凱基63購02,2026-10-01,3.8,-0.59,-13.44,236000000,0,,是,,3.61,2.95,,,57.7293,,
714081,M31凱基63購03,2026-10-01,3.38,-0.81,-19.33,303000000,0,,是,,3.37,2.82,,,48.9832,,
714082,M31凱基63購04,2026-10-01,3.49,-0.44,-11.2,47000000,0,,否,,3.3,2.76,,,48.1581,,
714083,光頡凱基63購01,2026-10-01,3.14,0.79,33.62,168000000,0,,否,,2.56,2.2,,,38.6782,,
714086,竹陞凱基63購01,2026-10-01,0.97,0.0,0.0,84000000,0,,否,,0.98,,,,,,
714087,竹陞凱基63購02,2026-10-01,1.04,-0.08,-7.14,74000000,0,,否,,1.04,1.08,,,-6.81,,
714088,竹陞凱基63購03,2026-10-01,1.2,-0.04,-3.23,157000000,0,,否,,1.21,,,,,,
714089,均華凱基63購02,2026-10-01,0.64,0.15,30.61,429000000,0,,否,,0.54,,,,,,
714092,昇達科凱基63購01,2026-10-01,1.14,-0.01,-0.87,498000000,0,,是,,1.29,1.25,,,5.5829,,
714093,昇達科凱基63購02,2026-10-01,1.19,0.0,0.0,95000000,0,,否,,1.33,1.33,,,-0.3003,,
714094,昇達科凱基63購03,2026-10-01,1.36,-0.08,-5.56,103000000,0,,否,,1.52,1.47,,,6.7511,,
714095,昇達科凱基63購04,2026-10-01,1.5,-0.12,-7.41,223000000,0,,否,,1.65,1.59,,,7.2822,,
714096,信驊凱基63購01,2026-10-01,1.55,0.04,2.65,308000000,0,,否,,1.72,1.71,,,0.939,,
714097,信驊凱基63購02,2026-10-01,1.91,-0.34,-15.11,1000000,0,,否,,2.41,2.14,,,29.2604,,
714098,信驊凱基63購03,2026-10-01,2.31,-0.27,-10.47,15000000,0,,否,,2.85,2.54,,,27.0294,,
714099,信驊凱基63購04,2026-10-01,2.63,0.08,3.14,59000000,0,,是,,2.8,2.75,,,3.0973,,
714100,信驊凱基63購05,2026-10-01,3.24,0.1,3.18,25000000,0,,否,,3.48,3.42,,,3.4462,,
714101,威剛凱基63購14,2026-10-01,1.32,0.02,1.54,73000000,0,,是,,1.36,,,,,,
714103,群聯凱基67購01,2026-10-01,2.46,-0.14,-5.38,184000000,0,,否,,2.62,2.5,,,10.9045,,
714104,雷科凱基63購01,2026-10-01,2.22,-0.66,-22.92,880000000,0,,是,,1.98,1.56,,,72.7749,,
714105,雷科凱基63購02,2026-10-01,2.23,-0.22,-8.98,26000000,0,,否,,1.85,,,,,,
714106,雷科凱基63購03,2026-10-01,2.39,-0.41,-14.64,116000000,0,,是,,2.08,,,,,,
714107,頎邦凱基64購04,2026-10-01,1.96,0.33,20.25,509000000,0,,是,,1.84,1.8,,,4.3133,,
714108,穩懋凱基66購01,2026-10-01,3.07,0.26,9.25,100000000,0,,否,,2.61,2.46,,,13.0963,,
714109,光頡統一65購03,2026-10-01,1.46,0.29,24.79,260000000,0,,否,,1.26,1.12,,,27.3279,,
714110,光頡統一68購01,2026-10-01,1.42,0.22,18.33,360000000,0,,否,,1.25,1.11,,,27.0876,,
714111,光頡統一6C購01,2026-10-01,1.02,0.14,15.91,330000000,0,,否,,0.92,0.85,,,18.2051,,
714112,光頡統一79購01,2026-10-01,1.1,0.13,13.4,263000000,0,,否,,1.01,0.93,,,17.4825,,
714113,均華統一67購02,2026-10-01,0.45,0.04,9.76,214000000,0,,是,,0.4,,,,,,
714114,均華統一6C購01,2026-10-01,0.52,0.03,6.12,72000000,0,,否,,0.47,,,,,,
714115,良維統一65購01,2026-10-01,0.68,-0.02,-2.86,146000000,0,,否,,0.69,,,,,,
714116,良維統一6C購01,2026-10-01,0.69,0.0,0.0,95000000,0,,是,,0.69,,,,,,
714117,昇達科統一67購01,2026-10-01,0.72,-0.01,-1.37,108000000,0,,否,,0.77,0.75,,,6.9061,,
714118,昇達科統一6C購01,2026-10-01,0.77,-0.04,-4.94,50000000,0,,否,,0.82,0.8,,,5.1546,,
714120,金山電統一6C購02,2026-10-01,0.63,0.04,6.78,2577000000,0,,是,,0.6,,,,,,
714122,德微統一66購01,2026-10-01,0.95,0.08,9.2,61000000,0,,否,,,,,,,,
714124,穩懋統一67購02,2026-10-01,0.7,-0.03,-4.11,15000000,0,,否,,0.65,,,,,,
714125,穩懋統一6C購04,2026-10-01,0.78,-0.02,-2.5,205000000,0,,是,,0.71,,,,,,
714128,良維國泰64購01,2026-10-01,1.78,-0.12,-6.32,74000000,0,,否,,1.81,1.82,,,-1.7391,,
714131,信紘科國泰64購01,2026-10-01,1.72,-0.04,-2.27,20000000,0,,否,,1.79,,,,,,
714132,鈊象國泰64購01,2026-10-01,2.77,0.28,11.24,316000000,0,,是,,2.38,2.09,,,31.8535,,
714133,雷科國泰64購01,2026-10-01,1.7,-0.4,-19.05,24000000,0,,否,,1.58,,,,,,
714134,雷科國泰65購01,2026-10-01,2.81,-0.14,-4.75,30000000,0,,否,,2.32,,,,,,
714135,漢達國泰64購01,2026-10-01,2.67,0.12,4.71,108000000,0,,否,,2.24,,,,,,
714137,M31富邦65購02,2026-10-01,1.32,-0.15,-10.2,115000000,0,,否,,1.29,1.12,,,36.4407,,
714138,弘塑富邦65購01,2026-10-01,0.59,-0.13,-18.06,156000000,0,,否,,0.66,,,,,,
714139,均華富邦65購01,2026-10-01,0.53,0.09,20.45,10000000,0,,否,,0.46,0.53,,,-22.8188,,
714140,信驊富邦66購01,2026-10-01,4.04,0.14,3.59,2000000,0,,否,,4.45,,,,,,
714141,穩懋富邦65購02,2026-10-01,1.16,-0.02,-1.69,69000000,0,,否,,1.02,,,,,,
714142,M31中信66購01,2026-10-01,0.69,-0.11,-13.75,346000000,0,,是,,0.69,,,,,,
714143,光頡中信63購01,2026-10-01,1.58,0.44,38.6,553000000,0,,否,,1.27,1.07,,,46.2069,,
714144,竹陞中信69購01,2026-10-01,0.59,-0.02,-3.28,153000000,0,,否,,0.58,0.63,,,-13.8643,,
714145,均華中信69購01,2026-10-01,0.43,0.05,13.16,695000000,0,,是,,0.38,,,,,,
714146,昇達科中信69購01,2026-10-01,0.75,0.0,0.0,32000000,0,,否,,0.78,0.77,,,2.6178,,
714147,信驊中信63購01,2026-10-01,2.03,0.1,5.18,23000000,0,,否,,2.25,2.18,,,6.4394,,
714149,穩懋中信65購01,2026-10-01,0.87,0.01,1.16,21000000,0,,否,,0.8,,,,,,
714150,M31永豐64購01,2026-10-01,1.4,-0.08,-5.41,111000000,0,,否,,1.35,,,,,,
714151,M31永豐65購01,2026-10-01,2.38,-0.14,-5.56,58000000,0,,否,,2.26,1.93,,,40.5473,,
714152,元太永豐63購03,2026-10-01,0.9,-0.03,-3.23,239000000,0,,否,,0.91,0.95,,,-7.3171,,
714153,光焱永豐63購01,2026-10-01,1.44,0.16,12.5,81000000,0,,否,,1.13,,,,,,
714154,光頡永豐63購01,2026-10-01,2.25,0.22,10.84,15000000,0,,否,,2.04,,,,,,
714156,光頡永豐69購01,2026-10-01,4.32,0.47,12.21,8000000,0,,否,,3.88,,,,,,
714157,竹陞永豐64購02,2026-10-01,0.87,-0.06,-6.45,41000000,0,,否,,0.92,,,,,,
714158,竹陞永豐66購01,2026-10-01,0.77,-0.02,-2.53,87000000,0,,否,,0.76,,,,,,
714159,昇達科永豐63購01,2026-10-01,0.88,-0.01,-1.12,1400000000,0,,是,,0.97,0.93,,,7.8125,,
714160,昇達科永豐63購02,2026-10-01,0.88,-0.03,-3.3,25000000,0,,否,,1.01,,,,,,
714161,昇達科永豐63購03,2026-10-01,0.68,-0.01,-1.45,4467000000,0,,是,,0.76,,,,,,
714162,昇達科永豐66購01,2026-10-01,1.77,-0.05,-2.75,44000000,0,,否,,1.89,,,,,,
714163,昇達科永豐66購02,2026-10-01,1.34,0.03,2.29,15000000,0,,否,,1.45,,,,,,
714164,昇達科永豐69購01,2026-10-01,2.03,-0.04,-1.93,36000000,0,,否,,2.18,,,,,,
714165,昇達科永豐69購02,2026-10-01,1.56,-0.02,-1.27,53000000,0,,否,,1.66,1.62,,,5.1965,,
714166,信紘科永豐63購01,2026-10-01,1.08,0.06,5.88,121000000,0,,是,,1.07,,,,,,
714167,信驊永豐63購02,2026-10-01,1.72,0.09,5.52,102000000,0,,否,,1.97,,,,,,
714168,信驊永豐64購02,2026-10-01,2.84,0.13,4.8,42000000,0,,是,,3.11,,,,,,
714169,凱崴永豐64購01,2026-10-01,0.82,0.0,0.0,26000000,0,,,,,,,,,,
714170,萊德光永豐63購01,2026-10-01,1.31,-0.36,-21.56,379000000,0,,是,,1.61,1.47,,,20.3593,,
714171,聖暉*永豐63購02,2026-10-01,1.85,0.18,10.78,77000000,0,,否,,1.6,,,,,,
714172,雷科永豐63購01,2026-10-01,1.65,-0.08,-4.62,186000000,0,,否,,1.33,,,,,,
714173,雷科永豐63購02,2026-10-01,1.54,-0.2,-11.49,122000000,0,,否,,1.35,,,,,,
714174,雷科永豐66購01,2026-10-01,1.98,-0.38,-16.1,122000000,0,,否,,1.75,1.48,,,44.942,,
714175,雷科永豐69購01,2026-10-01,4.48,0.73,19.47,48000000,0,,是,,3.39,2.79,,,54.33,,
714176,穩懋永豐63購05,2026-10-01,1.83,0.02,1.1,78000000,0,,否,,1.64,,,,,,
714177,光頡元大63購01,2026-10-01,2.08,0.35,20.23,33000000,0,,否,,1.8,1.61,,,26.4416,,
714178,光頡元大63購02,2026-10-01,2.12,0.42,24.71,10000000,0,,否,,1.79,1.57,,,32.4963,,
714179,印能元大63購01,2026-10-01,0.89,0.12,15.58,372000000,0,,否,,0.8,0.79,,,3.876,,
714180,印能元大63購02,2026-10-01,0.78,0.08,11.43,174000000,0,,否,,0.73,,,,,,
714182,昇達科元大63購01,2026-10-01,0.99,-0.06,-5.71,1205000000,0,,是,,1.11,1.09,,,4.7081,,
714185,信驊元大67購01,2026-10-01,4.08,0.07,1.75,255000000,0,,是,,4.33,4.22,,,5.4554,,
714186,信驊元大69購01,2026-10-01,4.68,0.13,2.86,275000000,0,,是,,4.89,4.82,,,2.6039,,
714189,雅特力元大63購03,2026-10-01,1.06,0.11,11.58,430000000,0,,是,,0.99,,,,,,
714190,新普元大63購01,2026-10-01,1.22,0.02,1.67,24000000,0,,否,,1.21,,,,,,
714192,新應材元大63購08,2026-10-01,0.49,0.01,2.08,372000000,0,,是,,,,,,,,
714193,新應材元大63購09,2026-10-01,0.42,-0.01,-2.33,495000000,0,,否,,,,,,,,
714194,群聯元大63購27,2026-10-01,1.09,-0.05,-4.39,50000000,0,,否,,1.2,,,,,,
714195,雷科元大63購01,2026-10-01,1.33,-0.09,-6.34,630000000,0,,是,,1.1,0.95,,,38.8889,,
714196,漢達元大63購02,2026-10-01,1.28,0.03,2.4,328000000,0,,否,,1.08,,,,,,
714197,漢達元大63購03,2026-10-01,1.71,-0.02,-1.16,89000000,0,,,,,,,,,,
714198,漢達元大69購01,2026-10-01,1.11,-0.01,-0.89,398000000,0,,是,,1.01,,,,,,
714199,廣閎科元大63購03,2026-10-01,0.77,0.04,5.48,378000000,0,,否,,0.71,,,,,,
714200,營邦元大63購05,2026-10-01,1.14,-0.23,-16.79,438000000,0,,是,,1.48,,,,,,
714201,鴻呈元大63購03,2026-10-01,0.62,0.0,0.0,4000000,0,,否,,0.64,,,,,,
714202,FH中5G群益63購01,2026-10-01,0.4,-0.02,-4.76,2000000,0,,否,,0.57,0.61,,,-13.1902,,
714203,M31群益63購01,2026-10-01,2.42,-0.39,-13.88,120000000,0,,否,,2.34,,,,,,
714205,中美晶群益63購06,2026-10-01,2.8,0.1,3.7,1159000000,0,,是,,2.26,2.13,,,13.4269,,
714206,世界群益65購01,2026-10-01,1.8,0.13,7.78,269000000,0,,是,,1.6,1.45,,,23.3846,,
714208,均豪群益63購01,2026-10-01,0.78,0.0,0.0,128000000,0,,是,,0.75,,,,,,
714209,宜鼎群益63購04,2026-10-01,0.88,-0.08,-8.33,132000000,0,,否,,0.93,0.95,,,-2.5052,,
714210,宜鼎群益63購05,2026-10-01,0.73,-0.02,-2.67,252000000,0,,是,,0.77,,,,,,
714212,信驊群益63購01,2026-10-01,2.65,0.07,2.71,64000000,0,,否,,2.82,2.81,,,1.2912,,
714213,信驊群益63購02,2026-10-01,1.71,0.08,4.91,136000000,0,,否,,1.85,1.86,,,-0.8556,,
714216,順達群益63購06,2026-10-01,2.85,-0.16,-5.32,57000000,0,,是,,2.85,,,,,,
714217,鈊象群益66購01,2026-10-01,1.06,0.07,7.07,125000000,0,,是,,0.91,0.79,,,37.7643,,
714219,新應材群益63購04,2026-10-01,0.77,-0.14,-15.38,25000000,0,,否,,0.76,,,,,,
714220,群聯群益63購12,2026-10-01,1.56,-0.07,-4.29,77000000,0,,否,,1.68,1.55,,,17.1788,,
714221,群聯群益63購13,2026-10-01,1.32,-0.1,-7.04,68000000,0,,否,,1.44,1.35,,,14.2631,,
714222,雷科群益63購01,2026-10-01,2.17,-0.24,-9.96,386000000,0,,否,,1.8,,,,,,
714223,雷科群益63購02,2026-10-01,2.0,-0.38,-15.97,1450000000,0,,是,,1.71,,,,,,
714224,穩懋群益63購05,2026-10-01,1.21,-0.09,-6.92,407000000,0,,否,,1.1,1.0,,,21.1454,,
714225,天良國票64購02,2026-10-01,0.4,0.01,2.56,122000000,0,,否,,0.43,,,,,,
714226,光頡國票65購01,2026-10-01,3.45,0.71,25.91,124000000,0,,否,,2.92,2.66,,,21.8515,,
714229,金山電國票6A購01,2026-10-01,0.86,0.07,8.86,8000000,0,,否,,0.83,,,,,,
714230,信紘科國票64購01,2026-10-01,1.55,0.09,6.16,71000000,0,,否,,1.48,,,,,,
714231,信紘科國票65購01,2026-10-01,1.38,0.05,3.76,64000000,0,,是,,1.35,1.24,,,18.8049,,
714233,華宏國票69購01,2026-10-01,0.97,0.12,14.12,45000000,0,,是,,0.82,,,,,,
714234,雅特力國票67購01,2026-10-01,0.82,0.06,7.89,499000000,0,,,,,,,,,,
714236,漢達國票6B購01,2026-10-01,1.35,0.04,3.05,30000000,0,,否,,1.18,1.21,,,-6.0703,,
714238,穩懋國票66購01,2026-10-01,1.21,-0.02,-1.63,1000000,0,,否,,1.07,,,,,,
714242,弘塑元大63購06,2026-10-01,1.08,-0.24,-18.18,51000000,0,,否,,1.21,1.18,,,5.5944,,
714243,弘塑元大63購07,2026-10-01,0.52,-0.05,-8.77,10000000,0,,否,,0.55,,,,,,
714244,弘塑元大63購08,2026-10-01,0.46,-0.06,-11.54,20000000,0,,否,,0.5,,,,,,
714247,均華元大63購04,2026-10-01,0.58,0.1,20.83,205000000,0,,否,,0.49,,,,,,
714248,均豪元大63購01,2026-10-01,2.07,-0.01,-0.48,23000000,0,,否,,,,,,,,
714251,東捷元大63購02,2026-10-01,1.36,-0.24,-15.0,14000000,0,,否,,1.38,,,,,,
714252,東捷元大67購01,2026-10-01,1.48,-0.05,-3.27,189000000,0,,是,,1.44,,,,,,
714253,東捷元大69購01,2026-10-01,0.76,-0.05,-6.17,268000000,0,,否,,0.76,,,,,,
714257,群聯元大63購28,2026-10-01,1.34,-0.05,-3.6,160000000,0,,否,,1.4,,,,,,
714258,聖暉*元大63購02,2026-10-01,1.3,0.13,11.11,654000000,0,,是,,1.12,1.07,,,9.5517,,
714259,聖暉*元大63購03,2026-10-01,1.19,0.17,16.67,410000000,0,,是,,1.01,0.94,,,16.8591,,
714261,FH中5G凱基64購01,2026-10-01,0.97,-0.03,-3.0,23000000,0,,否,,1.19,,,,,,
714262,世界凱基65購02,2026-10-01,2.91,0.06,2.11,30000000,0,,否,,2.74,,,,,,
714263,弘塑凱基66購01,2026-10-01,1.68,-0.16,-8.7,85000000,0,,否,,1.69,,,,,,
714264,印能凱基63購03,2026-10-01,1.14,0.15,15.15,265000000,0,,否,,1.05,,,,,,
714265,均豪凱基64購01,2026-10-01,0.97,-0.01,-1.02,153000000,0,,否,,0.93,,,,,,
714266,泓格凱基64購01,2026-10-01,1.45,-0.07,-4.61,8000000,0,,否,,1.51,,,,,,
714267,崇越電凱基63購02,2026-10-01,1.27,-0.04,-3.05,100000000,0,,,,,,,,,,
714270,華宏凱基63購01,2026-10-01,1.58,0.21,15.33,752000000,0,,是,,1.23,,,,,,
714271,鈊象凱基63購06,2026-10-01,3.06,0.48,18.6,198000000,0,,是,,,,,,,,
714272,新普凱基63購01,2026-10-01,1.09,0.0,0.0,41000000,0,,是,,1.12,,,,,,
714274,群聯凱基63購20,2026-10-01,1.97,-0.1,-4.83,49000000,0,,否,,2.08,1.96,,,12.6898,,
714276,世界台新63購01,2026-10-01,2.95,0.09,3.15,173000000,0,,是,,2.68,,,,,,
714278,東捷台新63購04,2026-10-01,1.22,-0.21,-14.69,20000000,0,,否,,1.24,,,,,,
714281,頎邦台新63購02,2026-10-01,3.57,0.67,23.1,661000000,0,,是,,3.09,3.09,,,0.2596,,
714282,頎邦台新66購01,2026-10-01,2.65,0.35,15.22,896000000,0,,是,,2.38,2.35,,,2.584,,
714283,安葆國票68購02,2026-10-01,1.46,0.01,0.69,10000000,0,,,,,,,,,,
714285,新應材國票64購02,2026-10-01,1.54,0.01,0.65,5000000,0,,否,,1.46,,,,,,
714286,雷科國票64購01,2026-10-01,1.93,-0.62,-24.31,256000000,0,,是,,1.83,,,,,,
714287,雷科國票64購02,2026-10-01,2.0,-0.55,-21.57,216000000,0,,是,,1.85,,,,,,
714288,M31群益63購02,2026-10-01,1.95,-0.31,-13.72,891000000,0,,否,,1.89,,,,,,
714289,巨有群益63購02,2026-10-01,7.7,-0.35,-4.35,17000000,0,,否,,6.35,5.01,,,73.1189,,
714291,光頡群益66購01,2026-10-01,3.62,0.6,19.87,75000000,0,,否,,3.15,2.81,,,27.4716,,
714292,竹陞群益63購01,2026-10-01,1.0,-0.05,-4.76,6000000,0,,否,,1.07,,,,,,
714295,宏捷科群益63購03,2026-10-01,1.01,0.04,4.12,374000000,0,,是,,0.93,,,,,,
714297,良維群益63購03,2026-10-01,4.11,-0.02,-0.48,14000000,0,,否,,4.01,4.0,,,0.2,,
714298,宜鼎群益63購06,2026-10-01,1.74,-0.05,-2.79,21000000,0,,否,,1.9,,,,,,
714299,東捷群益65購02,2026-10-01,1.87,-0.25,-11.79,93000000,0,,否,,1.78,,,,,,
714302,威剛群益63購09,2026-10-01,2.48,0.08,3.33,46000000,0,,是,,2.53,,,,,,
714303,雅特力群益63購01,2026-10-01,1.11,0.15,15.62,606000000,0,,是,,,,,,,,
714304,雅特力群益63購02,2026-10-01,0.83,0.1,13.7,2226000000,0,,是,,0.74,,,,,,
714306,群聯群益63購14,2026-10-01,3.48,-0.27,-7.2,179000000,0,,是,,3.72,3.54,,,10.7802,,
714307,頎邦群益63購04,2026-10-01,1.83,0.26,16.56,138000000,0,,否,,1.64,1.6,,,4.0712,,
714308,頎邦群益63購05,2026-10-01,1.75,0.34,24.11,2712000000,0,,是,,1.51,1.5,,,1.6107,,
714310,光頡統一68購02,2026-10-01,1.43,0.26,22.22,682000000,0,,否,,1.25,1.11,,,29.6066,,
714311,光頡統一69購01,2026-10-01,1.46,0.21,16.8,615000000,0,,否,,1.31,,,,,,
714312,佳邦統一6B購01,2026-10-01,0.56,0.02,3.7,771000000,0,,,,,,,,,,
714313,昇達科統一68購01,2026-10-01,0.71,-0.01,-1.39,529000000,0,,否,,0.75,0.73,,,5.6338,,
714314,昇達科統一6C購03,2026-10-01,0.73,-0.02,-2.67,120000000,0,,否,,0.75,,,,,,
714316,東捷統一6B購02,2026-10-01,0.63,-0.05,-7.35,293000000,0,,否,,0.63,,,,,,
714317,金山電統一69購01,2026-10-01,0.65,0.06,10.17,426000000,0,,是,,0.6,,,,,,
714319,雷科統一69購01,2026-10-01,1.09,-0.06,-5.22,381000000,0,,是,,0.97,,,,,,
714320,雷科統一6B購01,2026-10-01,0.75,-0.06,-7.41,4825000000,0,,是,,0.71,,,,,,
714321,雷科統一6C購01,2026-10-01,0.71,-0.03,-4.05,5857000000,0,,是,,0.65,0.59,,,21.4286,,
714322,德微統一69購01,2026-10-01,1.04,0.05,5.05,14000000,0,,,,,,,,,,
714323,宏捷科中信63購01,2026-10-01,0.4,0.0,0.0,162000000,0,,是,,0.36,,,,,,
714324,宏捷科國泰64購01,2026-10-01,1.46,0.03,2.1,694000000,0,,否,,1.35,,,,,,
714325,世界富邦63購02,2026-10-01,0.9,0.05,5.88,1109000000,0,,是,,0.83,,,,,,
714326,印能富邦65購01,2026-10-01,0.5,0.06,13.64,82000000,0,,否,,0.47,0.49,,,-9.6525,,
714327,東捷富邦65購01,2026-10-01,0.76,-0.02,-2.56,537000000,0,,否,,0.72,0.66,,,20.5387,,
714328,M31永豐63購02,2026-10-01,2.21,-0.16,-6.75,111000000,0,,否,,2.0,1.66,,,51.6667,,
714331,均豪永豐63購01,2026-10-01,0.86,-0.06,-6.52,20000000,0,,否,,0.84,,,,,,
714332,沛亨永豐63購03,2026-10-01,1.32,-0.06,-4.35,107000000,0,,是,,1.36,,,,,,
714334,群聯永豐63購08,2026-10-01,0.9,-0.08,-8.16,25000000,0,,否,,0.97,,,,,,
714335,達航永豐65購01,2026-10-01,0.87,-0.05,-5.43,82000000,0,,,,,,,,,,
714337,弘塑凱基63購08,2026-10-01,1.3,-0.32,-19.75,165000000,0,,否,,1.51,,,,,,
714338,光頡凱基65購01,2026-10-01,3.67,1.08,41.7,51000000,0,,否,,2.87,2.53,,,31.17,,
714339,竹陞凱基63購04,2026-10-01,0.79,-0.08,-9.2,227000000,0,,否,,0.82,,,,,,
714340,均華凱基65購02,2026-10-01,1.22,0.13,11.93,12000000,0,,否,,1.02,,,,,,
714341,宏捷科凱基63購03,2026-10-01,1.23,0.04,3.36,356000000,0,,是,,1.11,,,,,,
714342,沛亨凱基63購04,2026-10-01,1.53,-0.15,-8.93,58000000,0,,否,,1.61,,,,,,
714343,系微凱基63購01,2026-10-01,1.5,0.0,0.0,31000000,0,,否,,1.53,,,,,,
714344,良維凱基63購05,2026-10-01,2.45,-0.08,-3.16,65000000,0,,是,,2.48,,,,,,
714345,宜鼎凱基63購12,2026-10-01,1.27,-0.08,-5.93,1000000,0,,否,,1.33,,,,,,
714346,東捷凱基64購01,2026-10-01,2.25,-0.36,-13.79,20000000,0,,否,,,,,,,,
714349,南俊凱基63購01,2026-10-01,0.77,-0.08,-9.41,74000000,0,,,,,,,,,,
714351,威剛凱基67購02,2026-10-01,2.94,-0.06,-2.0,101000000,0,,是,,,,,,,,
714353,聖暉*凱基65購02,2026-10-01,2.84,0.23,8.81,258000000,0,,否,,2.5,,,,,,
714354,頎邦凱基65購02,2026-10-01,3.18,0.36,12.77,530000000,0,,是,,2.95,,,,,,
714355,環球晶凱基63購02,2026-10-01,2.04,0.29,16.57,108000000,0,,否,,1.68,,,,,,
714356,環球晶凱基63購03,2026-10-01,2.05,0.35,20.59,265000000,0,,是,,1.64,,,,,,
714357,環球晶凱基69購02,2026-10-01,4.02,0.62,18.24,163000000,0,,否,,3.33,,,,,,
714358,巨有台新65購01,2026-10-01,5.75,-0.4,-6.5,18000000,0,,否,,4.86,,,,,,
714360,印能台新63購03,2026-10-01,1.1,0.17,18.28,73000000,0,,否,,1.0,,,,,,
714362,均豪台新64購01,2026-10-01,2.25,-0.04,-1.75,10000000,0,,否,,2.11,,,,,,
714368,家碩台新66購01,2026-10-01,1.75,0.08,4.79,1000000,0,,,,,,,,,,
714369,創新服台新63購01,2026-10-01,1.13,-0.02,-1.74,14000000,0,,否,,1.24,1.32,,,-10.9039,,
714371,創新服台新63購03,2026-10-01,0.96,-0.06,-5.88,52000000,0,,是,,1.09,,,,,,
714373,環球晶台新64購01,2026-10-01,2.04,0.19,10.27,305000000,0,,否,,1.63,,,,,,
714374,環球晶台新64購02,2026-10-01,1.74,0.25,16.78,425000000,0,,是,,1.34,,,,,,
714375,耀穎台新63購02,2026-10-01,1.64,0.06,3.8,1000000,0,,否,,1.6,,,,,,
714376,M31元大63購02,2026-10-01,2.61,0.18,7.41,4000000,0,,否,,2.35,,,,,,
714377,M31元大63購03,2026-10-01,1.2,-0.7,-36.84,1109000000,0,,是,,1.28,,,,,,
714378,弘塑元大63購09,2026-10-01,1.56,-0.25,-13.81,24000000,0,,否,,1.66,,,,,,
714379,弘塑元大63購10,2026-10-01,0.88,-0.18,-16.98,51000000,0,,否,,0.97,,,,,,
714380,弘塑元大66購02,2026-10-01,0.9,-0.08,-8.16,42000000,0,,否,,0.91,,,,,,
714381,光頡元大63購03,2026-10-01,2.05,0.24,13.26,16000000,0,,否,,1.87,,,,,,
714382,光頡元大63購04,2026-10-01,1.59,0.32,25.2,15000000,0,,否,,1.37,,,,,,
714384,竹陞元大69購02,2026-10-01,0.89,-0.06,-6.32,110000000,0,,否,,,,,,,,
714385,均豪元大63購03,2026-10-01,0.78,0.01,1.3,188000000,0,,否,,0.73,,,,,,
714386,亞通元大63購01,2026-10-01,1.51,0.08,5.59,31000000,0,,否,,1.95,,,,,,
714387,亞通元大63購02,2026-10-01,4.2,0.9,27.27,21000000,0,,否,,2.9,,,,,,
714389,昇達科元大63購02,2026-10-01,0.99,-0.02,-1.98,350000000,0,,是,,1.06,,,,,,
714390,昇達科元大63購03,2026-10-01,0.86,-0.01,-1.15,2840000000,0,,是,,0.92,0.9,,,5.0,,
714391,東捷元大63購03,2026-10-01,2.21,-0.01,-0.45,9000000,0,,,,,,,,,,
714392,東捷元大67購02,2026-10-01,1.53,-0.21,-12.07,3000000,0,,,,,,,,,,
714393,東捷元大69購02,2026-10-01,0.85,-0.01,-1.16,554000000,0,,,,,,,,,,
714394,萊德光元大63購01,2026-10-01,0.89,-0.14,-13.59,35000000,0,,否,,1.03,0.99,,,7.0833,,
714395,萊德光元大63購02,2026-10-01,1.06,-0.24,-18.46,21000000,0,,否,,1.25,,,,,,
714396,雅特力元大63購04,2026-10-01,1.07,0.13,13.83,1030000000,0,,是,,0.96,,,,,,
714397,群聯元大63購29,2026-10-01,1.18,-0.08,-6.35,39000000,0,,否,,1.26,,,,,,
714398,群聯元大69購01,2026-10-01,1.55,-0.09,-5.49,216000000,0,,是,,1.62,1.55,,,9.7429,,
714399,聖暉*元大63購04,2026-10-01,1.38,0.19,15.97,321000000,0,,是,,1.14,,,,,,
714401,營邦元大63購07,2026-10-01,0.87,-0.09,-9.38,188000000,0,,否,,1.08,,,,,,
714402,環球晶元大63購09,2026-10-01,0.95,0.08,9.2,1031000000,0,,是,,0.79,,,,,,
714403,環球晶元大63購10,2026-10-01,1.13,0.21,22.83,235000000,0,,否,,0.92,,,,,,
714405,光頡國票66購01,2026-10-01,2.82,0.38,15.57,11000000,0,,否,,2.53,2.32,,,20.4567,,
714406,昇達科國票64購01,2026-10-01,1.23,-0.03,-2.38,374000000,0,,是,,1.35,,,,,,
714409,頎邦國票69購01,2026-10-01,1.26,0.15,13.51,224000000,0,,是,,1.2,,,,,,
714410,環球晶國票66購02,2026-10-01,2.21,0.24,12.18,161000000,0,,是,,1.84,,,,,,
714411,群聯中信67購02,2026-10-01,0.84,-0.11,-11.58,200000000,0,,否,,0.91,0.88,,,6.7916,,
714412,環球晶中信63購01,2026-10-01,0.73,0.04,5.8,1078000000,0,,是,,0.6,,,,,,
714413,尼克森永豐63購01,2026-10-01,1.66,0.0,0.0,101000000,0,,否,,1.74,,,,,,
714416,亞信永豐64購01,2026-10-01,0.99,0.08,8.79,10000000,0,,否,,0.93,,,,,,
714417,美琪瑪永豐63購01,2026-10-01,1.75,-0.22,-11.17,91000000,0,,,,,,,,,,
714419,泰藝永豐63購01,2026-10-01,1.69,0.37,28.03,214000000,0,,是,,1.37,,,,,,
714420,高僑永豐63購01,2026-10-01,1.16,-0.08,-6.45,769000000,0,,是,,1.12,,,,,,
714421,創新服永豐63購01,2026-10-01,1.17,-0.06,-4.88,26000000,0,,否,,1.36,,,,,,
714423,創新服永豐65購01,2026-10-01,0.96,-0.04,-4.0,6000000,0,,否,,1.12,,,,,,
714425,博大永豐63購01,2026-10-01,0.9,0.14,18.42,621000000,0,,是,,0.78,,,,,,
714426,博盛永豐64購02,2026-10-01,1.63,0.16,10.88,69000000,0,,否,,1.57,,,,,,
714427,晶呈永豐63購01,2026-10-01,1.56,-0.17,-9.83,557000000,0,,否,,1.37,,,,,,
714428,華電網永豐63購01,2026-10-01,1.16,0.06,5.45,105000000,0,,是,,1.11,,,,,,
714429,廣明永豐63購01,2026-10-01,1.23,0.0,0.0,50000000,0,,,,,,,,,,
714430,優群永豐63購01,2026-10-01,0.78,-0.02,-2.5,40000000,0,,是,,0.79,,,,,,
714431,環球晶永豐64購01,2026-10-01,1.9,0.3,18.75,207000000,0,,是,,1.53,,,,,,
714432,中美晶富邦69購01,2026-10-01,0.84,0.05,6.33,483000000,0,,否,,0.75,0.73,,,4.1899,,
714433,台特化富邦63購01,2026-10-01,0.61,-0.06,-8.96,217000000,0,,否,,0.59,,,,,,
714434,沛亨富邦63購02,2026-10-01,0.49,-0.05,-9.26,316000000,0,,是,,0.57,,,,,,
714435,良維富邦65購01,2026-10-01,0.65,-0.05,-7.14,515000000,0,,否,,0.67,,,,,,
714436,蜜望實富邦66購01,2026-10-01,0.61,0.06,10.91,271000000,0,,是,,0.57,,,,,,
714438,東捷國泰64購02,2026-10-01,1.39,-0.09,-6.08,351000000,0,,是,,1.33,,,,,,
714439,家登國泰64購01,2026-10-01,1.4,0.02,1.45,21000000,0,,否,,1.34,,,,,,
714440,雅特力國泰64購01,2026-10-01,1.83,0.26,16.56,434000000,0,,是,,1.6,,,,,,
714441,頎邦國泰64購01,2026-10-01,2.35,0.4,20.51,1004000000,0,,是,,2.06,,,,,,
714442,環球晶國泰64購02,2026-10-01,1.86,0.23,14.11,336000000,0,,是,,1.57,,,,,,
714443,亞通統一6C購01,2026-10-01,0.61,-0.01,-1.61,100000000,0,,是,,0.62,,,,,,
714444,昇達科統一74購01,2026-10-01,0.82,0.0,0.0,100000000,0,,否,,0.85,0.83,,,3.4146,,
714445,東捷統一66購03,2026-10-01,0.75,-0.02,-2.6,336000000,0,,否,,0.71,,,,,,
714446,東捷統一68購03,2026-10-01,0.81,-0.05,-5.81,446000000,0,,否,,0.8,,,,,,
714449,雷科統一67購01,2026-10-01,0.95,-0.11,-10.38,494000000,0,,是,,0.9,,,,,,
714450,世界群益63購03,2026-10-01,2.53,0.13,5.42,29000000,0,,是,,2.37,,,,,,
714451,巨有群益63購03,2026-10-01,5.5,-1.1,-16.67,8000000,0,,否,,4.86,,,,,,
714452,均華群益63購03,2026-10-01,0.84,0.14,20.0,277000000,0,,否,,0.72,,,,,,
714454,亞通群益63購03,2026-10-01,1.0,-0.05,-4.76,2000000,0,,否,,1.02,,,,,,
714455,東捷群益65購03,2026-10-01,1.79,-0.16,-8.21,81000000,0,,否,,1.74,,,,,,
714458,威剛群益63購10,2026-10-01,3.06,-0.12,-3.77,14000000,0,,否,,3.18,,,,,,
714460,萊德光群益63購01,2026-10-01,2.33,-0.56,-19.38,126000000,0,,是,,2.83,2.66,,,13.7239,,
714461,鈊象群益69購01,2026-10-01,1.06,0.09,9.28,65000000,0,,是,,,,,,,,
714462,新應材群益63購06,2026-10-01,2.82,-0.15,-5.05,39000000,0,,否,,2.77,2.72,,,4.3642,,
714463,群聯群益63購15,2026-10-01,2.11,-0.22,-9.44,5000000,0,,否,,2.34,2.17,,,17.0,,
714464,群聯群益65購03,2026-10-01,1.04,-0.1,-8.77,24000000,0,,否,,1.1,,,,,,
714466,環球晶群益63購04,2026-10-01,2.11,0.25,13.44,506000000,0,,否,,1.65,,,,,,
714467,光頡元大63購05,2026-10-01,2.04,0.22,12.09,48000000,0,,否,,1.86,,,,,,
714468,光頡元大63購06,2026-10-01,1.96,0.1,5.38,50000000,0,,否,,1.83,,,,,,
714469,光頡元大63購07,2026-10-01,1.65,0.33,25.0,30000000,0,,否,,1.39,,,,,,
714470,均華元大63購05,2026-10-01,0.6,0.11,22.45,340000000,0,,否,,0.51,,,,,,
714471,宏捷科元大63購02,2026-10-01,0.87,0.04,4.82,270000000,0,,,,,,,,,,
714473,沛亨元大63購05,2026-10-01,0.93,-0.07,-7.0,193000000,0,,否,,0.95,,,,,,
714474,亞通元大63購03,2026-10-01,1.23,-0.05,-3.91,31000000,0,,否,,1.29,,,,,,
714475,亞通元大63購04,2026-10-01,0.81,-0.14,-14.74,51000000,0,,是,,0.89,,,,,,
714476,宜鼎元大63購16,2026-10-01,0.71,-0.02,-2.74,122000000,0,,否,,0.76,,,,,,
714478,東捷元大68購01,2026-10-01,0.95,-0.07,-6.86,213000000,0,,,,,,,,,,
714481,信昌電元大63購01,2026-10-01,1.49,0.18,13.74,151000000,0,,是,,1.44,,,,,,
714482,信昌電元大63購02,2026-10-01,1.53,0.21,15.91,130000000,0,,是,,1.51,,,,,,
714483,信昌電元大63購03,2026-10-01,1.5,0.1,7.14,138000000,0,,否,,1.42,,,,,,
714485,威剛元大66購01,2026-10-01,1.65,-0.03,-1.79,182000000,0,,否,,1.7,,,,,,
714490,環球晶元大63購11,2026-10-01,1.87,0.25,15.43,451000000,0,,否,,1.57,,,,,,
714491,光頡國票66購02,2026-10-01,2.29,0.49,27.22,108000000,0,,否,,1.97,,,,,,
714492,旭然國票67購01,2026-10-01,1.07,0.17,18.89,1000000,0,,否,,,,,,,,
714493,亞通國票64購02,2026-10-01,1.24,0.0,0.0,3000000,0,,否,,,,,,,,
714495,建榮國票64購01,2026-10-01,1.52,-0.01,-0.65,132000000,0,,是,,1.59,,,,,,
714496,建榮國票65購01,2026-10-01,1.32,-0.01,-0.75,8000000,0,,否,,,,,,,,
714497,家登國票64購02,2026-10-01,1.66,-0.04,-2.35,13000000,0,,否,,1.61,,,,,,
714499,擎亞國票64購02,2026-10-01,1.66,-0.08,-4.6,2000000,0,,否,,1.63,,,,,,
714500,穩懋國票65購02,2026-10-01,1.04,0.0,0.0,120000000,0,,否,,0.93,,,,,,
714501,世界凱基63購07,2026-10-01,2.79,0.17,6.49,24000000,0,,否,,2.43,,,,,,
714502,巨有凱基63購02,2026-10-01,7.0,-1.3,-15.66,183000000,0,,是,,6.03,,,,,,
714503,竹陞凱基63購05,2026-10-01,0.83,-0.02,-2.35,84000000,0,,否,,0.85,,,,,,
714504,亞通凱基63購02,2026-10-01,0.91,-0.04,-4.21,60000000,0,,否,,0.98,,,,,,
714506,信昌電凱基63購01,2026-10-01,2.37,0.27,12.86,475000000,0,,是,,2.4,,,,,,
714507,信昌電凱基63購02,2026-10-01,2.07,0.26,14.36,260000000,0,,是,,,,,,,,
714508,信昌電凱基63購03,2026-10-01,2.16,0.24,12.5,650000000,0,,是,,2.15,,,,,,
714509,信昌電凱基63購04,2026-10-01,2.22,0.07,3.26,242000000,0,,是,,2.23,,,,,,
714510,創新服凱基63購01,2026-10-01,0.88,-0.09,-9.28,53000000,0,,否,,0.97,,,,,,
714512,群聯凱基63購21,2026-10-01,1.81,-0.17,-8.59,185000000,0,,是,,2.02,,,,,,
714513,營邦凱基63購07,2026-10-01,1.54,-0.23,-12.99,127000000,0,,否,,1.95,,,,,,
714514,穩懋凱基63購10,2026-10-01,3.06,-0.01,-0.33,122000000,0,,否,,2.69,,,,,,
714515,巨有群益63購04,2026-10-01,5.5,-0.1,-1.79,21000000,0,,否,,4.51,,,,,,
714516,光頡群益63購02,2026-10-01,3.9,0.94,31.76,276000000,0,,否,,3.26,,,,,,
714517,光頡群益65購01,2026-10-01,2.44,0.49,25.13,349000000,0,,否,,2.12,,,,,,
714518,印能群益63購02,2026-10-01,2.52,0.44,21.15,55000000,0,,是,,,,,,,,
714521,威剛群益63購11,2026-10-01,2.54,0.06,2.42,65000000,0,,否,,2.53,,,,,,
714522,家登群益63購07,2026-10-01,1.44,0.1,7.46,28000000,0,,否,,1.36,,,,,,
714523,環球晶群益63購05,2026-10-01,3.52,0.88,33.33,65000000,0,,否,,2.63,,,,,,
714524,環球晶群益63購06,2026-10-01,1.93,-0.11,-5.39,213000000,0,,否,,1.61,,,,,,
714526,竹陞永豐63購02,2026-10-01,0.51,0.0,0.0,64000000,0,,,,,,,,,,
714528,亞通永豐65購01,2026-10-01,0.85,-0.03,-3.41,300000000,0,,是,,0.88,,,,,,
714529,宜鼎永豐63購08,2026-10-01,1.58,-0.03,-1.86,171000000,0,,否,,1.67,,,,,,
714530,信昌電永豐63購01,2026-10-01,1.51,0.17,12.69,460000000,0,,是,,1.52,,,,,,
714531,信昌電永豐63購02,2026-10-01,0.86,0.04,4.88,773000000,0,,否,,0.87,,,,,,
714532,信昌電永豐64購01,2026-10-01,1.37,0.15,12.3,84000000,0,,否,,1.37,,,,,,
714533,信昌電永豐65購01,2026-10-01,1.24,0.13,11.71,309000000,0,,是,,1.23,,,,,,
714536,群聯永豐63購09,2026-10-01,3.4,-0.21,-5.82,14000000,0,,是,,3.3,,,,,,
714538,穩懋永豐63購06,2026-10-01,2.62,0.15,6.07,29000000,0,,否,,2.27,,,,,,
714539,穩懋永豐63購07,2026-10-01,3.74,-0.07,-1.84,22000000,0,,否,,3.36,,,,,,
714542,宜鼎富邦63購04,2026-10-01,0.59,-0.03,-4.84,96000000,0,,否,,0.63,,,,,,
714543,欣銓富邦63購01,2026-10-01,0.54,-0.02,-3.57,388000000,0,,是,,0.57,,,,,,
714544,環球晶富邦69購01,2026-10-01,0.62,0.05,8.77,687000000,0,,否,,0.53,,,,,,
714545,環球晶富邦69購02,2026-10-01,0.75,-0.01,-1.32,1384000000,0,,否,,0.66,,,,,,
714546,中美晶國泰65購01,2026-10-01,2.47,0.17,7.39,68000000,0,,否,,2.11,,,,,,
714547,巨有國泰64購01,2026-10-01,5.1,0.0,0.0,3000000,0,,否,,3.67,,,,,,
714550,沛亨國泰64購01,2026-10-01,1.87,-0.05,-2.6,131000000,0,,否,,,,,,,,
714552,信昌電國泰64購01,2026-10-01,1.85,0.26,16.35,390000000,0,,否,,1.77,,,,,,
714553,信昌電國泰64購02,2026-10-01,1.66,0.23,16.08,185000000,0,,否,,1.59,,,,,,
714554,萊德光國泰64購01,2026-10-01,1.5,-0.25,-14.29,60000000,0,,是,,1.73,,,,,,
714556,擎亞國泰64購01,2026-10-01,1.28,-0.1,-7.25,241000000,0,,否,,1.26,,,,,,
714557,穩懋國泰64購03,2026-10-01,2.95,-0.14,-4.53,5000000,0,,否,,2.6,,,,,,
714558,巨有統一79購01,2026-10-01,1.23,-0.1,-7.52,13000000,0,,否,,1.15,,,,,,
714559,弘塑統一68購01,2026-10-01,0.64,-0.09,-12.33,85000000,0,,,,,,,,,,
714560,竹陞統一6C購01,2026-10-01,0.48,0.0,0.0,46000000,0,,否,,0.48,,,,,,
714561,信昌電統一68購01,2026-10-01,0.77,0.02,2.67,86000000,0,,是,,0.8,,,,,,
714562,信昌電統一68購02,2026-10-01,0.87,0.11,14.47,124000000,0,,是,,0.87,,,,,,
714563,信昌電統一69購01,2026-10-01,0.75,0.06,8.7,865000000,0,,是,,0.74,,,,,,
714564,信昌電統一79購01,2026-10-01,0.72,0.04,5.88,71000000,0,,是,,,,,,,,
714566,台特化台新63購01,2026-10-01,2.28,-0.19,-7.69,199000000,0,,否,,2.2,,,,,,
714567,旭然台新63購01,2026-10-01,1.6,0.48,42.86,188000000,0,,否,,1.2,,,,,,
714570,宏捷科台新63購01,2026-10-01,1.45,0.01,0.69,70000000,0,,是,,,,,,,,
714571,系微台新63購01,2026-10-01,1.7,0.01,0.59,24000000,0,,否,,1.69,,,,,,
714572,良維台新66購01,2026-10-01,1.99,-0.08,-3.86,92000000,0,,是,,2.03,,,,,,
714573,信昌電台新63購01,2026-10-01,1.49,0.16,12.03,144000000,0,,是,,1.48,,,,,,
714574,信昌電台新66購01,2026-10-01,1.69,0.28,19.86,81000000,0,,否,,1.61,,,,,,
714575,茂達台新63購01,2026-10-01,1.59,0.11,7.43,131000000,0,,是,,1.53,,,,,,
714577,穩懋台新63購03,2026-10-01,2.19,0.06,2.82,65000000,0,,否,,1.93,,,,,,
714578,穩懋台新63購04,2026-10-01,1.72,-0.06,-3.37,31000000,0,,否,,1.58,,,,,,
714579,穩懋台新63購05,2026-10-01,1.79,-0.02,-1.1,46000000,0,,否,,1.6,,,,,,
714580,巨有永豐66購01,2026-10-01,1.82,-0.32,-14.95,407000000,0,,是,,1.66,,,,,,
714581,朋億*永豐64購01,2026-10-01,1.38,0.04,2.99,2000000,0,,否,,1.33,,,,,,
714585,萊德光永豐63購02,2026-10-01,1.23,-0.33,-21.15,113000000,0,,否,,1.52,,,,,,
714586,頎邦永豐63購05,2026-10-01,1.93,0.27,16.27,402000000,0,,是,,1.82,,,,,,
714588,台半元大65購01,2026-10-01,1.57,0.04,2.61,168000000,0,,是,,1.53,,,,,,
714589,巨有元大63購03,2026-10-01,4.29,0.04,0.94,11000000,0,,是,,,,,,,,
714591,均華元大63購06,2026-10-01,0.69,0.14,25.45,37000000,0,,否,,0.57,,,,,,
714592,均華元大63購07,2026-10-01,0.66,0.09,15.79,354000000,0,,否,,0.58,,,,,,
714594,宏捷科元大63購04,2026-10-01,0.98,0.01,1.03,336000000,0,,否,,0.91,,,,,,
714595,沛亨元大63購06,2026-10-01,1.57,-0.04,-2.48,3000000,0,,否,,1.6,,,,,,
714596,沛亨元大65購01,2026-10-01,0.82,-0.03,-3.53,106000000,0,,是,,0.87,,,,,,
714597,宜鼎元大64購06,2026-10-01,0.8,-0.03,-3.61,163000000,0,,否,,0.87,,,,,,
714599,威剛元大63購15,2026-10-01,1.81,-0.03,-1.63,179000000,0,,是,,1.84,,,,,,
714601,萊德光元大63購03,2026-10-01,0.8,-0.19,-19.19,50000000,0,,否,,0.98,,,,,,
714602,萊德光元大64購01,2026-10-01,0.86,-0.19,-18.1,64000000,0,,否,,1.01,,,,,,
714603,萊德光元大64購02,2026-10-01,0.9,-0.16,-15.09,123000000,0,,否,,1.03,,,,,,
714604,雅特力元大63購05,2026-10-01,1.3,0.13,11.11,437000000,0,,是,,1.23,,,,,,
714606,環球晶元大64購03,2026-10-01,2.08,0.28,15.56,384000000,0,,否,,1.73,,,,,,
714607,環球晶元大65購06,2026-10-01,1.65,0.13,8.55,826000000,0,,是,,1.43,,,,,,
714608,世界群益63購04,2026-10-01,3.44,0.2,6.17,160000000,0,,否,,3.1,,,,,,
714609,巨有群益64購01,2026-10-01,3.78,0.03,0.8,4000000,0,,否,,2.74,,,,,,
714610,茂綸群益63購02,2026-10-01,0.95,0.09,10.47,768000000,0,,是,,0.92,,,,,,
714611,順達群益63購07,2026-10-01,1.86,-0.1,-5.1,279000000,0,,是,,1.8,,,,,,
714612,順達群益65購01,2026-10-01,1.95,-0.1,-4.88,185000000,0,,,,,,,,,,
714613,新應材群益63購07,2026-10-01,2.02,-0.28,-12.17,11000000,0,,,,,,,,,,
714614,營邦群益63購03,2026-10-01,1.39,-0.38,-21.47,12000000,0,,否,,1.87,,,,,,
714615,穩懋群益63購06,2026-10-01,4.48,-0.05,-1.1,83000000,0,,否,,3.89,,,,,,
714617,台星科國票65購01,2026-10-01,1.17,-0.07,-5.65,261000000,0,,是,,1.2,,,,,,
714618,巨有國票64購01,2026-10-01,3.62,-0.01,-0.28,10000000,0,,是,,2.9,,,,,,
714619,巨有國票65購01,2026-10-01,4.34,0.14,3.33,26000000,0,,否,,3.27,,,,,,
714620,旭然國票69購01,2026-10-01,0.82,0.07,9.33,2000000,0,,否,,,,,,,,
714621,均華國票64購01,2026-10-01,0.9,0.1,12.5,8000000,0,,否,,,,,,,,
714622,宏捷科國票65購01,2026-10-01,0.94,0.04,4.44,16000000,0,,,,,,,,,,
714625,昇達科國票64購02,2026-10-01,1.74,-0.05,-2.79,17000000,0,,否,,1.9,,,,,,
714628,萊德光國票65購02,2026-10-01,0.8,-0.17,-17.53,285000000,0,,否,,0.93,,,,,,
714631,巨有台新63購01,2026-10-01,3.88,-0.18,-4.43,16000000,0,,,,,,,,,,
714634,巨有台新69購02,2026-10-01,1.95,0.25,14.71,68000000,0,,,,,,,,,,
714635,印能台新65購01,2026-10-01,1.68,0.22,15.07,37000000,0,,否,,1.46,,,,,,
714636,昇達科台新63購03,2026-10-01,2.16,-0.01,-0.46,78000000,0,,否,,2.32,,,,,,
714637,茂綸台新63購02,2026-10-01,1.3,0.02,1.56,35000000,0,,是,,1.29,,,,,,
714638,創新服台新65購01,2026-10-01,1.26,0.02,1.61,1000000,0,,否,,1.3,,,,,,
714639,群聯台新63購09,2026-10-01,4.46,-0.59,-11.68,5000000,0,,,,,,,,,,
714641,聖暉*台新66購01,2026-10-01,2.37,0.23,10.75,533000000,0,,是,,2.1,,,,,,
714642,印能凱基64購03,2026-10-01,2.31,0.33,16.67,2290000000,0,,是,,2.09,,,,,,
714643,均華凱基63購03,2026-10-01,1.19,0.27,29.35,49000000,0,,否,,0.96,,,,,,
714644,沛亨凱基64購01,2026-10-01,2.35,-0.09,-3.69,30000000,0,,,,,,,,,,
714645,良維凱基67購01,2026-10-01,2.92,-0.08,-2.67,181000000,0,,是,,,,,,,,
714647,欣銓凱基63購02,2026-10-01,1.57,-0.18,-10.29,83000000,0,,否,,1.76,,,,,,
714648,威剛凱基65購04,2026-10-01,2.97,-0.02,-0.67,1800000000,0,,,,,,,,,,
714651,萊德光凱基63購02,2026-10-01,1.57,-0.39,-19.9,145000000,0,,否,,1.94,,,,,,
714652,環球晶凱基63購04,2026-10-01,4.5,1.05,30.43,123000000,0,,否,,3.12,,,,,,
714653,穩懋凱基65購02,2026-10-01,3.91,0.06,1.56,43000000,0,,否,,3.41,,,,,,
714654,穩懋凱基68購01,2026-10-01,4.31,-0.03,-0.69,396000000,0,,否,,3.99,,,,,,
714656,世界國泰64購02,2026-10-01,1.89,0.11,6.18,351000000,0,,是,,1.72,,,,,,
714657,朋億*國泰65購01,2026-10-01,2.09,0.08,3.98,33000000,0,,是,,1.99,,,,,,
714658,欣銓國泰64購01,2026-10-01,1.89,-0.13,-6.44,46000000,0,,,,,,,,,,
714660,德微國泰64購01,2026-10-01,4.19,0.64,18.03,22000000,0,,否,,3.53,,,,,,
714661,巨有統一69購01,2026-10-01,1.84,0.06,3.37,214000000,0,,是,,1.53,,,,,,
714662,巨有統一79購02,2026-10-01,1.07,0.04,3.88,764000000,0,,,,,,,,,,
714663,信昌電統一6C購01,2026-10-01,0.78,0.06,8.33,120000000,0,,,,,,,,,,
714664,信昌電統一6C購02,2026-10-01,0.73,0.05,7.35,341000000,0,,,,,,,,,,
714665,信昌電統一79購02,2026-10-01,0.8,0.04,5.26,100000000,0,,否,,0.82,,,,,,
714667,印能富邦64購01,2026-10-01,0.71,0.09,14.52,648000000,0,,是,,0.65,,,,,,
714668,印能富邦65購02,2026-10-01,0.63,0.06,10.53,443000000,0,,否,,0.59,,,,,,
714669,威剛富邦63購01,2026-10-01,0.44,-0.01,-2.22,148000000,0,,,,,,,,,,
714670,建榮富邦63購01,2026-10-01,0.35,-0.01,-2.78,48000000,0,,否,,,,,,,,
714671,鈊象富邦65購01,2026-10-01,1.18,0.09,8.26,992000000,0,,是,,1.05,,,,,,
714672,群聯富邦65購06,2026-10-01,0.91,-0.05,-5.21,353000000,0,,是,,1.02,,,,,,
714674,群聯富邦65購08,2026-10-01,0.76,-0.05,-6.17,390000000,0,,是,,0.9,,,,,,
714675,群聯富邦66購01,2026-10-01,0.84,-0.1,-10.64,262000000,0,,否,,0.91,,,,,,
714676,群聯富邦66購02,2026-10-01,0.78,-0.05,-6.02,401000000,0,,是,,0.9,,,,,,
714677,群聯富邦69購01,2026-10-01,0.94,-0.05,-5.05,337000000,0,,是,,1.05,,,,,,
714678,台燿凱基63購01,2026-10-01,2.0,-0.01,-0.5,586000000,0,,否,,1.94,,,,,,
714679,台燿凱基63購02,2026-10-01,1.97,-0.06,-2.96,20000000,0,,否,,1.93,,,,,,
714680,台燿凱基63購03,2026-10-01,1.87,-0.02,-1.06,592000000,0,,否,,1.8,,,,,,
714681,台燿凱基63購04,2026-10-01,2.3,-0.08,-3.36,48000000,0,,否,,2.27,,,,,,
714682,台燿凱基65購01,2026-10-01,2.51,-0.01,-0.4,211000000,0,,否,,2.43,,,,,,
714683,台燿凱基65購02,2026-10-01,2.44,0.01,0.41,266000000,0,,否,,2.34,,,,,,
714684,台燿凱基65購03,2026-10-01,2.29,0.0,0.0,228000000,0,,否,,2.2,,,,,,
714685,青雲凱基63購04,2026-10-01,1.46,0.03,2.1,373000000,0,,是,,1.4,,,,,,
714686,茂綸凱基63購01,2026-10-01,1.54,0.15,10.79,962000000,0,,是,,1.47,,,,,,
714689,台半台新64購01,2026-10-01,3.46,0.17,5.17,28000000,0,,,,,,,,,,
714690,台燿台新63購01,2026-10-01,2.26,-0.03,-1.31,899000000,0,,否,,2.18,,,,,,
714691,台燿台新66購01,2026-10-01,2.63,-0.02,-0.75,895000000,0,,是,,2.52,,,,,,
714692,台燿台新69購01,2026-10-01,2.53,0.07,2.85,204000000,0,,否,,2.42,,,,,,
714693,印能台新65購02,2026-10-01,2.04,0.27,15.25,26000000,0,,是,,,,,,,,
714694,印能台新65購03,2026-10-01,1.39,0.2,16.81,58000000,0,,,,,,,,,,
714695,良維台新63購01,2026-10-01,2.97,-0.03,-1.0,47000000,0,,是,,3.09,,,,,,
714697,台燿群益63購01,2026-10-01,1.85,0.02,1.09,1181000000,0,,是,,1.75,,,,,,
714698,台燿群益63購02,2026-10-01,1.93,0.01,0.52,774000000,0,,是,,1.84,,,,,,
714699,台燿群益63購03,2026-10-01,1.63,-0.01,-0.61,491000000,0,,否,,1.56,,,,,,
714700,印能群益63購03,2026-10-01,1.68,0.25,17.48,132000000,0,,否,,1.48,,,,,,
714701,竹陞群益64購02,2026-10-01,1.15,-0.02,-1.71,65000000,0,,否,,,,,,,,
714702,亞通群益64購01,2026-10-01,1.51,0.0,0.0,124000000,0,,否,,1.53,,,,,,
714703,亞通群益66購01,2026-10-01,1.8,0.05,2.86,71000000,0,,是,,1.78,,,,,,
714704,宜鼎群益63購08,2026-10-01,1.38,-0.13,-8.61,12000000,0,,否,,,,,,,,
714705,欣銓群益63購03,2026-10-01,2.62,-0.04,-1.5,148000000,0,,否,,2.7,,,,,,
714708,威剛群益63購12,2026-10-01,2.92,0.09,3.18,35000000,0,,,,,,,,,,
714709,家登群益63購08,2026-10-01,3.72,-0.03,-0.8,30000000,0,,否,,3.65,,,,,,
714710,頎邦群益65購01,2026-10-01,2.6,0.33,14.54,353000000,0,,否,,2.39,,,,,,
714711,穩懋群益63購07,2026-10-01,5.05,-0.05,-0.98,138000000,0,,是,,4.48,,,,,,
714712,台燿元大63購01,2026-10-01,1.4,-0.01,-0.71,370000000,0,,否,,1.35,,,,,,
714713,台燿元大64購05,2026-10-01,1.42,0.03,2.16,1245000000,0,,否,,1.34,,,,,,
714714,台燿元大65購01,2026-10-01,1.49,0.01,0.68,198000000,0,,否,,1.42,,,,,,
714715,印能元大63購03,2026-10-01,1.42,0.18,14.52,88000000,0,,否,,1.28,,,,,,
714716,沛亨元大63購07,2026-10-01,1.49,-0.08,-5.1,31000000,0,,否,,1.54,,,,,,
714717,良維元大63購05,2026-10-01,0.83,-0.05,-5.68,358000000,0,,否,,0.84,,,,,,
714719,宜鼎元大64購07,2026-10-01,0.78,-0.02,-2.5,189000000,0,,否,,0.81,,,,,,
714720,昇達科元大63購04,2026-10-01,1.23,0.0,0.0,21000000,0,,否,,1.3,,,,,,
714721,昇達科元大63購05,2026-10-01,0.92,-0.02,-2.13,2466000000,0,,是,,0.99,,,,,,
714722,信昌電元大63購04,2026-10-01,1.81,0.15,9.04,251000000,0,,是,,1.85,,,,,,
714723,信昌電元大63購05,2026-10-01,0.68,0.06,9.68,436000000,0,,是,,0.69,,,,,,
714724,威剛元大63購16,2026-10-01,1.89,-0.01,-0.53,40000000,0,,否,,1.95,,,,,,
714725,茂綸元大63購01,2026-10-01,1.0,0.08,8.7,466000000,0,,,,,,,,,,
714726,茂綸元大64購01,2026-10-01,0.83,-0.01,-1.19,77000000,0,,否,,0.84,,,,,,
714727,家登元大63購02,2026-10-01,1.94,-0.04,-2.02,22000000,0,,否,,1.9,,,,,,
714729,群聯元大63購31,2026-10-01,1.45,-0.07,-4.61,170000000,0,,是,,1.56,,,,,,
714730,群聯元大63購33,2026-10-01,1.82,-0.12,-6.19,23000000,0,,否,,1.91,,,,,,
714731,環球晶元大64購04,2026-10-01,2.07,0.21,11.29,518000000,0,,是,,1.75,,,,,,
714732,環球晶元大65購07,2026-10-01,1.67,0.14,9.15,1045000000,0,,是,,1.42,,,,,,
714733,台燿永豐63購01,2026-10-01,1.39,0.01,0.72,177000000,0,,否,,1.35,,,,,,
714734,台燿永豐63購02,2026-10-01,1.28,0.01,0.79,449000000,0,,是,,1.23,,,,,,
714735,台燿永豐63購03,2026-10-01,0.85,-0.02,-2.3,155000000,0,,否,,0.83,,,,,,
714736,台燿永豐63購04,2026-10-01,0.99,0.0,0.0,112000000,0,,否,,,,,,,,
714737,台燿永豐64購03,2026-10-01,1.07,0.0,0.0,259000000,0,,否,,1.03,,,,,,
714738,台燿永豐64購04,2026-10-01,1.42,0.03,2.16,64000000,0,,否,,1.32,,,,,,
714739,台燿永豐65購01,2026-10-01,1.22,-0.01,-0.81,312000000,0,,否,,1.19,,,,,,
714740,台燿永豐65購02,2026-10-01,1.76,0.03,1.73,34000000,0,,否,,,,,,,,
714742,台燿永豐66購02,2026-10-01,4.0,0.07,1.78,47000000,0,,是,,3.9,,,,,,
714743,台燿永豐69購01,2026-10-01,2.57,0.01,0.39,13000000,0,,否,,2.49,,,,,,
714744,台燿永豐69購02,2026-10-01,2.52,0.01,0.4,76000000,0,,是,,2.43,,,,,,
714745,台燿永豐73購01,2026-10-01,3.61,0.04,1.12,10000000,0,,否,,3.51,,,,,,
714747,光焱永豐65購01,2026-10-01,0.84,0.02,2.44,30000000,0,,,,,,,,,,
714748,欣銓永豐63購01,2026-10-01,1.6,-0.04,-2.44,152000000,0,,是,,1.67,,,,,,
714749,博盛永豐64購03,2026-10-01,1.69,0.2,13.42,78000000,0,,是,,,,,,,,
714750,蜜望實永豐64購01,2026-10-01,2.23,0.34,17.99,58000000,0,,是,,,,,,,,
714752,環球晶永豐64購02,2026-10-01,1.47,0.15,11.36,338000000,0,,是,,1.22,,,,,,
714753,穩懋永豐63購08,2026-10-01,4.79,0.24,5.27,38000000,0,,否,,4.12,,,,,,
714754,台燿中信63購01,2026-10-01,0.8,0.02,2.56,2435000000,0,,否,,0.74,,,,,,
714755,欣銓中信63購01,2026-10-01,0.68,0.0,0.0,210000000,0,,否,,0.71,,,,,,
714756,信昌電中信63購01,2026-10-01,0.83,0.12,16.9,908000000,0,,是,,0.81,,,,,,
714757,雷科中信63購01,2026-10-01,1.56,-0.44,-22.0,872000000,0,,是,,1.37,,,,,,
714758,台燿國票67購01,2026-10-01,1.19,0.01,0.85,525000000,0,,是,,1.16,,,,,,
714760,信昌電國票64購01,2026-10-01,1.57,0.14,9.79,269000000,0,,是,,1.79,,,,,,
714761,信昌電國票64購02,2026-10-01,1.75,0.15,9.37,134000000,0,,是,,1.76,,,,,,
714762,信昌電國票65購01,2026-10-01,2.09,0.12,6.09,293000000,0,,是,,2.07,,,,,,
714763,信昌電國票65購02,2026-10-01,2.29,0.38,19.9,320000000,0,,是,,2.15,,,,,,
714764,信昌電國票66購01,2026-10-01,1.71,0.19,12.5,165000000,0,,是,,2.29,,,,,,
714766,風青國票67購01,2026-10-01,1.09,0.04,3.81,156000000,0,,是,,0.96,,,,,,
714768,環球晶國票64購04,2026-10-01,3.14,0.17,5.72,624000000,0,,否,,2.6,,,,,,
714769,台燿統一65購02,2026-10-01,0.68,-0.02,-2.86,1510000000,0,,否,,0.66,,,,,,
714770,台燿統一69購01,2026-10-01,0.75,-0.01,-1.32,536000000,0,,是,,0.73,,,,,,
714771,台燿統一69購02,2026-10-01,0.84,-0.02,-2.33,21000000,0,,否,,0.82,,,,,,
714772,台燿統一6C購01,2026-10-01,0.68,0.01,1.49,104000000,0,,否,,0.65,,,,,,
714773,台燿統一71購02,2026-10-01,0.83,0.01,1.22,532000000,0,,否,,0.81,,,,,,
714774,台燿統一79購01,2026-10-01,0.95,0.0,0.0,161000000,0,,否,,0.93,,,,,,
714775,印能統一69購01,2026-10-01,0.83,0.07,9.21,635000000,0,,是,,0.77,,,,,,
714776,金山電統一79購01,2026-10-01,0.69,0.05,7.81,5000000,0,,,,,,,,,,
714778,信昌電統一68購03,2026-10-01,0.63,0.05,8.62,324000000,0,,是,,0.62,,,,,,
714779,台燿國泰64購01,2026-10-01,1.78,0.03,1.71,380000000,0,,否,,1.68,,,,,,
714780,台燿國泰64購02,2026-10-01,1.58,0.0,0.0,1390000000,0,,是,,1.5,,,,,,
714781,信昌電國泰64購03,2026-10-01,1.85,0.18,10.78,255000000,0,,是,,1.77,,,,,,
714782,元太富邦64購03,2026-10-01,0.76,0.0,0.0,491000000,0,,否,,0.77,,,,,,
714783,台半富邦65購01,2026-10-01,0.89,0.05,5.95,149000000,0,,否,,0.86,,,,,,
714784,台燿富邦63購04,2026-10-01,1.07,-0.05,-4.46,263000000,0,,否,,1.05,,,,,,
714785,台燿富邦63購05,2026-10-01,0.97,-0.01,-1.02,2585000000,0,,是,,0.94,,,,,,
714786,金山電富邦65購01,2026-10-01,0.87,0.1,12.99,413000000,0,,是,,0.8,,,,,,
714787,晶呈富邦65購03,2026-10-01,1.52,0.08,5.56,462000000,0,,否,,1.26,,,,,,
714789,穩懋富邦67購01,2026-10-01,1.22,-0.01,-0.81,16000000,0,,否,,1.12,,,,,,
714791,印能台新63購04,2026-10-01,2.09,0.29,16.11,6000000,0,,,,,,,,,,
714792,茂綸台新63購03,2026-10-01,1.62,0.1,6.58,52000000,0,,是,,1.6,,,,,,
714794,富強鑫台新63購01,2026-10-01,1.45,0.07,5.07,461000000,0,,是,,1.35,,,,,,
714795,穩懋台新63購06,2026-10-01,5.3,0.0,0.0,8000000,0,,否,,,,,,,,
714796,穩懋台新63購07,2026-10-01,3.93,-0.29,-6.87,266000000,0,,否,,3.52,,,,,,
714798,台半凱基63購04,2026-10-01,2.24,0.05,2.28,540000000,0,,是,,2.22,,,,,,
714799,印能凱基63購04,2026-10-01,2.45,0.24,10.86,119000000,0,,否,,2.25,,,,,,
714800,沛亨凱基63購05,2026-10-01,2.18,-0.16,-6.84,147000000,0,,,,,,,,,,
714801,良維凱基63購06,2026-10-01,2.95,-0.05,-1.67,71000000,0,,是,,2.93,,,,,,
714802,亞通凱基63購03,2026-10-01,2.5,-0.04,-1.57,1000000,0,,否,,2.19,,,,,,
714804,宜鼎凱基63購14,2026-10-01,1.34,-0.01,-0.74,52000000,0,,否,,1.37,,,,,,
714805,昇達科凱基63購05,2026-10-01,2.06,-0.03,-1.44,26000000,0,,是,,2.26,,,,,,
714806,欣銓凱基63購03,2026-10-01,2.32,-0.08,-3.33,38000000,0,,否,,2.45,,,,,,
714808,家登凱基63購05,2026-10-01,2.89,0.09,3.21,10000000,0,,否,,2.79,,,,,,
714809,頎邦凱基63購08,2026-10-01,2.4,0.38,18.81,122000000,0,,是,,2.18,,,,,,
714810,營邦凱基66購02,2026-10-01,2.46,-0.16,-6.11,20000000,0,,,,,,,,,,
714811,環球晶凱基68購01,2026-10-01,2.1,0.3,16.67,544000000,0,,是,,1.84,,,,,,
714812,穩懋凱基65購03,2026-10-01,3.35,-0.09,-2.62,50000000,0,,是,,3.06,,,,,,
714814,印能統一79購01,2026-10-01,1.8,0.14,8.43,156000000,0,,否,,1.7,,,,,,
714815,安碁統一69購01,2026-10-01,0.62,-0.01,-1.59,5000000,0,,否,,,,,,,,
714817,崴寶統一6C購01,2026-10-01,0.74,0.01,1.37,12000000,0,,否,,0.76,,,,,,
714819,茂綸國泰64購01,2026-10-01,1.5,0.12,8.7,533000000,0,,是,,1.46,,,,,,
714820,順達國泰64購01,2026-10-01,1.78,-0.2,-10.1,14000000,0,,否,,,,,,,,
714821,環球晶國泰64購03,2026-10-01,2.38,0.38,19.0,196000000,0,,是,,1.93,,,,,,
714822,台燿富邦69購01,2026-10-01,0.76,-0.01,-1.3,1647000000,0,,是,,0.74,,,,,,
714823,台燿富邦79購01,2026-10-01,1.34,-0.01,-0.74,456000000,0,,是,,1.3,,,,,,
714824,沛亨富邦66購01,2026-10-01,0.6,-0.02,-3.23,131000000,0,,否,,,,,,,,
714825,家登富邦65購01,2026-10-01,1.02,-0.02,-1.92,11000000,0,,否,,1.0,,,,,,
714826,家登富邦65購02,2026-10-01,0.82,-0.03,-3.53,166000000,0,,,,,,,,,,
714827,順達富邦64購03,2026-10-01,0.85,-0.08,-8.6,453000000,0,,否,,,,,,,,
714828,天品永豐63購01,2026-10-01,1.66,0.01,0.61,41000000,0,,否,,1.56,,,,,,
714829,世界永豐63購02,2026-10-01,2.88,0.23,8.68,84000000,0,,是,,2.62,,,,,,
714830,立端永豐63購01,2026-10-01,1.26,0.0,0.0,41000000,0,,否,,1.24,,,,,,
714833,宣德永豐64購01,2026-10-01,1.25,-0.06,-4.58,30000000,0,,否,,1.27,,,,,,
714836,穩懋永豐66購02,2026-10-01,1.36,0.03,2.26,70000000,0,,否,,1.21,,,,,,
714837,中美晶元大64購07,2026-10-01,1.76,0.12,7.32,317000000,0,,否,,1.47,,,,,,
714838,元太元大63購10,2026-10-01,0.78,-0.04,-4.88,73000000,0,,是,,,,,,,,
714839,印能元大63購04,2026-10-01,0.92,0.04,4.55,88000000,0,,否,,0.87,,,,,,
714840,沛亨元大63購08,2026-10-01,1.69,-0.08,-4.52,3000000,0,,否,,1.73,,,,,,
714841,良維元大63購06,2026-10-01,1.89,-0.2,-9.57,97000000,0,,是,,,,,,,,
714842,良維元大63購07,2026-10-01,2.09,-0.13,-5.86,223000000,0,,是,,2.17,,,,,,
714843,宜鼎元大66購02,2026-10-01,1.08,-0.03,-2.7,50000000,0,,否,,1.11,,,,,,
714845,威剛元大63購17,2026-10-01,1.91,0.0,0.0,32000000,0,,,,,,,,,,
714846,家登元大63購03,2026-10-01,2.06,0.01,0.49,3000000,0,,否,,,,,,,,
714847,家登元大64購03,2026-10-01,1.99,-0.04,-1.97,3000000,0,,否,,,,,,,,
714849,群聯元大63購34,2026-10-01,1.72,-0.07,-3.91,15000000,0,,否,,1.79,,,,,,
714850,群聯元大67購01,2026-10-01,1.87,-0.07,-3.61,18000000,0,,否,,1.94,,,,,,
714851,群聯元大68購05,2026-10-01,2.22,-0.09,-3.9,36000000,0,,否,,2.31,,,,,,
714853,營邦元大63購08,2026-10-01,1.4,-0.25,-15.15,253000000,0,,是,,1.75,,,,,,
714854,環球晶元大63購12,2026-10-01,2.07,0.24,13.11,529000000,0,,否,,1.79,,,,,,
714855,環球晶元大64購05,2026-10-01,2.11,0.35,19.89,807000000,0,,是,,1.78,,,,,,
714856,環球晶元大65購08,2026-10-01,1.65,0.33,25.0,100000000,0,,否,,1.34,,,,,,
714858,巨漢國票64購01,2026-10-01,1.76,-0.04,-2.22,2554000000,0,,是,,1.71,,,,,,
714859,印能國票64購02,2026-10-01,2.34,0.41,21.24,25000000,0,,,,,,,,,,
714860,印能國票65購02,2026-10-01,1.96,0.24,13.95,18000000,0,,,,,,,,,,
714862,晶呈國票68購01,2026-10-01,1.8,0.05,2.86,52000000,0,,,,,,,,,,
714863,M31群益63購03,2026-10-01,2.79,0.28,11.16,5000000,0,,否,,2.43,,,,,,
714864,天品群益63購01,2026-10-01,2.04,0.0,0.0,300000000,0,,否,,1.95,,,,,,
714865,世界群益63購05,2026-10-01,1.81,0.17,10.37,5000000,0,,否,,1.56,,,,,,
714866,竹陞群益63購03,2026-10-01,1.38,-0.09,-6.12,41000000,0,,否,,1.4,,,,,,
714867,威剛群益63購13,2026-10-01,1.14,-0.01,-0.87,40000000,0,,,,,,,,,,
714869,博盛群益63購02,2026-10-01,1.42,0.17,13.6,29000000,0,,,,,,,,,,
714870,順達群益63購08,2026-10-01,3.62,-0.21,-5.48,129000000,0,,否,,3.49,,,,,,
714871,鈊象群益64購02,2026-10-01,1.3,0.08,6.56,34000000,0,,否,,1.13,,,,,,
714873,新應材群益63購09,2026-10-01,3.6,-0.2,-5.26,34000000,0,,否,,3.49,,,,,,
714874,群聯群益63購16,2026-10-01,4.27,-0.23,-5.11,48000000,0,,否,,4.5,,,,,,
714875,頎邦群益64購01,2026-10-01,1.76,0.29,19.73,326000000,0,,是,,1.62,,,,,,
714876,臺慶科群益64購01,2026-10-01,1.49,0.21,16.41,258000000,0,,是,,1.33,,,,,,
714877,環球晶群益63購07,2026-10-01,2.77,0.26,10.36,284000000,0,,否,,2.31,,,,,,
714878,環球晶群益63購08,2026-10-01,2.1,0.26,14.13,242000000,0,,,,,,,,,,
714879,天品統一71購01,2026-10-01,0.75,0.01,1.35,693000000,0,,,,,,,,,,
714881,茂綸統一79購01,2026-10-01,0.66,0.03,4.76,75000000,0,,,,,,,,,,
714882,穩懋統一69購02,2026-10-01,0.82,0.0,0.0,45000000,0,,否,,0.77,,,,,,
714883,台半群益64購01,2026-10-01,1.85,0.12,6.94,1089000000,0,,是,,1.75,,,,,,
714884,台燿群益64購01,2026-10-01,1.57,-0.04,-2.48,258000000,0,,是,,1.51,,,,,,
714885,宏捷科群益63購04,2026-10-01,1.33,0.05,3.91,267000000,0,,否,,1.2,,,,,,
714886,沛亨群益64購02,2026-10-01,1.18,-0.15,-11.28,452000000,0,,,,,,,,,,
714887,欣銓群益63購04,2026-10-01,3.3,-0.03,-0.9,48000000,0,,否,,3.46,,,,,,
714888,家登群益63購09,2026-10-01,2.23,-0.07,-3.04,73000000,0,,,,,,,,,,
714890,環球晶群益63購09,2026-10-01,2.45,0.16,6.99,1651000000,0,,是,,2.02,,,,,,
714891,穩懋群益63購09,2026-10-01,4.29,-0.12,-2.72,260000000,0,,是,,3.78,,,,,,
714894,宏捷科永豐63購02,2026-10-01,1.16,0.03,2.65,275000000,0,,是,,,,,,,,
714895,宏捷科永豐64購02,2026-10-01,1.18,0.05,4.42,121000000,0,,否,,,,,,,,
714896,良維永豐64購02,2026-10-01,2.26,-0.05,-2.16,116000000,0,,,,,,,,,,
714898,宜鼎永豐64購04,2026-10-01,3.04,-0.21,-6.46,45000000,0,,是,,,,,,,,
714901,大綜元大63購01,2026-10-01,1.87,0.24,14.72,150000000,0,,否,,,,,,,,
714902,台燿元大63購02,2026-10-01,1.47,0.0,0.0,88000000,0,,是,,1.43,,,,,,
714903,台燿元大63購03,2026-10-01,1.29,-0.02,-1.53,260000000,0,,否,,1.25,,,,,,
714904,台燿元大64購06,2026-10-01,1.35,0.01,0.75,1553000000,0,,是,,1.29,,,,,,
714905,台燿元大65購02,2026-10-01,1.36,-0.02,-1.45,76000000,0,,是,,1.36,,,,,,
714906,印能元大63購05,2026-10-01,1.65,0.09,5.77,85000000,0,,否,,1.59,,,,,,
714907,沛亨元大63購09,2026-10-01,1.26,-0.07,-5.26,95000000,0,,否,,1.32,,,,,,
714908,宜鼎元大68購01,2026-10-01,0.98,-0.01,-1.01,92000000,0,,否,,1.0,,,,,,
714909,威剛元大63購18,2026-10-01,2.44,-0.08,-3.17,18000000,0,,否,,2.54,,,,,,
714910,家登元大63購04,2026-10-01,2.14,-0.05,-2.28,5000000,0,,否,,,,,,,,
714911,家登元大64購04,2026-10-01,2.0,-0.07,-3.38,13000000,0,,否,,,,,,,,
714913,順達元大63購12,2026-10-01,1.64,-0.07,-4.09,126000000,0,,是,,1.64,,,,,,
714914,順達元大66購01,2026-10-01,1.6,-0.12,-6.98,220000000,0,,是,,1.6,,,,,,
714915,群聯元大63購35,2026-10-01,1.61,-0.07,-4.17,26000000,0,,否,,1.77,,,,,,
714916,群聯元大67購02,2026-10-01,1.66,-0.04,-2.35,435000000,0,,是,,1.79,,,,,,
714917,群聯元大68購06,2026-10-01,1.76,-0.03,-1.68,154000000,0,,,,,,,,,,
714918,德微元大63購02,2026-10-01,2.82,0.38,15.57,508000000,0,,是,,2.46,,,,,,
714919,營邦元大63購09,2026-10-01,1.48,-0.2,-11.9,434000000,0,,是,,1.74,,,,,,
714920,環球晶元大68購12,2026-10-01,1.9,0.22,13.1,426000000,0,,是,,1.64,,,,,,
714921,台半國票66購02,2026-10-01,1.11,0.02,1.83,10000000,0,,,,,,,,,,
714924,能率亞國票66購01,2026-10-01,0.94,0.08,9.3,659000000,0,,,,,,,,,,
714925,翔名國票69購01,2026-10-01,0.86,-0.04,-4.44,800000000,0,,,,,,,,,,
714929,穩懋國票6A購01,2026-10-01,1.77,-0.01,-0.56,36000000,0,,是,,1.63,,,,,,
714930,弘塑富邦63購04,2026-10-01,1.14,-0.06,-5.0,25000000,0,,否,,,,,,,,
714931,良維富邦64購03,2026-10-01,0.78,-0.04,-4.88,1032000000,0,,是,,,,,,,,
714932,宜鼎富邦63購05,2026-10-01,0.74,-0.07,-8.64,81000000,0,,否,,0.81,,,,,,
714933,環球晶富邦63購02,2026-10-01,1.05,0.11,11.7,621000000,0,,是,,0.88,,,,,,
714934,順達國泰64購02,2026-10-01,1.85,-0.1,-5.13,859000000,0,,是,,1.85,,,,,,
714935,宏碁資台新63購01,2026-10-01,1.31,0.04,3.15,43000000,0,,是,,1.38,,,,,,
714937,東捷台新65購01,2026-10-01,2.53,-0.24,-8.66,33000000,0,,否,,2.45,,,,,,
714938,高技台新63購02,2026-10-01,2.11,-0.17,-7.46,40000000,0,,否,,2.22,,,,,,
714940,德微台新63購02,2026-10-01,1.99,0.03,1.53,40000000,0,,,,,,,,,,
714941,德微台新63購03,2026-10-01,1.52,0.09,6.29,24000000,0,,,,,,,,,,
714942,環球晶台新69購01,2026-10-01,1.09,0.08,7.92,280000000,0,,是,,0.93,,,,,,
714943,穩懋台新69購01,2026-10-01,1.23,-0.03,-2.38,87000000,0,,否,,1.13,,,,,,
714944,大綜凱基63購02,2026-10-01,2.57,0.34,15.25,170000000,0,,是,,,,,,,,
714945,中美晶凱基63購09,2026-10-01,3.34,0.33,10.96,674000000,0,,是,,2.71,,,,,,
714946,宏捷科凱基63購04,2026-10-01,1.33,0.04,3.1,517000000,0,,否,,,,,,,,
714949,東捷凱基63購04,2026-10-01,2.45,0.03,1.24,20000000,0,,否,,,,,,,,
714950,茂綸凱基63購02,2026-10-01,1.32,0.06,4.76,14000000,0,,,,,,,,,,
714951,晶呈凱基63購02,2026-10-01,1.98,-0.28,-12.39,655000000,0,,是,,1.74,,,,,,
714952,群聯凱基65購02,2026-10-01,3.09,-0.15,-4.63,28000000,0,,否,,3.26,,,,,,
714953,擎亞凱基64購01,2026-10-01,1.82,-0.05,-2.67,159000000,0,,是,,1.81,,,,,,
714954,環球晶凱基64購05,2026-10-01,3.08,0.55,21.74,42000000,0,,否,,2.46,,,,,,
714955,台嘉碩台新66購01,2026-10-01,3.12,0.34,12.23,419000000,0,,是,,2.72,,,,,,
714956,立敦台新63購01,2026-10-01,3.18,0.65,25.69,82000000,0,,,,,,,,,,
714957,欣銓台新63購01,2026-10-01,5.05,0.08,1.61,56000000,0,,否,,5.11,,,,,,
714959,鈺創台新63購02,2026-10-01,3.07,-0.25,-7.53,10000000,0,,否,,,,,,,,
714963,頎邦台新63購04,2026-10-01,3.85,0.55,16.67,171000000,0,,是,,3.54,,,,,,
714965,台燿凱基63購06,2026-10-01,2.42,-0.04,-1.63,624000000,0,,是,,2.34,,,,,,
714966,印能凱基63購05,2026-10-01,2.03,0.25,14.04,10000000,0,,否,,1.9,,,,,,
714970,富喬凱基63購05,2026-10-01,1.73,0.08,4.85,41000000,0,,,,,,,,,,
714972,富喬凱基63購07,2026-10-01,1.58,-0.1,-5.95,1000000,0,,否,,,,,,,,
714973,富喬凱基63購09,2026-10-01,1.69,-0.04,-2.31,70000000,0,,,,,,,,,,
714974,富喬凱基63購10,2026-10-01,1.82,0.07,4.0,66000000,0,,,,,,,,,,
714976,鈺創凱基63購02,2026-10-01,1.34,-0.19,-12.42,309000000,0,,,,,,,,,,
714978,穩懋凱基63購12,2026-10-01,4.82,0.15,3.21,19000000,0,,否,,4.19,,,,,,
714979,天品國票64購01,2026-10-01,1.63,0.01,0.62,4000000,0,,否,,1.55,,,,,,
714980,台燿國票65購01,2026-10-01,1.11,-0.02,-1.77,25000000,0,,否,,1.09,,,,,,
714982,原相國票64購01,2026-10-01,1.45,-0.04,-2.68,1000000,0,,,,,,,,,,
714984,富喬國票64購02,2026-10-01,1.21,0.05,4.31,15000000,0,,否,,1.21,,,,,,
714987,鈺創國票65購01,2026-10-01,1.08,-0.08,-6.9,92000000,0,,否,,,,,,,,
714988,霖宏國票65購01,2026-10-01,1.45,0.07,5.07,7000000,0,,,,,,,,,,
714989,台燿元大65購03,2026-10-01,1.66,-0.01,-0.6,224000000,0,,否,,1.61,,,,,,
714990,台燿元大68購01,2026-10-01,1.5,-0.01,-0.66,194000000,0,,否,,1.47,,,,,,
714992,均華元大66購02,2026-10-01,0.99,0.15,17.86,552000000,0,,否,,0.89,,,,,,
714993,宜鼎元大68購02,2026-10-01,0.92,-0.04,-4.17,189000000,0,,否,,0.95,,,,,,
714994,威剛元大63購19,2026-10-01,2.25,-0.03,-1.32,7000000,0,,是,,,,,,,,
714995,風青元大63購01,2026-10-01,1.8,0.06,3.45,167000000,0,,是,,1.64,,,,,,
714996,富喬元大63購07,2026-10-01,0.69,0.02,2.99,305000000,0,,是,,0.68,,,,,,
714997,富喬元大63購08,2026-10-01,0.63,-0.02,-3.08,200000000,0,,否,,0.66,,,,,,
715000,群聯元大63購37,2026-10-01,1.46,-0.11,-7.01,167000000,0,,是,,,,,,,,
715002,鈺創元大63購01,2026-10-01,0.82,-0.03,-3.53,69000000,0,,,,,,,,,,
715004,霖宏元大63購01,2026-10-01,1.31,0.13,11.02,73000000,0,,否,,1.25,,,,,,
715005,擎亞元大66購01,2026-10-01,1.26,-0.02,-1.56,25000000,0,,否,,1.22,,,,,,
715007,環球晶元大68購13,2026-10-01,2.3,0.31,15.58,795000000,0,,是,,1.95,,,,,,
715008,世界永豐63購03,2026-10-01,1.26,0.11,9.57,168000000,0,,,,,,,,,,
715009,台嘉碩永豐63購01,2026-10-01,1.2,0.18,17.65,147000000,0,,,,,,,,,,
715010,台燿永豐63購06,2026-10-01,2.0,-0.01,-0.5,166000000,0,,否,,1.9,,,,,,
715011,台燿永豐64購05,2026-10-01,2.15,0.0,0.0,280000000,0,,否,,2.07,,,,,,
715014,杰力永豐64購02,2026-10-01,0.87,0.0,0.0,98000000,0,,否,,0.86,,,,,,
715017,茂綸永豐63購01,2026-10-01,0.77,0.08,11.59,139000000,0,,,,,,,,,,
715019,富喬永豐63購03,2026-10-01,1.01,0.04,4.12,124000000,0,,否,,,,,,,,
715020,富喬永豐63購04,2026-10-01,0.86,0.04,4.88,105000000,0,,否,,,,,,,,
715021,富喬永豐63購05,2026-10-01,0.76,-0.01,-1.3,235000000,0,,是,,,,,,,,
715022,富喬永豐64購03,2026-10-01,1.19,0.05,4.39,146000000,0,,,,,,,,,,
715024,鈺創永豐63購01,2026-10-01,0.87,-0.06,-6.45,100000000,0,,是,,,,,,,,
715026,鈺創永豐63購03,2026-10-01,0.87,-0.06,-6.45,11000000,0,,否,,0.89,,,,,,
715029,廣穎永豐63購01,2026-10-01,0.87,0.02,2.35,220000000,0,,,,,,,,,,
715030,霖宏永豐63購01,2026-10-01,1.09,0.08,7.92,9000000,0,,否,,1.05,,,,,,
715031,環球晶永豐63購11,2026-10-01,1.74,0.34,24.29,308000000,0,,是,,,,,,,,
715032,環球晶永豐63購12,2026-10-01,2.24,-0.21,-8.57,2185000000,0,,是,,1.91,,,,,,
715033,台燿中信63購02,2026-10-01,1.08,-0.03,-2.7,759000000,0,,否,,1.06,,,,,,
715034,富喬中信64購04,2026-10-01,0.63,0.02,3.28,168000000,0,,是,,,,,,,,
715035,富喬國泰64購01,2026-10-01,1.77,-0.04,-2.21,23000000,0,,,,,,,,,,
715036,富喬國泰64購02,2026-10-01,1.62,0.04,2.53,42000000,0,,,,,,,,,,
715037,宜鼎富邦63購06,2026-10-01,0.5,-0.02,-3.85,55000000,0,,,,,,,,,,
715038,富喬富邦63購02,2026-10-01,0.7,0.03,4.48,319000000,0,,否,,0.72,,,,,,
715039,德微富邦63購02,2026-10-01,0.93,0.15,19.23,533000000,0,,是,,0.8,,,,,,
715040,穩懋富邦66購01,2026-10-01,0.97,-0.03,-3.0,96000000,0,,否,,0.89,,,,,,
715041,M31群益63購04,2026-10-01,2.03,-0.25,-10.96,72000000,0,,否,,2.05,,,,,,
715042,中美晶群益63購07,2026-10-01,3.97,0.33,9.07,125000000,0,,否,,,,,,,,
715043,弘塑群益64購02,2026-10-01,1.71,-0.18,-9.52,16000000,0,,否,,,,,,,,
715044,印能群益64購01,2026-10-01,1.38,0.12,9.52,44000000,0,,,,,,,,,,
715045,欣銓群益63購05,2026-10-01,1.57,-0.04,-2.48,40000000,0,,是,,,,,,,,
715046,環球晶群益63購10,2026-10-01,2.4,0.3,14.29,762000000,0,,否,,,,,,,,
715047,穩懋群益63購11,2026-10-01,2.48,0.01,0.4,55000000,0,,否,,2.14,,,,,,
715048,譜瑞群益63購02,2026-10-01,1.44,0.0,0.0,3000000,0,,否,,1.42,,,,,,
715049,台半統一66購01,2026-10-01,0.7,0.02,2.94,67000000,0,,,,,,,,,,
715050,台燿統一79購02,2026-10-01,0.84,-0.01,-1.18,70000000,0,,否,,0.82,,,,,,
715051,金山電統一6C購03,2026-10-01,0.67,0.04,6.35,7994000000,0,,是,,,,,,,,
715053,富喬統一69購01,2026-10-01,0.63,0.0,0.0,5000000,0,,,,,,,,,,
715054,富喬統一6A購02,2026-10-01,0.61,0.0,0.0,74000000,0,,,,,,,,,,
715055,富喬統一79購01,2026-10-01,0.67,-0.02,-2.9,1367000000,0,,是,,,,,,,,
715056,群聯統一6B購02,2026-10-01,0.62,-0.03,-4.62,50000000,0,,否,,0.64,,,,,,
715059,鈺創統一71購01,2026-10-01,0.62,-0.04,-6.06,26000000,0,,是,,,,,,,,
715060,鈺創統一79購01,2026-10-01,0.58,-0.02,-3.33,500000000,0,,否,,,,,,,,
715061,旺矽台新63購01,2026-10-01,1.6,-0.21,-11.6,33000000,0,,,,,,,,,,
715063,旺矽台新63購03,2026-10-01,1.17,-0.17,-12.69,13000000,0,,,,,,,,,,
715064,旺矽台新63購04,2026-10-01,3.23,-0.3,-8.5,6000000,0,,否,,,,,,,,
715065,旺矽台新63購05,2026-10-01,0.62,-0.05,-7.46,2000000,0,,,,,,,,,,
715066,旺矽台新69購01,2026-10-01,1.33,-0.17,-11.33,32000000,0,,是,,1.5,,,,,,
715068,群聯台新69購01,2026-10-01,1.35,-0.13,-8.78,270000000,0,,,,,,,,,,
715069,群聯台新69購02,2026-10-01,1.15,-0.09,-7.26,29000000,0,,,,,,,,,,
715070,群聯台新69購03,2026-10-01,0.97,-0.08,-7.62,70000000,0,,,,,,,,,,
715071,點序台新63購01,2026-10-01,2.3,0.41,21.69,267000000,0,,是,,,,,,,,
715072,弘塑凱基63購09,2026-10-01,2.15,-0.42,-16.34,50000000,0,,否,,,,,,,,
715073,印能凱基63購06,2026-10-01,2.13,0.11,5.45,264000000,0,,是,,,,,,,,
715074,竹陞凱基69購01,2026-10-01,0.94,-0.03,-3.09,82000000,0,,否,,,,,,,,
715075,均華凱基63購04,2026-10-01,0.97,0.22,29.33,140000000,0,,,,,,,,,,
715076,宜鼎凱基66購02,2026-10-01,1.89,-0.1,-5.03,9000000,0,,,,,,,,,,
715077,旺矽凱基63購03,2026-10-01,1.29,-0.15,-10.42,398000000,0,,是,,1.66,,,,,,
715079,旺矽凱基63購05,2026-10-01,1.4,-0.14,-9.09,74000000,0,,,,,,,,,,
715080,旺矽凱基63購06,2026-10-01,1.88,0.0,0.0,24000000,0,,,,,,,,,,
715081,旺矽凱基63購07,2026-10-01,1.23,-0.11,-8.21,140000000,0,,,,,,,,,,
715082,旺矽凱基63購08,2026-10-01,1.74,-0.1,-5.43,111000000,0,,,,,,,,,,
715083,旺矽凱基65購01,2026-10-01,1.04,-0.1,-8.77,147000000,0,,否,,1.29,,,,,,
715084,旺矽凱基65購02,2026-10-01,1.29,-0.1,-7.19,130000000,0,,,,,,,,,,
715085,旺矽凱基65購03,2026-10-01,1.71,-0.28,-14.07,280000000,0,,,,,,,,,,
715086,旺矽凱基67購01,2026-10-01,1.52,-0.12,-7.32,414000000,0,,是,,1.83,,,,,,
715087,旺矽凱基67購02,2026-10-01,1.91,-0.13,-6.37,257000000,0,,是,,2.26,,,,,,
715088,富喬凱基65購02,2026-10-01,1.5,0.08,5.63,1000000,0,,,,,,,,,,
715090,頎邦凱基64購05,2026-10-01,1.33,0.2,17.7,684000000,0,,是,,,,,,,,
715091,環球晶凱基63購05,2026-10-01,3.36,0.52,18.31,100000000,0,,,,,,,,,,
715092,穩懋凱基63購14,2026-10-01,2.93,-0.15,-4.87,826000000,0,,,,,,,,,,
715093,譜瑞凱基65購03,2026-10-01,2.64,-0.03,-1.12,2000000,0,,,,,,,,,,
715094,大綜元大63購02,2026-10-01,1.77,0.25,16.45,736000000,0,,是,,,,,,,,
715095,天品元大63購01,2026-10-01,1.22,0.0,0.0,112000000,0,,,,,,,,,,
715099,沛亨元大66購01,2026-10-01,0.74,0.12,19.35,10000000,0,,,,,,,,,,
715100,旺矽元大63購01,2026-10-01,0.97,-0.06,-5.83,924000000,0,,是,,1.1,,,,,,
715101,旺矽元大63購02,2026-10-01,0.96,0.01,1.05,534000000,0,,是,,1.05,,,,,,
715102,旺矽元大63購03,2026-10-01,0.73,-0.05,-6.41,546000000,0,,是,,0.86,,,,,,
715103,旺矽元大65購01,2026-10-01,1.07,-0.16,-13.01,470000000,0,,是,,,,,,,,
715104,旺矽元大67購01,2026-10-01,1.18,0.0,0.0,197000000,0,,,,,,,,,,
715105,旺矽元大68購01,2026-10-01,1.22,-0.15,-10.95,707000000,0,,是,,,,,,,,
715107,雅特力元大63購06,2026-10-01,1.23,0.14,12.84,243000000,0,,,,,,,,,,
715108,群聯元大63購38,2026-10-01,1.39,-0.15,-9.74,32000000,0,,,,,,,,,,
715109,群聯元大63購39,2026-10-01,1.36,-0.15,-9.93,3000000,0,,否,,1.5,,,,,,
715110,群聯元大66購08,2026-10-01,1.34,-0.08,-5.63,216000000,0,,是,,,,,,,,
715112,環球晶元大63購13,2026-10-01,2.33,0.41,21.35,609000000,0,,,,,,,,,,
715113,M31國票66購02,2026-10-01,1.62,0.01,0.62,9000000,0,,否,,,,,,,,
715114,大綜國票65購01,2026-10-01,1.9,0.37,24.18,115000000,0,,,,,,,,,,
715115,中美晶國票68購01,2026-10-01,1.43,0.04,2.88,202000000,0,,,,,,,,,,
715117,安葆國票65購02,2026-10-01,1.7,0.01,0.59,18000000,0,,,,,,,,,,
715120,旺矽國票64購01,2026-10-01,1.16,-0.08,-6.45,17000000,0,,是,,,,,,,,
715124,欣銓國票67購01,2026-10-01,0.75,-0.06,-7.41,22000000,0,,,,,,,,,,
715128,聖暉*國票65購04,2026-10-01,1.13,0.09,8.65,98000000,0,,,,,,,,,,
715129,頎邦國票6A購01,2026-10-01,1.25,0.12,10.62,2000000,0,,,,,,,,,,
715130,穩懋國票6C購01,2026-10-01,1.09,0.05,4.81,3000000,0,,否,,,,,,,,
715131,大綜群益64購01,2026-10-01,1.61,0.28,21.05,69000000,0,,,,,,,,,,
715132,中美晶群益63購08,2026-10-01,1.7,0.19,12.58,367000000,0,,是,,1.3,,,,,,
715133,台星科群益63購01,2026-10-01,1.76,-0.22,-11.11,353000000,0,,是,,1.78,,,,,,
715134,巨漢群益63購01,2026-10-01,1.84,-0.01,-0.54,52000000,0,,,,,,,,,,
715137,均華群益63購04,2026-10-01,0.86,0.08,10.26,164000000,0,,,,,,,,,,
715138,良維群益63購04,2026-10-01,1.78,0.03,1.71,10000000,0,,,,,,,,,,
715139,宜鼎群益63購09,2026-10-01,1.15,-0.02,-1.71,1000000,0,,否,,,,,,,,
715140,旺矽群益63購02,2026-10-01,1.46,-0.14,-8.75,132000000,0,,是,,1.73,,,,,,
715141,旺矽群益63購03,2026-10-01,1.73,-0.23,-11.73,34000000,0,,否,,2.03,,,,,,
715142,旺矽群益63購04,2026-10-01,2.6,-0.34,-11.56,10000000,0,,否,,3.03,,,,,,
715143,東捷群益63購04,2026-10-01,2.31,-0.16,-6.48,221000000,0,,否,,,,,,,,
715144,南俊群益64購01,2026-10-01,1.25,-0.08,-6.02,80000000,0,,,,,,,,,,
715145,順達群益63購09,2026-10-01,1.36,-0.06,-4.23,61000000,0,,,,,,,,,,
715146,群聯群益63購17,2026-10-01,1.75,-0.11,-5.91,50000000,0,,否,,,,,,,,
715147,聖暉*群益63購02,2026-10-01,1.71,0.17,11.04,191000000,0,,是,,,,,,,,
715148,鈺創群益63購01,2026-10-01,1.22,-0.12,-8.96,29000000,0,,否,,,,,,,,
715149,鈺創群益64購01,2026-10-01,1.55,-0.13,-7.74,708000000,0,,是,,1.59,,,,,,
715150,頎邦群益63購07,2026-10-01,1.11,0.22,24.72,165000000,0,,,,,,,,,,
715151,頎邦群益63購08,2026-10-01,1.2,0.07,6.19,111000000,0,,,,,,,,,,
715152,環球晶群益63購11,2026-10-01,2.0,0.26,14.94,924000000,0,,是,,,,,,,,
715154,世界富邦66購01,2026-10-01,0.85,0.06,7.59,252000000,0,,是,,,,,,,,
715155,均華富邦65購02,2026-10-01,0.58,0.1,20.83,519000000,0,,,,,,,,,,
715156,旺矽富邦65購01,2026-10-01,0.76,-0.06,-7.32,92000000,0,,,,,,,,,,
715157,旺矽富邦69購01,2026-10-01,1.0,-0.07,-6.54,109000000,0,,,,,,,,,,
715158,昇達科富邦67購01,2026-10-01,0.77,0.0,0.0,303000000,0,,是,,,,,,,,
715159,原相富邦63購01,2026-10-01,0.63,-0.02,-3.08,59000000,0,,,,,,,,,,
715160,富喬富邦6C購01,2026-10-01,0.67,0.01,1.52,401000000,0,,,,,,,,,,
715161,新應材富邦69購01,2026-10-01,0.85,0.05,6.25,101000000,0,,,,,,,,,,
715162,德微富邦63購03,2026-10-01,1.07,0.16,17.58,321000000,0,,,,,,,,,,
715163,中美晶統一69購01,2026-10-01,0.82,0.09,12.33,232000000,0,,是,,0.7,,,,,,
715164,世界統一69購01,2026-10-01,0.79,0.02,2.6,46000000,0,,,,,,,,,,
715165,台嘉碩統一69購01,2026-10-01,0.75,0.05,7.14,46000000,0,,否,,,,,,,,
715166,竹陞統一79購01,2026-10-01,0.66,-0.02,-2.94,74000000,0,,是,,0.66,,,,,,
715167,旺矽統一67購01,2026-10-01,0.93,0.01,1.09,238000000,0,,,,,,,,,,
715168,旺矽統一67購02,2026-10-01,1.23,-0.07,-5.38,183000000,0,,,,,,,,,,
715169,東捷統一6C購01,2026-10-01,0.66,-0.03,-4.35,514000000,0,,,,,,,,,,
715170,欣銓統一6C購02,2026-10-01,0.63,0.0,0.0,20000000,0,,,,,,,,,,
715172,鈺創統一69購02,2026-10-01,0.67,-0.04,-5.63,54000000,0,,,,,,,,,,
715174,環球晶統一69購01,2026-10-01,0.85,0.11,14.86,450000000,0,,是,,,,,,,,
715175,世界中信66購01,2026-10-01,1.04,0.04,4.0,192000000,0,,否,,0.95,,,,,,
715176,旺矽中信63購01,2026-10-01,0.42,-0.05,-10.64,5000000,0,,否,,,,,,,,
715177,順達中信63購01,2026-10-01,0.79,-0.08,-9.2,895000000,0,,是,,,,,,,,
715178,群聯中信63購03,2026-10-01,0.59,-0.05,-7.81,470000000,0,,,,,,,,,,
715179,天品永豐66購01,2026-10-01,1.14,0.01,0.88,179000000,0,,,,,,,,,,
715184,旺矽永豐63購02,2026-10-01,0.68,0.02,3.03,5000000,0,,否,,,,,,,,
715185,旺矽永豐63購03,2026-10-01,0.63,0.01,1.61,84000000,0,,,,,,,,,,
715186,旺矽永豐66購01,2026-10-01,1.14,-0.1,-8.06,54000000,0,,,,,,,,,,
715187,旺矽永豐66購02,2026-10-01,0.99,-0.07,-6.6,47000000,0,,,,,,,,,,
715189,昇達科永豐64購01,2026-10-01,0.84,0.0,0.0,86000000,0,,,,,,,,,,
715191,倚強永豐63購01,2026-10-01,4.76,0.02,0.42,18000000,0,,,,,,,,,,
715192,創新服永豐63購02,2026-10-01,0.68,-0.04,-5.56,144000000,0,,否,,0.75,,,,,,
715193,富喬永豐65購03,2026-10-01,0.84,0.03,3.7,135000000,0,,,,,,,,,,
715194,聖暉*永豐63購03,2026-10-01,1.43,0.17,13.49,364000000,0,,,,,,,,,,
715195,頎邦永豐65購03,2026-10-01,1.46,0.18,14.06,263000000,0,,,,,,,,,,
715196,穩懋永豐63購09,2026-10-01,1.05,0.01,0.96,801000000,0,,是,,,,,,,,
715197,台星科台新63購01,2026-10-01,1.43,-0.18,-11.18,78000000,0,,,,,,,,,,
715199,沛亨台新64購01,2026-10-01,1.27,-0.09,-6.62,11000000,0,,,,,,,,,,
715201,欣銓台新63購03,2026-10-01,1.33,-0.01,-0.75,121000000,0,,是,,,,,,,,
715202,欣銓台新63購04,2026-10-01,1.22,0.01,0.83,785000000,0,,,,,,,,,,
715206,宸曜台新66購01,2026-10-01,0.96,0.01,1.05,4000000,0,,否,,,,,,,,
715208,富喬台新63購01,2026-10-01,1.22,-0.05,-3.94,25000000,0,,,,,,,,,,
715209,富喬台新63購02,2026-10-01,1.29,0.06,4.88,121000000,0,,,,,,,,,,
715210,順達台新65購01,2026-10-01,1.95,-0.16,-7.58,57000000,0,,,,,,,,,,
715211,新盛力台新63購01,2026-10-01,1.2,-0.08,-6.25,93000000,0,,,,,,,,,,
715212,新盛力台新66購01,2026-10-01,1.02,-0.1,-8.93,135000000,0,,,,,,,,,,
715214,點序台新66購01,2026-10-01,1.45,0.26,21.85,64000000,0,,,,,,,,,,
715215,M31凱基65購01,2026-10-01,2.84,-0.24,-7.79,52000000,0,,,,,,,,,,
715216,大綜凱基64購01,2026-10-01,2.08,0.4,23.81,259000000,0,,,,,,,,,,
715217,中美晶凱基63購10,2026-10-01,2.29,0.37,19.27,27000000,0,,,,,,,,,,
715218,世界凱基63購08,2026-10-01,2.27,0.14,6.57,34000000,0,,,,,,,,,,
715219,台星科凱基64購01,2026-10-01,0.91,-0.14,-13.33,11000000,0,,,,,,,,,,
715220,均華凱基67購01,2026-10-01,1.69,0.17,11.18,16000000,0,,,,,,,,,,
715221,沛亨凱基66購01,2026-10-01,1.85,-0.05,-2.63,9000000,0,,,,,,,,,,
715222,良維凱基69購02,2026-10-01,1.94,-0.03,-1.52,71000000,0,,,,,,,,,,
715224,欣銓凱基65購02,2026-10-01,0.86,-0.04,-4.44,33000000,0,,,,,,,,,,
715226,倚強凱基63購02,2026-10-01,2.49,-0.06,-2.35,6000000,0,,,,,,,,,,
715227,順達凱基63購11,2026-10-01,2.03,-0.06,-2.87,20000000,0,,,,,,,,,,
715228,新盛力凱基63購01,2026-10-01,1.76,-0.1,-5.38,10000000,0,,,,,,,,,,
715229,新盛力凱基63購02,2026-10-01,2.04,-0.31,-13.19,357000000,0,,,,,,,,,,
715230,新盛力凱基63購03,2026-10-01,1.96,-0.17,-7.98,26000000,0,,,,,,,,,,
715231,群聯凱基67購02,2026-10-01,2.89,-0.11,-3.67,13000000,0,,,,,,,,,,
715232,聖暉*凱基63購04,2026-10-01,2.32,0.24,11.54,205000000,0,,,,,,,,,,
715233,頎邦凱基63購09,2026-10-01,1.44,0.25,21.01,372000000,0,,,,,,,,,,
715234,頎邦凱基63購10,2026-10-01,1.34,0.23,20.72,474000000,0,,,,,,,,,,
715236,環球晶凱基66購01,2026-10-01,2.67,0.54,25.35,91000000,0,,,,,,,,,,
715237,立端國票66購01,2026-10-01,1.03,0.0,0.0,1000000,0,,,,,,,,,,
715238,東捷國票65購01,2026-10-01,1.43,-0.23,-13.86,1000000,0,,,,,,,,,,
715239,家登國票64購03,2026-10-01,1.58,-0.02,-1.25,47000000,0,,否,,,,,,,,
715242,順達國票69購01,2026-10-01,1.14,-0.05,-4.2,3000000,0,,,,,,,,,,
715244,新盛力國票65購01,2026-10-01,1.89,-0.16,-7.8,29000000,0,,,,,,,,,,
715247,聰泰國票65購01,2026-10-01,0.66,-0.01,-1.49,48000000,0,,,,,,,,,,
715248,中美晶永豐63購02,2026-10-01,2.65,0.41,18.3,1523000000,0,,,,,,,,,,
715250,富喬永豐64購04,2026-10-01,0.7,0.02,2.94,40000000,0,,,,,,,,,,
715251,華景電永豐64購01,2026-10-01,1.51,-0.05,-3.21,30000000,0,,,,,,,,,,
715252,新盛力永豐63購02,2026-10-01,1.28,-0.08,-5.88,52000000,0,,,,,,,,,,
715254,新盛力永豐65購01,2026-10-01,1.5,-0.07,-4.46,32000000,0,,,,,,,,,,
715256,頎邦永豐66購02,2026-10-01,1.39,0.12,9.45,156000000,0,,,,,,,,,,
715257,旺矽中信63購02,2026-10-01,0.55,-0.05,-8.33,1020000000,0,,是,,,,,,,,
715258,環球晶中信63購02,2026-10-01,0.93,0.12,14.81,486000000,0,,,,,,,,,,
715260,天品元大63購02,2026-10-01,1.25,0.01,0.81,40000000,0,,否,,,,,,,,
715265,宜鼎元大63購17,2026-10-01,0.82,-0.06,-6.82,122000000,0,,,,,,,,,,
715266,宜鼎元大63購18,2026-10-01,0.67,-0.05,-6.94,283000000,0,,,,,,,,,,
715267,旺矽元大65購02,2026-10-01,1.39,-0.08,-5.44,435000000,0,,,,,,,,,,
715268,旺矽元大67購02,2026-10-01,1.26,-0.1,-7.35,107000000,0,,,,,,,,,,
715269,旺矽元大68購02,2026-10-01,1.17,-0.09,-7.14,31000000,0,,,,,,,,,,
715270,東捷元大63購05,2026-10-01,1.31,-0.05,-3.68,8000000,0,,,,,,,,,,
715273,東捷元大66購01,2026-10-01,0.67,-0.06,-8.22,188000000,0,,,,,,,,,,
715274,威剛元大67購03,2026-10-01,1.71,0.01,0.59,121000000,0,,,,,,,,,,
715275,倚強元大63購01,2026-10-01,1.78,0.1,5.95,60000000,0,,,,,,,,,,
715276,富喬元大63購10,2026-10-01,0.74,-0.04,-5.13,535000000,0,,,,,,,,,,
715277,富喬元大63購11,2026-10-01,0.74,-0.01,-1.33,102000000,0,,,,,,,,,,
715279,富喬元大64購07,2026-10-01,0.57,0.02,3.64,58000000,0,,,,,,,,,,
715280,新盛力元大69購01,2026-10-01,1.55,-0.13,-7.74,34000000,0,,,,,,,,,,
715283,雷科元大66購01,2026-10-01,1.71,-0.18,-9.52,80000000,0,,是,,,,,,,,
715287,磐亞元大63購01,2026-10-01,2.14,-0.18,-7.76,100000000,0,,,,,,,,,,
715288,環球晶元大63購14,2026-10-01,2.13,0.38,21.71,422000000,0,,,,,,,,,,
715289,宜鼎群益63購10,2026-10-01,1.26,-0.03,-2.33,100000000,0,,是,,,,,,,,
715291,旺矽群益65購01,2026-10-01,0.72,-0.06,-7.69,37000000,0,,否,,,,,,,,
715293,倚強群益63購02,2026-10-01,3.3,-0.17,-4.9,180000000,0,,,,,,,,,,
715295,新盛力群益63購02,2026-10-01,1.45,-0.06,-3.97,35000000,0,,,,,,,,,,
715296,新盛力群益63購03,2026-10-01,1.52,-0.19,-11.11,1213000000,0,,,,,,,,,,
715297,群聯群益63購18,2026-10-01,2.2,-0.22,-9.09,5000000,0,,,,,,,,,,
715298,頎邦群益63購10,2026-10-01,3.58,0.56,18.54,282000000,0,,,,,,,,,,
715299,環球晶群益64購02,2026-10-01,1.73,0.23,15.33,567000000,0,,,,,,,,,,
715302,旺矽國泰64購01,2026-10-01,0.86,-0.06,-6.52,149000000,0,,,,,,,,,,
715303,新盛力國泰64購01,2026-10-01,1.89,-0.09,-4.55,2744000000,0,,,,,,,,,,
715304,新盛力國泰64購02,2026-10-01,1.51,-0.1,-6.21,38000000,0,,,,,,,,,,
715305,德微國泰64購02,2026-10-01,1.91,0.32,20.13,86000000,0,,是,,,,,,,,
715306,旺矽富邦66購01,2026-10-01,0.81,-0.13,-13.83,48000000,0,,,,,,,,,,
715307,創新服富邦64購01,2026-10-01,0.67,-0.01,-1.47,57000000,0,,,,,,,,,,
715308,鈊象富邦66購02,2026-10-01,0.77,0.05,6.94,26000000,0,,,,,,,,,,
715309,新盛力富邦65購01,2026-10-01,0.85,-0.06,-6.59,110000000,0,,,,,,,,,,
715310,新盛力富邦66購01,2026-10-01,0.69,-0.04,-5.48,212000000,0,,,,,,,,,,
715311,頎邦富邦63購04,2026-10-01,0.49,0.1,25.64,229000000,0,,,,,,,,,,
715312,旺矽統一63購07,2026-10-01,0.93,-0.05,-5.1,156000000,0,,,,,,,,,,
715313,東捷統一79購01,2026-10-01,0.72,-0.03,-4.0,14000000,0,,,,,,,,,,
715314,欣銓統一65購05,2026-10-01,0.46,0.0,0.0,20000000,0,,,,,,,,,,
715318,新盛力統一67購02,2026-10-01,0.75,-0.06,-7.41,96000000,0,,,,,,,,,,
715319,新盛力統一69購02,2026-10-01,0.7,-0.03,-4.11,259000000,0,,,,,,,,,,
715320,新盛力統一71購01,2026-10-01,0.82,-0.03,-3.53,70000000,0,,,,,,,,,,
715321,新盛力統一79購01,2026-10-01,0.84,-0.03,-3.45,90000000,0,,,,,,,,,,
715322,鈺創統一6C購01,2026-10-01,0.53,-0.02,-3.64,53000000,0,,,,,,,,,,
715323,頎邦統一6C購02,2026-10-01,0.54,0.02,3.85,236000000,0,,,,,,,,,,
715324,M31台新63購02,2026-10-01,2.33,-0.1,-4.12,12000000,0,,,,,,,,,,
715325,中美晶台新63購04,2026-10-01,1.81,0.27,17.53,20000000,0,,,,,,,,,,
715326,天品台新63購01,2026-10-01,1.88,0.04,2.17,44000000,0,,,,,,,,,,
715327,天品台新65購01,2026-10-01,1.93,0.03,1.58,42000000,0,,,,,,,,,,
715328,世界台新63購03,2026-10-01,2.7,0.17,6.72,77000000,0,,,,,,,,,,
715329,世界台新63購04,2026-10-01,2.24,0.08,3.7,175000000,0,,,,,,,,,,
715330,光焱台新64購01,2026-10-01,1.15,-0.09,-7.26,100000000,0,,,,,,,,,,
715333,旺矽台新63購07,2026-10-01,3.51,-0.33,-8.59,25000000,0,,,,,,,,,,
715334,旺矽台新63購08,2026-10-01,2.43,0.07,2.97,10000000,0,,,,,,,,,,
715335,南俊台新63購03,2026-10-01,1.3,-0.1,-7.14,5000000,0,,,,,,,,,,
715336,倚強台新65購01,2026-10-01,2.46,0.01,0.41,28000000,0,,,,,,,,,,
715337,富喬台新63購05,2026-10-01,1.06,-0.01,-0.93,10000000,0,,,,,,,,,,
715338,富喬台新63購06,2026-10-01,1.07,-0.03,-2.73,61000000,0,,,,,,,,,,
715339,順達台新66購01,2026-10-01,1.88,-0.14,-6.93,30000000,0,,,,,,,,,,
715341,萬泰科台新63購01,2026-10-01,1.93,0.03,1.58,11000000,0,,,,,,,,,,
715342,雷科台新63購01,2026-10-01,1.85,-0.32,-14.75,5000000,0,,,,,,,,,,
715343,頎邦台新63購06,2026-10-01,2.63,0.51,24.06,489000000,0,,,,,,,,,,
715344,環球晶台新64購03,2026-10-01,14.4,3.0,26.32,35000000,0,,,,,,,,,,
715346,M31凱基63購05,2026-10-01,1.87,-0.21,-10.1,35000000,0,,,,,,,,,,
715347,光頡凱基63購04,2026-10-01,3.26,0.65,24.9,46000000,0,,,,,,,,,,
715348,光頡凱基66購01,2026-10-01,2.54,0.25,10.92,18000000,0,,,,,,,,,,
715351,旺矽凱基65購04,2026-10-01,2.02,-0.12,-5.61,37000000,0,,,,,,,,,,
715352,金山電凱基63購03,2026-10-01,1.64,0.23,16.31,75000000,0,,,,,,,,,,
715353,金山電凱基63購04,2026-10-01,1.81,0.21,13.12,125000000,0,,,,,,,,,,
715354,威剛凱基66購01,2026-10-01,1.96,0.06,3.16,49000000,0,,,,,,,,,,
715356,博智凱基63購07,2026-10-01,1.1,0.09,8.91,59000000,0,,,,,,,,,,
715357,富喬凱基65購03,2026-10-01,1.34,-0.03,-2.19,4000000,0,,,,,,,,,,
715358,富喬凱基67購01,2026-10-01,1.25,-0.09,-6.72,22000000,0,,,,,,,,,,
715361,頎邦凱基63購11,2026-10-01,3.6,0.46,14.65,73000000,0,,,,,,,,,,
715362,德微凱基63購03,2026-10-01,2.47,0.53,27.32,200000000,0,,,,,,,,,,
715363,環球晶凱基64購06,2026-10-01,1.67,0.25,17.61,121000000,0,,,,,,,,,,
715365,台星科國票66購01,2026-10-01,0.92,-0.03,-3.16,14000000,0,,,,,,,,,,
715366,安葆國票6A購01,2026-10-01,1.17,-0.01,-0.85,10000000,0,,,,,,,,,,
715367,茂綸國票6A購01,2026-10-01,0.87,0.06,7.41,32000000,0,,,,,,,,,,
715369,天品元大63購03,2026-10-01,1.03,0.02,1.98,44000000,0,,,,,,,,,,
715371,光頡元大66購01,2026-10-01,1.73,0.08,4.85,2000000,0,,,,,,,,,,
715373,旺矽元大63購05,2026-10-01,1.15,-0.12,-9.45,423000000,0,,,,,,,,,,
715374,旺矽元大63購06,2026-10-01,1.65,-0.31,-15.82,143000000,0,,,,,,,,,,
715375,旺矽元大63購07,2026-10-01,1.39,-0.19,-12.03,359000000,0,,,,,,,,,,
715377,東捷元大63購09,2026-10-01,1.27,-0.06,-4.51,11000000,0,,,,,,,,,,
715379,東捷元大66購02,2026-10-01,0.7,-0.02,-2.78,428000000,0,,,,,,,,,,
715380,欣銓元大63購06,2026-10-01,1.4,-0.01,-0.71,14000000,0,,,,,,,,,,
715381,欣銓元大65購02,2026-10-01,1.0,-0.01,-0.99,37000000,0,,,,,,,,,,
715383,倚強元大63購02,2026-10-01,4.67,-0.21,-4.3,2000000,0,,,,,,,,,,
715384,富喬元大63購13,2026-10-01,0.84,0.02,2.44,741000000,0,,,,,,,,,,
715385,富喬元大63購14,2026-10-01,0.8,0.02,2.56,188000000,0,,,,,,,,,,
715386,晶呈元大63購02,2026-10-01,1.1,-0.09,-7.56,260000000,0,,,,,,,,,,
715387,群聯元大63購41,2026-10-01,1.26,-0.11,-8.03,8000000,0,,,,,,,,,,
715390,環球晶元大63購15,2026-10-01,0.86,0.13,17.81,699000000,0,,,,,,,,,,
715391,光頡中信63購02,2026-10-01,0.96,0.15,18.52,790000000,0,,,,,,,,,,
715392,欣銓中信66購01,2026-10-01,0.52,-0.01,-1.89,50000000,0,,,,,,,,,,
715394,環球晶中信64購01,2026-10-01,0.93,0.11,13.41,6000000,0,,,,,,,,,,
715396,世界永豐66購02,2026-10-01,2.32,0.12,5.45,42000000,0,,,,,,,,,,
715399,欣銓永豐63購03,2026-10-01,1.0,-0.04,-3.85,6000000,0,,,,,,,,,,
715401,新盛力永豐66購01,2026-10-01,1.06,-0.11,-9.4,116000000,0,,,,,,,,,,
715402,碩禾永豐64購01,2026-10-01,0.82,-0.16,-16.33,372000000,0,,,,,,,,,,
715403,光頡國泰64購03,2026-10-01,2.56,0.52,25.49,37000000,0,,,,,,,,,,
715404,易發國泰64購01,2026-10-01,1.52,0.04,2.7,277000000,0,,,,,,,,,,
715405,威剛國泰64購01,2026-10-01,1.9,0.0,0.0,16000000,0,,,,,,,,,,
715406,胡連國泰64購01,2026-10-01,0.98,0.0,0.0,118000000,0,,,,,,,,,,
715407,東捷富邦64購01,2026-10-01,0.83,-0.09,-9.78,244000000,0,,,,,,,,,,
715408,欣銓富邦63購02,2026-10-01,0.37,-0.02,-5.13,433000000,0,,,,,,,,,,
715409,群聯富邦65購09,2026-10-01,0.85,-0.07,-7.61,206000000,0,,,,,,,,,,
715410,群聯富邦66購03,2026-10-01,0.81,-0.07,-7.95,212000000,0,,,,,,,,,,
715411,頎邦富邦65購03,2026-10-01,0.7,0.08,12.9,663000000,0,,,,,,,,,,
715412,頎邦富邦66購02,2026-10-01,0.69,0.11,18.97,1715000000,0,,,,,,,,,,
715413,環球晶富邦63購03,2026-10-01,0.81,0.12,17.39,115000000,0,,,,,,,,,,
715414,M31統一79購01,2026-10-01,0.67,-0.04,-5.63,509000000,0,,,,,,,,,,
715416,光頡統一79購02,2026-10-01,0.8,0.08,11.11,9000000,0,,,,,,,,,,
715417,光頡統一79購03,2026-10-01,0.84,0.07,9.09,31000000,0,,,,,,,,,,
715420,亞信統一6C購01,2026-10-01,0.69,0.02,2.99,22000000,0,,,,,,,,,,
715423,金山電統一79購02,2026-10-01,0.77,0.07,10.0,904000000,0,,,,,,,,,,
715424,茂迪統一67購03,2026-10-01,0.71,-0.04,-5.33,94000000,0,,,,,,,,,,
715427,頎邦統一79購01,2026-10-01,0.59,0.03,5.36,450000000,0,,,,,,,,,,
715429,中美晶群益63購09,2026-10-01,2.3,0.15,6.98,2492000000,0,,,,,,,,,,
715430,世界群益63購07,2026-10-01,1.27,0.11,9.48,60000000,0,,,,,,,,,,
715432,弘塑群益63購07,2026-10-01,0.9,-0.09,-9.09,183000000,0,,,,,,,,,,
715441,順達群益64購01,2026-10-01,1.38,-0.09,-6.12,14000000,0,,,,,,,,,,
715442,新盛力群益66購01,2026-10-01,1.82,-0.07,-3.7,3000000,0,,,,,,,,,,
715446,頎邦群益63購11,2026-10-01,1.93,0.33,20.62,268000000,0,,,,,,,,,,
715447,德微群益63購02,2026-10-01,2.78,0.23,9.02,101000000,0,,,,,,,,,,
715448,營邦群益65購02,2026-10-01,0.57,-0.14,-19.72,12000000,0,,,,,,,,,,
715450,台星科凱基65購01,2026-10-01,1.38,-0.19,-12.1,8000000,0,,,,,,,,,,
715451,光頡凱基63購05,2026-10-01,2.0,0.35,21.21,23000000,0,,,,,,,,,,
715458,順達凱基66購02,2026-10-01,1.75,-0.09,-4.89,1000000,0,,,,,,,,,,
715460,聖暉*凱基68購01,2026-10-01,1.92,0.18,10.34,92000000,0,,,,,,,,,,
715461,德微凱基63購04,2026-10-01,1.81,0.13,7.74,34000000,0,,,,,,,,,,
715463,環球晶凱基69購03,2026-10-01,1.4,0.16,12.9,15000000,0,,,,,,,,,,
715464,光頡中信67購01,2026-10-01,1.14,0.18,18.75,71000000,0,,,,,,,,,,
715466,環球晶中信63購03,2026-10-01,1.48,0.18,13.85,286000000,0,,,,,,,,,,
715468,川寶永豐64購01,2026-10-01,1.46,-0.02,-1.35,64000000,0,,,,,,,,,,
715470,威剛永豐63購04,2026-10-01,1.56,0.04,2.63,32000000,0,,,,,,,,,,
715471,威剛永豐64購04,2026-10-01,1.15,0.03,2.68,49000000,0,,,,,,,,,,
715473,川寶台新63購01,2026-10-01,0.9,0.03,3.45,139000000,0,,,,,,,,,,
715474,川寶台新63購02,2026-10-01,0.76,-0.01,-1.3,116000000,0,,,,,,,,,,
715478,富喬台新66購01,2026-10-01,1.72,0.0,0.0,47000000,0,,,,,,,,,,
715479,廣閎科台新63購02,2026-10-01,1.6,0.09,5.96,13000000,0,,,,,,,,,,
715480,德微台新64購02,2026-10-01,1.6,0.17,11.89,51000000,0,,,,,,,,,,
715483,M31元大65購02,2026-10-01,0.93,-0.06,-6.06,30000000,0,,,,,,,,,,
715484,M31元大69購01,2026-10-01,0.79,-0.08,-9.2,238000000,0,,,,,,,,,,
715485,世界元大63購10,2026-10-01,1.34,0.13,10.74,15000000,0,,,,,,,,,,
715486,印能元大63購06,2026-10-01,1.87,0.19,11.31,392000000,0,,,,,,,,,,
715488,旺矽元大63購08,2026-10-01,1.44,-0.03,-2.04,115000000,0,,,,,,,,,,
715490,欣銓元大65購03,2026-10-01,1.39,0.01,0.72,2000000,0,,,,,,,,,,
715492,茂綸元大66購01,2026-10-01,0.72,0.04,5.88,21000000,0,,,,,,,,,,
715494,富喬元大63購15,2026-10-01,0.54,0.01,1.89,232000000,0,,,,,,,,,,
715495,富喬元大63購16,2026-10-01,0.54,0.01,1.89,391000000,0,,,,,,,,,,
715497,新盛力元大67購01,2026-10-01,1.57,-0.04,-2.48,20000000,0,,,,,,,,,,
715500,環球晶元大63購16,2026-10-01,1.04,0.18,20.93,160000000,0,,,,,,,,,,
715501,環球晶元大63購17,2026-10-01,1.14,0.14,14.0,117000000,0,,,,,,,,,,
715502,環球晶元大66購06,2026-10-01,1.25,0.21,20.19,11000000,0,,,,,,,,,,
715503,環球晶元大67購05,2026-10-01,0.94,0.14,17.5,5000000,0,,,,,,,,,,
715504,川寶國票65購03,2026-10-01,0.68,-0.06,-8.11,35000000,0,,,,,,,,,,
715505,光頡國票64購02,2026-10-01,1.69,0.38,29.01,26000000,0,,,,,,,,,,
715511,雷科國票65購02,2026-10-01,2.27,0.11,5.09,1000000,0,,,,,,,,,,
715512,廣閎科國票66購01,2026-10-01,1.1,0.04,3.77,3000000,0,,,,,,,,,,
715514,環球晶國票64購05,2026-10-01,2.25,0.29,14.8,303000000,0,,,,,,,,,,
715515,環球晶國票65購02,2026-10-01,2.57,0.4,18.43,31000000,0,,,,,,,,,,
715518,旺矽群益64購01,2026-10-01,0.59,-0.04,-6.35,1158000000,0,,,,,,,,,,
715522,群聯群益63購20,2026-10-01,1.97,-0.2,-9.22,7000000,0,,,,,,,,,,
715524,環球晶群益64購03,2026-10-01,2.77,0.81,41.33,217000000,0,,,,,,,,,,
715525,光頡國泰64購04,2026-10-01,1.59,0.31,24.22,29000000,0,,,,,,,,,,
715526,宏捷科國泰64購02,2026-10-01,1.64,0.02,1.23,3000000,0,,,,,,,,,,
715529,富喬國泰64購03,2026-10-01,1.25,0.04,3.31,4000000,0,,,,,,,,,,
715530,富喬國泰64購04,2026-10-01,1.0,-0.04,-3.85,401000000,0,,,,,,,,,,
715536,金山電統一6C購04,2026-10-01,0.66,0.04,6.45,2378000000,0,,,,,,,,,,
715537,環球晶統一6C購02,2026-10-01,0.89,0.07,8.54,445000000,0,,,,,,,,,,
715540,印能富邦65購03,2026-10-01,0.75,0.03,4.17,324000000,0,,,,,,,,,,
715541,印能富邦66購01,2026-10-01,0.68,0.02,3.03,233000000,0,,,,,,,,,,
715544,鈊象富邦65購02,2026-10-01,1.05,0.03,2.94,475000000,0,,,,,,,,,,
715553,天品凱基63購02,2026-10-01,1.21,-0.03,-2.42,20000000,0,,,,,,,,,,
715555,光頡凱基63購06,2026-10-01,1.65,0.11,7.14,4000000,0,,,,,,,,,,
715563,威剛凱基63購17,2026-10-01,2.8,-0.19,-6.35,520000000,0,,,,,,,,,,
715580,大綜元大63購03,2026-10-01,1.68,0.06,3.7,14000000,0,,,,,,,,,,
715581,光頡元大63購08,2026-10-01,0.69,0.06,9.52,3000000,0,,,,,,,,,,
715585,安葆元大65購01,2026-10-01,0.69,-0.05,-6.76,10000000,0,,,,,,,,,,
715591,富喬元大69購01,2026-10-01,0.59,-0.05,-7.81,162000000,0,,,,,,,,,,
715594,雷科元大63購04,2026-10-01,1.6,0.38,31.15,80000000,0,,,,,,,,,,
715597,雷科元大65購01,2026-10-01,1.7,0.37,27.82,5000000,0,,,,,,,,,,
715601,德微元大63購03,2026-10-01,2.09,0.21,11.17,21000000,0,,,,,,,,,,
715602,德微元大65購01,2026-10-01,1.91,0.16,9.14,31000000,0,,,,,,,,,,
715603,德微元大66購01,2026-10-01,1.67,0.12,7.74,36000000,0,,,,,,,,,,
715614,安葆永豐65購02,2026-10-01,1.04,0.12,13.04,100000000,0,,,,,,,,,,
715623,九暘統一71購01,2026-10-01,0.63,0.0,0.0,5000000,0,,,,,,,,,,
715624,大綜統一69購01,2026-10-01,0.72,0.04,5.88,589000000,0,,,,,,,,,,
715626,川寶統一7A購01,2026-10-01,0.59,-0.08,-11.94,743000000,0,,,,,,,,,,
715627,光頡統一6B購01,2026-10-01,0.7,0.04,6.06,6000000,0,,,,,,,,,,
715632,金山電統一75購01,2026-10-01,0.69,0.05,7.81,2535000000,0,,,,,,,,,,
715633,金山電統一7A購01,2026-10-01,0.64,0.03,4.92,5000000,0,,,,,,,,,,
715636,德微統一68購01,2026-10-01,0.69,0.09,15.0,40000000,0,,,,,,,,,,
715641,光頡群益65購03,2026-10-01,1.71,0.26,17.93,13000000,0,,,,,,,,,,
715651,倚強群益68購01,2026-10-01,1.21,0.18,17.48,21000000,0,,,,,,,,,,
715663,威剛富邦69購01,2026-10-01,0.64,0.0,0.0,5000000,0,,,,,,,,,,
715665,富喬富邦66購02,2026-10-01,0.63,-0.03,-4.55,9000000,0,,,,,,,,,,
715667,營邦富邦66購03,2026-10-01,0.62,-0.16,-20.51,160000000,0,,,,,,,,,,
725744,新復興統一5A購01,2026-10-01,0.05,0.0,0.0,1000000,0,紅增,否,,0.05,0.04,0.05,,4.5455,4.6512,-14.6341
72610U,富喬國票5C售02,2026-10-01,0.06,0.0,0.0,11000000,0,紅增,否,,0.07,0.07,0.12,,-19.5122,-22.9167,-51.1579
72622U,精測群益62售02,2026-10-01,0.12,0.0,0.0,1000000,0,綠轉紅,否,,0.1,0.1,0.15,,-1.9608,-22.9008,-34.1151
726925,金麗科統一5B購02,2026-10-01,0.1,0.0,0.0,5000000,0,綠縮,否,,0.11,0.1,0.14,,12.5,-13.5593,-18.4524
726926,金麗科統一5B購03,2026-10-01,0.08,0.0,0.0,78000000,0,,否,,0.11,0.11,0.17,,0.0,-17.9856,-22.4719
726927,金麗科統一5B購04,2026-10-01,0.12,-0.02,-14.29,229000000,0,紅增,否,,0.11,0.13,0.15,,-24.0,-31.9588,1.0309
72692U,信驊群益61售02,2026-10-01,0.03,-0.01,-25.0,48000000,0,紅縮,否,,0.04,0.04,0.04,,-9.5238,-6.9767,-11.2245
72704U,點序群益61售01,2026-10-01,0.95,-0.34,-26.36,40000000,0,,是,,2.08,,,,,,
72724U,信驊國票5B售01,2026-10-01,0.01,0.0,0.0,120000000,0,綠縮,否,,0.01,0.01,0.03,,-44.4444,-33.3333,-33.3333
72733U,中探針群益62售01,2026-10-01,0.16,0.0,0.0,30000000,0,綠縮,否,,0.14,0.15,0.21,,-5.3333,-12.0482,-27.4138
72749U,精測群益62售04,2026-10-01,0.69,0.03,4.55,73000000,0,綠轉紅,否,,0.58,0.59,0.73,,-0.3413,-6.9952,-17.6404
72772U,穩懋群益63售01,2026-10-01,0.09,-0.01,-10.0,351000000,0,綠縮,否,,0.11,0.13,0.19,,-26.6667,-27.7778,-28.9179
72782U,環球晶群益62售01,2026-10-01,0.02,-0.02,-50.0,5000000,0,,否,,0.17,0.29,0.29,,-59.3137,-36.9231,7.8799
728003,金麗科統一5C購01,2026-10-01,0.04,-0.09,-69.23,77000000,0,,是,,0.07,0.08,0.13,,-18.1818,-32.2034,
72814U,精測群益5B售02,2026-10-01,0.29,-0.02,-6.45,130000000,0,綠轉紅,是,,0.26,0.28,0.41,,-12.1622,-13.3956,-28.4848
72818U,信驊永豐5C售01,2026-10-01,0.07,-0.01,-12.5,3000000,0,紅縮,否,,0.08,0.08,0.1,,0.0,2.6316,-21.4575
72842U,鈊象群益63售01,2026-10-01,0.57,-0.1,-14.93,120000000,0,,是,,0.83,0.91,,,-16.1943,,
728520,金麗科統一5C購02,2026-10-01,0.06,-0.01,-14.29,69000000,0,綠增,否,,0.09,0.09,0.14,,2.1739,-27.907,-32.6969
72854U,信驊永豐61售01,2026-10-01,0.04,-0.02,-33.33,14000000,0,紅縮,否,,0.06,0.08,0.11,,-34.7826,-28.972,-22.2222
72855U,信驊富邦5C售02,2026-10-01,0.2,-0.01,-4.76,964000000,0,紅增,否,,0.2,0.25,0.39,,-30.3448,-29.3103,-26.1524
72859U,弘塑國票5B售02,2026-10-01,0.27,0.06,28.57,31000000,0,綠縮,是,,0.27,0.32,0.41,,-27.1739,-18.6701,-17.8894
72866U,旺矽凱基5A售06,2026-10-01,0.3,0.02,7.14,185000000,0,紅增,否,,0.25,0.24,0.36,,3.3333,-26.0606,-13.2282
72867U,旺矽富邦61售01,2026-10-01,0.66,0.03,4.76,1285000000,0,紅增,是,,0.59,0.57,0.62,,9.6296,-5.5092,-2.9572
72876U,合晶台新5B售05,2026-10-01,0.03,-0.07,-70.0,26000000,0,綠縮,否,,0.09,0.09,0.2,,-4.4444,-45.0,-44.429
72878U,群聯台新5B售08,2026-10-01,0.97,0.01,1.04,6000000,0,綠增,否,,1.17,1.29,1.63,,-17.3484,-14.0106,-12.8705
72882U,環球晶台新5B售03,2026-10-01,0.1,-0.04,-28.57,100000000,0,綠增,否,,0.17,0.25,0.32,,-47.561,-25.3731,-34.4008
72889U,新盛力群益5B售04,2026-10-01,0.13,0.0,0.0,2000000,0,紅增,否,,0.16,0.2,0.25,,-36.8,-23.3083,-32.2759
728920,元債20元富61購01,2026-10-01,0.38,-0.08,-17.39,30000000,0,,否,,0.57,0.69,1.04,,-31.1436,-25.1348,
72894U,世界群益62售01,2026-10-01,0.4,-0.02,-4.76,160000000,0,綠縮,否,,0.45,0.58,0.77,,-36.236,-34.8603,-7.0228
72898U,雷科國票5B售03,2026-10-01,0.07,0.02,40.0,239000000,0,綠縮,否,,0.12,0.2,0.34,,-59.589,-38.4384,-27.902
72901U,德微國票5C售05,2026-10-01,0.44,-0.1,-18.52,172000000,0,綠增,否,,0.52,0.64,0.79,,-30.9524,-23.2893,-17.4686
72902U,擎亞國票5B售03,2026-10-01,0.89,0.05,5.95,1000000,0,紅縮,否,,0.93,0.93,0.81,,0.4301,10.6888,4.7097
72904U,欣銓台新5B售05,2026-10-01,0.49,-0.02,-3.92,20000000,0,綠縮,否,,0.42,0.65,1.26,,-52.3918,-42.1945,-21.2473
72905U,臺慶科台新5B售05,2026-10-01,1.19,-0.2,-14.39,100000000,0,綠增,是,,1.58,1.66,1.62,,-9.0909,-7.4735,11.2143
72907U,群聯富邦61售05,2026-10-01,0.6,0.01,1.69,10000000,0,綠縮,否,,0.6,0.63,0.66,,-9.1463,-5.7229,-6.3571
72908U,威剛群益65售01,2026-10-01,1.76,-0.01,-0.56,20000000,0,紅增,否,,1.78,1.82,1.87,,-4.5016,-2.9787,-5.3296
72909U,威剛凱基65售01,2026-10-01,0.52,-0.02,-3.7,101000000,0,紅轉綠,是,,0.56,0.58,0.61,,-6.3545,-3.6606,-9.5414
72916U,中美晶凱基5B售06,2026-10-01,0.28,-0.04,-12.5,20000000,0,綠增,否,,0.57,0.74,0.8,,-36.6667,-25.2289,-9.4297
729187,華星光統一61購02,2026-10-01,2.59,0.1,4.02,2000000,0,綠增,否,,2.76,3.08,2.88,,-18.3698,-2.8129,13.9521
72921U,富喬台新5C售03,2026-10-01,0.38,0.0,0.0,128000000,0,紅增,否,,0.38,0.39,0.49,,-8.2524,-10.8352,-37.1811
72924U,台半群益5C售03,2026-10-01,0.62,-0.02,-3.12,5000000,0,,否,,0.95,1.06,,,-17.6166,-2.1316,
72925U,台半凱基5C售03,2026-10-01,0.51,-0.03,-5.56,218000000,0,綠縮,是,,0.55,0.59,0.68,,-13.8365,-14.0784,-12.1387
72928U,富喬凱基5C售04,2026-10-01,0.16,0.0,0.0,50000000,0,紅增,否,,0.16,0.18,0.23,,-13.6842,-13.6585,-38.5321
72933U,世界群益66售01,2026-10-01,2.23,-0.09,-3.88,3000000,0,,否,,2.4,2.58,2.79,,-13.1789,-10.4167,
72935U,世界台新5C售02,2026-10-01,1.52,-0.1,-6.17,2000000,0,,否,,1.86,2.38,2.4,,-36.0385,-12.8018,
72938U,世界國票62售01,2026-10-01,0.85,-0.04,-4.49,5000000,0,綠增,否,,0.94,1.05,1.21,,-18.8256,-15.0607,-8.7726
72940U,臺慶科國票62售01,2026-10-01,1.26,-0.11,-8.03,1000000,0,,否,,1.37,1.51,,,-16.8689,,
72941U,雙鴻永豐61售04,2026-10-01,0.28,0.01,3.7,1000000,0,綠縮,否,,0.26,0.35,0.54,,-42.2222,-22.8261,-35.1237
72942U,家登群益61售03,2026-10-01,0.66,-0.01,-1.49,20000000,0,綠縮,否,,0.77,0.85,1.11,,-15.8696,-19.6395,-13.4862
72943U,頎邦國票61售01,2026-10-01,0.71,-0.09,-11.25,10000000,0,綠縮,否,,0.88,1.11,1.53,,-34.3284,-26.8293,-9.7431
72944U,中光電台新61售03,2026-10-01,1.96,0.02,1.03,10000000,0,紅縮,否,,1.98,1.72,1.72,,35.0136,9.1082,6.9427
72945U,頎邦台新61售03,2026-10-01,0.97,-0.22,-18.49,20000000,0,綠縮,否,,1.12,1.25,1.78,,-19.9426,-23.1005,-17.2974
72952U,精材國票61售05,2026-10-01,0.66,0.01,1.54,50000000,0,綠縮,是,,0.67,0.73,0.92,,-14.0306,-10.111,-20.7563
72954U,群聯中信61售02,2026-10-01,0.82,0.03,3.8,9000000,0,綠縮,否,,0.81,0.87,0.92,,-12.3377,-8.351,-9.6727
72959U,雙鴻群益63售03,2026-10-01,0.27,0.03,12.5,400000000,0,,否,,0.24,0.31,,,-37.3684,-44.4245,
72961U,群聯凱基61售10,2026-10-01,0.88,0.02,2.33,10000000,0,,否,,1.06,1.14,,,-12.3762,,
72963U,中美晶國票61售06,2026-10-01,1.27,-0.08,-5.93,30000000,0,,否,,1.47,1.63,1.83,,-17.4888,-12.1425,
72968U,群聯國票64售01,2026-10-01,1.03,0.01,0.98,5000000,0,,否,,1.07,1.19,,,-18.1679,-19.6356,
72972U,雙鴻群益61售03,2026-10-01,0.13,0.01,8.33,1000000,0,,否,,0.11,0.16,0.32,,-50.4587,-37.3077,
72973U,M31國票61售02,2026-10-01,0.52,0.0,0.0,20000000,0,,否,,0.61,0.81,,,-38.8446,-22.2115,
72976U,順達凱基61售06,2026-10-01,1.0,0.04,4.17,30000000,0,,否,,1.14,1.16,,,-4.0541,-13.8187,
72977U,雙鴻國泰63售01,2026-10-01,0.37,0.03,8.82,201000000,0,紅增,否,,0.32,0.41,0.6,,-36.0,-24.0741,-30.5862
729804,僑威統一5A購01,2026-10-01,0.01,-0.09,-90.0,108000000,0,,是,,0.09,,,,,,
72980U,頎邦凱基61售05,2026-10-01,1.18,-0.14,-10.61,2000000,0,,是,,1.44,1.69,,,-26.1317,-25.1218,
72983U,家登群益63售02,2026-10-01,0.9,-0.01,-1.1,20000000,0,,否,,1.03,,,,,,
72985U,中美晶國票63售01,2026-10-01,0.87,-0.02,-2.25,10000000,0,,否,,1.04,1.09,,,-9.1068,-6.6781,
72990U,中美晶元大61售09,2026-10-01,0.52,-0.11,-17.46,3000000,0,,否,,0.66,0.72,1.03,,-16.0714,-24.8175,
72993U,中美晶凱基63售03,2026-10-01,0.63,-0.1,-13.7,19000000,0,,否,,0.84,1.02,,,-30.0501,,
72996U,立碁國票64售02,2026-10-01,0.58,0.0,0.0,9000000,0,,否,,0.6,0.66,0.75,,-15.4494,-10.4905,
73001U,欣銓國票63售01,2026-10-01,0.69,-0.02,-2.82,16000000,0,,是,,0.7,0.72,,,-3.8251,-11.5764,
73003U,鈊象國票62售01,2026-10-01,0.7,-0.05,-6.67,1417000000,0,,是,,0.81,,,,,,
73007U,世界凱基63售03,2026-10-01,0.31,-0.02,-6.06,21000000,0,,是,,0.71,,,,,,
73017U,順達國票66售01,2026-10-01,0.88,0.0,0.0,10000000,0,,否,,0.95,1.04,,,-15.2753,,
73019U,雙鴻國票66售02,2026-10-01,0.45,0.0,0.0,1000000,0,,否,,0.42,0.5,,,-25.3521,-16.3575,
73023U,雙鴻凱基63售07,2026-10-01,0.31,0.01,3.33,15000000,0,,否,,0.29,0.4,,,-43.3071,-24.1905,
73024U,弘塑國票67售01,2026-10-01,0.95,0.05,5.56,10000000,0,,否,,0.97,1.04,,,-13.1295,,
73026U,金山電國票68售01,2026-10-01,1.13,-0.08,-6.61,110000000,0,,是,,1.33,,,,,,
73027U,萬潤國票66售02,2026-10-01,0.81,0.02,2.53,140000000,0,,是,,0.87,0.85,,,4.0865,-3.7415,
73032U,M31國票66售01,2026-10-01,0.73,0.05,7.35,15000000,0,,,,,,,,,,
73034U,中美晶凱基64售03,2026-10-01,0.34,-0.03,-8.11,270000000,0,,是,,0.5,,,,,,
73036U,富喬國票63售02,2026-10-01,0.86,-0.04,-4.44,133000000,0,,否,,0.9,0.92,1.02,,-3.6325,-4.3704,
73037U,富喬國票65售01,2026-10-01,1.1,0.0,0.0,18000000,0,,否,,1.11,1.13,,,-4.3178,-12.7791,
73039U,東捷群益64售02,2026-10-01,0.32,-0.01,-3.03,523000000,0,,否,,0.36,0.45,,,-32.3308,-25.7903,
730402,M31統一62購02,2026-10-01,0.08,-0.01,-11.11,60000000,0,,是,,0.06,0.06,0.07,,-3.3333,-6.3492,
73040U,穩懋群益64售02,2026-10-01,0.99,-0.02,-1.98,305000000,0,,是,,1.11,1.24,1.56,,-18.9504,-15.6823,
73043U,穩懋凱基63售07,2026-10-01,0.32,0.01,3.23,260000000,0,,是,,0.37,0.42,0.57,,-23.75,-23.3696,
73044U,宏捷科凱基63售01,2026-10-01,0.9,-0.02,-2.17,40000000,0,,是,,0.98,1.03,,,-9.2421,,
73048U,東捷群益62售02,2026-10-01,1.34,0.0,0.0,186000000,0,,否,,1.45,1.71,,,-26.0692,-27.2262,
73050U,群聯永豐63售04,2026-10-01,1.01,0.01,1.0,10000000,0,,否,,1.05,1.16,,,-18.0251,,
73051U,陽程國票66售01,2026-10-01,0.5,0.01,2.04,67000000,0,,否,,0.52,0.56,0.59,,-15.1316,-9.2084,
73052U,世紀*國票6A售01,2026-10-01,0.73,-0.02,-2.67,10000000,0,,否,,0.76,0.76,0.77,,-0.5263,-2.0672,
73053U,頎邦台新62售02,2026-10-01,0.69,-0.16,-18.82,12000000,0,,否,,0.77,0.93,,,-29.1513,,
73054U,弘塑群益64售01,2026-10-01,0.85,0.07,8.97,22000000,0,,否,,0.83,0.86,,,-7.3661,-7.8975,
73056U,沛亨國票68售01,2026-10-01,0.77,0.0,0.0,14000000,0,,否,,0.81,,,,,,
73058U,頎邦群益62售03,2026-10-01,0.25,-0.03,-10.71,4000000,0,,否,,0.28,0.39,,,-43.9516,,
73060U,宏捷科國票63售01,2026-10-01,0.86,-0.02,-2.27,36000000,0,,是,,0.92,,,,,,
73063U,環球晶中信62售03,2026-10-01,0.42,-0.06,-12.5,413000000,0,,否,,0.52,,,,,,
73065U,環球晶台新63售01,2026-10-01,0.97,-0.15,-13.39,22000000,0,,否,,1.2,1.31,,,-15.3521,-5.6156,
73066U,千附精國票63售01,2026-10-01,0.89,0.03,3.49,20000000,0,,否,,0.86,0.82,,,8.0808,,
73069U,精材群益63售09,2026-10-01,1.79,-0.01,-0.56,13000000,0,,否,,1.79,1.92,,,-12.1569,,
73071U,雙鴻群益63售09,2026-10-01,0.48,0.02,4.35,301000000,0,,否,,0.42,0.56,,,-41.573,,
73075U,環球晶台新63售04,2026-10-01,0.73,-0.13,-15.12,69000000,0,,是,,0.9,,,,,,
73076U,雙鴻凱基63售17,2026-10-01,1.29,0.09,7.5,132000000,0,,否,,1.11,,,,,,
73077U,漢達國票65售02,2026-10-01,0.42,-0.01,-2.33,14000000,0,,否,,0.43,0.52,,,-27.6667,,
73080U,順達元大63售11,2026-10-01,0.96,-0.03,-3.03,152000000,0,,是,,1.05,,,,,,
73082U,信驊台新63售04,2026-10-01,1.84,-0.07,-3.66,6000000,0,,否,,1.81,,,,,,
73083U,信驊凱基63售06,2026-10-01,2.08,0.01,0.48,25000000,0,,否,,1.98,2.12,,,-12.2124,,
73085U,信驊永豐63售01,2026-10-01,0.81,-0.03,-3.57,53000000,0,,否,,0.8,0.87,,,-14.1328,,
73087U,信驊元大63售03,2026-10-01,2.03,-0.05,-2.4,5000000,0,,否,,1.93,,,,,,
73088U,信驊群益63售03,2026-10-01,2.12,-0.06,-2.75,25000000,0,,否,,2.1,2.21,,,-10.0343,,
73089U,信驊群益63售04,2026-10-01,2.73,-0.1,-3.53,113000000,0,,否,,2.69,2.81,,,-8.373,,
73091U,信驊國票64售02,2026-10-01,2.96,-0.01,-0.34,6000000,0,,否,,2.83,,,,,,
73095U,穩懋國票65售01,2026-10-01,0.79,-0.04,-4.82,40000000,0,,否,,0.87,0.94,,,-14.7348,,
73098U,台半國票65售02,2026-10-01,0.96,-0.03,-3.03,2000000,0,,否,,0.99,,,,,,
73103U,雷科國票64售03,2026-10-01,1.23,0.07,6.03,63000000,0,,否,,1.62,,,,,,
73104U,光頡台新63售03,2026-10-01,0.65,-0.16,-19.75,354000000,0,,否,,0.79,,,,,,
73105U,頎邦群益63售06,2026-10-01,0.43,-0.11,-20.37,24000000,0,,否,,0.53,,,,,,
73109U,茂綸國票65售02,2026-10-01,0.71,-0.02,-2.74,50000000,0,,否,,0.74,,,,,,
73114U,巨有國票64售02,2026-10-01,0.66,0.01,1.54,1612000000,0,,是,,0.8,,,,,,
73115U,旭然國票68售01,2026-10-01,0.71,-0.04,-5.33,2000000,0,,,,,,,,,,
73118U,東捷凱基63售03,2026-10-01,1.55,0.05,3.33,40000000,0,,否,,1.61,,,,,,
73121U,穩懋群益63售08,2026-10-01,0.51,0.01,2.0,40000000,0,,,,,,,,,,
73123U,信昌電國票64售03,2026-10-01,1.98,-0.13,-6.16,1124000000,0,,否,,1.97,,,,,,
731240,金麗科元富61購01,2026-10-01,0.65,-0.04,-5.8,3000000,0,,否,,0.68,0.81,0.99,,-27.0789,-20.9552,
73124U,信昌電國票65售03,2026-10-01,1.88,-0.12,-6.0,840000000,0,,是,,1.88,,,,,,
73125U,台燿凱基63售05,2026-10-01,1.42,-0.03,-2.07,40000000,0,,是,,1.53,,,,,,
73127U,穩懋國票64售01,2026-10-01,0.81,0.01,1.25,23000000,0,,否,,0.86,,,,,,
73129U,東捷群益63售03,2026-10-01,1.59,0.23,16.91,1000000,0,,,,,,,,,,
73138U,晶呈國票65售02,2026-10-01,0.82,-0.05,-5.75,50000000,0,,是,,0.97,,,,,,
73141U,台燿台新63售03,2026-10-01,1.56,-0.04,-2.5,2000000,0,,否,,,,,,,,
73142U,世界台新63售02,2026-10-01,1.2,-0.09,-6.98,7000000,0,,,,,,,,,,
73143U,欣銓台新63售02,2026-10-01,1.91,0.1,5.52,20000000,0,,,,,,,,,,
73145U,富喬凱基63售08,2026-10-01,1.93,0.02,1.05,51000000,0,,是,,1.91,,,,,,
73146U,穩懋凱基63售13,2026-10-01,0.7,-0.02,-2.78,5000000,0,,,,,,,,,,
73148U,富喬永豐63售02,2026-10-01,0.89,-0.03,-3.26,124000000,0,,是,,,,,,,,
731495,英濟統一5B購01,2026-10-01,0.11,0.08,266.67,52000000,0,綠縮,否,,0.11,0.07,0.15,,200.0,-47.4453,-27.8846
73150U,旺矽凱基63售09,2026-10-01,2.32,0.08,3.57,31000000,0,,,,,,,,,,
73153U,富喬元大63售09,2026-10-01,1.71,0.05,3.01,83000000,0,,,,,,,,,,
73154U,旺矽國票64售02,2026-10-01,1.53,0.08,5.52,5000000,0,,否,,,,,,,,
73157U,世界群益63售06,2026-10-01,0.97,-0.19,-16.38,50000000,0,,,,,,,,,,
73160U,頎邦群益63售09,2026-10-01,1.19,-0.3,-20.13,20000000,0,,,,,,,,,,
73161U,富喬台新63售03,2026-10-01,2.0,0.04,2.04,10000000,0,,,,,,,,,,
73162U,富喬台新63售04,2026-10-01,1.8,0.02,1.12,10000000,0,,,,,,,,,,
73164U,光頡群益65售02,2026-10-01,1.34,-0.18,-11.84,35000000,0,,,,,,,,,,
73165U,旺矽永豐63售04,2026-10-01,1.15,0.01,0.88,2000000,0,,,,,,,,,,
73167U,環球晶國票64售06,2026-10-01,1.68,-0.13,-7.18,114000000,0,,,,,,,,,,
732332,M31統一63購02,2026-10-01,0.26,-0.03,-10.34,160000000,0,紅增,是,,0.25,0.22,0.21,,34.7826,13.6842,-0.4808
733025,華星光統一5B購02,2026-10-01,5.15,-0.2,-3.74,9000000,0,,,,,,,,,,
733460,先進光統一5B購01,2026-10-01,0.83,0.01,1.22,28000000,0,綠增,否,,0.86,0.89,0.93,,-6.2907,-3.8751,-2.8691
733461,先進光統一65購01,2026-10-01,0.44,0.01,2.33,346000000,0,綠縮,否,,0.43,0.44,0.54,,-4.9107,-17.7024,-5.0176
733563,弘塑統一5B購01,2026-10-01,1.18,-0.04,-3.28,10000000,0,,是,,1.27,1.58,,,-32.7331,,
733653,創惟統一5B購01,2026-10-01,0.01,0.0,0.0,10000000,0,紅縮,否,,0.01,0.01,0.01,,0.0,0.0,0.0
733695,高端統一5B購01,2026-10-01,0.56,-0.04,-6.67,500000000,0,綠增,是,,0.56,0.59,0.57,,-8.1699,-2.1667,3.3575
733696,高端統一65購01,2026-10-01,0.68,-0.01,-1.45,423000000,0,綠縮,否,,0.67,0.66,0.68,,2.4465,-3.0747,2.9726
733958,新應材統一5C購01,2026-10-01,0.16,-0.01,-5.88,10000000,0,紅縮,否,,0.19,0.2,0.24,,-15.3153,-16.3265,-15.917
734209,華星光統一66購01,2026-10-01,3.12,-0.15,-4.59,82000000,0,綠增,否,,3.27,3.32,3.4,,-2.677,-2.8697,1.4333
734508,台燿統一5C購01,2026-10-01,13.4,0.2,1.52,4000000,0,,是,,14.72,,,,,,
734994,新應材統一62購01,2026-10-01,0.39,0.1,34.48,200000000,0,紅增,否,,0.32,0.34,0.35,,-6.3584,4.6875,-0.7143
735029,新應材元富64購01,2026-10-01,1.82,-0.06,-3.19,1000000,0,,否,,1.83,1.82,2.18,,0.8811,-11.9691,
735271,波若威統一62購01,2026-10-01,7.55,-0.75,-9.04,1000000,0,紅縮,否,,7.87,7.01,6.45,,27.9675,21.8283,4.2866
735647,久禾光統一61購01,2026-10-01,0.07,0.01,16.67,10000000,0,綠縮,否,,0.05,0.07,0.12,,-47.8261,-40.678,-25.8786
735659,彩富統一61購01,2026-10-01,0.15,-0.03,-16.67,11000000,0,,否,,0.17,0.21,0.47,,-30.0813,-56.1845,
735660,彩富統一63購01,2026-10-01,0.16,-0.02,-11.11,21000000,0,綠縮,否,,0.18,0.19,0.42,,-11.0,-30.2583,-33.6999
735849,均華統一63購01,2026-10-01,0.7,-0.2,-22.22,10000000,0,,否,,0.89,0.77,0.66,,36.9231,30.2876,
736081,均華統一63購02,2026-10-01,0.62,0.12,24.0,11000000,0,,否,,0.64,0.74,0.64,,-23.5012,5.1429,-3.0441
736154,立碁統一61購01,2026-10-01,1.02,-0.03,-2.86,10000000,0,紅縮,否,,0.99,0.93,0.84,,13.2723,6.5143,13.0229
736160,金居統一62購01,2026-10-01,10.2,-1.1,-9.73,15000000,0,紅縮,否,,12.16,12.63,11.0,,-7.1756,8.7855,6.7217
736244,金居統一61購01,2026-10-01,9.95,0.5,5.29,5000000,0,紅增,否,,9.59,9.78,8.85,,-3.7149,5.5046,2.324
736249,家登統一61購01,2026-10-01,0.69,0.01,1.47,1000000,0,紅增,否,,0.66,0.61,0.62,,15.4386,7.1553,-3.028
736349,安國統一63購01,2026-10-01,0.38,-0.1,-20.83,81000000,0,紅縮,是,,0.43,0.42,0.41,,1.4286,0.9547,-1.93
736350,安國統一65購01,2026-10-01,0.4,0.09,29.03,17000000,0,,否,,0.28,0.27,0.29,,0.7299,6.1776,-16.4029
736351,安國統一66購01,2026-10-01,0.14,0.01,7.69,10000000,0,紅增,否,,0.14,0.13,0.15,,11.1111,3.9062,-24.2187
736354,安國統一67購03,2026-10-01,0.3,0.01,3.45,2000000,0,紅增,否,,0.29,0.28,0.26,,0.7042,12.2047,1.9455
736427,M31統一61購03,2026-10-01,0.17,-0.04,-19.05,10000000,0,紅縮,否,,0.16,0.13,0.12,,58.0,43.3333,15.5
736431,宏捷科統一61購01,2026-10-01,0.42,0.02,5.0,5000000,0,紅增,否,,0.39,0.43,0.48,,-19.1667,-10.5155,-16.6376
736474,中美晶統一5A購01,2026-10-01,1.2,0.11,10.09,2000000,0,綠轉紅,否,,0.99,0.86,1.07,,34.6995,7.9146,-3.9444
736478,新盛力統一67購01,2026-10-01,3.24,-0.21,-6.09,12000000,0,綠增,否,,3.24,3.48,3.31,,-12.6548,10.62,-2.1861
736479,漢磊統一61購01,2026-10-01,1.27,0.0,0.0,106000000,0,紅縮,否,,1.24,1.03,0.96,,49.1566,23.389,11.6212
736604,元債20凱基67購01,2026-10-01,1.33,-0.06,-4.32,98000000,0,,是,,1.54,1.76,,,-21.7039,-19.2096,
736934,金居統一5B購01,2026-10-01,8.6,0.2,2.38,33000000,0,紅縮,是,,8.53,8.52,8.29,,0.3529,1.0682,7.1405
737801,漢磊國票5B購01,2026-10-01,4.0,0.15,3.9,43000000,0,綠縮,是,,3.54,2.63,4.75,,104.157,-30.483,-19.3994
737930,晶呈統一5C購01,2026-10-01,2.21,-0.06,-2.64,31000000,0,紅增,否,,1.96,1.72,1.58,,31.7631,14.5709,4.7635
738137,亞信統一5B購01,2026-10-01,0.27,0.01,3.85,50000000,0,紅增,否,,0.25,0.25,0.27,,2.459,-5.364,-8.9527
738138,亞信統一64購01,2026-10-01,0.43,0.09,26.47,115000000,0,,是,,0.31,0.33,,,-7.6471,,
738153,精測統一64購01,2026-10-01,1.7,-0.3,-15.0,1000000,0,,否,,1.85,1.72,,,16.1857,,
738154,廣明統一64購01,2026-10-01,0.05,0.0,0.0,10000000,0,,是,,0.06,0.11,,,-65.4321,,
738184,世禾統一5B購01,2026-10-01,0.1,0.01,11.11,1000000,0,,否,,0.16,0.25,,,-54.9133,-26.6082,
738281,M31統一5B購01,2026-10-01,0.26,-0.03,-10.34,5000000,0,紅增,否,,0.23,0.17,0.15,,91.6667,49.5726,10.3943
738288,新應材統一64購01,2026-10-01,0.3,-0.06,-16.67,27000000,0,綠增,否,,0.32,0.32,0.35,,-2.454,-15.7068,-5.4813
738291,環球晶統一64購01,2026-10-01,3.57,0.27,8.18,11000000,0,綠轉紅,否,,3.07,2.98,3.1,,6.1507,1.7047,-15.3078
738746,朋程統一5C購01,2026-10-01,0.14,0.0,0.0,10000000,0,綠縮,否,,0.14,0.14,0.23,,4.4776,-22.5989,-24.5847
738754,晶焱統一5C購01,2026-10-01,0.1,0.0,0.0,10000000,0,,否,,0.14,0.24,0.36,,-60.1156,-39.801,
738760,群翊統一5C購01,2026-10-01,0.28,-0.03,-9.68,3000000,0,,否,,0.26,0.31,0.4,,-26.9663,-25.9615,
739372,力旺統一5C購01,2026-10-01,0.68,0.08,13.33,220000000,0,紅縮,否,,0.65,0.54,0.44,,50.9259,27.5294,11.9441
739375,合晶統一5C購01,2026-10-01,4.45,-0.26,-5.52,21000000,0,,是,,6.28,5.67,,,24.0616,22.4574,
739376,均豪統一5B購01,2026-10-01,0.1,-0.01,-9.09,8000000,0,,是,,0.12,0.17,,,-44.9541,,
739383,威剛統一64購01,2026-10-01,4.0,0.0,0.0,4000000,0,紅縮,否,,4.02,4.04,3.65,,-0.8876,4.8015,5.7246
739384,鈊象統一5C購01,2026-10-01,0.09,0.01,12.5,5000000,0,,否,,0.11,0.14,,,-36.9048,,
739385,萬泰科統一64購01,2026-10-01,0.89,0.02,2.3,85000000,0,紅增,否,,0.86,0.85,0.85,,2.3753,-0.6993,-2.901
739386,群翊統一5C購02,2026-10-01,0.48,0.03,6.67,2000000,0,,否,,0.46,,,,,,
739425,泰茂國票5A購01,2026-10-01,0.02,0.0,0.0,1000000,0,紅縮,否,,0.03,0.03,0.03,,-13.3333,-3.4483,-11.1111
739442,中美晶統一5C購01,2026-10-01,0.77,0.01,1.32,39000000,0,紅增,是,,0.75,0.69,0.68,,17.2956,1.1713,-5.0491
739447,朋程統一5C購02,2026-10-01,0.24,0.0,0.0,2000000,0,,否,,0.22,0.36,0.48,,-57.8125,-35.689,
739460,環球晶統一64購02,2026-10-01,2.38,0.08,3.48,45000000,0,紅增,否,,2.22,2.03,2.08,,21.024,5.5122,0.8985
739642,弘塑統一5C購01,2026-10-01,0.46,-0.08,-14.81,5000000,0,,否,,0.54,0.79,,,-48.659,-37.4505,
739644,合晶統一5C購02,2026-10-01,4.09,-0.36,-8.09,11000000,0,綠增,是,,4.45,4.56,4.95,,-4.7537,-13.195,3.8825
739645,均豪統一5C購01,2026-10-01,0.07,-0.11,-61.11,300000000,0,,是,,0.18,,,,,,
7402,邑錡,2026-10-01,100.5,-0.5,-0.5,120712000,0,綠轉紅,否,,100.08,100.29,102.57,,-0.4179,-1.2894,-1.7293
7547,碩網,2026-10-01,64.1,-0.7,-1.08,239794000,0,紅增,否,,61.52,55.88,53.33,,22.4766,11.5603,4.008
7556,意德士,2026-10-01,262.5,-2.0,-0.76,28294000,0,紅縮,否,,264.2,257.45,252.88,,5.3849,3.5599,3.1196
7584,樂意,2026-10-01,28.6,-0.1,-0.35,7003000,0,紅縮,否,,28.11,28.07,27.29,,0.2496,2.1095,1.9518
7642,昶瑞機電,2026-10-01,68.2,-0.3,-0.44,8419000,0,綠縮,否,,68.92,69.58,73.16,,-1.8793,-4.4756,-3.2979
7703,銳澤,2026-10-01,205.0,3.5,1.74,91894000,0,紅縮,否,,202.0,200.45,193.7,,1.5586,1.8806,3.0182
7704,明遠精密,2026-10-01,61.2,-0.2,-0.33,28057000,0,綠增,否,,61.56,61.42,61.3,,0.4569,1.1528,-0.9852
7708,全家餐飲,2026-10-01,92.2,0.0,0.0,16935000,0,紅增,否,,92.02,91.94,92.02,,0.1742,0.0,-0.1519
7709,榮田,2026-10-01,85.8,-0.5,-0.58,83507000,0,紅縮,否,,86.36,84.6,80.59,,4.2492,2.8196,4.7303
7712,博盛半導體,2026-10-01,169.0,8.0,4.97,370747000,0,紅增,否,,164.0,159.3,154.78,,6.0802,4.1176,3.2522
7713,威力德生醫,2026-10-01,74.3,0.0,0.0,2000000,0,綠增,否,,74.1,73.97,73.5,,0.3521,0.1218,1.4843
7714,創泓科技,2026-10-01,169.5,-2.5,-1.45,331188000,0,綠縮,否,,166.3,171.25,169.2,,-5.6186,1.1518,0.5796
7715,裕山,2026-10-01,28.35,-0.05,-0.18,33562000,0,紅增,否,,27.81,27.91,28.71,,-0.7495,-1.4475,-4.4039
7716,昱臺國際,2026-10-01,23.95,0.05,0.21,6000000,0,紅增,是,,23.93,23.7,23.74,,1.9599,0.6583,-0.2207
7717,萊德光電-KY,2026-10-01,551.0,-53.0,-8.77,1135595000,0,紅縮,否,,589.8,573.7,505.05,,5.7747,11.9742,8.6655
7718,友鋮,2026-10-01,46.0,0.2,0.44,9240000,0,綠縮,否,,46.06,45.98,46.44,,0.3267,-0.53,-0.9386
7723,築間,2026-10-01,18.25,-0.15,-0.82,5434000,0,紅縮,否,,18.32,18.53,18.77,,-2.2412,-1.5147,-2.2141
7728,光焱科技,2026-10-01,649.0,-18.0,-2.7,152373000,0,紅增,是,,621.4,617.7,618.5,,1.2052,-0.2584,0.9713
7734,印能科技,2026-10-01,2795.0,130.0,4.88,413356000,0,紅增,是,,2694.0,2625.5,2723.0,,5.3578,-1.997,-4.6902
7738,東聯互動,2026-10-01,156.0,0.5,0.32,11440000,0,綠縮,否,,156.1,158.4,163.95,,-2.8625,-4.2322,-1.841
7743,金利食安,2026-10-01,25.0,0.0,0.0,15070000,0,紅縮,否,,24.94,24.56,22.96,,3.1431,6.4586,4.863
7744,崴寶,2026-10-01,537.0,14.0,2.68,71158000,0,綠縮,否,,532.0,520.35,518.83,,4.5803,0.2505,3.1872
7747,昕奇雲端,2026-10-01,111.5,0.0,0.0,301203000,0,紅縮,是,,111.9,112.6,113.3,,-1.2357,-0.7055,-0.8749
7751,竑騰,2026-10-01,1630.0,5.0,0.31,111238000,0,紅增,否,,1552.0,1489.0,1547.25,,8.8359,0.8466,2.0782
7753,星亞,2026-10-01,35.7,0.1,0.28,16038000,0,紅增,否,,35.54,35.7,36.2,,-0.8647,-1.1356,-1.4563
7757,金色三麥,2026-10-01,89.2,-1.0,-1.11,16324000,0,紅縮,否,,90.02,89.39,89.38,,1.4196,0.5286,0.0336
7770,君曜,2026-10-01,41.45,-1.15,-2.7,10000000,0,紅縮,否,,41.2,39.88,37.91,,6.8465,8.1198,1.1674
7772,耀穎,2026-10-01,184.0,8.0,4.55,162250000,0,紅縮,否,,177.9,163.8,133.53,,18.8377,22.2844,19.3876
7777,能率亞洲,2026-10-01,38.25,0.25,0.66,2967705000,0,紅增,是,,36.58,36.42,37.43,,0.8825,-1.5809,-2.2717
7782,光速火箭,2026-10-01,25.15,-0.1,-0.4,1000000,0,綠縮,否,,25.19,25.45,25.73,,-2.0226,-1.5664,-0.9529
7792,安葆,2026-10-01,421.0,-3.0,-0.71,371596000,0,紅縮,否,,422.4,376.6,341.5,,27.6904,17.5589,15.4496
7794,宏碁智新,2026-10-01,30.3,-0.3,-0.98,39711000,0,綠增,是,,30.27,30.68,30.16,,-2.6062,-0.7121,1.1486
7805,威聯通,2026-10-01,490.0,-4.0,-0.81,48044000,0,紅增,否,,494.2,497.55,512.42,,-1.3376,-1.113,-8.1388
7810,捷創科技,2026-10-01,235.0,0.0,0.0,219901000,0,紅增,否,,230.9,225.65,221.4,,4.7641,2.8487,4.1025
7811,民盛,2026-10-01,73.5,0.0,0.0,5000000,0,紅縮,否,,73.4,73.02,73.05,,1.0463,-0.1641,0.8072
7814,海昌生技,2026-10-01,28.4,0.15,0.53,16352000,0,紅增,否,,28.35,28.38,28.9,,-0.1761,-1.373,-1.8341
7819,精誠金融,2026-10-01,33.7,0.0,0.0,13092000,0,紅縮,否,,34.09,34.21,34.66,,-0.728,-1.3693,-1.0562
7820,立盈,2026-10-01,110.0,-0.5,-0.45,10020000,0,綠縮,否,,108.7,107.6,113.38,,2.0657,-4.0143,-0.8526
7825,和亞智慧,2026-10-01,85.6,1.2,1.42,443629000,0,綠縮,否,是,82.12,83.01,90.32,80.94,-2.1216,-10.2401,-1.8315
7828,創新服務,2026-10-01,1875.0,-10.0,-0.53,149757000,0,紅轉綠,否,,1920.0,1953.5,1867.5,,-3.3719,0.1795,2.9351
7839,達人網,2026-10-01,43.0,-0.2,-0.46,21000000,0,紅縮,是,,43.13,43.24,43.75,,-0.5075,-0.7346,-1.3752
7842,天能綠電,2026-10-01,97.7,-0.6,-0.61,3483000,0,綠增,否,,97.76,97.76,99.21,,0.0,-0.6504,2.3522
7856,漢測,2026-10-01,4300.0,50.0,1.18,536716000,0,,否,,4440.0,,,,,,
8024,佑華,2026-10-01,12.35,-0.2,-1.59,52474000,0,紅縮,否,,12.52,12.65,12.84,,-2.111,-1.4408,-2.654
8027,鈦昇,2026-10-01,209.5,-12.5,-5.63,9159424000,0,紅增,是,,198.8,186.8,181.45,,13.73,5.9858,2.2542
8032,光菱,2026-10-01,36.2,0.0,0.0,24462000,0,紅增,否,,36.04,35.52,35.61,,2.942,0.8517,-0.6001
8034,榮群,2026-10-01,19.95,-0.4,-1.97,69690000,0,紅縮,否,,20.36,20.21,19.87,,1.4955,0.798,1.8191
8038,長園科,2026-10-01,33.85,-0.75,-2.17,135456000,0,紅增,否,,33.21,32.41,31.71,,5.0285,3.728,1.1804
8040,九暘,2026-10-01,95.4,-3.1,-3.15,2808746000,0,紅縮,否,,95.9,88.19,81.92,,19.16,11.52,7.3235
8042,金山電,2026-10-01,118.0,6.5,5.83,12002178000,0,紅增,是,,113.3,112.65,110.05,,1.1607,0.7152,0.7323
8043,蜜望實,2026-10-01,138.5,8.0,6.13,6320744000,0,紅增,是,,133.0,132.4,135.75,,0.9105,-2.2518,-1.3803
8044,網家,2026-10-01,24.2,-0.1,-0.41,286988000,0,紅增,否,,24.09,23.94,24.09,,1.261,0.9701,-2.6669
8047,星雲,2026-10-01,51.0,0.2,0.39,205456000,0,紅增,否,,49.55,47.42,46.04,,9.406,7.0308,2.7105
8048,德勝,2026-10-01,50.8,0.2,0.4,63398000,0,紅增,否,,50.38,49.67,50.33,,2.8793,0.5669,-1.1198
8049,晶采,2026-10-01,24.8,0.2,0.81,188969000,0,紅增,是,,24.57,24.53,24.48,,0.3267,0.3682,-1.5086
8050,廣積,2026-10-01,63.4,-0.2,-0.31,1895500000,0,紅縮,否,,62.64,60.48,58.4,,7.4074,6.068,0.5164
8054,安國,2026-10-01,89.8,1.2,1.35,2193880000,0,紅增,否,,86.94,85.32,83.52,,3.871,3.1431,1.175
8059,凱碩,2026-10-01,17.55,0.4,2.33,68765000,0,紅縮,否,,17.46,15.89,14.97,,21.8423,14.3937,4.5931
8064,東捷,2026-10-01,143.5,-2.0,-1.37,8061497000,0,紅縮,否,,140.5,133.45,121.08,,11.1551,9.5649,8.553
8066,來思達,2026-10-01,14.95,-0.2,-1.32,12083000,0,紅縮,否,,15.01,15.01,14.81,,-0.0666,1.6588,0.22
8067,志旭,2026-10-01,12.0,-0.35,-2.83,3150000,0,紅增,否,,11.94,11.9,12.02,,0.6745,-0.042,-2.4554
8068,全達,2026-10-01,17.75,0.0,0.0,144518000,0,紅縮,否,,17.89,17.12,16.98,,9.419,3.6006,0.0884
8069,元太,2026-10-01,144.0,0.0,0.0,4088561000,0,紅增,否,,144.1,145.1,149.0,,-1.3689,-1.2589,-4.6705
8071,能率網通,2026-10-01,22.0,-0.05,-0.23,305535000,0,紅增,否,,21.92,21.75,22.5,,1.5755,-1.7837,-2.375
8074,鉅橡,2026-10-01,51.8,0.2,0.39,193109000,0,紅增,否,,51.16,50.75,52.23,,1.6087,-1.4944,-2.2367
8076,伍豐,2026-10-01,21.6,-0.2,-0.92,352317000,0,紅增,否,,21.62,21.52,22.02,,0.9337,-0.738,-2.0467
8077,洛碁,2026-10-01,41.8,-0.35,-0.83,1028000,0,紅縮,否,,42.63,42.94,43.27,,-1.4107,-0.5444,-1.4687
8080,泰霖,2026-10-01,28.0,0.2,0.72,5558000,0,綠縮,否,,28.0,28.38,28.51,,-2.6087,-1.527,0.2021
8083,瑞穎,2026-10-01,156.5,0.5,0.32,91132000,0,紅增,是,,155.7,156.15,157.25,,-0.5747,-0.6363,-0.5376
8084,巨虹,2026-10-01,24.2,-2.65,-9.87,2425000000,0,綠增,是,,30.14,35.74,40.98,,-27.11,-17.5908,-10.3614
8085,福華,2026-10-01,14.6,0.2,1.39,141961000,0,綠縮,否,,14.33,14.32,14.46,,0.1398,-2.3525,5.1082
8086,宏捷科,2026-10-01,115.0,0.5,0.44,3870958000,0,紅增,是,,111.8,110.1,111.6,,3.1365,0.5479,-1.3481
8087,麗升能源,2026-10-01,23.6,0.8,3.51,21114000,0,綠縮,否,,23.42,23.86,25.12,,-3.6214,-5.43,-4.8399
8088,品安,2026-10-01,43.65,-0.75,-1.69,753829000,0,紅增,是,,42.87,42.45,43.3,,2.0228,-0.1529,-2.7455
8089,康全電訊,2026-10-01,19.6,0.1,0.51,70869000,0,紅縮,否,,19.4,18.91,18.22,,5.3775,6.1184,1.7167
8091,翔名,2026-10-01,215.5,-1.5,-0.69,148155000,0,紅縮,否,,217.0,214.7,215.28,,2.1657,0.8692,-1.4872
8092,建暐,2026-10-01,12.55,-0.05,-0.4,28115000,0,紅縮,否,,12.71,12.72,12.84,,-0.1571,-0.7026,-0.3491
8093,保銳,2026-10-01,25.25,1.6,6.77,25769000,0,綠縮,否,,23.97,24.46,25.51,,-3.8893,-4.3793,1.2903
8096,擎亞,2026-10-01,87.5,-0.8,-0.91,2981792000,0,紅增,否,,86.6,86.94,95.73,,-0.7791,-7.6678,-8.133
8097,常珵,2026-10-01,48.55,0.05,0.1,114427000,0,紅增,否,,48.41,48.59,48.8,,-0.7178,-0.3282,-1.2297
8099,大世科,2026-10-01,60.3,0.7,1.17,89890000,0,紅增,是,,60.14,59.85,59.69,,0.9738,0.4195,0.9726
8102,傑霖科技,2026-10-01,59.0,-0.9,-1.5,2000000,0,綠縮,否,,59.9,61.67,64.57,,-5.5801,-4.3283,-3.6918
8107,大億金茂,2026-10-01,11.8,-0.2,-1.67,57574000,0,綠增,否,,12.04,12.1,12.23,,-0.9053,-1.3056,0.1433
8109,博大,2026-10-01,144.5,9.5,7.04,1379977000,0,紅增,是,,135.6,133.1,131.5,,3.8285,2.5029,0.8436
8111,立碁,2026-10-01,78.0,-1.3,-1.64,5912736000,0,紅縮,否,,77.5,76.0,73.11,,4.0268,4.2238,6.6754
8121,越峰,2026-10-01,34.65,3.15,10.0,2904156000,0,紅增,是,,31.32,29.3,28.29,,14.8094,7.6414,1.7994
8147,正淩,2026-10-01,143.5,-15.0,-9.46,1012989000,0,紅縮,是,,144.8,138.95,133.82,,8.7904,4.0045,3.8812
8155,博智,2026-10-01,313.5,-2.5,-0.79,786262000,0,綠增,否,,323.7,324.25,332.5,,-0.3387,-2.759,0.7881
8171,天宇,2026-10-01,20.7,-0.1,-0.48,74556000,0,紅縮,否,,20.64,20.37,20.02,,2.6866,2.6455,1.0218
8176,智捷,2026-10-01,9.71,-0.05,-0.51,33598000,0,紅轉綠,否,,9.76,9.8,9.82,,-0.6918,-0.2444,-0.4913
8182,加高,2026-10-01,44.25,2.85,6.88,3733601000,0,紅增,是,,41.55,40.2,39.79,,6.9773,4.0243,0.7915
8227,巨有科技,2026-10-01,363.5,-7.0,-1.89,11911058000,0,紅縮,是,,337.5,304.25,236.8,,24.5387,35.0422,24.6316
8234,新漢,2026-10-01,63.0,0.4,0.64,280630000,0,綠縮,否,,61.92,62.01,64.39,,-0.2899,-3.351,-2.8518
8240,華宏,2026-10-01,60.2,2.9,5.06,8494126000,0,紅增,是,,55.2,52.89,50.61,,9.1556,3.5033,6.5916
8255,朋程,2026-10-01,149.5,2.5,1.7,337796000,0,紅增,否,,145.0,140.55,142.07,,6.5393,1.3704,-0.2282
8272,全景軟體,2026-10-01,63.9,-0.6,-0.93,4309000,0,紅縮,否,,64.44,64.73,64.22,,-0.892,0.5436,0.1169
8277,商丞,2026-10-01,15.5,0.0,0.0,181535000,0,紅縮,否,,15.62,12.62,10.34,,62.5052,42.9575,23.0202
8279,生展,2026-10-01,80.8,2.8,3.59,45559000,0,紅增,是,,78.76,78.82,79.7,,-0.1521,-0.0507,-2.799
8284,三竹,2026-10-01,67.6,-0.4,-0.59,28023000,0,綠增,是,,67.98,68.43,67.53,,-1.3066,1.0932,1.5108
8289,泰藝,2026-10-01,51.0,4.6,9.91,2531326000,0,紅增,是,,46.53,44.73,44.95,,8.3605,3.2902,0.4694
8291,尚茂,2026-10-01,28.35,-0.2,-0.7,21620000,0,紅縮,否,,29.07,29.67,30.89,,-3.9326,-2.7377,-6.0671
8299,群聯,2026-10-01,2110.0,-40.0,-1.86,1963298000,0,紅縮,否,,2143.0,2093.0,2080.0,,4.8948,2.598,1.3275
8342,益張,2026-10-01,83.5,0.0,0.0,4001000,0,綠縮,否,,83.9,83.82,85.81,,0.1911,-1.9534,-1.9482
8349,恒耀,2026-10-01,40.5,0.1,0.25,191225000,0,紅增,否,,39.71,38.92,38.95,,4.1164,1.1302,0.1028
8349A,恒耀甲特,2026-10-01,45.4,0.05,0.11,2000000,0,紅縮,否,,45.42,45.47,45.41,,-0.2197,-0.1427,0.1931
8354,冠好,2026-10-01,16.75,-0.15,-0.89,93353000,0,綠增,是,,16.97,17.01,17.27,,-0.4692,-1.5625,-0.1446
8358,金居,2026-10-01,505.0,10.0,2.02,17865456000,0,紅縮,是,,501.2,500.35,490.23,,0.3403,0.3208,5.9431
8383,千附,2026-10-01,67.9,-0.5,-0.73,484317000,0,紅增,否,,67.58,66.85,65.97,,2.2081,2.0611,-1.0499
8390,金益鼎,2026-10-01,90.3,-0.1,-0.11,215895000,0,綠縮,否,,90.1,90.77,94.13,,-1.4654,-3.127,-2.2686
8401,白紗科,2026-10-01,22.7,-0.05,-0.22,24100000,0,綠縮,否,,22.7,22.7,22.78,,-0.044,-0.11,-0.3499
8403,盛弘,2026-10-01,18.9,-0.05,-0.26,67492000,0,紅轉綠,否,,18.97,18.98,19.06,,-0.0527,0.0264,-0.3399
8409,商之器,2026-10-01,18.0,0.0,0.0,2020000,0,紅縮,否,,18.08,18.08,18.09,,0.0,-0.1381,-0.1931
8410,森田,2026-10-01,27.8,0.0,0.0,28372000,0,綠縮,否,,27.92,28.55,29.69,,-4.3508,-3.4978,-3.1556
8415,大國鋼,2026-10-01,35.55,0.35,0.99,471105000,0,綠縮,否,,35.3,35.02,36.2,,1.6412,-2.2883,-1.8304
8416,實威,2026-10-01,169.0,0.0,0.0,3187000,0,紅縮,否,,168.9,169.2,169.05,,-0.354,-0.1181,0.1036
8421,旭源,2026-10-01,13.0,0.05,0.39,113845000,0,紅增,是,,12.88,12.85,12.97,,0.3897,0.8235,-1.8357
8423,保綠-KY,2026-10-01,18.0,-0.2,-1.1,9020000,0,紅縮,否,,18.05,17.95,17.99,,1.1204,-0.3885,0.2368
8426,紅木-KY,2026-10-01,20.65,0.0,0.0,18171000,0,綠縮,否,,20.61,20.61,20.71,,0.0,-0.2662,-0.8735
8431,匯鑽科,2026-10-01,64.7,-2.1,-3.14,1173677000,0,紅縮,否,,64.86,64.31,60.73,,1.7252,0.6731,7.2109
8432,東生華,2026-10-01,50.7,0.0,0.0,32574000,0,紅增,否,,50.58,50.45,50.44,,0.5167,0.2185,0.0198
8433,弘帆,2026-10-01,52.8,0.0,0.0,11144000,0,綠縮,否,,52.82,53.07,54.13,,-0.9377,-1.704,-0.6789
8435,鉅邁,2026-10-01,53.3,-0.1,-0.19,10367000,0,紅增,否,,53.08,53.05,53.25,,0.1132,-0.282,-0.1407
8436,大江,2026-10-01,105.0,-1.5,-1.41,228287000,0,綠縮,否,,105.4,104.95,110.15,,0.8612,-2.1445,-3.6097
8437,大地-KY,2026-10-01,10.6,0.4,3.92,52209000,0,紅增,否,,10.28,9.68,9.42,,13.3598,5.979,3.3849
8440,綠電,2026-10-01,20.2,-0.15,-0.74,47988000,0,紅縮,否,,20.42,20.19,20.21,,2.3046,0.8996,0.6224
8446,華研,2026-10-01,84.9,0.1,0.12,12158000,0,紅增,否,,84.58,84.74,85.03,,-0.3769,-0.5749,-0.2288
8450,霹靂,2026-10-01,14.3,0.0,0.0,18471000,0,紅增,否,,14.33,14.27,14.41,,0.9155,-0.7307,-1.1149
8455,大拓-KY,2026-10-01,22.1,0.0,0.0,3000000,0,紅增,否,,22.15,22.62,23.0,,-4.1126,-1.5662,-2.82
8472,納維康,2026-10-01,69.2,-0.3,-0.43,181956000,0,綠增,是,,73.42,75.73,73.29,,-5.92,-0.5777,1.4464
8477,創業家,2026-10-01,14.2,0.1,0.71,6419000,0,綠縮,否,,14.25,14.59,14.99,,-4.6185,-3.4403,-2.5353
8489,三貝德,2026-10-01,22.45,0.0,0.0,43084000,0,紅縮,否,,22.47,22.23,22.25,,2.1828,1.0455,-0.5585
8905,裕國,2026-10-01,34.5,-0.15,-0.43,4743000,0,綠增,否,,34.78,34.73,34.71,,0.3173,0.4338,2.329
8906,花王,2026-10-01,28.95,0.35,1.22,1158000,0,綠增,否,,28.96,29.07,28.85,,-0.7539,-0.0344,0.9447
8908,欣雄,2026-10-01,40.2,-0.15,-0.37,19388000,0,紅縮,否,,40.17,40.18,40.23,,-0.0498,0.0872,0.168
8916,光隆,2026-10-01,41.0,-0.05,-0.12,25745000,0,紅縮,否,,40.98,40.96,40.91,,0.0977,-0.0732,-0.2743
8924,大田,2026-10-01,49.9,0.45,0.91,42214000,0,紅增,否,,49.51,49.74,50.14,,-0.9206,-1.0838,-0.9531
8927,北基,2026-10-01,19.1,0.35,1.87,166988000,0,紅增,否,,18.95,18.91,19.26,,0.424,-0.839,-1.5212
8928,鉅明,2026-10-01,23.0,0.05,0.22,7264000,0,綠縮,否,,23.03,23.12,23.66,,-0.7328,-2.6122,-0.1688
8929,富堡,2026-10-01,13.1,-0.1,-0.76,8698000,0,紅增,否,,12.99,12.97,13.07,,0.2315,-0.2307,-0.5139
8930,青鋼,2026-10-01,28.7,-0.05,-0.17,19230000,0,綠縮,否,,28.77,28.86,29.35,,-0.6561,-1.6525,-0.9868
8931,大汽電,2026-10-01,42.65,-0.6,-1.39,16211000,0,紅縮,否,,43.02,43.09,42.06,,-0.3475,2.3634,1.3249
8932,智通*,2026-10-01,91.8,-0.8,-0.86,729129000,0,紅縮,否,,92.72,91.92,94.28,,1.7559,0.5799,-3.3473
8933,愛地雅,2026-10-01,4.6,0.1,2.22,90514000,0,綠轉紅,否,,4.55,4.52,4.56,,1.4267,-0.4627,0.5296
8935,邦泰,2026-10-01,19.3,-0.35,-1.78,160063000,0,紅增,否,,18.62,18.09,18.07,,6.0364,1.7435,1.105
8936,國統,2026-10-01,52.7,0.1,0.19,1023435000,0,紅增,否,,52.26,52.03,51.36,,0.888,1.8997,0.2733
8937,合騏*,2026-10-01,25.5,-0.7,-2.67,48739000,0,綠增,否,,26.12,27.31,27.86,,-8.383,-5.0078,1.7904
8938,明安,2026-10-01,52.2,-0.4,-0.76,46520000,0,紅縮,否,,52.38,52.22,51.97,,0.6147,0.5197,-0.2208
8941,關中,2026-10-01,43.95,0.15,0.34,12000000,0,綠縮,是,,43.94,44.09,44.21,,-0.6557,-0.215,0.2494
8942,森鉅,2026-10-01,40.15,-0.05,-0.12,107261000,0,綠縮,否,,40.33,40.66,41.44,,-1.5861,-2.1776,0.0181
9949,琉園,2026-10-01,24.3,0.0,0.0,8733000,0,紅增,否,,24.17,24.09,24.02,,0.6664,0.1039,0.3865
9950,萬國通,2026-10-01,10.25,0.05,0.49,22252000,0,綠轉紅,否,,10.23,10.24,10.28,,-0.1951,-0.5342,-0.3877
9951,皇田,2026-10-01,47.0,0.0,0.0,64445000,0,綠縮,否,,47.35,47.82,49.97,,-1.9466,-2.7357,-2.8624
9960,邁達康,2026-10-01,37.5,-4.0,-9.64,158632000,0,紅縮,否,,39.43,35.63,33.08,,23.8768,14.3086,6.1963
9962,有益,2026-10-01,10.35,0.0,0.0,101149000,0,紅增,否,,10.19,10.09,10.16,,2.1042,0.0198,0.1626
