股票代號,股票名稱,日期,收盤價,漲跌(元),漲跌幅(%),成交量（股）,成交金額（元）,MACD狀態,出量,站上60日均,5日均價,10日均價,20日均價,60日均價,5日均斜率(%),10日均斜率(%),20日均斜率(%)
00411A,主動統一前沿科技,2026-09-08,9.76,-0.05,-0.51,16833668000,0,,是,,9.67,9.7,9.73,,-0.5143,0.4558,
006201,元大富櫃50,2026-09-08,45.23,-0.18,-0.4,89683000,0,紅縮,否,,44.65,43.98,42.65,,3.113,2.0301,1.1827
00679B,元大美債20年,2026-09-08,25.6,-0.02,-0.08,13492983000,0,綠縮,否,,25.68,25.79,26.21,,-0.8416,-1.5534,-1.1001
00687B,國泰20年美債,2026-09-08,26.92,-0.05,-0.19,17335268000,0,綠縮,否,,27.02,27.1,27.4,,-0.6326,-1.008,-0.8109
00687C,國泰20年美債+櫃U,2026-09-08,9.12,0.03,0.33,25000000,0,紅增,否,,9.09,9.1,9.11,,-0.1099,-0.1318,-0.3444
00694B,富邦美債1-3,2026-09-08,41.43,-0.13,-0.31,520060000,0,綠增,是,,41.63,41.75,42.06,,-0.5827,-0.8407,-0.4603
00695B,富邦美債7-10,2026-09-08,34.31,-0.1,-0.29,117317000,0,綠增,否,,34.49,34.66,35.0,,-0.9762,-1.1973,-0.7668
00696B,富邦美債20年,2026-09-08,27.88,-0.06,-0.21,3887427000,0,綠縮,是,,27.98,28.06,28.38,,-0.5898,-1.0054,-0.9512
00697B,元大美債7-10,2026-09-08,34.88,-0.11,-0.31,215032000,0,綠增,否,,35.06,35.23,35.57,,-0.9549,-1.1615,-0.6217
00719B,元大美債1-3,2026-09-08,30.81,-0.12,-0.39,2224305000,0,綠增,否,,30.96,31.06,31.26,,-0.6354,-0.8047,-0.4838
00720B,元大投資級公司債,2026-09-08,31.58,-0.07,-0.22,5456217000,0,綠縮,是,,31.71,31.79,32.11,,-0.5145,-0.9996,-1.0707
00722B,群益投資級電信債,2026-09-08,33.94,-0.07,-0.21,2772277000,0,綠縮,否,,34.08,34.16,34.49,,-0.4673,-0.8648,-1.0131
00723B,群益投資級科技債,2026-09-08,29.09,-0.03,-0.1,103000000,0,綠縮,否,,29.19,29.26,29.55,,-0.5045,-1.1786,-0.9684
00724B,群益投資級金融債,2026-09-08,32.42,-0.08,-0.25,3756101000,0,綠縮,否,,32.57,32.72,33.08,,-0.8704,-1.2555,-0.9046
00725B,國泰投資級公司債,2026-09-08,33.64,-0.06,-0.18,2606074000,0,綠縮,否,,33.78,33.87,34.21,,-0.5241,-1.0487,-0.8909
00726B,國泰新興投等債,2026-09-08,31.93,-0.11,-0.34,250758000,0,綠縮,是,,32.07,32.19,32.52,,-0.7551,-0.8226,-1.0106
00727B,國泰優選非投等債,2026-09-08,38.96,-0.12,-0.31,209041000,0,綠增,否,,39.15,39.24,39.47,,-0.4526,-0.7512,-0.5179
00734B,台新JPM新興債,2026-09-08,15.41,0.06,0.39,4000000,0,綠縮,否,,15.39,15.42,15.59,,-0.3626,-0.9317,-0.9716
00740B,富邦全球投等債,2026-09-08,36.99,-0.08,-0.22,1251475000,0,綠縮,否,,37.15,37.24,37.68,,-0.5089,-1.2358,-0.9113
00741B,富邦全球非投等債,2026-09-08,36.92,-0.14,-0.38,214795000,0,綠縮,是,,37.06,37.16,37.53,,-0.4886,-1.0677,-0.4932
00746B,富邦A級公司債,2026-09-08,34.09,-0.06,-0.18,582616000,0,綠縮,否,,34.23,34.36,34.74,,-0.7942,-1.199,-0.9198
00749B,凱基新興債10+,2026-09-08,30.61,-0.09,-0.29,108121000,0,綠縮,否,,30.69,30.76,31.06,,-0.4217,-0.9404,-0.9235
00750B,凱基科技債10+,2026-09-08,31.45,0.0,0.0,100000000,0,綠縮,否,,31.53,31.59,31.93,,-0.4106,-1.1019,-1.0153
00751B,元大AAA至A公司債,2026-09-08,30.09,-0.06,-0.2,4397752000,0,綠縮,否,,30.21,30.31,30.65,,-0.6642,-1.1447,-0.91
00754B,群益AAA-AA公司債,2026-09-08,31.12,-0.02,-0.06,105000000,0,綠縮,否,,31.19,31.28,31.92,,-0.5928,-2.0418,-1.4311
00755B,群益投資級公用債,2026-09-08,31.29,-0.08,-0.26,110218000,0,綠縮,否,,31.4,31.5,32.09,,-0.6456,-1.8356,-1.2236
00756B,群益投等新興公債,2026-09-08,30.14,-0.03,-0.1,232035000,0,綠縮,否,,30.19,30.31,30.89,,-0.7821,-1.9918,-1.2783
00758B,復華能源債,2026-09-08,49.82,-0.02,-0.04,102989000,0,綠縮,否,,49.92,49.98,50.72,,-0.2598,-1.3948,-0.9443
00759B,復華製藥債,2026-09-08,52.2,-0.15,-0.29,100999000,0,綠縮,否,,52.41,52.58,53.43,,-0.6445,-1.5724,-1.1517
00760B,復華新興企業債,2026-09-08,51.9,-0.1,-0.19,113932000,0,綠縮,否,,52.0,52.22,53.01,,-0.8391,-1.6109,-1.0731
00761B,國泰A級公司債,2026-09-08,32.68,-0.06,-0.18,480270000,0,綠縮,否,,32.82,32.93,33.55,,-0.702,-1.8945,-1.2089
00764B,群益25年美債,2026-09-08,26.81,-0.04,-0.15,3717058000,0,綠縮,否,,26.91,26.99,27.3,,-0.6131,-1.0521,-0.8659
00768B,復華20年美債,2026-09-08,47.66,-0.09,-0.19,246798000,0,綠縮,否,,47.82,47.98,48.93,,-0.6606,-1.8633,-1.2651
00772B,中信高評級公司債,2026-09-08,32.12,-0.05,-0.16,3050767000,0,綠縮,是,,32.26,32.38,32.81,,-0.7446,-1.3858,-0.9854
00773B,中信優先金融債,2026-09-08,34.39,-0.11,-0.32,786820000,0,綠縮,否,,34.58,34.74,35.22,,-0.9511,-1.5138,-0.945
00777B,凱基AAA至A公司債,2026-09-08,30.97,0.01,0.03,103082000,0,綠縮,否,,31.04,31.15,31.55,,-0.6783,-1.2679,-1.0693
00778B,凱基金融債20+,2026-09-08,32.92,-0.03,-0.09,113000000,0,綠縮,否,,33.03,33.17,33.65,,-0.8167,-1.5202,-0.9654
00779B,凱基美債25+,2026-09-08,27.16,-0.01,-0.04,304151000,0,綠縮,否,,27.22,27.3,27.61,,-0.577,-1.0223,-0.8706
00780B,國泰A級金融債,2026-09-08,35.97,-0.08,-0.22,107014000,0,綠縮,否,,36.16,36.34,36.97,,-1.0183,-1.9241,-0.9815
00781B,國泰A級科技債,2026-09-08,26.93,-0.04,-0.15,152164000,0,綠縮,否,,27.02,27.09,27.38,,-0.5668,-1.0699,-0.9316
00782B,國泰A級公用債,2026-09-08,29.14,-0.03,-0.1,233320000,0,綠縮,否,,29.23,29.33,29.67,,-0.666,-1.0993,-1.0753
00785B,富邦金融投等債,2026-09-08,33.5,-0.1,-0.3,52078000,0,綠縮,否,,33.69,33.88,34.3,,-1.0688,-1.4258,-0.9745
00786B,元大10年IG銀行債,2026-09-08,31.48,-0.01,-0.03,9000000,0,綠縮,否,,31.56,31.73,32.25,,-1.0784,-1.8074,-1.0206
00787B,元大10年IG醫療債,2026-09-08,31.46,-0.09,-0.29,3100000,0,綠縮,否,,31.57,31.67,32.01,,-0.6482,-1.0929,-0.8196
00788B,元大10年IG電能債,2026-09-08,28.82,-0.06,-0.21,101000000,0,綠縮,是,,28.94,29.04,29.38,,-0.6796,-1.1776,-1.1124
00789B,復華公司債A3,2026-09-08,45.73,-0.01,-0.02,100000000,0,綠縮,否,,45.84,45.95,46.47,,-0.5079,-1.0699,-1.2107
00791B,復華信用債1-5,2026-09-08,56.25,-0.15,-0.27,100000000,0,綠增,否,,56.5,56.71,57.09,,-0.7553,-0.7698,-0.5834
00792B,群益A級公司債,2026-09-08,30.54,-0.04,-0.13,112957000,0,綠縮,否,,30.63,30.71,31.04,,-0.5649,-1.063,-0.8324
00793B,群益AAA-A醫療債,2026-09-08,29.49,-0.09,-0.3,80850000,0,綠縮,否,,29.58,29.7,30.07,,-0.7714,-1.2371,-0.9683
00795B,中信美國公債20年,2026-09-08,25.69,-0.03,-0.12,6318950000,0,綠縮,否,,25.79,25.87,26.33,,-0.609,-1.6726,-1.158
00799B,國泰A級醫療債,2026-09-08,28.26,-0.04,-0.14,181222000,0,綠縮,否,,28.36,28.45,28.97,,-0.6168,-1.8088,-1.1702
00834B,第一金金融債10+,2026-09-08,32.85,-0.08,-0.24,111030000,0,綠縮,否,,32.95,33.1,33.43,,-0.8844,-1.0228,-1.0405
00836B,永豐10年A公司債,2026-09-08,27.61,0.04,0.15,71024000,0,綠縮,否,,27.67,27.79,28.13,,-0.8742,-1.1981,-0.9508
00840B,凱基IG精選15+,2026-09-08,28.48,0.01,0.04,100000000,0,綠縮,否,,28.56,28.66,29.06,,-0.7093,-1.4071,-1.1127
00841B,凱基AAA-AA公司債,2026-09-08,27.13,0.0,0.0,100000000,0,綠縮,否,,27.19,27.3,27.82,,-0.7809,-1.8658,-1.3809
00842B,台新美元銀行債,2026-09-08,29.1,-0.09,-0.31,324138000,0,綠縮,是,,29.18,29.27,29.61,,-0.613,-1.1482,-0.9767
00844B,台新15年IG金融債,2026-09-08,30.17,-0.03,-0.1,80000000,0,綠縮,否,,30.26,30.38,30.96,,-0.7412,-1.9211,-1.1556
00845B,富邦新興投等債,2026-09-08,32.14,-0.18,-0.56,182340000,0,綠縮,否,,32.35,32.5,33.02,,-0.9005,-1.6492,-1.034
00846B,富邦歐洲銀行債,2026-09-08,34.82,-0.11,-0.31,101122000,0,綠縮,否,,34.97,35.13,35.73,,-0.9068,-1.8551,-0.9576
00847B,中信美國市政債,2026-09-08,24.33,-0.01,-0.04,309094000,0,綠縮,否,,24.44,24.55,25.0,,-0.9244,-1.7843,-1.3321
00848B,中信新興亞洲債,2026-09-08,33.13,-0.08,-0.24,218001000,0,綠縮,否,,33.25,33.37,33.67,,-0.7226,-0.8734,-0.8934
00849B,中信EM主權債0-5,2026-09-08,36.91,-0.2,-0.54,224210000,0,綠增,否,,37.13,37.23,37.52,,-0.5784,-0.86,-0.5157
00853B,統一美債10年Aa-A,2026-09-08,26.5,-0.06,-0.23,609907000,0,綠縮,否,,26.6,26.68,26.97,,-0.6202,-1.1119,-0.8964
00856B,永豐1-3年美公債,2026-09-08,37.04,-0.2,-0.54,60254000,0,綠增,是,,37.24,37.5,37.84,,-1.3982,-1.1988,-0.4447
00857B,永豐20年美公債,2026-09-08,22.36,-0.04,-0.18,1741708000,0,綠縮,是,,22.44,22.5,22.76,,-0.5848,-1.0422,-0.8407
00858,永豐美國500大,2026-09-08,35.73,-0.01,-0.03,217514000,0,綠縮,否,,35.77,35.79,35.98,,-0.1229,-0.8203,-0.7475
00859B,群益0-1年美債,2026-09-08,40.75,-0.15,-0.37,3757309000,0,綠增,否,,40.95,41.03,41.31,,-0.3844,-0.7235,-0.2969
00860B,群益1-5Y投資級債,2026-09-08,37.6,-0.09,-0.24,116747000,0,綠縮,否,,37.75,37.86,38.36,,-0.6161,-1.4112,-0.6488
00862B,中信投資級公司債,2026-09-08,30.44,0.02,0.07,336716000,0,綠縮,否,,30.5,30.59,30.91,,-0.5931,-1.0639,-0.8405
00863B,中信全球電信債,2026-09-08,30.63,-0.07,-0.23,374065000,0,綠縮,否,,30.73,30.77,31.1,,-0.2856,-1.0005,-0.8449
00864B,中信美國公債0-1,2026-09-08,45.6,-0.21,-0.46,896286000,0,綠增,否,,45.86,45.95,46.56,,-0.3953,-1.3334,-0.6095
00867B,台新A-BBB電信債,2026-09-08,29.14,-0.06,-0.21,10014000,0,綠縮,否,,29.22,29.4,30.0,,-1.2773,-2.0454,-1.5633
00870B,元大15年EM主權債,2026-09-08,27.2,-0.09,-0.33,1000000,0,綠縮,否,,27.3,27.38,27.66,,-0.5972,-1.0088,-1.2795
00877,復華中國5G,2026-09-08,37.71,0.18,0.48,3044833000,0,紅增,是,,36.88,37.0,36.89,,-0.6573,-0.0729,-2.5169
00884B,中信低碳新興債,2026-09-08,28.47,-0.05,-0.18,210741000,0,綠縮,否,,28.54,28.63,28.92,,-0.6405,-1.0266,-1.0217
00886,永豐美國科技,2026-09-08,47.19,-0.01,-0.02,22321000,0,紅縮,否,,47.14,47.04,46.24,,0.4175,1.2222,0.63
00887,永豐中國科技50大,2026-09-08,15.87,-0.04,-0.25,4648203000,0,綠縮,否,,15.85,16.05,16.5,,-2.3528,-3.355,-2.7202
00888,永豐台灣ESG,2026-09-08,34.37,-0.48,-1.38,6222968000,0,紅增,否,,33.9,33.31,32.85,,3.6188,2.3349,-0.9708
00890B,凱基ESG BBB債15+,2026-09-08,30.93,-0.01,-0.03,121452000,0,綠縮,否,,30.99,31.07,31.44,,-0.5264,-1.2395,-0.9594
00928,中信上櫃ESG 30,2026-09-08,32.65,-0.43,-1.3,309733000,0,紅縮,否,,32.63,32.36,31.19,,1.6513,1.9662,0.9076
00931B,統一美債20年,2026-09-08,12.93,-0.04,-0.31,1857878000,0,綠縮,否,,12.98,13.03,13.17,,-0.6276,-1.0409,-0.9623
00933B,國泰10Y+金融債,2026-09-08,15.4,-0.04,-0.26,9239040000,0,綠縮,否,,15.47,15.55,15.76,,-1.049,-1.5385,-0.8899
00937B,群益ESG投等債20+,2026-09-08,14.19,-0.04,-0.28,43760284000,0,綠縮,否,,14.25,14.28,14.45,,-0.4751,-1.2858,-0.9423
00942B,台新美A公司債20+,2026-09-08,13.62,-0.01,-0.07,2143905000,0,綠縮,是,,13.68,13.72,13.9,,-0.6249,-1.3306,-0.976
00948B,中信優息投資級債,2026-09-08,9.07,-0.02,-0.22,3294869000,0,綠縮,否,,9.1,9.12,9.23,,-0.3939,-1.1594,-0.9127
00950B,凱基A級公司債,2026-09-08,13.47,-0.01,-0.07,3409538000,0,綠縮,否,,13.52,13.6,13.79,,-1.2274,-1.4703,-1.0439
00955,中信日本商社,2026-09-08,16.58,0.25,1.53,7661339000,0,紅增,否,,16.24,15.89,15.55,,4.532,2.3385,3.0829
00957B,兆豐US優選投等債,2026-09-08,12.86,-0.02,-0.16,33317000,0,綠縮,否,,12.91,12.94,13.1,,-0.432,-1.267,-0.9826
00958B,永豐ESG銀行債15+,2026-09-08,8.93,-0.03,-0.33,74836000,0,綠縮,否,,8.96,9.02,9.14,,-1.1907,-1.4645,-1.0131
00959B,大華投等美債15Y+,2026-09-08,9.0,-0.01,-0.11,1107440000,0,綠縮,否,,9.03,9.08,9.19,,-1.1384,-1.2931,-0.9588
00966B,統一ESG投等債15+,2026-09-08,13.32,-0.03,-0.22,710871000,0,綠縮,否,,13.37,13.43,13.6,,-0.8305,-1.2137,-0.9976
00967B,元大優息美債,2026-09-08,8.83,-0.02,-0.23,152076000,0,綠縮,否,,8.87,8.9,9.0,,-0.8055,-1.1987,-0.897
00968B,元大優息投等債,2026-09-08,8.9,-0.02,-0.22,780345000,0,綠縮,否,,8.93,8.96,9.06,,-0.6452,-1.2453,-0.902
00969B,元大零息超長美債,2026-09-08,7.96,0.0,0.0,458652000,0,綠縮,否,,7.96,7.97,8.08,,-0.1505,-0.9199,-1.1315
00970B,台新BBB投等債20+,2026-09-08,8.97,-0.02,-0.22,1324389000,0,綠縮,否,,9.0,9.02,9.14,,-0.4423,-1.3231,-0.9322
009806,台新標普500,2026-09-08,13.53,-0.01,-0.07,30175000,0,綠增,是,,13.56,13.58,13.59,,-0.2354,-0.9627,0.1437
009807,台新標普科技精選,2026-09-08,16.9,0.0,0.0,22146000,0,綠轉紅,否,,16.75,16.77,16.68,,-0.2382,0.0418,0.2434
00980B,台新特選IG債10+,2026-09-08,9.1,-0.01,-0.11,126310000,0,綠縮,否,,9.14,9.16,9.26,,-0.4576,-1.2083,-0.8827
00980D,主動聯博投等入息,2026-09-08,19.93,-0.05,-0.25,1999346000,0,綠縮,是,,20.0,20.06,20.25,,-0.6459,-1.1043,-0.6282
00980T,平衡凱基美國TOP,2026-09-08,11.82,0.0,0.0,1145562000,0,綠增,是,,11.82,11.77,11.77,,0.8019,-0.65,0.2428
009814,富邦標普500,2026-09-08,11.33,-0.03,-0.26,743571000,0,綠增,否,,11.34,11.36,11.35,,-0.2463,-0.8123,0.2385
009815,大華美國MAG7+,2026-09-08,11.52,-0.03,-0.26,1594630000,0,紅縮,否,,11.49,11.43,11.39,,1.0021,-0.5913,0.3613
00981B,第一金優選非投債,2026-09-08,9.09,-0.02,-0.22,14749974000,0,綠增,否,,9.13,9.15,9.22,,-0.4145,-1.0491,-0.5714
00981D,主動中信非投等債,2026-09-08,10.23,-0.03,-0.29,4294908000,0,綠增,是,,10.27,10.3,10.39,,-0.5421,-1.0565,-0.517
009822,華南永昌未來金融,2026-09-08,9.98,0.02,0.2,1028858000,0,紅增,否,,9.82,9.74,9.72,,1.7195,0.8911,0.5117
009823,群益S&P500,2026-09-08,10.39,-0.03,-0.29,2147354000,0,綠增,否,,10.4,10.42,10.43,,-0.4404,-0.9409,0.096
009825,聯邦美國金融創新,2026-09-08,10.21,0.03,0.29,905539000,0,紅增,否,,10.13,10.11,10.05,,0.2773,0.2081,0.9744
00982B,FT投資級債20+,2026-09-08,9.41,0.0,0.0,12704000,0,綠縮,否,,9.44,9.46,9.56,,-0.4011,-1.0466,-0.9836
00983B,大華優利美公債20,2026-09-08,15.0,0.0,0.0,263062000,0,綠縮,否,,15.04,15.11,15.32,,-0.9746,-1.2739,-1.0337
00984B,大華優利美A債15,2026-09-08,15.59,-0.05,-0.32,2189851000,0,綠縮,是,,15.66,15.75,15.94,,-1.0736,-1.2973,-0.9658
00985D,主動貝萊德優投等,2026-09-08,9.76,0.0,0.0,857840000,0,綠縮,否,,9.78,9.81,9.93,,-0.4274,-1.3085,-0.9818
00986B,FT金融債10+,2026-09-08,9.55,0.01,0.1,2192000,0,綠縮,否,,9.53,9.62,9.72,,-1.6911,-1.2325,-1.0535
00986D,主動復華金融債息,2026-09-08,14.23,-0.06,-0.42,512748000,0,綠縮,否,,14.3,14.36,14.54,,-0.9424,-1.3732,-0.9029
00987B,野村10+澳洲公債,2026-09-08,15.81,0.01,0.06,756275000,0,綠縮,是,,15.8,15.88,16.01,,-1.0397,-1.2804,-0.3641
00987D,主動統一美債量化,2026-09-08,9.94,-0.02,-0.2,3402730000,0,,是,,9.95,9.99,10.0,,-0.7579,-0.4025,
00988B,玉山嚴選非投債,2026-09-08,19.36,-0.07,-0.36,2517445000,0,綠縮,是,,19.45,19.52,19.73,,-0.7147,-1.3194,-0.7171
00989B,台新美國非投等債,2026-09-08,9.99,-0.04,-0.4,6338557000,0,綠縮,否,,10.03,10.05,10.15,,-0.4765,-1.2285,-0.534
00990B,國泰收益非投等債,2026-09-08,9.9,-0.03,-0.3,1767150000,0,綠增,是,,9.94,9.96,10.02,,-0.3808,-0.7277,-0.2489
00998A,主動復華金融股息,2026-09-08,18.09,-0.04,-0.22,4679698000,0,綠縮,否,,17.97,17.89,17.79,,0.8193,-0.1061,1.062
020025,統一亞洲半導體N,2026-09-08,40.38,1.58,4.07,37000000,0,紅增,否,,38.18,37.95,37.13,,1.2034,1.4785,0.1794
020033,統一恒生科期N,2026-09-08,3.55,-0.04,-1.11,27000000,0,綠增,否,,3.58,3.64,3.73,,-2.8742,-3.4785,-0.9826
020041,兆豐半導體氣候N,2026-09-08,20.87,-0.19,-0.9,6000000,0,紅縮,否,,20.5,19.45,18.38,,11.4724,6.4539,4.6732
1240,茂生農經,2026-09-08,55.3,0.0,0.0,8152000,0,綠增,否,,55.26,56.24,55.65,,-3.4254,-0.3544,-0.1794
1259,安心,2026-09-08,65.0,2.1,3.34,23036000,0,紅增,是,,63.54,64.02,61.96,,-1.4884,2.893,2.1345
1264,德麥,2026-09-08,250.5,-0.5,-0.2,42548000,0,綠增,是,,251.6,252.9,255.07,,-1.0228,-1.153,-0.8936
1268,漢來美食,2026-09-08,171.5,0.5,0.29,32954000,0,綠增,否,,177.5,179.2,176.75,,-1.8795,-0.0836,1.0577
1294,漢田生技,2026-09-08,53.5,0.0,0.0,8812000,0,紅增,否,,53.48,54.27,55.46,,-2.8696,-3.417,-1.378
1295,生合,2026-09-08,45.6,0.1,0.22,7375000,0,綠轉紅,否,,45.45,45.62,46.38,,-0.7642,-1.2232,-1.9089
1336,台翰,2026-09-08,16.45,0.15,0.92,94318000,0,綠增,否,,16.33,16.59,16.09,,-3.0861,1.8104,1.0042
1565,精華,2026-09-08,98.6,-0.9,-0.9,96169000,0,紅縮,否,,99.34,97.51,95.42,,3.8253,2.7503,1.3058
1569,濱川,2026-09-08,48.9,-1.3,-2.59,668702000,0,紅縮,否,,48.22,46.61,43.86,,7.1556,7.4582,1.982
1570,力肯,2026-09-08,32.6,-0.05,-0.15,25089000,0,紅增,否,,32.84,33.05,33.85,,-1.2628,-1.549,-3.6776
1580,新麥,2026-09-08,101.0,0.5,0.5,84696000,0,綠縮,否,,102.0,104.2,108.05,,-4.1353,-4.1398,-2.9418
1584,精剛,2026-09-08,17.7,-0.1,-0.56,296498000,0,紅縮,否,,17.93,17.98,18.06,,-0.4994,0.5032,-2.4838
1586,和勤,2026-09-08,18.0,-0.1,-0.55,273615000,0,紅縮,是,,18.05,18.09,18.19,,-0.3863,-1.2828,-0.1921
1591,駿吉-KY,2026-09-08,39.1,3.55,9.99,892310000,0,紅增,是,,36.42,36.27,36.82,,0.8027,-0.3023,-0.6476
1593,祺驊,2026-09-08,31.6,-0.15,-0.47,14001000,0,紅縮,否,,31.66,31.76,31.1,,-0.5965,1.2273,1.2286
1595,川寶,2026-09-08,65.4,-3.1,-4.53,501684000,0,紅縮,否,,69.14,66.23,61.4,,9.1914,6.4107,3.594
1599,宏佳騰,2026-09-08,22.95,-0.05,-0.22,10036000,0,綠縮,否,,22.96,23.0,23.31,,-0.3472,-1.6464,0.0322
1742,台蠟,2026-09-08,17.65,-0.15,-0.84,17630000,0,綠增,否,,17.75,17.74,17.39,,0.1128,-0.1407,2.4451
1777,生泰,2026-09-08,74.8,-0.5,-0.66,59340000,0,紅縮,否,,74.8,74.48,73.78,,0.863,0.7303,0.4698
1780,立弘,2026-09-08,24.8,0.3,1.22,80460000,0,紅縮,否,,24.51,24.72,24.03,,-1.6847,2.2333,1.8542
1781,合世,2026-09-08,10.0,0.0,0.0,8012000,0,綠縮,否,,10.17,10.48,10.95,,-5.8333,-4.9841,-3.7151
1784,訊聯,2026-09-08,59.4,-0.7,-1.16,45236000,0,紅縮,否,,59.62,60.47,59.9,,-2.7723,-0.3132,-0.9999
1785,光洋科,2026-09-08,100.0,-2.0,-1.96,2746476000,0,紅縮,否,,101.2,101.75,103.56,,-1.0753,-3.2703,-2.5639
1788,杏昌,2026-09-08,128.0,0.0,0.0,26817000,0,綠增,是,,128.4,129.15,129.57,,-1.1547,-0.6538,-0.2502
1796,金穎生技,2026-09-08,30.15,0.1,0.33,1074000,0,紅增,否,,30.1,29.79,30.28,,2.0685,-1.0133,-2.0146
1799,易威,2026-09-08,30.15,0.2,0.67,195491000,0,綠縮,是,,29.94,30.02,31.09,,-0.5316,-2.1512,-2.4243
1813,寶利徠,2026-09-08,11.35,-0.05,-0.44,9562000,0,綠增,否,,11.42,11.46,11.54,,-0.6957,-0.4344,-1.0932
1815,富喬,2026-09-08,135.0,5.0,3.85,115697783000,0,紅縮,否,,126.9,119.9,98.8,,12.4004,21.6888,12.3231
2035,唐榮,2026-09-08,26.35,0.0,0.0,1009000,0,綠縮,否,,26.42,26.63,27.12,,-1.5648,-1.8791,-1.1842
2061,風青,2026-09-08,47.2,-5.1,-9.75,4077380000,0,綠增,是,,52.28,51.79,53.32,,1.9302,-4.0752,-3.0103
2063,世鎧,2026-09-08,24.2,0.3,1.26,17050000,0,紅增,否,,23.98,24.09,24.04,,-0.9091,-0.1865,-0.135
2064,晉椿,2026-09-08,12.25,-0.1,-0.81,330100000,0,紅縮,否,,12.36,12.35,12.46,,0.2433,0.6112,-2.1598
2065,世豐,2026-09-08,36.3,-0.05,-0.14,61318000,0,紅縮,否,,36.31,36.31,34.61,,-0.0275,3.1383,3.2131
2066,世德,2026-09-08,53.3,-0.6,-1.11,13219000,0,綠縮,否,,53.86,54.35,57.73,,-1.787,-6.1313,-4.1743
2067,嘉鋼,2026-09-08,4.97,0.15,3.11,11000000,0,綠縮,否,,4.86,5.03,5.72,,-6.5075,-13.1824,-7.0476
2070,精湛,2026-09-08,61.7,-0.2,-0.32,106876000,0,紅縮,否,,63.66,65.46,59.25,,-5.3524,5.7854,4.2396
2073,雄順,2026-09-08,25.6,0.05,0.2,1021000,0,綠增,否,,26.15,26.11,26.68,,0.2684,-2.0443,-0.7442
2221,大甲,2026-09-08,85.8,-0.9,-1.04,5794828000,0,紅縮,否,,87.6,75.82,61.78,,36.7895,35.4533,17.2113
2230,泰茂,2026-09-08,22.15,-0.3,-1.34,43796000,0,綠增,否,,22.41,22.85,23.13,,-3.7784,-5.3634,0.2275
2235,謚源,2026-09-08,26.85,-1.6,-5.62,39019000,0,紅縮,是,,27.96,27.62,27.51,,2.4927,1.2278,-0.8022
2596,綠意,2026-09-08,34.5,0.05,0.15,174355000,0,紅縮,否,,35.26,34.77,32.98,,2.8288,5.7152,3.1274
2640,大車隊,2026-09-08,154.0,0.0,0.0,10289000,0,紅縮,否,,155.8,156.05,151.43,,-0.3199,2.597,0.4644
2641,正德,2026-09-08,17.95,-0.15,-0.83,998060000,0,紅縮,否,,18.02,18.3,17.7,,-3.0662,2.0915,1.1862
2643,捷迅,2026-09-08,63.0,0.0,0.0,19194000,0,紅縮,是,,62.72,62.65,61.35,,0.2237,0.8045,1.2627
2718,全心投控,2026-09-08,41.05,-0.35,-0.85,4203000,0,綠縮,否,,41.33,44.76,44.84,,-14.2175,-4.1649,-3.0226
2719,燦星旅,2026-09-08,19.3,-0.6,-3.02,41463000,0,綠增,是,,19.86,20.25,21.12,,-3.8257,-3.7539,-3.6158
2724,藝舍-KY,2026-09-08,10.7,0.05,0.47,1001000,0,紅增,否,,10.61,10.67,10.96,,-1.0261,-1.2043,-1.7253
2726,雅茗-KY,2026-09-08,8.08,0.05,0.62,50837000,0,綠縮,否,,8.14,8.27,8.56,,-3.0945,-3.466,-2.1319
2729,瓦城,2026-09-08,155.5,0.5,0.32,11826000,0,綠縮,否,,155.4,157.05,158.7,,-2.0794,-1.5669,-0.2357
2732,六角,2026-09-08,63.1,0.1,0.16,30934000,0,綠增,否,,63.52,64.02,63.84,,-1.5499,-0.0936,-0.4444
2734,易飛網,2026-09-08,14.9,0.0,0.0,85664000,0,紅縮,是,,14.91,14.95,14.88,,-0.5337,0.3356,-0.4349
2736,富野,2026-09-08,11.6,0.1,0.87,13121000,0,綠縮,否,,11.55,11.72,11.67,,-2.8595,0.2566,-0.4479
2740,華軒,2026-09-08,30.95,0.7,2.31,7012000,0,綠縮,是,,30.58,30.6,31.71,,-0.1306,-2.2208,-2.7305
2743,山富,2026-09-08,54.4,,,169093000,0,紅縮,是,,58.02,58.38,58.29,,-1.2257,1.0035,-0.9936
2745,五福,2026-09-08,87.6,0.0,0.0,39254000,0,紅增,否,,87.46,88.08,89.31,,-1.398,-0.3845,-3.9365
2751,王座,2026-09-08,51.8,0.0,0.0,6220000,0,綠增,否,,51.82,52.67,52.25,,-3.1764,-0.2651,-0.2577
2752,豆府,2026-09-08,181.0,1.0,0.56,26490000,0,紅增,是,,178.0,178.5,177.18,,-0.5587,0.6484,0.1979
2754,亞洲藏壽司,2026-09-08,68.0,0.3,0.44,9578000,0,綠增,否,,68.5,68.95,69.3,,-1.2968,-1.7946,-0.0361
2755,揚秦,2026-09-08,99.9,0.1,0.1,58329000,0,紅縮,否,,101.04,101.52,102.58,,-0.9412,-1.1971,-3.7664
2756,聯發國際,2026-09-08,62.2,-1.0,-1.58,25244000,0,紅縮,否,,62.9,62.58,59.96,,1.0279,5.2118,1.2923
2916,滿心,2026-09-08,40.05,0.0,0.0,49599000,0,紅縮,是,,40.03,40.09,40.07,,-0.3237,-0.7427,0.1562
2924,宏太-KY,2026-09-08,17.75,1.05,6.29,7165000,0,綠縮,否,,17.34,17.13,17.39,,2.4823,0.0584,-1.4452
2926,誠品生活,2026-09-08,30.0,0.1,0.33,5001000,0,紅縮,否,,30.32,30.28,30.53,,0.2646,-0.1155,-1.1414
2937,集雅社,2026-09-08,43.55,-0.25,-0.57,18332000,0,綠增,是,,43.97,45.73,46.08,,-7.3926,-2.1716,-1.9733
2941,米斯特,2026-09-08,31.05,0.15,0.49,2056000,0,綠增,否,,31.49,31.22,32.19,,1.7447,-0.016,-2.0686
2947,振宇五金,2026-09-08,61.0,-0.6,-0.97,8502000,0,紅縮,否,,61.46,61.66,62.31,,-0.6466,-0.8682,-2.3126
2949,欣新網,2026-09-08,63.9,3.1,5.1,3347000,0,綠縮,否,,61.36,61.15,66.61,,0.6892,-4.7359,-2.7589
3064,泰偉,2026-09-08,17.15,-1.8,-9.5,1746000,0,綠增,否,否,18.59,18.77,19.19,19.12,-1.8997,-2.62,-1.299
3066,李洲,2026-09-08,23.95,-0.05,-0.21,569294000,0,紅縮,否,,24.64,24.3,23.03,,2.8381,5.1493,1.2753
3067,全域,2026-09-08,16.6,0.1,0.61,5000000,0,綠增,否,,16.91,17.33,17.76,,-4.7324,-3.0218,-2.4979
3071,協禧,2026-09-08,24.45,-0.25,-1.01,171576000,0,紅縮,否,,24.62,24.57,25.02,,0.3669,-1.7982,-2.1894
3073,天方能源,2026-09-08,22.15,-0.15,-0.67,54019000,0,綠增,否,,22.33,22.35,22.13,,-0.2234,0.1793,0.7282
3078,僑威,2026-09-08,45.2,0.25,0.56,662365000,0,綠縮,否,,46.01,49.31,50.96,,-12.5451,-7.0412,-3.2417
3081,聯亞,2026-09-08,2865.0,-205.0,-6.68,4084634000,0,紅縮,否,,3124.0,3047.0,2517.0,,5.1852,15.2421,17.5344
3083,網龍,2026-09-08,22.7,-0.1,-0.44,47852000,0,綠縮,否,,22.94,23.11,24.02,,-1.4181,-3.9692,-2.832
3085,新零售,2026-09-08,11.5,0.0,0.0,16677000,0,綠縮,是,,11.31,11.54,11.8,,-3.9898,-3.2677,-1.2547
3086,華義*,2026-09-08,29.1,-1.3,-4.28,144479000,0,紅縮,否,,30.05,28.91,28.26,,8.2103,5.3571,-0.1678
3088,艾訊,2026-09-08,121.0,-3.0,-2.42,706697000,0,綠增,否,,123.0,123.85,130.47,,-1.3633,-3.8805,-1.9169
3093,港建*,2026-09-08,45.0,-0.6,-1.32,155127000,0,紅縮,否,,45.6,45.92,46.1,,-1.3841,-1.1623,-1.6271
3095,及成,2026-09-08,36.65,0.9,2.52,6247000,0,綠轉紅,否,,35.7,36.02,37.03,,-1.7341,-2.7804,-1.8357
3105,穩懋,2026-09-08,441.5,-9.0,-2.0,17327103000,0,紅縮,否,,451.5,423.55,384.68,,14.1304,11.1097,7.0623
3114,好德,2026-09-08,30.0,-1.05,-3.38,206261000,0,紅轉綠,否,,31.62,32.55,32.6,,-5.5838,-3.8967,-2.0799
3115,富榮綱,2026-09-08,9.19,0.0,0.0,2008000,0,紅增,否,,8.87,8.95,8.87,,-1.6626,0.1007,0.504
3118,進階,2026-09-08,31.4,0.0,0.0,9382000,0,綠增,否,,31.52,31.54,31.67,,-0.1267,-0.3948,-0.3069
3122,笙泉,2026-09-08,24.6,-0.4,-1.6,49201000,0,紅縮,否,,25.12,25.38,25.21,,-2.0663,-0.529,-1.7821
3128,昇銳,2026-09-08,19.8,-0.1,-0.5,73490000,0,綠增,否,,20.03,21.02,21.36,,-8.9545,-4.3251,-2.4329
3131,弘塑,2026-09-08,2635.0,80.0,3.13,918652000,0,紅增,是,,2469.0,2405.0,2482.25,,5.4677,0.2919,-5.1762
3141,晶宏,2026-09-08,95.4,-6.6,-6.47,6305391000,0,紅縮,否,,99.88,87.64,77.94,,32.4668,17.7957,12.2497
3147,大綜,2026-09-08,218.0,-3.5,-1.58,157843000,0,紅縮,否,,219.7,219.15,224.1,,0.5032,-3.8816,-0.4553
3152,璟德,2026-09-08,232.0,-1.5,-0.64,132798000,0,綠增,否,,235.2,242.1,233.28,,-5.5422,2.0013,-0.5118
3158,嘉實,2026-09-08,83.6,0.2,0.24,7128000,0,紅縮,否,,83.6,83.4,82.95,,0.4808,0.4819,0.1509
3162,精確,2026-09-08,69.6,-0.8,-1.14,1362785000,0,紅縮,否,,70.7,67.66,65.39,,9.4089,5.4716,-0.6835
3163,波若威,2026-09-08,726.0,-26.0,-3.46,2369817000,0,紅縮,否,,747.8,751.6,706.2,,-1.0061,4.8403,2.3775
3169,亞信,2026-09-08,103.0,-4.5,-4.19,281106000,0,紅縮,否,,106.0,104.01,102.37,,3.9012,2.362,1.1711
3171,炎洲流通,2026-09-08,62.0,-0.5,-0.8,62718000,0,紅轉綠,是,,62.58,62.9,63.89,,-1.0123,-1.8108,-0.599
3176,基亞,2026-09-08,36.5,1.75,5.04,681086000,0,紅增,否,,35.27,35.89,34.44,,-3.3699,2.9699,0.7681
3178,公準,2026-09-08,59.5,-2.4,-3.88,29257000,0,紅縮,否,,61.42,60.77,60.01,,2.1623,3.2976,-2.1284
3188,鑫龍騰,2026-09-08,24.3,-0.35,-1.42,150815000,0,紅縮,否,,24.53,24.37,23.79,,1.3218,2.7836,0.8907
3191,雲嘉南,2026-09-08,17.4,0.2,1.16,45704000,0,綠縮,是,,17.34,17.63,17.88,,-3.2906,-2.8642,-1.3105
3205,佰研,2026-09-08,46.8,0.0,0.0,18010000,0,綠縮,否,,46.86,47.45,48.17,,-2.4563,-1.902,-1.5634
3206,志豐,2026-09-08,35.0,0.05,0.14,84372000,0,紅增,是,,34.48,34.4,33.91,,0.4955,0.9391,-0.9058
3207,耀勝,2026-09-08,39.45,0.35,0.9,172526000,0,紅增,否,,39.79,39.97,41.44,,-0.8966,-2.5122,-7.2208
3211,順達,2026-09-08,375.5,-8.5,-2.21,2420046000,0,紅縮,否,,382.5,368.1,361.57,,8.1425,3.457,-1.0129
3213,茂訊,2026-09-08,123.0,-3.0,-2.38,333966000,0,綠增,否,,126.4,127.35,128.28,,-1.4809,-2.5631,0.5093
3217,優群,2026-09-08,133.5,-2.5,-1.84,260413000,0,紅增,否,,134.6,135.75,140.6,,-1.6801,-3.4152,-2.9006
3218,大學光,2026-09-08,137.0,0.0,0.0,82932000,0,綠增,否,,138.2,137.8,137.57,,0.5822,-0.2172,0.2003
3219,倚強科,2026-09-08,89.0,-4.3,-4.61,1374094000,0,紅縮,否,,90.9,83.67,74.03,,18.9168,15.9025,8.2389
3221,台嘉碩,2026-09-08,48.55,-2.65,-5.18,2357104000,0,紅縮,否,,49.64,49.34,47.7,,1.2235,2.4289,0.1575
3224,三顧,2026-09-08,32.8,-0.45,-1.35,45327000,0,綠增,否,,33.57,34.09,34.74,,-3.0329,-3.1254,-1.5098
3226,龍鋒,2026-09-08,55.2,0.1,0.18,27025000,0,紅縮,是,,54.36,53.63,51.26,,2.7599,3.1346,4.6071
3227,原相,2026-09-08,186.5,-4.0,-2.1,958493000,0,紅轉綠,是,,191.2,193.45,195.93,,-2.2994,-2.8865,0.1918
3228,金麗科,2026-09-08,177.5,0.5,0.28,324053000,0,紅縮,否,,175.7,162.25,154.8,,18.078,10.4117,1.9763
3230,錦明,2026-09-08,41.8,-0.4,-0.95,289379000,0,綠增,否,,42.63,42.68,41.24,,-0.234,2.3133,-3.538
3232,昱捷,2026-09-08,19.7,0.05,0.25,20012000,0,紅增,是,,19.64,19.73,19.8,,-0.8582,0.0761,-1.9433
3234,光環,2026-09-08,197.0,-2.5,-1.25,3167845000,0,紅縮,否,,201.6,185.85,147.86,,18.5185,28.2874,19.7635
3236,千如,2026-09-08,43.45,-2.5,-5.44,2516489000,0,紅縮,否,,43.93,43.96,43.12,,-0.1364,0.9994,-3.1936
3252,海灣,2026-09-08,15.35,-0.05,-0.32,20007000,0,綠縮,否,,15.44,15.67,16.02,,-2.8931,-1.9706,-2.7019
3259,鑫創,2026-09-08,11.1,0.0,0.0,36003000,0,綠增,否,,12.36,11.89,13.41,,8.307,-8.6465,-5.4486
3260,威剛,2026-09-08,414.0,2.0,0.49,13197551000,0,紅增,是,,406.8,412.65,402.85,,-2.7957,0.4137,1.7619
3264,欣銓,2026-09-08,225.0,-2.0,-0.88,6444583000,0,紅縮,否,,227.7,220.6,211.1,,6.6511,4.5002,1.8085
3265,台星科,2026-09-08,166.5,-9.5,-5.4,1882151000,0,紅縮,否,,174.1,172.9,165.05,,1.3978,3.5019,2.1033
3268,海德威,2026-09-08,18.3,0.0,0.0,70083000,0,綠縮,否,,17.84,17.83,19.04,,0.1122,-6.9173,-2.0948
3272,東碩,2026-09-08,14.25,-0.3,-2.06,23114000,0,紅縮,否,,14.36,14.18,14.14,,2.4982,1.5754,-1.3605
3276,宇環,2026-09-08,14.05,0.0,0.0,100703000,0,綠縮,否,,14.14,14.25,15.0,,-1.532,-2.7636,-4.2611
3284,太普高,2026-09-08,19.95,-0.25,-1.24,113940000,0,綠增,否,,20.44,20.53,20.93,,-0.8729,-1.6998,-4.7348
3285,微端,2026-09-08,40.95,-0.15,-0.36,13780000,0,紅縮,否,,41.23,39.71,38.78,,7.9602,4.8864,1.5714
3287,廣寰科,2026-09-08,35.55,0.1,0.28,383389000,0,紅縮,是,,36.36,37.22,33.82,,-4.5168,5.5737,5.5482
3288,點晶,2026-09-08,20.65,0.35,1.72,26810000,0,綠縮,否,,20.74,21.05,22.22,,-2.8571,-4.7306,-4.4707
3289,宜特,2026-09-08,138.0,-2.5,-1.78,331338000,0,紅縮,否,,139.6,138.15,139.65,,2.1214,-0.3606,-1.8967
3290,東浦,2026-09-08,45.3,-0.95,-2.05,379064000,0,綠縮,否,,46.46,48.2,51.81,,-6.9497,-7.0223,-7.8035
3293,鈊象,2026-09-08,708.0,-2.0,-0.28,1108695000,0,綠縮,否,,707.6,717.1,733.55,,-2.6149,-4.5013,0.0887
3294,英濟,2026-09-08,29.7,-0.15,-0.5,247147000,0,紅縮,否,,29.86,30.14,30.12,,-1.8409,-1.3905,-2.6813
3297,杭特,2026-09-08,27.1,-0.15,-0.55,18476000,0,紅縮,否,,27.23,27.23,27.43,,0.0,-0.2564,-2.713
3303,岱稜,2026-09-08,51.4,0.2,0.39,131447000,0,綠縮,否,,51.36,52.06,52.45,,-2.6535,-2.7461,-1.9626
3306,鼎天,2026-09-08,44.55,-0.1,-0.22,45145000,0,紅縮,否,,44.72,44.72,44.33,,0.0224,0.7095,-0.1408
3310,佳穎,2026-09-08,67.6,0.4,0.6,19762000,0,紅轉綠,否,,68.38,68.4,67.97,,-0.0585,0.0878,0.2064
3313,斐成,2026-09-08,10.9,0.2,1.87,186665000,0,紅增,否,,10.84,10.68,10.67,,3.1399,2.4964,-2.2446
3317,尼克森,2026-09-08,56.5,-5.7,-9.16,1850284000,0,綠增,是,,60.96,62.88,66.3,,-5.9259,-5.4009,-8.0438
3322,建舜電,2026-09-08,11.0,-0.05,-0.45,182241000,0,紅增,否,,11.09,11.14,11.32,,-0.805,-0.8901,-3.04
3323,加百裕,2026-09-08,27.7,-0.95,-3.32,399499000,0,紅轉綠,是,,28.64,29.13,29.38,,-3.3412,-3.1738,-2.4406
3324,雙鴻,2026-09-08,1340.0,-100.0,-6.94,2306103000,0,紅縮,否,,1410.0,1246.7,1092.65,,30.1458,20.4076,13.4631
3325,旭品,2026-09-08,11.15,-0.25,-2.19,62398000,0,綠縮,否,,11.23,11.25,11.63,,-0.4433,-2.5119,-2.7801
3332,幸康,2026-09-08,60.6,-0.2,-0.33,2015000,0,綠縮,否,,60.88,61.72,62.92,,-2.6854,-1.3742,-2.1005
3339,泰谷,2026-09-08,43.1,-1.2,-2.71,886132000,0,紅縮,否,,44.0,42.11,38.87,,9.3983,8.0298,5.9341
3349,寶德,2026-09-08,22.0,-0.5,-2.22,406881000,0,綠增,是,,22.45,23.1,23.03,,-5.5135,-0.6023,-0.8396
3354,律勝,2026-09-08,28.3,1.9,7.2,4403722000,0,紅增,是,,25.78,23.42,22.11,,22.4122,12.2992,3.1487
3357,臺慶科,2026-09-08,206.5,-7.0,-3.28,1027332000,0,紅縮,否,,209.2,210.55,209.4,,-1.2742,-1.6351,-2.2067
3360,尚立,2026-09-08,14.7,-0.2,-1.34,190921000,0,綠縮,否,,14.9,15.18,15.88,,-3.6846,-4.7066,-7.902
3362,先進光,2026-09-08,187.5,-2.5,-1.32,4755519000,0,紅縮,是,,199.1,195.95,181.75,,3.2676,6.5235,5.7147
3363,上詮,2026-09-08,711.0,-12.0,-1.66,4255579000,0,紅縮,否,,744.6,690.9,625.25,,16.855,12.8461,8.8527
3372,典範,2026-09-08,14.35,-0.15,-1.03,405239000,0,紅縮,否,,14.62,14.8,15.33,,-2.4032,-3.8961,-4.1575
3373,熱映,2026-09-08,16.0,0.0,0.0,53350000,0,綠增,否,,16.23,16.42,16.54,,-2.2878,-0.6655,-0.2864
3374,精材,2026-09-08,475.0,5.5,1.17,3580084000,0,紅增,否,,438.8,383.9,356.93,,33.3739,18.965,5.0397
3379,彬台,2026-09-08,28.1,-0.05,-0.18,45724000,0,紅縮,否,,28.4,28.74,28.56,,-2.3384,0.2267,-2.7747
3388,崇越電,2026-09-08,85.0,-5.0,-5.56,1547174000,0,紅縮,是,,88.9,90.11,81.9,,-2.65,8.0197,4.159
3390,旭軟,2026-09-08,21.75,-0.25,-1.14,201278000,0,紅縮,是,,22.01,21.87,22.36,,1.3352,-1.4202,-2.9616
3402,漢科,2026-09-08,122.5,-2.5,-2.0,133883000,0,紅增,否,,122.0,121.5,124.83,,0.8264,-2.0556,-4.6956
3430,奇鈦科,2026-09-08,106.0,-5.5,-4.93,201762000,0,紅縮,否,,107.9,111.6,110.45,,-6.418,-1.8297,-4.7847
3434,哲固,2026-09-08,29.25,-0.15,-0.51,28777000,0,綠增,否,,29.5,29.86,29.94,,-2.4148,-1.6142,0.117
3438,類比科,2026-09-08,62.8,-1.2,-1.88,91298000,0,紅縮,否,,64.9,61.95,59.02,,10.0,5.2319,3.056
3441,聯一光,2026-09-08,132.0,1.0,0.76,12720903000,0,紅縮,是,,135.1,123.93,100.87,,19.812,25.9835,20.8531
3444,利機,2026-09-08,83.1,1.0,1.22,205685000,0,紅縮,否,,82.72,82.92,76.98,,-0.4812,6.7181,1.2428
3455,由田,2026-09-08,229.5,-5.5,-2.34,1119050000,0,紅縮,否,,239.3,241.25,215.57,,-1.6036,8.5734,3.9417
3465,進泰電子,2026-09-08,29.05,-0.4,-1.36,10543000,0,紅增,否,,29.13,29.26,29.66,,-0.8847,-1.182,-1.5598
3466,德晉,2026-09-08,24.35,0.15,0.62,164285000,0,紅增,否,,24.51,24.54,25.56,,-0.2036,-1.4263,-5.3246
3467,台灣精材,2026-09-08,51.3,0.8,1.58,49574000,0,紅增,否,,50.85,48.76,48.01,,8.9565,5.5183,-0.6981
3479,安勤,2026-09-08,122.5,-3.0,-2.39,287166000,0,綠縮,否,,124.2,126.3,133.65,,-3.271,-4.7152,-3.2398
3483,力致,2026-09-08,78.0,-0.5,-0.64,282953000,0,紅縮,否,,78.86,75.46,75.11,,9.4366,3.2991,-0.378
3484,崧騰,2026-09-08,45.4,-0.1,-0.22,113534000,0,綠增,否,,47.06,48.54,48.61,,-5.9176,-3.614,-0.9323
3485,敘豐,2026-09-08,208.0,-2.0,-0.95,64649000,0,紅縮,否,,211.0,220.3,215.85,,-8.101,0.9856,-3.6384
3489,森寶,2026-09-08,22.45,-0.2,-0.88,246748000,0,綠增,是,,22.69,22.62,22.48,,0.5762,-5.2951,3.7738
3490,單井,2026-09-08,43.45,-2.7,-5.85,3090055000,0,紅縮,否,,45.32,48.01,38.76,,-10.6114,15.8263,12.2331
3491,昇達科,2026-09-08,1490.0,-20.0,-1.32,1558713000,0,紅縮,否,,1471.0,1396.0,1294.1,,11.355,9.1563,4.5653
3492,長盛,2026-09-08,19.3,0.15,0.78,11202000,0,綠縮,否,,19.2,19.56,20.72,,-3.6628,-6.253,-3.7618
3498,陽程,2026-09-08,189.5,0.0,0.0,1407334000,0,紅縮,否,,193.3,193.05,153.23,,0.2593,22.1063,14.6674
3499,環天科,2026-09-08,13.7,-0.9,-6.16,283598000,0,紅增,否,,13.34,12.97,13.03,,5.7891,1.4861,-1.512
3508,位速,2026-09-08,21.2,0.1,0.47,183715000,0,紅縮,否,,21.07,22.07,19.29,,-8.7088,9.2281,6.3818
3511,矽瑪,2026-09-08,19.0,-0.3,-1.55,144973000,0,紅縮,否,,19.48,19.51,19.68,,-0.256,-1.4152,-2.2239
3512,皇龍,2026-09-08,19.2,0.0,0.0,13163000,0,綠增,否,,19.43,19.52,19.55,,-0.8673,-0.7123,-0.0894
3516,亞帝歐,2026-09-08,26.35,0.05,0.19,26065000,0,紅縮,否,,26.26,26.05,25.79,,1.5861,0.9297,0.9984
3520,華盈,2026-09-08,17.4,0.0,0.0,109896000,0,綠增,否,,17.42,17.66,17.72,,-2.7359,-2.4033,1.7368
3521,台鋼建設,2026-09-08,12.15,-0.1,-0.82,121142000,0,紅縮,是,,12.16,12.18,12.21,,-0.3279,-0.3681,-0.3266
3522,御嵿,2026-09-08,12.0,0.0,0.0,107332000,0,紅增,是,,11.87,11.73,11.92,,2.3276,-0.0426,-2.0144
3523,迎輝,2026-09-08,15.4,0.6,4.05,13895000,0,綠縮,否,,15.03,15.02,15.47,,0.2,-1.8948,0.3731
3526,凡甲,2026-09-08,277.0,-4.0,-1.42,284420000,0,紅縮,是,,281.1,281.25,289.27,,-0.1066,-2.3776,-1.8742
3527,聚積,2026-09-08,49.7,-0.7,-1.39,91684000,0,紅縮,否,,50.9,50.92,51.8,,-0.0785,-0.9724,-3.1053
3529,力旺,2026-09-08,2825.0,255.0,9.92,2252931000,0,紅增,是,,2501.0,2390.5,2455.5,,9.693,-3.042,1.1222
3531,先益,2026-09-08,21.4,0.0,0.0,3093000,0,紅增,否,,21.4,21.53,21.73,,-1.2004,-0.7834,-1.5744
3537,堡達,2026-09-08,53.6,-1.4,-2.55,234474000,0,紅縮,否,,54.18,54.54,53.58,,-1.3115,1.1123,-2.2529
3540,曜越,2026-09-08,23.0,-0.3,-1.29,232421000,0,紅縮,否,,23.48,23.7,22.13,,-1.8395,6.7568,2.1576
3541,西柏,2026-09-08,21.8,0.15,0.69,39902000,0,紅增,是,,21.69,21.77,21.54,,-0.7323,0.8104,-0.1043
3546,宇峻,2026-09-08,73.5,1.0,1.38,177677000,0,紅增,否,,72.24,71.97,72.92,,0.7531,-1.6266,0.1236
3548,兆利,2026-09-08,81.3,-2.1,-2.52,271423000,0,紅縮,否,,82.8,80.55,77.13,,5.7471,4.7873,1.9765
3551,世禾,2026-09-08,181.0,0.5,0.28,186401000,0,紅增,否,,179.9,177.9,176.88,,2.274,1.0221,-2.7625
3552,同致,2026-09-08,42.5,-0.4,-0.93,75995000,0,綠增,否,,42.96,43.98,44.67,,-4.5121,-2.2126,-1.3962
3555,博士旺,2026-09-08,194.5,-12.5,-6.04,112605000,0,紅縮,否,,195.5,183.25,167.88,,14.3275,11.3643,8.2715
3556,禾瑞亞,2026-09-08,56.2,-1.8,-3.1,331925000,0,綠增,否,,59.34,61.01,61.02,,-5.3287,-2.7264,-2.3526
3558,神準,2026-09-08,123.5,5.0,4.22,204101000,0,綠縮,是,,120.7,123.15,124.5,,-3.9013,-2.6097,-2.4103
3564,其陽,2026-09-08,48.2,-1.0,-2.03,486963000,0,紅縮,否,,49.72,47.51,46.62,,9.7814,4.0749,0.5608
3567,逸昌,2026-09-08,25.3,-0.05,-0.2,15124000,0,紅增,否,,25.5,25.41,25.85,,0.7507,-0.9938,-2.0184
3570,大塚,2026-09-08,162.5,-1.0,-0.61,11254000,0,紅縮,否,,163.1,163.05,163.47,,0.0613,-0.3362,-0.1222
3577,泓格,2026-09-08,108.5,-5.0,-4.41,407083000,0,綠縮,否,,111.4,112.8,123.33,,-2.4518,-7.4272,-4.8051
3580,友威科,2026-09-08,85.5,-1.3,-1.5,304466000,0,紅縮,否,,86.98,82.86,80.14,,10.4648,4.8595,0.4009
3581,博磊,2026-09-08,105.5,-2.5,-2.31,185747000,0,紅縮,否,,108.7,107.2,108.53,,2.8382,-1.6875,-2.2517
3587,閎康,2026-09-08,246.0,-6.5,-2.57,363214000,0,紅縮,否,,253.6,250.75,249.03,,2.2993,1.2313,-1.2589
3594,磐儀,2026-09-08,47.3,-1.0,-2.07,452234000,0,綠增,否,,48.19,49.54,51.58,,-5.2869,-6.2725,-0.7122
3597,映興,2026-09-08,26.5,-0.2,-0.75,17020000,0,紅縮,否,,26.42,26.52,26.48,,-0.7886,-0.3756,0.0378
3609,三一東林,2026-09-08,19.55,0.45,2.36,148967000,0,綠縮,否,,18.68,19.68,22.24,,-9.7148,-13.5675,-9.1791
3611,鼎翰,2026-09-08,182.5,0.5,0.27,44616000,0,綠縮,否,,182.9,184.45,185.1,,-1.6667,-1.2845,-1.1614
3615,安可,2026-09-08,35.65,-0.75,-2.06,299984000,0,紅縮,否,,36.31,36.5,36.28,,-1.0357,0.3574,-3.4976
3623,富晶通,2026-09-08,24.7,0.4,1.65,312342000,0,紅增,是,,24.04,23.03,21.93,,9.1735,7.3159,2.3335
3624,光頡,2026-09-08,96.6,-0.3,-0.31,18670536000,0,紅增,是,,92.1,89.84,84.25,,5.161,7.7994,-2.8314
3625,西勝,2026-09-08,12.3,0.2,1.65,83961000,0,綠縮,否,,12.59,12.24,14.44,,5.8873,-13.7421,-7.6566
3628,盈正,2026-09-08,68.2,-0.2,-0.29,83117000,0,紅縮,是,,68.72,68.11,67.16,,1.8074,1.7935,-0.2599
3629,地心引力,2026-09-08,21.35,1.5,7.56,1008000,0,紅增,否,,20.15,17.73,15.63,,31.6133,23.5971,8.9578
3630,新鉅科,2026-09-08,26.6,-0.65,-2.39,631645000,0,紅縮,否,,27.28,26.42,26.14,,6.771,2.3242,1.2686
3631,晟楠,2026-09-08,37.9,0.05,0.13,46677000,0,紅縮,否,,38.36,39.1,36.14,,-3.739,6.0906,4.2923
3632,研勤,2026-09-08,7.19,-0.11,-1.51,13898000,0,綠縮,是,,7.3,7.26,7.59,,1.0518,-3.7243,-3.2488
3646,艾恩特,2026-09-08,24.0,0.15,0.63,7012000,0,紅增,否,,23.85,23.74,23.48,,0.8883,1.1933,0.6754
3663,鑫科,2026-09-08,61.0,-1.1,-1.77,571962000,0,紅縮,否,,61.64,61.5,62.38,,0.4563,-1.2366,-3.9276
3664,安瑞-KY,2026-09-08,7.02,-0.36,-4.88,25003000,0,紅縮,否,,8.01,6.97,6.54,,34.8265,14.7654,3.9358
3666,光耀,2026-09-08,25.0,0.0,0.0,220675000,0,紅縮,是,,25.0,25.06,25.07,,-0.5173,-0.2587,0.1498
3672,康聯訊,2026-09-08,11.85,0.0,0.0,8003000,0,綠縮,否,,11.95,12.17,12.45,,-3.4733,-2.8355,-2.2375
3675,德微,2026-09-08,274.0,-8.0,-2.84,719270000,0,紅縮,否,,277.8,272.95,260.65,,3.6181,3.0778,-1.5951
3680,家登,2026-09-08,521.0,-8.0,-1.51,2196819000,0,紅縮,否,,520.0,500.65,470.2,,8.0407,8.4832,2.0344
3684,榮昌,2026-09-08,54.1,-0.1,-0.18,27755000,0,紅縮,否,,54.14,53.89,52.37,,0.9321,2.2193,1.6697
3685,元創精密,2026-09-08,36.65,-0.3,-0.81,419100000,0,綠增,否,,36.88,36.76,36.83,,0.655,0.0544,-0.6206
3687,歐買尬,2026-09-08,62.4,-0.2,-0.32,15255000,0,綠轉紅,否,,62.96,63.04,65.31,,-0.2535,-2.2636,-4.0123
3689,湧德,2026-09-08,110.5,-2.5,-2.21,1008382000,0,紅縮,否,,114.6,111.75,109.22,,5.2342,2.7586,0.8775
3691,碩禾,2026-09-08,97.3,-1.3,-1.32,204940000,0,紅增,否,,98.8,99.83,105.38,,-2.0424,-6.4649,-5.2596
3693,營邦,2026-09-08,669.0,-13.0,-1.91,3782305000,0,紅縮,是,,660.8,604.5,544.9,,20.5399,15.6495,9.8146
3707,漢磊,2026-09-08,60.0,-1.2,-1.96,4933417000,0,紅縮,是,,61.18,61.73,60.9,,-1.7662,-0.0648,-3.9888
3709,鑫聯大投控,2026-09-08,62.0,-4.0,-6.06,1698470000,0,綠增,是,,64.92,66.24,69.4,,-3.9076,-6.5595,-3.6044
3710,連展投控,2026-09-08,5.0,0.0,0.0,320090000,0,紅增,否,,5.02,5.11,5.17,,-3.3487,-0.6997,-3.0925
3713,新晶投控,2026-09-08,14.3,0.0,0.0,101047000,0,綠增,是,,14.37,14.57,14.56,,-2.7082,-1.1868,-0.1029
3718,中光電投控,2026-09-08,66.1,-4.8,-6.77,7347571000,0,,是,,,,,,,,
4102,永日,2026-09-08,18.95,-0.15,-0.79,15039000,0,綠增,否,,19.12,19.14,19.25,,-0.2088,0.1308,-1.5976
4105,東洋,2026-09-08,76.9,0.4,0.52,246471000,0,綠增,否,,77.08,77.64,76.97,,-1.4322,0.4918,-0.3625
4107,邦特,2026-09-08,113.0,0.0,0.0,68838000,0,綠縮,是,,113.0,113.55,114.2,,-0.9641,-0.482,-1.1041
4109,加捷生醫,2026-09-08,11.0,0.0,0.0,167679000,0,綠增,否,,11.05,11.14,11.22,,-1.6904,-0.6684,-1.5786
4111,濟生,2026-09-08,28.7,-0.1,-0.35,11773000,0,綠縮,否,,28.72,29.15,29.54,,-2.9074,-2.0003,-1.1046
4113,聯上,2026-09-08,15.8,0.6,3.95,144512000,0,紅增,否,,15.23,15.04,14.86,,2.4899,1.6211,0.814
4114,健喬,2026-09-08,29.6,-0.05,-0.17,510188000,0,紅縮,否,,29.67,30.01,29.7,,-2.2405,0.4351,-1.1977
4116,明基醫,2026-09-08,40.0,-0.25,-0.62,31101000,0,紅縮,否,,40.21,39.81,39.36,,2.0041,0.9508,1.1567
4120,友華,2026-09-08,46.0,0.0,0.0,2149000,0,綠縮,否,,46.14,46.85,47.19,,-2.9653,-2.6496,-0.1111
4121,優盛,2026-09-08,12.8,0.0,0.0,51589000,0,綠增,否,,12.87,12.99,13.04,,-1.9055,-0.5358,-0.7419
4123,晟德,2026-09-08,30.4,0.85,2.88,2574736000,0,綠縮,否,,30.3,31.27,34.44,,-6.0174,-9.8587,-5.0321
4126,太醫,2026-09-08,78.0,0.1,0.13,13381000,0,紅縮,否,,77.92,77.78,77.12,,0.3606,0.8427,-0.0194
4127,天良,2026-09-08,62.0,0.0,0.0,246443000,0,綠縮,否,,64.24,74.06,76.67,,-23.4144,-11.8018,-4.2343
4128,中天,2026-09-08,14.95,0.3,2.05,703730000,0,綠轉紅,否,,14.74,14.98,14.76,,-3.0901,0.9097,-1.4851
4129,聯合,2026-09-08,83.5,1.1,1.33,219844000,0,綠縮,否,,82.02,84.33,85.11,,-5.3324,-1.656,-2.6647
4131,浩泰,2026-09-08,30.5,0.0,0.0,20401000,0,綠縮,否,,30.68,31.13,32.45,,-2.8499,-3.383,-1.964
4138,曜亞,2026-09-08,52.8,-0.8,-1.49,39375000,0,紅縮,否,,52.82,52.07,51.52,,2.9228,1.6794,0.9601
4139,馬光-KY,2026-09-08,41.0,-0.5,-1.2,20121000,0,紅轉綠,否,,41.81,39.98,39.09,,9.565,6.1173,4.4835
4147,中裕,2026-09-08,65.3,2.6,4.15,1173609000,0,綠轉紅,是,,63.64,63.49,61.57,,0.4736,1.6653,0.9344
4153,鈺緯,2026-09-08,32.0,-0.15,-0.47,2571000,0,綠增,否,,32.27,32.65,32.28,,-2.2714,-0.4422,0.8907
4157,太景*-KY,2026-09-08,9.01,-0.16,-1.74,1060732000,0,紅縮,否,,8.91,8.97,8.72,,-1.2192,1.3793,0.903
4160,訊聯基因,2026-09-08,39.8,0.05,0.13,36003000,0,綠轉紅,是,,39.7,39.7,39.73,,0.0252,-0.4015,-0.4073
4161,聿新科,2026-09-08,22.5,-0.15,-0.66,14041000,0,紅轉綠,否,,22.71,22.84,22.66,,-1.0889,-0.1749,-0.0441
4162,智擎,2026-09-08,56.4,-0.6,-1.05,223342000,0,綠縮,否,,57.34,58.26,61.17,,-3.1092,-4.6013,-3.2653
4163,鐿鈦,2026-09-08,129.5,-8.0,-5.82,267316000,0,綠增,是,,136.1,138.2,133.72,,-2.9936,0.2539,2.1581
4166,友霖,2026-09-08,25.15,0.1,0.4,193306000,0,紅增,是,,24.99,24.62,24.77,,3.0515,0.943,-1.5207
4167,松瑞藥,2026-09-08,18.9,0.0,0.0,510599000,0,綠增,否,,19.06,19.71,19.21,,-6.3851,2.0186,-2.2021
4168,醣聯,2026-09-08,21.85,-0.3,-1.35,106623000,0,紅縮,否,,22.13,22.36,22.56,,-2.0363,-1.3457,-1.7529
4171,瑞基,2026-09-08,16.6,-0.2,-1.19,44981000,0,綠增,否,,16.78,16.98,17.36,,-2.3851,-0.991,-1.8519
4173,久裕,2026-09-08,17.15,0.05,0.29,10714000,0,綠縮,否,,17.2,17.32,17.49,,-1.4327,-0.9151,-0.9204
4174,浩鼎,2026-09-08,26.0,1.05,4.21,597284000,0,綠轉紅,否,,25.12,25.69,26.04,,-4.3048,-1.7406,-2.9987
4175,杏一,2026-09-08,51.3,-0.3,-0.58,3002000,0,紅縮,否,,51.56,51.39,50.74,,0.6638,1.481,0.6946
4188,安克,2026-09-08,12.8,-0.9,-6.57,274479000,0,紅縮,否,,13.9,13.05,11.44,,14.0279,18.4724,9.3211
4198,欣大健康,2026-09-08,46.4,-1.6,-3.33,3406000,0,紅縮,否,,47.34,44.66,43.11,,12.768,7.2784,3.8415
4205,中華食,2026-09-08,69.3,-0.4,-0.57,17071000,0,紅縮,否,,69.62,69.52,69.7,,0.2881,0.0576,-0.7335
4207,環泰,2026-09-08,19.95,-0.3,-1.48,229725000,0,綠增,是,,20.29,20.49,20.25,,-1.9333,-0.0,0.5462
4303,信立,2026-09-08,35.65,0.55,1.57,1120242000,0,綠縮,否,,35.45,42.24,42.88,,-27.6973,-10.0511,-4.5624
4304,勝昱,2026-09-08,16.65,-0.65,-3.76,92115000,0,綠增,否,,18.66,21.7,19.26,,-24.5756,6.4247,-0.1555
4305,世坤,2026-09-08,43.2,-0.2,-0.46,5000000,0,紅縮,是,,43.68,43.38,42.72,,1.4163,2.6141,-0.4486
4401,東隆興,2026-09-08,14.0,0.0,0.0,18167000,0,綠縮,否,,14.06,14.07,14.17,,-0.142,0.2494,-1.3064
4402,郡都開發,2026-09-08,14.25,0.1,0.71,2353000,0,綠縮,否,,14.61,14.73,15.37,,-1.6162,-4.3817,-2.6141
4406,新昕纖,2026-09-08,9.95,-0.1,-1.0,75000000,0,綠增,是,,9.99,10.02,10.03,,-0.7157,-0.7033,0.3954
4413,飛寶企業,2026-09-08,20.0,0.45,2.3,2091000,0,紅縮,否,,19.83,19.73,17.41,,1.0703,10.8146,8.156
4416,三圓,2026-09-08,12.05,-0.3,-2.43,626786000,0,紅轉綠,否,,12.44,13.12,11.79,,-9.9203,8.1582,4.6826
4417,金洲,2026-09-08,47.2,0.0,0.0,14016000,0,紅縮,否,,47.1,47.08,45.63,,0.085,2.0152,1.955
4419,皇家美食,2026-09-08,45.95,-1.15,-2.44,14002000,0,紅縮,是,,46.74,46.51,46.1,,1.0158,0.6275,0.1956
4420,光明,2026-09-08,38.85,0.1,0.26,54716000,0,紅縮,否,,38.57,37.77,36.52,,4.2996,3.8916,2.1684
4430,耀億,2026-09-08,17.4,0.0,0.0,15920000,0,綠增,否,,17.55,17.84,17.56,,-3.1991,-0.3352,1.0355
4432,銘旺實,2026-09-08,15.65,0.0,0.0,21155000,0,綠增,否,,15.73,15.73,15.84,,-0.0635,-1.4098,-0.6739
4433,興采,2026-09-08,18.7,-0.05,-0.27,25503000,0,綠縮,否,,18.77,18.93,19.26,,-1.6247,-2.2469,-1.5088
4442,竣邦-KY,2026-09-08,52.7,0.0,0.0,32170000,0,綠縮,否,,51.34,51.21,54.56,,0.509,-4.9378,1.5637
4502,健信,2026-09-08,15.75,0.1,0.64,10000000,0,綠轉紅,否,,15.68,15.68,15.7,,-0.0637,-0.0955,-0.0478
4503,金雨,2026-09-08,23.3,-0.4,-1.69,164480000,0,綠縮,否,,23.66,24.02,27.93,,-2.9532,-10.1048,-10.9082
4506,崇友,2026-09-08,122.0,-0.5,-0.41,33887000,0,綠增,否,,122.0,122.35,122.0,,-0.5705,-0.2852,-0.1637
4510,高鋒,2026-09-08,44.3,-1.35,-2.96,1528242000,0,紅縮,否,,46.07,45.02,41.99,,4.7522,5.8913,3.8003
4513,福裕,2026-09-08,15.55,-0.15,-0.96,201923000,0,綠縮,否,,15.87,16.15,17.33,,-3.4084,-4.4096,-6.8163
4523,永彰,2026-09-08,23.45,-0.2,-0.85,28251000,0,紅縮,否,,23.68,23.93,24.34,,-2.0678,-3.2154,-0.6431
4527,方土霖,2026-09-08,40.95,0.05,0.12,9526000,0,紅縮,否,,40.79,40.85,40.25,,-0.3177,0.6777,0.9594
4528,江興鍛,2026-09-08,14.9,0.0,0.0,8727000,0,綠縮,否,,14.94,15.0,15.13,,-0.8626,-0.8917,-0.9006
4529,淳紳,2026-09-08,3.71,0.02,0.54,25001000,0,紅增,否,,3.73,3.55,3.86,,11.1971,-4.7542,-3.9806
4530,天意能創,2026-09-08,25.95,-1.95,-6.99,99149000,0,紅縮,是,,27.25,27.21,26.15,,0.2575,3.8344,1.1509
4533,協易機,2026-09-08,25.25,-0.75,-2.88,433220000,0,紅縮,否,,25.78,25.84,25.62,,-0.4633,-0.116,-1.1574
4534,慶騰,2026-09-08,28.9,0.4,1.4,572021000,0,綠縮,否,,29.22,29.47,32.04,,-1.6824,-6.8731,-6.3094
4535,至興,2026-09-08,27.85,0.05,0.18,2065000,0,綠縮,否,,27.78,28.27,28.14,,-3.4411,-1.3089,-0.2923
4538,大詠城,2026-09-08,17.45,-0.05,-0.29,10337000,0,紅縮,否,,17.65,17.57,17.52,,0.9148,0.5724,-0.9611
4541,晟田,2026-09-08,60.3,-1.3,-2.11,843074000,0,綠增,否,,62.14,64.72,65.57,,-7.6672,-3.7048,-3.6727
4542,科嶠,2026-09-08,275.0,-13.0,-4.51,440620000,0,紅縮,否,,284.6,274.75,279.57,,7.4368,1.5899,-4.0909
4543,萬在,2026-09-08,29.0,-0.4,-1.36,149729000,0,紅轉綠,是,,29.77,30.76,30.88,,-6.2657,-2.627,-2.2632
4549,桓達,2026-09-08,100.5,,,60919000,0,紅縮,否,,101.9,101.85,97.13,,0.0982,4.8055,1.7921
4550,長佳,2026-09-08,24.0,0.0,0.0,12151000,0,綠縮,否,,24.0,24.2,24.35,,-1.6393,-0.6976,-1.2372
4554,橙的,2026-09-08,29.15,-0.45,-1.52,23244000,0,綠增,否,,29.44,30.3,30.55,,-5.5199,-2.7131,-1.4356
4556,旭然,2026-09-08,77.5,7.0,9.93,570434000,0,綠縮,是,,71.44,72.34,86.54,,-2.4577,-9.5863,-12.102
4558,寶緯,2026-09-08,17.2,0.05,0.29,37000000,0,紅縮,是,,17.31,17.3,17.13,,0.1157,-0.0289,-0.407
4561,健椿,2026-09-08,41.1,-1.1,-2.61,145177000,0,紅縮,否,,42.57,43.67,40.88,,-4.8928,1.7121,3.2193
4563,百德,2026-09-08,44.2,-0.9,-2.0,114408000,0,紅縮,否,,44.43,42.55,40.75,,9.2451,6.4415,2.4255
4568,科際精密,2026-09-08,39.15,-0.25,-0.63,7000000,0,紅縮,否,,39.33,39.48,39.49,,-0.757,-0.1896,-0.81
4577,達航科技,2026-09-08,91.0,1.4,1.56,1868239000,0,紅縮,是,,88.68,83.31,77.6,,13.7798,9.216,5.256
4580,捷流閥業,2026-09-08,81.4,-0.9,-1.09,92741000,0,紅縮,否,,82.48,81.45,81.03,,2.5616,1.2682,0.4027
4584,君帆,2026-09-08,38.5,-0.2,-0.52,8219000,0,紅縮,是,,38.75,39.03,39.23,,-1.4246,-0.2173,-0.7589
4609,唐鋒,2026-09-08,4.45,0.4,9.88,45412000,0,綠縮,是,,4.25,4.38,4.71,,-5.765,-8.3298,-4.4079
4702,中美實,2026-09-08,9.38,0.01,0.11,138575000,0,綠增,否,,9.48,9.56,9.54,,-1.7624,-0.6133,-0.303
4706,大恭,2026-09-08,35.3,-3.85,-9.83,312527000,0,紅縮,是,,34.97,33.94,33.3,,6.2918,4.223,2.1866
4707,磐亞,2026-09-08,28.3,0.0,0.0,1823196000,0,綠增,否,,29.71,31.72,30.98,,-11.9182,-0.611,-6.2916
4711,永純,2026-09-08,16.7,0.2,1.21,87347000,0,紅增,否,,16.62,16.68,16.41,,-0.6575,1.1833,0.3517
4714,永捷,2026-09-08,10.8,0.25,2.37,652921000,0,紅增,否,,10.69,10.71,10.59,,-0.2799,1.3251,-0.9124
4716,大立,2026-09-08,17.0,-0.15,-0.87,469341000,0,紅增,否,,17.17,17.14,17.23,,0.3507,-0.0292,-3.2285
4721,美琪瑪,2026-09-08,71.3,0.0,0.0,222105000,0,紅縮,否,,71.92,72.63,72.02,,-1.9362,-0.343,-0.8741
4726,永昕,2026-09-08,23.9,0.2,0.84,200269000,0,綠縮,是,,23.94,24.25,24.43,,-2.4847,-1.3629,-0.6505
4728,雙美,2026-09-08,392.5,-1.5,-0.38,5005000,0,紅縮,否,,397.7,392.95,385.8,,2.4472,2.4374,1.0874
4729,熒茂,2026-09-08,18.6,-0.3,-1.59,67433000,0,紅縮,否,,18.89,18.91,19.01,,-0.2113,-2.0968,-0.7312
4735,豪展,2026-09-08,36.65,0.0,0.0,26566000,0,紅轉綠,否,,37.29,37.87,35.17,,-3.0169,4.11,4.9228
4741,泓瀚,2026-09-08,40.1,-0.8,-1.96,54557000,0,紅縮,否,,40.77,41.18,42.4,,-1.9716,-3.5823,-3.8928
4743,合一,2026-09-08,46.95,1.35,2.96,1643918000,0,紅增,是,,45.72,46.79,45.98,,-4.4714,0.494,-1.6366
4744,皇將,2026-09-08,26.9,-0.25,-0.92,69034000,0,綠增,否,,27.3,27.55,28.38,,-1.7986,-2.3742,-3.2885
4745,合富-KY,2026-09-08,11.65,-0.2,-1.69,36638000,0,紅縮,是,,11.78,11.83,11.96,,-0.8418,-0.295,-4.32
4747,強生*,2026-09-08,25.25,0.5,2.02,57017000,0,綠縮,否,,24.86,36.55,42.78,,-48.4767,-24.9692,-12.4616
4749,新應材,2026-09-08,780.0,-7.0,-0.89,762158000,0,紅縮,否,,777.8,771.6,767.6,,1.6201,-0.1165,-1.4634
4754,國碳科,2026-09-08,38.55,-0.25,-0.64,27748000,0,紅縮,否,,38.63,38.46,37.7,,0.8616,1.8805,1.1945
4760,勤凱,2026-09-08,272.5,0.0,0.0,847943000,0,紅縮,是,,267.9,262.45,249.57,,4.2412,4.666,0.7773
4767,誠泰科技,2026-09-08,29.0,-0.05,-0.17,23000000,0,紅縮,否,,29.08,28.39,27.62,,5.0199,4.2416,1.684
4768,晶呈科技,2026-09-08,301.0,-2.0,-0.66,208624000,0,紅縮,否,,299.7,307.9,304.48,,-5.1882,-0.5973,-0.8467
4772,台特化,2026-09-08,249.5,-1.0,-0.4,303515000,0,紅縮,否,,250.2,254.25,245.18,,-3.1359,1.3352,-0.112
4806,桂田文創,2026-09-08,8.88,0.01,0.11,15216000,0,綠縮,否,,8.99,9.1,9.54,,-2.3028,-5.1886,-2.8177
4903,聯光通,2026-09-08,35.5,-1.0,-2.74,531996000,0,紅縮,否,,36.85,36.32,36.67,,2.9617,-1.9174,0.5208
4905,台聯電,2026-09-08,85.3,0.5,0.59,12444000,0,紅縮,否,,86.14,88.06,78.28,,-4.2676,9.3098,6.4306
4907,富宇,2026-09-08,45.0,0.0,0.0,126213000,0,綠增,是,,46.39,46.96,45.0,,-2.419,1.5679,3.5375
4908,前鼎,2026-09-08,227.5,4.5,2.02,1919372000,0,紅縮,否,,219.5,194.35,169.4,,29.7281,20.2661,12.5021
4909,新復興,2026-09-08,35.45,-1.15,-3.14,398381000,0,紅縮,否,,36.93,37.6,37.58,,-3.5014,-1.7764,-1.6875
4911,德英,2026-09-08,29.25,-0.05,-0.17,22145000,0,紅增,否,,29.64,29.36,30.07,,1.9257,1.6445,-3.7446
4923,力士,2026-09-08,55.0,4.1,8.06,781766000,0,紅增,是,,52.1,52.16,48.67,,-0.2298,4.4558,0.6202
4924,欣厚-KY,2026-09-08,13.0,-0.1,-0.76,827196000,0,紅增,是,,11.77,10.79,10.32,,20.1674,9.0486,3.479
4931,新盛力,2026-09-08,241.5,-6.0,-2.42,3958511000,0,紅縮,否,,245.9,254.0,232.28,,-6.1808,3.4623,3.8913
4933,友輝,2026-09-08,53.4,-0.3,-0.56,64792000,0,紅縮,否,,54.06,54.1,54.64,,-0.1478,-1.2053,-2.0
4939,亞電,2026-09-08,89.5,-4.1,-4.38,3926952000,0,紅縮,否,,88.28,79.46,69.4,,24.9717,22.832,9.9929
4946,辣椒,2026-09-08,94.0,2.5,2.73,28920000,0,紅增,是,,91.08,91.88,84.66,,-1.7264,7.6508,-0.1239
4950,金耘國際,2026-09-08,15.85,-0.15,-0.94,10002000,0,紅縮,否,,16.14,16.05,15.97,,1.1278,1.6466,-0.0626
4951,精拓科,2026-09-08,79.3,0.0,0.0,152326000,0,紅縮,否,,79.24,78.27,78.71,,2.5097,-0.2422,-0.3986
4953,緯致,2026-09-08,118.0,-2.0,-1.67,181019000,0,綠增,否,,120.0,121.3,122.65,,-2.1207,-2.3742,-0.507
4966,譜瑞-KY,2026-09-08,547.0,-19.0,-3.36,740812000,0,紅縮,否,,563.8,564.5,575.7,,-0.2477,-2.1155,-1.5393
4971,IET-KY,2026-09-08,605.0,-5.0,-0.82,1954493000,0,紅縮,否,,623.8,603.1,511.32,,7.1085,15.9028,12.6825
4972,湯石照明,2026-09-08,16.5,0.0,0.0,7469000,0,綠增,否,,16.61,16.62,16.61,,-0.1803,0.1204,-0.3451
4973,廣穎,2026-09-08,148.0,-2.5,-1.66,797483000,0,紅縮,否,,149.2,152.25,147.5,,-3.9279,-0.7173,0.5282
4974,亞泰,2026-09-08,71.4,-0.4,-0.56,118011000,0,紅縮,否,,71.38,70.16,69.06,,3.5393,1.7254,1.1127
4979,華星光,2026-09-08,605.0,15.0,2.54,12827066000,0,紅縮,否,,604.0,591.5,517.0,,4.3178,10.026,12.5626
4991,環宇-KY,2026-09-08,493.0,-1.0,-0.2,701585000,0,紅縮,否,,499.7,492.35,457.6,,3.0309,4.6996,6.5797
4995,晶達,2026-09-08,50.0,0.2,0.4,7562000,0,紅縮,否,,50.1,49.58,49.02,,2.1407,0.7315,2.3275
5009,榮剛,2026-09-08,32.8,0.05,0.15,1347105000,0,紅轉綠,否,,33.13,33.71,33.32,,-3.4111,0.3871,-0.5522
5011,久陽,2026-09-08,18.35,0.1,0.55,339332000,0,紅增,是,,18.35,18.04,18.23,,3.4386,1.291,-2.7092
5013,強新,2026-09-08,28.0,-0.3,-1.06,11130000,0,紅縮,否,,28.43,28.11,26.77,,2.2662,4.4391,1.9711
5014,建錩,2026-09-08,10.05,0.05,0.5,147360000,0,綠縮,否,,10.05,10.1,10.45,,-0.8876,-2.4166,-2.4726
5015,華祺,2026-09-08,21.9,-0.1,-0.45,31215000,0,紅縮,否,,22.01,21.86,21.65,,1.4286,0.784,0.6509
5016,松和,2026-09-08,24.55,-0.05,-0.2,6009000,0,紅縮,否,,24.64,24.64,24.38,,0.0406,0.8185,0.6398
5201,凱衛,2026-09-08,27.9,0.5,1.82,211356000,0,紅增,是,,26.74,26.6,26.55,,1.0582,1.1599,-0.263
5202,力新,2026-09-08,11.8,0.05,0.43,64120000,0,紅增,否,,11.84,11.89,12.07,,-0.9205,-1.6129,-2.8962
5205,中茂,2026-09-08,19.75,-0.4,-1.99,1423000,0,綠增,否,,20.31,20.71,21.38,,-3.8352,-3.7631,-2.3973
5206,坤悅,2026-09-08,23.25,0.2,0.87,131987000,0,紅縮,否,,23.31,23.07,22.05,,2.1025,3.4297,2.4869
5209,新鼎,2026-09-08,153.0,-1.0,-0.65,77234000,0,綠增,否,,154.1,157.0,156.8,,-3.6273,-1.9669,0.0
5210,寶碩,2026-09-08,28.5,0.45,1.6,155412000,0,綠縮,否,,28.61,28.66,28.67,,-0.3483,0.2448,-1.2656
5211,蒙恬,2026-09-08,19.25,0.0,0.0,11749000,0,綠縮,否,,19.28,19.31,19.32,,-0.3102,-1.2024,-0.9865
5212,凌網,2026-09-08,46.2,-0.8,-1.7,8200000,0,綠增,否,,46.52,46.61,46.84,,-0.3641,-0.3315,-0.5942
5213,亞昕,2026-09-08,21.15,0.3,1.44,430260000,0,紅增,是,,20.96,21.15,21.32,,-1.7807,-0.4706,-1.3076
5220,萬達光電,2026-09-08,19.55,-0.1,-0.51,16021000,0,綠增,否,,19.67,19.78,20.09,,-1.1061,-1.5431,-1.4347
5223,安力-KY,2026-09-08,23.25,-0.2,-0.85,28001000,0,紅縮,否,,23.67,23.57,23.31,,0.8522,0.662,-0.0964
5227,立凱-KY,2026-09-08,29.5,-0.8,-2.64,253989000,0,綠縮,否,,30.17,30.62,33.55,,-2.8654,-6.5048,-1.5843
5228,鈺鎧,2026-09-08,41.5,-1.85,-4.27,346119000,0,紅縮,否,,41.28,41.2,40.67,,0.3647,0.549,-2.5577
5230,雷笛克光學,2026-09-08,19.05,1.25,7.02,1806443000,0,紅增,是,,18.04,17.83,17.82,,2.3837,0.5073,-1.1097
5245,智晶,2026-09-08,22.8,0.0,0.0,18020000,0,紅縮,否,,22.92,23.12,23.19,,-1.6731,-0.794,-1.6018
5251,天鉞電,2026-09-08,25.5,-0.6,-2.3,59645000,0,紅縮,否,,26.05,25.66,25.82,,3.1275,0.9245,-1.516
5263,智崴,2026-09-08,104.5,1.5,1.46,186303000,0,紅增,否,,101.38,96.23,94.9,,11.3087,5.1579,1.3564
5272,笙科,2026-09-08,16.7,-0.05,-0.3,82676000,0,紅增,否,,16.87,16.95,17.41,,-0.8813,-2.5589,-3.1293
5274,信驊,2026-09-08,19220.0,5.0,0.03,462611000,0,紅增,否,,18296.0,17021.5,16212.75,,16.1872,5.8025,8.2203
5276,達輝-KY,2026-09-08,17.2,-0.35,-1.99,1057000,0,綠增,否,,17.89,18.57,18.8,,-7.0166,-3.0295,-2.0195
5278,尚凡*,2026-09-08,23.85,-0.3,-1.24,63902000,0,綠增,否,,24.2,24.29,24.21,,-0.779,-0.5322,-0.165
5287,數字,2026-09-08,135.5,-0.5,-0.37,53470000,0,綠縮,否,,135.7,143.4,145.6,,-10.1919,-4.4637,-2.0847
5289,宜鼎,2026-09-08,1370.0,-35.0,-2.49,2064455000,0,紅縮,否,,1380.0,1448.0,1407.0,,-8.971,-2.1622,0.6978
5291,邑昇,2026-09-08,66.3,-1.8,-2.64,558237000,0,紅縮,否,,68.16,64.2,57.95,,13.1474,13.5479,7.4338
5299,杰力,2026-09-08,92.1,-4.7,-4.86,361512000,0,紅轉綠,是,,95.64,97.04,98.03,,-2.8444,-3.6058,-0.6184
5301,寶得利,2026-09-08,5.32,0.17,3.3,15032000,0,紅增,否,,5.4,5.44,5.59,,-1.4244,-0.7303,-3.5619
5302,太欣,2026-09-08,10.2,-0.05,-0.49,189000000,0,紅增,否,,10.25,10.29,10.42,,-0.6783,-2.2338,-2.777
5309,系統電,2026-09-08,50.7,-0.7,-1.36,1655908000,0,紅縮,是,,51.46,52.02,52.05,,-2.1301,-2.08,-1.9775
5310,天剛,2026-09-08,23.8,0.25,1.06,12010000,0,綠增,是,,23.98,24.66,24.69,,-5.3296,-1.6357,-0.5938
5312,寶島科,2026-09-08,91.7,-0.2,-0.22,16455000,0,紅縮,否,,91.78,91.78,91.68,,0.0,1.3136,0.6753
5314,世紀*,2026-09-08,38.7,3.5,9.94,10220034000,0,綠轉紅,是,,34.22,31.61,41.74,,18.0,-19.9139,-14.484
5315,光聯,2026-09-08,18.4,-0.25,-1.34,303580000,0,紅縮,否,,18.69,18.95,19.04,,-2.6563,-1.3024,-1.0782
5321,美而快,2026-09-08,78.4,0.9,1.16,326816000,0,紅縮,否,,77.74,77.12,66.46,,1.6209,15.9002,9.3542
5324,士開,2026-09-08,12.2,-0.1,-0.81,254402000,0,紅轉綠,否,,12.27,12.28,12.19,,-0.0814,0.245,0.4947
5328,華容,2026-09-08,59.1,-1.6,-2.64,2301263000,0,綠增,否,,60.26,61.22,62.8,,-3.0878,-3.9686,-0.3491
5340,建榮,2026-09-08,82.5,1.3,1.6,3347645000,0,紅縮,否,,80.82,79.82,74.68,,2.5374,4.9573,2.4064
5344,立衛,2026-09-08,13.45,-0.1,-0.74,38050000,0,紅增,是,,13.58,13.54,13.9,,0.6672,-1.9913,-3.1876
5345,馥鴻,2026-09-08,21.8,0.0,0.0,2495000,0,紅增,否,,21.84,21.8,22.57,,0.3215,-2.6128,2.0
5347,世界,2026-09-08,152.0,-4.0,-2.56,12869005000,0,紅增,否,,150.9,151.45,153.4,,-0.7237,-2.0375,-2.6341
5348,正能量智能,2026-09-08,16.55,-0.05,-0.3,1002000,0,綠增,否,,16.68,16.62,16.62,,0.6639,0.2412,-0.1502
5351,鈺創,2026-09-08,117.0,-1.5,-1.27,30211044000,0,紅縮,是,,115.0,116.9,105.32,,-3.1987,3.2503,5.8067
5353,台林,2026-09-08,27.9,-0.1,-0.36,17000000,0,紅縮,否,,27.97,28.01,27.97,,-0.2496,-0.4621,0.0984
5355,佳總,2026-09-08,5.76,-0.24,-4.0,107038000,0,紅縮,否,,5.94,5.92,5.79,,0.7463,1.8939,-0.8132
5356,協益,2026-09-08,26.0,-0.05,-0.19,97671000,0,紅縮,是,,26.03,25.99,25.38,,0.347,1.882,1.0349
5364,力麗店,2026-09-08,8.36,-0.01,-0.12,8697000,0,綠縮,否,,8.39,8.46,8.57,,-1.502,-2.231,-0.7468
5381,光譜,2026-09-08,23.8,-0.7,-2.86,630063000,0,紅縮,否,,24.82,24.83,24.16,,-0.0805,1.7623,0.197
5386,青雲,2026-09-08,257.5,-2.0,-0.77,494285000,0,紅縮,否,,262.7,253.55,252.57,,7.4877,-0.3145,-5.2251
5392,能率,2026-09-08,41.15,-1.05,-2.49,1321259000,0,綠增,否,,42.83,44.11,42.99,,-5.6608,-1.8685,-0.3073
5398,慕康生醫,2026-09-08,14.25,-0.15,-1.04,225702000,0,紅縮,是,,14.28,14.23,14.35,,0.6342,0.7431,-1.0515
5403,中菲,2026-09-08,92.6,-1.1,-1.17,33639000,0,紅轉綠,否,,93.34,93.14,93.19,,0.4304,0.5506,-0.3902
5410,國眾,2026-09-08,35.35,-0.35,-0.98,222906000,0,紅縮,否,,35.85,36.03,35.81,,-0.9942,0.7691,-0.8719
5425,台半,2026-09-08,89.6,-2.8,-3.03,5638377000,0,紅縮,否,,91.72,90.63,86.16,,2.4347,5.2858,-1.3679
5426,振發,2026-09-08,27.8,-0.85,-2.97,445410000,0,紅縮,否,,28.55,28.36,27.33,,1.313,2.6973,1.551
5432,新門,2026-09-08,162.0,-2.5,-1.52,177099000,0,紅縮,否,,156.7,152.55,133.59,,5.593,15.1755,6.0112
5438,東友,2026-09-08,16.75,-0.1,-0.59,20740000,0,紅增,否,,16.73,16.77,16.93,,-0.4167,-1.2662,-2.2511
5439,高技,2026-09-08,257.5,-5.0,-1.9,1170141000,0,紅縮,否,,262.4,255.1,241.35,,5.8918,6.3803,-0.8931
5443,均豪,2026-09-08,114.5,-5.5,-4.58,5552541000,0,紅縮,否,,113.8,109.35,102.88,,8.4843,6.2476,3.3399
5450,南良,2026-09-08,14.65,-0.05,-0.34,67538000,0,綠縮,否,,14.66,14.82,14.92,,-2.2015,-0.2691,-2.9287
5452,佶優,2026-09-08,26.35,-0.55,-2.04,447116000,0,紅縮,否,,26.95,27.05,26.5,,-0.7732,0.801,-0.6747
5455,昇益,2026-09-08,29.75,0.25,0.85,16057000,0,紅轉綠,是,,29.88,29.71,28.82,,1.1852,2.7499,2.1077
5457,宣德,2026-09-08,26.7,-0.5,-1.84,385516000,0,紅縮,否,,27.44,27.36,27.95,,0.5497,-1.0128,-2.4522
5460,同協,2026-09-08,17.15,0.95,5.86,986723000,0,綠轉紅,是,,16.32,16.25,16.16,,0.803,0.6502,-0.4006
5464,霖宏,2026-09-08,75.3,-1.1,-1.44,2252931000,0,紅增,是,,71.9,70.56,70.25,,3.8717,3.9635,-3.4961
5465,富驊,2026-09-08,24.25,-0.05,-0.21,56465000,0,紅縮,否,,24.42,24.35,23.28,,0.618,3.7282,1.9376
5468,凱鈺,2026-09-08,24.3,-0.35,-1.42,128467000,0,綠縮,否,,24.54,25.57,25.78,,-7.779,-6.0951,-0.1936
5474,聰泰,2026-09-08,152.5,0.5,0.33,216086000,0,紅增,是,,150.0,151.75,149.53,,-2.2801,-0.4918,0.386
5475,德宏,2026-09-08,190.0,-4.0,-2.06,3105259000,0,紅縮,否,,189.3,183.0,157.85,,7.1307,17.0825,4.5884
5478,智冠,2026-09-08,97.4,-0.5,-0.51,105262000,0,綠增,是,,97.94,98.35,98.81,,-0.8303,-0.9068,-0.2775
5481,新華,2026-09-08,20.2,0.15,0.75,259155000,0,綠增,否,,20.25,20.53,20.44,,-2.691,1.1579,-0.8368
5483,中美晶,2026-09-08,180.0,-3.5,-1.91,10561156000,0,綠縮,否,,180.4,181.25,182.95,,-0.9336,1.3702,-7.8686
5487,通泰,2026-09-08,29.2,1.2,4.29,74407000,0,綠縮,否,,29.08,29.48,29.02,,-2.6448,0.1869,0.8953
5488,松普,2026-09-08,11.75,-0.25,-2.08,210884000,0,綠縮,否,,11.98,12.11,12.73,,-2.2041,-4.6063,-7.5372
5489,彩富,2026-09-08,40.65,-0.6,-1.45,21185000,0,紅增,否,,41.25,41.37,42.03,,-0.5785,-0.8983,-3.5956
5490,同亨,2026-09-08,25.85,-0.1,-0.39,279939000,0,綠縮,否,,26.54,27.79,29.97,,-8.6088,-8.3896,-2.7266
5493,三聯,2026-09-08,83.2,-0.8,-0.95,41732000,0,紅縮,否,,84.34,82.14,80.03,,5.5041,3.6598,0.8507
5498,凱崴,2026-09-08,53.6,-1.0,-1.83,1157878000,0,紅縮,否,,54.06,53.1,50.07,,3.6824,4.5481,1.5772
5508,永信建,2026-09-08,54.4,0.9,1.68,248443000,0,紅增,否,,54.12,53.66,52.74,,1.7293,1.4559,-0.2742
5511,德昌,2026-09-08,69.6,0.2,0.29,282473000,0,綠縮,是,,69.86,71.04,71.57,,-3.2678,-0.5321,0.3928
5512,力麒,2026-09-08,7.74,0.02,0.26,942212000,0,綠縮,是,,7.75,7.77,7.78,,-0.4111,-0.0386,-0.3778
5514,三豐,2026-09-08,15.0,0.0,0.0,14841000,0,紅縮,否,,15.0,14.81,14.26,,2.5992,3.8934,2.7008
5516,雙喜,2026-09-08,12.2,0.3,2.52,1029000,0,綠縮,否,,11.95,11.91,11.64,,0.674,-0.9975,3.0759
5520,力泰,2026-09-08,82.3,-0.5,-0.6,2003000,0,紅轉綠,否,,82.82,83.04,82.59,,-0.5285,0.5084,-0.0182
5529,鉅陞,2026-09-08,25.0,0.5,2.04,83004000,0,紅增,否,,24.07,22.89,22.1,,10.8706,6.5642,3.0296
5530,龍巖,2026-09-08,49.4,-0.05,-0.1,184416000,0,紅轉綠,否,,49.77,50.07,49.24,,-1.1716,0.7952,0.7931
5536,聖暉*,2026-09-08,851.0,-23.0,-2.63,620346000,0,綠縮,否,,843.6,857.2,938.5,,-3.1236,-6.6942,-8.1118
5543,桓鼎-KY,2026-09-08,27.25,-0.6,-2.15,5034000,0,紅縮,否,,28.16,26.77,27.02,,10.9535,3.5991,-0.5522
5547,久舜,2026-09-08,20.2,0.6,3.06,104187000,0,紅增,是,,19.76,19.82,19.88,,-0.6536,-0.5268,-0.3009
5548,安倉,2026-09-08,20.35,-0.2,-0.97,16075000,0,紅縮,是,,20.48,20.54,20.54,,-0.5825,0.244,-3.2839
5601,台聯櫃,2026-09-08,31.0,0.5,1.64,15000000,0,紅增,是,,30.48,30.18,30.3,,2.008,1.3943,-1.335
5603,陸海,2026-09-08,13.8,-0.15,-1.08,235867000,0,綠增,是,,13.96,14.37,14.28,,-5.548,-0.6224,-0.7989
5604,中連,2026-09-08,31.55,0.25,0.8,8003000,0,紅增,否,,31.21,30.96,30.63,,1.6281,1.3089,0.5086
5609,中菲行,2026-09-08,78.8,0.3,0.38,122860000,0,綠轉紅,否,,78.22,78.5,78.56,,-0.7108,-0.1272,-0.0445
5701,劍湖山,2026-09-08,4.25,0.03,0.71,40918000,0,紅增,否,,4.25,4.23,4.34,,0.7587,-0.7036,-2.155
5704,老爺知,2026-09-08,23.1,-0.05,-0.22,48376000,0,紅縮,否,,23.27,23.32,22.48,,-0.4279,3.4605,1.9274
5864,致和證,2026-09-08,37.25,0.0,0.0,2911930000,0,紅縮,否,,36.77,35.62,33.6,,6.6725,7.5483,2.2131
5878,台名,2026-09-08,38.15,0.0,0.0,3027000,0,紅縮,否,,38.38,38.46,38.48,,-0.4152,0.013,-0.2204
5902,德記,2026-09-08,34.3,0.25,0.73,157401000,0,綠增,是,,34.33,34.54,34.42,,-1.2086,-0.2599,0.1601
5903,全家,2026-09-08,185.0,0.0,0.0,17575000,0,綠縮,否,,184.9,185.2,186.28,,-0.3235,-0.2424,-0.5074
5904,寶雅*,2026-09-08,71.7,0.0,0.0,2649285000,0,綠縮,否,,71.9,73.42,273.54,,-4.0566,-63.0387,-36.4322
5905,南仁湖,2026-09-08,7.55,-0.07,-0.92,752781000,0,綠縮,是,,7.66,7.78,8.02,,-3.1369,-2.81,-3.3384
6015,宏遠證,2026-09-08,17.85,1.0,5.93,5992619000,0,紅增,是,,16.84,16.38,16.06,,5.7789,3.2461,0.2966
6016,康和證,2026-09-08,23.15,1.05,4.75,11763677000,0,紅增,是,,22.0,20.91,21.07,,10.943,5.0741,-3.0826
6020,大展證,2026-09-08,20.8,-0.15,-0.72,19140000,0,紅縮,否,,20.89,20.75,20.94,,1.3094,-0.3361,-0.9577
6021,美好證,2026-09-08,42.5,1.65,4.04,744237000,0,紅增,是,,40.39,39.34,37.17,,5.4569,6.7852,1.9402
6023,元大期,2026-09-08,82.9,0.0,0.0,907726000,0,紅縮,否,,84.94,84.02,85.35,,2.2142,-0.8731,-2.5629
6026,福邦證,2026-09-08,15.4,0.25,1.65,1386810000,0,紅增,否,,15.16,14.98,14.56,,2.4324,2.9907,1.2515
6028,公勝保經,2026-09-08,95.3,-1.3,-1.35,6611000,0,紅縮,否,,96.6,96.66,89.81,,-0.1241,5.5701,5.0837
6101,寬魚國際,2026-09-08,37.0,-1.1,-2.89,331996000,0,紅縮,否,,37.82,38.14,37.24,,-1.6641,3.2066,-0.1341
6103,合邦,2026-09-08,35.4,1.3,3.81,44056000,0,紅縮,否,,38.4,36.02,32.84,,14.1838,15.7294,6.1323
6104,創惟,2026-09-08,92.5,-3.4,-3.55,734888000,0,紅縮,是,,95.74,95.92,93.8,,-0.3746,1.3846,0.2726
6109,亞元,2026-09-08,10.75,-0.1,-0.92,140028000,0,綠縮,否,,10.89,10.86,11.14,,0.554,-1.5859,-2.4732
6111,光聚晶電,2026-09-08,35.8,-1.4,-3.76,219545000,0,紅縮,否,,37.15,36.89,37.66,,1.3919,-0.5526,-2.2453
6113,亞矽,2026-09-08,22.75,-0.1,-0.44,59779000,0,紅縮,否,,23.01,23.04,22.85,,-0.2168,-0.946,-1.0502
6114,久威,2026-09-08,24.75,-0.15,-0.6,7000000,0,綠縮,否,,24.97,25.14,26.04,,-1.3823,-3.2885,-3.1064
6118,建達,2026-09-08,15.2,-0.1,-0.65,49247000,0,紅增,否,,15.24,15.29,15.51,,-0.7166,-1.0353,-1.836
6121,新普,2026-09-08,378.5,-8.0,-2.07,701979000,0,紅轉綠,否,,392.1,394.1,387.1,,-1.0098,-0.0761,1.1497
6122,擎邦,2026-09-08,50.5,-1.0,-1.94,164960000,0,紅縮,否,,50.78,49.52,49.06,,5.2435,3.4148,-0.2541
6123,上奇,2026-09-08,43.5,-0.1,-0.23,20987000,0,紅縮,否,,43.62,43.43,43.08,,0.8788,0.7189,1.0674
6124,業強,2026-09-08,27.55,-0.05,-0.18,4093000,0,紅增,否,,27.1,27.05,26.71,,0.3704,1.7682,-0.0935
6125,廣運,2026-09-08,50.1,-0.7,-1.38,587415000,0,紅縮,否,,51.2,52.17,50.34,,-3.6507,1.9742,-0.6022
6126,信音,2026-09-08,28.8,-0.2,-0.69,459968000,0,紅縮,否,,29.26,29.42,29.93,,-1.0818,-2.3078,-1.8207
6127,九豪,2026-09-08,48.2,-1.45,-2.92,1856972000,0,紅增,否,,48.47,48.64,49.5,,-0.6762,-1.3689,-6.1564
6130,上亞科技,2026-09-08,24.65,-1.7,-6.45,316683000,0,綠增,是,,26.1,26.71,26.01,,-4.4306,0.4325,-0.4784
6134,萬旭,2026-09-08,28.5,-0.7,-2.4,196394000,0,紅縮,否,,28.93,28.54,27.48,,2.7344,2.9019,1.4489
6138,茂達,2026-09-08,276.0,-12.0,-4.17,986415000,0,紅縮,是,,283.7,284.3,290.0,,-0.4212,-0.4203,-2.6927
6140,訊達,2026-09-08,16.4,0.15,0.92,46122000,0,紅縮,否,,16.53,16.8,16.8,,-3.1067,-0.7681,-2.1258
6143,振曜,2026-09-08,84.3,-2.2,-2.54,566872000,0,綠增,是,,86.98,88.2,89.52,,-2.7287,-1.9019,-3.1693
6144,得利影,2026-09-08,13.3,0.0,0.0,1163000,0,紅增,否,,13.27,13.34,13.51,,-1.044,-1.2583,-1.044
6146,耕興,2026-09-08,180.0,-1.0,-0.55,176545000,0,綠增,否,,184.2,188.8,189.9,,-4.757,-2.2774,-0.7189
6147,頎邦,2026-09-08,186.5,-4.5,-2.36,49846862000,0,紅縮,否,,186.3,176.1,164.28,,12.2966,11.034,0.7822
6148,驊宏資,2026-09-08,28.35,-0.1,-0.35,69159000,0,紅增,否,,28.24,27.9,27.96,,2.4673,-0.2324,-1.4015
6150,撼訊,2026-09-08,58.9,-1.2,-2.0,147858000,0,紅縮,否,,60.48,60.59,58.94,,-0.3624,1.0002,0.778
6151,晉倫,2026-09-08,34.4,-0.6,-1.71,150637000,0,紅縮,否,,35.1,35.52,35.28,,-2.3644,-0.532,-1.3216
6154,順發,2026-09-08,13.85,-0.1,-0.72,20347000,0,紅縮,否,,13.99,13.96,13.81,,0.5029,0.8674,0.6192
6156,松上,2026-09-08,20.2,-0.4,-1.94,403366000,0,綠增,否,,20.64,20.81,21.31,,-1.6206,-2.0245,-5.1091
6158,禾昌,2026-09-08,17.0,-0.3,-1.73,31146000,0,紅縮,否,,17.3,16.95,17.12,,4.2797,1.0134,-1.3395
6160,欣技,2026-09-08,14.4,-0.2,-1.37,42756000,0,紅縮,否,,14.69,15.05,14.75,,-4.6104,1.6211,-1.0563
6161,捷波,2026-09-08,50.1,-0.6,-1.18,93407000,0,紅縮,否,,50.82,50.64,50.63,,0.7134,-1.3635,0.1583
6163,華電網,2026-09-08,40.65,-0.75,-1.81,350663000,0,紅縮,否,,41.05,41.55,41.27,,-2.3549,-0.5148,-0.5363
6167,久正,2026-09-08,10.2,0.0,0.0,161767000,0,紅縮,否,,10.26,10.42,10.46,,-3.0246,-1.0916,-1.8771
6169,昱泉,2026-09-08,12.3,0.1,0.82,14299000,0,綠縮,否,,12.29,12.36,12.9,,-1.1263,-3.2864,-3.6594
6170,統振,2026-09-08,47.95,-0.3,-0.62,189414000,0,紅縮,否,,48.13,47.95,47.34,,0.7747,1.4709,0.5576
6171,大城地產,2026-09-08,26.3,0.5,1.94,20826000,0,紅縮,否,,26.09,25.15,24.31,,7.7209,4.747,2.9101
6173,信昌電,2026-09-08,273.5,-13.0,-4.54,17347143000,0,紅縮,否,,264.4,242.3,206.05,,20.0727,21.545,8.0635
6174,安碁,2026-09-08,43.4,-2.0,-4.41,601992000,0,紅縮,否,,43.76,44.25,43.37,,-2.1904,1.5724,-5.2125
6175,立敦,2026-09-08,70.4,-1.8,-2.49,556817000,0,紅增,否,,71.02,72.26,74.83,,-3.3741,-3.2534,-7.788
6179,亞通,2026-09-08,33.1,3.0,9.97,12259810000,0,紅增,是,,30.35,28.99,27.3,,9.8046,6.4427,4.2781
6180,橘子,2026-09-08,41.5,-1.35,-3.15,335594000,0,紅縮,否,,41.62,41.47,41.77,,0.726,0.0241,-1.6658
6182,合晶,2026-09-08,109.0,-2.5,-2.24,58583430000,0,紅增,否,,109.3,109.6,107.24,,-0.546,4.381,-9.8369
6185,幃翔,2026-09-08,12.75,0.0,0.0,137555000,0,綠縮,否,,12.76,12.82,13.33,,-0.9317,-3.7538,-2.3077
6186,新潤,2026-09-08,30.5,0.0,0.0,664649000,0,綠縮,否,,31.1,31.97,35.93,,-5.2984,-9.2277,-7.379
6187,萬潤,2026-09-08,1385.0,15.0,1.09,3668072000,0,紅縮,否,,1340.0,1301.0,1164.3,,6.1807,9.9839,8.0106
6188,廣明,2026-09-08,65.0,-0.5,-0.76,1139365000,0,紅縮,是,,66.12,67.02,68.06,,-2.6502,-3.0101,-2.2126
6190,萬泰科,2026-09-08,66.0,-1.1,-1.64,885311000,0,紅縮,否,,67.5,67.23,66.93,,0.8065,0.4783,-1.7396
6194,育富,2026-09-08,29.8,0.1,0.34,22305000,0,紅增,否,,29.71,29.61,29.69,,0.6436,-0.0338,-0.586
6195,詩肯,2026-09-08,27.8,0.1,0.36,26056000,0,綠增,否,,27.78,27.83,27.63,,-0.3944,-0.2509,1.0977
6198,瑞築,2026-09-08,19.45,-0.05,-0.26,9353000,0,紅縮,否,,19.59,19.55,19.54,,0.4615,0.4626,-1.0132
6199,天品,2026-09-08,96.5,0.3,0.31,1234461000,0,綠縮,否,,95.84,94.75,97.06,,2.3276,-2.0267,-1.2062
6203,海韻電,2026-09-08,60.4,0.2,0.33,34531000,0,紅增,否,,60.5,60.31,61.93,,0.6321,-0.8874,-1.8542
6204,艾華,2026-09-08,87.8,-3.3,-3.62,124255000,0,紅縮,否,,89.8,87.66,80.53,,5.0047,7.2687,3.0123
6207,雷科,2026-09-08,116.5,4.0,3.56,18540805000,0,紅增,是,,110.9,106.9,106.66,,7.7745,2.8181,-4.542
6208,日揚,2026-09-08,76.1,1.1,1.47,208226000,0,綠縮,否,,76.6,79.16,80.56,,-6.2653,-3.2629,-2.5286
6212,理銘,2026-09-08,32.4,0.45,1.41,4225000,0,紅增,否,,31.7,30.71,29.66,,6.6622,5.4059,2.799
6217,中探針,2026-09-08,178.0,-3.5,-1.93,3335167000,0,紅縮,否,,187.8,173.4,159.47,,18.1132,12.5243,-1.9068
6218,豪勉,2026-09-08,46.7,2.15,4.83,7430342000,0,紅增,是,,43.93,41.62,37.52,,11.7527,12.6539,5.9513
6219,富旺,2026-09-08,12.15,-0.25,-2.02,43524000,0,紅轉綠,否,,12.33,12.29,12.53,,0.7353,-0.122,-1.1054
6220,岳豐,2026-09-08,25.6,-0.25,-0.97,127224000,0,紅增,否,,25.75,25.76,26.04,,-0.0388,0.0388,-5.6783
6221,晉泰,2026-09-08,21.15,-0.25,-1.17,55043000,0,綠增,否,,21.42,22.01,21.7,,-5.2212,-0.204,-0.0345
6222,立軒,2026-09-08,20.35,0.4,2.01,1673000,0,綠轉紅,否,,20.08,20.1,20.29,,-0.2484,-0.5442,-0.8432
6223,旺矽,2026-09-08,5795.0,305.0,5.56,1877534000,0,綠縮,是,,5355.0,5446.5,5640.0,,-3.3044,-6.8656,-2.4432
6227,茂綸,2026-09-08,112.0,0.5,0.45,164482000,0,綠增,否,,113.2,115.25,115.92,,-3.4953,-3.798,0.8482
6229,研通,2026-09-08,23.65,-0.25,-1.05,13033000,0,紅縮,否,,23.75,23.62,23.45,,1.0638,0.3824,-0.8246
6231,系微,2026-09-08,235.0,21.0,9.81,730544000,0,紅增,是,,217.0,215.9,216.8,,1.0242,-0.5527,-2.7148
6233,旺玖,2026-09-08,20.3,-0.7,-3.33,207219000,0,紅縮,是,,20.86,21.04,21.07,,-1.6502,-0.8718,-2.533
6234,高僑,2026-09-08,34.3,-1.45,-4.06,353670000,0,紅縮,否,,34.78,35.0,34.97,,-1.2773,-1.5884,-2.5361
6237,驊訊,2026-09-08,33.85,-1.3,-3.7,289843000,0,紅縮,否,,35.29,34.66,34.21,,3.7026,1.6422,-1.1413
6240,松崗,2026-09-08,22.5,-0.35,-1.53,41156000,0,紅縮,否,,25.16,23.88,21.3,,11.2782,14.0095,8.6469
6241,鑫永洋,2026-09-08,15.4,-0.5,-3.14,122216000,0,綠增,是,,16.41,15.92,16.13,,6.3513,0.8872,-0.1702
6242,立康,2026-09-08,34.2,-0.1,-0.29,3050000,0,紅增,否,,34.06,33.99,34.5,,0.4127,-0.5413,-1.4075
6244,茂迪,2026-09-08,22.8,-0.65,-2.77,1631841000,0,紅縮,否,,23.25,23.88,23.86,,-5.102,-1.6275,-2.7616
6245,立端,2026-09-08,79.3,0.0,0.0,621229000,0,綠縮,否,,78.22,79.65,80.78,,-3.5274,-3.2434,-0.2162
6246,臺龍,2026-09-08,13.2,0.3,2.33,131116000,0,紅增,否,,12.96,12.65,12.66,,4.9393,1.1187,-2.2209
6248,沛波,2026-09-08,16.9,0.0,0.0,36708000,0,綠縮,否,,16.94,17.38,17.51,,-4.8849,-2.3053,-1.1708
6259,百徽,2026-09-08,29.1,-0.85,-2.84,170757000,0,綠增,否,,29.62,29.72,30.49,,-0.6374,-2.1889,-3.9382
6261,久元,2026-09-08,78.2,-1.1,-1.39,387219000,0,紅縮,否,,78.9,78.96,78.77,,-0.1519,0.8945,-2.3433
6263,普萊德,2026-09-08,159.5,-11.0,-6.45,380342000,0,紅縮,是,,168.8,166.0,159.43,,3.4314,3.6205,2.2939
6264,富裔,2026-09-08,6.0,-0.03,-0.5,11138000,0,綠增,否,,6.02,6.03,6.03,,-0.1657,-0.2317,-0.0331
6265,方土昶,2026-09-08,53.8,-1.0,-1.82,2104736000,0,紅轉綠,否,,54.54,56.7,52.89,,-7.3394,0.6926,2.6295
6266,泰詠,2026-09-08,24.65,-0.05,-0.2,103242000,0,紅縮,否,,24.69,24.88,24.76,,-1.4765,-0.0803,-0.7715
6270,倍微,2026-09-08,28.75,0.1,0.35,221217000,0,紅增,否,,28.66,29.12,29.38,,-3.143,-2.0844,-2.7957
6274,台燿,2026-09-08,1345.0,-25.0,-1.82,5012748000,0,綠增,否,,1367.0,1429.5,1379.0,,-8.378,-3.2487,1.7524
6275,元山,2026-09-08,45.4,-0.85,-1.84,195266000,0,紅縮,否,,46.15,45.4,44.19,,3.3595,3.0413,0.187
6276,安鈦克,2026-09-08,20.55,-0.05,-0.24,21428000,0,紅縮,否,,20.51,20.26,20.09,,2.4988,1.3507,-0.9002
6279,胡連,2026-09-08,113.5,-0.5,-0.44,350738000,0,綠增,否,,118.0,122.6,121.05,,-7.2327,-2.6211,0.062
6284,佳邦,2026-09-08,77.6,-2.3,-2.88,652019000,0,紅縮,否,,78.04,77.51,76.73,,1.377,1.0166,-2.0425
6290,良維,2026-09-08,264.5,-5.0,-1.86,2260024000,0,紅縮,否,,261.2,245.95,232.95,,13.2206,10.4897,1.3487
6291,沛亨,2026-09-08,463.5,21.0,4.75,2823773000,0,紅增,否,,452.1,420.1,390.68,,16.4906,10.1035,4.2495
6292,迅德,2026-09-08,65.7,-0.1,-0.15,673172000,0,紅增,是,,63.04,62.26,58.7,,2.5374,1.8985,5.0651
6294,智基,2026-09-08,28.8,0.0,0.0,3085000,0,紅縮,否,,28.82,28.82,28.0,,0.0347,2.6724,1.3942
6411,晶焱,2026-09-08,78.8,-1.5,-1.87,184891000,0,紅縮,否,,79.94,79.26,78.11,,1.7307,1.8897,-1.2952
6417,韋僑,2026-09-08,104.5,-2.0,-1.88,76645000,0,紅縮,是,,106.0,107.2,110.45,,-2.214,-2.8546,-3.0077
6418,詠昇,2026-09-08,34.5,-0.1,-0.29,91746000,0,紅縮,否,,34.25,33.83,32.28,,2.5142,3.8367,2.8847
6419,京晨科,2026-09-08,149.0,-3.0,-1.97,101176000,0,紅縮,否,,151.6,154.8,146.2,,-4.0506,2.1445,2.5425
6423,億而得,2026-09-08,83.8,-0.6,-0.71,153043000,0,紅縮,是,,84.76,82.4,77.88,,5.8971,4.3699,4.9313
6425,易發,2026-09-08,62.6,-0.3,-0.48,295423000,0,紅縮,否,,62.96,61.51,58.64,,4.8285,6.1066,0.454
6432,今展科,2026-09-08,57.1,-4.5,-7.31,693792000,0,綠增,是,,60.14,62.29,67.3,,-6.6729,-9.37,-3.5195
6435,大中,2026-09-08,246.0,-5.5,-2.19,328440000,0,紅增,否,,245.1,249.45,252.53,,-3.4279,-1.4226,-5.1816
6441,廣錠,2026-09-08,25.4,2.3,9.96,343136000,0,紅增,是,,22.36,21.93,21.39,,4.0,2.2378,1.2305
6462,神盾,2026-09-08,99.3,-1.2,-1.19,443532000,0,紅縮,否,,100.12,99.84,98.83,,0.5625,0.5033,-0.096
6465,威潤,2026-09-08,44.65,-1.65,-3.56,246984000,0,紅縮,是,,45.98,46.02,47.2,,-0.1954,-1.4876,-4.7232
6469,大樹,2026-09-08,67.8,0.7,1.04,267268000,0,綠縮,否,,67.48,68.25,71.72,,-2.2312,-3.2601,-3.4596
6470,宇智,2026-09-08,41.7,0.05,0.12,6045000,0,紅增,否,,41.77,41.76,42.99,,0.0479,-0.7487,-3.0989
6474,華豫寧,2026-09-08,36.95,0.4,1.09,12000000,0,綠縮,否,,36.66,37.65,37.66,,-5.1488,-2.1567,-0.3176
6482,弘煜科,2026-09-08,24.5,0.0,0.0,1021000,0,綠縮,否,,24.86,26.07,26.9,,-8.871,-5.0273,-2.5978
6485,點序,2026-09-08,60.4,-1.4,-2.27,131431000,0,紅縮,否,,60.9,60.59,61.11,,1.0285,-1.6715,-2.4661
6486,互動,2026-09-08,81.9,-0.5,-0.61,184136000,0,紅縮,否,,82.76,78.6,76.95,,11.1768,5.6594,1.2234
6488,環球晶,2026-09-08,955.0,-16.0,-1.65,9619199000,0,綠縮,否,,960.2,971.9,963.75,,-2.379,2.9337,-8.99
6492,生華科,2026-09-08,34.25,-0.1,-0.29,242550000,0,綠縮,否,,34.05,34.73,37.14,,-3.8136,-5.9835,-5.807
6494,九齊,2026-09-08,53.6,-1.5,-2.72,92467000,0,紅縮,否,,54.98,54.67,52.55,,1.1405,1.9487,0.1668
6498,久禾光,2026-09-08,70.4,-3.2,-4.35,314379000,0,紅縮,否,,74.34,74.61,74.88,,-0.7212,-0.0804,-2.6839
6499,益安,2026-09-08,72.0,-1.0,-1.37,171164000,0,紅縮,否,,72.98,69.92,65.48,,9.1535,9.1647,2.9641
6506,雙邦,2026-09-08,18.25,-0.05,-0.27,79176000,0,紅縮,否,,18.26,17.95,17.48,,3.5147,3.7572,0.0286
6508,惠光,2026-09-08,25.9,0.0,0.0,34691000,0,綠縮,是,,25.92,26.01,26.14,,-0.7277,-0.3066,0.1917
6509,聚和,2026-09-08,45.6,-0.7,-1.51,523865000,0,紅縮,否,,46.48,46.14,45.99,,1.5069,0.0,-1.3776
6510,精測,2026-09-08,3620.0,150.0,4.32,1437241000,0,紅增,否,,3445.0,3109.0,2885.0,,24.2337,11.9352,7.289
6512,啟發電,2026-09-08,20.85,0.65,3.22,9467000,0,綠轉紅,是,,20.41,20.39,20.19,,0.1964,1.3419,0.2732
6516,勤崴國際,2026-09-08,57.3,-0.2,-0.35,30280000,0,綠增,否,,57.74,57.88,58.16,,-0.4826,-1.998,0.0947
6517,保勝光學,2026-09-08,65.5,-1.8,-2.67,452893000,0,紅縮,否,,67.92,67.04,65.71,,2.6602,3.7771,-1.9693
6523,達爾膚,2026-09-08,89.4,-0.4,-0.45,21634000,0,紅縮,否,,89.58,89.69,89.92,,-0.245,-0.4992,-0.1055
6527,明達醫,2026-09-08,75.0,0.9,1.21,22460000,0,紅縮,是,,74.38,74.73,72.58,,-0.9323,0.9728,1.383
6530,創威,2026-09-08,98.5,4.5,4.79,3855241000,0,紅縮,否,,97.34,91.28,83.01,,14.222,10.0687,8.2269
6532,瑞耘,2026-09-08,97.9,-0.1,-0.1,548800000,0,紅縮,否,,98.14,94.19,83.35,,8.7544,11.4015,8.8256
6535,順藥,2026-09-08,77.8,-0.3,-0.38,268237000,0,紅增,否,,78.66,78.51,83.57,,0.3828,-5.8068,-3.6324
6538,倉和,2026-09-08,321.0,16.0,5.25,1030822000,0,紅增,否,,289.5,246.25,195.8,,42.6108,36.7676,22.6817
6542,隆中,2026-09-08,43.2,-0.3,-0.69,2000000,0,綠增,否,,43.82,44.09,45.61,,-1.2173,-3.1627,-0.9395
6546,正基,2026-09-08,60.8,-1.1,-1.78,156927000,0,紅縮,否,,62.16,62.39,60.85,,-0.7346,0.6777,0.1646
6547,高端疫苗,2026-09-08,64.0,0.6,0.95,3087251000,0,紅縮,否,,62.44,59.39,53.93,,10.8271,11.3006,7.9626
6548,長科*,2026-09-08,70.6,-3.0,-4.08,3109652000,0,紅縮,否,,72.92,71.82,70.56,,3.1109,0.2233,-0.4023
6556,勝品,2026-09-08,61.4,-0.1,-0.16,3000000,0,紅增,否,,61.18,60.56,62.05,,2.0687,-1.1749,-1.8195
6560,欣普羅,2026-09-08,30.5,-0.4,-1.29,28450000,0,紅縮,是,,31.05,31.2,31.83,,-0.9885,-1.3904,-2.839
6561,是方,2026-09-08,320.0,-2.0,-0.62,34256000,0,紅縮,否,,322.3,322.45,324.5,,-0.093,-0.647,0.0848
6568,宏觀,2026-09-08,134.5,-0.5,-0.37,59236000,0,紅縮,否,,136.0,131.7,133.75,,6.7504,-0.1516,-1.7628
6569,醫揚,2026-09-08,90.7,-0.3,-0.33,21786000,0,綠縮,否,,91.12,91.88,94.96,,-1.6408,-2.3592,-2.1385
6570,維田,2026-09-08,48.45,-2.05,-4.06,230914000,0,綠增,是,,50.59,51.77,52.31,,-4.4751,-4.5094,1.1456
6574,霈方,2026-09-08,119.0,-1.0,-0.83,11511000,0,綠縮,否,,119.4,119.5,123.33,,-0.1672,-4.7809,-2.0453
6576,逸達,2026-09-08,82.1,-0.9,-1.08,139621000,0,紅增,否,,81.2,80.56,80.44,,1.6016,1.041,0.0996
6577,勁豐,2026-09-08,80.3,0.3,0.38,40277000,0,綠縮,否,,80.16,80.36,80.99,,-0.4965,0.3497,1.1174
6578,達邦蛋白,2026-09-08,17.95,-0.15,-0.83,104184000,0,紅轉綠,否,,18.04,18.07,17.57,,-0.3865,0.0554,2.3896
6584,南俊國際,2026-09-08,602.0,,,428755000,0,紅縮,否,,628.4,616.3,561.6,,4.0053,9.9848,1.3078
6588,東典光電,2026-09-08,113.5,-4.5,-3.81,7906874000,0,紅縮,是,,110.1,108.1,97.24,,3.77,8.7197,10.3928
6590,普鴻,2026-09-08,58.9,,,33810000,0,紅轉綠,是,,64.46,64.52,64.97,,-0.1858,-0.5549,-0.8849
6593,台灣銘板,2026-09-08,31.8,0.3,0.95,47246000,0,綠縮,否,,31.73,31.97,32.31,,-1.4902,-1.0523,-1.5915
6596,寬宏藝術,2026-09-08,94.9,-0.6,-0.63,52555000,0,紅縮,否,,95.3,95.46,92.09,,-0.3347,2.6783,1.9653
6603,富強鑫,2026-09-08,24.95,0.15,0.6,533544000,0,綠縮,否,,25.08,25.77,25.82,,-5.2154,-3.7535,0.5744
6609,瀧澤科,2026-09-08,39.4,-0.2,-0.51,76799000,0,紅縮,否,,39.95,39.73,38.87,,1.1136,1.8849,-0.8735
6612,奈米醫材,2026-09-08,70.1,0.1,0.14,27431000,0,綠增,否,,70.48,71.84,71.62,,-3.7158,-1.4676,-0.2437
6613,朋億*,2026-09-08,258.5,-6.5,-2.45,212391000,0,紅增,否,,260.7,258.15,271.55,,1.9953,-2.6951,-6.7479
6615,慧智,2026-09-08,33.9,-0.25,-0.73,38182000,0,紅轉綠,是,,34.2,34.14,34.1,,0.3521,0.132,-0.6555
6616,特昇-KY,2026-09-08,8.39,0.0,0.0,2000000,0,綠縮,否,,8.33,8.36,8.61,,-0.8335,-2.5519,-2.2043
6617,共信-KY,2026-09-08,134.5,-0.5,-0.37,3943888000,0,紅增,是,,125.3,118.7,103.96,,11.7752,15.8388,5.2917
6620,漢達,2026-09-08,124.0,11.0,9.73,5935868000,0,紅增,否,,107.58,92.59,88.92,,38.634,15.6363,6.4783
6629,泰金-KY,2026-09-08,106.5,0.0,0.0,26000000,0,紅縮,否,,107.1,108.8,107.5,,-3.0769,-0.3663,0.4204
6637,醫影,2026-09-08,54.1,-1.7,-3.05,77386000,0,綠增,是,,55.62,58.34,60.31,,-8.9093,-5.0765,-3.1011
6640,均華,2026-09-08,1215.0,-85.0,-6.54,733776000,0,紅縮,否,,1232.0,1122.7,1022.35,,21.5709,13.5187,7.8656
6642,富致,2026-09-08,76.8,-3.7,-4.6,261236000,0,紅縮,否,,80.14,79.29,78.13,,2.1673,-0.477,1.244
6643,M31,2026-09-08,438.0,27.0,6.57,1032619000,0,紅增,是,,415.1,414.3,415.05,,0.3869,-1.6265,-0.1504
6649,台生材,2026-09-08,35.0,0.0,0.0,31001000,0,綠縮,是,,35.38,35.33,36.11,,0.2834,-1.5466,-2.4184
6651,全宇昕,2026-09-08,142.5,-4.5,-3.06,234842000,0,紅縮,否,,148.0,145.95,135.12,,2.8492,6.494,4.3034
6654,天正國際,2026-09-08,222.5,7.5,3.49,146271000,0,紅增,否,,214.4,194.05,181.22,,23.4312,12.8854,4.9211
6661,威健生技,2026-09-08,16.3,0.0,0.0,2000000,0,綠增,否,,16.65,16.91,17.22,,-3.0285,-1.3131,-1.9778
6662,樂斯科,2026-09-08,28.5,0.0,0.0,5000000,0,綠縮,否,,28.5,28.8,29.48,,-2.0619,-3.5499,-0.8825
6664,群翊,2026-09-08,356.5,0.0,0.0,248873000,0,紅縮,否,,358.8,355.4,350.8,,1.9318,1.1383,-0.883
6667,信紘科,2026-09-08,250.0,-5.0,-1.96,552446000,0,紅增,否,,235.9,227.65,228.88,,7.5205,1.6068,-1.1232
6679,鈺太,2026-09-08,199.5,-7.5,-3.62,740563000,0,紅縮,否,,205.1,202.65,208.75,,2.4476,-2.1251,-2.7033
6680,鑫創電子,2026-09-08,52.2,-3.1,-5.61,4048000,0,紅轉綠,否,,53.18,53.29,54.03,,-0.412,-1.4608,1.422
6683,雍智科技,2026-09-08,1405.0,-5.0,-0.35,920941000,0,紅縮,否,,1404.0,1278.0,1209.8,,21.875,8.7474,2.326
6684,安格,2026-09-08,45.4,-0.45,-0.98,81320000,0,綠增,否,,46.14,46.23,47.21,,-0.3671,-2.6022,-2.216
6690,安碁資訊,2026-09-08,162.0,-1.0,-0.61,13204000,0,紅縮,否,,163.1,163.5,162.97,,-0.4881,-0.1527,0.0768
6692,進能服,2026-09-08,23.65,0.3,1.28,21120000,0,紅增,是,,23.33,23.63,23.43,,-2.5073,-0.3374,-0.3297
6693,廣閎科,2026-09-08,187.5,3.0,1.63,1629722000,0,紅增,否,,181.0,174.75,173.75,,7.4184,1.6579,-2.4288
6697,東捷資訊,2026-09-08,40.6,-0.25,-0.61,6030000,0,紅縮,否,,40.91,40.89,40.62,,0.0734,0.5285,0.2035
6703,軒郁,2026-09-08,102.0,-1.5,-1.45,94836000,0,紅縮,是,,102.7,103.05,104.17,,-0.677,-1.1985,-1.5592
6708,天擎,2026-09-08,38.0,-0.5,-1.3,7000000,0,紅縮,否,,38.31,38.26,38.14,,0.288,-0.1305,-0.3853
6712,長聖,2026-09-08,156.0,1.0,0.65,155032000,0,紅縮,否,,156.4,156.1,152.2,,0.3851,2.1597,0.2965
6716,應廣,2026-09-08,118.0,0.0,0.0,1422028000,0,紅縮,否,,121.7,125.05,107.21,,-5.2181,9.6449,9.0197
6720,久昌,2026-09-08,131.5,-0.5,-0.38,30000000,0,綠縮,否,,132.3,133.75,135.0,,-2.145,-1.7267,-1.1351
6721,信實,2026-09-08,50.5,0.0,0.0,6107000,0,紅縮,否,,50.72,51.35,51.75,,-2.424,-1.0978,-1.2876
6725,矽科宏晟,2026-09-08,223.0,-4.5,-1.98,64770000,0,紅增,否,,223.9,225.0,243.78,,-0.973,-4.6408,-7.5997
6727,亞泰金屬,2026-09-08,526.0,-11.0,-2.05,1384731000,0,紅縮,否,,546.8,512.85,437.85,,14.1783,18.6466,10.9183
6728,上洋,2026-09-08,107.0,-1.5,-1.38,2034000,0,紅縮,否,,107.5,108.15,107.72,,-1.1949,0.7452,-0.3238
6730,常廣,2026-09-08,32.05,-0.25,-0.77,7040000,0,綠增,否,,32.61,33.14,33.67,,-3.177,-2.443,-2.6103
6732,昇佳電子,2026-09-08,146.5,-2.0,-1.35,120098000,0,綠縮,否,,148.9,149.8,155.88,,-1.1944,-2.3786,-7.5749
6733,博晟生醫,2026-09-08,26.0,-0.25,-0.95,56986000,0,紅縮,否,,26.59,26.31,26.08,,2.1514,0.6119,1.9447
6735,美達科技,2026-09-08,62.1,-0.7,-1.11,65443000,0,紅縮,否,,63.0,63.31,63.77,,-0.9745,-1.1245,-2.8339
6739,竹陞科技,2026-09-08,1145.0,35.0,3.15,228439000,0,紅增,否,,1117.0,1061.2,1030.9,,11.1001,6.3007,-0.4106
6741,91APP*-KY,2026-09-08,59.4,-0.5,-0.83,135430000,0,紅縮,否,,59.74,58.26,56.89,,5.2131,3.7393,1.3089
6751,智聯服務,2026-09-08,41.5,0.1,0.24,7000000,0,紅縮,否,,41.57,41.44,41.1,,0.6294,0.5093,0.6552
6752,叡揚,2026-09-08,95.2,-1.9,-1.96,18665000,0,綠增,是,,96.52,97.97,97.86,,-2.9169,-0.3864,-0.6094
6761,穩得,2026-09-08,175.0,-5.0,-2.78,255431000,0,紅縮,否,,181.0,182.85,168.6,,-2.0032,4.8753,3.0877
6763,綠界科技*,2026-09-08,41.0,0.1,0.24,138305000,0,紅增,否,,40.99,41.39,41.73,,-1.9143,-1.6164,-0.9554
6767,台微醫,2026-09-08,24.8,0.4,1.64,9000000,0,紅增,是,,24.9,24.74,25.1,,1.3019,0.1012,-0.8397
6785,昱展新藥,2026-09-08,93.0,-1.0,-1.06,52712000,0,綠轉紅,否,,92.16,94.67,98.22,,-5.1657,-3.3585,-4.7608
6788,華景電,2026-09-08,348.0,-10.5,-2.93,210723000,0,紅縮,否,,356.4,356.65,349.05,,-0.1401,0.5214,-0.4208
6791,虎門科技,2026-09-08,99.3,-0.6,-0.6,11591000,0,紅縮,否,,99.82,100.31,101.05,,-0.9722,-0.9284,-0.8537
6803,崑鼎,2026-09-08,271.0,-0.5,-0.18,46817000,0,紅增,否,,270.7,270.3,270.43,,0.2964,0.1297,0.0555
6804,明係,2026-09-08,18.0,-0.2,-1.1,56224000,0,綠增,否,,18.23,18.32,18.34,,-0.9239,-1.9802,2.8748
6811,宏碁資訊,2026-09-08,224.0,0.5,0.22,77831000,0,綠縮,否,,222.8,224.3,228.1,,-1.3286,-2.0524,-0.6317
6821,聯寶,2026-09-08,40.65,-0.3,-0.73,123556000,0,紅縮,否,,41.48,41.65,41.57,,-0.8367,-0.323,-2.4409
6823,濾能,2026-09-08,60.0,-0.1,-0.17,42720000,0,綠縮,否,,60.14,61.31,62.23,,-3.7452,-3.2355,-1.5426
6829,千附精密,2026-09-08,241.0,-17.0,-6.59,1152096000,0,紅縮,否,,243.4,232.45,213.57,,9.8871,9.5429,2.2501
6840,東研信超,2026-09-08,93.2,0.3,0.32,757944000,0,紅縮,是,,92.26,88.55,76.31,,8.7459,15.2095,11.4991
6841,長佳智能,2026-09-08,53.2,-0.5,-0.93,100818000,0,紅增,否,,53.44,53.56,54.46,,-0.4471,-1.0347,-3.1478
6843,進典,2026-09-08,38.2,0.1,0.26,1000000,0,綠縮,否,,38.14,38.62,39.01,,-2.4552,-1.1897,-0.9773
6844,諾貝兒,2026-09-08,59.9,0.0,0.0,5002000,0,紅增,否,,60.0,60.07,60.6,,-0.2328,-0.7927,-0.729
6846,綠茵,2026-09-08,58.5,0.4,0.69,1005000,0,紅增,否,,58.22,57.92,59.42,,1.0413,-1.2278,-2.1327
6855,數泓科,2026-09-08,119.0,-0.5,-0.42,8593000,0,紅增,是,,118.3,117.35,116.1,,1.6323,1.8221,-0.5993
6859,伯特光,2026-09-08,111.5,0.0,0.0,14086000,0,紅縮,否,,112.7,111.35,105.92,,2.4545,5.1464,2.4322
6865,偉康科技,2026-09-08,26.5,0.9,3.52,6730000,0,紅增,否,,25.58,25.64,25.5,,-0.4669,0.1563,-0.8363
6870,騰雲,2026-09-08,291.5,-10.0,-3.32,59090000,0,紅縮,否,,292.6,278.5,265.27,,10.6657,7.1772,-0.8318
6872,浩宇生醫,2026-09-08,22.4,2.0,9.8,193488000,0,紅增,否,,18.73,16.94,16.27,,23.712,10.5057,4.1787
6874,倍力,2026-09-08,68.4,-0.5,-0.73,41295000,0,綠增,否,,72.16,76.11,76.95,,-9.8676,-3.646,-2.7486
6875,國邑*,2026-09-08,32.3,-0.7,-2.12,89921000,0,紅縮,否,,32.82,32.59,33.11,,1.3902,-0.1685,-1.918
6877,鏵友益,2026-09-08,117.5,-4.0,-3.29,189483000,0,紅增,是,,114.6,114.95,117.7,,-0.6071,-3.6866,-2.8878
6884,海柏特,2026-09-08,30.05,-0.1,-0.33,29916000,0,綠縮,是,,29.73,30.18,30.91,,-2.9066,-1.9656,-2.5847
6894,衛司特,2026-09-08,340.0,-13.0,-3.68,56478000,0,紅縮,是,,350.2,341.75,335.25,,5.0705,1.5753,1.4219
6895,宏碩系統,2026-09-08,151.5,-2.0,-1.3,27466000,0,紅縮,否,,155.2,147.95,133.15,,10.3056,14.6455,6.1802
6899,創為精密,2026-09-08,49.95,0.15,0.3,9080000,0,紅增,否,,49.86,49.94,50.29,,-0.3199,-0.8241,-0.8967
6903,巨漢,2026-09-08,310.0,-5.0,-1.59,142124000,0,紅增,否,,310.6,310.0,315.68,,0.3878,-0.5135,-4.5001
6904,伯鑫,2026-09-08,123.0,-0.5,-0.4,1000000,0,綠增,否,,123.6,123.5,123.38,,0.1621,1.7717,-0.182
6907,雅特力-KY,2026-09-08,204.0,4.5,2.26,7210182000,0,綠轉紅,是,,190.7,188.55,185.22,,2.3069,4.1425,-4.165
6910,德鴻,2026-09-08,24.9,0.0,0.0,21096000,0,紅縮,否,,24.93,24.8,24.66,,1.013,0.6901,-0.4643
6913,鴻呈,2026-09-08,130.5,-6.0,-4.4,516386000,0,紅轉綠,否,,144.0,144.2,136.97,,-0.277,2.0524,3.9461
6922,宸曜,2026-09-08,193.0,-16.0,-7.66,412697000,0,紅縮,是,,203.6,203.0,195.53,,0.5929,2.2412,4.0303
6925,意藍,2026-09-08,49.5,-0.35,-0.7,11583000,0,紅增,否,,49.99,50.31,51.75,,-1.2836,-2.8668,-2.6571
6945,圓祥生技,2026-09-08,95.8,0.5,0.52,88052000,0,紅縮,否,,96.34,98.27,97.49,,-3.8523,-1.887,-1.5152
6953,家碩,2026-09-08,234.5,-3.5,-1.47,23098000,0,紅縮,否,,238.0,234.95,224.75,,2.6304,4.6781,2.0316
6961,旅天下,2026-09-08,49.75,-0.15,-0.3,4025000,0,綠縮,否,,49.97,50.55,51.26,,-2.2878,-1.5865,-1.5699
6967,汎瑋材料,2026-09-08,70.0,0.0,0.0,64552000,0,綠縮,否,,70.1,71.58,71.1,,-4.0515,0.5055,-2.0526
6968,萬達寵物,2026-09-08,41.7,-0.05,-0.12,39990000,0,綠縮,否,,41.72,42.13,42.9,,-1.9276,-2.3299,-0.9582
6971,惠民實業,2026-09-08,26.65,0.35,1.33,193127000,0,紅增,是,,26.22,26.14,26.11,,0.5754,1.1999,-0.9576
6982,大井泵浦,2026-09-08,46.3,0.0,0.0,29216000,0,紅縮,否,,47.16,47.45,48.07,,-1.2356,-1.6171,-1.647
6983,華洋精機,2026-09-08,344.0,-5.5,-1.57,39753000,0,紅縮,否,,350.4,328.7,317.8,,14.1368,7.8943,0.961
6986,和迅,2026-09-08,41.3,-0.2,-0.48,107938000,0,紅縮,是,否,41.72,42.27,43.19,51.3,-2.5689,-2.57,-1.9967
6996,力領科技,2026-09-08,169.5,-14.0,-7.63,322081000,0,紅縮,是,,180.4,180.0,177.2,,0.4454,1.0668,0.8968
6997,博弘,2026-09-08,68.0,-0.6,-0.87,7000000,0,綠縮,是,,68.12,68.32,70.41,,-0.5838,-2.5809,-1.4625
700022,華星光統一5C購01,2026-09-08,3.6,-0.03,-0.83,172000000,0,紅縮,否,,3.74,3.57,2.99,,10.3774,16.5251,15.8629
700024,新應材統一64購02,2026-09-08,0.23,-0.01,-4.17,20000000,0,紅增,否,,0.23,0.23,0.25,,-1.6949,-2.9046,-6.9943
700025,雙鴻統一5B購01,2026-09-08,1.0,0.0,0.0,10000000,0,紅縮,否,,1.01,0.66,0.42,,224.5161,170.7819,82.8261
700028,雙鴻中信59購01,2026-09-08,0.68,-0.95,-58.28,111000000,0,,是,,1.19,0.98,0.95,,53.6082,22.8464,
700173,雙鴻元大5A購02,2026-09-08,2.77,-1.27,-31.44,107000000,0,紅縮,否,,3.9,2.56,1.83,,219.6721,169.4737,21.4571
700186,中光電統一6A購01,2026-09-08,0.09,-0.01,-10.0,77000000,0,綠增,否,,0.14,0.17,0.21,,-28.5714,-16.0,-17.6699
700190,昇達科統一65購01,2026-09-08,4.48,-0.14,-3.03,22000000,0,紅縮,否,,4.4,4.14,3.94,,13.4675,8.0721,1.2085
700195,家登統一5A購01,2026-09-08,1.05,-0.07,-6.25,21000000,0,紅增,是,,1.05,0.84,0.96,,65.2997,11.984,-7.5362
700197,晶宏統一5A購01,2026-09-08,1.3,-0.28,-17.72,60000000,0,紅縮,是,,1.4,0.98,0.93,,150.0,32.7913,18.2631
700201,萬潤統一6A購01,2026-09-08,4.0,0.2,5.26,17000000,0,紅增,否,,3.73,3.55,3.05,,10.4858,18.909,8.8734
700204,雙鴻統一5A購01,2026-09-08,0.95,-0.4,-29.63,29000000,0,紅縮,否,,1.21,0.82,0.5,,188.5714,160.7029,74.7826
700205,雙鴻統一61購01,2026-09-08,0.96,-0.02,-2.04,696000000,0,紅縮,否,,0.94,0.73,0.57,,85.8268,53.8136,32.4356
700206,雙鴻統一61購02,2026-09-08,0.6,-0.14,-18.92,42000000,0,紅縮,否,,0.71,0.57,0.46,,65.7277,44.0204,26.2431
700207,雙鴻統一6A購01,2026-09-08,0.88,-0.16,-15.38,300000000,0,紅縮,否,,1.0,0.81,0.64,,63.0719,39.7569,28.004
700208,騰雲統一6A購01,2026-09-08,1.03,-0.08,-7.21,10000000,0,紅縮,否,,1.04,0.93,0.92,,26.764,5.1919,9.3065
700231,旺矽元大5A購01,2026-09-08,13.5,1.6,13.45,2000000,0,,,,,,,,,,
700258,大綜統一6A購01,2026-09-08,0.53,-0.04,-7.02,5000000,0,綠縮,否,,0.55,0.55,0.6,,-2.1505,-9.8039,-6.0298
700261,宜鼎統一6A購01,2026-09-08,4.63,-0.18,-3.74,5000000,0,紅縮,否,,4.73,5.02,4.85,,-11.1278,-3.4774,1.1781
700263,旺矽統一6A購01,2026-09-08,3.76,0.27,7.74,19000000,0,綠轉紅,否,,3.49,3.7,3.75,,-10.3183,0.8186,-6.6584
700267,建榮統一6A購01,2026-09-08,1.04,0.06,6.12,3000000,0,,否,,0.98,0.96,0.95,,4.4586,12.8957,
700270,創惟統一5A購01,2026-09-08,0.01,0.0,0.0,12000000,0,,否,,0.01,0.04,,,-85.2941,,
700271,新鉅科統一6A購01,2026-09-08,0.23,-0.02,-8.0,25000000,0,,是,,0.25,0.25,0.33,,3.252,-15.8249,-9.3056
700275,雙鴻統一6A購02,2026-09-08,1.02,-0.22,-17.74,116000000,0,紅縮,否,,1.18,1.03,0.82,,35.8621,42.6982,15.6294
700276,鏵友益統一6A購01,2026-09-08,0.48,-0.04,-7.69,30000000,0,,是,,0.79,,,,,,
700343,中光電統一6A購02,2026-09-08,0.14,-0.03,-17.65,10000000,0,,否,,0.23,0.22,0.27,,10.4762,-20.2166,
700345,立碁統一6A購01,2026-09-08,0.57,-0.05,-8.06,23000000,0,紅縮,否,,0.62,0.58,0.49,,17.3585,18.7629,12.744
700353,新鉅科統一6A購02,2026-09-08,0.19,-0.02,-9.52,20000000,0,,否,,0.22,0.29,,,-41.9355,-20.3252,
700354,聖暉*統一6A購01,2026-09-08,0.4,-0.01,-2.44,92000000,0,綠縮,否,,0.4,0.43,0.57,,-10.6195,-18.3206,-19.6617
700357,聰泰統一6A購01,2026-09-08,0.27,0.0,0.0,28000000,0,紅增,是,,0.26,0.29,0.29,,-14.8387,-0.3472,-10.4361
700358,寶島科統一64購01,2026-09-08,0.28,0.0,0.0,3000000,0,,否,,0.34,0.34,,,1.8072,,
700415,建榮統一6A購02,2026-09-08,0.85,0.1,13.33,1000000,0,紅增,否,,0.77,0.74,0.67,,9.6317,20.915,-7.5914
700416,高技統一5A購01,2026-09-08,0.03,0.0,0.0,13000000,0,紅增,否,,0.03,0.03,0.13,,-21.0526,-50.7246,-35.8911
700417,聰泰統一6A購02,2026-09-08,0.34,0.02,6.25,107000000,0,紅增,是,,0.32,0.35,0.34,,-11.4754,-2.2663,-5.0964
700582,弘塑國票59購01,2026-09-08,1.48,-0.02,-1.33,10000000,0,,是,,3.11,4.86,,,-52.9625,,
700594,原相元大5A購01,2026-09-08,0.13,-0.02,-13.33,138000000,0,綠縮,是,,0.21,0.36,0.63,,-58.9147,-39.1304,-23.3313
700595,華星光元大59購01,2026-09-08,5.95,0.05,0.85,1000000,0,,否,,5.63,5.09,,,23.8996,-5.8312,
700670,中光電統一6A購03,2026-09-08,0.08,-0.03,-27.27,140000000,0,綠增,是,,0.14,0.18,0.2,,-33.9623,-7.8534,-20.6061
700673,信昌電統一6A購01,2026-09-08,5.85,-0.3,-4.88,40000000,0,紅增,否,,5.59,5.07,4.69,,23.0735,31.3456,-6.6235
700676,高技統一6A購01,2026-09-08,0.21,0.01,5.0,104000000,0,紅增,是,,0.2,0.18,0.18,,15.2941,10.9091,-4.8
700679,智擎統一6A購01,2026-09-08,0.36,-0.01,-2.7,25000000,0,,否,,0.45,0.45,0.43,,-1.3216,3.2037,
700681,鈊象統一6A購01,2026-09-08,0.29,-0.02,-6.45,50000000,0,綠增,否,,0.31,0.35,0.37,,-18.6528,-6.9149,-7.6828
700682,萬潤統一6A購02,2026-09-08,4.73,0.21,4.65,28000000,0,紅增,否,,4.2,3.81,3.46,,22.722,15.8262,5.5547
700684,雍智統一6A購02,2026-09-08,4.56,0.0,0.0,68000000,0,紅縮,是,,4.6,4.12,3.74,,26.1108,20.7381,-3.9676
700687,緯軟統一6A購01,2026-09-08,0.38,-0.02,-5.0,50000000,0,綠增,是,,0.4,0.42,0.43,,-9.4595,-3.8636,-4.0
700688,營邦統一6A購01,2026-09-08,2.79,-0.08,-2.79,21000000,0,紅縮,否,,2.72,2.43,2.17,,27.2217,17.8554,9.0932
700708,信立統一6A購01,2026-09-08,0.32,0.01,3.23,15000000,0,,否,,0.33,0.3,,,21.3235,,
700711,華星光統一6A購01,2026-09-08,4.0,0.15,3.9,2000000,0,紅縮,否,,4.02,3.95,3.74,,3.7133,2.811,5.1088
700712,聖暉*統一6A購02,2026-09-08,0.35,-0.02,-5.41,544000000,0,綠縮,否,,0.35,0.36,0.44,,-6.8783,-12.8878,-13.9901
700756,威剛統一5C購03,2026-09-08,2.7,0.08,3.05,10000000,0,紅增,否,,2.62,2.63,2.46,,-0.8327,2.4134,2.0145
700830,中美晶元大5A購01,2026-09-08,1.06,-0.12,-10.17,42000000,0,綠縮,是,,1.16,1.79,2.69,,-51.99,-48.8392,-4.685
700843,世界統一5C購01,2026-09-08,0.62,-0.17,-21.52,41000000,0,紅縮,是,,0.74,0.67,0.73,,24.4147,-0.7396,-8.5786
700898,力旺統一5A購01,2026-09-08,0.14,0.0,0.0,742000000,0,紅增,是,,0.09,0.08,0.13,,48.3871,-44.6043,-10.453
700899,力旺統一6A購01,2026-09-08,0.76,0.23,43.4,1494000000,0,紅增,是,,0.54,0.48,0.51,,31.068,-5.9289,2.2022
700900,台半統一5C購03,2026-09-08,0.79,-0.08,-9.2,10000000,0,紅增,否,,0.72,0.57,0.48,,72.1154,47.7807,-9.6987
700901,尼克森統一5C購01,2026-09-08,0.17,-0.11,-39.29,180000000,0,綠增,是,,0.4,0.74,0.95,,-63.0515,-35.8864,-9.915
700904,波若威統一6A購01,2026-09-08,4.18,-0.43,-9.33,44000000,0,紅縮,否,,4.57,4.41,3.9,,7.5259,10.438,11.4768
701097,營邦元大5A購01,2026-09-08,1.93,-0.16,-7.66,19000000,0,紅縮,否,,1.92,1.47,1.12,,89.7233,60.9221,19.7319
701131,元債20元大61購01,2026-09-08,0.05,0.02,66.67,8330000000,0,,是,,0.06,0.17,,,-78.8321,,
701279,雙鴻國票5B購01,2026-09-08,0.5,-0.4,-44.44,117000000,0,紅縮,否,,0.76,0.51,0.33,,189.313,137.2093,89.5652
701294,新應材元大5B購01,2026-09-08,0.25,-0.03,-10.71,15000000,0,,否,,0.22,0.4,0.58,,-62.6298,-38.4496,
701311,雙鴻群益5B購01,2026-09-08,0.56,-0.17,-23.29,2000000,0,紅縮,否,,0.7,0.47,0.37,,202.5862,149.7326,12.6888
701381,新應材元大5B購02,2026-09-08,0.15,0.05,50.0,1000000,0,,否,,0.08,0.51,,,-90.9483,-59.1606,
701400,台燿元大5B購02,2026-09-08,7.3,-1.1,-13.1,52000000,0,,是,,7.3,7.47,8.88,,-4.4503,-16.0674,
701422,中光電兆豐5B購01,2026-09-08,0.02,-0.01,-33.33,10000000,0,綠增,否,,0.2,0.21,0.45,,-8.1818,-31.4935,-9.7707
701434,良維統一6B購01,2026-09-08,0.76,-0.04,-5.0,200000000,0,紅縮,否,,0.76,0.69,0.65,,24.8366,17.8082,-5.423
701438,威剛統一6B購01,2026-09-08,2.19,-0.01,-0.45,20000000,0,紅增,否,,2.15,2.19,2.14,,-4.2819,-0.589,1.5195
701440,華星光統一5B購04,2026-09-08,5.2,-0.2,-3.7,2000000,0,紅縮,否,,5.25,4.87,3.49,,17.083,42.3099,21.3157
701442,雙鴻統一6B購01,2026-09-08,0.49,-0.04,-7.55,1673000000,0,紅縮,否,,0.54,0.48,0.42,,28.7081,18.6104,17.6224
701474,穩懋統一6B購01,2026-09-08,4.33,-0.27,-5.87,70000000,0,紅縮,是,,4.52,3.79,3.9,,47.9712,25.2976,-5.2133
701524,雙鴻群益5A購02,2026-09-08,0.4,-0.28,-41.18,120000000,0,,是,,0.59,0.36,0.37,,343.2836,94.6524,
701571,擎亞元大5B購02,2026-09-08,1.3,-0.37,-22.16,10000000,0,綠增,否,,1.71,2.45,3.03,,-46.2312,-29.6956,-5.636
701584,宜鼎凱基59購02,2026-09-08,22.9,0.2,0.88,1000000,0,,,,,,,,,,
701592,竹陞統一6B購01,2026-09-08,1.08,0.07,6.93,30000000,0,紅增,否,,1.05,1.01,0.99,,9.5833,15.7652,-1.6337
701593,竹陞統一6B購02,2026-09-08,0.96,0.01,1.05,361000000,0,紅增,是,,0.96,0.9,0.92,,12.2066,13.9975,-2.8466
701595,雙鴻統一59購03,2026-09-08,0.29,0.0,0.0,10000000,0,紅縮,否,,0.36,0.22,0.14,,313.9535,250.7937,47.3958
701615,威剛元大5B購03,2026-09-08,3.5,-0.2,-5.41,1000000,0,,否,,3.15,3.15,3.51,,-0.3797,-10.6769,
701623,元太統一5B購01,2026-09-08,0.02,-0.03,-60.0,10000000,0,綠縮,否,,0.06,0.1,0.22,,-62.6667,-55.794,-23.3969
701625,竹陞統一6B購03,2026-09-08,0.94,0.07,8.05,10000000,0,紅增,否,,0.89,0.86,0.9,,7.767,-2.2831,-6.8983
701626,東捷統一5C購01,2026-09-08,3.52,0.47,15.41,12000000,0,,否,,3.69,3.9,,,-10.224,-10.4731,
701653,威剛元大59購02,2026-09-08,2.98,0.35,13.31,5000000,0,,是,,2.51,2.93,2.96,,-25.461,-5.9012,-10.62
701658,信昌電統一5C購02,2026-09-08,4.47,-0.38,-7.84,5000000,0,紅增,否,,4.05,3.41,4.21,,46.4931,-2.4607,-5.5094
701667,雙鴻群益5B購02,2026-09-08,0.55,-0.29,-34.52,35000000,0,,否,,0.78,0.53,0.45,,175.1773,102.682,
701692,台燿統一6B購01,2026-09-08,3.45,0.09,2.68,19000000,0,綠增,是,,4.02,5.09,5.09,,-34.7727,-16.5738,-1.8524
701699,訊聯統一6B購01,2026-09-08,0.15,-0.01,-6.25,1000000,0,,是,,0.17,0.19,0.22,,-21.6981,-17.4672,
701707,威剛凱基59購02,2026-09-08,3.53,0.31,9.63,1000000,0,,否,,3.13,3.44,3.87,,-16.569,-9.4662,
701804,巨有統一6B購01,2026-09-08,0.56,0.12,27.27,322000000,0,紅增,是,,0.46,0.43,0.4,,16.2437,14.8248,-5.1765
701808,濱川統一6B購03,2026-09-08,0.32,-0.02,-5.88,205000000,0,,是,,0.31,,,,,,
701853,巨有統一6B購02,2026-09-08,0.68,0.09,15.25,338000000,0,紅增,是,,0.58,0.57,0.54,,5.4152,8.1749,-2.71
701855,威剛中信5B購01,2026-09-08,2.89,0.17,6.25,1000000,0,,否,,2.9,2.63,2.79,,22.2973,2.0155,
701908,信立凱基5B購01,2026-09-08,0.05,-0.04,-44.44,16000000,0,,否,,0.07,0.1,0.12,,-43.0769,-25.5474,
702125,旺矽元大5B購01,2026-09-08,5.8,0.91,18.61,1000000,0,,是,,6.64,6.46,,,5.7325,,
702161,精測中信5A購01,2026-09-08,4.85,0.4,8.99,17000000,0,紅增,是,,4.32,3.38,2.65,,77.7778,71.4068,5.0733
702281,精測元大5C購01,2026-09-08,2.32,0.2,9.43,7000000,0,紅增,是,,2.14,1.95,1.58,,21.2259,33.5846,-4.3557
702467,順達凱基5B購01,2026-09-08,3.27,-0.33,-9.17,40000000,0,綠縮,是,,3.11,4.23,5.36,,-41.8692,-30.8258,-15.9545
702505,昇達科群益59購01,2026-09-08,18.3,-1.5,-7.58,2000000,0,,,,,,,,,,
702560,昇達科中信5C購01,2026-09-08,4.56,0.02,0.44,26000000,0,紅縮,否,,4.54,4.21,4.11,,16.7868,1.5927,5.1203
702561,雙鴻中信59購02,2026-09-08,0.76,-0.85,-52.8,10000000,0,,否,,0.76,,,,,,
702576,富喬凱基5A購01,2026-09-08,3.95,0.82,26.2,398000000,0,,否,,2.83,2.43,,,39.8221,0.0412,
702592,富喬國票5C購01,2026-09-08,4.14,0.21,5.34,304000000,0,紅增,是,,3.51,3.08,2.04,,32.9296,58.1192,34.023
702593,富喬國票62購01,2026-09-08,3.97,0.35,9.67,213000000,0,紅增,否,,3.37,2.97,1.97,,31.5379,65.3289,29.8586
702607,旺矽元大59購02,2026-09-08,4.71,0.55,13.22,1000000,0,,否,,4.07,4.69,,,-23.3346,-21.413,
702611,高技元大5C購01,2026-09-08,0.06,-0.1,-62.5,20000000,0,紅縮,否,,0.15,0.15,0.31,,10.0,-24.2268,-24.6675
702627,富喬富邦5C購01,2026-09-08,2.01,0.16,8.65,734000000,0,紅增,是,,1.85,1.38,1.14,,101.5251,90.3714,-4.4538
702639,IET中信5C購01,2026-09-08,9.9,0.0,0.0,16000000,0,紅縮,否,,9.83,8.38,6.41,,41.6427,39.75,29.318
702641,富喬中信5C購01,2026-09-08,0.95,0.07,7.95,113000000,0,紅增,否,,0.78,0.68,0.5,,33.2192,44.2797,6.3358
702645,旺矽永豐59購01,2026-09-08,19.3,3.2,19.88,104000000,0,,是,,15.9,17.17,21.79,,-13.7744,-22.9699,
702649,富喬永豐59購01,2026-09-08,2.01,0.69,52.27,1111000000,0,紅增,是,,1.44,0.97,0.67,,186.0558,173.7288,6.8146
702667,系統電元大5B購01,2026-09-08,0.02,-0.02,-50.0,10000000,0,綠縮,否,,0.07,0.1,0.2,,-47.0588,-46.9388,-27.7574
702752,台特化統一6C購01,2026-09-08,0.19,-0.02,-9.52,3000000,0,紅縮,否,,0.25,0.24,0.24,,5.042,5.6277,-8.6142
702753,精測統一66購01,2026-09-08,1.35,0.08,6.3,326000000,0,紅增,是,,1.27,1.1,0.99,,36.8534,26.7589,-6.8267
702776,新應材永豐5C購01,2026-09-08,1.28,-0.08,-5.88,3000000,0,綠縮,否,,1.31,1.5,1.8,,-22.3013,-16.6388,-15.1943
702786,威剛中信5C購01,2026-09-08,3.97,0.14,3.66,4000000,0,,否,,3.87,,,,,,
702811,聖暉*元大5A購01,2026-09-08,0.32,-0.02,-5.88,118000000,0,綠縮,否,,0.32,0.43,0.97,,-40.0,-46.2017,-23.0008
702829,勤凱統一6C購01,2026-09-08,0.97,-0.04,-3.96,427000000,0,紅增,是,,0.98,0.95,0.96,,6.2635,4.7149,-17.2578
702885,高技元大5A購02,2026-09-08,0.28,-0.06,-17.65,11000000,0,,否,,0.33,0.32,0.88,,10.6667,-54.5977,
702886,高技元大5B購01,2026-09-08,0.25,-0.04,-13.79,150000000,0,紅增,否,,0.28,0.28,0.57,,2.1583,-28.6802,-23.6754
702943,力旺元富59購02,2026-09-08,4.44,1.8,68.18,240000000,0,,是,,2.78,2.49,3.48,,25.9528,-23.361,
702968,系微凱基59購01,2026-09-08,0.27,0.13,92.86,5000000,0,綠增,是,,0.94,1.95,2.59,,-68.357,-40.0739,-24.2642
702990,華景電元富5C購01,2026-09-08,1.5,-0.28,-15.73,53000000,0,紅縮,否,,1.71,1.86,2.1,,-14.656,-0.959,-24.047
703004,鑫科永豐5C購01,2026-09-08,1.21,-0.07,-5.47,62000000,0,,是,,1.26,1.37,,,-14.2663,,
703045,雙鴻中信5C購02,2026-09-08,1.58,-0.38,-19.39,14000000,0,紅縮,否,,1.86,1.4,1.06,,95.3684,61.0792,24.8089
703049,順達永豐5C購01,2026-09-08,2.7,-0.45,-14.29,29000000,0,綠增,否,,4.97,4.67,5.63,,14.089,-19.6936,-8.3733
703113,雙鴻凱基5A購01,2026-09-08,0.81,-1.09,-57.37,10000000,0,,是,,1.35,0.76,,,696.4706,32.7526,
703132,聖暉*元大5C購01,2026-09-08,1.11,-0.11,-9.02,411000000,0,綠縮,是,,1.12,1.22,1.82,,-14.7641,-24.1745,-16.2534
703135,金山電統一5C購02,2026-09-08,1.7,-0.27,-13.71,38000000,0,,是,,1.57,1.59,,,-2.8465,-49.1542,
703137,璟德統一5C購01,2026-09-08,0.11,0.0,0.0,5000000,0,紅縮,否,,0.14,0.15,0.19,,-14.4578,-7.2289,-27.853
703145,千附精永豐59購01,2026-09-08,5.35,0.0,0.0,15000000,0,,否,,3.74,,,,,,
703295,信驊群益5B購02,2026-09-08,9.9,0.1,1.02,2000000,0,,是,,8.41,7.52,6.64,,26.8094,31.9011,
703296,威剛群益5B購01,2026-09-08,3.0,0.3,11.11,22000000,0,紅增,否,,2.74,2.9,2.76,,-10.4712,-2.1622,-4.2701
703353,富喬凱基5A購02,2026-09-08,2.07,0.59,39.86,162000000,0,紅增,是,,1.36,1.09,1.08,,65.1332,33.8631,10.5804
703354,富喬凱基5B購01,2026-09-08,2.13,0.25,13.3,67000000,0,,是,,1.62,1.3,,,65.3061,,
703355,富喬凱基61購01,2026-09-08,4.11,0.8,24.17,6000000,0,,否,,,,,,,,
703371,富喬國票5B購01,2026-09-08,1.64,0.26,18.84,1462000000,0,紅增,否,,1.3,1.09,0.69,,47.9452,94.2755,15.1037
703372,富喬國票61購01,2026-09-08,3.54,0.59,20.0,75000000,0,,是,,2.83,1.77,2.01,,295.7983,23.5171,3.5751
703380,富喬群益5B購01,2026-09-08,1.12,0.5,80.65,27000000,0,,是,,0.68,0.53,,,86.8852,11.9403,
703386,富喬富邦5A購01,2026-09-08,0.77,0.09,13.24,171000000,0,紅增,否,,0.6,0.45,0.4,,98.0132,87.5,8.1081
703389,富喬統一65購01,2026-09-08,0.63,0.02,3.28,2537000000,0,紅增,是,,0.56,0.51,0.37,,22.0779,40.5479,24.2881
703390,撼訊統一65購01,2026-09-08,0.29,-0.01,-3.33,50000000,0,綠增,否,,0.31,0.32,0.36,,-3.1056,-8.6455,-13.8135
703396,信驊元富5A購02,2026-09-08,8.9,-0.3,-3.26,163000000,0,,是,,8.53,7.08,6.34,,51.2411,39.0033,5.0137
703401,富喬中信61購01,2026-09-08,0.82,0.19,30.16,302000000,0,紅增,否,,0.65,0.55,0.44,,44.0,52.9248,18.8347
703407,富喬永豐5A購01,2026-09-08,0.62,0.24,63.16,159000000,0,,是,,0.41,0.26,0.32,,267.8571,10.084,
703418,富喬元大5B購01,2026-09-08,0.84,0.14,20.0,302000000,0,紅增,否,,0.68,0.58,0.41,,42.5,76.8997,7.9634
703419,富喬元大5C購01,2026-09-08,1.26,0.3,31.25,666000000,0,紅增,是,,1.06,0.82,0.58,,79.5918,102.963,16.1972
703420,富喬元大61購02,2026-09-08,1.22,0.22,22.0,1618000000,0,紅增,是,,0.98,0.86,0.59,,33.6957,60.149,17.3096
703463,台特化統一62購01,2026-09-08,0.13,0.0,0.0,10000000,0,紅縮,否,,0.18,0.16,0.21,,27.5362,-12.7778,-13.0612
703468,宏捷科統一71購01,2026-09-08,0.43,-0.02,-4.44,12000000,0,紅縮,否,,0.45,0.46,0.49,,-5.5085,-3.7736,-9.3197
703471,欣銓統一61購01,2026-09-08,1.87,-0.11,-5.56,13000000,0,,是,,2.17,2.14,,,2.9468,,
703473,欣銓統一6C購01,2026-09-08,1.33,0.01,0.76,3000000,0,紅縮,否,,1.36,1.28,1.24,,14.0468,13.6767,-3.534
703477,雙鴻統一61購04,2026-09-08,0.53,-0.19,-26.39,23000000,0,紅縮,否,,0.67,0.49,0.36,,114.1026,76.259,46.3265
703535,欣銓元大5A購01,2026-09-08,2.75,-0.27,-8.94,6000000,0,,否,,2.79,3.08,,,-16.8947,,
703581,臺慶科凱基5C購01,2026-09-08,1.79,-0.38,-17.51,30000000,0,紅縮,否,,2.01,2.18,2.43,,-14.6984,-16.6921,-16.3946
703604,欣銓國票61購01,2026-09-08,3.07,-0.13,-4.06,5000000,0,,否,,3.17,3.06,3.28,,7.6087,-8.5851,
703619,家登統一6C購01,2026-09-08,0.8,-0.02,-2.44,317000000,0,紅縮,否,,0.8,0.76,0.7,,11.4206,12.7786,-0.2151
703652,湧德元大61購01,2026-09-08,0.44,-0.02,-4.35,156000000,0,紅縮,否,,0.5,0.49,0.47,,5.042,1.8789,-4.0248
703660,聖暉*元大5C購02,2026-09-08,0.92,-0.11,-10.68,475000000,0,綠縮,否,,0.95,1.03,1.52,,-14.6953,-26.4057,-14.5751
703665,家登凱基5C購01,2026-09-08,1.39,0.01,0.72,144000000,0,,是,,1.34,1.73,,,-37.3358,-24.014,
703729,聖暉*元大5A購03,2026-09-08,0.38,-0.12,-24.0,496000000,0,綠縮,是,,0.5,0.66,1.4,,-39.6594,-48.9938,-20.4365
703762,精材永豐59購01,2026-09-08,13.4,0.2,1.52,6000000,0,,否,,7.11,5.17,,,120.1238,,
703779,世界兆豐59購01,2026-09-08,1.74,-0.2,-10.31,207000000,0,,是,,2.84,2.98,,,-9.4508,6.5334,
703780,精材兆豐59購01,2026-09-08,10.8,0.1,0.93,15000000,0,紅增,否,,9.71,7.05,6.44,,121.1845,23.5758,36.4773
703785,世界國票61購01,2026-09-08,2.15,-0.14,-6.11,50000000,0,綠縮,否,,2.16,2.42,3.02,,-19.5976,-20.2832,-22.1908
703813,聖暉*元大5A購04,2026-09-08,0.35,-0.11,-23.91,480000000,0,綠縮,是,,0.39,0.51,1.36,,-38.4858,-44.2266,-30.4259
703837,系統電元大5B購02,2026-09-08,0.02,0.0,0.0,1000000,0,綠縮,否,,0.08,0.16,0.28,,-68.0328,-46.1538,-26.3722
703860,世界統一61購01,2026-09-08,0.68,-0.05,-6.85,108000000,0,綠縮,是,,0.71,0.99,1.38,,-43.7401,-35.5556,-6.3605
703861,世界統一71購01,2026-09-08,0.78,0.08,11.43,1000000,0,綠縮,否,,0.76,0.77,0.81,,-2.8205,-1.5365,-12.4056
703863,弘塑統一61購01,2026-09-08,1.05,0.09,9.37,260000000,0,綠縮,否,,0.87,0.86,1.68,,2.5882,-41.5479,-15.9359
703864,光頡統一61購01,2026-09-08,1.59,0.15,10.42,102000000,0,,否,,1.26,1.18,1.86,,14.7005,-39.4575,
703865,光頡統一71購01,2026-09-08,1.39,0.0,0.0,986000000,0,綠縮,是,,1.29,1.23,1.57,,10.2564,-9.4923,-4.3756
703866,均豪統一61購02,2026-09-08,0.62,-0.1,-13.89,132000000,0,,是,,0.61,0.54,0.67,,29.4872,-10.3506,
703867,金山電統一64購01,2026-09-08,1.79,-0.1,-5.29,6000000,0,,否,,1.68,2.59,,,-51.9176,-29.1427,
703868,捷創統一61購02,2026-09-08,0.1,-0.01,-9.09,100000000,0,,否,,0.11,0.11,0.14,,-5.3571,-15.5039,
703869,捷創統一71購01,2026-09-08,0.29,-0.01,-3.33,20000000,0,紅縮,否,,0.3,0.3,0.31,,-2.5974,1.6722,-9.4955
703873,崴寶統一71購01,2026-09-08,1.2,-0.14,-10.45,569000000,0,紅縮,否,,1.24,1.17,1.04,,13.9194,13.6187,6.0143
703874,鉅橡統一61購01,2026-09-08,0.35,-0.02,-5.41,146000000,0,,否,,0.39,0.41,0.53,,-10.5023,-8.5903,-29.2421
703875,鉅橡統一61購02,2026-09-08,0.33,-0.04,-10.81,100000000,0,,否,,0.39,0.55,,,-44.8864,,
703878,精材統一71購01,2026-09-08,2.67,-0.14,-4.98,2000000,0,紅增,否,,2.43,2.0,1.92,,56.2259,26.4892,9.2435
703879,臺慶科統一71購01,2026-09-08,0.87,-0.06,-6.45,252000000,0,紅縮,是,,0.9,0.95,0.97,,-9.0726,-2.1694,-13.139
703880,穩懋統一61購02,2026-09-08,2.9,-0.02,-0.68,1000000,0,紅縮,否,,2.87,2.27,2.27,,71.2067,31.8235,-12.952
703886,精材群益5C購01,2026-09-08,12.6,0.8,6.78,1000000,0,,否,,8.95,8.32,6.59,,16.2338,17.7511,
703895,穩懋國票5A購02,2026-09-08,8.85,0.0,0.0,2000000,0,,否,,9.46,6.99,,,109.1995,17.1807,
703914,聖暉*凱基61購01,2026-09-08,1.21,-0.18,-12.95,141000000,0,,否,,1.39,2.95,,,-69.2648,-35.574,
703923,創惟國票61購01,2026-09-08,0.23,-0.04,-14.81,53000000,0,綠增,否,,0.29,0.31,0.39,,-14.881,-7.4405,-19.1623
703942,聖暉*元大5B購02,2026-09-08,1.69,-0.18,-9.63,131000000,0,綠縮,否,,1.68,1.86,2.77,,-17.9687,-27.4143,-23.475
703954,世界永豐5A購01,2026-09-08,0.9,-0.08,-8.16,49000000,0,綠縮,是,,0.89,1.09,2.12,,-30.6977,-41.884,-38.9328
703955,台半永豐59購01,2026-09-08,1.6,-0.47,-22.71,25000000,0,,是,,7.11,9.84,,,-43.3599,,
703961,久元統一61購01,2026-09-08,0.51,0.0,0.0,1000000,0,,否,,0.62,0.83,,,-41.4449,-30.7309,
703963,中探針統一71購01,2026-09-08,3.69,-0.06,-1.6,6000000,0,紅縮,否,,3.98,3.78,4.1,,11.4782,11.1536,-14.1257
703965,世界統一5B購01,2026-09-08,0.82,-0.07,-7.87,336000000,0,,是,,0.75,1.1,1.48,,-48.2143,-37.6763,-9.5618
703966,台半統一71購01,2026-09-08,1.3,-0.06,-4.41,12000000,0,紅縮,是,,1.34,1.31,1.32,,4.375,6.0827,-4.9676
703968,台星科統一71購01,2026-09-08,0.81,-0.08,-8.99,68000000,0,紅縮,否,,0.89,0.88,0.79,,3.2333,16.095,1.211
703969,弘塑統一61購02,2026-09-08,1.26,0.02,1.61,916000000,0,,是,,1.12,1.06,,,11.5768,-3.8985,
703970,弘塑統一61購03,2026-09-08,1.55,0.08,5.44,806000000,0,,是,,1.38,1.3,,,13.4868,2.9342,
703972,合晶統一5C購03,2026-09-08,6.6,0.0,0.0,18000000,0,,否,,11.48,10.03,,,33.9557,25.9422,
703974,長科*統一64購02,2026-09-08,0.94,-0.09,-8.74,4000000,0,綠縮,是,,0.95,1.22,1.46,,-37.0173,-24.5841,-9.5784
703975,佶優統一71購01,2026-09-08,0.41,-0.01,-2.38,40000000,0,紅縮,是,,0.43,0.42,0.45,,5.8537,1.6867,-12.3552
703980,順達統一61購01,2026-09-08,0.65,-0.05,-7.14,30000000,0,紅增,否,,0.64,0.63,0.71,,4.902,-1.8779,-13.7931
703982,鉅橡統一64購01,2026-09-08,0.45,-0.01,-2.17,100000000,0,,否,,0.55,0.7,,,-33.7321,-28.6448,
703983,精材統一61購01,2026-09-08,5.1,0.1,2.0,2000000,0,紅增,否,,4.24,3.65,3.15,,38.8089,18.5895,22.939
703991,元債20凱基71購01,2026-09-08,0.69,-0.02,-2.82,1000000,0,,否,,0.73,0.81,0.94,,-17.3423,-16.4779,-8.1384
704011,元太統一61購01,2026-09-08,0.11,-0.01,-8.33,10000000,0,綠縮,否,,0.13,0.18,0.31,,-39.6396,-44.2006,-28.211
704014,台星科統一61購01,2026-09-08,0.49,-0.07,-12.5,8000000,0,紅縮,否,,0.5,0.53,0.54,,-9.4203,1.5444,-9.4763
704018,光頡統一61購03,2026-09-08,1.3,-0.05,-3.7,17000000,0,,否,,1.19,1.11,1.67,,16.3743,-29.2543,-7.3191
704019,均華統一61購01,2026-09-08,1.29,-0.17,-11.64,24000000,0,,否,,1.29,1.02,0.93,,73.9247,41.7246,2.5275
704021,矽科統一61購01,2026-09-08,0.16,-0.01,-5.88,5000000,0,綠縮,否,,0.18,0.21,0.35,,-28.4553,-40.7303,-24.0343
704022,金山電統一61購01,2026-09-08,1.55,-0.11,-6.63,532000000,0,,是,,1.49,,,,,,
704026,精材統一61購02,2026-09-08,3.99,0.18,4.72,8000000,0,紅增,否,,3.14,2.5,2.51,,68.3476,14.6196,14.2175
704029,穩懋統一71購02,2026-09-08,2.16,-0.02,-0.92,62000000,0,紅縮,是,,2.27,1.97,1.68,,36.4946,31.1585,5.4928
704041,聖暉*元大5C購03,2026-09-08,0.8,-0.09,-10.11,248000000,0,綠縮,否,,0.81,0.89,1.38,,-16.2887,-28.72,-26.39
704046,台星科群益5A購01,2026-09-08,0.54,-0.33,-37.93,102000000,0,綠增,是,,0.8,0.98,1.5,,-32.0819,-32.7409,-15.953
704051,信驊群益61購01,2026-09-08,8.95,-0.05,-0.56,476000000,0,紅增,是,,8.44,7.28,6.66,,37.9085,15.5923,13.5515
704053,聖暉*群益5A購01,2026-09-08,0.1,-0.05,-33.33,2000000,0,,是,,0.19,1.46,,,-93.0606,-44.2286,
704060,世界永豐59購02,2026-09-08,0.19,-0.13,-40.62,2000000,0,綠縮,否,,0.41,0.72,1.2,,-59.6869,-36.6608,-31.7637
704074,世紀*兆豐59購01,2026-09-08,2.21,0.61,38.12,13000000,0,紅增,否,,1.45,1.39,0.75,,8.8589,85.7143,84.7772
704075,台星科兆豐59購02,2026-09-08,0.7,-0.32,-31.37,36000000,0,,是,,0.97,,,,,,
704080,世禾富邦5C購01,2026-09-08,0.08,-0.02,-20.0,120000000,0,綠縮,否,,0.1,0.15,0.23,,-48.5149,-39.2857,-17.9396
704081,家登富邦59購02,2026-09-08,0.7,-0.36,-33.96,30000000,0,紅增,否,,0.64,0.58,0.93,,22.9008,-25.7942,-24.7368
704084,中探針統一67購01,2026-09-08,5.85,-0.65,-10.0,3000000,0,,是,,6.93,7.24,,,-8.2119,,
704085,世界統一61購02,2026-09-08,0.47,-0.04,-7.84,317000000,0,綠縮,是,,0.45,0.52,0.65,,-21.7241,-17.9365,-28.1559
704086,世界統一64購01,2026-09-08,0.66,-0.04,-5.71,10000000,0,綠縮,否,,0.62,0.74,0.86,,-26.4151,-14.8148,-10.7477
704087,世紀*統一71購01,2026-09-08,1.13,0.17,17.71,153000000,0,紅增,否,,0.9,0.86,0.54,,9.5122,69.428,41.8972
704088,世紀*統一71購02,2026-09-08,1.69,0.18,11.92,7000000,0,,否,,1.5,1.14,,,92.0716,,
704089,台半統一61購02,2026-09-08,0.92,-0.14,-13.21,159000000,0,綠縮,否,,0.97,0.97,1.65,,0.0,-38.0192,-16.9521
704090,台半統一71購03,2026-09-08,1.11,-0.06,-5.13,5000000,0,紅縮,否,,1.15,1.17,1.11,,-3.6975,6.1818,-12.5981
704093,系統電統一71購01,2026-09-08,0.26,-0.01,-3.7,34000000,0,綠增,否,,0.3,0.32,0.4,,-12.8655,-21.5686,-12.4176
704094,佳邦統一71購01,2026-09-08,0.28,-0.02,-6.67,5000000,0,紅縮,否,,0.29,0.3,0.3,,-3.9474,3.1142,-11.8669
704096,金山電統一71購01,2026-09-08,1.13,-0.16,-12.4,621000000,0,紅增,否,,1.11,1.03,1.12,,16.8421,0.0,-12.5487
704100,信昌電統一71購01,2026-09-08,3.33,0.17,5.38,11000000,0,紅增,否,,2.86,2.5,1.98,,33.209,42.369,3.1854
704101,家登統一61購02,2026-09-08,0.43,-0.01,-2.27,35000000,0,紅增,否,,0.42,0.42,0.49,,0.9524,-6.2222,-11.8983
704105,精材統一5B購01,2026-09-08,5.55,0.15,2.78,50000000,0,紅增,是,,3.93,3.45,2.58,,32.6131,33.8384,28.9172
704108,璟德統一71購01,2026-09-08,0.29,-0.01,-3.33,300000000,0,紅縮,否,,0.35,0.33,0.35,,12.1795,4.0881,-11.1529
704110,鑫科統一71購01,2026-09-08,0.67,0.0,0.0,40000000,0,,是,,0.86,0.99,1.09,,-23.2682,-10.0362,
704111,家登永豐59購01,2026-09-08,0.36,-0.07,-16.28,141000000,0,綠縮,否,,0.41,0.54,1.03,,-38.3686,-48.8038,-22.9276
704115,金益鼎國票61購01,2026-09-08,0.37,0.02,5.71,150000000,0,紅增,否,,0.37,0.42,0.48,,-19.8276,-11.6279,-16.8675
704134,鑫科群益5A購01,2026-09-08,0.22,-0.09,-29.03,33000000,0,綠增,是,,0.38,0.52,0.82,,-43.0723,-36.9249,-19.9903
704170,世界元大5A購01,2026-09-08,1.23,-0.05,-3.91,19000000,0,綠縮,是,,1.28,1.43,1.83,,-19.3426,-10.1258,-8.0892
704202,鑫科永豐61購01,2026-09-08,0.35,-0.02,-5.41,2000000,0,綠增,否,,0.49,0.78,0.91,,-53.3081,-30.6524,-21.5728
704203,中美晶統一71購01,2026-09-08,1.0,-0.04,-3.85,568000000,0,綠縮,否,,1.01,1.04,1.11,,-4.878,-0.6686,-15.9804
704205,世紀*統一61購01,2026-09-08,1.66,0.36,27.69,265000000,0,紅增,否,,1.11,1.12,0.59,,-0.713,86.3333,73.5683
704206,世紀*統一71購03,2026-09-08,1.13,0.18,18.95,232000000,0,紅增,否,,0.9,0.88,0.53,,6.1176,65.283,43.8596
704207,合晶統一71購01,2026-09-08,3.33,-0.07,-2.06,110000000,0,綠縮,是,,3.38,3.41,3.36,,-2.0313,4.1845,-12.2126
704211,宜鼎統一63購01,2026-09-08,2.16,-0.12,-5.26,10000000,0,紅縮,否,,2.21,2.46,2.27,,-18.524,2.2028,-2.9443
704212,旺矽統一61購02,2026-09-08,2.93,0.27,10.15,23000000,0,綠縮,否,,2.59,2.76,2.93,,-11.4911,-0.7205,-8.5638
704213,旺矽統一63購02,2026-09-08,3.2,0.36,12.68,1000000,0,,是,,3.77,3.83,,,-2.982,,
704214,旺矽統一71購01,2026-09-08,3.6,0.5,16.13,1000000,0,綠縮,否,,3.47,3.45,3.72,,1.0483,-1.4559,-5.0134
704218,信昌電統一71購02,2026-09-08,2.95,-0.22,-6.94,71000000,0,紅縮,否,,2.85,2.61,2.26,,20.6605,21.6052,3.4112
704219,家登統一61購03,2026-09-08,0.66,0.02,3.12,41000000,0,,是,,0.62,0.64,,,-4.0,-12.8591,
704220,家登統一71購01,2026-09-08,0.82,0.03,3.8,181000000,0,紅增,是,,0.79,0.74,0.68,,14.4928,18.4,0.8895
704221,高鋒統一61購01,2026-09-08,0.25,-0.03,-10.71,175000000,0,紅縮,否,,0.29,0.3,0.26,,-2.0,23.75,-4.2751
704222,高鋒統一71購01,2026-09-08,0.46,-0.03,-6.12,10000000,0,,是,,0.5,0.47,0.52,,16.2037,1.7429,
704236,世界元大59購01,2026-09-08,0.09,-0.04,-30.77,1000000,0,綠縮,是,,0.22,0.54,1.34,,-75.1152,-69.8554,-17.5514
704244,富喬元大5A購01,2026-09-08,1.66,0.4,31.75,8000000,0,紅增,否,,1.24,1.06,0.78,,39.7291,74.6711,6.5852
704256,富喬永豐5B購01,2026-09-08,1.67,0.41,32.54,144000000,0,紅增,否,,1.28,1.09,0.83,,43.6242,81.5,17.4129
704257,富喬永豐5C購01,2026-09-08,1.62,0.18,12.5,1716000000,0,紅增,是,,1.35,1.16,0.77,,40.8333,82.9114,19.8121
704258,富喬永豐64購01,2026-09-08,2.44,0.24,10.91,984000000,0,紅增,是,,2.01,1.74,1.17,,35.8108,66.826,29.4574
704260,聖暉*永豐61購01,2026-09-08,1.3,-0.08,-5.8,95000000,0,綠縮,是,,1.26,1.36,2.43,,-14.0903,-29.622,-21.8112
704262,宜鼎兆豐61購01,2026-09-08,8.2,-0.6,-6.82,1000000,0,紅縮,否,,8.49,9.29,8.62,,-15.9406,2.5372,-6.7604
704277,鈊象富邦5A購01,2026-09-08,0.06,-0.03,-33.33,700000000,0,綠縮,否,,0.09,0.15,0.28,,-61.2613,-55.7471,-23.2337
704281,台星科統一61購02,2026-09-08,0.38,-0.09,-19.15,127000000,0,綠增,是,,0.45,0.44,0.57,,7.5829,-20.5082,-10.4688
704287,富喬統一61購01,2026-09-08,0.51,-0.01,-1.92,1055000000,0,紅增,是,,0.43,0.37,0.24,,45.6376,64.8649,41.0029
704288,富喬統一61購02,2026-09-08,0.9,0.13,16.88,436000000,0,紅增,否,,0.73,0.63,0.4,,38.403,86.0534,27.2583
704289,富喬統一61購03,2026-09-08,0.94,0.07,8.05,126000000,0,紅增,否,,0.85,0.68,0.52,,66.9291,76.5625,11.4101
704290,富喬統一61購04,2026-09-08,0.66,0.08,13.79,998000000,0,紅增,是,,0.54,0.43,0.31,,63.0303,86.2661,6.1121
704291,富喬統一64購01,2026-09-08,0.82,0.05,6.49,896000000,0,,是,,0.74,0.55,0.47,,115.0289,45.7219,9.2398
704292,富喬統一65購02,2026-09-08,0.8,0.1,14.29,881000000,0,紅增,否,,0.68,0.52,0.48,,83.7838,22.3776,9.5563
704293,富喬統一6C購01,2026-09-08,0.74,0.15,25.42,211000000,0,紅增,是,,0.61,0.56,0.44,,21.4286,41.2658,9.3633
704294,富喬統一71購01,2026-09-08,0.74,0.01,1.37,1428000000,0,紅縮,是,,0.69,0.64,0.48,,18.8356,33.4029,21.4467
704295,富喬統一71購02,2026-09-08,0.71,0.06,9.23,443000000,0,紅增,是,,0.62,0.56,0.42,,22.2222,42.8571,17.8873
704296,湧德統一71購01,2026-09-08,0.41,-0.02,-4.65,4000000,0,,否,,0.43,0.42,,,4.8544,-5.5928,
704298,聖暉*統一67購01,2026-09-08,0.56,-0.04,-6.67,160000000,0,綠縮,否,,0.55,0.59,0.87,,-12.1019,-24.0669,-23.0462
704308,鈊象兆豐59購01,2026-09-08,0.05,-0.03,-37.5,2000000,0,綠增,否,,0.1,0.31,0.42,,-81.8182,-30.0448,-23.4375
704322,聖暉*元大61購01,2026-09-08,2.59,-0.19,-6.83,88000000,0,綠縮,否,,2.61,2.76,3.59,,-10.631,-20.3864,-19.6085
704325,精測元大5B購01,2026-09-08,1.18,0.17,16.83,88000000,0,紅增,否,,1.0,0.81,0.68,,62.6623,51.7824,2.397
704343,世界富邦5C購01,2026-09-08,0.29,-0.04,-12.12,19000000,0,,是,,1.1,,,,,,
704347,世界統一5C購02,2026-09-08,0.34,-0.04,-10.53,514000000,0,綠縮,否,,0.37,0.44,0.86,,-28.6822,-48.7239,-8.9362
704351,精測統一61購01,2026-09-08,0.76,0.09,13.43,277000000,0,紅增,否,,0.67,0.56,0.48,,50.2242,30.0699,13.5876
704352,精測統一61購02,2026-09-08,0.88,0.18,25.71,30000000,0,紅增,否,,0.73,0.58,0.52,,67.2811,31.5193,-1.5238
704353,精測統一71購01,2026-09-08,1.52,0.07,4.83,964000000,0,紅增,否,,1.43,1.22,1.09,,43.1138,19.4118,10.9478
704365,精測永豐5A購01,2026-09-08,1.41,0.14,11.02,118000000,0,紅增,是,,1.25,0.83,0.81,,203.9024,78.8337,-14.2479
704370,世界國票5B購01,2026-09-08,0.56,-0.05,-8.2,41000000,0,綠縮,否,,0.58,0.7,0.88,,-28.4314,-15.3567,-21.4861
704373,精測國票5A購01,2026-09-08,0.82,0.12,17.14,1695000000,0,紅增,否,,0.73,0.58,0.47,,67.7419,63.662,-21.5833
704374,精測國票5A購02,2026-09-08,0.96,0.23,31.51,139000000,0,紅增,否,,0.74,0.55,0.45,,105.5556,65.6627,-1.8661
704391,世界元大5B購01,2026-09-08,0.29,-0.06,-17.14,448000000,0,,是,,0.66,1.18,,,-61.3583,,
704394,系統電元大61購01,2026-09-08,0.12,0.0,0.0,5000000,0,綠縮,否,,0.14,0.18,0.3,,-39.823,-44.1358,-25.7908
704401,信昌電富邦5C購01,2026-09-08,9.0,-0.7,-7.22,10000000,0,紅增,否,,8.45,6.81,6.65,,63.5695,56.0394,-5.9726
704403,高鋒統一61購02,2026-09-08,0.22,-0.03,-12.0,1000000,0,紅縮,否,,0.26,0.26,0.29,,3.1496,2.381,-12.6718
704404,精測統一5C購01,2026-09-08,0.9,0.13,16.88,79000000,0,紅增,否,,0.77,0.57,0.66,,106.4171,61.4085,-12.5661
704405,尼克森永豐59購01,2026-09-08,0.01,-0.04,-80.0,25000000,0,,是,,1.77,2.41,2.36,,-42.1844,-18.0367,-5.1731
704409,精測永豐5A購02,2026-09-08,0.84,0.08,10.53,332000000,0,紅增,否,,0.72,0.54,0.45,,102.809,79.6667,-14.3939
704419,力旺元大5A購01,2026-09-08,3.0,0.7,30.43,447000000,0,,是,,2.36,2.05,2.1,,35.3617,-1.6787,-11.1486
704421,中美晶元大5C購01,2026-09-08,1.89,-0.01,-0.53,1000000,0,,是,,1.86,1.94,,,-7.9961,,
704424,湧德元大61購02,2026-09-08,0.17,-0.07,-29.17,230000000,0,,是,,0.23,0.36,,,-52.8226,,
704481,中探針元大61購01,2026-09-08,4.65,-0.75,-13.89,10000000,0,紅增,是,,5.1,4.1,5.66,,63.964,-12.313,-11.6535
704482,元太元大61購01,2026-09-08,0.19,-0.1,-34.48,10000000,0,綠縮,否,,0.26,0.5,0.76,,-64.69,-35.3093,-22.0
704495,精材元大5B購02,2026-09-08,9.8,0.1,1.03,3000000,0,紅增,是,,7.3,6.81,5.9,,15.2923,12.9267,24.7859
704507,亞電永豐5B購01,2026-09-08,3.59,-0.68,-15.93,57000000,0,紅縮,否,,3.56,2.79,2.26,,76.1386,48.1934,21.4094
704538,合晶統一61購02,2026-09-08,4.21,-0.01,-0.24,13000000,0,綠縮,否,,4.13,4.13,4.65,,0.1941,5.2551,-17.046
704543,宜鼎統一66購01,2026-09-08,1.51,-0.08,-5.03,1000000,0,紅縮,否,,1.65,1.57,1.68,,9.4415,4.93,-13.96
704544,宜鼎統一71購02,2026-09-08,1.42,-0.08,-5.33,30000000,0,紅縮,是,,1.58,1.46,1.5,,18.9189,8.806,-9.1047
704545,東捷統一64購01,2026-09-08,3.0,0.49,19.52,1000000,0,,是,,3.54,,,,,,
704546,長科*統一71購01,2026-09-08,0.7,-0.04,-5.41,102000000,0,紅縮,否,,0.74,0.73,0.71,,1.0989,3.6827,-5.2527
704548,昱展統一61購01,2026-09-08,0.01,0.0,0.0,10000000,0,,否,,0.01,0.02,,,-68.75,-50.0,
704549,茂迪統一5B購01,2026-09-08,0.27,-0.04,-12.9,6000000,0,綠增,否,,0.33,0.4,0.49,,-27.0742,-20.0,-24.1673
704553,雍智統一71購01,2026-09-08,5.0,0.22,4.6,3000000,0,紅增,否,,4.89,4.3,4.16,,32.0022,23.3927,-3.5255
704560,系統電凱基5B購01,2026-09-08,0.05,-0.01,-16.67,1000000,0,綠縮,否,,0.08,0.17,0.5,,-67.9389,-63.4249,-32.9523
704578,元太元大61購02,2026-09-08,0.32,-0.11,-25.58,4000000,0,,是,,0.62,1.07,1.23,,-59.2105,-25.746,
704590,能率亞統一63購01,2026-09-08,0.56,-0.01,-1.75,4000000,0,紅轉綠,否,,0.61,0.62,0.63,,-3.5032,0.0,-4.7368
704591,能率亞統一71購02,2026-09-08,0.81,-0.02,-2.41,1000000,0,綠增,否,,0.85,0.86,0.89,,-2.746,-1.7104,-3.2698
704638,廣運永豐61購01,2026-09-08,0.11,-0.1,-47.62,69000000,0,紅縮,是,,0.15,0.17,0.16,,-15.3846,-8.6957,-11.7962
704650,聖暉*凱基5B購01,2026-09-08,2.63,-0.08,-2.95,33000000,0,,否,,3.03,,,,,,
704665,鈊象元大5C購01,2026-09-08,0.43,-0.01,-2.27,199000000,0,綠增,否,,0.67,0.71,0.85,,-9.4086,-10.3666,-9.5745
704668,穩得元大5B購01,2026-09-08,0.75,-0.08,-9.64,1000000,0,,否,,0.85,0.88,0.87,,-5.9735,14.3416,
704686,世界兆豐5A購01,2026-09-08,0.08,-0.01,-11.11,38000000,0,綠縮,否,,0.09,0.17,0.68,,-66.6667,-69.0647,-21.3789
704702,竹陞元大5A購01,2026-09-08,0.5,0.06,13.64,10000000,0,,是,,0.55,1.28,1.9,,-72.6368,-42.5494,
704712,精材元大61購04,2026-09-08,5.2,0.2,4.0,23000000,0,紅增,是,,4.02,2.96,2.94,,112.2363,26.9841,19.5688
704725,家登永豐5B購01,2026-09-08,2.6,0.02,0.78,47000000,0,紅增,是,,2.59,2.16,2.37,,49.8262,28.6396,-18.7007
704793,擎亞永豐5A購02,2026-09-08,1.51,-0.25,-14.2,1000000,0,綠縮,否,,2.18,3.45,6.19,,-53.9373,-28.2147,-24.6682
704839,擎亞國票5A購01,2026-09-08,0.82,0.01,1.23,34000000,0,綠縮,否,,0.9,1.67,3.43,,-63.0328,-51.7749,-23.6093
704841,台半富邦5B購01,2026-09-08,1.06,-0.25,-19.08,10000000,0,,是,,1.2,1.97,2.42,,-55.8651,-38.4085,
704842,台星科富邦5B購01,2026-09-08,0.38,-0.11,-22.45,135000000,0,紅縮,否,,0.48,0.49,0.48,,-5.1793,7.0022,-18.547
704844,宜特富邦5A購01,2026-09-08,0.09,-0.03,-25.0,12000000,0,,是,,0.13,0.17,0.47,,-42.7273,-54.2328,
704847,智通*富邦5B購01,2026-09-08,0.1,-0.02,-16.67,23000000,0,綠縮,否,,0.11,0.13,0.26,,-35.3659,-54.5455,-18.5243
704895,世界統一62購01,2026-09-08,0.45,-0.03,-6.25,109000000,0,綠縮,是,,0.45,0.55,0.64,,-29.6875,-9.6186,-22.2358
704896,台星科統一62購01,2026-09-08,0.59,-0.12,-16.9,204000000,0,紅縮,否,,0.68,0.67,0.64,,1.5015,7.5321,-7.0022
704903,智通*統一68購01,2026-09-08,0.49,0.01,2.08,20000000,0,紅增,否,,0.49,0.48,0.5,,4.2194,8.5202,-7.3148
704904,新復興統一72購01,2026-09-08,0.2,-0.01,-4.76,44000000,0,紅縮,是,,0.24,0.24,0.27,,-0.8333,-5.1587,-11.6086
704905,穩懋統一72購01,2026-09-08,2.22,-0.06,-2.63,11000000,0,,是,,2.4,2.12,,,29.9784,29.4942,
704937,茂迪富邦61購01,2026-09-08,0.2,-0.01,-4.76,25000000,0,紅轉綠,否,,0.24,0.28,0.33,,-23.7179,-15.6442,-20.2622
704945,良維統一5C購01,2026-09-08,1.75,-0.01,-0.57,100000000,0,,是,,1.86,,,,,,
704950,耀勝統一5C購03,2026-09-08,0.02,0.0,0.0,10000000,0,綠縮,否,,0.03,0.04,0.17,,-48.1481,-71.3287,-37.5
704954,系微兆豐62購01,2026-09-08,2.33,0.54,30.17,1000000,0,,否,,2.03,2.18,,,-12.7257,-25.6655,
704968,精材群益5A購02,2026-09-08,33.5,0.7,2.13,1000000,0,紅增,否,,22.76,21.19,16.36,,16.0041,29.2073,30.3586
704983,雙鴻元富5A購02,2026-09-08,1.35,-0.34,-20.12,23000000,0,紅縮,否,,1.52,1.01,0.68,,201.992,143.1325,47.9393
704997,雙鴻元大5B購01,2026-09-08,1.12,-0.42,-27.27,384000000,0,,是,,1.52,1.12,,,108.8154,,
704998,雙鴻元大61購02,2026-09-08,0.76,-0.28,-26.92,31000000,0,,是,,0.97,0.7,,,128.3019,27.7064,
705002,世界富邦5C購02,2026-09-08,0.61,-0.07,-10.29,951000000,0,綠轉紅,否,,0.61,0.64,0.76,,-10.3245,-16.7098,-15.6721
705003,世界統一72購01,2026-09-08,0.72,-0.01,-1.37,86000000,0,紅增,否,,0.7,0.72,0.76,,-4.6196,-5.0198,-7.4074
705004,宏觀統一62購01,2026-09-08,0.16,-0.01,-5.88,80000000,0,,是,,0.41,0.64,,,-52.6437,,
705007,智通*統一62購01,2026-09-08,0.5,0.02,4.17,470000000,0,紅增,是,,0.48,0.5,0.5,,-6.2257,4.8421,-12.7417
705008,湧德統一61購03,2026-09-08,0.24,-0.03,-11.11,10000000,0,綠縮,否,,0.26,0.29,0.4,,-18.9873,-30.0733,-12.7333
705023,雙鴻凱基5C購01,2026-09-08,1.9,-0.77,-28.84,52000000,0,紅縮,否,,2.31,1.54,1.1,,197.4227,117.1831,43.3312
705034,精材群益5A購03,2026-09-08,28.5,1.5,5.56,18000000,0,,是,,18.14,13.77,,,92.9787,66.4048,
705063,穩懋元大61購02,2026-09-08,2.08,0.01,0.48,16000000,0,,是,,2.21,1.83,1.58,,51.2329,43.7304,
705072,新應材凱基5A購01,2026-09-08,0.25,-0.09,-26.47,87000000,0,紅增,否,,0.33,0.52,0.9,,-52.4217,-37.7404,-35.0542
705081,閎康群益5A購01,2026-09-08,0.36,-0.13,-26.53,1000000,0,綠縮,否,,0.57,0.94,1.93,,-56.0,-55.6818,-28.5846
705083,精測群益5A購01,2026-09-08,0.14,0.02,16.67,60000000,0,紅增,否,,0.11,0.1,0.16,,20.0,-19.5122,-36.0624
705084,精測群益62購03,2026-09-08,1.05,0.11,11.7,4691000000,0,紅增,否,,0.95,0.74,0.65,,79.8479,29.806,11.8151
705090,精測富邦5A購01,2026-09-08,0.05,-0.01,-16.67,1567000000,0,紅增,是,,0.05,0.04,0.05,,43.75,-17.0213,-22.1374
705091,正淩統一62購01,2026-09-08,0.45,-0.08,-15.09,234000000,0,,是,,0.44,0.41,0.57,,14.0625,-22.4528,
705092,正淩統一65購01,2026-09-08,0.45,-0.02,-4.26,55000000,0,,否,,0.42,0.39,0.43,,16.4835,0.2545,-10.2804
705094,宜特統一62購01,2026-09-08,0.4,-0.02,-4.76,4000000,0,紅增,否,,0.43,0.44,0.51,,-3.5714,-8.3333,-19.6343
705095,新復興統一62購01,2026-09-08,0.05,-0.01,-16.67,20000000,0,紅增,否,,0.06,0.07,0.1,,-30.2326,-22.3404,-35.3333
705096,精測統一62購01,2026-09-08,0.27,0.04,17.39,1270000000,0,紅增,否,,0.23,0.18,0.19,,82.8125,18.3007,-0.7937
705097,精測統一64購02,2026-09-08,0.61,-0.07,-10.29,23000000,0,紅縮,否,,0.65,0.57,0.55,,30.1205,37.0813,-5.7774
705098,精測統一72購01,2026-09-08,1.67,0.25,17.61,12000000,0,,否,,1.28,1.09,1.16,,42.4107,4.5236,
705099,雙鴻統一62購03,2026-09-08,0.64,-0.17,-20.99,514000000,0,,否,,0.76,0.57,,,100.0,23.913,
705100,鑫科統一62購01,2026-09-08,0.33,-0.02,-5.71,21000000,0,綠縮,否,,0.39,0.43,0.61,,-16.6667,-24.3386,-17.6829
705110,精測元富5B購03,2026-09-08,0.18,0.04,28.57,330000000,0,,否,,0.14,0.33,0.47,,-72.0472,-42.4779,
705128,良維統一72購01,2026-09-08,1.29,-0.01,-0.77,1000000,0,紅增,否,,1.29,1.15,1.21,,28.0876,7.8154,-12.2737
705130,長科*統一72購01,2026-09-08,1.12,-0.06,-5.08,2000000,0,綠增,否,,1.18,1.18,1.18,,-0.1695,5.5506,-10.5623
705132,茂迪統一72購02,2026-09-08,0.4,-0.02,-4.76,43000000,0,綠增,否,,0.44,0.45,0.51,,-4.3478,-11.0672,-7.3171
705136,鏵友益統一72購01,2026-09-08,0.86,0.04,4.88,70000000,0,,否,,0.89,0.97,,,-15.019,,
705138,良維中信5C購01,2026-09-08,1.9,-0.22,-10.38,30000000,0,,否,,1.9,1.59,,,47.9005,-11.3952,
705142,新應材永豐5B購01,2026-09-08,0.43,-0.01,-2.27,72000000,0,綠縮,是,,0.49,0.82,1.52,,-58.1756,-51.2137,-29.2943
705143,正淩國票5B購01,2026-09-08,0.34,-0.08,-19.05,23000000,0,,否,,0.37,0.85,,,-71.9033,,
705147,崴寶國票59購01,2026-09-08,0.16,-0.54,-77.14,5000000,0,,否,,0.46,0.5,,,-14.1264,-43.6937,
705161,雙鴻元大61購03,2026-09-08,1.38,-0.48,-25.81,21000000,0,,是,,1.37,0.95,,,155.9701,51.1886,
705169,正淩凱基5B購01,2026-09-08,0.36,-0.09,-20.0,48000000,0,,是,,0.38,0.64,,,-58.4615,-44.5783,
705179,雙鴻凱基5C購02,2026-09-08,1.2,-0.67,-35.83,10000000,0,紅縮,否,,1.42,0.97,0.8,,171.7557,92.1105,13.5557
705188,元太統一62購01,2026-09-08,0.19,-0.02,-9.52,642000000,0,綠縮,是,,0.21,0.26,0.42,,-31.6129,-36.9565,-18.7379
705190,弘塑統一72購01,2026-09-08,1.39,0.05,3.73,306000000,0,,是,,1.28,1.25,,,5.4455,-1.3471,
705192,沛亨統一72購01,2026-09-08,2.02,0.22,12.22,4000000,0,紅增,是,,1.92,1.69,1.51,,31.2415,25.0922,-0.4286
705194,崴寶統一64購01,2026-09-08,0.73,-0.1,-12.05,104000000,0,,是,,0.77,0.71,0.7,,17.1254,7.413,
705195,崴寶統一72購01,2026-09-08,1.04,-0.11,-9.57,132000000,0,紅縮,否,,1.07,1.0,0.95,,14.1026,12.206,1.8211
705196,雙鴻統一72購01,2026-09-08,1.0,-0.16,-13.79,74000000,0,紅縮,否,,1.12,0.94,0.78,,45.1948,33.5219,16.0688
705197,鑫聯統一65購01,2026-09-08,0.47,-0.01,-2.08,40000000,0,紅轉綠,是,,0.67,0.71,0.74,,-11.1702,-6.5789,-11.244
705203,匯鑽科國票59購02,2026-09-08,0.1,-0.07,-41.18,116000000,0,紅縮,是,,0.13,0.11,0.23,,45.6522,-32.3353,-19.7595
705205,鑫聯國票59購03,2026-09-08,0.07,-0.11,-61.11,150000000,0,,是,,1.1,1.36,,,-31.5528,-26.4243,
705212,雙鴻元大5C購01,2026-09-08,0.94,-0.42,-30.88,10000000,0,,是,,1.14,0.8,,,142.1277,7.3431,
705213,雙鴻元大61購04,2026-09-08,0.76,-0.28,-26.92,2000000,0,,是,,0.7,0.72,,,-5.9459,,
705215,崴寶永豐5B購01,2026-09-08,1.22,-0.2,-14.08,18000000,0,,是,,1.28,1.1,1.17,,36.6167,2.0314,
705216,雙鴻永豐61購01,2026-09-08,1.16,-0.45,-27.95,43000000,0,,是,,1.57,1.51,1.29,,7.989,23.366,
705222,雙鴻元富5A購05,2026-09-08,2.25,-0.53,-19.06,2000000,0,紅縮,否,,2.79,1.9,1.39,,176.7857,147.2656,28.7239
705223,雙鴻元富5A購06,2026-09-08,0.94,-0.6,-38.96,673000000,0,紅縮,是,,1.42,0.96,0.74,,189.0244,110.3297,21.7463
705235,力旺凱基5B購01,2026-09-08,5.8,1.3,28.89,105000000,0,,是,,5.96,4.56,,,88.0126,-20.4704,
705238,穩懋凱基61購01,2026-09-08,2.48,-0.06,-2.36,5000000,0,紅縮,否,,2.74,2.82,2.73,,-5.7163,7.6307,-11.1906
705242,宸曜永豐59購01,2026-09-08,0.21,-0.13,-38.24,40000000,0,綠增,否,,0.46,0.52,0.52,,-22.1088,-7.5972,-12.5945
705243,萬潤永豐62購01,2026-09-08,28.1,1.2,4.46,1000000,0,,是,,22.06,20.84,,,12.4363,,
705255,雙鴻富邦5A購03,2026-09-08,0.88,-0.38,-30.16,80000000,0,紅縮,是,,1.16,0.85,0.6,,120.4545,112.5628,36.0953
705257,力旺統一65購01,2026-09-08,1.15,0.25,27.78,1314000000,0,紅增,是,,0.89,0.81,0.88,,19.407,-8.9485,-0.8989
705258,力旺統一72購01,2026-09-08,1.27,0.23,22.12,1568000000,0,紅增,是,,1.01,0.95,1.02,,14.7059,-7.1429,0.0492
705262,元太統一72購01,2026-09-08,0.31,-0.04,-11.43,1000000,0,綠增,否,,0.37,0.44,0.49,,-26.087,-14.23,-11.4441
705264,正淩統一72購02,2026-09-08,0.5,-0.04,-7.41,45000000,0,紅增,否,,0.49,0.47,0.53,,7.9646,-3.8855,-4.5495
705269,穩懋統一65購02,2026-09-08,1.53,-0.07,-4.38,26000000,0,紅縮,否,,1.7,1.49,1.24,,32.243,22.5144,16.737
705272,世紀*國票59購02,2026-09-08,3.85,1.3,50.98,32000000,0,,是,,2.53,2.01,1.03,,70.6199,162.8272,151.5892
705273,穩懋國票59購02,2026-09-08,4.04,-0.89,-18.05,12000000,0,紅縮,是,,5.3,3.79,3.03,,132.2242,78.1221,4.1803
705276,力旺群益5A購01,2026-09-08,2.36,0.8,51.28,62000000,0,紅增,否,,1.68,1.5,1.86,,27.7693,-17.2547,-9.0198
705284,力旺元大5A購03,2026-09-08,2.3,0.61,36.09,439000000,0,紅增,是,,1.65,1.47,1.77,,27.907,-20.5405,-9.5603
705289,鈊象元大5C購02,2026-09-08,1.1,-0.03,-2.65,53000000,0,綠縮,否,,1.11,1.48,1.66,,-39.9784,-21.3453,-11.4675
705291,世紀*凱基59購01,2026-09-08,4.33,1.45,50.35,9000000,0,紅增,否,,3.05,2.48,1.26,,59.7906,156.8323,141.126
705300,鈊象凱基61購01,2026-09-08,1.55,-0.05,-3.12,9000000,0,綠縮,否,,1.58,1.85,2.29,,-24.8577,-29.3262,-13.5507
705305,宏觀富邦5A購01,2026-09-08,0.07,-0.02,-22.22,20000000,0,,否,,0.14,0.25,,,-59.0909,-45.3744,
705307,富喬富邦5B購01,2026-09-08,0.93,0.17,22.37,3051000000,0,紅增,是,,0.71,0.59,0.36,,51.9149,96.6777,46.5587
705309,亞泰統一72購01,2026-09-08,2.33,-0.17,-6.8,16000000,0,紅縮,否,,2.53,2.32,1.95,,19.8104,21.9243,3.4822
705311,富喬統一62購01,2026-09-08,0.73,0.09,14.06,1524000000,0,紅增,是,,0.63,0.53,0.36,,50.0,69.9029,21.9762
705312,富喬統一62購02,2026-09-08,0.7,0.06,9.38,825000000,0,紅增,否,,0.61,0.53,0.39,,34.6667,67.619,11.4449
705313,精材統一65購01,2026-09-08,4.21,0.15,3.69,10000000,0,紅增,否,,3.07,2.53,2.63,,54.4724,7.6989,11.9753
705314,精材統一72購01,2026-09-08,2.32,0.2,9.43,1000000,0,紅增,否,,2.01,1.63,1.54,,61.9968,34.9088,6.7826
705316,沛亨國票59購02,2026-09-08,3.33,0.89,36.48,1000000,0,,是,,2.7,3.94,,,-47.8177,,
705323,富喬國票59購02,2026-09-08,2.2,0.61,38.36,138000000,0,紅增,否,,1.51,1.2,1.08,,69.5067,44.994,16.2292
705324,富喬國票5A購01,2026-09-08,2.03,0.34,20.12,726000000,0,紅增,否,,1.56,1.32,0.91,,43.9114,77.6882,8.358
705326,寶雅國票59購01,2026-09-08,2.97,0.11,3.85,10000000,0,紅縮,是,,3.57,3.14,2.79,,31.929,19.4518,15.6956
705330,富喬元大59購01,2026-09-08,1.0,0.37,58.73,39000000,0,紅增,是,,0.78,0.48,0.54,,300.0,61.6667,11.4433
705331,富喬元大5B購02,2026-09-08,0.76,0.09,13.43,772000000,0,紅增,是,,0.71,0.56,0.4,,72.3301,101.0753,12.3955
705333,鈊象元大5C購03,2026-09-08,0.93,-0.05,-5.1,13000000,0,綠增,是,,0.98,1.48,1.51,,-50.6546,-17.1045,-15.1906
705337,穩懋元大61購04,2026-09-08,2.09,-0.11,-5.0,10000000,0,,否,,2.28,1.98,1.67,,35.876,34.4429,
705341,富喬群益5A購01,2026-09-08,1.16,0.27,30.34,482000000,0,紅增,是,,0.87,0.66,0.64,,93.3628,40.7643,12.9547
705346,富喬永豐5A購02,2026-09-08,0.94,0.23,32.39,935000000,0,紅增,是,,0.79,0.61,0.43,,87.2642,130.6818,20.6751
705347,富喬永豐61購01,2026-09-08,1.17,0.07,6.36,2389000000,0,紅增,是,,1.01,0.88,0.58,,33.5979,82.438,18.4959
705348,富喬永豐65購01,2026-09-08,1.32,0.07,5.6,1062000000,0,紅增,是,,1.18,1.06,0.74,,25.9574,55.0365,25.0
705366,雙鴻元大5C購02,2026-09-08,1.1,-0.24,-17.91,10000000,0,,是,,1.29,1.02,0.95,,68.7664,34.5598,
705370,穩懋元大61購05,2026-09-08,1.3,0.03,2.36,40000000,0,綠縮,否,,1.37,1.56,1.99,,-21.5103,-17.6346,-13.7348
705373,凡甲統一61購01,2026-09-08,0.33,0.0,0.0,10000000,0,,否,,0.42,0.63,0.79,,-49.7619,-20.9273,-19.4076
705374,元太統一72購02,2026-09-08,0.36,-0.02,-5.26,20000000,0,綠增,否,,0.43,0.51,0.59,,-28.0936,-16.2866,-13.4856
705378,宏捷科統一61購04,2026-09-08,0.23,-0.01,-4.17,65000000,0,紅縮,否,,0.28,0.28,0.33,,-2.0979,-9.5847,-15.4545
705380,系統電統一5C購02,2026-09-08,0.16,0.0,0.0,100000000,0,紅縮,是,,0.23,0.22,0.32,,4.6296,-14.6718,-18.7739
705381,系微統一64購01,2026-09-08,0.63,0.14,28.57,25000000,0,,否,,0.56,0.61,0.91,,-15.6156,-33.6216,
705382,亞泰統一72購02,2026-09-08,3.11,-0.2,-6.04,10000000,0,紅縮,否,,3.3,2.85,2.62,,37.7611,24.6605,8.411
705383,宜特統一65購01,2026-09-08,0.46,0.0,0.0,43000000,0,綠縮,是,,0.48,0.61,0.78,,-36.193,-29.4457,-15.0573
705385,前鼎統一72購01,2026-09-08,1.92,0.12,6.67,3000000,0,,是,,1.58,1.28,1.31,,61.0998,24.3453,-9.8422
705386,茂達統一72購01,2026-09-08,0.78,-0.06,-7.14,248000000,0,紅縮,是,,0.82,0.85,0.88,,-6.6059,0.4734,-8.5714
705388,能率統一72購01,2026-09-08,0.48,-0.01,-2.04,10000000,0,綠增,否,,0.51,0.49,0.53,,7.6271,-1.0101,-2.9304
705390,新漢統一64購02,2026-09-08,0.3,0.0,0.0,208000000,0,綠增,是,,0.32,0.32,0.37,,1.9108,-14.5553,-2.2636
705391,新漢統一72購01,2026-09-08,0.45,0.0,0.0,297000000,0,紅縮,是,,0.48,0.45,0.48,,17.561,0.0,0.4211
705392,萬潤統一62購01,2026-09-08,5.45,0.05,0.93,16000000,0,紅增,是,,4.86,3.88,3.52,,67.9806,28.1415,10.3735
705393,鈺太統一64購01,2026-09-08,0.42,-0.04,-8.7,244000000,0,,是,,0.46,0.46,,,-1.7167,-7.6,
705395,聚和統一64購01,2026-09-08,0.46,-0.03,-6.12,12000000,0,綠增,否,,0.51,0.49,0.58,,9.3617,-6.2857,-5.749
705399,穩懋統一62購01,2026-09-08,1.2,-0.15,-11.11,5000000,0,紅縮,否,,1.27,1.13,0.94,,27.51,26.3099,13.5021
705400,穩懋統一62購02,2026-09-08,1.85,-0.08,-4.15,55000000,0,紅縮,否,,1.96,1.75,1.53,,27.9009,24.4128,-8.75
705401,穩懋統一62購03,2026-09-08,1.12,-0.08,-6.67,1000000,0,紅縮,否,,1.24,1.21,1.08,,5.2453,18.9216,9.1322
705437,弘塑凱基5C購01,2026-09-08,6.6,0.9,15.79,72000000,0,,是,,5.31,5.21,,,4.116,-0.3063,
705438,沛亨凱基5A購01,2026-09-08,2.6,0.45,20.93,20000000,0,紅增,否,,2.56,1.94,2.03,,92.7602,44.5272,-35.0945
705443,新應材兆豐5B購01,2026-09-08,0.18,0.08,80.0,20000000,0,綠轉紅,否,,0.18,0.19,0.4,,-5.2083,-54.5012,-28.1753
705444,良維國票62購01,2026-09-08,2.48,-0.16,-6.06,1000000,0,紅增,否,,2.39,1.97,1.98,,54.9223,20.0,-16.0585
705445,東浦國票5A購01,2026-09-08,0.01,0.0,0.0,10000000,0,綠縮,否,,0.14,0.33,1.12,,-72.7626,-68.2832,-32.9545
705446,信驊國票62購01,2026-09-08,7.3,-0.4,-5.19,15000000,0,紅增,否,,6.85,5.84,5.5,,41.7046,8.6479,16.9837
705447,博智國票5A購01,2026-09-08,3.36,-0.46,-12.04,25000000,0,紅增,是,,3.47,3.25,4.23,,14.4459,-2.9262,-18.8733
705448,萬潤國票5A購01,2026-09-08,22.0,1.8,8.91,2000000,0,,是,,18.64,13.81,12.55,,107.5724,43.5551,10.7166
705452,世界國泰5A購01,2026-09-08,1.32,-0.06,-4.35,17000000,0,,是,,1.33,1.84,,,-43.2823,-33.9663,
705455,世界群益5B購02,2026-09-08,0.7,-0.12,-14.63,335000000,0,綠縮,是,,0.73,0.81,1.29,,-17.0068,-29.765,-29.1541
705460,信驊群益5B購04,2026-09-08,11.9,-0.8,-6.3,10000000,0,,是,,10.84,8.61,,,69.6932,53.165,
705461,湧德群益61購01,2026-09-08,0.37,-0.01,-2.63,50000000,0,綠縮,是,,0.36,0.4,0.55,,-17.3516,-28.5714,-20.0864
705475,雙鴻元大5C購03,2026-09-08,1.74,-0.46,-20.91,16000000,0,紅縮,否,,2.04,1.58,1.21,,82.3214,56.2253,28.1333
705480,良維統一63購01,2026-09-08,0.8,-0.03,-3.61,40000000,0,紅縮,否,,0.79,0.69,0.63,,35.7388,25.1825,-0.0797
705481,亞泰統一62購01,2026-09-08,3.49,-0.69,-16.51,2000000,0,紅縮,否,,4.22,3.56,3.17,,45.7498,45.4397,12.6021
705485,萬潤統一73購01,2026-09-08,4.83,0.42,9.52,7000000,0,紅增,否,,4.47,4.13,3.52,,17.942,24.0986,11.7432
705487,穩懋統一66購01,2026-09-08,1.02,-0.05,-4.67,33000000,0,紅縮,否,,1.11,1.04,0.89,,13.786,11.6004,13.6538
705489,穩懋統一73購02,2026-09-08,1.43,-0.03,-2.05,569000000,0,紅縮,否,,1.47,1.35,1.19,,20.2614,14.1406,9.0909
705496,光頡永豐5A購01,2026-09-08,1.46,0.22,17.74,15000000,0,綠縮,否,,1.07,1.09,3.62,,-3.5907,-72.4918,-14.9748
705502,萬潤永豐5B購01,2026-09-08,10.8,0.6,5.88,1000000,0,,是,,8.22,7.67,,,15.2875,7.0432,
705505,穩懋永豐5A購03,2026-09-08,0.99,-0.05,-4.81,35000000,0,紅縮,否,,1.1,0.96,0.83,,34.3066,19.6273,9.4514
705519,均華兆豐63購01,2026-09-08,3.79,-0.26,-6.42,6000000,0,紅縮,否,,3.87,3.19,2.68,,53.614,40.5989,5.8766
705520,宜鼎兆豐63購01,2026-09-08,3.9,-0.26,-6.25,10000000,0,紅縮,否,,3.95,4.39,4.08,,-18.396,-2.7236,-3.8312
705534,雙鴻凱基5B購01,2026-09-08,0.95,-0.21,-18.1,78000000,0,,是,,1.02,0.7,,,165.9686,7.5385,
705544,萬潤元大5B購01,2026-09-08,11.5,0.5,4.55,1000000,0,,是,,8.88,7.23,,,59.1398,,
705551,穩懋元大5A購03,2026-09-08,0.85,-0.05,-5.56,20000000,0,紅縮,否,,1.09,1.08,0.97,,0.5556,2.4598,-13.3304
705553,穩懋元大5C購04,2026-09-08,0.83,-0.01,-1.19,6000000,0,綠縮,否,,0.95,0.98,1.31,,-7.2407,-23.0469,-13.8386
705555,中探針永豐5C購01,2026-09-08,2.5,-0.19,-7.06,40000000,0,紅縮,否,,2.97,3.2,3.44,,-13.3022,-9.1425,-16.7858
705560,萬潤永豐5C購01,2026-09-08,4.3,0.4,10.26,28000000,0,紅增,是,,3.91,3.66,2.99,,14.3944,26.1274,15.9448
705565,穩懋永豐5C購02,2026-09-08,1.12,-0.08,-6.67,1306000000,0,紅縮,否,,1.21,1.07,0.92,,29.9786,17.2489,11.6616
705567,宏觀國泰5A購01,2026-09-08,0.02,-0.01,-33.33,100000000,0,,,,,,,,,,
705568,沛亨國泰5A購01,2026-09-08,4.17,1.01,31.96,6000000,0,,是,,3.86,2.78,,,126.9412,30.715,
705583,旺矽永豐5A購01,2026-09-08,8.75,1.2,15.89,1000000,0,,是,,12.65,,,,,,
705584,旺矽永豐5B購01,2026-09-08,9.0,1.6,21.62,1000000,0,,是,,13.52,12.57,,,16.4513,,
705585,博磊永豐5A購01,2026-09-08,1.03,-0.16,-13.45,3000000,0,,是,,1.28,1.43,2.63,,-19.4199,-27.567,
705589,鏵友益永豐5C購01,2026-09-08,0.55,0.03,5.77,40000000,0,,是,,0.53,0.68,0.92,,-34.7188,-30.5242,-28.3994
705605,亞信國票5A購01,2026-09-08,0.03,-0.04,-57.14,60000000,0,綠增,是,,0.16,0.23,0.37,,-46.7105,-43.5835,-28.128
705611,雙鴻國票5C購01,2026-09-08,0.59,-0.32,-35.16,15000000,0,,否,,0.79,0.59,,,102.5641,35.0114,
705621,旺矽群益5B購01,2026-09-08,5.1,0.79,18.33,95000000,0,,是,,4.03,4.75,6.16,,-26.5328,-23.769,
705630,旺矽兆豐5B購01,2026-09-08,4.98,0.58,13.18,3000000,0,,是,,5.04,5.29,,,-9.2252,,
705638,宜鼎群益5B購01,2026-09-08,2.61,-0.26,-9.06,76000000,0,,否,,2.9,3.4,,,-25.6292,-10.4222,
705644,原相群益5C購01,2026-09-08,0.22,-0.04,-15.38,15000000,0,綠縮,否,,0.28,0.46,0.77,,-55.2381,-46.6667,-20.093
705671,鈊象富邦5B購01,2026-09-08,0.33,-0.03,-8.33,340000000,0,綠縮,否,,0.36,0.44,0.65,,-31.1538,-41.9312,-14.6261
705672,聖暉*富邦5B購01,2026-09-08,0.53,-0.11,-17.19,1014000000,0,,是,,0.53,0.62,1.25,,-25.6983,-38.5222,-22.1322
705675,雙鴻富邦5C購01,2026-09-08,0.85,-0.38,-30.89,1000000,0,紅縮,否,,1.05,0.77,0.53,,112.0968,99.4845,36.3753
705676,雙鴻富邦5C購02,2026-09-08,0.56,-0.27,-32.53,128000000,0,,否,,0.74,0.53,0.5,,126.2195,56.8915,
705677,譜瑞富邦5C購01,2026-09-08,2.95,0.0,0.0,1000000,0,綠縮,否,,2.95,2.96,2.95,,-0.807,0.0,-1.2387
705682,宜鼎國票5A購02,2026-09-08,3.84,-0.45,-10.49,10000000,0,紅縮,否,,4.85,4.42,5.73,,21.8483,-0.1808,-26.3111
705692,臺慶科國票5A購02,2026-09-08,0.07,-0.07,-50.0,599000000,0,紅增,是,,0.11,0.31,0.54,,-78.3465,-40.2321,-53.61
705699,聚和凱基5A購01,2026-09-08,0.22,-0.08,-26.67,2000000,0,綠增,否,,0.36,0.48,0.67,,-40.4605,-22.0257,-36.0421
705702,宏捷科國票62購01,2026-09-08,0.18,-0.03,-14.29,10000000,0,紅增,否,,0.25,0.28,0.45,,-19.2308,-18.0233,-33.9678
705711,台特化元大5C購01,2026-09-08,0.19,-0.02,-9.52,101000000,0,綠增,否,,0.21,0.31,0.31,,-49.5098,-18.9974,-21.1321
705726,雙鴻元大61購08,2026-09-08,1.67,-0.48,-22.33,5000000,0,紅縮,否,,1.95,1.41,1.09,,120.8617,77.3183,23.5726
705733,宜特群益5B購01,2026-09-08,0.11,-0.02,-15.38,32000000,0,綠縮,否,,0.21,0.39,0.64,,-64.1115,-46.1326,-18.6505
705755,雙鴻凱基5C購03,2026-09-08,2.14,-1.16,-35.15,179000000,0,紅縮,否,,2.76,1.94,1.31,,147.1326,120.8666,59.3541
705758,世界元大5C購01,2026-09-08,1.86,-0.02,-1.06,3000000,0,綠縮,否,,1.83,1.93,2.09,,-9.3966,-1.8339,-10.2085
705759,台特化元大5C購02,2026-09-08,0.11,-0.01,-8.33,20000000,0,紅增,是,,0.14,0.15,0.26,,-4.0541,-30.9524,-23.7741
705774,雙鴻元大61購09,2026-09-08,1.45,-0.38,-20.77,20000000,0,紅縮,否,,1.76,1.34,1.01,,92.5602,78.2667,23.1752
705783,良維中信61購01,2026-09-08,1.08,-0.15,-12.2,20000000,0,紅縮,否,,1.08,0.94,0.86,,35.6784,33.0496,-13.8346
705785,新應材永豐63購01,2026-09-08,0.86,-0.02,-2.27,6000000,0,紅縮,否,,0.87,0.86,0.87,,1.8735,-0.8055,-1.4798
705802,旺矽統一63購03,2026-09-08,2.37,0.36,17.91,1000000,0,綠縮,否,,2.06,2.13,2.56,,-6.1874,-15.5767,-6.6084
705804,環球晶統一63購01,2026-09-08,2.95,0.01,0.34,2000000,0,綠縮,否,,2.88,3.09,3.64,,-12.7879,-16.6037,-13.9086
705805,環球晶統一63購02,2026-09-08,2.91,-0.12,-3.96,13000000,0,綠縮,否,,2.99,3.01,3.07,,-1.0582,11.0373,-19.3112
705806,環球晶統一73購01,2026-09-08,2.56,-0.25,-8.9,8000000,0,紅轉綠,否,,2.64,2.69,2.7,,-3.647,3.1418,-14.1697
705807,環球晶統一73購02,2026-09-08,2.1,-0.1,-4.55,20000000,0,綠縮,否,,2.11,2.17,2.34,,-5.2158,-0.0923,-13.217
705811,長佳智國票5A購01,2026-09-08,0.04,-0.01,-20.0,100000000,0,綠縮,否,,0.06,0.1,0.2,,-54.9296,-41.8079,-39.1304
705819,台星科永豐5C購01,2026-09-08,0.94,-0.29,-23.58,125000000,0,紅縮,是,,1.17,1.18,1.14,,-1.6863,2.7972,-1.6386
705823,前鼎永豐5C購01,2026-09-08,4.86,0.42,9.46,28000000,0,,否,,2.65,2.15,,,59.9034,12.4347,
705826,順達永豐61購01,2026-09-08,3.1,-0.33,-9.62,74000000,0,紅增,否,,3.38,3.09,3.8,,20.7709,-10.5552,-16.4615
705845,信驊元大5C購01,2026-09-08,14.5,0.2,1.4,4000000,0,,否,,12.35,9.8,9.51,,70.5801,30.4261,
705847,新應材元大61購02,2026-09-08,0.36,-0.03,-7.69,555000000,0,紅增,否,,0.37,0.41,0.54,,-16.1435,-10.4803,-25.8042
705856,印能統一73購01,2026-09-08,1.83,0.07,3.98,8000000,0,紅增,是,,1.78,1.95,1.92,,-15.894,0.206,-1.5128
705857,沛亨統一73購01,2026-09-08,1.17,0.07,6.36,58000000,0,紅增,是,,1.14,1.0,0.95,,31.9444,21.0145,-11.0539
705858,良維統一73購01,2026-09-08,0.49,-0.03,-5.77,4000000,0,紅縮,否,,0.49,0.45,0.43,,21.1823,16.6234,-5.837
705859,旺矽統一73購01,2026-09-08,3.46,0.26,8.12,36000000,0,綠縮,否,,3.11,3.34,3.41,,-12.6334,-3.6385,-8.5867
705860,順達統一73購01,2026-09-08,0.55,-0.04,-6.78,118000000,0,紅縮,否,,0.58,0.55,0.55,,10.3053,2.4164,-3.9336
705861,新應材統一73購01,2026-09-08,0.3,-0.01,-3.23,46000000,0,紅縮,否,,0.3,0.3,0.3,,2.027,-1.9672,-3.3654
705863,德微統一73購01,2026-09-08,1.49,-0.04,-2.61,52000000,0,紅增,否,,1.51,1.48,1.54,,3.7139,4.3693,-13.6096
705871,信驊凱基61購02,2026-09-08,7.4,0.1,1.37,17000000,0,紅增,否,,6.64,5.9,4.86,,28.483,29.1904,20.5011
705872,信驊凱基61購03,2026-09-08,9.85,0.35,3.68,19000000,0,,是,,8.95,7.81,,,33.982,38.5393,
705874,鈊象凱基61購02,2026-09-08,1.38,-0.07,-4.83,6000000,0,綠縮,否,,1.42,1.56,1.86,,-16.6471,-23.6701,-5.1145
705879,良維富邦5B購01,2026-09-08,0.62,-0.15,-19.48,2000000,0,紅縮,否,,0.7,0.52,0.51,,105.9172,42.8177,-23.477
705887,新應材群益5A購01,2026-09-08,0.02,-0.01,-33.33,5000000,0,,是,,0.13,0.28,,,-69.0141,-54.0362,
705895,世界凱基59購04,2026-09-08,1.28,-0.18,-12.33,10000000,0,,是,,2.23,2.48,,,-18.2418,,
705899,旺矽凱基5B購01,2026-09-08,8.0,1.45,22.14,5000000,0,綠縮,是,,7.79,8.7,10.78,,-18.8542,-23.4595,-7.5654
705902,聖暉*凱基59購03,2026-09-08,0.09,-0.21,-70.0,20000000,0,,是,,3.17,5.84,,,-62.7437,,
705911,均華群益59購01,2026-09-08,0.13,-0.38,-74.51,20000000,0,紅縮,否,,0.35,0.39,0.73,,-18.0556,-23.8372,-27.7257
705917,雙鴻群益63購01,2026-09-08,0.92,-0.2,-17.86,10000000,0,紅縮,否,,1.08,0.87,0.69,,66.2577,43.2343,27.5989
705923,弘塑永豐5B購02,2026-09-08,0.97,0.01,1.04,183000000,0,,是,,0.84,1.23,,,-48.2716,,
705924,匯鑽科永豐5A購01,2026-09-08,0.16,-0.08,-33.33,10000000,0,,是,,0.23,,,,,,
705926,新應材永豐5C購04,2026-09-08,0.09,0.0,0.0,10000000,0,紅增,否,,0.09,0.1,0.17,,-11.3208,-35.0649,-24.8908
705927,新應材永豐63購02,2026-09-08,0.21,0.0,0.0,19000000,0,紅增,否,,0.2,0.24,0.27,,-27.6596,-7.6046,-16.6667
705931,台半國票5A購01,2026-09-08,3.07,-0.62,-16.8,41000000,0,綠縮,是,,3.79,3.24,5.28,,40.4303,-4.508,-29.7633
705932,弘塑國票5A購01,2026-09-08,1.6,-0.01,-0.62,2000000,0,,是,,5.49,7.2,,,-38.3146,,
705933,宜鼎國票5C購01,2026-09-08,5.45,0.35,6.86,10000000,0,,是,,5.12,5.84,8.67,,-21.9207,-35.5298,
705935,胡連國票5A購01,2026-09-08,0.15,-0.02,-11.76,100000000,0,綠增,否,,0.22,0.32,0.35,,-44.8276,-23.3577,-16.7059
705942,聖暉*國票5A購02,2026-09-08,2.05,-0.35,-14.58,6000000,0,,是,,2.24,2.75,,,-31.5789,,
705943,德微國票5A購01,2026-09-08,2.77,-0.26,-8.58,2000000,0,,否,,4.64,7.19,,,-52.3819,,
705944,新應材富邦5C購02,2026-09-08,0.1,-0.02,-16.67,7000000,0,紅增,否,,0.12,0.14,0.23,,-27.5,-33.3333,-26.1637
705945,均豪統一73購01,2026-09-08,0.54,-0.03,-5.26,35000000,0,紅縮,否,,0.54,0.53,0.49,,3.4749,14.8148,-4.7013
705946,宏捷科統一63購01,2026-09-08,0.23,-0.02,-8.0,20000000,0,紅縮,否,,0.25,0.27,0.3,,-9.9291,-11.5512,-13.8929
705947,系微統一73購01,2026-09-08,0.69,0.14,25.45,31000000,0,紅增,否,,0.59,0.59,0.6,,0.6849,1.7361,-9.0357
705948,良維統一63購02,2026-09-08,0.78,-0.06,-7.14,1000000,0,紅增,是,,0.8,0.71,0.83,,31.3725,7.4355,-12.8728
705951,信紘科統一63購01,2026-09-08,0.31,-0.02,-6.06,121000000,0,綠縮,是,,0.28,0.28,0.36,,0.0,-18.4971,-14.133
705952,前鼎統一73購01,2026-09-08,1.79,0.08,4.68,2000000,0,,否,,1.55,1.37,,,31.1337,,
705953,鉅橡統一73購01,2026-09-08,0.41,-0.01,-2.38,1000000,0,,否,,0.43,0.53,0.66,,-31.3291,-24.5042,
705960,宜鼎元大59購04,2026-09-08,3.78,-0.04,-1.05,20000000,0,,否,,3.5,3.63,,,-6.6098,,
705962,旺矽元大59購07,2026-09-08,3.24,-0.01,-0.31,5000000,0,,否,,5.65,5.65,,,-0.0708,,
705969,新應材元大61購03,2026-09-08,0.12,0.0,0.0,870000000,0,紅縮,是,,0.15,0.2,0.27,,-35.8333,-23.6434,-20.3869
705982,旺矽元大59購09,2026-09-08,6.15,0.45,7.89,20000000,0,,,,,,,,,,
705983,旺矽元大59購10,2026-09-08,5.35,0.25,4.9,10000000,0,,否,,7.58,,,,,,
705986,世紀*國票5A購01,2026-09-08,13.0,2.9,28.71,419000000,0,紅增,否,,9.16,7.7,3.95,,46.6539,135.3498,128.4847
705989,雙鴻國票5A購02,2026-09-08,4.6,-2.2,-32.35,9000000,0,紅縮,否,,5.88,4.04,2.6,,167.4249,139.3598,48.4848
705991,弘塑國泰5A購01,2026-09-08,3.4,0.67,24.54,3000000,0,,是,,2.68,,,,,,
705992,均華國泰5A購01,2026-09-08,6.6,-0.85,-11.41,20000000,0,紅縮,是,,6.29,4.73,3.98,,98.799,59.8039,5.992
705997,旺矽群益5B購02,2026-09-08,10.6,1.3,13.98,1000000,0,,否,,12.47,,,,,,
706004,精材中信61購01,2026-09-08,4.94,0.18,3.78,6000000,0,,否,,4.16,3.55,,,41.6327,,
706006,穩得永豐5B購01,2026-09-08,0.77,-0.05,-6.1,20000000,0,紅縮,否,,0.87,0.93,0.84,,-12.0968,9.9057,-14.7733
706010,旺矽凱基5C購01,2026-09-08,5.45,0.76,16.2,10000000,0,,是,,5.25,6.25,,,-27.4309,,
706011,博智凱基5C購01,2026-09-08,4.29,-0.32,-6.94,62000000,0,,否,,4.24,3.84,4.2,,23.0412,15.5789,-12.7633
706015,緯軟國票5B購01,2026-09-08,0.17,-0.02,-10.53,21000000,0,綠增,否,,0.21,0.31,0.38,,-48.0583,-23.6585,-19.7699
706016,雙鴻國票5A購03,2026-09-08,1.3,-0.87,-40.09,11000000,0,紅縮,是,,1.93,1.34,1.31,,157.754,37.5128,0.2678
706018,弘塑永豐63購01,2026-09-08,2.56,0.38,17.43,2000000,0,,否,,2.81,4.03,,,-46.3564,,
706019,均華永豐5B購01,2026-09-08,9.35,1.1,13.33,5000000,0,紅增,否,,8.47,6.18,5.26,,118.0742,62.5099,-1.4513
706020,旺矽永豐61購01,2026-09-08,3.86,0.57,17.33,51000000,0,,是,,3.4,4.24,,,-33.3071,,
706021,鈊象永豐5A購01,2026-09-08,0.1,-0.2,-66.67,410000000,0,綠增,是,,0.68,1.02,1.3,,-50.2203,-27.1429,-18.9231
706028,台特化統一66購01,2026-09-08,0.23,-0.05,-17.86,10000000,0,紅縮,否,,0.25,0.26,0.29,,-6.0606,-5.5351,-12.9713
706031,均華統一63購03,2026-09-08,0.84,-0.15,-15.15,33000000,0,紅縮,否,,0.9,0.72,0.62,,67.2862,32.4125,14.4968
706032,均華統一73購01,2026-09-08,0.67,-0.08,-10.67,1000000,0,紅縮,否,,0.67,0.62,0.6,,19.573,15.7598,1.011
706036,新普統一63購01,2026-09-08,0.54,-0.04,-6.9,171000000,0,紅轉綠,是,,0.61,0.63,0.62,,-4.6584,-0.1587,-2.1293
706038,聖暉*統一61購01,2026-09-08,0.72,-0.08,-10.0,7000000,0,,是,,0.79,1.51,,,-64.69,-21.6033,
706040,鑫聯統一62購02,2026-09-08,0.18,-0.05,-21.74,340000000,0,綠縮,是,,0.22,0.29,0.38,,-37.9888,-21.4092,-35.865
706052,均華國泰5A購02,2026-09-08,2.47,-0.13,-5.0,58000000,0,,是,,1.93,1.49,1.65,,83.619,11.4521,-3.7824
706055,台特化元大63購01,2026-09-08,0.4,-0.02,-4.76,7000000,0,紅縮,否,,0.42,0.46,0.45,,-15.5378,-3.5417,-9.3401
706060,弘塑元大63購02,2026-09-08,3.71,0.21,6.0,185000000,0,紅增,是,,3.29,3.17,3.36,,7.9396,-1.8885,-12.0277
706064,宜鼎元大59購08,2026-09-08,1.33,-0.03,-2.21,137000000,0,紅轉綠,是,,1.81,2.3,2.1,,-35.0287,-0.5184,-16.04
706066,智通*元大59購02,2026-09-08,0.6,-0.36,-37.5,101000000,0,綠增,否,,0.95,0.92,1.63,,6.982,-43.2015,-11.3043
706071,雙鴻元大63購01,2026-09-08,1.27,-0.33,-20.62,12000000,0,,是,,1.51,1.37,1.22,,22.0421,24.4323,
706072,弘塑凱基5A購01,2026-09-08,1.4,0.4,40.0,62000000,0,綠縮,是,,1.08,1.91,3.66,,-60.6127,-43.495,-27.7696
706073,宜鼎凱基5A購04,2026-09-08,1.06,-0.2,-15.87,98000000,0,紅縮,是,,1.19,1.63,1.67,,-42.4301,-18.3408,-11.7663
706081,雙鴻中信63購01,2026-09-08,0.59,-0.13,-18.06,10000000,0,紅縮,否,,0.69,0.54,0.41,,81.1518,62.7273,23.6364
706087,旺矽永豐61購02,2026-09-08,3.16,0.56,21.54,24000000,0,綠縮,否,,2.65,3.9,4.2,,-48.6025,-13.755,-14.1601
706088,旺矽永豐64購01,2026-09-08,4.18,0.41,10.88,264000000,0,綠縮,是,,3.53,4.15,4.96,,-25.9228,-21.6538,-5.8505
706092,力致國泰5A購01,2026-09-08,0.35,-0.04,-10.26,103000000,0,綠縮,是,,0.39,0.43,0.78,,-14.3478,-40.1961,-26.6542
706094,均豪國泰5A購01,2026-09-08,1.01,-0.46,-31.29,40000000,0,紅縮,否,,1.19,1.04,1.45,,32.294,-8.5088,-7.1497
706097,弘塑富邦5C購01,2026-09-08,1.18,0.08,7.27,1166000000,0,,是,,1.02,1.01,,,1.1952,3.4836,
706098,宜鼎富邦5C購03,2026-09-08,1.11,-0.05,-4.31,88000000,0,紅縮,否,,1.27,1.35,1.25,,-11.8056,9.8055,-12.5218
706100,旺矽富邦63購01,2026-09-08,2.05,0.24,13.26,3000000,0,,否,,2.73,2.48,,,22.7314,,
706101,茂迪富邦63購01,2026-09-08,0.14,-0.01,-6.67,20000000,0,,是,,0.22,0.29,0.37,,-37.5,-28.8557,
706103,台特化元大63購02,2026-09-08,0.39,-0.03,-7.14,496000000,0,紅縮,否,,0.43,0.46,0.51,,-11.7886,2.2075,-15.8244
706108,宜鼎元大59購09,2026-09-08,0.25,-0.03,-10.71,40000000,0,綠增,否,,0.33,0.59,0.69,,-62.181,-31.0905,-21.8962
706115,雙鴻元大63購02,2026-09-08,1.01,-0.34,-25.19,12000000,0,紅縮,是,,1.17,0.79,0.68,,179.4258,95.3202,8.5944
706118,台星科國票61購01,2026-09-08,1.4,-0.22,-13.58,10000000,0,紅縮,否,,1.58,1.51,1.77,,8.8276,-2.4485,-9.6478
706120,良維國票5A購01,2026-09-08,0.84,-0.15,-15.15,112000000,0,紅增,否,,0.91,0.79,1.59,,33.5294,-15.442,-30.4253
706121,宜鼎國票5A購03,2026-09-08,1.01,-0.1,-9.01,147000000,0,紅縮,是,,1.09,1.4,1.35,,-35.8734,-9.5607,-8.0095
706122,旺矽國票5B購02,2026-09-08,4.87,1.07,28.16,18000000,0,,是,,4.3,4.92,,,-22.3945,,
706127,大綜統一66購01,2026-09-08,0.72,0.01,1.41,5000000,0,綠縮,否,,0.72,0.72,0.77,,-0.831,-9.5597,-4.125
706133,均豪統一66購01,2026-09-08,0.75,-0.03,-3.85,83000000,0,紅增,否,,0.74,0.65,0.71,,29.1228,0.9274,1.9971
706134,宜鼎統一63購02,2026-09-08,1.04,-0.07,-6.31,806000000,0,紅縮,是,,1.07,1.2,1.15,,-19.1265,-6.3183,-0.2596
706135,宜鼎統一63購03,2026-09-08,0.6,0.0,0.0,20000000,0,紅縮,否,,0.6,0.65,0.63,,-14.8571,-5.4015,-1.7871
706136,宜鼎統一66購02,2026-09-08,0.84,-0.03,-3.45,32000000,0,紅縮,否,,0.84,0.93,0.9,,-17.4168,-5.8527,-0.222
706137,宜鼎統一73購01,2026-09-08,0.69,-0.02,-2.82,875000000,0,紅縮,是,,0.7,0.75,0.73,,-12.2807,-4.2199,-1.8817
706142,雙鴻統一63購01,2026-09-08,0.9,-0.15,-14.29,10000000,0,,是,,1.01,0.71,0.61,,137.2641,67.8404,
706148,宜鼎群益59購05,2026-09-08,0.54,-0.14,-20.59,4237000000,0,綠增,是,,0.81,1.41,1.38,,-59.2593,-12.3988,-29.1165
706150,旺矽群益63購01,2026-09-08,4.0,0.41,11.42,1123000000,0,綠縮,否,,3.4,3.56,4.05,,-8.7446,-12.3863,-12.7088
706153,德微群益63購01,2026-09-08,2.41,-0.07,-2.82,310000000,0,紅增,是,,2.4,2.34,2.8,,4.7203,-0.5098,-20.9502
706154,雙鴻群益63購02,2026-09-08,0.62,-0.2,-24.39,22000000,0,紅縮,否,,0.7,0.5,0.39,,133.1126,70.5085,38.7211
706161,旺矽凱基63購01,2026-09-08,2.88,-0.07,-2.37,79000000,0,綠縮,是,,3.1,3.21,3.78,,-6.5178,-16.1611,-8.3959
706162,旺矽凱基63購02,2026-09-08,3.57,0.53,17.43,20000000,0,綠縮,是,,3.12,4.12,4.59,,-39.1644,-19.4406,-5.687
706163,東捷凱基63購01,2026-09-08,8.4,1.4,20.0,1000000,0,,是,,8.97,,,,,,
706168,雙鴻凱基63購01,2026-09-08,1.06,-0.41,-27.89,155000000,0,紅縮,否,,1.32,0.99,0.71,,101.5291,82.5926,31.2155
706170,良維群益5C購02,2026-09-08,1.7,-0.11,-6.08,47000000,0,紅增,是,,1.75,1.5,1.88,,38.7302,10.2639,-18.1976
706171,旺矽群益59購08,2026-09-08,2.7,1.02,60.71,1000000,0,綠縮,否,,1.99,3.1,3.91,,-52.8714,-17.0013,-18.5984
706173,精測群益5B購01,2026-09-08,0.11,0.0,0.0,140000000,0,紅增,否,,0.08,0.07,0.12,,18.1818,-17.2414,-37.1658
706174,雙鴻群益59購09,2026-09-08,1.03,-1.06,-50.72,10000000,0,,是,,1.19,1.23,,,-6.3191,-26.7185,
706177,旺矽國泰5A購02,2026-09-08,3.37,0.68,25.28,3000000,0,,是,,3.0,,,,,,
706178,弘塑富邦63購01,2026-09-08,1.02,0.07,7.37,1381000000,0,,是,,0.85,0.8,1.49,,15.4054,-45.5229,
706179,均華富邦5B購01,2026-09-08,1.1,-0.23,-17.29,185000000,0,紅縮,否,,1.16,0.91,0.76,,75.7576,37.4622,17.3913
706180,均華統一63購04,2026-09-08,0.73,-0.04,-5.19,30000000,0,紅增,否,,0.72,0.54,0.56,,99.4475,27.5294,3.1423
706181,良維統一63購03,2026-09-08,0.62,-0.12,-16.22,40000000,0,,是,,0.64,0.56,0.91,,28.7449,-26.2402,
706182,旺矽統一63購05,2026-09-08,1.6,0.22,15.94,23000000,0,綠縮,否,,1.43,1.58,1.75,,-18.1401,-7.7998,-13.856
706184,台特化元大63購03,2026-09-08,0.28,-0.02,-6.67,514000000,0,紅縮,否,,0.34,0.36,0.35,,-10.6383,10.2167,-17.4065
706185,均華元大5C購01,2026-09-08,0.76,0.01,1.33,76000000,0,紅縮,否,,0.72,0.65,0.54,,25.0871,40.7407,-6.1419
706190,宜鼎元大59購12,2026-09-08,0.43,-0.17,-28.33,85000000,0,綠縮,否,,0.56,0.82,1.15,,-48.0519,-26.083,-32.8771
706191,宜鼎元大59購13,2026-09-08,1.2,-0.08,-6.25,90000000,0,,是,,1.35,1.39,2.03,,-5.8577,-34.2776,
706194,旺矽元大59購14,2026-09-08,2.06,0.77,59.69,1000000,0,綠縮,否,,1.54,2.77,3.99,,-61.4693,-40.9585,-17.2961
706203,鑫聯元大63購01,2026-09-08,0.41,-0.09,-18.0,200000000,0,綠增,否,,0.53,0.59,0.67,,-19.1489,-14.0173,-7.41
706205,均華國票59購01,2026-09-08,1.32,-0.17,-11.41,82000000,0,紅增,否,,1.22,0.94,1.07,,85.1064,29.558,-5.4746
706206,均華國票5B購01,2026-09-08,1.35,-0.29,-17.68,482000000,0,紅縮,否,,1.46,1.12,0.97,,86.6667,40.6289,5.9146
706207,宜鼎國票65購01,2026-09-08,1.85,-0.07,-3.65,363000000,0,紅縮,否,,1.87,2.11,2.05,,-20.0512,-7.5811,-1.0379
706208,旺矽國票5C購01,2026-09-08,4.3,0.59,15.9,1015000000,0,綠縮,否,,3.48,3.79,4.75,,-15.3359,-23.2031,-16.6784
706209,旺矽國票67購01,2026-09-08,3.92,0.4,11.36,944000000,0,綠縮,否,,3.43,3.6,4.14,,-9.2642,-9.3813,-10.2944
706210,德微國票65購01,2026-09-08,3.38,-0.1,-2.87,22000000,0,紅增,否,,3.5,3.2,4.01,,20.5517,-6.1344,-8.379
706213,精測中信5B購01,2026-09-08,0.15,0.04,36.36,550000000,0,綠轉紅,是,,0.11,0.1,0.15,,16.6667,-3.7037,-22.7848
706214,宜鼎永豐5B購01,2026-09-08,0.85,-0.05,-5.56,5000000,0,紅縮,否,,0.88,1.09,1.09,,-31.7337,-13.3174,-5.2288
706215,旺矽永豐5C購01,2026-09-08,2.76,0.49,21.59,746000000,0,綠縮,是,,2.18,2.48,3.36,,-21.0983,-31.6022,-11.8595
706216,東捷永豐61購01,2026-09-08,8.3,1.55,22.96,70000000,0,,是,,5.36,5.57,,,-7.3946,,
706219,精測永豐61購01,2026-09-08,0.26,0.03,13.04,700000000,0,紅縮,否,,0.33,0.25,0.29,,87.5,11.9469,-9.0909
706223,弘塑元富5C購01,2026-09-08,2.12,0.26,13.98,182000000,0,綠轉紅,否,,1.7,1.69,2.49,,1.3095,-21.8938,-30.5699
706227,旺矽元富59購05,2026-09-08,1.98,0.38,23.75,1000000,0,綠縮,否,,1.71,2.38,2.78,,-43.9633,-17.8584,-20.8167
706228,旺矽元富59購06,2026-09-08,1.21,0.38,45.78,5000000,0,綠縮,否,,1.26,2.18,2.82,,-59.0408,-34.6651,-10.4703
706231,精測元富59購07,2026-09-08,0.04,-0.03,-42.86,105000000,0,,否,,0.15,0.37,0.49,,-74.9153,-40.5797,
706234,德微元富59購03,2026-09-08,0.37,-0.17,-31.48,1234000000,0,,否,,0.55,2.99,,,-89.8599,,
706240,元太兆豐63購01,2026-09-08,1.3,-0.07,-5.11,426000000,0,綠縮,否,,1.33,1.49,1.9,,-19.686,-23.8654,-16.8857
706243,M31凱基59購02,2026-09-08,0.01,0.0,0.0,150000000,0,,是,,0.09,0.19,0.51,,-68.7075,-63.9252,-44.4871
706244,M31凱基59購03,2026-09-08,0.1,-0.04,-28.57,200000000,0,,是,,0.32,0.68,,,-69.0385,,
706245,M31凱基5B購01,2026-09-08,0.21,0.07,50.0,536000000,0,紅增,是,,0.23,0.3,0.48,,-36.4641,-29.3556,-27.0722
706247,巨漢凱基59購02,2026-09-08,0.05,-0.02,-28.57,2000000,0,綠縮,否,,0.18,0.3,0.83,,-57.0048,-61.8557,-32.614
706248,弘塑凱基5A購02,2026-09-08,1.87,0.3,19.11,133000000,0,,是,,1.77,2.77,4.27,,-53.1034,-41.6807,
706249,宏捷科凱基5C購01,2026-09-08,0.12,-0.03,-20.0,30000000,0,紅增,否,,0.18,0.23,0.53,,-31.8519,-45.8234,-40.8506
706252,信驊凱基5B購02,2026-09-08,11.5,-0.3,-2.54,13000000,0,紅增,否,,9.9,7.96,7.07,,64.2336,21.5692,26.9521
706253,信驊凱基5C購01,2026-09-08,7.65,-0.45,-5.56,22000000,0,紅增,否,,6.97,5.83,4.88,,48.8044,36.1131,21.4161
706258,信驊中信59購01,2026-09-08,5.15,0.0,0.0,38000000,0,紅增,是,,4.62,3.67,3.05,,69.4282,37.5889,32.6229
706259,M31永豐5B購01,2026-09-08,0.34,0.09,36.0,815000000,0,紅增,是,,0.33,0.38,0.53,,-21.9626,-21.7659,-20.509
706260,M31永豐5C購01,2026-09-08,0.37,0.09,32.14,495000000,0,紅增,是,,0.31,0.33,0.38,,-13.4831,-13.089,-11.5875
706269,M31元富5A購01,2026-09-08,0.13,0.02,18.18,367000000,0,,是,,0.33,0.92,,,-78.1746,,
706274,良維群益5C購03,2026-09-08,1.7,-0.27,-13.71,29000000,0,,是,,1.74,1.41,1.62,,63.2959,14.8693,-23.0714
706275,信驊群益5B購05,2026-09-08,6.1,0.05,0.83,30000000,0,紅增,否,,5.41,4.56,4.24,,46.2703,11.2848,17.009
706276,聖暉*群益61購01,2026-09-08,1.58,-0.17,-9.71,11000000,0,,是,,1.56,,,,,,
706282,M31統一63購03,2026-09-08,0.34,0.06,21.43,28000000,0,紅增,否,,0.3,0.3,0.34,,-0.6579,-9.009,-7.1233
706283,M31富邦5B購01,2026-09-08,0.13,0.01,8.33,20000000,0,紅增,否,,0.13,0.16,0.2,,-29.4737,-14.7368,-20.1183
706285,信驊富邦5C購01,2026-09-08,6.2,-0.05,-0.8,38000000,0,紅增,否,,5.59,4.74,4.41,,43.5832,9.6349,19.2781
706287,雙鴻富邦5C購03,2026-09-08,0.77,-0.3,-28.04,30000000,0,紅縮,否,,0.97,0.73,0.51,,99.5902,92.876,46.7719
706288,M31國票5A購01,2026-09-08,0.07,0.04,133.33,14000000,0,,是,,0.08,0.24,1.08,,-79.5,-72.2989,
706291,均豪國票59購01,2026-09-08,0.6,-0.18,-23.08,102000000,0,,是,,0.68,1.4,1.88,,-68.0151,-25.7672,
706293,沛亨國票5A購02,2026-09-08,0.86,0.15,21.13,2310000000,0,紅增,是,,0.85,0.67,1.62,,73.7705,-40.6222,-30.7264
706296,環球晶國票59購01,2026-09-08,13.4,-0.8,-5.63,20000000,0,,是,,17.66,18.66,,,-10.1729,8.7413,
706313,雙鴻元大5C購04,2026-09-08,0.95,-0.28,-22.76,5000000,0,紅縮,否,,1.05,0.78,0.67,,103.5019,63.8655,12.9032
706319,印能凱基5B購01,2026-09-08,3.12,-1.02,-24.64,17000000,0,綠增,否,,3.34,3.91,4.37,,-25.6125,-19.2617,-3.9058
706322,亞泰凱基5A購01,2026-09-08,5.6,-0.25,-4.27,1000000,0,紅縮,否,,5.65,4.25,3.79,,97.8291,95.5402,18.7686
706324,聖暉*凱基5B購02,2026-09-08,1.87,-0.22,-10.53,95000000,0,,是,,1.9,2.06,3.6,,-14.0018,-40.4741,
706328,弘塑國票65購01,2026-09-08,2.2,0.22,11.11,84000000,0,紅增,是,,1.84,1.75,2.02,,10.7358,-3.7466,-14.8015
706331,亞泰國票5A購01,2026-09-08,3.02,-0.4,-11.7,29000000,0,紅縮,否,,3.67,3.16,2.33,,38.566,38.5188,28.7093
706332,華宏國票5A購01,2026-09-08,0.29,-0.08,-21.62,928000000,0,,是,,0.3,0.5,,,-57.5071,-46.8849,
706339,雙鴻元大5C購05,2026-09-08,0.94,-0.28,-22.95,8000000,0,紅縮,否,,1.1,0.79,0.6,,127.2727,81.2357,33.7823
706342,雙鴻國泰61購01,2026-09-08,1.8,-0.57,-24.05,9000000,0,紅縮,否,,1.82,1.34,1.03,,114.0845,65.7993,27.5093
706344,德微富邦5C購01,2026-09-08,0.71,-0.05,-6.58,96000000,0,,否,,0.73,0.71,1.19,,6.9971,-48.6252,-20.9667
706345,世界統一63購01,2026-09-08,1.1,-0.03,-2.65,130000000,0,綠縮,是,,1.07,1.09,1.33,,-2.5408,-7.7184,-12.2859
706347,印能統一63購01,2026-09-08,0.98,-0.02,-2.0,1000000,0,綠增,是,,1.0,1.29,1.33,,-37.2796,-11.6279,-6.753
706348,亞泰統一62購02,2026-09-08,2.25,-0.03,-1.32,9000000,0,紅縮,否,,2.31,2.02,1.49,,33.5648,42.6148,26.766
706351,弘塑永豐5C購03,2026-09-08,1.14,0.11,10.68,1092000000,0,紅增,是,,0.93,0.88,1.18,,10.9785,-12.0398,-26.6376
706354,雙鴻永豐61購02,2026-09-08,1.87,-0.12,-6.03,9000000,0,紅縮,否,,1.93,1.46,1.12,,94.9393,58.7146,38.806
706355,雙鴻永豐64購01,2026-09-08,1.63,-0.42,-20.49,140000000,0,紅縮,否,,1.85,1.36,1.07,,111.1872,60.5418,24.8393
706357,印能元富59購04,2026-09-08,2.98,-0.62,-17.22,10000000,0,,是,,3.14,3.93,4.36,,-33.5312,-15.6572,-12.8507
706359,亞泰元富59購03,2026-09-08,4.84,-0.71,-12.79,10000000,0,,是,,3.18,3.32,,,-8.0878,,
706371,良維凱基61購01,2026-09-08,1.27,-0.07,-5.22,232000000,0,紅增,是,,1.29,1.08,1.2,,47.9358,11.3285,-21.6911
706379,東捷永豐5A購01,2026-09-08,3.8,1.45,61.7,1000000,0,,是,,2.51,3.14,,,-33.2802,-44.9921,
706384,華宏元富59購01,2026-09-08,0.48,-0.07,-12.73,18000000,0,,否,,1.12,,,,,,
706392,雙鴻群益5B購04,2026-09-08,0.61,-0.2,-24.69,225000000,0,紅縮,是,,0.76,0.54,0.4,,145.8065,86.1111,32.562
706393,雙鴻群益5B購05,2026-09-08,1.07,-0.41,-27.7,15000000,0,紅縮,否,,1.04,0.76,0.67,,119.8312,55.6468,13.0691
706398,原相國票59購01,2026-09-08,0.04,-0.02,-33.33,70000000,0,,否,,0.15,0.45,1.08,,-80.2139,-62.4791,
706400,陽程國票59購02,2026-09-08,10.1,-0.4,-3.81,5000000,0,,是,,11.16,8.65,6.1,,81.759,83.4181,
706406,良維元大59購14,2026-09-08,0.97,-0.55,-36.18,10000000,0,,否,,2.55,3.18,,,-33.2111,,
706412,弘塑凱基5B購01,2026-09-08,0.73,0.17,30.36,56000000,0,,是,,0.49,1.56,3.07,,-81.4787,-55.3032,
706419,弘塑富邦61購01,2026-09-08,0.87,0.09,11.54,904000000,0,紅增,否,,0.71,0.68,0.88,,8.5366,-2.5641,-28.554
706421,宏捷科富邦5C購01,2026-09-08,0.12,-0.01,-7.69,117000000,0,紅縮,否,,0.14,0.16,0.21,,-18.1818,-21.9512,-25.3521
706423,智通*富邦5B購02,2026-09-08,0.74,0.0,0.0,646000000,0,綠縮,否,,0.75,0.72,0.94,,9.0379,-21.1221,-6.8554
706425,雙鴻富邦5C購04,2026-09-08,1.03,-0.35,-25.36,10000000,0,紅縮,否,,1.02,0.76,0.64,,103.5857,69.7105,14.5031
706427,弘塑元大59購07,2026-09-08,0.43,0.01,2.38,5000000,0,,否,,2.61,3.22,3.29,,-31.6423,-6.506,
706432,茂迪元大63購05,2026-09-08,0.14,-0.02,-12.5,65000000,0,綠縮,是,,0.16,0.2,0.28,,-31.9328,-23.0769,-30.0621
706441,弘塑群益5A購03,2026-09-08,1.26,0.17,15.6,368000000,0,,是,,1.03,1.11,1.97,,-13.4454,-30.0126,-24.7521
706442,印能群益5B購01,2026-09-08,2.22,-0.2,-8.26,25000000,0,綠縮,否,,2.21,2.64,3.04,,-28.1433,-22.5712,-3.7787
706452,中美晶永豐5C購01,2026-09-08,0.79,-0.05,-5.95,20000000,0,綠縮,否,,0.82,1.04,1.41,,-34.8653,-40.0805,-3.7517
706453,弘塑永豐63購02,2026-09-08,0.81,0.03,3.85,38000000,0,紅增,否,,0.74,0.73,0.92,,3.0556,-2.5333,-28.2271
706456,博智永豐5C購01,2026-09-08,2.24,-0.2,-8.2,50000000,0,紅縮,是,,2.56,2.46,2.34,,7.8481,21.151,-11.2756
706457,華宏永豐5A購01,2026-09-08,0.07,0.0,0.0,3000000,0,紅增,否,,0.06,0.06,0.13,,-3.3333,-42.7184,-32.4121
706468,華宏元富5B購01,2026-09-08,0.24,-0.12,-33.33,60000000,0,紅增,是,,0.25,0.2,0.41,,80.0,-27.6753,-30.1439
706472,中美晶凱基61購01,2026-09-08,4.88,-0.09,-1.81,20000000,0,綠增,否,,4.96,4.99,4.98,,-0.9976,-4.8464,9.6355
706474,沛亨凱基5B購01,2026-09-08,1.19,0.17,16.67,120000000,0,綠縮,是,,1.14,2.8,3.44,,-74.4395,-34.671,-12.6144
706479,博智凱基61購01,2026-09-08,1.66,-0.11,-6.21,13000000,0,紅縮,否,,1.86,1.78,1.56,,10.1655,15.7552,4.036
706484,臺慶科凱基5A購01,2026-09-08,2.09,-0.27,-11.44,10000000,0,紅增,否,,2.22,2.39,2.53,,-13.3698,-0.5002,-24.8997
706486,九豪國票59購02,2026-09-08,0.09,-0.04,-30.77,1000000,0,綠縮,否,,0.32,0.98,3.28,,-80.1956,-67.1031,-25.3362
706489,均豪國票5A購01,2026-09-08,0.31,-0.19,-38.0,125000000,0,,是,,0.41,0.66,0.96,,-54.5455,-29.4624,
706492,廣明兆豐63購01,2026-09-08,0.3,-0.02,-6.25,30000000,0,綠縮,否,,0.35,0.34,0.45,,7.3171,-15.212,-12.3529
706497,博智群益69購01,2026-09-08,0.73,-0.02,-2.67,52000000,0,,否,,0.77,0.7,0.79,,21.2025,-8.9844,
706503,世界富邦61購01,2026-09-08,0.8,-0.05,-5.88,803000000,0,紅增,否,,0.78,0.79,0.88,,-4.4335,-10.4848,-12.5933
706507,中美晶元大5C購02,2026-09-08,2.22,-0.17,-7.11,35000000,0,紅縮,是,,2.3,2.37,2.03,,-5.5875,7.6433,12.1095
706524,雙鴻中信63購02,2026-09-08,0.47,-0.12,-20.34,28000000,0,紅縮,否,,0.56,0.42,0.32,,101.4388,72.428,22.5806
706528,勤凱永豐5C購02,2026-09-08,1.16,0.0,0.0,9000000,0,,否,,1.12,1.22,,,-14.0673,,
706531,均豪國票59購02,2026-09-08,0.24,-0.17,-41.46,26000000,0,,是,,0.59,0.81,,,-42.8571,,
706544,博智凱基59購07,2026-09-08,0.2,-0.01,-4.76,50000000,0,紅縮,否,,0.26,0.26,0.29,,-2.2727,-3.69,-27.0237
706549,穩得凱基63購01,2026-09-08,0.93,-0.03,-3.12,10000000,0,,是,,1.03,1.03,1.27,,-0.5803,-12.1806,-14.5742
706550,鑫聯凱基61購01,2026-09-08,0.59,-0.11,-15.71,40000000,0,,是,,0.74,0.95,,,-35.4783,-34.5781,
706557,聖暉*永豐5B購01,2026-09-08,0.57,-0.03,-5.0,120000000,0,,否,,0.58,1.02,,,-59.6685,-41.3395,
706561,宜特國泰5A購01,2026-09-08,0.42,-0.04,-8.7,50000000,0,,是,,0.64,1.32,1.78,,-67.6707,-38.4687,-21.5622
706565,博智富邦61購01,2026-09-08,0.93,-0.03,-3.12,1000000,0,紅增,否,,0.86,0.83,0.8,,7.25,12.9428,-10.618
706567,精測富邦5B購01,2026-09-08,0.35,0.05,16.67,554000000,0,紅增,否,,0.32,0.25,0.2,,76.087,53.012,18.2081
706573,博智群益63購01,2026-09-08,3.18,-0.2,-5.92,15000000,0,紅縮,否,,3.43,3.21,2.95,,15.0033,15.9263,-0.1523
706579,精測群益63購01,2026-09-08,0.93,0.09,10.71,3739000000,0,紅增,是,,0.84,0.66,0.6,,72.1311,27.4472,5.9031
706580,雙鴻群益59購11,2026-09-08,1.48,0.27,22.31,4000000,0,紅增,是,,1.21,0.89,0.94,,109.7222,22.0246,-8.002
706588,博智元大63購02,2026-09-08,0.91,-0.03,-3.19,558000000,0,綠縮,是,,1.02,0.94,1.13,,17.0507,-13.2597,-8.031
706594,精測元大5C購03,2026-09-08,0.42,0.13,44.83,461000000,0,紅增,否,,0.31,0.27,0.26,,34.7826,12.5,-5.9567
706596,中美晶凱基5B購01,2026-09-08,2.74,-0.21,-7.12,5000000,0,,否,,2.91,4.06,3.49,,-44.2485,-2.5899,
706599,弘塑凱基59購07,2026-09-08,0.05,0.01,25.0,8000000,0,綠縮,否,,0.12,0.85,2.25,,-92.122,-68.2498,-21.8005
706611,元太國票5A購03,2026-09-08,0.32,-0.04,-11.11,96000000,0,,是,,0.48,0.71,1.25,,-48.8223,-48.8406,
706612,弘塑國票5C購01,2026-09-08,0.54,0.06,12.5,91000000,0,紅增,是,,0.43,0.43,0.6,,0.4651,-9.0717,-26.853
706613,弘塑國票63購01,2026-09-08,1.15,0.07,6.48,318000000,0,綠轉紅,是,,1.08,1.06,1.51,,4.2471,-25.5454,-23.0357
706617,美琪瑪國票5A購01,2026-09-08,0.15,-0.01,-6.25,500000000,0,綠縮,是,,0.23,0.36,0.8,,-50.8403,-58.0378,-33.6934
706619,常珵國票59購01,2026-09-08,0.02,0.0,0.0,10000000,0,綠縮,否,,0.06,0.11,0.28,,-60.7595,-56.0,-31.7224
706622,鈊象國票5A購02,2026-09-08,0.24,-0.02,-7.69,325000000,0,綠縮,否,,0.26,0.42,0.54,,-56.2712,-33.438,-22.2783
706623,萬泰科國票5A購03,2026-09-08,0.85,-0.07,-7.61,70000000,0,,是,,1.65,2.63,3.22,,-54.2936,-30.0346,-20.4223
706625,譜瑞國票5A購01,2026-09-08,0.44,-0.21,-32.31,371000000,0,紅縮,否,,0.63,0.75,1.13,,-27.5229,-33.9772,-23.8575
706627,台特化元大59購07,2026-09-08,0.02,-0.1,-83.33,85000000,0,綠增,否,,0.29,0.46,0.59,,-53.8217,-28.0564,-20.604
706631,弘塑元大59購08,2026-09-08,0.97,0.18,22.78,10000000,0,,是,,0.77,0.91,,,-27.2727,,
706633,弘塑元大59購10,2026-09-08,0.31,0.07,29.17,1000000,0,綠縮,否,,0.33,0.57,1.39,,-59.9509,-59.0223,-23.7297
706636,弘塑元大59購13,2026-09-08,0.1,0.05,100.0,115000000,0,綠縮,是,,0.16,0.5,1.18,,-80.4762,-59.9681,-24.0592
706647,弘塑群益5B購02,2026-09-08,0.53,0.06,12.77,76000000,0,綠縮,是,,0.42,0.5,0.98,,-27.0833,-45.3947,-36.5854
706653,弘塑國泰5A購03,2026-09-08,0.81,0.04,5.19,109000000,0,,是,,0.75,1.35,,,-62.0163,,
706654,弘塑國泰5A購04,2026-09-08,0.66,0.11,20.0,20000000,0,,是,,0.8,1.37,1.96,,-58.2988,-42.1432,
706659,弘塑富邦61購02,2026-09-08,0.66,0.06,10.0,1437000000,0,紅增,是,,0.54,0.51,0.67,,13.0802,-8.6799,-23.0415
706660,均豪富邦61購01,2026-09-08,0.52,-0.15,-22.39,896000000,0,紅縮,是,,0.55,0.51,0.45,,19.4805,25.495,-1.3289
706662,沛亨富邦61購01,2026-09-08,0.74,0.08,12.12,335000000,0,紅增,否,,0.71,0.6,0.61,,45.3061,28.6938,-26.6507
706663,華電網富邦5C購01,2026-09-08,0.06,-0.01,-14.29,15000000,0,紅增,是,,0.06,0.07,0.12,,-11.1111,-24.4444,-30.7463
706664,系微永豐5C購02,2026-09-08,0.54,0.31,134.78,10000000,0,紅增,否,,0.31,0.31,0.38,,-1.2739,-8.5044,-24.7505
706673,弘塑元富5C購02,2026-09-08,1.05,0.12,12.9,281000000,0,紅增,是,,0.84,0.8,1.16,,11.3456,-8.8737,-28.408
706674,華義元富5A購01,2026-09-08,0.57,-0.37,-39.36,30000000,0,,否,,0.86,1.54,,,-61.3309,,
706678,雙鴻兆豐5B購03,2026-09-08,1.56,-0.13,-7.69,6000000,0,,否,,1.43,0.96,0.87,,194.6502,56.1889,11.9614
706687,台特化凱基63購01,2026-09-08,0.43,0.01,2.38,1000000,0,綠增,是,,0.51,0.58,0.74,,-22.561,-23.9216,-18.5612
706693,家登凱基5C購02,2026-09-08,3.74,-0.04,-1.06,113000000,0,,是,,3.65,3.77,4.0,,-6.1214,-6.5923,-7.3933
706699,立碁元富59購01,2026-09-08,1.2,-0.55,-31.43,4000000,0,紅縮,否,,1.69,1.46,1.13,,39.3092,33.6088,12.1016
706700,立碁元富59購02,2026-09-08,0.71,-0.12,-14.46,36000000,0,,否,,0.88,0.76,0.68,,36.0248,21.9904,2.4981
706701,立碁元富59購03,2026-09-08,0.2,-0.17,-45.95,359000000,0,,否,,0.4,0.39,,,9.2391,12.2449,
706704,聖暉*中信59購01,2026-09-08,0.36,-0.05,-12.2,14000000,0,綠縮,否,,0.44,0.77,1.45,,-59.854,-39.0476,-27.4794
706705,立碁國票5A購01,2026-09-08,0.86,-0.14,-14.0,21000000,0,,否,,1.03,0.86,0.68,,48.9855,45.5932,
706708,閎康國票61購01,2026-09-08,0.9,-0.05,-5.26,70000000,0,紅縮,否,,1.01,1.04,1.12,,-7.024,-5.1771,-16.1616
706710,良維統一62購02,2026-09-08,0.78,-0.05,-6.02,20000000,0,紅縮,否,,0.78,0.66,0.6,,41.9708,28.7379,-7.2909
706711,宜特統一62購02,2026-09-08,0.43,-0.01,-2.27,80000000,0,紅增,否,,0.45,0.45,0.49,,1.8018,-1.9694,-12.9433
706712,信紘科統一63購02,2026-09-08,0.47,-0.03,-6.0,65000000,0,綠轉紅,否,,0.4,0.39,0.49,,7.4866,-12.6126,-14.0122
706713,前鼎統一63購01,2026-09-08,2.9,0.42,16.94,1000000,0,,否,,1.89,1.62,1.67,,40.1189,38.8316,
706714,閎康統一63購01,2026-09-08,0.32,0.0,0.0,10000000,0,紅縮,否,,0.34,0.36,0.38,,-7.027,-10.0756,-13.2353
706717,世紀*元大59購01,2026-09-08,11.1,1.8,19.35,5000000,0,紅增,否,,9.09,6.06,3.34,,200.9934,252.0349,154.7674
706721,立碁元大59購01,2026-09-08,0.32,-0.16,-33.33,50000000,0,,否,,0.57,0.52,0.61,,23.7069,34.456,
706727,宜特元大5C購01,2026-09-08,0.91,-0.05,-5.21,20000000,0,綠縮,是,,1.01,1.17,1.52,,-24.2879,-19.1724,-15.8244
706734,雷科元大59購01,2026-09-08,12.8,1.9,17.43,5000000,0,,否,,9.93,15.46,17.09,,-52.7143,-23.0214,
706736,譜瑞元大59購03,2026-09-08,6.9,0.0,0.0,1000000,0,綠縮,否,,6.82,6.88,6.89,,-1.8705,-0.9353,3.9201
706749,雙鴻凱基61購01,2026-09-08,1.7,-0.4,-19.05,1000000,0,紅縮,否,,1.94,1.45,1.06,,103.3543,73.0861,31.0961
706751,聖暉*兆豐5B購02,2026-09-08,0.61,-0.04,-6.15,135000000,0,綠縮,是,,0.64,0.74,1.31,,-24.5863,-38.0117,-18.2271
706754,世紀*國票5A購02,2026-09-08,9.75,2.3,30.87,237000000,0,紅增,否,,7.07,5.8,2.99,,56.2086,147.6719,122.5902
706760,順達國票5B購01,2026-09-08,0.73,-0.16,-17.98,146000000,0,紅縮,是,,0.87,0.81,0.94,,16.622,-4.717,-20.643
706761,聖暉*國票5A購04,2026-09-08,0.42,-0.1,-19.23,50000000,0,綠縮,否,,0.48,0.66,1.73,,-43.0622,-50.7508,-41.3776
706774,順達元大59購03,2026-09-08,0.23,-0.18,-43.9,2000000,0,綠增,否,,1.55,1.77,2.03,,-22.4674,-14.8629,-10.2802
706779,精材元大59購02,2026-09-08,11.3,0.3,2.73,4000000,0,,是,,9.17,6.44,,,146.5054,,
706784,聖暉*國泰5A購01,2026-09-08,0.85,-0.06,-6.59,2000000,0,,否,,0.82,0.9,,,-16.4634,,
706785,聖暉*國泰5A購02,2026-09-08,0.54,-0.05,-8.47,153000000,0,綠縮,是,,0.53,1.23,2.49,,-72.7743,-59.784,-17.5505
706790,順達群益5B購02,2026-09-08,1.16,-0.05,-4.13,1000000,0,紅增,否,,1.22,1.3,1.54,,-10.8029,-8.9248,-12.8401
706793,元太富邦5B購02,2026-09-08,0.43,-0.02,-4.44,306000000,0,,是,,0.55,0.66,,,-28.9406,,
706794,宜特富邦5B購01,2026-09-08,0.1,-0.02,-16.67,440000000,0,,是,,0.4,,,,,,
706796,鈊象富邦5B購02,2026-09-08,0.76,-0.05,-6.17,50000000,0,綠增,是,,0.81,1.08,1.15,,-39.9705,-16.4099,-14.4295
706800,立碁統一66購01,2026-09-08,0.62,-0.04,-6.06,137000000,0,,否,,0.66,,,,,,
706803,聖暉*統一65購01,2026-09-08,0.65,-0.06,-8.45,242000000,0,綠縮,是,,0.64,0.67,0.97,,-7.2464,-22.8538,-23.0891
706804,雙鴻統一66購01,2026-09-08,0.63,-0.13,-17.11,109000000,0,紅縮,否,,0.75,0.58,0.45,,79.3269,54.1114,23.3607
706808,聖暉*永豐5B購02,2026-09-08,0.47,-0.06,-11.32,10000000,0,綠縮,否,,0.56,0.77,1.59,,-43.2927,-40.7834,-26.4842
706814,聖暉*元富59購03,2026-09-08,1.28,-0.26,-16.88,51000000,0,,是,,1.63,2.68,,,-56.2836,,
706819,台特化凱基59購06,2026-09-08,0.12,-0.01,-7.69,5000000,0,綠縮,是,,0.23,0.4,0.75,,-59.2982,-50.5549,-31.0488
706843,鈊象元大5C購04,2026-09-08,0.42,0.0,0.0,4000000,0,綠縮,否,,0.42,0.56,0.61,,-40.9605,-20.7042,-12.7312
706845,萬泰科元大63購01,2026-09-08,0.85,-0.03,-3.41,23000000,0,,是,,0.95,1.03,1.33,,-13.9241,-23.7213,
706846,雙鴻元大59購28,2026-09-08,1.02,-0.48,-32.0,18000000,0,紅增,否,,0.86,0.67,0.6,,82.9787,47.1239,8.8262
706850,東捷永豐5C購01,2026-09-08,3.82,0.94,32.64,9000000,0,,是,,2.78,2.54,3.38,,21.3601,-7.4708,
706852,鈊象永豐5B購01,2026-09-08,0.27,-0.01,-3.57,210000000,0,綠縮,否,,0.28,0.35,0.46,,-33.9623,-33.71,-10.8632
706855,宜特元富59購01,2026-09-08,0.42,-0.05,-10.64,156000000,0,,是,,0.53,1.18,,,-71.1643,,
706856,宜特元富5C購01,2026-09-08,0.75,-0.07,-8.54,2000000,0,綠縮,否,,0.82,0.93,1.54,,-21.3873,-34.993,-21.4794
706857,匯鑽科元富5A購01,2026-09-08,0.34,-0.11,-24.44,554000000,0,,是,,0.38,0.39,,,-5.9113,-20.5645,
706860,廣運元富5C購01,2026-09-08,0.58,-0.04,-6.45,6000000,0,紅縮,否,,0.74,0.68,1.02,,17.1429,-19.7183,-20.3529
706863,中美晶群益62購01,2026-09-08,2.55,0.04,1.59,5000000,0,綠增,否,,2.59,3.9,3.5,,-50.2497,-11.2073,-0.3414
706865,東捷群益62購01,2026-09-08,6.8,1.8,36.0,1000000,0,,是,,5.5,4.79,,,34.3765,10.6162,
706866,東捷群益63購02,2026-09-08,5.3,0.85,19.1,6000000,0,紅增,否,,4.03,3.55,3.8,,30.8642,14.4652,-21.2241
706870,鈊象群益59購03,2026-09-08,0.01,0.0,0.0,18000000,0,,是,,0.09,0.22,0.33,,-72.9885,-37.5706,
706871,鈊象群益5B購01,2026-09-08,0.12,-0.01,-7.69,300000000,0,綠縮,是,,0.14,0.22,0.3,,-54.5455,-38.292,-20.3704
706872,聖暉*群益5C購01,2026-09-08,1.03,-0.15,-12.71,18000000,0,綠縮,否,,1.06,1.18,1.96,,-17.9567,-28.6841,-18.6943
706875,鑫科群益5B購01,2026-09-08,0.21,-0.18,-46.15,10000000,0,綠增,否,,0.47,0.63,0.94,,-41.1616,-39.0504,-15.2291
706877,美琪瑪國票5A購02,2026-09-08,0.17,-0.02,-10.53,5000000,0,,否,,0.45,0.97,1.41,,-70.3063,-44.1193,
706881,世紀*元大59購02,2026-09-08,8.1,1.7,26.56,17000000,0,紅增,否,,6.38,3.88,2.19,,365.9854,309.8309,215.562
706892,鈊象元大63購05,2026-09-08,1.06,-0.04,-3.64,282000000,0,綠縮,否,,1.08,1.22,1.34,,-20.2065,-17.2999,-5.2445
706895,均豪國泰5B購01,2026-09-08,1.35,-0.27,-16.67,32000000,0,,是,,1.25,1.25,1.35,,-0.7962,-10.1293,-12.3701
706901,聖暉*凱基5B購03,2026-09-08,0.72,-0.16,-18.18,80000000,0,,是,,0.8,1.57,,,-65.8703,-57.8552,
706905,宣德國票5B購01,2026-09-08,0.04,-0.01,-20.0,813000000,0,綠縮,否,,0.06,0.1,0.18,,-55.0725,-37.5,-38.1533
706910,元太元富63購01,2026-09-08,1.92,-0.1,-4.95,3000000,0,,是,,2.19,2.91,,,-39.6808,,
706914,鈊象中信63購01,2026-09-08,0.15,0.0,0.0,69000000,0,綠增,否,,0.18,0.23,0.25,,-32.5926,-6.6116,-11.1712
706915,中光電永豐5B購01,2026-09-08,0.37,-0.15,-28.85,50000000,0,綠增,否,,1.09,1.26,1.76,,-23.6364,-24.6714,-7.8996
706919,雙鴻永豐5C購02,2026-09-08,1.66,-0.35,-17.41,2000000,0,紅縮,否,,1.77,1.37,1.01,,81.3525,73.3586,37.2203
706920,久元永豐5A購01,2026-09-08,0.41,-0.04,-8.89,200000000,0,,是,,0.65,1.54,2.82,,-73.3114,-51.252,-38.2321
706924,勤凱永豐61購01,2026-09-08,0.77,-0.02,-2.53,150000000,0,紅增,否,,0.78,0.76,0.74,,4.0214,13.244,-21.9461
706925,匯鑽科永豐61購01,2026-09-08,0.61,-0.14,-18.67,187000000,0,紅縮,否,,0.76,0.54,0.51,,140.5063,54.5977,0.8858
706930,良維凱基5A購03,2026-09-08,1.32,-0.32,-19.51,5000000,0,,否,,1.35,1.52,2.84,,-20.355,-47.9959,-20.4196
706936,盈正國票5B購01,2026-09-08,0.19,-0.02,-9.52,510000000,0,綠增,是,,0.27,0.38,0.51,,-44.0329,-34.6552,-15.099
706939,久元國泰5B購01,2026-09-08,0.8,-0.07,-8.05,20000000,0,,否,,0.86,1.16,1.79,,-41.2807,-37.061,
706948,印能元大64購01,2026-09-08,2.3,0.01,0.44,426000000,0,綠縮,是,,2.22,2.28,2.57,,-5.617,-14.6806,1.9029
706949,良維元大61購01,2026-09-08,3.0,0.05,1.69,7000000,0,,是,,2.87,2.55,2.34,,28.9308,23.0918,
706953,鈊象元大64購02,2026-09-08,0.55,-0.03,-5.17,12000000,0,綠縮,否,,0.57,0.74,0.77,,-37.1681,-13.5135,-12.3068
706958,世紀*群益5A購01,2026-09-08,4.26,1.08,33.96,11000000,0,,否,,3.57,2.27,1.19,,270.332,339.3411,
706963,匯鑽科群益5C購01,2026-09-08,0.58,-0.16,-21.62,213000000,0,,否,,0.68,0.49,0.57,,125.3333,16.7464,
706967,世紀*凱基5A購01,2026-09-08,8.45,1.7,25.19,72000000,0,紅增,是,,6.39,5.29,2.74,,52.3605,143.1985,119.711
706968,印能凱基64購01,2026-09-08,1.87,-0.01,-0.53,627000000,0,綠縮,是,,1.85,2.18,2.41,,-26.0592,-18.5933,-5.0128
706970,鈊象凱基64購01,2026-09-08,0.9,-0.02,-2.17,49000000,0,綠縮,否,,0.98,1.22,1.41,,-32.7846,-12.9907,-13.8047
706971,雙鴻凱基5A購05,2026-09-08,2.32,-1.17,-33.52,41000000,0,紅縮,否,,2.42,1.57,1.1,,235.5556,142.3493,30.9809
706973,宏碩國票5C購01,2026-09-08,0.16,-0.01,-5.88,998000000,0,紅縮,是,,0.18,0.16,0.17,,32.3529,28.4553,-27.9661
706975,高僑國票61購01,2026-09-08,0.78,-0.09,-10.34,1000000,0,綠縮,否,,0.9,0.99,1.64,,-15.8287,-35.3595,-17.9404
706976,新門國票61購01,2026-09-08,0.56,-0.06,-9.68,544000000,0,紅增,否,,0.52,0.47,0.52,,23.1132,23.1771,-10.7993
706977,耀勝國票61購01,2026-09-08,0.03,-0.01,-25.0,30000000,0,綠轉紅,否,,0.06,0.07,0.22,,-33.3333,-53.125,-39.6671
706979,穩得國泰5B購01,2026-09-08,1.04,-0.2,-16.13,25000000,0,紅縮,否,,1.25,1.38,1.29,,-16.7776,17.1064,-13.8611
706980,神盾統一64購01,2026-09-08,0.41,0.0,0.0,358000000,0,紅增,否,,0.42,0.43,0.46,,-6.6964,-3.7778,-13.9383
706981,神盾統一64購02,2026-09-08,0.4,-0.01,-2.44,75000000,0,紅增,否,,0.41,0.42,0.44,,-3.3019,-0.4773,-14.743
706982,印能永豐64購01,2026-09-08,2.48,-0.02,-0.8,81000000,0,綠轉紅,否,,2.38,2.41,2.91,,-1.8122,-18.7162,-5.0033
706985,原相永豐5B購02,2026-09-08,0.68,-0.1,-12.82,146000000,0,綠增,是,,0.85,1.17,1.52,,-42.4528,-17.3267,-19.9737
706991,世紀*元大5A購01,2026-09-08,3.42,0.82,31.54,38000000,0,紅增,否,,2.39,2.16,1.15,,23.5537,111.122,93.4343
706995,匯鑽科元大5A購03,2026-09-08,0.34,-0.22,-39.29,232000000,0,,是,,0.46,0.52,0.56,,-19.9301,-1.5296,
706997,加百裕群益5A購01,2026-09-08,0.02,-0.05,-71.43,10000000,0,,否,,0.2,0.51,1.01,,-75.2427,-52.186,
706999,均豪群益62購01,2026-09-08,0.68,-0.07,-9.33,650000000,0,,是,,0.66,0.66,0.8,,-1.1976,-3.207,
707003,群翊群益5B購01,2026-09-08,1.54,0.06,4.05,4000000,0,,是,,1.63,1.73,,,-11.0503,,
707004,雙鴻群益5A購05,2026-09-08,6.95,-2.25,-24.46,13000000,0,紅縮,否,,8.3,5.24,3.99,,281.7847,153.485,30.5601
707006,台嘉碩元大5A購01,2026-09-08,0.58,-0.21,-26.58,1000000,0,紅縮,否,,0.71,0.74,0.9,,-7.5325,-7.606,-28.2583
707007,印能元大5A購02,2026-09-08,0.72,-0.23,-24.21,10000000,0,,否,,1.32,1.88,,,-45.8573,,
707011,印能元大5B購01,2026-09-08,1.51,-0.05,-3.21,94000000,0,綠縮,否,,1.51,1.65,2.23,,-15.2466,-29.5124,-7.2515
707012,印能元大5C購02,2026-09-08,1.05,-0.04,-3.67,145000000,0,綠縮,否,,1.01,1.09,1.56,,-13.5043,-28.6928,-11.4601
707017,宏捷科元大5C購03,2026-09-08,0.36,-0.03,-7.69,80000000,0,,是,,0.46,0.47,0.81,,-3.3755,-34.5506,-30.8705
707024,廣閎科元大5A購01,2026-09-08,3.19,-0.03,-0.93,10000000,0,綠縮,是,,2.85,4.4,4.88,,-52.1681,-32.7111,0.2154
707028,印能凱基5A購03,2026-09-08,0.49,-0.28,-36.36,20000000,0,綠增,否,,0.62,1.23,1.51,,-65.976,-37.5191,-21.3895
707040,千如國票5B購01,2026-09-08,1.01,-0.37,-26.81,44000000,0,綠轉紅,是,,1.15,1.18,1.88,,-5.1325,-6.9565,-36.3206
707041,台嘉碩國票5A購01,2026-09-08,0.62,-0.21,-25.3,42000000,0,紅縮,否,,0.75,0.85,0.96,,-20.0,-9.0323,-26.3703
707042,印能國票5B購01,2026-09-08,0.69,0.01,1.47,66000000,0,綠縮,否,,0.64,0.69,1.03,,-12.5341,-34.6629,-9.7668
707043,沛亨國票5B購01,2026-09-08,0.82,0.18,28.13,875000000,0,紅增,是,,0.75,0.63,1.22,,45.1362,-30.9967,-22.247
707044,威聯通國票5B購01,2026-09-08,0.09,-0.01,-10.0,71000000,0,紅轉綠,否,,0.19,0.21,0.29,,-17.6991,-27.2085,-20.6086
707045,茂綸國票5B購01,2026-09-08,0.54,0.0,0.0,308000000,0,綠增,是,,0.61,0.65,0.72,,-11.8156,-16.8153,-14.1155
707046,博盛國票5B購01,2026-09-08,0.88,-0.15,-14.56,27000000,0,紅縮,是,,1.02,0.93,1.08,,21.1401,5.079,-30.8946
707047,衛司特國票5B購01,2026-09-08,0.23,-0.05,-17.86,100000000,0,,是,,0.48,0.69,,,-47.2284,-28.3784,
707050,印能永豐5A購02,2026-09-08,0.46,0.03,6.98,50000000,0,綠縮,是,,0.46,0.96,1.12,,-68.4499,-34.4049,-15.5522
707051,印能永豐61購01,2026-09-08,1.37,-0.21,-13.29,139000000,0,綠縮,否,,1.37,1.5,2.06,,-16.0343,-33.2593,-5.9442
707056,宜特永豐5B購01,2026-09-08,0.69,-0.05,-6.76,62000000,0,,是,,0.76,0.85,1.34,,-17.8495,-35.2446,
707057,威聯通永豐5A購01,2026-09-08,0.08,-0.03,-27.27,20000000,0,紅縮,否,,0.18,0.25,0.32,,-40.6452,-20.3226,-23.6905
707058,晟德永豐5B購01,2026-09-08,0.16,0.0,0.0,105000000,0,綠增,否,,0.31,0.44,0.66,,-46.1806,-36.533,-22.1958
707060,智通*永豐5C購01,2026-09-08,1.39,0.01,0.72,70000000,0,綠縮,是,,1.13,1.79,1.86,,-53.7582,-20.5856,-5.1623
707061,鈺太永豐5C購01,2026-09-08,0.17,-0.03,-15.0,301000000,0,,否,,0.21,0.45,,,-70.0581,,
707063,台嘉碩國泰5B購01,2026-09-08,2.93,-0.01,-0.34,10000000,0,紅增,否,,2.88,2.81,2.71,,5.1058,10.2745,-11.3491
707066,元太富邦5C購01,2026-09-08,0.7,-0.08,-10.26,248000000,0,,是,,0.89,1.36,,,-50.7709,-32.0802,
707067,雙鴻富邦5C購05,2026-09-08,2.58,-0.1,-3.73,1000000,0,紅增,否,,2.26,1.65,1.25,,116.8906,75.0795,29.622
707069,台燿統一67購01,2026-09-08,2.61,0.11,4.4,10000000,0,,否,,3.87,3.72,,,8.3473,,
707071,立碁統一67購01,2026-09-08,0.77,-0.04,-4.94,300000000,0,,是,,0.81,0.7,,,36.5772,24.7788,
707072,立碁統一74購01,2026-09-08,0.8,-0.02,-2.44,97000000,0,,是,,0.82,0.77,0.68,,13.8889,15.6156,12.6446
707073,印能統一63購02,2026-09-08,0.96,0.03,3.23,9000000,0,綠轉紅,否,,0.88,0.86,0.97,,3.7825,-11.3169,1.5239
707074,印能統一74購01,2026-09-08,1.52,-0.03,-1.94,30000000,0,綠縮,是,,1.48,1.51,1.71,,-3.5202,-14.1311,-2.3422
707075,沛亨統一74購01,2026-09-08,0.78,0.06,8.33,220000000,0,紅增,是,,0.75,0.67,0.64,,24.6667,17.8322,-7.0648
707077,東捷統一63購01,2026-09-08,2.74,0.54,24.55,21000000,0,,是,,1.91,2.41,,,-34.589,-22.4968,
707078,能率統一67購01,2026-09-08,0.68,-0.04,-5.56,5000000,0,綠增,否,,0.74,0.79,0.76,,-11.4558,4.9137,-8.3333
707080,華電網統一74購01,2026-09-08,0.34,0.0,0.0,100000000,0,紅增,是,,0.35,0.33,0.38,,14.9351,-5.4286,-8.7321
707082,順達統一63購03,2026-09-08,0.57,-0.05,-8.06,19000000,0,紅縮,否,,0.63,0.59,0.59,,12.9496,3.1359,-8.0218
707087,廣閎科統一74購01,2026-09-08,1.08,0.0,0.0,570000000,0,綠轉紅,是,,1.07,1.06,1.05,,2.682,8.18,-11.289
707090,雙鴻統一66購02,2026-09-08,0.97,-0.17,-14.91,88000000,0,紅縮,否,,1.09,0.88,0.69,,60.0,44.2088,21.5789
707097,茂綸群益5A購01,2026-09-08,1.08,0.01,0.93,40000000,0,,是,,1.47,1.83,,,-32.5688,,
707098,倚強群益5A購01,2026-09-08,1.39,-0.33,-19.19,101000000,0,紅增,是,,1.2,0.88,0.94,,113.1206,18.2062,2.3395
707103,中光電兆豐64購01,2026-09-08,1.1,-0.22,-16.67,10000000,0,綠增,否,,1.69,1.9,2.12,,-19.8669,-7.1078,-3.1764
707115,矽科凱基5A購01,2026-09-08,0.23,-0.02,-8.0,50000000,0,,是,,1.02,1.9,,,-63.1844,,
707120,友輝國票5A購01,2026-09-08,0.06,-0.02,-25.0,5000000,0,綠增,否,,0.33,0.76,1.08,,-72.0067,-38.1922,-26.5806
707123,耕興國票5B購01,2026-09-08,0.17,0.0,0.0,100000000,0,綠縮,否,,0.22,0.31,0.43,,-42.5641,-36.0417,-17.0356
707128,元太國泰5B購01,2026-09-08,0.99,0.02,2.06,2000000,0,,否,,1.13,1.39,2.32,,-31.8841,-38.6514,
707133,正淩統一63購01,2026-09-08,0.48,-0.05,-9.43,50000000,0,紅增,否,,0.47,0.42,0.43,,25.5319,13.6729,-11.951
707137,翔名統一74購01,2026-09-08,0.82,-0.01,-1.2,36000000,0,綠增,是,,0.92,1.06,1.14,,-23.1667,-12.2415,-3.1556
707141,群翊統一63購01,2026-09-08,0.53,0.03,6.0,103000000,0,紅縮,否,,0.54,0.53,0.54,,3.8462,-1.487,-4.0672
707144,頎邦統一67購01,2026-09-08,1.78,0.03,1.71,10000000,0,紅增,否,,1.74,1.54,1.56,,29.8507,24.6964,-8.7262
707146,均豪永豐5A購01,2026-09-08,1.61,-0.43,-21.08,98000000,0,,否,,1.7,1.63,,,8.9514,,
707147,宏捷科永豐5C購01,2026-09-08,0.39,-0.05,-11.36,10000000,0,,是,,0.45,0.51,0.76,,-19.5035,-13.2879,
707152,湧德永豐5B購01,2026-09-08,0.26,-0.06,-18.75,50000000,0,,是,,0.37,0.39,0.73,,-7.9208,-33.7884,
707159,九豪元大5A購01,2026-09-08,0.73,-0.05,-6.41,2000000,0,,是,,0.9,1.12,2.41,,-33.0849,-55.0381,
707169,台燿凱基61購02,2026-09-08,4.52,-0.13,-2.8,64000000,0,,是,,4.65,4.77,5.67,,-5.2224,-9.703,-12.0338
707171,捷創凱基5A購01,2026-09-08,0.17,-0.02,-10.53,5000000,0,,否,,0.3,,,,,,
707176,群翊凱基5C購01,2026-09-08,0.47,0.0,0.0,31000000,0,紅縮,否,,0.54,0.61,0.73,,-19.0476,-11.4993,-21.355
707178,世界群益5C購01,2026-09-08,1.07,0.01,0.94,5000000,0,,否,,1.03,1.18,1.45,,-22.1386,-16.8895,-9.607
707180,台燿群益5A購03,2026-09-08,6.8,0.5,7.94,1000000,0,,否,,6.64,9.78,,,-48.6223,-17.5811,
707185,勤凱群益5B購01,2026-09-08,1.66,-0.01,-0.6,90000000,0,,否,,1.66,4.12,,,-74.795,,
707193,雙鴻國泰67購01,2026-09-08,3.84,-0.86,-18.3,76000000,0,紅縮,否,,4.51,3.52,2.72,,78.481,54.7933,34.4554
707199,華景電統一68購01,2026-09-08,0.38,-0.01,-2.56,10000000,0,綠縮,是,,0.4,0.44,0.6,,-17.6955,-29.2332,-13.467
707203,群翊統一64購01,2026-09-08,0.51,0.01,2.0,5000000,0,紅縮,否,,0.55,0.54,0.62,,2.2472,-14.6919,-5.4628
707204,群翊統一74購02,2026-09-08,0.63,0.0,0.0,102000000,0,紅增,是,,0.63,0.63,0.66,,0.6369,-1.7161,-3.5819
707215,信紘科元大5A購01,2026-09-08,0.44,-0.07,-13.73,313000000,0,紅增,否,,0.32,0.32,0.49,,0.0,-23.8771,-29.8776
707222,世界永豐61購01,2026-09-08,1.53,-0.08,-4.97,322000000,0,綠縮,是,,1.5,1.63,1.98,,-15.0794,-12.406,-17.2976
707227,華景電永豐5C購01,2026-09-08,0.7,-0.05,-6.67,25000000,0,紅縮,否,,0.77,0.83,0.87,,-14.8889,-1.1862,-19.6197
707235,新盛力凱基5A購01,2026-09-08,3.97,-0.29,-6.81,3000000,0,紅縮,是,,4.86,3.8,4.3,,77.3888,10.7132,-5.9904
707237,頎邦凱基5B購01,2026-09-08,5.2,0.43,9.01,20000000,0,紅增,否,,4.87,4.08,3.98,,48.3242,55.5344,-13.5919
707238,廣閎科凱基5A購02,2026-09-08,1.26,0.03,2.44,184000000,0,綠縮,是,,1.16,1.2,2.42,,-7.3718,-43.2751,-22.6095
707239,雙鴻凱基5A購06,2026-09-08,0.62,-0.5,-44.64,41000000,0,紅縮,是,,0.98,0.63,0.41,,250.7143,193.4884,38.191
707240,久元元大61購01,2026-09-08,0.49,0.0,0.0,88000000,0,,是,,0.59,1.04,1.54,,-60.4027,-33.6311,
707246,鈊象元大61購01,2026-09-08,0.95,-0.07,-6.86,63000000,0,綠增,否,,0.99,1.26,1.25,,-34.4327,-10.9297,-9.2029
707250,台燿國票5B購04,2026-09-08,6.35,0.25,4.1,4000000,0,,是,,6.41,7.16,,,-19.0705,,
707258,東捷永豐64購01,2026-09-08,4.38,0.97,28.45,1000000,0,,是,,3.16,2.93,3.66,,16.9504,-8.3776,
707260,勤凱永豐5C購03,2026-09-08,0.7,0.01,1.45,14000000,0,紅增,否,,0.71,0.59,0.93,,49.5798,-10.0,-24.5928
707266,東捷統一64購02,2026-09-08,1.93,0.36,22.93,123000000,0,紅增,否,,1.46,1.26,1.54,,38.2576,9.4865,-12.0148
707268,華景電統一63購01,2026-09-08,0.32,-0.01,-3.03,255000000,0,紅縮,否,,0.35,0.37,0.37,,-9.7938,-6.1069,-10.6459
707269,勤凱統一74購01,2026-09-08,0.77,0.01,1.32,146000000,0,紅增,是,,0.75,0.72,0.8,,10.8824,3.1655,-14.5522
707275,鉅橡統一66購01,2026-09-08,0.44,-0.03,-6.38,40000000,0,,否,,0.65,0.9,,,-43.75,,
707276,頎邦統一74購01,2026-09-08,1.28,-0.05,-3.76,213000000,0,紅縮,否,,1.28,1.19,1.1,,16.3934,21.5967,-3.6245
707277,廣閎科統一74購02,2026-09-08,0.85,0.01,1.19,517000000,0,綠縮,是,,0.83,0.79,0.94,,10.9333,-2.4661,-5.1217
707278,德微統一64購01,2026-09-08,0.86,-0.08,-8.51,252000000,0,紅增,是,,0.88,0.86,1.0,,5.9952,2.3838,-19.0707
707281,台星科凱基5A購01,2026-09-08,0.13,-0.12,-48.0,20000000,0,綠縮,否,,0.22,0.28,0.63,,-34.8837,-50.0,-21.4643
707282,台燿凱基5A購02,2026-09-08,4.23,-0.07,-1.63,10000000,0,,是,,4.74,4.56,7.97,,8.0711,-42.6975,-18.0389
707283,均豪凱基5B購01,2026-09-08,0.17,-0.08,-32.0,140000000,0,,是,,0.19,0.24,0.41,,-34.2466,-49.7925,-27.5954
707285,旺矽凱基5A購04,2026-09-08,0.65,0.09,16.07,334000000,0,綠縮,是,,0.54,1.25,1.6,,-72.4771,-24.5021,-30.9622
707286,順達凱基64購01,2026-09-08,1.0,-0.03,-2.91,10000000,0,,是,,0.98,1.27,1.43,,-37.0844,-16.8407,-13.1755
707287,廣閎科凱基5A購03,2026-09-08,0.92,-0.01,-1.08,78000000,0,綠縮,否,,0.82,1.82,3.92,,-71.0638,-61.2367,-14.0572
707292,台星科元大5A購01,2026-09-08,0.25,-0.08,-24.24,63000000,0,綠增,是,,0.34,0.39,0.57,,-23.0769,-20.8502,-16.2602
707293,台星科元大5A購02,2026-09-08,0.54,-0.21,-28.0,66000000,0,綠縮,否,,0.64,0.81,1.15,,-33.9506,-34.0686,-11.5785
707297,台燿元大5A購08,2026-09-08,2.3,-0.12,-4.96,952000000,0,,是,,3.01,3.0,3.96,,0.4008,-17.4236,-12.0741
707298,台燿元大5A購09,2026-09-08,1.58,-0.12,-7.06,11000000,0,紅縮,否,,1.81,2.24,1.94,,-32.2581,5.9214,-19.6806
707299,台燿元大61購06,2026-09-08,2.42,-0.02,-0.82,121000000,0,紅縮,是,,2.42,2.61,2.35,,-13.8374,-3.6545,9.9508
707300,旺矽元大5A購02,2026-09-08,1.75,0.52,42.28,4000000,0,綠縮,否,,1.41,3.14,3.97,,-70.9465,-34.1315,-18.1434
707301,旺矽元大61購01,2026-09-08,2.2,0.0,0.0,1000000,0,綠增,否,,2.39,2.39,3.0,,0.0837,-22.7464,-7.2986
707302,信驊元大5B購01,2026-09-08,4.47,-0.25,-5.3,889000000,0,紅增,是,,4.06,3.47,3.24,,40.638,14.5215,5.3067
707307,台燿永豐64購02,2026-09-08,3.12,-0.15,-4.59,20000000,0,綠縮,否,,3.27,3.57,3.93,,-15.2771,-2.6474,-13.3825
707308,台燿永豐67購01,2026-09-08,3.65,-0.13,-3.44,23000000,0,綠縮,否,,3.74,3.85,4.65,,-5.3111,-13.3693,-6.4708
707310,安葆永豐5C購01,2026-09-08,0.26,-0.01,-3.7,100000000,0,紅縮,是,,0.26,0.27,0.23,,-4.3796,41.7989,-12.6866
707311,均豪永豐5C購01,2026-09-08,0.54,0.01,1.89,21000000,0,紅增,否,,0.5,0.45,0.46,,20.3883,8.8729,-16.0584
707313,旺矽永豐5A購03,2026-09-08,0.9,0.22,32.35,369000000,0,綠縮,是,,0.61,0.81,1.31,,-39.0873,-44.069,-26.6088
707314,旺矽永豐61購03,2026-09-08,1.77,0.29,19.59,408000000,0,綠縮,是,,1.41,1.67,2.19,,-26.943,-21.0775,-15.7945
707315,旺矽永豐64購02,2026-09-08,2.79,0.31,12.5,766000000,0,綠縮,是,,2.35,2.58,3.21,,-16.5718,-17.1006,-9.3082
707317,信驊永豐5A購03,2026-09-08,2.91,-0.31,-9.63,43000000,0,紅增,否,,2.63,2.05,1.98,,79.918,9.2217,22.5116
707318,前鼎永豐61購01,2026-09-08,2.74,0.08,3.01,476000000,0,,是,,2.29,1.76,1.58,,84.8142,57.6923,
707323,均豪國泰61購01,2026-09-08,1.32,-0.04,-2.94,30000000,0,紅增,否,,1.21,1.09,0.97,,26.7223,30.8434,-6.7529
707326,台燿富邦64購01,2026-09-08,1.45,-0.08,-5.23,102000000,0,紅縮,是,,1.54,1.57,1.64,,-3.5088,3.6352,-11.8407
707327,旺矽富邦5C購01,2026-09-08,1.07,0.2,22.99,1754000000,0,綠縮,是,,0.86,0.98,1.29,,-20.7339,-17.4831,-16.7205
707328,旺矽富邦64購01,2026-09-08,1.29,0.17,15.18,4318000000,0,綠縮,是,,1.06,1.21,1.37,,-21.6814,-17.6991,-14.1243
707329,群翊富邦62購01,2026-09-08,0.52,0.03,6.12,1000000,0,紅增,否,,0.51,0.52,0.54,,-3.3835,-0.1908,-12.9268
707330,台燿國票5B購05,2026-09-08,3.42,-0.28,-7.57,4000000,0,綠增,否,,3.65,4.43,4.54,,-29.9001,-17.6864,-4.19
707331,台燿統一63購01,2026-09-08,1.99,-0.01,-0.5,1000000,0,紅縮,否,,2.05,2.35,1.97,,-22.9669,15.6988,-10.4484
707333,台燿統一64購04,2026-09-08,1.75,-0.07,-3.85,14000000,0,綠增,否,,1.84,2.06,2.0,,-18.7665,-8.9017,-5.9751
707334,台燿統一66購02,2026-09-08,1.41,-0.08,-5.37,92000000,0,綠增,否,,1.46,1.66,1.63,,-21.9251,-11.8114,0.1229
707335,台燿統一74購02,2026-09-08,1.3,-0.05,-3.7,438000000,0,綠增,否,,1.34,1.47,1.43,,-15.8291,-8.5465,-1.3793
707336,台燿統一74購03,2026-09-08,0.99,-0.03,-2.94,27000000,0,綠縮,否,,1.01,1.07,1.14,,-9.6257,-6.8063,-3.8251
707339,均豪統一64購01,2026-09-08,0.44,-0.02,-4.35,329000000,0,紅縮,是,,0.45,0.42,0.43,,11.5,5.75,-8.9662
707340,旺矽統一63購06,2026-09-08,1.35,0.21,18.42,81000000,0,綠縮,否,,1.1,1.18,1.36,,-11.6987,-15.8309,-13.3886
707341,旺矽統一64購01,2026-09-08,1.28,0.16,14.29,634000000,0,綠縮,是,,1.08,1.13,1.36,,-8.9679,-20.9937,-10.9079
707342,東捷統一74購01,2026-09-08,0.93,0.13,16.25,226000000,0,紅增,否,,0.74,0.67,0.69,,24.4147,5.836,-7.9195
707343,前鼎統一64購01,2026-09-08,2.02,0.1,5.21,59000000,0,紅縮,否,,1.88,1.51,1.16,,65.1408,46.9268,26.9798
707344,翔名統一74購02,2026-09-08,0.99,-0.01,-1.0,30000000,0,綠增,是,,1.1,1.28,1.38,,-24.5902,-13.1258,-3.6052
707346,順達統一64購01,2026-09-08,0.56,-0.02,-3.45,35000000,0,紅增,否,,0.59,0.55,0.63,,15.8103,-4.0422,-9.1106
707347,勤凱統一74購02,2026-09-08,0.83,-0.02,-2.35,120000000,0,紅增,否,,0.84,0.81,0.9,,8.0103,1.5132,-10.3825
707351,鉅橡統一64購02,2026-09-08,0.28,-0.05,-15.15,20000000,0,,否,,0.44,0.67,,,-51.9737,-23.9865,
707352,頎邦統一74購02,2026-09-08,1.37,0.0,0.0,65000000,0,紅縮,否,,1.35,1.27,1.18,,14.9406,17.4397,-5.2568
707353,頎邦統一74購03,2026-09-08,1.35,-0.09,-6.25,14000000,0,紅縮,否,,1.38,1.27,1.16,,19.2374,15.7365,0.2593
707355,廣閎科統一67購01,2026-09-08,0.72,0.02,2.86,21000000,0,綠縮,否,,0.63,0.66,0.85,,-8.4058,-11.5127,-3.9705
707356,廣閎科統一74購03,2026-09-08,1.22,-0.01,-0.81,49000000,0,綠轉紅,是,,1.2,1.14,1.18,,9.5238,-1.2942,3.0594
707357,勤凱台新5A購01,2026-09-08,0.84,-0.11,-11.58,11000000,0,紅增,否,,0.85,0.86,1.38,,-3.8636,11.3548,-34.0757
707359,元太凱基5A購02,2026-09-08,0.68,-0.07,-9.33,6000000,0,綠增,否,,1.36,2.43,3.34,,-61.1872,-33.3151,-18.1384
707362,信紘科凱基5A購01,2026-09-08,0.43,-0.09,-17.31,321000000,0,綠縮,是,,0.33,0.44,0.83,,-39.5604,-45.7249,-28.0724
707366,衛司特凱基5B購01,2026-09-08,0.17,-0.03,-15.0,10000000,0,,是,,0.24,0.5,,,-67.7333,,
707370,立碁永豐5C購01,2026-09-08,0.8,-0.2,-20.0,150000000,0,,是,,0.97,0.85,0.76,,33.0601,29.8326,
707371,前鼎永豐61購02,2026-09-08,1.52,0.05,3.4,156000000,0,紅縮,是,,1.39,1.13,0.88,,61.4849,48.4848,24.7863
707373,聖暉*永豐5C購01,2026-09-08,1.19,-0.12,-9.16,50000000,0,,是,,1.17,1.26,1.77,,-12.908,-29.6709,
707374,頎邦永豐61購01,2026-09-08,1.94,-0.1,-4.9,1114000000,0,紅縮,否,,1.94,1.74,1.57,,26.5971,21.115,-3.0902
707376,譜瑞永豐5C購01,2026-09-08,0.7,-0.09,-11.39,10000000,0,紅縮,否,,0.81,0.92,1.09,,-21.5953,-12.5834,-17.6024
707382,廣閎科國票5B購03,2026-09-08,1.08,0.04,3.85,2605000000,0,綠縮,是,,0.97,1.03,1.98,,-10.8656,-44.933,-19.1798
707383,衛司特國票5B購02,2026-09-08,0.11,-0.02,-15.38,15000000,0,綠縮,是,,0.13,0.15,0.28,,-22.9885,-43.3824,-29.8879
707393,頎邦群益5B購02,2026-09-08,4.18,0.33,8.57,20000000,0,綠轉紅,否,,2.97,2.79,4.77,,14.2089,-29.2312,-20.5809
707394,廣閎科群益5B購01,2026-09-08,2.03,0.03,1.5,71000000,0,綠縮,否,,1.89,1.77,2.14,,14.8058,-9.0442,-29.7404
707397,天品元大61購01,2026-09-08,0.19,0.01,5.56,10000000,0,綠增,是,,0.24,0.31,0.37,,-35.4497,-20.0514,-11.3501
707398,東捷元大5A購02,2026-09-08,1.62,0.54,50.0,2000000,0,綠轉紅,否,,0.91,0.71,1.57,,79.4466,-36.535,-20.432
707403,廣閎科元大5A購02,2026-09-08,0.52,-0.15,-22.39,50000000,0,綠縮,否,,0.59,0.7,1.59,,-25.75,-31.5996,-28.3585
707405,群翊國泰5B購02,2026-09-08,1.07,-0.01,-0.93,28000000,0,紅增,否,,1.18,1.25,1.43,,-11.1446,-5.0,-18.5861
707408,安葆統一74購01,2026-09-08,0.67,0.02,3.08,41000000,0,,是,,0.64,0.58,0.58,,23.8462,10.0189,
707409,均豪統一63購02,2026-09-08,0.5,-0.1,-16.67,1075000000,0,紅縮,否,,0.52,0.48,0.47,,19.2661,10.6481,-9.2843
707410,均豪統一74購01,2026-09-08,0.54,-0.01,-1.82,2000000,0,紅增,否,,0.51,0.47,0.51,,18.0556,-6.5476,-0.7859
707413,東捷統一74購02,2026-09-08,1.26,0.19,17.76,45000000,0,紅增,否,,0.99,0.92,0.92,,16.5094,12.3623,-8.499
707414,前鼎統一74購01,2026-09-08,1.12,0.03,2.75,11000000,0,紅增,否,,1.06,0.86,0.73,,60.6061,32.1045,13.5344
707419,鈺太統一74購01,2026-09-08,0.36,-0.02,-5.26,5000000,0,,是,,0.38,0.42,0.54,,-17.5439,-24.2259,
707421,頎邦富邦5C購02,2026-09-08,1.94,-0.09,-4.43,10000000,0,,是,,1.29,2.41,,,-63.5747,,
707422,頎邦富邦61購02,2026-09-08,1.87,-0.07,-3.61,80000000,0,紅縮,否,,1.83,1.62,1.46,,28.5513,22.4567,-2.999
707423,廣閎科富邦5B購01,2026-09-08,0.9,0.0,0.0,132000000,0,綠縮,否,,0.84,0.79,1.32,,12.3324,-14.0065,-20.5128
707426,千附精永豐5B購01,2026-09-08,2.56,-0.29,-10.18,2000000,0,紅縮,否,,2.58,2.39,1.96,,16.6667,39.3939,-1.8731
707428,兆利永豐5A購01,2026-09-08,0.03,0.0,0.0,10000000,0,紅增,否,,0.04,0.06,0.12,,-52.5,-37.234,-45.2381
707429,沛亨永豐61購01,2026-09-08,0.66,0.09,15.79,30000000,0,紅增,否,,0.63,0.48,0.68,,83.0409,2.1097,-27.1944
707431,朋億*永豐5B購01,2026-09-08,0.55,-0.02,-3.51,180000000,0,,是,,0.65,1.17,1.72,,-61.2366,-52.1133,
707434,陽程永豐5B購01,2026-09-08,4.29,-0.46,-9.68,36000000,0,紅縮,否,,5.24,4.89,3.24,,15.4253,63.3144,35.498
707442,湧德群益61購02,2026-09-08,0.23,-0.01,-4.17,29000000,0,綠縮,是,,0.28,0.3,0.43,,-14.7239,-33.1858,-13.4615
707445,群翊群益64購01,2026-09-08,0.52,0.0,0.0,400000000,0,,是,,0.54,0.66,0.81,,-29.3506,-17.2544,
707449,立碁國泰5B購01,2026-09-08,1.53,-0.27,-15.0,100000000,0,紅縮,否,,1.86,1.61,1.22,,36.4568,39.4646,19.8627
707454,千附精統一74購01,2026-09-08,1.07,-0.11,-9.32,874000000,0,紅縮,否,,1.09,1.03,0.92,,12.6294,12.4863,1.9868
707458,正淩統一74購01,2026-09-08,0.46,-0.03,-6.12,200000000,0,,否,,0.45,0.42,0.5,,15.9794,-11.0403,
707459,立敦統一74購01,2026-09-08,0.81,-0.03,-3.57,3000000,0,綠縮,否,,0.83,0.87,1.04,,-9.4298,-11.4169,-16.3396
707461,金山電統一74購01,2026-09-08,1.53,-0.1,-6.13,23000000,0,,否,,1.48,1.44,,,6.0258,-11.8478,
707463,美琪瑪統一63購01,2026-09-08,0.45,0.01,2.27,10000000,0,綠縮,是,,0.5,0.54,0.8,,-14.4828,-32.6658,-11.9271
707470,順達統一74購01,2026-09-08,0.57,-0.03,-5.0,100000000,0,紅縮,否,,0.59,0.6,0.59,,-5.4662,10.0,-7.2998
707471,新應材統一67購01,2026-09-08,0.33,0.0,0.0,35000000,0,紅增,是,,0.34,0.35,0.4,,-1.7241,-8.7302,-11.5427
707472,聖暉*統一63購01,2026-09-08,0.63,-0.07,-10.0,665000000,0,,是,,0.64,1.24,1.46,,-65.3304,-34.7849,
707474,蜜望實統一74購01,2026-09-08,0.98,-0.03,-2.97,41000000,0,紅縮,否,,0.99,0.99,0.97,,0.6098,3.8947,-3.4722
707476,台星科凱基5A購02,2026-09-08,0.36,-0.19,-34.55,168000000,0,,是,,0.58,0.78,1.15,,-40.4082,-36.371,
707478,立碁凱基5A購01,2026-09-08,0.88,-0.27,-23.48,19000000,0,,否,,1.22,1.06,,,33.3333,,
707481,湧德凱基5B購02,2026-09-08,0.06,-0.02,-25.0,36000000,0,,否,,0.2,0.37,,,-61.6541,-45.9618,
707485,群翊凱基61購01,2026-09-08,0.34,0.0,0.0,110000000,0,紅縮,是,,0.41,0.4,0.49,,8.9474,-3.6408,-20.2256
707487,巨漢元大5A購01,2026-09-08,0.13,-0.02,-13.33,15000000,0,綠增,否,,0.58,0.78,0.98,,-40.3689,-27.3321,-15.8839
707492,均豪元大5C購01,2026-09-08,0.25,-0.05,-16.67,1000000,0,,是,,0.26,0.29,,,-20.2454,-32.1759,
707494,沛亨元大5A購01,2026-09-08,1.4,0.29,26.13,24000000,0,,是,,1.15,1.57,2.34,,-41.8933,-38.9343,
707495,沛亨元大5A購02,2026-09-08,1.02,0.24,30.77,200000000,0,,是,,0.8,0.78,,,6.9333,-52.7118,
707496,沛亨元大5A購03,2026-09-08,0.74,0.17,29.82,438000000,0,,是,,0.68,0.59,0.72,,40.1639,17.6707,-42.0016
707504,新應材元大5A購04,2026-09-08,0.36,-0.02,-5.26,977000000,0,紅增,是,,0.4,0.43,0.55,,-14.1631,-17.0498,-23.1572
707505,新應材元大5A購05,2026-09-08,0.33,-0.07,-17.5,3000000,0,,是,,0.38,0.56,1.1,,-49.1892,-48.2854,
707507,新應材元大61購04,2026-09-08,0.32,-0.05,-13.51,10000000,0,,否,,0.47,0.69,1.06,,-48.6842,-35.5742,
707509,巨漢國票5A購01,2026-09-08,0.05,-0.01,-16.67,15000000,0,綠縮,否,,0.09,0.14,0.35,,-46.5909,-57.8125,-34.4216
707510,巨漢國票5B購01,2026-09-08,0.1,-0.01,-9.09,10000000,0,綠縮,否,,0.16,0.31,0.56,,-64.9351,-48.4298,-24.5485
707511,沛亨國票5B購02,2026-09-08,0.45,0.12,36.36,85000000,0,,是,,0.39,0.81,1.29,,-68.0195,-47.8177,-30.6888
707512,東捷國票5A購02,2026-09-08,2.68,0.93,53.14,93000000,0,紅增,否,,1.47,1.12,1.28,,91.4286,32.1555,-25.8991
707515,榮田國票5A購01,2026-09-08,0.68,0.01,1.49,1346000000,0,紅增,是,,0.46,0.41,0.49,,27.3743,6.8241,-18.258
707521,新應材富邦61購02,2026-09-08,0.16,-0.01,-5.88,150000000,0,綠轉紅,否,,0.2,0.21,0.42,,-10.7143,-45.3608,-29.016
707525,譜瑞富邦5C購02,2026-09-08,0.55,-0.13,-19.12,220000000,0,,否,,0.65,1.02,,,-53.0846,,
707526,千附精凱基5A購01,2026-09-08,3.57,-0.32,-8.23,12000000,0,紅增,否,,3.15,2.68,2.67,,42.4955,27.7143,-1.4584
707527,元太凱基61購01,2026-09-08,0.48,-0.09,-15.79,196000000,0,綠縮,否,,0.56,0.7,1.23,,-33.1754,-41.6736,-22.8411
707528,均豪凱基5A購01,2026-09-08,0.18,0.04,28.57,270000000,0,綠縮,否,,0.16,0.23,0.5,,-43.0556,-54.251,-18.9079
707533,華景電凱基5A購03,2026-09-08,0.08,-0.01,-11.11,5000000,0,綠縮,否,,0.13,0.21,0.6,,-51.7986,-35.8255,-41.2053
707536,萬泰科凱基5B購01,2026-09-08,1.04,-0.05,-4.59,3000000,0,,否,,1.37,2.11,2.62,,-52.0365,-31.0988,-17.6812
707538,弘塑國票5B購01,2026-09-08,0.11,0.02,22.22,670000000,0,紅增,否,,0.08,0.09,0.21,,-14.2857,-37.6712,-39.9709
707541,前鼎國票5B購03,2026-09-08,1.89,-0.41,-17.83,14000000,0,紅縮,否,,1.77,1.25,0.88,,139.5664,91.5902,28.6237
707544,弘塑永豐5B購03,2026-09-08,0.14,-0.02,-12.5,1000000,0,紅增,否,,0.12,0.12,0.16,,-3.2787,1.6949,-29.4248
707545,弘塑永豐5C購04,2026-09-08,0.11,-0.01,-8.33,96000000,0,綠縮,是,,0.18,0.19,0.33,,-16.1905,-32.7526,-24.2938
707546,弘塑永豐61購02,2026-09-08,0.37,0.07,23.33,238000000,0,綠縮,是,,0.29,0.42,0.78,,-46.5201,-41.8863,-25.8448
707547,弘塑永豐64購01,2026-09-08,0.3,0.01,3.45,532000000,0,紅增,是,,0.26,0.26,0.33,,3.1496,-6.5217,-21.3443
707552,台星科台新5A購01,2026-09-08,0.31,-0.19,-38.0,47000000,0,紅縮,否,,0.53,0.57,0.62,,-12.2517,-1.9031,-21.406
707555,安葆台新5A購01,2026-09-08,0.2,-0.04,-16.67,10000000,0,,否,,0.16,0.25,,,-51.5152,-45.0673,
707559,新應材台新5A購02,2026-09-08,0.21,0.0,0.0,210000000,0,紅增,否,,0.22,0.29,0.45,,-41.0811,-24.2268,-39.7842
707565,弘塑群益5C購01,2026-09-08,0.23,0.03,15.0,908000000,0,綠轉紅,是,,0.18,0.22,0.53,,-29.4574,-47.494,-43.8716
707568,弘塑國泰61購01,2026-09-08,0.53,0.04,8.16,275000000,0,紅增,是,,0.45,0.45,0.64,,0.0,-14.5009,-25.044
707569,弘塑國泰61購02,2026-09-08,0.4,0.04,11.11,190000000,0,綠轉紅,是,,0.32,0.35,0.54,,-17.2775,-29.7787,-31.746
707572,弘塑富邦5C購02,2026-09-08,0.26,0.05,23.81,127000000,0,紅增,是,,0.19,0.18,0.29,,7.9545,-19.7368,-31.0142
707573,弘塑富邦64購01,2026-09-08,0.25,0.02,8.7,594000000,0,紅增,是,,0.21,0.2,0.26,,10.3093,-6.422,-20.916
707577,元太統一64購01,2026-09-08,0.53,-0.03,-5.36,569000000,0,綠縮,是,,0.56,0.63,0.86,,-20.2857,-27.618,-12.6524
707579,弘塑統一62購02,2026-09-08,0.21,0.03,16.67,1065000000,0,紅增,是,,0.17,0.16,0.21,,18.0556,-8.1871,-26.6323
707580,弘塑統一64購01,2026-09-08,0.27,0.02,8.0,902000000,0,紅增,是,,0.23,0.22,0.27,,9.6154,-8.7866,-20.5015
707581,弘塑統一64購02,2026-09-08,0.22,0.02,10.0,389000000,0,綠縮,是,,0.18,0.22,0.4,,-32.3308,-32.6284,-24.1935
707582,弘塑統一64購03,2026-09-08,0.33,0.03,10.0,80000000,0,綠縮,是,,0.28,0.34,0.55,,-30.8458,-34.6154,-23.2771
707587,金山電統一63購01,2026-09-08,2.19,-0.13,-5.6,8000000,0,,否,,2.85,,,,,,
707588,金山電統一64購02,2026-09-08,4.77,-0.48,-9.14,1000000,0,,,,,,,,,,
707589,前鼎統一63購02,2026-09-08,1.53,0.13,9.29,2000000,0,紅增,否,,1.44,1.07,0.81,,103.6827,87.4126,8.4554
707590,美琪瑪統一74購01,2026-09-08,0.45,0.0,0.0,10000000,0,綠縮,是,,0.46,0.46,0.58,,0.4329,-16.5766,-13.1876
707596,臺慶科統一64購01,2026-09-08,0.94,-0.11,-10.48,449000000,0,紅縮,是,,1.02,1.08,1.09,,-10.4895,1.4981,-19.7271
707598,蜜望實統一64購01,2026-09-08,1.47,-0.1,-6.37,9000000,0,綠縮,是,,1.63,1.77,2.51,,-14.4806,-27.8956,-13.9647
707599,蜜望實統一74購02,2026-09-08,1.1,-0.11,-9.09,37000000,0,紅縮,是,,1.14,1.13,1.14,,0.7092,4.3318,-14.5318
707602,弘塑元大61購01,2026-09-08,0.3,0.07,30.43,2000000,0,綠縮,否,,0.26,0.3,0.65,,-24.4186,-45.975,-25.5986
707605,宜特元大5C購02,2026-09-08,0.14,-0.01,-6.67,50000000,0,綠縮,否,,0.16,0.21,0.4,,-38.5827,-48.1013,-22.4353
707606,前鼎元大5A購03,2026-09-08,1.99,0.11,5.85,70000000,0,,是,,1.75,1.32,1.43,,99.3182,35.9133,
707609,前鼎元大61購01,2026-09-08,1.86,0.11,6.29,39000000,0,紅縮,否,,1.73,1.41,1.08,,58.9319,65.6066,8.0201
707610,勤凱元大5A購04,2026-09-08,0.24,0.01,4.35,10000000,0,,否,,0.67,1.28,2.62,,-64.3312,-51.6641,
707629,長科*凱基5A購01,2026-09-08,2.86,-0.71,-19.89,1000000,0,綠縮,否,,3.47,3.46,4.67,,0.6957,-5.2026,-21.7406
707637,九豪台新5A購02,2026-09-08,0.28,-0.08,-22.22,4000000,0,綠縮,是,,0.33,0.45,2.26,,-43.5986,-72.3039,-29.5097
707638,九豪台新5A購03,2026-09-08,0.11,-0.15,-57.69,100000000,0,綠縮,是,,0.66,2.19,3.59,,-82.2961,-54.8467,-17.8719
707644,博磊台新5A購01,2026-09-08,0.67,-0.14,-17.28,25000000,0,,否,,0.86,0.97,1.31,,-20.5176,-18.266,
707645,博磊台新5A購02,2026-09-08,0.59,-0.14,-19.18,48000000,0,,否,,0.77,1.08,,,-44.5887,-40.3654,
707646,博磊台新5A購03,2026-09-08,0.35,-0.13,-27.08,25000000,0,紅縮,否,,0.5,0.58,0.83,,-24.1692,-22.9139,-35.8307
707648,環球晶台新5A購02,2026-09-08,11.0,-0.9,-7.56,9000000,0,,是,,22.42,,,,,,
707650,聖暉*兆豐5C購01,2026-09-08,0.59,-0.04,-6.35,127000000,0,綠縮,是,,0.59,0.64,1.31,,-16.2857,-37.5121,-21.253
707652,九豪元大5A購03,2026-09-08,0.27,-0.04,-12.9,25000000,0,綠縮,否,,0.37,0.88,2.61,,-73.2272,-70.0308,-22.1442
707656,宜特元大5A購03,2026-09-08,0.28,-0.05,-15.15,496000000,0,綠縮,是,,0.35,0.49,0.93,,-42.7184,-51.4,-22.7727
707657,宜特元大5B購01,2026-09-08,0.36,-0.04,-10.0,496000000,0,綠縮,否,,0.4,0.46,0.65,,-21.4844,-18.8277,-23.9207
707659,宜特元大61購01,2026-09-08,0.34,-0.02,-5.56,279000000,0,綠縮,否,,0.37,0.4,0.56,,-12.7358,-15.1709,-19.4062
707664,博磊元大5A購02,2026-09-08,0.24,-0.04,-14.29,10000000,0,綠縮,否,,0.45,0.71,1.42,,-53.6232,-46.7219,-23.9305
707670,九豪群益5A購03,2026-09-08,0.19,-0.04,-17.39,10000000,0,綠縮,否,,0.34,0.5,1.32,,-47.7204,-49.445,-45.6932
707674,優群群益5A購01,2026-09-08,0.03,-0.01,-25.0,50000000,0,紅增,否,,0.06,0.14,0.29,,-70.9091,-48.1752,-42.1479
707677,艾訊國票5B購01,2026-09-08,0.79,-0.13,-14.13,15000000,0,綠增,否,,0.91,1.02,1.27,,-19.8944,-15.3146,-11.0878
707680,博磊國票5B購01,2026-09-08,0.31,-0.06,-16.22,10000000,0,紅縮,否,,0.38,0.42,0.53,,-15.4867,-11.8393,-44.4797
707681,漢達國票5B購01,2026-09-08,2.12,0.32,17.78,252000000,0,紅增,否,,1.44,0.97,0.9,,191.129,67.2414,18.3191
707683,九豪富邦5C購01,2026-09-08,0.37,-0.04,-9.76,553000000,0,紅增,是,,0.39,0.41,0.48,,-9.8131,-12.6609,-32.3446
707687,九豪統一74購01,2026-09-08,0.58,-0.02,-3.33,12000000,0,紅增,否,,0.59,0.6,0.64,,-3.8961,1.6835,-16.4169
707688,千附統一74購01,2026-09-08,0.99,-0.06,-5.71,28000000,0,綠增,否,,1.03,1.17,1.24,,-21.0445,-18.8719,1.1034
707689,千附精統一74購02,2026-09-08,1.54,-0.16,-9.41,166000000,0,紅縮,否,,1.54,1.44,1.29,,15.0972,13.4858,1.5729
707690,台星科統一74購02,2026-09-08,0.44,-0.04,-8.33,10000000,0,紅縮,否,,0.46,0.47,0.47,,-0.8547,6.8807,-5.4656
707703,優群統一66購01,2026-09-08,0.32,-0.01,-3.03,144000000,0,綠縮,否,,0.34,0.38,0.47,,-20.6573,-15.6733,-14.5852
707704,環球晶統一64購03,2026-09-08,2.35,0.0,0.0,10000000,0,綠縮,否,,2.32,2.45,3.17,,-10.2167,-32.0399,-3.4514
707705,環球晶統一74購01,2026-09-08,1.91,-0.04,-2.05,10000000,0,綠縮,否,,1.94,1.98,2.02,,-4.0514,2.2165,-14.9663
707710,千附精國票5B購02,2026-09-08,1.02,-0.28,-21.54,124000000,0,紅縮,是,,1.09,0.97,0.83,,28.0,28.6853,-0.3005
707711,千附精國票5B購03,2026-09-08,1.32,-0.43,-24.57,277000000,0,紅縮,否,,1.41,1.34,1.09,,11.3744,42.3404,-7.7736
707712,方土昶國票5B購01,2026-09-08,1.03,-0.08,-7.21,60000000,0,紅縮,是,,1.43,1.44,1.17,,-1.2465,29.8643,2.356
707713,立碁國票5B購01,2026-09-08,0.88,-0.24,-21.43,12000000,0,,否,,1.1,,,,,,
707716,信紘科國票5A購01,2026-09-08,0.25,-0.01,-3.85,32000000,0,,否,,0.42,0.68,0.81,,-56.0,-26.2136,
707717,信紘科國票5B購01,2026-09-08,0.22,-0.03,-12.0,905000000,0,,是,,0.33,0.59,0.76,,-61.5385,-35.9223,
707718,家登國票5A購01,2026-09-08,1.62,0.03,1.89,55000000,0,紅增,是,,1.27,1.03,1.45,,61.5776,-13.686,-20.3189
707721,群聯國票5B購01,2026-09-08,1.43,-0.04,-2.72,916000000,0,紅縮,是,,1.37,1.48,1.41,,-13.038,-7.6875,-2.2161
707722,蜜望實國票5B購01,2026-09-08,1.49,-0.12,-7.45,63000000,0,紅增,否,,1.55,1.56,2.02,,-1.0191,-0.5096,-19.7898
707724,千附精元大5A購02,2026-09-08,1.81,-0.36,-16.59,107000000,0,紅縮,是,,1.99,1.74,1.81,,34.3666,27.6799,-3.2318
707725,千附精元大5A購03,2026-09-08,2.47,-0.06,-2.37,30000000,0,紅增,否,,2.33,2.19,2.0,,13.4241,34.2717,-0.9901
707726,千附精元大5A購04,2026-09-08,1.08,-0.36,-25.0,35000000,0,紅增,是,,1.01,0.85,1.09,,48.3871,-22.8597,-0.1375
707727,千附精元大5A購05,2026-09-08,2.48,-0.14,-5.34,65000000,0,紅縮,否,,2.53,2.22,2.15,,31.6667,30.5164,2.3616
707730,欣銓元大63購03,2026-09-08,2.25,-0.06,-2.6,11000000,0,紅縮,是,,2.28,2.18,2.07,,9.4231,10.0556,6.6615
707734,群聯元大5A購01,2026-09-08,0.99,-0.05,-4.81,326000000,0,紅增,否,,0.97,1.06,1.24,,-15.2098,-22.3365,-13.2867
707735,群聯元大5A購02,2026-09-08,0.65,-0.07,-9.72,457000000,0,紅縮,否,,0.67,0.75,0.77,,-18.8862,-14.023,-7.7711
707740,千附精凱基5A購02,2026-09-08,1.72,-0.62,-26.5,26000000,0,紅縮,否,,1.81,1.6,1.85,,30.5916,7.9001,-7.3128
707741,方土昶凱基5A購01,2026-09-08,1.8,-0.1,-5.26,100000000,0,綠增,是,,1.91,2.42,2.09,,-34.4969,-5.362,-1.2515
707743,欣銓凱基5A購02,2026-09-08,1.74,-0.23,-11.68,2000000,0,綠增,否,,2.0,2.24,2.63,,-19.3392,-17.6038,-7.0191
707744,信紘科凱基5A購02,2026-09-08,0.09,-0.01,-10.0,800000000,0,,是,,0.55,0.81,1.04,,-48.694,-30.743,
707746,萬泰科凱基5A購02,2026-09-08,0.45,-0.02,-4.26,10000000,0,綠增,否,,0.82,2.0,2.65,,-74.1043,-39.303,-19.4284
707747,群聯凱基5A購01,2026-09-08,1.17,0.04,3.54,22000000,0,綠轉紅,否,,1.09,1.3,1.79,,-27.9683,-40.5381,-27.4716
707748,群聯凱基5A購02,2026-09-08,1.65,0.02,1.23,65000000,0,紅增,否,,1.59,1.73,1.7,,-15.2452,9.4757,-23.5294
707749,蜜望實凱基5A購02,2026-09-08,1.37,-0.38,-21.71,45000000,0,綠縮,是,,1.5,1.51,2.75,,-1.3141,-11.0065,-33.6992
707750,千附精永豐5C購01,2026-09-08,1.08,-0.04,-3.57,56000000,0,紅增,否,,0.99,0.89,0.76,,23.5,21.7984,-1.9305
707753,立碁永豐61購01,2026-09-08,0.34,-0.1,-22.73,939000000,0,紅縮,是,,0.43,0.38,0.32,,32.5153,28.0405,8.2492
707755,欣銓永豐5C購01,2026-09-08,1.31,-0.14,-9.66,125000000,0,紅縮,否,,1.44,1.44,1.36,,-0.4149,17.3171,-10.5298
707757,群聯永豐61購01,2026-09-08,0.84,-0.01,-1.18,1160000000,0,紅增,否,,0.8,0.84,0.82,,-9.2551,-8.8457,-0.9615
707758,群聯永豐64購01,2026-09-08,1.01,-0.02,-1.94,2259000000,0,紅縮,是,,0.99,1.03,0.97,,-7.9926,-1.8993,0.2573
707759,蜜望實永豐61購01,2026-09-08,1.04,-0.08,-7.14,29000000,0,紅縮,否,,1.09,1.09,1.12,,0.0,-3.7234,-6.4017
707763,群聯群益5B購01,2026-09-08,1.88,0.01,0.53,39000000,0,紅縮,否,,1.92,1.95,1.83,,-3.0364,-2.2602,-0.4345
707764,群聯群益61購01,2026-09-08,1.75,-0.13,-6.91,415000000,0,紅縮,是,,1.72,1.8,1.71,,-8.209,-3.1755,-0.9286
707765,群聯群益64購01,2026-09-08,2.05,-0.06,-2.84,566000000,0,紅縮,是,,2.0,2.08,1.96,,-7.2222,-2.2535,-3.5846
707768,力旺永豐5A購01,2026-09-08,0.06,0.05,500.0,3000000,0,紅縮,否,,0.07,0.1,0.09,,-41.2698,1.0101,-6.9652
707769,力旺永豐5B購01,2026-09-08,0.25,0.16,177.78,3000000,0,紅增,否,,0.18,0.18,0.27,,7.0588,-19.2661,-28.6832
707770,力旺永豐5C購01,2026-09-08,0.18,0.05,38.46,1700000000,0,紅增,是,,0.14,0.14,0.21,,0.0,-14.9701,-29.1096
707771,台半永豐5C購01,2026-09-08,1.8,-0.07,-3.74,10000000,0,綠轉紅,否,,1.88,1.83,2.28,,5.0336,10.2225,-14.7235
707772,巨有永豐5C購01,2026-09-08,1.35,0.48,55.17,35000000,0,紅增,否,,0.96,0.87,0.86,,24.5478,16.8011,-22.8916
707775,亞通永豐5A購01,2026-09-08,1.0,0.52,108.33,67000000,0,紅增,否,,0.59,0.5,0.43,,40.6699,30.6494,-5.5556
707776,旺矽永豐5B購02,2026-09-08,0.88,0.16,22.22,265000000,0,綠縮,是,,0.64,1.2,1.84,,-63.4091,-35.9616,-17.0765
707777,信昌電永豐5C購01,2026-09-08,10.8,-0.7,-6.09,4000000,0,紅增,否,,10.37,8.22,7.11,,70.8402,75.8665,-10.0796
707778,信驊永豐5B購04,2026-09-08,3.09,-0.27,-8.04,137000000,0,紅增,否,,2.86,2.32,2.2,,61.036,8.7242,20.8619
707780,精測永豐61購02,2026-09-08,0.4,0.04,11.11,11000000,0,紅增,否,,0.36,0.27,0.23,,103.3708,50.838,19.1099
707781,臺慶科永豐5B購01,2026-09-08,0.86,-0.12,-12.24,45000000,0,紅縮,是,,0.93,1.0,1.07,,-12.8972,-11.6505,-19.0727
707783,力旺凱基5A購03,2026-09-08,0.01,-0.04,-80.0,133000000,0,紅縮,否,,0.06,0.06,0.09,,-3.4483,-10.9375,-40.9241
707785,力旺凱基5B購02,2026-09-08,0.13,-0.02,-13.33,410000000,0,紅增,是,,0.13,0.14,0.21,,-13.5135,-18.8235,-31.4516
707786,力旺凱基5C購01,2026-09-08,0.39,0.11,39.29,413000000,0,紅增,是,,0.34,0.3,0.3,,38.7097,-3.268,-2.6016
707787,力旺凱基61購01,2026-09-08,0.4,0.04,11.11,236000000,0,紅增,是,,0.34,0.27,0.36,,73.4694,-20.7101,-3.523
707788,立碁凱基5B購01,2026-09-08,0.38,-0.01,-2.56,5000000,0,,否,,0.35,0.3,,,37.3016,27.234,
707790,旺矽凱基5A購05,2026-09-08,1.05,0.35,50.0,22000000,0,綠增,是,,1.51,1.48,2.06,,4.8611,-24.3202,-12.1535
707791,旺矽凱基5B購02,2026-09-08,0.94,0.41,77.36,30000000,0,綠縮,否,,1.03,1.13,1.58,,-15.1067,-22.8767,-14.5376
707792,旺矽凱基5C購02,2026-09-08,0.94,0.06,6.82,29000000,0,綠增,否,,1.3,1.17,1.43,,25.9188,-4.1051,-14.2771
707795,信驊凱基5A購04,2026-09-08,4.82,0.17,3.66,38000000,0,紅增,否,,3.95,3.12,2.84,,72.7273,15.0018,27.1569
707796,信驊凱基5B購03,2026-09-08,3.93,-0.26,-6.21,102000000,0,紅增,否,,3.59,2.91,2.7,,61.3657,10.8613,22.6488
707797,信驊凱基5C購02,2026-09-08,4.13,-0.37,-8.22,203000000,0,紅增,是,,3.67,3.06,2.67,,50.1637,24.2683,20.0225
707798,信驊凱基61購04,2026-09-08,3.53,-0.52,-12.84,349000000,0,紅增,否,,3.25,2.7,2.54,,51.4925,8.7097,11.5952
707799,家登凱基5A購01,2026-09-08,1.28,-0.14,-9.86,188000000,0,紅縮,否,,1.31,1.23,1.17,,14.0625,27.6398,-11.6761
707803,精測凱基5A購02,2026-09-08,0.32,0.02,6.67,595000000,0,紅增,否,,0.27,0.21,0.2,,75.0,21.5116,-22.7704
707804,精測凱基5A購03,2026-09-08,0.43,0.12,38.71,929000000,0,紅增,是,,0.27,0.22,0.26,,63.0952,27.0115,-21.5976
707805,力領台新5A購01,2026-09-08,0.4,-0.31,-43.66,35000000,0,,是,,0.77,1.27,1.66,,-56.8539,-31.3578,-15.2135
707806,世界台新5A購01,2026-09-08,1.66,-0.16,-8.79,131000000,0,綠縮,是,,1.78,1.95,3.42,,-15.37,-29.8991,-15.3618
707809,宏捷科台新61購01,2026-09-08,0.3,-0.02,-6.25,3000000,0,,是,,0.37,0.37,0.52,,1.0989,-19.3833,-25.9023
707811,旺矽台新5A購02,2026-09-08,0.49,0.05,11.36,49000000,0,綠縮,是,,0.43,0.72,1.38,,-56.7134,-52.5862,-23.1585
707812,信驊台新5A購01,2026-09-08,4.95,-0.3,-5.71,11000000,0,紅增,否,,4.38,4.06,3.17,,17.0588,29.2264,8.2295
707813,信驊台新5A購02,2026-09-08,3.42,-0.14,-3.93,347000000,0,紅增,是,,2.94,2.46,2.18,,47.7867,21.9911,23.2729
707816,力旺元大5A購04,2026-09-08,0.18,0.0,0.0,15000000,0,綠縮,否,,0.12,0.3,0.51,,-73.5043,-51.3158,-25.3323
707818,力旺元大5B購01,2026-09-08,0.14,0.04,40.0,130000000,0,綠轉紅,否,,0.1,0.12,0.18,,-26.7606,-25.0,-24.7312
707819,均豪元大5A購03,2026-09-08,0.3,-0.1,-25.0,100000000,0,紅縮,是,,0.33,0.34,0.43,,-6.2147,-22.7477,-6.6089
707820,旺矽元大5A購04,2026-09-08,0.7,0.01,1.45,216000000,0,綠縮,是,,0.7,0.91,0.97,,-36.6906,-8.3754,-19.0674
707821,旺矽元大5B購02,2026-09-08,1.03,0.13,14.44,40000000,0,綠縮,是,,1.0,1.22,1.68,,-30.8864,-18.4369,-19.2372
707822,旺矽元大61購02,2026-09-08,1.15,-0.01,-0.86,120000000,0,綠轉紅,否,,1.07,1.1,1.13,,-6.4799,-6.9865,-4.1189
707823,長科*元大5A購01,2026-09-08,0.85,-0.26,-23.42,1000000,0,綠縮,否,,0.98,1.12,2.03,,-22.5552,-36.3688,-25.7534
707828,信驊元大5A購02,2026-09-08,2.6,-0.4,-13.33,65000000,0,紅增,否,,2.36,1.92,1.85,,60.8163,9.2308,19.7087
707829,信驊元大63購01,2026-09-08,4.7,-0.35,-6.93,497000000,0,紅增,是,,4.42,4.13,4.14,,15.1562,2.1513,3.5156
707833,群翊元大61購01,2026-09-08,0.34,0.01,3.03,87000000,0,紅縮,否,,0.4,0.39,0.51,,2.0619,-18.8406,-12.1238
707834,精測元大5B購02,2026-09-08,0.88,0.1,12.82,3970000000,0,,是,,0.79,0.68,0.78,,39.2226,14.9406,-5.0122
707835,精測元大63購04,2026-09-08,0.57,0.09,18.75,74000000,0,,是,,0.59,0.64,0.66,,-16.2857,-8.0114,
707837,中光電國泰5B購01,2026-09-08,0.3,-0.18,-37.5,20000000,0,綠增,否,,1.14,1.63,2.02,,-46.5728,-35.0298,0.0248
707839,旺矽國泰5B購01,2026-09-08,1.06,0.19,21.84,1343000000,0,綠縮,是,,0.81,1.08,1.17,,-39.9705,-12.5705,-17.0861
707840,旺矽國泰5B購02,2026-09-08,0.78,0.15,23.81,79000000,0,綠縮,是,,0.62,0.93,1.1,,-49.6764,-17.8603,-20.6522
707843,旺矽統一64購02,2026-09-08,1.2,0.22,22.45,206000000,0,綠轉紅,是,,0.97,1.01,1.17,,-7.0746,-19.6016,-9.0591
707844,群聯統一64購01,2026-09-08,1.0,-0.02,-1.96,504000000,0,紅縮,是,,0.97,1.01,0.95,,-8.1285,-2.027,-0.9385
707845,精測統一64購03,2026-09-08,0.49,0.05,11.36,2478000000,0,紅增,是,,0.45,0.35,0.3,,78.5714,31.4607,15.9696
707846,力旺富邦5C購01,2026-09-08,0.2,0.08,66.67,3369000000,0,紅增,是,,0.14,0.13,0.15,,26.7857,-16.4474,-5.2632
707848,旺矽富邦64購02,2026-09-08,0.96,0.13,15.66,4040000000,0,綠縮,是,,0.85,1.04,1.16,,-30.5057,-21.1684,-11.9238
707849,欣銓富邦5A購01,2026-09-08,0.94,0.09,10.59,2000000,0,紅增,否,,0.87,0.83,0.81,,10.3797,7.3643,-9.5768
707850,欣銓富邦64購01,2026-09-08,0.81,-0.04,-4.71,130000000,0,紅縮,否,,0.85,0.83,0.81,,5.1724,9.6053,-7.5783
707851,信紘科富邦62購01,2026-09-08,0.4,-0.01,-2.44,643000000,0,,是,,0.32,0.3,0.47,,12.0567,-25.4364,-18.7119
707852,信驊富邦61購01,2026-09-08,3.75,-0.45,-10.71,568000000,0,紅增,否,,3.46,2.85,2.81,,53.4636,9.727,17.6224
707854,順達富邦62購01,2026-09-08,0.62,-0.06,-8.82,138000000,0,紅縮,否,,0.67,0.69,0.8,,-4.2857,-3.7921,-10.1628
707857,群翊富邦5B購01,2026-09-08,0.08,0.0,0.0,300000000,0,紅增,否,,0.1,0.11,0.14,,-18.6441,-15.0794,-28.25
707858,群聯富邦5C購01,2026-09-08,0.93,-0.02,-2.11,35000000,0,紅增,否,,0.89,0.95,0.9,,-11.9284,-5.2104,-1.4239
707859,群聯富邦61購01,2026-09-08,1.17,-0.02,-1.68,790000000,0,紅縮,否,,1.14,1.21,1.12,,-10.625,2.5381,-3.3204
707860,精測富邦61購01,2026-09-08,0.36,0.03,9.09,1480000000,0,紅增,否,,0.33,0.27,0.24,,66.0,43.7838,-5.9055
707868,聖暉*凱基5A購02,2026-09-08,0.1,-0.05,-33.33,20000000,0,,是,,0.23,2.0,2.88,,-93.9458,-51.2927,-16.1037
707870,環球晶兆豐5C購02,2026-09-08,3.32,-0.18,-5.14,6000000,0,,是,,4.14,,,,,,
707871,M31元大5A購01,2026-09-08,0.13,0.01,8.33,110000000,0,,是,,0.39,0.69,,,-61.3226,-52.0776,
707873,M31元大61購01,2026-09-08,0.24,0.07,41.18,180000000,0,綠縮,否,,0.2,0.26,0.41,,-37.9747,-26.2248,-19.5926
707874,M31元大63購01,2026-09-08,0.25,0.05,25.0,130000000,0,綠縮,是,,0.24,0.3,0.41,,-32.9609,-24.1117,-16.3968
707878,台嘉碩元大5A購02,2026-09-08,0.23,-0.08,-25.81,186000000,0,紅縮,是,,0.29,0.32,0.41,,-15.5172,-18.1122,-33.1719
707881,立碁元大63購01,2026-09-08,0.96,-0.15,-13.51,608000000,0,紅縮,否,,1.09,1.0,0.77,,19.5175,28.8288,28.2736
707884,家登元大61購01,2026-09-08,2.23,0.23,11.5,19000000,0,,是,,1.99,1.92,,,7.5758,-11.6943,
707889,世界群益5A購02,2026-09-08,0.6,-0.03,-4.76,161000000,0,,是,,2.58,3.61,3.03,,-44.4636,-0.9058,-1.9922
707892,翔名群益5A購01,2026-09-08,0.46,-0.04,-8.0,50000000,0,,否,,1.2,1.79,1.92,,-49.5805,-25.8171,-6.9233
707894,M31富邦5C購01,2026-09-08,0.19,0.05,35.71,103000000,0,紅增,是,,0.17,0.21,0.3,,-33.0645,-23.8971,-27.9518
707895,元太富邦61購01,2026-09-08,0.61,-0.05,-7.58,113000000,0,綠縮,是,,0.65,0.74,1.02,,-21.4976,-26.6865,-14.9708
707896,台星科富邦61購01,2026-09-08,0.35,-0.1,-22.22,845000000,0,紅縮,是,,0.44,0.44,0.42,,-0.905,9.7257,-2.4561
707897,均豪富邦62購01,2026-09-08,0.32,-0.05,-13.51,472000000,0,紅增,否,,0.31,0.28,0.3,,29.7521,11.2,-11.3772
707899,宏捷科富邦61購02,2026-09-08,0.05,0.0,0.0,499000000,0,紅增,否,,0.07,0.09,0.13,,-34.6154,-22.5225,-45.8065
707900,華景電富邦61購01,2026-09-08,0.12,-0.01,-7.69,1000000,0,紅縮,否,,0.15,0.15,0.17,,-8.642,-1.8987,-25.8547
707902,萬泰科富邦62購01,2026-09-08,0.55,-0.05,-8.33,130000000,0,綠增,否,,0.63,0.68,0.85,,-13.9344,-11.3281,-15.4649
707903,欣銓群益5A購02,2026-09-08,0.39,-0.07,-15.22,11000000,0,紅縮,否,,0.53,0.49,0.59,,18.3857,-0.8147,-25.8065
707907,方土昶元大5A購01,2026-09-08,1.59,-0.08,-4.79,12000000,0,紅縮,否,,2.32,2.04,2.16,,32.8,11.1293,-2.5542
707908,世界元大5A購03,2026-09-08,0.49,-0.06,-10.91,2000000,0,,否,,1.69,1.83,,,-14.459,,
707914,均豪元大5A購04,2026-09-08,0.51,-0.11,-17.74,222000000,0,紅縮,否,,0.53,0.49,0.47,,17.9372,13.8173,-8.4139
707915,沛亨元大5A購05,2026-09-08,0.18,0.05,38.46,335000000,0,綠縮,是,,0.16,0.19,0.49,,-31.3043,-51.1335,-29.3907
707916,邑昇元大5A購01,2026-09-08,0.35,-0.01,-2.78,31000000,0,紅縮,是,,0.42,0.37,0.5,,28.2209,-11.4286,-20.7087
707917,信紘科元大5A購02,2026-09-08,0.44,0.03,7.32,1821000000,0,綠縮,是,,0.29,0.38,0.67,,-38.7234,-41.6923,-25.5438
707918,家登元大5A購03,2026-09-08,0.37,0.0,0.0,125000000,0,,是,,0.36,0.54,0.94,,-49.8599,-45.1943,-26.5466
707919,家登元大5A購04,2026-09-08,0.94,0.08,9.3,103000000,0,,是,,0.87,0.72,1.12,,51.9298,-29.5388,
707921,華景電元大63購01,2026-09-08,0.15,0.0,0.0,10000000,0,綠縮,是,,0.16,0.2,0.26,,-31.9328,-12.6638,-24.5997
707923,德微元大5A購01,2026-09-08,1.72,-0.13,-7.03,2000000,0,,是,,1.84,3.35,,,-62.1611,-20.5165,
707926,均華凱基5A購01,2026-09-08,0.05,-0.03,-37.5,170000000,0,紅增,是,,0.08,0.17,0.23,,-67.4603,-39.7112,-33.6648
707931,環球晶凱基5A購01,2026-09-08,4.71,-0.27,-5.42,32000000,0,綠增,是,,4.91,5.33,5.64,,-14.7917,-2.8061,-14.1248
707933,均華富邦61購01,2026-09-08,0.29,-0.08,-21.62,2696000000,0,紅縮,否,,0.32,0.26,0.22,,65.9794,25.2427,16.6234
707934,沛亨富邦5B購01,2026-09-08,0.27,0.04,17.39,1000000,0,紅增,否,,0.25,0.24,0.43,,8.547,-20.0,-25.2824
707935,欣銓富邦5B購01,2026-09-08,0.35,-0.06,-14.63,104000000,0,紅縮,否,,0.4,0.38,0.37,,14.8571,2.1739,-3.7565
707943,富喬群益5A購03,2026-09-08,0.67,0.08,13.56,796000000,0,,是,,0.43,0.48,0.53,,-20.5224,-10.7607,-16.4577
707944,富喬群益5A購04,2026-09-08,0.75,0.29,63.04,509000000,0,紅增,是,,0.52,0.34,0.32,,226.5823,100.5952,-0.9317
707946,德微群益5A購01,2026-09-08,2.08,-0.03,-1.42,98000000,0,,是,,2.19,2.11,,,7.2549,,
707947,雙鴻群益5B購06,2026-09-08,0.7,-0.33,-32.04,61000000,0,紅縮,否,,0.67,0.51,0.55,,86.0335,18.7935,-0.2717
707949,千附凱基5A購01,2026-09-08,0.06,-0.01,-14.29,5000000,0,綠縮,否,,0.08,0.13,0.61,,-55.5556,-75.0,-19.6286
707952,艾訊凱基5B購01,2026-09-08,0.98,-0.15,-13.27,1000000,0,綠增,是,,1.1,1.37,1.68,,-32.8029,-26.5986,-11.2665
707953,均豪凱基5A購02,2026-09-08,0.08,-0.02,-20.0,520000000,0,綠縮,否,,0.11,0.16,0.3,,-48.0769,-56.9482,-33.4452
707954,沛亨凱基5A購02,2026-09-08,0.08,0.0,0.0,90000000,0,紅增,否,,0.09,0.1,0.21,,-18.8679,-26.1538,-49.7055
707957,新盛力凱基5B購01,2026-09-08,2.35,-0.1,-4.08,56000000,0,紅縮,否,,2.47,2.36,2.11,,10.3571,28.884,-9.8784
707959,雙鴻凱基5A購07,2026-09-08,0.59,-0.24,-28.92,35000000,0,紅縮,是,,0.85,0.57,0.53,,197.9021,113.1086,0.3799
707961,中美晶富邦5A購01,2026-09-08,1.39,0.02,1.46,10000000,0,綠增,是,,1.63,1.8,1.56,,-17.1923,-2.4959,4.1458
707962,長科*富邦62購01,2026-09-08,0.9,-0.14,-13.46,319000000,0,綠縮,否,,1.0,0.99,1.33,,2.4641,-6.4516,-19.8799
707963,家登富邦61購01,2026-09-08,0.59,-0.04,-6.35,1152000000,0,紅縮,是,,0.59,0.55,0.52,,15.1751,25.1131,-5.1188
707964,富喬富邦61購01,2026-09-08,0.54,0.02,3.85,2845000000,0,紅增,是,,0.46,0.4,0.26,,33.9181,62.6016,36.8831
707965,聖暉*富邦5C購01,2026-09-08,0.45,-0.06,-11.76,577000000,0,綠縮,是,,0.47,0.53,0.96,,-19.7952,-33.8346,-35.2426
707968,優群富邦61購01,2026-09-08,0.18,0.0,0.0,27000000,0,綠縮,否,,0.19,0.23,0.47,,-30.8824,-46.8822,-22.3404
707971,巨有元大5A購01,2026-09-08,0.45,0.18,66.67,24000000,0,紅增,否,,0.29,0.33,0.36,,-18.4358,-6.6092,-40.8826
707972,富喬元大5C購02,2026-09-08,0.54,0.05,10.2,2792000000,0,紅增,是,,0.45,0.39,0.27,,40.3727,67.5325,25.0
707975,雙鴻兆豐5C購02,2026-09-08,0.84,-0.28,-25.0,7000000,0,紅縮,是,,1.01,0.7,0.61,,164.0625,53.2895,10.6884
707977,富喬國票5A購02,2026-09-08,0.5,0.07,16.28,1138000000,0,紅增,是,,0.4,0.35,0.37,,38.6207,19.3103,-2.5033
707978,富喬國票5B購02,2026-09-08,0.68,0.13,23.64,623000000,0,紅增,是,,0.61,0.42,0.37,,166.9565,91.8182,7.6479
707979,華義國票5B購01,2026-09-08,0.13,-0.01,-7.14,121000000,0,,否,,0.11,0.11,0.24,,12.0,-50.4673,
707984,聖暉*凱基5C購01,2026-09-08,0.66,-0.08,-10.81,114000000,0,綠縮,否,,0.66,0.76,1.22,,-22.0657,-28.9597,-29.7492
707985,德微凱基5A購02,2026-09-08,0.58,-0.13,-18.31,1000000,0,,是,,0.66,1.38,2.48,,-68.4411,-56.5599,-28.3379
707991,群聯國泰5B購01,2026-09-08,1.78,0.13,7.88,1000000,0,紅增,否,,1.62,1.68,1.53,,-6.6897,5.7413,-9.034
707992,群聯國泰5B購02,2026-09-08,1.24,-0.01,-0.8,19000000,0,紅縮,否,,1.33,1.39,1.24,,-8.2988,19.0722,-12.763
707993,立碁元大5A購04,2026-09-08,0.32,-0.05,-13.51,3000000,0,,是,,0.47,0.34,0.37,,128.4314,28.8462,
707994,系微元大5C購01,2026-09-08,0.15,0.04,36.36,50000000,0,綠縮,是,,0.15,0.31,0.47,,-67.9487,-49.0099,-24.0741
707995,德微元大5A購02,2026-09-08,0.36,-0.09,-20.0,3000000,0,,是,,0.42,1.12,1.77,,-76.7108,-48.4779,
707996,立碁永豐5B購02,2026-09-08,0.45,-0.05,-10.0,80000000,0,,是,,0.52,0.44,,,40.0,15.9269,
707998,群聯永豐5C購01,2026-09-08,0.94,-0.02,-2.08,325000000,0,紅縮,否,,0.91,0.96,0.91,,-9.0,-5.1639,-0.654
708002,雙鴻永豐61購03,2026-09-08,1.03,-0.22,-17.6,1000000,0,紅縮,否,,1.19,0.88,0.69,,111.3475,73.5178,26.6789
708005,系微國票5B購01,2026-09-08,0.14,0.07,100.0,250000000,0,,是,,0.36,0.49,,,-43.131,-28.3212,
708006,良維國票5B購01,2026-09-08,0.21,-0.02,-8.7,1045000000,0,綠縮,是,,0.21,0.22,0.52,,-12.605,-57.6046,-32.6003
708008,群聯國票5B購03,2026-09-08,0.98,0.01,1.03,613000000,0,紅增,是,,0.92,1.0,0.98,,-15.9633,-10.2862,-3.6507
708009,聖暉*國票5B購01,2026-09-08,0.25,-0.04,-13.79,25000000,0,綠縮,否,,0.28,0.7,1.39,,-74.6881,-52.7236,-24.3611
708012,捷創台新5A購01,2026-09-08,0.42,-0.11,-20.75,602000000,0,,是,,0.54,0.55,0.82,,-4.9645,-20.5202,
708016,群聯台新5A購02,2026-09-08,2.41,-0.1,-3.98,169000000,0,紅縮,否,,2.35,2.66,2.5,,-21.0491,-0.1126,-13.8318
708017,群聯台新5A購03,2026-09-08,1.41,0.0,0.0,382000000,0,紅增,是,,1.33,1.55,1.69,,-25.3093,-15.2755,-14.499
708018,穩得台新5A購01,2026-09-08,0.17,0.0,0.0,10000000,0,綠縮,是,,0.25,0.37,0.75,,-48.5597,-51.6426,-29.4228
708020,東捷凱基5A購03,2026-09-08,2.06,0.71,52.59,3000000,0,紅增,否,,1.24,1.08,1.73,,32.334,-19.0902,-25.1081
708021,群聯凱基5B購01,2026-09-08,1.2,0.01,0.84,12000000,0,綠縮,否,,1.2,1.28,1.83,,-12.9549,-25.6366,-13.4184
708025,大綜國票5A購01,2026-09-08,0.59,0.02,3.51,40000000,0,紅增,否,,0.61,0.69,0.88,,-22.3077,-23.0855,-15.8654
708026,太景*國票5B購01,2026-09-08,0.14,0.0,0.0,455000000,0,綠縮,是,,0.14,0.16,0.26,,-27.6596,-17.3469,-11.399
708027,良維國票5B購02,2026-09-08,0.25,-0.05,-16.67,751000000,0,紅增,是,,0.26,0.21,0.37,,68.8312,-17.5299,-26.3105
708028,朋程國票5A購01,2026-09-08,0.33,-0.1,-23.26,42000000,0,綠縮,否,,0.47,0.52,0.86,,-17.8322,-11.545,-31.6899
708029,崴寶國票5B購01,2026-09-08,0.26,-0.11,-29.73,249000000,0,紅縮,否,,0.31,0.26,0.32,,54.4554,-7.554,-12.0383
708031,群聯國票5B購04,2026-09-08,1.19,-0.06,-4.8,33000000,0,紅縮,否,,1.17,1.25,1.14,,-12.4625,4.5188,-4.7897
708033,譜瑞國票5B購01,2026-09-08,0.14,-0.04,-22.22,100000000,0,紅縮,否,,0.19,0.21,0.3,,-18.1034,-26.7361,-24.533
708037,雙鴻永豐5B購03,2026-09-08,0.58,-0.23,-28.4,112000000,0,,是,,0.7,0.58,,,51.7391,12.8655,
708039,力致國泰5C購01,2026-09-08,0.37,-0.05,-11.9,2000000,0,綠縮,否,,0.4,0.41,0.72,,-4.7393,-41.6431,-20.5
708040,良維元大5A購04,2026-09-08,0.14,-0.06,-30.0,40000000,0,紅增,否,,0.16,0.17,0.3,,-13.0435,-24.8908,-36.8912
708043,良維富邦61購01,2026-09-08,0.23,-0.01,-4.17,1030000000,0,紅縮,否,,0.24,0.27,0.34,,-17.1233,-3.9568,-21.1696
708044,新盛力富邦61購02,2026-09-08,1.17,-0.11,-8.59,134000000,0,紅轉綠,是,,1.27,1.41,1.17,,-17.2727,4.8435,7.0481
708046,系統電群益5B購01,2026-09-08,0.25,-0.05,-16.67,1000000,0,綠縮,否,,0.46,0.73,1.24,,-53.4274,-44.4614,-27.5044
708048,臺慶科群益5A購01,2026-09-08,0.94,-0.13,-12.15,20000000,0,,是,,1.03,1.15,,,-19.0852,-45.9472,
708049,雙鴻群益5A購07,2026-09-08,0.65,-0.19,-22.62,230000000,0,紅縮,是,,0.83,0.57,0.56,,162.0253,44.0806,-10.6013
708051,兆利台新5A購01,2026-09-08,0.22,-0.04,-15.38,94000000,0,,否,,0.57,0.82,,,-46.5291,-35.6412,
708052,兆利台新5A購02,2026-09-08,0.04,-0.06,-60.0,150000000,0,,否,,0.3,0.46,,,-51.4658,,
708054,環球晶台新5A購04,2026-09-08,3.3,-0.38,-10.33,71000000,0,綠縮,否,,3.51,3.86,4.74,,-16.2536,-3.1164,-19.1301
708055,群聯元大5A購03,2026-09-08,0.66,-0.04,-5.71,15000000,0,綠增,否,,0.66,1.11,1.13,,-57.5448,-24.372,-9.7072
708057,環球晶元大5A購03,2026-09-08,3.09,-0.11,-3.44,10000000,0,綠縮,否,,3.0,3.82,5.44,,-35.2865,-37.7969,-21.6699
708058,環球晶元大5A購04,2026-09-08,1.98,-0.27,-12.0,2000000,0,綠增,否,,2.17,3.59,3.75,,-56.8698,-27.6716,-4.6935
708061,欣銓凱基5A購03,2026-09-08,0.6,-0.2,-25.0,19000000,0,紅增,否,,0.57,0.58,0.74,,-3.3784,-12.8743,-17.936
708063,群聯凱基5B購02,2026-09-08,0.46,0.02,4.55,12000000,0,紅縮,否,,0.48,0.56,0.52,,-25.8567,0.7207,-19.5385
708065,中美晶群益5C購01,2026-09-08,1.28,-0.09,-6.57,349000000,0,綠縮,否,,1.37,1.45,2.43,,-10.9518,-34.0909,-11.166
708066,群聯群益5B購02,2026-09-08,0.68,0.01,1.49,417000000,0,紅增,是,,0.63,0.69,0.68,,-15.2406,-9.555,-5.6513
708067,群聯群益5C購01,2026-09-08,1.1,-0.05,-4.35,323000000,0,紅縮,否,,1.08,1.15,1.13,,-11.5824,-7.3777,-4.555
708069,精材群益5A購06,2026-09-08,7.7,0.1,1.32,62000000,0,紅增,是,,5.81,4.49,4.5,,82.9345,5.0257,21.5657
708070,雙鴻群益5B購07,2026-09-08,0.51,-0.27,-34.62,1600000000,0,紅縮,否,,0.72,0.51,0.34,,147.2603,114.8305,55.2036
708071,凡甲國票5B購01,2026-09-08,0.25,-0.03,-10.71,8000000,0,綠縮,否,,0.29,0.4,0.73,,-41.6667,-49.9373,-23.1055
708073,中美晶國票5B購01,2026-09-08,1.11,-0.09,-7.5,6000000,0,綠縮,否,,1.2,1.3,2.19,,-14.3266,-37.9904,-8.7328
708074,欣銓國票5C購01,2026-09-08,1.02,-0.14,-12.07,4000000,0,紅轉綠,否,,1.16,1.11,1.23,,10.0569,-3.8228,-1.8371
708076,群聯國票5B購05,2026-09-08,1.18,-0.04,-3.28,991000000,0,紅縮,是,,1.16,1.29,1.25,,-18.4507,-5.6369,-8.7304
708077,精材國票5B購01,2026-09-08,5.15,0.23,4.67,6000000,0,紅增,否,,4.3,3.17,2.83,,111.7126,72.3069,13.9118
708079,鴻呈國泰5C購01,2026-09-08,0.77,-0.15,-16.3,339000000,0,紅轉綠,否,,1.19,1.22,1.12,,-4.9679,0.5785,3.407
708083,家登富邦5C購02,2026-09-08,0.9,-0.04,-4.26,1111000000,0,紅縮,是,,0.92,0.83,0.75,,23.9892,21.137,-1.1214
708084,群聯富邦5C購02,2026-09-08,0.98,-0.03,-2.97,156000000,0,紅縮,否,,0.99,1.01,0.94,,-4.6422,4.2312,-2.8336
708085,群聯富邦61購02,2026-09-08,0.83,-0.02,-2.35,166000000,0,紅縮,否,,0.81,0.85,0.82,,-10.643,-4.2601,-2.2727
708086,譜瑞富邦5C購03,2026-09-08,0.21,-0.05,-19.23,50000000,0,紅縮,否,,0.27,0.34,0.45,,-32.3383,-23.9278,-27.8441
708087,譜瑞富邦61購01,2026-09-08,0.17,-0.04,-19.05,178000000,0,紅增,否,,0.21,0.23,0.36,,-16.2602,-28.7066,-24.0799
708089,群聯永豐64購02,2026-09-08,1.01,0.04,4.12,3000000,0,紅增,否,,0.95,0.99,0.94,,-8.4942,-1.7822,-0.3178
708090,精材永豐5B購02,2026-09-08,5.05,0.09,1.81,9000000,0,綠轉紅,否,,4.3,4.09,4.01,,10.6536,-3.1701,7.7615
708091,中美晶凱基61購02,2026-09-08,1.91,-0.01,-0.52,6000000,0,綠縮,否,,1.79,2.11,2.73,,-26.4415,-7.8706,-6.5169
708093,群聯凱基61購01,2026-09-08,0.52,-0.02,-3.7,179000000,0,紅縮,否,,0.51,0.55,0.55,,-15.3333,-5.9423,-9.4495
708095,環球晶凱基5B購02,2026-09-08,3.72,0.28,8.14,10000000,0,,是,,3.82,5.3,,,-43.5489,-13.8514,
708098,台星科國票5C購01,2026-09-08,0.4,-0.13,-24.53,5000000,0,,是,,0.61,0.82,,,-40.2344,,
708103,原相國票5B購01,2026-09-08,0.21,-0.04,-16.0,290000000,0,綠增,是,,0.47,0.52,0.73,,-17.8947,-11.4334,-23.3664
708108,精華國票5C購01,2026-09-08,0.19,-0.01,-5.0,100000000,0,綠縮,是,,0.2,0.24,0.29,,-23.3083,-18.4028,-12.6911
708109,磐儀國票5C購01,2026-09-08,0.19,-0.02,-9.52,56000000,0,綠縮,否,,0.21,0.26,0.38,,-32.9114,-35.7664,-12.1528
708110,世界台新5B購01,2026-09-08,0.52,-0.06,-10.34,78000000,0,綠縮,否,,0.53,0.84,2.1,,-53.5777,-65.2156,-12.9407
708114,家登台新62購01,2026-09-08,1.25,0.04,3.31,10000000,0,紅增,否,,1.21,0.95,1.18,,77.4194,1.5021,-6.7743
708115,勤凱台新5B購01,2026-09-08,1.26,-0.13,-9.35,300000000,0,紅增,是,,1.34,1.17,1.65,,33.002,2.8973,-42.2082
708117,群聯台新5B購02,2026-09-08,0.38,-0.04,-9.52,974000000,0,紅縮,是,,0.42,0.52,0.54,,-31.6993,-15.1565,-16.5391
708118,世界群益5B購05,2026-09-08,1.21,-0.17,-12.32,260000000,0,綠縮,是,,1.3,1.6,2.15,,-32.0042,-21.404,-24.512
708120,家登群益5B購01,2026-09-08,0.69,-0.06,-8.0,80000000,0,紅增,是,,0.65,0.65,0.88,,-1.5152,-15.1554,-12.3016
708121,家登群益61購01,2026-09-08,0.77,0.1,14.93,109000000,0,紅增,是,,0.67,0.56,0.65,,46.9298,1.8083,-14.4073
708124,高鋒永豐5C購01,2026-09-08,0.22,-0.04,-15.38,55000000,0,綠增,否,,0.28,0.36,0.4,,-37.9464,-10.5911,-16.4241
708128,東捷國泰61購01,2026-09-08,4.5,1.15,34.33,65000000,0,,是,,3.02,2.62,2.77,,35.2151,22.7209,
708129,欣銓國泰5C購01,2026-09-08,1.31,-0.23,-14.94,51000000,0,紅縮,否,,1.47,1.37,1.31,,15.7978,4.1159,-1.9754
708131,中美晶富邦61購01,2026-09-08,1.34,-0.12,-8.22,251000000,0,綠縮,否,,1.41,1.48,2.04,,-8.9147,-18.3775,-12.9823
708132,環球晶富邦5C購02,2026-09-08,1.47,0.01,0.68,10000000,0,綠增,是,,1.59,2.41,2.33,,-50.6807,-14.3719,2.9094
708136,世界元大5B購03,2026-09-08,0.88,-0.1,-10.2,4000000,0,綠縮,否,,0.99,1.13,1.35,,-22.2047,-11.3119,-17.2456
708137,均豪元大5B購01,2026-09-08,0.33,-0.1,-23.26,118000000,0,,是,,0.37,0.48,,,-36.7347,-34.3365,
708138,群聯元大5B購01,2026-09-08,1.15,0.06,5.5,36000000,0,綠縮,否,,1.1,1.21,1.64,,-16.4902,-18.7542,-19.7794
708139,群聯元大5B購02,2026-09-08,1.07,0.06,5.94,50000000,0,綠縮,否,,1.0,1.4,1.76,,-44.3701,-22.6164,-15.2069
708140,群聯元大64購01,2026-09-08,0.97,0.0,0.0,28000000,0,紅縮,否,,1.01,1.07,1.03,,-10.6383,5.8474,-8.5192
708146,世界凱基5B購01,2026-09-08,0.3,-0.05,-14.29,100000000,0,綠縮,否,,0.36,0.5,0.79,,-43.4783,-27.2727,-32.725
708148,欣銓凱基61購01,2026-09-08,0.87,-0.09,-9.38,159000000,0,紅縮,是,,0.98,0.94,1.03,,8.1678,-2.7835,-12.6486
708150,家登凱基5B購01,2026-09-08,0.43,-0.03,-6.52,1000000,0,綠增,否,,0.54,0.59,0.79,,-14.4654,-27.5184,-11.0302
708152,群聯凱基63購01,2026-09-08,0.72,0.04,5.88,20000000,0,綠轉紅,否,,0.67,0.7,0.76,,-9.4851,-20.4751,-8.3832
708160,系微富邦63購01,2026-09-08,0.29,0.11,61.11,1210000000,0,綠縮,是,,0.23,0.24,0.43,,-13.0769,-35.3723,-20.4963
708162,原相富邦5B購01,2026-09-08,0.15,-0.03,-16.67,40000000,0,綠增,否,,0.2,0.26,0.31,,-37.9747,-24.4838,-26.0
708164,群聯富邦62購01,2026-09-08,0.65,-0.02,-2.99,1356000000,0,紅縮,否,,0.64,0.68,0.65,,-10.3352,-5.2999,-2.4645
708165,群聯富邦62購02,2026-09-08,0.51,0.01,2.0,340000000,0,紅增,否,,0.48,0.52,0.51,,-12.0,-10.5536,-3.2988
708167,東捷永豐64購02,2026-09-08,1.75,0.4,29.63,192000000,0,紅增,否,,1.24,1.09,1.08,,32.1277,15.4497,-9.0143
708168,東捷永豐67購01,2026-09-08,1.75,0.25,16.67,49000000,0,紅增,否,,1.37,1.25,1.27,,22.0249,9.4571,-8.9574
708171,家登中信5B購01,2026-09-08,0.31,-0.04,-11.43,150000000,0,紅增,是,,0.34,0.3,0.4,,30.2326,-15.864,-20.6726
708173,欣銓兆豐61購01,2026-09-08,0.91,-0.03,-3.19,80000000,0,紅縮,否,,0.96,0.92,0.86,,8.8636,23.1903,-8.7813
708176,東捷國票5C購01,2026-09-08,1.94,0.42,27.63,87000000,0,紅增,否,,1.3,1.06,1.09,,58.4352,20.5245,-14.867
708178,群翊國票5C購01,2026-09-08,0.15,0.0,0.0,100000000,0,,否,,0.31,,,,,,
708179,群聯國票66購01,2026-09-08,0.81,-0.01,-1.22,117000000,0,紅增,否,,0.78,0.82,0.79,,-9.2593,-2.2539,-2.3956
708180,東捷群益5B購02,2026-09-08,1.19,0.29,32.22,2000000,0,綠轉紅,否,,0.67,0.79,1.1,,-26.477,-22.1022,-23.9641
708181,東捷群益5B購03,2026-09-08,1.46,0.43,41.75,106000000,0,紅增,否,,0.85,0.68,0.78,,68.9243,10.8374,-24.1379
708183,群聯群益61購03,2026-09-08,0.5,-0.01,-1.96,30000000,0,紅增,否,,0.48,0.51,0.51,,-12.7737,-3.7523,-7.8804
708184,久元元大64購01,2026-09-08,0.39,-0.03,-7.14,121000000,0,綠縮,是,,0.41,0.48,0.68,,-26.9784,-28.3159,-24.0293
708186,東捷元大5B購01,2026-09-08,2.28,0.62,37.35,2000000,0,紅增,否,,1.43,1.26,1.91,,30.7692,-2.6275,-27.8964
708189,東捷元大5B購04,2026-09-08,0.96,0.28,41.18,42000000,0,綠縮,否,,0.62,1.01,1.62,,-55.3009,-43.6069,-15.4027
708190,家登元大5B購02,2026-09-08,0.84,0.05,6.33,123000000,0,綠縮,是,,0.75,0.98,1.36,,-38.4236,-34.1806,-15.0407
708194,群聯元大5B購03,2026-09-08,0.4,-0.05,-11.11,25000000,0,紅增,否,,0.4,0.49,0.54,,-29.4737,-15.4783,-16.3566
708195,群聯元大64購02,2026-09-08,0.71,-0.1,-12.35,471000000,0,紅轉綠,是,,1.19,1.24,1.21,,-7.9193,24.6976,-13.0717
708204,安葆凱基5C購01,2026-09-08,0.19,0.01,5.56,80000000,0,,否,,0.18,,,,,,
708205,家登凱基5B購02,2026-09-08,0.5,-0.02,-3.85,1000000,0,,否,,0.68,0.81,,,-28.0255,-21.2828,
708207,順達凱基63購01,2026-09-08,0.92,-0.07,-7.07,130000000,0,紅增,是,,0.99,0.98,1.24,,2.268,-5.4002,-11.6744
708209,群聯凱基64購01,2026-09-08,0.67,0.02,3.08,12000000,0,紅增,否,,0.63,0.72,0.65,,-21.0,5.2941,-17.2918
708210,環球晶凱基5B購03,2026-09-08,3.23,-0.34,-9.52,31000000,0,綠縮,是,,3.43,3.62,4.71,,-9.8688,-13.2247,-4.4666
708228,凡甲富邦61購01,2026-09-08,0.23,-0.02,-8.0,5000000,0,綠增,否,,0.29,0.34,0.47,,-27.1357,-24.0618,-16.4444
708229,中光電富邦62購01,2026-09-08,0.94,-0.12,-11.32,80000000,0,綠增,否,,1.39,1.74,2.24,,-33.2054,-23.8387,-8.4251
708231,捷創富邦62購01,2026-09-08,0.66,0.0,0.0,293000000,0,紅增,否,,0.66,0.59,0.63,,28.7938,1.2048,-2.6194
708232,世界永豐5C購01,2026-09-08,0.68,-0.05,-6.85,282000000,0,綠縮,是,,0.7,0.75,0.88,,-12.3116,-9.8914,-19.6364
708233,家登永豐61購01,2026-09-08,0.49,0.08,19.51,12000000,0,紅增,否,,0.42,0.36,0.46,,42.5676,-6.5104,-17.7158
708234,家碩永豐5B購01,2026-09-08,0.05,-0.01,-16.67,100000000,0,,是,,0.07,0.1,0.19,,-40.3226,-41.0714,-34.676
708235,群聯永豐65購02,2026-09-08,0.64,0.01,1.59,190000000,0,紅增,否,,0.62,0.64,0.6,,-6.0976,-1.7002,0.5843
708240,晶宏國票5C購01,2026-09-08,2.96,-0.4,-11.9,54000000,0,紅縮,否,,3.32,2.48,1.87,,103.0562,61.3932,35.8443
708241,翔名國票5C購01,2026-09-08,0.56,-0.06,-9.68,200000000,0,綠增,否,,0.73,0.82,1.19,,-19.426,-23.4799,-21.7835
708242,聰泰國票5C購01,2026-09-08,0.31,0.0,0.0,151000000,0,綠轉紅,是,,0.3,0.37,0.43,,-32.1267,-7.25,-20.8029
708246,世界群益5B購06,2026-09-08,1.11,-0.08,-6.72,48000000,0,綠縮,否,,1.16,1.62,2.47,,-44.3912,-34.0512,-30.2713
708248,家登群益5B購02,2026-09-08,0.31,-0.04,-11.43,150000000,0,綠縮,是,,0.33,0.43,0.71,,-38.0228,-38.705,-22.868
708250,群聯群益5B購03,2026-09-08,0.3,-0.03,-9.09,801000000,0,紅縮,否,,0.3,0.36,0.39,,-26.57,-18.7783,-11.7312
708253,均豪元大5B購02,2026-09-08,0.31,-0.04,-11.43,676000000,0,紅增,是,,0.29,0.36,0.36,,-32.3944,-11.194,-23.9833
708254,均豪元大65購01,2026-09-08,0.4,-0.07,-14.89,2167000000,0,紅縮,是,,0.42,0.47,0.46,,-19.7719,-3.0675,-11.1861
708255,家登元大5B購03,2026-09-08,1.1,0.05,4.76,102000000,0,,是,,1.07,1.33,1.44,,-32.702,-16.6142,-10.2492
708256,群聯元大5B購04,2026-09-08,0.71,0.01,1.43,210000000,0,紅增,否,,0.68,0.85,0.84,,-33.4638,-4.5964,-16.9132
708257,群聯元大5B購05,2026-09-08,0.4,0.01,2.56,2000000,0,紅增,否,,0.38,0.44,0.45,,-24.9012,-10.5051,-15.7796
708258,群聯元大64購03,2026-09-08,0.83,0.0,0.0,185000000,0,紅縮,否,,1.03,1.04,0.92,,-3.0189,21.2544,-6.6768
708259,精材元大5B購08,2026-09-08,7.4,0.15,2.07,10000000,0,綠轉紅,是,,4.56,4.4,3.41,,7.896,28.9443,28.4127
708260,精材元大5B購09,2026-09-08,10.2,2.15,26.71,2000000,0,紅增,是,,7.03,6.47,5.33,,18.6824,23.7194,27.0138
708262,璟德元大5B購01,2026-09-08,0.04,-0.02,-33.33,70000000,0,綠縮,是,,0.13,0.15,0.57,,-30.7692,-54.3027,-37.2788
708266,威剛元大5B購04,2026-09-08,0.34,0.04,13.33,120000000,0,綠縮,是,,0.3,0.37,0.41,,-30.2752,-16.0998,-17.2205
708267,威剛元大5B購05,2026-09-08,0.35,0.0,0.0,1368000000,0,綠縮,是,,0.35,0.41,0.45,,-24.0343,-15.9836,-14.914
708268,威剛元大64購01,2026-09-08,0.59,0.01,1.72,1070000000,0,紅增,否,,0.57,0.6,0.61,,-9.7792,-4.7393,-0.9812
708269,陽程元大61購03,2026-09-08,2.88,-0.34,-10.56,90000000,0,紅縮,否,,3.42,2.62,1.85,,87.8156,91.5267,35.7694
708270,群聯元大5B購06,2026-09-08,0.27,0.01,3.85,1000000,0,紅增,否,,0.26,0.35,0.37,,-40.991,-13.2678,-32.1558
708274,勤凱國泰5C購01,2026-09-08,0.87,-0.04,-4.4,111000000,0,,是,,0.87,0.82,0.94,,13.2468,3.0113,
708277,均豪凱基65購01,2026-09-08,0.46,0.07,17.95,20000000,0,,否,,0.41,0.42,0.55,,-3.7559,-17.2277,
708279,威剛凱基5B購03,2026-09-08,0.2,0.03,17.65,840000000,0,綠縮,是,,0.18,0.23,0.28,,-33.8235,-25.4125,-14.4796
708280,群聯凱基64購02,2026-09-08,0.6,0.02,3.45,52000000,0,紅增,否,,0.56,0.59,0.55,,-9.4156,-4.3974,-8.126
708282,寶雅凱基5B購01,2026-09-08,1.01,-0.1,-9.01,1000000,0,綠增,否,,1.18,1.8,1.57,,-51.4003,-0.0554,-2.361
708287,凡甲國票5C購02,2026-09-08,0.1,-0.01,-9.09,20000000,0,,否,,0.12,0.28,0.5,,-73.8739,-43.4343,
708289,方土昶國票5C購01,2026-09-08,1.02,-0.07,-6.42,9000000,0,紅縮,否,,1.29,1.36,1.13,,-10.1955,24.9081,1.1211
708292,威剛國票5C購01,2026-09-08,0.58,0.07,13.73,520000000,0,綠縮,是,,0.51,0.59,0.64,,-22.8228,-15.3515,-12.3978
708295,華宏國票5C購01,2026-09-08,0.18,-0.04,-18.18,628000000,0,,是,,0.15,0.28,,,-64.5933,,
708302,欣銓永豐61購01,2026-09-08,0.74,-0.07,-8.64,20000000,0,紅縮,否,,0.82,0.8,0.77,,5.4124,9.0287,-7.494
708303,威剛永豐5B購01,2026-09-08,0.22,0.01,4.76,10000000,0,綠增,否,,0.28,0.33,0.4,,-24.1935,-14.3979,-17.7503
708304,威剛永豐5C購02,2026-09-08,0.46,0.02,4.55,3000000,0,綠增,否,,0.52,0.54,0.58,,-5.7971,-1.2891,-9.8514
708305,威剛永豐61購01,2026-09-08,0.67,0.07,11.67,51000000,0,紅縮,否,,0.72,0.74,0.8,,-5.291,-2.9024,-7.8781
708306,威剛永豐65購01,2026-09-08,1.32,0.04,3.12,25000000,0,綠縮,否,,1.26,1.35,1.35,,-12.0112,-3.9943,-5.1481
708308,鉅橡永豐61購01,2026-09-08,0.07,-0.01,-12.5,50000000,0,綠縮,否,,0.09,0.11,0.22,,-35.7143,-40.7216,-32.3217
708312,正淩群益63購01,2026-09-08,0.74,-0.09,-10.84,216000000,0,紅增,是,,0.72,0.7,0.75,,7.7381,5.4381,-18.4682
708315,岳豐群益65購01,2026-09-08,0.34,-0.01,-2.86,15000000,0,綠縮,否,,0.36,0.41,0.75,,-24.5763,-44.504,-22.2917
708316,威剛群益5B購02,2026-09-08,0.41,0.03,7.89,60000000,0,綠縮,否,,0.43,0.47,0.52,,-15.2344,-6.1508,-11.6894
708317,威剛群益5C購01,2026-09-08,0.67,0.07,11.67,1000000,0,綠縮,否,,0.69,0.73,0.89,,-9.1623,-14.8364,-11.7852
708318,威剛群益61購01,2026-09-08,0.69,0.01,1.47,111000000,0,,是,,0.8,0.91,1.09,,-22.7184,-16.1616,
708322,寶雅群益61購01,2026-09-08,1.05,-0.02,-1.87,22000000,0,綠增,否,,1.1,1.25,1.16,,-21.1429,-9.0116,-1.1484
708326,方土昶凱基5C購01,2026-09-08,1.25,-0.08,-6.02,10000000,0,紅轉綠,否,,1.33,1.62,1.41,,-30.5031,7.2993,-4.367
708329,艾訊凱基5B購02,2026-09-08,0.3,-0.06,-16.67,10000000,0,綠縮,否,,0.41,0.58,0.83,,-45.5764,-40.7407,-21.831
708331,威剛凱基5B購04,2026-09-08,0.14,-0.05,-26.32,924000000,0,紅增,是,,0.14,0.18,0.23,,-33.3333,-26.8293,-15.5556
708332,家登凱基5B購03,2026-09-08,0.12,-0.01,-7.69,102000000,0,,是,,0.15,0.24,0.39,,-55.7576,-46.9933,-27.2385
708335,群聯凱基61購02,2026-09-08,0.45,-0.02,-4.26,610000000,0,紅縮,否,,0.46,0.49,0.49,,-10.7692,-5.0193,-9.311
708336,廣穎凱基5B購01,2026-09-08,3.63,-0.14,-3.71,3000000,0,綠增,否,,4.52,3.72,4.96,,54.6512,-5.6752,-14.021
708337,環球晶凱基5C購02,2026-09-08,1.63,-0.18,-9.94,350000000,0,綠縮,否,,1.74,1.94,2.81,,-18.3099,-6.9712,-14.7317
708342,艾訊台新5B購01,2026-09-08,1.09,-0.14,-11.38,30000000,0,綠增,否,,1.3,1.41,1.82,,-14.4928,-19.2197,-16.2299
708350,順達台新5B購02,2026-09-08,1.59,-0.09,-5.36,62000000,0,紅增,是,,1.74,1.76,1.88,,-2.1396,9.0627,-12.9621
708353,群聯台新5B購03,2026-09-08,0.5,0.04,8.7,1000000,0,紅增,否,,0.47,0.52,0.54,,-19.9313,-12.812,-8.6221
708358,台星科兆豐61購01,2026-09-08,0.42,-0.09,-17.65,2000000,0,綠增,否,,0.52,0.54,0.64,,-6.1372,-17.1296,-5.6338
708359,均豪兆豐61購01,2026-09-08,0.3,-0.07,-18.92,494000000,0,紅縮,否,,0.31,0.27,0.31,,36.2832,6.3745,-10.0143
708363,環球晶群益5B購03,2026-09-08,1.97,-0.09,-4.37,5000000,0,,是,,2.02,3.58,,,-60.5458,-19.4551,
708365,凡甲元大5B購03,2026-09-08,0.35,-0.04,-10.26,1000000,0,紅增,否,,0.43,0.51,0.78,,-28.0405,-32.4934,-25.947
708366,凡甲元大65購01,2026-09-08,0.57,-0.04,-6.56,41000000,0,紅增,否,,0.62,0.63,0.78,,-4.3344,-16.2914,-15.4261
708367,久元元大5B購01,2026-09-08,0.09,-0.02,-18.18,10000000,0,綠縮,否,,0.12,0.2,0.35,,-57.6389,-41.2607,-27.2727
708370,台星科元大5B購02,2026-09-08,0.58,-0.18,-23.68,230000000,0,紅縮,是,,0.72,0.73,0.79,,-2.4259,-3.9318,-18.1487
708372,沛亨元大5B購01,2026-09-08,0.83,0.14,20.29,378000000,0,紅增,是,,0.78,0.69,0.83,,29.4702,9.306,-29.1419
708373,欣銓元大5B購01,2026-09-08,0.81,-0.07,-7.95,244000000,0,紅縮,是,,0.94,0.94,0.92,,-1.0549,3.3991,-11.3833
708374,欣銓元大64購01,2026-09-08,0.71,-0.02,-2.74,7000000,0,綠增,是,,0.78,0.84,0.88,,-13.969,-9.2973,-4.1712
708377,威剛元大5B購07,2026-09-08,0.44,0.01,2.33,267000000,0,綠縮,否,,0.42,0.48,0.52,,-20.3774,-13.4545,-6.853
708380,家登元大64購01,2026-09-08,0.5,-0.02,-3.85,297000000,0,,是,,0.51,0.47,0.63,,16.9725,-25.1582,-12.3249
708387,均豪國泰62購01,2026-09-08,1.09,-0.17,-13.49,302000000,0,紅縮,否,,1.08,0.97,0.9,,24.537,15.3389,-10.1101
708389,家登國泰5C購01,2026-09-08,0.53,-0.02,-3.64,104000000,0,綠縮,是,,0.41,0.58,0.7,,-45.4301,-24.6396,-12.3518
708391,力領台新5B購01,2026-09-08,0.38,-0.25,-39.68,130000000,0,紅縮,是,,0.6,0.66,0.74,,-16.4804,-11.4555,-21.474
708395,新盛力台新62購01,2026-09-08,3.22,-0.12,-3.59,16000000,0,,是,,3.03,3.61,,,-27.4857,-1.3934,
708396,群聯台新5B購05,2026-09-08,0.67,-0.02,-2.9,549000000,0,紅增,是,,0.68,0.76,0.78,,-20.0946,-4.397,-18.7986
708401,中美晶凱基61購03,2026-09-08,1.35,-0.11,-7.53,164000000,0,綠縮,是,,1.46,1.84,2.05,,-34.5013,-27.2799,-4.6922
708402,世禾凱基5B購01,2026-09-08,0.11,-0.01,-8.33,15000000,0,綠縮,否,,0.13,0.37,0.62,,-79.0323,-47.4053,-19.948
708407,信立凱基5B購02,2026-09-08,0.57,0.04,7.55,102000000,0,,否,,0.58,0.71,,,-30.2885,,
708408,威剛凱基5C購01,2026-09-08,0.16,0.0,0.0,538000000,0,綠縮,否,,0.16,0.19,0.25,,-28.8288,-26.3566,-20.7221
708410,群聯凱基64購03,2026-09-08,0.44,-0.01,-2.22,849000000,0,紅縮,是,,0.43,0.46,0.45,,-10.3734,-5.9671,-4.2827
708412,環球晶兆豐61購02,2026-09-08,1.7,-0.11,-6.08,12000000,0,綠縮,否,,1.76,1.87,2.31,,-11.1111,7.3479,-17.5514
708413,FH中5G元大5B購01,2026-09-08,1.42,0.21,17.36,1000000,0,綠縮,否,,1.26,1.3,2.26,,-4.9699,-36.8293,-31.879
708414,FH中5G元大5C購01,2026-09-08,2.1,0.07,3.45,88000000,0,紅增,是,,1.93,2.18,2.54,,-20.5592,-1.7117,-38.7015
708415,世界元大64購03,2026-09-08,0.52,-0.03,-5.45,80000000,0,綠縮,是,,0.53,0.67,0.92,,-34.4828,-38.6861,-5.7128
708418,順達元大64購04,2026-09-08,2.2,-0.07,-3.08,10000000,0,紅縮,否,,2.29,2.13,2.11,,15.338,3.6425,-4.5053
708420,萬泰科元大5B購02,2026-09-08,0.5,-0.05,-9.09,5000000,0,綠縮,否,,0.61,0.69,0.92,,-22.108,-20.9143,-30.4561
708422,鈺太元大65購01,2026-09-08,0.23,-0.02,-8.0,22000000,0,紅縮,是,,0.26,0.26,0.32,,0.0,-16.7742,-14.9394
708424,環球晶元大5B購05,2026-09-08,1.07,-0.15,-12.3,20000000,0,,是,,1.21,2.61,2.34,,-69.8207,-14.8811,
708426,台半國票5C購01,2026-09-08,1.95,-0.1,-4.88,106000000,0,綠縮,否,,2.06,2.0,3.32,,5.6468,-32.4452,-5.5263
708427,朋億*國票5C購01,2026-09-08,0.61,-0.08,-11.59,300000000,0,綠縮,是,,0.65,0.83,1.44,,-35.3175,-40.1586,-27.4564
708429,雷科國票5B購01,2026-09-08,3.41,0.31,10.0,32000000,0,綠縮,否,,2.87,2.75,5.13,,8.7253,-41.5054,-21.428
708433,家登富邦61購02,2026-09-08,0.44,-0.03,-6.38,1448000000,0,紅縮,是,,0.46,0.43,0.38,,13.4328,32.4074,-6.4555
708434,家登富邦62購01,2026-09-08,0.47,0.01,2.17,194000000,0,紅縮,是,,0.5,0.41,0.43,,60.5096,16.1932,-7.767
708435,鈊象富邦61購02,2026-09-08,0.61,-0.03,-4.69,126000000,0,綠縮,否,,0.62,0.69,0.8,,-16.8,-13.038,-12.0509
708437,群聯富邦62購03,2026-09-08,0.44,0.01,2.33,1066000000,0,紅增,是,,0.43,0.46,0.46,,-11.1111,-3.3684,-12.1504
708440,立碁群益5C購01,2026-09-08,1.63,-0.23,-12.37,346000000,0,,否,,1.87,1.64,,,33.6662,54.9669,
708442,艾訊群益5B購02,2026-09-08,0.33,-0.05,-13.16,1000000,0,綠縮,否,,0.39,0.44,0.72,,-20.7317,-31.7337,-16.5212
708443,家登群益61購02,2026-09-08,0.44,0.0,0.0,10000000,0,綠縮,是,,0.42,0.52,0.64,,-33.6508,-26.4045,-12.2085
708445,群聯群益5B購04,2026-09-08,0.21,-0.01,-4.55,1000000,0,紅縮,否,,0.23,0.27,0.29,,-25.8065,-10.8911,-15.9124
708446,環球晶群益5C購02,2026-09-08,2.12,-0.21,-9.01,106000000,0,,是,,2.24,2.48,3.91,,-17.5865,-46.2606,
708450,合晶凱基5B購02,2026-09-08,4.59,-0.04,-0.86,149000000,0,綠縮,是,,4.53,4.69,6.91,,-6.6392,-20.8608,-19.3343
708451,合晶凱基61購01,2026-09-08,4.13,-0.06,-1.43,65000000,0,綠縮,否,,4.04,4.22,4.81,,-8.1893,5.7437,-24.0246
708453,金山電凱基5B購02,2026-09-08,1.09,-0.41,-27.33,375000000,0,綠縮,是,,1.14,1.04,3.33,,19.7895,-61.6035,-26.2026
708454,威剛凱基5B購06,2026-09-08,0.24,0.02,9.09,50000000,0,綠轉紅,否,,0.22,0.25,0.29,,-23.0769,-18.123,-12.3664
708456,家登凱基5B購04,2026-09-08,0.19,0.0,0.0,20000000,0,,否,,0.38,0.45,,,-28.6792,-20.4904,
708458,群聯凱基5B購03,2026-09-08,0.17,0.0,0.0,266000000,0,紅縮,否,,0.2,0.25,0.29,,-32.2148,-9.4203,-28.8862
708460,營邦凱基5B購01,2026-09-08,0.29,-0.05,-14.71,2145000000,0,紅縮,是,,0.32,0.25,0.26,,70.9677,15.0685,0.5837
708461,營邦凱基5B購02,2026-09-08,0.48,-0.06,-11.11,350000000,0,紅增,是,,0.43,0.32,0.31,,105.7692,37.6623,-0.4769
708462,營邦凱基5B購03,2026-09-08,0.49,-0.08,-14.04,1228000000,0,紅縮,否,,0.5,0.39,0.34,,76.5957,57.2581,20.8113
708463,環球晶凱基5B購04,2026-09-08,0.65,-0.11,-14.47,1375000000,0,綠縮,是,,0.73,0.86,1.24,,-26.9076,-17.2745,-39.966
708464,環球晶凱基5B購05,2026-09-08,0.88,-0.1,-10.2,1867000000,0,綠縮,是,,0.95,1.09,1.78,,-22.7124,-14.9687,-21.4128
708470,環球晶台新5B購01,2026-09-08,3.31,-0.24,-6.76,252000000,0,綠縮,是,,3.46,3.86,4.64,,-18.8263,-4.7631,-4.7814
708471,環球晶台新5B購02,2026-09-08,1.67,-0.13,-7.22,10000000,0,綠縮,否,,1.77,2.02,3.03,,-22.0653,-12.1186,-40.3581
708472,環球晶台新62購01,2026-09-08,1.07,-0.09,-7.76,274000000,0,綠縮,否,,1.12,1.19,1.25,,-11.1288,-0.8347,-22.0318
708473,環球晶台新62購02,2026-09-08,0.95,0.07,7.95,784000000,0,綠縮,否,,0.89,1.08,1.18,,-30.0787,-10.7527,-27.8558
708480,世界元大64購04,2026-09-08,0.87,-0.04,-4.4,137000000,0,綠增,否,,0.9,0.97,1.07,,-14.4762,-2.1106,-1.0209
708486,合晶元大65購01,2026-09-08,3.09,-0.51,-14.17,1000000,0,綠增,否,,3.47,3.67,3.61,,-10.2326,1.1849,-15.6115
708490,群聯元大5B購08,2026-09-08,0.2,-0.01,-4.76,3000000,0,綠縮,否,,0.21,0.3,0.51,,-44.2708,-40.6746,-21.0324
708491,群聯元大5B購09,2026-09-08,0.15,-0.01,-6.25,91000000,0,綠縮,否,,0.15,0.21,0.27,,-42.3077,-37.1166,-15.4331
708492,營邦元大5B購01,2026-09-08,0.65,-0.09,-12.16,273000000,0,紅縮,否,,0.67,0.55,0.53,,52.2727,14.9068,3.9331
708493,營邦元大5B購02,2026-09-08,0.48,-0.04,-7.69,979000000,0,紅增,是,,0.48,0.39,0.4,,57.2368,18.1269,-3.9286
708495,環球晶元大5B購07,2026-09-08,1.94,-0.16,-7.62,324000000,0,綠縮,否,,2.05,2.22,2.46,,-14.821,-4.5903,-24.3264
708501,威剛兆豐65購01,2026-09-08,1.57,0.11,7.53,92000000,0,紅增,否,,1.47,1.52,1.49,,-6.3857,-1.4945,-1.1292
708502,金山電國泰61購01,2026-09-08,2.73,-0.67,-19.71,225000000,0,,是,,2.7,2.43,,,24.5614,-35.0254,
708505,群聯國泰63購02,2026-09-08,0.82,-0.51,-38.35,31000000,0,紅縮,否,,1.08,0.98,0.86,,22.1219,22.236,3.7576
708507,環球晶國泰61購01,2026-09-08,2.92,-0.2,-6.41,475000000,0,,是,,3.03,3.2,3.21,,-10.1956,-8.8009,
708508,環球晶國泰61購02,2026-09-08,3.36,-0.2,-5.62,402000000,0,,是,,3.47,3.68,,,-10.51,,
708513,合晶國票5C購01,2026-09-08,3.47,-0.3,-7.96,34000000,0,綠縮,否,,3.53,3.67,3.97,,-7.4502,-3.977,-24.0898
708514,金山電國票5C購02,2026-09-08,1.12,-0.3,-21.13,2446000000,0,紅增,是,,1.15,1.02,1.17,,29.7297,-6.0773,-17.234
708515,環球晶國票5B購01,2026-09-08,1.5,-0.13,-7.98,10000000,0,綠縮,否,,1.58,1.71,2.43,,-14.9946,-18.021,-12.7135
708516,環球晶國票5C購01,2026-09-08,1.48,-0.14,-8.64,572000000,0,綠縮,否,,1.56,1.7,1.92,,-15.493,-6.9907,-28.8844
708517,世界富邦5B購02,2026-09-08,0.08,-0.01,-11.11,15000000,0,紅增,否,,0.08,0.09,0.15,,-29.0909,-35.1724,-29.2857
708519,營邦富邦61購01,2026-09-08,0.48,-0.05,-9.43,1385000000,0,紅縮,是,,0.48,0.39,0.33,,59.2105,40.2135,21.0428
708520,環球晶富邦5B購02,2026-09-08,0.67,-0.06,-8.22,976000000,0,綠縮,否,,0.7,0.78,1.01,,-18.1818,-7.5829,-27.3904
708521,環球晶富邦61購01,2026-09-08,0.74,-0.07,-8.64,3385000000,0,綠縮,否,,0.77,0.94,1.1,,-29.6364,-17.0062,-25.7586
708522,中美晶群益5C購02,2026-09-08,1.35,0.07,5.47,35000000,0,綠縮,否,,1.3,1.37,2.07,,-10.0,-18.9093,-23.6521
708523,世界群益5B購08,2026-09-08,0.09,-0.03,-25.0,270000000,0,紅增,否,,0.1,0.12,0.23,,-34.6667,-38.6139,-36.5253
708527,精材群益5B購02,2026-09-08,17.6,1.4,8.64,16000000,0,紅增,否,,11.41,10.77,9.38,,12.6357,9.2292,17.5715
708529,德微群益5B購01,2026-09-08,1.27,0.02,1.6,72000000,0,,是,,1.25,1.23,2.45,,2.796,-20.1942,-38.4036
708530,營邦群益5B購01,2026-09-08,1.29,0.57,79.17,208000000,0,紅增,否,,0.86,0.6,0.45,,151.1628,98.6842,41.0377
708531,營邦群益5B購02,2026-09-08,0.44,-0.14,-24.14,516000000,0,紅縮,是,,0.52,0.4,0.32,,75.5102,68.75,14.1093
708532,環球晶群益5B購04,2026-09-08,1.13,-0.13,-10.32,1098000000,0,,是,,1.21,1.38,1.6,,-21.1688,-8.2,
708538,倚強凱基5B購01,2026-09-08,1.6,-0.32,-16.67,140000000,0,,是,,1.65,1.24,,,96.4286,22.7811,
708541,臺慶科凱基5B購01,2026-09-08,0.41,-0.19,-31.67,5000000,0,綠縮,否,,0.55,0.7,1.73,,-34.5238,-34.0607,-34.0393
708542,譜瑞凱基61購01,2026-09-08,0.22,-0.04,-15.38,3000000,0,紅縮,否,,0.27,0.3,0.37,,-18.0723,-15.1685,-22.3167
708543,群聯永豐65購03,2026-09-08,0.44,-0.01,-2.22,195000000,0,紅縮,否,,0.43,0.45,0.43,,-6.087,-2.8322,-0.4662
708547,群聯群益67購01,2026-09-08,0.55,-0.01,-1.79,500000000,0,紅縮,是,,0.54,0.56,0.53,,-6.25,-1.0638,0.1903
708548,精材群益5B購03,2026-09-08,14.4,1.0,7.46,44000000,0,紅增,是,,10.84,8.43,6.16,,79.8208,55.8987,47.8652
708550,世界元大63購03,2026-09-08,1.07,-0.05,-4.46,21000000,0,綠縮,否,,1.09,1.15,1.24,,-9.9338,-2.0478,-8.9443
708551,新盛力元大61購02,2026-09-08,3.47,-0.25,-6.72,9000000,0,紅轉綠,否,,3.71,4.0,3.34,,-13.5198,17.096,0.015
708552,群聯元大5C購01,2026-09-08,0.57,0.02,3.64,499000000,0,紅增,是,,0.56,0.61,0.61,,-15.2439,-0.1647,-16.3923
708555,中美晶國泰61購01,2026-09-08,2.64,-0.01,-0.38,75000000,0,綠縮,否,,2.6,2.66,3.61,,-3.9852,-21.1635,-6.4111
708556,台半國泰5C購01,2026-09-08,2.49,-0.19,-7.09,56000000,0,,是,,2.64,2.54,,,8.3675,-21.6291,
708557,欣銓國泰5C購02,2026-09-08,1.21,0.05,4.31,51000000,0,紅增,否,,1.17,1.18,1.31,,-1.6779,-0.1689,-8.2369
708558,立碁富邦5B購01,2026-09-08,0.32,-0.13,-28.89,546000000,0,,否,,0.44,0.4,,,26.2857,22.2222,
708561,順達富邦5C購02,2026-09-08,0.56,-0.07,-11.11,32000000,0,紅縮,否,,0.66,0.59,0.66,,26.3359,12.0983,-13.7931
708562,群聯富邦62購04,2026-09-08,0.32,0.0,0.0,2000000,0,紅縮,否,,0.32,0.34,0.33,,-10.0,-0.5814,-5.8321
708563,中美晶國票5C購01,2026-09-08,0.81,-0.02,-2.41,74000000,0,綠縮,是,,0.87,0.91,1.39,,-9.205,-15.0047,-15.85
708565,尼克森國票5B購01,2026-09-08,0.18,-0.15,-45.45,50000000,0,綠縮,否,,0.5,0.85,1.89,,-58.5406,-49.5863,-22.9843
708568,宸曜國票5B購01,2026-09-08,0.44,-0.24,-35.29,193000000,0,紅轉綠,是,,0.62,0.66,0.68,,-11.1111,-5.5556,1.6541
708570,新漢國票5B購01,2026-09-08,0.22,-0.03,-12.0,3000000,0,綠增,否,,0.29,0.33,0.39,,-22.4599,-19.0244,-16.3774
708573,家登凱基5B購05,2026-09-08,0.12,0.01,9.09,499000000,0,綠縮,是,,0.1,0.14,0.28,,-43.4783,-42.4,-22.9599
708574,創惟凱基5B購01,2026-09-08,0.26,-0.05,-16.13,140000000,0,紅縮,是,,0.33,0.36,0.41,,-16.7513,-8.1425,-25.1129
708578,閎康凱基5B購04,2026-09-08,0.12,-0.02,-14.29,130000000,0,紅增,否,,0.16,0.17,0.3,,-11.828,-24.2424,-29.1866
708579,群聯凱基5B購04,2026-09-08,0.2,-0.01,-4.76,772000000,0,紅增,是,,0.19,0.22,0.31,,-22.5806,-24.6575,-28.4404
708580,群聯凱基5C購01,2026-09-08,0.16,-0.01,-5.88,371000000,0,紅縮,是,,0.18,0.2,0.2,,-22.1239,4.1451,-22.9602
708584,廣穎凱基5B購02,2026-09-08,1.23,-0.07,-5.38,8000000,0,綠縮,否,,1.35,1.57,1.69,,-25.388,-7.2438,-16.8426
708587,閎康富邦62購01,2026-09-08,0.17,-0.01,-5.56,35000000,0,綠縮,否,,0.19,0.23,0.34,,-27.2727,-31.7365,-16.3342
708588,群聯富邦62購05,2026-09-08,0.22,0.0,0.0,10000000,0,紅縮,否,,0.21,0.23,0.22,,-10.084,-2.1645,-7.4468
708589,宏捷科兆豐65購01,2026-09-08,0.38,-0.02,-5.0,108000000,0,紅縮,否,,0.41,0.42,0.45,,-7.3059,-7.6586,-8.6781
708590,群聯兆豐65購02,2026-09-08,0.66,0.0,0.0,206000000,0,紅縮,否,,0.63,0.67,0.62,,-9.4556,-1.3353,-0.7183
708591,精材兆豐61購01,2026-09-08,3.64,0.12,3.41,2000000,0,紅增,否,,3.05,2.27,2.19,,104.9731,28.4097,23.4001
708593,世禾元大5B購02,2026-09-08,0.18,-0.01,-5.26,201000000,0,綠縮,否,,0.19,0.25,0.39,,-39.8734,-31.8059,-21.8971
708594,欣銓元大5B購02,2026-09-08,0.97,-0.03,-3.0,117000000,0,紅縮,否,,1.02,0.96,1.03,,11.4035,0.3122,-9.6154
708597,群聯元大5B購10,2026-09-08,0.4,-0.01,-2.44,1497000000,0,紅縮,是,,0.56,0.55,0.76,,4.0892,-14.7516,-24.777
708598,群聯元大5B購11,2026-09-08,0.16,0.01,6.67,74000000,0,紅增,否,,0.15,0.2,0.24,,-39.0244,-30.0353,-13.9286
708600,群聯元大5B購13,2026-09-08,0.24,-0.01,-4.0,10000000,0,綠縮,否,,0.28,0.32,0.47,,-24.5902,-22.276,-27.8422
708601,群聯元大5B購14,2026-09-08,0.29,0.01,3.57,2000000,0,紅增,否,,0.3,0.39,0.42,,-36.1345,-9.3023,-22.3573
708604,群聯元大63購03,2026-09-08,0.29,0.02,7.41,15000000,0,紅增,否,,0.27,0.29,0.31,,-14.1026,-14.4543,-3.8941
708607,中美晶永豐65購01,2026-09-08,0.81,-0.05,-5.81,65000000,0,綠縮,否,,0.83,0.86,1.19,,-5.6689,-10.8221,-17.331
708610,新盛力永豐63購01,2026-09-08,1.19,-0.1,-7.75,110000000,0,紅縮,否,,1.28,1.37,1.17,,-13.3152,11.0752,2.8647
708611,群聯永豐5C購03,2026-09-08,0.16,-0.01,-5.88,70000000,0,紅縮,否,,0.16,0.18,0.19,,-18.1818,-10.0,-10.8747
708612,群聯永豐5C購04,2026-09-08,0.2,-0.01,-4.76,73000000,0,紅縮,是,,0.21,0.24,0.22,,-18.4615,6.3063,-13.6187
708613,精材永豐64購01,2026-09-08,3.43,0.51,17.47,115000000,0,紅增,是,,2.75,2.21,2.21,,64.988,10.4448,16.5566
708616,方土昶群益5B購02,2026-09-08,0.72,-0.02,-2.7,50000000,0,綠增,否,,0.81,1.06,0.96,,-38.7538,-4.6721,-10.9621
708618,家登群益5B購03,2026-09-08,0.13,0.02,18.18,100000000,0,紅增,否,,0.12,0.11,0.18,,13.2075,-28.0255,-30.1708
708620,陽程群益5B購02,2026-09-08,4.0,-0.23,-5.44,4000000,0,紅縮,否,,4.46,4.49,2.8,,-1.2406,51.7078,40.01
708622,新盛力群益5B購03,2026-09-08,0.88,-0.19,-17.76,52000000,0,綠增,是,,1.11,1.32,1.29,,-27.7124,7.1545,-12.086
708626,精材群益5B購04,2026-09-08,14.1,0.6,4.44,56000000,0,紅增,是,,9.65,8.6,7.19,,27.7131,20.1872,24.0793
708627,廣穎群益5B購02,2026-09-08,1.68,0.03,1.82,51000000,0,紅縮,否,,1.78,2.01,1.92,,-20.2328,2.8162,-13.6272
708628,譜瑞群益5B購02,2026-09-08,0.09,-0.04,-30.77,30000000,0,紅轉綠,否,,0.22,0.3,0.47,,-40.107,-40.2,-24.4534
708629,元太凱基5B購04,2026-09-08,0.05,-0.05,-50.0,100000000,0,綠縮,是,,0.09,0.16,0.4,,-61.7391,-62.5,-31.342
708633,新盛力凱基61購01,2026-09-08,0.94,-0.1,-9.62,90000000,0,綠增,否,,1.05,1.21,1.14,,-23.9478,16.1877,-9.3874
708635,譜瑞凱基5B購04,2026-09-08,0.06,-0.01,-14.29,61000000,0,紅縮,是,,0.12,0.16,0.25,,-42.5743,-30.8696,-25.7824
708636,中美晶元大63購02,2026-09-08,2.02,0.08,4.12,2000000,0,綠縮,否,,1.93,2.01,2.31,,-7.6702,2.3992,-16.9485
708637,沛亨元大5B購02,2026-09-08,0.15,0.03,25.0,100000000,0,,是,,0.21,0.5,,,-72.5641,-36.3636,
708642,優群元大5B購01,2026-09-08,0.11,0.0,0.0,30000000,0,綠縮,否,,0.12,0.2,0.41,,-56.0284,-45.4301,-32.9555
708648,沛亨永豐5C購01,2026-09-08,0.24,0.03,14.29,403000000,0,紅增,否,,0.24,0.2,0.21,,58.4416,17.7515,-27.3369
708649,金益鼎永豐5C購01,2026-09-08,0.37,0.02,5.71,9000000,0,紅增,否,,0.38,0.44,0.52,,-24.5059,-15.4286,-18.4748
708650,廣穎永豐61購01,2026-09-08,0.71,-0.01,-1.39,1000000,0,紅縮,否,,0.73,0.8,0.78,,-15.0812,-1.968,-6.3932
708651,中美晶富邦5B購01,2026-09-08,0.63,-0.07,-10.0,339000000,0,綠縮,否,,0.66,0.8,1.39,,-30.2128,-44.1176,-9.8217
708653,元太富邦62購02,2026-09-08,0.29,-0.01,-3.33,131000000,0,綠縮,否,,0.33,0.38,0.58,,-22.6852,-32.807,-15.9737
708655,新盛力富邦62購01,2026-09-08,0.92,-0.09,-8.91,250000000,0,紅轉綠,否,,1.0,1.13,0.97,,-20.3822,0.7143,3.8892
708658,廣穎群益61購02,2026-09-08,1.03,-0.05,-4.63,2000000,0,紅縮,否,,1.07,1.16,1.15,,-13.6876,-8.5375,-6.7694
708669,博盛元大5B購01,2026-09-08,0.66,-0.08,-10.81,150000000,0,紅縮,否,,0.73,0.72,0.76,,2.809,4.6377,-30.5186
708674,威剛永豐67購01,2026-09-08,0.92,0.05,5.75,61000000,0,綠轉紅,否,,0.87,0.89,0.89,,-5.2402,-3.4632,-0.6132
708677,新漢永豐5C購01,2026-09-08,0.38,0.0,0.0,200000000,0,,是,,0.51,0.49,0.62,,8.5106,-18.8742,-14.6758
708682,威剛凱基5B購07,2026-09-08,0.38,0.0,0.0,534000000,0,綠縮,否,,0.37,0.42,0.46,,-22.4576,-15.0101,-7.2581
708684,陽程凱基5B購01,2026-09-08,1.76,-0.09,-4.86,2339000000,0,紅縮,是,,2.01,2.1,1.27,,-8.3865,51.9884,42.5926
708685,新盛力凱基5B購03,2026-09-08,0.73,-0.11,-13.1,265000000,0,紅轉綠,否,,0.84,1.04,0.86,,-32.2581,5.6911,-0.5193
708686,新盛力凱基61購02,2026-09-08,1.06,-0.1,-8.62,712000000,0,紅轉綠,是,,1.19,1.31,1.09,,-16.8303,16.1922,-6.6553
708693,方土昶台新5B購01,2026-09-08,1.74,-0.18,-9.38,5000000,0,紅縮,是,,2.2,2.14,2.01,,5.8824,30.581,-10.4947
708699,臺慶科台新5B購02,2026-09-08,1.37,-0.2,-12.74,110000000,0,紅縮,否,,1.52,1.79,1.9,,-25.7561,-2.2976,-25.4217
708704,台半富邦62購01,2026-09-08,0.59,-0.06,-9.23,414000000,0,紅縮,否,,0.64,0.63,0.59,,1.9169,7.3005,-9.0769
708705,華景電富邦5B購01,2026-09-08,0.14,0.0,0.0,20000000,0,綠縮,否,,0.18,0.2,0.34,,-18.018,-36.2776,-22.4859
708706,新盛力富邦61購04,2026-09-08,0.82,-0.07,-7.87,1185000000,0,紅轉綠,是,,0.88,0.98,0.84,,-19.0037,1.4478,5.0593
708707,德微富邦63購01,2026-09-08,0.76,-0.06,-7.32,434000000,0,,否,,0.79,1.2,,,-50.437,,
708709,元太國票5C購01,2026-09-08,0.09,-0.02,-18.18,20000000,0,綠增,否,,0.29,0.38,0.51,,-38.5593,-23.6473,-15.6146
708712,光頡國票5B購02,2026-09-08,3.2,-0.09,-2.74,84000000,0,紅增,否,,2.97,2.89,3.0,,5.7692,7.0396,-31.4906
708713,朋程國票5B購01,2026-09-08,0.23,-0.05,-17.86,706000000,0,綠縮,是,,0.35,0.41,0.91,,-25.0,-46.438,-28.5545
708715,新盛力國票5B購02,2026-09-08,0.87,-0.11,-11.22,184000000,0,綠增,否,,0.98,1.19,1.04,,-30.441,-4.257,2.3727
708719,台半台新5B購03,2026-09-08,1.35,-0.19,-12.34,2000000,0,綠縮,否,,1.57,1.54,3.0,,4.1005,-49.4264,-7.3868
708720,光頡凱基5B購01,2026-09-08,2.04,-0.15,-6.85,21000000,0,綠轉紅,否,,1.91,1.84,2.42,,7.6577,13.8975,-18.2984
708721,陽程凱基61購01,2026-09-08,1.76,-0.02,-1.12,10000000,0,紅縮,否,,1.88,1.87,1.19,,1.7279,52.3654,37.052
708722,陽程凱基63購02,2026-09-08,1.38,-0.1,-6.76,13000000,0,紅縮,否,,1.54,1.56,0.99,,-3.1526,47.822,32.7759
708728,威剛元大5B購09,2026-09-08,0.55,0.06,12.24,1000000,0,綠增,否,,0.61,0.63,0.72,,-7.0122,-6.9118,-12.0752
708731,陽程元大5B購01,2026-09-08,1.57,-0.02,-1.26,362000000,0,紅縮,否,,1.69,1.71,1.12,,-2.765,42.3109,33.3729
708732,陽程元大5B購02,2026-09-08,1.27,-0.1,-7.3,60000000,0,紅縮,是,,1.54,1.23,0.86,,68.559,84.6847,42.1399
708733,陽程元大65購02,2026-09-08,0.97,-0.05,-4.9,5000000,0,紅縮,否,,1.01,0.7,0.58,,154.5455,72.0588,32.1551
708736,勤凱元大5B購03,2026-09-08,0.28,-0.01,-3.45,50000000,0,,否,,0.39,0.92,1.61,,-72.7778,-49.7256,-29.1878
708738,德微元大5B購01,2026-09-08,2.13,-0.08,-3.62,4000000,0,,是,,2.17,2.3,,,-10.6996,,
708739,德微元大5B購02,2026-09-08,1.0,-0.05,-4.76,178000000,0,,是,,1.05,1.06,2.08,,-3.1482,-56.7359,-6.1851
708740,擎亞元大5B購03,2026-09-08,0.44,-0.08,-15.38,481000000,0,綠縮,是,,0.54,0.99,1.6,,-62.0979,-45.3437,-13.3641
708741,擎亞元大5B購04,2026-09-08,0.29,-0.04,-12.12,250000000,0,綠縮,否,,0.35,0.58,1.24,,-56.9652,-53.0995,-23.83
708742,尼克森永豐5C購01,2026-09-08,0.13,-0.06,-31.58,10000000,0,綠縮,是,,0.21,0.33,0.79,,-52.9412,-55.9621,-23.5039
708743,光頡永豐61購01,2026-09-08,1.41,0.03,2.17,208000000,0,,是,,1.32,1.34,2.35,,-3.3626,-49.9442,
708745,陽程永豐5B購02,2026-09-08,0.82,-0.06,-6.82,51000000,0,紅縮,否,,0.99,1.0,0.6,,-0.4008,72.0207,33.6283
708746,精材永豐61購02,2026-09-08,3.85,0.18,4.9,3000000,0,,是,,2.57,2.48,1.96,,7.5251,25.8621,21.3556
708749,擎亞永豐61購01,2026-09-08,0.75,-0.08,-9.64,3000000,0,綠縮,否,,0.87,0.9,1.28,,-6.6667,-20.4425,-13.5645
708751,精材富邦5B購02,2026-09-08,3.8,0.11,2.98,5000000,0,紅增,否,,2.49,2.53,2.1,,-3.1104,13.3393,20.3438
708752,博盛國泰5C購01,2026-09-08,0.6,-0.06,-9.09,2000000,0,綠縮,否,,0.64,0.65,0.95,,-2.4242,-25.1435,-11.8464
708755,中美晶群益5B購03,2026-09-08,1.84,-0.33,-15.21,21000000,0,綠縮,否,,2.02,2.16,2.64,,-11.7698,-6.8192,-27.5555
708757,威剛群益61購02,2026-09-08,1.0,0.0,0.0,3000000,0,綠縮,否,,0.96,1.17,1.26,,-30.5355,-19.3526,-2.1798
708758,陽程群益5B購03,2026-09-08,1.18,0.0,0.0,6000000,0,紅縮,否,,1.3,1.18,0.79,,22.5989,72.5547,32.0502
708760,精材群益5B購06,2026-09-08,6.1,0.05,0.83,46000000,0,紅增,是,,4.59,3.45,3.28,,98.3564,17.7133,22.8796
708764,立端國票5C購01,2026-09-08,0.33,0.02,6.45,10000000,0,紅縮,否,,0.39,0.39,0.43,,-3.9801,-4.6005,-7.618
708766,沛亨國票5C購01,2026-09-08,0.46,0.05,12.2,519000000,0,綠轉紅,是,,0.42,0.37,0.87,,30.8642,-47.398,-20.8124
708773,陽程國票5B購01,2026-09-08,1.33,-0.07,-5.0,6000000,0,紅縮,否,,1.46,1.52,0.97,,-7.702,45.3244,30.1205
708774,新鉅科國票5C購01,2026-09-08,0.45,-0.07,-13.46,90000000,0,紅縮,否,,0.51,0.52,0.6,,-0.7722,-5.8394,-16.7822
708779,廣閎科國票5C購01,2026-09-08,0.83,-0.13,-13.54,40000000,0,綠縮,否,,0.89,0.99,1.16,,-18.3486,-9.0909,-30.8105
708780,擎亞國票5B購01,2026-09-08,0.61,-0.04,-6.15,75000000,0,綠縮,否,,0.77,1.09,2.06,,-46.2079,-41.8172,-24.5881
708781,FH中5G凱基5B購01,2026-09-08,0.47,0.07,17.5,15000000,0,綠縮,否,,0.42,0.64,1.23,,-49.8818,-46.0493,-38.3287
708784,光頡凱基5B購02,2026-09-08,1.14,-0.08,-6.56,936000000,0,紅增,是,,1.01,1.03,1.13,,-3.8168,12.7193,-54.7265
708785,均豪凱基5B購02,2026-09-08,0.22,0.02,10.0,5000000,0,,否,,0.28,0.52,,,-63.4921,,
708786,沛亨凱基5B購02,2026-09-08,0.36,0.03,9.09,381000000,0,紅增,否,,0.35,0.27,0.35,,80.4124,20.354,-47.2603
708788,聖暉*凱基5B購04,2026-09-08,0.05,-0.01,-16.67,650000000,0,綠縮,是,,0.06,0.3,0.84,,-88.3895,-60.686,-28.7045
708789,精材凱基5B購06,2026-09-08,2.97,0.09,3.12,5000000,0,紅增,否,,2.38,1.56,1.5,,218.4987,97.8454,12.6734
708790,精材凱基5B購07,2026-09-08,2.74,-0.02,-0.72,1000000,0,綠轉紅,否,,1.54,1.56,1.46,,-3.1447,-1.5104,10.9215
708793,德微凱基5B購01,2026-09-08,1.15,-0.1,-8.0,181000000,0,紅增,否,,1.21,1.19,1.24,,3.2368,-0.7488,-29.3379
708794,世界中信5B購02,2026-09-08,0.11,-0.03,-21.43,390000000,0,紅增,否,,0.12,0.14,0.21,,-24.359,-36.5741,-25.5692
708795,正淩永豐61購01,2026-09-08,0.22,0.02,10.0,100000000,0,,是,,0.39,0.47,,,-27.7778,,
708797,神準永豐5C購01,2026-09-08,0.41,0.05,13.89,70000000,0,綠增,否,,0.49,0.52,0.63,,-8.8889,-14.9918,-10.2564
708798,精材永豐65購01,2026-09-08,2.24,0.02,0.9,24000000,0,紅增,是,,1.77,1.48,1.35,,49.577,15.1444,18.4697
708799,台半元大5B購01,2026-09-08,2.19,-0.29,-11.69,60000000,0,紅縮,是,,2.37,2.4,2.34,,-2.3064,2.0408,-2.2599
708800,光頡元大5B購01,2026-09-08,1.69,0.27,19.01,27000000,0,綠縮,是,,1.39,1.53,2.45,,-16.7665,-25.4386,-11.3286
708801,光頡元大5B購03,2026-09-08,2.2,0.07,3.29,20000000,0,,否,,1.96,1.92,2.56,,4.0383,-30.3085,
708802,聖暉*元大5B購03,2026-09-08,0.35,-0.05,-12.5,576000000,0,綠縮,是,,0.38,0.53,0.92,,-44.1176,-48.5437,-12.6241
708804,雷科元大5B購01,2026-09-08,2.75,0.46,20.09,163000000,0,綠縮,是,,2.37,2.29,3.57,,7.0524,-12.4952,-28.9529
708807,精材元大5B購15,2026-09-08,4.5,-0.1,-2.17,7000000,0,紅增,否,,3.93,3.02,3.01,,85.6333,17.8627,18.2407
708812,世界台新5B購04,2026-09-08,0.6,-0.08,-11.76,10000000,0,紅增,否,,0.59,0.66,0.87,,-20.3252,-21.9081,-30.0562
708813,光頡台新5B購01,2026-09-08,2.74,0.33,13.69,54000000,0,,是,,2.23,2.27,2.97,,-3.7197,-21.8395,
708816,倚強台新5B購01,2026-09-08,0.73,-0.19,-20.65,170000000,0,,是,,0.82,0.62,0.7,,98.5507,11.1511,
708821,精材台新5C購01,2026-09-08,5.25,0.33,6.71,20000000,0,紅增,否,,3.77,3.84,3.0,,-3.4818,19.1925,22.2947
708822,臺慶科台新5B購03,2026-09-08,0.63,-0.17,-21.25,33000000,0,綠縮,否,,0.73,0.81,2.16,,-17.713,-53.1412,-24.5899
708823,臺慶科台新5B購04,2026-09-08,0.43,-0.14,-24.56,25000000,0,綠縮,否,,0.54,0.52,1.34,,8.4,-28.5322,-35.2913
708824,伍豐國票5C購01,2026-09-08,0.24,0.0,0.0,10000000,0,綠縮,否,,0.28,0.33,0.43,,-27.2251,-20.6731,-17.574
708825,光頡國票5B購03,2026-09-08,1.32,-0.02,-1.49,453000000,0,綠轉紅,是,,1.19,1.15,1.55,,5.8929,4.3439,-42.1053
708826,翔名國票5C購02,2026-09-08,0.36,-0.02,-5.26,2000000,0,綠縮,否,,0.49,0.58,0.87,,-26.7857,-32.872,-15.8969
708827,聖暉*兆豐61購01,2026-09-08,0.26,-0.04,-13.33,221000000,0,綠縮,是,,0.28,0.31,0.54,,-17.1598,-31.3333,-30.3305
708829,光頡群益5B購01,2026-09-08,2.32,0.28,13.73,239000000,0,綠縮,是,,1.98,2.35,3.76,,-27.5988,-48.2531,-9.4081
708832,翔名群益5B購01,2026-09-08,0.18,-0.02,-10.0,120000000,0,綠增,否,,0.31,0.45,0.76,,-46.9388,-43.6796,-19.9789
708833,精材群益5B購07,2026-09-08,5.35,-0.15,-2.73,120000000,0,紅增,是,,4.45,3.05,3.19,,171.011,18.7062,25.0932
708836,精材國泰5C購01,2026-09-08,5.5,0.1,1.85,12000000,0,紅增,否,,4.7,3.35,3.22,,134.3313,21.6854,26.4469
708839,萬泰科富邦63購01,2026-09-08,0.28,-0.02,-6.67,123000000,0,紅增,否,,0.3,0.31,0.36,,-7.362,-7.9179,-20.6897
708840,中美晶元大5B購04,2026-09-08,1.99,-0.08,-3.86,35000000,0,綠縮,否,,1.98,2.03,2.32,,-4.8991,-2.4496,-7.4525
708842,光頡元大5B購04,2026-09-08,1.58,0.2,14.49,74000000,0,,是,,1.15,1.48,2.82,,-36.5746,-58.0187,
708843,威剛元大5B購10,2026-09-08,1.53,0.0,0.0,776000000,0,綠縮,是,,1.49,1.61,1.65,,-14.2032,-7.5287,-2.9204
708844,威剛元大5B購11,2026-09-08,0.78,0.04,5.41,160000000,0,綠縮,否,,0.73,0.79,0.82,,-15.3488,-8.5253,-2.9516
708847,新盛力元大5B購04,2026-09-08,1.88,-0.11,-5.53,4000000,0,紅縮,否,,2.02,2.27,1.87,,-19.9683,20.1481,-10.4406
708849,擎亞元大5B購05,2026-09-08,0.24,-0.06,-20.0,2000000,0,綠縮,否,,0.33,0.63,1.2,,-64.8188,-47.0785,-24.4072
708850,擎亞元大5B購06,2026-09-08,0.48,-0.09,-15.79,300000000,0,綠縮,否,,0.55,0.61,1.0,,-17.0659,-28.9535,-24.0818
708852,台半凱基5B購01,2026-09-08,0.87,-0.09,-9.38,10000000,0,綠縮,是,,0.95,0.93,1.81,,4.8458,-33.8549,-14.6226
708853,立碁凱基5C購02,2026-09-08,1.28,-0.13,-9.22,5000000,0,,是,,1.41,1.22,0.97,,36.2403,31.2164,13.3918
708854,光頡凱基5B購03,2026-09-08,0.6,-0.05,-7.69,367000000,0,綠增,是,,1.83,2.82,3.23,,-51.7895,-31.4675,-1.2217
708855,光頡凱基5B購04,2026-09-08,0.94,-0.03,-3.09,169000000,0,,是,,0.81,1.62,2.02,,-66.5571,-39.7179,-10.4411
708858,德微凱基5B購02,2026-09-08,0.45,-0.07,-13.46,26000000,0,綠縮,否,,0.51,0.51,1.41,,1.5873,-48.2161,-14.8395
708861,沛亨台新5B購01,2026-09-08,0.84,0.1,13.51,135000000,0,,是,,0.82,0.69,1.26,,46.0993,-7.2193,
708869,中美晶中信5B購01,2026-09-08,0.99,-0.01,-1.0,10000000,0,綠縮,否,,0.97,0.98,1.14,,-1.6194,-3.1621,-29.3408
708870,光頡中信5B購01,2026-09-08,0.51,0.0,0.0,1301000000,0,紅增,是,,0.44,0.43,0.48,,5.2632,-14.7117,-21.2592
708871,威剛中信65購01,2026-09-08,0.48,0.01,2.13,11000000,0,紅縮,否,,0.5,0.49,0.5,,2.0492,3.5714,-4.0423
708872,台半永豐61購01,2026-09-08,1.26,-0.05,-3.82,9000000,0,,是,,1.27,1.24,1.72,,4.9505,-35.6477,-10.0627
708873,光頡永豐64購01,2026-09-08,1.65,-0.05,-2.94,201000000,0,紅增,是,,1.55,1.5,1.6,,6.7586,33.4817,-25.6041
708874,雅特力永豐5B購01,2026-09-08,2.34,0.04,1.74,200000000,0,綠縮,是,,1.96,1.9,2.32,,6.6304,-12.4367,2.6316
708875,千如國票5C購01,2026-09-08,0.46,-0.12,-20.69,1188000000,0,紅縮,是,,0.5,0.52,0.54,,-7.0896,-5.4845,-19.6122
708878,光頡國票5C購01,2026-09-08,1.2,0.0,0.0,193000000,0,綠縮,否,,1.05,1.08,1.63,,-4.3557,4.3562,-42.1529
708880,亞通國票5B購01,2026-09-08,1.42,0.5,54.35,2012000000,0,紅增,是,,1.01,0.87,0.74,,35.9459,27.4453,5.1994
708882,能率國票5C購01,2026-09-08,0.39,-0.05,-11.36,173000000,0,綠增,否,,0.49,0.56,0.6,,-22.8571,-16.4671,-15.936
708884,智通*國票5B購02,2026-09-08,0.33,-0.04,-10.81,499000000,0,綠縮,否,,0.34,0.37,0.54,,-15.9204,-20.9402,-16.8087
708886,雅特力國票5C購01,2026-09-08,2.23,0.0,0.0,27000000,0,綠縮,否,,1.95,1.96,2.03,,-0.8138,4.9303,-13.1523
708888,雷科國票5B購02,2026-09-08,1.26,0.09,7.69,688000000,0,紅增,是,,1.13,1.06,1.23,,15.2439,-3.2877,-24.6849
708890,擎亞國票5B購02,2026-09-08,0.56,-0.07,-11.11,69000000,0,綠縮,否,,0.73,0.78,1.22,,-11.5663,-31.5836,-31.9889
708893,立碁群益5B購01,2026-09-08,1.74,-0.17,-8.9,299000000,0,,是,,1.94,1.77,1.53,,20.6983,31.5007,
708894,光頡群益5B購02,2026-09-08,0.99,-0.04,-3.88,421000000,0,綠縮,否,,0.86,1.05,1.48,,-31.2,-19.0951,-48.1006
708895,均豪群益5B購02,2026-09-08,0.79,-0.04,-4.82,38000000,0,紅增,否,,0.71,0.68,0.87,,6.6465,-10.8214,-20.8617
708896,擎亞群益5C購01,2026-09-08,0.25,-0.07,-21.88,349000000,0,綠縮,否,,0.31,0.35,0.67,,-19.171,-32.1012,-33.3665
708897,雷科國泰61購01,2026-09-08,3.29,0.13,4.11,298000000,0,綠轉紅,是,,3.13,2.87,3.5,,20.1997,2.6862,-19.7889
708899,凡甲統一65購01,2026-09-08,0.23,-0.02,-8.0,5000000,0,,否,,0.28,0.34,0.47,,-33.0097,-23.5556,
708903,大中統一65購01,2026-09-08,0.63,-0.02,-3.08,173000000,0,紅增,否,,0.63,0.66,0.71,,-8.4302,-6.392,-13.4639
708904,世界統一64購02,2026-09-08,0.49,-0.02,-3.92,205000000,0,綠縮,是,,0.5,0.53,0.58,,-10.7527,-6.7138,-11.9573
708907,尼克森統一63購01,2026-09-08,0.18,-0.08,-30.77,433000000,0,綠縮,是,,0.25,0.36,0.72,,-46.1207,-44.6512,-21.1454
708912,光頡統一63購01,2026-09-08,1.16,0.01,0.87,50000000,0,綠縮,是,,1.07,0.99,1.54,,16.8122,-2.5515,-23.7719
708913,光頡統一65購01,2026-09-08,0.78,0.01,1.3,994000000,0,紅增,是,,0.74,0.73,0.65,,3.0556,24.5315,-22.2222
708914,光頡統一65購02,2026-09-08,0.53,-0.01,-1.85,581000000,0,紅增,是,,0.5,0.48,0.54,,6.8376,1.8947,-24.5602
708915,安葆統一75購01,2026-09-08,0.63,0.0,0.0,338000000,0,綠縮,是,,0.61,0.64,0.73,,-10.089,-22.2357,0.206
708917,邑錡統一65購01,2026-09-08,0.46,-0.01,-2.13,66000000,0,綠縮,否,,0.48,0.49,0.52,,-6.6406,-5.5344,-10.7852
708918,亞通統一65購01,2026-09-08,0.82,0.13,18.84,536000000,0,紅增,是,,0.71,0.66,0.62,,16.0131,13.7694,3.8333
708919,欣銓統一63購01,2026-09-08,0.56,-0.06,-9.68,203000000,0,紅縮,是,,0.63,0.53,0.59,,42.2727,9.8969,-5.5556
708920,欣銓統一65購02,2026-09-08,0.59,0.04,7.27,5000000,0,紅增,否,,0.57,0.54,0.51,,13.0435,16.6667,-1.7425
708921,欣銓統一67購01,2026-09-08,0.99,-0.04,-3.88,543000000,0,紅縮,否,,1.04,1.0,0.93,,7.438,17.5644,-5.0942
708925,威剛統一65購02,2026-09-08,0.67,0.0,0.0,49000000,0,綠縮,否,,0.65,0.68,0.68,,-7.6271,-3.6775,-0.9441
708926,威剛統一65購03,2026-09-08,0.56,0.05,9.8,30000000,0,紅增,否,,0.54,0.55,0.54,,-2.1583,3.1895,-3.1646
708927,威剛統一69購01,2026-09-08,0.47,0.01,2.17,5000000,0,紅增,否,,0.46,0.47,0.47,,-5.7377,-2.0661,-0.4255
708929,茂綸統一63購01,2026-09-08,0.53,0.0,0.0,1530000000,0,紅增,是,,0.51,0.52,0.54,,-4.8507,4.1833,-7.1181
708930,翔名統一63購01,2026-09-08,0.33,0.0,0.0,25000000,0,綠縮,否,,0.35,0.38,0.46,,-15.7895,-9.1981,-21.0662
708935,新盛力統一69購01,2026-09-08,0.72,-0.04,-5.26,94000000,0,紅縮,否,,0.75,0.8,0.71,,-10.2625,2.5806,3.7901
708936,聖暉*統一63購02,2026-09-08,0.29,-0.03,-9.38,102000000,0,綠縮,否,,0.28,0.3,0.45,,-11.3208,-26.8293,-29.8356
708937,臺慶科統一63購01,2026-09-08,0.58,-0.1,-14.71,299000000,0,紅縮,是,,0.61,0.64,0.66,,-7.8313,-6.9971,-10.7215
708938,臺慶科統一65購01,2026-09-08,0.41,-0.06,-12.77,494000000,0,紅縮,是,,0.44,0.46,0.48,,-7.9832,-8.4168,-9.7561
708939,擎亞統一67購01,2026-09-08,0.42,-0.03,-6.67,367000000,0,綠縮,否,,0.45,0.47,0.54,,-7.7551,-13.7363,-15.7486
708940,中美晶凱基5B購04,2026-09-08,1.75,-0.1,-5.41,6000000,0,綠縮,否,,1.85,2.08,2.45,,-19.4082,-22.4589,-3.7095
708941,世界凱基63購01,2026-09-08,0.58,-0.03,-4.92,50000000,0,綠縮,否,,0.58,0.62,0.72,,-11.5152,-5.4711,-16.2115
708942,台半凱基61購01,2026-09-08,0.84,-0.03,-3.45,57000000,0,綠縮,否,,0.9,0.93,1.74,,-4.8421,-37.4494,-18.3697
708943,台星科凱基5C購01,2026-09-08,0.44,-0.16,-26.67,202000000,0,紅縮,是,,0.57,0.59,0.58,,-7.7922,0.8518,-14.4124
708944,均豪凱基5B購03,2026-09-08,0.45,-0.12,-21.05,50000000,0,紅增,是,,0.48,0.45,0.54,,13.3333,-7.0539,-7.4043
708945,威剛凱基5B購08,2026-09-08,0.56,-0.01,-1.75,206000000,0,綠縮,否,,0.54,0.61,0.64,,-21.0526,-10.3953,-4.974
708946,德微凱基5C購01,2026-09-08,0.48,-0.07,-12.73,75000000,0,紅增,否,,0.51,0.51,0.93,,0.0,-1.3592,-30.884
708947,擎亞凱基5B購04,2026-09-08,0.25,-0.04,-13.79,80000000,0,綠縮,是,,0.33,0.45,0.82,,-43.1034,-36.3636,-37.181
708948,順達台新61購01,2026-09-08,1.89,-0.27,-12.5,60000000,0,,是,,2.22,2.24,2.69,,-2.2907,-16.7038,
708949,鈊象台新5B購04,2026-09-08,1.09,-0.03,-2.68,10000000,0,綠縮,否,,1.12,1.3,1.55,,-24.2588,-25.1005,-11.2991
708952,台半元大5B購03,2026-09-08,0.51,-0.08,-13.56,5000000,0,綠縮,否,,0.59,0.55,1.58,,12.2605,-67.2383,-25.6483
708953,均豪元大5B購03,2026-09-08,0.39,-0.09,-18.75,288000000,0,紅縮,否,,0.43,0.4,0.43,,15.1351,-5.0119,1.0613
708954,威剛元大5B購12,2026-09-08,0.98,0.08,8.89,46000000,0,綠轉紅,否,,0.97,1.05,1.05,,-12.724,-6.4458,-8.3297
708955,威剛元大5B購13,2026-09-08,0.74,0.04,5.71,257000000,0,紅縮,否,,0.76,0.82,0.88,,-13.5747,-4.2973,-10.8053
708959,雷科元大5B購03,2026-09-08,1.84,0.14,8.24,10000000,0,綠縮,否,,1.67,1.65,3.13,,2.0833,-48.0303,-15.42
708960,雷科元大5B購04,2026-09-08,2.88,0.05,1.77,75000000,0,綠縮,是,,2.7,2.57,2.88,,10.2941,-2.7578,-10.2508
708963,台半永豐5C購02,2026-09-08,0.63,-0.07,-10.0,1000000,0,綠縮,否,,0.73,0.71,1.2,,6.087,-7.1802,-10.6304
708965,萬泰科永豐61購01,2026-09-08,0.28,-0.03,-9.68,2000000,0,綠縮,否,,0.37,0.67,0.86,,-61.1691,-34.1584,-18.5185
708967,均豪群益5B購03,2026-09-08,0.49,0.1,25.64,10000000,0,綠縮,否,,0.46,0.51,0.73,,-18.1495,-35.0699,-7.6384
708970,欣銓群益5B購03,2026-09-08,0.7,-0.07,-9.09,10000000,0,紅縮,否,,0.81,0.81,0.94,,-0.9828,-4.3684,-14.8466
708974,雙鴻群益5B購08,2026-09-08,2.96,-1.3,-30.52,1000000,0,紅縮,否,,3.75,2.69,1.93,,129.743,93.2568,15.5229
708977,台半統一63購01,2026-09-08,0.91,-0.09,-9.0,3000000,0,紅縮,否,,0.97,0.93,0.92,,9.2342,18.798,-23.9437
708980,台星科統一65購01,2026-09-08,0.48,-0.08,-14.29,108000000,0,紅縮,否,,0.58,0.54,0.52,,16.9355,9.7959,-7.0859
708982,沛亨統一69購01,2026-09-08,0.51,0.03,6.25,329000000,0,紅增,否,,0.51,0.45,0.43,,28.934,19.6286,-10.352
708985,金益鼎統一65購02,2026-09-08,0.39,0.02,5.41,52000000,0,綠增,否,,0.43,0.44,0.49,,-3.9823,-8.8477,-10.3636
708990,閎康統一63購02,2026-09-08,0.2,-0.01,-4.76,50000000,0,綠縮,否,,0.23,0.26,0.37,,-23.6486,-32.2078,-15.6997
708992,德微統一63購02,2026-09-08,0.42,-0.01,-2.33,75000000,0,紅增,是,,0.42,0.43,0.45,,-3.211,9.7187,-40.6209
708995,擎亞統一65購01,2026-09-08,0.36,-0.04,-10.0,40000000,0,綠縮,否,,0.4,0.42,0.55,,-9.1743,-18.4314,-26.6577
708997,鑫科統一69購01,2026-09-08,0.31,0.01,3.33,5000000,0,綠縮,否,,0.31,0.31,0.38,,-2.5478,-14.1274,-9.1885
708998,台半國票5C購03,2026-09-08,0.67,-0.1,-12.99,100000000,0,綠縮,是,,0.72,1.02,1.57,,-45.3718,-47.9837,-8.0607
708999,安葆國票5C購02,2026-09-08,0.75,0.01,1.35,65000000,0,,是,,0.73,0.69,0.69,,10.0,14.168,
709002,泓格國票5C購01,2026-09-08,0.34,-0.06,-15.0,20000000,0,綠縮,否,,0.39,0.46,0.78,,-27.6119,-31.7578,-15.8576
709003,雷科國票5B購04,2026-09-08,1.8,0.15,9.09,122000000,0,紅增,否,,1.61,1.52,1.71,,13.3427,-0.719,-26.6452
709004,漢達國票5C購01,2026-09-08,1.75,0.43,32.58,1187000000,0,紅增,是,,1.17,0.81,0.77,,162.6126,35.5219,12.0438
709005,德微國票5C購02,2026-09-08,0.6,-0.05,-7.69,205000000,0,紅增,是,,0.66,0.65,0.69,,2.8037,-2.5449,-34.9124
709008,立敦台新5B購03,2026-09-08,0.48,-0.1,-17.24,40000000,0,綠縮,是,,0.59,1.44,3.18,,-74.1935,-58.4509,-24.5944
709009,佳邦台新5B購01,2026-09-08,0.5,-0.07,-12.28,21000000,0,紅增,否,,0.54,0.58,0.82,,-11.1111,-17.192,-32.8969
709012,安葆凱基5C購02,2026-09-08,0.98,0.05,5.38,103000000,0,紅縮,是,,0.95,0.88,0.74,,19.25,67.0476,-3.7785
709020,德微凱基5B購03,2026-09-08,0.19,-0.02,-9.52,20000000,0,綠縮,否,,0.25,0.26,0.78,,-8.0292,-51.0242,-29.5104
709022,雙鴻凱基61購03,2026-09-08,1.8,-0.56,-23.73,10000000,0,紅縮,否,,2.14,1.61,1.19,,97.2376,66.0494,43.8522
709023,中美晶群益5B購04,2026-09-08,3.16,0.02,0.64,15000000,0,綠縮,否,,3.06,3.17,3.97,,-7.1125,3.9987,-11.3887
709027,均豪群益5B購04,2026-09-08,0.61,-0.19,-23.75,305000000,0,紅縮,否,,0.67,0.66,0.84,,0.9063,-1.7725,-13.9215
709028,威剛群益5B購03,2026-09-08,0.98,0.09,10.11,126000000,0,紅增,否,,0.94,1.04,1.11,,-17.5439,-11.3384,-9.2881
709029,茂達群益5B購01,2026-09-08,0.6,-0.22,-26.83,10000000,0,綠縮,否,,0.76,0.89,1.77,,-25.3906,-36.3701,-20.2611
709032,新盛力群益61購01,2026-09-08,2.68,0.07,2.68,10000000,0,紅縮,否,,2.71,2.96,2.32,,-15.5958,25.5202,-0.3002
709033,擎亞群益65購01,2026-09-08,0.56,-0.02,-3.45,39000000,0,綠縮,否,,0.58,0.63,0.83,,-16.035,-18.5806,-26.7581
709034,台半元大5B購04,2026-09-08,2.12,-0.09,-4.07,63000000,0,紅縮,是,,2.19,2.22,2.13,,-2.669,3.4998,-11.1088
709036,金益鼎元大5B購01,2026-09-08,0.13,0.0,0.0,501000000,0,紅縮,是,,0.14,0.17,0.2,,-26.8041,-21.1268,-16.318
709037,威剛元大5B購14,2026-09-08,4.93,0.37,8.11,112000000,0,綠轉紅,否,,4.46,4.84,5.07,,-14.6901,-10.0297,-3.4023
709040,雷科元大5B購05,2026-09-08,2.34,0.3,14.71,14000000,0,,是,,2.1,3.62,3.81,,-59.0413,-23.8687,
709041,德微元大5B購03,2026-09-08,0.54,-0.06,-10.0,134000000,0,綠縮,是,,0.58,0.69,1.6,,-27.9703,-57.8277,-13.6143
709042,擎亞元大5B購08,2026-09-08,0.66,0.01,1.54,180000000,0,綠縮,是,,0.69,0.91,1.19,,-38.9771,-26.6077,-11.5883
709043,寶雅元大5B購01,2026-09-08,1.91,-0.02,-1.04,8000000,0,綠增,否,,1.96,2.32,2.17,,-26.9058,-12.3391,-3.337
709044,威剛國泰5C購01,2026-09-08,1.59,0.12,8.16,73000000,0,綠轉紅,是,,1.49,1.59,1.61,,-11.5202,-6.482,-4.8
709046,威剛國泰5C購03,2026-09-08,1.05,-0.12,-10.26,7000000,0,綠增,否,,1.09,1.22,1.33,,-19.2308,-15.0209,-8.2818
709047,擎亞國泰62購01,2026-09-08,1.3,-0.16,-10.96,241000000,0,綠縮,否,,1.47,1.76,2.64,,-28.4047,-35.9244,-24.1037
709049,台半富邦62購02,2026-09-08,0.7,-0.06,-7.89,193000000,0,紅縮,否,,0.73,0.72,0.66,,1.9608,8.2583,-21.9741
709052,擎亞富邦5C購01,2026-09-08,0.39,-0.09,-18.75,20000000,0,綠縮,否,,0.46,0.5,1.12,,-14.7059,-50.0,-22.8621
709057,沛亨統一65購01,2026-09-08,0.49,0.07,16.67,53000000,0,,否,,0.35,0.47,0.72,,-41.4141,-35.9184,
709060,欣銓統一65購04,2026-09-08,0.65,0.05,8.33,150000000,0,紅增,是,,0.59,0.55,0.62,,18.8,-1.9713,-4.0373
709061,茂達統一65購02,2026-09-08,0.48,-0.03,-5.88,50000000,0,綠縮,是,,0.51,0.54,0.71,,-10.8772,-14.7152,-11.6729
709066,德微統一65購01,2026-09-08,0.33,-0.25,-43.1,605000000,0,綠增,是,,0.7,0.86,0.79,,-30.7087,5.0061,-13.4247
709067,德微統一65購02,2026-09-08,0.42,0.0,0.0,1050000000,0,,是,,0.4,0.53,,,-39.8792,-36.0676,
709068,擎亞統一63購02,2026-09-08,0.41,-0.02,-4.65,71000000,0,綠縮,否,,0.43,0.45,0.64,,-8.0851,-20.8772,-22.2561
709069,擎亞統一65購02,2026-09-08,0.42,-0.02,-4.55,30000000,0,綠縮,否,,0.47,0.49,0.69,,-7.4803,-18.5,-19.6056
709071,立敦永豐61購01,2026-09-08,0.44,-0.05,-10.2,60000000,0,綠縮,是,,0.51,0.59,1.04,,-25.8065,-35.2236,-29.8758
709073,威剛永豐5B購02,2026-09-08,0.57,0.05,9.62,183000000,0,綠縮,否,,0.54,0.61,0.62,,-19.2878,-7.5873,-10.2397
709074,威剛永豐61購02,2026-09-08,0.88,0.06,7.32,46000000,0,綠轉紅,否,,0.83,0.87,0.9,,-10.0218,-3.8589,-6.3119
709075,原相永豐5C購01,2026-09-08,0.41,-0.04,-8.89,5000000,0,綠增,否,,0.5,0.61,0.68,,-30.1939,-13.9045,-20.6636
709076,德微永豐5C購01,2026-09-08,0.44,-0.05,-10.2,61000000,0,綠縮,否,,0.48,0.51,1.06,,-10.4478,-37.5154,-18.048
709079,台半國票61購01,2026-09-08,0.6,-0.05,-7.69,161000000,0,紅增,是,,0.65,0.65,0.65,,-1.2195,12.0275,-32.0479
709080,佳邦國票5C購02,2026-09-08,0.26,-0.03,-10.34,15000000,0,綠縮,是,,0.42,0.59,0.93,,-43.9153,-40.5841,-20.086
709083,晶宏國票5C購02,2026-09-08,1.66,-0.27,-13.99,279000000,0,紅縮,否,,1.9,1.4,1.07,,112.5,56.9507,31.2309
709086,德微國票5C購03,2026-09-08,0.42,-0.04,-8.7,110000000,0,紅增,否,,0.44,0.48,0.5,,-17.0455,10.0228,-43.4856
709089,世紀*元大5B購01,2026-09-08,10.4,2.1,25.3,4000000,0,紅增,否,,7.89,7.13,3.84,,23.9397,103.3086,86.4609
709090,台特化元大5B購02,2026-09-08,0.35,-0.04,-10.26,627000000,0,紅縮,是,,0.41,0.49,0.53,,-29.1667,-5.2023,-29.0667
709092,智通*元大5B購01,2026-09-08,0.61,-0.08,-11.59,20000000,0,綠縮,否,,0.67,0.7,0.92,,-8.011,-6.7114,-16.493
709093,鈊象元大5B購02,2026-09-08,0.89,-0.06,-6.32,520000000,0,綠縮,是,,0.97,1.23,1.42,,-34.9057,-25.4413,-10.5247
709094,群聯元大5B購15,2026-09-08,2.77,-0.09,-3.15,40000000,0,紅增,否,,2.67,2.97,3.04,,-18.0871,-13.1694,-7.4277
709098,尼克森國票5B購02,2026-09-08,0.15,-0.1,-40.0,80000000,0,綠縮,是,,0.3,0.47,1.09,,-52.795,-50.3145,-31.0695
709100,晶宏國票5C購03,2026-09-08,1.23,-0.21,-14.58,662000000,0,紅縮,是,,1.4,1.06,0.81,,91.7582,74.0984,14.598
709103,雷科國票5C購01,2026-09-08,1.22,0.06,5.17,1164000000,0,紅增,否,,1.11,1.05,1.16,,12.2984,-2.3191,-19.3111
709107,擎亞國票5C購01,2026-09-08,0.4,-0.06,-13.04,746000000,0,綠縮,是,,0.47,0.53,0.82,,-19.7952,-32.567,-25.3534
709110,均豪凱基5C購01,2026-09-08,0.37,-0.09,-19.57,180000000,0,,是,,0.37,0.48,,,-37.037,-39.8758,
709112,博智凱基5B購01,2026-09-08,0.1,-0.03,-23.08,100000000,0,綠轉紅,否,,0.11,0.14,0.27,,-34.1463,-40.3509,-31.4028
709117,群聯凱基5B購07,2026-09-08,0.38,-0.01,-2.56,30000000,0,紅增,否,,0.4,0.47,0.54,,-26.7399,-3.4694,-24.5112
709119,中光電台新5B購01,2026-09-08,0.81,-0.37,-31.36,175000000,0,綠增,是,,2.62,2.81,3.37,,-12.8989,-25.2192,2.3083
709128,群聯台新5B購10,2026-09-08,0.51,-0.01,-1.92,325000000,0,紅增,否,,0.5,0.58,0.61,,-25.6716,-0.8489,-18.9279
709130,雷科台新5B購01,2026-09-08,2.16,0.19,9.64,1000000,0,綠轉紅,是,,1.99,1.92,2.16,,7.3514,3.0629,-16.5638
709131,雷科台新5B購02,2026-09-08,1.54,0.09,6.21,408000000,0,紅增,否,,1.38,1.31,1.5,,11.0754,-4.641,-22.4342
709133,聯合台新5B購01,2026-09-08,0.49,0.02,4.26,5000000,0,,是,,0.65,0.75,0.9,,-23.4043,-21.3684,
709134,鑫科台新5B購01,2026-09-08,0.19,0.01,5.56,1000000,0,綠縮,否,,0.27,0.37,0.75,,-43.6975,-48.6188,-23.7684
709136,博智富邦61購02,2026-09-08,0.28,-0.04,-12.5,549000000,0,紅縮,是,,0.32,0.3,0.27,,14.1844,26.8908,-5.5062
709139,安勤永豐5C購01,2026-09-08,0.52,-0.06,-10.34,3000000,0,綠縮,否,,0.61,0.72,0.9,,-26.8585,-21.4363,-13.1667
709141,博智永豐5C購02,2026-09-08,0.34,-0.04,-10.53,4000000,0,,是,,0.41,0.52,0.75,,-34.4937,-37.6639,-19.829
709143,群聯永豐63購01,2026-09-08,0.87,-0.01,-1.14,230000000,0,綠轉紅,否,,0.88,0.92,1.04,,-8.75,-6.802,-14.8543
709147,中美晶統一66購01,2026-09-08,0.73,-0.02,-2.67,96000000,0,綠縮,否,,0.74,0.75,0.79,,-3.1579,-0.7958,-15.0027
709150,沛亨統一64購01,2026-09-08,0.4,0.03,8.11,25000000,0,紅增,否,,0.37,0.32,0.46,,38.806,-5.6047,-24.7934
709151,沛亨統一65購02,2026-09-08,0.45,0.08,21.62,33000000,0,紅增,是,,0.38,0.34,0.29,,27.7027,31.6406,-4.085
709152,佳邦統一63購01,2026-09-08,0.39,-0.05,-11.36,360000000,0,紅增,是,,0.41,0.43,0.48,,-9.375,-2.0642,-22.5754
709156,茂達統一65購03,2026-09-08,0.39,-0.08,-17.02,138000000,0,紅縮,否,,0.45,0.47,0.51,,-9.3117,-3.2854,-15.2893
709160,神準統一66購01,2026-09-08,0.55,0.04,7.84,2000000,0,綠縮,否,,0.54,0.56,0.59,,-7.2165,-3.6082,-5.7279
709166,群聯統一63購01,2026-09-08,0.36,0.01,2.86,47000000,0,紅增,否,,0.35,0.36,0.35,,-9.4241,-2.6738,-1.707
709167,群聯統一63購02,2026-09-08,0.31,0.0,0.0,301000000,0,紅增,否,,0.29,0.32,0.3,,-16.9492,7.2848,-6.9182
709168,群聯統一65購01,2026-09-08,0.32,0.0,0.0,526000000,0,紅縮,是,,0.31,0.33,0.31,,-9.3023,1.8634,-3.2915
709170,群聯統一69購01,2026-09-08,0.99,0.0,0.0,1000000,0,紅增,否,,0.98,1.0,0.95,,-3.5503,9.9338,-5.3447
709171,群聯統一69購02,2026-09-08,0.58,-0.01,-1.69,211000000,0,紅縮,否,,0.57,0.59,0.56,,-5.298,-0.8432,-1.847
709172,群聯統一6B購01,2026-09-08,1.08,0.02,1.89,78000000,0,紅增,否,,1.05,1.04,1.1,,1.7476,0.5808,-8.0855
709173,群聯統一75購01,2026-09-08,1.13,-0.01,-0.88,268000000,0,紅縮,否,,1.11,1.13,1.08,,-3.1414,0.1776,0.7022
709179,廣穎統一65購01,2026-09-08,0.73,-0.01,-1.35,5000000,0,紅縮,否,,0.74,0.77,0.74,,-8.209,0.9162,-7.3125
709181,擎亞統一65購03,2026-09-08,0.5,-0.03,-5.66,40000000,0,綠縮,否,,0.52,0.57,0.76,,-14.9837,-20.6704,-14.1408
709182,擎亞統一65購04,2026-09-08,0.4,-0.05,-11.11,21000000,0,綠縮,否,,0.45,0.48,0.64,,-11.3281,-22.72,-27.2624
709191,新盛力群益61購02,2026-09-08,1.97,-0.2,-9.22,210000000,0,綠增,否,,2.2,2.49,2.53,,-20.8934,-0.5998,-4.4931
709193,臺慶科群益5B購03,2026-09-08,0.15,-0.03,-16.67,3000000,0,綠縮,否,,0.24,0.29,0.74,,-30.1775,-49.8252,-34.102
709195,擎亞群益62購01,2026-09-08,0.39,-0.04,-9.3,244000000,0,綠縮,是,,0.46,0.54,1.0,,-26.2821,-39.5764,-20.1439
709196,寶雅群益5B購01,2026-09-08,2.26,-0.15,-6.22,78000000,0,綠增,否,,2.46,3.07,3.07,,-33.0974,-8.614,-0.9848
709199,威聯通永豐61購01,2026-09-08,0.24,-0.02,-7.69,50000000,0,紅縮,是,,0.36,0.33,0.4,,19.2053,-3.2164,-17.6107
709200,富喬永豐61購02,2026-09-08,1.23,0.17,16.04,482000000,0,紅增,是,,1.04,0.91,0.74,,32.0611,53.0201,9.4923
709201,富喬永豐66購01,2026-09-08,1.47,0.19,14.84,767000000,0,紅增,是,,1.32,1.1,0.87,,50.4545,54.1259,12.9032
709202,富喬永豐68購01,2026-09-08,1.34,0.12,9.84,574000000,0,紅增,否,,1.18,1.07,0.92,,23.2218,31.2423,9.1449
709203,順達永豐64購01,2026-09-08,0.92,-0.02,-2.13,10000000,0,紅增,否,,0.99,0.84,1.08,,40.7407,-6.0067,-8.7889
709205,鈊象永豐63購01,2026-09-08,0.86,-0.05,-5.49,15000000,0,綠縮,否,,0.9,1.01,1.12,,-20.1426,-19.6656,-5.3429
709206,新盛力永豐5C購02,2026-09-08,0.76,-0.07,-8.43,22000000,0,紅縮,否,,0.82,0.92,0.79,,-19.685,9.8321,-7.1765
709208,沛亨凱基5B購03,2026-09-08,0.21,0.02,10.53,373000000,0,紅增,是,,0.21,0.17,0.17,,65.625,22.3022,-28.6299
709210,富喬凱基5B購02,2026-09-08,1.25,0.27,27.55,41000000,0,紅增,是,,0.97,0.82,0.78,,42.3529,25.6098,3.088
709211,富喬凱基61購02,2026-09-08,1.58,0.23,17.04,181000000,0,紅增,否,,1.27,1.1,0.96,,36.6953,34.1849,10.6628
709212,富喬凱基61購03,2026-09-08,1.29,0.14,12.17,29000000,0,紅增,是,,1.06,0.93,0.86,,32.5,31.728,5.5147
709217,臺慶科凱基5B購03,2026-09-08,0.08,-0.02,-20.0,50000000,0,紅增,否,,0.1,0.12,0.17,,-37.6623,-25.1497,-36.553
709218,擎亞凱基61購01,2026-09-08,0.37,-0.06,-13.95,87000000,0,綠縮,否,,0.43,0.47,0.75,,-14.6245,-33.2859,-37.4055
709219,中光電台新5B購02,2026-09-08,0.37,-0.17,-31.48,280000000,0,綠增,否,,1.29,1.69,2.68,,-37.7885,-41.9477,-6.6841
709221,台星科台新5B購02,2026-09-08,0.45,-0.15,-25.0,50000000,0,紅縮,否,,0.58,0.64,0.7,,-15.1163,-2.9008,-26.4799
709224,佳邦台新5B購02,2026-09-08,0.44,-0.06,-12.0,30000000,0,綠縮,否,,0.56,0.77,1.42,,-43.2653,-48.2828,-23.5024
709229,擎亞台新5B購01,2026-09-08,0.71,-0.08,-10.13,5000000,0,,是,,0.81,0.89,1.64,,-16.7355,-45.8816,
709230,擎亞台新5B購02,2026-09-08,0.64,-0.09,-12.33,30000000,0,,是,,0.78,0.84,1.49,,-13.7472,-34.6303,-16.6105
709236,富喬國泰5C購01,2026-09-08,2.62,0.48,22.43,36000000,0,紅增,否,,1.83,1.37,1.32,,102.8761,40.5544,7.247
709237,順達國泰5C購01,2026-09-08,0.76,-0.06,-7.32,2000000,0,紅縮,否,,0.82,0.75,0.8,,19.5906,-1.9582,-9.5883
709241,富喬富邦5B購02,2026-09-08,0.8,0.04,5.26,1367000000,0,紅增,否,,0.67,0.57,0.38,,41.7722,69.0265,12.7941
709243,均豪元大5B購04,2026-09-08,3.43,-0.89,-20.6,342000000,0,紅縮,是,,3.63,3.59,4.15,,2.1959,-1.912,-4.8836
709244,欣銓元大5B購03,2026-09-08,0.91,-0.06,-6.19,64000000,0,紅縮,否,,1.0,0.95,1.0,,10.8407,8.5421,-12.6804
709245,威剛元大5B購15,2026-09-08,1.81,0.16,9.7,263000000,0,綠縮,是,,1.7,1.86,2.01,,-16.2883,-12.9153,-6.6496
709247,博智元大5B購03,2026-09-08,0.34,-0.05,-12.82,10000000,0,紅縮,否,,0.42,0.41,0.5,,2.451,1.7241,-23.8132
709248,富喬元大5B購03,2026-09-08,2.6,0.59,29.35,193000000,0,紅增,是,,1.99,1.79,1.32,,24.8432,57.0552,12.906
709249,富喬元大5B購04,2026-09-08,1.03,0.16,18.39,382000000,0,紅增,是,,0.84,0.74,0.5,,30.5296,66.6667,20.1691
709250,富喬元大5B購05,2026-09-08,1.13,0.19,20.21,655000000,0,紅增,是,,0.93,0.82,0.76,,30.0562,20.7965,11.9941
709252,新盛力元大5B購06,2026-09-08,1.43,-0.2,-12.27,10000000,0,綠增,否,,1.81,1.5,1.89,,52.1008,-14.6272,-11.4232
709253,新盛力元大5B購07,2026-09-08,1.62,-0.18,-10.0,10000000,0,紅縮,否,,1.8,1.85,1.81,,-5.2687,12.6829,-9.0292
709254,群聯元大5B購17,2026-09-08,2.85,-0.06,-2.06,17000000,0,紅增,否,,2.85,3.06,3.22,,-13.0116,-7.7456,-14.6825
709255,群聯元大5B購18,2026-09-08,0.5,-0.01,-1.96,10000000,0,紅增,否,,0.51,0.55,0.61,,-14.4295,-7.0588,-18.8992
709256,臺慶科元大5B購01,2026-09-08,0.19,-0.06,-24.0,20000000,0,綠縮,否,,0.3,0.62,1.23,,-68.4435,-54.3301,-21.993
709258,中美晶群益5B購05,2026-09-08,6.3,0.1,1.61,5000000,0,綠縮,否,,6.05,7.55,9.96,,-33.1492,-36.528,-1.8231
709259,均豪群益5B購05,2026-09-08,0.93,-0.28,-23.14,1028000000,0,紅縮,是,,1.02,0.95,1.08,,17.1625,0.7431,-18.8417
709262,新盛力群益63購01,2026-09-08,1.25,-0.11,-8.09,370000000,0,紅轉綠,是,,1.41,1.56,1.37,,-17.585,5.8503,-8.1345
709265,擎亞群益5B購03,2026-09-08,0.48,-0.04,-7.69,18000000,0,,是,,0.52,1.02,1.36,,-65.298,-42.3469,
709267,方土昶永豐5C購01,2026-09-08,0.5,-0.03,-5.66,40000000,0,綠增,否,,0.52,0.63,0.58,,-28.4932,-9.2754,-3.3969
709268,茂達永豐63購01,2026-09-08,0.49,-0.06,-10.91,50000000,0,綠縮,否,,0.55,0.63,0.8,,-20.6304,-15.747,-18.4639
709269,精確永豐5B購01,2026-09-08,0.17,0.04,30.77,11000000,0,綠縮,否,,0.23,0.23,0.41,,-0.8696,-44.0098,-21.2034
709271,中美晶凱基5B購05,2026-09-08,0.68,-0.12,-15.0,196000000,0,綠縮,否,,0.75,0.81,1.24,,-14.4165,-11.172,-19.2747
709273,立碁凱基5B購02,2026-09-08,0.39,-0.09,-18.75,250000000,0,,是,,0.47,0.45,,,5.9091,28.3286,
709274,均豪凱基5B購04,2026-09-08,0.39,0.0,0.0,87000000,0,綠轉紅,是,,0.37,0.35,0.45,,9.5238,-19.0805,-2.6969
709275,沛亨凱基5C購01,2026-09-08,0.36,0.04,12.5,412000000,0,紅增,否,,0.35,0.29,0.28,,54.8673,31.5068,-34.7079
709277,華容凱基5B購01,2026-09-08,2.13,-0.16,-6.99,4000000,0,綠縮,否,,2.08,2.37,2.63,,-22.039,-10.2457,-17.4015
709280,精材凱基5B購09,2026-09-08,2.69,0.08,3.07,10000000,0,紅增,否,,2.17,1.42,1.49,,224.5509,25.7092,23.6951
709282,立碁台新5B購01,2026-09-08,0.96,-0.17,-15.04,135000000,0,,否,,1.19,1.09,,,18.3633,21.9621,
709283,立碁台新5B購02,2026-09-08,0.97,-0.15,-13.39,10000000,0,,否,,1.17,1.03,,,32.8798,42.2438,
709287,南俊台新5B購01,2026-09-08,0.52,-0.17,-24.64,65000000,0,紅縮,否,,0.71,0.73,0.6,,-4.5699,33.6397,-19.006
709291,臺慶科台新5B購06,2026-09-08,0.46,-0.06,-11.54,79000000,0,紅縮,否,,0.5,0.56,0.67,,-19.8083,-19.8864,-19.7345
709292,臺慶科台新5B購07,2026-09-08,0.42,-0.08,-16.0,125000000,0,紅增,否,,0.47,0.62,0.74,,-38.7013,-19.6636,-30.7692
709293,群聯兆豐65購03,2026-09-08,0.55,-0.01,-1.79,89000000,0,紅縮,否,,0.53,0.55,0.52,,-5.3191,-1.6129,0.2879
709295,方土昶元大5B購01,2026-09-08,0.9,-0.05,-5.26,16000000,0,紅縮,是,,1.18,1.01,1.24,,40.38,3.16,-12.7517
709296,世界元大5B購04,2026-09-08,0.86,-0.01,-1.15,8000000,0,綠縮,否,,0.84,0.91,1.02,,-15.3535,-8.325,-14.6096
709297,台半元大5B購05,2026-09-08,0.89,-0.06,-6.32,90000000,0,紅縮,否,,0.95,1.0,1.08,,-8.0925,1.2195,-19.1791
709298,倚強元大5B購01,2026-09-08,0.67,-0.14,-17.28,212000000,0,,是,,0.77,0.6,0.69,,76.1468,6.7376,
709301,聖暉*元大5B購05,2026-09-08,0.44,-0.03,-6.38,498000000,0,綠縮,否,,0.45,0.53,1.17,,-26.5574,-47.6238,-34.184
709302,臺慶科元大5B購02,2026-09-08,0.2,-0.04,-16.67,16000000,0,紅增,否,,0.25,0.32,0.43,,-36.9231,-15.4255,-37.3167
709307,中美晶群益5B購06,2026-09-08,1.68,-0.04,-2.33,453000000,0,綠縮,否,,1.72,1.83,2.48,,-11.6375,-4.7892,-31.5543
709308,世界群益5C購02,2026-09-08,0.41,-0.04,-8.89,1000000,0,綠縮,否,,0.42,0.51,0.64,,-28.2313,-19.8413,-22.5301
709309,南俊群益5B購01,2026-09-08,0.3,-0.04,-11.76,422000000,0,紅縮,否,,0.39,0.4,0.35,,-5.8252,12.9944,-16.0287
709311,富喬群益5B購03,2026-09-08,1.76,0.27,18.12,1792000000,0,紅增,是,,1.4,1.21,1.0,,37.1316,51.4429,3.5088
709312,群聯群益5B購09,2026-09-08,0.29,-0.01,-3.33,95000000,0,紅增,否,,0.28,0.34,0.36,,-29.4416,-20.19,-13.2121
709313,精材群益5B購09,2026-09-08,5.35,0.35,7.0,98000000,0,紅增,否,,3.35,2.55,2.57,,91.762,48.0836,4.9572
709315,沛亨永豐65購01,2026-09-08,0.44,0.04,10.0,400000000,0,,是,,0.41,0.37,0.57,,23.6364,-25.9036,
709317,順達永豐64購02,2026-09-08,0.48,-0.03,-5.88,25000000,0,紅增,否,,0.53,0.43,0.6,,58.6826,-15.625,-14.02
709322,沛亨元大5B購04,2026-09-08,0.58,0.08,16.0,3000000,0,,是,,0.49,0.48,0.97,,6.9264,-38.4021,
709326,朋程元大5B購01,2026-09-08,0.08,-0.03,-27.27,10000000,0,綠縮,否,,0.15,0.18,0.39,,-25.2427,-43.5737,-26.4844
709328,富喬元大61購03,2026-09-08,1.56,0.11,7.59,600000000,0,紅增,否,,1.35,1.21,0.86,,26.4045,55.3985,19.3728
709329,群聯元大61購08,2026-09-08,0.58,0.02,3.57,181000000,0,紅增,否,,0.57,0.59,0.75,,-6.8852,-14.2649,-16.6944
709333,大中群益5B購01,2026-09-08,0.78,0.38,95.0,1000000,0,綠縮,否,,0.5,0.53,1.15,,-8.0292,-52.8674,-28.9254
709341,長科*群益5B購01,2026-09-08,1.27,-0.2,-13.61,20000000,0,綠縮,否,,1.42,1.51,2.45,,-11.0276,-28.8008,-24.4691
709345,精材群益5B購10,2026-09-08,7.65,0.5,6.99,20000000,0,紅增,否,,4.54,3.8,4.03,,48.0757,11.3943,7.9501
709346,台半凱基5B購03,2026-09-08,0.19,-0.07,-26.92,92000000,0,綠縮,否,,0.23,0.24,0.61,,-7.874,-23.9875,-33.8745
709347,沛亨凱基5B購04,2026-09-08,0.26,0.06,30.0,53000000,0,紅增,否,,0.24,0.19,0.38,,63.8889,-19.1489,-26.8199
709353,大中台新5B購03,2026-09-08,0.42,-0.01,-2.33,145000000,0,綠縮,是,,0.46,0.56,1.23,,-28.3951,-24.559,-29.5298
709357,博盛台新5B購02,2026-09-08,0.39,-0.07,-15.22,130000000,0,紅縮,否,,0.44,0.44,0.45,,2.7907,2.3474,-38.2153
709366,富喬凱基62購01,2026-09-08,1.21,0.15,14.15,43000000,0,紅增,否,,1.03,0.88,0.68,,38.9189,66.7925,10.7465
709367,萊德光凱基5B購01,2026-09-08,0.08,-0.05,-38.46,1976000000,0,紅縮,是,,0.11,0.16,0.19,,-51.8182,-23.1132,-14.094
709368,萊德光凱基5B購02,2026-09-08,0.18,-0.17,-48.57,1269000000,0,紅縮,是,,0.18,0.14,0.17,,64.8148,2.1429,-14.5
709372,聖暉*凱基5B購06,2026-09-08,0.08,-0.01,-11.11,5000000,0,綠縮,否,,0.23,0.47,0.86,,-66.8571,-44.325,-24.749
709382,廣穎台新5B購02,2026-09-08,0.96,-0.09,-8.57,10000000,0,紅縮,否,,1.08,1.27,1.19,,-25.1381,1.8504,-13.8778
709386,長科*元大5B購01,2026-09-08,1.09,-0.21,-16.15,6000000,0,綠縮,是,,1.28,1.38,2.56,,-12.7717,-45.5336,-15.7895
709387,順達元大5B購08,2026-09-08,0.38,-0.03,-7.32,177000000,0,,是,,0.51,0.83,0.99,,-54.833,-26.0519,-16.6526
709390,群聯元大63購04,2026-09-08,0.43,0.01,2.38,94000000,0,紅縮,否,,0.43,0.45,0.42,,-10.084,3.6697,-2.781
709393,精材富邦5B購03,2026-09-08,3.0,0.02,0.67,10000000,0,紅增,否,,2.55,1.89,1.87,,107.3052,17.6507,23.9231
709398,威聯通國泰5C購01,2026-09-08,0.53,-0.01,-1.85,10000000,0,紅縮,否,,0.57,0.71,0.67,,-32.0665,-1.9417,-11.2063
709406,鏵友益永豐5C購02,2026-09-08,0.16,-0.02,-11.11,30000000,0,,是,,0.34,0.44,,,-36.6667,,
709408,中美晶元大5C購03,2026-09-08,1.35,-0.12,-8.16,1000000,0,綠縮,否,,1.46,1.55,1.86,,-11.1922,-4.9602,-21.4947
709409,世界元大5C購02,2026-09-08,1.0,-0.06,-5.66,56000000,0,綠縮,否,,1.04,1.16,1.36,,-19.5652,-9.3604,-16.0852
709413,富喬元大5C購03,2026-09-08,1.23,0.1,8.85,431000000,0,紅增,是,,1.06,0.94,0.68,,29.2683,57.4539,12.6853
709416,群聯元大5C購03,2026-09-08,1.9,-0.03,-1.55,47000000,0,紅縮,否,,1.91,2.12,2.19,,-18.1974,-11.0084,-8.3507
709418,中美晶永豐64購01,2026-09-08,0.81,-0.02,-2.41,19000000,0,綠縮,否,,0.82,0.85,0.93,,-6.621,-4.077,-18.7637
709419,長科*永豐61購02,2026-09-08,0.89,-0.18,-16.82,1000000,0,綠縮,否,,0.98,1.07,1.34,,-14.7569,-9.0367,-22.9155
709422,臺慶科永豐66購01,2026-09-08,0.33,-0.04,-10.81,40000000,0,紅縮,否,,0.38,0.39,0.43,,-1.5385,-3.25,-23.4568
709424,台半凱基5C購02,2026-09-08,0.12,-0.01,-7.69,211000000,0,綠縮,否,,0.13,0.14,0.37,,-8.3333,-21.5909,-42.3622
709429,威剛凱基64購01,2026-09-08,0.7,0.03,4.48,51000000,0,紅增,否,,0.66,0.7,0.72,,-9.8361,-3.0641,-5.5227
709433,勤凱凱基62購01,2026-09-08,0.18,-0.01,-5.26,22000000,0,紅增,是,,0.18,0.17,0.25,,11.3924,-13.4715,-23.5835
709443,台半群益5C購01,2026-09-08,0.24,-0.04,-14.29,10000000,0,紅增,否,,0.31,0.32,0.46,,-4.2683,-15.0794,-52.8782
709445,立敦群益5C購01,2026-09-08,0.06,0.0,0.0,20000000,0,紅增,否,,0.07,0.07,0.13,,-21.4286,-22.6804,-46.473
709446,勤凱群益5C購01,2026-09-08,0.07,-0.02,-22.22,100000000,0,紅增,是,,0.08,0.09,0.17,,-14.5833,-28.8,-32.1357
709448,雙鴻群益5C購01,2026-09-08,3.06,-0.63,-17.07,36000000,0,紅縮,否,,3.51,2.62,1.91,,103.3604,78.2165,43.2696
709449,聖暉*國泰61購01,2026-09-08,0.39,-0.04,-9.3,25000000,0,綠縮,否,,0.41,0.58,0.97,,-45.0402,-39.2219,-26.4215
709450,雙鴻國泰61購02,2026-09-08,2.25,-0.54,-19.35,200000000,0,紅縮,否,,2.62,1.94,1.38,,109.2652,76.8037,51.2035
709452,台半富邦64購01,2026-09-08,0.29,-0.03,-9.38,254000000,0,紅縮,否,,0.31,0.31,0.3,,0.641,3.9867,-10.7143
709453,台半富邦66購01,2026-09-08,0.34,-0.01,-2.86,40000000,0,紅縮,否,,0.37,0.36,0.35,,6.3953,14.1479,-25.9101
709455,宏捷科富邦66購02,2026-09-08,0.18,-0.01,-5.26,70000000,0,紅縮,否,,0.21,0.22,0.29,,-11.7647,-11.4625,-20.3039
709456,長科*富邦63購01,2026-09-08,0.84,-0.11,-11.58,21000000,0,紅縮,否,,0.92,0.89,0.91,,6.2212,-5.3911,-4.5216
709458,富喬富邦66購01,2026-09-08,1.11,0.09,8.82,276000000,0,紅增,否,,0.97,0.87,0.73,,26.893,39.4864,9.2551
709459,智通*富邦64購01,2026-09-08,1.21,-0.03,-2.42,9000000,0,綠縮,否,,1.21,1.22,1.21,,-1.1419,11.8349,-5.9969
709460,智通*富邦66購01,2026-09-08,0.64,-0.04,-5.88,214000000,0,紅縮,是,,0.65,0.65,0.65,,0.0,9.396,-8.4329
709462,鈊象富邦66購01,2026-09-08,0.78,-0.03,-3.7,90000000,0,綠縮,否,,0.8,0.84,0.94,,-10.1351,-16.0359,-3.0848
709465,台半國票61購02,2026-09-08,0.2,-0.04,-16.67,11000000,0,綠縮,否,,0.23,0.21,0.33,,22.1053,-8.658,-37.5
709469,萊德光國票61購01,2026-09-08,0.39,0.09,30.0,854000000,0,紅增,是,,0.21,0.17,0.17,,53.7313,27.8195,-9.4737
709471,中美晶群益62購02,2026-09-08,0.63,-0.02,-3.08,24000000,0,綠縮,否,,0.64,0.67,1.06,,-8.596,-23.8312,-12.335
709473,威剛群益62購01,2026-09-08,0.63,0.05,8.62,10000000,0,紅縮,否,,0.74,0.7,0.73,,10.5105,10.2201,-1.4855
709475,振曜群益5C購01,2026-09-08,0.19,-0.04,-17.39,54000000,0,綠縮,是,,0.24,0.33,0.49,,-41.3462,-29.4872,-29.7044
709478,鈊象國泰61購01,2026-09-08,0.92,-0.02,-2.13,32000000,0,綠縮,否,,0.97,1.33,1.43,,-42.0927,-18.5776,-15.4575
709482,達航永豐61購01,2026-09-08,0.35,0.04,12.9,453000000,0,紅增,是,,0.32,0.29,0.32,,23.6641,10.9848,-14.3236
709483,達航永豐64購01,2026-09-08,0.57,0.08,16.33,260000000,0,紅增,是,,0.51,0.47,0.57,,18.0556,-4.4625,-12.1352
709487,漢科富邦66購01,2026-09-08,0.48,-0.03,-5.88,553000000,0,綠縮,否,,0.49,0.5,0.57,,-5.4264,-5.8161,-10.7367
709491,中美晶凱基5C購02,2026-09-08,0.38,-0.04,-9.52,63000000,0,綠縮,否,,0.4,0.47,1.03,,-26.3736,-41.5536,-17.8956
709496,富喬凱基5C購01,2026-09-08,0.75,-0.11,-12.79,41000000,0,,是,,0.82,0.63,0.63,,90.2778,11.3677,
709497,華容凱基5C購02,2026-09-08,1.69,-0.25,-12.89,7000000,0,綠縮,否,,1.89,2.09,2.55,,-17.77,-12.5052,-13.7838
709498,群聯凱基5C購02,2026-09-08,0.11,-0.01,-8.33,790000000,0,紅縮,是,,0.12,0.14,0.16,,-25.6098,-19.209,-20.6983
709499,廣穎凱基61購01,2026-09-08,0.27,-0.03,-10.0,134000000,0,紅縮,是,,0.39,0.4,0.39,,-5.3922,0.5063,-10.3763
709501,立敦台新5C購01,2026-09-08,0.14,-0.03,-17.65,15000000,0,綠縮,否,,0.17,0.25,0.65,,-49.0798,-52.233,-38.4798
709502,宏觀台新5C購01,2026-09-08,0.17,-0.02,-10.53,2000000,0,,否,,0.19,0.47,,,-74.5308,,
709503,南俊台新5C購01,2026-09-08,0.42,-0.05,-10.64,205000000,0,紅縮,否,,0.56,0.52,0.41,,17.7215,59.2593,-18.4891
709512,富喬元大61購04,2026-09-08,1.13,0.13,13.0,428000000,0,紅增,否,,0.95,0.73,0.71,,85.9375,27.7487,10.4361
709518,中美晶富邦62購01,2026-09-08,0.59,-0.04,-6.35,174000000,0,綠縮,否,,0.63,0.64,1.07,,-5.1515,-34.919,-8.5496
709520,世紀*凱基5C購01,2026-09-08,6.6,1.1,20.0,24000000,0,紅增,是,,5.29,4.68,2.63,,29.8332,103.1223,71.8903
709526,長科*凱基5C購01,2026-09-08,0.2,-0.06,-23.08,128000000,0,紅縮,否,,0.25,0.25,0.31,,-0.7874,-21.6718,-21.134
709527,宸曜凱基5C購01,2026-09-08,0.35,-0.17,-32.69,76000000,0,紅轉綠,是,,0.47,0.48,0.48,,-6.4257,-3.0181,-4.6305
709529,群聯凱基5C購03,2026-09-08,0.14,0.01,7.69,78000000,0,紅增,否,,0.13,0.15,0.17,,-21.9512,-15.6069,-20.0
709530,大綜台新5C購01,2026-09-08,1.21,-0.06,-4.72,35000000,0,紅增,否,,1.26,1.33,1.52,,-10.0,-13.9159,-7.5633
709532,萊德光台新5C購01,2026-09-08,0.18,-0.13,-41.94,906000000,0,紅縮,是,,0.2,0.15,0.18,,71.9298,9.9291,-19.9115
709535,安葆永豐63購01,2026-09-08,1.31,0.04,3.15,8000000,0,,否,,1.26,1.1,,,35.3319,43.099,
709537,雙鴻永豐64購02,2026-09-08,1.12,-0.29,-20.57,29000000,0,,否,,1.13,0.91,0.79,,64.2442,45.9069,7.8391
709541,世界元大64購05,2026-09-08,0.58,-0.04,-6.45,377000000,0,,是,,0.61,0.79,0.98,,-37.6543,-25.2133,-7.9439
709549,長科*元大66購01,2026-09-08,0.91,-0.09,-9.0,120000000,0,紅縮,是,,0.99,0.99,0.98,,0.6098,3.1348,-10.6539
709550,富喬元大61購05,2026-09-08,1.0,0.15,17.65,237000000,0,紅增,否,,0.84,0.74,0.59,,30.7453,54.7917,12.1327
709555,方土昶群益5C購01,2026-09-08,0.37,-0.02,-5.13,111000000,0,紅轉綠,是,,0.41,0.54,0.46,,-37.7644,0.5618,-6.6869
709557,台半群益5C購02,2026-09-08,0.51,-0.11,-17.74,3000000,0,,否,,0.49,0.66,1.06,,-40.6326,-38.5553,-9.0323
709560,長科*群益61購01,2026-09-08,0.51,-0.07,-12.07,31000000,0,紅增,否,,0.55,0.64,0.72,,-24.0331,-6.4611,-25.0261
709561,南俊群益5C購01,2026-09-08,0.63,0.14,28.57,801000000,0,紅增,否,,0.57,0.53,0.44,,17.1429,29.1262,-6.455
709562,富喬群益5C購02,2026-09-08,2.64,0.45,20.55,1708000000,0,紅增,否,,2.06,1.77,1.13,,39.4309,95.6811,22.4457
709566,雙鴻群益5C購02,2026-09-08,1.24,-0.53,-29.94,516000000,0,,是,,1.47,0.99,0.97,,185.2713,48.3582,8.9736
709567,方土昶凱基5C購02,2026-09-08,0.22,-0.02,-8.33,19000000,0,紅轉綠,否,,0.27,0.35,0.34,,-35.0711,3.8806,-14.1762
709568,威剛凱基61購01,2026-09-08,0.24,0.0,0.0,1115000000,0,,否,,0.23,0.26,0.29,,-21.0884,-14.0523,-13.2638
709569,雅特力凱基5C購01,2026-09-08,2.26,0.22,10.78,149000000,0,綠縮,是,,1.85,2.18,1.93,,-26.3535,-6.2742,9.4618
709577,達航國票61購01,2026-09-08,0.32,0.06,23.08,5000000,0,綠轉紅,否,,0.26,0.22,0.35,,38.7097,-18.9781,-14.8103
709579,中美晶元大5C購05,2026-09-08,1.82,-0.07,-3.7,1000000,0,綠縮,否,,1.78,1.82,2.01,,-3.5676,1.6219,-14.4958
709580,世界元大5C購04,2026-09-08,0.81,-0.07,-7.95,162000000,0,綠縮,否,,0.85,0.94,1.09,,-17.154,-11.2583,-18.2397
709581,世界元大64購06,2026-09-08,0.6,-0.03,-4.76,234000000,0,綠縮,否,,0.61,0.66,0.68,,-14.5658,-1.9259,-11.7304
709583,台半元大66購03,2026-09-08,1.23,-0.09,-6.82,64000000,0,綠增,否,,1.28,1.27,1.28,,0.9464,7.1489,-10.2034
709586,富喬元大64購01,2026-09-08,1.13,0.08,7.62,782000000,0,紅增,是,,1.0,0.9,0.73,,25.4408,43.8907,11.4943
709588,群聯元大61購11,2026-09-08,0.26,-0.01,-3.7,1006000000,0,紅增,是,,0.26,0.29,0.28,,-15.9236,3.2143,-14.0673
709589,群聯元大64購04,2026-09-08,0.37,0.01,2.78,185000000,0,紅增,否,,0.35,0.37,0.36,,-8.8542,-3.9267,-7.9848
709591,威剛群益5C購03,2026-09-08,0.51,0.01,2.0,400000000,0,綠縮,否,,0.5,0.61,0.69,,-30.0836,-22.9798,-18.7097
709593,桓達永豐61購01,2026-09-08,0.33,-0.02,-5.71,126000000,0,,是,,0.34,0.35,,,-0.578,-13.75,
709595,富喬國票5C購03,2026-09-08,1.63,0.25,18.12,57000000,0,紅增,否,,1.35,1.17,0.88,,35.9596,63.5854,10.1631
709597,精確國票61購01,2026-09-08,0.32,0.0,0.0,20000000,0,綠縮,是,,0.34,0.32,0.51,,11.1111,-32.2851,-18.7946
709601,世界元大5C購05,2026-09-08,0.83,-0.05,-5.68,16000000,0,綠縮,否,,0.86,0.96,1.05,,-18.9036,-6.8999,-15.1832
709602,世界元大64購07,2026-09-08,0.97,-0.05,-4.9,78000000,0,綠縮,否,,0.99,1.07,1.12,,-14.1869,-2.0073,-10.7514
709603,世界元大66購02,2026-09-08,0.62,-0.03,-4.62,270000000,0,綠縮,是,,0.62,0.65,0.67,,-8.0357,-1.6768,-7.5642
709605,威剛元大5C購02,2026-09-08,1.07,0.0,0.0,278000000,0,綠縮,否,,1.04,1.13,1.18,,-14.9425,-9.1861,-6.7194
709609,群聯元大61購12,2026-09-08,0.35,0.01,2.94,40000000,0,紅增,否,,0.34,0.37,0.35,,-13.7056,5.7637,-12.1554
709611,磐亞元大5C購01,2026-09-08,2.19,-0.07,-3.1,300000000,0,綠增,是,,2.69,3.29,3.95,,-30.8445,-17.3793,-1.115
709617,磐亞凱基5C購01,2026-09-08,1.49,-0.03,-1.97,2000000,0,綠增,否,,2.22,2.11,2.85,,11.4458,-26.5178,1.2964
709622,順達台新5C購02,2026-09-08,0.48,-0.08,-14.29,400000000,0,綠縮,是,,0.57,0.54,0.87,,13.9442,-23.176,-14.5957
709623,精材台新62購01,2026-09-08,5.4,0.1,1.89,3000000,0,紅增,否,,3.76,3.09,3.26,,55.7947,7.0686,11.6195
709629,方土昶永豐63購01,2026-09-08,0.43,-0.02,-4.44,22000000,0,綠增,是,,0.45,0.52,0.49,,-23.2877,-1.3384,-7.533
709630,系微永豐61購01,2026-09-08,0.32,0.09,39.13,130000000,0,,是,,0.56,0.86,,,-51.2111,,
709632,家登永豐5C購01,2026-09-08,0.66,0.09,15.79,109000000,0,,是,,0.59,0.77,,,-37.4737,,
709635,雙鴻群益5C購03,2026-09-08,2.3,-1.05,-31.34,181000000,0,紅縮,否,,3.06,2.18,1.52,,136.8421,91.0448,59.9265
709636,大綜國票5C購01,2026-09-08,0.33,-0.01,-2.94,80000000,0,紅縮,否,,0.36,0.42,0.51,,-23.2068,-19.2678,-13.3617
709637,台特化國票61購01,2026-09-08,0.44,-0.03,-6.38,20000000,0,,否,,0.6,0.89,,,-49.063,,
709638,光聚晶國票61購01,2026-09-08,0.25,-0.04,-13.79,25000000,0,紅縮,否,,0.28,0.29,0.36,,-7.2368,-13.0564,-17.7346
709642,鈊象國票61購01,2026-09-08,0.4,-0.01,-2.44,10000000,0,,否,,0.43,0.53,0.7,,-32.1656,-26.8056,
709644,大綜凱基5C購01,2026-09-08,0.15,-0.01,-6.25,34000000,0,紅增,否,,0.16,0.21,0.25,,-38.9313,-17.2549,-22.546
709645,伍豐凱基5C購01,2026-09-08,0.08,-0.01,-11.11,25000000,0,,是,,0.16,0.24,,,-49.6894,,
709647,朋億*凱基5C購01,2026-09-08,0.36,-0.03,-7.69,110000000,0,綠縮,否,,0.38,0.42,0.68,,-18.1818,-21.9331,-30.1955
709648,威剛凱基5C購03,2026-09-08,0.33,0.01,3.12,829000000,0,綠轉紅,是,,0.32,0.34,0.36,,-15.0538,-8.7533,-4.6791
709649,茂訊凱基5C購01,2026-09-08,0.52,-0.02,-3.7,10000000,0,綠增,否,,0.58,0.69,0.72,,-28.3582,-11.5385,-11.6891
709650,富喬凱基5C購02,2026-09-08,1.22,0.17,16.19,16000000,0,紅增,否,,0.93,0.71,0.62,,85.6,57.9646,6.5574
709652,雅特力凱基5C購02,2026-09-08,0.93,-0.03,-3.12,3375000000,0,綠縮,是,,0.76,0.76,0.95,,-0.5236,-4.9875,-20.2532
709654,精確凱基5C購01,2026-09-08,0.23,-0.01,-4.17,725000000,0,紅增,是,,0.26,0.25,0.32,,4.065,-3.0888,-26.7494
709655,大綜台新5C購03,2026-09-08,0.35,-0.02,-5.41,43000000,0,,是,,0.38,0.51,0.59,,-39.2405,-15.192,-16.0969
709657,方土昶台新5C購01,2026-09-08,0.52,-0.02,-3.7,5000000,0,綠增,是,,0.6,0.74,0.71,,-32.809,3.6212,-19.2744
709658,富喬台新5C購01,2026-09-08,1.76,-0.14,-7.37,1785000000,0,,是,,1.48,1.16,1.13,,73.4742,18.6354,14.0121
709659,富喬台新5C購02,2026-09-08,2.43,0.32,15.17,1484000000,0,紅增,是,,2.01,1.78,1.47,,30.6494,51.7949,6.0224
709665,中美晶元大5C購07,2026-09-08,1.63,-0.14,-7.91,11000000,0,綠縮,否,,1.64,1.72,2.1,,-9.5133,-0.4624,-8.4639
709669,家登元大5C購04,2026-09-08,0.55,0.07,14.58,60000000,0,紅增,是,,0.49,0.49,0.55,,0.4065,-3.3333,-17.6825
709672,群聯元大5C購08,2026-09-08,0.34,0.02,6.25,8000000,0,紅增,否,,0.32,0.35,0.35,,-16.5803,-4.065,-10.5534
709676,家登富邦63購01,2026-09-08,0.55,0.02,3.77,109000000,0,,否,,0.48,0.44,0.56,,17.734,-18.75,
709679,家登群益5C購01,2026-09-08,0.9,-0.02,-2.17,75000000,0,,否,,0.95,0.92,1.13,,6.7568,-17.0732,
709680,富喬群益5C購03,2026-09-08,2.55,0.34,15.38,174000000,0,,否,,2.06,1.75,1.58,,42.7978,29.7557,
709685,威剛永豐6C購01,2026-09-08,0.99,0.02,2.06,162000000,0,綠轉紅,否,,0.96,0.99,0.98,,-6.4579,-1.592,-2.2433
709686,建榮永豐61購01,2026-09-08,0.43,0.04,10.26,20000000,0,綠轉紅,是,,0.44,0.4,0.57,,26.2857,-10.4072,-22.7642
709688,雅特力永豐61購01,2026-09-08,1.37,-0.06,-4.2,923000000,0,綠縮,是,,1.21,1.21,1.35,,0.1653,3.1516,-6.9928
709691,聰泰永豐61購01,2026-09-08,0.5,0.04,8.7,80000000,0,綠縮,是,,0.48,0.55,0.69,,-23.7179,-13.928,-18.3601
709692,立敦國票5C購01,2026-09-08,0.23,-0.03,-11.54,5000000,0,,否,,0.3,0.68,1.16,,-71.8045,-48.0579,-23.6298
709698,邑昇國票61購01,2026-09-08,0.48,-0.05,-9.43,175000000,0,,否,,0.53,0.47,,,28.5024,25.1323,
709700,建榮國票5C購01,2026-09-08,0.19,0.01,5.56,300000000,0,紅增,是,,0.18,0.19,0.24,,-9.901,-1.5385,-32.267
709701,博士旺國票5C購01,2026-09-08,0.29,-0.07,-19.44,1621000000,0,紅縮,否,,0.3,0.26,0.26,,40.7407,-7.1429,-9.9145
709705,雅特力國票61購01,2026-09-08,0.93,0.02,2.2,446000000,0,綠縮,是,,0.82,0.84,0.92,,-3.9627,-1.2911,-16.8473
709706,雅特力國票61購02,2026-09-08,0.85,0.0,0.0,749000000,0,綠縮,是,,0.76,0.76,0.82,,0.7958,2.1592,-11.5073
709710,廣閎科國票61購01,2026-09-08,0.84,-0.1,-10.64,296000000,0,綠縮,是,,0.89,1.02,1.55,,-23.4483,-30.4348,-16.0293
709711,騰雲國票61購01,2026-09-08,0.78,-0.11,-12.36,339000000,0,,是,,0.78,0.74,0.7,,12.6801,10.8108,
709712,威剛國泰61購01,2026-09-08,0.78,0.0,0.0,372000000,0,,否,,0.76,0.83,0.93,,-15.6733,-9.436,-21.2766
709717,雅特力台新5C購01,2026-09-08,1.36,-0.08,-5.56,1918000000,0,綠縮,是,,1.17,1.23,1.62,,-9.19,-4.9651,-7.9864
709718,雅特力台新5C購02,2026-09-08,1.04,0.07,7.22,1226000000,0,綠縮,是,,0.86,0.91,1.4,,-10.2083,-19.9473,-13.9871
709721,雙鴻台新5C購03,2026-09-08,1.64,-0.54,-24.77,10000000,0,,是,,2.03,1.5,,,110.559,47.2031,
709724,中美晶元大5C購09,2026-09-08,1.22,0.01,0.83,39000000,0,綠縮,否,,1.23,1.26,1.37,,-5.547,-2.2463,-14.6509
709725,方土昶元大5C購01,2026-09-08,0.98,-0.05,-4.85,15000000,0,,是,,1.07,1.24,1.24,,-24.435,2.8122,-13.9923
709730,富喬元大64購02,2026-09-08,1.72,0.13,8.18,501000000,0,紅增,是,,1.56,1.29,0.97,,52.7451,66.3226,13.6682
709732,鈊象元大5C購05,2026-09-08,1.09,-0.02,-1.8,41000000,0,綠縮,否,,1.1,1.3,1.55,,-26.1044,-25.4733,-9.0535
709736,群聯元大66購06,2026-09-08,0.65,-0.01,-1.52,180000000,0,紅縮,否,,0.64,0.66,0.63,,-6.686,-0.1502,0.32
709739,精材元大66購04,2026-09-08,5.05,-0.05,-0.98,10000000,0,紅增,否,,4.64,3.66,3.71,,73.6724,14.3438,12.2634
709740,順達凱基5C購03,2026-09-08,0.21,-0.03,-12.5,79000000,0,紅縮,否,,0.24,0.23,0.28,,11.9266,-10.8108,-19.9418
709742,聖暉*凱基5C購02,2026-09-08,0.08,-0.02,-20.0,8000000,0,綠縮,是,,0.1,0.16,0.38,,-51.8868,-55.8989,-40.6619
709743,精材凱基61購05,2026-09-08,2.6,0.14,5.69,3000000,0,,是,,1.47,1.62,1.39,,-17.1364,5.2563,
709745,宜鼎元大5C購05,2026-09-08,0.45,-0.01,-2.17,3000000,0,紅縮,否,,0.55,0.61,0.61,,-18.5841,-1.4423,-14.2251
709746,宜鼎元大61購04,2026-09-08,0.37,-0.02,-5.13,646000000,0,紅縮,否,,0.39,0.46,0.47,,-24.6154,-12.9771,-5.2314
709747,廣閎科元大5C購01,2026-09-08,0.95,0.03,3.26,373000000,0,綠縮,否,,0.9,0.85,0.94,,10.8642,-6.4622,-21.9492
709748,宜鼎群益5C購01,2026-09-08,0.27,-0.03,-10.0,700000000,0,紅縮,否,,0.29,0.37,0.39,,-35.8407,-19.1721,-7.8824
709749,宜鼎群益5C購02,2026-09-08,0.19,-0.05,-20.83,183000000,0,紅縮,是,,0.22,0.28,0.32,,-36.6279,-20.3966,-22.2632
709753,宜鼎國票61購01,2026-09-08,0.44,-0.04,-8.33,200000000,0,紅縮,是,,0.47,0.57,0.59,,-30.1775,-12.766,-9.771
709755,凱崴國票61購01,2026-09-08,0.43,-0.05,-10.42,325000000,0,紅縮,否,,0.47,0.46,0.43,,2.6432,7.4766,-9.7382
709759,萊德光國票61購03,2026-09-08,0.31,-0.09,-22.5,2928000000,0,紅縮,是,,0.29,0.26,0.27,,29.2035,1.5686,-11.7742
709761,宜鼎國泰61購02,2026-09-08,0.94,0.16,20.51,2000000,0,紅增,否,,0.82,0.89,0.87,,-13.0802,-6.6386,-3.9735
709770,家登富邦62購02,2026-09-08,0.66,0.04,6.45,244000000,0,,是,,0.63,0.63,,,-1.5723,-10.114,
709771,家登富邦62購03,2026-09-08,0.66,0.05,8.2,298000000,0,,是,,0.61,0.6,0.66,,4.0678,-6.9552,-6.6384
709776,威剛凱基5C購04,2026-09-08,0.59,0.02,3.51,211000000,0,綠縮,是,,0.56,0.61,0.63,,-15.71,-9.4955,-5.6506
709777,家登凱基5C購03,2026-09-08,0.61,-0.02,-3.17,91000000,0,紅增,是,,0.6,0.54,0.63,,27.6596,2.2945,-10.3814
709779,富喬凱基5C購03,2026-09-08,1.52,0.22,16.92,25000000,0,紅增,否,,1.28,1.11,0.74,,37.7682,67.3716,26.2393
709781,群聯凱基61購05,2026-09-08,0.41,0.01,2.5,7000000,0,紅增,否,,0.39,0.41,0.4,,-9.3897,-5.3613,-1.9753
709782,廣閎科凱基61購01,2026-09-08,0.61,0.02,3.39,353000000,0,綠縮,否,,0.55,0.52,0.82,,12.1951,-20.5479,-25.8659
709783,宜鼎台新5C購01,2026-09-08,0.44,-0.07,-13.73,549000000,0,紅縮,否,,0.48,0.59,0.61,,-32.8652,-15.8416,-7.1429
709784,宜鼎台新5C購02,2026-09-08,0.58,0.02,3.57,20000000,0,紅增,否,,0.55,0.68,0.69,,-31.592,-13.8677,-7.027
709786,宜鼎中信5C購02,2026-09-08,0.1,-0.03,-23.08,520000000,0,紅縮,否,,0.13,0.17,0.18,,-36.8932,-19.2308,-20.8426
709788,宜鼎永豐65購01,2026-09-08,0.36,-0.01,-2.7,195000000,0,紅縮,否,,0.37,0.41,0.41,,-20.4348,-6.982,-4.2056
709789,宇峻國泰61購01,2026-09-08,1.21,0.01,0.83,121000000,0,,否,,1.16,1.33,1.63,,-22.2222,-18.8264,-14.5474
709792,漢達國泰61購01,2026-09-08,5.9,1.2,25.53,98000000,0,紅增,否,,4.18,3.05,2.92,,116.8224,25.5039,4.4643
709796,宜鼎凱基5C購05,2026-09-08,0.21,-0.03,-12.5,212000000,0,紅縮,否,,0.24,0.29,0.31,,-31.4286,-14.7399,-11.3019
709800,順達凱基61購01,2026-09-08,0.31,-0.03,-8.82,60000000,0,綠轉紅,是,,0.32,0.31,0.43,,10.9589,-20.4134,-15.9921
709801,璟德凱基5C購01,2026-09-08,0.12,-0.01,-7.69,110000000,0,紅縮,否,,0.13,0.17,0.17,,-37.963,-7.8947,-14.8148
709802,立敦台新5C購02,2026-09-08,0.18,-0.03,-14.29,16000000,0,綠縮,是,,0.2,0.29,0.69,,-47.1204,-51.1706,-35.1773
709804,宜鼎台新5C購04,2026-09-08,0.47,-0.05,-9.62,376000000,0,紅縮,否,,0.54,0.7,0.72,,-36.9767,-13.5635,-12.8546
709805,宜鼎台新61購01,2026-09-08,0.73,-0.08,-9.88,63000000,0,紅縮,否,,0.77,0.94,0.96,,-31.0036,-14.0383,-6.3539
709807,家登台新5C購01,2026-09-08,1.23,0.11,9.82,20000000,0,紅增,是,,1.06,0.9,0.97,,44.1734,20.7775,-13.6021
709809,新漢台新5C購01,2026-09-08,0.94,-0.06,-6.0,30000000,0,綠增,否,,1.05,1.09,1.11,,-7.7601,-6.9172,-10.3602
709810,廣閎科台新5C購01,2026-09-08,1.76,0.05,2.92,63000000,0,,是,,1.61,1.7,2.2,,-10.3563,-8.1941,
709811,富喬中信5C購03,2026-09-08,1.49,0.26,21.14,466000000,0,,是,,1.2,1.08,0.75,,24.3243,70.9984,
709813,華容永豐61購01,2026-09-08,1.7,-0.11,-6.08,7000000,0,綠縮,是,,1.82,2.01,2.66,,-17.2727,-20.1747,-11.5858
709817,宜鼎元大5C購07,2026-09-08,0.39,-0.04,-9.3,430000000,0,紅縮,是,,0.42,0.49,0.51,,-25.2669,-12.0072,-5.6744
709819,威剛元大5C購03,2026-09-08,1.4,0.08,6.06,169000000,0,綠縮,否,,1.32,1.39,1.45,,-9.9591,-6.6354,-6.383
709822,群聯元大5C購14,2026-09-08,0.8,-0.01,-1.23,244000000,0,紅增,否,,0.79,0.84,0.84,,-11.2867,-7.6243,-3.855
709824,廣閎科元大5C購02,2026-09-08,1.59,-0.06,-3.64,146000000,0,,是,,1.53,1.61,2.4,,-10.3408,-30.6999,
709825,雙鴻元大61購15,2026-09-08,0.9,-0.25,-21.74,27000000,0,紅縮,否,,1.06,0.83,0.64,,77.592,58.3969,19.907
709827,加高國票61購02,2026-09-08,0.19,-0.02,-9.52,15000000,0,綠縮,是,,0.2,0.23,0.41,,-26.1194,-37.8667,-20.7565
709828,立端國票61購01,2026-09-08,0.47,0.04,9.3,15000000,0,,否,,0.55,,,,,,
709829,邑錡國票5C購01,2026-09-08,0.56,-0.02,-3.45,105000000,0,綠縮,否,,0.6,0.66,0.79,,-17.8571,-15.2174,-25.957
709833,杰力國票61購01,2026-09-08,0.41,-0.07,-14.58,70000000,0,綠增,否,,0.5,0.57,0.64,,-22.7414,-6.5681,-22.4254
709835,長聖國票61購01,2026-09-08,0.61,-0.01,-1.61,5000000,0,綠增,否,,0.66,0.67,0.72,,-1.1905,-2.7656,-10.2978
709838,宸曜國票5C購01,2026-09-08,0.47,-0.22,-31.88,84000000,0,,是,,0.63,0.68,,,-11.6992,,
709839,能率亞國票61購01,2026-09-08,0.64,-0.01,-1.54,10000000,0,綠縮,否,,0.7,0.75,0.88,,-12.7182,-10.4887,-12.9684
709840,凱崴國票61購02,2026-09-08,0.31,-0.03,-8.82,1000000,0,紅縮,是,,0.34,0.32,0.39,,14.6667,8.7838,-19.4045
709841,湧德國票5C購01,2026-09-08,0.29,-0.04,-12.12,3000000,0,,否,,0.37,0.38,0.51,,-7.0707,-14.5414,
709843,華容國票61購02,2026-09-08,1.58,-0.11,-6.51,2000000,0,綠縮,否,,1.66,1.75,1.99,,-9.4771,-13.9695,-6.3249
709847,廣閎科國票61購02,2026-09-08,0.7,0.02,2.94,20000000,0,,否,,0.62,0.62,1.05,,-2.5316,-21.7064,
709850,宜鼎群益5C購04,2026-09-08,0.18,-0.02,-10.0,20000000,0,紅縮,否,,0.26,0.28,0.4,,-16.8831,-19.6581,-27.4368
709853,兆利富邦62購01,2026-09-08,0.21,-0.01,-4.55,200000000,0,紅縮,是,,0.24,0.21,0.22,,21.6495,12.5654,-9.465
709855,湧德富邦62購01,2026-09-08,0.38,-0.02,-5.0,36000000,0,紅縮,否,,0.42,0.41,0.39,,7.1429,3.0457,-0.6313
709858,廣閎科富邦5C購01,2026-09-08,0.52,0.01,1.96,242000000,0,,是,,0.49,0.46,0.86,,15.493,-46.5035,
709860,台嘉碩國票5C購01,2026-09-08,0.42,-0.05,-10.64,1000000,0,綠轉紅,是,,0.46,0.48,0.69,,-7.9681,-19.1275,-23.7542
709861,台嘉碩國票5C購02,2026-09-08,0.36,-0.07,-16.28,336000000,0,紅縮,是,,0.4,0.45,0.44,,-20.4819,-4.4872,-12.5123
709868,緯軟國票61購01,2026-09-08,0.45,-0.03,-6.25,101000000,0,綠縮,是,,0.49,0.59,0.7,,-28.863,-17.4402,-12.5935
709869,華容群益5C購02,2026-09-08,1.77,-0.2,-10.15,14000000,0,綠縮,是,,1.96,2.15,2.94,,-16.3823,-14.5014,-8.3606
709870,廣閎科群益5C購01,2026-09-08,1.01,0.0,0.0,167000000,0,綠縮,是,,0.97,0.94,1.47,,6.8132,-11.3101,-25.2415
709873,世紀*永豐5C購01,2026-09-08,10.4,1.65,18.86,64000000,0,紅增,否,,8.93,6.35,3.6,,136.87,182.9768,104.8878
709875,中美晶元大5C購10,2026-09-08,1.97,-0.17,-7.94,42000000,0,綠增,否,,2.07,2.15,2.36,,-7.0852,-3.8874,-13.0891
709879,華容元大5C購01,2026-09-08,2.42,-0.17,-6.56,11000000,0,綠增,否,,2.66,2.93,3.09,,-16.9164,-10.3058,-12.6784
709885,泓格凱基5C購01,2026-09-08,0.25,-0.05,-16.67,48000000,0,綠縮,是,,0.3,0.38,0.59,,-34.3478,-27.4286,-12.5
709890,華容凱基61購01,2026-09-08,0.91,-0.08,-8.08,48000000,0,綠縮,否,,0.98,1.05,1.27,,-12.9893,-17.6977,-6.7378
709893,廣閎科凱基5C購01,2026-09-08,0.63,0.01,1.61,1261000000,0,紅增,是,,0.59,0.55,0.62,,16.0784,-4.1739,-24.8795
709895,騰雲凱基61購01,2026-09-08,0.44,-0.09,-16.98,50000000,0,,是,,0.46,0.44,,,11.1111,2.3419,
709896,中美晶統一66購02,2026-09-08,0.83,-0.03,-3.49,206000000,0,綠縮,否,,0.84,0.86,0.91,,-4.5455,0.2331,-18.4093
709902,宜鼎統一64購01,2026-09-08,0.32,-0.01,-3.03,55000000,0,紅縮,否,,0.33,0.37,0.35,,-20.098,-1.3441,-6.5963
709905,宜鼎統一64購04,2026-09-08,0.22,-0.02,-8.33,450000000,0,紅縮,否,,0.23,0.27,0.27,,-22.6667,-4.6595,-13.5266
709906,宜鼎統一66購03,2026-09-08,0.36,-0.01,-2.7,566000000,0,紅縮,否,,0.37,0.43,0.42,,-23.2365,-9.3617,-3.2596
709908,威剛統一6A購01,2026-09-08,0.78,0.0,0.0,230000000,0,,是,,0.76,0.77,,,-0.2611,,
709911,家登統一66購01,2026-09-08,0.59,0.01,1.72,308000000,0,,是,,0.58,0.59,,,-3.0201,,
709914,富喬統一64購02,2026-09-08,1.06,0.1,10.42,637000000,0,,否,,0.94,0.85,,,24.2744,17.4033,
709915,富喬統一64購03,2026-09-08,1.05,0.11,11.7,1388000000,0,,是,,0.91,0.82,0.72,,23.4332,29.1339,
709916,富喬統一66購01,2026-09-08,1.39,0.12,9.45,1112000000,0,,否,,1.22,1.1,0.93,,24.0326,35.468,
709918,精材統一66購01,2026-09-08,2.22,-0.01,-0.45,483000000,0,紅增,否,,1.97,1.57,1.42,,68.547,35.7822,6.8875
709919,精材統一6C購01,2026-09-08,1.61,0.03,1.9,40000000,0,紅增,是,,1.46,1.24,1.24,,44.2688,8.8987,9.7518
709922,臺慶科統一66購03,2026-09-08,0.21,-0.01,-4.55,10000000,0,,是,,0.23,0.29,0.47,,-36.1111,-39.0496,
709924,廣閎科統一66購01,2026-09-08,0.57,-0.07,-10.94,121000000,0,,否,,0.58,0.56,,,8.5502,-11.6535,
709927,優群統一66購02,2026-09-08,0.32,-0.01,-3.03,50000000,0,,是,,0.39,0.42,0.53,,-16.087,-20.0378,
709931,金益鼎國泰61購01,2026-09-08,0.72,0.01,1.41,220000000,0,紅縮,是,,0.74,0.81,0.85,,-15.5251,-9.8214,-6.9307
709933,威剛台新5C購01,2026-09-08,1.18,0.04,3.51,129000000,0,紅增,是,,1.15,1.2,1.18,,-8.3067,-2.9126,-1.8242
709934,威剛台新5C購02,2026-09-08,1.89,0.04,2.16,138000000,0,綠縮,是,,1.8,1.92,1.92,,-12.3047,-6.0147,-3.1219
709935,威剛台新5C購03,2026-09-08,3.35,0.01,0.3,13000000,0,綠增,否,,3.47,3.75,3.81,,-14.1089,-7.0775,-8.234
709937,威剛台新62購01,2026-09-08,2.23,0.04,1.83,281000000,0,綠縮,否,,2.14,2.32,2.35,,-14.5251,-7.2996,-4.7966
709941,凱崴台新5C購01,2026-09-08,0.31,-0.05,-13.89,35000000,0,紅縮,否,,0.33,0.34,0.33,,-1.7647,-1.173,-12.5495
709942,華容台新5C購03,2026-09-08,2.06,-0.27,-11.59,20000000,0,綠縮,是,,2.23,2.56,2.78,,-22.9599,-14.7519,-19.4722
709943,威剛富邦5C購01,2026-09-08,0.7,0.01,1.45,124000000,0,紅縮,是,,0.72,0.77,0.75,,-12.2549,-3.2828,-5.6911
709945,胡連永豐61購01,2026-09-08,0.43,-0.01,-2.27,200000000,0,綠增,是,,0.52,0.58,0.57,,-20.6154,-3.6364,-7.6613
709957,朋程凱基5C購01,2026-09-08,0.34,-0.06,-15.0,287000000,0,綠縮,是,,0.41,0.45,0.68,,-16.4609,-24.2784,-22.0513
709958,博智凱基5C購04,2026-09-08,0.45,-0.05,-10.0,35000000,0,,否,,0.52,0.49,0.58,,16.9643,4.7414,
709961,緯軟凱基5C購01,2026-09-08,0.35,-0.02,-5.41,1000000,0,,是,,0.38,0.44,0.52,,-22.6721,-17.6692,
709967,富喬統一66購02,2026-09-08,1.21,0.1,9.01,120000000,0,,否,,1.07,0.94,0.89,,34.25,18.1589,
709972,富喬台新5C購04,2026-09-08,3.91,-0.39,-9.07,2000000,0,紅縮,是,,3.83,3.18,2.36,,50.5114,65.1452,12.6251
709973,世界富邦61購02,2026-09-08,0.4,-0.02,-4.76,25000000,0,綠轉紅,否,,0.4,0.44,0.51,,-16.318,-11.4919,-16.5842
709974,立碁富邦5C購01,2026-09-08,1.13,-0.17,-13.08,49000000,0,,是,,1.28,1.14,0.92,,27.0378,27.5978,
709976,世界元大5C購06,2026-09-08,0.8,-0.06,-6.98,28000000,0,,是,,0.84,0.97,1.33,,-23.5507,-15.7439,
709977,宜鼎元大5C購09,2026-09-08,0.51,-0.03,-5.56,400000000,0,紅縮,是,,0.55,0.63,0.62,,-22.0963,-5.988,-6.0286
709978,順達元大5C購08,2026-09-08,0.87,-0.11,-11.22,54000000,0,綠縮,是,,0.95,1.08,1.38,,-20.8955,-23.8364,-11.2794
709979,臺慶科元大5C購03,2026-09-08,0.31,-0.04,-11.43,52000000,0,綠縮,是,,0.45,0.63,0.96,,-44.0299,-17.3913,-33.3566
709981,家登永豐5C購02,2026-09-08,1.07,0.09,9.18,100000000,0,紅增,是,,0.93,0.79,0.89,,43.7888,1.9481,-5.5319
709982,漢達永豐61購01,2026-09-08,2.84,0.56,24.56,8000000,0,,是,,2.0,1.66,1.6,,53.211,24.3243,4.4146
709983,宜鼎元大5C購10,2026-09-08,0.46,-0.02,-4.17,27000000,0,紅縮,否,,0.52,0.59,0.57,,-22.2892,-0.5059,-8.7691
709984,千附國票61購01,2026-09-08,0.9,-0.06,-6.25,1000000,0,綠縮,否,,0.96,1.1,1.53,,-21.626,-25.6775,-3.3428
709985,世禾國票61購01,2026-09-08,0.51,-0.06,-10.53,4000000,0,,是,,0.55,0.63,0.84,,-20.8571,-26.4085,
709989,昇佳電國票61購01,2026-09-08,0.44,-0.01,-2.22,187000000,0,綠縮,是,,0.46,0.5,0.71,,-15.6934,-19.3291,-22.7691
709990,朋億*國票61購02,2026-09-08,0.37,-0.02,-5.13,27000000,0,,是,,0.43,0.69,,,-55.5094,-37.4437,
709998,中美晶群益5C購03,2026-09-08,0.86,-0.05,-5.49,429000000,0,綠縮,是,,0.92,0.99,1.24,,-13.6961,2.3711,-22.6833
710000,精材群益5C購02,2026-09-08,8.05,0.2,2.55,61000000,0,紅增,是,,6.78,4.98,4.34,,113.3417,58.4659,11.5523
710003,宜鼎國泰61購06,2026-09-08,0.65,-0.02,-2.99,1000000,0,紅增,是,,0.68,0.82,0.94,,-29.106,-12.2732,-18.9819
710006,中美晶凱基5C購04,2026-09-08,0.66,-0.05,-7.04,4000000,0,綠縮,是,,0.7,0.74,0.92,,-11.1675,-16.0271,-5.4731
710008,宜鼎凱基5C購06,2026-09-08,0.32,-0.03,-8.57,328000000,0,紅縮,是,,0.43,0.46,0.46,,-11.1111,0.8791,-15.3425
710013,大中統一6A購01,2026-09-08,0.58,-0.01,-1.69,67000000,0,,是,,0.63,0.7,0.9,,-17.5853,-27.2251,
710014,中美晶統一64購02,2026-09-08,0.88,-0.04,-4.35,26000000,0,綠縮,否,,0.88,0.92,1.02,,-7.1579,3.0371,-19.6295
710016,朋億*統一68購01,2026-09-08,0.46,0.0,0.0,23000000,0,,是,,0.47,0.5,,,-13.3829,,
710018,建榮統一63購01,2026-09-08,0.37,0.01,2.78,112000000,0,紅增,是,,0.36,0.36,0.32,,-1.6484,14.9682,-15.0993
710019,凱崴統一63購01,2026-09-08,0.25,-0.04,-13.79,10000000,0,紅縮,否,,0.27,0.28,0.26,,-4.2254,10.757,-15.3846
710022,富喬統一63購01,2026-09-08,1.56,0.17,12.23,883000000,0,紅增,是,,1.33,1.19,0.86,,25.7576,58.3001,15.1171
710023,富喬統一65購03,2026-09-08,1.35,0.12,9.76,3748000000,0,,否,,1.18,1.08,0.89,,20.3666,44.4593,5.9347
710024,富喬統一6C購02,2026-09-08,0.96,0.12,14.29,20000000,0,,否,,0.8,0.7,,,36.7347,17.5676,
710027,雙鴻統一63購02,2026-09-08,1.07,-0.22,-17.05,10000000,0,紅縮,是,,1.24,0.97,0.73,,73.5955,62.6043,24.8927
710029,佳邦富邦5C購01,2026-09-08,0.2,-0.03,-13.04,5000000,0,,否,,0.3,0.48,,,-55.5224,-26.1069,
710030,宜鼎富邦63購02,2026-09-08,0.32,0.0,0.0,1000000,0,紅縮,否,,0.34,0.37,0.35,,-14.4279,2.4725,-7.8947
710031,富喬富邦63購01,2026-09-08,1.07,0.08,8.08,411000000,0,,否,,0.94,0.85,0.75,,23.0971,28.012,
710037,廣閎科台新5C購02,2026-09-08,1.43,-0.03,-2.05,438000000,0,,否,,1.33,1.29,,,7.4074,-14.9835,
710047,中美晶國票61購02,2026-09-08,0.95,-0.03,-3.06,20000000,0,,是,,0.99,1.01,1.33,,-4.4316,-3.4253,
710048,加高國票61購03,2026-09-08,0.15,-0.01,-6.25,30000000,0,綠縮,是,,0.18,0.2,0.28,,-12.381,-18.2573,-24.328
710050,朋億*國票61購03,2026-09-08,0.3,-0.01,-3.23,4000000,0,,否,,0.39,0.58,,,-48.4293,,
710052,高鋒國票61購01,2026-09-08,0.46,-0.06,-11.54,1000000,0,,否,,0.56,0.56,0.55,,-1.0601,15.3689,-7.3232
710053,博士旺國票5C購02,2026-09-08,0.78,0.05,6.85,1517000000,0,,是,,0.73,0.63,,,35.4478,-15.9787,
710059,營邦國票5C購01,2026-09-08,1.59,-0.12,-7.02,435000000,0,,是,,1.59,1.39,,,31.9468,,
710060,營邦國票5C購02,2026-09-08,1.75,-0.11,-5.91,96000000,0,紅縮,否,,1.71,1.43,1.16,,48.6063,43.5614,17.3891
710061,鴻呈國票61購01,2026-09-08,0.48,-0.03,-5.88,1000000,0,,否,,0.61,0.62,,,-4.4164,-4.1731,
710063,威剛凱基5C購06,2026-09-08,0.41,0.03,7.89,142000000,0,,是,,0.43,0.46,,,-13.6546,,
710067,廣閎科凱基5C購02,2026-09-08,0.39,0.01,2.63,169000000,0,紅增,否,,0.36,0.36,0.46,,-0.5495,-10.8108,-32.3985
710068,營邦凱基5C購01,2026-09-08,1.15,-0.07,-5.74,22000000,0,紅縮,否,,1.14,0.92,0.75,,60.7345,41.5644,24.1094
710069,營邦凱基5C購02,2026-09-08,1.15,-0.06,-4.96,793000000,0,紅縮,否,,1.11,0.91,0.73,,54.4693,48.3713,17.926
710070,營邦凱基5C購03,2026-09-08,0.97,-0.08,-7.62,280000000,0,,否,,0.95,0.77,0.64,,63.7931,49.4141,
710071,中美晶群益5C購04,2026-09-08,0.73,-0.07,-8.75,99000000,0,綠縮,否,,0.78,0.83,1.02,,-12.6126,-8.37,-32.1571
710073,營邦群益5C購01,2026-09-08,1.75,-0.11,-5.91,1066000000,0,,是,,1.74,1.42,1.13,,59.0494,44.8875,19.7773
710074,營邦群益5C購02,2026-09-08,1.61,-0.14,-8.0,1511000000,0,紅縮,否,,1.6,1.28,1.06,,67.0146,48.3759,15.0954
710076,世界元大63購04,2026-09-08,0.59,-0.03,-4.84,22000000,0,綠縮,否,,0.59,0.63,0.66,,-11.1446,-3.0912,-10.5619
710079,廣閎科元大5C購03,2026-09-08,0.49,-0.01,-2.0,605000000,0,紅增,否,,0.48,0.45,0.52,,10.6977,-8.1136,-20.503
710080,營邦元大5C購01,2026-09-08,1.88,-0.18,-8.74,288000000,0,紅縮,否,,1.94,1.59,1.33,,57.5365,38.6562,19.7931
710083,營邦國泰61購01,2026-09-08,2.78,-0.17,-5.76,129000000,0,紅縮,否,,2.73,2.22,1.8,,59.6491,45.9566,17.1494
710085,營邦富邦63購01,2026-09-08,0.62,-0.07,-10.14,128000000,0,,否,,0.63,0.52,0.57,,58.0,7.2765,-5.197
710086,中美晶統一66購03,2026-09-08,0.55,-0.03,-5.17,68000000,0,綠縮,否,,0.56,0.58,0.63,,-5.3872,-2.5295,-20.9698
710091,威剛統一65購05,2026-09-08,0.62,0.05,8.77,73000000,0,,否,,0.59,0.61,0.61,,-7.2785,-1.2966,
710097,營邦統一66購01,2026-09-08,0.94,-0.17,-15.32,506000000,0,紅縮,否,,1.02,0.86,0.73,,44.6023,31.853,17.1498
710098,營邦統一66購02,2026-09-08,1.03,-0.03,-2.83,577000000,0,,是,,1.03,0.91,0.84,,31.1224,17.0543,
710100,營邦統一6C購01,2026-09-08,0.81,-0.08,-8.99,1050000000,0,,是,,0.84,0.75,0.68,,28.4404,18.5714,
710101,中美晶台新5C購02,2026-09-08,0.79,-0.06,-7.06,10000000,0,綠縮,是,,0.85,0.84,1.56,,4.401,-42.8962,-9.9538
710102,中美晶台新5C購03,2026-09-08,3.9,-0.11,-2.74,2000000,0,綠縮,否,,3.9,4.16,4.95,,-11.8391,-6.3638,-31.1127
710103,東浦台新5C購02,2026-09-08,0.31,-0.02,-6.06,30000000,0,綠縮,是,,0.42,0.58,1.01,,-42.1918,-41.4634,-22.9333
710109,廣閎科台新5C購03,2026-09-08,0.98,-0.01,-1.01,85000000,0,,否,,0.94,1.08,1.77,,-23.0769,-28.458,
710110,銳澤台新5C購01,2026-09-08,0.66,-0.03,-4.35,8000000,0,,否,,0.57,0.62,0.81,,-12.766,-21.9265,
710111,騰雲台新5C購01,2026-09-08,1.55,-0.3,-16.22,2000000,0,,否,,1.57,1.5,,,9.8039,,
710117,威剛凱基5C購08,2026-09-08,0.41,0.04,10.81,100000000,0,,否,,0.54,,,,,,
710124,中美晶國票61購03,2026-09-08,0.78,-0.05,-6.02,5000000,0,,否,,0.81,0.82,1.27,,-4.038,-28.1984,
710125,宏捷科國票61購01,2026-09-08,0.24,-0.02,-7.69,2000000,0,,,,,,,,,,
710135,亞通永豐64購01,2026-09-08,1.29,0.31,31.63,1428000000,0,,是,,1.04,0.95,0.89,,20.8817,18.5554,
710138,中美晶富邦5C購01,2026-09-08,0.65,-0.07,-9.72,133000000,0,綠縮,是,,0.68,0.72,0.87,,-9.0667,-2.052,-27.2424
710141,中美晶中信5C購01,2026-09-08,0.37,0.01,2.78,1000000,0,綠縮,否,,0.37,0.39,0.46,,-10.2439,-8.2547,-29.1635
710143,富喬凱基5C購05,2026-09-08,1.45,0.12,9.02,300000000,0,,是,,1.21,1.04,,,37.9863,22.4971,
710145,廣閎科凱基5C購03,2026-09-08,0.31,0.0,0.0,6000000,0,紅增,否,,0.29,0.33,0.39,,-21.3904,-5.3824,-37.1907
710146,中美晶台新5C購04,2026-09-08,0.7,-0.04,-5.41,86000000,0,綠縮,是,,0.71,0.75,0.93,,-12.1891,-7.7017,-33.2733
710148,均豪台新5C購01,2026-09-08,1.73,-0.1,-5.46,139000000,0,,是,,1.68,1.61,,,9.2568,-12.3908,
710149,均豪台新5C購02,2026-09-08,1.17,-0.22,-15.83,174000000,0,,是,,1.22,1.17,,,9.3023,-5.4163,
710150,均豪台新5C購03,2026-09-08,0.86,-0.19,-18.1,307000000,0,,是,,0.94,0.87,,,17.25,-4.1896,
710152,凱崴台新5C購02,2026-09-08,0.5,-0.12,-19.35,2000000,0,,否,,0.62,0.56,,,26.3158,-25.6649,
710153,廣閎科台新5C購04,2026-09-08,0.85,-0.01,-1.16,242000000,0,,否,,0.8,0.86,1.15,,-12.0879,-10.9375,
710154,台半元大5C購07,2026-09-08,0.47,-0.04,-7.84,10000000,0,,是,,0.53,0.63,,,-27.7174,-40.1887,
710156,威剛元大5C購05,2026-09-08,1.42,0.05,3.65,480000000,0,綠縮,是,,1.34,1.43,1.48,,-11.726,-7.9845,-4.2553
710158,台半國泰61購01,2026-09-08,0.75,-0.06,-7.41,124000000,0,,是,,0.8,0.81,1.25,,-1.9512,-3.1026,
710160,順達國泰61購01,2026-09-08,0.81,-0.08,-8.99,70000000,0,,是,,0.87,0.93,1.23,,-11.9192,-28.1636,
710165,鈊象富邦62購02,2026-09-08,0.64,-0.01,-1.54,15000000,0,綠縮,是,,0.64,0.69,0.73,,-12.5341,-9.2348,-8.1646
710167,兆利永豐64購01,2026-09-08,0.48,-0.05,-9.43,4000000,0,,否,,0.54,0.48,,,31.068,-5.3678,
710168,宜鼎永豐63購01,2026-09-08,0.51,-0.03,-5.56,208000000,0,紅轉綠,否,,0.53,0.6,0.58,,-22.6471,-1.7915,-6.7742
710169,精確永豐61購01,2026-09-08,0.35,-0.01,-2.78,1192000000,0,,是,,0.35,0.33,,,14.1936,-29.8097,
710176,尼克森凱基5C購01,2026-09-08,0.05,-0.03,-37.5,1002000000,0,,是,,0.08,0.12,0.39,,-47.5,-58.5034,-30.0893
710178,朋程凱基5C購02,2026-09-08,0.08,-0.01,-11.11,50000000,0,,否,,0.18,0.22,0.39,,-34.3284,-41.4248,
710187,廣閎科台新61購01,2026-09-08,0.66,-0.11,-14.29,38000000,0,,否,,0.66,0.67,0.95,,-2.924,-7.5446,
710188,中美晶元大5C購11,2026-09-08,0.73,-0.07,-8.75,3000000,0,綠縮,是,,0.76,1.0,1.53,,-38.7358,-32.4049,-12.0576
710191,威剛元大5C購06,2026-09-08,1.07,0.1,10.31,229000000,0,綠縮,是,,0.97,1.05,1.21,,-13.9823,-18.2737,-13.2832
710192,群聯中信64購01,2026-09-08,0.27,0.0,0.0,1200000000,0,紅增,否,,0.26,0.27,0.26,,-6.4748,-4.2705,-8.4079
710194,雙鴻中信66購02,2026-09-08,0.88,-0.14,-13.73,10000000,0,,否,,0.98,0.81,,,50.4615,30.4487,
710197,尼克森永豐64購01,2026-09-08,0.23,-0.07,-23.33,239000000,0,,是,,0.32,0.41,0.68,,-35.743,-45.0269,
710198,信紘科永豐64購01,2026-09-08,0.38,-0.02,-5.0,23000000,0,,否,,0.39,0.53,0.62,,-41.8398,-17.7469,
710199,家登永豐64購01,2026-09-08,1.22,0.09,7.96,23000000,0,,是,,1.15,1.02,1.0,,30.9091,23.4508,
710200,富喬永豐5C購02,2026-09-08,2.05,0.4,24.24,23000000,0,,是,,1.72,1.38,1.13,,64.6271,54.8098,
710202,鴻呈永豐61購01,2026-09-08,0.61,-0.04,-6.15,51000000,0,紅轉綠,否,,0.84,0.85,0.78,,-2.093,0.949,6.7031
710204,世紀*國票61購01,2026-09-08,6.1,1.0,19.61,50000000,0,紅增,否,,4.87,4.41,2.55,,23.4161,85.9131,62.687
710205,亞泰國票61購01,2026-09-08,0.45,-0.01,-2.17,10000000,0,,否,,0.45,,,,,,
710208,茂達國票61購01,2026-09-08,0.37,-0.06,-13.95,2000000,0,,否,,0.49,0.56,0.84,,-23.1975,-21.2291,
710214,漢達國票61購01,2026-09-08,1.42,0.18,14.52,59000000,0,,是,,0.93,0.83,0.93,,27.5956,-7.7519,
710218,能率亞國泰61購01,2026-09-08,1.15,-0.01,-0.86,10000000,0,,是,,1.24,1.33,1.49,,-12.9577,-9.4751,
710219,能率國泰61購01,2026-09-08,1.54,-0.08,-4.94,50000000,0,紅轉綠,是,,1.79,1.93,1.9,,-13.0941,4.9564,-9.6108
710220,廣閎科國泰61購02,2026-09-08,0.67,-0.06,-8.22,9000000,0,,否,,0.68,0.7,0.72,,-5.3073,7.2308,-25.7599
710222,立碁富邦5C購02,2026-09-08,1.61,-0.18,-10.06,2000000,0,,否,,1.76,1.64,1.22,,15.9631,31.8035,
710223,智通*富邦62購02,2026-09-08,0.78,-0.03,-3.7,77000000,0,紅增,是,,0.79,0.8,0.83,,-0.9975,5.277,-7.6497
710228,家登群益63購01,2026-09-08,1.07,-0.04,-3.6,10000000,0,,否,,1.02,0.98,,,10.3448,-15.3513,
710231,富喬群益5C購04,2026-09-08,3.92,0.63,19.15,20000000,0,紅增,否,,3.51,2.7,1.74,,84.8261,114.6942,35.0932
710237,富喬中信66購01,2026-09-08,0.82,0.06,7.89,724000000,0,,是,,0.73,0.67,0.6,,19.2182,24.1697,
710242,宜鼎永豐61購02,2026-09-08,0.33,0.0,0.0,25000000,0,,否,,0.44,0.43,,,5.2885,-17.5676,
710245,漢達永豐64購01,2026-09-08,1.56,0.21,15.56,21000000,0,,否,,1.19,,,,,,
710251,欣銓元大5C購02,2026-09-08,0.92,-0.14,-13.21,229000000,0,紅縮,是,,1.07,1.04,1.02,,5.315,8.6458,-8.7305
710252,欣銓元大5C購03,2026-09-08,0.73,-0.06,-7.59,117000000,0,,否,,0.8,0.77,0.76,,10.1648,16.6159,-9.689
710253,家登元大5C購05,2026-09-08,1.23,0.1,8.85,151000000,0,紅增,是,,1.15,1.05,0.99,,21.3531,19.1126,-0.3024
710254,家登元大66購01,2026-09-08,1.06,0.01,0.95,672000000,0,紅增,是,,1.05,0.95,0.99,,24.7031,4.2999,-4.7437
710255,臺慶科元大5C購05,2026-09-08,0.2,-0.05,-20.0,20000000,0,,否,,0.34,0.46,,,-41.7241,,
710257,台半國票61購05,2026-09-08,0.16,-0.02,-11.11,57000000,0,紅縮,是,,0.17,0.17,0.18,,1.1765,3.6364,-27.6986
710262,漢達台新5C購01,2026-09-08,3.0,0.52,20.97,24000000,0,,是,,2.08,1.63,,,78.7307,16.8224,
710263,臺慶科台新5C購03,2026-09-08,0.13,-0.02,-13.33,65000000,0,紅增,否,,0.15,0.18,0.22,,-28.5714,-19.6429,-29.653
710265,台半凱基5C購05,2026-09-08,0.15,-0.02,-11.76,105000000,0,紅增,是,,0.17,0.18,0.2,,-8.6957,6.6667,-43.4229
710267,富喬凱基63購01,2026-09-08,0.93,0.17,22.37,129000000,0,,是,,0.74,0.65,0.54,,32.1429,54.7619,
710269,漢達凱基5C購01,2026-09-08,1.28,0.26,25.49,90000000,0,紅增,是,,0.93,0.74,0.74,,70.3297,13.0168,-8.3851
710270,精材凱基63購01,2026-09-08,1.44,-0.02,-1.37,519000000,0,,是,,1.23,0.96,0.97,,80.4094,9.9771,
710276,FH中5G群益5C購01,2026-09-08,0.16,0.01,6.67,160000000,0,紅增,否,,0.15,0.17,0.24,,-22.3404,-13.9175,-34.925
710278,中光電群益5C購01,2026-09-08,0.73,-0.13,-15.12,36000000,0,,否,,1.47,1.86,,,-34.5778,-33.8664,
710279,中光電群益5C購02,2026-09-08,0.33,-0.13,-28.26,30000000,0,綠增,否,,0.84,0.86,1.17,,-4.7511,-18.6616,-15.9785
710280,世界群益5C購04,2026-09-08,0.43,-0.03,-6.52,52000000,0,,是,,0.54,0.71,1.05,,-38.2688,-29.2124,
710287,精材群益61購01,2026-09-08,3.04,0.11,3.75,99000000,0,紅增,是,,2.56,1.83,1.91,,131.4647,17.1995,19.0773
710290,博盛元大5C購01,2026-09-08,0.47,-0.09,-16.07,10000000,0,,否,,0.52,0.53,,,-3.7175,-20.4819,
710294,天品國票5C購01,2026-09-08,0.4,-0.01,-2.44,11000000,0,,否,,0.41,0.48,0.58,,-26.7148,-18.3673,
710296,立碁國票61購01,2026-09-08,1.8,-0.14,-7.22,50000000,0,,是,,1.92,1.73,,,24.7396,,
710297,亞通國票5C購01,2026-09-08,1.42,0.5,54.35,644000000,0,,是,,1.07,0.97,,,21.5909,-2.8884,
710301,晶宏國票61購01,2026-09-08,1.09,-0.22,-16.79,348000000,0,,否,,1.27,1.03,0.87,,63.7532,54.0541,
710302,漢達國票63購01,2026-09-08,1.25,0.28,28.87,45000000,0,紅增,是,,1.01,0.84,0.76,,52.568,23.8519,1.5333
710303,寶雅國票61購02,2026-09-08,1.04,-0.06,-5.45,45000000,0,,否,,1.16,1.37,1.33,,-26.7427,-2.6353,
710304,大中凱基5C購01,2026-09-08,0.13,0.0,0.0,62000000,0,綠縮,否,,0.11,0.13,0.22,,-32.5,-34.9515,-40.7609
710305,中光電凱基5C購01,2026-09-08,0.14,-0.07,-33.33,4000000,0,,否,,0.56,0.82,,,-47.8585,,
710306,中光電凱基5C購02,2026-09-08,0.19,-0.08,-29.63,5000000,0,,是,,0.36,0.55,,,-52.0107,-40.6452,
710311,威剛凱基61購02,2026-09-08,0.55,0.06,12.24,20000000,0,,否,,0.5,0.55,,,-16.8874,-2.812,
710312,茂達凱基5C購02,2026-09-08,0.15,-0.03,-16.67,619000000,0,,是,,0.22,0.27,,,-32.0755,-54.8223,
710314,家登凱基5C購05,2026-09-08,0.28,0.02,7.69,100000000,0,,否,,0.26,,,,,,
710317,台嘉碩國泰61購01,2026-09-08,1.45,-0.16,-9.94,154000000,0,紅增,是,,1.5,1.5,1.66,,-0.1335,2.045,-17.9747
710323,宜鼎富邦5C購05,2026-09-08,0.13,0.0,0.0,35000000,0,,否,,0.27,0.32,,,-27.8075,-29.8475,
710324,信紘科永豐5C購01,2026-09-08,0.29,-0.03,-9.38,789000000,0,,是,,0.39,,,,,,
710332,中光電台新5C購02,2026-09-08,0.23,-0.1,-30.3,272000000,0,,是,,0.61,0.74,0.97,,-29.8851,-19.7397,-24.2175
710335,精材台新61購02,2026-09-08,3.93,0.08,2.08,20000000,0,,是,,3.08,2.36,2.45,,86.8773,15.6219,15.1223
710336,亞通凱基5C購01,2026-09-08,1.06,0.24,29.27,328000000,0,,是,,0.81,0.73,,,24.8466,7.7941,
710339,宜鼎元大5C購15,2026-09-08,0.63,-0.05,-7.35,273000000,0,綠增,否,,0.65,0.76,0.77,,-24.6544,-10.8899,-4.9628
710340,富喬元大65購01,2026-09-08,1.77,0.16,9.94,211000000,0,紅增,是,,1.57,1.44,1.05,,19.6947,50.6806,15.7316
710341,漢達元大5C購01,2026-09-08,1.14,0.28,32.56,307000000,0,,是,,0.77,0.55,0.6,,133.3333,17.0213,
710342,精材元大5C購05,2026-09-08,3.83,0.06,1.59,1000000,0,紅增,是,,3.26,2.55,2.37,,77.8626,46.6897,10.5165
710343,臺慶科元大5C購06,2026-09-08,0.24,-0.02,-7.69,10000000,0,,否,,0.27,0.3,0.35,,-18.1818,-3.537,-25.9062
710350,漢達永豐5C購01,2026-09-08,1.08,0.17,18.68,334000000,0,,是,,0.79,0.72,,,20.7951,8.7349,
710351,雙鴻永豐63購03,2026-09-08,1.34,-0.29,-17.79,8000000,0,,是,,1.48,1.14,,,85.0374,60.5337,
710352,寶雅永豐5C購01,2026-09-08,1.06,-0.05,-4.5,70000000,0,,是,,1.22,1.33,1.28,,-15.6293,8.1103,
710353,鏵友益永豐64購01,2026-09-08,0.5,0.01,2.04,64000000,0,,是,,0.65,,,,,,
710354,精材中信64購01,2026-09-08,1.21,0.01,0.83,68000000,0,紅增,是,,1.05,0.83,0.77,,70.1299,38.4359,5.3705
710355,大世科國票61購01,2026-09-08,0.5,-0.04,-7.41,56000000,0,,,,,,,,,,
710356,元山國票61購01,2026-09-08,0.42,-0.03,-6.67,41000000,0,,是,,0.45,0.44,,,1.3636,-8.4711,
710358,安葆國票61購01,2026-09-08,1.01,0.06,6.32,20000000,0,,否,,0.93,,,,,,
710364,智擎國票61購01,2026-09-08,0.46,-0.03,-6.12,3000000,0,綠縮,是,,0.5,0.54,0.63,,-14.7766,-13.3441,-9.9786
710366,漢達國票65購01,2026-09-08,1.2,0.25,26.32,113000000,0,紅增,是,,0.92,0.7,0.67,,93.6709,25.4054,-1.2528
710369,富喬國泰61購01,2026-09-08,1.78,0.22,14.1,283000000,0,紅增,是,,1.52,1.36,1.0,,27.0903,49.2308,16.6569
710370,漢達國泰61購02,2026-09-08,2.67,0.48,21.92,151000000,0,,是,,1.83,1.61,,,32.2721,-1.7146,
710372,宜鼎凱基5C購08,2026-09-08,0.34,-0.04,-10.53,46000000,0,,是,,0.41,0.58,0.66,,-44.6237,-14.1159,-23.1439
710373,群聯凱基5C購10,2026-09-08,0.5,-0.01,-1.96,180000000,0,紅增,是,,0.48,0.52,0.51,,-14.1844,-4.3796,-14.5121
710375,精材凱基5C購05,2026-09-08,2.92,0.24,8.96,11000000,0,紅增,是,,2.27,1.62,1.5,,133.8144,74.086,9.74
710382,青雲台新5C購01,2026-09-08,0.34,-0.01,-2.86,307000000,0,綠縮,是,,0.38,0.38,0.42,,0.0,-10.2625,-7.6419
710385,宜鼎元大5C購16,2026-09-08,0.53,-0.04,-7.02,20000000,0,紅縮,是,,0.68,0.73,0.67,,-12.1447,6.5982,-9.9599
710386,富喬元大65購02,2026-09-08,1.68,0.1,6.33,362000000,0,,是,,1.51,1.37,1.08,,23.7316,43.1414,
710387,精材元大5C購06,2026-09-08,3.95,0.02,0.51,1000000,0,,否,,3.23,2.63,2.53,,58.1373,19.9544,18.5758
710388,精材元大5C購07,2026-09-08,3.08,0.19,6.57,6000000,0,,是,,2.49,2.02,1.99,,60.5161,13.1726,
710395,世禾永豐5C購01,2026-09-08,0.67,-0.04,-5.63,10000000,0,,否,,0.73,0.72,1.0,,2.8169,-18.4598,
710398,安勤永豐63購01,2026-09-08,0.59,0.0,0.0,9000000,0,,否,,0.65,0.74,0.91,,-22.8571,-24.8485,
710399,均豪永豐5C購03,2026-09-08,1.66,-0.22,-11.7,121000000,0,,是,,1.68,1.51,1.48,,23.7814,16.3594,
710400,均豪永豐5C購04,2026-09-08,1.66,-0.29,-14.87,102000000,0,,否,,1.71,1.65,1.48,,7.4028,19.3502,
710406,湧德永豐5C購01,2026-09-08,0.75,-0.06,-7.41,10000000,0,紅縮,是,,0.88,0.81,0.77,,18.8679,15.1773,-6.9837
710409,聖暉*永豐5C購04,2026-09-08,0.13,-0.01,-7.14,30000000,0,,是,,0.19,0.44,,,-71.7201,-38.2022,
710420,青雲國票5C購02,2026-09-08,0.25,0.0,0.0,160000000,0,紅縮,是,,0.29,0.3,0.32,,-10.0,-2.5641,-9.2725
710422,精材國票61購03,2026-09-08,2.5,0.06,2.46,1000000,0,,是,,2.15,1.54,1.64,,132.6134,15.0972,16.105
710426,智通*群益63購01,2026-09-08,1.9,-0.04,-2.06,130000000,0,紅增,是,,1.98,2.01,2.1,,-2.3645,12.5701,-13.2341
710429,精材國泰61購01,2026-09-08,5.15,0.05,0.98,5000000,0,,是,,4.45,3.21,3.13,,125.5578,36.3636,22.5927
710431,精材富邦5C購01,2026-09-08,1.77,-0.11,-5.85,37000000,0,紅增,否,,1.52,1.11,0.99,,114.4068,58.7732,7.6461
710433,系微凱基5C購01,2026-09-08,0.38,0.13,52.0,81000000,0,,是,,0.53,0.83,,,-52.669,,
710434,宜鼎凱基5C購09,2026-09-08,0.61,0.03,5.17,10000000,0,綠縮,是,,0.59,0.68,0.68,,-24.8718,-8.8117,-6.812
710436,富喬凱基63購02,2026-09-08,1.83,0.33,22.0,72000000,0,,是,,1.51,1.29,,,41.651,52.9691,
710441,中美晶元大5C購12,2026-09-08,1.75,0.03,1.74,1000000,0,,是,,1.76,1.86,2.17,,-9.7336,-7.4738,
710442,世界元大66購03,2026-09-08,0.66,-0.03,-4.35,20000000,0,,否,,0.69,0.69,0.81,,0.0,-9.0186,
710443,宜鼎元大5C購17,2026-09-08,0.95,-0.09,-8.65,179000000,0,綠增,是,,0.99,1.12,1.11,,-20.6731,-8.4288,-3.025
710445,富喬元大5C購04,2026-09-08,1.43,0.08,5.93,617000000,0,,是,,1.25,1.11,0.89,,29.4606,46.8792,
710446,智通*元大5C購01,2026-09-08,0.92,-0.05,-5.15,235000000,0,紅增,否,,0.93,0.95,0.99,,-5.3061,10.1617,-11.3545
710447,智通*元大5C購02,2026-09-08,0.75,-0.04,-5.06,62000000,0,綠轉紅,是,,0.73,0.76,0.8,,-7.1429,8.9337,-12.8219
710453,宜鼎國票62購01,2026-09-08,0.47,-0.01,-2.08,1720000000,0,,是,,0.57,0.6,,,-8.8889,3.259,
710454,竹陞國票64購01,2026-09-08,0.88,0.12,15.79,69000000,0,,是,,0.79,0.79,,,-0.2525,-15.8511,
710455,崴寶國票64購01,2026-09-08,1.01,-0.18,-15.13,107000000,0,,否,,1.07,,,,,,
710457,千附國票64購01,2026-09-08,0.66,-0.02,-2.94,18000000,0,,否,,0.68,0.78,1.03,,-24.2152,-21.8345,
710461,久元永豐63購01,2026-09-08,0.52,0.0,0.0,64000000,0,,,,,,,,,,
710463,中光電永豐5C購01,2026-09-08,0.37,-0.11,-22.92,3000000,0,,否,,0.87,0.95,,,-14.4814,-24.8811,
710469,聖暉*台新5C購07,2026-09-08,0.12,-0.01,-7.69,4000000,0,,否,,0.31,0.52,,,-57.6923,,
710473,達航富邦62購01,2026-09-08,0.44,0.05,12.82,1341000000,0,,是,,0.42,0.37,,,30.0,,
710475,營邦富邦63購03,2026-09-08,1.07,-0.09,-7.76,23000000,0,,是,,1.07,0.9,0.76,,46.0274,33.8301,
710477,世界元大61購01,2026-09-08,0.52,-0.02,-3.7,243000000,0,,是,,0.53,0.58,0.7,,-15.873,-14.5803,
710478,世界元大66購04,2026-09-08,0.67,-0.04,-5.63,186000000,0,,是,,0.69,0.71,0.73,,-6.267,0.2821,
710479,世界元大67購01,2026-09-08,0.63,-0.03,-4.55,250000000,0,,是,,0.64,0.67,0.69,,-8.0692,-0.8929,
710480,巨有元大61購01,2026-09-08,0.42,0.08,23.53,45000000,0,紅增,是,,0.33,0.33,0.33,,2.4691,3.47,-19.4946
710481,宜鼎元大61購05,2026-09-08,0.87,-0.04,-4.4,296000000,0,綠增,是,,0.89,1.01,1.01,,-21.3404,-9.7148,-3.2904
710482,富喬元大61購06,2026-09-08,1.71,0.21,14.0,221000000,0,,是,,1.41,1.23,0.88,,34.608,63.3822,
710483,富喬元大62購01,2026-09-08,1.53,0.18,13.33,471000000,0,,是,,1.29,1.15,,,27.3267,41.5536,
710484,富喬元大62購02,2026-09-08,1.6,0.22,15.94,441000000,0,,是,,1.4,1.22,0.98,,33.2061,51.99,
710485,臺慶科元大61購01,2026-09-08,0.45,-0.1,-18.18,567000000,0,紅縮,是,,0.52,0.58,0.62,,-19.1223,-8.8468,-17.6862
710486,千附精台新61購01,2026-09-08,1.54,-0.06,-3.75,68000000,0,,是,,1.45,1.35,1.2,,16.0514,28.9272,
710488,竹陞台新61購01,2026-09-08,1.08,0.0,0.0,55000000,0,,是,,1.1,0.96,1.11,,34.3137,-7.454,
710491,千附精凱基61購01,2026-09-08,1.2,-0.34,-22.08,39000000,0,,是,,1.27,1.18,0.97,,15.7221,35.6322,-6.8966
710492,千附精凱基61購02,2026-09-08,1.06,-0.21,-16.54,527000000,0,,是,,1.07,0.97,0.9,,22.8111,11.7919,-17.427
710495,元太凱基61購03,2026-09-08,0.14,-0.03,-17.65,198000000,0,,是,,0.68,,,,,,
710500,竹陞凱基61購01,2026-09-08,0.99,0.07,7.61,2225000000,0,紅增,是,,0.94,0.84,0.89,,27.5676,6.1791,-9.2213
710502,譜瑞凱基61購02,2026-09-08,0.7,-0.06,-7.89,2000000,0,紅縮,是,,0.76,0.79,0.9,,-8.9157,-12.7613,-10.3722
710510,世紀*國票62購01,2026-09-08,5.0,0.86,20.77,8000000,0,,是,,3.96,3.88,2.24,,4.1601,76.7092,51.5878
710511,竹陞國票62購01,2026-09-08,0.69,0.04,6.15,979000000,0,,是,,0.68,0.65,0.77,,9.3548,-17.6396,
710513,長佳智國票62購01,2026-09-08,0.37,-0.02,-5.13,5000000,0,,否,,0.45,0.48,0.63,,-12.4031,-17.9661,
710515,威剛國票62購02,2026-09-08,0.76,0.02,2.7,55000000,0,,否,,0.81,0.8,,,2.0202,3.3592,
710516,建榮國票61購01,2026-09-08,0.4,0.03,8.11,11000000,0,,否,,0.39,0.37,,,12.0,2.7701,
710520,博士旺國票61購01,2026-09-08,0.85,-0.14,-14.14,799000000,0,,是,,0.86,0.74,,,37.6206,29.877,
710529,邑錡永豐64購01,2026-09-08,0.76,-0.05,-6.17,24000000,0,,是,,0.85,0.9,1.04,,-11.2971,-5.7471,-17.626
710531,威剛永豐61購05,2026-09-08,0.8,0.02,2.56,55000000,0,,是,,0.76,0.81,0.83,,-12.8736,-6.9714,
710532,鈊象永豐65購01,2026-09-08,0.77,-0.02,-2.53,110000000,0,,是,,0.79,0.86,0.97,,-16.5605,-18.7206,-8.1004
710534,新普永豐61購01,2026-09-08,1.07,-0.07,-6.14,205000000,0,綠增,是,,1.22,1.3,1.36,,-11.7221,-10.2759,-12.0762
710535,譜瑞永豐61購01,2026-09-08,0.42,-0.06,-12.5,25000000,0,,否,,0.5,0.59,0.76,,-25.2976,-19.8087,
710539,譜瑞永豐64購01,2026-09-08,0.93,-0.04,-4.12,10000000,0,,否,,1.0,1.06,,,-9.5668,-10.2891,
710541,譜瑞永豐67購01,2026-09-08,1.24,-0.05,-3.88,8000000,0,,否,,1.27,1.37,1.44,,-12.9781,-5.1282,
710544,中光電國泰62購01,2026-09-08,0.62,-0.25,-28.74,330000000,0,,是,,1.49,1.68,2.05,,-20.5757,-14.4817,
710545,巨有國泰62購01,2026-09-08,0.87,0.22,33.85,196000000,0,,是,,0.67,0.65,0.71,,7.6677,4.5016,
710546,竹陞國泰62購01,2026-09-08,1.92,0.06,3.23,570000000,0,紅增,是,,1.88,1.69,1.78,,25.6,11.1695,-4.1387
710548,青雲國泰62購02,2026-09-08,0.45,-0.01,-2.17,180000000,0,,是,,0.49,0.53,0.55,,-13.7324,-4.5126,
710551,安勤富邦62購01,2026-09-08,0.38,-0.03,-7.32,288000000,0,綠縮,是,,0.41,0.45,0.59,,-15.9184,-18.7387,-12.128
710552,譜瑞富邦63購01,2026-09-08,0.42,-0.05,-10.64,5000000,0,,否,,0.47,0.5,0.57,,-11.5672,-10.7774,
710553,譜瑞富邦64購01,2026-09-08,0.46,-0.05,-9.8,550000000,0,綠增,是,,0.51,0.54,0.61,,-10.8014,-9.8007,-12.8297
710558,竹陞永豐65購01,2026-09-08,1.01,0.07,7.45,140000000,0,,否,,1.0,0.92,0.93,,17.7305,13.7037,-7.5
710559,均豪永豐64購01,2026-09-08,0.95,-0.17,-15.18,451000000,0,,是,,0.98,0.92,,,14.2523,8.1368,
710561,宜鼎永豐61購03,2026-09-08,0.69,0.02,2.99,81000000,0,,否,,0.87,0.84,0.83,,6.6176,9.9087,
710562,宜鼎永豐64購02,2026-09-08,0.7,-0.02,-2.78,118000000,0,,否,,0.72,0.8,0.77,,-18.1818,-0.6211,-5.4769
710566,家登永豐61購02,2026-09-08,1.46,0.14,10.61,125000000,0,,是,,1.37,1.28,,,14.214,1.9904,
710567,富喬永豐61購03,2026-09-08,0.92,0.12,15.0,1033000000,0,,是,,0.76,0.67,,,33.3333,,
710568,富喬永豐66購02,2026-09-08,1.29,0.11,9.32,535000000,0,,是,,1.12,1.06,,,12.1756,,
710574,雙鴻永豐66購02,2026-09-08,1.76,-0.54,-23.48,86000000,0,,是,,2.0,1.61,,,65.6198,,
710575,雙鴻永豐67購01,2026-09-08,2.4,-0.44,-15.49,15000000,0,,否,,2.17,1.72,1.37,,71.09,48.5714,
710577,中光電元大61購02,2026-09-08,0.7,-0.17,-19.54,85000000,0,,是,,1.05,1.39,1.45,,-39.4464,-4.6575,
710578,中光電元大61購03,2026-09-08,0.84,-0.07,-7.69,54000000,0,,是,,1.17,1.46,1.62,,-32.4511,-8.6001,
710579,世界元大64購08,2026-09-08,0.31,-0.02,-6.06,60000000,0,,否,,0.32,0.38,0.49,,-27.3973,-23.3266,
710581,均豪元大61購01,2026-09-08,0.49,-0.07,-12.5,398000000,0,,是,,0.5,0.46,,,20.8738,6.3084,
710582,宏捷科元大67購01,2026-09-08,0.7,-0.01,-1.41,21000000,0,,是,,0.77,0.76,0.8,,3.2258,0.5319,-10.3874
710584,欣銓元大61購01,2026-09-08,1.05,-0.06,-5.41,166000000,0,,否,,1.13,1.1,1.13,,6.5789,3.8752,
710586,富喬元大64購03,2026-09-08,0.97,0.09,10.23,942000000,0,,是,,0.85,0.77,,,23.0548,37.9679,
710587,富喬元大65購03,2026-09-08,1.1,0.12,12.24,1020000000,0,,是,,0.97,0.89,0.72,,20.0495,39.1236,
710588,群聯元大64購06,2026-09-08,1.16,0.03,2.65,70000000,0,,是,,1.18,1.2,1.11,,-3.2787,11.2141,
710589,臺慶科元大61購02,2026-09-08,0.35,-0.05,-12.5,41000000,0,紅縮,是,,0.41,0.46,0.49,,-20.3922,-8.7649,-18.7294
710590,中美晶群益64購01,2026-09-08,0.64,-0.06,-8.57,310000000,0,紅增,否,,0.66,0.68,0.75,,-5.4131,-1.8678,-24.9375
710591,竹陞群益61購01,2026-09-08,0.64,0.06,10.34,54000000,0,,是,,0.61,0.57,0.71,,16.8582,-19.6023,
710592,均豪群益61購01,2026-09-08,1.4,-0.28,-16.67,990000000,0,,是,,1.44,1.31,1.21,,22.8279,26.2548,
710598,家登國泰62購01,2026-09-08,1.19,0.12,11.21,140000000,0,,否,,1.04,0.89,1.0,,39.5161,3.0058,
710599,凡甲富邦63購02,2026-09-08,0.46,-0.03,-6.12,110000000,0,,是,,0.49,0.51,0.59,,-7.4906,-13.0288,
710600,中光電富邦63購01,2026-09-08,0.33,-0.06,-15.38,1000000,0,,否,,0.55,0.58,0.72,,-9.5395,-14.8529,
710604,湧德富邦63購01,2026-09-08,0.6,-0.04,-6.25,271000000,0,紅縮,否,,0.66,0.64,0.62,,7.8431,3.9216,-1.5823
710605,中光電凱基61購02,2026-09-08,0.18,-0.07,-28.0,350000000,0,,是,,0.36,0.59,0.82,,-56.3725,-28.6236,
710606,巨有凱基61購01,2026-09-08,0.29,0.13,81.25,11000000,0,,否,,0.19,0.19,0.23,,-1.0526,0.5319,
710607,宜鼎凱基61購01,2026-09-08,0.26,-0.04,-13.33,828000000,0,,否,,0.33,0.41,0.44,,-32.7935,-0.9592,
710608,富喬凱基61購04,2026-09-08,1.3,0.26,25.0,120000000,0,,是,,1.08,0.89,,,55.6196,,
710610,雙鴻凱基64購01,2026-09-08,2.48,-0.6,-19.48,5000000,0,,否,,2.09,1.69,1.4,,59.9693,44.0102,
710619,九暘元大61購01,2026-09-08,0.41,-0.03,-6.82,90000000,0,,否,,0.79,,,,,,
710621,台嘉碩元大61購01,2026-09-08,0.32,-0.04,-11.11,52000000,0,,是,,0.38,0.46,,,-30.0,-39.2053,
710623,竹陞元大61購01,2026-09-08,0.77,0.01,1.32,336000000,0,,是,,0.77,0.69,,,27.1523,-12.6115,
710624,宜鼎元大61購06,2026-09-08,0.74,-0.04,-5.13,42000000,0,綠增,是,,0.76,0.88,0.88,,-23.9044,-8.5832,-6.4089
710628,晟田元大61購01,2026-09-08,1.58,-0.13,-7.6,50000000,0,,是,,2.06,2.52,2.96,,-30.7537,-16.8595,-6.3695
710630,富喬元大61購08,2026-09-08,1.25,0.21,20.19,833000000,0,,否,,1.03,0.91,,,31.7136,,
710631,富喬元大64購04,2026-09-08,0.95,0.06,6.74,1411000000,0,,是,,0.84,0.76,,,25.6716,33.3333,
710635,寶雅元大61購01,2026-09-08,1.63,0.03,1.88,9000000,0,,是,,1.85,2.04,,,-16.7864,11.5301,
710636,川寶國票65購01,2026-09-08,0.45,-0.04,-8.16,3000000,0,,否,,0.5,0.45,,,30.5699,12.0907,
710638,中裕國票65購01,2026-09-08,0.62,0.03,5.08,239000000,0,,是,,0.62,0.64,0.64,,-6.6667,0.3145,
710639,日揚國票65購01,2026-09-08,0.39,0.02,5.41,55000000,0,,是,,0.46,,,,,,
710640,安可國票61購01,2026-09-08,0.22,-0.03,-12.0,171000000,0,,是,,0.29,,,,,,
710641,金雨國票65購01,2026-09-08,0.16,0.0,0.0,17000000,0,,否,,0.17,0.19,0.36,,-15.6863,-34.0351,
710643,威潤國票65購01,2026-09-08,0.33,-0.03,-8.33,899000000,0,,是,,0.36,0.38,0.49,,-7.1795,-15.8837,
710646,晟田國票61購01,2026-09-08,1.17,-0.04,-3.31,102000000,0,,是,,1.34,1.59,1.76,,-27.4701,-8.3622,
710647,崇越電國票65購01,2026-09-08,0.6,-0.08,-11.76,1034000000,0,,是,,0.67,0.7,,,-6.6482,15.7546,
710649,瑞耘國票65購01,2026-09-08,0.8,0.02,2.56,1301000000,0,,是,,0.81,0.75,,,15.7593,12.3881,
710653,中光電群益61購01,2026-09-08,0.25,-0.16,-39.02,20000000,0,,否,,0.86,,,,,,
710654,中美晶群益63購01,2026-09-08,0.75,-0.01,-1.32,10000000,0,,否,,0.75,0.82,1.11,,-14.5455,-8.3146,
710655,世紀*群益62購01,2026-09-08,11.6,1.4,13.73,1000000,0,,否,,8.96,,,,,,
710659,宜鼎群益61購01,2026-09-08,0.79,-0.01,-1.25,174000000,0,,是,,0.79,0.94,0.91,,-26.6174,-2.5961,-10.0694
710664,晶宏群益61購01,2026-09-08,1.38,-0.21,-13.21,966000000,0,,是,,1.56,1.22,,,75.8465,,
710665,陽程群益61購01,2026-09-08,2.29,-0.2,-8.03,20000000,0,,是,,2.5,1.64,1.28,,218.0662,109.5663,
710666,九暘凱基61購01,2026-09-08,0.23,-0.02,-8.0,659000000,0,,是,,0.31,0.44,,,-45.6446,,
710667,川寶凱基61購01,2026-09-08,0.4,-0.08,-16.67,58000000,0,紅縮,是,,0.56,0.5,0.46,,27.027,12.2494,-4.6778
710668,中美晶凱基61購06,2026-09-08,0.77,-0.1,-11.49,5000000,0,,是,,0.82,0.92,1.42,,-19.7652,-16.2727,
710669,日揚凱基61購01,2026-09-08,0.32,-0.01,-3.03,30000000,0,,否,,0.43,0.53,,,-32.381,-22.807,
710670,世界凱基66購01,2026-09-08,0.45,0.0,0.0,26000000,0,,是,,0.45,0.52,,,-24.8322,-26.3752,
710673,台嘉碩凱基61購01,2026-09-08,0.23,-0.06,-20.69,70000000,0,,是,,0.26,0.28,,,-13.3333,-24.5283,
710677,奇鈦科凱基61購01,2026-09-08,0.27,-0.06,-18.18,74000000,0,,是,,0.3,0.36,0.48,,-28.91,-18.8764,
710679,杰力凱基61購01,2026-09-08,0.38,-0.02,-5.0,10000000,0,,否,,0.55,0.68,,,-31.25,,
710682,高僑凱基61購01,2026-09-08,0.27,-0.03,-10.0,50000000,0,,是,,0.33,0.36,,,-14.5078,-33.209,
710683,崇越電凱基61購01,2026-09-08,0.69,-0.14,-16.87,62000000,0,,否,,0.82,0.88,,,-14.2857,8.2007,
710685,晶宏凱基61購01,2026-09-08,1.31,-0.41,-23.84,857000000,0,,是,,1.59,1.2,,,99.7494,76.6617,
710688,碩禾凱基61購01,2026-09-08,0.16,-0.01,-5.88,55000000,0,紅增,是,,0.18,0.2,0.32,,-21.7391,-36.9231,-29.0608
710689,中光電台新61購01,2026-09-08,0.29,-0.1,-25.64,10000000,0,,否,,0.77,0.99,,,-36.5132,,
710692,中美晶台新63購02,2026-09-08,0.68,-0.06,-8.11,1000000,0,,是,,0.71,0.76,1.07,,-12.1287,-11.4352,
710694,台嘉碩台新61購01,2026-09-08,0.49,-0.01,-2.0,64000000,0,,是,,0.47,0.48,,,-6.8,-23.817,
710695,台嘉碩台新61購02,2026-09-08,0.36,-0.01,-2.7,25000000,0,,否,,0.37,0.38,,,-3.1414,-28.1071,
710698,全宇昕台新61購01,2026-09-08,0.6,-0.07,-10.45,419000000,0,紅縮,是,,0.7,0.7,0.61,,0.5731,9.7179,4.4143
710699,欣銓台新61購01,2026-09-08,0.65,-0.06,-8.45,7000000,0,,否,,0.74,0.75,,,-2.9024,-22.5104,
710702,家登台新61購01,2026-09-08,0.72,-0.02,-2.7,1000000,0,,否,,0.66,,,,,,
710705,九暘永豐61購01,2026-09-08,0.27,-0.04,-12.9,385000000,0,,是,,0.32,0.3,0.42,,12.8571,-11.8343,
710715,奇鈦科永豐61購01,2026-09-08,0.26,-0.03,-10.34,110000000,0,紅增,是,,0.26,0.32,0.36,,-28.6487,-9.9432,-22.7126
710716,奇鈦科永豐61購02,2026-09-08,0.26,0.0,0.0,43000000,0,,是,,0.28,0.35,0.42,,-31.2195,-14.9877,-23.0209
710720,信音永豐61購01,2026-09-08,0.3,-0.02,-6.25,149000000,0,,是,,0.64,,,,,,
710723,崇越電永豐61購01,2026-09-08,0.7,-0.13,-15.66,27000000,0,,否,,0.82,0.86,0.74,,-10.3297,16.6216,
710724,崇越電永豐61購02,2026-09-08,0.7,-0.14,-16.67,169000000,0,,是,,0.84,0.86,,,-3.653,,
710727,晶宏永豐61購01,2026-09-08,1.52,-0.32,-17.39,61000000,0,,是,,1.78,1.38,,,80.6911,,
710735,威剛國泰62購01,2026-09-08,1.63,0.13,8.67,18000000,0,,否,,1.73,1.65,,,10.5867,,
710736,立碁富邦61購01,2026-09-08,1.61,-0.26,-13.9,32000000,0,,否,,1.95,1.64,1.25,,47.1299,37.2483,
710737,均豪富邦61購02,2026-09-08,0.32,-0.04,-11.11,157000000,0,,否,,0.34,0.34,,,1.8072,,
710739,中美晶國票65購01,2026-09-08,0.93,-0.04,-4.12,3000000,0,,否,,0.96,1.0,,,-7.7071,-25.9094,
710740,竹陞國票65購01,2026-09-08,0.88,0.03,3.53,3000000,0,,否,,0.78,0.86,,,-17.9704,-14.243,
710743,青雲國票61購01,2026-09-08,1.05,0.02,1.94,499000000,0,,是,,1.07,1.02,1.14,,10.5372,-6.4279,-3.9662
710744,盈正國票65購01,2026-09-08,0.4,-0.01,-2.44,982000000,0,,是,,0.41,0.42,0.44,,-3.7736,-1.8868,
710748,翔名國票65購01,2026-09-08,0.51,-0.01,-1.92,20000000,0,,否,,0.61,0.7,,,-23.2323,,
710751,頎邦國票65購01,2026-09-08,0.71,-0.08,-10.13,671000000,0,,是,,0.73,0.65,0.73,,29.2254,2.5197,
710753,擎邦國票61購01,2026-09-08,0.51,-0.03,-5.56,550000000,0,,是,,0.53,0.51,0.54,,6.9106,-1.3566,
710754,耀穎國票65購01,2026-09-08,0.81,0.16,24.62,7000000,0,紅增,否,,0.53,0.41,0.38,,84.1379,34.202,3.6885
710761,華景電元大64購01,2026-09-08,0.61,-0.04,-6.15,46000000,0,,否,,0.67,0.72,,,-12.4675,,
710762,聖暉*元大61購02,2026-09-08,0.11,-0.02,-15.38,15000000,0,,否,,0.16,0.26,,,-54.5455,-45.2991,
710765,大中凱基61購01,2026-09-08,0.3,-0.01,-3.23,20000000,0,,是,,0.47,,,,,,
710766,竹陞凱基61購02,2026-09-08,0.42,0.03,7.69,1706000000,0,,是,,0.41,0.38,,,19.2982,-31.9419,
710768,欣銓凱基61購02,2026-09-08,0.79,-0.15,-15.96,96000000,0,,否,,0.91,0.94,,,-4.5929,,
710770,富喬凱基61購05,2026-09-08,1.5,0.19,14.5,180000000,0,,否,,1.25,1.09,,,34.4828,46.6307,
710777,竹陞永豐63購01,2026-09-08,1.09,0.02,1.87,67000000,0,,否,,1.07,,,,,,
710785,頎邦永豐61購02,2026-09-08,0.49,-0.04,-7.55,536000000,0,,是,,0.5,0.43,0.47,,37.5691,34.7962,
710786,頎邦永豐64購01,2026-09-08,0.92,-0.07,-7.07,56000000,0,,是,,0.91,0.82,0.84,,26.2431,12.6547,
710787,璟德永豐61購02,2026-09-08,0.38,-0.02,-5.0,10000000,0,,是,,0.46,0.47,,,-3.3613,4.0,
710788,寶雅永豐61購01,2026-09-08,0.71,-0.03,-4.05,123000000,0,,否,,0.73,0.84,0.9,,-23.1092,-23.9386,
710791,立碁台新61購01,2026-09-08,1.96,-0.09,-4.39,35000000,0,,是,,2.06,1.88,1.45,,21.0836,28.5616,
710792,竹陞台新61購02,2026-09-08,0.88,0.07,8.64,26000000,0,,否,,0.91,1.09,,,-28.0315,,
710794,晟田台新61購01,2026-09-08,0.87,-0.04,-4.4,3000000,0,綠增,否,,0.97,1.15,1.24,,-26.6263,-8.1731,-10.0472
710796,新漢台新64購01,2026-09-08,0.81,-0.02,-2.41,1000000,0,,否,,0.84,0.92,,,-15.6942,,
710797,群聯台新61購02,2026-09-08,1.8,-0.01,-0.55,34000000,0,,否,,1.75,1.88,1.71,,-13.0089,12.1501,
710799,欣銓富邦61購01,2026-09-08,0.32,-0.02,-5.88,20000000,0,,否,,0.36,0.34,0.39,,14.6497,-4.5326,
710801,頎邦富邦63購01,2026-09-08,0.51,0.01,2.0,505000000,0,,是,,0.5,0.44,0.43,,30.0518,25.0704,-9.0813
710802,頎邦富邦64購01,2026-09-08,0.51,-0.01,-1.92,180000000,0,,是,,0.52,0.46,0.48,,27.0936,14.1089,
710804,大中群益61購01,2026-09-08,0.11,-0.02,-15.38,198000000,0,,是,,0.39,,,,,,
710805,中美晶群益61購01,2026-09-08,1.94,-0.27,-12.22,110000000,0,紅增,是,,2.08,2.12,2.53,,-4.2396,-4.7961,-29.319
710806,世界群益61購02,2026-09-08,0.84,-0.01,-1.18,5000000,0,,是,,0.83,0.93,1.06,,-20.0772,-9.2502,-18.5966
710808,均豪群益61購02,2026-09-08,1.71,-0.36,-17.39,608000000,0,,是,,1.81,1.64,1.59,,23.4332,9.6257,
710809,良維群益61購03,2026-09-08,1.36,-0.06,-4.23,99000000,0,,否,,1.37,1.2,,,32.3643,-0.8271,
710811,威剛群益61購04,2026-09-08,0.93,0.02,2.2,241000000,0,,是,,0.89,0.94,0.93,,-10.0806,-4.5593,
710815,鈊象群益64購01,2026-09-08,0.21,-0.01,-4.55,22000000,0,,否,,0.22,0.25,,,-20.1439,,
710816,群聯群益67購02,2026-09-08,1.76,-0.04,-2.22,756000000,0,紅縮,是,,1.71,1.76,1.66,,-5.4084,2.6791,-1.485
710817,頎邦群益61購01,2026-09-08,0.58,-0.09,-13.43,162000000,0,紅縮,是,,0.61,0.53,0.49,,32.3144,23.4339,-9.4796
710818,頎邦群益61購02,2026-09-08,0.47,-0.04,-7.84,300000000,0,,是,,0.43,0.35,,,60.4478,-32.3643,
710819,雙鴻群益61購01,2026-09-08,3.98,-1.12,-21.96,1000000,0,,否,,3.85,2.94,2.27,,90.5045,65.2786,
710820,中光電凱基61購03,2026-09-08,0.19,-0.08,-29.63,250000000,0,,是,,0.7,,,,,,
710822,良維凱基61購02,2026-09-08,1.23,-0.15,-10.87,692000000,0,,是,,1.31,1.13,,,38.5593,18.9018,
710824,家登凱基61購01,2026-09-08,1.1,0.09,8.91,22000000,0,,否,,0.99,0.92,,,15.4567,-2.7484,
710826,頎邦凱基61購01,2026-09-08,0.27,-0.03,-10.0,1536000000,0,,否,,0.27,0.23,,,55.6818,,
710827,精材凱基61購06,2026-09-08,3.65,0.6,19.67,5000000,0,,否,,2.85,2.26,,,70.6938,,
710828,竹陞台新61購03,2026-09-08,0.67,0.02,3.08,274000000,0,,否,,0.48,0.68,,,-45.8239,,
710837,頎邦台新61購01,2026-09-08,0.71,-0.08,-10.13,2241000000,0,紅縮,是,,0.72,0.63,0.58,,35.0746,27.0161,-6.194
710838,頎邦台新61購02,2026-09-08,0.6,-0.07,-10.45,3463000000,0,,是,,0.62,0.54,0.53,,35.0877,26.4151,-19.3893
710839,驊訊台新61購01,2026-09-08,0.33,-0.04,-10.81,120000000,0,,是,,0.39,0.41,,,-8.0569,,
710842,中美晶永豐65購02,2026-09-08,0.98,-0.08,-7.55,4000000,0,,否,,1.02,1.04,1.27,,-3.0418,-6.4137,
710843,世紀*永豐61購01,2026-09-08,5.05,0.91,21.98,7000000,0,,否,,3.95,3.48,,,30.8151,,
710844,神準永豐65購01,2026-09-08,0.7,0.04,6.06,240000000,0,,,,,,,,,,
710847,榮剛永豐61購01,2026-09-08,0.72,-0.01,-1.37,14000000,0,,是,,0.77,0.85,0.89,,-17.5214,-4.3673,
710849,九暘國票65購01,2026-09-08,0.34,-0.03,-8.11,8000000,0,,否,,0.36,,,,,,
710851,中菲行國票65購01,2026-09-08,0.53,0.0,0.0,7000000,0,,否,,0.55,,,,,,
710852,友威科國票65購01,2026-09-08,0.44,-0.01,-2.22,21000000,0,紅縮,否,,0.46,0.43,0.42,,16.6667,5.1471,-3.1142
710854,竹陞國票66購01,2026-09-08,0.65,0.04,6.56,46000000,0,,是,,0.63,,,,,,
710858,易發國票65購01,2026-09-08,0.45,0.03,7.14,5000000,0,,否,,0.46,0.42,,,21.2766,,
710866,健喬國票65購01,2026-09-08,0.6,0.0,0.0,399000000,0,,否,,0.65,0.66,,,-2.7108,-3.6765,
710869,普萊德國票65購01,2026-09-08,0.46,-0.09,-16.36,190000000,0,,否,,0.53,0.52,,,5.5777,,
710870,晶宏國票65購01,2026-09-08,1.19,-0.18,-13.14,182000000,0,,否,,1.33,,,,,,
710873,碩禾國票65購01,2026-09-08,0.2,-0.01,-4.76,5000000,0,,否,,0.22,0.27,,,-30.0,,
710875,鐿鈦國票65購01,2026-09-08,0.59,-0.06,-9.23,1181000000,0,,是,,0.65,0.68,,,-10.0,0.885,
710876,竹陞國泰63購01,2026-09-08,0.9,0.06,7.14,50000000,0,,否,,0.92,0.82,,,29.0503,-13.775,
710879,精材國泰62購01,2026-09-08,4.38,0.12,2.82,100000000,0,,否,,3.74,2.76,,,110.1124,16.8996,
710883,宜鼎群益61購02,2026-09-08,0.67,-0.04,-5.63,150000000,0,,是,,0.72,0.83,0.79,,-23.7288,-0.12,
710885,威剛群益61購05,2026-09-08,0.85,0.06,7.59,101000000,0,,否,,0.81,0.86,,,-9.7778,,
710886,建榮群益62購01,2026-09-08,0.53,0.02,3.92,20000000,0,,否,,0.54,,,,,,
710887,群聯群益67購03,2026-09-08,2.68,0.0,0.0,12000000,0,,否,,2.66,2.78,2.57,,-8.0166,11.6559,
710888,精材群益64購01,2026-09-08,1.73,-0.1,-5.46,61000000,0,,是,,1.55,1.2,1.04,,84.323,42.5,
710893,中美晶元大64購01,2026-09-08,1.3,0.0,0.0,24000000,0,,否,,1.3,1.33,1.5,,-4.3988,1.8321,
710895,台嘉碩元大61購02,2026-09-08,0.54,-0.06,-10.0,52000000,0,,否,,0.6,0.7,,,-25.0,,
710896,均豪元大61購02,2026-09-08,0.59,-0.14,-19.18,453000000,0,,否,,0.61,0.55,,,23.7903,9.4675,
710899,欣銓元大61購02,2026-09-08,0.89,-0.02,-2.2,27000000,0,,否,,0.94,0.86,0.88,,21.0256,7.6155,
710900,家登元大61購02,2026-09-08,1.13,0.12,11.88,184000000,0,,是,,1.09,1.12,1.13,,-4.3706,2.0055,
710908,倉和國票65購01,2026-09-08,3.57,0.15,4.39,1000000,0,,否,,3.16,2.42,1.69,,88.9952,77.9087,45.6578
710910,創泓國票61購01,2026-09-08,1.01,-0.15,-12.93,216000000,0,,否,,1.15,1.38,1.38,,-28.2338,-4.4291,-19.4039
710913,聖暉*國票65購01,2026-09-08,0.23,-0.01,-4.17,23000000,0,,是,,0.26,,,,,,
710915,寶雅國票61購03,2026-09-08,0.76,-0.04,-5.0,6000000,0,,否,,0.8,0.94,,,-25.6932,,
710918,中美晶凱基66購01,2026-09-08,0.88,-0.03,-3.3,10000000,0,,否,,0.95,1.01,,,-11.71,-34.4761,
710921,宜鼎凱基61購02,2026-09-08,0.52,-0.04,-7.14,645000000,0,,是,,0.57,0.68,0.68,,-29.0727,-6.9577,
710923,威剛凱基61購03,2026-09-08,1.25,0.13,11.61,2000000,0,,否,,1.19,1.26,,,-10.9281,,
710924,茂達凱基61購03,2026-09-08,0.19,-0.03,-13.64,50000000,0,,否,,0.27,,,,,,
710929,中光電群益61購03,2026-09-08,0.1,-0.03,-23.08,50000000,0,,否,,0.18,0.28,,,-52.381,,
710932,家登群益61購04,2026-09-08,1.8,0.18,11.11,65000000,0,,是,,1.65,1.48,,,25.6098,8.0292,
710935,精材群益64購02,2026-09-08,1.97,0.07,3.68,21000000,0,,否,,1.73,1.3,,,97.7117,11.1016,
710939,茂達富邦63購02,2026-09-08,0.24,-0.06,-20.0,145000000,0,,是,,0.32,0.37,,,-24.0566,-19.6121,
710944,艾訊永豐61購01,2026-09-08,0.24,-0.03,-11.11,70000000,0,,否,,0.29,0.32,0.45,,-16.8605,-23.1707,
710946,長聖永豐61購01,2026-09-08,0.53,0.0,0.0,144000000,0,,是,,0.55,0.57,0.59,,-5.7823,-2.3932,
710948,威剛永豐64購03,2026-09-08,0.95,0.08,9.2,32000000,0,,否,,0.91,0.94,,,-6.9672,-1.7727,
710950,倉和永豐61購01,2026-09-08,6.45,0.85,15.18,1000000,0,,否,,5.35,4.04,2.73,,95.6808,83.8416,53.831
710953,宸曜永豐67購01,2026-09-08,1.31,-0.16,-10.88,56000000,0,,否,,1.39,1.4,,,-1.1396,,
710962,中美晶元大66購05,2026-09-08,1.07,-0.01,-0.93,20000000,0,,否,,1.08,1.11,1.17,,-5.4196,2.4862,-10.4334
710963,世紀*元大61購01,2026-09-08,9.95,1.65,19.88,27000000,0,,是,,8.33,6.82,3.86,,56.8148,122.1101,
710964,宜鼎元大61購07,2026-09-08,0.67,-0.01,-1.47,8000000,0,,否,,0.68,0.78,0.77,,-23.0248,-4.0392,
710965,晟田元大61購02,2026-09-08,0.94,-0.06,-6.0,32000000,0,,是,,1.15,1.47,1.9,,-35.3139,-18.4795,
710968,翔名元大61購01,2026-09-08,0.34,-0.01,-2.86,350000000,0,,是,,0.43,0.49,0.7,,-22.2628,-24.3789,
710969,群聯元大64購07,2026-09-08,1.22,0.03,2.52,13000000,0,,否,,1.18,1.19,1.2,,-2.8053,-1.8883,
710972,譜瑞元大65購03,2026-09-08,0.66,-0.05,-7.04,332000000,0,,是,,0.71,0.73,0.82,,-5.3619,-11.1383,
710979,宸曜台新61購01,2026-09-08,1.29,-0.39,-23.21,923000000,0,,是,,1.57,1.61,1.61,,-5.1995,-2.9518,
710982,精材台新61購03,2026-09-08,2.3,0.01,0.44,20000000,0,,否,,1.92,1.44,1.31,,100.8386,56.4885,
710984,均豪凱基61購01,2026-09-08,1.18,-0.36,-23.38,122000000,0,,是,,1.29,1.21,,,13.0053,,
710985,家登凱基61購02,2026-09-08,1.43,-0.08,-5.3,957000000,0,,是,,1.49,1.36,1.24,,21.7676,28.5579,
710987,華景電凱基64購01,2026-09-08,0.54,0.0,0.0,200000000,0,,是,,0.58,0.6,,,-6.4935,,
710988,新普凱基61購01,2026-09-08,0.46,-0.05,-9.8,72000000,0,,是,,0.55,0.63,,,-23.6769,,
710989,頎邦凱基61購02,2026-09-08,0.4,0.03,8.11,106000000,0,,是,,0.53,0.51,,,6.9106,-8.2883,
710991,營邦凱基61購01,2026-09-08,1.44,-0.14,-8.86,412000000,0,,是,,1.48,1.16,0.95,,76.6667,43.6341,
710992,譜瑞凱基61購06,2026-09-08,0.65,-0.1,-13.33,5000000,0,,否,,0.93,0.98,,,-8.6106,,
710994,欣銓台新61購03,2026-09-08,0.67,-0.11,-14.1,20000000,0,,否,,0.79,0.74,,,14.7399,-2.2368,
710996,大江國票65購01,2026-09-08,0.64,0.01,1.59,9000000,0,,否,,0.66,0.72,0.74,,-16.285,-6.9588,
710997,大學光國票61購01,2026-09-08,0.57,-0.01,-1.72,160000000,0,,否,,0.64,0.66,0.72,,-5.3097,-8.7137,
711003,陽程群益61購02,2026-09-08,1.91,-0.02,-1.04,29000000,0,,是,,2.2,1.58,,,126.8041,97.3848,
711009,巨有元大61購02,2026-09-08,1.0,0.33,49.25,31000000,0,,是,,0.7,0.66,0.64,,14.0065,6.1389,
711012,宜鼎元大61購08,2026-09-08,0.57,-0.04,-6.56,336000000,0,,是,,0.6,0.68,0.67,,-21.164,-6.8871,
711013,宜鼎元大61購09,2026-09-08,0.9,-0.06,-6.25,618000000,0,,是,,0.98,1.09,1.05,,-18.7708,-3.0222,
711014,昇佳電元大61購01,2026-09-08,0.23,-0.03,-11.54,66000000,0,,否,,0.27,0.3,0.56,,-20.2381,-27.7512,
711020,家登元大61購03,2026-09-08,1.39,-0.03,-2.11,7000000,0,,否,,1.38,1.25,1.17,,24.2806,21.068,
711023,譜瑞元大61購04,2026-09-08,0.98,-0.15,-13.27,185000000,0,,是,,1.1,1.16,1.34,,-9.2257,-12.0729,
711025,均豪統一65購01,2026-09-08,0.59,-0.01,-1.67,146000000,0,,是,,0.57,0.53,,,14.5749,,
711029,精材統一67購01,2026-09-08,1.41,0.07,5.22,170000000,0,,是,,1.23,0.98,0.88,,67.4863,34.2936,7.2948
711030,營邦統一67購01,2026-09-08,1.01,-0.16,-13.68,159000000,0,,否,,1.07,0.9,,,44.4444,26.1538,
711034,立敦永豐64購01,2026-09-08,0.26,-0.02,-7.14,88000000,0,,,,,,,,,,
711036,宜鼎永豐63購02,2026-09-08,0.69,0.01,1.47,64000000,0,,否,,0.73,0.8,,,-15.8257,4.5573,
711037,長聖永豐61購02,2026-09-08,0.31,-0.02,-6.06,85000000,0,,是,,0.35,,,,,,
711046,台特化凱基61購01,2026-09-08,1.05,-0.05,-4.55,2000000,0,,否,,1.16,1.22,,,-10.5263,,
711047,巨有凱基61購02,2026-09-08,0.95,0.3,46.15,255000000,0,,否,,0.67,0.62,0.62,,17.1329,8.1882,
711049,宜鼎凱基61購03,2026-09-08,0.89,0.01,1.14,21000000,0,,否,,0.93,1.06,1.02,,-22.5753,-2.6606,
711054,鈊象凱基61購03,2026-09-08,1.04,-0.07,-6.31,91000000,0,,否,,1.06,1.28,,,-29.3493,-16.4499,
711055,群聯凱基64購04,2026-09-08,2.06,-0.01,-0.48,12000000,0,,否,,2.05,2.11,1.89,,-5.709,12.7739,
711059,富喬台新61購01,2026-09-08,2.55,0.3,13.33,10000000,0,,是,,2.17,1.73,,,67.4383,70.7389,
711061,家登群益61購05,2026-09-08,0.86,0.0,0.0,25000000,0,,是,,0.84,,,,,,
711063,群聯群益61購06,2026-09-08,3.83,0.12,3.23,10000000,0,,否,,3.64,3.76,3.61,,-6.2403,-1.7778,
711064,精材群益61購02,2026-09-08,6.95,0.6,9.45,85000000,0,,是,,5.52,4.08,3.58,,109.8024,57.9008,
711072,高僑國票65購01,2026-09-08,0.37,-0.02,-5.13,11000000,0,,否,,0.48,,,,,,
711073,智崴國票65購01,2026-09-08,0.58,0.0,0.0,230000000,0,,是,,0.57,0.54,,,12.549,-0.7326,
711074,僑威國票65購01,2026-09-08,0.47,0.01,2.17,1000000,0,,否,,0.61,,,,,,
711077,中美晶元大61購03,2026-09-08,0.8,-0.07,-8.05,1000000,0,,否,,0.83,0.87,1.0,,-10.1952,-0.228,
711079,宜鼎元大61購10,2026-09-08,0.81,-0.06,-6.9,70000000,0,,否,,0.88,0.99,0.96,,-20.7957,-3.0333,
711080,智通*元大61購02,2026-09-08,0.57,-0.03,-5.0,2000000,0,,否,,0.56,0.57,0.66,,-5.102,-2.0513,
711087,精材國泰62購02,2026-09-08,4.81,0.29,6.42,16000000,0,,否,,3.92,2.92,2.76,,105.1255,49.7433,
711089,立碁富邦64購01,2026-09-08,1.16,-0.13,-10.08,70000000,0,,否,,1.27,1.18,,,16.3303,21.1716,
711091,陽程富邦61購02,2026-09-08,1.4,-0.09,-6.04,5000000,0,,否,,1.57,1.4,0.92,,27.6423,73.6973,
711092,精材富邦61購01,2026-09-08,1.83,0.0,0.0,39000000,0,,否,,1.57,1.17,1.13,,105.7592,42.0925,
711093,精材中信61購02,2026-09-08,1.02,-0.01,-0.97,150000000,0,,否,,0.91,0.71,0.68,,78.8235,44.8065,
711094,千附永豐61購01,2026-09-08,1.44,-0.05,-3.36,1000000,0,,否,,1.67,2.08,,,-32.635,,
711096,立端永豐61購01,2026-09-08,0.69,0.01,1.47,25000000,0,,是,,0.65,0.71,0.74,,-14.9606,-4.8583,
711104,台嘉碩統一67購01,2026-09-08,0.48,-0.05,-9.43,137000000,0,,是,,0.51,0.49,,,7.113,,
711105,台嘉碩統一6C購01,2026-09-08,0.5,-0.01,-1.96,36000000,0,,否,,0.49,,,,,,
711106,尼克森統一65購01,2026-09-08,0.14,-0.03,-17.65,12000000,0,,是,,,,,,,,
711114,堡達統一6C購01,2026-09-08,0.38,-0.01,-2.56,4000000,0,,否,,0.43,,,,,,
711116,陽程統一6C購01,2026-09-08,1.09,-0.06,-5.22,421000000,0,,是,,1.11,0.84,,,95.7746,,
711118,頎邦統一65購01,2026-09-08,0.52,-0.02,-3.7,1672000000,0,,是,,0.49,0.43,0.43,,33.6957,25.731,
711119,頎邦統一67購02,2026-09-08,0.58,0.02,3.57,826000000,0,,是,,0.54,0.49,0.47,,20.0,19.8547,
711122,精材統一65購02,2026-09-08,1.3,-0.28,-17.72,55000000,0,,否,,1.22,0.92,0.81,,98.3713,47.504,9.71
711125,家登凱基67購01,2026-09-08,1.21,0.1,9.01,117000000,0,,是,,1.06,,,,,,
711126,陽程凱基61購03,2026-09-08,2.0,-0.09,-4.31,132000000,0,,是,,2.26,2.23,,,2.6388,,
711127,順達凱基61購03,2026-09-08,0.68,-0.04,-5.56,513000000,0,,是,,0.65,0.69,,,-11.6531,,
711130,頎邦凱基61購03,2026-09-08,0.33,-0.02,-5.71,882000000,0,,是,,0.33,0.29,,,35.7724,22.8814,
711132,臺慶科凱基61購03,2026-09-08,0.35,-0.04,-10.26,23000000,0,,否,,0.44,0.42,,,9.901,-9.2077,
711134,茂達台新61購01,2026-09-08,0.42,-0.08,-16.0,11000000,0,,否,,0.51,0.53,,,-6.9091,-19.5455,
711135,茂達台新61購02,2026-09-08,0.51,-0.17,-25.0,6000000,0,,否,,0.64,0.69,0.76,,-13.079,-5.7692,
711136,群聯台新67購03,2026-09-08,1.72,0.02,1.18,1000000,0,,否,,1.65,1.69,,,-5.075,6.8944,
711138,頎邦台新61購04,2026-09-08,0.97,-0.1,-9.35,941000000,0,,否,,1.0,0.86,0.78,,38.292,30.4676,
711139,頎邦台新61購05,2026-09-08,0.98,-0.07,-6.67,1096000000,0,,是,,0.98,0.84,0.76,,38.0282,30.4012,
711140,精材台新61購04,2026-09-08,2.21,0.06,2.79,4000000,0,,否,,1.85,1.44,,,81.5686,,
711142,精材台新62購02,2026-09-08,2.08,-0.01,-0.48,2000000,0,,否,,1.63,1.23,,,96.3942,3.4396,
711144,天良國票61購01,2026-09-08,0.59,0.0,0.0,1000000,0,,否,,0.69,1.13,1.3,,-56.0664,-28.399,
711146,協禧國票65購01,2026-09-08,0.4,-0.01,-2.44,30000000,0,,,,,,,,,,
711147,奇鈦科國票65購01,2026-09-08,0.43,-0.08,-15.69,223000000,0,,是,,0.49,0.52,,,-11.2727,,
711149,陽程國票61購02,2026-09-08,2.83,-0.03,-1.05,26000000,0,,是,,3.17,2.34,,,109.3791,,
711151,精材國票61購04,2026-09-08,2.46,0.07,2.93,2000000,0,,否,,1.86,1.8,,,6.4147,,
711153,營邦國票61購01,2026-09-08,2.33,-0.17,-6.8,327000000,0,,否,,2.38,1.97,,,52.7599,47.6012,
711154,千附群益61購01,2026-09-08,1.02,-0.08,-7.27,54000000,0,,否,,1.07,1.17,,,-15.0794,-33.0844,
711156,台特化群益61購02,2026-09-08,1.18,-0.01,-0.84,84000000,0,,是,,1.24,1.34,1.3,,-13.5475,-2.4836,
711158,青雲群益61購02,2026-09-08,1.06,0.04,3.92,1000000,0,,否,,1.13,1.22,,,-14.4158,0.7414,
711159,威剛群益61購06,2026-09-08,1.88,0.09,5.03,84000000,0,,是,,1.77,1.88,1.87,,-10.7754,-5.72,
711161,新漢群益61購01,2026-09-08,0.7,-0.03,-4.11,2000000,0,,,,,,,,,,
711162,群聯群益61購07,2026-09-08,2.09,-0.04,-1.88,199000000,0,,否,,2.0,2.14,2.05,,-12.0599,-4.1311,
711163,精材群益63購03,2026-09-08,3.5,0.03,0.86,223000000,0,,否,,3.04,2.17,,,132.925,35.115,
711164,中光電元大61購06,2026-09-08,0.24,-0.06,-20.0,2000000,0,,否,,0.44,0.5,,,-24.0418,-11.7133,
711167,宜鼎元大63購02,2026-09-08,0.99,-0.04,-3.88,55000000,0,,否,,1.03,1.15,1.13,,-18.4834,-5.3542,
711169,智通*元大61購03,2026-09-08,0.6,0.0,0.0,2000000,0,,否,,0.61,0.62,0.7,,-5.0,3.1405,
711172,群聯元大61購15,2026-09-08,0.91,-0.02,-2.15,109000000,0,,否,,0.89,0.93,0.91,,-8.8296,-2.2059,
711174,精材元大61購10,2026-09-08,1.28,-0.04,-3.03,67000000,0,,否,,1.13,0.88,0.84,,79.3651,38.1476,
711175,精材元大61購11,2026-09-08,2.59,0.0,0.0,1000000,0,,否,,2.12,1.7,1.61,,65.2648,31.5058,
711176,精材元大63購05,2026-09-08,2.49,0.36,16.9,17000000,0,,否,,1.82,1.38,1.23,,90.3564,37.8109,
711177,營邦元大61購01,2026-09-08,1.5,-0.16,-9.64,123000000,0,,否,,1.54,1.28,,,49.8054,21.8216,
711179,九暘統一6C購01,2026-09-08,0.49,0.02,4.26,50000000,0,,是,,0.47,,,,,,
711189,立敦統一67購01,2026-09-08,0.27,-0.01,-3.57,30000000,0,,,,,,,,,,
711190,安勤統一67購01,2026-09-08,0.39,-0.01,-2.5,47000000,0,,否,,0.43,0.51,,,-24.9135,,
711192,亞通統一67購01,2026-09-08,0.77,0.1,14.93,23000000,0,,否,,,,,,,,
711194,昇佳電統一67購01,2026-09-08,0.36,-0.01,-2.7,10000000,0,,否,,0.43,,,,,,
711197,茂達統一69購02,2026-09-08,0.35,-0.03,-7.89,40000000,0,,否,,0.45,,,,,,
711199,堡達統一65購01,2026-09-08,0.42,-0.05,-10.64,10000000,0,,否,,0.46,,,,,,
711206,頎邦統一65購02,2026-09-08,0.53,0.0,0.0,5000000,0,,否,,0.44,,,,,,
711207,頎邦統一67購04,2026-09-08,0.51,-0.02,-3.77,127000000,0,,是,,0.51,0.46,,,24.0196,5.0575,
711209,碩禾統一67購01,2026-09-08,0.28,-0.01,-3.45,12000000,0,,否,,0.3,0.34,,,-22.1649,,
711210,精材統一65購03,2026-09-08,0.97,0.02,2.11,19000000,0,,否,,0.72,,,,,,
711217,頎邦永豐65購01,2026-09-08,0.77,0.04,5.48,62000000,0,,否,,0.73,0.62,0.59,,40.5405,32.5532,
711218,精材永豐61購03,2026-09-08,1.23,0.0,0.0,2000000,0,,否,,1.06,0.83,,,73.6842,14.4429,
711219,精材永豐61購04,2026-09-08,1.95,0.05,2.63,33000000,0,,否,,1.62,1.23,,,91.924,3.1906,
711220,精材永豐64購02,2026-09-08,1.57,0.01,0.64,5000000,0,,否,,1.36,,,,,,
711221,營邦永豐64購01,2026-09-08,1.45,-0.13,-8.23,126000000,0,,否,,1.43,1.15,,,63.6986,34.3023,
711222,廣積國泰62購01,2026-09-08,1.81,-0.1,-5.24,25000000,0,,否,,1.9,2.06,2.34,,-14.3372,-16.3008,
711223,營邦國泰62購01,2026-09-08,3.47,-0.22,-5.96,191000000,0,,否,,3.43,2.87,,,48.8715,44.3605,
711225,元太富邦63購01,2026-09-08,0.33,0.0,0.0,96000000,0,,否,,0.34,0.39,0.55,,-21.4612,-29.6763,
711230,順達富邦63購01,2026-09-08,0.31,-0.03,-8.82,9000000,0,,是,,0.34,0.33,,,9.6154,-2.0958,
711231,鈊象富邦63購02,2026-09-08,0.53,-0.01,-1.85,256000000,0,,否,,0.53,0.57,0.65,,-12.8289,-18.4814,
711233,宜鼎台新63購01,2026-09-08,1.07,0.07,7.0,12000000,0,,否,,1.17,1.21,,,-7.0175,9.6014,
711236,陽程群益63購01,2026-09-08,2.14,-0.12,-5.31,10000000,0,,否,,2.43,1.92,,,71.8529,,
711238,璟德群益61購01,2026-09-08,0.73,-0.02,-2.67,23000000,0,,否,,0.8,0.89,,,-18.5714,,
711241,宜鼎凱基64購01,2026-09-08,0.67,-0.01,-1.47,20000000,0,,否,,0.68,0.78,0.77,,-23.3032,-9.2915,
711243,威剛凱基61購04,2026-09-08,1.43,0.15,11.72,53000000,0,,否,,1.46,1.46,,,-0.2736,,
711247,營邦凱基61購02,2026-09-08,2.05,-0.23,-10.09,10000000,0,,否,,2.12,1.73,,,58.7706,34.6334,
711251,中美晶國票65購02,2026-09-08,0.66,-0.02,-2.94,20000000,0,,否,,0.68,0.71,,,-6.5753,-16.5485,
711252,巨有國票61購01,2026-09-08,1.36,0.36,36.0,127000000,0,,是,,1.02,0.98,0.92,,8.7049,11.8316,
711254,博智國票61購01,2026-09-08,1.19,-0.07,-5.56,5000000,0,,否,,1.28,,,,,,
711256,千附元大61購01,2026-09-08,0.72,-0.05,-6.49,39000000,0,,否,,0.91,1.1,,,-30.3077,,
711262,朋程元大61購02,2026-09-08,0.44,-0.04,-8.33,250000000,0,,否,,0.53,0.57,,,-13.1579,,
711263,家登元大61購04,2026-09-08,0.83,0.07,9.21,176000000,0,,是,,0.76,0.81,,,-11.8329,-12.5135,
711264,家登元大61購05,2026-09-08,1.2,0.14,13.21,163000000,0,,否,,1.06,1.03,,,4.3478,8.2723,
711265,凱崴元大61購01,2026-09-08,1.19,-0.09,-7.03,42000000,0,,否,,1.27,,,,,,
711266,群聯元大61購16,2026-09-08,1.19,-0.02,-1.65,10000000,0,,否,,1.27,1.27,,,-0.3145,5.1325,
711267,臺慶科元大61購04,2026-09-08,0.76,-0.13,-14.61,65000000,0,,否,,0.81,0.86,0.92,,-10.8168,-11.3754,
711268,營邦元大61購02,2026-09-08,2.14,-0.13,-5.73,124000000,0,,否,,2.13,1.8,1.53,,45.9644,32.5959,
711269,中美晶國泰62購01,2026-09-08,0.82,-0.11,-11.83,65000000,0,,否,,0.89,0.96,,,-13.035,,
711271,博智富邦63購01,2026-09-08,0.52,-0.05,-8.77,15000000,0,,否,,0.58,0.52,,,24.4635,13.6957,
711272,富喬富邦61購02,2026-09-08,1.32,0.16,13.79,48000000,0,,否,,1.13,1.0,,,28.9954,,
711273,千附精永豐64購01,2026-09-08,1.7,0.03,1.8,2000000,0,,否,,1.6,1.31,,,54.9515,,
711275,世界永豐61購02,2026-09-08,0.5,-0.03,-5.66,92000000,0,,否,,0.52,0.57,,,-16.129,-9.6672,
711276,家登永豐61購03,2026-09-08,0.98,0.12,13.95,119000000,0,,是,,,,,,,,
711277,璟德永豐67購01,2026-09-08,0.82,0.02,2.5,60000000,0,,否,,0.94,,,,,,
711278,九暘統一67購01,2026-09-08,0.5,0.0,0.0,55000000,0,,否,,0.46,,,,,,
711280,中光電統一65購02,2026-09-08,0.27,-0.01,-3.57,50000000,0,,,,,,,,,,
711283,倉和統一6C購01,2026-09-08,1.76,0.11,6.67,3000000,0,,否,,1.46,1.17,,,65.3061,59.1837,
711287,M31台新61購01,2026-09-08,1.39,0.24,20.87,1448000000,0,,是,,1.22,1.32,,,-14.6067,-6.9767,
711288,M31台新62購01,2026-09-08,1.04,0.16,18.18,49000000,0,,是,,1.26,,,,,,
711289,M31台新64購01,2026-09-08,0.9,0.1,12.5,42000000,0,,否,,0.96,,,,,,
711290,千附精台新61購02,2026-09-08,0.87,-0.16,-15.53,72000000,0,,否,,0.96,0.88,,,18.0247,17.8905,
711291,富喬台新61購02,2026-09-08,3.85,0.54,16.31,130000000,0,,是,,2.73,2.01,,,112.5972,97.446,
711292,頎邦台新61購06,2026-09-08,1.08,-0.09,-7.69,2457000000,0,,是,,1.09,0.95,0.87,,36.25,25.8322,
711293,M31凱基61購01,2026-09-08,1.05,0.28,36.36,140000000,0,,是,,1.09,,,,,,
711294,M31凱基61購02,2026-09-08,1.07,0.24,28.92,193000000,0,,,,,,,,,,
711295,M31凱基61購03,2026-09-08,1.12,0.19,20.43,67000000,0,,否,,0.99,1.06,,,-11.0912,-9.7436,
711296,千附精凱基61購03,2026-09-08,0.84,-0.19,-18.45,125000000,0,,否,,0.87,0.78,0.69,,23.6467,27.0227,
711298,中美晶凱基61購08,2026-09-08,0.58,0.02,3.57,5000000,0,,否,,0.59,0.72,,,-31.6279,,
711301,晶呈凱基61購01,2026-09-08,0.79,-0.04,-4.82,190000000,0,,否,,0.8,0.92,,,-21.9417,-11.2294,
711303,群聯凱基65購01,2026-09-08,1.92,-0.02,-1.03,15000000,0,,否,,1.92,1.97,,,-5.6158,2.7069,
711305,營邦凱基61購03,2026-09-08,3.22,-0.16,-4.73,2000000,0,,否,,3.11,2.49,2.05,,65.4952,46.5608,
711306,千附精元大61購01,2026-09-08,0.92,-0.18,-16.36,9000000,0,,否,,0.96,0.87,0.89,,22.8792,2.4823,
711308,宏捷科元大66購01,2026-09-08,1.0,-0.04,-3.85,30000000,0,,否,,1.06,1.09,1.14,,-6.0284,-4.287,
711312,群聯元大61購17,2026-09-08,1.69,0.06,3.68,15000000,0,,否,,1.75,1.8,,,-4.7826,16.6992,
711313,臺慶科元大61購05,2026-09-08,0.93,-0.13,-12.26,31000000,0,,是,,0.99,1.05,1.1,,-10.9515,-10.4592,
711314,世界國泰62購02,2026-09-08,0.87,-0.06,-6.45,108000000,0,,是,,0.89,0.93,1.01,,-8.0913,-5.6122,
711317,久禾光國票61購01,2026-09-08,0.33,-0.04,-10.81,4000000,0,,否,,0.38,,,,,,
711320,茂達國票61購02,2026-09-08,0.74,-0.2,-21.28,10000000,0,,否,,0.88,0.96,,,-15.87,-18.0426,
711323,頎邦國票64購01,2026-09-08,1.28,-0.14,-9.86,59000000,0,,是,,1.17,,,,,,
711324,寬魚國票61購01,2026-09-08,0.42,-0.08,-16.0,3000000,0,,否,,0.49,,,,,,
711326,千附精群益61購02,2026-09-08,1.1,-0.26,-19.12,133000000,0,,否,,1.17,1.1,,,15.3242,,
711328,博智群益61購02,2026-09-08,3.27,-0.3,-8.4,65000000,0,,否,,3.75,3.52,3.14,,13.7743,15.9645,
711330,群聯群益63購01,2026-09-08,1.46,0.04,2.82,4000000,0,,否,,1.41,1.43,1.31,,-2.751,7.7385,
711331,M31富邦63購01,2026-09-08,0.8,0.13,19.4,985000000,0,,是,,0.72,0.77,,,-13.494,-1.9011,
711332,九暘統一65購01,2026-09-08,0.47,-0.02,-4.08,205000000,0,,是,,0.53,0.46,0.44,,30.8458,15.1365,
711334,M31永豐63購01,2026-09-08,0.88,0.11,14.29,363000000,0,,是,,,,,,,,
711337,家登永豐61購04,2026-09-08,2.22,-0.03,-1.33,63000000,0,,是,,2.29,1.98,,,36.8421,15.5867,
711338,晶呈永豐61購01,2026-09-08,0.61,-0.03,-4.69,10000000,0,,否,,0.62,0.69,,,-18.1102,-3.4819,
711340,千附精台新61購03,2026-09-08,0.81,-0.2,-19.8,22000000,0,,否,,0.86,0.77,,,25.0729,22.3455,
711344,宜鼎凱基61購04,2026-09-08,1.02,-0.08,-7.27,202000000,0,,是,,1.07,1.22,1.19,,-22.1252,-7.8431,
711345,原相凱基61購03,2026-09-08,1.2,-0.08,-6.25,8000000,0,,否,,1.45,1.63,,,-19.4013,,
711347,群聯凱基63購02,2026-09-08,1.57,0.02,1.29,285000000,0,,是,,1.52,1.58,1.5,,-6.7319,1.2179,
711348,頎邦凱基64購02,2026-09-08,1.13,-0.14,-11.02,79000000,0,,否,,1.17,0.98,,,47.4747,24.2079,
711349,雙鴻凱基63購02,2026-09-08,4.52,-0.43,-8.69,1000000,0,,否,,4.59,3.41,,,105.3667,65.4872,
711358,巨有群益61購01,2026-09-08,1.66,0.34,25.76,77000000,0,,否,,1.36,1.28,,,14.8148,9.2466,
711359,均豪群益66購01,2026-09-08,1.11,-0.09,-7.5,525000000,0,,否,,1.11,1.02,,,17.6596,,
711361,群聯群益61購08,2026-09-08,3.89,-0.13,-3.23,59000000,0,,是,,3.8,3.98,3.8,,-8.6016,-1.5328,
711362,元太永豐61購05,2026-09-08,0.53,-0.02,-3.64,102000000,0,,否,,0.59,0.71,,,-27.9805,,
711364,良維永豐61購02,2026-09-08,1.67,-0.01,-0.6,3000000,0,,否,,1.58,1.39,,,32.2742,10.4134,
711365,威剛永豐67購02,2026-09-08,1.28,0.06,4.92,153000000,0,,是,,1.2,1.24,,,-5.5031,-1.7474,
711367,凱崴永豐61購01,2026-09-08,0.66,-0.11,-14.29,60000000,0,,否,,0.72,0.7,0.62,,4.058,8.1413,
711370,閎康永豐61購03,2026-09-08,1.33,-0.11,-7.64,42000000,0,,否,,1.48,1.5,,,-1.7241,,
711374,聖暉*永豐64購01,2026-09-08,0.66,-0.05,-7.04,36000000,0,,否,,0.83,,,,,,
711378,敘豐國票61購01,2026-09-08,0.64,0.01,1.59,2000000,0,,否,,0.78,0.82,,,-9.0487,-14.9793,
711384,千附精國泰62購01,2026-09-08,1.58,-0.11,-6.51,57000000,0,,否,,1.57,,,,,,
711385,世界國泰62購03,2026-09-08,1.06,-0.1,-8.62,190000000,0,,是,,1.14,1.24,,,-15.4762,,
711386,宜鼎國泰62購03,2026-09-08,1.78,-0.08,-4.3,6000000,0,,否,,1.8,2.03,,,-20.318,-3.0967,
711387,青雲國泰62購04,2026-09-08,1.74,-0.04,-2.25,356000000,0,,是,,2.0,1.81,,,22.7552,-5.5787,
711388,倉和國泰62購01,2026-09-08,6.2,0.75,13.76,1000000,0,,否,,4.32,3.18,,,111.6552,92.8485,
711392,宜鼎富邦61購03,2026-09-08,0.51,-0.04,-7.27,223000000,0,,否,,0.56,0.63,,,-18.5507,-2.3401,
711393,群聯富邦63購02,2026-09-08,0.5,0.01,2.04,885000000,0,,是,,0.49,0.52,,,-12.2302,12.743,
711394,M31統一67購01,2026-09-08,0.71,0.09,14.52,430000000,0,,是,,0.65,0.69,,,-9.6685,-3.5014,
711395,M31統一67購02,2026-09-08,0.79,0.09,12.86,56000000,0,,是,,0.72,0.73,,,-2.168,-4.5752,
711396,M31統一6C購01,2026-09-08,0.68,0.06,9.68,82000000,0,,是,,0.65,0.67,,,-5.5233,,
711408,廣穎統一69購02,2026-09-08,0.58,0.0,0.0,22000000,0,,否,,0.58,,,,,,
711414,青雲國票61購02,2026-09-08,1.65,0.0,0.0,300000000,0,,是,,1.7,1.66,,,4.674,-3.4243,
711419,碩禾國票64購01,2026-09-08,0.32,0.0,0.0,5000000,0,,否,,0.33,0.4,,,-29.3617,-15.7563,
711425,千附凱基61購02,2026-09-08,0.21,-0.03,-12.5,499000000,0,,是,,0.24,,,,,,
711427,中美晶凱基61購10,2026-09-08,0.21,-0.02,-8.7,11000000,0,,是,,0.45,,,,,,
711428,世界凱基64購02,2026-09-08,0.91,-0.08,-8.08,623000000,0,,是,,0.94,1.03,,,-15.1351,,
711430,均豪凱基66購01,2026-09-08,1.42,-0.14,-8.97,112000000,0,,否,,1.43,1.36,,,11.5445,,
711432,千附元大61購03,2026-09-08,0.42,-0.03,-6.67,100000000,0,,否,,0.53,,,,,,
711435,中美晶元大61購08,2026-09-08,0.26,-0.01,-3.7,60000000,0,,否,,0.27,0.29,,,-15.0943,-31.4685,
711436,中美晶元大63購03,2026-09-08,0.54,-0.03,-5.26,235000000,0,,否,,0.55,0.59,,,-10.6452,-9.4136,
711438,世界元大63購05,2026-09-08,0.47,-0.04,-7.84,656000000,0,,是,,0.64,0.83,,,-36.4356,-16.7339,
711439,家登元大63購01,2026-09-08,1.67,-0.03,-1.76,104000000,0,,是,,1.61,1.48,,,20.1192,16.8513,
711440,智通*元大61購06,2026-09-08,0.58,-0.03,-4.92,2000000,0,,否,,0.58,0.58,,,1.0381,11.0899,
711444,漢科元大61購01,2026-09-08,0.53,-0.04,-7.02,297000000,0,,是,,0.55,0.62,,,-20.6897,,
711448,千附永豐64購01,2026-09-08,0.43,-0.03,-6.52,11000000,0,,否,,0.45,0.49,,,-14.3939,,
711453,均豪永豐64購02,2026-09-08,2.24,-0.01,-0.44,39000000,0,,否,,2.08,1.93,,,17.0045,,
711454,宏捷科永豐64購01,2026-09-08,0.69,-0.01,-1.43,10000000,0,,否,,0.81,0.79,,,4.9479,-1.5019,
711457,湧德永豐61購01,2026-09-08,0.62,-0.03,-4.62,20000000,0,,否,,0.73,0.69,,,10.0,2.2124,
711462,世禾國泰62購01,2026-09-08,0.56,-0.04,-6.67,4000000,0,,否,,0.59,,,,,,
711467,千附精統一67購05,2026-09-08,0.64,-0.09,-12.33,1000000,0,,否,,0.59,0.52,,,33.9367,,
711469,中美晶統一67購03,2026-09-08,0.34,0.0,0.0,10000000,0,,否,,0.36,,,,,,
711470,中美晶統一6C購02,2026-09-08,0.35,0.0,0.0,299000000,0,,是,,0.35,,,,,,
711477,雙鴻統一6C購01,2026-09-08,0.9,-0.11,-10.89,300000000,0,,否,,0.83,0.74,,,26.2195,,
711479,中美晶富邦61購04,2026-09-08,0.13,-0.01,-7.14,265000000,0,,是,,0.13,0.14,0.2,,-11.8421,-11.7284,
711480,台特化富邦61購01,2026-09-08,0.37,-0.02,-5.13,208000000,0,,否,,0.42,0.42,,,-1.8692,,
711481,宜鼎富邦61購04,2026-09-08,0.49,-0.03,-5.77,55000000,0,,否,,0.57,0.63,,,-18.6782,3.2733,
711482,宜鼎群益61購04,2026-09-08,1.59,-0.09,-5.36,103000000,0,,否,,1.65,1.88,1.85,,-21.6524,-7.9412,
711484,世界台新61購02,2026-09-08,0.49,-0.01,-2.0,52000000,0,,否,,0.53,0.62,,,-26.3305,,
711485,台嘉碩台新61購03,2026-09-08,1.11,-0.27,-19.57,204000000,0,,是,,1.27,1.24,,,4.6281,1.9769,
711487,良維台新61購02,2026-09-08,1.3,-0.18,-12.16,2000000,0,,否,,1.34,1.08,,,62.0773,,
711488,亞電台新61購01,2026-09-08,2.08,-0.22,-9.57,16000000,0,,否,,1.99,1.63,,,57.5039,59.3353,
711489,長科*台新61購01,2026-09-08,1.02,-0.11,-9.73,15000000,0,,否,,1.1,1.08,,,2.6217,,
711490,千附精群益61購03,2026-09-08,1.72,-0.13,-7.03,371000000,0,,是,,1.67,1.5,,,25.2632,22.6863,
711491,亞電群益61購01,2026-09-08,2.69,-0.19,-6.6,2000000,0,,否,,2.65,2.12,,,67.3831,62.5673,
711492,亞電群益61購02,2026-09-08,2.23,-0.29,-11.51,390000000,0,,否,,2.21,1.8,,,58.3095,58.4359,
711493,亞電群益61購03,2026-09-08,3.39,-0.5,-12.85,87000000,0,,否,,3.42,2.81,,,56.062,58.2535,
711495,世界凱基61購02,2026-09-08,0.85,-0.02,-2.3,40000000,0,,否,,0.84,0.93,,,-16.6008,,
711497,系統電凱基61購02,2026-09-08,0.83,-0.03,-3.49,20000000,0,,否,,1.04,,,,,,
711498,宜鼎凱基61購05,2026-09-08,2.03,-0.08,-3.79,5000000,0,,否,,2.53,2.46,,,5.6761,,
711501,威剛凱基61購05,2026-09-08,1.8,0.01,0.56,159000000,0,,否,,1.79,1.88,,,-9.798,-4.1242,
711502,家登凱基63購01,2026-09-08,1.9,-0.06,-3.06,198000000,0,,否,,1.91,1.8,,,12.1176,,
711503,富喬凱基61購06,2026-09-08,4.98,0.03,0.61,5000000,0,,否,,4.58,4.1,2.83,,26.4349,50.0183,
711505,順達凱基61購05,2026-09-08,1.35,-0.1,-6.9,8000000,0,,否,,1.46,1.49,,,-3.4346,,
711506,群聯凱基61購11,2026-09-08,2.81,-0.01,-0.35,10000000,0,,是,,2.68,2.77,2.61,,-6.1668,-0.9312,
711507,頎邦凱基61購04,2026-09-08,1.66,-0.02,-1.19,25000000,0,,否,,1.6,1.45,,,22.9584,29.1964,
711508,雙鴻凱基63購03,2026-09-08,6.25,-1.5,-19.35,20000000,0,,否,,5.98,4.62,,,84.0,,
711509,千附精元大61購02,2026-09-08,1.57,-0.04,-2.48,36000000,0,,否,,1.49,1.37,,,18.6603,17.6824,
711511,亞電元大61購01,2026-09-08,2.92,-0.21,-6.71,4000000,0,,否,,2.8,2.35,1.87,,48.6744,44.6638,
711512,群聯元大61購18,2026-09-08,1.33,0.03,2.31,266000000,0,,是,,1.28,1.32,,,-6.0117,-0.6757,
711513,千附精統一65購01,2026-09-08,0.68,-0.13,-16.05,12000000,0,,否,,0.69,0.64,,,19.7232,22.824,
711515,亞電統一69購01,2026-09-08,1.07,-0.05,-4.46,116000000,0,,否,,1.05,0.93,0.78,,30.5211,30.8451,
711516,宜鼎統一64購05,2026-09-08,0.69,-0.06,-8.0,124000000,0,,否,,0.71,0.79,,,-19.1781,-6.8235,
711517,倉和統一65購01,2026-09-08,3.13,0.25,8.68,10000000,0,,否,,2.58,1.87,,,123.3969,107.3333,
711518,方土昶永豐61購01,2026-09-08,1.45,0.02,1.4,7000000,0,,否,,1.49,1.71,,,-23.0372,,
711519,亞電永豐64購01,2026-09-08,2.69,-0.23,-7.88,414000000,0,,是,,2.64,2.24,,,43.7432,,
711524,世界國泰62購04,2026-09-08,0.97,-0.02,-2.02,60000000,0,,否,,0.96,1.03,,,-13.3574,,
711526,亞電國泰62購01,2026-09-08,3.77,0.0,0.0,22000000,0,,是,,3.62,3.0,,,51.6345,50.1751,
711528,漢科國泰62購01,2026-09-08,0.95,-0.04,-4.04,20000000,0,,否,,1.14,,,,,,
711529,千附精富邦61購01,2026-09-08,0.78,-0.08,-9.3,263000000,0,,否,,0.76,0.69,,,22.2581,19.6181,
711530,立碁富邦61購02,2026-09-08,1.56,-0.22,-12.36,15000000,0,,否,,1.71,1.53,,,26.2537,26.2551,
711533,朋程富邦63購04,2026-09-08,0.42,-0.03,-6.67,104000000,0,,否,,0.47,0.49,,,-5.9761,2.5263,
711534,欣銓富邦61購02,2026-09-08,0.62,0.06,10.71,3000000,0,,否,,0.58,0.58,,,0.6969,,
711535,長科*富邦62購02,2026-09-08,0.59,-0.06,-9.23,40000000,0,,否,,0.64,0.64,,,-0.6231,,
711536,富喬富邦61購03,2026-09-08,1.74,0.14,8.75,277000000,0,,否,,1.54,1.36,,,30.339,,
711538,陽程富邦61購03,2026-09-08,1.47,-0.08,-5.16,240000000,0,,是,,1.62,1.63,,,-1.9394,42.4586,
711539,群聯富邦63購03,2026-09-08,1.11,-0.03,-2.63,151000000,0,,是,,1.1,1.13,,,-5.026,10.4024,
711542,譜瑞富邦63購02,2026-09-08,0.48,-0.06,-11.11,13000000,0,,是,,0.54,0.56,,,-6.2069,-5.0676,
711543,M31國票65購01,2026-09-08,1.75,0.22,14.38,6000000,0,,否,,1.73,,,,,,
711545,禾瑞亞國票61購01,2026-09-08,0.7,-0.07,-9.09,12000000,0,,是,,,,,,,,
711546,亞電國票61購01,2026-09-08,5.35,-0.6,-10.08,57000000,0,,是,,5.37,4.42,,,54.3416,34.4377,
711548,榮田國票61購01,2026-09-08,1.38,0.18,15.0,47000000,0,,,,,,,,,,
711550,群聯群益61購09,2026-09-08,4.37,-0.09,-2.02,66000000,0,,否,,4.3,4.48,,,-7.6428,-1.3867,
711551,千附精國票64購01,2026-09-08,1.76,-0.29,-14.15,204000000,0,,否,,1.8,1.65,,,19.8402,,
711552,立碁國票65購01,2026-09-08,4.3,-0.43,-9.09,2000000,0,,否,,4.67,4.28,,,20.1235,,
711554,亞電國票64購01,2026-09-08,2.85,-0.32,-10.09,31000000,0,,否,,2.89,2.33,,,63.4202,54.4489,
711555,宜鼎國票66購01,2026-09-08,1.17,-0.07,-5.65,224000000,0,,是,,1.24,1.28,,,-6.6465,,
711558,頎邦國票66購01,2026-09-08,1.45,-0.04,-2.68,514000000,0,,是,,1.45,1.32,,,22.0911,22.6257,
711564,青雲台新61購01,2026-09-08,0.78,0.02,2.63,9000000,0,,否,,0.86,0.79,,,17.8571,1.148,
711566,千附精凱基61購04,2026-09-08,1.87,-0.38,-16.89,18000000,0,,否,,1.88,1.74,,,18.4906,17.4442,
711567,世界凱基61購03,2026-09-08,1.37,-0.06,-4.2,72000000,0,,是,,1.37,1.44,,,-9.2961,-4.0748,
711568,亞電凱基61購01,2026-09-08,3.49,-0.22,-5.93,162000000,0,,是,,3.34,2.72,,,59.6558,53.9683,
711570,陽程凱基63購03,2026-09-08,3.73,-0.09,-2.36,5000000,0,,否,,4.11,3.59,,,33.9414,,
711571,群聯凱基66購02,2026-09-08,2.72,-0.06,-2.16,137000000,0,,是,,2.64,2.72,,,-5.3686,-0.4394,
711573,群聯永豐67購03,2026-09-08,1.51,0.01,0.67,13000000,0,,否,,1.47,1.52,,,-5.5199,-0.066,
711575,元太元大66購04,2026-09-08,0.99,0.0,0.0,1000000,0,,否,,1.01,1.09,,,-13.5506,-18.6377,
711576,均豪元大61購03,2026-09-08,3.83,-0.54,-12.36,65000000,0,,是,,3.92,3.64,,,16.9249,,
711580,群聯元大61購19,2026-09-08,1.86,0.01,0.54,50000000,0,,否,,1.81,1.87,,,-6.3212,-0.8488,
711581,群聯元大63購05,2026-09-08,1.92,0.09,4.92,74000000,0,,否,,1.81,1.84,,,-3.7234,3.7099,
711582,聖暉*元大61購03,2026-09-08,0.31,-0.03,-8.82,5000000,0,,否,,0.32,0.4,,,-33.8912,,
711586,千附精國泰62購02,2026-09-08,2.41,-0.27,-10.07,200000000,0,,是,,2.34,2.19,,,15.2409,27.4156,
711591,群聯國泰62購06,2026-09-08,2.38,-0.03,-1.24,199000000,0,,是,,2.34,2.4,,,-4.4082,0.8418,
711592,雙鴻國泰62購01,2026-09-08,8.75,-2.35,-21.17,11000000,0,,否,,7.72,,,,,,
711596,M31富邦63購02,2026-09-08,1.0,0.15,17.65,1611000000,0,,是,,0.9,0.94,,,-7.9592,,
711597,久元富邦62購02,2026-09-08,0.57,-0.02,-3.39,47000000,0,,否,,0.6,0.59,,,1.0169,,
711599,宏捷科富邦63購01,2026-09-08,0.59,-0.03,-4.84,42000000,0,,否,,0.63,0.65,,,-6.006,-7.8459,
711600,威剛富邦61購01,2026-09-08,0.81,0.06,8.0,10000000,0,,否,,0.74,0.79,,,-12.5592,-7.5935,
711601,茂達富邦63購03,2026-09-08,0.54,-0.08,-12.9,614000000,0,,否,,0.6,0.63,,,-9.0634,-4.6757,
711602,頎邦富邦62購01,2026-09-08,0.76,-0.05,-6.17,682000000,0,,否,,0.77,0.69,,,27.3927,21.9469,
711603,頎邦富邦63購02,2026-09-08,0.74,-0.05,-6.33,2288000000,0,,是,,0.74,0.66,,,27.0548,22.3247,
711606,由田凱基61購01,2026-09-08,2.16,-0.24,-10.0,220000000,0,,否,,2.54,2.56,,,-1.4752,27.7861,
711607,宜鼎凱基65購01,2026-09-08,1.89,-0.08,-4.06,160000000,0,,否,,2.09,2.26,,,-14.0509,,
711609,青雲凱基61購02,2026-09-08,1.06,-0.04,-3.64,210000000,0,,是,,1.12,1.14,,,-4.4521,,
711610,家登凱基61購03,2026-09-08,2.05,0.05,2.5,49000000,0,,否,,1.91,,,,,,
711612,雙鴻凱基61購08,2026-09-08,4.46,-1.29,-22.43,19000000,0,,否,,5.08,3.69,,,121.0618,,
711613,世界台新61購03,2026-09-08,1.07,-0.07,-6.14,483000000,0,,是,,1.13,1.29,,,-22.8767,,
711614,台嘉碩台新61購04,2026-09-08,1.41,-0.26,-15.57,165000000,0,,是,,1.54,1.51,,,3.3602,1.204,
711617,M31元大61購02,2026-09-08,1.82,0.27,17.42,3000000,0,,否,,1.72,1.88,,,-16.2109,,
711618,千附精元大61購03,2026-09-08,0.8,-0.13,-13.98,62000000,0,,否,,0.82,0.76,,,16.5714,15.5488,
711619,元太元大66購05,2026-09-08,0.88,-0.02,-2.22,174000000,0,,否,,0.97,1.12,,,-23.817,,
711620,世禾元大61購01,2026-09-08,0.74,-0.06,-7.5,3000000,0,,否,,0.8,,,,,,
711621,世界元大61購02,2026-09-08,1.26,-0.05,-3.82,343000000,0,,是,,1.24,1.28,,,-6.9173,-9.8947,
711624,欣銓元大67購02,2026-09-08,1.89,0.09,5.0,1000000,0,,否,,1.81,1.7,,,13.9447,7.5126,
711626,家登元大61購06,2026-09-08,1.67,0.14,9.15,168000000,0,,否,,1.47,1.4,,,10.0299,13.3279,
711627,家登元大65購01,2026-09-08,1.6,0.06,3.9,125000000,0,,是,,1.54,1.44,,,15.2695,14.4904,
711629,臺慶科元大61購06,2026-09-08,1.2,-0.11,-8.4,172000000,0,,否,,1.26,1.37,,,-14.9596,-4.1201,
711630,世界群益61購05,2026-09-08,3.65,-0.2,-5.19,284000000,0,,是,,3.65,3.87,,,-10.8993,-8.8145,
711631,由田群益61購01,2026-09-08,2.42,-0.26,-9.7,167000000,0,,否,,2.78,2.91,,,-8.4377,,
711633,群聯群益65購01,2026-09-08,4.72,0.05,1.07,235000000,0,,是,,4.61,4.75,,,-5.8463,14.4613,
711634,頎邦群益61購03,2026-09-08,2.16,-0.15,-6.49,434000000,0,,是,,2.19,1.97,,,24.8575,20.0974,
711637,安勤國票65購01,2026-09-08,0.49,-0.05,-9.26,7000000,0,,否,,0.62,,,,,,
711639,威剛國票64購01,2026-09-08,1.9,0.13,7.34,8000000,0,,否,,1.77,1.87,,,-10.7071,,
711640,茂訊國票65購02,2026-09-08,0.55,-0.03,-5.17,10000000,0,,否,,,,,,,,
711645,精確國票65購01,2026-09-08,0.62,-0.01,-1.59,15000000,0,,否,,0.64,,,,,,
711646,銳澤國票65購01,2026-09-08,0.71,-0.03,-4.05,6000000,0,,,,,,,,,,
711647,家登富邦63購02,2026-09-08,1.07,0.08,8.08,79000000,0,,否,,1.01,0.87,,,37.2283,32.0726,
711650,威剛國泰62購02,2026-09-08,2.63,0.21,8.68,11000000,0,,否,,2.42,2.51,,,-7.433,-2.71,
711651,家登國泰62購02,2026-09-08,1.74,0.16,10.13,23000000,0,,否,,1.31,,,,,,
711653,勤凱國泰62購01,2026-09-08,1.39,0.0,0.0,542000000,0,,是,,1.37,1.3,,,11.7647,9.7375,
711654,由田統一67購01,2026-09-08,0.77,-0.05,-6.1,88000000,0,,否,,0.85,0.86,,,-2.5229,11.6732,
711655,由田統一6C購01,2026-09-08,0.8,-0.02,-2.44,400000000,0,,是,,0.85,0.78,,,19.774,,
711656,立碁統一67購02,2026-09-08,0.99,-0.07,-6.6,317000000,0,,否,,1.05,0.98,,,14.8472,14.0209,
711657,立碁統一69購01,2026-09-08,1.06,-0.07,-6.19,274000000,0,,是,,1.15,1.05,,,19.6242,,
711661,天品永豐64購01,2026-09-08,0.71,0.01,1.43,93000000,0,,否,,0.71,,,,,,
711662,世紀*永豐61購02,2026-09-08,8.85,1.25,16.45,4000000,0,,否,,7.3,6.55,,,25.8187,83.296,
711663,巨有永豐64購01,2026-09-08,1.17,0.15,14.71,5000000,0,,否,,0.99,0.95,,,6.9414,,
711664,禾瑞亞永豐61購01,2026-09-08,0.69,-0.04,-5.48,2000000,0,,否,,0.87,,,,,,
711667,亞信永豐61購01,2026-09-08,0.63,-0.09,-12.5,16000000,0,,否,,0.71,,,,,,
711670,原相永豐61購04,2026-09-08,1.47,-0.14,-8.7,24000000,0,,否,,1.76,,,,,,
711671,家登永豐61購05,2026-09-08,3.6,0.32,9.76,56000000,0,,否,,3.3,,,,,,
711672,振曜永豐64購01,2026-09-08,0.54,-0.04,-6.9,122000000,0,,是,,0.6,0.65,,,-14.2857,,
711673,博士旺永豐67購01,2026-09-08,1.07,-0.05,-4.46,20000000,0,,是,,1.02,,,,,,
711676,順達永豐67購02,2026-09-08,1.96,-0.13,-6.22,10000000,0,,否,,2.15,1.97,,,19.9777,,
711680,高技台新61購01,2026-09-08,1.4,-0.2,-12.5,391000000,0,,否,,1.51,1.43,,,12.5,10.0154,
711681,高技台新61購02,2026-09-08,1.39,-0.11,-7.33,97000000,0,,否,,1.58,1.46,,,18.5907,,
711689,宜鼎凱基65購02,2026-09-08,1.25,-0.1,-7.41,18000000,0,,否,,1.38,1.51,,,-16.707,,
711690,翔名凱基61購03,2026-09-08,0.48,-0.01,-2.04,70000000,0,,是,,,,,,,,
711691,鈊象凱基61購04,2026-09-08,1.06,-0.01,-0.93,42000000,0,,否,,1.04,1.25,,,-29.1553,,
711693,世界元大61購03,2026-09-08,1.03,-0.07,-6.36,496000000,0,,是,,1.03,1.06,,,-5.6569,-8.5052,
711694,世界元大61購04,2026-09-08,0.52,-0.05,-8.77,5000000,0,,否,,0.54,0.68,,,-34.5411,,
711696,欣銓元大67購03,2026-09-08,1.17,-0.04,-3.31,14000000,0,,否,,1.28,1.39,,,-14.4385,,
711697,泓格元大61購01,2026-09-08,0.4,0.0,0.0,165000000,0,,否,,0.42,0.58,,,-42.2343,,
711698,家登元大61購07,2026-09-08,1.18,0.09,8.26,84000000,0,,否,,1.09,1.05,,,8.3665,13.6957,
711699,家登元大61購08,2026-09-08,1.31,0.06,4.8,138000000,0,,否,,1.2,1.09,,,23.1084,,
711701,高技元大61購01,2026-09-08,1.36,-0.18,-11.69,214000000,0,,否,,1.5,1.42,,,12.1257,,
711703,群聯元大64購09,2026-09-08,2.07,0.05,2.48,50000000,0,,否,,2.01,2.06,,,-5.4665,0.9291,
711709,高技國票65購01,2026-09-08,1.13,-0.12,-9.6,81000000,0,,是,,1.24,1.16,,,15.4275,,
711710,世界群益61購06,2026-09-08,4.09,-0.01,-0.24,12000000,0,,否,,4.05,4.37,,,-13.6344,,
711711,欣銓群益61購02,2026-09-08,1.19,0.02,1.71,8000000,0,,否,,1.19,1.23,,,-5.2464,,
711712,威剛群益63購01,2026-09-08,3.44,0.1,2.99,53000000,0,,否,,3.27,3.41,,,-7.991,,
711713,高技群益61購01,2026-09-08,1.03,-0.06,-5.5,181000000,0,,否,,1.11,1.08,,,5.3232,6.7194,
711714,鈊象群益61購03,2026-09-08,0.94,-0.02,-2.08,21000000,0,,否,,0.96,1.08,,,-20.5638,-27.6254,
711715,群聯群益65購02,2026-09-08,2.15,-0.03,-1.38,120000000,0,,是,,2.15,2.18,,,-2.8933,7.6543,
711716,頎邦群益61購04,2026-09-08,1.16,0.0,0.0,479000000,0,,是,,1.13,1.0,,,30.6452,23.8861,
711718,營邦群益61購01,2026-09-08,2.28,-0.13,-5.39,295000000,0,,否,,2.25,1.89,,,47.1822,44.5211,
711721,威剛中信61購02,2026-09-08,0.6,0.0,0.0,1727000000,0,,是,,0.58,0.62,,,-10.1538,-7.218,
711723,元太永豐61購06,2026-09-08,0.61,-0.04,-6.15,101000000,0,,是,,0.67,0.86,,,-35.3167,,
711730,群翊永豐61購02,2026-09-08,1.23,0.03,2.5,3000000,0,,否,,1.31,1.29,,,2.5039,,
711731,群聯永豐67購04,2026-09-08,1.44,0.03,2.13,22000000,0,,否,,1.45,,,,,,
711737,由田統一65購01,2026-09-08,0.89,-0.03,-3.26,205000000,0,,否,,0.98,1.01,,,-6.501,,
711741,高技統一67購01,2026-09-08,0.68,0.0,0.0,10000000,0,,否,,0.68,0.66,,,8.254,,
711742,高技統一69購01,2026-09-08,0.68,-0.02,-2.86,42000000,0,,否,,0.68,0.66,,,4.3077,,
711743,高技統一6C購01,2026-09-08,0.69,0.0,0.0,37000000,0,,否,,0.67,,,,,,
711747,敘豐台新61購01,2026-09-08,0.7,-0.01,-1.41,7000000,0,,否,,0.8,0.85,,,-10.6667,,
711749,群聯台新61購08,2026-09-08,7.0,-0.2,-2.78,2000000,0,,否,,6.83,7.11,,,-7.4526,-0.7543,
711751,群聯台新64購01,2026-09-08,6.25,-0.15,-2.34,130000000,0,,是,,6.2,6.37,,,-5.0536,0.1889,
711752,雙鴻台新61購03,2026-09-08,13.7,-2.5,-15.43,2000000,0,,否,,14.92,10.72,,,128.4839,,
711756,威剛凱基61購07,2026-09-08,2.63,0.24,10.04,17000000,0,,否,,2.44,2.57,,,-9.7109,-3.2416,
711757,家登凱基61購04,2026-09-08,1.33,0.16,13.68,152000000,0,,是,,1.15,,,,,,
711758,高技凱基61購01,2026-09-08,1.35,-0.11,-7.53,7000000,0,,否,,1.46,1.41,,,7.2059,17.0266,
711760,群聯凱基61購12,2026-09-08,1.94,0.01,0.52,15000000,0,,否,,1.95,2.05,,,-9.2093,,
711764,天正國票68購01,2026-09-08,0.82,0.03,3.8,8000000,0,,否,,0.79,,,,,,
711765,好德國票61購01,2026-09-08,0.46,-0.04,-8.0,85000000,0,,否,,0.53,0.55,,,-9.2784,-1.421,
711766,系微國票65購01,2026-09-08,0.83,0.17,25.76,49000000,0,,是,,0.78,,,,,,
711768,富喬國票61購02,2026-09-08,6.3,0.9,16.67,13000000,0,,否,,5.28,4.48,,,43.7126,,
711769,富喬國票63購01,2026-09-08,6.45,0.35,5.74,8000000,0,,否,,5.64,5.02,,,28.3311,49.3456,
711770,達航國票65購01,2026-09-08,0.84,0.05,6.33,146000000,0,,否,,0.81,0.74,,,18.4751,,
711771,蜜望實國票61購01,2026-09-08,1.09,-0.23,-17.42,10000000,0,,否,,1.21,1.23,,,-3.52,,
711775,家登群益63購03,2026-09-08,1.39,0.14,11.2,40000000,0,,否,,1.02,,,,,,
711778,臺慶科群益61購02,2026-09-08,0.9,-0.09,-9.09,51000000,0,,否,,0.98,1.08,,,-17.8451,,
711779,蜜望實群益61購01,2026-09-08,1.07,-0.13,-10.83,132000000,0,,否,,1.16,1.24,,,-11.9879,,
711782,元太元大65購04,2026-09-08,0.68,-0.03,-4.23,247000000,0,,否,,0.74,0.84,,,-21.4437,,
711783,立碁元大61購01,2026-09-08,1.85,-0.32,-14.75,111000000,0,,是,,2.08,1.9,,,20.979,23.4375,
711785,泓格元大61購02,2026-09-08,0.45,-0.01,-2.17,203000000,0,,是,,0.49,,,,,,
711787,群聯元大64購10,2026-09-08,2.23,0.06,2.76,7000000,0,,否,,2.15,2.22,,,-6.0367,0.3167,
711791,營邦元大61購04,2026-09-08,1.22,-0.09,-6.87,30000000,0,,否,,1.25,1.05,,,46.1358,36.3165,
711793,立碁永豐61購02,2026-09-08,2.03,0.03,1.5,3000000,0,,否,,2.27,,,,,,
711794,全宇昕永豐61購02,2026-09-08,0.93,-0.09,-8.82,23000000,0,,否,,1.07,1.06,,,0.3766,,
711796,宏碁資永豐61購01,2026-09-08,0.59,0.03,5.36,200000000,0,,否,,0.69,,,,,,
711800,高技永豐61購01,2026-09-08,1.01,-0.06,-5.61,107000000,0,,是,,1.04,0.98,,,12.6087,11.6438,
711801,高技永豐61購02,2026-09-08,0.96,-0.04,-4.0,44000000,0,,否,,1.02,0.99,,,7.1429,,
711802,高技永豐63購01,2026-09-08,1.07,-0.05,-4.46,127000000,0,,否,,1.1,1.05,,,11.9675,,
711804,高鋒永豐61購01,2026-09-08,0.91,-0.08,-8.08,54000000,0,,否,,1.02,0.98,,,6.9474,,
711805,凱崴永豐61購02,2026-09-08,1.37,-0.25,-15.43,171000000,0,,否,,1.47,1.51,,,-4.5337,,
711806,富喬永豐61購04,2026-09-08,4.81,0.75,18.47,5000000,0,,否,,4.06,3.29,,,61.5262,,
711807,崴寶永豐64購01,2026-09-08,1.1,-0.17,-13.39,6000000,0,,否,,1.19,,,,,,
711810,僑威永豐61購01,2026-09-08,0.47,-0.01,-2.08,30000000,0,,否,,0.6,,,,,,
711812,蜜望實永豐61購03,2026-09-08,0.77,-0.1,-11.49,515000000,0,,是,,0.85,0.88,,,-6.1947,,
711815,頎邦國泰63購01,2026-09-08,1.93,0.07,3.76,140000000,0,,否,,1.78,1.59,,,27.4286,,
711816,頎邦國泰63購02,2026-09-08,1.77,0.08,4.73,115000000,0,,否,,1.63,1.42,,,35.6073,,
711819,宜鼎富邦67購01,2026-09-08,0.85,0.03,3.66,10000000,0,,否,,0.89,0.94,,,-9.9391,,
711820,富喬富邦67購01,2026-09-08,2.03,0.12,6.28,23000000,0,,否,,1.84,1.53,,,50.3268,,
711821,蜜望實富邦63購01,2026-09-08,0.53,-0.05,-8.62,692000000,0,,否,,0.56,0.56,,,-1.0676,-4.4444,
711829,泓格群益61購02,2026-09-08,0.71,-0.06,-7.79,25000000,0,,否,,0.81,,,,,,
711832,天品國票61購02,2026-09-08,0.8,0.02,2.56,20000000,0,,否,,0.78,0.83,,,-9.4688,,
711833,天品國票63購01,2026-09-08,0.68,0.0,0.0,210000000,0,,是,,0.68,0.71,,,-7.8167,,
711834,方土昶國票65購01,2026-09-08,0.92,-0.05,-5.15,120000000,0,,否,,0.96,1.05,,,-15.7343,,
711836,倚強國票61購01,2026-09-08,2.11,-0.34,-13.88,38000000,0,,否,,2.31,1.97,,,42.3124,,
711837,智通*國票61購03,2026-09-08,0.84,-0.01,-1.18,5000000,0,,否,,0.89,,,,,,
711839,穩得國票61購01,2026-09-08,1.4,-0.15,-9.68,29000000,0,,否,,1.58,1.66,,,-9.2784,,
711842,中美晶永豐64購03,2026-09-08,1.33,-0.01,-0.75,5000000,0,,否,,1.36,,,,,,
711844,安勤永豐61購01,2026-09-08,0.39,0.0,0.0,25000000,0,,否,,,,,,,,
711845,岱稜永豐61購01,2026-09-08,0.53,-0.01,-1.85,20000000,0,,否,,0.57,,,,,,
711849,頎邦永豐63購01,2026-09-08,1.63,-0.04,-2.4,61000000,0,,否,,1.61,1.41,,,33.7209,33.6182,
711851,雙鴻永豐61購06,2026-09-08,2.99,-0.29,-8.84,11000000,0,,否,,2.07,,,,,,
711853,中美晶元大67購01,2026-09-08,0.49,0.0,0.0,30000000,0,,否,,0.5,0.5,,,-3.125,,
711854,安勤元大61購01,2026-09-08,0.3,-0.03,-9.09,67000000,0,,否,,0.54,0.82,,,-51.5371,,
711856,欣銓元大65購01,2026-09-08,1.45,-0.02,-1.36,35000000,0,,否,,1.47,1.4,,,10.8271,5.1763,
711857,泓格元大67購01,2026-09-08,0.73,-0.03,-3.95,25000000,0,,否,,0.76,0.82,,,-14.2857,,
711860,群聯元大64購11,2026-09-08,1.51,-0.02,-1.31,22000000,0,,否,,1.54,1.58,,,-4.7088,,
711861,廣積元大61購01,2026-09-08,0.52,-0.05,-8.77,400000000,0,,是,,0.56,0.73,,,-38.5463,,
711863,雙鴻元大61購18,2026-09-08,1.99,-0.45,-18.44,5000000,0,,否,,1.97,1.52,,,84.2697,56.1728,
711864,雙鴻元大63購04,2026-09-08,1.25,-0.16,-11.35,25000000,0,,否,,1.4,1.08,,,82.7676,,
711868,頎邦台新61購07,2026-09-08,2.43,-0.05,-2.02,102000000,0,,否,,2.41,2.1,,,35.3535,29.0462,
711869,蜜望實台新61購01,2026-09-08,1.45,-0.16,-9.94,99000000,0,,否,,1.53,1.53,,,1.1873,-1.5494,
711874,立碁凱基61購01,2026-09-08,1.34,-0.24,-15.19,141000000,0,,否,,1.53,,,,,,
711875,宜鼎凱基61購06,2026-09-08,1.27,-0.07,-5.22,33000000,0,,否,,1.29,1.5,,,-24.7086,-8.1246,
711878,頎邦凱基61購06,2026-09-08,2.23,-0.1,-4.29,168000000,0,,否,,2.26,2.0,,,30.3345,,
711880,營邦凱基61購04,2026-09-08,2.95,-0.12,-3.91,13000000,0,,否,,2.86,2.28,,,69.1489,43.8408,
711881,雙鴻凱基63購04,2026-09-08,2.9,-0.68,-18.99,20000000,0,,否,,2.53,2.07,,,57.6588,,
711883,立碁國泰63購01,2026-09-08,2.89,-0.3,-9.4,108000000,0,,是,,3.2,2.93,,,20.3008,,
711885,富喬國泰63購01,2026-09-08,5.25,0.6,12.9,81000000,0,,是,,5.01,3.94,,,74.4251,,
711887,智通*國泰63購01,2026-09-08,1.17,-0.03,-2.5,76000000,0,,是,,1.19,1.18,,,0.8503,,
711891,中美晶富邦77購01,2026-09-08,0.84,-0.01,-1.18,8000000,0,,否,,0.85,,,,,,
711893,世界富邦67購01,2026-09-08,0.64,-0.01,-1.54,74000000,0,,否,,0.63,0.65,,,-7.9179,,
711894,高技富邦63購01,2026-09-08,0.76,-0.03,-3.8,481000000,0,,否,,0.8,0.76,,,11.0497,11.6959,
711896,高技統一67購02,2026-09-08,0.75,-0.04,-5.06,63000000,0,,否,,0.76,0.74,,,7.0028,,
711897,蜜望實統一67購01,2026-09-08,0.6,-0.03,-4.76,51000000,0,,否,,0.62,0.61,,,1.9737,,
711899,中美晶群益61購03,2026-09-08,1.21,-0.02,-1.63,254000000,0,,是,,1.27,,,,,,
711900,元太群益61購01,2026-09-08,1.19,-0.01,-0.83,37000000,0,,否,,1.31,1.58,,,-28.973,,
711901,高技群益61購02,2026-09-08,1.77,-0.08,-4.32,843000000,0,,否,,1.89,1.81,,,9.0069,,
711905,中光電凱基61購08,2026-09-08,0.78,-0.1,-11.36,40000000,0,,是,,1.22,,,,,,
711906,中美晶凱基61購12,2026-09-08,1.23,-0.08,-6.11,89000000,0,,是,,1.24,1.28,,,-5.9181,,
711907,立碁凱基61購02,2026-09-08,1.59,-0.09,-5.36,3000000,0,,否,,1.71,,,,,,
711909,欣銓凱基65購01,2026-09-08,1.34,-0.06,-4.29,363000000,0,,是,,1.41,1.38,,,3.8348,,
711911,威剛凱基63購01,2026-09-08,1.55,0.16,11.51,33000000,0,,否,,1.55,,,,,,
711912,振發凱基61購01,2026-09-08,1.75,-0.08,-4.37,20000000,0,,是,,1.89,1.89,,,0.0,,
711916,M31台新67購01,2026-09-08,2.05,0.34,19.88,225000000,0,,是,,1.77,1.77,,,0.453,,
711917,世界台新61購04,2026-09-08,1.27,-0.07,-5.22,328000000,0,,是,,1.27,1.32,,,-7.0381,,
711919,群聯台新67購06,2026-09-08,3.32,0.06,1.84,26000000,0,,是,,3.21,3.31,,,-6.3668,,
711920,M31元大61購03,2026-09-08,1.47,0.24,19.51,4000000,0,,否,,1.44,,,,,,
711921,中美晶元大61購10,2026-09-08,0.93,-0.04,-4.12,3000000,0,,否,,0.98,1.01,,,-6.6922,,
711923,立碁元大61購02,2026-09-08,1.54,-0.1,-6.1,228000000,0,,是,,1.64,1.46,,,28.2812,21.5474,
711924,宜鼎元大61購11,2026-09-08,1.25,-0.07,-5.3,20000000,0,,否,,1.29,1.43,,,-18.1472,-5.5372,
711925,泓格元大61購03,2026-09-08,0.6,-0.01,-1.64,237000000,0,,是,,0.64,0.91,,,-45.0342,,
711926,威剛元大61購07,2026-09-08,2.1,0.11,5.53,181000000,0,,否,,2.01,2.06,,,-4.6402,,
711927,鈊象元大61購02,2026-09-08,1.08,-0.03,-2.7,70000000,0,,否,,1.09,1.17,,,-13.8095,-28.9521,
711928,群聯元大61購21,2026-09-08,1.51,-0.02,-1.31,250000000,0,,否,,1.52,1.57,,,-5.5831,,
711929,群聯元大63購06,2026-09-08,1.39,0.02,1.46,61000000,0,,否,,1.35,1.41,,,-7.2603,,
711931,世界永豐64購01,2026-09-08,1.33,-0.06,-4.32,91000000,0,,是,,1.33,1.38,,,-7.5104,,
711933,宜鼎永豐63購03,2026-09-08,1.36,-0.09,-6.21,75000000,0,,否,,1.75,,,,,,
711934,鈊象永豐61購02,2026-09-08,1.04,-0.02,-1.89,2000000,0,,否,,1.05,1.22,,,-24.3902,,
711937,立碁國票64購01,2026-09-08,1.42,-0.15,-9.55,42000000,0,,否,,1.51,1.4,,,17.0807,,
711938,泓格國票61購02,2026-09-08,0.64,-0.04,-5.88,100000000,0,,否,,0.71,,,,,,
711941,頎邦國票63購01,2026-09-08,1.69,-0.11,-6.11,1266000000,0,,否,,1.7,,,,,,
711944,晟田國泰63購01,2026-09-08,0.85,-0.03,-3.41,65000000,0,,否,,0.94,1.05,,,-20.0,-12.0301,
711945,立碁富邦61購03,2026-09-08,0.8,-0.12,-13.04,202000000,0,,否,,0.91,0.84,,,18.75,,
711946,威剛富邦64購02,2026-09-08,0.7,0.02,2.94,444000000,0,,是,,0.71,0.76,,,-11.9403,,
711947,頎邦統一6A購01,2026-09-08,0.98,-0.05,-4.85,945000000,0,,是,,1.0,0.9,,,24.5,,
711949,正德國票62購01,2026-09-08,1.18,-0.06,-4.84,4000000,0,,否,,1.22,1.32,,,-14.4663,1.6154,
711950,威剛國票62購03,2026-09-08,1.6,0.03,1.91,25000000,0,,否,,1.53,1.62,,,-10.943,,
711953,群聯國票62購02,2026-09-08,1.45,0.04,2.84,20000000,0,,是,,1.46,,,,,,
711954,世界中信62購01,2026-09-08,0.35,0.0,0.0,20000000,0,,否,,0.49,,,,,,
711955,宜鼎永豐63購04,2026-09-08,2.0,0.02,1.01,10000000,0,,否,,2.11,2.24,,,-10.952,,
711958,台嘉碩國泰63購01,2026-09-08,2.04,-0.14,-6.42,69000000,0,,否,,2.08,,,,,,
711959,宜鼎國泰63購01,2026-09-08,2.49,-0.18,-6.74,20000000,0,,否,,2.53,2.83,,,-19.2087,,
711962,群聯富邦63購05,2026-09-08,1.39,0.0,0.0,74000000,0,,否,,1.42,1.42,,,0.2829,,
711967,M31台新62購02,2026-09-08,1.6,0.23,16.79,114000000,0,,是,,1.63,,,,,,
711969,元太凱基65購01,2026-09-08,1.01,-0.07,-6.48,133000000,0,,是,,1.13,1.24,,,-16.2482,,
711971,威剛凱基63購02,2026-09-08,2.53,0.06,2.43,25000000,0,,是,,2.4,2.51,,,-8.2632,,
711972,高技凱基62購01,2026-09-08,2.39,-0.16,-6.27,361000000,0,,是,,2.61,2.51,,,8.5548,8.7013,
711973,富喬凱基62購02,2026-09-08,9.6,1.05,12.28,5000000,0,,是,,7.95,,,,,,
711975,頎邦凱基63購02,2026-09-08,3.64,0.11,3.12,1000000,0,,否,,3.48,3.06,,,31.9939,,
711978,雙鴻凱基62購01,2026-09-08,6.3,-1.2,-16.0,1000000,0,,否,,7.15,5.1,,,134.8883,,
711980,M31元大65購01,2026-09-08,1.03,0.16,18.39,239000000,0,,否,,0.94,,,,,,
711981,巨漢元大62購01,2026-09-08,1.3,-0.03,-2.26,2000000,0,,否,,1.3,1.36,,,-8.3099,,
711982,良維元大62購01,2026-09-08,1.82,-0.12,-6.19,110000000,0,,否,,1.86,1.7,,,21.1964,15.5571,
711983,威剛元大62購03,2026-09-08,2.22,0.0,0.0,102000000,0,,否,,2.23,2.32,,,-7.3859,,
711987,鈊象元大62購06,2026-09-08,1.5,-0.06,-3.85,38000000,0,,否,,1.54,1.68,,,-14.6961,,
711988,群聯元大62購04,2026-09-08,2.21,0.06,2.79,339000000,0,,是,,2.13,2.17,,,-3.4451,,
711989,中光電永豐63購01,2026-09-08,1.45,-0.31,-17.61,56000000,0,,是,,2.44,,,,,,
711990,家登永豐63購01,2026-09-08,4.68,0.14,3.08,55000000,0,,,,,,,,,,
711992,富喬永豐68購02,2026-09-08,5.3,0.53,11.11,5000000,0,,否,,3.83,,,,,,
711994,新應材群益62購01,2026-09-08,1.65,0.08,5.1,20000000,0,,否,,1.66,1.84,,,-17.8218,,
711995,中美晶台新62購01,2026-09-08,1.11,-0.01,-0.89,20000000,0,,否,,1.1,1.12,,,-3.4965,,
712000,臺慶科台新62購01,2026-09-08,1.85,-0.26,-12.32,3000000,0,,否,,1.99,2.07,,,-7.5349,,
712002,中美晶凱基63購04,2026-09-08,1.88,-0.06,-3.09,2000000,0,,否,,1.92,1.97,,,-5.0495,,
712003,巨漢凱基63購01,2026-09-08,1.48,-0.09,-5.73,68000000,0,,否,,1.57,,,,,,
712004,良維凱基63購01,2026-09-08,2.67,-0.1,-3.61,2000000,0,,否,,2.61,2.28,,,34.8813,,
712005,博智凱基63購03,2026-09-08,2.85,-0.17,-5.63,6000000,0,,否,,3.03,2.87,,,11.7257,,
712007,鈊象凱基64購03,2026-09-08,2.16,0.02,0.93,21000000,0,,否,,2.15,2.36,,,-16.563,,
712011,世紀*國票66購01,2026-09-08,8.0,1.15,16.79,7000000,0,,否,,6.59,5.95,,,24.199,,
712014,沛亨國票66購01,2026-09-08,2.23,0.16,7.73,220000000,0,,是,,2.25,,,,,,
712016,順達國票65購02,2026-09-08,1.67,-0.05,-2.91,40000000,0,,否,,1.73,1.71,,,2.2485,,
712020,均華元大64購01,2026-09-08,3.09,-0.42,-11.97,134000000,0,,否,,3.24,2.81,,,36.2795,,
712021,均豪元大64購03,2026-09-08,1.54,-0.05,-3.14,204000000,0,,是,,1.5,1.43,,,9.824,,
712024,良維元大64購01,2026-09-08,1.4,-0.06,-4.11,42000000,0,,否,,1.41,1.26,,,25.089,,
712025,宜鼎元大64購01,2026-09-08,1.45,0.02,1.4,7000000,0,,否,,1.52,1.61,,,-10.7855,,
712027,鈊象元大63購06,2026-09-08,1.28,-0.01,-0.78,10000000,0,,否,,1.29,1.39,,,-13.3869,,
712028,鈊象元大63購07,2026-09-08,0.95,-0.02,-2.06,110000000,0,,否,,0.96,1.02,,,-10.7807,,
712030,新應材元大63購01,2026-09-08,2.35,0.08,3.52,62000000,0,,否,,2.34,2.28,,,5.4103,,
712031,新應材元大63購02,2026-09-08,2.05,-0.05,-2.38,119000000,0,,否,,2.08,2.12,,,-3.4291,,
712033,新應材元大64購01,2026-09-08,2.25,-0.11,-4.66,89000000,0,,是,,2.29,2.21,,,7.8008,,
712034,群聯元大63購07,2026-09-08,2.21,-0.01,-0.45,68000000,0,,是,,2.15,2.2,,,-4.8673,,
712035,群聯元大63購08,2026-09-08,2.71,0.14,5.45,2000000,0,,否,,2.54,2.59,,,-4.3019,,
712036,群聯元大64購12,2026-09-08,1.54,0.01,0.65,27000000,0,,否,,1.49,1.54,,,-6.6333,,
712038,聖暉*國泰63購01,2026-09-08,0.88,-0.07,-7.37,469000000,0,,是,,0.87,0.92,,,-10.6776,,
712039,M31富邦65購01,2026-09-08,0.86,0.18,26.47,194000000,0,,否,,0.81,,,,,,
712043,宏捷科國票69購01,2026-09-08,0.85,-0.06,-6.59,22000000,0,,否,,0.97,,,,,,
712044,高技國票65購02,2026-09-08,1.75,-0.12,-6.42,43000000,0,,否,,1.86,1.74,,,15.1177,,
712045,博磊國票66購01,2026-09-08,0.92,-0.06,-6.12,28000000,0,,是,,1.02,1.02,,,1.3889,,
712046,竑騰群益62購01,2026-09-08,2.74,-0.17,-5.84,50000000,0,,否,,2.88,,,,,,
712048,新應材群益62購02,2026-09-08,1.59,0.07,4.61,5000000,0,,否,,1.57,1.63,,,-7.109,,
712049,聖暉*群益62購01,2026-09-08,0.85,-0.13,-13.27,147000000,0,,是,,0.91,,,,,,
712052,中光電元大64購02,2026-09-08,0.57,-0.06,-9.52,278000000,0,,是,,0.74,,,,,,
712053,宜鼎元大63購05,2026-09-08,1.56,-0.05,-3.11,300000000,0,,是,,1.61,1.76,,,-15.6184,,
712054,宜鼎元大64購02,2026-09-08,1.38,-0.01,-0.72,326000000,0,,否,,1.4,1.52,,,-14.4078,,
712055,威剛元大63購01,2026-09-08,1.88,0.05,2.73,41000000,0,,否,,1.86,1.94,,,-8.1108,,
712056,威剛元大64購02,2026-09-08,1.69,0.11,6.96,8000000,0,,否,,1.64,1.69,,,-5.7604,,
712057,倉和元大63購01,2026-09-08,6.35,1.15,22.12,16000000,0,,否,,5.46,4.25,,,79.9737,,
712058,高技元大63購01,2026-09-08,2.75,-0.18,-6.14,121000000,0,,是,,2.87,2.7,,,13.6076,,
712060,智通*元大63購03,2026-09-08,2.67,-0.13,-4.64,29000000,0,,否,,2.82,,,,,,
712061,智通*元大64購01,2026-09-08,1.83,-0.07,-3.68,41000000,0,,否,,1.88,1.85,,,2.5137,,
712062,群聯元大63購09,2026-09-08,2.08,-0.03,-1.42,187000000,0,,是,,2.04,2.1,,,-4.8417,,
712064,廣穎元大63購01,2026-09-08,0.89,0.01,1.14,105000000,0,,否,,0.87,0.93,,,-11.3821,,
712066,雙鴻元大63購06,2026-09-08,4.33,0.64,17.34,1000000,0,,否,,3.22,2.23,,,157.28,,
712067,雙鴻元大64購03,2026-09-08,1.71,-0.33,-16.18,77000000,0,,否,,1.9,1.52,,,66.5499,,
712073,新應材國泰63購01,2026-09-08,2.73,-0.28,-9.3,11000000,0,,否,,2.85,2.8,,,3.7818,,
712075,新應材中信62購01,2026-09-08,1.09,0.05,4.81,281000000,0,,是,,1.05,1.06,,,-2.0484,,
712076,竑騰永豐63購01,2026-09-08,1.9,-0.3,-13.64,95000000,0,,是,,1.99,2.23,,,-18.8771,,
712077,博磊永豐63購01,2026-09-08,1.39,-0.05,-3.47,100000000,0,,是,,1.46,1.45,,,2.6648,,
712079,新應材永豐68購01,2026-09-08,0.84,0.0,0.0,15000000,0,,否,,0.86,,,,,,
712082,群聯永豐64購11,2026-09-08,2.33,0.07,3.1,20000000,0,,否,,2.26,2.33,,,-6.1462,,
712083,均華凱基64購01,2026-09-08,3.81,-0.53,-12.21,101000000,0,,否,,4.01,3.36,,,47.2794,,
712084,沛亨凱基63購01,2026-09-08,3.34,0.51,18.02,245000000,0,,是,,3.13,2.67,,,41.5009,,
712085,宜鼎凱基68購01,2026-09-08,2.44,-0.13,-5.06,489000000,0,,是,,2.54,2.79,,,-16.7433,,
712086,新應材凱基63購01,2026-09-08,1.78,-0.06,-3.26,53000000,0,,否,,1.82,1.77,,,5.8005,,
712087,新應材凱基63購02,2026-09-08,2.5,-0.25,-9.09,60000000,0,,是,,2.58,2.65,,,-5.1508,,
712088,新應材凱基63購03,2026-09-08,2.61,-0.18,-6.45,16000000,0,,否,,2.78,2.77,,,0.5797,,
712089,新應材凱基64購01,2026-09-08,2.32,-0.25,-9.73,460000000,0,,是,,2.51,2.5,,,0.8039,,
712090,群聯凱基63購05,2026-09-08,4.18,0.15,3.72,1000000,0,,否,,4.09,4.12,,,-1.1589,,
712091,臺慶科凱基63購02,2026-09-08,2.28,-0.24,-9.52,108000000,0,,是,,2.44,2.73,,,-19.2588,,
712093,譜瑞凱基63購01,2026-09-08,1.49,-0.18,-10.78,169000000,0,,是,,1.64,1.7,,,-6.3781,,
712094,世界台新65購01,2026-09-08,1.98,-0.13,-6.16,404000000,0,,是,,2.03,2.09,,,-5.6744,,
712096,均華台新62購01,2026-09-08,3.22,-0.11,-3.3,10000000,0,,否,,3.29,2.71,,,55.0847,,
712102,博磊台新62購01,2026-09-08,1.44,-0.14,-8.86,90000000,0,,否,,1.57,1.6,,,-4.2735,,
712104,聚和台新62購01,2026-09-08,1.39,-0.11,-7.33,35000000,0,,是,,1.51,1.51,,,-0.9198,,
712107,營邦台新65購01,2026-09-08,3.29,-0.14,-4.08,6000000,0,,否,,3.25,2.72,,,47.9053,,
712109,宜鼎富邦62購01,2026-09-08,1.11,-0.06,-5.13,96000000,0,,否,,1.18,1.28,,,-14.4718,,
712113,新應材富邦63購03,2026-09-08,1.02,-0.06,-5.56,363000000,0,,是,,1.03,1.05,,,-3.3645,,
712114,新應材富邦64購01,2026-09-08,0.93,-0.06,-6.06,550000000,0,,是,,0.98,,,,,,
712118,群聯統一6A購01,2026-09-08,1.14,0.04,3.64,211000000,0,,是,,1.1,1.11,,,-1.2522,,
712119,世禾國票66購01,2026-09-08,0.87,-0.07,-7.45,3000000,0,,否,,,,,,,,
712120,系統電國票67購01,2026-09-08,0.81,-0.03,-3.57,10000000,0,,否,,0.87,,,,,,
712121,系微國票65購02,2026-09-08,1.06,0.21,24.71,89000000,0,,,,,,,,,,
712126,順達國票67購01,2026-09-08,1.97,0.0,0.0,20000000,0,,否,,1.98,1.99,,,-1.6899,,
712127,廣穎國票65購02,2026-09-08,1.02,-0.01,-0.97,7000000,0,,否,,1.07,,,,,,
712131,新應材台新62購02,2026-09-08,2.71,-0.09,-3.21,10000000,0,,否,,2.79,2.79,,,-0.4286,,
712132,中光電元大64購03,2026-09-08,1.31,-0.11,-7.75,10000000,0,,否,,1.7,,,,,,
712133,中美晶元大64購04,2026-09-08,1.56,-0.01,-0.64,45000000,0,,否,,1.57,1.59,,,-2.7295,,
712137,營邦元大64購01,2026-09-08,2.46,-0.33,-11.83,12000000,0,,否,,2.35,2.06,,,32.9943,,
712139,富喬中信64購01,2026-09-08,2.59,0.01,0.39,20000000,0,,否,,2.57,2.34,,,21.9373,,
712143,宜鼎永豐64購03,2026-09-08,1.81,-0.07,-3.72,5000000,0,,否,,1.98,2.18,,,-16.2162,,
712146,耕興永豐63購01,2026-09-08,0.88,0.02,2.33,32000000,0,,是,,1.01,,,,,,
712147,晟德永豐63購01,2026-09-08,0.83,0.06,7.79,54000000,0,,是,,0.86,0.96,,,-18.6792,,
712148,頎邦永豐63購02,2026-09-08,2.54,-0.06,-2.31,3000000,0,,否,,2.46,2.22,,,24.4444,,
712152,世界群益62購03,2026-09-08,1.82,-0.12,-6.19,333000000,0,,是,,1.8,1.91,,,-10.7249,,
712153,均華群益68購01,2026-09-08,4.62,-0.12,-2.53,20000000,0,,否,,4.5,3.84,,,41.2948,,
712155,家登群益62購01,2026-09-08,3.75,0.26,7.45,24000000,0,,否,,3.47,,,,,,
712157,群聯群益64購02,2026-09-08,4.46,0.3,7.21,30000000,0,,否,,4.36,,,,,,
712158,頎邦群益62購01,2026-09-08,2.49,0.19,8.26,10000000,0,,否,,2.31,2.11,,,21.3012,,
712161,宏捷科凱基67購01,2026-09-08,1.18,-0.07,-5.6,20000000,0,,否,,1.33,,,,,,
712165,倉和凱基63購01,2026-09-08,5.8,0.92,18.85,6000000,0,,否,,5.04,3.69,,,114.8338,,
712166,智通*凱基63購01,2026-09-08,2.51,-0.01,-0.4,10000000,0,,否,,2.48,2.53,,,-3.271,,
712169,營邦凱基63購01,2026-09-08,4.16,-0.29,-6.52,183000000,0,,否,,4.12,3.45,,,47.9167,,
712174,中美晶國泰63購03,2026-09-08,1.89,-0.08,-4.06,252000000,0,,是,,1.95,2.01,,,-6.262,,
712179,富喬統一6A購01,2026-09-08,2.04,0.18,9.68,3000000,0,,否,,1.54,,,,,,
712181,弘塑元大63購03,2026-09-08,1.22,0.09,7.96,1458000000,0,,是,,1.09,1.05,,,8.9641,,
712182,弘塑元大64購02,2026-09-08,1.32,0.06,4.76,1214000000,0,,是,,1.17,1.13,,,6.1931,,
712184,威剛元大63購04,2026-09-08,1.72,0.07,4.24,359000000,0,,是,,1.63,1.69,,,-7.0776,,
712185,威剛元大64購03,2026-09-08,1.17,0.08,7.34,12000000,0,,否,,1.11,1.14,,,-5.6218,,
712187,萬潤元大63購01,2026-09-08,1.42,0.03,2.16,420000000,0,,否,,1.35,1.32,,,3.5385,,
712192,威剛台新65購01,2026-09-08,1.08,0.05,4.85,10000000,0,,否,,1.03,1.08,,,-8.3779,,
712194,家登台新62購03,2026-09-08,2.12,0.08,3.92,48000000,0,,,,,,,,,,
712195,家登台新65購01,2026-09-08,1.54,-0.07,-4.35,120000000,0,,是,,1.59,,,,,,
712197,萬潤台新62購02,2026-09-08,2.39,0.09,3.91,1126000000,0,,是,,2.26,2.15,,,10.6863,,
712198,萬潤台新62購03,2026-09-08,3.03,0.06,2.02,1315000000,0,,是,,2.84,2.72,,,9.4761,,
712199,萬潤台新65購01,2026-09-08,2.39,0.06,2.58,1290000000,0,,是,,2.27,2.18,,,8.8207,,
712200,萬潤台新68購01,2026-09-08,2.67,0.06,2.3,615000000,0,,是,,2.53,2.42,,,9.6187,,
712201,世禾凱基66購01,2026-09-08,0.75,-0.03,-3.85,50000000,0,,否,,0.75,,,,,,
712205,高技凱基63購01,2026-09-08,1.82,-0.09,-4.71,67000000,0,,否,,1.89,1.78,,,12.1284,,
712206,博智凱基63購04,2026-09-08,1.81,-0.18,-9.05,30000000,0,,否,,2.02,2.01,,,0.9,,
712208,新應材凱基63購05,2026-09-08,0.95,-0.01,-1.04,142000000,0,,是,,0.94,,,,,,
712211,富喬中信64購02,2026-09-08,2.42,0.24,11.01,105000000,0,,是,,2.2,1.95,,,29.2597,,
712212,中美晶永豐64購05,2026-09-08,1.03,-0.05,-4.63,83000000,0,,否,,1.29,,,,,,
712213,天正永豐65購01,2026-09-08,0.95,0.04,4.4,1000000,0,,否,,0.91,,,,,,
712214,朋億*永豐63購01,2026-09-08,0.97,-0.03,-3.0,170000000,0,,否,,1.07,,,,,,
712215,金山電永豐65購01,2026-09-08,0.78,0.0,0.0,15000000,0,,否,,0.74,,,,,,
712218,萬潤永豐65購01,2026-09-08,1.41,0.03,2.17,2728000000,0,,是,,1.34,1.28,,,10.1639,,
712219,萬潤永豐66購01,2026-09-08,1.45,0.09,6.62,27000000,0,,否,,1.29,1.21,,,13.1579,,
712220,萬潤永豐68購01,2026-09-08,1.96,0.02,1.03,433000000,0,,是,,1.9,1.81,,,9.9537,,
712225,朋億*國票66購01,2026-09-08,0.76,-0.03,-3.8,7000000,0,,否,,0.84,,,,,,
712227,金山電國票67購01,2026-09-08,0.87,-0.11,-11.22,20000000,0,,是,,0.84,,,,,,
712228,家登國票63購01,2026-09-08,3.2,0.02,0.63,108000000,0,,是,,3.04,,,,,,
712230,凱崴國票65購01,2026-09-08,1.09,-0.03,-2.68,7000000,0,,否,,1.11,1.08,,,5.5133,,
712234,萬潤國票66購01,2026-09-08,1.14,0.02,1.79,1650000000,0,,是,,1.08,1.03,,,8.8889,,
712235,萬潤國票68購01,2026-09-08,1.24,0.04,3.33,707000000,0,,是,,1.17,1.11,,,10.7955,,
712236,中美晶富邦62購02,2026-09-08,0.91,0.02,2.25,54000000,0,,否,,0.89,0.9,,,-3.0635,,
712237,弘塑富邦63購02,2026-09-08,0.91,0.08,9.64,471000000,0,,否,,0.77,0.78,,,-1.2821,,
712238,威剛富邦62購02,2026-09-08,0.64,0.05,8.47,3000000,0,,否,,0.63,0.66,,,-9.5376,,
712240,台嘉碩群益62購01,2026-09-08,1.27,-0.08,-5.93,24000000,0,,否,,1.36,,,,,,
712241,弘塑群益62購01,2026-09-08,1.23,0.16,14.95,10000000,0,,否,,1.1,,,,,,
712245,宜鼎群益62購01,2026-09-08,1.11,-0.05,-4.31,266000000,0,,是,,1.13,1.3,,,-23.7838,,
712246,金山電群益62購01,2026-09-08,1.51,-0.17,-10.12,384000000,0,,是,,1.47,1.44,,,3.9604,,
712247,前鼎群益68購01,2026-09-08,4.94,0.34,7.39,67000000,0,,否,,4.53,3.73,,,54.9248,,
712248,威剛群益62購03,2026-09-08,1.54,0.11,7.69,84000000,0,,否,,1.46,1.54,,,-9.6415,,
712250,智通*群益62購01,2026-09-08,1.43,-0.06,-4.03,121000000,0,,否,,1.45,1.47,,,-2.1563,,
712251,新應材群益66購01,2026-09-08,1.65,-0.05,-2.94,453000000,0,,是,,1.77,1.73,,,4.745,,
712252,萬潤群益68購01,2026-09-08,2.18,0.03,1.4,1263000000,0,,是,,2.08,2.0,,,9.3389,,
712253,群聯群益68購01,2026-09-08,3.65,-0.04,-1.08,31000000,0,,否,,3.69,3.77,,,-3.9563,,
712254,頎邦群益62購02,2026-09-08,2.79,-0.16,-5.42,323000000,0,,否,,2.83,2.58,,,21.8589,,
712257,世禾統一68購01,2026-09-08,0.71,-0.03,-4.05,20000000,0,,否,,0.72,,,,,,
712258,沛亨統一68購02,2026-09-08,1.19,0.15,14.42,34000000,0,,否,,1.11,0.97,,,34.3826,,
712259,金山電統一67購01,2026-09-08,0.54,-0.07,-11.48,144000000,0,,否,,0.52,0.51,,,3.5857,,
712260,金山電統一6B購01,2026-09-08,0.68,-0.05,-6.85,1021000000,0,,是,,0.68,,,,,,
712261,金山電統一6C購01,2026-09-08,0.68,-0.05,-6.85,2468000000,0,,是,,0.67,,,,,,
712265,萬潤統一65購01,2026-09-08,1.28,0.0,0.0,188000000,0,,否,,1.22,1.16,,,11.7002,,
712266,萬潤統一6A購03,2026-09-08,1.12,0.02,1.82,2007000000,0,,是,,1.11,1.04,,,12.6273,,
712267,萬潤統一6B購01,2026-09-08,0.82,0.01,1.23,1539000000,0,,否,,0.79,0.77,,,6.1497,,
712268,萬潤統一6C購01,2026-09-08,0.8,0.02,2.56,2655000000,0,,是,,0.77,0.74,,,8.169,,
712269,弘塑國泰63購01,2026-09-08,1.35,0.09,7.14,118000000,0,,否,,1.19,1.18,,,1.0204,,
712270,弘塑國泰63購02,2026-09-08,1.24,0.18,16.98,114000000,0,,是,,1.05,0.99,,,11.0403,,
712271,泓格國泰63購02,2026-09-08,0.86,-0.08,-8.51,214000000,0,,是,,0.94,1.08,,,-22.6073,,
712272,金山電國泰63購01,2026-09-08,2.17,-0.25,-10.33,125000000,0,,是,,2.1,1.99,,,12.1665,,
712273,金山電國泰64購01,2026-09-08,2.01,-0.36,-15.19,20000000,0,,否,,1.93,1.86,,,8.0447,,
712274,萬潤國泰63購01,2026-09-08,1.93,0.03,1.58,2467000000,0,,否,,1.83,1.75,,,9.5694,,
712275,弘塑台新62購01,2026-09-08,1.47,0.16,12.21,75000000,0,,否,,1.27,,,,,,
712276,弘塑台新62購02,2026-09-08,1.23,0.12,10.81,25000000,0,,否,,1.06,,,,,,
712277,弘塑台新62購03,2026-09-08,1.08,0.1,10.2,81000000,0,,是,,1.0,,,,,,
712278,弘塑台新68購01,2026-09-08,1.51,-0.04,-2.58,4000000,0,,否,,1.46,,,,,,
712279,弘塑台新68購02,2026-09-08,1.16,0.04,3.57,3000000,0,,否,,1.06,,,,,,
712280,沛亨台新62購01,2026-09-08,2.16,0.26,13.68,56000000,0,,否,,1.99,1.75,,,31.9205,,
712284,竑騰台新62購02,2026-09-08,1.58,-0.15,-8.67,64000000,0,,否,,1.65,1.87,,,-20.3276,,
712286,新應材台新62購03,2026-09-08,1.56,0.04,2.63,25000000,0,,否,,1.62,,,,,,
712288,群聯台新62購02,2026-09-08,2.02,0.15,8.02,1000000,0,,否,,1.93,2.05,,,-10.8957,,
712293,中光電元大64購05,2026-09-08,0.83,-0.08,-8.79,5000000,0,,否,,1.31,,,,,,
712294,世界元大63購08,2026-09-08,1.31,-0.03,-2.24,7000000,0,,否,,1.31,,,,,,
712295,世界元大63購09,2026-09-08,0.81,-0.03,-3.57,12000000,0,,否,,0.79,0.92,,,-23.9923,,
712296,世界元大64購09,2026-09-08,0.48,-0.02,-4.0,6000000,0,,否,,0.48,,,,,,
712297,弘塑元大64購03,2026-09-08,0.78,0.04,5.41,2027000000,0,,是,,0.7,0.67,,,8.0745,,
712298,良維元大64購02,2026-09-08,1.13,-0.04,-3.42,4000000,0,,否,,1.14,1.01,,,29.0909,,
712299,宜鼎元大64購03,2026-09-08,1.16,-0.1,-7.94,321000000,0,,是,,1.24,1.35,,,-15.5525,,
712302,中光電凱基65購01,2026-09-08,0.51,-0.04,-7.27,36000000,0,,否,,0.79,,,,,,
712303,中美晶凱基63購06,2026-09-08,0.96,-0.05,-4.95,50000000,0,,否,,0.98,,,,,,
712304,弘塑凱基63購01,2026-09-08,0.75,0.03,4.17,378000000,0,,是,,0.94,1.0,,,-11.1531,,
712305,弘塑凱基64購01,2026-09-08,1.11,0.14,14.43,114000000,0,,否,,0.91,0.97,,,-11.6279,,
712307,金山電凱基63購02,2026-09-08,1.27,-0.26,-16.99,132000000,0,,是,,1.28,1.18,,,18.2657,,
712310,頎邦凱基64購03,2026-09-08,1.45,0.01,0.69,325000000,0,,否,,1.4,,,,,,
712313,新應材國泰64購01,2026-09-08,1.74,-0.04,-2.25,102000000,0,,是,,1.73,1.69,,,5.4811,,
712314,弘塑統一67購01,2026-09-08,0.67,0.05,8.06,1288000000,0,,是,,0.6,0.58,,,5.6338,,
712315,由田統一68購01,2026-09-08,0.87,-0.06,-6.45,17000000,0,,否,,0.94,0.95,,,-1.8711,,
712316,金山電統一66購01,2026-09-08,0.49,-0.03,-5.77,40000000,0,,否,,0.47,,,,,,
712317,金山電統一68購01,2026-09-08,0.71,-0.09,-11.25,363000000,0,,否,,0.68,0.66,,,6.5625,,
712320,富喬中信64購03,2026-09-08,1.45,0.14,10.69,78000000,0,,否,,1.29,1.18,,,20.1493,,
712323,宏碁資永豐63購01,2026-09-08,0.71,0.03,4.41,2000000,0,,否,,0.8,,,,,,
712324,建榮永豐64購01,2026-09-08,1.27,0.02,1.6,250000000,0,,是,,1.22,1.22,,,0.9901,,
712325,胡連永豐63購01,2026-09-08,0.85,-0.02,-2.3,136000000,0,,否,,0.92,0.99,,,-12.9032,,
712328,竑騰永豐64購01,2026-09-08,1.44,-0.1,-6.49,50000000,0,,否,,1.62,1.6,,,3.0534,,
712329,富喬永豐64購02,2026-09-08,2.89,0.24,9.06,99000000,0,,是,,2.56,2.28,,,28.2565,,
712331,聖暉*永豐63購01,2026-09-08,1.34,-0.11,-7.59,253000000,0,,是,,1.33,1.52,,,-21.3443,,
712334,弘塑國票66購01,2026-09-08,1.29,0.04,3.2,2000000,0,,否,,1.21,,,,,,
712335,全宇昕國票65購02,2026-09-08,0.77,-0.07,-8.33,31000000,0,,是,,0.88,,,,,,
712336,均華國票63購01,2026-09-08,1.97,-0.06,-2.96,4000000,0,,否,,1.87,1.53,,,57.9392,,
712338,前鼎國票67購01,2026-09-08,1.8,0.05,2.86,22000000,0,,否,,1.41,,,,,,
712341,新應材國票63購01,2026-09-08,1.64,-0.14,-7.87,17000000,0,,否,,1.67,,,,,,
712345,世界群益67購01,2026-09-08,0.82,-0.05,-5.75,35000000,0,,否,,0.83,,,,,,
712347,由田群益62購01,2026-09-08,2.08,-0.25,-10.73,69000000,0,,是,,2.33,,,,,,
712349,沛亨群益62購01,2026-09-08,2.17,0.18,9.05,490000000,0,,否,,2.13,1.86,,,33.877,,
712350,茂達群益62購01,2026-09-08,1.04,-0.13,-11.11,15000000,0,,否,,1.18,1.21,,,-4.8387,,
712352,新應材台新62購04,2026-09-08,2.0,-0.24,-10.71,5000000,0,,否,,2.18,,,,,,
712353,世界凱基63購05,2026-09-08,0.85,-0.05,-5.56,100000000,0,,是,,0.85,,,,,,
712354,台特化凱基67購01,2026-09-08,1.8,-0.04,-2.17,20000000,0,,否,,1.81,1.92,,,-10.8268,,
712355,宜鼎凱基63購03,2026-09-08,1.15,-0.05,-4.17,12000000,0,,否,,1.31,,,,,,
712356,前鼎凱基67購01,2026-09-08,2.0,0.07,3.63,39000000,0,,否,,1.92,1.6,,,51.1006,,
712357,新應材凱基64購02,2026-09-08,1.56,-0.1,-6.02,95000000,0,,是,,1.59,,,,,,
712360,前鼎永豐68購01,2026-09-08,2.22,0.07,3.26,97000000,0,,是,,2.12,,,,,,
712362,達航永豐63購02,2026-09-08,1.58,0.12,8.22,91000000,0,,否,,1.49,1.35,,,22.7348,,
712365,前鼎國票68購01,2026-09-08,1.71,0.13,8.23,3000000,0,,否,,1.62,1.26,,,78.4141,,
712366,竑騰國票63購01,2026-09-08,1.54,-0.09,-5.52,160000000,0,,否,,1.54,1.78,,,-23.8142,,
712370,欣銓群益63購01,2026-09-08,1.91,-0.18,-8.61,12000000,0,,否,,2.07,1.97,,,9.6603,,
712371,金山電群益63購01,2026-09-08,1.2,-0.25,-17.24,2137000000,0,,是,,1.16,1.09,,,14.5669,,
712374,家登群益63購04,2026-09-08,2.44,0.19,8.44,250000000,0,,是,,2.27,,,,,,
712376,雙鴻群益64購02,2026-09-08,1.59,-0.43,-21.29,36000000,0,,否,,1.87,1.45,,,83.0078,,
712377,群聯國泰67購01,2026-09-08,2.16,0.04,1.89,21000000,0,,否,,2.15,,,,,,
712378,世界富邦65購01,2026-09-08,0.6,-0.03,-4.76,187000000,0,,否,,0.61,,,,,,
712380,新應材富邦64購02,2026-09-08,0.65,-0.06,-8.45,425000000,0,,是,,0.67,0.67,,,-0.2959,,
712381,沛亨統一65購03,2026-09-08,1.09,0.07,6.86,199000000,0,,否,,1.06,0.91,,,38.9474,,
712383,前鼎統一66購01,2026-09-08,1.35,0.06,4.65,145000000,0,,否,,1.28,1.03,,,65.1163,,
712384,前鼎統一68購01,2026-09-08,1.0,0.08,8.7,1000000,0,,否,,0.93,,,,,,
712385,富喬統一65購04,2026-09-08,2.01,0.17,9.24,678000000,0,,否,,1.77,1.59,,,25.2125,,
712386,頎邦統一66購02,2026-09-08,1.01,-0.12,-10.62,2252000000,0,,是,,1.03,0.94,,,19.5804,,
712391,宸曜台新62購01,2026-09-08,1.26,-0.41,-24.55,28000000,0,,否,,1.56,1.69,,,-14.5833,,
712392,宸曜台新62購02,2026-09-08,1.07,-0.32,-23.02,29000000,0,,否,,1.42,,,,,,
712393,新應材台新64購01,2026-09-08,1.98,-0.22,-10.0,7000000,0,,否,,2.12,,,,,,
712397,M31凱基63購01,2026-09-08,0.95,0.23,31.94,106000000,0,,是,,0.82,,,,,,
712398,中美晶凱基64購02,2026-09-08,1.61,-0.06,-3.59,30000000,0,,是,,1.69,,,,,,
712400,宜鼎凱基63購04,2026-09-08,0.52,-0.01,-1.89,20000000,0,,否,,0.53,0.62,,,-25.6983,,
712403,富喬凱基65購01,2026-09-08,2.98,0.28,10.37,12000000,0,,否,,2.65,,,,,,
712404,富喬凱基68購01,2026-09-08,3.03,0.37,13.91,17000000,0,,是,,2.48,,,,,,
712408,群聯凱基63購10,2026-09-08,1.39,0.03,2.21,5000000,0,,否,,1.31,1.43,,,-16.3892,,
712415,弘塑群益63購01,2026-09-08,0.95,0.06,6.74,41000000,0,,否,,0.83,,,,,,
712418,倚強群益69購01,2026-09-08,1.44,0.01,0.7,30000000,0,,否,,1.41,,,,,,
712419,群聯群益64購04,2026-09-08,0.75,-0.01,-1.32,35000000,0,,是,,0.75,0.77,,,-4.3367,,
712420,廣穎群益62購01,2026-09-08,1.33,0.01,0.76,28000000,0,,否,,1.49,,,,,,
712421,雙鴻群益65購01,2026-09-08,1.22,-0.42,-25.61,260000000,0,,是,,1.48,,,,,,
712423,新應材元大63購04,2026-09-08,0.41,-0.01,-2.38,986000000,0,,是,,,,,,,,
712424,新應材元大64購02,2026-09-08,1.07,0.0,0.0,188000000,0,,否,,1.06,1.05,,,2.3211,,
712425,營邦元大64購02,2026-09-08,1.88,-0.11,-5.53,859000000,0,,是,,1.91,1.61,,,46.5438,,
712426,宜鼎中信62購01,2026-09-08,0.68,-0.01,-1.45,27000000,0,,否,,0.76,,,,,,
712427,威剛中信63購01,2026-09-08,0.7,0.07,11.11,9000000,0,,否,,0.73,,,,,,
712428,群聯中信66購01,2026-09-08,0.52,0.0,0.0,10000000,0,,否,,0.53,,,,,,
712432,威剛永豐68購02,2026-09-08,1.06,0.07,7.07,10000000,0,,否,,1.0,,,,,,
712436,群聯永豐68購01,2026-09-08,0.75,0.02,2.74,2000000,0,,否,,0.72,0.74,,,-5.0398,,
712437,雙鴻永豐64購05,2026-09-08,1.61,-0.41,-20.3,363000000,0,,是,,1.85,,,,,,
712440,聖暉*國泰63購02,2026-09-08,0.58,-0.07,-10.77,114000000,0,,是,,0.59,0.64,,,-14.2442,,
712442,鑫聯國泰63購01,2026-09-08,0.63,-0.1,-13.7,5000000,0,,,,,,,,,,
712443,宏捷科富邦64購01,2026-09-08,0.57,0.02,3.64,37000000,0,,否,,0.58,0.6,,,-7.6433,,
712446,頎邦富邦64購03,2026-09-08,0.81,-0.05,-5.81,221000000,0,,否,,0.83,0.74,,,26.6055,,
712447,頎邦富邦65購01,2026-09-08,0.65,-0.02,-2.99,587000000,0,,否,,0.64,0.58,,,22.7799,,
712448,譜瑞富邦64購02,2026-09-08,0.6,-0.04,-6.25,31000000,0,,否,,0.66,,,,,,
712450,陽程統一66購02,2026-09-08,1.48,-0.04,-2.63,18000000,0,,否,,1.66,,,,,,
712453,宜鼎台新64購02,2026-09-08,1.46,0.09,6.57,16000000,0,,否,,1.51,,,,,,
712454,富喬台新65購01,2026-09-08,4.77,0.56,13.3,50000000,0,,否,,4.04,3.62,,,26.2961,,
712455,順達台新64購01,2026-09-08,1.83,-0.04,-2.14,10000000,0,,否,,1.78,,,,,,
712457,頎邦台新68購01,2026-09-08,2.95,-0.29,-8.95,209000000,0,,否,,3.05,2.72,,,27.212,,
712458,營邦台新65購02,2026-09-08,2.11,-0.15,-6.64,170000000,0,,否,,2.21,,,,,,
712459,鴻呈台新62購01,2026-09-08,0.65,-0.05,-7.14,13000000,0,,否,,0.95,0.91,,,9.1954,,
712461,世界凱基66購02,2026-09-08,1.04,-0.05,-4.59,50000000,0,,否,,1.03,,,,,,
712463,弘塑凱基63購02,2026-09-08,1.2,0.14,13.21,181000000,0,,是,,1.01,,,,,,
712464,弘塑凱基63購03,2026-09-08,1.66,0.18,12.16,111000000,0,,是,,1.39,,,,,,
712466,倚強凱基63購01,2026-09-08,1.94,-0.29,-13.0,113000000,0,,是,,2.13,,,,,,
712467,富喬凱基63購03,2026-09-08,2.5,0.4,19.05,275000000,0,,是,,2.06,1.81,,,32.2208,,
712472,順達中信62購01,2026-09-08,0.54,-0.05,-8.47,1000000,0,,否,,0.57,,,,,,
712473,群聯中信62購02,2026-09-08,0.58,0.01,1.75,6000000,0,,否,,0.57,0.83,,,-47.7064,,
712474,均華永豐63購02,2026-09-08,1.98,0.05,2.59,5000000,0,,否,,1.84,1.57,,,41.4484,,
712477,順達永豐63購02,2026-09-08,1.85,-0.11,-5.61,3000000,0,,否,,1.94,,,,,,
712481,群聯永豐68購02,2026-09-08,1.68,0.04,2.44,20000000,0,,否,,1.62,1.66,,,-4.8179,,
712482,廣閎科永豐63購01,2026-09-08,0.94,-0.03,-3.09,112000000,0,,否,,0.9,,,,,,
712483,廣閎科永豐63購02,2026-09-08,0.79,-0.13,-14.13,19000000,0,,否,,0.78,,,,,,
712486,廣穎永豐65購02,2026-09-08,1.44,0.0,0.0,20000000,0,,否,,1.63,,,,,,
712487,巨漢元大64購01,2026-09-08,1.08,-0.06,-5.26,118000000,0,,否,,1.11,,,,,,
712488,宜鼎元大63購06,2026-09-08,0.9,-0.06,-6.25,281000000,0,,否,,0.96,1.15,,,-29.142,,
712489,宜鼎元大64購04,2026-09-08,0.68,0.03,4.62,8000000,0,,否,,0.68,0.76,,,-18.6603,,
712490,富喬元大63購03,2026-09-08,2.32,0.18,8.41,81000000,0,,否,,2.08,1.88,,,24.8201,,
712491,富喬元大63購04,2026-09-08,2.08,0.05,2.46,590000000,0,,否,,1.88,,,,,,
712493,富喬元大63購06,2026-09-08,3.59,0.66,22.53,25000000,0,,否,,3.05,2.75,,,24.0033,,
712494,富喬元大64購06,2026-09-08,1.75,0.13,8.02,618000000,0,,是,,1.54,,,,,,
712495,群聯元大63購10,2026-09-08,1.95,0.05,2.63,14000000,0,,否,,1.86,1.91,,,-4.898,,
712496,群聯元大63購13,2026-09-08,0.83,-0.01,-1.19,734000000,0,,是,,0.93,,,,,,
712498,廣穎元大63購02,2026-09-08,0.68,0.0,0.0,33000000,0,,否,,0.7,,,,,,
712500,營邦元大63購01,2026-09-08,1.55,0.08,5.44,10000000,0,,否,,1.44,1.19,,,50.5241,,
712501,營邦元大63購03,2026-09-08,0.98,-0.05,-4.85,905000000,0,,否,,0.96,0.84,,,32.687,,
712502,營邦元大64購04,2026-09-08,0.97,-0.04,-3.96,251000000,0,,否,,0.95,0.82,,,37.971,,
712506,富喬國票66購01,2026-09-08,5.0,0.39,8.46,697000000,0,,否,,4.46,4.06,,,21.5376,,
712507,鴻呈國票66購01,2026-09-08,0.56,-0.02,-3.45,50000000,0,,否,,0.65,0.66,,,-3.8348,,
712509,千如國泰63購01,2026-09-08,1.92,-0.27,-12.33,86000000,0,,否,,,,,,,,
712512,新應材國泰63購02,2026-09-08,1.3,-0.03,-2.26,46000000,0,,否,,1.31,,,,,,
712513,千附精富邦62購01,2026-09-08,0.86,-0.16,-15.69,1546000000,0,,是,,0.9,0.83,,,16.0622,,
712516,廣閎科富邦62購01,2026-09-08,0.46,0.01,2.22,233000000,0,,是,,0.44,0.46,,,-8.75,,
712517,營邦富邦65購01,2026-09-08,1.16,-0.24,-17.14,566000000,0,,否,,1.24,1.04,,,47.1429,,
712518,中美晶群益63購02,2026-09-08,2.42,-0.17,-6.56,75000000,0,,否,,2.45,2.48,,,-2.3089,,
712519,宜鼎群益63購01,2026-09-08,1.24,-0.1,-7.46,78000000,0,,是,,1.5,,,,,,
712520,威剛群益63購02,2026-09-08,1.63,0.17,11.64,28000000,0,,否,,1.55,,,,,,
712522,群聯群益63購03,2026-09-08,3.65,-0.04,-1.08,73000000,0,,是,,3.76,,,,,,
712523,廣閎科群益63購01,2026-09-08,1.08,0.02,1.89,464000000,0,,是,,1.06,,,,,,
712525,雙鴻群益63購04,2026-09-08,2.2,-0.54,-19.71,70000000,0,,否,,2.44,,,,,,
712527,弘塑統一66購01,2026-09-08,0.71,0.06,9.23,200000000,0,,是,,0.62,0.59,,,9.5745,,
712528,均華統一69購01,2026-09-08,0.9,-0.12,-11.76,1279000000,0,,否,,0.94,0.81,,,37.2434,,
712529,高技統一66購01,2026-09-08,0.78,-0.02,-2.5,135000000,0,,否,,0.81,0.75,,,16.1383,,
712530,陽程統一66購03,2026-09-08,1.48,-0.06,-3.9,141000000,0,,否,,1.64,,,,,,
712532,世界群益62購04,2026-09-08,1.34,-0.1,-6.94,154000000,0,,否,,1.36,,,,,,
712533,台半群益63購01,2026-09-08,1.11,-0.09,-7.5,94000000,0,,否,,1.16,1.16,,,-0.1727,,
712534,台特化群益62購02,2026-09-08,3.22,-0.17,-5.01,34000000,0,,是,,3.39,,,,,,
712535,東捷群益64購01,2026-09-08,1.67,0.38,29.46,44000000,0,,否,,1.17,,,,,,
712536,鉅橡群益63購01,2026-09-08,1.0,-0.07,-6.54,201000000,0,,否,,1.06,,,,,,
712538,廣閎科群益64購01,2026-09-08,1.44,-0.07,-4.64,171000000,0,,否,,1.42,,,,,,
712539,穩懋群益63購02,2026-09-08,1.96,-0.11,-5.31,690000000,0,,否,,2.09,1.88,,,24.7608,,
712540,穩懋群益64購01,2026-09-08,2.9,-0.03,-1.02,213000000,0,,是,,3.02,2.69,,,28.5714,,
712541,中美晶元大64購05,2026-09-08,0.7,-0.01,-1.41,5000000,0,,否,,0.71,0.72,,,-3.022,,
712542,方土昶元大63購02,2026-09-08,0.63,-0.03,-4.55,33000000,0,,否,,0.74,,,,,,
712543,均華元大64購02,2026-09-08,2.46,-0.36,-12.77,54000000,0,,否,,2.57,,,,,,
712544,朋億*元大63購01,2026-09-08,0.88,-0.01,-1.12,17000000,0,,否,,0.91,,,,,,
712545,東捷元大63購01,2026-09-08,1.78,0.43,31.85,32000000,0,,否,,1.26,,,,,,
712546,青雲元大63購02,2026-09-08,0.44,-0.01,-2.22,275000000,0,,是,,0.45,,,,,,
712547,高技元大63購02,2026-09-08,0.56,-0.03,-5.08,110000000,0,,否,,0.59,0.56,,,10.566,,
712548,順達元大63購03,2026-09-08,1.22,-0.04,-3.17,2000000,0,,否,,1.31,,,,,,
712551,漢達元大64購01,2026-09-08,3.75,0.44,13.29,4000000,0,,,,,,,,,,
712552,廣閎科元大64購01,2026-09-08,0.62,-0.02,-3.12,330000000,0,,否,,0.62,0.58,,,11.1913,,
712559,寶雅元大63購01,2026-09-08,0.81,-0.03,-3.57,75000000,0,,否,,0.85,0.97,,,-22.4863,,
712560,東捷統一66購02,2026-09-08,1.06,0.21,24.71,105000000,0,,否,,0.77,,,,,,
712561,東捷統一6B購01,2026-09-08,0.83,0.1,13.7,15000000,0,,否,,0.68,,,,,,
712562,穩懋統一66購02,2026-09-08,0.81,-0.01,-1.22,10000000,0,,否,,0.84,0.75,,,28.3537,,
712563,穩懋統一67購01,2026-09-08,0.7,-0.02,-2.78,124000000,0,,否,,0.73,,,,,,
712564,穩懋統一68購01,2026-09-08,0.78,-0.04,-4.88,44000000,0,,是,,0.78,,,,,,
712565,穩懋統一6C購02,2026-09-08,0.77,-0.01,-1.28,354000000,0,,是,,0.79,,,,,,
712567,東捷富邦63購01,2026-09-08,1.22,0.24,24.49,63000000,0,,否,,0.88,0.74,,,46.8439,,
712568,東捷國泰63購01,2026-09-08,2.79,0.52,22.91,75000000,0,,否,,1.96,,,,,,
712570,營邦國泰63購02,2026-09-08,2.83,-0.29,-9.29,397000000,0,,是,,2.82,,,,,,
712571,鴻呈國泰63購01,2026-09-08,0.85,-0.11,-11.46,30000000,0,,否,,1.18,,,,,,
712572,穩懋國泰63購01,2026-09-08,2.19,-0.2,-8.37,35000000,0,,否,,2.4,2.11,,,30.929,,
712573,穩懋國泰63購03,2026-09-08,2.37,-0.25,-9.54,120000000,0,,否,,2.57,2.25,,,33.092,,
712574,穩懋國泰63購04,2026-09-08,2.58,-0.11,-4.09,55000000,0,,否,,2.69,2.4,,,27.2212,,
712575,穩懋國泰63購05,2026-09-08,2.8,-0.11,-3.78,20000000,0,,否,,2.99,2.6,,,35.8765,,
712577,宜鼎凱基64購02,2026-09-08,0.95,-0.1,-9.52,67000000,0,,否,,1.0,1.12,,,-19.5161,,
712579,宸曜凱基63購01,2026-09-08,0.88,-0.3,-25.42,60000000,0,,是,,1.09,,,,,,
712581,群聯凱基64購06,2026-09-08,1.38,-0.01,-0.72,10000000,0,,否,,1.45,,,,,,
712582,漢達凱基63購01,2026-09-08,2.29,0.42,22.46,24000000,0,,否,,1.69,,,,,,
712583,營邦凱基63購02,2026-09-08,3.01,-0.5,-14.25,50000000,0,,否,,2.88,,,,,,
712584,鴻呈凱基66購01,2026-09-08,0.78,-0.04,-4.88,1000000,0,,否,,1.04,,,,,,
712586,穩懋凱基63購01,2026-09-08,1.6,-0.09,-5.33,47000000,0,,否,,1.73,,,,,,
712587,穩懋凱基63購02,2026-09-08,1.65,-0.04,-2.37,17000000,0,,否,,1.71,1.52,,,28.2707,,
712589,穩懋凱基63購04,2026-09-08,1.74,-0.06,-3.33,80000000,0,,否,,1.79,1.59,,,29.3353,,
712590,穩懋凱基63購05,2026-09-08,2.43,-0.03,-1.22,7000000,0,,否,,2.61,,,,,,
712591,均華台新63購01,2026-09-08,2.68,-0.13,-4.63,86000000,0,,是,,2.59,,,,,,
712595,鈊象台新64購01,2026-09-08,0.65,0.0,0.0,23000000,0,,否,,0.64,,,,,,
712596,穩懋台新62購01,2026-09-08,1.79,0.05,2.87,11000000,0,,否,,1.81,1.58,,,32.9412,,
712598,穩懋台新65購01,2026-09-08,1.14,-0.06,-5.0,24000000,0,,否,,1.27,,,,,,
712599,穩懋台新65購02,2026-09-08,1.47,-0.02,-1.34,19000000,0,,否,,1.58,,,,,,
712600,穩懋台新68購01,2026-09-08,1.74,-0.03,-1.69,27000000,0,,否,,1.92,,,,,,
712601,弘塑中信64購01,2026-09-08,1.16,0.13,12.62,1190000000,0,,是,,0.98,0.92,,,12.156,,
712602,穩懋中信68購01,2026-09-08,0.73,-0.02,-2.67,93000000,0,,否,,0.76,0.69,,,21.4744,,
712603,台半永豐64購02,2026-09-08,1.13,-0.09,-7.38,74000000,0,,否,,1.19,,,,,,
712604,台半永豐65購01,2026-09-08,1.26,-0.08,-5.97,2000000,0,,否,,1.29,1.28,,,1.0989,,
712605,台星科永豐64購01,2026-09-08,1.07,-0.19,-15.08,64000000,0,,是,,1.21,1.2,,,1.5075,,
712606,由田永豐64購01,2026-09-08,1.18,-0.08,-6.35,9000000,0,,否,,1.32,1.36,,,-5.0215,,
712608,東捷永豐63購01,2026-09-08,1.95,0.35,21.87,102000000,0,,否,,1.39,,,,,,
712610,東捷永豐63購03,2026-09-08,1.66,0.36,27.69,17000000,0,,否,,1.19,,,,,,
712612,東捷永豐65購02,2026-09-08,2.38,0.43,22.05,193000000,0,,是,,1.77,,,,,,
712613,東捷永豐68購01,2026-09-08,2.67,0.45,20.27,9000000,0,,否,,2.05,,,,,,
712615,欣銓永豐68購01,2026-09-08,1.16,-0.01,-0.85,2000000,0,,否,,1.2,,,,,,
712620,越峰永豐63購01,2026-09-08,0.56,-0.02,-3.45,10000000,0,,否,,,,,,,,
712622,穩懋永豐64購01,2026-09-08,2.17,-0.07,-3.13,50000000,0,,否,,2.28,2.02,,,29.9886,,
712625,穩懋永豐68購01,2026-09-08,3.48,0.01,0.29,5000000,0,,否,,3.53,,,,,,
712626,均華國票63購02,2026-09-08,2.53,-0.39,-13.36,52000000,0,,否,,2.64,2.2,,,49.7162,,
712627,東捷國票63購01,2026-09-08,2.11,0.46,27.88,25000000,0,,否,,1.52,,,,,,
712628,東捷國票64購01,2026-09-08,2.09,0.46,28.22,2000000,0,,否,,1.53,,,,,,
712629,元太群益63購01,2026-09-08,1.0,-0.05,-4.76,52000000,0,,否,,1.13,,,,,,
712631,世界群益63購01,2026-09-08,1.85,-0.09,-4.64,373000000,0,,是,,1.83,,,,,,
712633,威剛群益62購04,2026-09-08,2.39,0.04,1.7,200000000,0,,是,,2.27,2.42,,,-11.2412,,
712637,群聯群益62購01,2026-09-08,4.47,0.12,2.76,29000000,0,,否,,4.59,,,,,,
712638,漢達群益63購01,2026-09-08,2.29,0.24,11.71,210000000,0,,否,,1.75,,,,,,
712639,鴻呈群益63購01,2026-09-08,0.93,-0.08,-7.92,49000000,0,,否,,1.25,1.26,,,-1.2638,,
712641,穩懋群益64購03,2026-09-08,2.59,-0.1,-3.72,12000000,0,,否,,2.76,2.43,,,31.2738,,
712642,雙鴻中信64購02,2026-09-08,1.33,-0.29,-17.9,32000000,0,,否,,1.55,,,,,,
712643,新應材永豐64購02,2026-09-08,1.5,0.1,7.14,48000000,0,,是,,1.46,,,,,,
712644,新應材永豐65購01,2026-09-08,1.57,-0.13,-7.65,29000000,0,,否,,1.63,,,,,,
712645,群聯永豐63購02,2026-09-08,1.12,0.02,1.82,60000000,0,,是,,1.16,,,,,,
712647,台半國泰63購01,2026-09-08,1.93,-0.17,-8.1,199000000,0,,是,,2.01,,,,,,
712649,千附精元大63購01,2026-09-08,0.82,-0.12,-12.77,200000000,0,,否,,0.86,0.78,,,20.2247,,
712650,元太元大63購06,2026-09-08,0.73,-0.02,-2.67,9000000,0,,否,,0.9,,,,,,
712651,元太元大64購02,2026-09-08,0.8,-0.06,-6.98,311000000,0,,是,,0.86,0.99,,,-22.3423,,
712652,威剛元大64購04,2026-09-08,0.57,0.0,0.0,18000000,0,,否,,0.56,0.58,,,-6.6445,,
712654,陽程元大64購03,2026-09-08,1.26,-0.05,-3.82,10000000,0,,否,,1.33,,,,,,
712656,鈊象元大64購04,2026-09-08,0.61,-0.01,-1.61,1000000,0,,否,,0.63,,,,,,
712657,群聯元大64購13,2026-09-08,0.6,0.02,3.45,20000000,0,,否,,0.57,0.6,,,-7.4194,,
712658,良維富邦63購01,2026-09-08,1.06,-0.01,-0.93,2000000,0,,否,,1.0,0.88,,,31.9261,,
712659,穩懋富邦63購01,2026-09-08,1.13,-0.02,-1.74,24000000,0,,否,,1.18,1.04,,,31.4031,,
712660,穩懋富邦64購01,2026-09-08,0.97,-0.05,-4.9,78000000,0,,否,,1.02,,,,,,
712661,台半統一68購01,2026-09-08,0.75,-0.06,-7.41,5000000,0,,否,,0.74,,,,,,
712662,東捷統一68購01,2026-09-08,0.88,0.15,20.55,8000000,0,,否,,0.67,,,,,,
712664,穩懋統一68購02,2026-09-08,0.94,0.0,0.0,46000000,0,,否,,0.96,,,,,,
712667,世界凱基63購06,2026-09-08,0.88,-0.09,-9.28,317000000,0,,是,,0.91,,,,,,
712668,弘塑凱基63購04,2026-09-08,1.27,0.1,8.55,648000000,0,,是,,1.08,,,,,,
712669,均華凱基64購02,2026-09-08,2.2,-0.33,-13.04,245000000,0,,否,,2.04,,,,,,
712671,東捷凱基63購02,2026-09-08,1.46,0.32,28.07,141000000,0,,是,,0.98,,,,,,
712674,頎邦凱基63購03,2026-09-08,1.89,-0.26,-12.09,572000000,0,,否,,1.95,,,,,,
712675,雙鴻凱基63購10,2026-09-08,1.72,-0.48,-21.82,30000000,0,,否,,1.93,,,,,,
712682,中美晶元大64購06,2026-09-08,0.55,-0.05,-8.33,39000000,0,,否,,0.56,,,,,,
712683,元太元大63購07,2026-09-08,1.03,-0.04,-3.74,372000000,0,,是,,1.13,,,,,,
712684,元太元大63購08,2026-09-08,0.73,-0.05,-6.41,388000000,0,,是,,0.84,,,,,,
712685,元太元大64購03,2026-09-08,0.79,-0.03,-3.66,340000000,0,,是,,0.85,,,,,,
712686,均華元大64購03,2026-09-08,1.49,-0.07,-4.49,87000000,0,,否,,1.45,,,,,,
712687,宜鼎元大64購05,2026-09-08,0.77,0.0,0.0,7000000,0,,否,,0.76,0.86,,,-20.911,,
712688,威剛元大64購05,2026-09-08,0.6,0.02,3.45,851000000,0,,是,,0.57,0.6,,,-9.5238,,
712692,群聯元大64購14,2026-09-08,0.88,-0.01,-1.12,211000000,0,,否,,0.89,,,,,,
712694,寶雅元大63購02,2026-09-08,0.74,-0.04,-5.13,42000000,0,,否,,0.78,,,,,,
712695,元太台新65購01,2026-09-08,1.3,-0.03,-2.26,19000000,0,,否,,1.49,,,,,,
712696,沛亨台新65購01,2026-09-08,1.5,0.14,10.29,27000000,0,,否,,1.41,,,,,,
712697,威聯通台新62購01,2026-09-08,0.84,-0.06,-6.67,30000000,0,,是,,0.91,0.98,,,-13.6882,,
712699,倉和台新62購01,2026-09-08,7.05,1.5,27.03,1000000,0,,否,,5.79,4.1,,,140.2156,,
712700,蜜望實台新62購01,2026-09-08,1.15,-0.14,-10.85,2000000,0,,否,,1.26,,,,,,
712701,蜜望實台新65購01,2026-09-08,1.52,-0.17,-10.06,19000000,0,,否,,1.56,,,,,,
712702,中美晶凱基64購04,2026-09-08,0.92,-0.09,-8.91,25000000,0,,是,,0.94,,,,,,
712703,朋億*凱基63購01,2026-09-08,0.71,-0.02,-2.74,24000000,0,,否,,0.71,,,,,,
712704,泓格凱基63購01,2026-09-08,0.87,0.01,1.16,10000000,0,,否,,0.89,,,,,,
712705,威剛凱基63購07,2026-09-08,1.42,0.06,4.41,47000000,0,,否,,1.32,1.39,,,-10.2319,,
712706,建榮凱基63購01,2026-09-08,0.97,0.07,7.78,9000000,0,,否,,0.95,,,,,,
712707,順達凱基66購01,2026-09-08,1.36,-0.1,-6.85,25000000,0,,否,,1.44,,,,,,
712708,鈊象凱基64購04,2026-09-08,0.69,-0.02,-2.82,140000000,0,,是,,0.79,,,,,,
712711,廣閎科凱基63購01,2026-09-08,0.93,-0.03,-3.12,214000000,0,,是,,0.95,,,,,,
712712,穩懋凱基63購08,2026-09-08,1.28,-0.06,-4.48,23000000,0,,否,,1.37,1.26,,,18.8908,,
712713,中美晶群益62購04,2026-09-08,2.35,0.0,0.0,172000000,0,,是,,2.37,,,,,,
712714,弘塑群益63購02,2026-09-08,0.85,0.07,8.97,45000000,0,,否,,0.79,,,,,,
712716,宜鼎群益63購02,2026-09-08,1.3,-0.02,-1.52,59000000,0,,否,,1.33,,,,,,
712717,威剛群益62購05,2026-09-08,0.9,0.21,30.43,1048000000,0,,是,,0.74,,,,,,
712720,千如永豐63購01,2026-09-08,0.95,-0.13,-12.04,34000000,0,,是,,0.99,,,,,,
712721,元太永豐63購02,2026-09-08,0.7,-0.04,-5.41,72000000,0,,否,,0.79,,,,,,
712723,沛亨永豐64購02,2026-09-08,1.31,0.08,6.5,208000000,0,,是,,1.31,,,,,,
712725,頎邦永豐65購02,2026-09-08,1.36,-0.1,-6.85,88000000,0,,否,,1.33,,,,,,
712726,榮剛永豐63購01,2026-09-08,0.81,-0.01,-1.22,12000000,0,,否,,0.89,,,,,,
712727,雙鴻永豐65購02,2026-09-08,1.53,-0.29,-15.93,15000000,0,,否,,1.56,,,,,,
712728,雙鴻永豐6B購01,2026-09-08,1.64,-0.26,-13.68,16000000,0,,否,,1.77,,,,,,
712729,雙鴻永豐6C購01,2026-09-08,1.56,-0.27,-14.75,528000000,0,,是,,1.59,,,,,,
712730,穩懋永豐65購01,2026-09-08,1.53,-0.04,-2.55,2000000,0,,否,,1.61,,,,,,
712733,寬宏國票63購01,2026-09-08,0.89,0.01,1.14,2000000,0,,,,,,,,,,
712734,均華國泰63購02,2026-09-08,1.4,-0.19,-11.95,150000000,0,,否,,1.48,1.22,,,51.8519,,
712737,巨有統一6B購03,2026-09-08,0.67,0.06,9.84,1484000000,0,,是,,,,,,,,
712738,倉和統一6B購01,2026-09-08,1.68,0.12,7.69,11000000,0,,否,,1.33,,,,,,
712740,新普統一66購01,2026-09-08,0.48,-0.03,-5.88,10000000,0,,否,,0.54,,,,,,
712743,鈺太國票63購01,2026-09-08,1.12,-0.15,-11.81,53000000,0,,否,,1.25,,,,,,
712744,鈺太國票64購01,2026-09-08,1.31,-0.1,-7.09,6000000,0,,否,,1.39,,,,,,
712745,中美晶群益62購05,2026-09-08,2.3,0.01,0.44,33000000,0,,否,,2.25,,,,,,
712747,弘塑群益63購03,2026-09-08,0.54,0.11,25.58,49000000,0,,否,,0.45,,,,,,
712748,均華群益64購01,2026-09-08,2.38,-0.36,-13.14,408000000,0,,是,,2.53,,,,,,
712750,鈊象群益62購01,2026-09-08,1.78,-0.09,-4.81,13000000,0,,否,,1.82,2.08,,,-22.108,,
712752,營邦群益63購01,2026-09-08,2.12,-0.15,-6.61,320000000,0,,否,,2.17,,,,,,
712753,穩懋群益68購01,2026-09-08,3.02,-0.05,-1.63,36000000,0,,否,,3.24,,,,,,
712755,弘塑凱基63購05,2026-09-08,0.78,0.15,23.81,79000000,0,,否,,0.63,,,,,,
712756,均華凱基68購01,2026-09-08,3.86,-0.5,-11.47,298000000,0,,是,,4.07,,,,,,
712759,倉和凱基63購02,2026-09-08,2.45,0.22,9.87,145000000,0,,否,,2.12,,,,,,
712760,頎邦凱基66購01,2026-09-08,1.67,-0.02,-1.18,33000000,0,,否,,1.65,,,,,,
712762,弘塑台新63購01,2026-09-08,1.01,0.07,7.45,113000000,0,,否,,0.93,,,,,,
712764,倉和台新62購02,2026-09-08,4.35,0.28,6.88,27000000,0,,否,,3.98,2.82,,,140.3382,,
712766,家碩台新62購02,2026-09-08,0.95,-0.03,-3.06,100000000,0,,,,,,,,,,
712768,勤凱台新62購01,2026-09-08,1.0,-0.02,-1.96,516000000,0,,否,,1.01,,,,,,
712769,營邦台新63購01,2026-09-08,1.64,-0.06,-3.53,41000000,0,,否,,1.59,,,,,,
712770,營邦台新65購03,2026-09-08,1.63,-0.08,-4.68,129000000,0,,是,,1.6,,,,,,
712771,營邦台新66購01,2026-09-08,1.83,-0.08,-4.19,6000000,0,,否,,1.79,,,,,,
712772,元太元大64購04,2026-09-08,0.75,-0.02,-2.6,155000000,0,,否,,0.82,,,,,,
712773,弘塑元大63購04,2026-09-08,0.65,0.08,14.04,2028000000,0,,是,,0.56,,,,,,
712774,弘塑元大63購05,2026-09-08,0.93,0.11,13.41,1219000000,0,,是,,0.8,,,,,,
712775,弘塑元大64購04,2026-09-08,0.57,0.06,11.76,887000000,0,,是,,0.5,,,,,,
712776,均華元大64購04,2026-09-08,1.36,-0.04,-2.86,250000000,0,,是,,1.32,,,,,,
712777,威剛元大64購06,2026-09-08,1.09,0.05,4.81,196000000,0,,否,,1.02,1.1,,,-14.1414,,
712778,順達元大63購05,2026-09-08,1.0,-0.08,-7.41,10000000,0,,否,,1.09,,,,,,
712779,順達元大63購06,2026-09-08,0.86,-0.08,-8.51,299000000,0,,是,,0.97,,,,,,
712783,群聯元大63購14,2026-09-08,1.26,0.02,1.61,26000000,0,,否,,1.27,,,,,,
712784,群聯元大63購15,2026-09-08,1.24,0.04,3.33,16000000,0,,否,,1.18,1.22,,,-6.4873,,
712785,群聯元大63購16,2026-09-08,0.91,0.03,3.41,4000000,0,,否,,0.88,,,,,,
712787,寶雅元大63購03,2026-09-08,0.98,-0.04,-3.92,55000000,0,,否,,1.01,1.11,,,-16.6942,,
712789,沛亨統一6B購01,2026-09-08,0.75,0.04,5.63,56000000,0,,否,,0.74,,,,,,
712791,倉和統一68購02,2026-09-08,2.14,0.21,10.88,1000000,0,,否,,1.82,1.37,,,96.5443,,
712792,陽程統一6C購02,2026-09-08,0.8,-0.03,-3.61,1321000000,0,,是,,0.84,0.89,,,-10.661,,
712795,家登中信63購01,2026-09-08,0.98,0.01,1.03,450000000,0,,是,,0.95,,,,,,
712797,安葆永豐63購02,2026-09-08,1.84,0.06,3.37,1000000,0,,否,,1.75,,,,,,
712798,宏捷科永豐63購01,2026-09-08,0.95,-0.07,-6.86,85000000,0,,否,,1.05,1.09,,,-7.2695,,
712800,倚強永豐64購02,2026-09-08,1.04,-0.14,-11.86,7000000,0,,否,,1.18,,,,,,
712801,倉和永豐63購02,2026-09-08,3.16,0.23,7.85,14000000,0,,否,,2.67,,,,,,
712802,家登永豐63購03,2026-09-08,1.38,0.07,5.34,28000000,0,,,,,,,,,,
712803,湧德永豐63購01,2026-09-08,1.39,-0.05,-3.47,50000000,0,,否,,1.57,,,,,,
712807,鴻呈永豐63購01,2026-09-08,0.6,-0.03,-4.76,2000000,0,,否,,0.77,0.77,,,-1.0336,,
712808,鴻呈永豐64購01,2026-09-08,0.45,-0.06,-11.76,5000000,0,,否,,0.62,,,,,,
712809,弘塑富邦64購02,2026-09-08,0.94,0.08,9.3,155000000,0,,否,,0.8,,,,,,
712810,頎邦富邦65購02,2026-09-08,0.73,-0.08,-9.88,868000000,0,,否,,0.73,,,,,,
712811,雙鴻富邦65購01,2026-09-08,1.43,-0.36,-20.11,1000000,0,,否,,1.43,,,,,,
712812,元太台新65購02,2026-09-08,1.04,-0.03,-2.8,65000000,0,,,,,,,,,,
712813,均華台新62購04,2026-09-08,1.26,-0.2,-13.7,80000000,0,,否,,1.32,,,,,,
712814,竑騰台新62購03,2026-09-08,1.67,-0.13,-7.22,263000000,0,,否,,1.74,1.95,,,-19.519,,
712816,博盛台新62購01,2026-09-08,1.18,-0.1,-7.81,60000000,0,,是,,1.25,,,,,,
712817,普萊德台新62購01,2026-09-08,0.75,-0.15,-16.67,406000000,0,,是,,0.87,,,,,,
712818,晶呈台新62購01,2026-09-08,1.66,-0.11,-6.21,23000000,0,,否,,1.69,1.85,,,-15.7214,,
712820,晶呈台新65購01,2026-09-08,1.34,-0.05,-3.6,17000000,0,,否,,1.5,,,,,,
712821,元太群益62購01,2026-09-08,0.8,-0.04,-4.76,5000000,0,,否,,1.01,,,,,,
712822,均華群益64購02,2026-09-08,2.88,-0.09,-3.03,360000000,0,,否,,2.79,,,,,,
712826,倉和元大62購01,2026-09-08,3.68,0.24,6.98,19000000,0,,否,,3.05,,,,,,
712827,倉和元大62購02,2026-09-08,1.53,0.1,6.99,263000000,0,,否,,1.4,1.04,,,103.4884,,
712828,陽程元大62購01,2026-09-08,0.85,-0.02,-2.3,349000000,0,,否,,0.9,,,,,,
712829,陽程元大62購02,2026-09-08,0.81,-0.04,-4.71,234000000,0,,否,,0.86,,,,,,
712830,陽程元大62購03,2026-09-08,0.79,-0.05,-5.95,60000000,0,,否,,0.86,,,,,,
712831,陽程元大63購04,2026-09-08,0.83,-0.07,-7.78,1000000,0,,否,,0.9,,,,,,
712832,陽程元大65購03,2026-09-08,0.79,-0.03,-3.66,312000000,0,,是,,0.83,,,,,,
712833,群聯元大65購01,2026-09-08,1.15,-0.02,-1.71,315000000,0,,是,,1.16,,,,,,
712834,廣閎科元大62購01,2026-09-08,0.58,0.0,0.0,873000000,0,,否,,0.57,0.54,,,10.5469,,
712835,營邦元大62購02,2026-09-08,1.39,-0.19,-12.03,397000000,0,,是,,1.49,1.26,,,44.8343,,
712836,中美晶凱基66購02,2026-09-08,1.22,0.0,0.0,74000000,0,,否,,1.2,,,,,,
712838,台特化凱基65購01,2026-09-08,1.43,-0.03,-2.05,17000000,0,,否,,1.61,,,,,,
712840,威剛凱基64購04,2026-09-08,1.89,0.07,3.85,66000000,0,,是,,1.79,,,,,,
712845,群聯凱基68購01,2026-09-08,2.94,0.04,1.38,1000000,0,,否,,2.81,2.9,,,-5.6376,,
712850,群聯永豐63購06,2026-09-08,1.09,0.04,3.81,28000000,0,,否,,1.13,,,,,,
712853,聖暉*富邦62購01,2026-09-08,0.41,-0.05,-10.87,582000000,0,,是,,0.43,,,,,,
712854,大中國票63購01,2026-09-08,1.2,-0.03,-2.44,9000000,0,,否,,1.21,,,,,,
712856,越峰國票68購01,2026-09-08,0.57,-0.01,-1.72,30000000,0,,否,,0.58,,,,,,
712859,陽程國票68購01,2026-09-08,1.89,-0.05,-2.58,6000000,0,,否,,1.96,,,,,,
712862,方土昶台新62購01,2026-09-08,0.58,-0.02,-3.33,50000000,0,,否,,0.82,,,,,,
712864,欣銓台新65購01,2026-09-08,1.97,-0.21,-9.63,74000000,0,,否,,2.11,,,,,,
712867,元太凱基63購02,2026-09-08,0.82,0.0,0.0,9000000,0,,否,,,,,,,,
712869,均華凱基63購01,2026-09-08,1.93,-0.33,-14.6,327000000,0,,是,,2.06,,,,,,
712870,群聯凱基64購07,2026-09-08,2.1,-0.01,-0.47,20000000,0,,是,,2.05,2.11,,,-5.4478,,
712871,頎邦凱基63購04,2026-09-08,1.6,-0.12,-6.98,507000000,0,,是,,1.69,,,,,,
712872,廣閎科凱基63購02,2026-09-08,1.41,-0.01,-0.7,181000000,0,,否,,1.38,,,,,,
712874,中美晶群益62購06,2026-09-08,1.57,0.01,0.64,15000000,0,,否,,1.53,,,,,,
712876,世紀*群益63購03,2026-09-08,8.65,1.75,25.36,5000000,0,,否,,8.01,,,,,,
712877,由田群益63購01,2026-09-08,0.81,-0.04,-4.71,65000000,0,,否,,0.91,,,,,,
712878,威剛群益62購06,2026-09-08,0.74,0.01,1.37,10000000,0,,否,,0.73,,,,,,
712879,晶呈群益64購01,2026-09-08,0.81,0.02,2.53,10000000,0,,否,,0.83,,,,,,
712880,華電網群益62購01,2026-09-08,1.07,-0.08,-6.96,5000000,0,,,,,,,,,,
712881,鈊象群益62購02,2026-09-08,1.38,-0.1,-6.76,79000000,0,,否,,1.48,,,,,,
712882,新應材群益62購03,2026-09-08,2.86,-0.1,-3.38,372000000,0,,是,,3.08,,,,,,
712884,雙鴻群益62購05,2026-09-08,1.54,-0.5,-24.51,137000000,0,,否,,2.0,,,,,,
712888,由田永豐63購01,2026-09-08,0.93,-0.08,-7.92,16000000,0,,否,,1.13,,,,,,
712889,群聯永豐63購07,2026-09-08,1.19,0.03,2.59,102000000,0,,是,,1.24,,,,,,
712890,廣運永豐63購01,2026-09-08,1.64,-0.02,-1.2,1000000,0,,否,,1.74,1.86,,,-12.5628,,
712893,世紀*國票67購01,2026-09-08,3.04,0.42,16.03,10000000,0,,否,,2.5,,,,,,
712895,由田國票65購01,2026-09-08,0.94,-0.04,-4.08,1000000,0,,否,,1.13,,,,,,
712896,利機國票63購01,2026-09-08,0.83,-0.03,-3.49,35000000,0,,否,,0.87,,,,,,
712897,邑錡國票64購01,2026-09-08,0.87,-0.06,-6.45,35000000,0,,否,,0.95,,,,,,
712898,崇越電國票68購01,2026-09-08,0.52,-0.06,-10.34,100000000,0,,是,,0.59,,,,,,
712901,漢達國票66購01,2026-09-08,2.0,0.3,17.65,2000000,0,,,,,,,,,,
712902,寶雅國票66購01,2026-09-08,0.68,0.0,0.0,15000000,0,,否,,,,,,,,
712903,中美晶元大62購01,2026-09-08,1.04,0.02,1.96,21000000,0,,否,,1.07,,,,,,
712904,方土昶元大62購01,2026-09-08,0.4,-0.03,-6.98,75000000,0,,否,,0.47,,,,,,
712905,均華元大68購01,2026-09-08,1.24,-0.14,-10.14,186000000,0,,否,,1.29,,,,,,
712907,建榮元大62購01,2026-09-08,1.28,0.09,7.56,114000000,0,,否,,1.19,1.2,,,-2.1417,,
712909,寶雅元大62購01,2026-09-08,1.09,-0.02,-1.8,15000000,0,,否,,1.12,,,,,,
712910,由田統一68購02,2026-09-08,0.47,-0.03,-6.0,20000000,0,,否,,0.53,,,,,,
712914,晶呈統一6C購01,2026-09-08,0.77,-0.01,-1.28,25000000,0,,否,,0.78,,,,,,
712916,穩懋富邦65購01,2026-09-08,0.97,-0.03,-3.0,748000000,0,,否,,1.02,,,,,,
712917,寶雅富邦64購01,2026-09-08,0.57,-0.01,-1.72,103000000,0,,否,,0.62,,,,,,
712918,寶雅富邦65購01,2026-09-08,0.55,-0.02,-3.51,4000000,0,,否,,0.58,,,,,,
712919,方土昶元大62購02,2026-09-08,0.52,-0.03,-5.45,254000000,0,,否,,,,,,,,
712920,均華元大68購02,2026-09-08,1.49,-0.13,-8.02,101000000,0,,否,,1.52,,,,,,
712921,宜鼎元大65購03,2026-09-08,1.14,0.0,0.0,55000000,0,,否,,1.15,,,,,,
712922,倉和元大62購03,2026-09-08,3.39,0.55,19.37,1000000,0,,否,,2.81,,,,,,
712923,群聯元大68購03,2026-09-08,0.81,0.0,0.0,107000000,0,,否,,0.8,,,,,,
712925,川寶國票65購02,2026-09-08,0.66,-0.07,-9.59,450000000,0,,否,,0.74,,,,,,
712926,世紀*國票69購01,2026-09-08,2.16,0.28,14.89,6000000,0,,否,,1.82,,,,,,
712929,倉和國票6A購01,2026-09-08,2.28,0.18,8.57,32000000,0,,,,,,,,,,
712930,倉和國票6C購01,2026-09-08,1.99,0.13,6.99,48000000,0,,,,,,,,,,
712931,晟德國票65購01,2026-09-08,0.69,0.03,4.55,61000000,0,,,,,,,,,,
712934,群聯中信62購03,2026-09-08,0.96,-0.02,-2.04,476000000,0,,是,,0.99,,,,,,
712935,雙鴻中信62購01,2026-09-08,1.29,-0.27,-17.31,52000000,0,,否,,1.46,,,,,,
712936,桓達永豐63購01,2026-09-08,0.67,-0.01,-1.47,7000000,0,,否,,,,,,,,
712937,崇越電永豐64購01,2026-09-08,0.4,-0.08,-16.67,1497000000,0,,,,,,,,,,
712938,雙鴻永豐63購05,2026-09-08,1.86,-0.7,-27.34,30000000,0,,否,,2.2,,,,,,
712939,穩懋永豐63購02,2026-09-08,1.37,-0.1,-6.8,10000000,0,,否,,1.46,,,,,,
712940,天良台新62購01,2026-09-08,0.45,-0.03,-6.25,5000000,0,,否,,0.52,,,,,,
712942,崴寶台新62購01,2026-09-08,1.36,-0.34,-20.0,43000000,0,,否,,1.44,,,,,,
712943,新門台新62購01,2026-09-08,0.89,-0.04,-4.3,45000000,0,,否,,0.82,,,,,,
712947,台半凱基64購01,2026-09-08,0.68,-0.07,-9.33,30000000,0,,否,,0.72,,,,,,
712948,弘塑凱基68購01,2026-09-08,1.95,0.06,3.17,327000000,0,,否,,1.72,,,,,,
712949,均華凱基68購02,2026-09-08,1.89,-0.3,-13.7,302000000,0,,否,,2.0,,,,,,
712955,新應材凱基63購07,2026-09-08,2.1,-0.03,-1.41,172000000,0,,否,,2.11,,,,,,
712956,群聯凱基66購05,2026-09-08,2.02,-0.03,-1.46,8000000,0,,否,,,,,,,,
712958,均華群益62購01,2026-09-08,1.58,-0.02,-1.25,706000000,0,,否,,1.65,,,,,,
712959,群聯群益62購06,2026-09-08,1.32,0.07,5.6,5000000,0,,否,,1.23,,,,,,
712960,雙鴻群益62購06,2026-09-08,1.73,-0.51,-22.77,69000000,0,,否,,1.97,,,,,,
712961,元太國泰63購01,2026-09-08,1.34,0.01,0.75,22000000,0,,否,,,,,,,,
712962,倉和國泰63購02,2026-09-08,5.6,0.76,15.7,1000000,0,,否,,4.81,,,,,,
712963,台特化富邦62購01,2026-09-08,0.57,-0.03,-5.0,100000000,0,,否,,0.64,,,,,,
712964,新應材富邦64購03,2026-09-08,0.67,-0.09,-11.84,1611000000,0,,是,,0.71,,,,,,
712967,台半凱基63購02,2026-09-08,1.1,-0.14,-11.29,36000000,0,,是,,,,,,,,
712968,安葆凱基63購01,2026-09-08,1.35,0.06,4.65,24000000,0,,否,,,,,,,,
712970,耕興凱基65購01,2026-09-08,0.75,0.01,1.35,53000000,0,,,,,,,,,,
712971,崇越電凱基68購01,2026-09-08,0.94,-0.14,-12.96,2000000,0,,否,,,,,,,,
712975,臺慶科凱基63購04,2026-09-08,1.17,-0.21,-15.22,65000000,0,,是,,1.31,,,,,,
712976,營邦凱基63購03,2026-09-08,4.24,-0.56,-11.67,69000000,0,,否,,4.4,,,,,,
712977,雙鴻凱基63購11,2026-09-08,4.49,-1.61,-26.39,20000000,0,,否,,5.1,,,,,,
712978,穩懋凱基65購01,2026-09-08,2.88,-0.2,-6.49,30000000,0,,否,,3.05,,,,,,
712979,寶雅*凱基63購04,2026-09-08,0.7,-0.03,-4.11,123000000,0,,,,,,,,,,
712982,世紀*國票65購01,2026-09-08,1.62,0.15,10.2,2000000,0,,否,,1.42,,,,,,
712983,世紀*國票6B購01,2026-09-08,1.79,0.21,13.29,68000000,0,,否,,1.55,,,,,,
712986,宸曜國票63購01,2026-09-08,1.08,-0.31,-22.3,725000000,0,,是,,1.29,,,,,,
712988,新應材國票63購02,2026-09-08,1.72,-0.16,-8.51,33000000,0,,否,,1.78,,,,,,
712989,群翊國票65購01,2026-09-08,0.93,-0.04,-4.12,6000000,0,,否,,0.98,,,,,,
712993,威剛元大65購12,2026-09-08,2.05,0.0,0.0,272000000,0,,是,,1.99,,,,,,
712994,崇越電元大62購02,2026-09-08,0.44,-0.1,-18.52,610000000,0,,是,,,,,,,,
712995,順達元大68購01,2026-09-08,1.26,-0.05,-3.82,120000000,0,,否,,1.32,,,,,,
712996,群聯元大68購04,2026-09-08,2.34,0.05,2.18,2000000,0,,否,,2.3,,,,,,
712997,中美晶群益62購07,2026-09-08,2.06,-0.12,-5.5,7000000,0,,否,,2.1,,,,,,
712998,弘塑群益62購03,2026-09-08,3.32,0.17,5.4,142000000,0,,否,,2.88,,,,,,
712999,弘塑群益68購01,2026-09-08,2.41,0.32,15.31,82000000,0,,是,,2.03,,,,,,
713000,良維群益64購01,2026-09-08,2.49,-0.14,-5.32,280000000,0,,否,,2.52,,,,,,
713003,威剛群益62購07,2026-09-08,4.07,0.12,3.04,62000000,0,,是,,3.82,,,,,,
713007,能率群益62購01,2026-09-08,1.29,-0.02,-1.53,5000000,0,,否,,1.47,,,,,,
713008,高技群益62購01,2026-09-08,2.39,-0.15,-5.91,94000000,0,,否,,2.56,,,,,,
713009,崇越電群益64購01,2026-09-08,0.74,-0.15,-16.85,201000000,0,,否,,0.87,,,,,,
713011,閎康群益62購01,2026-09-08,1.6,-0.17,-9.6,1000000,0,,否,,1.84,,,,,,
713014,新應材群益62購04,2026-09-08,2.6,-0.04,-1.52,230000000,0,,否,,2.71,,,,,,
713016,榮剛群益68購01,2026-09-08,2.95,-0.1,-3.28,2000000,0,,,,,,,,,,
713017,漢達群益62購01,2026-09-08,5.5,1.08,24.43,91000000,0,,否,,3.98,,,,,,
713018,臺慶科群益65購01,2026-09-08,1.43,-0.16,-10.06,110000000,0,,否,,1.56,,,,,,
713019,雙鴻群益62購07,2026-09-08,2.75,-0.7,-20.29,2000000,0,,否,,2.68,,,,,,
713020,穩懋群益63購03,2026-09-08,1.05,0.12,12.9,42000000,0,,否,,1.08,,,,,,
713021,穩懋群益64購04,2026-09-08,1.37,-0.13,-8.67,130000000,0,,是,,1.44,,,,,,
713022,台星科統一68購01,2026-09-08,0.54,-0.03,-5.26,20000000,0,,,,,,,,,,
713023,良維中信62購01,2026-09-08,1.02,-0.03,-2.86,76000000,0,,否,,1.02,,,,,,
713025,宜鼎永豐62購01,2026-09-08,0.65,0.03,4.84,19000000,0,,否,,0.68,,,,,,
713027,朋程永豐63購01,2026-09-08,1.15,-0.1,-8.0,40000000,0,,否,,1.34,,,,,,
713029,新應材永豐64購03,2026-09-08,0.95,-0.03,-3.06,63000000,0,,是,,,,,,,,
713030,立敦台新65購01,2026-09-08,1.9,-0.15,-7.32,1000000,0,,否,,,,,,,,
713031,宜鼎台新62購05,2026-09-08,2.63,-0.15,-5.4,39000000,0,,否,,2.8,,,,,,
713032,元太群益62購02,2026-09-08,0.85,-0.05,-5.56,33000000,0,,否,,,,,,,,
713033,群聯群益62購08,2026-09-08,1.62,0.12,8.0,28000000,0,,是,,,,,,,,
713037,台星科元大62購03,2026-09-08,0.57,-0.1,-14.93,394000000,0,,否,,0.67,,,,,,
713038,安葆元大62購01,2026-09-08,1.15,-0.01,-0.86,88000000,0,,否,,1.12,,,,,,
713039,安葆元大62購02,2026-09-08,0.67,0.03,4.69,31000000,0,,,,,,,,,,
713040,竑騰元大62購01,2026-09-08,1.1,-0.08,-6.78,91000000,0,,否,,1.1,,,,,,
713041,雙鴻元大62購02,2026-09-08,1.6,-0.41,-20.4,10000000,0,,否,,1.54,,,,,,
713042,雙鴻元大62購03,2026-09-08,1.99,-0.42,-17.43,31000000,0,,否,,1.92,,,,,,
713044,中美晶凱基63購07,2026-09-08,2.63,-0.01,-0.38,60000000,0,,是,,2.6,,,,,,
713045,弘塑凱基63購06,2026-09-08,2.7,0.26,10.66,473000000,0,,是,,2.31,,,,,,
713047,宜鼎凱基63購07,2026-09-08,1.73,0.0,0.0,11000000,0,,否,,1.85,,,,,,
713048,威剛凱基65購02,2026-09-08,3.58,0.2,5.92,15000000,0,,是,,,,,,,,
713049,原相凱基63購01,2026-09-08,1.6,-0.1,-5.88,1000000,0,,,,,,,,,,
713050,能率凱基63購01,2026-09-08,1.55,0.02,1.31,10000000,0,,,,,,,,,,
713053,新應材凱基63購08,2026-09-08,2.26,-0.35,-13.41,52000000,0,,是,,2.44,,,,,,
713059,安葆國票63購01,2026-09-08,0.71,0.03,4.41,60000000,0,,,,,,,,,,
713060,信立國票63購01,2026-09-08,2.02,0.16,8.6,24000000,0,,否,,,,,,,,
713064,世界永豐63購01,2026-09-08,1.64,-0.11,-6.29,172000000,0,,是,,,,,,,,
713065,世界永豐64購02,2026-09-08,1.92,-0.14,-6.8,177000000,0,,是,,1.94,,,,,,
713066,安葆永豐64購01,2026-09-08,1.26,0.02,1.61,78000000,0,,,,,,,,,,
713067,威剛永豐63購01,2026-09-08,2.0,0.02,1.01,79000000,0,,是,,2.0,,,,,,
713068,威剛永豐63購02,2026-09-08,1.74,0.13,8.07,65000000,0,,,,,,,,,,
713070,元太富邦64購02,2026-09-08,0.53,-0.05,-8.62,334000000,0,,否,,0.58,,,,,,
713072,威剛富邦68購01,2026-09-08,0.76,0.04,5.56,157000000,0,,否,,0.72,,,,,,
713073,高技富邦64購01,2026-09-08,0.94,-0.07,-6.93,414000000,0,,是,,1.02,,,,,,
713074,博智富邦63購03,2026-09-08,0.94,-0.08,-7.84,38000000,0,,是,,,,,,,,
713075,智通*富邦64購03,2026-09-08,0.77,-0.02,-2.53,128000000,0,,否,,,,,,,,
713077,寶雅*富邦64購02,2026-09-08,0.62,-0.02,-3.12,128000000,0,,是,,0.63,,,,,,
713078,建榮統一6B購01,2026-09-08,0.56,0.01,1.82,21000000,0,,否,,0.56,,,,,,
713079,巨有台新62購01,2026-09-08,2.62,0.56,27.18,42000000,0,,否,,2.12,,,,,,
713081,竑騰台新62購04,2026-09-08,1.38,-0.04,-2.82,20000000,0,,否,,1.33,,,,,,
713082,高技台新62購01,2026-09-08,2.25,-0.14,-5.86,18000000,0,,否,,2.36,,,,,,
713085,榮剛台新65購01,2026-09-08,1.27,-0.07,-5.22,44000000,0,,,,,,,,,,
713086,穩懋台新62購02,2026-09-08,5.0,-0.25,-4.76,51000000,0,,否,,5.25,,,,,,
713087,穩懋台新62購03,2026-09-08,3.6,-0.18,-4.76,60000000,0,,否,,3.82,,,,,,
713088,大江凱基65購01,2026-09-08,0.75,0.01,1.35,47000000,0,,否,,0.79,,,,,,
713089,元太凱基63購03,2026-09-08,1.12,-0.07,-5.88,37000000,0,,,,,,,,,,
713090,台星科凱基63購01,2026-09-08,1.21,-0.27,-18.24,2000000,0,,,,,,,,,,
713092,威剛凱基63購08,2026-09-08,1.93,0.17,9.66,12000000,0,,,,,,,,,,
713094,威剛凱基63購10,2026-09-08,2.05,0.21,11.41,22000000,0,,,,,,,,,,
713095,威剛凱基63購11,2026-09-08,2.18,0.04,1.87,22000000,0,,否,,2.13,,,,,,
713096,竑騰凱基63購01,2026-09-08,0.9,-0.07,-7.22,177000000,0,,否,,0.91,,,,,,
713098,群聯凱基63購16,2026-09-08,2.57,0.04,1.58,5000000,0,,否,,2.43,,,,,,
713099,聖暉*凱基63購01,2026-09-08,1.12,-0.09,-7.44,164000000,0,,是,,1.13,,,,,,
713101,雙鴻凱基68購01,2026-09-08,4.54,-1.21,-21.04,11000000,0,,否,,,,,,,,
713102,高技國泰63購01,2026-09-08,1.79,-0.11,-5.79,45000000,0,,否,,1.95,,,,,,
713103,群翊國泰63購01,2026-09-08,1.88,-0.11,-5.53,1000000,0,,否,,2.05,,,,,,
713107,竑騰國票64購01,2026-09-08,1.25,-0.06,-4.58,40000000,0,,否,,1.23,,,,,,
713109,聖暉*富邦62購02,2026-09-08,0.63,-0.05,-7.35,895000000,0,,是,,0.65,,,,,,
713110,台半中信62購01,2026-09-08,0.74,-0.08,-9.76,7000000,0,,否,,0.78,,,,,,
713111,宜鼎中信62購02,2026-09-08,0.57,-0.04,-6.56,99000000,0,,否,,0.62,,,,,,
713114,宏碩永豐65購01,2026-09-08,1.13,-0.01,-0.88,85000000,0,,,,,,,,,,
713116,竑騰永豐63購02,2026-09-08,0.61,-0.03,-4.69,70000000,0,,否,,0.62,,,,,,
713117,頎邦永豐64購02,2026-09-08,1.97,0.05,2.6,151000000,0,,否,,1.94,,,,,,
713118,榮剛永豐63購02,2026-09-08,0.93,0.0,0.0,5000000,0,,,,,,,,,,
713120,中美晶群益62購08,2026-09-08,1.51,-0.1,-6.21,73000000,0,,是,,1.54,,,,,,
713121,元太群益62購03,2026-09-08,0.91,-0.04,-4.21,5000000,0,,,,,,,,,,
713122,台半群益62購04,2026-09-08,2.65,-0.14,-5.02,15000000,0,,否,,2.77,,,,,,
713123,系統電群益64購01,2026-09-08,1.26,-0.04,-3.08,10000000,0,,,,,,,,,,
713124,宜鼎群益64購01,2026-09-08,0.99,0.0,0.0,30000000,0,,是,,,,,,,,
713125,欣銓群益62購01,2026-09-08,3.65,0.22,6.41,10000000,0,,否,,3.44,,,,,,
713126,青雲群益64購01,2026-09-08,1.49,-0.01,-0.67,33000000,0,,否,,1.54,,,,,,
713127,威剛群益62購08,2026-09-08,1.85,0.01,0.54,137000000,0,,是,,1.85,,,,,,
713130,鈊象群益62購04,2026-09-08,1.16,-0.11,-8.66,647000000,0,,是,,1.26,,,,,,
713131,新應材群益62購05,2026-09-08,0.5,-0.14,-21.88,13000000,0,,否,,0.55,,,,,,
713132,群翊群益62購01,2026-09-08,1.7,0.12,7.59,379000000,0,,是,,1.71,,,,,,
713134,鉅橡群益62購01,2026-09-08,2.47,-0.24,-8.86,102000000,0,,否,,,,,,,,
713135,頎邦群益63購01,2026-09-08,3.24,-0.45,-12.2,213000000,0,,否,,3.32,,,,,,
713137,廣閎科群益62購01,2026-09-08,3.15,0.04,1.29,22000000,0,,否,,2.95,,,,,,
713139,中美晶元大62購02,2026-09-08,1.22,-0.01,-0.81,39000000,0,,否,,1.2,,,,,,
713140,弘塑元大62購02,2026-09-08,1.47,0.19,14.84,915000000,0,,是,,1.21,,,,,,
713141,均華元大62購01,2026-09-08,1.25,-0.04,-3.1,47000000,0,,否,,1.19,,,,,,
713142,沛亨元大62購01,2026-09-08,1.32,0.1,8.2,210000000,0,,否,,1.27,,,,,,
713143,宜鼎元大62購03,2026-09-08,0.59,-0.02,-3.28,505000000,0,,是,,0.68,,,,,,
713144,威剛元大65購13,2026-09-08,1.71,0.05,3.01,208000000,0,,否,,1.63,,,,,,
713145,高技元大62購01,2026-09-08,0.76,-0.02,-2.56,155000000,0,,否,,0.78,,,,,,
713146,群聯元大62購05,2026-09-08,1.29,-0.02,-1.53,113000000,0,,否,,1.37,,,,,,
713147,群聯元大62購06,2026-09-08,1.19,0.04,3.48,204000000,0,,是,,1.23,,,,,,
713150,弘塑凱基65購01,2026-09-08,4.08,0.5,13.97,404000000,0,,是,,3.38,,,,,,
713151,均華凱基62購01,2026-09-08,2.45,-0.48,-16.38,189000000,0,,否,,2.62,,,,,,
713153,宜鼎凱基64購03,2026-09-08,1.06,0.04,3.92,68000000,0,,否,,,,,,,,
713154,威剛凱基62購01,2026-09-08,1.71,0.18,11.76,30000000,0,,否,,,,,,,,
713155,高技凱基65購01,2026-09-08,2.07,-0.25,-10.78,280000000,0,,是,,2.33,,,,,,
713157,新應材凱基62購01,2026-09-08,1.79,-0.22,-10.95,92000000,0,,是,,2.02,,,,,,
713158,群聯凱基62購02,2026-09-08,1.56,0.05,3.31,125000000,0,,否,,,,,,,,
713159,頎邦凱基68購01,2026-09-08,4.16,-0.08,-1.89,7000000,0,,否,,4.04,,,,,,
713160,廣閎科凱基62購01,2026-09-08,2.96,0.1,3.5,668000000,0,,否,,2.73,,,,,,
713165,磐亞凱基62購05,2026-09-08,1.27,0.0,0.0,50000000,0,,,,,,,,,,
713166,環球晶凱基62購01,2026-09-08,1.08,-0.09,-7.69,47000000,0,,,,,,,,,,
713167,環球晶凱基62購02,2026-09-08,1.12,-0.23,-17.04,229000000,0,,否,,1.22,,,,,,
713168,環球晶凱基62購03,2026-09-08,1.17,-0.06,-4.88,63000000,0,,,,,,,,,,
713169,環球晶凱基62購04,2026-09-08,1.14,-0.18,-13.64,27000000,0,,否,,,,,,,,
713170,環球晶凱基62購05,2026-09-08,1.17,-0.03,-2.5,104000000,0,,,,,,,,,,
713171,環球晶凱基64購01,2026-09-08,0.95,0.05,5.56,62000000,0,,否,,0.89,,,,,,
713172,環球晶凱基64購02,2026-09-08,0.73,-0.08,-9.88,743000000,0,,是,,0.77,,,,,,
713173,環球晶凱基64購03,2026-09-08,1.09,0.01,0.93,83000000,0,,,,,,,,,,
713174,環球晶凱基64購04,2026-09-08,0.87,-0.11,-11.22,92000000,0,,是,,0.92,,,,,,
713175,雙鴻凱基68購02,2026-09-08,2.58,-0.47,-15.41,6000000,0,,否,,2.97,,,,,,
713176,宏碩台新62購01,2026-09-08,1.77,-0.12,-6.35,2000000,0,,否,,1.91,,,,,,
713178,環球晶台新62購03,2026-09-08,1.23,-0.12,-8.89,36000000,0,,否,,1.27,,,,,,
713179,環球晶台新62購04,2026-09-08,1.03,0.04,4.04,163000000,0,,否,,1.01,,,,,,
713180,環球晶台新62購05,2026-09-08,0.88,0.03,3.53,31000000,0,,否,,0.83,,,,,,
713182,環球晶台新68購01,2026-09-08,2.22,-0.31,-12.25,33000000,0,,否,,2.34,,,,,,
713183,環球晶台新68購02,2026-09-08,1.97,-0.13,-6.19,91000000,0,,否,,2.02,,,,,,
713184,元太群益62購04,2026-09-08,0.85,-0.05,-5.56,33000000,0,,否,,,,,,,,
713185,宜鼎群益62購03,2026-09-08,1.82,0.15,8.98,38000000,0,,否,,1.83,,,,,,
713186,環球晶群益62購02,2026-09-08,1.02,-0.11,-9.73,82000000,0,,是,,1.07,,,,,,
713187,環球晶群益62購03,2026-09-08,0.99,-0.01,-1.0,55000000,0,,,,,,,,,,
713189,環球晶群益63購01,2026-09-08,1.38,0.04,2.99,63000000,0,,是,,1.36,,,,,,
713190,環球晶統一66購01,2026-09-08,0.75,-0.04,-5.06,655000000,0,,是,,0.79,,,,,,
713191,環球晶統一6A購01,2026-09-08,0.74,-0.01,-1.33,40000000,0,,,,,,,,,,
713192,環球晶統一6A購02,2026-09-08,0.61,-0.02,-3.17,180000000,0,,否,,0.63,,,,,,
713193,環球晶統一6C購01,2026-09-08,0.5,-0.01,-1.96,42000000,0,,是,,,,,,,,
713194,環球晶統一78購01,2026-09-08,0.57,-0.02,-3.39,232000000,0,,否,,0.58,,,,,,
713196,威剛國泰63購02,2026-09-08,1.61,0.09,5.92,58000000,0,,,,,,,,,,
713199,環球晶國泰67購01,2026-09-08,1.61,-0.12,-6.94,194000000,0,,是,,1.64,,,,,,
713200,良維富邦64購01,2026-09-08,0.98,-0.06,-5.77,2000000,0,,否,,0.96,,,,,,
713201,群翊富邦65購01,2026-09-08,0.62,-0.02,-3.12,18000000,0,,否,,0.64,,,,,,
713202,環球晶富邦62購01,2026-09-08,0.6,-0.1,-14.29,754000000,0,,是,,0.64,,,,,,
713203,環球晶富邦62購02,2026-09-08,0.6,-0.04,-6.25,523000000,0,,否,,0.65,,,,,,
713204,環球晶富邦65購01,2026-09-08,0.52,-0.03,-5.45,431000000,0,,是,,0.55,,,,,,
713205,環球晶中信62購01,2026-09-08,0.37,-0.03,-7.5,388000000,0,,否,,0.4,,,,,,
713206,環球晶中信62購02,2026-09-08,0.65,-0.01,-1.52,166000000,0,,是,,0.66,,,,,,
713208,環球晶永豐63購01,2026-09-08,1.06,-0.06,-5.36,49000000,0,,否,,1.09,,,,,,
713209,環球晶永豐63購02,2026-09-08,0.9,-0.1,-10.0,261000000,0,,是,,0.92,,,,,,
713210,環球晶永豐63購03,2026-09-08,0.91,-0.06,-6.19,186000000,0,,是,,1.08,,,,,,
713211,環球晶永豐63購04,2026-09-08,0.85,-0.05,-5.56,233000000,0,,是,,,,,,,,
713212,環球晶永豐63購05,2026-09-08,1.17,0.01,0.86,60000000,0,,否,,1.11,,,,,,
713213,環球晶永豐63購06,2026-09-08,1.26,-0.02,-1.56,104000000,0,,是,,1.23,,,,,,
713214,環球晶永豐65購01,2026-09-08,1.4,0.04,2.94,63000000,0,,,,,,,,,,
713216,環球晶永豐65購03,2026-09-08,1.48,-0.03,-1.99,51000000,0,,否,,1.53,,,,,,
713218,環球晶永豐68購02,2026-09-08,2.44,-0.12,-4.69,12000000,0,,否,,2.54,,,,,,
713219,環球晶永豐72購01,2026-09-08,3.34,-0.12,-3.47,37000000,0,,,,,,,,,,
713222,中美晶國票63購02,2026-09-08,1.01,-0.07,-6.48,15000000,0,,否,,1.04,,,,,,
713223,均華國票65購01,2026-09-08,3.2,-0.4,-11.11,193000000,0,,是,,3.29,,,,,,
713231,中美晶元大62購03,2026-09-08,0.57,0.02,3.64,3000000,0,,否,,0.56,,,,,,
713233,均華元大66購01,2026-09-08,1.62,-0.03,-1.82,293000000,0,,否,,1.57,,,,,,
713234,均華元大67購01,2026-09-08,1.4,0.03,2.19,56000000,0,,否,,1.3,,,,,,
713235,威剛元大65購14,2026-09-08,1.18,-0.14,-10.61,168000000,0,,是,,1.25,,,,,,
713236,群聯元大62購07,2026-09-08,1.56,0.05,3.31,25000000,0,,否,,1.5,,,,,,
713237,群聯元大62購08,2026-09-08,1.43,0.01,0.7,682000000,0,,是,,,,,,,,
713239,營邦元大65購01,2026-09-08,1.54,-0.17,-9.94,87000000,0,,否,,1.6,,,,,,
713240,環球晶元大62購01,2026-09-08,0.92,-0.09,-8.91,67000000,0,,否,,0.95,,,,,,
713241,環球晶元大62購02,2026-09-08,0.9,-0.03,-3.23,348000000,0,,否,,0.89,,,,,,
713242,環球晶元大62購03,2026-09-08,0.5,-0.03,-5.66,1217000000,0,,否,,0.54,,,,,,
713243,環球晶元大65購03,2026-09-08,1.02,-0.04,-3.77,710000000,0,,是,,1.07,,,,,,
713244,環球晶元大68購09,2026-09-08,1.28,-0.01,-0.78,487000000,0,,否,,1.27,,,,,,
713245,元太凱基63購04,2026-09-08,1.85,-0.05,-2.63,10000000,0,,,,,,,,,,
713246,威剛凱基65購03,2026-09-08,2.42,0.17,7.56,21000000,0,,,,,,,,,,
713248,營邦凱基63購04,2026-09-08,2.3,-0.21,-8.37,220000000,0,,否,,2.27,,,,,,
713249,雙鴻凱基64購03,2026-09-08,2.79,-0.69,-19.83,15000000,0,,否,,3.22,,,,,,
713250,聖暉*台新63購01,2026-09-08,1.96,-0.22,-10.09,123000000,0,,否,,1.97,,,,,,
713251,璟德台新65購01,2026-09-08,1.36,0.06,4.62,50000000,0,,否,,,,,,,,
713252,優群台新65購01,2026-09-08,1.67,-0.05,-2.91,6000000,0,,否,,1.76,,,,,,
713255,中美晶群益63購04,2026-09-08,3.81,0.01,0.26,86000000,0,,是,,3.86,,,,,,
713256,弘塑群益63購04,2026-09-08,5.2,0.6,13.04,77000000,0,,否,,4.35,,,,,,
713258,威剛群益63購03,2026-09-08,2.9,0.07,2.47,38000000,0,,是,,,,,,,,
713259,順達群益63購03,2026-09-08,3.43,-0.14,-3.92,25000000,0,,否,,3.65,,,,,,
713260,鈊象群益63購02,2026-09-08,1.76,-0.12,-6.38,54000000,0,,是,,1.83,,,,,,
713261,新應材群益64購01,2026-09-08,0.99,-0.02,-1.98,10000000,0,,,,,,,,,,
713263,雙鴻群益63購05,2026-09-08,2.02,-0.53,-20.78,1000000,0,,否,,,,,,,,
713266,穩懋中信63購01,2026-09-08,0.97,-0.04,-3.96,231000000,0,,否,,1.03,,,,,,
713269,雙鴻永豐65購03,2026-09-08,4.96,-1.24,-20.0,250000000,0,,是,,5.62,,,,,,
713271,譜瑞永豐63購01,2026-09-08,1.74,-0.1,-5.43,11000000,0,,否,,,,,,,,
713272,中美晶元大63購05,2026-09-08,1.28,-0.08,-5.88,287000000,0,,是,,1.33,,,,,,
713275,宜鼎元大65購04,2026-09-08,1.41,-0.07,-4.73,39000000,0,,否,,1.45,,,,,,
713276,宜鼎元大66購01,2026-09-08,1.02,-0.08,-7.27,305000000,0,,是,,1.15,,,,,,
713277,威剛元大63購05,2026-09-08,1.66,0.04,2.47,329000000,0,,是,,1.63,,,,,,
713278,威剛元大65購15,2026-09-08,0.87,-0.01,-1.14,229000000,0,,是,,,,,,,,
713279,高技元大63購03,2026-09-08,1.96,-0.11,-5.31,144000000,0,,是,,2.05,,,,,,
713280,高技元大63購04,2026-09-08,1.83,-0.14,-7.11,112000000,0,,是,,1.96,,,,,,
713281,順達元大65購01,2026-09-08,1.88,-0.08,-4.08,13000000,0,,否,,2.01,,,,,,
713282,鈊象元大63購10,2026-09-08,1.64,-0.03,-1.8,36000000,0,,是,,1.65,,,,,,
713283,群聯元大63購17,2026-09-08,1.38,0.01,0.73,365000000,0,,,,,,,,,,
713284,群聯元大63購18,2026-09-08,1.18,-0.04,-3.28,64000000,0,,是,,1.2,,,,,,
713285,營邦元大65購02,2026-09-08,2.38,-0.13,-5.18,177000000,0,,是,,2.43,,,,,,
713286,營邦元大66購01,2026-09-08,2.02,-0.13,-6.05,507000000,0,,是,,2.07,,,,,,
713287,弘塑國票63購02,2026-09-08,1.38,0.03,2.22,3000000,0,,,,,,,,,,
713288,正德國票63購01,2026-09-08,1.09,-0.06,-5.22,4000000,0,,,,,,,,,,
713289,正德國票64購01,2026-09-08,1.15,-0.05,-4.17,4000000,0,,,,,,,,,,
713290,鈊象國票66購01,2026-09-08,1.03,-0.04,-3.74,14000000,0,,,,,,,,,,
713293,聖暉*國票68購01,2026-09-08,1.38,-0.11,-7.38,50000000,0,,,,,,,,,,
713295,營邦國票63購01,2026-09-08,2.53,-0.56,-18.12,5000000,0,,否,,2.75,,,,,,
713296,營邦國票64購01,2026-09-08,2.63,-0.45,-14.61,349000000,0,,否,,2.83,,,,,,
713297,環球晶國票63購01,2026-09-08,1.85,-0.09,-4.64,384000000,0,,是,,1.91,,,,,,
713298,晶呈富邦64購01,2026-09-08,0.69,-0.03,-4.17,158000000,0,,,,,,,,,,
713299,廣閎科富邦63購01,2026-09-08,0.73,0.03,4.29,418000000,0,,否,,0.71,,,,,,
713300,穩懋富邦63購02,2026-09-08,1.42,-0.02,-1.39,273000000,0,,否,,1.5,,,,,,
713303,晶呈國泰63購02,2026-09-08,1.3,-0.05,-3.7,60000000,0,,,,,,,,,,
713304,磐亞國泰63購01,2026-09-08,0.67,-0.02,-2.9,20000000,0,,是,,0.83,,,,,,
713306,穩懋國泰65購01,2026-09-08,1.42,-0.06,-4.05,11000000,0,,否,,1.47,,,,,,
713308,千附精凱基65購01,2026-09-08,1.53,-0.34,-18.18,286000000,0,,是,,,,,,,,
713309,中美晶凱基63購08,2026-09-08,2.37,-0.04,-1.66,18000000,0,,是,,2.41,,,,,,
713310,台半凱基65購01,2026-09-08,1.12,-0.13,-10.4,36000000,0,,是,,,,,,,,
713311,弘塑凱基63購07,2026-09-08,2.22,0.51,29.82,134000000,0,,是,,1.78,,,,,,
713312,良維凱基63購02,2026-09-08,3.7,-0.3,-7.5,100000000,0,,是,,3.74,,,,,,
713313,高技凱基63購02,2026-09-08,2.12,-0.36,-14.52,275000000,0,,是,,2.48,,,,,,
713314,順達凱基63購09,2026-09-08,4.11,-0.28,-6.38,3000000,0,,,,,,,,,,
713316,新應材凱基65購01,2026-09-08,2.83,-0.08,-2.75,36000000,0,,否,,2.9,,,,,,
713317,群翊凱基63購01,2026-09-08,1.95,0.0,0.0,33000000,0,,否,,2.06,,,,,,
713318,頎邦凱基63購05,2026-09-08,1.35,-0.22,-14.01,154000000,0,,是,,,,,,,,
713319,頎邦凱基63購06,2026-09-08,1.31,0.12,10.08,20000000,0,,否,,1.24,,,,,,
713321,精材凱基63購04,2026-09-08,5.55,0.45,8.82,2000000,0,,否,,4.49,,,,,,
713324,環球晶凱基63購01,2026-09-08,1.81,-0.12,-6.22,259000000,0,,否,,1.92,,,,,,
713325,高技台新63購01,2026-09-08,1.83,-0.29,-13.68,64000000,0,,是,,,,,,,,
713326,華宏台新63購01,2026-09-08,1.1,-0.15,-12.0,156000000,0,,否,,1.03,,,,,,
713330,頎邦台新65購01,2026-09-08,2.05,-0.27,-11.64,634000000,0,,是,,2.14,,,,,,
713333,雙鴻台新65購03,2026-09-08,14.0,-0.2,-1.41,1000000,0,,否,,12.86,,,,,,
713334,譜瑞台新65購01,2026-09-08,1.83,-0.21,-10.29,2000000,0,,否,,2.03,,,,,,
713335,千附精元大63購02,2026-09-08,1.36,-0.07,-4.9,129000000,0,,是,,1.37,,,,,,
713336,元太元大63購09,2026-09-08,0.73,-0.08,-9.88,210000000,0,,否,,,,,,,,
713337,元太元大65購05,2026-09-08,0.97,-0.07,-6.73,220000000,0,,是,,,,,,,,
713339,高技元大63購05,2026-09-08,1.67,-0.13,-7.22,141000000,0,,是,,1.75,,,,,,
713341,群聯元大63購19,2026-09-08,1.28,-0.01,-0.78,490000000,0,,是,,,,,,,,
713342,精材元大65購01,2026-09-08,1.7,0.0,0.0,133000000,0,,是,,1.52,,,,,,
713343,環球晶元大63購01,2026-09-08,1.49,-0.15,-9.15,167000000,0,,否,,1.56,,,,,,
713344,環球晶元大63購02,2026-09-08,1.39,-0.04,-2.8,63000000,0,,否,,1.41,,,,,,
713345,環球晶元大63購03,2026-09-08,0.99,-0.12,-10.81,333000000,0,,否,,1.04,,,,,,
713346,環球晶元大65購04,2026-09-08,0.93,-0.06,-6.06,610000000,0,,是,,0.97,,,,,,
713347,環球晶元大68購10,2026-09-08,0.74,-0.06,-7.5,372000000,0,,是,,0.77,,,,,,
713351,雙鴻元大65購01,2026-09-08,1.38,-0.31,-18.34,170000000,0,,是,,1.53,,,,,,
713353,弘塑中信65購01,2026-09-08,0.81,0.06,8.0,1861000000,0,,是,,,,,,,,
713355,精材中信68購01,2026-09-08,1.29,0.02,1.57,78000000,0,,否,,1.14,,,,,,
713356,千附精永豐63購02,2026-09-08,0.78,-0.1,-11.36,3000000,0,,,,,,,,,,
713358,弘塑永豐63購03,2026-09-08,1.67,0.35,26.52,176000000,0,,是,,1.38,,,,,,
713359,弘塑永豐68購01,2026-09-08,3.23,0.47,17.03,51000000,0,,,,,,,,,,
713361,均華永豐63購03,2026-09-08,1.16,-0.2,-14.71,89000000,0,,是,,1.2,,,,,,
713364,高技永豐65購01,2026-09-08,1.13,-0.05,-4.24,190000000,0,,是,,,,,,,,
713366,博智永豐63購02,2026-09-08,1.24,-0.08,-6.06,20000000,0,,否,,1.46,,,,,,
713367,華宏永豐63購01,2026-09-08,1.17,-0.25,-17.61,13000000,0,,,,,,,,,,
713369,新應材永豐66購01,2026-09-08,1.15,-0.06,-4.96,100000000,0,,是,,1.25,,,,,,
713370,頎邦永豐63購03,2026-09-08,1.3,-0.03,-2.26,106000000,0,,否,,1.27,,,,,,
713371,頎邦永豐63購04,2026-09-08,0.95,-0.07,-6.86,143000000,0,,否,,0.97,,,,,,
713373,精材永豐63購04,2026-09-08,2.1,-0.16,-7.08,15000000,0,,,,,,,,,,
713376,穩懋永豐63購04,2026-09-08,2.84,0.03,1.07,50000000,0,,否,,3.03,,,,,,
713377,中美晶群益63購05,2026-09-08,3.0,-0.29,-8.81,52000000,0,,是,,3.12,,,,,,
713378,世界群益63購02,2026-09-08,0.87,-0.02,-2.25,42000000,0,,是,,,,,,,,
713380,弘塑群益63購05,2026-09-08,1.33,0.1,8.13,345000000,0,,,,,,,,,,
713381,均華群益66購01,2026-09-08,5.2,0.1,1.96,60000000,0,,是,,5.0,,,,,,
713382,威剛群益63購04,2026-09-08,1.59,0.11,7.43,84000000,0,,是,,,,,,,,
713383,威剛群益63購05,2026-09-08,1.07,0.12,12.63,29000000,0,,,,,,,,,,
713385,鈊象群益63購03,2026-09-08,1.88,-0.07,-3.59,28000000,0,,否,,1.91,,,,,,
713386,新應材群益63購01,2026-09-08,0.79,0.0,0.0,1000000,0,,,,,,,,,,
713387,群聯群益63購05,2026-09-08,2.34,0.03,1.3,32000000,0,,是,,2.27,,,,,,
713389,精材群益63購04,2026-09-08,4.3,0.11,2.63,246000000,0,,是,,3.72,,,,,,
713391,雙鴻群益66購01,2026-09-08,0.99,-0.18,-15.38,31000000,0,,,,,,,,,,
713392,穩懋群益65購01,2026-09-08,1.29,-0.05,-3.73,13000000,0,,否,,1.44,,,,,,
713394,世界國票65購01,2026-09-08,0.79,-0.03,-3.66,30000000,0,,,,,,,,,,
713396,沛亨國票63購01,2026-09-08,1.35,0.14,11.57,7000000,0,,,,,,,,,,
713398,宜特國票65購01,2026-09-08,0.77,-0.04,-4.94,3000000,0,,,,,,,,,,
713400,長科*國票63購01,2026-09-08,0.82,-0.06,-6.82,12000000,0,,,,,,,,,,
713405,鉅橡國票65購01,2026-09-08,0.86,-0.03,-3.37,300000000,0,,否,,0.9,,,,,,
713407,環球晶國票63購02,2026-09-08,1.65,-0.06,-3.51,96000000,0,,是,,1.68,,,,,,
713409,頎邦國泰63購05,2026-09-08,1.47,-0.13,-8.12,155000000,0,,是,,1.48,,,,,,
713411,雙鴻國泰63購04,2026-09-08,2.5,-0.72,-22.36,175000000,0,,是,,,,,,,,
713412,均華統一67購01,2026-09-08,0.89,-0.01,-1.11,639000000,0,,是,,0.87,,,,,,
713413,東捷統一68購02,2026-09-08,1.19,0.26,27.96,139000000,0,,否,,0.88,,,,,,
713417,雙鴻統一65購03,2026-09-08,1.1,-0.23,-17.29,32000000,0,,否,,1.25,,,,,,
713418,穩懋統一65購03,2026-09-08,0.86,-0.04,-4.44,834000000,0,,是,,0.89,,,,,,
713419,弘塑富邦63購03,2026-09-08,1.04,0.08,8.33,508000000,0,,是,,0.93,,,,,,
713420,群聯富邦65購01,2026-09-08,1.0,-0.02,-1.96,51000000,0,,是,,0.97,,,,,,
713421,群聯富邦65購02,2026-09-08,0.92,-0.02,-2.13,291000000,0,,是,,0.9,,,,,,
713423,精材富邦68購01,2026-09-08,1.71,0.01,0.59,933000000,0,,是,,,,,,,,
713424,廣閎科富邦63購02,2026-09-08,0.81,0.03,3.85,374000000,0,,是,,0.77,,,,,,
713425,茂綸國票68購01,2026-09-08,0.64,0.01,1.59,500000000,0,,是,,,,,,,,
713428,均華凱基65購01,2026-09-08,2.58,0.02,0.78,89000000,0,,是,,,,,,,,
713430,威剛凱基63購12,2026-09-08,2.21,0.02,0.91,50000000,0,,是,,,,,,,,
713432,群聯凱基68購02,2026-09-08,2.95,0.02,0.68,108000000,0,,是,,,,,,,,
713434,穩懋凱基63購09,2026-09-08,1.75,-0.12,-6.42,33000000,0,,否,,1.9,,,,,,
713439,譜瑞凱基65購02,2026-09-08,2.19,-0.22,-9.13,37000000,0,,是,,2.39,,,,,,
713440,久元台新63購01,2026-09-08,1.35,0.01,0.75,3000000,0,,,,,,,,,,
713441,均華台新63購02,2026-09-08,1.87,-0.23,-10.95,30000000,0,,是,,1.86,,,,,,
713446,倚強台新63購01,2026-09-08,1.38,0.05,3.76,33000000,0,,否,,,,,,,,
713447,群聯台新63購02,2026-09-08,1.74,0.05,2.96,147000000,0,,是,,1.72,,,,,,
713451,頎邦台新63購01,2026-09-08,1.75,0.09,5.42,322000000,0,,是,,1.6,,,,,,
713452,鴻呈台新63購01,2026-09-08,0.5,-0.05,-9.09,26000000,0,,是,,,,,,,,
713454,穩懋台新65購03,2026-09-08,1.98,-0.13,-6.16,56000000,0,,是,,2.12,,,,,,
713455,高技中信65購01,2026-09-08,0.83,-0.12,-12.63,245000000,0,,是,,,,,,,,
713456,崇越電中信63購01,2026-09-08,0.38,-0.1,-20.83,5000000,0,,,,,,,,,,
713457,群聯中信68購01,2026-09-08,0.46,0.0,0.0,210000000,0,,是,,,,,,,,
713460,互動永豐63購01,2026-09-08,1.68,-0.04,-2.33,1000000,0,,否,,,,,,,,
713461,均華永豐63購04,2026-09-08,1.59,0.04,2.58,38000000,0,,,,,,,,,,
713462,沛亨永豐63購01,2026-09-08,2.6,0.23,9.7,360000000,0,,是,,2.58,,,,,,
713464,宜鼎永豐63購07,2026-09-08,0.66,0.01,1.54,91000000,0,,,,,,,,,,
713467,新應材永豐66購02,2026-09-08,1.09,-0.03,-2.68,20000000,0,,,,,,,,,,
713468,環球晶永豐63購07,2026-09-08,1.64,0.02,1.23,37000000,0,,是,,,,,,,,
713469,環球晶永豐63購08,2026-09-08,1.23,-0.09,-6.82,47000000,0,,是,,1.3,,,,,,
713470,鴻呈永豐65購01,2026-09-08,0.67,-0.05,-6.94,30000000,0,,,,,,,,,,
713472,弘塑群益63購06,2026-09-08,2.96,0.43,17.0,58000000,0,,,,,,,,,,
713474,倚強群益65購01,2026-09-08,1.27,-0.07,-5.22,31000000,0,,,,,,,,,,
713475,高技群益63購01,2026-09-08,1.42,-0.2,-12.35,96000000,0,,是,,,,,,,,
713478,頎邦群益63購02,2026-09-08,3.08,-0.24,-7.23,155000000,0,,是,,3.12,,,,,,
713479,精材群益63購05,2026-09-08,3.61,0.25,7.44,79000000,0,,,,,,,,,,
713480,精材群益65購01,2026-09-08,2.55,0.1,4.08,176000000,0,,,,,,,,,,
713481,環球晶群益63購02,2026-09-08,1.49,-0.26,-14.86,155000000,0,,是,,1.62,,,,,,
713482,穩懋群益63購04,2026-09-08,1.52,-0.11,-6.75,504000000,0,,否,,1.65,,,,,,
713485,高技國泰63購02,2026-09-08,1.31,-0.16,-10.88,41000000,0,,否,,,,,,,,
713486,世界富邦63購01,2026-09-08,0.64,-0.04,-5.88,209000000,0,,是,,,,,,,,
713487,均華富邦63購02,2026-09-08,1.12,-0.16,-12.5,389000000,0,,是,,,,,,,,
713488,沛亨富邦63購01,2026-09-08,0.89,0.12,15.58,66000000,0,,是,,0.84,,,,,,
713490,穩懋富邦63購03,2026-09-08,0.74,-0.07,-8.64,397000000,0,,是,,,,,,,,
713493,崇越電統一6B購01,2026-09-08,0.49,-0.05,-9.26,20000000,0,,,,,,,,,,
713494,穩懋統一68購04,2026-09-08,0.72,0.01,1.41,248000000,0,,是,,0.76,,,,,,
713495,台半元大63購04,2026-09-08,0.75,-0.07,-8.54,110000000,0,,是,,,,,,,,
713496,台半元大63購05,2026-09-08,0.71,-0.07,-8.97,58000000,0,,是,,,,,,,,
713497,台半元大63購06,2026-09-08,0.66,-0.02,-2.94,62000000,0,,否,,,,,,,,
713498,台半元大68購02,2026-09-08,0.71,-0.02,-2.74,203000000,0,,是,,0.73,,,,,,
713499,弘塑元大66購01,2026-09-08,1.57,0.2,14.6,615000000,0,,是,,1.36,,,,,,
713500,弘塑元大68購02,2026-09-08,1.37,0.14,11.38,467000000,0,,是,,1.24,,,,,,
713501,弘塑元大68購03,2026-09-08,1.78,0.18,11.25,404000000,0,,是,,1.53,,,,,,
713502,均華元大63購01,2026-09-08,1.25,-0.14,-10.07,418000000,0,,是,,1.27,,,,,,
713503,宜鼎元大63購07,2026-09-08,0.69,-0.03,-4.17,62000000,0,,,,,,,,,,
713504,威剛元大63購07,2026-09-08,1.84,0.11,6.36,240000000,0,,是,,,,,,,,
713505,威剛元大63購08,2026-09-08,0.87,0.07,8.75,12000000,0,,,,,,,,,,
713508,新應材元大65購01,2026-09-08,2.01,0.01,0.5,55000000,0,,,,,,,,,,
713509,新應材元大68購01,2026-09-08,1.67,-0.04,-2.34,179000000,0,,是,,1.69,,,,,,
713510,群聯元大63購20,2026-09-08,1.14,0.05,4.59,194000000,0,,,,,,,,,,
713512,蜜望實元大63購03,2026-09-08,0.67,-0.07,-9.46,175000000,0,,否,,0.7,,,,,,
713513,環球晶元大63購04,2026-09-08,0.94,-0.09,-8.74,136000000,0,,否,,0.96,,,,,,
713514,環球晶元大63購05,2026-09-08,0.87,-0.08,-8.42,166000000,0,,否,,0.89,,,,,,
713515,環球晶元大65購05,2026-09-08,1.03,-0.06,-5.5,351000000,0,,是,,1.06,,,,,,
713516,環球晶元大68購11,2026-09-08,0.8,-0.01,-1.23,457000000,0,,是,,0.8,,,,,,
713519,雙鴻元大63購16,2026-09-08,1.49,-0.44,-22.8,2000000,0,,否,,1.79,,,,,,
713521,譜瑞元大63購06,2026-09-08,1.17,-0.08,-6.4,12000000,0,,,,,,,,,,
713523,力致台新63購01,2026-09-08,1.5,-0.08,-5.06,1000000,0,,否,,1.61,,,,,,
713527,廣閎科台新63購01,2026-09-08,1.02,-0.1,-8.93,3000000,0,,,,,,,,,,
713528,環球晶台新63購02,2026-09-08,3.48,-0.17,-4.66,10000000,0,,是,,3.44,,,,,,
713529,環球晶台新63購03,2026-09-08,2.38,-0.22,-8.46,339000000,0,,是,,2.53,,,,,,
713532,台半凱基63購03,2026-09-08,0.91,-0.13,-12.5,43000000,0,,,,,,,,,,
713533,台特化凱基67購02,2026-09-08,1.67,-0.07,-4.02,58000000,0,,,,,,,,,,
713534,弘塑凱基69購01,2026-09-08,3.35,0.39,13.18,304000000,0,,是,,,,,,,,
713537,高技凱基63購03,2026-09-08,1.42,-0.27,-15.98,206000000,0,,,,,,,,,,
713540,新應材凱基66購01,2026-09-08,2.33,0.14,6.39,54000000,0,,,,,,,,,,
713541,頎邦凱基65購01,2026-09-08,2.4,-0.07,-2.83,9000000,0,,是,,2.31,,,,,,
713545,環球晶凱基69購01,2026-09-08,2.19,0.02,0.92,8000000,0,,,,,,,,,,
713546,雙鴻凱基63購13,2026-09-08,2.05,-0.54,-20.85,8000000,0,,,,,,,,,,
713548,宏捷科群益63購01,2026-09-08,0.84,-0.01,-1.18,77000000,0,,,,,,,,,,
713549,沛亨群益63購01,2026-09-08,1.73,0.2,13.07,966000000,0,,是,,1.67,,,,,,
713551,欣銓群益63購02,2026-09-08,1.29,-0.07,-5.15,245000000,0,,,,,,,,,,
713552,威剛群益63購06,2026-09-08,1.8,0.02,1.12,911000000,0,,,,,,,,,,
713553,高技群益63購02,2026-09-08,1.62,-0.19,-10.5,83000000,0,,,,,,,,,,
713557,聖暉*群益63購01,2026-09-08,1.37,-0.13,-8.67,3635000000,0,,是,,,,,,,,
713558,精材群益63購06,2026-09-08,4.19,0.23,5.81,164000000,0,,,,,,,,,,
713560,雙鴻群益63購07,2026-09-08,3.72,-0.9,-19.48,6000000,0,,,,,,,,,,
713563,倚強國票64購01,2026-09-08,1.51,0.08,5.59,1000000,0,,,,,,,,,,
713564,家登國票64購01,2026-09-08,1.91,-0.06,-3.05,184000000,0,,,,,,,,,,
713568,頎邦中信69購01,2026-09-08,0.7,0.03,4.48,20000000,0,,否,,,,,,,,
713569,精材中信69購01,2026-09-08,0.83,-0.03,-3.49,325000000,0,,是,,0.77,,,,,,
713571,安葆永豐64購02,2026-09-08,1.04,0.03,2.97,98000000,0,,,,,,,,,,
713576,廣閎科永豐64購01,2026-09-08,1.04,-0.06,-5.45,10000000,0,,,,,,,,,,
713578,雙鴻永豐65購05,2026-09-08,2.6,-0.56,-17.72,3000000,0,,,,,,,,,,
713579,雙鴻永豐68購01,2026-09-08,1.26,-0.27,-17.65,22000000,0,,,,,,,,,,
713580,千附精元大63購03,2026-09-08,0.61,-0.11,-15.28,170000000,0,,否,,,,,,,,
713581,中美晶元大63購08,2026-09-08,0.61,0.0,0.0,2000000,0,,否,,,,,,,,
713582,弘塑元大67購02,2026-09-08,1.73,0.17,10.9,636000000,0,,是,,,,,,,,
713583,弘塑元大68購04,2026-09-08,1.55,0.17,12.32,279000000,0,,是,,,,,,,,
713584,宜鼎元大63購08,2026-09-08,0.91,-0.01,-1.09,6000000,0,,,,,,,,,,
713585,宜鼎元大63購09,2026-09-08,0.89,0.0,0.0,2000000,0,,,,,,,,,,
713586,威剛元大63購09,2026-09-08,1.81,0.1,5.85,268000000,0,,,,,,,,,,
713589,新應材元大66購01,2026-09-08,1.81,-0.14,-7.18,28000000,0,,,,,,,,,,
713590,精材元大63購06,2026-09-08,2.39,-0.01,-0.42,1000000,0,,否,,,,,,,,
713593,精材元大63購09,2026-09-08,1.12,0.01,0.9,3000000,0,,,,,,,,,,
713595,營邦元大68購01,2026-09-08,0.99,-0.07,-6.6,50000000,0,,否,,,,,,,,
713596,環球晶元大63購06,2026-09-08,0.74,-0.05,-6.33,235000000,0,,否,,0.76,,,,,,
713597,環球晶元大64購02,2026-09-08,0.78,-0.04,-4.88,300000000,0,,,,,,,,,,
713598,環球晶元大66購05,2026-09-08,0.61,-0.05,-7.58,68000000,0,,否,,0.63,,,,,,
713601,雙鴻元大63購18,2026-09-08,1.2,-0.32,-21.05,3000000,0,,否,,1.43,,,,,,
713606,元太富邦65購01,2026-09-08,0.67,0.0,0.0,90000000,0,,,,,,,,,,
713607,威剛富邦66購01,2026-09-08,0.68,0.04,6.25,47000000,0,,是,,,,,,,,
713608,高技富邦66購01,2026-09-08,0.77,-0.06,-7.23,54000000,0,,,,,,,,,,
713610,閎康富邦65購01,2026-09-08,0.71,-0.05,-6.58,80000000,0,,,,,,,,,,
713612,頎邦富邦66購01,2026-09-08,0.6,-0.03,-4.76,376000000,0,,,,,,,,,,
713613,精材富邦65購02,2026-09-08,1.11,0.0,0.0,758000000,0,,是,,,,,,,,
713614,精材富邦79購01,2026-09-08,1.27,0.07,5.83,106000000,0,,否,,1.13,,,,,,
713620,雙鴻統一6C購02,2026-09-08,0.63,-0.08,-11.27,506000000,0,,是,,,,,,,,
713622,均華群益65購01,2026-09-08,1.34,-0.22,-14.1,231000000,0,,,,,,,,,,
713623,亞通群益63購01,2026-09-08,1.52,0.31,25.62,206000000,0,,,,,,,,,,
713625,威剛群益63購07,2026-09-08,0.88,0.07,8.64,500000000,0,,,,,,,,,,
713629,頎邦群益63購03,2026-09-08,3.19,-0.29,-8.33,299000000,0,,是,,,,,,,,
713630,精材群益63購07,2026-09-08,4.18,0.33,8.57,52000000,0,,是,,,,,,,,
713631,精材群益63購08,2026-09-08,2.77,-0.01,-0.36,351000000,0,,是,,,,,,,,
713632,擎亞群益63購01,2026-09-08,1.14,-0.07,-5.79,15000000,0,,,,,,,,,,
713633,環球晶群益63購03,2026-09-08,1.46,-0.08,-5.19,257000000,0,,否,,,,,,,,
713634,雙鴻群益63購08,2026-09-08,2.63,-0.19,-6.74,5000000,0,,,,,,,,,,
713636,世界國票64購01,2026-09-08,0.81,-0.04,-4.71,105000000,0,,,,,,,,,,
713638,均華國票67購01,2026-09-08,2.01,-0.04,-1.95,17000000,0,,,,,,,,,,
713646,萊德光國票64購01,2026-09-08,0.9,-0.28,-23.73,293000000,0,,是,,,,,,,,
713647,雅特力國票64購01,2026-09-08,1.15,0.08,7.48,9000000,0,,,,,,,,,,
713651,精材國票64購02,2026-09-08,1.09,0.01,0.93,2000000,0,,,,,,,,,,
713653,擎亞國票64購01,2026-09-08,0.99,-0.1,-9.17,155000000,0,,,,,,,,,,
713654,擎亞國票65購01,2026-09-08,1.15,-0.07,-5.74,8000000,0,,,,,,,,,,
713656,環球晶國票64購02,2026-09-08,2.27,-0.16,-6.58,27000000,0,,,,,,,,,,
713657,環球晶國票65購01,2026-09-08,2.42,-0.27,-10.04,82000000,0,,,,,,,,,,
713658,環球晶國票66購01,2026-09-08,2.35,-0.28,-10.65,16000000,0,,,,,,,,,,
713663,萊德光台新63購01,2026-09-08,1.0,-0.28,-21.88,686000000,0,,,,,,,,,,
713664,雅特力台新63購01,2026-09-08,1.34,0.07,5.51,143000000,0,,,,,,,,,,
713666,擎亞台新63購01,2026-09-08,1.1,-0.01,-0.9,16000000,0,,,,,,,,,,
713669,千附精元大66購01,2026-09-08,0.63,-0.09,-12.5,489000000,0,,,,,,,,,,
713670,元太元大66購06,2026-09-08,1.33,-0.06,-4.32,24000000,0,,是,,,,,,,,
713671,元太元大67購04,2026-09-08,1.35,-0.02,-1.46,73000000,0,,,,,,,,,,
713672,均華元大63購02,2026-09-08,1.28,-0.02,-1.54,93000000,0,,是,,,,,,,,
713673,均華元大63購03,2026-09-08,1.01,-0.05,-4.72,7000000,0,,否,,,,,,,,
713674,均華元大64購05,2026-09-08,1.27,0.08,6.72,238000000,0,,,,,,,,,,
713675,宜鼎元大63購10,2026-09-08,0.94,-0.03,-3.09,154000000,0,,,,,,,,,,
713676,宜鼎元大63購11,2026-09-08,0.94,0.04,4.44,30000000,0,,,,,,,,,,
713677,青雲元大63購03,2026-09-08,0.59,0.0,0.0,265000000,0,,,,,,,,,,
713679,高技元大63購07,2026-09-08,1.0,-0.1,-9.09,126000000,0,,,,,,,,,,
713680,智通*元大67購01,2026-09-08,1.16,-0.04,-3.33,176000000,0,,,,,,,,,,
713681,雅特力元大63購01,2026-09-08,1.41,0.08,6.02,163000000,0,,,,,,,,,,
713682,群聯元大63購21,2026-09-08,1.12,0.02,1.82,50000000,0,,,,,,,,,,
713686,精材元大64購02,2026-09-08,1.61,-0.01,-0.62,90000000,0,,,,,,,,,,
713687,精材元大65購03,2026-09-08,0.98,0.01,1.03,15000000,0,,,,,,,,,,
713690,環球晶元大63購07,2026-09-08,2.27,-0.08,-3.4,16000000,0,,,,,,,,,,
713692,環球晶元大67購04,2026-09-08,1.14,-0.1,-8.06,89000000,0,,,,,,,,,,
713695,千附精凱基63購01,2026-09-08,1.63,-0.19,-10.44,22000000,0,,,,,,,,,,
713697,欣銓凱基68購01,2026-09-08,2.14,-0.27,-11.2,113000000,0,,,,,,,,,,
713699,家登凱基64購01,2026-09-08,2.57,-0.03,-1.15,35000000,0,,,,,,,,,,
713700,雅特力凱基63購01,2026-09-08,1.5,0.03,2.04,145000000,0,,,,,,,,,,
713701,雅特力凱基63購02,2026-09-08,1.61,0.17,11.81,290000000,0,,是,,,,,,,,
713702,雅特力凱基63購03,2026-09-08,1.5,0.13,9.49,155000000,0,,,,,,,,,,
713703,萬泰科凱基63購01,2026-09-08,1.69,-0.04,-2.31,1000000,0,,,,,,,,,,
713705,群聯凱基69購01,2026-09-08,2.65,0.02,0.76,375000000,0,,,,,,,,,,
713706,聖暉*凱基63購02,2026-09-08,1.57,-0.19,-10.8,187000000,0,,,,,,,,,,
713709,擎亞凱基63購01,2026-09-08,0.76,-0.07,-8.43,45000000,0,,,,,,,,,,
713710,擎亞凱基63購02,2026-09-08,0.83,-0.07,-7.78,19000000,0,,,,,,,,,,
713711,擎亞凱基66購01,2026-09-08,0.77,-0.07,-8.33,21000000,0,,,,,,,,,,
713712,營邦凱基68購01,2026-09-08,3.29,-0.28,-7.84,138000000,0,,,,,,,,,,
713713,鴻呈凱基63購01,2026-09-08,0.49,-0.05,-9.26,100000000,0,,,,,,,,,,
713715,環球晶中信69購01,2026-09-08,1.44,-0.08,-5.26,522000000,0,,是,,,,,,,,
713716,千附永豐63購01,2026-09-08,0.94,-0.08,-7.84,66000000,0,,,,,,,,,,
713720,博士旺永豐63購01,2026-09-08,0.79,-0.12,-13.19,25000000,0,,,,,,,,,,
713721,雅特力永豐64購01,2026-09-08,1.45,0.07,5.07,433000000,0,,,,,,,,,,
713722,雅特力永豐66購01,2026-09-08,1.65,-0.07,-4.07,13000000,0,,,,,,,,,,
713723,精材永豐64購03,2026-09-08,1.69,0.03,1.81,11000000,0,,,,,,,,,,
713725,精材永豐64購05,2026-09-08,1.82,0.0,0.0,2000000,0,,,,,,,,,,
713728,擎亞永豐64購02,2026-09-08,0.81,-0.05,-5.81,34000000,0,,,,,,,,,,
713731,環球晶永豐63購09,2026-09-08,2.11,-0.2,-8.66,10000000,0,,,,,,,,,,
713738,精材富邦63購01,2026-09-08,1.13,0.01,0.89,1456000000,0,,是,,,,,,,,
713739,擎亞富邦64購01,2026-09-08,0.78,-0.03,-3.7,86000000,0,,,,,,,,,,
713740,環球晶富邦63購01,2026-09-08,0.75,-0.04,-5.06,202000000,0,,,,,,,,,,
713745,環球晶統一6A購03,2026-09-08,0.61,-0.05,-7.58,41000000,0,,,,,,,,,,
713750,弘塑台新63購02,2026-09-08,2.92,0.41,16.33,71000000,0,,,,,,,,,,
713751,弘塑台新64購01,2026-09-08,2.55,0.4,18.6,20000000,0,,,,,,,,,,
713752,弘塑台新65購01,2026-09-08,1.92,0.2,11.63,30000000,0,,,,,,,,,,
713753,正淩台新66購01,2026-09-08,2.5,-0.23,-8.42,39000000,0,,,,,,,,,,
713757,新應材台新63購02,2026-09-08,1.51,0.12,8.63,27000000,0,,,,,,,,,,
713758,漢達台新63購01,2026-09-08,1.56,0.3,23.81,44000000,0,,,,,,,,,,
713759,漢達台新63購02,2026-09-08,1.71,0.37,27.61,39000000,0,,,,,,,,,,
713762,弘塑凱基68購02,2026-09-08,2.57,0.24,10.3,108000000,0,,,,,,,,,,
713765,威剛凱基63購13,2026-09-08,2.33,0.04,1.75,55000000,0,,,,,,,,,,
713767,高技凱基63購04,2026-09-08,1.22,-0.09,-6.87,21000000,0,,,,,,,,,,
713768,智通*凱基63購03,2026-09-08,0.78,-0.03,-3.7,10000000,0,,,,,,,,,,
713770,新應材凱基66購02,2026-09-08,2.1,-0.09,-4.11,235000000,0,,,,,,,,,,
713771,頎邦凱基63購07,2026-09-08,2.03,-0.14,-6.45,189000000,0,,,,,,,,,,
713781,中美晶群益68購01,2026-09-08,0.67,0.0,0.0,5000000,0,,,,,,,,,,
713784,倚強群益63購01,2026-09-08,0.89,-0.12,-11.88,42000000,0,,,,,,,,,,
713785,家登群益63購05,2026-09-08,1.41,0.14,11.02,128000000,0,,,,,,,,,,
713786,晶宏群益64購01,2026-09-08,1.43,-0.17,-10.63,37000000,0,,,,,,,,,,
713788,廣閎科群益63購02,2026-09-08,1.21,0.02,1.68,51000000,0,,,,,,,,,,
713789,雙鴻群益63購10,2026-09-08,1.29,-0.46,-26.29,483000000,0,,,,,,,,,,
713790,雙鴻群益69購01,2026-09-08,1.04,-0.23,-18.11,52000000,0,,,,,,,,,,
713791,中美晶元大63購09,2026-09-08,0.65,-0.01,-1.52,2000000,0,,,,,,,,,,
713794,威剛元大63購12,2026-09-08,2.0,0.11,5.82,73000000,0,,,,,,,,,,
713795,威剛元大67購01,2026-09-08,0.71,0.04,5.97,9000000,0,,,,,,,,,,
713796,高技元大63購08,2026-09-08,0.98,-0.11,-10.09,6000000,0,,,,,,,,,,
713798,營邦元大63購04,2026-09-08,1.62,-0.3,-15.62,337000000,0,,,,,,,,,,
713806,雙鴻元大65購03,2026-09-08,0.82,-0.06,-6.82,1000000,0,,,,,,,,,,
713810,天良國票64購01,2026-09-08,0.67,-0.02,-2.9,20000000,0,,,,,,,,,,
713811,晶宏國票68購01,2026-09-08,0.86,-0.09,-9.47,4000000,0,,,,,,,,,,
713816,磐亞國票65購01,2026-09-08,0.64,-0.04,-5.88,20000000,0,,,,,,,,,,
713818,晶宏統一71購01,2026-09-08,0.59,-0.04,-6.35,849000000,0,,,,,,,,,,
713822,雙鴻統一6B購02,2026-09-08,0.54,-0.07,-11.48,2000000,0,,,,,,,,,,
713825,廣閎科永豐63購03,2026-09-08,1.17,0.06,5.41,43000000,0,,,,,,,,,,
713826,廣閎科永豐64購02,2026-09-08,1.17,-0.08,-6.4,17000000,0,,,,,,,,,,
713831,朋億*國泰64購01,2026-09-08,1.13,-0.09,-7.38,105000000,0,,,,,,,,,,
713834,力致台新63購02,2026-09-08,1.48,-0.15,-9.2,40000000,0,,,,,,,,,,
713835,力致台新63購03,2026-09-08,1.14,-0.07,-5.79,301000000,0,,,,,,,,,,
713843,騰雲台新63購01,2026-09-08,0.78,-0.08,-9.3,7000000,0,,,,,,,,,,
713846,九暘國票65購02,2026-09-08,0.6,-0.07,-10.45,282000000,0,,,,,,,,,,
713849,均豪國票64購01,2026-09-08,1.05,-0.16,-13.22,10000000,0,,,,,,,,,,
713850,均豪國票65購01,2026-09-08,1.14,-0.13,-10.24,2000000,0,,,,,,,,,,
713851,亞通國票64購01,2026-09-08,1.27,0.22,20.95,88000000,0,,,,,,,,,,
713852,亞通國票65購01,2026-09-08,1.33,0.3,29.13,150000000,0,,,,,,,,,,
713859,榮剛國票67購01,2026-09-08,0.81,-0.01,-1.22,86000000,0,,,,,,,,,,
713866,沛亨凱基63購02,2026-09-08,1.4,0.13,10.24,300000000,0,,,,,,,,,,
713874,漢達凱基65購01,2026-09-08,1.87,0.32,20.65,31000000,0,,,,,,,,,,
713879,新應材群益63購02,2026-09-08,0.94,-0.03,-3.09,27000000,0,,,,,,,,,,
713886,弘塑國泰64購01,2026-09-08,2.04,0.17,9.09,23000000,0,,,,,,,,,,
713889,擎亞統一71購01,2026-09-08,0.54,-0.03,-5.26,1497000000,0,,,,,,,,,,
713890,千附精元大69購01,2026-09-08,0.77,0.02,2.67,20000000,0,,,,,,,,,,
713895,宜鼎元大63購13,2026-09-08,0.79,-0.03,-3.66,35000000,0,,,,,,,,,,
713897,建榮元大63購01,2026-09-08,1.19,0.08,7.21,32000000,0,,,,,,,,,,
713898,晶宏元大63購01,2026-09-08,0.77,-0.15,-16.3,20000000,0,,,,,,,,,,
713899,雅特力元大63購02,2026-09-08,1.43,0.09,6.72,32000000,0,,,,,,,,,,
713901,群翊元大63購01,2026-09-08,1.68,0.04,2.44,25000000,0,,,,,,,,,,
713912,群聯台新63購05,2026-09-08,1.73,0.13,8.12,13000000,0,,,,,,,,,,
713920,均豪凱基65購02,2026-09-08,1.29,-0.01,-0.77,99000000,0,,,,,,,,,,
713936,印能群益63購01,2026-09-08,1.57,0.33,26.61,6000000,0,,,,,,,,,,
713938,沛亨群益64購01,2026-09-08,1.45,0.05,3.57,291000000,0,,,,,,,,,,
713939,鈊象群益63購04,2026-09-08,1.74,0.02,1.16,10000000,0,,,,,,,,,,
713940,群聯群益63購10,2026-09-08,1.67,0.16,10.6,5000000,0,,,,,,,,,,
713943,印能中信67購01,2026-09-08,0.96,0.07,7.87,10000000,0,,,,,,,,,,
713944,印能統一67購01,2026-09-08,0.88,-0.05,-5.38,21000000,0,,,,,,,,,,
713945,沛亨統一6A購01,2026-09-08,0.6,-0.01,-1.64,45000000,0,,,,,,,,,,
713946,晶宏統一67購01,2026-09-08,0.6,-0.09,-13.04,10000000,0,,,,,,,,,,
713954,九暘永豐64購01,2026-09-08,0.95,0.07,7.95,11000000,0,,,,,,,,,,
713967,沛亨元大63購02,2026-09-08,1.05,-0.04,-3.67,303000000,0,,,,,,,,,,
713970,良維元大67購02,2026-09-08,1.24,0.1,8.77,20000000,0,,,,,,,,,,
713973,晶宏元大63購02,2026-09-08,0.64,-0.2,-23.81,65000000,0,,,,,,,,,,
713982,廣閎科元大63購01,2026-09-08,1.26,-0.07,-5.26,6000000,0,,,,,,,,,,
713987,譜瑞元大63購08,2026-09-08,1.61,-0.12,-6.94,10000000,0,,,,,,,,,,
724242,前鼎統一59購01,2026-09-08,0.89,-0.1,-10.1,43000000,0,,是,,0.67,0.52,0.65,,88.2682,-3.0075,
724481,正基統一59購02,2026-09-08,0.64,0.03,4.92,2000000,0,綠縮,是,,0.59,0.64,0.74,,-15.2738,-15.5468,-5.6087
724669,昇達科統一59購02,2026-09-08,4.03,0.01,0.25,1000000,0,,否,,3.23,3.49,,,-14.1565,,
725744,新復興統一5A購01,2026-09-08,0.04,0.0,0.0,3000000,0,紅增,是,,0.04,0.05,0.07,,-36.3636,-29.8701,-21.1957
72610U,富喬國票5C售02,2026-09-08,0.08,-0.02,-20.0,2400000000,0,綠縮,是,,0.12,0.18,0.58,,-51.6393,-63.5815,-21.1172
72614U,富喬中信5C售02,2026-09-08,0.14,-0.03,-17.65,340000000,0,,否,,0.19,0.28,0.22,,-51.3089,0.3534,3.0879
72622U,精測群益62售02,2026-09-08,0.12,0.02,20.0,100000000,0,,否,,0.12,0.18,0.27,,-46.9565,-40.1361,
72629U,櫃200群益5B售02,2026-09-08,0.04,-0.01,-20.0,130000000,0,綠縮,是,,0.05,0.07,0.15,,-42.5532,-56.4706,-13.5294
726925,金麗科統一5B購02,2026-09-08,0.11,-0.04,-26.67,1000000,0,紅增,否,,0.12,0.11,0.16,,9.434,-22.9167,-18.4416
726927,金麗科統一5B購04,2026-09-08,0.22,0.0,0.0,119000000,0,紅縮,否,,0.23,0.18,0.16,,90.1639,53.913,-11.3573
72692U,信驊群益61售02,2026-09-08,0.05,0.01,25.0,442000000,0,綠縮,是,,0.04,0.05,0.06,,-12.0,-14.5455,-19.8675
72724U,信驊國票5B售01,2026-09-08,0.02,0.0,0.0,268000000,0,綠縮,是,,0.02,0.03,0.05,,-52.381,-32.6087,-17.6471
72748U,精測群益5A售02,2026-09-08,0.41,-0.07,-14.58,49000000,0,綠縮,是,,0.53,0.87,1.18,,-56.1056,-30.958,-18.6441
72749U,精測群益62售04,2026-09-08,0.57,-0.04,-6.56,242000000,0,綠縮,是,,0.63,0.83,1.02,,-39.2233,-22.1805,-13.876
72772U,穩懋群益63售01,2026-09-08,0.22,0.0,0.0,21000000,0,綠縮,否,,0.21,0.27,0.39,,-36.1963,-35.3511,-15.0163
72782U,環球晶群益62售01,2026-09-08,0.05,0.02,66.67,18000000,0,綠增,是,,0.22,0.31,0.29,,-45.5882,-28.4091,11.0039
728003,金麗科統一5C購01,2026-09-08,0.08,0.02,33.33,44000000,0,,否,,0.06,0.1,0.14,,-52.9412,-39.3939,
72814U,精測群益5B售02,2026-09-08,0.25,-0.02,-7.41,100000000,0,綠縮,否,,0.32,0.51,0.71,,-54.9858,-32.4037,-19.0774
72818U,信驊永豐5C售01,2026-09-08,0.09,0.06,200.0,17000000,0,綠縮,否,,0.08,0.12,0.17,,-53.012,-31.8436,-17.284
72827U,元太群益5B售02,2026-09-08,0.2,0.02,11.11,5000000,0,,否,,0.25,0.24,,,6.8966,,
72830U,元太凱基5B售03,2026-09-08,0.43,0.0,0.0,40000000,0,紅縮,否,,0.42,0.4,0.37,,9.4737,17.0588,4.039
72843U,精材群益63售01,2026-09-08,0.06,0.0,0.0,1252000000,0,綠縮,否,,0.07,0.15,0.21,,-68.6441,-41.2879,-22.0339
72845U,雙鴻凱基5A售04,2026-09-08,2.9,2.8,2800.0,2000000,0,,否,,0.67,0.65,0.72,,7.3955,-6.9264,
72852U,旺矽元大5A售03,2026-09-08,0.21,-0.08,-27.59,189000000,0,綠增,是,,0.35,0.41,0.58,,-24.7863,-35.8372,-10.848
72853U,信驊元大5A售01,2026-09-08,0.12,-0.07,-36.84,7000000,0,綠縮,否,,0.23,0.38,0.64,,-54.6512,-38.9251,-32.0785
72854U,信驊永豐61售01,2026-09-08,0.12,0.01,9.09,339000000,0,綠縮,否,,0.12,0.14,0.18,,-23.75,-18.0233,-23.3333
72855U,信驊富邦5C售02,2026-09-08,0.35,-0.01,-2.78,2899000000,0,綠縮,否,,0.42,0.58,0.79,,-42.0765,-25.0324,-24.2728
72857U,雙鴻元大5A售06,2026-09-08,0.17,0.04,30.77,155000000,0,綠縮,是,,0.16,0.4,0.76,,-74.6875,-52.879,-25.8697
72859U,弘塑國票5B售02,2026-09-08,0.3,-0.06,-16.67,133000000,0,綠增,是,,0.41,0.51,0.56,,-32.4503,-22.9833,-2.5022
72860U,弘塑元大5A售03,2026-09-08,0.78,-0.12,-13.33,15000000,0,綠增,否,,1.03,1.25,1.3,,-29.932,-17.8712,0.0
72863U,蜜望實國票5A售03,2026-09-08,0.03,0.0,0.0,120000000,0,綠增,否,,0.07,0.1,0.17,,-44.6154,-50.4902,-7.1429
72864U,群聯凱基5A售03,2026-09-08,0.13,-0.02,-13.33,20000000,0,綠縮,否,,0.16,0.23,0.48,,-43.0556,-57.1157,-15.2212
72866U,旺矽凱基5A售06,2026-09-08,0.23,-0.17,-42.5,104000000,0,綠增,否,,0.47,0.49,0.62,,-9.3023,-5.5662,-9.5514
72867U,旺矽富邦61售01,2026-09-08,0.54,-0.08,-12.9,914000000,0,紅轉綠,否,,0.69,0.69,0.72,,-1.1461,-4.0111,0.7008
72868U,富喬群益5C售01,2026-09-08,0.35,-0.02,-5.41,341000000,0,綠縮,是,,0.44,0.64,1.14,,-47.2684,-49.687,-14.57
72869U,立碁國票5B售03,2026-09-08,0.36,0.03,9.09,153000000,0,綠縮,否,,0.36,0.47,0.73,,-40.0673,-35.8974,-28.7598
72870U,群聯國票5B售06,2026-09-08,0.18,-0.01,-5.26,103000000,0,綠縮,是,,0.21,0.26,0.45,,-30.9677,-45.3027,-12.9933
72871U,群聯群益61售02,2026-09-08,0.57,-0.04,-6.56,7000000,0,綠增,否,,0.63,0.8,0.87,,-35.1852,-19.254,-4.902
72876U,合晶台新5B售05,2026-09-08,0.1,0.0,0.0,70000000,0,綠縮,是,,0.16,0.24,0.43,,-48.4277,-46.3252,-7.9484
72878U,群聯台新5B售08,2026-09-08,1.3,-0.01,-0.76,10000000,0,綠增,否,,1.48,1.7,1.91,,-22.869,-17.4818,-3.8249
72882U,環球晶台新5B售03,2026-09-08,0.33,0.02,6.45,303000000,0,綠縮,否,,0.34,0.39,0.53,,-20.0935,-39.1785,1.3346
72883U,環球晶國票5B售02,2026-09-08,0.5,0.05,11.11,135000000,0,綠縮,否,,0.5,0.54,0.68,,-12.892,-20.9131,-0.2204
72885U,中美晶群益5B售02,2026-09-08,0.22,-0.05,-18.52,70000000,0,紅縮,否,,0.36,0.48,0.43,,-41.6393,7.3333,-27.6846
72886U,群聯群益5B售06,2026-09-08,0.91,-0.05,-5.21,10000000,0,綠縮,否,,1.0,1.03,1.33,,-5.6711,-24.1328,-5.9965
72889U,新盛力群益5B售04,2026-09-08,0.27,0.01,3.85,35000000,0,綠縮,否,,0.28,0.29,0.52,,-3.4247,-37.4728,-19.3297
728920,元債20元富61購01,2026-09-08,0.88,-0.04,-4.35,10000000,0,,否,,0.94,1.23,1.45,,-38.2586,-23.5661,
72898U,雷科國票5B售03,2026-09-08,0.31,-0.06,-16.22,1432000000,0,綠增,是,,0.4,0.5,0.63,,-35.2941,-23.2877,-5.0719
72901U,德微國票5C售05,2026-09-08,0.89,0.01,1.14,22000000,0,綠縮,否,,0.9,0.94,1.08,,-8.9069,-17.5546,4.3099
72902U,擎亞國票5B售03,2026-09-08,0.76,0.05,7.04,52000000,0,紅增,否,,0.75,0.7,0.7,,17.8125,-4.9113,13.2957
72904U,欣銓台新5B售05,2026-09-08,1.0,0.05,5.26,5000000,0,綠縮,否,,1.04,1.4,1.69,,-40.8163,-28.5132,-5.4622
72907U,群聯富邦61售05,2026-09-08,0.65,-0.01,-1.52,4000000,0,綠縮,否,,0.67,0.68,0.76,,-3.7249,-6.9293,-4.9026
72908U,威剛群益65售01,2026-09-08,1.8,-0.08,-4.26,30000000,0,綠增,否,,1.9,1.94,2.14,,-4.2339,-8.6118,-5.7048
72909U,威剛凱基65售01,2026-09-08,0.58,0.0,0.0,87000000,0,綠縮,是,,0.6,0.6,0.68,,-0.9934,-6.677,-7.5871
729186,華星光統一61購01,2026-09-08,3.2,0.23,7.74,119000000,0,紅縮,是,,3.22,2.96,2.71,,18.8331,14.0054,11.1065
72919U,順達台新5C售01,2026-09-08,0.85,0.03,3.66,470000000,0,綠縮,否,,0.84,0.97,1.11,,-23.2601,-21.5447,-2.4518
72921U,富喬台新5C售03,2026-09-08,0.37,-0.06,-13.95,556000000,0,綠縮,否,,0.47,0.59,1.1,,-32.8612,-47.5556,-17.2802
72922U,威剛凱基5C售05,2026-09-08,0.38,-0.01,-2.56,130000000,0,綠縮,是,,0.42,0.43,0.53,,-5.0,-12.8049,-15.3414
72923U,宜鼎台新5C售05,2026-09-08,2.61,0.12,4.82,10000000,0,綠縮,否,,2.61,2.56,2.93,,3.5714,-7.7338,-6.4166
72925U,台半凱基5C售03,2026-09-08,0.74,0.02,2.78,38000000,0,綠縮,否,,0.73,0.78,0.92,,-11.7788,-14.5197,-5.0795
72928U,富喬凱基5C售04,2026-09-08,0.17,-0.03,-15.0,1017000000,0,綠縮,是,,0.23,0.33,0.77,,-44.0191,-52.822,-23.0191
72932U,威剛國泰61售02,2026-09-08,1.49,-0.03,-1.97,5000000,0,,否,,1.59,1.71,,,-13.1952,-12.4233,
72933U,世界群益66售01,2026-09-08,2.92,0.03,1.04,2000000,0,,否,,2.97,2.98,,,-0.0672,-1.6854,
72935U,世界台新5C售02,2026-09-08,2.53,0.06,2.43,6000000,0,,否,,2.72,2.72,,,0.2209,6.0866,
72936U,宜鼎凱基5C售10,2026-09-08,1.66,0.01,0.61,110000000,0,綠縮,否,,1.66,1.65,1.88,,0.9744,-6.727,-7.8033
72941U,雙鴻永豐61售04,2026-09-08,0.52,0.08,18.18,201000000,0,,否,,0.47,0.72,1.07,,-51.5464,-39.8496,
72942U,家登群益61售03,2026-09-08,0.87,-0.02,-2.25,609000000,0,,是,,0.98,1.14,1.35,,-25.2294,-23.4427,-5.6723
72944U,中光電台新61售03,2026-09-08,2.01,0.21,11.67,242000000,0,,否,,1.69,1.55,1.65,,20.0284,-6.8551,
72945U,頎邦台新61售03,2026-09-08,1.66,0.01,0.61,11000000,0,,否,,1.73,2.01,2.3,,-24.4969,-24.1588,
72946U,世界群益61售03,2026-09-08,1.15,0.04,3.6,6000000,0,,否,,1.2,1.29,,,-13.3333,-17.7522,
72948U,精材群益63售02,2026-09-08,1.01,0.01,1.0,164000000,0,,是,,1.17,1.6,1.85,,-42.4213,-26.5933,
72951U,中光電台新61售05,2026-09-08,2.34,0.09,4.0,225000000,0,,是,,1.97,2.04,,,-6.9877,0.6897,
72952U,精材國票61售05,2026-09-08,0.75,-0.02,-2.6,195000000,0,,是,,0.89,1.21,1.44,,-41.8514,-23.9021,
72953U,精材國票65售02,2026-09-08,0.91,-0.05,-5.21,40000000,0,,否,,1.08,1.33,,,-32.1564,,
72954U,群聯中信61售02,2026-09-08,0.93,0.0,0.0,7000000,0,,否,,0.97,0.98,1.12,,-2.8112,-10.8084,
72955U,宜鼎國票61售03,2026-09-08,1.12,0.03,2.75,2000000,0,,否,,1.11,1.31,,,-26.2317,-17.5095,
72958U,群聯群益63售02,2026-09-08,0.98,-0.1,-9.26,30000000,0,,否,,1.14,,,,,,
72959U,雙鴻群益63售03,2026-09-08,0.5,0.09,21.95,100000000,0,,否,,0.87,,,,,,
72962U,宜鼎群益67售01,2026-09-08,1.01,-0.01,-0.98,1000000,0,,否,,1.02,1.14,,,-18.3706,,
72966U,雙鴻凱基61售07,2026-09-08,0.27,0.05,22.73,1368000000,0,,否,,0.25,0.6,,,-73.0361,-53.3177,
72972U,雙鴻群益61售03,2026-09-08,0.33,0.08,32.0,158000000,0,,是,,0.29,0.53,,,-63.4271,,
72975U,譜瑞國票61售01,2026-09-08,1.09,0.04,3.81,1000000,0,,否,,1.08,1.14,,,-9.2127,,
72976U,順達凱基61售06,2026-09-08,1.21,0.02,1.68,100000000,0,,否,,1.18,1.35,,,-21.4854,,
72977U,雙鴻國泰63售01,2026-09-08,0.65,0.13,25.0,670000000,0,,是,,0.57,0.86,,,-50.7772,-33.5895,
72978U,威剛凱基61售06,2026-09-08,0.79,-0.03,-3.66,8000000,0,,否,,1.06,,,,,,
72986U,元太國票61售02,2026-09-08,1.29,0.0,0.0,20000000,0,,否,,1.19,,,,,,
72988U,頎邦國票64售02,2026-09-08,0.57,0.01,1.79,46000000,0,,否,,0.58,0.64,,,-16.6667,-18.1001,
72991U,群聯元大61售20,2026-09-08,0.91,-0.03,-3.19,71000000,0,,否,,1.1,1.25,,,-21.3467,,
72994U,元太凱基61售07,2026-09-08,1.48,0.03,2.07,4000000,0,,否,,1.43,,,,,,
72996U,立碁國票64售02,2026-09-08,0.78,0.02,2.63,80000000,0,,否,,0.76,0.84,,,-17.6471,,
72997U,良維國票61售02,2026-09-08,0.67,0.01,1.52,10000000,0,,否,,0.8,,,,,,
72998U,新普國票61售02,2026-09-08,0.87,0.03,3.57,3000000,0,,否,,,,,,,,
73000U,宜鼎國票63售01,2026-09-08,0.86,-0.01,-1.15,1000000,0,,,,,,,,,,
73001U,欣銓國票63售01,2026-09-08,0.92,0.02,2.22,55000000,0,,是,,0.9,,,,,,
73005U,群聯國票62售01,2026-09-08,0.58,-0.03,-4.92,10000000,0,,否,,0.63,,,,,,
73006U,雙鴻國票63售01,2026-09-08,0.59,0.11,22.92,21000000,0,,否,,0.55,,,,,,
73007U,世界凱基63售03,2026-09-08,0.88,-0.04,-4.35,25000000,0,,是,,0.97,,,,,,
73009U,光焱國票65售01,2026-09-08,0.46,0.0,0.0,20000000,0,,,,,,,,,,
73016U,宜鼎國票66售02,2026-09-08,1.04,0.03,2.97,31000000,0,,,,,,,,,,
73017U,順達國票66售01,2026-09-08,1.03,0.01,0.98,20000000,0,,否,,1.13,,,,,,
73018U,群聯國票66售02,2026-09-08,0.84,-0.01,-1.18,20000000,0,,否,,0.9,,,,,,
73019U,雙鴻國票66售02,2026-09-08,0.66,0.08,13.79,80000000,0,,否,,0.62,,,,,,
73020U,雙鴻元大63售07,2026-09-08,0.62,0.09,16.98,30000000,0,,否,,0.6,0.99,,,-56.9164,,
73022U,威剛元大63售03,2026-09-08,1.1,-0.01,-0.9,5000000,0,,否,,1.16,,,,,,
73023U,雙鴻凱基63售07,2026-09-08,0.65,0.1,18.18,11000000,0,,否,,0.57,,,,,,
73027U,萬潤國票66售02,2026-09-08,0.81,0.0,0.0,27000000,0,,否,,0.82,0.89,,,-13.8365,,
73031U,威剛凱基63售05,2026-09-08,1.01,-0.07,-6.48,101000000,0,,是,,1.07,,,,,,
73033U,富喬台新62售01,2026-09-08,0.76,-0.09,-10.59,311000000,0,,否,,0.93,,,,,,
73036U,富喬國票63售02,2026-09-08,0.87,-0.08,-8.42,371000000,0,,否,,1.01,,,,,,
73037U,富喬國票65售01,2026-09-08,1.01,-0.17,-14.41,106000000,0,,否,,1.22,1.41,,,-23.6908,,
73039U,東捷群益64售02,2026-09-08,0.5,-0.12,-19.35,73000000,0,,否,,,,,,,,
730402,M31統一62購02,2026-09-08,0.06,0.0,0.0,10000000,0,,否,,0.06,0.06,0.1,,-9.0909,-12.5,
73040U,穩懋群益64售02,2026-09-08,1.59,0.03,1.92,115000000,0,,否,,1.57,1.87,,,-27.197,,
73041U,穩懋國泰64售01,2026-09-08,1.24,0.01,0.81,8000000,0,,否,,1.29,,,,,,
73042U,穩懋凱基63售06,2026-09-08,1.17,0.02,1.74,27000000,0,,否,,1.15,1.3,,,-20.332,,
73043U,穩懋凱基63售07,2026-09-08,0.61,-0.01,-1.61,65000000,0,,否,,0.61,0.74,,,-29.7483,,
73044U,宏捷科凱基63售01,2026-09-08,1.09,0.04,3.81,75000000,0,,是,,1.1,,,,,,
73046U,中美晶中信62售02,2026-09-08,0.66,0.0,0.0,20000000,0,,否,,,,,,,,
73049U,振曜群益66售01,2026-09-08,3.8,0.09,2.43,5000000,0,,,,,,,,,,
73050U,群聯永豐63售04,2026-09-08,1.18,-0.15,-11.28,64000000,0,,是,,,,,,,,
73051U,陽程國票66售01,2026-09-08,0.63,-0.01,-1.56,393000000,0,,否,,0.62,0.63,,,-3.4161,,
73052U,世紀*國票6A售01,2026-09-08,0.71,-0.02,-2.74,263000000,0,,否,,0.76,,,,,,
73053U,頎邦台新62售02,2026-09-08,1.17,-0.03,-2.5,350000000,0,,,,,,,,,,
73054U,弘塑群益64售01,2026-09-08,0.81,-0.06,-6.9,100000000,0,,是,,0.89,,,,,,
73055U,世紀*國票68售01,2026-09-08,0.95,-0.09,-8.65,57000000,0,,否,,1.03,,,,,,
73057U,宜鼎元大62售02,2026-09-08,2.08,0.04,1.96,15000000,0,,否,,2.06,,,,,,
73058U,頎邦群益62售03,2026-09-08,0.51,-0.03,-5.56,2000000,0,,,,,,,,,,
73061U,環球晶凱基62售06,2026-09-08,1.51,0.03,2.03,6000000,0,,是,,1.51,,,,,,
73063U,環球晶中信62售03,2026-09-08,0.6,-0.05,-7.69,33000000,0,,,,,,,,,,
73064U,環球晶元大62售04,2026-09-08,1.02,0.03,3.03,5000000,0,,否,,,,,,,,
73065U,環球晶台新63售01,2026-09-08,1.36,0.07,5.43,5000000,0,,否,,1.36,,,,,,
73066U,千附精國票63售01,2026-09-08,0.74,0.05,7.25,2000000,0,,否,,0.77,,,,,,
73067U,晶宏國票63售01,2026-09-08,0.69,0.06,9.52,255000000,0,,是,,0.65,,,,,,
73069U,精材群益63售09,2026-09-08,1.81,-0.28,-13.4,2000000,0,,,,,,,,,,
73070U,精材群益69售01,2026-09-08,1.68,-0.05,-2.89,59000000,0,,,,,,,,,,
73071U,雙鴻群益63售09,2026-09-08,0.95,0.2,26.67,282000000,0,,,,,,,,,,
73072U,精材國票64售03,2026-09-08,0.93,-0.02,-2.11,96000000,0,,,,,,,,,,
73077U,漢達國票65售02,2026-09-08,0.55,-0.1,-15.38,46000000,0,,,,,,,,,,
731240,金麗科元富61購01,2026-09-08,0.95,0.0,0.0,10000000,0,,否,,0.98,1.07,1.18,,-15.3979,-10.4114,-16.246
731584,群聯統一5B購01,2026-09-08,4.22,-0.78,-15.6,6000000,0,綠增,否,,5.08,5.45,5.65,,-12.4957,-8.2224,-6.8673
732269,M31統一63購01,2026-09-08,0.18,0.03,20.0,2000000,0,,否,,0.18,0.18,0.22,,0.0,-9.1837,-19.5531
732332,M31統一63購02,2026-09-08,0.2,0.02,11.11,10000000,0,紅增,否,,0.2,0.19,0.22,,8.6022,-3.4826,-8.142
733460,先進光統一5B購01,2026-09-08,0.91,-0.01,-1.09,839000000,0,綠增,是,,0.94,0.95,0.96,,-1.875,-3.2553,1.6367
733461,先進光統一65購01,2026-09-08,0.6,-0.01,-1.64,1342000000,0,紅縮,否,,0.66,0.65,0.57,,3.4268,11.4334,10.9815
733653,創惟統一5B購01,2026-09-08,0.01,0.0,0.0,10000000,0,,否,,0.01,0.01,,,0.0,0.0,
733656,創惟統一65購03,2026-09-08,0.06,-0.01,-14.29,20000000,0,,否,,0.07,,,,,,
733695,高端統一5B購01,2026-09-08,0.7,0.0,0.0,187000000,0,紅增,是,,0.64,0.6,0.54,,14.7482,14.1491,9.2668
733696,高端統一65購01,2026-09-08,0.74,0.0,0.0,3262000000,0,紅縮,是,,0.73,0.68,0.62,,13.0841,12.5,8.348
733760,高端統一65購02,2026-09-08,0.99,-0.1,-9.17,119000000,0,,是,,0.97,0.75,0.55,,82.9545,69.7727,36.9269
733958,新應材統一5C購01,2026-09-08,0.31,0.01,3.33,10000000,0,紅增,是,,0.3,0.3,0.33,,-1.9481,-0.6515,-17.132
733983,富喬統一5C購01,2026-09-08,4.45,0.41,10.15,95000000,0,紅增,是,,3.99,3.58,2.59,,25.5667,59.4835,12.5652
734209,華星光統一66購01,2026-09-08,3.55,0.05,1.43,27000000,0,紅縮,否,,3.61,3.49,2.91,,6.868,13.3312,14.0141
734519,建榮統一5C購01,2026-09-08,1.05,0.11,11.7,10000000,0,,否,,0.93,0.91,1.14,,4.9774,-16.1887,-16.4594
734710,雙鴻統一62購01,2026-09-08,1.02,-0.07,-6.42,10000000,0,,否,,0.82,0.68,,,52.0295,4.5942,
734783,均華統一5C購01,2026-09-08,1.68,0.22,15.07,3000000,0,,否,,1.5,,,,,,
734873,前鼎統一5C購01,2026-09-08,2.88,-0.01,-0.35,3000000,0,,否,,2.06,2.23,,,-14.3214,-17.8032,
734994,新應材統一62購01,2026-09-08,0.31,-0.03,-8.82,10000000,0,紅縮,否,,0.32,0.32,0.36,,0.0,-12.4324,-10.6918
735028,新應材元富63購01,2026-09-08,0.95,-0.01,-1.04,112000000,0,,否,,0.96,0.94,0.96,,3.6797,-3.1893,
735029,新應材元富64購01,2026-09-08,2.28,0.19,9.09,3000000,0,,否,,2.12,2.36,,,-17.9923,-22.5435,
735557,波若威統一63購01,2026-09-08,10.5,-0.1,-0.94,2000000,0,,否,,10.34,9.56,9.19,,17.7677,12.2725,
735647,久禾光統一61購01,2026-09-08,0.04,-0.06,-60.0,370000000,0,綠增,是,,0.09,0.12,0.16,,-36.1111,-27.1605,-17.4142
735658,彩富統一5B購01,2026-09-08,0.24,-0.03,-11.11,3000000,0,綠縮,否,,0.31,0.53,0.89,,-58.1333,-46.5863,-4.0366
735659,彩富統一61購01,2026-09-08,0.16,-0.02,-11.11,1000000,0,,否,,0.19,0.33,0.56,,-57.8261,-48.0127,
735660,彩富統一63購01,2026-09-08,0.17,-0.02,-10.53,2000000,0,,否,,0.2,0.27,0.64,,-41.5205,-58.626,
735665,意德士統一61購01,2026-09-08,0.69,0.0,0.0,5000000,0,,否,,0.62,0.64,,,-4.908,-21.3844,
735849,均華統一63購01,2026-09-08,1.02,0.13,14.61,100000000,0,,是,,0.86,0.77,0.67,,26.4706,30.2876,
736081,均華統一63購02,2026-09-08,0.89,0.01,1.14,30000000,0,,否,,0.83,0.7,0.66,,47.3498,30.1115,
736154,立碁統一61購01,2026-09-08,0.83,-0.05,-5.68,3000000,0,紅縮,否,,0.9,0.77,0.65,,41.0658,25.2443,21.161
736242,宜特統一59購01,2026-09-08,0.06,-0.02,-25.0,17000000,0,,否,,0.1,0.24,0.41,,-73.1183,-50.8333,-26.1221
736349,安國統一63購01,2026-09-08,0.39,-0.13,-25.0,88000000,0,紅縮,是,,0.42,0.4,0.45,,13.5135,-0.2525,-9.8394
736350,安國統一65購01,2026-09-08,0.21,-0.08,-27.59,164000000,0,綠增,是,,0.26,0.26,0.34,,-0.0,-7.6923,-9.7463
736351,安國統一66購01,2026-09-08,0.13,0.02,18.18,10000000,0,綠縮,否,,0.13,0.17,0.28,,-35.9223,-40.2827,-12.9082
736354,安國統一67購03,2026-09-08,0.29,-0.01,-3.33,83000000,0,紅縮,是,,0.29,0.27,0.26,,14.4,7.6305,-5.5147
736427,M31統一61購03,2026-09-08,0.09,0.02,28.57,128000000,0,紅增,是,,0.07,0.09,0.11,,-34.5455,-13.3333,-14.2276
736428,立碁統一59購02,2026-09-08,0.32,-0.12,-27.27,80000000,0,,否,,0.42,0.33,0.26,,75.0,35.2459,
736431,宏捷科統一61購01,2026-09-08,0.38,-0.02,-5.0,21000000,0,紅縮,是,,0.47,0.47,0.54,,2.1552,-5.6338,-24.4599
736443,雙鴻統一62購02,2026-09-08,1.02,-0.19,-15.7,19000000,0,,否,,1.16,0.93,,,66.7622,20.2842,
736476,系微統一5B購01,2026-09-08,0.11,0.01,10.0,5000000,0,綠縮,是,,0.11,0.2,0.35,,-62.9371,-51.3648,-26.9311
736479,漢磊統一61購01,2026-09-08,0.75,-0.18,-19.35,87000000,0,紅縮,是,,0.91,0.91,0.87,,-0.2193,10.4242,-10.8563
736736,力旺統一61購01,2026-09-08,1.8,0.15,9.09,35000000,0,紅增,是,,1.54,1.14,0.9,,104.2553,55.0136,28.6629
736741,安國統一61購01,2026-09-08,0.06,0.01,20.0,10000000,0,,否,,0.14,0.22,0.22,,-51.6779,-26.3333,
736934,金居統一5B購01,2026-09-08,8.5,-0.2,-2.3,45000000,0,紅縮,是,,8.44,7.92,6.71,,14.0541,19.8003,7.1052
737161,富喬統一5A購03,2026-09-08,4.17,0.46,12.4,1000000,0,,否,,1.95,1.97,,,-2.7,,
737198,智通*國票5B購01,2026-09-08,1.85,-0.15,-7.5,85000000,0,綠縮,否,,1.87,1.94,2.65,,-6.7864,-23.1746,-11.3397
737321,立碁統一5C購01,2026-09-08,0.61,-0.1,-14.08,9000000,0,,否,,0.67,0.6,0.5,,25.5639,22.9508,12.036
737930,晶呈統一5C購01,2026-09-08,1.48,0.05,3.5,25000000,0,紅增,是,,1.51,1.51,1.59,,-0.3968,-1.437,-16.9841
738137,亞信統一5B購01,2026-09-08,0.23,-0.02,-8.0,10000000,0,紅轉綠,否,,0.25,0.27,0.31,,-15.1724,-13.8264,-11.5942
738145,順達統一5C購02,2026-09-08,0.37,-0.01,-2.63,20000000,0,紅縮,否,,0.4,0.42,0.42,,-10.8108,17.3184,-16.1706
738151,漢科統一5C購01,2026-09-08,0.13,0.0,0.0,1000000,0,綠增,否,,0.17,0.23,0.28,,-41.4966,-25.0804,-11.5016
738156,譜瑞統一5C購01,2026-09-08,0.08,-0.02,-20.0,97000000,0,,是,,0.17,0.25,0.33,,-48.8095,-28.6517,-37.0906
738281,M31統一5B購01,2026-09-08,0.13,0.03,30.0,30000000,0,紅增,否,,0.11,0.13,0.18,,-25.0,-17.9012,-23.4542
738286,信紘科統一64購01,2026-09-08,0.25,-0.03,-10.71,24000000,0,綠縮,否,,0.23,0.25,0.32,,-15.4412,-21.5625,-13.2612
738726,宏捷科國票5B購01,2026-09-08,0.09,-0.03,-25.0,10000000,0,紅縮,是,,0.16,0.22,0.33,,-40.0,-30.9904,-38.1835
738736,M31統一5C購02,2026-09-08,0.08,0.03,60.0,1000000,0,綠轉紅,否,,0.09,0.11,0.17,,-24.1935,-31.875,-21.5909
738737,M31統一62購04,2026-09-08,0.15,0.04,36.36,105000000,0,,否,,0.16,0.23,,,-45.5782,-39.4667,
738760,群翊統一5C購01,2026-09-08,0.32,0.01,3.23,6000000,0,,否,,0.35,0.39,0.47,,-19.1589,-20.8589,-19.9142
738947,精測統一65購01,2026-09-08,1.93,0.23,13.53,2000000,0,紅增,否,,1.72,1.5,1.38,,35.4331,25.2094,0.0728
739372,力旺統一5C購01,2026-09-08,0.68,0.22,47.83,212000000,0,紅增,否,,0.41,0.35,0.38,,45.3901,-2.5352,-0.1332
739382,威剛統一5C購02,2026-09-08,3.42,0.06,1.79,1000000,0,,否,,3.32,3.5,,,-9.8913,,
739383,威剛統一64購01,2026-09-08,3.96,-0.04,-1.0,1000000,0,紅增,否,,3.77,3.39,3.28,,25.0166,10.7808,2.8876
739387,精材統一5C購01,2026-09-08,3.33,0.01,0.3,16000000,0,紅增,否,,2.48,2.03,2.14,,55.9194,2.9382,11.4925
739425,泰茂國票5A購01,2026-09-08,0.02,-0.01,-33.33,3000000,0,紅縮,是,,0.03,0.03,0.03,,0.0,-17.6471,-7.1429
739458,環球晶統一59購01,2026-09-08,4.28,-0.12,-2.73,21000000,0,綠縮,否,,4.33,4.16,5.46,,8.4712,-10.4436,-3.8485
739460,環球晶統一64購02,2026-09-08,2.37,0.43,22.16,30000000,0,綠縮,否,,2.01,2.13,2.24,,-10.3479,-3.1435,-16.1152
739521,茂迪統一59購01,2026-09-08,0.09,-0.02,-18.18,6000000,0,,否,,0.1,0.33,0.62,,-82.2464,-50.9804,
739522,廣運統一5C購01,2026-09-08,0.02,-0.02,-50.0,10000000,0,,是,,,,,,,,
739642,弘塑統一5C購01,2026-09-08,0.5,-0.18,-26.47,5000000,0,,否,,1.04,1.26,,,-29.5547,-11.1814,
739709,環球晶富邦59購01,2026-09-08,3.74,-0.51,-12.0,800000000,0,綠縮,是,,3.89,5.16,6.77,,-39.6273,-38.6334,-6.2595
739716,台半元富59購02,2026-09-08,1.9,-0.24,-11.21,37000000,0,,是,,2.02,4.7,4.99,,-72.6977,-25.385,
739826,世界群益59購01,2026-09-08,0.88,-0.15,-14.56,140000000,0,,是,,2.9,,,,,,
739856,系微元大59購01,2026-09-08,0.14,0.09,180.0,31000000,0,,是,,0.13,0.16,0.33,,-31.1828,-53.5503,
7402,邑錡,2026-09-08,101.0,-3.5,-3.35,286191000,0,綠增,否,否,104.1,105.6,105.57,106.75,-2.8011,-0.9381,-4.845
7547,碩網,2026-09-08,49.5,-0.8,-1.59,3125000,0,紅縮,否,,50.4,51.37,51.04,,-3.7065,-1.1355,-1.6855
7556,意德士,2026-09-08,246.0,-4.0,-1.6,10569000,0,紅縮,否,,248.4,248.75,233.9,,-0.281,4.6928,2.599
7584,樂意,2026-09-08,27.05,-0.4,-1.46,7184000,0,紅增,否,,26.96,26.47,26.23,,3.7721,2.3589,-0.8975
7642,昶瑞機電,2026-09-08,75.7,-0.1,-0.13,15974000,0,綠縮,是,,76.08,77.26,78.08,,-3.0087,-1.5294,-1.675
7703,銳澤,2026-09-08,200.0,0.0,0.0,64862000,0,紅增,否,,190.4,184.85,179.85,,6.1907,4.0822,0.0556
7704,明遠精密,2026-09-08,60.7,0.8,1.34,41351000,0,紅轉綠,否,,60.38,61.44,59.42,,-3.392,-1.5069,2.6427
7708,全家餐飲,2026-09-08,92.3,0.3,0.33,7496000,0,綠縮,否,,92.04,92.11,92.42,,-0.1519,-0.0543,-0.5167
7709,榮田,2026-09-08,92.0,7.0,8.24,1811653000,0,紅增,是,,79.64,75.12,73.09,,12.8045,5.773,3.6076
7712,博盛半導體,2026-09-08,150.0,-5.0,-3.23,155241000,0,紅縮,否,,152.9,149.95,143.93,,4.0136,3.9875,0.3311
7714,創泓科技,2026-09-08,155.5,-7.0,-4.31,171103000,0,綠增,否,,161.3,167.85,162.18,,-7.5115,2.2852,-4.9385
7715,裕山,2026-09-08,28.7,-0.2,-0.69,50000000,0,綠縮,是,,28.89,29.85,30.97,,-6.2317,-6.6312,-4.6567
7716,昱臺國際,2026-09-08,23.9,0.4,1.7,1306000,0,綠縮,否,,23.73,23.82,24.12,,-0.7943,-0.915,-1.6413
7717,萊德光電-KY,2026-09-08,466.0,-28.0,-5.67,1561682000,0,紅增,是,,448.3,424.9,418.52,,11.6563,3.4827,-1.0638
7718,友鋮,2026-09-08,46.6,0.0,0.0,22053000,0,綠增,否,,46.8,47.04,47.17,,-1.0152,-0.9267,-0.201
7723,築間,2026-09-08,18.6,-0.1,-0.53,30093000,0,紅縮,否,,18.78,18.98,19.42,,-2.0344,-3.0156,-2.4246
7728,光焱科技,2026-09-08,628.0,6.0,0.96,17718000,0,紅縮,否,,634.8,614.6,601.75,,6.7968,3.5552,-0.5701
7734,印能科技,2026-09-08,2910.0,-5.0,-0.17,192487000,0,綠縮,否,,2844.0,2844.0,3059.0,,0.0,-8.0356,-0.6415
7738,東聯互動,2026-09-08,168.0,0.0,0.0,81114000,0,紅縮,否,,171.4,169.7,168.65,,2.0238,0.9518,0.6415
7743,金利食安,2026-09-08,21.9,-0.05,-0.23,13256000,0,紅增,否,,21.71,21.2,20.88,,4.8792,3.1372,1.5196
7744,崴寶,2026-09-08,523.0,-38.0,-6.77,477462000,0,紅縮,是,,538.0,517.6,471.25,,8.206,9.5218,5.6318
7751,竑騰,2026-09-08,1545.0,-45.0,-2.83,158246000,0,紅縮,否,,1553.0,1620.5,1438.5,,-7.9976,6.4368,7.5112
7753,星亞,2026-09-08,36.5,0.2,0.55,12306000,0,綠轉紅,否,,36.39,36.88,37.61,,-2.6224,-1.5746,-2.6912
7757,金色三麥,2026-09-08,89.0,0.2,0.23,2048000,0,紅增,否,,89.12,89.62,89.85,,-1.1096,-0.1226,-1.1387
7767,仁大資訊,2026-09-08,45.0,0.0,0.0,4481000,0,綠縮,否,,44.98,44.91,45.87,,0.2899,-2.4117,-0.3909
7770,君曜,2026-09-08,34.5,-0.25,-0.72,17014000,0,綠縮,是,,35.17,36.13,38.19,,-5.2022,-6.1916,-4.1112
7772,耀穎,2026-09-08,131.0,11.5,9.62,149049000,0,紅增,否,,109.9,98.8,94.99,,25.3136,10.8742,2.5035
7777,能率亞洲,2026-09-08,37.6,-0.4,-1.05,801524000,0,綠增,否,,38.22,38.55,38.69,,-1.7228,-2.0577,-0.7185
7782,光速火箭,2026-09-08,26.0,0.0,0.0,4250000,0,紅縮,否,,26.08,25.99,26.09,,0.695,-0.3833,-0.8173
7792,安葆,2026-09-08,316.5,2.0,0.64,490675000,0,紅縮,否,,310.4,305.6,257.82,,3.1915,17.7196,9.7828
7794,宏碁智新,2026-09-08,33.0,1.35,4.27,399310000,0,紅增,是,,30.06,29.31,29.01,,5.2521,2.0366,0.4327
7805,威聯通,2026-09-08,508.0,-6.0,-1.17,28330000,0,綠縮,否,,511.0,546.8,588.7,,-12.2897,-11.9201,-4.1829
7810,捷創科技,2026-09-08,219.0,1.5,0.69,111868000,0,紅縮,否,,218.9,214.8,202.55,,3.8918,6.627,2.6869
7811,民盛,2026-09-08,74.2,0.2,0.27,3003000,0,紅增,否,,73.54,72.87,72.15,,1.856,1.7311,0.0763
7814,海昌生技,2026-09-08,29.7,0.7,2.41,35132000,0,紅增,否,否,29.2,29.6,30.25,35.8,-2.6667,-2.0192,-4.7465
7819,精誠金融,2026-09-08,34.5,-0.25,-0.72,20428000,0,紅縮,否,,35.43,35.21,35.29,,1.2575,0.3134,-1.1278
7820,立盈,2026-09-08,118.5,4.0,3.49,5067000,0,紅縮,否,,117.7,119.15,113.75,,-2.4046,2.187,1.1786
7828,創新服務,2026-09-08,2035.0,165.0,8.82,802220000,0,紅增,是,,1870.0,1749.0,1687.75,,14.8649,6.8744,-0.8373
7839,達人網,2026-09-08,43.95,-0.55,-1.24,15148000,0,紅縮,是,,44.18,44.57,45.12,,-1.7349,-1.5898,0.2055
7842,天能綠電,2026-09-08,98.2,-1.7,-1.7,9314000,0,紅縮,否,,98.82,100.66,93.23,,-3.5902,7.5887,1.3865
8024,佑華,2026-09-08,13.05,0.25,1.95,66876000,0,綠縮,是,,12.93,13.06,13.75,,-1.9712,-4.2171,-5.7422
8027,鈦昇,2026-09-08,177.0,-8.5,-4.58,4078854000,0,紅縮,否,,180.6,176.4,179.28,,4.878,0.0851,-4.8434
8032,光菱,2026-09-08,35.7,-0.05,-0.14,39298000,0,紅縮,否,,35.7,35.83,35.9,,-0.7506,-1.2538,-1.1836
8034,榮群,2026-09-08,20.6,-0.3,-1.44,290562000,0,紅增,是,,20.06,19.4,19.22,,7.1009,2.9732,0.5099
8038,長園科,2026-09-08,31.0,0.15,0.49,91758000,0,紅增,否,,31.24,31.09,32.12,,0.937,-1.0816,-4.8793
8040,九暘,2026-09-08,79.0,-3.5,-4.24,5062384000,0,紅縮,是,,78.82,74.9,73.23,,11.0454,4.187,-0.1772
8042,金山電,2026-09-08,113.0,-8.5,-7.0,10903000000,0,紅增,是,,111.3,106.25,108.15,,9.9802,0.7873,-5.0277
8043,蜜望實,2026-09-08,138.0,-6.0,-4.17,1613598000,0,紅縮,否,,140.3,139.45,137.65,,1.2266,0.8315,-0.8821
8044,網家,2026-09-08,23.55,-0.2,-0.84,279678000,0,綠縮,否,,23.86,24.52,25.44,,-5.2046,-5.4205,-2.9933
8047,星雲,2026-09-08,42.1,0.0,0.0,10007000,0,綠增,否,,42.7,44.32,44.2,,-7.0527,-2.4755,-0.0113
8048,德勝,2026-09-08,50.0,0.0,0.0,68374000,0,紅縮,否,,50.9,51.45,51.73,,-2.1154,-1.3612,-3.2183
8049,晶采,2026-09-08,24.3,0.0,0.0,173491000,0,綠縮,否,,24.4,24.44,25.21,,-0.3268,-3.7985,-1.6384
8050,廣積,2026-09-08,55.3,-1.3,-2.3,636702000,0,綠縮,否,,55.78,56.42,58.41,,-2.2433,-4.3729,-1.3093
8054,安國,2026-09-08,83.3,0.5,0.6,1492723000,0,紅增,是,,82.38,81.72,83.56,,1.6284,-0.4143,-2.9724
8059,凱碩,2026-09-08,13.4,0.1,0.75,126915000,0,紅增,否,,13.4,13.44,14.2,,-0.6672,-4.9823,-4.6012
8064,東捷,2026-09-08,134.5,12.0,9.8,7726064000,0,紅增,否,,115.1,107.08,103.85,,16.1922,7.0586,-0.9064
8066,來思達,2026-09-08,14.4,-0.2,-1.37,4779000,0,紅轉綠,否,,14.53,14.64,14.79,,-1.4915,-1.1479,-0.5549
8067,志旭,2026-09-08,12.1,0.35,2.98,4034000,0,綠縮,否,,11.92,12.19,12.67,,-4.3339,-5.21,-2.7261
8068,全達,2026-09-08,16.8,0.0,0.0,19121000,0,綠縮,否,,16.85,16.91,17.37,,-0.7656,-2.9547,-2.8659
8069,元太,2026-09-08,147.0,-3.5,-2.33,5283086000,0,綠縮,否,,149.5,154.6,168.85,,-6.387,-8.5748,-5.1804
8071,能率網通,2026-09-08,22.45,-0.55,-2.39,319471000,0,紅轉綠,否,,23.11,23.45,23.18,,-2.8175,-0.9506,-2.7483
8074,鉅橡,2026-09-08,52.5,-2.0,-3.67,416282000,0,紅縮,否,,53.76,54.21,53.85,,-1.6465,-0.9863,-1.8947
8076,伍豐,2026-09-08,22.0,0.1,0.46,593471000,0,綠縮,否,,22.06,22.66,22.95,,-5.1183,-2.6429,-1.5553
8077,洛碁,2026-09-08,43.95,0.0,0.0,1005000,0,綠縮,否,,44.07,43.66,44.63,,1.8724,0.1491,-2.952
8080,泰霖,2026-09-08,28.6,-0.25,-0.87,11386000,0,紅縮,否,,28.85,28.48,28.28,,2.6325,1.3163,1.6352
8083,瑞穎,2026-09-08,157.5,-0.5,-0.32,38193000,0,紅縮,否,,157.9,158.55,158.38,,-0.8166,-0.502,0.2691
8084,巨虹,2026-09-08,45.3,-0.1,-0.22,657166000,0,綠增,否,,46.23,46.81,46.05,,-2.4684,-1.7936,0.6723
8085,福華,2026-09-08,15.15,-0.15,-0.98,260678000,0,紅縮,否,,15.29,14.38,12.82,,13.5115,16.249,8.5981
8086,宏捷科,2026-09-08,110.0,-2.5,-2.22,1952694000,0,紅縮,否,,112.8,113.95,114.9,,-1.9983,-1.8096,-2.1086
8088,品安,2026-09-08,43.2,-0.5,-1.14,457897000,0,紅增,否,,43.41,44.48,45.33,,-4.7191,-4.3745,-2.6994
8089,康全電訊,2026-09-08,16.9,-0.15,-0.88,117459000,0,綠縮,否,,17.11,17.54,18.12,,-4.7858,-3.1474,-2.345
8091,翔名,2026-09-08,213.5,-3.0,-1.39,179139000,0,紅增,否,,216.0,217.05,222.97,,-0.9629,-2.7554,-4.9248
8092,建暐,2026-09-08,12.9,0.05,0.39,17056000,0,紅縮,否,,12.95,12.95,13.13,,-0.0772,-0.804,-1.4262
8093,保銳,2026-09-08,26.4,0.15,0.57,41965000,0,紅縮,否,,26.54,26.28,23.64,,1.9985,9.0456,7.4284
8096,擎亞,2026-09-08,101.0,-4.0,-3.81,2592296000,0,綠縮,否,,104.8,106.25,115.35,,-2.6927,-7.2457,-7.0695
8097,常珵,2026-09-08,48.55,-0.35,-0.72,119667000,0,紅增,否,,48.88,49.11,50.33,,-0.9524,-2.4044,-2.2907
8099,大世科,2026-09-08,58.1,0.0,0.0,28585000,0,紅縮,否,,59.76,59.5,58.42,,0.8778,2.0758,0.9678
8102,傑霖科技,2026-09-08,67.2,1.4,2.13,5056000,0,綠縮,否,,65.62,67.3,69.45,,-4.871,-2.7457,-2.4784
8107,大億金茂,2026-09-08,12.35,0.0,0.0,55608000,0,紅縮,是,,12.36,12.34,12.04,,0.2433,2.2784,0.9648
8109,博大,2026-09-08,128.5,-0.5,-0.39,135256000,0,紅轉綠,否,,130.9,130.35,128.32,,0.8475,0.8901,-0.3107
8111,立碁,2026-09-08,69.5,-4.0,-5.44,5857713000,0,紅縮,否,,72.28,69.05,63.55,,9.8146,11.1201,10.7779
8121,越峰,2026-09-08,27.0,-0.6,-2.17,340845000,0,紅增,否,,27.37,27.41,28.73,,-0.2551,-3.5375,-7.6645
8147,正淩,2026-09-08,137.0,-5.0,-3.52,419031000,0,紅增,否,,133.3,127.85,124.67,,8.9052,4.2397,-0.1402
8155,博智,2026-09-08,341.5,-5.5,-1.59,504345000,0,紅縮,否,,350.8,340.65,318.43,,6.1422,7.5624,3.3763
8171,天宇,2026-09-08,19.6,-0.05,-0.25,90756000,0,紅增,否,,19.56,19.63,19.76,,-0.7107,-0.5824,-1.1507
8176,智捷,2026-09-08,9.8,0.0,0.0,21717000,0,綠縮,否,,9.81,9.85,9.89,,-0.8086,-0.5952,-0.5033
8182,加高,2026-09-08,38.65,-0.95,-2.4,350138000,0,紅縮,否,,38.97,39.66,39.22,,-3.3961,-0.8377,-2.2127
8183,精星,2026-09-08,28.0,0.05,0.18,267695000,0,綠縮,否,,28.26,28.71,29.22,,-3.0864,-2.7109,-2.657
8227,巨有科技,2026-09-08,180.0,16.0,9.76,1635781000,0,紅增,是,,163.9,160.15,153.1,,4.7954,4.8445,1.5252
8234,新漢,2026-09-08,66.9,0.4,0.6,788704000,0,紅縮,是,,67.16,67.06,65.98,,0.2987,-0.7988,1.3206
8240,華宏,2026-09-08,52.3,-3.7,-6.61,3224557000,0,紅縮,否,,51.66,47.5,44.22,,19.1696,11.3311,4.4094
8255,朋程,2026-09-08,139.5,-3.5,-2.45,356150000,0,紅縮,否,,143.8,144.9,143.65,,-1.5068,-0.1378,-2.2457
8272,全景軟體,2026-09-08,63.8,-0.6,-0.93,4230000,0,紅縮,否,,64.48,63.68,64.66,,2.5445,-0.2194,-0.8434
8277,商丞,2026-09-08,8.08,0.09,1.13,263051000,0,紅增,否,,8.01,8.02,8.01,,-0.249,-0.4715,-0.6019
8279,生展,2026-09-08,78.2,0.1,0.13,18464000,0,綠縮,否,,79.02,81.19,84.67,,-5.2063,-5.5381,-2.5043
8284,三竹,2026-09-08,66.2,0.2,0.3,1000000,0,紅縮,否,,65.94,66.44,64.47,,-1.4939,2.1525,1.3362
8289,泰藝,2026-09-08,43.25,-2.15,-4.74,319853000,0,紅縮,否,,44.95,45.65,44.3,,-3.0205,0.5396,-1.9858
8291,尚茂,2026-09-08,30.0,-1.8,-5.66,23986000,0,紅縮,是,,31.34,32.29,35.96,,-5.716,-10.2183,0.8624
8299,群聯,2026-09-08,2085.0,-10.0,-0.48,2754769000,0,紅縮,否,,2052.0,2067.5,1958.0,,-1.4882,2.1997,1.8996
8342,益張,2026-09-08,86.0,-1.0,-1.15,4000000,0,綠增,否,,86.74,87.55,88.88,,-1.8334,-1.9487,-0.8755
8349,恒耀,2026-09-08,38.85,-0.15,-0.38,100187000,0,綠縮,否,,38.9,39.08,39.4,,-0.8917,-0.9003,-0.4233
8349A,恒耀甲特,2026-09-08,45.55,-0.05,-0.11,4000000,0,紅縮,否,,45.55,45.53,45.31,,0.0659,0.4966,0.1935
8354,冠好,2026-09-08,17.3,-0.15,-0.86,43486000,0,紅縮,否,,17.6,17.54,16.84,,0.7441,2.3942,2.0145
8358,金居,2026-09-08,520.0,5.0,0.97,3974009000,0,紅縮,否,,501.6,472.95,416.4,,12.8967,16.4328,5.3311
8383,千附,2026-09-08,64.7,-1.0,-1.52,773803000,0,綠縮,否,,65.12,65.26,70.01,,-0.4281,-4.1985,-6.7967
8390,金益鼎,2026-09-08,97.9,1.3,1.35,324891000,0,紅縮,否,,97.2,98.12,96.46,,-1.8578,-0.0916,0.0674
8401,白紗科,2026-09-08,22.75,-0.05,-0.22,66703000,0,綠增,是,,22.77,22.91,22.88,,-1.2148,-0.3046,-0.1309
8403,盛弘,2026-09-08,18.95,0.0,0.0,57482000,0,綠增,否,,18.99,19.21,19.18,,-2.3148,-0.2595,-0.4025
8409,商之器,2026-09-08,18.25,0.1,0.55,11631000,0,紅增,否,,18.13,18.1,18.29,,0.2765,-0.2479,-1.2016
8410,森田,2026-09-08,29.25,-0.8,-2.66,151408000,0,綠增,是,,30.13,31.13,31.21,,-6.2247,-1.9528,-1.499
8415,大國鋼,2026-09-08,37.05,-0.15,-0.4,206345000,0,綠增,否,,37.28,37.67,37.75,,-2.0494,-0.5937,0.7203
8416,實威,2026-09-08,168.5,-1.0,-0.59,2193000,0,紅縮,否,,169.0,168.8,168.47,,0.2372,0.2971,-0.2221
8421,旭源,2026-09-08,12.7,0.2,1.6,175219000,0,綠縮,否,,12.79,13.18,13.92,,-5.6785,-5.1476,-5.0648
8423,保綠-KY,2026-09-08,18.15,0.05,0.28,34156000,0,紅縮,否,,18.12,17.99,17.86,,1.4558,0.8974,0.6055
8424,惠普,2026-09-08,68.5,-0.1,-0.15,5062000,0,紅縮,否,,68.7,68.9,68.79,,-0.5789,-0.0435,0.0073
8426,紅木-KY,2026-09-08,20.8,0.0,0.0,9788000,0,綠增,否,,20.83,20.88,20.86,,-0.4302,-1.1132,1.0291
8431,匯鑽科,2026-09-08,63.3,-4.0,-5.94,3595807000,0,紅縮,否,,64.58,56.0,51.99,,36.1873,16.5938,9.2289
8432,東生華,2026-09-08,50.3,0.0,0.0,33500000,0,紅縮,否,,50.48,50.44,50.28,,0.1587,0.0297,0.1594
8433,弘帆,2026-09-08,54.3,-0.2,-0.37,10002000,0,綠增,否,,54.66,55.19,54.52,,-1.9024,0.3272,0.147
8435,鉅邁,2026-09-08,53.4,-0.1,-0.19,12425000,0,紅縮,否,,53.48,53.5,53.17,,-0.0747,0.3,0.3302
8436,大江,2026-09-08,109.0,-1.0,-0.91,374352000,0,綠增,否,,111.5,117.2,117.12,,-9.2758,-3.3003,-0.6784
8437,大地-KY,2026-09-08,9.18,-0.08,-0.86,11935000,0,紅縮,否,,9.21,9.17,9.25,,1.0307,1.0472,-1.7841
8440,綠電,2026-09-08,20.0,-0.2,-0.99,36685000,0,紅縮,否,,20.12,20.28,19.89,,-1.5656,1.1976,-0.4628
8444,綠河-KY,2026-09-08,5.0,0.0,0.0,5155000,0,綠縮,否,,4.81,4.92,5.12,,-4.4859,-5.0511,-2.8837
8446,華研,2026-09-08,85.1,-0.3,-0.35,28542000,0,紅縮,否,,85.4,85.2,85.39,,0.4706,0.047,-0.2861
8450,霹靂,2026-09-08,14.5,-0.1,-0.68,18890000,0,綠增,否,,14.58,14.59,14.77,,-0.137,-1.3523,-0.7893
8455,大拓-KY,2026-09-08,22.75,-0.25,-1.09,7051000,0,紅增,否,,22.87,23.38,24.2,,-4.2696,-4.0033,-2.2918
8472,夠麻吉,2026-09-08,74.2,-4.0,-5.12,38101000,0,紅增,否,,71.84,69.65,69.47,,6.4927,1.8573,-2.3269
8477,創業家,2026-09-08,15.4,0.2,1.32,25420000,0,紅增,是,,15.29,15.43,15.55,,-1.7352,-1.8141,-0.6389
8489,三貝德,2026-09-08,22.0,-0.15,-0.68,30746000,0,綠增,否,,21.99,22.38,22.51,,-3.4256,-1.7128,-1.0003
8906,花王,2026-09-08,29.05,-0.05,-0.17,2042000,0,紅縮,否,,29.05,28.52,27.59,,3.7871,2.6823,2.375
8908,欣雄,2026-09-08,40.4,0.2,0.5,27353000,0,紅縮,否,,40.38,40.27,39.95,,0.5729,0.5494,0.871
8916,光隆,2026-09-08,41.0,-0.3,-0.73,18256000,0,紅增,否,,41.04,40.8,41.42,,1.1585,-1.0428,-0.9683
8917,欣泰,2026-09-08,53.0,-1.0,-1.85,1162000,0,紅縮,否,,53.04,52.92,52.75,,0.4545,0.6275,0.0
8923,時報,2026-09-08,18.15,-0.6,-3.2,2002000,0,綠增,否,,18.49,18.67,19.04,,-1.9098,-1.866,-1.5255
8924,大田,2026-09-08,50.3,-0.7,-1.37,21380000,0,紅增,否,,50.62,50.58,52.31,,0.1583,-1.4035,-2.5065
8927,北基,2026-09-08,19.1,-0.25,-1.29,102548000,0,綠增,否,,19.41,19.73,19.81,,-3.1437,-1.375,-1.2833
8928,鉅明,2026-09-08,23.8,-1.15,-4.61,77426000,0,紅縮,是,,24.58,24.2,23.53,,3.1906,3.1323,1.5536
8929,富堡,2026-09-08,13.05,0.15,1.16,3799000,0,綠縮,否,,13.05,13.16,13.3,,-1.6579,-0.7916,-2.3491
8930,青鋼,2026-09-08,29.65,-0.25,-0.84,16202000,0,綠增,否,,29.93,29.87,30.12,,0.4025,-0.2005,-1.2216
8931,大汽電,2026-09-08,40.9,-0.15,-0.37,100047000,0,紅縮,是,,41.02,40.98,41.2,,0.2199,0.1956,-0.699
8932,智通*,2026-09-08,92.4,-1.8,-1.91,2009291000,0,綠縮,否,,91.7,98.77,100.7,,-13.3598,-4.5516,-6.2823
8933,愛地雅,2026-09-08,4.56,-0.08,-1.72,41591000,0,紅縮,否,,4.64,4.59,4.52,,1.9341,2.4303,0.7921
8935,邦泰,2026-09-08,17.95,-0.15,-0.83,88479000,0,紅縮,否,,18.05,18.04,17.96,,0.1109,1.0078,-2.5631
8936,國統,2026-09-08,50.1,-0.1,-0.2,931481000,0,綠縮,否,,50.36,50.72,51.25,,-1.4096,-1.4572,-1.2903
8937,合騏*,2026-09-08,27.7,-1.0,-3.48,117998000,0,紅縮,否,,29.02,27.98,25.97,,7.7209,10.0708,4.2244
8938,明安,2026-09-08,52.0,-0.2,-0.38,33879000,0,綠縮,否,,51.72,51.83,53.23,,-0.4236,-1.3326,-1.5901
8941,關中,2026-09-08,44.4,-0.05,-0.11,2031000,0,紅縮,否,,44.13,44.33,43.88,,-0.9205,0.7156,0.4579
8942,森鉅,2026-09-08,41.85,-0.4,-0.95,119457000,0,紅縮,否,,42.2,42.26,40.24,,-0.26,3.6551,1.8735
9949,琉園,2026-09-08,24.4,0.4,1.67,34492000,0,紅增,是,,24.12,23.89,23.74,,1.9011,0.7165,-0.4508
9950,萬國通,2026-09-08,10.4,0.0,0.0,27001000,0,紅增,否,,10.33,10.31,10.34,,0.3887,-0.2901,-0.0242
9951,皇田,2026-09-08,50.1,0.0,0.0,32307000,0,綠增,否,,51.1,52.61,52.7,,-5.5802,-1.7737,-0.8093
9960,邁達康,2026-09-08,30.0,-0.3,-0.99,23826000,0,綠縮,是,,30.27,30.64,31.37,,-2.4178,-1.8575,-2.3502
9962,有益,2026-09-08,10.05,-0.2,-1.95,71293000,0,紅轉綠,是,,10.25,10.25,10.09,,-0.0975,0.9847,1.0917
