股票代號,股票名稱,日期,收盤價,漲跌(元),漲跌幅(%),成交量（股）,成交金額（元）,MACD狀態,出量,站上60日均,5日均價,10日均價,20日均價,60日均價,5日均斜率(%),10日均斜率(%),20日均斜率(%)
006201,元大富櫃50,2026-07-24,41.19,-1.86,-4.32,237116000,0,綠增,否,否,41.86,43.43,45.63,46.22,-6.9784,-6.264,-2.9078
00679B,元大美債20年,2026-07-24,26.65,-0.05,-0.19,9990427000,0,綠增,否,否,26.8,26.8,26.99,26.72,-0.0075,-0.6119,0.0705
00687B,國泰20年美債,2026-07-24,27.73,-0.04,-0.14,9676639000,0,綠增,否,否,27.87,27.87,28.07,27.86,0.0144,-0.6346,-0.073
00687C,國泰20年美債+櫃U,2026-07-24,9.14,-0.04,-0.44,25000000,0,綠縮,否,否,9.18,9.21,9.33,9.31,-0.5199,-1.2653,-0.4904
00694B,富邦美債1-3,2026-07-24,42.35,0.08,0.19,133070000,0,綠增,否,是,42.39,42.37,42.2,41.73,0.0661,0.2627,0.4368
00695B,富邦美債7-10,2026-07-24,35.25,0.01,0.03,190761000,0,綠增,否,是,35.43,35.49,35.51,35.18,-0.3824,-0.2809,0.2201
00696B,富邦美債20年,2026-07-24,28.73,-0.04,-0.14,945918000,0,綠增,否,否,28.89,29.01,29.32,28.99,-0.8102,-1.1551,-0.1974
00697B,元大美債7-10,2026-07-24,35.8,-0.02,-0.06,899395000,0,紅轉綠,是,是,35.95,35.89,35.83,35.65,0.3293,0.1199,0.2182
00719B,元大美債1-3,2026-07-24,31.42,0.05,0.16,2156553000,0,綠增,否,是,31.49,31.5,31.35,31.04,-0.0381,0.2674,0.4244
00720B,元大投資級公司債,2026-07-24,32.45,-0.13,-0.4,5193541000,0,綠增,否,否,32.75,32.98,33.34,33.06,-1.3909,-1.4461,-0.4538
00722B,群益投資級電信債,2026-07-24,34.92,-0.19,-0.54,3933889000,0,綠增,否,否,35.2,35.46,35.98,35.9,-1.4446,-1.7047,-0.7064
00723B,群益投資級科技債,2026-07-24,29.74,-0.12,-0.4,188809000,0,綠增,否,否,30.0,30.29,30.79,30.73,-1.884,-2.0536,-0.823
00724B,群益投資級金融債,2026-07-24,33.4,-0.11,-0.33,2558152000,0,綠增,否,否,33.6,33.77,34.08,33.76,-0.9902,-1.2112,-0.2415
00725B,國泰投資級公司債,2026-07-24,34.54,-0.1,-0.29,5691228000,0,綠增,否,否,34.75,34.99,35.39,35.11,-1.3512,-1.4921,-0.4739
00726B,國泰新興投等債,2026-07-24,33.21,-0.04,-0.12,185546000,0,綠增,否,是,33.37,33.36,33.34,32.97,0.078,-0.03,0.3461
00727B,國泰優選非投等債,2026-07-24,39.54,-0.05,-0.13,171678000,0,綠增,否,是,39.69,39.92,39.92,39.5,-1.1753,-0.4414,0.0564
00734B,台新JPM新興債,2026-07-24,15.73,-0.08,-0.51,1335000,0,綠增,否,否,15.84,15.96,15.97,15.81,-1.505,-0.6784,0.0815
00740B,富邦全球投等債,2026-07-24,38.06,-0.09,-0.24,968673000,0,綠增,否,否,38.32,38.47,38.8,38.63,-0.7562,-1.0723,-0.3288
00741B,富邦全球非投等債,2026-07-24,38.0,0.18,0.48,524626000,0,紅增,是,是,37.92,37.83,37.62,37.36,0.461,0.4701,0.4579
00746B,富邦A級公司債,2026-07-24,35.07,-0.1,-0.28,329126000,0,綠增,否,否,35.3,35.47,35.79,35.53,-0.9483,-1.1839,-0.2731
00749B,凱基新興債10+,2026-07-24,31.29,-0.17,-0.54,100000000,0,綠增,否,否,31.58,31.78,32.02,31.72,-1.2693,-1.1108,-0.2259
00750B,凱基科技債10+,2026-07-24,32.25,-0.11,-0.34,101010000,0,綠增,否,否,32.54,32.77,33.21,33.05,-1.382,-1.6921,-0.5763
00751B,元大AAA至A公司債,2026-07-24,31.05,-0.11,-0.35,5524628000,0,綠增,否,否,31.26,31.3,31.61,31.65,-0.2871,-1.0244,-0.6084
00754B,群益AAA-AA公司債,2026-07-24,32.59,-0.18,-0.55,131538000,0,綠增,否,否,32.92,32.98,33.41,33.45,-0.3512,-1.3758,-0.4766
00755B,群益投資級公用債,2026-07-24,32.71,-0.08,-0.24,154093000,0,綠增,否,否,32.92,32.92,33.14,32.86,-0.0304,-0.7266,0.0423
00756B,群益投等新興公債,2026-07-24,31.45,-0.12,-0.38,205048000,0,綠增,否,否,31.68,31.74,31.9,31.58,-0.4024,-0.6696,0.0188
00758B,復華能源債,2026-07-24,51.5,-0.05,-0.1,102800000,0,綠增,否,否,51.77,51.76,52.03,51.67,0.0386,-0.5094,-0.0048
00759B,復華製藥債,2026-07-24,54.25,-0.15,-0.28,100000000,0,綠增,否,否,54.69,54.77,55.18,54.68,-0.3099,-0.8328,-0.0589
00760B,復華新興企業債,2026-07-24,53.7,-0.2,-0.37,101525000,0,綠增,否,否,54.11,54.21,54.35,53.92,-0.3499,-0.3951,0.1474
00761B,國泰A級公司債,2026-07-24,34.14,-0.13,-0.38,459715000,0,綠增,否,否,34.4,34.42,34.69,34.53,-0.1278,-0.8298,-0.1554
00764B,群益25年美債,2026-07-24,27.67,-0.03,-0.11,4562852000,0,綠增,否,否,27.81,27.81,27.99,27.81,0.0288,-0.597,-0.0732
00768B,復華20年美債,2026-07-24,50.0,0.0,0.0,449058000,0,綠增,否,否,50.26,50.25,50.62,50.23,0.0398,-0.6623,0.084
00772B,中信高評級公司債,2026-07-24,33.23,-0.1,-0.3,1529185000,0,綠增,否,否,33.45,33.53,33.8,33.67,-0.4524,-0.9542,-0.2597
00773B,中信優先金融債,2026-07-24,35.65,-0.09,-0.25,898631000,0,綠增,否,否,35.86,35.9,36.13,35.88,-0.2282,-0.7575,-0.0899
00777B,凱基AAA至A公司債,2026-07-24,32.01,-0.1,-0.31,102129000,0,綠增,否,否,32.26,32.36,32.71,32.61,-0.6223,-1.2513,-0.4003
00778B,凱基金融債20+,2026-07-24,34.12,-0.08,-0.23,100000000,0,綠增,否,否,34.3,34.35,34.72,34.49,-0.2791,-1.0998,-0.2686
00779B,凱基美債25+,2026-07-24,27.98,-0.02,-0.07,307450000,0,綠增,否,否,28.12,28.13,28.34,28.18,-0.064,-0.692,-0.1146
00780B,國泰A級金融債,2026-07-24,37.52,-0.03,-0.08,187002000,0,綠增,否,是,37.68,37.6,37.61,37.32,0.389,-0.0532,0.3522
00781B,國泰A級科技債,2026-07-24,27.68,-0.17,-0.61,136425000,0,綠增,否,否,27.96,28.02,28.29,28.5,-0.4203,-1.0734,-0.6322
00782B,國泰A級公用債,2026-07-24,30.0,-0.1,-0.33,166564000,0,綠增,否,否,30.23,30.46,30.77,30.47,-1.4666,-1.4623,-0.3256
00785B,富邦金融投等債,2026-07-24,34.65,-0.07,-0.2,101175000,0,綠增,否,否,34.85,35.01,35.31,34.98,-0.955,-1.1574,-0.2049
00786B,元大10年IG銀行債,2026-07-24,32.6,-0.29,-0.88,77108000,0,綠增,是,否,32.88,32.89,33.07,32.78,-0.0486,-0.6104,0.059
00787B,元大10年IG醫療債,2026-07-24,32.31,-0.09,-0.28,12033000,0,綠增,否,否,32.52,32.56,32.77,32.62,-0.227,-0.7771,-0.3224
00788B,元大10年IG電能債,2026-07-24,29.73,-0.06,-0.2,11050000,0,綠增,否,否,29.99,30.15,30.39,30.02,-1.0556,-1.1247,-0.1593
00789B,復華公司債A3,2026-07-24,47.07,-0.14,-0.3,121822000,0,綠增,否,否,47.55,47.9,48.55,48.29,-1.4343,-1.6851,-0.5785
00791B,復華信用債1-5,2026-07-24,57.45,0.05,0.09,103800000,0,綠增,否,是,57.66,57.69,57.47,56.77,-0.0866,0.1911,0.4238
00792B,群益A級公司債,2026-07-24,31.35,-0.08,-0.25,365819000,0,綠增,是,否,31.57,31.6,31.85,31.79,-0.2149,-0.8471,-0.3145
00793B,群益AAA-A醫療債,2026-07-24,30.44,-0.07,-0.23,9545000,0,綠增,否,否,30.68,30.74,30.93,30.81,-0.4091,-0.8707,-0.2419
00795B,中信美國公債20年,2026-07-24,26.83,-0.04,-0.15,3268022000,0,綠增,否,否,26.98,26.97,27.17,26.91,0.0371,-0.6336,0.0866
00799B,國泰A級醫療債,2026-07-24,29.47,-0.08,-0.27,198097000,0,綠增,否,否,29.68,29.71,29.92,29.72,-0.2018,-0.8147,-0.0585
00834B,第一金金融債10+,2026-07-24,33.86,-0.06,-0.18,108001000,0,綠增,否,否,34.09,34.26,34.47,34.18,-0.9933,-0.8537,-0.2012
00836B,永豐10年A公司債,2026-07-24,28.45,-0.06,-0.21,21063000,0,綠增,否,否,28.62,28.71,28.97,28.89,-0.6181,-0.9282,-0.4228
00840B,凱基IG精選15+,2026-07-24,29.5,-0.13,-0.44,101000000,0,綠增,否,否,29.74,29.83,30.16,30.02,-0.6016,-1.2218,-0.3585
00841B,凱基AAA-AA公司債,2026-07-24,28.4,-0.13,-0.46,100033000,0,綠增,否,否,28.64,28.71,29.05,29.01,-0.4449,-1.2724,-0.384
00842B,台新美元銀行債,2026-07-24,30.03,0.04,0.13,116541000,0,綠縮,否,否,30.11,30.45,30.78,30.51,-2.2339,-1.7803,-0.4319
00845B,富邦新興投等債,2026-07-24,33.54,-0.08,-0.24,150001000,0,綠增,否,是,33.7,33.69,33.64,33.37,0.0831,0.0386,0.379
00846B,富邦歐洲銀行債,2026-07-24,36.3,0.0,0.0,102002000,0,綠增,否,是,36.42,36.37,36.33,36.01,0.3085,0.0027,0.3924
00847B,中信美國市政債,2026-07-24,25.48,-0.05,-0.2,402000000,0,綠增,是,否,25.69,25.7,25.81,25.61,-0.0778,-0.4647,0.1747
00848B,中信新興亞洲債,2026-07-24,33.9,-0.06,-0.18,406088000,0,綠增,是,否,34.12,34.31,34.48,34.26,-1.067,-0.8468,-0.0913
00849B,中信EM主權債0-5,2026-07-24,37.78,0.05,0.13,402126000,0,綠增,是,是,37.82,37.85,37.73,37.32,-0.1584,0.1429,0.3244
00853B,統一美債10年Aa-A,2026-07-24,27.3,-0.05,-0.18,1015236000,0,綠增,否,否,27.48,27.53,27.76,27.73,-0.3553,-0.9213,-0.3661
00856B,永豐1-3年美公債,2026-07-24,38.16,0.08,0.21,3803000,0,紅縮,否,是,38.19,38.05,37.86,37.64,0.7438,0.6081,0.3712
00857B,永豐20年美公債,2026-07-24,23.06,-0.02,-0.09,504060000,0,綠增,否,否,23.18,23.17,23.36,23.2,0.0432,-0.5963,-0.1859
00858,永豐美國500大,2026-07-24,36.53,-0.28,-0.76,689822000,0,綠增,否,是,36.79,36.8,36.5,35.66,-0.0326,0.3819,0.6564
00859B,群益0-1年美債,2026-07-24,41.61,0.12,0.29,3120709000,0,紅縮,否,是,41.57,41.43,41.15,41.0,0.6635,0.6706,0.4209
00860B,群益1-5Y投資級債,2026-07-24,38.8,0.06,0.15,102192000,0,紅縮,否,是,38.84,38.73,38.5,38.12,0.5957,0.5739,0.5892
00862B,中信投資級公司債,2026-07-24,31.24,-0.09,-0.29,500879000,0,綠增,是,否,31.45,31.51,31.78,31.75,-0.3548,-0.9525,-0.4292
00863B,中信全球電信債,2026-07-24,31.44,-0.14,-0.44,414031000,0,綠增,是,否,31.7,31.74,32.04,32.1,-0.2517,-0.9084,-0.4815
00864B,中信美國公債0-1,2026-07-24,47.22,0.15,0.32,1417138000,0,紅縮,否,是,47.17,46.99,46.66,46.22,0.7605,0.7353,0.6927
00867B,台新A-BBB電信債,2026-07-24,30.67,-0.05,-0.16,3033000,0,綠縮,否,否,30.76,30.94,31.23,31.22,-1.1503,-1.515,-0.3001
00870B,元大15年EM主權債,2026-07-24,27.87,-0.21,-0.75,6050000,0,綠增,是,否,28.28,28.57,28.72,28.45,-2.0369,-1.2783,-0.0331
00877,復華中國5G,2026-07-24,37.81,-0.8,-2.07,2779362000,0,綠縮,否,否,38.54,40.64,43.82,41.12,-9.8404,-7.9524,-3.0684
00884B,中信低碳新興債,2026-07-24,29.1,-0.18,-0.61,463806000,0,綠增,是,否,29.42,29.65,29.92,29.69,-1.5064,-1.3083,-0.3531
00886,永豐美國科技,2026-07-24,44.48,-0.42,-0.94,1115000,0,綠增,否,是,44.88,45.43,45.23,42.81,-2.3879,-0.3094,0.9351
00887,永豐中國科技50大,2026-07-24,17.33,-0.08,-0.46,4272054000,0,綠縮,否,是,17.35,17.94,18.87,17.14,-6.3478,-6.7768,-0.1719
00888,永豐台灣ESG,2026-07-24,34.25,-0.94,-2.67,88842370000,0,綠增,是,是,34.55,35.45,36.58,32.99,-4.9675,-4.1422,-0.1133
00890B,凱基ESG BBB債15+,2026-07-24,31.78,-0.1,-0.31,100070000,0,綠增,否,否,32.02,32.16,32.5,32.33,-0.8606,-1.2739,-0.4015
00928,中信上櫃ESG 30,2026-07-24,29.83,-1.33,-4.27,1478664000,0,綠縮,否,否,30.09,32.33,35.16,35.55,-12.9902,-10.6129,-4.8824
00931B,統一美債20年,2026-07-24,13.34,-0.02,-0.15,1217184000,0,綠增,否,否,13.41,13.47,13.61,13.45,-0.8282,-1.1523,-0.1834
00933B,國泰10Y+金融債,2026-07-24,15.94,-0.04,-0.25,8635018000,0,綠增,否,否,16.02,16.04,16.14,16.02,-0.2864,-0.7488,-0.0898
00937B,群益ESG投等債20+,2026-07-24,14.62,-0.05,-0.34,43784119000,0,綠增,否,否,14.72,14.78,14.92,14.84,-0.7683,-1.1767,-0.3773
00942B,台新美A公司債20+,2026-07-24,14.08,-0.05,-0.35,434889000,0,綠增,否,否,14.18,14.22,14.37,14.32,-0.5192,-1.1541,-0.3847
00948B,中信優息投資級債,2026-07-24,9.34,-0.02,-0.21,4167587000,0,綠增,否,否,9.4,9.43,9.52,9.47,-0.6341,-1.101,-0.3403
00950B,凱基A級公司債,2026-07-24,13.99,-0.04,-0.29,4459778000,0,綠增,否,否,14.08,14.08,14.17,14.09,-0.0284,-0.649,-0.0388
00955,中信日本商社,2026-07-24,14.82,-0.13,-0.87,3866743000,0,紅縮,否,否,14.73,14.51,14.27,14.93,3.0782,2.1393,0.7127
00957B,兆豐US優選投等債,2026-07-24,13.28,-0.03,-0.23,1044736000,0,綠增,否,否,13.37,13.42,13.55,13.47,-0.7426,-1.1786,-0.3751
00958B,永豐ESG銀行債15+,2026-07-24,9.27,-0.03,-0.32,764458000,0,綠增,否,否,9.33,9.33,9.38,9.3,-0.0857,-0.6071,-0.032
00959B,大華投等美債15Y+,2026-07-24,9.32,-0.02,-0.21,2009271000,0,綠增,否,否,9.37,9.38,9.45,9.39,-0.213,-0.7827,-0.1427
00966B,統一ESG投等債15+,2026-07-24,13.79,-0.04,-0.29,1360125000,0,綠增,是,否,13.88,13.91,14.04,13.96,-0.3732,-0.9967,-0.2947
00967B,元大優息美債,2026-07-24,9.1,-0.01,-0.11,99422000,0,綠增,否,否,9.16,9.16,9.2,9.12,-0.0436,-0.4563,0.0489
00968B,元大優息投等債,2026-07-24,9.16,-0.03,-0.33,1344735000,0,綠增,否,否,9.23,9.25,9.32,9.28,-0.4532,-0.9215,-0.3156
00969B,元大零息超長美債,2026-07-24,8.27,-0.01,-0.12,479510000,0,綠縮,否,否,8.32,8.32,8.46,8.32,-0.024,-1.3752,-0.224
00970B,台新BBB投等債20+,2026-07-24,9.25,-0.03,-0.32,708047000,0,綠增,否,否,9.31,9.34,9.43,9.38,-0.7038,-1.1739,-0.3539
009806,台新標普500,2026-07-24,13.34,-0.08,-0.6,172454000,0,綠增,是,是,13.44,13.46,13.33,13.05,-0.2227,0.4103,0.6228
009807,台新標普科技精選,2026-07-24,16.57,-0.15,-0.9,52143000,0,綠縮,是,是,16.56,16.57,16.69,16.0,-0.1447,-0.7664,-0.018
00980B,台新特選IG債10+,2026-07-24,9.38,-0.01,-0.11,150285000,0,綠增,否,否,9.43,9.46,9.54,9.48,-0.6741,-1.0768,-0.2718
00980D,主動聯博投等入息,2026-07-24,20.38,-0.03,-0.15,344058000,0,綠增,否,否,20.46,20.49,20.52,20.41,-0.3021,-0.3259,0.0122
00980T,平衡凱基美國TOP,2026-07-24,11.47,-0.18,-1.55,33340000,0,紅縮,否,是,11.68,11.63,11.45,11.46,0.8636,1.4569,0.6813
009814,富邦標普500,2026-07-24,11.12,-0.08,-0.71,1670443000,0,綠增,否,是,11.2,11.21,11.12,10.92,-0.285,0.2773,0.5195
009815,大華美國MAG7+,2026-07-24,11.06,-0.23,-2.04,4464029000,0,紅轉綠,否,否,11.27,11.28,11.19,11.12,-0.2303,0.2845,0.2239
00981B,第一金優選非投債,2026-07-24,9.25,-0.03,-0.32,11353265000,0,綠增,否,是,9.31,9.32,9.28,9.21,-0.3,0.1289,0.2592
00981D,主動中信非投等債,2026-07-24,10.45,0.0,0.0,4078749000,0,綠增,否,是,10.47,10.48,10.45,10.36,-0.2668,0.0955,0.2495
009822,華南永昌未來金融,2026-07-24,9.9,0.03,0.3,1190492000,0,紅增,否,,9.79,9.73,9.78,,1.3665,-0.2564,-0.1277
009823,群益S&P500,2026-07-24,10.25,-0.08,-0.77,3913770000,0,綠增,是,,10.32,10.34,10.3,,-0.4438,0.0677,0.7387
009825,聯邦美國金融創新,2026-07-24,9.69,-0.09,-0.92,518636000,0,,是,,9.81,9.87,,,-1.3481,-0.9531,
00983B,大華優利美公債20,2026-07-24,15.57,-0.02,-0.13,336733000,0,綠增,是,否,15.65,15.65,15.78,15.64,-0.0,-0.6853,-0.0317
00984B,大華優利美A債15,2026-07-24,16.18,-0.02,-0.12,575300000,0,綠增,否,否,16.26,16.27,16.43,16.35,-0.1228,-0.8651,-0.255
00985D,主動貝萊德優投等,2026-07-24,10.06,-0.03,-0.3,807659000,0,綠增,否,否,10.13,10.16,10.23,10.16,-0.5302,-0.8783,-0.239
00986D,主動復華金融債息,2026-07-24,14.7,-0.06,-0.41,500979000,0,綠增,否,否,14.79,14.81,14.84,14.79,-0.2294,-0.3902,-0.0269
00987B,野村10+澳洲公債,2026-07-24,15.96,-0.09,-0.56,1947850000,0,紅縮,是,是,16.06,16.01,15.96,15.93,0.6015,0.4833,0.1632
00988B,玉山嚴選非投債,2026-07-24,19.82,-0.13,-0.65,7168788000,0,綠增,是,否,19.94,19.99,19.93,19.85,-0.4294,0.0801,0.1583
00989B,台新美國非投等債,2026-07-24,10.19,-0.03,-0.29,16334275000,0,綠增,是,是,10.23,10.24,10.21,10.07,-0.195,0.0879,0.3736
00990B,國泰收益非投等債,2026-07-24,10.03,-0.02,-0.2,1180457000,0,,是,,10.05,10.03,,,0.4797,0.2358,
00998A,主動復華金融股息,2026-07-24,17.3,-0.2,-1.14,893474000,0,紅轉綠,否,是,17.29,17.26,17.04,16.34,0.3599,1.2438,0.5815
020001,富邦存股雙十N,2026-07-24,25.87,0.13,0.51,4000000,0,,是,,26.92,,,,,,
020025,統一亞洲半導體N,2026-07-24,37.42,-1.79,-4.57,9000000,0,綠縮,否,,38.11,38.63,41.57,,-2.6616,-6.4311,-2.2308
020041,兆豐半導體氣候N,2026-07-24,16.9,-1.26,-6.94,34000000,0,綠增,否,,17.32,17.7,18.48,,-4.2252,-4.8541,-2.3542
1240,茂生農經,2026-07-24,54.7,-0.5,-0.91,8678000,0,綠縮,否,否,55.08,55.89,56.92,57.82,-2.8571,-2.5288,-1.3346
1259,安心,2026-07-24,59.9,-0.9,-1.48,7000000,0,紅縮,否,是,59.88,59.12,58.23,58.1,2.6045,2.5143,0.7701
1264,德麥,2026-07-24,258.0,0.0,0.0,15868000,0,綠縮,否,否,257.9,261.9,265.82,269.7,-3.0086,-2.3854,-1.2078
1268,漢來美食,2026-07-24,172.0,0.5,0.29,15390000,0,紅縮,否,是,173.4,170.35,169.93,165.22,3.6461,1.038,0.6963
1294,漢田生技,2026-07-24,56.6,0.5,0.89,17225000,0,綠縮,否,否,56.26,56.94,66.14,74.56,-2.3603,-11.8303,-7.9092
1295,生合,2026-07-24,48.15,-0.55,-1.13,49723000,0,紅縮,是,否,48.44,48.95,48.62,51.19,-2.0623,0.0307,-0.6488
1336,台翰,2026-07-24,15.6,-0.55,-3.41,284107000,0,紅縮,否,是,15.91,15.49,15.26,14.28,5.504,4.3786,1.6658
1565,精華,2026-07-24,93.5,0.2,0.21,55869000,0,綠縮,否,否,93.5,94.64,95.31,96.87,-2.3805,-1.9579,-0.0524
1569,濱川,2026-07-24,41.8,-0.7,-1.65,344063000,0,綠增,否,否,42.7,44.7,45.77,51.22,-8.5653,-4.6603,-3.1475
1570,力肯,2026-07-24,37.8,1.05,2.86,30599000,0,綠縮,否,否,37.19,38.23,39.42,41.39,-5.2725,-4.6282,-3.3049
1580,新麥,2026-07-24,112.5,-1.5,-1.32,81248000,0,綠縮,否,否,113.6,116.55,119.72,122.12,-4.9372,-3.9555,-2.1655
1584,精剛,2026-07-24,19.25,-0.25,-1.28,638657000,0,紅縮,否,否,19.62,19.63,19.39,19.75,-0.1527,0.8475,-0.0258
1586,和勤,2026-07-24,18.1,0.1,0.56,644660000,0,綠縮,否,否,18.06,18.33,19.09,21.01,-2.9032,-3.729,-4.1301
1591,駿吉-KY,2026-07-24,41.4,3.75,9.96,181374000,0,綠轉紅,否,,35.81,38.4,39.97,,-12.6372,-8.6801,-11.2905
1593,祺驊,2026-07-24,30.2,-0.1,-0.33,13163000,0,紅增,否,否,30.22,30.19,30.26,31.17,0.2322,-0.3795,-1.0707
1595,川寶,2026-07-24,53.6,-2.5,-4.46,290123000,0,綠縮,否,否,55.8,61.04,70.16,77.26,-15.8117,-15.1397,-6.3347
1599,宏佳騰,2026-07-24,23.5,0.75,3.3,135502000,0,綠縮,是,否,22.96,23.05,23.31,23.84,-0.8207,-1.8101,-0.4485
1742,台蠟,2026-07-24,16.5,0.1,0.61,32010000,0,紅增,否,是,16.29,15.96,15.61,15.53,4.156,3.0665,1.101
1777,生泰,2026-07-24,72.5,-0.4,-0.55,29409000,0,綠增,否,是,72.72,73.57,72.77,71.85,-2.2843,0.1634,0.1652
1780,立弘,2026-07-24,23.1,0.2,0.87,87362000,0,綠轉紅,否,否,22.78,23.19,24.3,29.13,-3.4746,-4.3119,-6.096
1781,合世,2026-07-24,11.45,-0.15,-1.29,45825000,0,綠增,是,是,11.68,11.79,11.82,11.34,-1.7662,-0.9248,-0.5051
1784,訊聯,2026-07-24,59.5,-1.1,-1.82,135908000,0,綠縮,否,否,60.28,63.05,65.46,69.02,-8.4169,-6.3011,-2.262
1785,光洋科,2026-07-24,106.0,-4.0,-3.64,4568809000,0,綠縮,否,否,107.9,117.45,131.3,144.26,-15.0394,-14.0819,-6.3815
1788,杏昌,2026-07-24,129.5,-0.5,-0.38,21282000,0,紅縮,否,否,130.0,129.8,129.97,133.3,0.3086,0.0385,-0.6877
1796,金穎生技,2026-07-24,31.0,-0.2,-0.64,23027000,0,綠增,否,否,31.44,32.7,32.77,35.5,-7.3932,-1.5211,-2.0914
1799,易威,2026-07-24,35.75,3.25,10.0,366729000,0,紅增,是,是,33.17,33.32,32.51,34.34,-0.8963,0.9085,1.8725
1813,寶利徠,2026-07-24,11.8,0.05,0.43,5611000,0,綠增,否,否,11.87,11.91,11.94,12.1,-0.6695,-0.5013,0.0838
1815,富喬,2026-07-24,73.9,-5.0,-6.34,10286795000,0,綠增,否,否,77.96,84.26,93.34,101.24,-13.9134,-12.7111,-4.1782
2061,風青,2026-07-24,52.1,-0.6,-1.14,1399161000,0,綠縮,否,是,52.16,61.08,63.86,39.66,-25.4857,-13.7044,4.9466
2063,世鎧,2026-07-24,24.0,0.0,0.0,7000000,0,紅縮,否,否,24.06,24.09,24.15,25.01,-0.2488,-0.0415,-0.8723
2064,晉椿,2026-07-24,12.75,0.0,0.0,9010000,0,綠縮,否,否,12.81,13.03,13.34,13.13,-3.2477,-3.1238,-3.0523
2065,世豐,2026-07-24,32.0,0.0,0.0,118457000,0,綠縮,是,否,31.99,32.11,32.57,32.64,-0.7138,-1.1089,-2.0526
2066,世德,2026-07-24,63.1,-0.1,-0.16,17049000,0,綠縮,否,是,63.12,64.32,66.5,58.11,-3.663,-3.3218,0.6204
2067,嘉鋼,2026-07-24,6.57,0.0,0.0,4004000,0,紅縮,否,否,6.54,6.58,6.6,6.73,-1.0883,-0.7691,0.6713
2070,精湛,2026-07-24,51.6,-1.4,-2.64,89931000,0,綠縮,否,否,52.58,55.06,59.2,63.1,-8.6201,-8.0033,-4.9382
2073,雄順,2026-07-24,27.7,,,4238000,0,紅縮,否,是,27.47,27.29,26.71,26.37,1.3279,2.095,1.4339
2221,大甲,2026-07-24,49.3,-1.6,-3.14,284845000,0,綠增,否,是,50.56,50.48,49.5,43.99,0.3374,1.9903,3.5081
2230,泰茂,2026-07-24,22.05,-0.25,-1.12,117062000,0,綠縮,否,否,22.11,22.45,23.98,27.2,-2.9412,-6.4597,-4.4332
2235,謚源,2026-07-24,27.0,-0.45,-1.64,8051000,0,綠增,否,否,27.52,28.19,29.2,30.28,-4.6101,-4.2792,-2.079
2596,綠意,2026-07-24,31.2,-0.2,-0.64,15009000,0,綠增,否,是,31.13,31.34,31.02,29.78,-1.3312,0.1438,0.2829
2640,大車隊,2026-07-24,148.5,3.0,2.06,31272000,0,綠縮,否,否,146.3,152.0,153.38,161.43,-7.2289,-3.7975,-1.5723
2641,正德,2026-07-24,17.25,0.05,0.29,857076000,0,綠縮,否,否,17.16,17.37,17.66,17.92,-2.3891,-2.1133,-2.2416
2643,捷迅,2026-07-24,58.5,0.3,0.52,32362000,0,綠縮,否,否,58.26,59.55,61.45,64.96,-4.2406,-2.8072,-3.1976
2718,全心投控,2026-07-24,45.75,-0.95,-2.03,31245000,0,綠縮,否,否,46.16,47.25,49.04,46.77,-4.49,-5.5761,-1.2188
2719,燦星旅,2026-07-24,22.65,-1.0,-4.23,14041000,0,紅轉綠,否,否,23.18,23.34,23.95,25.42,-1.3617,-2.5266,-1.9345
2724,藝舍-KY,2026-07-24,11.85,0.3,2.6,1000000,0,紅增,否,否,11.9,11.55,11.79,13.51,6.1552,-0.2159,-1.8526
2726,雅茗-KY,2026-07-24,9.09,0.0,0.0,4100000,0,綠轉紅,否,否,8.93,8.97,9.22,9.74,-0.9539,-1.8808,-2.5831
2729,瓦城,2026-07-24,161.5,2.5,1.57,63808000,0,紅增,是,否,158.9,157.9,159.5,161.73,1.2747,-0.2212,-0.4835
2732,六角,2026-07-24,64.6,0.1,0.16,12514000,0,綠縮,否,否,64.56,64.75,64.86,65.18,-0.5852,-0.5224,-0.1386
2734,易飛網,2026-07-24,15.05,-0.15,-0.99,46987000,0,紅縮,否,否,15.13,15.18,15.25,15.55,-0.6566,-0.2628,-0.2453
2736,富野,2026-07-24,11.85,-0.1,-0.84,48812000,0,紅增,否,否,11.83,11.8,11.86,12.21,0.4244,-0.4218,-0.2314
2740,華軒,2026-07-24,33.85,-0.05,-0.15,1117000,0,紅縮,否,否,33.93,33.96,32.44,34.74,-0.1765,3.505,5.4197
2743,山富,2026-07-24,60.0,-0.9,-1.48,56000000,0,綠縮,否,否,60.54,61.51,64.12,67.24,-3.105,-4.4579,-2.4717
2745,五福,2026-07-24,94.2,-0.5,-0.53,140269000,0,綠增,否,否,98.88,101.39,104.15,103.31,-4.8316,-3.8046,-1.541
2751,王座,2026-07-24,52.5,0.4,0.77,4307000,0,綠縮,否,否,51.84,52.26,52.35,53.1,-1.5945,-0.8537,-0.3047
2752,豆府,2026-07-24,175.0,-3.0,-1.69,10275000,0,紅縮,否,否,176.7,176.95,177.35,179.12,-0.2822,-0.2537,-0.4491
2754,亞洲藏壽司,2026-07-24,68.6,-0.1,-0.15,25055000,0,紅縮,否,否,68.86,68.75,68.66,68.88,0.3205,0.0145,0.4829
2755,揚秦,2026-07-24,105.5,0.5,0.48,27339000,0,綠縮,否,否,104.5,117.9,129.5,132.61,-20.4113,-12.7636,-5.7839
2756,聯發國際,2026-07-24,58.5,-0.6,-1.02,9136000,0,紅縮,否,否,59.26,59.45,59.56,61.85,-0.6372,-0.2684,-0.816
2916,滿心,2026-07-24,39.65,0.25,0.63,77932000,0,紅增,否,否,39.53,39.84,40.58,43.49,-1.5442,-1.9082,-1.5169
2924,宏太-KY,2026-07-24,18.45,0.3,1.65,1000000,0,紅增,否,是,18.1,18.22,17.88,18.39,-1.3086,1.3066,1.7504
2926,誠品生活,2026-07-24,31.5,-0.6,-1.87,15010000,0,綠縮,否,否,31.69,31.88,32.77,34.97,-1.1849,-2.597,-2.6656
2941,米斯特,2026-07-24,30.8,0.0,0.0,4001000,0,綠增,否,否,31.5,33.16,32.66,32.6,-9.5607,-3.9253,0.2379
2947,振宇五金,2026-07-24,63.9,-0.9,-1.39,22741000,0,綠縮,是,否,65.08,66.88,72.12,75.81,-5.2417,-7.7263,-3.8977
2948,寶陞,2026-07-24,37.2,0.0,0.0,2015000,0,綠增,否,否,37.25,37.67,37.55,37.94,-2.231,-0.1987,-0.2722
2949,欣新網,2026-07-24,65.0,0.1,0.15,1000000,0,綠增,否,是,65.98,71.08,70.16,63.22,-13.3893,-2.9227,0.3576
3066,李洲,2026-07-24,22.5,-0.1,-0.44,535831000,0,綠縮,否,是,22.5,24.13,24.48,21.37,-12.6892,-7.369,2.2452
3071,協禧,2026-07-24,26.0,-0.25,-0.95,133443000,0,綠縮,否,否,26.11,27.23,29.65,30.85,-7.8687,-9.4613,-5.5051
3073,天方能源,2026-07-24,21.55,-0.55,-2.49,73331000,0,綠增,否,否,21.65,21.84,21.95,21.78,-1.7249,-1.3104,1.5027
3078,僑威,2026-07-24,52.7,0.2,0.38,455027000,0,綠縮,否,否,52.7,53.87,54.15,55.49,-4.2515,-2.6387,-0.9694
3081,聯亞,2026-07-24,1760.0,-70.0,-3.83,10211327000,0,綠轉紅,是,否,1641.0,1746.5,1908.0,2405.17,-11.3931,-8.5841,-7.3224
3083,網龍,2026-07-24,25.1,-0.2,-0.79,83223000,0,綠縮,否,否,25.38,25.84,26.99,27.4,-3.4981,-4.8601,-3.4696
3086,華義*,2026-07-24,28.95,-0.6,-2.03,234831000,0,綠增,否,否,29.6,30.28,31.66,35.8,-4.3928,-4.4192,-5.4784
3088,艾訊,2026-07-24,150.5,-3.5,-2.27,5502409000,0,紅增,是,是,143.3,140.95,140.88,132.15,3.3911,0.7505,0.4456
3093,港建*,2026-07-24,48.4,-0.9,-1.83,442562000,0,綠縮,否,否,47.7,50.38,59.97,58.73,-10.1018,-18.201,-5.9073
3095,及成,2026-07-24,39.3,1.15,3.01,14717000,0,紅增,是,否,38.47,38.47,38.44,41.36,0.0,0.6673,-0.5241
3105,穩懋,2026-07-24,341.5,-23.0,-6.31,20817849000,0,綠縮,否,否,343.6,363.45,404.07,475.88,-10.3574,-9.1716,-8.9203
3114,好德,2026-07-24,31.8,-0.65,-2.0,342953000,0,綠縮,否,否,32.61,35.14,41.89,34.63,-13.4554,-15.7497,-5.3491
3115,富榮綱,2026-07-24,9.29,0.26,2.88,22357000,0,紅增,是,是,8.66,8.79,8.84,9.2,-2.893,0.2395,-1.8423
3118,進階,2026-07-24,31.8,0.05,0.16,7132000,0,紅縮,否,否,31.84,31.88,31.8,32.79,-0.2194,0.0471,0.5534
3122,笙泉,2026-07-24,25.55,-0.25,-0.97,92052000,0,綠縮,否,否,25.89,27.29,29.23,32.03,-9.728,-8.4242,-3.6985
3128,昇銳,2026-07-24,21.85,-0.45,-2.02,105495000,0,綠縮,否,否,22.03,22.6,23.52,23.72,-4.9612,-5.0808,-1.9187
3131,弘塑,2026-07-24,2865.0,-170.0,-5.6,652854000,0,綠增,是,否,2957.0,3038.0,3286.75,3146.92,-5.194,-9.1235,-1.8734
3141,晶宏,2026-07-24,65.4,1.2,1.87,678767000,0,綠縮,否,否,64.32,67.32,71.86,66.98,-8.5324,-9.37,-2.4172
3147,大綜,2026-07-24,225.0,-12.0,-5.06,799682000,0,綠縮,否,否,225.7,226.9,252.68,226.09,-1.0522,-3.1997,-9.6298
3152,璟德,2026-07-24,230.0,-2.5,-1.08,113558000,0,綠增,否,是,230.7,244.75,249.07,201.41,-10.8578,-11.3706,4.2046
3162,精確,2026-07-24,65.5,-1.4,-2.09,673370000,0,綠縮,否,否,67.0,72.79,77.46,81.9,-14.7366,-9.8017,-5.2013
3163,波若威,2026-07-24,705.0,-56.0,-7.36,9635229000,0,紅增,是,否,696.4,713.0,748.3,945.07,-4.5504,-5.0093,-5.4341
3169,亞信,2026-07-24,102.0,-1.0,-0.97,103335000,0,綠增,否,否,103.2,103.08,105.52,109.76,0.2331,-1.4814,-0.9621
3171,炎洲流通,2026-07-24,65.2,-0.1,-0.15,26098000,0,綠縮,否,否,65.12,65.19,67.23,68.86,-0.2145,-2.7595,-2.4875
3176,基亞,2026-07-24,33.0,-0.6,-1.79,225623000,0,綠增,否,否,33.66,34.77,34.49,33.77,-6.1611,-2.4003,0.2835
3178,公準,2026-07-24,63.7,-0.6,-0.93,62716000,0,紅轉綠,否,否,65.76,65.88,65.78,67.78,-0.3636,-0.2876,0.7659
3188,鑫龍騰,2026-07-24,23.55,-0.1,-0.42,74172000,0,綠增,否,否,23.63,23.68,23.79,24.19,-0.3794,-1.0449,-1.0811
3191,雲嘉南,2026-07-24,18.1,-0.55,-2.95,95122000,0,綠縮,是,是,18.2,18.38,18.78,17.61,-1.8868,-1.5801,-1.2227
3205,佰研,2026-07-24,50.0,0.0,0.0,14217000,0,綠縮,否,否,49.93,50.38,51.35,53.76,-1.7706,-2.2791,-1.7176
3206,志豐,2026-07-24,33.4,-0.15,-0.45,113817000,0,綠增,否,否,34.49,35.8,36.94,37.22,-7.0601,-5.3661,-2.4107
3207,耀勝,2026-07-24,46.45,-1.15,-2.42,256524000,0,綠縮,否,否,47.3,52.84,58.96,62.13,-18.9791,-13.5047,-7.8462
3211,順達,2026-07-24,382.0,-9.5,-2.43,2863800000,0,綠縮,否,否,380.3,403.55,407.25,401.98,-10.895,-3.295,-2.5018
3213,茂訊,2026-07-24,128.5,-1.5,-1.15,297421000,0,綠縮,否,是,126.6,127.15,127.0,121.57,-0.8614,-0.8963,-1.7978
3217,優群,2026-07-24,152.5,0.5,0.33,276641000,0,綠縮,否,否,150.1,156.1,167.3,176.49,-7.4028,-7.987,-2.7608
3218,大學光,2026-07-24,137.0,0.5,0.37,231905000,0,綠增,否,是,137.3,137.95,137.55,134.04,-0.938,-1.0402,0.6034
3219,倚強科,2026-07-24,63.6,0.1,0.16,112429000,0,綠縮,否,否,64.5,68.92,71.14,74.63,-12.0534,-7.1159,-3.2175
3221,台嘉碩,2026-07-24,49.2,4.05,8.97,4314189000,0,綠縮,是,否,46.78,50.29,54.67,52.5,-13.0322,-12.342,-5.96
3224,三顧,2026-07-24,36.2,0.75,2.12,79738000,0,綠縮,是,否,35.4,36.04,36.94,40.37,-3.4633,-3.2617,-1.3949
3227,原相,2026-07-24,201.0,-1.0,-0.5,991288000,0,綠縮,否,否,196.0,200.25,215.25,218.54,-4.1565,-8.7075,-2.2258
3228,金麗科,2026-07-24,157.0,-2.5,-1.57,156921000,0,綠增,否,否,160.2,165.35,174.05,192.03,-6.0411,-6.0244,-2.0127
3230,錦明,2026-07-24,40.2,-1.05,-2.55,1394216000,0,綠增,否,是,42.85,47.17,45.23,36.87,-16.78,-6.52,8.2969
3232,昱捷,2026-07-24,20.75,-0.05,-0.24,42032000,0,綠縮,否,否,20.82,21.2,21.77,21.92,-3.4771,-3.3075,-2.5621
3234,光環,2026-07-24,107.5,0.0,0.0,1877356000,0,綠縮,否,否,103.7,109.85,119.4,112.98,-10.6034,-9.1398,-3.2023
3236,千如,2026-07-24,42.0,-2.75,-6.15,2473892000,0,綠縮,否,否,44.87,50.47,58.8,49.75,-19.975,-19.1121,-7.7466
3252,海灣,2026-07-24,16.65,-0.5,-2.92,40054000,0,綠增,否,否,17.05,17.23,17.43,18.12,-2.0678,-2.1023,-1.1201
3259,鑫創,2026-07-24,15.35,0.05,0.33,9764000,0,綠縮,否,否,15.27,15.43,15.84,16.6,-2.1154,-3.016,-2.4623
3260,威剛,2026-07-24,383.0,4.5,1.19,11129328000,0,綠縮,是,否,371.6,384.95,396.82,416.27,-6.7035,-4.277,-2.4341
3264,欣銓,2026-07-24,209.5,-8.5,-3.9,10183788000,0,綠增,是,否,210.4,217.5,225.0,221.49,-6.3224,-6.0272,-1.0989
3265,台星科,2026-07-24,161.0,-2.0,-1.23,610465000,0,綠縮,否,否,160.5,163.45,173.2,176.93,-3.5457,-6.4931,-1.8975
3268,海德威,2026-07-24,19.95,0.0,0.0,349958000,0,綠縮,是,是,19.83,19.99,20.91,19.19,-1.5392,-5.0143,-0.7123
3272,東碩,2026-07-24,14.8,-0.05,-0.34,31693000,0,綠縮,否,否,14.95,15.2,15.56,16.99,-3.2988,-2.6257,-2.7951
3276,宇環,2026-07-24,16.8,-0.6,-3.45,549614000,0,紅縮,否,是,17.48,16.84,16.54,15.38,7.9679,2.8092,3.6817
3284,太普高,2026-07-24,21.4,-0.5,-2.28,465348000,0,綠增,否,是,23.02,24.75,26.64,20.38,-13.0665,-11.6229,2.6694
3285,微端,2026-07-24,39.85,0.85,2.18,14123000,0,綠縮,否,是,39.15,39.27,42.68,35.01,-0.5841,-8.4412,-2.4569
3287,廣寰科,2026-07-24,29.15,0.0,0.0,42575000,0,綠縮,否,否,29.15,29.5,31.1,31.74,-2.3451,-5.4487,-3.8646
3288,點晶,2026-07-24,22.65,-1.5,-6.21,51737000,0,紅縮,否,是,25.41,23.29,22.15,18.95,20.0283,13.5544,3.2036
3289,宜特,2026-07-24,150.5,3.0,2.03,872930000,0,綠縮,否,否,146.5,152.2,160.9,170.73,-7.2198,-8.2027,-2.6324
3290,東浦,2026-07-24,59.7,-1.6,-2.61,603226000,0,綠增,否,是,61.06,63.88,66.11,55.58,-8.4558,-5.5169,-1.0477
3293,鈊象,2026-07-24,710.0,-3.0,-0.42,531459000,0,綠縮,否,否,713.0,715.8,747.1,751.22,-0.7793,-5.38,-1.6456
3294,英濟,2026-07-24,30.3,-1.05,-3.35,482120000,0,綠縮,否,否,31.23,33.57,35.72,35.73,-13.0326,-8.6033,-4.3705
3297,杭特,2026-07-24,29.9,0.25,0.84,155265000,0,綠縮,否,否,29.71,30.22,30.64,31.34,-3.2878,-2.0107,-1.0497
3303,岱稜,2026-07-24,51.2,-1.0,-1.92,353996000,0,綠增,否,否,51.96,54.86,56.49,52.71,-10.0416,-5.1193,-3.0545
3306,鼎天,2026-07-24,44.55,-0.25,-0.56,130107000,0,綠縮,否,否,44.66,45.7,47.17,47.08,-4.4501,-5.1769,-1.3591
3310,佳穎,2026-07-24,67.3,-0.2,-0.3,7000000,0,紅縮,否,否,67.6,67.96,66.98,68.96,-1.0539,0.3692,0.4348
3313,斐成,2026-07-24,11.35,-0.35,-2.99,84236000,0,紅轉綠,否,否,11.68,11.75,11.64,11.65,-1.268,0.2986,-0.0644
3317,尼克森,2026-07-24,75.7,-3.2,-4.06,1338176000,0,綠增,否,否,78.1,85.11,89.31,77.25,-15.2193,-9.2837,-0.123
3322,建舜電,2026-07-24,12.3,-0.05,-0.4,351904000,0,綠縮,否,否,12.33,12.68,13.44,13.64,-5.2995,-6.3885,-4.6293
3323,加百裕,2026-07-24,29.7,-0.45,-1.49,336731000,0,綠縮,否,否,30.21,31.9,33.16,34.85,-10.0625,-6.3555,-3.2952
3324,雙鴻,2026-07-24,943.0,20.0,2.17,4342842000,0,綠轉紅,是,否,911.6,907.6,959.55,1038.68,0.8853,-5.0429,-3.276
3325,旭品,2026-07-24,12.3,-0.4,-3.15,152087000,0,綠增,否,否,12.53,12.64,12.71,12.71,-1.8025,-2.2798,0.0985
3332,幸康,2026-07-24,65.9,0.4,0.61,6000000,0,紅轉綠,否,是,65.92,65.88,65.39,64.84,0.1215,0.5648,0.7163
3339,泰谷,2026-07-24,34.3,-1.15,-3.24,438643000,0,綠縮,否,否,34.94,35.9,39.59,47.45,-5.2089,-8.3716,-6.1845
3349,寶德,2026-07-24,23.3,-0.25,-1.06,65500000,0,紅縮,否,是,23.13,23.46,21.54,21.2,-2.7743,4.4291,6.0546
3354,律勝,2026-07-24,21.8,-0.65,-2.9,112429000,0,綠縮,否,否,22.27,23.46,25.32,28.92,-9.6918,-9.1032,-5.0441
3357,臺慶科,2026-07-24,207.0,-7.0,-3.27,1812692000,0,綠縮,否,否,213.3,232.75,268.27,246.78,-15.4243,-14.7748,-7.7855
3360,尚立,2026-07-24,17.05,-0.9,-5.01,1649218000,0,綠增,否,是,18.35,19.49,19.82,16.24,-11.095,-6.6108,3.8925
3362,先進光,2026-07-24,150.5,-12.5,-7.67,1467061000,0,綠縮,否,是,154.0,161.7,174.38,141.35,-9.0909,-7.2289,-3.6602
3363,上詮,2026-07-24,582.0,-7.0,-1.19,7840718000,0,紅增,是,否,552.6,569.1,583.2,740.98,-5.6352,-0.7326,-6.426
3372,典範,2026-07-24,16.4,-0.45,-2.67,1088030000,0,綠縮,是,否,16.84,17.66,19.29,19.74,-8.8745,-8.8281,-3.8394
3373,熱映,2026-07-24,17.6,-0.15,-0.85,562896000,0,紅增,否,是,17.01,16.73,16.68,16.8,3.4043,1.0266,0.2855
3374,精材,2026-07-24,365.0,-38.0,-9.43,21811778000,0,紅縮,否,是,382.3,371.85,334.18,266.74,5.7831,11.6499,12.3844
3379,彬台,2026-07-24,31.15,0.45,1.47,75778000,0,綠縮,否,否,31.02,32.0,33.01,36.48,-5.9145,-4.7343,-3.5576
3388,崇越電,2026-07-24,74.3,0.8,1.09,544314000,0,綠縮,否,否,73.8,76.28,80.66,96.52,-6.2976,-5.9433,-5.0112
3390,旭軟,2026-07-24,23.95,-0.25,-1.03,140318000,0,綠縮,否,否,24.08,24.98,26.46,27.12,-6.9552,-6.6517,-4.0439
3402,漢科,2026-07-24,136.5,-6.5,-4.55,766500000,0,綠增,否,否,140.7,143.9,145.18,141.38,-4.3508,-3.1303,-0.1032
3430,奇鈦科,2026-07-24,110.0,-6.0,-5.17,313744000,0,綠增,否,否,118.8,125.45,134.15,142.57,-10.0681,-7.1085,-1.6315
3434,哲固,2026-07-24,29.55,-0.2,-0.67,58286000,0,綠縮,否,否,29.55,29.58,29.63,29.78,-0.2026,-0.4878,-0.4285
3438,類比科,2026-07-24,55.7,-2.4,-4.13,210846000,0,綠縮,是,否,56.12,59.84,65.97,65.31,-11.7055,-11.1243,-4.4121
3441,聯一光,2026-07-24,64.3,-4.4,-6.4,3371735000,0,綠縮,否,是,64.88,66.13,73.5,57.27,-3.7103,-8.6854,-3.9783
3444,利機,2026-07-24,72.0,-2.5,-3.36,105078000,0,綠增,否,否,75.12,78.57,84.23,91.74,-8.4126,-7.5973,-4.463
3455,由田,2026-07-24,188.0,-13.0,-6.47,1246069000,0,綠增,否,否,194.8,210.25,226.85,242.13,-13.6907,-10.3412,-3.2416
3465,進泰電子,2026-07-24,30.35,-0.15,-0.49,60824000,0,綠縮,否,否,30.45,31.57,34.04,31.4,-6.8522,-6.8182,-0.9313
3466,德晉,2026-07-24,29.4,0.1,0.34,142679000,0,綠縮,否,否,29.39,30.61,31.28,34.47,-7.6657,-5.4809,-2.0431
3467,台灣精材,2026-07-24,50.9,-1.0,-1.93,30500000,0,綠縮,否,否,51.5,53.44,58.15,63.35,-7.0061,-8.2575,-5.4087
3479,安勤,2026-07-24,156.5,3.0,1.95,3472121000,0,紅增,否,是,148.7,145.3,142.6,122.53,4.7921,2.6492,3.1651
3483,力致,2026-07-24,77.8,0.1,0.13,222472000,0,綠縮,否,否,77.8,81.07,85.81,91.19,-7.7543,-7.5704,-3.7625
3484,崧騰,2026-07-24,47.45,0.35,0.74,212084000,0,綠縮,否,是,47.26,49.08,50.45,46.62,-7.1513,-4.5322,-0.2027
3485,敘豐,2026-07-24,226.5,-13.5,-5.62,77739000,0,綠縮,否,否,232.6,250.55,273.18,299.73,-13.3706,-12.5022,-7.1228
3489,森寶,2026-07-24,19.15,0.05,0.26,119500000,0,綠縮,否,否,19.12,20.27,21.74,22.02,-10.7793,-10.4659,-4.06
3490,單井,2026-07-24,27.1,-0.3,-1.09,223633000,0,綠縮,否,否,27.34,28.87,30.61,33.02,-10.0658,-8.9562,-4.2468
3491,昇達科,2026-07-24,1190.0,-110.0,-8.46,1147160000,0,紅縮,否,否,1239.0,1248.0,1294.75,1616.08,-1.432,-2.156,-6.9529
3492,長盛,2026-07-24,22.15,0.0,0.0,9000000,0,綠增,否,否,22.16,22.46,22.5,22.67,-2.679,-1.0352,-0.5635
3498,陽程,2026-07-24,111.5,-3.0,-2.62,908625000,0,綠縮,否,否,110.5,115.8,117.65,119.23,-8.7531,-4.5342,-2.04
3499,環天科,2026-07-24,13.65,-0.1,-0.73,19110000,0,綠增,否,否,13.7,14.14,14.39,14.88,-6.1001,-3.1828,-1.4721
3508,位速,2026-07-24,15.8,-0.35,-2.17,73625000,0,綠縮,否,否,15.89,16.69,17.44,19.91,-9.1481,-5.7328,-4.044
3511,矽瑪,2026-07-24,20.35,-0.25,-1.21,205328000,0,綠縮,否,否,20.45,21.93,23.37,22.54,-12.6442,-10.763,-3.9848
3512,皇龍,2026-07-24,19.65,0.05,0.26,64258000,0,綠縮,否,否,19.48,19.77,20.12,20.54,-2.9397,-2.7778,-1.6141
3516,亞帝歐,2026-07-24,25.9,-0.7,-2.63,33835000,0,綠縮,否,是,25.96,25.85,26.88,24.11,0.8547,-4.1528,-0.2967
3520,華盈,2026-07-24,17.65,0.15,0.86,685113000,0,綠轉紅,否,是,17.01,16.68,16.68,15.93,3.9731,-1.0086,-0.045
3521,台鋼建設,2026-07-24,12.2,0.0,0.0,64151000,0,綠增,否,否,12.24,12.43,12.43,12.9,-3.0111,-2.0102,-0.7583
3522,御嵿,2026-07-24,12.65,-0.2,-1.56,53171000,0,綠增,否,是,12.99,12.87,13.41,12.6,1.8824,-4.0268,2.6603
3523,迎輝,2026-07-24,18.55,1.65,9.76,367696000,0,綠轉紅,是,是,15.8,15.57,16.59,14.84,2.9316,-2.1363,-0.7329
3526,凡甲,2026-07-24,308.0,-1.5,-0.48,179696000,0,紅增,否,否,306.7,306.5,312.07,336.05,0.1306,-2.868,-0.9679
3527,聚積,2026-07-24,55.8,-0.8,-1.41,79562000,0,綠縮,否,否,56.62,58.37,62.0,60.66,-5.8217,-6.3833,-2.9126
3529,力旺,2026-07-24,2470.0,-35.0,-1.4,594560000,0,綠轉紅,否,否,2448.0,2482.0,2732.5,3377.08,-2.7027,-7.9889,-5.8894
3537,堡達,2026-07-24,54.7,-1.9,-3.36,445346000,0,綠縮,否,否,56.14,60.01,68.62,63.44,-12.1165,-13.6671,-7.4137
3540,曜越,2026-07-24,21.8,0.35,1.63,804700000,0,綠縮,是,否,21.45,22.09,23.5,25.84,-5.6728,-8.0907,-4.6658
3541,西柏,2026-07-24,21.65,-0.05,-0.23,12041000,0,紅縮,否,否,21.78,21.84,21.88,22.48,-0.5933,-0.682,0.0114
3546,宇峻,2026-07-24,75.0,2.1,2.88,291347000,0,綠縮,是,否,73.04,72.74,77.47,76.95,0.8283,-5.385,-3.4218
3548,兆利,2026-07-24,74.5,-0.6,-0.8,119308000,0,綠縮,否,否,75.02,77.69,81.5,92.98,-6.6451,-6.0353,-4.4775
3551,世禾,2026-07-24,182.5,-4.5,-2.41,434015000,0,綠增,否,否,187.6,196.7,199.22,202.55,-8.8435,-3.9082,-0.9816
3552,同致,2026-07-24,47.8,1.6,3.46,268287000,0,紅增,是,否,46.14,46.26,47.48,51.67,-0.5175,-1.8876,-1.784
3555,博士旺,2026-07-24,159.0,-1.5,-0.93,297402000,0,綠縮,是,否,148.0,155.0,172.7,205.78,-8.642,-12.1564,-7.0256
3556,禾瑞亞,2026-07-24,62.0,-0.1,-0.16,320349000,0,綠縮,否,否,62.54,66.29,69.17,62.81,-10.7082,-7.3126,-3.2179
3558,神準,2026-07-24,129.0,-0.5,-0.39,112409000,0,綠增,否,是,129.6,133.75,133.32,126.79,-6.0189,-1.0725,-1.4233
3564,其陽,2026-07-24,47.6,-2.8,-5.56,344192000,0,綠增,是,是,47.86,49.99,48.07,45.82,-8.1734,0.04,0.2973
3567,逸昌,2026-07-24,27.3,-0.25,-0.91,29078000,0,綠縮,否,否,27.5,28.12,29.05,28.64,-4.3145,-5.2241,-0.0172
3570,大塚,2026-07-24,165.5,-0.5,-0.3,8827000,0,綠縮,否,否,164.3,164.25,168.22,171.37,0.0609,-1.3217,-2.209
3577,泓格,2026-07-24,146.5,-13.5,-8.44,7696712000,0,紅縮,是,是,151.7,138.65,131.62,121.02,20.7803,8.8732,6.3636
3580,友威科,2026-07-24,79.8,-1.4,-1.72,279747000,0,綠縮,否,否,81.04,85.95,90.91,95.14,-10.8078,-8.2417,-4.3
3581,博磊,2026-07-24,112.5,-5.5,-4.66,196297000,0,綠縮,否,否,115.5,120.9,134.03,176.62,-8.5511,-9.0293,-5.666
3587,閎康,2026-07-24,258.0,0.5,0.19,975219000,0,綠縮,是,否,253.2,263.9,280.7,312.07,-7.7932,-7.7595,-3.1485
3594,磐儀,2026-07-24,54.0,-2.8,-4.93,3117157000,0,紅增,是,是,51.88,51.7,51.33,51.08,0.6792,-2.0089,2.6603
3597,映興,2026-07-24,27.15,-0.15,-0.55,16241000,0,紅增,否,是,26.79,26.8,26.57,26.7,-0.0746,0.0,-0.4122
3609,三一東林,2026-07-24,25.65,-0.65,-2.47,18000000,0,綠增,否,否,26.7,27.35,27.1,26.48,-4.6429,-1.2814,-0.3219
3611,鼎翰,2026-07-24,187.0,2.5,1.36,72242000,0,綠縮,否,否,185.1,191.65,194.93,191.63,-6.6095,-4.1271,-1.091
3615,安可,2026-07-24,37.25,-1.45,-3.75,795888000,0,綠縮,否,否,39.17,42.23,47.53,44.13,-13.4938,-12.6138,-5.9001
3623,富晶通,2026-07-24,21.4,-0.35,-1.61,30237000,0,綠縮,否,否,21.55,22.23,23.16,23.29,-5.8952,-5.9259,-1.5618
3624,光頡,2026-07-24,84.4,-9.3,-9.93,584781000,0,綠縮,否,否,90.46,106.55,128.75,99.86,-26.2394,-21.3769,-6.9793
3625,西勝,2026-07-24,17.55,-0.3,-1.68,407391000,0,紅縮,否,是,18.24,17.57,17.07,16.06,7.929,3.8109,4.1953
3628,盈正,2026-07-24,67.4,-2.5,-3.58,102711000,0,綠增,否,否,68.26,70.1,71.57,69.36,-5.1154,-4.4569,-1.0302
3629,地心引力,2026-07-24,13.2,-0.3,-2.22,6000000,0,綠增,否,,13.68,14.34,15.18,,-8.8608,-6.1805,-4.4088
3630,新鉅科,2026-07-24,25.0,-0.25,-0.99,293864000,0,綠縮,否,否,25.23,26.21,28.31,28.09,-7.1744,-7.1239,-5.4131
3631,晟楠,2026-07-24,32.9,-0.3,-0.9,20099000,0,紅增,否,否,32.73,32.67,33.29,35.85,0.3372,-1.8621,-0.9891
3632,研勤,2026-07-24,8.0,0.0,0.0,5118000,0,綠增,否,否,8.09,8.23,8.09,8.29,-3.3906,1.0679,-0.4186
3646,艾恩特,2026-07-24,23.1,-0.1,-0.43,6007000,0,綠增,否,否,23.15,23.28,23.33,23.43,-1.1106,-0.619,-0.3843
3663,鑫科,2026-07-24,66.5,-2.9,-4.18,568921000,0,綠增,否,否,68.9,72.41,76.03,75.77,-9.2466,-7.4987,-0.893
3666,光耀,2026-07-24,25.05,0.0,0.0,14011000,0,紅增,否,否,24.9,24.98,25.0,26.22,-0.6385,0.1403,-1.039
3672,康聯訊,2026-07-24,12.85,-0.05,-0.39,34108000,0,綠增,否,是,13.1,13.24,12.87,11.96,-2.0194,0.3412,2.1627
3675,德微,2026-07-24,240.0,-23.5,-8.92,283143000,0,綠增,否,否,261.7,308.6,352.9,309.35,-26.3854,-19.0026,-3.7567
3680,家登,2026-07-24,460.0,-20.5,-4.27,1207188000,0,綠增,否,否,470.6,484.5,503.62,523.85,-5.5778,-6.0136,-1.4577
3684,榮昌,2026-07-24,50.8,-0.5,-0.97,10445000,0,紅增,否,否,51.2,51.14,52.75,57.17,0.2349,-1.8991,-4.2476
3685,元創精密,2026-07-24,41.0,3.65,9.77,3647242000,0,紅增,是,是,38.07,36.58,33.11,30.77,8.4924,13.3209,5.7569
3687,歐買尬,2026-07-24,71.6,-0.8,-1.1,97012000,0,綠增,否,否,73.08,74.26,75.24,71.78,-3.1283,-2.3666,-1.5634
3689,湧德,2026-07-24,108.0,-2.0,-1.82,658996000,0,綠縮,否,否,108.9,112.9,116.33,123.73,-6.8435,-5.7989,-1.711
3691,碩禾,2026-07-24,112.5,-4.5,-3.85,571169000,0,綠縮,否,否,116.3,124.75,138.62,141.93,-12.6877,-12.1479,-7.2277
3693,營邦,2026-07-24,509.0,6.0,1.19,1273842000,0,紅增,是,否,490.9,489.7,493.48,556.33,0.4913,-0.9807,-0.479
3707,漢磊,2026-07-24,61.5,-3.8,-5.82,6006656000,0,綠增,否,否,64.6,71.03,78.72,76.04,-16.6021,-12.6322,-4.2569
3709,鑫聯大投控,2026-07-24,72.3,-2.1,-2.82,844333000,0,紅轉綠,否,否,73.36,75.03,74.9,79.91,-4.3546,-0.8065,-0.3327
3710,連展投控,2026-07-24,5.54,-0.11,-1.95,122117000,0,綠增,否,否,5.64,5.7,5.83,6.32,-2.1166,-1.8079,-3.1247
3713,新晶投控,2026-07-24,14.2,-0.35,-2.41,3306000,0,綠增,否,否,14.4,14.44,14.59,14.82,-0.6211,-1.332,-2.505
4102,永日,2026-07-24,19.5,-0.7,-3.47,75242000,0,綠增,否,是,20.12,20.26,19.76,18.49,-1.3725,1.5793,1.7117
4105,東洋,2026-07-24,77.0,0.8,1.05,576350000,0,綠增,否,是,77.48,77.57,76.69,74.93,-0.2318,0.2067,1.1475
4107,邦特,2026-07-24,118.5,-0.5,-0.42,54355000,0,紅縮,否,是,118.6,118.05,116.95,116.72,0.9362,1.2002,0.3863
4109,加捷生醫,2026-07-24,11.65,0.25,2.19,98752000,0,綠縮,否,否,11.52,11.76,11.74,11.7,-3.9199,-1.4669,-1.3028
4111,濟生,2026-07-24,30.05,-0.05,-0.17,24192000,0,綠縮,否,是,30.04,30.11,30.07,29.94,-0.4639,-0.1989,0.0749
4113,聯上,2026-07-24,14.75,-0.1,-0.67,107001000,0,綠縮,否,否,14.77,14.82,15.09,15.17,-0.7392,-0.6367,-3.3771
4114,健喬,2026-07-24,29.55,0.2,0.68,1041806000,0,綠縮,否,否,29.5,31.09,31.23,30.88,-9.7583,-3.671,-0.8651
4116,明基醫,2026-07-24,38.7,-0.1,-0.26,26000000,0,紅縮,否,是,38.64,38.45,38.11,38.31,0.9932,1.0645,0.7402
4120,友華,2026-07-24,46.1,0.1,0.22,51718000,0,綠縮,否,是,45.28,46.46,46.05,46.07,-4.9738,-0.8006,-0.3624
4121,優盛,2026-07-24,13.5,-0.15,-1.1,86593000,0,紅增,否,否,13.41,13.35,13.38,13.93,0.9029,-0.2987,-0.2608
4123,晟德,2026-07-24,38.25,-0.05,-0.13,1053785000,0,綠轉紅,否,否,38.09,38.12,38.12,38.27,-0.1573,-0.9098,0.4744
4126,太醫,2026-07-24,76.5,-0.3,-0.39,46277000,0,綠縮,否,否,76.86,78.29,79.31,79.51,-3.5876,-2.3572,-1.0604
4127,天良,2026-07-24,78.9,5.8,7.93,341985000,0,綠縮,否,是,76.06,77.12,72.7,59.87,-2.7117,3.1982,2.9237
4128,中天,2026-07-24,14.9,-0.3,-1.97,1217082000,0,綠增,否,否,15.26,15.87,15.94,15.39,-7.4029,-4.0508,0.695
4129,聯合,2026-07-24,88.3,0.4,0.46,195172000,0,綠增,否,否,89.98,90.98,91.44,93.14,-2.1744,-1.9401,-0.0273
4131,浩泰,2026-07-24,35.0,-0.3,-0.85,5100000,0,紅增,否,是,34.69,33.71,33.7,34.65,5.9884,2.198,-1.7278
4138,曜亞,2026-07-24,51.2,0.2,0.39,24341000,0,紅增,否,否,51.04,50.97,51.0,52.66,0.275,-0.1958,-0.2054
4139,馬光-KY,2026-07-24,39.6,-2.8,-6.6,15632000,0,紅縮,否,是,40.29,34.9,29.66,25.66,36.4837,28.8245,15.4842
4147,中裕,2026-07-24,58.6,-0.4,-0.68,682986000,0,綠縮,否,是,58.68,62.31,63.42,55.38,-11.01,-6.5957,0.5868
4153,鈺緯,2026-07-24,31.3,0.1,0.32,8021000,0,紅縮,是,是,31.14,31.12,30.68,30.82,0.0964,0.9896,0.6396
4154,樂威科-KY,2026-07-24,12.35,-0.1,-0.8,4001000,0,紅增,否,否,12.33,12.08,12.33,13.13,4.2265,0.3322,-2.452
4157,太景*-KY,2026-07-24,8.37,-0.11,-1.3,432388000,0,綠增,否,否,8.51,8.67,8.67,9.12,-3.535,-2.2548,-0.6417
4160,訊聯基因,2026-07-24,39.6,-0.4,-1.0,9419000,0,綠增,否,否,40.04,40.5,40.32,41.34,-2.27,-1.0142,-0.1362
4161,聿新科,2026-07-24,22.4,0.0,0.0,10112000,0,綠增,否,否,22.48,22.73,22.91,23.11,-2.1758,-1.6443,-0.5101
4162,智擎,2026-07-24,65.9,-0.9,-1.35,538914000,0,紅縮,否,是,66.68,65.72,62.98,58.23,2.9648,3.3496,3.9531
4163,鐿鈦,2026-07-24,124.0,-0.5,-0.4,37252000,0,綠增,否,是,124.3,126.15,125.7,114.99,-2.8906,-0.8255,2.1121
4166,友霖,2026-07-24,25.0,-0.15,-0.6,305000000,0,綠增,否,否,25.88,26.34,25.91,25.46,-3.4328,-0.1327,0.2127
4167,松瑞藥,2026-07-24,20.6,0.0,0.0,777681000,0,綠增,否,是,20.67,20.77,20.41,19.73,-1.0057,0.0,1.0393
4168,醣聯,2026-07-24,23.05,-0.25,-1.07,108553000,0,綠縮,否,否,23.36,23.93,24.7,24.76,-4.692,-4.5464,-2.7466
4171,瑞基,2026-07-24,19.0,-0.4,-2.06,253943000,0,紅縮,否,是,19.13,18.22,17.59,18.12,10.5142,6.3631,2.4756
4173,久裕,2026-07-24,17.9,-0.15,-0.83,57578000,0,紅縮,否,否,17.9,17.94,17.98,18.31,-0.4449,-0.361,-0.4844
4174,浩鼎,2026-07-24,27.55,-0.2,-0.72,228295000,0,綠增,否,否,27.9,28.48,28.68,30.35,-4.0248,-2.7816,-0.0087
4175,杏一,2026-07-24,50.3,-0.7,-1.37,14559000,0,綠縮,否,否,50.34,50.39,51.61,53.08,-0.1983,-2.4017,-1.4605
4188,安克,2026-07-24,10.1,0.12,1.2,31519000,0,綠縮,否,否,9.97,10.14,10.4,11.04,-3.259,-4.1399,-1.2488
4192,杏國,2026-07-24,19.2,0.0,0.0,2118000,0,綠縮,否,否,19.38,19.64,20.06,20.21,-2.6131,-2.7482,-1.7391
4198,欣大健康,2026-07-24,40.7,-1.2,-2.86,7221000,0,紅轉綠,否,是,41.03,41.67,40.5,39.02,-3.0482,0.6521,2.1113
4205,中華食,2026-07-24,70.5,-0.4,-0.56,31924000,0,綠縮,否,否,70.62,71.7,72.42,73.16,-2.9678,-1.7135,-0.8081
4207,環泰,2026-07-24,19.8,-0.1,-0.5,30252000,0,綠增,否,是,19.88,19.88,19.71,19.08,0.0503,0.5057,0.4076
4303,信立,2026-07-24,43.05,-0.65,-1.49,240239000,0,綠增,否,否,43.33,44.02,45.11,48.17,-3.0866,-3.0503,-1.8173
4304,勝昱,2026-07-24,18.2,0.25,1.39,9100000,0,紅增,否,否,17.95,18.67,19.7,25.29,-7.4265,-3.7381,-7.7058
4401,東隆興,2026-07-24,14.9,-0.05,-0.33,30303000,0,紅縮,否,是,14.9,14.9,14.56,14.29,0.0,1.4641,1.4107
4402,郡都開發,2026-07-24,16.1,0.0,0.0,65026000,0,綠縮,是,是,16.17,16.17,16.57,14.67,0.0,-3.0576,-0.4057
4413,飛寶企業,2026-07-24,14.3,0.05,0.35,6100000,0,紅增,否,否,14.31,14.52,14.86,16.88,-2.7853,-1.2921,-3.6479
4416,三圓,2026-07-24,10.6,-0.35,-3.2,459947000,0,綠轉紅,是,否,10.5,10.57,10.93,11.59,-1.3158,-3.1164,0.5148
4417,金洲,2026-07-24,43.45,0.0,0.0,41700000,0,綠縮,否,否,43.44,44.46,46.1,46.13,-4.5065,-5.0502,-1.6166
4419,皇家美食,2026-07-24,45.15,0.0,0.0,1801000,0,綠增,否,否,45.68,46.09,47.08,46.29,-1.7634,-1.884,-0.0955
4420,光明,2026-07-24,35.2,-0.05,-0.14,11698000,0,綠縮,否,否,35.2,35.65,36.1,38.7,-2.4661,-2.3692,-1.8887
4430,耀億,2026-07-24,17.1,0.1,0.59,18759000,0,綠縮,否,否,16.96,16.93,17.16,17.22,0.4144,-1.0523,-0.9097
4432,銘旺實,2026-07-24,16.0,0.2,1.27,25039000,0,綠縮,否,是,15.93,16.16,16.01,15.92,-2.7473,-0.247,-0.7133
4433,興采,2026-07-24,19.6,-0.05,-0.25,9317000,0,綠縮,否,否,19.7,20.03,20.51,20.5,-3.2417,-4.0709,-0.9656
4442,竣邦-KY,2026-07-24,59.7,3.3,5.85,566710000,0,紅增,是,是,52.22,50.71,50.99,52.55,6.1166,1.8885,-1.2205
4502,健信,2026-07-24,15.75,0.0,0.0,12010000,0,紅增,否,否,15.75,15.73,15.75,15.81,0.2546,-0.0635,-0.0476
4503,金雨,2026-07-24,36.45,-0.7,-1.88,148687000,0,綠增,否,否,36.84,38.51,39.48,41.04,-8.2898,-7.9488,-0.648
4506,崇友,2026-07-24,120.0,0.0,0.0,59915000,0,綠增,否,是,121.8,122.05,121.28,119.14,-0.4088,0.041,0.8105
4510,高鋒,2026-07-24,38.35,-0.55,-1.41,409830000,0,綠縮,否,否,38.8,40.09,41.63,45.64,-6.2349,-4.9211,-3.4775
4513,福裕,2026-07-24,20.55,-0.35,-1.67,1240782000,0,紅縮,否,是,21.04,20.32,18.43,16.23,7.4017,11.9284,6.8551
4523,永彰,2026-07-24,23.85,-0.35,-1.45,115304000,0,綠縮,否,否,23.93,24.48,26.61,28.63,-4.3565,-6.9392,-4.7858
4527,方土霖,2026-07-24,39.15,-0.15,-0.38,12130000,0,紅增,否,否,39.2,39.25,39.46,41.7,-0.2545,-0.5952,-1.1647
4528,江興鍛,2026-07-24,15.4,-0.05,-0.32,12842000,0,紅縮,否,否,15.4,15.46,15.48,15.69,-0.7092,-0.1615,-1.0864
4529,淳紳,2026-07-24,4.33,0.01,0.23,10000000,0,紅增,否,否,4.35,4.46,4.42,4.85,-4.6471,1.2727,-3.321
4530,宏易,2026-07-24,24.8,0.45,1.85,1397000,0,綠增,否,否,25.33,25.69,25.82,26.09,-2.7266,-3.621,-0.2318
4533,協易機,2026-07-24,26.0,-0.45,-1.7,317331000,0,綠縮,否,否,26.29,27.29,28.24,30.33,-7.1025,-5.9442,-3.4695
4534,慶騰,2026-07-24,40.8,0.7,1.75,3666142000,0,紅增,否,是,39.02,37.68,34.88,29.28,7.3748,8.8703,4.5802
4535,至興,2026-07-24,27.8,0.25,0.91,15967000,0,綠縮,是,是,27.61,27.9,27.61,27.51,-2.0575,0.6675,0.3726
4538,大詠城,2026-07-24,17.4,-0.3,-1.69,15134000,0,綠增,否,否,17.74,18.16,18.49,18.41,-4.521,-2.7056,-1.1757
4541,晟田,2026-07-24,71.4,2.6,3.78,19568928000,0,紅縮,否,是,71.08,69.29,61.41,51.47,5.3037,10.1415,10.1228
4542,科嶠,2026-07-24,316.0,-17.0,-5.11,91708000,0,綠縮,否,是,320.7,340.25,381.48,291.65,-10.8671,-16.0084,-1.6627
4543,萬在,2026-07-24,31.15,-0.55,-1.74,68539000,0,綠縮,否,否,31.46,32.79,34.39,37.51,-7.796,-6.3678,-3.858
4549,桓達,2026-07-24,96.4,-0.2,-0.21,56359000,0,綠縮,否,否,95.14,96.57,99.09,103.8,-2.9184,-2.7492,-2.953
4550,長佳,2026-07-24,24.6,0.0,0.0,2074000,0,綠增,否,否,24.83,25.09,24.86,24.8,-2.0513,0.0199,-0.3907
4554,橙的,2026-07-24,31.0,0.05,0.16,27909000,0,綠增,否,是,31.15,31.18,31.3,30.74,-0.1922,-0.9373,0.9677
4556,旭然,2026-07-24,128.0,-4.5,-3.4,83863000,0,紅縮,否,是,126.6,118.22,97.13,61.58,15.2586,25.4191,17.7191
4558,寶緯,2026-07-24,16.85,-0.15,-0.88,52000000,0,綠增,否,否,17.22,17.6,17.96,18.93,-4.1736,-3.2178,-1.9782
4561,健椿,2026-07-24,36.2,,,82000000,0,綠縮,否,否,36.67,37.89,39.39,43.1,-6.2628,-5.8509,-3.3194
4563,百德,2026-07-24,39.65,-0.35,-0.87,59824000,0,紅轉綠,否,否,40.02,40.73,41.27,45.27,-3.4266,-2.7343,-1.4624
4568,科際精密,2026-07-24,39.35,-0.35,-0.88,5404000,0,綠增,否,否,39.67,40.28,40.86,40.95,-2.9836,-2.3752,-0.6202
4577,達航科技,2026-07-24,69.7,-3.6,-4.91,296423000,0,綠縮,否,否,70.4,74.93,84.28,114.95,-11.402,-11.2519,-5.031
4580,捷流閥業,2026-07-24,81.2,-0.3,-0.37,13056000,0,綠縮,否,否,81.18,81.34,81.71,81.61,-0.3926,-0.6959,-0.0673
4584,君帆,2026-07-24,40.5,0.1,0.25,2940000,0,紅增,否,否,39.95,39.95,40.08,41.37,0.0,0.0,-0.7
4609,唐鋒,2026-07-24,5.0,0.0,0.0,1000000,0,綠縮,否,否,5.02,5.07,5.08,5.18,-1.9539,-1.3432,-2.6081
4702,中美實,2026-07-24,9.65,0.03,0.31,39721000,0,綠縮,否,否,9.58,9.68,9.86,9.85,-1.9239,-2.3312,-1.2673
4706,大恭,2026-07-24,35.0,1.5,4.48,58007000,0,紅增,是,是,33.1,32.61,32.38,32.03,3.0511,1.4781,0.998
4707,磐亞,2026-07-24,35.3,3.2,9.97,8093957000,0,綠增,是,是,34.43,36.72,32.77,22.0,-11.7406,3.2331,11.7171
4711,永純,2026-07-24,16.3,-0.15,-0.91,67279000,0,綠縮,否,否,16.39,16.61,16.88,16.79,-2.6144,-2.6663,-1.0548
4714,永捷,2026-07-24,10.75,-0.25,-2.27,827715000,0,綠縮,否,否,10.93,11.19,11.79,13.34,-4.5415,-6.3206,-4.8618
4716,大立,2026-07-24,18.05,-0.1,-0.55,1103218000,0,綠縮,否,是,18.19,19.82,21.43,17.47,-15.2377,-11.4758,1.3595
4721,美琪瑪,2026-07-24,74.2,-0.8,-1.07,296424000,0,綠縮,否,否,73.64,76.63,84.68,88.58,-7.5107,-10.8746,-6.2548
4726,永昕,2026-07-24,24.95,0.25,1.01,52786000,0,紅增,否,否,24.68,24.91,25.1,26.95,-1.8298,-2.3712,-0.2186
4728,雙美,2026-07-24,383.0,7.5,2.0,9033000,0,綠轉紅,是,否,378.6,379.2,378.3,383.56,-0.316,0.0,-0.033
4729,熒茂,2026-07-24,18.85,-0.4,-2.08,213956000,0,綠縮,否,否,19.09,19.77,21.14,21.84,-6.6504,-8.0251,-3.4817
4735,豪展,2026-07-24,31.2,-0.05,-0.16,2065000,0,紅增,否,是,31.08,30.91,30.86,30.88,1.1061,0.0486,-0.4918
4741,泓瀚,2026-07-24,46.0,-1.2,-2.54,141505000,0,綠縮,否,否,46.17,48.17,53.11,59.37,-7.9545,-9.9383,-12.1454
4743,合一,2026-07-24,46.35,-1.55,-3.24,3208843000,0,綠增,是,否,47.51,49.58,50.69,50.94,-7.9977,-6.5856,-0.3049
4744,皇將,2026-07-24,30.6,1.25,4.26,120387000,0,紅縮,否,否,31.39,30.48,28.32,31.49,6.1549,9.0714,2.4227
4745,合富-KY,2026-07-24,13.45,-0.05,-0.37,40638000,0,紅縮,否,否,13.56,13.78,14.0,16.28,-3.1429,-2.8209,-2.4556
4747,強生,2026-07-24,49.8,0.4,0.81,5225000,0,紅增,否,否,49.26,49.2,49.42,53.21,0.2238,0.5312,-2.0997
4749,新應材,2026-07-24,778.0,-31.0,-3.83,837482000,0,綠增,否,否,805.8,826.2,866.9,975.9,-4.8193,-5.6418,-3.4901
4754,國碳科,2026-07-24,36.9,-0.1,-0.27,9685000,0,紅增,否,否,36.97,36.88,36.88,37.6,0.5166,0.0814,-1.4891
4760,勤凱,2026-07-24,238.0,-11.0,-4.42,314975000,0,綠縮,否,否,244.5,269.45,302.7,318.48,-16.9497,-13.707,-10.0713
4767,誠泰科技,2026-07-24,27.5,0.1,0.36,12170000,0,綠縮,是,是,27.34,27.32,27.28,26.98,0.1098,0.1283,0.1101
4768,晶呈科技,2026-07-24,326.5,3.0,0.93,685806000,0,綠轉紅,是,否,310.4,321.55,342.93,423.69,-6.7027,-7.214,-4.9279
4772,台特化,2026-07-24,234.0,-8.5,-3.51,503468000,0,綠增,否,否,239.4,252.05,262.62,287.84,-9.558,-6.6309,-3.1976
4806,桂田文創,2026-07-24,10.0,0.0,0.0,11040000,0,綠縮,是,否,10.04,10.07,10.13,10.21,-0.5941,-0.2773,-0.3885
4903,聯光通,2026-07-24,38.3,0.7,1.86,5591409000,0,綠轉紅,是,否,35.96,37.17,38.68,42.73,-6.2809,-5.2276,-1.8462
4905,台聯電,2026-07-24,65.4,-1.7,-2.53,9697000,0,紅縮,否,否,66.88,67.03,68.41,76.83,-0.4466,-1.0627,-2.5915
4907,富宇,2026-07-24,41.3,0.2,0.49,51042000,0,綠縮,否,是,40.86,40.78,40.98,39.18,0.3931,-0.6093,0.5582
4908,前鼎,2026-07-24,140.5,-3.5,-2.43,2650657000,0,綠縮,是,否,140.4,148.4,166.57,204.91,-10.2302,-10.251,-7.6635
4909,新復興,2026-07-24,37.8,-0.7,-1.82,253032000,0,綠縮,否,否,38.34,39.83,42.65,49.86,-7.1895,-7.157,-6.1086
4911,德英,2026-07-24,35.0,0.3,0.86,27824000,0,紅縮,否,是,34.71,34.17,32.97,32.89,3.2114,3.5141,2.6863
4923,力士,2026-07-24,44.55,-1.45,-3.15,171024000,0,綠增,否,否,45.99,52.29,56.22,45.67,-21.492,-12.6399,-1.0604
4924,欣厚-KY,2026-07-24,9.86,-0.19,-1.89,22011000,0,綠縮,否,否,10.09,10.77,12.14,11.61,-11.9064,-14.6817,-3.6648
4931,新盛力,2026-07-24,198.5,-13.5,-6.37,1843356000,0,綠增,否,否,207.4,220.8,233.88,212.91,-11.4432,-7.6537,-3.8738
4933,友輝,2026-07-24,56.5,0.4,0.71,43686000,0,綠縮,否,否,57.12,59.13,63.03,68.14,-6.5751,-7.7823,-4.1223
4939,亞電,2026-07-24,62.7,-6.9,-9.91,32127669000,0,紅縮,否,是,68.44,63.27,62.29,52.62,17.7969,5.7496,1.2927
4946,辣椒,2026-07-24,82.0,0.2,0.24,30580000,0,綠縮,否,否,83.88,90.68,97.72,104.41,-13.9516,-9.9861,-5.6076
4950,金耘國際,2026-07-24,16.55,0.4,2.48,30160000,0,紅增,否,是,16.16,16.17,16.15,16.51,-0.1236,-0.3083,-0.17
4951,精拓科,2026-07-24,83.1,1.7,2.09,503787000,0,綠縮,是,否,79.96,82.72,89.84,106.04,-6.4577,-8.4551,-5.0919
4953,緯軟,2026-07-24,124.0,-1.0,-0.8,237649000,0,綠縮,否,否,124.1,124.1,125.12,125.33,0.0,-0.4812,-2.0931
4966,譜瑞-KY,2026-07-24,611.0,-1.0,-0.16,538209000,0,綠縮,否,否,597.0,615.1,630.05,680.35,-5.717,-3.3318,-2.7551
4971,IET-KY,2026-07-24,402.0,-14.0,-3.37,1775424000,0,紅增,是,否,401.5,406.35,450.15,625.12,-2.3589,-7.9823,-6.9505
4972,湯石照明,2026-07-24,16.4,-0.4,-2.38,21263000,0,綠增,是,否,16.74,16.82,16.87,16.66,-0.8881,-0.6793,0.0
4973,廣穎,2026-07-24,143.5,1.0,0.7,1565184000,0,綠縮,否,是,141.2,148.5,160.93,139.46,-9.371,-7.6205,-7.6736
4974,亞泰,2026-07-24,67.7,-0.3,-0.44,78069000,0,綠縮,否,否,67.96,68.69,69.5,72.87,-2.1031,-1.7451,-2.2917
4979,華星光,2026-07-24,426.5,19.0,4.66,25336927000,0,綠轉紅,是,否,382.0,394.6,433.43,545.04,-6.1886,-8.0294,-7.7476
4991,環宇-KY,2026-07-24,417.0,-19.0,-4.36,12543071000,0,綠轉紅,是,否,400.8,415.05,469.55,606.22,-6.6387,-12.3535,-7.5871
4995,晶達,2026-07-24,50.3,0.0,0.0,607068000,0,紅增,是,是,47.47,46.59,45.83,45.16,3.8504,2.723,1.2036
5009,榮剛,2026-07-24,33.3,-0.8,-2.35,1826034000,0,紅縮,否,否,33.56,33.73,33.73,34.78,-1.0321,0.9728,-1.4896
5011,久陽,2026-07-24,19.8,-0.15,-0.75,174578000,0,綠縮,否,是,19.86,20.82,22.69,18.52,-8.7735,-9.7159,1.114
5013,強新,2026-07-24,25.0,0.4,1.63,26881000,0,綠縮,否,否,25.04,25.78,26.56,27.73,-5.5807,-3.7701,-2.2003
5014,建錩,2026-07-24,11.2,0.1,0.9,182870000,0,綠轉紅,否,是,11.11,11.08,11.0,10.64,0.4521,0.9563,0.1365
5015,華祺,2026-07-24,21.3,-0.15,-0.7,25540000,0,綠縮,否,否,21.46,21.5,22.18,23.03,-0.3714,-2.117,-2.5481
5016,松和,2026-07-24,24.1,-0.25,-1.03,29000000,0,紅增,是,否,24.15,24.11,24.45,25.3,0.3324,-0.5773,-0.9923
5201,凱衛,2026-07-24,27.3,-0.15,-0.55,34016000,0,紅縮,否,否,27.26,27.14,27.03,28.74,0.9256,0.6678,-1.1338
5202,力新,2026-07-24,12.55,-0.35,-2.71,178893000,0,綠縮,否,否,12.9,13.38,14.13,13.64,-6.9935,-7.0809,-3.6804
5205,中茂,2026-07-24,22.1,-0.25,-1.12,10019000,0,綠縮,是,否,22.14,22.27,23.17,23.22,-1.2048,-4.6243,-2.5752
5206,坤悅,2026-07-24,20.4,-0.05,-0.24,39149000,0,綠縮,否,否,20.38,21.3,22.14,22.78,-8.3221,-5.6675,-3.2977
5209,新鼎,2026-07-24,152.5,-0.5,-0.33,28145000,0,綠縮,否,否,153.0,154.55,161.97,165.94,-1.9859,-4.155,-2.9654
5210,寶碩,2026-07-24,28.8,-0.8,-2.7,343862000,0,綠增,否,是,29.39,29.91,30.03,28.06,-3.4177,-0.7796,-0.6369
5211,蒙恬,2026-07-24,19.3,0.15,0.78,13507000,0,綠縮,否,否,19.26,20.24,20.76,19.98,-9.2793,-6.8767,0.0964
5212,凌網,2026-07-24,47.05,0.0,0.0,13163000,0,紅轉綠,是,否,47.33,47.48,47.13,47.08,-0.6507,-0.0211,0.0637
5213,亞昕,2026-07-24,22.0,-0.15,-0.68,146447000,0,紅縮,否,否,22.07,22.12,22.25,24.48,-0.4959,-0.7625,-1.2757
5220,萬達光電,2026-07-24,20.95,0.0,0.0,26010000,0,紅增,否,否,20.93,20.83,20.9,21.39,0.9648,0.2165,-0.2386
5223,安力-KY,2026-07-24,22.9,0.1,0.44,38000000,0,綠縮,否,否,23.24,23.82,24.54,24.96,-4.7931,-4.0668,-2.2992
5227,立凱-KY,2026-07-24,40.1,-0.3,-0.74,2132948000,0,紅增,否,是,37.4,34.47,35.41,28.2,18.5796,3.5602,2.2745
5228,鈺鎧,2026-07-24,41.0,-1.35,-3.19,214680000,0,綠縮,否,否,42.38,46.52,55.76,52.96,-16.3277,-19.6701,-11.8842
5230,雷笛克光學,2026-07-24,18.2,-0.15,-0.82,142777000,0,綠縮,否,否,18.3,19.11,20.23,18.41,-8.1325,-5.9084,-1.0636
5245,智晶,2026-07-24,23.5,-0.1,-0.42,105000000,0,綠縮,是,否,23.67,24.52,25.74,25.83,-6.7008,-6.0356,-2.2969
5251,天鉞電,2026-07-24,27.15,-0.65,-2.34,89246000,0,綠縮,否,否,27.43,28.03,29.68,29.19,-4.1914,-6.6911,-2.3923
5263,智崴,2026-07-24,96.5,,,85179000,0,綠縮,否,否,96.3,97.63,98.46,101.12,-2.688,-1.5231,-1.5252
5272,笙科,2026-07-24,18.4,-0.65,-3.41,85532000,0,綠增,否,否,18.73,19.34,20.26,22.14,-6.1153,-5.5433,-2.8068
5274,信驊,2026-07-24,14730.0,-810.0,-5.21,329560000,0,紅增,否,否,14559.0,14027.0,15418.75,16683.92,7.8844,-6.2053,-5.4282
5276,達輝-KY,2026-07-24,19.2,0.15,0.79,4000000,0,紅增,否,是,19.02,19.23,18.9,19.08,-2.1605,0.8655,0.9075
5278,尚凡*,2026-07-24,23.8,-0.15,-0.63,75199000,0,綠增,否,否,24.25,24.25,24.36,23.87,0.0,-1.081,-0.3782
5287,數字,2026-07-24,148.0,-0.5,-0.34,36382000,0,綠縮,否,否,147.4,148.45,149.0,150.11,-1.4047,-1.198,0.0504
5289,宜鼎,2026-07-24,1370.0,0.0,0.0,2608536000,0,綠縮,否,否,1323.0,1385.0,1539.25,1603.0,-8.5695,-9.9187,-7.8707
5291,邑昇,2026-07-24,53.5,-1.6,-2.9,445801000,0,紅增,否,否,53.46,53.77,56.33,64.12,-1.1464,-4.4598,-4.8484
5299,杰力,2026-07-24,92.3,-2.0,-2.12,224086000,0,綠縮,否,否,93.64,101.46,114.45,105.56,-14.3119,-15.3371,-2.3796
5301,寶得利,2026-07-24,5.83,-0.02,-0.34,7627000,0,紅縮,是,否,5.96,6.09,6.23,7.09,-4.2416,-1.7736,-3.7309
5302,太欣,2026-07-24,10.6,-0.15,-1.4,610978000,0,綠縮,否,否,10.81,11.66,12.42,11.49,-13.5891,-10.2386,-1.9728
5309,系統電,2026-07-24,52.2,-2.0,-3.69,1179046000,0,綠縮,否,否,53.66,56.64,60.86,64.89,-9.9966,-8.8363,-5.5706
5310,天剛,2026-07-24,24.45,0.15,0.62,4000000,0,紅轉綠,否,是,24.66,24.61,24.45,24.3,0.3663,-0.142,-0.0919
5312,寶島科,2026-07-24,100.5,0.5,0.5,584719000,0,紅增,是,是,94.24,91.66,91.15,94.32,5.7925,2.9888,-0.5347
5314,世紀*,2026-07-24,56.1,-0.9,-1.58,2573569000,0,綠增,否,否,58.0,61.74,62.36,65.59,-11.4233,-6.6808,0.1445
5315,光聯,2026-07-24,19.35,0.15,0.78,235791000,0,綠縮,否,否,19.3,19.62,21.14,21.92,-3.2096,-6.7269,-3.8217
5321,美而快,2026-07-24,58.9,3.4,6.13,1221762000,0,綠縮,是,是,55.14,56.62,57.32,41.46,-5.0947,-3.7402,8.5191
5324,士開,2026-07-24,11.95,-0.1,-0.83,133645000,0,綠增,否,是,12.03,12.03,12.1,11.72,0.0832,-0.6198,-0.1444
5328,華容,2026-07-24,61.1,-5.9,-8.81,14752905000,0,綠增,否,是,61.92,64.24,66.99,44.58,-6.9712,-10.8397,5.9214
5340,建榮,2026-07-24,68.1,-4.1,-5.68,676176000,0,綠增,否,否,70.96,74.84,83.29,97.28,-9.8577,-11.306,-4.8712
5344,立衛,2026-07-24,14.8,0.0,0.0,15007000,0,綠縮,否,否,14.92,15.48,15.84,16.11,-7.0405,-3.6703,-1.0929
5345,馥鴻,2026-07-24,27.7,2.5,9.92,213290000,0,綠縮,是,是,23.15,22.57,25.67,24.29,5.2273,-8.8615,-8.4211
5347,世界,2026-07-24,157.0,-11.5,-6.82,18348710000,0,綠增,否,否,160.9,168.35,183.53,168.65,-8.4755,-9.3674,-1.0514
5348,正能量智能,2026-07-24,16.3,-0.25,-1.51,6105000,0,綠增,否,是,16.62,16.7,16.66,16.25,-0.9535,2.2032,0.863
5351,鈺創,2026-07-24,84.8,-3.0,-3.42,15213827000,0,綠增,否,是,86.94,90.99,90.27,83.76,-8.5227,-0.0769,-0.633
5353,台林,2026-07-24,28.25,0.25,0.89,42460000,0,綠縮,否,否,27.84,28.33,30.02,28.82,-3.4004,-5.8491,-3.372
5355,佳總,2026-07-24,5.79,-0.1,-1.7,37492000,0,綠增,否,否,5.97,6.05,6.16,6.51,-2.8022,-1.4172,-3.6701
5356,協益,2026-07-24,24.6,-0.15,-0.61,40031000,0,綠縮,否,否,24.75,25.07,26.33,26.81,-2.5207,-5.5922,-3.0827
5364,力麗店,2026-07-24,8.59,-0.08,-0.92,13217000,0,紅縮,否,否,8.63,8.69,8.69,9.14,-1.4393,-0.5948,-0.1608
5371,中光電,2026-07-24,81.9,-0.2,-0.24,22180452000,0,綠增,否,是,84.66,88.5,85.76,76.3,-8.3171,-3.2893,5.0018
5381,光譜,2026-07-24,23.6,-0.55,-2.28,517028000,0,綠縮,否,否,24.11,25.04,26.94,26.45,-7.1263,-9.1289,-3.9743
5386,青雲,2026-07-24,254.5,1.0,0.39,1177154000,0,綠縮,否,否,253.4,314.95,395.77,443.57,-32.6959,-21.9551,-13.1167
5392,能率,2026-07-24,41.5,-0.05,-0.12,790587000,0,綠縮,否,否,41.87,43.67,44.89,43.08,-7.9173,-5.8735,-0.9596
5398,慕康生醫,2026-07-24,15.25,0.05,0.33,21288000,0,綠轉紅,否,否,15.25,15.09,15.93,17.88,2.2118,-3.9784,-4.0066
5403,中菲,2026-07-24,94.4,-0.1,-0.11,73256000,0,綠增,否,是,94.98,94.71,93.99,91.82,0.5718,0.6803,0.1812
5410,國眾,2026-07-24,36.8,-0.05,-0.14,265744000,0,綠縮,否,否,36.66,38.46,41.38,39.05,-8.9419,-9.035,-5.2113
5425,台半,2026-07-24,85.0,-3.8,-4.28,5153600000,0,綠縮,否,否,88.42,101.56,114.08,93.9,-22.9119,-17.0261,-2.4832
5426,振發,2026-07-24,26.05,-0.85,-3.16,660668000,0,綠縮,否,是,26.68,27.6,30.51,24.94,-6.4516,-8.971,-6.4264
5432,新門,2026-07-24,118.5,-2.0,-1.66,54409000,0,綠縮,否,否,121.2,127.75,142.93,141.28,-9.7543,-12.1993,-3.2165
5438,東友,2026-07-24,17.55,-0.45,-2.5,56543000,0,綠增,否,否,17.79,18.31,18.66,18.97,-5.5231,-3.1473,-1.4525
5439,高技,2026-07-24,235.5,-13.5,-5.42,1506954000,0,綠增,否,否,248.1,275.5,299.88,351.74,-18.0918,-13.0503,-6.4061
5443,均豪,2026-07-24,96.8,-3.7,-3.68,1313247000,0,綠增,否,否,98.12,101.43,106.67,115.15,-6.3204,-8.8434,-1.1765
5450,南良,2026-07-24,15.7,-0.4,-2.48,339792000,0,紅縮,否,是,16.94,16.05,15.57,14.06,11.7414,5.8707,3.8506
5452,佶優,2026-07-24,26.05,-0.85,-3.16,492837000,0,綠縮,否,否,26.51,28.23,30.94,32.37,-11.4562,-11.7279,-4.778
5455,昇益,2026-07-24,28.3,0.2,0.71,3255000,0,綠轉紅,否,是,27.74,27.62,27.4,25.8,0.8361,1.2832,1.0419
5457,宣德,2026-07-24,29.85,-0.35,-1.16,350456000,0,綠縮,否,否,30.02,30.86,32.82,33.43,-5.2997,-6.3856,-4.663
5460,同協,2026-07-24,16.1,-0.45,-2.72,89630000,0,綠增,否,是,16.5,16.63,16.62,15.6,-1.5513,-3.5942,1.8229
5464,霖宏,2026-07-24,79.7,-1.3,-1.6,216915000,0,綠縮,否,是,79.78,84.33,91.16,69.23,-10.2385,-11.5017,2.3752
5465,富驊,2026-07-24,21.7,-0.55,-2.47,42948000,0,綠縮,否,否,22.15,22.96,24.02,25.12,-6.7761,-5.8643,-3.9684
5468,凱鈺,2026-07-24,24.3,-0.5,-2.02,106311000,0,綠縮,否,是,24.57,25.82,28.87,22.01,-9.2353,-12.5487,0.6713
5474,聰泰,2026-07-24,149.5,0.0,0.0,140015000,0,綠縮,否,否,146.8,150.85,159.55,163.65,-5.2292,-6.2461,-4.4611
5475,德宏,2026-07-24,135.0,-14.5,-9.7,3139978000,0,綠縮,否,否,146.2,165.15,204.18,271.59,-20.5866,-19.8496,-9.8366
5478,智冠,2026-07-24,98.8,0.3,0.3,35201000,0,綠縮,否,否,98.96,99.51,101.58,100.29,-1.0993,-2.1341,-1.2252
5481,新華,2026-07-24,21.15,-0.35,-1.63,116354000,0,紅轉綠,否,是,21.18,21.06,21.16,20.5,1.1461,0.0951,0.1894
5483,中美晶,2026-07-24,203.5,-9.0,-4.24,23737612000,0,綠增,否,是,219.6,228.3,206.32,168.66,-7.3418,5.1105,6.7797
5487,通泰,2026-07-24,28.2,-0.25,-0.88,64501000,0,綠縮,否,是,28.09,28.23,28.28,28.1,-0.987,-0.5811,0.1505
5488,松普,2026-07-24,13.65,,,1646619000,0,綠增,否,是,14.36,15.44,14.37,12.29,-13.0751,2.6937,3.699
5489,彩富,2026-07-24,45.9,1.4,3.15,159765000,0,綠縮,否,是,45.56,49.99,55.65,45.29,-16.2962,-15.2555,2.3306
5490,同亨,2026-07-24,32.7,-0.05,-0.15,1235151000,0,紅增,否,是,31.91,30.86,29.92,28.86,7.0087,4.4501,2.5358
5493,三聯,2026-07-24,80.0,-0.3,-0.37,69318000,0,綠縮,否,否,80.24,82.76,87.24,89.74,-5.9099,-6.433,-3.1689
5498,凱崴,2026-07-24,45.75,-2.95,-6.06,1629279000,0,綠增,否,否,47.74,51.96,56.76,64.97,-15.0383,-11.0721,-7.9316
5508,永信建,2026-07-24,51.3,-0.8,-1.54,485095000,0,綠增,否,否,52.38,54.49,54.92,51.95,-7.4558,-3.3008,-2.0596
5511,德昌,2026-07-24,75.0,0.9,1.21,381064000,0,綠縮,否,是,72.74,70.97,74.77,72.9,5.1156,-4.6487,-0.9341
5512,力麒,2026-07-24,7.88,0.0,0.0,627124000,0,綠增,否,是,7.9,7.91,7.97,7.54,-0.1516,-1.1871,-0.0188
5514,三豐,2026-07-24,13.55,0.0,0.0,306715000,0,紅增,是,否,13.53,13.52,13.73,14.56,0.2222,-1.0615,-0.777
5516,雙喜,2026-07-24,10.65,0.15,1.43,106820000,0,紅增,是,否,10.56,10.53,10.61,10.86,0.6673,0.6214,-0.7022
5523,豐謙,2026-07-24,30.25,-0.15,-0.49,87011000,0,綠增,是,否,30.37,30.38,30.39,30.39,-0.0329,0.0,-0.0411
5529,鉅陞,2026-07-24,21.8,-0.05,-0.23,7531000,0,紅增,否,否,21.56,21.52,21.52,21.87,0.3724,-0.278,-1.4197
5530,龍巖,2026-07-24,48.65,0.05,0.1,611717000,0,綠縮,是,是,48.58,48.59,48.47,47.66,-0.0206,-0.1233,-0.5693
5536,聖暉*,2026-07-24,1120.0,-75.0,-6.28,684292000,0,綠增,否,是,1169.0,1186.5,1259.75,1076.77,-2.907,-8.0945,-0.1189
5543,桓鼎-KY,2026-07-24,28.45,-0.1,-0.35,7000000,0,綠增,是,否,28.63,28.6,28.81,29.24,0.21,0.07,-0.971
5547,久舜,2026-07-24,19.9,-0.05,-0.25,6484000,0,綠縮,否,否,19.94,20.03,21.27,21.51,-0.8946,-5.9624,-2.2855
5548,安倉,2026-07-24,20.85,-0.05,-0.24,22728000,0,綠增,否,否,21.54,22.67,23.22,23.41,-9.4958,-4.5675,-2.0873
5601,台聯櫃,2026-07-24,30.5,-0.25,-0.81,12048000,0,綠增,否,否,30.9,31.25,31.83,33.68,-2.2461,-2.3891,-0.7018
5603,陸海,2026-07-24,14.25,-0.1,-0.7,47439000,0,綠增,否,否,14.35,14.44,14.61,15.37,-1.2388,-1.3324,-1.5167
5604,中連,2026-07-24,30.4,0.1,0.33,19311000,0,綠縮,否,否,30.35,30.54,30.75,31.45,-1.2687,-0.8601,-0.4773
5609,中菲行,2026-07-24,79.2,-0.2,-0.25,160111000,0,紅增,否,否,78.82,78.77,77.92,79.44,0.127,0.6903,-0.8966
5701,劍湖山,2026-07-24,4.71,-0.06,-1.26,197274000,0,綠縮,否,是,4.77,4.74,4.89,4.3,1.4031,-2.1685,-2.0715
5703,亞都,2026-07-24,13.85,0.25,1.84,33393000,0,綠縮,是,否,13.91,13.92,13.97,14.08,-0.0718,0.1079,-0.1251
5704,老爺知,2026-07-24,21.65,-0.05,-0.23,19146000,0,紅縮,是,是,21.62,21.61,21.51,21.44,0.0463,0.4414,0.3382
5864,致和證,2026-07-24,32.8,-0.8,-2.38,1904856000,0,綠縮,否,否,33.0,34.96,40.69,37.82,-10.6418,-15.0304,-8.2784
5878,台名,2026-07-24,38.75,0.15,0.39,3280000,0,紅增,否,否,38.69,38.71,38.89,39.97,-0.1291,-0.5267,-0.3779
5902,德記,2026-07-24,34.2,0.0,0.0,27106000,0,紅縮,否,否,34.18,34.02,33.91,35.97,0.9451,0.7403,-1.3168
5903,全家,2026-07-24,189.0,1.0,0.53,26414000,0,綠轉紅,否,是,188.6,188.7,188.55,188.73,-0.1059,0.0796,-0.0398
5904,寶雅,2026-07-24,651.0,16.0,2.52,295421000,0,綠縮,否,是,632.2,654.6,664.6,603.07,-6.6174,-5.0616,0.0828
5905,南仁湖,2026-07-24,8.52,-0.06,-0.7,268740000,0,綠增,否,是,8.63,8.67,8.54,8.27,-0.8044,0.6971,0.5417
6015,宏遠證,2026-07-24,16.2,-0.15,-0.92,1755527000,0,綠縮,否,否,16.31,16.82,17.31,16.82,-5.8857,-3.555,-2.8748
6016,康和證,2026-07-24,24.45,-0.15,-0.61,8876045000,0,綠縮,否,否,24.44,25.07,26.76,25.22,-4.9397,-7.4382,-3.706
6020,大展證,2026-07-24,21.55,-0.25,-1.15,11000000,0,綠縮,否,否,21.75,21.88,22.26,21.81,-1.1364,-2.1253,-0.9565
6021,美好證,2026-07-24,35.7,-0.55,-1.52,75489000,0,綠增,否,否,36.48,37.39,38.91,36.35,-4.7768,-4.2872,-2.5606
6023,元大期,2026-07-24,87.1,-0.3,-0.34,434729000,0,綠縮,否,否,86.92,94.64,97.65,98.71,-15.084,-7.1429,-3.1442
6026,福邦證,2026-07-24,14.3,-0.1,-0.69,730922000,0,綠縮,否,否,14.35,14.71,15.54,15.97,-4.7777,-5.158,-4.1487
6028,公勝保經,2026-07-24,80.2,0.2,0.25,23077000,0,紅增,是,是,79.54,79.45,79.19,79.47,0.2268,0.4806,0.1264
6101,寬魚國際,2026-07-24,38.6,-1.7,-4.22,362518000,0,綠縮,否,否,37.8,38.87,41.99,40.41,-5.358,-7.1207,-1.3393
6103,合邦,2026-07-24,32.8,2.7,8.97,5210000,0,綠轉紅,是,否,30.72,30.77,32.41,37.09,-0.2921,-1.6464,-5.462
6104,創惟,2026-07-24,92.8,-0.2,-0.22,422242000,0,綠縮,否,否,92.6,95.89,99.34,99.58,-6.6344,-4.9936,-1.8137
6109,亞元,2026-07-24,11.8,0.0,0.0,92203000,0,綠縮,否,否,11.74,12.22,12.66,11.86,-7.6318,-6.1781,1.1788
6111,光聚晶電,2026-07-24,40.95,1.15,2.89,293567000,0,綠縮,否,否,40.85,40.89,42.14,44.8,-0.1711,-2.909,-2.1479
6113,亞矽,2026-07-24,22.8,-0.3,-1.3,87653000,0,綠縮,否,否,23.06,24.22,25.62,25.33,-9.1411,-6.4504,-4.509
6114,久威,2026-07-24,27.95,-0.45,-1.58,9051000,0,綠縮,否,否,28.2,28.64,29.54,30.19,-3.0261,-4.8505,-1.2454
6118,建達,2026-07-24,16.3,0.15,0.93,199972000,0,綠縮,否,否,16.14,16.43,16.72,17.39,-3.4689,-2.2606,-1.4441
6121,新普,2026-07-24,382.5,3.5,0.92,504068000,0,綠縮,否,否,375.2,388.05,406.73,392.37,-6.4106,-6.7524,-2.2589
6122,擎邦,2026-07-24,49.8,-0.9,-1.78,317523000,0,綠增,否,是,50.46,51.09,49.92,48.7,-2.4362,0.3142,1.8931
6123,上奇,2026-07-24,42.85,-0.15,-0.35,34387000,0,紅增,否,否,42.36,42.18,42.08,43.64,0.8571,0.5363,-1.4923
6124,業強,2026-07-24,26.3,-0.95,-3.49,36495000,0,綠縮,是,否,26.72,27.25,28.64,29.87,-3.8503,-5.5286,-3.0216
6125,廣運,2026-07-24,49.8,-1.2,-2.35,710052000,0,綠縮,否,否,50.46,53.0,56.19,59.01,-9.1466,-7.585,-4.2597
6126,信音,2026-07-24,30.55,-0.85,-2.71,428790000,0,綠縮,否,否,30.95,32.16,34.43,35.11,-7.2242,-6.6076,-6.5798
6127,九豪,2026-07-24,52.1,-4.2,-7.46,2337425000,0,綠縮,否,否,55.66,62.51,75.13,63.86,-19.752,-20.7229,-6.977
6129,普誠,2026-07-24,15.0,-0.15,-0.99,627931000,0,綠縮,否,否,15.18,16.35,17.53,16.63,-13.3562,-11.1172,-0.5813
6130,上亞科技,2026-07-24,24.35,-0.95,-3.75,231560000,0,紅轉綠,否,是,25.56,25.95,24.89,24.09,-2.9244,3.2431,1.0249
6134,萬旭,2026-07-24,26.7,-0.4,-1.48,188224000,0,綠縮,否,否,26.83,27.98,31.16,32.34,-7.8956,-11.6654,-6.6007
6138,茂達,2026-07-24,333.0,10.0,3.1,1850921000,0,綠縮,否,是,320.7,332.6,357.3,314.81,-6.9086,-10.7234,0.4639
6140,訊達,2026-07-24,17.25,-0.25,-1.43,47862000,0,綠縮,否,否,17.63,18.24,19.28,20.17,-6.4721,-7.4581,-5.1648
6143,振曜,2026-07-24,95.7,-0.1,-0.1,422465000,0,綠增,否,是,96.06,99.05,97.12,95.07,-5.8604,-1.9501,1.6963
6144,得利影,2026-07-24,13.85,-0.4,-2.81,7009000,0,綠增,否,否,13.96,13.95,14.27,14.66,0.1435,-2.0709,-1.1263
6146,耕興,2026-07-24,190.5,-0.5,-0.26,145145000,0,紅縮,否,否,191.2,194.15,193.53,209.34,-2.9934,-0.5634,-0.4501
6147,頎邦,2026-07-24,158.0,-17.5,-9.97,7184581000,0,綠增,否,否,172.1,184.6,205.4,208.94,-12.6839,-9.709,-6.3277
6148,驊宏資,2026-07-24,28.4,-0.8,-2.74,205028000,0,綠增,否,否,29.16,30.17,31.14,31.4,-6.4785,-5.081,-3.845
6150,撼訊,2026-07-24,56.4,-1.1,-1.91,150719000,0,綠增,否,否,57.28,58.87,60.58,63.53,-5.2597,-3.8229,-2.5105
6151,晉倫,2026-07-24,35.7,-0.2,-0.56,76738000,0,綠縮,否,否,35.85,37.04,38.38,40.04,-6.2009,-4.5981,-3.6644
6154,順發,2026-07-24,13.65,0.0,0.0,14952000,0,綠縮,否,是,13.64,13.7,13.76,13.51,-0.8721,-0.6887,-0.7215
6156,松上,2026-07-24,22.7,-1.1,-4.62,1492388000,0,綠增,否,是,23.7,25.16,26.52,22.04,-10.9357,-11.3636,1.658
6158,禾昌,2026-07-24,17.95,-0.05,-0.28,31026000,0,綠增,否,否,17.99,18.35,18.05,18.28,-3.8482,-0.6766,0.501
6160,欣技,2026-07-24,15.25,-0.15,-0.97,43577000,0,綠縮,否,否,15.2,15.54,15.99,16.29,-4.2821,-3.7175,-2.157
6161,捷波,2026-07-24,50.9,-1.2,-2.3,119355000,0,綠縮,否,是,50.28,51.53,52.21,50.52,-4.7366,-3.5199,-1.3881
6163,華電網,2026-07-24,41.0,-4.55,-9.99,4807076000,0,綠增,是,否,41.94,43.17,46.02,52.32,-5.5618,-7.1106,-4.7153
6167,久正,2026-07-24,10.65,-0.25,-2.29,350855000,0,綠增,否,否,10.82,11.17,11.64,11.9,-6.0764,-5.9764,-1.8347
6169,昱泉,2026-07-24,14.0,0.1,0.72,7029000,0,綠縮,否,否,14.1,14.26,14.53,15.11,-2.2191,-2.1948,-2.2865
6170,統振,2026-07-24,47.05,-0.2,-0.42,232883000,0,綠縮,否,否,47.3,47.24,49.79,50.9,0.2331,-5.0447,-2.3439
6173,信昌電,2026-07-24,165.0,-18.0,-9.84,1154372000,0,綠縮,否,否,175.2,208.85,255.72,200.77,-27.7526,-24.9551,-9.6059
6174,安碁,2026-07-24,43.5,-0.6,-1.36,2954552000,0,綠增,是,否,46.9,52.2,52.78,45.46,-18.4348,-8.2278,-2.8173
6175,立敦,2026-07-24,82.1,-5.1,-5.85,1515074000,0,綠增,否,否,87.28,95.29,103.0,89.09,-15.5082,-10.9855,-3.6845
6179,亞通,2026-07-24,24.7,-1.1,-4.26,636588000,0,綠增,否,否,24.98,26.0,26.23,24.87,-7.55,-3.0755,0.498
6180,橘子,2026-07-24,43.25,-0.25,-0.57,424904000,0,綠縮,否,是,43.4,44.55,46.81,43.04,-5.0328,-5.3839,-1.6286
6182,合晶,2026-07-24,114.0,-12.5,-9.88,20847262000,0,綠增,否,是,126.9,148.25,138.9,91.55,-25.1769,-4.7237,5.5471
6185,幃翔,2026-07-24,14.35,0.35,2.5,379624000,0,綠縮,是,是,14.07,14.13,14.26,14.13,-0.8457,-1.1197,-0.0175
6186,新潤,2026-07-24,42.2,-0.3,-0.71,459921000,0,綠增,否,是,42.57,42.64,42.37,40.89,-0.3511,-0.4319,0.839
6187,萬潤,2026-07-24,942.0,-83.0,-8.1,2226875000,0,紅轉綠,否,否,991.0,1000.0,1033.35,1112.12,-1.7839,-1.2053,-2.7527
6188,廣明,2026-07-24,70.4,-0.6,-0.85,468875000,0,綠縮,否,否,71.04,73.22,75.39,80.95,-5.7825,-4.9708,-2.8603
6190,萬泰科,2026-07-24,70.8,-1.6,-2.21,1353206000,0,綠縮,否,否,70.74,74.11,78.72,78.05,-8.699,-8.6303,-2.4476
6194,育富,2026-07-24,30.25,0.05,0.17,7340000,0,綠縮,否,否,30.15,30.62,31.43,32.45,-3.0547,-3.5129,-1.8429
6195,詩肯,2026-07-24,27.2,0.0,0.0,38904000,0,紅增,否,是,26.98,26.57,26.26,25.82,3.0951,2.4677,-0.4455
6198,瑞築,2026-07-24,19.8,0.0,0.0,4002000,0,綠增,否,否,19.9,20.21,20.46,21.19,-3.0687,-1.9879,-1.0757
6199,天品,2026-07-24,103.0,-2.5,-2.37,442807000,0,綠縮,否,是,100.62,101.96,101.89,97.9,-2.5944,-1.2972,1.9154
6203,海韻電,2026-07-24,66.1,-0.7,-1.05,88973000,0,紅增,否,否,65.94,65.94,66.53,68.34,-0.0,-1.0504,-0.4564
6204,艾華,2026-07-24,70.6,-3.0,-4.08,133597000,0,綠縮,否,否,74.1,82.37,100.46,91.12,-18.248,-21.4177,-7.5039
6207,雷科,2026-07-24,110.0,-11.0,-9.09,5032335000,0,綠增,否,是,120.0,128.9,139.15,108.53,-12.9173,-9.7971,-3.4184
6208,日揚,2026-07-24,83.2,-0.1,-0.12,356077000,0,綠縮,否,否,84.06,85.69,91.41,89.09,-3.7334,-5.1052,-0.916
6212,理銘,2026-07-24,28.9,0.4,1.4,1002000,0,綠轉紅,否,是,28.7,28.62,28.51,28.25,0.5606,0.2803,0.7955
6217,中探針,2026-07-24,153.0,-17.0,-10.0,1370484000,0,綠增,否,否,168.3,200.05,229.4,259.64,-27.3943,-18.113,-7.0031
6218,豪勉,2026-07-24,34.5,1.4,4.23,455540000,0,綠縮,否,否,34.33,35.14,36.17,37.09,-4.4797,-2.3621,0.4582
6219,富旺,2026-07-24,13.15,-0.85,-6.07,242094000,0,紅縮,否,是,13.52,13.14,13.04,12.77,5.9561,2.5361,1.1249
6220,岳豐,2026-07-24,28.6,0.3,1.06,240221000,0,綠縮,否,否,28.74,31.43,33.62,32.4,-15.7679,-7.3271,-4.8061
6221,晉泰,2026-07-24,21.6,0.0,0.0,27870000,0,綠轉紅,否,否,21.47,21.66,22.16,23.67,-1.7391,-2.1017,-2.55
6222,立軒,2026-07-24,20.65,-0.1,-0.48,2836000,0,綠增,否,否,20.61,20.74,20.77,21.05,-1.2931,-0.4559,0.1326
6223,旺矽,2026-07-24,5705.0,-545.0,-8.72,727763000,0,綠增,否,否,5857.0,6109.5,6343.5,5851.42,-7.9378,-6.0294,-2.0006
6227,茂綸,2026-07-24,113.5,1.0,0.89,275262000,0,綠縮,否,否,109.5,112.45,116.62,114.95,-5.1127,-5.1055,-3.516
6229,研通,2026-07-24,23.6,-0.15,-0.63,30124000,0,綠縮,否,否,23.65,24.65,25.91,26.6,-7.7973,-6.3806,-2.5848
6231,系微,2026-07-24,221.5,-10.5,-4.53,285643000,0,綠增,否,否,230.7,242.55,265.32,289.01,-9.316,-9.1233,-3.6933
6233,旺玖,2026-07-24,22.1,-0.35,-1.56,352553000,0,綠縮,否,否,22.27,23.12,24.31,25.42,-7.1309,-6.1866,-1.3792
6234,高僑,2026-07-24,36.0,0.45,1.27,746639000,0,綠縮,否,否,36.0,38.85,42.83,46.97,-13.6691,-12.824,-3.9365
6237,驊訊,2026-07-24,34.85,-0.15,-0.43,226467000,0,綠縮,否,否,35.16,37.45,41.49,44.22,-11.5472,-11.0649,-5.5537
6240,松崗,2026-07-24,18.3,0.1,0.55,24486000,0,紅縮,否,是,18.35,18.35,18.25,18.28,-0.0545,0.5478,0.4125
6241,鑫永洋,2026-07-24,16.2,-0.3,-1.82,244123000,0,綠增,否,是,16.42,16.64,15.81,12.36,-2.6675,4.3247,4.6154
6244,茂迪,2026-07-24,24.85,-0.5,-1.97,2083070000,0,綠增,否,否,25.49,26.05,26.58,28.19,-4.2089,-2.8348,-4.5005
6245,立端,2026-07-24,84.0,-0.9,-1.06,1436418000,0,紅增,否,是,81.26,80.63,80.41,82.8,1.575,0.2736,-0.1056
6246,臺龍,2026-07-24,13.0,0.05,0.39,76140000,0,綠縮,否,否,13.33,14.07,14.93,15.51,-10.054,-7.7654,-3.2399
6248,沛波,2026-07-24,17.75,-0.05,-0.28,48510000,0,綠縮,否,否,17.74,17.83,18.03,18.6,-1.0045,-1.3009,-0.6748
6259,百徽,2026-07-24,32.05,-2.7,-7.77,1185902000,0,綠增,否,是,33.79,35.41,37.14,28.87,-8.7497,-6.9138,2.3213
6261,久元,2026-07-24,83.2,-1.8,-2.12,433165000,0,綠增,否,否,84.78,86.96,90.69,102.36,-4.8912,-4.8369,-2.9431
6263,普萊德,2026-07-24,151.5,-2.5,-1.62,125897000,0,綠增,否,否,153.1,157.0,160.12,161.66,-4.8477,-3.3846,-0.9281
6264,富裔,2026-07-24,6.02,0.01,0.17,27001000,0,綠縮,是,否,6.03,6.06,6.08,6.1,-0.953,-0.6886,-0.1397
6265,方土昶,2026-07-24,47.2,0.15,0.32,2055926000,0,綠縮,否,否,46.89,49.16,51.22,49.33,-8.8098,-4.4235,-4.9768
6266,泰詠,2026-07-24,24.85,-0.3,-1.19,132551000,0,紅縮,否,否,25.03,25.27,25.29,26.66,-1.9201,-0.4725,-0.4526
6270,倍微,2026-07-24,30.55,-0.65,-2.08,257743000,0,綠縮,否,否,31.0,32.67,35.84,31.39,-9.7525,-9.362,-2.6421
6274,台燿,2026-07-24,1250.0,-85.0,-6.37,6043106000,0,綠縮,否,否,1260.0,1351.5,1512.5,1420.12,-12.6819,-12.6938,-4.5892
6275,元山,2026-07-24,43.6,-0.75,-1.69,144649000,0,綠縮,否,否,44.19,45.77,47.77,49.39,-6.6934,-5.3845,-1.5611
6276,安鈦克,2026-07-24,20.1,-0.25,-1.23,40254000,0,紅縮,否,否,20.5,21.15,21.81,26.44,-5.9633,-4.4715,-5.3083
6279,胡連,2026-07-24,115.5,0.5,0.43,189477000,0,綠縮,否,否,115.9,118.25,118.83,117.06,-3.8972,-1.7041,-0.7724
6284,佳邦,2026-07-24,78.2,-3.1,-3.81,1193814000,0,綠縮,否,否,80.68,86.46,93.92,93.83,-12.5325,-11.6132,-5.2411
6290,良維,2026-07-24,236.0,-13.0,-5.22,1154612000,0,綠縮,否,否,244.3,257.95,283.25,293.75,-10.0515,-11.3726,-4.7098
6291,沛亨,2026-07-24,372.0,-2.5,-0.67,828112000,0,綠縮,否,否,367.8,398.25,479.05,503.48,-14.2057,-16.5619,-7.7686
6292,迅德,2026-07-24,49.35,-1.35,-2.66,70747000,0,綠縮,否,否,50.45,52.65,57.26,56.01,-8.0051,-10.3915,-5.5468
6294,智基,2026-07-24,27.5,-0.05,-0.18,3052000,0,紅增,否,否,27.36,27.52,27.53,29.35,-1.1561,-0.6857,-1.0512
6411,晶焱,2026-07-24,80.6,-0.4,-0.49,458345000,0,綠縮,否,否,80.86,85.77,93.51,90.68,-10.8293,-9.9149,-3.9692
6417,韋僑,2026-07-24,121.0,-1.5,-1.22,130385000,0,綠縮,否,否,119.1,123.1,127.3,129.57,-6.2943,-5.1252,-2.3773
6418,詠昇,2026-07-24,30.65,0.5,1.66,57692000,0,綠縮,否,否,30.09,31.05,31.44,31.75,-5.9981,-4.1075,-1.6347
6419,京晨科,2026-07-24,137.0,-1.0,-0.72,86272000,0,綠縮,否,否,135.9,139.0,142.68,145.54,-4.3631,-3.5392,-0.9201
6423,億而得,2026-07-24,69.9,-0.5,-0.71,23144000,0,綠縮,否,否,69.66,73.79,77.94,93.61,-10.6006,-8.0842,-3.5935
6425,易發,2026-07-24,58.1,-1.5,-2.52,235500000,0,綠縮,否,否,59.06,62.71,68.1,80.07,-11.0006,-9.1159,-6.0366
6432,今展科,2026-07-24,70.0,-2.4,-3.31,613176000,0,綠縮,否,是,70.24,71.78,74.22,61.56,-4.2008,-4.3443,-1.1191
6435,大中,2026-07-24,270.0,,,624530000,0,綠增,否,否,284.0,313.15,339.52,273.33,-17.0318,-14.0524,0.6224
6441,廣錠,2026-07-24,20.7,-0.4,-1.9,37406000,0,綠增,否,否,21.11,21.51,21.98,24.16,-3.6073,-3.673,-1.8855
6461,益得,2026-07-24,17.4,1.5,9.43,1546402000,0,紅增,是,是,15.81,15.82,15.52,16.29,-0.0632,1.3457,0.4693
6462,神盾,2026-07-24,102.0,2.3,2.31,1068264000,0,綠縮,是,否,99.9,102.77,110.51,120.84,-5.4335,-7.5976,-2.5356
6465,威潤,2026-07-24,50.7,-0.5,-0.98,263234000,0,綠縮,否,否,52.24,55.21,59.41,53.64,-10.2097,-6.9599,-4.5319
6469,大樹,2026-07-24,80.2,1.6,2.04,860736000,0,紅增,是,是,78.54,78.06,76.53,75.22,1.2374,1.7334,0.9297
6470,宇智,2026-07-24,46.95,-0.35,-0.74,23919000,0,綠縮,否,否,46.94,47.42,48.34,48.15,-2.0042,-1.9742,-0.973
6474,華豫寧,2026-07-24,37.45,-0.2,-0.53,18254000,0,紅增,否,否,37.21,37.43,37.38,37.84,-1.1687,-0.1068,-0.4329
6482,弘煜科,2026-07-24,28.0,-0.25,-0.88,15133000,0,紅縮,否,否,28.27,27.93,27.95,29.01,2.5018,1.2326,-1.2107
6485,點序,2026-07-24,62.9,-1.5,-2.33,259320000,0,綠縮,否,否,63.92,68.4,75.83,88.34,-12.2942,-11.0764,-7.2302
6486,互動,2026-07-24,78.6,2.4,3.15,104425000,0,綠縮,否,否,76.86,79.28,80.6,82.38,-5.9241,-3.4348,-1.509
6488,環球晶,2026-07-24,1030.0,-90.0,-8.04,12256076000,0,綠增,否,是,1172.0,1267.5,1177.3,905.93,-14.0132,0.0395,4.9708
6492,生華科,2026-07-24,40.75,-1.2,-2.86,325542000,0,綠增,是,否,42.1,43.02,43.02,45.97,-4.2093,-1.398,-1.2228
6494,九齊,2026-07-24,49.4,-0.8,-1.59,84109000,0,綠縮,否,否,50.35,55.35,60.76,57.69,-16.5562,-12.6499,-4.8881
6496,科懋,2026-07-24,24.2,-0.35,-1.43,2137000,0,綠增,否,否,24.74,24.88,24.89,24.55,-1.1191,0.1207,0.3326
6498,久禾光,2026-07-24,79.0,-2.0,-2.47,75528000,0,綠縮,否,否,80.34,83.57,89.56,96.26,-7.4424,-6.8027,-5.8551
6499,益安,2026-07-24,63.2,-0.2,-0.32,147624000,0,綠縮,否,否,63.42,65.9,68.61,78.35,-7.2536,-5.5333,-3.6915
6506,雙邦,2026-07-24,17.25,0.0,0.0,53303000,0,綠增,否,否,17.87,18.16,18.35,18.54,-3.1961,-1.8904,-1.0915
6508,惠光,2026-07-24,27.65,0.2,0.73,310154000,0,紅增,是,是,26.78,26.07,25.24,24.58,5.5577,4.3209,3.3043
6509,聚和,2026-07-24,47.2,-0.1,-0.21,1040221000,0,綠縮,否,否,47.49,49.41,50.04,47.58,-7.481,-5.5168,0.3158
6510,精測,2026-07-24,2590.0,-170.0,-6.16,324425000,0,綠縮,否,否,2654.0,2706.0,2971.25,3368.75,-3.7708,-7.4872,-6.8428
6512,啟發電,2026-07-24,20.2,0.1,0.5,6142000,0,綠增,否,是,20.11,20.15,19.97,19.53,-0.3962,0.4236,0.4906
6516,勤崴國際,2026-07-24,57.3,-0.3,-0.52,24979000,0,紅縮,否,否,57.4,57.55,57.43,57.95,-0.5199,-0.0521,0.4724
6517,保勝光學,2026-07-24,65.6,-2.4,-3.53,740883000,0,綠增,否,是,70.98,70.1,70.49,64.57,2.5426,0.8488,-0.3956
6523,達爾膚,2026-07-24,90.1,-0.2,-0.22,16299000,0,綠縮,否,否,89.78,90.15,93.25,97.32,-0.8175,-2.9602,-2.2742
6527,明達醫,2026-07-24,68.5,-0.1,-0.15,8010000,0,綠縮,否,否,69.1,70.41,71.52,70.58,-3.6531,-2.5197,-0.8251
6530,創威,2026-07-24,72.5,-0.1,-0.14,1211474000,0,綠縮,是,否,71.22,74.55,81.31,100.23,-8.5516,-8.718,-7.08
6532,瑞耘,2026-07-24,68.8,-1.5,-2.13,133915000,0,綠縮,否,否,69.34,72.35,80.82,92.77,-7.9883,-11.9723,-5.4958
6535,順藥,2026-07-24,90.1,1.4,1.58,181067000,0,綠縮,否,否,88.46,92.5,96.42,115.41,-8.3696,-6.4523,-4.2788
6538,倉和,2026-07-24,133.5,-11.5,-7.93,1880334000,0,綠增,否,是,139.3,140.1,134.85,109.6,-1.1356,2.3375,7.7507
6542,隆中,2026-07-24,48.2,1.1,2.34,5003000,0,紅增,否,是,47.54,46.02,46.51,47.61,6.8315,1.3768,0.6275
6546,正基,2026-07-24,59.8,-0.5,-0.83,142160000,0,綠縮,否,否,59.94,62.59,66.64,70.38,-8.1239,-7.4797,-4.9633
6547,高端疫苗,2026-07-24,47.15,0.35,0.75,1283704000,0,紅縮,否,是,47.03,46.9,46.46,47.11,0.5344,0.8059,0.7372
6548,長科*,2026-07-24,68.0,-3.5,-4.9,3140597000,0,綠縮,否,否,69.38,74.8,81.62,69.63,-13.5128,-11.1111,-5.6577
6556,勝品,2026-07-24,65.3,1.2,1.87,1139000,0,綠縮,否,否,64.92,66.51,69.3,70.13,-4.6696,-5.2024,-2.7025
6560,欣普羅,2026-07-24,33.5,0.15,0.45,30242000,0,綠縮,否,否,33.32,34.58,36.78,37.83,-7.0053,-7.6646,-2.4985
6561,是方,2026-07-24,325.5,-2.5,-0.76,14190000,0,綠轉紅,否,否,324.5,324.95,331.05,343.98,-0.2766,-1.813,-1.1201
6568,宏觀,2026-07-24,141.0,-4.5,-3.09,61726000,0,紅增,否,否,142.1,147.05,156.03,199.99,-6.5132,-5.7674,-4.9208
6569,醫揚,2026-07-24,104.0,-1.0,-0.95,58422000,0,綠縮,否,是,101.86,101.91,105.03,103.55,-0.0981,-2.0849,-2.6734
6570,維田,2026-07-24,51.9,0.3,0.58,264537000,0,綠縮,否,是,50.41,50.24,51.1,49.84,0.679,-1.9803,-2.4575
6574,霈方,2026-07-24,127.0,-1.0,-0.78,41161000,0,紅縮,否,是,127.5,128.55,121.38,115.17,-1.6204,4.1734,3.1004
6576,逸達,2026-07-24,82.0,-1.0,-1.2,71048000,0,紅轉綠,否,是,81.98,81.96,81.34,80.04,0.0488,-0.0853,0.9745
6577,勁豐,2026-07-24,94.4,8.5,9.9,2006509000,0,紅增,是,是,82.08,80.12,77.22,78.96,5.0154,4.6773,0.9411
6578,達邦蛋白,2026-07-24,16.1,-0.05,-0.31,27157000,0,綠增,否,否,16.12,16.32,16.34,16.34,-2.4213,-1.0909,-0.8796
6584,南俊國際,2026-07-24,536.0,-21.0,-3.77,272941000,0,綠縮,否,否,545.2,598.2,647.0,666.62,-16.2776,-11.8219,-1.9771
6588,東典光電,2026-07-24,81.5,7.4,9.99,1614770000,0,紅增,是,否,73.74,75.64,83.2,112.38,-4.9007,-6.9733,-8.9566
6590,普鴻,2026-07-24,66.1,-0.1,-0.15,3180000,0,綠增,否,否,66.32,66.94,66.96,67.52,-1.8354,-0.1194,-0.0373
6593,台灣銘板,2026-07-24,33.1,-0.1,-0.3,35727000,0,綠增,否,否,33.43,33.65,33.72,34.92,-1.2991,-0.2372,-0.9764
6596,寬宏藝術,2026-07-24,87.6,-0.5,-0.57,76066000,0,綠縮,否,否,87.74,88.9,91.01,95.69,-2.5761,-3.0005,-1.7118
6597,立誠,2026-07-24,60.5,1.0,1.68,2000000,0,綠縮,否,否,60.62,63.34,65.33,68.29,-8.2349,-4.1175,-2.92
6603,富強鑫,2026-07-24,24.15,0.2,0.84,422276000,0,綠增,否,是,24.22,24.62,24.53,24.04,-3.1974,-1.8733,2.1126
6609,瀧澤科,2026-07-24,38.35,-1.15,-2.91,200215000,0,綠增,否,否,38.8,40.34,40.43,41.77,-7.3322,-2.0401,-1.5823
6612,奈米醫材,2026-07-24,71.0,0.1,0.14,21958000,0,綠縮,否,否,70.68,71.91,72.33,71.08,-3.3634,-2.03,-0.7546
6613,朋億*,2026-07-24,307.5,-10.5,-3.3,288382000,0,綠增,否,是,319.2,328.7,344.07,287.75,-5.618,-5.5324,-0.8501
6615,慧智,2026-07-24,34.0,-0.9,-2.58,6399000,0,綠增,否,否,34.22,34.94,35.7,34.02,-4.0112,-3.3744,-0.1957
6616,特昇-KY,2026-07-24,8.95,0.09,1.02,1000000,0,紅縮,否,否,9.06,9.04,9.05,9.5,0.5104,0.0997,-1.7101
6617,共信-KY,2026-07-24,85.8,-3.9,-4.35,512106000,0,綠增,否,是,95.46,102.38,89.75,74.7,-12.6624,3.4141,8.1656
6620,漢達,2026-07-24,84.2,-0.6,-0.71,255216000,0,綠縮,否,是,85.28,89.41,93.64,79.81,-8.8304,-8.6628,4.0331
6624,萬年清,2026-07-24,39.5,-0.3,-0.75,1001000,0,紅轉綠,否,否,41.09,41.22,41.7,45.79,-0.6288,-1.787,-1.9513
6629,泰金-KY,2026-07-24,106.5,0.5,0.47,18102000,0,紅增,否,否,105.8,106.2,108.0,115.61,-0.7505,-1.2093,-2.0186
6637,醫影,2026-07-24,63.5,0.0,0.0,26260000,0,紅縮,否,否,63.3,64.18,63.61,66.39,-2.7052,0.4068,0.1102
6640,均華,2026-07-24,917.0,-52.0,-5.37,112175000,0,紅縮,否,否,937.8,949.7,1007.85,1226.62,-2.475,-7.4637,-3.4765
6642,富致,2026-07-24,76.4,0.4,0.53,241844000,0,綠縮,否,是,75.16,77.43,80.01,76.16,-5.6964,-4.052,-2.8533
6643,M31,2026-07-24,425.0,5.0,1.19,441907000,0,綠轉紅,否,否,423.8,426.0,453.85,534.16,-1.0276,-6.4353,-2.8523
6649,台生材,2026-07-24,37.8,1.1,3.0,133105000,0,綠縮,否,否,37.27,38.28,38.17,38.79,-5.1413,-1.4418,-0.6443
6651,全宇昕,2026-07-24,122.0,-3.0,-2.4,89075000,0,綠縮,否,否,121.0,131.2,143.32,131.11,-14.4272,-12.5333,-2.2006
6654,天正國際,2026-07-24,178.0,-0.5,-0.28,34105000,0,綠縮,否,是,178.6,182.35,187.95,144.51,-4.0301,-3.7223,-1.8025
6661,威健生技,2026-07-24,17.5,-0.05,-0.28,5000000,0,綠增,否,否,17.74,17.89,17.55,17.52,-1.7175,-0.8038,2.08
6662,樂斯科,2026-07-24,30.8,0.4,1.32,17151000,0,紅增,是,是,30.11,29.89,29.79,29.61,1.4488,0.7753,-0.0671
6664,群翊,2026-07-24,352.0,-10.0,-2.76,248215000,0,綠增,否,否,360.2,367.7,376.6,407.62,-3.9979,-4.0949,-0.5939
6667,信紘科,2026-07-24,239.0,-3.0,-1.24,141634000,0,綠縮,否,否,240.9,246.65,257.68,263.19,-4.5563,-4.8785,-3.0021
6679,鈺太,2026-07-24,222.5,-6.5,-2.84,226724000,0,綠縮,否,否,226.0,232.5,251.32,283.05,-5.4393,-7.4074,-4.0653
6680,鑫創電子,2026-07-24,54.9,0.6,1.1,21104000,0,紅縮,否,是,56.06,53.46,51.88,53.95,10.2241,6.8666,0.7965
6683,雍智科技,2026-07-24,1190.0,-45.0,-3.64,172828000,0,綠縮,否,否,1184.0,1350.5,1544.5,1741.67,-21.9512,-17.3753,-5.6938
6684,安格,2026-07-24,49.25,0.25,0.51,150364000,0,綠縮,否,否,49.75,51.1,55.52,50.2,-5.1478,-8.8395,0.036
6690,安碁資訊,2026-07-24,162.5,-2.5,-1.52,31033000,0,紅縮,否,否,164.1,163.9,165.12,169.53,0.2443,0.0611,-2.003
6692,進能服,2026-07-24,23.0,-0.3,-1.29,11583000,0,綠增,否,否,23.32,23.93,24.86,27.51,-4.9327,-4.2809,-2.3569
6693,廣閎科,2026-07-24,183.0,-13.0,-6.63,409316000,0,綠增,否,是,187.5,204.45,222.47,176.01,-15.3117,-13.1478,1.24
6697,東捷資訊,2026-07-24,40.7,0.05,0.12,2530000,0,綠縮,否,否,40.68,40.66,41.05,41.72,0.0738,-0.696,-0.6174
6703,軒郁,2026-07-24,107.0,-1.0,-0.93,36392000,0,綠縮,否,否,105.9,110.2,111.28,111.66,-7.5109,-3.9651,-0.8686
6708,天擎,2026-07-24,37.5,-0.3,-0.79,2000000,0,綠縮,否,否,37.52,38.37,39.27,40.37,-4.3345,-3.3501,-0.9585
6712,長聖,2026-07-24,147.5,0.0,0.0,248405000,0,綠增,否,是,148.3,157.55,156.28,140.33,-11.0911,-4.0207,1.7747
6716,應廣,2026-07-24,82.8,-1.2,-1.43,115078000,0,綠縮,否,否,83.38,88.87,92.68,93.56,-11.6363,-6.5018,-2.9173
6720,久昌,2026-07-24,135.0,-0.5,-0.37,10070000,0,綠增,否,否,136.5,138.3,139.7,150.51,-2.5696,-2.3305,-1.6197
6721,信實,2026-07-24,52.6,0.1,0.19,6664000,0,綠縮,否,否,52.5,53.2,54.26,57.08,-2.5974,-2.4569,-2.9688
6725,矽科宏晟,2026-07-24,299.5,-4.5,-1.48,75440000,0,綠增,否,否,302.8,305.1,319.55,321.77,-1.4964,-5.2043,0.0391
6727,亞泰金屬,2026-07-24,372.5,-2.5,-0.67,146752000,0,綠縮,否,否,355.3,404.6,422.65,461.46,-21.7228,-10.4074,-2.604
6728,上洋,2026-07-24,109.5,0.5,0.46,2209000,0,紅增,否,否,109.3,109.25,109.05,111.72,0.0916,0.0,-0.2743
6730,常廣,2026-07-24,34.15,-0.35,-1.01,209423000,0,綠縮,是,否,34.37,35.59,36.65,37.09,-6.654,-4.5198,-1.9989
6732,昇佳電子,2026-07-24,171.0,-8.5,-4.74,504024000,0,綠增,否,是,188.3,193.65,184.35,170.57,-5.3769,1.0963,4.8486
6733,博晟生醫,2026-07-24,24.05,0.05,0.21,51000000,0,綠縮,否,否,24.01,24.74,24.59,26.55,-5.7322,-1.8059,-1.3638
6735,美達科技,2026-07-24,66.5,-1.3,-1.92,76638000,0,綠縮,否,否,67.32,71.55,80.23,102.0,-11.1639,-11.8951,-6.8068
6739,竹陞科技,2026-07-24,1075.0,-115.0,-9.66,288910000,0,紅縮,否,否,1159.0,1127.0,1127.55,1259.52,5.8447,-0.3537,0.5574
6741,91APP*-KY,2026-07-24,55.0,-1.2,-2.14,492737000,0,綠增,否,否,56.16,57.29,59.35,62.08,-3.8685,-3.6657,-2.0948
6751,智聯服務,2026-07-24,40.35,-1.05,-2.54,8516000,0,綠縮,否,否,40.71,41.09,43.23,47.31,-1.8563,-4.1516,-4.2211
6752,叡揚,2026-07-24,98.6,-0.7,-0.7,4184000,0,紅縮,否,否,99.5,99.22,99.45,101.41,0.566,-0.5313,-0.3257
6761,穩得,2026-07-24,150.5,-7.0,-4.44,136027000,0,綠縮,否,否,154.5,163.85,178.95,195.54,-10.7968,-9.9973,-5.3049
6762,達亞,2026-07-24,170.0,-1.0,-0.58,7984000,0,綠縮,否,,169.7,168.0,169.03,,2.0445,-0.3854,-0.8651
6763,綠界科技*,2026-07-24,42.9,0.5,1.18,165760000,0,綠縮,否,否,42.6,43.32,45.05,46.1,-3.2698,-4.5184,-2.7998
6767,台微醫,2026-07-24,24.6,-0.5,-1.99,31000000,0,紅轉綠,是,否,25.14,26.0,25.36,26.35,-6.4036,1.1476,-0.2753
6785,昱展新藥,2026-07-24,108.5,-4.0,-3.56,19559000,0,綠增,否,否,110.5,112.55,116.0,126.34,-3.5777,-4.4972,-1.2976
6788,華景電,2026-07-24,348.0,-1.0,-0.29,371460000,0,綠縮,否,否,350.0,367.45,400.18,424.62,-9.0673,-10.2357,-4.6067
6791,虎門科技,2026-07-24,105.0,-0.5,-0.47,26585000,0,紅增,否,否,103.6,105.05,105.5,112.65,-2.723,-2.7315,0.1186
6803,崑鼎,2026-07-24,274.0,3.0,1.11,69305000,0,綠縮,否,否,270.9,271.3,278.77,284.82,-0.2944,-2.4802,-1.4581
6804,明係,2026-07-24,17.2,0.1,0.58,155051000,0,紅增,否,是,16.84,16.41,16.32,15.96,5.4477,2.3394,0.8031
6811,宏碁資訊,2026-07-24,238.0,-7.5,-3.05,188856000,0,紅縮,否,是,238.8,232.0,223.8,217.2,6.0391,5.0725,1.0612
6821,聯寶,2026-07-24,42.15,-1.95,-4.42,141282000,0,綠縮,否,否,43.44,46.29,53.94,57.87,-11.5995,-15.2042,-9.0319
6823,濾能,2026-07-24,63.4,1.7,2.76,115774000,0,綠縮,否,否,61.88,63.95,66.69,75.66,-6.2708,-5.3434,-1.3096
6829,千附精密,2026-07-24,195.5,-1.5,-0.76,903715000,0,綠增,否,否,201.1,216.55,216.72,219.72,-13.319,-3.8624,0.1155
6840,東研信超,2026-07-24,59.9,0.0,0.0,22110000,0,綠縮,否,否,60.12,61.7,62.81,65.28,-4.9937,-2.9874,-2.2794
6841,長佳智能,2026-07-24,57.4,-0.8,-1.37,240687000,0,綠增,否,否,58.08,60.79,61.23,59.99,-8.5354,-4.1772,-0.9945
6843,進典,2026-07-24,39.5,-0.7,-1.74,12000000,0,紅縮,否,否,39.72,39.7,40.36,42.51,0.1008,-1.1577,-0.1669
6844,諾貝兒,2026-07-24,62.1,0.0,0.0,41089000,0,綠縮,否,否,61.86,62.11,63.14,64.08,-0.8018,-1.0357,-1.5669
6846,綠茵,2026-07-24,63.4,-0.1,-0.16,5212000,0,紅增,否,否,63.66,63.79,64.3,67.35,-0.4068,-0.8394,-1.4256
6855,數泓科,2026-07-24,114.0,-1.5,-1.3,2008000,0,綠縮,否,否,114.9,117.05,118.67,114.08,-3.6074,-2.4177,-1.9215
6859,伯特光,2026-07-24,98.0,-1.6,-1.61,32384000,0,綠縮,否,否,99.16,105.48,115.57,120.66,-11.3059,-10.0767,-5.93
6870,騰雲,2026-07-24,256.0,-13.0,-4.83,58601000,0,綠增,否,是,276.0,288.6,282.25,245.88,-8.3665,-2.467,-1.1297
6872,浩宇生醫,2026-07-24,15.95,0.25,1.59,12300000,0,綠縮,否,否,15.98,16.2,16.57,17.44,-2.7389,-2.4089,-1.1041
6874,倍力,2026-07-24,79.4,0.2,0.25,6000000,0,綠縮,否,否,79.14,80.71,82.16,83.55,-3.8162,-1.92,-1.5341
6875,國邑*,2026-07-24,35.15,0.15,0.43,56625000,0,綠縮,否,否,35.4,35.83,36.76,36.57,-2.3448,-3.5796,0.143
6877,鏵友益,2026-07-24,122.5,-3.0,-2.39,31642000,0,紅縮,否,否,124.4,127.9,128.88,149.3,-5.3272,-2.5524,-0.9035
6881,潤德,2026-07-24,204.0,0.5,0.25,4826000,0,綠縮,否,否,203.0,208.05,220.28,251.36,-4.7396,-6.0086,-6.8211
6884,海柏特,2026-07-24,31.45,-0.7,-2.18,4019000,0,綠增,否,否,32.07,32.5,32.79,33.72,-2.6116,-0.7785,-1.8487
6894,衛司特,2026-07-24,329.0,1.5,0.46,18856000,0,綠縮,否,否,327.1,335.8,351.2,353.18,-5.0508,-4.8456,-1.8172
6895,宏碩系統,2026-07-24,121.0,-3.0,-2.42,37324000,0,綠縮,否,否,122.3,126.8,137.78,154.01,-6.8545,-8.3153,-6.9716
6899,創為精密,2026-07-24,52.0,0.7,1.36,18000000,0,綠縮,否,否,51.44,52.62,55.36,57.93,-4.3866,-5.6482,-4.4038
6903,巨漢,2026-07-24,356.0,-6.0,-1.66,923359000,0,綠縮,否,否,356.4,368.95,377.38,391.85,-6.5793,-4.3552,-2.0314
6904,伯鑫,2026-07-24,125.0,1.5,1.21,1004000,0,紅轉綠,否,,125.7,125.9,123.17,,-0.3172,1.328,1.9239
6907,雅特力-KY,2026-07-24,203.0,-14.0,-6.45,405471000,0,紅縮,否,是,212.9,212.85,183.55,146.22,0.047,14.0064,11.5297
6910,德鴻,2026-07-24,24.5,0.0,0.0,34107000,0,綠縮,否,否,24.87,25.5,26.48,27.85,-4.822,-4.387,-3.2523
6913,鴻呈,2026-07-24,123.0,-3.5,-2.77,136127000,0,紅縮,否,否,124.4,124.45,122.83,130.19,-0.0803,1.2612,-0.2234
6922,宸曜,2026-07-24,188.5,-6.0,-3.08,204266000,0,紅增,否,是,185.0,179.95,178.5,182.55,5.7747,2.1573,-0.2654
6925,意藍,2026-07-24,54.6,-1.6,-2.85,33375000,0,綠縮,否,否,55.54,56.24,58.54,62.88,-2.4587,-4.1255,-3.7409
6929,佑全,2026-07-24,22.85,0.25,1.11,6047000,0,綠縮,否,否,22.73,22.75,23.26,24.2,-0.1757,-2.1505,-0.8209
6945,圓祥生技,2026-07-24,95.8,-1.1,-1.14,115908000,0,紅縮,否,否,97.0,103.25,102.08,133.0,-11.4155,-2.7961,-0.7969
6953,家碩,2026-07-24,219.5,-2.5,-1.13,19098000,0,綠增,否,否,220.3,222.8,228.32,245.78,-2.2193,-3.5915,-1.0187
6961,旅天下,2026-07-24,52.5,0.0,0.0,31772000,0,紅增,否,否,52.72,53.12,53.73,57.06,-1.4948,-1.2639,-1.2952
6967,汎瑋材料,2026-07-24,71.5,-4.0,-5.3,195130000,0,紅縮,否,否,75.08,74.26,72.98,73.53,2.2331,2.1458,1.495
6968,萬達寵物,2026-07-24,43.95,-0.05,-0.11,27008000,0,紅縮,否,是,44.15,43.55,43.2,43.38,2.8179,1.3853,0.2844
6971,惠民實業,2026-07-24,26.45,-0.6,-2.22,69000000,0,綠增,是,否,27.2,27.17,27.52,27.73,0.258,-0.7127,0.4288
6982,大井泵浦,2026-07-24,49.8,-0.15,-0.3,25411000,0,綠縮,否,否,49.95,50.73,52.69,54.37,-3.0474,-3.5823,-3.7492
6983,華洋精機,2026-07-24,322.0,-9.0,-2.72,13116000,0,綠增,否,否,327.5,337.35,349.07,388.81,-5.674,-4.2843,-1.2308
6986,和迅,2026-07-24,44.85,0.3,0.67,70203000,0,綠轉紅,否,否,44.63,45.45,47.69,56.67,-3.5653,-3.86,-6.5586
6996,力領科技,2026-07-24,176.0,-2.0,-1.12,39223000,0,綠縮,否,否,174.1,179.5,188.03,187.57,-5.841,-6.0455,-2.6282
6997,博弘,2026-07-24,71.2,-1.8,-2.47,19022000,0,紅轉綠,是,否,72.42,72.83,73.04,74.33,-1.1196,0.0,-1.0767
700022,華星光統一5C購01,2026-07-24,2.5,0.05,2.04,167000000,0,紅增,否,,2.16,2.31,2.61,,-12.0325,-10.2484,-12.0783
700023,新應材統一5B購02,2026-07-24,0.1,-0.06,-37.5,4000000,0,紅縮,否,,0.14,0.16,0.22,,-25.2747,-26.7281,-19.1011
700024,新應材統一64購02,2026-07-24,0.27,-0.02,-6.9,20000000,0,紅轉綠,否,,0.29,0.3,0.33,,-8.8608,-10.3858,-7.3611
700025,雙鴻統一5B購01,2026-07-24,0.25,0.06,31.58,15000000,0,綠縮,是,,0.2,0.21,0.34,,-6.4815,-32.7974,-23.0068
700028,雙鴻中信59購01,2026-07-24,0.9,0.05,5.88,3000000,0,,是,,0.85,0.83,,,4.703,,
700047,宏捷科凱基59購01,2026-07-24,0.23,-0.04,-14.81,197000000,0,綠縮,是,,0.25,0.42,0.86,,-56.8027,-47.3091,-24.2143
700065,系統電統一5A購01,2026-07-24,0.02,0.0,0.0,10000000,0,綠縮,是,,0.02,0.05,0.11,,-77.7778,-52.5862,-35.905
700103,中光電元大5A購01,2026-07-24,0.05,-0.1,-66.67,1000000,0,,是,,0.15,0.19,0.15,,-34.7826,7.3446,11.7647
700113,雙鴻元大5A購01,2026-07-24,0.56,0.06,12.0,40000000,0,,是,,0.44,0.47,0.78,,-11.9048,-39.3862,-22.9218
700126,威剛國票61購01,2026-07-24,9.1,0.55,6.43,1000000,0,,是,,9.6,10.39,,,-14.0555,,
700155,中光電元大5A購02,2026-07-24,0.24,0.09,60.0,1000000,0,綠縮,否,,0.23,0.24,0.2,,-4.1322,4.8673,26.3323
700173,雙鴻元大5A購02,2026-07-24,0.88,0.2,29.41,10000000,0,,否,,0.76,0.96,1.79,,-34.9398,-48.0498,-21.2963
700185,中光電統一59購04,2026-07-24,0.07,0.06,600.0,9000000,0,,否,,0.03,0.05,,,-54.5455,-46.6667,
700186,中光電統一6A購01,2026-07-24,0.2,-0.02,-9.09,137000000,0,綠增,否,,0.22,0.28,0.27,,-36.2069,-12.844,6.25
700187,中美晶統一58購02,2026-07-24,2.27,-0.3,-11.67,9000000,0,,否,,3.24,2.7,2.02,,50.6506,51.2619,
700188,中美晶統一5A購02,2026-07-24,2.25,-0.35,-13.46,10000000,0,紅轉綠,否,,2.85,2.9,2.24,,-3.4576,21.2971,25.9645
700190,昇達科統一65購01,2026-07-24,4.05,-0.35,-7.95,48000000,0,紅轉綠,否,,4.18,4.31,4.56,,-6.1124,-5.6018,-5.8387
700192,朋程統一6A購01,2026-07-24,0.47,0.0,0.0,104000000,0,綠縮,否,,0.48,0.58,0.69,,-30.0292,-19.5862,-6.0339
700193,東洋統一61購01,2026-07-24,0.34,0.01,3.03,25000000,0,,否,,0.35,0.36,,,-2.7473,-2.973,
700198,智冠統一5C購01,2026-07-24,0.21,-0.01,-4.55,60000000,0,,否,,0.25,0.27,0.29,,-14.966,-10.231,-4.8465
700199,華景電統一61購01,2026-07-24,0.95,-0.01,-1.04,8000000,0,,否,,1.08,1.35,1.46,,-32.6708,-17.5138,
700201,萬潤統一6A購01,2026-07-24,2.53,-0.06,-2.32,3000000,0,綠縮,否,,2.49,2.61,2.85,,-8.9912,-9.9276,-2.5772
700204,雙鴻統一5A購01,2026-07-24,0.25,0.07,38.89,35000000,0,綠縮,否,,0.18,0.2,0.34,,-19.8198,-36.9085,-30.9859
700205,雙鴻統一61購01,2026-07-24,0.46,0.03,6.98,4000000,0,綠轉紅,否,,0.41,0.41,0.47,,1.4851,-9.3541,-7.5397
700206,雙鴻統一61購02,2026-07-24,0.4,0.0,0.0,61000000,0,綠縮,否,,0.36,0.35,0.41,,5.9524,-12.8463,-9.4235
700207,雙鴻統一6A購01,2026-07-24,0.48,0.04,9.09,63000000,0,綠縮,否,,0.44,0.45,0.52,,-2.2222,-13.5922,-9.2014
700208,騰雲統一6A購01,2026-07-24,0.85,-0.11,-11.46,10000000,0,紅縮,否,,0.95,0.91,0.84,,8.6957,13.8577,-0.119
700258,大綜統一6A購01,2026-07-24,0.63,-0.05,-7.35,98000000,0,綠縮,否,,0.59,0.65,0.89,,-15.1429,-23.8824,-12.3145
700261,宜鼎統一6A購01,2026-07-24,4.62,-0.14,-2.94,16000000,0,綠縮,是,,4.41,4.76,5.48,,-13.6025,-13.3248,-10.2449
700262,尚凡*統一6A購01,2026-07-24,0.22,-0.05,-18.52,20000000,0,,否,,,,,,,,
700264,長聖統一6A購01,2026-07-24,0.28,-0.01,-3.45,3000000,0,,是,,0.3,0.35,0.33,,-22.5641,-4.4199,
700343,中光電統一6A購02,2026-07-24,0.26,0.02,8.33,1000000,0,,否,,0.29,0.32,,,-19.1011,,
700344,尼克森統一5A購01,2026-07-24,1.05,-0.07,-6.25,5000000,0,,是,,1.73,1.72,,,1.171,17.03,
700345,立碁統一6A購01,2026-07-24,0.46,0.05,12.2,310000000,0,,是,,0.37,0.39,,,-7.0,-19.7505,
700350,茂達統一61購01,2026-07-24,0.9,-0.02,-2.17,6000000,0,,否,,0.84,1.09,1.18,,-36.8421,-19.6296,
700354,聖暉*統一6A購01,2026-07-24,0.85,-0.08,-8.6,6000000,0,綠增,否,,0.88,0.96,1.05,,-14.6718,-13.8241,-1.2247
700355,撼訊統一6A購01,2026-07-24,0.22,-0.04,-15.38,100000000,0,,是,,0.27,0.29,,,-15.1899,-17.7465,
700357,聰泰統一6A購01,2026-07-24,0.31,0.0,0.0,100000000,0,綠縮,是,,0.31,0.35,0.39,,-20.7254,-12.4051,-9.2075
700358,寶島科統一64購01,2026-07-24,0.41,0.0,0.0,154000000,0,,是,,0.36,0.36,,,2.8249,,
700410,中光電統一5C購01,2026-07-24,0.2,0.0,0.0,12000000,0,,否,,0.25,0.22,,,24.0,55.5556,
700415,建榮統一6A購02,2026-07-24,0.61,-0.04,-6.15,200000000,0,綠縮,否,,0.64,0.75,0.92,,-25.4673,-24.6216,-11.9424
700416,高技統一5A購01,2026-07-24,0.03,-0.02,-40.0,5000000,0,綠縮,否,,0.07,0.2,0.26,,-80.1205,-37.0253,-30.6366
700417,聰泰統一6A購02,2026-07-24,0.37,0.0,0.0,293000000,0,綠縮,否,,0.36,0.39,0.47,,-15.0943,-16.06,-9.6117
700582,弘塑國票59購01,2026-07-24,4.16,-0.17,-3.93,1000000,0,,是,,6.12,,,,,,
700638,原相元大5A購02,2026-07-24,0.22,-0.1,-31.25,30000000,0,綠縮,否,,0.23,0.34,0.46,,-49.7778,-35.3728,-12.8181
700670,中光電統一6A購03,2026-07-24,0.21,-0.01,-4.55,11000000,0,綠增,是,,0.24,0.27,0.26,,-22.2222,-11.9741,9.0526
700675,高技統一5A購02,2026-07-24,0.16,-0.03,-15.79,20000000,0,,否,,0.18,0.31,0.42,,-59.4595,-29.2517,-24.2727
700676,高技統一6A購01,2026-07-24,0.18,0.0,0.0,24000000,0,綠縮,否,,0.2,0.25,0.33,,-31.7568,-29.2614,-14.4516
700679,智擎統一6A購01,2026-07-24,0.46,-0.02,-4.17,81000000,0,,是,,0.47,0.46,,,7.2398,8.0189,
700681,鈊象統一6A購01,2026-07-24,0.33,0.0,0.0,21000000,0,綠增,是,,0.37,0.4,0.42,,-13.6792,-8.3527,-6.7114
700684,雍智統一6A購02,2026-07-24,3.62,-0.06,-1.63,10000000,0,綠縮,否,,3.53,4.37,5.27,,-32.2853,-24.5602,-6.6519
700687,緯軟統一6A購01,2026-07-24,0.45,0.0,0.0,77000000,0,綠縮,否,,0.45,0.45,0.49,,-0.4444,-6.263,-4.2885
700688,營邦統一6A購01,2026-07-24,1.91,-0.22,-10.33,442000000,0,綠增,否,,2.04,2.11,2.22,,-6.5078,-8.6938,-5.1979
700709,神盾統一5C購02,2026-07-24,0.12,0.02,20.0,6000000,0,綠增,是,,0.16,0.21,0.24,,-34.9206,-22.0974,-8.7121
700710,智通*統一6A購02,2026-07-24,0.57,-0.03,-5.0,1000000,0,紅轉綠,否,,0.64,0.64,0.6,,0.0,4.7776,6.1116
700711,華星光統一6A購01,2026-07-24,3.6,0.2,5.88,62000000,0,綠轉紅,是,,3.2,3.33,3.51,,-7.1884,-4.1775,-5.5361
700712,聖暉*統一6A購02,2026-07-24,0.6,-0.04,-6.25,48000000,0,綠增,否,,0.62,0.65,0.7,,-9.8837,-10.5335,-0.6383
700755,宜鼎統一6A購02,2026-07-24,5.7,0.2,3.64,6000000,0,,是,,5.64,5.59,5.4,,1.8051,4.5837,
700756,威剛統一5C購03,2026-07-24,2.3,0.25,12.2,41000000,0,綠縮,否,,2.07,2.25,2.45,,-14.8392,-10.9084,-5.9229
700757,竑騰統一5C購01,2026-07-24,3.95,-0.25,-5.95,1000000,0,,否,,4.35,4.25,4.27,,4.971,2.3867,
700830,中美晶元大5A購01,2026-07-24,2.49,-1.21,-32.7,4000000,0,紅轉綠,否,,3.56,3.84,2.9,,-13.6342,19.1377,25.4439
700843,世界統一5C購01,2026-07-24,0.95,0.07,7.95,7000000,0,綠縮,否,,0.83,0.87,1.01,,-9.1904,-17.6582,-0.1983
700845,臺慶科統一5C購01,2026-07-24,0.66,-0.02,-2.94,20000000,0,綠縮,是,,0.75,0.97,1.3,,-37.4582,-29.3605,-11.1529
700898,力旺統一5A購01,2026-07-24,0.17,-0.02,-10.53,201000000,0,綠縮,是,,0.17,0.26,0.51,,-53.3708,-56.8595,-22.5266
700899,力旺統一6A購01,2026-07-24,0.53,-0.03,-5.36,434000000,0,綠縮,否,,0.53,0.55,0.78,,-7.0175,-24.1379,-13.1166
700900,台半統一5C購03,2026-07-24,0.42,-0.1,-19.23,25000000,0,綠增,否,,0.47,0.78,0.96,,-56.4815,-30.8036,-5.1091
700902,光頡統一5A購01,2026-07-24,1.43,-0.05,-3.38,7000000,0,,是,,2.18,3.11,2.83,,-46.0435,-6.5446,
700904,波若威統一6A購01,2026-07-24,3.29,-0.16,-4.64,66000000,0,綠縮,否,,3.1,3.32,4.1,,-12.4434,-17.8801,-12.2779
700920,波若威永豐5A購01,2026-07-24,20.6,-1.1,-5.07,5000000,0,,是,,20.02,21.48,,,-12.7289,-24.9476,
700983,威剛兆豐5A購01,2026-07-24,8.25,0.2,2.48,2000000,0,,是,,8.88,9.24,,,-7.4035,,
701097,營邦元大5A購01,2026-07-24,0.92,0.0,0.0,6000000,0,綠轉紅,是,,0.74,0.93,0.97,,-34.6359,-8.5462,-22.0659
701150,雙鴻國票59購01,2026-07-24,0.05,0.0,0.0,80000000,0,綠縮,否,,0.04,0.05,0.26,,-33.3333,-79.8387,-40.7365
701193,威剛元大58購02,2026-07-24,3.71,0.33,9.76,37000000,0,綠縮,否,,3.26,3.77,4.35,,-23.7138,-15.9643,-15.6608
701279,雙鴻國票5B購01,2026-07-24,0.16,0.01,6.67,767000000,0,綠縮,否,,0.14,0.15,0.28,,-17.6471,-43.0147,-23.0345
701288,訊聯元大5B購01,2026-07-24,0.11,0.01,10.0,1000000,0,,是,,0.15,0.12,,,58.3333,,
701388,中光電凱基5A購01,2026-07-24,0.12,-0.01,-7.69,65000000,0,,否,,0.16,0.29,0.24,,-62.6794,-17.052,-0.2049
701422,中光電兆豐5B購01,2026-07-24,0.26,0.01,4.0,1000000,0,綠增,否,,0.33,0.58,0.51,,-60.9113,-19.6676,9.3048
701431,台燿統一5B購02,2026-07-24,7.6,-1.3,-14.61,9000000,0,,是,,9.64,10.6,,,-16.609,-6.8132,
701434,良維統一6B購01,2026-07-24,0.73,-0.02,-2.67,33000000,0,,是,,0.73,0.86,1.04,,-27.4,-17.4163,
701437,威剛統一5B購01,2026-07-24,2.33,0.09,4.02,1000000,0,,是,,2.17,2.43,2.62,,-19.1648,-11.3346,-8.1432
701438,威剛統一6B購01,2026-07-24,2.03,0.13,6.84,115000000,0,綠縮,否,,1.92,2.07,2.28,,-13.3574,-10.9772,-7.2054
701440,華星光統一5B購04,2026-07-24,2.63,0.6,29.56,20000000,0,,是,,2.05,2.29,3.66,,-19.0514,-27.0322,
701442,雙鴻統一6B購01,2026-07-24,0.36,0.04,12.5,149000000,0,綠轉紅,否,,0.29,0.3,0.33,,-5.2288,-7.4534,-7.4543
701460,神盾凱基5B購01,2026-07-24,0.29,0.03,11.54,1000000,0,綠縮,是,,0.28,0.36,0.48,,-36.1991,-28.4585,-11.1524
701500,雙鴻中信5B購01,2026-07-24,0.35,0.02,6.06,2000000,0,,是,,0.33,0.32,0.33,,5.8442,-1.2461,
701571,擎亞元大5B購02,2026-07-24,2.63,-0.06,-2.23,2000000,0,,否,,3.18,3.48,3.21,,-15.7672,-3.6258,3.9994
701592,竹陞統一6B購01,2026-07-24,1.08,-0.13,-10.74,160000000,0,紅轉綠,是,,1.18,1.15,1.16,,5.9034,-1.4555,-3.6914
701593,竹陞統一6B購02,2026-07-24,1.09,-0.08,-6.84,151000000,0,紅縮,是,,1.14,1.1,1.11,,7.5188,-1.6919,-1.2
701595,雙鴻統一59購03,2026-07-24,0.13,0.09,225.0,11000000,0,綠轉紅,否,,0.06,0.06,0.12,,-17.6471,-46.087,-27.6968
701623,元太統一5B購01,2026-07-24,0.42,0.02,5.0,57000000,0,綠轉紅,否,,0.4,0.42,0.53,,-7.8341,-25.9325,-3.7872
701624,竹陞統一5C購03,2026-07-24,1.27,0.07,5.83,120000000,0,,是,,1.27,1.39,,,-15.8245,,
701625,竹陞統一6B購03,2026-07-24,0.86,-0.21,-19.63,292000000,0,紅轉綠,是,,1.01,0.98,1.06,,7.2187,-8.5286,-2.6606
701631,威剛元富58購01,2026-07-24,3.3,0.4,13.79,10000000,0,,否,,2.97,3.75,,,-34.5254,-26.7969,
701658,信昌電統一5C購02,2026-07-24,3.07,-0.45,-12.78,2000000,0,綠增,是,,4.22,5.01,4.88,,-27.1724,-7.4765,3.9847
701698,宜鼎統一6B購01,2026-07-24,2.5,0.19,8.23,3000000,0,,否,,2.35,2.67,3.21,,-21.0067,-22.7852,-8.6592
701741,建榮凱基58購01,2026-07-24,0.31,-0.13,-29.55,10000000,0,綠增,否,,0.81,1.34,1.66,,-57.1732,-33.564,-17.2534
701762,信昌電國票5B購01,2026-07-24,12.7,-0.3,-2.31,6000000,0,,是,,,,,,,,
701804,巨有統一6B購01,2026-07-24,0.4,-0.02,-4.76,38000000,0,綠縮,否,,0.41,0.48,0.65,,-24.5421,-24.6855,-15.1316
701806,濱川統一6B購01,2026-07-24,0.23,-0.02,-8.0,140000000,0,,是,,0.27,0.29,0.32,,-11.7647,-12.1951,
701853,巨有統一6B購02,2026-07-24,0.5,-0.03,-5.66,30000000,0,綠縮,是,,0.53,0.63,0.78,,-26.9972,-26.3775,-7.6878
701971,臺慶科凱基59購01,2026-07-24,2.84,-0.31,-9.84,159000000,0,,是,,3.19,5.8,,,-62.1525,-32.9946,
702028,昇達科中信5A購01,2026-07-24,5.6,-1.05,-15.79,3000000,0,,是,,6.71,,,,,,
702157,華星光元大58購05,2026-07-24,3.25,0.98,43.17,72000000,0,綠轉紅,是,,1.63,2.1,3.42,,-36.4486,-32.0828,-29.7938
702161,精測中信5A購01,2026-07-24,1.95,-0.46,-19.09,72000000,0,,是,,2.19,2.92,,,-40.2732,-27.7201,
702185,精測元富59購05,2026-07-24,3.95,-1.1,-21.78,47000000,0,,是,,4.38,5.51,,,-33.8763,,
702241,力旺國票58購01,2026-07-24,0.6,-0.18,-23.08,94000000,0,,否,,0.73,1.0,,,-42.3622,-60.4816,
702281,精測元大5C購01,2026-07-24,1.22,-0.17,-12.23,2000000,0,,是,,1.22,1.51,,,-32.1111,-45.4906,
702352,華電網國票5C購01,2026-07-24,0.48,-0.18,-27.27,270000000,0,,是,,0.64,1.03,,,-55.3221,,
702365,穩懋元大58購01,2026-07-24,7.8,-0.05,-0.64,2000000,0,,是,,,,,,,,
702450,高技富邦59購01,2026-07-24,0.01,0.0,0.0,50000000,0,綠增,是,,0.09,0.15,0.22,,-60.1852,-28.7736,-30.622
702451,新應材富邦5C購01,2026-07-24,0.33,-0.08,-19.51,100000000,0,,是,,0.73,,,,,,
702498,高技元大59購01,2026-07-24,0.03,0.0,0.0,116000000,0,綠縮,是,,0.05,0.2,0.23,,-86.0465,-30.742,-31.7784
702560,昇達科中信5C購01,2026-07-24,3.68,-0.51,-12.17,17000000,0,紅增,否,,3.7,3.77,4.66,,-3.5454,-15.0395,-14.9315
702592,富喬國票5C購01,2026-07-24,0.83,-0.19,-18.63,152000000,0,綠增,否,,1.0,1.43,1.95,,-46.1207,-35.0614,-11.7262
702593,富喬國票62購01,2026-07-24,0.88,-0.16,-15.38,23000000,0,綠縮,是,,1.03,1.39,1.88,,-41.049,-32.8516,-11.8227
702605,系統電元大5C購01,2026-07-24,0.17,-0.02,-10.53,15000000,0,,是,,0.3,0.37,0.47,,-31.6742,-20.5128,
702611,高技元大5C購01,2026-07-24,0.18,-0.17,-48.57,22000000,0,綠縮,是,,0.21,0.4,0.56,,-64.1892,-31.8644,-22.9702
702641,富喬中信5C購01,2026-07-24,0.15,-0.08,-34.78,2000000,0,,是,,0.27,0.41,0.5,,-50.1845,-31.7647,
702649,富喬永豐59購01,2026-07-24,0.15,-0.1,-40.0,4000000,0,綠縮,否,,0.23,0.46,1.01,,-66.5698,-58.2348,-21.1576
702667,系統電元大5B購01,2026-07-24,0.16,-0.02,-11.11,23000000,0,綠增,否,,0.21,0.27,0.31,,-36.9048,-15.4321,-19.5402
702695,穩懋凱基5A購01,2026-07-24,7.95,-1.3,-14.05,10000000,0,,是,,8.98,12.89,,,-46.5476,-24.7079,
702717,台燿元大59購02,2026-07-24,11.4,-1.5,-11.63,1000000,0,,否,,16.4,,,,,,
702746,精測凱基58購02,2026-07-24,0.68,-0.39,-36.45,40000000,0,,是,,1.57,2.73,4.61,,-59.3911,-48.6624,
702752,台特化統一6C購01,2026-07-24,0.2,-0.03,-13.04,54000000,0,綠增,是,,0.26,0.3,0.33,,-22.807,-11.9186,-8.078
702753,精測統一66購01,2026-07-24,0.77,-0.1,-11.49,10000000,0,,否,,0.85,1.08,1.31,,-35.9091,-20.8333,
702777,精測永豐59購01,2026-07-24,0.61,-0.08,-11.59,59000000,0,,是,,0.72,1.27,,,-60.8743,-36.35,
702802,台特化元大59購01,2026-07-24,0.08,-0.02,-20.0,469000000,0,紅增,是,,0.08,0.09,0.11,,-22.0,-16.0377,-19.3309
702804,良維元大59購01,2026-07-24,0.98,-0.15,-13.27,8000000,0,,否,,1.42,,,,,,
702813,台星科國票58購01,2026-07-24,1.42,-0.11,-7.19,2000000,0,,否,,1.67,2.08,,,-33.0665,-16.6,
702833,高技元富5C購02,2026-07-24,0.33,-0.1,-23.26,31000000,0,綠增,否,,0.61,1.12,1.47,,-63.0938,-32.9756,-25.533
702837,雙鴻中信59購03,2026-07-24,0.38,0.02,5.56,278000000,0,綠轉紅,否,,0.35,0.35,0.46,,-2.2472,-20.362,-16.8642
702878,櫃200群益5B購01,2026-07-24,9.1,-0.2,-2.15,10000000,0,,是,,11.09,,,,,,
702919,高技元大5B購02,2026-07-24,0.14,-0.06,-30.0,17000000,0,,是,,0.26,0.53,0.8,,-67.9012,-36.6864,
702949,順達永豐58購01,2026-07-24,1.7,-0.5,-22.73,4000000,0,,否,,2.01,3.56,4.73,,-60.6416,-33.7302,
702990,華景電元富5C購01,2026-07-24,2.0,-0.02,-0.99,1000000,0,,是,,2.3,3.17,3.79,,-43.0975,-25.0532,
703030,金益鼎凱基5A購01,2026-07-24,0.63,0.0,0.0,12000000,0,,是,,0.65,0.72,0.93,,-18.136,-20.4846,-20.641
703036,元太群益5B購01,2026-07-24,0.87,0.03,3.57,5000000,0,,否,,0.75,0.83,1.0,,-17.5055,-23.1336,
703045,雙鴻中信5C購02,2026-07-24,0.78,0.03,4.0,53000000,0,,否,,0.68,0.77,,,-20.6497,-16.7026,
703047,順達永豐58購02,2026-07-24,0.66,-0.26,-28.26,10000000,0,,否,,0.77,1.48,2.15,,-64.7166,-36.8331,-26.9042
703075,台特化元大5A購01,2026-07-24,0.13,-0.01,-7.14,267000000,0,紅增,否,,0.14,0.15,0.2,,-13.5802,-22.5641,-11.0132
703093,順達中信5B購01,2026-07-24,1.18,-0.2,-14.49,10000000,0,,,,,,,,,,
703132,聖暉*元大5C購01,2026-07-24,2.15,-0.28,-11.52,1000000,0,,是,,2.97,2.75,,,16.9558,30.1325,
703136,博智統一5C購01,2026-07-24,1.08,-0.05,-4.42,29000000,0,,否,,1.14,,,,,,
703137,璟德統一5C購01,2026-07-24,0.15,-0.01,-6.25,13000000,0,綠縮,否,,0.15,0.19,0.33,,-33.913,-31.5412,-19.759
703156,湧德群益58購02,2026-07-24,0.09,-0.1,-52.63,20000000,0,,是,,0.46,0.91,,,-66.0294,,
703207,台燿群益57購02,2026-07-24,29.0,-3.5,-10.77,3000000,0,,是,,40.86,43.49,,,-11.405,-6.9534,
703231,聖暉*凱基58購01,2026-07-24,1.97,-1.0,-33.67,3000000,0,,是,,3.54,3.45,,,5.4264,28.8814,
703249,湧德群益58購03,2026-07-24,0.01,-0.09,-90.0,4000000,0,,否,,0.52,,,,,,
703292,鑫科國票59購01,2026-07-24,1.22,-0.17,-12.23,3000000,0,,是,,2.19,2.63,,,-28.961,5.5711,
703296,威剛群益5B購01,2026-07-24,2.56,0.26,11.3,56000000,0,綠縮,否,,2.37,2.8,3.11,,-26.456,-13.6294,-8.3309
703307,威剛元大59購05,2026-07-24,1.7,0.04,2.41,10000000,0,綠縮,是,,1.68,2.01,2.36,,-28.802,-23.7897,-12.314
703320,鈊象中信61購01,2026-07-24,0.2,-0.07,-25.93,431000000,0,綠增,是,,0.25,0.36,0.38,,-47.6793,-17.3913,-13.2723
703321,伍豐永豐59購01,2026-07-24,0.36,-0.1,-21.74,10000000,0,綠增,否,,0.45,0.69,0.89,,-51.2931,-23.1626,-22.8398
703327,順達永豐59購01,2026-07-24,0.86,-0.05,-5.49,20000000,0,,是,,0.97,1.29,,,-40.3206,-24.3575,
703332,雙鴻永豐59購02,2026-07-24,0.09,0.02,28.57,1000000,0,,否,,0.23,0.37,0.62,,-54.3651,-38.2155,
703343,台星科凱基59購01,2026-07-24,2.63,0.07,2.73,1000000,0,,是,,2.36,3.29,,,-44.2026,-20.3484,
703349,信驊凱基58購01,2026-07-24,19.3,-1.9,-8.96,21000000,0,,是,,16.3,19.59,,,-28.7587,,
703366,威剛國票58購01,2026-07-24,2.57,0.3,13.22,12000000,0,,否,,2.29,3.48,,,-50.9854,-35.4851,
703368,威剛國票59購02,2026-07-24,3.33,0.6,21.98,44000000,0,綠縮,否,,2.85,3.59,4.48,,-33.9815,-23.8803,-13.8037
703371,富喬國票5B購01,2026-07-24,0.2,-0.08,-28.57,60000000,0,綠縮,是,,0.27,0.47,0.78,,-58.8589,-48.1808,-18.3824
703389,富喬統一65購01,2026-07-24,0.21,-0.02,-8.7,80000000,0,綠縮,否,,0.23,0.28,0.36,,-29.878,-27.3437,-9.1371
703404,信驊永豐58購02,2026-07-24,9.9,-1.8,-15.38,100000000,0,,是,,,,,,,,
703407,富喬永豐5A購01,2026-07-24,0.05,-0.03,-37.5,2000000,0,,是,,0.2,0.31,,,-51.4563,,
703419,富喬元大5C購01,2026-07-24,0.27,-0.04,-12.9,21000000,0,綠增,否,,0.36,0.48,0.63,,-39.8671,-28.4866,-10.3004
703420,富喬元大61購02,2026-07-24,0.3,-0.06,-16.67,160000000,0,綠縮,是,,0.31,0.47,0.58,,-50.4732,-30.4985,-17.7431
703436,台特化兆豐59購01,2026-07-24,0.03,0.0,0.0,50000000,0,,是,,0.03,0.04,0.09,,-31.8182,-57.9545,-34.7985
703441,晟田國票59購01,2026-07-24,5.6,1.32,30.84,3000000,0,紅增,否,,5.02,4.69,3.26,,15.1376,34.654,42.2222
703454,欣銓永豐59購02,2026-07-24,2.34,-0.41,-14.91,23000000,0,,否,,2.76,2.95,,,-11.7572,-10.4559,
703465,台特化統一71購01,2026-07-24,0.29,-0.02,-6.45,50000000,0,綠增,否,,0.31,0.37,0.4,,-25.7143,-13.8824,-10.6904
703468,宏捷科統一71購01,2026-07-24,0.54,-0.02,-3.57,168000000,0,綠縮,否,,0.55,0.6,0.69,,-15.4799,-14.2446,-11.4046
703470,欣銓統一5C購01,2026-07-24,1.8,-0.21,-10.45,1000000,0,,是,,2.06,2.27,2.16,,-17.0692,-1.1314,-1.8846
703473,欣銓統一6C購01,2026-07-24,1.28,-0.02,-1.54,20000000,0,綠縮,是,,1.24,1.35,1.42,,-15.0892,-9.4086,-2.3408
703477,雙鴻統一61購04,2026-07-24,0.28,0.08,40.0,1000000,0,綠縮,否,,0.22,0.22,0.28,,-5.2174,-18.5455,-12.1875
703480,穩懋統一5C購01,2026-07-24,4.61,-0.64,-12.19,3000000,0,,否,,5.36,,,,,,
703514,新應材國泰58購02,2026-07-24,0.01,-0.02,-66.67,10000000,0,,否,,0.19,0.33,0.62,,-60.5042,-41.8564,
703522,矽科富邦59購01,2026-07-24,0.27,-0.02,-6.9,2000000,0,綠縮,否,,0.29,0.35,0.53,,-28.4314,-38.1625,-5.8824
703528,系統電元大5A購01,2026-07-24,0.06,-0.03,-33.33,100000000,0,綠縮,否,,0.08,0.17,0.33,,-68.7023,-50.4323,-31.1594
703548,聖暉*元大59購02,2026-07-24,3.01,-0.76,-20.16,4000000,0,綠增,否,,3.58,3.78,4.22,,-10.1457,-19.0751,3.3064
703581,臺慶科凱基5C購01,2026-07-24,2.76,-0.25,-8.31,80000000,0,綠縮,否,,3.02,4.18,6.74,,-43.4294,-39.1355,-18.4306
703589,佶優元富5A購01,2026-07-24,0.47,0.23,95.83,1000000,0,綠縮,否,,0.44,0.52,0.7,,-25.2525,-27.1067,-13.3538
703599,世禾國票59購01,2026-07-24,0.11,-0.04,-26.67,334000000,0,綠增,否,,0.16,0.26,0.32,,-56.044,-29.7587,-19.3225
703602,亞電國票58購01,2026-07-24,4.08,-2.07,-33.66,1000000,0,紅縮,否,,5.06,3.71,3.87,,114.2373,17.6396,20.9622
703605,矽科國票58購01,2026-07-24,0.01,-0.01,-50.0,1150000000,0,,是,,0.03,0.08,0.22,,-80.8824,-68.8462,
703606,青雲國票58購01,2026-07-24,61.5,1.0,1.65,20000000,0,,是,,61.4,70.2,,,-22.2785,,
703611,崴寶國票58購01,2026-07-24,0.19,-0.11,-36.67,180000000,0,,是,,0.43,0.73,1.14,,-57.6998,-38.9632,
703616,矽科統一6C購01,2026-07-24,0.57,0.0,0.0,5000000,0,,否,,0.58,0.62,0.64,,-10.1852,-7.7961,
703618,長科*統一64購01,2026-07-24,1.19,-0.17,-12.5,2000000,0,綠縮,否,,1.26,1.52,1.77,,-28.9888,-20.1888,-11.5971
703619,家登統一6C購01,2026-07-24,0.7,-0.06,-7.89,54000000,0,綠增,否,,0.76,0.81,0.88,,-11.6822,-11.7196,-5.5884
703622,台星科凱基59購02,2026-07-24,1.67,0.04,2.45,1000000,0,,否,,1.48,2.43,3.02,,-56.1611,-26.4688,
703628,博智凱基59購02,2026-07-24,4.36,-0.4,-8.4,12000000,0,,,,,,,,,,
703630,聖暉*凱基59購01,2026-07-24,4.01,-0.5,-11.09,10000000,0,,否,,4.24,5.5,5.24,,-37.3227,-12.3547,7.1714
703632,穩懋凱基5C購01,2026-07-24,6.7,-1.1,-14.1,17000000,0,,否,,7.22,8.35,,,-23.8397,-27.9551,
703639,台特化國票5A購01,2026-07-24,0.02,0.0,0.0,101000000,0,,是,,0.03,0.06,,,-66.6667,-56.8345,
703648,宜鼎元大5A購02,2026-07-24,4.31,0.11,2.62,2000000,0,,否,,6.68,,,,,,
703652,湧德元大61購01,2026-07-24,0.46,-0.05,-9.8,84000000,0,,是,,0.53,0.64,,,-29.2225,,
703660,聖暉*元大5C購02,2026-07-24,2.97,-0.12,-3.88,2000000,0,,否,,2.58,2.13,,,54.6108,,
703664,家登凱基59購03,2026-07-24,0.74,-0.27,-26.73,30000000,0,,否,,1.18,1.89,2.32,,-54.6923,-31.0584,
703684,聖暉*元大5A購02,2026-07-24,1.73,-0.47,-21.36,6000000,0,綠增,否,,2.06,2.34,2.82,,-21.2701,-24.4258,-0.0354
703688,金益鼎國票58購01,2026-07-24,0.02,-0.01,-33.33,20000000,0,,否,,0.09,0.33,0.79,,-83.2143,-55.3888,
703747,弘塑永豐59購02,2026-07-24,3.49,0.3,9.4,10000000,0,,否,,4.14,,,,,,
703754,原相永豐59購01,2026-07-24,1.03,0.07,7.29,30000000,0,綠縮,否,,0.88,1.1,1.73,,-32.8767,-42.7529,-13.1308
703759,崴寶永豐59購01,2026-07-24,0.55,-0.06,-9.84,50000000,0,,是,,0.81,1.12,,,-43.2357,-26.1012,
703767,譜瑞永豐59購01,2026-07-24,0.61,0.0,0.0,410000000,0,,是,,0.83,1.66,,,-66.371,,
703776,精材凱基58購01,2026-07-24,18.1,-4.4,-19.56,47000000,0,,否,,18.34,12.54,,,172.2684,,
703785,世界國票61購01,2026-07-24,2.74,-0.64,-18.93,14000000,0,綠增,否,,3.01,3.45,4.22,,-22.6502,-19.0007,-2.2353
703837,系統電元大5B購02,2026-07-24,0.11,-0.02,-15.38,262000000,0,綠縮,否,,0.13,0.23,0.32,,-61.3095,-30.8605,-24.3787
703851,穩懋凱基59購02,2026-07-24,4.23,-2.12,-33.39,2000000,0,,否,,4.5,6.03,9.81,,-40.5341,-39.1546,
703858,廣運富邦59購01,2026-07-24,0.01,0.0,0.0,50000000,0,,否,,0.04,0.14,,,-82.7869,-62.2691,
703862,巨漢統一61購01,2026-07-24,1.2,0.05,4.35,10000000,0,,否,,1.11,1.22,1.32,,-16.3664,-10.9898,-7.1403
703869,捷創統一71購01,2026-07-24,0.25,-0.03,-10.71,30000000,0,,否,,0.29,0.31,,,-9.9379,-18.4,
703873,崴寶統一71購01,2026-07-24,0.85,-0.06,-6.59,25000000,0,綠增,否,,0.91,0.97,1.05,,-13.0518,-7.5901,-5.4702
703874,鉅橡統一61購01,2026-07-24,0.48,-0.1,-17.24,21000000,0,,否,,0.51,0.69,,,-41.8764,-37.01,
703875,鉅橡統一61購02,2026-07-24,0.45,-0.07,-13.46,200000000,0,,是,,0.7,,,,,,
703878,精材統一71購01,2026-07-24,1.94,-0.29,-13.0,1000000,0,紅縮,否,,2.09,2.05,1.75,,4.1916,15.7895,16.9509
703879,臺慶科統一71購01,2026-07-24,1.05,-0.01,-0.94,141000000,0,綠縮,是,,1.04,1.26,1.57,,-30.3763,-25.8083,-8.6387
703893,晟德國票58購01,2026-07-24,0.01,0.0,0.0,4000000,0,,否,,0.02,0.04,,,-72.4138,-54.878,
703904,松瑞藥永豐58購01,2026-07-24,0.17,-0.02,-10.53,70000000,0,,否,,0.26,0.32,0.35,,-30.3191,-6.1765,-12.7633
703917,耀勝凱基5A購01,2026-07-24,0.01,-0.04,-80.0,6000000,0,,否,,0.23,0.32,,,-45.1456,,
703918,宇峻國票58購01,2026-07-24,0.03,0.01,50.0,499000000,0,,是,,0.12,0.18,0.25,,-52.0661,-35.3791,
703921,神準國票59購01,2026-07-24,0.12,0.03,33.33,11000000,0,綠縮,否,,0.14,0.19,0.24,,-43.9024,-23.8095,-20.7921
703927,東捷國泰58購02,2026-07-24,9.6,-1.8,-15.79,1000000,0,,,,,,,,,,
703959,精材永豐58購01,2026-07-24,9.35,-2.55,-21.43,2000000,0,,是,,7.21,,,,,,
703962,中美晶統一61購01,2026-07-24,1.97,-0.16,-7.51,10000000,0,紅轉綠,否,,2.31,2.39,1.9,,-6.9355,22.2052,22.6317
703963,中探針統一71購01,2026-07-24,3.59,-0.51,-12.44,39000000,0,,是,,4.66,5.64,6.29,,-29.577,-17.0441,-8.2044
703964,世禾統一65購01,2026-07-24,0.32,-0.02,-5.88,184000000,0,綠增,否,,0.35,0.4,0.41,,-22.2222,-9.0909,-8.613
703965,世界統一5B購01,2026-07-24,1.22,-0.19,-13.48,1000000,0,,是,,1.46,1.77,1.63,,-30.3349,-3.9545,
703966,台半統一71購01,2026-07-24,1.16,-0.07,-5.69,106000000,0,,是,,1.38,1.47,,,-10.5943,,
703967,台半統一71購02,2026-07-24,0.84,-0.09,-9.68,50000000,0,綠縮,是,,0.89,1.13,1.34,,-34.7507,-24.1588,-3.8765
703968,台星科統一71購01,2026-07-24,0.78,0.0,0.0,345000000,0,綠縮,是,,0.77,0.8,0.89,,-7.2289,-11.1111,-3.842
703975,佶優統一71購01,2026-07-24,0.43,-0.01,-2.27,102000000,0,綠縮,是,,0.45,0.51,0.6,,-22.7586,-18.9274,-7.7395
703980,順達統一61購01,2026-07-24,0.82,-0.03,-3.53,18000000,0,綠縮,是,,0.79,0.98,1.0,,-32.363,-7.9887,-7.717
703984,廣明統一61購01,2026-07-24,0.05,0.0,0.0,10000000,0,,是,,0.07,0.09,0.12,,-37.037,-32.3077,
704000,穩懋凱基59購03,2026-07-24,4.91,-0.19,-3.73,20000000,0,,,,,,,,,,
704001,宇峻國泰58購01,2026-07-24,0.29,0.08,38.1,10000000,0,,否,,0.4,0.6,,,-50.25,-36.6808,
704011,元太統一61購01,2026-07-24,0.58,0.02,3.57,10000000,0,綠轉紅,否,,0.5,0.54,0.65,,-15.8784,-21.5827,-10.5372
704012,世禾統一71購01,2026-07-24,0.4,-0.02,-4.76,1000000,0,,否,,0.43,0.47,0.49,,-14.741,-4.321,
704013,台半統一61購01,2026-07-24,0.92,-0.13,-12.38,9000000,0,,否,,1.4,1.48,,,-9.7686,-2.8871,
704016,巨漢統一61購02,2026-07-24,0.89,-0.03,-3.26,273000000,0,,是,,0.91,1.05,,,-23.6088,-11.5059,
704021,矽科統一61購01,2026-07-24,0.43,-0.05,-10.42,268000000,0,綠增,否,,0.47,0.5,0.56,,-11.7424,-13.7153,-0.1776
704023,金益鼎統一61購01,2026-07-24,0.32,0.0,0.0,6000000,0,,否,,0.38,0.47,0.59,,-30.5455,-21.0169,
704029,穩懋統一71購02,2026-07-24,1.69,0.0,0.0,1000000,0,,否,,1.51,1.65,2.13,,-15.6425,-20.2128,
704046,台星科群益5A購01,2026-07-24,1.24,-0.12,-8.82,189000000,0,,是,,1.36,1.78,1.94,,-38.1603,-15.4212,
704051,信驊群益61購01,2026-07-24,5.9,-0.75,-11.28,7000000,0,,否,,5.65,5.78,,,-4.3036,-12.7775,
704060,世界永豐59購02,2026-07-24,1.66,-0.33,-16.58,4000000,0,綠縮,否,,1.77,2.14,2.79,,-29.9206,-28.733,-2.3105
704062,巨漢永豐59購01,2026-07-24,1.54,0.11,7.69,50000000,0,,否,,1.85,,,,,,
704080,世禾富邦5C購01,2026-07-24,0.18,-0.01,-5.26,350000000,0,綠增,是,,0.2,0.25,0.28,,-33.1126,-18.4466,-9.6308
704081,家登富邦59購02,2026-07-24,0.87,-0.26,-23.01,30000000,0,綠增,否,,1.03,1.22,1.49,,-27.5035,-24.3193,-10.0904
704090,台半統一71購03,2026-07-24,1.07,0.0,0.0,21000000,0,,否,,1.11,1.45,1.4,,-38.0313,-4.4224,
704091,巨漢統一71購02,2026-07-24,0.99,0.05,5.32,71000000,0,綠縮,否,,0.96,1.02,1.07,,-12.4542,-7.5812,-4.2857
704094,佳邦統一71購01,2026-07-24,0.32,-0.02,-5.88,35000000,0,綠縮,否,,0.34,0.39,0.44,,-22.1198,-18.5654,-9.2119
704096,金山電統一71購01,2026-07-24,1.41,0.09,6.82,82000000,0,,是,,1.38,1.66,1.93,,-28.6894,-24.3736,
704100,信昌電統一71購01,2026-07-24,1.33,-0.19,-12.5,2000000,0,綠縮,是,,1.54,2.07,2.63,,-41.1945,-29.2874,-5.6085
704105,精材統一5B購01,2026-07-24,3.88,-0.4,-9.35,3000000,0,,是,,3.26,2.77,2.11,,43.058,51.1475,
704106,精材統一64購01,2026-07-24,3.0,-0.13,-4.15,5000000,0,,是,,2.67,2.29,1.84,,39.5811,26.8996,21.7665
704108,璟德統一71購01,2026-07-24,0.33,-0.02,-5.71,90000000,0,綠縮,是,,0.35,0.4,0.58,,-24.1228,-21.8324,-16.3663
704116,茂迪國票58購01,2026-07-24,0.06,-0.31,-83.78,10000000,0,,否,,0.34,0.8,1.0,,-73.2484,-29.37,
704121,擎邦國票58購01,2026-07-24,0.01,-0.01,-50.0,50000000,0,,是,,0.03,0.04,,,-48.0,,
704130,華容群益58購02,2026-07-24,13.4,-2.8,-17.28,12000000,0,紅轉綠,是,,14.36,15.63,11.23,,-15.0296,23.9001,28.9915
704134,鑫科群益5A購01,2026-07-24,0.65,-0.1,-13.33,11000000,0,綠增,是,,0.74,0.95,1.07,,-36.7698,-22.3222,-17.0543
704146,穩懋元大5B購03,2026-07-24,1.27,-0.39,-23.49,32000000,0,,是,,1.33,1.67,,,-33.4995,,
704161,合晶兆豐59購01,2026-07-24,10.8,-1.6,-12.9,10000000,0,,是,,13.14,9.81,,,102.7778,36.8201,
704170,世界元大5A購01,2026-07-24,1.96,-0.32,-14.04,7000000,0,,是,,2.84,2.42,,,42.8141,20.3187,
704181,亞電群益58購02,2026-07-24,2.32,-1.47,-38.79,10000000,0,,是,,3.06,2.63,2.3,,40.0366,4.5798,
704202,鑫科永豐61購01,2026-07-24,0.69,-0.03,-4.17,2000000,0,,否,,1.06,1.12,1.16,,-10.339,6.673,
704203,中美晶統一71購01,2026-07-24,1.37,-0.28,-16.97,13000000,0,紅轉綠,否,,1.61,1.7,1.44,,-9.8655,9.0675,10.6964
704204,元太統一61購02,2026-07-24,0.83,0.04,5.06,629000000,0,綠轉紅,是,,0.78,0.79,0.88,,-1.7544,-9.9089,-3.6085
704205,世紀*統一61購01,2026-07-24,0.05,-0.01,-16.67,10000000,0,綠增,否,,0.07,0.1,0.11,,-48.4848,-27.0073,-4.7009
704207,合晶統一71購01,2026-07-24,3.66,-0.49,-11.81,144000000,0,綠增,否,,4.23,4.83,4.2,,-21.9476,2.3754,10.982
704211,宜鼎統一63購01,2026-07-24,2.25,-0.01,-0.44,18000000,0,綠縮,否,,2.08,2.28,2.91,,-16.3446,-19.5982,-14.4953
704214,旺矽統一71購01,2026-07-24,3.6,-0.22,-5.76,3000000,0,綠縮,是,,3.57,3.79,4.04,,-10.7838,-9.0036,0.1737
704215,松瑞藥統一61購01,2026-07-24,0.42,-0.01,-2.33,51000000,0,,是,,0.43,0.44,0.44,,-3.9823,1.373,
704218,信昌電統一71購02,2026-07-24,1.75,-0.25,-12.5,19000000,0,綠縮,是,,1.94,2.44,3.0,,-33.9006,-27.8747,-10.4164
704220,家登統一71購01,2026-07-24,0.65,-0.05,-7.14,27000000,0,綠增,否,,0.68,0.72,0.8,,-10.9661,-12.4547,-3.8577
704221,高鋒統一61購01,2026-07-24,0.22,-0.02,-8.33,6000000,0,綠縮,是,,0.24,0.28,0.34,,-25.4658,-19.943,-14.5939
704237,世界元大5A購02,2026-07-24,1.63,-0.21,-11.41,1000000,0,,是,,1.65,1.95,2.43,,-27.1036,-26.864,
704244,富喬元大5A購01,2026-07-24,0.22,-0.08,-26.67,201000000,0,綠增,是,,0.34,0.55,0.81,,-56.1358,-41.6314,-16.3994
704256,富喬永豐5B購01,2026-07-24,0.17,-0.15,-46.88,60000000,0,,是,,0.54,0.7,,,-37.788,-11.6688,
704257,富喬永豐5C購01,2026-07-24,0.27,-0.06,-18.18,96000000,0,綠縮,是,,0.32,0.47,0.74,,-48.7179,-41.8719,-15.6374
704258,富喬永豐64購01,2026-07-24,0.48,-0.12,-20.0,66000000,0,綠縮,否,,0.57,0.76,1.09,,-39.3235,-36.4017,-11.8768
704261,世界兆豐59購02,2026-07-24,0.98,-0.44,-30.99,8000000,0,,是,,1.18,1.8,,,-51.1993,-8.8191,
704280,世界統一71購02,2026-07-24,0.63,-0.07,-10.0,85000000,0,綠增,否,,0.66,0.72,0.85,,-15.3846,-17.2414,-2.1764
704287,富喬統一61購01,2026-07-24,0.08,-0.03,-27.27,13000000,0,綠縮,否,,0.11,0.16,0.25,,-50.4587,-39.1791,-13.8596
704289,富喬統一61購03,2026-07-24,0.31,-0.03,-8.82,10000000,0,,是,,0.37,0.49,0.54,,-39.7394,-16.3265,
704290,富喬統一61購04,2026-07-24,0.12,0.03,33.33,30000000,0,綠縮,否,,0.14,0.25,0.33,,-60.0,-39.8034,-15.3359
704294,富喬統一71購01,2026-07-24,0.28,-0.03,-9.68,95000000,0,綠增,否,,0.31,0.36,0.44,,-25.9615,-22.8145,-8.3938
704295,富喬統一71購02,2026-07-24,0.25,-0.03,-10.71,66000000,0,綠縮,否,,0.27,0.32,0.39,,-24.3094,-24.105,-7.9906
704312,世界元大58購01,2026-07-24,0.45,-0.25,-35.71,2000000,0,,是,,0.95,1.38,1.13,,-47.6295,4.697,
704328,高鋒國泰58購01,2026-07-24,0.01,-0.01,-50.0,80000000,0,,是,,0.08,0.36,,,-87.9257,,
704339,精測群益59購02,2026-07-24,0.44,-0.04,-8.33,20000000,0,綠縮,否,,0.48,0.77,1.39,,-54.9906,-46.304,-21.6657
704340,點序群益59購02,2026-07-24,0.01,-0.02,-66.67,100000000,0,,否,,0.11,0.23,,,-67.6301,-56.381,
704346,精測富邦59購01,2026-07-24,0.67,-0.16,-19.28,609000000,0,,否,,0.73,,,,,,
704351,精測統一61購01,2026-07-24,0.36,-0.08,-18.18,20000000,0,綠縮,否,,0.41,0.43,0.56,,-10.1322,-18.3712,-16.6174
704352,精測統一61購02,2026-07-24,0.47,-0.03,-6.0,15000000,0,,是,,0.46,0.61,0.75,,-39.314,-28.3529,
704353,精測統一71購01,2026-07-24,0.94,-0.14,-12.96,366000000,0,綠縮,否,,1.0,1.03,1.23,,-6.729,-13.4728,-12.2376
704362,雷科永豐59購02,2026-07-24,7.3,-0.45,-5.81,5000000,0,綠增,是,,9.55,10.51,10.69,,-16.6667,-12.7492,1.3754
704365,精測永豐5A購01,2026-07-24,0.65,0.0,0.0,10000000,0,綠縮,否,,0.64,0.97,1.61,,-50.541,-44.1686,-18.3482
704370,世界國票5B購01,2026-07-24,1.0,-0.22,-18.03,321000000,0,綠增,否,,1.1,1.29,1.75,,-26.1104,-28.1424,-4.1906
704373,精測國票5A購01,2026-07-24,0.32,-0.19,-37.25,2000000,0,,否,,0.38,0.59,1.1,,-52.0,-52.4498,-18.6598
704374,精測國票5A購02,2026-07-24,0.37,-0.08,-17.78,14000000,0,綠縮,否,,0.38,0.58,0.9,,-50.3876,-38.3387,-18.8204
704387,家登國泰58購02,2026-07-24,0.8,-0.31,-27.93,85000000,0,綠增,是,,1.16,1.66,2.54,,-46.2604,-40.0864,-15.9159
704396,順達元大5A購05,2026-07-24,3.42,-0.3,-8.06,26000000,0,,否,,3.44,3.82,,,-18.0172,-3.3662,
704401,信昌電富邦5C購01,2026-07-24,4.01,-0.29,-6.74,3000000,0,,是,,5.21,8.06,8.2,,-52.1651,-21.8147,-4.9188
704404,精測統一5C購01,2026-07-24,0.38,-0.05,-11.63,10000000,0,,否,,0.53,0.97,0.99,,-62.695,-21.8725,
704406,亞電永豐59購01,2026-07-24,2.37,-1.16,-32.86,21000000,0,紅縮,否,,3.1,2.44,2.61,,75.7644,16.5072,2.1884
704409,精測永豐5A購02,2026-07-24,0.3,-0.11,-26.83,40000000,0,,否,,0.34,0.58,1.02,,-58.6797,-50.1724,-19.0362
704418,精測群益59購03,2026-07-24,0.3,0.02,7.14,10000000,0,,否,,0.25,0.73,1.15,,-79.5082,-48.2759,-21.1161
704434,宏捷科凱基58購02,2026-07-24,0.16,-0.05,-23.81,51000000,0,,是,,0.22,0.57,1.11,,-76.7742,-55.0588,
704443,能率亞國票58購02,2026-07-24,0.49,-0.09,-15.52,1275000000,0,綠縮,是,,0.53,0.61,0.82,,-23.1884,-26.5945,-12.3728
704463,長科*凱基58購01,2026-07-24,1.64,0.99,152.31,1000000,0,,是,,1.04,2.46,,,-73.1544,-31.7121,
704469,凡甲國票58購01,2026-07-24,0.58,-0.06,-9.38,10000000,0,,否,,0.8,1.31,,,-55.9956,,
704473,系統電國票58購02,2026-07-24,0.01,-0.01,-50.0,229000000,0,綠增,否,,0.1,0.15,0.28,,-50.495,-44.0741,-42.0168
704475,亞電國票58購02,2026-07-24,0.74,-0.68,-47.89,140000000,0,紅縮,否,,1.43,1.03,1.17,,128.3439,20.1632,-6.72
704481,中探針元大61購01,2026-07-24,3.79,-0.73,-16.15,10000000,0,,是,,4.63,6.6,7.6,,-45.9743,-19.0681,
704507,亞電永豐5B購01,2026-07-24,1.65,-0.56,-25.34,285000000,0,紅縮,否,,2.16,1.86,1.77,,38.4123,15.8681,-0.253
704525,亞電群益58購03,2026-07-24,3.3,0.4,13.79,1000000,0,,是,,3.12,2.64,2.32,,44.4856,45.2643,
704526,能率群益59購01,2026-07-24,0.06,-0.11,-64.71,10000000,0,,是,,0.19,0.27,0.32,,-44.5714,-11.9741,
704534,台半統一5C購04,2026-07-24,0.93,-0.14,-13.08,5000000,0,綠增,是,,1.07,1.75,2.07,,-56.1216,-32.0,-3.2477
704536,尼克森統一5B購01,2026-07-24,1.31,-0.11,-7.75,5000000,0,,否,,1.94,2.15,1.94,,-17.7419,-2.1422,3.4142
704539,竹陞統一64購01,2026-07-24,1.44,0.01,0.7,55000000,0,,是,,1.45,1.47,1.57,,-2.1592,-4.3705,
704543,宜鼎統一66購01,2026-07-24,1.55,0.01,0.65,5000000,0,綠縮,是,,1.5,1.78,2.28,,-27.6329,-25.7595,-13.1989
704544,宜鼎統一71購02,2026-07-24,1.39,-0.04,-2.8,50000000,0,綠縮,否,,1.35,1.55,1.89,,-22.795,-21.3123,-11.1919
704546,長科*統一71購01,2026-07-24,0.7,-0.01,-1.41,20000000,0,綠縮,否,,0.7,0.8,0.95,,-21.4765,-19.1489,-11.2722
704547,佶優統一61購02,2026-07-24,0.17,-0.03,-15.0,6000000,0,,是,,0.24,0.33,0.37,,-42.3077,-21.7184,-13.6891
704549,茂迪統一5B購01,2026-07-24,0.53,-0.04,-7.02,22000000,0,,是,,0.58,0.63,0.82,,-16.2319,-26.7898,-13.1985
704550,能率亞統一61購02,2026-07-24,0.68,-0.01,-1.45,10000000,0,綠縮,是,,0.68,0.7,0.76,,-6.6298,-8.6162,-2.5674
704552,順達統一63購01,2026-07-24,1.08,-0.06,-5.26,5000000,0,綠增,是,,1.19,1.32,1.35,,-17.4274,-6.9767,-4.2817
704553,雍智統一71購01,2026-07-24,3.2,-0.48,-13.04,10000000,0,,是,,3.88,4.79,4.87,,-31.7399,-10.5234,
704590,能率亞統一63購01,2026-07-24,0.68,-0.02,-2.86,340000000,0,綠增,是,,0.69,0.71,0.76,,-5.1913,-7.0404,-2.4904
704591,能率亞統一71購02,2026-07-24,0.93,-0.03,-3.12,1000000,0,綠增,否,,0.95,0.96,1.0,,-2.4742,-4.4865,-2.0588
704592,能率統一71購01,2026-07-24,0.49,-0.01,-2.0,23000000,0,,是,,0.61,0.62,,,-3.5032,1.8152,
704618,宜鼎群益59購01,2026-07-24,4.32,0.76,21.35,12000000,0,,否,,5.92,7.55,,,-35.4198,,
704620,博智群益5B購01,2026-07-24,2.91,-0.29,-9.06,10000000,0,,否,,3.21,,,,,,
704628,中光電統一61購01,2026-07-24,0.28,0.03,12.0,6000000,0,,否,,0.3,0.34,,,-20.2128,,
704629,智通*統一61購01,2026-07-24,0.51,-0.01,-1.92,70000000,0,,是,,0.58,0.55,,,10.687,14.5228,
704638,廣運永豐61購01,2026-07-24,0.14,-0.04,-22.22,4000000,0,,否,,0.14,0.19,0.27,,-43.8017,-25.2964,
704665,鈊象元大5C購01,2026-07-24,0.71,-0.06,-7.79,520000000,0,綠縮,是,,0.74,0.79,0.94,,-11.2172,-20.1816,-10.7312
704668,穩得元大5B購01,2026-07-24,0.59,-0.06,-9.23,245000000,0,,是,,0.81,,,,,,
704675,擎亞群益57購02,2026-07-24,16.9,-1.9,-10.11,30000000,0,,否,,24.76,,,,,,
704678,中光電永豐59購01,2026-07-24,0.55,0.0,0.0,837000000,0,,否,,0.67,0.97,0.98,,-47.3354,-26.546,3.5941
704685,穩懋永豐5A購02,2026-07-24,3.13,-0.84,-21.16,67000000,0,,否,,3.72,4.75,,,-35.8204,-39.6827,
704687,M31凱基5A購01,2026-07-24,0.45,0.02,4.65,27000000,0,,是,,0.43,0.67,0.96,,-53.3917,-36.7328,-31.324
704690,竹陞凱基59購01,2026-07-24,1.49,-0.32,-17.68,140000000,0,綠增,是,,1.54,1.84,1.99,,-28.0636,-10.3852,-17.4767
704733,鑫聯永豐5A購01,2026-07-24,1.72,-0.12,-6.52,27000000,0,綠增,是,,1.81,2.2,2.39,,-29.8531,-14.5963,-9.8224
704743,竹陞國票59購01,2026-07-24,0.8,-0.72,-47.37,83000000,0,紅轉綠,否,,1.4,1.24,1.48,,28.022,-12.3239,-8.666
704768,沛亨永豐59購02,2026-07-24,1.22,0.22,22.0,10000000,0,,是,,,,,,,,
704775,博智群益62購01,2026-07-24,2.28,-0.27,-10.59,15000000,0,綠縮,否,,2.22,2.59,3.23,,-25.1857,-21.1632,-9.009
704781,點序群益62購01,2026-07-24,0.15,-0.03,-16.67,50000000,0,,是,,0.24,0.33,0.45,,-40.9756,-30.1927,-29.3385
704787,信驊凱基61購01,2026-07-24,10.4,-0.7,-6.31,10000000,0,,否,,9.11,10.65,,,-25.3279,,
704791,擎亞凱基58購04,2026-07-24,6.05,0.3,5.22,440000000,0,綠縮,否,,5.92,8.13,8.66,,-42.7466,-17.9202,-0.5282
704800,世界元大58購07,2026-07-24,0.8,-0.52,-39.39,45000000,0,,是,,0.99,1.54,1.67,,-52.6871,-31.2584,-5.1151
704804,弘塑元大59購03,2026-07-24,2.87,-0.61,-17.53,31000000,0,,是,,3.95,4.71,4.8,,-27.7514,-10.0096,
704805,均華元大58購02,2026-07-24,0.02,-0.18,-90.0,2000000,0,,是,,0.73,0.81,,,-19.6903,-52.5611,
704807,宜鼎元大5A購04,2026-07-24,4.01,-0.31,-7.18,10000000,0,,否,,3.88,,,,,,
704808,信驊元大58購01,2026-07-24,3.22,-0.43,-11.78,100000000,0,綠縮,是,,2.87,3.88,4.47,,-41.1957,-18.1166,-13.4539
704815,擎亞元大58購03,2026-07-24,2.25,0.0,0.0,100000000,0,綠縮,否,,2.15,2.62,2.85,,-30.491,-17.4323,-2.1456
704831,信驊國票5C購01,2026-07-24,4.55,-0.37,-7.52,19000000,0,,是,,4.28,3.96,,,17.2697,-17.1094,
704837,磐儀國票59購01,2026-07-24,0.56,-0.09,-13.85,103000000,0,紅增,否,,0.47,0.51,0.52,,-15.2727,-13.7521,2.1675
704838,擎亞國票58購03,2026-07-24,4.4,-0.11,-2.44,15000000,0,綠縮,是,,4.26,5.63,5.79,,-39.2,-14.4681,4.2312
704839,擎亞國票5A購01,2026-07-24,3.71,-0.09,-2.37,10000000,0,綠增,是,,3.97,5.08,4.9,,-35.832,-9.7994,2.6528
704842,台星科富邦5B購01,2026-07-24,0.57,0.0,0.0,628000000,0,,否,,0.53,0.66,0.87,,-31.8878,-26.859,
704845,信驊富邦5B購01,2026-07-24,4.94,-0.21,-4.08,8000000,0,,是,,4.26,4.42,,,-6.9838,,
704846,智通*富邦5A購01,2026-07-24,0.46,-0.05,-9.8,343000000,0,綠增,否,,0.53,0.59,0.57,,-18.0982,-3.2626,3.0
704852,雙鴻富邦5A購01,2026-07-24,0.71,0.03,4.41,1670000000,0,綠縮,是,,0.64,0.75,1.03,,-24.2353,-26.8364,-24.7072
704880,榮剛富邦5A購01,2026-07-24,0.31,-0.04,-11.43,22000000,0,綠增,否,,0.35,0.4,0.48,,-22.2222,-17.5258,-15.1754
704881,譜瑞兆豐62購01,2026-07-24,1.9,-0.15,-7.32,25000000,0,紅縮,否,,2.24,2.37,2.59,,-10.6145,-8.4844,-10.4563
704882,朋億*國票59購01,2026-07-24,1.64,-0.26,-13.68,24000000,0,綠增,否,,2.05,2.45,2.9,,-28.2913,-23.8036,9.451
704883,能率國票59購01,2026-07-24,0.12,-0.03,-20.0,185000000,0,綠縮,否,,0.17,0.31,0.51,,-63.1111,-48.581,-19.5566
704885,雙鴻國票59購02,2026-07-24,0.19,-0.06,-24.0,5000000,0,,是,,0.67,,,,,,
704896,台星科統一62購01,2026-07-24,0.65,0.02,3.17,262000000,0,綠縮,否,,0.61,0.68,0.78,,-19.2612,-16.6667,-5.5455
704900,茂達統一62購01,2026-07-24,0.9,0.03,3.45,248000000,0,綠縮,否,,0.87,0.99,1.13,,-20.5455,-20.9135,-0.221
704903,智通*統一68購01,2026-07-24,0.55,-0.05,-8.33,80000000,0,綠增,否,,0.61,0.63,0.6,,-6.4815,0.0,3.6942
704906,穩懋統一72購02,2026-07-24,1.33,-0.11,-7.64,203000000,0,,否,,1.36,,,,,,
704907,鑫聯統一62購01,2026-07-24,0.76,-0.01,-1.3,10000000,0,,否,,0.78,0.84,,,-12.6949,,
704915,穩懋凱基5B購02,2026-07-24,4.26,-0.11,-2.52,59000000,0,,是,,3.9,,,,,,
704916,中光電元大58購07,2026-07-24,0.24,-0.06,-20.0,7000000,0,綠增,否,,0.65,1.05,0.73,,-55.2198,4.6673,9.506
704921,印能元大58購02,2026-07-24,8.7,0.65,8.07,3000000,0,,是,,7.73,,,,,,
704926,宜鼎元大58購05,2026-07-24,4.68,-0.37,-7.33,5000000,0,,否,,8.96,,,,,,
704937,茂迪富邦61購01,2026-07-24,0.39,-0.04,-9.3,37000000,0,綠增,否,,0.43,0.47,0.54,,-14.2857,-14.4424,-17.9138
704944,印能統一65購01,2026-07-24,1.9,0.03,1.6,19000000,0,,是,,1.67,1.67,1.85,,-0.1196,-7.4238,
704948,雙鴻統一5C購01,2026-07-24,0.32,-0.03,-8.57,2000000,0,綠縮,是,,0.3,0.37,0.49,,-31.5315,-23.2033,-16.0851
704949,雙鴻統一65購01,2026-07-24,0.35,0.03,9.38,1000000,0,,否,,0.33,0.4,0.52,,-31.5126,-23.4733,
704952,鑫聯統一72購01,2026-07-24,0.96,-0.03,-3.03,15000000,0,,否,,1.03,1.02,,,2.1912,-12.0451,
704954,系微兆豐62購01,2026-07-24,2.31,-0.14,-5.71,68000000,0,,是,,2.56,3.35,,,-38.1274,,
704980,茂迪元富58購01,2026-07-24,0.21,-0.05,-19.23,10000000,0,綠縮,否,,0.32,0.54,1.08,,-58.4856,-49.9076,-28.9664
704983,雙鴻元富5A購02,2026-07-24,0.4,-0.03,-6.98,9000000,0,綠縮,否,,0.4,0.46,0.69,,-22.9008,-29.697,-20.6559
705002,世界富邦5C購02,2026-07-24,0.93,-0.2,-17.7,50000000,0,綠增,是,,1.05,1.16,1.47,,-16.6403,-24.9676,-0.8437
705003,世界統一72購01,2026-07-24,0.82,-0.11,-11.83,299000000,0,綠增,否,,0.87,0.93,1.08,,-11.9675,-15.3425,-2.4401
705008,湧德統一61購03,2026-07-24,0.27,-0.09,-25.0,2000000,0,綠增,是,,0.36,0.44,0.47,,-32.3194,-14.0351,-19.7436
705009,穩懋統一72購03,2026-07-24,1.56,-0.18,-10.34,130000000,0,,是,,1.59,1.96,,,-31.2931,,
705010,穩懋統一72購04,2026-07-24,1.35,-0.14,-9.4,1296000000,0,綠縮,是,,1.37,1.51,1.84,,-17.3703,-14.9438,-13.7108
705015,穩懋永豐59購04,2026-07-24,2.91,-1.4,-32.48,27000000,0,,是,,3.85,,,,,,
705023,雙鴻凱基5C購01,2026-07-24,0.75,0.04,5.63,544000000,0,綠縮,是,,0.68,0.83,1.08,,-30.5328,-27.8989,-20.6414
705029,金山電群益5A購01,2026-07-24,6.5,-1.25,-16.13,38000000,0,,是,,13.92,,,,,,
705042,博大國票59購01,2026-07-24,0.37,0.0,0.0,289000000,0,綠增,是,,0.4,0.6,0.64,,-49.2462,-29.3286,-1.8279
705046,世界國票59購02,2026-07-24,1.5,-1.02,-40.48,10000000,0,,否,,1.89,3.43,3.32,,-62.1285,-22.2952,-7.811
705048,系微國票59購01,2026-07-24,0.36,-0.08,-18.18,291000000,0,綠縮,否,,0.46,0.75,1.47,,-55.2124,-47.9528,-19.3035
705050,茂迪國票59購02,2026-07-24,0.05,-0.01,-16.67,499000000,0,綠縮,是,,0.08,0.13,0.25,,-54.023,-51.711,-28.3898
705052,精測國票59購05,2026-07-24,0.04,0.0,0.0,885000000,0,綠縮,是,,0.04,0.07,0.19,,-55.3191,-56.4103,-42.2619
705053,精測國票59購06,2026-07-24,0.03,-0.02,-40.0,1502000000,0,綠縮,是,,0.04,0.12,0.32,,-76.5957,-62.8205,-28.3186
705055,宜鼎元大58購06,2026-07-24,2.88,0.41,16.6,2000000,0,,否,,2.43,3.19,,,-38.3485,,
705063,穩懋元大61購02,2026-07-24,1.4,-0.05,-3.45,1000000,0,,是,,1.26,1.7,,,-41.4884,,
705072,新應材凱基5A購01,2026-07-24,0.92,-0.18,-16.36,63000000,0,綠增,否,,1.13,1.48,2.02,,-38.3188,-26.6469,-15.6355
705077,穩懋凱基59購07,2026-07-24,4.87,-0.28,-5.44,20000000,0,,是,,7.17,,,,,,
705081,閎康群益5A購01,2026-07-24,1.42,-0.08,-5.33,100000000,0,,是,,1.5,2.33,2.84,,-52.381,-25.3851,
705084,精測群益62購03,2026-07-24,0.59,-0.11,-15.71,495000000,0,綠縮,否,,0.64,0.71,1.03,,-18.0412,-26.9907,-22.3436
705088,新應材富邦59購01,2026-07-24,0.41,-0.08,-16.33,245000000,0,,是,,0.49,0.59,0.81,,-30.0,-28.4856,
705089,新應材富邦63購01,2026-07-24,0.36,-0.03,-7.69,10000000,0,,否,,0.39,0.45,0.61,,-24.031,-22.9202,
705090,精測富邦5A購01,2026-07-24,0.06,-0.04,-40.0,162000000,0,綠縮,是,,0.07,0.09,0.17,,-45.0,-41.5094,-24.6014
705094,宜特統一62購01,2026-07-24,0.61,0.04,7.02,121000000,0,,否,,0.59,0.68,0.81,,-22.9765,-21.7993,-8.8814
705096,精測統一62購01,2026-07-24,0.2,-0.03,-13.04,20000000,0,綠縮,是,,0.21,0.22,0.31,,-12.5,-21.3287,-15.2566
705097,精測統一64購02,2026-07-24,0.39,-0.05,-11.36,300000000,0,綠增,是,,0.55,0.7,0.78,,-34.1289,-9.9741,-13.024
705100,鑫科統一62購01,2026-07-24,0.52,-0.07,-11.86,8000000,0,綠增,否,,0.58,0.68,0.78,,-25.5814,-20.2128,-6.4342
705108,精測元富5B購01,2026-07-24,0.29,-0.06,-17.14,10000000,0,,是,,0.31,0.42,0.7,,-43.3333,-42.915,-18.5078
705111,系統電永豐61購01,2026-07-24,0.64,-0.06,-8.57,117000000,0,綠縮,否,,0.71,0.91,1.27,,-36.1511,-31.6579,-20.0189
705121,閎康凱基59購01,2026-07-24,1.91,0.38,24.84,15000000,0,,否,,3.15,4.05,,,-36.2055,,
705126,大中統一62購01,2026-07-24,1.63,-0.34,-17.26,25000000,0,,是,,2.09,2.25,,,-13.0724,11.3591,
705128,良維統一72購01,2026-07-24,1.21,-0.03,-2.42,4000000,0,,否,,1.2,1.44,,,-28.4524,-22.4017,
705129,宜特統一72購01,2026-07-24,0.78,0.02,2.63,49000000,0,綠縮,否,,0.79,0.88,0.93,,-17.5,-10.5209,-6.1934
705132,茂迪統一72購02,2026-07-24,0.51,-0.03,-5.56,1000000,0,綠增,否,,0.54,0.56,0.59,,-6.2284,-5.7239,-9.1468
705135,穩懋統一72購05,2026-07-24,1.31,-0.21,-13.82,129000000,0,,是,,1.35,1.69,,,-33.9216,,
705144,岳豐國票59購01,2026-07-24,0.13,-0.01,-7.14,10000000,0,綠增,是,,0.25,0.36,0.55,,-46.8354,-44.1538,-12.5394
705145,長佳智國票59購01,2026-07-24,0.04,-0.01,-20.0,90000000,0,,否,,0.17,0.21,,,-35.3846,,
705147,崴寶國票59購01,2026-07-24,0.31,-0.09,-22.5,160000000,0,,否,,1.0,1.07,,,-12.6316,,
705149,德勝國票59購01,2026-07-24,0.1,-0.02,-16.67,25000000,0,綠縮,是,,0.18,0.31,0.48,,-59.9099,-42.8309,-17.8571
705153,宜鼎元大58購07,2026-07-24,4.22,0.57,15.62,16000000,0,,否,,4.32,5.95,,,-43.1357,,
705175,崴寶凱基59購01,2026-07-24,0.42,-0.11,-20.75,120000000,0,綠增,是,,0.62,0.82,1.21,,-38.9432,-28.4348,-17.6991
705179,雙鴻凱基5C購02,2026-07-24,0.55,0.02,3.77,100000000,0,,是,,0.49,0.63,0.93,,-35.6955,-30.5987,
705181,家登國泰59購01,2026-07-24,2.5,-0.1,-3.85,23000000,0,,是,,3.43,,,,,,
705188,元太統一62購01,2026-07-24,0.68,0.02,3.03,310000000,0,紅增,是,,0.65,0.65,0.75,,-0.3077,-14.941,-4.586
705192,沛亨統一72購01,2026-07-24,1.43,-0.02,-1.38,108000000,0,,是,,1.41,1.68,,,-27.8974,-31.0033,
705193,宜鼎統一72購01,2026-07-24,1.72,0.03,1.78,5000000,0,綠縮,否,,1.51,1.57,1.85,,-7.3801,-12.2689,-10.3205
705194,崴寶統一64購01,2026-07-24,0.55,-0.03,-5.17,2000000,0,,是,,0.67,0.7,,,-7.7348,,
705195,崴寶統一72購01,2026-07-24,0.77,-0.04,-4.94,108000000,0,,是,,0.85,0.9,0.97,,-10.3376,-7.7002,
705196,雙鴻統一72購01,2026-07-24,0.67,0.05,8.06,101000000,0,綠縮,是,,0.61,0.61,0.69,,-0.6536,-10.2941,-8.1403
705197,鑫聯統一65購01,2026-07-24,0.71,-0.01,-1.39,21000000,0,,是,,0.75,0.75,0.82,,1.8919,-2.2251,
705205,鑫聯國票59購03,2026-07-24,1.29,-0.11,-7.86,7000000,0,,是,,1.37,1.59,,,-24.5866,-28.8143,
705206,九豪元大58購01,2026-07-24,1.77,-0.6,-25.32,16000000,0,,是,,2.39,4.85,,,-67.2872,-29.9219,
705211,雙鴻元大58購18,2026-07-24,0.2,0.03,17.65,150000000,0,,是,,0.32,0.37,,,-26.8519,,
705214,神盾永豐5B購01,2026-07-24,0.37,-0.02,-5.13,39000000,0,綠縮,是,,0.38,0.47,0.58,,-31.0469,-28.7671,-14.0969
705222,雙鴻元富5A購05,2026-07-24,0.7,0.08,12.9,2000000,0,,否,,0.63,1.0,1.48,,-53.8799,-31.1249,
705225,穩懋元富5A購03,2026-07-24,5.1,0.5,10.87,2000000,0,,是,,4.51,,,,,,
705233,力旺凱基58購02,2026-07-24,1.69,-0.33,-16.34,53000000,0,,否,,1.79,2.83,,,-53.5954,-47.083,
705239,鑫聯凱基58購03,2026-07-24,0.48,-0.18,-27.27,139000000,0,,是,,,,,,,,
705242,宸曜永豐59購01,2026-07-24,0.59,-0.12,-16.9,120000000,0,紅縮,是,,0.61,0.58,0.64,,9.319,2.2767,-11.9196
705245,力旺元富58購02,2026-07-24,1.42,-0.15,-9.55,3000000,0,,是,,1.43,2.43,,,-58.4884,,
705250,凡甲國泰59購02,2026-07-24,1.52,0.02,1.33,2000000,0,,否,,,,,,,,
705254,雙鴻富邦5A購02,2026-07-24,0.19,0.0,0.0,1400000000,0,,是,,0.17,0.18,0.37,,-7.5269,-39.9329,
705257,力旺統一65購01,2026-07-24,0.92,0.0,0.0,50000000,0,,是,,0.91,1.02,1.37,,-19.2171,-27.1162,
705258,力旺統一72購01,2026-07-24,1.07,-0.06,-5.31,23000000,0,綠縮,否,,1.05,1.08,1.33,,-5.386,-14.3083,-10.1249
705261,元太統一62購02,2026-07-24,0.61,0.01,1.67,234000000,0,,否,,0.57,0.64,,,-19.209,,
705262,元太統一72購01,2026-07-24,0.54,0.01,1.89,20000000,0,紅增,否,,0.52,0.53,0.58,,-5.4545,-9.0136,-3.1014
705263,弘塑統一72購02,2026-07-24,1.58,-0.13,-7.6,5000000,0,,否,,1.92,,,,,,
705264,正淩統一72購02,2026-07-24,0.47,-0.02,-4.08,100000000,0,,否,,0.48,0.54,0.58,,-20.132,-12.0968,-10.3687
705265,沛亨統一72購02,2026-07-24,1.15,0.03,2.68,1000000,0,,是,,1.44,,,,,,
705266,博智統一72購01,2026-07-24,1.33,-0.02,-1.48,415000000,0,,是,,1.26,1.42,,,-20.5063,-18.2238,
705267,閎康統一72購02,2026-07-24,0.97,-0.02,-2.02,32000000,0,,是,,0.96,1.09,1.17,,-20.8539,-10.5004,-10.5505
705269,穩懋統一65購02,2026-07-24,0.94,-0.12,-11.32,194000000,0,綠縮,是,,0.94,1.08,1.47,,-22.2772,-20.1039,-16.9822
705272,世紀*國票59購02,2026-07-24,0.01,-0.02,-66.67,1667000000,0,,是,,0.04,0.05,,,-21.4286,-7.4074,
705273,穩懋國票59購02,2026-07-24,2.1,-0.7,-25.0,32000000,0,,是,,2.23,3.4,6.12,,-51.0732,-46.9662,
705276,力旺群益5A購01,2026-07-24,2.37,-0.3,-11.24,35000000,0,,否,,2.27,2.55,3.77,,-19.5467,-29.3204,
705284,力旺元大5A購03,2026-07-24,1.84,-0.23,-11.11,67000000,0,,是,,1.91,2.45,,,-36.0721,-33.0606,
705286,長科*元大58購02,2026-07-24,2.01,-0.14,-6.51,21000000,0,,是,,4.73,5.65,6.25,,-27.8354,-19.7869,
705300,鈊象凱基61購01,2026-07-24,2.39,0.03,1.27,1000000,0,綠縮,否,,2.41,2.57,2.94,,-11.5751,-15.3947,-9.2847
705303,台星科富邦5A購01,2026-07-24,1.06,0.02,1.92,10000000,0,,是,,1.01,1.11,,,-17.4056,,
705307,富喬富邦5B購01,2026-07-24,0.12,-0.04,-25.0,15000000,0,綠縮,否,,0.15,0.23,0.39,,-51.9481,-46.2264,-15.6455
705310,博智統一72購02,2026-07-24,0.93,-0.06,-6.06,16000000,0,綠縮,否,,0.89,0.99,1.18,,-18.0147,-17.5,-7.3987
705311,富喬統一62購01,2026-07-24,0.13,-0.1,-43.48,53000000,0,綠增,是,,0.18,0.28,0.37,,-50.5376,-33.6516,-11.1377
705312,富喬統一62購02,2026-07-24,0.17,-0.01,-5.56,100000000,0,綠增,是,,0.24,0.34,0.38,,-46.6063,-23.3032,-15.4535
705313,精材統一65購01,2026-07-24,3.01,-0.18,-5.64,46000000,0,紅縮,否,,2.91,2.73,2.26,,14.185,21.9001,23.9595
705314,精材統一72購01,2026-07-24,1.59,-0.24,-13.11,31000000,0,紅縮,否,,1.72,1.67,1.43,,5.7953,17.701,17.9561
705323,富喬國票59購02,2026-07-24,1.18,0.0,0.0,1000000,0,紅增,是,,1.17,1.04,1.1,,29.1391,-1.6114,5.0167
705325,聚和國票59購01,2026-07-24,0.63,-0.03,-4.55,100000000,0,綠縮,否,,0.69,0.9,1.04,,-38.0866,-28.5828,-5.8161
705328,富喬元大58購02,2026-07-24,0.03,-0.03,-50.0,10000000,0,綠縮,否,,0.11,0.23,0.46,,-69.4444,-57.8853,-20.0516
705333,鈊象元大5C購03,2026-07-24,1.48,-0.07,-4.52,10000000,0,綠縮,是,,1.45,1.57,1.8,,-13.981,-17.758,-10.3311
705337,穩懋元大61購04,2026-07-24,1.3,-0.25,-16.13,237000000,0,,是,,1.47,,,,,,
705344,富喬永豐58購04,2026-07-24,0.01,-0.01,-50.0,57000000,0,綠縮,否,,0.03,0.1,0.21,,-83.7209,-60.1594,-21.8519
705346,富喬永豐5A購02,2026-07-24,0.1,-0.09,-47.37,200000000,0,,是,,0.26,0.38,0.43,,-46.9636,-21.5768,
705347,富喬永豐61購01,2026-07-24,0.28,-0.03,-9.68,6000000,0,綠縮,否,,0.32,0.46,0.6,,-46.6443,-32.8928,-11.4537
705348,富喬永豐65購01,2026-07-24,0.4,-0.08,-16.67,66000000,0,綠縮,否,,0.45,0.55,0.72,,-31.4985,-27.8796,-10.0
705349,雙鴻永豐5B購01,2026-07-24,0.33,-0.01,-2.94,30000000,0,,否,,0.31,0.47,0.67,,-51.5625,-30.1471,-19.3297
705358,良維兆豐5A購01,2026-07-24,1.35,-0.03,-2.17,106000000,0,,是,,1.3,1.75,,,-40.6193,,
705365,雙鴻元大5B購02,2026-07-24,0.6,0.12,25.0,32000000,0,,是,,0.55,0.72,0.91,,-37.7528,-24.0,-13.4533
705368,穩懋元大58購09,2026-07-24,0.78,-0.24,-23.53,20000000,0,,是,,,,,,,,
705369,穩懋元大58購10,2026-07-24,0.34,-0.25,-42.37,61000000,0,,是,,0.5,0.88,1.57,,-60.8215,-51.3797,
705378,宏捷科統一61購04,2026-07-24,0.41,-0.07,-14.58,999000000,0,綠縮,是,,0.42,0.5,0.68,,-27.5862,-26.9006,-16.1449
705386,茂達統一72購01,2026-07-24,1.08,0.06,5.88,65000000,0,綠縮,否,,1.01,1.08,1.23,,-12.1739,-17.2414,-0.2023
705387,原相統一64購01,2026-07-24,0.48,0.0,0.0,115000000,0,綠縮,否,,0.46,0.49,0.58,,-9.4118,-19.0,-5.9822
705389,富強鑫統一72購01,2026-07-24,0.56,0.0,0.0,1000000,0,,否,,0.58,0.6,,,-5.8442,2.3973,
705392,萬潤統一62購01,2026-07-24,2.83,-0.41,-12.65,112000000,0,綠增,否,,3.0,3.1,3.48,,-5.8897,-6.7148,-5.4568
705395,聚和統一64購01,2026-07-24,0.54,-0.01,-1.82,56000000,0,綠增,否,,0.58,0.67,0.65,,-24.0838,-5.3521,-1.6579
705399,穩懋統一62購01,2026-07-24,0.68,-0.15,-18.07,20000000,0,綠縮,否,,0.72,0.83,1.11,,-23.2409,-21.0476,-19.9928
705400,穩懋統一62購02,2026-07-24,1.02,-0.22,-17.74,43000000,0,綠縮,是,,1.09,1.4,2.09,,-36.5654,-39.4896,-17.0563
705401,穩懋統一62購03,2026-07-24,1.25,0.0,0.0,10000000,0,紅增,是,,1.06,1.02,1.21,,8.5714,-6.3245,-13.3119
705404,鑫科統一72購03,2026-07-24,0.52,-0.04,-7.14,10000000,0,,否,,0.62,0.67,0.69,,-13.649,-8.9796,-8.2164
705405,正基國票59購01,2026-07-24,0.16,-0.02,-11.11,808000000,0,綠縮,是,,0.2,0.35,0.47,,-60.0,-28.5714,-23.2653
705410,沛亨永豐5B購01,2026-07-24,1.5,0.01,0.67,22000000,0,,是,,2.2,,,,,,
705421,穩懋元富58購02,2026-07-24,1.74,-0.08,-4.4,48000000,0,,是,,1.56,2.56,,,-56.2605,-37.1316,
705438,沛亨凱基5A購01,2026-07-24,1.68,-0.2,-10.64,5000000,0,,否,,2.87,4.9,,,-58.7032,,
705444,良維國票62購01,2026-07-24,2.07,0.07,3.5,15000000,0,,是,,1.93,2.53,3.26,,-38.4321,-26.3296,
705446,信驊國票62購01,2026-07-24,4.85,-0.35,-6.73,7000000,0,,是,,4.53,4.12,4.78,,22.6068,-9.7764,
705447,博智國票5A購01,2026-07-24,4.14,-0.13,-3.04,9000000,0,,否,,3.67,5.22,,,-45.8333,-26.4071,
705451,穩懋國票5A購03,2026-07-24,0.9,-0.33,-26.83,49000000,0,綠縮,是,,0.98,1.34,2.17,,-41.9811,-33.6634,-27.9255
705460,信驊群益5B購04,2026-07-24,6.2,-1.2,-16.22,1000000,0,,是,,6.25,6.5,,,-7.3272,,
705475,雙鴻元大5C購03,2026-07-24,0.96,0.14,17.07,577000000,0,綠縮,是,,0.82,0.85,1.06,,-7.6923,-18.4261,-10.148
705478,台特化統一73購01,2026-07-24,0.5,-0.01,-1.96,5000000,0,,是,,0.62,0.64,,,-6.0606,-7.9137,
705480,良維統一63購01,2026-07-24,0.7,-0.08,-10.26,323000000,0,綠縮,是,,0.74,0.88,1.11,,-26.9685,-26.0723,-11.7928
705485,萬潤統一73購01,2026-07-24,2.71,-0.32,-10.56,337000000,0,紅轉綠,是,,2.94,2.97,3.12,,-1.8048,-1.4623,-3.738
705487,穩懋統一66購01,2026-07-24,0.64,-0.09,-12.33,154000000,0,綠縮,否,,0.64,0.74,0.99,,-24.3499,-21.3757,-19.6748
705488,穩懋統一73購01,2026-07-24,1.14,-0.05,-4.2,92000000,0,,是,,1.08,1.18,1.42,,-15.6006,-13.5965,
705489,穩懋統一73購02,2026-07-24,1.02,-0.15,-12.82,213000000,0,綠縮,否,,1.04,1.15,1.39,,-16.64,-15.0482,-14.2327
705492,世界永豐5B購02,2026-07-24,5.25,-1.35,-20.45,286000000,0,綠增,是,,5.79,6.96,8.82,,-28.8315,-27.859,-3.9826
705497,宜鼎永豐5A購02,2026-07-24,3.09,0.39,14.44,23000000,0,,是,,2.91,4.18,,,-46.4535,-36.9929,
705505,穩懋永豐5A購03,2026-07-24,0.68,-0.21,-23.6,505000000,0,綠縮,是,,0.73,0.95,1.5,,-37.6491,-31.1913,-26.7123
705506,台星科元富59購01,2026-07-24,2.66,-0.01,-0.37,10000000,0,綠縮,是,,2.53,3.83,4.65,,-50.6052,-28.3923,-12.9775
705509,信驊元富5A購04,2026-07-24,4.38,-0.27,-5.81,2000000,0,,是,,3.91,,,,,,
705515,穩懋元富59購02,2026-07-24,1.03,-0.32,-23.7,541000000,0,,是,,1.16,1.85,,,-54.4453,-30.9702,
705519,均華兆豐63購01,2026-07-24,2.0,-0.22,-9.91,10000000,0,,是,,2.15,2.4,2.81,,-18.5325,-16.9609,-8.128
705521,順達兆豐5B購01,2026-07-24,1.6,-0.1,-5.88,6000000,0,,是,,2.19,2.07,,,11.8488,,
705523,中探針凱基59購03,2026-07-24,4.41,-1.84,-29.44,8000000,0,,是,,7.87,11.91,14.93,,-50.6148,-27.535,
705534,雙鴻凱基5B購01,2026-07-24,0.29,0.0,0.0,40000000,0,,是,,0.38,0.65,,,-58.3878,,
705535,穩懋凱基59購09,2026-07-24,0.36,-0.15,-29.41,55000000,0,綠縮,是,,0.54,1.01,2.13,,-63.2293,-42.5641,-26.6082
705536,穩懋凱基59購10,2026-07-24,0.73,-0.55,-42.97,400000000,0,,是,,0.86,1.36,,,-54.1667,-33.8663,
705539,中探針元大5A購02,2026-07-24,1.9,-0.82,-30.15,2000000,0,,是,,3.61,,,,,,
705548,雙鴻元大61購06,2026-07-24,0.32,0.09,39.13,10000000,0,,是,,0.23,0.33,0.44,,-47.6852,-26.0674,
705551,穩懋元大5A購03,2026-07-24,0.83,-0.07,-7.78,5000000,0,綠縮,否,,0.74,1.07,1.54,,-46.8481,-28.3512,-22.0756
705554,宜鼎富邦5C購02,2026-07-24,1.66,0.06,3.75,1000000,0,綠縮,是,,1.59,1.9,2.46,,-27.9492,-21.5232,-15.1526
705560,萬潤永豐5C購01,2026-07-24,2.03,-0.3,-12.88,131000000,0,綠增,是,,2.22,2.24,2.72,,-2.1164,-7.1576,-8.4888
705564,雙鴻永豐5A購03,2026-07-24,0.1,0.0,0.0,51000000,0,綠縮,否,,0.1,0.12,0.19,,-30.0,-33.8889,-23.2465
705565,穩懋永豐5C購02,2026-07-24,0.72,-0.17,-19.1,264000000,0,綠縮,否,,0.77,0.93,1.35,,-29.3358,-25.4032,-22.4014
705568,沛亨國泰5A購01,2026-07-24,2.34,0.06,2.63,41000000,0,,是,,2.19,,,,,,
705570,世界凱基5C購01,2026-07-24,1.45,-0.52,-26.4,10000000,0,綠增,否,,1.6,1.88,2.53,,-25.7407,-30.6559,-1.4208
705571,弘塑凱基59購03,2026-07-24,4.69,-1.21,-20.51,5000000,0,,,,,,,,,,
705577,鉅橡凱基5B購01,2026-07-24,0.24,-0.05,-17.24,10000000,0,,否,,0.37,0.59,,,-54.878,-43.3333,
705600,凡甲國泰5A購01,2026-07-24,1.28,0.13,11.3,20000000,0,,是,,1.2,1.27,1.73,,-10.0149,-19.4039,
705604,良維國票67購01,2026-07-24,2.27,0.09,4.13,11000000,0,綠縮,否,,2.1,2.42,3.02,,-22.9868,-24.6494,-11.2872
705610,精材國票5C購01,2026-07-24,7.3,-1.6,-17.98,149000000,0,紅縮,是,,7.85,7.47,5.76,,10.7193,30.1847,32.8797
705628,雙鴻群益59購02,2026-07-24,0.08,-0.01,-11.11,63000000,0,,是,,0.2,0.47,,,-73.4584,-54.352,
705633,順達永豐5B購01,2026-07-24,3.3,-0.16,-4.62,67000000,0,綠增,是,,3.28,3.99,4.11,,-30.3314,-10.7087,-7.5191
705640,旺矽群益59購03,2026-07-24,13.7,-3.3,-19.41,3000000,0,,,,,,,,,,
705649,印能凱基59購01,2026-07-24,6.5,1.2,22.64,60000000,0,紅增,是,,4.88,4.27,4.7,,33.7349,3.6677,-3.2421
705650,印能凱基59購02,2026-07-24,5.75,0.55,10.58,10000000,0,紅增,是,,4.74,4.29,4.75,,23.3732,4.0242,2.0073
705652,宜鼎凱基5A購03,2026-07-24,4.42,-0.04,-0.9,82000000,0,,否,,4.1,5.18,,,-34.4938,-39.0425,
705653,前鼎凱基5A購01,2026-07-24,4.26,-0.19,-4.27,34000000,0,,是,,3.76,,,,,,
705665,環球晶元大61購01,2026-07-24,10.1,-2.2,-17.89,5000000,0,,是,,13.22,10.98,,,51.2586,,
705672,聖暉*富邦5B購01,2026-07-24,2.4,-0.33,-12.09,118000000,0,,是,,2.43,2.19,,,24.6926,,
705675,雙鴻富邦5C購01,2026-07-24,0.35,0.0,0.0,378000000,0,綠縮,是,,0.31,0.37,0.51,,-27.907,-27.3084,-23.1873
705676,雙鴻富邦5C購02,2026-07-24,0.22,0.03,15.79,1000000,0,,否,,0.3,0.38,,,-34.1991,-27.1863,
705677,譜瑞富邦5C購01,2026-07-24,2.93,0.0,0.0,1000000,0,綠增,否,,2.94,3.07,3.05,,-8.25,-4.125,5.5565
705684,茂迪國票5A購01,2026-07-24,0.07,-0.03,-30.0,8000000,0,,否,,0.16,0.21,0.38,,-41.791,-49.0385,
705692,臺慶科國票5A購02,2026-07-24,0.57,-0.09,-13.64,10000000,0,綠縮,否,,0.66,1.17,2.61,,-60.6205,-52.4817,-24.7836
705693,雙鴻台新59購01,2026-07-24,0.38,0.08,26.67,1000000,0,,否,,0.41,0.78,,,-64.7569,-40.2607,
705695,前鼎凱基59購02,2026-07-24,1.35,-0.09,-6.25,32000000,0,,否,,1.5,2.79,,,-63.2974,,
705696,國金10凱基59購01,2026-07-24,0.75,-0.04,-5.06,1000000,0,,否,,0.89,,,,,,
705699,聚和凱基5A購01,2026-07-24,0.77,-0.03,-3.75,200000000,0,,否,,0.85,1.13,1.34,,-39.3162,-28.4264,-14.4724
705700,寶雅凱基5A購01,2026-07-24,2.24,0.09,4.19,18000000,0,,是,,2.67,2.6,2.31,,5.7753,12.0155,
705705,新復興國票5B購01,2026-07-24,0.04,0.0,0.0,20000000,0,,否,,0.07,0.14,,,-69.3694,,
705718,宜鼎元大5C購04,2026-07-24,4.13,0.51,14.09,6000000,0,,,,,,,,,,
705726,雙鴻元大61購08,2026-07-24,0.8,0.02,2.56,66000000,0,,是,,0.78,0.86,1.05,,-16.06,-17.6414,-11.0546
705730,印能群益59購01,2026-07-24,5.0,0.87,21.07,79000000,0,,是,,4.14,3.75,4.19,,23.2143,-6.4138,
705737,印能永豐5C購01,2026-07-24,4.84,0.17,3.64,20000000,0,,否,,4.3,3.85,4.01,,26.6942,-0.2075,
705739,系統電永豐64購01,2026-07-24,0.83,-0.12,-12.63,6000000,0,,否,,1.18,1.43,1.72,,-30.1663,-18.0985,-16.9167
705755,雙鴻凱基5C購03,2026-07-24,0.81,-0.02,-2.41,296000000,0,,否,,0.72,0.76,1.23,,-11.358,-27.8565,
705759,台特化元大5C購02,2026-07-24,0.16,-0.05,-23.81,250000000,0,綠增,否,,0.24,0.34,0.42,,-46.1187,-25.1111,-15.587
705774,雙鴻元大61購09,2026-07-24,0.71,0.1,16.39,5000000,0,綠縮,是,,0.62,0.72,0.89,,-24.8175,-23.2409,-16.0075
705783,良維中信61購01,2026-07-24,1.04,-0.07,-6.31,89000000,0,,是,,1.0,1.44,1.98,,-46.2527,-26.5473,
705784,環球晶中信59購01,2026-07-24,7.65,-2.05,-21.13,20000000,0,,是,,12.59,11.28,9.38,,26.4056,26.2598,
705785,新應材永豐63購01,2026-07-24,0.66,-0.22,-25.0,65000000,0,綠增,否,,0.77,0.91,1.06,,-25.7692,-21.8292,-7.0206
705794,聚和元富59購02,2026-07-24,0.37,-0.14,-27.45,1001000000,0,,是,,1.19,,,,,,
705795,廣明元富59購01,2026-07-24,0.04,-0.02,-33.33,10000000,0,,否,,0.19,0.29,,,-51.5464,-40.7407,
705796,廣運元富59購02,2026-07-24,0.1,-0.02,-16.67,2000000,0,,否,,0.25,0.5,0.97,,-66.756,-46.9584,
705797,雙鴻元富59購02,2026-07-24,0.59,0.11,22.92,150000000,0,,是,,0.63,0.78,0.99,,-32.1121,-19.4416,
705801,印能統一62購01,2026-07-24,3.15,0.28,9.76,60000000,0,紅增,是,,2.46,2.35,2.59,,10.6918,-9.8077,-2.3229
705804,環球晶統一63購01,2026-07-24,3.47,-0.66,-15.98,4000000,0,,是,,4.26,4.74,4.25,,-18.5157,1.1083,9.2333
705805,環球晶統一63購02,2026-07-24,3.36,-0.7,-17.24,66000000,0,綠增,是,,4.5,5.15,4.5,,-22.5017,1.5175,13.6455
705806,環球晶統一73購01,2026-07-24,2.96,-0.54,-15.43,15000000,0,綠增,是,,3.63,4.09,3.6,,-20.2637,2.8162,11.6535
705807,環球晶統一73購02,2026-07-24,3.05,-0.05,-1.61,1000000,0,紅轉綠,是,,3.23,3.3,2.91,,-3.981,10.0033,13.5947
705809,元太國票5A購02,2026-07-24,1.63,0.16,10.88,80000000,0,,否,,1.4,1.77,,,-34.3018,-22.9965,
705811,長佳智國票5A購01,2026-07-24,0.27,-0.02,-6.9,281000000,0,綠增,是,,0.31,0.43,0.46,,-45.0,-18.5741,-10.7796
705814,精星國票5A購01,2026-07-24,0.15,-0.01,-6.25,336000000,0,綠縮,否,,0.16,0.25,0.32,,-54.6512,-34.0369,-15.4557
705816,寶雅國票5A購01,2026-07-24,1.82,0.09,5.2,25000000,0,綠縮,是,,1.65,1.97,2.05,,-28.0594,-15.0324,-0.7763
705818,凡甲永豐5B購01,2026-07-24,0.76,-0.04,-5.0,145000000,0,,是,,0.79,0.83,1.19,,-10.6818,-16.5331,
705819,台星科永豐5C購01,2026-07-24,1.21,-0.07,-5.47,125000000,0,綠縮,否,,1.19,1.27,1.57,,-11.8168,-21.6482,-8.0094
705820,宜特永豐5C購01,2026-07-24,0.68,0.0,0.0,112000000,0,綠縮,是,,0.65,0.88,1.02,,-42.0108,-25.2971,-15.1264
705823,前鼎永豐5C購01,2026-07-24,2.08,0.18,9.47,119000000,0,,是,,1.84,2.22,,,-29.0223,,
705825,順達永豐59購02,2026-07-24,1.53,-0.21,-12.07,22000000,0,綠縮,否,,1.57,2.39,2.74,,-50.9975,-21.4333,-13.1962
705826,順達永豐61購01,2026-07-24,4.4,0.02,0.46,200000000,0,綠縮,否,,4.25,5.23,5.28,,-31.584,-11.1281,-8.2095
705829,天品元富59購01,2026-07-24,0.7,-0.11,-13.58,160000000,0,綠增,否,,0.73,0.84,0.84,,-22.5053,-9.1304,-1.1806
705838,信驊元富59購06,2026-07-24,3.35,-0.51,-13.21,9000000,0,,否,,3.12,3.0,3.91,,8.3449,-21.7346,
705845,信驊元大5C購01,2026-07-24,8.55,-0.45,-5.0,60000000,0,,是,,7.98,8.71,,,-15.4661,-20.9619,
705851,雙鴻元大59購08,2026-07-24,0.49,0.06,13.95,1084000000,0,,是,,0.38,0.45,0.72,,-25.6809,-35.5396,
705853,雙鴻元大61購10,2026-07-24,0.7,0.03,4.48,3030000000,0,綠縮,是,,0.64,0.65,0.8,,-2.1277,-18.4211,-12.404
705854,台特化統一63購03,2026-07-24,0.23,-0.01,-4.17,20000000,0,,否,,0.26,0.33,,,-33.1633,-23.4192,
705856,印能統一73購01,2026-07-24,2.3,0.15,6.98,1000000,0,,是,,2.02,1.91,1.96,,11.9867,1.3263,
705857,沛亨統一73購01,2026-07-24,0.87,0.0,0.0,38000000,0,,是,,0.85,1.25,,,-48.5472,-28.7991,
705860,順達統一73購01,2026-07-24,0.61,-0.04,-6.15,125000000,0,綠增,否,,0.62,0.7,0.72,,-20.155,-9.1384,-6.1728
705861,新應材統一73購01,2026-07-24,0.31,-0.02,-6.06,70000000,0,紅縮,否,,0.33,0.35,0.38,,-8.2873,-9.8701,-6.3041
705864,環球晶統一62購01,2026-07-24,4.47,-0.88,-16.45,27000000,0,紅轉綠,是,,6.04,6.15,5.18,,-3.4505,18.5813,20.6876
705871,信驊凱基61購02,2026-07-24,3.75,-0.74,-16.48,21000000,0,,否,,3.85,3.51,4.06,,21.3249,-9.0249,
705876,榮剛凱基5A購01,2026-07-24,0.61,-0.13,-17.57,20000000,0,,否,,0.72,0.73,0.95,,-1.6393,-21.1726,-14.962
705891,雙鴻群益59購05,2026-07-24,1.02,0.23,29.11,52000000,0,綠縮,否,,0.8,0.87,1.51,,-13.7339,-40.5072,-23.996
705900,新普凱基59購01,2026-07-24,1.78,0.02,1.14,56000000,0,綠縮,是,,1.71,2.13,2.73,,-32.4665,-30.1577,-11.0168
705905,雙鴻凱基59購10,2026-07-24,0.34,0.04,13.33,260000000,0,,是,,0.46,0.64,,,-44.1176,-40.0566,
705906,雙鴻凱基59購11,2026-07-24,0.29,0.1,52.63,165000000,0,,否,,0.62,0.93,,,-50.3215,,
705917,雙鴻群益63購01,2026-07-24,0.55,0.0,0.0,31000000,0,綠縮,否,,0.51,0.51,0.6,,-1.9305,-12.1575,-8.6128
705926,新應材永豐5C購04,2026-07-24,0.16,-0.03,-15.79,10000000,0,綠增,否,,0.18,0.23,0.29,,-32.0896,-24.4966,-16.6904
705927,新應材永豐63購02,2026-07-24,0.29,-0.01,-3.33,2000000,0,綠轉紅,否,,0.31,0.34,0.41,,-15.7609,-18.5096,-12.5934
705928,雙鴻永豐63購01,2026-07-24,0.63,0.0,0.0,30000000,0,綠轉紅,否,,0.58,0.57,0.72,,1.049,-18.4397,-12.1027
705931,台半國票5A購01,2026-07-24,4.01,0.23,6.08,10000000,0,綠縮,是,,4.09,7.32,8.56,,-61.2353,-37.1223,-7.3976
705938,新應材國票5A購02,2026-07-24,0.19,-0.05,-20.83,6000000,0,,是,,0.28,0.43,0.67,,-51.0345,-35.8098,
705939,新應材國票5B購01,2026-07-24,0.24,-0.06,-20.0,32000000,0,綠增,是,,0.3,0.4,0.55,,-38.4615,-26.2477,-21.0375
705940,新應材國票5C購01,2026-07-24,0.28,-0.05,-15.15,80000000,0,紅縮,否,,0.34,0.4,0.54,,-24.5614,-27.2727,-17.8626
705941,群翊國票5A購01,2026-07-24,2.39,-0.35,-12.77,20000000,0,綠增,否,,2.67,3.01,3.45,,-20.2509,-18.2115,-6.877
705944,新應材富邦5C購02,2026-07-24,0.19,-0.02,-9.52,125000000,0,綠縮,是,,0.23,0.28,0.37,,-31.9277,-22.7147,-23.8095
705945,均豪統一73購01,2026-07-24,0.43,-0.04,-8.51,19000000,0,綠縮,是,,0.43,0.5,0.53,,-24.6528,-12.4783,-6.2888
705946,宏捷科統一63購01,2026-07-24,0.37,-0.04,-9.76,10000000,0,綠縮,否,,0.38,0.48,0.64,,-33.7979,-25.4688,-14.1224
705948,良維統一63購02,2026-07-24,0.74,-0.05,-6.33,114000000,0,,是,,0.72,0.89,1.1,,-32.2642,-25.482,
705950,宜特統一73購01,2026-07-24,0.61,0.03,5.17,526000000,0,,是,,0.6,0.68,0.72,,-21.466,-8.9453,
705951,信紘科統一63購01,2026-07-24,0.32,-0.01,-3.03,100000000,0,,否,,0.38,0.42,0.47,,-20.6751,-13.7931,
705960,宜鼎元大59購04,2026-07-24,4.19,0.2,5.01,270000000,0,,是,,3.75,,,,,,
705969,新應材元大61購03,2026-07-24,0.19,-0.12,-38.71,130000000,0,紅轉綠,是,,0.31,0.37,0.44,,-27.23,-14.2191,-15.6339
705972,雙鴻凱基59購13,2026-07-24,1.18,0.09,8.26,217000000,0,,是,,0.95,1.25,1.74,,-38.3721,-34.2271,
705985,鈊象元大59購01,2026-07-24,0.22,-0.03,-12.0,554000000,0,綠縮,是,,0.24,0.43,0.56,,-60.6557,-33.6973,-22.7682
705986,世紀*國票5A購01,2026-07-24,0.11,-0.01,-8.33,71000000,0,,是,,0.15,0.27,0.34,,-62.7551,-40.0891,
705989,雙鴻國票5A購02,2026-07-24,1.38,-0.1,-6.76,67000000,0,,是,,1.23,1.24,2.39,,-1.4423,-36.5591,
705992,均華國泰5A購01,2026-07-24,2.9,-0.44,-13.17,15000000,0,,是,,3.0,3.77,4.48,,-34.1249,-20.9556,
706003,世界中信59購01,2026-07-24,1.84,-0.34,-15.6,123000000,0,綠縮,是,,1.93,2.31,3.01,,-28.2204,-29.0372,-2.9175
706008,均華凱基59購01,2026-07-24,0.4,-0.12,-23.08,54000000,0,紅增,是,,0.49,0.68,1.1,,-43.0876,-38.9785,-20.8677
706011,博智凱基5C購01,2026-07-24,3.88,-0.52,-11.82,70000000,0,,否,,4.1,5.49,,,-40.262,,
706015,緯軟國票5B購01,2026-07-24,0.47,-0.08,-14.55,5000000,0,綠增,否,,0.51,0.52,0.55,,-3.8023,-9.1549,-11.5108
706019,均華永豐5B購01,2026-07-24,4.02,-0.54,-11.84,42000000,0,,是,,4.1,5.19,7.72,,-34.6828,-30.6406,
706020,旺矽永豐61購01,2026-07-24,4.08,-0.66,-13.92,5000000,0,,是,,5.09,,,,,,
706028,台特化統一66購01,2026-07-24,0.29,0.04,16.0,10000000,0,,否,,0.29,0.33,,,-22.3404,-18.932,
706030,均華統一62購01,2026-07-24,0.51,-0.07,-12.07,2246000000,0,,是,,0.55,0.58,,,-9.8361,-25.2577,
706033,均豪統一63購01,2026-07-24,0.48,-0.04,-7.69,10000000,0,,否,,0.63,0.73,0.73,,-24.4019,-0.9447,-11.5361
706034,宜鼎統一62購01,2026-07-24,1.23,0.0,0.0,5000000,0,綠縮,否,,1.16,1.42,1.86,,-31.1164,-21.911,-15.2635
706036,新普統一63購01,2026-07-24,0.64,0.0,0.0,114000000,0,綠縮,否,,0.63,0.68,0.77,,-14.4809,-17.1951,-6.068
706037,新普統一73購01,2026-07-24,0.63,0.02,3.28,72000000,0,綠縮,否,,0.61,0.65,0.7,,-11.3703,-12.0924,-3.9645
706043,富強鑫群益59購01,2026-07-24,0.62,0.04,6.9,2000000,0,,否,,0.69,0.78,,,-20.2299,-0.8872,
706050,蜜望實富邦5B購01,2026-07-24,3.08,-0.29,-8.61,1000000,0,,,,,,,,,,
706052,均華國泰5A購02,2026-07-24,1.0,-0.16,-13.79,50000000,0,,是,,1.07,1.44,,,-40.6874,-26.6837,
706054,台特化元大5B購01,2026-07-24,0.47,-0.06,-11.32,3000000,0,綠增,否,,0.54,0.71,0.85,,-39.5034,-23.6305,-12.9148
706055,台特化元大63購01,2026-07-24,0.43,-0.06,-12.24,998000000,0,綠增,否,,0.47,0.59,0.68,,-33.2394,-20.108,-10.2883
706058,巨漢元大59購02,2026-07-24,1.12,-0.09,-7.44,49000000,0,綠增,否,,1.18,1.49,1.76,,-34.6667,-23.299,-11.4379
706064,宜鼎元大59購08,2026-07-24,2.26,-0.06,-2.59,87000000,0,,是,,2.03,2.5,,,-31.3514,-43.0527,
706066,智通*元大59購02,2026-07-24,1.71,-0.27,-13.64,30000000,0,綠增,否,,2.08,2.25,2.03,,-13.9073,3.8337,7.5782
706067,智通*元大59購03,2026-07-24,0.58,-0.21,-26.58,21000000,0,紅轉綠,否,,0.91,0.93,0.84,,-2.9724,7.0358,4.3505
706069,雙鴻元大59購11,2026-07-24,0.37,0.05,15.62,992000000,0,綠縮,是,,0.31,0.36,0.55,,-23.1527,-31.749,-21.0036
706070,雙鴻元大59購12,2026-07-24,0.56,0.08,16.67,450000000,0,綠縮,是,,0.46,0.52,0.72,,-22.7119,-26.2341,-18.2436
706072,弘塑凱基5A購01,2026-07-24,4.58,0.49,11.98,13000000,0,,是,,4.01,4.85,5.69,,-29.6595,-24.9807,-8.4192
706073,宜鼎凱基5A購04,2026-07-24,1.67,-0.1,-5.65,536000000,0,綠縮,是,,1.55,2.02,3.21,,-37.8703,-34.082,-23.698
706076,雙鴻凱基59購14,2026-07-24,0.4,0.01,2.56,108000000,0,,是,,0.63,0.83,,,-38.4766,-32.4898,
706077,鑫科凱基59購01,2026-07-24,0.47,-0.07,-12.96,15000000,0,,否,,0.96,1.24,1.37,,-37.0565,-21.7172,-25.1638
706078,元太中信59購01,2026-07-24,0.71,0.01,1.43,23000000,0,紅增,否,,0.69,0.76,0.98,,-16.7476,-28.9746,-10.2914
706083,印能元富59購03,2026-07-24,9.15,0.75,8.93,4000000,0,,否,,9.3,8.89,,,9.6698,,
706092,力致國泰5A購01,2026-07-24,0.64,0.03,4.92,10000000,0,綠增,是,,0.8,1.06,1.3,,-39.3343,-24.3051,-21.027
706094,均豪國泰5A購01,2026-07-24,0.86,-0.18,-17.31,33000000,0,綠縮,是,,0.93,1.28,1.59,,-42.9975,-32.2734,-10.0142
706097,弘塑富邦5C購01,2026-07-24,1.68,-0.22,-11.58,1000000,0,,,,,,,,,,
706098,宜鼎富邦5C購03,2026-07-24,1.19,-0.05,-4.03,50000000,0,綠縮,是,,1.07,1.41,1.9,,-39.2246,-23.4943,-18.1662
706108,宜鼎元大59購09,2026-07-24,0.8,0.06,8.11,25000000,0,綠縮,否,,0.72,0.91,1.45,,-34.8457,-35.9606,-25.8985
706114,雙鴻元大59購14,2026-07-24,0.36,0.04,12.5,536000000,0,綠縮,是,,0.31,0.34,0.48,,-18.5185,-27.1762,-15.4793
706115,雙鴻元大63購02,2026-07-24,0.47,0.0,0.0,7000000,0,,是,,0.42,0.53,,,-34.7826,-30.6389,
706120,良維國票5A購01,2026-07-24,1.39,-0.05,-3.47,15000000,0,,是,,1.79,2.72,3.23,,-51.0929,-25.8302,
706121,宜鼎國票5A購03,2026-07-24,1.4,-0.01,-0.71,2979000000,0,綠縮,是,,1.26,1.53,2.31,,-29.3065,-30.2559,-22.1473
706127,大綜統一66購01,2026-07-24,0.8,-0.05,-5.88,15000000,0,,否,,0.82,0.89,1.25,,-13.4737,-34.0283,
706129,巨漢統一63購01,2026-07-24,0.66,-0.03,-4.35,6000000,0,綠增,是,,0.74,0.79,0.86,,-12.5592,-10.3175,-4.7065
706132,正基統一63購02,2026-07-24,0.28,-0.02,-6.67,3000000,0,,否,,0.41,0.51,,,-31.7881,,
706134,宜鼎統一63購02,2026-07-24,1.12,0.0,0.0,658000000,0,綠縮,是,,1.05,1.17,1.53,,-19.2604,-22.4206,-16.8655
706135,宜鼎統一63購03,2026-07-24,0.62,-0.03,-4.62,388000000,0,綠縮,否,,0.6,0.69,0.85,,-22.6221,-18.2464,-13.2037
706136,宜鼎統一66購02,2026-07-24,0.87,0.0,0.0,200000000,0,綠縮,否,,0.81,0.91,1.15,,-19.2843,-20.9565,-15.4101
706137,宜鼎統一73購01,2026-07-24,0.73,0.01,1.39,27000000,0,綠縮,否,,0.69,0.82,0.98,,-26.9474,-20.1942,-12.5946
706139,聚和統一73購01,2026-07-24,0.65,-0.02,-2.99,20000000,0,綠增,是,,0.68,0.75,0.73,,-16.2162,-3.4839,-2.0134
706145,元太群益59購03,2026-07-24,1.39,0.01,0.72,231000000,0,,是,,1.29,1.4,1.81,,-14.2098,-25.5059,
706148,宜鼎群益59購05,2026-07-24,1.65,0.08,5.1,34000000,0,綠縮,是,,1.45,1.97,3.19,,-42.2524,-33.7915,-20.8318
706149,宜鼎群益59購06,2026-07-24,2.13,-0.05,-2.29,406000000,0,綠縮,否,,1.98,2.61,4.11,,-38.8649,-36.7248,-18.4957
706153,德微群益63購01,2026-07-24,2.17,-0.26,-10.7,6000000,0,,否,,3.22,4.56,4.31,,-45.3189,-4.6623,
706154,雙鴻群益63購02,2026-07-24,0.3,0.01,3.45,402000000,0,綠縮,是,,0.28,0.28,0.35,,-5.4795,-17.9191,-10.641
706158,良維凱基59購04,2026-07-24,0.98,-0.17,-14.78,20000000,0,,是,,1.8,2.42,,,-40.5941,-24.4604,
706161,旺矽凱基63購01,2026-07-24,3.12,-0.81,-20.61,30000000,0,綠增,是,,3.74,4.09,4.25,,-15.6757,-7.9415,1.3459
706171,旺矽群益59購08,2026-07-24,3.31,-0.99,-23.02,30000000,0,綠增,是,,4.35,5.21,5.31,,-28.4962,-10.8755,1.986
706173,精測群益5B購01,2026-07-24,0.07,-0.01,-12.5,22000000,0,,否,,0.1,0.14,,,-46.7391,-46.3878,
706175,宜鼎國泰5A購02,2026-07-24,2.57,0.09,3.63,3000000,0,,否,,4.65,,,,,,
706176,宜鼎國泰61購01,2026-07-24,2.89,-0.16,-5.25,49000000,0,,否,,3.29,,,,,,
706180,均華統一63購04,2026-07-24,0.42,-0.04,-8.7,3000000,0,,是,,0.46,0.56,0.62,,-30.3951,-13.354,-20.5751
706182,旺矽統一63購05,2026-07-24,1.69,-0.29,-14.65,25000000,0,綠增,是,,1.79,2.1,2.23,,-25.9321,-13.7874,-1.2815
706184,台特化元大63購03,2026-07-24,0.34,-0.04,-10.53,40000000,0,綠增,是,,0.4,0.5,0.59,,-33.6634,-18.4466,-12.3881
706185,均華元大5C購01,2026-07-24,0.33,-0.04,-10.81,101000000,0,綠增,是,,0.39,0.6,0.66,,-50.8772,-21.7105,-19.2543
706186,宏捷科元大5C購02,2026-07-24,0.65,-0.04,-5.8,195000000,0,,是,,0.89,1.17,,,-38.9807,,
706195,陽程元大59購01,2026-07-24,2.12,-0.2,-8.62,28000000,0,,是,,2.29,3.01,3.89,,-38.8235,-19.3471,
706202,鑫科元大59購01,2026-07-24,0.32,-0.11,-25.58,10000000,0,,是,,0.57,0.8,0.89,,-44.7876,-22.5434,
706203,鑫聯元大63購01,2026-07-24,0.66,-0.04,-5.71,401000000,0,紅縮,是,,0.73,0.74,0.75,,-4.2216,-1.3298,-2.1583
706207,宜鼎國票65購01,2026-07-24,2.03,-0.01,-0.49,860000000,0,綠縮,是,,1.89,2.1,2.78,,-18.1109,-21.5913,-14.9617
706208,旺矽國票5C購01,2026-07-24,4.9,-1.25,-20.33,68000000,0,,是,,6.7,6.89,6.36,,-5.3672,3.687,
706209,旺矽國票67購01,2026-07-24,4.33,-0.57,-11.63,122000000,0,,是,,5.19,5.26,5.06,,-2.5516,-0.7544,
706212,精測中信59購01,2026-07-24,0.08,-0.02,-20.0,1000000,0,,是,,0.11,0.12,0.15,,-5.0,-28.2209,
706214,宜鼎永豐5B購01,2026-07-24,1.16,0.0,0.0,755000000,0,綠縮,是,,1.07,1.23,1.68,,-23.1655,-25.47,-19.1863
706219,精測永豐61購01,2026-07-24,0.15,-0.01,-6.25,14000000,0,綠縮,否,,0.18,0.23,0.32,,-36.2319,-30.8868,-16.0526
706225,宏捷科元富5C購02,2026-07-24,0.76,-0.08,-9.52,39000000,0,,是,,0.76,1.01,1.54,,-40.2208,-39.4501,
706227,旺矽元富59購05,2026-07-24,2.62,-0.84,-24.28,10000000,0,,是,,2.89,3.54,3.75,,-30.8612,-19.2738,
706235,雙鴻元富59購05,2026-07-24,1.1,0.14,14.58,114000000,0,綠縮,是,,0.86,1.06,1.43,,-31.3099,-28.0164,-25.2816
706238,鑫科元富59購01,2026-07-24,0.46,-0.12,-20.69,10000000,0,綠縮,否,,0.55,0.8,1.12,,-47.9008,-34.7791,-8.5366
706242,M31凱基59購01,2026-07-24,0.14,0.01,7.69,1000000000,0,,是,,0.2,0.41,,,-68.7898,-61.8165,
706243,M31凱基59購02,2026-07-24,0.22,0.0,0.0,200000000,0,,是,,0.25,0.47,0.81,,-64.058,-37.8808,
706244,M31凱基59購03,2026-07-24,0.45,0.03,7.14,1128000000,0,,是,,0.8,1.45,,,-61.941,,
706245,M31凱基5B購01,2026-07-24,0.38,0.0,0.0,116000000,0,紅增,是,,0.4,0.49,0.7,,-30.662,-29.8701,-17.7752
706248,弘塑凱基5A購02,2026-07-24,5.2,0.46,9.7,7000000,0,,是,,4.77,5.59,,,-25.7009,-11.4715,
706249,宏捷科凱基5C購01,2026-07-24,0.49,-0.06,-10.91,320000000,0,,是,,0.57,0.83,,,-47.9853,-39.3275,
706250,信驊凱基59購05,2026-07-24,4.9,-1.0,-16.95,20000000,0,紅增,是,,4.81,4.33,5.98,,24.7925,-18.4265,-15.5286
706252,信驊凱基5B購02,2026-07-24,5.45,-0.95,-14.84,3000000,0,,是,,5.37,4.75,6.27,,30.0581,-16.2615,-15.6777
706253,信驊凱基5C購01,2026-07-24,4.34,-0.71,-14.06,5000000,0,,是,,4.19,3.78,4.51,,24.7472,-10.4315,
706258,信驊中信59購01,2026-07-24,2.33,-0.55,-19.1,260000000,0,紅增,是,,2.3,2.01,2.74,,32.4106,-17.9894,-16.504
706259,M31永豐5B購01,2026-07-24,0.48,0.02,4.35,131000000,0,綠縮,是,,0.48,0.62,0.74,,-35.809,-21.0459,-19.0346
706260,M31永豐5C購01,2026-07-24,0.49,0.0,0.0,84000000,0,紅增,是,,0.5,0.52,0.7,,-9.489,-25.7468,-11.7276
706267,M31元富59購01,2026-07-24,0.51,-0.1,-16.39,90000000,0,,是,,0.58,0.64,0.99,,-17.6136,-34.8884,
706271,M31群益59購01,2026-07-24,0.53,0.03,6.0,497000000,0,,是,,1.15,1.71,,,-49.3827,,
706274,良維群益5C購03,2026-07-24,1.6,-0.04,-2.44,10000000,0,,是,,1.57,2.36,,,-50.4744,,
706275,信驊群益5B購05,2026-07-24,3.8,-0.42,-9.95,268000000,0,紅增,是,,3.63,3.33,4.09,,20.0925,-12.2761,-10.2437
706278,雙鴻群益59購10,2026-07-24,0.68,-0.03,-4.23,75000000,0,綠縮,是,,0.67,0.94,1.34,,-44.7761,-31.8281,-20.5325
706282,M31統一63購03,2026-07-24,0.4,0.0,0.0,16000000,0,紅增,否,,0.41,0.41,0.49,,0.0,-15.4639,-7.2437
706283,M31富邦5B購01,2026-07-24,0.3,0.02,7.14,237000000,0,,是,,0.3,0.32,0.58,,-12.426,-32.5532,
706284,台特化富邦5C購01,2026-07-24,0.09,-0.02,-18.18,110000000,0,,否,,0.11,0.17,0.21,,-51.7857,-25.8929,-25.3097
706285,信驊富邦5C購01,2026-07-24,3.83,-0.35,-8.37,58000000,0,,是,,3.55,3.21,,,23.6769,-11.4664,
706287,雙鴻富邦5C購03,2026-07-24,0.35,0.02,6.06,573000000,0,,是,,0.31,0.32,0.47,,-2.4845,-24.105,-18.8745
706289,天品國票59購01,2026-07-24,1.09,-0.26,-19.26,312000000,0,綠增,否,,1.09,1.22,1.31,,-18.7221,-13.5977,-1.0208
706294,信驊國票5B購03,2026-07-24,3.7,-0.32,-7.96,10000000,0,紅增,是,,3.44,3.08,3.97,,26.7108,-12.9907,-12.3579
706299,M31元大59購02,2026-07-24,0.42,-0.11,-20.75,400000000,0,,是,,0.48,0.86,,,-61.129,-46.1538,
706300,M31元大59購03,2026-07-24,0.67,-0.13,-16.25,253000000,0,,是,,0.7,1.02,1.55,,-48.0597,-29.5502,
706301,巨漢元大59購03,2026-07-24,0.62,0.11,21.57,41000000,0,綠縮,是,,0.56,0.77,0.9,,-41.8557,-20.6825,-12.4818
706305,亞泰元大59購01,2026-07-24,1.65,0.6,57.14,7000000,0,,是,,2.01,3.1,3.09,,-51.8642,-17.2055,
706308,信驊元大59購03,2026-07-24,2.93,-0.31,-9.57,50000000,0,紅增,否,,2.61,2.33,3.13,,28.389,-18.3924,-14.1977
706310,湧德元大59購02,2026-07-24,0.33,-0.04,-10.81,60000000,0,,是,,0.36,0.58,0.87,,-54.75,-30.2521,
706319,印能凱基5B購01,2026-07-24,6.5,1.25,23.81,4000000,0,,是,,5.04,4.52,4.6,,25.7742,5.3368,
706325,環球晶凱基5C購01,2026-07-24,11.8,-2.7,-18.62,6000000,0,,否,,19.32,,,,,,
706326,雙鴻凱基59購15,2026-07-24,0.61,0.04,7.02,66000000,0,,是,,0.64,0.83,1.06,,-38.0117,-22.7695,
706328,弘塑國票65購01,2026-07-24,3.55,0.36,11.29,7000000,0,綠縮,否,,3.19,3.36,3.95,,-9.6719,-17.5245,-3.982
706331,亞泰國票5A購01,2026-07-24,1.43,-0.13,-8.33,35000000,0,綠縮,否,,1.3,2.08,2.43,,-54.7802,-27.466,-13.1532
706337,雙鴻元大59購20,2026-07-24,0.21,0.01,5.0,85000000,0,綠縮,是,,0.2,0.23,0.35,,-19.685,-33.6232,-20.5186
706339,雙鴻元大5C購05,2026-07-24,0.51,0.05,10.87,504000000,0,綠縮,是,,0.43,0.44,0.56,,-4.0179,-20.3267,-11.8671
706341,鑫聯元大63購02,2026-07-24,0.53,-0.06,-10.17,7000000,0,紅轉綠,否,,0.56,0.61,0.63,,-15.1515,-7.5758,-8.9531
706342,雙鴻國泰61購01,2026-07-24,0.8,0.07,9.59,11000000,0,綠縮,是,,0.71,0.79,0.94,,-16.7832,-20.122,-17.8291
706347,印能統一63購01,2026-07-24,1.51,0.0,0.0,5000000,0,,是,,1.4,1.44,1.43,,-4.7554,4.1304,
706348,亞泰統一62購02,2026-07-24,1.02,0.16,18.6,6000000,0,綠縮,否,,0.92,1.3,1.79,,-45.8629,-35.2211,-8.5248
706349,博智統一63購01,2026-07-24,1.4,-0.05,-3.45,359000000,0,,是,,1.31,1.62,,,-32.6109,,
706350,鈺太統一63購01,2026-07-24,0.42,-0.03,-6.67,65000000,0,,是,,0.49,0.63,0.74,,-36.5285,-16.6447,
706351,弘塑永豐5C購03,2026-07-24,2.36,-0.11,-4.45,10000000,0,綠縮,否,,2.29,2.59,3.35,,-21.1034,-28.7363,-6.5979
706354,雙鴻永豐61購02,2026-07-24,0.77,0.03,4.05,63000000,0,綠縮,否,,0.71,0.71,0.88,,0.8499,-17.6539,-11.3809
706355,雙鴻永豐64購01,2026-07-24,0.84,0.05,6.33,24000000,0,綠縮,否,,0.72,0.81,0.95,,-18.6937,-15.0844,-9.7712
706368,天品凱基59購01,2026-07-24,0.5,-0.14,-21.88,50000000,0,,否,,0.65,0.6,,,20.2952,,
706370,弘塑凱基59購06,2026-07-24,1.7,0.04,2.41,7000000,0,綠縮,是,,1.79,2.98,3.25,,-57.2113,-27.7926,-7.6476
706371,良維凱基61購01,2026-07-24,1.27,-0.11,-7.97,20000000,0,,否,,1.25,1.66,2.18,,-40.1537,-31.2397,-22.2837
706383,均豪元富59購01,2026-07-24,0.61,-0.06,-8.96,38000000,0,綠縮,否,,0.58,0.76,1.11,,-38.1156,-43.4978,-9.0722
706385,華宏元富59購02,2026-07-24,0.15,-0.01,-6.25,1000000,0,,否,,0.18,0.34,,,-64.1434,-59.4048,
706387,廣運元富59購03,2026-07-24,0.11,-0.03,-21.43,10000000,0,,否,,0.31,0.43,0.57,,-43.3824,-29.5868,-26.4781
706390,湧德群益5B購01,2026-07-24,0.47,-0.06,-11.32,2000000,0,,是,,0.53,0.71,,,-40.8989,-42.9952,
706392,雙鴻群益5B購04,2026-07-24,0.33,0.02,6.45,136000000,0,綠縮,是,,0.29,0.3,0.38,,-5.2288,-17.9063,-11.6197
706393,雙鴻群益5B購05,2026-07-24,0.48,0.03,6.67,73000000,0,綠縮,是,,0.47,0.57,0.65,,-28.9157,-16.9591,-14.938
706394,宏觀國泰5A購02,2026-07-24,0.2,-0.02,-9.09,20000000,0,,否,,0.31,0.47,,,-49.1909,-38.4412,
706398,原相國票59購01,2026-07-24,0.63,-0.07,-10.0,10000000,0,,否,,1.19,1.46,,,-30.9386,-14.8278,
706399,華義國票5A購02,2026-07-24,0.37,-0.06,-13.95,4000000,0,,否,,0.46,0.7,1.11,,-50.3212,-41.4082,
706402,聚和國票5A購02,2026-07-24,0.39,-0.04,-9.3,120000000,0,,是,,0.48,0.67,0.71,,-43.0588,-11.7725,
706405,均豪元大59購02,2026-07-24,0.29,-0.07,-19.44,7000000,0,綠增,否,,0.41,0.56,0.62,,-42.2535,-23.913,-10.21
706411,中美晶凱基5A購01,2026-07-24,4.19,-0.69,-14.14,1000000,0,紅縮,是,,6.37,5.72,4.35,,25.8689,37.7408,33.221
706413,印能凱基5B購02,2026-07-24,8.6,0.1,1.18,255000000,0,,是,,6.85,5.46,,,68.3874,25.9575,
706417,雙鴻凱基59購16,2026-07-24,0.32,0.09,39.13,60000000,0,,是,,0.72,0.99,,,-42.9253,,
706419,弘塑富邦61購01,2026-07-24,1.27,-0.22,-14.77,170000000,0,綠增,是,,1.4,1.76,1.92,,-33.8055,-20.2899,-6.3778
706420,宏捷科富邦5B購01,2026-07-24,0.36,-0.07,-16.28,556000000,0,,是,,0.38,0.46,0.64,,-30.1115,-28.1447,
706421,宏捷科富邦5C購01,2026-07-24,0.32,-0.02,-5.88,402000000,0,,是,,0.31,0.42,0.73,,-41.9476,-43.6582,
706424,環球晶富邦5A購01,2026-07-24,3.33,-0.63,-15.91,1000000,0,,否,,4.56,3.47,,,91.5126,,
706425,雙鴻富邦5C購04,2026-07-24,0.45,0.03,7.14,48000000,0,,是,,0.39,0.5,0.66,,-35.0993,-22.4299,
706426,弘塑元大59購06,2026-07-24,1.2,-0.14,-10.45,3000000,0,綠縮,是,,1.29,1.55,2.18,,-28.9329,-35.1543,-8.2226
706428,印能元大59購07,2026-07-24,2.76,0.26,10.4,22000000,0,,是,,2.21,2.28,,,-5.6266,-5.7072,
706431,茂迪元大59購08,2026-07-24,0.32,-0.05,-13.51,100000000,0,,是,,0.64,0.84,0.93,,-38.1044,-15.7948,
706432,茂迪元大63購05,2026-07-24,0.27,-0.02,-6.9,16000000,0,,否,,0.29,0.4,0.49,,-42.4603,-30.3509,
706438,雙鴻元大59購24,2026-07-24,0.45,0.03,7.14,521000000,0,綠縮,是,,0.39,0.39,0.53,,-1.5228,-24.0777,-16.3651
706441,弘塑群益5A購03,2026-07-24,3.3,0.43,14.98,10000000,0,,是,,3.69,3.24,,,32.4964,,
706442,印能群益5B購01,2026-07-24,4.26,0.16,3.9,80000000,0,紅增,是,,3.55,3.12,3.37,,31.1391,2.7285,-1.3302
706453,弘塑永豐63購02,2026-07-24,1.43,-0.02,-1.38,2000000,0,綠縮,是,,1.45,1.82,1.89,,-33.9107,-15.843,-4.7367
706455,系微永豐5C購01,2026-07-24,0.31,-0.07,-18.42,150000000,0,綠縮,是,,0.35,0.48,0.64,,-41.3333,-35.2381,-19.9121
706456,博智永豐5C購01,2026-07-24,2.42,-0.28,-10.37,25000000,0,,否,,2.54,3.02,,,-27.3973,-17.377,
706457,華宏永豐5A購01,2026-07-24,0.05,-0.02,-28.57,31000000,0,,否,,0.09,0.14,0.24,,-54.1667,-42.8571,
706468,華宏元富5B購01,2026-07-24,0.16,-0.03,-15.79,1000000,0,,是,,0.23,0.46,0.78,,-67.5287,-43.9854,
706475,系微凱基59購02,2026-07-24,0.11,-0.05,-31.25,50000000,0,,是,,0.3,0.52,0.74,,-60.1078,-43.7093,-29.8677
706476,良維凱基5C購01,2026-07-24,1.59,-0.05,-3.05,40000000,0,,是,,1.57,2.39,2.84,,-51.0293,-26.1367,-18.7893
706477,宜特凱基59購03,2026-07-24,0.32,0.01,3.23,16000000,0,,是,,0.74,0.99,1.18,,-40.2262,-18.2645,
706479,博智凱基61購01,2026-07-24,1.55,-0.29,-15.76,402000000,0,綠縮,否,,1.5,1.81,2.47,,-29.5005,-28.4415,-15.7491
706480,湧德凱基5B購01,2026-07-24,0.5,-0.07,-12.28,34000000,0,綠縮,是,,0.52,0.72,0.85,,-42.511,-25.6757,-22.6552
706481,閎康凱基5A購01,2026-07-24,2.57,0.38,17.35,1000000,0,,否,,3.61,4.27,,,-26.7966,,
706484,臺慶科凱基5A購01,2026-07-24,2.79,0.13,4.89,15000000,0,,是,,3.1,4.33,,,-44.3966,-31.4991,
706492,廣明兆豐63購01,2026-07-24,0.39,-0.03,-7.14,10000000,0,綠增,是,,0.42,0.53,0.59,,-33.5423,-13.6585,-13.6796
706496,宜特群益63購01,2026-07-24,1.02,0.04,4.08,70000000,0,綠縮,是,,0.99,1.11,1.33,,-19.4489,-21.7147,-7.1702
706498,閎康群益63購02,2026-07-24,2.0,0.09,4.71,10000000,0,,否,,1.85,2.28,,,-31.8115,-19.9439,
706503,世界富邦61購01,2026-07-24,1.03,-0.18,-14.88,6000000,0,綠增,否,,1.16,1.28,1.51,,-16.8103,-20.7582,-0.6901
706510,宜特元大59購01,2026-07-24,0.79,0.01,1.28,184000000,0,綠縮,是,,0.78,1.01,1.14,,-37.3997,-17.4409,-15.0649
706515,湧德元大59購04,2026-07-24,0.21,-0.03,-12.5,5000000,0,綠縮,是,,0.22,0.34,0.45,,-54.0426,-33.3981,-30.7514
706516,湧德元大59購05,2026-07-24,0.3,-0.05,-14.29,50000000,0,,是,,0.33,0.5,0.73,,-51.9174,-27.3517,
706523,博智中信59購01,2026-07-24,0.5,-0.05,-9.09,200000000,0,綠縮,否,,0.5,0.75,1.0,,-49.6,-30.7551,-10.9091
706528,勤凱永豐5C購02,2026-07-24,0.97,-0.1,-9.35,4000000,0,,否,,2.39,,,,,,
706534,前鼎國票61購02,2026-07-24,2.61,0.21,8.75,2000000,0,,否,,2.55,3.34,,,-38.2638,,
706535,閎康國票5A購03,2026-07-24,0.88,0.05,6.02,2000000,0,綠縮,否,,0.81,1.05,1.49,,-37.6543,-33.2063,-16.513
706536,順達國票5A購02,2026-07-24,1.37,-0.04,-2.84,30000000,0,綠縮,否,,1.35,1.83,1.92,,-41.3853,-14.4325,-10.8409
706537,鈺太國票59購02,2026-07-24,0.46,-0.08,-14.81,185000000,0,,是,,0.79,1.09,,,-43.2471,,
706544,博智凱基59購07,2026-07-24,0.37,-0.13,-26.0,113000000,0,綠縮,是,,0.37,0.53,0.95,,-46.2428,-44.0589,-24.9406
706545,閎康凱基61購01,2026-07-24,1.77,-0.01,-0.56,102000000,0,,是,,1.61,2.01,,,-33.6912,-26.0103,
706547,精測凱基59購03,2026-07-24,0.07,-0.04,-36.36,413000000,0,綠縮,是,,0.08,0.11,0.3,,-40.0,-52.3404,-38.2869
706558,聚和永豐5B購01,2026-07-24,0.43,-0.02,-4.44,5000000,0,,否,,0.64,0.68,0.69,,-11.6022,2.7108,
706559,博智元富59購01,2026-07-24,0.64,-0.17,-20.99,300000000,0,,是,,0.62,1.0,1.5,,-55.4113,-43.4856,-23.2266
706564,良維富邦5C購01,2026-07-24,0.51,-0.04,-7.27,162000000,0,綠縮,是,,0.53,0.68,0.93,,-35.1942,-32.3031,-13.9889
706565,博智富邦61購01,2026-07-24,0.85,-0.13,-13.27,246000000,0,綠縮,否,,0.82,0.96,1.25,,-25.4083,-24.8438,-12.2628
706566,順達富邦5C購01,2026-07-24,1.2,-0.12,-9.09,76000000,0,綠增,是,,1.2,1.53,1.57,,-35.3448,-10.9557,-8.3845
706567,精測富邦5B購01,2026-07-24,0.15,-0.04,-21.05,229000000,0,綠縮,否,,0.17,0.2,0.36,,-25.0,-36.7601,-24.109
706570,永信建群益59購01,2026-07-24,0.5,0.05,11.11,1000000,0,,否,,0.54,,,,,,
706571,宏觀群益59購04,2026-07-24,0.05,0.0,0.0,80000000,0,紅增,否,,0.05,0.08,0.15,,-50.9434,-41.9118,-31.7757
706573,博智群益63購01,2026-07-24,2.97,-0.41,-12.13,489000000,0,綠縮,否,,2.97,3.38,4.16,,-21.3228,-20.6159,-11.1087
706574,閎康群益5B購02,2026-07-24,1.04,0.04,4.0,160000000,0,,否,,1.4,1.7,,,-30.1698,-25.6343,
706575,閎康群益5B購03,2026-07-24,1.95,0.05,2.63,116000000,0,,是,,2.39,2.98,3.48,,-33.0903,-20.2999,
706576,順達群益5C購01,2026-07-24,2.44,-0.1,-3.94,10000000,0,綠縮,否,,2.34,3.0,3.17,,-36.205,-12.1637,-8.3912
706579,精測群益63購01,2026-07-24,0.48,-0.08,-14.29,161000000,0,綠縮,否,,0.5,0.56,0.8,,-18.4466,-26.1842,-20.7818
706580,雙鴻群益59購11,2026-07-24,0.5,0.1,25.0,75000000,0,,是,,0.5,0.68,0.97,,-42.3611,-28.2403,
706593,精測元大59購03,2026-07-24,0.14,-0.1,-41.67,100000000,0,,是,,0.31,0.59,,,-64.7465,-24.0621,
706595,雙鴻台新59購04,2026-07-24,0.73,0.09,14.06,55000000,0,,是,,0.88,1.2,,,-42.3885,-22.4661,
706597,元太凱基59購02,2026-07-24,3.1,-0.03,-0.96,1053000000,0,,是,,2.91,3.03,3.68,,-7.3838,-21.054,-9.76
706599,弘塑凱基59購07,2026-07-24,1.55,0.31,25.0,2000000,0,綠增,否,,2.04,2.95,2.97,,-47.1229,-19.2939,-7.642
706607,閎康凱基5A購02,2026-07-24,0.93,0.13,16.25,1000000,0,綠縮,否,,0.81,1.1,1.61,,-42.3462,-34.0515,-17.5281
706612,弘塑國票5C購01,2026-07-24,0.92,-0.2,-17.86,1106000000,0,綠增,是,,1.03,1.17,1.51,,-21.8845,-28.493,-6.4257
706613,弘塑國票63購01,2026-07-24,2.22,0.2,9.9,10000000,0,綠縮,否,,2.0,2.08,2.58,,-7.8486,-21.0546,-5.1936
706618,神盾國票5A購01,2026-07-24,0.39,0.02,5.41,396000000,0,綠縮,是,,0.38,0.48,0.68,,-36.4865,-31.1522,-12.3545
706619,常珵國票59購01,2026-07-24,0.18,-0.01,-5.26,793000000,0,,是,,0.17,0.28,0.43,,-55.2083,-40.9766,-20.2804
706621,華電網國票59購02,2026-07-24,0.06,-0.06,-50.0,50000000,0,,否,,0.07,0.13,,,-61.4583,-53.169,
706624,穩得國票5A購01,2026-07-24,0.37,-0.08,-17.78,15000000,0,綠增,是,,0.67,0.89,1.2,,-39.6022,-31.08,-18.4416
706625,譜瑞國票5A購01,2026-07-24,1.98,0.03,1.54,145000000,0,綠縮,是,,1.84,2.58,4.2,,-44.5048,-44.5163,-11.1699
706636,弘塑元大59購13,2026-07-24,0.76,-0.04,-5.0,20000000,0,綠縮,是,,0.84,1.25,1.55,,-49.6403,-32.5444,-11.2222
706638,弘塑元大59購15,2026-07-24,0.69,-0.04,-5.48,13000000,0,綠縮,是,,0.73,1.26,1.46,,-59.1928,-30.7608,-12.0156
706639,系微元大59購03,2026-07-24,0.12,-0.12,-50.0,120000000,0,,是,,0.28,0.48,,,-59.3023,-36.9792,
706642,系微元大59購06,2026-07-24,0.51,-0.13,-20.31,40000000,0,,是,,0.74,1.1,1.48,,-49.5199,-35.3946,-22.2427
706647,弘塑群益5B購02,2026-07-24,1.29,-0.11,-7.86,67000000,0,綠縮,否,,1.41,1.58,2.23,,-18.922,-32.4347,-8.2011
706652,華電網中信59購01,2026-07-24,0.02,-0.04,-66.67,7000000,0,綠縮,是,,0.03,0.05,0.09,,-54.5455,-47.2527,-37.1237
706655,系微國泰5A購01,2026-07-24,0.29,-0.03,-9.38,50000000,0,綠縮,是,,0.32,0.59,0.87,,-62.7635,-44.873,-27.2273
706659,弘塑富邦61購02,2026-07-24,1.06,-0.15,-12.4,49000000,0,綠增,否,,1.17,1.32,1.67,,-20.7598,-26.7738,-5.3663
706660,均豪富邦61購01,2026-07-24,0.44,0.01,2.33,67000000,0,綠縮,否,,0.42,0.5,0.61,,-26.7361,-27.1533,-5.1643
706663,華電網富邦5C購01,2026-07-24,0.09,-0.04,-30.77,1300000000,0,,是,,0.1,0.15,0.22,,-51.0,-34.3612,
706664,系微永豐5C購02,2026-07-24,0.39,-0.04,-9.3,737000000,0,綠縮,是,,0.43,0.53,0.72,,-31.3099,-29.2225,-15.2672
706665,長佳智永豐59購01,2026-07-24,0.16,-0.01,-5.88,51000000,0,,否,,0.18,0.24,0.29,,-42.2078,-26.8072,
706672,友輝元富59購03,2026-07-24,0.37,-0.01,-2.63,14000000,0,,否,,0.63,0.84,1.2,,-40.0763,-29.698,
706673,弘塑元富5C購02,2026-07-24,1.98,-0.12,-5.71,52000000,0,綠縮,否,,2.03,2.36,2.99,,-24.3102,-28.3455,-6.6895
706678,雙鴻兆豐5B購03,2026-07-24,0.43,0.06,16.22,10000000,0,,否,,0.58,0.66,,,-21.5259,-27.9428,
706687,台特化凱基63購01,2026-07-24,0.49,-0.04,-7.55,3000000,0,,否,,0.66,0.76,0.91,,-24.9428,-15.0943,-16.6972
706689,邑錡凱基59購01,2026-07-24,0.3,-0.11,-26.83,50000000,0,,否,,0.99,0.88,,,28.1654,,
706691,美琪瑪凱基5A購01,2026-07-24,0.61,-0.04,-6.15,6000000,0,,是,,0.92,1.28,1.49,,-43.5049,-27.5666,
706694,雙鴻凱基59購17,2026-07-24,0.42,0.02,5.0,106000000,0,,是,,0.37,0.43,0.77,,-25.7028,-36.0825,
706695,立碁永豐5A購01,2026-07-24,0.58,0.15,34.88,1000000,0,,否,,0.4,0.63,,,-53.3643,,
706696,立碁永豐5B購01,2026-07-24,0.68,0.12,21.43,11000000,0,,否,,0.43,0.48,0.68,,-19.9248,-21.4754,
706699,立碁元富59購01,2026-07-24,1.09,0.27,32.93,1043000000,0,,是,,0.69,0.89,,,-37.2263,-43.2209,
706700,立碁元富59購02,2026-07-24,0.65,0.17,35.42,75000000,0,,否,,0.53,0.64,,,-30.4233,,
706705,立碁國票5A購01,2026-07-24,0.7,0.25,55.56,563000000,0,,是,,0.68,,,,,,
706707,邑錡國票59購01,2026-07-24,0.14,-0.2,-58.82,450000000,0,綠增,是,,0.49,0.68,0.5,,-43.6782,2.1021,11.0122
706708,閎康國票61購01,2026-07-24,1.34,0.01,0.75,250000000,0,綠縮,否,,1.29,1.5,1.9,,-24.9417,-24.1797,-11.5026
706709,台燿統一61購03,2026-07-24,3.63,-0.67,-15.58,10000000,0,,否,,6.1,6.06,,,1.2625,,
706710,良維統一62購02,2026-07-24,0.75,-0.01,-1.32,134000000,0,綠縮,否,,0.73,0.97,1.09,,-39.1015,-21.3181,-17.1656
706711,宜特統一62購02,2026-07-24,0.62,0.0,0.0,422000000,0,綠縮,否,,0.6,0.67,0.82,,-19.6237,-24.6067,-8.4029
706713,前鼎統一63購01,2026-07-24,1.13,0.01,0.89,85000000,0,,是,,1.3,,,,,,
706714,閎康統一63購01,2026-07-24,0.42,0.0,0.0,156000000,0,綠縮,是,,0.39,0.47,0.58,,-27.037,-24.4337,-10.9756
706717,世紀*元大59購01,2026-07-24,0.42,-0.04,-8.7,3000000,0,綠增,否,,0.47,0.7,0.76,,-50.0,-28.0864,-7.9614
706721,立碁元大59購01,2026-07-24,0.59,0.14,31.11,143000000,0,,否,,0.32,0.65,,,-67.2802,,
706727,宜特元大5C購01,2026-07-24,1.51,0.1,7.09,5000000,0,,是,,1.42,1.74,1.9,,-30.9709,-18.5307,
706729,閎康元大59購05,2026-07-24,1.49,0.18,13.74,1000000,0,,否,,2.18,2.78,,,-35.4056,,
706732,閎康元大5A購01,2026-07-24,1.33,0.1,8.13,1000000,0,綠縮,否,,1.21,1.51,1.66,,-33.2597,-20.6207,-8.7028
706734,雷科元大59購01,2026-07-24,12.4,-3.4,-21.52,10000000,0,,否,,18.74,19.56,,,-8.0471,-1.1622,
706735,雙鴻元大59購26,2026-07-24,0.49,0.11,28.95,569000000,0,綠縮,是,,0.39,0.44,0.58,,-20.6478,-23.6207,-13.373
706736,譜瑞元大59購03,2026-07-24,6.95,0.0,0.0,1000000,0,紅縮,否,,6.95,6.95,6.56,,0.0,1.4599,12.6374
706738,世紀*凱基59購03,2026-07-24,0.12,0.0,0.0,2000000,0,綠增,是,,0.23,0.36,0.37,,-53.8776,-18.6364,-18.1918
706740,立碁凱基59購01,2026-07-24,0.42,0.14,50.0,63000000,0,,是,,0.51,,,,,,
706741,均豪凱基59購03,2026-07-24,0.43,-0.1,-18.87,23000000,0,,否,,0.6,0.82,1.06,,-42.1154,-28.6707,-27.4436
706743,前鼎凱基61購01,2026-07-24,2.05,-0.11,-5.09,44000000,0,,是,,2.41,3.33,,,-43.4149,,
706744,順達凱基59購03,2026-07-24,1.13,-0.16,-12.4,116000000,0,綠增,是,,1.16,1.69,1.88,,-48.0216,-19.1774,-15.4955
706745,聖暉*凱基5A購01,2026-07-24,4.04,-0.33,-7.55,33000000,0,,否,,4.31,4.79,4.92,,-18.1784,-12.8751,6.3607
706749,雙鴻凱基61購01,2026-07-24,0.74,0.04,5.71,85000000,0,,否,,0.68,0.84,1.08,,-31.8637,-22.026,
706755,矽科國票5A購01,2026-07-24,0.48,-0.04,-7.69,3000000,0,,否,,0.67,0.9,,,-41.0211,,
706757,常珵國票59購02,2026-07-24,0.38,-0.01,-2.56,325000000,0,綠縮,是,,0.41,0.53,0.76,,-36.7284,-32.6972,-17.701
706760,順達國票5B購01,2026-07-24,1.29,-0.11,-7.86,5000000,0,綠增,否,,1.32,1.67,1.77,,-35.0739,-13.2193,-8.9763
706761,聖暉*國票5A購04,2026-07-24,3.79,-0.42,-9.98,41000000,0,,否,,4.14,4.95,5.12,,-28.0598,-15.6863,0.5791
706765,巨漢元大59購04,2026-07-24,1.53,-0.04,-2.55,117000000,0,綠增,是,,1.7,1.97,2.14,,-23.9286,-13.8112,-8.2174
706766,立碁元大59購02,2026-07-24,0.16,0.06,60.0,635000000,0,,是,,0.1,0.14,,,-45.1613,-64.9635,
706767,宏捷科元大59購03,2026-07-24,0.57,-0.08,-12.31,340000000,0,,是,,0.59,0.86,,,-48.4155,,
706775,順達元大59購04,2026-07-24,2.17,-0.08,-3.56,4000000,0,綠縮,是,,2.08,2.65,2.84,,-35.4037,-12.6566,-9.7134
706776,順達元大59購05,2026-07-24,2.19,-0.08,-3.52,36000000,0,綠縮,否,,2.06,2.6,2.83,,-34.2055,-11.0579,-8.7419
706781,雙鴻元大59購27,2026-07-24,0.43,0.05,13.16,30000000,0,,否,,0.4,0.48,0.59,,-29.0323,-21.9313,-14.5547
706788,宜特群益59購02,2026-07-24,1.42,0.02,1.43,491000000,0,綠縮,是,,1.42,1.86,2.5,,-38.1407,-31.9328,-13.3645
706789,前鼎群益5B購01,2026-07-24,1.21,-0.06,-4.72,40000000,0,,是,,1.27,1.77,,,-43.7666,-46.5517,
706790,順達群益5B購02,2026-07-24,1.57,-0.12,-7.1,60000000,0,綠增,否,,1.6,1.95,2.09,,-29.8338,-9.7866,-7.6736
706795,前鼎富邦5B購01,2026-07-24,1.28,0.14,12.28,4000000,0,,,,,,,,,,
706796,鈊象富邦5B購02,2026-07-24,1.1,-0.06,-5.17,23000000,0,,是,,1.13,1.3,,,-22.541,-14.2574,
706798,雙鴻富邦5B購01,2026-07-24,0.82,0.05,6.49,493000000,0,,是,,0.74,0.73,0.91,,0.8197,-14.9306,
706799,立碁統一63購01,2026-07-24,0.46,0.08,21.05,48000000,0,,是,,0.45,0.55,,,-30.2469,,
706801,順達統一63購02,2026-07-24,0.77,-0.04,-4.94,2000000,0,綠增,否,,0.75,0.86,0.9,,-21.6667,-12.3849,-7.6449
706802,順達統一66購01,2026-07-24,0.61,-0.02,-3.17,25000000,0,綠增,是,,0.62,0.75,0.78,,-28.1106,-13.6574,-7.2749
706804,雙鴻統一66購01,2026-07-24,0.31,-0.01,-3.12,40000000,0,綠縮,否,,0.31,0.35,0.39,,-21.134,-14.951,-14.6288
706805,順達中信59購01,2026-07-24,0.32,-0.02,-5.88,1000000,0,綠縮,否,,0.32,0.48,0.55,,-49.375,-20.9836,-13.6113
706812,前鼎元富59購02,2026-07-24,2.8,0.15,5.66,30000000,0,,是,,3.29,,,,,,
706813,勤凱元富59購02,2026-07-24,2.1,-0.38,-15.32,20000000,0,,是,,2.38,,,,,,
706819,台特化凱基59購06,2026-07-24,0.33,-0.06,-15.38,3000000,0,,是,,0.42,0.73,1.02,,-58.835,-32.3091,
706820,台燿凱基59購07,2026-07-24,10.1,-2.3,-18.55,5000000,0,,否,,,,,,,,
706821,巨漢凱基59購03,2026-07-24,2.18,0.1,4.81,6000000,0,,否,,2.07,2.4,,,-23.9354,-15.6821,
706825,前鼎凱基5B購01,2026-07-24,2.04,-0.39,-16.05,77000000,0,,是,,2.11,2.66,,,-33.9375,-30.5359,
706838,良維元大59購22,2026-07-24,0.61,-0.09,-12.86,5000000,0,,否,,0.94,1.28,,,-41.5842,-29.593,
706839,宜特元大59購04,2026-07-24,1.16,0.1,9.43,6000000,0,,否,,,,,,,,
706843,鈊象元大5C購04,2026-07-24,0.61,-0.04,-6.15,20000000,0,綠縮,否,,0.64,0.66,0.74,,-7.2886,-14.8196,-6.5913
706844,鈊象元大63購04,2026-07-24,0.39,0.0,0.0,106000000,0,綠縮,否,,0.4,0.41,0.48,,-8.3333,-17.6938,-6.5239
706846,雙鴻元大59購28,2026-07-24,0.5,0.04,8.7,269000000,0,,是,,0.43,0.53,0.66,,-30.8917,-17.9289,-13.75
706847,雙鴻元大59購29,2026-07-24,0.52,0.08,18.18,587000000,0,綠縮,是,,0.44,0.5,0.64,,-21.147,-20.7937,-15.6229
706850,東捷永豐5C購01,2026-07-24,2.53,-0.23,-8.33,18000000,0,,是,,2.81,3.98,,,-45.5146,-23.8515,
706851,前鼎永豐5B購02,2026-07-24,1.08,-0.11,-9.24,153000000,0,,是,,1.07,1.22,,,-21.0294,,
706852,鈊象永豐5B購01,2026-07-24,0.46,-0.02,-4.17,100000000,0,綠縮,否,,0.48,0.51,0.62,,-10.3704,-20.8655,-8.9365
706859,漢科元富5A購01,2026-07-24,1.76,0.18,11.39,10000000,0,綠縮,否,,1.67,1.71,1.77,,-4.1332,-5.6938,-0.4498
706860,廣運元富5C購01,2026-07-24,0.69,-0.17,-19.77,40000000,0,,否,,0.86,1.13,1.5,,-39.2045,-30.1666,-24.3448
706866,東捷群益63購02,2026-07-24,3.86,-0.26,-6.31,20000000,0,,否,,4.95,6.54,,,-39.0148,,
706871,鈊象群益5B購01,2026-07-24,0.32,-0.03,-8.57,60000000,0,綠縮,否,,0.34,0.37,0.47,,-15.3465,-25.9921,-10.8286
706872,聖暉*群益5C購01,2026-07-24,3.22,-0.25,-7.2,20000000,0,,否,,3.49,3.18,,,21.7877,20.9444,
706874,雙鴻群益59購14,2026-07-24,0.76,-0.06,-7.32,3000000,0,,否,,0.73,1.06,,,-47.6945,-51.4023,
706875,鑫科群益5B購01,2026-07-24,0.58,-0.08,-12.12,60000000,0,綠增,否,,0.65,0.91,1.08,,-44.8217,-21.5451,-8.3263
706876,久元國票5A購02,2026-07-24,0.7,-0.09,-11.39,100000000,0,紅增,是,,0.78,0.95,1.23,,-30.4659,-24.7414,-16.0164
706878,神盾國票62購01,2026-07-24,0.48,0.01,2.13,58000000,0,綠縮,否,,0.47,0.56,0.71,,-28.6585,-24.9666,-8.8405
706889,順達元大59購07,2026-07-24,2.06,-0.03,-1.44,9000000,0,,是,,1.97,2.36,2.52,,-28.2799,-10.4523,
706890,順達元大59購08,2026-07-24,0.45,-0.15,-25.0,20000000,0,,是,,0.78,1.15,,,-48.2804,-20.7326,
706891,順達元大59購09,2026-07-24,0.37,-0.02,-5.13,6000000,0,,否,,0.35,0.6,0.65,,-59.0588,-27.0402,-17.4874
706892,鈊象元大63購05,2026-07-24,1.28,-0.03,-2.29,431000000,0,綠縮,否,,1.32,1.35,1.44,,-4.3541,-9.6515,-2.5996
706901,聖暉*凱基5B購03,2026-07-24,4.4,-1.0,-18.52,55000000,0,,否,,5.31,,,,,,
706902,雙鴻凱基59購18,2026-07-24,1.32,0.2,17.86,435000000,0,,是,,1.08,1.48,,,-42.476,-36.788,
706903,台燿國票5B購02,2026-07-24,8.65,-1.85,-17.62,5000000,0,,是,,14.43,,,,,,
706905,宣德國票5B購01,2026-07-24,0.2,-0.02,-9.09,296000000,0,綠縮,是,,0.23,0.33,0.48,,-45.0704,-28.5714,-22.2494
706915,中光電永豐5B購01,2026-07-24,1.58,0.07,4.64,5000000,0,綠增,否,,1.74,2.09,1.85,,-28.4893,-8.8171,13.755
706917,宜特永豐59購03,2026-07-24,0.52,0.04,8.33,25000000,0,,否,,0.58,0.73,,,-33.7868,-20.3261,
706919,雙鴻永豐5C購02,2026-07-24,0.79,0.05,6.76,2000000,0,綠轉紅,否,,0.69,0.68,0.81,,3.2738,-13.7626,-10.0055
706922,宜特永豐5C購02,2026-07-24,1.0,0.06,6.38,43000000,0,,否,,1.16,1.48,1.55,,-34.9721,-17.1156,-10.1734
706935,千附精國票5B購01,2026-07-24,2.75,-0.05,-1.79,10000000,0,,是,,2.8,3.59,3.43,,-36.2642,-11.6302,
706940,華電網國泰5B購01,2026-07-24,0.24,-0.12,-33.33,800000000,0,綠縮,是,,0.26,0.41,0.59,,-54.2553,-36.2791,-25.7339
706942,久元富邦5C購01,2026-07-24,0.7,-0.04,-5.41,2000000,0,,否,,0.79,,,,,,
706947,印能元大5A購01,2026-07-24,3.76,0.21,5.92,108000000,0,,是,,2.78,2.77,3.44,,0.8708,-13.9838,
706948,印能元大64購01,2026-07-24,3.38,0.19,5.96,52000000,0,,是,,2.71,2.37,,,33.7611,13.41,
706949,良維元大61購01,2026-07-24,2.62,-0.1,-3.68,2000000,0,,是,,2.52,,,,,,
706950,東捷元大61購01,2026-07-24,3.9,-0.25,-6.02,9000000,0,,,,,,,,,,
706953,鈊象元大64購02,2026-07-24,0.75,-0.02,-2.6,70000000,0,綠縮,否,,0.77,0.8,0.88,,-7.2115,-12.9207,-4.3313
706955,匯鑽科元大5A購02,2026-07-24,0.29,-0.04,-12.12,2150000000,0,,是,,0.52,,,,,,
706957,雙鴻元大5A購05,2026-07-24,1.22,0.06,5.17,1216000000,0,綠縮,是,,1.11,1.14,1.45,,-5.3082,-20.2665,-13.789
706958,世紀*群益5A購01,2026-07-24,0.05,-0.01,-16.67,20000000,0,,否,,0.07,0.12,,,-59.5238,,
706960,印能群益5A購01,2026-07-24,3.13,0.38,13.82,10000000,0,,是,,,,,,,,
706966,千附精凱基5B購01,2026-07-24,3.35,-1.15,-25.56,15000000,0,,是,,5.27,4.96,,,13.4682,12.3415,
706968,印能凱基64購01,2026-07-24,3.26,0.36,12.41,92000000,0,紅增,否,,2.69,2.44,2.72,,23.1261,-0.041,-0.9995
706971,雙鴻凱基5A購05,2026-07-24,0.76,0.08,11.76,164000000,0,,是,,0.68,0.82,1.33,,-27.8481,-31.601,
706972,印能國票5A購03,2026-07-24,3.15,0.41,14.96,113000000,0,紅增,否,,2.43,2.23,2.6,,19.7433,-9.9515,-4.2807
706977,耀勝國票61購01,2026-07-24,0.15,-0.01,-6.25,10000000,0,綠縮,否,,0.18,0.32,0.49,,-60.262,-39.7363,-22.524
706978,印能國泰5B購01,2026-07-24,4.77,0.51,11.97,14000000,0,,否,,4.05,3.61,3.81,,27.3128,4.3931,
706980,神盾統一64購01,2026-07-24,0.5,0.0,0.0,391000000,0,綠縮,是,,0.49,0.55,0.65,,-20.5212,-17.6383,-6.7626
706982,印能永豐64購01,2026-07-24,3.84,0.13,3.5,15000000,0,,否,,3.38,3.13,3.52,,17.1983,-3.154,
706985,原相永豐5B購02,2026-07-24,1.49,-0.09,-5.7,15000000,0,綠縮,否,,1.29,1.69,2.01,,-38.5277,-24.4971,-8.341
706986,神盾永豐5C購02,2026-07-24,0.57,0.06,11.76,270000000,0,綠縮,是,,0.52,0.61,0.78,,-26.7606,-29.3915,-12.1827
706987,創泓永豐5C購01,2026-07-24,1.63,-0.27,-14.21,7000000,0,紅縮,否,,1.9,1.9,1.42,,0.2105,26.4628,25.4859
706990,天品元大5A購01,2026-07-24,0.2,-0.02,-9.09,268000000,0,,是,,0.19,0.23,,,-26.1538,-11.3725,
706991,世紀*元大5A購01,2026-07-24,0.14,0.0,0.0,10000000,0,綠增,否,,0.15,0.16,0.17,,-10.4651,-14.2105,3.0864
706998,印能群益5A購02,2026-07-24,2.98,0.41,15.95,85000000,0,,是,,2.83,2.82,2.95,,0.4972,3.6724,
707000,高僑群益5B購01,2026-07-24,1.01,0.15,17.44,23000000,0,,否,,1.41,2.02,2.19,,-46.2709,-18.3508,-15.7439
707004,雙鴻群益5A購05,2026-07-24,2.52,0.12,5.0,141000000,0,,是,,2.14,2.6,3.77,,-30.0914,-31.8586,-16.7457
707006,台嘉碩元大5A購01,2026-07-24,1.11,0.28,33.73,10000000,0,綠縮,是,,1.15,1.63,1.81,,-45.4545,-16.4363,-11.1438
707009,印能元大5A購05,2026-07-24,3.21,0.33,11.46,86000000,0,,否,,2.37,2.69,,,-21.2383,,
707010,印能元大5A購06,2026-07-24,3.14,0.33,11.74,28000000,0,,否,,2.76,2.73,,,2.0725,,
707011,印能元大5B購01,2026-07-24,3.24,0.21,6.93,145000000,0,紅增,是,,2.77,2.48,2.72,,26.1623,0.3235,1.7225
707012,印能元大5C購02,2026-07-24,2.09,0.08,3.98,50000000,0,,是,,1.97,2.08,2.02,,-10.6364,2.2582,
707014,印能元大64購02,2026-07-24,1.3,0.1,8.33,29000000,0,紅縮,是,,1.3,1.27,1.28,,4.3339,3.6645,4.0228
707023,華電網元大5A購01,2026-07-24,0.13,-0.11,-45.83,10000000,0,,是,,0.34,,,,,,
707028,印能凱基5A購03,2026-07-24,2.76,0.44,18.97,100000000,0,紅增,否,,2.1,1.81,2.14,,37.8947,-12.3181,-6.9686
707030,系微凱基5A購02,2026-07-24,0.58,-0.12,-17.14,230000000,0,綠縮,是,,0.7,0.94,1.49,,-41.5126,-37.3005,-18.0395
707033,前鼎凱基5A購03,2026-07-24,1.41,-0.01,-0.7,31000000,0,,是,,1.98,2.86,,,-47.194,,
707035,陽程凱基5A購01,2026-07-24,3.7,0.36,10.78,20000000,0,,是,,3.53,4.16,,,-26.285,-10.5059,
707036,陽程凱基5A購02,2026-07-24,3.46,-0.25,-6.74,140000000,0,,是,,3.67,4.41,,,-28.8096,-14.5704,
707041,台嘉碩國票5A購01,2026-07-24,1.34,0.29,27.62,86000000,0,綠縮,否,,1.23,1.68,2.28,,-42.1992,-36.2808,-17.9723
707042,印能國票5B購01,2026-07-24,1.65,0.2,13.79,658000000,0,紅增,否,,1.33,1.19,1.37,,24.6241,-2.6873,-2.276
707046,博盛國票5B購01,2026-07-24,1.0,-0.05,-4.76,30000000,0,綠縮,否,,1.0,1.45,2.22,,-47.2076,-40.7195,-4.7046
707048,雙鴻中信64購01,2026-07-24,0.58,0.05,9.43,159000000,0,綠縮,是,,0.52,0.53,0.6,,-2.6217,-10.2215,-7.0652
707050,印能永豐5A購02,2026-07-24,1.91,0.21,12.35,36000000,0,紅增,是,,1.43,1.27,1.54,,30.4189,-7.326,-4.1589
707051,印能永豐61購01,2026-07-24,2.79,0.31,12.5,108000000,0,紅增,是,,2.35,2.12,2.43,,24.3129,-1.3023,0.7269
707052,同致永豐5C購01,2026-07-24,0.28,0.03,12.0,1000000,0,,否,,0.3,0.37,,,-31.982,,
707053,同致永豐61購01,2026-07-24,0.43,0.06,16.22,20000000,0,,否,,0.57,,,,,,
707056,宜特永豐5B購01,2026-07-24,1.24,0.06,5.08,73000000,0,,否,,1.51,1.75,,,-24.2972,-13.0651,
707063,台嘉碩國泰5B購01,2026-07-24,3.1,0.38,13.97,57000000,0,,是,,2.86,3.56,4.53,,-33.0211,-29.2799,
707067,雙鴻富邦5C購05,2026-07-24,1.05,0.16,17.98,644000000,0,,是,,0.9,0.93,,,-6.8465,-26.2282,
707068,雙鴻富邦5C購06,2026-07-24,1.04,0.16,18.18,201000000,0,,是,,0.88,0.9,1.17,,-4.1304,-21.31,
707071,立碁統一67購01,2026-07-24,0.58,0.06,11.54,7000000,0,,否,,,,,,,,
707072,立碁統一74購01,2026-07-24,0.63,0.06,10.53,1000000,0,,是,,0.53,,,,,,
707073,印能統一63購02,2026-07-24,1.32,0.22,20.0,201000000,0,紅增,是,,1.04,0.93,1.01,,27.0732,8.8889,1.002
707074,印能統一74購01,2026-07-24,1.98,-0.03,-1.49,34000000,0,紅增,否,,1.83,1.76,1.8,,8.0473,-3.1938,-3.0401
707075,沛亨統一74購01,2026-07-24,0.56,0.0,0.0,151000000,0,綠縮,是,,0.56,0.67,0.9,,-27.4611,-27.9221,-16.975
707076,系統電統一67購01,2026-07-24,0.47,-0.02,-4.08,7000000,0,綠縮,否,,0.48,0.58,0.69,,-28.1899,-19.2469,-12.6029
707079,華電網統一64購01,2026-07-24,0.17,-0.06,-26.09,150000000,0,綠縮,是,,0.18,0.21,0.26,,-21.3675,-20.8333,-13.2107
707080,華電網統一74購01,2026-07-24,0.35,-0.08,-18.6,114000000,0,,是,,0.37,0.42,0.47,,-20.4255,-12.0833,
707082,順達統一63購03,2026-07-24,0.7,-0.06,-7.89,17000000,0,綠增,否,,0.72,0.87,0.99,,-29.9611,-15.1456,-6.6698
707086,廣閎科統一64購01,2026-07-24,1.22,-0.02,-1.61,10000000,0,,否,,1.48,1.24,,,46.3366,,
707089,雙鴻統一62購05,2026-07-24,0.59,0.14,31.11,3000000,0,,否,,0.65,0.77,0.81,,-27.5785,-13.0091,
707090,雙鴻統一66購02,2026-07-24,0.52,0.01,1.96,10000000,0,綠縮,否,,0.48,0.49,0.57,,-4.0323,-13.5231,-8.2192
707096,岳豐群益5A購01,2026-07-24,0.35,0.05,16.67,2000000,0,,否,,0.74,0.91,0.92,,-30.9125,-15.6134,-1.8047
707102,寶雅群益5A購01,2026-07-24,2.98,0.26,9.56,14000000,0,,是,,2.77,2.74,,,2.5907,,
707117,頎邦凱基64購01,2026-07-24,3.7,-1.06,-22.27,5000000,0,,否,,4.83,6.21,,,-36.3636,,
707119,雙鴻凱基5C購05,2026-07-24,1.13,0.24,26.97,90000000,0,綠轉紅,否,,0.89,0.89,1.24,,-0.2232,-23.5043,-16.0163
707123,耕興國票5B購01,2026-07-24,0.39,-0.02,-4.88,4000000,0,綠增,否,,0.41,0.51,0.53,,-30.7692,-10.4425,-11.4618
707127,磐亞國票5B購01,2026-07-24,9.75,0.8,8.94,5000000,0,紅縮,否,,10.16,9.4,6.86,,17.5926,34.6705,34.7113
707129,宜特富邦5C購01,2026-07-24,0.82,0.07,9.33,331000000,0,,否,,0.8,0.96,,,-28.3422,,
707131,精材富邦5A購01,2026-07-24,6.5,-1.25,-16.13,1000000,0,,否,,3.49,,,,,,
707132,聚和富邦5A購01,2026-07-24,0.29,-0.02,-6.45,6000000,0,綠增,是,,0.33,0.45,0.48,,-41.0714,-21.0993,-11.6883
707133,正淩統一63購01,2026-07-24,0.47,-0.05,-9.62,46000000,0,綠增,否,,0.51,0.61,0.66,,-28.3286,-16.5289,-8.1006
707134,同致統一64購01,2026-07-24,0.35,0.03,9.38,25000000,0,,是,,0.33,0.37,,,-20.4878,-20.0,
707138,陽程統一64購02,2026-07-24,1.08,-0.03,-2.7,5000000,0,,否,,1.27,,,,,,
707140,萬泰科統一74購01,2026-07-24,0.87,-0.01,-1.14,2000000,0,,是,,0.86,0.94,1.0,,-16.699,-9.7514,-6.2822
707142,群翊統一74購01,2026-07-24,0.46,-0.02,-4.17,10000000,0,,否,,0.48,0.51,0.52,,-10.7407,-3.2197,
707143,頎邦統一64購02,2026-07-24,2.71,-0.61,-18.37,1000000,0,,否,,3.33,3.76,,,-20.4296,-16.3442,
707144,頎邦統一67購01,2026-07-24,1.27,-0.31,-19.62,15000000,0,,否,,1.79,1.99,2.4,,-18.3227,-18.7194,-16.6638
707147,宏捷科永豐5C購01,2026-07-24,0.78,-0.12,-13.33,111000000,0,,是,,1.4,,,,,,
707151,茂綸永豐5A購01,2026-07-24,0.99,0.03,3.12,390000000,0,綠縮,是,,0.91,1.25,1.62,,-42.6952,-24.6228,-22.724
707153,陽程永豐5C購01,2026-07-24,4.47,-0.02,-0.45,14000000,0,,否,,4.49,5.33,,,-27.3786,-16.198,
707156,璟德永豐5A購01,2026-07-24,0.08,-0.07,-46.67,28000000,0,,是,,0.97,1.27,,,-37.931,-5.5101,
707158,雙鴻永豐5C購03,2026-07-24,1.06,0.04,3.92,397000000,0,,是,,0.94,1.03,1.34,,-16.9912,-23.5772,-18.8445
707172,翔名凱基5A購01,2026-07-24,2.3,-0.28,-10.85,100000000,0,綠增,是,,2.67,3.48,3.88,,-37.6399,-19.9218,-2.9036
707173,華景電凱基5A購01,2026-07-24,0.31,0.02,6.9,112000000,0,綠縮,是,,0.34,0.55,1.13,,-56.1358,-53.3841,-25.2154
707178,世界群益5C購01,2026-07-24,1.36,-0.1,-6.85,55000000,0,,否,,1.36,1.57,,,-23.5955,-16.5338,
707189,華景電國票5B購01,2026-07-24,0.48,-0.06,-11.11,130000000,0,綠縮,是,,0.55,0.81,1.21,,-49.162,-38.914,-18.5992
707192,鈺太國泰5B購01,2026-07-24,0.61,-0.19,-23.75,8000000,0,,否,,0.97,1.4,,,-47.2192,,
707193,雙鴻國泰67購01,2026-07-24,2.01,0.15,8.06,15000000,0,綠轉紅,否,,1.8,1.77,2.1,,4.3981,-13.6008,-9.5525
707194,久元統一64購01,2026-07-24,0.71,-0.04,-5.33,183000000,0,紅增,是,,0.72,0.75,0.84,,-7.4169,-9.6038,-8.0814
707195,湧德統一74購01,2026-07-24,0.41,-0.02,-4.65,20000000,0,,否,,0.47,0.48,,,-5.6452,-14.6903,
707196,華景電統一64購01,2026-07-24,0.56,0.05,9.8,469000000,0,綠縮,是,,0.58,0.67,0.79,,-24.147,-18.6893,-10.2564
707198,華景電統一65購01,2026-07-24,0.63,-0.01,-1.56,1000000,0,綠增,否,,0.77,0.91,0.99,,-25.8621,-14.0832,-5.6899
707200,華景電統一74購01,2026-07-24,0.57,0.03,5.56,80000000,0,綠縮,是,,0.55,0.62,0.71,,-21.0375,-16.9786,-8.1238
707205,頎邦統一64購03,2026-07-24,2.09,-0.52,-19.92,17000000,0,,是,,2.35,2.8,3.69,,-27.6923,-27.3294,
707209,台燿元大64購04,2026-07-24,2.45,-0.45,-15.52,48000000,0,,否,,2.46,3.27,,,-39.7059,-24.3406,
707215,信紘科元大5A購01,2026-07-24,0.6,-0.04,-6.25,35000000,0,綠縮,是,,0.65,0.81,1.03,,-33.5391,-24.3925,-11.0155
707217,華景電元大5A購02,2026-07-24,0.7,0.06,9.38,295000000,0,綠縮,是,,0.72,0.99,1.35,,-42.492,-34.2228,-12.9971
707218,順達元大5A購07,2026-07-24,1.73,-0.14,-7.49,104000000,0,綠縮,否,,1.75,2.14,2.34,,-30.6962,-9.5902,-7.2024
707220,群翊元大5A購01,2026-07-24,0.36,-0.02,-5.26,7000000,0,綠增,否,,0.43,0.6,0.65,,-44.5596,-18.0328,-20.6242
707221,雙鴻元大64購02,2026-07-24,1.66,0.1,6.41,241000000,0,綠縮,是,,1.47,1.45,1.68,,2.371,-12.748,-9.6661
707222,世界永豐61購01,2026-07-24,1.9,-0.41,-17.75,47000000,0,,否,,2.42,2.84,2.51,,-25.9804,0.4599,0.7431
707224,台燿永豐5A購03,2026-07-24,4.08,-1.22,-23.02,14000000,0,,是,,4.41,5.94,,,-40.959,,
707227,華景電永豐5C購01,2026-07-24,0.91,-0.07,-7.14,116000000,0,綠縮,是,,0.93,1.13,1.52,,-30.4348,-30.1421,-13.6776
707228,華景電永豐61購01,2026-07-24,0.88,0.04,4.76,54000000,0,,是,,1.38,1.71,,,-32.4536,-17.3179,
707233,陽程凱基5A購03,2026-07-24,3.77,-0.08,-2.08,12000000,0,,是,,4.18,4.48,,,-12.7402,,
707238,廣閎科凱基5A購02,2026-07-24,2.03,-0.52,-20.39,10000000,0,,否,,3.77,4.11,3.34,,-15.3501,4.3633,
707239,雙鴻凱基5A購06,2026-07-24,0.22,0.05,29.41,20000000,0,,是,,0.16,0.17,0.38,,-3.5714,-42.5087,
707245,順達元大64購02,2026-07-24,0.96,0.04,4.35,3000000,0,,否,,1.28,1.25,,,3.5714,1.0475,
707246,鈊象元大61購01,2026-07-24,1.2,-0.03,-2.44,284000000,0,綠縮,否,,1.24,1.27,1.37,,-5.5046,-10.7368,-3.4203
707248,萬泰科元大5A購01,2026-07-24,0.63,-0.02,-3.08,1000000,0,,否,,0.68,0.95,1.11,,-44.5172,-22.2586,
707250,台燿國票5B購04,2026-07-24,5.85,-1.5,-20.41,21000000,0,,是,,7.92,,,,,,
707251,順達國票5B購02,2026-07-24,0.9,0.0,0.0,9000000,0,綠縮,否,,0.85,1.1,1.16,,-37.1302,-13.6471,-10.9195
707255,宏捷科國泰5B購01,2026-07-24,0.49,-0.06,-10.91,53000000,0,綠縮,是,,0.5,0.66,0.95,,-38.835,-29.8097,-17.7468
707256,宏捷科國泰5B購02,2026-07-24,0.41,-0.05,-10.87,22000000,0,綠縮,否,,0.39,0.51,0.73,,-36.039,-31.105,-21.0384
707258,東捷永豐64購01,2026-07-24,2.91,-0.26,-8.2,82000000,0,,否,,3.7,4.4,,,-27.4441,,
707260,勤凱永豐5C購03,2026-07-24,0.61,-0.09,-12.86,1000000,0,綠縮,否,,0.78,1.14,1.65,,-48.6772,-30.9596,-22.8111
707266,東捷統一64購02,2026-07-24,1.15,-0.26,-18.44,5000000,0,,否,,1.83,2.12,,,-24.0664,-17.8295,
707268,華景電統一63購01,2026-07-24,0.46,0.05,12.2,376000000,0,綠縮,是,,0.43,0.55,0.7,,-34.3465,-27.5266,-13.7654
707273,新盛力統一74購02,2026-07-24,0.88,-0.08,-8.33,141000000,0,綠增,否,,0.93,1.03,1.13,,-17.4912,-11.2543,-6.1851
707276,頎邦統一74購01,2026-07-24,1.04,-0.17,-14.05,56000000,0,綠增,否,,1.18,1.31,1.57,,-18.144,-15.617,-9.9254
707278,德微統一64購01,2026-07-24,0.7,-0.1,-12.5,12000000,0,,是,,0.95,1.53,,,-54.9669,-19.6541,
707279,久元凱基61購01,2026-07-24,0.64,-0.06,-8.57,1000000,0,紅增,是,,0.69,0.79,1.04,,-22.7477,-23.1445,-17.0984
707284,宏觀凱基64購01,2026-07-24,0.43,-0.03,-6.52,30000000,0,,是,,0.48,0.6,,,-33.8889,,
707285,旺矽凱基5A購04,2026-07-24,1.6,-0.5,-23.81,306000000,0,綠增,是,,1.83,2.75,2.99,,-49.9454,-21.0693,-4.802
707290,均豪兆豐5C購01,2026-07-24,0.32,-0.02,-5.88,250000000,0,綠縮,否,,0.32,0.4,0.52,,-32.7801,-33.9344,-5.3162
707292,台星科元大5A購01,2026-07-24,0.67,-0.03,-4.29,252000000,0,,是,,0.71,0.8,0.9,,-18.6788,-5.1251,
707298,台燿元大5A購09,2026-07-24,2.0,-0.06,-2.91,1000000,0,綠縮,否,,1.77,2.17,3.04,,-31.2645,-30.3777,-10.6083
707299,台燿元大61購06,2026-07-24,1.97,0.0,0.0,28000000,0,綠縮,否,,1.69,1.95,2.52,,-23.7365,-24.7689,-11.9406
707300,旺矽元大5A購02,2026-07-24,5.0,0.0,0.0,1000000,0,紅縮,否,,5.0,4.87,4.89,,5.2632,1.2671,3.5809
707302,信驊元大5B購01,2026-07-24,2.59,-0.6,-18.81,26000000,0,綠縮,是,,2.61,2.97,3.66,,-21.7887,-22.3182,-10.1928
707303,華景電元大5A購03,2026-07-24,0.19,-0.1,-34.48,20000000,0,,是,,0.34,0.6,0.83,,-61.1111,-36.5079,-13.0068
707304,陽程元大63購01,2026-07-24,1.36,0.04,3.03,73000000,0,,是,,1.33,1.51,,,-20.9964,-11.3917,
707306,台燿永豐5C購03,2026-07-24,3.15,-0.65,-17.11,15000000,0,綠縮,否,,3.57,4.3,5.71,,-28.9526,-26.342,-17.3186
707311,均豪永豐5C購01,2026-07-24,0.4,-0.08,-16.67,28000000,0,,是,,0.46,0.66,0.78,,-46.8677,-13.6126,
707312,良維永豐5C購01,2026-07-24,1.72,-0.18,-9.47,75000000,0,,是,,1.74,2.55,,,-48.3066,-39.445,
707313,旺矽永豐5A購03,2026-07-24,1.64,-0.69,-29.61,498000000,0,綠增,是,,1.91,2.37,2.93,,-32.5548,-25.854,-10.7877
707316,長科*永豐5A購01,2026-07-24,2.08,-0.12,-5.45,8000000,0,,是,,2.5,3.2,4.28,,-35.7949,-34.5328,-4.6993
707317,信驊永豐5A購03,2026-07-24,1.75,-0.33,-15.87,67000000,0,紅增,否,,1.68,1.48,2.05,,32.5984,-18.081,-17.8335
707318,前鼎永豐61購01,2026-07-24,1.24,0.05,4.2,73000000,0,,是,,1.25,1.84,,,-48.8085,,
707320,翔名永豐5B購02,2026-07-24,0.92,0.03,3.37,16000000,0,綠縮,否,,0.93,1.15,1.25,,-31.8649,-18.2727,-2.7573
707326,台燿富邦64購01,2026-07-24,1.37,-0.34,-19.88,5000000,0,綠縮,否,,1.46,1.63,2.15,,-19.1796,-21.4355,-6.798
707330,台燿國票5B購05,2026-07-24,3.45,-0.82,-19.2,113000000,0,綠縮,否,,3.9,4.59,6.13,,-26.2121,-28.1441,-10.2888
707331,台燿統一63購01,2026-07-24,1.66,-0.24,-12.63,16000000,0,綠縮,否,,1.74,2.09,2.63,,-28.3717,-24.3841,-7.761
707332,台燿統一64購03,2026-07-24,1.21,-0.16,-11.68,1000000,0,綠縮,否,,1.17,1.47,1.7,,-33.4467,-18.9294,-7.2109
707334,台燿統一66購02,2026-07-24,1.3,-0.17,-11.56,51000000,0,綠增,否,,1.45,1.62,1.97,,-19.1061,-19.9308,-7.4736
707335,台燿統一74購02,2026-07-24,1.2,-0.19,-13.67,245000000,0,綠增,是,,1.31,1.52,1.75,,-24.2178,-18.9204,-7.2168
707336,台燿統一74購03,2026-07-24,1.34,-0.08,-5.63,26000000,0,紅增,否,,1.33,1.27,1.31,,10.8153,0.6354,0.1149
707337,巨漢統一63購02,2026-07-24,0.62,0.07,12.73,145000000,0,綠縮,是,,0.56,0.61,0.68,,-15.3614,-12.8023,-7.3469
707340,旺矽統一63購06,2026-07-24,1.42,-0.34,-19.32,11000000,0,綠增,否,,1.54,1.74,1.93,,-20.7003,-14.6569,-4.6856
707341,旺矽統一64購01,2026-07-24,1.63,-0.07,-4.12,6000000,0,綠縮,否,,1.6,1.71,1.9,,-12.4726,-12.8179,-4.4964
707343,前鼎統一64購01,2026-07-24,0.77,-0.02,-2.53,440000000,0,綠縮,是,,0.75,0.87,1.18,,-23.2179,-23.7258,-16.8251
707347,勤凱統一74購02,2026-07-24,0.74,-0.04,-5.13,5000000,0,綠縮,否,,0.76,0.95,1.16,,-32.7465,-19.6957,-14.8053
707348,新盛力統一63購01,2026-07-24,1.43,-0.18,-11.18,13000000,0,,否,,1.59,2.0,2.25,,-34.2975,-16.5973,-3.4801
707349,新盛力統一64購02,2026-07-24,1.31,-0.25,-16.03,20000000,0,,否,,1.85,1.99,2.2,,-13.1579,-11.8012,-2.3472
707353,頎邦統一74購03,2026-07-24,1.21,-0.07,-5.47,41000000,0,綠縮,否,,1.26,1.41,1.7,,-19.4622,-16.4692,-11.885
707354,廣閎科統一64購02,2026-07-24,1.3,-0.02,-1.52,20000000,0,綠增,否,,1.73,1.9,1.65,,-16.3601,-1.6079,15.2797
707355,廣閎科統一67購01,2026-07-24,0.77,-0.06,-7.23,24000000,0,,否,,0.8,1.03,,,-36.1905,1.5748,
707356,廣閎科統一74購03,2026-07-24,1.32,0.01,0.76,130000000,0,,是,,1.28,1.2,,,14.1071,,
707359,元太凱基5A購02,2026-07-24,3.82,0.09,2.41,1000000,0,,否,,3.35,3.9,4.16,,-24.3913,-12.883,
707361,宜特凱基61購01,2026-07-24,1.02,0.01,0.99,12000000,0,,否,,1.38,1.58,1.68,,-22.7834,-13.0507,-8.6685
707362,信紘科凱基5A購01,2026-07-24,0.69,-0.02,-2.82,150000000,0,綠增,是,,0.8,1.09,1.3,,-42.2799,-25.9986,-13.178
707364,頎邦凱基63購01,2026-07-24,2.68,-1.06,-28.34,5000000,0,綠增,否,,3.76,4.33,5.47,,-23.1398,-19.5313,-11.1734
707368,鴻呈凱基5A購01,2026-07-24,0.4,-0.11,-21.57,10000000,0,紅增,是,,0.43,0.49,0.65,,-22.5806,-22.292,-20.1852
707371,前鼎永豐61購02,2026-07-24,0.7,0.05,7.69,150000000,0,紅增,是,,0.62,0.7,0.94,,-20.3608,-22.2965,-16.7334
707374,頎邦永豐61購01,2026-07-24,1.38,-0.57,-29.23,246000000,0,綠增,是,,1.91,2.23,2.81,,-25.0589,-19.1064,-11.6612
707376,譜瑞永豐5C購01,2026-07-24,1.35,0.01,0.75,1000000,0,紅增,否,,1.3,1.51,1.68,,-24.8843,-10.4204,-17.9839
707377,天品國票5A購01,2026-07-24,0.19,-0.02,-9.52,45000000,0,,否,,0.19,0.22,,,-27.1318,,
707378,泓格國票5A購01,2026-07-24,7.95,1.45,22.31,1000000,0,,是,,6.06,4.76,4.08,,74.7405,35.2641,5.1622
707382,廣閎科國票5B購03,2026-07-24,1.54,-0.11,-6.67,10000000,0,綠增,否,,1.95,2.68,2.55,,-42.7315,-15.7878,7.9907
707387,前鼎群益5A購01,2026-07-24,2.06,0.3,17.05,2000000,0,,是,,,,,,,,
707394,廣閎科群益5B購01,2026-07-24,2.86,-0.44,-13.33,149000000,0,,否,,3.87,4.69,3.99,,-29.8258,-6.4992,15.5797
707395,譜瑞群益5B購01,2026-07-24,2.09,-0.49,-18.99,51000000,0,,是,,2.46,,,,,,
707397,天品元大61購01,2026-07-24,0.38,-0.06,-13.64,1065000000,0,,是,,0.38,0.41,0.42,,-14.1553,-9.7561,-0.5882
707398,東捷元大5A購02,2026-07-24,1.0,-0.21,-17.36,1000000,0,,否,,2.2,2.63,2.84,,-28.0679,-6.9587,
707403,廣閎科元大5A購02,2026-07-24,1.2,-0.23,-16.08,33000000,0,綠增,是,,1.54,2.74,2.62,,-60.7325,-21.3896,5.1859
707405,群翊國泰5B購02,2026-07-24,1.46,-0.08,-5.19,1000000,0,綠增,否,,1.84,2.09,2.18,,-21.1654,-11.4928,-9.5831
707406,久元統一64購02,2026-07-24,0.48,-0.03,-5.88,397000000,0,,是,,0.5,0.62,,,-33.7766,-29.4582,
707409,均豪統一63購02,2026-07-24,0.38,-0.02,-5.0,24000000,0,綠縮,否,,0.42,0.49,0.55,,-25.9786,-19.5724,-4.8696
707411,宜特統一74購01,2026-07-24,0.47,-0.02,-4.08,20000000,0,,否,,0.5,0.57,0.61,,-21.0031,-10.9204,
707412,東捷統一63購02,2026-07-24,1.08,-0.25,-18.8,5000000,0,,否,,2.31,2.34,,,-2.5316,-3.862,
707414,前鼎統一74購01,2026-07-24,0.61,0.0,0.0,27000000,0,綠縮,否,,0.61,0.67,0.8,,-16.3934,-15.5779,-10.9749
707416,順達統一64購02,2026-07-24,0.65,-0.01,-1.52,100000000,0,,是,,0.61,0.76,,,-33.6245,,
707422,頎邦富邦61購02,2026-07-24,1.29,-0.54,-29.51,123000000,0,綠增,否,,1.73,2.06,2.68,,-27.5084,-21.3796,-12.5836
707426,千附精永豐5B購01,2026-07-24,1.76,-0.02,-1.12,10000000,0,綠增,是,,1.85,2.29,2.34,,-32.135,-11.4894,-1.8908
707429,沛亨永豐61購01,2026-07-24,0.46,-0.02,-4.17,640000000,0,綠縮,否,,0.51,0.78,1.17,,-51.0476,-40.8919,-23.9844
707431,朋億*永豐5B購01,2026-07-24,1.78,-0.32,-15.24,10000000,0,,否,,3.1,2.46,,,69.77,,
707447,巨漢國泰5B購01,2026-07-24,0.77,0.09,13.24,4000000,0,綠縮,否,,0.79,0.86,0.93,,-15.9574,-9.9896,-5.9121
707449,立碁國泰5B購01,2026-07-24,1.13,0.15,15.31,52000000,0,,是,,0.68,0.78,1.14,,-22.6027,-24.7093,
707453,千附統一64購01,2026-07-24,1.5,0.13,9.49,78000000,0,紅增,是,,1.36,1.25,0.97,,18.4991,35.9392,22.3203
707454,千附精統一74購01,2026-07-24,0.85,0.0,0.0,108000000,0,,是,,0.88,0.96,0.98,,-16.0305,-5.9512,
707455,台星科統一74購01,2026-07-24,0.74,-0.03,-3.9,20000000,0,,是,,0.76,0.82,0.81,,-15.2466,-3.3998,
707458,正淩統一74購01,2026-07-24,0.44,-0.01,-2.22,410000000,0,,是,,0.55,0.58,,,-9.772,,
707459,立敦統一74購01,2026-07-24,1.02,-0.11,-9.73,42000000,0,綠增,是,,1.12,1.31,1.42,,-24.698,-15.5785,-5.0768
707460,兆利統一64購02,2026-07-24,0.21,0.01,5.0,10000000,0,綠增,是,,0.26,0.3,0.36,,-20.0,-18.4066,-16.2573
707465,湧德統一64購01,2026-07-24,0.28,-0.02,-6.67,46000000,0,綠縮,否,,0.28,0.33,0.37,,-23.6559,-15.6812,-15.1796
707467,陽程統一66購01,2026-07-24,0.89,-0.02,-2.2,311000000,0,紅增,否,,0.87,0.97,1.02,,-18.609,-10.8133,-6.1093
707468,陽程統一74購02,2026-07-24,0.75,0.0,0.0,61000000,0,,是,,0.73,0.81,,,-16.21,,
707469,陽程統一74購03,2026-07-24,0.92,0.0,0.0,162000000,0,,是,,0.9,0.98,1.03,,-16.4179,-7.2573,
707470,順達統一74購01,2026-07-24,0.68,0.01,1.49,1000000,0,綠縮,否,,0.65,0.72,0.75,,-17.6768,-4.3709,-4.6036
707471,新應材統一67購01,2026-07-24,0.38,-0.03,-7.32,323000000,0,綠增,是,,0.41,0.45,0.51,,-17.7419,-13.5755,-9.0426
707474,蜜望實統一74購01,2026-07-24,1.02,-0.04,-3.77,78000000,0,綠縮,否,,1.03,1.13,1.4,,-16.6667,-21.9697,-10.9021
707479,宜特凱基5A購01,2026-07-24,0.23,-0.02,-8.0,30000000,0,,是,,0.26,0.42,0.82,,-54.9828,-54.8663,
707482,順達凱基5C購01,2026-07-24,2.07,0.05,2.48,10000000,0,綠縮,否,,1.95,2.26,2.51,,-24.3201,-11.2637,-6.1412
707487,巨漢元大5A購01,2026-07-24,0.72,-0.05,-6.49,188000000,0,綠增,是,,0.78,0.92,1.08,,-25.6167,-19.738,-12.8928
707488,巨漢元大5A購02,2026-07-24,0.86,-0.06,-6.52,235000000,0,綠縮,否,,0.9,1.06,1.28,,-26.5905,-20.015,-11.1227
707489,巨漢元大5A購03,2026-07-24,0.63,0.07,12.5,314000000,0,綠縮,是,,0.6,0.71,0.83,,-26.0442,-20.0903,-13.2214
707494,沛亨元大5A購01,2026-07-24,1.36,0.21,18.26,3000000,0,,否,,1.79,2.38,3.07,,-39.7842,-18.9632,
707496,沛亨元大5A購03,2026-07-24,0.7,0.05,7.69,328000000,0,,否,,0.98,1.74,,,-60.7859,,
707504,新應材元大5A購04,2026-07-24,0.73,-0.14,-16.09,181000000,0,,是,,0.88,1.01,1.26,,-22.5919,-22.0769,
707505,新應材元大5A購05,2026-07-24,0.73,-0.11,-13.1,10000000,0,,否,,1.09,1.33,,,-30.2177,,
707508,群翊元大5A購06,2026-07-24,0.19,0.07,58.33,21000000,0,紅增,否,,0.14,0.16,0.23,,-25.0,-32.3529,-17.6157
707509,巨漢國票5A購01,2026-07-24,0.46,0.01,2.22,4000000,0,綠縮,否,,0.46,0.57,0.69,,-30.9524,-24.4681,-12.3106
707510,巨漢國票5B購01,2026-07-24,0.59,0.08,15.69,5000000,0,,否,,0.58,0.66,0.79,,-21.5633,-18.773,
707512,東捷國票5A購02,2026-07-24,1.52,-0.58,-27.62,20000000,0,,是,,1.94,2.6,4.2,,-40.5521,-41.2124,
707515,榮田國票5A購01,2026-07-24,0.49,-0.1,-16.95,70000000,0,綠縮,否,,0.74,0.72,1.19,,7.2254,-28.5857,-33.5191
707517,宏捷科富邦5C購02,2026-07-24,0.3,-0.04,-11.76,436000000,0,,是,,0.3,0.37,0.53,,-29.7674,-29.8851,-26.1624
707521,新應材富邦61購02,2026-07-24,0.28,-0.04,-12.5,20000000,0,,否,,0.45,0.55,0.74,,-31.8043,-23.6111,
707523,雙鴻富邦5C購07,2026-07-24,0.81,0.14,20.9,67000000,0,,是,,0.68,0.65,0.85,,6.962,-17.1103,-13.2172
707524,雙鴻富邦5C購08,2026-07-24,0.62,0.11,21.57,36000000,0,,是,,0.5,0.57,0.76,,-19.7452,-22.0386,-14.4544
707526,千附精凱基5A購01,2026-07-24,1.86,-0.09,-4.62,379000000,0,綠增,是,,2.14,2.85,2.96,,-39.9327,-16.1821,-2.8914
707527,元太凱基61購01,2026-07-24,2.15,0.07,3.37,708000000,0,紅增,是,,1.99,2.14,2.47,,-13.3391,-19.7526,-6.3579
707530,宜特凱基5A購02,2026-07-24,0.14,0.02,16.67,130000000,0,綠縮,否,,0.17,0.39,0.48,,-71.1921,-34.9498,-17.9334
707531,前鼎凱基5B購02,2026-07-24,1.0,-0.14,-12.28,365000000,0,紅增,是,,1.0,1.32,2.07,,-39.4161,-33.8677,-23.1212
707533,華景電凱基5A購03,2026-07-24,0.43,0.0,0.0,15000000,0,綠增,否,,0.82,1.29,1.66,,-53.7939,-30.6287,-14.5103
707534,陽程凱基63購01,2026-07-24,1.66,-0.11,-6.21,148000000,0,,是,,1.61,1.91,,,-27.0417,-22.9276,
707536,萬泰科凱基5B購01,2026-07-24,1.93,-0.01,-0.52,10000000,0,,否,,2.53,2.93,3.11,,-23.8582,-8.8336,
707537,新應材兆豐5C購01,2026-07-24,0.38,0.01,2.7,5000000,0,綠增,否,,0.46,0.55,0.69,,-27.9503,-23.7964,-19.1765
707538,弘塑國票5B購01,2026-07-24,0.39,-0.04,-9.3,13000000,0,綠縮,是,,0.41,0.5,0.74,,-30.0341,-38.2134,-10.2502
707541,前鼎國票5B購03,2026-07-24,0.49,-0.02,-3.92,38000000,0,綠縮,是,,0.54,0.82,1.28,,-51.0909,-41.9561,-27.5452
707542,陽程國票5A購01,2026-07-24,1.55,-0.12,-7.19,96000000,0,綠轉紅,否,,1.54,1.88,2.18,,-30.8176,-19.0804,-16.5997
707553,弘塑台新5A購01,2026-07-24,0.48,-0.06,-11.11,6000000,0,,否,,1.14,1.35,1.34,,-26.1935,2.1228,
707554,弘塑台新5A購02,2026-07-24,0.32,-0.12,-27.27,319000000,0,綠縮,是,,0.4,0.52,0.91,,-36.0759,-46.2656,-14.2048
707556,前鼎台新5A購01,2026-07-24,0.72,-0.15,-17.24,442000000,0,,是,,0.71,0.91,1.6,,-35.5596,-34.6953,
707559,新應材台新5A購02,2026-07-24,0.62,-0.17,-21.52,61000000,0,綠增,否,,0.79,1.1,1.4,,-43.3476,-25.2049,-17.8235
707566,萬泰科群益5A購02,2026-07-24,0.84,-0.07,-7.69,13000000,0,綠增,否,,1.15,1.48,1.64,,-36.674,-17.7026,-10.4098
707568,弘塑國泰61購01,2026-07-24,1.15,0.11,10.58,1006000000,0,綠縮,是,,1.02,1.13,1.45,,-17.342,-27.4308,-5.9605
707569,弘塑國泰61購02,2026-07-24,0.72,-0.17,-19.1,134000000,0,綠縮,否,,0.8,0.88,1.2,,-17.3913,-29.8887,-6.9234
707572,弘塑富邦5C購02,2026-07-24,0.53,-0.1,-15.87,87000000,0,綠縮,否,,0.6,0.68,0.97,,-21.9321,-33.7221,-8.8858
707573,弘塑富邦64購01,2026-07-24,0.39,-0.07,-15.22,78000000,0,綠縮,否,,0.42,0.47,0.62,,-17.5097,-27.735,-7.3881
707574,前鼎富邦5C購01,2026-07-24,0.56,0.01,1.82,777000000,0,,是,,0.53,0.66,,,-34.1646,,
707577,元太統一64購01,2026-07-24,1.18,-0.08,-6.35,99000000,0,,否,,1.15,1.18,,,-3.6728,-4.8544,
707578,元太統一74購01,2026-07-24,1.45,0.02,1.4,95000000,0,,否,,1.4,1.39,,,2.6316,-2.7368,
707579,弘塑統一62購02,2026-07-24,0.36,-0.07,-16.28,597000000,0,綠縮,是,,0.4,0.45,0.61,,-20.8,-30.7573,-6.6205
707580,弘塑統一64購01,2026-07-24,0.44,-0.05,-10.2,57000000,0,綠縮,否,,0.47,0.52,0.67,,-15.6584,-25.1445,-6.4808
707582,弘塑統一64購03,2026-07-24,0.5,-0.06,-10.71,8000000,0,綠增,否,,0.59,0.7,0.8,,-28.5366,-20.3851,-3.945
707589,前鼎統一63購02,2026-07-24,0.5,-0.03,-5.66,442000000,0,綠縮,是,,0.54,0.68,1.02,,-34.6247,-38.078,-23.5096
707592,陽程統一64購03,2026-07-24,1.05,-0.01,-0.94,274000000,0,,否,,1.01,1.17,1.2,,-24.0602,-10.0,-11.2754
707596,臺慶科統一64購01,2026-07-24,1.19,0.0,0.0,274000000,0,綠縮,否,,1.17,1.56,2.0,,-39.4845,-28.9041,-10.5888
707599,蜜望實統一74購02,2026-07-24,1.17,-0.08,-6.4,20000000,0,綠縮,否,,1.21,1.41,1.71,,-24.3142,-19.7151,-9.2906
707600,環球晶統一63購03,2026-07-24,3.13,-0.6,-16.09,15000000,0,紅轉綠,否,,4.59,4.89,4.09,,-11.3127,17.1661,17.6234
707604,宜特元大5A購02,2026-07-24,0.4,-0.01,-2.44,300000000,0,,是,,0.56,0.65,0.73,,-23.9782,-18.8442,-12.6499
707605,宜特元大5C購02,2026-07-24,0.35,-0.01,-2.78,499000000,0,,是,,0.51,0.57,0.64,,-19.1693,-11.4241,-8.5612
707607,前鼎元大5B購01,2026-07-24,1.41,-0.05,-3.42,69000000,0,,是,,1.73,,,,,,
707613,雙鴻元大5A購07,2026-07-24,0.64,0.12,23.08,382000000,0,綠縮,是,,0.54,0.57,0.74,,-10.0671,-21.1699,-12.3669
707614,雙鴻元大61購13,2026-07-24,0.63,0.04,6.78,2668000000,0,綠縮,是,,0.57,0.57,0.71,,-0.6944,-17.6471,-12.322
707616,鑫聯元大5A購02,2026-07-24,0.53,-0.07,-11.67,2000000,0,,否,,0.6,0.74,1.0,,-32.7314,-19.4565,
707617,九豪永豐5C購01,2026-07-24,2.49,0.5,25.13,1000000,0,綠增,否,,2.77,3.04,3.42,,-16.2031,-21.3861,-3.508
707618,天品永豐5B購01,2026-07-24,0.43,-0.06,-12.24,135000000,0,,是,,0.46,0.5,,,-14.1791,-3.861,
707622,鈊象永豐5C購01,2026-07-24,0.62,-0.04,-6.06,26000000,0,,否,,0.69,0.83,0.92,,-28.9855,-15.8859,
707623,精材永豐61購01,2026-07-24,9.0,-1.0,-10.0,1000000,0,,否,,8.68,7.24,5.43,,49.6552,41.2683,29.8432
707624,蜜望實永豐5C購01,2026-07-24,2.22,-0.21,-8.64,25000000,0,,否,,2.34,3.36,3.59,,-46.7153,-24.7817,
707628,宏捷科凱基5B購01,2026-07-24,0.85,-0.13,-13.27,223000000,0,綠縮,否,,0.85,1.09,1.58,,-36.1446,-31.0956,-19.5868
707632,精材凱基5A購03,2026-07-24,12.8,-1.9,-12.93,1000000,0,,否,,13.42,9.38,,,150.8411,,
707633,蜜望實凱基5A購01,2026-07-24,2.92,-0.28,-8.75,13000000,0,,否,,3.09,5.36,,,-59.5862,-23.2058,
707641,宜特台新5B購01,2026-07-24,0.4,-0.02,-4.76,140000000,0,,是,,0.83,0.78,,,12.8065,-13.029,
707642,宜特台新61購01,2026-07-24,0.53,0.03,6.0,90000000,0,綠增,否,,0.66,0.86,0.91,,-37.4525,-14.6707,-12.8846
707648,環球晶台新5A購02,2026-07-24,15.9,-4.5,-22.06,2000000,0,,否,,23.66,,,,,,
707651,九豪元大5A購02,2026-07-24,0.83,-0.41,-33.06,14000000,0,綠增,否,,1.84,3.49,3.9,,-64.294,-28.0322,-12.2848
707654,安葆元大5A購01,2026-07-24,0.03,-0.08,-72.73,10000000,0,,否,,0.16,0.22,,,-44.3662,-27.541,
707656,宜特元大5A購03,2026-07-24,0.86,0.05,6.17,5000000,0,,否,,1.25,1.31,1.4,,-8.2232,-5.5676,
707657,宜特元大5B購01,2026-07-24,0.8,0.05,6.67,5000000,0,,否,,1.0,1.1,1.17,,-17.0813,-6.2075,
707658,宜特元大5C購03,2026-07-24,0.68,0.02,3.03,399000000,0,,是,,1.04,1.09,1.11,,-9.282,0.7401,
707659,宜特元大61購01,2026-07-24,0.63,0.03,5.0,761000000,0,綠增,是,,0.71,0.84,0.9,,-27.0492,-15.261,-9.8156
707660,宜特元大63購02,2026-07-24,0.42,-0.02,-4.55,149000000,0,綠增,是,,0.45,0.6,0.62,,-40.7407,-14.0,-11.2777
707661,朋億*元大5A購01,2026-07-24,1.8,-0.16,-8.16,1000000,0,綠增,否,,2.09,2.61,2.97,,-33.2054,-18.0704,2.2723
707666,新盛力元大5A購02,2026-07-24,2.79,-0.36,-11.43,15000000,0,綠增,否,,3.11,3.58,3.91,,-23.1834,-14.6097,-8.4533
707670,九豪群益5A購03,2026-07-24,0.87,-0.1,-10.31,5000000,0,綠縮,否,,1.01,1.59,3.03,,-53.5549,-52.272,-15.9539
707674,優群群益5A購01,2026-07-24,0.45,-0.02,-4.26,342000000,0,綠縮,是,,0.47,0.6,0.87,,-35.6948,-32.171,-13.8599
707676,加高國票5B購01,2026-07-24,0.75,-0.01,-1.32,549000000,0,綠縮,是,,0.78,1.06,1.43,,-41.9881,-35.5717,-18.8032
707677,艾訊國票5B購01,2026-07-24,2.02,-0.1,-4.72,52000000,0,紅增,否,,1.76,1.65,1.69,,13.8601,2.0396,-0.968
707680,博磊國票5B購01,2026-07-24,0.62,-0.16,-20.51,139000000,0,,是,,0.96,1.75,2.09,,-62.0063,-30.1479,
707681,漢達國票5B購01,2026-07-24,0.88,0.07,8.64,30000000,0,綠縮,否,,0.89,1.02,1.19,,-23.8832,-22.2896,7.2425
707683,九豪富邦5C購01,2026-07-24,0.63,-0.13,-17.11,50000000,0,綠縮,否,,0.75,1.41,1.7,,-63.5306,-33.7571,-13.8614
707684,宜特富邦61購01,2026-07-24,0.2,-0.01,-4.76,100000000,0,,是,,0.27,0.34,,,-35.4369,-16.7076,
707685,九豪統一64購01,2026-07-24,0.71,-0.15,-17.44,75000000,0,綠縮,是,,0.79,0.99,1.44,,-33.1081,-36.4221,-12.0563
707686,九豪統一64購02,2026-07-24,0.58,-0.04,-6.45,21000000,0,綠縮,否,,0.66,0.89,1.24,,-41.1765,-35.2,-10.2248
707689,千附精統一74購02,2026-07-24,1.18,-0.01,-0.84,33000000,0,綠增,否,,1.22,1.38,1.39,,-20.4161,-6.9407,-0.7476
707696,宜特統一65購02,2026-07-24,0.28,0.02,7.69,10000000,0,綠縮,否,,0.26,0.31,0.38,,-25.5682,-23.4414,-10.1775
707701,萬泰科統一74購03,2026-07-24,0.82,-0.03,-3.53,5000000,0,綠縮,否,,0.8,0.89,0.95,,-19.1057,-11.3546,-4.1962
707703,優群統一66購01,2026-07-24,0.52,-0.01,-1.89,29000000,0,,否,,0.5,0.59,0.62,,-24.5509,-10.3976,-11.4142
707705,環球晶統一74購01,2026-07-24,2.43,-0.16,-6.18,19000000,0,綠增,否,,2.81,3.11,2.81,,-17.478,1.5666,7.1197
707709,美琪瑪台新5A購01,2026-07-24,0.47,-0.07,-12.96,50000000,0,綠縮,是,,0.58,0.91,1.25,,-52.5974,-34.8169,-13.7228
707710,千附精國票5B購02,2026-07-24,0.7,-0.1,-12.5,3000000,0,綠增,否,,0.78,0.96,0.96,,-31.8182,-9.6714,-1.1868
707711,千附精國票5B購03,2026-07-24,1.0,-0.01,-0.99,26000000,0,綠增,否,,1.08,1.43,1.44,,-39.4826,-12.0222,-2.545
707712,方土昶國票5B購01,2026-07-24,0.92,0.07,8.24,20000000,0,綠縮,否,,0.88,1.06,1.38,,-28.479,-21.3066,-15.1552
707713,立碁國票5B購01,2026-07-24,0.9,0.16,21.62,1000000,0,,,,,,,,,,
707714,邑昇國票5B購01,2026-07-24,0.13,-0.02,-13.33,50000000,0,紅增,是,,0.13,0.14,0.21,,-15.3846,-33.0233,-25.2688
707715,欣銓國票5B購02,2026-07-24,1.14,-0.04,-3.39,1000000,0,綠縮,否,,1.1,1.34,1.5,,-29.6815,-20.0359,-7.0034
707718,家登國票5A購01,2026-07-24,1.4,-0.28,-16.67,250000000,0,綠增,是,,1.6,1.87,2.27,,-25.5597,-23.5487,-12.1928
707721,群聯國票5B購01,2026-07-24,1.24,-0.21,-14.48,708000000,0,綠縮,否,,1.32,1.63,2.35,,-32.3077,-29.6169,-14.7812
707722,蜜望實國票5B購01,2026-07-24,3.7,-0.82,-18.14,21000000,0,綠縮,否,,3.63,3.8,4.35,,-8.4216,-11.4039,-4.1883
707727,千附精元大5A購05,2026-07-24,1.96,0.03,1.55,2000000,0,,否,,2.51,2.39,2.3,,10.3965,1.7469,
707730,欣銓元大63購03,2026-07-24,2.1,-0.19,-8.3,50000000,0,,是,,2.16,1.92,,,28.6905,,
707734,群聯元大5A購01,2026-07-24,1.3,0.15,13.04,66000000,0,綠縮,否,,1.48,1.7,2.15,,-22.884,-21.709,-9.3263
707735,群聯元大5A購02,2026-07-24,0.76,-0.13,-14.61,78000000,0,綠縮,否,,0.82,0.99,1.38,,-28.9931,-28.4157,-14.4144
707738,蜜望實元大5A購04,2026-07-24,1.54,-0.26,-14.44,5000000,0,,否,,2.14,3.11,3.05,,-47.5466,-19.6119,
707741,方土昶凱基5A購01,2026-07-24,1.61,0.27,20.15,10000000,0,綠縮,否,,1.46,1.81,2.3,,-32.7189,-18.7556,-19.0476
707742,欣銓凱基5A購01,2026-07-24,1.53,-0.43,-21.94,18000000,0,綠縮,否,,1.79,2.45,2.77,,-42.2308,-19.8493,-7.5084
707750,千附精永豐5C購01,2026-07-24,0.67,-0.01,-1.47,210000000,0,綠增,否,,0.74,0.94,0.95,,-35.0352,-11.6871,-3.198
707752,世禾永豐5B購01,2026-07-24,0.36,-0.05,-12.2,210000000,0,綠增,是,,0.45,0.59,0.66,,-38.7978,-18.5083,-16.4884
707753,立碁永豐61購01,2026-07-24,0.29,0.07,31.82,186000000,0,,是,,0.25,0.34,,,-40.3756,,
707754,欣銓永豐5A購01,2026-07-24,1.22,-0.22,-15.28,75000000,0,綠增,是,,1.28,1.71,1.8,,-39.8687,-15.159,-6.3752
707755,欣銓永豐5C購01,2026-07-24,1.38,-0.23,-14.29,20000000,0,綠增,否,,1.46,1.63,1.85,,-18.6667,-18.6846,-5.5187
707757,群聯永豐61購01,2026-07-24,0.72,-0.08,-10.0,840000000,0,綠縮,是,,0.75,0.89,1.17,,-27.2201,-23.8298,-13.3902
707758,群聯永豐64購01,2026-07-24,0.87,-0.12,-12.12,618000000,0,綠縮,否,,0.92,1.05,1.32,,-21.8058,-20.9373,-11.5023
707759,蜜望實永豐61購01,2026-07-24,1.31,-0.03,-2.24,84000000,0,綠縮,否,,1.31,1.52,2.1,,-23.9257,-30.4587,-15.7652
707763,群聯群益5B購01,2026-07-24,1.62,-0.38,-19.0,133000000,0,綠縮,是,,1.71,2.08,2.99,,-29.7541,-32.8484,-20.264
707764,群聯群益61購01,2026-07-24,1.53,-0.25,-14.04,828000000,0,綠縮,否,,1.65,1.94,2.65,,-25.9425,-26.2177,-13.4446
707765,群聯群益64購01,2026-07-24,1.76,-0.17,-8.81,309000000,0,綠縮,是,,1.83,2.35,2.89,,-36.2813,-22.0232,-10.1692
707768,力旺永豐5A購01,2026-07-24,0.08,-0.01,-11.11,4000000,0,紅縮,否,,0.1,0.1,0.15,,4.0816,-13.0435,-25.1928
707772,巨有永豐5C購01,2026-07-24,0.9,0.1,12.5,4000000,0,綠縮,否,,0.86,1.26,1.51,,-48.4994,-33.2628,-15.6808
707776,旺矽永豐5B購02,2026-07-24,1.6,-0.3,-15.79,1000000,0,綠增,否,,1.83,2.17,2.3,,-27.4603,-16.1589,-1.4118
707777,信昌電永豐5C購01,2026-07-24,3.57,-0.86,-19.41,3000000,0,,否,,4.7,9.23,9.97,,-65.843,-30.4446,
707778,信驊永豐5B購04,2026-07-24,1.81,-0.35,-16.2,2000000,0,紅增,否,,1.77,1.61,2.17,,21.7931,-19.0332,-16.5221
707780,精測永豐61購02,2026-07-24,0.18,-0.04,-18.18,455000000,0,綠縮,否,,0.2,0.22,0.34,,-13.6752,-29.4498,-19.6916
707781,臺慶科永豐5B購01,2026-07-24,1.3,0.02,1.56,20000000,0,,是,,1.29,1.89,,,-48.0707,,
707782,聰泰永豐5A購01,2026-07-24,0.38,0.0,0.0,188000000,0,綠縮,是,,0.36,0.49,0.7,,-43.3121,-30.1136,-20.6331
707783,力旺凱基5A購03,2026-07-24,0.04,-0.02,-33.33,310000000,0,綠縮,否,,0.06,0.1,0.24,,-53.6232,-48.731,-30.531
707787,力旺凱基61購01,2026-07-24,0.55,0.01,1.85,5000000,0,紅增,否,,0.45,0.42,0.48,,17.1875,0.4819,-9.8299
707788,立碁凱基5B購01,2026-07-24,0.25,0.08,47.06,33000000,0,,是,,,,,,,,
707790,旺矽凱基5A購05,2026-07-24,1.43,-0.52,-26.67,22000000,0,綠增,否,,1.49,2.18,2.42,,-48.0501,-22.0993,-4.7582
707791,旺矽凱基5B購02,2026-07-24,1.24,-0.46,-27.06,10000000,0,綠增,否,,1.38,1.79,2.0,,-37.3976,-18.5135,-6.481
707792,旺矽凱基5C購02,2026-07-24,1.25,-0.31,-19.87,10000000,0,綠增,否,,1.4,1.69,1.94,,-29.1203,-20.1323,-8.1555
707795,信驊凱基5A購04,2026-07-24,2.27,-0.46,-16.85,47000000,0,紅增,否,,2.21,1.9,2.62,,39.4207,-16.1817,-14.232
707796,信驊凱基5B購03,2026-07-24,2.45,-0.05,-2.0,5000000,0,紅增,否,,2.16,1.93,2.53,,27.7778,-15.6305,-15.2868
707797,信驊凱基5C購02,2026-07-24,2.18,-0.27,-11.02,178000000,0,紅增,是,,2.08,1.99,2.59,,10.0529,-15.062,-13.273
707798,信驊凱基61購04,2026-07-24,2.13,-0.39,-15.48,14000000,0,紅縮,否,,2.29,2.27,2.66,,1.5957,-10.7885,-11.9178
707799,家登凱基5A購01,2026-07-24,1.37,-0.04,-2.84,15000000,0,綠縮,否,,1.44,1.69,2.2,,-25.3361,-26.8198,-9.6039
707801,群翊凱基5A購02,2026-07-24,0.21,-0.04,-16.0,40000000,0,紅縮,否,,0.29,0.36,0.45,,-30.6604,-25.9794,-14.9156
707803,精測凱基5A購02,2026-07-24,0.16,-0.08,-33.33,500000000,0,綠縮,是,,0.19,0.26,0.6,,-43.1138,-49.8084,-28.4693
707804,精測凱基5A購03,2026-07-24,0.18,-0.06,-25.0,40000000,0,綠縮,否,,0.2,0.36,0.57,,-61.6858,-35.8792,-22.5676
707808,宏捷科台新5A購02,2026-07-24,0.39,-0.04,-9.3,150000000,0,,是,,0.44,0.7,,,-54.1841,-40.6809,
707809,宏捷科台新61購01,2026-07-24,0.56,-0.05,-8.2,71000000,0,,是,,0.54,0.68,,,-33.4963,-28.9885,
707811,旺矽台新5A購02,2026-07-24,0.97,-0.42,-30.22,10000000,0,綠增,否,,1.45,1.82,1.9,,-33.9416,-12.5841,-1.9659
707813,信驊台新5A購02,2026-07-24,1.83,-0.3,-14.08,65000000,0,紅增,否,,1.77,1.59,2.2,,25.4261,-19.9697,-17.2258
707816,力旺元大5A購04,2026-07-24,0.78,0.0,0.0,2000000,0,紅增,否,,0.75,0.71,0.77,,9.6774,-4.1555,-11.188
707818,力旺元大5B購01,2026-07-24,0.25,-0.03,-10.71,21000000,0,,是,,0.27,0.3,0.34,,-19.7605,-13.5057,
707820,旺矽元大5A購04,2026-07-24,1.05,-0.18,-14.63,61000000,0,綠增,否,,1.19,1.31,1.48,,-16.7598,-16.0051,-5.901
707822,旺矽元大61購02,2026-07-24,1.1,-0.29,-20.86,234000000,0,綠增,否,,1.23,1.31,1.39,,-11.223,-8.6987,-2.3583
707828,信驊元大5A購02,2026-07-24,1.68,-0.53,-23.98,4000000,0,紅增,否,,1.59,1.44,2.08,,24.7261,-24.0613,-15.7299
707829,信驊元大63購01,2026-07-24,3.2,-1.26,-28.25,2000000,0,紅轉綠,否,,4.04,3.95,4.18,,4.6114,-1.4721,-2.8957
707833,群翊元大61購01,2026-07-24,0.42,-0.05,-10.64,84000000,0,紅轉綠,否,,0.47,0.53,0.62,,-21.6667,-20.2683,-9.4859
707834,精測元大5B購02,2026-07-24,0.43,-0.07,-14.0,156000000,0,,是,,0.61,0.88,,,-46.4098,-16.2369,
707837,中光電國泰5B購01,2026-07-24,1.67,0.09,5.7,20000000,0,綠增,否,,2.03,2.51,1.97,,-32.3549,5.677,15.5882
707838,立碁國泰5B購02,2026-07-24,0.62,0.16,34.78,20000000,0,,否,,0.5,0.78,,,-53.4709,,
707839,旺矽國泰5B購01,2026-07-24,1.3,-0.28,-17.72,803000000,0,綠增,否,,1.38,1.58,1.78,,-22.2722,-16.7545,-6.1397
707842,新盛力國泰5B購01,2026-07-24,2.3,-0.19,-7.63,10000000,0,,是,,3.25,,,,,,
707843,旺矽統一64購02,2026-07-24,1.31,-0.29,-18.12,210000000,0,綠增,否,,1.38,1.55,1.72,,-19.4639,-14.9368,-5.5144
707844,群聯統一64購01,2026-07-24,0.85,-0.08,-8.6,131000000,0,綠縮,否,,0.89,1.05,1.34,,-26.5677,-22.3208,-12.0458
707845,精測統一64購03,2026-07-24,0.25,-0.05,-16.67,260000000,0,綠縮,是,,0.27,0.3,0.41,,-13.8365,-22.9167,-19.204
707846,力旺富邦5C購01,2026-07-24,0.18,-0.02,-10.0,581000000,0,綠縮,否,,0.18,0.2,0.31,,-17.1171,-30.4795,-21.0191
707847,良維富邦62購01,2026-07-24,0.7,-0.05,-6.67,133000000,0,綠縮,否,,0.68,0.83,1.11,,-29.9795,-30.1266,-12.6179
707848,旺矽富邦64購02,2026-07-24,1.2,-0.23,-16.08,31000000,0,綠增,否,,1.34,1.5,1.59,,-19.9041,-11.1243,-3.8415
707849,欣銓富邦5A購01,2026-07-24,0.73,-0.18,-19.78,10000000,0,綠增,是,,0.78,0.92,1.02,,-25.947,-17.2072,-6.6697
707850,欣銓富邦64購01,2026-07-24,0.78,-0.11,-12.36,12000000,0,綠增,否,,0.82,0.94,0.97,,-22.7444,-7.4583,-2.6026
707851,信紘科富邦62購01,2026-07-24,0.45,0.02,4.65,234000000,0,,是,,0.52,0.63,,,-30.6667,-15.107,
707852,信驊富邦61購01,2026-07-24,3.14,-0.04,-1.26,134000000,0,紅增,否,,2.63,2.24,2.72,,42.2246,-6.9681,-10.9585
707853,華電網富邦62購01,2026-07-24,0.11,-0.06,-35.29,25000000,0,,是,,0.12,0.19,,,-49.5935,-31.2268,
707857,群翊富邦5B購01,2026-07-24,0.16,-0.03,-15.79,30000000,0,綠增,是,,0.21,0.26,0.28,,-32.2581,-15.0327,-13.8675
707858,群聯富邦5C購01,2026-07-24,0.82,-0.05,-5.75,100000000,0,綠縮,否,,0.85,1.0,1.32,,-26.0035,-24.641,-13.065
707859,群聯富邦61購01,2026-07-24,0.99,-0.15,-13.16,2192000000,0,綠縮,否,,1.04,1.24,1.67,,-27.5,-25.8065,-13.6035
707860,精測富邦61購01,2026-07-24,0.18,-0.05,-21.74,106000000,0,綠縮,否,,0.22,0.29,0.42,,-39.011,-29.9043,-16.1
707862,M31凱基5A購03,2026-07-24,0.12,-0.03,-20.0,1000000,0,,否,,0.17,0.33,0.63,,-63.9004,-43.2526,
707864,良維凱基5B購03,2026-07-24,0.46,0.01,2.22,6000000,0,,否,,0.47,0.89,1.24,,-64.5358,-34.8939,-29.9492
707872,M31元大5A購02,2026-07-24,0.66,0.06,10.0,45000000,0,綠縮,否,,0.64,0.76,1.06,,-27.6644,-29.7597,-16.9352
707875,久元元大5A購02,2026-07-24,0.79,-0.06,-7.06,30000000,0,,否,,1.18,1.33,,,-20.9677,-2.1308,
707876,千附元大5A購01,2026-07-24,1.9,0.41,27.52,189000000,0,紅增,是,,1.38,1.28,0.87,,16.4129,53.911,36.9291
707878,台嘉碩元大5A購02,2026-07-24,0.56,0.12,27.27,270000000,0,綠縮,是,,0.53,0.76,1.02,,-46.1694,-33.9965,-18.2476
707881,立碁元大63購01,2026-07-24,0.62,0.08,14.81,1055000000,0,,否,,0.43,0.42,0.5,,4.8544,-2.9885,
707882,宏觀元大5C購01,2026-07-24,0.27,-0.01,-3.57,156000000,0,,是,,0.31,0.39,0.58,,-33.4764,-29.7101,
707884,家登元大61購01,2026-07-24,1.62,-0.43,-20.98,10000000,0,,是,,1.85,2.17,,,-25.9615,,
707891,欣銓群益5A購01,2026-07-24,1.71,-0.02,-1.16,75000000,0,綠增,否,,1.84,2.42,2.38,,-38.5848,-8.4784,-4.5809
707894,M31富邦5C購01,2026-07-24,0.27,0.01,3.85,162000000,0,,是,,0.26,0.3,0.45,,-23.6686,-31.0185,-27.1486
707895,元太富邦61購01,2026-07-24,1.49,-0.02,-1.32,344000000,0,紅增,否,,1.45,1.45,1.59,,-0.8219,-9.6333,-2.8755
707896,台星科富邦61購01,2026-07-24,0.47,0.02,4.44,445000000,0,,是,,0.42,0.48,0.59,,-20.8955,-25.4658,-14.1618
707898,宏捷科富邦5C購03,2026-07-24,0.29,-0.04,-12.12,713000000,0,,是,,0.29,0.35,0.59,,-29.4118,-40.9168,
707899,宏捷科富邦61購02,2026-07-24,0.14,-0.03,-17.65,40000000,0,綠縮,否,,0.14,0.22,0.41,,-53.3333,-52.381,-23.6431
707900,華景電富邦61購01,2026-07-24,0.19,0.01,5.56,11000000,0,綠縮,否,,0.19,0.24,0.34,,-32.8671,-33.2402,-15.2778
707901,鈊象富邦61購01,2026-07-24,0.52,-0.01,-1.89,48000000,0,,否,,0.53,0.67,0.77,,-34.2432,-21.6882,
707902,萬泰科富邦62購01,2026-07-24,0.84,-0.04,-4.55,11000000,0,綠縮,否,,0.81,0.97,1.11,,-27.7087,-18.8963,-7.6087
707903,欣銓群益5A購02,2026-07-24,0.72,-0.03,-4.0,208000000,0,綠縮,否,,0.73,0.9,1.15,,-32.216,-30.3709,-11.0551
707913,均華元大5A購02,2026-07-24,0.14,0.0,0.0,1000000,0,紅增,否,,0.1,0.15,0.17,,-46.3918,-17.2222,-23.5033
707914,均豪元大5A購04,2026-07-24,0.42,-0.05,-10.64,256000000,0,綠增,否,,0.47,0.56,0.63,,-28.3077,-21.6292,-4.3116
707917,信紘科元大5A購02,2026-07-24,0.57,-0.01,-1.72,150000000,0,綠縮,是,,0.64,0.8,0.98,,-33.6798,-21.3373,-10.1516
707920,華景電元大5A購06,2026-07-24,0.4,0.05,14.29,601000000,0,,是,,0.46,0.68,0.85,,-49.3363,-30.1538,-8.9882
707921,華景電元大63購01,2026-07-24,0.23,0.02,9.52,1000000,0,,否,,0.29,0.39,,,-40.9836,-20.4918,
707924,久元凱基5A購01,2026-07-24,0.26,-0.05,-16.13,4000000,0,,否,,0.37,0.53,0.75,,-44.6746,-34.375,-33.0955
707929,家登凱基5A購03,2026-07-24,0.63,-0.14,-18.18,38000000,0,,否,,0.96,1.3,1.46,,-42.1308,-21.0654,
707930,鈺太凱基61購01,2026-07-24,0.45,-0.06,-11.76,10000000,0,,否,,1.02,,,,,,
707933,均華富邦61購01,2026-07-24,0.18,-0.02,-10.0,3000000,0,紅增,否,,0.19,0.21,0.28,,-16.6667,-32.1429,-14.5646
707935,欣銓富邦5B購01,2026-07-24,0.42,-0.08,-16.0,68000000,0,綠增,否,,0.45,0.51,0.61,,-20.7018,-22.8097,-7.3596
707936,中美晶兆豐64購01,2026-07-24,3.9,-0.24,-5.8,2000000,0,紅轉綠,否,,4.53,4.63,3.79,,-3.9831,15.3041,18.3151
707942,創惟群益5B購01,2026-07-24,0.39,-0.05,-11.36,35000000,0,綠增,否,,0.54,0.63,0.7,,-25.0,-14.4022,-8.7776
707944,富喬群益5A購04,2026-07-24,0.07,-0.03,-30.0,170000000,0,綠縮,否,,0.12,0.26,0.38,,-69.3878,-44.5887,-27.8612
707947,雙鴻群益5B購06,2026-07-24,0.4,0.03,8.11,8000000,0,,否,,0.42,0.52,0.63,,-31.7152,-22.039,-19.2825
707949,千附凱基5A購01,2026-07-24,1.28,0.21,19.63,2000000,0,紅縮,否,,1.22,1.16,0.75,,9.5495,60.8575,43.1862
707952,艾訊凱基5B購01,2026-07-24,2.21,-0.22,-9.05,21000000,0,,是,,2.11,2.04,2.0,,7.9673,5.274,
707954,沛亨凱基5A購02,2026-07-24,0.1,-0.01,-9.09,401000000,0,綠縮,是,,0.1,0.19,0.51,,-61.4815,-59.3478,-25.037
707956,勤凱凱基5A購02,2026-07-24,0.49,-0.17,-25.76,10000000,0,,是,,1.61,2.37,,,-48.5969,,
707963,家登富邦61購01,2026-07-24,0.54,-0.06,-10.0,5000000,0,綠增,否,,0.65,0.7,0.83,,-14.7757,-19.1244,-9.1904
707964,富喬富邦61購01,2026-07-24,0.12,-0.02,-14.29,160000000,0,綠縮,否,,0.14,0.18,0.27,,-41.3793,-37.6271,-13.1621
707965,聖暉*富邦5C購01,2026-07-24,1.52,-0.31,-16.94,30000000,0,綠增,否,,1.73,2.08,2.1,,-28.5243,-13.5854,5.5179
707970,雙鴻富邦5C購09,2026-07-24,0.35,0.04,12.9,238000000,0,,否,,0.36,0.42,0.51,,-23.2068,-16.5339,-12.3182
707972,富喬元大5C購02,2026-07-24,0.11,-0.02,-15.38,1113000000,0,綠縮,是,,0.15,0.19,0.29,,-39.1667,-38.3387,-13.8032
707974,環球晶元大5A購01,2026-07-24,3.56,-1.21,-25.37,3000000,0,綠增,否,,4.77,5.32,4.46,,-18.918,8.9904,12.7165
707981,新盛力國票5A購02,2026-07-24,1.2,-0.19,-13.67,155000000,0,綠縮,否,,1.28,1.66,2.14,,-37.0334,-26.2667,-14.0851
707982,雙鴻凱基5A購08,2026-07-24,0.16,0.01,6.67,90000000,0,,否,,0.19,0.31,,,-56.621,-33.3333,
707983,良維凱基5A購04,2026-07-24,0.38,0.01,2.7,5000000,0,綠縮,否,,0.4,0.72,1.04,,-61.4203,-38.4484,-30.4465
707984,聖暉*凱基5C購01,2026-07-24,2.15,-0.29,-11.89,20000000,0,綠增,否,,2.27,2.62,2.69,,-23.4501,-17.1148,5.3156
707988,譜瑞群益5A購01,2026-07-24,0.88,-0.07,-7.37,460000000,0,,是,,1.26,1.56,2.48,,-32.3276,-26.8109,
707993,立碁元大5A購04,2026-07-24,0.24,0.04,20.0,40000000,0,,否,,0.25,0.3,,,-29.3785,-32.1348,
707995,德微元大5A購02,2026-07-24,0.63,-0.67,-51.54,3000000,0,,否,,2.67,2.31,,,37.5901,2.2606,
707996,立碁永豐5B購02,2026-07-24,0.34,0.07,25.93,8000000,0,,否,,,,,,,,
707997,新盛力永豐61購01,2026-07-24,1.14,-0.22,-16.18,198000000,0,綠縮,是,,1.29,1.55,1.92,,-28.6976,-25.5278,-10.861
707998,群聯永豐5C購01,2026-07-24,0.8,-0.12,-13.04,1440000000,0,綠縮,是,,0.85,1.0,1.31,,-25.913,-23.9362,-13.7216
707999,聖暉*永豐5C購02,2026-07-24,0.84,-0.14,-14.29,12000000,0,,是,,1.04,1.27,1.14,,-30.2544,-2.3112,6.2646
708001,雙鴻永豐5C購04,2026-07-24,0.52,0.07,15.56,17000000,0,綠縮,否,,0.46,0.57,0.68,,-33.7209,-22.1769,-18.5963
708003,立碁國票5B購02,2026-07-24,0.67,0.13,24.07,5000000,0,,否,,0.58,,,,,,
708004,兆利國票5B購01,2026-07-24,0.12,-0.02,-14.29,7000000,0,,否,,0.2,0.26,,,-37.2671,-29.3801,
708008,群聯國票5B購03,2026-07-24,0.87,-0.17,-16.35,387000000,0,綠縮,否,,0.94,1.17,1.68,,-33.3333,-29.5605,-15.2935
708011,矽科台新5A購01,2026-07-24,0.59,-0.09,-13.24,20000000,0,,否,,0.74,0.95,,,-35.6401,-23.6334,
708014,崴寶台新5A購01,2026-07-24,0.21,-0.04,-16.0,414000000,0,,否,,0.32,0.42,0.57,,-38.61,-32.1429,-19.1926
708015,群聯台新5A購01,2026-07-24,7.25,-1.05,-12.65,5000000,0,,否,,7.66,8.13,8.86,,-10.9302,-10.2649,
708016,群聯台新5A購02,2026-07-24,2.33,-0.47,-16.79,107000000,0,綠縮,是,,2.55,3.51,5.12,,-43.0295,-34.739,-14.1383
708017,群聯台新5A購03,2026-07-24,1.7,-0.16,-8.6,42000000,0,綠縮,否,,1.89,2.32,3.47,,-31.4182,-31.3998,-16.179
708020,東捷凱基5A購03,2026-07-24,1.22,-0.3,-19.74,57000000,0,綠增,是,,2.25,2.76,3.24,,-30.9013,-19.0015,-15.9792
708025,大綜國票5A購01,2026-07-24,1.06,-0.14,-11.67,13000000,0,綠縮,否,,1.09,1.18,1.84,,-13.7441,-18.0111,-28.7756
708027,良維國票5B購02,2026-07-24,0.33,0.0,0.0,200000000,0,綠縮,否,,0.35,0.52,0.66,,-50.2857,-29.2848,-15.251
708028,朋程國票5A購01,2026-07-24,0.83,-0.03,-3.49,5000000,0,綠增,否,,1.33,1.58,1.61,,-26.9737,-18.0685,-7.5775
708029,崴寶國票5B購01,2026-07-24,0.19,-0.03,-13.64,200000000,0,,否,,0.32,0.36,0.43,,-17.8571,-21.1921,
708031,群聯國票5B購04,2026-07-24,1.04,-0.1,-8.77,600000000,0,,是,,1.09,1.37,2.0,,-33.9004,-30.1482,
708032,環球晶國票5A購02,2026-07-24,4.95,-1.05,-17.5,22000000,0,,是,,7.29,6.67,,,20.6155,29.9357,
708033,譜瑞國票5B購01,2026-07-24,0.49,0.01,2.08,213000000,0,紅增,否,,0.46,0.56,0.67,,-29.5732,-19.914,-17.199
708036,精材永豐5C購02,2026-07-24,4.4,-1.25,-22.12,4000000,0,,否,,3.81,3.19,2.36,,48.1712,59.6096,25.4391
708038,雙鴻永豐63購02,2026-07-24,0.43,-0.01,-2.27,50000000,0,綠縮,否,,0.41,0.47,0.55,,-21.374,-18.0385,-14.1745
708039,力致國泰5C購01,2026-07-24,0.53,0.03,6.0,1000000,0,,否,,0.81,0.9,1.08,,-19.5609,-14.0684,
708040,良維元大5A購04,2026-07-24,0.26,-0.04,-13.33,108000000,0,綠縮,否,,0.28,0.39,0.65,,-43.7751,-42.8781,-19.7139
708041,良維元大63購01,2026-07-24,0.4,-0.04,-9.09,190000000,0,綠縮,否,,0.42,0.51,0.68,,-29.097,-30.0958,-15.0591
708042,新盛力元大5A購04,2026-07-24,0.93,-0.21,-18.42,4000000,0,綠縮,否,,1.03,1.54,1.91,,-49.9027,-26.9067,-13.8764
708043,良維富邦61購01,2026-07-24,0.27,0.0,0.0,751000000,0,綠縮,是,,0.27,0.37,0.49,,-44.3515,-30.9833,-15.4374
708044,新盛力富邦61購02,2026-07-24,0.8,-0.11,-12.09,8000000,0,綠縮,否,,0.89,1.1,1.32,,-32.7273,-19.8257,-12.2266
708048,臺慶科群益5A購01,2026-07-24,1.58,-0.22,-12.22,10000000,0,,否,,2.98,,,,,,
708055,群聯元大5A購03,2026-07-24,0.89,-0.06,-6.32,36000000,0,綠縮,是,,0.94,1.12,1.73,,-28.5496,-34.8986,-15.3488
708057,環球晶元大5A購03,2026-07-24,3.78,-1.0,-20.92,4000000,0,綠增,是,,5.41,6.48,7.18,,-28.2228,-10.5525,-0.1947
708063,群聯凱基5B購02,2026-07-24,0.47,-0.08,-14.55,627000000,0,綠縮,是,,0.51,0.75,1.22,,-48.5772,-40.9667,-21.1258
708064,群聯兆豐64購01,2026-07-24,1.54,-0.21,-12.0,1379000000,0,綠縮,是,,1.62,1.84,2.3,,-22.0077,-20.3456,-10.5949
708065,中美晶群益5C購01,2026-07-24,2.96,0.0,0.0,5000000,0,紅轉綠,否,,3.24,3.49,2.78,,-13.6606,13.3766,19.0231
708066,群聯群益5B購02,2026-07-24,0.67,-0.08,-10.67,598000000,0,綠縮,是,,0.71,0.87,1.23,,-30.6641,-29.2822,-15.2099
708067,群聯群益5C購01,2026-07-24,1.09,-0.11,-9.17,341000000,0,綠縮,否,,1.14,1.39,1.93,,-29.8526,-27.0285,-13.8386
708070,雙鴻群益5B購07,2026-07-24,0.2,-0.01,-4.76,2266000000,0,綠縮,是,,0.18,0.23,0.34,,-34.2857,-31.1573,-27.8775
708073,中美晶國票5B購01,2026-07-24,2.28,-0.37,-13.96,35000000,0,紅轉綠,否,,2.78,3.08,2.44,,-17.6818,13.8479,19.0918
708076,群聯國票5B購05,2026-07-24,1.14,-0.21,-15.56,563000000,0,綠縮,否,,1.22,1.54,2.24,,-34.2304,-30.9107,-15.4903
708077,精材國票5B購01,2026-07-24,2.94,-0.88,-23.04,68000000,0,紅縮,否,,3.34,3.13,2.46,,14.3151,30.2664,32.4368
708079,鴻呈國泰5C購01,2026-07-24,0.86,-0.09,-9.47,20000000,0,,否,,0.89,0.96,1.05,,-14.6435,-7.5,-13.4187
708080,譜瑞國泰5B購01,2026-07-24,0.98,-0.03,-2.97,7000000,0,,否,,2.3,,,,,,
708084,群聯富邦5C購02,2026-07-24,0.87,-0.09,-9.38,297000000,0,,否,,0.9,1.12,,,-32.7844,-26.3193,
708085,群聯富邦61購02,2026-07-24,0.75,-0.11,-12.79,2187000000,0,綠縮,是,,0.81,0.93,1.23,,-23.4848,-22.9752,-11.731
708086,譜瑞富邦5C購03,2026-07-24,0.5,-0.05,-9.09,1068000000,0,,是,,0.52,0.68,1.05,,-37.2596,-24.2729,
708087,譜瑞富邦61購01,2026-07-24,0.44,-0.03,-6.38,934000000,0,紅縮,是,,0.54,0.62,0.71,,-22.9885,-11.6212,-12.5307
708088,群聯永豐5C購02,2026-07-24,0.63,0.0,0.0,266000000,0,綠縮,是,,0.6,0.71,0.94,,-25.7985,-25.0529,-12.8868
708089,群聯永豐64購02,2026-07-24,0.88,-0.06,-6.38,416000000,0,綠縮,否,,0.9,1.03,1.29,,-22.0104,-20.6337,-10.9116
708090,精材永豐5B購02,2026-07-24,3.77,0.0,0.0,1000000,0,紅縮,否,,3.52,3.15,2.39,,26.346,37.2063,38.0278
708092,矽科凱基5B購01,2026-07-24,0.29,-0.03,-9.38,12000000,0,,否,,0.33,0.38,,,-23.8318,-31.8264,
708093,群聯凱基61購01,2026-07-24,0.5,-0.11,-18.03,63000000,0,綠縮,否,,0.56,0.72,1.08,,-36.3636,-37.6083,-15.7132
708095,環球晶凱基5B購02,2026-07-24,4.63,-1.27,-21.53,113000000,0,,是,,7.54,6.22,,,53.6705,,
708096,譜瑞凱基5B購01,2026-07-24,0.48,0.01,2.13,40000000,0,,否,,0.44,0.57,0.86,,-36.5714,-31.5789,-41.9778
708101,佳邦國票5C購01,2026-07-24,0.51,-0.09,-15.0,360000000,0,綠縮,是,,0.59,0.82,1.1,,-44.1288,-34.2126,-17.6207
708105,家登國票5B購01,2026-07-24,0.54,-0.11,-16.92,280000000,0,,是,,0.63,0.83,0.99,,-38.0392,-23.871,-16.7856
708107,群聯國票61購01,2026-07-24,0.8,0.04,5.26,70000000,0,綠縮,否,,0.74,0.86,1.19,,-24.7444,-26.6895,-12.8064
708109,磐儀國票5C購01,2026-07-24,0.54,-0.11,-16.92,125000000,0,,否,,0.49,0.5,0.52,,-3.1496,-10.3943,
708112,家登台新5B購01,2026-07-24,1.41,-0.07,-4.73,2000000,0,,否,,1.73,1.93,2.0,,-18.9493,-9.7709,
708115,勤凱台新5B購01,2026-07-24,1.2,-0.09,-6.98,5000000,0,,否,,1.27,2.14,,,-57.6,-53.4133,
708116,群聯台新5B購01,2026-07-24,0.84,-0.19,-18.45,551000000,0,綠增,是,,0.99,1.24,1.71,,-33.7802,-28.8175,-14.4783
708117,群聯台新5B購02,2026-07-24,0.54,-0.11,-16.92,3144000000,0,綠縮,是,,0.59,0.78,1.25,,-39.0144,-36.3119,-18.6562
708118,世界群益5B購05,2026-07-24,2.71,-0.51,-15.84,35000000,0,綠縮,否,,2.87,3.34,4.39,,-24.6194,-28.0267,-4.5321
708119,欣銓群益5B購01,2026-07-24,2.58,-0.3,-10.42,23000000,0,綠縮,否,,2.66,3.06,3.59,,-23.1658,-22.1714,-6.729
708120,家登群益5B購01,2026-07-24,0.64,-0.23,-26.44,4000000,0,綠增,否,,0.71,0.88,1.1,,-32.6376,-26.9263,-9.8725
708121,家登群益61購01,2026-07-24,0.59,-0.09,-13.24,1000000,0,綠增,否,,0.65,0.74,0.9,,-22.4344,-23.614,-8.8799
708122,世界永豐65購01,2026-07-24,0.9,-0.09,-9.09,2000000,0,綠縮,否,,0.86,0.97,1.19,,-20.9559,-25.364,-1.4894
708125,群聯永豐65購01,2026-07-24,0.85,-0.09,-9.57,88000000,0,綠縮,否,,0.87,0.98,1.23,,-20.1835,-20.1954,-10.622
708126,群聯中信62購01,2026-07-24,0.52,-0.06,-10.34,219000000,0,綠縮,否,,0.55,0.64,0.87,,-26.2162,-25.5787,-13.3201
708128,東捷國泰61購01,2026-07-24,2.53,-0.44,-14.81,78000000,0,,是,,3.37,,,,,,
708129,欣銓國泰5C購01,2026-07-24,1.3,-0.36,-21.69,52000000,0,綠增,否,,1.47,1.66,1.91,,-20.7343,-19.9614,-4.9303
708130,群聯國泰61購01,2026-07-24,1.49,-0.23,-13.37,499000000,0,綠縮,是,,1.62,2.03,2.64,,-33.7971,-26.8372,-11.3334
708131,中美晶富邦61購01,2026-07-24,2.55,-0.57,-18.27,15000000,0,,否,,2.88,2.97,2.38,,-5.5046,13.5859,21.4686
708135,世界元大5B購02,2026-07-24,0.96,-0.36,-27.27,2000000,0,,否,,2.0,2.26,1.89,,-20.4455,10.3128,
708136,世界元大5B購03,2026-07-24,1.5,-0.37,-19.79,8000000,0,綠增,否,,1.66,1.9,2.25,,-22.5536,-23.3186,2.6706
708140,群聯元大64購01,2026-07-24,1.0,0.0,0.0,9000000,0,綠縮,否,,0.93,1.09,1.36,,-26.0383,-21.711,-13.2311
708145,大學光凱基5B購01,2026-07-24,0.47,-0.03,-6.0,250000000,0,綠縮,否,,0.49,0.58,0.66,,-27.2997,-16.9757,-12.5995
708146,世界凱基5B購01,2026-07-24,1.0,-0.3,-23.08,5000000,0,綠增,否,,1.32,1.42,1.88,,-13.9869,-30.3134,-1.0021
708148,欣銓凱基61購01,2026-07-24,0.96,-0.16,-14.29,65000000,0,綠增,是,,1.0,1.23,1.32,,-30.663,-15.097,-5.6112
708152,群聯凱基63購01,2026-07-24,0.68,0.01,1.49,31000000,0,綠縮,否,,0.64,0.75,1.03,,-25.6351,-25.6158,-12.8541
708158,華景電國泰5C購01,2026-07-24,0.75,0.05,7.14,102000000,0,綠縮,否,,0.73,0.88,1.26,,-29.5367,-33.3082,-15.4079
708159,世界富邦5B購01,2026-07-24,0.61,-0.14,-18.67,208000000,0,綠增,否,,0.67,0.8,1.09,,-28.6938,-30.9154,-3.0317
708162,原相富邦5B購01,2026-07-24,0.44,-0.01,-2.22,2049000000,0,綠縮,是,,0.42,0.47,0.67,,-21.2121,-33.6146,-10.0806
708164,群聯富邦62購01,2026-07-24,0.61,-0.08,-11.59,1243000000,0,綠縮,否,,0.64,0.76,1.02,,-27.1071,-25.442,-13.2792
708165,群聯富邦62購02,2026-07-24,0.47,-0.07,-12.96,1053000000,0,綠縮,否,,0.5,0.6,0.83,,-28.5714,-27.2727,-14.4845
708167,東捷永豐64購02,2026-07-24,1.13,-0.15,-11.72,727000000,0,綠縮,否,,1.28,1.52,1.96,,-27.551,-23.6446,-10.2834
708168,東捷永豐67購01,2026-07-24,1.25,-0.12,-8.76,61000000,0,綠增,否,,1.37,1.58,1.89,,-22.9821,-19.6438,-9.0034
708171,家登中信5B購01,2026-07-24,0.34,-0.15,-30.61,3000000,0,綠增,否,,0.45,0.51,0.63,,-20.2847,-23.2523,-10.0719
708172,譜瑞中信5B購01,2026-07-24,0.49,0.01,2.08,7000000,0,紅增,否,,0.46,0.55,0.64,,-27.044,-17.9104,-13.9519
708174,凡甲國票5C購01,2026-07-24,0.54,-0.03,-5.26,200000000,0,,是,,0.62,0.74,,,-27.1663,-33.6331,
708176,東捷國票5C購01,2026-07-24,1.19,-0.25,-17.36,396000000,0,綠增,是,,1.45,1.82,2.45,,-34.1219,-29.0109,-13.5345
708177,華景電國票5C購01,2026-07-24,0.4,0.05,14.29,10000000,0,,否,,0.62,0.8,0.92,,-35.5372,-21.1881,-11.8408
708179,群聯國票66購01,2026-07-24,0.73,-0.05,-6.41,698000000,0,綠縮,是,,0.76,0.85,1.09,,-19.0171,-21.5741,-11.4216
708181,東捷群益5B購03,2026-07-24,0.97,-0.21,-17.8,496000000,0,綠縮,否,,1.19,1.6,2.34,,-40.7555,-35.585,-15.8879
708183,群聯群益61購03,2026-07-24,0.48,-0.09,-15.79,41000000,0,綠縮,否,,0.52,0.62,0.84,,-27.5,-25.7177,-13.8675
708184,久元元大64購01,2026-07-24,0.57,-0.01,-1.72,20000000,0,,否,,0.61,0.74,0.95,,-28.8372,-18.4939,
708186,東捷元大5B購01,2026-07-24,1.58,-0.29,-15.51,10000000,0,,否,,2.36,3.16,4.01,,-40.1822,-26.9995,
708189,東捷元大5B購04,2026-07-24,1.18,-0.53,-30.99,5000000,0,綠增,否,,2.0,1.95,2.03,,5.0473,-6.7432,-7.3526
708190,家登元大5B購02,2026-07-24,0.81,-0.27,-25.0,11000000,0,綠增,是,,1.22,1.5,1.6,,-31.2641,-13.7334,-10.2945
708194,群聯元大5B購03,2026-07-24,0.48,-0.52,-52.0,4000000,0,綠增,否,,0.65,0.83,1.11,,-35.5159,-26.1141,-15.1735
708195,群聯元大64購02,2026-07-24,0.71,-0.08,-10.13,10000000,0,綠增,否,,1.05,1.44,1.64,,-42.7481,-22.7224,-11.7584
708206,華景電凱基5B購01,2026-07-24,0.26,-0.02,-7.14,100000000,0,綠縮,否,,0.33,0.48,0.67,,-47.9365,-34.1128,-19.2377
708209,群聯凱基64購01,2026-07-24,0.57,-0.07,-10.94,1388000000,0,綠縮,是,,0.61,0.81,1.07,,-39.2857,-31.0638,-20.2748
708210,環球晶凱基5B購03,2026-07-24,4.51,-1.49,-24.83,3000000,0,,否,,7.38,6.43,5.11,,34.9543,46.3448,
708213,台特化台新5B購01,2026-07-24,0.45,-0.08,-15.09,7000000,0,綠增,否,,0.55,0.76,1.0,,-43.299,-28.7054,-17.0257
708214,台特化台新5B購02,2026-07-24,0.28,-0.08,-22.22,13000000,0,,否,,0.48,0.7,1.02,,-46.9163,-25.5091,
708217,欣銓台新5B購02,2026-07-24,1.38,-0.38,-21.59,202000000,0,綠增,否,,1.54,1.82,2.24,,-26.8061,-25.113,-6.6973
708219,華景電台新5B購01,2026-07-24,0.55,0.02,3.77,116000000,0,,否,,1.31,1.36,,,-6.9602,,
708220,鈊象台新5B購01,2026-07-24,1.66,-0.08,-4.6,24000000,0,,否,,1.68,1.9,2.1,,-20.4352,-14.4274,-3.9799
708229,中光電富邦62購01,2026-07-24,2.01,-0.07,-3.37,20000000,0,綠增,否,,2.27,2.72,2.33,,-28.1467,-1.4151,10.8551
708231,捷創富邦62購01,2026-07-24,0.5,-0.07,-12.28,75000000,0,綠增,是,,0.55,0.61,0.66,,-18.3976,-11.5607,-12.4752
708234,家碩永豐5B購01,2026-07-24,0.12,-0.05,-29.41,1000000,0,,否,,0.15,0.21,,,-47.1014,-36.6366,
708235,群聯永豐65購02,2026-07-24,0.55,-0.06,-9.84,186000000,0,綠縮,否,,0.57,0.64,0.79,,-19.3182,-20.2008,-10.5709
708237,環球晶兆豐61購01,2026-07-24,4.0,-0.34,-7.83,10000000,0,紅轉綠,否,,5.72,5.66,4.48,,2.1421,24.6862,21.8746
708238,艾訊國票63購01,2026-07-24,1.61,-0.09,-5.29,142000000,0,紅增,是,,1.42,1.36,1.38,,9.0352,0.9615,-0.2526
708240,晶宏國票5C購01,2026-07-24,1.15,0.06,5.5,17000000,0,綠縮,否,,1.1,1.3,1.66,,-26.4,-28.1457,-10.1571
708241,翔名國票5C購01,2026-07-24,1.24,-0.11,-8.15,39000000,0,綠增,否,,1.35,1.69,1.83,,-33.432,-16.9208,-2.656
708243,寶雅國票5C購01,2026-07-24,1.29,0.08,6.61,60000000,0,綠縮,否,,1.18,1.36,1.39,,-24.0979,-11.4786,-1.594
708245,方土昶群益5B購01,2026-07-24,1.51,0.16,11.85,60000000,0,,是,,1.65,1.99,2.45,,-29.5377,-23.4525,
708249,陽程群益5B購01,2026-07-24,1.65,-0.2,-10.81,120000000,0,綠縮,否,,1.66,2.0,2.24,,-28.9744,-18.3265,-9.8912
708250,群聯群益5B購03,2026-07-24,0.38,-0.12,-24.0,2228000000,0,綠縮,否,,0.43,0.57,0.87,,-38.2857,-34.642,-18.0921
708252,凡甲元大5B購01,2026-07-24,0.38,-0.03,-7.32,326000000,0,紅增,否,,0.4,0.44,0.55,,-13.6752,-25.4701,-14.0063
708253,均豪元大5B購02,2026-07-24,0.32,-0.01,-3.03,134000000,0,,否,,0.43,0.4,0.48,,12.6984,8.0645,
708256,群聯元大5B購04,2026-07-24,0.94,-0.21,-18.26,1000000,0,綠縮,否,,0.95,1.09,1.46,,-22.6384,-23.7929,-12.1585
708257,群聯元大5B購05,2026-07-24,0.52,0.02,4.0,13000000,0,綠縮,否,,0.48,0.66,0.92,,-42.7208,-37.3574,-17.2756
708262,璟德元大5B購01,2026-07-24,0.13,-0.13,-50.0,81000000,0,,是,,0.23,0.55,0.99,,-73.1034,-56.8075,-22.2135
708266,威剛元大5B購04,2026-07-24,0.46,0.02,4.55,32000000,0,綠縮,否,,0.46,0.55,0.67,,-29.1022,-18.2222,-14.3954
708267,威剛元大5B購05,2026-07-24,0.5,0.02,4.17,45000000,0,綠縮,否,,0.45,0.56,0.66,,-32.4324,-18.6589,-12.4166
708268,威剛元大64購01,2026-07-24,0.6,0.05,9.09,325000000,0,綠縮,是,,0.56,0.61,0.67,,-16.4671,-11.4162,-9.7185
708269,陽程元大61購03,2026-07-24,1.11,-0.05,-4.31,430000000,0,,否,,1.1,1.24,1.32,,-20.1742,-13.7187,-10.2207
708275,雷科國泰5C購01,2026-07-24,6.65,-1.5,-18.4,8000000,0,,否,,10.52,,,,,,
708279,威剛凱基5B購03,2026-07-24,0.33,0.06,22.22,39000000,0,綠縮,否,,0.35,0.4,0.49,,-21.9731,-20.6,-14.7186
708282,寶雅凱基5B購01,2026-07-24,1.16,0.1,9.43,131000000,0,,是,,1.03,1.31,1.26,,-36.0349,-8.4262,
708285,系微兆豐65購01,2026-07-24,0.65,-0.04,-5.8,62000000,0,綠縮,是,,0.71,0.81,1.01,,-22.0751,-20.9804,-10.1831
708289,方土昶國票5C購01,2026-07-24,0.92,0.01,1.1,195000000,0,綠縮,是,,0.95,1.1,1.29,,-24.3631,-13.558,-14.584
708292,威剛國票5C購01,2026-07-24,0.73,0.08,12.31,1000000,0,綠縮,否,,0.64,0.79,0.94,,-32.7696,-18.9549,-11.2312
708294,港建*國票5B購01,2026-07-24,0.46,-0.02,-4.17,4000000,0,綠縮,否,,0.45,0.62,1.02,,-43.6869,-45.7493,-15.1553
708295,華宏國票5C購01,2026-07-24,0.14,0.0,0.0,84000000,0,,是,,0.26,,,,,,
708300,合晶永豐5B購01,2026-07-24,10.1,-2.2,-17.89,42000000,0,,是,,15.8,15.87,12.43,,-0.8783,19.548,
708302,欣銓永豐61購01,2026-07-24,0.84,-0.07,-7.69,76000000,0,綠縮,否,,0.81,0.94,1.1,,-24.5318,-23.2596,-6.9503
708304,威剛永豐5C購02,2026-07-24,0.52,0.01,1.96,312000000,0,綠縮,是,,0.57,0.63,0.72,,-17.1014,-15.8667,-11.5148
708305,威剛永豐61購01,2026-07-24,0.74,0.04,5.71,101000000,0,綠縮,是,,0.76,0.87,0.97,,-21.8107,-11.7227,-7.047
708306,威剛永豐65購01,2026-07-24,1.31,0.04,3.15,98000000,0,綠縮,否,,1.32,1.43,1.53,,-15.2062,-7.5435,-5.2958
708307,威剛永豐68購01,2026-07-24,1.33,0.05,3.91,153000000,0,綠縮,是,,1.32,1.41,1.51,,-12.1172,-7.536,-3.7874
708308,鉅橡永豐61購01,2026-07-24,0.17,-0.02,-10.53,40000000,0,,否,,0.19,0.28,0.39,,-49.1892,-32.2816,-19.195
708312,正淩群益63購01,2026-07-24,0.83,-0.06,-6.74,83000000,0,綠縮,否,,0.88,1.04,1.19,,-26.4214,-20.3377,-9.587
708316,威剛群益5B購02,2026-07-24,0.49,-0.02,-3.92,537000000,0,綠縮,是,,0.51,0.6,0.69,,-26.2391,-14.8571,-9.9803
708322,寶雅群益61購01,2026-07-24,0.87,0.05,6.1,51000000,0,,否,,0.8,0.89,0.95,,-18.7755,-16.1473,5.4354
708329,艾訊凱基5B購02,2026-07-24,1.52,-0.09,-5.59,181000000,0,,是,,1.26,1.22,1.34,,7.5085,-4.252,
708330,良維凱基5B購05,2026-07-24,0.39,0.02,5.41,5000000,0,綠縮,否,,0.38,0.6,0.8,,-53.8835,-32.2835,-23.4903
708331,威剛凱基5B購04,2026-07-24,0.27,0.03,12.5,141000000,0,綠縮,否,,0.25,0.33,0.44,,-39.7129,-27.3319,-18.1818
708332,家登凱基5B購03,2026-07-24,0.17,-0.06,-26.09,50000000,0,,是,,0.21,0.36,0.47,,-58.3658,-30.4015,
708334,港建*凱基5B購01,2026-07-24,0.19,0.0,0.0,40000000,0,綠縮,否,,0.17,0.27,0.63,,-55.0265,-62.973,-17.3743
708335,群聯凱基61購02,2026-07-24,0.46,-0.08,-14.81,464000000,0,綠縮,否,,0.49,0.62,0.92,,-35.2,-32.9718,-16.6742
708337,環球晶凱基5C購02,2026-07-24,2.65,-0.77,-22.51,1000000,0,紅縮,否,,4.88,4.5,3.42,,18.7835,24.8542,20.8723
708343,艾訊台新5B購02,2026-07-24,3.3,-0.17,-4.9,351000000,0,,是,,2.82,2.7,2.83,,9.6423,-1.1005,-3.0189
708344,良維台新5B購01,2026-07-24,1.05,-0.08,-7.08,26000000,0,綠縮,否,,1.06,1.47,2.0,,-43.9024,-32.9079,-14.5637
708349,順達台新5B購01,2026-07-24,2.06,-0.13,-5.94,87000000,0,綠增,是,,2.15,2.56,2.63,,-27.5908,-7.3082,-5.0126
708350,順達台新5B購02,2026-07-24,2.05,-0.17,-7.66,12000000,0,綠增,否,,2.11,2.62,2.79,,-32.7597,-12.9685,-6.8326
708351,鈊象台新5B購02,2026-07-24,1.37,-0.09,-6.16,100000000,0,綠增,是,,1.99,2.39,2.54,,-28.4687,-11.7604,-5.4491
708353,群聯台新5B購03,2026-07-24,0.6,-0.05,-7.69,55000000,0,綠縮,否,,0.6,0.74,1.1,,-32.2072,-30.5685,-15.4707
708358,台星科兆豐61購01,2026-07-24,0.47,-0.02,-4.08,1000000,0,,否,,0.55,0.65,0.67,,-25.3369,-11.9565,-12.06
708367,久元元大5B購01,2026-07-24,0.24,-0.03,-11.11,4000000,0,綠縮,否,,0.29,0.35,0.48,,-29.7561,-28.9206,-25.7564
708370,台星科元大5B購02,2026-07-24,0.87,-0.05,-5.43,28000000,0,綠縮,否,,0.84,0.94,1.1,,-18.9555,-22.2591,-3.5792
708372,沛亨元大5B購01,2026-07-24,0.8,0.08,11.11,100000000,0,,是,,0.82,1.24,1.54,,-50.8413,-35.0941,-21.1268
708373,欣銓元大5B購01,2026-07-24,0.65,-0.28,-30.11,60000000,0,綠增,是,,0.88,1.1,1.16,,-33.0804,-13.928,-4.7306
708377,威剛元大5B購07,2026-07-24,0.57,0.05,9.62,671000000,0,綠縮,否,,0.51,0.6,0.69,,-24.4118,-17.1983,-13.3834
708378,原相元大5B購01,2026-07-24,0.74,-0.01,-1.33,243000000,0,綠縮,否,,0.67,0.83,1.09,,-32.4597,-30.75,-9.8638
708380,家登元大64購01,2026-07-24,0.51,-0.36,-41.38,67000000,0,,是,,0.83,0.78,,,13.4247,-2.1357,
708384,凡甲國泰5C購01,2026-07-24,1.1,0.0,0.0,2000000,0,,否,,1.09,1.28,1.53,,-26.2873,-10.662,-20.3496
708386,合晶國泰62購01,2026-07-24,12.9,-2.9,-18.35,10000000,0,,是,,20.42,17.0,12.52,,50.3682,59.0271,
708387,均豪國泰62購01,2026-07-24,0.82,-0.04,-4.65,10000000,0,綠縮,否,,0.81,1.06,1.18,,-38.5671,-21.7295,-15.9943
708390,家登國泰5C購02,2026-07-24,0.39,-0.08,-17.02,50000000,0,,是,,0.59,0.64,0.71,,-15.0289,-9.6045,
708391,力領台新5B購01,2026-07-24,0.93,0.02,2.2,4000000,0,綠縮,否,,0.89,1.06,1.36,,-28.5484,-26.2318,-13.4076
708396,群聯台新5B購05,2026-07-24,0.77,-0.19,-19.79,166000000,0,綠縮,否,,0.87,1.14,1.59,,-38.0884,-30.6235,-14.788
708397,群聯台新5B購06,2026-07-24,0.38,-0.09,-19.15,115000000,0,綠縮,是,,0.47,0.65,0.93,,-43.5835,-35.6574,-14.7556
708403,世界凱基5C購03,2026-07-24,0.63,-0.28,-30.77,58000000,0,綠增,是,,0.78,0.92,1.27,,-26.6417,-33.7634,-3.0593
708406,欣銓凱基5B購01,2026-07-24,0.34,-0.13,-27.66,30000000,0,綠增,否,,0.4,0.54,0.67,,-40.413,-27.3826,-12.2288
708408,威剛凱基5C購01,2026-07-24,0.29,-0.09,-23.68,52000000,0,紅轉綠,否,,0.34,0.4,0.42,,-24.8908,-7.1759,-8.3793
708410,群聯凱基64購03,2026-07-24,0.41,-0.05,-10.87,26000000,0,綠縮,否,,0.48,0.55,0.77,,-23.6422,-29.3214,-13.5678
708412,環球晶兆豐61購02,2026-07-24,2.5,-0.43,-14.68,12000000,0,紅轉綠,否,,3.98,3.85,3.15,,6.928,27.1198,25.4335
708415,世界元大64購03,2026-07-24,0.69,-0.15,-17.86,2000000,0,,否,,1.0,1.16,0.99,,-23.5115,5.5708,
708416,世界元大65購01,2026-07-24,0.69,-0.03,-4.17,56000000,0,綠增,否,,0.76,0.86,0.94,,-19.7479,-19.1329,2.3523
708418,順達元大64購04,2026-07-24,2.27,0.02,0.89,211000000,0,,是,,2.14,2.48,2.52,,-24.0426,-6.1294,-3.2308
708420,萬泰科元大5B購02,2026-07-24,1.23,-0.03,-2.38,10000000,0,綠縮,否,,1.22,1.46,1.78,,-28.3529,-25.0642,-7.6366
708422,鈺太元大65購01,2026-07-24,0.41,-0.01,-2.38,735000000,0,綠縮,否,,0.41,0.48,0.61,,-23.7037,-28.3133,-15.5755
708425,世界國票5C購03,2026-07-24,0.5,-0.1,-16.67,40000000,0,綠縮,否,,0.53,0.65,0.84,,-31.0705,-31.3892,-3.6124
708428,群聯國票61購02,2026-07-24,0.42,-0.03,-6.67,11000000,0,綠縮,否,,0.43,0.52,0.71,,-28.5714,-26.9122,-14.5084
708429,雷科國票5B購01,2026-07-24,3.93,-1.22,-23.69,26000000,0,綠增,是,,5.64,7.31,7.4,,-37.3081,-12.7847,-2.0201
708433,家登富邦61購02,2026-07-24,0.39,-0.07,-15.22,14000000,0,綠增,否,,0.43,0.5,0.59,,-23.1317,-22.1003,-11.0861
708436,新盛力富邦61購03,2026-07-24,1.01,-0.12,-10.62,133000000,0,,否,,1.11,1.29,,,-24.2177,,
708437,群聯富邦62購03,2026-07-24,0.49,0.01,2.08,5000000,0,綠縮,否,,0.45,0.54,0.75,,-27.7955,-26.5668,-13.6757
708439,世界群益5B購07,2026-07-24,0.62,-0.2,-24.39,251000000,0,綠增,否,,0.75,0.97,1.44,,-37.9368,-39.3524,-4.4836
708440,立碁群益5C購01,2026-07-24,0.91,0.24,35.82,4000000,0,,否,,0.71,,,,,,
708442,艾訊群益5B購02,2026-07-24,1.4,-0.1,-6.67,42000000,0,紅增,否,,1.19,1.14,1.2,,9.9815,-2.1533,-3.7797
708443,家登群益61購02,2026-07-24,0.4,-0.06,-13.04,70000000,0,綠增,是,,0.59,0.66,0.71,,-18.7328,-9.4911,-4.5576
708445,群聯群益5B購04,2026-07-24,0.31,-0.04,-11.43,181000000,0,綠縮,否,,0.34,0.43,0.67,,-33.3333,-33.2298,-18.3425
708449,台半凱基5C購01,2026-07-24,2.22,-0.19,-7.88,19000000,0,,否,,2.51,3.2,3.26,,-35.5749,-10.3052,
708450,合晶凱基5B購02,2026-07-24,7.2,-1.0,-12.2,4000000,0,綠增,否,,8.18,10.56,9.29,,-36.7852,-5.4611,9.9177
708451,合晶凱基61購01,2026-07-24,5.15,-1.25,-19.53,5000000,0,綠增,是,,6.43,8.34,7.44,,-37.2683,-7.5388,8.9683
708452,欣銓凱基64購01,2026-07-24,0.46,-0.05,-9.8,10000000,0,綠增,否,,0.5,0.61,0.64,,-30.9392,-10.5263,-5.4978
708454,威剛凱基5B購06,2026-07-24,0.32,0.03,10.34,709000000,0,綠縮,是,,0.29,0.36,0.44,,-31.1321,-21.8341,-15.0194
708458,群聯凱基5B購03,2026-07-24,0.26,-0.04,-13.33,100000000,0,綠縮,否,,0.28,0.38,0.61,,-41.7722,-38.1188,-19.3548
708460,營邦凱基5B購01,2026-07-24,0.25,0.05,25.0,153000000,0,紅縮,否,,0.28,0.29,0.3,,-10.8974,4.2403,-9.3272
708461,營邦凱基5B購02,2026-07-24,0.3,0.01,3.45,44000000,0,,是,,0.26,0.33,0.49,,-34.6535,-23.7443,
708462,營邦凱基5B購03,2026-07-24,0.49,0.2,68.97,1000000,0,紅增,否,,0.33,0.32,0.36,,9.1503,-12.0879,-6.9231
708463,環球晶凱基5B購04,2026-07-24,1.58,-0.56,-26.17,80000000,0,綠增,是,,2.62,3.31,2.81,,-34.3015,1.8467,3.6921
708468,華景電台新5B購02,2026-07-24,0.51,0.01,2.0,125000000,0,,是,,0.84,1.15,1.34,,-42.7012,-22.7212,-10.0871
708469,華景電台新5B購03,2026-07-24,0.34,0.0,0.0,12000000,0,綠縮,是,,0.36,0.57,0.83,,-53.6896,-39.4737,-18.5932
708471,環球晶台新5B購02,2026-07-24,4.0,-2.4,-37.5,16000000,0,綠增,是,,6.88,8.35,7.08,,-29.9389,2.7692,16.078
708472,環球晶台新62購01,2026-07-24,1.6,-0.28,-14.89,13000000,0,綠增,否,,2.03,2.29,1.94,,-20.549,11.3924,12.4385
708473,環球晶台新62購02,2026-07-24,1.65,-0.15,-8.33,70000000,0,綠增,否,,2.01,2.38,2.08,,-27.0545,-1.9381,7.776
708479,世禾元大5B購01,2026-07-24,0.65,-0.04,-5.8,215000000,0,,是,,0.56,0.54,0.59,,6.8441,13.8075,
708484,合晶元大5B購05,2026-07-24,5.4,-1.15,-17.56,1000000,0,綠增,否,,6.91,8.71,7.41,,-34.1905,-0.5711,15.5921
708486,合晶元大65購01,2026-07-24,3.79,-0.81,-17.61,46000000,0,綠增,否,,4.58,5.79,5.3,,-34.4492,-8.1004,8.5893
708489,金山電元大5B購04,2026-07-24,2.24,-0.23,-9.31,2000000,0,,否,,3.19,3.92,3.45,,-31.2365,7.3739,
708491,群聯元大5B購09,2026-07-24,0.31,-0.04,-11.43,2000000,0,綠縮,否,,0.33,0.41,0.56,,-32.6531,-29.0657,-14.8485
708495,環球晶元大5B購07,2026-07-24,3.23,-0.63,-16.32,69000000,0,,否,,4.28,4.84,,,-20.6667,8.4677,
708496,環球晶元大5B購08,2026-07-24,2.72,-0.53,-16.31,10000000,0,綠增,否,,4.2,4.58,3.85,,-15.105,15.2278,17.0928
708497,環球晶元大5B購09,2026-07-24,1.2,-0.65,-35.14,3000000,0,綠增,否,,2.04,2.4,2.13,,-25.6727,-7.2727,15.9444
708498,環球晶元大61購02,2026-07-24,1.57,-0.43,-21.5,34000000,0,綠增,否,,2.14,2.51,2.18,,-25.2441,-1.6484,10.0857
708499,環球晶元大64購01,2026-07-24,2.33,-0.26,-10.04,26000000,0,綠增,否,,2.57,2.69,2.29,,-8.0772,5.5425,17.0028
708501,威剛兆豐65購01,2026-07-24,1.44,0.05,3.6,435000000,0,綠縮,否,,1.36,1.49,1.63,,-16.7076,-11.0846,-7.1347
708503,群聯國泰62購01,2026-07-24,0.68,-0.11,-13.92,750000000,0,綠縮,是,,0.71,0.9,1.2,,-35.4015,-27.492,-13.1
708504,群聯國泰63購01,2026-07-24,0.94,-0.1,-9.62,294000000,0,綠縮,是,,0.99,1.14,1.49,,-23.3281,-23.8095,-11.89
708505,群聯國泰63購02,2026-07-24,0.73,-0.11,-13.1,21000000,0,綠縮,否,,0.78,0.92,1.24,,-27.0169,-25.6452,-13.275
708513,合晶國票5C購01,2026-07-24,4.95,-0.7,-12.39,40000000,0,綠增,否,,5.75,7.78,6.87,,-41.3863,-7.436,8.1026
708514,金山電國票5C購02,2026-07-24,1.43,-0.29,-16.86,179000000,0,綠縮,否,,1.66,2.3,3.34,,-43.4219,-38.1862,-16.5312
708515,環球晶國票5B購01,2026-07-24,2.24,-0.16,-6.67,1000000,0,綠增,否,,2.85,3.33,2.84,,-25.2229,5.0757,11.8168
708516,環球晶國票5C購01,2026-07-24,2.46,-0.6,-19.61,287000000,0,綠增,否,,3.41,4.16,3.62,,-30.7317,-1.1396,11.3005
708517,世界富邦5B購02,2026-07-24,0.22,-0.06,-21.43,210000000,0,綠縮,否,,0.24,0.3,0.46,,-33.8798,-34.0564,-7.0122
708519,營邦富邦61購01,2026-07-24,0.31,-0.01,-3.12,553000000,0,紅增,是,,0.29,0.3,0.33,,-7.1429,-11.0778,-7.3239
708520,環球晶富邦5B購02,2026-07-24,1.4,-0.04,-2.78,13000000,0,綠增,否,,1.65,1.94,1.69,,-25.876,-0.3599,8.7419
708521,環球晶富邦61購01,2026-07-24,1.4,-0.28,-16.67,250000000,0,綠增,否,,1.85,2.06,1.83,,-18.5576,1.6757,11.2127
708522,中美晶群益5C購02,2026-07-24,2.8,-0.19,-6.35,463000000,0,紅轉綠,否,,3.34,3.76,2.93,,-19.8466,12.6161,16.4844
708523,世界群益5B購08,2026-07-24,0.35,-0.14,-28.57,205000000,0,綠增,否,,0.48,0.59,0.91,,-30.5476,-34.4482,-5.7364
708524,朋程群益5B購01,2026-07-24,0.94,0.0,0.0,10000000,0,綠增,否,,1.48,1.77,1.77,,-27.821,-15.0672,-7.485
708525,金山電群益5B購01,2026-07-24,2.95,-0.29,-8.95,29000000,0,,是,,6.21,6.92,6.45,,-18.5039,-6.5667,
708526,新盛力群益5B購02,2026-07-24,2.06,-0.08,-3.74,20000000,0,,是,,2.45,2.86,,,-25.1069,,
708529,德微群益5B購01,2026-07-24,1.35,-0.19,-12.34,21000000,0,,否,,1.87,3.67,,,-65.7779,-42.7837,
708530,營邦群益5B購01,2026-07-24,0.39,0.02,5.41,373000000,0,紅增,否,,0.34,0.37,0.43,,-15.1515,-19.0265,-12.1581
708531,營邦群益5B購02,2026-07-24,0.33,0.02,6.45,1844000000,0,紅增,是,,0.3,0.33,0.39,,-16.2921,-21.3942,-12.6667
708532,環球晶群益5B購04,2026-07-24,2.31,-0.2,-7.97,145000000,0,,否,,,,,,,,
708533,譜瑞群益5C購02,2026-07-24,0.88,0.05,6.02,110000000,0,紅增,否,,0.9,1.06,1.22,,-25.8224,-11.9701,-13.5527
708535,世禾凱基5B購02,2026-07-24,0.25,-0.05,-16.67,80000000,0,,否,,0.35,0.45,0.6,,-34.4444,-17.5277,
708537,朋程凱基5B購01,2026-07-24,0.77,-0.11,-12.5,40000000,0,,是,,1.48,1.77,1.82,,-28.1128,-3.2841,
708538,倚強凱基5B購01,2026-07-24,0.69,-0.08,-10.39,5000000,0,,否,,1.19,,,,,,
708540,精材凱基5B購04,2026-07-24,4.98,0.09,1.84,11000000,0,紅縮,否,,4.58,3.97,3.08,,36.8358,33.0761,29.6763
708542,譜瑞凱基61購01,2026-07-24,0.51,0.01,2.0,53000000,0,紅增,否,,0.48,0.58,0.71,,-30.9249,-18.637,-16.3445
708543,群聯永豐65購03,2026-07-24,0.4,-0.03,-6.98,254000000,0,綠縮,否,,0.41,0.47,0.58,,-21.1538,-20.2401,-10.5991
708546,譜瑞兆豐65購01,2026-07-24,0.89,-0.02,-2.2,30000000,0,紅增,是,,0.87,1.01,1.13,,-24.7834,-11.7031,-9.8289
708547,群聯群益67購01,2026-07-24,0.48,-0.04,-7.69,475000000,0,綠縮,否,,0.5,0.56,0.72,,-19.8718,-20.0569,-10.6184
708549,廣穎群益61購01,2026-07-24,1.96,0.2,11.36,42000000,0,,否,,2.14,2.92,,,-42.3637,-16.4713,
708551,新盛力元大61購02,2026-07-24,2.72,-0.35,-11.4,3000000,0,,是,,2.82,3.26,3.49,,-24.0022,-10.8713,
708553,譜瑞元大5B購01,2026-07-24,0.84,0.01,1.2,166000000,0,紅增,是,,0.81,1.06,1.28,,-37.8626,-18.2448,-16.1586
708554,譜瑞元大5B購02,2026-07-24,0.8,-0.06,-6.98,13000000,0,紅縮,否,,0.87,1.1,1.26,,-33.9879,-13.5327,-14.3782
708557,欣銓國泰5C購02,2026-07-24,1.18,-0.14,-10.61,158000000,0,綠增,是,,1.26,1.53,1.6,,-29.8889,-9.782,-4.5196
708558,立碁富邦5B購01,2026-07-24,0.26,0.04,18.18,26000000,0,,,,,,,,,,
708559,欣銓富邦5B購02,2026-07-24,0.33,-0.01,-2.94,106000000,0,綠縮,否,,0.33,0.39,0.47,,-27.7533,-24.952,-8.9147
708560,威剛富邦5B購01,2026-07-24,0.34,0.04,13.33,65000000,0,綠縮,是,,0.3,0.38,0.44,,-34.2105,-18.0043,-11.011
708562,群聯富邦62購04,2026-07-24,0.31,-0.05,-13.89,327000000,0,綠縮,是,,0.33,0.39,0.5,,-26.009,-24.6602,-11.2092
708563,中美晶國票5C購01,2026-07-24,1.56,-0.29,-15.68,74000000,0,紅轉綠,否,,2.01,2.24,1.76,,-18.8511,12.2306,16.4904
708565,尼克森國票5B購01,2026-07-24,1.39,-0.25,-15.24,20000000,0,綠增,否,,1.63,2.25,2.71,,-43.4722,-28.0332,-3.0027
708568,宸曜國票5B購01,2026-07-24,0.71,-0.12,-14.46,112000000,0,紅縮,是,,0.69,0.66,0.67,,8.5443,2.9687,-6.8008
708570,新漢國票5B購01,2026-07-24,0.49,-0.01,-2.0,42000000,0,綠縮,是,,0.44,0.57,0.67,,-36.9628,-26.4858,-9.1582
708571,群聯國票5C購01,2026-07-24,0.32,-0.04,-11.11,740000000,0,綠縮,是,,0.33,0.41,0.59,,-32.377,-31.2605,-15.3134
708573,家登凱基5B購05,2026-07-24,0.17,-0.02,-10.53,998000000,0,,是,,0.18,0.25,0.36,,-41.7722,-39.4673,-19.398
708578,閎康凱基5B購04,2026-07-24,0.32,0.02,6.67,310000000,0,,是,,0.45,0.52,0.6,,-24.0678,-17.4881,-16.8849
708580,群聯凱基5C購01,2026-07-24,0.2,-0.04,-16.67,144000000,0,綠縮,否,,0.22,0.29,0.44,,-36.3636,-32.7103,-18.1564
708581,群聯凱基61購03,2026-07-24,0.31,-0.05,-13.89,29000000,0,綠縮,否,,0.32,0.43,0.61,,-41.2409,-30.8426,-15.7713
708583,精材凱基5B購05,2026-07-24,3.0,-0.55,-15.49,20000000,0,紅縮,否,,3.49,2.83,2.12,,60.0551,52.9984,42.9822
708584,廣穎凱基5B購02,2026-07-24,1.64,0.06,3.8,100000000,0,綠縮,是,,1.74,2.13,2.91,,-30.9524,-25.3679,-13.1351
708585,譜瑞凱基5B購02,2026-07-24,0.21,0.02,10.53,40000000,0,紅增,否,,0.19,0.26,0.35,,-43.3735,-27.7778,-23.6524
708587,閎康富邦62購01,2026-07-24,0.27,0.0,0.0,29000000,0,,是,,0.31,0.38,0.43,,-31.0811,-19.8718,-15.9606
708588,群聯富邦62購05,2026-07-24,0.19,-0.09,-32.14,2835000000,0,綠增,是,,0.26,0.28,0.35,,-17.9487,-17.4419,-11.8306
708589,宏捷科兆豐65購01,2026-07-24,0.55,-0.08,-12.7,491000000,0,綠縮,否,,0.56,0.64,0.84,,-21.0674,-23.7126,-16.3428
708590,群聯兆豐65購02,2026-07-24,0.58,-0.08,-12.12,468000000,0,綠縮,是,,0.6,0.7,0.92,,-25.6219,-24.2981,-13.0722
708591,精材兆豐61購01,2026-07-24,2.09,-0.5,-19.31,11000000,0,紅縮,否,,2.25,2.13,1.7,,11.4087,26.0947,30.1727
708592,元太元大5B購02,2026-07-24,1.42,-0.01,-0.7,290000000,0,紅增,否,,1.37,1.38,1.55,,-1.7266,-11.9489,-4.5062
708593,世禾元大5B購02,2026-07-24,0.36,-0.04,-10.0,200000000,0,綠增,否,,0.43,0.52,0.57,,-30.8442,-15.9677,-6.2706
708594,欣銓元大5B購02,2026-07-24,1.08,-0.21,-16.28,20000000,0,綠增,否,,1.2,1.33,1.49,,-17.7198,-18.0358,-2.5172
708597,群聯元大5B購10,2026-07-24,0.58,-0.02,-3.33,20000000,0,綠縮,否,,0.57,0.79,1.07,,-43.1412,-31.2119,-20.4461
708598,群聯元大5B購11,2026-07-24,0.22,-0.13,-37.14,92000000,0,綠增,否,,0.3,0.35,0.54,,-25.7426,-34.0824,-16.8831
708599,群聯元大5B購12,2026-07-24,0.29,-0.05,-14.71,1072000000,0,綠縮,是,,0.35,0.43,0.65,,-31.7647,-32.8638,-16.8582
708600,群聯元大5B購13,2026-07-24,0.37,-0.02,-5.13,995000000,0,綠縮,是,,0.4,0.57,0.75,,-45.9239,-32.0144,-9.2559
708601,群聯元大5B購14,2026-07-24,0.4,-0.09,-18.37,496000000,0,綠縮,是,,0.39,0.51,0.74,,-37.9747,-35.1077,-15.4592
708603,群聯元大61購06,2026-07-24,0.46,-0.16,-25.81,295000000,0,綠增,是,,0.57,0.71,0.94,,-31.9905,-31.8269,-16.4958
708604,群聯元大63購03,2026-07-24,0.25,-0.13,-34.21,1457000000,0,綠增,是,,0.33,0.35,0.46,,-8.8398,-22.2472,-12.4525
708605,精材元大61購07,2026-07-24,4.75,-0.45,-8.65,10000000,0,紅縮,否,,4.69,4.44,3.57,,11.7787,24.7472,28.3735
708606,譜瑞元大5B購03,2026-07-24,0.38,0.02,5.56,11000000,0,紅增,否,,0.35,0.45,0.58,,-37.6344,-23.3503,-18.917
708607,中美晶永豐65購01,2026-07-24,2.79,0.51,22.37,1000000,0,紅增,否,,2.06,1.88,1.47,,21.0094,31.311,31.2193
708610,新盛力永豐63購01,2026-07-24,0.92,-0.09,-8.91,7000000,0,綠縮,否,,0.99,1.17,1.37,,-27.031,-18.0546,-9.5033
708611,群聯永豐5C購03,2026-07-24,0.22,0.01,4.76,3000000,0,綠縮,否,,0.21,0.24,0.35,,-27.4648,-28.5714,-13.7376
708613,精材永豐64購01,2026-07-24,2.35,-0.21,-8.2,30000000,0,紅縮,否,,2.38,2.22,1.78,,15.1985,28.7949,28.8197
708615,元太群益5B購03,2026-07-24,1.14,0.08,7.55,237000000,0,紅增,否,,1.1,1.11,1.34,,-0.7194,-17.8042,-6.7638
708618,家登群益5B購03,2026-07-24,0.14,-0.03,-17.65,529000000,0,綠增,否,,0.2,0.24,0.33,,-27.0073,-33.427,-12.4332
708619,閎康群益61購01,2026-07-24,0.28,0.01,3.7,6000000,0,,否,,0.44,0.52,,,-25.0,-17.3844,
708620,陽程群益5B購02,2026-07-24,1.1,-0.08,-6.78,165000000,0,綠縮,否,,1.05,1.3,1.52,,-31.9948,-23.8403,-11.4035
708621,順達群益5B購03,2026-07-24,0.95,0.12,14.46,2000000,0,綠縮,否,,0.78,1.1,1.21,,-44.9438,-16.4269,-14.3162
708627,廣穎群益5B購02,2026-07-24,2.15,0.28,14.97,267000000,0,綠縮,是,,1.99,2.49,3.59,,-33.4001,-30.9715,-12.4695
708628,譜瑞群益5B購02,2026-07-24,0.4,-0.02,-4.76,40000000,0,紅增,否,,0.37,0.5,0.62,,-40.2556,-21.1356,-21.8354
708629,元太凱基5B購04,2026-07-24,0.72,0.03,4.35,582000000,0,紅增,是,,0.69,0.71,0.9,,-5.9783,-21.8818,-9.6241
708630,元太凱基5B購05,2026-07-24,0.85,-0.01,-1.16,110000000,0,紅增,否,,0.81,0.82,0.97,,-1.4599,-17.0732,-6.6187
708632,順達凱基5B購03,2026-07-24,0.74,-0.08,-9.76,150000000,0,綠增,否,,0.82,1.07,1.16,,-37.7845,-18.9538,-6.7041
708634,譜瑞凱基5B購03,2026-07-24,0.42,-0.01,-2.33,2000000,0,紅增,否,,0.42,0.5,0.57,,-26.9896,-12.4343,-13.4644
708635,譜瑞凱基5B購04,2026-07-24,0.27,0.0,0.0,15000000,0,紅增,否,,0.25,0.32,0.41,,-34.715,-24.5863,-19.0196
708636,中美晶元大63購02,2026-07-24,2.86,-0.29,-9.21,15000000,0,紅轉綠,否,,3.39,3.6,2.91,,-11.0761,11.3552,24.1784
708637,沛亨元大5B購02,2026-07-24,0.12,-0.04,-25.0,1000000,0,,否,,0.52,0.6,,,-24.7813,-29.1274,
708638,威剛元大5B購08,2026-07-24,0.8,0.08,11.11,71000000,0,綠縮,否,,0.72,0.85,0.97,,-27.0876,-15.7738,-10.1843
708640,順達元大5B購04,2026-07-24,1.5,-0.08,-5.06,10000000,0,,否,,1.5,1.94,2.06,,-36.6779,-10.6138,-8.5512
708641,精材元大5B購12,2026-07-24,5.85,-0.55,-8.59,73000000,0,,是,,5.92,4.93,3.7,,50.4317,41.9401,
708642,優群元大5B購01,2026-07-24,0.49,-0.01,-2.0,247000000,0,綠縮,是,,0.53,0.68,0.78,,-36.1446,-23.2506,-12.7719
708644,譜瑞元大5B購05,2026-07-24,0.35,-0.02,-5.41,9000000,0,紅增,否,,0.33,0.43,0.53,,-37.7358,-19.3246,-17.9128
708645,譜瑞元大5B購06,2026-07-24,0.62,-0.01,-1.59,121000000,0,紅增,否,,0.6,0.72,0.84,,-29.717,-14.8585,-16.9049
708646,譜瑞元大5B購07,2026-07-24,0.29,0.0,0.0,50000000,0,紅增,否,,0.28,0.36,0.44,,-35.4839,-18.6788,-18.1564
708648,沛亨永豐5C購01,2026-07-24,0.21,0.0,0.0,100000000,0,綠縮,否,,0.32,0.46,0.69,,-48.366,-42.0,-17.0791
708650,廣穎永豐61購01,2026-07-24,0.8,0.02,2.56,20000000,0,綠縮,否,,0.78,0.89,1.1,,-22.9703,-18.1319,-19.2012
708651,中美晶富邦5B購01,2026-07-24,1.5,-0.18,-10.71,44000000,0,紅轉綠,否,,1.79,2.0,1.56,,-18.8577,11.1235,17.6139
708652,元太富邦62購01,2026-07-24,0.39,0.02,5.41,892000000,0,綠轉紅,否,,0.37,0.37,0.48,,-3.1746,-27.3438,-11.8628
708653,元太富邦62購02,2026-07-24,0.88,0.05,6.02,223000000,0,紅增,否,,0.82,0.82,0.91,,-0.4878,-10.011,-8.1395
708655,新盛力富邦62購01,2026-07-24,0.71,-0.11,-13.41,777000000,0,綠增,否,,0.8,0.98,1.15,,-30.9811,-19.1104,-10.6143
708656,元太群益5B購04,2026-07-24,1.01,0.12,13.48,5000000,0,,否,,1.36,1.4,1.48,,-5.6944,1.3768,
708657,閎康群益5B購04,2026-07-24,0.12,0.01,9.09,50000000,0,綠增,否,,0.16,0.23,0.29,,-45.6954,-29.3939,-20.996
708658,廣穎群益61購02,2026-07-24,1.19,0.05,4.39,230000000,0,綠縮,是,,1.16,1.41,1.79,,-29.8795,-20.9849,-17.4534
708660,臺慶科群益5B購02,2026-07-24,0.58,-0.08,-12.12,10000000,0,綠縮,否,,0.73,1.45,2.02,,-66.5133,-40.2143,-15.3943
708661,元太元大5B購03,2026-07-24,0.45,0.0,0.0,920000000,0,紅增,是,,0.42,0.44,0.54,,-9.0909,-17.8771,-9.6639
708662,元太元大5B購04,2026-07-24,0.52,0.02,4.0,169000000,0,紅增,否,,0.45,0.51,0.61,,-20.0704,-21.3846,-9.0237
708663,元太元大5B購05,2026-07-24,0.77,0.02,2.67,412000000,0,,是,,0.7,0.74,0.86,,-9.5855,-21.2219,-11.9654
708664,元太元大5B購06,2026-07-24,0.49,-0.02,-3.92,200000000,0,,否,,0.46,0.55,0.64,,-28.3489,-19.6793,
708665,元太元大5B購07,2026-07-24,0.93,0.03,3.33,120000000,0,,否,,0.78,0.86,1.0,,-16.7728,-19.5713,
708668,元太元大5B購10,2026-07-24,1.01,-0.05,-4.72,481000000,0,,否,,0.92,1.02,1.09,,-17.1171,-10.8084,
708670,陽程元大63購02,2026-07-24,0.81,-0.02,-2.41,2204000000,0,,是,,0.8,0.91,0.99,,-22.2656,-12.3314,-10.6613
708671,新盛力元大5B購03,2026-07-24,1.33,-0.12,-8.28,149000000,0,綠縮,是,,1.21,1.5,1.66,,-33.0744,-12.4563,-12.1525
708672,元太永豐5C購01,2026-07-24,0.75,0.0,0.0,67000000,0,,否,,0.67,0.72,0.82,,-13.2468,-17.2612,-12.6806
708673,元太永豐61購01,2026-07-24,0.58,0.01,1.75,42000000,0,,否,,0.59,0.69,,,-25.3165,-8.2447,
708674,威剛永豐67購01,2026-07-24,0.85,0.02,2.41,52000000,0,綠縮,否,,0.81,0.89,0.95,,-16.8724,-8.9048,-5.7129
708677,新漢永豐5C購01,2026-07-24,0.56,0.06,12.0,10000000,0,,否,,0.55,0.68,,,-32.0099,-15.796,
708682,威剛凱基5B購07,2026-07-24,0.49,0.02,4.26,20000000,0,綠縮,否,,0.45,0.53,0.63,,-27.5081,-18.75,-12.8611
708684,陽程凱基5B購01,2026-07-24,0.38,-0.05,-11.63,33000000,0,紅增,否,,0.38,0.51,0.62,,-38.8535,-25.9151,-15.2893
708685,新盛力凱基5B購03,2026-07-24,0.64,-0.13,-16.88,31000000,0,綠縮,否,,0.71,0.87,1.18,,-30.9478,-30.9637,-16.0822
708692,元太台新5B購01,2026-07-24,1.01,0.09,9.78,43000000,0,,否,,0.84,0.96,1.17,,-23.1618,-14.4889,
708693,方土昶台新5B購01,2026-07-24,1.47,0.09,6.52,85000000,0,,否,,1.72,2.35,,,-42.3387,-21.1163,
708697,閎康台新5B購03,2026-07-24,0.16,0.01,6.67,20000000,0,,否,,0.29,,,,,,
708698,順達台新5B購03,2026-07-24,1.42,-0.11,-7.19,15000000,0,綠增,否,,1.5,1.91,1.87,,-35.2283,-7.0908,-3.6359
708699,臺慶科台新5B購02,2026-07-24,2.44,0.07,2.95,8000000,0,綠縮,否,,2.43,3.27,4.95,,-41.0306,-39.1288,-12.9231
708701,元太國泰5C購01,2026-07-24,1.09,0.04,3.81,9000000,0,綠縮,否,,0.96,1.08,1.2,,-19.8003,-14.9254,-6.8589
708702,元太國泰5C購02,2026-07-24,0.86,0.06,7.5,47000000,0,紅增,否,,0.79,0.86,0.97,,-13.913,-16.8932,-6.2863
708703,元太國泰5C購03,2026-07-24,0.65,0.02,3.17,103000000,0,綠縮,否,,0.6,0.69,0.77,,-22.4227,-18.3649,-12.0885
708704,台半富邦62購01,2026-07-24,0.61,-0.06,-8.96,317000000,0,綠縮,是,,0.68,1.02,1.35,,-49.4815,-32.3118,-4.1076
708705,華景電富邦5B購01,2026-07-24,0.23,-0.01,-4.17,301000000,0,綠縮,是,,0.27,0.36,0.47,,-38.2883,-28.2,-15.4405
708706,新盛力富邦61購04,2026-07-24,0.61,-0.09,-12.86,383000000,0,綠縮,否,,0.69,0.83,0.99,,-28.7785,-20.3276,-10.9657
708708,雙鴻富邦61購01,2026-07-24,0.51,0.02,4.08,22000000,0,,否,,0.47,0.48,0.63,,-5.668,-17.5258,
708709,元太國票5C購01,2026-07-24,0.52,0.01,1.96,146000000,0,紅增,是,,0.47,0.53,0.62,,-19.1126,-20.1807,-8.3828
708711,光頡國票5B購01,2026-07-24,2.88,-0.62,-17.71,15000000,0,,否,,4.69,,,,,,
708712,光頡國票5B購02,2026-07-24,3.09,-0.68,-18.04,80000000,0,,是,,3.63,6.06,7.3,,-57.2372,-37.7723,-5.4077
708715,新盛力國票5B購02,2026-07-24,0.72,-0.19,-20.88,64000000,0,綠縮,否,,0.86,1.09,1.38,,-34.697,-24.6547,-14.0062
708716,中美晶台新5B購04,2026-07-24,11.0,-2.8,-20.29,184000000,0,紅轉綠,是,,15.76,17.36,12.82,,-16.8776,27.1795,25.4219
708718,台半台新5B購02,2026-07-24,2.6,-0.44,-14.47,103000000,0,,是,,2.92,4.57,4.48,,-53.1039,-12.3921,
708721,陽程凱基61購01,2026-07-24,0.49,-0.04,-7.55,23000000,0,綠縮,否,,0.48,0.59,0.66,,-30.8571,-16.9705,-10.3142
708726,擎亞凱基5B購03,2026-07-24,2.28,-0.19,-7.69,19000000,0,綠增,否,,2.62,3.22,3.2,,-31.4495,-9.8264,4.797
708728,威剛元大5B購09,2026-07-24,0.7,0.08,12.9,77000000,0,綠縮,是,,0.61,0.76,0.89,,-32.5275,-17.7994,-10.1464
708730,閎康元大5B購02,2026-07-24,0.35,0.03,9.38,99000000,0,綠縮,否,,0.31,0.39,0.55,,-35.0211,-31.5236,-17.257
708731,陽程元大5B購01,2026-07-24,0.49,-0.04,-7.55,843000000,0,綠縮,否,,0.49,0.58,0.65,,-26.506,-17.7143,-10.1459
708733,陽程元大65購02,2026-07-24,0.38,0.0,0.0,1000000,0,,否,,0.37,0.42,0.46,,-22.4576,-12.5261,
708735,勤凱元大5B購02,2026-07-24,0.75,-0.04,-5.06,2000000,0,,否,,0.9,1.5,2.07,,-56.8702,-32.7957,
708737,群翊元大5B購02,2026-07-24,0.48,-0.03,-5.88,50000000,0,,否,,0.49,0.63,0.76,,-36.6925,-23.301,-25.3314
708742,尼克森永豐5C購01,2026-07-24,0.62,-0.08,-11.43,394000000,0,綠增,是,,0.88,1.2,1.17,,-42.6702,-10.963,1.079
708743,光頡永豐61購01,2026-07-24,0.85,-0.7,-45.16,10000000,0,,否,,3.91,3.32,,,43.5389,21.0584,
708744,翔名永豐5C購01,2026-07-24,0.83,0.02,2.47,16000000,0,,否,,0.82,1.01,,,-32.0598,,
708747,臺慶科永豐65購01,2026-07-24,0.75,0.03,4.17,13000000,0,綠縮,否,,0.75,1.05,1.33,,-43.8152,-28.9492,-11.178
708750,雙鴻永豐65購01,2026-07-24,0.93,0.12,14.81,117000000,0,綠縮,否,,0.79,0.81,0.96,,-4.8426,-14.9789,-9.5619
708753,擎亞國泰61購01,2026-07-24,3.45,-0.13,-3.63,340000000,0,,是,,3.83,4.09,3.64,,-11.9835,11.7326,
708754,凡甲群益5B購02,2026-07-24,0.27,0.0,0.0,3000000,0,,否,,0.26,0.33,0.53,,-33.3333,-28.7257,
708755,中美晶群益5B購03,2026-07-24,4.35,-0.65,-13.0,127000000,0,紅轉綠,否,,5.42,5.49,4.54,,-2.4829,16.4404,17.8984
708757,威剛群益61購02,2026-07-24,1.09,0.09,9.0,40000000,0,綠縮,否,,0.98,1.12,1.3,,-21.9396,-14.6341,-9.0144
708759,聖暉*群益5B購02,2026-07-24,1.12,-0.12,-9.68,10000000,0,綠縮,否,,1.17,1.4,1.68,,-28.6935,-24.5293,-2.8952
708762,大中國票5B購01,2026-07-24,1.36,-0.06,-4.23,12000000,0,綠縮,否,,1.4,1.99,2.52,,-46.017,-32.3479,-0.8271
708764,立端國票5C購01,2026-07-24,0.51,0.0,0.0,63000000,0,紅增,否,,0.45,0.46,0.51,,-3.8298,-6.11,-9.5707
708765,均豪國票5B購01,2026-07-24,0.27,-0.04,-12.9,15000000,0,,否,,0.33,0.46,0.53,,-44.0273,-17.2101,
708766,沛亨國票5C購01,2026-07-24,0.4,0.04,11.11,9000000,0,綠增,否,,0.6,1.02,1.22,,-58.2402,-29.6604,-20.6447
708768,原相國票5B購02,2026-07-24,0.49,0.01,2.08,110000000,0,綠縮,否,,0.34,0.48,0.61,,-46.3259,-29.5754,-15.0657
708772,博盛國票5C購02,2026-07-24,0.46,-0.05,-9.8,4000000,0,綠縮,否,,0.48,0.71,0.93,,-49.7899,-37.8261,-5.7186
708773,陽程國票5B購01,2026-07-24,0.4,-0.04,-9.09,27000000,0,綠縮,否,,0.44,0.53,0.61,,-27.3026,-16.6667,-16.1401
708774,新鉅科國票5C購01,2026-07-24,0.53,-0.03,-5.36,15000000,0,,否,,0.65,0.8,1.03,,-32.3591,-26.1949,-10.928
708777,精材國票5C購02,2026-07-24,2.07,-0.61,-22.76,624000000,0,,是,,2.35,2.24,1.67,,10.0281,27.185,
708778,臺慶科國票5C購02,2026-07-24,0.5,-0.07,-12.28,58000000,0,綠增,否,,0.89,1.23,1.65,,-43.4949,-30.7953,-11.5591
708779,廣閎科國票5C購01,2026-07-24,1.32,-0.09,-6.38,20000000,0,綠縮,是,,1.33,1.78,2.17,,-40.233,-28.3648,2.0413
708780,擎亞國票5B購01,2026-07-24,2.18,-0.4,-15.5,35000000,0,綠增,否,,2.37,2.88,3.18,,-29.8463,-17.6252,-1.2442
708781,FH中5G凱基5B購01,2026-07-24,0.86,-0.36,-29.51,93000000,0,綠縮,是,,1.1,1.51,2.31,,-43.0052,-34.7826,-13.5105
708784,光頡凱基5B購02,2026-07-24,0.95,-0.57,-37.5,136000000,0,,是,,2.77,4.87,4.4,,-60.2583,-16.5381,-2.1804
708785,均豪凱基5B購02,2026-07-24,0.17,-0.03,-15.0,60000000,0,,否,,0.34,,,,,,
708786,沛亨凱基5B購02,2026-07-24,0.35,0.06,20.69,64000000,0,綠縮,否,,0.42,0.75,1.13,,-61.5809,-46.291,-22.9776
708789,精材凱基5B購06,2026-07-24,1.78,-0.6,-25.21,89000000,0,紅縮,否,,2.06,1.88,1.48,,20.9412,31.9747,32.5258
708791,精材凱基5C購02,2026-07-24,1.88,-0.49,-20.68,50000000,0,,否,,2.11,1.76,1.35,,48.519,35.852,
708792,精材凱基61購04,2026-07-24,1.89,-0.12,-5.97,11000000,0,紅縮,否,,1.86,1.71,1.39,,18.6462,26.9088,28.6177
708793,德微凱基5B購01,2026-07-24,1.12,-0.34,-23.29,4000000,0,,否,,1.95,2.48,,,-35.0433,-9.3372,
708794,世界中信5B購02,2026-07-24,0.3,-0.08,-21.05,1014000000,0,綠增,否,,0.36,0.43,0.61,,-28.8,-31.4103,-4.9027
708796,茂綸永豐61購01,2026-07-24,0.45,0.01,2.27,84000000,0,,否,,0.5,0.59,0.71,,-26.7647,-16.4539,-15.8175
708797,神準永豐5C購01,2026-07-24,0.63,-0.02,-3.08,117000000,0,綠縮,否,,0.63,0.72,0.75,,-22.113,-8.2383,-8.4498
708798,精材永豐65購01,2026-07-24,1.44,-0.32,-18.18,6000000,0,紅縮,否,,1.5,1.3,1.07,,34.2908,22.6504,26.0258
708799,台半元大5B購01,2026-07-24,2.46,-0.22,-8.21,51000000,0,,是,,3.0,2.71,,,24.0695,,
708800,光頡元大5B購01,2026-07-24,1.95,-0.27,-12.16,3000000,0,,否,,4.05,3.58,,,30.2699,23.7651,
708805,精材元大5B購13,2026-07-24,2.85,-0.53,-15.68,163000000,0,紅縮,是,,2.95,2.82,2.24,,9.3472,26.7176,23.4742
708806,精材元大5B購14,2026-07-24,3.52,-0.63,-15.18,25000000,0,,否,,3.4,2.58,1.93,,93.4091,60.3727,37.1663
708807,精材元大5B購15,2026-07-24,3.38,-0.52,-13.33,92000000,0,,否,,3.61,3.07,2.36,,43.4127,35.588,34.5014
708808,精材元大5B購16,2026-07-24,3.8,-0.12,-3.06,15000000,0,,否,,3.64,2.56,,,147.7551,106.129,
708809,精材元大5B購17,2026-07-24,3.3,-0.53,-13.84,85000000,0,,是,,3.36,2.69,2.08,,65.7791,39.2045,
708810,精材元大63購03,2026-07-24,1.6,-0.29,-15.34,17000000,0,紅縮,否,,1.73,1.6,1.26,,18.93,31.9008,26.3581
708812,世界台新5B購04,2026-07-24,1.32,-0.28,-17.5,10000000,0,綠縮,否,,1.44,1.81,2.56,,-33.4562,-37.3874,-5.5627
708815,欣銓台新5B購04,2026-07-24,0.81,-0.09,-10.0,33000000,0,綠縮,否,,0.83,0.98,1.23,,-26.2032,-28.2561,-8.5043
708816,倚強台新5B購01,2026-07-24,0.33,-0.02,-5.71,6000000,0,,否,,0.54,0.63,,,-26.776,,
708821,精材台新5C購01,2026-07-24,3.55,-0.54,-13.2,23000000,0,紅縮,否,,3.75,3.33,2.58,,28.6694,37.3147,37.1444
708823,臺慶科台新5B購04,2026-07-24,0.87,-0.04,-4.4,81000000,0,,否,,0.96,2.16,2.75,,-71.4371,-36.7371,-15.5723
708824,伍豐國票5C購01,2026-07-24,0.43,-0.03,-6.52,20000000,0,綠縮,否,,0.45,0.53,0.61,,-26.9481,-15.5309,-15.0666
708825,光頡國票5B購03,2026-07-24,1.27,-0.38,-23.03,131000000,0,,否,,2.79,4.23,3.8,,-50.968,-5.8483,
708826,翔名國票5C購02,2026-07-24,0.75,-0.11,-12.79,5000000,0,綠增,否,,0.83,1.01,1.11,,-30.7692,-16.5016,-1.985
708827,聖暉*兆豐61購01,2026-07-24,0.8,-0.24,-23.08,56000000,0,綠增,否,,0.94,1.01,1.23,,-14.1284,-23.0828,-3.8311
708828,立敦群益5B購01,2026-07-24,0.76,-0.14,-15.56,1000000,0,綠增,否,,0.94,1.27,1.71,,-41.2718,-31.9979,-12.2089
708832,翔名群益5B購01,2026-07-24,0.6,-0.04,-6.25,57000000,0,綠增,否,,0.7,0.86,0.98,,-31.9066,-20.2216,-2.0948
708833,精材群益5B購07,2026-07-24,3.23,-0.74,-18.64,83000000,0,紅縮,否,,3.54,3.49,2.65,,3.0832,30.4072,34.2119
708834,千如國泰5C購01,2026-07-24,2.27,-0.1,-4.22,1000000,0,,否,,4.4,5.79,5.46,,-38.7465,-7.7156,
708837,精材國泰5C購02,2026-07-24,3.45,-0.67,-16.26,2000000,0,紅縮,否,,3.57,3.05,2.44,,40.5831,30.8055,32.6636
708839,萬泰科富邦63購01,2026-07-24,0.44,-0.02,-4.35,25000000,0,綠縮,否,,0.41,0.51,0.58,,-32.1311,-18.9873,-8.5308
708841,台半元大5B購02,2026-07-24,2.65,-0.3,-10.17,6000000,0,綠增,是,,3.05,4.31,3.91,,-45.3405,-10.6625,8.0509
708843,威剛元大5B購10,2026-07-24,1.65,0.07,4.43,445000000,0,綠縮,否,,1.56,1.74,1.95,,-19.2746,-13.1906,-9.2369
708844,威剛元大5B購11,2026-07-24,0.83,0.04,5.06,243000000,0,綠縮,是,,0.77,0.86,0.97,,-20.1663,-13.8446,-8.6507
708845,翔名元大5B購01,2026-07-24,0.73,0.0,0.0,20000000,0,綠縮,否,,0.73,0.95,1.07,,-36.833,-20.802,-4.6708
708847,新盛力元大5B購04,2026-07-24,1.47,-0.27,-15.52,100000000,0,綠增,否,,1.68,2.29,2.54,,-41.9779,-16.7577,-9.5764
708853,立碁凱基5C購02,2026-07-24,0.88,0.14,18.92,49000000,0,,否,,0.64,0.72,,,-19.7995,,
708854,光頡凱基5B購03,2026-07-24,2.95,0.65,28.26,1000000,0,綠增,否,,3.17,3.54,3.33,,-18.977,-13.3023,8.263
708865,新盛力台新5B購02,2026-07-24,1.2,-0.19,-13.67,27000000,0,,否,,1.33,1.65,,,-32.0774,,
708866,新盛力台新5B購03,2026-07-24,1.48,-0.31,-17.32,49000000,0,綠增,是,,1.7,2.12,2.47,,-33.0448,-17.7519,-10.5902
708869,中美晶中信5B購01,2026-07-24,1.76,-0.23,-11.56,203000000,0,紅轉綠,否,,2.21,2.46,1.97,,-18.3628,11.2466,15.7059
708870,光頡中信5B購01,2026-07-24,0.43,-0.27,-38.57,330000000,0,綠縮,否,,0.62,1.11,1.87,,-60.9512,-45.3248,-15.7599
708871,威剛中信65購01,2026-07-24,0.48,0.02,4.35,205000000,0,綠縮,是,,0.46,0.5,0.54,,-14.7059,-10.4796,-7.8298
708872,台半永豐61購01,2026-07-24,1.22,-0.03,-2.4,29000000,0,,是,,2.07,2.14,,,-6.25,8.0849,
708873,光頡永豐64購01,2026-07-24,0.85,-0.53,-38.41,10000000,0,,否,,2.61,3.18,3.1,,-30.4371,-15.8466,
708875,千如國票5C購01,2026-07-24,0.58,-0.13,-18.31,346000000,0,綠縮,是,,0.73,1.09,1.73,,-50.2052,-43.8173,-19.1985
708877,台星科國票5C購02,2026-07-24,0.58,0.01,1.75,9000000,0,,否,,0.93,,,,,,
708882,能率國票5C購01,2026-07-24,0.58,0.0,0.0,6000000,0,綠增,否,,0.71,0.85,0.89,,-28.5425,-14.2713,-4.9383
708884,智通*國票5B購02,2026-07-24,0.64,-0.1,-13.51,50000000,0,綠增,是,,0.73,0.84,0.75,,-21.9616,2.8325,3.2148
708886,雅特力國票5C購01,2026-07-24,2.57,-0.3,-10.45,133000000,0,紅縮,是,,3.18,2.94,2.17,,17.4298,40.3241,31.3767
708887,萬泰科國票5C購01,2026-07-24,0.6,0.0,0.0,100000000,0,綠縮,否,,0.58,0.74,0.88,,-35.3333,-24.0779,-10.7794
708888,雷科國票5B購02,2026-07-24,1.88,-0.46,-19.66,2000000,0,綠增,否,,2.12,2.64,3.41,,-32.6349,-25.2834,-5.5178
708889,德微國票5C購01,2026-07-24,0.85,-0.18,-17.48,20000000,0,綠增,否,,1.16,2.12,2.83,,-62.4109,-35.0566,-7.5577
708890,擎亞國票5B購02,2026-07-24,1.79,-0.2,-10.05,30000000,0,綠增,是,,1.77,2.37,2.36,,-40.3509,-16.4843,-1.6065
708892,世界群益62購02,2026-07-24,0.7,-0.04,-5.41,1000000,0,綠縮,否,,0.69,0.79,1.02,,-23.9468,-24.8817,-2.4833
708894,光頡群益5B購02,2026-07-24,1.1,-0.3,-21.43,6000000,0,綠增,否,,1.41,3.97,4.74,,-78.3461,-39.8182,-7.3557
708896,擎亞群益5C購01,2026-07-24,1.04,-0.14,-11.86,100000000,0,綠增,是,,1.34,1.5,1.42,,-18.9843,-5.4327,4.7355
708897,雷科國泰61購01,2026-07-24,3.38,-0.72,-17.56,5000000,0,,否,,4.43,5.78,5.57,,-38.0112,-7.175,
708898,寶雅富邦61購01,2026-07-24,1.69,0.06,3.68,891000000,0,綠縮,是,,1.6,1.74,1.83,,-15.6448,-12.2736,-0.8394
708900,久元統一65購01,2026-07-24,0.26,-0.02,-7.14,10000000,0,,否,,0.3,0.35,,,-25.2475,-23.9224,
708902,大中統一63購01,2026-07-24,1.01,-0.14,-12.17,10000000,0,綠增,否,,1.16,1.63,1.53,,-45.1613,-14.1053,1.2239
708903,大中統一65購01,2026-07-24,0.89,-0.1,-10.1,126000000,0,綠縮,否,,0.95,1.18,1.44,,-32.7169,-28.7273,-0.0693
708904,世界統一64購02,2026-07-24,0.62,-0.11,-15.07,353000000,0,綠增,否,,0.68,0.75,0.89,,-16.0099,-24.1624,0.7883
708905,世界統一65購01,2026-07-24,0.56,-0.04,-6.67,24000000,0,綠縮,否,,0.58,0.64,0.79,,-17.9487,-19.4199,-2.2896
708906,世界統一65購02,2026-07-24,0.49,-0.07,-12.5,207000000,0,綠增,是,,0.52,0.58,0.69,,-17.6656,-20.8219,-1.1527
708907,尼克森統一63購01,2026-07-24,0.64,-0.04,-5.88,1000000,0,綠增,否,,0.77,1.0,1.03,,-37.8029,-13.2988,0.2437
708909,立敦統一65購01,2026-07-24,0.76,-0.06,-7.32,4000000,0,綠增,否,,0.86,1.04,1.24,,-30.5195,-21.2075,-7.5429
708911,立敦統一66購01,2026-07-24,0.48,-0.02,-4.0,1000000,0,綠增,否,,0.57,0.64,0.7,,-19.9438,-12.7891,-4.3926
708913,光頡統一65購01,2026-07-24,0.5,-0.26,-34.21,17000000,0,綠縮,否,,0.7,1.1,1.64,,-52.8859,-38.323,-13.5114
708916,艾訊統一65購01,2026-07-24,0.5,-0.02,-3.85,3166000000,0,紅增,是,,0.45,0.44,0.46,,4.1284,-0.4474,-1.3001
708917,邑錡統一65購01,2026-07-24,0.57,-0.01,-1.72,325000000,0,綠增,否,,0.61,0.7,0.67,,-22.0812,-7.8844,4.2768
708919,欣銓統一63購01,2026-07-24,0.53,-0.06,-10.17,1025000000,0,綠增,是,,0.53,0.66,0.69,,-32.398,-15.2258,-6.936
708920,欣銓統一65購02,2026-07-24,0.52,-0.05,-8.77,58000000,0,綠增,否,,0.53,0.57,0.63,,-12.1711,-12.8244,-3.0936
708921,欣銓統一67購01,2026-07-24,0.97,-0.05,-4.9,368000000,0,綠縮,否,,0.96,1.03,1.14,,-13.0672,-14.876,-3.0226
708925,威剛統一65購02,2026-07-24,0.67,0.03,4.69,79000000,0,綠縮,否,,0.63,0.68,0.74,,-15.4054,-9.4164,-5.0869
708927,威剛統一69購01,2026-07-24,0.45,0.02,4.65,458000000,0,綠縮,是,,0.43,0.46,0.49,,-12.6531,-8.3832,-5.5877
708928,茂達統一64購01,2026-07-24,0.94,0.01,1.08,48000000,0,綠縮,否,,0.84,1.11,1.19,,-38.897,-19.1551,-0.4174
708929,茂綸統一63購01,2026-07-24,0.46,0.0,0.0,5000000,0,,否,,0.48,0.57,0.66,,-26.6871,-17.7584,-12.8968
708930,翔名統一63購01,2026-07-24,0.56,-0.04,-6.67,24000000,0,綠增,否,,0.6,0.72,0.78,,-28.0576,-15.9437,-2.243
708933,閎康統一65購02,2026-07-24,0.45,0.0,0.0,212000000,0,,是,,0.48,0.54,,,-21.1921,,
708935,新盛力統一69購01,2026-07-24,0.58,-0.06,-9.38,133000000,0,綠增,否,,0.62,0.7,0.77,,-19.3798,-12.9514,-6.7511
708937,臺慶科統一63購01,2026-07-24,0.77,0.0,0.0,149000000,0,綠縮,否,,0.76,0.97,1.37,,-35.5932,-33.6071,-12.7829
708938,臺慶科統一65購01,2026-07-24,0.58,0.03,5.45,322000000,0,綠縮,否,,0.57,0.7,0.96,,-31.3107,-29.798,-15.7343
708939,擎亞統一67購01,2026-07-24,0.71,-0.09,-11.25,19000000,0,綠增,否,,0.74,0.86,0.89,,-23.1405,-10.1784,0.7937
708943,台星科凱基5C購01,2026-07-24,0.61,0.01,1.67,2000000,0,,否,,0.57,0.77,0.96,,-40.0835,-23.6291,
708945,威剛凱基5B購08,2026-07-24,0.7,0.11,18.64,100000000,0,綠縮,否,,0.61,0.7,0.81,,-23.75,-15.9714,-10.854
708946,德微凱基5C購01,2026-07-24,0.55,-0.22,-28.57,2000000,0,綠增,否,,1.76,1.92,1.83,,-15.3846,-8.046,-7.5405
708947,擎亞凱基5B購04,2026-07-24,1.52,-0.1,-6.17,20000000,0,綠縮,否,,1.54,1.91,2.14,,-32.603,-19.1363,-4.7906
708949,鈊象台新5B購04,2026-07-24,1.49,-0.07,-4.49,37000000,0,,否,,1.66,1.78,,,-13.2075,-9.128,
708950,優群台新5B購02,2026-07-24,0.68,-0.03,-4.23,10000000,0,,否,,0.67,0.83,1.15,,-32.5956,-30.6088,
708954,威剛元大5B購12,2026-07-24,1.06,0.04,3.92,141000000,0,綠縮,是,,0.97,1.16,1.32,,-28.065,-15.3455,-9.1629
708956,順達元大5B購06,2026-07-24,2.42,-0.17,-6.56,128000000,0,,否,,2.45,2.93,3.04,,-27.9248,-7.7238,-7.7075
708966,久元群益5B購01,2026-07-24,0.13,-0.05,-27.78,152000000,0,紅縮,否,,0.22,0.27,0.35,,-33.1288,-26.6846,-21.2911
708967,均豪群益5B購03,2026-07-24,0.4,-0.05,-11.11,190000000,0,綠縮,是,,0.45,0.63,0.76,,-44.9383,-29.8324,-8.7321
708974,雙鴻群益5B購08,2026-07-24,1.09,0.02,1.87,47000000,0,,是,,1.03,1.27,,,-31.8362,-46.3548,
708977,台半統一63購01,2026-07-24,0.85,-0.01,-1.16,26000000,0,,是,,1.14,1.63,1.5,,-46.4722,-4.7841,
708978,台半統一65購01,2026-07-24,0.47,-0.06,-11.32,5000000,0,綠縮,否,,0.52,0.68,0.85,,-38.4248,-27.5161,-5.6111
708980,台星科統一65購01,2026-07-24,0.54,-0.01,-1.82,106000000,0,綠縮,否,,0.52,0.59,0.66,,-20.2454,-13.9501,-5.8023
708981,立敦統一65購03,2026-07-24,0.65,-0.07,-9.72,34000000,0,綠增,否,,0.84,0.99,1.07,,-26.9231,-16.3851,-5.177
708982,沛亨統一69購01,2026-07-24,0.42,-0.01,-2.33,250000000,0,,是,,0.47,0.59,0.71,,-33.6158,-25.3485,-16.3314
708984,欣銓統一65購03,2026-07-24,0.54,-0.04,-6.9,83000000,0,,否,,0.56,0.62,0.65,,-18.0758,-11.3636,-5.8182
708987,威剛統一65購04,2026-07-24,0.69,0.02,2.99,310000000,0,,是,,0.69,0.75,0.85,,-15.3086,-13.6259,
708988,茂達統一65購01,2026-07-24,0.92,0.04,4.55,281000000,0,綠縮,否,,0.85,0.94,1.12,,-17.5097,-24.3548,-0.3101
708989,茂綸統一65購01,2026-07-24,0.48,0.01,2.13,106000000,0,綠縮,是,,0.46,0.52,0.57,,-21.3058,-12.3103,-8.8095
708990,閎康統一63購02,2026-07-24,0.33,0.05,17.86,100000000,0,,否,,0.44,0.47,0.5,,-9.7959,-1.8947,
708991,聖暉*統一65購02,2026-07-24,0.94,-0.08,-7.84,34000000,0,綠增,否,,0.98,1.02,1.18,,-7.8799,-17.4859,-1.2098
708992,德微統一63購02,2026-07-24,0.24,-0.09,-27.27,60000000,0,綠縮,否,,0.4,0.7,1.15,,-60.7143,-47.4944,-8.4996
708995,擎亞統一65購01,2026-07-24,0.78,-0.02,-2.5,25000000,0,綠增,否,,0.77,0.98,0.95,,-35.0671,-10.392,-1.0471
708996,擎亞統一66購01,2026-07-24,0.94,-0.01,-1.05,1000000,0,,否,,1.1,1.13,1.02,,-6.4846,10.6341,
709001,泓格國票5B購01,2026-07-24,1.28,-0.32,-20.0,423000000,0,紅縮,是,,1.41,1.1,0.97,,80.3571,27.7907,17.6257
709002,泓格國票5C購01,2026-07-24,1.32,-0.39,-22.81,1476000000,0,紅縮,是,,1.48,1.19,1.09,,65.625,22.0513,3.9467
709003,雷科國票5B購04,2026-07-24,2.41,-0.41,-14.54,8000000,0,,否,,3.07,3.98,3.82,,-37.2701,-6.2397,
709004,漢達國票5C購01,2026-07-24,0.69,-0.01,-1.43,838000000,0,綠縮,是,,0.72,0.85,0.99,,-26.1759,-23.6984,6.0865
709006,大中台新5B購01,2026-07-24,2.05,-0.34,-14.23,197000000,0,,否,,2.26,3.33,2.95,,-48.6117,-11.9873,-0.6062
709009,佳邦台新5B購01,2026-07-24,0.82,-0.17,-17.17,10000000,0,綠增,否,,1.05,1.48,1.84,,-44.8745,-25.9611,-13.6246
709011,立敦凱基5B購01,2026-07-24,0.74,-0.08,-9.76,20000000,0,綠增,否,,0.99,1.38,1.82,,-44.1176,-31.8833,-12.2655
709012,安葆凱基5C購02,2026-07-24,0.32,-0.03,-8.57,435000000,0,,是,,0.65,0.82,,,-35.0101,,
709015,威剛凱基5C購02,2026-07-24,0.66,0.02,3.12,20000000,0,,否,,0.74,0.82,0.95,,-17.0022,-15.757,
709019,臺慶科凱基63購01,2026-07-24,0.66,0.03,4.76,7000000,0,綠縮,否,,0.65,1.0,1.38,,-52.5698,-36.8156,-13.7285
709020,德微凱基5B購03,2026-07-24,0.24,-0.04,-14.29,31000000,0,綠增,否,,0.4,1.0,1.28,,-74.6231,-34.2556,-12.0179
709022,雙鴻凱基61購03,2026-07-24,0.79,-0.02,-2.47,65000000,0,綠縮,否,,0.71,0.78,0.96,,-15.4028,-19.0229,-16.5078
709024,世界群益61購01,2026-07-24,0.75,-0.07,-8.54,190000000,0,綠縮,否,,0.74,0.86,1.11,,-23.299,-24.7586,-2.4123
709026,台半群益5B購03,2026-07-24,1.65,-0.2,-10.81,390000000,0,,是,,2.18,2.72,2.39,,-33.2925,11.893,
709028,威剛群益5B購03,2026-07-24,1.17,0.05,4.46,48000000,0,綠縮,否,,1.09,1.31,1.57,,-28.534,-19.4837,-12.6325
709030,智通*群益5B購01,2026-07-24,0.94,-0.23,-19.66,30000000,0,紅轉綠,否,,1.26,1.25,1.11,,1.6103,10.0176,8.2685
709032,新盛力群益61購01,2026-07-24,1.73,-0.24,-12.18,897000000,0,綠縮,是,,1.88,2.31,2.78,,-31.1631,-21.2824,-12.6805
709033,擎亞群益65購01,2026-07-24,1.21,0.01,0.83,10000000,0,,否,,1.14,1.44,1.34,,-34.5934,-9.2965,
709034,台半元大5B購04,2026-07-24,2.24,-0.18,-7.44,173000000,0,,是,,2.54,2.84,,,-19.2112,,
709036,金益鼎元大5B購01,2026-07-24,0.24,-0.01,-4.0,148000000,0,綠縮,否,,0.25,0.29,0.37,,-21.25,-21.2121,-18.6885
709037,威剛元大5B購14,2026-07-24,5.1,0.27,5.59,217000000,0,綠縮,是,,4.74,5.36,6.17,,-20.5429,-15.3226,-10.9846
709038,原相元大5B購02,2026-07-24,0.4,-0.04,-9.09,50000000,0,綠縮,否,,0.37,0.43,0.65,,-25.2033,-36.6716,-11.3014
709039,順達元大5B購07,2026-07-24,10.4,0.1,0.97,43000000,0,,否,,9.95,11.91,12.14,,-28.2107,-8.1404,-6.4522
709043,寶雅元大5B購01,2026-07-24,1.56,0.14,9.86,33000000,0,綠縮,否,,1.44,1.71,1.73,,-26.802,-12.423,-0.2884
709044,威剛國泰5C購01,2026-07-24,1.59,0.17,11.97,51000000,0,綠縮,是,,1.52,1.7,1.9,,-19.4915,-12.1196,-7.3558
709045,威剛國泰5C購02,2026-07-24,1.46,0.16,12.31,1121000000,0,綠縮,是,,1.48,1.59,1.77,,-13.785,-9.9944,-7.8529
709046,威剛國泰5C購03,2026-07-24,1.21,0.09,8.04,33000000,0,,是,,1.39,1.54,1.73,,-17.4584,-11.4631,
709047,擎亞國泰62購01,2026-07-24,3.23,-0.1,-3.0,20000000,0,綠增,否,,3.33,4.09,4.13,,-31.1855,-8.7723,1.1879
709049,台半富邦62購02,2026-07-24,0.69,-0.02,-2.82,31000000,0,綠增,否,,0.82,1.27,1.27,,-52.4476,-21.9482,-2.6044
709059,欣銓統一5B購01,2026-07-24,0.55,-0.09,-14.06,54000000,0,,是,,0.59,0.76,0.76,,-37.6596,-11.8938,
709061,茂達統一65購02,2026-07-24,0.73,0.03,4.29,205000000,0,,是,,0.69,0.88,0.86,,-34.4045,-9.6907,
709062,凌陽創統一63購01,2026-07-24,0.4,0.0,0.0,55000000,0,,否,,0.41,0.48,0.56,,-23.3333,-20.6323,
709066,德微統一65購01,2026-07-24,0.78,-0.05,-6.02,5000000,0,綠縮,否,,0.81,0.88,1.01,,-14.5263,-18.3503,4.7004
709068,擎亞統一63購02,2026-07-24,0.84,-0.07,-7.69,1000000,0,,否,,1.13,1.12,1.01,,0.3565,10.0881,
709070,鑫科統一64購01,2026-07-24,0.31,-0.05,-13.89,30000000,0,綠增,否,,0.35,0.44,0.51,,-33.2061,-19.9634,-5.0785
709071,立敦永豐61購01,2026-07-24,0.98,-0.16,-14.04,1000000,0,綠增,否,,1.15,1.5,1.83,,-37.3232,-27.4976,-6.4978
709072,佳邦永豐63購01,2026-07-24,0.8,-0.15,-15.79,2000000,0,綠增,否,,0.92,1.12,1.41,,-30.5136,-26.9055,-12.6891
709073,威剛永豐5B購02,2026-07-24,0.66,0.07,11.86,170000000,0,綠縮,是,,0.59,0.68,0.78,,-23.2984,-15.4135,-9.5099
709074,威剛永豐61購02,2026-07-24,0.86,0.04,4.88,87000000,0,,否,,0.91,0.99,1.07,,-14.6617,-11.2511,-8.6155
709075,原相永豐5C購01,2026-07-24,0.77,0.01,1.32,108000000,0,綠縮,否,,0.7,0.75,0.95,,-12.0301,-25.4473,-5.2894
709080,佳邦國票5C購02,2026-07-24,0.49,-0.02,-3.92,1000000,0,綠縮,否,,0.53,0.75,1.03,,-46.3265,-32.9475,-18.6588
709081,茂達國票5C購01,2026-07-24,1.01,0.09,9.78,216000000,0,綠縮,否,,0.93,1.07,1.44,,-23.1788,-33.7058,-1.9015
709083,晶宏國票5C購02,2026-07-24,0.65,0.05,8.33,1000000,0,綠縮,否,,0.64,0.8,1.01,,-34.0206,-27.932,-11.2483
709085,雷科國票5B購05,2026-07-24,2.83,-0.58,-17.01,1000000,0,,否,,3.71,4.82,,,-37.4705,-4.5175,
709086,德微國票5C購03,2026-07-24,0.44,-0.1,-18.52,221000000,0,綠縮,否,,0.58,0.98,1.54,,-57.6642,-43.609,-9.521
709089,世紀*元大5B購01,2026-07-24,0.53,-0.03,-5.36,10000000,0,綠增,否,,0.59,0.76,0.83,,-37.045,-22.2676,-6.3456
709090,台特化元大5B購02,2026-07-24,0.63,-0.08,-11.27,127000000,0,,否,,0.68,0.98,1.14,,-46.7188,-24.0124,
709091,博智元大5B購02,2026-07-24,0.36,-0.08,-18.18,1248000000,0,綠縮,是,,0.35,0.46,0.69,,-37.0107,-35.3107,-19.1254
709093,鈊象元大5B購02,2026-07-24,1.38,-0.05,-3.5,151000000,0,綠縮,否,,1.44,1.54,1.71,,-11.7359,-14.2061,-6.1728
709094,群聯元大5B購15,2026-07-24,2.98,-0.51,-14.61,151000000,0,綠縮,否,,3.26,3.97,5.61,,-30.4311,-28.1945,-15.8195
709095,群聯元大5B購16,2026-07-24,0.74,-0.01,-1.33,167000000,0,綠縮,否,,0.73,0.86,1.22,,-25.3061,-27.0247,-14.3708
709097,雙鴻元大5B購03,2026-07-24,5.4,0.15,2.86,263000000,0,,是,,5.05,5.01,6.85,,1.4877,-25.5091,-18.9626
709098,尼克森國票5B購02,2026-07-24,1.01,-0.12,-10.62,11000000,0,綠增,否,,1.17,1.57,1.92,,-40.8308,-27.403,-3.8847
709101,華容國票5C購02,2026-07-24,3.3,-0.74,-18.32,72000000,0,綠增,否,,3.47,4.03,3.8,,-24.456,-13.3405,14.6691
709102,群聯國票61購03,2026-07-24,0.49,-0.04,-7.55,13000000,0,綠縮,是,,0.5,0.6,0.82,,-29.3785,-27.5779,-13.7804
709103,雷科國票5C購01,2026-07-24,1.39,-0.41,-22.78,265000000,0,綠增,否,,1.74,2.15,2.65,,-31.6863,-24.1696,-9.7291
709104,臺慶科國票5C購03,2026-07-24,0.36,-0.05,-12.2,52000000,0,綠縮,否,,0.42,0.62,1.07,,-49.5169,-44.4246,-19.5628
709105,廣穎國票5C購02,2026-07-24,1.53,0.07,4.79,8000000,0,綠縮,否,,1.44,1.75,2.25,,-29.4233,-20.7539,-12.5219
709107,擎亞國票5C購01,2026-07-24,1.49,-0.05,-3.25,50000000,0,綠縮,是,,1.5,1.78,1.92,,-27.4491,-14.8396,-3.1486
709109,中美晶凱基63購01,2026-07-24,2.1,-0.22,-9.48,10000000,0,紅縮,否,,2.88,2.64,2.1,,20.7705,35.1102,23.3736
709111,凌陽創凱基5B購01,2026-07-24,0.46,-0.02,-4.17,10000000,0,,否,,0.73,0.8,,,-17.6871,-16.6839,
709112,博智凱基5B購01,2026-07-24,0.16,-0.06,-27.27,200000000,0,綠縮,否,,0.19,0.28,0.45,,-48.9362,-36.6071,-15.9813
709115,群聯凱基5B購05,2026-07-24,0.44,0.03,7.32,11000000,0,綠縮,否,,0.41,0.53,0.74,,-37.4233,-29.8013,-14.9914
709117,群聯凱基5B購07,2026-07-24,0.49,-0.04,-7.55,170000000,0,綠縮,否,,0.55,0.75,1.03,,-41.9492,-30.2804,-14.1788
709119,中光電台新5B購01,2026-07-24,3.29,0.45,15.85,10000000,0,,否,,3.31,4.03,3.34,,-30.3909,3.1969,9.0894
709122,博盛台新5B購01,2026-07-24,0.5,-0.05,-9.09,3000000,0,,否,,0.7,1.32,1.19,,-63.8889,-11.976,
709126,順達台新5B購04,2026-07-24,3.06,0.03,0.99,2000000,0,綠縮,否,,2.85,3.58,3.7,,-33.9203,-11.3091,-9.1813
709127,群聯台新5B購09,2026-07-24,0.86,-0.15,-14.85,102000000,0,綠縮,否,,0.93,1.35,1.91,,-47.6888,-32.1106,-15.0356
709128,群聯台新5B購10,2026-07-24,0.52,-0.09,-14.75,50000000,0,綠縮,否,,0.62,0.76,1.0,,-32.3077,-25.7782,-12.1919
709130,雷科台新5B購01,2026-07-24,2.29,-0.59,-20.49,27000000,0,,是,,3.51,3.52,,,-0.0569,,
709131,雷科台新5B購02,2026-07-24,1.89,-0.53,-21.9,131000000,0,綠增,否,,2.39,3.04,3.83,,-35.5135,-25.708,-11.8128
709132,廣穎台新5B購01,2026-07-24,2.0,0.22,12.36,4000000,0,,否,,1.8,2.58,,,-46.4562,,
709133,聯合台新5B購01,2026-07-24,0.97,0.0,0.0,10000000,0,,是,,0.95,1.04,,,-15.3025,,
709134,鑫科台新5B購01,2026-07-24,0.52,-0.11,-17.46,3000000,0,綠增,否,,0.72,0.97,1.05,,-40.4605,-23.6821,-13.8329
709136,博智富邦61購02,2026-07-24,0.28,-0.05,-15.15,40000000,0,綠縮,否,,0.27,0.32,0.47,,-30.7292,-30.9979,-14.652
709137,群聯富邦61購03,2026-07-24,0.42,-0.03,-6.67,20000000,0,綠縮,否,,0.42,0.55,0.66,,-36.8263,-23.7762,-10.2564
709138,群聯富邦61購04,2026-07-24,0.43,-0.01,-2.27,310000000,0,,是,,0.42,0.55,0.66,,-38.3481,-26.3441,-16.0051
709139,安勤永豐5C購01,2026-07-24,1.38,0.03,2.22,847000000,0,紅增,是,,1.24,1.18,1.14,,9.9644,4.2403,5.4428
709145,群聯永豐65購04,2026-07-24,0.49,0.0,0.0,60000000,0,,是,,0.57,0.7,,,-31.4149,,
709146,漢科永豐5C購01,2026-07-24,0.63,-0.02,-3.08,19000000,0,綠縮,否,,0.61,0.64,0.68,,-8.1081,-10.8787,-2.4947
709147,中美晶統一66購01,2026-07-24,0.97,-0.08,-7.62,971000000,0,紅轉綠,否,,1.1,1.18,1.03,,-12.4204,5.3667,8.6751
709151,沛亨統一65購02,2026-07-24,0.3,-0.02,-6.25,210000000,0,綠縮,是,,0.28,0.36,0.6,,-33.6449,-38.087,-18.5685
709152,佳邦統一63購01,2026-07-24,0.5,-0.05,-9.09,21000000,0,綠增,否,,0.55,0.7,0.83,,-34.9882,-23.1278,-10.9743
709153,佳邦統一65購01,2026-07-24,0.36,-0.03,-7.69,60000000,0,綠增,否,,0.38,0.51,0.59,,-39.3651,-21.3064,-11.6331
709154,朋程統一65購01,2026-07-24,0.46,-0.06,-11.54,86000000,0,綠增,否,,0.51,0.67,0.79,,-38.5922,-20.8333,-6.4019
709156,茂達統一65購03,2026-07-24,0.7,0.05,7.69,24000000,0,綠縮,否,,0.66,0.81,0.87,,-31.5353,-15.1515,0.2304
709157,茂達統一69購01,2026-07-24,0.79,0.03,3.95,38000000,0,,否,,0.81,0.94,,,-23.6842,-8.0392,
709158,茂綸統一65購02,2026-07-24,0.57,0.02,3.64,167000000,0,綠縮,是,,0.53,0.56,0.61,,-9.8305,-9.2233,-7.3429
709159,茂綸統一65購03,2026-07-24,0.5,0.0,0.0,122000000,0,綠縮,否,,0.5,0.54,0.58,,-12.1951,-6.9085,-6.7261
709160,神準統一66購01,2026-07-24,0.62,0.01,1.64,32000000,0,,否,,0.61,0.66,0.68,,-12.2857,-4.9204,-4.8353
709164,萬泰科統一75購01,2026-07-24,0.54,0.0,0.0,10000000,0,,是,,0.55,0.59,0.63,,-14.6875,-6.761,
709166,群聯統一63購01,2026-07-24,0.32,-0.05,-13.51,360000000,0,綠縮,否,,0.35,0.39,0.51,,-22.0721,-22.3969,-12.2118
709167,群聯統一63購02,2026-07-24,0.28,-0.01,-3.45,110000000,0,綠縮,否,,0.29,0.33,0.46,,-25.1309,-25.9423,-13.1629
709168,群聯統一65購01,2026-07-24,0.28,-0.04,-12.5,21000000,0,綠縮,否,,0.29,0.34,0.47,,-25.8883,-24.6154,-14.2066
709170,群聯統一69購01,2026-07-24,0.92,-0.04,-4.17,47000000,0,綠縮,是,,0.93,1.04,1.18,,-19.4107,-13.6703,-6.6667
709171,群聯統一69購02,2026-07-24,0.54,-0.06,-10.0,100000000,0,綠縮,否,,0.54,0.63,0.76,,-24.7911,-19.6679,-8.5594
709173,群聯統一75購01,2026-07-24,1.01,-0.06,-5.61,535000000,0,綠縮,是,,1.03,1.12,1.29,,-14.262,-13.5802,-7.0707
709174,聖暉*統一65購03,2026-07-24,0.97,-0.08,-7.62,78000000,0,綠增,否,,1.02,1.05,1.22,,-5.7196,-17.217,-1.6077
709178,臺慶科統一69購01,2026-07-24,0.59,-0.02,-3.28,54000000,0,,是,,0.7,0.86,0.94,,-31.1024,-18.8269,
709179,廣穎統一65購01,2026-07-24,0.74,0.0,0.0,74000000,0,,是,,0.75,0.89,0.98,,-27.7457,-18.5792,
709180,廣穎統一69購01,2026-07-24,0.84,0.04,5.0,16000000,0,綠縮,是,,0.8,0.86,0.96,,-12.6638,-10.3448,-9.0952
709182,擎亞統一65購04,2026-07-24,0.85,-0.18,-17.48,10000000,0,綠增,否,,0.97,1.23,1.26,,-34.9933,-11.1594,0.1989
709188,博智群益5B購02,2026-07-24,0.58,-0.09,-13.43,40000000,0,綠縮,否,,0.54,0.7,1.08,,-37.7315,-35.6881,-20.0074
709192,群聯群益5B購07,2026-07-24,1.02,-0.16,-13.56,268000000,0,綠縮,是,,1.11,1.41,2.15,,-35.39,-33.3648,-17.0274
709196,寶雅群益5B購01,2026-07-24,2.11,0.06,2.93,38000000,0,綠增,否,,2.35,2.76,2.57,,-25.9912,-1.7762,4.1624
709197,鑫科群益5B購02,2026-07-24,0.4,-0.1,-20.0,20000000,0,,否,,0.7,0.9,,,-36.0,,
709204,順達永豐67購01,2026-07-24,1.08,-0.08,-6.9,103000000,0,綠增,否,,1.08,1.28,1.36,,-26.2943,-9.446,-4.8404
709205,鈊象永豐63購01,2026-07-24,1.06,-0.04,-3.64,20000000,0,綠縮,否,,1.07,1.13,1.21,,-10.8696,-10.8044,-5.0568
709206,新盛力永豐5C購02,2026-07-24,0.59,-0.11,-15.71,219000000,0,綠縮,否,,0.67,0.87,1.06,,-36.6038,-23.295,-12.3134
709208,沛亨凱基5B購03,2026-07-24,0.21,0.0,0.0,1180000000,0,綠縮,是,,0.2,0.31,0.72,,-50.0,-53.211,-22.8954
709209,佳邦凱基5B購01,2026-07-24,0.21,-0.04,-16.0,35000000,0,,是,,0.24,0.42,,,-60.6557,-45.6522,
709216,群聯凱基61購04,2026-07-24,1.1,0.3,37.5,5000000,0,綠轉紅,否,,0.63,0.62,0.78,,3.6304,-14.6611,-8.9683
709217,臺慶科凱基5B購03,2026-07-24,0.23,-0.05,-17.86,2000000,0,綠縮,否,,0.27,0.43,0.87,,-55.0336,-50.6286,-24.4125
709225,佳邦台新5B購03,2026-07-24,0.46,-0.08,-14.81,125000000,0,,是,,0.86,1.32,,,-51.3544,-36.7739,
709226,順達台新5B購05,2026-07-24,3.02,0.18,6.34,10000000,0,綠縮,否,,2.87,3.61,3.8,,-34.1149,-9.6192,-5.3758
709228,勤凱台新5B購03,2026-07-24,0.29,-0.08,-21.62,10000000,0,,是,,0.98,1.66,,,-58.1694,-32.2436,
709231,雙鴻台新5B購01,2026-07-24,1.32,-0.02,-1.49,29000000,0,,否,,1.22,1.53,,,-33.6968,-22.1939,
709232,雙鴻台新5B購02,2026-07-24,1.07,0.11,11.46,17000000,0,,是,,0.9,1.13,1.43,,-33.7261,-26.3536,
709237,順達國泰5C購01,2026-07-24,1.04,-0.05,-4.59,2000000,0,綠縮,否,,1.02,1.24,1.31,,-30.2326,-11.6726,-8.9646
709238,群聯國泰5C購01,2026-07-24,0.6,-0.1,-14.29,27000000,0,綠縮,否,,0.65,0.78,1.08,,-28.4141,-27.3321,-14.2631
709240,威剛富邦5B購02,2026-07-24,0.62,0.07,12.73,6000000,0,,否,,0.72,0.78,,,-13.6364,-6.4826,
709242,群聯富邦62購06,2026-07-24,0.39,-0.02,-4.88,298000000,0,綠縮,是,,0.39,0.47,0.59,,-29.8561,-25.5118,-10.8614
709245,威剛元大5B購15,2026-07-24,2.09,0.05,2.45,263000000,0,綠縮,是,,1.98,2.31,2.65,,-25.1511,-15.971,-11.1763
709246,原相元大5B購03,2026-07-24,0.84,0.0,0.0,160000000,0,綠縮,否,,0.77,0.84,1.12,,-16.5217,-28.0477,-8.1524
709248,富喬元大5B購03,2026-07-24,0.56,-0.06,-9.68,11000000,0,綠縮,否,,0.62,0.89,1.13,,-46.8268,-31.4132,-12.8384
709249,富喬元大5B購04,2026-07-24,0.21,-0.04,-16.0,101000000,0,綠縮,否,,0.25,0.35,0.49,,-44.843,-37.6577,-11.5212
709254,群聯元大5B購17,2026-07-24,3.67,0.06,1.66,64000000,0,綠縮,是,,3.42,4.24,5.76,,-32.5967,-26.8495,-16.6944
709260,富喬群益5B購02,2026-07-24,0.25,-0.05,-16.67,150000000,0,,是,,0.29,0.6,0.7,,-67.8492,-32.4263,-22.1852
709262,新盛力群益63購01,2026-07-24,0.96,-0.13,-11.93,183000000,0,綠縮,否,,1.03,1.3,1.56,,-34.2239,-21.7417,-11.3888
709264,群聯群益5B購08,2026-07-24,1.79,-0.01,-0.56,505000000,0,綠縮,是,,1.74,2.09,2.94,,-28.8635,-28.3465,-15.0982
709266,雙鴻群益5B購09,2026-07-24,0.87,0.15,20.83,15000000,0,,否,,0.69,0.78,1.18,,-21.6401,-29.9642,
709267,方土昶永豐5C購01,2026-07-24,0.47,0.0,0.0,102000000,0,綠縮,是,,0.47,0.56,0.67,,-27.5542,-16.7414,-17.6542
709268,茂達永豐63購01,2026-07-24,0.9,0.05,5.88,215000000,0,,是,,0.82,0.92,1.08,,-20.2335,-22.8715,-2.4853
709269,精確永豐5B購01,2026-07-24,0.3,-0.02,-6.25,2000000,0,綠增,否,,0.46,0.55,0.61,,-26.6667,-11.3636,-12.0752
709270,優群永豐5C購01,2026-07-24,0.38,-0.01,-2.56,45000000,0,,否,,0.53,0.56,,,-9.8639,-9.5469,
709271,中美晶凱基5B購05,2026-07-24,1.45,-0.32,-18.08,36000000,0,紅轉綠,否,,1.94,2.11,1.69,,-15.3846,13.3047,24.4485
709273,立碁凱基5B購02,2026-07-24,0.3,0.08,36.36,10000000,0,,否,,,,,,,,
709275,沛亨凱基5C購01,2026-07-24,0.28,0.01,3.7,95000000,0,,是,,0.28,0.56,0.75,,-66.0241,-38.7665,
709280,精材凱基5B購09,2026-07-24,1.58,-0.38,-19.39,6000000,0,紅縮,否,,1.72,1.62,1.27,,14.1722,30.6139,32.4974
709283,立碁台新5B購02,2026-07-24,0.51,0.1,24.39,47000000,0,,,,,,,,,,
709284,艾訊台新5B購03,2026-07-24,1.6,-0.14,-8.05,1096000000,0,紅增,是,,1.37,1.32,1.39,,8.3861,-4.0787,-2.8651
709285,艾訊台新5B購04,2026-07-24,1.53,-0.1,-6.13,77000000,0,,否,,1.32,1.36,1.39,,-5.1576,-2.439,1.2341
709287,南俊台新5B購01,2026-07-24,0.54,-0.08,-12.9,509000000,0,綠縮,是,,0.61,0.94,1.29,,-51.8809,-35.6267,-8.54
709289,順達台新5B購06,2026-07-24,1.21,-0.06,-4.72,20000000,0,綠增,否,,1.24,1.62,1.68,,-37.8758,-12.3035,-10.184
709291,臺慶科台新5B購06,2026-07-24,0.82,-0.07,-7.87,133000000,0,綠縮,否,,0.92,1.27,2.06,,-43.2799,-39.763,-19.6536
709292,臺慶科台新5B購07,2026-07-24,0.87,-0.08,-8.42,134000000,0,綠縮,否,,0.95,1.37,2.26,,-46.875,-41.3425,-21.3776
709293,群聯兆豐65購03,2026-07-24,0.48,-0.03,-5.88,3000000,0,綠縮,否,,0.49,0.56,0.69,,-21.9048,-19.9715,-10.7097
709294,中美晶元大5B購06,2026-07-24,1.4,-0.57,-28.93,6000000,0,紅轉綠,否,,1.73,1.84,1.44,,-10.7106,15.9621,20.94
709296,世界元大5B購04,2026-07-24,1.18,-0.21,-15.11,182000000,0,,否,,1.24,1.39,1.6,,-19.4263,-22.5391,
709300,群聯元大61購07,2026-07-24,0.49,-0.05,-9.26,2845000000,0,綠縮,是,,0.52,0.59,0.74,,-21.1009,-20.9459,-10.5103
709301,聖暉*元大5B購05,2026-07-24,1.92,-0.25,-11.52,30000000,0,綠增,否,,2.12,2.25,2.57,,-10.3041,-17.9993,3.0437
709307,中美晶群益5B購06,2026-07-24,3.8,-0.67,-14.99,99000000,0,紅轉綠,否,,4.87,5.46,4.28,,-19.2779,12.8205,16.0988
709309,南俊群益5B購01,2026-07-24,0.37,-0.08,-17.78,105000000,0,綠縮,否,,0.42,0.66,0.94,,-53.7778,-37.393,-10.3103
709310,茂達群益5B購02,2026-07-24,0.86,0.06,7.5,193000000,0,綠縮,是,,0.77,1.22,1.32,,-53.6703,-23.8572,-2.5811
709311,富喬群益5B購03,2026-07-24,0.25,-0.17,-40.48,10000000,0,,否,,0.58,0.8,0.97,,-43.6399,-29.9737,-15.4014
709312,群聯群益5B購09,2026-07-24,0.35,-0.1,-22.22,819000000,0,綠縮,是,,0.4,0.55,0.92,,-42.2857,-38.7347,-20.1831
709313,精材群益5B購09,2026-07-24,3.29,-0.58,-14.99,887000000,0,紅縮,是,,3.55,3.33,2.61,,14.4237,30.742,32.2793
709320,群聯永豐65購05,2026-07-24,0.43,-0.02,-4.44,248000000,0,,否,,0.47,0.57,0.66,,-29.1291,-22.585,-12.7297
709326,朋程元大5B購01,2026-07-24,0.21,-0.04,-16.0,29000000,0,綠增,否,,0.3,0.46,0.63,,-51.9108,-32.5109,-8.9273
709329,群聯元大61購08,2026-07-24,0.58,-0.03,-4.92,10000000,0,,否,,0.76,0.91,,,-28.0603,-18.19,
709332,順達富邦61購01,2026-07-24,0.39,-0.03,-7.14,163000000,0,綠增,否,,0.4,0.51,0.52,,-35.9223,-10.8963,-10.6564
709333,大中群益5B購01,2026-07-24,1.39,0.12,9.45,11000000,0,綠增,否,,1.68,1.84,1.88,,-16.1838,-11.1969,9.9268
709334,大中群益5B購02,2026-07-24,0.99,-0.11,-10.0,7000000,0,綠縮,否,,1.08,1.49,1.93,,-43.6649,-35.1434,-1.6518
709336,宏捷科群益5B購02,2026-07-24,0.18,0.0,0.0,16000000,0,,否,,0.39,0.55,,,-44.0341,-28.1414,
709337,良維群益5B購04,2026-07-24,0.43,-0.03,-6.52,20000000,0,,否,,0.51,0.93,1.2,,-62.3512,-33.6442,
709341,長科*群益5B購01,2026-07-24,1.66,-0.26,-13.54,25000000,0,,是,,2.64,3.4,3.91,,-36.5385,-22.3744,-8.5905
709342,順達群益5B購04,2026-07-24,0.53,-0.07,-11.67,15000000,0,,否,,0.62,0.81,0.88,,-38.171,-10.1545,-10.9824
709344,漢科群益5B購01,2026-07-24,0.72,-0.11,-13.25,102000000,0,,否,,0.78,0.86,0.97,,-17.5847,-14.9209,-4.3328
709345,精材群益5B購10,2026-07-24,4.62,-0.73,-13.64,250000000,0,,否,,4.75,4.54,3.7,,9.9491,21.44,25.3817
709346,台半凱基5B購03,2026-07-24,0.28,-0.13,-31.71,20000000,0,綠增,是,,0.79,1.24,1.23,,-52.8504,-26.643,0.9881
709349,順達凱基5B購04,2026-07-24,0.29,-0.04,-12.12,381000000,0,,是,,0.29,0.4,0.5,,-44.2308,-23.7288,
709351,聖暉*凱基5B購05,2026-07-24,1.21,-0.2,-14.18,187000000,0,,是,,1.36,1.61,1.75,,-27.1459,-19.6509,3.0312
709354,台半台新5B購04,2026-07-24,0.72,-0.09,-11.11,18000000,0,,否,,1.06,1.97,1.92,,-63.125,-20.5562,
709355,台半台新5B購05,2026-07-24,0.65,-0.1,-13.33,51000000,0,綠增,否,,0.81,1.69,1.89,,-68.3761,-26.6349,-5.7683
709364,宏捷科凱基5B購02,2026-07-24,0.09,-0.01,-10.0,51000000,0,綠縮,否,,0.1,0.14,0.25,,-44.9438,-42.7386,-30.3621
709366,富喬凱基62購01,2026-07-24,0.27,-0.05,-15.62,100000000,0,,是,,0.38,0.52,0.63,,-41.9453,-27.8779,
709367,萊德光凱基5B購01,2026-07-24,0.19,-0.04,-17.39,24000000,0,紅縮,否,,0.22,0.22,0.26,,1.8692,-10.0,-26.7806
709368,萊德光凱基5B購02,2026-07-24,0.21,-0.07,-25.0,698000000,0,紅縮,是,,0.23,0.26,0.29,,-23.1293,-7.8014,-27.4074
709375,雙鴻凱基5B購03,2026-07-24,0.62,0.12,24.0,20000000,0,,否,,0.63,0.7,0.83,,-18.4896,-19.2352,
709382,廣穎台新5B購02,2026-07-24,1.25,0.08,6.84,3000000,0,,否,,1.2,1.52,,,-35.4212,-26.5542,
709388,順達元大62購01,2026-07-24,0.99,0.01,1.02,1028000000,0,,否,,0.95,0.99,0.98,,-8.4778,2.4742,
709389,群聯元大5B購19,2026-07-24,0.47,-0.05,-9.62,1352000000,0,,是,,0.5,0.65,0.93,,-38.3085,-35.3234,
709390,群聯元大63購04,2026-07-24,0.39,-0.04,-9.3,1258000000,0,綠縮,是,,0.4,0.46,0.59,,-21.4844,-22.1465,-13.8563
709392,佳邦富邦5B購01,2026-07-24,0.14,-0.03,-17.65,25000000,0,綠縮,否,,0.17,0.25,0.35,,-51.462,-33.8542,-17.2619
709393,精材富邦5B購03,2026-07-24,1.81,-0.35,-16.2,5000000,0,紅縮,否,,2.01,1.93,1.5,,9.5756,29.7844,31.6623
709395,聖暉*群益5B購03,2026-07-24,0.99,-0.27,-21.43,10000000,0,綠增,否,,1.2,1.52,1.8,,-34.3886,-24.5649,-5.9162
709396,優群群益62購01,2026-07-24,0.5,-0.01,-1.96,30000000,0,,否,,0.55,0.69,,,-35.0,-14.5499,
709398,威聯通國泰5C購01,2026-07-24,0.64,-0.08,-11.11,499000000,0,,是,,0.67,0.76,0.98,,-20.3791,-22.0165,-19.6159
709399,勤凱國泰5C購02,2026-07-24,0.35,-0.05,-12.5,70000000,0,綠增,否,,0.54,0.77,1.01,,-46.5209,-24.165,-20.2841
709400,台半永豐63購02,2026-07-24,0.7,-0.07,-9.09,5000000,0,,否,,1.94,1.94,1.64,,-0.1032,8.5154,
709403,萊德光永豐5C購01,2026-07-24,0.25,-0.07,-21.88,100000000,0,紅增,否,,0.26,0.3,0.39,,-22.3529,-9.0361,-27.5281
709408,中美晶元大5C購03,2026-07-24,2.6,-0.29,-10.03,904000000,0,紅轉綠,是,,3.09,3.21,2.47,,-7.0999,19.6269,26.2337
709409,世界元大5C購02,2026-07-24,1.57,-0.28,-15.14,1000000,0,綠增,否,,1.68,1.88,2.16,,-19.0154,-22.9979,4.2702
709410,台半元大5C購02,2026-07-24,0.36,-0.02,-5.26,1000000,0,綠增,否,,0.44,0.76,0.9,,-59.2593,-26.9231,-4.2553
709411,良維元大5C購02,2026-07-24,0.35,-0.01,-2.78,2000000,0,,否,,0.35,0.56,0.74,,-54.8052,-33.4524,
709416,群聯元大5C購03,2026-07-24,2.54,-0.08,-3.05,288000000,0,綠縮,是,,2.51,3.0,4.31,,-28.1948,-28.3118,-15.3091
709418,中美晶永豐64購01,2026-07-24,1.2,-0.12,-9.09,162000000,0,,是,,1.4,1.51,1.29,,-14.2506,7.9229,
709419,長科*永豐61購02,2026-07-24,1.17,-0.11,-8.59,80000000,0,,是,,1.41,2.0,2.29,,-45.7209,-19.574,
709422,臺慶科永豐66購01,2026-07-24,0.4,-0.04,-9.09,80000000,0,綠縮,是,,0.43,0.53,0.77,,-31.1111,-32.8283,-12.9525
709423,廣穎永豐61購02,2026-07-24,0.59,0.07,13.46,98000000,0,,是,,0.54,0.62,,,-23.3618,-21.3198,
709429,威剛凱基64購01,2026-07-24,0.69,0.04,6.15,5000000,0,,否,,0.76,0.79,0.82,,-7.5795,-4.7215,
709434,群聯凱基66購01,2026-07-24,0.41,-0.02,-4.65,200000000,0,綠縮,否,,0.4,0.46,0.58,,-20.7843,-20.9343,-11.5239
709436,巨漢台新5C購01,2026-07-24,0.72,0.01,1.41,76000000,0,綠縮,否,,0.72,0.87,1.01,,-29.2969,-19.5212,-12.732
709437,巨漢台新5C購02,2026-07-24,0.89,0.12,15.58,3000000,0,,否,,0.91,1.08,,,-28.0952,-15.2582,
709442,鑫聯台新5C購01,2026-07-24,0.73,-0.02,-2.67,2000000,0,,否,,0.81,,,,,,
709443,台半群益5C購01,2026-07-24,0.43,-0.16,-27.12,276000000,0,綠縮,是,,0.54,1.17,1.6,,-69.7105,-38.5827,-6.9537
709445,立敦群益5C購01,2026-07-24,0.19,-0.05,-20.83,205000000,0,綠縮,是,,0.26,0.38,0.56,,-50.1946,-36.4686,-15.4951
709446,勤凱群益5C購01,2026-07-24,0.1,-0.02,-16.67,415000000,0,綠縮,是,,0.13,0.22,0.36,,-57.9618,-36.4672,-26.4463
709448,雙鴻群益5C購01,2026-07-24,1.34,0.05,3.88,203000000,0,,是,,1.23,1.3,1.62,,-10.4803,-17.7511,-11.5301
709450,雙鴻國泰61購02,2026-07-24,0.91,0.09,10.98,342000000,0,紅增,否,,0.82,0.81,1.04,,1.4888,-19.7628,-12.0763
709452,台半富邦64購01,2026-07-24,0.31,-0.04,-11.43,1155000000,0,綠縮,是,,0.35,0.53,0.72,,-50.4202,-34.878,-6.8697
709453,台半富邦66購01,2026-07-24,0.35,-0.03,-7.89,722000000,0,綠縮,是,,0.38,0.56,0.73,,-48.5095,-33.6892,-5.9126
709454,宏捷科富邦66購01,2026-07-24,0.23,-0.03,-11.54,113000000,0,,否,,0.3,0.42,,,-43.985,-37.594,
709455,宏捷科富邦66購02,2026-07-24,0.27,-0.04,-12.9,1852000000,0,,是,,0.3,0.38,0.48,,-33.6245,-22.2449,-12.5569
709456,長科*富邦63購01,2026-07-24,0.93,-0.01,-1.06,36000000,0,,否,,0.93,1.14,1.48,,-31.1209,-26.5555,
709457,威剛富邦62購01,2026-07-24,0.59,0.07,13.46,41000000,0,,是,,0.66,0.7,0.74,,-10.7527,-4.4776,
709459,智通*富邦64購01,2026-07-24,1.31,-0.15,-10.27,47000000,0,,否,,1.44,1.48,1.41,,-5.5263,1.4413,5.5451
709460,智通*富邦66購01,2026-07-24,0.75,-0.08,-9.64,431000000,0,,是,,0.84,0.88,,,-8.2789,3.6514,
709461,閎康富邦66購01,2026-07-24,0.44,0.0,0.0,10000000,0,,否,,0.43,0.52,,,-28.8525,-19.3199,
709462,鈊象富邦66購01,2026-07-24,0.92,0.0,0.0,12000000,0,,否,,0.93,0.95,1.09,,-3.7267,-12.9477,
709463,群聯富邦64購01,2026-07-24,0.46,-0.02,-4.17,308000000,0,綠縮,是,,0.44,0.54,0.67,,-31.4642,-23.3711,-10.7383
709464,雙鴻富邦64購01,2026-07-24,0.98,0.04,4.26,30000000,0,,是,,0.94,1.02,1.12,,-13.578,-12.7148,
709465,台半國票61購02,2026-07-24,0.24,-0.02,-7.69,2000000,0,綠縮,否,,0.27,0.45,0.7,,-57.2327,-45.4982,-7.1144
709466,台半國票61購03,2026-07-24,0.26,-0.02,-7.14,213000000,0,,否,,0.28,0.5,0.73,,-60.3352,-41.7249,
709468,佳邦國票61購02,2026-07-24,0.13,-0.01,-7.14,25000000,0,綠縮,否,,0.14,0.19,0.27,,-44.0,-34.1216,-17.9289
709469,萊德光國票61購01,2026-07-24,0.2,-0.05,-20.0,300000000,0,紅增,是,,0.21,0.25,0.29,,-24.2857,-7.1698,-28.202
709471,中美晶群益62購02,2026-07-24,1.11,-0.21,-15.91,385000000,0,紅轉綠,否,,1.41,1.59,1.27,,-20.339,9.7308,14.9368
709473,威剛群益62購01,2026-07-24,0.71,0.13,22.41,61000000,0,,是,,0.73,0.8,0.81,,-15.4378,-4.7562,-4.2966
709474,茂綸群益62購01,2026-07-24,1.1,0.04,3.77,32000000,0,,否,,0.99,1.24,1.48,,-33.6474,-19.0039,
709475,振曜群益5C購01,2026-07-24,0.7,-0.02,-2.78,9000000,0,,否,,0.74,0.87,0.87,,-25.5533,-12.9518,
709477,群聯群益5C購02,2026-07-24,0.46,-0.11,-19.3,300000000,0,綠縮,否,,0.44,0.69,1.07,,-52.3605,-38.1851,-19.2105
709478,鈊象國泰61購01,2026-07-24,1.37,-0.04,-2.84,18000000,0,,否,,1.39,1.65,1.76,,-26.7857,-11.2487,
709481,欣銓永豐64購01,2026-07-24,0.76,-0.05,-6.17,22000000,0,綠縮,否,,0.74,0.81,0.91,,-14.4828,-17.8208,-5.8489
709482,達航永豐61購01,2026-07-24,0.21,-0.05,-19.23,85000000,0,,是,,0.24,0.32,0.47,,-40.7035,-32.1199,-14.5683
709484,立敦富邦66購01,2026-07-24,0.43,-0.06,-12.24,96000000,0,綠增,否,,0.56,0.65,0.71,,-23.913,-14.9606,-5.0134
709486,順達富邦61購02,2026-07-24,0.62,0.02,3.33,16000000,0,綠縮,否,,0.57,0.7,0.75,,-30.1703,-11.7573,-8.369
709487,漢科富邦66購01,2026-07-24,0.69,-0.06,-8.0,1143000000,0,,否,,0.72,0.73,0.76,,-4.7872,-5.7766,
709488,廣明富邦66購01,2026-07-24,0.52,0.01,1.96,20000000,0,,否,,0.66,0.64,,,5.7508,-10.5556,
709491,中美晶凱基5C購02,2026-07-24,1.17,-0.13,-10.0,25000000,0,,否,,1.5,1.75,1.37,,-24.3461,9.6045,
709492,立敦凱基5C購01,2026-07-24,0.22,-0.05,-18.52,167000000,0,綠增,否,,0.32,0.49,0.71,,-50.9146,-38.2576,-15.0389
709493,良維凱基64購01,2026-07-24,0.22,-0.02,-8.33,50000000,0,綠縮,否,,0.22,0.28,0.39,,-31.7073,-33.0097,-14.2544
709494,朋程凱基61購01,2026-07-24,0.25,-0.02,-7.41,50000000,0,,否,,0.31,0.48,0.58,,-51.5528,-23.52,
709495,能率亞凱基5C購01,2026-07-24,0.63,-0.04,-5.97,5000000,0,,否,,0.64,0.72,,,-20.7921,-17.2571,
709497,華容凱基5C購02,2026-07-24,2.57,-0.15,-5.51,39000000,0,,是,,2.36,3.41,2.76,,-46.9452,-5.2031,14.7493
709498,群聯凱基5C購02,2026-07-24,0.18,-0.03,-14.29,272000000,0,,是,,0.2,0.28,0.43,,-44.8087,-34.8624,-19.3182
709499,廣穎凱基61購01,2026-07-24,0.43,0.04,10.26,3000000,0,,否,,0.4,0.48,0.65,,-30.2817,-23.8547,-24.3888
709501,立敦台新5C購01,2026-07-24,0.58,-0.09,-13.43,2000000,0,綠縮,否,,0.7,1.05,1.44,,-49.4978,-34.0252,-13.4073
709503,南俊台新5C購01,2026-07-24,0.38,-0.1,-20.83,44000000,0,綠縮,否,,0.43,0.68,0.98,,-53.3333,-38.9436,-9.2421
709504,聖暉*台新5C購01,2026-07-24,1.8,-0.19,-9.55,15000000,0,綠縮,否,,1.87,2.12,2.39,,-21.4646,-18.1081,-1.8077
709507,璟德台新5C購01,2026-07-24,0.24,-0.04,-14.29,67000000,0,,否,,0.31,0.5,1.02,,-54.1176,-51.8914,
709510,朋程元大5C購01,2026-07-24,0.25,-0.05,-16.67,6000000,0,,否,,0.36,0.65,0.77,,-61.5711,-34.2079,
709511,長科*元大5C購01,2026-07-24,1.28,0.02,1.59,81000000,0,,否,,1.22,1.54,2.03,,-34.375,-28.9084,
709516,群聯元大61購09,2026-07-24,0.5,-0.04,-7.41,145000000,0,,否,,0.51,0.7,,,-43.2071,-29.7405,
709518,中美晶富邦62購01,2026-07-24,1.01,-0.17,-14.41,13000000,0,,否,,1.32,1.51,1.2,,-22.4971,10.5649,15.0192
709519,世界凱基5C購04,2026-07-24,0.39,-0.07,-15.22,2155000000,0,,是,,0.41,0.55,0.72,,-40.407,-40.3261,
709520,世紀*凱基5C購01,2026-07-24,0.45,0.0,0.0,6000000,0,,否,,0.54,0.71,,,-37.844,-14.303,
709521,台半凱基61購02,2026-07-24,0.31,-0.05,-13.89,100000000,0,,否,,0.48,0.88,0.96,,-62.3053,-23.6615,
709522,立端凱基61購01,2026-07-24,0.56,-0.02,-3.45,90000000,0,,是,,0.52,0.59,,,-20.6061,,
709526,長科*凱基5C購01,2026-07-24,0.38,-0.06,-13.64,58000000,0,綠縮,否,,0.39,0.59,0.95,,-50.1266,-43.0769,-20.5686
709527,宸曜凱基5C購01,2026-07-24,0.54,-0.02,-3.57,10000000,0,,否,,0.51,0.57,,,-19.3038,,
709528,順達凱基64購02,2026-07-24,0.67,-0.03,-4.29,5000000,0,綠縮,否,,0.66,0.78,0.81,,-25.5605,-8.2547,-5.8241
709529,群聯凱基5C購03,2026-07-24,0.17,-0.04,-19.05,50000000,0,,是,,0.19,0.24,0.4,,-35.3742,-37.6289,
709530,大綜台新5C購01,2026-07-24,1.7,-0.25,-12.82,45000000,0,,否,,1.7,1.8,,,-10.6204,-44.5676,
709532,萊德光台新5C購01,2026-07-24,0.25,-0.08,-24.24,848000000,0,紅縮,是,,0.28,0.33,0.37,,-26.0638,-6.3037,-28.848
709534,台半永豐61購02,2026-07-24,0.38,-0.06,-13.64,199000000,0,,是,,0.51,0.82,,,-55.6918,-12.8042,
709537,雙鴻永豐64購02,2026-07-24,0.66,0.04,6.45,165000000,0,,是,,0.59,0.66,,,-18.4573,-17.9328,
709542,台半元大5C購03,2026-07-24,0.78,-0.02,-2.5,56000000,0,,是,,1.05,1.35,,,-36.165,,
709543,台半元大5C購04,2026-07-24,0.55,-0.05,-8.33,5000000,0,,否,,0.64,1.04,,,-55.3398,-16.6933,
709544,台半元大66購02,2026-07-24,1.09,0.0,0.0,60000000,0,,是,,1.46,1.54,,,-9.7651,,
709545,良維元大5C購03,2026-07-24,0.14,-0.03,-17.65,380000000,0,,是,,0.14,0.22,0.34,,-55.1948,-40.3743,-23.1386
709546,欣銓元大5C購01,2026-07-24,0.59,-0.06,-9.23,159000000,0,綠增,否,,0.6,0.65,0.72,,-13.7536,-17.0918,-2.0974
709548,長科*元大5C購03,2026-07-24,1.34,-0.11,-7.59,230000000,0,,否,,1.39,1.71,,,-31.8584,-26.5464,
709552,順達元大64購06,2026-07-24,0.98,-0.08,-7.55,345000000,0,,否,,1.0,1.16,1.2,,-24.0122,-8.8906,
709555,方土昶群益5C購01,2026-07-24,0.4,-0.01,-2.44,145000000,0,綠縮,否,,0.4,0.49,0.59,,-31.3793,-16.5529,-18.943
709557,台半群益5C購02,2026-07-24,0.62,-0.05,-7.46,19000000,0,,是,,1.07,1.19,,,-17.4114,-15.1146,
709560,長科*群益61購01,2026-07-24,0.68,-0.04,-5.56,10000000,0,綠縮,否,,0.68,0.89,1.24,,-38.587,-31.9847,-17.0177
709561,南俊群益5C購01,2026-07-24,0.45,-0.05,-10.0,55000000,0,綠縮,是,,0.48,0.7,0.94,,-47.5877,-34.4958,-8.7923
709564,臺慶科群益5C購01,2026-07-24,0.3,-0.03,-9.09,50000000,0,綠縮,否,,0.34,0.5,0.87,,-47.8659,-42.9062,-22.1527
709567,方土昶凱基5C購02,2026-07-24,0.27,0.0,0.0,22000000,0,,否,,0.3,0.35,0.47,,-25.2475,-23.7581,-16.6372
709568,威剛凱基61購01,2026-07-24,0.31,0.02,6.9,20000000,0,,否,,0.36,,,,,,
709573,能率台新5C購01,2026-07-24,0.8,-0.03,-3.61,40000000,0,,否,,0.86,1.1,1.14,,-36.5385,-14.4074,
709575,群聯富邦63購01,2026-07-24,0.27,-0.03,-10.0,462000000,0,,是,,0.35,0.44,,,-34.4697,-21.6846,
709579,中美晶元大5C購05,2026-07-24,2.59,-0.02,-0.77,28000000,0,,否,,3.03,2.98,2.47,,3.486,18.0412,
709580,世界元大5C購04,2026-07-24,1.22,-0.17,-12.23,122000000,0,,否,,1.24,1.39,1.46,,-19.0104,-20.3895,
709581,世界元大64購06,2026-07-24,0.74,-0.07,-8.64,5000000,0,,否,,0.72,0.8,0.9,,-17.4312,-21.5764,4.8425
709583,台半元大66購03,2026-07-24,1.16,-0.07,-5.69,111000000,0,,是,,1.28,1.63,,,-35.9438,3.4832,
709585,威剛元大5C購01,2026-07-24,0.35,0.02,6.06,30000000,0,,是,,0.4,0.47,,,-25.0936,-13.8376,
709587,順達元大5C購05,2026-07-24,1.41,-0.13,-8.44,588000000,0,,是,,1.43,1.79,1.88,,-33.4264,-10.684,
709588,群聯元大61購11,2026-07-24,0.26,-0.03,-10.34,520000000,0,,是,,0.27,0.35,0.46,,-37.156,-25.1055,-13.5135
709589,群聯元大64購04,2026-07-24,0.34,-0.03,-8.11,642000000,0,,是,,0.36,0.44,0.54,,-31.5385,-21.6458,-11.7982
709591,威剛群益5C購03,2026-07-24,0.79,0.07,9.72,80000000,0,,是,,0.76,0.94,1.14,,-33.0389,-21.9008,
709592,群聯群益5C購04,2026-07-24,1.15,-0.01,-0.86,1154000000,0,,是,,1.14,1.48,2.03,,-37.1429,-29.8959,-15.4279
709598,磐亞國票61購01,2026-07-24,2.49,0.35,16.36,92000000,0,綠縮,否,,2.29,2.5,2.08,,-15.037,5.9398,21.16
709601,世界元大5C購05,2026-07-24,1.13,-0.16,-12.4,862000000,0,,是,,1.16,1.34,1.49,,-23.8845,-22.9621,
709602,世界元大64購07,2026-07-24,1.15,-0.17,-12.88,196000000,0,,否,,1.25,1.32,1.38,,-9.8124,-15.5669,
709603,世界元大66購02,2026-07-24,0.7,-0.07,-9.09,446000000,0,,是,,0.73,0.78,,,-12.201,-16.3113,
709605,威剛元大5C購02,2026-07-24,1.27,0.13,11.4,145000000,0,,是,,1.17,1.35,1.52,,-24.2857,-14.0407,
709607,群聯元大5C購04,2026-07-24,0.61,-0.02,-3.17,517000000,0,綠縮,否,,0.6,0.7,0.94,,-25.4364,-24.406,-14.3247
709608,群聯元大5C購05,2026-07-24,0.57,0.05,9.62,214000000,0,,否,,0.52,0.65,0.87,,-34.1837,-27.13,
709609,群聯元大61購12,2026-07-24,0.36,-0.02,-5.26,495000000,0,,是,,0.34,0.43,0.54,,-32.6772,-23.9714,
709610,群聯元大64購05,2026-07-24,0.44,0.02,4.76,496000000,0,,否,,0.42,0.55,,,-37.7976,-23.6695,
709611,磐亞元大5C購01,2026-07-24,5.0,0.2,4.17,29000000,0,,否,,4.99,4.69,,,13.4152,34.7015,
709614,磐亞永豐61購01,2026-07-24,2.77,0.07,2.59,1000000,0,,否,,3.13,3.23,,,-5.8894,14.1746,
709616,華電網凱基5C購01,2026-07-24,0.25,-0.08,-24.24,20000000,0,,否,,0.31,,,,,,
709617,磐亞凱基5C購01,2026-07-24,2.95,-0.85,-22.37,35000000,0,,否,,3.74,3.6,2.6,,8.2176,30.1266,39.42
709619,大綜台新5C購02,2026-07-24,1.12,-0.2,-15.15,40000000,0,,否,,1.15,,,,,,
709623,精材台新62購01,2026-07-24,3.39,-0.68,-16.71,37000000,0,紅縮,否,,3.59,3.56,2.83,,1.9864,24.4841,26.5114
709626,威剛群益5C購04,2026-07-24,0.71,0.07,10.94,8000000,0,,否,,0.69,,,,,,
709634,群聯永豐5C購08,2026-07-24,0.7,0.0,0.0,194000000,0,,是,,0.66,0.84,1.15,,-34.8425,-28.1678,
709635,雙鴻群益5C購03,2026-07-24,0.9,0.03,3.45,155000000,0,綠縮,是,,0.82,0.84,1.12,,-2.8302,-23.4432,-13.8568
709636,大綜國票5C購01,2026-07-24,0.57,-0.08,-12.31,31000000,0,,否,,0.63,0.66,0.97,,-6.4897,-14.9157,-27.8439
709644,大綜凱基5C購01,2026-07-24,0.29,-0.05,-14.71,134000000,0,,否,,0.33,0.36,0.64,,-14.9485,-29.0514,
709647,朋億*凱基5C購01,2026-07-24,1.0,-0.1,-9.09,20000000,0,,否,,1.26,1.41,1.57,,-18.8144,-12.995,
709648,威剛凱基5C購03,2026-07-24,0.36,0.02,5.88,301000000,0,綠縮,是,,0.34,0.4,0.46,,-24.0,-15.565,-10.5211
709649,茂訊凱基5C購01,2026-07-24,0.83,0.01,1.22,13000000,0,,否,,0.77,0.81,0.85,,-8.9412,-7.832,
709652,雅特力凱基5C購02,2026-07-24,1.35,-0.15,-10.0,91000000,0,,否,,1.5,1.61,1.13,,-12.907,31.3469,
709653,群聯凱基5C購04,2026-07-24,0.21,-0.03,-12.5,20000000,0,,否,,0.22,0.29,0.39,,-36.0,-28.7841,
709654,精確凱基5C購01,2026-07-24,0.3,-0.04,-11.76,10000000,0,,否,,0.35,0.5,0.63,,-45.8716,-25.6637,-16.7111
709655,大綜台新5C購03,2026-07-24,0.61,-0.14,-18.67,611000000,0,,是,,0.72,0.73,,,-0.8219,,
709656,大綜台新5C購04,2026-07-24,0.58,-0.13,-18.31,508000000,0,,是,,0.78,,,,,,
709657,方土昶台新5C購01,2026-07-24,0.57,0.08,16.33,10000000,0,,否,,0.66,0.9,,,-42.2807,-26.4321,
709664,大綜元大5C購01,2026-07-24,0.38,0.0,0.0,10000000,0,,否,,0.42,0.49,0.9,,-25.8865,-44.8934,
709665,中美晶元大5C購07,2026-07-24,2.5,-0.06,-2.34,18000000,0,,否,,3.32,2.87,2.26,,37.4482,40.9739,
709668,威剛元大61購03,2026-07-24,0.55,0.02,3.77,266000000,0,,是,,0.5,0.59,0.66,,-26.3314,-14.0556,-9.4029
709670,群聯元大5C購06,2026-07-24,0.51,0.01,2.0,59000000,0,,否,,0.49,0.66,0.85,,-40.8654,-31.5408,
709671,群聯元大5C購07,2026-07-24,0.66,0.0,0.0,119000000,0,,否,,0.81,1.06,,,-37.7301,-15.9651,
709673,群聯元大66購05,2026-07-24,0.54,-0.04,-6.9,732000000,0,,是,,0.54,0.63,0.76,,-24.5125,-19.3342,
709674,聖暉*元大5C購05,2026-07-24,0.89,-0.1,-10.1,96000000,0,,否,,0.96,1.09,1.21,,-21.4754,-17.6871,0.6672
709675,聖暉*元大5C購06,2026-07-24,0.76,-0.19,-20.0,718000000,0,,是,,0.84,0.98,1.05,,-25.089,-15.2586,
709677,正德群益5C購01,2026-07-24,0.77,-0.02,-2.53,52000000,0,,是,,0.8,,,,,,
709679,家登群益5C購01,2026-07-24,0.9,-0.04,-4.26,200000000,0,,是,,1.03,1.22,,,-27.2984,-12.6609,
709682,群聯群益5C購06,2026-07-24,1.84,0.07,3.95,17000000,0,,否,,1.73,2.05,2.76,,-26.9426,-26.0289,
709683,聖暉*群益5C購02,2026-07-24,1.01,-0.25,-19.84,1105000000,0,,是,,1.17,1.26,1.64,,-13.8439,-28.0592,-4.589
709684,立端永豐64購01,2026-07-24,0.65,0.0,0.0,283000000,0,,是,,0.6,0.61,,,-2.2727,-2.4038,
709686,建榮永豐61購01,2026-07-24,0.35,-0.07,-16.67,1000000,0,,否,,0.43,0.6,0.83,,-45.6633,-34.2391,
709687,茂訊永豐5C購01,2026-07-24,0.62,-0.05,-7.46,19000000,0,,否,,0.62,0.68,,,-17.2043,-8.1081,
709691,聰泰永豐61購01,2026-07-24,0.69,0.01,1.47,15000000,0,,否,,0.7,0.88,,,-33.1429,-19.4853,
709692,立敦國票5C購01,2026-07-24,0.7,-0.12,-14.63,30000000,0,,是,,1.06,1.31,1.52,,-31.8822,-20.1824,
709693,立敦國票5C購02,2026-07-24,0.69,-0.18,-20.69,3000000,0,,否,,0.86,1.14,1.47,,-39.2102,-28.347,-10.787
709696,安勤國票61購01,2026-07-24,1.1,-0.01,-0.9,780000000,0,,是,,1.02,0.96,0.93,,13.3333,6.0773,5.7484
709701,博士旺國票5C購01,2026-07-24,0.36,-0.04,-10.0,2000000,0,,否,,0.26,0.29,0.42,,-18.9873,-32.7059,-19.2456
709705,雅特力國票61購01,2026-07-24,1.19,-0.15,-11.19,72000000,0,,否,,1.33,1.42,1.09,,-11.5691,22.1552,
709706,雅特力國票61購02,2026-07-24,1.03,-0.11,-9.65,67000000,0,,否,,1.2,1.13,0.87,,14.0684,32.3149,
709709,臺慶科國票61購02,2026-07-24,0.37,-0.03,-7.5,225000000,0,,是,,0.52,0.81,1.1,,-53.0909,-33.4979,
709710,廣閎科國票61購01,2026-07-24,1.13,-0.19,-14.39,1000000,0,,否,,1.24,1.89,1.85,,-51.2579,-22.5225,
709712,威剛國泰61購01,2026-07-24,0.89,0.06,7.23,1712000000,0,,是,,1.41,,,,,,
709713,湧德國泰61購01,2026-07-24,0.37,-0.04,-9.76,21000000,0,,是,,0.37,0.49,,,-39.0879,-19.0164,
709715,兆利台新5C購01,2026-07-24,0.54,-0.01,-1.82,2000000,0,,否,,0.93,,,,,,
709718,雅特力台新5C購02,2026-07-24,1.67,-0.86,-33.99,16000000,0,,否,,2.15,2.18,1.5,,-2.6221,37.7287,35.3895
709720,雙鴻台新5C購02,2026-07-24,1.11,0.01,0.91,304000000,0,,是,,1.05,1.26,,,-28.7466,-20.794,
709729,威剛元大61購04,2026-07-24,1.28,0.1,8.47,92000000,0,,是,,1.26,1.36,,,-14.1689,-12.17,
709730,富喬元大64購02,2026-07-24,0.57,-0.07,-10.94,10000000,0,,否,,0.63,0.78,0.94,,-32.1199,-24.3243,
709731,順達元大5C購06,2026-07-24,1.49,-0.13,-8.02,667000000,0,,否,,1.53,1.82,1.87,,-27.2122,-10.4095,-6.93
709732,鈊象元大5C購05,2026-07-24,1.51,-0.07,-4.43,137000000,0,,否,,1.57,1.68,1.85,,-12.6116,-13.3643,
709734,群聯元大5C購10,2026-07-24,0.55,0.01,1.85,672000000,0,,是,,0.58,0.74,,,-34.7534,-29.8763,
709735,群聯元大5C購11,2026-07-24,0.37,-0.04,-9.76,86000000,0,,否,,0.39,0.5,0.64,,-37.6206,-26.1696,
709736,群聯元大66購06,2026-07-24,0.58,-0.04,-6.45,668000000,0,,是,,0.6,0.67,0.82,,-17.7596,-17.2457,
709738,精材元大64購01,2026-07-24,3.95,-0.82,-17.19,9000000,0,,否,,4.16,3.56,2.89,,41.1525,24.9385,
709739,精材元大66購04,2026-07-24,3.85,-0.42,-9.84,124000000,0,,是,,3.94,3.82,3.21,,6.3107,18.6782,22.3918
709740,順達凱基5C購03,2026-07-24,0.44,-0.02,-4.35,40000000,0,,是,,0.42,0.54,0.59,,-36.747,-12.8617,
709742,聖暉*凱基5C購02,2026-07-24,0.56,-0.12,-17.65,792000000,0,,是,,0.66,0.72,0.94,,-15.641,-29.1626,
709743,精材凱基61購05,2026-07-24,1.57,-0.44,-21.89,140000000,0,,是,,1.77,1.54,,,35.6269,31.9349,
709745,宜鼎元大5C購05,2026-07-24,0.65,0.0,0.0,835000000,0,,否,,0.61,0.7,0.97,,-23.8095,-25.922,-19.8265
709746,宜鼎元大61購04,2026-07-24,0.5,0.0,0.0,941000000,0,,是,,0.47,0.54,0.72,,-23.3553,-25.0,-18.8202
709748,宜鼎群益5C購01,2026-07-24,0.44,0.0,0.0,105000000,0,,否,,0.39,0.48,0.71,,-29.6429,-31.0694,-23.222
709749,宜鼎群益5C購02,2026-07-24,0.34,0.0,0.0,449000000,0,,是,,0.32,0.42,0.63,,-40.3774,-30.6557,
709750,宜鼎群益5C購03,2026-07-24,0.41,0.01,2.5,318000000,0,,否,,0.36,0.46,0.71,,-33.3333,-34.058,
709751,方土昶國票61購01,2026-07-24,0.86,0.07,8.86,4000000,0,,否,,0.97,1.05,,,-13.5231,-17.9327,
709752,加高國票61購01,2026-07-24,0.47,-0.04,-7.84,66000000,0,,否,,0.54,0.74,0.93,,-43.4874,-29.1825,
709753,宜鼎國票61購01,2026-07-24,0.66,0.0,0.0,39000000,0,,否,,0.6,0.71,1.02,,-26.6504,-28.9579,-21.789
709755,凱崴國票61購01,2026-07-24,0.38,-0.08,-17.39,774000000,0,,是,,0.44,0.6,0.82,,-41.7989,-29.3979,
709756,港建*國票61購01,2026-07-24,0.53,0.03,6.0,20000000,0,,否,,0.5,0.61,0.87,,-30.7263,-35.6688,
709759,萊德光國票61購03,2026-07-24,0.35,-0.05,-12.5,1309000000,0,,是,,0.36,0.4,0.46,,-16.5138,-4.3062,
709760,宜特國泰61購01,2026-07-24,0.79,0.07,9.72,9000000,0,,否,,0.87,1.09,,,-33.0781,-17.7979,
709761,宜鼎國泰61購02,2026-07-24,0.93,0.06,6.9,4000000,0,,否,,0.76,0.86,1.19,,-21.6942,-25.5393,-19.8244
709762,宜鼎國泰61購03,2026-07-24,0.81,0.0,0.0,256000000,0,,否,,0.75,0.88,1.3,,-26.8627,-29.4728,
709763,宜鼎國泰61購04,2026-07-24,0.85,-0.01,-1.16,25000000,0,,是,,0.79,0.95,1.38,,-29.2115,-28.3997,
709766,宜特富邦62購01,2026-07-24,0.43,-0.01,-2.27,37000000,0,,否,,0.55,0.61,,,-17.2205,-10.6352,
709767,宜鼎富邦5C購04,2026-07-24,0.36,0.05,16.13,419000000,0,,是,,0.3,0.35,0.51,,-26.4706,-28.0488,
709768,朋程富邦62購01,2026-07-24,0.47,-0.02,-4.08,81000000,0,,否,,0.5,0.64,0.75,,-35.0515,-19.0898,
709769,朋程富邦63購01,2026-07-24,0.44,-0.04,-8.33,89000000,0,,否,,0.53,0.67,,,-34.5588,-18.7726,
709772,鈊象富邦62購01,2026-07-24,0.64,-0.01,-1.54,5000000,0,,否,,0.65,0.66,0.73,,-3.8462,-10.2842,
709773,鈊象富邦63購01,2026-07-24,0.45,-0.02,-4.26,100000000,0,,否,,0.55,0.58,,,-11.9355,,
709774,雙鴻富邦63購01,2026-07-24,0.57,0.06,11.76,2000000,0,,否,,0.52,0.58,,,-20.0,-14.9709,
709776,威剛凱基5C購04,2026-07-24,0.62,0.02,3.33,199000000,0,,是,,0.6,0.69,0.79,,-23.9186,-17.8147,
709779,富喬凱基5C購03,2026-07-24,0.33,-0.06,-15.38,10000000,0,,否,,0.43,0.57,0.72,,-39.8305,-28.2278,
709781,群聯凱基61購05,2026-07-24,0.42,0.01,2.44,65000000,0,,否,,0.39,0.45,0.59,,-23.4375,-22.6027,-12.6206
709783,宜鼎台新5C購01,2026-07-24,0.67,0.0,0.0,652000000,0,,否,,0.61,0.74,1.09,,-30.4348,-31.0056,-22.3291
709784,宜鼎台新5C購02,2026-07-24,0.75,0.01,1.35,360000000,0,,否,,0.69,0.83,1.23,,-29.7959,-30.8458,
709785,宜鼎台新5C購03,2026-07-24,0.63,0.01,1.61,225000000,0,,是,,0.58,0.69,1.05,,-27.9703,-30.9145,-23.9855
709787,宜鼎永豐64購01,2026-07-24,0.5,0.01,2.04,180000000,0,,是,,0.44,0.55,0.74,,-32.5153,-24.3767,
709788,宜鼎永豐65購01,2026-07-24,0.42,0.0,0.0,350000000,0,,是,,0.39,0.43,0.54,,-16.8776,-19.1806,-14.9687
709789,宇峻國泰61購01,2026-07-24,1.76,0.17,10.69,49000000,0,,否,,1.78,1.94,,,-15.2526,-11.3449,
709790,華景電國泰61購01,2026-07-24,0.59,0.02,3.51,212000000,0,,否,,0.96,1.17,,,-30.7246,,
709791,群聯國泰61購02,2026-07-24,0.98,-0.15,-13.27,48000000,0,,否,,1.06,1.25,1.72,,-26.7313,-25.7567,
709792,漢達國泰61購01,2026-07-24,2.49,-0.05,-1.97,160000000,0,,否,,2.62,2.97,3.34,,-21.1098,-19.2486,
709793,世界凱基5C購05,2026-07-24,0.62,-0.2,-24.39,50000000,0,,否,,0.82,0.9,,,-17.2065,-29.8368,
709796,宜鼎凱基5C購05,2026-07-24,0.36,0.02,5.88,70000000,0,,否,,0.32,0.38,0.56,,-29.0179,-29.3358,
709798,凱崴凱基61購01,2026-07-24,0.29,-0.06,-17.14,532000000,0,,是,,0.42,0.57,,,-42.5414,-33.4889,
709801,璟德凱基5C購01,2026-07-24,0.2,-0.01,-4.76,97000000,0,,是,,0.21,0.28,0.55,,-38.5965,-38.5301,
709802,立敦台新5C購02,2026-07-24,0.64,-0.04,-5.88,10000000,0,,否,,0.72,1.0,1.36,,-43.4169,-32.1792,
709803,宏捷科台新5C購01,2026-07-24,0.63,-0.06,-8.7,183000000,0,,否,,0.66,0.83,1.17,,-34.1948,-27.7296,
709804,宜鼎台新5C購04,2026-07-24,0.83,0.0,0.0,2237000000,0,,是,,0.75,0.93,1.46,,-32.4955,-34.017,
709805,宜鼎台新61購01,2026-07-24,1.04,-0.07,-6.31,299000000,0,,否,,0.97,1.16,1.71,,-28.8235,-30.2994,
709806,東浦台新5C購01,2026-07-24,1.81,-0.15,-7.65,347000000,0,,是,,1.95,2.26,2.54,,-24.1647,-14.7646,
709813,華容永豐61購01,2026-07-24,2.49,-0.23,-8.46,3000000,0,,否,,2.98,3.44,,,-23.6802,3.2413,
709816,宜鼎元大5C購06,2026-07-24,0.37,-0.02,-5.13,805000000,0,,是,,0.35,0.41,0.57,,-24.569,-26.5343,
709817,宜鼎元大5C購07,2026-07-24,0.61,0.04,7.02,838000000,0,,是,,0.53,0.6,0.79,,-20.4819,-23.7852,
709818,宜鼎元大5C購08,2026-07-24,0.5,0.01,2.04,179000000,0,,否,,0.45,0.54,0.72,,-27.9365,-25.0346,
709819,威剛元大5C購03,2026-07-24,1.52,0.14,10.14,203000000,0,,是,,1.5,1.61,1.74,,-12.3543,-6.8826,
709820,群聯元大5C購12,2026-07-24,0.62,-0.01,-1.59,122000000,0,,否,,0.59,0.8,,,-41.5354,-29.386,
709821,群聯元大5C購13,2026-07-24,0.79,-0.04,-4.82,3000000,0,,否,,0.77,0.94,1.22,,-31.2388,-23.9482,
709822,群聯元大5C購14,2026-07-24,0.85,-0.03,-3.41,166000000,0,,否,,0.84,0.98,1.25,,-24.1007,-21.76,
709823,群聯元大61購13,2026-07-24,0.7,-0.02,-2.78,107000000,0,,否,,0.68,0.82,1.06,,-29.2276,-24.8162,
709824,廣閎科元大5C購02,2026-07-24,2.0,-0.3,-13.04,672000000,0,,是,,2.5,3.06,,,-30.5602,8.7189,
709825,雙鴻元大61購15,2026-07-24,0.45,-0.03,-6.25,509000000,0,,是,,0.43,0.47,0.57,,-15.0198,-17.4603,
709827,加高國票61購02,2026-07-24,0.3,-0.01,-3.23,4000000,0,,否,,0.48,0.58,,,-29.7376,-10.9756,
709828,立端國票61購01,2026-07-24,0.64,0.01,1.59,41000000,0,,是,,0.64,,,,,,
709831,宜鼎國票61購02,2026-07-24,0.48,-0.02,-4.0,133000000,0,,是,,0.64,0.96,,,-49.6063,,
709833,杰力國票61購01,2026-07-24,0.55,-0.03,-5.17,167000000,0,,否,,0.58,0.7,0.95,,-30.7692,-31.7829,
709835,長聖國票61購01,2026-07-24,0.7,0.01,1.45,13000000,0,,是,,0.72,0.82,0.85,,-23.176,-12.6193,
709837,韋僑國票61購01,2026-07-24,0.42,0.0,0.0,63000000,0,,是,,0.46,0.53,,,-25.0,,
709838,宸曜國票5C購01,2026-07-24,0.78,0.04,5.41,13000000,0,,否,,0.7,,,,,,
709840,凱崴國票61購02,2026-07-24,0.29,-0.05,-14.71,566000000,0,,是,,0.35,0.51,,,-48.3776,-29.3956,
709843,華容國票61購02,2026-07-24,2.09,-0.43,-17.06,14000000,0,,否,,2.23,2.44,,,-15.9759,-22.55,
709846,華電網國票5C購03,2026-07-24,0.52,-0.25,-32.47,360000000,0,,是,,,,,,,,
709847,廣閎科國票61購02,2026-07-24,0.94,-0.11,-10.48,30000000,0,,否,,1.22,1.61,,,-39.5626,,
709852,群聯群益5C購07,2026-07-24,2.49,-0.23,-8.46,558000000,0,,是,,2.58,3.03,4.03,,-25.8324,-24.7146,
709854,智通*富邦62購01,2026-07-24,0.83,-0.04,-4.6,156000000,0,,否,,0.89,0.92,0.86,,-6.1181,4.195,
709855,湧德富邦62購01,2026-07-24,0.39,-0.03,-7.14,134000000,0,,否,,0.4,0.45,,,-18.8755,-15.2256,
709856,閎康富邦62購02,2026-07-24,0.51,0.01,2.0,21000000,0,,否,,0.5,0.57,,,-23.2198,-15.2819,
709857,聖暉*富邦5C購02,2026-07-24,0.94,-0.14,-12.96,294000000,0,,否,,1.03,1.06,1.3,,-5.6673,-22.4088,
709859,方土昶國票61購02,2026-07-24,0.71,0.05,7.58,300000000,0,,否,,0.93,,,,,,
709860,台嘉碩國票5C購01,2026-07-24,0.65,0.12,22.64,2000000,0,,否,,0.69,0.89,,,-37.2727,-26.0331,
709861,台嘉碩國票5C購02,2026-07-24,0.52,0.08,18.18,21000000,0,,否,,0.48,0.61,0.8,,-35.4054,-33.1504,
709867,順達國票61購02,2026-07-24,0.92,-0.03,-3.16,10000000,0,,否,,0.88,1.07,,,-30.7087,-19.4757,
709868,緯軟國票61購01,2026-07-24,0.75,-0.05,-6.25,60000000,0,,否,,0.81,0.87,,,-12.311,-7.4547,
709870,廣閎科群益5C購01,2026-07-24,1.39,-0.29,-17.26,68000000,0,,否,,2.22,2.75,,,-32.2955,-7.7259,
709873,世紀*永豐5C購01,2026-07-24,0.83,-0.03,-3.49,10000000,0,,否,,0.96,1.2,1.29,,-33.7483,-20.1329,
709874,博智永豐5C購03,2026-07-24,0.65,0.0,0.0,60000000,0,,否,,0.72,1.0,,,-44.4272,-30.0139,
709875,中美晶元大5C購10,2026-07-24,3.17,-0.33,-9.43,13000000,0,,否,,3.73,3.41,2.77,,20.6986,30.3285,
709878,博智元大5C購03,2026-07-24,0.71,-0.02,-2.74,322000000,0,,是,,0.75,1.0,,,-40.6051,-23.8204,
709879,華容元大5C購01,2026-07-24,3.3,-0.51,-13.39,54000000,0,,是,,3.19,3.56,3.47,,-19.0355,-14.5494,
709880,順達元大5C購07,2026-07-24,0.83,-0.02,-2.35,36000000,0,,否,,0.8,1.0,1.06,,-32.605,-12.478,
709881,精材元大5C購04,2026-07-24,3.55,-0.86,-19.5,5000000,0,,否,,3.48,3.14,,,24.6242,22.8661,
709885,泓格凱基5C購01,2026-07-24,0.92,-0.22,-19.3,591000000,0,,否,,1.0,0.82,,,56.7398,16.8331,
709889,湧德凱基61購01,2026-07-24,0.45,-0.05,-10.0,10000000,0,,否,,0.5,0.63,,,-34.2105,-15.6627,
709890,華容凱基61購01,2026-07-24,1.4,-0.26,-15.66,500000000,0,,是,,1.51,1.58,1.81,,-8.2524,-24.6183,
709891,群聯凱基5C購06,2026-07-24,0.61,0.04,7.02,98000000,0,,是,,0.65,0.86,,,-39.1061,,
709893,廣閎科凱基5C購01,2026-07-24,0.79,-0.14,-15.05,50000000,0,,否,,0.84,1.22,,,-47.4343,,
709896,中美晶統一66購02,2026-07-24,1.21,-0.08,-6.2,390000000,0,,是,,1.39,1.49,1.24,,-13.2666,8.9051,
709902,宜鼎統一64購01,2026-07-24,0.37,0.0,0.0,280000000,0,,是,,0.35,0.39,0.5,,-18.7793,-23.5644,
709903,宜鼎統一64購02,2026-07-24,0.34,0.0,0.0,257000000,0,,否,,0.32,0.46,,,-46.8227,,
709906,宜鼎統一66購03,2026-07-24,0.42,0.0,0.0,2092000000,0,,是,,0.4,0.46,0.62,,-23.2558,-24.8764,
709907,宜鼎統一66購04,2026-07-24,0.53,0.01,1.92,151000000,0,,是,,0.49,0.53,0.64,,-14.6853,-15.3355,
709909,建榮統一66購01,2026-07-24,0.28,-0.03,-9.68,25000000,0,,是,,0.3,0.36,0.48,,-31.7972,-27.1457,
709916,富喬統一66購01,2026-07-24,0.39,-0.07,-15.22,138000000,0,,否,,0.7,,,,,,
709918,精材統一66購01,2026-07-24,1.52,-0.29,-16.02,590000000,0,,否,,1.68,1.62,1.32,,7.2797,21.3004,
709919,精材統一6C購01,2026-07-24,1.23,-0.14,-10.22,529000000,0,,是,,1.29,1.24,1.1,,6.8106,13.2848,
709927,優群統一66購02,2026-07-24,0.46,-0.02,-4.17,15000000,0,,否,,0.46,0.53,,,-23.0769,-17.2144,
709931,金益鼎國泰61購01,2026-07-24,0.93,0.0,0.0,70000000,0,,否,,0.93,1.01,,,-13.5185,-15.873,
709932,立敦台新5C購03,2026-07-24,0.34,-0.1,-22.73,31000000,0,,否,,0.48,0.69,0.95,,-47.2527,-33.8725,
709933,威剛台新5C購01,2026-07-24,1.15,0.1,9.52,562000000,0,,否,,1.06,1.19,1.34,,-20.3313,-13.6758,
709934,威剛台新5C購02,2026-07-24,1.9,0.14,7.95,45000000,0,,否,,1.74,1.97,2.22,,-20.8182,-13.7418,
709935,威剛台新5C購03,2026-07-24,4.15,0.34,8.92,58000000,0,,否,,3.69,4.27,4.9,,-23.6461,-15.2563,
709936,威剛台新61購01,2026-07-24,1.35,0.16,13.45,258000000,0,,是,,1.21,1.38,1.55,,-21.1964,-13.6307,
709937,威剛台新62購01,2026-07-24,2.29,0.2,9.57,81000000,0,,否,,2.13,2.46,2.72,,-24.0,-13.3005,
709939,威剛台新66購01,2026-07-24,1.24,0.17,15.89,128000000,0,,是,,1.16,1.27,,,-14.9123,-7.6586,
709941,凱崴台新5C購01,2026-07-24,0.31,-0.04,-11.43,182000000,0,,是,,0.34,0.48,0.69,,-45.1613,-34.4262,
709942,華容台新5C購03,2026-07-24,2.88,-0.82,-22.16,181000000,0,,是,,3.04,3.29,3.57,,-14.0599,-20.7842,
709943,威剛富邦5C購01,2026-07-24,0.75,0.05,7.14,355000000,0,,是,,0.72,0.81,,,-20.2673,,
709945,胡連永豐61購01,2026-07-24,0.55,-0.01,-1.79,345000000,0,,是,,0.56,0.63,,,-20.1133,-8.7644,
709946,艾訊國票61購01,2026-07-24,0.9,-0.04,-4.26,26000000,0,,否,,0.78,0.77,,,4.5455,-2.7954,
709948,朋億*國票61購01,2026-07-24,1.04,-0.06,-5.45,5000000,0,,否,,1.14,1.25,,,-16.6667,-14.9254,
709952,寶雅國票61購01,2026-07-24,1.39,0.02,1.46,7000000,0,,否,,1.33,1.48,,,-18.3599,-9.7324,
709954,中美晶凱基5C購03,2026-07-24,1.71,-0.4,-18.96,8000000,0,,否,,2.25,2.14,,,11.166,26.9002,
709956,良維凱基5C購04,2026-07-24,0.4,-0.07,-14.89,55000000,0,,否,,0.81,0.87,,,-11.329,,
709959,群ESG凱基61購01,2026-07-24,0.78,-0.04,-4.88,30000000,0,,否,,0.93,,,,,,
709970,群聯統一63購03,2026-07-24,0.41,-0.04,-8.89,100000000,0,,否,,0.46,0.54,,,-27.3885,-20.4112,
709971,群聯國泰61購03,2026-07-24,1.29,-0.14,-9.79,33000000,0,,否,,1.35,1.58,2.08,,-25.1384,-24.0865,
709977,宜鼎元大5C購09,2026-07-24,0.73,0.07,10.61,221000000,0,,否,,0.63,0.7,0.92,,-19.5373,-23.1947,
709978,順達元大5C購08,2026-07-24,1.35,-0.03,-2.17,58000000,0,,否,,1.32,1.58,1.65,,-28.2916,-9.5702,
709979,臺慶科元大5C購03,2026-07-24,0.91,0.05,5.81,518000000,0,,是,,1.31,1.74,,,-39.8531,,
709980,雙鴻元大5C購06,2026-07-24,0.58,0.05,9.43,500000000,0,,是,,0.5,0.53,0.66,,-10.3203,-18.5015,
709982,漢達永豐61購01,2026-07-24,1.3,-0.03,-2.26,13000000,0,,否,,1.36,1.54,,,-21.071,-10.9502,
709983,宜鼎元大5C購10,2026-07-24,0.63,0.02,3.28,864000000,0,,是,,0.57,0.65,0.86,,-22.8883,-24.5064,
709984,千附國票61購01,2026-07-24,2.63,0.38,16.89,1000000,0,,否,,2.28,1.94,,,43.522,42.4577,
709985,世禾國票61購01,2026-07-24,0.77,-0.05,-6.1,169000000,0,,是,,0.86,0.99,,,-23.3096,-9.9728,
709989,昇佳電國票61購01,2026-07-24,0.82,-0.07,-7.87,183000000,0,,否,,1.02,1.11,,,-14.4295,-3.2371,
709994,新普國票61購01,2026-07-24,0.66,-0.01,-1.49,4000000,0,,否,,0.67,0.85,,,-35.0775,-14.5582,
709998,中美晶群益5C購03,2026-07-24,1.72,-0.24,-12.24,254000000,0,,是,,2.1,2.24,,,-11.7102,12.5378,
709999,順達群益5C購02,2026-07-24,1.36,-0.03,-2.16,1655000000,0,,是,,1.34,1.66,1.72,,-31.9473,-9.7495,
710000,精材群益5C購02,2026-07-24,5.15,-0.95,-15.57,1000000,0,,否,,5.44,5.14,4.02,,12.0363,29.6044,
710001,加高國泰61購01,2026-07-24,0.64,-0.03,-4.48,7000000,0,,否,,1.03,1.18,,,-22.3724,,
710002,宜鼎國泰61購05,2026-07-24,0.95,0.01,1.06,218000000,0,,否,,0.87,1.01,1.38,,-24.5217,-26.2427,
710003,宜鼎國泰61購06,2026-07-24,0.84,-0.05,-5.62,46000000,0,,否,,0.87,1.19,,,-42.4042,-27.0782,
710006,中美晶凱基5C購04,2026-07-24,1.2,-0.2,-14.29,25000000,0,,否,,1.3,1.18,,,22.1805,18.794,
710007,台半凱基61購03,2026-07-24,0.4,-0.09,-18.37,141000000,0,,是,,0.46,0.69,,,-49.892,-34.7418,
710008,宜鼎凱基5C購06,2026-07-24,0.46,-0.01,-2.13,249000000,0,,否,,0.43,0.5,0.7,,-25.5245,-27.2595,
710012,雙鴻凱基5C購10,2026-07-24,0.5,0.02,4.17,20000000,0,,否,,0.46,0.51,,,-17.7305,-17.8914,
710014,中美晶統一64購02,2026-07-24,1.33,-0.14,-9.52,70000000,0,,否,,1.59,1.71,1.41,,-12.4176,10.7004,
710018,建榮統一63購01,2026-07-24,0.3,-0.04,-11.76,1000000,0,,否,,0.35,0.5,,,-45.8462,-29.8319,
710019,凱崴統一63購01,2026-07-24,0.23,-0.02,-8.0,5000000,0,,否,,0.25,0.32,0.43,,-37.8788,-27.7027,
710020,凱崴統一65購01,2026-07-24,0.27,-0.06,-18.18,108000000,0,,否,,0.47,,,,,,
710025,聖暉*統一6A購03,2026-07-24,0.58,-0.06,-9.38,106000000,0,,是,,0.6,0.68,,,-19.8939,,
710027,雙鴻統一63購02,2026-07-24,0.51,0.0,0.0,100000000,0,,是,,0.48,0.55,,,-21.4984,-15.3014,
710030,宜鼎富邦63購02,2026-07-24,0.36,0.01,2.86,601000000,0,,是,,0.34,0.38,0.48,,-19.2308,-22.1532,
710032,群聯富邦62購07,2026-07-24,0.68,-0.05,-6.85,317000000,0,,是,,0.7,0.76,0.92,,-16.1058,-16.8478,
710033,群聯富邦62購08,2026-07-24,0.69,0.03,4.55,16000000,0,,否,,0.68,0.79,,,-25.1656,-20.8,
710040,華景電永豐63購01,2026-07-24,0.45,0.04,9.76,20000000,0,,否,,0.68,,,,,,
710041,群聯永豐5C購10,2026-07-24,0.94,-0.07,-6.93,45000000,0,,否,,1.14,1.41,,,-32.8605,,
710042,群聯永豐5C購11,2026-07-24,0.76,0.02,2.7,39000000,0,,否,,0.86,1.1,,,-35.6185,,
710046,千附國票61購02,2026-07-24,1.97,0.16,8.84,116000000,0,,否,,1.76,1.66,,,12.982,,
710047,中美晶國票61購02,2026-07-24,1.66,-0.24,-12.63,50000000,0,,否,,2.17,1.9,,,33.7023,,
710048,加高國票61購03,2026-07-24,0.25,-0.01,-3.85,54000000,0,,否,,0.26,0.34,,,-38.0952,-30.3279,
710049,宏碁資國票61購01,2026-07-24,0.62,-0.1,-13.89,113000000,0,,否,,0.65,0.63,,,7.2131,10.683,
710058,廣運國票61購01,2026-07-24,0.62,-0.07,-10.14,10000000,0,,否,,0.94,,,,,,
710060,營邦國票5C購02,2026-07-24,1.05,0.04,3.96,32000000,0,,否,,0.96,0.99,1.07,,-5.1181,-10.0,
710066,臺慶科凱基5C購05,2026-07-24,0.17,-0.01,-5.56,149000000,0,,否,,0.19,0.32,,,-58.6667,-43.8163,
710067,廣閎科凱基5C購02,2026-07-24,0.59,-0.08,-11.94,229000000,0,,否,,0.63,0.86,,,-42.0664,-32.7044,
710068,營邦凱基5C購01,2026-07-24,0.67,0.02,3.08,1080000000,0,,否,,0.62,0.63,0.68,,-5.2308,-10.2128,
710069,營邦凱基5C購02,2026-07-24,0.66,0.03,4.76,831000000,0,,是,,0.6,0.63,,,-9.0909,-16.1119,
710070,營邦凱基5C購03,2026-07-24,0.58,0.05,9.43,886000000,0,,是,,0.51,,,,,,
710071,中美晶群益5C購04,2026-07-24,1.64,-0.25,-13.23,183000000,0,,否,,2.04,2.33,,,-22.4676,8.7727,
710073,營邦群益5C購01,2026-07-24,0.97,0.02,2.11,1173000000,0,,是,,0.89,0.9,,,-1.5521,,
710074,營邦群益5C購02,2026-07-24,1.03,0.12,13.19,210000000,0,,是,,0.9,0.97,,,-13.9579,-10.3226,
710077,宜鼎元大5C購11,2026-07-24,0.43,0.0,0.0,836000000,0,,是,,0.39,0.46,0.63,,-26.6917,-25.7649,
710078,威剛元大61購05,2026-07-24,0.74,0.05,7.25,860000000,0,,是,,0.81,,,,,,
710079,廣閎科元大5C購03,2026-07-24,0.64,-0.07,-9.86,139000000,0,,是,,0.69,0.92,,,-40.208,-21.7981,
710080,營邦元大5C購01,2026-07-24,1.31,0.08,6.5,455000000,0,,是,,1.12,1.14,1.21,,-3.2702,-6.0033,
710083,營邦國泰61購01,2026-07-24,1.66,-0.06,-3.49,21000000,0,,否,,1.52,1.56,,,-5.3683,-7.4228,
710084,營邦富邦62購01,2026-07-24,0.5,-0.02,-3.85,768000000,0,,是,,0.51,0.59,,,-23.7389,-16.69,
710086,中美晶統一66購03,2026-07-24,0.83,-0.08,-8.79,395000000,0,,否,,0.98,1.08,,,-17.2007,8.0758,
710088,朋程統一65購02,2026-07-24,0.44,-0.04,-8.33,22000000,0,,否,,0.72,0.78,,,-14.7619,,
710091,威剛統一65購05,2026-07-24,0.6,0.05,9.09,650000000,0,,是,,0.67,,,,,,
710095,聖暉*統一66購01,2026-07-24,0.6,-0.02,-3.23,300000000,0,,否,,0.6,0.62,0.72,,-6.5217,-16.9333,
710097,營邦統一66購01,2026-07-24,0.67,0.01,1.52,326000000,0,,否,,0.61,0.62,0.65,,-2.2364,-6.354,
710098,營邦統一66購02,2026-07-24,0.8,0.02,2.56,103000000,0,,是,,0.78,,,,,,
710099,營邦統一66購03,2026-07-24,0.55,0.03,5.77,100000000,0,,,,,,,,,,
710100,營邦統一6C購01,2026-07-24,0.65,0.03,4.84,149000000,0,,是,,0.61,0.61,,,-2.5723,,
710101,中美晶台新5C購02,2026-07-24,1.66,-0.25,-13.09,39000000,0,,否,,2.11,2.28,,,-14.2276,14.1359,
710102,中美晶台新5C購03,2026-07-24,7.7,-1.2,-13.48,37000000,0,,否,,9.67,11.04,,,-22.1417,9.7913,
710103,東浦台新5C購02,2026-07-24,1.09,-0.11,-9.17,10000000,0,,否,,1.24,1.45,,,-25.2415,-11.8221,
710104,東浦台新5C購03,2026-07-24,0.72,-0.07,-8.86,50000000,0,,是,,0.89,1.01,,,-22.2807,-11.7596,
710106,聖暉*台新5C購02,2026-07-24,1.16,-0.24,-17.14,12000000,0,,否,,1.33,1.68,,,-34.8039,-18.2436,
710107,聖暉*台新5C購03,2026-07-24,1.3,-0.3,-18.75,25000000,0,,是,,1.47,1.97,,,-40.6958,-18.3326,
710108,聖暉*台新5C購04,2026-07-24,1.49,-0.1,-6.29,15000000,0,,否,,1.55,1.92,,,-32.6957,-16.9616,
710109,廣閎科台新5C購03,2026-07-24,1.53,-0.12,-7.27,50000000,0,,否,,1.51,2.35,,,-52.4827,,
710110,銳澤台新5C購01,2026-07-24,0.67,-0.08,-10.67,10000000,0,,否,,0.82,0.88,,,-12.58,-15.643,
710111,騰雲台新5C購01,2026-07-24,1.34,-0.25,-15.72,17000000,0,,是,,1.4,,,,,,
710112,中美晶凱基61購05,2026-07-24,0.87,-0.2,-18.69,4000000,0,,否,,1.1,1.22,,,-17.9641,9.6483,
710116,威剛凱基5C購07,2026-07-24,0.42,0.04,10.53,11000000,0,,否,,0.37,0.44,,,-25.2,,
710118,宜鼎元大5C購12,2026-07-24,0.4,0.0,0.0,169000000,0,,否,,0.37,0.42,,,-23.1092,-27.2884,
710119,朋億*元大5C購01,2026-07-24,0.52,0.01,1.96,67000000,0,,否,,0.67,0.72,,,-12.7937,,
710121,威剛元大5C購04,2026-07-24,1.44,0.15,11.63,275000000,0,,是,,1.51,1.61,,,-11.5925,,
710123,臺慶科台新5C購01,2026-07-24,0.36,-0.03,-7.69,26000000,0,,否,,0.44,0.76,,,-58.8785,,
710124,中美晶國票61購03,2026-07-24,1.46,-0.04,-2.67,60000000,0,,否,,1.67,1.79,,,-12.4738,,
710128,宣德國票61購01,2026-07-24,0.35,-0.03,-7.89,6000000,0,,是,,0.37,,,,,,
710134,世界永豐66購01,2026-07-24,0.82,-0.15,-15.46,20000000,0,,否,,0.87,0.96,,,-16.4751,,
710138,中美晶富邦5C購01,2026-07-24,1.26,-0.16,-11.27,268000000,0,,否,,1.57,1.74,,,-17.6471,10.7849,
710140,聖暉*富邦5C購03,2026-07-24,0.64,-0.12,-15.79,706000000,0,,否,,0.72,0.77,,,-12.5908,-25.791,
710141,中美晶中信5C購01,2026-07-24,0.7,-0.09,-11.39,901000000,0,,是,,0.85,0.97,,,-21.3628,8.1382,
710145,廣閎科凱基5C購03,2026-07-24,0.46,-0.07,-13.21,74000000,0,,否,,0.5,0.69,,,-42.9545,-36.7795,
710146,中美晶台新5C購04,2026-07-24,1.51,-0.24,-13.71,1173000000,0,,否,,1.93,2.18,,,-20.297,9.7782,
710149,均豪台新5C購02,2026-07-24,0.99,-0.08,-7.48,27000000,0,,否,,1.36,,,,,,
710150,均豪台新5C購03,2026-07-24,0.76,-0.09,-10.59,4000000,0,,否,,0.89,1.15,,,-35.9599,,
710151,宜鼎台新5C購06,2026-07-24,1.06,-0.02,-1.85,98000000,0,,否,,0.98,1.15,,,-26.506,-26.9499,
710153,廣閎科台新5C購04,2026-07-24,1.21,-0.22,-15.38,668000000,0,,否,,1.31,,,,,,
710154,台半元大5C購07,2026-07-24,0.81,-0.01,-1.22,54000000,0,,是,,1.07,,,,,,
710155,宜鼎元大5C購13,2026-07-24,0.69,-0.02,-2.82,326000000,0,,否,,0.64,0.76,,,-26.2069,-26.1719,
710156,威剛元大5C購05,2026-07-24,1.53,0.1,6.99,332000000,0,,是,,1.41,1.62,,,-22.9008,-12.311,
710157,臺慶科元大5C購04,2026-07-24,0.42,0.01,2.44,794000000,0,,否,,0.88,,,,,,
710161,台半富邦62購04,2026-07-24,0.4,-0.02,-4.76,419000000,0,,是,,0.48,,,,,,
710162,台半富邦63購02,2026-07-24,0.32,-0.06,-15.79,215000000,0,,是,,0.37,0.61,,,-55.6872,,
710165,鈊象富邦62購02,2026-07-24,0.73,-0.01,-1.35,100000000,0,,是,,0.74,0.8,,,-12.0567,,
710166,營邦富邦62購02,2026-07-24,0.84,0.06,7.69,103000000,0,,否,,0.74,0.75,,,-4.1667,-4.2038,
710168,宜鼎永豐63購01,2026-07-24,0.6,-0.01,-1.64,138000000,0,,否,,0.56,0.63,,,-19.5965,-21.5539,
710174,臺慶科群益5C購02,2026-07-24,0.88,-0.04,-4.35,50000000,0,,是,,0.92,1.46,,,-54.2373,-38.0508,
710175,台半凱基5C購04,2026-07-24,0.29,-0.05,-14.71,21000000,0,,否,,0.32,0.52,,,-54.2373,-39.4366,
710176,尼克森凱基5C購01,2026-07-24,0.32,-0.06,-15.79,10000000,0,,否,,0.43,0.66,,,-52.1253,-19.9758,
710178,朋程凱基5C購02,2026-07-24,0.23,-0.03,-11.54,461000000,0,,否,,0.26,0.34,,,-40.7407,-35.5805,
710179,茂達凱基5C購01,2026-07-24,0.59,0.05,9.26,20000000,0,,是,,0.53,0.66,,,-31.9693,-27.4033,
710180,臺慶科凱基5C購06,2026-07-24,0.14,-0.01,-6.67,5000000,0,,否,,0.4,,,,,,
710181,廣閎科凱基5C購04,2026-07-24,0.39,-0.07,-15.22,585000000,0,,是,,0.43,0.57,,,-38.9205,-36.8597,
710182,大中台新5C購01,2026-07-24,0.98,-0.16,-14.04,189000000,0,,否,,1.08,1.51,,,-44.3756,-35.7204,
710184,宜鼎台新61購02,2026-07-24,0.82,-0.01,-1.2,66000000,0,,否,,0.77,0.93,,,-29.9817,,
710187,廣閎科台新61購01,2026-07-24,0.96,-0.1,-9.43,55000000,0,,否,,1.11,,,,,,
710188,中美晶元大5C購11,2026-07-24,1.69,-0.57,-25.22,10000000,0,,否,,2.09,2.2,,,-9.375,20.7257,
710190,宜鼎元大5C購14,2026-07-24,0.58,0.06,11.54,911000000,0,,是,,0.49,0.56,,,-21.5873,-24.3607,
710191,威剛元大5C購06,2026-07-24,1.41,0.12,9.3,158000000,0,,否,,1.39,1.56,,,-18.9756,,
710192,群聯中信64購01,2026-07-24,0.23,-0.03,-11.54,39000000,0,,否,,0.24,0.37,,,-52.9644,,
710194,雙鴻中信66購02,2026-07-24,0.61,0.01,1.67,85000000,0,,否,,0.58,,,,,,
710196,台半永豐64購01,2026-07-24,0.47,-0.01,-2.08,40000000,0,,否,,0.55,,,,,,
710197,尼克森永豐64購01,2026-07-24,0.61,-0.01,-1.61,40000000,0,,是,,0.79,0.9,,,-20.6413,,
710201,鈊象永豐61購01,2026-07-24,0.71,-0.01,-1.39,60000000,0,,是,,0.75,0.88,,,-24.9501,,
710202,鴻呈永豐61購01,2026-07-24,0.66,0.01,1.54,20000000,0,,否,,0.63,0.67,,,-10.5114,,
710204,世紀*國票61購01,2026-07-24,0.68,-0.02,-2.86,55000000,0,,否,,0.75,0.91,,,-29.2683,-17.4229,
710208,茂達國票61購01,2026-07-24,0.76,0.01,1.33,3000000,0,,否,,0.69,0.88,,,-35.5019,-27.9902,
710215,臺慶科國票61購04,2026-07-24,0.3,0.01,3.45,20000000,0,,,,,,,,,,
710217,聰泰國票61購01,2026-07-24,0.51,-0.01,-1.92,10000000,0,,,,,,,,,,
710218,能率亞國泰61購01,2026-07-24,1.58,-0.04,-2.47,20000000,0,,否,,1.66,1.74,,,-8.9109,,
710220,廣閎科國泰61購02,2026-07-24,0.86,-0.12,-12.24,1067000000,0,,是,,0.9,1.29,,,-46.1263,,
710222,立碁富邦5C購02,2026-07-24,1.01,0.21,26.25,1000000,0,,否,,0.71,,,,,,
710223,智通*富邦62購02,2026-07-24,0.91,-0.08,-8.08,427000000,0,,是,,0.99,1.04,,,-8.4871,1.665,
710224,宜鼎群益5C購05,2026-07-24,0.41,0.0,0.0,52000000,0,,否,,0.44,,,,,,
710231,富喬群益5C購04,2026-07-24,0.74,-0.15,-16.85,1059000000,0,,是,,0.87,1.21,,,-43.3204,-35.1931,
710234,群聯群益61購05,2026-07-24,0.86,-0.1,-10.42,60000000,0,,是,,0.92,1.11,,,-29.8165,,
710235,雙鴻群益62購02,2026-07-24,2.34,-0.07,-2.9,389000000,0,,是,,2.2,2.38,,,-14.1296,-17.9814,
710239,中光電永豐61購01,2026-07-24,1.63,-0.05,-2.98,257000000,0,,否,,1.82,2.06,,,-21.1806,-7.3324,
710242,宜鼎永豐61購02,2026-07-24,0.42,0.01,2.44,18000000,0,,否,,0.51,,,,,,
710244,達航永豐63購01,2026-07-24,0.47,-0.1,-17.54,38000000,0,,否,,0.57,,,,,,
710246,台半元大5C購09,2026-07-24,0.59,-0.05,-7.81,108000000,0,,,,,,,,,,
710247,台半元大63購03,2026-07-24,0.6,-0.01,-1.64,36000000,0,,是,,0.86,,,,,,
710248,宏捷科元大5C購04,2026-07-24,0.4,-0.04,-9.09,449000000,0,,否,,0.42,0.54,,,-37.1257,,
710249,佳邦元大5C購01,2026-07-24,0.39,-0.07,-15.22,1000000,0,,否,,0.51,0.67,,,-37.0098,,
710251,欣銓元大5C購02,2026-07-24,1.14,-0.09,-7.32,127000000,0,,否,,1.1,1.21,,,-17.0437,-12.7338,
710253,家登元大5C購05,2026-07-24,1.1,-0.05,-4.35,6000000,0,,否,,1.03,1.08,,,-10.0,-11.7359,
710255,臺慶科元大5C購05,2026-07-24,0.45,0.01,2.27,52000000,0,,否,,0.91,,,,,,
710256,台半國票61購04,2026-07-24,0.25,-0.01,-3.85,30000000,0,,否,,0.26,0.4,,,-52.9197,-38.1902,
710257,台半國票61購05,2026-07-24,0.19,-0.02,-9.52,21000000,0,,否,,0.21,0.33,,,-53.1532,-37.9048,
710258,青雲國票5C購01,2026-07-24,0.55,-0.02,-3.51,285000000,0,,否,,0.57,0.58,,,-4.0404,-17.2119,
710263,臺慶科台新5C購03,2026-07-24,0.28,-0.03,-9.68,140000000,0,,是,,0.32,0.47,,,-49.8413,-45.9429,
710269,漢達凱基5C購01,2026-07-24,0.65,-0.04,-5.8,150000000,0,,否,,0.69,0.8,,,-24.7807,-21.5898,
710270,精材凱基63購01,2026-07-24,0.97,-0.16,-14.16,84000000,0,,否,,1.06,0.98,,,18.5682,,
710271,世界國泰61購01,2026-07-24,0.91,-0.15,-14.15,40000000,0,,否,,0.96,1.17,,,-30.3468,,
710272,穩得國泰61購01,2026-07-24,1.06,0.01,0.95,24000000,0,,否,,1.01,1.22,,,-29.5105,-26.6546,
710273,中光電富邦62購02,2026-07-24,0.93,0.01,1.09,30000000,0,,否,,1.0,1.14,,,-21.6641,-10.5512,
710276,FH中5G群益5C購01,2026-07-24,0.32,-0.05,-13.51,400000000,0,,否,,0.42,0.54,,,-36.1702,,
710277,大中群益5C購01,2026-07-24,0.45,-0.07,-13.46,210000000,0,,否,,0.5,0.68,,,-42.1659,-35.9813,
710279,中光電群益5C購02,2026-07-24,1.15,0.03,2.68,160000000,0,,否,,1.24,1.48,,,-27.8555,-14.3271,
710283,宏捷科群益5C購03,2026-07-24,0.4,-0.11,-21.57,439000000,0,,是,,0.47,,,,,,
710286,榮剛群益61購01,2026-07-24,0.83,-0.07,-7.78,201000000,0,,是,,0.87,0.92,,,-10.5372,,
710287,精材群益61購01,2026-07-24,1.86,-0.43,-18.78,18000000,0,,否,,2.07,1.99,,,9.0431,25.1889,
710288,世界元大5C購08,2026-07-24,0.44,-0.1,-18.52,30000000,0,,否,,0.5,0.56,,,-20.0637,-22.6027,
710289,朋程元大5C購03,2026-07-24,0.29,-0.02,-6.45,245000000,0,,否,,0.32,0.42,,,-40.1515,-29.0756,
710291,世界台新5C購01,2026-07-24,0.7,-0.23,-24.73,6000000,0,,否,,0.76,0.92,,,-29.1822,-34.2632,
710294,天品國票5C購01,2026-07-24,0.63,-0.11,-14.86,52000000,0,,否,,0.64,0.71,,,-16.7959,,
710296,立碁國票61購01,2026-07-24,1.43,0.22,18.18,50000000,0,,,,,,,,,,
710297,亞通國票5C購01,2026-07-24,0.74,-0.05,-6.33,203000000,0,,否,,0.88,1.0,,,-21.9858,,
710303,寶雅國票61購02,2026-07-24,1.05,0.0,0.0,1000000,0,,否,,1.05,1.27,,,-29.6791,,
710304,大中凱基5C購01,2026-07-24,0.2,-0.1,-33.33,41000000,0,,否,,0.32,0.42,,,-38.4615,,
710309,欣銓凱基5C購01,2026-07-24,0.51,-0.04,-7.27,27000000,0,,否,,0.52,0.68,,,-36.715,,
710310,青雲凱基5C購01,2026-07-24,0.46,0.05,12.2,45000000,0,,否,,0.45,0.43,,,10.8911,-12.8834,
710311,威剛凱基61購02,2026-07-24,0.55,0.05,10.0,1000000,0,,否,,0.57,,,,,,
710316,聖暉*群益5C購03,2026-07-24,0.69,-0.16,-18.82,349000000,0,,是,,0.8,0.88,,,-15.7233,,
710317,台嘉碩國泰61購01,2026-07-24,1.68,0.2,13.51,1000000,0,,否,,1.7,2.13,,,-34.0591,-21.7742,
710318,宜鼎國泰62購01,2026-07-24,0.83,0.05,6.41,66000000,0,,是,,0.73,0.96,,,-38.8889,,
710320,原相國泰61購01,2026-07-24,1.18,-0.04,-3.28,46000000,0,,否,,1.12,1.24,,,-17.1344,-20.8946,
710323,宜鼎富邦5C購05,2026-07-24,0.33,-0.01,-2.94,69000000,0,,否,,0.31,0.39,,,-32.7586,-24.9516,
710328,群聯永豐64購06,2026-07-24,0.43,-0.01,-2.27,64000000,0,,否,,0.42,0.51,,,-30.2013,,
710329,群聯永豐66購01,2026-07-24,0.53,-0.06,-10.17,20000000,0,,否,,0.64,,,,,,
710331,中光電台新5C購01,2026-07-24,1.0,-0.01,-0.99,109000000,0,,否,,1.09,1.3,,,-27.7411,-14.2105,
710332,中光電台新5C購02,2026-07-24,0.95,-0.02,-2.06,354000000,0,,是,,1.08,1.34,,,-32.3714,-20.0479,
710334,精材台新61購01,2026-07-24,2.85,-0.57,-16.67,147000000,0,,否,,3.07,2.95,,,8.5633,,
710335,精材台新61購02,2026-07-24,2.74,-0.56,-16.97,22000000,0,,否,,3.11,2.68,,,38.2903,,
710338,聖暉*凱基5C購03,2026-07-24,0.35,-0.06,-14.63,10000000,0,,否,,0.39,0.61,,,-53.494,,
710339,宜鼎元大5C購15,2026-07-24,0.82,0.0,0.0,1060000000,0,,否,,0.77,0.88,,,-23.4,-24.271,
710340,富喬元大65購01,2026-07-24,0.61,-0.07,-10.29,20000000,0,,否,,0.73,0.86,,,-26.7068,,
710342,精材元大5C購05,2026-07-24,2.58,-0.83,-24.34,300000000,0,,是,,2.76,2.56,,,17.218,28.8878,
710343,臺慶科元大5C購06,2026-07-24,0.3,-0.02,-6.25,79000000,0,,否,,0.32,0.43,,,-40.5904,-34.9398,
710349,富喬永豐5C購03,2026-07-24,0.35,-0.06,-14.63,10000000,0,,否,,0.55,0.68,,,-32.9238,,
710351,雙鴻永豐63購03,2026-07-24,0.68,0.06,9.68,55000000,0,,否,,0.62,,,,,,
710352,寶雅永豐5C購01,2026-07-24,0.99,0.04,4.21,32000000,0,,是,,0.95,1.15,,,-30.3387,,
710354,精材中信64購01,2026-07-24,0.82,-0.17,-17.17,62000000,0,,否,,0.92,0.91,,,3.5874,20.7447,
710359,亞信國票61購01,2026-07-24,0.6,-0.03,-4.76,9000000,0,,否,,0.65,,,,,,
710364,智擎國票61購01,2026-07-24,0.74,-0.05,-6.33,145000000,0,,否,,0.79,0.78,,,1.2887,,
710366,漢達國票65購01,2026-07-24,0.62,-0.01,-1.59,309000000,0,,是,,0.69,0.81,,,-25.2155,,
710372,宜鼎凱基5C購08,2026-07-24,0.74,0.02,2.78,25000000,0,,否,,0.73,0.89,,,-30.2103,,
710373,群聯凱基5C購10,2026-07-24,0.47,-0.07,-12.96,20000000,0,,否,,0.5,0.73,,,-48.2255,,
710375,精材凱基5C購05,2026-07-24,1.57,-0.52,-24.88,189000000,0,,否,,1.87,1.81,,,6.1364,,
710376,世界台新5C購03,2026-07-24,0.5,-0.08,-13.79,45000000,0,,否,,0.67,,,,,,
710380,東浦台新5C購05,2026-07-24,0.47,-0.03,-6.0,100000000,0,,是,,0.51,0.59,,,-25.0,,
710382,青雲台新5C購01,2026-07-24,0.47,-0.01,-2.08,510000000,0,,是,,0.48,0.47,,,2.9915,,
710384,中光電元大5C購01,2026-07-24,3.98,0.45,12.75,2000000,0,,是,,3.72,4.07,,,-15.768,-4.7106,
710385,宜鼎元大5C購16,2026-07-24,0.72,0.0,0.0,2172000000,0,,是,,0.67,0.77,,,-24.6606,-25.8373,
710386,富喬元大65購02,2026-07-24,0.54,-0.08,-12.9,30000000,0,,是,,0.67,0.86,,,-35.2601,,
710387,精材元大5C購06,2026-07-24,2.92,-0.3,-9.32,36000000,0,,否,,2.8,2.5,,,28.0622,,
710390,精材元大61購09,2026-07-24,2.36,-0.2,-7.81,40000000,0,,否,,2.36,1.97,,,48.5498,,
710391,精材元大63購04,2026-07-24,1.95,-0.23,-10.55,185000000,0,,是,,1.93,1.82,,,12.6168,,
710392,世界中信63購01,2026-07-24,0.24,-0.06,-20.0,55000000,0,,否,,0.29,0.34,,,-25.0,,
710395,世禾永豐5C購01,2026-07-24,1.14,0.04,3.64,37000000,0,,否,,1.16,1.37,,,-25.9542,,
710398,安勤永豐63購01,2026-07-24,1.21,0.02,1.68,167000000,0,,否,,1.14,1.08,,,10.8949,,
710399,均豪永豐5C購03,2026-07-24,1.27,-0.01,-0.78,53000000,0,,是,,1.25,1.45,,,-24.4256,,
710400,均豪永豐5C購04,2026-07-24,1.11,-0.14,-11.2,8000000,0,,否,,1.16,1.35,,,-23.7221,,
710403,晶焱永豐5C購01,2026-07-24,0.43,-0.01,-2.27,24000000,0,,否,,0.5,,,,,,
710406,湧德永豐5C購01,2026-07-24,0.78,-0.06,-7.14,7000000,0,,否,,0.8,0.96,,,-28.3662,,
710408,聖暉*永豐5C購03,2026-07-24,0.76,-0.04,-5.0,10000000,0,,否,,0.79,,,,,,
710409,聖暉*永豐5C購04,2026-07-24,0.69,-0.06,-8.0,86000000,0,,否,,0.72,0.79,,,-17.8899,,
710411,精材永豐5C購04,2026-07-24,2.13,-0.52,-19.62,44000000,0,,否,,2.43,2.23,,,19.3898,,
710412,精材永豐63購02,2026-07-24,3.0,-0.7,-18.92,991000000,0,,是,,3.36,,,,,,
710414,雙鴻永豐5C購05,2026-07-24,0.66,0.06,10.0,57000000,0,,否,,0.59,,,,,,
710418,宇峻國票61購01,2026-07-24,0.66,0.04,6.45,203000000,0,,是,,0.65,,,,,,
710419,安勤國票61購02,2026-07-24,0.95,0.01,1.06,15000000,0,,否,,0.87,0.86,,,3.5629,,
710420,青雲國票5C購02,2026-07-24,0.37,0.01,2.78,275000000,0,,否,,0.37,0.36,,,3.3898,-15.6909,
710422,精材國票61購03,2026-07-24,1.63,-0.37,-18.5,16000000,0,,否,,1.85,1.77,,,9.7041,,
710423,鑫科國票5C購01,2026-07-24,0.58,-0.01,-1.69,20000000,0,,否,,0.62,0.75,,,-30.3167,,
710424,巨有群益5C購01,2026-07-24,0.77,-0.03,-3.75,30000000,0,,否,,0.78,1.39,,,-60.7608,,
710425,智通*群益5C購01,2026-07-24,0.74,-0.04,-5.13,28000000,0,,否,,0.81,0.86,,,-11.9565,,
710426,智通*群益63購01,2026-07-24,2.51,-0.33,-11.62,744000000,0,,是,,2.85,3.05,,,-12.7529,,
710428,杰力國泰61購01,2026-07-24,0.56,-0.01,-1.75,100000000,0,,是,,0.6,0.78,,,-37.9167,,
710430,威剛富邦5C購02,2026-07-24,0.48,0.02,4.35,181000000,0,,否,,0.45,,,,,,
710431,精材富邦5C購01,2026-07-24,1.09,-0.33,-23.24,697000000,0,,否,,1.31,1.25,,,10.101,,
710432,安勤凱基62購01,2026-07-24,0.93,0.02,2.2,954000000,0,,是,,0.82,,,,,,
710434,宜鼎凱基5C購09,2026-07-24,0.73,-0.02,-2.67,379000000,0,,否,,0.67,0.78,,,-24.3792,,
710436,富喬凱基63購02,2026-07-24,0.55,-0.03,-5.17,10000000,0,,否,,0.74,,,,,,
710438,群聯凱基5C購11,2026-07-24,0.74,-0.12,-13.95,105000000,0,,否,,0.8,0.96,,,-27.3056,,
710439,群聯凱基5C購12,2026-07-24,0.74,0.06,8.82,67000000,0,,否,,0.67,1.04,,,-52.7504,,
710441,中美晶元大5C購12,2026-07-24,2.58,-0.32,-11.03,36000000,0,,否,,3.09,,,,,,
710442,世界元大66購03,2026-07-24,0.76,-0.11,-12.64,367000000,0,,是,,0.82,0.93,,,-20.6564,,
710443,宜鼎元大5C購17,2026-07-24,1.18,0.05,4.42,970000000,0,,否,,1.07,1.21,,,-19.7309,,
710446,智通*元大5C購01,2026-07-24,1.16,-0.13,-10.08,1038000000,0,,是,,1.31,1.37,,,-9.0529,,
710447,智通*元大5C購02,2026-07-24,0.96,-0.1,-9.43,160000000,0,,否,,1.07,1.13,,,-10.8696,,
710448,智通*元大63購01,2026-07-24,0.94,-0.08,-7.84,565000000,0,,否,,0.99,1.03,,,-7.4627,,
710451,磐儀國票64購01,2026-07-24,0.73,-0.06,-7.59,270000000,0,,是,,0.7,0.7,,,-0.8499,,
710454,竹陞國票64購01,2026-07-24,1.03,-0.05,-4.63,9000000,0,,否,,1.03,,,,,,
710457,千附國票64購01,2026-07-24,1.6,0.17,11.89,127000000,0,,否,,1.42,,,,,,
710458,智通*國票61購01,2026-07-24,0.82,-0.1,-10.87,37000000,0,,否,,0.93,0.98,,,-9.1797,,
710459,智通*國票61購02,2026-07-24,0.89,-0.08,-8.25,19000000,0,,否,,0.98,1.03,,,-9.9448,,
710463,中光電永豐5C購01,2026-07-24,1.06,0.03,2.91,154000000,0,,是,,1.13,1.35,,,-27.8061,,
710465,營邦永豐5C購01,2026-07-24,1.36,0.09,7.09,44000000,0,,否,,1.31,,,,,,
710466,營邦永豐5C購02,2026-07-24,0.94,-0.05,-5.05,80000000,0,,否,,0.97,,,,,,
710469,聖暉*台新5C購07,2026-07-24,0.63,-0.14,-18.18,58000000,0,,否,,0.73,,,,,,
710471,久元富邦63購01,2026-07-24,0.41,-0.03,-6.82,82000000,0,,否,,0.43,,,,,,
710472,原相富邦5C購01,2026-07-24,0.72,0.0,0.0,14000000,0,,否,,0.69,0.84,,,-30.5221,,
710473,達航富邦62購01,2026-07-24,0.28,-0.06,-17.65,80000000,0,,否,,0.4,,,,,,
710474,營邦富邦63購02,2026-07-24,0.85,0.08,10.39,23000000,0,,否,,0.75,0.77,,,-5.8081,,
710475,營邦富邦63購03,2026-07-24,0.73,0.04,5.8,1000000,0,,否,,0.64,,,,,,
710478,世界元大66購04,2026-07-24,0.76,-0.13,-14.61,500000000,0,,是,,0.8,,,,,,
710481,宜鼎元大61購05,2026-07-24,1.03,-0.02,-1.9,1467000000,0,,否,,0.97,1.1,,,-20.9416,,
710485,臺慶科元大61購01,2026-07-24,0.75,0.02,2.74,695000000,0,,是,,0.75,0.98,,,-37.9768,,
710486,千附精台新61購01,2026-07-24,0.95,-0.03,-3.06,27000000,0,,否,,1.04,1.29,,,-32.5098,,
710487,元太台新61購01,2026-07-24,1.44,0.05,3.6,118000000,0,,是,,1.44,,,,,,
710488,竹陞台新61購01,2026-07-24,1.35,-0.1,-6.9,27000000,0,,否,,1.42,1.33,,,14.7249,,
710489,譜瑞台新61購01,2026-07-24,2.02,0.11,5.76,1000000,0,,否,,1.99,,,,,,
710490,譜瑞台新61購02,2026-07-24,2.07,0.14,7.25,78000000,0,,是,,1.94,,,,,,
710491,千附精凱基61購01,2026-07-24,0.9,-0.01,-1.1,143000000,0,,是,,0.98,,,,,,
710492,千附精凱基61購02,2026-07-24,0.7,-0.3,-30.0,122000000,0,,否,,1.56,,,,,,
710493,中光電凱基61購01,2026-07-24,2.09,0.19,10.0,107000000,0,,是,,2.21,2.57,,,-24.4019,,
710494,元太凱基61購02,2026-07-24,0.79,0.0,0.0,76000000,0,,是,,,,,,,,
710495,元太凱基61購03,2026-07-24,0.8,-0.13,-13.98,225000000,0,,,,,,,,,,
710496,元太凱基61購04,2026-07-24,0.8,-0.07,-8.05,210000000,0,,,,,,,,,,
710497,元太凱基61購05,2026-07-24,1.04,0.07,7.22,272000000,0,,是,,1.14,,,,,,
710498,元太凱基61購06,2026-07-24,0.96,0.04,4.35,40000000,0,,是,,0.93,,,,,,
710499,世紀*凱基61購01,2026-07-24,0.67,-0.04,-5.63,82000000,0,,是,,0.76,1.07,,,-45.0216,,
710500,竹陞凱基61購01,2026-07-24,1.2,-0.2,-14.29,5000000,0,,否,,1.37,1.29,,,12.8501,,
710501,原相凱基61購01,2026-07-24,0.86,-0.03,-3.37,155000000,0,,是,,0.79,1.02,,,-36.7576,,
710502,譜瑞凱基61購02,2026-07-24,1.18,0.02,1.72,77000000,0,,否,,1.12,1.25,,,-19.4524,,
710503,譜瑞凱基61購03,2026-07-24,1.17,0.06,5.41,140000000,0,,否,,1.13,1.32,,,-25.1989,,
710504,譜瑞凱基61購04,2026-07-24,1.14,0.02,1.79,200000000,0,,是,,1.18,1.37,,,-24.4246,,
710505,譜瑞凱基61購05,2026-07-24,1.27,-0.04,-3.05,68000000,0,,否,,1.19,,,,,,
710506,千附精群益61購01,2026-07-24,0.88,-0.01,-1.12,236000000,0,,否,,0.98,1.32,,,-41.0628,,
710507,譜瑞群益61購01,2026-07-24,1.5,-0.08,-5.06,244000000,0,,,,,,,,,,
710508,91APP*國票62購01,2026-07-24,0.53,-0.02,-3.64,10000000,0,,否,,,,,,,,
710510,世紀*國票62購01,2026-07-24,0.54,-0.01,-1.82,10000000,0,,否,,0.6,0.73,,,-29.274,,
710511,竹陞國票62購01,2026-07-24,0.89,-0.02,-2.2,108000000,0,,否,,0.93,0.88,,,12.8329,,
710512,宜鼎國票62購02,2026-07-24,0.59,-0.01,-1.67,27000000,0,,是,,0.57,,,,,,
710513,長佳智國票62購01,2026-07-24,0.61,-0.03,-4.69,810000000,0,,是,,0.64,0.74,,,-23.2614,,
710515,威剛國票62購02,2026-07-24,0.77,0.02,2.67,104000000,0,,否,,0.72,,,,,,
710522,雙鴻國票62購01,2026-07-24,0.8,0.12,17.65,19000000,0,,,,,,,,,,
710526,大江永豐61購01,2026-07-24,0.81,0.07,9.46,457000000,0,,是,,0.78,,,,,,
710527,元太永豐61購02,2026-07-24,1.06,0.03,2.91,139000000,0,,是,,0.94,,,,,,
710528,元太永豐61購03,2026-07-24,1.23,0.01,0.82,201000000,0,,是,,1.09,,,,,,
710529,邑錡永豐64購01,2026-07-24,1.16,0.13,12.62,1000000,0,,否,,1.23,1.46,,,-27.6269,,
710530,威剛永豐61購04,2026-07-24,0.76,0.06,8.57,49000000,0,,,,,,,,,,
710532,鈊象永豐65購01,2026-07-24,0.93,-0.04,-4.12,100000000,0,,否,,0.95,,,,,,
710534,新普永豐61購01,2026-07-24,1.54,0.03,1.99,8000000,0,,否,,1.54,1.88,,,-30.9075,,
710535,譜瑞永豐61購01,2026-07-24,0.83,0.01,1.22,200000000,0,,是,,0.87,0.98,,,-20.1835,,
710536,譜瑞永豐61購02,2026-07-24,0.7,0.03,4.48,100000000,0,,否,,0.68,,,,,,
710538,譜瑞永豐61購04,2026-07-24,1.19,0.0,0.0,196000000,0,,是,,1.41,,,,,,
710539,譜瑞永豐64購01,2026-07-24,1.31,0.0,0.0,59000000,0,,否,,1.24,,,,,,
710540,譜瑞永豐64購02,2026-07-24,1.17,0.0,0.0,100000000,0,,是,,,,,,,,
710541,譜瑞永豐67購01,2026-07-24,1.61,0.01,0.62,54000000,0,,是,,1.55,1.69,,,-15.0219,,
710544,中光電國泰62購01,2026-07-24,2.3,0.41,21.69,3000000,0,,否,,2.12,2.36,,,-18.635,,
710545,巨有國泰62購01,2026-07-24,0.61,-0.05,-7.58,21000000,0,,否,,0.64,0.95,,,-49.2089,,
710546,竹陞國泰62購01,2026-07-24,2.33,-0.13,-5.28,58000000,0,,否,,2.46,2.32,,,12.7523,,
710548,青雲國泰62購02,2026-07-24,0.59,-0.05,-7.81,3000000,0,,否,,0.66,0.66,,,-0.3021,,
710550,元太富邦64購01,2026-07-24,0.56,0.0,0.0,4000000,0,,否,,0.55,,,,,,
710551,安勤富邦62購01,2026-07-24,0.91,0.04,4.6,819000000,0,,否,,0.85,0.81,,,10.4439,,
710552,譜瑞富邦63購01,2026-07-24,0.66,0.03,4.76,33000000,0,,否,,0.62,0.69,,,-17.3333,,
710553,譜瑞富邦64購01,2026-07-24,0.78,0.03,4.0,234000000,0,,否,,0.73,0.8,,,-16.2844,,
710554,宜鼎中信61購02,2026-07-24,0.39,0.01,2.63,380000000,0,,是,,0.38,0.49,,,-35.6902,,
710555,中光電永豐61購02,2026-07-24,0.99,0.11,12.5,55000000,0,,否,,1.02,1.22,,,-28.3708,,
710557,竹陞永豐64購01,2026-07-24,1.69,-0.15,-8.15,5000000,0,,否,,1.79,1.72,,,8.2424,,
710558,竹陞永豐65購01,2026-07-24,1.1,-0.15,-12.0,20000000,0,,否,,1.21,,,,,,
710559,均豪永豐64購01,2026-07-24,0.8,-0.01,-1.23,46000000,0,,是,,0.79,,,,,,
710560,宏捷科永豐61購01,2026-07-24,0.67,-0.06,-8.22,358000000,0,,是,,0.67,,,,,,
710561,宜鼎永豐61購03,2026-07-24,0.83,0.02,2.47,85000000,0,,否,,0.76,0.88,,,-23.8,,
710562,宜鼎永豐64購02,2026-07-24,0.79,0.01,1.28,113000000,0,,是,,0.74,0.82,,,-17.3719,,
710563,威剛永豐61購06,2026-07-24,0.76,0.06,8.57,40000000,0,,否,,,,,,,,
710564,威剛永豐61購07,2026-07-24,0.63,0.05,8.62,61000000,0,,,,,,,,,,
710573,雙鴻永豐61購05,2026-07-24,0.78,0.08,11.43,96000000,0,,否,,,,,,,,
710575,雙鴻永豐67購01,2026-07-24,1.13,0.03,2.73,699000000,0,,是,,1.06,1.09,,,-5.8615,,
710576,中光電元大61購01,2026-07-24,1.74,0.24,16.0,649000000,0,,否,,1.73,,,,,,
710577,中光電元大61購02,2026-07-24,1.51,-0.09,-5.62,284000000,0,,是,,1.62,,,,,,
710578,中光電元大61購03,2026-07-24,1.68,0.02,1.2,770000000,0,,是,,1.76,,,,,,
710582,宏捷科元大67購01,2026-07-24,0.94,-0.02,-2.08,564000000,0,,是,,0.92,1.03,,,-19.1564,,
710584,欣銓元大61購01,2026-07-24,1.01,-0.13,-11.4,114000000,0,,否,,1.05,1.16,,,-17.2956,,
710585,原相元大61購01,2026-07-24,1.18,0.01,0.85,346000000,0,,否,,1.09,1.27,,,-24.6556,,
710588,群聯元大64購06,2026-07-24,1.02,-0.11,-9.73,239000000,0,,是,,1.05,1.19,,,-20.3927,,
710589,臺慶科元大61購02,2026-07-24,0.61,0.03,5.17,175000000,0,,否,,0.61,0.8,,,-38.3838,,
710590,中美晶群益64購01,2026-07-24,1.03,-0.13,-11.21,15000000,0,,否,,1.26,1.42,,,-20.2532,,
710591,竹陞群益61購01,2026-07-24,0.79,-0.19,-19.39,41000000,0,,否,,0.92,0.86,,,15.3266,,
710593,佳邦群益61購01,2026-07-24,0.87,-0.11,-11.22,10000000,0,,否,,0.96,1.33,,,-43.8453,,
710594,宜特群益61購01,2026-07-24,2.0,0.02,1.01,286000000,0,,是,,1.91,,,,,,
710595,青雲群益62購01,2026-07-24,2.17,-0.03,-1.36,51000000,0,,否,,2.21,2.24,,,-2.4691,,
710598,家登國泰62購01,2026-07-24,0.85,-0.12,-12.37,113000000,0,,否,,0.99,1.1,,,-19.1803,,
710600,中光電富邦63購01,2026-07-24,0.7,0.01,1.45,912000000,0,,是,,0.75,0.86,,,-22.9508,,
710601,宏觀富邦63購01,2026-07-24,0.46,-0.07,-13.21,10000000,0,,否,,,,,,,,
710602,茂達富邦63購01,2026-07-24,0.72,0.03,4.35,18000000,0,,否,,0.67,0.82,,,-30.5785,,
710604,湧德富邦63購01,2026-07-24,0.6,-0.04,-6.25,138000000,0,,否,,0.62,0.68,,,-16.8449,,
710605,中光電凱基61購02,2026-07-24,0.84,0.09,12.0,60000000,0,,是,,0.92,1.17,,,-36.0335,,
710606,巨有凱基61購01,2026-07-24,0.21,-0.03,-12.5,20000000,0,,否,,0.35,,,,,,
710607,宜鼎凱基61購01,2026-07-24,0.46,0.0,0.0,679000000,0,,是,,0.6,,,,,,
710609,臺慶科凱基61購02,2026-07-24,0.25,0.01,4.17,105000000,0,,是,,0.25,,,,,,
710610,雙鴻凱基64購01,2026-07-24,1.23,0.04,3.36,980000000,0,,否,,1.15,,,,,,
710613,宜鼎台新61購03,2026-07-24,0.88,0.02,2.33,752000000,0,,否,,0.78,0.92,,,-25.8979,,
710618,群聯台新61購01,2026-07-24,1.14,0.01,0.88,90000000,0,,是,,1.29,,,,,,
710620,中光電元大61購04,2026-07-24,1.14,0.06,5.56,535000000,0,,否,,1.07,,,,,,
710621,台嘉碩元大61購01,2026-07-24,0.54,-0.11,-16.92,15000000,0,,否,,0.97,,,,,,
710622,安可元大61購01,2026-07-24,0.65,-0.02,-2.99,8000000,0,,否,,0.74,0.95,,,-35.9862,,
710623,竹陞元大61購01,2026-07-24,0.88,-0.09,-9.28,400000000,0,,否,,0.97,,,,,,
710624,宜鼎元大61購06,2026-07-24,0.93,0.0,0.0,490000000,0,,否,,0.87,0.99,,,-20.8711,,
710628,晟田元大61購01,2026-07-24,3.47,0.31,9.81,179000000,0,,是,,3.53,3.4,,,7.824,,
710629,堡達元大61購01,2026-07-24,0.49,-0.04,-7.55,23000000,0,,,,,,,,,,
710632,碩禾元大61購03,2026-07-24,0.47,-0.03,-6.0,20000000,0,,否,,0.51,,,,,,
710633,臺慶科元大64購01,2026-07-24,0.76,0.04,5.56,123000000,0,,否,,0.75,,,,,,
710634,臺慶科元大67購01,2026-07-24,0.54,-0.03,-5.26,52000000,0,,否,,0.56,0.68,,,-29.6758,,
710635,寶雅元大61購01,2026-07-24,1.33,0.03,2.31,47000000,0,,否,,1.33,,,,,,
710636,川寶國票65購01,2026-07-24,0.36,-0.03,-7.69,7000000,0,,否,,0.41,,,,,,
710640,安可國票61購01,2026-07-24,0.43,-0.05,-10.42,1000000,0,,,,,,,,,,
710641,金雨國票65購01,2026-07-24,0.55,-0.02,-3.51,3000000,0,,否,,0.62,,,,,,
710643,威潤國票65購01,2026-07-24,0.52,-0.02,-3.7,270000000,0,,是,,0.57,0.65,,,-22.0708,,
710644,茂達國票65購01,2026-07-24,1.03,0.01,0.98,19000000,0,,否,,1.07,,,,,,
710646,晟田國票61購01,2026-07-24,2.09,0.14,7.18,134000000,0,,否,,2.14,2.04,,,9.9897,,
710650,精拓科國票65購01,2026-07-24,0.63,0.03,5.0,14000000,0,,否,,0.58,,,,,,
710651,廣積國票65購01,2026-07-24,1.08,-0.06,-5.26,140000000,0,,是,,1.06,1.06,,,0.5693,,
710654,中美晶群益63購01,2026-07-24,1.27,-0.15,-10.56,649000000,0,,是,,1.54,,,,,,
710658,巨漢群益61購01,2026-07-24,1.16,0.11,10.48,8000000,0,,否,,1.32,,,,,,
710659,宜鼎群益61購01,2026-07-24,0.97,-0.02,-2.02,394000000,0,,否,,0.91,1.05,,,-24.5,,
710665,陽程群益61購01,2026-07-24,0.75,-0.03,-3.85,10000000,0,,否,,0.75,0.87,,,-23.8866,,
710667,川寶凱基61購01,2026-07-24,0.35,-0.05,-12.5,140000000,0,,是,,0.4,0.58,,,-47.1053,,
710668,中美晶凱基61購06,2026-07-24,1.74,-0.14,-7.45,6000000,0,,否,,2.12,2.35,,,-18.3642,,
710669,日揚凱基61購01,2026-07-24,0.67,0.01,1.52,2000000,0,,否,,0.7,,,,,,
710676,邑錡凱基61購01,2026-07-24,0.8,0.14,21.21,5000000,0,,否,,0.9,1.18,,,-38.8813,,
710677,奇鈦科凱基61購01,2026-07-24,0.45,-0.08,-15.09,10000000,0,,否,,0.6,,,,,,
710680,茂達凱基61購01,2026-07-24,0.76,0.0,0.0,20000000,0,,否,,0.75,,,,,,
710682,高僑凱基61購01,2026-07-24,0.47,0.01,2.17,90000000,0,,否,,0.53,,,,,,
710687,陽程凱基61購02,2026-07-24,0.67,-0.05,-6.94,63000000,0,,否,,0.74,,,,,,
710688,碩禾凱基61購01,2026-07-24,0.5,-0.06,-10.71,45000000,0,,否,,0.57,0.77,,,-40.625,,
710691,中美晶台新61購03,2026-07-24,1.14,-0.16,-12.31,112000000,0,,是,,1.4,1.5,,,-12.375,,
710692,中美晶台新63購02,2026-07-24,1.17,-0.17,-12.69,1000000,0,,否,,1.51,,,,,,
710693,世界台新61購01,2026-07-24,0.48,-0.09,-15.79,56000000,0,,否,,0.51,,,,,,
710694,台嘉碩台新61購01,2026-07-24,0.61,0.14,29.79,260000000,0,,是,,0.89,,,,,,
710695,台嘉碩台新61購02,2026-07-24,0.48,0.05,11.63,80000000,0,,是,,0.47,,,,,,
710696,巨漢台新61購01,2026-07-24,1.0,0.01,1.01,462000000,0,,否,,1.01,,,,,,
710697,巨漢台新61購02,2026-07-24,1.05,0.12,12.9,3000000,0,,否,,,,,,,,
710698,全宇昕台新61購01,2026-07-24,0.58,0.02,3.57,50000000,0,,否,,0.53,0.71,,,-40.625,,
710704,威剛中信61購01,2026-07-24,0.3,0.03,11.11,48000000,0,,,,,,,,,,
710710,巨漢永豐61購01,2026-07-24,0.92,-0.05,-5.15,998000000,0,,是,,0.96,,,,,,
710715,奇鈦科永豐61購01,2026-07-24,0.41,-0.07,-14.58,58000000,0,,是,,0.53,0.62,,,-26.4624,,
710716,奇鈦科永豐61購02,2026-07-24,0.42,-0.08,-16.0,90000000,0,,是,,0.55,0.64,,,-25.6131,,
710718,杰力永豐61購01,2026-07-24,0.43,-0.02,-4.44,11000000,0,,否,,0.5,,,,,,
710723,崇越電永豐61購01,2026-07-24,0.61,0.01,1.67,5000000,0,,否,,0.65,,,,,,
710728,華洋永豐61購01,2026-07-24,0.49,-0.05,-9.26,21000000,0,,否,,0.57,,,,,,
710729,越峰永豐61購01,2026-07-24,0.28,-0.07,-20.0,50000000,0,,否,,0.36,0.56,,,-54.0052,,
710732,精星永豐61購01,2026-07-24,0.94,0.01,1.08,10000000,0,,否,,,,,,,,
710735,威剛國泰62購01,2026-07-24,1.59,0.13,8.9,16000000,0,,否,,1.63,,,,,,
710736,立碁富邦61購01,2026-07-24,1.04,0.11,11.83,480000000,0,,是,,0.73,,,,,,
710737,均豪富邦61購02,2026-07-24,0.3,0.0,0.0,98000000,0,,否,,0.31,,,,,,
710738,中光電國票61購02,2026-07-24,1.48,0.12,8.82,42000000,0,,否,,1.62,,,,,,
710739,中美晶國票65購01,2026-07-24,1.38,-0.23,-14.29,6000000,0,,否,,1.66,,,,,,
710741,松上國票61購01,2026-07-24,0.34,-0.07,-17.07,13000000,0,,否,,0.41,,,,,,
710743,青雲國票61購01,2026-07-24,1.23,-0.03,-2.38,337000000,0,,否,,1.3,1.28,,,3.6566,,
710744,盈正國票65購01,2026-07-24,0.47,-0.02,-4.08,2000000,0,,否,,0.49,,,,,,
710751,頎邦國票65購01,2026-07-24,0.59,-0.14,-19.18,200000000,0,,是,,0.69,,,,,,
710753,擎邦國票61購01,2026-07-24,0.55,-0.02,-3.51,11000000,0,,否,,0.57,,,,,,
710754,耀穎國票65購01,2026-07-24,0.38,-0.01,-2.56,10000000,0,,否,,0.39,0.46,,,-25.1908,,
710755,大中元大61購01,2026-07-24,0.72,-0.22,-23.4,15000000,0,,否,,1.16,,,,,,
710762,聖暉*元大61購02,2026-07-24,0.55,-0.05,-8.33,50000000,0,,否,,0.58,0.62,,,-12.1951,,
710763,頎邦元大61購01,2026-07-24,0.64,-0.21,-24.71,165000000,0,,否,,0.83,0.99,,,-28.3737,,
710765,大中凱基61購01,2026-07-24,0.63,-0.09,-12.5,2000000,0,,否,,0.94,,,,,,
710766,竹陞凱基61購02,2026-07-24,0.57,-0.21,-26.92,114000000,0,,否,,0.76,,,,,,
710768,欣銓凱基61購02,2026-07-24,0.84,-0.08,-8.7,100000000,0,,是,,0.91,,,,,,
710770,富喬凱基61購05,2026-07-24,0.29,-0.06,-17.14,50000000,0,,否,,0.56,,,,,,
710772,璟德凱基64購01,2026-07-24,0.6,-0.07,-10.45,2000000,0,,,,,,,,,,
710773,中美晶永豐61購01,2026-07-24,1.27,0.0,0.0,77000000,0,,是,,,,,,,,
710774,中美晶永豐61購02,2026-07-24,0.87,-0.08,-8.42,220000000,0,,是,,1.05,,,,,,
710775,元太永豐61購04,2026-07-24,0.93,-0.08,-7.92,108000000,0,,否,,,,,,,,
710776,台嘉碩永豐61購02,2026-07-24,0.42,0.04,10.53,5000000,0,,,,,,,,,,
710777,竹陞永豐63購01,2026-07-24,1.02,-0.05,-4.67,8000000,0,,否,,1.06,,,,,,
710778,宜鼎永豐66購01,2026-07-24,1.07,-0.05,-4.46,128000000,0,,否,,1.02,,,,,,
710786,頎邦永豐64購01,2026-07-24,0.65,-0.31,-32.29,5000000,0,,否,,0.87,1.03,,,-26.5203,,
710788,寶雅永豐61購01,2026-07-24,0.72,0.04,5.88,30000000,0,,否,,0.67,,,,,,
710789,大中台新61購02,2026-07-24,0.44,-0.08,-15.38,80000000,0,,否,,0.54,,,,,,
710791,立碁台新61購01,2026-07-24,1.39,0.18,14.88,338000000,0,,是,,0.98,,,,,,
710792,竹陞台新61購02,2026-07-24,1.07,-0.19,-15.08,234000000,0,,否,,1.27,,,,,,
710793,宜鼎台新61購04,2026-07-24,0.53,0.0,0.0,177000000,0,,否,,0.49,0.57,,,-24.3077,,
710794,晟田台新61購01,2026-07-24,1.55,0.08,5.44,243000000,0,,否,,1.59,1.52,,,9.8202,,
710796,新漢台新64購01,2026-07-24,0.94,0.07,8.05,7000000,0,,,,,,,,,,
710797,群聯台新61購02,2026-07-24,1.85,0.0,0.0,40000000,0,,是,,1.75,,,,,,
710798,中美晶富邦61購02,2026-07-24,0.82,-0.12,-12.77,77000000,0,,否,,1.04,1.17,,,-20.3077,,
710799,欣銓富邦61購01,2026-07-24,0.35,-0.07,-16.67,271000000,0,,否,,0.38,,,,,,
710800,陽程富邦61購01,2026-07-24,0.59,-0.02,-3.28,269000000,0,,否,,0.58,,,,,,
710801,頎邦富邦63購01,2026-07-24,0.38,-0.14,-26.92,79000000,0,,否,,0.51,0.59,,,-24.3323,,
710805,中美晶群益61購01,2026-07-24,3.93,-0.5,-11.29,11000000,0,,否,,4.91,5.42,,,-17.139,,
710806,世界群益61購02,2026-07-24,1.23,-0.41,-25.0,28000000,0,,否,,1.36,1.58,,,-24.1379,,
710808,均豪群益61購02,2026-07-24,1.34,-0.17,-11.26,281000000,0,,是,,1.42,1.66,,,-24.7357,,
710809,良維群益61購03,2026-07-24,1.44,-0.17,-10.56,697000000,0,,是,,1.47,,,,,,
710814,翔名群益61購01,2026-07-24,0.8,-0.02,-2.44,6000000,0,,否,,0.85,,,,,,
710816,群聯群益67購02,2026-07-24,1.5,-0.14,-8.54,384000000,0,,否,,1.55,1.77,,,-21.5943,,
710817,頎邦群益61購01,2026-07-24,0.45,-0.21,-31.82,77000000,0,,否,,0.65,0.83,,,-35.7853,,
710818,頎邦群益61購02,2026-07-24,0.43,-0.27,-38.57,41000000,0,,否,,0.76,,,,,,
710819,雙鴻群益61購01,2026-07-24,1.97,0.11,5.91,255000000,0,,是,,1.73,,,,,,
710822,良維凱基61購02,2026-07-24,1.32,-0.22,-14.29,11000000,0,,否,,1.39,,,,,,
710823,昇佳電凱基61購01,2026-07-24,0.88,-0.12,-12.0,2000000,0,,否,,1.17,,,,,,
710824,家登凱基61購01,2026-07-24,0.87,-0.11,-11.22,40000000,0,,否,,0.95,,,,,,
710825,翔名凱基61購01,2026-07-24,0.49,0.0,0.0,10000000,0,,,,,,,,,,
710827,精材凱基61購06,2026-07-24,2.06,-0.69,-25.09,271000000,0,,否,,2.18,,,,,,
710828,竹陞台新61購03,2026-07-24,0.86,-0.18,-17.31,36000000,0,,否,,1.02,,,,,,
710830,朋程台新62購01,2026-07-24,0.61,-0.05,-7.58,29000000,0,,是,,0.67,,,,,,
710832,朋程台新64購01,2026-07-24,0.84,-0.09,-9.68,18000000,0,,,,,,,,,,
710834,群聯台新61購03,2026-07-24,1.14,-0.03,-2.56,35000000,0,,,,,,,,,,
710837,頎邦台新61購01,2026-07-24,0.54,-0.23,-29.87,682000000,0,,否,,0.79,0.96,,,-30.8772,,
710838,頎邦台新61購02,2026-07-24,0.4,-0.37,-48.05,40000000,0,,否,,0.73,0.98,,,-41.3849,,
710842,中美晶永豐65購02,2026-07-24,1.45,-0.13,-8.23,40000000,0,,否,,1.72,,,,,,
710847,榮剛永豐61購01,2026-07-24,0.97,-0.08,-7.62,8000000,0,,否,,1.08,,,,,,
710849,九暘國票65購01,2026-07-24,0.35,-0.02,-5.41,3000000,0,,,,,,,,,,
710850,大中國票61購01,2026-07-24,0.52,-0.08,-13.33,10000000,0,,否,,,,,,,,
710852,友威科國票65購01,2026-07-24,0.44,-0.01,-2.22,308000000,0,,是,,0.46,0.52,,,-19.5804,,
710855,邑錡國票61購01,2026-07-24,0.52,0.08,18.18,2000000,0,,否,,0.53,0.68,,,-35.5932,,
710856,邑錡國票63購01,2026-07-24,0.66,-0.03,-4.35,10000000,0,,否,,0.77,,,,,,
710866,健喬國票65購01,2026-07-24,0.69,-0.01,-1.43,150000000,0,,是,,0.69,,,,,,
710869,普萊德國票65購01,2026-07-24,0.49,-0.01,-2.0,3000000,0,,,,,,,,,,
710876,竹陞國泰63購01,2026-07-24,1.16,-0.05,-4.13,70000000,0,,否,,1.2,,,,,,
710877,青雲國泰62購03,2026-07-24,1.53,0.13,9.29,2000000,0,,否,,1.52,,,,,,
710878,茂達國泰62購01,2026-07-24,0.87,0.05,6.1,135000000,0,,是,,0.83,,,,,,
710879,精材國泰62購01,2026-07-24,3.11,-0.37,-10.63,41000000,0,,否,,3.13,,,,,,
710880,大中富邦61購01,2026-07-24,0.28,-0.05,-15.15,6000000,0,,否,,0.33,,,,,,
710881,宜鼎富邦61購02,2026-07-24,0.41,0.01,2.5,450000000,0,,否,,0.36,,,,,,
710882,中光電群益61購02,2026-07-24,0.81,0.09,12.5,58000000,0,,,,,,,,,,
710883,宜鼎群益61購02,2026-07-24,0.83,0.02,2.47,533000000,0,,是,,0.75,,,,,,
710884,宜鼎群益61購03,2026-07-24,0.72,-0.01,-1.37,156000000,0,,否,,0.67,,,,,,
710887,群聯群益67購03,2026-07-24,2.79,0.05,1.82,154000000,0,,是,,2.64,,,,,,
710892,雙鴻群益61購02,2026-07-24,2.72,0.38,16.24,354000000,0,,否,,2.29,,,,,,
710893,中美晶元大64購01,2026-07-24,1.72,-0.18,-9.47,62000000,0,,否,,2.07,,,,,,
710894,中美晶元大66購04,2026-07-24,1.49,-0.13,-8.02,53000000,0,,否,,1.67,,,,,,
710895,台嘉碩元大61購02,2026-07-24,1.08,0.17,18.68,1000000,0,,,,,,,,,,
710896,均豪元大61購02,2026-07-24,0.52,-0.01,-1.89,51000000,0,,否,,0.52,,,,,,
710897,宜特元大65購01,2026-07-24,1.14,0.05,4.59,540000000,0,,是,,1.12,,,,,,
710898,宜特元大67購02,2026-07-24,1.06,0.04,3.92,320000000,0,,否,,1.01,,,,,,
710899,欣銓元大61購02,2026-07-24,0.85,-0.13,-13.27,200000000,0,,否,,0.94,,,,,,
710900,家登元大61購02,2026-07-24,1.16,-0.15,-11.45,1678000000,0,,是,,1.16,,,,,,
710902,臺慶科元大64購02,2026-07-24,0.85,0.01,1.19,356000000,0,,是,,0.93,,,,,,
710908,倉和國票65購01,2026-07-24,0.9,-0.1,-10.0,193000000,0,,否,,0.95,,,,,,
710909,晟田國票61購02,2026-07-24,1.54,0.08,5.48,39000000,0,,否,,1.6,,,,,,
710910,創泓國票61購01,2026-07-24,1.76,-0.14,-7.37,61000000,0,,否,,2.13,,,,,,
710914,類比科國票61購01,2026-07-24,0.47,-0.05,-9.62,5000000,0,,否,,,,,,,,
710917,大中凱基61購02,2026-07-24,0.27,-0.06,-18.18,6000000,0,,否,,0.31,,,,,,
710919,台嘉碩凱基61購03,2026-07-24,0.53,0.11,26.19,30000000,0,,,,,,,,,,
710921,宜鼎凱基61購02,2026-07-24,0.75,0.01,1.35,96000000,0,,是,,0.74,,,,,,
710922,欣銓凱基61購03,2026-07-24,0.43,-0.09,-17.31,50000000,0,,,,,,,,,,
710924,茂達凱基61購03,2026-07-24,0.5,0.04,8.7,80000000,0,,,,,,,,,,
710926,群聯凱基61購07,2026-07-24,1.16,-0.04,-3.33,746000000,0,,是,,1.29,,,,,,
710927,雙鴻凱基61購05,2026-07-24,1.53,0.12,8.51,7000000,0,,,,,,,,,,
710935,精材群益64購02,2026-07-24,1.52,-0.09,-5.59,5000000,0,,否,,1.5,,,,,,
710936,中美晶國泰64購01,2026-07-24,1.89,-0.24,-11.27,70000000,0,,否,,2.22,,,,,,
710937,中光電富邦64購01,2026-07-24,0.45,-0.01,-2.17,150000000,0,,否,,0.47,,,,,,
710938,威剛富邦64購01,2026-07-24,0.47,0.03,6.82,569000000,0,,是,,,,,,,,
710939,茂達富邦63購02,2026-07-24,0.56,-0.02,-3.45,4000000,0,,否,,0.62,,,,,,
710940,華電網富邦63購01,2026-07-24,0.4,-0.08,-16.67,4000000,0,,否,,,,,,,,
710942,群聯中信67購01,2026-07-24,0.39,-0.04,-9.3,745000000,0,,是,,0.41,,,,,,
710943,中光電永豐61購03,2026-07-24,0.36,0.01,2.86,109000000,0,,否,,0.4,,,,,,
710944,艾訊永豐61購01,2026-07-24,0.83,-0.05,-5.68,445000000,0,,是,,,,,,,,
710946,長聖永豐61購01,2026-07-24,0.61,0.01,1.67,47000000,0,,否,,0.62,,,,,,
710947,威剛永豐61購08,2026-07-24,0.72,0.06,9.09,43000000,0,,,,,,,,,,
710948,威剛永豐64購03,2026-07-24,0.88,0.05,6.02,122000000,0,,,,,,,,,,
710950,倉和永豐61購01,2026-07-24,1.25,-0.22,-14.97,182000000,0,,是,,1.38,,,,,,
710951,倉和永豐64購01,2026-07-24,1.72,-0.23,-11.79,125000000,0,,否,,1.83,,,,,,
710952,宸曜永豐61購01,2026-07-24,0.77,-0.01,-1.28,143000000,0,,,,,,,,,,
710953,宸曜永豐67購01,2026-07-24,1.37,0.0,0.0,2000000,0,,,,,,,,,,
710959,磐儀永豐61購01,2026-07-24,0.94,-0.13,-12.15,79000000,0,,否,,0.88,,,,,,
710960,中光電元大61購05,2026-07-24,0.45,0.02,4.65,8000000,0,,否,,0.52,,,,,,
710961,中美晶元大64購02,2026-07-24,1.62,-0.18,-10.0,59000000,0,,是,,1.82,,,,,,
710962,中美晶元大66購05,2026-07-24,1.36,-0.09,-6.21,364000000,0,,是,,1.54,,,,,,
710964,宜鼎元大61購07,2026-07-24,0.8,-0.01,-1.23,328000000,0,,否,,0.75,,,,,,
710965,晟田元大61購02,2026-07-24,2.23,-0.84,-27.36,366000000,0,,否,,2.96,,,,,,
710966,創惟元大61購01,2026-07-24,0.97,0.0,0.0,31000000,0,,否,,0.97,,,,,,
710968,翔名元大61購01,2026-07-24,0.77,-0.04,-4.94,75000000,0,,否,,0.81,,,,,,
710969,群聯元大64購07,2026-07-24,1.15,-0.02,-1.71,325000000,0,,否,,1.1,,,,,,
710970,頎邦元大61購02,2026-07-24,0.44,-0.28,-38.89,2000000,0,,否,,0.7,,,,,,
710971,譜瑞元大61購03,2026-07-24,1.0,0.05,5.26,343000000,0,,是,,0.97,,,,,,
710972,譜瑞元大65購03,2026-07-24,0.97,0.02,2.11,360000000,0,,否,,0.96,,,,,,
710975,大中台新61購03,2026-07-24,0.39,-0.06,-13.33,1000000,0,,否,,,,,,,,
710977,中光電台新61購04,2026-07-24,0.7,-0.02,-2.78,40000000,0,,否,,0.76,,,,,,
710979,宸曜台新61購01,2026-07-24,1.6,-0.21,-11.6,10000000,0,,否,,1.59,,,,,,
710982,精材台新61購03,2026-07-24,1.5,-0.22,-12.79,38000000,0,,否,,1.63,,,,,,
710985,家登凱基61購02,2026-07-24,1.22,-0.2,-14.08,335000000,0,,否,,1.36,,,,,,
710986,振曜凱基61購01,2026-07-24,0.67,-0.07,-9.46,8000000,0,,否,,0.72,,,,,,
710987,華景電凱基64購01,2026-07-24,0.78,-0.02,-2.5,64000000,0,,,,,,,,,,
710988,新普凱基61購01,2026-07-24,0.63,0.01,1.61,8000000,0,,是,,,,,,,,
710991,營邦凱基61購01,2026-07-24,0.88,-0.08,-8.33,153000000,0,,是,,0.76,,,,,,
710992,譜瑞凱基61購06,2026-07-24,1.28,0.04,3.23,172000000,0,,,,,,,,,,
710993,寶雅凱基61購01,2026-07-24,0.99,-0.04,-3.88,5000000,0,,否,,1.03,,,,,,
710995,群聯台新61購04,2026-07-24,0.79,-0.01,-1.25,51000000,0,,,,,,,,,,
710996,大江國票65購01,2026-07-24,0.79,0.0,0.0,129000000,0,,否,,0.78,,,,,,
710997,大學光國票61購01,2026-07-24,0.82,0.03,3.8,100000000,0,,是,,0.81,,,,,,
711002,廣積國票66購01,2026-07-24,1.01,0.0,0.0,84000000,0,,是,,0.95,,,,,,
711003,陽程群益61購02,2026-07-24,0.58,-0.06,-9.38,79000000,0,,否,,0.6,,,,,,
711005,宜鼎國泰62購02,2026-07-24,1.24,0.09,7.83,186000000,0,,是,,1.08,,,,,,
711010,立敦元大61購01,2026-07-24,1.29,-0.11,-7.86,102000000,0,,否,,,,,,,,
711011,立敦元大67購01,2026-07-24,0.45,-0.05,-10.0,24000000,0,,是,,0.54,,,,,,
711012,宜鼎元大61購08,2026-07-24,0.69,0.01,1.47,3551000000,0,,是,,0.64,,,,,,
711013,宜鼎元大61購09,2026-07-24,1.07,0.0,0.0,911000000,0,,否,,1.0,,,,,,
711014,昇佳電元大61購01,2026-07-24,0.72,-0.16,-18.18,659000000,0,,否,,1.06,,,,,,
711016,青雲元大61購01,2026-07-24,1.53,0.07,4.79,15000000,0,,否,,1.5,,,,,,
711020,家登元大61購03,2026-07-24,1.31,-0.02,-1.5,114000000,0,,否,,1.2,,,,,,
711021,智通*元大61購01,2026-07-24,0.63,-0.04,-5.97,150000000,0,,否,,0.69,,,,,,
711022,群聯元大64購08,2026-07-24,0.62,-0.05,-7.46,679000000,0,,是,,0.65,,,,,,
711023,譜瑞元大61購04,2026-07-24,1.78,0.07,4.09,4000000,0,,否,,1.64,,,,,,
711024,中美晶統一65購01,2026-07-24,0.56,-0.05,-8.2,225000000,0,,否,,0.66,,,,,,
711029,精材統一67購01,2026-07-24,0.92,-0.19,-17.12,118000000,0,,否,,1.03,,,,,,
711030,營邦統一67購01,2026-07-24,0.71,-0.03,-4.05,63000000,0,,,,,,,,,,
711031,中光電永豐61購04,2026-07-24,0.92,0.11,13.58,62000000,0,,否,,0.9,,,,,,
711032,中光電永豐61購05,2026-07-24,0.63,-0.02,-3.08,114000000,0,,否,,0.72,,,,,,
711036,宜鼎永豐63購02,2026-07-24,0.72,-0.05,-6.49,18000000,0,,否,,0.7,,,,,,
711039,群聯永豐64購07,2026-07-24,0.9,-0.1,-10.0,41000000,0,,,,,,,,,,
711040,群聯永豐64購08,2026-07-24,0.84,-0.01,-1.18,227000000,0,,是,,,,,,,,
711041,群聯永豐67購01,2026-07-24,0.53,-0.03,-5.36,130000000,0,,否,,0.54,,,,,,
711042,廣積永豐61購01,2026-07-24,1.0,-0.03,-2.91,651000000,0,,否,,0.95,,,,,,
711043,宜鼎中信61購03,2026-07-24,0.45,0.01,2.27,45000000,0,,否,,0.43,,,,,,
711044,群聯中信61購01,2026-07-24,0.35,-0.05,-12.5,50000000,0,,否,,0.36,,,,,,
711047,巨有凱基61購02,2026-07-24,0.66,0.01,1.54,12000000,0,,否,,0.65,,,,,,
711049,宜鼎凱基61購03,2026-07-24,1.04,0.01,0.97,221000000,0,,否,,0.96,,,,,,
711050,茂達凱基61購04,2026-07-24,1.02,0.01,0.99,192000000,0,,,,,,,,,,
711051,原相凱基61購02,2026-07-24,0.97,-0.12,-11.01,102000000,0,,否,,,,,,,,
711052,智通*凱基61購01,2026-07-24,0.76,-0.11,-12.64,37000000,0,,否,,0.9,,,,,,
711053,順達凱基61購02,2026-07-24,0.78,-0.03,-3.7,10000000,0,,否,,0.81,,,,,,
711054,鈊象凱基61購03,2026-07-24,1.41,0.0,0.0,35000000,0,,否,,,,,,,,
711055,群聯凱基64購04,2026-07-24,1.7,-0.21,-10.99,105000000,0,,是,,1.79,,,,,,
711056,精材凱基61購08,2026-07-24,2.21,-0.43,-16.29,116000000,0,,否,,2.37,,,,,,
711057,廣積凱基65購01,2026-07-24,1.08,-0.04,-3.57,14000000,0,,否,,1.05,,,,,,
711060,艾訊群益61購01,2026-07-24,1.12,-0.07,-5.88,447000000,0,,是,,0.95,,,,,,
711061,家登群益61購05,2026-07-24,0.78,-0.01,-1.27,3000000,0,,,,,,,,,,
711062,順達群益61購01,2026-07-24,1.05,-0.01,-0.94,71000000,0,,,,,,,,,,
711063,群聯群益61購06,2026-07-24,3.71,-0.13,-3.39,10000000,0,,否,,3.61,,,,,,
711064,精材群益61購02,2026-07-24,4.29,-0.71,-14.2,22000000,0,,否,,4.7,,,,,,
711065,大樹國票65購01,2026-07-24,0.84,0.01,1.2,60000000,0,,否,,0.82,,,,,,
711070,艾訊國票61購02,2026-07-24,1.29,0.1,8.4,15000000,0,,,,,,,,,,
711071,宜鼎國票65購02,2026-07-24,1.28,0.07,5.79,32000000,0,,,,,,,,,,
711073,智崴國票65購01,2026-07-24,0.59,-0.01,-1.67,171000000,0,,否,,0.59,,,,,,
711077,中美晶元大61購03,2026-07-24,1.28,-0.31,-19.5,1244000000,0,,是,,1.41,,,,,,
711078,台嘉碩元大61購03,2026-07-24,0.89,-0.16,-15.24,499000000,0,,是,,0.97,,,,,,
711079,宜鼎元大61購10,2026-07-24,0.99,0.01,1.02,951000000,0,,否,,0.92,,,,,,
711080,智通*元大61購02,2026-07-24,0.77,-0.08,-9.41,242000000,0,,否,,0.87,,,,,,
711081,群聯元大61購14,2026-07-24,0.92,-0.12,-11.54,1676000000,0,,否,,0.97,,,,,,
711082,臺慶科元大61購03,2026-07-24,0.33,-0.02,-5.71,1720000000,0,,否,,0.36,,,,,,
711084,博大國泰62購01,2026-07-24,0.81,0.02,2.53,14000000,0,,否,,0.83,,,,,,
711085,陽程國泰62購01,2026-07-24,1.44,-0.15,-9.43,21000000,0,,否,,1.44,,,,,,
711087,精材國泰62購02,2026-07-24,3.18,-0.39,-10.92,91000000,0,,是,,3.28,,,,,,
711088,中美晶富邦61購03,2026-07-24,0.73,-0.09,-10.98,661000000,0,,否,,0.88,,,,,,
711089,立碁富邦64購01,2026-07-24,0.97,0.18,22.78,3000000,0,,,,,,,,,,
711090,翔名富邦61購01,2026-07-24,0.49,-0.01,-2.0,10000000,0,,否,,0.51,,,,,,
711091,陽程富邦61購02,2026-07-24,0.47,-0.03,-6.0,375000000,0,,是,,0.47,,,,,,
711092,精材富邦61購01,2026-07-24,1.14,-0.3,-20.83,553000000,0,,否,,1.33,,,,,,
711093,精材中信61購02,2026-07-24,0.73,-0.13,-15.12,48000000,0,,否,,0.81,,,,,,
711094,千附永豐61購01,2026-07-24,3.08,0.41,15.36,6000000,0,,否,,2.66,,,,,,
711095,千附永豐61購02,2026-07-24,2.38,0.27,12.8,65000000,0,,否,,2.04,,,,,,
711096,立端永豐61購01,2026-07-24,0.86,-0.05,-5.49,199000000,0,,是,,0.82,,,,,,
711097,松瑞藥永豐61購01,2026-07-24,0.94,-0.04,-4.08,154000000,0,,是,,0.98,,,,,,
711098,磐儀永豐61購02,2026-07-24,1.0,-0.1,-9.09,60000000,0,,否,,0.86,,,,,,
711104,台嘉碩統一67購01,2026-07-24,0.47,0.0,0.0,13000000,0,,,,,,,,,,
711115,智通*統一67購01,2026-07-24,0.58,-0.04,-6.45,54000000,0,,否,,0.64,,,,,,
711116,陽程統一6C購01,2026-07-24,0.59,0.01,1.72,100000000,0,,否,,0.58,,,,,,
711118,頎邦統一65購01,2026-07-24,0.37,-0.09,-19.57,20000000,0,,否,,0.45,,,,,,
711119,頎邦統一67購02,2026-07-24,0.45,-0.11,-19.64,3000000,0,,否,,0.52,,,,,,
711121,頎邦統一6C購01,2026-07-24,0.52,-0.06,-10.34,10000000,0,,否,,0.58,,,,,,
711122,精材統一65購02,2026-07-24,0.87,-0.2,-18.69,1641000000,0,,是,,0.97,,,,,,
711123,精材統一67購02,2026-07-24,0.75,-0.07,-8.54,16000000,0,,否,,0.76,,,,,,
711126,陽程凱基61購03,2026-07-24,0.46,-0.04,-8.0,65000000,0,,,,,,,,,,
711127,順達凱基61購03,2026-07-24,0.73,-0.07,-8.75,143000000,0,,,,,,,,,,
711128,群聯凱基61購08,2026-07-24,1.38,0.02,1.47,138000000,0,,是,,1.26,,,,,,
711131,精材凱基61購09,2026-07-24,1.26,-0.27,-17.65,266000000,0,,否,,1.39,,,,,,
711132,臺慶科凱基61購03,2026-07-24,0.48,-0.03,-5.88,28000000,0,,否,,0.51,,,,,,
711133,宜鼎台新62購01,2026-07-24,0.9,0.04,4.65,60000000,0,,否,,0.82,,,,,,
711134,茂達台新61購01,2026-07-24,0.85,-0.01,-1.16,23000000,0,,否,,0.77,,,,,,
711135,茂達台新61購02,2026-07-24,1.11,0.08,7.77,53000000,0,,否,,0.99,,,,,,
711136,群聯台新67購03,2026-07-24,1.63,0.04,2.52,20000000,0,,否,,1.54,,,,,,
711137,群聯台新67購04,2026-07-24,1.24,-0.05,-3.88,42000000,0,,是,,1.2,,,,,,
711140,精材台新61購04,2026-07-24,1.36,-0.4,-22.73,36000000,0,,否,,1.51,,,,,,
711141,精材台新61購05,2026-07-24,1.42,-0.47,-24.87,22000000,0,,否,,1.62,,,,,,
711142,精材台新62購02,2026-07-24,1.63,-0.01,-0.61,1000000,0,,否,,1.55,,,,,,
711144,天良國票61購01,2026-07-24,1.36,0.07,5.43,300000000,0,,是,,1.39,,,,,,
711145,巨漢國票61購01,2026-07-24,1.14,0.0,0.0,534000000,0,,否,,,,,,,,
711148,陽程國票61購01,2026-07-24,0.92,0.05,5.75,130000000,0,,是,,,,,,,,
711149,陽程國票61購02,2026-07-24,0.91,-0.01,-1.09,8000000,0,,是,,,,,,,,
711150,順達國票65購01,2026-07-24,1.1,-0.05,-4.35,10000000,0,,否,,1.18,,,,,,
711151,精材國票61購04,2026-07-24,1.9,-0.08,-4.04,17000000,0,,否,,1.82,,,,,,
711154,千附群益61購01,2026-07-24,3.0,0.26,9.49,25000000,0,,是,,,,,,,,
711157,青雲群益61購01,2026-07-24,0.83,-0.01,-1.19,20000000,0,,否,,0.98,,,,,,
711158,青雲群益61購02,2026-07-24,1.32,-0.04,-2.94,2000000,0,,否,,1.32,,,,,,
711159,威剛群益61購06,2026-07-24,1.88,0.2,11.9,183000000,0,,是,,,,,,,,
711162,群聯群益61購07,2026-07-24,2.04,-0.34,-14.29,177000000,0,,是,,2.16,,,,,,
711163,精材群益63購03,2026-07-24,2.28,-0.63,-21.65,414000000,0,,,,,,,,,,
711164,中光電元大61購06,2026-07-24,0.59,0.01,1.72,4588000000,0,,是,,0.62,,,,,,
711165,中光電元大61購07,2026-07-24,0.61,0.04,7.02,2554000000,0,,是,,0.64,,,,,,
711167,宜鼎元大63購02,2026-07-24,1.17,0.04,3.54,361000000,0,,是,,1.06,,,,,,
711169,智通*元大61購03,2026-07-24,0.87,-0.03,-3.33,150000000,0,,否,,0.93,,,,,,
711172,群聯元大61購15,2026-07-24,0.89,-0.03,-3.26,1507000000,0,,否,,0.89,,,,,,
711173,頎邦元大61購03,2026-07-24,0.67,-0.19,-22.09,30000000,0,,否,,0.83,,,,,,
711174,精材元大61購10,2026-07-24,0.95,-0.2,-17.39,225000000,0,,否,,0.98,,,,,,
711175,精材元大61購11,2026-07-24,1.73,-0.37,-17.62,508000000,0,,是,,1.78,,,,,,
711176,精材元大63購05,2026-07-24,1.15,-0.27,-19.01,427000000,0,,否,,1.27,,,,,,
711177,營邦元大61購01,2026-07-24,1.21,0.12,11.01,321000000,0,,否,,1.03,,,,,,
711179,九暘統一6C購01,2026-07-24,0.46,0.0,0.0,3000000,0,,否,,0.47,,,,,,
711181,千附精統一67購03,2026-07-24,0.52,-0.01,-1.89,102000000,0,,是,,0.54,,,,,,
711185,中美晶統一65購02,2026-07-24,0.75,-0.01,-1.32,87000000,0,,否,,0.82,,,,,,
711186,中美晶統一67購01,2026-07-24,0.62,-0.05,-7.46,5000000,0,,否,,0.71,,,,,,
711187,中美晶統一6C購01,2026-07-24,0.72,-0.01,-1.37,1000000,0,,否,,0.77,,,,,,
711190,安勤統一67購01,2026-07-24,0.62,0.01,1.64,464000000,0,,,,,,,,,,
711193,宜鼎統一67購01,2026-07-24,0.72,0.05,7.46,129000000,0,,,,,,,,,,
711194,昇佳電統一67購01,2026-07-24,0.53,-0.05,-8.62,120000000,0,,否,,0.63,,,,,,
711195,杰力統一65購01,2026-07-24,0.4,-0.04,-9.09,96000000,0,,,,,,,,,,
711199,堡達統一65購01,2026-07-24,0.46,-0.04,-8.0,48000000,0,,,,,,,,,,
711211,精材統一6C購02,2026-07-24,0.87,-0.06,-6.45,16000000,0,,否,,0.87,,,,,,
711212,大樹永豐61購01,2026-07-24,1.19,0.26,27.96,9000000,0,,否,,0.91,,,,,,
711214,宜鼎永豐67購01,2026-07-24,0.95,0.0,0.0,185000000,0,,是,,0.91,,,,,,
711215,智通*永豐65購01,2026-07-24,0.77,-0.05,-6.1,25000000,0,,否,,0.82,,,,,,
711217,頎邦永豐65購01,2026-07-24,0.55,-0.14,-20.29,15000000,0,,否,,0.68,,,,,,
711218,精材永豐61購03,2026-07-24,0.83,-0.18,-17.82,298000000,0,,是,,0.91,,,,,,
711219,精材永豐61購04,2026-07-24,1.28,-0.35,-21.47,328000000,0,,否,,1.54,,,,,,
711220,精材永豐64購02,2026-07-24,1.12,-0.16,-12.5,14000000,0,,否,,1.2,,,,,,
711221,營邦永豐64購01,2026-07-24,1.0,0.05,5.26,507000000,0,,是,,,,,,,,
711222,廣積國泰62購01,2026-07-24,2.65,-0.13,-4.68,517000000,0,,否,,2.54,,,,,,
711223,營邦國泰62購01,2026-07-24,2.14,0.15,7.54,41000000,0,,否,,,,,,,,
711224,久元富邦63購02,2026-07-24,0.59,-0.01,-1.67,5000000,0,,,,,,,,,,
711225,元太富邦63購01,2026-07-24,0.81,0.04,5.19,390000000,0,,是,,,,,,,,
711226,元太富邦63購02,2026-07-24,0.78,0.02,2.63,273000000,0,,是,,,,,,,,
711228,宜特富邦63購01,2026-07-24,0.58,0.02,3.57,323000000,0,,是,,,,,,,,
711229,智通*富邦64購02,2026-07-24,0.57,-0.07,-10.94,116000000,0,,是,,0.64,,,,,,
711230,順達富邦63購01,2026-07-24,0.43,-0.02,-4.44,302000000,0,,否,,0.42,,,,,,
711231,鈊象富邦63購02,2026-07-24,0.63,-0.02,-3.08,63000000,0,,否,,0.65,,,,,,
711233,宜鼎台新63購01,2026-07-24,1.11,0.02,1.83,237000000,0,,是,,1.03,,,,,,
711234,宜鼎台新64購01,2026-07-24,1.72,0.2,13.16,86000000,0,,否,,,,,,,,
711235,千附群益61購03,2026-07-24,2.44,0.42,20.79,1000000,0,,否,,2.02,,,,,,
711236,陽程群益63購01,2026-07-24,0.79,-0.04,-4.82,282000000,0,,,,,,,,,,
711237,順達群益61購02,2026-07-24,1.05,-0.07,-6.25,385000000,0,,,,,,,,,,
711239,千附凱基61購01,2026-07-24,1.49,0.1,7.19,150000000,0,,是,,1.32,,,,,,
711240,中美晶凱基61購07,2026-07-24,0.92,-0.16,-14.81,76000000,0,,否,,1.09,,,,,,
711241,宜鼎凱基64購01,2026-07-24,0.8,-0.01,-1.23,60000000,0,,否,,,,,,,,
711242,青雲凱基61購01,2026-07-24,1.38,0.02,1.47,240000000,0,,否,,1.37,,,,,,
711244,智通*凱基61購02,2026-07-24,1.05,-0.14,-11.76,175000000,0,,是,,1.21,,,,,,
711246,新漢凱基61購01,2026-07-24,0.75,-0.03,-3.85,60000000,0,,,,,,,,,,
711247,營邦凱基61購02,2026-07-24,1.28,0.09,7.56,141000000,0,,否,,,,,,,,
711248,雙鴻凱基61購06,2026-07-24,2.17,0.25,13.02,116000000,0,,是,,1.92,,,,,,
711250,千附國票61購03,2026-07-24,1.45,0.12,9.02,107000000,0,,否,,1.37,,,,,,
711251,中美晶國票65購02,2026-07-24,0.99,-0.23,-18.85,200000000,0,,是,,1.2,,,,,,
711252,巨有國票61購01,2026-07-24,0.9,-0.04,-4.26,4000000,0,,否,,0.94,,,,,,
711255,晶呈國票65購01,2026-07-24,0.84,0.03,3.7,19000000,0,,否,,0.72,,,,,,
711257,中光電元大61購08,2026-07-24,0.52,0.05,10.64,1928000000,0,,否,,0.51,,,,,,
711258,中光電元大61購09,2026-07-24,0.52,0.02,4.0,3281000000,0,,是,,0.55,,,,,,
711259,中光電元大63購01,2026-07-24,0.52,0.01,1.96,288000000,0,,否,,0.51,,,,,,
711260,立敦元大61購02,2026-07-24,0.38,-0.02,-5.0,499000000,0,,,,,,,,,,
711261,宜鼎元大63購03,2026-07-24,1.04,0.01,0.97,248000000,0,,,,,,,,,,
711264,家登元大61購05,2026-07-24,1.23,-0.14,-10.22,235000000,0,,否,,,,,,,,
711266,群聯元大61購16,2026-07-24,1.27,0.0,0.0,120000000,0,,否,,1.21,,,,,,
711267,臺慶科元大61購04,2026-07-24,1.04,-0.06,-5.45,606000000,0,,是,,1.11,,,,,,
711268,營邦元大61購02,2026-07-24,1.52,0.11,7.8,62000000,0,,否,,1.32,,,,,,
711270,世界富邦61購03,2026-07-24,0.51,-0.1,-16.39,51000000,0,,否,,0.55,,,,,,
711271,博智富邦63購01,2026-07-24,0.5,-0.04,-7.41,323000000,0,,是,,,,,,,,
711273,千附精永豐64購01,2026-07-24,1.11,-0.1,-8.26,29000000,0,,,,,,,,,,
711276,家登永豐61購03,2026-07-24,0.98,-0.03,-2.97,77000000,0,,,,,,,,,,
711278,九暘統一67購01,2026-07-24,0.47,-0.01,-2.08,1000000,0,,,,,,,,,,
711279,千附統一6C購01,2026-07-24,0.71,0.09,14.52,11000000,0,,否,,0.64,,,,,,
711281,安勤統一67購02,2026-07-24,0.75,0.02,2.74,503000000,0,,是,,,,,,,,
711282,青雲統一67購01,2026-07-24,1.07,0.01,0.94,69000000,0,,是,,1.06,,,,,,
711283,倉和統一6C購01,2026-07-24,0.63,-0.02,-3.08,20000000,0,,,,,,,,,,
711287,M31台新61購01,2026-07-24,1.62,0.01,0.62,74000000,0,,否,,1.61,,,,,,
711291,富喬台新61購02,2026-07-24,0.85,-0.13,-13.27,563000000,0,,否,,1.01,,,,,,
711292,頎邦台新61購06,2026-07-24,0.85,-0.25,-22.73,16000000,0,,否,,1.09,,,,,,
711293,M31凱基61購01,2026-07-24,1.56,0.12,8.33,3000000,0,,否,,,,,,,,
711295,M31凱基61購03,2026-07-24,1.34,0.01,0.75,196000000,0,,,,,,,,,,
711296,千附精凱基61購03,2026-07-24,0.56,-0.02,-3.45,25000000,0,,否,,,,,,,,
711300,博智凱基63購01,2026-07-24,2.03,-0.15,-6.88,6000000,0,,,,,,,,,,
711303,群聯凱基65購01,2026-07-24,1.9,0.0,0.0,21000000,0,,否,,1.83,,,,,,
711305,營邦凱基61購03,2026-07-24,1.93,0.09,4.89,419000000,0,,否,,,,,,,,
711306,千附精元大61購01,2026-07-24,0.96,-0.17,-15.04,54000000,0,,是,,1.07,,,,,,
711307,中光電元大61購10,2026-07-24,1.31,0.13,11.02,230000000,0,,是,,1.3,,,,,,
711308,宏捷科元大66購01,2026-07-24,1.26,-0.08,-5.97,248000000,0,,是,,,,,,,,
711309,宜鼎元大63購04,2026-07-24,1.15,-0.05,-4.17,661000000,0,,是,,,,,,,,
711310,原相元大61購03,2026-07-24,1.81,0.1,5.85,281000000,0,,否,,1.64,,,,,,
711311,順達元大63購01,2026-07-24,1.4,-0.08,-5.41,30000000,0,,否,,,,,,,,
711312,群聯元大61購17,2026-07-24,1.62,-0.1,-5.81,155000000,0,,是,,1.65,,,,,,
711313,臺慶科元大61購05,2026-07-24,1.1,-0.09,-7.56,1149000000,0,,是,,1.2,,,,,,
711319,中美晶國票61購05,2026-07-24,1.1,-0.15,-12.0,1000000,0,,否,,,,,,,,
711320,茂達國票61購02,2026-07-24,1.46,0.05,3.55,7000000,0,,是,,,,,,,,
711322,晶呈國票64購01,2026-07-24,0.92,0.03,3.37,39000000,0,,,,,,,,,,
711328,博智群益61購02,2026-07-24,3.02,-0.47,-13.47,477000000,0,,是,,2.99,,,,,,
711329,陽程群益61購03,2026-07-24,1.15,0.03,2.68,28000000,0,,,,,,,,,,
711330,群聯群益63購01,2026-07-24,1.22,-0.11,-8.27,266000000,0,,否,,1.26,,,,,,
711331,M31富邦63購01,2026-07-24,0.82,-0.01,-1.2,203000000,0,,否,,0.84,,,,,,
711332,九暘統一65購01,2026-07-24,0.46,-0.03,-6.12,51000000,0,,否,,,,,,,,
711334,M31永豐63購01,2026-07-24,1.08,0.03,2.86,255000000,0,,,,,,,,,,
711335,世紀*永豐63購01,2026-07-24,0.95,0.02,2.15,4000000,0,,,,,,,,,,
711336,原相永豐61購03,2026-07-24,2.32,0.06,2.65,33000000,0,,否,,2.09,,,,,,
711337,家登永豐61購04,2026-07-24,1.71,-0.21,-10.94,120000000,0,,,,,,,,,,
711338,晶呈永豐61購01,2026-07-24,0.98,0.05,5.38,28000000,0,,是,,,,,,,,
711343,中美晶凱基61購09,2026-07-24,0.71,-0.19,-21.11,40000000,0,,否,,0.85,,,,,,
711344,宜鼎凱基61購04,2026-07-24,1.2,-0.02,-1.64,133000000,0,,是,,1.13,,,,,,
711347,群聯凱基63購02,2026-07-24,1.35,-0.18,-11.76,205000000,0,,是,,,,,,,,
711349,雙鴻凱基63購02,2026-07-24,2.05,0.16,8.47,314000000,0,,否,,,,,,,,
711350,中光電元大61購11,2026-07-24,1.19,0.03,2.59,736000000,0,,是,,1.24,,,,,,
711351,中美晶元大61購05,2026-07-24,1.02,-0.1,-8.93,2555000000,0,,是,,1.2,,,,,,
711354,智通*元大61購05,2026-07-24,0.76,-0.02,-2.56,499000000,0,,,,,,,,,,
711355,中美晶群益61購02,2026-07-24,1.94,-0.26,-11.82,21000000,0,,否,,2.38,,,,,,
711357,加高群益61購01,2026-07-24,1.6,-0.16,-9.09,10000000,0,,,,,,,,,,
711358,巨有群益61購01,2026-07-24,1.28,0.0,0.0,17000000,0,,否,,,,,,,,
711361,群聯群益61購08,2026-07-24,3.69,-0.39,-9.56,147000000,0,,是,,,,,,,,
711365,威剛永豐67購02,2026-07-24,1.18,0.05,4.42,100000000,0,,,,,,,,,,
711366,敘豐永豐64購01,2026-07-24,0.84,-0.11,-11.58,34000000,0,,是,,,,,,,,
711367,凱崴永豐61購01,2026-07-24,0.5,-0.13,-20.63,100000000,0,,否,,0.58,,,,,,
711368,博智永豐61購02,2026-07-24,1.44,-0.12,-7.69,53000000,0,,,,,,,,,,
711369,華電網永豐61購01,2026-07-24,0.79,-0.31,-28.18,1564000000,0,,否,,0.86,,,,,,
711370,閎康永豐61購03,2026-07-24,1.9,0.22,13.1,35000000,0,,,,,,,,,,
711372,群聯永豐64購09,2026-07-24,1.59,0.05,3.25,135000000,0,,是,,,,,,,,
711373,群聯永豐67購02,2026-07-24,1.24,0.02,1.64,20000000,0,,是,,,,,,,,
711378,敘豐國票61購01,2026-07-24,1.01,-0.13,-11.4,6000000,0,,否,,,,,,,,
711380,創泓國票63購01,2026-07-24,1.25,0.02,1.63,50000000,0,,,,,,,,,,
711383,營邦國票61購02,2026-07-24,1.88,-0.17,-8.29,50000000,0,,,,,,,,,,
711386,宜鼎國泰62購03,2026-07-24,2.13,0.22,11.52,1000000,0,,,,,,,,,,
711387,青雲國泰62購04,2026-07-24,1.98,0.0,0.0,3000000,0,,,,,,,,,,
711388,倉和國泰62購01,2026-07-24,1.18,-0.22,-15.71,293000000,0,,是,,1.34,,,,,,
711389,群聯國泰62購04,2026-07-24,1.66,0.03,1.84,95000000,0,,,,,,,,,,
711392,宜鼎富邦61購03,2026-07-24,0.68,0.08,13.33,211000000,0,,,,,,,,,,
711393,群聯富邦63購02,2026-07-24,0.42,-0.08,-16.0,255000000,0,,否,,,,,,,,
711394,M31統一67購01,2026-07-24,0.69,-0.02,-2.82,164000000,0,,,,,,,,,,
711395,M31統一67購02,2026-07-24,0.78,-0.04,-4.88,328000000,0,,,,,,,,,,
711396,M31統一6C購01,2026-07-24,0.7,0.02,2.94,150000000,0,,,,,,,,,,
711402,中美晶統一66購04,2026-07-24,0.39,-0.04,-9.3,200000000,0,,是,,,,,,,,
711409,千附國票66購01,2026-07-24,1.54,0.07,4.76,17000000,0,,,,,,,,,,
711410,元太國票61購01,2026-07-24,1.65,0.05,3.13,15000000,0,,,,,,,,,,
711411,天品國票61購01,2026-07-24,0.85,-0.11,-11.46,90000000,0,,,,,,,,,,
711414,青雲國票61購02,2026-07-24,1.89,0.03,1.61,50000000,0,,,,,,,,,,
711416,晟田國票62購01,2026-07-24,1.83,0.08,4.57,127000000,0,,,,,,,,,,
711419,碩禾國票64購01,2026-07-24,0.55,-0.04,-6.78,20000000,0,,,,,,,,,,
711422,晟田台新61購02,2026-07-24,1.12,0.09,8.74,161000000,0,,,,,,,,,,
711423,陽程台新61購01,2026-07-24,1.18,-0.09,-7.09,1000000,0,,,,,,,,,,
711424,陽程台新61購02,2026-07-24,1.16,-0.09,-7.2,1000000,0,,,,,,,,,,
711425,千附凱基61購02,2026-07-24,1.1,0.04,3.77,61000000,0,,,,,,,,,,
711433,中美晶元大61購06,2026-07-24,1.62,-0.16,-8.99,651000000,0,,是,,,,,,,,
711434,中美晶元大61購07,2026-07-24,0.91,-0.16,-14.95,2077000000,0,,是,,,,,,,,
711435,中美晶元大61購08,2026-07-24,0.5,-0.07,-12.28,3275000000,0,,否,,,,,,,,
711437,中美晶元大65購04,2026-07-24,0.72,-0.08,-10.0,125000000,0,,是,,,,,,,,
711440,智通*元大61購06,2026-07-24,0.71,-0.06,-7.79,499000000,0,,否,,,,,,,,
711441,智通*元大63購02,2026-07-24,0.62,-0.03,-4.62,17000000,0,,否,,,,,,,,
711443,頎邦元大61購04,2026-07-24,0.35,-0.19,-35.19,20000000,0,,否,,,,,,,,
711444,漢科元大61購01,2026-07-24,1.09,-0.09,-7.63,53000000,0,,,,,,,,,,
711445,千附永豐61購03,2026-07-24,1.29,0.17,15.18,300000000,0,,,,,,,,,,
711448,千附永豐64購01,2026-07-24,1.11,0.06,5.71,45000000,0,,,,,,,,,,
711449,中美晶永豐61購04,2026-07-24,0.99,-0.15,-13.16,30000000,0,,,,,,,,,,
711454,宏捷科永豐64購01,2026-07-24,0.99,-0.11,-10.0,132000000,0,,,,,,,,,,
711455,創惟永豐61購01,2026-07-24,1.2,-0.02,-1.64,5000000,0,,,,,,,,,,
711456,智通*永豐61購02,2026-07-24,0.53,-0.02,-3.64,12000000,0,,,,,,,,,,
711459,中光電國泰62購02,2026-07-24,1.06,0.02,1.92,28000000,0,,,,,,,,,,
711460,中光電國泰62購03,2026-07-24,1.32,0.11,9.09,32000000,0,,,,,,,,,,
711464,廣穎國泰62購01,2026-07-24,1.31,0.09,7.38,13000000,0,,,,,,,,,,
711465,千附統一67購02,2026-07-24,0.73,0.07,10.61,1000000,0,,,,,,,,,,
711470,中美晶統一6C購02,2026-07-24,0.43,-0.03,-6.52,25000000,0,,,,,,,,,,
711478,中光電富邦62購03,2026-07-24,0.54,0.03,5.88,80000000,0,,是,,,,,,,,
711479,中美晶富邦61購04,2026-07-24,0.31,-0.03,-8.82,137000000,0,,否,,,,,,,,
711481,宜鼎富邦61購04,2026-07-24,0.58,0.0,0.0,125000000,0,,否,,,,,,,,
711482,宜鼎群益61購04,2026-07-24,2.06,0.12,6.19,61000000,0,,,,,,,,,,
711483,茂達群益61購03,2026-07-24,1.71,0.11,6.88,53000000,0,,,,,,,,,,
711485,台嘉碩台新61購03,2026-07-24,1.37,0.24,21.24,56000000,0,,,,,,,,,,
711486,巨漢台新61購03,2026-07-24,3.4,0.29,9.32,6000000,0,,,,,,,,,,
711488,亞電台新61購01,2026-07-24,1.01,-0.28,-21.71,351000000,0,,,,,,,,,,
711490,千附精群益61購03,2026-07-24,1.1,-0.05,-4.35,26000000,0,,,,,,,,,,
711492,亞電群益61購02,2026-07-24,1.11,-0.33,-22.92,144000000,0,,,,,,,,,,
711493,亞電群益61購03,2026-07-24,1.77,-0.51,-22.37,26000000,0,,,,,,,,,,
711498,宜鼎凱基61購05,2026-07-24,2.2,-0.03,-1.35,5000000,0,,,,,,,,,,
711499,昇佳電凱基61購02,2026-07-24,0.9,-0.14,-13.46,10000000,0,,,,,,,,,,
711501,威剛凱基61購05,2026-07-24,1.86,0.11,6.29,79000000,0,,,,,,,,,,
711503,富喬凱基61購06,2026-07-24,1.34,-0.26,-16.25,5000000,0,,,,,,,,,,
711505,順達凱基61購05,2026-07-24,1.77,-0.24,-11.94,15000000,0,,,,,,,,,,
711506,群聯凱基61購11,2026-07-24,2.49,-0.17,-6.39,42000000,0,,,,,,,,,,
711507,頎邦凱基61購04,2026-07-24,1.29,-0.53,-29.12,17000000,0,,,,,,,,,,
711508,雙鴻凱基63購03,2026-07-24,2.98,0.37,14.18,11000000,0,,,,,,,,,,
711510,立敦元大61購03,2026-07-24,0.49,-0.02,-3.92,100000000,0,,,,,,,,,,
711511,亞電元大61購01,2026-07-24,1.51,-0.37,-19.68,121000000,0,,,,,,,,,,
711512,群聯元大61購18,2026-07-24,1.22,-0.03,-2.4,204000000,0,,,,,,,,,,
711515,亞電統一69購01,2026-07-24,0.69,-0.11,-13.75,1801000000,0,,,,,,,,,,
711516,宜鼎統一64購05,2026-07-24,0.79,0.01,1.28,180000000,0,,,,,,,,,,
711517,倉和統一65購01,2026-07-24,0.62,-0.03,-4.62,95000000,0,,,,,,,,,,
711519,亞電永豐64購01,2026-07-24,1.6,-0.53,-24.88,1000000,0,,,,,,,,,,
711523,雙鴻永豐64購03,2026-07-24,2.74,0.12,4.58,85000000,0,,,,,,,,,,
711526,亞電國泰62購01,2026-07-24,2.0,-0.43,-17.7,265000000,0,,,,,,,,,,
711528,漢科國泰62購01,2026-07-24,1.96,0.11,5.95,5000000,0,,,,,,,,,,
711529,千附精富邦61購01,2026-07-24,0.55,0.0,0.0,27000000,0,,,,,,,,,,
711530,立碁富邦61購02,2026-07-24,1.15,0.14,13.86,15000000,0,,,,,,,,,,
711531,宜特富邦63購02,2026-07-24,0.67,0.02,3.08,48000000,0,,,,,,,,,,
711532,宜鼎富邦61購05,2026-07-24,0.99,0.12,13.79,191000000,0,,,,,,,,,,
711534,欣銓富邦61購02,2026-07-24,0.61,-0.09,-12.86,66000000,0,,,,,,,,,,
711539,群聯富邦63購03,2026-07-24,0.94,-0.13,-12.15,130000000,0,,,,,,,,,,
711540,營邦富邦62購03,2026-07-24,0.97,0.06,6.59,129000000,0,,,,,,,,,,
711541,雙鴻富邦63購02,2026-07-24,1.03,-0.05,-4.63,75000000,0,,,,,,,,,,
711542,譜瑞富邦63購02,2026-07-24,0.74,0.02,2.78,42000000,0,,,,,,,,,,
711545,禾瑞亞國票61購01,2026-07-24,1.38,0.05,3.76,5000000,0,,,,,,,,,,
711546,亞電國票61購01,2026-07-24,3.04,-1.29,-29.79,155000000,0,,,,,,,,,,
711549,巨漢群益61購02,2026-07-24,1.9,0.2,11.76,2000000,0,,,,,,,,,,
711552,立碁國票65購01,2026-07-24,3.44,0.38,12.42,3000000,0,,,,,,,,,,
711553,亞電國票63購01,2026-07-24,1.86,-0.39,-17.33,6000000,0,,,,,,,,,,
711554,亞電國票64購01,2026-07-24,1.61,-0.54,-25.12,20000000,0,,,,,,,,,,
711558,頎邦國票66購01,2026-07-24,1.04,-0.41,-28.28,28000000,0,,,,,,,,,,
711560,臺慶科國票66購01,2026-07-24,1.71,0.1,6.21,10000000,0,,,,,,,,,,
711561,磐儀國票65購01,2026-07-24,1.05,-0.08,-7.08,30000000,0,,,,,,,,,,
711562,亞電台新61購02,2026-07-24,1.16,-0.25,-17.73,146000000,0,,,,,,,,,,
711563,亞電台新61購03,2026-07-24,1.26,-0.57,-31.15,54000000,0,,,,,,,,,,
711564,青雲台新61購01,2026-07-24,0.88,0.01,1.15,9000000,0,,,,,,,,,,
711568,亞電凱基61購01,2026-07-24,1.73,-0.49,-22.07,55000000,0,,,,,,,,,,
711569,泓格凱基61購01,2026-07-24,1.98,0.09,4.76,69000000,0,,,,,,,,,,
711571,群聯凱基66購02,2026-07-24,2.48,-0.19,-7.12,116000000,0,,,,,,,,,,
711572,泓格永豐61購01,2026-07-24,1.02,-0.04,-3.77,79000000,0,,,,,,,,,,
711573,群聯永豐67購03,2026-07-24,1.27,-0.18,-12.41,11000000,0,,,,,,,,,,
711574,中光電元大61購12,2026-07-24,1.63,0.19,13.19,72000000,0,,,,,,,,,,
711575,元太元大66購04,2026-07-24,1.76,0.11,6.67,12000000,0,,,,,,,,,,
711577,青雲元大61購02,2026-07-24,2.36,0.24,11.32,4000000,0,,,,,,,,,,
711578,晟田元大61購03,2026-07-24,1.88,0.12,6.82,1259000000,0,,,,,,,,,,
711580,群聯元大61購19,2026-07-24,1.62,-0.18,-10.0,30000000,0,,,,,,,,,,
711581,群聯元大63購05,2026-07-24,1.77,-0.07,-3.8,15000000,0,,,,,,,,,,
711583,營邦元大61購03,2026-07-24,2.07,0.12,6.15,51000000,0,,,,,,,,,,
711584,雙鴻元大61購16,2026-07-24,2.21,0.16,7.8,15000000,0,,,,,,,,,,
711585,雙鴻元大63購03,2026-07-24,1.56,0.05,3.31,39000000,0,,,,,,,,,,
711586,千附精國泰62購02,2026-07-24,1.67,0.05,3.09,1000000,0,,,,,,,,,,
711587,元太國泰62購01,2026-07-24,1.46,0.04,2.82,8000000,0,,,,,,,,,,
711588,泓格國泰62購01,2026-07-24,1.35,-0.34,-20.12,890000000,0,,,,,,,,,,
711590,晟田國泰62購01,2026-07-24,1.47,0.06,4.26,21000000,0,,,,,,,,,,
711591,群聯國泰62購06,2026-07-24,2.03,-0.19,-8.56,148000000,0,,,,,,,,,,
711593,禾瑞亞統一67購01,2026-07-24,0.68,0.01,1.49,66000000,0,,,,,,,,,,
711599,宏捷科富邦63購01,2026-07-24,0.86,-0.01,-1.15,1000000,0,,,,,,,,,,
711600,威剛富邦61購01,2026-07-24,0.87,0.11,14.47,12000000,0,,,,,,,,,,
711601,茂達富邦63購03,2026-07-24,0.95,0.02,2.15,127000000,0,,,,,,,,,,
711602,頎邦富邦62購01,2026-07-24,0.61,-0.17,-21.79,146000000,0,,,,,,,,,,
711603,頎邦富邦63購02,2026-07-24,0.49,-0.28,-36.36,17000000,0,,,,,,,,,,
711606,由田凱基61購01,2026-07-24,1.79,0.0,0.0,1000000,0,,,,,,,,,,
711612,雙鴻凱基61購08,2026-07-24,2.19,0.34,18.38,5000000,0,,,,,,,,,,
711618,千附精元大61購03,2026-07-24,0.62,-0.01,-1.59,691000000,0,,,,,,,,,,
711619,元太元大66購05,2026-07-24,1.69,-0.01,-0.59,40000000,0,,,,,,,,,,
711621,世界元大61購02,2026-07-24,1.54,0.03,1.99,388000000,0,,,,,,,,,,
711622,世界元大63購06,2026-07-24,1.14,0.05,4.59,120000000,0,,,,,,,,,,
711625,原相元大61購04,2026-07-24,1.75,0.15,9.37,85000000,0,,,,,,,,,,
711629,臺慶科元大61購06,2026-07-24,1.6,-0.18,-10.11,825000000,0,,,,,,,,,,
711632,泓格群益61購01,2026-07-24,1.44,-0.24,-14.29,217000000,0,,,,,,,,,,
711638,泓格國票61購01,2026-07-24,1.97,0.34,20.86,4000000,0,,,,,,,,,,
711654,由田統一67購01,2026-07-24,0.68,0.0,0.0,2000000,0,,,,,,,,,,
711658,聖暉*統一69購01,2026-07-24,0.51,-0.1,-16.39,11000000,0,,,,,,,,,,
711664,禾瑞亞永豐61購01,2026-07-24,1.09,0.09,9.0,75000000,0,,,,,,,,,,
711666,艾訊永豐61購02,2026-07-24,1.13,0.13,13.0,72000000,0,,,,,,,,,,
711673,博士旺永豐67購01,2026-07-24,0.81,0.03,3.85,15000000,0,,,,,,,,,,
722675,先進光統一58購01,2026-07-24,0.08,0.06,300.0,3000000,0,綠縮,否,,0.08,0.11,0.12,,-46.4789,-22.695,-13.7324
722723,新復興統一58購02,2026-07-24,0.46,0.02,4.55,1000000,0,,否,,0.45,0.48,,,-11.4173,-14.6168,
722726,精材統一58購01,2026-07-24,0.25,-0.13,-34.21,95000000,0,紅縮,否,,0.31,0.27,0.18,,34.7826,67.7019,56.6524
722728,廣運統一58購01,2026-07-24,0.21,0.03,16.67,1000000,0,紅縮,否,,0.24,0.2,0.13,,61.3333,68.9655,59.3939
72328U,環球晶群益59售01,2026-07-24,0.01,-0.09,-90.0,1000000,0,,,,,,,,,,
723292,神盾統一58購01,2026-07-24,0.68,0.0,0.0,1000000,0,紅縮,否,,0.67,0.62,0.53,,18.2456,16.4794,20.9567
72348U,良維群益59售01,2026-07-24,0.03,-0.03,-50.0,8000000,0,,是,,0.05,,,,,,
723681,雷科元富58購01,2026-07-24,1.07,-0.44,-29.14,14000000,0,綠增,否,,1.64,2.03,2.56,,-32.399,-22.2265,-1.7251
724128,能率統一59購01,2026-07-24,0.22,-0.01,-4.35,2000000,0,綠增,否,,0.26,0.34,0.35,,-35.9223,-15.7107,-8.8803
724374,聰泰統一59購01,2026-07-24,0.12,0.0,0.0,3000000,0,,否,,0.16,0.19,,,-27.2727,-31.1594,
724481,正基統一59購02,2026-07-24,0.83,0.03,3.75,1000000,0,,否,,0.85,0.82,,,8.3969,13.278,
72485U,信驊群益5B售01,2026-07-24,0.01,0.0,0.0,253000000,0,綠增,是,,0.01,0.01,0.02,,-33.3333,-16.6667,-12.5
72523U,新應材群益5B售01,2026-07-24,0.4,0.03,8.11,115000000,0,,否,,0.38,0.34,,,25.1656,5.2632,
72587U,華電網國票5A售01,2026-07-24,0.61,0.17,38.64,8000000,0,,否,,0.65,0.64,0.59,,4.4872,12.522,-0.0841
72600U,昇達科國票59售01,2026-07-24,0.02,0.01,100.0,16000000,0,,否,,0.02,0.03,0.02,,-21.4286,4.1667,-3.9216
72609U,富喬國票58售02,2026-07-24,0.35,0.02,6.06,10000000,0,,否,,0.33,0.32,,,5.1282,,
72610U,富喬國票5C售02,2026-07-24,1.02,0.09,9.68,1000000,0,紅增,否,,0.9,0.79,0.71,,34.6269,22.8125,2.1521
72629U,櫃200群益5B售02,2026-07-24,0.18,0.02,12.5,270000000,0,紅增,否,,0.19,0.17,0.17,,20.5128,9.5541,-4.6243
72638U,譜瑞群益5C售01,2026-07-24,0.57,-0.06,-9.52,1000000,0,,否,,0.66,0.66,,,0.3058,-3.6765,
72665U,信驊永豐59售01,2026-07-24,0.01,0.0,0.0,2000000,0,,否,,0.02,0.02,0.03,,-35.7143,-4.1667,-1.9231
72667U,富喬凱基59售01,2026-07-24,1.23,0.24,24.24,21000000,0,,否,,0.87,0.74,,,42.3453,-10.5769,
72691U,信驊群益5B售03,2026-07-24,0.01,-0.02,-66.67,92000000,0,,否,,0.04,0.04,0.04,,-25.0,2.439,-15.1515
72692U,信驊群益61售02,2026-07-24,0.09,-0.01,-10.0,1393000000,0,紅縮,是,,0.1,0.1,0.1,,-2.0,3.125,4.3956
72693U,穩懋群益59售02,2026-07-24,0.25,0.13,108.33,1000000,0,,否,,0.22,0.18,,,75.0,28.4672,
72697U,穩懋凱基59售04,2026-07-24,0.06,0.01,20.0,10000000,0,,否,,0.09,0.09,0.08,,4.7619,26.4706,
72704U,點序群益61售01,2026-07-24,2.73,0.12,4.6,20000000,0,,是,,2.41,1.95,,,60.8812,,
72707U,精測國票58售02,2026-07-24,0.16,0.05,45.45,2000000,0,紅縮,否,,0.21,0.19,0.15,,30.8642,26.3514,5.8419
727095,高鋒統一5A購01,2026-07-24,0.25,0.01,4.17,1000000,0,,否,,0.19,0.18,,,13.253,-10.6061,
72724U,信驊國票5B售01,2026-07-24,0.05,0.01,25.0,28000000,0,綠增,否,,0.05,0.07,0.07,,-35.7143,-4.1667,-5.6338
72730U,穩懋國票59售01,2026-07-24,0.3,0.25,500.0,1000000,0,,否,,0.23,0.13,,,465.0,232.5,
72733U,中探針群益62售01,2026-07-24,0.22,0.04,22.22,859000000,0,紅增,否,,0.19,0.14,0.13,,100.0,48.4211,-3.2609
72735U,世界群益5A售01,2026-07-24,0.53,0.03,6.0,40000000,0,紅縮,否,,0.58,0.55,0.54,,11.8774,12.3984,-16.896
72737U,雙鴻群益5A售04,2026-07-24,2.02,-0.15,-6.91,122000000,0,,否,,2.3,2.45,2.25,,-11.3338,2.4278,1.3063
72740U,精測國票59售01,2026-07-24,1.02,0.23,29.11,22000000,0,,是,,0.95,0.97,0.84,,-2.8571,14.3195,1.6314
72742U,精測國票59售03,2026-07-24,1.34,0.01,0.75,4000000,0,,否,,1.39,1.25,1.1,,26.9581,25.3521,5.7377
72743U,精測國票59售04,2026-07-24,1.06,0.05,4.95,21000000,0,,是,,0.95,0.82,0.79,,36.5994,19.6793,
72747U,閎康群益5A售02,2026-07-24,0.13,-0.05,-27.78,13000000,0,,,,,,,,,,
72748U,精測群益5A售02,2026-07-24,1.52,0.05,3.4,13000000,0,紅縮,否,,1.58,1.56,1.43,,1.4157,6.972,3.933
72749U,精測群益62售04,2026-07-24,1.31,0.13,11.02,21000000,0,紅增,否,,1.26,1.26,1.16,,0.4785,5.7191,4.9166
72754U,博智群益62售02,2026-07-24,0.28,0.02,7.69,320000000,0,,是,,0.25,,,,,,
72760U,力旺元富58售03,2026-07-24,0.11,0.01,10.0,30000000,0,,否,,0.18,0.16,,,17.3333,18.1159,
72763U,譜瑞國票59售02,2026-07-24,0.15,-0.01,-6.25,25000000,0,,否,,0.21,0.16,,,87.2727,,
72769U,穩懋元富58售03,2026-07-24,0.21,0.06,40.0,90000000,0,,否,,0.24,0.19,,,89.0625,17.0886,
72770U,信驊凱基59售02,2026-07-24,0.04,0.0,0.0,100000000,0,紅轉綠,否,,0.05,0.05,0.06,,-16.6667,-11.2903,-16.0584
72771U,信驊國票59售05,2026-07-24,0.04,-0.01,-20.0,200000000,0,紅轉綠,否,,0.05,0.06,0.06,,-12.9032,-4.918,-5.042
72772U,穩懋群益63售01,2026-07-24,0.5,0.05,11.11,205000000,0,紅縮,否,,0.51,0.48,0.43,,15.3153,12.2066,10.3053
72778U,穩懋凱基59售12,2026-07-24,0.24,0.07,41.18,995000000,0,紅轉綠,否,,0.27,0.24,0.2,,26.6667,20.202,22.6994
72781U,系統電國票5A售01,2026-07-24,1.16,0.08,7.41,10000000,0,,否,,1.16,0.93,0.83,,65.7143,28.0992,
72782U,環球晶群益62售01,2026-07-24,0.3,0.0,0.0,18000000,0,,否,,0.49,0.31,,,237.5,205.8252,
72792U,台特化凱基59售04,2026-07-24,2.01,0.22,12.29,31000000,0,,是,,1.85,,,,,,
72794U,雙鴻凱基5A售02,2026-07-24,1.43,-0.08,-5.3,231000000,0,,是,,1.6,1.71,1.64,,-11.4917,0.4711,4.4047
72795U,神盾群益61售01,2026-07-24,0.66,-0.02,-2.94,80000000,0,,是,,0.61,0.62,,,-5.296,,
72799U,雙鴻國票5A售01,2026-07-24,0.35,-0.06,-14.63,1614000000,0,綠增,是,,0.46,0.52,0.49,,-18.5965,3.4,1.9854
72800U,信驊永豐5B售01,2026-07-24,0.18,0.01,5.88,80000000,0,,否,,0.22,0.25,,,-16.4179,,
72806U,雙鴻凱基59售12,2026-07-24,0.65,-0.08,-10.96,420000000,0,,是,,0.8,0.9,,,-19.6,,
72807U,新應材國泰5A售01,2026-07-24,2.07,0.13,6.7,6000000,0,,否,,1.95,,,,,,
72812U,茂迪國票5A售03,2026-07-24,1.04,0.13,14.29,20000000,0,,是,,0.98,1.03,1.02,,-8.3799,-7.464,
72813U,宜鼎群益5B售03,2026-07-24,0.42,-0.01,-2.33,34000000,0,紅縮,否,,0.48,0.44,0.4,,18.2266,11.0276,7.1618
72814U,精測群益5B售02,2026-07-24,0.95,0.07,7.95,56000000,0,紅縮,否,,0.95,0.95,0.86,,0.2114,7.4915,7.6149
72815U,精測元富59售09,2026-07-24,1.9,0.25,15.15,10000000,0,紅縮,否,,1.9,1.72,1.47,,22.4516,23.4073,10.2969
72817U,雙鴻台新59售03,2026-07-24,0.82,-0.07,-7.87,13000000,0,,否,,0.99,1.05,,,-11.4695,,
72819U,鑫科國票59售02,2026-07-24,0.89,0.12,15.58,33000000,0,,是,,0.74,0.74,,,1.0899,-12.6627,
72825U,頎邦元富59售03,2026-07-24,0.18,0.0,0.0,153000000,0,,是,,0.23,0.22,0.16,,11.4286,20.6522,
72826U,頎邦元富59售06,2026-07-24,0.1,0.09,900.0,390000000,0,,是,,0.03,,,,,,
72829U,宏捷科群益5C售01,2026-07-24,0.85,0.12,16.44,17000000,0,紅增,否,,0.84,0.77,0.69,,20.3438,17.5841,9.9761
72835U,東捷群益59售03,2026-07-24,0.13,0.02,18.18,50000000,0,,是,,0.11,0.11,,,-14.5161,-11.5385,
72836U,東捷群益5B售01,2026-07-24,0.74,0.1,15.62,579000000,0,紅增,是,,0.67,0.6,0.54,,26.6917,20.1195,3.4253
72839U,台燿元大59售25,2026-07-24,0.32,0.08,33.33,82000000,0,,否,,0.43,0.35,0.32,,56.9343,20.9622,
72843U,精材群益63售01,2026-07-24,0.22,0.03,15.79,816000000,0,,是,,0.23,0.27,0.49,,-26.6234,-38.051,
72845U,雙鴻凱基5A售04,2026-07-24,0.57,-0.06,-9.52,200000000,0,,是,,0.69,0.77,,,-18.8679,-6.1125,
72847U,印能國票5A售04,2026-07-24,0.2,-0.05,-20.0,319000000,0,,是,,0.29,0.4,0.47,,-42.2925,-17.732,
72848U,雙鴻群益5A售06,2026-07-24,0.8,-0.08,-9.09,10000000,0,,否,,1.03,1.08,,,-8.6879,,
72850U,印能國票5A售05,2026-07-24,0.33,-0.07,-17.5,50000000,0,綠增,否,,0.44,0.54,0.57,,-31.8885,-14.7567,-10.8255
728516,系微統一5C購01,2026-07-24,0.04,0.0,0.0,10000000,0,,否,,0.05,0.07,0.09,,-45.2381,-27.7778,
72852U,旺矽元大5A售03,2026-07-24,0.71,0.14,24.56,244000000,0,紅增,是,,0.7,0.67,0.6,,10.6918,13.7521,-2.0425
72853U,信驊元大5A售01,2026-07-24,1.0,0.11,12.36,311000000,0,綠增,否,,1.12,1.29,1.29,,-23.842,-5.3441,-2.7454
72854U,信驊永豐61售01,2026-07-24,0.24,0.03,14.29,1031000000,0,綠增,是,,0.26,0.31,0.32,,-27.2222,-8.5294,-4.0663
72855U,信驊富邦5C售02,2026-07-24,1.13,0.05,4.63,891000000,0,綠增,是,,1.22,1.35,1.41,,-16.9837,-7.2314,-4.6315
72856U,頎邦凱基5A售03,2026-07-24,0.38,0.25,192.31,1213000000,0,紅增,是,,0.19,0.16,0.14,,46.1538,32.2314,5.0193
72857U,雙鴻元大5A售06,2026-07-24,1.06,0.01,0.95,22000000,0,綠增,否,,1.13,1.19,1.09,,-8.871,3.4031,5.1393
72858U,巨漢國票5A售02,2026-07-24,0.83,-0.04,-4.6,60000000,0,,否,,0.87,0.9,,,-6.0345,,
72859U,弘塑國票5B售02,2026-07-24,0.5,0.07,16.28,323000000,0,紅增,是,,0.47,0.47,0.42,,3.4934,15.6328,-5.8361
72860U,弘塑元大5A售03,2026-07-24,1.21,0.11,10.0,20000000,0,,否,,1.18,1.12,1.11,,12.1442,15.735,-0.1804
72861U,華電網凱基5A售01,2026-07-24,1.31,0.28,27.18,2000000,0,,否,,1.33,1.24,,,16.4623,,
72862U,群聯國票5B售02,2026-07-24,0.34,0.03,9.68,102000000,0,紅縮,否,,0.36,0.33,0.28,,20.1342,21.9331,0.7181
72863U,蜜望實國票5A售03,2026-07-24,0.27,0.01,3.85,6000000,0,紅縮,否,,0.25,0.2,0.17,,67.1053,47.1014,17.9577
72864U,群聯凱基5A售03,2026-07-24,0.6,-0.02,-3.23,1000000,0,,否,,0.67,0.62,0.57,,17.9577,22.332,11.0029
72865U,信驊永豐5B售03,2026-07-24,0.28,0.04,16.67,50000000,0,綠增,否,,0.32,0.38,0.38,,-27.6018,-5.4591,-5.0188
72866U,旺矽凱基5A售06,2026-07-24,1.0,0.45,81.82,47000000,0,紅增,否,,0.76,0.68,0.66,,26.1589,14.7899,-3.0635
72867U,旺矽富邦61售01,2026-07-24,0.75,0.1,15.38,26000000,0,紅增,否,,0.74,0.7,0.68,,10.1493,7.9755,-1.3728
72868U,富喬群益5C售01,2026-07-24,1.73,0.11,6.79,20000000,0,紅增,否,,1.68,1.52,1.35,,24.0413,21.6173,4.9864
72869U,立碁國票5B售03,2026-07-24,0.96,-0.15,-13.51,82000000,0,,是,,1.33,1.39,,,-8.5282,-0.6424,
72870U,群聯國票5B售06,2026-07-24,0.59,0.03,5.36,1000000,0,,否,,0.62,0.59,0.57,,12.6812,10.9641,7.6996
72871U,群聯群益61售02,2026-07-24,0.99,0.02,2.06,2000000,0,紅縮,否,,1.0,0.96,0.89,,10.0877,10.2417,2.5907
72872U,聖暉*台新5B售01,2026-07-24,0.56,0.05,9.8,20000000,0,紅增,否,,0.57,0.54,0.57,,9.2308,5.0193,-11.7601
72874U,威剛群益5C售02,2026-07-24,0.89,-0.04,-4.3,730000000,0,紅縮,否,,0.96,0.94,0.96,,3.8877,-0.1058,-3.0684
72875U,威剛凱基5B售05,2026-07-24,0.62,-0.1,-13.89,138000000,0,紅縮,否,,0.74,0.71,0.73,,9.1716,0.0,-4.7712
72877U,群聯台新5B售07,2026-07-24,1.43,0.03,2.14,2000000,0,,否,,1.44,1.4,,,6.3516,6.155,
72878U,群聯台新5B售08,2026-07-24,2.12,0.1,4.95,165000000,0,紅縮,否,,2.13,2.04,1.85,,9.8969,10.7726,4.2194
72882U,環球晶台新5B售03,2026-07-24,0.56,0.05,9.8,228000000,0,,否,,0.43,0.38,0.52,,29.697,-12.065,-20.0464
72883U,環球晶國票5B售02,2026-07-24,0.79,0.16,25.4,106000000,0,綠轉紅,否,,0.6,0.58,0.72,,9.8182,-11.5031,-15.5958
72885U,中美晶群益5B售02,2026-07-24,0.38,0.06,18.75,183000000,0,,否,,0.34,0.34,0.71,,-0.5882,-38.587,-26.8116
72886U,群聯群益5B售06,2026-07-24,1.54,0.07,4.76,10000000,0,紅縮,否,,1.56,1.5,1.34,,8.4722,12.6032,4.6076
72887U,精材群益5B售05,2026-07-24,0.1,0.0,0.0,580000000,0,綠縮,否,,0.11,0.14,0.43,,-32.9412,-49.1039,-33.3849
72889U,新盛力群益5B售04,2026-07-24,0.86,0.09,11.69,20000000,0,紅增,否,,0.82,0.76,0.73,,17.4286,7.7904,2.2393
72890U,廣穎群益5B售03,2026-07-24,0.43,-0.03,-6.52,110000000,0,紅縮,否,,0.46,0.44,0.41,,11.0048,8.0882,3.9591
72893U,威剛中信64售01,2026-07-24,0.76,-0.01,-1.3,10000000,0,紅縮,否,,0.76,0.75,0.75,,2.4259,0.267,-0.3313
72894U,世界群益62售01,2026-07-24,0.96,0.09,10.34,10000000,0,,否,,0.96,0.85,0.9,,28.841,9.4072,
72896U,精材凱基5B售08,2026-07-24,0.43,0.09,26.47,365000000,0,,否,,0.42,0.48,0.75,,-23.2472,-32.8191,-25.2248
72897U,精材群益5B售08,2026-07-24,0.28,0.06,27.27,321000000,0,,否,,0.28,0.48,,,-59.1716,-57.8761,
72898U,雷科國票5B售03,2026-07-24,0.73,0.15,25.86,584000000,0,紅增,否,,0.62,0.55,0.52,,25.2033,10.8,-3.6313
72899U,立敦台新5B售04,2026-07-24,2.05,0.27,15.17,122000000,0,紅增,是,,1.8,1.51,1.46,,47.3856,21.12,0.0
72900U,德微國票5C售04,2026-07-24,1.21,0.1,9.01,1000000,0,紅增,否,,1.05,0.81,0.74,,80.9689,37.6271,0.5398
72902U,擎亞國票5B售03,2026-07-24,0.59,0.04,7.27,95000000,0,紅增,否,,0.58,0.53,0.55,,20.2479,7.0281,-10.9489
72903U,群聯凱基5B售08,2026-07-24,1.45,0.09,6.62,43000000,0,紅增,否,,1.43,1.36,1.25,,9.5238,10.0,4.3225
72904U,欣銓台新5B售05,2026-07-24,1.77,0.11,6.63,160000000,0,紅增,是,,1.78,1.7,1.69,,9.3366,9.582,-4.5853
72905U,臺慶科台新5B售05,2026-07-24,1.79,0.08,4.68,20000000,0,紅縮,否,,1.71,1.46,1.17,,40.9539,39.5238,15.847
72907U,群聯富邦61售05,2026-07-24,0.84,0.02,2.44,35000000,0,紅縮,是,,0.86,0.82,0.79,,9.7436,6.6493,1.5504
72908U,威剛群益65售01,2026-07-24,2.39,-0.11,-4.4,26000000,0,紅縮,是,,2.41,2.4,2.44,,0.5843,-0.1247,-0.57
72909U,威剛凱基65售01,2026-07-24,0.8,-0.03,-3.61,12000000,0,,是,,0.84,0.81,0.82,,6.6158,0.2469,
72910U,精材台新5B售06,2026-07-24,0.38,0.09,31.03,15000000,0,綠縮,否,,0.4,0.47,0.69,,-26.0223,-29.6241,-29.8165
72911U,威剛元大5B售16,2026-07-24,1.09,-0.07,-6.03,40000000,0,,否,,1.18,1.17,,,1.9031,,
72912U,良維群益61售02,2026-07-24,1.85,0.01,0.54,33000000,0,紅縮,是,,1.92,1.8,1.58,,13.3728,16.8503,15.9765
72913U,威剛群益5B售04,2026-07-24,1.66,-0.16,-8.79,77000000,0,,是,,1.77,,,,,,
72916U,中美晶凱基5B售06,2026-07-24,0.83,0.06,7.79,2721000000,0,綠縮,是,,0.74,0.75,0.99,,-0.8,-18.5387,-15.1307
72917U,威剛凱基5B售09,2026-07-24,1.05,-0.05,-4.55,515000000,0,紅縮,是,,1.14,1.11,1.1,,5.7514,2.8757,-0.0456
729185,華星光統一59購03,2026-07-24,2.21,-0.39,-15.0,28000000,0,,,,,,,,,,
729186,華星光統一61購01,2026-07-24,2.82,0.32,12.8,59000000,0,紅增,是,,2.36,2.3,2.39,,5.3619,4.265,-7.3945
729187,華星光統一61購02,2026-07-24,1.6,0.04,2.56,95000000,0,紅增,是,,1.32,1.45,1.76,,-16.3914,-15.8906,-18.48
72919U,順達台新5C售01,2026-07-24,1.04,0.04,4.0,53000000,0,,否,,1.07,1.0,1.03,,14.7752,-2.3369,
72920U,佳邦群益5C售01,2026-07-24,2.4,0.21,9.59,20000000,0,,,,,,,,,,
72921U,富喬台新5C售03,2026-07-24,1.65,0.09,5.77,38000000,0,,否,,1.58,1.45,1.3,,20.3957,19.4719,4.1415
72922U,威剛凱基5C售05,2026-07-24,0.66,-0.06,-8.33,5000000,0,,否,,0.77,0.79,,,-5.1724,,
72923U,宜鼎台新5C售05,2026-07-24,3.28,-0.07,-2.09,37000000,0,,否,,3.54,3.38,3.06,,9.6714,10.8852,
72924U,台半群益5C售03,2026-07-24,1.16,0.08,7.41,160000000,0,,是,,1.12,1.02,,,22.9759,,
72925U,台半凱基5C售03,2026-07-24,1.06,0.04,3.92,48000000,0,,否,,1.02,0.89,,,34.6561,25.8156,
72926U,臺慶科凱基5C售03,2026-07-24,1.52,0.01,0.66,1000000,0,,否,,1.51,,,,,,
72927U,聖暉*台新5C售05,2026-07-24,1.83,0.16,9.58,1000000,0,,否,,1.78,1.67,,,13.9744,6.5773,
72928U,富喬凱基5C售04,2026-07-24,1.36,0.21,18.26,112000000,0,,是,,1.24,1.12,,,23.506,,
72931U,群聯群益5C售10,2026-07-24,3.34,0.11,3.41,7000000,0,,否,,3.34,,,,,,
72932U,威剛國泰61售02,2026-07-24,1.97,-0.05,-2.48,10000000,0,,否,,2.08,,,,,,
72933U,世界群益66售01,2026-07-24,3.06,0.2,6.99,6000000,0,,,,,,,,,,
72934U,精材群益66售01,2026-07-24,1.5,0.13,9.49,67000000,0,,否,,1.47,1.55,,,-10.2564,,
72935U,世界台新5C售02,2026-07-24,2.78,0.24,9.45,136000000,0,,是,,2.56,2.42,,,12.3793,,
72936U,宜鼎凱基5C售10,2026-07-24,2.18,-0.01,-0.46,248000000,0,,是,,2.29,2.22,,,6.5238,,
72937U,元太國票62售01,2026-07-24,1.3,-0.04,-2.99,14000000,0,,否,,1.42,,,,,,
72938U,世界國票62售01,2026-07-24,1.36,0.07,5.43,7000000,0,,否,,1.36,1.3,,,9.6463,,
72939U,威剛國票62售01,2026-07-24,1.2,-0.03,-2.44,14000000,0,,否,,1.28,,,,,,
72941U,雙鴻永豐61售04,2026-07-24,1.3,-0.05,-3.7,75000000,0,,否,,1.37,1.42,,,-5.8904,,
72942U,家登群益61售03,2026-07-24,1.45,0.09,6.62,150000000,0,,否,,1.42,1.38,,,6.4371,,
72943U,頎邦國票61售01,2026-07-24,2.3,0.7,43.75,70000000,0,,是,,1.75,1.58,,,24.8217,,
72944U,中光電台新61售03,2026-07-24,1.66,-0.06,-3.49,92000000,0,,否,,1.64,1.56,,,9.7855,,
72945U,頎邦台新61售03,2026-07-24,3.18,0.87,37.66,10000000,0,,否,,2.47,2.22,,,24.7725,,
72948U,精材群益63售02,2026-07-24,1.83,0.29,18.83,12000000,0,,是,,1.81,,,,,,
72949U,威剛元大61售06,2026-07-24,2.19,-0.04,-1.79,40000000,0,,是,,2.26,,,,,,
72950U,精材凱基63售02,2026-07-24,1.71,0.29,20.42,72000000,0,,是,,1.55,,,,,,
72952U,精材國票61售05,2026-07-24,1.5,0.17,12.78,475000000,0,,是,,1.45,,,,,,
72953U,精材國票65售02,2026-07-24,1.64,0.15,10.07,110000000,0,,是,,1.59,,,,,,
72954U,群聯中信61售02,2026-07-24,1.28,0.09,7.56,79000000,0,,是,,1.28,,,,,,
72955U,宜鼎國票61售03,2026-07-24,1.52,-0.03,-1.94,1000000,0,,否,,1.66,,,,,,
72957U,良維群益63售01,2026-07-24,1.35,-0.01,-0.74,50000000,0,,,,,,,,,,
72958U,群聯群益63售02,2026-07-24,1.88,0.04,2.17,1000000,0,,,,,,,,,,
72959U,雙鴻群益63售03,2026-07-24,1.55,-0.09,-5.49,1000000,0,,,,,,,,,,
72961U,群聯凱基61售10,2026-07-24,1.67,0.07,4.38,35000000,0,,,,,,,,,,
72962U,宜鼎群益67售01,2026-07-24,1.25,-0.05,-3.85,3000000,0,,,,,,,,,,
72963U,中美晶國票61售06,2026-07-24,1.77,0.1,5.99,649000000,0,,是,,,,,,,,
72964U,中美晶國票64售02,2026-07-24,2.01,0.25,14.2,23000000,0,,,,,,,,,,
72965U,青雲國票61售03,2026-07-24,2.1,-0.06,-2.78,10000000,0,,否,,,,,,,,
72967U,順達國票61售03,2026-07-24,1.49,0.04,2.76,1000000,0,,,,,,,,,,
72968U,群聯國票64售01,2026-07-24,1.71,0.06,3.64,7000000,0,,,,,,,,,,
72976U,順達凱基61售06,2026-07-24,1.3,0.03,2.36,1000000,0,,,,,,,,,,
72978U,威剛凱基61售06,2026-07-24,1.22,-0.1,-7.58,8000000,0,,,,,,,,,,
729890,廣積統一59購01,2026-07-24,0.05,0.0,0.0,31000000,0,,否,,0.07,0.06,,,56.5217,-45.3704,
730135,安勤統一58購01,2026-07-24,0.28,-0.12,-30.0,8000000,0,,否,,0.31,0.34,,,-12.7778,-3.9886,
730238,群聯統一58購01,2026-07-24,7.3,-0.45,-5.81,4000000,0,,否,,7.39,8.68,9.87,,-25.8776,-15.9322,
730635,鈦昇統一58購01,2026-07-24,0.91,-0.13,-12.5,15000000,0,綠增,否,,1.08,1.23,1.41,,-21.7707,-18.6216,-10.1371
730636,萬潤統一58購02,2026-07-24,2.04,-0.15,-6.85,10000000,0,,否,,2.23,2.32,,,-7.1547,,
731495,英濟統一5B購01,2026-07-24,0.18,-0.12,-40.0,5000000,0,綠增,否,,0.28,0.32,0.36,,-21.6667,-15.3034,0.7082
731945,千附精統一59購02,2026-07-24,0.63,-0.02,-3.08,4000000,0,,否,,0.82,0.78,,,11.3821,0.9056,
732269,M31統一63購01,2026-07-24,0.21,0.01,5.0,350000000,0,,是,,0.21,0.25,,,-28.4722,-24.0,
732271,千附統一59購01,2026-07-24,1.0,0.16,19.05,21000000,0,,否,,0.9,0.73,0.49,,56.6434,74.3468,
732272,千附統一5B購01,2026-07-24,0.75,0.17,29.31,42000000,0,,否,,0.56,0.5,0.37,,27.027,54.1284,
733460,先進光統一5B購01,2026-07-24,0.9,-0.04,-4.26,14000000,0,綠縮,否,,0.9,0.91,1.0,,-1.5317,-2.4731,-6.376
733461,先進光統一65購01,2026-07-24,0.38,-0.06,-13.64,194000000,0,綠縮,否,,0.39,0.46,0.58,,-25.3788,-20.5172,-12.4242
733471,營邦統一5B購01,2026-07-24,1.3,0.05,4.0,1000000,0,紅增,否,,1.22,1.24,1.3,,-3.7975,-6.1317,-10.3793
733695,高端統一5B購01,2026-07-24,0.42,-0.09,-17.65,10000000,0,綠增,否,,0.44,0.46,0.47,,-6.3559,-4.7917,-7.0158
733696,高端統一65購01,2026-07-24,0.53,0.0,0.0,1380000000,0,綠增,是,,0.54,0.54,0.55,,-2.1898,-1.275,-1.355
733701,創惟統一58購01,2026-07-24,0.05,0.04,400.0,1000000,0,紅增,否,,0.03,0.02,0.02,,44.4444,37.5,-39.1892
733800,華星光統一5B購03,2026-07-24,1.92,0.13,7.26,17000000,0,,是,,2.03,,,,,,
733958,新應材統一5C購01,2026-07-24,0.35,-0.08,-18.6,10000000,0,綠縮,否,,0.37,0.43,0.53,,-22.1757,-18.2692,-16.4678
733983,富喬統一5C購01,2026-07-24,1.57,-0.15,-8.72,10000000,0,,否,,1.78,2.22,,,-33.4831,,
734209,華星光統一66購01,2026-07-24,2.25,0.25,12.5,63000000,0,綠縮,否,,1.94,2.2,2.5,,-20.9756,-12.8266,-9.2825
734287,鈦昇統一59購01,2026-07-24,3.08,-0.02,-0.65,30000000,0,綠縮,否,,2.98,3.29,3.47,,-17.3045,-10.0983,-6.1459
734994,新應材統一62購01,2026-07-24,0.27,-0.07,-20.59,10000000,0,綠增,否,,0.38,0.45,0.51,,-28.4091,-19.2513,-9.894
735028,新應材元富63購01,2026-07-24,1.02,-0.11,-9.73,213000000,0,,否,,1.11,,,,,,
735029,新應材元富64購01,2026-07-24,2.51,-0.08,-3.09,15000000,0,,否,,2.59,3.04,,,-25.9153,,
735271,波若威統一62購01,2026-07-24,6.05,-0.35,-5.47,31000000,0,紅增,是,,5.52,5.76,6.38,,-8.0333,-8.2231,-9.0851
735304,華景電統一5A購01,2026-07-24,0.58,-0.05,-7.94,60000000,0,,是,,0.67,0.96,1.13,,-46.1661,-24.7068,-9.7095
735512,華星光統一61購03,2026-07-24,1.8,0.09,5.26,230000000,0,綠縮,是,,1.51,1.73,2.18,,-22.1193,-17.9012,-16.9401
735658,彩富統一5B購01,2026-07-24,0.42,-0.01,-2.33,1000000,0,,否,,0.56,0.92,0.93,,-55.8685,-28.6047,
735660,彩富統一63購01,2026-07-24,0.26,-0.01,-3.7,1000000,0,,否,,0.3,0.58,0.66,,-64.9533,-38.836,
735849,均華統一63購01,2026-07-24,0.56,-0.06,-9.68,30000000,0,,是,,0.58,,,,,,
736154,立碁統一61購01,2026-07-24,0.64,0.08,14.29,6000000,0,,否,,0.46,0.45,0.54,,2.6786,-11.6732,-16.0311
736160,金居統一62購01,2026-07-24,8.4,-0.95,-10.16,2000000,0,綠縮,否,,9.07,9.96,11.79,,-16.3284,-16.9725,-9.2885
736161,閎康統一59購01,2026-07-24,0.91,0.12,15.19,10000000,0,,是,,1.56,1.68,,,-14.0177,,
736244,金居統一61購01,2026-07-24,7.15,-0.95,-11.73,2000000,0,,否,,10.68,12.61,,,-26.5475,,
736249,家登統一61購01,2026-07-24,0.56,-0.04,-6.67,10000000,0,,是,,0.58,0.64,0.68,,-17.0029,-11.1888,
736349,安國統一63購01,2026-07-24,0.59,0.07,13.46,16000000,0,綠縮,否,,0.57,0.59,0.75,,-4.9834,-19.699,-2.7814
736351,安國統一66購01,2026-07-24,0.2,0.0,0.0,20000000,0,綠縮,否,,0.21,0.28,0.32,,-42.7778,-27.6215,-6.9465
736354,安國統一67購03,2026-07-24,0.26,0.0,0.0,94000000,0,綠縮,是,,0.25,0.26,0.35,,-4.5113,-22.8487,-3.6061
736427,M31統一61購03,2026-07-24,0.12,-0.01,-7.69,10000000,0,紅增,否,,0.14,0.14,0.19,,-1.4085,-21.2291,-10.4265
736428,立碁統一59購02,2026-07-24,0.24,0.07,41.18,2358000000,0,,是,,0.14,,,,,,
736431,宏捷科統一61購01,2026-07-24,0.63,-0.04,-5.97,183000000,0,,是,,0.62,0.86,,,-43.4307,,
736479,漢磊統一61購01,2026-07-24,0.9,-0.29,-24.37,223000000,0,綠增,是,,1.02,1.24,1.54,,-30.6122,-23.5258,-7.7615
736834,中光電統一59購01,2026-07-24,0.6,-0.1,-14.29,10000000,0,,否,,0.74,0.83,0.65,,-19.8704,11.3485,
736934,金居統一5B購01,2026-07-24,5.45,-0.8,-12.8,16000000,0,綠縮,否,,6.0,6.98,8.82,,-24.6231,-22.1851,-12.2763
736938,晶呈統一5B購01,2026-07-24,3.7,0.27,7.87,2000000,0,,否,,3.73,4.28,,,-22.7197,-24.4122,
737106,IET群益58購01,2026-07-24,6.55,0.45,7.38,5000000,0,,否,,,,,,,,
737159,茂綸統一58購01,2026-07-24,0.33,0.03,10.0,5000000,0,,否,,0.32,0.42,0.58,,-39.6947,-29.8831,-20.8136
737161,富喬統一5A購03,2026-07-24,0.87,-0.06,-6.45,13000000,0,,否,,1.69,,,,,,
737198,智通*國票5B購01,2026-07-24,2.7,-0.45,-14.29,61000000,0,紅轉綠,是,,3.46,3.61,3.22,,-7.983,6.6194,9.5781
737321,立碁統一5C購01,2026-07-24,0.45,0.12,36.36,161000000,0,,否,,0.28,,,,,,
737328,美琪瑪統一58購02,2026-07-24,0.04,-0.05,-55.56,10000000,0,綠縮,否,,0.05,0.13,0.26,,-74.5098,-53.6232,-26.6667
737331,晶呈統一58購01,2026-07-24,4.55,0.17,3.88,5000000,0,,否,,6.43,,,,,,
737334,萬泰科統一58購01,2026-07-24,0.85,-0.04,-4.49,13000000,0,,是,,1.61,,,,,,
737795,鈦昇國票58購01,2026-07-24,9.25,-1.25,-11.9,60000000,0,,是,,10.85,12.25,,,-20.4545,-16.8139,
737930,晶呈統一5C購01,2026-07-24,1.98,0.17,9.39,40000000,0,綠縮,是,,1.67,1.91,2.38,,-22.3978,-24.3468,-18.7639
737933,譜瑞統一5B購01,2026-07-24,0.03,0.0,0.0,10000000,0,綠縮,否,,0.04,0.07,0.11,,-64.0,-46.4567,-28.7582
738020,中光電兆豐58購01,2026-07-24,0.07,0.0,0.0,10000000,0,,否,,,,,,,,
738131,中光電統一5B購01,2026-07-24,0.08,0.06,300.0,23000000,0,,否,,0.08,0.12,,,-46.8354,-27.1084,
738137,亞信統一5B購01,2026-07-24,0.27,-0.03,-10.0,420000000,0,紅縮,是,,0.29,0.31,0.34,,-12.6506,-9.0643,-8.2447
738140,美琪瑪統一64購01,2026-07-24,0.3,-0.01,-3.23,75000000,0,綠縮,否,,0.31,0.36,0.48,,-26.7943,-25.3608,-11.8721
738143,順達統一58購02,2026-07-24,0.03,-0.02,-40.0,10000000,0,綠增,否,,0.05,0.1,0.14,,-70.0,-27.2727,-23.1405
738145,順達統一5C購02,2026-07-24,0.52,-0.01,-1.89,310000000,0,,是,,0.58,0.65,0.71,,-19.9446,-15.1436,-10.0254
738152,精測統一5B購01,2026-07-24,2.09,-0.26,-11.06,5000000,0,,否,,2.65,,,,,,
738184,世禾統一5B購01,2026-07-24,0.21,-0.06,-22.22,20000000,0,,否,,0.3,0.33,0.38,,-16.1111,-5.698,
738188,美琪瑪統一58購03,2026-07-24,0.03,0.0,0.0,30000000,0,綠縮,是,,0.03,0.11,0.19,,-81.3187,-40.9836,-23.4714
738192,聖暉*統一64購01,2026-07-24,0.77,-0.02,-2.53,2000000,0,,否,,0.86,0.91,,,-10.2296,10.8537,
738282,M31統一5C購01,2026-07-24,0.13,0.01,8.33,11000000,0,,否,,0.14,0.19,0.3,,-45.1613,-33.7931,
738286,信紘科統一64購01,2026-07-24,0.27,-0.02,-6.9,5000000,0,,否,,0.32,0.36,0.39,,-19.797,-13.4146,
738288,新應材統一64購01,2026-07-24,0.23,-0.14,-37.84,232000000,0,綠增,是,,0.38,0.41,0.46,,-16.8142,-13.5699,-9.7126
738291,環球晶統一64購01,2026-07-24,3.9,-0.28,-6.7,16000000,0,紅轉綠,否,,4.8,4.82,4.09,,-0.9909,17.104,16.8618
738373,雙鴻元大58購01,2026-07-24,0.68,0.15,28.3,50000000,0,,否,,0.87,1.76,,,-67.1698,,
738439,雙鴻元大58購02,2026-07-24,2.14,0.1,4.9,137000000,0,,是,,2.9,,,,,,
738491,廣運永豐59購01,2026-07-24,0.02,0.0,0.0,110000000,0,,是,,0.03,0.05,,,-56.25,-61.0169,
738651,世禾統一59購01,2026-07-24,0.2,-0.01,-4.76,10000000,0,綠增,否,,0.32,0.36,0.37,,-19.598,-13.7019,-16.8729
738726,宏捷科國票5B購01,2026-07-24,0.37,-0.05,-11.9,11000000,0,綠縮,否,,0.39,0.52,0.88,,-39.441,-40.3691,-25.549
738736,M31統一5C購02,2026-07-24,0.15,0.03,25.0,50000000,0,,否,,0.15,0.2,0.26,,-40.6504,-21.9124,
738742,安勤統一59購01,2026-07-24,0.63,0.01,1.61,191000000,0,紅增,否,,0.55,0.52,0.5,,13.2231,6.3918,7.1966
738746,朋程統一5C購01,2026-07-24,0.18,-0.02,-10.0,13000000,0,綠縮,否,,0.2,0.29,0.37,,-50.0,-25.5696,-15.5505
738748,信紘科統一5C購01,2026-07-24,0.1,-0.04,-28.57,145000000,0,,否,,0.15,0.2,0.23,,-39.2,-17.9592,
738749,前鼎統一59購02,2026-07-24,1.41,0.19,15.57,3000000,0,,否,,2.57,,,,,,
738751,茂訊統一59購02,2026-07-24,0.45,-0.06,-11.76,255000000,0,綠增,是,,0.45,0.54,0.49,,-28.9308,4.817,-5.4702
738753,神準統一59購01,2026-07-24,0.01,0.0,0.0,10000000,0,綠縮,否,,0.01,0.03,0.04,,-61.1111,-28.5714,-34.5455
738757,順達統一5C購03,2026-07-24,0.38,-0.01,-2.56,2000000,0,綠縮,否,,0.4,0.46,0.49,,-22.7799,-7.085,-5.8485
738870,群聯凱基59購02,2026-07-24,42.0,-0.5,-1.18,1000000,0,,否,,41.34,,,,,,
738941,昇達科統一59購04,2026-07-24,5.0,-0.45,-8.26,10000000,0,,否,,5.83,6.99,,,-28.4663,,
738944,順達統一5C購04,2026-07-24,0.19,0.0,0.0,12000000,0,綠增,否,,0.25,0.28,0.3,,-16.9935,-8.7948,-9.4512
739057,智通*元大59購01,2026-07-24,0.03,-0.02,-40.0,368000000,0,綠增,是,,0.09,0.1,0.1,,-28.3333,-11.9658,2.5253
739372,力旺統一5C購01,2026-07-24,0.41,-0.04,-8.89,29000000,0,綠縮,否,,0.39,0.43,0.61,,-17.7215,-26.5306,-15.5401
739385,萬泰科統一64購01,2026-07-24,0.98,-0.04,-3.92,15000000,0,,否,,0.97,1.11,1.2,,-21.9904,-12.883,
739387,精材統一5C購01,2026-07-24,2.25,-0.37,-14.12,1000000,0,紅縮,否,,2.36,2.26,1.85,,9.6654,20.5128,26.3086
739425,泰茂國票5A購01,2026-07-24,0.04,0.0,0.0,1000000,0,綠縮,否,,0.04,0.04,0.06,,5.2632,5.4054,-56.4189
739442,中美晶統一5C購01,2026-07-24,0.89,-0.27,-23.28,25000000,0,紅縮,否,,1.01,1.02,0.84,,-3.0769,16.2316,12.7688
739452,茂達統一59購01,2026-07-24,0.66,-0.01,-1.49,140000000,0,綠縮,否,,0.58,0.69,0.98,,-26.5152,-38.4409,-2.775
739458,環球晶統一59購01,2026-07-24,5.1,-1.1,-17.74,163000000,0,紅轉綠,是,,7.32,7.24,5.61,,2.2346,19.5509,19.6692
739459,環球晶統一59購02,2026-07-24,4.18,-1.07,-20.38,5000000,0,,否,,6.37,6.42,,,-1.6074,24.5972,
739460,環球晶統一64購02,2026-07-24,2.6,-0.4,-13.33,123000000,0,綠增,是,,3.18,3.45,2.98,,-14.4779,6.1595,10.8675
739521,茂迪統一59購01,2026-07-24,0.89,0.32,56.14,1000000,0,,否,,0.73,0.93,,,-34.5811,,
739646,昇佳電統一5C購01,2026-07-24,0.12,-0.02,-14.29,20000000,0,,否,,0.22,,,,,,
739647,昇佳電統一5C購02,2026-07-24,0.1,-0.1,-50.0,10000000,0,,否,,0.23,0.26,0.24,,-22.8188,3.125,
739651,德微統一5C購02,2026-07-24,0.7,-0.17,-19.54,40000000,0,,否,,1.74,1.73,,,1.1614,,
739856,系微元大59購01,2026-07-24,0.15,-0.01,-6.25,2000000,0,,否,,0.14,0.25,0.39,,-59.7765,-46.3675,
7402,邑錡,2026-07-24,109.5,-0.5,-0.45,1814189000,0,綠增,否,是,113.7,122.9,120.23,109.01,-13.9288,-6.2548,3.8794
7547,碩網,2026-07-24,53.3,1.0,1.91,20010000,0,綠縮,否,否,53.12,54.39,56.09,63.42,-4.5634,-4.1079,-2.3586
7556,意德士,2026-07-24,217.0,-3.5,-1.59,24591000,0,綠縮,否,否,219.2,232.8,257.62,273.48,-11.039,-12.3494,-5.093
7584,樂意,2026-07-24,27.0,0.05,0.19,1000000,0,綠縮,否,否,26.76,27.67,28.52,28.91,-6.3353,-6.379,1.1887
7642,昶瑞機電,2026-07-24,81.0,0.2,0.25,24108000,0,紅縮,否,是,81.06,80.08,76.34,71.88,2.4779,3.0631,2.8148
7703,銳澤,2026-07-24,183.0,-4.5,-2.4,81334000,0,綠增,否,否,185.5,190.05,196.2,204.74,-4.6763,-3.4053,-2.1568
7704,明遠精密,2026-07-24,53.6,0.5,0.94,27057000,0,綠縮,否,否,53.34,55.29,59.0,61.29,-6.8134,-7.8654,-2.6322
7708,全家餐飲,2026-07-24,93.9,-0.6,-0.63,11550000,0,紅轉綠,否,是,94.32,94.06,93.94,92.81,0.5544,-0.0319,0.1386
7709,榮田,2026-07-24,71.2,-1.9,-2.6,90265000,0,綠縮,否,否,72.32,72.31,80.34,89.13,0.0277,-7.8501,-11.6991
7712,博盛半導體,2026-07-24,142.5,-3.5,-2.4,341049000,0,綠縮,否,否,142.8,156.5,178.35,156.07,-16.0987,-15.815,-1.1364
7713,威力德生醫,2026-07-24,70.6,0.1,0.14,12200000,0,綠縮,否,是,70.62,70.63,70.83,69.4,-0.0283,0.0283,-0.0141
7714,創泓科技,2026-07-24,174.0,-3.0,-1.69,200894000,0,紅縮,否,是,183.8,183.95,161.72,139.28,-0.163,10.7465,9.4771
7715,裕山,2026-07-24,31.25,-0.95,-2.95,59276000,0,綠增,否,是,32.57,33.91,34.47,30.52,-7.629,-3.5684,2.4367
7716,昱臺國際,2026-07-24,24.95,0.25,1.01,1000000,0,綠縮,否,否,24.66,25.0,25.16,25.22,-2.6835,-0.774,-0.6909
7717,萊德光電-KY,2026-07-24,436.5,-24.5,-5.31,269999000,0,紅縮,否,否,437.9,450.75,453.25,598.07,-5.5436,0.3674,-6.9158
7718,友鋮,2026-07-24,46.75,0.05,0.11,12209000,0,紅縮,否,否,47.08,46.96,47.04,47.94,0.5124,0.0853,-0.1168
7723,築間,2026-07-24,20.25,0.0,0.0,29376000,0,綠縮,否,否,20.43,21.03,21.95,24.84,-5.5479,-5.2489,-3.2834
7728,光焱科技,2026-07-24,631.0,4.0,0.64,25428000,0,綠縮,否,否,631.4,642.7,658.2,709.73,-3.4557,-2.0424,-2.8702
7734,印能科技,2026-07-24,3460.0,170.0,5.17,492142000,0,紅增,否,是,3166.0,3012.5,3076.25,3331.58,10.738,2.5009,0.7698
7738,東聯互動,2026-07-24,167.0,-3.0,-1.76,20177000,0,紅縮,否,否,167.9,167.95,168.53,171.82,-0.0595,-0.5036,-0.34
7744,崴寶,2026-07-24,410.5,-12.5,-2.96,44069000,0,綠增,否,否,422.3,437.4,446.23,493.06,-6.674,-3.9209,-3.6959
7747,昕奇雲端,2026-07-24,116.0,1.0,0.87,5000000,0,綠縮,是,否,114.9,117.35,122.9,127.11,-4.0902,-6.27,-2.499
7751,竑騰,2026-07-24,1145.0,-40.0,-3.38,100549000,0,綠增,否,否,1174.0,1206.0,1310.25,1673.83,-5.1696,-9.2551,-4.0813
7753,星亞,2026-07-24,41.3,0.5,1.23,17078000,0,綠縮,否,否,40.4,41.04,41.9,42.5,-3.0478,-2.8527,-0.969
7757,金色三麥,2026-07-24,91.0,0.3,0.33,7763000,0,綠轉紅,否,否,90.84,92.05,93.9,101.41,-2.5949,-2.0953,-2.8604
7767,仁大資訊,2026-07-24,45.85,0.4,0.88,22631000,0,紅縮,否,是,45.95,44.64,42.78,43.32,6.0466,7.2304,2.0273
7770,君曜,2026-07-24,40.9,0.45,1.11,2214000,0,綠縮,否,否,40.61,41.45,41.95,44.14,-3.9499,-2.0213,-0.7336
7772,耀穎,2026-07-24,93.5,-5.7,-5.75,54663000,0,綠縮,否,否,97.14,104.13,118.52,161.14,-12.581,-13.2322,-8.8381
7777,能率亞洲,2026-07-24,39.5,-0.5,-1.25,1382594000,0,綠縮,否,是,39.58,39.88,40.8,36.25,-1.4933,-2.4939,-0.754
7792,安葆,2026-07-24,209.0,-7.0,-3.24,95441000,0,綠縮,否,否,211.0,220.3,240.4,279.52,-8.101,-8.665,-4.7638
7794,宏碁智新,2026-07-24,29.3,0.0,0.0,10373000,0,紅增,否,否,29.4,29.6,30.05,31.26,-1.3092,-1.3993,-1.8857
7805,威聯通,2026-07-24,608.0,-9.0,-1.46,27026000,0,綠縮,否,否,613.8,620.4,642.95,699.63,-2.1053,-3.7841,-2.907
7810,捷創科技,2026-07-24,196.5,-0.5,-0.25,36793000,0,紅縮,否,否,197.0,199.1,200.85,216.89,-2.0875,-1.897,-0.9371
7811,民盛,2026-07-24,72.4,-0.1,-0.14,5000000,0,綠縮,否,否,71.84,73.53,76.07,79.36,-4.4935,-4.2703,-2.5493
7814,海昌生技,2026-07-24,30.9,-1.55,-4.78,124537000,0,綠增,否,否,33.64,34.92,36.02,39.37,-7.0718,-4.6032,-3.7346
7819,精誠金融,2026-07-24,35.5,-0.4,-1.11,51322000,0,紅縮,否,否,36.36,37.34,38.55,52.34,-5.0901,-3.1894,-5.665
7820,立盈,2026-07-24,106.0,-2.0,-1.85,20660000,0,紅轉綠,否,否,108.8,112.5,114.05,131.04,-6.3683,-3.5577,-2.145
7828,創新服務,2026-07-24,1730.0,-160.0,-8.47,278631000,0,綠增,否,是,1836.0,1920.5,2001.75,1608.17,-8.4289,-5.5801,-1.6701
7839,達人網,2026-07-24,45.6,-0.35,-0.76,10000000,0,紅增,否,否,45.13,44.73,44.9,55.24,1.8046,0.3477,-4.1064
7842,天能綠電,2026-07-24,89.5,-2.1,-2.29,9691000,0,紅縮,否,否,91.78,93.55,95.59,114.42,-3.7138,-2.613,-2.8754
8024,佑華,2026-07-24,15.4,-0.3,-1.91,152059000,0,綠增,否,是,15.63,16.01,15.73,13.55,-4.637,0.1251,5.7835
8027,鈦昇,2026-07-24,197.0,-11.5,-5.52,479963000,0,綠增,否,否,202.0,216.6,221.82,226.07,-12.6298,-6.01,-4.0446
8032,光菱,2026-07-24,36.55,0.05,0.14,32955000,0,綠縮,否,否,36.74,38.12,41.08,41.93,-6.9873,-7.6215,-4.8518
8034,榮群,2026-07-24,19.8,0.0,0.0,86847000,0,綠縮,否,否,19.71,20.04,21.19,23.14,-3.1925,-5.1822,-4.1605
8038,長園科,2026-07-24,36.5,-0.3,-0.82,122480000,0,綠縮,否,否,37.0,38.46,39.42,41.25,-7.3378,-4.7542,-2.5161
8040,九暘,2026-07-24,73.0,-2.7,-3.57,462199000,0,綠縮,否,否,75.14,81.0,93.16,91.63,-13.493,-14.1858,-5.1133
8042,金山電,2026-07-24,114.0,-9.5,-7.69,2967785000,0,綠縮,否,否,121.0,137.8,162.53,131.42,-21.7335,-20.2315,-8.3463
8043,蜜望實,2026-07-24,139.0,-7.0,-4.79,3012900000,0,綠縮,否,否,142.2,151.2,173.32,142.77,-11.236,-15.08,-7.9283
8044,網家,2026-07-24,26.3,-0.15,-0.57,201017000,0,綠縮,否,否,26.65,26.8,27.79,26.96,-1.1499,-2.0464,-2.1827
8047,星雲,2026-07-24,43.25,-0.15,-0.35,12100000,0,綠縮,否,否,42.73,43.08,45.48,48.79,-1.6118,-4.7851,-4.2579
8048,德勝,2026-07-24,51.5,-0.9,-1.72,179039000,0,綠增,否,否,54.52,57.05,59.96,62.13,-8.4928,-6.1369,-4.3853
8049,晶采,2026-07-24,26.0,0.1,0.39,190856000,0,綠縮,是,否,25.98,26.16,26.78,26.4,-1.4042,-2.1869,-1.1352
8050,廣積,2026-07-24,59.6,,,5596526000,0,紅縮,是,是,59.98,59.62,56.94,52.78,1.215,4.6699,1.4522
8054,安國,2026-07-24,94.7,1.7,1.83,1290708000,0,綠縮,否,否,93.6,94.68,105.74,105.64,-2.2556,-9.0315,-1.4585
8059,凱碩,2026-07-24,15.55,-0.25,-1.58,109858000,0,紅縮,否,否,15.72,15.98,16.27,18.59,-3.2615,-2.1127,-3.0817
8064,東捷,2026-07-24,103.5,-7.5,-6.76,2398490000,0,綠增,否,否,110.0,118.8,131.5,127.04,-13.7931,-11.804,-5.4297
8066,來思達,2026-07-24,14.95,-0.1,-0.66,10210000,0,紅縮,否,否,14.99,14.93,15.04,16.08,0.8748,-0.3339,-0.5621
8067,志旭,2026-07-24,12.65,-0.35,-2.69,21001000,0,紅轉綠,否,否,13.35,13.21,13.31,13.19,2.2205,-0.1135,1.5449
8068,全達,2026-07-24,18.15,-0.45,-2.42,296263000,0,紅縮,否,否,18.69,18.71,18.84,20.47,-0.2668,-0.6371,-0.2383
8069,元太,2026-07-24,191.0,-1.0,-0.52,6532981000,0,綠縮,否,否,189.2,190.9,197.1,193.79,-1.7653,-4.1185,-0.8551
8071,能率網通,2026-07-24,23.1,-0.7,-2.94,933941000,0,綠縮,否,是,24.07,26.14,28.27,22.68,-14.6756,-13.257,-2.7264
8074,鉅橡,2026-07-24,54.7,-2.5,-4.37,562724000,0,綠縮,否,否,56.14,58.62,63.99,72.64,-8.1178,-9.1022,-6.1524
8076,伍豐,2026-07-24,23.5,-0.45,-1.88,444385000,0,綠縮,否,否,23.63,24.14,24.64,24.47,-4.1768,-3.3427,-2.6474
8077,洛碁,2026-07-24,44.15,0.0,0.0,1000000,0,綠縮,否,否,45.21,46.24,48.86,45.27,-4.3782,-5.6898,-1.7643
8080,泰霖,2026-07-24,28.0,-0.95,-3.28,8098000,0,紅縮,否,否,27.87,27.59,27.76,28.06,2.0132,0.1997,-0.2784
8083,瑞穎,2026-07-24,156.0,-0.5,-0.32,39262000,0,綠縮,否,否,156.8,156.9,163.18,169.26,-0.1274,-3.2079,-2.2904
8084,巨虹,2026-07-24,43.0,-0.1,-0.23,259500000,0,綠增,否,否,44.33,45.23,47.35,45.94,-3.9228,-5.0881,-0.988
8085,福華,2026-07-24,11.35,0.0,0.0,200971000,0,綠縮,否,否,11.29,11.45,11.73,12.29,-2.6724,-2.9674,-3.0372
8086,宏捷科,2026-07-24,118.5,-4.5,-3.66,2401030000,0,綠縮,否,否,119.7,125.25,136.47,148.07,-8.4862,-8.7432,-6.0736
8087,麗升能源,2026-07-24,28.5,0.4,1.42,15564000,0,綠縮,否,否,27.9,28.76,30.64,32.89,-5.8387,-6.8943,-4.7112
8088,品安,2026-07-24,46.5,-0.7,-1.48,462334000,0,綠縮,否,否,46.86,49.67,56.35,56.67,-10.7259,-12.0563,-6.4029
8089,康全電訊,2026-07-24,18.95,-0.3,-1.56,102313000,0,綠縮,否,否,18.84,19.23,19.75,20.42,-4.0245,-3.801,-2.722
8091,翔名,2026-07-24,243.5,-4.0,-1.62,585523000,0,綠增,否,是,246.8,263.4,267.75,239.98,-11.8571,-5.4559,-0.0746
8092,建暐,2026-07-24,13.8,0.0,0.0,21008000,0,紅增,否,否,13.78,13.78,13.84,15.8,0.0,0.0,-1.6169
8093,保銳,2026-07-24,19.95,-0.8,-3.86,17107000,0,紅縮,否,是,20.18,20.16,19.87,19.22,0.1986,0.5486,2.0288
8096,擎亞,2026-07-24,140.5,0.0,0.0,541323000,0,綠縮,否,是,137.9,145.7,149.62,123.83,-10.1629,-5.9697,-0.0668
8097,常珵,2026-07-24,52.1,-0.2,-0.38,58615000,0,綠縮,否,否,52.26,53.96,56.42,55.67,-6.1085,-5.3499,-2.7828
8099,大世科,2026-07-24,57.9,-0.7,-1.19,41529000,0,紅增,否,否,57.84,58.05,58.32,60.94,-0.7209,-0.4971,-1.0099
8102,傑霖科技,2026-07-24,73.6,-2.0,-2.65,15439000,0,紅縮,否,是,74.06,72.96,70.97,69.88,3.0615,4.5422,1.0681
8107,大億金茂,2026-07-24,12.15,0.25,2.1,30414000,0,綠縮,否,否,11.92,12.09,12.25,12.25,-2.6939,-3.0096,-0.3861
8109,博大,2026-07-24,129.5,2.0,1.57,193116000,0,綠增,否,是,129.1,135.65,132.85,124.31,-9.2124,-3.3488,2.0353
8111,立碁,2026-07-24,60.6,3.8,6.69,20719197000,0,紅增,是,否,52.07,50.8,51.9,60.64,5.107,-0.0492,-1.5786
8121,越峰,2026-07-24,31.25,-2.45,-7.27,972573000,0,綠縮,否,否,33.51,37.21,42.83,38.49,-18.1085,-16.1258,-7.4642
8147,正淩,2026-07-24,124.5,-5.0,-3.86,142766000,0,綠增,否,否,128.8,135.75,141.35,157.84,-9.7407,-7.4642,-2.7854
8155,博智,2026-07-24,308.0,-16.5,-5.08,590351000,0,綠縮,否,否,304.7,319.1,348.6,383.89,-8.6357,-9.5009,-5.0072
8171,天宇,2026-07-24,20.5,-0.1,-0.49,60499000,0,紅縮,否,否,20.71,20.55,20.87,22.44,1.5694,-1.2019,-1.2658
8176,智捷,2026-07-24,9.99,-0.11,-1.09,86665000,0,綠縮,否,否,10.0,10.09,10.19,10.24,-1.7485,-2.5777,-0.362
8182,加高,2026-07-24,39.4,-0.95,-2.35,1809454000,0,綠縮,否,否,40.13,43.88,47.57,44.12,-15.7287,-12.8946,-6.6022
8183,精星,2026-07-24,30.5,-0.2,-0.65,356259000,0,綠縮,否,否,30.61,31.68,32.61,32.69,-6.5058,-5.5324,-1.1067
8227,巨有科技,2026-07-24,146.5,-3.5,-2.33,289597000,0,綠縮,否,否,148.9,160.6,178.85,188.49,-13.581,-14.5972,-4.0376
8234,新漢,2026-07-24,64.3,-0.4,-0.62,954759000,0,綠縮,否,否,62.58,65.53,66.9,67.73,-8.6157,-5.59,-0.5574
8240,華宏,2026-07-24,41.25,-1.05,-2.48,231932000,0,綠縮,否,否,42.23,44.47,48.96,59.23,-9.5911,-9.8063,-6.498
8255,朋程,2026-07-24,144.0,-5.5,-3.68,551207000,0,綠縮,否,否,147.9,158.85,174.32,163.01,-12.8975,-11.4548,-3.4344
8272,全景軟體,2026-07-24,67.8,1.6,2.42,5000000,0,綠縮,否,否,66.08,66.9,68.04,70.34,-2.4217,-1.4437,-1.726
8277,商丞,2026-07-24,8.15,0.09,1.12,214950000,0,綠縮,否,否,8.08,8.23,9.04,8.44,-3.5348,-6.8614,-5.5535
8279,生展,2026-07-24,88.0,-0.3,-0.34,3055000,0,紅增,否,否,88.18,87.94,89.12,95.15,0.5473,-0.1589,-2.3825
8284,三竹,2026-07-24,62.0,0.2,0.32,25162000,0,綠縮,否,否,62.44,62.16,63.97,63.68,0.905,-2.4176,-0.459
8289,泰藝,2026-07-24,43.55,-0.55,-1.25,753522000,0,綠縮,否,否,44.44,49.56,55.27,57.9,-18.7271,-14.537,-9.9177
8291,尚茂,2026-07-24,39.95,-3.95,-9.0,354870000,0,紅增,是,否,38.64,33.87,38.32,49.93,32.8292,-0.3531,-2.2448
8299,群聯,2026-07-24,1825.0,-95.0,-4.95,5070538000,0,綠縮,否,否,1850.0,1955.0,2150.75,2271.25,-10.1942,-9.6163,-5.0442
8349,恒耀,2026-07-24,40.15,-0.3,-0.74,46016000,0,紅增,否,否,39.82,39.7,39.85,41.76,0.6064,-0.0881,-1.0922
8354,冠好,2026-07-24,15.75,-0.05,-0.32,37319000,0,綠增,否,否,15.86,16.3,16.45,16.53,-5.2002,-3.1788,-0.9036
8358,金居,2026-07-24,367.0,-39.5,-9.72,8422380000,0,綠縮,否,否,390.3,432.85,513.27,501.16,-17.9007,-17.0785,-9.3474
8383,千附,2026-07-24,90.4,2.4,2.73,2833595000,0,紅縮,否,是,85.36,82.29,72.25,64.56,7.7506,15.3976,9.76
8390,金益鼎,2026-07-24,94.0,-0.8,-0.84,216956000,0,綠縮,否,否,94.6,97.47,102.56,106.07,-5.7206,-5.2954,-4.3373
8401,白紗科,2026-07-24,22.8,-0.3,-1.3,25403000,0,紅縮,否,否,22.95,22.93,22.92,23.36,0.2183,-0.1089,0.0218
8403,盛弘,2026-07-24,19.3,-0.15,-0.77,87883000,0,紅縮,否,否,19.28,19.31,19.27,20.0,-0.3102,0.1037,-0.2459
8409,商之器,2026-07-24,18.75,-0.2,-1.06,4016000,0,綠增,否,否,18.92,18.98,19.05,19.31,-0.578,-0.6545,-0.2095
8410,森田,2026-07-24,31.5,-0.15,-0.47,55000000,0,綠增,是,否,31.65,32.05,32.49,34.46,-2.4353,-2.1676,-1.4333
8415,大國鋼,2026-07-24,37.9,0.15,0.4,685739000,0,紅增,否,是,37.17,36.33,35.63,35.04,4.7632,3.3575,1.3078
8416,實威,2026-07-24,168.0,0.0,0.0,3242000,0,綠縮,否,否,168.6,169.2,169.93,173.77,-0.7067,-0.3827,-1.5213
8421,旭源,2026-07-24,15.3,0.15,0.99,268020000,0,紅縮,否,是,15.02,15.27,14.23,13.7,-3.2216,5.8946,3.548
8423,保綠-KY,2026-07-24,17.8,0.0,0.0,17516000,0,紅縮,否,否,17.82,17.76,17.73,17.82,0.7349,0.4242,0.0282
8424,惠普,2026-07-24,68.5,0.0,0.0,4100000,0,紅縮,否,否,68.62,68.69,68.84,71.62,-0.2036,-0.2179,-0.2319
8426,紅木-KY,2026-07-24,20.55,0.2,0.98,45031000,0,紅增,否,否,20.32,20.09,20.24,21.67,2.3678,-0.1988,-0.4917
8431,匯鑽科,2026-07-24,49.0,-0.75,-1.51,414211000,0,紅增,否,否,48.6,48.3,50.75,56.06,1.25,-3.8615,-1.466
8432,東生華,2026-07-24,51.0,0.7,1.39,24033000,0,綠轉紅,否,是,50.34,50.35,50.58,50.76,-0.0397,-0.7099,-0.4429
8433,弘帆,2026-07-24,53.9,-0.2,-0.37,6116000,0,紅縮,否,是,54.06,53.92,53.27,53.52,0.5206,1.3343,0.273
8435,鉅邁,2026-07-24,52.8,-0.1,-0.19,12372000,0,紅增,否,否,52.74,52.83,52.85,54.81,-0.3401,-0.0189,-1.067
8436,大江,2026-07-24,117.0,1.0,0.86,539095000,0,紅增,否,否,115.4,114.7,115.0,118.17,1.2281,0.7466,-0.7551
8437,大地-KY,2026-07-24,9.88,0.0,0.0,32037000,0,紅縮,否,否,9.91,9.92,10.02,11.07,-0.2415,-0.7997,-1.3006
8440,綠電,2026-07-24,19.85,-0.25,-1.24,169004000,0,綠縮,是,否,20.07,20.5,21.03,21.87,-4.0631,-3.4393,-2.6048
8444,綠河-KY,2026-07-24,5.07,-0.33,-6.11,7000000,0,紅縮,是,否,5.49,5.45,5.47,5.81,1.6278,-5.7093,3.4245
8446,華研,2026-07-24,86.9,0.2,0.23,23960000,0,綠縮,否,是,86.4,86.59,87.21,86.12,-0.4379,-1.0174,-0.5247
8450,霹靂,2026-07-24,15.05,0.05,0.33,12648000,0,綠轉紅,否,否,15.04,15.12,15.22,15.78,-1.1177,-0.5588,-1.4089
8455,大拓-KY,2026-07-24,27.3,1.4,5.41,13041000,0,紅增,否,否,25.98,25.86,26.89,30.05,0.9716,-2.9285,-4.5616
8472,夠麻吉,2026-07-24,68.9,-2.5,-3.5,6683000,0,綠增,否,否,71.74,76.16,79.35,77.18,-10.9705,-6.126,-4.7533
8489,三貝德,2026-07-24,22.95,-0.1,-0.43,43101000,0,紅縮,否,否,22.95,22.7,22.3,23.87,2.2272,2.5757,0.6774
8906,花王,2026-07-24,26.3,0.25,0.96,10000000,0,綠縮,否,是,26.07,26.74,27.94,26.29,-4.8887,-5.7953,-1.8187
8908,欣雄,2026-07-24,39.15,-0.2,-0.51,14511000,0,綠縮,否,否,39.1,39.09,40.18,40.39,0.0768,-1.8704,-1.7485
8916,光隆,2026-07-24,41.95,0.2,0.48,669865000,0,綠縮,是,否,42.03,42.69,43.1,45.21,-3.045,-1.986,-1.6096
8917,欣泰,2026-07-24,53.0,0.0,0.0,12174000,0,綠縮,否,是,52.84,52.91,52.9,52.65,-0.2643,-0.4328,0.4271
8921,沈氏,2026-07-24,17.65,-0.05,-0.28,6000000,0,綠縮,是,否,17.55,17.64,17.85,18.11,-1.0152,-1.3699,-0.8748
8924,大田,2026-07-24,57.0,-1.0,-1.72,101887000,0,紅增,否,否,56.56,56.55,56.88,61.06,0.0354,-1.6351,0.2732
8927,北基,2026-07-24,20.1,0.1,0.5,192288000,0,綠縮,否,否,20.09,20.67,20.94,20.58,-5.4588,-3.6588,-0.4636
8928,鉅明,2026-07-24,22.95,0.0,0.0,13000000,0,紅縮,否,是,23.02,23.05,22.17,21.66,-0.26,2.9707,2.3307
8929,富堡,2026-07-24,13.7,0.1,0.74,5807000,0,綠增,否,否,13.75,14.09,13.96,14.35,-4.7784,-0.5994,-0.7291
8930,青鋼,2026-07-24,31.05,-0.25,-0.8,21031000,0,紅縮,否,是,31.21,31.19,29.5,29.03,0.1283,5.0699,3.0838
8931,大汽電,2026-07-24,42.1,-0.2,-0.47,70471000,0,綠縮,否,否,41.78,42.17,42.14,42.12,-1.8327,-0.6245,-0.284
8932,智通*,2026-07-24,111.0,-4.5,-3.9,2832830000,0,綠增,否,是,115.9,117.6,113.1,102.79,-2.85,2.1277,3.2547
8933,愛地雅,2026-07-24,4.63,0.08,1.76,173015000,0,紅增,否,否,4.58,4.53,4.56,5.01,2.2768,0.0663,-0.4585
8935,邦泰,2026-07-24,18.65,-0.1,-0.53,153705000,0,綠縮,否,否,18.82,20.08,20.96,20.43,-11.8088,-9.1608,-3.5213
8936,國統,2026-07-24,52.5,0.1,0.19,776933000,0,綠縮,否,否,52.4,53.45,56.39,53.64,-3.8532,-6.0633,-1.5797
8937,合騏*,2026-07-24,24.8,-0.1,-0.4,128863000,0,綠縮,是,否,24.85,25.04,26.64,29.79,-1.5061,-5.2592,-1.0311
8938,明安,2026-07-24,56.8,-0.8,-1.39,144380000,0,紅縮,否,是,56.46,55.51,54.65,55.16,3.4824,2.1155,1.5895
8941,關中,2026-07-24,43.5,0.0,0.0,4129000,0,紅縮,否,否,43.4,43.34,43.24,43.8,0.2541,0.1271,0.2086
8942,森鉅,2026-07-24,37.55,-0.15,-0.4,103166000,0,綠增,否,否,38.31,39.08,40.2,41.43,-3.8404,-3.3754,-1.8376
9949,琉園,2026-07-24,23.7,0.0,0.0,63095000,0,綠縮,否,否,23.75,25.22,26.0,25.42,-11.0154,-6.8685,-0.1632
9950,萬國通,2026-07-24,10.45,0.05,0.48,37277000,0,紅增,否,否,10.37,10.42,10.45,10.76,-0.9551,-0.4776,-1.0414
9951,皇田,2026-07-24,53.2,0.4,0.76,49209000,0,綠縮,否,否,52.8,52.97,53.23,53.28,-0.6398,-0.7681,-0.1688
9960,邁達康,2026-07-24,32.0,-1.05,-3.18,3892000,0,綠增,否,否,32.76,33.02,32.98,32.19,-1.5921,-1.019,0.6179
9962,有益,2026-07-24,9.89,0.08,0.82,70017000,0,紅增,否,是,9.82,9.83,9.77,9.73,-0.183,0.5524,-0.0307
