股票代號,股票名稱,日期,收盤價,漲跌(元),漲跌幅(%),成交量（股）,成交金額（元）,MACD狀態,出量,站上60日均,5日均價,10日均價,20日均價,60日均價,5日均斜率(%),10日均斜率(%),20日均斜率(%)
006201,元大富櫃50,2026-07-22,43.55,1.86,4.46,145108000,0,綠縮,否,否,42.46,44.47,46.24,46.21,-8.6206,-4.8509,-2.1759
00679B,元大美債20年,2026-07-22,26.82,-0.01,-0.04,10668168000,0,綠增,否,是,26.87,26.88,26.99,26.73,-0.1115,-0.7385,0.2488
00687B,國泰20年美債,2026-07-22,27.89,-0.02,-0.07,20865829000,0,綠縮,否,是,27.94,27.96,28.08,27.87,-0.1929,-0.763,0.0
00687C,國泰20年美債+櫃U,2026-07-22,9.17,-0.03,-0.33,29000000,0,綠縮,否,否,9.21,9.25,9.36,9.32,-0.9038,-1.4592,-0.2931
00694B,富邦美債1-3,2026-07-22,42.45,0.03,0.07,132229000,0,紅縮,否,是,42.43,42.38,42.13,41.71,0.2079,0.4598,0.4758
00695B,富邦美債7-10,2026-07-22,35.5,-0.04,-0.11,154679000,0,綠增,否,是,35.57,35.59,35.5,35.19,-0.1404,-0.0534,0.3845
00696B,富邦美債20年,2026-07-22,28.91,-0.03,-0.1,995166000,0,綠增,否,否,29.03,29.17,29.36,29.0,-0.9283,-1.1758,0.0256
00697B,元大美債7-10,2026-07-22,36.03,0.01,0.03,419125000,0,紅縮,否,是,36.01,35.93,35.82,35.65,0.4631,0.2455,0.3207
00719B,元大美債1-3,2026-07-22,31.48,0.05,0.16,2861769000,0,紅縮,否,是,31.58,31.51,31.31,31.03,0.4198,0.5713,0.5169
00720B,元大投資級公司債,2026-07-22,32.68,-0.02,-0.06,10519718000,0,綠增,否,否,33.03,33.23,33.43,33.09,-1.1905,-1.1041,-0.1389
00722B,群益投資級電信債,2026-07-22,35.21,-0.09,-0.25,1209589000,0,綠增,否,否,35.42,35.75,36.1,35.94,-1.8239,-1.5858,-0.4618
00723B,群益投資級科技債,2026-07-22,29.97,-0.14,-0.46,219760000,0,綠增,是,否,30.24,30.59,30.91,30.77,-2.2435,-1.7601,-0.5502
00724B,群益投資級金融債,2026-07-22,33.65,-0.01,-0.03,3811500000,0,綠縮,否,否,33.73,33.97,34.13,33.77,-1.4378,-1.0629,-0.0351
00725B,國泰投資級公司債,2026-07-22,34.79,0.0,0.0,6177311000,0,綠增,否,否,34.94,35.24,35.47,35.13,-1.6825,-1.2746,-0.2419
00726B,國泰新興投等債,2026-07-22,33.44,-0.02,-0.06,199193000,0,綠增,否,是,33.43,33.41,33.31,32.98,0.0898,0.1049,0.4705
00727B,國泰優選非投等債,2026-07-22,39.77,0.02,0.05,105517000,0,綠增,否,是,39.86,40.05,39.93,39.5,-0.9641,-0.1073,0.192
00734B,台新JPM新興債,2026-07-22,15.89,-0.02,-0.13,100179000,0,綠增,否,是,15.92,15.99,15.98,15.81,-0.8346,-0.4297,0.2509
00740B,富邦全球投等債,2026-07-22,38.34,-0.08,-0.21,2500305000,0,綠增,否,否,38.5,38.69,38.86,38.66,-0.9773,-0.8863,-0.1708
00741B,富邦全球非投等債,2026-07-22,38.01,0.11,0.29,233083000,0,紅增,否,是,37.87,37.79,37.55,37.34,0.4083,0.5829,0.428
00746B,富邦A級公司債,2026-07-22,35.35,-0.06,-0.17,667100000,0,綠增,否,否,35.48,35.69,35.85,35.55,-1.181,-0.9931,-0.0572
00749B,凱基新興債10+,2026-07-22,31.63,-0.13,-0.41,110000000,0,綠增,否,否,31.78,31.98,32.08,31.74,-1.1999,-0.8219,0.0593
00750B,凱基科技債10+,2026-07-22,32.5,-0.24,-0.73,100000000,0,綠增,否,否,32.77,33.05,33.31,33.09,-1.7098,-1.3961,-0.3232
00751B,元大AAA至A公司債,2026-07-22,31.26,-0.07,-0.22,4822594000,0,綠縮,否,否,31.35,31.46,31.7,31.67,-0.7157,-0.9944,-0.4271
00754B,群益AAA-AA公司債,2026-07-22,32.92,-0.14,-0.42,181000000,0,綠增,是,否,33.06,33.21,33.5,33.49,-0.8873,-1.2312,-0.2828
00755B,群益投資級公用債,2026-07-22,32.9,-0.11,-0.33,171114000,0,綠增,否,是,33.01,33.06,33.15,32.87,-0.3261,-0.6431,0.2237
00756B,群益投等新興公債,2026-07-22,31.7,-0.1,-0.31,325368000,0,綠增,否,是,31.79,31.87,31.93,31.6,-0.5071,-0.4623,0.2701
00758B,復華能源債,2026-07-22,51.75,-0.05,-0.1,101000000,0,綠增,否,是,51.9,51.92,52.05,51.68,-0.077,-0.4983,0.1395
00759B,復華製藥債,2026-07-22,54.7,-0.15,-0.27,100000000,0,綠增,否,是,54.91,55.04,55.23,54.7,-0.4532,-0.7216,0.1541
00760B,復華新興企業債,2026-07-22,54.25,0.0,0.0,102741000,0,綠增,否,是,54.31,54.39,54.36,53.93,-0.2754,-0.1744,0.3554
00761B,國泰A級公司債,2026-07-22,34.42,-0.08,-0.23,196747000,0,綠增,否,否,34.49,34.58,34.73,34.55,-0.4962,-0.7833,0.0187
00764B,群益25年美債,2026-07-22,27.83,-0.02,-0.07,973830000,0,綠增,否,是,27.88,27.89,28.0,27.83,-0.0932,-0.6977,-0.0107
00768B,復華20年美債,2026-07-22,50.35,0.0,0.0,268274000,0,綠縮,否,是,50.37,50.42,50.64,50.26,-0.1981,-0.8066,0.2534
00772B,中信高評級公司債,2026-07-22,33.49,-0.03,-0.09,1717137000,0,綠增,否,否,33.57,33.7,33.85,33.69,-0.7628,-0.8621,-0.1225
00773B,中信優先金融債,2026-07-22,35.89,-0.06,-0.17,794741000,0,綠增,否,是,35.93,36.05,36.16,35.89,-0.68,-0.6968,0.0277
00777B,凱基AAA至A公司債,2026-07-22,32.23,-0.18,-0.56,103128000,0,綠增,否,否,32.39,32.57,32.78,32.63,-1.0689,-1.1233,-0.2404
00778B,凱基金融債20+,2026-07-22,34.3,-0.12,-0.35,100000000,0,綠縮,否,否,34.36,34.54,34.76,34.5,-1.0769,-1.1419,-0.1637
00779B,凱基美債25+,2026-07-22,28.12,-0.05,-0.18,341000000,0,綠增,否,否,28.21,28.23,28.34,28.19,-0.1558,-0.7594,-0.0529
00780B,國泰A級金融債,2026-07-22,37.71,-0.02,-0.05,234484000,0,紅縮,否,是,37.7,37.66,37.57,37.33,0.186,0.0212,0.4532
00781B,國泰A級科技債,2026-07-22,28.01,-0.05,-0.18,141254000,0,綠縮,否,否,28.05,28.18,28.35,28.54,-0.8623,-0.9875,-0.6745
00782B,國泰A級公用債,2026-07-22,30.31,-0.01,-0.03,130102000,0,綠增,否,否,30.43,30.68,30.83,30.49,-1.5974,-1.2267,-0.0762
00785B,富邦金融投等債,2026-07-22,34.86,-0.06,-0.17,159120000,0,綠增,是,否,35.0,35.23,35.36,35.0,-1.3029,-0.9726,-0.0085
00786B,元大10年IG銀行債,2026-07-22,32.94,-0.04,-0.12,10294000,0,綠縮,否,是,32.93,33.02,33.08,32.78,-0.5015,-0.5572,0.1984
00787B,元大10年IG醫療債,2026-07-22,32.48,-0.12,-0.37,17445000,0,綠增,否,否,32.63,32.71,32.83,32.64,-0.4758,-0.6318,-0.1232
00788B,元大10年IG電能債,2026-07-22,29.97,-0.02,-0.07,31000000,0,綠增,否,否,30.22,30.35,30.43,30.04,-0.827,-0.7912,0.1283
00789B,復華公司債A3,2026-07-22,47.38,-0.22,-0.46,254150000,0,綠增,是,否,48.0,48.32,48.71,48.36,-1.3239,-1.3374,-0.2611
00791B,復華信用債1-5,2026-07-22,57.6,0.0,0.0,130000000,0,紅縮,否,是,57.83,57.74,57.4,56.76,0.3122,0.4786,0.5298
00792B,群益A級公司債,2026-07-22,31.57,-0.11,-0.35,103541000,0,綠增,否,否,31.67,31.76,31.88,31.8,-0.5214,-0.7904,-0.2831
00795B,中信美國公債20年,2026-07-22,27.0,-0.03,-0.11,4587789000,0,綠增,否,是,27.04,27.06,27.17,26.92,-0.1477,-0.7445,0.2472
00799B,國泰A級醫療債,2026-07-22,29.71,-0.05,-0.17,172757000,0,綠增,否,否,29.76,29.84,29.95,29.74,-0.5214,-0.7649,0.1137
00834B,第一金金融債10+,2026-07-22,34.05,-0.01,-0.03,101000000,0,綠增,否,否,34.31,34.44,34.52,34.2,-0.7694,-0.5831,0.0435
00836B,永豐10年A公司債,2026-07-22,28.6,-0.11,-0.38,107044000,0,綠增,是,否,28.71,28.83,29.04,28.91,-0.829,-0.9483,-0.2781
00840B,凱基IG精選15+,2026-07-22,29.76,-0.11,-0.37,101000000,0,綠增,否,否,29.87,30.03,30.21,30.04,-1.0403,-1.0903,-0.213
00841B,凱基AAA-AA公司債,2026-07-22,28.64,-0.13,-0.45,101000000,0,綠增,否,否,28.76,28.9,29.11,29.04,-0.9232,-1.1697,-0.2057
00842B,台新美元銀行債,2026-07-22,30.14,-0.06,-0.2,275694000,0,綠增,否,否,30.15,30.72,30.85,30.52,-3.6061,-1.6112,-0.2651
00844B,台新15年IG金融債,2026-07-22,31.7,-0.12,-0.38,100000000,0,綠增,否,是,31.75,31.82,31.94,31.69,-0.4453,-0.8507,0.1583
00845B,富邦新興投等債,2026-07-22,33.75,-0.04,-0.12,230000000,0,紅縮,是,是,33.76,33.73,33.61,33.37,0.1483,0.1871,0.4709
00846B,富邦歐洲銀行債,2026-07-22,36.5,0.01,0.03,205000000,0,紅縮,是,是,36.42,36.41,36.29,36.01,0.055,0.0495,0.4595
00847B,中信美國市政債,2026-07-22,25.72,-0.08,-0.31,161012000,0,綠增,是,是,25.81,25.8,25.81,25.63,0.1241,-0.3169,0.3655
00848B,中信新興亞洲債,2026-07-22,34.17,-0.08,-0.23,130000000,0,綠增,否,否,34.33,34.48,34.52,34.28,-0.8376,-0.5394,0.1407
00849B,中信EM主權債0-5,2026-07-22,37.83,0.01,0.03,107940000,0,紅轉綠,否,是,37.89,37.88,37.69,37.3,0.0634,0.3763,0.4023
00853B,統一美債10年Aa-A,2026-07-22,27.47,-0.08,-0.29,1018800000,0,綠增,否,否,27.59,27.67,27.8,27.75,-0.5982,-0.8351,-0.3102
00856B,永豐1-3年美公債,2026-07-22,38.21,0.0,0.0,17920000,0,紅縮,是,是,38.16,38.01,37.81,37.62,0.7978,0.7209,0.401
00857B,永豐20年美公債,2026-07-22,23.2,-0.01,-0.04,849325000,0,綠縮,否,否,23.23,23.24,23.39,23.21,-0.1204,-0.7304,-0.0256
00858,永豐美國500大,2026-07-22,37.03,0.2,0.54,318883000,0,紅增,否,是,36.89,36.81,36.45,35.55,0.4193,1.0736,0.9569
00859B,群益0-1年美債,2026-07-22,41.63,0.1,0.24,3030842000,0,紅縮,否,是,41.51,41.36,41.05,40.97,0.7279,0.7674,0.2308
00860B,群益1-5Y投資級債,2026-07-22,38.91,0.01,0.03,100000000,0,紅縮,否,是,38.82,38.68,38.41,38.1,0.7213,0.6636,0.5853
00862B,中信投資級公司債,2026-07-22,31.43,-0.11,-0.35,225047000,0,綠增,是,否,31.56,31.67,31.83,31.76,-0.6735,-0.8795,-0.3772
00863B,中信全球電信債,2026-07-22,31.71,-0.11,-0.35,207031000,0,綠增,是,否,31.82,31.9,32.1,32.12,-0.5128,-0.9008,-0.4111
00864B,中信美國公債0-1,2026-07-22,47.22,0.12,0.25,1041780000,0,紅縮,否,是,47.09,46.89,46.53,46.19,0.8567,0.791,0.6533
00867B,台新A-BBB電信債,2026-07-22,30.79,-0.11,-0.36,42136000,0,綠縮,否,否,30.84,31.12,31.26,31.25,-1.771,-1.2817,-0.3045
00870B,元大15年EM主權債,2026-07-22,28.23,-0.06,-0.21,1000000,0,綠增,否,否,28.57,28.79,28.76,28.48,-1.4828,-0.5528,0.2143
00877,復華中國5G,2026-07-22,39.66,0.56,1.43,3701453000,0,綠縮,否,否,39.85,41.54,44.57,40.97,-7.8236,-8.3938,-1.7047
00884B,中信低碳新興債,2026-07-22,29.52,-0.1,-0.34,102033000,0,綠增,否,否,29.66,29.86,29.99,29.72,-1.3571,-0.9651,-0.02
00886,永豐美國科技,2026-07-22,45.2,0.2,0.44,20054000,0,綠增,否,是,45.43,45.7,45.16,42.55,-1.1445,0.8764,1.0551
00887,永豐中國科技50大,2026-07-22,17.76,0.23,1.31,8760397000,0,綠縮,否,是,17.51,18.27,18.94,17.03,-7.9882,-7.1087,0.5709
00888,永豐台灣ESG,2026-07-22,35.59,1.06,3.07,25584148000,0,綠縮,否,是,35.05,35.94,36.67,32.71,-4.8015,-3.2468,0.879
00890B,凱基ESG BBB債15+,2026-07-22,32.0,-0.13,-0.4,105031000,0,綠增,否,否,32.18,32.38,32.56,32.35,-1.1851,-1.0906,-0.239
00928,中信上櫃ESG 30,2026-07-22,31.41,1.56,5.23,1868031000,0,綠縮,否,否,30.8,33.73,35.92,35.55,-15.9555,-8.7791,-3.9182
00931B,統一美債20年,2026-07-22,13.42,-0.01,-0.07,1513062000,0,綠增,否,否,13.48,13.54,13.62,13.46,-0.9263,-1.168,0.0441
00933B,國泰10Y+金融債,2026-07-22,16.04,0.01,0.06,20263175000,0,綠縮,否,是,16.04,16.1,16.15,16.03,-0.7547,-0.6784,0.0124
00937B,群益ESG投等債20+,2026-07-22,14.73,-0.04,-0.27,53751156000,0,綠增,否,否,14.79,14.87,14.95,14.85,-1.1101,-0.9986,-0.2203
00942B,台新美A公司債20+,2026-07-22,14.19,-0.02,-0.14,1097908000,0,綠縮,否,否,14.22,14.3,14.4,14.33,-1.0989,-1.1476,-0.2598
00948B,中信優息投資級債,2026-07-22,9.41,-0.02,-0.21,4716133000,0,綠增,否,否,9.44,9.49,9.53,9.47,-0.9652,-0.9709,-0.1884
00950B,凱基A級公司債,2026-07-22,14.1,-0.02,-0.14,2785658000,0,綠縮,否,是,14.12,14.13,14.18,14.09,-0.2262,-0.6608,0.1129
00955,中信日本商社,2026-07-22,14.93,0.26,1.77,7145348000,0,紅增,否,否,14.52,14.43,14.22,14.94,1.2132,2.2463,0.3848
00957B,兆豐US優選投等債,2026-07-22,13.38,-0.02,-0.15,1066353000,0,綠增,否,否,13.42,13.5,13.57,13.48,-1.1052,-1.0484,-0.2096
00958B,永豐ESG銀行債15+,2026-07-22,9.35,0.01,0.11,649593000,0,綠縮,否,是,9.35,9.37,9.39,9.3,-0.4262,-0.5521,0.128
00959B,大華投等美債15Y+,2026-07-22,9.37,-0.03,-0.32,1406927000,0,綠增,否,否,9.39,9.42,9.46,9.39,-0.4874,-0.7903,0.0106
00966B,統一ESG投等債15+,2026-07-22,13.88,-0.04,-0.29,1086245000,0,綠增,是,否,13.92,13.97,14.06,13.96,-0.6847,-1.0271,-0.142
00967B,元大優息美債,2026-07-22,9.16,-0.02,-0.22,104893000,0,綠增,否,是,9.2,9.19,9.21,9.13,0.1525,-0.4118,0.2559
00968B,元大優息投等債,2026-07-22,9.23,0.0,0.0,3439443000,0,綠增,否,否,9.26,9.3,9.33,9.28,-0.6861,-0.7262,-0.1124
00969B,元大零息超長美債,2026-07-22,8.32,-0.02,-0.24,985190000,0,綠縮,否,否,8.34,8.36,8.48,8.33,-0.5724,-1.8314,0.0059
00970B,台新BBB投等債20+,2026-07-22,9.32,-0.01,-0.11,894409000,0,綠增,否,否,9.34,9.4,9.45,9.38,-1.2265,-1.0526,-0.2429
009806,台新標普500,2026-07-22,13.53,0.08,0.59,9426000,0,紅縮,否,是,13.5,13.47,13.31,13.02,0.4017,1.2326,0.9057
009807,台新標普科技精選,2026-07-22,16.72,0.29,1.77,12434000,0,綠縮,否,是,16.55,16.57,16.71,15.9,-0.2171,-0.6476,0.3121
00980B,台新特選IG債10+,2026-07-22,9.43,-0.02,-0.21,434318000,0,綠增,否,否,9.46,9.51,9.55,9.48,-1.1703,-0.9474,-0.1568
00980D,主動聯博投等入息,2026-07-22,20.49,-0.01,-0.05,1516007000,0,綠增,否,是,20.51,20.54,20.52,20.41,-0.3305,-0.1653,0.0878
00980T,平衡凱基美國TOP,2026-07-22,11.76,-0.01,-0.08,54071000,0,紅縮,否,是,11.74,11.6,11.44,11.44,2.4612,2.293,0.8639
009814,富邦標普500,2026-07-22,11.25,0.04,0.36,1247057000,0,紅縮,否,是,11.23,11.22,11.12,10.89,0.2678,0.9811,0.8025
009815,大華美國MAG7+,2026-07-22,11.39,0.05,0.44,2380711000,0,紅增,否,是,11.33,11.28,11.2,11.09,0.8902,1.2926,0.5519
00981B,第一金優選非投債,2026-07-22,9.31,0.0,0.0,9990098000,0,紅縮,否,是,9.34,9.33,9.28,9.22,0.1501,0.5386,0.4438
00981D,主動中信非投等債,2026-07-22,10.48,0.01,0.1,4175559000,0,紅轉綠,否,是,10.49,10.49,10.43,10.36,-0.1333,0.3827,0.3028
009822,華南永昌未來金融,2026-07-22,9.94,0.17,1.74,2323205000,0,綠轉紅,是,,9.69,9.72,9.78,,-0.7377,-0.8564,0.0051
009823,群益S&P500,2026-07-22,10.38,0.06,0.58,3101570000,0,綠縮,是,,10.35,10.34,10.27,,0.1741,0.3395,0.8789
009825,聯邦美國金融創新,2026-07-22,9.91,0.0,0.0,3198530000,0,,是,,9.83,9.92,,,-1.857,-0.8592,
00982B,FT投資級債20+,2026-07-22,9.76,0.0,0.0,1000000,0,綠縮,否,否,9.78,9.84,9.89,9.85,-1.2323,-0.9762,-0.2824
00983B,大華優利美公債20,2026-07-22,15.67,-0.01,-0.06,66298000,0,綠縮,否,是,15.69,15.7,15.79,15.65,-0.14,-0.9152,0.1268
00984B,大華優利美A債15,2026-07-22,16.27,-0.04,-0.25,597360000,0,綠縮,否,否,16.3,16.34,16.45,16.36,-0.5128,-0.9938,-0.1214
00985D,主動貝萊德優投等,2026-07-22,10.14,-0.02,-0.2,549328000,0,綠增,否,否,10.17,10.21,10.24,10.16,-0.7224,-0.7391,-0.1219
00986B,FT金融債10+,2026-07-22,9.85,-0.07,-0.71,10027000,0,綠增,否,否,9.87,9.93,9.94,9.91,-1.1216,-0.5309,0.0403
00986D,主動復華金融債息,2026-07-22,14.79,0.0,0.0,1748727000,0,綠增,否,否,14.82,14.84,14.85,14.8,-0.2557,-0.2621,0.0809
00987B,野村10+澳洲公債,2026-07-22,16.1,0.02,0.12,1113677000,0,紅增,否,是,16.07,16.0,15.95,15.92,0.8282,0.6098,0.2829
00988B,玉山嚴選非投債,2026-07-22,20.0,0.01,0.05,2229013000,0,紅縮,否,是,20.0,20.01,19.92,19.85,-0.0999,0.3511,0.2062
00989B,台新美國非投等債,2026-07-22,10.26,0.01,0.1,224530000,0,綠增,否,是,10.24,10.26,10.2,10.07,-0.4086,0.3228,0.4531
00990B,國泰收益非投等債,2026-07-22,10.07,0.0,0.0,2595844000,0,,是,,10.05,10.02,,,0.4801,0.189,
00998A,主動復華金融股息,2026-07-22,17.38,0.25,1.46,1140662000,0,綠縮,否,是,17.26,17.22,17.01,16.29,0.4891,1.8036,0.9858
020001,富邦存股雙十N,2026-07-22,25.68,0.63,2.51,4000000,0,,是,,26.94,,,,,,
020025,統一亞洲半導體N,2026-07-22,39.1,0.74,1.93,22000000,0,綠縮,否,,38.24,39.3,42.08,,-5.2389,-7.2071,-1.1173
020033,統一恒生科期N,2026-07-22,3.74,-0.09,-2.35,138000000,0,紅縮,是,,3.76,3.72,3.64,,2.1184,3.4473,-0.0412
020041,兆豐半導體氣候N,2026-07-22,18.29,1.25,7.34,40000000,0,綠縮,是,,17.42,17.99,18.7,,-6.2244,-3.6156,-1.447
1240,茂生農經,2026-07-22,55.1,-0.3,-0.54,3726000,0,綠縮,否,否,55.06,56.54,57.25,57.97,-5.1017,-2.3151,-1.2589
1259,安心,2026-07-22,59.3,-0.2,-0.34,12205000,0,紅縮,否,是,59.26,58.47,58.0,58.07,2.7393,2.2918,0.5374
1264,德麥,2026-07-22,258.0,0.0,0.0,26743000,0,綠縮,否,否,258.1,264.65,267.2,270.34,-4.8304,-2.0359,-1.0554
1268,漢來美食,2026-07-22,175.0,-0.5,-0.28,35536000,0,紅增,否,是,172.0,170.3,169.68,164.74,2.0166,1.0383,0.4886
1294,漢田生技,2026-07-22,56.4,-0.1,-0.18,16323000,0,綠縮,否,否,56.56,57.72,68.45,75.41,-3.9402,-16.2264,-7.6928
1295,生合,2026-07-22,48.95,0.8,1.66,14120000,0,紅增,否,否,48.89,49.09,48.73,51.59,-0.8316,1.3417,-0.3629
1336,台翰,2026-07-22,16.0,-0.65,-3.9,1945498000,0,紅增,是,是,15.7,15.23,15.17,14.22,6.2965,2.9044,2.1717
1565,精華,2026-07-22,93.7,-0.3,-0.32,64824000,0,綠增,否,否,94.16,95.64,95.36,97.35,-3.0478,-1.0552,-0.0052
1569,濱川,2026-07-22,43.5,0.6,1.4,208362000,0,綠縮,否,否,44.03,45.92,46.42,51.56,-7.9256,-1.8801,-2.5812
1570,力肯,2026-07-22,37.1,-0.15,-0.4,65249000,0,綠縮,否,否,37.75,38.99,39.94,41.28,-6.1646,-3.0943,-2.9874
1580,新麥,2026-07-22,114.0,0.5,0.44,53705000,0,綠縮,否,否,114.6,118.75,120.8,122.52,-6.7535,-3.1403,-2.0077
1584,精剛,2026-07-22,19.9,-0.15,-0.75,987309000,0,紅增,否,是,19.76,19.71,19.42,19.82,0.5598,2.3636,0.1934
1586,和勤,2026-07-22,18.0,-0.1,-0.55,1196872000,0,綠縮,否,否,18.19,18.62,19.42,21.18,-4.5144,-3.4983,-4.0035
1591,駿吉-KY,2026-07-22,34.25,3.1,9.95,58335000,0,綠縮,否,,35.58,38.72,41.19,,-15.0227,-6.6418,-13.5132
1593,祺驊,2026-07-22,30.3,0.0,0.0,24050000,0,紅增,否,否,30.18,30.2,30.36,31.27,-0.1324,-0.3629,-1.204
1595,川寶,2026-07-22,56.6,0.3,0.53,387871000,0,綠縮,否,否,58.94,64.93,72.19,77.19,-16.8923,-13.5304,-4.9822
1599,宏佳騰,2026-07-22,22.95,0.0,0.0,52107000,0,綠縮,否,否,22.92,23.26,23.34,23.91,-2.8814,-1.1895,-0.554
1742,台蠟,2026-07-22,15.85,-0.55,-3.35,36301000,0,紅縮,否,是,16.19,15.74,15.52,15.51,5.8862,3.0779,1.3386
1777,生泰,2026-07-22,72.9,0.1,0.14,40377000,0,綠增,否,是,73.04,73.87,72.73,71.81,-2.2222,1.2195,0.3103
1780,立弘,2026-07-22,22.7,0.15,0.67,162179000,0,綠縮,否,否,22.7,23.57,24.87,29.45,-7.0815,-4.9607,-6.4158
1781,合世,2026-07-22,11.7,-0.1,-0.85,10041000,0,綠增,否,是,11.82,11.88,11.86,11.34,-1.005,-0.0841,-0.2103
1784,訊聯,2026-07-22,60.8,0.6,1.0,100796000,0,綠縮,否,否,61.42,65.24,66.11,69.68,-11.0628,-4.1293,-1.8847
1785,光洋科,2026-07-22,111.5,4.0,3.72,5792241000,0,綠縮,否,否,110.4,125.2,134.8,145.82,-21.1429,-11.5819,-5.1372
1788,杏昌,2026-07-22,130.0,-0.5,-0.38,29182000,0,紅增,否,否,130.0,129.85,130.07,133.52,0.2313,0.0,-0.9895
1796,金穎生技,2026-07-22,31.85,0.1,0.31,20161000,0,綠增,否,否,31.93,33.11,33.05,35.79,-6.8825,-0.451,-2.0665
1799,易威,2026-07-22,33.05,0.85,2.64,89449000,0,紅縮,否,否,32.94,33.24,32.19,34.64,-1.8182,2.4657,1.2981
1813,寶利徠,2026-07-22,11.95,0.05,0.42,6953000,0,紅增,否,否,11.94,11.95,11.95,12.15,-0.1672,-0.2504,0.2937
1815,富喬,2026-07-22,80.5,1.3,1.64,10019913000,0,綠縮,否,否,81.96,88.58,95.19,102.78,-13.9076,-10.5433,-3.149
2061,風青,2026-07-22,53.8,2.7,5.28,3816137000,0,綠增,否,是,56.14,66.61,63.21,38.45,-27.1666,-5.6783,8.3712
2063,世鎧,2026-07-22,24.1,-0.1,-0.41,14000000,0,紅增,否,否,24.12,24.12,24.22,25.11,-0.0414,0.0415,-1.0418
2064,晉椿,2026-07-22,12.8,0.0,0.0,9091000,0,綠縮,否,否,12.93,13.2,13.45,13.09,-3.9376,-2.8351,-3.307
2065,世豐,2026-07-22,31.95,-0.25,-0.78,11277000,0,綠縮,否,否,31.95,32.24,32.84,32.6,-1.783,-1.3615,-1.8015
2066,世德,2026-07-22,64.5,1.7,2.71,24883000,0,綠縮,否,是,63.78,65.33,66.43,57.54,-4.6352,-3.2865,1.188
2067,嘉鋼,2026-07-22,6.57,0.03,0.46,10003000,0,紅縮,否,否,6.58,6.62,6.58,6.75,-1.2305,0.0907,0.966
2070,精湛,2026-07-22,53.2,0.9,1.72,121912000,0,綠縮,否,否,53.6,57.11,60.63,62.95,-11.5803,-6.683,-3.8916
2073,雄順,2026-07-22,27.2,0.1,0.37,7048000,0,紅縮,是,是,26.99,26.82,26.51,26.33,1.2378,0.5435,0.9808
2221,大甲,2026-07-22,51.6,1.0,1.98,1627943000,0,紅縮,否,是,51.66,50.27,48.94,43.4,5.6658,4.5436,4.5724
2230,泰茂,2026-07-22,21.95,-0.05,-0.23,86939000,0,綠縮,否,否,22.18,23.04,24.4,27.47,-7.1967,-6.1698,-4.715
2235,謚源,2026-07-22,27.6,-0.15,-0.54,1001000,0,綠縮,否,否,27.73,28.79,29.48,30.45,-7.1022,-3.7928,-2.0028
2596,綠意,2026-07-22,31.55,0.25,0.8,8192000,0,綠縮,否,是,31.2,31.41,30.98,29.8,-1.3595,0.786,0.4621
2640,大車隊,2026-07-22,146.5,1.0,0.69,34353000,0,綠增,否,否,151.1,154.6,154.18,162.78,-4.4276,-1.1193,-1.0589
2641,正德,2026-07-22,17.3,0.1,0.58,1062254000,0,綠縮,否,否,17.17,17.55,17.82,17.95,-4.1853,-1.4879,-2.2755
2643,捷迅,2026-07-22,57.7,-0.7,-1.2,133645000,0,綠增,否,否,58.8,60.24,62.29,65.29,-4.6693,-2.4769,-2.8235
2718,全心投控,2026-07-22,46.1,-0.15,-0.32,34478000,0,綠縮,否,否,46.61,48.3,49.37,46.81,-6.7614,-4.3943,-0.594
2719,燦星旅,2026-07-22,23.65,0.25,1.07,18154000,0,綠縮,否,否,23.44,23.59,24.17,25.63,-1.2637,-1.7902,-1.4775
2724,藝舍-KY,2026-07-22,12.15,-0.1,-0.82,7000000,0,紅增,否,否,11.47,11.57,11.87,13.7,-1.6295,-2.4051,-2.6855
2726,雅茗-KY,2026-07-22,9.11,0.41,4.71,68000000,0,綠縮,是,否,8.91,8.94,9.3,9.76,-0.58,-3.1629,-2.4693
2729,瓦城,2026-07-22,158.5,0.0,0.0,41136000,0,綠縮,否,否,157.2,157.6,159.55,162.11,-0.5063,-1.0361,-0.4213
2732,六角,2026-07-22,64.5,0.2,0.31,25808000,0,綠增,否,否,64.7,65.01,64.89,65.3,-0.9492,-0.2302,-0.3455
2734,易飛網,2026-07-22,15.2,0.05,0.33,57098000,0,紅增,否,否,15.22,15.2,15.28,15.62,0.2635,-0.0329,0.0
2736,富野,2026-07-22,11.8,0.0,0.0,61396000,0,紅增,否,否,11.78,11.82,11.86,12.26,-0.7582,-0.2951,-0.3571
2740,華軒,2026-07-22,33.85,-0.05,-0.15,1304000,0,紅縮,否,否,34.09,33.67,31.63,34.94,2.5263,4.5652,4.8736
2743,山富,2026-07-22,61.3,-0.1,-0.16,41102000,0,綠縮,否,否,60.52,62.72,64.9,67.65,-6.7776,-4.215,-2.2885
2745,五福,2026-07-22,103.0,1.5,1.48,387466000,0,綠縮,是,否,102.2,103.95,105.35,103.63,-3.3113,-2.0264,-0.5194
2751,王座,2026-07-22,51.8,0.0,0.0,8998000,0,綠增,否,否,51.94,52.4,52.33,53.26,-1.7404,-0.4181,-0.3997
2752,豆府,2026-07-22,178.0,0.5,0.28,4634000,0,綠轉紅,否,否,176.9,177.2,177.72,179.59,-0.338,-0.1127,-0.2106
2754,亞洲藏壽司,2026-07-22,68.8,-0.6,-0.86,12181000,0,紅縮,否,否,68.7,68.87,68.53,68.9,-0.4925,0.1745,0.3147
2755,揚秦,2026-07-22,105.5,2.0,1.93,30323000,0,綠縮,否,否,110.9,124.8,132.6,133.72,-20.0433,-10.3448,-4.4324
2756,聯發國際,2026-07-22,59.6,0.1,0.17,12075000,0,紅縮,否,否,59.76,59.58,59.67,62.22,0.6061,0.0672,-0.4255
2916,滿心,2026-07-22,39.65,0.15,0.38,56653000,0,綠轉紅,否,否,39.73,40.19,40.82,43.72,-2.2632,-1.6758,-1.4842
2924,宏太-KY,2026-07-22,17.95,-0.05,-0.28,2000000,0,紅縮,否,否,18.03,18.15,17.71,18.45,-1.3136,1.7947,2.2216
2926,誠品生活,2026-07-22,31.6,0.05,0.16,16001000,0,綠縮,否,否,31.65,32.11,33.12,35.12,-2.7948,-3.0353,-2.488
2937,集雅社,2026-07-22,47.45,-0.15,-0.32,9029000,0,綠縮,是,是,47.6,47.65,48.15,46.66,-0.1887,-0.9665,-0.1089
2947,振宇五金,2026-07-22,65.3,-0.3,-0.46,10385000,0,綠縮,否,否,66.72,68.46,73.38,76.27,-4.9573,-7.9344,-3.2437
2948,寶陞,2026-07-22,37.2,0.05,0.13,5052000,0,紅轉綠,是,否,37.57,37.7,37.53,37.98,-0.6873,0.4262,-0.226
3064,泰偉,2026-07-22,18.0,0.0,0.0,5000000,0,綠增,否,,18.52,19.17,18.98,,-6.559,-0.9302,-0.3544
3066,李洲,2026-07-22,22.65,0.15,0.67,434196000,0,綠增,否,是,22.99,25.56,24.27,21.34,-18.2723,-1.3889,2.6861
3067,全域,2026-07-22,18.0,0.0,0.0,22000000,0,綠縮,是,否,18.0,18.34,18.64,18.39,-3.6918,-2.2382,-1.675
3071,協禧,2026-07-22,26.2,0.0,0.0,143510000,0,綠縮,否,否,26.49,28.3,30.34,30.99,-12.0518,-8.3536,-4.9272
3073,天方能源,2026-07-22,21.7,0.25,1.17,12391000,0,綠增,否,否,21.66,21.96,21.82,21.94,-2.6954,-0.6335,1.3115
3078,僑威,2026-07-22,53.6,0.4,0.75,554276000,0,綠縮,否,否,52.86,54.93,54.41,55.65,-7.2632,-0.3447,-0.9646
3081,聯亞,2026-07-22,1665.0,150.0,9.9,779583000,0,綠縮,否,否,1570.0,1778.0,1954.75,2436.33,-20.9466,-10.8325,-8.389
3083,網龍,2026-07-22,25.6,-0.05,-0.19,65374000,0,綠縮,否,否,25.67,26.41,27.43,27.46,-5.4512,-4.0334,-3.0142
3086,華義*,2026-07-22,29.85,0.15,0.51,121269000,0,綠縮,否,否,30.41,30.84,32.36,35.96,-2.7191,-3.4898,-4.9985
3088,艾訊,2026-07-22,147.5,9.0,6.5,6727622000,0,綠縮,是,是,136.0,138.75,139.53,130.41,-3.8869,-1.2104,-0.7822
3093,港建*,2026-07-22,48.55,1.9,4.07,627705000,0,綠縮,否,否,48.02,53.65,61.51,59.54,-18.9946,-18.3658,-5.3187
3095,及成,2026-07-22,38.2,-0.8,-2.05,16140000,0,紅縮,否,否,38.22,38.32,38.44,41.22,-0.5206,0.2485,-1.0616
3105,穩懋,2026-07-22,359.0,19.5,5.74,15463637000,0,綠縮,否,否,346.1,375.9,419.38,482.97,-14.6907,-8.74,-8.1225
3114,好德,2026-07-22,33.45,0.8,2.45,450872000,0,綠縮,否,否,33.81,37.46,42.99,34.43,-17.7572,-16.1124,-4.2381
3115,富榮綱,2026-07-22,8.62,0.29,3.48,1022000,0,綠縮,否,否,8.53,8.79,8.86,9.21,-5.7654,-0.0795,-1.2427
3118,進階,2026-07-22,31.95,0.0,0.0,4108000,0,紅增,否,否,31.9,31.9,31.74,32.84,0.0314,0.2357,-0.1887
3122,笙泉,2026-07-22,26.45,0.45,1.73,86606000,0,綠縮,否,否,26.56,28.33,29.74,32.04,-11.7608,-6.8705,-2.4602
3128,昇銳,2026-07-22,22.3,0.15,0.68,57185000,0,綠縮,否,否,22.06,23.14,23.71,23.81,-8.9558,-4.2408,-1.8626
3131,弘塑,2026-07-22,3010.0,20.0,0.67,150619000,0,綠縮,否,否,3004.0,3109.0,3319.75,3156.33,-6.5339,-9.0004,-1.0875
3141,晶宏,2026-07-22,65.8,1.9,2.97,371675000,0,綠縮,否,否,65.02,70.19,72.53,66.29,-13.7208,-6.8975,-2.4612
3147,大綜,2026-07-22,230.0,1.5,0.66,1799563000,0,綠縮,是,是,225.3,227.6,263.57,223.81,-2.0009,-8.0032,-8.5523
3152,璟德,2026-07-22,237.5,9.0,3.94,145093000,0,綠縮,否,是,235.9,254.55,246.32,198.91,-13.653,-5.0718,5.6849
3158,嘉實,2026-07-22,81.8,-0.1,-0.12,24832000,0,紅轉綠,是,否,82.52,82.84,83.33,85.94,-0.7696,-0.7904,-0.4837
3162,精確,2026-07-22,67.6,0.1,0.15,865508000,0,綠增,否,否,70.24,76.39,79.26,81.92,-14.9019,-6.2699,-4.3966
3163,波若威,2026-07-22,730.0,66.0,9.94,2554557000,0,綠轉紅,否,否,684.4,720.5,763.95,962.63,-9.5427,-4.443,-6.1832
3169,亞信,2026-07-22,107.0,2.5,2.39,343609000,0,綠縮,否,否,102.36,103.88,105.99,109.53,-2.8843,-1.5355,-1.2439
3171,炎洲流通,2026-07-22,65.4,0.1,0.15,8620000,0,綠縮,否,否,64.48,65.91,67.86,68.86,-4.2471,-3.159,-3.2713
3176,基亞,2026-07-22,34.15,0.4,1.19,226345000,0,綠增,否,是,34.13,35.64,34.49,33.68,-8.1045,0.9776,0.5612
3178,公準,2026-07-22,66.9,0.6,0.9,115051000,0,紅縮,否,否,67.16,66.22,65.72,68.07,2.8799,1.783,1.2635
3188,鑫龍騰,2026-07-22,23.8,0.2,0.85,145428000,0,綠縮,否,否,23.67,23.76,23.91,24.29,-0.7963,-0.731,-1.0963
3191,雲嘉南,2026-07-22,18.1,-0.1,-0.55,31741000,0,綠縮,否,是,18.21,18.45,18.83,17.46,-2.5682,-1.8617,-2.0289
3205,佰研,2026-07-22,50.0,0.15,0.3,49611000,0,綠縮,否,否,49.88,50.84,51.64,54.12,-3.7066,-2.1743,-1.9278
3206,志豐,2026-07-22,35.4,-0.1,-0.28,113409000,0,綠縮,是,否,35.43,36.87,37.38,37.34,-7.5176,-3.0757,-1.8381
3207,耀勝,2026-07-22,47.6,0.75,1.6,210019000,0,綠縮,否,否,50.55,56.11,61.0,62.74,-18.0182,-10.9586,-6.2226
3211,順達,2026-07-22,394.0,14.0,3.68,4799651000,0,綠縮,否,否,388.1,407.35,411.85,401.22,-9.0248,-1.6775,-1.5714
3213,茂訊,2026-07-22,128.5,3.0,2.39,348860000,0,綠縮,否,是,124.2,128.35,127.53,120.84,-6.2642,0.7457,-2.0733
3217,優群,2026-07-22,152.0,2.0,1.33,405841000,0,綠縮,否,否,150.3,160.8,168.9,176.88,-12.2592,-8.1668,-3.0286
3218,大學光,2026-07-22,138.5,-0.5,-0.36,257731000,0,綠縮,否,是,137.1,139.55,137.22,133.83,-3.4507,0.468,0.568
3219,倚強科,2026-07-22,66.1,0.4,0.61,192878000,0,綠縮,否,否,66.84,72.03,72.06,74.81,-13.4421,-3.2115,-3.0083
3221,台嘉碩,2026-07-22,47.0,0.5,1.08,2178800000,0,綠縮,否,否,48.28,52.62,55.91,52.48,-15.2388,-10.4493,-5.5016
3224,三顧,2026-07-22,35.4,0.3,0.85,18706000,0,綠縮,否,否,35.44,36.51,37.15,40.57,-5.6945,-2.562,-1.1838
3227,原相,2026-07-22,201.5,8.5,4.4,2115119000,0,綠縮,否,否,190.3,206.7,216.75,218.46,-14.7019,-8.7417,-2.8027
3228,金麗科,2026-07-22,165.5,4.5,2.8,168393000,0,綠縮,否,否,163.2,169.95,176.95,191.6,-7.6401,-5.0293,-0.394
3230,錦明,2026-07-22,42.55,-4.7,-9.95,4400288000,0,綠增,是,是,46.45,49.19,44.06,36.95,-10.5354,0.624,10.9049
3232,昱捷,2026-07-22,20.95,0.15,0.72,65061000,0,綠縮,否,否,21.04,21.46,21.98,21.98,-3.7952,-3.0282,-2.5817
3234,光環,2026-07-22,108.5,9.8,9.93,1064119000,0,綠縮,否,否,103.5,113.65,121.38,113.36,-16.3974,-8.4944,-2.5296
3236,千如,2026-07-22,47.05,0.95,2.06,4529605000,0,綠縮,否,否,48.13,54.96,61.11,49.45,-22.0945,-15.5967,-4.5568
3252,海灣,2026-07-22,17.15,-0.1,-0.58,12070000,0,綠縮,否,否,17.17,17.4,17.52,18.22,-2.6092,-1.4723,-1.0167
3259,鑫創,2026-07-22,15.3,-0.05,-0.33,25090000,0,綠縮,否,否,15.3,15.64,15.98,16.66,-4.3152,-2.2798,-2.6356
3260,威剛,2026-07-22,379.5,11.0,2.99,6355537000,0,綠縮,否,否,374.2,390.25,400.4,415.69,-7.9006,-3.6063,-1.9949
3264,欣銓,2026-07-22,217.0,7.0,3.33,4530059000,0,綠縮,否,否,212.6,223.6,225.2,220.36,-9.3777,-3.0356,-0.782
3265,台星科,2026-07-22,166.0,4.0,2.47,747140000,0,綠縮,否,否,161.0,167.65,174.22,177.18,-7.6305,-5.3894,-1.8865
3268,海德威,2026-07-22,20.6,1.0,5.1,132355000,0,綠縮,否,是,19.73,20.4,21.08,19.09,-6.3598,-3.7282,0.2259
3272,東碩,2026-07-22,15.0,-0.1,-0.66,77662000,0,綠縮,否,否,15.11,15.42,15.76,17.11,-3.9415,-1.846,-2.3998
3276,宇環,2026-07-22,17.95,-0.35,-1.91,1492525000,0,紅增,是,是,17.18,16.7,16.37,15.3,5.9186,2.0471,3.9695
3284,太普高,2026-07-22,23.85,-0.15,-0.62,239288000,0,綠增,否,是,24.28,26.39,26.59,20.28,-14.8369,-8.7783,4.4281
3285,微端,2026-07-22,39.35,0.4,1.03,34727000,0,綠縮,否,是,38.86,39.78,43.37,34.63,-4.5209,-9.354,0.504
3287,廣寰科,2026-07-22,29.25,0.0,0.0,50727000,0,綠縮,否,否,29.17,30.21,31.58,31.75,-6.6859,-4.7146,-3.8655
3288,點晶,2026-07-22,24.5,-1.95,-7.37,146023000,0,紅縮,否,是,25.79,22.46,22.02,18.69,34.8144,13.4917,2.5504
3289,宜特,2026-07-22,147.5,2.0,1.37,938994000,0,綠縮,否,否,148.5,155.4,162.95,172.07,-8.5028,-6.6106,-2.1174
3290,東浦,2026-07-22,62.0,0.7,1.14,397732000,0,綠增,否,是,63.02,65.47,66.66,55.17,-7.2144,-3.3225,1.1917
3293,鈊象,2026-07-22,718.0,0.0,0.0,1037254000,0,綠縮,否,否,706.4,729.9,753.3,753.5,-6.2384,-5.0722,-2.1752
3294,英濟,2026-07-22,31.85,0.15,0.47,371185000,0,綠縮,否,否,32.4,35.21,36.54,35.81,-14.7817,-5.5399,-3.2437
3297,杭特,2026-07-22,29.9,-0.05,-0.17,151769000,0,綠增,否,否,30.31,30.48,30.79,31.57,-1.1093,-0.8458,-0.7014
3303,岱稜,2026-07-22,52.5,0.3,0.57,665949000,0,綠增,否,否,54.58,56.02,57.33,52.53,-5.0122,-2.6755,-0.4774
3306,鼎天,2026-07-22,45.15,0.05,0.11,117111000,0,綠縮,否,否,44.82,46.95,47.48,47.18,-8.6797,-3.116,-1.0833
3310,佳穎,2026-07-22,68.0,0.6,0.89,1069000,0,紅縮,否,否,67.8,68.18,66.81,69.1,-1.1085,1.6853,-0.0224
3313,斐成,2026-07-22,11.75,0.0,0.0,32365000,0,紅縮,否,是,11.85,11.86,11.65,11.69,-0.1685,2.6395,-0.0215
3317,尼克森,2026-07-22,80.1,2.1,2.69,1617223000,0,綠增,否,是,82.16,89.89,89.47,76.49,-15.8369,-4.2705,1.1875
3322,建舜電,2026-07-22,12.6,0.15,1.2,250728000,0,綠縮,否,否,12.47,13.01,13.67,13.71,-7.9025,-5.4869,-4.8216
3323,加百裕,2026-07-22,30.95,0.5,1.64,283415000,0,綠縮,否,否,31.11,33.17,33.71,34.97,-11.7196,-3.1245,-2.5439
3324,雙鴻,2026-07-22,908.0,-18.0,-1.94,1920876000,0,綠縮,否,否,900.2,919.0,971.25,1042.17,-4.0094,-5.3943,-3.6076
3325,旭品,2026-07-22,12.8,0.3,2.4,106454000,0,綠縮,否,是,12.58,12.79,12.7,12.76,-3.1563,-0.3896,-0.1573
3332,幸康,2026-07-22,66.2,-0.8,-1.19,8440000,0,紅縮,否,是,65.96,66.05,65.22,64.71,-0.2721,1.1021,0.5705
3339,泰谷,2026-07-22,35.4,0.4,1.14,374130000,0,綠縮,否,否,35.37,36.86,41.0,48.55,-7.7705,-9.1783,-4.9165
3349,寶德,2026-07-22,23.8,0.8,3.48,73120000,0,紅縮,否,是,23.28,23.52,21.02,21.36,-2.0614,10.3683,6.4018
3354,律勝,2026-07-22,23.0,0.6,2.68,200066000,0,綠縮,否,否,22.78,24.38,25.9,29.16,-12.3509,-7.4924,-4.4989
3357,臺慶科,2026-07-22,219.0,0.0,0.0,2457071000,0,綠縮,否,否,222.7,245.3,278.1,245.82,-16.872,-14.0354,-6.4266
3360,尚立,2026-07-22,18.85,-0.2,-1.05,2487649000,0,綠增,否,是,19.83,19.97,19.66,16.12,-1.3923,-3.1053,6.8759
3362,先進光,2026-07-22,156.5,5.0,3.3,1699959000,0,綠縮,否,是,156.7,163.45,178.78,140.02,-7.9318,-8.6106,-1.2156
3363,上詮,2026-07-22,566.0,43.0,8.22,3152220000,0,綠轉紅,否,否,538.6,568.1,594.25,752.92,-9.8728,-1.6107,-8.1601
3372,典範,2026-07-22,17.25,0.05,0.29,407201000,0,綠縮,否,否,17.2,18.45,19.61,19.85,-12.646,-7.567,-3.3153
3373,熱映,2026-07-22,16.7,0.2,1.21,193143000,0,綠轉紅,是,否,16.5,16.56,16.59,16.78,-0.7817,-0.0302,-0.4649
3374,精材,2026-07-22,418.0,38.0,10.0,33987529000,0,紅增,是,是,380.8,356.75,319.73,260.39,14.4575,13.9594,13.1369
3379,彬台,2026-07-22,31.65,0.05,0.16,115225000,0,綠縮,否,否,31.45,32.8,33.46,36.7,-7.9063,-2.3519,-3.7056
3388,崇越電,2026-07-22,74.5,1.1,1.5,567254000,0,綠縮,否,否,75.12,77.95,82.24,97.53,-7.0067,-5.1472,-4.9249
3390,旭軟,2026-07-22,24.35,0.15,0.62,262901000,0,綠縮,否,否,24.49,25.66,26.88,27.13,-8.7216,-5.5228,-3.0915
3402,漢科,2026-07-22,140.0,,,704419000,0,綠增,否,否,145.5,145.95,145.18,141.16,-0.6148,-0.4094,1.0968
3430,奇鈦科,2026-07-22,120.5,-5.0,-3.98,672928000,0,綠增,否,否,128.2,129.65,136.03,141.79,-2.2121,-4.7741,-0.2749
3434,哲固,2026-07-22,30.0,0.45,1.52,109743000,0,綠縮,否,是,29.4,29.67,29.66,29.82,-1.7708,-0.1347,-0.9931
3438,類比科,2026-07-22,56.7,0.7,1.25,82899000,0,綠縮,否,否,56.64,63.21,67.1,64.96,-18.8306,-9.0373,-4.1908
3441,聯一光,2026-07-22,64.0,0.3,0.47,2005674000,0,綠縮,否,是,64.82,67.84,75.35,56.16,-8.5238,-9.7032,-0.9986
3444,利機,2026-07-22,77.3,0.6,0.78,101958000,0,綠縮,否,否,78.06,81.29,85.93,92.2,-7.6432,-6.2507,-4.2082
3455,由田,2026-07-22,201.5,8.5,4.4,1312277000,0,綠縮,否,否,202.0,219.85,230.65,242.38,-15.0189,-6.9221,-1.5368
3465,進泰電子,2026-07-22,30.7,0.0,0.0,63618000,0,綠縮,否,否,30.79,32.44,34.15,31.52,-9.6803,-6.6475,-0.9356
3466,德晉,2026-07-22,29.3,-0.1,-0.34,120347000,0,綠增,否,否,29.84,31.5,31.72,34.91,-10.0392,-2.1888,-1.5366
3467,台灣精材,2026-07-22,53.1,1.1,2.12,81560000,0,綠縮,否,否,52.12,55.15,59.4,63.62,-10.416,-8.2363,-5.3613
3479,安勤,2026-07-22,150.0,1.5,1.01,8131343000,0,綠縮,是,是,143.7,142.1,140.07,120.45,2.2776,0.673,2.4127
3483,力致,2026-07-22,78.5,-0.5,-0.63,224189000,0,綠縮,否,否,78.94,83.77,87.14,91.56,-10.9029,-5.887,-3.6384
3484,崧騰,2026-07-22,47.5,-0.05,-0.11,159271000,0,綠增,否,是,48.17,50.2,50.7,46.57,-7.7556,-2.8922,1.1674
3485,敘豐,2026-07-22,247.0,21.5,9.53,249528000,0,綠縮,否,否,240.4,263.45,280.9,302.46,-16.0908,-8.9354,-6.3745
3489,森寶,2026-07-22,19.1,0.0,0.0,93034000,0,綠縮,否,否,19.27,21.34,22.12,22.16,-17.6848,-8.1953,-3.4896
3490,單井,2026-07-22,27.65,-0.15,-0.54,537446000,0,綠縮,否,否,27.99,30.11,31.19,33.1,-13.1554,-5.9356,-3.831
3491,昇達科,2026-07-22,1300.0,115.0,9.7,1325167000,0,紅增,否,否,1251.0,1255.5,1326.5,1631.58,-0.7143,-1.7221,-8.1212
3492,長盛,2026-07-22,22.25,-0.05,-0.22,17100000,0,綠增,否,否,22.33,22.61,22.55,22.72,-2.4891,0.0664,-0.2212
3498,陽程,2026-07-22,111.5,6.0,5.69,1493680000,0,綠縮,否,否,113.3,117.9,118.33,118.31,-7.5102,-1.7909,-2.0894
3499,環天科,2026-07-22,13.75,0.0,0.0,51684000,0,綠增,否,否,13.99,14.37,14.47,14.97,-5.0882,-1.8784,-1.1274
3508,位速,2026-07-22,16.0,0.3,1.91,82776000,0,綠縮,否,否,16.19,17.05,17.73,20.2,-9.6036,-4.9875,-3.6413
3511,矽瑪,2026-07-22,20.75,0.2,0.97,244325000,0,綠縮,否,否,20.87,23.45,23.79,22.55,-19.8541,-5.9731,-3.2832
3512,皇龍,2026-07-22,19.35,-0.15,-0.77,41508000,0,綠縮,否,否,19.48,20.02,20.24,20.62,-5.299,-2.1022,-1.5925
3516,亞帝歐,2026-07-22,26.45,0.7,2.72,348849000,0,綠縮,是,是,25.58,26.2,26.99,23.91,-4.5878,-5.0906,0.7466
3520,華盈,2026-07-22,16.95,0.4,2.42,743033000,0,綠縮,否,是,16.37,16.66,16.62,15.81,-3.3648,-0.5078,-1.8311
3521,台鋼建設,2026-07-22,12.3,-0.1,-0.81,23048000,0,綠增,否,否,12.32,12.54,12.47,12.98,-3.5239,-0.5943,-0.6571
3522,御嵿,2026-07-22,13.15,-0.05,-0.38,90208000,0,綠縮,否,是,12.99,13.09,13.3,12.61,-1.5163,-3.9266,2.861
3523,迎輝,2026-07-22,15.4,1.4,10.0,41931000,0,綠縮,是,是,14.78,15.18,16.41,14.67,-5.0739,-7.9745,-2.8123
3526,凡甲,2026-07-22,309.0,0.0,0.0,286662000,0,綠轉紅,否,否,304.2,309.0,312.9,334.88,-3.0593,-2.1842,-1.7197
3527,聚積,2026-07-22,57.7,-1.3,-2.2,122427000,0,綠縮,否,否,57.1,60.06,63.27,60.77,-9.3938,-5.5957,-1.241
3529,力旺,2026-07-22,2600.0,235.0,9.94,763397000,0,綠縮,否,否,2429.0,2539.0,2801.5,3435.17,-8.305,-9.0616,-5.5542
3537,堡達,2026-07-22,57.8,1.3,2.3,932704000,0,綠縮,否,否,58.04,63.19,70.92,63.11,-15.0717,-12.6969,-6.837
3540,曜越,2026-07-22,21.4,-0.1,-0.47,356838000,0,綠縮,否,否,21.46,22.78,23.95,26.02,-10.9544,-6.8493,-4.6482
3541,西柏,2026-07-22,21.95,0.15,0.69,19556000,0,紅增,否,否,21.82,21.98,21.88,22.55,-1.4008,0.0228,-0.1597
3546,宇峻,2026-07-22,72.6,-0.7,-0.95,118398000,0,綠縮,否,否,72.2,73.73,78.72,76.85,-4.0659,-6.5644,-3.12
3548,兆利,2026-07-22,76.2,0.8,1.06,173759000,0,綠縮,否,否,76.26,79.97,83.01,94.16,-8.8671,-4.4564,-4.4104
3551,世禾,2026-07-22,192.0,0.5,0.26,449312000,0,綠增,否,否,197.2,200.85,200.72,203.18,-3.5697,-0.2731,0.8922
3552,同致,2026-07-22,46.15,0.65,1.43,80349000,0,綠縮,否,否,45.57,46.52,47.8,52.14,-3.9823,-2.2691,-1.8985
3555,博士旺,2026-07-22,146.0,5.5,3.91,89305000,0,綠縮,否,否,143.1,160.0,176.43,209.12,-19.1068,-12.4966,-7.3763
3556,禾瑞亞,2026-07-22,63.5,-0.6,-0.94,584354000,0,綠縮,否,是,64.22,68.51,70.49,62.43,-11.7857,-4.2755,-1.8587
3558,神準,2026-07-22,132.0,1.0,0.76,84087000,0,綠縮,否,是,131.7,134.3,133.9,126.25,-3.7984,-0.5185,-1.1078
3564,其陽,2026-07-22,48.3,0.8,1.68,114308000,0,綠增,否,是,47.86,50.77,47.93,45.59,-10.842,4.3148,0.1149
3567,逸昌,2026-07-22,27.8,0.15,0.54,41450000,0,綠縮,否,否,27.54,28.92,29.08,28.59,-9.1089,-3.9362,0.2068
3570,大塚,2026-07-22,165.0,2.0,1.23,21242000,0,綠縮,否,否,163.6,163.95,169.65,171.28,-0.426,-2.5847,-2.6399
3577,泓格,2026-07-22,152.0,-5.0,-3.18,5506835000,0,紅增,是,是,141.6,133.4,128.15,118.59,13.099,6.507,3.0973
3580,友威科,2026-07-22,81.7,0.4,0.49,290748000,0,綠縮,否,否,83.92,89.54,92.87,95.25,-11.8117,-5.1182,-3.6918
3581,博磊,2026-07-22,122.0,7.5,6.55,432290000,0,綠縮,否,否,118.0,124.75,138.12,176.93,-10.2662,-8.5075,-3.8963
3587,閎康,2026-07-22,255.5,6.0,2.4,337604000,0,綠縮,否,否,256.1,271.4,283.68,315.75,-10.6732,-6.1711,-3.0668
3594,磐儀,2026-07-22,53.7,4.8,9.82,1894011000,0,綠縮,否,是,49.83,51.25,50.52,50.88,-5.41,-1.3473,2.1431
3597,映興,2026-07-22,26.85,0.4,1.51,29000000,0,綠縮,否,是,26.45,26.86,26.55,26.61,-2.9714,0.6937,-0.6733
3609,三一東林,2026-07-22,26.3,-1.35,-4.88,57111000,0,紅轉綠,否,否,27.33,27.88,27.18,26.46,-3.8692,1.9378,-0.3118
3611,鼎翰,2026-07-22,185.0,-1.0,-0.54,16601000,0,綠增,否,否,188.9,194.7,195.68,191.72,-5.7855,-2.4793,-0.5085
3615,安可,2026-07-22,41.4,1.6,4.02,788037000,0,綠縮,否,否,41.07,44.65,48.95,44.05,-14.8455,-10.5838,-5.1453
3623,富晶通,2026-07-22,21.6,-0.35,-1.59,41349000,0,綠縮,否,否,21.8,22.81,23.29,23.34,-8.4803,-4.22,-1.5222
3624,光頡,2026-07-22,93.8,2.9,3.19,1718051000,0,綠縮,否,否,97.18,116.89,134.25,98.8,-28.858,-17.77,-3.5076
3625,西勝,2026-07-22,18.45,-0.55,-2.89,881504000,0,紅增,否,是,17.85,17.73,16.88,16.04,1.3053,5.4713,3.8621
3628,盈正,2026-07-22,69.2,0.9,1.32,103278000,0,綠縮,否,否,68.68,71.49,71.79,69.5,-7.5639,-2.3761,-0.9997
3629,地心引力,2026-07-22,13.45,-0.3,-2.18,10000000,0,綠增,否,,14.27,14.87,15.48,,-7.6973,-4.7726,-3.657
3630,新鉅科,2026-07-22,25.45,0.05,0.2,414539000,0,綠縮,否,否,25.71,26.92,29.24,28.27,-8.6029,-6.7383,-3.6497
3631,晟楠,2026-07-22,32.8,0.4,1.23,34041000,0,綠縮,否,否,32.53,32.78,33.44,35.77,-1.5138,-2.0323,-0.6389
3632,研勤,2026-07-22,7.91,-0.24,-2.94,8745000,0,紅縮,否,否,8.12,8.2,8.12,8.32,-1.9091,1.0105,-0.3376
3646,艾恩特,2026-07-22,23.2,0.05,0.22,3014000,0,綠縮,否,否,23.16,23.35,23.34,23.44,-1.6143,-0.4689,-0.6067
3663,鑫科,2026-07-22,71.3,1.8,2.59,568207000,0,綠縮,否,否,71.18,75.58,76.69,75.89,-11.0028,-3.177,0.5375
3664,安瑞-KY,2026-07-22,6.37,0.57,9.83,82388000,0,綠縮,是,否,6.19,6.82,6.97,7.39,-16.8144,-7.6756,-3.1154
3666,光耀,2026-07-22,25.05,0.1,0.4,57001000,0,紅增,否,否,24.83,24.92,25.08,26.21,-0.7197,-0.32,-1.1919
3672,康聯訊,2026-07-22,13.3,-0.55,-3.97,96552000,0,紅轉綠,否,是,13.22,13.46,12.78,11.92,-3.5036,4.3411,2.5266
3675,德微,2026-07-22,273.0,5.5,2.06,483668000,0,綠縮,否,否,282.9,343.75,360.48,307.78,-30.0791,-11.9493,-1.6641
3680,家登,2026-07-22,494.0,13.0,2.7,2510381000,0,綠縮,否,否,481.6,494.65,507.45,523.23,-5.1408,-3.6709,-0.8935
3684,榮昌,2026-07-22,51.7,-0.1,-0.19,11549000,0,綠縮,否,否,51.04,51.56,53.62,57.42,-1.9969,-1.8092,-4.0186
3685,元創精密,2026-07-22,37.9,1.45,3.98,1509092000,0,紅縮,否,是,38.01,34.81,32.29,30.62,20.2468,15.0554,6.9028
3687,歐買尬,2026-07-22,74.0,-2.1,-2.76,330956000,0,綠縮,是,是,73.58,75.16,75.78,71.68,-4.1178,-1.3519,-1.8139
3689,湧德,2026-07-22,111.0,1.5,1.37,701987000,0,綠縮,否,否,109.9,115.7,117.22,124.58,-9.5473,-3.7838,-1.533
3691,碩禾,2026-07-22,119.0,1.5,1.28,872949000,0,綠縮,否,否,119.7,132.0,142.85,142.21,-17.0478,-10.5085,-6.9987
3693,營邦,2026-07-22,519.0,47.0,9.96,1165899000,0,綠轉紅,是,否,474.5,492.05,492.65,562.63,-6.8878,-1.0358,-1.6716
3707,漢磊,2026-07-22,66.0,0.6,0.92,10420694000,0,綠縮,否,否,68.98,75.13,80.39,75.82,-15.1329,-8.9223,-2.1365
3709,鑫聯大投控,2026-07-22,74.3,1.2,1.64,958561000,0,紅增,否,否,74.48,75.37,75.04,79.83,-2.3341,-0.2647,-0.0998
3710,連展投控,2026-07-22,5.65,-0.09,-1.57,120445000,0,綠縮,否,否,5.69,5.76,5.92,6.37,-2.4005,-1.7059,-1.9871
3713,新晶投控,2026-07-22,14.55,0.0,0.0,57043000,0,綠縮,否,否,14.43,14.56,14.72,14.88,-1.8367,-0.8172,-2.7571
4102,永日,2026-07-22,20.15,-0.25,-1.23,48311000,0,紅縮,否,是,20.35,20.26,19.66,18.46,0.8924,3.0257,2.6223
4105,東洋,2026-07-22,77.0,-2.1,-2.65,2186477000,0,紅縮,是,是,78.08,77.86,76.4,74.85,0.5667,1.3934,1.2591
4107,邦特,2026-07-22,118.5,0.0,0.0,46851000,0,紅縮,否,是,118.1,117.75,116.7,116.75,0.5963,1.3339,0.2793
4109,加捷生醫,2026-07-22,11.6,0.1,0.87,101632000,0,綠增,否,否,11.7,11.91,11.8,11.73,-3.5449,1.0602,-1.0065
4111,濟生,2026-07-22,30.0,0.0,0.0,53497000,0,綠增,否,是,30.03,30.21,30.07,29.91,-1.1846,0.3155,0.0999
4113,聯上,2026-07-22,14.85,0.15,1.02,66090000,0,綠縮,否,否,14.79,14.85,15.31,15.21,-0.8713,-1.1643,-2.5302
4114,健喬,2026-07-22,29.6,-0.1,-0.34,1321838000,0,綠增,否,否,30.36,31.76,31.35,30.96,-8.4163,-1.0902,-0.0956
4116,明基醫,2026-07-22,38.7,-0.1,-0.26,10223000,0,紅增,否,是,38.47,38.37,38.01,38.39,0.5489,1.267,0.6688
4120,友華,2026-07-22,45.9,1.5,3.38,117195000,0,綠縮,否,否,46.03,46.68,45.99,46.11,-2.7672,0.7228,-0.1249
4121,優盛,2026-07-22,13.3,0.0,0.0,54617000,0,紅增,否,否,13.28,13.38,13.38,13.99,-1.5567,-0.1864,-0.631
4123,晟德,2026-07-22,38.35,0.3,0.79,1845714000,0,綠縮,否,是,37.79,38.39,38.01,38.33,-3.1026,-0.2468,0.0724
4126,太醫,2026-07-22,77.1,0.2,0.26,42078000,0,綠縮,否,否,77.14,79.2,79.69,79.64,-5.0701,-1.8587,-0.8214
4127,天良,2026-07-22,76.7,1.1,1.46,143697000,0,紅轉綠,否,是,78.36,76.82,72.09,58.61,4.0914,7.1708,4.4779
4128,中天,2026-07-22,15.3,-0.15,-0.97,1429805000,0,綠增,否,否,15.55,16.41,15.9,15.45,-10.0116,-0.7857,1.0322
4129,聯合,2026-07-22,91.7,0.7,0.77,203702000,0,綠縮,否,否,91.4,92.19,91.67,93.69,-1.6993,-0.2489,0.3778
4131,浩泰,2026-07-22,34.8,0.4,1.16,3244000,0,紅增,否,是,33.61,33.26,33.95,34.67,2.127,0.2411,-1.5012
4138,曜亞,2026-07-22,51.1,0.1,0.2,40908000,0,紅增,是,否,50.94,51.08,51.08,53.11,-0.5467,0.0392,-0.1661
4139,馬光-KY,2026-07-22,42.0,2.05,5.13,187698000,0,紅增,否,是,37.78,31.65,27.99,25.13,47.9828,26.9501,13.8254
4147,中裕,2026-07-22,58.4,-0.1,-0.17,1152440000,0,綠增,否,是,60.2,65.03,63.25,55.15,-13.8277,-2.328,1.3136
4153,鈺緯,2026-07-22,31.2,0.2,0.65,5222000,0,紅縮,否,是,31.12,31.12,30.55,30.85,-0.0321,1.8488,0.0491
4154,樂威科-KY,2026-07-22,12.75,0.3,2.41,1000000,0,紅增,否,否,12.25,12.02,12.37,13.15,3.9016,-0.9885,-2.5787
4157,太景*-KY,2026-07-22,8.62,0.04,0.47,892097000,0,紅縮,否,否,8.6,8.81,8.7,9.19,-4.5697,0.0795,-0.4293
4160,訊聯基因,2026-07-22,39.85,-0.7,-1.73,16636000,0,紅轉綠,否,否,40.29,40.98,40.39,41.49,-3.2885,0.6509,0.0743
4161,聿新科,2026-07-22,22.55,-0.05,-0.22,6199000,0,綠增,否,否,22.69,22.91,22.98,23.17,-1.9447,-0.7794,-0.1629
4162,智擎,2026-07-22,68.4,0.4,0.59,756301000,0,紅增,否,是,66.36,65.19,62.01,57.98,3.6551,4.7734,3.7914
4163,鐿鈦,2026-07-22,125.5,0.5,0.4,57006000,0,綠縮,否,是,124.5,127.3,124.78,114.46,-4.3044,0.3547,2.3375
4166,友霖,2026-07-22,26.2,-0.2,-0.76,176912000,0,紅縮,否,是,26.55,26.63,25.91,25.48,-0.6362,2.2653,1.1025
4167,松瑞藥,2026-07-22,20.75,-0.15,-0.72,905730000,0,紅縮,否,是,20.82,20.9,20.34,19.7,-0.7626,1.9761,1.0558
4168,醣聯,2026-07-22,23.45,-0.2,-0.85,98706000,0,綠縮,否,否,23.66,24.51,24.9,24.78,-6.7402,-3.1028,-2.4099
4171,瑞基,2026-07-22,19.2,0.75,4.07,560821000,0,紅增,否,是,18.53,17.8,17.41,18.13,8.553,4.9219,1.5156
4173,久裕,2026-07-22,17.95,0.05,0.28,52785000,0,綠轉紅,否,否,17.85,17.98,17.99,18.37,-1.4357,-0.1943,-0.6076
4174,浩鼎,2026-07-22,28.05,0.15,0.54,165905000,0,紅轉綠,否,否,28.27,28.9,28.71,30.67,-4.2668,-0.8916,0.1395
4175,杏一,2026-07-22,50.2,0.0,0.0,22995000,0,綠縮,否,否,50.16,50.77,51.9,53.24,-2.3745,-2.5715,-1.4432
4183,福永生技,2026-07-22,14.9,0.0,0.0,3001000,0,紅增,否,是,14.36,14.24,13.99,14.05,1.6997,2.3356,2.0609
4188,安克,2026-07-22,10.0,0.06,0.6,28001000,0,綠縮,否,否,9.98,10.33,10.44,11.11,-6.6604,-2.9216,-1.4215
4192,杏國,2026-07-22,19.6,0.2,1.03,1393000,0,綠縮,否,否,19.49,20.02,20.2,20.24,-5.2043,-1.5245,-1.7983
4198,欣大健康,2026-07-22,42.2,2.0,4.98,19192000,0,綠縮,是,是,40.84,41.77,40.25,38.98,-4.356,2.4779,2.4437
4205,中華食,2026-07-22,70.6,0.0,0.0,26337000,0,綠增,否,否,71.2,72.21,72.66,73.39,-2.7588,-1.177,-0.5475
4207,環泰,2026-07-22,19.95,-0.05,-0.25,89696000,0,綠縮,否,是,19.87,19.9,19.66,19.01,-0.3011,1.2208,0.3572
4303,信立,2026-07-22,44.05,0.2,0.46,218410000,0,綠縮,否,否,43.56,44.65,45.47,48.56,-4.7661,-2.1048,-1.5589
4304,勝昱,2026-07-22,17.9,-0.1,-0.56,23005000,0,綠轉紅,否,否,18.36,18.84,20.26,25.65,-4.9197,-4.2694,-7.4146
4401,東隆興,2026-07-22,15.0,0.0,0.0,40001000,0,紅縮,否,是,14.87,14.95,14.47,14.29,-1.0645,3.2102,1.6146
4402,郡都開發,2026-07-22,16.1,0.0,0.0,12548000,0,綠增,否,是,16.25,16.21,16.59,14.66,0.4326,-3.3671,-0.5695
4406,新昕纖,2026-07-22,9.9,-0.03,-0.3,5000000,0,綠轉紅,否,否,9.83,9.86,9.87,9.95,-0.6672,-0.162,-0.1214
4413,飛寶企業,2026-07-22,14.25,-0.1,-0.7,12894000,0,紅增,是,否,14.45,14.63,15.09,17.01,-2.4966,-1.4478,-3.0984
4416,三圓,2026-07-22,10.3,-0.05,-0.48,152300000,0,綠縮,否,否,10.31,10.58,10.84,11.75,-5.0645,-6.5755,-0.6872
4417,金洲,2026-07-22,43.45,0.0,0.0,25974000,0,綠縮,否,否,43.54,45.45,46.41,46.28,-8.0659,-4.4164,-1.4231
4419,皇家美食,2026-07-22,45.8,-0.75,-1.61,2001000,0,綠增,否,否,46.29,46.48,47.14,46.32,-0.8142,-2.5577,0.2552
4420,光明,2026-07-22,35.1,0.1,0.29,20503000,0,綠增,否,否,35.35,36.04,36.38,38.99,-3.7571,-1.4088,-1.815
4430,耀億,2026-07-22,16.8,-0.15,-0.88,90156000,0,綠縮,是,否,16.86,16.96,17.21,17.24,-1.2302,-1.538,-1.0066
4432,銘旺實,2026-07-22,16.0,0.1,0.63,5192000,0,綠增,否,是,16.08,16.29,16.06,15.89,-2.4864,1.6859,-0.4802
4433,興采,2026-07-22,19.8,0.0,0.0,7943000,0,綠縮,否,否,19.82,20.44,20.59,20.53,-5.8879,-2.7824,-0.8069
4442,竣邦-KY,2026-07-22,51.3,4.6,9.85,272835000,0,綠縮,是,否,48.42,49.14,50.73,52.53,-2.9076,-2.0333,-2.5174
4502,健信,2026-07-22,15.75,0.0,0.0,35123000,0,綠轉紅,是,否,15.73,15.74,15.75,15.82,-0.127,-0.0635,-0.111
4503,金雨,2026-07-22,38.05,1.45,3.96,239726000,0,綠縮,否,否,37.12,40.09,39.6,41.24,-13.7747,-4.3089,-0.3209
4506,崇友,2026-07-22,121.0,,,225531000,0,紅縮,是,是,122.7,122.6,121.08,119.15,0.1633,0.9469,1.0432
4510,高鋒,2026-07-22,39.7,0.75,1.93,467761000,0,綠縮,否,否,39.5,41.01,42.29,45.92,-7.1025,-3.1412,-3.2101
4513,福裕,2026-07-22,22.8,1.35,6.29,5382166000,0,紅增,否,是,21.43,19.6,18.09,16.09,20.5965,15.091,8.6134
4523,永彰,2026-07-22,24.25,0.35,1.46,43077000,0,綠縮,否,否,24.16,25.01,27.14,28.84,-6.5739,-8.5223,-4.3271
4527,方土霖,2026-07-22,39.25,0.05,0.13,18385000,0,紅增,否,否,39.24,39.3,39.65,41.84,-0.3302,-0.4559,-1.1592
4528,江興鍛,2026-07-22,15.45,0.0,0.0,54559000,0,紅增,是,否,15.51,15.5,15.53,15.73,0.1291,0.5188,-0.8936
4529,淳紳,2026-07-22,4.46,0.12,2.76,23812000,0,綠轉紅,否,否,4.35,4.48,4.48,4.82,-5.4735,1.7034,-3.7383
4530,宏易,2026-07-22,25.1,-0.35,-1.38,9005000,0,綠增,否,否,25.84,26.06,25.84,26.21,-1.7117,-1.3623,0.2716
4533,協易機,2026-07-22,26.8,0.45,1.71,375648000,0,綠縮,否,否,26.71,28.13,28.62,30.51,-9.6414,-3.1831,-3.2124
4534,慶騰,2026-07-22,40.15,3.65,10.0,2849611000,0,紅增,否,是,38.88,36.49,34.13,28.82,14.0176,12.2942,4.4849
4535,至興,2026-07-22,27.3,-0.1,-0.36,23544000,0,紅轉綠,是,否,27.49,27.84,27.58,27.53,-2.4485,0.4149,0.3457
4538,大詠城,2026-07-22,17.55,-0.3,-1.68,22331000,0,綠增,否,否,18.14,18.39,18.61,18.46,-2.6824,-1.8153,-0.4014
4541,晟田,2026-07-22,70.6,-5.1,-6.74,23682490000,0,紅縮,否,是,72.14,68.05,59.35,50.76,12.7892,17.3782,11.6126
4542,科嶠,2026-07-22,335.0,10.5,3.24,130683000,0,綠縮,否,是,330.8,359.15,385.62,286.53,-14.6323,-13.0913,-0.2457
4543,萬在,2026-07-22,31.6,0.0,0.0,120155000,0,綠縮,否,否,32.15,33.72,34.92,37.73,-8.8977,-4.5435,-3.8414
4549,桓達,2026-07-22,96.4,1.6,1.69,77716000,0,綠縮,否,否,95.14,97.62,100.03,103.95,-4.955,-2.2334,-3.2544
4550,長佳,2026-07-22,24.85,0.0,0.0,3238000,0,綠增,否,是,24.95,25.23,24.88,24.8,-2.2335,1.0006,-0.4602
4554,橙的,2026-07-22,31.2,-0.2,-0.64,57323000,0,綠增,否,是,31.25,31.36,31.2,30.7,-0.6991,-0.4286,0.9138
4556,旭然,2026-07-22,132.5,7.0,5.58,217505000,0,紅增,否,是,121.5,108.86,91.09,58.32,26.2731,28.4181,19.7856
4558,寶緯,2026-07-22,17.3,-0.5,-2.81,17180000,0,綠增,否,否,17.45,17.86,18.13,19.02,-4.4882,-2.3243,-1.7344
4561,健椿,2026-07-22,37.25,0.55,1.5,122850000,0,綠縮,否,否,37.18,39.16,39.94,43.08,-9.6257,-3.0693,-3.2817
4563,百德,2026-07-22,40.9,0.85,2.12,58621000,0,綠轉紅,否,否,40.51,41.34,41.53,45.3,-3.9592,-0.8156,-1.7797
4568,科際精密,2026-07-22,39.55,-0.2,-0.5,6397000,0,綠增,否,否,39.9,40.68,41.02,41.03,-3.7627,-2.0349,-0.2977
4577,達航科技,2026-07-22,70.5,1.0,1.44,223998000,0,綠縮,否,否,71.62,78.49,85.94,117.42,-16.0965,-10.7053,-4.8813
4580,捷流閥業,2026-07-22,81.5,0.5,0.62,16020000,0,綠縮,否,否,81.16,81.53,81.76,81.56,-0.9035,-0.3788,0.0061
4584,君帆,2026-07-22,39.85,0.35,0.89,1206000,0,紅增,否,否,39.86,39.84,40.09,41.4,0.1256,-0.3003,-1.2197
4609,唐鋒,2026-07-22,5.0,-0.18,-3.47,18000000,0,綠增,是,否,5.05,5.13,5.14,5.14,-3.035,-0.2723,-2.7815
4702,中美實,2026-07-22,9.69,0.19,2.0,87470000,0,綠縮,否,否,9.6,9.73,9.9,9.86,-2.7558,-2.416,-1.2023
4706,大恭,2026-07-22,33.0,1.0,3.12,17042000,0,綠轉紅,否,是,32.3,32.16,32.16,31.95,0.8745,-0.2791,0.4608
4707,磐亞,2026-07-22,35.45,2.6,7.91,2015736000,0,紅轉綠,否,是,37.44,37.22,31.56,21.39,1.2165,12.3981,16.0813
4711,永純,2026-07-22,16.55,0.05,0.3,29411000,0,綠縮,否,否,16.4,16.82,16.97,16.77,-4.8724,-1.7523,-1.1071
4714,永捷,2026-07-22,11.05,0.05,0.45,727841000,0,綠縮,否,否,11.03,11.49,12.03,13.51,-7.6987,-5.1197,-4.7525
4716,大立,2026-07-22,18.45,0.3,1.65,1934203000,0,綠增,否,是,18.93,20.91,21.34,17.4,-17.3362,-9.6739,2.5721
4721,美琪瑪,2026-07-22,74.7,1.6,2.19,492753000,0,綠縮,否,否,73.66,80.71,87.05,89.14,-16.0665,-8.9155,-5.6522
4726,永昕,2026-07-22,24.9,0.4,1.63,65068000,0,綠轉紅,否,否,24.67,25.24,25.1,27.12,-4.4539,-1.2131,-0.8788
4728,雙美,2026-07-22,377.5,-2.5,-0.66,1006000,0,紅縮,否,否,378.4,379.65,378.27,383.77,-0.6563,0.3171,-0.0594
4729,熒茂,2026-07-22,19.3,-0.05,-0.26,240133000,0,綠縮,否,否,19.32,20.5,21.47,21.89,-10.8856,-6.3285,-3.2124
4735,豪展,2026-07-22,31.2,0.25,0.81,18499000,0,綠轉紅,否,是,30.83,30.85,30.84,30.86,-0.1296,-0.178,-0.8359
4741,泓瀚,2026-07-22,46.45,0.8,1.75,218139000,0,綠縮,否,否,46.85,49.86,55.66,59.71,-11.4032,-9.4187,-12.3011
4743,合一,2026-07-22,47.7,-0.1,-0.21,1696417000,0,綠增,否,否,48.52,51.79,50.74,51.15,-11.878,-2.3107,-0.1427
4744,皇將,2026-07-22,31.0,-2.0,-6.06,217128000,0,紅縮,否,否,31.72,30.1,27.93,31.54,11.3764,12.3344,-1.4644
4745,合富-KY,2026-07-22,13.5,-0.1,-0.74,44436000,0,紅縮,否,否,13.87,13.96,14.11,16.47,-1.3514,-0.9926,-3.1738
4747,強生,2026-07-22,48.9,0.1,0.2,26438000,0,紅增,是,否,48.82,49.02,49.82,53.31,-0.8127,-0.1833,-2.5717
4749,新應材,2026-07-22,815.0,-1.0,-0.12,541563000,0,綠縮,否,否,821.0,849.2,881.4,980.77,-6.4281,-3.8932,-3.2386
4754,國碳科,2026-07-22,37.05,0.1,0.27,19083000,0,紅增,否,否,36.95,36.89,37.12,37.61,0.3258,0.1085,-1.4405
4760,勤凱,2026-07-22,255.0,8.5,3.45,609852000,0,綠縮,否,否,254.0,285.35,316.25,319.17,-19.7979,-11.5194,-9.1692
4767,誠泰科技,2026-07-22,27.5,0.3,1.1,4000000,0,綠縮,否,是,27.27,27.32,27.28,26.99,-0.4018,0.2568,0.2112
4768,晶呈科技,2026-07-22,314.0,17.0,5.72,309182000,0,綠縮,否,否,307.3,325.85,348.65,429.03,-10.7724,-8.0429,-5.3803
4772,台特化,2026-07-22,242.5,0.5,0.21,459143000,0,綠縮,否,否,247.1,259.7,266.6,290.49,-9.2545,-4.2404,-2.4515
4806,桂田文創,2026-07-22,10.0,0.0,0.0,8199000,0,綠增,否,否,10.03,10.07,10.14,10.21,-0.7519,-0.3168,-0.4564
4903,聯光通,2026-07-22,35.6,1.0,2.89,613935000,0,綠縮,否,否,35.57,37.56,38.78,43.12,-10.0632,-5.6518,-2.3726
4905,台聯電,2026-07-22,67.4,1.0,1.51,2030000,0,紅增,否,否,67.28,67.33,68.74,77.15,-0.1484,-1.1016,-3.0739
4907,富宇,2026-07-22,40.95,0.1,0.24,101454000,0,綠縮,否,是,40.3,40.96,40.99,39.13,-3.1716,-1.0628,0.8612
4908,前鼎,2026-07-22,144.5,6.5,4.71,1157967000,0,綠縮,否,否,142.2,153.65,171.9,206.13,-13.8704,-11.0822,-7.9888
4909,新復興,2026-07-22,39.4,1.2,3.14,307852000,0,綠縮,否,否,39.16,41.09,43.84,50.75,-8.9726,-6.037,-5.2105
4911,德英,2026-07-22,34.5,-0.05,-0.14,19478000,0,紅縮,否,是,34.76,33.92,32.62,32.96,5.0468,5.2591,2.7319
4923,力士,2026-07-22,48.0,2.0,4.35,524663000,0,綠縮,否,是,48.98,55.85,56.7,45.34,-21.9069,-7.3337,1.2725
4924,欣厚-KY,2026-07-22,10.1,-0.2,-1.94,38081000,0,綠縮,否,否,10.29,11.48,12.32,11.61,-18.8161,-13.2098,-3.4358
4931,新盛力,2026-07-22,215.0,6.0,2.87,3520073000,0,綠縮,否,是,209.9,230.6,238.53,210.86,-16.4743,-5.1809,-4.1009
4933,友輝,2026-07-22,58.3,0.3,0.52,163814000,0,綠縮,否,否,58.18,61.35,64.16,68.28,-9.8264,-6.2357,-3.7432
4939,亞電,2026-07-22,70.9,-1.9,-2.61,73667795000,0,紅增,是,是,66.18,62.25,62.15,51.85,13.4774,3.6982,0.6722
4946,辣椒,2026-07-22,84.5,-0.5,-0.59,31651000,0,綠增,否,否,88.98,94.8,100.55,105.34,-11.5683,-7.7911,-4.197
4950,金耘國際,2026-07-22,16.1,0.1,0.62,13688000,0,綠縮,否,否,15.99,16.18,16.12,16.52,-2.2616,-0.4002,-0.4324
4951,精拓科,2026-07-22,80.2,1.8,2.3,225862000,0,綠縮,否,否,79.58,85.14,91.35,105.75,-12.2602,-8.7166,-5.6299
4953,緯軟,2026-07-22,126.5,3.0,2.43,317135000,0,綠縮,否,是,123.6,124.85,126.08,125.27,-1.9826,0.0401,-2.6448
4966,譜瑞-KY,2026-07-22,612.0,29.0,4.97,647512000,0,綠縮,否,否,596.6,621.7,635.65,677.93,-7.7613,-2.5701,-2.8801
4971,IET-KY,2026-07-22,419.0,15.5,3.84,1111545000,0,綠轉紅,否,否,397.8,416.2,462.9,638.32,-8.4676,-8.868,-7.6969
4972,湯石照明,2026-07-22,16.8,-0.1,-0.59,7224000,0,綠增,否,是,16.84,16.93,16.9,16.67,-0.9994,-0.118,0.267
4973,廣穎,2026-07-22,144.5,4.5,3.21,1621373000,0,綠縮,否,是,144.1,153.0,165.68,137.31,-10.9944,-7.5808,-6.7801
4974,亞泰,2026-07-22,69.0,0.5,0.73,73418000,0,綠縮,否,否,68.26,69.3,69.97,72.99,-2.9571,-0.8867,-2.5827
4979,華星光,2026-07-22,379.0,22.0,6.16,8610858000,0,綠縮,否,否,368.4,399.7,447.43,553.67,-14.5244,-9.9775,-7.6951
4991,環宇-KY,2026-07-22,420.5,38.0,9.93,3422672000,0,綠縮,否,否,387.4,428.75,484.25,615.07,-17.592,-13.1909,-7.876
4995,晶達,2026-07-22,45.75,0.15,0.33,56019000,0,紅增,否,是,45.63,45.58,45.3,44.9,0.2196,0.9636,0.1603
5009,榮剛,2026-07-22,33.9,0.2,0.59,2215710000,0,紅增,否,否,33.76,33.83,33.83,34.74,-0.3836,2.3759,-1.5782
5011,久陽,2026-07-22,19.95,-0.1,-0.5,389156000,0,綠縮,否,是,20.07,21.67,22.73,18.34,-13.7516,-10.51,2.5265
5013,強新,2026-07-22,24.6,0.05,0.2,9562000,0,綠增,否,否,25.22,25.98,26.69,27.83,-5.6844,-3.5456,-2.145
5014,建錩,2026-07-22,11.2,0.15,1.36,251357000,0,綠轉紅,否,是,11.1,11.05,11.0,10.6,0.9091,1.1442,0.1594
5015,華祺,2026-07-22,21.3,-0.3,-1.39,17591000,0,綠縮,否,否,21.49,21.67,22.43,23.13,-1.6476,-2.716,-2.4995
5016,松和,2026-07-22,24.35,0.35,1.46,12355000,0,綠轉紅,否,否,24.05,24.13,24.54,25.52,-0.7019,-1.5501,-1.1184
5201,凱衛,2026-07-22,27.4,0.25,0.92,32024000,0,紅增,否,否,27.03,27.04,27.1,29.1,-0.1109,0.3898,-1.8025
5202,力新,2026-07-22,13.1,0.05,0.38,162515000,0,綠縮,否,否,13.17,13.82,14.38,13.7,-9.047,-5.4054,-3.5864
5205,中茂,2026-07-22,22.25,0.15,0.68,1210000,0,綠縮,否,否,22.02,22.68,23.49,23.35,-5.6555,-4.324,-1.736
5206,坤悅,2026-07-22,20.4,0.05,0.25,21974000,0,綠增,否,否,20.81,21.85,22.45,22.93,-9.0869,-4.3345,-2.7615
5209,新鼎,2026-07-22,153.5,0.0,0.0,19112000,0,綠縮,否,否,153.6,155.9,164.0,166.36,-2.9077,-5.1991,-2.8148
5210,寶碩,2026-07-22,29.4,-0.6,-2.0,456283000,0,綠增,否,是,29.99,30.18,30.07,27.83,-1.2187,0.7849,-0.5949
5211,蒙恬,2026-07-22,19.25,-0.1,-0.52,51880000,0,綠增,否,否,19.85,20.74,20.72,20.12,-8.2293,-5.8129,0.9499
5212,凌網,2026-07-22,47.1,0.0,0.0,4080000,0,紅縮,否,否,47.5,47.58,47.14,47.1,-0.3357,0.5813,0.2392
5213,亞昕,2026-07-22,22.2,0.2,0.91,294430000,0,紅增,否,否,22.13,22.19,22.36,24.63,-0.5393,-0.4933,-1.4002
5220,萬達光電,2026-07-22,21.0,0.1,0.48,61432000,0,紅增,否,否,20.88,20.79,20.93,21.37,0.8696,0.0241,-0.4164
5223,安力-KY,2026-07-22,23.65,0.05,0.21,10001000,0,綠縮,否,否,23.78,24.3,24.83,25.09,-4.1902,-2.8194,-1.7122
5227,立凱-KY,2026-07-22,38.9,3.5,9.89,697532000,0,綠縮,否,是,33.86,33.47,35.3,27.6,2.3579,-0.8149,3.5646
5228,鈺鎧,2026-07-22,43.65,0.35,0.81,503530000,0,綠縮,否,否,44.28,50.22,58.86,52.8,-21.1538,-17.6586,-10.6769
5230,雷笛克光學,2026-07-22,18.45,0.1,0.54,314060000,0,綠縮,否,是,18.58,19.5,20.48,18.42,-9.0553,-7.7123,0.7876
5245,智晶,2026-07-22,24.3,0.65,2.75,61005000,0,綠縮,否,否,24.23,25.1,26.0,25.89,-6.736,-5.0492,-1.8127
5251,天鉞電,2026-07-22,28.0,0.25,0.9,103068000,0,綠縮,否,否,27.6,28.82,29.98,29.29,-8.1531,-6.2144,-2.2979
5263,智崴,2026-07-22,98.6,3.8,4.01,123278000,0,綠縮,否,否,96.02,98.19,99.05,101.03,-4.3244,-1.2769,-1.6581
5272,笙科,2026-07-22,19.2,0.65,3.5,57527000,0,綠縮,否,否,18.99,19.79,20.48,22.33,-7.7708,-4.5115,-2.3131
5274,信驊,2026-07-22,15510.0,1410.0,10.0,380634000,0,綠縮,否,否,13875.0,14068.5,15737.25,16649.92,-2.7135,-8.3635,-5.7424
5276,達輝-KY,2026-07-22,18.9,0.15,0.8,12201000,0,紅縮,否,否,19.1,19.23,18.83,18.95,-1.3939,1.9883,0.776
5278,尚凡*,2026-07-22,24.4,-0.1,-0.41,56414000,0,綠增,否,是,24.47,24.43,24.41,23.86,0.2869,-0.4076,0.041
5287,數字,2026-07-22,146.5,-0.5,-0.34,44177000,0,綠增,否,否,147.6,149.05,148.9,150.52,-1.9269,-0.6664,0.1177
5289,宜鼎,2026-07-22,1360.0,60.0,4.62,2024816000,0,綠縮,否,否,1324.0,1434.5,1592.75,1591.08,-14.3042,-9.3809,-7.5461
5291,邑昇,2026-07-22,55.5,1.6,2.97,1823043000,0,綠縮,是,否,52.5,54.3,57.3,64.6,-6.4171,-4.5526,-5.6635
5299,杰力,2026-07-22,96.1,2.5,2.67,402679000,0,綠縮,否,否,96.3,109.7,115.65,105.25,-21.7709,-11.1021,-1.4066
5301,寶得利,2026-07-22,6.01,0.0,0.0,6621000,0,紅縮,否,否,6.1,6.15,6.34,7.21,-1.6129,-1.1572,-3.012
5302,太欣,2026-07-22,10.95,0.0,0.0,812216000,0,綠增,否,否,11.18,12.49,12.62,11.5,-18.9855,-5.1632,0.0595
5309,系統電,2026-07-22,54.6,0.6,1.11,1335032000,0,綠縮,否,否,54.86,59.24,62.27,65.1,-13.7693,-6.3399,-5.5227
5310,天剛,2026-07-22,24.65,-0.35,-1.4,72005000,0,紅縮,是,是,24.97,24.84,24.39,24.35,1.0522,1.9495,-0.2351
5312,寶島科,2026-07-22,91.6,1.6,1.78,112636000,0,紅增,是,否,89.86,89.59,90.8,94.29,0.6046,0.7875,-1.6412
5314,世紀*,2026-07-22,58.4,-2.4,-3.95,5647103000,0,綠增,否,否,60.54,63.97,62.38,66.34,-10.178,-1.8715,0.7348
5315,光聯,2026-07-22,19.35,-0.05,-0.26,231956000,0,綠縮,否,否,19.43,19.94,21.51,22.05,-4.9878,-8.1741,-3.3588
5321,美而快,2026-07-22,54.9,2.3,4.37,235114000,0,綠縮,否,是,54.66,56.9,55.44,40.36,-7.5752,-6.6448,8.4993
5324,士開,2026-07-22,12.05,-0.05,-0.41,111568000,0,綠縮,否,是,12.03,12.04,12.11,11.72,-0.166,-0.742,-0.1031
5328,華容,2026-07-22,66.3,6.0,9.95,6577500000,0,綠縮,否,是,61.6,67.08,65.72,43.33,-15.1047,-7.9709,7.2023
5340,建榮,2026-07-22,73.5,1.9,2.65,753224000,0,綠縮,否,否,73.02,78.09,85.09,99.26,-12.1934,-10.2311,-4.2965
5344,立衛,2026-07-22,15.15,0.15,1.0,49266000,0,綠縮,否,否,15.3,15.93,15.92,16.1,-7.6087,-0.6858,-0.5622
5345,馥鴻,2026-07-22,22.95,2.05,9.81,27454000,0,綠縮,否,否,20.52,22.66,26.13,24.17,-17.2581,-14.6516,-10.2379
5347,世界,2026-07-22,171.0,15.5,9.97,32455654000,0,綠縮,否,是,166.9,171.8,184.15,167.74,-5.5461,-10.1699,0.4226
5348,正能量智能,2026-07-22,16.6,-0.05,-0.3,10344000,0,紅轉綠,是,是,16.67,16.56,16.67,16.26,1.3374,-0.8086,1.6776
5351,鈺創,2026-07-22,90.4,1.5,1.69,32643637000,0,綠縮,否,是,90.92,92.03,90.77,83.11,-2.3835,2.9649,0.9397
5353,台林,2026-07-22,28.2,0.55,1.99,30340000,0,綠縮,否,否,27.8,28.9,30.35,28.72,-7.3024,-6.3523,-4.024
5355,佳總,2026-07-22,5.9,-0.19,-3.12,78003000,0,綠增,否,否,6.12,6.12,6.27,6.53,0.0327,-0.1631,-2.7312
5356,協益,2026-07-22,24.85,-0.05,-0.2,75025000,0,綠縮,否,否,24.89,25.73,26.66,26.87,-6.2877,-4.7222,-2.8069
5364,力麗店,2026-07-22,8.64,0.01,0.12,105071000,0,紅縮,否,否,8.65,8.75,8.7,9.23,-2.0819,0.3327,-0.0862
5371,中光電,2026-07-22,86.0,-3.5,-3.91,35804829000,0,綠增,否,是,87.14,91.48,84.39,76.18,-9.0587,2.8327,5.7453
5381,光譜,2026-07-22,24.6,0.55,2.29,928850000,0,綠縮,否,否,24.53,26.04,27.34,26.5,-10.9296,-7.5133,-5.4797
5386,青雲,2026-07-22,265.5,7.0,2.71,1773588000,0,綠縮,否,否,302.1,351.5,420.32,446.52,-24.6445,-18.7847,-10.5882
5392,能率,2026-07-22,42.4,0.2,0.47,824971000,0,綠增,否,否,42.94,45.16,45.18,43.01,-9.3519,-3.5253,-0.2153
5398,慕康生醫,2026-07-22,14.9,-0.5,-3.25,144455000,0,綠縮,是,否,14.91,15.29,16.23,18.06,-4.7893,-5.4146,-4.2202
5403,中菲,2026-07-22,95.5,-0.1,-0.1,52395000,0,紅增,否,是,95.04,94.73,94.03,91.8,0.6566,1.2505,0.3683
5410,國眾,2026-07-22,36.8,0.0,0.0,416835000,0,綠縮,否,否,36.92,40.02,42.25,38.89,-14.3785,-8.1689,-3.8245
5425,台半,2026-07-22,92.8,3.3,3.69,13874688000,0,綠縮,否,否,93.66,111.68,115.7,93.14,-27.7872,-10.5487,-0.2414
5426,振發,2026-07-22,28.75,2.6,9.94,948889000,0,綠縮,否,是,26.99,28.51,31.6,24.7,-10.1232,-8.7242,-5.1051
5432,新門,2026-07-22,124.5,2.5,2.05,39132000,0,綠縮,否,否,124.5,133.7,145.1,141.67,-12.8761,-12.3566,-2.0422
5438,東友,2026-07-22,17.75,-0.1,-0.56,23385000,0,綠增,否,否,18.13,18.64,18.78,19.02,-5.3758,-1.4014,-1.0539
5439,高技,2026-07-22,251.5,,,1728459000,0,綠增,否,否,262.8,294.95,307.95,357.72,-19.6576,-8.3579,-6.2414
5443,均豪,2026-07-22,101.0,3.0,3.06,1915405000,0,綠縮,否,否,99.8,104.5,107.23,115.75,-8.6081,-6.2948,-0.6715
5450,南良,2026-07-22,16.2,-1.75,-9.75,2844495000,0,紅縮,否,是,16.88,15.97,15.41,14.0,12.085,6.68,3.8235
5452,佶優,2026-07-22,27.2,0.7,2.64,429482000,0,綠縮,否,否,27.24,29.49,31.65,32.65,-14.1777,-9.6784,-3.7479
5455,昇益,2026-07-22,28.2,1.1,4.06,141224000,0,綠縮,是,是,27.48,27.41,27.27,25.69,0.5488,0.8093,1.6685
5457,宣德,2026-07-22,30.35,0.0,0.0,725934000,0,綠縮,否,否,30.21,31.74,33.57,33.72,-9.2248,-5.6051,-2.2564
5460,同協,2026-07-22,16.6,0.0,0.0,101785000,0,綠增,否,是,16.77,17.04,16.58,15.56,-3.1755,0.7685,3.0298
5464,霖宏,2026-07-22,81.8,2.9,3.68,490935000,0,綠縮,否,是,81.22,88.71,90.29,67.58,-15.5717,-9.3686,3.1589
5465,富驊,2026-07-22,22.5,0.1,0.45,94634000,0,綠縮,否,否,22.47,23.57,24.43,25.25,-8.9546,-4.8436,-3.638
5468,凱鈺,2026-07-22,25.8,0.7,2.79,577704000,0,綠縮,否,是,24.79,27.38,29.09,21.8,-17.284,-10.2295,4.1719
5474,聰泰,2026-07-22,149.5,5.0,3.46,232334000,0,綠縮,否,否,147.1,154.55,162.38,163.53,-9.1975,-5.474,-4.1045
5475,德宏,2026-07-22,153.0,6.5,4.44,2638103000,0,綠縮,否,否,156.5,180.05,212.95,279.66,-23.1336,-17.8417,-9.3637
5478,智冠,2026-07-22,99.6,0.1,0.1,47452000,0,綠縮,否,否,99.16,100.38,102.27,100.32,-2.4016,-2.116,-1.1455
5481,新華,2026-07-22,21.45,0.5,2.39,232935000,0,綠縮,否,是,21.03,20.91,21.26,20.53,1.1058,-0.0478,1.4192
5483,中美晶,2026-07-22,234.0,13.5,6.12,26537808000,0,紅縮,否,是,239.1,227.5,203.4,165.99,10.7457,14.523,11.5132
5487,通泰,2026-07-22,28.1,0.05,0.18,85002000,0,綠縮,否,否,28.12,28.3,28.27,28.13,-1.2987,0.2124,0.1594
5488,松普,2026-07-22,14.6,0.2,1.39,1341093000,0,紅轉綠,否,是,15.47,15.41,14.21,12.17,0.7818,8.5211,5.8495
5489,彩富,2026-07-22,45.25,-0.4,-0.88,166241000,0,綠增,否,是,46.55,54.05,55.25,45.15,-24.3827,-12.0485,3.1218
5490,同亨,2026-07-22,33.45,1.8,5.69,3666672000,0,紅增,是,是,30.67,30.45,29.57,28.66,1.4555,3.7302,1.6588
5493,三聯,2026-07-22,81.3,0.5,0.62,144712000,0,綠縮,否,否,81.1,85.03,88.17,89.87,-8.8354,-5.7108,-4.0429
5498,凱崴,2026-07-22,49.65,2.15,4.53,1979274000,0,綠縮,否,否,49.94,54.74,58.67,65.8,-16.1236,-8.0155,-6.248
5508,永信建,2026-07-22,51.8,,,510589000,0,綠增,否,否,53.78,55.73,55.59,51.93,-6.7614,-0.5354,-0.8207
5511,德昌,2026-07-22,73.9,2.3,3.21,322769000,0,綠縮,否,是,70.06,72.01,74.88,72.77,-5.2731,-5.7707,-1.5967
5512,力麒,2026-07-22,8.02,0.1,1.26,834993000,0,綠縮,否,是,7.93,7.96,7.97,7.54,-0.6264,-0.6245,0.1005
5514,三豐,2026-07-22,13.55,-0.05,-0.37,2179000,0,紅增,否,否,13.51,13.52,13.78,14.65,-0.074,-1.9231,-0.7027
5516,雙喜,2026-07-22,10.5,-0.1,-0.94,21210000,0,紅縮,否,否,10.56,10.49,10.62,10.91,1.3436,-0.4271,-0.8168
5520,力泰,2026-07-22,82.3,-0.7,-0.84,4604000,0,綠增,是,是,82.4,82.42,82.52,81.66,-0.0485,-0.3024,0.0728
5523,豐謙,2026-07-22,30.4,0.0,0.0,53200000,0,綠縮,是,是,30.38,30.38,30.4,30.4,0.0329,-0.0329,-0.0329
5529,鉅陞,2026-07-22,21.45,0.1,0.47,8690000,0,綠轉紅,否,否,21.54,21.54,21.58,21.91,0.0464,0.1628,-1.6967
5530,龍巖,2026-07-22,48.4,-0.45,-0.92,273352000,0,綠增,否,是,48.38,48.76,48.58,47.53,-1.5266,0.6503,-0.6799
5536,聖暉*,2026-07-22,1200.0,10.0,0.84,692658000,0,綠縮,否,是,1184.0,1238.0,1262.25,1066.32,-8.3591,-5.2793,0.859
5543,桓鼎-KY,2026-07-22,28.4,-0.25,-0.87,2000000,0,綠增,否,否,28.72,28.62,28.91,29.18,0.7366,-0.3483,-0.9251
5547,久舜,2026-07-22,19.95,0.0,0.0,6000000,0,綠縮,否,否,19.97,20.42,21.48,21.58,-4.3124,-6.566,-2.1863
5548,安倉,2026-07-22,21.0,0.1,0.48,25559000,0,綠增,否,否,22.73,23.25,23.49,23.52,-4.3753,-2.0434,-0.7289
5601,台聯櫃,2026-07-22,30.75,-0.75,-2.38,24211000,0,綠增,是,否,31.2,31.66,31.96,33.89,-2.8643,-1.5088,-0.7069
5603,陸海,2026-07-22,14.4,0.0,0.0,48586000,0,綠縮,否,否,14.4,14.53,14.7,15.45,-1.7735,-1.2908,-1.5243
5604,中連,2026-07-22,30.25,-0.15,-0.49,38251000,0,綠增,是,否,30.52,30.66,30.82,31.58,-0.8769,-0.5838,-0.2993
5609,中菲行,2026-07-22,79.0,0.1,0.13,214796000,0,紅增,否,否,78.42,78.73,77.98,79.46,-0.7844,1.1044,-1.4657
5701,劍湖山,2026-07-22,4.77,-0.05,-1.04,83967000,0,綠縮,否,是,4.68,4.78,4.99,4.25,-3.8982,-3.2199,-1.4992
5703,亞都,2026-07-22,14.0,0.1,0.72,2000000,0,紅增,否,否,14.02,13.91,14.02,14.08,1.6679,0.036,0.6099
5704,老爺知,2026-07-22,21.7,0.1,0.46,8646000,0,紅增,否,是,21.58,21.59,21.47,21.44,-0.0926,0.5589,0.3036
5864,致和證,2026-07-22,33.95,1.2,3.66,3233147000,0,綠縮,否,否,33.61,37.08,42.29,37.54,-17.0942,-14.0887,-6.8601
5878,台名,2026-07-22,38.6,-0.2,-0.52,6669000,0,紅縮,否,否,38.72,38.8,38.94,40.04,-0.4115,-0.3851,-0.32
5902,德記,2026-07-22,34.15,-0.05,-0.15,23314000,0,紅增,否,否,34.11,33.89,34.06,36.11,1.2767,0.4594,-1.4326
5903,全家,2026-07-22,188.5,-0.5,-0.26,18774000,0,紅縮,否,否,188.7,188.55,188.57,188.82,0.1592,0.0531,-0.0265
5904,寶雅,2026-07-22,631.0,-2.0,-0.32,281975000,0,綠增,否,是,633.4,672.2,662.45,598.78,-10.9142,-2.2539,0.2725
5905,南仁湖,2026-07-22,8.63,-0.12,-1.37,344023000,0,紅縮,否,是,8.78,8.7,8.55,8.27,1.7617,2.8963,1.683
6015,宏遠證,2026-07-22,16.6,0.2,1.22,1035610000,0,綠縮,否,否,16.61,17.1,17.52,16.71,-5.5713,-2.3136,-2.5723
6016,康和證,2026-07-22,24.8,0.35,1.43,3631887000,0,綠縮,否,否,24.58,25.95,27.2,24.98,-10.0293,-5.9953,-3.323
6020,大展證,2026-07-22,21.85,0.05,0.23,19000000,0,綠縮,否,是,21.75,22.1,22.37,21.73,-3.1612,-1.6463,-0.6439
6021,美好證,2026-07-22,37.25,0.4,1.09,102573000,0,綠縮,否,是,37.46,38.14,39.43,36.12,-3.5033,-2.9146,-1.3941
6023,元大期,2026-07-22,87.8,1.0,1.15,379179000,0,綠增,否,否,90.78,97.84,98.92,99.12,-13.4604,-4.5277,-2.1417
6026,福邦證,2026-07-22,14.6,0.15,1.04,1193598000,0,綠縮,否,否,14.43,15.06,15.8,15.99,-8.0306,-5.3128,-4.0522
6028,公勝保經,2026-07-22,79.6,0.4,0.51,17908000,0,紅增,否,是,79.24,79.18,79.12,79.46,0.1517,0.2152,0.1139
6101,寬魚國際,2026-07-22,37.8,1.7,4.71,1565941000,0,綠縮,是,否,37.68,39.33,42.09,40.41,-8.0751,-9.6682,-1.3245
6103,合邦,2026-07-22,30.2,0.0,0.0,3038000,0,綠縮,否,否,29.81,30.59,32.74,37.27,-5.0032,-3.9554,-5.7299
6104,創惟,2026-07-22,95.0,2.3,2.48,774095000,0,綠縮,否,否,93.42,98.01,100.03,99.61,-8.9474,-3.6662,-1.7435
6109,亞元,2026-07-22,11.85,0.2,1.72,67716000,0,綠縮,否,否,11.89,12.62,12.59,11.86,-10.9363,-3.5905,1.43
6111,光聚晶電,2026-07-22,41.0,-0.7,-1.68,108776000,0,綠縮,否,否,40.81,41.42,42.55,45.05,-2.9027,-2.7243,-2.0995
6113,亞矽,2026-07-22,23.5,0.35,1.51,75832000,0,綠縮,否,否,23.6,24.77,26.21,25.33,-9.0559,-5.3124,-2.7546
6114,久威,2026-07-22,28.35,-0.2,-0.7,38530000,0,綠縮,否,否,28.3,29.32,29.67,30.24,-6.7545,-3.0899,-1.2316
6118,建達,2026-07-22,16.05,-0.05,-0.31,161321000,0,綠增,否,否,16.28,16.62,16.82,17.42,-4.0094,-1.1009,-1.1314
6121,新普,2026-07-22,381.5,11.0,2.97,1602822000,0,綠縮,否,否,373.9,403.35,410.07,391.42,-13.6091,-4.8703,-2.1943
6122,擎邦,2026-07-22,50.3,-0.3,-0.59,286356000,0,紅縮,否,是,51.1,51.24,49.59,48.71,-0.545,2.4493,2.0632
6123,上奇,2026-07-22,42.95,1.25,3.0,135465000,0,綠轉紅,是,否,42.0,42.04,42.11,43.62,-0.1901,0.466,-2.3816
6124,業強,2026-07-22,27.0,0.1,0.37,9046000,0,綠縮,否,否,26.85,27.87,28.97,30.0,-7.0613,-5.0588,-3.4738
6125,廣運,2026-07-22,51.3,1.0,1.99,617480000,0,綠縮,否,否,51.54,54.71,57.17,59.23,-10.9537,-6.0127,-3.8672
6126,信音,2026-07-22,31.55,0.35,1.12,541046000,0,綠縮,否,否,31.29,33.01,35.32,35.17,-9.905,-5.9678,-6.1819
6127,九豪,2026-07-22,58.5,2.2,3.91,4246242000,0,綠縮,否,否,59.74,67.8,77.56,63.69,-21.2497,-18.8607,-5.8277
6129,普誠,2026-07-22,15.35,0.1,0.66,532261000,0,綠增,否,否,15.68,17.31,17.61,16.68,-17.2122,-8.0234,0.4133
6130,上亞科技,2026-07-22,26.05,-1.05,-3.87,197167000,0,紅縮,否,是,26.09,25.82,24.82,24.1,2.0736,4.703,1.6065
6134,萬旭,2026-07-22,27.25,0.35,1.3,271440000,0,綠縮,否,否,27.11,29.24,32.0,32.49,-13.5799,-10.8401,-5.9442
6138,茂達,2026-07-22,340.0,22.0,6.92,2832674000,0,綠縮,是,是,317.2,350.6,356.43,311.57,-17.3958,-7.3712,0.7348
6140,訊達,2026-07-22,18.0,0.2,1.12,36692000,0,綠縮,否,否,17.95,18.87,19.67,20.22,-9.2518,-5.486,-5.3644
6143,振曜,2026-07-22,97.0,0.6,0.62,385364000,0,綠增,否,是,98.22,101.45,96.45,94.96,-6.1712,2.2372,2.1176
6144,得利影,2026-07-22,13.85,0.0,0.0,5600000,0,綠縮,否,否,13.83,14.01,14.31,14.73,-2.4683,-2.9116,-1.3446
6146,耕興,2026-07-22,192.5,-0.5,-0.26,146963000,0,紅增,否,否,190.1,195.3,193.82,210.39,-5.187,-0.2554,-1.7364
6147,頎邦,2026-07-22,190.0,17.0,9.83,23213077000,0,綠縮,否,否,182.0,192.95,211.57,207.41,-10.7406,-7.6352,-5.5363
6148,驊宏資,2026-07-22,29.9,0.2,0.67,152264000,0,綠縮,否,否,29.68,31.1,31.6,31.53,-8.7611,-2.3851,-4.0386
6150,撼訊,2026-07-22,58.5,0.1,0.17,112205000,0,綠縮,否,否,58.36,59.89,61.25,63.43,-4.9821,-2.5545,-2.0707
6151,晉倫,2026-07-22,35.7,-0.65,-1.79,122341000,0,綠縮,否,否,36.45,37.86,38.87,40.05,-7.1574,-3.1222,-3.2244
6154,順發,2026-07-22,13.7,0.1,0.74,9266000,0,綠縮,否,是,13.65,13.77,13.8,13.5,-1.6571,-0.2536,-0.6124
6156,松上,2026-07-22,24.25,0.05,0.21,1183166000,0,綠增,否,是,24.63,26.34,26.51,21.96,-12.1612,-7.0912,4.3504
6158,禾昌,2026-07-22,18.1,-0.05,-0.28,38554000,0,綠增,否,否,18.12,18.64,18.02,18.29,-5.4773,2.2204,0.5441
6160,欣技,2026-07-22,15.3,0.0,0.0,39441000,0,綠縮,否,否,15.26,15.78,16.12,16.31,-6.3804,-3.1902,-2.1393
6161,捷波,2026-07-22,51.4,1.5,3.01,133766000,0,綠縮,否,是,50.28,52.56,52.3,50.21,-8.3151,-1.1659,-1.5067
6163,華電網,2026-07-22,42.8,1.8,4.39,922376000,0,綠縮,否,否,41.65,44.08,46.8,53.23,-10.4301,-7.3178,-4.7624
6167,久正,2026-07-22,11.05,0.15,1.38,369456000,0,綠縮,否,否,10.98,11.48,11.75,12.01,-8.4237,-4.3315,-1.2815
6169,昱泉,2026-07-22,14.2,-0.1,-0.7,4033000,0,綠縮,否,否,14.2,14.4,14.66,15.21,-2.7397,-1.8739,-1.8084
6170,統振,2026-07-22,47.55,-0.1,-0.21,118936000,0,綠縮,否,否,47.19,48.3,50.3,51.03,-4.4737,-4.9311,-2.3539
6171,大城地產,2026-07-22,23.35,0.0,0.0,2230000,0,綠縮,否,否,23.31,23.48,23.77,24.15,-1.4376,-1.1992,-0.6479
6173,信昌電,2026-07-22,178.0,3.0,1.71,1918186000,0,綠縮,否,否,190.7,234.0,267.7,198.02,-31.2297,-19.7531,-5.9299
6174,安碁,2026-07-22,49.0,-0.2,-0.41,447188000,0,綠增,否,是,51.86,55.53,53.79,44.96,-12.3986,-0.7329,0.5656
6175,立敦,2026-07-22,90.1,2.2,2.5,3811527000,0,綠縮,否,是,93.82,100.71,104.81,88.44,-12.8067,-7.2225,-2.0742
6179,亞通,2026-07-22,25.4,0.6,2.42,677762000,0,綠縮,否,是,25.39,26.46,26.26,24.85,-7.7733,-0.9731,1.5962
6180,橘子,2026-07-22,43.0,-0.65,-1.49,840907000,0,綠增,否,是,43.93,45.39,47.41,43.0,-6.2327,-5.5457,-0.4201
6182,合晶,2026-07-22,129.0,-1.0,-0.77,133893445000,0,綠增,否,是,144.6,154.35,137.93,88.79,-11.883,5.8279,11.739
6185,幃翔,2026-07-22,14.05,0.05,0.36,97891000,0,綠縮,否,否,14.01,14.18,14.26,14.12,-2.3693,-1.0468,-0.2797
6186,新潤,2026-07-22,43.05,0.3,0.7,522220000,0,綠縮,否,是,42.73,42.88,42.26,40.86,-0.6741,0.7283,1.0038
6187,萬潤,2026-07-22,1055.0,57.0,5.71,3538417000,0,綠轉紅,是,否,1008.6,1004.2,1049.75,1120.0,0.8802,-0.7904,-1.8558
6188,廣明,2026-07-22,71.7,0.2,0.28,731238000,0,綠縮,否,否,71.68,74.93,76.25,81.46,-8.3141,-3.1912,-2.7919
6190,萬泰科,2026-07-22,71.5,1.7,2.44,1834680000,0,綠縮,否,否,71.4,76.76,79.28,77.78,-13.0541,-6.9914,-2.6164
6194,育富,2026-07-22,30.05,-0.05,-0.17,69171000,0,綠縮,否,否,30.25,31.04,31.64,32.54,-4.9639,-3.1211,-1.716
6195,詩肯,2026-07-22,26.95,0.05,0.19,24245000,0,紅增,否,是,26.71,26.37,26.27,25.73,2.6124,2.9877,-0.3886
6199,天品,2026-07-22,98.2,-2.3,-2.29,265779000,0,綠增,否,是,99.42,102.11,100.69,98.06,-5.1336,-0.7967,1.2112
6203,海韻電,2026-07-22,66.4,0.8,1.22,96698000,0,綠縮,否,否,65.34,66.27,66.59,68.32,-2.7679,-0.7488,-0.915
6204,艾華,2026-07-22,75.6,0.2,0.27,242438000,0,綠縮,否,否,77.7,90.5,103.67,91.0,-24.7822,-19.0157,-7.1844
6207,雷科,2026-07-22,127.0,2.5,2.01,5641256000,0,綠縮,否,是,129.6,133.85,143.28,106.58,-6.155,-6.3003,0.2098
6208,日揚,2026-07-22,84.8,0.5,0.59,289279000,0,綠縮,否,否,85.04,87.37,91.98,88.81,-5.1951,-5.5357,0.1742
6217,中探針,2026-07-22,172.5,3.5,2.07,9507504000,0,綠增,是,否,188.8,217.75,236.7,262.79,-23.4698,-12.9522,-5.1778
6218,豪勉,2026-07-22,34.35,-0.5,-1.43,470179000,0,綠增,否,否,35.3,35.48,36.29,37.18,-0.9818,-2.0028,1.7309
6219,富旺,2026-07-22,14.25,0.9,6.74,729896000,0,紅增,是,是,13.2,13.01,12.98,12.78,2.9641,1.1271,0.2703
6220,岳豐,2026-07-22,29.0,0.3,1.05,334333000,0,綠增,否,否,30.68,32.48,34.36,32.53,-10.5018,-5.4852,-2.8834
6221,晉泰,2026-07-22,21.8,0.6,2.83,144027000,0,綠縮,否,否,21.46,21.86,22.41,23.88,-3.5506,-1.8635,-2.5546
6222,立軒,2026-07-22,20.9,0.5,2.45,1091000,0,綠縮,否,否,20.64,20.77,20.76,21.05,-1.1967,-0.4316,0.2656
6223,旺矽,2026-07-22,6000.0,125.0,2.13,940933000,0,綠縮,否,是,5852.0,6230.5,6389.0,5824.33,-11.4541,-5.088,-1.0876
6227,茂綸,2026-07-22,109.5,2.0,1.86,251545000,0,綠縮,否,否,108.5,114.35,117.8,114.34,-9.7338,-4.5492,-3.9739
6228,全譜,2026-07-22,18.65,-0.35,-1.84,6183000,0,綠縮,否,否,18.71,19.07,19.5,21.43,-3.656,-2.6799,-3.5246
6229,研通,2026-07-22,23.95,0.3,1.27,81003000,0,綠縮,否,否,24.29,25.36,26.17,26.66,-8.0621,-4.5549,-2.0219
6231,系微,2026-07-22,232.0,,,229688000,0,綠縮,否,否,237.4,252.05,269.68,290.63,-10.9861,-8.1116,-3.6359
6233,旺玖,2026-07-22,22.55,0.2,0.89,129832000,0,綠縮,否,否,22.86,23.74,24.46,25.56,-7.1864,-4.982,-0.821
6234,高僑,2026-07-22,37.0,1.3,3.64,533855000,0,綠縮,否,否,37.46,41.29,43.51,46.89,-16.977,-9.5014,-3.7653
6237,驊訊,2026-07-22,36.0,0.8,2.27,289368000,0,綠縮,否,否,36.27,39.36,42.54,44.34,-14.5583,-9.6107,-4.768
6240,松崗,2026-07-22,18.45,-0.3,-1.6,17148000,0,紅縮,否,是,18.39,18.38,18.24,18.29,0.0544,0.8226,0.3437
6241,鑫永洋,2026-07-22,16.9,0.4,2.42,736247000,0,紅轉綠,否,是,17.0,16.42,15.54,12.15,7.3232,6.901,7.5233
6242,立康,2026-07-22,35.5,-0.4,-1.11,9390000,0,紅轉綠,否,否,35.87,35.95,36.23,37.42,-0.4164,-0.2774,-1.6491
6244,茂迪,2026-07-22,26.4,,,3992786000,0,綠縮,否,否,25.98,26.4,26.98,28.32,-3.132,-1.3821,-4.2498
6245,立端,2026-07-22,81.4,1.9,2.39,694697000,0,綠轉紅,否,否,79.22,79.92,80.11,82.76,-1.7365,-0.1998,-1.2693
6246,臺龍,2026-07-22,13.7,0.15,1.11,19037000,0,綠縮,否,否,13.85,14.64,15.17,15.62,-10.2398,-6.6029,-2.4759
6248,沛波,2026-07-22,17.7,-0.1,-0.56,55832000,0,綠縮,否,否,17.77,17.94,18.08,18.68,-1.8774,-1.0753,-0.7276
6259,百徽,2026-07-22,36.4,3.3,9.97,1908598000,0,綠縮,否,是,34.4,36.86,37.02,28.53,-12.535,-5.547,4.2453
6261,久元,2026-07-22,86.2,0.2,0.23,403175000,0,綠縮,否,否,85.96,88.77,91.73,102.3,-6.1367,-3.6784,-2.9004
6263,普萊德,2026-07-22,156.0,2.0,1.3,201612000,0,綠縮,否,否,153.9,160.35,161.03,161.09,-7.7338,-1.8966,-0.8161
6264,富裔,2026-07-22,6.03,-0.01,-0.17,24000000,0,綠增,否,否,6.04,6.08,6.08,6.1,-1.5008,-0.4744,-0.197
6265,方土昶,2026-07-22,48.0,1.2,2.56,1528756000,0,綠縮,否,否,48.4,49.99,52.16,49.04,-6.1652,-3.2514,-4.1176
6266,泰詠,2026-07-22,25.05,-0.05,-0.2,122863000,0,紅縮,否,否,25.32,25.4,25.34,26.76,-0.6279,0.7537,-1.0155
6270,倍微,2026-07-22,32.05,1.15,3.72,330515000,0,綠縮,否,是,31.67,33.83,36.21,31.22,-12.0278,-10.2877,-3.0583
6274,台燿,2026-07-22,1355.0,120.0,9.72,621581000,0,綠縮,否,否,1264.0,1413.5,1547.25,1408.63,-19.1299,-11.7114,-3.9423
6275,元山,2026-07-22,44.0,,,279742000,0,綠增,否,否,45.18,46.89,48.08,49.68,-7.037,-3.7364,-1.1665
6276,安鈦克,2026-07-22,20.7,-0.2,-0.96,57492000,0,紅增,否,否,20.98,21.59,22.32,26.79,-5.538,-2.6814,-4.6668
6279,胡連,2026-07-22,117.0,-1.0,-0.85,221044000,0,綠縮,否,是,116.9,119.9,119.1,116.83,-4.882,-0.1249,-0.8739
6284,佳邦,2026-07-22,83.4,0.9,1.09,2184794000,0,綠縮,否,否,83.46,90.96,96.35,94.12,-15.2346,-8.6013,-4.2247
6290,良維,2026-07-22,250.0,3.0,1.21,1755827000,0,綠縮,否,否,246.6,271.85,289.02,293.89,-16.9976,-9.7294,-4.5965
6291,沛亨,2026-07-22,378.0,18.5,5.15,570846000,0,綠縮,否,否,378.4,422.95,494.68,505.03,-19.0588,-18.8896,-7.0989
6292,迅德,2026-07-22,51.6,1.0,1.98,104413000,0,綠縮,否,否,51.32,54.81,58.94,55.94,-11.9726,-8.2678,-3.6616
6294,智基,2026-07-22,27.4,0.0,0.0,33560000,0,紅增,否,否,27.3,27.68,27.66,29.74,-2.7085,-0.0542,-1.0289
6411,晶焱,2026-07-22,82.5,1.5,1.85,378218000,0,綠縮,否,否,82.72,89.61,95.11,90.63,-14.2798,-8.0452,-2.944
6417,韋僑,2026-07-22,118.5,0.5,0.42,81511000,0,綠縮,否,否,118.2,125.55,128.0,129.66,-11.0609,-4.742,-3.067
6418,詠昇,2026-07-22,30.2,-0.05,-0.17,52676000,0,綠縮,否,否,30.35,31.84,31.62,31.68,-8.9136,-1.2102,-1.2261
6419,京晨科,2026-07-22,141.5,6.5,4.81,285531000,0,綠縮,否,否,137.4,140.95,142.75,145.25,-4.9135,-1.8454,-0.1224
6423,億而得,2026-07-22,71.8,2.4,3.46,63329000,0,綠縮,否,否,69.76,76.35,79.05,94.7,-15.891,-7.0942,-3.8202
6425,易發,2026-07-22,60.3,1.2,2.03,182890000,0,綠縮,否,否,61.14,65.29,69.92,81.05,-11.9528,-7.2717,-5.2828
6432,今展科,2026-07-22,73.0,3.2,4.58,1221915000,0,綠縮,否,是,69.72,72.89,74.65,60.61,-8.3355,-3.5591,-1.0669
6435,大中,2026-07-22,304.0,18.0,6.29,1220828000,0,綠縮,否,是,294.3,338.75,339.45,269.85,-23.1994,-8.2351,1.7689
6441,廣錠,2026-07-22,21.5,0.55,2.63,73745000,0,綠縮,否,否,21.31,21.95,22.14,24.24,-5.6662,-2.0308,-2.4127
6461,益得,2026-07-22,15.25,-0.05,-0.33,60939000,0,紅縮,否,否,15.35,15.63,15.39,16.35,-3.5804,0.8384,-0.6296
6462,神盾,2026-07-22,101.0,1.1,1.1,454492000,0,綠縮,否,否,100.1,105.8,111.6,121.51,-10.2242,-7.1523,-2.2981
6465,威潤,2026-07-22,52.6,-0.9,-1.68,161117000,0,綠縮,否,否,54.16,56.64,61.03,53.66,-8.3897,-7.0561,-1.0137
6469,大樹,2026-07-22,78.1,-0.4,-0.51,317891000,0,紅縮,否,是,77.92,77.53,76.08,75.27,1.0111,2.0266,0.6549
6470,宇智,2026-07-22,47.05,0.35,0.75,17433000,0,綠縮,否,否,47.1,47.83,48.56,48.17,-2.9866,-1.7665,-0.8524
6474,華豫寧,2026-07-22,37.4,0.15,0.4,17702000,0,綠縮,否,否,37.07,37.43,37.43,37.81,-1.9053,0.0936,-0.3859
6482,弘煜科,2026-07-22,28.45,-0.7,-2.4,63121000,0,紅增,否,否,28.01,27.84,28.1,29.12,1.2288,0.5599,-1.6366
6485,點序,2026-07-22,66.8,3.8,6.03,698239000,0,綠縮,否,否,65.98,71.6,78.32,88.85,-14.5558,-9.9144,-6.8174
6486,互動,2026-07-22,76.7,-0.1,-0.13,65932000,0,綠增,否,否,77.4,80.5,81.07,82.74,-7.4163,-2.4597,-1.2786
6488,環球晶,2026-07-22,1240.0,35.0,2.9,11635731000,0,綠增,否,是,1286.0,1306.5,1177.05,887.7,-3.0897,10.711,10.5782
6492,生華科,2026-07-22,42.2,-0.4,-0.94,296680000,0,紅縮,是,否,42.91,43.59,43.32,46.4,-3.0502,0.3222,-0.5795
6494,九齊,2026-07-22,51.0,-0.3,-0.58,105008000,0,綠縮,否,否,52.79,58.84,62.59,57.82,-18.6344,-9.1492,-1.4215
6496,科懋,2026-07-22,24.2,-1.35,-5.28,25917000,0,紅轉綠,是,否,24.94,24.89,24.89,24.6,0.4026,-0.3802,0.6776
6498,久禾光,2026-07-22,81.9,1.6,1.99,43601000,0,綠縮,否,否,81.74,85.78,92.31,96.74,-8.9958,-6.4048,-4.5941
6499,益安,2026-07-22,63.5,-0.5,-0.78,258835000,0,綠增,否,否,65.02,67.83,69.72,79.0,-7.9558,-3.4586,-3.4148
6506,雙邦,2026-07-22,18.4,0.0,0.0,92047000,0,綠縮,否,否,18.26,18.52,18.5,18.53,-2.7689,0.1081,-0.6711
6508,惠光,2026-07-22,27.05,1.25,4.84,334356000,0,紅增,是,是,26.08,25.61,24.86,24.53,3.7803,3.8111,2.7061
6509,聚和,2026-07-22,47.95,-0.05,-0.1,987240000,0,綠增,否,是,48.44,51.25,50.05,47.47,-10.3959,-1.2904,0.4818
6510,精測,2026-07-22,2710.0,65.0,2.46,251077000,0,綠縮,否,否,2663.0,2761.0,3055.75,3405.42,-6.8555,-8.3942,-5.9552
6512,啟發電,2026-07-22,20.2,0.0,0.0,9424000,0,紅縮,是,是,20.16,20.11,19.93,19.51,0.4985,0.802,0.9114
6516,勤崴國際,2026-07-22,57.4,-0.3,-0.52,20884000,0,紅縮,否,否,57.42,57.63,57.33,58.07,-0.7261,0.6462,0.4908
6517,保勝光學,2026-07-22,70.8,-3.4,-4.58,2353127000,0,紅縮,否,是,73.0,70.24,71.57,64.34,8.1802,2.3907,2.0606
6523,達爾膚,2026-07-22,90.1,0.3,0.33,24742000,0,綠縮,否,否,89.74,90.18,93.67,97.56,-0.9711,-3.6641,-2.2692
6527,明達醫,2026-07-22,68.9,-0.2,-0.29,46463000,0,綠增,是,否,70.0,71.3,71.78,70.64,-3.5813,-1.8177,-0.6092
6530,創威,2026-07-22,72.9,3.1,4.44,334096000,0,綠縮,否,否,71.38,77.17,83.58,102.02,-13.9585,-8.1965,-7.5447
6532,瑞耘,2026-07-22,70.3,0.7,1.01,144005000,0,綠縮,否,否,70.54,75.62,82.7,93.26,-12.5898,-11.1607,-5.2309
6535,順藥,2026-07-22,89.4,2.5,2.88,158794000,0,綠縮,否,否,90.02,95.42,97.98,116.8,-10.7122,-4.5036,-4.2463
6538,倉和,2026-07-22,139.0,1.5,1.09,2045274000,0,紅轉綠,否,是,141.3,137.7,131.32,107.34,5.3691,4.3973,8.5689
6542,隆中,2026-07-22,47.3,-0.3,-0.63,9000000,0,紅增,否,否,46.32,45.75,46.46,47.75,2.5006,-0.381,-0.279
6546,正基,2026-07-22,60.8,0.6,1.0,187391000,0,綠縮,否,否,61.06,64.75,68.01,70.78,-10.7832,-5.6947,-4.6878
6547,高端疫苗,2026-07-22,47.55,0.9,1.93,1192053000,0,紅增,否,是,47.03,47.03,46.31,47.15,-0.0213,1.3685,0.3739
6548,長科*,2026-07-22,71.8,2.8,4.06,5728176000,0,綠縮,否,是,72.26,79.2,83.7,69.15,-16.1133,-7.66,-4.0578
6556,勝品,2026-07-22,64.2,-1.3,-1.98,19506000,0,綠增,否,否,65.4,68.14,70.12,70.26,-7.7314,-4.5123,-2.3601
6560,欣普羅,2026-07-22,33.35,-0.65,-1.91,42644000,0,綠縮,否,否,33.66,35.61,37.15,37.99,-10.3834,-7.0356,-2.5449
6561,是方,2026-07-22,328.0,3.0,0.92,20512000,0,綠縮,否,否,322.4,327.1,332.27,345.52,-2.833,-1.9631,-1.621
6568,宏觀,2026-07-22,144.5,1.0,0.7,107508000,0,綠轉紅,否,否,143.7,150.2,159.03,203.09,-8.2961,-5.2366,-4.6041
6569,醫揚,2026-07-22,101.0,0.5,0.5,45055000,0,綠縮,否,否,99.62,102.66,105.98,103.42,-5.7521,-2.8301,-3.5888
6570,維田,2026-07-22,52.0,2.5,5.05,501592000,0,綠縮,是,是,49.02,50.62,51.32,49.44,-6.1279,-1.5654,-3.8139
6574,霈方,2026-07-22,127.0,-1.0,-0.78,113872000,0,紅縮,否,是,128.8,127.3,119.42,114.36,2.3847,6.7953,2.0508
6576,逸達,2026-07-22,83.0,0.8,0.97,165207000,0,綠縮,否,是,81.3,82.3,80.98,79.83,-2.401,0.6112,0.7277
6577,勁豐,2026-07-22,78.1,1.6,2.09,66351000,0,紅增,否,否,76.48,77.29,76.03,78.57,-2.0743,2.0061,-1.1184
6578,達邦蛋白,2026-07-22,16.05,-0.15,-0.93,53901000,0,綠增,否,否,16.4,16.41,16.38,16.39,-0.1218,0.2443,-0.8326
6584,南俊國際,2026-07-22,552.0,11.0,2.03,378091000,0,綠增,否,否,575.6,624.2,653.3,671.73,-14.4471,-9.9538,-1.1948
6588,東典光電,2026-07-22,73.6,3.7,5.29,384271000,0,綠縮,否,否,73.08,76.78,86.37,114.95,-9.1948,-8.388,-8.0632
6590,普鴻,2026-07-22,66.2,0.0,0.0,9451000,0,綠增,否,否,66.62,67.21,67.01,67.65,-1.7404,0.4484,0.2094
6593,台灣銘板,2026-07-22,33.4,-0.1,-0.3,26446000,0,紅縮,否,否,33.6,33.86,33.89,35.08,-1.524,0.5344,-0.783
6596,寬宏藝術,2026-07-22,87.7,-0.3,-0.34,83080000,0,綠縮,否,否,87.86,90.21,91.61,96.13,-5.0778,-2.444,-1.7323
6597,立誠,2026-07-22,59.1,-3.9,-6.19,5001000,0,綠增,否,否,62.84,64.47,66.21,68.22,-4.9319,-3.2853,-2.4388
6603,富強鑫,2026-07-22,24.25,-0.4,-1.62,753859000,0,綠增,否,是,24.42,25.07,24.34,24.08,-5.0544,1.3544,2.3549
6609,瀧澤科,2026-07-22,39.2,0.45,1.16,204845000,0,綠增,否,否,39.97,40.62,40.65,41.76,-3.15,-0.0738,-1.4845
6612,奈米醫材,2026-07-22,70.9,0.4,0.57,13054000,0,綠縮,否,否,70.9,73.02,72.53,71.06,-5.6428,-0.4363,-0.7594
6613,朋億*,2026-07-22,329.0,7.0,2.17,315506000,0,綠縮,否,是,333.5,334.4,348.52,285.32,-0.5368,-3.5338,3.1292
6615,慧智,2026-07-22,34.15,0.1,0.29,13938000,0,綠增,否,是,34.44,35.45,35.72,33.98,-5.5144,-2.7305,0.4076
6616,特昇-KY,2026-07-22,9.06,-0.24,-2.58,7000000,0,紅縮,否,否,9.12,9.04,9.13,9.54,1.7176,0.2439,-1.5045
6617,共信-KY,2026-07-22,98.8,-4.2,-4.08,303562000,0,紅縮,否,是,103.16,106.13,87.78,73.94,-5.4445,17.4654,11.0022
6620,漢達,2026-07-22,86.9,2.2,2.6,619885000,0,綠縮,否,是,86.22,94.06,92.47,79.66,-15.3876,-5.2769,4.6695
6629,泰金-KY,2026-07-22,106.5,1.5,1.43,7062000,0,綠縮,否,否,105.5,106.65,108.83,116.06,-2.1336,-1.3414,-2.1798
6637,醫影,2026-07-22,63.8,0.1,0.16,23444000,0,紅增,否,否,63.36,64.04,63.6,66.68,-2.1014,0.4391,0.0157
6640,均華,2026-07-22,965.0,37.0,3.99,197136000,0,綠轉紅,否,否,944.0,974.6,1023.55,1248.43,-6.0883,-5.9357,-2.8706
6642,富致,2026-07-22,75.1,0.7,0.94,164367000,0,綠縮,否,否,75.76,78.69,80.88,75.54,-7.1796,-2.5149,-2.7068
6643,M31,2026-07-22,424.0,4.5,1.07,250059000,0,綠縮,否,否,418.3,437.65,459.9,537.77,-8.4683,-5.9626,-3.0565
6649,台生材,2026-07-22,36.7,-0.7,-1.87,76961000,0,綠增,否,否,38.06,38.59,38.22,38.88,-2.7345,-0.4257,-0.4299
6651,全宇昕,2026-07-22,124.0,5.5,4.64,194358000,0,綠縮,否,否,123.2,139.55,144.75,130.13,-20.975,-9.0287,-1.43
6654,天正國際,2026-07-22,179.0,-2.0,-1.1,16583000,0,綠縮,否,是,180.3,187.55,191.85,141.49,-7.4435,-1.3414,1.0269
6661,威健生技,2026-07-22,17.55,-0.55,-3.04,3057000,0,紅縮,否,否,17.97,18.01,17.39,17.55,-0.388,1.2655,2.3389
6662,樂斯科,2026-07-22,29.9,0.2,0.67,1006000,0,綠轉紅,否,是,29.81,29.64,29.73,29.61,1.1194,0.0675,-0.1931
6664,群翊,2026-07-22,371.0,14.0,3.92,282889000,0,綠縮,否,否,368.8,372.45,378.48,410.12,-1.941,-2.6783,-0.1253
6667,信紘科,2026-07-22,244.0,3.0,1.24,157174000,0,綠縮,否,否,244.8,251.4,261.27,264.88,-5.1163,-3.7887,-2.391
6679,鈺太,2026-07-22,234.5,8.5,3.76,365412000,0,綠縮,否,否,228.1,238.9,255.82,284.64,-8.6504,-7.1512,-3.7981
6680,鑫創電子,2026-07-22,56.0,-1.0,-1.75,8075000,0,紅縮,否,是,56.02,52.98,51.83,53.96,12.1746,6.9115,0.719
6683,雍智科技,2026-07-22,1220.0,50.0,4.27,438122000,0,綠縮,否,否,1236.0,1452.0,1591.5,1764.67,-25.8993,-14.7387,-3.5162
6684,安格,2026-07-22,49.95,-1.25,-2.44,183528000,0,綠縮,否,否,50.27,52.73,55.55,50.12,-8.9312,-9.2341,0.3115
6690,安碁資訊,2026-07-22,165.5,0.5,0.3,39119000,0,綠轉紅,否,否,163.2,164.4,166.53,169.72,-1.4493,0.3969,-1.842
6692,進能服,2026-07-22,23.95,0.1,0.42,10169000,0,綠縮,否,否,23.57,24.27,25.21,27.82,-5.5689,-4.6375,-1.6774
6693,廣閎科,2026-07-22,193.5,8.0,4.31,982040000,0,綠縮,否,是,193.3,219.1,222.2,174.71,-21.0698,-8.2111,2.8109
6697,東捷資訊,2026-07-22,40.8,0.0,0.0,65500000,0,綠縮,是,否,40.63,40.8,41.16,41.72,-0.8299,-0.7661,-0.6578
6703,軒郁,2026-07-22,105.0,-0.5,-0.47,25249000,0,綠增,否,否,107.1,111.9,111.38,111.87,-8.2262,-2.2707,-0.8458
6708,天擎,2026-07-22,37.8,-0.25,-0.66,12050000,0,綠縮,否,否,37.96,38.62,39.35,40.4,-3.3605,-2.9404,-0.7441
6712,長聖,2026-07-22,149.0,1.0,0.68,439235000,0,綠增,否,是,152.0,161.95,155.35,139.82,-11.5765,-0.8571,2.5582
6716,應廣,2026-07-22,86.8,3.8,4.58,263576000,0,綠縮,否,否,85.48,91.96,94.34,93.35,-13.1654,-4.1484,-1.2198
6720,久昌,2026-07-22,136.0,-2.0,-1.45,22482000,0,紅縮,否,否,138.1,139.75,140.4,151.43,-2.3338,-0.8865,-1.9553
6721,信實,2026-07-22,52.7,0.3,0.57,3035000,0,綠縮,否,否,52.68,53.7,54.89,57.27,-3.7281,-2.3281,-2.8751
6725,矽科宏晟,2026-07-22,315.0,14.0,4.65,101015000,0,綠縮,否,否,305.3,309.15,322.07,325.04,-2.4601,-4.5244,1.6811
6727,亞泰金屬,2026-07-22,365.5,33.0,9.92,380490000,0,綠縮,否,否,362.8,428.3,425.3,462.9,-26.529,-5.4212,-3.1704
6728,上洋,2026-07-22,110.0,0.5,0.46,5455000,0,紅增,否,否,109.2,109.3,109.25,112.03,-0.1828,0.3673,-0.1143
6730,常廣,2026-07-22,34.7,0.2,0.58,103020000,0,綠縮,是,否,35.14,36.23,37.09,37.25,-5.8414,-3.5282,-0.7493
6732,昇佳電子,2026-07-22,191.5,-12.5,-6.13,1052005000,0,紅縮,否,是,197.1,199.95,182.35,169.95,-2.8107,8.4034,6.2027
6733,博晟生醫,2026-07-22,24.0,0.1,0.42,83644000,0,紅轉綠,否,否,24.33,25.13,24.71,26.77,-6.1705,0.4396,-1.4363
6735,美達科技,2026-07-22,68.9,2.3,3.45,134393000,0,綠縮,否,否,69.22,75.17,82.53,102.42,-14.6696,-10.7139,-6.5398
6739,竹陞科技,2026-07-22,1170.0,-30.0,-2.5,335966000,0,紅增,否,否,1151.0,1150.5,1126.55,1274.43,0.087,3.546,-0.3097
6741,91APP*-KY,2026-07-22,57.6,1.9,3.41,370623000,0,綠縮,否,否,56.86,58.22,59.87,62.38,-4.5653,-3.4334,-2.0692
6751,智聯服務,2026-07-22,40.9,0.0,0.0,3092000,0,綠縮,否,否,40.54,41.69,44.0,47.63,-5.3688,-4.6977,-4.3065
6752,叡揚,2026-07-22,100.0,0.0,0.0,15089000,0,紅增,否,否,99.32,99.72,99.73,101.6,-0.799,0.1406,-0.1901
6761,穩得,2026-07-22,155.5,-0.5,-0.32,190382000,0,綠縮,否,否,157.8,172.2,182.65,196.91,-15.4341,-7.3197,-5.5218
6762,達亞,2026-07-22,170.5,0.0,0.0,9628000,0,綠縮,是,,166.4,168.4,169.68,,-2.3474,-0.4728,-1.9645
6763,綠界科技*,2026-07-22,42.9,0.35,0.82,243660000,0,綠縮,否,否,42.64,44.09,45.52,46.3,-6.3886,-4.4529,-2.9478
6767,台微醫,2026-07-22,25.1,-0.35,-1.38,5021000,0,紅縮,否,否,25.57,25.95,25.41,26.45,-2.8495,1.785,0.0
6785,昱展新藥,2026-07-22,111.0,0.5,0.45,37544000,0,綠縮,否,否,111.3,115.75,116.67,128.29,-7.4043,-2.4853,-1.039
6788,華景電,2026-07-22,354.5,0.5,0.14,300808000,0,綠縮,否,否,358.6,383.25,408.43,428.09,-12.0863,-8.7065,-4.4061
6791,虎門科技,2026-07-22,104.5,1.0,0.97,42539000,0,綠縮,否,否,103.1,107.1,105.28,113.69,-7.2007,-0.3257,-0.0712
6803,崑鼎,2026-07-22,270.0,-1.5,-0.55,57932000,0,綠縮,否,否,270.0,272.35,280.15,285.39,-1.711,-3.3534,-1.555
6804,明係,2026-07-22,17.05,0.3,1.79,263938000,0,紅增,是,是,16.43,16.2,16.23,15.94,2.8804,0.7776,0.2471
6811,宏碁資訊,2026-07-22,244.5,9.0,3.82,343494000,0,紅增,否,是,234.2,228.1,222.65,215.63,5.4955,5.6508,0.5419
6821,聯寶,2026-07-22,43.85,0.25,0.57,110906000,0,綠縮,否,否,44.67,48.77,55.73,58.7,-15.5257,-15.1296,-9.0156
6823,濾能,2026-07-22,61.8,0.5,0.82,45570000,0,綠增,否,否,63.44,65.32,67.03,76.25,-5.5952,-3.7714,-1.0116
6829,千附精密,2026-07-22,212.0,5.5,2.66,1106651000,0,綠增,否,否,215.7,220.55,217.68,220.07,-4.3035,-0.9209,2.1469
6840,東研信超,2026-07-22,60.7,0.8,1.34,38090000,0,綠縮,否,否,60.84,62.81,63.38,65.63,-6.0821,-1.071,-2.0933
6841,長佳智能,2026-07-22,58.3,0.0,0.0,255108000,0,綠增,否,否,59.48,62.64,61.48,60.01,-9.6049,-0.666,-0.6704
6843,進典,2026-07-22,39.75,0.0,0.0,7280000,0,綠轉紅,否,否,39.53,39.85,40.37,42.74,-1.5932,-2.3284,-0.4009
6844,諾貝兒,2026-07-22,62.1,0.6,0.98,35370000,0,綠縮,否,否,61.76,62.1,63.52,64.11,-1.089,-1.9886,-1.3972
6846,綠茵,2026-07-22,63.9,0.2,0.31,3065000,0,紅增,否,否,63.54,63.87,64.69,67.6,-1.028,-0.8845,-1.6795
6855,數泓科,2026-07-22,115.5,0.0,0.0,5449000,0,綠縮,否,是,115.6,118.35,119.4,113.91,-4.5417,-1.947,-2.2713
6856,鑫傳,2026-07-22,45.85,0.05,0.11,1150000,0,紅增,否,否,44.6,43.71,44.59,48.51,4.1569,-0.6591,-1.8383
6859,伯特光,2026-07-22,101.5,2.9,2.94,70831000,0,綠縮,否,否,100.94,110.12,118.96,121.39,-15.3898,-9.2916,-5.0409
6865,偉康科技,2026-07-22,25.1,-0.15,-0.59,8053000,0,綠增,否,否,25.35,26.43,26.86,30.16,-7.8517,-5.2349,-1.9796
6870,騰雲,2026-07-22,271.5,7.5,2.84,156885000,0,綠增,否,是,295.9,294.3,284.1,243.45,1.0933,3.7729,-0.3158
6872,浩宇生醫,2026-07-22,16.25,0.25,1.56,22788000,0,綠縮,否,否,16.11,16.36,16.69,17.53,-3.0102,-2.3575,-0.7875
6874,倍力,2026-07-22,79.4,0.3,0.38,15002000,0,綠縮,否,否,80.16,81.25,82.7,83.83,-2.6476,-1.6939,-1.1239
6875,國邑*,2026-07-22,35.85,0.15,0.42,55329000,0,綠縮,否,否,35.48,36.44,36.85,36.62,-5.1083,-3.2014,0.6693
6877,鏵友益,2026-07-22,127.0,1.0,0.79,48356000,0,紅增,否,否,127.0,129.15,129.18,150.54,-3.2749,-0.3857,-1.3366
6881,潤德,2026-07-22,204.0,-1.0,-0.49,6760000,0,綠縮,否,否,203.3,212.9,226.75,252.97,-8.6292,-6.108,-6.6584
6884,海柏特,2026-07-22,32.15,-0.35,-1.08,3000000,0,綠增,否,否,32.56,32.73,33.09,33.81,-1.0033,-0.0153,-1.2973
6894,衛司特,2026-07-22,335.0,11.0,3.4,34769000,0,綠縮,否,否,329.5,342.5,353.75,354.07,-7.3136,-4.0616,-1.4281
6895,宏碩系統,2026-07-22,125.0,4.5,3.73,41403000,0,綠縮,否,否,123.9,131.2,141.65,155.8,-10.5415,-7.5731,-6.8858
6899,創為精密,2026-07-22,51.6,0.4,0.78,43308000,0,綠縮,否,否,51.46,53.97,56.36,58.03,-8.8881,-5.1494,-4.3128
6903,巨漢,2026-07-22,360.0,0.0,0.0,494364000,0,綠縮,否,否,366.5,373.85,379.93,392.95,-3.8562,-2.6052,-1.3758
6904,伯鑫,2026-07-22,122.5,,,1007000,0,紅縮,否,,126.3,125.8,122.72,,0.7981,1.9862,2.1007
6907,雅特力-KY,2026-07-22,210.0,-12.0,-5.41,836258000,0,紅縮,否,是,222.6,206.8,175.88,143.31,16.5445,23.022,13.5593
6910,德鴻,2026-07-22,25.0,-0.2,-0.79,20388000,0,綠縮,否,否,25.19,26.02,26.82,28.01,-6.1825,-3.8433,-3.2811
6913,鴻呈,2026-07-22,126.5,0.0,0.0,97655000,0,紅增,否,否,123.5,124.5,122.85,130.25,-1.5936,2.0492,-0.8475
6922,宸曜,2026-07-22,193.5,11.0,6.03,701836000,0,綠轉紅,是,是,176.5,177.65,177.8,181.68,-1.2864,0.9088,-2.1195
6925,意藍,2026-07-22,56.5,0.3,0.53,27156000,0,綠縮,否,否,55.54,57.11,59.33,63.41,-5.3511,-3.8066,-5.1327
6929,佑全,2026-07-22,22.6,0.1,0.44,3122000,0,綠增,否,否,22.76,23.02,23.35,24.47,-2.2337,-1.4766,-1.3415
6945,圓祥生技,2026-07-22,98.1,1.4,1.45,169184000,0,紅縮,否,否,100.66,105.88,102.39,136.32,-9.3969,1.2334,-0.1511
6953,家碩,2026-07-22,231.0,12.5,5.72,55994000,0,綠縮,否,否,221.8,225.3,229.38,246.57,-3.0594,-2.5308,-0.5528
6961,旅天下,2026-07-22,52.8,-0.1,-0.19,18343000,0,綠轉紅,否,否,53.08,53.46,54.05,57.23,-1.4116,-0.945,-2.1717
6967,汎瑋材料,2026-07-22,76.3,-0.3,-0.39,150156000,0,紅縮,否,是,76.98,73.93,72.73,73.46,8.6061,3.8051,2.2925
6968,萬達寵物,2026-07-22,44.3,-0.3,-0.67,73217000,0,紅增,否,是,43.7,43.54,43.18,43.45,0.7377,1.551,0.3136
6971,惠民實業,2026-07-22,27.3,-0.1,-0.36,22030000,0,綠縮,否,否,27.27,27.27,27.53,27.82,0.0,-1.0881,0.4927
6982,大井泵浦,2026-07-22,50.2,0.25,0.5,20461000,0,綠縮,否,否,50.22,51.28,53.5,54.65,-4.0504,-3.3183,-3.8285
6983,華洋精機,2026-07-22,330.5,0.5,0.15,44353000,0,綠縮,否,否,335.1,342.05,350.3,392.71,-3.9828,-3.198,-1.136
6986,和迅,2026-07-22,44.4,-0.35,-0.78,43142000,0,綠縮,否,否,45.0,46.58,48.82,57.34,-6.5615,-2.0709,-6.9915
6996,力領科技,2026-07-22,175.5,1.5,0.86,42560000,0,綠縮,否,否,173.8,184.3,189.55,187.85,-10.7803,-5.2929,-3.0683
6997,博弘,2026-07-22,73.0,0.0,0.0,2096000,0,紅縮,否,否,73.38,72.82,73.39,74.69,1.55,0.6635,-0.9247
700019,宏捷科統一5C購01,2026-07-22,0.21,0.03,16.67,31000000,0,,否,,0.23,0.3,0.42,,-39.8936,-35.546,-18.1018
700021,長佳智統一5C購02,2026-07-22,0.18,-0.01,-5.26,22000000,0,,否,,0.24,0.23,,,2.6087,,
700022,華星光統一5C購01,2026-07-22,2.18,0.29,15.34,115000000,0,綠縮,是,,2.07,2.34,2.74,,-20.6605,-13.197,-11.6994
700023,新應材統一5B購02,2026-07-22,0.13,-0.02,-13.33,10000000,0,綠縮,否,,0.15,0.18,0.24,,-28.5714,-22.7468,-17.8322
700024,新應材統一64購02,2026-07-22,0.29,-0.01,-3.33,32000000,0,綠縮,否,,0.3,0.32,0.35,,-13.4503,-7.8035,-7.5067
700025,雙鴻統一5B購01,2026-07-22,0.21,-0.02,-8.7,16000000,0,綠縮,是,,0.19,0.24,0.36,,-31.9149,-36.2903,-23.5542
700047,宏捷科凱基59購01,2026-07-22,0.32,0.08,33.33,418000000,0,綠縮,是,,0.32,0.56,0.95,,-59.7015,-45.2958,-26.5867
700065,系統電統一5A購01,2026-07-22,0.02,0.0,0.0,10000000,0,綠縮,是,,0.02,0.08,0.13,,-82.3529,-42.446,-34.9876
700126,威剛國票61購01,2026-07-22,8.55,0.7,8.92,1000000,0,,是,,9.78,,,,,,
700155,中光電元大5A購02,2026-07-22,0.2,-0.1,-33.33,20000000,0,紅縮,是,,0.23,0.26,0.19,,-15.2174,18.6047,28.2313
700173,雙鴻元大5A購02,2026-07-22,0.67,-0.07,-9.46,10000000,0,,否,,0.68,1.09,1.88,,-54.727,-46.9358,-19.4296
700176,中光電群益5A購01,2026-07-22,0.07,-0.19,-73.08,18000000,0,,是,,0.29,,,,,,
700185,中光電統一59購04,2026-07-22,0.01,-0.02,-66.67,599000000,0,,是,,0.03,0.07,,,-75.4386,-18.3908,
700186,中光電統一6A購01,2026-07-22,0.23,-0.03,-11.54,200000000,0,綠增,是,,0.23,0.31,0.27,,-40.3061,-2.4922,7.2581
700188,中美晶統一5A購02,2026-07-22,3.39,0.54,18.95,16000000,0,紅縮,否,,3.43,2.88,2.14,,47.3368,56.4674,48.1686
700189,協易機統一5A購01,2026-07-22,0.29,-0.06,-17.14,50000000,0,,否,,0.49,,,,,,
700190,昇達科統一65購01,2026-07-22,4.4,0.37,9.18,45000000,0,綠縮,否,,4.18,4.41,4.67,,-9.9569,-6.0516,-6.2795
700191,朋程統一5A購01,2026-07-22,0.24,0.03,14.29,20000000,0,綠縮,否,,0.28,0.45,0.6,,-55.3398,-31.4417,-9.1047
700192,朋程統一6A購01,2026-07-22,0.49,0.02,4.26,236000000,0,綠增,否,,0.54,0.66,0.72,,-30.2326,-12.1658,-2.578
700193,東洋統一61購01,2026-07-22,0.35,-0.01,-2.78,15000000,0,,否,,0.37,0.36,,,0.5495,,
700194,長聖統一61購01,2026-07-22,0.23,-0.01,-4.17,50000000,0,,否,,0.27,0.3,0.29,,-17.9641,-1.2987,
700195,家登統一5A購01,2026-07-22,1.05,0.17,19.32,26000000,0,,是,,1.11,1.22,1.26,,-16.0363,-5.4432,
700196,振曜統一5A購01,2026-07-22,0.01,-0.01,-50.0,20000000,0,,是,,0.02,0.03,,,-63.6364,-30.2326,
700197,晶宏統一5A購01,2026-07-22,0.43,-0.02,-4.44,20000000,0,,否,,0.73,0.81,0.84,,-19.1111,-2.1635,
700201,萬潤統一6A購01,2026-07-22,2.58,0.08,3.2,16000000,0,綠縮,否,,2.52,2.72,2.89,,-13.4615,-8.7672,-1.9681
700204,雙鴻統一5A購01,2026-07-22,0.16,-0.02,-11.11,109000000,0,綠縮,否,,0.16,0.24,0.38,,-49.6815,-40.2532,-30.4388
700205,雙鴻統一61購01,2026-07-22,0.41,0.04,10.81,1000000,0,綠縮,否,,0.38,0.41,0.48,,-12.7273,-13.4454,-9.6226
700206,雙鴻統一61購02,2026-07-22,0.34,0.04,13.33,4000000,0,綠縮,否,,0.31,0.36,0.41,,-22.7723,-16.3551,-15.0461
700207,雙鴻統一6A購01,2026-07-22,0.43,-0.02,-4.44,221000000,0,綠縮,否,,0.43,0.46,0.54,,-12.5,-14.2066,-9.7257
700208,騰雲統一6A購01,2026-07-22,0.96,0.04,4.35,315000000,0,紅縮,是,,0.95,0.91,0.84,,8.6957,15.736,0.2378
700228,系微元大59購02,2026-07-22,0.55,-0.01,-1.79,1000000,0,,否,,0.59,0.67,0.62,,-21.0667,-1.1782,
700231,旺矽元大5A購01,2026-07-22,14.2,0.3,2.16,1000000,0,,,,,,,,,,
700258,大綜統一6A購01,2026-07-22,0.66,0.08,13.79,133000000,0,綠縮,否,,0.62,0.68,0.95,,-15.2589,-29.3014,-5.6275
700261,宜鼎統一6A購01,2026-07-22,4.56,0.29,6.79,7000000,0,綠縮,是,,4.42,4.98,5.72,,-20.1444,-12.5198,-8.6433
700263,旺矽統一6A購01,2026-07-22,4.08,0.44,12.09,10000000,0,綠縮,是,,3.87,4.27,4.37,,-17.0523,-6.0713,-1.6545
700275,雙鴻統一6A購02,2026-07-22,0.58,0.0,0.0,20000000,0,綠縮,是,,0.55,0.62,0.69,,-19.242,-13.8889,-11.1902
700279,良維國票5C購01,2026-07-22,4.55,0.3,7.06,10000000,0,,,,,,,,,,
700345,立碁統一6A購01,2026-07-22,0.36,0.08,28.57,7000000,0,,否,,0.35,0.4,,,-22.9075,,
700346,良維統一6A購01,2026-07-22,1.3,0.1,8.33,74000000,0,,是,,1.42,1.59,1.8,,-19.3878,-9.3857,
700350,茂達統一61購01,2026-07-22,0.98,0.18,22.5,18000000,0,,是,,0.84,1.22,1.2,,-48.0745,-14.9513,
700354,聖暉*統一6A購01,2026-07-22,0.95,0.05,5.56,110000000,0,綠縮,否,,0.91,1.01,1.05,,-16.6058,-10.746,-0.2841
700357,聰泰統一6A購01,2026-07-22,0.31,0.03,10.71,2000000,0,綠縮,是,,0.31,0.35,0.4,,-22.1105,-13.8686,-10.8866
700358,寶島科統一64購01,2026-07-22,0.34,0.02,6.25,105000000,0,,是,,0.33,,,,,,
700385,中光電元富5A購01,2026-07-22,0.08,-0.03,-27.27,20000000,0,,是,,0.18,0.25,0.18,,-47.3054,14.8649,
700415,建榮統一6A購02,2026-07-22,0.66,0.02,3.12,489000000,0,綠縮,否,,0.68,0.84,0.96,,-31.5895,-20.8885,-13.1066
700416,高技統一5A購01,2026-07-22,0.1,0.0,0.0,773000000,0,綠縮,是,,0.12,0.25,0.31,,-67.9144,-29.6296,-26.8728
700417,聰泰統一6A購02,2026-07-22,0.37,0.02,5.71,1197000000,0,綠縮,是,,0.37,0.43,0.49,,-24.6914,-15.1394,-8.5768
700418,力旺元大58購01,2026-07-22,0.87,0.44,102.33,10000000,0,,是,,0.82,1.4,,,-58.711,,
700594,原相元大5A購01,2026-07-22,0.55,0.11,25.0,25000000,0,綠縮,否,,0.5,0.77,0.86,,-52.1073,-23.7154,-9.2593
700638,原相元大5A購02,2026-07-22,0.32,0.15,88.24,61000000,0,綠縮,否,,0.21,0.41,0.49,,-64.6667,-33.0033,-14.2731
700670,中光電統一6A購03,2026-07-22,0.25,-0.02,-7.41,67000000,0,綠增,是,,0.26,0.3,0.25,,-23.2558,2.7027,11.2583
700673,信昌電統一6A購01,2026-07-22,4.5,-0.26,-5.46,1000000,0,,否,,5.45,6.18,5.47,,-21.3006,5.3681,
700675,高技統一5A購02,2026-07-22,0.2,0.08,66.67,10000000,0,,否,,0.24,0.36,0.46,,-50.4167,-26.1317,
700676,高技統一6A購01,2026-07-22,0.26,0.06,30.0,269000000,0,綠縮,是,,0.22,0.3,0.36,,-41.6667,-20.8333,-14.8325
700678,智通*統一6A購01,2026-07-22,0.62,0.0,0.0,101000000,0,,是,,0.69,0.62,,,25.0909,14.2066,
700679,智擎統一6A購01,2026-07-22,0.49,0.0,0.0,3000000,0,,否,,0.47,0.45,,,8.7558,7.8571,
700682,萬潤統一6A購02,2026-07-22,3.15,0.47,17.54,60000000,0,綠縮,是,,3.16,3.1,3.24,,3.6745,-4.8145,-0.7652
700684,雍智統一6A購02,2026-07-22,3.62,0.11,3.13,30000000,0,綠縮,否,,3.82,4.93,5.37,,-36.7881,-19.5265,-7.5997
700687,緯軟統一6A購01,2026-07-22,0.46,0.02,4.55,95000000,0,,否,,0.45,0.46,0.5,,-4.2918,-8.4337,-2.138
700688,營邦統一6A購01,2026-07-22,2.12,0.08,3.92,507000000,0,綠縮,是,,2.03,2.25,2.25,,-18.2405,-5.2986,-6.203
700706,中光電統一5A購01,2026-07-22,0.13,-0.03,-18.75,20000000,0,,否,,0.17,0.23,,,-43.9189,26.9231,
700711,華星光統一6A購01,2026-07-22,3.21,0.31,10.69,47000000,0,綠縮,是,,3.14,3.34,3.56,,-10.8844,-5.7094,-6.4643
700712,聖暉*統一6A購02,2026-07-22,0.65,0.01,1.56,1000000,0,綠縮,否,,0.64,0.68,0.7,,-11.1421,-7.7551,0.214
700737,鴻呈國票59購01,2026-07-22,0.05,0.0,0.0,264000000,0,,否,,0.05,0.08,0.14,,-50.9804,-41.9847,
700742,聖暉*永豐5A購01,2026-07-22,1.1,0.06,5.77,2000000,0,,是,,1.55,1.32,,,42.9098,37.5391,
700755,宜鼎統一6A購02,2026-07-22,5.55,0.15,2.78,1000000,0,,是,,5.65,5.49,5.35,,6.0435,3.0798,
700756,威剛統一5C購03,2026-07-22,2.16,0.12,5.88,141000000,0,綠縮,是,,2.12,2.32,2.51,,-15.5131,-9.4848,-5.9287
700830,中美晶元大5A購01,2026-07-22,3.78,0.15,4.13,37000000,0,紅縮,是,,4.38,3.72,2.75,,42.9224,51.3821,40.7986
700843,世界統一5C購01,2026-07-22,0.93,0.2,27.4,33000000,0,綠縮,否,,0.82,0.92,1.01,,-19.057,-18.3511,1.7713
700844,立敦統一5C購01,2026-07-22,1.18,0.02,1.72,10000000,0,,是,,1.52,1.72,1.69,,-20.6897,-4.7196,-0.8821
700845,臺慶科統一5C購01,2026-07-22,0.75,0.04,5.63,10000000,0,綠增,是,,0.9,1.16,1.37,,-36.9014,-24.4618,-8.0764
700898,力旺統一5A購01,2026-07-22,0.2,0.06,42.86,499000000,0,,是,,0.16,0.4,0.56,,-75.6173,-44.9454,-22.2068
700899,力旺統一6A購01,2026-07-22,0.62,0.14,29.17,121000000,0,綠縮,否,,0.52,0.62,0.83,,-28.0992,-25.2695,-12.2946
700900,台半統一5C購03,2026-07-22,0.53,0.07,15.22,709000000,0,綠增,是,,0.59,0.96,0.98,,-55.3544,-17.6117,-1.8036
700902,光頡統一5A購01,2026-07-22,1.5,-0.4,-21.05,10000000,0,,是,,3.56,3.34,,,13.8836,17.0518,
700904,波若威統一6A購01,2026-07-22,3.21,0.44,15.88,153000000,0,綠縮,是,,2.98,3.51,4.33,,-25.9921,-19.1519,-12.5
700920,波若威永豐5A購01,2026-07-22,20.8,3.3,18.86,2000000,0,,是,,21.54,23.54,,,-15.6617,-23.4969,
700938,中美晶兆豐5A購01,2026-07-22,6.8,1.5,28.3,1000000,0,紅增,是,,5.07,4.33,3.28,,41.3044,40.0065,34.528
701037,威剛永豐5C購01,2026-07-22,4.82,0.46,10.55,1000000,0,,是,,5.54,,,,,,
701097,營邦元大5A購01,2026-07-22,0.92,0.3,48.39,21000000,0,綠縮,是,,0.72,0.95,1.01,,-38.8514,-7.1984,-21.7894
701150,雙鴻國票59購01,2026-07-22,0.03,-0.01,-25.0,727000000,0,綠縮,是,,0.04,0.09,0.32,,-72.8571,-76.8229,-35.6426
701193,威剛元大58購02,2026-07-22,3.57,0.47,15.16,26000000,0,綠縮,否,,3.41,4.01,4.63,,-25.718,-13.6109,-14.8308
701279,雙鴻國票5B購01,2026-07-22,0.14,0.0,0.0,325000000,0,綠縮,否,,0.14,0.18,0.31,,-36.2832,-40.7051,-22.0551
701288,訊聯元大5B購01,2026-07-22,0.11,0.01,10.0,12000000,0,,是,,0.16,0.13,,,63.2653,,
701298,三聯群益59購01,2026-07-22,0.26,0.02,8.33,24000000,0,,是,,0.33,0.36,0.43,,-17.6768,-12.1654,-10.8359
701311,雙鴻群益5B購01,2026-07-22,0.13,0.01,8.33,2000000,0,,否,,0.18,0.3,,,-57.4766,-37.8819,
701400,台燿元大5B購02,2026-07-22,7.4,1.05,16.54,1000000,0,,是,,7.64,8.9,,,-24.8031,-13.4241,
701412,宏捷科國票59購01,2026-07-22,6.05,0.7,13.08,1000000,0,紅增,否,,4.99,3.16,2.06,,273.913,168.3362,85.0471
701422,中光電兆豐5B購01,2026-07-22,0.42,0.02,5.0,16000000,0,綠增,否,,0.4,0.69,0.5,,-60.0806,-0.1439,13.1073
701431,台燿統一5B購02,2026-07-22,8.7,0.25,2.96,8000000,0,,是,,10.76,11.07,,,-5.5312,-2.6374,
701434,良維統一6B購01,2026-07-22,0.76,0.05,7.04,31000000,0,,是,,0.75,0.94,1.1,,-33.2743,-15.3639,
701437,威剛統一5B購01,2026-07-22,2.3,0.15,6.98,1000000,0,,是,,2.23,2.45,2.67,,-16.2669,-9.989,
701438,威剛統一6B購01,2026-07-22,2.01,0.14,7.49,106000000,0,綠縮,是,,1.98,2.15,2.35,,-14.716,-10.5154,-6.3112
701440,華星光統一5B購04,2026-07-22,2.11,0.33,18.54,72000000,0,,是,,1.99,2.43,,,-31.0895,-36.4823,
701442,雙鴻統一6B購01,2026-07-22,0.27,0.0,0.0,78000000,0,綠縮,否,,0.28,0.29,0.34,,-9.1503,-12.3123,-7.9561
701444,雍智中信58購01,2026-07-22,16.3,0.8,5.16,10000000,0,,,,,,,,,,
701460,神盾凱基5B購01,2026-07-22,0.28,0.01,3.7,2000000,0,綠縮,是,,0.28,0.4,0.49,,-45.1362,-27.2395,-10.3196
701472,雙鴻統一61購03,2026-07-22,0.1,-0.01,-9.09,13000000,0,,是,,0.17,0.24,0.31,,-45.2229,-18.1818,
701474,穩懋統一6B購01,2026-07-22,3.05,0.5,19.61,1000000,0,,是,,3.21,4.17,,,-37.2656,-21.7653,
701475,台燿元大58購02,2026-07-22,8.25,1.2,17.02,41000000,0,,是,,8.13,9.73,10.31,,-28.3069,-14.9038,-7.3434
701500,雙鴻中信5B購01,2026-07-22,0.29,0.16,123.08,1000000,0,,是,,0.3,0.31,0.34,,-5.0633,-3.75,
701527,良維元大58購01,2026-07-22,0.19,0.04,26.67,100000000,0,,是,,0.87,1.46,,,-57.9049,,
701592,竹陞統一6B購01,2026-07-22,1.18,-0.08,-6.35,8000000,0,,是,,1.2,1.19,1.18,,1.1785,6.1279,-2.9254
701593,竹陞統一6B購02,2026-07-22,1.15,-0.04,-3.36,174000000,0,紅增,是,,1.15,1.14,1.12,,0.3503,5.6325,-1.8486
701595,雙鴻統一59購03,2026-07-22,0.04,0.01,33.33,10000000,0,綠縮,否,,0.04,0.06,0.13,,-52.381,-51.938,-28.8828
701623,元太統一5B購01,2026-07-22,0.45,-0.03,-6.25,73000000,0,綠縮,是,,0.36,0.46,0.54,,-36.8421,-26.1905,-8.3192
701625,竹陞統一6B購03,2026-07-22,1.04,-0.05,-4.59,256000000,0,綠轉紅,是,,1.0,1.01,1.08,,-1.7647,-5.9535,-2.6625
701636,中光電凱基58購02,2026-07-22,0.01,-0.09,-90.0,100000000,0,,否,,0.17,0.24,0.16,,-44.8718,30.1075,
701658,信昌電統一5C購02,2026-07-22,3.95,-0.43,-9.82,2000000,0,紅轉綠,是,,5.59,5.29,4.88,,11.899,3.3613,11.0328
701667,雙鴻群益5B購02,2026-07-22,0.14,0.03,27.27,100000000,0,,是,,0.24,0.38,,,-53.4884,,
701697,宜鼎統一5C購04,2026-07-22,2.84,0.21,7.98,10000000,0,,否,,2.93,4.88,,,-57.0088,-20.3918,
701698,宜鼎統一6B購01,2026-07-22,2.31,0.16,7.44,10000000,0,,否,,2.47,2.81,3.27,,-21.7997,-19.703,
701748,良維元大58購02,2026-07-22,0.86,0.19,28.36,1000000,0,,是,,3.05,,,,,,
701804,巨有統一6B購01,2026-07-22,0.44,0.02,4.76,625000000,0,綠縮,是,,0.43,0.53,0.69,,-31.6456,-26.3158,-13.7649
701853,巨有統一6B購02,2026-07-22,0.57,0.02,3.64,1000000,0,綠縮,否,,0.56,0.71,0.81,,-35.3349,-22.2465,-7.0568
701855,威剛中信5B購01,2026-07-22,2.35,0.41,21.13,2000000,0,,否,,2.54,2.77,,,-15.6354,-16.1573,
701878,神盾元大59購01,2026-07-22,0.08,0.0,0.0,10000000,0,,是,,0.14,0.22,,,-49.6503,,
701971,臺慶科凱基59購01,2026-07-22,3.67,0.39,11.89,60000000,0,,是,,4.73,7.22,,,-51.3786,-20.0111,
702118,旺矽永豐58購01,2026-07-22,31.0,2.2,7.64,2000000,0,,是,,35.78,34.82,,,5.6704,,
702125,旺矽元大5B購01,2026-07-22,6.0,0.1,1.69,1000000,0,,是,,6.74,,,,,,
702157,華星光元大58購05,2026-07-22,1.3,0.58,80.56,56000000,0,綠縮,是,,1.14,2.23,3.74,,-65.6212,-43.4661,-33.1516
702185,精測元富59購05,2026-07-22,4.81,0.4,9.07,18000000,0,,否,,5.0,6.28,,,-33.7219,,
702212,精測元富59購06,2026-07-22,4.26,0.73,20.68,19000000,0,,,,,,,,,,
702216,穩懋中信5A購01,2026-07-22,1.56,0.33,26.83,3000000,0,,否,,2.27,2.71,,,-27.7177,,
702222,立碁元大5A購01,2026-07-22,0.03,0.01,50.0,70000000,0,,是,,0.03,0.06,0.13,,-68.75,-46.1538,
702241,力旺國票58購01,2026-07-22,1.39,0.89,178.0,140000000,0,,否,,0.85,1.41,,,-57.2727,,
702287,威剛凱基5B購02,2026-07-22,12.0,1.6,15.38,2000000,0,,否,,13.28,,,,,,
702306,竑騰國票59購01,2026-07-22,8.4,2.3,37.7,1000000,0,,是,,7.64,9.76,,,-35.6902,-36.2092,
702308,華電網國票59購01,2026-07-22,0.12,0.03,33.33,10000000,0,,否,,0.36,0.63,0.91,,-60.0442,-40.8582,
702331,昇達科群益5C購01,2026-07-22,13.2,1.7,14.78,5000000,0,,否,,12.84,13.24,,,-5.8651,,
702344,湧德群益58購01,2026-07-22,0.31,0.04,14.81,2000000,0,,是,,0.86,0.97,1.46,,-20.3327,-25.8015,
702386,訊聯凱基5C購01,2026-07-22,0.14,-0.01,-6.67,3000000,0,,是,,0.12,0.12,0.15,,-7.8125,-19.0789,
702424,竹陞中信59購01,2026-07-22,1.98,-0.02,-1.0,20000000,0,,是,,1.71,,,,,,
702445,高技永豐59購01,2026-07-22,0.1,0.04,66.67,10000000,0,綠縮,是,,0.27,0.49,0.8,,-62.0112,-36.2581,-36.4827
702450,高技富邦59購01,2026-07-22,0.01,-0.19,-95.0,1469000000,0,,是,,0.21,0.19,0.25,,17.9775,-3.9604,-24.5536
702496,昇達科元大58購01,2026-07-22,5.5,1.0,22.22,1000000,0,,是,,5.22,5.36,7.29,,-5.0545,-10.65,-27.5658
702508,創惟群益58購01,2026-07-22,0.04,-0.06,-60.0,20000000,0,,是,,0.27,0.31,0.5,,-26.1111,-41.0546,
702560,昇達科中信5C購01,2026-07-22,3.39,-0.35,-9.36,8000000,0,綠縮,是,,3.55,3.97,4.9,,-19.0888,-17.3913,-16.0777
702590,富喬國票58購01,2026-07-22,0.13,0.04,44.44,12000000,0,綠縮,否,,0.25,0.88,1.17,,-83.0441,-45.1128,-26.3422
702592,富喬國票5C購01,2026-07-22,1.12,0.08,7.69,133000000,0,綠縮,否,,1.28,1.7,2.07,,-40.1501,-27.9797,-9.3634
702593,富喬國票62購01,2026-07-22,1.14,0.04,3.64,13000000,0,綠縮,否,,1.21,1.67,1.99,,-43.6449,-27.0388,-10.4162
702605,系統電元大5C購01,2026-07-22,0.19,-0.06,-24.0,1000000,0,,是,,0.34,0.4,0.49,,-28.3898,-17.0082,
702611,高技元大5C購01,2026-07-22,0.18,-0.02,-10.0,6000000,0,綠增,是,,0.24,0.49,0.61,,-67.2087,-24.7312,-21.0323
702625,高技富邦58購02,2026-07-22,0.01,-0.09,-90.0,1353000000,0,,是,,0.22,,,,,,
702641,富喬中信5C購01,2026-07-22,0.44,0.1,29.41,1000000,0,,是,,0.33,0.47,0.52,,-45.7237,-18.7175,
702649,富喬永豐59購01,2026-07-22,0.29,0.07,31.82,7000000,0,綠縮,是,,0.35,0.66,1.12,,-63.9175,-47.7848,-19.3606
702695,穩懋凱基5A購01,2026-07-22,8.25,2.5,43.48,6000000,0,,是,,11.04,15.02,,,-41.8947,-18.3696,
702719,系統電元大5C購02,2026-07-22,0.14,0.0,0.0,14000000,0,綠縮,否,,0.18,0.23,0.31,,-34.3066,-28.8401,-21.1125
702724,家登元大59購02,2026-07-22,1.0,0.21,26.58,40000000,0,,是,,1.01,1.38,,,-42.3341,,
702752,台特化統一6C購01,2026-07-22,0.23,0.01,4.55,3000000,0,綠增,是,,0.29,0.32,0.34,,-19.6629,-8.0229,-7.5342
702753,精測統一66購01,2026-07-22,0.87,0.04,4.82,98000000,0,,是,,0.95,1.26,,,-38.8462,-11.5412,
702777,精測永豐59購01,2026-07-22,0.65,0.07,12.07,5000000,0,,否,,0.87,1.46,,,-57.5049,-28.3684,
702802,台特化元大59購01,2026-07-22,0.05,-0.05,-50.0,162000000,0,紅轉綠,否,,0.08,0.1,0.12,,-27.2727,-5.0,-17.4216
702804,良維元大59購01,2026-07-22,1.06,0.08,8.16,14000000,0,,是,,2.0,,,,,,
702808,高技元大5A購01,2026-07-22,0.14,0.0,0.0,20000000,0,綠縮,否,,0.15,0.25,0.3,,-55.8824,-24.3827,-31.9053
702829,勤凱統一6C購01,2026-07-22,0.94,0.09,10.59,35000000,0,,是,,0.92,1.3,,,-45.541,-29.8596,
702833,高技元富5C購02,2026-07-22,0.5,0.04,8.7,62000000,0,綠增,否,,0.94,1.43,1.65,,-51.399,-20.7735,-24.069
702837,雙鴻中信59購03,2026-07-22,0.36,-0.01,-2.7,125000000,0,綠縮,否,,0.34,0.37,0.49,,-10.8808,-25.0513,-14.9525
702850,創惟國票59購01,2026-07-22,0.13,0.03,30.0,3000000,0,綠縮,否,,0.13,0.2,0.26,,-52.2388,-30.5263,-20.3313
702883,家登元大58購01,2026-07-22,1.84,0.31,20.26,15000000,0,,是,,2.31,,,,,,
702885,高技元大5A購02,2026-07-22,0.57,0.05,9.62,1000000,0,,否,,1.09,1.44,,,-38.8578,,
702886,高技元大5B購01,2026-07-22,0.49,0.12,32.43,45000000,0,綠增,否,,0.7,0.93,1.03,,-39.3414,-15.1876,-17.4191
702919,高技元大5B購02,2026-07-22,0.2,-0.03,-13.04,5000000,0,,是,,0.4,0.58,0.85,,-46.8085,-33.0233,
702943,力旺元富59購02,2026-07-22,4.53,1.16,34.42,11000000,0,,是,,4.31,,,,,,
702949,順達永豐58購01,2026-07-22,3.0,1.41,88.68,1000000,0,,否,,2.76,3.88,4.99,,-44.8262,-26.9513,
702990,華景電元富5C購01,2026-07-22,2.15,0.18,9.14,1000000,0,,是,,2.58,3.44,3.9,,-39.823,-18.8915,
702996,立敦永豐58購01,2026-07-22,2.3,0.13,5.99,1000000,0,,是,,5.16,5.31,4.91,,-5.6328,4.5651,
703001,新普永豐58購01,2026-07-22,1.6,0.27,20.3,4000000,0,,否,,2.39,2.97,2.96,,-32.8274,-10.7443,
703030,金益鼎凱基5A購01,2026-07-22,0.72,0.07,10.77,100000000,0,,是,,0.69,0.8,1.04,,-22.7171,-21.11,
703036,元太群益5B購01,2026-07-22,0.84,0.04,5.0,10000000,0,,否,,0.73,0.86,,,-26.506,-22.1622,
703043,高技中信5C購01,2026-07-22,0.1,-0.12,-54.55,167000000,0,,是,,0.37,0.44,,,-26.0,-34.29,
703045,雙鴻中信5C購02,2026-07-22,0.71,0.08,12.7,6000000,0,,否,,0.65,0.83,,,-35.9684,,
703047,順達永豐58購02,2026-07-22,0.94,0.26,38.24,7000000,0,,否,,1.08,1.65,2.27,,-51.2635,-30.0212,
703048,順達永豐5A購01,2026-07-22,1.25,0.3,31.58,6000000,0,綠縮,否,,1.22,1.64,1.75,,-40.5642,-10.9723,-12.3305
703062,元太凱基5B購01,2026-07-22,1.4,0.0,0.0,1000000,0,,否,,1.62,1.44,,,30.1282,,
703067,萬泰科凱基58購01,2026-07-22,2.45,0.26,11.87,1000000,0,,否,,3.09,,,,,,
703068,璟德凱基58購01,2026-07-22,0.13,0.01,8.33,20000000,0,,否,,0.61,1.82,1.97,,-79.7886,-26.8489,
703075,台特化元大5A購01,2026-07-22,0.15,0.0,0.0,192000000,0,紅增,是,,0.15,0.17,0.21,,-17.5824,-22.7907,-11.4108
703083,穩懋元大58購02,2026-07-22,2.04,0.73,55.73,1000000,0,,否,,3.91,,,,,,
703091,雙鴻元富57購04,2026-07-22,0.05,-0.06,-54.55,30000000,0,,否,,0.25,0.78,1.47,,-80.8511,-52.2243,-35.1125
703095,元太永豐58購01,2026-07-22,5.0,2.45,96.08,1000000,0,,否,,5.58,5.6,,,-0.5702,,
703102,穩懋永豐5C購01,2026-07-22,7.6,1.0,15.15,1000000,0,,否,,13.58,,,,,,
703125,台特化元大5A購02,2026-07-22,0.11,0.0,0.0,16000000,0,紅縮,是,,0.12,0.16,0.19,,-36.7347,-14.4385,-17.9204
703132,聖暉*元大5C購01,2026-07-22,2.65,0.33,14.22,1000000,0,,是,,3.05,2.71,,,28.7521,31.5713,
703135,金山電統一5C購02,2026-07-22,4.11,-0.48,-10.46,1000000,0,,是,,4.65,,,,,,
703136,博智統一5C購01,2026-07-22,1.02,0.14,15.91,142000000,0,,,,,,,,,,
703137,璟德統一5C購01,2026-07-22,0.16,0.02,14.29,100000000,0,綠縮,否,,0.17,0.22,0.37,,-38.9706,-37.6068,-15.4802
703149,中光電群益5A購02,2026-07-22,0.83,0.03,3.75,12000000,0,,否,,0.8,0.7,,,34.1137,,
703181,元太凱基59購01,2026-07-22,0.7,-0.03,-4.11,150000000,0,,是,,0.62,0.96,,,-53.0488,-38.9487,
703197,M31富邦58購02,2026-07-22,0.7,-0.06,-7.89,30000000,0,,是,,0.72,1.15,,,-54.534,,
703204,譜瑞富邦58購02,2026-07-22,0.64,0.18,39.13,2000000,0,,是,,0.9,0.98,,,-15.5431,-41.369,
703222,湧德永豐57購01,2026-07-22,0.01,-0.09,-90.0,31000000,0,,是,,1.02,1.25,,,-31.1231,-59.3088,
703224,新應材永豐59購02,2026-07-22,0.38,-0.01,-2.56,5000000,0,,是,,0.46,0.62,,,-40.665,-29.3651,
703231,聖暉*凱基58購01,2026-07-22,2.97,0.27,10.0,3000000,0,,是,,4.09,3.39,,,51.7804,,
703267,騰雲永豐58購01,2026-07-22,0.95,0.09,10.47,63000000,0,,是,,0.85,0.84,0.85,,2.4155,6.6158,-0.2934
703287,湧德國票58購01,2026-07-22,0.01,-0.01,-50.0,160000000,0,,是,,0.16,0.3,,,-64.7321,-60.9032,
703295,信驊群益5B購02,2026-07-22,6.15,1.34,27.86,21000000,0,,是,,4.77,5.76,,,-29.1988,,
703296,威剛群益5B購01,2026-07-22,2.5,0.28,12.61,22000000,0,綠縮,否,,2.65,2.96,3.24,,-19.0476,-9.9635,-6.2726
703307,威剛元大59購05,2026-07-22,1.66,0.0,0.0,5000000,0,綠縮,是,,1.74,2.11,2.39,,-29.9839,-22.2712,-12.0905
703326,健喬永豐59購01,2026-07-22,0.52,-0.01,-1.89,10000000,0,,是,,0.63,0.61,,,8.1911,0.3289,
703327,順達永豐59購01,2026-07-22,1.09,0.22,25.29,41000000,0,,是,,1.28,1.48,,,-23.6623,-14.868,
703339,台燿富邦61購01,2026-07-22,7.85,1.4,21.71,1000000,0,,否,,,,,,,,
703343,台星科凱基59購01,2026-07-22,2.76,0.31,12.65,20000000,0,,是,,2.6,3.5,,,-40.7104,-18.118,
703347,金益鼎凱基58購01,2026-07-22,0.01,0.0,0.0,59000000,0,,是,,0.04,0.27,0.86,,-92.8287,-65.5128,-30.5433
703351,家登凱基59購02,2026-07-22,6.4,0.75,13.27,5000000,0,,,,,,,,,,
703353,富喬凱基5A購02,2026-07-22,0.18,-0.07,-28.0,6000000,0,,是,,0.83,1.0,1.17,,-28.9608,-7.037,
703365,中光電國票58購01,2026-07-22,0.02,-0.78,-97.5,22000000,0,,否,,0.3,,,,,,
703366,威剛國票58購01,2026-07-22,2.49,0.6,31.75,1000000,0,,否,,2.59,3.74,,,-47.1189,-32.7642,
703368,威剛國票59購02,2026-07-22,3.22,0.55,20.6,50000000,0,綠縮,否,,3.13,3.98,4.77,,-35.3719,-20.1923,-12.5115
703371,富喬國票5B購01,2026-07-22,0.31,0.02,6.9,6000000,0,綠縮,是,,0.36,0.65,0.83,,-61.3734,-38.2999,-21.334
703384,廣明國泰58購01,2026-07-22,0.01,0.0,0.0,10000000,0,,是,,0.06,,,,,,
703389,富喬統一65購01,2026-07-22,0.25,0.02,8.7,66000000,0,綠縮,否,,0.26,0.32,0.37,,-30.1075,-21.9753,-7.1871
703396,信驊元富5A購02,2026-07-22,5.3,1.41,36.25,3000000,0,,是,,4.55,5.59,,,-31.2085,-19.8422,
703401,富喬中信61購01,2026-07-22,0.12,0.03,33.33,400000000,0,,是,,0.2,0.3,0.35,,-50.2463,-23.038,
703418,富喬元大5B購01,2026-07-22,0.26,0.03,13.04,1000000,0,綠縮,否,,0.26,0.35,0.47,,-39.3519,-34.4045,-10.3746
703420,富喬元大61購02,2026-07-22,0.39,0.11,39.29,40000000,0,綠縮,是,,0.34,0.56,0.62,,-55.3247,-24.4233,-18.1217
703436,台特化兆豐59購01,2026-07-22,0.03,0.0,0.0,10000000,0,,是,,0.03,0.04,0.11,,-44.4444,-64.4068,
703439,倚強國票59購01,2026-07-22,0.09,0.0,0.0,300000000,0,綠增,是,,0.18,0.28,0.34,,-52.8796,-20.6215,-24.0803
703441,晟田國票59購01,2026-07-22,4.45,-1.8,-28.8,97000000,0,紅縮,否,,5.28,4.43,2.89,,47.9283,73.1717,57.4266
703442,湧德國票59購01,2026-07-22,0.26,0.03,13.04,4000000,0,,否,,0.51,0.53,0.77,,-9.2857,-13.1707,
703454,欣銓永豐59購02,2026-07-22,2.75,0.43,18.53,89000000,0,,是,,3.07,3.12,,,-2.9096,-7.1237,
703463,台特化統一62購01,2026-07-22,0.17,0.02,13.33,35000000,0,綠增,是,,0.22,0.27,0.29,,-29.7468,-13.2258,-16.0637
703464,台特化統一63購01,2026-07-22,0.1,0.01,11.11,10000000,0,,是,,0.14,0.17,,,-22.5806,-19.9029,
703465,台特化統一71購01,2026-07-22,0.31,0.01,3.33,534000000,0,,是,,0.34,0.39,0.42,,-24.5536,-10.0687,-9.6463
703468,宏捷科統一71購01,2026-07-22,0.57,0.03,5.56,1094000000,0,綠縮,是,,0.57,0.63,0.73,,-17.2012,-14.1096,-10.6265
703473,欣銓統一6C購01,2026-07-22,1.29,0.12,10.26,29000000,0,綠縮,是,,1.28,1.4,1.43,,-16.1417,-6.8484,-1.1769
703475,茂迪統一65購01,2026-07-22,0.56,0.04,7.69,17000000,0,綠縮,是,,0.53,0.56,0.64,,-11.745,-8.7805,-7.9137
703476,神盾統一61購01,2026-07-22,0.25,0.01,4.17,95000000,0,綠增,否,,0.31,0.36,0.4,,-26.3158,-21.087,-7.2248
703477,雙鴻統一61購04,2026-07-22,0.2,-0.02,-9.09,30000000,0,綠縮,是,,0.21,0.24,0.3,,-19.084,-20.202,-12.3328
703482,穩懋統一5C購03,2026-07-22,4.25,-0.7,-14.14,6000000,0,,,,,,,,,,
703483,穩懋統一6C購01,2026-07-22,1.92,0.33,20.75,1000000,0,綠縮,否,,1.77,2.02,2.4,,-21.5738,-12.5271,-12.8107
703497,台星科群益59購01,2026-07-22,1.06,0.23,27.71,1000000,0,綠增,否,,1.35,1.78,1.95,,-39.1344,-20.2503,-15.5165
703522,矽科富邦59購01,2026-07-22,0.38,0.08,26.67,41000000,0,綠縮,否,,0.32,0.42,0.54,,-37.4517,-35.6269,-10.0418
703528,系統電元大5A購01,2026-07-22,0.09,0.0,0.0,1002000000,0,綠縮,否,,0.11,0.2,0.36,,-64.1892,-44.9315,-31.1663
703534,欣銓元大59購01,2026-07-22,2.86,0.51,21.7,3000000,0,,否,,2.6,3.23,,,-32.6087,-8.6441,
703535,欣銓元大5A購01,2026-07-22,2.89,-1.11,-27.75,10000000,0,,否,,3.51,,,,,,
703548,聖暉*元大59購02,2026-07-22,4.08,0.29,7.65,58000000,0,綠縮,是,,3.84,4.26,4.24,,-18.1663,-10.8509,7.3596
703581,臺慶科凱基5C購01,2026-07-22,3.27,0.05,1.55,95000000,0,綠縮,是,,3.45,4.97,7.44,,-46.8413,-37.5628,-14.4253
703589,佶優元富5A購01,2026-07-22,0.27,-0.35,-56.45,2000000,0,綠增,否,,0.56,0.6,0.75,,-13.6646,-21.5686,-12.9425
703599,世禾國票59購01,2026-07-22,0.18,0.0,0.0,615000000,0,綠增,是,,0.27,0.31,0.36,,-19.5266,-16.6667,-7.3265
703602,亞電國票58購01,2026-07-22,4.95,-0.7,-12.39,131000000,0,,是,,4.09,3.43,3.62,,48.0116,-0.1746,20.1228
703606,青雲國票58購01,2026-07-22,69.5,7.5,12.1,21000000,0,,是,,64.3,76.3,,,-27.1801,,
703608,能率亞國票58購01,2026-07-22,1.27,0.31,32.29,2000000,0,,否,,1.29,1.79,1.73,,-43.3333,-7.1726,
703609,創泓國票58購01,2026-07-22,0.06,-0.14,-70.0,28000000,0,,否,,0.17,0.14,,,66.6667,81.3333,
703611,崴寶國票58購01,2026-07-22,0.35,-0.03,-7.89,12000000,0,,是,,0.52,0.83,1.27,,-54.1446,-39.325,
703616,矽科統一6C購01,2026-07-22,0.59,0.03,5.36,29000000,0,,是,,0.59,0.63,0.65,,-10.574,-6.9733,
703618,長科*統一64購01,2026-07-22,1.37,0.12,9.6,27000000,0,綠縮,否,,1.41,1.72,1.88,,-30.2671,-13.5516,-7.9755
703619,家登統一6C購01,2026-07-22,0.81,-0.05,-5.81,656000000,0,綠縮,是,,0.8,0.84,0.91,,-8.4862,-9.8272,-3.7746
703622,台星科凱基59購02,2026-07-22,1.79,0.22,14.01,21000000,0,,否,,1.69,2.67,,,-53.724,-22.1737,
703628,博智凱基59購02,2026-07-22,4.09,0.71,21.01,14000000,0,,,,,,,,,,
703632,穩懋凱基5C購01,2026-07-22,7.55,1.65,27.97,5000000,0,,否,,7.95,9.28,,,-25.0707,-24.5222,
703639,台特化國票5A購01,2026-07-22,0.03,0.0,0.0,120000000,0,,否,,0.04,0.08,,,-68.254,-58.5,
703643,新應材國票5A購01,2026-07-22,0.17,-0.06,-26.09,1000000,0,,否,,0.28,0.46,0.95,,-56.3863,-45.7647,
703682,家登元大5C購03,2026-07-22,1.63,0.23,16.43,10000000,0,,否,,1.88,2.02,,,-12.5581,-11.584,
703684,聖暉*元大5A購02,2026-07-22,2.35,0.19,8.8,50000000,0,綠縮,是,,2.03,2.81,2.84,,-43.6283,-17.6195,2.0489
703686,旺矽國票58購02,2026-07-22,32.1,3.1,10.69,3000000,0,,是,,37.34,,,,,,
703688,金益鼎國票58購01,2026-07-22,0.04,0.0,0.0,21000000,0,,否,,0.19,0.5,0.96,,-76.4268,-49.7477,
703690,家登國票59購01,2026-07-22,1.05,0.29,38.16,52000000,0,綠縮,否,,0.9,1.27,1.59,,-45.3659,-31.1991,-18.0742
703698,宜鼎群益58購01,2026-07-22,8.8,1.65,23.08,5000000,0,,否,,9.31,14.76,,,-53.9109,,
703717,金山電國泰58購01,2026-07-22,11.7,2.4,25.81,2000000,0,,否,,20.56,21.78,20.09,,-10.6087,1.1142,
703725,宜鼎元大5B購01,2026-07-22,5.2,0.82,18.72,99000000,0,,是,,5.79,,,,,,
703740,精材群益5A購01,2026-07-22,8.25,1.5,22.22,1000000,0,,否,,7.22,5.86,,,60.1597,,
703746,台半永豐58購01,2026-07-22,5.9,-0.3,-4.84,6000000,0,,是,,10.98,,,,,,
703747,弘塑永豐59購02,2026-07-22,3.29,0.55,20.07,1000000,0,,否,,4.39,,,,,,
703754,原相永豐59購01,2026-07-22,0.99,0.17,20.73,34000000,0,綠縮,否,,0.79,1.39,1.82,,-59.9395,-36.621,-17.0499
703767,譜瑞永豐59購01,2026-07-22,0.61,0.08,15.09,7000000,0,,否,,1.12,2.04,,,-62.1202,,
703771,系統電凱基5C購01,2026-07-22,0.43,0.03,7.5,10000000,0,,否,,0.49,0.87,1.41,,-60.5769,-38.4289,-24.2734
703776,精材凱基58購01,2026-07-22,21.1,5.0,31.06,71000000,0,,是,,14.84,,,,,,
703783,鑫科國泰58購01,2026-07-22,2.08,0.31,17.51,2000000,0,,否,,3.75,3.77,,,-0.899,,
703785,世界國票61購01,2026-07-22,3.45,0.65,23.21,23000000,0,,否,,3.39,3.62,4.26,,-12.1306,-23.415,1.0441
703790,精材國票58購01,2026-07-22,14.0,4.1,41.41,1000000,0,,否,,9.34,6.84,,,115.5053,,
703793,點序國票59購01,2026-07-22,0.03,0.0,0.0,20000000,0,,否,,0.11,0.34,,,-81.4035,,
703834,穩懋兆豐58購02,2026-07-22,3.16,1.12,54.9,61000000,0,,是,,,,,,,,
703837,系統電元大5B購02,2026-07-22,0.13,0.01,8.33,300000000,0,綠縮,否,,0.17,0.26,0.34,,-51.1628,-27.0655,-22.9025
703839,聖暉*元大5B購01,2026-07-22,5.45,0.45,9.0,10000000,0,,是,,6.14,6.43,,,-8.631,10.4052,
703851,穩懋凱基59購02,2026-07-22,5.15,1.01,24.4,22000000,0,,否,,4.71,6.99,11.07,,-49.2341,-42.2956,
703860,世界統一61購01,2026-07-22,1.17,0.0,0.0,34000000,0,綠增,是,,1.29,1.6,1.46,,-33.0208,-8.713,1.7776
703861,世界統一71購01,2026-07-22,0.88,0.12,15.79,16000000,0,綠縮,否,,0.87,0.94,1.02,,-13.8614,-16.6667,0.7393
703862,巨漢統一61購01,2026-07-22,1.15,0.08,7.48,140000000,0,,是,,1.17,1.23,1.34,,-9.1757,-11.4079,
703873,崴寶統一71購01,2026-07-22,0.94,0.01,1.08,47000000,0,綠縮,是,,0.95,1.0,1.07,,-10.4167,-4.6667,-4.3069
703875,鉅橡統一61購02,2026-07-22,0.54,0.02,3.85,282000000,0,,是,,0.84,,,,,,
703876,鉅橡統一61購03,2026-07-22,0.49,-0.01,-2.0,62000000,0,,是,,0.73,0.93,,,-36.1404,,
703877,鉅橡統一71購01,2026-07-22,0.57,0.07,14.0,1000000,0,,否,,0.63,0.74,0.81,,-26.8692,-12.0996,
703878,精材統一71購01,2026-07-22,2.42,0.35,16.91,35000000,0,紅增,否,,2.09,1.94,1.66,,17.2646,20.298,20.261
703879,臺慶科統一71購01,2026-07-22,1.1,0.07,6.8,154000000,0,,是,,1.13,1.42,1.62,,-33.8012,-22.6877,-5.0292
703880,穩懋統一61購02,2026-07-22,1.91,0.48,33.57,26000000,0,,是,,1.77,2.28,3.39,,-36.5591,-34.9501,
703882,穩懋統一71購01,2026-07-22,1.57,0.23,17.16,24000000,0,綠縮,是,,1.69,1.84,2.22,,-15.1303,-20.8834,-10.2585
703886,精材群益5C購01,2026-07-22,9.7,1.7,21.25,2000000,0,,是,,7.76,6.19,,,67.8201,65.6058,
703892,佶優國票58購01,2026-07-22,0.03,-0.01,-25.0,50000000,0,,否,,0.2,0.57,0.78,,-78.2516,-34.3678,
703893,晟德國票58購01,2026-07-22,0.01,0.0,0.0,32000000,0,,否,,0.02,0.04,,,-60.0,-61.4679,
703902,中美晶永豐5A購01,2026-07-22,8.05,-0.95,-10.56,1000000,0,紅縮,否,,8.92,7.2,5.33,,62.5364,64.9267,44.5514
703921,神準國票59購01,2026-07-22,0.13,0.01,8.33,11000000,0,綠增,否,,0.21,0.22,0.27,,-1.8349,-11.4754,-13.3758
703923,創惟國票61購01,2026-07-22,0.41,0.04,10.81,11000000,0,綠縮,否,,0.4,0.51,0.59,,-35.4839,-17.342,-11.7252
703955,台半永豐59購01,2026-07-22,5.05,2.55,102.0,5000000,0,,是,,12.31,11.44,,,16.4617,,
703959,精材永豐58購01,2026-07-22,11.3,1.55,15.9,77000000,0,,是,,3.56,,,,,,
703962,中美晶統一61購01,2026-07-22,2.72,0.52,23.64,20000000,0,紅縮,是,,2.81,2.34,1.81,,50.8039,51.4563,37.6234
703965,世界統一5B購01,2026-07-22,1.46,0.44,43.14,2000000,0,,是,,1.6,1.9,,,-27.1403,7.4745,
703966,台半統一71購01,2026-07-22,1.35,0.1,8.0,48000000,0,,是,,1.55,1.61,,,-7.4163,,
703967,台半統一71購02,2026-07-22,0.97,0.08,8.99,87000000,0,綠縮,是,,0.97,1.3,1.37,,-40.9535,-14.4079,-1.7953
703968,台星科統一71購01,2026-07-22,0.81,0.04,5.19,216000000,0,綠縮,是,,0.78,0.84,0.9,,-13.1403,-9.1008,-3.7453
703975,佶優統一71購01,2026-07-22,0.46,0.03,6.98,6000000,0,綠縮,是,,0.48,0.57,0.63,,-25.0774,-14.5234,-5.8471
703976,信昌電統一61購01,2026-07-22,5.65,0.78,16.02,20000000,0,,是,,8.69,9.64,,,-17.8261,-2.2617,
703978,富強鑫統一61購02,2026-07-22,0.13,0.0,0.0,37000000,0,,是,,0.16,0.17,,,-5.8824,,
703979,順達統一5C購05,2026-07-22,1.01,0.12,13.48,8000000,0,,否,,1.21,1.28,,,-10.104,,
703980,順達統一61購01,2026-07-22,0.93,0.19,25.68,8000000,0,綠縮,否,,0.87,1.01,1.03,,-25.0865,-4.5326,-6.6908
703982,鉅橡統一64購01,2026-07-22,0.65,0.04,6.56,100000000,0,,否,,0.78,0.93,,,-27.7467,,
703983,精材統一61購01,2026-07-22,4.18,0.76,22.22,17000000,0,紅增,否,,3.51,3.0,2.37,,40.016,35.1169,33.7383
703989,穩懋元富5A購01,2026-07-22,3.12,1.51,93.79,10000000,0,,,,,,,,,,
703991,元債20凱基71購01,2026-07-22,1.03,-0.03,-2.83,3000000,0,,否,,1.06,1.09,,,-4.6679,0.2765,
703992,台星科凱基58購01,2026-07-22,0.91,0.16,21.33,10000000,0,,否,,0.75,1.84,,,-74.2838,-41.3431,
704003,精材國泰58購02,2026-07-22,18.5,3.1,20.13,79000000,0,,是,,10.97,,,,,,
704012,世禾統一71購01,2026-07-22,0.45,0.02,4.65,2000000,0,,否,,0.45,0.47,,,-6.5844,-3.4908,
704014,台星科統一61購01,2026-07-22,0.53,0.04,8.16,6000000,0,,否,,0.53,0.64,,,-29.5213,-17.0763,
704015,台燿統一71購01,2026-07-22,2.54,0.36,16.51,1000000,0,,是,,2.29,2.72,,,-27.3938,-19.2524,
704016,巨漢統一61購02,2026-07-22,0.96,0.03,3.23,218000000,0,,是,,1.01,1.11,,,-17.6759,-7.8577,
704021,矽科統一61購01,2026-07-22,0.5,0.02,4.17,283000000,0,綠縮,否,,0.48,0.54,0.56,,-18.5185,-11.784,-1.5734
704024,佶優統一61購01,2026-07-22,0.46,0.03,6.98,10000000,0,,否,,0.69,0.79,0.85,,-23.5556,-8.1019,
704025,創惟統一61購01,2026-07-22,0.31,0.02,6.9,1000000,0,綠縮,否,,0.31,0.38,0.42,,-30.531,-16.1926,-8.4337
704026,精材統一61購02,2026-07-22,3.24,0.59,22.26,12000000,0,紅增,否,,2.65,2.53,1.95,,9.8755,29.8921,29.1804
704029,穩懋統一71購02,2026-07-22,1.53,0.15,10.87,1264000000,0,,是,,1.46,1.72,2.24,,-26.1134,-26.3293,
704038,湧德元大5A購01,2026-07-22,0.27,0.03,12.5,1000000,0,,是,,0.51,0.5,0.56,,4.4715,-6.1567,
704046,台星科群益5A購01,2026-07-22,1.34,0.16,13.56,77000000,0,,否,,1.56,1.95,2.06,,-33.0479,-7.3634,
704051,信驊群益61購01,2026-07-22,6.25,1.1,21.36,7000000,0,,否,,5.0,5.88,,,-25.9259,-17.2535,
704060,世界永豐59購02,2026-07-22,2.16,0.62,40.26,68000000,0,綠縮,否,,2.11,2.37,2.84,,-20.1668,-29.1729,3.1994
704074,世紀*兆豐59購01,2026-07-22,0.01,0.0,0.0,10000000,0,,是,,0.03,0.05,0.04,,-54.2857,-1.9231,
704075,台星科兆豐59購02,2026-07-22,0.99,0.08,8.79,2000000,0,,否,,1.29,,,,,,
704080,世禾富邦5C購01,2026-07-22,0.22,0.0,0.0,200000000,0,綠增,否,,0.25,0.28,0.29,,-16.9935,-5.7239,-9.6626
704081,家登富邦59購02,2026-07-22,1.32,0.27,25.71,328000000,0,綠縮,否,,1.17,1.34,1.57,,-22.4734,-19.3353,-7.7667
704084,中探針統一67購01,2026-07-22,6.25,-0.6,-8.76,3000000,0,,是,,7.55,,,,,,
704085,世界統一61購02,2026-07-22,0.89,0.23,34.85,10000000,0,綠縮,否,,0.89,1.14,1.08,,-35.9827,-14.6617,-0.23
704086,世界統一64購01,2026-07-22,1.14,0.19,20.0,35000000,0,綠縮,是,,1.02,1.06,1.15,,-7.078,-16.6928,5.4462
704089,台半統一61購02,2026-07-22,1.11,0.14,14.43,6000000,0,綠增,否,,1.66,2.16,2.1,,-37.2549,-12.0261,0.5031
704090,台半統一71購03,2026-07-22,1.17,0.08,7.34,38000000,0,,否,,1.37,1.5,,,-15.5172,3.5961,
704091,巨漢統一71購02,2026-07-22,0.96,0.0,0.0,20000000,0,綠增,否,,1.0,1.04,1.1,,-7.7491,-6.5471,-2.3989
704094,佳邦統一71購01,2026-07-22,0.36,0.01,2.86,129000000,0,綠縮,是,,0.37,0.42,0.46,,-22.7848,-13.2231,-7.2
704095,矽科統一71購01,2026-07-22,0.78,0.06,8.33,72000000,0,,否,,0.75,0.82,,,-15.66,-9.2511,
704096,金山電統一71購01,2026-07-22,1.46,0.1,7.35,6000000,0,,否,,1.53,1.83,1.99,,-27.7097,-17.0975,
704100,信昌電統一71購01,2026-07-22,1.47,-0.1,-6.37,57000000,0,,是,,1.84,2.44,2.74,,-39.5655,-20.9792,-1.172
704101,家登統一61購02,2026-07-22,0.53,-0.12,-18.46,31000000,0,綠增,否,,0.58,0.6,0.64,,-4.886,-6.9876,-1.9893
704103,博智統一61購01,2026-07-22,1.55,0.03,1.97,10000000,0,,否,,2.26,2.48,,,-16.5063,,
704108,璟德統一71購01,2026-07-22,0.35,0.01,2.94,2000000,0,綠縮,否,,0.38,0.44,0.63,,-23.3871,-26.8781,-12.741
704109,穩懋統一61購05,2026-07-22,1.26,0.19,17.76,21000000,0,綠縮,否,,1.4,1.86,2.41,,-39.3599,-33.057,-16.756
704111,家登永豐59購01,2026-07-22,1.08,0.32,42.11,13000000,0,綠縮,否,,1.01,1.38,1.45,,-42.5143,-14.3035,-17.9864
704117,高鋒國票58購01,2026-07-22,0.01,0.0,0.0,519000000,0,,是,,0.06,0.12,0.27,,-69.2308,-45.1613,
704126,佳邦群益59購01,2026-07-22,0.12,-0.17,-58.62,2000000,0,,是,,0.56,,,,,,
704127,佳邦群益5A購01,2026-07-22,0.1,0.03,42.86,1000000,0,,否,,0.11,0.27,0.59,,-75.0,-51.6995,-43.9301
704130,華容群益58購02,2026-07-22,15.7,3.0,23.62,1000000,0,,否,,15.54,14.71,10.18,,11.9597,42.4008,42.5282
704134,鑫科群益5A購01,2026-07-22,0.82,0.05,6.49,1000000,0,綠縮,否,,0.85,1.06,1.13,,-33.123,-15.8313,-17.6792
704146,穩懋元大5B購03,2026-07-22,1.5,0.34,29.31,12000000,0,,是,,1.35,,,,,,
704154,高鋒凱基58購01,2026-07-22,0.01,-0.05,-83.33,40000000,0,,否,,0.31,0.65,,,-68.6747,,
704181,亞電群益58購02,2026-07-22,3.94,0.48,13.87,52000000,0,,是,,2.55,2.54,,,0.8703,0.6342,
704203,中美晶統一71購01,2026-07-22,1.72,0.16,10.26,28000000,0,紅縮,否,,1.8,1.67,1.4,,17.4479,24.1636,18.5467
704204,元太統一61購02,2026-07-22,0.82,0.01,1.23,413000000,0,綠縮,是,,0.75,0.81,0.89,,-14.1876,-14.1649,-5.6524
704205,世紀*統一61購01,2026-07-22,0.07,-0.01,-12.5,130000000,0,綠增,否,,0.1,0.12,0.12,,-27.9412,-12.0301,-0.0
704206,世紀*統一71購03,2026-07-22,0.2,-0.01,-4.76,300000000,0,,是,,0.23,0.25,0.24,,-14.3939,-2.7778,
704207,合晶統一71購01,2026-07-22,4.37,0.07,1.63,136000000,0,紅轉綠,否,,4.88,4.92,4.11,,-1.5732,16.7577,18.6426
704210,宜鼎統一61購02,2026-07-22,2.07,0.27,15.0,2000000,0,,否,,2.52,2.75,3.36,,-15.9091,-21.6501,-9.657
704211,宜鼎統一63購01,2026-07-22,2.22,0.27,13.85,29000000,0,綠縮,是,,2.08,2.47,3.12,,-27.1329,-20.1292,-13.7879
704214,旺矽統一71購01,2026-07-22,3.74,0.31,9.04,10000000,0,綠縮,是,,3.57,3.99,4.01,,-19.1123,-7.8875,-0.3598
704215,松瑞藥統一61購01,2026-07-22,0.43,0.0,0.0,2000000,0,,是,,0.43,0.44,0.44,,-4.4053,1.139,
704218,信昌電統一71購02,2026-07-22,2.21,0.23,11.62,40000000,0,綠縮,是,,2.1,2.86,3.16,,-41.9248,-19.4703,-6.1692
704219,家登統一61購03,2026-07-22,0.66,0.09,15.79,60000000,0,,是,,0.65,0.73,,,-19.9507,,
704220,家登統一71購01,2026-07-22,0.75,0.04,5.63,215000000,0,綠縮,是,,0.72,0.76,0.81,,-10.2757,-9.2326,-3.043
704225,廣運統一71購01,2026-07-22,0.38,0.02,5.56,40000000,0,,是,,0.44,0.52,,,-27.0903,,
704237,世界元大5A購02,2026-07-22,1.86,0.41,28.28,3000000,0,,是,,1.87,2.1,2.45,,-20.1027,-26.3655,
704256,富喬永豐5B購01,2026-07-22,0.35,0.04,12.9,1000000,0,,否,,0.74,0.78,,,-9.0686,1.8301,
704257,富喬永豐5C購01,2026-07-22,0.36,0.05,16.13,1000000,0,綠縮,否,,0.4,0.58,0.8,,-47.2441,-34.8993,-14.7419
704258,富喬永豐64購01,2026-07-22,0.65,0.1,18.18,83000000,0,綠縮,否,,0.69,0.9,1.15,,-38.0866,-31.7352,-10.8014
704259,華容永豐5A購01,2026-07-22,8.5,1.7,25.0,1000000,0,,否,,11.28,9.71,6.57,,38.4049,59.4191,51.2378
704262,宜鼎兆豐61購01,2026-07-22,8.15,0.7,9.4,4000000,0,綠縮,是,,7.86,9.43,11.28,,-28.4804,-18.3629,-12.6572
704272,富喬國泰58購04,2026-07-22,0.07,0.01,16.67,4000000,0,綠增,是,,0.34,0.67,0.86,,-66.0643,-37.6636,-27.7987
704276,鈊象富邦59購01,2026-07-22,0.39,0.01,2.63,46000000,0,,是,,0.56,0.61,,,-13.2716,-15.5028,
704277,鈊象富邦5A購01,2026-07-22,0.35,-0.01,-2.78,1544000000,0,綠縮,是,,0.34,0.43,0.56,,-34.7328,-25.9829,-15.4373
704280,世界統一71購02,2026-07-22,0.73,0.09,14.06,148000000,0,綠縮,否,,0.71,0.76,0.86,,-12.3762,-17.6982,0.0
704282,宜鼎統一71購01,2026-07-22,2.45,0.27,12.39,55000000,0,綠縮,是,,2.29,2.6,3.02,,-21.2912,-13.411,-9.8659
704285,高鋒統一64購01,2026-07-22,0.25,0.02,8.7,4000000,0,,是,,0.36,0.46,,,-36.4286,,
704286,高鋒統一67購01,2026-07-22,0.27,0.01,3.85,105000000,0,,否,,0.41,0.51,,,-33.2237,,
704287,富喬統一61購01,2026-07-22,0.12,0.0,0.0,181000000,0,綠縮,是,,0.14,0.2,0.26,,-45.3125,-32.4232,-12.0401
704288,富喬統一61購02,2026-07-22,0.18,0.01,5.88,54000000,0,綠縮,否,,0.2,0.29,0.4,,-46.875,-34.9558,-12.7729
704289,富喬統一61購03,2026-07-22,0.35,0.08,29.63,2000000,0,,是,,0.4,0.53,0.56,,-39.0909,-11.6473,
704290,富喬統一61購04,2026-07-22,0.12,-0.06,-33.33,214000000,0,綠增,是,,0.22,0.33,0.36,,-47.907,-23.0588,-13.9256
704293,富喬統一6C購01,2026-07-22,0.29,0.02,7.41,30000000,0,,是,,0.35,0.41,0.45,,-24.2424,-17.1429,-10.8374
704294,富喬統一71購01,2026-07-22,0.33,0.02,6.45,23000000,0,綠縮,否,,0.34,0.4,0.46,,-24.2291,-18.5714,-6.409
704295,富喬統一71購02,2026-07-22,0.29,0.01,3.57,6000000,0,綠縮,否,,0.3,0.35,0.41,,-26.1084,-20.6742,-6.5517
704296,湧德統一71購01,2026-07-22,0.44,0.02,4.76,94000000,0,,是,,0.48,,,,,,
704298,聖暉*統一67購01,2026-07-22,1.37,0.11,8.73,11000000,0,,是,,1.36,1.48,1.32,,-14.4654,2.6444,
704321,勤凱元大61購02,2026-07-22,1.17,0.07,6.36,1000000,0,,是,,1.23,,,,,,
704322,聖暉*元大61購01,2026-07-22,5.3,0.59,12.53,10000000,0,,否,,5.66,5.57,4.78,,3.5088,15.2795,
704325,精測元大5B購01,2026-07-22,0.67,0.1,17.54,17000000,0,綠縮,是,,0.63,0.77,1.11,,-31.8083,-32.3401,-14.6575
704328,高鋒國泰58購01,2026-07-22,0.02,-0.01,-33.33,12000000,0,,是,,0.2,,,,,,
704339,精測群益59購02,2026-07-22,0.48,0.05,11.63,20000000,0,綠縮,否,,0.57,0.85,1.48,,-49.7364,-46.6625,-19.3769
704341,力旺富邦59購01,2026-07-22,2.88,0.88,44.0,10000000,0,,是,,,,,,,,
704346,精測富邦59購01,2026-07-22,0.79,0.06,8.22,3712000000,0,,是,,0.74,,,,,,
704351,精測統一61購01,2026-07-22,0.42,0.03,7.69,121000000,0,綠縮,是,,0.41,0.46,0.61,,-18.5039,-17.9715,-14.3557
704353,精測統一71購01,2026-07-22,1.02,0.02,2.0,770000000,0,綠縮,是,,1.01,1.08,1.3,,-12.2164,-14.7385,-10.7756
704361,華容永豐5C購01,2026-07-22,5.2,1.16,28.71,3000000,0,綠縮,否,,4.59,5.8,4.89,,-34.6439,-4.0661,15.9905
704362,雷科永豐59購02,2026-07-22,9.55,1.55,19.38,4000000,0,,是,,10.21,10.9,10.89,,-11.8307,-8.9808,5.9839
704370,世界國票5B購01,2026-07-22,1.35,0.37,37.76,111000000,0,綠縮,否,,1.27,1.41,1.78,,-17.7461,-28.1042,-0.3365
704372,長科*國票58購02,2026-07-22,0.99,0.34,52.31,5000000,0,綠縮,是,,1.15,2.66,3.54,,-72.4485,-32.9302,-18.8973
704373,精測國票5A購01,2026-07-22,0.46,0.13,39.39,1188000000,0,,是,,0.44,0.85,1.2,,-64.366,-41.5629,
704374,精測國票5A購02,2026-07-22,0.42,0.05,13.51,108000000,0,綠縮,是,,0.46,0.65,0.98,,-45.6057,-41.0163,-15.7192
704377,精測兆豐59購01,2026-07-22,0.4,0.1,33.33,2000000,0,,否,,0.56,1.02,,,-62.3306,-24.7964,
704380,宜鼎凱基5B購01,2026-07-22,7.8,0.8,11.43,2000000,0,,是,,10.88,,,,,,
704387,家登國泰58購02,2026-07-22,1.95,0.72,58.54,26000000,0,綠縮,否,,1.72,2.11,2.72,,-31.5789,-28.6727,-14.3105
704394,系統電元大61購01,2026-07-22,0.3,0.02,7.14,4000000,0,綠增,是,,0.37,0.41,0.49,,-17.1171,-18.3099,-16.6382
704396,順達元大5A購05,2026-07-22,3.83,0.65,20.44,77000000,0,,是,,3.77,3.76,,,0.48,,
704400,宜鼎富邦61購01,2026-07-22,2.33,0.45,23.94,1000000,0,,是,,2.64,3.62,4.1,,-42.5217,-22.141,
704401,信昌電富邦5C購01,2026-07-22,4.89,0.87,21.64,3000000,0,,是,,6.67,8.71,8.31,,-37.8771,-12.0606,
704406,亞電永豐59購01,2026-07-22,3.0,-1.01,-25.19,38000000,0,紅增,是,,2.72,2.33,2.55,,40.6412,2.2857,1.1723
704416,創惟群益59購01,2026-07-22,0.35,0.07,25.0,50000000,0,,是,,0.49,0.54,0.56,,-15.4639,-6.9324,
704418,精測群益59購03,2026-07-22,0.27,-0.05,-15.62,3000000,0,,否,,0.37,0.85,1.19,,-72.5637,-41.8207,
704419,力旺元大5A購01,2026-07-22,2.21,0.55,33.13,21000000,0,,是,,1.89,2.65,,,-44.6983,,
704426,精材元大5B購01,2026-07-22,7.45,0.45,6.43,1000000,0,,是,,6.56,,,,,,
704427,精材元大61購02,2026-07-22,8.0,0.55,7.38,7000000,0,,是,,6.19,4.8,,,80.8772,,
704435,長科*凱基57購02,2026-07-22,0.11,0.05,83.33,70000000,0,,是,,0.97,3.18,,,-81.9599,-42.62,
704440,久元國票58購01,2026-07-22,0.36,0.04,12.5,8000000,0,綠轉紅,是,,0.35,0.57,0.87,,-55.3571,-43.4696,-21.0312
704443,能率亞國票58購02,2026-07-22,0.62,0.1,19.23,9000000,0,綠縮,否,,0.6,0.69,0.89,,-24.173,-22.097,-5.7429
704451,博大元富57購01,2026-07-22,0.71,0.05,7.58,107000000,0,,是,,2.03,,,,,,
704462,台半凱基57購02,2026-07-22,0.03,-0.08,-72.73,1000000,0,,是,,4.66,5.76,,,-31.9416,15.005,
704463,長科*凱基58購01,2026-07-22,0.65,0.21,47.73,160000000,0,,是,,0.99,2.54,,,-75.7206,-29.0772,
704469,凡甲國票58購01,2026-07-22,0.66,0.04,6.45,30000000,0,,否,,0.9,1.5,,,-57.17,,
704474,亞電國票57購01,2026-07-22,1.58,-0.07,-4.24,232000000,0,,是,,0.92,0.89,1.01,,6.25,-15.7048,
704475,亞電國票58購02,2026-07-22,1.77,-0.31,-14.9,416000000,0,紅增,否,,1.31,1.0,1.28,,90.379,2.8926,-7.0961
704476,高鋒國票58購02,2026-07-22,0.02,-0.09,-81.82,40000000,0,,是,,0.16,0.14,0.22,,32.2581,-22.5806,-37.0158
704481,中探針元大61購01,2026-07-22,4.52,-0.15,-3.21,1000000,0,,是,,5.52,6.92,7.87,,-33.5499,-14.4589,
704482,元太元大61購01,2026-07-22,0.98,0.12,13.95,5000000,0,,是,,0.9,1.09,1.11,,-29.8905,-6.8552,-18.2253
704485,合晶元大57購04,2026-07-22,22.2,-2.5,-10.12,575000000,0,,是,,21.46,15.0,,,151.2881,70.8428,
704487,亞電元大57購02,2026-07-22,1.73,0.21,13.82,409000000,0,,是,,1.36,1.33,,,4.9383,29.9413,
704491,湧德元大5B購01,2026-07-22,0.31,0.03,10.71,679000000,0,綠縮,是,,0.31,0.41,0.47,,-40.5405,-19.4932,-11.5493
704492,鈊象元大5B購01,2026-07-22,0.89,0.03,3.49,2000000,0,綠縮,是,,0.95,1.11,1.13,,-25.2765,-7.6023,-11.597
704494,精材元大5A購01,2026-07-22,9.35,1.55,19.87,1000000,0,,是,,7.16,5.46,,,90.0212,,
704495,精材元大5B購02,2026-07-22,7.85,1.4,21.71,7000000,0,,是,,6.57,5.64,,,39.7278,46.0861,
704496,精材元大61購03,2026-07-22,6.0,0.45,8.11,2000000,0,,是,,4.6,3.52,,,88.67,52.2078,
704500,中光電富邦58購01,2026-07-22,0.02,-0.13,-86.67,121000000,0,,是,,0.13,0.13,,,-1.5625,,
704507,亞電永豐5B購01,2026-07-22,2.31,-0.25,-9.77,853000000,0,紅增,是,,2.2,1.78,1.79,,59.8253,15.3101,1.6766
704515,亞電元富57購01,2026-07-22,3.13,0.54,20.85,43000000,0,,是,,1.98,1.84,1.51,,15.9437,9.5125,
704516,亞電元富57購02,2026-07-22,3.66,0.53,16.93,55000000,0,,是,,2.41,2.41,1.92,,0.0829,8.6937,
704517,亞電元富57購03,2026-07-22,0.45,-0.83,-64.84,189000000,0,綠增,是,,0.54,0.63,0.92,,-24.3697,-27.093,-0.2181
704519,凡甲群益57購01,2026-07-22,0.68,0.06,9.68,50000000,0,,否,,1.26,1.45,2.18,,-22.7941,-31.3064,
704525,亞電群益58購03,2026-07-22,3.39,-0.41,-10.79,15000000,0,,是,,2.62,2.24,2.16,,40.3001,22.6477,
704526,能率群益59購01,2026-07-22,0.19,0.09,90.0,1000000,0,,是,,0.27,0.3,0.34,,-19.7605,-6.2305,
704531,穩懋群益57購05,2026-07-22,7.95,2.2,38.26,1000000,0,,,,,,,,,,
704533,大中統一71購01,2026-07-22,1.98,0.11,5.88,30000000,0,,是,,2.25,,,,,,
704534,台半統一5C購04,2026-07-22,1.16,0.16,16.0,4000000,0,綠增,是,,1.38,2.17,2.11,,-53.4506,-22.2262,-0.7745
704540,宏捷科統一61購03,2026-07-22,0.37,0.05,15.62,222000000,0,,是,,0.45,0.65,,,-47.6636,-23.2038,
704542,宜鼎統一5B購01,2026-07-22,2.76,0.33,13.58,13000000,0,,是,,2.74,3.11,4.13,,-21.3425,-30.0696,-11.7641
704543,宜鼎統一66購01,2026-07-22,1.56,0.18,13.04,51000000,0,綠縮,是,,1.54,1.87,2.36,,-30.4072,-26.3654,-12.1049
704544,宜鼎統一71購02,2026-07-22,1.41,0.11,8.46,1000000,0,綠縮,否,,1.4,1.65,1.98,,-25.9494,-23.041,-10.2064
704546,長科*統一71購01,2026-07-22,0.76,0.09,13.43,30000000,0,綠縮,否,,0.75,0.88,1.02,,-26.0355,-14.2857,-6.8192
704549,茂迪統一5B購01,2026-07-22,0.64,0.05,8.47,15000000,0,,是,,0.61,0.71,0.87,,-23.5,-26.6112,
704550,能率亞統一61購02,2026-07-22,0.72,0.06,9.09,3000000,0,綠縮,是,,0.7,0.72,0.76,,-5.3763,-7.888,-3.1111
704551,能率亞統一71購01,2026-07-22,0.72,0.09,14.29,244000000,0,綠縮,是,,0.68,0.69,0.73,,-4.7887,-6.2246,0.2072
704560,系統電凱基5B購01,2026-07-22,0.22,-0.03,-12.0,1000000,0,,否,,0.36,0.54,0.83,,-51.3661,-35.6974,-19.8544
704563,順達凱基58購03,2026-07-22,2.09,-2.17,-50.94,1000000,0,,是,,2.27,2.21,,,6.2617,-11.4366,
704567,萬泰科永豐5B購01,2026-07-22,4.52,0.37,8.92,26000000,0,,否,,5.68,6.6,,,-24.4415,-12.0453,
704580,長科*元大57購04,2026-07-22,0.01,-0.03,-75.0,100000000,0,,是,,2.3,3.41,2.93,,-48.9362,-11.8241,
704582,高鋒元大57購01,2026-07-22,0.01,0.0,0.0,30000000,0,,否,,0.14,,,,,,
704590,能率亞統一63購01,2026-07-22,0.76,0.08,11.76,95000000,0,綠縮,否,,0.72,0.73,0.78,,-3.7433,-5.4124,-0.2549
704591,能率亞統一71購02,2026-07-22,0.99,0.06,6.45,17000000,0,綠縮,否,,0.96,0.97,1.02,,-2.0325,-3.6597,0.0492
704601,旺矽元大57購07,2026-07-22,9.1,-2.0,-18.02,50000000,0,,是,,10.84,10.14,,,14.8305,,
704603,智通*元大57購03,2026-07-22,0.06,-0.35,-85.37,856000000,0,,是,,0.28,0.29,,,-12.1019,3.8732,
704610,中光電群益58購04,2026-07-22,0.09,-0.08,-47.06,30000000,0,,否,,0.17,,,,,,
704612,台燿群益58購04,2026-07-22,17.5,3.0,20.69,5000000,0,,否,,24.42,25.51,,,-8.1955,-1.1623,
704617,宜鼎群益58購02,2026-07-22,6.15,1.36,28.39,12000000,0,,是,,5.7,,,,,,
704620,博智群益5B購01,2026-07-22,3.0,0.51,20.48,15000000,0,,是,,,,,,,,
704628,中光電統一61購01,2026-07-22,0.34,0.03,9.68,220000000,0,,是,,0.32,0.36,,,-16.4948,,
704629,智通*統一61購01,2026-07-22,0.58,0.01,1.75,50000000,0,,是,,0.62,0.54,,,34.4978,,
704634,旺矽永豐57購02,2026-07-22,15.7,3.7,30.83,2000000,0,,,,,,,,,,
704636,博智永豐59購01,2026-07-22,2.6,0.52,25.0,50000000,0,,否,,3.05,,,,,,
704637,智通*永豐59購01,2026-07-22,0.82,0.03,3.8,306000000,0,綠增,是,,0.86,0.9,0.8,,-8.5106,8.8271,7.6613
704638,廣運永豐61購01,2026-07-22,0.17,0.06,54.55,206000000,0,,是,,0.16,0.22,0.31,,-39.5522,-19.7761,
704642,世界凱基58購01,2026-07-22,1.49,1.29,645.0,1000000,0,,是,,1.63,1.57,1.17,,7.672,43.6414,
704648,竹陞凱基57購04,2026-07-22,3.57,-0.34,-8.7,10000000,0,,是,,4.75,4.06,,,41.3199,-10.5947,
704655,臺慶科國泰58購01,2026-07-22,3.74,0.78,26.35,5000000,0,,是,,9.28,8.92,,,8.3879,,
704656,中美晶元大57購06,2026-07-22,5.0,1.95,63.93,25000000,0,,否,,4.24,3.24,,,89.1071,89.4675,
704665,鈊象元大5C購01,2026-07-22,0.77,0.0,0.0,394000000,0,綠縮,是,,0.72,0.86,0.97,,-27.0707,-18.5538,-13.0005
704667,精材元大58購02,2026-07-22,11.0,2.4,27.91,3000000,0,,否,,9.09,6.94,5.15,,89.5329,49.8274,
704668,穩得元大5B購01,2026-07-22,0.67,0.05,8.06,29000000,0,,是,,1.09,,,,,,
704675,擎亞群益57購02,2026-07-22,19.7,2.0,11.3,10000000,0,,否,,27.22,,,,,,
704678,中光電永豐59購01,2026-07-22,0.67,-0.25,-27.17,908000000,0,,否,,0.85,1.2,0.98,,-45.045,-5.7903,
704685,穩懋永豐5A購02,2026-07-22,3.72,0.68,22.37,299000000,0,,是,,4.49,6.26,,,-44.204,,
704686,世界兆豐5A購01,2026-07-22,0.6,0.28,87.5,7000000,0,綠增,是,,0.76,1.06,0.92,,-44.3299,-12.8607,1.6511
704687,M31凱基5A購01,2026-07-22,0.49,0.04,8.89,6000000,0,,是,,0.43,0.72,1.0,,-57.3964,-36.3556,-33.0991
704710,精材元大58購03,2026-07-22,5.5,0.7,14.58,4000000,0,,是,,4.37,3.6,4.65,,53.6242,-16.5161,
704711,精材元大59購01,2026-07-22,5.75,1.38,31.58,8000000,0,,是,,4.57,3.66,2.71,,66.4483,49.4896,
704712,精材元大61購04,2026-07-22,4.0,0.75,23.08,6000000,0,紅增,是,,3.35,2.91,2.29,,35.7895,36.1384,35.501
704724,沛亨永豐59購01,2026-07-22,1.77,0.25,16.45,1000000,0,,是,,3.81,,,,,,
704725,家登永豐5B購01,2026-07-22,3.31,0.5,17.79,12000000,0,,否,,3.42,3.93,,,-22.8584,-16.047,
704728,精材永豐5A購01,2026-07-22,8.8,1.9,27.54,1000000,0,,是,,5.67,4.42,3.19,,79.3801,83.7354,
704733,鑫聯永豐5A購01,2026-07-22,1.97,0.14,7.65,22000000,0,綠縮,是,,2.0,2.3,2.48,,-23.0,-12.1756,-11.9702
704743,竹陞國票59購01,2026-07-22,1.54,-0.18,-10.47,12000000,0,,否,,1.38,1.46,1.55,,-9.7911,3.1139,-10.9577
704744,沛亨國票59購01,2026-07-22,1.93,0.44,29.53,15000000,0,,是,,,,,,,,
704746,長科*國票59購01,2026-07-22,0.5,0.15,42.86,65000000,0,綠縮,否,,0.55,1.04,1.55,,-63.9581,-34.4283,-18.6958
704748,博智國票59購02,2026-07-22,1.37,0.25,22.32,48000000,0,,否,,2.38,3.17,3.63,,-39.7066,-20.2968,
704756,弘塑元大59購02,2026-07-22,2.75,0.28,11.34,1000000,0,,是,,2.81,3.58,3.97,,-35.5535,-21.56,-8.18
704758,竹陞元大58購02,2026-07-22,0.31,0.07,29.17,11000000,0,,否,,0.29,0.44,,,-52.0134,-23.0366,
704764,精材元大58購04,2026-07-22,10.0,1.7,20.48,4000000,0,,是,,7.29,,,,,,
704766,精材元大61購05,2026-07-22,5.15,0.94,22.33,4000000,0,,是,,4.07,3.47,,,41.6435,24.2392,
704771,東浦永豐5A購01,2026-07-22,1.41,0.11,8.46,2000000,0,綠增,是,,1.5,1.78,1.89,,-27.1401,-14.7722,8.4624
704775,博智群益62購01,2026-07-22,2.19,0.18,8.96,230000000,0,綠縮,是,,2.33,2.84,3.35,,-30.5075,-20.1631,-7.7548
704779,精材群益58購01,2026-07-22,24.4,5.7,30.48,4000000,0,紅增,是,,17.26,13.13,9.36,,91.7778,58.8819,44.7702
704781,點序群益62購01,2026-07-22,0.18,0.02,12.5,2000000,0,,是,,0.29,0.36,0.5,,-34.7032,-24.8963,-25.9701
704786,信驊凱基5A購02,2026-07-22,8.05,2.05,34.17,10000000,0,,否,,8.96,,,,,,
704787,信驊凱基61購01,2026-07-22,10.7,1.65,18.23,19000000,0,,是,,8.33,,,,,,
704791,擎亞凱基58購04,2026-07-22,6.3,0.45,7.69,1281000000,0,綠增,是,,6.36,9.05,8.86,,-45.8723,-11.6154,4.8955
704793,擎亞永豐5A購02,2026-07-22,8.5,2.2,34.92,30000000,0,,是,,8.32,10.28,9.25,,-31.9706,-7.0556,1.038
704800,世界元大58購07,2026-07-22,1.32,0.55,71.43,53000000,0,,是,,1.2,1.82,1.7,,-50.6973,-17.122,
704807,宜鼎元大5A購04,2026-07-22,4.05,0.48,13.45,10000000,0,,否,,,,,,,,
704808,信驊元大58購01,2026-07-22,3.74,1.41,60.52,12000000,0,,是,,3.24,3.84,4.65,,-27.2032,-24.5879,-14.0253
704815,擎亞元大58購03,2026-07-22,2.47,0.3,13.82,11000000,0,綠縮,否,,2.16,2.91,2.9,,-40.9513,-10.0495,2.0214
704828,亞電國票58購03,2026-07-22,7.25,0.95,15.08,2000000,0,,否,,5.68,4.82,,,43.7026,55.9728,
704829,信驊國票59購04,2026-07-22,5.25,0.98,22.95,15000000,0,,是,,4.04,4.47,,,-17.4571,,
704831,信驊國票5C購01,2026-07-22,5.05,1.16,29.82,38000000,0,,是,,3.91,4.13,,,-9.9493,,
704837,磐儀國票59購01,2026-07-22,0.46,0.1,27.78,50000000,0,,否,,0.44,0.54,0.49,,-31.6614,-4.4484,-7.5701
704838,擎亞國票58購03,2026-07-22,4.71,0.35,8.03,10000000,0,綠增,是,,4.68,6.1,5.71,,-37.6298,-9.3383,5.2258
704839,擎亞國票5A購01,2026-07-22,4.2,0.67,18.98,5000000,0,綠增,是,,4.49,5.2,4.86,,-23.8983,-5.9388,4.0886
704841,台半富邦5B購01,2026-07-22,1.36,0.25,22.52,2000000,0,,是,,3.25,3.23,,,1.2477,17.3518,
704842,台星科富邦5B購01,2026-07-22,0.59,0.06,11.32,946000000,0,,否,,0.55,0.75,,,-42.1941,-25.2,
704845,信驊富邦5B購01,2026-07-22,5.15,1.23,31.38,10000000,0,,是,,4.06,4.44,,,-15.5445,,
704846,智通*富邦5A購01,2026-07-22,0.58,0.02,3.57,2224000000,0,綠增,否,,0.63,0.63,0.56,,-0.6329,10.1399,7.0543
704848,順達富邦5A購01,2026-07-22,1.09,0.17,18.48,801000000,0,,是,,1.03,1.32,1.39,,-36.1834,-13.7076,-11.7833
704851,擎亞富邦59購01,2026-07-22,3.15,0.35,12.5,20000000,0,,是,,3.34,3.65,3.32,,-15.6218,-5.1249,5.5406
704852,雙鴻富邦5A購01,2026-07-22,0.66,-0.02,-2.94,683000000,0,綠縮,是,,0.62,0.86,1.13,,-42.6471,-26.3972,-23.8947
704861,精材凱基58購02,2026-07-22,15.8,3.4,27.42,2000000,0,,是,,12.31,9.89,,,64.7925,,
704869,世界元大58購09,2026-07-22,0.33,-0.56,-62.92,10000000,0,,是,,1.19,1.02,,,41.5677,,
704880,榮剛富邦5A購01,2026-07-22,0.39,0.03,8.33,41000000,0,綠縮,是,,0.41,0.41,0.51,,0.9804,-19.6078,-13.7669
704881,譜瑞兆豐62購01,2026-07-22,2.15,0.38,21.47,34000000,0,紅縮,是,,2.39,2.43,2.64,,-3.3225,-7.4018,-12.276
704882,朋億*國票59購01,2026-07-22,2.23,0.27,13.78,33000000,0,綠縮,否,,2.44,2.73,2.9,,-19.218,-16.7785,15.1497
704883,能率國票59購01,2026-07-22,0.21,0.03,16.67,190000000,0,綠縮,否,,0.24,0.45,0.57,,-62.4615,-35.1234,-15.7228
704888,聖暉*群益58購02,2026-07-22,7.9,0.4,5.33,2000000,0,,否,,6.26,,,,,,
704893,青雲永豐5A購01,2026-07-22,13.6,0.6,4.62,1000000,0,綠縮,是,,11.59,12.29,15.33,,-10.7088,-21.7017,-10.9611
704895,世界統一62購01,2026-07-22,0.75,0.07,10.29,7000000,0,綠縮,否,,0.78,0.85,1.0,,-13.6564,-23.2305,3.5733
704896,台星科統一62購01,2026-07-22,0.66,0.08,13.79,625000000,0,綠縮,否,,0.63,0.72,0.79,,-22.4138,-14.4721,-5.1466
704897,台燿統一62購01,2026-07-22,4.15,0.72,20.99,1000000,0,,是,,4.14,4.76,,,-23.2282,-15.457,
704899,長科*統一61購01,2026-07-22,0.94,-0.02,-2.08,10000000,0,綠增,否,,1.44,1.53,1.64,,-11.7791,-12.4929,0.2448
704900,茂達統一62購01,2026-07-22,0.97,0.05,5.43,212000000,0,綠縮,是,,0.87,1.14,1.13,,-37.9801,-11.5683,-0.7014
704901,茂達統一62購02,2026-07-22,0.96,-0.04,-4.0,10000000,0,,否,,1.31,1.37,1.19,,-9.0403,4.9694,4.194
704903,智通*統一68購01,2026-07-22,0.62,-0.02,-3.12,1018000000,0,紅轉綠,否,,0.64,0.65,0.6,,-1.5337,6.7657,5.7319
704904,新復興統一72購01,2026-07-22,0.27,0.02,8.0,2000000,0,,否,,0.29,0.32,,,-17.8161,-17.8756,
704905,穩懋統一72購01,2026-07-22,1.76,0.22,14.29,164000000,0,,是,,,,,,,,
704906,穩懋統一72購02,2026-07-22,1.46,0.19,14.96,330000000,0,,是,,1.61,,,,,,
704907,鑫聯統一62購01,2026-07-22,0.79,0.0,0.0,265000000,0,,是,,0.85,0.93,,,-15.8103,,
704915,穩懋凱基5B購02,2026-07-22,4.33,0.85,24.43,37000000,0,,是,,4.36,,,,,,
704916,中光電元大58購07,2026-07-22,0.45,-0.34,-43.04,24000000,0,紅轉綠,否,,1.18,1.17,0.73,,2.069,56.4753,31.513
704925,系統電元大62購01,2026-07-22,0.28,0.0,0.0,100000000,0,綠增,否,,0.34,0.42,0.5,,-31.3253,-20.904,-18.0782
704932,雙鴻元大58購09,2026-07-22,0.02,-0.08,-80.0,5000000,0,,否,,0.1,0.34,,,-82.1678,,
704937,茂迪富邦61購01,2026-07-22,0.5,0.06,13.64,278000000,0,綠縮,是,,0.45,0.51,0.58,,-18.9964,-11.7133,-14.6608
704947,順達統一65購01,2026-07-22,0.99,0.12,13.79,1000000,0,綠縮,是,,0.9,0.99,1.02,,-17.3432,-9.0074,-4.5666
704952,鑫聯統一72購01,2026-07-22,0.98,0.04,4.26,15000000,0,,是,,1.03,1.08,,,-7.8431,-11.1294,
704953,鑫聯統一72購02,2026-07-22,0.79,0.03,3.95,21000000,0,,否,,0.94,0.99,,,-8.5271,,
704954,系微兆豐62購01,2026-07-22,2.52,0.02,0.8,12000000,0,,是,,3.21,,,,,,
704963,協易機群益5A購01,2026-07-22,0.1,0.01,11.11,1000000,0,,否,,0.2,0.23,,,-26.6667,-32.1739,
704968,精材群益5A購02,2026-07-22,26.5,4.9,22.69,41000000,0,,否,,19.62,16.4,12.55,,48.8619,42.2376,
704978,宜鼎元富58購02,2026-07-22,3.62,0.53,17.15,10000000,0,,,,,,,,,,
704980,茂迪元富58購01,2026-07-22,0.42,0.06,16.67,20000000,0,,否,,0.45,0.69,1.25,,-51.1828,-51.6084,-24.6089
704983,雙鴻元富5A購02,2026-07-22,0.42,0.01,2.44,59000000,0,綠縮,否,,0.39,0.55,0.75,,-44.7887,-29.8089,-24.6864
704984,雙鴻元富5A購03,2026-07-22,0.44,0.04,10.0,15000000,0,,否,,0.79,1.27,,,-54.8055,,
704995,鉅橡元大59購01,2026-07-22,0.15,0.01,7.14,80000000,0,綠縮,是,,0.14,0.25,0.41,,-60.6742,-45.733,-26.0909
705000,世紀*國泰59購01,2026-07-22,0.02,-0.02,-50.0,500000000,0,,是,,0.04,0.1,0.11,,-71.6216,-22.1311,
705002,世界富邦5C購02,2026-07-22,1.17,0.32,37.65,1000000,0,綠縮,否,,1.16,1.27,1.49,,-16.7147,-25.0883,2.5508
705003,世界統一72購01,2026-07-22,0.98,0.16,19.51,63000000,0,綠縮,否,,0.91,0.96,1.09,,-9.6838,-16.3336,-0.5933
705005,茂迪統一72購01,2026-07-22,0.53,0.03,6.0,35000000,0,綠縮,否,,0.51,0.53,0.57,,-7.6642,-4.0073,-4.7899
705006,茂達統一61購02,2026-07-22,1.1,0.15,15.79,2000000,0,綠縮,否,,1.02,1.41,1.39,,-43.4109,-15.38,0.1441
705007,智通*統一62購01,2026-07-22,0.71,-0.03,-4.05,31000000,0,紅縮,否,,0.76,0.75,0.67,,2.9891,10.0147,9.2699
705008,湧德統一61購03,2026-07-22,0.38,0.07,22.58,30000000,0,綠縮,是,,0.39,0.47,0.49,,-29.1971,-10.3448,-19.1736
705009,穩懋統一72購03,2026-07-22,1.78,0.3,20.27,20000000,0,,是,,1.81,2.17,,,-28.13,,
705010,穩懋統一72購04,2026-07-22,1.5,0.16,11.94,923000000,0,綠縮,是,,1.4,1.6,1.97,,-22.5664,-14.0868,-12.6
705014,宏捷科永豐5A購01,2026-07-22,0.71,0.06,9.23,11000000,0,,否,,0.75,1.21,2.12,,-54.5783,-48.7256,-27.0182
705015,穩懋永豐59購04,2026-07-22,3.96,1.08,37.5,40000000,0,,,,,,,,,,
705018,弘塑凱基58購04,2026-07-22,8.95,0.85,10.49,2000000,0,,否,,12.07,,,,,,
705023,雙鴻凱基5C購01,2026-07-22,0.68,-0.03,-4.23,115000000,0,綠縮,是,,0.67,0.92,1.15,,-43.2709,-28.7926,-20.5801
705024,台燿群益58購05,2026-07-22,20.1,3.4,20.36,5000000,0,,否,,19.78,25.49,28.07,,-36.6026,-19.9937,
705042,博大國票59購01,2026-07-22,0.43,0.01,2.38,150000000,0,綠增,是,,0.48,0.83,0.65,,-58.8435,1.467,-0.3065
705045,五福國票59購01,2026-07-22,0.07,0.0,0.0,100000000,0,,否,,0.1,0.15,0.19,,-44.6809,-30.1435,
705046,世界國票59購02,2026-07-22,2.4,0.84,53.85,7000000,0,,否,,2.65,3.99,3.45,,-50.1128,-5.2068,
705048,系微國票59購01,2026-07-22,0.59,0.1,20.41,1000000,0,綠縮,否,,0.6,0.99,1.62,,-56.686,-45.2222,-19.9654
705050,茂迪國票59購02,2026-07-22,0.09,0.03,50.0,2000000,0,,否,,0.1,0.15,0.27,,-47.9167,-51.0067,-28.229
705052,精測國票59購05,2026-07-22,0.04,-0.01,-20.0,57000000,0,綠縮,否,,0.05,0.09,0.25,,-59.7015,-51.5464,-34.7368
705055,宜鼎元大58購06,2026-07-22,2.47,0.87,54.37,11000000,0,,否,,2.45,4.01,,,-56.1133,,
705063,穩懋元大61購02,2026-07-22,1.45,0.3,26.09,8000000,0,,是,,1.28,,,,,,
705066,中光電凱基58購04,2026-07-22,0.68,-0.29,-29.9,82000000,0,,是,,1.23,1.31,0.9,,-11.7816,37.605,
705072,新應材凱基5A購01,2026-07-22,1.22,-0.01,-0.81,72000000,0,綠縮,否,,1.35,1.75,2.21,,-37.0923,-22.1381,-12.4036
705077,穩懋凱基59購07,2026-07-22,5.15,1.01,24.4,2000000,0,,否,,9.16,,,,,,
705083,精測群益5A購01,2026-07-22,0.11,0.01,10.0,30000000,0,綠縮,否,,0.12,0.18,0.34,,-50.0,-40.3909,-25.914
705084,精測群益62購03,2026-07-22,0.68,0.05,7.94,445000000,0,綠縮,否,,0.66,0.77,1.15,,-26.0674,-28.4658,-19.1182
705088,新應材富邦59購01,2026-07-22,0.53,0.0,0.0,38000000,0,,否,,0.56,0.7,0.89,,-32.2115,-21.8365,
705090,精測富邦5A購01,2026-07-22,0.1,0.05,100.0,10000000,0,綠縮,否,,0.08,0.11,0.18,,-43.2836,-40.0,-22.4401
705092,正淩統一65購01,2026-07-22,0.45,0.01,2.27,105000000,0,,是,,0.47,0.54,,,-21.8543,,
705094,宜特統一62購01,2026-07-22,0.61,0.05,8.93,92000000,0,,否,,0.63,0.78,0.85,,-31.9654,-11.991,
705095,新復興統一62購01,2026-07-22,0.11,0.01,10.0,10000000,0,,否,,0.13,0.19,,,-45.9016,-32.3741,
705096,精測統一62購01,2026-07-22,0.21,0.0,0.0,1000000,0,綠縮,是,,0.22,0.25,0.33,,-22.8571,-25.9701,-11.8758
705097,精測統一64購02,2026-07-22,0.45,-0.15,-25.0,200000000,0,綠增,是,,0.73,0.76,0.83,,-6.3776,-7.0991,-8.7623
705100,鑫科統一62購01,2026-07-22,0.63,0.05,8.62,7000000,0,綠縮,否,,0.64,0.77,0.79,,-28.6353,-16.0088,-10.4368
705108,精測元富5B購01,2026-07-22,0.34,0.05,17.24,20000000,0,,是,,0.35,0.49,0.77,,-44.9045,-43.3721,
705111,系統電永豐61購01,2026-07-22,0.76,0.01,1.33,277000000,0,綠縮,是,,0.8,1.11,1.39,,-44.1011,-22.8631,-19.4316
705112,茂迪永豐5A購01,2026-07-22,0.38,0.05,15.15,967000000,0,,是,,0.53,0.77,0.91,,-47.2112,-22.0528,
705128,良維統一72購01,2026-07-22,1.23,0.03,2.5,45000000,0,,是,,1.34,1.6,,,-28.2958,,
705129,宜特統一72購01,2026-07-22,0.78,0.05,6.85,41000000,0,,否,,0.81,0.9,0.94,,-17.7778,-9.4378,-5.6056
705130,長科*統一72購01,2026-07-22,1.2,0.11,10.09,54000000,0,,是,,1.3,1.51,,,-25.2595,-9.4982,
705132,茂迪統一72購02,2026-07-22,0.59,0.04,7.27,1000000,0,綠縮,否,,0.55,0.58,0.61,,-8.0,-4.1597,-9.1654
705135,穩懋統一72購05,2026-07-22,1.47,0.17,13.08,77000000,0,,是,,1.36,,,,,,
705141,新應材永豐58購01,2026-07-22,0.24,-0.08,-25.0,10000000,0,,否,,0.5,0.91,1.79,,-61.5854,-46.4307,
705153,宜鼎元大58購07,2026-07-22,3.47,-0.99,-22.2,6000000,0,,否,,5.24,7.29,,,-43.8156,,
705167,茂迪台新58購01,2026-07-22,0.43,0.11,34.38,998000000,0,,是,,0.7,1.25,,,-60.8018,,
705170,均華凱基58購04,2026-07-22,2.62,0.57,27.8,2000000,0,,是,,2.58,3.34,3.82,,-36.7906,-20.8541,
705173,宜鼎凱基59購04,2026-07-22,7.0,1.35,23.89,195000000,0,,是,,6.75,9.76,13.62,,-47.069,-35.9357,
705175,崴寶凱基59購01,2026-07-22,0.59,0.01,1.72,10000000,0,綠縮,是,,0.69,0.88,1.27,,-35.7009,-29.5108,-17.4634
705188,元太統一62購01,2026-07-22,0.69,-0.01,-1.43,608000000,0,紅增,是,,0.61,0.68,0.76,,-19.4149,-18.0941,-10.1544
705192,沛亨統一72購01,2026-07-22,1.5,0.15,11.11,22000000,0,,是,,1.48,1.93,,,-37.7834,,
705193,宜鼎統一72購01,2026-07-22,1.47,0.09,6.52,123000000,0,綠縮,否,,1.43,1.62,1.92,,-20.5556,-15.445,-10.6106
705195,崴寶統一72購01,2026-07-22,0.83,0.01,1.22,19000000,0,,是,,0.9,0.91,0.99,,-0.8772,-7.4414,
705196,雙鴻統一72購01,2026-07-22,0.59,-0.01,-1.67,200000000,0,綠縮,是,,0.57,0.63,0.71,,-16.5698,-12.4827,-11.1457
705197,鑫聯統一65購01,2026-07-22,0.73,0.05,7.35,21000000,0,,是,,0.76,0.77,0.85,,-2.8278,-2.7883,
705203,匯鑽科國票59購02,2026-07-22,0.14,0.02,16.67,20000000,0,,是,,0.17,0.29,0.37,,-59.6154,-24.9357,
705205,鑫聯國票59購03,2026-07-22,1.4,0.16,12.9,150000000,0,,是,,1.53,1.76,,,-23.0151,,
705206,九豪元大58購01,2026-07-22,2.74,0.5,22.32,2000000,0,,是,,2.86,5.47,,,-64.5792,-22.3421,
705210,雙鴻元大58購17,2026-07-22,0.2,-0.04,-16.67,10000000,0,綠縮,是,,0.23,0.3,0.42,,-40.8377,-30.2752,-29.8594
705214,神盾永豐5B購01,2026-07-22,0.41,0.04,10.81,49000000,0,,是,,0.41,0.53,0.61,,-37.2308,-23.9943,-16.4271
705223,雙鴻元富5A購06,2026-07-22,0.37,-0.03,-7.5,8000000,0,,否,,0.46,0.63,,,-43.2836,-41.1765,
705225,穩懋元富5A購03,2026-07-22,4.89,0.87,21.64,37000000,0,,,,,,,,,,
705233,力旺凱基58購02,2026-07-22,2.51,1.01,67.33,195000000,0,,是,,2.07,3.73,,,-61.5813,-42.2666,
705236,凡甲凱基59購01,2026-07-22,0.7,-0.05,-6.67,30000000,0,紅增,否,,0.7,0.86,1.12,,-32.2957,-27.0728,-22.4306
705239,鑫聯凱基58購03,2026-07-22,0.67,0.04,6.35,70000000,0,,,,,,,,,,
705241,力旺永豐59購01,2026-07-22,2.31,0.55,31.25,3000000,0,,是,,2.18,3.77,,,-59.215,,
705242,宸曜永豐59購01,2026-07-22,0.77,0.25,48.08,124000000,0,綠轉紅,是,,0.58,0.55,0.67,,9.9237,-9.0909,-14.9936
705245,力旺元富58購02,2026-07-22,1.91,0.61,46.92,53000000,0,,是,,1.86,,,,,,
705252,神盾國泰59購01,2026-07-22,0.43,0.06,16.22,6000000,0,綠縮,是,,0.37,0.57,0.79,,-50.9186,-40.8333,-23.1814
705253,穩懋國泰59購01,2026-07-22,4.04,1.04,34.67,149000000,0,,,,,,,,,,
705254,雙鴻富邦5A購02,2026-07-22,0.17,0.0,0.0,43000000,0,,是,,0.17,0.21,0.41,,-34.8837,-42.1196,
705255,雙鴻富邦5A購03,2026-07-22,0.3,-0.01,-3.23,256000000,0,,是,,0.31,0.41,0.57,,-39.2996,-24.9091,
705257,力旺統一65購01,2026-07-22,1.02,0.16,18.6,572000000,0,,是,,0.9,1.13,,,-34.1142,-27.9262,
705258,力旺統一72購01,2026-07-22,1.15,0.17,17.35,348000000,0,綠縮,是,,1.03,1.13,1.39,,-15.2459,-20.0709,-11.8245
705259,凡甲統一72購01,2026-07-22,0.73,0.01,1.39,21000000,0,,是,,0.77,0.78,,,-2.2727,-14.0505,
705260,凡甲統一72購02,2026-07-22,0.86,0.02,2.38,18000000,0,,是,,0.84,0.9,0.92,,-11.7155,-2.5974,-8.3954
705261,元太統一62購02,2026-07-22,0.6,0.03,5.26,938000000,0,,是,,0.57,0.65,,,-21.8232,,
705262,元太統一72購01,2026-07-22,0.55,0.03,5.77,96000000,0,綠縮,是,,0.51,0.55,0.58,,-11.3793,-11.0569,-6.3813
705263,弘塑統一72購02,2026-07-22,1.72,0.12,7.5,5000000,0,,否,,1.98,,,,,,
705264,正淩統一72購02,2026-07-22,0.49,0.0,0.0,523000000,0,,是,,0.51,0.59,0.6,,-22.3565,-6.2201,
705265,沛亨統一72購02,2026-07-22,1.12,0.07,6.67,6000000,0,,是,,1.63,,,,,,
705266,博智統一72購01,2026-07-22,1.27,0.08,6.72,93000000,0,,是,,1.26,1.52,,,-28.5876,,
705267,閎康統一72購02,2026-07-22,0.97,0.05,5.43,35000000,0,,是,,1.04,1.14,1.22,,-16.6667,-8.48,
705268,雙鴻統一62購04,2026-07-22,0.26,0.02,8.33,1000000,0,,是,,0.23,0.27,0.36,,-24.8366,-23.2092,-13.8889
705269,穩懋統一65購02,2026-07-22,1.03,0.13,14.44,35000000,0,綠縮,是,,0.96,1.17,1.59,,-30.6358,-25.8228,-15.111
705273,穩懋國票59購02,2026-07-22,2.7,0.63,30.43,125000000,0,,是,,2.66,4.1,7.01,,-52.0043,-45.8223,
705276,力旺群益5A購01,2026-07-22,2.55,0.6,30.77,93000000,0,,是,,2.15,2.8,,,-37.8832,-30.9946,
705279,良維群益5C購01,2026-07-22,1.67,0.09,5.7,18000000,0,,否,,2.51,2.84,,,-20.657,,
705284,力旺元大5A購03,2026-07-22,2.24,0.84,60.0,44000000,0,,是,,2.2,2.87,,,-37.9096,,
705291,世紀*凱基59購01,2026-07-22,0.02,-0.03,-60.0,95000000,0,,否,,0.06,0.07,,,-39.1304,-13.9535,
705296,富喬凱基58購02,2026-07-22,0.01,0.0,0.0,3000000,0,,是,,0.38,0.45,,,-27.4131,-11.4851,
705300,鈊象凱基61購01,2026-07-22,2.54,0.08,3.25,1000000,0,綠縮,否,,2.38,2.85,3.02,,-28.4768,-12.3385,-11.2222
705303,台星科富邦5A購01,2026-07-22,1.09,0.11,11.22,213000000,0,,是,,1.01,1.19,,,-26.5693,,
705304,台燿富邦5C購02,2026-07-22,4.99,0.8,19.09,1000000,0,,是,,5.43,6.52,,,-28.5,-10.7871,
705307,富喬富邦5B購01,2026-07-22,0.18,0.03,20.0,10000000,0,綠縮,否,,0.2,0.29,0.42,,-48.4211,-38.5928,-13.4515
705309,亞泰統一72購01,2026-07-22,1.3,0.0,0.0,5000000,0,綠增,是,,1.45,1.86,1.91,,-35.8341,-12.2227,-11.5724
705310,博智統一72購02,2026-07-22,0.9,0.06,7.14,93000000,0,綠縮,否,,0.89,1.06,1.21,,-27.4797,-17.3676,-8.3807
705311,富喬統一62購01,2026-07-22,0.18,-0.06,-25.0,19000000,0,綠增,是,,0.22,0.33,0.39,,-49.0741,-30.3419,-9.6065
705313,精材統一65購01,2026-07-22,3.34,0.34,11.33,19000000,0,紅增,否,,2.96,2.65,2.17,,26.5812,26.9636,26.3739
705314,精材統一72購01,2026-07-22,1.93,0.18,10.29,63000000,0,紅增,是,,1.72,1.58,1.34,,20.2232,22.0247,19.5904
705321,富強鑫國票59購01,2026-07-22,0.21,-0.02,-8.7,170000000,0,,否,,0.23,0.29,,,-35.7542,-15.5172,
705322,富喬國票58購04,2026-07-22,0.05,0.0,0.0,60000000,0,綠增,是,,0.27,0.5,0.62,,-62.2222,-34.0426,-29.8077
705323,富喬國票59購02,2026-07-22,1.17,0.01,0.86,1000000,0,紅增,是,,1.11,1.02,1.08,,18.3761,-5.2827,-2.843
705325,聚和國票59購01,2026-07-22,0.72,-0.04,-5.26,1027000000,0,綠增,是,,0.8,1.11,1.08,,-44.1176,-11.5262,-5.0638
705328,富喬元大58購02,2026-07-22,0.06,-0.07,-53.85,54000000,0,綠增,是,,0.15,0.31,0.49,,-68.2203,-48.5099,-19.1928
705332,鈊象元大58購08,2026-07-22,1.56,-0.02,-1.27,15000000,0,綠增,是,,1.81,2.09,2.2,,-23.8015,-6.264,-7.5952
705337,穩懋元大61購04,2026-07-22,1.48,0.37,33.33,210000000,0,,是,,1.83,,,,,,
705340,富喬群益59購01,2026-07-22,0.13,-0.06,-31.58,5000000,0,,是,,0.49,0.57,0.69,,-24.1486,-9.12,
705344,富喬永豐58購04,2026-07-22,0.03,-0.01,-25.0,153000000,0,綠縮,是,,0.07,0.16,0.24,,-73.1707,-47.4747,-20.903
705347,富喬永豐61購01,2026-07-22,0.33,0.04,13.79,6000000,0,綠縮,否,,0.35,0.5,0.62,,-45.2012,-30.5556,-10.3249
705348,富喬永豐65購01,2026-07-22,0.49,0.03,6.52,163000000,0,綠縮,否,,0.5,0.62,0.75,,-31.7073,-23.6162,-8.267
705355,萬潤凱基58購04,2026-07-22,29.5,5.1,20.9,1000000,0,,,,,,,,,,
705358,良維兆豐5A購01,2026-07-22,1.39,0.09,6.92,258000000,0,,是,,1.39,2.25,,,-55.2057,,
705368,穩懋元大58購09,2026-07-22,1.05,0.36,52.17,25000000,0,,,,,,,,,,
705369,穩懋元大58購10,2026-07-22,0.51,0.14,37.84,2000000,0,,是,,0.73,1.24,1.85,,-58.6364,-39.8162,
705370,穩懋元大61購05,2026-07-22,1.75,0.28,19.05,13000000,0,,是,,1.88,2.19,2.38,,-24.8204,-15.5119,-4.0161
705374,元太統一72購02,2026-07-22,0.69,0.07,11.29,46000000,0,,是,,0.64,0.73,0.81,,-22.3844,-8.0605,
705375,台燿統一62購02,2026-07-22,6.95,0.7,11.2,1000000,0,,是,,6.48,6.03,,,16.2958,,
705376,正基統一64購01,2026-07-22,0.34,0.02,6.25,182000000,0,,是,,0.36,0.44,0.51,,-31.6794,-15.5172,
705378,宏捷科統一61購04,2026-07-22,0.45,0.04,9.76,1347000000,0,綠縮,是,,0.45,0.56,0.74,,-33.1343,-24.0489,-13.8596
705380,系統電統一5C購02,2026-07-22,0.29,0.01,3.57,10000000,0,綠縮,否,,0.29,0.39,0.48,,-41.5323,-21.5569,-17.6471
705381,系微統一64購01,2026-07-22,0.68,-0.01,-1.45,3000000,0,,否,,1.07,1.13,,,-10.4202,,
705385,前鼎統一72購01,2026-07-22,1.03,0.07,7.29,50000000,0,,是,,1.08,1.35,,,-33.0855,-28.5411,
705386,茂達統一72購01,2026-07-22,1.12,0.13,13.13,145000000,0,綠縮,是,,1.0,1.18,1.24,,-26.6176,-12.8603,-0.9222
705387,原相統一64購01,2026-07-22,0.49,0.04,8.89,1137000000,0,綠縮,是,,0.44,0.53,0.6,,-28.1046,-18.4496,-6.5149
705388,能率統一72購01,2026-07-22,0.49,0.01,2.08,5000000,0,,否,,0.52,0.57,0.57,,-16.7203,-4.5226,-2.7421
705391,新漢統一72購01,2026-07-22,0.45,0.05,12.5,35000000,0,,否,,0.48,0.51,0.51,,-9.7378,0.7937,
705392,萬潤統一62購01,2026-07-22,3.14,0.01,0.32,34000000,0,綠縮,否,,3.16,3.16,3.54,,-0.1266,-5.675,-3.7118
705393,鈺太統一64購01,2026-07-22,0.69,0.08,13.11,365000000,0,,是,,,,,,,,
705395,聚和統一64購01,2026-07-22,0.58,0.01,1.75,39000000,0,綠增,否,,0.64,0.7,0.66,,-17.1429,1.1494,-1.2012
705399,穩懋統一62購01,2026-07-22,0.85,0.19,28.79,99000000,0,綠縮,否,,0.73,0.9,1.22,,-32.7172,-20.1236,-18.7312
705400,穩懋統一62購02,2026-07-22,1.22,0.17,16.19,565000000,0,,是,,1.2,1.75,2.22,,-47.7884,-31.9504,-17.5563
705401,穩懋統一62購03,2026-07-22,1.23,0.33,36.67,6000000,0,綠轉紅,是,,0.89,1.0,1.28,,-19.4595,-13.9914,-14.5966
705402,耀勝統一64購01,2026-07-22,0.26,0.0,0.0,20000000,0,,是,,0.39,0.48,0.54,,-31.4488,-19.4257,-9.7257
705405,正基國票59購01,2026-07-22,0.2,0.02,11.11,90000000,0,綠增,否,,0.31,0.41,0.52,,-38.3399,-24.1187,-23.9273
705411,良維永豐59購01,2026-07-22,3.09,0.31,11.15,12000000,0,,否,,2.9,5.26,,,-62.0183,-44.5311,
705412,萬潤永豐59購01,2026-07-22,9.85,0.65,7.07,3000000,0,,否,,,,,,,,
705416,台星科元富58購01,2026-07-22,0.97,0.23,31.08,155000000,0,,是,,1.68,2.26,2.54,,-40.4947,-19.3929,
705421,穩懋元富58購02,2026-07-22,1.73,0.53,44.17,101000000,0,,是,,1.87,3.03,,,-55.2531,,
705428,萬潤群益59購01,2026-07-22,9.5,1.75,22.58,42000000,0,,是,,8.67,9.29,,,-12.4242,,
705431,世界台新59購01,2026-07-22,1.89,0.62,48.82,114000000,0,綠縮,是,,1.89,2.27,2.99,,-28.5498,-34.3551,-1.8704
705434,世界凱基59購02,2026-07-22,1.27,0.45,54.88,499000000,0,綠縮,否,,1.38,1.76,2.58,,-35.2666,-40.4263,-3.7736
705435,世界凱基59購03,2026-07-22,1.7,0.56,49.12,370000000,0,,是,,1.93,2.52,2.91,,-37.8222,-32.5382,-4.6878
705439,信驊凱基5A購03,2026-07-22,7.05,1.7,31.78,62000000,0,,否,,5.29,,,,,,
705443,新應材兆豐5B購01,2026-07-22,0.29,0.0,0.0,1000000,0,,是,,0.42,0.57,0.69,,-40.4494,-25.9452,-23.907
705444,良維國票62購01,2026-07-22,2.02,0.11,5.76,6000000,0,,是,,1.94,2.89,3.64,,-49.6362,-23.2829,
705445,東浦國票5A購01,2026-07-22,1.05,0.02,1.94,2000000,0,綠增,否,,1.27,1.78,1.96,,-44.4541,-23.8889,-0.3567
705446,信驊國票62購01,2026-07-22,5.05,0.88,21.1,93000000,0,,是,,4.0,4.07,4.91,,-3.3349,-14.3368,
705447,博智國票5A購01,2026-07-22,3.72,0.4,12.05,151000000,0,,是,,3.98,5.77,,,-47.2583,-28.0599,
705448,萬潤國票5A購01,2026-07-22,10.7,2.55,31.29,6000000,0,,是,,10.59,10.91,,,-5.7829,-11.0432,
705451,穩懋國票5A購03,2026-07-22,1.17,0.27,30.0,20000000,0,綠縮,否,,1.07,1.59,2.49,,-49.4307,-29.4039,-23.9482
705452,世界國泰5A購01,2026-07-22,2.99,0.89,42.38,10000000,0,,否,,3.41,,,,,,
705455,世界群益5B購02,2026-07-22,1.88,0.52,38.24,35000000,0,綠縮,是,,1.75,2.23,2.09,,-35.0851,-10.1975,-3.0387
705458,良維群益5B購01,2026-07-22,0.99,0.19,23.75,508000000,0,,是,,1.3,1.92,,,-48.5782,-40.5766,
705460,信驊群益5B購04,2026-07-22,7.65,2.1,37.84,3000000,0,,是,,5.58,7.37,,,-39.0516,,
705461,湧德群益61購01,2026-07-22,0.48,0.04,9.09,164000000,0,,是,,0.46,0.59,0.73,,-36.3636,-18.2944,
705468,信昌電元大59購01,2026-07-22,11.1,1.5,15.62,2000000,0,,否,,22.28,23.05,,,-6.4652,,
705469,創惟元大59購01,2026-07-22,0.16,0.02,14.29,82000000,0,綠縮,否,,0.13,0.2,0.26,,-48.062,-26.0377,-19.2901
705472,臺慶科元大59購01,2026-07-22,1.39,0.24,20.87,1000000,0,,否,,4.43,,,,,,
705475,雙鴻元大5C購03,2026-07-22,0.8,-0.01,-1.23,803000000,0,,是,,0.78,0.92,1.1,,-26.7925,-20.3816,-12.7229
705480,良維統一63購01,2026-07-22,0.79,0.03,3.95,233000000,0,綠縮,是,,0.78,1.0,1.17,,-37.013,-21.8069,-12.406
705481,亞泰統一62購01,2026-07-22,1.98,0.34,20.73,1000000,0,綠增,是,,2.18,2.91,2.73,,-39.978,-10.0588,-8.9423
705483,新應材統一62購02,2026-07-22,0.35,0.02,6.06,5000000,0,綠縮,否,,0.34,0.38,0.45,,-20.5607,-14.6667,-12.5243
705484,萬潤統一62購02,2026-07-22,4.32,0.77,21.69,1000000,0,,是,,4.03,4.08,4.39,,-2.2298,-7.9215,
705485,萬潤統一73購01,2026-07-22,3.33,0.43,14.83,199000000,0,綠轉紅,是,,3.02,2.99,3.19,,2.439,-1.2884,-2.5249
705487,穩懋統一66購01,2026-07-22,0.68,0.03,4.62,437000000,0,綠縮,是,,0.65,0.81,1.08,,-33.3333,-20.098,-18.0613
705488,穩懋統一73購01,2026-07-22,1.15,0.17,17.35,41000000,0,,是,,1.08,1.23,1.51,,-22.446,-14.246,
705489,穩懋統一73購02,2026-07-22,1.11,0.1,9.9,152000000,0,綠縮,否,,1.05,1.21,1.47,,-23.3236,-14.5275,-13.0383
705492,世界永豐5B購02,2026-07-22,7.0,1.8,34.62,43000000,0,綠縮,是,,6.75,7.58,9.06,,-19.8812,-27.1566,0.9916
705496,光頡永豐5A購01,2026-07-22,1.52,0.0,0.0,1000000,0,,否,,4.01,5.59,4.66,,-44.1783,2.3043,
705497,宜鼎永豐5A購02,2026-07-22,2.72,0.59,27.7,100000000,0,,是,,3.1,4.72,,,-51.0417,-31.9833,
705500,原相永豐5B購01,2026-07-22,1.3,0.22,20.37,4000000,0,,否,,1.44,1.6,,,-18.0887,-12.3355,
705505,穩懋永豐5A購03,2026-07-22,0.85,0.16,23.19,297000000,0,綠縮,是,,0.79,1.1,1.71,,-44.8034,-28.8932,-23.5399
705506,台星科元富59購01,2026-07-22,2.95,0.37,14.34,24000000,0,,是,,2.75,4.1,4.73,,-49.7438,-25.6206,-14.3219
705515,穩懋元富59購02,2026-07-22,1.48,0.52,54.17,64000000,0,,是,,1.63,2.15,,,-38.9055,-35.8699,
705516,穩懋元富59購03,2026-07-22,0.47,0.15,46.88,2000000,0,綠縮,否,,0.42,0.81,1.62,,-65.4545,-39.5245,-29.2059
705519,均華兆豐63購01,2026-07-22,2.28,0.25,12.32,6000000,0,,是,,2.16,2.59,2.88,,-28.3344,-13.2752,
705520,宜鼎兆豐63購01,2026-07-22,3.9,0.5,14.71,26000000,0,綠縮,是,,3.66,4.54,5.67,,-32.5212,-18.75,-13.7097
705523,中探針凱基59購03,2026-07-22,7.2,0.55,8.27,43000000,0,,是,,10.09,12.9,15.98,,-35.7325,-20.7437,
705524,宏捷科凱基59購02,2026-07-22,0.73,0.21,40.38,1000000,0,,是,,0.79,1.33,2.02,,-58.2803,-39.0411,
705525,良維凱基5B購02,2026-07-22,1.25,0.09,7.76,128000000,0,綠縮,是,,1.52,2.24,2.6,,-48.5135,-24.588,-18.1002
705527,萬潤凱基5B購01,2026-07-22,15.6,3.1,24.8,26000000,0,,是,,13.5,13.5,,,0.0,-6.38,
705534,雙鴻凱基5B購01,2026-07-22,0.26,-0.02,-7.14,29000000,0,,否,,0.49,,,,,,
705535,穩懋凱基59購09,2026-07-22,0.58,0.27,87.1,58000000,0,綠縮,是,,0.88,1.29,2.45,,-48.5346,-48.7911,-22.9343
705536,穩懋凱基59購10,2026-07-22,1.05,0.33,45.83,110000000,0,,是,,1.13,1.6,,,-45.6123,-39.1717,
705537,穩懋凱基59購11,2026-07-22,0.86,0.3,53.57,65000000,0,,是,,0.87,1.39,2.66,,-54.6597,-53.933,-27.3806
705544,萬潤元大5B購01,2026-07-22,6.25,0.95,17.92,2000000,0,,是,,5.53,,,,,,
705550,穩懋元大59購07,2026-07-22,0.6,0.22,57.89,1000000,0,綠縮,是,,0.5,0.81,1.64,,-55.6738,-51.9764,-25.4388
705551,穩懋元大5A購03,2026-07-22,0.83,0.28,50.91,20000000,0,綠縮,是,,0.76,1.24,1.71,,-55.8275,-25.7948,-21.771
705552,穩懋元大5B購04,2026-07-22,1.57,0.39,33.05,1000000,0,綠縮,是,,1.49,1.57,1.82,,-9.599,-16.87,-7.3028
705553,穩懋元大5C購04,2026-07-22,1.58,0.25,18.8,1000000,0,綠增,是,,1.79,1.75,1.98,,4.5667,-9.9948,-4.5279
705554,宜鼎富邦5C購02,2026-07-22,1.54,0.22,16.67,501000000,0,,是,,1.74,2.04,2.61,,-25.7485,-24.4996,-13.6484
705555,中探針永豐5C購01,2026-07-22,4.95,0.15,3.12,15000000,0,綠增,是,,5.1,5.69,5.83,,-18.7261,-7.8219,-1.379
705560,萬潤永豐5C購01,2026-07-22,2.88,0.58,25.22,37000000,0,綠縮,是,,2.35,2.31,2.8,,3.8019,-6.831,-6.492
705565,穩懋永豐5C購02,2026-07-22,0.87,0.13,17.57,483000000,0,綠縮,是,,0.8,1.04,1.5,,-37.7152,-24.3066,-19.5664
705568,沛亨國泰5A購01,2026-07-22,2.52,0.62,32.63,31000000,0,,是,,,,,,,,
705570,世界凱基5C購01,2026-07-22,1.9,0.58,43.94,1000000,0,綠縮,否,,1.81,2.1,2.55,,-24.0772,-30.6777,0.3541
705575,原相凱基5B購01,2026-07-22,0.79,0.14,21.54,156000000,0,,否,,1.32,1.45,,,-17.0025,-7.4522,
705590,鑫聯永豐5C購01,2026-07-22,0.61,0.03,5.17,50000000,0,,是,,0.69,0.72,0.88,,-6.4865,-4.6605,
705591,凡甲元大59購01,2026-07-22,0.99,-0.05,-4.81,10000000,0,,是,,1.46,,,,,,
705592,均華元大59購01,2026-07-22,1.27,0.27,27.0,1000000,0,,否,,1.59,,,,,,
705600,凡甲國泰5A購01,2026-07-22,1.25,-0.01,-0.79,4000000,0,,是,,1.2,1.43,1.93,,-27.8511,-15.4481,
705604,良維國票67購01,2026-07-22,2.21,0.22,11.06,71000000,0,綠縮,是,,2.09,2.71,3.16,,-37.1926,-21.9666,-14.9569
705605,亞信國票5A購01,2026-07-22,0.33,0.09,37.5,28000000,0,,是,,0.29,0.39,0.49,,-40.5738,-22.664,
705610,精材國票5C購01,2026-07-22,9.5,1.85,24.18,30000000,0,紅增,是,,7.9,6.84,5.17,,36.5837,38.334,34.8422
705620,宜鼎群益5A購01,2026-07-22,5.3,0.63,13.49,15000000,0,,是,,7.09,9.23,,,-37.6077,,
705630,旺矽兆豐5B購01,2026-07-22,5.25,0.15,2.94,10000000,0,,是,,5.53,,,,,,
705633,順達永豐5B購01,2026-07-22,3.62,0.42,13.12,441000000,0,,是,,3.64,4.2,4.26,,-23.5615,-3.7572,-5.2976
705635,穩得永豐59購01,2026-07-22,0.09,-0.11,-55.0,30000000,0,,是,,0.9,0.92,,,-4.0598,-23.0705,
705642,茂迪群益59購02,2026-07-22,0.11,0.05,83.33,1000000,0,,否,,0.2,0.22,,,-15.3846,,
705649,印能凱基59購01,2026-07-22,4.77,0.26,5.76,93000000,0,,是,,4.13,3.85,4.54,,15.9461,-9.3138,-12.0232
705650,印能凱基59購02,2026-07-22,4.82,0.35,7.83,139000000,0,,是,,4.27,3.96,4.62,,17.1053,-10.2448,-8.1371
705652,宜鼎凱基5A購03,2026-07-22,4.51,0.72,19.0,127000000,0,,是,,4.4,5.78,,,-38.6611,-39.75,
705653,前鼎凱基5A購01,2026-07-22,4.08,0.59,16.91,49000000,0,,是,,3.79,,,,,,
705661,茂迪元大59購04,2026-07-22,0.12,0.01,9.09,1000000,0,,否,,0.12,0.13,0.18,,-17.8082,-26.9231,-8.2915
705662,茂迪元大59購05,2026-07-22,0.12,-0.02,-14.29,100000000,0,,是,,0.23,,,,,,
705666,鑫聯元大61購01,2026-07-22,0.51,0.05,10.87,847000000,0,紅增,是,,0.53,0.54,0.57,,-5.3957,-3.0466,-9.4896
705671,鈊象富邦5B購01,2026-07-22,0.73,0.01,1.39,842000000,0,,是,,0.69,0.83,0.99,,-30.0,-21.0427,
705677,譜瑞富邦5C購01,2026-07-22,2.93,-0.01,-0.34,1000000,0,紅轉綠,是,,3.04,3.12,2.99,,-4.875,-0.4147,8.0881
705679,九豪國票5A購01,2026-07-22,2.68,0.43,19.11,2000000,0,,否,,6.72,7.02,6.64,,-8.2514,-2.1199,
705682,宜鼎國票5A購02,2026-07-22,4.87,0.97,24.87,60000000,0,綠縮,是,,4.49,6.36,9.72,,-45.3528,-40.4869,-18.5415
705684,茂迪國票5A購01,2026-07-22,0.14,0.02,16.67,9000000,0,,否,,0.2,0.25,0.41,,-31.7568,-41.5493,
705692,臺慶科國票5A購02,2026-07-22,0.79,0.13,19.7,76000000,0,綠縮,否,,0.87,1.53,2.99,,-60.5287,-48.0122,-19.669
705699,聚和凱基5A購01,2026-07-22,0.9,-0.05,-5.26,462000000,0,,否,,0.99,1.4,1.43,,-44.9501,-13.1219,
705702,宏捷科國票62購01,2026-07-22,0.42,0.05,13.51,22000000,0,,否,,0.59,0.79,1.05,,-40.2439,-25.7089,
705711,台特化元大5C購01,2026-07-22,0.32,-0.01,-3.03,716000000,0,綠增,是,,0.39,0.51,0.58,,-37.5,-17.6948,-11.9639
705718,宜鼎元大5C購04,2026-07-22,3.57,0.45,14.42,30000000,0,,,,,,,,,,
705726,雙鴻元大61購08,2026-07-22,0.75,-0.02,-2.6,13000000,0,,是,,0.79,0.92,1.12,,-25.3308,-15.7703,
705730,印能群益59購01,2026-07-22,4.29,0.68,18.84,33000000,0,,是,,3.6,3.69,,,-4.8148,-13.1182,
705732,宏捷科群益59購03,2026-07-22,0.07,0.01,16.67,6000000,0,,否,,0.28,0.47,0.67,,-58.3082,-29.1541,
705737,印能永豐5C購01,2026-07-22,4.3,0.34,8.59,14000000,0,,否,,3.63,3.62,3.93,,0.2211,-10.3243,
705739,系統電永豐64購01,2026-07-22,0.97,0.05,5.43,20000000,0,,否,,1.53,1.56,1.92,,-3.4048,-13.3889,
705747,宏捷科凱基59購03,2026-07-22,0.14,0.02,16.67,19000000,0,綠縮,否,,0.19,0.37,0.72,,-66.3043,-43.4049,-24.0977
705748,亞信凱基59購01,2026-07-22,0.91,0.09,10.98,10000000,0,,否,,0.97,1.12,,,-24.0566,-25.5984,
705754,精材凱基61購01,2026-07-22,12.8,2.2,20.75,1000000,0,紅增,否,,10.83,9.71,7.72,,26.0768,26.1858,26.4995
705755,雙鴻凱基5C購03,2026-07-22,0.74,0.0,0.0,40000000,0,,否,,0.64,0.86,1.33,,-40.2235,-38.8453,
705757,世界元大59購05,2026-07-22,1.8,0.56,45.16,3000000,0,,,,,,,,,,
705758,世界元大5C購01,2026-07-22,2.21,0.38,20.77,10000000,0,,是,,2.6,2.69,2.44,,-6.6139,10.6996,
705759,台特化元大5C購02,2026-07-22,0.21,0.0,0.0,653000000,0,綠增,是,,0.27,0.37,0.44,,-41.3793,-20.5184,-13.6364
705771,環球晶元大59購02,2026-07-22,17.6,-0.4,-2.22,2000000,0,,否,,20.16,16.8,,,50.0,,
705778,鈊象國票5A購01,2026-07-22,0.77,0.0,0.0,19000000,0,綠縮,是,,0.82,1.12,1.26,,-42.6573,-18.1818,-16.9413
705783,良維中信61購01,2026-07-22,1.09,0.12,12.37,68000000,0,,是,,1.22,1.6,2.15,,-38.57,-28.5332,
705785,新應材永豐63購01,2026-07-22,0.9,0.19,26.76,7000000,0,綠縮,否,,0.79,1.0,1.09,,-34.9754,-18.0929,-7.0488
705793,聚和元富59購01,2026-07-22,1.08,0.04,3.85,1000000,0,綠增,否,,1.23,1.68,1.56,,-42.3872,-6.6258,-8.9478
705795,廣明元富59購01,2026-07-22,0.06,-0.08,-57.14,8000000,0,,否,,0.24,0.32,,,-41.5842,-38.343,
705796,廣運元富59購02,2026-07-22,0.12,-0.08,-40.0,50000000,0,,否,,0.37,0.57,,,-51.8325,-47.2507,
705797,雙鴻元富59購02,2026-07-22,0.52,0.03,6.12,150000000,0,,是,,0.68,0.81,,,-28.481,-19.7433,
705800,大綜統一73購01,2026-07-22,0.71,0.0,0.0,246000000,0,,是,,0.7,0.72,0.99,,-7.1809,-24.3215,
705804,環球晶統一63購01,2026-07-22,4.85,0.72,17.43,53000000,0,,是,,4.93,4.97,4.12,,-1.4,18.9792,
705805,環球晶統一63購02,2026-07-22,4.9,0.13,2.73,14000000,0,紅轉綠,否,,5.44,5.42,4.41,,0.7775,21.7557,22.4289
705806,環球晶統一73購01,2026-07-22,3.86,0.2,5.46,35000000,0,紅縮,是,,4.16,4.25,3.46,,-4.1436,14.4471,13.7806
705807,環球晶統一73購02,2026-07-22,3.4,0.33,10.75,19000000,0,紅縮,是,,3.53,3.31,2.77,,14.3969,18.2403,14.8861
705809,元太國票5A購02,2026-07-22,1.54,-0.02,-1.28,143000000,0,,否,,1.36,1.83,,,-40.644,-26.672,
705810,岳豐國票5A購02,2026-07-22,0.07,0.0,0.0,20000000,0,,是,,0.25,0.3,,,-29.7753,-10.355,
705811,長佳智國票5A購01,2026-07-22,0.31,0.0,0.0,92000000,0,綠增,否,,0.39,0.49,0.49,,-32.7645,-6.8441,-8.785
705814,精星國票5A購01,2026-07-22,0.18,0.01,5.88,61000000,0,綠增,否,,0.22,0.29,0.34,,-38.4615,-24.031,-9.9476
705816,寶雅國票5A購01,2026-07-22,1.6,-0.12,-6.98,40000000,0,綠增,否,,1.65,2.16,2.05,,-38.5362,-8.3898,2.0927
705818,凡甲永豐5B購01,2026-07-22,0.82,0.02,2.5,12000000,0,,否,,0.79,0.94,1.31,,-28.1536,-18.7554,
705819,台星科永豐5C購01,2026-07-22,1.31,0.14,11.97,228000000,0,綠縮,是,,1.21,1.42,1.63,,-25.4613,-17.8344,-6.9084
705820,宜特永豐5C購01,2026-07-22,0.67,0.06,9.84,53000000,0,綠縮,否,,0.71,0.97,1.09,,-42.9032,-22.0176,-12.4699
705825,順達永豐59購02,2026-07-22,1.8,0.4,28.57,41000000,0,綠縮,否,,1.88,2.65,2.89,,-44.7183,-15.6519,-13.7498
705826,順達永豐61購01,2026-07-22,4.61,0.48,11.62,683000000,0,綠縮,是,,4.58,5.51,5.48,,-28.9441,-5.6688,-4.6675
705832,系統電元富59購02,2026-07-22,0.51,0.03,6.25,1000000,0,,否,,1.0,1.48,,,-48.9817,-42.0703,
705838,信驊元富59購06,2026-07-22,3.58,0.9,33.58,2000000,0,,否,,2.59,3.21,,,-32.3053,-26.4051,
705841,元太元大5B購01,2026-07-22,1.7,-0.04,-2.3,10000000,0,,是,,1.54,1.8,2.01,,-24.9027,-8.3969,
705844,台特化元大59購03,2026-07-22,0.16,0.01,6.67,3000000,0,,否,,0.18,0.23,0.37,,-35.9155,-26.2658,
705845,信驊元大5C購01,2026-07-22,9.1,2.0,28.17,21000000,0,,是,,7.59,9.77,,,-36.4322,,
705851,雙鴻元大59購08,2026-07-22,0.39,0.08,25.81,496000000,0,,是,,0.35,0.51,0.77,,-48.2036,-38.246,
705852,雙鴻元大59購09,2026-07-22,0.33,-0.03,-8.33,190000000,0,,是,,0.32,0.75,,,-72.8814,,
705853,雙鴻元大61購10,2026-07-22,0.64,-0.03,-4.48,2215000000,0,綠縮,是,,0.6,0.69,0.84,,-22.4806,-20.2091,-11.6658
705854,台特化統一63購03,2026-07-22,0.24,0.0,0.0,100000000,0,,否,,0.32,0.36,,,-21.1823,-20.7424,
705857,沛亨統一73購01,2026-07-22,0.86,0.07,8.86,13000000,0,,是,,1.17,1.39,,,-27.0574,,
705858,良維統一73購01,2026-07-22,0.49,0.01,2.08,377000000,0,綠縮,是,,0.49,0.59,0.65,,-27.566,-15.0289,-7.8236
705859,旺矽統一73購01,2026-07-22,3.73,0.21,5.97,2000000,0,綠縮,否,,3.61,4.0,4.1,,-17.8425,-5.8131,-1.5854
705860,順達統一73購01,2026-07-22,0.66,0.05,8.2,84000000,0,綠縮,否,,0.64,0.73,0.74,,-20.7407,-5.3455,-3.5622
705861,新應材統一73購01,2026-07-22,0.34,-0.01,-2.86,80000000,0,紅增,是,,0.34,0.37,0.39,,-11.3402,-6.6327,-6.6826
705866,良維凱基59購03,2026-07-22,0.35,0.07,25.0,20000000,0,綠縮,否,,0.38,0.89,1.36,,-73.1812,-43.2674,-24.0679
705870,信驊凱基5B購01,2026-07-22,5.2,1.16,28.71,20000000,0,,是,,4.29,,,,,,
705871,信驊凱基61購02,2026-07-22,4.51,0.98,27.76,163000000,0,,否,,3.49,3.42,4.26,,4.2413,-15.9744,
705872,信驊凱基61購03,2026-07-22,6.35,1.35,27.0,56000000,0,,是,,5.08,5.5,,,-14.1988,,
705874,鈊象凱基61購02,2026-07-22,1.9,0.01,0.53,10000000,0,綠縮,否,,1.8,1.94,2.13,,-13.1858,-14.5687,-5.4533
705879,良維富邦5B購01,2026-07-22,0.68,0.04,6.25,863000000,0,,是,,0.64,0.98,1.37,,-51.8072,-30.3116,-18.6982
705889,精材群益59購01,2026-07-22,14.4,3.0,26.32,5000000,0,,否,,8.86,6.87,,,81.483,46.7849,
705890,精材群益59購02,2026-07-22,11.0,2.45,28.65,1000000,0,,否,,8.25,6.61,4.68,,65.996,68.4935,
705891,雙鴻群益59購05,2026-07-22,0.78,-0.04,-4.88,80000000,0,綠縮,是,,0.77,0.93,1.6,,-29.927,-40.2947,-23.6277
705892,雙鴻群益59購06,2026-07-22,0.24,-0.04,-14.29,100000000,0,,是,,0.63,0.9,1.27,,-47.0389,-25.351,
705894,元太凱基5B購02,2026-07-22,2.26,0.32,16.49,16000000,0,,是,,2.12,2.52,2.65,,-27.6145,-7.0402,
705896,台特化凱基5C購01,2026-07-22,0.26,0.02,8.33,1000000,0,,是,,0.31,0.43,0.54,,-43.0147,-23.8859,-25.931
705897,巨漢凱基59購01,2026-07-22,0.89,0.2,28.99,20000000,0,綠縮,是,,0.9,1.27,1.52,,-45.4435,-22.5806,-16.4977
705900,新普凱基59購01,2026-07-22,1.99,0.38,23.6,34000000,0,綠縮,是,,1.77,2.65,2.85,,-50.0566,-18.7059,-10.2124
705911,均華群益59購01,2026-07-22,0.55,0.17,44.74,20000000,0,綠縮,是,,0.55,1.01,1.28,,-62.2435,-29.234,-25.2118
705916,雙鴻群益59購08,2026-07-22,0.26,0.02,8.33,100000000,0,綠縮,是,,0.25,0.4,0.53,,-53.6765,-32.4278,-24.4884
705927,新應材永豐63購02,2026-07-22,0.33,0.01,3.12,601000000,0,綠縮,否,,0.33,0.37,0.44,,-20.6731,-13.8568,-11.7528
705928,雙鴻永豐63購01,2026-07-22,0.56,-0.02,-3.45,12000000,0,綠縮,否,,0.55,0.6,0.75,,-15.5488,-19.5479,-12.5217
705931,台半國票5A購01,2026-07-22,4.8,0.81,20.3,205000000,0,綠縮,是,,5.17,8.8,8.7,,-58.4405,-25.3181,-9.6334
705934,松瑞藥國票5A購01,2026-07-22,0.39,-0.02,-4.88,210000000,0,綠增,否,,0.42,0.47,0.48,,-17.1875,-4.2945,-9.6442
705935,胡連國票5A購01,2026-07-22,0.43,0.01,2.38,1000000,0,綠縮,否,,0.41,0.49,0.52,,-29.3103,-8.5028,-10.4991
705938,新應材國票5A購02,2026-07-22,0.28,0.02,7.69,15000000,0,,是,,0.34,0.48,0.72,,-44.9511,-34.072,
705939,新應材國票5B購01,2026-07-22,0.34,0.03,9.68,10000000,0,綠縮,是,,0.34,0.44,0.57,,-36.0595,-22.4956,-21.5164
705940,新應材國票5C購01,2026-07-22,0.38,0.01,2.7,25000000,0,綠轉紅,否,,0.39,0.47,0.59,,-29.9639,-19.0722,-16.9133
705941,群翊國票5A購01,2026-07-22,2.75,0.02,0.73,3000000,0,,否,,2.95,3.22,3.52,,-15.5301,-12.6459,-5.1355
705945,均豪統一73購01,2026-07-22,0.47,0.05,11.9,10000000,0,綠縮,是,,0.45,0.53,0.53,,-25.3289,-8.1315,-6.7367
705946,宏捷科統一63購01,2026-07-22,0.4,0.03,8.11,12000000,0,綠縮,否,,0.4,0.54,0.68,,-40.413,-24.5467,-12.0335
705947,系微統一73購01,2026-07-22,0.67,-0.01,-1.47,10000000,0,綠縮,否,,0.68,0.77,0.87,,-20.0935,-15.6627,-7.0777
705948,良維統一63購02,2026-07-22,0.77,0.08,11.59,58000000,0,,是,,0.72,1.01,,,-44.2901,-22.2051,
705949,良維統一73購02,2026-07-22,0.78,0.06,8.33,1000000,0,,是,,0.78,0.92,1.02,,-26.3653,-14.2326,-12.057
705950,宜特統一73購01,2026-07-22,0.6,0.04,7.14,1000000,0,,是,,0.61,0.69,0.73,,-20.5195,-9.6732,
705952,前鼎統一73購01,2026-07-22,0.93,0.07,8.14,4000000,0,,否,,1.52,,,,,,
705953,鉅橡統一73購01,2026-07-22,0.51,0.01,2.0,50000000,0,,否,,0.72,0.75,,,-8.9059,,
705954,鈺太統一66購01,2026-07-22,0.43,0.07,19.44,23000000,0,,否,,0.51,0.58,,,-21.1656,-13.8848,
705955,世界元大59購07,2026-07-22,1.27,0.38,42.7,1000000,0,,是,,1.68,1.95,,,-23.9602,3.2891,
705958,良維元大59購05,2026-07-22,1.0,0.13,14.94,13000000,0,,否,,1.9,2.35,3.06,,-31.8996,-17.5747,
705960,宜鼎元大59購04,2026-07-22,4.07,0.76,22.96,261000000,0,,是,,4.55,,,,,,
705967,新應材元大59購04,2026-07-22,0.22,0.02,10.0,3000000,0,,否,,0.32,0.4,,,-35.102,-43.8889,
705975,台特化元大59購06,2026-07-22,0.36,0.07,24.14,2000000,0,綠縮,是,,0.44,0.62,0.77,,-45.2736,-27.4212,-23.0884
705986,世紀*國票5A購01,2026-07-22,0.16,-0.05,-23.81,344000000,0,,是,,0.21,0.34,0.38,,-54.4681,-24.3363,
705989,雙鴻國票5A購02,2026-07-22,1.2,-0.01,-0.83,405000000,0,,是,,1.12,1.4,,,-33.3731,-48.3942,
705992,均華國泰5A購01,2026-07-22,3.25,0.49,17.75,10000000,0,,是,,3.31,4.2,,,-34.8425,-17.4375,
705994,蜜望實統一63購01,2026-07-22,2.08,0.3,16.85,11000000,0,綠縮,否,,2.02,2.51,2.85,,-32.6232,-20.8936,-1.7947
706001,雙鴻群益5B購03,2026-07-22,2.91,0.42,16.87,10000000,0,,否,,2.59,3.13,,,-29.5207,-21.75,
706003,世界中信59購01,2026-07-22,2.31,0.59,34.3,17000000,0,綠縮,否,,2.25,2.52,3.07,,-18.9792,-29.2895,2.0809
706004,精材中信61購01,2026-07-22,3.83,0.63,19.69,8000000,0,,否,,3.25,,,,,,
706006,穩得永豐5B購01,2026-07-22,0.74,0.09,13.85,50000000,0,,是,,0.78,1.12,1.56,,-46.4187,-31.3001,
706008,均華凱基59購01,2026-07-22,0.57,0.21,58.33,51000000,0,綠轉紅,是,,0.5,0.83,1.17,,-57.3883,-31.2345,-22.2222
706011,博智凱基5C購01,2026-07-22,3.82,0.28,7.91,155000000,0,,是,,5.15,5.9,,,-22.5865,,
706014,巨漢國票59購01,2026-07-22,1.61,0.2,14.18,14000000,0,,是,,2.04,2.26,2.56,,-18.3641,-12.1071,
706015,緯軟國票5B購01,2026-07-22,0.56,0.07,14.29,38000000,0,綠縮,否,,0.5,0.55,0.58,,-15.5405,-3.7037,-13.9137
706019,均華永豐5B購01,2026-07-22,4.26,0.23,5.71,3000000,0,,否,,4.78,6.29,,,-38.7237,-21.7483,
706020,旺矽永豐61購01,2026-07-22,4.74,1.0,26.74,1000000,0,,否,,5.44,,,,,,
706028,台特化統一66購01,2026-07-22,0.26,-0.03,-10.34,10000000,0,,否,,0.3,0.34,,,-20.8333,-19.2488,
706030,均華統一62購01,2026-07-22,0.61,0.08,15.09,505000000,0,,否,,0.57,0.65,,,-21.7984,-29.0672,
706031,均華統一63購03,2026-07-22,0.53,0.05,10.42,2000000,0,綠縮,是,,0.5,0.59,0.69,,-26.8437,-18.3588,-16.6163
706033,均豪統一63購01,2026-07-22,0.62,0.13,26.53,1000000,0,,否,,0.72,0.76,0.75,,-9.3434,4.8611,
706034,宜鼎統一62購01,2026-07-22,1.34,0.19,16.52,7000000,0,綠縮,否,,1.23,1.51,1.93,,-31.6258,-20.0423,-13.1111
706036,新普統一63購01,2026-07-22,0.65,0.04,6.56,447000000,0,綠縮,是,,0.63,0.76,0.79,,-28.9593,-11.6822,-5.7499
706037,新普統一73購01,2026-07-22,0.63,0.03,5.0,139000000,0,綠縮,是,,0.61,0.7,0.71,,-21.9949,-8.0581,-3.7112
706039,蜜望實統一62購01,2026-07-22,3.47,0.45,14.9,1000000,0,,是,,4.17,5.12,4.5,,-31.2356,-3.5587,
706040,鑫聯統一62購02,2026-07-22,0.46,0.01,2.22,1000000,0,綠增,否,,0.48,0.76,0.69,,-54.3021,-13.2118,-6.4103
706041,加百裕群益59購02,2026-07-22,0.27,0.03,12.5,28000000,0,,否,,0.32,0.55,0.98,,-59.7964,-40.7527,
706048,原相富邦59購01,2026-07-22,0.99,0.18,22.22,479000000,0,綠縮,是,,0.8,1.15,1.38,,-46.5147,-28.3927,-5.8844
706049,博智富邦5B購01,2026-07-22,2.38,0.26,12.26,4000000,0,,,,,,,,,,
706054,台特化元大5B購01,2026-07-22,0.57,0.04,7.55,29000000,0,綠縮,否,,0.61,0.77,0.88,,-34.0517,-17.5589,-11.3956
706055,台特化元大63購01,2026-07-22,0.49,0.03,6.52,360000000,0,綠縮,否,,0.53,0.63,0.7,,-28.2609,-14.3631,-8.9968
706057,台燿元大59購05,2026-07-22,21.0,3.6,20.69,1000000,0,,,,,,,,,,
706058,巨漢元大59購02,2026-07-22,1.2,-0.04,-3.23,93000000,0,綠增,否,,1.38,1.58,1.8,,-22.7834,-17.0693,-9.7976
706064,宜鼎元大59購08,2026-07-22,2.34,0.62,36.05,121000000,0,,是,,2.1,2.93,,,-44.1489,-46.1496,
706068,湧德元大59購01,2026-07-22,0.65,0.06,10.17,80000000,0,,是,,0.86,0.98,,,-21.7153,-29.6616,
706069,雙鴻元大59購11,2026-07-22,0.33,0.01,3.12,496000000,0,綠縮,是,,0.29,0.42,0.6,,-45.5556,-34.1232,-23.7883
706070,雙鴻元大59購12,2026-07-22,0.5,0.11,28.21,100000000,0,綠縮,是,,0.42,0.59,0.76,,-44.709,-27.887,-18.7866
706072,弘塑凱基5A購01,2026-07-22,4.1,0.39,10.51,171000000,0,,是,,4.02,5.41,5.79,,-40.8529,-19.8964,
706073,宜鼎凱基5A購04,2026-07-22,1.73,0.3,20.98,150000000,0,綠縮,否,,1.58,2.48,3.65,,-53.3136,-29.952,-21.781
706074,鈊象凱基5C購01,2026-07-22,2.0,-0.02,-0.99,19000000,0,,是,,2.06,2.37,2.55,,-23.0425,-9.3583,
706077,鑫科凱基59購01,2026-07-22,0.64,0.08,14.29,15000000,0,,否,,1.18,1.35,1.47,,-23.1373,-12.7097,
706078,元太中信59購01,2026-07-22,0.76,-0.01,-1.3,3000000,0,綠轉紅,否,,0.66,0.86,1.03,,-37.2624,-25.1094,-12.4363
706081,雙鴻中信63購01,2026-07-22,0.28,0.04,16.67,50000000,0,綠縮,是,,0.25,0.29,0.35,,-25.9036,-19.2737,-12.3596
706087,旺矽永豐61購02,2026-07-22,5.75,1.05,22.34,1000000,0,,是,,4.63,4.95,4.82,,-12.0729,-9.4899,
706091,雙鴻永豐59購04,2026-07-22,0.22,-0.02,-8.33,5000000,0,,否,,0.43,0.53,,,-30.2251,-33.0798,
706098,宜鼎富邦5C購03,2026-07-22,1.24,0.15,13.76,13000000,0,綠縮,是,,1.13,1.48,1.99,,-38.1004,-23.0809,-16.3797
706108,宜鼎元大59購09,2026-07-22,0.79,0.12,17.91,1000000,0,綠縮,否,,0.79,1.1,1.67,,-43.9716,-29.2605,-23.828
706118,台星科國票61購01,2026-07-22,1.67,0.16,10.6,20000000,0,,是,,1.57,1.99,2.12,,-34.6378,-16.3789,-12.3245
706120,良維國票5A購01,2026-07-22,1.4,0.11,8.53,55000000,0,,是,,2.16,2.95,3.49,,-42.1222,-22.0016,
706121,宜鼎國票5A購03,2026-07-22,1.36,0.2,17.24,2020000000,0,綠縮,是,,1.31,1.78,2.6,,-41.7631,-27.7936,-19.6142
706122,旺矽國票5B購02,2026-07-22,5.7,1.27,28.67,5000000,0,,否,,6.16,,,,,,
706126,大綜統一63購01,2026-07-22,1.2,0.32,36.36,13000000,0,綠縮,否,,0.91,0.93,1.33,,-4.8319,-17.0536,-17.5015
706127,大綜統一66購01,2026-07-22,0.87,0.11,14.47,6000000,0,,否,,0.83,1.07,1.23,,-36.5297,-27.8711,
706129,巨漢統一63購01,2026-07-22,0.78,0.05,6.85,3000000,0,,是,,0.8,0.86,0.88,,-12.6915,-6.5502,-4.78
706133,均豪統一66購01,2026-07-22,0.57,0.04,7.55,100000000,0,綠增,是,,0.66,0.76,0.71,,-24.3678,-2.3018,-6.39
706134,宜鼎統一63購02,2026-07-22,1.11,0.12,12.12,259000000,0,綠縮,是,,1.06,1.29,1.67,,-29.7619,-20.4574,-15.5172
706135,宜鼎統一63購03,2026-07-22,0.63,0.06,10.53,1135000000,0,綠縮,是,,0.62,0.75,0.89,,-29.4118,-16.9604,-11.8895
706136,宜鼎統一66購02,2026-07-22,0.86,0.08,10.26,496000000,0,綠縮,是,,0.83,0.99,1.24,,-28.0488,-18.8322,-14.5228
706137,宜鼎統一73購01,2026-07-22,0.71,0.03,4.41,2073000000,0,綠縮,是,,0.73,0.91,1.04,,-33.638,-16.2063,-11.6418
706139,聚和統一73購01,2026-07-22,0.69,-0.01,-1.43,53000000,0,綠增,是,,0.72,0.77,0.73,,-11.9512,1.3141,-1.8084
706142,雙鴻統一63購01,2026-07-22,0.28,-0.02,-6.67,2000000,0,,是,,0.3,0.4,,,-40.873,-34.0461,
706145,元太群益59購03,2026-07-22,1.43,0.11,8.33,476000000,0,,是,,1.21,1.52,1.89,,-33.7705,-27.9147,
706147,宜鼎群益59購04,2026-07-22,5.2,0.32,6.56,1000000,0,,否,,5.64,6.14,5.91,,-15.188,-0.0,
706148,宜鼎群益59購05,2026-07-22,1.72,0.44,34.38,34000000,0,綠縮,是,,1.51,2.3,3.46,,-51.0363,-37.8042,-20.6991
706149,宜鼎群益59購06,2026-07-22,2.13,0.31,17.03,592000000,0,,否,,2.21,2.94,4.42,,-40.0543,-39.0683,-16.1557
706150,旺矽群益63購01,2026-07-22,5.1,0.46,9.91,1000000,0,,是,,5.36,5.51,5.26,,-5.3357,-1.1839,
706154,雙鴻群益63購02,2026-07-22,0.27,-0.02,-6.9,35000000,0,綠縮,否,,0.26,0.31,0.37,,-27.1186,-17.9625,-12.2596
706158,良維凱基59購04,2026-07-22,1.15,0.15,15.0,24000000,0,,是,,2.26,2.65,,,-25.2972,,
706160,宜鼎凱基5C購02,2026-07-22,1.92,0.17,9.71,5000000,0,,是,,2.39,3.03,3.62,,-34.7328,-22.7377,
706161,旺矽凱基63購01,2026-07-22,3.62,0.77,27.02,10000000,0,綠增,否,,3.95,4.2,4.25,,-11.2011,-7.7785,2.7808
706162,旺矽凱基63購02,2026-07-22,4.14,0.28,7.25,10000000,0,,否,,5.45,5.17,4.84,,11.6708,4.5933,5.3313
706168,雙鴻凱基63購01,2026-07-22,0.41,0.0,0.0,10000000,0,,是,,0.41,0.5,0.68,,-30.5085,-23.8965,
706170,良維群益5C購02,2026-07-22,1.77,0.21,13.46,10000000,0,,是,,2.34,2.88,,,-31.895,-16.0454,
706171,旺矽群益59購08,2026-07-22,4.12,0.58,16.38,4000000,0,綠增,是,,4.82,5.34,5.33,,-17.6852,-10.1615,2.4522
706179,均華富邦5B購01,2026-07-22,0.72,0.08,12.5,541000000,0,綠轉紅,是,,0.69,0.8,0.99,,-24.07,-22.4687,-11.4004
706182,旺矽統一63購05,2026-07-22,1.94,0.17,9.6,6000000,0,綠縮,是,,1.78,2.18,2.25,,-30.823,-13.2564,-0.3991
706184,台特化元大63購03,2026-07-22,0.39,0.04,11.43,2065000000,0,綠縮,是,,0.43,0.53,0.6,,-31.8612,-16.3265,-13.529
706185,均華元大5C購01,2026-07-22,0.5,0.16,47.06,10000000,0,,是,,0.5,0.68,0.7,,-41.3953,-13.121,-21.8314
706195,陽程元大59購01,2026-07-22,2.19,0.45,25.86,10000000,0,,是,,2.53,3.17,4.11,,-33.4385,-18.4766,
706197,精測元大59購02,2026-07-22,0.19,0.12,171.43,9000000,0,,是,,0.12,0.3,0.6,,-75.1055,-56.4065,
706198,精測元大5C購02,2026-07-22,0.19,0.03,18.75,43000000,0,綠縮,是,,0.21,0.26,0.32,,-30.0,-24.7788,-12.7049
706203,鑫聯元大63購01,2026-07-22,0.72,0.05,7.46,227000000,0,紅縮,是,,0.78,0.75,0.76,,8.9136,2.0408,-3.8192
706205,均華國票59購01,2026-07-22,0.87,0.25,40.32,119000000,0,,是,,0.79,1.2,1.45,,-51.1139,-21.9338,-15.8813
706206,均華國票5B購01,2026-07-22,0.98,0.21,27.27,21000000,0,綠縮,是,,0.92,1.28,1.48,,-43.643,-17.6963,-13.9942
706207,宜鼎國票65購01,2026-07-22,1.98,0.18,10.0,453000000,0,綠縮,是,,1.91,2.29,2.93,,-28.6677,-21.2861,-15.1638
706208,旺矽國票5C購01,2026-07-22,6.0,0.9,17.65,10000000,0,,是,,7.19,7.15,6.44,,1.1252,12.4214,
706209,旺矽國票67購01,2026-07-22,4.79,0.13,2.79,297000000,0,,是,,5.3,5.47,5.07,,-6.0638,5.254,
706213,精測中信5B購01,2026-07-22,0.12,-0.01,-7.69,5000000,0,,是,,0.09,0.18,0.23,,-64.1221,-36.8794,
706214,宜鼎永豐5B購01,2026-07-22,1.15,0.16,16.16,147000000,0,綠縮,否,,1.09,1.37,1.84,,-34.3788,-22.6043,-17.9653
706219,精測永豐61購01,2026-07-22,0.15,-0.04,-21.05,5000000,0,,否,,0.21,0.25,0.34,,-29.5302,-30.7902,-13.1043
706225,宏捷科元富5C購02,2026-07-22,0.84,0.12,16.67,18000000,0,,是,,0.81,1.18,1.67,,-47.6744,-38.5618,
706227,旺矽元富59購05,2026-07-22,3.3,0.37,12.63,2000000,0,,是,,3.07,3.91,3.75,,-35.5191,-12.1267,
706232,精測元富59購08,2026-07-22,0.07,-0.08,-53.33,38000000,0,,是,,0.21,0.35,,,-56.8548,-32.1224,
706238,鑫科元富59購01,2026-07-22,0.63,0.03,5.0,45000000,0,綠縮,是,,0.69,1.02,1.18,,-48.6686,-20.451,-13.3137
706240,元太兆豐63購01,2026-07-22,2.61,0.11,4.4,162000000,0,,是,,2.41,2.7,2.54,,-19.223,-0.1849,
706244,M31凱基59購03,2026-07-22,0.58,-0.62,-51.67,732000000,0,,是,,1.39,,,,,,
706245,M31凱基5B購01,2026-07-22,0.4,0.0,0.0,25000000,0,綠縮,是,,0.38,0.59,0.75,,-51.7677,-29.1063,-25.4491
706247,巨漢凱基59購02,2026-07-22,1.2,0.07,6.19,66000000,0,綠增,是,,1.35,1.5,1.66,,-18.456,-12.5508,-8.3195
706248,弘塑凱基5A購02,2026-07-22,4.68,0.41,9.6,10000000,0,,是,,4.86,5.67,,,-24.8532,,
706250,信驊凱基59購05,2026-07-22,5.95,1.8,43.37,98000000,0,,是,,4.25,4.39,6.42,,-6.1756,-20.9001,-14.6662
706251,信驊凱基59購06,2026-07-22,5.2,1.32,34.02,43000000,0,,是,,3.95,5.1,,,-36.864,,
706252,信驊凱基5B購02,2026-07-22,6.5,1.66,34.3,143000000,0,,是,,4.65,4.77,6.57,,-4.91,-20.7842,
706253,信驊凱基5C購01,2026-07-22,4.71,0.9,23.62,89000000,0,,是,,3.72,3.75,,,-1.3786,-14.2988,
706258,信驊中信59購01,2026-07-22,2.82,0.81,40.3,263000000,0,綠縮,是,,1.91,2.02,2.93,,-10.6742,-22.736,-16.453
706259,M31永豐5B購01,2026-07-22,0.5,0.03,6.38,50000000,0,綠縮,是,,0.51,0.65,0.76,,-35.6061,-20.4156,-21.2389
706260,M31永豐5C購01,2026-07-22,0.5,0.01,2.04,122000000,0,綠縮,是,,0.48,0.59,0.74,,-32.3944,-24.3964,-14.1787
706261,大中永豐5B購01,2026-07-22,2.43,0.5,25.91,13000000,0,,是,,3.46,3.19,,,18.5744,31.4509,
706267,M31元富59購01,2026-07-22,0.58,0.02,3.57,16000000,0,,是,,0.57,0.78,,,-42.7126,-32.021,
706274,良維群益5C購03,2026-07-22,1.61,0.2,14.18,20000000,0,,是,,2.06,2.79,,,-41.4537,,
706275,信驊群益5B購05,2026-07-22,4.11,0.81,24.55,460000000,0,綠縮,是,,3.24,3.35,4.24,,-6.25,-15.4118,-12.0357
706282,M31統一63購03,2026-07-22,0.4,0.0,0.0,13000000,0,綠縮,否,,0.4,0.44,0.51,,-18.4426,-13.6452,-8.2734
706283,M31富邦5B購01,2026-07-22,0.31,0.02,6.9,100000000,0,,是,,0.28,0.37,0.68,,-38.7931,-41.1024,
706284,台特化富邦5C購01,2026-07-22,0.12,0.01,9.09,20000000,0,,否,,0.13,0.18,0.23,,-41.9643,-22.3684,-22.5641
706285,信驊富邦5C購01,2026-07-22,4.06,0.99,32.25,241000000,0,,是,,3.1,3.18,,,-5.0307,-21.0042,
706287,雙鴻富邦5C購03,2026-07-22,0.32,0.01,3.23,464000000,0,,是,,0.3,0.35,0.52,,-22.449,-23.348,
706288,M31國票5A購01,2026-07-22,0.31,-0.06,-16.22,5000000,0,,是,,0.4,0.87,,,-70.1493,-54.8287,
706289,天品國票59購01,2026-07-22,0.99,-0.12,-10.81,20000000,0,綠增,否,,1.09,1.28,1.29,,-26.7206,-10.2725,-2.9722
706292,宏觀國票5C購02,2026-07-22,0.25,0.03,13.64,20000000,0,,否,,0.97,,,,,,
706293,沛亨國票5A購02,2026-07-22,0.8,0.15,23.08,124000000,0,,是,,1.76,2.57,,,-47.6841,-27.5833,
706294,信驊國票5B購03,2026-07-22,3.88,0.78,25.16,45000000,0,,是,,2.99,3.07,4.1,,-5.3866,-24.2477,-15.7803
706301,巨漢元大59購03,2026-07-22,0.55,0.02,3.77,114000000,0,綠增,是,,0.72,0.84,0.94,,-25.6198,-13.7896,-10.7736
706308,信驊元大59購03,2026-07-22,3.16,1.17,58.79,48000000,0,綠縮,是,,2.19,2.35,3.32,,-12.6198,-22.4719,-14.761
706310,湧德元大59購02,2026-07-22,0.41,0.04,10.81,49000000,0,,是,,0.51,0.67,0.98,,-38.5922,-33.6989,
706313,雙鴻元大5C購04,2026-07-22,0.48,-0.01,-2.04,496000000,0,綠縮,是,,0.49,0.59,0.7,,-30.086,-19.2098,-12.4134
706319,印能凱基5B購01,2026-07-22,4.93,0.33,7.17,39000000,0,,是,,4.43,4.24,4.59,,9.3827,-6.07,
706328,弘塑國票65購01,2026-07-22,3.21,0.11,3.55,30000000,0,綠縮,是,,3.21,3.53,4.03,,-16.4327,-18.7198,-2.1496
706329,正德國票59購01,2026-07-22,0.31,-0.01,-3.12,95000000,0,綠縮,是,,0.32,0.44,0.59,,-43.1655,-29.5638,-22.3822
706331,亞泰國票5A購01,2026-07-22,1.4,0.36,34.62,66000000,0,綠縮,否,,1.43,2.51,2.55,,-60.2115,-14.0315,-12.9945
706337,雙鴻元大59購20,2026-07-22,0.19,-0.02,-9.52,45000000,0,綠縮,否,,0.2,0.27,0.39,,-43.4286,-30.2799,-21.665
706339,雙鴻元大5C購05,2026-07-22,0.42,-0.01,-2.33,607000000,0,綠縮,是,,0.39,0.48,0.58,,-30.3571,-20.7012,-14.6715
706341,鑫聯元大63購02,2026-07-22,0.6,0.05,9.09,334000000,0,綠縮,否,,0.6,0.62,0.64,,-8.3077,-4.8855,-11.8051
706346,台特化統一63購04,2026-07-22,0.23,0.02,9.52,20000000,0,,否,,0.28,0.31,,,-16.7665,-17.5202,
706347,印能統一63購01,2026-07-22,1.33,-0.02,-1.48,1000000,0,,是,,1.34,1.37,1.48,,-5.2482,-1.6476,
706348,亞泰統一62購02,2026-07-22,1.13,0.33,41.25,1000000,0,綠縮,否,,1.03,1.58,1.86,,-51.9626,-29.1909,-7.4701
706349,博智統一63購01,2026-07-22,1.33,0.11,9.02,656000000,0,,是,,1.6,,,,,,
706350,鈺太統一63購01,2026-07-22,0.48,0.06,14.29,146000000,0,,是,,0.58,0.69,0.81,,-26.5152,-14.3392,
706351,弘塑永豐5C購03,2026-07-22,2.51,0.29,13.06,506000000,0,綠縮,否,,2.38,2.72,3.4,,-22.273,-26.4595,-4.6564
706354,雙鴻永豐61購02,2026-07-22,0.7,-0.03,-4.11,564000000,0,綠縮,否,,0.69,0.75,0.92,,-14.8515,-18.1619,-11.6771
706355,雙鴻永豐64購01,2026-07-22,0.77,0.04,5.48,9000000,0,綠縮,是,,0.7,0.84,0.98,,-28.3096,-18.0758,-13.6283
706357,印能元富59購04,2026-07-22,5.55,0.74,15.38,13000000,0,,是,,4.91,4.77,,,5.9128,-7.2151,
706360,鑫聯元富59購01,2026-07-22,2.5,0.27,12.11,1000000,0,,否,,2.77,2.98,,,-13.0952,,
706363,宏捷科群益59購04,2026-07-22,0.22,-0.01,-4.35,30000000,0,,是,,0.87,1.45,,,-57.3255,,
706370,弘塑凱基59購06,2026-07-22,1.62,0.04,2.53,7000000,0,綠增,是,,1.85,3.22,3.31,,-59.555,-23.9367,-11.0156
706371,良維凱基61購01,2026-07-22,1.3,0.06,4.84,209000000,0,,否,,1.38,1.95,2.4,,-45.6556,-25.4198,
706374,頎邦凱基59購01,2026-07-22,40.6,-7.0,-14.71,20000000,0,,,,,,,,,,
706375,譜瑞凱基59購04,2026-07-22,2.46,0.48,24.24,17000000,0,,否,,2.29,3.04,3.6,,-39.6733,-17.6455,-24.8645
706380,信紘科永豐59購01,2026-07-22,0.2,-0.01,-4.76,7000000,0,,否,,0.35,0.47,0.61,,-39.726,-30.6667,-16.2534
706383,均豪元富59購01,2026-07-22,0.67,0.2,42.55,311000000,0,綠縮,是,,0.66,0.95,1.15,,-46.6882,-30.9818,-7.6584
706388,雙鴻元富59購08,2026-07-22,0.22,-0.01,-4.35,100000000,0,,是,,0.23,0.42,0.74,,-62.3762,-43.7247,
706392,雙鴻群益5B購04,2026-07-22,0.27,-0.01,-3.57,30000000,0,綠縮,否,,0.27,0.32,0.39,,-27.7174,-22.6829,-16.5775
706393,雙鴻群益5B購05,2026-07-22,0.45,0.04,9.76,2000000,0,綠縮,否,,0.5,0.58,0.67,,-24.9249,-16.5951,-15.4384
706394,宏觀國泰5A購02,2026-07-22,0.23,0.03,15.0,30000000,0,,否,,0.37,0.51,,,-44.2424,-41.9209,
706395,大學光國票59購01,2026-07-22,0.43,0.05,13.16,2000000,0,,否,,0.39,0.48,0.51,,-31.5789,-14.1324,
706396,東捷國票59購01,2026-07-22,4.95,0.69,16.2,10000000,0,,否,,5.97,,,,,,
706399,華義國票5A購02,2026-07-22,0.44,-0.02,-4.35,8000000,0,,否,,0.53,0.79,1.15,,-49.1429,-37.6378,
706403,正淩元大59購01,2026-07-22,0.27,0.01,3.85,3000000,0,,否,,0.57,0.59,,,-6.2706,-13.6765,
706405,均豪元大59購02,2026-07-22,0.39,0.05,14.71,3000000,0,,否,,0.46,0.64,0.63,,-43.6585,-15.8793,-12.8205
706407,良維元大59購15,2026-07-22,1.85,0.32,20.92,3000000,0,,否,,3.5,,,,,,
706411,中美晶凱基5A購01,2026-07-22,7.2,1.55,27.43,1000000,0,,是,,6.91,5.65,4.04,,56.8832,61.4967,38.9921
706418,精材國泰5A購01,2026-07-22,14.0,1.0,7.69,1000000,0,,否,,,,,,,,
706419,弘塑富邦61購01,2026-07-22,1.54,0.13,9.22,30000000,0,,是,,1.49,1.87,1.94,,-33.3036,-16.3905,-6.9378
706420,宏捷科富邦5B購01,2026-07-22,0.42,0.05,13.51,465000000,0,,是,,0.41,0.52,0.71,,-34.4051,-26.1119,
706421,宏捷科富邦5C購01,2026-07-22,0.35,0.04,12.9,375000000,0,,是,,0.34,0.56,0.82,,-56.5217,-35.6651,
706423,智通*富邦5B購02,2026-07-22,1.17,0.03,2.63,107000000,0,紅縮,是,,1.22,1.14,1.02,,14.9338,11.1437,10.6775
706426,弘塑元大59購06,2026-07-22,1.34,0.37,38.14,1000000,0,綠縮,是,,1.31,1.8,2.23,,-42.4561,-29.8437,-8.0
706427,弘塑元大59購07,2026-07-22,2.42,0.71,41.52,5000000,0,,否,,3.69,3.61,,,4.53,11.5848,
706428,印能元大59購07,2026-07-22,2.19,0.2,10.05,1000000,0,,否,,1.82,2.28,,,-33.4792,-18.7544,
706432,茂迪元大63購05,2026-07-22,0.33,0.04,13.79,5000000,0,,否,,0.35,0.46,0.51,,-40.0,-19.5841,
706438,雙鴻元大59購24,2026-07-22,0.37,-0.03,-7.5,511000000,0,綠縮,是,,0.36,0.42,0.57,,-24.1667,-25.5732,-19.3045
706442,印能群益5B購01,2026-07-22,3.51,0.16,4.78,25000000,0,,是,,3.15,2.92,3.37,,17.4367,-11.9493,-9.005
706444,系微群益59購02,2026-07-22,0.36,0.01,2.86,996000000,0,,是,,0.64,1.07,1.32,,-57.0281,-22.6087,
706451,中美晶永豐5A購02,2026-07-22,2.5,0.49,24.38,4000000,0,,否,,2.8,2.2,1.58,,74.4707,61.347,41.2606
706452,中美晶永豐5C購01,2026-07-22,2.36,0.66,38.82,4000000,0,紅縮,否,,2.22,1.78,1.36,,64.881,49.2037,35.0398
706453,弘塑永豐63購02,2026-07-22,1.54,0.12,8.45,93000000,0,,是,,1.55,1.97,1.92,,-35.3138,-10.7483,-6.1936
706454,合晶永豐59購01,2026-07-22,30.5,0.6,2.01,2000000,0,,是,,36.66,40.74,,,-18.2062,17.3387,
706455,系微永豐5C購01,2026-07-22,0.38,0.02,5.56,230000000,0,綠縮,是,,0.39,0.52,0.67,,-40.367,-30.7692,-18.6585
706468,華宏元富5B購01,2026-07-22,0.21,0.0,0.0,60000000,0,,是,,0.4,0.63,0.92,,-53.0374,-30.8791,
706474,沛亨凱基5B購01,2026-07-22,5.0,0.77,18.2,1000000,0,,是,,5.08,4.63,4.02,,21.3773,18.4797,-0.3593
706475,系微凱基59購02,2026-07-22,0.18,-0.11,-37.93,517000000,0,,是,,0.38,0.59,0.8,,-53.2178,-37.315,-26.6972
706476,良維凱基5C購01,2026-07-22,1.64,0.08,5.13,60000000,0,,是,,2.13,2.73,3.01,,-36.3473,-18.0755,
706479,博智凱基61購01,2026-07-22,1.51,0.15,11.03,332000000,0,綠縮,是,,1.53,2.01,2.71,,-38.3936,-26.8364,-11.5869
706480,湧德凱基5B購01,2026-07-22,0.58,0.04,7.41,23000000,0,,是,,0.59,0.82,0.91,,-43.1862,-20.4479,-24.1538
706484,臺慶科凱基5A購01,2026-07-22,3.01,0.29,10.66,5000000,0,,是,,3.27,4.8,,,-48.4858,-28.2063,
706486,九豪國票59購02,2026-07-22,1.52,0.21,16.03,143000000,0,綠縮,是,,1.81,3.59,4.54,,-66.3565,-38.299,-14.4003
706496,宜特群益63購01,2026-07-22,1.02,0.09,9.68,10000000,0,綠縮,否,,1.05,1.27,1.39,,-29.4511,-12.7995,-6.9393
706498,閎康群益63購02,2026-07-22,1.9,0.2,11.76,22000000,0,,是,,2.09,2.54,,,-30.0268,-13.7708,
706503,世界富邦61購01,2026-07-22,1.25,0.23,22.55,4000000,0,綠縮,是,,1.26,1.38,1.53,,-15.1882,-20.7036,2.8917
706508,中美晶元大63購01,2026-07-22,2.9,0.57,24.46,1000000,0,紅縮,是,,2.98,2.66,2.1,,27.4359,38.2338,25.3589
706510,宜特元大59購01,2026-07-22,0.81,0.07,9.46,4000000,0,綠縮,是,,0.81,1.09,1.21,,-41.3643,-19.2166,-14.3213
706511,宜特元大59購02,2026-07-22,0.46,0.2,76.92,50000000,0,,,,,,,,,,
706512,博智元大59購03,2026-07-22,0.71,0.19,36.54,1000000,0,,是,,0.7,1.17,,,-56.8627,-30.7236,
706513,博智元大63購01,2026-07-22,1.3,-0.16,-10.96,10000000,0,,否,,1.69,1.84,1.85,,-15.1057,-2.0277,
706515,湧德元大59購04,2026-07-22,0.27,0.03,12.5,3000000,0,綠縮,是,,0.25,0.38,0.47,,-51.938,-27.9245,-31.6594
706516,湧德元大59購05,2026-07-22,0.38,0.06,18.75,92000000,0,,是,,0.37,0.54,0.78,,-48.468,-24.1283,
706530,合晶國票59購01,2026-07-22,33.6,2.8,9.09,10000000,0,,是,,38.86,28.42,,,116.129,,
706533,佶優國票59購01,2026-07-22,0.05,0.0,0.0,50000000,0,,否,,0.13,0.24,0.32,,-61.7143,-35.9788,-26.7959
706535,閎康國票5A購03,2026-07-22,0.85,0.11,14.86,8000000,0,綠縮,是,,0.89,1.28,1.6,,-46.6346,-25.2052,-18.6182
706536,順達國票5A購02,2026-07-22,1.55,0.24,18.32,552000000,0,綠縮,否,,1.54,1.95,2.03,,-35.0803,-7.051,-7.5085
706537,鈺太國票59購02,2026-07-22,0.54,0.07,14.89,60000000,0,,否,,1.08,1.36,,,-34.3484,,
706538,鈺太國票5A購01,2026-07-22,0.41,0.09,28.13,1000000,0,,否,,0.78,0.96,,,-30.6738,-28.7313,
706539,點序國票59購02,2026-07-22,0.18,0.05,38.46,20000000,0,,否,,0.47,0.79,,,-57.5045,-47.5715,
706544,博智凱基59購07,2026-07-22,0.44,0.13,41.94,2000000,0,綠縮,否,,0.42,0.66,1.1,,-53.7445,-38.8018,-18.3605
706547,精測凱基59購03,2026-07-22,0.1,0.02,25.0,130000000,0,綠縮,否,,0.09,0.14,0.37,,-51.0417,-52.0134,-32.8182
706550,鑫聯凱基61購01,2026-07-22,1.44,0.07,5.11,41000000,0,,是,,1.54,1.86,,,-29.6703,,
706551,聚和中信59購01,2026-07-22,0.32,0.0,0.0,34000000,0,綠增,是,,0.38,0.55,0.51,,-47.486,-9.4527,-9.4643
706559,博智元富59購01,2026-07-22,0.64,0.07,12.28,13000000,0,,否,,0.71,1.33,1.66,,-64.053,-30.2508,
706564,良維富邦5C購01,2026-07-22,0.57,0.04,7.55,30000000,0,綠縮,否,,0.56,0.82,0.99,,-48.8971,-26.3441,-14.6425
706565,博智富邦61購01,2026-07-22,0.86,0.11,14.67,262000000,0,綠縮,否,,0.86,1.05,1.33,,-30.7443,-23.4821,-9.5839
706566,順達富邦5C購01,2026-07-22,1.36,0.26,23.64,784000000,0,綠縮,是,,1.34,1.6,1.61,,-28.3726,-3.6079,-7.1656
706567,精測富邦5B購01,2026-07-22,0.19,0.01,5.56,422000000,0,綠縮,是,,0.18,0.24,0.41,,-39.0728,-38.481,-20.9569
706569,中美晶群益5B購01,2026-07-22,6.95,1.3,23.01,62000000,0,紅縮,否,,7.29,6.34,4.82,,35.1502,44.4647,35.7425
706570,永信建群益59購01,2026-07-22,0.45,0.04,9.76,1000000,0,,否,,0.6,,,,,,
706571,宏觀群益59購04,2026-07-22,0.06,0.01,20.0,75000000,0,紅增,是,,0.07,0.1,0.17,,-50.7463,-36.3057,-28.81
706572,良維群益61購01,2026-07-22,1.43,0.14,10.85,119000000,0,,是,,1.46,2.0,2.35,,-42.3956,-22.5407,
706573,博智群益63購01,2026-07-22,3.03,0.18,6.32,748000000,0,綠縮,是,,3.08,3.62,4.42,,-25.9027,-19.9646,-8.1584
706575,閎康群益5B購03,2026-07-22,1.96,0.22,12.64,10000000,0,,否,,3.05,3.33,3.78,,-15.6613,-12.5033,
706576,順達群益5C購01,2026-07-22,2.56,0.35,15.84,26000000,0,綠縮,是,,2.48,3.22,3.31,,-37.241,-6.2846,-7.9855
706579,精測群益63購01,2026-07-22,0.53,0.03,6.0,489000000,0,綠縮,否,,0.52,0.61,0.88,,-26.0623,-26.555,-18.2831
706585,宏捷科元大59購02,2026-07-22,0.46,0.08,21.05,8000000,0,綠縮,是,,0.45,0.61,0.9,,-42.5641,-31.4732,-16.7362
706588,博智元大63購02,2026-07-22,0.8,0.07,9.59,5000000,0,,否,,0.91,1.15,1.25,,-35.378,-13.3634,
706591,鈺太元大59購02,2026-07-22,0.35,0.09,34.62,830000000,0,,是,,0.58,0.84,1.03,,-47.9279,-22.9224,
706593,精測元大59購03,2026-07-22,0.24,0.12,100.0,11000000,0,,否,,0.48,0.64,,,-41.0891,,
706594,精測元大5C購03,2026-07-22,0.27,0.01,3.85,1000000,0,綠縮,否,,0.25,0.31,0.41,,-32.9787,-25.0597,-14.7996
706597,元太凱基59購02,2026-07-22,3.13,0.13,4.33,254000000,0,,是,,2.71,3.25,3.78,,-28.6467,-22.0225,
706600,永信建凱基59購01,2026-07-22,1.16,0.09,8.41,1000000,0,綠增,否,,1.35,1.42,1.59,,-9.8798,-12.0988,-0.7158
706608,順達凱基5A購01,2026-07-22,3.8,-0.43,-10.17,4000000,0,,否,,3.54,3.33,,,13.6626,-2.5739,
706611,元太國票5A購03,2026-07-22,1.91,0.05,2.69,54000000,0,,否,,1.74,,,,,,
706612,弘塑國票5C購01,2026-07-22,1.16,0.15,14.85,1000000,0,綠縮,否,,1.11,1.25,1.55,,-20.1729,-25.3589,-4.6547
706613,弘塑國票63購01,2026-07-22,2.02,0.14,7.45,32000000,0,綠縮,否,,1.98,2.18,2.63,,-16.9463,-22.1548,-4.3233
706618,神盾國票5A購01,2026-07-22,0.43,0.05,13.16,5000000,0,綠縮,否,,0.39,0.53,0.7,,-40.303,-28.5908,-12.0733
706619,常珵國票59購01,2026-07-22,0.19,0.14,280.0,1000000,0,,否,,0.19,0.32,0.44,,-55.7078,-37.4257,
706620,創泓國票59購01,2026-07-22,2.17,-0.63,-22.5,1000000,0,,是,,2.53,1.87,1.32,,108.0592,93.4917,44.8105
706622,鈊象國票5A購02,2026-07-22,0.61,0.0,0.0,175000000,0,綠縮,是,,0.58,0.71,0.78,,-30.8789,-15.4394,-10.702
706625,譜瑞國票5A購01,2026-07-22,1.98,0.35,21.47,30000000,0,綠縮,否,,1.95,3.36,4.39,,-59.1272,-34.6633,-10.492
706627,台特化元大59購07,2026-07-22,0.24,-0.01,-4.0,252000000,0,,否,,0.4,0.52,0.63,,-38.2716,-21.3213,-19.8089
706633,弘塑元大59購10,2026-07-22,1.48,0.48,48.0,1000000,0,綠縮,否,,1.35,2.03,1.99,,-49.963,-16.205,-6.3339
706634,弘塑元大59購11,2026-07-22,1.62,0.27,20.0,15000000,0,綠增,否,,1.77,2.35,2.38,,-39.6999,-15.5284,-4.8484
706635,弘塑元大59購12,2026-07-22,2.02,0.53,35.57,5000000,0,,否,,2.9,,,,,,
706636,弘塑元大59購13,2026-07-22,1.01,0.21,26.25,20000000,0,,是,,1.06,1.54,1.63,,-47.012,-22.5025,-11.6721
706639,系微元大59購03,2026-07-22,0.24,0.07,41.18,1000000,0,,是,,0.44,0.54,,,-31.1526,-31.1309,
706642,系微元大59購06,2026-07-22,0.69,0.05,7.81,330000000,0,,是,,1.01,1.33,1.68,,-38.6391,-27.392,
706643,佶優元大59購01,2026-07-22,0.12,0.01,9.09,30000000,0,綠增,否,,0.2,0.37,0.47,,-63.6029,-35.8131,-23.2922
706647,弘塑群益5B購02,2026-07-22,1.61,0.16,11.03,5000000,0,綠縮,否,,1.52,1.76,2.33,,-23.7237,-30.8598,-5.9846
706649,華電網群益59購01,2026-07-22,0.04,0.0,0.0,10000000,0,,否,,0.11,0.21,,,-66.242,,
706653,弘塑國泰5A購03,2026-07-22,1.89,0.06,3.28,174000000,0,,是,,2.55,,,,,,
706654,弘塑國泰5A購04,2026-07-22,1.71,0.14,8.92,40000000,0,,是,,1.93,2.36,,,-30.995,-7.7374,
706655,系微國泰5A購01,2026-07-22,0.32,0.0,0.0,14000000,0,綠縮,否,,0.35,0.71,0.92,,-66.9159,-36.5419,-26.0484
706656,佶優國泰5A購01,2026-07-22,0.29,0.04,16.0,1000000,0,綠增,否,,0.43,0.67,0.82,,-52.967,-26.4835,-14.6998
706658,中美晶富邦63購01,2026-07-22,4.1,0.88,27.33,2000000,0,紅縮,是,,3.93,3.34,2.68,,42.2158,39.1431,27.6215
706659,弘塑富邦61購02,2026-07-22,1.26,0.08,6.78,133000000,0,綠縮,是,,1.25,1.57,1.72,,-34.4211,-19.0427,-3.1585
706660,均豪富邦61購01,2026-07-22,0.45,0.06,15.38,413000000,0,綠縮,否,,0.46,0.58,0.62,,-35.2113,-17.1388,-5.7208
706662,沛亨富邦61購01,2026-07-22,0.57,0.07,14.0,3000000,0,綠增,否,,0.8,1.2,1.31,,-50.125,-21.8893,-18.1308
706663,華電網富邦5C購01,2026-07-22,0.1,0.01,11.11,1540000000,0,,是,,0.12,0.17,,,-49.1228,-33.3333,
706664,系微永豐5C購02,2026-07-22,0.45,0.0,0.0,633000000,0,綠縮,是,,0.47,0.62,0.76,,-39.4805,-29.3714,-17.7934
706665,長佳智永豐59購01,2026-07-22,0.18,-0.01,-5.26,23000000,0,,否,,0.22,0.29,0.32,,-42.246,-13.9942,
706666,華電網永豐5A購01,2026-07-22,0.19,0.01,5.56,80000000,0,,是,,0.35,0.48,0.66,,-42.8571,-31.0541,
706669,聚和永豐59購01,2026-07-22,0.55,-0.02,-3.51,22000000,0,綠增,是,,0.56,0.73,0.7,,-37.2768,-8.0706,-7.8652
706672,友輝元富59購03,2026-07-22,0.38,0.01,2.7,14000000,0,,否,,0.73,0.92,,,-33.935,-28.7926,
706673,弘塑元富5C購02,2026-07-22,2.19,0.31,16.49,30000000,0,綠縮,否,,2.18,2.71,3.1,,-32.551,-23.3748,-4.4551
706674,華義元富5A購01,2026-07-22,1.34,-0.05,-3.6,8000000,0,,否,,2.22,,,,,,
706675,鑫聯元富59購02,2026-07-22,1.25,0.14,12.61,2000000,0,,否,,1.83,,,,,,
706677,順達兆豐5B購02,2026-07-22,1.32,0.24,22.22,1000000,0,綠縮,否,,1.25,1.52,1.55,,-29.7085,-5.7692,-7.2264
706679,立碁群益59購01,2026-07-22,0.2,0.05,33.33,5000000,0,,否,,0.68,,,,,,
706680,茂迪群益59購03,2026-07-22,0.45,0.08,21.62,15000000,0,,否,,0.39,0.53,0.74,,-40.1216,-36.3966,
706683,家登國泰5A購01,2026-07-22,2.38,0.45,23.32,34000000,0,,否,,,,,,,,
706687,台特化凱基63購01,2026-07-22,0.57,0.03,5.56,5000000,0,,否,,0.82,0.85,0.99,,-7.6749,-7.8919,
706692,茂迪凱基59購04,2026-07-22,0.6,0.14,30.43,10000000,0,,否,,0.62,0.76,1.09,,-29.5711,-35.5252,
706694,雙鴻凱基59購17,2026-07-22,0.34,-0.01,-2.86,1000000,0,,否,,0.36,0.5,,,-44.0994,-43.9106,
706696,立碁永豐5B購01,2026-07-22,0.4,0.13,48.15,2000000,0,,否,,0.37,0.49,0.74,,-38.6139,-29.5389,
706708,閎康國票61購01,2026-07-22,1.37,0.16,13.22,15000000,0,綠縮,否,,1.35,1.68,1.99,,-32.8343,-20.5408,-11.0663
706710,良維統一62購02,2026-07-22,0.76,0.03,4.11,223000000,0,綠縮,是,,0.86,1.06,1.16,,-31.3196,-15.4582,-16.9364
706711,宜特統一62購02,2026-07-22,0.6,0.01,1.69,606000000,0,綠縮,是,,0.63,0.72,0.86,,-22.2772,-21.1855,-6.8293
706713,前鼎統一63購01,2026-07-22,1.07,0.08,8.08,35000000,0,,是,,1.96,,,,,,
706714,閎康統一63購01,2026-07-22,0.4,0.02,5.26,39000000,0,綠縮,否,,0.43,0.52,0.61,,-30.1639,-18.5535,-10.5224
706717,世紀*元大59購01,2026-07-22,0.48,-0.04,-7.69,42000000,0,綠增,否,,0.55,0.76,0.77,,-42.2917,-19.1239,-7.0482
706721,立碁元大59購01,2026-07-22,0.1,-0.02,-16.67,10000000,0,,否,,0.45,0.78,,,-59.1727,,
706727,宜特元大5C購01,2026-07-22,1.47,0.05,3.52,11000000,0,,是,,1.49,1.82,1.93,,-30.7549,-16.0425,
706730,閎康元大59購07,2026-07-22,1.04,0.15,16.85,17000000,0,,否,,1.28,1.64,,,-35.5779,-26.0398,
706732,閎康元大5A購01,2026-07-22,1.25,0.11,9.65,66000000,0,綠縮,否,,1.26,1.59,1.68,,-34.715,-17.8259,-9.7035
706735,雙鴻元大59購26,2026-07-22,0.38,0.01,2.7,596000000,0,綠縮,是,,0.37,0.46,0.6,,-33.0935,-23.9344,-15.6008
706736,譜瑞元大59購03,2026-07-22,6.95,0.0,0.0,1000000,0,紅縮,否,,6.95,6.95,6.31,,0.0,5.2233,14.8138
706738,世紀*凱基59購03,2026-07-22,0.16,-0.1,-38.46,21000000,0,,否,,0.38,0.44,0.4,,-24.6032,8.3333,-12.0652
706741,均豪凱基59購03,2026-07-22,0.54,0.04,8.0,200000000,0,,是,,0.75,1.07,1.23,,-45.283,-13.4037,
706742,宜特凱基59購05,2026-07-22,0.97,0.12,14.12,300000000,0,綠增,是,,1.18,1.62,1.81,,-42.8571,-17.5841,-11.8566
706743,前鼎凱基61購01,2026-07-22,2.07,0.28,15.64,3000000,0,,否,,3.17,4.25,,,-40.6519,,
706744,順達凱基59購03,2026-07-22,1.4,0.29,26.13,415000000,0,綠縮,是,,1.48,1.84,2.02,,-33.0916,-9.8874,-12.5027
706745,聖暉*凱基5A購01,2026-07-22,5.0,0.67,15.47,208000000,0,,否,,4.34,5.24,4.8,,-29.2007,-8.6228,
706748,聚和凱基5A購02,2026-07-22,0.91,0.13,16.67,211000000,0,,是,,0.93,1.27,1.29,,-41.5519,-13.4063,
706754,世紀*國票5A購02,2026-07-22,0.2,-0.03,-13.04,250000000,0,,否,,0.27,0.38,0.38,,-46.371,-12.4138,
706757,常珵國票59購02,2026-07-22,0.4,-0.03,-6.98,1000000,0,綠縮,否,,0.48,0.61,0.82,,-35.6568,-29.8627,-17.1271
706760,順達國票5B購01,2026-07-22,1.47,0.19,14.84,741000000,0,綠縮,否,,1.46,1.77,1.84,,-30.1724,-7.3668,-6.5399
706761,聖暉*國票5A購04,2026-07-22,4.99,0.81,19.38,41000000,0,,否,,4.48,5.6,5.16,,-33.3333,-5.914,
706766,立碁元大59購02,2026-07-22,0.06,-0.02,-25.0,56000000,0,,否,,0.09,0.17,,,-62.9921,-64.0496,
706767,宏捷科元大59購03,2026-07-22,0.66,0.1,17.86,150000000,0,,是,,0.66,1.05,,,-53.8462,,
706768,良維元大59購20,2026-07-22,0.98,0.16,19.51,43000000,0,,是,,1.24,1.82,2.56,,-48.1667,-31.1934,
706775,順達元大59購04,2026-07-22,2.33,0.38,19.49,165000000,0,,是,,2.39,2.82,2.91,,-26.3418,-5.9472,-8.206
706776,順達元大59購05,2026-07-22,2.32,0.39,20.21,167000000,0,綠縮,是,,2.42,2.71,2.94,,-19.6013,-6.701,-5.6162
706785,聖暉*國泰5A購02,2026-07-22,3.2,0.15,4.92,25000000,0,,是,,3.78,3.81,3.16,,-1.6154,17.9368,
706788,宜特群益59購02,2026-07-22,1.4,0.07,5.26,34000000,0,綠縮,否,,1.57,2.02,2.6,,-36.4152,-27.2629,-12.3144
706790,順達群益5B購02,2026-07-22,1.82,0.24,15.19,598000000,0,綠縮,是,,1.89,2.03,2.17,,-13.4068,-4.5561,-3.7891
706796,鈊象富邦5B購02,2026-07-22,1.15,-0.01,-0.86,277000000,0,,是,,1.18,1.38,,,-25.6927,-10.5365,
706798,雙鴻富邦5B購01,2026-07-22,0.74,0.02,2.78,10000000,0,,否,,0.69,0.77,0.94,,-18.3529,-20.5761,
706801,順達統一63購02,2026-07-22,0.83,0.15,22.06,186000000,0,,否,,0.87,0.88,0.93,,-2.0225,-5.9765,-6.3004
706802,順達統一66購01,2026-07-22,0.66,0.08,13.79,3000000,0,,否,,0.73,0.79,0.81,,-13.5071,-6.4209,-5.445
706803,聖暉*統一65購01,2026-07-22,1.49,0.1,7.19,10000000,0,,否,,1.42,1.66,1.58,,-25.1844,-5.3082,4.645
706804,雙鴻統一66購01,2026-07-22,0.29,-0.01,-3.33,2000000,0,,否,,0.31,0.36,0.41,,-24.5192,-15.3132,-13.0573
706805,順達中信59購01,2026-07-22,0.41,0.12,41.38,178000000,0,綠縮,是,,0.39,0.54,0.59,,-43.4783,-11.6203,-8.7692
706806,世界永豐59購04,2026-07-22,1.27,0.26,25.74,10000000,0,,否,,1.17,,,,,,
706810,久元元富59購01,2026-07-22,2.27,0.24,11.82,9000000,0,,是,,2.75,,,,,,
706813,勤凱元富59購02,2026-07-22,2.79,0.31,12.5,51000000,0,,是,,2.85,,,,,,
706819,台特化凱基59購06,2026-07-22,0.47,0.04,9.3,12000000,0,,是,,0.71,0.88,1.15,,-32.0611,-20.5776,
706821,巨漢凱基59購03,2026-07-22,2.13,0.06,2.9,21000000,0,,是,,2.24,2.54,,,-20.904,-10.5783,
706823,東捷凱基59購02,2026-07-22,4.16,0.3,7.77,97000000,0,,是,,4.73,6.5,8.72,,-42.9227,-29.1612,
706825,前鼎凱基5B購01,2026-07-22,2.34,0.27,13.04,11000000,0,,否,,2.24,3.02,,,-40.9689,,
706829,元債20元大5B購02,2026-07-22,0.97,-0.08,-7.62,4000000,0,,,,,,,,,,
706835,台燿元大59購20,2026-07-22,5.0,1.12,28.87,1000000,0,,否,,5.84,,,,,,
706840,東捷元大59購02,2026-07-22,3.98,0.77,23.99,2000000,0,,否,,3.46,4.4,,,-35.3535,-28.9359,
706842,鈊象元大59購02,2026-07-22,0.95,-0.03,-3.06,780000000,0,綠縮,是,,0.91,1.11,1.31,,-30.7339,-22.4247,-15.315
706843,鈊象元大5C購04,2026-07-22,0.67,0.02,3.08,147000000,0,綠縮,否,,0.62,0.7,0.78,,-20.6186,-13.8614,-8.0569
706844,鈊象元大63購04,2026-07-22,0.41,0.0,0.0,55000000,0,綠縮,否,,0.39,0.44,0.49,,-22.4,-15.9091,-9.4236
706846,雙鴻元大59購28,2026-07-22,0.43,0.06,16.22,147000000,0,,是,,0.44,0.56,0.71,,-36.5217,-20.2263,
706847,雙鴻元大59購29,2026-07-22,0.43,0.02,4.88,536000000,0,綠縮,是,,0.43,0.55,0.67,,-35.3474,-23.4551,-18.2375
706850,東捷永豐5C購01,2026-07-22,3.08,0.13,4.41,22000000,0,,是,,3.49,4.41,,,-34.6572,,
706851,前鼎永豐5B購02,2026-07-22,1.11,0.08,7.77,9000000,0,,否,,1.1,1.48,,,-41.1576,,
706852,鈊象永豐5B購01,2026-07-22,0.5,0.0,0.0,1368000000,0,綠縮,是,,0.48,0.56,0.64,,-25.3918,-18.9229,-10.4861
706856,宜特元富5C購01,2026-07-22,1.42,0.06,4.41,3000000,0,綠增,否,,1.7,2.08,2.22,,-30.7818,-15.0102,-10.8796
706857,匯鑽科元富5A購01,2026-07-22,0.22,0.05,29.41,1000000,0,,否,,0.41,0.5,,,-30.7167,,
706860,廣運元富5C購01,2026-07-22,0.9,0.17,23.29,10000000,0,,否,,0.98,1.24,1.61,,-35.2318,-25.2404,-20.9028
706863,中美晶群益62購01,2026-07-22,4.97,0.85,20.63,3000000,0,紅縮,否,,5.12,4.33,3.4,,44.8217,45.0218,33.7591
706866,東捷群益63購02,2026-07-22,4.76,0.54,12.8,29000000,0,,是,,6.49,7.23,,,-18.6198,,
706868,順達群益5A購02,2026-07-22,0.97,0.12,14.12,448000000,0,,是,,1.0,1.33,1.61,,-39.8315,-18.8909,
706869,鈊象群益59購02,2026-07-22,0.66,0.05,8.2,170000000,0,,是,,1.18,1.3,,,-16.0284,-9.8053,
706870,鈊象群益59購03,2026-07-22,0.2,0.02,11.11,38000000,0,,是,,0.36,0.36,,,0.0,-22.8145,
706871,鈊象群益5B購01,2026-07-22,0.35,-0.01,-2.78,200000000,0,綠縮,否,,0.34,0.42,0.5,,-32.5301,-23.2044,-12.9791
706875,鑫科群益5B購01,2026-07-22,0.75,0.1,15.38,37000000,0,綠縮,是,,0.79,1.03,1.11,,-37.7358,-17.965,-11.5262
706876,久元國票5A購02,2026-07-22,0.88,0.05,6.02,1000000,0,綠縮,否,,0.87,1.08,1.32,,-32.6121,-20.0148,-16.6982
706878,神盾國票62購01,2026-07-22,0.49,0.02,4.26,99000000,0,綠縮,是,,0.48,0.64,0.74,,-38.9873,-24.1955,-10.7273
706879,鈊象國票5A購03,2026-07-22,0.64,-0.01,-1.54,19000000,0,綠縮,是,,0.63,0.8,0.91,,-35.4639,-15.5556,-13.7554
706889,順達元大59購07,2026-07-22,2.15,0.3,16.22,73000000,0,,是,,2.2,2.44,2.52,,-17.7745,-9.9963,
706890,順達元大59購08,2026-07-22,0.65,0.18,38.3,11000000,0,,是,,0.99,1.26,,,-35.248,-13.5024,
706891,順達元大59購09,2026-07-22,0.43,0.11,34.38,10000000,0,,是,,0.4,0.64,0.7,,-55.4054,-21.8978,-14.3033
706892,鈊象元大63購05,2026-07-22,1.37,0.03,2.24,402000000,0,綠縮,否,,1.29,1.4,1.46,,-13.6182,-8.8773,-4.6254
706894,頎邦元大63購05,2026-07-22,5.4,0.15,2.86,3000000,0,,是,,6.43,7.22,,,-19.8254,-14.5476,
706900,鈊象凱基5B購01,2026-07-22,1.1,0.03,2.8,30000000,0,,否,,1.29,1.52,1.71,,-26.4302,-18.8336,
706903,台燿國票5B購02,2026-07-22,10.7,2.4,28.92,1000000,0,,否,,,,,,,,
706904,信音國票59購01,2026-07-22,0.38,0.06,18.75,2000000,0,綠縮,否,,0.46,0.69,1.15,,-50.4348,-41.0454,-23.0204
706905,宣德國票5B購01,2026-07-22,0.23,0.0,0.0,120000000,0,綠縮,否,,0.29,0.39,0.59,,-40.4959,-26.8939,-5.1364
706906,蜜望實國票59購01,2026-07-22,6.5,0.85,15.04,6000000,0,,否,,9.45,11.11,9.34,,-25.9404,0.0901,
706907,雙鴻國票5B購02,2026-07-22,0.57,-0.02,-3.39,113000000,0,綠縮,否,,0.55,0.66,0.83,,-27.7487,-21.9454,-14.1749
706910,元太元富63購01,2026-07-22,4.29,0.57,15.32,3000000,0,,否,,4.15,,,,,,
706913,神盾元富59購02,2026-07-22,0.18,0.01,5.88,3000000,0,,否,,0.22,0.5,,,-71.5762,-39.0931,
706914,鈊象中信63購01,2026-07-22,0.22,0.0,0.0,10000000,0,綠縮,否,,0.21,0.27,0.29,,-33.125,-14.6965,-11.1952
706915,中光電永豐5B購01,2026-07-22,1.84,-0.21,-10.24,183000000,0,綠增,是,,1.92,2.26,1.81,,-26.2875,5.1652,16.6559
706916,元太永豐5B購01,2026-07-22,2.75,0.43,18.53,12000000,0,,否,,2.89,,,,,,
706919,雙鴻永豐5C購02,2026-07-22,0.67,-0.02,-2.9,5000000,0,綠縮,否,,0.66,0.7,0.84,,-11.7962,-15.8273,-10.8237
706924,勤凱永豐61購01,2026-07-22,0.8,0.07,9.59,4000000,0,,否,,0.81,1.12,,,-43.5933,-39.0337,
706926,精星永豐5B購01,2026-07-22,0.42,0.03,7.69,140000000,0,,否,,0.5,0.59,0.65,,-27.5362,-12.7566,
706927,廣閎科永豐5C購01,2026-07-22,5.75,-0.3,-4.96,4000000,0,,否,,5.0,4.43,,,29.4301,,
706934,千附國票5B購01,2026-07-22,2.88,-0.24,-7.69,30000000,0,紅縮,是,,3.18,2.3,1.77,,125.9943,70.3786,40.6275
706935,千附精國票5B購01,2026-07-22,3.1,0.31,11.11,7000000,0,,是,,3.43,3.86,3.55,,-20.2885,3.6779,
706940,華電網國泰5B購01,2026-07-22,0.26,0.04,18.18,4000000,0,,是,,0.32,0.49,0.66,,-51.2195,-32.967,-21.9138
706942,久元富邦5C購01,2026-07-22,0.79,0.06,8.22,2000000,0,,否,,1.09,,,,,,
706948,印能元大64購01,2026-07-22,2.82,0.62,28.18,11000000,0,,否,,2.14,2.17,,,-2.3723,1.4045,
706949,良維元大61購01,2026-07-22,2.66,0.35,15.15,8000000,0,,是,,,,,,,,
706951,順達元大5A購06,2026-07-22,1.81,0.28,18.3,136000000,0,綠縮,是,,1.8,2.28,2.41,,-34.8803,-9.9288,-8.444
706953,鈊象元大64購02,2026-07-22,0.79,0.0,0.0,439000000,0,綠縮,是,,0.76,0.84,0.9,,-17.1739,-11.6597,-6.2857
706954,匯鑽科元大5A購01,2026-07-22,0.18,-0.02,-10.0,1000000,0,,否,,0.43,0.58,,,-40.1662,,
706957,雙鴻元大5A購05,2026-07-22,1.1,-0.06,-5.17,468000000,0,,是,,1.1,1.22,1.53,,-17.8411,-20.4843,-12.2812
706958,世紀*群益5A購01,2026-07-22,0.08,0.0,0.0,30000000,0,,否,,0.09,0.15,,,-56.0748,,
706967,世紀*凱基5A購01,2026-07-22,0.15,-0.03,-16.67,4000000,0,,否,,0.2,0.32,0.32,,-52.1127,-15.5496,
706968,印能凱基64購01,2026-07-22,2.83,0.2,7.6,86000000,0,紅增,是,,2.43,2.39,2.65,,3.0534,-8.8,-4.69
706970,鈊象凱基64購01,2026-07-22,1.38,0.0,0.0,20000000,0,綠縮,是,,1.34,1.66,1.82,,-32.1501,-14.6467,-4.7881
706972,印能國票5A購03,2026-07-22,2.44,0.14,6.09,339000000,0,綠轉紅,是,,2.09,2.14,2.61,,-5.1818,-22.9968,-8.7428
706973,宏碩國票5C購01,2026-07-22,0.14,0.02,16.67,275000000,0,,是,,0.19,0.27,,,-46.2428,-42.5486,
706975,高僑國票61購01,2026-07-22,1.21,0.07,6.14,3000000,0,綠增,否,,1.43,1.9,2.1,,-39.7976,-21.2272,-9.8153
706977,耀勝國票61購01,2026-07-22,0.17,0.0,0.0,20000000,0,綠增,否,,0.28,0.4,0.55,,-48.1203,-30.7033,-17.9295
706978,印能國泰5B購01,2026-07-22,4.1,0.29,7.61,18000000,0,,否,,3.7,3.4,,,19.7283,-7.135,
706980,神盾統一64購01,2026-07-22,0.49,0.01,2.08,158000000,0,綠縮,否,,0.49,0.6,0.67,,-29.2264,-18.5792,-6.578
706981,神盾統一64購02,2026-07-22,0.5,0.03,6.38,65000000,0,,否,,0.55,0.64,,,-23.5457,-13.5685,
706982,印能永豐64購01,2026-07-22,3.37,0.18,5.64,286000000,0,,是,,3.16,2.95,,,15.1825,-8.9561,
706984,亞電永豐61購01,2026-07-22,10.0,1.0,11.11,1000000,0,,否,,7.58,7.43,,,3.9781,15.9002,
706985,原相永豐5B購02,2026-07-22,1.59,0.31,24.22,11000000,0,綠縮,否,,1.25,1.79,2.04,,-46.5753,-24.0034,-9.9536
706986,神盾永豐5C購02,2026-07-22,0.54,0.0,0.0,204000000,0,,是,,0.53,0.69,0.81,,-38.4075,-25.6466,-14.482
706987,創泓永豐5C購01,2026-07-22,2.25,0.19,9.22,1000000,0,紅增,否,,1.96,1.75,1.32,,26.5201,35.3168,26.089
706990,天品元大5A購01,2026-07-22,0.15,-0.01,-6.25,59000000,0,,是,,0.2,0.24,,,-27.8571,-4.3651,
706991,世紀*元大5A購01,2026-07-22,0.17,0.01,6.25,5000000,0,綠轉紅,否,,0.16,0.18,0.16,,-16.6667,-4.3478,0.9202
706998,印能群益5A購02,2026-07-22,2.62,0.49,23.0,10000000,0,,否,,3.13,2.85,,,21.8239,8.1718,
707004,雙鴻群益5A購05,2026-07-22,2.1,-0.09,-4.11,45000000,0,,是,,2.06,2.98,4.14,,-47.2308,-30.1524,
707011,印能元大5B購01,2026-07-22,2.67,0.09,3.49,50000000,0,紅增,否,,2.37,2.4,2.62,,-3.1122,-11.6501,-3.8899
707012,印能元大5C購02,2026-07-22,1.75,0.29,19.86,44000000,0,,是,,2.04,1.99,2.07,,4.5175,2.0492,
707013,印能元大61購01,2026-07-22,2.0,0.0,0.0,10000000,0,,否,,2.07,1.81,,,32.2663,4.8555,
707014,印能元大64購02,2026-07-22,1.39,0.0,0.0,21000000,0,紅增,是,,1.35,1.28,1.27,,12.1262,6.1513,4.5567
707015,均豪元大5A購01,2026-07-22,0.34,0.18,112.5,40000000,0,,是,,0.53,0.56,,,-10.2389,-24.559,
707018,系微元大5A購01,2026-07-22,0.68,0.02,3.03,150000000,0,,是,,1.05,1.35,1.61,,-36.715,-22.1647,
707020,信立元大5A購01,2026-07-22,0.11,-0.01,-8.33,40000000,0,,否,,0.18,0.21,0.26,,-27.4194,-20.4461,
707028,印能凱基5A購03,2026-07-22,1.91,0.1,5.52,101000000,0,,是,,1.67,1.73,2.16,,-5.7432,-25.5181,-16.4667
707030,系微凱基5A購02,2026-07-22,0.77,0.01,1.32,212000000,0,綠縮,是,,0.81,1.14,1.61,,-45.2703,-32.3286,-19.2943
707031,協易機凱基5A購01,2026-07-22,0.31,0.02,6.9,1000000,0,,否,,0.46,0.62,,,-41.3265,-30.4251,
707035,陽程凱基5A購01,2026-07-22,3.46,-0.15,-4.16,4000000,0,,否,,4.09,4.27,,,-7.7512,-6.8559,
707036,陽程凱基5A購02,2026-07-22,3.46,0.52,17.69,32000000,0,,是,,3.98,4.5,,,-20.8433,-13.766,
707038,衛司特凱基5A購01,2026-07-22,1.0,0.06,6.38,15000000,0,綠增,是,,1.21,1.52,1.73,,-33.6254,-22.579,-17.1826
707041,台嘉碩國票5A購01,2026-07-22,1.36,0.15,12.4,19000000,0,綠縮,否,,1.43,1.99,2.46,,-43.912,-29.4139,-16.661
707042,印能國票5B購01,2026-07-22,1.3,0.05,4.0,434000000,0,紅增,是,,1.17,1.12,1.39,,9.176,-11.9779,-4.863
707045,茂綸國票5B購01,2026-07-22,0.69,0.08,13.11,68000000,0,綠縮,是,,0.7,0.89,0.99,,-35.3591,-15.019,-13.345
707046,博盛國票5B購01,2026-07-22,1.09,0.1,10.1,58000000,0,綠縮,否,,1.15,1.85,2.29,,-54.902,-31.5575,-1.0592
707048,雙鴻中信64購01,2026-07-22,0.5,-0.01,-1.96,20000000,0,綠縮,否,,0.49,0.55,0.61,,-20.5882,-12.4402,-9.3058
707050,印能永豐5A購02,2026-07-22,1.38,0.06,4.55,61000000,0,綠轉紅,是,,1.22,1.19,1.51,,5.3448,-24.5725,-10.6667
707051,印能永豐61購01,2026-07-22,2.17,-0.31,-12.5,30000000,0,紅增,否,,2.16,1.97,2.36,,21.5973,-16.0273,-3.2417
707056,宜特永豐5B購01,2026-07-22,1.22,0.06,5.17,3000000,0,,否,,1.77,1.94,,,-16.7766,,
707057,威聯通永豐5A購01,2026-07-22,0.31,0.0,0.0,300000000,0,綠縮,是,,0.31,0.39,0.53,,-35.1464,-25.6604,-22.3935
707058,晟德永豐5B購01,2026-07-22,0.88,0.02,2.33,42000000,0,綠縮,否,,0.84,0.93,0.98,,-17.2549,-8.7169,-8.1384
707060,智通*永豐5C購01,2026-07-22,2.25,0.04,1.81,10000000,0,紅縮,否,,2.46,2.22,1.91,,24.2915,19.9783,13.8352
707061,鈺太永豐5C購01,2026-07-22,0.49,0.08,19.51,60000000,0,,是,,0.77,,,,,,
707063,台嘉碩國泰5B購01,2026-07-22,2.85,-0.07,-2.4,43000000,0,,是,,3.15,4.29,4.8,,-42.053,-19.4257,
707066,元太富邦5C購01,2026-07-22,2.05,0.18,9.63,13000000,0,,是,,2.01,,,,,,
707067,雙鴻富邦5C購05,2026-07-22,0.92,0.01,1.1,348000000,0,,是,,0.86,0.99,,,-22.9391,-30.2752,
707068,雙鴻富邦5C購06,2026-07-22,0.91,0.05,5.81,177000000,0,,是,,0.83,0.99,,,-27.4956,-21.9493,
707072,立碁統一74購01,2026-07-22,0.56,0.11,24.44,104000000,0,,是,,0.49,,,,,,
707073,印能統一63購02,2026-07-22,0.97,0.0,0.0,133000000,0,紅增,否,,0.91,0.86,0.99,,13.9651,-5.8178,-2.4186
707074,印能統一74購01,2026-07-22,1.86,0.14,8.14,10000000,0,,否,,1.66,1.74,1.8,,-8.8009,-5.4921,-6.7427
707075,沛亨統一74購01,2026-07-22,0.59,0.06,11.32,1000000,0,綠縮,否,,0.61,0.75,0.95,,-31.8486,-28.0952,-17.4308
707076,系統電統一67購01,2026-07-22,0.51,0.02,4.08,1000000,0,綠縮,否,,0.51,0.62,0.71,,-29.9451,-15.6676,-12.5771
707078,能率統一67購01,2026-07-22,0.78,0.04,5.41,1000000,0,綠縮,否,,0.79,0.9,0.9,,-22.5933,-7.5742,-1.5317
707079,華電網統一64購01,2026-07-22,0.19,0.02,11.76,19000000,0,綠縮,否,,0.18,0.23,0.27,,-33.5766,-20.8333,-16.129
707080,華電網統一74購01,2026-07-22,0.37,0.04,12.12,105000000,0,,是,,0.4,0.44,0.49,,-15.1899,-10.6122,
707082,順達統一63購03,2026-07-22,0.83,0.14,20.29,3173000000,0,綠縮,是,,0.79,0.91,1.02,,-22.807,-14.1643,-4.1843
707083,頎邦統一63購01,2026-07-22,4.07,-0.44,-9.76,9000000,0,,否,,4.75,5.81,6.36,,-30.8588,-8.3596,
707087,廣閎科統一74購01,2026-07-22,1.22,0.09,7.96,108000000,0,,是,,1.28,1.39,,,-14.9134,10.4928,
707096,岳豐群益5A購01,2026-07-22,0.3,-0.33,-52.38,10000000,0,,是,,0.83,1.01,0.95,,-29.661,-7.0305,-0.5774
707102,寶雅群益5A購01,2026-07-22,2.8,0.12,4.48,5000000,0,,否,,2.98,2.55,,,40.7758,,
707103,中光電兆豐64購01,2026-07-22,2.19,-0.15,-6.41,53000000,0,紅縮,否,,2.49,2.51,1.96,,-1.581,19.3533,19.5679
707108,群翊群益5C購01,2026-07-22,0.99,-0.04,-3.88,5000000,0,,否,,1.35,1.4,1.53,,-6.1026,-2.1008,
707119,雙鴻凱基5C購05,2026-07-22,0.84,-0.07,-7.69,150000000,0,綠縮,否,,0.85,0.97,1.32,,-22.6691,-24.9807,-20.265
707122,矽科國票5B購01,2026-07-22,0.96,0.13,15.66,151000000,0,,是,,1.01,1.18,1.19,,-25.1852,-1.6667,
707124,翔名國票5B購01,2026-07-22,2.36,0.45,23.56,16000000,0,,否,,2.65,2.83,2.68,,-11.8351,-3.676,
707125,群翊國票5B購01,2026-07-22,0.51,0.06,13.33,30000000,0,綠縮,是,,0.53,0.61,0.69,,-22.8986,-19.4993,-13.0435
707126,頎邦國票5B購01,2026-07-22,7.75,1.25,19.23,8000000,0,,是,,,,,,,,
707129,宜特富邦5C購01,2026-07-22,0.78,0.03,4.0,531000000,0,,是,,0.95,,,,,,
707132,聚和富邦5A購01,2026-07-22,0.34,0.0,0.0,288000000,0,綠增,是,,0.36,0.5,0.49,,-42.2222,-11.4082,-11.01
707133,正淩統一63購01,2026-07-22,0.52,0.0,0.0,147000000,0,綠增,是,,0.56,0.67,0.68,,-29.1139,-7.5342,-8.0678
707134,同致統一64購01,2026-07-22,0.34,0.03,9.68,1000000,0,,否,,0.33,0.38,,,-23.9631,-19.5789,
707136,協易機統一66購01,2026-07-22,0.42,0.03,7.69,10000000,0,,否,,0.47,0.5,,,-12.3596,-7.9044,
707137,翔名統一74購01,2026-07-22,1.07,0.05,4.9,42000000,0,,是,,1.17,1.21,1.18,,-6.2701,-1.7129,-0.3805
707140,萬泰科統一74購01,2026-07-22,0.89,0.06,7.23,47000000,0,,是,,0.88,0.99,1.01,,-19.2308,-7.8431,
707141,群翊統一63購01,2026-07-22,0.53,0.02,3.92,303000000,0,綠增,是,,0.58,0.61,0.68,,-9.4044,-13.2668,-5.0562
707150,茂訊永豐5B購01,2026-07-22,3.21,0.28,9.56,8000000,0,綠縮,是,,2.93,3.18,3.25,,-14.6768,-0.7795,-3.2465
707153,陽程永豐5C購01,2026-07-22,4.5,0.49,12.22,35000000,0,,是,,5.21,5.74,,,-17.1019,-9.3449,
707159,九豪元大5A購01,2026-07-22,1.65,0.19,13.01,1000000,0,,否,,2.41,3.25,,,-40.9113,-7.2551,
707173,華景電凱基5A購01,2026-07-22,0.39,0.03,8.33,24000000,0,綠縮,否,,0.45,0.8,1.3,,-60.2812,-43.8956,-24.2636
707174,華景電凱基5A購02,2026-07-22,0.58,0.04,7.41,10000000,0,,否,,0.63,0.97,1.5,,-51.8293,-38.0497,-16.5179
707176,群翊凱基5C購01,2026-07-22,0.9,0.11,13.92,41000000,0,綠轉紅,是,,0.92,0.97,1.16,,-10.5469,-18.6242,-10.3141
707178,世界群益5C購01,2026-07-22,1.56,0.33,26.83,4000000,0,,否,,1.51,1.72,,,-21.1458,-3.8095,
707184,陽程群益5A購01,2026-07-22,2.3,0.18,8.49,25000000,0,,否,,3.27,3.4,,,-7.0942,-20.2113,
707187,台燿國票5B購03,2026-07-22,6.8,1.65,32.04,1000000,0,,否,,6.89,,,,,,
707188,安葆國票5B購01,2026-07-22,0.07,0.0,0.0,1000000,0,,否,,0.08,0.18,0.27,,-72.3404,-35.9431,
707189,華景電國票5B購01,2026-07-22,0.59,0.01,1.72,17000000,0,綠縮,否,,0.69,1.03,1.34,,-49.2669,-30.3995,-17.4715
707192,鈺太國泰5B購01,2026-07-22,0.83,0.05,6.41,8000000,0,,否,,1.23,1.54,,,-33.3333,,
707193,雙鴻國泰67購01,2026-07-22,1.77,-0.08,-4.32,21000000,0,綠縮,否,,1.7,1.84,2.18,,-13.7791,-14.6704,-12.8865
707194,久元統一64購01,2026-07-22,0.73,0.01,1.39,6000000,0,綠縮,否,,0.73,0.78,0.86,,-12.4402,-10.0917,-10.4548
707196,華景電統一64購01,2026-07-22,0.56,0.03,5.66,3000000,0,綠增,否,,0.63,0.74,0.83,,-27.5463,-15.0513,-8.7245
707198,華景電統一65購01,2026-07-22,0.7,0.04,6.06,1000000,0,綠增,否,,0.85,0.96,1.02,,-19.5857,-10.2156,-3.1354
707200,華景電統一74購01,2026-07-22,0.58,0.03,5.45,29000000,0,綠縮,是,,0.59,0.67,0.73,,-22.2222,-13.5135,-6.6242
707204,群翊統一74購02,2026-07-22,0.66,0.02,3.12,91000000,0,,是,,0.68,0.72,0.72,,-10.0264,-1.6393,-6.1688
707205,頎邦統一64購03,2026-07-22,2.61,0.51,24.29,1000000,0,,否,,2.6,2.96,3.85,,-21.8149,-25.2584,
707213,良維元大5B購01,2026-07-22,1.91,0.43,29.05,3000000,0,,,,,,,,,,
707215,信紘科元大5A購01,2026-07-22,0.71,0.05,7.58,3000000,0,綠縮,否,,0.74,0.92,1.08,,-33.2731,-23.0384,-9.4939
707217,華景電元大5A購02,2026-07-22,0.72,0.0,0.0,63000000,0,綠縮,是,,0.8,1.09,1.38,,-41.8605,-31.5293,-10.8962
707218,順達元大5A購07,2026-07-22,1.95,0.28,16.77,419000000,0,綠縮,是,,1.91,2.23,2.39,,-25.3906,-11.0625,-6.6628
707221,雙鴻元大64購02,2026-07-22,1.46,0.02,1.39,139000000,0,綠縮,否,,1.41,1.48,1.72,,-10.1023,-14.2114,-11.0651
707222,世界永豐61購01,2026-07-22,2.31,0.44,23.53,61000000,0,,是,,2.52,2.95,2.53,,-25.4739,6.0094,
707224,台燿永豐5A購03,2026-07-22,5.5,1.36,32.85,4000000,0,,否,,4.53,,,,,,
707226,矽科永豐5B購02,2026-07-22,2.22,0.25,12.69,3000000,0,,否,,2.61,2.88,,,-16.9739,-2.5059,
707227,華景電永豐5C購01,2026-07-22,1.0,0.02,2.04,30000000,0,綠縮,否,,1.01,1.31,1.63,,-37.0968,-25.0571,-13.1143
707231,順達兆豐5C購01,2026-07-22,0.77,0.07,10.0,11000000,0,紅轉綠,否,,1.03,1.06,1.06,,-6.5574,3.6098,-2.3557
707235,新盛力凱基5A購01,2026-07-22,3.2,0.39,13.88,159000000,0,,是,,2.87,4.21,4.96,,-48.3441,-23.719,
707236,新盛力凱基5A購02,2026-07-22,3.72,0.35,10.39,10000000,0,,是,,4.48,5.12,,,-22.3109,-10.5033,
707237,頎邦凱基5B購01,2026-07-22,5.1,0.81,18.88,45000000,0,綠縮,是,,5.8,6.58,8.02,,-21.3297,-24.3218,-17.3673
707238,廣閎科凱基5A購02,2026-07-22,2.55,0.52,25.62,482000000,0,,否,,4.24,4.38,3.31,,-6.4459,19.2276,
707239,雙鴻凱基5A購06,2026-07-22,0.15,-0.02,-11.76,1035000000,0,,是,,0.15,0.19,0.43,,-36.9748,-49.2147,
707240,久元元大61購01,2026-07-22,0.88,0.0,0.0,61000000,0,,是,,1.35,1.45,,,-13.9386,-24.6114,
707244,湧德元大5A購03,2026-07-22,0.11,-0.05,-31.25,120000000,0,綠增,否,,0.15,0.21,0.24,,-42.7481,-17.9283,-32.9201
707246,鈊象元大61購01,2026-07-22,1.28,0.01,0.79,803000000,0,綠縮,否,,1.21,1.32,1.4,,-15.7382,-9.6928,-4.9966
707247,新盛力元大5A購01,2026-07-22,2.38,0.21,9.68,11000000,0,,否,,2.71,3.32,3.72,,-30.8673,-14.2746,-2.4512
707248,萬泰科元大5A購01,2026-07-22,0.65,0.07,12.07,30000000,0,,否,,0.71,1.02,1.17,,-47.2429,-19.6078,
707251,順達國票5B購02,2026-07-22,0.93,0.13,16.25,373000000,0,綠縮,是,,0.96,1.16,1.22,,-29.5154,-6.5217,-7.6169
707253,新盛力國票5B購01,2026-07-22,3.29,0.57,20.96,3000000,0,綠縮,否,,3.63,4.07,4.38,,-19.5392,-12.5778,-7.2848
707255,宏捷科國泰5B購01,2026-07-22,0.57,0.07,14.0,7000000,0,,否,,0.58,0.77,1.03,,-39.4572,-25.7722,-15.5956
707256,宏捷科國泰5B購02,2026-07-22,0.43,0.06,16.22,31000000,0,綠縮,否,,0.42,0.58,0.82,,-41.9178,-27.4214,-16.8957
707258,東捷永豐64購01,2026-07-22,3.51,0.22,6.69,312000000,0,,是,,4.45,5.11,,,-22.9304,,
707259,凌陽創永豐5A購01,2026-07-22,0.79,0.02,2.6,1000000,0,綠增,否,,1.02,1.24,1.35,,-29.5172,-19.7923,-8.4042
707260,勤凱永豐5C購03,2026-07-22,0.74,0.04,5.71,2000000,0,綠縮,否,,0.84,1.26,1.74,,-49.5215,-29.9555,-22.1525
707264,台燿統一64購02,2026-07-22,2.19,0.48,28.07,1000000,0,,否,,1.87,2.39,2.77,,-36.0274,-20.3858,-9.3597
707265,宏捷科統一74購01,2026-07-22,0.44,0.06,15.79,10000000,0,,否,,0.47,0.56,0.6,,-26.25,-9.5935,
707272,新盛力統一74購01,2026-07-22,1.04,0.04,4.0,20000000,0,,否,,1.22,1.28,1.32,,-8.2583,-4.2011,0.1135
707273,新盛力統一74購02,2026-07-22,0.99,0.06,6.45,941000000,0,綠縮,是,,0.96,1.1,1.16,,-22.7053,-8.1735,-6.4283
707276,頎邦統一74購01,2026-07-22,1.36,0.17,14.29,35000000,0,綠縮,否,,1.28,1.42,1.64,,-17.9949,-12.5926,-10.5349
707279,久元凱基61購01,2026-07-22,0.77,0.11,16.67,70000000,0,,是,,0.74,0.89,1.1,,-29.0631,-19.095,-20.9544
707289,台燿兆豐5C購01,2026-07-22,3.0,0.52,20.97,1000000,0,,否,,3.24,4.15,4.12,,-35.8924,-7.8444,-6.8716
707290,均豪兆豐5C購01,2026-07-22,0.36,0.05,16.13,460000000,0,綠縮,否,,0.37,0.5,0.53,,-41.0828,-18.7296,-4.1554
707292,台星科元大5A購01,2026-07-22,0.74,0.45,155.17,16000000,0,,否,,0.81,0.8,,,1.2531,-8.75,
707293,台星科元大5A購02,2026-07-22,0.99,0.13,15.12,161000000,0,綠縮,是,,0.9,1.18,1.28,,-37.8267,-18.0681,-8.1961
707297,台燿元大5A購08,2026-07-22,3.56,0.96,36.92,10000000,0,,是,,4.93,5.15,,,-8.2992,-2.5908,
707298,台燿元大5A購09,2026-07-22,2.04,0.33,19.3,12000000,0,綠縮,否,,1.71,2.54,3.2,,-49.4369,-27.0534,-10.5667
707299,台燿元大61購06,2026-07-22,1.97,0.48,32.21,129000000,0,綠縮,否,,1.59,2.14,2.63,,-40.8482,-23.5525,-12.4271
707300,旺矽元大5A購02,2026-07-22,5.0,0.0,0.0,1000000,0,紅縮,否,,5.0,5.02,4.87,,-1.1476,3.0558,6.1547
707301,旺矽元大61購01,2026-07-22,2.67,0.27,11.25,1000000,0,綠縮,否,,2.6,3.09,3.24,,-27.2778,-12.5884,-0.583
707302,信驊元大5B購01,2026-07-22,2.95,0.77,35.32,11000000,0,綠縮,否,,2.86,3.13,3.77,,-15.873,-21.6608,-10.7958
707304,陽程元大63購01,2026-07-22,1.36,0.11,8.8,88000000,0,,是,,1.46,1.61,,,-17.1786,-6.2427,
707306,台燿永豐5C購03,2026-07-22,4.58,0.9,24.46,17000000,0,綠縮,是,,3.65,4.9,6.27,,-40.6504,-23.0165,-14.6649
707307,台燿永豐64購02,2026-07-22,3.98,0.84,26.75,1000000,0,綠縮,否,,3.14,3.97,4.65,,-34.625,-24.9007,-11.1494
707308,台燿永豐67購01,2026-07-22,4.26,0.84,24.56,6000000,0,綠縮,是,,3.55,4.6,5.03,,-37.2923,-20.5557,-9.4526
707310,安葆永豐5C購01,2026-07-22,0.1,0.01,11.11,2000000,0,,否,,0.15,0.24,,,-56.213,-37.2093,
707312,良維永豐5C購01,2026-07-22,1.98,0.21,11.86,51000000,0,,是,,1.76,3.06,,,-59.7712,-38.5972,
707313,旺矽永豐5A購03,2026-07-22,2.1,0.1,5.0,191000000,0,綠縮,否,,1.96,2.65,3.06,,-41.4925,-20.9115,-7.9062
707314,旺矽永豐61購03,2026-07-22,2.65,0.3,12.77,1000000,0,綠縮,否,,2.38,2.83,2.99,,-27.5168,-8.8946,-4.3812
707316,長科*永豐5A購01,2026-07-22,2.44,0.16,7.02,20000000,0,,是,,2.95,3.93,4.51,,-39.8533,-25.1998,
707317,信驊永豐5A購03,2026-07-22,2.08,0.68,48.57,71000000,0,綠縮,否,,1.4,1.48,2.2,,-10.2302,-23.3075,-17.9324
707320,翔名永豐5B購02,2026-07-22,1.05,0.14,15.38,102000000,0,綠縮,是,,1.09,1.24,1.28,,-21.6138,-9.8325,-0.0783
707321,鉅橡永豐5B購01,2026-07-22,0.55,0.12,27.91,140000000,0,,是,,0.53,0.85,,,-55.1783,-38.3225,
707323,均豪國泰61購01,2026-07-22,0.95,0.15,18.75,379000000,0,綠縮,是,,0.99,1.17,1.31,,-26.7062,-22.2888,-5.6855
707325,台燿富邦5A購02,2026-07-22,2.35,0.6,34.29,6000000,0,,否,,2.76,,,,,,
707326,台燿富邦64購01,2026-07-22,1.7,0.28,19.72,6000000,0,綠縮,是,,1.44,1.77,2.22,,-31.4639,-23.28,-6.2685
707327,旺矽富邦5C購01,2026-07-22,1.5,0.25,20.0,9000000,0,綠縮,否,,1.61,1.81,1.83,,-20.2381,-6.5979,2.088
707328,旺矽富邦64購01,2026-07-22,1.7,0.13,8.28,1000000,0,綠縮,否,,1.6,1.85,1.94,,-23.4957,-9.7215,-2.5628
707329,群翊富邦62購01,2026-07-22,0.65,0.04,6.56,46000000,0,綠增,是,,0.69,0.77,0.79,,-18.8235,-8.6595,-9.0334
707330,台燿國票5B購05,2026-07-22,5.0,1.0,25.0,50000000,0,綠縮,否,,3.86,5.28,6.5,,-42.3582,-24.5571,-9.2394
707331,台燿統一63購01,2026-07-22,2.16,0.48,28.57,1000000,0,綠縮,否,,1.76,2.36,2.74,,-40.6883,-21.0896,-7.1247
707332,台燿統一64購03,2026-07-22,1.34,0.22,19.64,96000000,0,綠縮,是,,1.31,1.6,1.74,,-30.98,-15.1772,-6.3509
707333,台燿統一64購04,2026-07-22,2.27,0.48,26.82,44000000,0,綠縮,是,,2.02,2.5,2.72,,-32.1261,-15.6387,-5.3913
707334,台燿統一66購02,2026-07-22,1.84,0.36,24.32,166000000,0,綠縮,否,,1.47,1.77,2.06,,-28.9729,-18.1734,-6.3355
707335,台燿統一74購02,2026-07-22,1.54,0.24,18.46,18000000,0,綠縮,是,,1.34,1.66,1.79,,-32.6633,-17.8994,-7.9825
707336,台燿統一74購03,2026-07-22,1.41,0.11,8.46,371000000,0,綠轉紅,是,,1.25,1.25,1.3,,0.0,-3.1758,-1.2491
707337,巨漢統一63購02,2026-07-22,0.57,0.02,3.64,12000000,0,綠縮,否,,0.6,0.65,0.69,,-16.2921,-8.1461,-7.723
707339,均豪統一64購01,2026-07-22,0.38,0.03,8.57,330000000,0,綠增,是,,0.42,0.48,0.5,,-24.6377,-13.4168,-5.5344
707340,旺矽統一63購06,2026-07-22,1.61,0.0,0.0,515000000,0,綠縮,否,,1.56,1.85,1.98,,-26.9916,-12.1789,-2.7757
707341,旺矽統一64購01,2026-07-22,1.78,0.27,17.88,3000000,0,綠縮,否,,1.59,1.8,1.93,,-21.3294,-10.7532,-2.8924
707342,東捷統一74購01,2026-07-22,0.78,0.04,5.41,2000000,0,綠縮,否,,0.83,0.95,1.05,,-21.5094,-12.1634,-6.5545
707343,前鼎統一64購01,2026-07-22,0.8,0.08,11.11,169000000,0,,是,,0.78,0.95,1.27,,-30.7282,-25.605,-18.5458
707344,翔名統一74購02,2026-07-22,1.32,0.11,9.09,134000000,0,紅轉綠,是,,1.46,1.48,1.43,,-1.8767,0.5442,3.3273
707345,華景電統一74購02,2026-07-22,0.62,0.01,1.64,1000000,0,,否,,0.78,0.82,,,-9.3023,-2.381,
707346,順達統一64購01,2026-07-22,0.71,0.11,18.33,185000000,0,,是,,0.79,0.81,,,-5.7279,-7.7098,
707347,勤凱統一74購02,2026-07-22,0.78,0.04,5.41,30000000,0,綠縮,是,,0.81,1.0,1.2,,-31.5346,-18.1148,-14.454
707349,新盛力統一64購02,2026-07-22,1.63,0.15,10.14,2000000,0,,否,,1.99,2.13,2.26,,-11.7699,-5.5925,1.2525
707350,新盛力統一74購03,2026-07-22,1.54,0.12,8.45,1136000000,0,,是,,1.46,1.69,1.84,,-24.2456,-12.9381,-3.3368
707351,鉅橡統一64購02,2026-07-22,0.48,0.02,4.35,1000000,0,,否,,0.79,0.82,,,-8.8167,,
707352,頎邦統一74購02,2026-07-22,1.47,0.18,13.95,290000000,0,綠縮,否,,1.39,1.54,1.74,,-18.0638,-10.3549,-8.7516
707353,頎邦統一74購03,2026-07-22,1.42,0.22,18.33,4000000,0,綠縮,否,,1.36,1.5,1.78,,-16.9719,-15.454,-11.8317
707355,廣閎科統一67購01,2026-07-22,0.85,0.07,8.97,119000000,0,,是,,0.95,1.04,,,-15.4255,15.0276,
707356,廣閎科統一74購03,2026-07-22,1.36,0.13,10.57,29000000,0,,否,,1.2,1.13,,,13.8258,,
707359,元太凱基5A購02,2026-07-22,3.75,0.56,17.55,80000000,0,,是,,3.42,4.01,4.18,,-25.641,-11.4349,
707361,宜特凱基61購01,2026-07-22,1.07,0.1,10.31,20000000,0,,否,,1.64,1.63,1.74,,1.2315,-5.7126,-4.1254
707364,頎邦凱基63購01,2026-07-22,4.06,0.65,19.06,55000000,0,綠縮,否,,4.37,4.88,5.79,,-18.9099,-17.5974,-10.3277
707368,鴻呈凱基5A購01,2026-07-22,0.5,0.0,0.0,19000000,0,綠轉紅,否,,0.44,0.51,0.67,,-23.9726,-25.2907,-21.8277
707369,鈊象中信5C購02,2026-07-22,0.26,0.0,0.0,50000000,0,,是,,0.28,0.36,0.42,,-37.5566,-24.5798,
707371,前鼎永豐61購02,2026-07-22,0.63,0.05,8.62,20000000,0,綠縮,是,,0.62,0.75,1.01,,-30.474,-24.5226,-17.2555
707374,頎邦永豐61購01,2026-07-22,2.51,0.56,28.72,113000000,0,綠縮,否,,2.2,2.47,2.98,,-19.7368,-14.8187,-10.1069
707376,譜瑞永豐5C購01,2026-07-22,1.38,0.23,20.0,121000000,0,,是,,1.44,1.59,1.75,,-16.955,-8.7407,-21.7837
707377,天品國票5A購01,2026-07-22,0.15,-0.01,-6.25,50000000,0,,是,,0.2,0.24,,,-25.1852,,
707378,泓格國票5A購01,2026-07-22,6.5,0.35,5.69,1000000,0,,否,,5.17,4.46,3.91,,38.0876,27.0525,
707381,頎邦國票5B購04,2026-07-22,3.14,0.68,27.64,3000000,0,,否,,3.06,3.6,4.8,,-26.11,-26.1378,
707387,前鼎群益5A購01,2026-07-22,1.7,0.24,16.44,20000000,0,,,,,,,,,,
707393,頎邦群益5B購02,2026-07-22,4.02,0.66,19.64,3000000,0,,否,,3.89,4.93,7.11,,-34.8394,-32.1463,
707394,廣閎科群益5B購01,2026-07-22,3.41,0.34,11.07,101000000,0,,否,,4.9,5.34,3.84,,-15.3234,24.7139,
707397,天品元大61購01,2026-07-22,0.36,0.0,0.0,70000000,0,,否,,0.38,0.42,0.42,,-18.8034,-6.1947,
707402,頎邦元大5C購02,2026-07-22,2.78,0.54,24.11,1000000,0,,否,,3.64,4.22,,,-24.2298,-23.5422,
707403,廣閎科元大5A購02,2026-07-22,1.38,-0.02,-1.43,40000000,0,綠增,是,,2.5,3.07,2.58,,-31.3564,-6.9958,17.0416
707406,久元統一64購02,2026-07-22,0.55,0.03,5.77,1000000,0,,否,,0.59,0.71,,,-27.7372,-30.2463,
707407,巨漢統一74購02,2026-07-22,0.77,0.03,4.05,1000000,0,,否,,0.86,0.88,,,-4.0179,-4.7722,
707411,宜特統一74購01,2026-07-22,0.49,0.02,4.26,25000000,0,,否,,0.59,0.61,,,-5.7325,-1.9293,
707413,東捷統一74購02,2026-07-22,1.01,0.06,6.32,48000000,0,,是,,1.03,1.15,1.32,,-19.4662,-13.9222,
707414,前鼎統一74購01,2026-07-22,0.62,0.06,10.71,1000000,0,綠縮,否,,0.62,0.69,0.82,,-19.5822,-16.5459,-12.0086
707416,順達統一64購02,2026-07-22,0.66,0.12,22.22,206000000,0,,是,,0.7,0.8,,,-21.875,,
707418,群翊統一74購03,2026-07-22,0.64,0.02,3.23,70000000,0,,是,,0.67,0.69,,,-7.2423,-11.054,
707419,鈺太統一74購01,2026-07-22,0.49,0.05,11.36,198000000,0,,是,,0.57,0.62,,,-12.5,,
707422,頎邦富邦61購02,2026-07-22,2.19,0.4,22.35,92000000,0,綠縮,否,,2.02,2.28,2.86,,-20.5512,-19.213,-10.7193
707423,廣閎科富邦5B購01,2026-07-22,1.34,0.18,15.52,2000000,0,綠增,否,,1.94,2.23,1.92,,-23.2964,-4.0447,15.5609
707426,千附精永豐5B購01,2026-07-22,2.04,0.19,10.27,3000000,0,綠增,否,,2.2,2.41,2.37,,-16.0823,-5.3354,1.8026
707430,宜特永豐61購01,2026-07-22,0.41,0.03,7.89,100000000,0,,否,,0.44,0.52,,,-26.9103,-18.9736,
707434,陽程永豐5B購01,2026-07-22,1.22,0.16,15.09,52000000,0,,否,,1.67,1.75,1.86,,-8.4522,-5.5225,
707439,台星科群益61購01,2026-07-22,1.02,0.12,13.33,10000000,0,,否,,1.02,1.34,1.47,,-38.4058,-16.6874,
707442,湧德群益61購02,2026-07-22,0.34,0.01,3.03,31000000,0,綠增,否,,0.4,0.5,0.52,,-33.1126,-8.5299,-12.9005
707444,新應材群益5A購02,2026-07-22,0.41,0.0,0.0,10000000,0,,否,,0.48,0.84,,,-59.5993,-36.3843,
707447,巨漢國泰5B購01,2026-07-22,0.75,0.07,10.29,3000000,0,綠增,否,,0.83,0.88,0.94,,-9.9567,-8.5417,-5.8676
707450,陽程國泰5B購01,2026-07-22,2.02,-0.02,-0.98,13000000,0,,否,,2.43,,,,,,
707453,千附統一64購01,2026-07-22,1.22,-0.26,-17.57,60000000,0,紅縮,否,,1.37,1.1,0.89,,63.8756,43.6198,26.2562
707454,千附精統一74購01,2026-07-22,0.94,0.06,6.82,74000000,0,,否,,0.96,0.99,0.99,,-5.5118,-2.3715,
707455,台星科統一74購01,2026-07-22,0.78,0.06,8.33,59000000,0,,是,,0.78,0.85,,,-14.0351,2.0457,
707459,立敦統一74購01,2026-07-22,1.16,0.01,0.87,30000000,0,,是,,1.25,1.42,1.44,,-22.0974,-9.1778,-3.8974
707461,金山電統一74購01,2026-07-22,1.91,-0.24,-11.16,28000000,0,,是,,2.13,,,,,,
707464,美琪瑪統一64購02,2026-07-22,0.45,0.03,7.14,94000000,0,,是,,0.46,0.58,0.67,,-34.2776,-23.329,
707465,湧德統一64購01,2026-07-22,0.31,0.04,14.81,48000000,0,,否,,0.29,0.36,0.39,,-31.6279,-10.6173,-14.3646
707466,湧德統一64購02,2026-07-22,0.3,0.03,11.11,1000000,0,綠縮,否,,0.3,0.35,0.37,,-27.3171,-10.3797,-12.6928
707467,陽程統一66購01,2026-07-22,0.87,0.08,10.13,437000000,0,綠增,否,,0.92,1.01,1.04,,-16.6969,-6.1338,-6.5354
707468,陽程統一74購02,2026-07-22,0.73,0.02,2.82,73000000,0,,是,,0.78,0.83,,,-10.984,,
707469,陽程統一74購03,2026-07-22,0.87,-0.01,-1.14,120000000,0,,是,,0.95,1.03,,,-13.7681,-3.0189,
707470,順達統一74購01,2026-07-22,0.67,0.03,4.69,103000000,0,綠增,是,,0.72,0.73,0.76,,-3.2345,-2.4064,-1.9987
707471,新應材統一67購01,2026-07-22,0.42,0.0,0.0,10000000,0,綠縮,否,,0.44,0.49,0.53,,-19.5572,-9.7786,-8.4048
707473,鉅橡統一64購03,2026-07-22,0.4,0.01,2.56,102000000,0,,是,,0.43,0.6,,,-43.9276,,
707474,蜜望實統一74購01,2026-07-22,1.1,0.07,6.8,148000000,0,綠縮,否,,1.05,1.24,1.48,,-26.1603,-19.5313,-8.9653
707479,宜特凱基5A購01,2026-07-22,0.31,0.04,14.81,10000000,0,,否,,0.34,0.65,0.93,,-64.0919,-37.9409,
707482,順達凱基5C購01,2026-07-22,2.16,0.29,15.51,71000000,0,,否,,2.04,2.37,2.56,,-24.612,-12.2411,-5.3535
707484,萬泰科凱基5A購01,2026-07-22,0.42,0.07,20.0,20000000,0,綠縮,否,,0.43,0.62,0.77,,-47.1883,-27.662,-14.3255
707487,巨漢元大5A購01,2026-07-22,0.82,0.03,3.8,24000000,0,綠縮,否,,0.9,0.97,1.12,,-13.4615,-14.7627,-9.9399
707488,巨漢元大5A購02,2026-07-22,0.91,-0.02,-2.15,146000000,0,綠縮,否,,1.02,1.11,1.3,,-16.0066,-15.7218,-10.6566
707489,巨漢元大5A購03,2026-07-22,0.57,0.0,0.0,65000000,0,綠縮,否,,0.66,0.74,0.85,,-18.6732,-15.9453,-11.0121
707497,沛亨元大5A購04,2026-07-22,0.37,0.15,68.18,3000000,0,,否,,0.38,0.78,1.01,,-67.6819,-33.5034,
707498,矽科元大5A購01,2026-07-22,0.24,0.04,20.0,10000000,0,,否,,0.34,0.39,,,-23.2877,,
707499,矽科元大61購01,2026-07-22,0.36,0.04,12.5,400000000,0,,是,,0.42,0.48,,,-21.1896,1.4768,
707504,新應材元大5A購04,2026-07-22,0.94,-0.01,-1.05,399000000,0,,是,,0.99,1.15,1.37,,-24.196,-16.8718,
707506,新應材元大5C購01,2026-07-22,0.93,0.07,8.14,12000000,0,,是,,0.9,1.08,1.33,,-28.91,-15.1254,
707508,群翊元大5A購06,2026-07-22,0.13,0.01,8.33,234000000,0,綠縮,是,,0.15,0.18,0.25,,-27.1845,-30.7393,-16.9687
707509,巨漢國票5A購01,2026-07-22,0.49,0.01,2.08,1050000000,0,綠縮,是,,0.56,0.62,0.74,,-19.3642,-19.0415,-9.375
707512,東捷國票5A購02,2026-07-22,2.25,0.23,11.39,111000000,0,,是,,2.38,3.11,,,-37.8717,-35.9967,
707514,萬泰科國票5B購01,2026-07-22,1.42,0.19,15.45,71000000,0,,是,,1.49,2.08,2.29,,-43.7923,-19.2218,-16.9175
707515,榮田國票5A購01,2026-07-22,1.25,0.37,42.05,81000000,0,綠縮,是,,0.74,0.89,1.46,,-28.4333,-26.8755,-28.8354
707516,久元富邦61購01,2026-07-22,1.16,0.05,4.5,220000000,0,,是,,1.28,1.41,1.58,,-16.8394,-13.4109,-16.5568
707517,宏捷科富邦5C購02,2026-07-22,0.33,0.03,10.0,417000000,0,,是,,0.32,0.42,0.6,,-38.9313,-27.7397,
707519,家登富邦5C購01,2026-07-22,1.56,0.27,20.93,77000000,0,,是,,1.64,,,,,,
707523,雙鴻富邦5C購07,2026-07-22,0.7,0.02,2.94,51000000,0,,否,,0.63,0.69,0.91,,-15.6915,-17.5,
707524,雙鴻富邦5C購08,2026-07-22,0.49,-0.03,-5.77,162000000,0,,是,,0.48,0.58,0.79,,-30.0292,-23.3903,
707526,千附精凱基5A購01,2026-07-22,2.45,0.12,5.15,597000000,0,綠增,是,,2.83,3.13,3.0,,-17.4242,-5.9442,-2.9245
707527,元太凱基61購01,2026-07-22,2.15,0.2,10.26,41000000,0,綠縮,否,,1.97,2.26,2.52,,-23.125,-17.5528,-6.7295
707528,均豪凱基5A購01,2026-07-22,0.27,-0.02,-6.9,10000000,0,,否,,0.4,0.67,0.68,,-56.9296,-17.8703,-27.4573
707531,前鼎凱基5B購02,2026-07-22,1.05,0.11,11.7,95000000,0,綠縮,是,,1.04,1.53,2.33,,-48.6193,-34.7918,-21.4346
707534,陽程凱基63購01,2026-07-22,1.62,0.13,8.72,72000000,0,,是,,1.79,2.08,,,-24.3038,-25.6163,
707537,新應材兆豐5C購01,2026-07-22,0.55,0.14,34.15,10000000,0,綠縮,否,,0.5,0.58,0.72,,-24.0122,-23.5139,-18.9616
707538,弘塑國票5B購01,2026-07-22,0.46,0.07,17.95,12000000,0,綠縮,是,,0.45,0.54,0.76,,-29.0221,-34.6988,-8.1769
707542,陽程國票5A購01,2026-07-22,1.52,0.12,8.57,45000000,0,綠增,否,,1.79,2.08,2.34,,-24.4501,-12.9979,-16.6934
707544,弘塑永豐5B購03,2026-07-22,0.32,0.04,14.29,22000000,0,綠縮,否,,0.3,0.36,0.48,,-26.699,-31.8702,-8.2778
707545,弘塑永豐5C購04,2026-07-22,0.32,0.03,10.34,1000000,0,綠縮,否,,0.31,0.36,0.48,,-24.3902,-31.0345,-6.9565
707546,弘塑永豐61購02,2026-07-22,0.82,0.1,13.89,62000000,0,綠縮,否,,0.87,1.07,1.18,,-31.6038,-19.0476,-3.07
707547,弘塑永豐64購01,2026-07-22,0.54,0.04,8.0,247000000,0,綠縮,否,,0.54,0.6,0.73,,-16.6154,-24.0764,-3.4278
707548,新應材永豐5B購02,2026-07-22,0.58,0.04,7.41,10000000,0,綠縮,否,,0.61,0.73,0.87,,-28.5377,-17.9458,-18.2031
707552,台星科台新5A購01,2026-07-22,0.94,0.19,25.33,43000000,0,,否,,0.85,1.14,1.41,,-40.0844,-27.8553,-14.2727
707554,弘塑台新5A購02,2026-07-22,0.47,0.03,6.82,16000000,0,綠縮,否,,0.47,0.62,0.97,,-39.1192,-43.3394,-12.3479
707556,前鼎台新5A購01,2026-07-22,0.76,0.11,16.92,8000000,0,,否,,0.74,1.05,1.91,,-45.2135,-35.7972,
707559,新應材台新5A購02,2026-07-22,0.83,-0.04,-4.6,62000000,0,綠增,否,,1.08,1.29,1.53,,-27.4431,-14.5792,-14.3654
707560,群翊台新5A購01,2026-07-22,0.84,0.08,10.53,25000000,0,,否,,0.95,1.15,,,-30.0442,-23.1691,
707561,群翊台新5A購02,2026-07-22,0.33,0.01,3.12,34000000,0,,否,,0.49,0.57,,,-25.6098,-22.4932,
707564,弘塑群益5A購04,2026-07-22,0.58,-0.04,-6.45,90000000,0,綠增,是,,0.75,1.12,1.16,,-50.0,-22.1294,-7.0711
707568,弘塑國泰61購01,2026-07-22,1.01,0.03,3.06,20000000,0,綠縮,否,,1.04,1.17,1.47,,-20.4893,-25.6962,-4.9499
707569,弘塑國泰61購02,2026-07-22,0.85,0.05,6.25,541000000,0,綠縮,是,,0.85,0.98,1.24,,-22.5455,-27.5427,-5.2531
707572,弘塑富邦5C購02,2026-07-22,0.68,0.07,11.48,338000000,0,綠縮,否,,0.65,0.76,1.01,,-26.4237,-31.7816,-6.639
707573,弘塑富邦64購01,2026-07-22,0.45,0.02,4.65,964000000,0,綠縮,是,,0.45,0.51,0.64,,-20.2128,-27.1552,-5.9341
707574,前鼎富邦5C購01,2026-07-22,0.58,0.09,18.37,169000000,0,,否,,0.59,0.75,,,-36.087,,
707576,中美晶統一64購01,2026-07-22,2.42,0.27,12.56,27000000,0,,否,,2.59,2.23,1.72,,38.5684,38.9546,
707577,元太統一64購01,2026-07-22,1.19,0.01,0.85,828000000,0,,否,,1.08,1.19,,,-16.5123,-8.1853,
707578,元太統一74購01,2026-07-22,1.45,0.01,0.69,142000000,0,,是,,1.35,1.39,,,-6.6574,,
707579,弘塑統一62購02,2026-07-22,0.42,0.02,5.0,37000000,0,綠縮,否,,0.43,0.51,0.63,,-27.3038,-27.1942,-4.2683
707580,弘塑統一64購01,2026-07-22,0.51,0.03,6.25,482000000,0,綠縮,否,,0.5,0.56,0.69,,-18.7097,-23.7449,-4.4766
707581,弘塑統一64購02,2026-07-22,0.52,0.06,13.04,2000000,0,,否,,0.55,0.67,0.63,,-31.5789,-6.014,-5.4846
707589,前鼎統一63購02,2026-07-22,0.53,0.05,10.42,281000000,0,,是,,0.62,0.85,1.14,,-43.5897,-30.962,-21.4434
707590,美琪瑪統一74購01,2026-07-22,0.52,0.02,4.0,200000000,0,,是,,0.53,0.64,0.71,,-30.2387,-17.7378,
707592,陽程統一64購03,2026-07-22,0.98,0.05,5.38,292000000,0,,是,,1.12,1.23,1.24,,-16.1919,-3.3123,
707593,意德士統一62購01,2026-07-22,0.41,0.02,5.13,1000000,0,綠增,否,,0.48,0.6,0.65,,-32.7731,-16.3866,-10.1718
707594,意德士統一64購01,2026-07-22,0.59,0.03,5.36,600000000,0,,否,,0.68,0.75,0.8,,-18.3575,-9.8321,
707596,臺慶科統一64購01,2026-07-22,1.25,0.11,9.65,257000000,0,,是,,1.26,1.75,2.08,,-43.4199,-27.787,-8.8962
707599,蜜望實統一74購02,2026-07-22,1.29,0.06,4.88,73000000,0,綠縮,是,,1.26,1.59,1.78,,-34.205,-16.6228,-6.2549
707600,環球晶統一63購03,2026-07-22,4.5,0.1,2.27,15000000,0,紅縮,否,,5.24,4.97,4.07,,11.2102,29.0272,25.3114
707607,前鼎元大5B購01,2026-07-22,1.49,0.1,7.19,1000000,0,,否,,1.86,,,,,,
707612,勤凱元大5A購06,2026-07-22,1.07,0.08,8.08,24000000,0,,是,,2.49,,,,,,
707613,雙鴻元大5A購07,2026-07-22,0.57,0.04,7.55,4000000,0,綠縮,否,,0.52,0.62,0.78,,-28.7293,-22.3058,-12.374
707614,雙鴻元大61購13,2026-07-22,0.58,-0.02,-3.33,1531000000,0,綠縮,是,,0.55,0.61,0.74,,-18.5075,-18.4987,-12.8806
707615,穩得元大5A購02,2026-07-22,0.17,0.0,0.0,10000000,0,,否,,0.3,0.42,,,-45.4545,-28.6913,
707616,鑫聯元大5A購02,2026-07-22,0.63,0.08,14.55,50000000,0,,否,,0.71,0.8,1.13,,-20.0903,-21.4778,
707617,九豪永豐5C購01,2026-07-22,2.7,0.48,21.62,1000000,0,綠增,否,,2.85,3.31,3.46,,-24.3501,-16.071,-2.3692
707619,立敦永豐5A購01,2026-07-22,1.83,0.13,7.65,15000000,0,綠增,否,,2.38,2.97,3.32,,-33.2772,-19.681,-5.4258
707622,鈊象永豐5C購01,2026-07-22,0.67,-0.01,-1.47,46000000,0,,是,,0.8,0.89,0.95,,-18.4426,-12.6233,
707623,精材永豐61購01,2026-07-22,10.0,1.8,21.95,10000000,0,,否,,7.57,6.3,4.86,,50.497,44.5949,
707624,蜜望實永豐5C購01,2026-07-22,2.59,0.25,10.68,10000000,0,,否,,2.91,3.83,3.57,,-38.8047,-12.156,
707626,九豪凱基5A購03,2026-07-22,2.03,0.17,9.14,50000000,0,,是,,4.81,5.54,,,-23.3174,,
707628,宏捷科凱基5B購01,2026-07-22,0.9,0.06,7.14,487000000,0,綠縮,是,,0.92,1.24,1.75,,-40.9207,-28.1755,-17.6415
707629,長科*凱基5A購01,2026-07-22,3.19,0.65,25.59,104000000,0,,否,,3.85,5.87,6.95,,-51.1534,-29.0393,
707631,群翊凱基5A購01,2026-07-22,0.14,0.0,0.0,1000000,0,紅增,否,,0.16,0.21,0.29,,-38.3459,-32.6019,-28.5714
707632,精材凱基5A購03,2026-07-22,16.6,3.3,24.81,300000000,0,,是,,11.06,7.8,,,143.6123,,
707633,蜜望實凱基5A購01,2026-07-22,3.61,0.42,13.17,233000000,0,,是,,3.99,6.44,,,-55.191,-4.4909,
707643,茂迪台新5A購01,2026-07-22,0.51,0.1,24.39,998000000,0,綠縮,是,,0.51,0.57,0.78,,-18.5304,-16.8375,-18.8057
707644,博磊台新5A購01,2026-07-22,1.86,0.32,20.78,57000000,0,,是,,1.74,,,,,,
707645,博磊台新5A購02,2026-07-22,2.0,0.4,25.0,34000000,0,,否,,1.85,2.88,,,-52.5372,,
707651,九豪元大5A購02,2026-07-22,1.51,0.22,17.05,60000000,0,綠增,是,,2.34,3.99,4.07,,-58.425,-18.8986,-8.0907
707652,九豪元大5A購03,2026-07-22,1.35,0.28,26.17,30000000,0,綠增,是,,1.91,3.27,3.49,,-58.887,-25.0115,-10.5182
707653,力致元大5A購01,2026-07-22,0.37,0.01,2.78,89000000,0,,是,,0.53,0.74,1.06,,-43.5518,-26.5144,
707655,系統電元大5A購02,2026-07-22,0.88,0.08,10.0,3000000,0,綠縮,否,,1.02,1.45,1.8,,-45.4545,-23.7064,-21.2445
707660,宜特元大63購02,2026-07-22,0.44,0.04,10.0,5000000,0,綠增,否,,0.51,0.62,0.63,,-29.7521,-11.588,-9.6774
707661,朋億*元大5A購01,2026-07-22,2.5,0.34,15.74,13000000,0,綠縮,否,,2.53,3.0,3.06,,-26.7785,-7.5902,12.964
707665,意德士元大5A購01,2026-07-22,0.35,0.02,6.06,300000000,0,,是,,0.35,0.58,0.75,,-56.0,-31.5101,
707666,新盛力元大5A購02,2026-07-22,3.4,0.2,6.25,204000000,0,綠縮,是,,3.52,3.67,4.15,,-7.9058,-14.1152,-2.1573
707669,蜜望實元大5A購02,2026-07-22,2.17,0.17,8.5,14000000,0,,否,,2.14,3.56,3.85,,-57.0683,-28.2604,
707670,九豪群益5A購03,2026-07-22,1.17,0.16,15.84,11000000,0,綠縮,否,,1.32,2.15,3.27,,-55.4209,-44.7362,-13.955
707674,優群群益5A購01,2026-07-22,0.5,0.01,2.04,447000000,0,綠縮,是,,0.53,0.71,0.92,,-40.8482,-28.9841,-14.1857
707676,加高國票5B購01,2026-07-22,0.86,0.07,8.86,62000000,0,綠縮,否,,0.87,1.31,1.54,,-50.2864,-28.1473,-16.7162
707677,艾訊國票5B購01,2026-07-22,2.01,0.5,33.11,115000000,0,綠轉紅,否,,1.5,1.59,1.66,,-9.8321,-5.2569,-3.8048
707678,均豪國票5A購02,2026-07-22,0.26,0.05,23.81,1000000,0,,否,,0.33,0.47,0.54,,-45.7516,-16.9014,-26.2216
707680,博磊國票5B購01,2026-07-22,1.0,-0.16,-13.79,35000000,0,,是,,1.43,2.25,2.48,,-53.7613,-10.2666,
707681,漢達國票5B購01,2026-07-22,0.98,0.08,8.89,5000000,0,綠縮,否,,0.91,1.2,1.17,,-39.3574,-12.7907,9.4085
707683,九豪富邦5C購01,2026-07-22,0.85,0.06,7.59,213000000,0,綠增,是,,0.92,1.76,1.82,,-64.9042,-21.9221,-10.0643
707685,九豪統一64購01,2026-07-22,0.86,0.05,6.17,1000000,0,綠縮,否,,0.88,1.15,1.52,,-38.4615,-33.6207,-10.669
707686,九豪統一64購02,2026-07-22,0.77,0.05,6.94,32000000,0,綠縮,否,,0.82,1.08,1.3,,-38.4731,-29.431,-7.6677
707687,九豪統一74購01,2026-07-22,0.8,0.05,6.67,177000000,0,綠縮,否,,0.83,0.99,1.23,,-28.7435,-27.0528,-7.9174
707688,千附統一74購01,2026-07-22,1.6,0.04,2.56,2000000,0,,否,,1.59,1.37,1.16,,37.913,27.6119,
707689,千附精統一74購02,2026-07-22,1.31,0.04,3.15,57000000,0,綠增,否,,1.37,1.42,1.41,,-7.7027,-2.3336,1.4044
707696,宜特統一65購02,2026-07-22,0.29,0.04,16.0,20000000,0,綠縮,否,,0.28,0.36,0.4,,-34.4186,-14.2169,-8.79
707697,宜特統一74購02,2026-07-22,0.54,0.02,3.85,38000000,0,,否,,0.61,0.64,,,-8.1081,,
707699,意德士統一65購01,2026-07-22,0.42,0.01,2.44,10000000,0,,否,,0.5,0.57,,,-20.3175,,
707701,萬泰科統一74購03,2026-07-22,0.85,0.06,7.59,35000000,0,綠縮,否,,0.81,0.91,0.95,,-20.1183,-10.3245,-4.0704
707702,臺慶科統一66購01,2026-07-22,1.08,0.11,11.34,3000000,0,,否,,1.68,1.79,,,-12.0545,-3.4984,
707703,優群統一66購01,2026-07-22,0.53,0.05,10.42,4000000,0,,否,,0.52,0.6,0.63,,-24.5614,-9.0909,-11.641
707704,環球晶統一64購03,2026-07-22,4.04,0.45,12.53,50000000,0,,是,,4.46,4.14,3.4,,17.1129,22.8029,
707705,環球晶統一74購01,2026-07-22,3.04,0.23,8.19,159000000,0,紅縮,否,,3.19,3.22,2.8,,-2.1499,16.6184,15.2281
707709,美琪瑪台新5A購01,2026-07-22,0.5,0.03,6.38,10000000,0,,否,,0.89,1.08,1.32,,-29.5419,-28.1625,-9.1938
707710,千附精國票5B購02,2026-07-22,0.89,0.1,12.66,2000000,0,綠增,否,,0.93,1.0,0.97,,-12.5468,-2.9098,2.9162
707711,千附精國票5B購03,2026-07-22,1.23,0.08,6.96,83000000,0,綠增,否,,1.38,1.51,1.47,,-16.0976,-3.7037,2.9123
707712,方土昶國票5B購01,2026-07-22,1.02,0.15,17.24,100000000,0,綠縮,是,,1.01,1.15,1.49,,-22.2222,-23.506,-12.1693
707714,邑昇國票5B購01,2026-07-22,0.17,0.04,30.77,10000000,0,綠轉紅,否,,0.13,0.16,0.23,,-32.9897,-28.6344,-25.7188
707715,欣銓國票5B購02,2026-07-22,1.2,0.15,14.29,3000000,0,綠縮,是,,1.18,1.54,1.54,,-37.3545,-9.107,-5.2276
707716,信紘科國票5A購01,2026-07-22,0.48,0.03,6.67,6000000,0,,否,,0.84,0.91,,,-13.786,-0.6586,
707718,家登國票5A購01,2026-07-22,1.92,0.28,17.07,90000000,0,,是,,1.84,2.17,2.37,,-26.1637,-13.5329,-12.3683
707719,能率亞國票5B購01,2026-07-22,1.81,0.04,2.26,25000000,0,綠縮,否,,1.79,1.95,2.09,,-14.9098,-12.1676,-0.7353
707721,群聯國票5B購01,2026-07-22,1.5,0.19,14.5,352000000,0,綠縮,否,,1.43,1.87,2.51,,-38.4814,-27.7499,-12.5674
707722,蜜望實國票5B購01,2026-07-22,4.6,0.6,15.0,30000000,0,綠縮,否,,3.63,3.97,4.36,,-16.1037,-9.8662,-3.1312
707724,千附精元大5A購02,2026-07-22,1.86,0.14,8.14,10000000,0,,否,,2.45,2.3,2.18,,14.0727,7.3866,
707727,千附精元大5A購05,2026-07-22,2.29,0.4,21.16,2000000,0,,否,,2.65,2.49,2.31,,13.5622,8.3152,
707728,千附精元大5A購06,2026-07-22,1.65,0.01,0.61,29000000,0,,是,,2.29,2.14,,,15.3924,,
707729,欣銓元大5A購02,2026-07-22,1.78,0.24,15.58,56000000,0,,是,,1.7,1.98,,,-24.6454,,
707733,群翊元大5A購07,2026-07-22,0.56,0.02,3.7,163000000,0,綠縮,否,,0.6,0.68,0.8,,-19.5187,-19.3548,-19.99
707734,群聯元大5A購01,2026-07-22,1.81,0.09,5.23,31000000,0,綠縮,否,,1.69,1.92,2.29,,-20.7671,-18.8136,-6.4008
707735,群聯元大5A購02,2026-07-22,0.91,0.08,9.64,495000000,0,綠縮,否,,0.88,1.12,1.48,,-35.3891,-26.8277,-12.1131
707736,鈺太元大61購01,2026-07-22,0.45,0.11,32.35,975000000,0,綠縮,是,,0.4,0.53,0.71,,-38.6018,-33.9552,-17.8218
707738,蜜望實元大5A購04,2026-07-22,1.89,0.26,15.95,1000000,0,,否,,2.66,3.33,3.06,,-33.2665,-10.8014,
707741,方土昶凱基5A購01,2026-07-22,1.58,0.16,11.27,50000000,0,綠縮,否,,1.73,1.94,2.55,,-19.5713,-20.033,-12.7649
707747,群聯凱基5A購01,2026-07-22,2.0,0.64,47.06,12000000,0,綠縮,是,,2.2,3.0,3.97,,-42.0221,-34.555,-21.1832
707749,蜜望實凱基5A購02,2026-07-22,2.78,-0.76,-21.47,34000000,0,,是,,5.74,6.11,6.55,,-11.6723,-14.1393,
707750,千附精永豐5C購01,2026-07-22,0.84,0.05,6.33,595000000,0,綠增,否,,0.9,0.99,0.98,,-17.7982,-4.9761,0.826
707751,方土昶永豐5A購01,2026-07-22,1.56,0.23,17.29,35000000,0,,是,,1.49,2.07,2.5,,-43.646,-25.2441,
707753,立碁永豐61購01,2026-07-22,0.2,0.07,53.85,20000000,0,,是,,0.29,0.4,,,-43.1373,,
707754,欣銓永豐5A購01,2026-07-22,1.44,0.21,17.07,495000000,0,綠縮,是,,1.45,1.86,1.83,,-35.9223,-8.4687,-4.7545
707755,欣銓永豐5C購01,2026-07-22,1.63,0.23,16.43,261000000,0,綠縮,是,,1.54,1.81,1.9,,-26.0577,-9.3233,-3.3622
707757,群聯永豐61購01,2026-07-22,0.83,0.08,10.67,340000000,0,綠縮,否,,0.8,0.99,1.24,,-32.5464,-22.4824,-11.3417
707758,群聯永豐64購01,2026-07-22,1.0,0.09,9.89,434000000,0,綠縮,否,,0.95,1.14,1.39,,-28.3133,-20.2797,-9.9675
707759,蜜望實永豐61購01,2026-07-22,1.45,0.14,10.69,257000000,0,綠縮,是,,1.36,1.71,2.29,,-33.6257,-27.2998,-12.8542
707762,群翊國泰5C購01,2026-07-22,0.89,0.07,8.54,11000000,0,,否,,1.06,1.12,,,-10.6239,-22.3912,
707763,群聯群益5B購01,2026-07-22,1.9,0.23,13.77,148000000,0,綠縮,是,,1.88,2.33,3.28,,-32.2302,-30.9855,-19.2184
707764,群聯群益61購01,2026-07-22,1.86,0.25,15.53,1259000000,0,綠縮,是,,1.72,2.17,2.82,,-34.4512,-25.845,-11.5294
707765,群聯群益64購01,2026-07-22,2.04,0.24,13.33,72000000,0,綠縮,是,,2.12,2.6,3.04,,-30.9044,-19.3108,-7.8895
707766,蜜望實國泰5B購01,2026-07-22,3.7,0.55,17.46,24000000,0,,是,,5.57,5.7,,,-4.4269,,
707767,精材兆豐5C購01,2026-07-22,6.85,0.95,16.1,1000000,0,,否,,5.98,5.12,3.82,,40.2159,50.8694,
707768,力旺永豐5A購01,2026-07-22,0.15,0.07,87.5,3000000,0,綠轉紅,否,,0.11,0.1,0.17,,12.2449,-16.8,-20.4651
707769,力旺永豐5B購01,2026-07-22,0.19,0.08,72.73,174000000,0,綠縮,是,,0.16,0.24,0.4,,-50.9317,-43.128,-25.3704
707770,力旺永豐5C購01,2026-07-22,0.17,0.05,41.67,531000000,0,綠縮,否,,0.14,0.19,0.33,,-41.8033,-39.3082,-25.7813
707771,台半永豐5C購01,2026-07-22,1.72,0.06,3.61,10000000,0,,是,,3.03,3.57,3.15,,-26.1568,9.3444,
707772,巨有永豐5C購01,2026-07-22,0.86,0.06,7.5,5000000,0,綠縮,否,,0.89,1.39,1.55,,-53.072,-28.3204,-16.3612
707774,宏捷科永豐5C購02,2026-07-22,0.39,0.05,14.71,81000000,0,,是,,0.76,1.04,,,-42.5532,,
707775,亞通永豐5A購01,2026-07-22,0.37,-0.01,-2.63,3000000,0,綠增,否,,0.43,0.58,0.61,,-39.8892,-11.6208,-1.9386
707776,旺矽永豐5B購02,2026-07-22,2.57,0.97,60.63,2000000,0,綠縮,否,,1.99,2.47,2.33,,-32.4983,-3.2081,1.5479
707777,信昌電永豐5C購01,2026-07-22,3.21,-0.78,-19.55,3000000,0,,否,,8.74,11.15,10.37,,-35.5457,-9.7166,
707778,信驊永豐5B購04,2026-07-22,2.13,0.49,29.88,580000000,0,綠縮,是,,1.54,1.63,2.33,,-10.4408,-22.4858,-15.9074
707780,精測永豐61購02,2026-07-22,0.23,0.03,15.0,629000000,0,綠縮,是,,0.21,0.26,0.38,,-30.0,-29.3629,-16.5198
707781,臺慶科永豐5B購01,2026-07-22,1.38,0.09,6.98,13000000,0,,是,,1.77,2.12,,,-28.7903,,
707782,聰泰永豐5A購01,2026-07-22,0.4,0.07,21.21,219000000,0,綠縮,是,,0.38,0.58,0.78,,-51.0256,-27.1016,-18.8217
707783,力旺凱基5A購03,2026-07-22,0.07,0.02,40.0,1000000,0,綠縮,否,,0.08,0.14,0.28,,-59.4059,-48.3636,-30.2005
707784,力旺凱基5A購04,2026-07-22,0.12,0.06,100.0,7000000,0,綠縮,否,,0.09,0.15,0.3,,-60.1852,-49.8339,-29.5082
707785,力旺凱基5B購02,2026-07-22,0.15,0.05,50.0,165000000,0,綠縮,否,,0.14,0.23,0.38,,-57.764,-40.2089,-22.4846
707786,力旺凱基5C購01,2026-07-22,0.38,0.22,137.5,458000000,0,綠縮,是,,0.24,0.31,0.49,,-35.6383,-33.9744,-20.278
707787,力旺凱基61購01,2026-07-22,0.48,0.14,41.18,173000000,0,綠轉紅,是,,0.39,0.39,0.5,,-1.5152,-12.8603,-12.4448
707790,旺矽凱基5A購05,2026-07-22,1.71,0.09,5.56,1000000,0,綠縮,否,,1.84,2.32,2.47,,-34.0958,-14.8569,-0.9239
707791,旺矽凱基5B購02,2026-07-22,1.55,0.23,17.42,10000000,0,綠縮,否,,1.7,2.02,2.07,,-27.5128,-9.0705,0.1934
707792,旺矽凱基5C購02,2026-07-22,1.49,0.1,7.19,15000000,0,綠縮,否,,1.51,1.85,2.0,,-30.7411,-14.1531,-4.9336
707795,信驊凱基5A購04,2026-07-22,2.8,0.93,49.73,30000000,0,綠轉紅,否,,1.84,1.89,2.79,,-4.757,-21.7896,-15.1773
707796,信驊凱基5B購03,2026-07-22,2.54,0.65,34.39,209000000,0,綠縮,是,,1.83,1.91,2.69,,-8.7912,-21.007,-15.4642
707797,信驊凱基5C購02,2026-07-22,2.5,0.67,36.61,380000000,0,綠縮,是,,1.79,2.12,2.73,,-26.3547,-18.1818,-14.0522
707798,信驊凱基61購04,2026-07-22,2.57,0.13,5.33,271000000,0,綠轉紅,是,,2.26,2.31,2.81,,-4.6414,-9.4288,-10.3768
707799,家登凱基5A購01,2026-07-22,1.9,0.41,27.52,66000000,0,綠縮,否,,1.67,1.89,2.31,,-20.778,-20.8298,-7.8306
707800,華景電凱基5A購04,2026-07-22,0.39,0.06,18.18,12000000,0,,否,,0.52,0.92,1.18,,-60.9091,-31.3388,
707803,精測凱基5A購02,2026-07-22,0.24,0.05,26.32,1000000,0,綠縮,否,,0.2,0.35,0.69,,-59.6838,-49.4302,-24.2042
707804,精測凱基5A購03,2026-07-22,0.22,0.03,15.79,162000000,0,綠縮,是,,0.35,0.43,0.64,,-30.315,-32.2327,-16.7864
707805,力領台新5A購01,2026-07-22,1.12,0.14,14.29,10000000,0,,否,,1.61,1.78,1.92,,-17.284,-13.0264,
707808,宏捷科台新5A購02,2026-07-22,0.4,0.04,11.11,170000000,0,,是,,0.6,0.93,,,-52.3126,-31.3056,
707809,宏捷科台新61購01,2026-07-22,0.59,0.06,11.32,206000000,0,,是,,0.57,0.78,,,-41.6667,,
707811,旺矽台新5A購02,2026-07-22,1.13,0.07,6.6,20000000,0,綠增,否,,1.6,1.87,1.94,,-25.2799,-10.767,1.2559
707812,信驊台新5A購01,2026-07-22,3.25,0.83,34.3,86000000,0,綠縮,是,,2.37,2.45,3.29,,-5.7937,-19.6124,-17.5764
707813,信驊台新5A購02,2026-07-22,2.24,0.7,45.45,151000000,0,綠縮,否,,1.51,1.62,2.36,,-13.6468,-23.3852,-16.9187
707815,璟德台新5A購01,2026-07-22,0.78,0.17,27.87,2000000,0,,否,,2.75,3.36,,,-30.711,-0.0893,
707816,力旺元大5A購04,2026-07-22,0.78,0.0,0.0,6000000,0,,否,,0.62,0.73,0.79,,-26.4916,-10.136,-14.3402
707817,力旺元大5A購05,2026-07-22,0.14,0.04,40.0,18000000,0,,否,,0.19,0.31,0.42,,-54.5024,-26.0241,
707818,力旺元大5B購01,2026-07-22,0.27,0.02,8.0,6000000,0,,否,,0.3,0.32,0.36,,-9.0909,-13.2231,
707819,均豪元大5A購03,2026-07-22,0.37,0.04,12.12,10000000,0,,否,,0.53,0.52,0.59,,5.9524,8.3507,
707820,旺矽元大5A購04,2026-07-22,1.2,-0.08,-6.25,19000000,0,綠縮,否,,1.2,1.41,1.53,,-25.8025,-12.7936,-3.6301
707822,旺矽元大61購02,2026-07-22,1.28,0.04,3.23,109000000,0,綠縮,否,,1.25,1.35,1.4,,-14.5205,-6.1677,-0.71
707828,信驊元大5A購02,2026-07-22,1.84,0.66,55.93,128000000,0,綠縮,是,,1.31,1.43,2.21,,-15.0259,-33.052,-16.1798
707829,信驊元大63購01,2026-07-22,4.46,0.18,4.21,12000000,0,紅增,否,,4.24,4.05,4.26,,9.7927,1.4279,-1.3789
707831,華景電元大5A購05,2026-07-22,0.41,0.14,51.85,20000000,0,,否,,0.46,0.67,0.87,,-48.0813,-30.4752,-10.9913
707834,精測元大5B購02,2026-07-22,0.46,0.09,24.32,10000000,0,,否,,0.77,0.93,,,-28.8603,-8.9932,
707835,精測元大63購04,2026-07-22,0.38,-0.26,-40.62,30000000,0,,是,,0.78,0.74,,,12.6801,9.0103,
707839,旺矽國泰5B購01,2026-07-22,1.45,-0.03,-2.03,2182000000,0,綠縮,是,,1.4,1.69,1.82,,-29.5775,-13.1727,-4.4264
707840,旺矽國泰5B購02,2026-07-22,1.35,0.21,18.42,4000000,0,綠縮,否,,1.29,1.54,1.59,,-27.9822,-10.6025,-1.2097
707843,旺矽統一64購02,2026-07-22,1.45,0.05,3.57,597000000,0,綠縮,否,,1.39,1.63,1.76,,-25.9338,-12.7807,-3.7819
707844,群聯統一64購01,2026-07-22,0.96,0.07,7.87,587000000,0,綠縮,是,,0.96,1.16,1.42,,-28.9086,-20.439,-9.5903
707845,精測統一64購03,2026-07-22,0.3,0.02,7.14,55000000,0,綠縮,否,,0.28,0.32,0.44,,-21.2291,-23.6277,-16.2111
707846,力旺富邦5C購01,2026-07-22,0.23,0.07,43.75,396000000,0,綠縮,否,,0.18,0.23,0.34,,-31.8519,-32.0359,-18.8902
707847,良維富邦62購01,2026-07-22,0.73,0.04,5.8,764000000,0,綠縮,是,,0.68,0.96,1.17,,-44.8387,-26.2835,-14.7166
707848,旺矽富邦64購02,2026-07-22,1.45,0.17,13.28,123000000,0,綠縮,否,,1.43,1.57,1.62,,-16.1404,-6.4842,-0.5532
707849,欣銓富邦5A購01,2026-07-22,0.91,0.17,22.97,11000000,0,綠縮,是,,0.85,1.0,1.04,,-26.7703,-8.3181,-4.8143
707850,欣銓富邦64購01,2026-07-22,0.89,0.14,18.67,37000000,0,綠縮,是,,0.83,0.98,0.99,,-25.4025,-7.1361,-2.3279
707852,信驊富邦61購01,2026-07-22,3.23,1.23,61.5,290000000,0,綠轉紅,否,,2.08,2.13,2.81,,-4.2279,-16.3722,-12.9506
707853,華電網富邦62購01,2026-07-22,0.13,0.02,18.18,30000000,0,,是,,0.14,0.21,,,-48.5714,-34.7692,
707854,順達富邦62購01,2026-07-22,0.88,0.14,18.92,1348000000,0,綠縮,是,,0.86,1.0,1.04,,-24.7803,-5.7656,-6.8719
707856,新盛力富邦61購01,2026-07-22,1.74,0.17,10.83,42000000,0,,是,,1.9,2.33,,,-30.7636,-3.604,
707857,群翊富邦5B購01,2026-07-22,0.19,0.0,0.0,2000000,0,紅轉綠,否,,0.23,0.27,0.29,,-29.8137,-12.4601,-14.0508
707858,群聯富邦5C購01,2026-07-22,0.93,0.08,9.41,293000000,0,綠縮,否,,0.91,1.11,1.4,,-30.3817,-23.0076,-10.639
707859,群聯富邦61購01,2026-07-22,1.16,0.12,11.54,1932000000,0,綠縮,否,,1.1,1.39,1.78,,-33.8922,-24.6605,-11.7851
707860,精測富邦61購01,2026-07-22,0.24,0.05,26.32,200000000,0,綠縮,是,,0.24,0.31,0.44,,-35.7895,-30.0448,-13.2483
707861,M31凱基5A購02,2026-07-22,0.22,0.01,4.76,120000000,0,,否,,0.24,0.39,0.8,,-55.3903,-40.1538,
707864,良維凱基5B購03,2026-07-22,0.46,0.04,9.52,5000000,0,,否,,0.73,1.06,1.46,,-46.8116,-27.4537,
707865,家登凱基5A購02,2026-07-22,1.15,0.35,43.75,3000000,0,,否,,0.98,1.27,,,-37.7551,-23.4657,
707867,新盛力凱基5A購03,2026-07-22,3.38,0.3,9.74,40000000,0,,否,,3.74,4.79,,,-36.0027,-14.9752,
707868,聖暉*凱基5A購02,2026-07-22,3.39,0.48,16.49,3000000,0,,否,,3.77,4.1,3.43,,-15.0654,8.8977,
707872,M31元大5A購02,2026-07-22,0.69,0.05,7.81,152000000,0,綠縮,否,,0.65,0.91,1.09,,-43.6207,-27.09,-23.4533
707873,M31元大61購01,2026-07-22,0.41,0.02,5.13,13000000,0,,否,,0.37,0.55,0.65,,-49.8638,-14.3079,
707874,M31元大63購01,2026-07-22,0.41,0.06,17.14,7000000,0,綠縮,否,,0.42,0.5,0.54,,-27.0833,-14.433,-14.7502
707876,千附元大5A購01,2026-07-22,1.25,-0.03,-2.34,157000000,0,紅縮,否,,1.35,1.04,0.74,,86.7036,74.5363,44.0465
707878,台嘉碩元大5A購02,2026-07-22,0.52,-0.03,-5.45,125000000,0,綠增,否,,0.65,0.95,1.12,,-47.9936,-23.629,-15.5497
707879,立敦元大5A購01,2026-07-22,2.1,0.25,13.51,10000000,0,綠增,否,,2.79,3.72,3.75,,-40.0,-15.6654,-2.1646
707882,宏觀元大5C購01,2026-07-22,0.3,0.02,7.14,300000000,0,,是,,0.37,0.45,0.69,,-29.2776,-24.9164,
707883,欣銓元大5A購03,2026-07-22,1.43,0.09,6.72,1000000,0,,否,,1.61,1.95,1.94,,-29.2105,-9.1036,-6.7437
707884,家登元大61購01,2026-07-22,1.98,0.16,8.79,2000000,0,,否,,2.09,2.29,,,-16.1446,,
707886,鈺太元大5A購01,2026-07-22,0.62,0.18,40.91,400000000,0,,是,,1.02,1.23,,,-29.4036,-14.2857,
707891,欣銓群益5A購01,2026-07-22,1.88,0.23,13.94,25000000,0,,否,,2.28,2.5,2.43,,-16.0911,-1.9969,-4.4436
707894,M31富邦5C購01,2026-07-22,0.27,0.01,3.85,21000000,0,,否,,0.26,0.32,0.48,,-32.6425,-29.7826,
707895,元太富邦61購01,2026-07-22,1.5,-0.04,-2.6,452000000,0,綠轉紅,否,,1.37,1.49,1.6,,-15.2228,-12.6901,-4.2763
707896,台星科富邦61購01,2026-07-22,0.48,0.06,14.29,582000000,0,,是,,0.44,0.57,0.63,,-37.5358,-16.6176,
707897,均豪富邦62購01,2026-07-22,0.26,0.04,18.18,31000000,0,綠縮,否,,0.27,0.34,0.37,,-34.3137,-19.9052,-3.9113
707898,宏捷科富邦5C購03,2026-07-22,0.34,0.08,30.77,48000000,0,,否,,0.31,0.43,,,-45.3571,-37.9656,
707899,宏捷科富邦61購02,2026-07-22,0.17,0.05,41.67,13000000,0,綠縮,否,,0.15,0.26,0.43,,-59.4595,-48.7179,-24.3668
707900,華景電富邦61購01,2026-07-22,0.2,0.0,0.0,85000000,0,綠縮,是,,0.22,0.29,0.36,,-39.6648,-26.4103,-14.6572
707901,鈊象富邦61購01,2026-07-22,0.55,0.0,0.0,671000000,0,,是,,0.63,0.72,,,-21.8905,-18.7287,
707902,萬泰科富邦62購01,2026-07-22,0.89,0.1,12.66,15000000,0,綠縮,否,,0.84,1.06,1.14,,-35.1938,-15.5679,-8.1954
707903,欣銓群益5A購02,2026-07-22,0.84,0.12,16.67,208000000,0,綠縮,否,,0.84,1.09,1.19,,-37.7976,-15.6347,-8.8337
707909,尼克森元大5A購01,2026-07-22,2.78,-0.02,-0.71,21000000,0,,是,,4.06,4.43,3.89,,-15.3461,0.3172,4.7016
707912,均華元大5A購01,2026-07-22,0.19,0.03,18.75,18000000,0,紅增,否,,0.16,0.18,0.23,,-26.4151,-15.2074,-16.4835
707914,均豪元大5A購04,2026-07-22,0.51,0.07,15.91,827000000,0,綠縮,是,,0.55,0.66,0.64,,-28.8312,-7.0522,-6.1863
707919,家登元大5A購04,2026-07-22,1.12,0.29,34.94,5000000,0,,否,,1.42,1.47,,,-5.9603,,
707920,華景電元大5A購06,2026-07-22,0.41,0.04,10.81,54000000,0,,否,,0.48,0.76,0.86,,-53.5783,-25.4921,
707921,華景電元大63購01,2026-07-22,0.32,0.02,6.67,1000000,0,,否,,0.34,0.41,,,-29.0456,-13.6268,
707924,久元凱基5A購01,2026-07-22,0.35,0.01,2.94,1000000,0,,否,,0.43,0.57,0.81,,-39.8305,-33.5287,-33.0858
707932,世禾富邦5C購02,2026-07-22,0.3,0.02,7.14,5000000,0,,否,,0.32,0.36,0.4,,-16.4948,-10.7769,
707933,均華富邦61購01,2026-07-22,0.21,0.03,16.67,138000000,0,綠轉紅,否,,0.2,0.24,0.31,,-28.5714,-25.9259,-12.2126
707934,沛亨富邦5B購01,2026-07-22,0.23,0.02,9.52,10000000,0,,否,,0.32,0.52,0.71,,-56.4384,-37.5447,-25.4175
707935,欣銓富邦5B購01,2026-07-22,0.51,0.07,15.91,178000000,0,綠縮,否,,0.47,0.58,0.62,,-32.3699,-13.6905,-6.7214
707936,中美晶兆豐64購01,2026-07-22,5.25,1.02,24.11,1000000,0,紅縮,否,,5.35,4.6,3.66,,39.0649,40.1767,31.0129
707937,順達兆豐5C購02,2026-07-22,0.52,0.06,13.04,289000000,0,,否,,0.52,0.64,0.67,,-30.3191,-8.2014,-13.9654
707938,世界群益5A購03,2026-07-22,2.32,0.84,56.76,10000000,0,綠縮,否,,2.21,2.54,3.35,,-22.8731,-33.56,-0.5049
707940,良維群益5A購01,2026-07-22,0.43,0.09,26.47,10000000,0,綠縮,否,,0.4,0.81,1.2,,-67.6423,-41.8986,-21.9085
707941,原相群益5A購01,2026-07-22,0.54,0.12,28.57,42000000,0,綠縮,否,,0.46,0.8,1.05,,-59.0106,-36.16,-18.7112
707949,千附凱基5A購01,2026-07-22,0.88,-1.08,-55.1,82000000,0,紅縮,否,,1.3,0.99,0.66,,94.0476,92.5926,58.5629
707952,艾訊凱基5B購01,2026-07-22,2.28,0.55,31.79,20000000,0,,是,,2.03,1.96,,,7.6433,1.3472,
707954,沛亨凱基5A購02,2026-07-22,0.12,0.02,20.0,121000000,0,綠縮,是,,0.13,0.28,0.57,,-68.8372,-55.8685,-23.1806
707957,新盛力凱基5B購01,2026-07-22,2.02,0.26,14.77,10000000,0,,否,,1.85,2.66,3.01,,-46.5935,-17.2532,-5.6704
707963,家登富邦61購01,2026-07-22,0.75,-0.09,-10.71,922000000,0,綠縮,否,,0.71,0.77,0.87,,-14.6988,-12.5142,-8.6316
707964,富喬富邦61購01,2026-07-22,0.15,0.01,7.14,60000000,0,綠縮,否,,0.16,0.22,0.29,,-41.3043,-31.5625,-11.4022
707965,聖暉*富邦5C購01,2026-07-22,2.0,0.25,14.29,115000000,0,綠縮,否,,1.81,2.2,2.06,,-30.4615,-10.6969,7.7003
707971,巨有元大5A購01,2026-07-22,0.48,0.08,20.0,1000000,0,綠縮,否,,0.49,0.99,1.23,,-67.0256,-36.5854,-19.5417
707972,富喬元大5C購02,2026-07-22,0.16,0.0,0.0,21000000,0,綠縮,否,,0.18,0.23,0.31,,-39.3103,-32.07,-12.1678
707974,環球晶元大5A購01,2026-07-22,4.77,0.27,6.0,4000000,0,紅轉綠,否,,5.45,5.53,4.45,,-2.5723,24.2356,19.7953
707978,富喬國票5B購02,2026-07-22,0.19,0.01,5.56,5000000,0,,否,,0.26,0.37,0.46,,-46.888,-22.3158,
707981,新盛力國票5A購02,2026-07-22,1.5,0.17,12.78,565000000,0,綠縮,是,,1.35,1.96,2.28,,-47.8699,-21.8775,-13.4524
707983,良維凱基5A購04,2026-07-22,0.38,0.03,8.57,5000000,0,,否,,0.57,0.9,1.22,,-54.1935,-30.781,-22.9581
707989,系統電國泰5B購01,2026-07-22,0.79,0.04,5.33,23000000,0,綠縮,否,,0.8,1.1,1.31,,-42.219,-19.8389,-16.2783
707991,群聯國泰5B購01,2026-07-22,1.6,0.13,8.84,62000000,0,綠縮,是,,1.6,1.98,2.48,,-32.3455,-22.8371,-10.5349
707992,群聯國泰5B購02,2026-07-22,1.36,0.17,14.29,11000000,0,綠縮,否,,1.32,1.69,2.15,,-35.6378,-26.5768,-10.6957
707997,新盛力永豐61購01,2026-07-22,1.46,0.17,13.18,62000000,0,,否,,1.35,1.74,2.04,,-36.8322,-22.8964,-6.2945
707998,群聯永豐5C購01,2026-07-22,0.95,0.11,13.1,1278000000,0,綠縮,是,,0.9,1.11,1.39,,-31.6667,-22.6323,-12.5237
707999,聖暉*永豐5C購02,2026-07-22,1.07,0.12,12.63,4000000,0,,否,,1.21,1.32,1.13,,-14.6479,6.9919,
708001,雙鴻永豐5C購04,2026-07-22,0.45,0.02,4.65,14000000,0,,否,,0.54,0.61,0.73,,-21.5116,-19.3167,-16.0394
708004,兆利國票5B購01,2026-07-22,0.15,0.01,7.14,12000000,0,,否,,0.24,0.29,,,-28.8235,-26.8844,
708006,良維國票5B購01,2026-07-22,0.33,0.04,13.79,200000000,0,,是,,0.61,0.71,0.95,,-25.0,-21.0937,
708007,凌陽創國票5B購01,2026-07-22,0.4,0.03,8.11,10000000,0,,否,,0.49,0.62,0.67,,-34.8525,-12.7479,
708008,群聯國票5B購03,2026-07-22,1.06,0.13,13.98,298000000,0,綠縮,否,,1.01,1.34,1.81,,-39.7375,-28.2585,-12.8768
708009,聖暉*國票5B購01,2026-07-22,1.73,0.22,14.57,30000000,0,綠縮,否,,1.59,1.89,1.97,,-27.2894,-12.9271,1.207
708011,矽科台新5A購01,2026-07-22,0.82,0.13,18.84,186000000,0,,是,,0.84,1.07,,,-35.0309,,
708014,崴寶台新5A購01,2026-07-22,0.28,-0.01,-3.45,60000000,0,,否,,0.39,0.45,0.61,,-24.0157,-30.2652,
708015,群聯台新5A購01,2026-07-22,8.4,0.55,7.01,1000000,0,,否,,7.81,8.65,9.05,,-17.616,-3.7305,
708016,群聯台新5A購02,2026-07-22,2.98,0.61,25.74,32000000,0,綠縮,否,,3.21,4.13,5.51,,-36.4356,-29.0987,-10.837
708017,群聯台新5A購03,2026-07-22,2.17,0.27,14.21,98000000,0,綠縮,否,,2.04,2.7,3.76,,-39.3452,-29.5668,-13.786
708019,良維凱基5B購04,2026-07-22,0.2,-0.19,-48.72,80000000,0,,否,,0.56,0.62,0.77,,-17.6471,-10.6628,
708022,精材凱基5C購01,2026-07-22,6.9,1.3,23.21,6000000,0,,否,,5.45,4.48,,,55.6254,40.1378,
708023,譜瑞凱基5A購01,2026-07-22,0.24,0.0,0.0,1137000000,0,紅縮,是,,0.34,0.42,0.56,,-31.1741,-21.4689,-31.8955
708025,大綜國票5A購01,2026-07-22,1.1,-0.15,-12.0,161000000,0,綠縮,是,,1.18,1.25,2.15,,-11.1614,-25.1644,-24.5386
708027,良維國票5B購02,2026-07-22,0.34,0.02,6.25,205000000,0,綠增,是,,0.44,0.61,0.7,,-44.3038,-23.221,-17.6643
708031,群聯國票5B購04,2026-07-22,1.27,0.2,18.69,178000000,0,,否,,1.16,1.66,2.15,,-46.2535,-26.7519,
708033,譜瑞國票5B購01,2026-07-22,0.52,0.1,23.81,240000000,0,紅增,否,,0.49,0.61,0.72,,-32.6975,-14.4847,-16.5323
708040,良維元大5A購04,2026-07-22,0.31,0.02,6.9,55000000,0,綠縮,否,,0.29,0.51,0.7,,-58.9385,-35.3393,-19.6347
708041,良維元大63購01,2026-07-22,0.46,0.03,6.98,115000000,0,綠縮,否,,0.44,0.6,0.73,,-42.2572,-24.781,-16.0939
708042,新盛力元大5A購04,2026-07-22,1.33,0.23,20.91,9000000,0,綠縮,否,,1.21,1.82,2.05,,-50.2467,-18.5599,-13.7102
708043,良維富邦61購01,2026-07-22,0.29,0.02,7.41,995000000,0,綠縮,是,,0.28,0.44,0.53,,-54.6053,-27.541,-16.9678
708044,新盛力富邦61購02,2026-07-22,0.99,0.08,8.79,754000000,0,綠縮,是,,0.93,1.25,1.39,,-40.9898,-17.2391,-11.5873
708050,中美晶台新5B購02,2026-07-22,6.05,1.79,42.02,1000000,0,紅增,否,,5.31,4.14,3.01,,79.0964,70.7508,43.3818
708055,群聯元大5A購03,2026-07-22,1.14,0.19,20.0,40000000,0,綠縮,否,,0.95,1.34,1.86,,-44.7154,-36.4544,-18.1658
708057,環球晶元大5A購03,2026-07-22,6.2,0.5,8.77,1000000,0,綠增,否,,7.34,6.87,7.37,,14.6875,-7.0365,8.2709
708059,世界凱基5A購03,2026-07-22,1.5,0.37,32.74,51000000,0,,是,,1.7,2.21,1.92,,-37.7109,0.1812,
708060,系統電凱基5A購03,2026-07-22,0.31,0.03,10.71,1000000,0,,否,,0.5,0.66,1.05,,-38.1773,-34.4965,
708061,欣銓凱基5A購03,2026-07-22,0.8,0.04,5.26,135000000,0,綠縮,否,,0.78,0.98,1.03,,-34.3434,-12.6886,-6.2642
708063,群聯凱基5B購02,2026-07-22,0.61,0.15,32.61,80000000,0,綠縮,否,,0.57,1.02,1.36,,-61.3297,-30.334,-17.1542
708064,群聯兆豐64購01,2026-07-22,1.75,0.11,6.71,181000000,0,綠縮,否,,1.69,2.0,2.41,,-27.2649,-19.5661,-8.8524
708065,中美晶群益5C購01,2026-07-22,3.58,0.53,17.38,26000000,0,紅縮,否,,3.89,3.42,2.67,,32.0217,38.6861,35.2807
708066,群聯群益5B購02,2026-07-22,0.81,0.1,14.08,363000000,0,綠縮,否,,0.76,0.99,1.33,,-37.0675,-27.7047,-12.8979
708067,群聯群益5C購01,2026-07-22,1.27,0.11,9.48,2064000000,0,綠縮,是,,1.24,1.57,2.06,,-34.9106,-25.3802,-11.766
708068,精材群益5A購05,2026-07-22,5.65,1.48,35.49,12000000,0,紅增,否,,4.48,3.58,2.59,,67.9401,50.992,37.0665
708069,精材群益5A購06,2026-07-22,6.35,1.4,28.28,159000000,0,紅增,否,,5.38,4.5,3.47,,48.7832,44.2591,36.0376
708070,雙鴻群益5B購07,2026-07-22,0.18,-0.01,-5.26,1248000000,0,,是,,0.18,0.26,0.4,,-45.5621,-33.0769,-20.2985
708072,久元國票5B購01,2026-07-22,0.61,0.03,5.17,5000000,0,紅增,否,,0.6,0.71,0.87,,-26.0442,-18.527,-13.9695
708073,中美晶國票5B購01,2026-07-22,3.13,0.63,25.2,126000000,0,紅縮,否,,3.45,3.05,2.35,,29.4515,41.2581,35.9687
708076,群聯國票5B購05,2026-07-22,1.4,0.19,15.7,992000000,0,綠縮,是,,1.32,1.78,2.41,,-40.681,-29.4724,-13.2855
708077,精材國票5B購01,2026-07-22,4.07,0.81,24.85,21000000,0,紅增,否,,3.31,2.85,2.22,,39.3608,37.7541,36.933
708083,家登富邦5C購02,2026-07-22,1.02,0.16,18.6,233000000,0,綠縮,否,,0.92,1.02,1.14,,-17.0557,-12.6821,-6.6038
708084,群聯富邦5C購02,2026-07-22,0.98,0.08,8.89,731000000,0,,是,,0.94,1.31,,,-43.8095,-21.2957,
708085,群聯富邦61購02,2026-07-22,0.9,0.1,12.5,1718000000,0,綠縮,是,,0.85,1.03,1.3,,-28.9517,-24.5228,-9.9482
708086,譜瑞富邦5C購03,2026-07-22,0.55,0.04,7.84,8000000,0,,否,,0.57,0.73,1.13,,-35.7466,-26.9618,
708088,群聯永豐5C購02,2026-07-22,0.67,0.08,13.56,253000000,0,綠縮,否,,0.63,0.79,1.0,,-33.2627,-23.8878,-11.0667
708089,群聯永豐64購02,2026-07-22,1.02,0.13,14.61,342000000,0,綠縮,否,,0.94,1.12,1.36,,-27.735,-20.0858,-9.2914
708090,精材永豐5B購02,2026-07-22,4.27,0.85,24.85,33000000,0,紅增,否,,3.4,2.79,2.09,,55.912,41.7979,37.6936
708091,中美晶凱基61購02,2026-07-22,4.61,0.91,24.59,1000000,0,,否,,4.54,3.54,,,78.3975,53.686,
708092,矽科凱基5B購01,2026-07-22,0.4,0.08,25.0,61000000,0,,是,,0.35,0.44,,,-33.4586,-26.534,
708093,群聯凱基61購01,2026-07-22,0.67,0.13,24.07,48000000,0,綠縮,是,,0.61,0.87,1.14,,-46.6549,-34.5113,-19.8666
708094,精材凱基5B購02,2026-07-22,4.74,1.06,28.8,2000000,0,,否,,3.83,3.18,2.4,,52.1429,44.9361,32.8729
708096,譜瑞凱基5B購01,2026-07-22,0.49,0.12,32.43,206000000,0,,是,,0.48,0.65,1.09,,-41.2776,-32.2141,
708097,久元國票5C購01,2026-07-22,0.42,0.02,5.0,600000000,0,綠縮,否,,0.48,0.54,0.69,,-22.4756,-22.2539,-25.041
708098,台星科國票5C購01,2026-07-22,0.73,0.1,15.87,2000000,0,,否,,1.15,,,,,,
708100,亞信國票5C購01,2026-07-22,0.55,0.12,27.91,14000000,0,綠縮,否,,0.46,0.51,0.57,,-19.6491,-16.2866,-8.744
708101,佳邦國票5C購01,2026-07-22,0.7,0.04,6.06,315000000,0,綠縮,是,,0.7,0.99,1.21,,-45.3689,-25.4353,-14.3821
708102,金山電國票5C購01,2026-07-22,6.6,1.3,24.53,5000000,0,,是,,10.04,9.25,,,18.8166,,
708103,原相國票5B購01,2026-07-22,0.77,0.15,24.19,154000000,0,,否,,0.6,0.95,1.08,,-53.4056,-28.636,-11.0792
708104,原相國票5C購01,2026-07-22,0.66,0.11,20.0,21000000,0,綠縮,否,,0.53,0.79,0.98,,-48.5549,-29.1892,-11.413
708105,家登國票5B購01,2026-07-22,0.83,0.17,25.76,540000000,0,,是,,0.74,0.95,1.05,,-35.1916,-17.0903,
708106,新潤國票5C購01,2026-07-22,0.53,-0.04,-7.02,43000000,0,綠增,否,,0.54,0.58,0.59,,-13.1833,-2.8428,-2.6622
708107,群聯國票61購01,2026-07-22,0.83,0.15,22.06,110000000,0,綠縮,否,,0.75,0.95,1.26,,-35.4059,-28.6677,-12.1476
708108,精華國票5C購01,2026-07-22,0.28,-0.01,-3.45,21000000,0,綠縮,否,,0.29,0.32,0.34,,-17.0455,-10.3064,-6.267
708109,磐儀國票5C購01,2026-07-22,0.56,0.17,43.59,256000000,0,,否,,0.42,0.5,0.51,,-26.4808,-13.8408,
708111,矽科台新5B購01,2026-07-22,0.68,0.11,19.3,141000000,0,,是,,0.93,1.05,,,-21.2224,,
708112,家登台新5B購01,2026-07-22,1.76,0.31,21.38,40000000,0,,否,,1.8,1.96,2.04,,-15.7598,-9.8255,
708115,勤凱台新5B購01,2026-07-22,1.45,0.19,15.08,2000000,0,,否,,1.45,2.44,,,-57.5846,-51.1702,
708116,群聯台新5B購01,2026-07-22,1.28,0.33,34.74,1000000,0,綠縮,否,,1.14,1.43,1.84,,-33.1776,-27.2912,-12.2323
708117,群聯台新5B購02,2026-07-22,0.69,0.12,21.05,222000000,0,綠縮,否,,0.65,0.93,1.37,,-45.9504,-33.8068,-16.1765
708118,世界群益5B購05,2026-07-22,3.4,0.78,29.77,127000000,0,綠縮,否,,3.22,3.65,4.51,,-21.2537,-30.237,-0.6723
708119,欣銓群益5B購01,2026-07-22,2.92,0.32,12.31,147000000,0,綠縮,是,,2.83,3.46,3.66,,-30.9907,-11.7032,-5.9066
708120,家登群益5B購01,2026-07-22,0.96,0.25,35.21,1000000,0,綠縮,否,,0.82,0.95,1.12,,-23.1776,-19.8984,-7.4196
708121,家登群益61購01,2026-07-22,0.82,0.18,28.13,61000000,0,綠縮,是,,0.73,0.82,0.94,,-18.8053,-16.0861,-7.5832
708122,世界永豐65購01,2026-07-22,0.99,0.21,26.92,94000000,0,綠縮,否,,0.93,1.08,1.2,,-24.2671,-22.4299,1.6525
708124,高鋒永豐5C購01,2026-07-22,0.32,0.02,6.67,5000000,0,,否,,0.42,0.48,0.61,,-21.1896,-14.7163,
708125,群聯永豐65購01,2026-07-22,0.96,0.11,12.94,303000000,0,綠縮,否,,0.9,1.06,1.29,,-26.9168,-20.1655,-9.2508
708126,群聯中信62購01,2026-07-22,0.62,0.08,14.81,334000000,0,綠縮,是,,0.58,0.72,0.93,,-32.5581,-24.2105,-12.3702
708128,東捷國泰61購01,2026-07-22,3.29,0.19,6.13,44000000,0,,是,,,,,,,,
708129,欣銓國泰5C購01,2026-07-22,1.64,0.2,13.89,192000000,0,綠縮,是,,1.56,1.85,1.94,,-26.9411,-10.9721,-3.8739
708131,中美晶富邦61購01,2026-07-22,3.09,0.52,20.23,41000000,0,,否,,3.13,2.88,2.21,,19.102,26.0508,
708134,中美晶元大5B購03,2026-07-22,3.37,0.68,25.28,10000000,0,,否,,3.53,2.99,2.19,,44.1993,46.4478,30.9346
708136,世界元大5B購03,2026-07-22,1.82,0.44,31.88,25000000,0,綠縮,否,,1.87,2.03,2.23,,-15.0136,-23.4851,3.1178
708139,群聯元大5B購02,2026-07-22,2.39,0.49,25.79,1000000,0,,否,,1.88,2.03,2.24,,-13.6949,-11.291,-10.7214
708140,群聯元大64購01,2026-07-22,1.0,0.14,16.28,1000000,0,綠縮,否,,1.0,1.19,1.45,,-27.2859,-20.2413,-10.0435
708141,精材元大5B購03,2026-07-22,6.75,1.05,18.42,20000000,0,,是,,4.28,3.25,,,92.363,,
708142,精材元大5B購04,2026-07-22,5.9,0.35,6.31,1000000,0,,否,,5.04,4.37,3.37,,36.6938,28.9722,
708146,世界凱基5B購01,2026-07-22,1.24,0.33,36.26,13000000,0,綠增,否,,1.42,1.66,1.92,,-25.4984,-26.9332,2.5087
708148,欣銓凱基61購01,2026-07-22,1.11,0.19,20.65,98000000,0,綠縮,是,,1.07,1.32,1.34,,-31.8008,-10.8328,-7.0981
708149,原相凱基5B購02,2026-07-22,0.86,0.23,36.51,1000000,0,,否,,0.69,0.99,1.15,,-46.5944,-26.4837,
708150,家登凱基5B購01,2026-07-22,0.66,0.14,26.92,304000000,0,綠縮,是,,0.59,0.71,0.85,,-28.6058,-25.3403,-11.6303
708152,群聯凱基63購01,2026-07-22,0.72,0.11,18.03,182000000,0,綠縮,否,,0.67,0.83,1.09,,-33.3333,-28.3262,-11.5602
708157,鉅橡台新5B購01,2026-07-22,0.46,-0.01,-2.13,20000000,0,,否,,0.7,0.99,,,-45.0704,-28.5199,
708158,華景電國泰5C購01,2026-07-22,0.79,0.05,6.76,51000000,0,綠縮,否,,0.8,1.05,1.35,,-38.1762,-27.6934,-14.9765
708159,世界富邦5B購01,2026-07-22,0.83,0.24,40.68,77000000,0,綠縮,否,,0.78,0.87,1.11,,-19.2547,-32.3256,1.3661
708160,系微富邦63購01,2026-07-22,0.35,0.01,2.94,23000000,0,,否,,0.4,0.59,0.68,,-49.1049,-17.4825,
708161,茂迪富邦63購02,2026-07-22,0.67,0.05,8.06,20000000,0,,否,,0.66,0.7,0.81,,-12.766,-16.2901,-9.7479
708162,原相富邦5B購01,2026-07-22,0.47,0.07,17.5,1995000000,0,綠縮,是,,0.39,0.56,0.7,,-47.1233,-29.7229,-10.5837
708163,萬泰科富邦5B購02,2026-07-22,0.43,0.05,13.16,20000000,0,綠增,否,,0.53,0.66,0.71,,-34.1646,-15.1786,-7.5262
708164,群聯富邦62購01,2026-07-22,0.7,0.06,9.38,1015000000,0,綠縮,否,,0.68,0.85,1.08,,-32.8063,-24.2614,-11.3618
708165,群聯富邦62購02,2026-07-22,0.56,0.07,14.29,922000000,0,綠縮,否,,0.53,0.68,0.89,,-35.5231,-26.2814,-12.5492
708167,東捷永豐64購02,2026-07-22,1.4,0.06,4.48,823000000,0,綠縮,否,,1.45,1.68,2.07,,-23.7945,-21.0427,-9.4236
708168,東捷永豐67購01,2026-07-22,1.48,0.05,3.5,122000000,0,綠縮,否,,1.52,1.71,1.99,,-20.5236,-15.3162,-6.9539
708170,璟德永豐61購01,2026-07-22,0.32,0.04,14.29,20000000,0,綠縮,否,,0.35,0.49,0.88,,-43.2258,-44.4571,-16.2802
708171,家登中信5B購01,2026-07-22,0.65,0.15,30.0,5000000,0,綠縮,否,,0.5,0.55,0.64,,-15.4362,-15.6442,-8.859
708172,譜瑞中信5B購01,2026-07-22,0.5,0.07,16.28,60000000,0,紅增,否,,0.49,0.6,0.68,,-29.9145,-13.1004,-13.4347
708173,欣銓兆豐61購01,2026-07-22,0.95,0.07,7.95,1000000,0,綠縮,否,,0.96,1.19,1.18,,-32.3904,-6.9128,-2.441
708174,凡甲國票5C購01,2026-07-22,0.57,0.01,1.79,75000000,0,,是,,0.68,0.78,,,-21.6092,-33.8448,
708176,東捷國票5C購01,2026-07-22,1.65,0.13,8.55,127000000,0,綠縮,否,,1.72,2.07,2.65,,-29.1838,-22.6288,-10.2612
708179,群聯國票66購01,2026-07-22,0.86,0.12,16.22,212000000,0,綠縮,否,,0.76,0.93,1.15,,-31.1475,-22.621,-10.3341
708180,東捷群益5B購02,2026-07-22,1.03,0.21,25.61,5000000,0,綠縮,否,,0.99,1.17,1.7,,-26.8148,-30.9917,-14.787
708181,東捷群益5B購03,2026-07-22,1.38,0.1,7.81,394000000,0,綠縮,否,,1.48,1.87,2.56,,-34.2781,-29.0212,-12.0598
708182,華景電群益5B購01,2026-07-22,0.4,0.02,5.26,10000000,0,綠縮,否,,0.44,0.71,0.99,,-55.8704,-35.2138,-19.1837
708183,群聯群益61購03,2026-07-22,0.61,0.1,19.61,205000000,0,綠縮,否,,0.56,0.69,0.9,,-33.012,-24.7557,-11.7126
708186,東捷元大5B購01,2026-07-22,2.16,0.18,9.09,15000000,0,,否,,2.77,3.4,4.15,,-31.3677,-23.4765,
708187,東捷元大5B購02,2026-07-22,3.33,0.99,42.31,20000000,0,,是,,3.52,4.2,,,-27.8984,-13.2383,
708190,家登元大5B購02,2026-07-22,1.35,0.38,39.18,2000000,0,,否,,1.36,1.55,1.64,,-21.7742,-11.0408,-10.2522
708191,順達元大64購03,2026-07-22,1.52,0.26,20.63,20000000,0,,是,,1.52,1.69,,,-18.3673,-10.5764,
708193,群翊元大5B購01,2026-07-22,0.56,0.02,3.7,60000000,0,綠縮,否,,0.62,0.72,0.8,,-23.6453,-15.9624,-10.8647
708194,群聯元大5B購03,2026-07-22,0.68,0.05,7.94,21000000,0,綠縮,否,,0.64,0.92,1.19,,-45.6998,-26.9169,-13.2631
708195,群聯元大64購02,2026-07-22,0.84,0.1,13.51,12000000,0,綠增,否,,1.25,1.56,1.69,,-33.1906,-16.9067,-9.9121
708196,鈺太元大5B購01,2026-07-22,0.72,0.13,22.03,172000000,0,,是,,0.96,1.45,,,-50.7216,,
708197,精材元大5B購07,2026-07-22,7.75,1.35,21.09,20000000,0,,是,,5.12,4.19,,,56.9939,,
708198,精材元大61購06,2026-07-22,6.3,1.0,18.87,4000000,0,,否,,5.32,4.55,3.62,,40.412,29.2164,28.1388
708201,凡甲凱基5B購01,2026-07-22,0.43,0.02,4.88,50000000,0,綠縮,否,,0.4,0.55,0.66,,-42.8161,-20.0292,-28.3931
708207,順達凱基63購01,2026-07-22,1.38,0.19,15.97,175000000,0,,否,,1.39,1.65,1.65,,-27.1204,-4.2899,-7.1028
708209,群聯凱基64購01,2026-07-22,0.7,0.09,14.75,519000000,0,,是,,0.65,0.96,1.17,,-49.0596,-26.7123,-20.1508
708211,穩得凱基5B購01,2026-07-22,0.23,0.0,0.0,4000000,0,,否,,0.31,0.48,0.66,,-52.3077,-33.8843,-21.2321
708213,台特化台新5B購01,2026-07-22,0.6,0.04,7.14,4000000,0,綠縮,否,,0.69,0.91,1.09,,-38.5027,-21.2858,-17.2558
708217,欣銓台新5B購02,2026-07-22,1.75,0.18,11.46,219000000,0,綠縮,否,,1.67,2.1,2.28,,-33.9384,-14.6104,-7.5926
708218,湧德台新5B購01,2026-07-22,0.58,0.02,3.57,20000000,0,,否,,0.71,0.88,1.06,,-32.6336,-13.5108,
708220,鈊象台新5B購01,2026-07-22,1.74,0.04,2.35,7000000,0,,否,,1.77,2.05,2.15,,-23.7522,-12.103,
708225,璟德中信5B購01,2026-07-22,0.14,0.02,16.67,40000000,0,綠縮,否,,0.15,0.23,0.54,,-52.5974,-52.7083,-20.1774
708228,凡甲富邦61購01,2026-07-22,0.54,0.01,1.89,130000000,0,綠縮,是,,0.51,0.61,0.69,,-28.7709,-11.0305,-18.6129
708229,中光電富邦62購01,2026-07-22,2.09,-0.44,-17.39,30000000,0,綠增,否,,2.48,2.75,2.3,,-17.9351,5.0,13.6577
708231,捷創富邦62購01,2026-07-22,0.58,0.03,5.45,95000000,0,綠縮,是,,0.58,0.63,0.68,,-16.5217,-9.7004,-13.9224
708232,世界永豐5C購01,2026-07-22,1.26,0.24,23.53,467000000,0,綠增,是,,1.4,1.61,1.67,,-23.2202,-18.4848,1.827
708233,家登永豐61購01,2026-07-22,0.6,0.16,36.36,82000000,0,綠縮,否,,0.52,0.59,0.7,,-20.9726,-17.8522,-8.2353
708234,家碩永豐5B購01,2026-07-22,0.17,0.03,21.43,180000000,0,,是,,0.2,0.25,,,-36.129,-32.626,
708235,群聯永豐65購02,2026-07-22,0.61,0.05,8.93,749000000,0,綠縮,否,,0.59,0.69,0.83,,-25.4453,-19.8598,-9.1109
708238,艾訊國票63購01,2026-07-22,1.51,0.21,16.15,116000000,0,綠轉紅,是,,1.24,1.32,1.35,,-11.4613,-4.6377,-4.0795
708240,晶宏國票5C購01,2026-07-22,1.19,0.09,8.18,107000000,0,綠縮,否,,1.19,1.52,1.73,,-35.8225,-21.3174,-8.7715
708241,翔名國票5C購01,2026-07-22,1.55,0.24,18.32,376000000,0,綠縮,否,,1.59,1.83,1.87,,-23.1884,-8.7282,1.5722
708242,聰泰國票5C購01,2026-07-22,0.48,0.07,17.07,1000000,0,綠縮,否,,0.53,0.63,0.76,,-27.7473,-21.7228,-16.9315
708243,寶雅國票5C購01,2026-07-22,1.18,-0.02,-1.67,150000000,0,綠增,否,,1.2,1.46,1.39,,-31.0265,-5.0551,-0.2508
708245,方土昶群益5B購01,2026-07-22,1.55,0.16,11.51,80000000,0,,是,,1.81,2.31,2.59,,-35.6379,-16.6606,
708246,世界群益5B購06,2026-07-22,2.89,0.93,47.45,14000000,0,綠縮,否,,2.78,3.15,3.9,,-20.7859,-29.4236,-0.5222
708248,家登群益5B購02,2026-07-22,0.66,0.2,43.48,110000000,0,綠縮,否,,0.57,0.77,0.94,,-42.1268,-28.0522,-17.2383
708249,陽程群益5B購01,2026-07-22,1.62,0.16,10.96,407000000,0,綠增,是,,1.87,2.17,2.32,,-24.7581,-10.4287,-10.3848
708250,群聯群益5B購03,2026-07-22,0.5,0.07,16.28,1504000000,0,綠縮,否,,0.48,0.67,0.95,,-44.1589,-32.2154,-15.4085
708252,凡甲元大5B購01,2026-07-22,0.44,0.03,7.32,345000000,0,紅增,是,,0.41,0.49,0.58,,-26.1649,-20.8809,-16.0895
708255,家登元大5B購03,2026-07-22,1.67,0.0,0.0,11000000,0,,否,,1.58,1.59,1.6,,-0.6274,2.1208,
708256,群聯元大5B購04,2026-07-22,1.04,0.19,22.35,3000000,0,綠縮,否,,0.95,1.19,1.55,,-33.052,-24.2502,-11.2704
708258,群聯元大64購03,2026-07-22,0.83,0.09,12.16,66000000,0,綠縮,否,,0.8,0.99,1.21,,-32.1489,-24.0429,-9.8811
708259,精材元大5B購08,2026-07-22,5.9,1.29,27.98,5000000,0,,否,,4.79,3.79,2.86,,72.1783,45.3917,34.9588
708260,精材元大5B購09,2026-07-22,7.45,0.5,7.19,5000000,0,,否,,5.92,5.23,4.2,,30.2817,24.9881,
708261,精材元大5B購10,2026-07-22,8.3,1.2,16.9,1000000,0,,否,,5.45,4.89,3.78,,25.8661,45.0608,
708267,威剛元大5B購05,2026-07-22,0.5,0.09,21.95,33000000,0,綠縮,否,,0.48,0.58,0.68,,-28.9086,-15.82,-9.5206
708268,威剛元大64購01,2026-07-22,0.59,0.05,9.26,183000000,0,綠縮,否,,0.58,0.64,0.7,,-17.3789,-9.2068,-8.2245
708269,陽程元大61購03,2026-07-22,1.1,0.11,11.11,5000000,0,,否,,1.19,1.32,1.36,,-18.8782,-6.9571,
708270,群聯元大5B購06,2026-07-22,0.38,-0.07,-15.56,23000000,0,,否,,0.4,0.62,0.77,,-51.8072,-30.5869,-23.8969
708274,勤凱國泰5C購01,2026-07-22,0.9,0.13,16.88,279000000,0,,是,,0.95,,,,,,
708277,均豪凱基65購01,2026-07-22,0.37,0.03,8.82,11000000,0,,否,,0.53,0.54,,,-2.9091,-25.5495,
708279,威剛凱基5B購03,2026-07-22,0.51,0.09,21.43,1000000,0,綠縮,否,,0.38,0.45,0.53,,-24.8031,-16.6667,-12.0888
708281,精材凱基5B購03,2026-07-22,6.55,1.15,21.3,8000000,0,,否,,4.46,3.79,2.83,,42.7017,47.2233,21.3536
708282,寶雅凱基5B購01,2026-07-22,0.99,-0.02,-1.98,149000000,0,,否,,1.19,1.35,,,-20.6391,-1.5351,
708285,系微兆豐65購01,2026-07-22,0.76,0.03,4.11,6000000,0,綠縮,否,,0.78,0.9,1.04,,-23.622,-19.5691,-11.3656
708286,群聯兆豐65購01,2026-07-22,1.4,0.03,2.19,124000000,0,綠縮,否,,1.34,1.56,1.88,,-24.5772,-19.3364,-9.0051
708288,久元國票5C購02,2026-07-22,0.33,0.01,3.12,78000000,0,,是,,0.45,0.56,0.76,,-32.0242,-22.2378,
708289,方土昶國票5C購01,2026-07-22,0.99,0.09,10.0,94000000,0,綠縮,否,,1.11,1.17,1.38,,-10.6452,-10.0383,-10.5844
708290,世界國票5C購02,2026-07-22,1.0,0.23,29.87,24000000,0,綠縮,否,,1.01,1.22,1.38,,-29.3128,-26.554,1.663
708292,威剛國票5C購01,2026-07-22,0.7,0.11,18.64,1000000,0,綠縮,否,,0.67,0.81,0.96,,-29.979,-18.7375,-10.9368
708294,港建*國票5B購01,2026-07-22,0.48,0.05,11.63,23000000,0,綠縮,否,,0.48,0.71,1.06,,-49.2537,-42.3798,-14.3145
708299,台星科永豐61購01,2026-07-22,0.52,0.06,13.04,80000000,0,綠縮,是,,0.48,0.6,0.69,,-33.6111,-19.0541,-9.275
708302,欣銓永豐61購01,2026-07-22,0.98,0.14,16.67,317000000,0,綠縮,否,,0.86,1.01,1.12,,-25.8621,-18.4826,-6.3803
708303,威剛永豐5B購01,2026-07-22,0.37,0.05,15.62,20000000,0,綠縮,否,,0.36,0.45,0.55,,-33.829,-22.7979,-15.456
708304,威剛永豐5C購02,2026-07-22,0.53,0.05,10.42,10000000,0,綠增,否,,0.61,0.65,0.73,,-13.1805,-15.4345,-11.2599
708306,威剛永豐65購01,2026-07-22,1.29,0.09,7.5,308000000,0,綠縮,是,,1.35,1.46,1.55,,-14.3766,-6.8922,-4.1692
708307,威剛永豐68購01,2026-07-22,1.32,0.1,8.2,7000000,0,綠縮,否,,1.35,1.43,1.52,,-11.5637,-7.722,-4.7634
708309,廣穎永豐65購01,2026-07-22,1.52,0.13,9.35,21000000,0,綠縮,是,,1.66,1.8,2.09,,-14.2562,-21.4161,-3.0219
708312,正淩群益63購01,2026-07-22,0.92,0.06,6.98,82000000,0,綠縮,否,,0.95,1.18,1.24,,-32.0513,-11.6854,-9.4264
708314,宏捷科群益5B購01,2026-07-22,0.25,0.03,13.64,35000000,0,綠增,否,,0.41,0.57,0.85,,-42.3398,-41.5893,-21.4485
708315,岳豐群益65購01,2026-07-22,0.65,-0.43,-39.81,1000000,0,,否,,0.97,1.0,1.07,,-6.5764,-14.4568,
708316,威剛群益5B購02,2026-07-22,0.51,0.1,24.39,32000000,0,綠縮,否,,0.54,0.62,0.71,,-22.7011,-13.3427,-8.3171
708317,威剛群益5C購01,2026-07-22,0.75,0.08,11.94,10000000,0,,否,,0.83,0.94,1.06,,-20.4198,-16.7993,
708319,茂綸群益5B購01,2026-07-22,1.06,0.06,6.0,5000000,0,,否,,1.56,1.71,,,-16.7914,-24.8355,
708322,寶雅群益61購01,2026-07-22,0.79,-0.02,-2.47,771000000,0,,是,,0.79,0.97,0.93,,-31.6062,-10.221,
708326,方土昶凱基5C購01,2026-07-22,1.26,0.17,15.6,2000000,0,綠縮,否,,1.31,1.45,1.77,,-17.298,-15.4296,-12.3609
708329,艾訊凱基5B購02,2026-07-22,1.42,0.42,42.0,109000000,0,,否,,0.99,1.17,,,-26.1905,-14.2438,
708330,良維凱基5B購05,2026-07-22,0.37,0.03,8.82,105000000,0,,否,,0.49,0.72,0.86,,-48.8518,-25.7436,-24.6833
708331,威剛凱基5B購04,2026-07-22,0.31,0.08,34.78,60000000,0,綠縮,否,,0.29,0.38,0.48,,-38.8186,-22.1996,-15.3025
708332,家登凱基5B購03,2026-07-22,0.31,0.12,63.16,36000000,0,,是,,0.33,0.45,0.53,,-41.9014,-15.9176,
708334,港建*凱基5B購01,2026-07-22,0.17,0.02,13.33,91000000,0,綠縮,否,,0.18,0.44,0.69,,-74.212,-50.1136,-15.7248
708335,群聯凱基61購02,2026-07-22,0.55,0.07,14.58,1073000000,0,綠縮,是,,0.53,0.72,1.0,,-41.6667,-30.5769,-14.6039
708342,艾訊台新5B購01,2026-07-22,2.93,0.61,26.29,71000000,0,,是,,2.59,2.62,2.68,,-2.5622,-3.8885,
708343,艾訊台新5B購02,2026-07-22,3.12,0.72,30.0,46000000,0,,否,,2.37,2.59,2.81,,-15.2748,-10.697,
708344,良維台新5B購01,2026-07-22,1.15,0.08,7.48,17000000,0,綠縮,否,,1.17,1.78,2.13,,-50.7963,-26.1717,-16.0504
708347,湧德台新5B購02,2026-07-22,0.69,0.05,7.81,65000000,0,綠縮,否,,0.69,0.95,1.04,,-43.6066,-16.9713,-19.0718
708349,順達台新5B購01,2026-07-22,2.23,0.27,13.78,18000000,0,,否,,2.51,2.67,2.7,,-11.5574,0.3001,-2.2995
708350,順達台新5B購02,2026-07-22,2.28,0.3,15.15,41000000,0,綠縮,否,,2.3,2.69,2.83,,-25.2112,-10.9566,-5.2526
708352,萬泰科台新5B購03,2026-07-22,1.14,0.17,17.53,60000000,0,綠縮,否,,1.14,1.65,1.91,,-46.6915,-24.8172,-12.342
708353,群聯台新5B購03,2026-07-22,0.69,0.11,18.97,151000000,0,綠縮,否,,0.64,0.85,1.18,,-40.3738,-30.6255,-13.5947
708358,台星科兆豐61購01,2026-07-22,0.51,0.02,4.08,1000000,0,,否,,0.61,0.68,0.7,,-17.2973,-7.9019,
708365,凡甲元大5B購03,2026-07-22,1.16,0.03,2.65,128000000,0,,是,,1.19,1.36,1.52,,-21.5506,-8.6137,-20.1467
708366,凡甲元大65購01,2026-07-22,0.99,0.02,2.06,15000000,0,綠縮,否,,0.99,1.09,1.15,,-16.6107,-6.4212,-14.0456
708367,久元元大5B購01,2026-07-22,0.3,0.02,7.14,100000000,0,,否,,0.31,0.38,0.51,,-32.5991,-27.8937,-25.7331
708370,台星科元大5B購02,2026-07-22,0.92,0.14,17.95,165000000,0,綠縮,否,,0.87,1.06,1.13,,-30.1282,-15.873,-2.3427
708371,台星科元大65購01,2026-07-22,0.94,0.11,13.25,1000000,0,,否,,1.02,1.13,1.2,,-17.4194,-4.8739,
708372,沛亨元大5B購01,2026-07-22,0.76,0.1,15.15,1000000,0,,否,,0.93,1.38,1.61,,-49.5093,-29.5199,
708373,欣銓元大5B購01,2026-07-22,0.98,0.17,20.99,30000000,0,綠縮,是,,1.01,1.21,1.19,,-28.5511,-6.7954,-2.8583
708377,威剛元大5B購07,2026-07-22,0.54,0.05,10.2,102000000,0,綠縮,否,,0.54,0.64,0.73,,-25.4795,-14.6113,-11.0303
708378,原相元大5B購01,2026-07-22,0.76,0.13,20.63,572000000,0,綠縮,否,,0.65,0.96,1.13,,-49.0596,-26.9901,-9.8446
708380,家登元大64購01,2026-07-22,0.88,0.0,0.0,1000000,0,,否,,0.88,0.81,,,18.5984,-1.218,
708382,群聯元大5B購07,2026-07-22,0.98,0.27,38.03,1000000,0,綠縮,否,,1.07,1.29,1.58,,-29.3103,-24.2496,-13.45
708387,均豪國泰62購01,2026-07-22,0.94,0.14,17.5,510000000,0,,是,,0.91,1.23,1.23,,-41.2678,-12.3571,-17.1323
708388,良維國泰5C購01,2026-07-22,0.79,0.05,6.76,11000000,0,綠縮,是,,0.78,1.29,1.6,,-56.396,-29.1438,-16.2176
708389,家登國泰5C購01,2026-07-22,0.66,0.09,15.79,70000000,0,綠增,否,,0.74,0.76,0.8,,-4.8593,-8.0723,-6.8023
708391,力領台新5B購01,2026-07-22,0.94,0.06,6.82,14000000,0,綠縮,是,,0.91,1.22,1.43,,-40.7552,-21.5523,-14.5678
708396,群聯台新5B購05,2026-07-22,0.95,0.09,10.47,357000000,0,綠縮,是,,1.02,1.31,1.71,,-36.1596,-27.1619,-12.1726
708397,群聯台新5B購06,2026-07-22,0.51,0.09,21.43,15000000,0,綠縮,否,,0.51,0.71,0.97,,-43.9294,-34.3547,-14.2857
708402,世禾凱基5B購01,2026-07-22,0.5,-0.01,-1.96,19000000,0,綠增,否,,0.7,0.77,0.79,,-15.3846,-11.4187,-16.9304
708403,世界凱基5C購03,2026-07-22,0.85,0.19,28.79,8000000,0,綠縮,否,,0.89,1.09,1.29,,-30.6854,-30.5431,-2.4575
708405,亞信凱基5B購01,2026-07-22,0.8,0.14,21.21,20000000,0,,否,,0.93,1.14,,,-31.2036,,
708406,欣銓凱基5B購01,2026-07-22,0.47,0.09,23.68,421000000,0,綠縮,是,,0.44,0.66,0.71,,-49.4305,-18.4957,-9.3274
708410,群聯凱基64購03,2026-07-22,0.6,0.09,17.65,11000000,0,綠縮,否,,0.51,0.64,0.83,,-32.6316,-28.3784,-12.8165
708412,環球晶兆豐61購02,2026-07-22,3.76,0.59,18.61,1000000,0,紅縮,否,,4.31,3.9,3.12,,23.1693,36.9252,31.2276
708413,FH中5G元大5B購01,2026-07-22,3.23,0.84,35.15,2000000,0,綠縮,否,,3.1,3.49,4.43,,-20.0,-28.0742,-6.0664
708414,FH中5G元大5C購01,2026-07-22,4.16,0.46,12.43,105000000,0,,是,,4.07,6.49,6.6,,-54.2761,-15.3033,
708417,合晶元大5B購01,2026-07-22,7.75,-1.1,-12.43,520000000,0,,是,,9.81,8.08,5.72,,54.2453,63.7303,
708418,順達元大64購04,2026-07-22,2.31,0.37,19.07,171000000,0,,否,,2.31,2.55,2.52,,-17.2636,-3.0038,
708419,新盛力元大64購01,2026-07-22,2.33,0.18,8.37,1000000,0,,否,,2.81,3.02,,,-13.0408,-9.5395,
708420,萬泰科元大5B購02,2026-07-22,1.31,0.15,12.93,50000000,0,綠縮,是,,1.32,1.69,1.83,,-35.9922,-18.5507,-7.014
708421,鈺太元大5B購02,2026-07-22,0.29,0.06,26.09,10000000,0,綠縮,否,,0.31,0.45,0.61,,-47.2789,-34.8331,-20.6897
708422,鈺太元大65購01,2026-07-22,0.46,0.06,15.0,1539000000,0,綠縮,是,,0.43,0.54,0.65,,-34.7561,-24.6175,-17.1756
708425,世界國票5C購03,2026-07-22,0.57,0.09,18.75,20000000,0,綠縮,否,,0.6,0.69,0.85,,-22.6221,-28.6453,-1.3272
708427,朋億*國票5C購01,2026-07-22,2.06,0.15,7.85,31000000,0,綠縮,否,,2.16,2.22,2.51,,-5.3509,-11.9794,5.5801
708428,群聯國票61購02,2026-07-22,0.5,0.08,19.05,11000000,0,綠縮,否,,0.46,0.58,0.77,,-34.5714,-26.5228,-12.3139
708429,雷科國票5B購01,2026-07-22,5.15,0.05,0.98,11000000,0,綠增,否,,6.77,7.5,7.52,,-17.8398,-10.1198,2.3965
708430,久元富邦61購03,2026-07-22,0.21,0.01,5.0,70000000,0,綠縮,否,,0.21,0.26,0.34,,-32.0261,-25.5072,-23.6486
708433,家登富邦61購02,2026-07-22,0.52,0.08,18.18,499000000,0,綠縮,否,,0.48,0.54,0.62,,-20.7237,-14.7105,-10.1597
708434,家登富邦62購01,2026-07-22,0.53,-0.06,-10.17,1000000,0,,否,,0.5,0.57,0.61,,-23.6196,-7.8526,-9.7615
708436,新盛力富邦61購03,2026-07-22,1.24,0.11,9.73,512000000,0,,是,,1.18,1.4,,,-27.6413,,
708437,群聯富邦62購03,2026-07-22,0.49,0.08,19.51,471000000,0,綠縮,否,,0.47,0.6,0.79,,-35.3425,-27.2397,-12.1547
708439,世界群益5B購07,2026-07-22,0.96,0.29,43.28,339000000,0,綠縮,是,,0.93,1.16,1.48,,-33.142,-37.6073,-1.8598
708442,艾訊群益5B購02,2026-07-22,1.33,0.34,34.34,36000000,0,綠轉紅,否,,0.98,1.09,1.18,,-18.3333,-10.4355,-8.2654
708443,家登群益61購02,2026-07-22,0.59,-0.13,-18.06,98000000,0,,否,,0.67,0.74,0.74,,-17.5743,-5.9949,-7.1383
708444,新盛力群益5B購01,2026-07-22,1.26,0.18,16.67,131000000,0,,否,,1.68,1.96,2.16,,-25.0446,-12.8717,
708445,群聯群益5B購04,2026-07-22,0.38,-0.03,-7.32,566000000,0,綠縮,是,,0.37,0.51,0.74,,-41.195,-32.3963,-15.702
708448,世界凱基65購01,2026-07-22,0.88,0.33,60.0,7000000,0,綠縮,否,,0.65,0.69,0.79,,-11.4754,-22.1219,2.474
708449,台半凱基5C購01,2026-07-22,2.82,0.31,12.35,55000000,0,,是,,2.99,3.76,,,-33.9514,9.6182,
708450,合晶凱基5B購02,2026-07-22,9.25,1.8,24.16,3000000,0,綠增,否,,10.22,11.07,9.11,,-14.1898,12.335,20.9645
708451,合晶凱基61購01,2026-07-22,6.5,0.1,1.56,9000000,0,綠增,是,,8.05,8.95,7.34,,-18.2741,10.3032,19.6281
708452,欣銓凱基64購01,2026-07-22,0.53,0.05,10.42,247000000,0,綠增,是,,0.57,0.65,0.65,,-22.1918,-5.3936,-3.8405
708454,威剛凱基5B購06,2026-07-22,0.31,0.03,10.71,15000000,0,綠縮,否,,0.32,0.39,0.47,,-32.3404,-18.0873,-12.8585
708458,群聯凱基5B購03,2026-07-22,0.33,0.06,22.22,135000000,0,綠縮,是,,0.32,0.46,0.67,,-47.3333,-33.9105,-16.6255
708460,營邦凱基5B購01,2026-07-22,0.68,0.54,385.71,202000000,0,綠轉紅,否,,0.27,0.3,0.31,,-19.3939,-3.2468,-14.0496
708461,營邦凱基5B購02,2026-07-22,0.32,0.1,45.45,82000000,0,,是,,0.29,0.36,0.54,,-30.9859,-28.1437,
708462,營邦凱基5B購03,2026-07-22,0.48,0.26,118.18,226000000,0,綠轉紅,是,,0.27,0.35,0.37,,-35.545,-10.3359,-12.7381
708463,環球晶凱基5B購04,2026-07-22,3.3,0.5,17.86,48000000,0,紅轉綠,否,,3.35,3.52,2.86,,-9.4697,23.2412,17.5867
708464,環球晶凱基5B購05,2026-07-22,2.88,0.2,7.46,8000000,0,紅縮,否,,3.62,3.25,2.59,,25.5024,34.797,29.1054
708465,久元台新5B購01,2026-07-22,0.24,0.02,9.09,40000000,0,綠縮,否,,0.26,0.31,0.42,,-30.4348,-29.4118,-26.9497
708469,華景電台新5B購03,2026-07-22,0.41,0.03,7.89,8000000,0,綠縮,否,,0.44,0.73,0.89,,-56.213,-30.5052,-17.072
708471,環球晶台新5B購02,2026-07-22,9.4,2.15,29.66,4000000,0,紅縮,否,,9.6,8.88,6.91,,17.7914,31.9703,31.5213
708472,環球晶台新62購01,2026-07-22,2.2,0.16,7.84,6000000,0,紅縮,否,,2.55,2.3,1.89,,24.1245,29.511,22.9471
708473,環球晶台新62購02,2026-07-22,2.09,-0.17,-7.52,22000000,0,紅轉綠,否,,2.41,2.48,2.07,,-5.1181,14.6364,17.0532
708484,合晶元大5B購05,2026-07-22,6.65,-0.6,-8.28,865000000,0,紅轉綠,是,,9.18,9.21,7.16,,-0.6494,22.7836,30.0272
708486,合晶元大65購01,2026-07-22,4.86,-0.14,-2.8,57000000,0,綠增,否,,5.51,6.13,5.26,,-18.3111,5.524,18.4296
708487,金山電元大5B購02,2026-07-22,4.57,0.99,27.65,1000000,0,,否,,6.6,7.08,5.99,,-12.8402,18.047,
708489,金山電元大5B購04,2026-07-22,2.42,0.72,42.35,11000000,0,,否,,3.59,4.01,3.49,,-18.7613,12.9614,
708491,群聯元大5B購09,2026-07-22,0.38,0.05,15.15,78000000,0,綠縮,否,,0.35,0.46,0.61,,-38.676,-26.6244,-12.5541
708493,營邦元大5B購02,2026-07-22,0.3,0.01,3.45,1000000,0,,否,,0.43,0.46,,,-11.8852,-20.5882,
708495,環球晶元大5B購07,2026-07-22,4.76,0.29,6.49,68000000,0,,否,,5.22,4.86,,,15.7054,32.9505,
708498,環球晶元大61購02,2026-07-22,2.35,0.05,2.17,5000000,0,紅轉綠,否,,2.53,2.69,2.17,,-10.7746,20.1699,20.8403
708499,環球晶元大64購01,2026-07-22,2.84,0.34,13.6,70000000,0,紅縮,否,,2.66,2.71,2.19,,-3.3382,17.6215,23.7073
708501,威剛兆豐65購01,2026-07-22,1.41,0.09,6.82,449000000,0,綠縮,否,,1.41,1.56,1.68,,-17.757,-8.6116,-5.9764
708503,群聯國泰62購01,2026-07-22,0.85,0.13,18.06,5000000,0,綠縮,否,,0.78,0.97,1.25,,-33.1034,-25.0774,-11.6065
708504,群聯國泰63購01,2026-07-22,1.12,0.15,15.46,148000000,0,綠縮,是,,1.03,1.27,1.58,,-31.0667,-22.3176,-10.1709
708505,群聯國泰63購02,2026-07-22,0.9,0.14,18.42,12000000,0,綠縮,否,,0.82,1.03,1.32,,-34.0289,-24.3599,-11.9143
708512,合晶國票5B購01,2026-07-22,6.9,-1.2,-14.81,18000000,0,紅縮,是,,9.43,8.78,6.61,,15.9902,28.4377,28.8651
708513,合晶國票5C購01,2026-07-22,6.1,0.6,10.91,100000000,0,綠增,是,,7.45,8.21,6.77,,-16.9454,9.9504,19.696
708514,金山電國票5C購02,2026-07-22,1.94,0.3,18.29,598000000,0,綠縮,否,,1.94,2.79,3.65,,-46.7875,-30.9918,-9.6734
708515,環球晶國票5B購01,2026-07-22,3.08,-0.17,-5.23,6000000,0,紅縮,否,,3.81,3.53,2.84,,16.9533,35.7939,29.849
708516,環球晶國票5C購01,2026-07-22,3.87,0.28,7.8,297000000,0,紅轉綠,否,,4.24,4.43,3.6,,-8.1925,20.5394,24.7705
708517,世界富邦5B購02,2026-07-22,0.31,0.09,40.91,212000000,0,綠縮,否,,0.29,0.34,0.47,,-27.0408,-34.4294,-3.5897
708519,營邦富邦61購01,2026-07-22,0.31,0.06,24.0,82000000,0,綠縮,否,,0.26,0.32,0.34,,-28.6486,-9.4286,-10.7285
708520,環球晶富邦5B購02,2026-07-22,1.86,0.21,12.73,18000000,0,紅轉綠,否,,1.98,2.03,1.68,,-5.0766,19.7059,19.6517
708521,環球晶富邦61購01,2026-07-22,2.07,0.02,0.98,98000000,0,紅縮,否,,2.17,2.14,1.81,,2.849,16.913,21.4526
708522,中美晶群益5C購02,2026-07-22,3.91,0.61,18.48,161000000,0,紅縮,否,,4.28,3.73,2.85,,34.9086,44.7767,35.0736
708523,世界群益5B購08,2026-07-22,0.8,0.45,128.57,584000000,0,綠縮,否,,0.6,0.67,0.95,,-18.9702,-34.3811,-1.5034
708526,新盛力群益5B購02,2026-07-22,2.29,0.31,15.66,20000000,0,,是,,3.21,,,,,,
708527,精材群益5B購02,2026-07-22,13.4,3.4,34.0,91000000,0,紅增,是,,11.38,9.61,7.48,,45.1531,37.7778,35.3724
708529,德微群益5B購01,2026-07-22,1.98,0.11,5.88,40000000,0,,否,,2.33,4.25,,,-62.2977,,
708530,營邦群益5B購01,2026-07-22,0.42,0.15,55.56,1047000000,0,綠轉紅,是,,0.32,0.42,0.45,,-38.1323,-12.605,-15.7993
708531,營邦群益5B購02,2026-07-22,0.37,0.12,48.0,2025000000,0,綠轉紅,是,,0.29,0.38,0.41,,-40.1674,-11.9816,-14.7303
708532,環球晶群益5B購04,2026-07-22,3.63,0.4,12.38,290000000,0,,,,,,,,,,
708533,譜瑞群益5C購02,2026-07-22,0.89,0.1,12.66,140000000,0,紅縮,否,,1.02,1.13,1.3,,-18.8498,-11.0588,-12.7888
708537,朋程凱基5B購01,2026-07-22,1.0,0.08,8.7,61000000,0,,是,,1.82,1.82,,,-0.547,2.5886,
708539,原相凱基5B購03,2026-07-22,0.31,0.07,29.17,1000000,0,,否,,0.27,0.48,,,-61.2717,-33.4258,
708540,精材凱基5B購04,2026-07-22,4.79,0.44,10.11,28000000,0,,是,,4.18,3.52,2.75,,45.5749,32.1335,25.8309
708541,臺慶科凱基5B購01,2026-07-22,1.19,0.2,20.2,211000000,0,,是,,1.92,3.05,3.38,,-54.1587,-26.4996,
708542,譜瑞凱基61購01,2026-07-22,0.51,0.08,18.6,385000000,0,紅增,否,,0.51,0.64,0.76,,-33.9378,-15.2116,-15.9692
708543,群聯永豐65購03,2026-07-22,0.45,0.05,12.5,939000000,0,綠縮,否,,0.43,0.5,0.61,,-26.2069,-19.8728,-9.1518
708544,精材永豐63購01,2026-07-22,3.75,0.72,23.76,28000000,0,,是,,3.0,2.53,2.01,,45.6311,32.1149,24.7592
708545,世界兆豐61購01,2026-07-22,0.68,0.19,38.78,2000000,0,,否,,0.79,0.96,0.81,,-29.7153,7.7703,
708546,譜瑞兆豐65購01,2026-07-22,0.92,0.05,5.75,2000000,0,紅增,否,,0.91,1.03,1.16,,-21.4533,-11.4163,-10.2713
708547,群聯群益67購01,2026-07-22,0.55,0.05,10.0,89000000,0,綠縮,否,,0.52,0.61,0.75,,-23.8372,-21.7054,-8.6061
708550,世界元大63購03,2026-07-22,1.38,0.41,42.27,16000000,0,,否,,1.54,1.56,1.34,,-2.5381,18.7786,
708551,新盛力元大61購02,2026-07-22,3.31,0.92,38.49,9000000,0,,否,,3.02,3.48,3.53,,-23.5562,-8.7742,
708553,譜瑞元大5B購01,2026-07-22,0.89,0.18,25.35,206000000,0,紅增,是,,0.96,1.14,1.37,,-27.3828,-18.4417,-19.1094
708554,譜瑞元大5B購02,2026-07-22,0.9,0.15,20.0,45000000,0,紅縮,否,,1.07,1.17,1.34,,-15.6398,-12.1896,-16.5103
708557,欣銓國泰5C購02,2026-07-22,1.29,0.15,13.16,73000000,0,綠增,否,,1.32,1.62,1.61,,-31.3929,-9.9389,-4.4957
708559,欣銓富邦5B購02,2026-07-22,0.37,0.05,15.62,302000000,0,綠縮,否,,0.36,0.45,0.48,,-34.1912,-13.9313,-7.457
708560,威剛富邦5B購01,2026-07-22,0.33,0.05,17.86,10000000,0,綠縮,否,,0.35,0.4,0.46,,-21.6814,-16.39,-13.6832
708561,順達富邦5C購02,2026-07-22,0.85,0.09,11.84,64000000,0,綠縮,否,,0.93,1.01,1.1,,-14.3646,-13.0285,-5.8045
708562,群聯富邦62購04,2026-07-22,0.37,0.05,15.62,71000000,0,綠縮,否,,0.35,0.43,0.53,,-32.5581,-22.8571,-9.5645
708563,中美晶國票5C購01,2026-07-22,2.4,0.4,20.0,209000000,0,紅縮,否,,2.55,2.23,1.71,,33.0898,43.3248,34.4449
708565,尼克森國票5B購01,2026-07-22,1.81,0.22,13.84,61000000,0,綠增,否,,2.02,2.74,2.76,,-41.575,-13.5818,0.5464
708568,宸曜國票5B購01,2026-07-22,0.83,0.21,33.87,115000000,0,綠轉紅,是,,0.6,0.64,0.68,,-13.3333,-1.9787,-12.4196
708569,新盛力國票5C購01,2026-07-22,2.09,0.27,14.84,32000000,0,,是,,3.04,3.0,,,3.2564,10.2687,
708570,新漢國票5B購01,2026-07-22,0.5,0.11,28.21,40000000,0,綠縮,否,,0.46,0.63,0.69,,-41.6667,-23.5366,-9.2157
708571,群聯國票5C購01,2026-07-22,0.37,0.04,12.12,401000000,0,綠縮,是,,0.35,0.46,0.64,,-38.8889,-31.9648,-13.67
708572,世界凱基5B購03,2026-07-22,0.85,0.24,39.34,20000000,0,綠縮,否,,0.77,0.94,1.13,,-30.7554,-30.6047,0.8505
708573,家登凱基5B購05,2026-07-22,0.22,0.01,4.76,203000000,0,,否,,0.23,0.32,0.39,,-45.4106,-27.7652,
708574,創惟凱基5B購01,2026-07-22,0.52,0.05,10.64,100000000,0,綠縮,否,,0.51,0.67,0.79,,-37.8641,-20.7592,-12.1884
708576,閎康凱基5B購02,2026-07-22,0.22,0.02,10.0,4000000,0,,否,,0.42,0.5,0.61,,-28.3276,-13.7221,
708579,群聯凱基5B購04,2026-07-22,0.69,0.05,7.81,1000000,0,綠轉紅,否,,0.67,0.7,0.77,,-8.7671,-10.8557,-4.2527
708580,群聯凱基5C購01,2026-07-22,0.27,0.05,22.73,41000000,0,綠縮,否,,0.25,0.33,0.48,,-40.1914,-31.2757,-15.4522
708581,群聯凱基61購03,2026-07-22,0.38,0.05,15.15,8000000,0,綠縮,否,,0.36,0.47,0.64,,-37.6712,-27.5229,-14.2377
708582,榮剛凱基5B購01,2026-07-22,0.64,0.06,10.34,10000000,0,,否,,0.66,0.76,,,-23.31,,
708583,精材凱基5B購05,2026-07-22,4.2,1.12,36.36,448000000,0,紅增,是,,3.27,2.53,1.88,,83.0907,52.4729,41.6196
708584,廣穎凱基5B購02,2026-07-22,1.72,0.23,15.44,1000000,0,綠縮,否,,1.93,2.26,3.03,,-25.1548,-24.347,-10.4127
708585,譜瑞凱基5B購02,2026-07-22,0.23,0.06,35.29,26000000,0,紅增,否,,0.22,0.29,0.39,,-41.6216,-22.8947,-22.2111
708588,群聯富邦62購05,2026-07-22,0.3,0.04,15.38,607000000,0,綠縮,否,,0.28,0.31,0.38,,-13.4146,-16.6213,-9.0799
708589,宏捷科兆豐65購01,2026-07-22,0.6,0.06,11.11,519000000,0,綠縮,否,,0.58,0.7,0.91,,-29.5122,-22.0736,-14.1784
708590,群聯兆豐65購02,2026-07-22,0.65,0.05,8.33,67000000,0,綠縮,否,,0.62,0.77,0.98,,-32.6134,-23.3432,-11.1565
708591,精材兆豐61購01,2026-07-22,2.86,0.41,16.73,14000000,0,紅增,否,,2.4,2.08,1.63,,35.7466,37.7396,35.7411
708592,元太元大5B購02,2026-07-22,1.4,-0.1,-6.67,317000000,0,綠縮,否,,1.28,1.42,1.57,,-18.5185,-15.5674,-6.5872
708593,世禾元大5B購02,2026-07-22,0.47,0.02,4.44,513000000,0,綠增,否,,0.54,0.57,0.59,,-12.7036,-3.0354,0.254
708594,欣銓元大5B購02,2026-07-22,1.37,0.27,24.55,44000000,0,綠縮,否,,1.26,1.47,1.51,,-24.7914,-8.8655,-0.9539
708595,順達元大5B購03,2026-07-22,1.15,0.15,15.0,1000000,0,,否,,1.59,1.79,,,-20.7792,-11.7994,
708596,新盛力元大61購03,2026-07-22,1.96,0.28,16.67,41000000,0,,否,,2.39,2.62,2.66,,-16.398,-14.9627,
708597,群聯元大5B購10,2026-07-22,0.66,0.1,17.86,19000000,0,,否,,0.66,0.9,1.14,,-41.9298,-30.8519,-20.2518
708598,群聯元大5B購11,2026-07-22,0.36,0.03,9.09,6000000,0,綠縮,否,,0.31,0.42,0.59,,-43.1227,-31.6045,-14.9928
708599,群聯元大5B購12,2026-07-22,0.45,0.05,12.5,15000000,0,綠縮,否,,0.38,0.51,0.71,,-41.3043,-30.8525,-14.372
708600,群聯元大5B購13,2026-07-22,0.41,0.09,28.13,496000000,0,綠增,是,,0.52,0.66,0.77,,-34.2569,-26.7261,-12.116
708601,群聯元大5B購14,2026-07-22,0.52,0.12,30.0,1000000,0,綠縮,否,,0.43,0.55,0.77,,-35.5224,-34.012,-15.8756
708603,群聯元大61購06,2026-07-22,0.67,0.09,15.52,20000000,0,綠縮,否,,0.6,0.84,0.99,,-44.5672,-26.2882,-17.6349
708604,群聯元大63購03,2026-07-22,0.37,0.02,5.71,127000000,0,綠縮,否,,0.32,0.38,0.49,,-26.1468,-24.8016,-11.8919
708605,精材元大61購07,2026-07-22,5.3,1.05,24.71,54000000,0,紅增,否,,4.62,4.05,3.21,,32.7972,30.3635,31.4011
708606,譜瑞元大5B購03,2026-07-22,0.39,0.09,30.0,641000000,0,紅增,是,,0.38,0.51,0.63,,-40.4389,-19.9686,-18.0392
708607,中美晶永豐65購01,2026-07-22,2.25,0.55,32.35,1000000,0,紅增,否,,2.0,1.75,1.36,,34.3624,36.1934,30.6622
708608,台半永豐63購01,2026-07-22,1.16,0.2,20.83,10000000,0,,否,,1.36,2.19,2.04,,-55.0562,-17.2765,-8.5297
708609,茂達永豐61購01,2026-07-22,1.16,0.22,23.4,2000000,0,綠增,否,,1.28,1.69,1.51,,-38.7989,-9.2811,2.1688
708610,新盛力永豐63購01,2026-07-22,1.13,0.17,17.71,235000000,0,綠縮,否,,1.02,1.3,1.43,,-35.4798,-12.7845,-10.3535
708611,群聯永豐5C購03,2026-07-22,0.23,0.03,15.0,4000000,0,綠縮,否,,0.22,0.28,0.37,,-34.7305,-30.1266,-12.1176
708612,群聯永豐5C購04,2026-07-22,0.25,0.01,4.17,11000000,0,綠縮,否,,0.25,0.31,0.41,,-33.6898,-26.3033,-12.6731
708613,精材永豐64購01,2026-07-22,2.66,0.17,6.83,294000000,0,紅增,是,,2.31,2.03,1.62,,32.9885,34.3274,30.0604
708615,元太群益5B購03,2026-07-22,1.1,-0.38,-25.68,1010000000,0,紅增,是,,1.03,1.18,1.38,,-22.6244,-23.0366,-9.001
708618,家登群益5B購03,2026-07-22,0.35,0.15,75.0,1014000000,0,綠縮,否,,0.24,0.28,0.35,,-24.2236,-22.2527,-9.7311
708620,陽程群益5B購02,2026-07-22,1.06,0.13,13.98,279000000,0,綠增,否,,1.18,1.48,1.58,,-33.7079,-12.8899,-11.2672
708621,順達群益5B購03,2026-07-22,0.83,0.1,13.7,68000000,0,,否,,0.88,1.15,1.22,,-38.256,-11.1283,-16.1977
708622,新盛力群益5B購03,2026-07-22,1.03,0.13,14.44,3000000,0,綠縮,否,,0.96,1.4,1.74,,-47.4946,-30.8642,-12.0637
708623,群聯群益5B購05,2026-07-22,0.33,0.06,22.22,2000000,0,綠縮,否,,0.37,0.5,0.64,,-39.8714,-30.3497,-16.4698
708624,群聯群益61購04,2026-07-22,0.28,0.03,12.0,410000000,0,綠縮,否,,0.28,0.35,0.45,,-35.514,-25.7384,-12.8906
708625,榮剛群益5B購01,2026-07-22,0.32,0.04,14.29,1000000,0,,否,,0.39,0.44,,,-20.6478,,
708626,精材群益5B購04,2026-07-22,9.6,3.05,46.56,1000000,0,紅增,否,,7.8,6.74,5.3,,37.3239,34.1294,34.9586
708627,廣穎群益5B購02,2026-07-22,2.13,0.24,12.7,110000000,0,綠縮,是,,2.25,2.84,3.84,,-34.537,-29.5911,-7.4587
708628,譜瑞群益5B購02,2026-07-22,0.42,0.09,27.27,4000000,0,綠轉紅,否,,0.4,0.53,0.64,,-38.3436,-20.8709,-24.7191
708629,元太凱基5B購04,2026-07-22,0.75,-0.07,-8.54,414000000,0,紅增,否,,0.64,0.77,0.94,,-27.4775,-25.3411,-12.0714
708630,元太凱基5B購05,2026-07-22,0.88,0.04,4.76,103000000,0,綠轉紅,否,,0.74,0.85,1.0,,-23.5537,-21.2177,-9.1241
708634,譜瑞凱基5B購03,2026-07-22,0.43,0.08,22.86,22000000,0,紅增,否,,0.44,0.52,0.59,,-27.2425,-11.414,-13.2548
708635,譜瑞凱基5B購04,2026-07-22,0.29,0.06,26.09,26000000,0,紅增,否,,0.28,0.36,0.45,,-36.2385,-20.3125,-18.1735
708636,中美晶元大63購02,2026-07-22,3.78,0.36,10.53,58000000,0,紅縮,否,,3.95,3.58,2.74,,23.0386,31.2088,35.5731
708638,威剛元大5B購08,2026-07-22,0.75,0.07,10.29,61000000,0,綠縮,否,,0.79,0.9,1.02,,-21.8254,-13.6538,-7.584
708639,閎康元大5B購01,2026-07-22,0.11,0.0,0.0,998000000,0,綠增,是,,0.15,0.19,0.23,,-35.9649,-23.6735,-18.2456
708640,順達元大5B購04,2026-07-22,1.62,0.2,14.08,63000000,0,,否,,1.64,1.99,2.12,,-29.769,-7.4849,
708641,精材元大5B購12,2026-07-22,6.95,1.2,20.87,62000000,0,,否,,5.19,4.36,3.31,,47.2222,47.7304,
708643,譜瑞元大5B購04,2026-07-22,0.55,0.1,22.22,90000000,0,紅增,否,,0.54,0.68,0.8,,-33.2512,-15.796,-14.8267
708644,譜瑞元大5B購05,2026-07-22,0.37,0.07,23.33,321000000,0,紅增,否,,0.36,0.46,0.55,,-35.9712,-16.9399,-16.8812
708645,譜瑞元大5B購06,2026-07-22,0.66,0.1,17.86,45000000,0,綠轉紅,否,,0.64,0.77,0.9,,-28.7305,-14.8394,-22.1121
708646,譜瑞元大5B購07,2026-07-22,0.31,0.06,24.0,3000000,0,紅增,否,,0.31,0.39,0.48,,-35.9833,-17.9916,-18.2519
708649,金益鼎永豐5C購01,2026-07-22,0.63,0.02,3.28,7000000,0,綠縮,否,,0.64,0.75,0.95,,-24.6479,-17.5497,-20.6811
708650,廣穎永豐61購01,2026-07-22,0.81,0.04,5.19,165000000,0,綠縮,否,,0.83,0.97,1.18,,-25.2708,-17.8268,-17.5261
708651,中美晶富邦5B購01,2026-07-22,2.06,0.34,19.77,92000000,0,紅縮,否,,2.25,1.98,1.51,,31.6959,42.2111,35.3258
708652,元太富邦62購01,2026-07-22,0.39,-0.01,-2.5,1226000000,0,綠縮,是,,0.34,0.4,0.49,,-25.1101,-28.0797,-16.3404
708653,元太富邦62購02,2026-07-22,0.85,-0.01,-1.16,544000000,0,,是,,0.76,0.84,0.91,,-16.4474,-14.939,-14.0977
708655,新盛力富邦62購01,2026-07-22,0.9,0.08,9.76,1507000000,0,綠縮,否,,0.84,1.1,1.22,,-37.3887,-13.6328,-10.9524
708658,廣穎群益61購02,2026-07-22,1.27,0.17,15.45,1000000,0,綠縮,否,,1.3,1.51,1.97,,-24.3619,-22.0793,-10.7717
708660,臺慶科群益5B購02,2026-07-22,0.9,0.19,26.76,10000000,0,綠增,否,,1.17,1.81,2.18,,-52.2876,-30.5417,-11.0771
708661,元太元大5B購03,2026-07-22,0.46,0.04,9.52,115000000,0,綠轉紅,否,,0.4,0.46,0.56,,-23.6641,-24.3863,-10.8453
708662,元太元大5B購04,2026-07-22,0.5,0.04,8.7,739000000,0,綠轉紅,否,,0.45,0.52,0.62,,-22.7891,-23.7189,-9.906
708663,元太元大5B購05,2026-07-22,0.76,0.1,15.15,639000000,0,,是,,0.65,0.82,0.88,,-33.6049,-16.4622,
708664,元太元大5B購06,2026-07-22,0.51,0.0,0.0,173000000,0,,否,,0.45,0.59,0.67,,-37.9121,-18.0556,
708665,元太元大5B購07,2026-07-22,0.86,0.0,0.0,591000000,0,,是,,0.76,0.88,1.01,,-24.1517,-19.6901,
708666,元太元大5B購08,2026-07-22,0.32,-0.01,-3.03,161000000,0,紅增,否,,0.28,0.33,0.41,,-26.943,-25.6125,-10.2536
708667,元太元大5B購09,2026-07-22,0.39,0.0,0.0,76000000,0,綠縮,否,,0.35,0.41,0.49,,-23.8095,-23.6398,-11.2226
708668,元太元大5B購10,2026-07-22,0.91,-0.02,-2.15,592000000,0,,是,,0.87,1.07,1.15,,-31.1811,-9.4595,
708670,陽程元大63購02,2026-07-22,0.8,0.07,9.59,1376000000,0,,是,,0.87,0.97,1.03,,-19.5167,-7.0813,
708671,新盛力元大5B購03,2026-07-22,1.53,0.64,71.91,7000000,0,綠縮,否,,1.44,1.53,1.73,,-10.7807,-13.2386,-7.3478
708672,元太永豐5C購01,2026-07-22,0.73,0.13,21.67,33000000,0,,否,,0.63,0.76,0.83,,-27.9545,-16.63,
708673,元太永豐61購01,2026-07-22,0.57,-0.01,-1.72,252000000,0,,是,,0.68,0.71,,,-8.6253,-10.5793,
708674,威剛永豐67購01,2026-07-22,0.85,0.06,7.59,35000000,0,綠縮,否,,0.83,0.91,0.96,,-14.7239,-6.9815,-4.9901
708677,新漢永豐5C購01,2026-07-22,0.48,0.04,9.09,40000000,0,,否,,0.6,0.69,,,-23.6641,-14.8649,
708678,臺慶科永豐5C購01,2026-07-22,0.7,0.08,12.9,411000000,0,綠縮,是,,0.7,1.05,1.5,,-49.4964,-36.0245,-14.1671
708681,元太凱基5B購06,2026-07-22,0.41,0.04,10.81,85000000,0,綠轉紅,否,,0.36,0.45,0.55,,-33.5793,-25.3311,-11.5977
708682,威剛凱基5B購07,2026-07-22,0.48,0.06,14.29,80000000,0,綠縮,否,,0.48,0.58,0.67,,-28.9941,-15.4971,-11.0299
708684,陽程凱基5B購01,2026-07-22,0.38,0.06,18.75,399000000,0,綠增,否,,0.45,0.58,0.65,,-35.5114,-16.6906,-15.6432
708685,新盛力凱基5B購03,2026-07-22,0.77,0.06,8.45,337000000,0,綠縮,否,,0.74,1.06,1.29,,-46.5217,-23.2052,-14.8964
708686,新盛力凱基61購02,2026-07-22,1.03,0.17,19.77,231000000,0,,否,,0.94,1.22,1.4,,-37.1162,-25.2451,
708692,元太台新5B購01,2026-07-22,0.95,0.3,46.15,46000000,0,,否,,0.75,0.99,1.28,,-39.3841,-18.9034,
708693,方土昶台新5B購01,2026-07-22,1.57,0.18,12.95,232000000,0,,是,,2.33,2.72,,,-24.7742,,
708698,順達台新5B購03,2026-07-22,1.56,0.35,28.93,117000000,0,綠增,否,,1.78,1.98,1.87,,-18.2401,-3.4096,-2.6035
708699,臺慶科台新5B購02,2026-07-22,2.66,0.22,9.02,245000000,0,綠縮,是,,2.68,4.16,5.28,,-52.5496,-32.9361,-10.6426
708700,凡甲國泰61購02,2026-07-22,1.16,0.04,3.57,22000000,0,,否,,1.24,1.34,,,-13.3705,,
708701,元太國泰5C購01,2026-07-22,1.05,-0.03,-2.78,50000000,0,綠縮,否,,0.96,1.1,1.2,,-23.52,-14.1634,-8.8224
708702,元太國泰5C購02,2026-07-22,0.81,-0.03,-3.57,20000000,0,綠縮,否,,0.78,0.95,0.98,,-30.1248,-11.1836,-11.1061
708703,元太國泰5C購03,2026-07-22,0.66,0.08,13.79,110000000,0,,是,,0.6,0.76,0.79,,-35.0,-14.2373,-16.5525
708704,台半富邦62購01,2026-07-22,0.81,0.12,17.39,145000000,0,綠縮,否,,0.81,1.3,1.38,,-54.9721,-20.8537,-3.4868
708706,新盛力富邦61購04,2026-07-22,0.8,0.11,15.94,1598000000,0,綠縮,是,,0.72,0.94,1.04,,-38.9078,-13.2353,-11.2484
708709,元太國票5C購01,2026-07-22,0.53,-0.01,-1.85,48000000,0,綠轉紅,否,,0.47,0.55,0.63,,-25.3968,-18.6391,-9.842
708710,元太國票5C購02,2026-07-22,0.49,-0.01,-2.0,102000000,0,綠縮,否,,0.46,0.55,0.59,,-29.1022,-16.8675,-13.069
708711,光頡國票5B購01,2026-07-22,3.41,0.05,1.49,70000000,0,,否,,6.2,,,,,,
708712,光頡國票5B購02,2026-07-22,3.85,0.02,0.52,92000000,0,,是,,4.57,7.67,7.55,,-57.5673,-22.5253,
708713,朋程國票5B購01,2026-07-22,0.76,-0.05,-6.17,201000000,0,綠增,是,,1.05,1.41,1.47,,-40.3628,-20.9433,-7.856
708715,新盛力國票5B購02,2026-07-22,1.0,0.12,13.64,246000000,0,綠縮,否,,0.86,1.27,1.49,,-48.7455,-19.4656,-14.8328
708716,中美晶台新5B購04,2026-07-22,21.0,6.1,40.94,3000000,0,紅增,否,,20.3,17.12,12.26,,45.6241,64.6154,47.6076
708718,台半台新5B購02,2026-07-22,3.34,0.5,17.61,44000000,0,,否,,3.68,4.91,,,-40.0651,-4.845,
708720,光頡凱基5B購01,2026-07-22,1.92,-0.19,-9.0,9000000,0,,是,,2.72,3.92,3.63,,-46.9945,-9.1541,
708721,陽程凱基61購01,2026-07-22,0.48,0.05,11.63,275000000,0,綠增,是,,0.55,0.64,0.69,,-24.7253,-10.1408,-9.3192
708722,陽程凱基63購02,2026-07-22,0.4,0.04,11.11,231000000,0,綠增,否,,0.46,0.54,0.59,,-25.3247,-11.8033,-11.484
708723,勤凱凱基5B購01,2026-07-22,0.28,0.04,16.67,135000000,0,綠縮,否,,0.3,0.55,0.89,,-62.1554,-38.0631,-30.1879
708726,擎亞凱基5B購03,2026-07-22,2.62,0.13,5.22,1000000,0,綠增,否,,3.17,3.41,3.15,,-13.3005,-2.7928,6.7005
708728,威剛元大5B購09,2026-07-22,0.67,0.08,13.56,48000000,0,綠縮,是,,0.7,0.82,0.92,,-24.1379,-15.7025,-11.7873
708730,閎康元大5B購02,2026-07-22,0.32,0.03,10.34,309000000,0,綠縮,否,,0.33,0.45,0.59,,-43.5986,-27.3312,-19.863
708731,陽程元大5B購01,2026-07-22,0.48,0.04,9.09,443000000,0,綠增,否,,0.53,0.63,0.67,,-26.3158,-10.9375,-10.757
708732,陽程元大5B購02,2026-07-22,0.35,0.05,16.67,365000000,0,綠縮,否,,0.39,0.47,0.53,,-29.2419,-12.4074,-19.6672
708733,陽程元大65購02,2026-07-22,0.37,0.04,12.12,3289000000,0,,是,,0.4,0.44,0.49,,-18.0328,-5.7325,
708735,勤凱元大5B購02,2026-07-22,0.84,0.08,10.53,450000000,0,,是,,1.16,1.62,2.2,,-44.3912,-30.6707,
708737,群翊元大5B購02,2026-07-22,0.52,0.02,4.0,60000000,0,,否,,0.56,0.72,0.84,,-36.8182,-16.9942,
708741,擎亞元大5B購04,2026-07-22,1.37,-0.02,-1.44,40000000,0,,是,,1.88,1.99,1.75,,-9.9426,5.0185,6.5934
708744,翔名永豐5C購01,2026-07-22,0.85,0.05,6.25,50000000,0,,否,,0.92,1.08,,,-26.3666,,
708745,陽程永豐5B購02,2026-07-22,0.21,0.02,10.53,50000000,0,,否,,0.24,0.31,0.36,,-35.1064,-16.8901,
708746,精材永豐61購02,2026-07-22,3.0,0.54,21.95,25000000,0,,否,,2.12,1.83,,,38.3812,35.7621,
708747,臺慶科永豐65購01,2026-07-22,0.83,0.11,15.28,43000000,0,綠縮,是,,0.86,1.12,1.36,,-37.9509,-25.9723,-9.3116
708748,擎亞永豐5C購01,2026-07-22,2.23,0.17,8.25,10000000,0,,否,,2.51,2.75,2.43,,-15.6942,6.5529,
708749,擎亞永豐61購01,2026-07-22,1.68,-0.04,-2.33,40000000,0,,否,,2.06,1.82,,,29.798,10.908,
708750,雙鴻永豐65購01,2026-07-22,0.78,-0.01,-1.27,60000000,0,綠縮,否,,0.74,0.85,1.0,,-23.6515,-15.9248,-11.6578
708751,精材富邦5B購02,2026-07-22,2.74,0.2,7.87,6000000,0,紅增,否,,2.57,2.23,1.74,,35.654,33.9329,34.749
708752,博盛國泰5C購01,2026-07-22,0.71,0.07,10.94,25000000,0,,否,,0.73,1.02,1.09,,-44.5802,-26.4451,-5.0479
708753,擎亞國泰61購01,2026-07-22,3.79,0.35,10.17,200000000,0,,是,,4.29,4.01,3.57,,15.145,16.7249,
708754,凡甲群益5B購02,2026-07-22,0.27,0.0,0.0,35000000,0,,否,,0.28,0.35,0.57,,-34.5972,-32.1012,
708755,中美晶群益5B購03,2026-07-22,6.35,1.25,24.51,95000000,0,紅縮,否,,6.32,5.49,4.4,,35.7972,39.6183,31.6293
708757,威剛群益61購02,2026-07-22,1.07,0.17,18.89,95000000,0,綠縮,否,,1.01,1.18,1.34,,-25.5917,-14.8736,-11.1222
708758,陽程群益5B購03,2026-07-22,0.28,0.01,3.7,1000000,0,,否,,0.38,0.44,0.53,,-24.7012,-18.8192,-24.2918
708759,聖暉*群益5B購02,2026-07-22,1.4,0.19,15.7,18000000,0,綠縮,否,,1.22,1.66,1.72,,-42.4242,-17.9082,0.9403
708760,精材群益5B購06,2026-07-22,4.32,1.03,31.31,10000000,0,紅增,否,,3.55,3.11,2.48,,32.3881,29.158,24.6734
708761,擎亞群益5B購02,2026-07-22,1.72,0.32,22.86,1000000,0,綠縮,否,,1.5,1.93,1.97,,-36.4636,-12.5339,2.3395
708762,大中國票5B購01,2026-07-22,1.62,0.22,15.71,75000000,0,綠縮,是,,1.53,2.53,2.53,,-56.7552,-19.5556,0.7369
708764,立端國票5C購01,2026-07-22,0.47,0.05,11.9,60000000,0,綠轉紅,否,,0.42,0.47,0.51,,-16.8627,-10.0193,-13.5181
708768,原相國票5B購02,2026-07-22,0.37,0.12,48.0,150000000,0,綠縮,否,,0.31,0.51,0.62,,-56.7416,-29.558,-17.7955
708769,家碩國票5C購01,2026-07-22,0.4,0.04,11.11,10000000,0,,否,,0.45,0.5,,,-18.7726,-17.0248,
708770,博盛國票5B購02,2026-07-22,0.37,0.05,15.62,2000000,0,綠增,否,,0.44,0.67,0.77,,-51.6556,-28.6624,-2.3477
708772,博盛國票5C購02,2026-07-22,0.48,0.03,6.67,9000000,0,綠增,否,,0.57,0.89,0.94,,-52.4126,-29.6032,-6.7293
708773,陽程國票5B購01,2026-07-22,0.4,0.04,11.11,33000000,0,,否,,0.5,0.57,0.65,,-20.5047,-14.0483,-17.9133
708774,新鉅科國票5C購01,2026-07-22,0.57,0.01,1.79,240000000,0,,否,,0.71,0.85,1.06,,-28.3401,-27.5833,-8.2251
708775,聖暉*國票5C購01,2026-07-22,1.3,0.12,10.17,36000000,0,,否,,1.18,1.43,1.4,,-30.0948,-9.9812,
708777,精材國票5C購02,2026-07-22,2.82,0.46,19.49,590000000,0,,是,,2.39,2.05,1.54,,40.0,45.6352,
708779,廣閎科國票5C購01,2026-07-22,1.49,0.26,21.14,5000000,0,綠縮,否,,1.47,2.18,2.17,,-49.0632,-17.3632,4.4001
708780,擎亞國票5B購01,2026-07-22,2.58,0.09,3.61,135000000,0,綠縮,是,,2.4,3.18,3.25,,-39.4856,-12.8423,1.9315
708781,FH中5G凱基5B購01,2026-07-22,1.27,0.1,8.55,10000000,0,綠縮,否,,1.35,1.7,2.49,,-34.4023,-35.061,-8.4251
708782,世界凱基64購01,2026-07-22,0.9,0.17,23.29,43000000,0,,否,,0.88,1.04,1.05,,-27.1523,-15.942,-1.9626
708784,光頡凱基5B購02,2026-07-22,1.52,0.03,2.01,1000000,0,,否,,3.62,5.41,4.54,,-49.6523,-4.2346,
708786,沛亨凱基5B購02,2026-07-22,0.29,0.06,26.09,122000000,0,綠縮,否,,0.48,0.88,1.19,,-62.3824,-39.49,-23.5427
708788,聖暉*凱基5B購04,2026-07-22,1.13,0.17,17.71,1000000,0,,否,,0.97,1.36,1.27,,-44.3807,-16.7995,
708789,精材凱基5B購06,2026-07-22,2.57,0.52,25.37,179000000,0,紅增,否,,2.04,1.72,1.33,,46.6284,40.4412,33.4837
708790,精材凱基5B購07,2026-07-22,2.37,0.51,27.42,1000000,0,紅增,否,,1.96,1.63,1.27,,50.4615,39.1453,32.2228
708791,精材凱基5C購02,2026-07-22,2.62,0.62,31.0,154000000,0,,是,,1.91,1.57,1.23,,55.7003,42.2101,
708792,精材凱基61購04,2026-07-22,2.23,0.51,29.65,66000000,0,紅增,否,,1.86,1.57,1.26,,46.6142,33.1633,32.3545
708794,世界中信5B購02,2026-07-22,0.55,0.27,96.43,767000000,0,綠縮,否,,0.43,0.48,0.62,,-18.3206,-31.3131,-1.2648
708796,茂綸永豐61購01,2026-07-22,0.43,0.04,10.26,20000000,0,,否,,0.61,0.63,0.77,,-7.8788,-15.5792,
708797,神準永豐5C購01,2026-07-22,0.68,0.06,9.68,1000000,0,綠縮,否,,0.67,0.74,0.77,,-17.199,-6.6499,-8.6623
708799,台半元大5B購01,2026-07-22,3.11,0.35,12.68,6000000,0,,否,,2.71,2.91,,,-12.8535,,
708803,聖暉*元大5B購04,2026-07-22,1.44,0.07,5.11,21000000,0,綠縮,否,,1.37,1.72,1.69,,-33.6566,-13.7758,9.6229
708805,精材元大5B購13,2026-07-22,3.45,0.65,23.21,93000000,0,,否,,2.94,2.57,2.05,,33.6966,30.7419,26.7471
708806,精材元大5B購14,2026-07-22,4.15,1.01,32.17,136000000,0,,是,,2.66,2.13,1.67,,65.1741,50.3526,
708807,精材元大5B購15,2026-07-22,4.2,0.44,11.7,325000000,0,,是,,3.34,2.75,2.12,,53.6832,33.6081,
708808,精材元大5B購16,2026-07-22,4.21,0.76,22.03,315000000,0,,否,,2.73,1.94,,,138.4615,65.7534,
708809,精材元大5B購17,2026-07-22,4.23,1.16,37.79,31000000,0,,否,,2.72,2.32,1.85,,42.7673,30.8475,
708810,精材元大63購03,2026-07-22,2.0,0.29,16.96,45000000,0,紅增,是,,1.71,1.46,1.15,,43.0718,33.2113,27.2075
708813,光頡台新5B購01,2026-07-22,2.52,-0.21,-7.69,2000000,0,,否,,3.24,3.45,,,-11.4145,,
708814,欣銓台新5B購03,2026-07-22,1.04,0.2,23.81,216000000,0,綠縮,是,,0.99,1.2,1.27,,-29.9716,-12.8186,-6.4658
708815,欣銓台新5B購04,2026-07-22,0.96,0.17,21.52,233000000,0,綠縮,是,,0.9,1.15,1.26,,-35.5811,-16.7756,-9.3502
708818,榮剛台新5B購01,2026-07-22,1.06,0.06,6.0,45000000,0,,否,,1.03,1.07,1.24,,-6.6908,-12.0165,-7.3408
708819,精材台新5B購04,2026-07-22,5.35,1.08,25.29,100000000,0,,否,,4.38,3.5,2.59,,67.3797,53.2399,
708820,精材台新5B購05,2026-07-22,4.81,1.27,35.88,15000000,0,,否,,3.58,3.01,2.3,,47.2473,35.6628,32.2674
708821,精材台新5C購01,2026-07-22,4.4,0.8,22.22,29000000,0,紅增,否,,3.72,3.0,2.3,,63.3889,45.4898,42.8483
708823,臺慶科台新5B購04,2026-07-22,1.12,0.15,15.46,152000000,0,,是,,1.6,2.69,2.96,,-57.8364,-25.1251,
708824,伍豐國票5C購01,2026-07-22,0.51,0.07,15.91,35000000,0,綠縮,否,,0.47,0.58,0.64,,-32.3699,-12.9129,-15.0198
708825,光頡國票5B購03,2026-07-22,1.66,-0.14,-7.78,248000000,0,,是,,5.14,4.66,,,22.8967,24.2473,
708826,翔名國票5C購02,2026-07-22,0.93,0.13,16.25,508000000,0,綠縮,是,,0.97,1.11,1.13,,-23.1746,-7.244,2.449
708827,聖暉*兆豐61購01,2026-07-22,1.08,0.11,11.34,113000000,0,綠縮,否,,1.0,1.15,1.26,,-23.2772,-14.5185,-0.1981
708828,立敦群益5B購01,2026-07-22,1.03,0.05,5.1,38000000,0,綠縮,否,,1.22,1.53,1.82,,-33.8762,-22.4138,-8.7437
708829,光頡群益5B購01,2026-07-22,1.59,-0.77,-32.63,10000000,0,,否,,5.64,5.15,4.25,,20.7281,25.8915,
708831,茂綸群益5C購01,2026-07-22,0.36,0.02,5.88,184000000,0,綠縮,否,,0.39,0.52,0.64,,-39.7516,-21.3415,-19.2649
708832,翔名群益5B購01,2026-07-22,0.76,0.13,20.63,245000000,0,綠增,否,,0.84,0.98,1.0,,-25.2669,-9.0741,-0.8929
708833,精材群益5B購07,2026-07-22,4.55,1.1,31.88,83000000,0,紅增,否,,3.69,3.16,2.38,,39.9393,44.8213,42.9216
708836,精材國泰5C購01,2026-07-22,4.4,0.85,23.94,12000000,0,,否,,3.48,2.88,2.25,,52.1891,35.402,27.5021
708837,精材國泰5C購02,2026-07-22,4.4,0.82,22.91,10000000,0,紅增,否,,3.18,2.73,2.17,,40.2998,25.5182,26.2638
708839,萬泰科富邦63購01,2026-07-22,0.46,0.05,12.2,11000000,0,綠縮,否,,0.44,0.54,0.59,,-31.348,-16.4596,-7.4803
708841,台半元大5B購02,2026-07-22,2.95,0.67,29.39,8000000,0,綠增,否,,4.37,4.36,3.79,,0.2294,-0.7503,15.5959
708842,光頡元大5B購04,2026-07-22,1.21,-0.15,-11.03,10000000,0,,否,,2.64,3.7,,,-44.6728,-3.0882,
708843,威剛元大5B購10,2026-07-22,1.67,0.17,11.33,796000000,0,綠縮,否,,1.62,1.84,2.03,,-20.8577,-11.0358,-8.1577
708844,威剛元大5B購11,2026-07-22,0.83,0.08,10.67,33000000,0,綠縮,否,,0.8,0.91,1.01,,-22.2222,-11.5422,-7.8261
708845,翔名元大5B購01,2026-07-22,0.86,0.2,30.3,534000000,0,綠縮,否,,0.87,1.04,1.1,,-27.8146,-12.9707,-1.8255
708846,順達元大5B購05,2026-07-22,2.0,0.13,6.95,1000000,0,,否,,2.56,2.54,2.64,,1.5067,-2.9412,-3.8406
708848,群翊元大5B購03,2026-07-22,0.68,0.02,3.03,50000000,0,,否,,0.77,0.91,1.04,,-26.0536,-10.0099,
708849,擎亞元大5B購05,2026-07-22,1.3,0.07,5.69,1000000,0,綠縮,否,,1.19,1.64,1.69,,-43.0077,-18.2951,-0.7061
708857,翔名凱基5B購01,2026-07-22,0.61,0.1,19.61,160000000,0,綠縮,否,,0.67,0.8,0.86,,-28.4797,-14.0558,-3.8569
708861,沛亨台新5B購01,2026-07-22,0.72,0.09,14.29,3000000,0,,否,,2.01,2.46,,,-30.7428,,
708865,新盛力台新5B購02,2026-07-22,1.53,0.24,18.6,2000000,0,,否,,1.66,,,,,,
708866,新盛力台新5B購03,2026-07-22,1.97,0.25,14.53,53000000,0,綠縮,是,,1.81,2.29,2.58,,-34.7543,-20.0629,-8.1585
708868,新盛力台新62購02,2026-07-22,2.0,0.39,24.22,1000000,0,綠縮,否,,1.91,2.67,2.99,,-44.0678,-19.4444,-8.5828
708869,中美晶中信5B購01,2026-07-22,2.65,0.48,22.12,145000000,0,紅縮,否,,2.81,2.46,1.92,,33.1754,41.136,32.3316
708870,光頡中信5B購01,2026-07-22,0.68,0.02,3.03,386000000,0,綠縮,否,,0.81,1.43,2.07,,-60.3314,-36.649,-8.7263
708871,威剛中信65購01,2026-07-22,0.47,0.06,14.63,1000000,0,綠縮,否,,0.48,0.51,0.55,,-11.8081,-10.2113,-7.5169
708872,台半永豐61購01,2026-07-22,1.38,0.15,12.2,52000000,0,,是,,2.32,2.2,,,12.3791,10.9651,
708874,雅特力永豐5B購01,2026-07-22,2.95,0.34,13.03,28000000,0,紅縮,否,,3.07,2.67,1.95,,36.2589,53.1609,30.1032
708875,千如國票5C購01,2026-07-22,0.82,0.02,2.5,71000000,0,綠縮,否,,0.92,1.37,1.9,,-49.0066,-36.8129,-12.9769
708878,光頡國票5C購01,2026-07-22,1.37,0.0,0.0,30000000,0,,是,,2.84,4.24,3.73,,-49.6989,-8.6348,
708880,亞通國票5B購01,2026-07-22,0.6,0.02,3.45,4000000,0,綠增,否,,0.63,0.76,0.76,,-28.8939,-7.4481,1.1251
708882,能率國票5C購01,2026-07-22,0.64,0.01,1.59,1000000,0,綠增,否,,0.75,0.9,0.9,,-28.8168,-10.6574,-4.4468
708884,智通*國票5B購02,2026-07-22,0.86,0.06,7.5,551000000,0,紅縮,是,,0.9,0.85,0.75,,14.7208,12.8,10.6305
708885,翔名國票5C購03,2026-07-22,0.7,0.09,14.75,10000000,0,綠增,否,,0.9,0.94,0.9,,-7.582,-1.0537,2.9697
708887,萬泰科國票5C購01,2026-07-22,0.6,0.05,9.09,150000000,0,,否,,0.64,0.84,0.92,,-38.9313,-18.2171,-12.166
708888,雷科國票5B購02,2026-07-22,2.34,0.24,11.43,27000000,0,綠縮,否,,2.44,2.91,3.49,,-28.0401,-18.654,-2.5437
708889,德微國票5C購01,2026-07-22,1.24,0.11,9.73,3000000,0,綠縮,否,,1.4,2.48,2.9,,-60.8525,-26.9219,-5.5002
708892,世界群益62購02,2026-07-22,0.8,0.18,29.03,151000000,0,,否,,0.77,0.85,1.02,,-17.2043,-26.087,-3.4091
708894,光頡群益5B購02,2026-07-22,1.44,0.16,12.5,155000000,0,綠增,是,,3.45,4.76,4.92,,-43.0972,-25.7098,1.7575
708895,均豪群益5B購02,2026-07-22,0.79,0.1,14.49,31000000,0,綠增,否,,0.91,1.17,1.3,,-36.0449,-21.1733,-9.9793
708896,擎亞群益5C購01,2026-07-22,1.23,0.14,12.84,1000000,0,綠增,否,,1.53,1.53,1.41,,0.1311,0.5929,7.2486
708897,雷科國泰61購01,2026-07-22,4.84,1.03,27.03,20000000,0,,是,,5.27,5.92,5.57,,-19.9088,-4.8957,
708898,寶雅富邦61購01,2026-07-22,1.6,-0.02,-1.23,333000000,0,綠縮,否,,1.61,1.87,1.83,,-24.1282,-5.9476,0.5785
708902,大中統一63購01,2026-07-22,1.18,0.16,15.69,35000000,0,,是,,1.33,1.71,1.52,,-36.9172,-9.3601,3.6382
708903,大中統一65購01,2026-07-22,1.09,0.14,14.74,483000000,0,綠縮,是,,1.02,1.4,1.45,,-43.0649,-17.422,1.6163
708904,世界統一64購02,2026-07-22,0.83,0.2,31.75,900000000,0,綠縮,是,,0.75,0.83,0.9,,-17.7632,-20.4785,4.4109
708905,世界統一65購01,2026-07-22,0.7,0.18,34.62,16000000,0,綠縮,否,,0.63,0.67,0.8,,-11.236,-20.3791,1.3889
708906,世界統一65購02,2026-07-22,0.6,0.11,22.45,15000000,0,綠縮,否,,0.56,0.6,0.69,,-11.9122,-19.2463,0.2896
708907,尼克森統一63購01,2026-07-22,0.71,0.05,7.58,2000000,0,綠增,否,,0.83,1.07,1.03,,-37.6133,-8.1981,2.072
708908,立敦統一63購01,2026-07-22,0.98,0.03,3.16,14000000,0,,否,,1.38,1.55,1.48,,-20.0696,-2.6976,0.9928
708909,立敦統一65購01,2026-07-22,0.9,0.05,5.88,6000000,0,綠增,否,,1.02,1.17,1.28,,-23.7237,-13.7399,-4.746
708910,立敦統一65購02,2026-07-22,0.89,-0.25,-21.93,130000000,0,綠增,否,,1.18,1.31,1.35,,-18.2825,-10.5048,0.0
708912,光頡統一63購01,2026-07-22,1.6,-0.12,-6.98,3000000,0,,是,,2.69,2.98,2.31,,-17.5138,16.7712,
708913,光頡統一65購01,2026-07-22,0.7,-0.11,-13.58,74000000,0,綠縮,否,,0.88,1.32,1.78,,-50.0568,-31.4834,-7.018
708914,光頡統一65購02,2026-07-22,0.55,0.0,0.0,1000000,0,,否,,0.61,0.88,0.98,,-46.5157,-26.2762,
708916,艾訊統一65購01,2026-07-22,0.48,0.06,14.29,2239000000,0,綠縮,是,,0.41,0.44,0.46,,-11.6379,-5.4113,-3.4958
708917,邑錡統一65購01,2026-07-22,0.62,-0.05,-7.46,637000000,0,綠增,是,,0.68,0.74,0.66,,-14.787,2.4965,5.3386
708918,亞通統一65購01,2026-07-22,0.56,0.03,5.66,14000000,0,,是,,0.59,0.61,,,-6.3694,-0.1642,
708919,欣銓統一63購01,2026-07-22,0.58,0.08,16.0,719000000,0,綠縮,是,,0.56,0.67,0.7,,-27.013,-14.9425,-7.3852
708920,欣銓統一65購02,2026-07-22,0.57,0.05,9.62,274000000,0,綠縮,是,,0.55,0.61,0.63,,-17.6119,-8.1203,-3.1346
708921,欣銓統一67購01,2026-07-22,1.01,0.08,8.6,705000000,0,綠縮,是,,0.98,1.11,1.16,,-21.129,-10.7804,-1.8636
708923,威剛統一64購02,2026-07-22,0.5,0.07,16.28,20000000,0,綠縮,否,,0.48,0.55,0.63,,-23.9617,-16.1339,-11.9664
708924,威剛統一65購01,2026-07-22,0.48,0.04,9.09,20000000,0,,否,,0.52,0.55,0.59,,-10.274,-6.2606,
708925,威剛統一65購02,2026-07-22,0.64,0.02,3.23,15000000,0,綠縮,否,,0.64,0.69,0.74,,-13.0081,-9.6859,-5.9085
708927,威剛統一69購01,2026-07-22,0.45,0.03,7.14,237000000,0,綠縮,是,,0.44,0.47,0.5,,-12.6482,-6.3241,-4.5671
708928,茂達統一64購01,2026-07-22,1.02,0.32,45.71,15000000,0,綠縮,否,,0.9,1.24,1.19,,-43.1818,-11.4754,0.3361
708929,茂綸統一63購01,2026-07-22,0.45,0.04,9.76,1000000,0,,否,,0.56,0.6,0.7,,-14.9847,-14.6685,
708930,翔名統一63購01,2026-07-22,0.7,0.13,22.81,1250000000,0,綠縮,是,,0.69,0.77,0.8,,-19.2037,-8.5308,2.11
708931,翔名統一65購01,2026-07-22,0.64,0.06,10.34,373000000,0,,否,,0.66,0.71,0.71,,-14.1361,-4.9531,
708934,順達統一65購02,2026-07-22,0.68,0.04,6.25,8000000,0,,否,,0.73,0.77,0.81,,-10.1485,-5.774,
708935,新盛力統一69購01,2026-07-22,0.66,0.03,4.76,1722000000,0,綠縮,是,,0.64,0.75,0.8,,-25.8661,-8.6061,-6.8645
708936,聖暉*統一63購02,2026-07-22,0.89,0.02,2.3,410000000,0,綠縮,是,,0.85,1.02,1.01,,-29.1457,-11.5351,3.8481
708937,臺慶科統一63購01,2026-07-22,0.8,0.04,5.26,624000000,0,綠縮,是,,0.82,1.17,1.45,,-45.3581,-30.012,-10.3896
708938,臺慶科統一65購01,2026-07-22,0.61,0.05,8.93,564000000,0,綠縮,是,,0.61,0.78,1.04,,-34.8195,-28.361,-13.3473
708939,擎亞統一67購01,2026-07-22,0.8,0.03,3.9,97000000,0,綠縮,否,,0.77,0.89,0.89,,-23.5644,-7.0907,1.1338
708941,世界凱基63購01,2026-07-22,1.24,0.43,53.09,4000000,0,,否,,1.04,1.09,1.26,,-8.7413,-19.0229,-0.3546
708942,台半凱基61購01,2026-07-22,1.4,0.16,12.9,238000000,0,,是,,2.42,2.71,2.39,,-19.6144,6.184,
708943,台星科凱基5C購01,2026-07-22,0.65,0.18,38.3,1000000,0,,否,,0.63,0.81,1.0,,-36.3636,-22.8571,
708944,均豪凱基5B購03,2026-07-22,0.43,0.04,10.26,58000000,0,,否,,0.54,0.64,0.76,,-26.087,-7.6479,
708945,威剛凱基5B購08,2026-07-22,0.66,0.08,13.79,307000000,0,綠縮,否,,0.64,0.75,0.85,,-25.6944,-12.7462,-9.5518
708947,擎亞凱基5B購04,2026-07-22,1.71,0.14,8.92,19000000,0,綠縮,否,,1.57,2.12,2.2,,-41.3174,-13.1148,-1.0804
708949,鈊象台新5B購04,2026-07-22,1.58,-0.02,-1.25,118000000,0,,是,,1.73,1.88,,,-14.2574,-4.8199,
708950,優群台新5B購02,2026-07-22,0.74,0.07,10.45,167000000,0,,是,,0.7,0.95,1.29,,-41.9301,-29.4729,
708953,均豪元大5B購03,2026-07-22,0.42,0.12,40.0,15000000,0,,否,,0.47,0.46,0.48,,4.0,6.993,
708954,威剛元大5B購12,2026-07-22,1.07,0.11,11.46,153000000,0,綠縮,是,,1.02,1.19,1.35,,-24.9267,-14.0389,-8.0519
708955,威剛元大5B購13,2026-07-22,0.91,0.11,13.75,35000000,0,綠縮,是,,0.9,1.03,1.17,,-23.1164,-12.827,-11.7714
708956,順達元大5B購06,2026-07-22,2.69,0.31,13.03,465000000,0,,是,,2.68,3.03,3.13,,-20.9563,-5.9826,
708958,雷科元大5B購02,2026-07-22,3.08,0.33,12.0,6000000,0,綠增,否,,3.42,3.98,4.37,,-24.8352,-21.7246,-1.7859
708964,凌陽創永豐61購01,2026-07-22,0.52,0.07,15.56,92000000,0,,是,,0.59,0.75,0.8,,-34.292,-16.6852,
708967,均豪群益5B購03,2026-07-22,0.46,0.12,35.29,30000000,0,綠增,否,,0.56,0.79,0.79,,-44.4664,-16.2766,-11.7911
708969,朋程群益5B購02,2026-07-22,0.61,0.06,10.91,1000000,0,綠縮,否,,0.68,0.9,1.01,,-39.8936,-14.8916,-2.8874
708970,欣銓群益5B購03,2026-07-22,1.02,0.2,24.39,1000000,0,綠縮,否,,0.99,1.24,1.31,,-33.8255,-11.1271,-4.7097
708972,鈺太群益5B購01,2026-07-22,0.18,0.04,28.57,70000000,0,,是,,0.27,0.52,,,-64.9351,,
708974,雙鴻群益5B購08,2026-07-22,0.97,0.0,0.0,6000000,0,,否,,1.04,1.59,,,-51.1693,-39.6205,
708977,台半統一63購01,2026-07-22,0.96,0.1,11.63,20000000,0,,否,,1.72,1.81,1.55,,-9.674,18.8444,
708978,台半統一65購01,2026-07-22,0.57,0.05,9.62,39000000,0,綠縮,否,,0.58,0.8,0.88,,-44.0777,-17.5565,-2.1194
708979,台半統一69購01,2026-07-22,0.58,0.04,7.41,10000000,0,綠縮,否,,0.58,0.77,0.79,,-39.0756,-16.0088,-1.8738
708980,台星科統一65購01,2026-07-22,0.56,0.06,12.0,259000000,0,綠縮,否,,0.53,0.62,0.67,,-26.4624,-14.4231,-5.3333
708981,立敦統一65購03,2026-07-22,0.78,0.03,4.0,1000000,0,,否,,1.0,1.09,1.12,,-15.9933,-7.4513,-1.9341
708984,欣銓統一65購03,2026-07-22,0.58,0.08,16.0,77000000,0,,否,,0.65,0.66,0.66,,-4.4118,0.1506,
708987,威剛統一65購04,2026-07-22,0.69,0.06,9.52,15000000,0,,否,,0.7,0.77,0.87,,-16.1905,-11.9726,
708988,茂達統一65購01,2026-07-22,0.98,0.18,22.5,358000000,0,綠縮,是,,0.84,1.08,1.12,,-36.3775,-16.0812,0.2231
708991,聖暉*統一65購02,2026-07-22,1.11,0.1,9.9,638000000,0,綠縮,是,,1.01,1.13,1.19,,-18.9406,-11.7371,0.2104
708992,德微統一63購02,2026-07-22,0.5,0.05,11.11,34000000,0,綠縮,否,,0.54,1.0,1.21,,-62.6374,-31.1769,-4.7017
708994,擎亞統一63購01,2026-07-22,1.19,0.1,9.17,10000000,0,,否,,1.43,1.37,1.18,,9.9693,21.9056,
708995,擎亞統一65購01,2026-07-22,0.84,0.05,6.33,69000000,0,綠縮,否,,0.81,1.01,0.94,,-32.7815,-8.3485,-0.3181
708997,鑫科統一69購01,2026-07-22,0.4,0.02,5.26,20000000,0,綠縮,否,,0.41,0.45,0.46,,-17.4089,-5.4507,-4.6632
709000,欣銓國票5C購02,2026-07-22,0.98,0.13,15.29,38000000,0,,是,,1.15,1.26,1.31,,-16.2791,-7.3993,
709001,泓格國票5B購01,2026-07-22,1.4,-0.04,-2.78,363000000,0,紅增,是,,1.17,0.98,0.9,,50.1279,17.407,6.0997
709002,泓格國票5C購01,2026-07-22,1.49,-0.15,-9.15,1013000000,0,紅增,是,,1.26,1.13,1.05,,25.4473,17.1488,-8.0263
709003,雷科國票5B購04,2026-07-22,3.23,0.64,24.71,2000000,0,,否,,3.72,4.27,3.79,,-22.799,1.7163,
709004,漢達國票5C購01,2026-07-22,0.76,0.06,8.57,431000000,0,綠縮,是,,0.75,0.99,0.98,,-38.961,-14.1869,7.5949
709005,德微國票5C購02,2026-07-22,0.93,0.07,8.14,24000000,0,綠增,否,,1.05,1.97,2.17,,-63.4468,-24.8279,-7.9294
709006,大中台新5B購01,2026-07-22,2.7,0.37,15.88,205000000,0,,否,,3.24,3.63,2.96,,-19.5425,11.1145,
709008,立敦台新5B購03,2026-07-22,2.66,0.25,10.37,20000000,0,,是,,3.18,4.3,4.41,,-41.183,-15.283,
709009,佳邦台新5B購01,2026-07-22,1.15,0.1,9.52,66000000,0,綠縮,否,,1.17,1.63,1.9,,-44.4762,-21.4904,-13.0266
709011,立敦凱基5B購01,2026-07-22,0.95,0.08,9.2,90000000,0,綠縮,是,,1.17,1.57,1.9,,-40.3061,-24.976,-9.2212
709014,朋程凱基5B購02,2026-07-22,0.65,0.1,18.18,7000000,0,,否,,1.0,1.34,1.44,,-40.547,-23.6767,-11.3022
709019,臺慶科凱基63購01,2026-07-22,0.69,0.04,6.15,233000000,0,綠縮,是,,0.71,1.09,1.44,,-51.5689,-34.4973,-11.79
709022,雙鴻凱基61購03,2026-07-22,0.72,-0.03,-4.0,40000000,0,綠縮,否,,0.68,0.83,1.01,,-30.6911,-22.2948,-18.7224
709024,世界群益61購01,2026-07-22,0.84,0.17,25.37,381000000,0,綠縮,是,,0.83,0.91,1.13,,-17.4,-26.252,1.2539
709026,台半群益5B購03,2026-07-22,2.17,0.34,18.58,16000000,0,,否,,2.74,2.69,,,3.9424,18.0342,
709028,威剛群益5B購03,2026-07-22,1.23,0.22,21.78,46000000,0,綠縮,否,,1.21,1.43,1.65,,-26.5207,-15.9694,-10.748
709032,新盛力群益61購01,2026-07-22,2.21,0.28,14.51,688000000,0,綠縮,否,,1.99,2.61,2.9,,-38.1366,-15.7997,-12.4755
709034,台半元大5B購04,2026-07-22,2.72,0.79,40.93,25000000,0,,是,,3.33,2.94,,,30.9992,,
709036,金益鼎元大5B購01,2026-07-22,0.27,0.01,3.85,98000000,0,綠縮,否,,0.27,0.31,0.41,,-22.5989,-19.0722,-19.4857
709037,威剛元大5B購14,2026-07-22,5.05,0.43,9.31,184000000,0,綠縮,是,,4.86,5.71,6.5,,-25.8537,-14.491,-10.7925
709038,原相元大5B購02,2026-07-22,0.44,0.14,46.67,763000000,0,綠縮,否,,0.33,0.52,0.67,,-52.4355,-32.6797,-12.5243
709039,順達元大5B購07,2026-07-22,10.6,1.2,12.77,108000000,0,,是,,10.67,12.29,12.48,,-23.2374,-3.7226,
709043,寶雅元大5B購01,2026-07-22,1.51,0.04,2.72,45000000,0,綠縮,否,,1.45,1.85,1.73,,-35.727,-5.7956,1.2865
709044,威剛國泰5C購01,2026-07-22,1.61,0.18,12.59,31000000,0,綠縮,是,,1.65,1.8,1.97,,-15.5419,-9.5286,-5.2076
709046,威剛國泰5C購03,2026-07-22,1.18,0.12,11.32,1000000,0,,否,,1.47,1.6,,,-14.8148,-7.6212,
709047,擎亞國泰62購01,2026-07-22,3.59,0.41,12.89,359000000,0,綠縮,是,,3.56,4.19,4.18,,-26.0581,-6.5329,4.5784
709048,久元富邦61購04,2026-07-22,0.27,0.01,3.85,7000000,0,,否,,0.37,0.46,,,-31.8681,,
709049,台半富邦62購02,2026-07-22,0.81,0.09,12.5,108000000,0,綠增,是,,1.23,1.39,1.28,,-20.6186,-6.3887,2.8022
709051,新盛力富邦61購05,2026-07-22,1.58,0.16,11.27,109000000,0,,是,,1.48,1.83,,,-32.5411,-2.3974,
709057,沛亨統一65購01,2026-07-22,0.36,0.05,16.13,3000000,0,,否,,0.52,0.68,,,-39.4366,-26.7666,
709059,欣銓統一5B購01,2026-07-22,0.65,0.07,12.07,29000000,0,,否,,0.66,0.81,0.8,,-32.3711,-4.0142,
709060,欣銓統一65購04,2026-07-22,0.59,0.06,11.32,205000000,0,,否,,0.58,0.65,0.68,,-20.3857,-8.9385,-4.8592
709061,茂達統一65購02,2026-07-22,0.78,0.13,20.0,205000000,0,,是,,0.73,0.9,,,-30.4924,-6.1845,
709062,凌陽創統一63購01,2026-07-22,0.42,0.05,13.51,10000000,0,,否,,0.45,0.53,,,-25.9016,-13.9384,
709065,德微統一5B購01,2026-07-22,0.33,-0.02,-5.71,30000000,0,綠增,否,,0.43,0.8,0.96,,-62.7148,-29.0409,-6.6764
709066,德微統一65購01,2026-07-22,0.81,0.1,14.08,11000000,0,綠縮,否,,0.83,0.97,1.0,,-24.0437,-11.1316,5.8232
709070,鑫科統一64購01,2026-07-22,0.37,0.01,2.78,5000000,0,綠增,否,,0.41,0.5,0.52,,-30.3754,-13.2635,-6.6726
709071,立敦永豐61購01,2026-07-22,1.26,0.09,7.69,9000000,0,綠增,否,,1.45,1.74,1.89,,-28.2178,-18.5063,-2.8733
709072,佳邦永豐63購01,2026-07-22,1.01,0.04,4.12,60000000,0,綠縮,是,,1.01,1.28,1.51,,-35.1351,-20.9747,-11.0227
709073,威剛永豐5B購02,2026-07-22,0.62,0.07,12.73,1000000,0,綠縮,否,,0.61,0.72,0.81,,-26.1501,-13.5981,-8.4938
709075,原相永豐5C購01,2026-07-22,0.78,0.12,18.18,170000000,0,綠縮,是,,0.64,0.84,0.97,,-38.3142,-22.9927,-7.026
709079,台半國票61購01,2026-07-22,0.88,0.14,18.92,40000000,0,綠縮,是,,0.89,1.52,1.68,,-58.3567,-25.6737,-0.6202
709081,茂達國票5C購01,2026-07-22,1.07,0.09,9.18,279000000,0,綠縮,否,,0.91,1.33,1.46,,-47.4713,-22.669,-1.0523
709082,博大國票5C購01,2026-07-22,0.58,0.04,7.41,5000000,0,,否,,0.58,0.77,0.65,,-39.2484,2.2576,
709083,晶宏國票5C購02,2026-07-22,0.67,0.04,6.35,127000000,0,綠縮,是,,0.72,0.95,1.06,,-39.0203,-20.6495,-10.7188
709085,雷科國票5B購05,2026-07-22,4.12,0.59,16.71,1000000,0,,否,,4.26,4.99,,,-25.359,-0.1202,
709086,德微國票5C購03,2026-07-22,0.67,0.05,8.06,31000000,0,綠縮,否,,0.69,1.33,1.62,,-65.2525,-29.0803,-6.8678
709089,世紀*元大5B購01,2026-07-22,0.56,-0.1,-15.15,54000000,0,綠增,否,,0.68,0.85,0.85,,-33.6595,-13.442,-4.4357
709090,台特化元大5B購02,2026-07-22,0.74,0.06,8.82,42000000,0,,否,,0.88,1.1,1.25,,-32.9287,-17.8358,
709091,博智元大5B購02,2026-07-22,0.37,0.04,12.12,123000000,0,綠縮,否,,0.38,0.54,0.78,,-44.4767,-32.0203,-13.7298
709092,智通*元大5B購01,2026-07-22,1.43,0.05,3.62,22000000,0,紅縮,否,,1.53,1.46,1.28,,9.7561,15.9397,11.4361
709093,鈊象元大5B購02,2026-07-22,1.51,0.02,1.34,558000000,0,綠縮,是,,1.44,1.66,1.75,,-23.2657,-10.7759,-8.0526
709094,群聯元大5B購15,2026-07-22,3.72,0.51,15.89,336000000,0,綠縮,是,,3.5,4.5,6.07,,-36.1516,-27.4722,-13.1888
709095,群聯元大5B購16,2026-07-22,0.82,0.13,18.84,61000000,0,綠縮,否,,0.77,0.96,1.31,,-33.7931,-27.7361,-16.2604
709097,雙鴻元大5B購03,2026-07-22,5.0,-0.2,-3.85,291000000,0,,否,,4.88,5.37,7.25,,-16.752,-29.3847,
709098,尼克森國票5B購02,2026-07-22,1.31,0.16,13.91,70000000,0,綠縮,是,,1.4,1.92,1.97,,-42.9739,-14.1581,-1.1072
709099,朋程國票5B購02,2026-07-22,1.23,0.27,28.13,1000000,0,綠縮,否,,1.15,1.63,1.86,,-45.4545,-22.5806,-7.3871
709100,晶宏國票5C購03,2026-07-22,0.5,0.04,8.7,95000000,0,綠增,是,,0.57,0.76,0.83,,-39.0658,-17.2489,-8.2268
709101,華容國票5C購02,2026-07-22,4.1,0.71,20.94,1000000,0,綠縮,否,,3.41,4.43,3.6,,-37.3715,-1.7303,16.4266
709102,群聯國票61購03,2026-07-22,0.58,0.11,23.4,1000000,0,綠縮,否,,0.53,0.68,0.87,,-37.1429,-26.3724,-12.2922
709103,雷科國票5C購01,2026-07-22,2.01,0.1,5.24,332000000,0,綠縮,否,,2.15,2.35,2.85,,-15.674,-17.4157,-2.3638
709104,臺慶科國票5C購03,2026-07-22,0.48,0.09,23.08,2000000,0,綠縮,否,,0.48,0.7,1.12,,-48.7124,-40.7065,-17.8258
709105,廣穎國票5C購02,2026-07-22,1.56,0.17,12.23,40000000,0,綠縮,否,,1.52,1.79,2.33,,-26.0194,-21.5755,-10.1256
709107,擎亞國票5C購01,2026-07-22,1.65,0.13,8.55,25000000,0,綠縮,否,,1.49,1.92,1.97,,-36.3714,-10.8585,0.331
709109,中美晶凱基63購01,2026-07-22,3.0,0.49,19.52,15000000,0,,否,,3.1,2.54,1.98,,56.0484,44.8119,26.388
709113,博智凱基5B購02,2026-07-22,0.3,0.04,15.38,60000000,0,綠縮,否,,0.33,0.48,0.63,,-47.6038,-31.9544,-16.0989
709114,博智凱基5B購03,2026-07-22,0.21,0.07,50.0,100000000,0,綠縮,否,,0.22,0.33,0.49,,-49.7738,-32.9293,-14.3986
709115,群聯凱基5B購05,2026-07-22,0.44,0.05,12.82,481000000,0,綠縮,是,,0.48,0.6,0.8,,-34.7945,-27.7844,-11.9403
709119,中光電台新5B購01,2026-07-22,3.2,-1.06,-24.88,55000000,0,,否,,4.01,4.17,3.25,,-7.6498,22.0825,
709122,博盛台新5B購01,2026-07-22,0.58,0.1,20.83,10000000,0,,是,,1.34,1.54,1.26,,-22.4277,21.0402,
709126,順達台新5B購04,2026-07-22,3.15,0.4,14.55,303000000,0,綠縮,否,,3.06,3.73,3.85,,-30.64,-6.2798,-6.4919
709127,群聯台新5B購09,2026-07-22,1.05,0.13,14.13,1829000000,0,綠縮,是,,1.15,1.57,2.05,,-41.776,-30.742,-12.8368
709128,群聯台新5B購10,2026-07-22,0.61,0.05,8.93,460000000,0,綠縮,是,,0.72,0.86,1.06,,-27.3092,-23.6234,-10.2792
709130,雷科台新5B購01,2026-07-22,3.2,0.44,15.94,8000000,0,,否,,3.8,3.59,,,12.3004,,
709131,雷科台新5B購02,2026-07-22,2.81,0.1,3.69,632000000,0,綠縮,是,,3.0,3.37,4.19,,-19.8184,-18.7816,-2.8403
709134,鑫科台新5B購01,2026-07-22,0.73,0.08,12.31,10000000,0,綠縮,否,,0.78,1.04,1.07,,-40.1225,-19.007,-16.3473
709136,博智富邦61購02,2026-07-22,0.27,0.05,22.73,165000000,0,綠縮,是,,0.28,0.38,0.5,,-42.2594,-28.327,-11.6974
709137,群聯富邦61購03,2026-07-22,0.48,0.08,20.0,151000000,0,綠縮,否,,0.47,0.57,0.68,,-29.9703,-21.6142,-9.7948
709138,群聯富邦61購04,2026-07-22,0.47,0.07,17.5,151000000,0,,是,,0.49,0.62,0.69,,-35.5438,-19.8966,
709139,安勤永豐5C購01,2026-07-22,1.28,0.04,3.23,100000000,0,紅增,是,,1.15,1.15,1.1,,0.349,0.8787,4.7438
709140,朋程永豐5C購01,2026-07-22,0.58,0.06,11.54,1000000,0,綠增,否,,0.76,0.94,0.97,,-31.7204,-16.9761,-6.4516
709145,群聯永豐65購04,2026-07-22,0.52,0.06,13.04,60000000,0,,否,,0.68,0.79,,,-22.973,,
709146,漢科永豐5C購01,2026-07-22,0.63,0.04,6.78,276000000,0,綠縮,是,,0.64,0.67,0.7,,-8.0692,-6.4607,-1.2048
709147,中美晶統一66購01,2026-07-22,1.22,0.12,10.91,655000000,0,紅縮,否,,1.26,1.18,1.02,,15.9633,19.7355,16.3709
709148,正淩統一65購03,2026-07-22,0.32,0.0,0.0,49000000,0,,否,,0.37,0.43,0.44,,-23.8683,-7.1584,
709149,沛亨統一63購01,2026-07-22,0.26,0.03,13.04,639000000,0,,是,,0.42,0.64,0.81,,-51.7401,-24.5573,
709151,沛亨統一65購02,2026-07-22,0.29,0.04,16.0,16000000,0,綠縮,否,,0.3,0.42,0.65,,-44.2804,-41.6321,-18.5418
709152,佳邦統一63購01,2026-07-22,0.62,0.05,8.77,12000000,0,綠縮,否,,0.61,0.75,0.85,,-32.3661,-17.8337,-9.9631
709153,佳邦統一65購01,2026-07-22,0.43,0.04,10.26,10000000,0,綠縮,否,,0.42,0.54,0.61,,-37.2372,-17.5038,-9.882
709155,欣銓統一63購02,2026-07-22,0.5,0.05,11.11,1000000,0,,否,,0.49,0.59,0.61,,-27.9412,-11.7647,
709156,茂達統一65購03,2026-07-22,0.74,0.12,19.35,14000000,0,綠縮,否,,0.71,0.89,0.87,,-33.5196,-8.8685,2.2248
709158,茂綸統一65購02,2026-07-22,0.54,0.03,5.88,47000000,0,,否,,0.53,0.58,0.63,,-14.9682,-8.9342,-8.2602
709159,茂綸統一65購03,2026-07-22,0.49,0.03,6.52,119000000,0,,否,,0.52,0.55,0.59,,-11.9048,-7.3702,-7.6443
709160,神準統一66購01,2026-07-22,0.63,0.02,3.28,40000000,0,,否,,0.64,0.67,0.69,,-6.6667,-4.8502,
709161,博智統一63購02,2026-07-22,0.26,0.01,4.0,150000000,0,綠縮,否,,0.31,0.4,0.49,,-37.751,-25.5985,-13.6121
709164,萬泰科統一75購01,2026-07-22,0.54,0.03,5.88,10000000,0,,否,,0.55,0.6,0.63,,-16.7683,-6.3863,
709166,群聯統一63購01,2026-07-22,0.39,0.05,14.71,790000000,0,綠縮,是,,0.36,0.44,0.54,,-29.6875,-21.8638,-11.8123
709167,群聯統一63購02,2026-07-22,0.33,0.05,17.86,1410000000,0,綠縮,是,,0.3,0.37,0.49,,-31.2217,-26.5748,-11.1615
709168,群聯統一65購01,2026-07-22,0.32,0.03,10.34,112000000,0,綠縮,否,,0.31,0.38,0.5,,-33.7662,-25.0,-12.3576
709171,群聯統一69購02,2026-07-22,0.59,0.06,11.32,5000000,0,綠縮,否,,0.58,0.68,0.79,,-25.8974,-18.5851,-7.2438
709173,群聯統一75購01,2026-07-22,1.1,0.07,6.8,190000000,0,綠縮,否,,1.06,1.18,1.33,,-18.7117,-13.2795,-6.0734
709174,聖暉*統一65購03,2026-07-22,1.15,0.12,11.65,352000000,0,綠縮,否,,1.05,1.16,1.23,,-17.2196,-11.9482,-0.2023
709175,鈺太統一69購01,2026-07-22,0.44,0.05,12.82,98000000,0,,否,,0.53,0.59,,,-19.5122,,
709176,臺慶科統一65購02,2026-07-22,0.48,0.06,14.29,100000000,0,綠縮,否,,0.45,0.59,0.74,,-36.9444,-25.5076,-10.5996
709179,廣穎統一65購01,2026-07-22,0.75,0.04,5.63,74000000,0,,是,,0.78,0.93,0.99,,-27.5416,-15.7182,
709180,廣穎統一69購01,2026-07-22,0.85,0.09,11.84,5000000,0,綠縮,否,,0.82,0.89,1.01,,-14.5228,-10.6893,-6.8024
709185,群聯中信63購01,2026-07-22,0.48,0.05,11.63,2000000,0,,否,,0.48,0.58,0.71,,-31.2139,-20.8672,
709187,原相群益5B購01,2026-07-22,0.61,0.21,52.5,1000000,0,,否,,1.04,1.07,,,-5.6466,,
709188,博智群益5B購02,2026-07-22,0.61,0.16,35.56,26000000,0,綠縮,否,,0.57,0.81,1.21,,-46.3138,-34.5411,-14.7927
709189,博智群益5B購03,2026-07-22,0.31,-0.1,-24.39,10000000,0,,否,,0.56,0.78,0.87,,-44.9505,-12.318,
709190,華容群益5B購01,2026-07-22,7.8,1.25,19.08,1000000,0,,否,,10.95,9.47,6.52,,37.012,54.8055,48.9041
709192,群聯群益5B購07,2026-07-22,1.27,0.19,17.59,124000000,0,綠縮,否,,1.22,1.65,2.34,,-41.3628,-31.4677,-14.6145
709195,擎亞群益62購01,2026-07-22,1.3,0.12,10.17,11000000,0,,否,,1.44,1.56,1.41,,-13.9952,3.8051,
709199,威聯通永豐61購01,2026-07-22,0.33,0.05,17.86,101000000,0,,是,,0.35,0.44,0.62,,-33.9623,-26.5442,
709201,富喬永豐66購01,2026-07-22,0.55,0.04,7.84,50000000,0,綠縮,是,,0.6,0.71,0.8,,-27.0073,-19.0205,-9.871
709203,順達永豐64購01,2026-07-22,1.18,0.11,10.28,506000000,0,綠縮,是,,1.18,1.36,1.41,,-24.129,-6.0,-5.6169
709204,順達永豐67購01,2026-07-22,1.19,0.14,13.33,175000000,0,綠縮,否,,1.25,1.31,1.37,,-9.4477,-7.4806,-4.4901
709205,鈊象永豐63購01,2026-07-22,1.1,-0.01,-0.9,56000000,0,綠縮,否,,1.06,1.16,1.22,,-15.016,-9.1052,-5.1402
709206,新盛力永豐5C購02,2026-07-22,0.76,0.09,13.43,458000000,0,綠縮,否,,0.71,1.01,1.13,,-45.2308,-15.7454,-12.2131
709208,沛亨凱基5B購03,2026-07-22,0.23,0.04,21.05,150000000,0,綠縮,否,,0.24,0.41,0.8,,-58.4192,-54.1713,-20.7407
709212,富喬凱基61購03,2026-07-22,0.43,0.04,10.26,5000000,0,,否,,0.73,0.85,0.89,,-25.9184,-6.1606,
709214,勤凱凱基5B購03,2026-07-22,0.28,0.02,7.69,1064000000,0,綠縮,是,,0.31,0.53,0.83,,-58.9333,-36.0339,-26.6108
709216,群聯凱基61購04,2026-07-22,0.48,0.07,17.07,104000000,0,綠縮,否,,0.46,0.58,0.78,,-34.8442,-28.8156,-13.1844
709217,臺慶科凱基5B購03,2026-07-22,0.31,0.03,10.71,178000000,0,綠縮,是,,0.33,0.56,0.99,,-57.0694,-45.9144,-20.4839
709219,中光電台新5B購02,2026-07-22,2.55,-0.05,-1.92,61000000,0,紅轉綠,是,,3.38,3.61,2.78,,-12.0833,17.4097,21.4192
709220,台星科台新5B購01,2026-07-22,0.87,0.23,35.94,30000000,0,,是,,0.77,1.08,,,-43.913,-23.2906,
709221,台星科台新5B購02,2026-07-22,0.87,0.09,11.54,29000000,0,,否,,0.81,1.04,,,-35.7595,-26.8499,
709224,佳邦台新5B購02,2026-07-22,1.07,0.05,4.9,32000000,0,綠縮,否,,1.11,1.64,1.92,,-48.7061,-23.0009,-12.4429
709225,佳邦台新5B購03,2026-07-22,0.67,0.07,11.67,163000000,0,,是,,1.35,1.63,,,-29.3626,,
709226,順達台新5B購05,2026-07-22,3.08,0.64,26.23,19000000,0,綠增,是,,3.55,3.75,3.87,,-9.8985,-5.4532,-2.6544
709227,勤凱台新5B購02,2026-07-22,0.52,0.08,18.18,10000000,0,綠縮,否,,0.68,1.01,1.46,,-49.6296,-31.8792,-21.6318
709231,雙鴻台新5B購01,2026-07-22,1.29,0.09,7.5,100000000,0,,是,,1.26,1.62,,,-35.8376,-22.2596,
709235,良維國泰5C購02,2026-07-22,1.12,0.13,13.13,44000000,0,綠縮,否,,1.09,1.73,2.07,,-54.1315,-27.8866,-17.2207
709236,富喬國泰5C購01,2026-07-22,0.7,0.05,7.69,54000000,0,,是,,0.92,1.22,1.31,,-39.9738,-18.6,
709237,順達國泰5C購01,2026-07-22,1.14,0.17,17.53,2000000,0,綠縮,否,,1.1,1.3,1.37,,-26.0403,-6.9634,-6.8577
709238,群聯國泰5C購01,2026-07-22,0.75,0.12,19.05,27000000,0,綠縮,否,,0.69,0.88,1.16,,-35.272,-26.7112,-12.6272
709241,富喬富邦5B購02,2026-07-22,0.2,0.03,17.65,10000000,0,綠縮,否,,0.22,0.39,0.43,,-58.9744,-27.2212,-18.6616
709242,群聯富邦62購06,2026-07-22,0.43,0.06,16.22,205000000,0,綠縮,是,,0.42,0.53,0.62,,-33.6478,-23.3333,-13.4172
709244,欣銓元大5B購03,2026-07-22,1.2,0.26,27.66,13000000,0,,否,,1.24,1.41,1.31,,-21.871,-0.4944,
709245,威剛元大5B購15,2026-07-22,2.1,0.2,10.53,460000000,0,綠縮,是,,2.17,2.47,2.78,,-22.0144,-12.2384,-8.9572
709246,原相元大5B購03,2026-07-22,0.86,0.13,17.81,1739000000,0,綠縮,否,,0.71,0.96,1.15,,-41.4594,-26.5181,-9.3517
709247,博智元大5B購03,2026-07-22,0.42,0.08,23.53,496000000,0,綠增,是,,0.55,0.77,0.97,,-45.0902,-28.4921,-14.0382
709248,富喬元大5B購03,2026-07-22,0.72,0.09,14.29,272000000,0,綠縮,否,,0.76,1.08,1.18,,-45.1799,-22.0854,-15.0395
709249,富喬元大5B購04,2026-07-22,0.29,0.05,20.83,230000000,0,綠縮,否,,0.3,0.42,0.52,,-44.2804,-28.9562,-9.3913
709253,新盛力元大5B購07,2026-07-22,1.62,0.12,8.0,10000000,0,綠縮,否,,1.56,2.09,2.3,,-40.6844,-14.5595,-10.8637
709254,群聯元大5B購17,2026-07-22,3.69,0.45,13.89,15000000,0,綠縮,否,,3.75,4.73,6.1,,-34.3608,-27.1901,-18.2038
709255,群聯元大5B購18,2026-07-22,0.65,0.07,12.07,816000000,0,,是,,0.68,0.86,1.07,,-34.1699,-25.8844,
709257,擎亞元大5B購09,2026-07-22,0.95,0.06,6.74,1000000,0,綠增,否,,1.16,1.52,1.48,,-38.6002,-14.7816,0.7831
709258,中美晶群益5B購05,2026-07-22,14.1,2.5,21.55,12000000,0,紅縮,否,,14.44,12.83,10.06,,28.5841,38.4574,30.086
709259,均豪群益5B購05,2026-07-22,0.95,0.22,30.14,103000000,0,綠增,否,,1.11,1.41,1.53,,-34.9708,-18.1555,-4.9566
709260,富喬群益5B購02,2026-07-22,0.33,0.03,10.0,85000000,0,,否,,0.5,0.72,0.78,,-46.6809,-17.984,
709262,新盛力群益63購01,2026-07-22,1.2,0.11,10.09,785000000,0,綠縮,是,,1.12,1.51,1.65,,-40.7407,-13.2565,-10.4863
709264,群聯群益5B購08,2026-07-22,1.93,0.24,14.2,376000000,0,綠縮,否,,1.84,2.4,3.15,,-37.4915,-26.2235,-13.1865
709267,方土昶永豐5C購01,2026-07-22,0.5,0.04,8.7,50000000,0,綠縮,否,,0.53,0.6,0.72,,-19.9396,-13.8728,-15.5867
709268,茂達永豐63購01,2026-07-22,0.87,0.07,8.75,110000000,0,,是,,0.8,1.05,1.08,,-38.5911,-16.0828,
709271,中美晶凱基5B購05,2026-07-22,2.33,0.62,36.26,5000000,0,紅縮,否,,2.59,2.13,1.59,,55.036,45.5852,40.8526
709272,台半凱基5B購02,2026-07-22,0.76,0.12,18.75,8000000,0,,否,,1.44,1.79,1.54,,-32.2066,-5.1989,
709274,均豪凱基5B購04,2026-07-22,0.3,0.02,7.14,31000000,0,,是,,0.37,0.48,0.47,,-36.8601,-12.6143,-17.55
709275,沛亨凱基5C購01,2026-07-22,0.27,0.04,17.39,50000000,0,,否,,0.45,0.73,0.85,,-54.8708,-23.4801,
709277,華容凱基5B購01,2026-07-22,3.3,0.35,11.86,1000000,0,綠增,否,,3.16,3.73,2.99,,-26.524,4.778,21.5388
709278,華容凱基5C購01,2026-07-22,3.2,-0.6,-15.79,1000000,0,綠增,否,,3.83,4.44,3.26,,-24.1188,14.5769,28.2985
709279,萬泰科凱基5B購02,2026-07-22,0.35,0.05,16.67,15000000,0,綠增,是,,0.42,0.56,0.61,,-40.2857,-18.0352,-13.0029
709280,精材凱基5B購09,2026-07-22,2.13,0.48,29.09,360000000,0,紅增,是,,1.71,1.47,1.14,,40.3279,39.3536,37.0348
709284,艾訊台新5B購03,2026-07-22,1.5,0.35,30.43,143000000,0,,是,,1.15,1.28,1.37,,-19.1819,-9.8453,-5.3232
709285,艾訊台新5B購04,2026-07-22,1.48,0.54,57.45,108000000,0,,否,,1.2,1.33,1.38,,-17.8326,-7.4564,
709287,南俊台新5B購01,2026-07-22,0.63,0.04,6.78,542000000,0,綠增,是,,0.82,1.13,1.35,,-43.1944,-28.3175,-6.0712
709288,南俊台新5B購02,2026-07-22,0.58,0.01,1.75,185000000,0,綠縮,是,,0.72,1.03,1.27,,-46.2575,-31.8966,-7.7091
709289,順達台新5B購06,2026-07-22,1.42,0.21,17.36,455000000,0,綠縮,否,,1.41,1.71,1.77,,-30.1193,-5.8402,-5.6398
709291,臺慶科台新5B購06,2026-07-22,1.08,0.14,14.89,356000000,0,綠縮,是,,1.07,1.52,2.28,,-45.5375,-36.8835,-16.2257
709292,臺慶科台新5B購07,2026-07-22,1.12,0.09,8.74,506000000,0,綠縮,是,,1.14,1.65,2.51,,-46.988,-37.6746,-18.2515
709293,群聯兆豐65購03,2026-07-22,0.55,0.05,10.0,66000000,0,綠縮,否,,0.51,0.61,0.73,,-26.9886,-19.1235,-8.9487
709294,中美晶元大5B購06,2026-07-22,2.18,0.69,46.31,9000000,0,紅增,否,,2.03,1.75,1.38,,37.6694,39.6497,38.014
709296,世界元大5B購04,2026-07-22,1.45,0.35,31.82,11000000,0,,否,,1.35,1.51,,,-18.5319,-18.7938,
709298,倚強元大5B購01,2026-07-22,0.37,0.01,2.78,50000000,0,,是,,0.57,0.67,,,-27.0619,,
709299,華容元大5B購01,2026-07-22,5.75,1.16,25.27,1000000,0,,否,,6.58,6.09,4.15,,17.626,48.1382,
709300,群聯元大61購07,2026-07-22,0.57,0.06,11.76,1123000000,0,綠縮,是,,0.54,0.64,0.77,,-27.3458,-18.6869,-9.6774
709301,聖暉*元大5B購05,2026-07-22,2.41,0.29,13.68,13000000,0,綠縮,否,,2.23,2.56,2.57,,-22.869,-11.1575,6.2487
709302,臺慶科元大5B購02,2026-07-22,0.62,0.07,12.73,10000000,0,綠縮,否,,0.71,0.99,1.3,,-43.6709,-28.8184,-11.8283
709304,鑫科元大5B購02,2026-07-22,0.86,0.09,11.69,39000000,0,,否,,1.02,1.13,1.23,,-17.5806,-0.7024,
709306,久元群益65購01,2026-07-22,0.32,0.03,10.34,10000000,0,,否,,0.35,0.39,0.49,,-18.3099,-17.1306,
709307,中美晶群益5B購06,2026-07-22,6.0,1.3,27.66,154000000,0,紅縮,否,,6.21,5.43,4.16,,33.3763,42.9737,33.7999
709308,世界群益5C購02,2026-07-22,0.92,0.23,33.33,571000000,0,綠縮,是,,0.88,0.98,1.25,,-18.0633,-28.3199,-2.5999
709309,南俊群益5B購01,2026-07-22,0.46,0.06,15.0,100000000,0,綠縮,否,,0.55,0.79,0.99,,-46.4981,-31.1518,-8.9945
709310,茂達群益5B購02,2026-07-22,0.97,0.27,38.57,111000000,0,綠縮,否,,0.92,1.41,1.34,,-51.6842,-13.8753,-1.3623
709312,群聯群益5B購09,2026-07-22,0.48,0.07,17.07,132000000,0,綠縮,否,,0.46,0.67,1.02,,-47.7273,-35.6388,-17.0004
709313,精材群益5B購09,2026-07-22,4.38,0.88,25.14,97000000,0,紅增,否,,3.56,3.03,2.36,,42.9719,39.7229,36.6136
709316,長科*永豐61購01,2026-07-22,1.75,0.4,29.63,5000000,0,,否,,2.17,2.52,2.83,,-24.477,-19.2493,
709317,順達永豐64購02,2026-07-22,0.67,0.11,19.64,50000000,0,,否,,0.76,0.78,0.85,,-3.2995,-11.7312,
709318,群聯永豐5C購06,2026-07-22,0.43,0.09,26.47,1000000,0,綠縮,否,,0.4,0.52,0.69,,-38.3901,-26.993,-12.7284
709319,群聯永豐5C購07,2026-07-22,0.36,0.04,12.5,467000000,0,,是,,0.37,0.47,0.57,,-35.7895,-26.4151,-16.8259
709320,群聯永豐65購05,2026-07-22,0.48,0.06,14.29,399000000,0,,是,,0.55,0.64,0.69,,-23.2687,-15.1596,
709321,沛亨元大5B購03,2026-07-22,0.33,0.04,13.79,10000000,0,,否,,0.42,0.63,0.87,,-50.3563,-34.5114,
709322,沛亨元大5B購04,2026-07-22,0.58,0.08,16.0,20000000,0,,否,,0.91,1.34,,,-48.4163,,
709328,富喬元大61購03,2026-07-22,0.55,0.05,10.0,571000000,0,綠縮,是,,0.56,0.7,0.81,,-32.3741,-21.8994,-5.9988
709331,朋程富邦61購01,2026-07-22,0.35,0.04,12.9,320000000,0,,是,,0.36,0.52,0.62,,-46.7836,-22.2552,
709332,順達富邦61購01,2026-07-22,0.44,0.06,15.79,81000000,0,綠縮,否,,0.45,0.53,0.55,,-27.1242,-5.1971,-6.5254
709333,大中群益5B購01,2026-07-22,1.87,0.0,0.0,69000000,0,綠增,否,,1.85,2.11,1.84,,-21.8381,3.5277,13.1983
709334,大中群益5B購02,2026-07-22,1.25,0.21,20.19,25000000,0,,是,,1.2,1.89,1.96,,-53.4469,-21.1338,-0.9625
709336,宏捷科群益5B購02,2026-07-22,0.18,0.01,5.88,523000000,0,,否,,0.45,0.62,,,-42.3858,-21.8868,
709341,長科*群益5B購01,2026-07-22,1.94,0.35,22.01,10000000,0,,否,,3.26,3.6,4.02,,-17.2081,-17.6726,-2.9206
709342,順達群益5B購04,2026-07-22,0.6,0.06,11.11,5000000,0,,否,,0.72,0.84,0.91,,-24.6347,-5.7239,-9.0139
709344,漢科群益5B購01,2026-07-22,0.8,0.0,0.0,1441000000,0,,是,,0.87,0.94,1.0,,-13.5189,-8.666,
709345,精材群益5B購10,2026-07-22,5.35,0.2,3.88,220000000,0,,否,,5.01,4.44,3.53,,29.5396,27.7202,26.3271
709347,沛亨凱基5B購04,2026-07-22,0.2,0.03,17.65,360000000,0,,是,,0.41,0.65,0.71,,-53.0752,-22.476,
709348,朋程凱基5B購03,2026-07-22,0.34,0.05,17.24,8000000,0,,否,,0.7,0.85,0.8,,-29.5775,-0.47,
709349,順達凱基5B購04,2026-07-22,0.35,0.1,40.0,164000000,0,,否,,0.34,0.44,,,-36.9004,-24.1852,
709351,聖暉*凱基5B購05,2026-07-22,1.58,0.2,14.49,182000000,0,,是,,1.44,1.81,1.75,,-34.3379,-12.2824,
709353,大中台新5B購03,2026-07-22,1.38,0.26,23.21,10000000,0,,否,,2.45,2.67,2.2,,-14.9688,3.4483,
709354,台半台新5B購04,2026-07-22,1.0,0.12,13.64,5000000,0,,否,,1.9,2.35,2.04,,-31.8768,7.4142,
709355,台半台新5B購05,2026-07-22,0.91,-0.19,-17.27,72000000,0,綠增,否,,1.08,1.87,1.93,,-59.1252,-22.0042,-3.3017
709357,博盛台新5B購02,2026-07-22,0.62,0.11,21.57,7000000,0,,否,,0.73,1.34,,,-62.5257,-32.3737,
709361,穩得台新5B購01,2026-07-22,0.34,0.03,9.68,1000000,0,,否,,0.46,0.65,0.84,,-44.2308,-29.2576,
709364,宏捷科凱基5B購02,2026-07-22,0.11,0.01,10.0,43000000,0,綠縮,否,,0.11,0.17,0.3,,-51.2821,-36.0294,-23.8825
709365,長科*凱基5B購01,2026-07-22,1.02,0.18,21.43,42000000,0,,否,,1.11,1.59,2.11,,-46.3838,-30.8894,-11.9883
709367,萊德光凱基5B購01,2026-07-22,0.23,0.03,15.0,1000000,0,紅增,否,,0.23,0.23,0.29,,-0.8547,-6.4257,-31.5348
709368,萊德光凱基5B購02,2026-07-22,0.21,0.0,0.0,201000000,0,紅增,是,,0.27,0.26,0.33,,1.5267,-2.9412,-28.0394
709369,順達凱基5B購05,2026-07-22,0.3,0.09,42.86,214000000,0,,否,,0.3,0.41,,,-42.9658,-16.0569,
709370,勤凱凱基5B購05,2026-07-22,0.12,0.01,9.09,3000000,0,,否,,0.13,0.26,0.49,,-64.9215,-46.3617,
709372,聖暉*凱基5B購06,2026-07-22,0.93,0.08,9.41,9000000,0,,否,,0.87,1.18,1.22,,-42.0348,-17.8273,2.0554
709373,漢科凱基5B購01,2026-07-22,0.51,0.28,121.74,45000000,0,,否,,0.47,0.57,,,-27.9635,,
709374,廣穎凱基5B購03,2026-07-22,0.74,0.08,12.12,1000000,0,,否,,0.8,0.97,1.34,,-29.1005,-26.3118,-12.9316
709378,鈺太台新5B購01,2026-07-22,0.34,0.08,30.77,14000000,0,,否,,0.72,,,,,,
709379,鈺太台新5B購02,2026-07-22,0.59,0.13,28.26,9000000,0,,否,,0.92,,,,,,
709384,點序台新62購01,2026-07-22,0.48,0.09,23.08,20000000,0,,否,,0.75,1.03,,,-42.879,,
709386,長科*元大5B購01,2026-07-22,1.72,0.31,21.99,18000000,0,,否,,2.56,3.25,3.36,,-34.7251,-12.6715,
709388,順達元大62購01,2026-07-22,1.0,0.32,47.06,2124000000,0,,是,,0.98,0.98,1.0,,1.8634,3.0655,
709389,群聯元大5B購19,2026-07-22,0.57,0.08,16.33,671000000,0,,是,,0.54,0.76,,,-44.6029,-30.6364,
709390,群聯元大63購04,2026-07-22,0.44,0.06,15.79,593000000,0,綠縮,否,,0.42,0.5,0.63,,-26.4808,-22.4299,-12.1404
709392,佳邦富邦5B購01,2026-07-22,0.18,0.0,0.0,182000000,0,綠縮,是,,0.19,0.28,0.36,,-48.4043,-27.2959,-16.0694
709393,精材富邦5B購03,2026-07-22,2.44,0.34,16.19,76000000,0,紅增,是,,2.04,1.76,1.36,,37.2813,40.1431,37.481
709394,台半群益62購01,2026-07-22,0.53,0.07,15.22,20000000,0,,是,,0.99,1.18,,,-28.6541,,
709395,聖暉*群益5B購03,2026-07-22,1.43,0.19,15.32,342000000,0,綠縮,否,,1.31,1.8,1.86,,-42.7074,-16.5818,-2.1293
709396,優群群益62購01,2026-07-22,0.51,0.03,6.25,28000000,0,,否,,0.6,0.72,,,-29.1469,-12.5,
709398,威聯通國泰5C購01,2026-07-22,0.71,0.02,2.9,10000000,0,,否,,0.68,0.82,1.05,,-29.0456,-23.8447,
709403,萊德光永豐5C購01,2026-07-22,0.24,-0.02,-7.69,225000000,0,紅縮,是,,0.33,0.31,0.44,,17.0213,-12.8205,-24.1202
709408,中美晶元大5C購03,2026-07-22,3.52,0.43,13.92,729000000,0,紅縮,是,,3.58,3.09,2.33,,37.404,44.5068,42.0732
709409,世界元大5C購02,2026-07-22,1.85,0.49,36.03,10000000,0,,否,,1.85,2.03,2.13,,-16.6817,-20.5859,6.5484
709410,台半元大5C購02,2026-07-22,0.45,0.06,15.38,12000000,0,,否,,0.62,0.91,0.93,,-47.651,-18.8561,0.3222
709411,良維元大5C購02,2026-07-22,0.36,0.03,9.09,4000000,0,,否,,0.37,0.62,0.78,,-57.8341,-31.0615,
709413,富喬元大5C購03,2026-07-22,0.37,0.03,8.82,4000000,0,,否,,0.48,0.62,,,-35.9043,-17.7333,
709414,順達元大5C購02,2026-07-22,1.15,0.17,17.35,231000000,0,,是,,1.16,1.38,1.45,,-27.478,-8.0268,
709415,勤凱元大5C購01,2026-07-22,0.36,0.03,9.09,14000000,0,,否,,0.68,0.84,1.19,,-32.0,-33.121,
709416,群聯元大5C購03,2026-07-22,2.83,0.4,16.46,77000000,0,綠縮,否,,2.63,3.41,4.62,,-37.2193,-28.5744,-13.5393
709417,精材元大5C購01,2026-07-22,3.24,0.52,19.12,3000000,0,,否,,2.83,2.35,1.84,,50.9615,34.2286,
709418,中美晶永豐64購01,2026-07-22,1.63,0.24,17.27,52000000,0,,否,,1.64,1.51,,,18.6686,25.2902,
709419,長科*永豐61購02,2026-07-22,1.36,0.06,4.62,9000000,0,,否,,1.79,2.2,2.44,,-31.4658,-18.4855,
709422,臺慶科永豐66購01,2026-07-22,0.48,0.05,11.63,80000000,0,,是,,0.48,0.65,0.82,,-40.7407,-29.3538,-10.9776
709423,廣穎永豐61購02,2026-07-22,0.58,0.07,13.73,6000000,0,,否,,0.58,0.68,,,-25.1295,-23.3825,
709426,良維凱基5C購03,2026-07-22,0.17,0.01,6.25,6000000,0,,否,,0.44,0.57,,,-36.6762,,
709431,勤凱凱基5C購01,2026-07-22,0.17,0.03,21.43,5000000,0,,否,,0.5,0.7,,,-43.8753,,
709433,勤凱凱基62購01,2026-07-22,0.21,0.01,5.0,60000000,0,綠縮,否,,0.22,0.31,0.43,,-45.7286,-29.9087,-23.0144
709434,群聯凱基66購01,2026-07-22,0.45,0.07,18.42,30000000,0,綠縮,否,,0.42,0.5,0.61,,-27.7778,-21.3946,-10.4956
709435,廣穎凱基5C購01,2026-07-22,0.54,0.05,10.2,332000000,0,綠縮,是,,0.57,0.71,0.97,,-33.5681,-25.4469,-20.4424
709436,巨漢台新5C購01,2026-07-22,0.79,0.07,9.72,160000000,0,,否,,0.89,0.95,1.07,,-11.7296,-12.2335,-7.8541
709438,湧德台新61購01,2026-07-22,1.03,0.07,7.29,194000000,0,,是,,1.02,1.3,1.38,,-35.6873,-13.7657,
709441,鈊象台新5C購01,2026-07-22,1.71,0.0,0.0,24000000,0,,否,,1.89,2.01,,,-11.0066,-5.9016,
709442,鑫聯台新5C購01,2026-07-22,0.77,0.08,11.59,16000000,0,,否,,0.89,,,,,,
709443,台半群益5C購01,2026-07-22,0.59,0.11,22.92,41000000,0,綠縮,是,,0.66,1.43,1.63,,-70.0909,-27.0918,-4.6423
709444,台特化群益5C購02,2026-07-22,1.16,0.18,18.37,24000000,0,,否,,1.37,1.84,,,-40.6926,-25.2336,
709445,立敦群益5C購01,2026-07-22,0.29,0.02,7.41,170000000,0,綠縮,否,,0.35,0.48,0.6,,-42.2951,-26.4526,-11.5751
709447,廣穎群益5C購01,2026-07-22,0.71,0.12,20.34,25000000,0,,否,,0.69,0.9,1.27,,-37.4322,-28.0224,-16.0779
709448,雙鴻群益5C購01,2026-07-22,1.3,0.05,4.0,10000000,0,,否,,1.13,1.4,1.7,,-32.8571,-20.8122,
709449,聖暉*國泰61購01,2026-07-22,1.55,0.19,13.97,19000000,0,,是,,1.38,1.6,1.62,,-24.5077,-11.0865,
709450,雙鴻國泰61購02,2026-07-22,0.88,0.05,6.02,76000000,0,綠縮,否,,0.79,0.87,1.1,,-15.8898,-19.8339,-12.2547
709452,台半富邦64購01,2026-07-22,0.4,0.04,11.11,28000000,0,,否,,0.42,0.67,0.74,,-54.2484,-21.937,-3.6893
709453,台半富邦66購01,2026-07-22,0.44,0.05,12.82,138000000,0,綠縮,否,,0.44,0.7,0.75,,-53.6688,-21.1299,-2.7706
709454,宏捷科富邦66購01,2026-07-22,0.3,0.02,7.14,578000000,0,,是,,0.37,0.51,,,-42.4615,-30.2452,
709456,長科*富邦63購01,2026-07-22,1.01,0.12,13.48,255000000,0,,是,,1.04,1.34,1.59,,-36.5408,-19.0591,
709458,富喬富邦66購01,2026-07-22,0.42,0.05,13.51,1000000,0,,否,,0.59,0.66,0.67,,-19.2308,-8.3565,
709459,智通*富邦64購01,2026-07-22,1.48,0.0,0.0,332000000,0,,否,,1.51,1.5,1.39,,1.071,6.6761,
709460,智通*富邦66購01,2026-07-22,0.91,0.01,1.11,78000000,0,,否,,0.91,0.89,,,4.8387,9.6178,
709462,鈊象富邦66購01,2026-07-22,0.94,-0.01,-1.05,985000000,0,,是,,0.92,1.0,,,-15.0,-14.5423,
709464,雙鴻富邦64購01,2026-07-22,0.95,0.01,1.06,17000000,0,,否,,0.96,1.06,1.16,,-17.2117,-12.5926,
709465,台半國票61購02,2026-07-22,0.3,0.01,3.45,801000000,0,綠縮,是,,0.34,0.66,0.72,,-65.1639,-24.9715,-3.2107
709466,台半國票61購03,2026-07-22,0.32,0.04,14.29,240000000,0,,否,,0.36,0.67,0.76,,-63.5246,-26.8132,
709468,佳邦國票61購02,2026-07-22,0.15,0.0,0.0,135000000,0,綠縮,否,,0.17,0.23,0.29,,-43.6242,-25.5591,-14.6628
709469,萊德光國票61購01,2026-07-22,0.22,0.03,15.79,32000000,0,紅增,否,,0.24,0.25,0.33,,-1.6129,-9.8901,-24.5109
709470,順達國票61購01,2026-07-22,0.51,0.05,10.87,50000000,0,,否,,0.57,0.67,,,-25.4545,-10.1604,
709471,中美晶群益62購02,2026-07-22,1.63,0.16,10.88,664000000,0,紅縮,否,,1.79,1.59,1.24,,27.5714,38.1613,31.565
709473,威剛群益62購01,2026-07-22,0.58,-0.03,-4.92,22000000,0,,是,,0.75,0.8,0.82,,-12.2066,-5.2133,
709474,茂綸群益62購01,2026-07-22,1.05,0.14,15.38,70000000,0,,否,,1.01,1.34,1.58,,-39.7849,-18.8748,
709475,振曜群益5C購01,2026-07-22,0.79,0.02,2.6,2000000,0,,否,,0.83,0.97,,,-25.5814,1.2461,
709478,鈊象國泰61購01,2026-07-22,1.44,-0.01,-0.69,73000000,0,,否,,1.4,1.71,1.82,,-30.6931,-10.9375,
709481,欣銓永豐64購01,2026-07-22,0.81,0.08,10.96,122000000,0,,是,,0.77,0.89,0.93,,-24.3083,-9.2857,-4.5688
709482,達航永豐61購01,2026-07-22,0.25,0.03,13.64,5000000,0,,否,,0.28,0.38,0.51,,-41.3502,-29.4559,
709484,立敦富邦66購01,2026-07-22,0.54,0.04,8.0,5000000,0,,否,,0.6,0.68,0.73,,-20.5805,-13.5959,-3.1333
709486,順達富邦61購02,2026-07-22,0.59,0.03,5.36,190000000,0,綠縮,否,,0.61,0.71,0.77,,-24.1975,-8.129,-6.7477
709487,漢科富邦66購01,2026-07-22,0.75,0.04,5.63,1078000000,0,,否,,0.75,0.75,0.77,,-1.5831,-2.2107,
709491,中美晶凱基5C購02,2026-07-22,1.83,0.41,28.87,100000000,0,,否,,2.05,1.77,1.32,,38.6486,48.7784,
709493,良維凱基64購01,2026-07-22,0.24,0.02,9.09,220000000,0,綠縮,是,,0.23,0.33,0.42,,-46.2264,-28.976,-14.4764
709494,朋程凱基61購01,2026-07-22,0.3,0.04,15.38,94000000,0,,否,,0.35,0.52,0.59,,-48.5294,-22.5564,
709495,能率亞凱基5C購01,2026-07-22,0.75,0.18,31.58,110000000,0,,否,,0.69,0.76,,,-17.506,-14.1084,
709497,華容凱基5C購02,2026-07-22,2.65,0.57,27.4,1000000,0,,否,,3.16,3.47,2.61,,-16.1632,14.6398,
709498,群聯凱基5C購02,2026-07-22,0.24,0.04,20.0,104000000,0,,否,,0.25,0.34,0.46,,-42.3256,-31.3765,
709499,廣穎凱基61購01,2026-07-22,0.43,0.05,13.16,10000000,0,,否,,0.43,0.54,0.72,,-32.1875,-22.9555,
709500,中美晶台新63購01,2026-07-22,2.88,0.34,13.39,1000000,0,,否,,3.13,2.7,2.03,,37.8521,45.7389,37.6654
709501,立敦台新5C購01,2026-07-22,0.78,0.07,9.86,185000000,0,綠增,是,,0.96,1.28,1.54,,-39.75,-23.8717,-9.5701
709503,南俊台新5C購01,2026-07-22,0.46,0.04,9.52,18000000,0,綠縮,否,,0.57,0.82,1.03,,-46.8165,-33.0057,-7.7753
709504,聖暉*台新5C購01,2026-07-22,2.13,0.27,14.52,20000000,0,,否,,1.91,2.36,2.44,,-32.2443,-14.265,1.2223
709505,精材台新5C購02,2026-07-22,4.71,1.14,31.93,62000000,0,,否,,3.9,3.42,2.68,,32.8338,30.2591,
709506,精材台新5C購03,2026-07-22,4.45,0.4,9.88,1000000,0,,否,,4.01,3.51,2.73,,32.4735,36.5049,35.7498
709507,璟德台新5C購01,2026-07-22,0.3,0.03,11.11,20000000,0,,否,,0.39,0.55,,,-45.8333,-52.6854,
709511,長科*元大5C購01,2026-07-22,1.27,0.12,10.43,153000000,0,,否,,1.35,1.81,,,-40.2998,-21.7034,
709514,順達元大5C購03,2026-07-22,0.63,0.05,8.62,448000000,0,,否,,0.67,0.77,0.81,,-24.3182,-10.0116,
709515,順達元大64購05,2026-07-22,1.31,0.24,22.43,308000000,0,,是,,1.33,1.42,,,-11.7881,-6.3283,
709516,群聯元大61購09,2026-07-22,0.58,0.08,16.0,53000000,0,,否,,0.61,0.83,,,-40.9615,-21.2381,
709517,臺慶科元大5C購01,2026-07-22,0.39,0.06,18.18,1000000,0,,否,,0.53,0.78,0.87,,-48.4436,-25.9506,
709518,中美晶富邦62購01,2026-07-22,1.62,0.34,26.56,5000000,0,,否,,1.66,1.52,1.17,,21.3139,35.2364,
709519,世界凱基5C購04,2026-07-22,0.5,0.15,42.86,22000000,0,,否,,0.49,0.68,,,-43.8356,-26.6094,
709521,台半凱基61購02,2026-07-22,0.44,0.01,2.33,100000000,0,,否,,0.81,1.03,,,-35.873,-15.1764,
709526,長科*凱基5C購01,2026-07-22,0.43,0.08,22.86,1188000000,0,綠縮,是,,0.51,0.79,1.05,,-53.0612,-29.0323,-15.8273
709527,宸曜凱基5C購01,2026-07-22,0.59,0.19,47.5,13000000,0,,否,,0.49,,,,,,
709528,順達凱基64購02,2026-07-22,0.72,0.09,14.29,127000000,0,,是,,0.71,0.8,0.84,,-21.2054,-4.9822,-1.8192
709529,群聯凱基5C購03,2026-07-22,0.23,0.05,27.78,4000000,0,,否,,0.21,0.29,0.44,,-43.8503,-37.069,
709530,大綜台新5C購01,2026-07-22,1.76,-0.14,-7.37,127000000,0,,是,,1.66,2.44,,,-48.5732,-34.5401,
709532,萊德光台新5C購01,2026-07-22,0.26,-0.01,-3.7,645000000,0,紅縮,否,,0.34,0.33,0.41,,0.5988,0.6006,-29.7021
709540,世界元大5C購03,2026-07-22,1.86,0.74,66.07,1000000,0,,否,,1.55,1.68,1.7,,-13.9535,-20.1141,
709542,台半元大5C購03,2026-07-22,0.9,0.16,21.62,68000000,0,,是,,1.37,1.37,,,0.2933,,
709543,台半元大5C購04,2026-07-22,0.71,0.19,36.54,8000000,0,,否,,0.94,1.1,,,-26.0252,1.0073,
709545,良維元大5C購03,2026-07-22,0.17,0.03,21.43,151000000,0,,否,,0.15,0.26,0.35,,-57.4586,-34.6835,
709546,欣銓元大5C購01,2026-07-22,0.66,0.06,10.0,438000000,0,,是,,0.61,0.71,0.73,,-22.8643,-9.383,-1.626
709547,長科*元大5C購02,2026-07-22,1.37,0.13,10.48,11000000,0,,否,,1.61,2.09,,,-37.4028,-15.9228,
709548,長科*元大5C購03,2026-07-22,1.51,0.21,16.15,123000000,0,,否,,1.53,2.0,,,-38.0567,-20.5403,
709549,長科*元大66購01,2026-07-22,1.07,0.12,12.63,303000000,0,,否,,1.07,1.31,1.46,,-30.7494,-15.6471,
709551,順達元大5C購04,2026-07-22,0.63,0.05,8.62,497000000,0,,否,,0.63,0.76,,,-28.1179,-7.4481,
709552,順達元大64購06,2026-07-22,1.1,0.13,13.4,704000000,0,,是,,1.1,1.2,1.23,,-15.6442,-3.84,
709553,群聯元大61購10,2026-07-22,0.54,0.1,22.73,204000000,0,,是,,0.53,0.67,0.85,,-33.5821,-26.2404,
709554,聖暉*元大5C購04,2026-07-22,1.24,0.14,12.73,347000000,0,,是,,1.21,1.43,1.34,,-26.8204,-6.4875,
709555,方土昶群益5C購01,2026-07-22,0.42,0.03,7.69,94000000,0,綠縮,否,,0.46,0.52,0.64,,-22.7119,-13.4106,-16.6776
709556,世界群益5C購03,2026-07-22,0.94,0.21,28.77,103000000,0,,否,,0.97,1.14,1.53,,-25.8015,-32.6844,
709558,台半群益61購01,2026-07-22,0.91,0.11,13.75,155000000,0,,是,,1.27,1.54,,,-29.5681,11.1994,
709560,長科*群益61購01,2026-07-22,0.75,0.12,19.05,11000000,0,綠縮,否,,0.79,1.09,1.35,,-42.7128,-22.1984,-13.3205
709561,南俊群益5C購01,2026-07-22,0.52,0.07,15.56,51000000,0,綠縮,否,,0.6,0.81,0.98,,-41.7154,-29.021,-7.1664
709562,富喬群益5C購02,2026-07-22,0.57,0.07,14.0,1016000000,0,,是,,0.71,1.04,1.36,,-48.0234,-33.7588,-14.2812
709564,臺慶科群益5C購01,2026-07-22,0.4,0.03,8.11,933000000,0,綠縮,是,,0.41,0.61,0.98,,-49.0148,-39.1261,-18.9055
709567,方土昶凱基5C購02,2026-07-22,0.29,0.03,11.54,100000000,0,,是,,0.32,0.37,0.49,,-22.9665,-24.0246,
709570,聰泰凱基5C購01,2026-07-22,0.41,0.04,10.81,10000000,0,,否,,0.41,0.55,,,-39.7059,,
709573,能率台新5C購01,2026-07-22,0.9,0.05,5.88,140000000,0,,否,,1.05,1.17,,,-18.8854,-6.1748,
709574,良維富邦61購02,2026-07-22,0.22,0.02,10.0,1000000,0,,否,,0.26,0.38,,,-48.0,-24.6032,
709577,達航國票61購01,2026-07-22,0.21,0.01,5.0,466000000,0,,是,,0.32,0.41,,,-36.9048,-24.0296,
709579,中美晶元大5C購05,2026-07-22,3.1,0.17,5.8,139000000,0,,是,,3.36,2.99,2.38,,28.1036,33.2295,
709580,世界元大5C購04,2026-07-22,1.44,0.3,26.32,7000000,0,,否,,1.35,1.45,1.45,,-13.2391,-13.7685,
709581,世界元大64購06,2026-07-22,0.77,0.11,16.67,500000000,0,,是,,0.77,0.83,0.89,,-14.3177,-20.1923,
709583,台半元大66購03,2026-07-22,1.34,0.16,13.56,79000000,0,,是,,1.62,1.66,,,-5.041,,
709586,富喬元大64購01,2026-07-22,0.4,0.05,14.29,5000000,0,,否,,0.51,0.61,0.61,,-28.0112,-10.6259,
709587,順達元大5C購05,2026-07-22,1.61,0.23,16.67,236000000,0,,是,,1.61,1.89,,,-25.4159,-6.2066,
709588,群聯元大61購11,2026-07-22,0.31,0.04,14.81,50000000,0,,否,,0.31,0.39,0.49,,-34.728,-25.6121,
709589,群聯元大64購04,2026-07-22,0.4,0.06,17.65,144000000,0,,否,,0.41,0.48,0.57,,-26.4493,-20.0334,
709592,群聯群益5C購04,2026-07-22,1.27,0.16,14.41,1080000000,0,,是,,1.33,1.69,2.19,,-34.7996,-27.0294,
709596,群聯國票61購04,2026-07-22,0.49,0.09,22.5,1000000,0,,否,,0.47,0.64,,,-42.2222,-32.0935,
709597,精確國票61購01,2026-07-22,0.42,0.02,5.0,25000000,0,,否,,0.58,0.66,,,-23.2,-14.6718,
709598,磐亞國票61購01,2026-07-22,2.37,0.36,17.91,452000000,0,,否,,2.53,2.54,1.94,,-0.9404,20.3791,29.3706
709600,中美晶元大5C購06,2026-07-22,3.59,0.81,29.14,13000000,0,,否,,3.71,3.2,2.45,,38.1981,41.7368,
709603,世界元大66購02,2026-07-22,0.88,0.19,27.54,218000000,0,,否,,0.77,0.83,,,-13.0337,-5.5619,
709605,威剛元大5C購02,2026-07-22,1.24,0.16,14.81,21000000,0,,否,,1.31,1.43,,,-14.6944,-11.7647,
709606,威剛元大61購02,2026-07-22,1.01,0.1,10.99,38000000,0,,否,,1.1,1.24,,,-21.0375,-10.5832,
709607,群聯元大5C購04,2026-07-22,0.67,0.09,15.52,657000000,0,,是,,0.63,0.78,1.0,,-31.8182,-24.1951,-13.1977
709608,群聯元大5C購05,2026-07-22,0.58,0.08,16.0,229000000,0,,是,,0.59,0.73,0.93,,-31.954,-25.1791,
709610,群聯元大64購05,2026-07-22,0.45,0.05,12.5,496000000,0,,否,,0.5,0.63,,,-33.3333,,
709611,磐亞元大5C購01,2026-07-22,4.8,1.2,33.33,1000000,0,,否,,5.19,4.5,,,35.9539,47.3168,
709613,大綜永豐61購01,2026-07-22,1.1,0.07,6.8,19000000,0,,否,,1.25,,,,,,
709614,磐亞永豐61購01,2026-07-22,2.98,-0.23,-7.17,266000000,0,,是,,3.46,3.23,,,15.0466,31.4611,
709617,磐亞凱基5C購01,2026-07-22,3.8,0.0,0.0,11000000,0,,否,,3.85,3.54,2.49,,18.974,39.2141,
709619,大綜台新5C購02,2026-07-22,1.21,0.11,10.0,132000000,0,,是,,1.25,,,,,,
709622,順達台新5C購02,2026-07-22,0.95,0.12,14.46,20000000,0,,否,,1.4,1.32,1.39,,13.0856,-0.8271,
709623,精材台新62購01,2026-07-22,4.23,0.81,23.68,407000000,0,,是,,3.57,3.27,2.58,,20.7573,30.6,29.3661
709633,鈊象永豐64購01,2026-07-22,0.81,0.0,0.0,14000000,0,,否,,0.84,0.89,,,-11.7895,-5.2966,
709634,群聯永豐5C購08,2026-07-22,0.72,0.11,18.03,148000000,0,,是,,0.71,0.95,1.22,,-40.3361,-28.6251,
709635,雙鴻群益5C購03,2026-07-22,0.84,-0.01,-1.18,51000000,0,,否,,0.79,0.91,1.19,,-22.3092,-24.0803,-13.7993
709636,大綜國票5C購01,2026-07-22,0.69,-0.06,-8.0,122000000,0,,否,,0.66,0.69,1.13,,-7.0028,-20.8046,
709638,光聚晶國票61購01,2026-07-22,0.51,0.01,2.0,2000000,0,,否,,0.52,0.56,,,-14.8515,-10.9524,
709643,聖暉*國票61購01,2026-07-22,1.1,0.04,3.77,67000000,0,,否,,1.09,1.36,,,-33.0049,-10.7307,
709644,大綜凱基5C購01,2026-07-22,0.3,0.03,11.11,140000000,0,,否,,0.34,0.4,0.74,,-25.1101,-42.6301,
709645,伍豐凱基5C購01,2026-07-22,0.2,0.02,11.11,3000000,0,,否,,0.19,0.27,,,-43.9306,,
709647,朋億*凱基5C購01,2026-07-22,1.2,0.05,4.35,10000000,0,,否,,1.39,1.55,1.57,,-18.5012,-10.0406,
709648,威剛凱基5C購03,2026-07-22,0.37,0.03,8.82,56000000,0,,否,,0.37,0.42,0.48,,-22.5941,-12.0332,-8.7081
709649,茂訊凱基5C購01,2026-07-22,0.84,0.09,12.0,40000000,0,,否,,0.75,0.85,0.86,,-21.7119,-3.5028,
709650,富喬凱基5C購02,2026-07-22,0.34,0.02,6.25,76000000,0,,否,,0.4,0.52,,,-36.6771,-26.3083,
709651,晶焱凱基5C購01,2026-07-22,0.46,0.02,4.55,30000000,0,,是,,0.75,0.91,,,-29.0566,-9.4905,
709652,雅特力凱基5C購02,2026-07-22,1.44,-0.35,-19.55,168000000,0,,否,,1.78,1.52,1.05,,41.1392,62.6467,
709653,群聯凱基5C購04,2026-07-22,0.26,0.04,18.18,20000000,0,,否,,0.26,0.33,0.42,,-34.0102,-26.3514,
709654,精確凱基5C購01,2026-07-22,0.36,0.0,0.0,20000000,0,,否,,0.46,0.59,0.68,,-37.2603,-16.69,
709655,大綜台新5C購03,2026-07-22,0.67,-0.16,-19.28,356000000,0,,是,,0.75,0.78,,,-5.2764,,
709656,大綜台新5C購04,2026-07-22,0.7,-0.3,-30.0,385000000,0,,是,,0.93,,,,,,
709659,富喬台新5C購02,2026-07-22,0.68,0.07,11.48,185000000,0,,是,,1.08,1.38,,,-35.6377,-16.8776,
709660,晶焱台新5C購01,2026-07-22,0.65,0.06,10.17,5000000,0,,否,,1.0,1.16,,,-24.1692,-17.153,
709666,台半元大5C購06,2026-07-22,0.54,-0.02,-3.57,32000000,0,,否,,0.96,1.17,1.07,,-30.2766,-10.6513,
709668,威剛元大61購03,2026-07-22,0.55,0.07,14.58,12000000,0,,否,,0.52,0.6,0.67,,-23.4604,-12.627,
709669,家登元大5C購04,2026-07-22,0.65,-0.05,-7.14,124000000,0,,否,,0.62,0.7,0.81,,-19.4301,-16.5269,
709670,群聯元大5C購06,2026-07-22,0.54,0.07,14.89,167000000,0,,否,,0.57,0.77,,,-40.8247,-24.9757,
709671,群聯元大5C購07,2026-07-22,0.69,0.08,13.11,172000000,0,,是,,0.92,1.12,,,-29.3578,-11.0048,
709672,群聯元大5C購08,2026-07-22,0.41,0.06,17.14,8000000,0,,是,,0.38,0.48,0.6,,-34.2561,-24.5669,
709673,群聯元大66購05,2026-07-22,0.59,0.06,11.32,10000000,0,,否,,0.58,0.68,0.79,,-23.9583,-21.1202,
709674,聖暉*元大5C購05,2026-07-22,1.09,0.14,14.74,68000000,0,,否,,1.0,1.23,1.22,,-31.1385,-11.1191,
709675,聖暉*元大5C購06,2026-07-22,0.95,0.1,11.76,10000000,0,,否,,0.85,1.05,1.05,,-32.0513,-12.5209,
709676,家登富邦63購01,2026-07-22,0.58,0.11,23.4,48000000,0,,否,,0.6,0.64,,,-12.61,-10.0,
709677,正德群益5C購01,2026-07-22,0.8,0.04,5.26,21000000,0,,否,,1.03,,,,,,
709682,群聯群益5C購06,2026-07-22,1.88,0.27,16.77,47000000,0,,否,,1.81,2.29,2.92,,-34.964,-26.1667,
709683,聖暉*群益5C購02,2026-07-22,1.38,0.19,15.97,172000000,0,,是,,1.24,1.5,1.68,,-29.8186,-18.8649,
709684,立端永豐64購01,2026-07-22,0.62,0.04,6.9,369000000,0,,是,,0.58,0.6,,,-7.9872,-7.1097,
709687,茂訊永豐5C購01,2026-07-22,0.65,0.03,4.84,95000000,0,,否,,0.61,0.71,,,-24.1975,-9.5299,
709688,雅特力永豐61購01,2026-07-22,1.58,-0.58,-26.85,2000000,0,,否,,2.1,1.75,1.29,,49.2877,55.1418,
709691,聰泰永豐61購01,2026-07-22,0.68,0.06,9.68,92000000,0,,否,,0.8,0.94,,,-25.5556,-18.3709,
709692,立敦國票5C購01,2026-07-22,0.9,0.05,5.88,6000000,0,,否,,1.17,1.41,1.57,,-29.4189,-18.5549,
709693,立敦國票5C購02,2026-07-22,0.93,0.05,5.68,15000000,0,,否,,1.09,1.34,1.54,,-31.8695,-19.8085,
709695,光焱國票61購01,2026-07-22,0.41,-0.03,-6.82,19000000,0,,否,,0.43,0.46,,,-14.0,-19.4107,
709696,安勤國票61購01,2026-07-22,1.01,-0.1,-9.01,466000000,0,,是,,0.94,0.92,0.9,,4.4346,1.766,
709698,邑昇國票61購01,2026-07-22,0.37,0.09,32.14,24000000,0,,否,,0.33,,,,,,
709699,信音國票5C購01,2026-07-22,0.45,0.01,2.27,10000000,0,,否,,0.49,0.61,0.85,,-34.5013,-26.6428,
709700,建榮國票5C購01,2026-07-22,0.24,0.03,14.29,150000000,0,,是,,0.4,0.52,,,-37.7709,,
709701,博士旺國票5C購01,2026-07-22,0.2,0.03,17.65,20000000,0,,否,,0.19,0.31,0.44,,-54.7619,-35.654,
709702,博智國票5C購01,2026-07-22,0.54,0.1,22.73,40000000,0,,是,,0.91,1.0,,,-16.8498,-9.0909,
709705,雅特力國票61購01,2026-07-22,1.3,-0.16,-10.96,377000000,0,,是,,1.53,1.37,1.03,,26.6556,42.1599,
709706,雅特力國票61購02,2026-07-22,1.13,-0.14,-11.02,97000000,0,,否,,1.27,1.07,0.82,,46.4368,50.3506,
709709,臺慶科國票61購02,2026-07-22,0.44,0.02,4.76,126000000,0,,是,,0.69,0.89,1.14,,-36.2292,-27.5552,
709710,廣閎科國票61購01,2026-07-22,1.4,0.21,17.65,245000000,0,,否,,1.78,2.07,,,-24.4068,-6.456,
709711,騰雲國票61購01,2026-07-22,0.79,0.05,6.76,16000000,0,,否,,0.73,0.66,,,21.3333,-3.207,
709713,湧德國泰61購01,2026-07-22,0.42,0.05,13.51,22000000,0,,是,,0.43,0.53,,,-33.8509,-15.6151,
709714,光焱台新5C購01,2026-07-22,0.73,0.01,1.39,10000000,0,,否,,0.72,,,,,,
709717,雅特力台新5C購01,2026-07-22,1.95,-0.74,-27.51,330000000,0,,否,,2.75,2.24,1.54,,59.1908,75.2932,
709718,雅特力台新5C購02,2026-07-22,1.72,-0.88,-33.85,108000000,0,,否,,2.52,2.02,1.34,,64.6597,83.4846,
709719,鈊象台新5C購02,2026-07-22,1.46,0.02,1.39,23000000,0,,是,,1.4,1.69,1.87,,-29.3522,-14.3293,
709720,雙鴻台新5C購02,2026-07-22,1.01,-0.03,-2.88,11000000,0,,否,,1.13,1.33,,,-25.6881,-21.3483,
709727,系統電元大5C購06,2026-07-22,0.56,0.05,9.8,200000000,0,,否,,0.97,0.99,,,-4.7151,-15.548,
709729,威剛元大61購04,2026-07-22,1.21,0.1,9.01,63000000,0,,否,,1.35,1.43,,,-10.3586,-10.5823,
709730,富喬元大64購02,2026-07-22,0.69,0.04,6.15,401000000,0,,是,,0.72,0.88,0.97,,-30.3089,-19.4317,
709731,順達元大5C購06,2026-07-22,1.65,0.15,10.0,645000000,0,,否,,1.65,1.92,1.94,,-24.5887,-3.8095,
709732,鈊象元大5C購05,2026-07-22,1.6,0.0,0.0,322000000,0,,否,,1.59,1.79,,,-20.1807,-9.454,
709733,群聯元大5C購09,2026-07-22,0.75,0.08,11.94,376000000,0,,是,,0.8,1.02,1.19,,-35.1133,-25.348,
709734,群聯元大5C購10,2026-07-22,0.6,0.11,22.45,90000000,0,,否,,0.66,0.86,,,-37.1212,-22.7314,
709735,群聯元大5C購11,2026-07-22,0.43,0.06,16.22,496000000,0,,是,,0.47,0.57,0.67,,-29.0419,-23.2527,
709736,群聯元大66購06,2026-07-22,0.67,0.08,13.56,179000000,0,,否,,0.62,0.72,,,-23.3415,-18.2025,
709738,精材元大64購01,2026-07-22,4.97,0.73,17.22,5000000,0,,否,,3.63,3.27,,,24.4338,26.2061,
709739,精材元大66購04,2026-07-22,4.49,0.69,18.16,155000000,0,,是,,3.96,3.57,2.96,,24.231,23.3,
709740,順達凱基5C購03,2026-07-22,0.46,0.08,21.05,90000000,0,,是,,0.47,0.57,0.62,,-30.9735,-7.5806,
709741,群聯凱基5C購05,2026-07-22,0.35,0.05,16.67,10000000,0,,否,,0.43,0.53,,,-30.8917,-17.8019,
709742,聖暉*凱基5C購02,2026-07-22,0.77,0.08,11.59,101000000,0,,是,,0.72,0.86,0.96,,-28.2565,-19.0746,
709743,精材凱基61購05,2026-07-22,2.06,0.49,31.21,14000000,0,,否,,1.78,1.5,,,45.0245,33.9875,
709745,宜鼎元大5C購05,2026-07-22,0.63,0.05,8.62,297000000,0,,否,,0.62,0.79,1.07,,-34.5912,-23.5465,
709746,宜鼎元大61購04,2026-07-22,0.51,0.08,18.6,377000000,0,,否,,0.48,0.6,0.79,,-33.2402,-22.3667,
709748,宜鼎群益5C購01,2026-07-22,0.43,0.07,19.44,234000000,0,,否,,0.4,0.55,0.8,,-41.6185,-27.7997,
709749,宜鼎群益5C購02,2026-07-22,0.35,0.06,20.69,160000000,0,,否,,0.36,0.5,0.73,,-44.9231,-25.6637,
709750,宜鼎群益5C購03,2026-07-22,0.4,0.06,17.65,845000000,0,,是,,0.39,0.54,0.82,,-43.7318,-29.4737,
709751,方土昶國票61購01,2026-07-22,0.89,0.11,14.1,4000000,0,,否,,1.02,1.09,,,-11.4385,-17.2624,
709752,加高國票61購01,2026-07-22,0.6,0.08,15.38,5000000,0,,否,,0.63,0.91,1.01,,-46.5313,-20.6474,
709753,宜鼎國票61購01,2026-07-22,0.64,0.07,12.28,102000000,0,,否,,0.62,0.81,1.14,,-37.5502,-25.8478,
709755,凱崴國票61購01,2026-07-22,0.48,0.05,11.63,17000000,0,,否,,0.52,0.7,0.91,,-42.2819,-23.5358,
709756,港建*國票61購01,2026-07-22,0.5,0.04,8.7,41000000,0,,是,,0.51,0.74,,,-46.6805,-30.5451,
709759,萊德光國票61購03,2026-07-22,0.34,-0.01,-2.86,738000000,0,,否,,0.4,0.4,0.51,,0.0,-5.6075,
709760,宜特國泰61購01,2026-07-22,0.78,0.07,9.86,25000000,0,,否,,0.93,1.15,,,-32.7035,-13.5237,
709761,宜鼎國泰61購02,2026-07-22,0.79,0.12,17.91,10000000,0,,否,,0.74,0.95,1.3,,-35.9375,-24.3395,
709762,宜鼎國泰61購03,2026-07-22,0.82,0.11,15.49,2166000000,0,,是,,0.77,1.01,1.46,,-38.1029,-26.9231,
709763,宜鼎國泰61購04,2026-07-22,0.87,0.14,19.18,1000000,0,,否,,0.82,1.11,1.54,,-41.6548,-25.2022,
709764,台半富邦62購03,2026-07-22,0.58,0.06,11.54,18000000,0,,否,,0.64,0.92,,,-45.6998,-18.2306,
709765,台半富邦63購01,2026-07-22,0.56,0.07,14.29,4000000,0,,否,,0.74,0.9,,,-31.3433,,
709767,宜鼎富邦5C購04,2026-07-22,0.32,0.05,18.52,490000000,0,,否,,0.3,0.4,0.57,,-38.6179,-26.3451,
709768,朋程富邦62購01,2026-07-22,0.53,0.05,10.42,30000000,0,,否,,0.54,0.68,0.76,,-34.7087,-16.0296,
709769,朋程富邦63購01,2026-07-22,0.49,0.03,6.52,39000000,0,,否,,0.66,0.74,,,-18.9189,-10.6667,
709770,家登富邦62購02,2026-07-22,0.66,0.08,13.79,3000000,0,,否,,0.63,0.69,,,-16.0,,
709771,家登富邦62購03,2026-07-22,0.67,0.09,15.52,54000000,0,,否,,0.63,0.71,,,-18.509,-5.4886,
709772,鈊象富邦62購01,2026-07-22,0.66,0.0,0.0,153000000,0,,是,,0.64,0.69,0.74,,-14.4385,-9.3995,
709774,雙鴻富邦63購01,2026-07-22,0.51,0.0,0.0,10000000,0,,否,,0.54,0.59,,,-17.4847,-14.6341,
709776,威剛凱基5C購04,2026-07-22,0.61,0.05,8.93,274000000,0,,是,,0.68,0.73,0.82,,-11.8557,-12.47,
709779,富喬凱基5C購03,2026-07-22,0.42,0.03,7.69,30000000,0,,否,,0.47,0.62,0.74,,-38.0577,-25.573,
709781,群聯凱基61購05,2026-07-22,0.42,0.05,13.51,760000000,0,,是,,0.4,0.49,0.62,,-31.1644,-22.9687,
709782,廣閎科凱基61購01,2026-07-22,0.96,0.16,20.0,100000000,0,,否,,1.14,1.48,,,-37.2527,-13.0869,
709783,宜鼎台新5C購01,2026-07-22,0.65,0.09,16.07,2015000000,0,,是,,0.63,0.86,1.22,,-42.4408,-26.3203,
709784,宜鼎台新5C購02,2026-07-22,0.75,0.12,19.05,709000000,0,,是,,0.72,0.97,1.39,,-40.1653,-26.4079,
709785,宜鼎台新5C購03,2026-07-22,0.63,0.11,21.15,280000000,0,,是,,0.6,0.81,1.19,,-40.748,-26.9856,
709787,宜鼎永豐64購01,2026-07-22,0.49,0.09,22.5,3000000,0,,否,,0.46,0.58,0.78,,-35.2273,-23.2804,
709788,宜鼎永豐65購01,2026-07-22,0.41,0.03,7.89,191000000,0,,否,,0.4,0.47,0.58,,-25.0936,-17.7817,
709791,群聯國泰61購02,2026-07-22,1.19,0.15,14.42,85000000,0,,是,,1.13,1.4,1.83,,-32.4582,-24.0671,
709792,漢達國泰61購01,2026-07-22,2.85,0.32,12.65,44000000,0,,否,,2.68,3.39,3.26,,-34.3123,-11.0147,
709793,世界凱基5C購05,2026-07-22,0.82,0.15,22.39,1000000,0,,否,,0.86,0.97,,,-20.8487,-29.1758,
709796,宜鼎凱基5C購05,2026-07-22,0.34,0.05,17.24,822000000,0,,是,,0.33,0.44,0.62,,-39.5604,-26.2626,
709798,凱崴凱基61購01,2026-07-22,0.37,0.04,12.12,21000000,0,,是,,0.5,0.63,,,-34.555,-29.0685,
709801,璟德凱基5C購01,2026-07-22,0.23,0.03,15.0,20000000,0,,否,,0.24,0.33,,,-44.0758,-43.9523,
709802,立敦台新5C購02,2026-07-22,0.79,0.06,8.22,330000000,0,,是,,0.93,1.2,1.44,,-36.4626,-23.0474,
709803,宏捷科台新5C購01,2026-07-22,0.75,0.11,17.19,227000000,0,,是,,0.71,0.97,1.26,,-42.1569,-26.6515,
709804,宜鼎台新5C購04,2026-07-22,0.81,0.11,15.71,2543000000,0,,是,,0.79,1.1,1.67,,-44.2716,-29.5585,
709805,宜鼎台新61購01,2026-07-22,1.05,0.17,19.32,411000000,0,,是,,0.99,1.34,1.92,,-40.9739,-26.5093,
709806,東浦台新5C購01,2026-07-22,2.02,0.01,0.5,87000000,0,,否,,2.15,2.44,2.61,,-21.3919,-11.6987,
709807,家登台新5C購01,2026-07-22,1.19,0.11,10.19,29000000,0,,否,,1.14,1.29,1.5,,-21.2707,-18.9731,
709808,順達台新61購02,2026-07-22,2.17,0.27,14.21,110000000,0,,否,,2.14,2.51,,,-25.7103,-7.5368,
709809,新漢台新5C購01,2026-07-22,1.23,0.15,13.89,177000000,0,,否,,1.15,1.43,,,-32.1974,-14.5422,
709810,廣閎科台新5C購01,2026-07-22,2.54,0.53,26.37,11000000,0,,否,,3.17,2.76,,,34.6939,,
709816,宜鼎元大5C購06,2026-07-22,0.37,0.04,12.12,435000000,0,,否,,0.36,0.46,0.63,,-36.0714,-23.8806,
709817,宜鼎元大5C購07,2026-07-22,0.55,0.07,14.58,799000000,0,,是,,0.52,0.65,0.86,,-32.8205,-22.1027,
709818,宜鼎元大5C購08,2026-07-22,0.48,0.05,11.63,1643000000,0,,是,,0.46,0.6,0.79,,-37.2973,-22.5225,
709819,威剛元大5C購03,2026-07-22,1.46,0.16,12.31,152000000,0,,是,,1.52,1.63,1.76,,-12.744,-6.9595,
709820,群聯元大5C購12,2026-07-22,0.66,0.11,20.0,539000000,0,,否,,0.73,0.92,,,-33.1512,-24.6711,
709821,群聯元大5C購13,2026-07-22,0.88,0.12,15.79,228000000,0,,否,,0.82,0.99,,,-29.5026,-22.1003,
709822,群聯元大5C購14,2026-07-22,0.94,0.12,14.63,134000000,0,,否,,0.9,1.07,1.32,,-28.16,-20.2673,
709823,群聯元大61購13,2026-07-22,0.78,0.12,18.18,102000000,0,,否,,0.72,0.86,1.09,,-28.9109,-24.4094,
709824,廣閎科元大5C購02,2026-07-22,2.42,0.8,49.38,2000000,0,,否,,3.28,3.15,,,8.1902,,
709829,邑錡國票5C購01,2026-07-22,1.07,-0.27,-20.15,53000000,0,,否,,1.31,1.53,,,-24.9428,2.2044,
709832,東浦國票61購01,2026-07-22,1.05,0.01,0.96,10000000,0,,否,,1.15,1.28,1.32,,-18.7234,-7.7922,
709833,杰力國票61購01,2026-07-22,0.62,0.04,6.9,280000000,0,,否,,0.62,0.85,0.98,,-42.115,-22.354,
709835,長聖國票61購01,2026-07-22,0.72,-0.02,-2.7,11000000,0,,否,,0.76,0.9,0.86,,-26.7308,-5.5556,
709836,胡連國票61購01,2026-07-22,0.74,-0.01,-1.33,32000000,0,,否,,0.82,0.84,,,-5.0926,,
709840,凱崴國票61購02,2026-07-22,0.36,0.04,12.5,70000000,0,,是,,0.42,0.55,,,-38.5965,-26.9841,
709841,湧德國票5C購01,2026-07-22,0.46,0.05,12.2,16000000,0,,否,,0.44,0.6,,,-42.7083,,
709843,華容國票61購02,2026-07-22,2.5,0.16,6.84,5000000,0,,否,,2.22,2.72,,,-31.0987,-13.7012,
709847,廣閎科國票61購02,2026-07-22,1.06,0.14,15.22,27000000,0,,否,,1.75,1.76,,,-1.1325,,
709848,騰雲國票61購02,2026-07-22,0.7,0.05,7.69,3000000,0,,是,,0.59,,,,,,
709852,群聯群益5C購07,2026-07-22,2.92,0.35,13.62,415000000,0,,是,,2.75,3.38,4.27,,-31.6418,-23.3175,
709853,兆利富邦62購01,2026-07-22,0.22,0.01,4.76,2000000,0,,否,,0.22,0.27,,,-30.0,-33.9806,
709854,智通*富邦62購01,2026-07-22,0.93,0.02,2.2,244000000,0,,否,,0.93,0.92,0.86,,3.7778,5.8891,
709855,湧德富邦62購01,2026-07-22,0.42,0.01,2.44,358000000,0,,否,,0.42,0.49,,,-24.8227,-9.854,
709856,閎康富邦62購02,2026-07-22,0.49,0.04,8.89,45000000,0,,否,,0.54,0.61,,,-22.3188,,
709857,聖暉*富邦5C購02,2026-07-22,1.19,0.17,16.67,35000000,0,,否,,1.07,1.21,1.32,,-20.7101,-14.708,
709860,台嘉碩國票5C購01,2026-07-22,0.64,0.06,10.34,5000000,0,,否,,0.72,0.98,,,-42.19,-22.407,
709861,台嘉碩國票5C購02,2026-07-22,0.49,0.02,4.26,103000000,0,,是,,0.53,0.7,0.86,,-39.3593,-27.4043,
709862,永信建國票61購01,2026-07-22,0.65,0.0,0.0,34000000,0,,是,,0.71,0.74,,,-9.0206,-8.6313,
709867,順達國票61購02,2026-07-22,0.96,0.18,23.08,2000000,0,,否,,0.97,1.17,,,-29.4032,,
709868,緯軟國票61購01,2026-07-22,0.87,0.05,6.1,310000000,0,,是,,0.87,0.88,,,-3.9911,-10.0712,
709871,順達中信5C購01,2026-07-22,0.44,0.07,18.92,31000000,0,,否,,0.51,0.55,,,-15.6667,-6.4298,
709872,聖暉*中信5C購01,2026-07-22,0.74,0.1,15.62,195000000,0,,否,,0.68,0.8,0.88,,-26.1438,-17.3913,
709873,世紀*永豐5C購01,2026-07-22,1.02,-0.07,-6.42,20000000,0,,否,,1.13,1.35,,,-28.7342,-9.1946,
709874,博智永豐5C購03,2026-07-22,0.71,0.01,1.43,100000000,0,,是,,0.95,1.17,,,-32.0402,,
709875,中美晶元大5C購10,2026-07-22,4.11,0.88,27.24,5000000,0,,否,,3.74,3.27,,,32.8592,39.0824,
709877,良維元大5C購04,2026-07-22,0.5,0.03,6.38,50000000,0,,否,,0.85,0.95,,,-19.5446,-11.4525,
709879,華容元大5C購01,2026-07-22,3.64,0.74,25.52,1000000,0,,否,,3.08,3.91,,,-35.2694,-4.2329,
709880,順達元大5C購07,2026-07-22,0.89,0.12,15.58,341000000,0,,否,,0.86,1.05,1.11,,-30.4348,-7.3063,
709885,泓格凱基5C購01,2026-07-22,0.98,-0.05,-4.85,728000000,0,,是,,0.86,0.76,,,31.9018,,
709889,湧德凱基61購01,2026-07-22,0.5,0.05,11.11,42000000,0,,否,,0.59,0.66,,,-20.8108,,
709890,華容凱基61購01,2026-07-22,2.02,0.54,36.49,56000000,0,,否,,1.46,1.77,1.76,,-29.5367,-18.6175,
709891,群聯凱基5C購06,2026-07-22,0.64,0.13,25.49,70000000,0,,否,,0.83,1.01,,,-30.4858,,
709893,廣閎科凱基5C購01,2026-07-22,0.89,0.08,9.88,90000000,0,,否,,1.01,1.24,,,-31.935,,
709895,騰雲凱基61購01,2026-07-22,0.48,0.04,9.09,14000000,0,,否,,0.44,,,,,,
709896,中美晶統一66購02,2026-07-22,1.6,0.23,16.79,121000000,0,,否,,1.63,1.48,1.22,,22.6727,29.0688,
709899,立敦統一64購03,2026-07-22,0.5,0.05,11.11,6000000,0,,否,,0.58,0.67,,,-23.1579,-15.2585,
709902,宜鼎統一64購01,2026-07-22,0.37,0.05,15.62,47000000,0,,否,,0.35,0.44,0.53,,-33.9623,-17.2932,
709903,宜鼎統一64購02,2026-07-22,0.34,0.04,13.33,415000000,0,,否,,0.39,0.53,,,-42.2156,,
709905,宜鼎統一64購04,2026-07-22,0.27,0.06,28.57,21000000,0,,否,,0.28,0.34,,,-29.0,-23.1461,
709906,宜鼎統一66購03,2026-07-22,0.42,0.04,10.53,3775000000,0,,是,,0.41,0.51,0.68,,-32.5658,-21.8126,
709907,宜鼎統一66購04,2026-07-22,0.5,0.04,8.7,4000000,0,,否,,0.49,0.56,0.67,,-23.0284,-15.0,
709908,威剛統一6A購01,2026-07-22,0.75,0.06,8.7,40000000,0,,否,,0.75,,,,,,
709909,建榮統一66購01,2026-07-22,0.32,0.02,6.67,12000000,0,,否,,0.32,0.39,0.49,,-30.131,-24.6124,
709917,群聯統一64購02,2026-07-22,0.57,0.06,11.76,3000000,0,,否,,0.69,0.82,,,-26.5957,,
709918,精材統一66購01,2026-07-22,2.0,0.3,17.65,1656000000,0,,是,,1.7,1.51,,,27.3273,27.3339,
709919,精材統一6C購01,2026-07-22,1.43,0.16,12.6,1103000000,0,,是,,1.28,1.19,,,15.3153,16.9276,
709921,臺慶科統一66購02,2026-07-22,0.28,0.03,12.0,40000000,0,,否,,0.29,0.45,,,-52.443,-30.9451,
709922,臺慶科統一66購03,2026-07-22,0.32,0.04,14.29,2000000,0,,否,,0.45,0.55,,,-30.8642,-19.4118,
709923,臺慶科統一6A購02,2026-07-22,0.37,0.02,5.71,10000000,0,,否,,0.45,0.53,,,-25.7426,,
709924,廣閎科統一66購01,2026-07-22,0.7,0.05,7.69,202000000,0,,是,,,,,,,,
709927,優群統一66購02,2026-07-22,0.48,0.02,4.35,40000000,0,,是,,0.5,0.57,,,-21.6981,,
709930,宏觀國泰61購01,2026-07-22,0.75,0.07,10.29,20000000,0,,否,,0.83,,,,,,
709931,金益鼎國泰61購01,2026-07-22,0.97,0.04,4.3,280000000,0,,是,,0.97,1.08,,,-18.8963,-15.6542,
709932,立敦台新5C購03,2026-07-22,0.48,0.05,11.63,10000000,0,,否,,0.65,0.85,1.02,,-38.6364,-26.2338,
709933,威剛台新5C購01,2026-07-22,1.13,0.1,9.71,845000000,0,,否,,1.11,1.26,,,-21.4993,-11.3764,
709934,威剛台新5C購02,2026-07-22,1.88,0.26,16.05,12000000,0,,否,,1.83,2.08,,,-21.6424,-11.7647,
709935,威剛台新5C購03,2026-07-22,3.95,0.36,10.03,99000000,0,,是,,3.96,4.51,5.12,,-21.7391,-13.1858,
709936,威剛台新61購01,2026-07-22,1.3,0.17,15.04,103000000,0,,是,,1.27,1.45,1.61,,-22.4664,-11.8788,
709937,威剛台新62購01,2026-07-22,2.33,0.29,14.22,532000000,0,,是,,2.36,2.61,,,-17.6101,-9.1226,
709940,茂迪台新5C購01,2026-07-22,0.74,0.09,13.85,497000000,0,,是,,0.72,0.81,,,-18.8341,,
709941,凱崴台新5C購01,2026-07-22,0.38,0.05,15.15,8000000,0,,否,,0.41,0.58,0.78,,-45.9103,-25.6051,
709942,華容台新5C購03,2026-07-22,3.5,0.5,16.67,3000000,0,,否,,2.95,3.71,,,-34.2704,-14.5618,
709943,威剛富邦5C購01,2026-07-22,0.73,0.08,12.31,15000000,0,,否,,0.73,0.83,,,-19.869,,
709944,宜鼎永豐61購01,2026-07-22,0.84,0.1,13.51,317000000,0,,是,,0.88,1.08,,,-31.5625,-17.8354,
709945,胡連永豐61購01,2026-07-22,0.58,-0.02,-3.33,304000000,0,,是,,0.59,0.66,,,-18.7845,-6.5527,
709946,艾訊國票61購01,2026-07-22,0.84,0.14,20.0,40000000,0,,是,,0.67,0.74,,,-18.9781,,
709948,朋億*國票61購01,2026-07-22,1.26,0.12,10.53,23000000,0,,否,,1.29,1.36,,,-9.7765,-10.9222,
709951,凱崴國票61購03,2026-07-22,0.3,0.01,3.45,10000000,0,,否,,0.4,0.53,,,-38.6018,,
709952,寶雅國票61購01,2026-07-22,1.33,-0.01,-0.75,57000000,0,,否,,1.34,1.58,,,-26.3158,-4.922,
709953,台半群益62購02,2026-07-22,1.14,0.12,11.76,7000000,0,,否,,1.35,1.78,,,-38.733,-15.625,
709954,中美晶凱基5C購03,2026-07-22,2.39,0.27,12.74,9000000,0,,否,,2.48,2.05,,,53.152,36.8069,
709955,宏觀凱基5C購01,2026-07-22,0.35,0.04,12.9,10000000,0,,否,,0.44,,,,,,
709957,朋程凱基5C購01,2026-07-22,0.67,0.06,9.84,165000000,0,,否,,0.87,1.06,,,-30.8307,-15.3477,
709958,博智凱基5C購04,2026-07-22,0.52,0.08,18.18,1000000,0,,否,,0.71,,,,,,
709959,群ESG凱基61購01,2026-07-22,0.84,-0.03,-3.45,5000000,0,,否,,0.99,,,,,,
709961,緯軟凱基5C購01,2026-07-22,0.65,0.04,6.56,11000000,0,,否,,0.64,,,,,,
709962,世界統一6A購01,2026-07-22,0.57,0.07,14.0,31000000,0,,否,,0.57,0.64,,,-20.0,,
709968,晶焱統一6A購01,2026-07-22,0.48,0.02,4.35,2000000,0,,否,,0.58,0.63,,,-13.3531,,
709970,群聯統一63購03,2026-07-22,0.46,0.05,12.2,177000000,0,,是,,0.52,0.6,,,-22.7811,-18.0575,
709971,群聯國泰61購03,2026-07-22,1.54,0.2,14.93,388000000,0,,是,,1.43,1.75,2.2,,-31.5082,-23.1376,
709972,富喬台新5C購04,2026-07-22,1.34,0.07,5.51,5000000,0,,否,,1.57,2.14,,,-41.9379,-21.7216,
709973,世界富邦61購02,2026-07-22,0.69,0.13,23.21,191000000,0,,否,,0.68,0.74,,,-15.212,-23.6869,
709976,世界元大5C購06,2026-07-22,1.39,0.43,44.79,10000000,0,,否,,1.75,1.87,,,-12.6,,
709977,宜鼎元大5C購09,2026-07-22,0.64,0.06,10.34,615000000,0,,否,,0.63,0.77,1.0,,-31.6594,-20.9231,
709978,順達元大5C購08,2026-07-22,1.45,0.21,16.94,520000000,0,,是,,1.46,1.66,,,-21.0583,-3.8863,
709979,臺慶科元大5C購03,2026-07-22,0.98,0.21,27.27,2000000,0,,否,,1.57,1.92,,,-30.3809,,
709980,雙鴻元大5C購06,2026-07-22,0.5,-0.02,-3.85,508000000,0,,是,,0.48,0.57,,,-28.6567,-18.5816,
709981,家登永豐5C購02,2026-07-22,1.04,0.19,22.35,10000000,0,,否,,0.9,0.99,,,-17.4954,-10.7207,
709982,漢達永豐61購01,2026-07-22,1.43,0.05,3.62,69000000,0,,否,,1.41,1.58,,,-19.3585,,
709983,宜鼎元大5C購10,2026-07-22,0.62,0.11,21.57,247000000,0,,否,,0.58,0.72,,,-32.4826,-21.265,
709984,千附國票61購01,2026-07-22,2.12,-0.01,-0.47,8000000,0,,否,,2.23,1.79,,,64.7493,46.2918,
709985,世禾國票61購01,2026-07-22,0.9,0.03,3.45,216000000,0,,是,,1.0,1.05,,,-8.3942,,
709987,伯特光國票61購01,2026-07-22,0.34,0.02,6.25,2000000,0,,否,,0.44,0.52,,,-26.4901,,
709988,岱稜國票61購01,2026-07-22,0.46,0.01,2.22,52000000,0,,否,,0.51,0.55,,,-11.0727,-7.4576,
709989,昇佳電國票61購01,2026-07-22,1.05,-0.17,-13.93,1184000000,0,,是,,1.14,1.22,,,-12.4233,12.8229,
709994,新普國票61購01,2026-07-22,0.7,0.08,12.9,111000000,0,,是,,0.73,0.9,,,-31.6574,-12.4879,
709998,中美晶群益5C購03,2026-07-22,2.46,0.39,18.84,115000000,0,,否,,2.61,2.24,,,40.3867,,
709999,順達群益5C購02,2026-07-22,1.47,0.17,13.08,709000000,0,,是,,1.54,1.73,,,-19.8958,-3.9978,
710000,精材群益5C購02,2026-07-22,6.55,1.35,25.96,72000000,0,,是,,5.38,4.65,,,37.2129,37.6889,
710002,宜鼎國泰61購05,2026-07-22,0.94,0.14,17.5,178000000,0,,否,,0.89,1.13,,,-35.3198,-22.8202,
710003,宜鼎國泰61購06,2026-07-22,0.88,0.19,27.54,53000000,0,,否,,1.05,1.33,,,-34.5818,,
710005,臺慶科國泰61購02,2026-07-22,0.79,0.07,9.72,4000000,0,,否,,1.25,1.67,,,-40.2486,,
710007,台半凱基61購03,2026-07-22,0.54,0.08,17.39,67000000,0,,否,,0.54,0.87,,,-55.6106,-22.2913,
710008,宜鼎凱基5C購06,2026-07-22,0.45,0.05,12.5,881000000,0,,是,,0.44,0.56,,,-36.1516,-24.4624,
710009,順達凱基5C購04,2026-07-22,0.63,0.13,26.0,95000000,0,,否,,0.61,0.69,,,-20.2597,,
710011,臺慶科凱基5C購04,2026-07-22,0.28,0.04,16.67,5000000,0,,否,,0.38,0.59,,,-53.2178,,
710012,雙鴻凱基5C購10,2026-07-22,0.5,0.02,4.17,100000000,0,,是,,0.44,0.55,,,-34.0361,,
710014,中美晶統一64購02,2026-07-22,1.99,0.46,30.07,24000000,0,,否,,1.9,1.69,,,27.8976,32.0062,
710015,朋億*統一63購01,2026-07-22,0.64,0.05,8.47,3000000,0,,否,,0.73,,,,,,
710016,朋億*統一68購01,2026-07-22,0.74,0.04,5.71,105000000,0,,是,,,,,,,,
710018,建榮統一63購01,2026-07-22,0.35,0.04,12.9,120000000,0,,否,,0.45,0.58,,,-34.7701,,
710019,凱崴統一63購01,2026-07-22,0.27,0.03,12.5,45000000,0,,是,,0.28,0.37,,,-39.2241,-20.8068,
710020,凱崴統一65購01,2026-07-22,0.32,0.02,6.67,114000000,0,,,,,,,,,,
710021,博智統一62購03,2026-07-22,0.4,0.07,21.21,98000000,0,,否,,0.41,0.53,,,-35.8255,,
710022,富喬統一63購01,2026-07-22,0.55,0.04,7.84,412000000,0,,是,,0.61,0.74,,,-30.5936,-21.9769,
710026,精材統一63購01,2026-07-22,2.24,0.34,17.89,60000000,0,,是,,1.91,1.7,,,29.0541,,
710030,宜鼎富邦63購02,2026-07-22,0.35,0.04,12.9,515000000,0,,是,,0.34,0.42,,,-30.2041,-18.75,
710032,群聯富邦62購07,2026-07-22,0.74,0.05,7.25,3000000,0,,否,,0.72,0.82,,,-22.0044,-16.8024,
710033,群聯富邦62購08,2026-07-22,0.68,0.05,7.94,11000000,0,,否,,0.69,0.83,,,-28.9855,,
710034,中美晶台新5C購01,2026-07-22,3.52,0.5,16.56,33000000,0,,否,,3.69,3.29,,,27.9279,37.8458,
710035,台半台新5C購01,2026-07-22,0.8,0.1,14.29,21000000,0,,否,,1.21,,,,,,
710036,台半台新5C購02,2026-07-22,0.81,0.16,24.62,1000000,0,,否,,0.81,1.3,,,-54.8712,,
710037,廣閎科台新5C購02,2026-07-22,2.19,0.24,12.31,193000000,0,,否,,2.4,,,,,,
710038,良維永豐5C購04,2026-07-22,0.57,0.1,21.28,99000000,0,,否,,0.55,0.91,,,-56.9859,,
710041,群聯永豐5C購10,2026-07-22,1.06,0.15,16.48,37000000,0,,否,,1.33,,,,,,
710044,臺慶科永豐5C購02,2026-07-22,0.48,0.03,6.67,357000000,0,,是,,0.51,0.98,,,-64.5028,,
710046,千附國票61購02,2026-07-22,1.63,-0.11,-6.32,44000000,0,,否,,1.83,1.46,,,70.4461,,
710047,中美晶國票61購02,2026-07-22,2.45,0.48,24.37,17000000,0,,否,,2.19,,,,,,
710048,加高國票61購03,2026-07-22,0.28,0.02,7.69,23000000,0,,否,,0.29,0.4,,,-43.7984,-23.384,
710049,宏碁資國票61購01,2026-07-22,0.69,0.06,9.52,358000000,0,,否,,0.63,0.6,,,10.4895,,
710052,高鋒國票61購01,2026-07-22,0.5,0.04,8.7,2000000,0,,否,,0.57,0.63,,,-18.3908,,
710055,聖暉*國票61購03,2026-07-22,0.69,0.06,9.52,25000000,0,,是,,0.72,0.84,,,-25.5187,,
710056,臺慶科國票61購03,2026-07-22,0.36,0.02,5.88,20000000,0,,是,,0.88,,,,,,
710058,廣運國票61購01,2026-07-22,0.71,0.04,5.97,10000000,0,,否,,1.06,,,,,,
710060,營邦國票5C購02,2026-07-22,1.11,0.25,29.07,96000000,0,,否,,0.91,1.06,,,-24.8344,-6.5371,
710061,鴻呈國票61購01,2026-07-22,0.57,-0.01,-1.72,11000000,0,,,,,,,,,,
710062,中美晶凱基61購04,2026-07-22,1.5,0.33,28.21,2000000,0,,否,,1.45,1.29,,,28.6477,35.2632,
710065,精材凱基5C購04,2026-07-22,2.62,0.53,25.36,269000000,0,,是,,2.11,1.7,,,62.8086,,
710066,臺慶科凱基5C購05,2026-07-22,0.23,0.05,27.78,400000000,0,,否,,0.21,0.36,,,-58.3658,-40.813,
710067,廣閎科凱基5C購02,2026-07-22,0.67,0.04,6.35,92000000,0,,否,,0.71,1.06,,,-49.1453,-20.4955,
710068,營邦凱基5C購01,2026-07-22,0.71,0.16,29.09,86000000,0,,否,,0.58,0.67,,,-24.4792,-6.1281,
710069,營邦凱基5C購02,2026-07-22,0.7,0.17,32.08,430000000,0,,否,,0.56,0.69,,,-32.3601,,
710070,營邦凱基5C購03,2026-07-22,0.54,0.11,25.58,106000000,0,,否,,0.58,,,,,,
710071,中美晶群益5C購04,2026-07-22,2.41,0.41,20.5,649000000,0,,否,,2.6,2.34,,,24.3062,34.558,
710073,營邦群益5C購01,2026-07-22,1.04,0.27,35.06,297000000,0,,否,,0.82,0.91,,,-17.3038,,
710074,營邦群益5C購02,2026-07-22,0.99,0.24,32.0,271000000,0,,是,,0.92,0.99,,,-14.2322,,
710076,世界元大63購04,2026-07-22,0.85,0.09,11.84,3000000,0,,否,,0.8,0.85,,,-11.479,-19.3579,
710077,宜鼎元大5C購11,2026-07-22,0.42,0.06,16.67,411000000,0,,否,,0.4,0.51,,,-35.0482,-22.741,
710078,威剛元大61購05,2026-07-22,0.75,0.07,10.29,62000000,0,,否,,0.91,,,,,,
710079,廣閎科元大5C購03,2026-07-22,0.74,0.04,5.71,104000000,0,,是,,0.79,1.05,,,-39.8162,,
710080,營邦元大5C購01,2026-07-22,1.23,0.25,25.51,161000000,0,,否,,1.02,1.16,,,-21.3518,-6.8109,
710083,營邦國泰61購01,2026-07-22,1.69,0.41,32.03,94000000,0,,是,,1.43,1.55,,,-14.7971,,
710084,營邦富邦62購01,2026-07-22,0.49,-0.08,-14.04,84000000,0,,否,,0.55,0.64,,,-24.5179,-15.7407,
710085,營邦富邦63購01,2026-07-22,0.64,0.08,14.29,20000000,0,,否,,0.66,0.7,,,-11.0811,,
710086,中美晶統一66購03,2026-07-22,1.11,0.12,12.12,990000000,0,,否,,1.19,1.09,,,21.8367,,
710094,群聯統一66購01,2026-07-22,0.47,0.05,11.9,20000000,0,,否,,0.46,0.58,,,-35.0282,,
710095,聖暉*統一66購01,2026-07-22,0.67,0.08,13.56,333000000,0,,否,,0.61,0.68,,,-19.8413,-11.6732,
710096,博智國泰61購01,2026-07-22,0.97,0.19,24.36,10000000,0,,否,,1.2,,,,,,
710097,營邦統一66購01,2026-07-22,0.66,0.12,22.22,398000000,0,,是,,0.58,0.64,,,-17.8977,-4.8961,
710098,營邦統一66購02,2026-07-22,0.75,0.1,15.38,10000000,0,,是,,0.79,,,,,,
710101,中美晶台新5C購02,2026-07-22,2.45,0.43,21.29,2739000000,0,,是,,2.77,2.31,,,49.3534,50.8475,
710102,中美晶台新5C購03,2026-07-22,11.4,1.95,20.63,43000000,0,,否,,12.31,11.08,,,24.9746,36.6889,
710103,東浦台新5C購02,2026-07-22,1.28,0.09,7.56,2000000,0,,否,,1.44,1.54,,,-11.7647,-8.8968,
710104,東浦台新5C購03,2026-07-22,0.85,0.06,7.59,2000000,0,,否,,1.01,1.07,,,-10.582,,
710106,聖暉*台新5C購02,2026-07-22,1.55,0.2,14.81,85000000,0,,是,,1.43,1.82,,,-35.4751,-14.6479,
710107,聖暉*台新5C購03,2026-07-22,1.75,0.23,15.13,20000000,0,,否,,1.62,2.17,,,-40.3392,-13.745,
710108,聖暉*台新5C購04,2026-07-22,1.83,0.28,18.06,48000000,0,,是,,1.68,2.06,,,-31.1731,,
710109,廣閎科台新5C購03,2026-07-22,1.7,0.36,26.87,822000000,0,,是,,2.16,2.61,,,-29.2267,,
710111,騰雲台新5C購01,2026-07-22,1.59,0.03,1.92,8000000,0,,否,,1.38,,,,,,
710112,中美晶凱基61購05,2026-07-22,1.32,0.27,25.71,130000000,0,,否,,1.34,1.21,,,22.1207,28.9809,
710114,宜鼎凱基5C購07,2026-07-22,0.3,0.05,20.0,1000000,0,,否,,0.3,0.4,,,-39.8406,-25.4174,
710116,威剛凱基5C購07,2026-07-22,0.42,0.06,16.67,1000000,0,,否,,0.39,0.47,,,-26.4925,,
710118,宜鼎元大5C購12,2026-07-22,0.38,0.04,11.76,819000000,0,,是,,0.37,0.47,,,-35.6401,,
710119,朋億*元大5C購01,2026-07-22,0.62,0.06,10.71,6000000,0,,否,,0.76,,,,,,
710121,威剛元大5C購04,2026-07-22,1.37,0.14,11.38,4000000,0,,否,,1.65,1.69,,,-4.9654,,
710122,安碁台新5C購01,2026-07-22,1.05,0.01,0.96,11000000,0,,否,,1.1,1.13,,,-5.5172,,
710124,中美晶國票61購03,2026-07-22,1.92,0.31,19.25,209000000,0,,是,,1.94,1.8,,,17.697,,
710132,中美晶永豐5C購02,2026-07-22,2.47,0.41,19.9,5000000,0,,否,,2.38,2.12,,,28.2328,35.0765,
710134,世界永豐66購01,2026-07-22,0.95,0.12,14.46,361000000,0,,是,,0.94,1.0,,,-11.8421,,
710138,中美晶富邦5C購01,2026-07-22,1.77,0.21,13.46,413000000,0,,否,,1.95,1.74,,,28.2523,34.4427,
710139,順達富邦62購02,2026-07-22,0.54,0.09,20.0,486000000,0,,是,,0.54,0.63,,,-25.5556,-11.9215,
710140,聖暉*富邦5C購03,2026-07-22,0.8,0.06,8.11,893000000,0,,否,,0.76,0.9,,,-27.0115,-17.5342,
710141,中美晶中信5C購01,2026-07-22,0.99,0.14,16.47,514000000,0,,否,,1.08,0.97,,,23.6782,33.1053,
710142,宏捷科凱基5C購02,2026-07-22,0.38,0.04,11.76,103000000,0,,是,,0.44,0.55,,,-32.7273,,
710144,群聯凱基5C購08,2026-07-22,0.75,0.12,19.05,100000000,0,,是,,0.84,1.02,,,-29.3624,,
710145,廣閎科凱基5C購03,2026-07-22,0.56,0.07,14.29,1894000000,0,,是,,0.57,0.9,,,-53.1811,,
710146,中美晶台新5C購04,2026-07-22,2.23,0.38,20.54,3597000000,0,,否,,2.46,2.19,,,28.1837,35.6921,
710150,均豪台新5C購03,2026-07-22,0.86,0.16,22.86,2000000,0,,否,,1.01,,,,,,
710151,宜鼎台新5C購06,2026-07-22,1.05,0.15,16.67,321000000,0,,是,,1.03,1.3,,,-34.5223,,
710153,廣閎科台新5C購04,2026-07-22,1.47,0.2,15.75,474000000,0,,否,,1.89,,,,,,
710154,台半元大5C購07,2026-07-22,0.94,0.18,23.68,16000000,0,,否,,1.38,,,,,,
710155,宜鼎元大5C購13,2026-07-22,0.68,0.08,13.33,1365000000,0,,是,,0.67,0.84,,,-34.8337,-23.5507,
710156,威剛元大5C購05,2026-07-22,1.44,0.14,10.77,57000000,0,,否,,1.54,1.7,,,-17.0442,,
710158,台半國泰61購01,2026-07-22,1.07,0.17,18.89,1000000,0,,否,,2.23,,,,,,
710160,順達國泰61購01,2026-07-22,1.14,0.06,5.56,23000000,0,,否,,1.33,1.4,,,-9.498,,
710161,台半富邦62購04,2026-07-22,0.49,0.08,19.51,16000000,0,,否,,0.65,,,,,,
710162,台半富邦63購02,2026-07-22,0.41,0.06,17.14,127000000,0,,否,,0.46,0.79,,,-59.0426,,
710163,朋程富邦62購02,2026-07-22,0.58,0.05,9.43,74000000,0,,否,,0.59,0.75,,,-34.5815,-16.0894,
710164,朋程富邦63購02,2026-07-22,0.53,0.06,12.77,75000000,0,,否,,0.54,0.69,,,-34.6988,,
710165,鈊象富邦62購02,2026-07-22,0.76,0.0,0.0,57000000,0,,是,,0.74,0.82,,,-17.3333,,
710166,營邦富邦62購02,2026-07-22,0.74,0.07,10.45,93000000,0,,否,,0.69,0.74,,,-11.0256,,
710168,宜鼎永豐63購01,2026-07-22,0.59,0.08,15.69,86000000,0,,否,,0.56,0.68,,,-30.4239,,
710169,精確永豐61購01,2026-07-22,0.43,0.0,0.0,152000000,0,,是,,0.64,,,,,,
710171,廣閎科國票61購04,2026-07-22,0.71,0.07,10.94,50000000,0,,,,,,,,,,
710173,宏捷科群益5C購02,2026-07-22,0.45,0.07,18.42,28000000,0,,否,,0.43,,,,,,
710174,臺慶科群益5C購02,2026-07-22,1.03,0.1,10.75,61000000,0,,是,,1.16,1.84,,,-53.8827,,
710175,台半凱基5C購04,2026-07-22,0.37,0.04,12.12,3498000000,0,,是,,0.39,0.68,,,-60.124,-25.5226,
710178,朋程凱基5C購02,2026-07-22,0.28,0.02,7.69,40000000,0,,否,,0.3,0.43,,,-46.4286,,
710179,茂達凱基5C購01,2026-07-22,0.64,0.14,28.0,4000000,0,,否,,0.53,0.8,,,-50.469,,
710181,廣閎科凱基5C購04,2026-07-22,0.49,0.08,19.51,310000000,0,,否,,0.49,0.71,,,-48.2979,-24.9474,
710182,大中台新5C購01,2026-07-22,1.29,0.21,19.44,12000000,0,,否,,1.2,1.93,,,-54.8048,-21.029,
710184,宜鼎台新61購02,2026-07-22,0.82,0.11,15.49,202000000,0,,是,,0.81,1.06,,,-38.1098,,
710187,廣閎科台新61購01,2026-07-22,1.13,0.22,24.18,1050000000,0,,是,,1.47,,,,,,
710188,中美晶元大5C購11,2026-07-22,2.64,0.8,43.48,50000000,0,,否,,2.42,2.13,,,31.7737,,
710189,台半元大5C購08,2026-07-22,0.62,0.25,67.57,8000000,0,,是,,0.8,,,,,,
710190,宜鼎元大5C購14,2026-07-22,0.51,0.06,13.33,760000000,0,,是,,0.5,0.62,,,-32.8841,,
710191,威剛元大5C購06,2026-07-22,1.36,0.15,12.4,276000000,0,,是,,1.52,1.63,,,-12.5144,,
710192,群聯中信64購01,2026-07-22,0.27,0.03,12.5,35000000,0,,否,,0.3,,,,,,
710196,台半永豐64購01,2026-07-22,0.52,0.06,13.04,80000000,0,,,,,,,,,,
710198,信紘科永豐64購01,2026-07-22,0.77,0.05,6.94,6000000,0,,否,,0.65,0.7,,,-13.0667,,
710201,鈊象永豐61購01,2026-07-22,0.74,0.0,0.0,50000000,0,,是,,0.81,,,,,,
710202,鴻呈永豐61購01,2026-07-22,0.68,0.03,4.62,249000000,0,,是,,0.62,,,,,,
710204,世紀*國票61購01,2026-07-22,0.78,-0.07,-8.24,533000000,0,,否,,0.86,1.0,,,-25.0871,-7.123,
710208,茂達國票61購01,2026-07-22,0.88,0.19,27.54,6000000,0,,否,,0.71,0.99,,,-43.7401,-20.291,
710214,漢達國票61購01,2026-07-22,0.73,0.04,5.8,299000000,0,,是,,0.79,0.95,,,-28.7253,,
710216,廣閎科國票61購05,2026-07-22,0.61,0.07,12.96,50000000,0,,否,,0.99,,,,,,
710218,能率亞國泰61購01,2026-07-22,1.6,0.06,3.9,43000000,0,,否,,1.61,1.77,,,-16.025,,
710220,廣閎科國泰61購02,2026-07-22,0.95,0.05,5.56,37000000,0,,否,,1.11,,,,,,
710223,智通*富邦62購02,2026-07-22,1.05,0.0,0.0,54000000,0,,否,,1.06,1.05,,,2.907,6.1866,
710224,宜鼎群益5C購05,2026-07-22,0.39,0.04,11.43,51000000,0,,否,,0.58,,,,,,
710231,富喬群益5C購04,2026-07-22,0.96,0.04,4.35,46000000,0,,否,,1.06,1.43,,,-41.3984,-29.7098,
710232,群聯群益5C購08,2026-07-22,0.97,0.1,11.49,5000000,0,,否,,1.16,1.46,,,-34.3927,,
710233,群聯群益5C購09,2026-07-22,0.53,0.07,15.22,5000000,0,,否,,0.59,,,,,,
710234,群聯群益61購05,2026-07-22,1.0,0.12,13.64,20000000,0,,否,,1.04,1.24,,,-28.2158,,
710235,雙鴻群益62購02,2026-07-22,2.11,-0.14,-6.22,275000000,0,,否,,2.12,2.57,,,-30.1189,,
710238,大中永豐5C購01,2026-07-22,0.43,0.05,13.16,5000000,0,,否,,0.42,0.64,,,-50.9259,,
710239,中光電永豐61購01,2026-07-22,1.76,-0.42,-19.27,886000000,0,,是,,2.0,2.23,,,-18.897,,
710240,世界永豐5C購02,2026-07-22,0.58,0.1,20.83,225000000,0,,是,,0.64,,,,,,
710243,原相永豐61購01,2026-07-22,0.78,0.12,18.18,20000000,0,,否,,1.02,1.09,,,-11.1304,,
710247,台半元大63購03,2026-07-22,0.67,0.11,19.64,6000000,0,,否,,1.01,,,,,,
710248,宏捷科元大5C購04,2026-07-22,0.49,0.09,22.5,84000000,0,,否,,0.47,0.65,,,-43.7799,,
710249,佳邦元大5C購01,2026-07-22,0.52,0.03,6.12,250000000,0,,是,,0.56,0.72,,,-37.4439,,
710250,朋程元大5C購02,2026-07-22,0.63,0.06,10.53,291000000,0,,是,,0.69,0.92,,,-40.1384,,
710251,欣銓元大5C購02,2026-07-22,1.24,0.27,27.84,12000000,0,,否,,1.08,1.32,,,-30.6905,,
710252,欣銓元大5C購03,2026-07-22,0.94,0.21,28.77,50000000,0,,否,,0.91,1.02,,,-19.5382,,
710253,家登元大5C購05,2026-07-22,1.37,0.48,53.93,22000000,0,,否,,1.03,1.14,,,-17.8914,-7.6175,
710254,家登元大66購01,2026-07-22,1.11,0.11,11.0,1367000000,0,,是,,1.02,1.07,,,-8.4229,-8.476,
710256,台半國票61購04,2026-07-22,0.29,0.04,16.0,10000000,0,,否,,0.3,0.52,,,-59.1398,-24.1679,
710257,台半國票61購05,2026-07-22,0.24,0.03,14.29,49000000,0,,否,,0.25,0.42,,,-58.194,-25.4833,
710258,青雲國票5C購01,2026-07-22,0.64,0.05,8.47,442000000,0,,是,,0.58,0.65,,,-18.5393,-24.4444,
710259,大中台新61購01,2026-07-22,1.33,0.16,13.68,23000000,0,,否,,1.43,2.12,,,-49.1116,,
710262,漢達台新5C購01,2026-07-22,1.48,0.19,14.73,54000000,0,,,,,,,,,,
710263,臺慶科台新5C購03,2026-07-22,0.39,0.07,21.88,65000000,0,,否,,0.38,0.6,,,-53.9952,,
710265,台半凱基5C購05,2026-07-22,0.28,0.03,12.0,100000000,0,,否,,0.3,0.54,,,-61.3811,-26.9542,
710266,朋程凱基5C購03,2026-07-22,0.19,0.05,35.71,1000000,0,,否,,0.2,0.29,,,-47.619,,
710267,富喬凱基63購01,2026-07-22,0.28,0.02,7.69,31000000,0,,是,,0.46,,,,,,
710268,群聯凱基5C購09,2026-07-22,0.38,0.06,18.75,5000000,0,,否,,0.36,0.48,,,-41.2541,,
710269,漢達凱基5C購01,2026-07-22,0.71,0.04,5.97,217000000,0,,是,,0.71,0.93,,,-37.4341,-14.0335,
710270,精材凱基63購01,2026-07-22,1.23,0.21,20.59,190000000,0,,否,,1.08,0.89,,,57.1014,,
710271,世界國泰61購01,2026-07-22,1.09,0.18,19.78,63000000,0,,否,,1.08,1.35,,,-33.4981,,
710272,穩得國泰61購01,2026-07-22,1.06,0.05,4.95,27000000,0,,否,,1.09,1.41,,,-36.7323,,
710273,中光電富邦62購02,2026-07-22,0.98,-0.19,-16.24,1134000000,0,,是,,1.08,1.24,,,-22.4607,,
710274,台半富邦63購03,2026-07-22,0.33,0.05,17.86,4000000,0,,否,,0.44,,,,,,
710276,FH中5G群益5C購01,2026-07-22,0.47,-0.04,-7.84,3000000,0,,否,,0.51,0.61,,,-29.0503,,
710277,大中群益5C購01,2026-07-22,0.61,0.12,24.49,209000000,0,,否,,0.56,0.88,,,-52.7731,-23.4934,
710279,中光電群益5C購02,2026-07-22,1.16,-0.34,-22.67,399000000,0,,否,,1.37,1.67,,,-30.3862,1.459,
710280,世界群益5C購04,2026-07-22,1.06,0.25,30.86,211000000,0,,是,,0.99,1.19,,,-28.22,-31.5456,
710282,尼克森群益61購01,2026-07-22,0.84,0.09,12.0,20000000,0,,否,,0.94,1.16,,,-32.029,,
710283,宏捷科群益5C購03,2026-07-22,0.51,0.07,15.91,30000000,0,,否,,0.65,,,,,,
710285,茂達群益5C購01,2026-07-22,0.81,0.11,15.71,10000000,0,,否,,1.12,,,,,,
710286,榮剛群益61購01,2026-07-22,0.92,0.05,5.75,126000000,0,,否,,0.9,,,,,,
710287,精材群益61購01,2026-07-22,2.51,0.48,23.65,274000000,0,,是,,2.12,1.83,,,37.4352,33.698,
710288,世界元大5C購08,2026-07-22,0.71,0.3,73.17,2000000,0,,否,,0.58,0.6,,,-7.6677,-22.9193,
710289,朋程元大5C購03,2026-07-22,0.36,0.05,16.13,398000000,0,,否,,0.36,0.51,,,-45.7831,,
710291,世界台新5C購01,2026-07-22,0.9,0.25,38.46,57000000,0,,否,,0.86,1.04,,,-28.8779,,
710294,天品國票5C購01,2026-07-22,0.63,0.01,1.61,41000000,0,,否,,0.67,0.71,,,-10.3723,,
710295,世界國票61購02,2026-07-22,0.77,0.17,28.33,69000000,0,,是,,0.81,0.96,,,-26.8953,,
710297,亞通國票5C購01,2026-07-22,0.8,0.06,8.11,300000000,0,,否,,1.03,1.06,,,-5.3506,,
710299,杰力國票61購02,2026-07-22,0.38,0.01,2.7,4000000,0,,否,,0.38,0.51,,,-39.6226,,
710301,晶宏國票61購01,2026-07-22,0.52,0.02,4.0,50000000,0,,是,,0.61,0.76,,,-32.5991,,
710302,漢達國票63購01,2026-07-22,0.64,0.01,1.59,19000000,0,,是,,0.64,0.78,,,-30.5011,,
710304,大中凱基5C購01,2026-07-22,0.4,0.1,33.33,115000000,0,,否,,0.35,0.5,,,-47.2727,,
710305,中光電凱基5C購01,2026-07-22,0.7,-0.12,-14.63,6000000,0,,否,,0.82,0.96,,,-24.8175,,
710306,中光電凱基5C購02,2026-07-22,0.64,-0.17,-20.99,20000000,0,,否,,0.83,0.95,,,-21.0227,,
710310,青雲凱基5C購01,2026-07-22,0.5,-0.01,-1.96,71000000,0,,否,,0.42,0.46,,,-14.5161,-25.2033,
710311,威剛凱基61購02,2026-07-22,0.53,0.07,15.22,1000000,0,,否,,0.59,,,,,,
710312,茂達凱基5C購02,2026-07-22,0.46,0.09,24.32,1000000,0,,否,,0.44,0.68,,,-52.5054,,
710316,聖暉*群益5C購03,2026-07-22,0.92,0.11,13.58,182000000,0,,否,,0.84,1.01,,,-28.3531,,
710317,台嘉碩國泰61購01,2026-07-22,1.71,0.16,10.32,1000000,0,,否,,2.01,2.46,,,-31.1385,,
710318,宜鼎國泰62購01,2026-07-22,0.75,0.1,15.38,22000000,0,,否,,0.84,,,,,,
710319,朋程國泰61購01,2026-07-22,1.15,0.16,16.16,161000000,0,,否,,1.15,1.53,,,-39.8741,,
710320,原相國泰61購01,2026-07-22,1.24,0.18,16.98,171000000,0,,是,,1.02,1.36,,,-39.6694,,
710322,世界富邦5C購04,2026-07-22,0.51,0.12,30.77,300000000,0,,是,,0.51,0.56,,,-15.894,,
710323,宜鼎富邦5C購05,2026-07-22,0.32,0.06,23.08,99000000,0,,否,,0.34,0.44,,,-38.3212,,
710326,順達永豐5C購03,2026-07-22,1.19,0.19,19.0,186000000,0,,是,,1.16,1.38,,,-27.1357,,
710328,群聯永豐64購06,2026-07-22,0.46,0.07,17.95,60000000,0,,是,,0.46,,,,,,
710329,群聯永豐66購01,2026-07-22,0.6,0.06,11.11,20000000,0,,否,,0.71,,,,,,
710330,鴻呈永豐5C購01,2026-07-22,0.8,0.03,3.9,60000000,0,,否,,0.65,,,,,,
710331,中光電台新5C購01,2026-07-22,1.06,-0.29,-21.48,404000000,0,,否,,1.24,1.46,,,-26.6904,,
710332,中光電台新5C購02,2026-07-22,1.05,-0.33,-23.91,914000000,0,,是,,1.23,1.59,,,-37.3469,,
710333,亞信台新5C購01,2026-07-22,0.89,0.03,3.49,156000000,0,,是,,,,,,,,
710334,精材台新61購01,2026-07-22,3.78,0.91,31.71,383000000,0,,是,,3.13,2.7,,,37.9401,,
710335,精材台新61購02,2026-07-22,3.45,0.65,23.21,269000000,0,,是,,2.91,2.41,,,53.1579,,
710338,聖暉*凱基5C購03,2026-07-22,0.46,0.07,17.95,66000000,0,,是,,0.45,,,,,,
710339,宜鼎元大5C購15,2026-07-22,0.82,0.11,15.49,1566000000,0,,否,,0.79,0.98,,,-32.8231,,
710340,富喬元大65購01,2026-07-22,0.75,0.06,8.7,148000000,0,,是,,0.84,0.97,,,-23.4004,,
710341,漢達元大5C購01,2026-07-22,0.58,0.07,13.73,7000000,0,,否,,0.56,0.71,,,-33.8824,,
710342,精材元大5C購05,2026-07-22,3.46,0.96,38.4,75000000,0,,是,,2.62,2.29,,,34.0143,,
710343,臺慶科元大5C購06,2026-07-22,0.35,0.03,9.38,501000000,0,,是,,0.36,0.47,,,-38.3562,,
710350,漢達永豐5C購01,2026-07-22,0.63,0.04,6.78,130000000,0,,是,,,,,,,,
710351,雙鴻永豐63購03,2026-07-22,0.62,-0.01,-1.59,448000000,0,,是,,0.66,,,,,,
710354,精材中信64購01,2026-07-22,1.07,0.08,8.08,837000000,0,,是,,0.94,0.85,,,23.0366,,
710357,世界國票61購03,2026-07-22,0.63,0.12,23.53,280000000,0,,,,,,,,,,
710364,智擎國票61購01,2026-07-22,0.83,0.0,0.0,1366000000,0,,是,,0.79,0.78,,,5.0265,,
710366,漢達國票65購01,2026-07-22,0.67,0.05,8.06,100000000,0,,是,,0.77,0.83,,,-13.1222,,
710367,精材國票61購02,2026-07-22,2.27,0.41,22.04,170000000,0,,,,,,,,,,
710368,鈊象群益5C購01,2026-07-22,1.86,0.05,2.76,26000000,0,,否,,1.75,2.01,,,-23.0904,,
710369,富喬國泰61購01,2026-07-22,0.64,0.05,8.47,80000000,0,,是,,0.65,0.8,,,-31.3684,,
710370,漢達國泰61購02,2026-07-22,1.39,0.1,7.75,1000000,0,,否,,1.49,1.82,,,-30.54,,
710372,宜鼎凱基5C購08,2026-07-22,0.68,0.05,7.94,25000000,0,,否,,0.75,0.94,,,-34.2105,,
710373,群聯凱基5C購10,2026-07-22,0.58,0.08,16.0,220000000,0,,是,,0.64,,,,,,
710374,群聯凱基61購06,2026-07-22,0.68,0.13,23.64,3000000,0,,否,,0.64,0.8,,,-33.8174,,
710375,精材凱基5C購05,2026-07-22,2.39,0.51,27.13,382000000,0,,是,,1.98,1.7,,,38.7955,,
710377,巨有台新5C購01,2026-07-22,1.01,0.11,12.22,7000000,0,,否,,1.08,,,,,,
710379,東浦台新5C購04,2026-07-22,0.51,0.03,6.25,60000000,0,,否,,,,,,,,
710382,青雲台新5C購01,2026-07-22,0.57,0.08,16.33,245000000,0,,是,,0.48,0.52,,,-16.4912,,
710383,能率亞台新5C購01,2026-07-22,0.73,0.09,14.06,10000000,0,,否,,0.81,,,,,,
710384,中光電元大5C購01,2026-07-22,3.54,-0.96,-21.33,1000000,0,,否,,3.71,4.29,,,-23.7253,,
710385,宜鼎元大5C購16,2026-07-22,0.72,0.09,14.29,932000000,0,,否,,0.69,0.87,,,-34.2256,,
710386,富喬元大65購02,2026-07-22,0.64,0.04,6.67,35000000,0,,否,,0.83,,,,,,
710387,精材元大5C購06,2026-07-22,2.99,0.55,22.54,86000000,0,,否,,2.66,2.23,,,48.2183,,
710388,精材元大5C購07,2026-07-22,2.7,0.56,26.17,26000000,0,,否,,2.22,1.93,,,35.5746,,
710390,精材元大61購09,2026-07-22,2.8,0.68,32.08,675000000,0,,是,,2.1,1.73,,,54.1056,,
710391,精材元大63購04,2026-07-22,2.27,0.53,30.46,28000000,0,,是,,1.87,1.66,,,29.0456,,
710395,世禾永豐5C購01,2026-07-22,1.24,0.02,1.64,234000000,0,,否,,1.38,1.47,,,-12.2293,,
710396,世界永豐5C購03,2026-07-22,0.33,0.08,32.0,19000000,0,,否,,0.25,,,,,,
710398,安勤永豐63購01,2026-07-22,1.28,0.19,17.43,154000000,0,,否,,1.09,,,,,,
710399,均豪永豐5C購03,2026-07-22,1.35,0.2,17.39,16000000,0,,否,,1.41,1.7,,,-29.1876,,
710400,均豪永豐5C購04,2026-07-22,1.26,0.18,16.67,219000000,0,,是,,1.26,,,,,,
710403,晶焱永豐5C購01,2026-07-22,0.47,0.04,9.3,96000000,0,,否,,0.67,,,,,,
710405,智通*永豐63購01,2026-07-22,0.92,0.03,3.37,139000000,0,,是,,0.94,0.92,,,4.4643,,
710406,湧德永豐5C購01,2026-07-22,0.85,0.04,4.94,217000000,0,,是,,0.86,1.05,,,-30.5825,,
710407,湧德永豐5C購02,2026-07-22,0.78,0.03,4.0,130000000,0,,否,,0.86,,,,,,
710408,聖暉*永豐5C購03,2026-07-22,0.89,0.09,11.25,128000000,0,,是,,0.83,,,,,,
710409,聖暉*永豐5C購04,2026-07-22,0.85,0.12,16.44,113000000,0,,是,,0.73,,,,,,
710410,精材永豐5C購03,2026-07-22,2.44,0.34,16.19,50000000,0,,否,,1.99,,,,,,
710411,精材永豐5C購04,2026-07-22,2.91,0.51,21.25,139000000,0,,是,,2.46,2.1,,,41.4943,,
710412,精材永豐63購02,2026-07-22,3.99,0.66,19.82,118000000,0,,是,,3.09,,,,,,
710414,雙鴻永豐5C購05,2026-07-22,0.63,0.04,6.78,68000000,0,,否,,0.63,,,,,,
710418,宇峻國票61購01,2026-07-22,0.62,0.0,0.0,100000000,0,,是,,0.65,,,,,,
710419,安勤國票61購02,2026-07-22,0.88,0.04,4.76,178000000,0,,是,,0.84,,,,,,
710420,青雲國票5C購02,2026-07-22,0.4,0.02,5.26,368000000,0,,否,,0.36,0.39,,,-13.8756,,
710422,精材國票61購03,2026-07-22,2.17,0.18,9.05,294000000,0,,是,,1.89,1.66,,,31.5202,,
710424,巨有群益5C購01,2026-07-22,0.87,0.1,12.99,1497000000,0,,是,,0.95,,,,,,
710426,智通*群益63購01,2026-07-22,2.99,0.0,0.0,147000000,0,,否,,3.11,3.12,,,-0.6382,,
710427,東浦國泰61購01,2026-07-22,1.79,0.12,7.19,1000000,0,,否,,2.15,,,,,,
710428,杰力國泰61購01,2026-07-22,0.61,0.05,8.93,111000000,0,,否,,0.64,0.87,,,-42.4188,,
710429,精材國泰61購01,2026-07-22,4.16,0.66,18.86,2000000,0,,否,,3.59,2.98,,,51.2648,,
710430,威剛富邦5C購02,2026-07-22,0.48,0.08,20.0,152000000,0,,否,,0.47,,,,,,
710431,精材富邦5C購01,2026-07-22,1.8,0.56,45.16,2021000000,0,,是,,1.37,1.15,,,46.0554,,
710432,安勤凱基62購01,2026-07-22,0.88,0.03,3.53,185000000,0,,否,,0.77,,,,,,
710434,宜鼎凱基5C購09,2026-07-22,0.72,0.1,16.13,499000000,0,,否,,0.67,0.87,,,-36.8914,,
710437,智通*凱基5C購01,2026-07-22,0.87,-0.03,-3.33,202000000,0,,否,,0.95,,,,,,
710438,群聯凱基5C購11,2026-07-22,0.93,0.16,20.78,130000000,0,,否,,0.85,1.07,,,-33.7984,,
710439,群聯凱基5C購12,2026-07-22,0.75,0.13,20.97,330000000,0,,是,,0.88,1.25,,,-45.4994,,
710441,中美晶元大5C購12,2026-07-22,3.48,0.44,14.47,44000000,0,,否,,2.89,,,,,,
710443,宜鼎元大5C購17,2026-07-22,1.12,0.11,10.89,1832000000,0,,是,,1.1,1.32,,,-28.6458,,
710444,能率亞元大5C購01,2026-07-22,1.38,0.23,20.0,50000000,0,,否,,1.34,,,,,,
710446,智通*元大5C購01,2026-07-22,1.41,0.06,4.44,42000000,0,,否,,1.42,1.39,,,3.5036,,
710447,智通*元大5C購02,2026-07-22,1.13,0.0,0.0,302000000,0,,否,,1.17,1.14,,,5.2252,,
710448,智通*元大63購01,2026-07-22,1.02,0.0,0.0,625000000,0,,否,,1.04,1.03,,,2.5591,,
710451,磐儀國票64購01,2026-07-22,0.78,0.19,32.2,29000000,0,,否,,0.67,,,,,,
710452,中光電國票61購01,2026-07-22,1.05,-0.12,-10.26,211000000,0,,是,,1.3,,,,,,
710453,宜鼎國票62購01,2026-07-22,0.64,0.1,18.52,47000000,0,,是,,0.72,,,,,,
710454,竹陞國票64購01,2026-07-22,1.1,0.03,2.8,36000000,0,,否,,1.14,,,,,,
710456,富強鑫國票62購01,2026-07-22,0.99,-0.02,-1.98,10000000,0,,否,,1.03,,,,,,
710457,千附國票64購01,2026-07-22,1.34,-0.03,-2.19,115000000,0,,否,,1.42,,,,,,
710458,智通*國票61購01,2026-07-22,1.01,0.02,2.02,76000000,0,,否,,1.02,0.99,,,5.383,,
710459,智通*國票61購02,2026-07-22,1.06,0.06,6.0,38000000,0,,否,,1.08,,,,,,
710463,中光電永豐5C購01,2026-07-22,1.08,-0.23,-17.56,113000000,0,,是,,1.32,1.45,,,-16.2025,,
710465,營邦永豐5C購01,2026-07-22,1.26,0.25,24.75,86000000,0,,,,,,,,,,
710466,營邦永豐5C購02,2026-07-22,0.91,0.11,13.75,88000000,0,,否,,,,,,,,
710467,宏觀台新5C購02,2026-07-22,0.72,0.07,10.77,200000000,0,,是,,0.83,,,,,,
710468,聖暉*台新5C購06,2026-07-22,0.75,0.07,10.29,152000000,0,,是,,0.69,,,,,,
710469,聖暉*台新5C購07,2026-07-22,0.84,0.08,10.53,156000000,0,,否,,0.77,,,,,,
710470,能率國泰63購01,2026-07-22,1.57,0.02,1.29,80000000,0,,否,,1.64,,,,,,
710471,久元富邦63購01,2026-07-22,0.45,0.02,4.65,170000000,0,,是,,0.46,,,,,,
710472,原相富邦5C購01,2026-07-22,0.71,0.13,22.41,861000000,0,,是,,0.73,,,,,,
710474,營邦富邦63購02,2026-07-22,0.81,0.14,20.9,262000000,0,,是,,0.7,,,,,,
710475,營邦富邦63購03,2026-07-22,0.65,0.08,14.04,34000000,0,,否,,0.62,,,,,,
710476,巨有群益5C購02,2026-07-22,0.68,0.11,19.3,28000000,0,,否,,0.85,,,,,,
710477,世界元大61購01,2026-07-22,0.94,0.23,32.39,1000000,0,,否,,0.86,0.93,,,-13.7725,,
710478,世界元大66購04,2026-07-22,0.87,0.11,14.47,86000000,0,,否,,0.84,,,,,,
710479,世界元大67購01,2026-07-22,0.87,0.21,31.82,5000000,0,,否,,0.77,,,,,,
710480,巨有元大61購01,2026-07-22,0.4,0.03,8.11,917000000,0,,是,,0.4,0.56,,,-45.2055,,
710481,宜鼎元大61購05,2026-07-22,1.02,0.09,9.68,1348000000,0,,是,,0.99,1.21,,,-30.6834,,
710482,富喬元大61購06,2026-07-22,0.55,0.02,3.77,4855000000,0,,是,,0.59,,,,,,
710484,富喬元大62購02,2026-07-22,0.58,0.04,7.41,1141000000,0,,是,,0.6,0.77,,,-36.0169,,
710485,臺慶科元大61購01,2026-07-22,0.8,0.02,2.56,282000000,0,,否,,0.85,1.15,,,-41.701,,
710486,千附精台新61購01,2026-07-22,1.17,0.07,6.36,88000000,0,,否,,1.28,,,,,,
710487,元太台新61購01,2026-07-22,1.4,-0.04,-2.78,11000000,0,,是,,1.5,,,,,,
710488,竹陞台新61購01,2026-07-22,1.47,0.04,2.8,130000000,0,,否,,1.38,1.39,,,-2.4079,,
710489,譜瑞台新61購01,2026-07-22,2.0,0.29,16.96,219000000,0,,是,,2.25,,,,,,
710490,譜瑞台新61購02,2026-07-22,2.09,0.33,18.75,78000000,0,,是,,2.2,,,,,,
710491,千附精凱基61購01,2026-07-22,1.13,0.17,17.71,74000000,0,,否,,1.26,,,,,,
710493,中光電凱基61購01,2026-07-22,2.18,-0.57,-20.73,107000000,0,,是,,2.42,2.84,,,-25.935,,
710497,元太凱基61購05,2026-07-22,1.01,-0.06,-5.61,200000000,0,,,,,,,,,,
710498,元太凱基61購06,2026-07-22,0.92,0.06,6.98,1000000,0,,否,,0.94,,,,,,
710499,世紀*凱基61購01,2026-07-22,0.85,-0.06,-6.59,10000000,0,,否,,1.02,,,,,,
710500,竹陞凱基61購01,2026-07-22,1.4,-0.11,-7.28,173000000,0,,否,,1.35,1.37,,,-3.8516,,
710501,原相凱基61購01,2026-07-22,0.9,0.15,20.0,120000000,0,,否,,0.8,1.21,,,-50.8035,,
710502,譜瑞凱基61購02,2026-07-22,1.2,0.17,16.5,114000000,0,,否,,1.15,1.32,,,-23.0563,,
710503,譜瑞凱基61購03,2026-07-22,1.21,0.17,16.35,510000000,0,,是,,1.23,,,,,,
710504,譜瑞凱基61購04,2026-07-22,1.2,0.18,17.65,326000000,0,,是,,1.31,,,,,,
710505,譜瑞凱基61購05,2026-07-22,1.22,0.11,9.91,50000000,0,,否,,1.29,,,,,,
710506,千附精群益61購01,2026-07-22,1.14,0.09,8.57,906000000,0,,是,,1.27,1.41,,,-17.2727,,
710508,91APP*國票62購01,2026-07-22,0.58,0.03,5.45,5000000,0,,,,,,,,,,
710509,千附精國票62購01,2026-07-22,0.9,0.05,5.88,31000000,0,,否,,1.23,1.22,,,2.6622,,
710510,世紀*國票62購01,2026-07-22,0.63,-0.05,-7.35,2000000,0,,否,,0.69,0.8,,,-24.4541,,
710511,竹陞國票62購01,2026-07-22,1.0,0.02,2.04,155000000,0,,否,,0.93,0.92,,,1.9737,,
710512,宜鼎國票62購02,2026-07-22,0.59,0.09,18.0,25000000,0,,,,,,,,,,
710513,長佳智國票62購01,2026-07-22,0.65,0.0,0.0,1072000000,0,,是,,0.7,0.8,,,-22.0,,
710514,長聖國票62購01,2026-07-22,0.68,-0.01,-1.45,6000000,0,,否,,0.71,,,,,,
710515,威剛國票62購02,2026-07-22,0.77,0.07,10.0,20000000,0,,否,,0.76,,,,,,
710516,建榮國票61購01,2026-07-22,0.38,0.04,11.76,1000000,0,,否,,0.46,,,,,,
710518,茂迪國票62購01,2026-07-22,0.66,0.06,10.0,29000000,0,,是,,0.68,,,,,,
710520,博士旺國票61購01,2026-07-22,0.52,0.07,15.56,260000000,0,,否,,0.52,,,,,,
710523,譜瑞國票62購01,2026-07-22,0.94,0.08,9.3,35000000,0,,,,,,,,,,
710526,大江永豐61購01,2026-07-22,0.76,-0.06,-7.32,100000000,0,,否,,,,,,,,
710528,元太永豐61購03,2026-07-22,1.17,0.2,20.62,103000000,0,,否,,1.04,,,,,,
710529,邑錡永豐64購01,2026-07-22,1.18,-0.21,-15.11,100000000,0,,是,,1.39,1.56,,,-20.0461,,
710531,威剛永豐61購05,2026-07-22,0.79,0.09,12.86,144000000,0,,是,,0.89,,,,,,
710532,鈊象永豐65購01,2026-07-22,0.98,0.0,0.0,162000000,0,,是,,1.0,,,,,,
710535,譜瑞永豐61購01,2026-07-22,0.86,0.13,17.81,165000000,0,,是,,0.94,,,,,,
710537,譜瑞永豐61購03,2026-07-22,0.54,0.08,17.39,15000000,0,,否,,,,,,,,
710538,譜瑞永豐61購04,2026-07-22,1.17,0.13,12.5,4000000,0,,否,,,,,,,,
710539,譜瑞永豐64購01,2026-07-22,1.33,0.15,12.71,218000000,0,,是,,1.24,,,,,,
710540,譜瑞永豐64購02,2026-07-22,1.14,0.09,8.57,9000000,0,,,,,,,,,,
710541,譜瑞永豐67購01,2026-07-22,1.63,0.16,10.88,40000000,0,,是,,1.58,,,,,,
710544,中光電國泰62購01,2026-07-22,2.01,-0.27,-11.84,400000000,0,,是,,2.24,2.56,,,-22.4377,,
710545,巨有國泰62購01,2026-07-22,0.73,0.09,14.06,2000000,0,,否,,0.71,1.06,,,-49.6464,,
710546,竹陞國泰62購01,2026-07-22,2.49,-0.17,-6.39,285000000,0,,是,,2.4,2.43,,,-2.119,,
710547,青雲國泰62購01,2026-07-22,0.83,0.13,18.57,32000000,0,,否,,0.69,0.78,,,-22.0455,,
710548,青雲國泰62購02,2026-07-22,0.8,0.21,35.59,16000000,0,,否,,0.66,0.69,,,-9.3407,,
710549,智通*國泰62購01,2026-07-22,1.86,-0.01,-0.53,91000000,0,,否,,1.92,1.87,,,5.0383,,
710550,元太富邦64購01,2026-07-22,0.52,0.01,1.96,283000000,0,,是,,0.57,,,,,,
710551,安勤富邦62購01,2026-07-22,0.83,-0.14,-14.43,1140000000,0,,是,,0.79,,,,,,
710552,譜瑞富邦63購01,2026-07-22,0.66,0.07,11.86,729000000,0,,否,,0.64,0.72,,,-20.3008,,
710553,譜瑞富邦64購01,2026-07-22,0.78,0.1,14.71,82000000,0,,否,,0.74,0.84,,,-20.0,,
710554,宜鼎中信61購02,2026-07-22,0.41,0.07,20.59,36000000,0,,否,,0.42,,,,,,
710555,中光電永豐61購02,2026-07-22,1.04,-0.14,-11.86,91000000,0,,否,,1.16,,,,,,
710556,竹陞永豐61購01,2026-07-22,1.86,0.01,0.54,72000000,0,,否,,1.79,,,,,,
710557,竹陞永豐64購01,2026-07-22,1.85,0.03,1.65,120000000,0,,否,,1.81,1.79,,,2.0339,,
710558,竹陞永豐65購01,2026-07-22,1.25,-0.02,-1.57,121000000,0,,否,,1.21,,,,,,
710559,均豪永豐64購01,2026-07-22,0.82,0.08,10.81,14000000,0,,否,,0.87,,,,,,
710560,宏捷科永豐61購01,2026-07-22,0.72,0.06,9.09,139000000,0,,否,,0.72,,,,,,
710561,宜鼎永豐61購03,2026-07-22,0.81,0.12,17.39,35000000,0,,否,,0.77,,,,,,
710562,宜鼎永豐64購02,2026-07-22,0.76,0.07,10.14,19000000,0,,否,,0.75,,,,,,
710565,茂達永豐61購02,2026-07-22,0.79,0.04,5.33,60000000,0,,否,,1.04,,,,,,
710569,群翊永豐61購01,2026-07-22,0.98,0.08,8.89,110000000,0,,是,,0.99,,,,,,
710570,群聯永豐61購02,2026-07-22,0.49,0.07,16.67,98000000,0,,,,,,,,,,
710575,雙鴻永豐67購01,2026-07-22,1.06,0.0,0.0,151000000,0,,否,,1.0,,,,,,
710576,中光電元大61購01,2026-07-22,1.67,0.16,10.6,243000000,0,,是,,1.87,,,,,,
710578,中光電元大61購03,2026-07-22,1.77,0.1,5.99,127000000,0,,是,,2.06,,,,,,
710579,世界元大64購08,2026-07-22,0.66,0.14,26.92,10000000,0,,否,,0.67,,,,,,
710580,世界元大66購05,2026-07-22,0.42,0.09,27.27,225000000,0,,是,,0.38,0.41,,,-14.5455,,
710581,均豪元大61購01,2026-07-22,0.49,0.08,19.51,386000000,0,,否,,0.47,,,,,,
710582,宏捷科元大67購01,2026-07-22,0.95,0.05,5.56,437000000,0,,否,,0.96,,,,,,
710583,佳邦元大61購01,2026-07-22,0.38,0.03,8.57,1000000,0,,否,,0.48,,,,,,
710584,欣銓元大61購01,2026-07-22,1.13,0.08,7.62,1225000000,0,,是,,1.1,,,,,,
710585,原相元大61購01,2026-07-22,1.19,0.16,15.53,299000000,0,,否,,1.06,,,,,,
710586,富喬元大64購03,2026-07-22,0.36,0.02,5.88,399000000,0,,否,,0.43,,,,,,
710587,富喬元大65購03,2026-07-22,0.41,0.02,5.13,92000000,0,,否,,0.5,,,,,,
710588,群聯元大64購06,2026-07-22,1.18,0.18,18.0,27000000,0,,否,,1.1,1.3,,,-27.321,,
710589,臺慶科元大61購02,2026-07-22,0.69,0.09,15.0,92000000,0,,否,,0.68,,,,,,
710590,中美晶群益64購01,2026-07-22,1.43,0.17,13.49,199000000,0,,否,,1.59,1.42,,,26.7943,,
710591,竹陞群益61購01,2026-07-22,1.0,0.06,6.38,55000000,0,,否,,0.89,0.93,,,-8.0247,,
710592,均豪群益61購01,2026-07-22,1.23,0.18,17.14,315000000,0,,否,,1.18,,,,,,
710593,佳邦群益61購01,2026-07-22,1.12,0.2,21.74,14000000,0,,否,,1.17,,,,,,
710594,宜特群益61購01,2026-07-22,1.99,0.14,7.57,128000000,0,,是,,2.05,,,,,,
710595,青雲群益62購01,2026-07-22,2.42,0.13,5.68,128000000,0,,否,,2.22,2.4,,,-13.9319,,
710597,中美晶國泰63購01,2026-07-22,2.93,0.48,19.59,109000000,0,,否,,3.12,,,,,,
710598,家登國泰62購01,2026-07-22,1.12,0.19,20.43,410000000,0,,是,,1.11,,,,,,
710599,凡甲富邦63購02,2026-07-22,0.72,0.03,4.35,59000000,0,,否,,0.69,,,,,,
710600,中光電富邦63購01,2026-07-22,0.75,-0.13,-14.77,64000000,0,,否,,0.82,0.94,,,-22.9323,,
710601,宏觀富邦63購01,2026-07-22,0.52,0.01,1.96,254000000,0,,,,,,,,,,
710602,茂達富邦63購01,2026-07-22,0.75,0.13,20.97,42000000,0,,是,,0.72,,,,,,
710603,耕興富邦63購01,2026-07-22,0.71,-0.01,-1.39,464000000,0,,是,,0.71,,,,,,
710604,湧德富邦63購01,2026-07-22,0.65,0.02,3.17,453000000,0,,是,,0.64,,,,,,
710605,中光電凱基61購02,2026-07-22,0.98,-0.07,-6.67,12000000,0,,否,,1.15,,,,,,
710606,巨有凱基61購01,2026-07-22,0.26,0.03,13.04,20000000,0,,否,,0.47,,,,,,
710607,宜鼎凱基61購01,2026-07-22,0.47,0.09,23.68,79000000,0,,是,,0.77,,,,,,
710609,臺慶科凱基61購02,2026-07-22,0.27,0.01,3.85,45000000,0,,是,,0.3,,,,,,
710610,雙鴻凱基64購01,2026-07-22,1.12,-0.07,-5.88,883000000,0,,否,,1.16,,,,,,
710613,宜鼎台新61購03,2026-07-22,0.83,0.1,13.7,2037000000,0,,是,,0.8,1.04,,,-37.3626,,
710614,原相台新61購01,2026-07-22,1.37,0.3,28.04,73000000,0,,否,,1.47,,,,,,
710615,原相台新61購02,2026-07-22,1.1,0.16,17.02,57000000,0,,,,,,,,,,
710618,群聯台新61購01,2026-07-22,1.27,0.17,15.45,24000000,0,,,,,,,,,,
710620,中光電元大61購04,2026-07-22,1.19,0.04,3.48,3051000000,0,,是,,1.19,,,,,,
710622,安可元大61購01,2026-07-22,0.78,0.07,9.86,15000000,0,,否,,0.81,1.04,,,-36.1769,,
710623,竹陞元大61購01,2026-07-22,0.98,-0.01,-1.01,312000000,0,,否,,0.92,,,,,,
710624,宜鼎元大61購06,2026-07-22,0.94,0.12,14.63,725000000,0,,否,,0.89,1.09,,,-30.7453,,
710625,松上元大61購01,2026-07-22,0.74,0.06,8.82,112000000,0,,否,,0.78,0.98,,,-34.4595,,
710626,品安元大61購01,2026-07-22,0.57,0.1,21.28,100000000,0,,否,,0.53,,,,,,
710628,晟田元大61購01,2026-07-22,3.33,-1.03,-23.62,207000000,0,,是,,3.74,3.3,,,30.5866,,
710632,碩禾元大61購03,2026-07-22,0.53,0.01,1.92,10000000,0,,否,,0.57,,,,,,
710633,臺慶科元大64購01,2026-07-22,0.79,0.03,3.95,719000000,0,,是,,0.79,,,,,,
710634,臺慶科元大67購01,2026-07-22,0.61,0.03,5.17,181000000,0,,否,,0.62,,,,,,
710635,寶雅元大61購01,2026-07-22,1.29,0.0,0.0,611000000,0,,是,,1.43,,,,,,
710636,川寶國票65購01,2026-07-22,0.42,0.03,7.69,125000000,0,,是,,0.49,,,,,,
710637,中美晶國票61購04,2026-07-22,1.1,0.14,14.58,10000000,0,,否,,1.19,,,,,,
710641,金雨國票65購01,2026-07-22,0.6,0.05,9.09,70000000,0,,是,,,,,,,,
710643,威潤國票65購01,2026-07-22,0.58,-0.02,-3.33,9000000,0,,否,,0.64,,,,,,
710645,泰藝國票61購01,2026-07-22,0.53,0.03,6.0,5000000,0,,,,,,,,,,
710646,晟田國票61購01,2026-07-22,2.03,-0.53,-20.7,85000000,0,,否,,2.23,,,,,,
710647,崇越電國票65購01,2026-07-22,0.52,0.0,0.0,30000000,0,,,,,,,,,,
710651,廣積國票65購01,2026-07-22,1.1,0.02,1.85,144000000,0,,是,,1.04,1.04,,,0.3868,,
710653,中光電群益61購01,2026-07-22,0.77,-0.09,-10.47,22000000,0,,否,,1.06,,,,,,
710654,中美晶群益63購01,2026-07-22,1.75,0.19,12.18,448000000,0,,否,,1.89,,,,,,
710659,宜鼎群益61購01,2026-07-22,0.95,0.09,10.47,2201000000,0,,是,,0.94,,,,,,
710660,東浦群益61購01,2026-07-22,1.05,-0.02,-1.87,2000000,0,,否,,1.26,,,,,,
710661,東浦群益61購02,2026-07-22,1.07,-0.02,-1.83,2000000,0,,否,,1.29,,,,,,
710665,陽程群益61購01,2026-07-22,0.75,0.07,10.29,95000000,0,,否,,0.83,0.95,,,-22.6592,,
710666,九暘凱基61購01,2026-07-22,0.44,0.03,7.32,110000000,0,,是,,0.46,,,,,,
710667,川寶凱基61購01,2026-07-22,0.45,0.02,4.65,3000000,0,,否,,0.5,0.73,,,-47.7987,,
710668,中美晶凱基61購06,2026-07-22,2.58,0.7,37.23,9000000,0,,否,,2.67,,,,,,
710669,日揚凱基61購01,2026-07-22,0.71,0.02,2.9,84000000,0,,否,,0.74,,,,,,
710670,世界凱基66購01,2026-07-22,0.79,0.17,27.42,10000000,0,,否,,0.82,,,,,,
710675,全宇昕凱基61購01,2026-07-22,0.52,0.08,18.18,50000000,0,,否,,0.82,,,,,,
710676,邑錡凱基61購01,2026-07-22,0.96,-0.12,-11.11,27000000,0,,否,,1.12,1.33,,,-27.5907,,
710677,奇鈦科凱基61購01,2026-07-22,0.6,-0.12,-16.67,208000000,0,,是,,0.74,,,,,,
710678,東浦凱基61購01,2026-07-22,1.12,0.07,6.67,5000000,0,,否,,1.43,,,,,,
710680,茂達凱基61購01,2026-07-22,0.82,0.24,41.38,17000000,0,,否,,0.94,,,,,,
710682,高僑凱基61購01,2026-07-22,0.52,0.05,10.64,10000000,0,,否,,0.59,,,,,,
710683,崇越電凱基61購01,2026-07-22,0.66,0.03,4.76,40000000,0,,,,,,,,,,
710685,晶宏凱基61購01,2026-07-22,0.53,0.03,6.0,50000000,0,,否,,0.6,,,,,,
710688,碩禾凱基61購01,2026-07-22,0.61,0.03,5.17,337000000,0,,是,,0.65,,,,,,
710689,中光電台新61購01,2026-07-22,1.12,-0.28,-20.0,231000000,0,,是,,1.3,,,,,,
710690,中光電台新61購02,2026-07-22,1.26,-0.04,-3.08,15000000,0,,否,,1.27,1.5,,,-26.7589,,
710691,中美晶台新61購03,2026-07-22,1.65,0.26,18.71,24000000,0,,否,,1.66,,,,,,
710693,世界台新61購01,2026-07-22,0.62,0.17,37.78,221000000,0,,是,,0.59,,,,,,
710695,台嘉碩台新61購02,2026-07-22,0.44,0.02,4.76,40000000,0,,是,,0.66,,,,,,
710698,全宇昕台新61購01,2026-07-22,0.55,0.05,10.0,1662000000,0,,是,,0.56,,,,,,
710699,欣銓台新61購01,2026-07-22,0.84,0.1,13.51,4000000,0,,否,,0.94,,,,,,
710705,九暘永豐61購01,2026-07-22,0.4,0.04,11.11,35000000,0,,否,,0.4,0.54,,,-42.4419,,
710707,川寶永豐61購01,2026-07-22,0.37,0.02,5.71,137000000,0,,否,,0.46,,,,,,
710710,巨漢永豐61購01,2026-07-22,0.99,0.04,4.21,11000000,0,,否,,1.04,,,,,,
710715,奇鈦科永豐61購01,2026-07-22,0.54,-0.11,-16.92,41000000,0,,否,,0.66,,,,,,
710716,奇鈦科永豐61購02,2026-07-22,0.58,-0.09,-13.43,76000000,0,,否,,0.67,,,,,,
710719,欣銓永豐64購02,2026-07-22,0.77,0.08,11.59,158000000,0,,是,,0.81,,,,,,
710723,崇越電永豐61購01,2026-07-22,0.61,0.01,1.67,120000000,0,,,,,,,,,,
710728,華洋永豐61購01,2026-07-22,0.56,0.0,0.0,1000000,0,,否,,0.61,,,,,,
710729,越峰永豐61購01,2026-07-22,0.38,0.01,2.7,42000000,0,,否,,0.42,,,,,,
710730,陽程永豐61購01,2026-07-22,0.62,0.09,16.98,400000000,0,,是,,0.84,,,,,,
710735,威剛國泰62購01,2026-07-22,1.51,0.14,10.22,7000000,0,,否,,1.71,,,,,,
710736,立碁富邦61購01,2026-07-22,0.7,0.19,37.25,50000000,0,,否,,0.58,,,,,,
710737,均豪富邦61購02,2026-07-22,0.34,0.05,17.24,148000000,0,,否,,0.36,,,,,,
710738,中光電國票61購02,2026-07-22,1.43,-0.32,-18.29,1046000000,0,,是,,1.73,,,,,,
710739,中美晶國票65購01,2026-07-22,1.89,0.26,15.95,21000000,0,,否,,1.99,,,,,,
710740,竹陞國票65購01,2026-07-22,1.14,0.06,5.56,38000000,0,,是,,1.1,,,,,,
710741,松上國票61購01,2026-07-22,0.45,0.03,7.14,10000000,0,,否,,0.49,,,,,,
710743,青雲國票61購01,2026-07-22,1.5,0.24,19.05,14000000,0,,否,,1.3,,,,,,
710744,盈正國票65購01,2026-07-22,0.5,0.02,4.17,20000000,0,,否,,0.52,,,,,,
710747,堡達國票61購01,2026-07-22,0.45,0.05,12.5,20000000,0,,,,,,,,,,
710748,翔名國票65購01,2026-07-22,0.86,0.04,4.88,30000000,0,,是,,,,,,,,
710749,華洋國票65購01,2026-07-22,0.6,0.05,9.09,6000000,0,,,,,,,,,,
710751,頎邦國票65購01,2026-07-22,0.87,0.15,20.83,50000000,0,,否,,0.8,,,,,,
710754,耀穎國票65購01,2026-07-22,0.39,0.0,0.0,4000000,0,,否,,0.42,,,,,,
710758,佳邦元大61購02,2026-07-22,0.52,0.04,8.33,2109000000,0,,是,,0.53,,,,,,
710762,聖暉*元大61購02,2026-07-22,0.61,0.02,3.39,1089000000,0,,是,,0.59,,,,,,
710763,頎邦元大61購01,2026-07-22,1.02,0.16,18.6,661000000,0,,否,,0.94,,,,,,
710766,竹陞凱基61購02,2026-07-22,0.82,-0.04,-4.65,426000000,0,,否,,0.77,,,,,,
710769,茂達凱基61購02,2026-07-22,0.85,0.26,44.07,20000000,0,,否,,0.7,,,,,,
710774,中美晶永豐61購02,2026-07-22,1.21,0.19,18.63,81000000,0,,否,,1.34,,,,,,
710777,竹陞永豐63購01,2026-07-22,1.13,0.08,7.62,79000000,0,,否,,1.03,,,,,,
710778,宜鼎永豐66購01,2026-07-22,1.08,0.13,13.68,427000000,0,,是,,1.03,,,,,,
710779,昇佳電永豐61購01,2026-07-22,1.06,-0.19,-15.2,323000000,0,,是,,1.16,,,,,,
710781,能率亞永豐61購01,2026-07-22,1.0,0.1,11.11,10000000,0,,,,,,,,,,
710783,閎康永豐61購02,2026-07-22,0.71,0.07,10.94,141000000,0,,是,,,,,,,,
710784,新漢永豐61購01,2026-07-22,0.85,0.1,13.33,19000000,0,,,,,,,,,,
710786,頎邦永豐64購01,2026-07-22,1.09,0.26,31.33,40000000,0,,否,,1.0,,,,,,
710788,寶雅永豐61購01,2026-07-22,0.66,-0.03,-4.35,43000000,0,,否,,,,,,,,
710789,大中台新61購02,2026-07-22,0.56,0.12,27.27,103000000,0,,是,,0.72,,,,,,
710791,立碁台新61購01,2026-07-22,0.94,0.21,28.77,5000000,0,,否,,0.83,,,,,,
710792,竹陞台新61購02,2026-07-22,1.32,-0.12,-8.33,1928000000,0,,是,,1.33,,,,,,
710793,宜鼎台新61購04,2026-07-22,0.54,0.09,20.0,216000000,0,,是,,0.51,,,,,,
710794,晟田台新61購01,2026-07-22,1.52,-0.39,-20.42,694000000,0,,是,,1.67,,,,,,
710795,新漢台新61購01,2026-07-22,0.68,0.06,9.68,21000000,0,,是,,,,,,,,
710797,群聯台新61購02,2026-07-22,1.87,0.28,17.61,20000000,0,,否,,1.79,,,,,,
710798,中美晶富邦61購02,2026-07-22,1.29,0.28,27.72,684000000,0,,否,,1.31,,,,,,
710799,欣銓富邦61購01,2026-07-22,0.42,0.05,13.51,538000000,0,,是,,0.42,,,,,,
710800,陽程富邦61購01,2026-07-22,0.57,0.05,9.62,321000000,0,,否,,0.68,,,,,,
710801,頎邦富邦63購01,2026-07-22,0.66,0.14,26.92,891000000,0,,是,,0.58,,,,,,
710802,頎邦富邦64購01,2026-07-22,0.6,0.08,15.38,295000000,0,,否,,0.58,,,,,,
710805,中美晶群益61購01,2026-07-22,5.8,1.0,20.83,139000000,0,,是,,6.13,,,,,,
710806,世界群益61購02,2026-07-22,1.53,0.32,26.45,356000000,0,,否,,1.52,,,,,,
710808,均豪群益61購02,2026-07-22,1.56,0.14,9.86,151000000,0,,是,,1.57,,,,,,
710809,良維群益61購03,2026-07-22,1.56,0.08,5.41,410000000,0,,是,,,,,,,,
710811,威剛群益61購04,2026-07-22,0.9,0.13,16.88,2000000,0,,否,,0.9,,,,,,
710814,翔名群益61購01,2026-07-22,0.98,0.16,19.51,927000000,0,,是,,0.96,,,,,,
710816,群聯群益67購02,2026-07-22,1.76,0.21,13.55,679000000,0,,是,,1.62,,,,,,
710817,頎邦群益61購01,2026-07-22,0.85,0.19,28.79,185000000,0,,否,,0.81,,,,,,
710819,雙鴻群益61購01,2026-07-22,1.67,-0.09,-5.11,213000000,0,,否,,1.65,,,,,,
710820,中光電凱基61購03,2026-07-22,1.0,-0.03,-2.91,10000000,0,,否,,1.12,,,,,,
710821,世紀*凱基61購02,2026-07-22,0.37,-0.05,-11.9,195000000,0,,是,,,,,,,,
710822,良維凱基61購02,2026-07-22,1.45,0.08,5.84,142000000,0,,否,,,,,,,,
710823,昇佳電凱基61購01,2026-07-22,1.2,-0.27,-18.37,334000000,0,,是,,1.34,,,,,,
710824,家登凱基61購01,2026-07-22,1.16,0.19,19.59,309000000,0,,是,,1.06,,,,,,
710826,頎邦凱基61購01,2026-07-22,0.74,0.17,29.82,48000000,0,,,,,,,,,,
710828,竹陞台新61購03,2026-07-22,1.04,-0.1,-8.77,654000000,0,,否,,1.01,,,,,,
710830,朋程台新62購01,2026-07-22,0.73,0.06,8.96,25000000,0,,,,,,,,,,
710833,博大台新61購01,2026-07-22,0.91,0.03,3.41,22000000,0,,否,,1.07,,,,,,
710834,群聯台新61購03,2026-07-22,1.22,0.16,15.09,30000000,0,,,,,,,,,,
710836,群聯台新67購02,2026-07-22,0.58,0.06,11.54,42000000,0,,,,,,,,,,
710837,頎邦台新61購01,2026-07-22,1.2,0.41,51.9,1293000000,0,,是,,0.92,,,,,,
710838,頎邦台新61購02,2026-07-22,1.02,0.24,30.77,615000000,0,,是,,0.95,,,,,,
710842,中美晶永豐65購02,2026-07-22,1.92,0.23,13.61,93000000,0,,是,,2.07,,,,,,
710845,翔名永豐61購01,2026-07-22,0.71,0.02,2.9,34000000,0,,,,,,,,,,
710847,榮剛永豐61購01,2026-07-22,1.1,0.06,5.77,5000000,0,,否,,1.11,,,,,,
710848,榮剛永豐61購02,2026-07-22,0.85,0.02,2.41,35000000,0,,否,,0.9,,,,,,
710850,大中國票61購01,2026-07-22,0.68,0.12,21.43,10000000,0,,,,,,,,,,
710852,友威科國票65購01,2026-07-22,0.47,0.0,0.0,25000000,0,,否,,0.5,,,,,,
710855,邑錡國票61購01,2026-07-22,0.52,-0.1,-16.13,50000000,0,,否,,0.64,,,,,,
710856,邑錡國票63購01,2026-07-22,0.74,-0.11,-12.94,32000000,0,,否,,0.85,,,,,,
710858,易發國票65購01,2026-07-22,0.47,0.02,4.44,10000000,0,,,,,,,,,,
710859,昇佳電國票65購01,2026-07-22,0.64,-0.08,-11.11,591000000,0,,是,,0.66,,,,,,
710862,茂訊國票65購01,2026-07-22,0.69,0.02,2.99,8000000,0,,否,,,,,,,,
710863,原相國票61購01,2026-07-22,0.94,0.13,16.05,36000000,0,,,,,,,,,,
710866,健喬國票65購01,2026-07-22,0.69,0.0,0.0,17000000,0,,否,,0.71,,,,,,
710876,竹陞國泰63購01,2026-07-22,1.21,-0.07,-5.47,109000000,0,,否,,1.16,,,,,,
710877,青雲國泰62購03,2026-07-22,1.61,0.08,5.23,60000000,0,,否,,1.42,,,,,,
710878,茂達國泰62購01,2026-07-22,0.95,0.2,26.67,54000000,0,,否,,0.92,,,,,,
710879,精材國泰62購01,2026-07-22,3.69,1.07,40.84,47000000,0,,,,,,,,,,
710880,大中富邦61購01,2026-07-22,0.36,0.06,20.0,20000000,0,,是,,0.37,,,,,,
710881,宜鼎富邦61購02,2026-07-22,0.38,0.05,15.15,519000000,0,,是,,0.42,,,,,,
710883,宜鼎群益61購02,2026-07-22,0.8,0.09,12.68,630000000,0,,是,,0.78,,,,,,
710884,宜鼎群益61購03,2026-07-22,0.73,0.19,35.19,882000000,0,,否,,,,,,,,
710887,群聯群益67購03,2026-07-22,2.76,0.26,10.4,63000000,0,,是,,2.69,,,,,,
710888,精材群益64購01,2026-07-22,1.36,0.27,24.77,2000000,0,,否,,,,,,,,
710889,精剛群益61購01,2026-07-22,0.99,-0.02,-1.98,100000000,0,,否,,1.02,,,,,,
710890,精剛群益61購02,2026-07-22,1.26,0.04,3.28,14000000,0,,否,,,,,,,,
710892,雙鴻群益61購02,2026-07-22,2.21,-0.11,-4.74,306000000,0,,否,,2.15,,,,,,
710893,中美晶元大64購01,2026-07-22,2.23,0.39,21.2,76000000,0,,是,,2.15,,,,,,
710894,中美晶元大66購04,2026-07-22,1.91,0.34,21.66,131000000,0,,是,,1.84,,,,,,
710896,均豪元大61購02,2026-07-22,0.58,0.07,13.73,509000000,0,,否,,0.57,,,,,,
710897,宜特元大65購01,2026-07-22,1.11,0.04,3.74,245000000,0,,是,,,,,,,,
710898,宜特元大67購02,2026-07-22,1.02,0.04,4.08,506000000,0,,是,,1.06,,,,,,
710899,欣銓元大61購02,2026-07-22,0.98,0.08,8.89,453000000,0,,是,,1.01,,,,,,
710900,家登元大61購02,2026-07-22,1.31,0.1,8.26,750000000,0,,是,,1.25,,,,,,
710902,臺慶科元大64購02,2026-07-22,0.99,0.14,16.47,113000000,0,,否,,1.06,,,,,,
710903,鑫科元大61購01,2026-07-22,0.9,0.07,8.43,5000000,0,,否,,0.86,,,,,,
710904,太普高國票65購01,2026-07-22,0.47,0.0,0.0,1000000,0,,,,,,,,,,
710908,倉和國票65購01,2026-07-22,0.96,0.01,1.05,237000000,0,,否,,0.99,,,,,,
710909,晟田國票61購02,2026-07-22,1.5,-0.49,-24.62,2188000000,0,,是,,1.69,,,,,,
710910,創泓國票61購01,2026-07-22,2.13,-0.65,-23.38,308000000,0,,否,,2.38,,,,,,
710912,新普國票65購01,2026-07-22,0.63,0.06,10.53,50000000,0,,,,,,,,,,
710915,寶雅國票61購03,2026-07-22,0.75,-0.03,-3.85,19000000,0,,,,,,,,,,
710917,大中凱基61購02,2026-07-22,0.39,0.11,39.29,10000000,0,,否,,0.4,,,,,,
710918,中美晶凱基66購01,2026-07-22,1.91,0.34,21.66,25000000,0,,否,,2.02,,,,,,
710921,宜鼎凱基61購02,2026-07-22,0.83,0.14,20.29,21000000,0,,否,,0.86,,,,,,
710924,茂達凱基61購03,2026-07-22,0.47,0.03,6.82,20000000,0,,,,,,,,,,
710926,群聯凱基61購07,2026-07-22,1.31,0.19,16.96,290000000,0,,是,,,,,,,,
710929,中光電群益61購03,2026-07-22,0.4,-0.08,-16.67,1000000,0,,,,,,,,,,
710932,家登群益61購04,2026-07-22,1.92,0.38,24.68,8000000,0,,否,,1.65,,,,,,
710935,精材群益64購02,2026-07-22,1.68,0.26,18.31,8000000,0,,否,,,,,,,,
710936,中美晶國泰64購01,2026-07-22,2.5,0.31,14.16,249000000,0,,是,,2.61,,,,,,
710937,中光電富邦64購01,2026-07-22,0.47,-0.04,-7.84,9000000,0,,否,,0.5,,,,,,
710938,威剛富邦64購01,2026-07-22,0.45,0.05,12.5,10000000,0,,,,,,,,,,
710939,茂達富邦63購02,2026-07-22,0.63,0.11,21.15,39000000,0,,,,,,,,,,
710940,華電網富邦63購01,2026-07-22,0.41,0.03,7.89,8000000,0,,,,,,,,,,
710942,群聯中信67購01,2026-07-22,0.46,0.06,15.0,42000000,0,,否,,,,,,,,
710943,中光電永豐61購03,2026-07-22,0.39,-0.1,-20.41,198000000,0,,否,,0.46,,,,,,
710944,艾訊永豐61購01,2026-07-22,0.8,0.2,33.33,10000000,0,,,,,,,,,,
710946,長聖永豐61購01,2026-07-22,0.63,0.0,0.0,109000000,0,,否,,0.68,,,,,,
710947,威剛永豐61購08,2026-07-22,0.7,0.1,16.67,81000000,0,,,,,,,,,,
710949,茂達永豐65購01,2026-07-22,0.58,0.08,16.0,35000000,0,,是,,,,,,,,
710950,倉和永豐61購01,2026-07-22,1.37,0.01,0.74,64000000,0,,否,,1.42,,,,,,
710951,倉和永豐64購01,2026-07-22,1.74,-0.14,-7.45,146000000,0,,否,,1.89,,,,,,
710952,宸曜永豐61購01,2026-07-22,0.76,0.16,26.67,80000000,0,,,,,,,,,,
710953,宸曜永豐67購01,2026-07-22,1.38,0.17,14.05,17000000,0,,,,,,,,,,
710954,耕興永豐61購01,2026-07-22,0.89,0.02,2.3,28000000,0,,,,,,,,,,
710957,新普永豐61購02,2026-07-22,0.57,0.05,9.62,20000000,0,,否,,0.52,,,,,,
710958,精剛永豐61購01,2026-07-22,0.75,-0.03,-3.85,159000000,0,,否,,0.75,,,,,,
710960,中光電元大61購05,2026-07-22,0.55,-0.11,-16.67,522000000,0,,否,,0.61,,,,,,
710961,中美晶元大64購02,2026-07-22,2.11,0.4,23.39,32000000,0,,否,,1.99,,,,,,
710962,中美晶元大66購05,2026-07-22,1.69,0.17,11.18,137000000,0,,是,,1.7,,,,,,
710964,宜鼎元大61購07,2026-07-22,0.82,0.13,18.84,531000000,0,,是,,0.79,,,,,,
710965,晟田元大61購02,2026-07-22,4.46,1.46,48.67,1677000000,0,,是,,2.85,,,,,,
710966,創惟元大61購01,2026-07-22,1.07,0.13,13.83,216000000,0,,是,,1.08,,,,,,
710968,翔名元大61購01,2026-07-22,0.93,0.16,20.78,555000000,0,,是,,0.95,,,,,,
710969,群聯元大64購07,2026-07-22,1.21,0.19,18.63,40000000,0,,否,,1.22,,,,,,
710970,頎邦元大61購02,2026-07-22,0.93,0.19,25.68,1106000000,0,,是,,0.84,,,,,,
710971,譜瑞元大61購03,2026-07-22,1.0,0.13,14.94,386000000,0,,是,,,,,,,,
710972,譜瑞元大65購03,2026-07-22,0.99,0.11,12.5,687000000,0,,是,,,,,,,,
710975,大中台新61購03,2026-07-22,0.45,0.07,18.42,34000000,0,,,,,,,,,,
710979,宸曜台新61購01,2026-07-22,1.76,0.3,20.55,245000000,0,,,,,,,,,,
710980,博大台新61購02,2026-07-22,0.73,0.09,14.06,18000000,0,,否,,,,,,,,
710982,精材台新61購03,2026-07-22,2.15,0.63,41.45,213000000,0,,是,,1.65,,,,,,
710984,均豪凱基61購01,2026-07-22,1.1,0.12,12.24,11000000,0,,,,,,,,,,
710985,家登凱基61購02,2026-07-22,1.64,0.24,17.14,460000000,0,,否,,1.51,,,,,,
710986,振曜凱基61購01,2026-07-22,0.73,0.01,1.39,16000000,0,,是,,0.8,,,,,,
710988,新普凱基61購01,2026-07-22,0.63,0.06,10.53,4000000,0,,,,,,,,,,
710989,頎邦凱基61購02,2026-07-22,0.82,0.19,30.16,10000000,0,,否,,0.82,,,,,,
710990,精材凱基61購07,2026-07-22,4.75,0.91,23.7,10000000,0,,,,,,,,,,
710991,營邦凱基61購01,2026-07-22,0.77,0.14,22.22,95000000,0,,否,,,,,,,,
710993,寶雅凱基61購01,2026-07-22,1.05,0.07,7.14,19000000,0,,是,,,,,,,,
710994,欣銓台新61購03,2026-07-22,0.76,0.07,10.14,126000000,0,,,,,,,,,,
710996,大江國票65購01,2026-07-22,0.75,-0.04,-5.06,484000000,0,,是,,0.77,,,,,,
710997,大學光國票61購01,2026-07-22,0.86,0.05,6.17,15000000,0,,否,,,,,,,,
710998,佰研國票65購01,2026-07-22,0.63,0.01,1.61,91000000,0,,,,,,,,,,
711002,廣積國票66購01,2026-07-22,0.98,0.05,5.38,6000000,0,,否,,,,,,,,
711003,陽程群益61購02,2026-07-22,0.59,0.0,0.0,343000000,0,,是,,0.68,,,,,,
711004,系統電國泰62購01,2026-07-22,1.19,0.07,6.25,9000000,0,,,,,,,,,,
711005,宜鼎國泰62購02,2026-07-22,1.15,0.15,15.0,60000000,0,,是,,,,,,,,
711009,巨有元大61購02,2026-07-22,0.76,0.06,8.57,29000000,0,,否,,0.77,,,,,,
711010,立敦元大61購01,2026-07-22,1.54,0.05,3.36,530000000,0,,,,,,,,,,
711011,立敦元大67購01,2026-07-22,0.53,0.01,1.92,6000000,0,,,,,,,,,,
711012,宜鼎元大61購08,2026-07-22,0.69,0.08,13.11,1243000000,0,,否,,0.65,,,,,,
711013,宜鼎元大61購09,2026-07-22,1.06,0.12,12.77,1993000000,0,,是,,1.0,,,,,,
711014,昇佳電元大61購01,2026-07-22,1.09,-0.33,-23.24,1298000000,0,,是,,1.25,,,,,,
711015,朋程元大61購01,2026-07-22,0.74,0.05,7.25,161000000,0,,是,,,,,,,,
711016,青雲元大61購01,2026-07-22,1.66,0.13,8.5,71000000,0,,否,,1.49,,,,,,
711017,美琪瑪元大61購01,2026-07-22,1.21,0.09,8.04,13000000,0,,,,,,,,,,
711019,原相元大61購02,2026-07-22,0.5,0.07,16.28,623000000,0,,,,,,,,,,
711020,家登元大61購03,2026-07-22,1.32,0.06,4.76,360000000,0,,是,,1.26,,,,,,
711021,智通*元大61購01,2026-07-22,0.72,0.0,0.0,1556000000,0,,是,,,,,,,,
711022,群聯元大64購08,2026-07-22,0.71,0.06,9.23,177000000,0,,否,,0.67,,,,,,
711023,譜瑞元大61購04,2026-07-22,1.77,0.21,13.46,259000000,0,,是,,1.72,,,,,,
711024,中美晶統一65購01,2026-07-22,0.76,0.1,15.15,159000000,0,,否,,0.78,,,,,,
711027,茂訊統一67購01,2026-07-22,0.59,0.02,3.51,140000000,0,,,,,,,,,,
711029,精材統一67購01,2026-07-22,1.17,0.09,8.33,499000000,0,,是,,1.03,,,,,,
711030,營邦統一67購01,2026-07-22,0.64,0.06,10.34,66000000,0,,,,,,,,,,
711031,中光電永豐61購04,2026-07-22,0.87,-0.18,-17.14,168000000,0,,是,,1.05,,,,,,
711032,中光電永豐61購05,2026-07-22,0.69,-0.18,-20.69,132000000,0,,否,,0.79,,,,,,
711033,立敦永豐61購02,2026-07-22,0.4,0.02,5.26,100000000,0,,,,,,,,,,
711036,宜鼎永豐63購02,2026-07-22,0.74,0.07,10.45,196000000,0,,,,,,,,,,
711038,原相永豐61購02,2026-07-22,0.79,0.12,17.91,132000000,0,,,,,,,,,,
711041,群聯永豐67購01,2026-07-22,0.6,0.06,11.11,731000000,0,,是,,,,,,,,
711042,廣積永豐61購01,2026-07-22,1.03,0.13,14.44,18000000,0,,是,,,,,,,,
711043,宜鼎中信61購03,2026-07-22,0.45,0.05,12.5,144000000,0,,是,,,,,,,,
711044,群聯中信61購01,2026-07-22,0.42,0.09,27.27,150000000,0,,否,,0.39,,,,,,
711046,台特化凱基61購01,2026-07-22,1.28,0.03,2.4,4000000,0,,,,,,,,,,
711047,巨有凱基61購02,2026-07-22,0.69,0.01,1.47,291000000,0,,是,,0.7,,,,,,
711048,宜特凱基61購04,2026-07-22,0.96,0.06,6.67,237000000,0,,是,,,,,,,,
711049,宜鼎凱基61購03,2026-07-22,1.02,0.11,12.09,687000000,0,,是,,1.0,,,,,,
711051,原相凱基61購02,2026-07-22,1.1,0.22,25.0,175000000,0,,,,,,,,,,
711053,順達凱基61購02,2026-07-22,0.89,0.17,23.61,206000000,0,,,,,,,,,,
711054,鈊象凱基61購03,2026-07-22,1.48,0.0,0.0,108000000,0,,,,,,,,,,
711055,群聯凱基64購04,2026-07-22,2.0,0.25,14.29,6000000,0,,否,,1.87,,,,,,
711056,精材凱基61購08,2026-07-22,2.89,0.6,26.2,189000000,0,,是,,2.38,,,,,,
711057,廣積凱基65購01,2026-07-22,1.11,0.09,8.82,1000000,0,,否,,1.03,,,,,,
711059,富喬台新61購01,2026-07-22,0.69,0.04,6.15,10000000,0,,否,,,,,,,,
711060,艾訊群益61購01,2026-07-22,1.01,0.22,27.85,160000000,0,,,,,,,,,,
711063,群聯群益61購06,2026-07-22,3.86,0.34,9.66,20000000,0,,是,,,,,,,,
711064,精材群益61購02,2026-07-22,5.6,1.23,28.15,61000000,0,,是,,4.68,,,,,,
711065,大樹國票65購01,2026-07-22,0.81,-0.04,-4.71,138000000,0,,否,,0.82,,,,,,
711070,艾訊國票61購02,2026-07-22,1.13,0.21,22.83,6000000,0,,,,,,,,,,
711071,宜鼎國票65購02,2026-07-22,1.16,0.12,11.54,9000000,0,,,,,,,,,,
711073,智崴國票65購01,2026-07-22,0.61,0.03,5.17,331000000,0,,是,,0.6,,,,,,
711074,僑威國票65購01,2026-07-22,0.67,0.01,1.52,74000000,0,,是,,,,,,,,
711078,台嘉碩元大61購03,2026-07-22,1.05,0.09,9.37,6000000,0,,否,,1.08,,,,,,
711079,宜鼎元大61購10,2026-07-22,0.96,0.08,9.09,1621000000,0,,是,,0.94,,,,,,
711080,智通*元大61購02,2026-07-22,0.92,-0.01,-1.08,672000000,0,,是,,0.93,,,,,,
711081,群聯元大61購14,2026-07-22,1.06,0.1,10.42,3206000000,0,,是,,1.01,,,,,,
711082,臺慶科元大61購03,2026-07-22,0.4,0.03,8.11,1085000000,0,,否,,0.4,,,,,,
711083,世界國泰62購01,2026-07-22,1.29,0.29,29.0,132000000,0,,否,,1.24,,,,,,
711084,博大國泰62購01,2026-07-22,0.87,0.01,1.16,150000000,0,,否,,0.9,,,,,,
711085,陽程國泰62購01,2026-07-22,1.46,0.14,10.61,152000000,0,,是,,1.62,,,,,,
711086,群聯國泰62購03,2026-07-22,1.45,0.18,14.17,149000000,0,,是,,1.42,,,,,,
711087,精材國泰62購02,2026-07-22,3.95,0.81,25.8,107000000,0,,是,,3.26,,,,,,
711088,中美晶富邦61購03,2026-07-22,1.02,0.15,17.24,2107000000,0,,是,,1.08,,,,,,
711090,翔名富邦61購01,2026-07-22,0.56,0.06,12.0,697000000,0,,否,,0.61,,,,,,
711091,陽程富邦61購02,2026-07-22,0.47,0.02,4.44,39000000,0,,否,,0.54,,,,,,
711092,精材富邦61購01,2026-07-22,1.59,0.4,33.61,851000000,0,,是,,,,,,,,
711093,精材中信61購02,2026-07-22,0.99,0.2,25.32,106000000,0,,是,,0.79,,,,,,
711094,千附永豐61購01,2026-07-22,2.52,0.01,0.4,11000000,0,,否,,2.62,,,,,,
711095,千附永豐61購02,2026-07-22,1.92,0.08,4.35,7000000,0,,否,,2.0,,,,,,
711096,立端永豐61購01,2026-07-22,0.85,0.06,7.59,163000000,0,,是,,,,,,,,
711097,松瑞藥永豐61購01,2026-07-22,0.98,-0.02,-2.0,105000000,0,,是,,,,,,,,
711098,磐儀永豐61購02,2026-07-22,0.85,0.24,39.34,23000000,0,,是,,0.78,,,,,,
711099,千附精統一67購01,2026-07-22,0.56,0.05,9.8,215000000,0,,否,,0.59,,,,,,
711105,台嘉碩統一6C購01,2026-07-22,0.49,0.01,2.08,140000000,0,,,,,,,,,,
711108,朋程統一65購04,2026-07-22,0.45,0.05,12.5,48000000,0,,,,,,,,,,
711110,青雲統一69購01,2026-07-22,0.9,0.11,13.92,50000000,0,,,,,,,,,,
711115,智通*統一67購01,2026-07-22,0.67,0.0,0.0,55000000,0,,否,,0.69,,,,,,
711116,陽程統一6C購01,2026-07-22,0.58,0.0,0.0,120000000,0,,,,,,,,,,
711118,頎邦統一65購01,2026-07-22,0.59,0.15,34.09,831000000,0,,是,,0.52,,,,,,
711119,頎邦統一67購02,2026-07-22,0.58,0.07,13.73,413000000,0,,是,,0.56,,,,,,
711121,頎邦統一6C購01,2026-07-22,0.64,0.06,10.34,81000000,0,,是,,,,,,,,
711122,精材統一65購02,2026-07-22,1.18,0.22,22.92,1441000000,0,,是,,0.99,,,,,,
711123,精材統一67購02,2026-07-22,0.88,0.17,23.94,81000000,0,,否,,0.76,,,,,,
711127,順達凱基61購03,2026-07-22,0.82,0.09,12.33,6000000,0,,,,,,,,,,
711129,群聯凱基61購09,2026-07-22,1.32,0.24,22.22,111000000,0,,否,,,,,,,,
711130,頎邦凱基61購03,2026-07-22,0.51,0.1,24.39,467000000,0,,,,,,,,,,
711131,精材凱基61購09,2026-07-22,1.78,0.51,40.16,222000000,0,,,,,,,,,,
711132,臺慶科凱基61購03,2026-07-22,0.56,0.0,0.0,16000000,0,,否,,,,,,,,
711133,宜鼎台新62購01,2026-07-22,0.87,0.13,17.57,45000000,0,,否,,,,,,,,
711134,茂達台新61購01,2026-07-22,0.91,0.28,44.44,2249000000,0,,是,,,,,,,,
711135,茂達台新61購02,2026-07-22,1.08,0.11,11.34,54000000,0,,否,,,,,,,,
711136,群聯台新67購03,2026-07-22,1.65,0.18,12.24,73000000,0,,是,,,,,,,,
711138,頎邦台新61購04,2026-07-22,1.31,0.29,28.43,369000000,0,,,,,,,,,,
711139,頎邦台新61購05,2026-07-22,1.27,0.31,32.29,343000000,0,,是,,1.18,,,,,,
711140,精材台新61購04,2026-07-22,1.91,0.59,44.7,230000000,0,,,,,,,,,,
711141,精材台新61購05,2026-07-22,1.92,0.34,21.52,280000000,0,,,,,,,,,,
711142,精材台新62購02,2026-07-22,1.92,0.56,41.18,100000000,0,,,,,,,,,,
711144,天良國票61購01,2026-07-22,1.43,-0.03,-2.05,10000000,0,,否,,1.54,,,,,,
711145,巨漢國票61購01,2026-07-22,1.2,0.08,7.14,65000000,0,,,,,,,,,,
711150,順達國票65購01,2026-07-22,1.15,0.14,13.86,30000000,0,,否,,,,,,,,
711151,精材國票61購04,2026-07-22,2.18,0.7,47.3,243000000,0,,是,,,,,,,,
711152,精材國票65購01,2026-07-22,2.11,0.34,19.21,312000000,0,,是,,,,,,,,
711153,營邦國票61購01,2026-07-22,1.46,0.31,26.96,63000000,0,,,,,,,,,,
711154,千附群益61購01,2026-07-22,2.42,-0.22,-8.33,2000000,0,,,,,,,,,,
711155,千附群益61購02,2026-07-22,1.98,-0.11,-5.26,31000000,0,,否,,2.15,,,,,,
711156,台特化群益61購02,2026-07-22,1.38,-0.05,-3.5,98000000,0,,,,,,,,,,
711157,青雲群益61購01,2026-07-22,1.01,-0.21,-17.21,161000000,0,,否,,0.98,,,,,,
711158,青雲群益61購02,2026-07-22,1.46,0.14,10.61,48000000,0,,否,,,,,,,,
711159,威剛群益61購06,2026-07-22,1.82,0.22,13.75,27000000,0,,,,,,,,,,
711162,群聯群益61購07,2026-07-22,2.39,0.29,13.81,101000000,0,,是,,,,,,,,
711164,中光電元大61購06,2026-07-22,0.59,-0.14,-19.18,2562000000,0,,否,,0.65,,,,,,
711165,中光電元大61購07,2026-07-22,0.67,-0.05,-6.94,237000000,0,,否,,0.71,,,,,,
711166,中美晶元大61購04,2026-07-22,0.96,0.16,20.0,33000000,0,,否,,0.94,,,,,,
711167,宜鼎元大63購02,2026-07-22,1.14,0.14,14.0,256000000,0,,是,,1.07,,,,,,
711168,茂達元大61購04,2026-07-22,1.22,0.3,32.61,20000000,0,,,,,,,,,,
711169,智通*元大61購03,2026-07-22,0.98,0.0,0.0,1021000000,0,,否,,,,,,,,
711170,翔名元大61購02,2026-07-22,0.85,0.13,18.06,331000000,0,,,,,,,,,,
711171,順達元大61購01,2026-07-22,1.02,0.21,25.93,33000000,0,,否,,0.92,,,,,,
711172,群聯元大61購15,2026-07-22,0.97,0.1,11.49,2093000000,0,,否,,0.92,,,,,,
711173,頎邦元大61購03,2026-07-22,1.0,0.17,20.48,95000000,0,,否,,,,,,,,
711174,精材元大61購10,2026-07-22,1.16,0.28,31.82,384000000,0,,是,,,,,,,,
711175,精材元大61購11,2026-07-22,2.12,0.59,38.56,47000000,0,,否,,,,,,,,
711176,精材元大63購05,2026-07-22,1.49,0.26,21.14,878000000,0,,是,,,,,,,,
711177,營邦元大61購01,2026-07-22,1.12,0.22,24.44,523000000,0,,,,,,,,,,
711178,九暘統一63購01,2026-07-22,0.41,0.03,7.89,120000000,0,,,,,,,,,,
711179,九暘統一6C購01,2026-07-22,0.49,0.02,4.26,2000000,0,,否,,,,,,,,
711181,千附精統一67購03,2026-07-22,0.56,0.02,3.7,95000000,0,,是,,,,,,,,
711183,中光電統一65購01,2026-07-22,0.51,-0.08,-13.56,35000000,0,,,,,,,,,,
711185,中美晶統一65購02,2026-07-22,0.91,0.11,13.75,77000000,0,,否,,,,,,,,
711186,中美晶統一67購01,2026-07-22,0.78,0.08,11.43,34000000,0,,否,,0.83,,,,,,
711187,中美晶統一6C購01,2026-07-22,0.82,0.08,10.81,32000000,0,,否,,0.82,,,,,,
711188,台嘉碩統一65購01,2026-07-22,0.46,0.01,2.22,1000000,0,,,,,,,,,,
711190,安勤統一67購01,2026-07-22,0.65,0.08,14.04,41000000,0,,,,,,,,,,
711194,昇佳電統一67購01,2026-07-22,0.64,-0.1,-13.51,345000000,0,,,,,,,,,,
711197,茂達統一69購02,2026-07-22,0.57,0.05,9.62,6000000,0,,,,,,,,,,
711202,順達統一67購02,2026-07-22,0.49,0.04,8.89,71000000,0,,,,,,,,,,
711206,頎邦統一65購02,2026-07-22,0.57,-0.08,-12.31,108000000,0,,,,,,,,,,
711207,頎邦統一67購04,2026-07-22,0.58,0.11,23.4,48000000,0,,,,,,,,,,
711208,頎邦統一68購01,2026-07-22,0.49,0.05,11.36,4000000,0,,,,,,,,,,
711209,碩禾統一67購01,2026-07-22,0.45,0.01,2.27,30000000,0,,,,,,,,,,
711210,精材統一65購03,2026-07-22,0.94,0.15,18.99,50000000,0,,,,,,,,,,
711211,精材統一6C購02,2026-07-22,0.96,0.14,17.07,167000000,0,,是,,,,,,,,
711213,中美晶永豐61購03,2026-07-22,2.07,0.15,7.81,3000000,0,,,,,,,,,,
711214,宜鼎永豐67購01,2026-07-22,0.95,0.1,11.76,78000000,0,,,,,,,,,,
711215,智通*永豐65購01,2026-07-22,0.87,0.03,3.57,22000000,0,,否,,,,,,,,
711216,順達永豐61購02,2026-07-22,0.39,0.04,11.43,1000000,0,,,,,,,,,,
711217,頎邦永豐65購01,2026-07-22,0.83,0.14,20.29,329000000,0,,是,,0.78,,,,,,
711218,精材永豐61購03,2026-07-22,1.1,0.21,23.6,197000000,0,,是,,,,,,,,
711219,精材永豐61購04,2026-07-22,1.81,0.45,33.09,539000000,0,,,,,,,,,,
711220,精材永豐64購02,2026-07-22,1.37,0.24,21.24,120000000,0,,,,,,,,,,
711221,營邦永豐64購01,2026-07-22,0.86,0.11,14.67,118000000,0,,,,,,,,,,
711222,廣積國泰62購01,2026-07-22,2.62,0.02,0.77,67000000,0,,是,,,,,,,,
711223,營邦國泰62購01,2026-07-22,2.17,0.54,33.13,436000000,0,,,,,,,,,,
711224,久元富邦63購02,2026-07-22,0.65,0.03,4.84,15000000,0,,,,,,,,,,
711225,元太富邦63購01,2026-07-22,0.8,0.0,0.0,37000000,0,,,,,,,,,,
711226,元太富邦63購02,2026-07-22,0.77,0.01,1.32,42000000,0,,,,,,,,,,
711228,宜特富邦63購01,2026-07-22,0.56,0.05,9.8,39000000,0,,,,,,,,,,
711229,智通*富邦64購02,2026-07-22,0.69,0.04,6.15,70000000,0,,否,,,,,,,,
711230,順達富邦63購01,2026-07-22,0.44,0.02,4.76,475000000,0,,是,,0.48,,,,,,
711231,鈊象富邦63購02,2026-07-22,0.67,0.02,3.08,239000000,0,,否,,0.66,,,,,,
711232,中美晶台新61購04,2026-07-22,1.21,0.27,28.72,14000000,0,,,,,,,,,,
711233,宜鼎台新63購01,2026-07-22,1.11,0.15,15.62,122000000,0,,,,,,,,,,
711234,宜鼎台新64購01,2026-07-22,1.54,0.22,16.67,88000000,0,,,,,,,,,,
711235,千附群益61購03,2026-07-22,1.81,-0.12,-6.22,1000000,0,,否,,,,,,,,
711237,順達群益61購02,2026-07-22,1.2,0.04,3.45,120000000,0,,,,,,,,,,
711239,千附凱基61購01,2026-07-22,1.19,-0.1,-7.75,20000000,0,,否,,,,,,,,
711240,中美晶凱基61購07,2026-07-22,1.27,0.27,27.0,78000000,0,,是,,,,,,,,
711241,宜鼎凱基64購01,2026-07-22,0.79,0.08,11.27,50000000,0,,,,,,,,,,
711242,青雲凱基61購01,2026-07-22,1.51,0.13,9.42,192000000,0,,否,,,,,,,,
711244,智通*凱基61購02,2026-07-22,1.29,-0.02,-1.53,145000000,0,,是,,,,,,,,
711245,順達凱基61購04,2026-07-22,0.51,0.09,21.43,20000000,0,,是,,,,,,,,
711247,營邦凱基61購02,2026-07-22,1.27,0.32,33.68,191000000,0,,,,,,,,,,
711248,雙鴻凱基61購06,2026-07-22,2.0,0.1,5.26,39000000,0,,否,,,,,,,,
711250,千附國票61購03,2026-07-22,1.2,-0.47,-28.14,14000000,0,,否,,,,,,,,
711251,中美晶國票65購02,2026-07-22,1.38,0.23,20.0,1000000,0,,否,,,,,,,,
711252,巨有國票61購01,2026-07-22,1.0,0.02,2.04,149000000,0,,是,,,,,,,,
711254,博智國票61購01,2026-07-22,1.12,0.21,23.08,59000000,0,,,,,,,,,,
711255,晶呈國票65購01,2026-07-22,0.7,0.08,12.9,6000000,0,,否,,,,,,,,
711257,中光電元大61購08,2026-07-22,0.48,-0.12,-20.0,1622000000,0,,是,,,,,,,,
711258,中光電元大61購09,2026-07-22,0.58,0.01,1.75,1497000000,0,,,,,,,,,,
711259,中光電元大63購01,2026-07-22,0.52,0.0,0.0,10000000,0,,否,,,,,,,,
711260,立敦元大61購02,2026-07-22,0.44,0.02,4.76,88000000,0,,,,,,,,,,
711261,宜鼎元大63購03,2026-07-22,1.04,0.11,11.83,150000000,0,,,,,,,,,,
711263,家登元大61購04,2026-07-22,1.2,0.31,34.83,158000000,0,,,,,,,,,,
711264,家登元大61購05,2026-07-22,1.4,0.27,23.89,560000000,0,,,,,,,,,,
711266,群聯元大61購16,2026-07-22,1.28,0.11,9.4,400000000,0,,是,,,,,,,,
711267,臺慶科元大61購04,2026-07-22,1.17,0.04,3.54,314000000,0,,否,,,,,,,,
711268,營邦元大61購02,2026-07-22,1.36,0.19,16.24,185000000,0,,,,,,,,,,
711270,世界富邦61購03,2026-07-22,0.61,0.11,22.0,92000000,0,,是,,,,,,,,
711271,博智富邦63購01,2026-07-22,0.52,0.07,15.56,164000000,0,,,,,,,,,,
711275,世界永豐61購02,2026-07-22,0.9,0.16,21.62,278000000,0,,,,,,,,,,
711281,安勤統一67購02,2026-07-22,0.78,0.12,18.18,370000000,0,,,,,,,,,,
711282,青雲統一67購01,2026-07-22,1.15,0.06,5.5,71000000,0,,是,,,,,,,,
711285,翔名統一67購01,2026-07-22,0.5,0.05,11.11,32000000,0,,,,,,,,,,
711286,順達統一65購04,2026-07-22,0.47,0.03,6.82,10000000,0,,,,,,,,,,
711287,M31台新61購01,2026-07-22,1.63,0.04,2.52,4000000,0,,,,,,,,,,
711288,M31台新62購01,2026-07-22,1.34,0.01,0.75,16000000,0,,,,,,,,,,
711291,富喬台新61購02,2026-07-22,1.08,0.06,5.88,1049000000,0,,,,,,,,,,
711292,頎邦台新61購06,2026-07-22,1.5,0.42,38.89,1411000000,0,,否,,,,,,,,
711293,M31凱基61購01,2026-07-22,1.53,0.07,4.79,86000000,0,,,,,,,,,,
711295,M31凱基61購03,2026-07-22,1.47,0.04,2.8,349000000,0,,,,,,,,,,
711296,千附精凱基61購03,2026-07-22,0.7,0.06,9.38,25000000,0,,,,,,,,,,
711297,中光電凱基61購04,2026-07-22,0.79,-0.16,-16.84,135000000,0,,,,,,,,,,
711298,中美晶凱基61購08,2026-07-22,1.74,0.29,20.0,105000000,0,,,,,,,,,,
711300,博智凱基63購01,2026-07-22,2.07,0.31,17.61,58000000,0,,,,,,,,,,
711302,翔名凱基61購02,2026-07-22,1.13,0.18,18.95,6000000,0,,,,,,,,,,
711303,群聯凱基65購01,2026-07-22,2.02,0.25,14.12,780000000,0,,,,,,,,,,
711304,臺慶科凱基64購01,2026-07-22,1.4,0.32,29.63,40000000,0,,,,,,,,,,
711305,營邦凱基61購03,2026-07-22,2.0,0.49,32.45,526000000,0,,,,,,,,,,
711306,千附精元大61購01,2026-07-22,1.16,0.1,9.43,17000000,0,,否,,,,,,,,
711307,中光電元大61購10,2026-07-22,1.26,-0.24,-16.0,54000000,0,,否,,,,,,,,
711308,宏捷科元大66購01,2026-07-22,1.34,0.07,5.51,225000000,0,,,,,,,,,,
711309,宜鼎元大63購04,2026-07-22,1.15,0.13,12.75,87000000,0,,,,,,,,,,
711310,原相元大61購03,2026-07-22,1.79,0.33,22.6,441000000,0,,,,,,,,,,
711311,順達元大63購01,2026-07-22,1.54,0.23,17.56,55000000,0,,,,,,,,,,
711312,群聯元大61購17,2026-07-22,1.82,0.22,13.75,49000000,0,,,,,,,,,,
711313,臺慶科元大61購05,2026-07-22,1.36,0.12,9.68,382000000,0,,是,,,,,,,,
711314,世界國泰62購02,2026-07-22,1.42,0.23,19.33,125000000,0,,是,,,,,,,,
711316,鑫聯國泰62購01,2026-07-22,1.58,0.09,6.04,23000000,0,,,,,,,,,,
711319,中美晶國票61購05,2026-07-22,1.65,0.32,24.06,10000000,0,,,,,,,,,,
711320,茂達國票61購02,2026-07-22,1.52,0.26,20.63,4000000,0,,,,,,,,,,
711321,倉和國票67購01,2026-07-22,0.73,0.0,0.0,20000000,0,,,,,,,,,,
711322,晶呈國票64購01,2026-07-22,0.84,0.11,15.07,30000000,0,,,,,,,,,,
711323,頎邦國票64購01,2026-07-22,1.49,0.22,17.32,5000000,0,,,,,,,,,,
711328,博智群益61購02,2026-07-22,2.84,0.12,4.41,57000000,0,,,,,,,,,,
711330,群聯群益63購01,2026-07-22,1.42,0.21,17.36,1035000000,0,,是,,,,,,,,
711331,M31富邦63購01,2026-07-22,0.88,0.06,7.32,200000000,0,,,,,,,,,,
711333,中美晶統一67購02,2026-07-22,0.53,0.07,15.22,166000000,0,,是,,,,,,,,
711335,世紀*永豐63購01,2026-07-22,1.02,-0.11,-9.73,60000000,0,,,,,,,,,,
711336,原相永豐61購03,2026-07-22,2.36,0.4,20.41,61000000,0,,,,,,,,,,
711338,晶呈永豐61購01,2026-07-22,0.85,0.11,14.86,1000000,0,,,,,,,,,,
711340,千附精台新61購03,2026-07-22,0.77,0.08,11.59,31000000,0,,,,,,,,,,
711343,中美晶凱基61購09,2026-07-22,0.93,0.13,16.25,164000000,0,,,,,,,,,,
711344,宜鼎凱基61購04,2026-07-22,1.2,0.19,18.81,52000000,0,,,,,,,,,,
711345,原相凱基61購03,2026-07-22,1.91,0.33,20.89,73000000,0,,,,,,,,,,
711347,群聯凱基63購02,2026-07-22,1.57,0.16,11.35,40000000,0,,,,,,,,,,
711348,頎邦凱基64購02,2026-07-22,1.27,0.19,17.59,11000000,0,,,,,,,,,,
711349,雙鴻凱基63購02,2026-07-22,1.8,-0.12,-6.25,510000000,0,,,,,,,,,,
711350,中光電元大61購11,2026-07-22,1.21,-0.19,-13.57,393000000,0,,,,,,,,,,
711351,中美晶元大61購05,2026-07-22,1.36,0.21,18.26,324000000,0,,,,,,,,,,
711353,智通*元大61購04,2026-07-22,0.7,0.04,6.06,20000000,0,,,,,,,,,,
711355,中美晶群益61購02,2026-07-22,2.67,0.43,19.2,16000000,0,,,,,,,,,,
711358,巨有群益61購01,2026-07-22,1.37,0.05,3.79,21000000,0,,,,,,,,,,
711360,智通*群益61購01,2026-07-22,0.72,0.02,2.86,315000000,0,,,,,,,,,,
711361,群聯群益61購08,2026-07-22,4.28,0.79,22.64,16000000,0,,,,,,,,,,
711364,良維永豐61購02,2026-07-22,1.59,0.08,5.3,8000000,0,,,,,,,,,,
711366,敘豐永豐64購01,2026-07-22,1.0,0.15,17.65,29000000,0,,,,,,,,,,
711367,凱崴永豐61購01,2026-07-22,0.65,0.09,16.07,69000000,0,,,,,,,,,,
711369,華電網永豐61購01,2026-07-22,0.91,0.14,18.18,1502000000,0,,,,,,,,,,
711372,群聯永豐64購09,2026-07-22,1.62,0.2,14.08,218000000,0,,,,,,,,,,
711373,群聯永豐67購02,2026-07-22,1.28,0.15,13.27,5000000,0,,,,,,,,,,
711375,千附國票65購01,2026-07-22,2.04,0.06,3.03,2000000,0,,,,,,,,,,
711377,原相國票61購02,2026-07-22,1.62,0.18,12.5,2000000,0,,,,,,,,,,
711378,敘豐國票61購01,2026-07-22,1.24,0.24,24.0,30000000,0,,,,,,,,,,
711379,創泓國票61購02,2026-07-22,1.28,-0.27,-17.42,48000000,0,,,,,,,,,,
711380,創泓國票63購01,2026-07-22,1.42,-0.27,-15.98,27000000,0,,,,,,,,,,
711381,智擎國票65購01,2026-07-22,0.71,-0.06,-7.79,36000000,0,,,,,,,,,,
711383,營邦國票61購02,2026-07-22,1.9,0.36,23.38,11000000,0,,,,,,,,,,
711385,世界國泰62購03,2026-07-22,1.68,0.49,41.18,1000000,0,,,,,,,,,,
711387,青雲國泰62購04,2026-07-22,2.4,0.34,16.5,2000000,0,,,,,,,,,,
711388,倉和國泰62購01,2026-07-22,1.4,0.03,2.19,243000000,0,,,,,,,,,,
711390,群聯國泰62購05,2026-07-22,1.71,0.25,17.12,32000000,0,,,,,,,,,,
711392,宜鼎富邦61購03,2026-07-22,0.61,0.08,15.09,116000000,0,,,,,,,,,,
711393,群聯富邦63購02,2026-07-22,0.52,0.05,10.64,153000000,0,,,,,,,,,,
711394,M31統一67購01,2026-07-22,0.7,0.03,4.48,23000000,0,,,,,,,,,,
711395,M31統一67購02,2026-07-22,0.82,0.03,3.8,18000000,0,,,,,,,,,,
711396,M31統一6C購01,2026-07-22,0.71,0.03,4.41,21000000,0,,,,,,,,,,
711400,中光電統一67購01,2026-07-22,0.57,-0.07,-10.94,4000000,0,,,,,,,,,,
711401,中光電統一6C購02,2026-07-22,0.61,0.01,1.67,20000000,0,,,,,,,,,,
711402,中美晶統一66購04,2026-07-22,0.51,0.06,13.33,40000000,0,,,,,,,,,,
711406,閎康統一67購01,2026-07-22,0.67,0.04,6.35,46000000,0,,,,,,,,,,
711409,千附國票66購01,2026-07-22,1.36,-0.03,-2.16,30000000,0,,,,,,,,,,
711414,青雲國票61購02,2026-07-22,2.19,0.26,13.47,2000000,0,,,,,,,,,,
711416,晟田國票62購01,2026-07-22,1.79,-0.38,-17.51,41000000,0,,,,,,,,,,
711422,晟田台新61購02,2026-07-22,1.07,-0.24,-18.32,100000000,0,,,,,,,,,,
711423,陽程台新61購01,2026-07-22,1.14,0.07,6.54,100000000,0,,,,,,,,,,
711427,中美晶凱基61購10,2026-07-22,1.15,0.21,22.34,5000000,0,,,,,,,,,,
711433,中美晶元大61購06,2026-07-22,2.13,0.31,17.03,94000000,0,,,,,,,,,,
711434,中美晶元大61購07,2026-07-22,1.27,0.22,20.95,468000000,0,,,,,,,,,,
711435,中美晶元大61購08,2026-07-22,0.68,0.07,11.48,1721000000,0,,,,,,,,,,
711436,中美晶元大63購03,2026-07-22,1.08,0.21,24.14,70000000,0,,,,,,,,,,
711437,中美晶元大65購04,2026-07-22,0.94,0.09,10.59,10000000,0,,,,,,,,,,
711438,世界元大63購05,2026-07-22,1.2,0.16,15.38,12000000,0,,,,,,,,,,
711439,家登元大63購01,2026-07-22,1.71,0.24,16.33,9000000,0,,,,,,,,,,
711440,智通*元大61購06,2026-07-22,0.86,0.01,1.18,3000000,0,,,,,,,,,,
711441,智通*元大63購02,2026-07-22,0.69,0.04,6.15,100000000,0,,,,,,,,,,
711442,翔名元大61購03,2026-07-22,1.01,0.13,14.77,112000000,0,,,,,,,,,,
711443,頎邦元大61購04,2026-07-22,0.62,0.1,19.23,2313000000,0,,,,,,,,,,
711448,千附永豐64購01,2026-07-22,1.04,0.0,0.0,50000000,0,,,,,,,,,,
711454,宏捷科永豐64購01,2026-07-22,1.1,0.13,13.4,20000000,0,,,,,,,,,,
711455,創惟永豐61購01,2026-07-22,1.32,0.09,7.32,79000000,0,,,,,,,,,,
711456,智通*永豐61購02,2026-07-22,0.6,-0.01,-1.64,90000000,0,,,,,,,,,,
711461,中美晶國泰63購02,2026-07-22,1.67,0.3,21.9,1000000,0,,,,,,,,,,
711463,翔名國泰62購01,2026-07-22,1.52,0.2,15.15,11000000,0,,,,,,,,,,
711467,千附精統一67購05,2026-07-22,0.57,0.02,3.64,6000000,0,,,,,,,,,,
711468,中美晶統一65購03,2026-07-22,0.54,0.06,12.5,20000000,0,,,,,,,,,,
711470,中美晶統一6C購02,2026-07-22,0.52,0.04,8.33,40000000,0,,,,,,,,,,
711475,博智統一6C購02,2026-07-22,0.69,0.02,2.99,22000000,0,,,,,,,,,,
711478,中光電富邦62購03,2026-07-22,0.56,-0.11,-16.42,50000000,0,,,,,,,,,,
711479,中美晶富邦61購04,2026-07-22,0.45,0.07,18.42,597000000,0,,,,,,,,,,
711481,宜鼎富邦61購04,2026-07-22,0.57,0.05,9.62,748000000,0,,,,,,,,,,
711482,宜鼎群益61購04,2026-07-22,1.86,0.19,11.38,11000000,0,,,,,,,,,,
711483,茂達群益61購03,2026-07-22,1.85,0.5,37.04,30000000,0,,,,,,,,,,
711488,亞電台新61購01,2026-07-22,1.45,0.41,39.42,397000000,0,,,,,,,,,,
711491,亞電群益61購01,2026-07-22,1.72,0.33,23.74,114000000,0,,,,,,,,,,
711492,亞電群益61購02,2026-07-22,1.8,0.59,48.76,10000000,0,,,,,,,,,,
711493,亞電群益61購03,2026-07-22,2.41,0.49,25.52,143000000,0,,,,,,,,,,
711498,宜鼎凱基61購05,2026-07-22,2.24,0.39,21.08,5000000,0,,,,,,,,,,
711499,昇佳電凱基61購02,2026-07-22,1.52,0.15,10.95,10000000,0,,,,,,,,,,
711503,富喬凱基61購06,2026-07-22,1.78,0.04,2.3,20000000,0,,,,,,,,,,
711506,群聯凱基61購11,2026-07-22,2.87,0.45,18.6,271000000,0,,,,,,,,,,
711508,雙鴻凱基63購03,2026-07-22,2.56,0.09,3.64,10000000,0,,,,,,,,,,
711511,亞電元大61購01,2026-07-22,2.1,0.41,24.26,58000000,0,,,,,,,,,,
711515,亞電統一69購01,2026-07-22,0.86,0.04,4.88,67000000,0,,,,,,,,,,
711517,倉和統一65購01,2026-07-22,0.62,0.01,1.64,100000000,0,,,,,,,,,,
711522,陽程永豐61購03,2026-07-22,1.05,0.06,6.06,5000000,0,,,,,,,,,,
711526,亞電國泰62購01,2026-07-22,2.7,0.54,25.0,2000000,0,,,,,,,,,,
711540,營邦富邦62購03,2026-07-22,0.94,0.2,27.03,1000000,0,,,,,,,,,,
711541,雙鴻富邦63購02,2026-07-22,0.97,-0.02,-2.02,20000000,0,,,,,,,,,,
722354,系統電統一57購01,2026-07-22,0.04,0.0,0.0,40000000,0,,否,,0.06,0.24,0.49,,-85.3774,-55.5759,
722723,新復興統一58購02,2026-07-22,0.45,0.04,9.76,1000000,0,,否,,0.46,0.5,,,-15.3846,,
722726,精材統一58購01,2026-07-22,0.47,0.15,46.88,2006000000,0,紅增,是,,0.3,0.23,0.16,,104.0541,87.5,67.2043
722884,雙鴻統一58購02,2026-07-22,0.2,0.0,0.0,35000000,0,,否,,,,,,,,
723292,神盾統一58購01,2026-07-22,0.7,0.04,6.06,1000000,0,紅增,否,,0.63,0.6,0.49,,12.4555,18.2178,20.9559
723681,雷科元富58購01,2026-07-22,1.98,0.15,8.2,5000000,0,綠縮,否,,1.89,2.16,2.62,,-22.1857,-20.2359,0.7513
724128,能率統一59購01,2026-07-22,0.25,0.01,4.17,100000000,0,綠增,是,,0.29,0.35,0.36,,-28.9855,-10.1523,-8.8608
724478,千附精統一59購01,2026-07-22,0.54,0.03,5.88,2000000,0,,否,,0.55,0.59,,,-10.0649,-6.9952,
72485U,信驊群益5B售01,2026-07-22,0.01,0.0,0.0,49000000,0,綠增,否,,0.02,0.02,0.02,,-0.0,-20.0,-9.7561
72535U,信驊國票58售01,2026-07-22,0.01,0.0,0.0,1000000,0,,否,,0.01,0.01,,,0.0,,
725744,新復興統一5A購01,2026-07-22,0.1,0.0,0.0,1000000,0,,否,,0.1,0.14,0.24,,-44.4444,-46.1538,
72587U,華電網國票5A售01,2026-07-22,0.67,-0.07,-9.46,3000000,0,,否,,0.72,0.63,0.6,,33.3333,16.451,
72600U,昇達科國票59售01,2026-07-22,0.01,-0.01,-50.0,15000000,0,,否,,0.02,0.03,0.03,,-7.6923,8.6957,
72629U,櫃200群益5B售02,2026-07-22,0.16,-0.04,-20.0,985000000,0,紅縮,是,,0.19,0.17,0.17,,28.7671,7.7419,-7.2423
72638U,譜瑞群益5C售01,2026-07-22,0.6,-0.12,-16.67,42000000,0,,否,,0.65,0.67,,,-4.9419,-4.5519,
72690U,信驊群益59售02,2026-07-22,0.03,0.0,0.0,22000000,0,,否,,0.05,,,,,,
726927,金麗科統一5B購04,2026-07-22,0.22,0.02,10.0,239000000,0,綠縮,是,,0.22,0.29,0.34,,-38.7978,-21.7507,-8.311
72692U,信驊群益61售02,2026-07-22,0.1,0.0,0.0,29000000,0,紅縮,否,,0.1,0.1,0.09,,13.0435,4.2553,4.4944
72693U,穩懋群益59售02,2026-07-22,0.13,-0.15,-53.57,3000000,0,,否,,0.2,0.17,,,38.3562,31.8182,
72697U,穩懋凱基59售04,2026-07-22,0.06,-0.04,-40.0,15000000,0,,否,,0.11,0.09,0.08,,55.8824,58.1818,
72724U,信驊國票5B售01,2026-07-22,0.05,0.0,0.0,1206000000,0,紅轉綠,否,,0.07,0.07,0.07,,-7.8947,-2.6667,-2.8369
72730U,穩懋國票59售01,2026-07-22,0.7,0.65,1300.0,1000000,0,,否,,0.18,0.11,,,388.8889,11.5789,
72733U,中探針群益62售01,2026-07-22,0.19,0.01,5.56,860000000,0,紅增,否,,0.15,0.12,0.13,,72.7273,18.8119,-7.931
72735U,世界群益5A售01,2026-07-22,0.49,-0.19,-27.94,40000000,0,紅縮,否,,0.57,0.55,0.58,,7.1161,11.0442,-20.4405
72737U,雙鴻群益5A售04,2026-07-22,2.32,0.07,3.11,15000000,0,,否,,2.48,2.42,2.22,,4.9873,5.6185,
72740U,精測國票59售01,2026-07-22,0.83,-0.2,-19.42,11000000,0,,否,,0.98,0.93,0.83,,13.6259,20.2861,
72741U,精測國票59售02,2026-07-22,1.25,-0.06,-4.58,10000000,0,紅縮,否,,1.33,1.29,1.09,,6.25,20.056,5.6576
72742U,精測國票59售03,2026-07-22,1.34,-0.17,-11.26,10000000,0,,否,,1.35,1.21,1.09,,25.2319,25.1546,4.2747
72748U,精測群益5A售02,2026-07-22,1.51,-0.05,-3.21,5000000,0,紅縮,否,,1.62,1.53,1.4,,12.3269,10.2085,4.0938
72749U,精測群益62售04,2026-07-22,1.2,-0.07,-5.51,7000000,0,紅縮,否,,1.27,1.25,1.14,,3.7643,7.7922,4.5016
72767U,富喬永豐58售03,2026-07-22,0.82,-0.12,-12.77,5000000,0,,否,,0.68,,,,,,
72770U,信驊凱基59售02,2026-07-22,0.04,-0.03,-42.86,250000000,0,,否,,0.06,0.05,0.06,,11.5385,-6.7797,-14.3885
72771U,信驊國票59售05,2026-07-22,0.05,0.0,0.0,225000000,0,紅縮,否,,0.06,0.06,0.06,,-6.6667,-10.7692,-5.7851
72772U,穩懋群益63售01,2026-07-22,0.48,-0.05,-9.43,373000000,0,紅縮,否,,0.52,0.46,0.42,,26.9608,10.7656,9.9476
72778U,穩懋凱基59售12,2026-07-22,0.18,-0.11,-37.93,913000000,0,紅縮,否,,0.29,0.23,0.19,,70.5882,22.9947,25.9868
72782U,環球晶群益62售01,2026-07-22,0.61,-0.01,-1.61,3000000,0,,否,,0.47,0.26,,,883.3333,233.3333,
72788U,能率群益59售02,2026-07-22,0.14,-0.04,-22.22,30000000,0,,否,,0.17,0.19,,,-17.9245,-48.3957,
72792U,台特化凱基59售04,2026-07-22,1.7,-0.15,-8.11,10000000,0,,否,,,,,,,,
72793U,宜特凱基59售01,2026-07-22,0.15,-0.06,-28.57,15000000,0,,否,,0.22,0.27,,,-32.716,,
72794U,雙鴻凱基5A售02,2026-07-22,1.62,0.03,1.89,162000000,0,,是,,1.72,1.75,1.64,,-3.4792,5.1652,
72799U,雙鴻國票5A售01,2026-07-22,0.42,-0.11,-20.75,15000000,0,,否,,0.53,0.53,0.5,,1.1494,8.2474,6.0988
728003,金麗科統一5C購01,2026-07-22,0.1,0.0,0.0,20000000,0,,否,,0.14,0.16,,,-29.8969,-9.3407,
72806U,雙鴻凱基59售12,2026-07-22,0.76,-0.04,-5.0,60000000,0,,是,,0.88,0.99,,,-19.0476,,
72808U,新應材國票5A售03,2026-07-22,1.59,-0.01,-0.62,21000000,0,紅縮,否,,1.59,1.51,1.48,,10.8787,4.204,4.3325
72811U,台燿中信59售03,2026-07-22,0.02,0.0,0.0,70000000,0,,,,,,,,,,
72812U,茂迪國票5A售03,2026-07-22,0.86,-0.17,-16.5,10000000,0,,否,,0.99,1.09,,,-15.9052,-0.3663,
72813U,宜鼎群益5B售03,2026-07-22,0.45,-0.07,-13.46,40000000,0,紅縮,否,,0.48,0.43,0.39,,25.7895,9.1603,5.7796
72814U,精測群益5B售02,2026-07-22,0.91,-0.05,-5.21,5000000,0,紅縮,否,,0.97,0.94,0.83,,5.9211,10.8619,6.7992
72817U,雙鴻台新59售03,2026-07-22,1.0,-0.03,-2.91,17000000,0,,否,,1.11,,,,,,
72818U,信驊永豐5C售01,2026-07-22,0.14,-0.03,-17.65,260000000,0,綠增,否,,0.19,0.21,0.22,,-17.9487,-5.7522,-6.6098
72819U,鑫科國票59售02,2026-07-22,0.73,-0.09,-10.98,3000000,0,,否,,0.7,0.72,,,-4.6448,-19.6629,
72821U,信驊元大59售04,2026-07-22,0.29,-0.09,-23.68,333000000,0,紅轉綠,否,,0.41,0.44,0.42,,-13.1915,-4.1485,-2.9036
72829U,宏捷科群益5C售01,2026-07-22,0.79,-0.07,-8.14,55000000,0,,否,,0.82,0.74,0.67,,23.6364,20.5882,10.3448
72830U,元太凱基5B售03,2026-07-22,0.32,0.01,3.23,349000000,0,,否,,0.4,0.38,0.43,,11.1732,-3.3248,
72836U,東捷群益5B售01,2026-07-22,0.58,-0.12,-17.14,519000000,0,紅縮,是,,0.61,0.57,0.53,,17.6245,11.1546,-0.1887
72843U,精材群益63售01,2026-07-22,0.18,-0.09,-33.33,811000000,0,,是,,0.24,0.32,,,-40.201,-42.4955,
72844U,雙鴻群益59售15,2026-07-22,0.25,-0.17,-40.48,23000000,0,,是,,0.4,0.41,,,-6.1321,,
72845U,雙鴻凱基5A售04,2026-07-22,0.66,-0.04,-5.71,23000000,0,,否,,0.76,0.79,,,-7.2816,,
72847U,印能國票5A售04,2026-07-22,0.28,-0.05,-15.15,3000000,0,,否,,0.39,0.45,0.5,,-24.6094,-13.9847,
72848U,雙鴻群益5A售06,2026-07-22,0.96,-0.09,-8.57,10000000,0,,否,,1.17,1.16,,,1.9231,,
72849U,印能凱基5A售04,2026-07-22,0.08,0.0,0.0,141000000,0,,否,,0.1,0.13,0.16,,-36.7089,-14.0,-14.6667
72850U,印能國票5A售05,2026-07-22,0.42,-0.07,-14.29,20000000,0,綠增,否,,0.51,0.6,0.6,,-26.0116,-8.7879,-8.3589
728516,系微統一5C購01,2026-07-22,0.05,-0.01,-16.67,10000000,0,,否,,0.06,0.08,0.1,,-42.0,-18.5567,
72851U,矽科國票5B售02,2026-07-22,0.22,-0.04,-15.38,3000000,0,,,,,,,,,,
72852U,旺矽元大5A售03,2026-07-22,0.63,-0.12,-16.0,153000000,0,,否,,0.74,0.66,0.61,,24.7458,18.1818,0.4942
72853U,信驊元大5A售01,2026-07-22,0.95,-0.29,-23.39,1027000000,0,紅轉綠,是,,1.32,1.36,1.32,,-5.698,-3.4678,-0.3022
72854U,信驊永豐61售01,2026-07-22,0.23,-0.05,-17.86,485000000,0,綠增,否,,0.31,0.33,0.33,,-11.3636,-5.6818,-2.2489
72855U,信驊富邦5C售02,2026-07-22,1.12,-0.17,-13.18,580000000,0,綠增,是,,1.36,1.41,1.45,,-7.8804,-6.3576,-3.4402
72856U,頎邦凱基5A售03,2026-07-22,0.1,-0.05,-33.33,402000000,0,紅縮,否,,0.15,0.13,0.12,,23.7288,9.0909,-3.5294
72857U,雙鴻元大5A售06,2026-07-22,1.15,0.02,1.77,22000000,0,紅縮,否,,1.2,1.19,1.09,,1.528,5.9821,9.5214
72858U,巨漢國票5A售02,2026-07-22,0.84,-0.04,-4.55,43000000,0,,是,,0.85,0.94,,,-16.6341,,
72859U,弘塑國票5B售02,2026-07-22,0.43,-0.05,-10.42,60000000,0,紅縮,否,,0.47,0.45,0.43,,7.3059,14.9367,-7.4837
72860U,弘塑元大5A售03,2026-07-22,1.08,-0.1,-8.47,68000000,0,,是,,1.14,1.09,1.11,,11.068,7.1992,
72861U,華電網凱基5A售01,2026-07-22,1.35,-0.14,-9.4,5000000,0,,否,,1.36,,,,,,
72862U,群聯國票5B售02,2026-07-22,0.29,-0.07,-19.44,204000000,0,紅縮,是,,0.36,0.31,0.28,,40.0,24.3028,-0.3597
72863U,蜜望實國票5A售03,2026-07-22,0.24,-0.04,-14.29,3000000,0,紅增,否,,0.22,0.17,0.15,,73.0159,33.3333,8.3916
72864U,群聯凱基5A售03,2026-07-22,0.57,-0.14,-19.72,5000000,0,,否,,0.67,0.58,0.55,,33.6,17.0341,
72865U,信驊永豐5B售03,2026-07-22,0.21,-0.16,-43.24,30000000,0,紅轉綠,否,,0.38,0.4,0.39,,-9.9057,-4.2755,-3.9457
72866U,旺矽凱基5A售06,2026-07-22,0.65,-0.08,-10.96,57000000,0,紅縮,否,,0.74,0.64,0.67,,37.037,6.6667,-8.3734
72867U,旺矽富邦61售01,2026-07-22,0.67,-0.09,-11.84,1000000,0,紅縮,否,,0.75,0.69,0.69,,21.2219,5.6836,-3.986
72868U,富喬群益5C售01,2026-07-22,1.59,-0.11,-6.47,39000000,0,紅縮,否,,1.59,1.43,1.32,,25.2765,17.8512,3.0055
72869U,立碁國票5B售03,2026-07-22,1.34,-0.24,-15.19,4000000,0,,否,,1.51,1.48,,,5.146,10.0746,
72870U,群聯國票5B售06,2026-07-22,0.54,-0.14,-20.59,9000000,0,,否,,0.63,0.57,0.55,,21.6216,8.9184,
72871U,群聯群益61售02,2026-07-22,0.93,-0.1,-9.71,9000000,0,紅縮,否,,1.01,0.93,0.89,,18.3099,12.1834,4.7591
72872U,聖暉*台新5B售01,2026-07-22,0.51,-0.03,-5.56,260000000,0,紅縮,是,,0.55,0.53,0.57,,9.5238,1.3436,-14.8065
72874U,威剛群益5C售02,2026-07-22,0.91,-0.09,-9.0,2499000000,0,紅縮,是,,0.98,0.95,0.97,,6.5359,-1.147,-3.4209
72875U,威剛凱基5B售05,2026-07-22,0.67,-0.1,-12.99,738000000,0,紅縮,是,,0.74,0.71,0.74,,9.0909,-2.1948,-6.3291
728768,均豪統一59購02,2026-07-22,0.12,0.01,9.09,1000000,0,,否,,0.17,0.17,,,2.3529,-12.2449,
72876U,合晶台新5B售05,2026-07-22,0.35,-0.36,-50.7,18000000,0,紅縮,否,,0.45,0.3,0.26,,189.7436,82.0359,32.7411
72878U,群聯台新5B售08,2026-07-22,2.03,-0.14,-6.45,230000000,0,紅縮,否,,2.14,1.98,1.82,,17.6211,11.6384,3.9406
72882U,環球晶台新5B售03,2026-07-22,0.36,-0.03,-7.69,269000000,0,,否,,0.34,0.37,0.57,,-12.8205,-33.7568,
72883U,環球晶國票5B售02,2026-07-22,0.58,0.06,11.54,36000000,0,綠縮,否,,0.53,0.57,0.77,,-12.2112,-21.4088,-13.6618
72885U,中美晶群益5B售02,2026-07-22,0.25,-0.17,-40.48,609000000,0,,否,,0.29,0.38,0.82,,-38.0342,-48.9218,
72886U,群聯群益5B售06,2026-07-22,1.53,-0.04,-2.55,2000000,0,紅縮,否,,1.6,1.45,1.32,,23.493,15.4952,4.3203
72887U,精材群益5B售05,2026-07-22,0.1,-0.02,-16.67,1400000000,0,,是,,0.12,0.18,0.53,,-52.0,-59.4298,-27.3663
72888U,德微群益5B售02,2026-07-22,0.89,-0.1,-10.1,15000000,0,,否,,0.76,0.84,,,-17.7489,,
72889U,新盛力群益5B售04,2026-07-22,0.75,-0.09,-10.71,123000000,0,紅縮,是,,0.83,0.72,0.73,,34.9673,6.994,2.5874
72890U,廣穎群益5B售03,2026-07-22,0.44,-0.04,-8.33,173000000,0,紅縮,否,,0.46,0.43,0.4,,15.0754,8.6294,-2.2277
72896U,精材凱基5B售08,2026-07-22,0.32,-0.12,-27.27,282000000,0,,是,,0.44,0.56,0.86,,-34.7059,-30.0125,
72897U,精材群益5B售08,2026-07-22,0.2,-0.18,-47.37,998000000,0,,是,,0.38,0.7,,,-62.5731,,
72898U,雷科國票5B售03,2026-07-22,0.54,-0.03,-5.26,146000000,0,紅縮,否,,0.53,0.53,0.51,,3.4884,3.3465,-11.7953
72899U,立敦台新5B售04,2026-07-22,1.67,-0.12,-6.7,42000000,0,,否,,1.53,1.32,1.45,,38.587,1.1521,-4.7572
72900U,德微國票5C售04,2026-07-22,0.98,-0.07,-6.67,5000000,0,紅縮,否,,0.96,0.73,0.73,,86.7188,25.0426,-0.8772
72901U,德微國票5C售05,2026-07-22,1.09,-0.04,-3.54,1000000,0,紅增,否,,1.06,0.87,0.89,,54.386,21.3389,5.7772
72902U,擎亞國票5B售03,2026-07-22,0.51,-0.05,-8.93,161000000,0,紅縮,是,,0.59,0.51,0.57,,39.6226,1.1952,-12.7889
72903U,群聯凱基5B售08,2026-07-22,1.3,-0.15,-10.34,14000000,0,紅縮,否,,1.42,1.32,1.24,,16.3934,12.1495,5.8572
72904U,欣銓台新5B售05,2026-07-22,1.62,-0.19,-10.5,47000000,0,,否,,1.75,1.63,1.71,,15.5673,2.832,-5.9324
72905U,臺慶科台新5B售05,2026-07-22,1.55,-0.2,-11.43,8000000,0,紅縮,否,,1.62,1.38,1.13,,41.7832,37.2024,13.3668
72906U,博智群益5B售04,2026-07-22,3.04,-0.36,-10.59,5000000,0,,否,,2.81,2.7,,,8.4811,-1.9935,
72907U,群聯富邦61售05,2026-07-22,0.82,-0.02,-2.38,24000000,0,紅縮,否,,0.84,0.8,0.78,,10.2094,6.0766,1.0329
72908U,威剛群益65售01,2026-07-22,2.45,-0.09,-3.54,2000000,0,,是,,2.38,2.4,2.46,,-1.8137,-1.0292,-0.8671
72909U,威剛凱基65售01,2026-07-22,0.82,-0.07,-7.87,7000000,0,,否,,0.82,0.82,,,1.7284,-2.0384,
72911U,威剛元大5B售16,2026-07-22,1.14,-0.06,-5.0,70000000,0,,否,,1.19,1.18,,,2.7586,,
72912U,良維群益61售02,2026-07-22,1.75,-0.31,-15.05,10000000,0,,否,,1.94,1.7,1.52,,33.1044,17.0345,21.2182
72916U,中美晶凱基5B售06,2026-07-22,0.65,-0.11,-14.47,784000000,0,綠縮,否,,0.67,0.79,1.04,,-25.6637,-27.3733,-17.0391
72917U,威剛凱基5B售09,2026-07-22,1.09,-0.1,-8.4,155000000,0,紅縮,是,,1.15,1.11,1.1,,8.4906,1.9373,-0.6318
729186,華星光統一61購01,2026-07-22,2.38,0.28,13.33,81000000,0,綠轉紅,是,,2.16,2.21,2.44,,-4.2591,-1.4298,-9.5591
729187,華星光統一61購02,2026-07-22,1.23,0.12,10.81,46000000,0,綠縮,是,,1.27,1.48,1.89,,-25.1773,-18.4675,-20.5592
72918U,威剛永豐61售03,2026-07-22,0.87,-0.09,-9.38,1000000,0,,否,,0.97,,,,,,
72919U,順達台新5C售01,2026-07-22,0.98,-0.16,-14.04,80000000,0,,否,,1.05,1.02,1.05,,7.9918,-0.9756,
72921U,富喬台新5C售03,2026-07-22,1.53,-0.02,-1.29,165000000,0,,是,,1.5,1.36,1.27,,21.5909,16.2692,
72922U,威剛凱基5C售05,2026-07-22,0.69,-0.18,-20.69,20000000,0,,否,,0.79,,,,,,
72923U,宜鼎台新5C售05,2026-07-22,3.36,-0.34,-9.19,18000000,0,,否,,3.57,3.27,2.95,,20.2694,10.5815,
72924U,台半群益5C售03,2026-07-22,1.03,-0.12,-10.43,157000000,0,,否,,1.07,0.97,,,23.2184,,
72925U,台半凱基5C售03,2026-07-22,0.95,-0.07,-6.86,10000000,0,,否,,0.95,0.8,,,49.0625,14.5115,
72927U,聖暉*台新5C售05,2026-07-22,1.59,-0.17,-9.66,250000000,0,,是,,1.78,1.62,,,20.9524,,
72928U,富喬凱基5C售04,2026-07-22,1.14,-0.16,-12.31,19000000,0,,否,,1.16,,,,,,
72932U,威剛國泰61售02,2026-07-22,2.01,-0.09,-4.29,118000000,0,,否,,2.07,,,,,,
72934U,精材群益66售01,2026-07-22,1.32,-0.18,-12.0,81000000,0,,是,,1.5,1.69,,,-20.4883,,
72935U,世界台新5C售02,2026-07-22,2.46,-0.4,-13.99,60000000,0,,是,,2.48,2.29,,,18.8697,,
72936U,宜鼎凱基5C售10,2026-07-22,2.23,-0.13,-5.51,90000000,0,,否,,2.31,2.17,,,14.2292,,
72937U,元太國票62售01,2026-07-22,1.32,-0.23,-14.84,7000000,0,,否,,,,,,,,
72938U,世界國票62售01,2026-07-22,1.27,-0.17,-11.81,5000000,0,,否,,1.32,,,,,,
72939U,威剛國票62售01,2026-07-22,1.22,-0.09,-6.87,3000000,0,,否,,,,,,,,
72940U,臺慶科國票62售01,2026-07-22,1.51,-0.09,-5.62,13000000,0,,,,,,,,,,
72941U,雙鴻永豐61售04,2026-07-22,1.38,0.01,0.73,107000000,0,,否,,1.43,,,,,,
72942U,家登群益61售03,2026-07-22,1.3,-0.08,-5.8,1279000000,0,,是,,1.39,1.35,,,5.6317,,
72943U,頎邦國票61售01,2026-07-22,1.44,-0.2,-12.2,21000000,0,,否,,1.54,,,,,,
72944U,中光電台新61售03,2026-07-22,1.66,0.15,9.93,220000000,0,,是,,1.6,,,,,,
72945U,頎邦台新61售03,2026-07-22,2.01,-0.31,-13.36,192000000,0,,否,,2.19,,,,,,
72946U,世界群益61售03,2026-07-22,1.41,-0.36,-20.34,50000000,0,,,,,,,,,,
72948U,精材群益63售02,2026-07-22,1.54,-0.21,-12.0,3000000,0,,否,,1.87,,,,,,
72949U,威剛元大61售06,2026-07-22,2.22,-0.09,-3.9,40000000,0,,是,,2.23,,,,,,
72950U,精材凱基63售02,2026-07-22,1.43,-0.23,-13.86,2000000,0,,,,,,,,,,
72951U,中光電台新61售05,2026-07-22,2.01,0.17,9.24,2000000,0,,否,,1.94,,,,,,
72952U,精材國票61售05,2026-07-22,1.27,-0.27,-17.53,170000000,0,,是,,,,,,,,
729536,聖暉*統一58購01,2026-07-22,3.0,0.32,11.94,9000000,0,,否,,3.0,2.98,,,1.4218,,
72953U,精材國票65售02,2026-07-22,1.44,-0.16,-10.0,70000000,0,,,,,,,,,,
72954U,群聯中信61售02,2026-07-22,1.23,-0.09,-6.82,81000000,0,,是,,,,,,,,
72955U,宜鼎國票61售03,2026-07-22,1.57,-0.11,-6.55,1000000,0,,否,,,,,,,,
72962U,宜鼎群益67售01,2026-07-22,1.31,-0.07,-5.07,10000000,0,,,,,,,,,,
72963U,中美晶國票61售06,2026-07-22,1.51,-0.21,-12.21,77000000,0,,,,,,,,,,
72965U,青雲國票61售03,2026-07-22,2.07,-0.07,-3.27,15000000,0,,,,,,,,,,
729714,騰雲統一58購01,2026-07-22,0.15,0.0,0.0,50000000,0,,否,,0.22,0.18,0.2,,62.6866,1.1494,
729973,新漢統一58購01,2026-07-22,0.08,0.07,700.0,1000000,0,,否,,0.09,0.11,0.11,,-30.7692,-12.0,
730135,安勤統一58購01,2026-07-22,0.45,0.16,55.17,59000000,0,,是,,0.33,0.34,,,-6.7416,-0.2899,
730238,群聯統一58購01,2026-07-22,8.1,1.1,15.71,5000000,0,,否,,7.95,9.54,,,-28.5072,-9.2769,
730493,昇達科統一5C購01,2026-07-22,5.4,0.3,5.88,2000000,0,,否,,5.03,5.25,,,-8.0804,,
730635,鈦昇統一58購01,2026-07-22,1.14,0.12,11.76,170000000,0,綠縮,是,,1.24,1.34,1.49,,-13.9082,-10.6809,-6.8352
730636,萬潤統一58購02,2026-07-22,2.35,0.32,15.76,3000000,0,,否,,2.29,2.44,,,-11.8553,,
731495,英濟統一5B購01,2026-07-22,0.27,-0.01,-3.57,23000000,0,綠增,否,,0.32,0.36,0.35,,-22.1675,-9.2965,0.9986
731584,群聯統一5B購01,2026-07-22,6.3,0.6,10.53,2000000,0,綠縮,否,,5.67,6.2,6.32,,-15.625,-5.564,-4.6055
731730,順達統一59購03,2026-07-22,1.28,0.31,31.96,5000000,0,,否,,1.4,1.58,,,-19.9772,-9.9372,
732049,系統電統一59購01,2026-07-22,0.14,0.01,7.69,55000000,0,,是,,0.31,0.51,,,-56.0907,,
732269,M31統一63購01,2026-07-22,0.21,0.0,0.0,20000000,0,,否,,0.21,0.25,,,-27.2109,-25.5132,
732271,千附統一59購01,2026-07-22,0.84,-0.01,-1.18,1000000,0,,否,,0.89,0.61,0.43,,163.6905,111.4187,
732272,千附統一5B購01,2026-07-22,0.52,-0.04,-7.14,4000000,0,,否,,0.56,0.41,0.32,,104.4118,71.7842,
732653,光焱統一5A購01,2026-07-22,1.17,-0.01,-0.85,1000000,0,,否,,1.24,1.37,,,-17.6,,
733133,振曜群益59購01,2026-07-22,0.08,0.0,0.0,1000000,0,紅轉綠,否,,0.11,0.13,0.12,,-28.3784,2.4194,-12.9151
733460,先進光統一5B購01,2026-07-22,0.94,0.02,2.17,82000000,0,綠縮,否,,0.88,0.88,1.04,,0.0,-9.7636,-4.0478
733461,先進光統一65購01,2026-07-22,0.41,0.04,10.81,309000000,0,綠縮,否,,0.42,0.49,0.62,,-26.2411,-21.3483,-9.3431
733471,營邦統一5B購01,2026-07-22,1.38,0.28,25.45,8000000,0,,否,,1.13,1.3,1.33,,-23.0559,-4.9817,-14.7304
733653,創惟統一5B購01,2026-07-22,0.01,0.0,0.0,20000000,0,,否,,0.01,,,,,,
733695,高端統一5B購01,2026-07-22,0.43,0.0,0.0,7000000,0,綠增,否,,0.44,0.46,0.48,,-9.0909,-3.9501,-5.0
733696,高端統一65購01,2026-07-22,0.55,0.02,3.77,91000000,0,綠縮,否,,0.54,0.55,0.55,,-0.7299,-0.5464,-1.5233
733701,創惟統一58購01,2026-07-22,0.04,0.03,300.0,1000000,0,紅增,否,,0.02,0.02,0.02,,-10.0,-24.0,-39.7436
733800,華星光統一5B購03,2026-07-22,1.64,0.3,22.39,4000000,0,,否,,2.29,,,,,,
733958,新應材統一5C購01,2026-07-22,0.38,0.01,2.7,15000000,0,綠縮,否,,0.37,0.46,0.56,,-31.8681,-21.2693,-18.3554
733983,富喬統一5C購01,2026-07-22,1.73,0.05,2.98,20000000,0,,是,,1.88,2.35,,,-33.7571,,
734209,華星光統一66購01,2026-07-22,1.77,0.07,4.12,40000000,0,綠增,否,,2.06,2.3,2.61,,-18.8041,-11.4571,-8.1352
734287,鈦昇統一59購01,2026-07-22,3.05,0.21,7.39,14000000,0,綠縮,否,,3.16,3.43,3.57,,-14.3089,-3.899,-4.1655
734785,萬潤統一5C購01,2026-07-22,2.66,0.04,1.53,10000000,0,,否,,2.69,2.71,3.04,,-1.0294,-12.7941,
734873,前鼎統一5C購01,2026-07-22,1.15,0.06,5.5,20000000,0,,否,,1.99,2.38,,,-28.1996,-21.6875,
734994,新應材統一62購01,2026-07-22,0.48,0.16,50.0,1000000,0,綠縮,否,,0.46,0.51,0.55,,-17.5,-8.0935,-3.8698
735028,新應材元富63購01,2026-07-22,1.15,0.0,0.0,58000000,0,,否,,1.25,,,,,,
735029,新應材元富64購01,2026-07-22,2.7,-0.03,-1.1,8000000,0,,否,,2.75,,,,,,
735122,新應材凱基57購01,2026-07-22,0.13,0.03,30.0,282000000,0,,否,,0.31,0.64,,,-67.2917,-42.0382,
735271,波若威統一62購01,2026-07-22,5.6,0.7,14.29,22000000,0,,是,,5.36,5.88,6.5,,-16.4119,-10.9834,-12.0839
735304,華景電統一5A購01,2026-07-22,0.7,0.16,29.63,20000000,0,,是,,0.87,1.1,1.19,,-35.0299,-15.5556,
735512,華星光統一61購03,2026-07-22,1.58,0.28,21.54,8000000,0,,否,,1.51,1.83,2.24,,-29.4501,-21.9616,-20.5987
735647,久禾光統一61購01,2026-07-22,0.15,0.01,7.14,2000000,0,綠縮,否,,0.14,0.16,0.19,,-20.0,-16.9231,-8.6747
735659,彩富統一61購01,2026-07-22,0.3,0.0,0.0,10000000,0,,否,,0.46,0.63,,,-42.3559,-20.681,
735660,彩富統一63購01,2026-07-22,0.28,-0.01,-3.45,101000000,0,,否,,0.34,0.66,,,-64.6694,-34.6307,
735665,意德士統一61購01,2026-07-22,0.67,0.03,4.69,30000000,0,,是,,0.65,0.81,,,-32.5052,,
735849,均華統一63購01,2026-07-22,0.62,0.07,12.73,14000000,0,,否,,0.6,,,,,,
736081,均華統一63購02,2026-07-22,0.52,0.06,13.04,30000000,0,,否,,0.57,0.76,,,-40.6709,,
736154,立碁統一61購01,2026-07-22,0.42,0.07,20.0,342000000,0,,否,,0.38,0.44,0.56,,-25.8824,-20.8556,
736156,均華統一5C購02,2026-07-22,0.52,0.08,18.18,200000000,0,,是,,0.47,,,,,,
736160,金居統一62購01,2026-07-22,9.35,0.85,10.0,24000000,0,綠縮,是,,9.39,10.32,12.07,,-16.4591,-17.1486,-8.5449
736249,家登統一61購01,2026-07-22,0.71,0.15,26.79,3000000,0,,否,,0.61,0.69,0.72,,-20.7792,-4.0334,
736349,安國統一63購01,2026-07-22,0.6,-0.05,-7.69,96000000,0,綠縮,否,,0.58,0.62,0.77,,-12.3123,-24.608,-2.8499
736350,安國統一65購01,2026-07-22,0.26,-0.06,-18.75,9000000,0,綠縮,否,,0.26,0.29,0.37,,-14.2857,-30.5825,-3.9744
736354,安國統一67購03,2026-07-22,0.27,0.01,3.85,132000000,0,綠縮,否,,0.25,0.28,0.35,,-21.0191,-25.266,-4.607
736427,M31統一61購03,2026-07-22,0.16,0.05,45.45,40000000,0,綠轉紅,是,,0.13,0.16,0.2,,-27.957,-23.0769,-12.0087
736431,宏捷科統一61購01,2026-07-22,0.66,0.07,11.86,155000000,0,,是,,0.77,1.01,,,-38.2022,,
736436,晶呈統一59購01,2026-07-22,2.21,-0.06,-2.64,8000000,0,綠縮,否,,2.31,2.86,3.33,,-32.1387,-18.7429,-13.0429
736474,中美晶統一5A購01,2026-07-22,1.58,0.13,8.97,8000000,0,紅縮,否,,1.71,1.43,1.1,,46.988,45.0961,35.0888
736478,新盛力統一67購01,2026-07-22,2.7,0.1,3.85,10000000,0,綠縮,是,,2.58,3.14,3.36,,-30.566,-13.2966,-7.1034
736479,漢磊統一61購01,2026-07-22,1.04,0.0,0.0,36000000,0,綠縮,否,,1.15,1.38,1.59,,-29.1718,-17.0468,-5.6397
736480,廣運統一61購01,2026-07-22,0.18,0.02,12.5,20000000,0,,否,,0.19,0.22,,,-22.9508,-12.9032,
736735,力旺統一57購01,2026-07-22,0.28,0.13,86.67,127000000,0,,是,,0.48,,,,,,
736736,力旺統一61購01,2026-07-22,0.84,0.23,37.7,4000000,0,,否,,0.64,0.79,1.02,,-31.1966,-25.5419,
736737,千附精統一57購01,2026-07-22,1.91,0.1,5.52,12000000,0,綠增,否,,2.26,2.23,2.03,,3.3821,5.4502,4.5068
736934,金居統一5B購01,2026-07-22,6.5,0.4,6.56,40000000,0,綠縮,否,,6.42,7.68,9.43,,-28.1879,-19.833,-9.4575
736938,晶呈統一5B購01,2026-07-22,3.22,0.3,10.27,15000000,0,,否,,3.93,4.43,,,-20.3163,-24.8474,
737106,IET群益58購01,2026-07-22,6.25,0.75,13.64,9000000,0,,,,,,,,,,
737159,茂綸統一58購01,2026-07-22,0.29,0.06,26.09,15000000,0,,否,,0.37,0.48,0.64,,-37.5839,-29.3431,
737164,精材統一58購02,2026-07-22,3.96,0.68,20.73,12000000,0,,否,,3.2,2.59,1.84,,61.8807,62.6884,34.8129
737165,環球晶統一58購01,2026-07-22,8.0,0.9,12.68,3000000,0,,是,,8.08,6.87,,,42.8571,39.3669,
737197,智通*國票59購01,2026-07-22,4.49,-0.3,-6.26,1000000,0,紅縮,否,,4.71,4.26,3.46,,23.5973,25.5595,20.4419
737198,智通*國票5B購01,2026-07-22,3.85,-0.14,-3.51,16000000,0,紅縮,否,,3.96,3.71,3.15,,14.4425,19.3185,13.9367
737321,立碁統一5C購01,2026-07-22,0.25,0.06,31.58,20000000,0,,否,,0.28,,,,,,
737322,合晶統一58購01,2026-07-22,21.5,0.9,4.37,5000000,0,,否,,25.96,22.09,,,42.4808,44.6627,
737328,美琪瑪統一58購02,2026-07-22,0.05,0.01,25.0,11000000,0,綠縮,否,,0.1,0.19,0.3,,-64.3357,-38.0192,-18.2306
737675,建榮國票58購01,2026-07-22,0.6,0.1,20.0,45000000,0,,是,,1.65,2.51,,,-50.9792,,
737795,鈦昇國票58購01,2026-07-22,11.2,0.4,3.7,1000000,0,,否,,12.5,12.96,,,-6.8554,,
737927,中光電統一58購01,2026-07-22,0.01,0.0,0.0,130000000,0,,是,,0.04,0.07,0.05,,-58.0,12.6984,17.7215
737930,晶呈統一5C購01,2026-07-22,1.69,0.31,22.46,1000000,0,,否,,1.64,2.17,2.57,,-38.9591,-19.6289,-18.1037
738080,精測第一58購01,2026-07-22,80.0,2.0,2.56,12000000,0,,,,,,,,,,
738137,亞信統一5B購01,2026-07-22,0.32,0.01,3.23,758000000,0,,是,,0.3,0.32,0.36,,-14.3678,-11.7486,-11.0
738139,信紘科統一58購01,2026-07-22,0.06,0.01,20.0,59000000,0,,是,,0.09,0.16,0.21,,-62.1849,-28.3843,
738140,美琪瑪統一64購01,2026-07-22,0.32,0.02,6.67,131000000,0,綠縮,否,,0.32,0.42,0.51,,-39.3939,-21.9153,-10.5031
738141,順達統一57購03,2026-07-22,0.13,-0.02,-13.33,576000000,0,,是,,0.58,,,,,,
738143,順達統一58購02,2026-07-22,0.05,0.01,25.0,10000000,0,綠增,否,,0.09,0.12,0.16,,-45.0,-11.4286,-14.8936
738144,順達統一5B購02,2026-07-22,0.22,0.03,15.79,3000000,0,,否,,0.3,0.33,0.36,,-18.9189,-2.8986,
738145,順達統一5C購02,2026-07-22,0.53,0.12,29.27,49000000,0,,是,,0.67,0.71,0.75,,-9.6774,-5.6,
738152,精測統一5B購01,2026-07-22,2.34,0.27,13.04,20000000,0,,否,,,,,,,,
738154,廣明統一64購01,2026-07-22,0.18,0.06,50.0,1000000,0,,否,,0.16,,,,,,
738183,凡甲統一5C購01,2026-07-22,0.86,-0.01,-1.15,18000000,0,,,,,,,,,,
738184,世禾統一5B購01,2026-07-22,0.27,-0.03,-10.0,10000000,0,,否,,0.33,0.34,0.39,,-8.427,-2.849,
738185,昇達科統一58購01,2026-07-22,6.0,0.8,15.38,1000000,0,,,,,,,,,,
738188,美琪瑪統一58購03,2026-07-22,0.04,0.01,33.33,10000000,0,綠縮,否,,0.05,0.14,0.22,,-79.646,-41.1255,-20.7339
738281,M31統一5B購01,2026-07-22,0.19,0.01,5.56,1000000,0,,否,,0.2,0.26,0.31,,-37.7358,-22.9851,-24.0349
738282,M31統一5C購01,2026-07-22,0.15,0.03,25.0,1000000,0,,否,,0.18,0.22,,,-31.2977,-35.3801,
738288,新應材統一64購01,2026-07-22,0.37,0.02,5.71,2000000,0,綠增,否,,0.4,0.44,0.47,,-16.318,-11.1336,-9.381
738291,環球晶統一64購01,2026-07-22,4.9,-0.1,-2.0,3000000,0,,否,,5.31,4.72,3.9,,28.5714,23.2054,18.6606
738557,譜瑞元大59購01,2026-07-22,0.05,-0.05,-50.0,5000000,0,,否,,0.14,0.25,,,-61.7486,,
738588,譜瑞元大59購02,2026-07-22,0.1,0.04,66.67,3000000,0,,否,,0.15,0.45,0.58,,-80.5851,-34.9275,-40.9485
738674,旺矽國票58購01,2026-07-22,33.0,2.1,6.8,1000000,0,,,,,,,,,,
738720,群聯凱基59購01,2026-07-22,37.0,2.5,7.25,20000000,0,,是,,,,,,,,
738726,宏捷科國票5B購01,2026-07-22,0.47,0.09,23.68,17000000,0,綠縮,否,,0.44,0.63,1.02,,-46.5686,-35.2637,-21.0567
738736,M31統一5C購02,2026-07-22,0.15,0.0,0.0,10000000,0,,否,,0.18,0.22,0.29,,-31.0606,-14.5594,
738737,M31統一62購04,2026-07-22,0.18,0.02,12.5,210000000,0,,否,,0.19,0.26,,,-42.8571,,
738742,安勤統一59購01,2026-07-22,0.54,-0.04,-6.9,1383000000,0,紅增,是,,0.49,0.49,0.48,,2.4896,0.8264,5.7714
738749,前鼎統一59購02,2026-07-22,1.22,0.18,17.31,10000000,0,,是,,3.17,,,,,,
738751,茂訊統一59購02,2026-07-22,0.49,0.06,13.95,30000000,0,綠縮,否,,0.49,0.55,0.51,,-19.802,12.115,-3.6827
738753,神準統一59購01,2026-07-22,0.02,0.01,100.0,10000000,0,綠縮,否,,0.02,0.03,0.04,,-38.8889,-21.6216,-32.2581
738758,萬泰科統一5C購01,2026-07-22,0.7,0.08,12.9,21000000,0,,否,,0.73,0.9,,,-31.4019,,
738759,群翊統一59購01,2026-07-22,0.37,0.02,5.71,47000000,0,,否,,0.4,0.48,,,-29.682,-24.0945,
738765,緯軟統一59購01,2026-07-22,0.2,0.02,11.11,7000000,0,綠縮,否,,0.22,0.23,0.29,,-8.2645,-13.7546,-11.994
738931,M31統一5C購03,2026-07-22,0.19,0.01,5.56,60000000,0,,否,,0.22,0.27,,,-29.5597,-27.9255,
738940,旺矽統一65購01,2026-07-22,3.98,0.03,0.76,10000000,0,,否,,4.49,4.5,,,-0.3991,,
738947,精測統一65購01,2026-07-22,1.21,0.07,6.14,68000000,0,,是,,1.3,1.48,,,-21.351,-14.4425,
739057,智通*元大59購01,2026-07-22,0.11,-0.01,-8.33,21000000,0,紅縮,否,,0.13,0.12,0.11,,25.0,6.3636,12.6984
739372,力旺統一5C購01,2026-07-22,0.47,0.14,42.42,41000000,0,綠縮,否,,0.39,0.49,0.64,,-32.8767,-27.8107,-17.2036
739376,均豪統一5B購01,2026-07-22,0.25,0.11,78.57,1000000,0,,,,,,,,,,
739382,威剛統一5C購02,2026-07-22,3.13,0.3,10.6,1000000,0,,否,,3.45,,,,,,
739383,威剛統一64購01,2026-07-22,2.85,0.23,8.78,39000000,0,,是,,3.03,3.12,3.23,,-5.6005,-5.4479,
739385,萬泰科統一64購01,2026-07-22,1.03,0.07,7.29,50000000,0,,否,,0.99,1.17,1.23,,-27.2459,-11.7381,
739387,精材統一5C購01,2026-07-22,2.73,0.41,17.67,28000000,0,紅增,是,,2.36,2.11,1.69,,26.2032,26.4952,26.7643
739425,泰茂國票5A購01,2026-07-22,0.04,0.0,0.0,1000000,0,綠縮,否,,0.04,0.04,0.09,,5.2632,-9.3023,-44.8598
739442,中美晶統一5C購01,2026-07-22,1.0,0.12,13.64,3000000,0,紅縮,否,,1.15,0.98,0.81,,41.769,38.5915,22.5587
739445,合晶統一59購03,2026-07-22,10.6,1.4,15.22,10000000,0,,否,,9.8,,,,,,
739446,宜鼎統一5C購03,2026-07-22,3.62,0.3,9.04,28000000,0,,是,,3.77,4.37,,,-23.9209,-18.4722,
739447,朋程統一5C購02,2026-07-22,0.29,0.03,11.54,15000000,0,綠增,否,,0.44,0.52,0.52,,-27.0627,-15.4839,-6.2612
739452,茂達統一59購01,2026-07-22,0.73,0.24,48.98,672000000,0,綠縮,是,,0.54,0.88,0.99,,-55.7566,-26.7947,-2.7573
739455,鈊象統一59購03,2026-07-22,0.07,0.01,16.67,20000000,0,,否,,0.11,0.14,,,-36.0465,,
739458,環球晶統一59購01,2026-07-22,7.4,0.7,10.45,2000000,0,紅縮,否,,7.95,7.19,5.48,,23.5239,27.5129,21.2017
739460,環球晶統一64購02,2026-07-22,3.6,0.31,9.42,4000000,0,紅縮,否,,3.55,3.53,2.95,,1.6009,22.9,19.3614
739549,聯合國票5A購01,2026-07-22,0.03,0.01,50.0,100000000,0,,是,,0.04,,,,,,
739639,大宇資統一5C購01,2026-07-22,0.16,0.01,6.67,2000000,0,,否,,0.17,0.2,0.22,,-22.5225,-16.5254,
739644,合晶統一5C購02,2026-07-22,4.87,-0.58,-10.64,2000000,0,紅縮,否,,5.81,5.52,4.51,,11.0814,19.0774,26.5778
739646,昇佳電統一5C購01,2026-07-22,0.22,-0.07,-24.14,30000000,0,,否,,0.3,,,,,,
739647,昇佳電統一5C購02,2026-07-22,0.22,-0.06,-21.43,11000000,0,,是,,0.25,0.28,0.24,,-16.6667,7.0039,
739709,環球晶富邦59購01,2026-07-22,8.85,0.35,4.12,1000000,0,紅縮,否,,10.43,9.6,7.42,,18.9282,41.8649,30.9721
739716,台半元富59購02,2026-07-22,2.75,0.5,22.22,1000000,0,,否,,8.86,6.44,,,120.7275,28.2016,
739751,環球晶凱基59購02,2026-07-22,10.0,0.45,4.71,1000000,0,,否,,10.25,8.59,,,47.6945,,
739858,昇達科元大59購01,2026-07-22,5.5,0.63,12.94,5000000,0,,否,,5.62,7.79,,,-43.5944,,
7402,邑錡,2026-07-22,115.0,-5.5,-4.56,1771130000,0,綠增,否,是,120.3,126.9,119.45,109.53,-9.8876,-1.0526,6.4756
7547,碩網,2026-07-22,53.5,0.2,0.38,4392000,0,綠縮,否,否,53.7,55.35,56.64,64.0,-5.7895,-3.0648,-2.3955
7556,意德士,2026-07-22,225.0,2.5,1.12,33622000,0,綠縮,否,否,222.4,246.0,263.48,275.48,-17.5074,-10.4641,-4.7795
7584,樂意,2026-07-22,26.15,-1.35,-4.91,2110000,0,綠增,否,否,27.2,28.44,28.44,29.11,-8.3249,-4.9156,1.7258
7642,昶瑞機電,2026-07-22,80.2,-1.1,-1.35,63251000,0,紅縮,否,是,81.72,79.56,75.37,71.63,5.5814,6.2074,2.614
7703,銳澤,2026-07-22,189.5,4.5,2.43,33880000,0,綠縮,否,否,188.5,192.35,198.25,206.26,-3.9246,-2.9271,-1.1222
7704,明遠精密,2026-07-22,54.0,0.0,0.0,13401000,0,綠縮,否,否,53.96,57.09,59.49,61.65,-10.3952,-7.1858,-2.643
7708,全家餐飲,2026-07-22,94.6,0.0,0.0,19626000,0,綠縮,是,是,94.18,94.09,93.92,92.75,0.1915,0.1064,0.2401
7709,榮田,2026-07-22,79.4,7.2,9.97,70899000,0,綠縮,否,否,71.18,74.36,84.7,89.22,-8.2022,-9.0286,-11.452
7712,博盛半導體,2026-07-22,146.5,6.5,4.64,365447000,0,綠縮,否,否,147.0,168.25,179.97,155.33,-22.4274,-13.0491,0.3905
7713,威力德生醫,2026-07-22,70.7,0.0,0.0,13000000,0,綠縮,否,是,70.66,70.65,70.85,69.28,0.0283,-0.0707,-0.0282
7714,創泓科技,2026-07-22,184.0,-17.0,-8.46,817039000,0,紅縮,否,是,191.4,178.25,156.95,137.92,15.9297,16.086,10.7817
7715,裕山,2026-07-22,33.5,-0.3,-0.89,83412000,0,綠增,否,是,34.4,34.34,34.33,30.42,0.3501,-1.2083,4.5458
7717,萊德光電-KY,2026-07-22,428.5,0.0,0.0,208824000,0,紅縮,否,否,452.4,449.7,463.23,612.16,1.2081,2.3791,-7.5168
7718,友鋮,2026-07-22,47.15,0.25,0.53,21019000,0,紅增,否,否,47.24,46.96,47.09,48.0,1.1997,-0.0106,-0.3808
7723,築間,2026-07-22,20.6,0.05,0.24,59155000,0,綠縮,否,否,20.63,21.57,22.32,25.31,-8.3925,-4.4085,-2.5322
7728,光焱科技,2026-07-22,636.0,2.0,0.32,23666000,0,綠縮,否,否,643.0,648.4,665.65,715.68,-1.6519,-1.1284,-2.8248
7734,印能科技,2026-07-22,3130.0,15.0,0.48,447570000,0,紅增,否,否,2995.0,2910.0,3067.25,3304.25,6.0177,-1.2555,-0.5189
7738,東聯互動,2026-07-22,169.0,0.5,0.3,10205000,0,綠轉紅,否,否,167.5,169.0,168.72,172.18,-1.7595,0.267,-0.3249
7743,金利食安,2026-07-22,21.0,0.4,1.94,18000000,0,紅增,是,是,20.68,20.53,20.13,19.83,1.472,1.684,2.3253
7744,崴寶,2026-07-22,427.5,-5.0,-1.16,37685000,0,綠增,否,否,433.1,447.65,452.9,495.83,-6.296,-1.518,-3.0037
7747,昕奇雲端,2026-07-22,114.5,0.0,0.0,1114000,0,綠縮,否,否,114.1,120.45,124.12,127.7,-10.0158,-5.7512,-2.6852
7751,竑騰,2026-07-22,1260.0,80.0,6.78,297556000,0,綠縮,否,否,1176.0,1260.0,1338.75,1699.0,-12.5,-7.5569,-3.8772
7753,星亞,2026-07-22,40.25,0.3,0.75,21013000,0,綠縮,否,否,40.3,41.55,41.99,42.45,-5.8631,-2.2695,-0.9903
7757,金色三麥,2026-07-22,91.0,0.2,0.22,9113000,0,綠縮,否,否,91.62,92.64,94.94,102.05,-2.1781,-1.8332,-2.7354
7767,仁大資訊,2026-07-22,45.75,-0.95,-2.03,84166000,0,紅縮,否,是,45.85,43.44,42.46,43.29,11.7475,6.8241,2.1718
7770,君曜,2026-07-22,40.45,-0.1,-0.25,14010000,0,綠增,否,否,41.01,42.0,42.06,44.48,-4.5835,-0.768,-0.6554
7772,耀穎,2026-07-22,99.0,3.0,3.12,78409000,0,綠縮,否,否,99.42,111.01,123.03,165.59,-18.907,-11.5458,-8.6806
7777,能率亞洲,2026-07-22,41.0,1.5,3.8,3450116000,0,綠縮,否,是,40.04,40.29,41.19,35.79,-1.209,-1.6119,0.6722
7782,光速火箭,2026-07-22,26.4,0.05,0.19,6001000,0,綠縮,否,否,26.09,26.39,26.54,26.91,-2.2846,-2.0048,0.8073
7792,安葆,2026-07-22,212.0,-0.5,-0.24,102709000,0,綠縮,否,否,214.6,227.95,244.9,284.57,-11.0651,-7.9548,-4.5317
7794,宏碁智新,2026-07-22,29.65,-0.1,-0.34,12600000,0,紅增,否,否,29.6,29.84,30.26,31.82,-1.563,-0.8145,-2.1743
7805,威聯通,2026-07-22,624.0,3.0,0.48,8286000,0,綠縮,否,否,614.6,629.1,650.05,702.7,-4.5059,-3.5271,-3.3814
7810,捷創科技,2026-07-22,200.5,4.0,2.04,45707000,0,紅增,否,否,197.6,200.45,201.7,218.34,-2.8037,-0.939,-0.8114
7811,民盛,2026-07-22,72.2,1.1,1.55,10010000,0,綠縮,否,否,71.52,74.93,76.78,79.87,-8.7056,-4.0343,-2.6748
7814,海昌生技,2026-07-22,33.0,-1.05,-3.08,281433000,0,綠增,否,否,34.47,35.81,36.85,39.71,-7.239,-3.9684,-1.9553
7819,精誠金融,2026-07-22,36.8,-0.8,-2.13,46705000,0,紅增,否,否,36.87,37.73,39.51,53.46,-4.4819,-3.4046,-5.7659
7820,立盈,2026-07-22,111.5,2.5,2.29,7469000,0,紅增,否,否,111.3,115.75,115.35,133.97,-7.4043,-0.4301,-1.5575
7828,創新服務,2026-07-22,1910.0,40.0,2.14,317685000,0,綠縮,否,是,1904.0,1945.5,2024.25,1600.67,-4.1772,-4.2333,1.3772
7839,達人網,2026-07-22,46.5,1.5,3.33,25375000,0,紅增,否,否,44.16,44.15,45.16,55.75,0.0227,-2.0519,-6.4239
7842,天能綠電,2026-07-22,92.4,0.0,0.0,17696000,0,紅縮,否,否,93.48,95.04,96.64,116.48,-3.2298,-1.4925,-3.0645
8024,佑華,2026-07-22,15.5,-0.95,-5.78,80409000,0,綠增,否,是,16.08,16.04,15.4,13.47,0.5,0.0936,6.7579
8027,鈦昇,2026-07-22,213.0,15.5,7.85,490378000,0,綠縮,否,否,212.8,221.55,226.25,224.28,-7.5988,-1.6208,-2.4995
8032,光菱,2026-07-22,37.45,0.3,0.81,35975000,0,綠縮,否,否,37.19,39.32,42.14,41.94,-10.2774,-7.4497,-3.7189
8034,榮群,2026-07-22,19.9,0.25,1.27,93658000,0,綠縮,否,否,19.64,20.47,21.55,23.33,-7.7934,-5.494,-4.1801
8038,長園科,2026-07-22,36.8,-0.7,-1.87,404408000,0,綠增,否,否,37.55,39.71,39.8,41.5,-10.3176,-2.0474,-2.2173
8040,九暘,2026-07-22,77.2,0.8,1.05,449657000,0,綠縮,否,否,77.6,85.54,95.09,91.19,-16.9876,-13.7615,-4.6812
8042,金山電,2026-07-22,129.5,9.0,7.47,6858004000,0,綠縮,否,否,129.7,150.1,170.05,129.64,-23.9296,-16.4254,-4.1972
8043,蜜望實,2026-07-22,149.0,7.5,5.3,8565024000,0,綠縮,否,是,144.3,160.25,180.62,141.16,-18.1044,-13.1907,-6.4362
8044,網家,2026-07-22,26.5,-0.6,-2.21,270196000,0,綠縮,否,否,26.93,27.07,28.0,26.9,-0.9926,-2.2395,-2.8202
8047,星雲,2026-07-22,43.3,1.3,3.1,6102000,0,綠縮,否,否,42.55,43.34,46.12,49.15,-3.5585,-6.6358,-4.7452
8048,德勝,2026-07-22,57.0,0.4,0.71,281705000,0,綠縮,否,否,57.12,58.93,61.29,62.66,-5.9598,-4.0072,-2.9377
8049,晶采,2026-07-22,26.15,0.0,0.0,114899000,0,綠縮,否,否,26.07,26.36,26.97,26.39,-2.2131,-2.6763,-0.4889
8050,廣積,2026-07-22,61.2,0.7,1.16,4443864000,0,紅增,是,是,59.12,58.82,56.31,52.14,1.0253,6.0202,0.5985
8054,安國,2026-07-22,96.5,1.4,1.47,3114923000,0,綠縮,是,否,93.12,97.11,106.31,105.99,-7.8932,-11.1934,-1.715
8059,凱碩,2026-07-22,15.9,0.05,0.32,104128000,0,紅增,否,否,16.0,16.12,16.45,18.73,-1.5385,-1.2251,-3.2206
8064,東捷,2026-07-22,115.5,3.5,3.12,3458337000,0,綠縮,否,否,116.5,124.2,135.47,126.15,-11.6755,-9.1441,-3.9695
8066,來思達,2026-07-22,15.15,0.1,0.66,30576000,0,紅增,是,否,14.89,14.93,15.08,16.2,-0.5344,-0.9619,-0.8874
8067,志旭,2026-07-22,14.1,0.55,4.06,52899000,0,紅增,是,是,13.54,13.4,13.27,13.19,2.1116,0.4121,1.0857
8068,全達,2026-07-22,19.1,0.15,0.79,277526000,0,紅增,否,否,18.91,18.82,18.89,20.65,1.015,0.5612,-0.0132
8069,元太,2026-07-22,194.5,1.5,0.78,13365010000,0,綠縮,是,是,186.6,193.0,197.6,192.62,-6.4193,-4.9495,-1.1629
8071,能率網通,2026-07-22,24.75,0.45,1.85,1169744000,0,綠縮,否,是,25.22,27.88,28.92,22.45,-17.4198,-9.1413,0.9512
8074,鉅橡,2026-07-22,57.0,-1.1,-1.89,1990587000,0,綠縮,是,否,57.2,60.82,65.99,73.27,-11.2353,-8.1685,-5.1868
8076,伍豐,2026-07-22,24.15,0.6,2.55,948517000,0,綠縮,否,否,23.52,24.6,24.82,24.46,-8.4112,-2.148,-3.3116
8080,泰霖,2026-07-22,28.55,1.5,5.55,29639000,0,綠轉紅,否,是,27.3,27.46,27.71,28.07,-1.1228,-1.2232,-0.7964
8083,瑞穎,2026-07-22,158.0,0.5,0.32,70249000,0,綠縮,否,否,156.3,158.0,164.68,169.84,-2.129,-4.3584,-2.4004
8084,巨虹,2026-07-22,44.5,-0.65,-1.44,273611000,0,綠增,否,否,45.11,46.53,47.62,46.02,-5.9228,-3.7443,-0.9619
8085,福華,2026-07-22,11.3,-0.05,-0.44,227128000,0,綠縮,否,否,11.23,11.58,11.88,12.4,-5.9464,-2.4421,-3.4553
8086,宏捷科,2026-07-22,122.5,3.0,2.51,1816605000,0,綠縮,否,否,121.5,129.15,140.53,149.03,-11.1842,-8.0783,-4.9383
8087,麗升能源,2026-07-22,28.1,0.2,0.72,15009000,0,綠縮,否,否,27.72,29.43,31.18,33.12,-10.9827,-7.6126,-6.1055
8088,品安,2026-07-22,48.65,1.85,3.95,1006850000,0,綠縮,否,否,47.95,52.1,58.08,56.79,-14.7404,-11.7632,-4.9546
8089,康全電訊,2026-07-22,18.9,0.15,0.8,86189000,0,綠縮,否,否,18.79,19.58,19.96,20.5,-7.7565,-2.8047,-2.5754
8091,翔名,2026-07-22,258.5,15.5,6.38,1150241000,0,綠縮,否,是,258.9,269.55,268.62,238.02,-7.6017,-2.0708,1.5212
8092,建暐,2026-07-22,13.8,-0.1,-0.72,36005000,0,紅增,否,否,13.74,13.9,13.93,15.84,-2.276,0.8708,-2.0397
8093,保銳,2026-07-22,20.75,0.75,3.75,17602000,0,紅增,否,是,20.25,20.16,19.79,19.22,0.8466,1.2808,2.1944
8096,擎亞,2026-07-22,140.5,0.5,0.36,772006000,0,綠縮,否,是,136.5,149.8,150.2,122.23,-16.309,-4.3117,1.3495
8097,常珵,2026-07-22,52.5,0.4,0.77,28018000,0,綠縮,否,否,53.08,55.03,57.02,55.7,-6.8445,-4.7429,-2.4382
8099,大世科,2026-07-22,58.2,-0.1,-0.17,63730000,0,綠轉紅,否,否,57.56,58.14,58.48,61.32,-1.9755,-0.4452,-1.3078
8102,傑霖科技,2026-07-22,74.6,0.2,0.27,30335000,0,紅增,否,是,73.98,71.44,70.5,69.77,7.373,3.9884,0.2774
8107,大億金茂,2026-07-22,12.05,0.2,1.69,35431000,0,綠縮,否,否,11.9,12.28,12.26,12.3,-6.0032,-2.3459,-0.6283
8109,博大,2026-07-22,130.5,1.0,0.77,505803000,0,綠增,否,是,131.4,141.55,131.78,123.62,-13.3817,3.133,2.2899
8111,立碁,2026-07-22,51.7,4.7,10.0,1967390000,0,綠轉紅,否,否,48.48,49.48,51.52,61.3,-3.9429,-3.2085,-3.8086
8121,越峰,2026-07-22,34.5,0.2,0.58,1344928000,0,綠縮,否,否,35.65,39.75,44.58,38.37,-18.7001,-13.737,-4.7789
8147,正淩,2026-07-22,131.0,0.5,0.38,325649000,0,綠縮,否,否,132.4,141.45,143.1,158.95,-12.0266,-4.1667,-2.4374
8155,博智,2026-07-22,309.0,9.0,3.0,2012173000,0,綠縮,是,否,306.1,328.2,357.77,386.33,-12.6178,-9.3746,-3.5517
8171,天宇,2026-07-22,20.9,0.15,0.72,147226000,0,紅增,否,否,20.61,20.68,20.91,22.56,-0.6268,-1.0529,-2.6077
8176,智捷,2026-07-22,10.05,0.06,0.6,94017000,0,綠縮,否,否,9.99,10.2,10.19,10.26,-3.9038,-1.4687,-0.4788
8182,加高,2026-07-22,41.0,0.8,1.99,1027570000,0,綠縮,否,否,41.62,46.62,48.72,44.16,-19.3723,-10.0608,-5.5631
8183,精星,2026-07-22,31.25,0.65,2.12,251140000,0,綠縮,否,否,31.06,32.35,32.82,32.9,-7.6694,-4.3607,-0.3869
8227,巨有科技,2026-07-22,154.5,3.5,2.32,379471000,0,綠縮,否,否,152.4,170.15,182.05,188.31,-18.893,-13.1445,-3.6263
8234,新漢,2026-07-22,63.9,2.6,4.24,798758000,0,綠縮,否,否,62.68,66.51,66.8,67.62,-10.89,-4.4808,-0.7429
8240,華宏,2026-07-22,42.7,0.1,0.23,265213000,0,綠縮,否,否,43.53,46.36,50.36,60.0,-11.5244,-8.3515,-5.8733
8255,朋程,2026-07-22,152.0,4.0,2.7,620490000,0,綠縮,否,否,153.6,167.95,177.3,162.52,-15.7433,-7.8969,-2.0171
8272,全景軟體,2026-07-22,66.2,-0.1,-0.15,3312000,0,綠縮,否,否,66.02,66.9,68.19,70.41,-2.5966,-1.7333,-1.7223
8277,商丞,2026-07-22,8.12,-0.04,-0.49,93307000,0,綠縮,否,否,8.17,8.39,9.27,8.43,-4.9767,-8.6094,-5.5839
8279,生展,2026-07-22,88.5,0.0,0.0,4165000,0,紅增,否,否,88.04,88.01,89.96,95.74,0.0682,-0.4186,-2.493
8284,三竹,2026-07-22,62.7,-0.1,-0.16,2300000,0,綠縮,否,否,62.76,62.71,64.16,63.75,0.1596,-2.5788,-0.2875
8289,泰藝,2026-07-22,45.25,0.65,1.46,768485000,0,綠縮,否,否,46.91,53.2,57.58,58.18,-21.1332,-10.8663,-8.9893
8291,尚茂,2026-07-22,39.95,3.6,9.9,31721000,0,紅增,否,否,32.86,32.67,38.24,48.96,1.17,-11.7742,-8.7885
8299,群聯,2026-07-22,1915.0,60.0,3.23,4332586000,0,綠縮,否,否,1879.0,2024.0,2198.75,2262.25,-13.3702,-9.6025,-4.2461
8349,恒耀,2026-07-22,39.7,-0.1,-0.25,36226000,0,紅增,否,否,39.57,39.59,39.97,41.91,-0.0758,-0.0757,-1.4365
8349A,恒耀甲特,2026-07-22,45.05,0.05,0.11,6091000,0,綠縮,否,否,45.09,45.15,46.05,46.85,-0.2434,-1.88,-1.0795
8354,冠好,2026-07-22,15.9,0.05,0.32,52314000,0,綠增,否,否,16.13,16.7,16.52,16.56,-6.5469,-0.5066,-0.557
8358,金居,2026-07-22,412.5,18.0,4.56,13215455000,0,綠縮,是,否,407.8,464.1,538.2,501.12,-21.6372,-15.2329,-7.4303
8383,千附,2026-07-22,83.7,-0.8,-0.95,2548818000,0,紅縮,否,是,85.44,77.14,69.34,63.77,24.1139,17.484,10.4747
8390,金益鼎,2026-07-22,96.2,0.9,0.94,286535000,0,綠縮,否,否,96.08,99.49,104.5,105.9,-6.6278,-4.7487,-4.7665
8401,白紗科,2026-07-22,23.05,0.1,0.44,15242000,0,紅增,否,否,22.91,22.94,22.92,23.42,-0.2612,0.0,0.0436
8403,盛弘,2026-07-22,19.3,0.05,0.26,130115000,0,紅增,否,否,19.29,19.32,19.28,20.09,-0.3616,0.4679,-0.2716
8409,商之器,2026-07-22,18.9,-0.1,-0.53,3000000,0,紅轉綠,否,否,19.0,19.04,19.07,19.37,-0.4193,-0.5484,-0.0786
8410,森田,2026-07-22,32.0,0.3,0.95,4000000,0,綠縮,否,否,31.91,32.3,32.65,34.66,-2.3861,-1.749,-1.5306
8415,大國鋼,2026-07-22,37.4,0.75,2.05,1196832000,0,紅增,否,是,36.52,35.71,35.38,34.91,4.6418,2.3502,0.9055
8416,實威,2026-07-22,169.5,-2.0,-1.17,1199000,0,綠縮,否,否,168.7,169.75,170.72,173.86,-1.2295,-0.2644,-1.8258
8421,旭源,2026-07-22,14.75,-0.9,-5.75,593839000,0,紅縮,否,是,15.34,14.99,14.03,13.64,4.7814,8.5445,4.5836
8423,保綠-KY,2026-07-22,17.8,-0.35,-1.93,10055000,0,紅縮,否,否,17.74,17.74,17.72,17.83,0.0564,0.2544,-0.1127
8424,惠普,2026-07-22,68.9,0.2,0.29,13016000,0,紅增,否,否,68.66,68.78,68.89,71.83,-0.3483,-0.2031,-0.8064
8426,紅木-KY,2026-07-22,20.2,0.0,0.0,33022000,0,紅增,否,否,20.15,20.15,20.24,21.81,0.0,-0.1487,-1.2198
8431,匯鑽科,2026-07-22,49.15,0.35,0.72,340924000,0,綠縮,否,否,47.43,48.83,51.44,56.63,-5.5932,-4.7494,-0.6854
8432,東生華,2026-07-22,50.1,-0.1,-0.2,27024000,0,綠縮,否,否,50.14,50.32,50.59,50.77,-0.7129,-0.9449,-0.9885
8433,弘帆,2026-07-22,54.1,-0.3,-0.55,6200000,0,紅縮,否,是,54.26,53.67,53.21,53.65,2.2231,1.6477,0.4721
8435,鉅邁,2026-07-22,52.7,-0.1,-0.19,11246000,0,紅增,否,否,52.74,52.87,52.95,54.96,-0.4906,0.1515,-1.5798
8436,大江,2026-07-22,114.5,-1.0,-0.87,698373000,0,紅增,否,否,114.9,114.15,115.1,118.41,1.3228,0.0877,-0.968
8437,大地-KY,2026-07-22,10.0,0.1,1.01,17236000,0,紅增,否,否,9.92,9.98,10.07,11.15,-1.1955,-0.6175,-1.4963
8440,綠電,2026-07-22,20.1,0.0,0.0,72341000,0,綠縮,否,否,20.35,20.83,21.26,21.95,-4.5049,-2.4127,-2.4211
8444,綠河-KY,2026-07-22,5.58,-0.07,-1.24,3011000,0,紅縮,否,否,5.59,5.54,5.46,5.81,1.9694,-3.3508,3.6854
8446,華研,2026-07-22,86.7,0.7,0.81,48559000,0,綠縮,否,是,86.22,86.92,87.33,86.22,-1.5978,-0.8894,-0.5637
8450,霹靂,2026-07-22,15.05,-0.05,-0.33,32061000,0,綠縮,否,否,15.05,15.21,15.31,15.86,-2.1456,-0.0329,-1.3215
8455,大拓-KY,2026-07-22,26.3,0.7,2.73,18279000,0,綠縮,否,否,25.3,26.01,27.38,29.85,-5.2789,-3.6673,-4.4915
8472,夠麻吉,2026-07-22,69.0,-1.8,-2.54,19674000,0,綠增,否,否,75.68,78.69,80.92,77.32,-7.3684,-4.0717,-4.004
8477,創業家,2026-07-22,15.7,0.05,0.32,16030000,0,綠縮,否,否,15.53,15.77,16.25,16.2,-2.9981,-2.2319,-2.9416
8489,三貝德,2026-07-22,22.95,0.0,0.0,40302000,0,紅縮,否,否,22.94,22.5,22.24,24.02,3.9891,2.8336,0.4971
8905,裕國,2026-07-22,30.05,-0.95,-3.06,3435000,0,紅縮,否,否,29.93,29.68,29.67,32.91,1.6989,0.542,0.0422
8906,花王,2026-07-22,26.05,0.05,0.19,4008000,0,綠縮,否,否,26.24,27.29,28.38,26.36,-7.41,-5.6689,0.3093
8908,欣雄,2026-07-22,39.2,0.25,0.64,36122000,0,綠縮,否,否,39.06,39.22,40.46,40.46,-0.7874,-2.8851,-1.653
8916,光隆,2026-07-22,42.05,0.05,0.12,135313000,0,綠增,否,否,42.42,43.14,43.38,45.4,-3.3052,-1.0322,-1.4595
8917,欣泰,2026-07-22,52.9,-0.1,-0.19,6017000,0,綠縮,否,是,52.78,52.88,52.81,52.64,-0.3775,-0.4143,0.4469
8921,沈氏,2026-07-22,17.65,0.1,0.57,2000000,0,綠縮,否,否,17.62,17.74,17.88,18.09,-1.3438,-0.7275,-0.9144
8923,時報,2026-07-22,19.7,0.45,2.34,12002000,0,綠縮,是,是,19.25,19.48,19.39,19.56,-2.3834,-0.7387,-0.907
8924,大田,2026-07-22,55.8,-0.5,-0.89,37472000,0,紅縮,否,否,55.98,56.74,56.71,61.43,-2.6435,-1.2187,-0.2112
8927,北基,2026-07-22,19.95,-0.15,-0.75,142171000,0,綠增,否,否,20.26,21.07,20.96,20.69,-7.404,-2.0456,-0.2973
8928,鉅明,2026-07-22,23.0,-0.3,-1.29,65066000,0,紅縮,否,是,23.14,22.98,21.99,21.66,1.3579,4.9304,2.6254
8929,富堡,2026-07-22,13.6,-0.35,-2.51,25862000,0,紅轉綠,否,否,13.94,14.2,13.99,14.41,-3.6628,0.8878,-0.8152
8930,青鋼,2026-07-22,31.35,0.45,1.46,144774000,0,紅縮,否,是,31.44,30.78,29.14,28.99,4.3825,6.875,3.287
8931,大汽電,2026-07-22,41.9,0.55,1.33,54324000,0,綠縮,否,否,41.67,42.35,42.1,42.12,-3.1606,-0.0826,-0.6197
8932,智通*,2026-07-22,118.0,-0.5,-0.42,3523662000,0,紅縮,否,是,119.3,118.05,111.8,102.16,2.1404,5.0267,4.1308
8933,愛地雅,2026-07-22,4.55,-0.14,-2.99,140552000,0,紅縮,否,否,4.51,4.54,4.59,5.07,-1.3555,-0.2415,-0.2499
8935,邦泰,2026-07-22,18.65,-0.6,-3.12,397708000,0,綠增,否,否,19.4,20.94,21.3,20.43,-13.7011,-5.4841,-2.8949
8936,國統,2026-07-22,52.7,0.2,0.38,925015000,0,綠縮,否,否,52.8,54.26,56.69,53.56,-5.2405,-6.5771,-1.52
8937,合騏*,2026-07-22,24.75,-0.05,-0.2,72679000,0,綠縮,否,否,24.95,25.53,27.04,30.04,-4.4061,-4.9348,1.0464
8938,明安,2026-07-22,56.1,-0.1,-0.18,122477000,0,紅增,否,是,55.54,54.94,54.21,55.34,2.2083,1.6278,1.1946
8941,關中,2026-07-22,43.4,0.1,0.23,7007000,0,紅縮,否,否,43.45,43.26,43.19,43.85,0.8823,0.2201,0.1333
8942,森鉅,2026-07-22,38.85,-0.1,-0.26,272252000,0,綠縮,否,否,39.09,39.69,40.58,41.66,-2.9543,-2.7328,-1.0666
9949,琉園,2026-07-22,23.75,-0.05,-0.21,64739000,0,綠增,否,否,24.14,26.17,26.03,25.83,-14.3668,-3.8228,0.2987
9950,萬國通,2026-07-22,10.5,0.1,0.96,18661000,0,綠轉紅,否,否,10.34,10.44,10.5,10.81,-1.8044,-0.5243,-0.9436
9951,皇田,2026-07-22,52.9,0.1,0.19,21882000,0,綠縮,否,否,52.74,53.16,53.29,53.36,-1.5677,-0.6355,-0.1031
9960,邁達康,2026-07-22,33.05,0.35,1.07,27203000,0,綠增,是,是,33.05,33.24,32.92,32.02,-1.1367,-0.1952,0.9506
9962,有益,2026-07-22,9.81,-0.03,-0.3,30254000,0,紅縮,否,是,9.81,9.82,9.77,9.74,-0.2846,0.8624,-0.0716
